COMISIÓN NACIONAL DEL AGUA
COORDINACIÓN GENERAL DEL SERVICIO METEOROLÓGICO NACIONAL
BASE DE DATOS CLIMATOLÓGICA NACIONAL 

REGISTRO DIARIO HISTÓRICO
EMISIÓN   : 11/09/2026 

DATOS DISPONIBLES EN LA BASE DE DATOS A: SEPTEMBER DE 2026; 
CON LA INFORMACIÓN SUMINISTRADA POR LAS UNIDADES ADMINISTRATIVAS 

 ESTACIÓN   : 13156 
 NOMBRE     : TLAXCALILLA 
 ESTADO     : HIDALGO 
 MUNICIPIO  : HUICHAPAN 
 SITUACIÓN  : OPERANDO 
 U. ADMNVA. : DIRECCIÓN LOCAL HIDALGO 
 CVE-OMM    :   
 LATITUD    : 20.37472222 ° 
 LONGITUD   : -99.80888889 ° 
 ALTITUD    : 2194 msnm 




FECHA		PRECIP	EVAP	TMAX	TMIN
		(mm)	(mm)	(°C )	(°C)
1986-02-01	0	2.8	22	5
1986-02-02	2.5	4.05	23	9
1986-02-03	10	6.07	22	10
1986-02-04	0	5.07	22	6
1986-02-05	0	3.84	20	6
1986-02-06	0	3.06	23	4
1986-02-07	0	2.47	16	6
1986-02-08	0	2.87	17	4
1986-02-09	0	4.08	23	6
1986-02-10	0	3.08	18	3
1986-02-11	0	1.5	16	5
1986-02-12	0	3.55	22	4
1986-02-13	0	3.68	22	3
1986-02-14	0	3.07	23	2
1986-02-15	0	4.9	23	2
1986-02-16	0	4.57	23	5
1986-02-17	0	4.71	23	4
1986-02-18	0	3.14	23	3
1986-02-19	0	5.09	25	5
1986-02-20	0	6.07	25	4
1986-02-21	0	3.51	23	0
1986-02-22	0	3.19	23	4
1986-02-23	0	2.47	20	4
1986-02-24	0	3.47	22	2
1986-02-25	0	2.93	20	1
1986-02-26	0	2.44	22	1
1986-02-27	0	1.75	23	4
1986-02-28	0	1.02	19	2
1986-03-01	0	4.09	21	2
1986-03-02	0	5.28	23	5
1986-03-03	0	4.44	24	9
1986-03-04	0	3.4	19	7
1986-03-05	0	5.37	25	3
1986-03-06	0	3.73	22	6
1986-03-07	0	4.59	24	10
1986-03-08	0	3.63	23	11
1986-03-09	0	3.09	19	12
1986-03-10	0	6.66	26	11
1986-03-11	0	6.18	26	10
1986-03-12	0	5.36	25	12
1986-03-13	0	5.21	25	11
1986-03-14	0	4.24	23	10
1986-03-15	0	5.09	24	12
1986-03-16	0	7.07	26	13
1986-03-17	0	7.83	27	11
1986-03-18	0	6.93	27	13
1986-03-19	0	7.24	27	12
1986-03-20	0	3.97	19	10
1986-03-21	0	2.86	17	6
1986-03-22	0	1.21	16	2
1986-03-23	0	1.11	17	5
1986-03-24	0	2.82	18	4
1986-03-25	0	3.15	20	3
1986-03-26	0	4.33	22	1
1986-03-27	0	3.79	21	3
1986-03-28	0	3.2	20	4
1986-03-29	0	5.13	24	5
1986-03-30	0	5.93	25	3
1986-03-31	0	2.2	22	3
1986-04-01	0	5.83	26	2
1986-04-02	0	7.28	32	2
1986-04-03	0	6.98	33	5
1986-04-04	0	6.89	33	5
1986-04-05	3	8.96	34	8
1986-04-06	0	7.66	32	6
1986-04-07	6	7.6	32	7
1986-04-08	0	7.43	33	5
1986-04-09	3	5.23	32	6
1986-04-10	0	8.56	32	7
1986-04-11	9.5	8.35	35	8
1986-04-12	9.7	3.3	34	10
1986-04-13	0	7.08	33	10
1986-04-14	15	6.95	33	9
1986-04-15	10	5.49	30	8
1986-04-16	2	6.57	29	8
1986-04-17	0	8.1	31	9
1986-04-18	0	7.09	31	10
1986-04-19	27	7.05	31	8
1986-04-20	0	6.3	31	7
1986-04-21	0	6.1	30	7
1986-04-22	8	7.04	28	7
1986-04-23	10	8.97	27	6
1986-04-24	75	8.89	27	8
1986-04-25	0	4.16	27	7
1986-04-26	15	8.02	22	6
1986-04-27	0	8.47	25	10
1986-04-28	6.6	6.35	30	9
1986-04-29	17	7.8	26	9
1986-04-30	16.1	8.45	27	11
1986-05-01	0	3.03	28	5
1986-05-02	0	5.98	27	5
1986-05-03	0	2.18	26	8
1986-05-04	0	5.05	29	7
1986-05-05	0	6.65	29	9
1986-05-06	0	7.69	32	5
1986-05-07	1.4	7.78	22	5
1986-05-08	0	6.94	26	9
1986-05-09	0	8.25	31	10
1986-05-10	0	6.75	33	10
1986-05-11	0	10.05	34	10
1986-05-12	0	7.35	34	10
1986-05-13	1	10.37	34	10
1986-05-14	3.5	8.87	34	13
1986-05-15	3.2	8.52	34	14
1986-05-16	1	6.55	33	15
1986-05-17	1.2	6.3	32	13
1986-05-18	14.2	5.36	28	10
1986-05-19	2	5.11	29	11
1986-05-20	1	2.97	27	7
1986-05-21	0	5.83	29	9
1986-05-22	0	4.43	30	5
1986-05-23	2.2	3.29	32	6
1986-05-24	1	3.71	30	7
1986-05-25	16	5.46	31	6
1986-05-26	2	2.35	23	4
1986-05-27	0	5.47	27	6
1986-05-28	0	6.25	27	5
1986-05-29	0	8.7	28	8
1986-05-30	0	2.07	29	10
1986-05-31	1.5	3.09	25	13
1986-06-01	1.2	6.54	26	11
1986-06-02	3.9	6.5	26	13
1986-06-03	21	3.79	21	13
1986-06-04	15.3	4.52	24	13
1986-06-05	16.1	5.56	23	13
1986-06-06	11	5.46	24	12
1986-06-07	2.5	3	24	13
1986-06-08	6.5	5.68	26	11
1986-06-09	9	5.32	21	13
1986-06-10	9	5.32	21	13
1986-06-11	10	7.1	20	13
1986-06-12	7	7.9	20	12
1986-06-13	0	6.38	21	12
1986-06-14	10.7	5.94	22	12
1986-06-15	11	5.42	22	13
1986-06-16	0	4.68	23	12
1986-06-17	0	5.45	22	12
1986-06-18	0	3.7	20	11
1986-06-19	0	3.39	22	9
1986-06-20	1.9	3.8	21	11
1986-06-21	2.8	3.1	22	14
1986-06-22	14	3.43	21	13
1986-06-23	0	7.3	20	13
1986-06-24	1	6.25	19	13
1986-06-25	7.6	5.87	21	10
1986-06-26	0.7	5.95	21	12
1986-06-27	0	6.25	20	12
1986-06-28	0	6.53	22	10
1986-06-29	0	4.89	23	11
1986-06-30	1.3	3.3	23	9
1986-07-01	0	5.76	21	11
1986-07-02	0	8.48	22	12
1986-07-03	0	5	21	11
1986-07-04	0	6	23	13
1986-07-05	0	4.91	23	10
1986-07-06	0	8.46	23	10
1986-07-07	0	5.23	20	10
1986-07-08	5.5	3.59	20	10
1986-07-09	4.3	6.21	19	11
1986-07-10	15.8	2.89	20	11
1986-07-11	26	7.43	22	11
1986-07-12	30.8	5.81	22	11
1986-07-13	0	7.1	19	11
1986-07-14	0	4.5	19	10
1986-07-15	2.4	5.26	19	9
1986-07-16	0	3.12	20	11
1986-07-17	0	7.43	21	10
1986-07-18	0	8.01	21	10
1986-07-19	0	7.17	22	10
1986-07-20	0	6.35	22	10
1986-07-21	0	6.24	24	11
1986-07-22	0	5.69	24	12
1986-07-23	0	7.39	22	13
1986-07-24	0	6.79	22	11
1986-07-25	0	6.01	23	10
1986-07-26	0	8.36	24	10
1986-07-27	0	2.79	24	9
1986-07-28	3.1	4.64	24	9
1986-07-29	0	2.75	24	10
1986-07-30	5.2	3.03	24	8
1986-07-31	0	3.77	25	9
1986-08-01	0	6.61	24	11
1986-08-02	0	4.44	25	7
1986-08-03	0	1.39	25	8
1986-08-04	0	7.87	22	8
1986-08-05	5.2	5.97	23	7
1986-08-06	0	4.86	23	10
1986-08-07	0	6.31	24	12
1986-08-08	0	5.14	24	10
1986-08-09	1.2	5.53	23	9
1986-08-10	4	6.77	23	10
1986-08-11	0	7.15	23	10
1986-08-12	0	7.34	24	10
1986-08-13	0	7.83	23	9
1986-08-14	0	7.29	23	8
1986-08-15	10.4	6.67	23	12
1986-08-16	0	5.13	24	13
1986-08-17	12	6.4	26	11
1986-08-18	0.9	6.09	23	9
1986-08-19	0	7.8	22	7
1986-08-20	0	6.2	23	6
1986-08-21	1	1.16	25	6
1986-08-22	0	3.56	21	8
1986-08-23	38.4	7.03	20	11
1986-08-24	0	6.07	23	7
1986-08-25	0	5.42	22	7
1986-08-26	0	7.9	22	6
1986-08-27	0	6.36	23	9
1986-08-28	0	4.79	24	10
1986-08-29	5.6	3.3	21	10
1986-08-30	0	1.77	21	11
1986-08-31	0	7.95	23	8
1986-09-01	0	8.11	23	7
1986-09-02	0	3.97	23	9
1986-09-03	0	6.04	20.5	11
1986-09-04	4.8	1.94	21	11
1986-09-05	0	2.54	19	11.5
1986-09-06	0	2.24	21	9
1986-09-07	0.5	2.04	25	11
1986-09-08	3.4	3.64	23	13
1986-09-09	0	3.85	23	13
1986-09-10	0	5.53	20.5	9
1986-09-11	0.1	3.62	20	10.5
1986-09-12	0	3.18	21	7.5
1986-09-13	0	2.74	22	10
1986-09-14	0	3.38	22	13
1986-09-15	0	2.4	23	10
1986-09-16	0	3.1	23.5	11
1986-09-17	0	3.74	22.5	11
1986-09-18	0	4.74	20	9
1986-09-19	1.1	0.46	23	13
1986-09-20	2.6	2.23	26	10
1986-09-21	0	2.9	27	8
1986-09-22	0	5.94	23	9
1986-09-23	0	7.07	19.5	6
1986-09-24	1.5	3.64	27	10
1986-09-25	0	6.55	24	6
1986-09-26	0.2	5.36	28	7
1986-09-27	0	8.94	22	11
1986-09-28	0	5.08	24	10
1986-09-29	0	9	29	9
1986-09-30	2.2	6.28	29	7
1986-10-01	0	3.32	23	9
1986-10-02	0	4.21	21	13
1986-10-03	0	3.22	21	9
1986-10-04	0	5.06	23	9
1986-10-05	27.3	0.82	24	9
1986-10-06	35	3.32	24	11
1986-10-07	0	4.64	21	11
1986-10-08	0	4.03	22	10
1986-10-09	0	4.95	20.5	11
1986-10-10	0	5.1	23	9
1986-10-11	0	3.59	23	10
1986-10-12	0	4.39	24	8
1986-10-13	0	4.33	22	12
1986-10-14	0	2.08	21	8
1986-10-15	0	1.54	19	10
1986-10-16	0	3.35	21	9
1986-10-17	0	3.92	25	6
1986-10-18	0	1.66	25	3
1986-10-19	0	3.49	19	7
1986-10-20	0	4.28	25	9
1986-10-21	0	4.42	21	5
1986-10-22	0	1.45	24	9
1986-10-23	0	7.05	24	11.5
1986-10-24	0.3	3.73	27	9
1986-10-25	0	3.74	23	10
1986-10-26	0	5.48	21	5.5
1986-10-27	0	5.19	18	7
1986-10-28	0	4.47	19	11
1986-10-29	0	4.42	17.5	10
1986-10-30	0	6.44	19	5.5
1986-10-31	0	10.03	18	2
1986-11-01	0	3.24	21	5
1986-11-02	0	3.46	21	7
1986-11-03	14.3	3.78	22	8
1986-11-04	2.6	2.74	22.5	8
1986-11-05	0	3.86	19.5	10
1986-11-06	11.6	3.66	21.5	9
1986-11-07	0	2.63	21	9
1986-11-08	0	2.43	19	9
1986-11-09	0	5.4	23	7
1986-11-10	0	6.24	21	5.5
1986-11-11	0	6.12	20.5	10
1986-11-12	0.6	3.86	20	11
1986-11-13	0	4.36	20	10.5
1986-11-14	0	4.29	21	7
1986-11-15	0	5.3	21	6
1986-11-16	0	5	23.5	9
1986-11-17	0	5.52	24	10
1986-11-18	0	5.7	25.5	6
1986-11-19	0	4.33	26	2
1986-11-20	0	7.84	26	2
1986-11-21	0	4.89	25	2
1986-11-22	0	4.43	23	6
1986-11-23	0.1	4.62	23.5	4.5
1986-11-24	0	4.85	23.5	6
1986-11-25	1.5	3.63	23	4
1986-11-26	0.1	3.83	19	4.5
1986-11-27	0	4	19	9
1986-11-28	0	1.36	19	5
1986-11-29	0	6.15	20	1
1986-11-30	0	5.76	21	5
1986-12-01	0	6.79	21	1
1986-12-02	0	2.84	18	5
1986-12-03	1.1	4.23	21	6
1986-12-04	0	1.87	21	6
1986-12-05	0.1	0.55	14	4
1986-12-06	0	1	14	3
1986-12-07	0	2.65	20	2
1986-12-08	0	2.91	22	1
1986-12-09	0	3.11	22	1
1986-12-10	0	2.74	24	5
1986-12-11	0	4.18	23	7
1986-12-12	0	2.73	18	4
1986-12-13	0	1.04	13.5	4
1986-12-14	0	3.03	20.5	4
1986-12-15	0	3.66	21	6
1986-12-16	0.4	3.55	21	4
1986-12-17	0	3.84	21	4
1986-12-18	0	4.99	22	3
1986-12-19	0	5.73	27	2
1986-12-20	0	2.02	25	1
1986-12-21	0	1.77	19	1
1986-12-22	0	4.98	21	5
1986-12-23	0	4.15	21	4
1986-12-24	0	6.4	21	1
1986-12-25	0	4.52	21	3
1986-12-26	0	4.76	22	1
1986-12-27	0	5.37	21	1
1986-12-28	0	4.32	20	2
1986-12-29	0	4.46	21	3
1986-12-30	0	5.51	21.5	2
1986-12-31	0	3.97	20	3
1987-01-01	0	3.18	18	1
1987-01-02	0	4.15	12	5
1987-01-03	0	4.44	20	7
1987-01-04	0	3.22	19	4
1987-01-05	0	4.2	20	1
1987-01-06	0	7.4	22	3
1987-01-07	0	4.49	22	3
1987-01-08	0	7.59	24	3
1987-01-09	0	5.05	23.5	3
1987-01-10	0	4.17	23	3.5
1987-01-11	0	5.02	23.5	3
1987-01-12	0	3.49	23	2
1987-01-13	0	6.24	24	4
1987-01-14	0	5	23	4
1987-01-15	0	8.93	24	3
1987-01-16	0	4.39	23	2
1987-01-17	0	7.03	22	1
1987-01-18	0	5.44	20	2
1987-01-19	0	5.16	25	3
1987-01-20	0	4.08	24	3.5
1987-01-21	0	3.6	24	4
1987-01-22	0	4.83	14	1.5
1987-01-23	0	5.01	15	4
1987-01-24	0	6.69	25	4
1987-01-25	0	4.91	24	5
1987-01-26	0	7.18	23	1
1987-01-27	0	7.53	18	2
1987-01-28	0	5.01	22	1.5
1987-01-29	0	5.93	23	3
1987-01-30	0	5.09	23	1
1987-01-31	0	8.07	23	0
1987-02-01	1	2	18	0.5
1987-02-02	0	2.41	17	-1
1987-02-03	0	3.54	17	-4
1987-02-04	0	2.1	14	-2
1987-02-05	0	1.8	16	-1
1987-02-06	0	2.69	16	2
1987-02-07	0	3.99	16	2
1987-02-08	0	4.25	15	-1
1987-02-09	0	2.52	11	0.5
1987-02-10	0	1.34	13	2
1987-02-11	0	2.73	15	4
1987-02-12	0	4.3	20	4
1987-02-13	0	5.56	21.5	4
1987-02-14	0	5.69	24	6
1987-02-15	0	6.96	25	8
1987-02-16	0	3.81	21	4
1987-02-17	0	7.31	27	1
1987-02-18	0	5.94	26	3
1987-02-19	0	8.2	28	6
1987-02-20	0	6.61	28	6
1987-02-21	0	5.99	25	7
1987-02-22	0	7.39	28	8
1987-02-23	0	5.4	27	4
1987-02-24	0	7.94	26	0
1987-02-25	0	6.71	27	2
1987-02-26	0	6.44	25	3
1987-02-27	0	9.71	29	2
1987-02-28	0	7.24	27	3
1987-03-01	0	5	29	4
1987-03-02	0	8.1	29	3
1987-03-03	0	4.28	27	4
1987-03-04	0.01	0.86	20	0
1987-03-05	0	1.19	12	-1
1987-03-06	0	3.19	24	-2
1987-03-07	0	3.22	21	1
1987-03-08	0	4.5	24	5
1987-03-09	0	3.68	23	5
1987-03-10	0	5.5	26	4
1987-03-11	0	2.47	24	7
1987-03-12	0	7.1	28	8
1987-03-13	0	7.05	26	8
1987-03-14	0	6.96	24	11
1987-03-15	0	9.31	25	8
1987-03-16	0	8.75	24	12
1987-03-17	0	3.26	18	8
1987-03-18	0	3.26	21	8
1987-03-19	0	7.54	23	10
1987-03-20	0	5.44	26	11.5
1987-03-21	0	6.29	24	9
1987-03-22	0	6.41	27	11
1987-03-23	0	9.77	29	11.5
1987-03-24	0	4.24	29.5	13
1987-03-25	0	6.33	27	10
1987-03-26	0.01	7.59	28	9
1987-03-27	0	6.74	25	9
1987-03-28	0	3.53	21	6
1987-03-29	0	3.17	20	8
1987-03-30	0.01	5.03	18	4
1987-03-31	0	3.75	18	2
1987-04-01	0	8.86	30	2
1987-04-02	0	6.36	30	4
1987-04-03	0	7.43	28	3
1987-04-04	0	5.07	30	5
1987-04-05	0	5.38	27	4
1987-04-06	0	7.3	27	7
1987-04-07	0	6.75	30	8
1987-04-08	0	5.59	28	7
1987-04-09	0	5.91	25	4
1987-04-10	0	7.14	24	3
1987-04-11	0	7.51	29	4
1987-04-12	0	3.52	23	5
1987-04-13	0.4	6.25	29	9
1987-04-14	0	6.5	30	11
1987-04-15	0	5.72	29	8
1987-04-16	0	6.44	27	9
1987-04-17	0	5.11	30	7
1987-04-18	0	6.74	28	8
1987-04-19	0	7.81	28	9
1987-04-20	5	5.52	26	10
1987-04-21	5.6	4.11	20	10
1987-04-22	8	4.41	22	10.5
1987-04-23	0.01	6.02	24	8
1987-04-24	0	5.89	26	9.5
1987-04-25	0	3.13	24	8
1987-04-26	0	5.37	23	9
1987-04-27	0.8	6.86	23	9
1987-04-28	0.9	8.05	21	9
1987-04-29	0	5.6	22	8
1987-04-30	0	5.49	23	8
1987-05-01	0	7.01	26	6
1987-05-02	0	5.6	26	8
1987-05-03	0	6.56	26	9
1987-05-04	0	6.16	27	5
1987-05-05	0	6.78	30	6
1987-05-06	0	5.27	26.5	7
1987-05-07	1.2	3.34	23.5	9.5
1987-05-08	4.4	3.39	24	9
1987-05-09	4.7	3.2	23	10
1987-05-10	0.7	4.8	25	8
1987-05-11	0.01	3.7	25	9
1987-05-12	0.7	4.1	26	9
1987-05-13	0.01	3.05	24	10
1987-05-14	0.01	5.7	25	8
1987-05-15	0.01	4.25	28	8
1987-05-16	0.01	5.2	25	10
1987-05-17	0.01	9.53	27	8
1987-05-18	0.5	4.84	22	11
1987-05-19	0.01	4.39	19	8
1987-05-20	0	6.51	26	7
1987-05-21	0	5.55	20	7
1987-05-22	0	5.62	24	8
1987-05-23	0	3.16	25	4
1987-05-24	0	5.19	26	7
1987-05-25	0	5.11	28.5	6
1987-05-26	0	8.55	27	8.5
1987-05-27	1.3	7.13	29	12
1987-05-28	0	6.56	28	12
1987-05-29	0	8.48	29	12
1987-05-30	1	8.36	32	15
1987-05-31	0	7.32	29	14
1987-06-01	0	5.93	27	11
1987-06-02	0	3.92	22	12
1987-06-03	0	4.46	25	11
1987-06-04	0	4.3	24	8
1987-06-05	0.01	2.97	20	9
1987-06-06	0	4.37	22	12
1987-06-07	0	4.21	24	11
1987-06-08	0.01	3.76	22	10
1987-06-09	0.1	4.07	25	11
1987-06-10	0.8	5.85	24.5	12
1987-06-11	0	5.1	24	12
1987-06-12	9	4.96	23	12
1987-06-13	0	5.47	25	13
1987-06-14	0	5.77	25	12
1987-06-15	2	3.63	20	12
1987-06-16	0	4.26	25	9
1987-06-17	0.1	4.34	25	10
1987-06-18	0.01	5.01	24	12
1987-06-19	0	4.5	24.5	9
1987-06-20	0	6.87	24	11
1987-06-21	0	6.28	26	12
1987-06-22	0	5.11	26	10
1987-06-23	6	7.97	27	11.5
1987-06-24	0	7.4	27	11
1987-06-25	0	5.68	25	10
1987-06-26	0	5.93	26	11
1987-06-27	0	5.2	25.5	10.5
1987-06-28	0	6.02	28	13
1987-06-29	0	3.37	25.5	10
1987-06-30	0	5.53	26	11
1987-07-01	0	5.06	26	12
1987-07-02	0	4.55	24	12
1987-07-03	0	4.2	28	12
1987-07-04	0	5.47	24	14.5
1987-07-05	0	5.81	25	13
1987-07-06	0	2.99	24	11
1987-07-07	9	3.74	24	12
1987-07-08	11	5.73	25	13
1987-07-09	18	7.75	27	11
1987-07-10	0	6.28	28	13
1987-07-11	0	8.73	24	14
1987-07-12	0	5.58	25	13
1987-07-13	0	6.45	24	11
1987-07-14	0	5.97	26	11
1987-07-15	0	6.81	27	12
1987-07-16	0	6.22	28	10
1987-07-17	0	6.07	26	10
1987-07-18	0	6.71	27	12
1987-07-19	0	4.6	26	11
1987-07-20	0	6.45	24	12
1987-07-21	0	5.4	26	10
1987-07-22	0	8	28	11
1987-07-23	0	6.14	28.5	11.5
1987-07-24	0	6.69	27	11
1987-07-25	0	5.04	27	10
1987-07-26	0	5.34	27	10
1987-07-27	0.8	3.55	28	10
1987-07-28	0.5	2.82	25	12
1987-07-29	0	6.6	28	10
1987-07-30	0	5.78	28	12
1987-07-31	0	3.39	26	11
1987-08-01	0	7.5	24	9
1987-08-02	0	5.41	25	9
1987-08-03	0	5.08	26	8
1987-08-04	0	6.31	27	8.5
1987-08-05	0	7.15	27	8
1987-08-06	0	5.38	26	9
1987-08-07	0	6.31	24	8
1987-08-08	0	6.22	27	8.5
1987-08-09	1	3.62	29	8
1987-08-10	0.8	3.55	27	9
1987-08-11	1.2	4.29	26	9
1987-08-12	0	8.46	25	8
1987-08-13	0	7.25	26	8.5
1987-08-14	0	7.88	27	8
1987-08-15	0	6.92	26	9
1987-08-16	0	6.76	25	8.5
1987-08-17	0	7.57	26	8
1987-08-18	0	6.41	24	8
1987-08-19	0	6.92	24.5	9
1987-08-20	0	8.37	22	8
1987-08-21	0	5.92	23.5	8
1987-08-22	0	7.11	23.5	12
1987-08-23	0	5.96	24.5	12.5
1987-08-24	0	6.51	24.5	10
1987-08-25	0.3	4.7	23.5	9.5
1987-08-26	0	7.84	24	10.5
1987-08-27	0.5	7.99	23.5	10
1987-08-28	0	4.31	22	11
1987-08-29	0	4.28	22.5	11
1987-08-30	0	5.15	22	10
1987-08-31	0	5.59	23	11
1987-09-01	0	4.73	25	10
1987-09-02	0	5.15	27.5	10
1987-09-03	0	3.33	22.5	11.5
1987-09-04	0	2.25	22	9
1987-09-05	0	3.13	22	6
1987-09-06	0	5.93	26.5	6
1987-09-07	0	8.25	26.5	5.5
1987-09-08	0	8.72	21	5.5
1987-09-09	0	9.79	26	6
1987-09-10	0	7.35	26.5	6
1987-09-11	0	7.17	26	7
1987-09-12	0	6.48	25	11
1987-09-13	0	6.74	27	10.5
1987-09-14	0	5.54	21.5	11
1987-09-15	0	6.31	26.5	11
1987-09-16	0	8.61	28	9.5
1987-09-17	0	5.31	26	6
1987-09-18	0	4.38	21	10
1987-09-19	0	6.6	26	8
1987-09-20	3.8	3.93	24	10
1987-09-21	0	5.38	21	13
1987-09-22	0.4	3.98	24	13
1987-09-23	0	1.7	17.5	10.5
1987-09-24	0	3.08	22	10.5
1987-09-25	1.5	4.23	18	6.5
1987-09-26	1.5	3.35	20	7
1987-09-27	0.01	5.09	24	9
1987-09-28	4.5	5.43	25	7
1987-09-29	0	3.16	24	6.5
1987-09-30	0	4.88	23	7
1987-10-01	0	5.17	22	7
1987-10-02	0	7.27	22	6.5
1987-10-03	0	5.74	21	5
1987-10-04	0	6.79	21	4
1987-10-05	0	4.86	20.5	3.5
1987-10-06	0	4.85	20	3
1987-10-07	0	6.2	20.5	5
1987-10-08	0.01	8.51	20	2.5
1987-10-09	0	4.64	20.5	2
1987-10-10	0	7.39	21	3
1987-10-11	0	4.04	22.5	1
1987-10-12	0	3.2	19	4
1987-10-13	0	6.2	18.5	0
1987-10-14	0	7.24	22	0
1987-10-15	0	4.69	22	3
1987-10-16	0	6.15	21	4
1987-10-17	0	5.34	21	3.5
1987-10-18	0	7.32	20.5	2.5
1987-10-19	0	4.13	20	2
1987-10-20	0	7.27	20.5	2
1987-10-21	0	5.5	21	1.5
1987-10-22	0	6.97	22.5	2
1987-10-23	0	6.81	19	0
1987-10-24	0	6.66	18.5	0
1987-10-25	0	7.32	18	0
1987-10-26	0	5.69	19	-1
1987-10-27	0	5.19	18.5	-1
1987-10-28	0	4.26	19	-1
1987-10-29	0	6.96	19.5	-2
1987-10-30	0	6.48	18	-2
1987-10-31	0	6.06	18	1
1987-11-01	0	5.53	24	5
1987-11-02	0	4.66	23	7
1987-11-03	0	4.08	25	4
1987-11-04	0	6.67	21.5	0
1987-11-05	0	5.82	20	-2.5
1987-11-06	0	3.88	23	0
1987-11-07	0	6.12	23	2
1987-11-08	0	5.73	23.5	4
1987-11-09	0.3	3.91	20	8.5
1987-11-10	13.9	0.6	10.5	5
1987-11-11	2.7	0.51	11	2.5
1987-11-12	0	2.69	18	3.5
1987-11-13	0	3.05	21	4
1987-11-14	0	4.43	21	1.5
1987-11-15	0	5.69	25	4
1987-11-16	0	5.8	23	3
1987-11-17	0	6.64	21.5	3
1987-11-18	0	3.52	21.5	2.5
1987-11-19	0	1.48	16	6
1987-11-20	0	2.98	17	7
1987-11-21	0	3.11	21	5
1987-11-22	0	4.96	23	7
1987-11-23	0	4.91	22.5	6
1987-11-24	0	4.88	22.5	7
1987-11-25	0	4.96	22	6
1987-11-26	0	5.48	23	6
1987-11-27	0	3.89	23	9
1987-11-28	0	5.91	24	8
1987-11-29	0	6.72	20	9
1987-11-30	0	3.51	20	9
1987-12-01	0	4.65	20	8
1987-12-02	0	5.25	22.5	6
1987-12-03	0	4.7	21.5	1.5
1987-12-04	0	6.19	22	2
1987-12-05	0	4.49	23.5	3
1987-12-06	0	6.09	22.5	3
1987-12-07	0	4.84	23	4
1987-12-08	0	5.68	23	3
1987-12-09	0	4.83	23	2
1987-12-10	0	4.84	23	3.5
1987-12-11	0	3.71	22	4
1987-12-12	0	4.49	18.5	2
1987-12-13	0	3.97	21	1
1987-12-14	0	5.72	20	4.5
1987-12-15	0	4.48	25	5
1987-12-16	0	4.4	28	4
1987-12-17	0	3.61	24	1.5
1987-12-18	0	3.57	25	4
1987-12-19	0	3.04	28	2
1987-12-20	0	3.39	24	3
1987-12-21	0	5.47	25	2
1987-12-22	0	4.24	28	1.5
1987-12-23	0	5.51	26	3
1987-12-24	0	3.75	23	2
1987-12-25	0	3.57	25	1
1987-12-26	0	3.68	24.5	1.5
1987-12-27	0	3.44	26	1.5
1987-12-28	0	5.83	25	2.5
1987-12-29	0	2.32	17	3
1987-12-30	0	4.79	23	4
1987-12-31	0	3.57	22	2
1988-01-01	1.1	4.18	21	2
1988-01-02	5.3	0.86	15	2
1988-01-03	0	2.44	20	2.5
1988-01-04	0	2.79	20	4
1988-01-05	0	2.94	18.5	3
1988-01-06	0	4.62	21.5	0.5
1988-01-07	0	4.51	28	4
1988-01-08	0	3.93	23	2
1988-01-09	0	4.45	20	1
1988-01-10	0	3.33	19.5	1
1988-01-11	0	3.71	20	3
1988-01-12	0	2.31	22.5	3.5
1988-01-13	0	4.21	18.5	2
1988-01-14	0	4.86	20.5	2
1988-01-15	0	3.45	20	1
1988-01-16	0	2.8	23	4.5
1988-01-17	0	3.7	27	1
1988-01-18	0	2.76	28	1
1988-01-19	0	3.09	22.5	3
1988-01-20	0	3.61	17	4
1988-01-21	0	5.49	11.5	-0.5
1988-01-22	0	1.68	15.5	-0.5
1988-01-23	0	5.74	25.5	-1
1988-01-24	0	5.32	16.5	3
1988-01-25	0	5.84	14	3
1988-01-26	0	4.21	17	-1
1988-01-27	0	6.83	20	-2.5
1988-01-28	0	5.4	22	2
1988-01-29	0	5.68	22	5.5
1988-01-30	0	4.75	25.5	4.5
1988-01-31	0	4.23	24	6.5
1988-02-01	0	3.71	24	4
1988-02-02	0	2.04	23.5	6
1988-02-03	0	3.09	20	5
1988-02-04	0	4.06	24	3
1988-02-05	0	5.04	25	4
1988-02-06	0	0.84	11	4
1988-02-07	0	1.11	19	2
1988-02-08	0	1.44	15	1
1988-02-09	1	5.3	25	1
1988-02-10	1.4	2.31	21	3
1988-02-11	0	3.11	20	2
1988-02-12	0	4.78	18	1
1988-02-13	0	6.08	22	3
1988-02-14	0	5.08	20	4
1988-02-15	0	5.57	26	2.5
1988-02-16	0	5.97	22	4
1988-02-17	0	7.11	27	3
1988-02-18	0	6.39	27.5	3.5
1988-02-19	0	5.06	22	2.5
1988-02-20	0	3.04	27	3.5
1988-02-21	0	7.45	20	2.5
1988-02-22	0	6.01	24	6
1988-02-23	0	6.16	24	7
1988-02-24	0	5.19	21	9
1988-02-25	0	5.23	22	8
1988-02-26	0	6.91	26	5
1988-02-27	0	4.07	22	7
1988-02-28	0	5.72	25	5
1988-02-29	0	3.47	24	4
1988-03-01	3.8	3.85	23	6
1988-03-02	0.01	4.65	22.5	8
1988-03-03	1.1	3.89	19.5	5
1988-03-04	1.7	3.4	20.5	8.5
1988-03-05	1	2.86	16	6.5
1988-03-06	5.2	1.53	17.5	3
1988-03-07	0	1.23	16.5	7
1988-03-08	0.01	2.94	19.5	6
1988-03-09	0	2.04	21.5	6.5
1988-03-10	0	4.72	20	4
1988-03-11	0	5.87	22	5.5
1988-03-12	0	5.93	24	6
1988-03-13	0	4.57	20	7.5
1988-03-14	0	5.91	26	8
1988-03-15	0	5.56	26.5	9
1988-03-16	0	4.48	26.5	10
1988-03-17	0	5.82	26	9
1988-03-18	0	4.33	25	11.5
1988-03-19	0	4.39	25	10
1988-03-20	0	4.46	25.5	8
1988-03-21	0	4.56	25	5
1988-03-22	0	3.58	26	7
1988-03-23	0	6.32	20	8
1988-03-24	0	5.18	28	10.5
1988-03-25	0	7.46	26	12.5
1988-03-26	0	7.29	27	11
1988-03-27	0	4.52	26	8
1988-03-28	0	6.92	24	7
1988-03-29	0	6.48	27	6
1988-03-30	4	8.99	26	8
1988-03-31	0	6.86	27	10
1988-04-01	0	3.88	22	7
1988-04-02	0	5.24	27	6
1988-04-03	0	3.46	20	8
1988-04-04	0	6.66	27	9.5
1988-04-05	0	5.24	29	5
1988-04-06	0	5.65	29	4
1988-04-07	0	6.52	25.5	4.5
1988-04-08	0	6.97	29.5	4
1988-04-09	0	8.05	30	4
1988-04-10	0	6.84	30.5	8
1988-04-11	13.1	8.97	28.5	9
1988-04-12	0	6.43	20.5	11.5
1988-04-13	0	5.17	23	7
1988-04-14	0	5.72	25	5.5
1988-04-15	0	6.7	22	4
1988-04-16	0	8.36	24	5
1988-04-17	0	7.2	25	4
1988-04-18	0	8.4	29	5
1988-04-19	0	7.04	28	4
1988-04-20	0	5.97	27	8
1988-04-21	0	8.11	29	7
1988-04-22	0	5.5	25.5	5
1988-04-23	0	7.73	31.5	6
1988-04-24	0	5.9	31.5	9
1988-04-25	0	7.58	31.5	6
1988-04-26	0	9.74	33.5	8
1988-04-27	0	8.64	25.5	10
1988-04-28	0	6.97	30	9
1988-04-29	0	3.29	30	8
1988-04-30	0	3.79	29	9
1988-05-01	0	10.69	28.5	8
1988-05-02	0	6.47	28	9
1988-05-03	0	6.79	28.5	11
1988-05-04	0	5.94	27.5	7
1988-05-05	0	6.61	21	6
1988-05-06	0	10.6	22.5	5
1988-05-07	0	8.39	21.5	5
1988-05-08	0	9.71	22	5
1988-05-09	0	8.51	30.5	5
1988-05-10	1.6	9.91	30	5
1988-05-11	6.3	5.18	28	9
1988-05-12	0	5.69	24	10
1988-05-13	1.1	9.96	25	10.5
1988-05-14	0	7.34	26	7
1988-05-15	0	5.95	27	8
1988-05-16	0	5.88	26.5	7
1988-05-17	0	10.33	20	9
1988-05-18	0	9	28.5	5
1988-05-19	0	5.73	29	6
1988-05-20	0	8.17	25	9.5
1988-05-21	0	7.3	21	5.5
1988-05-22	0	3.52	25	9
1988-05-23	0.6	7.12	27.5	5
1988-05-24	0	4.81	27.5	9
1988-05-25	0	7.15	21.5	9.5
1988-05-26	8.4	8.95	28	11.5
1988-05-27	0	9.71	25	7
1988-05-28	0	4.26	29	10
1988-05-29	0	4.54	28	9
1988-05-30	0	5.85	27.5	10
1988-05-31	0	6.16	28	7
1988-06-01	0	5.93	27	10
1988-06-02	0	3.92	22	12
1988-06-03	0	4.46	25	11
1988-06-04	0	4.3	24	8
1988-06-05	0.01	2.97	20	9
1988-06-06	0	4.37	22	12
1988-06-07	0	4.21	24	11
1988-06-08	0.01	3.76	22	10
1988-06-09	0.1	4.07	25	11
1988-06-10	0.8	5.85	24.5	12
1988-06-11	0	5.1	24	12
1988-06-12	9	4.96	23	12
1988-06-13	0	5.47	25	13
1988-06-14	0	5.77	25	12
1988-06-15	2	3.63	20	12
1988-06-16	0	4.26	25	9
1988-06-17	0.1	4.34	25	10
1988-06-18	0.01	5.01	24	12
1988-06-19	0	4.5	24.5	9
1988-06-20	0	6.87	24	11
1988-06-21	0	6.28	26	12
1988-06-22	0	5.11	26	10
1988-06-23	6	7.97	27	11.5
1988-06-24	0	7.4	27	11
1988-06-25	0	5.68	25	10
1988-06-26	0	5.93	26	11
1988-06-27	0	5.2	25.5	10.5
1988-06-28	0	6.02	28	13
1988-06-29	0	3.37	25.5	10
1988-06-30	0	5.53	26	11
1988-07-01	6	6.58	28.5	10
1988-07-02	8	4	26.5	12
1988-07-03	0	4.34	27.5	10
1988-07-04	0	6.78	25	11
1988-07-05	6	5.18	25	10
1988-07-06	4	1.73	24.5	10
1988-07-07	0	2.18	22	9
1988-07-08	0	4.38	25	5
1988-07-09	0.6	4.46	25	6
1988-07-10	0	3.05	24	9.5
1988-07-11	0	6.07	25	11.5
1988-07-12	0	5.46	26.5	13.5
1988-07-13	1.4	5.98	26	12.5
1988-07-14	0	5.04	29	10
1988-07-15	0	6.68	27	10.5
1988-07-16	0	4.29	25	10
1988-07-17	0	5.6	26.5	10.5
1988-07-18	0	8.6	23	11.5
1988-07-19	13.6	6.98	25	9
1988-07-20	0.9	6.43	26	10
1988-07-21	1.2	6.23	23	9
1988-07-22	0	3.73	21.5	11.9
1988-07-23	0	6.56	25	10
1988-07-24	6	3.43	24	10.5
1988-07-25	7.2	3.09	24.5	9
1988-07-26	0	3.72	27	10.5
1988-07-27	0	6.55	28	11
1988-07-28	10	3.85	25	10
1988-07-29	0	3.44	26	10.5
1988-07-30	0	4.37	25	10
1988-07-31	0	2.15	24	11
1988-08-01	0	3.2	25	12.5
1988-08-02	0	3.57	23	12
1988-08-03	0	4.57	25	11.5
1988-08-04	0	6.14	27	12
1988-08-05	0	4.73	25.5	13
1988-08-06	0	7.43	28.5	8.5
1988-08-07	0	6.56	28	12.5
1988-08-08	0	4.72	26	11
1988-08-09	0	5.92	25	11
1988-08-10	0	6.36	25	14
1988-08-11	0	8.84	27	15
1988-08-12	0	5.29	28	15.5
1988-08-13	0	6.44	27.5	15
1988-08-14	0	6.72	26	14
1988-08-15	0	7.17	29.5	12
1988-08-16	0	9.05	22.5	11
1988-08-17	16	5.2	24	12.5
1988-08-18	25	8.44	22	8
1988-08-19	18.5	5.9	22	11
1988-08-20	14.8	5.02	22	13
1988-08-21	3.6	2.49	23	13
1988-08-22	0	1.61	19	10
1988-08-23	0	1.74	20	10.5
1988-08-24	3.8	4.64	18	11.5
1988-08-25	0	9.16	22	11
1988-08-26	0	9.23	22	10
1988-08-27	0	9.15	22.5	10.5
1988-08-28	0	5.32	21	10
1988-08-29	0	5.62	20	9
1988-08-30	0	4.94	20	10
1988-08-31	0	4.59	21	11
1988-09-01	0	4.41	21.5	11
1988-09-02	0	6.62	21.5	6.5
1988-09-03	0	4.15	21	5
1988-09-04	3.9	8.37	20	6
1988-09-05	0.2	4.7	21	6.5
1988-09-06	0	4.54	19	5.5
1988-09-07	0	4.85	20.5	10
1988-09-08	0	4.96	21.5	6.5
1988-09-09	0	6.8	22.5	6.5
1988-09-10	0	4.79	15	2
1988-09-11	0	6.05	16	3.5
1988-09-12	0	3.1	21.5	3.5
1988-09-13	0.3	4.59	20	8
1988-09-14	0	2.91	20	9.5
1988-09-15	0	1.39	20	9
1988-09-16	18.3	1.07	17	7
1988-09-17	0	2.06	18	3
1988-09-18	0	1.98	16.5	3
1988-09-19	0	3.98	23	3.5
1988-09-20	0	4.44	23	7.5
1988-09-21	0	2.27	18	10
1988-09-22	0	2.9	20	5.5
1988-09-23	0	3.6	22	4
1988-09-24	0	4.59	23.5	7
1988-09-25	0	3.37	24	7
1988-09-26	0	5.42	24	7.5
1988-09-27	0	4.87	21.5	6
1988-09-28	0	6	23	4.5
1988-09-29	0	5.71	23	5
1988-09-30	0	4.57	22	5
1988-10-01	0	4.94	20.5	11
1988-10-02	1.6	5.98	19.5	12.5
1988-10-03	0.2	3.87	19	9.5
1988-10-04	0	2.09	16	10
1988-10-05	0	3.27	15	6.5
1988-10-06	0	3.82	15.5	6
1988-10-07	0	2.75	16	6
1988-10-08	0	4.23	16.5	8
1988-10-09	0	6.91	16.5	6
1988-10-10	0	3.61	15.5	9
1988-10-11	0	4.82	21	5
1988-10-12	0.01	3.98	20	6
1988-10-13	0	4.79	17.5	7
1988-10-14	0	4.95	25	6.5
1988-10-15	0	5.98	25.5	2
1988-10-16	0	3.87	23	-0.5
1988-10-17	0	2.09	22.5	2
1988-10-18	0	2.09	22.5	3
1988-10-19	0	3.27	23	4
1988-10-20	0	3.82	25	4
1988-10-21	0	2.75	24	5
1988-10-22	0	4.23	24	4
1988-10-23	0	6.91	25	5
1988-10-24	0	3.61	24	8
1988-10-25	0	4.82	20	8.5
1988-10-26	0	3.98	24	8.5
1988-10-27	0	4.79	24	6
1988-10-28	0	4.23	24.5	7
1988-10-29	0	4.85	24	4.5
1988-10-30	0	2.95	25	4.5
1988-10-31	0	4.78	23	5
1988-11-01	0	NULO	18	3
1988-11-02	0	NULO	19	2
1988-11-03	0	NULO	23.5	2.5
1988-11-04	0	NULO	24	5
1988-11-05	0	NULO	19	6
1988-11-06	0	NULO	25	2.5
1988-11-07	0	NULO	19	3
1988-11-08	0	NULO	25	5
1988-11-09	0	NULO	21.5	7
1988-11-10	0	NULO	20	6
1988-11-11	0	NULO	19.5	6
1988-11-12	0	NULO	20	2.5
1988-11-13	0	NULO	19.5	1
1988-11-14	0	NULO	20	2
1988-11-15	0	NULO	18	5
1988-11-16	0	NULO	24.5	6
1988-11-17	0	NULO	23	7
1988-11-18	0	NULO	23.5	8
1988-11-19	0	NULO	23	5
1988-11-20	0	NULO	19.5	4
1988-11-21	0	NULO	20	2.5
1988-11-22	0	NULO	22.5	4
1988-11-23	0.01	NULO	23	6
1988-11-24	0	NULO	21	7
1988-11-25	0	NULO	20	5
1988-11-26	0	NULO	18	4
1988-11-27	0	NULO	24.5	6
1988-11-28	0	NULO	23	3
1988-11-29	0	NULO	24	4
1988-11-30	0	NULO	22	6
1988-12-01	0	NULO	15.5	5
1988-12-02	0	NULO	23	4
1988-12-03	0	NULO	18	6
1988-12-04	0	NULO	17.5	4
1988-12-05	0	NULO	17	5
1988-12-06	0	NULO	19.5	2
1988-12-07	0	NULO	19.5	2.5
1988-12-08	0	NULO	24.5	4
1988-12-09	0	NULO	20	4
1988-12-10	0	NULO	22	1
1988-12-11	0	NULO	24	4
1988-12-12	0	NULO	23	4
1988-12-13	0	NULO	23.5	3
1988-12-14	0	NULO	22	3
1988-12-15	0	NULO	23.5	4
1988-12-16	0	NULO	20	6
1988-12-17	0	NULO	19	7
1988-12-18	0	NULO	20.5	3
1988-12-19	0	NULO	21.5	4
1988-12-20	0	NULO	23	5
1988-12-21	0	NULO	21.5	5
1988-12-22	0	NULO	23.5	3
1988-12-23	0	NULO	23.5	4
1988-12-24	0	NULO	19.5	3
1988-12-25	0	NULO	28	1
1988-12-26	0	NULO	20.5	-2
1988-12-27	0	NULO	21	-3
1988-12-28	0	NULO	14	1
1988-12-29	0	NULO	17.5	4
1988-12-30	0	NULO	22.5	3
1988-12-31	0	NULO	22.5	4
1989-01-01	0	3.95	22	4
1989-01-02	0	3.65	22	3
1989-01-03	0	2.4	17	4
1989-01-04	0	2.69	15	5
1989-01-05	0	2.49	17	3
1989-01-06	0	4.79	19.5	5
1989-01-07	0	2.95	14	6
1989-01-08	0	4.21	25	5
1989-01-09	0	3.23	25	7
1989-01-10	0	4.73	25	4
1989-01-11	0	3.63	25	6
1989-01-12	0	4.28	25.5	6
1989-01-13	0	5.67	26.5	5
1989-01-14	0	7.56	22	6
1989-01-15	0	4.1	22	5
1989-01-16	0	2.65	21.5	6
1989-01-17	0	3.83	20.5	8
1989-01-18	0	4.45	21	4
1989-01-19	0	4.08	21	2
1989-01-20	0	5.19	15	1
1989-01-21	0	3.29	15.5	0.5
1989-01-22	0	5.7	15	2
1989-01-23	0	4.06	16	3
1989-01-24	0	2.61	18	2
1989-01-25	0	3.03	21	4
1989-01-26	0	3.63	13	4
1989-01-27	0	4.58	15	5
1989-01-28	0	3.43	15.5	3
1989-01-29	0.01	7.84	17	2
1989-01-30	0	4.91	18	4
1989-01-31	0	4.98	17	3
1989-02-01	0	4.79	19	4
1989-02-02	0	4.07	20	5
1989-02-03	0	3.05	19	6
1989-02-04	0	3.04	21	4
1989-02-05	0	4.04	18	5.5
1989-02-06	0.01	2.06	19	6
1989-02-07	0.01	2.26	19	4.5
1989-02-08	1.5	2.84	12.5	5
1989-02-09	0	1.99	18	4.5
1989-02-10	0	5.35	25	1.5
1989-02-11	0	3.29	19	4
1989-02-12	0	5.05	17	2
1989-02-13	0	6.18	19.5	1.5
1989-02-14	0	4.87	22.5	3
1989-02-15	0	4.92	23.5	4
1989-02-16	0	5.39	20	4
1989-02-17	0	6.46	18.5	7
1989-02-18	0	5.9	25	4
1989-02-19	0	1.32	15	5
1989-02-20	0	3.08	22	6.5
1989-02-21	0	2.68	17	6
1989-02-22	0	2.97	15	5
1989-02-23	0	0.38	12.5	2
1989-02-24	0	1.07	17	-2.5
1989-02-25	0	0.52	13.5	-2.5
1989-02-26	0	2.45	18	-2.5
1989-02-27	0	1.06	17	2
1989-02-28	0	4.27	24	3.5
1989-03-01	0	6.09	22	4.5
1989-03-02	0	8.26	24.5	4
1989-03-03	0	7.63	20	6
1989-03-04	0	7.55	25	6.5
1989-03-05	0	6.61	25	7
1989-03-06	0.01	6.38	17	3
1989-03-07	0	5.77	12	4
1989-03-08	0	6.34	18	0
1989-03-09	0	9.11	17	0.5
1989-03-10	0	6.88	18	1.5
1989-03-11	0	8.19	19	-0.5
1989-03-12	0	8.12	21.5	1
1989-03-13	0	8.29	23.5	4
1989-03-14	0	3.4	23.5	6
1989-03-15	0	4.66	19.5	3
1989-03-16	0	7.66	24.5	1.5
1989-03-17	0	9.44	25	1
1989-03-18	0	3.07	26	1
1989-03-19	0	5.61	26	1
1989-03-20	0	6.91	26.5	1.5
1989-03-21	0	3.38	20.5	3
1989-03-22	0	4.21	24	1
1989-03-23	0.01	9.37	24	3
1989-03-24	0.01	10.53	24	3.5
1989-03-25	0	7.55	27	3
1989-03-26	0.01	9.57	23.5	4
1989-03-27	0	8.32	25	3
1989-03-28	0	9.56	25	4
1989-03-29	0	8.82	24	7
1989-03-30	0	7.67	24	4
1989-03-31	0	6.89	26	3.5
1989-04-01	0	4.61	27	5.5
1989-04-02	0	5.66	28.5	5
1989-04-03	5.3	6.24	26	6
1989-04-04	6	6.87	24	6
1989-04-05	0.01	8.44	26	6
1989-04-06	0	7.79	27	6
1989-04-07	0	6.63	27	6
1989-04-08	0	8.3	27.5	3.5
1989-04-09	0.01	5.59	27.5	4
1989-04-10	0	6.34	30	4
1989-04-11	0	7.39	29	6
1989-04-12	0	6.92	29.5	6.5
1989-04-13	0	8.21	27	7.5
1989-04-14	0	6.83	28	4
1989-04-15	0	6.46	27.5	5
1989-04-16	0	9.24	27.5	6
1989-04-17	0	7.48	26	5.5
1989-04-18	0	8.34	26.5	6
1989-04-19	0	7.07	29	6
1989-04-20	0.01	10.31	30	7
1989-04-21	0	9.95	30	7
1989-04-22	0	8.75	28	6.5
1989-04-23	0	8.3	28	7.5
1989-04-24	0	10.94	29	7
1989-04-25	0	10.28	29	8.5
1989-04-26	0	8.71	30	7.5
1989-04-27	0	10.08	29.5	8
1989-04-28	0	8.8	29.5	8
1989-04-29	0	6.72	26	7
1989-04-30	0	6.15	27	5.5
1989-05-01	0	5.35	27	7
1989-05-02	0	5.2	27.5	7
1989-05-03	0.01	6.08	27	6
1989-05-04	0.01	6.92	26	5
1989-05-05	0.01	5.89	24	5
1989-05-06	0	4.69	23	4.5
1989-05-07	0	5.41	24	4.5
1989-05-08	0	4.84	28	4
1989-05-09	0	3.41	26.5	7
1989-05-10	0	6.49	26	3
1989-05-11	0	7.92	24.5	3
1989-05-12	0	7.52	24.5	5
1989-05-13	0	6.8	25	5
1989-05-14	0	6.07	27.5	4.5
1989-05-15	0	8.51	26	5
1989-05-16	0	8.12	26	6
1989-05-17	0	6.55	24.5	5.5
1989-05-18	0	6.44	27.5	5
1989-05-19	0	7.91	28	6.5
1989-05-20	0	6.47	28	6
1989-05-21	0	5.49	27	7.5
1989-05-22	0	7.78	25	8
1989-05-23	0	6.19	24.5	5
1989-05-24	0	5.32	25	6.5
1989-05-25	15.9	5.85	26	6.5
1989-05-26	36	5.38	27.5	9
1989-05-27	0	6.59	29.5	6
1989-05-28	0	9.95	29	8
1989-05-29	0	9.26	26	5
1989-05-30	0	7.52	25	7
1989-05-31	0	8.69	25.5	6
1989-06-01	0	6.73	24	6
1989-06-02	0	7.75	24.5	7
1989-06-03	0	7.4	25	9
1989-06-04	0	6.49	27	7.5
1989-06-05	0	6.13	28.5	8
1989-06-06	0	9.25	30	8
1989-06-07	12.3	7.74	29.5	12
1989-06-08	0	5.03	26.5	13
1989-06-09	0	7.07	32	10.5
1989-06-10	0	6.2	24	13.5
1989-06-11	0	7.88	31	12.5
1989-06-12	0.01	5.71	27	8
1989-06-13	0.01	8.69	31	7.5
1989-06-14	2.6	5.24	24.5	8
1989-06-15	0.01	6.43	24.5	9.5
1989-06-16	0	5.58	24.5	9
1989-06-17	0	6.89	22	8
1989-06-18	0	7.41	23	7
1989-06-19	0	4.29	22.5	6.5
1989-06-20	0	3.53	23	7
1989-06-21	14.5	3.29	23	4
1989-06-22	10.5	4.75	27	4
1989-06-23	0	6.83	22	8.5
1989-06-24	0	5.43	26.5	9
1989-06-25	17.5	4.06	26	9
1989-06-26	13.4	3.15	22	11
1989-06-27	13.5	4.3	24	11.5
1989-06-28	0	4.55	24	9
1989-06-29	0	5.91	23.5	7
1989-06-30	0	6.63	24	7
1989-07-01	21.5	4.36	23.5	6
1989-07-02	16.3	3.1	24	6
1989-07-03	0.3	2.91	18.5	6
1989-07-04	0	7.47	23	7
1989-07-05	0	6.75	22	8
1989-07-06	0	4.78	24	7
1989-07-07	0.5	6.98	25	9
1989-07-08	0	7.8	26	11
1989-07-09	0	5.45	24	14
1989-07-10	0	5.73	23	10
1989-07-11	0	3.92	23.5	6
1989-07-12	0	4.51	23.5	8
1989-07-13	0	4.42	25	8
1989-07-14	0	4.87	24	10
1989-07-15	0	4.39	26	9
1989-07-16	0	3.55	27	9
1989-07-17	0	4.73	26	10
1989-07-18	0	5.6	22	9
1989-07-19	0	5.07	25	10
1989-07-20	0	7.48	25.5	11
1989-07-21	0	3.59	27.5	7.5
1989-07-22	0	3.87	21	3.5
1989-07-23	0	3.09	21	3.5
1989-07-24	0	3.77	21.5	4.5
1989-07-25	0	4.03	21	4
1989-07-26	0	4.89	26	5
1989-07-27	0	5.66	25.5	8.5
1989-07-28	0	7.18	26.5	9
1989-07-29	0	6.94	27	11
1989-07-30	0	5.61	26	12
1989-07-31	0	7.26	26.5	12.5
1989-08-01	0	3.24	26.5	11
1989-08-02	0	3.35	26	11.5
1989-08-03	0	4.93	26	10.5
1989-08-04	0	5.19	25	10
1989-08-05	0	5.72	24	10
1989-08-06	1.7	7.4	22.5	10
1989-08-07	2.5	8.03	22	10.5
1989-08-08	11	4.53	22	10
1989-08-09	1.8	2.43	24	10.5
1989-08-10	1.1	5.53	24.5	10
1989-08-11	0	4.29	26.5	9
1989-08-12	0	3.39	27.5	9.5
1989-08-13	0	4.42	23.5	9
1989-08-14	0	2.56	21.5	9
1989-08-15	0	4.53	22	7.5
1989-08-16	1.8	3.02	19	7
1989-08-17	9.3	3.29	26.5	6
1989-08-18	0	3.19	22	8
1989-08-19	0	3.08	23	7.5
1989-08-20	0	5.4	24.5	7
1989-08-21	0	3.8	26	8
1989-08-22	0.01	2.66	25	9
1989-08-23	0.01	1.59	26	7
1989-08-24	1.5	5.61	25.5	7.5
1989-08-25	4.3	6.88	24	7.5
1989-08-26	6.8	7.44	23	7
1989-08-27	1.3	7.42	23.5	7
1989-08-28	1.9	5.04	23	7.5
1989-08-29	2.5	7.97	24.5	7.5
1989-08-30	1.5	5.16	24	8
1989-08-31	0	5.14	24	6
1989-09-01	0	2.67	22.5	5.5
1989-09-02	0	6.45	24	7
1989-09-03	0	5.27	24.5	6
1989-09-04	0	5.19	23	6
1989-09-05	0	4.89	22	5.5
1989-09-06	8.7	3.7	22.5	7
1989-09-07	0	4.42	23.5	9
1989-09-08	0	5.32	26	9.5
1989-09-09	0	5.08	28.5	9.5
1989-09-10	0	4.41	24	9.5
1989-09-11	0.01	6.78	24.5	9
1989-09-12	0	4.34	24	11
1989-09-13	0.01	5.34	24.5	7.5
1989-09-14	0.01	5.17	22	7
1989-09-15	2.3	1.8	16	7
1989-09-16	0.01	2.23	17	10
1989-09-17	2.4	1.54	17	10
1989-09-18	3.8	0.55	19	10.5
1989-09-19	4	3.06	20	10
1989-09-20	0.01	1.67	20	8
1989-09-21	2.1	3.66	22.5	11.5
1989-09-22	5.2	1.14	22	11
1989-09-23	0.01	4.18	17	8
1989-09-24	0	3.67	17.5	4
1989-09-25	0	6.62	19.5	3
1989-09-26	0	6.2	18	3
1989-09-27	1.2	6.47	19	5.5
1989-09-28	8.2	3.62	19	6.5
1989-09-29	8	3.8	19	8
1989-09-30	0	3.47	22	8
1989-10-01	0	4.64	21	5.5
1989-10-02	0	4.65	22	5
1989-10-03	0	4.22	21	4.5
1989-10-04	0	4.07	23	4.5
1989-10-05	0	3.4	21	6
1989-10-06	0	2.14	24.5	4
1989-10-07	0	5.44	24	1.5
1989-10-08	0	4.15	25	2
1989-10-09	0	6.69	24	2
1989-10-10	0	3.94	20	2
1989-10-11	0	8.07	20.5	3.5
1989-10-12	0	6.93	23	0
1989-10-13	0	6.53	23	0
1989-10-14	0	4.65	17.5	0
1989-10-15	0	4.79	24	2.5
1989-10-16	0	5.55	25	2
1989-10-17	0	5.7	23.5	1.5
1989-10-18	2.1	6.87	13.5	5
1989-10-19	0	2.89	14.5	4
1989-10-20	0	3.36	11	1
1989-10-21	0	2.93	11.5	1
1989-10-22	0	4.11	16	2
1989-10-23	0	8.66	23	2
1989-10-24	0	7.66	24	5
1989-10-25	0	4.55	24	5
1989-10-26	0	4.73	24	4.5
1989-10-27	0	3.52	22	5
1989-10-28	0	5.54	24.5	2
1989-10-29	0.01	2.43	25	3
1989-10-30	0	5.72	25.5	2
1989-10-31	0.01	3.89	25	4
1989-11-01	0	4.46	25	6
1989-11-02	0	5.82	27	8.3
1989-11-03	0	4.97	26	8
1989-11-04	0	5.2	25.5	7
1989-11-05	0	3.32	26.5	6
1989-11-06	0	4.4	27	7
1989-11-07	0	3.21	18	5
1989-11-08	0	3.98	17	3
1989-11-09	0	3.26	17	4
1989-11-10	0	4.65	17	4.5
1989-11-11	0.01	3.66	21.5	4
1989-11-12	0	3.58	22	4
1989-11-13	0	4.38	23	2
1989-11-14	0	3.14	20	1
1989-11-15	0	3.06	27	4
1989-11-16	0	4.51	21	1
1989-11-17	0	3.04	23	4.5
1989-11-18	0	3.11	22.5	3
1989-11-19	0	3.73	23	3.5
1989-11-20	0	3.66	23	2.5
1989-11-21	0	3.12	24	4.5
1989-11-22	0	3.25	23	4
1989-11-23	0	4.24	12.5	7
1989-11-24	0	3.72	14	3
1989-11-25	0	3	14	4.5
1989-11-26	0	2.08	16	4
1989-11-27	0	3.22	23	4.5
1989-11-28	0	3.88	23	6
1989-11-29	0	3.49	23.5	4
1989-11-30	0	3.33	24	4
1989-12-01	0.01	1.54	16	5
1989-12-02	0.01	2.66	17	2.5
1989-12-03	3.4	2.46	18	2.6
1989-12-04	0	2.96	18	3
1989-12-05	0	2.16	19	3
1989-12-06	0	1.2	26	3
1989-12-07	0	2.66	14	2
1989-12-08	0	1.51	16	5
1989-12-09	1.4	0.96	12	2
1989-12-10	0.01	0.65	23	3
1989-12-11	1.5	2.27	24	6.5
1989-12-12	0	1.64	17	6
1989-12-13	0	2.06	16	6
1989-12-14	0	3.54	15	4
1989-12-15	0	3	15.5	2
1989-12-16	0	4.24	16.5	1
1989-12-17	0	2.88	27	1.5
1989-12-18	0	3.33	26.5	2.5
1989-12-19	0	4.17	26	2.5
1989-12-20	2.1	2.42	24	2
1989-12-21	0.01	2.38	24	2.5
1989-12-22	0.01	2.62	16.5	2
1989-12-23	0	2.39	18	1
1989-12-24	0	1.84	17.5	1
1989-12-25	0	2.34	16	0
1989-12-26	0	3.55	22.5	0.5
1989-12-27	0	2.63	24	0
1989-12-28	0	2.92	22.5	2.5
1989-12-29	0	3.07	21	3
1989-12-30	0	3.61	22	3.5
1989-12-31	0	4.11	17	4
1990-01-01	0	4.59	17	2
1990-01-02	0	4.17	18	2
1990-01-03	0	4.08	17	1
1990-01-04	0	2.75	18	0.5
1990-01-05	0	3.55	17	4
1990-01-06	0	5.02	17	2
1990-01-07	0	3.34	13	6
1990-01-08	0	3.22	13	3
1990-01-09	0	4.45	16	5
1990-01-10	0	2.91	20.5	1.5
1990-01-11	0	3.39	19.5	3
1990-01-12	0	2.69	18.5	3
1990-01-13	0	2.76	17	3.5
1990-01-14	0.01	3.24	16	3
1990-01-15	0	4.51	15	3.5
1990-01-16	0	3.77	15	5
1990-01-17	0	2.78	14	5.5
1990-01-18	0	3.39	16	4
1990-01-19	0	3.09	17.5	5
1990-01-20	0	3.33	17	4
1990-01-21	0	5.1	19	6
1990-01-22	0	3.5	18	5.5
1990-01-23	0	3.83	20	5
1990-01-24	0	2.55	17	6
1990-01-25	0	3.51	16.5	2
1990-01-26	0	3.68	16	2
1990-01-27	0	4.42	16.5	2
1990-01-28	0	2.23	16	2
1990-01-29	0	5.57	19.5	3
1990-01-30	0	5.83	23	3
1990-01-31	0	3.94	26	3.5
1990-02-01	0	NULO	18	4
1990-02-02	0	NULO	18	4
1990-02-03	0	NULO	19	5
1990-02-04	0	NULO	20	6
1990-02-05	0	NULO	21	4
1990-02-06	0	NULO	19	3
1990-02-07	0	NULO	19	2
1990-02-08	0	NULO	18	1.5
1990-02-09	0	NULO	18	4
1990-02-10	0	NULO	19	4
1990-02-11	0	NULO	15	2
1990-02-12	0.01	NULO	17	5
1990-02-13	0.01	NULO	16	6
1990-02-14	0	NULO	18	6
1990-02-15	0	NULO	15	5
1990-02-16	0	NULO	13	2
1990-02-17	0	NULO	13	-2
1990-02-18	0	NULO	12	-2
1990-02-19	0	NULO	12	1
1990-02-20	2	NULO	13	1
1990-02-21	0	NULO	18	-2
1990-02-22	0	NULO	18	1
1990-02-23	0	NULO	17	4
1990-02-24	0	NULO	18	5
1990-02-25	0.01	NULO	17	6
1990-02-26	0	NULO	17	5
1990-02-27	0	NULO	17	6
1990-02-28	0	NULO	22	5
1990-03-01	0	7.45	22	4
1990-03-02	0	11.22	22.5	3.5
1990-03-03	0	12.75	20.5	3.5
1990-03-04	0	7.85	20.5	2
1990-03-05	0	9.15	26.5	3
1990-03-06	0	7.06	27	2
1990-03-07	0	7.01	27	2
1990-03-08	0.5	5.23	23.5	3
1990-03-09	1.2	0.2	23	6.5
1990-03-10	1.4	0.5	25	2.5
1990-03-11	0.5	0.32	25	5
1990-03-12	0	3.99	26	2.5
1990-03-13	0	4.29	23	3
1990-03-14	0	3.58	25	3
1990-03-15	0	3.69	26	3.5
1990-03-16	0	2.86	24	3.5
1990-03-17	0	4.41	25	3
1990-03-18	0	4.55	24.5	3.5
1990-03-19	0	4.77	19	3
1990-03-20	0	5.11	17	5.5
1990-03-21	0	3.94	20	1
1990-03-22	0	3.23	19	0
1990-03-23	0.01	5.23	20	3
1990-03-24	0.01	5.48	24.5	2
1990-03-25	0.01	2.18	29	3
1990-03-26	0	5.94	24.5	1.5
1990-03-27	0	7.05	26	5.5
1990-03-28	0	7.48	27	5
1990-03-29	0	6.34	26	6
1990-03-30	0	4.89	26.5	6.5
1990-03-31	0	5	26	5.5
1990-04-01	0	1.9	26.5	6.5
1990-04-02	0	1.7	25	6
1990-04-03	0	3.98	26	6
1990-04-04	0	4.28	28	5.5
1990-04-05	0	3.54	17	5
1990-04-06	2	1.1	29	8
1990-04-07	0	2.88	31	4.5
1990-04-08	0	3.48	31	1.5
1990-04-09	0	4.03	31	5.5
1990-04-10	0	3.97	18.5	6.5
1990-04-11	0	3.84	20.5	4.5
1990-04-12	0	5.17	30	5.5
1990-04-13	0	2.75	29.5	5.5
1990-04-14	0	4.77	27	5.5
1990-04-15	0	5.67	29	4.5
1990-04-16	0	5.61	29	3.5
1990-04-17	0.01	6.22	30	3
1990-04-18	0.01	5.08	22.5	3.5
1990-04-19	0	5.42	23	3
1990-04-20	0	5.03	23	7
1990-04-21	0	6.31	20	8
1990-04-22	0.01	6.02	26	10
1990-04-23	1.9	8.37	25	11
1990-04-24	0	6.5	25.5	9
1990-04-25	0	4.72	26	8
1990-04-26	0.01	6.81	26	6
1990-04-27	0	7.68	30.5	6.5
1990-04-28	0	9.82	26	7
1990-04-29	0	7.71	26.5	7
1990-04-30	0	8.47	27	7
1990-05-01	0	7.36	26	5
1990-05-02	0.01	4.74	23	6
1990-05-03	0.01	5.71	31	6
1990-05-04	0	5.68	30	6.5
1990-05-05	1.5	6.36	31	6
1990-05-06	7.5	6.24	31	6
1990-05-07	10	5.67	25.5	7.5
1990-05-08	0	3.09	27	9
1990-05-09	0	4.37	28	5.5
1990-05-10	0	4.14	26	6
1990-05-11	12	4.4	28	6
1990-05-12	0	4.96	30	5
1990-05-13	0	4.5	30	6
1990-05-14	0	5.13	29.5	5
1990-05-15	0	5.07	28.5	4
1990-05-16	0	4.69	29	4.5
1990-05-17	0	5.71	28	4
1990-05-18	2.5	5.22	27	8.5
1990-05-19	0	5.57	26.5	9
1990-05-20	0	4.29	27.5	9
1990-05-21	0.01	4.68	28	9.5
1990-05-22	0	3.87	23.5	5.5
1990-05-23	0	3.8	23.5	3.5
1990-05-24	0	3.22	28.5	3.5
1990-05-25	0	4.4	29	3
1990-05-26	0	4.93	30	4
1990-05-27	0	5.87	30.5	8
1990-05-28	0	4.59	33	9.5
1990-05-29	0	5	33.5	9
1990-05-30	17	6.04	31	7.5
1990-05-31	0	5	30	8
1990-06-01	0	3.11	28	4
1990-06-02	0	2.95	27.5	5
1990-06-03	0	6.31	28.5	4.5
1990-06-04	0	5.78	27	5
1990-06-05	0	4.23	28	4
1990-06-06	0	6.6	27.5	4.5
1990-06-07	0	4.56	27	5
1990-06-08	0	3.84	28	5.5
1990-06-09	0	5.62	28	6.5
1990-06-10	0	4.98	27	5.5
1990-06-11	23.5	3.73	27.5	6
1990-06-12	25	4.51	26	6.5
1990-06-13	0	5.29	27.5	7.5
1990-06-14	0	5.02	26	8.5
1990-06-15	0	4.9	22	7.5
1990-06-16	0	4.8	23	7
1990-06-17	0	5.16	23	8.5
1990-06-18	0	5.16	25.5	8
1990-06-19	0	5.9	26	6.5
1990-06-20	41.5	5.56	29	6
1990-06-21	21.3	6.29	25	7
1990-06-22	3	5.17	25	6.5
1990-06-23	0	4.31	25	10
1990-06-24	0	4.78	25	7
1990-06-25	0	4.12	25	7
1990-06-26	0	5.1	22	7.5
1990-06-27	0	5.79	23	8
1990-06-28	0	5.14	23.5	8.5
1990-06-29	0	2.72	22	7
1990-06-30	0	6	20	6
1990-07-01	5	2.07	22.5	9
1990-07-02	20	2.64	19	8.5
1990-07-03	8	3.29	20	12
1990-07-04	0	2.7	21	9
1990-07-05	0	6.33	19	8
1990-07-06	0	4.92	17	9
1990-07-07	0	6.26	18.5	8
1990-07-08	0	6.3	22	9.5
1990-07-09	0	8.55	22.5	8
1990-07-10	0	4.61	20	7.5
1990-07-11	0	5.04	19.5	8.5
1990-07-12	31.8	4.56	22.5	7
1990-07-13	0	5.3	21.5	8.5
1990-07-14	43	2	22	12.5
1990-07-15	0	3.74	20	10
1990-07-16	0	4.06	21	7
1990-07-17	0	4.2	18	8.5
1990-07-18	0	3.54	16	7
1990-07-19	0	3.54	17	7
1990-07-20	0	6.46	17	6.5
1990-07-21	0	3.54	14.5	7
1990-07-22	0	4.2	15	7
1990-07-23	6.8	4.52	17	6.5
1990-07-24	0	5.32	17.5	7.5
1990-07-25	0	4.16	21	7
1990-07-26	0	8.8	20	5.5
1990-07-27	0	3.2	21	7
1990-07-28	0	2.6	20	6.5
1990-07-29	7	4.92	19	7
1990-07-30	15.2	5.52	19	6
1990-07-31	0	5.8	20	7
1990-08-01	11.3	2.97	20	9.5
1990-08-02	14.5	2.03	19.5	9
1990-08-03	0	2.59	21	8
1990-08-04	0	2.38	21.5	8.5
1990-08-05	0	1.67	20.5	8
1990-08-06	0	3.39	22	7
1990-08-07	8	2	21.5	9
1990-08-08	0	2.57	19.5	9.5
1990-08-09	0	3.45	20	9
1990-08-10	0	4.33	21	9
1990-08-11	8.7	3.56	20	7
1990-08-12	13.6	3.9	21.5	7
1990-08-13	0	4.4	22	6
1990-08-14	0	3.83	22.5	8
1990-08-15	0	4.15	22	8.5
1990-08-16	0	3.1	22	9
1990-08-17	0	5.08	25	11.5
1990-08-18	0	3.33	22.5	10
1990-08-19	0	3.95	23.5	9.5
1990-08-20	0	7.42	23.5	11
1990-08-21	0	4.63	22.5	7
1990-08-22	0	4.25	25	7.5
1990-08-23	0	2.34	26.5	6
1990-08-24	0	4.71	22	8
1990-08-25	0	3.75	21.5	7
1990-08-26	0	5.05	24.5	10
1990-08-27	0	3.46	25	10.5
1990-08-28	0	4.39	24.5	10.5
1990-08-29	0	4.14	23	7.5
1990-08-30	0	4.09	25.5	7
1990-08-31	0	2	23	6
1990-09-01	0	3.1	22	7
1990-09-02	0	2.95	20	7.5
1990-09-03	11.7	2.35	18	7
1990-09-04	7.2	2.35	19	6
1990-09-05	0.01	2.51	23	6.5
1990-09-06	0	3.25	22	7.5
1990-09-07	0	3.2	24	8
1990-09-08	0	3.66	27	8.5
1990-09-09	0	4.1	26	8
1990-09-10	13.5	4.05	22	8.5
1990-09-11	4	3.97	18	7
1990-09-12	2.1	2.45	16	7.5
1990-09-13	0	2.77	17	6
1990-09-14	0.01	2.8	17.5	6.5
1990-09-15	0	2.96	18.5	6
1990-09-16	0	2.41	20	6.5
1990-09-17	0	2.67	21	7.5
1990-09-18	0	2.99	23	8
1990-09-19	0	3.65	25	8.5
1990-09-20	14	4.45	26	8
1990-09-21	8.3	4.81	20	9.5
1990-09-22	6	4.07	22	7
1990-09-23	0.01	3.88	20	7.5
1990-09-24	0.01	3.86	25	7
1990-09-25	0	4.71	24	10
1990-09-26	0	4.36	22	10.5
1990-09-27	0	4.15	18	8
1990-09-28	0	3.63	19	7.5
1990-09-29	0	3.43	21	7
1990-09-30	0.01	3.85	22	7.5
1990-10-01	0	3.2	23	6
1990-10-02	0	3.18	24	7
1990-10-03	0	3.66	22	7.5
1990-10-04	0	3.25	23	6
1990-10-05	0.01	3.45	21	5
1990-10-06	10	3.1	24	5
1990-10-07	6.5	3.65	25	7
1990-10-08	3	3.81	23	8
1990-10-09	0.01	4.36	25	7
1990-10-10	0.01	4.1	25	9
1990-10-11	0	4.25	26	9
1990-10-12	0	4.5	24	10
1990-10-13	0	4.66	25.5	8
1990-10-14	0	4.18	27	11
1990-10-15	0	4.22	27.5	11
1990-10-16	7.5	4.89	25	10
1990-10-17	11	5.1	26	9
1990-10-18	4	4.77	26	8
1990-10-19	1	4.91	24	9
1990-10-20	0	4.83	24.5	7
1990-10-21	0	4.25	22	7.5
1990-10-22	0	3.91	21	6
1990-10-23	0	3.65	23	6
1990-10-24	0.01	3.51	25	8
1990-10-25	0.01	4.03	24	9
1990-10-26	0	4.18	22	8
1990-10-27	0	4	23	6
1990-10-28	3	4.15	25	7
1990-10-29	7	4.58	24	7
1990-10-30	5	4.61	26	6
1990-10-31	0.01	4.55	25	8
1990-11-01	0	4.55	24	5
1990-11-02	0	4.65	22	6
1990-11-03	0	4.18	24	5.5
1990-11-04	0	4.35	22.5	7
1990-11-05	0	4.1	23.5	6.5
1990-11-06	0	4.35	24	7.5
1990-11-07	0.01	4.66	23.5	7
1990-11-08	3	4.08	20	6.5
1990-11-09	1.5	3.75	18	6
1990-11-10	0	3.6	19	4.5
1990-11-11	0	3.95	17	3
1990-11-12	0	3.25	20	2.5
1990-11-13	0	3.88	22	2.5
1990-11-14	0	4.22	21.5	4
1990-11-15	2.1	4.65	23	3.5
1990-11-16	1.5	4.77	25	4.5
1990-11-17	0	4.87	26	6
1990-11-18	0	5.01	24	6.5
1990-11-19	0	4.71	24	7.5
1990-11-20	0	4.68	24.5	8
1990-11-21	3.5	4.38	22	7
1990-11-22	2.8	3.71	20	7
1990-11-23	0.01	3.66	21	6.5
1990-11-24	0.01	3.74	23	3
1990-11-25	0	3.44	23.5	5.5
1990-11-26	0	4.5	20	6.5
1990-11-27	0	3.75	18	5
1990-11-28	0	3.25	19	3.5
1990-11-29	0	3.5	17	4.5
1990-11-30	0	3.4	20	3
1990-12-01	0	3.25	19	1
1990-12-02	0	2.85	20	3
1990-12-03	0	3.2	17	4
1990-12-04	0	2.75	20	2
1990-12-05	0	3.11	21	5
1990-12-06	0	3.4	21.5	6
1990-12-07	0.01	3.31	22	5.5
1990-12-08	0.01	3.27	19	6
1990-12-09	0	2.41	19	4
1990-12-10	0	2.73	17	3
1990-12-11	0	2.03	18	1
1990-12-12	3	2.36	20	4.5
1990-12-13	1	3.24	22	5
1990-12-14	0	3.18	19	7
1990-12-15	0	2.94	16	4
1990-12-16	0	2.32	15	1
1990-12-17	0	2.18	15	0
1990-12-18	0	2.24	14	0
1990-12-19	0	1.89	19	-1
1990-12-20	0	2.27	20	2
1990-12-21	0	2.35	18	2
1990-12-22	0	1.95	17.5	1
1990-12-23	0.01	2.1	20	2
1990-12-24	4	2.94	22	4
1990-12-25	3.7	3.33	20	5.5
1990-12-26	2	2.78	19	5
1990-12-27	0.01	3.34	21	4.5
1990-12-28	0	3.21	17.5	5
1990-12-29	0	2.79	15	2
1990-12-30	0	1.7	15	-1
1990-12-31	0	2.7	17	-1
1991-01-01	0	1.54	22	3
1991-01-02	0	3.24	22	3
1991-01-03	0	3.31	19	3
1991-01-04	0	4.47	17	4
1991-01-05	0	3.08	19	4
1991-01-06	0	2.45	19	5
1991-01-07	0	1.81	15	5
1991-01-08	0	2.84	25	6
1991-01-09	0	3.09	25	5
1991-01-10	0	2.61	25	6
1991-01-11	0	3.7	25	5
1991-01-12	0	3.3	22	4
1991-01-13	0	4.38	23	5
1991-01-14	0	3.63	24	6
1991-01-15	0	3.94	21	2
1991-01-16	0	2.44	21	2
1991-01-17	0	2.66	15	1
1991-01-18	0	2.63	15	1
1991-01-19	0	3.75	20	2
1991-01-20	0	3.34	20	5
1991-01-21	0	2.85	19	6
1991-01-22	0	2.7	18	5
1991-01-23	0	4.55	18	4
1991-01-24	0	2.83	15	4
1991-01-25	0	2.93	17	2
1991-01-26	0	3.36	16	5
1991-01-27	0	3.54	15	4
1991-01-28	0	4.29	15	4
1991-01-29	0	2.81	17	4
1991-01-30	0	3.39	16	4
1991-01-31	0	3.8	17	4
1991-02-01	0	3.95	18	4
1991-02-02	0	4.24	18	4
1991-02-03	0	3.3	19	5
1991-02-04	0	4.43	20	6
1991-02-05	0	3.78	21	4
1991-02-06	0	3.17	19	3
1991-02-07	0	2.59	19	2
1991-02-08	0	2.63	18	1.5
1991-02-09	0	4.63	18	4
1991-02-10	0	1.71	19	4
1991-02-11	0	1.48	15	2
1991-02-12	0.01	3.7	17	5
1991-02-13	0.01	2.71	16	5
1991-02-14	0	2.78	18	6
1991-02-15	0	4.22	15	5
1991-02-16	0	3.43	13	2
1991-02-17	0	3.16	13	-2
1991-02-18	0	4.6	12	-2
1991-02-19	0	3.88	12	1
1991-02-20	2	5.75	13	1
1991-02-21	0	4.12	18	-2
1991-02-22	0	4.06	18	1
1991-02-23	0	1.59	17	4
1991-02-24	0	2.59	18	5
1991-02-25	0.01	2.2	17	6
1991-02-26	0	1.56	17	5
1991-02-27	0	1.46	17	6
1991-02-28	0	1.52	22	5
1991-03-01	0	6.3	18	5
1991-03-02	0	6.55	18	4
1991-03-03	0	6.3	19	6
1991-03-04	0	6.74	20	6
1991-03-05	0	6.84	21	7
1991-03-06	0	6.09	21	3
1991-03-07	0.01	7.31	19	3
1991-03-08	0.01	7.69	19	4
1991-03-09	0.01	7.12	20	4
1991-03-10	0	5.79	20	5
1991-03-11	0	8.21	21	6
1991-03-12	0	7.78	22	6
1991-03-13	0	5.29	23	5
1991-03-14	0	7.57	24	5
1991-03-15	0	6.95	25	6
1991-03-16	0	3.28	25	6
1991-03-17	0	3.47	24	7
1991-03-18	0	2.93	24	7
1991-03-19	0	6.57	25	6
1991-03-20	0	3.25	24	5
1991-03-21	0	7.22	26	5
1991-03-22	0	5.04	27	4
1991-03-23	0	6.92	25	5
1991-03-24	0	6.94	25	4
1991-03-25	0	4.06	26	4
1991-03-26	0	6.89	24	5
1991-03-27	0	6.86	25	5
1991-03-28	0.01	6.59	25	4
1991-03-29	0.01	7.38	24	4
1991-03-30	0	6.76	25	5
1991-03-31	0.01	7.03	26	4
1991-04-01	0	2.19	26	5
1991-04-02	0	3.59	26	5
1991-04-03	0	6.19	27	6
1991-04-04	0	5.7	27	6
1991-04-05	0	5.56	26	6
1991-04-06	0	5.43	26	6
1991-04-07	0.01	6.53	27	6
1991-04-08	0	4.97	27	6
1991-04-09	0	3.4	29	6
1991-04-10	0	6.77	30	4
1991-04-11	0	6.76	29	4
1991-04-12	0	6.39	29	4
1991-04-13	0	6.71	29	5
1991-04-14	0	7.24	28	5
1991-04-15	0	5.75	28	7
1991-04-16	0	8.46	27	4
1991-04-17	0	5.33	29	5
1991-04-18	0.01	6.16	28	6
1991-04-19	0	7.47	30	5
1991-04-20	0	8.45	30	7
1991-04-21	0	6.78	29	7
1991-04-22	0.01	6.56	28	7
1991-04-23	0	6.6	28	6
1991-04-24	0	7.88	29	8
1991-04-25	0	6.89	29	7
1991-04-26	0	7.05	29	8
1991-04-27	0	8.03	30	8
1991-04-28	0	8.41	29	7
1991-04-29	0	6.98	28	6
1991-04-30	0	5.67	27	6
1991-05-01	0	3.87	27	6
1991-05-02	0	3.91	27	6
1991-05-03	0	5.07	27	6
1991-05-04	0	6.36	26	5
1991-05-05	0	3.79	25	5
1991-05-06	0	5.77	25	5
1991-05-07	0	5.23	24	6
1991-05-08	0	5.56	24	6
1991-05-09	0	6.61	25	7
1991-05-10	0	4.38	25	7
1991-05-11	0.01	7.23	26	7
1991-05-12	0.01	5.77	27	8
1991-05-13	0.01	6.28	28	8
1991-05-14	0.01	6.37	28	8
1991-05-15	0	5.26	27	8
1991-05-16	0	5.7	28	7
1991-05-17	0	5.89	27	7
1991-05-18	0	4.15	29	7
1991-05-19	0	6.25	27	7
1991-05-20	22	5.83	28	8
1991-05-21	0.01	6.15	28	8
1991-05-22	0	6.62	27	6
1991-05-23	0	7.12	28	6
1991-05-24	0	5.78	29	9
1991-05-25	30	5.7	29	8
1991-05-26	0	8.16	28	7
1991-05-27	5	5.31	28	7
1991-05-28	0	6.13	29	7
1991-05-29	0	5.87	27	6
1991-05-30	0	6.67	27	7
1991-05-31	0	8.32	26	7
1991-06-01	0	6.83	25	6
1991-06-02	0	6.08	25	7
1991-06-03	15	4.81	26	7
1991-06-04	0	6.22	27	9
1991-06-05	0.01	5.8	27	9
1991-06-06	0.01	6.65	28	8
1991-06-07	0.01	6.1	28	8
1991-06-08	0	7.5	29	11
1991-06-09	16	5.86	29	11
1991-06-10	10	5.84	30	12
1991-06-11	0	6.29	29	12
1991-06-12	0	6.71	26	12
1991-06-13	20	7.13	28	8
1991-06-14	12	6.67	30	8
1991-06-15	13	8.33	32	7
1991-06-16	0	6.27	31	7
1991-06-17	0	6.72	29	8
1991-06-18	16	6.5	28	8
1991-06-19	0	6.81	27	7
1991-06-20	0.01	5.37	28	9
1991-06-21	0	6.22	27	9
1991-06-22	0.01	3.83	27	10
1991-06-23	0	5.45	26	10
1991-06-24	0	4.61	25	9
1991-06-25	5	5.18	24	9
1991-06-26	0	5.29	26	10
1991-06-27	0	3.86	26	10
1991-06-28	0	4.76	24	9
1991-06-29	0	4.16	24	7
1991-06-30	0	4.23	25	7
1991-07-01	0	3.63	24	7
1991-07-02	0	4.19	24	6
1991-07-03	0	3.81	22	6
1991-07-04	0	5.22	24	7
1991-07-05	0	3.07	23	7
1991-07-06	22	2.71	24	8
1991-07-07	18	4.76	23	7
1991-07-08	0	4.23	23	9
1991-07-09	0	2.59	24	9
1991-07-10	0	3.42	25	10
1991-07-11	0	3.07	26	13
1991-07-12	5	4.12	25	9
1991-07-13	0	3.39	26	7
1991-07-14	0	4.42	25	6
1991-07-15	0	2.22	27	8
1991-07-16	0	3.47	27	8
1991-07-17	0	4.59	26	10
1991-07-18	0	2.74	25	9
1991-07-19	0	4.01	26	9
1991-07-20	0	5.28	26	10
1991-07-21	0	3.15	24	10
1991-07-22	0	2.57	22	9
1991-07-23	0	3.8	22	8
1991-07-24	0	3.82	24	9
1991-07-25	0	3.87	23	10
1991-07-26	0	3.17	24	10
1991-07-27	0	2.14	25	11
1991-07-28	0	4.41	26	12
1991-07-29	0	6.29	26	12
1991-07-30	0	3.85	26	11
1991-07-31	0	2.45	27	12
1991-08-01	0	3.52	26	12
1991-08-02	0	3.93	26	12
1991-08-03	0	3.18	26	11
1991-08-04	0	3.37	26	10
1991-08-05	0	4.41	25	10
1991-08-06	0	3.77	24	11
1991-08-07	2	4.23	25	10
1991-08-08	15	5.24	24	11
1991-08-09	2.5	6.71	23	10
1991-08-10	3	4.69	23	10
1991-08-11	0	5.24	24	9
1991-08-12	0	3.31	24	9
1991-08-13	0	2.7	26	10
1991-08-14	0	1.85	24	10
1991-08-15	0	3.35	23	9
1991-08-16	0.01	2.85	26	9
1991-08-17	0.01	3.4	24	9
1991-08-18	0.01	3.86	23	9
1991-08-19	2	2.52	25	8
1991-08-20	5	4.5	25	7
1991-08-21	2	2.66	26	7
1991-08-22	7	3.59	25	7
1991-08-23	2.5	4.25	23	9
1991-08-24	1	2.88	25	9
1991-08-25	2	3.39	24	8
1991-08-26	3	3.8	23	8
1991-08-27	0.01	4.14	23	7
1991-08-28	0.01	3.81	25	8
1991-08-29	3	4.02	24	8
1991-08-30	0.01	4.82	25	7
1991-08-31	2	5.08	25	7
1991-09-01	0	2.34	23	6
1991-09-02	0	3.72	23	6
1991-09-03	0	3.87	24	7
1991-09-04	10	3.2	24	6
1991-09-05	0.01	2.81	22	6
1991-09-06	0	3.89	22	5
1991-09-07	0	4.11	26	7
1991-09-08	0.01	2.89	26	9
1991-09-09	0.01	3.18	27	9
1991-09-10	3	3.12	27	9
1991-09-11	3	2.81	28	8
1991-09-12	5	4.11	27	8
1991-09-13	0.01	3.88	26	7
1991-09-14	2	4.21	25	7
1991-09-15	4	3.94	25	9
1991-09-16	7	5.08	24	9
1991-09-17	0.01	2.89	24	9
1991-09-18	0	3.29	23	9
1991-09-19	11	3.2	24	10
1991-09-20	14	4.82	22	11
1991-09-21	0.01	2.87	20	11
1991-09-22	2	4	19	9
1991-09-23	0	2.7	18	10
1991-09-24	2	5.3	18	9
1991-09-25	0	4.09	19	8
1991-09-26	0	6.6	20	6
1991-09-27	0	4.43	19	7
1991-09-28	0	4.59	20	8
1991-09-29	0	5.11	19	7
1991-09-30	0	7.5	20	8
1991-10-01	0	4.3	20	6
1991-10-02	0	4.25	20	6
1991-10-03	0	4.25	21	5
1991-10-04	0	4.4	22	4
1991-10-05	0	3.35	22	4
1991-10-06	0	5.45	23	5
1991-10-07	0	4.1	23	4
1991-10-08	0	3.8	24	1
1991-10-09	0	4.79	21	2
1991-10-10	0	4.62	20	2
1991-10-11	0	3.89	22	2
1991-10-12	0	3.71	22	3
1991-10-13	0	4.29	24	1
1991-10-14	0	3.75	24	1
1991-10-15	0	4.15	21	1
1991-10-16	0	3.75	20	2
1991-10-17	0	4.4	19	1
1991-10-18	0	3.77	19	1
1991-10-19	0	3.84	21	4
1991-10-20	0	4.18	20	5
1991-10-21	0	3.66	21	4
1991-10-22	0	5.59	22	5
1991-10-23	0	4.22	22	2
1991-10-24	0	5.78	24	2
1991-10-25	0	5.75	24	3
1991-10-26	0	4.31	25	4
1991-10-27	0	5.79	24	4
1991-10-28	0	3.61	24	5
1991-10-29	0	5.04	25	2
1991-10-30	0	5.58	24	3
1991-10-31	0	5.49	25	5
1991-11-01	0	3.25	25	5
1991-11-02	0	2.89	26	5
1991-11-03	0	3.36	27	6
1991-11-04	0	2.85	26	7
1991-11-05	0	8.12	25	8
1991-11-06	0	3.18	25	8
1991-11-07	0	2.44	24	6
1991-11-08	0	3.13	23	7
1991-11-09	0	4.17	22	5
1991-11-10	0	2.85	23	6
1991-11-11	0	3.45	23	4
1991-11-12	0	3.69	22	4
1991-11-13	0	4.06	21	4
1991-11-14	0	3.35	22	3
1991-11-15	0	2.65	22	2
1991-11-16	0	2.75	24	2
1991-11-17	0	3.08	23	4
1991-11-18	0	2.94	24	1
1991-11-19	0	4.18	24	4
1991-11-20	0	2.48	22	3
1991-11-21	0	3.87	24	2
1991-11-22	0	3.55	20	4
1991-11-23	0	1.81	21	4
1991-11-24	0	3.23	19	5
1991-11-25	0	3.79	21	4
1991-11-26	0	3.27	20	4
1991-11-27	0	3.08	23	5
1991-11-28	0	1.91	23	5
1991-11-29	0	3.74	22	4
1991-11-30	0	3.76	23	4
1991-12-01	0	2.33	16	5
1991-12-02	0	1.78	17	3
1991-12-03	0	2.34	17	3
1991-12-04	0	1.88	18	3
1991-12-05	0	1.82	18	3
1991-12-06	0	1.9	19	3
1991-12-07	3	5.29	16	2
1991-12-08	0.01	1.16	12	5
1991-12-09	0	1.33	11	2
1991-12-10	0	2.29	16	3
1991-12-11	0	1.93	26	4.5
1991-12-12	0	3.07	24	6
1991-12-13	2	2.22	22	6
1991-12-14	0	1.9	15	4
1991-12-15	0	1.61	15	2
1991-12-16	0	2.79	15	2
1991-12-17	0.01	3.4	15	1
1991-12-18	0.01	3.2	17	1
1991-12-19	0.01	3.81	17	2
1991-12-20	0	3.29	17	2
1991-12-21	0	2.6	17	2
1991-12-22	0	4.11	16	2
1991-12-23	0	3.07	16	1
1991-12-24	0	3.12	15	1
1991-12-25	0	2.78	15	0
1991-12-26	0	2.03	16	0
1991-12-27	0	2.14	16	1
1991-12-28	0	1.75	19	1
1991-12-29	0	3.4	21	3
1991-12-30	0	2.71	19	3
1991-12-31	0	2.09	20	4
1992-01-01	0	3.85	19.5	5
1992-01-02	0	3.67	18.5	6.5
1992-01-03	0	3.75	20	6
1992-01-04	0	4.17	17	6.5
1992-01-05	0	3.25	17.5	4
1992-01-06	0	3.1	16	3
1992-01-07	0	2.95	18	2
1992-01-08	0	3.25	19	2.5
1992-01-09	0	3.55	20	2
1992-01-10	0	3.6	18	4.5
1992-01-11	0	3.15	16	3
1992-01-12	0	2.97	15	-1
1992-01-13	0	2.45	16	-1
1992-01-14	0	2.9	14.5	2.5
1992-01-15	0	2.47	16	-2
1992-01-16	1	2.98	17	2
1992-01-17	0	3.11	17.5	3.5
1992-01-18	0	3.21	18.5	4.5
1992-01-19	0	3.67	16	4
1992-01-20	0	3.43	17	5
1992-01-21	0	3.21	19	6.5
1992-01-22	0	2.95	20	5.5
1992-01-23	0	3.47	21	6
1992-01-24	0	3.78	18	4
1992-01-25	0	3.17	16	3
1992-01-26	0	3.21	15	2.5
1992-01-27	0	2.77	15.5	-2
1992-01-28	0	2.95	17	-2.5
1992-01-29	0	3.1	17	2
1992-01-30	0	3	19	2.5
1992-01-31	0	2.95	20	4
1992-02-01	0	3.11	19	6
1992-02-02	0	3.25	14	4
1992-02-03	0	3.05	16	2.5
1992-02-04	0.01	3.25	17.5	3
1992-02-05	2.7	3.75	17	3.5
1992-02-06	1.6	3.66	18.5	4.5
1992-02-07	0.01	3.41	16	4
1992-02-08	0	3.04	18	3
1992-02-09	0	3.71	19.5	4.5
1992-02-10	0	3.55	16	4
1992-02-11	0	2.97	15	2.5
1992-02-12	0	2.41	14	3
1992-02-13	0	2.34	16	-1
1992-02-14	0	2.59	14	2.5
1992-02-15	0	2.31	17	-1.5
1992-02-16	0	3.44	18	3
1992-02-17	0	3.27	19	2.5
1992-02-18	0	3.21	20	4
1992-02-19	0	3.6	21	4.5
1992-02-20	3.7	3.58	20	5.5
1992-02-21	2.8	3.69	19	5.5
1992-02-22	0.5	3.25	17	2.5
1992-02-23	0.01	3.17	18	3
1992-02-24	0	3.24	18.5	2.5
1992-02-25	0	3.88	17.5	4
1992-02-26	0	4.17	18	4.5
1992-02-27	0	4.25	19	5
1992-02-28	0	4.35	19.5	5
1992-02-29	0	4.19	19	4.5
1992-03-01	0	3.04	22	2
1992-03-02	0	3.87	22.5	3.5
1992-03-03	0	3.45	21	4.5
1992-03-04	0.01	3.9	25	5
1992-03-05	4	4.17	20	6.5
1992-03-06	2.5	4	19	4
1992-03-07	0.01	3.1	18.5	3.5
1992-03-08	0	2.87	20	4.5
1992-03-09	0	3.25	21	6
1992-03-10	0	3.48	22	6.5
1992-03-11	0	3.5	23	5.5
1992-03-12	0	3.67	24	4.5
1992-03-13	0	4.33	23	5
1992-03-14	0	4.51	22	6
1992-03-15	3.7	4.32	21.5	5
1992-03-16	2.8	4.21	22	7
1992-03-17	1	4.47	19	6.5
1992-03-18	0.01	2.18	21	2.5
1992-03-19	0	2.79	22	6.5
1992-03-20	0	3.94	23	7.5
1992-03-21	0	3.48	25	6.5
1992-03-22	0	4.29	24.5	7
1992-03-23	0.01	4.65	23	6.5
1992-03-24	0.01	4.75	24	6
1992-03-25	0	4.71	25	6.5
1992-03-26	0	4.89	24	7
1992-03-27	0	4.32	25	6.5
1992-03-28	0	4.8	23	7.5
1992-03-29	0	4.88	24	6.5
1992-03-30	0	4.91	25	6
1992-03-31	0	4.71	25.5	7
1992-04-01	0	4.75	26	9
1992-04-02	0	4.88	25.5	10
1992-04-03	0	4.71	26	11
1992-04-04	0	4.67	27	9
1992-04-05	0	4.9	28	9.5
1992-04-06	0	4.95	29	10
1992-04-07	0	5.31	28	11
1992-04-08	6	5.17	27	11.5
1992-04-09	4	4.77	29	10
1992-04-10	1	5.18	26	10.5
1992-04-11	0	5.4	25	9
1992-04-12	0	5.65	27	8
1992-04-13	0	5.77	28	10
1992-04-14	0	5.61	29	11
1992-04-15	0	5.75	29.5	11.5
1992-04-16	10	5.62	30	12
1992-04-17	5.5	6.18	27	12.5
1992-04-18	1	5.81	27.5	10
1992-04-19	0	6.01	26	10
1992-04-20	0	5.39	24.5	8
1992-04-21	0	5.92	26	10
1992-04-22	0	5.8	27	9
1992-04-23	0	6.13	28	11
1992-04-24	0	6.35	27	12
1992-04-25	0	6.11	26	10
1992-04-26	0	5.74	25.5	10
1992-04-27	7	5.68	27.5	9
1992-04-28	3.5	6.37	28	11
1992-04-29	1	6.15	28	10
1992-04-30	0	6.07	27	9
1992-05-01	0	4.89	28	11.5
1992-05-02	0	5.11	28.5	9.5
1992-05-03	0	5.65	26	10.5
1992-05-04	7.1	5.41	24	11
1992-05-05	4.6	5.33	23.5	9
1992-05-06	2	5.18	26	8.5
1992-05-07	0.01	5.77	28	7
1992-05-08	0	5.66	29.5	6
1992-05-09	0	6.2	30.5	7.5
1992-05-10	0	6.31	30	10
1992-05-11	0	6.2	31	11
1992-05-12	0	6.43	29	11.5
1992-05-13	8.3	5.78	27.5	9.5
1992-05-14	4.2	5.44	26.5	8.5
1992-05-15	1	5.4	28	6.5
1992-05-16	0.01	5.5	28.5	8.5
1992-05-17	0.01	5.67	26	9
1992-05-18	0	5.89	26.5	9.5
1992-05-19	0	5.1	25	8
1992-05-20	0	4.79	26	7
1992-05-21	6.2	5	24	7
1992-05-22	3	4.67	24.5	6.5
1992-05-23	0	4.91	27	6.5
1992-05-24	0	5.19	27.5	7
1992-05-25	0	6.21	26	7.5
1992-05-26	0	5.55	28	8
1992-05-27	0	5.42	29	8.5
1992-05-28	0	6.44	28	9
1992-05-29	0	6.47	26.5	9.5
1992-05-30	0	5.89	29	10.5
1992-05-31	0	5.66	30	10.5
1992-06-01	0	6.05	26	9
1992-06-02	0	5.97	24	9.5
1992-06-03	0	5.71	23	7
1992-06-04	0	5.41	24	7
1992-06-05	0	5.37	24	9
1992-06-06	8	5.4	25	8
1992-06-07	5	5.67	23	8.5
1992-06-08	0	4.87	25.5	7
1992-06-09	0	5.87	25	9
1992-06-10	0	5.44	26	8
1992-06-11	6	5.65	26.5	9
1992-06-12	3	5.77	24.5	10
1992-06-13	1	4.66	24.5	7
1992-06-14	0	4.55	23	7.5
1992-06-15	0.01	4.6	22	6
1992-06-16	0	4.33	23	6
1992-06-17	0	4.7	21	6.5
1992-06-18	0	4.25	24	8
1992-06-19	0	4.88	26	7
1992-06-20	0	5.67	25	7
1992-06-21	0	5.91	26	8
1992-06-22	0	5.85	27	8
1992-06-23	0	5.82	25.5	8.5
1992-06-24	6.8	5.31	24	7
1992-06-25	4.5	5.2	23	7
1992-06-26	3	4.7	22	8
1992-06-27	0	4.33	25	5.5
1992-06-28	0	5.31	26	8.5
1992-06-29	0	5.94	25.5	8
1992-06-30	0	5.31	23	8
1992-07-01	0	4.58	24	7
1992-07-02	13.5	4.35	23	8
1992-07-03	8.3	4.22	22	7.5
1992-07-04	4.1	4.39	24	6.5
1992-07-05	0.01	4.87	22	7
1992-07-06	0	4.32	20	6.5
1992-07-07	0	3.77	24.5	4.5
1992-07-08	0	4.9	22.5	5
1992-07-09	0	4.71	26	5.5
1992-07-10	0	5.89	24	6
1992-07-11	14.8	4.98	25	4.5
1992-07-12	7.4	5.32	26	6
1992-07-13	3.6	5.55	25	6.5
1992-07-14	1	5.4	26	7
1992-07-15	0	5.67	22	7.5
1992-07-16	0	4.3	24	6
1992-07-17	0	4.61	24.5	5
1992-07-18	0	4.8	26	6
1992-07-19	0	5.11	27	7
1992-07-20	21	5.48	26	7.5
1992-07-21	9.4	5.07	27	6.5
1992-07-22	3.5	5.68	26	7
1992-07-23	0	5.3	24	7.5
1992-07-24	0.01	4.79	23	6
1992-07-25	0.01	4.55	24	6.5
1992-07-26	0	4.88	25	5
1992-07-27	0	5.03	22	4.5
1992-07-28	0.01	4.35	20	4.5
1992-07-29	0	4.1	22	4.5
1992-07-30	0	4.17	23	4
1992-07-31	0.01	4.5	24	5
1992-08-01	0	4.58	26	9
1992-08-02	0	5.32	24	10
1992-08-03	0	5.04	25	9
1992-08-04	14.5	5.48	25	9.5
1992-08-05	10	4.77	26	7
1992-08-06	7.7	5.66	27	8
1992-08-07	2.1	5.84	28	10
1992-08-08	0	5.31	29	10.5
1992-08-09	0.01	6.11	29.5	11
1992-08-10	0.01	6.14	28	10
1992-08-11	0	6.27	27	9
1992-08-12	0	5.88	25	9
1992-08-13	0	5.5	25.5	7.5
1992-08-14	0	5.4	27	7
1992-08-15	0.01	5.63	26	9
1992-08-16	8.6	5.56	24	8
1992-08-17	5	4.9	25	6
1992-08-18	7.5	4.67	24	6.5
1992-08-19	3	4.5	25	7
1992-08-20	0	4.38	26	7
1992-08-21	0	4.9	27	8
1992-08-22	0	4.99	25	6
1992-08-23	0	4.77	26	6
1992-08-24	0	4.95	27	7
1992-08-25	0	5.07	25	9
1992-08-26	0.01	5.19	26	8
1992-08-27	0	5.24	24	8.5
1992-08-28	3.1	4.97	25	6
1992-08-29	0.01	4.6	24.5	7
1992-08-30	0.01	4.43	26	6.5
1992-08-31	0	4.88	27	7
1992-09-01	0	4.64	26	7.5
1992-09-02	0	5.21	24	8.5
1992-09-03	0	4.63	25	6.5
1992-09-04	0	4.81	25.5	7
1992-09-05	14.5	4.7	24	7.5
1992-09-06	6.2	4.55	22	7
1992-09-07	1	4.17	23	6
1992-09-08	0	4.77	24	6.5
1992-09-09	0	4.67	23.5	7.5
1992-09-10	0	4.8	24	6
1992-09-11	2	4.41	22	6.5
1992-09-12	0.01	4.2	20	6
1992-09-13	0	4.03	20	5.5
1992-09-14	0	3.79	21	5
1992-09-15	0	3.7	23	6
1992-09-16	12.8	3.95	24	6.5
1992-09-17	8.2	4.6	20	7.5
1992-09-18	3.5	4.11	20.5	8
1992-09-19	0	3.9	19	8.5
1992-09-20	0	3.4	17	6
1992-09-21	0	3.5	18.5	5
1992-09-22	4	3.2	20	5
1992-09-23	2.8	3.65	19	6.5
1992-09-24	0.01	3.55	22	7
1992-09-25	0	3.9	23.5	8
1992-09-26	0	4.17	22	8.5
1992-09-27	0	4	24	7.5
1992-09-28	0.01	4.59	23	7
1992-09-29	0.5	4.38	22	7
1992-09-30	0	4.22	20	6.5
1992-10-01	0	3.79	21	8
1992-10-02	0	3.69	20	7
1992-10-03	0	3.8	22	6.5
1992-10-04	0	3.91	23	8
1992-10-05	0	3.99	21	6
1992-10-06	0.01	3.67	19	6
1992-10-07	0.01	3.1	20	5.5
1992-10-08	1	2.95	21	5
1992-10-09	0	2.98	21	5.5
1992-10-10	0	2.79	19	6.5
1992-10-11	0	2.65	22	5
1992-10-12	0	3.43	24	7
1992-10-13	0	4.17	24.5	8
1992-10-14	3	4.25	23.5	7.5
1992-10-15	1.8	4.22	22	7
1992-10-16	0.01	4.16	21	6
1992-10-17	0	3.88	21	5.5
1992-10-18	0	3.93	20	6
1992-10-19	0	3.24	19	5
1992-10-20	0	3	24	4.5
1992-10-21	0	3.89	25	6
1992-10-22	0	4.16	24	7.5
1992-10-23	0	4.15	25	7
1992-10-24	0.01	4.78	25	8
1992-10-25	4.8	4.83	23	8.5
1992-10-26	2.3	3.84	19	7
1992-10-27	1	2.65	20	5
1992-10-28	0	3.18	21	5.5
1992-10-29	0	3.17	24	6
1992-10-30	0	4.23	23	7.5
1992-10-31	0	4.4	22	6
1992-11-01	0	4.15	20	5
1992-11-02	0	3.77	22	4
1992-11-03	0	3.61	21.5	6
1992-11-04	0	3.44	20	6.5
1992-11-05	0	3.1	21	4.5
1992-11-06	0	3.25	22	5.5
1992-11-07	0.01	3.41	24	6.5
1992-11-08	0.2	3.67	25	7.5
1992-11-09	1.7	3.8	23	8
1992-11-10	0.01	3.22	20	7.5
1992-11-11	0	3	19	4
1992-11-12	0	2.45	18	3.5
1992-11-13	0	2.66	18.5	3
1992-11-14	0	2.71	17	3.5
1992-11-15	0	2.88	15	2.5
1992-11-16	0	2.9	16	2
1992-11-17	0	3.24	20	2.5
1992-11-18	0.01	3.28	21	3
1992-11-19	0.01	3.45	22	3.5
1992-11-20	0	3.55	19	4
1992-11-21	0	3.2	18	3
1992-11-22	3	3.71	20	7
1992-11-23	0	2.9	20	3
1992-11-24	0	3.15	21	3.5
1992-11-25	0	3.33	20.5	4
1992-11-26	0	3.68	22	5.5
1992-11-27	0	3.4	17	6
1992-11-28	0	2.9	16	6.5
1992-11-29	0	2.48	15.5	4
1992-11-30	0	2.58	17	3
1992-12-01	0	3.28	17	4.5
1992-12-02	0	3.4	17.5	4
1992-12-03	0	3.2	16	4.5
1992-12-04	0	2.8	15	5
1992-12-05	0	2.7	18	3
1992-12-06	0	2.45	19	4.5
1992-12-07	0	2.66	20	2.5
1992-12-08	0	2.81	21	3.5
1992-12-09	0	2.8	24	2.5
1992-12-10	0	3	25	6.5
1992-12-11	0	3.15	20	7
1992-12-12	0	3.07	22	3.5
1992-12-13	0	3.24	19	6
1992-12-14	0	2.87	16	2.5
1992-12-15	0	2.51	18	-2
1992-12-16	0	2.67	16	-1
1992-12-17	0	2.85	15	0
1992-12-18	0	2.15	19	-2
1992-12-19	0	2	18	-1
1992-12-20	0	1.98	19	1.5
1992-12-21	0	1.75	17	2.5
1992-12-22	0	2.84	16	3
1992-12-23	0	2.64	15	2.5
1992-12-24	0	2.36	17	-2
1992-12-25	0	2.55	19	2.5
1992-12-26	0	3.25	25	4.5
1992-12-27	0	3.65	14	4
1992-12-28	0	3.42	14	3.5
1992-12-29	0	2.45	16	3
1992-12-30	0	2.71	17	2.5
1992-12-31	0	2.55	18	4
1993-01-01	0	4.65	19	3
1993-01-02	0	3.1	19	2
1993-01-03	0	4.1	18	1.5
1993-01-04	0	3.8	17	0
1993-01-05	0	3.8	18	3
1993-01-06	0	4.7	19	2
1993-01-07	0	3.35	12	4
1993-01-08	0	2.05	12	2
1993-01-09	0	3.7	14	3
1993-01-10	0	4.95	19	-1
1993-01-11	0	3.31	19	3.5
1993-01-12	0.01	2.99	18	3
1993-01-13	0	2.65	16	3.5
1993-01-14	0	2.2	18	3
1993-01-15	0	3.7	16	4
1993-01-16	0	4.15	15	5
1993-01-17	0	4.25	14	5
1993-01-18	0	2.4	15	4
1993-01-19	0	3.5	19	5
1993-01-20	0	4.7	18	4
1993-01-21	0	3.2	20	6
1993-01-22	0	2.6	19	5
1993-01-23	0	4.5	19	5.5
1993-01-24	0	4.85	18	6
1993-01-25	0	3.8	17	4
1993-01-26	0	2.9	16	3
1993-01-27	0	2.2	17	2.5
1993-01-28	0	2.1	17	3
1993-01-29	0	2.6	19	4
1993-01-30	0	3.3	21	3
1993-01-31	0	2.2	15	4
1993-02-01	0	3.5	11	1
1993-02-02	0	4.5	14	1
1993-02-03	0	3.8	16	3
1993-02-04	0	2.8	15	4
1993-02-05	0	2.9	16	3
1993-02-06	0	3.3	20	5
1993-02-07	0.01	3.5	20	7
1993-02-08	0	3.5	19	6
1993-02-09	0	3.4	17	5
1993-02-10	0	3.6	18	4
1993-02-11	0	3.8	20.5	4
1993-02-12	0.5	3.3	23	5
1993-02-13	0	2.1	24	6
1993-02-14	0	4.4	24.5	8
1993-02-15	0	3.4	25	7
1993-02-16	0	3.15	25.5	9
1993-02-17	0	2.55	24	9.5
1993-02-18	0	3.4	25	10
1993-02-19	0	2.4	24	11
1993-02-20	0	2.5	24.5	9
1993-02-21	0.01	3.3	23	7
1993-02-22	0.01	2.9	25	6
1993-02-23	0	2.7	26	9.5
1993-02-24	0	3.6	27	10
1993-02-25	0	3.1	24	12
1993-02-26	0	2.8	20	10
1993-02-27	0	3.8	17	7
1993-02-28	0	2.8	14	5
1993-03-01	0	3.6	20	4
1993-03-02	0	3.45	21	3
1993-03-03	0	3.7	22	4
1993-03-04	0	3.1	22.5	4
1993-03-05	0	2.9	24	4.5
1993-03-06	0	3.9	23	5
1993-03-07	0	4.05	19	5
1993-03-08	0	3.15	20	3
1993-03-09	0	3.3	22	4.5
1993-03-10	0	3.15	22	5
1993-03-11	0	3.7	19	5
1993-03-12	3	2.9	23	4
1993-03-13	1	2.95	24	6
1993-03-14	1	3.8	23	5
1993-03-15	0	3.95	25	6
1993-03-16	0	4.05	25	7
1993-03-17	0	4.18	26	7.5
1993-03-18	0.01	4.1	22	8
1993-03-19	0.01	3.98	20	4
1993-03-20	0.01	4.05	25	4
1993-03-21	0	3.75	25	6
1993-03-22	0	4	23	5
1993-03-23	0	4.1	19	3
1993-03-24	0	4.08	19	3.5
1993-03-25	0	3.85	23	5
1993-03-26	0	3.75	26	5
1993-03-27	0	3.6	26	6
1993-03-28	0	3.72	26.5	6
1993-03-29	0	4.02	25	6.5
1993-03-30	0	4.17	26	6.5
1993-03-31	0.01	3.95	26	5.5
1993-04-01	0	3.08	24	6
1993-04-02	0	3.15	25	6.5
1993-04-03	0	4.05	25.5	6
1993-04-04	0	3.95	23	5
1993-04-05	0	3.85	24	5.5
1993-04-06	0	4.16	25	7
1993-04-07	0	3.7	25.5	7
1993-04-08	0	3.9	26	6
1993-04-09	0	4.02	26	4.5
1993-04-10	0	4.15	27	6
1993-04-11	0	4.1	27	5.5
1993-04-12	0	4.18	25.5	5
1993-04-13	0	4.2	25.5	5.5
1993-04-14	0	3.88	26	5
1993-04-15	0.01	3.75	26.5	4.5
1993-04-16	0.01	3.95	27	5
1993-04-17	0	2.98	27.5	4.5
1993-04-18	0	4.05	24	5
1993-04-19	0	4	25	3
1993-04-20	0	3.68	23	4
1993-04-21	0	3.55	24	3
1993-04-22	0.01	3.65	23	5
1993-04-23	0	3.5	24.5	4
1993-04-24	0	3.88	24	4.5
1993-04-25	0	3.63	25	4
1993-04-26	0	3.38	25	5
1993-04-27	0	3.7	26	5.5
1993-04-28	0	3.68	26.5	6
1993-04-29	0	3.79	25.5	5.5
1993-04-30	0	3.92	25	5
1993-05-01	0	3.68	26	7
1993-05-02	0	4.18	25	9
1993-05-03	0.01	4.14	26	9
1993-05-04	0.01	4.65	26.5	10
1993-05-05	0	4.58	22	10
1993-05-06	0	4.4	20	6
1993-05-07	0	3.88	20	6
1993-05-08	0	3.8	24	5
1993-05-09	0	3.75	25	5.5
1993-05-10	0	3.6	25.5	7
1993-05-11	5	3.68	25.5	6
1993-05-12	7	3.72	26	5
1993-05-13	0	4.18	27	6
1993-05-14	0	4.2	28	5
1993-05-15	0	4.64	28.5	6.5
1993-05-16	2.5	5.06	29	6
1993-05-17	1	5.35	28	6
1993-05-18	0	5.65	27	7
1993-05-19	0	6.05	27.5	5.5
1993-05-20	0.01	6.1	26	8
1993-05-21	1	5.9	26.5	7
1993-05-22	2	5.87	28	6.5
1993-05-23	0	5.76	29	7
1993-05-24	0	6.15	28.5	7
1993-05-25	0	6.53	28	6.5
1993-05-26	0	6.68	30	6
1993-05-27	0	6.35	29	9
1993-05-28	0	6.85	28	8.5
1993-05-29	0	6.55	27.5	7
1993-05-30	0	5.63	29	7.5
1993-05-31	0.01	6.3	28	8
1993-06-01	0	5.98	25	5
1993-06-02	0	5.75	25.5	5.5
1993-06-03	0	5.68	26	5.5
1993-06-04	0	5.85	25	6.5
1993-06-05	0	5.95	26.5	5
1993-06-06	0	6.18	26.5	5
1993-06-07	0	6.28	27	5.5
1993-06-08	0	6.35	27	5
1993-06-09	0	6.27	27.5	6.5
1993-06-10	0	6.45	28	6
1993-06-11	10	5.88	28	7.5
1993-06-12	15	6.77	27	6.5
1993-06-13	7	6.89	25	6
1993-06-14	0	6.75	26	6
1993-06-15	0	6.62	23	6.5
1993-06-16	0	6.18	25	4
1993-06-17	0	5.85	25.5	5
1993-06-18	10	5.7	26	5
1993-06-19	0	5.69	24.5	7
1993-06-20	0	5.46	25	6
1993-06-21	9	6	25	5
1993-06-22	5	5.45	24	6
1993-06-23	1	4.78	24.5	5
1993-06-24	0	4.65	25	5
1993-06-25	0	4.97	25	5.5
1993-06-26	0	5.1	23	6
1993-06-27	0	5.35	25	5
1993-06-28	0.01	5.18	26	7
1993-06-29	0	4.9	26.5	7
1993-06-30	0	5.17	27	8
1993-07-01	0	4.1	26	9
1993-07-02	8	4.85	26.5	9
1993-07-03	10	5.21	27	10
1993-07-04	4	5.33	25.5	10
1993-07-05	0	4.81	23	9
1993-07-06	0	4.74	23	6
1993-07-07	0	4.95	24	5
1993-07-08	0	4.35	24.5	6.5
1993-07-09	0	5.12	25	6
1993-07-10	0	5.36	26	6.5
1993-07-11	0	4.87	27	7
1993-07-12	14	5.18	24	7
1993-07-13	18.5	4.51	24	5
1993-07-14	6	5.1	22	5
1993-07-15	0	4.88	24.5	4
1993-07-16	0	5.17	23	5.5
1993-07-17	0	4.83	24.5	4
1993-07-18	0	5	24.5	4
1993-07-19	0.01	4.76	23	4.5
1993-07-20	0.01	5.11	25	4
1993-07-21	0	5.26	26	6
1993-07-22	0	4.77	24	6.5
1993-07-23	0	4.61	25	5
1993-07-24	0	4.78	25	4
1993-07-25	0	5.77	23	5
1993-07-26	10	4.88	25.5	5
1993-07-27	15.5	6.01	24	6
1993-07-28	5	6.33	20	5
1993-07-29	4	4.91	22	5
1993-07-30	5	5.33	22.5	4.5
1993-07-31	0	4.65	23.5	4
1993-08-01	0	3.18	20	7
1993-08-02	0	3.1	22	9.5
1993-08-03	0	3.2	21	8.5
1993-08-04	0.01	2.98	21.5	10
1993-08-05	8.3	3.17	19.5	10.5
1993-08-06	7.5	2.82	20	9.5
1993-08-07	4.2	2.97	19	9
1993-08-08	0.01	3.05	22	9.5
1993-08-09	0	3.12	23	8
1993-08-10	0	3.14	20	10
1993-08-11	0	3.41	21	9.5
1993-08-12	0	3.05	22.5	9.5
1993-08-13	0	3.19	24	10
1993-08-14	0	3.22	23	10.5
1993-08-15	7.5	3.72	22	7.5
1993-08-16	4.9	3.85	21	7.5
1993-08-17	2.1	3.21	25	11
1993-08-18	0	3.62	25	11.5
1993-08-19	0	3.72	26	10.5
1993-08-20	0	3.89	24	8.5
1993-08-21	0	4.1	23.5	10.5
1993-08-22	0.01	4.03	21	7
1993-08-23	0	3.9	21.5	7.5
1993-08-24	0	3.69	22	9
1993-08-25	10.5	3.23	19.5	8
1993-08-26	12.8	2.97	20	9.5
1993-08-27	4.5	2.88	19	9
1993-08-28	0.01	3.04	21	9
1993-08-29	0	3.3	23	7.5
1993-08-30	0	3.67	24	8
1993-08-31	0	4.06	25	7.5
1993-09-01	0	4.18	23.5	7.5
1993-09-02	0	4.21	24.5	9.5
1993-09-03	0.01	4.66	22	6.5
1993-09-04	14.5	4.3	19	8.5
1993-09-05	8.3	4.12	19.5	8
1993-09-06	6.2	3.86	17	8
1993-09-07	4.1	3.76	17.5	9
1993-09-08	0.01	3.65	20	6.5
1993-09-09	0.01	3.79	21.5	10.5
1993-09-10	0	3.32	24	8.5
1993-09-11	0	4.42	24.5	10
1993-09-12	0	4.58	22	10
1993-09-13	0	4.76	21.5	7.5
1993-09-14	0	3.41	22	6
1993-09-15	0.01	3.6	19	8
1993-09-16	2	3.63	21	9
1993-09-17	0.01	3.82	24	8.5
1993-09-18	0	3.97	23	10
1993-09-19	0	4.18	22	9.5
1993-09-20	0	4.08	22.5	7.5
1993-09-21	8.3	3.86	17.5	9
1993-09-22	4.7	3.63	16	5
1993-09-23	2	3.77	17	6.5
1993-09-24	6.7	3.91	18.5	10
1993-09-25	0.01	3.84	19	5.5
1993-09-26	0.01	4.06	19.5	8
1993-09-27	0	4.1	20	10
1993-09-28	0	4.14	21	10.5
1993-09-29	0	4.31	18.5	11.5
1993-09-30	0	4.02	20	9
1993-10-01	0	3.59	21	11
1993-10-02	0	3.45	22	10
1993-10-03	0	3.55	22.5	8
1993-10-04	0	3.61	23	9
1993-10-05	0	3.7	24	9
1993-10-06	0	3.82	24.5	7.5
1993-10-07	0	4.21	25	7
1993-10-08	0	4.29	25	8
1993-10-09	0	4.32	24.5	8
1993-10-10	0	4.55	23	7
1993-10-11	2	4.35	24	7
1993-10-12	1	4.31	25	6
1993-10-13	0	4.5	24	7.5
1993-10-14	0	4.62	23	7
1993-10-15	0	4.25	24	7.5
1993-10-16	0	4.16	24	6
1993-10-17	0	4.22	23	5
1993-10-18	0.01	4.33	23.5	5
1993-10-19	0	4.22	24	6
1993-10-20	0	4.19	22	6
1993-10-21	0	3.86	21	6.5
1993-10-22	0	3.95	22	6
1993-10-23	0	4.16	21	5
1993-10-24	0	4.12	21	4
1993-10-25	0	3.96	20	4
1993-10-26	0	3.87	19	3
1993-10-27	0	3.91	17	3
1993-10-28	0.01	3.76	17	3
1993-10-29	0	3.69	15	3.5
1993-10-30	0	3.56	15	4
1993-10-31	0	3.67	17	3
1993-11-01	0	3.84	21	5
1993-11-02	0	3.71	22	5
1993-11-03	0	3.6	21	4
1993-11-04	0	3.35	23	4.5
1993-11-05	0	3.69	23	6
1993-11-06	0.01	3.71	21	4
1993-11-07	0	3.68	24	4.5
1993-11-08	0	3.86	21.5	8.3
1993-11-09	0	3.66	20	4.5
1993-11-10	0.01	3.52	18	4
1993-11-11	4	3.48	17	3.5
1993-11-12	1	3.5	22	4
1993-11-13	0	3.84	21	2
1993-11-14	0	3.73	22.5	4.5
1993-11-15	0	3.94	23	3.5
1993-11-16	0	4.17	24	6.5
1993-11-17	0	4.22	23	4.5
1993-11-18	0.01	4.37	17	7
1993-11-19	0.01	4.06	17.5	4
1993-11-20	2	4.01	14.5	4.5
1993-11-21	0	3.79	14	4.5
1993-11-22	0	3.62	13.5	4
1993-11-23	0	3.5	22	2
1993-11-24	0	3.89	21	2.5
1993-11-25	0	3.66	18	3.5
1993-11-26	0.01	3.55	17.5	4
1993-11-27	0.01	3.41	16	4.5
1993-11-28	3	3.2	14	4.5
1993-11-29	1	3.37	15	4
1993-11-30	0	3.23	18	4.5
1993-12-01	0	3.65	17	4
1993-12-02	0	3.85	18	3
1993-12-03	0	3.91	17.5	3.5
1993-12-04	0	3.99	18.5	2.5
1993-12-05	0	4.1	19	3
1993-12-06	0.01	3.87	21	3
1993-12-07	0	4.38	23	3.5
1993-12-08	0	4.49	24	6.5
1993-12-09	8	4.67	26	6.5
1993-12-10	0	4.9	17	2.5
1993-12-11	0	4.73	16	6
1993-12-12	0	4.36	18	4.5
1993-12-13	0	3.72	17.5	2
1993-12-14	0	4.12	16	1
1993-12-15	0	4.03	16	0
1993-12-16	7	3.91	16.5	0.5
1993-12-17	4	3.74	18	1.5
1993-12-18	0	3.99	19	1
1993-12-19	0	3.57	22.5	3
1993-12-20	0	4.48	24	1
1993-12-21	0.01	4.63	21	2.5
1993-12-22	4	4.2	22	3.5
1993-12-23	10	4.36	17.5	3.5
1993-12-24	1	4.13	16	4
1993-12-25	0	3.88	17.5	2.5
1993-12-26	0	3.73	15	0
1993-12-27	0	3.51	18	1
1993-12-28	0	3.34	17.5	1.5
1993-12-29	0	3.18	16.5	5.5
1993-12-30	0	3.72	17	2.5
1993-12-31	0	3.37	19	3.5
1994-01-01	0.01	3.69	17	4
1994-01-02	0	3.21	15.5	3
1994-01-03	0	3.3	16	3
1994-01-04	0	3.16	15	4.5
1994-01-05	0	3.23	15.5	4.5
1994-01-06	0	3.42	16	4
1994-01-07	0	3.57	13	4
1994-01-08	0	3.19	13	3
1994-01-09	0.01	3.11	14.5	3
1994-01-10	1	3.29	14	4.5
1994-01-11	0	3.36	13	4.5
1994-01-12	0	3.58	13	3
1994-01-13	0	3.7	14	2
1994-01-14	0	3.66	15	2
1994-01-15	0	3.5	14.5	3
1994-01-16	0	3.69	13	2.5
1994-01-17	0	3.87	13.5	2
1994-01-18	0	3.75	14	2
1994-01-19	0	3.98	10	3
1994-01-20	0	3.46	9	1
1994-01-21	0	3.19	9.5	-1
1994-01-22	0	3.05	10	1
1994-01-23	0	3.13	13	1.5
1994-01-24	0	3.37	16	3
1994-01-25	0.01	3.59	18	3.5
1994-01-26	0.01	4.12	18.5	4
1994-01-27	0	4.36	20	4
1994-01-28	0	4.41	21	5
1994-01-29	0	4.67	22	5.5
1994-01-30	0	3.84	21.5	5
1994-01-31	0	3.6	22	3.5
1994-02-01	0	3.91	18	4
1994-02-02	0	3.76	19.5	2.5
1994-02-03	0.01	3.85	17.5	5
1994-02-04	0	3.52	19.5	2
1994-02-05	0	3.6	20	4.5
1994-02-06	0	4.16	18.5	6
1994-02-07	0	4.09	21	2.5
1994-02-08	1	4.18	18	5.5
1994-02-09	0	3.95	17.5	4.5
1994-02-10	0	3.61	18.5	4
1994-02-11	0	3.45	21.5	3.5
1994-02-12	2.3	4.17	18.5	5.5
1994-02-13	1	4.03	18	7
1994-02-14	0.01	4.11	16.5	4
1994-02-15	0.01	3.74	17	4.5
1994-02-16	0	3.84	17	3.5
1994-02-17	0	3.53	18.5	1.5
1994-02-18	0	3.82	17.5	4
1994-02-19	0	3.48	18.5	2.5
1994-02-20	0	3.6	19	5
1994-02-21	0	3.91	19.5	4.5
1994-02-22	0	4.17	18.5	3.5
1994-02-23	0	4.04	20	4
1994-02-24	0	4.36	18	6.5
1994-02-25	0	4.15	19	6
1994-02-26	0	3.73	20	4.5
1994-02-27	0.01	3.97	15.5	6.5
1994-02-28	0	3.16	18	2
1994-03-01	0	3.75	24	-2
1994-03-02	0	3.83	24	2.5
1994-03-03	0	4.14	25	4
1994-03-04	0	4.25	25.5	6
1994-03-05	0	4.09	23.5	4.5
1994-03-06	0	4.2	26	3.5
1994-03-07	0	4.06	24	4.5
1994-03-08	0	4.17	24.5	3
1994-03-09	0	4.34	24.5	1
1994-03-10	0	4.28	20.5	2.5
1994-03-11	0	3.86	26.5	1
1994-03-12	0	4.51	26.5	3
1994-03-13	0.01	4.69	25	3.5
1994-03-14	0	4.43	24	3.5
1994-03-15	0	4.18	19	4.5
1994-03-16	0.01	3.9	23	2
1994-03-17	0	3.82	22	4.5
1994-03-18	0.01	3.66	21.5	2.5
1994-03-19	0	3.57	19.5	4
1994-03-20	0	3.35	18.5	1
1994-03-21	0	3.19	17.5	1
1994-03-22	0	3.1	18.5	2.5
1994-03-23	0	3.38	13	1
1994-03-24	0	3.22	17.5	2
1994-03-25	0	3.63	25	3
1994-03-26	0	4.13	25	3.5
1994-03-27	0.01	4.09	21	4.5
1994-03-28	0	3.97	24.5	1
1994-03-29	0	3.81	22	2.5
1994-03-30	0	3.67	20	3
1994-03-31	0	3.76	21	3.5
1994-04-01	0	3.52	24	4
1994-04-02	0	3.81	25	6.5
1994-04-03	0	4.18	26	7
1994-04-04	0.01	4.66	24	6
1994-04-05	0	4.57	26.5	6
1994-04-06	0	4.84	27	6.5
1994-04-07	0	5.18	27.5	6.5
1994-04-08	0	5.12	27	4
1994-04-09	0	4.83	28.5	4.5
1994-04-10	0	5.29	29	5
1994-04-11	0	6.02	29.5	7
1994-04-12	0	6.19	30	8
1994-04-13	0	6.73	29	7
1994-04-14	0.01	6.9	30	7.5
1994-04-15	6.5	7.07	27.5	8.5
1994-04-16	4.2	6.85	26.5	6
1994-04-17	1	5.81	28	6.5
1994-04-18	0.01	6.63	28.5	7
1994-04-19	0	6.39	27	8.5
1994-04-20	0	6.64	29.5	6.5
1994-04-21	0	6.52	30	7.5
1994-04-22	0	7.27	31	6
1994-04-23	0.01	7.8	28	5.5
1994-04-24	5.4	7.47	27	5
1994-04-25	3.8	6.43	25	6
1994-04-26	0.01	6.38	24	5
1994-04-27	0	5.1	23	4.5
1994-04-28	0	4.87	24.5	5
1994-04-29	0	4.51	25	5.5
1994-04-30	0	4.71	28	6.5
1994-05-01	0	5.13	28	7.5
1994-05-02	0	6.17	27.5	6
1994-05-03	0	6.02	29	7
1994-05-04	0	6.48	29.5	8.5
1994-05-05	0	6.81	26	9.5
1994-05-06	0	5.73	26.5	5
1994-05-07	0	5.51	27	7
1994-05-08	4.3	5.89	25	6.5
1994-05-09	2.7	5.06	25.5	4.5
1994-05-10	0.01	4.72	26	6
1994-05-11	0.01	4.94	24	5.5
1994-05-12	0	4.22	27	4.5
1994-05-13	0	5.6	29	5
1994-05-14	0	6.93	27.5	8
1994-05-15	5.8	6.31	25.5	6.5
1994-05-16	6.9	6.02	26	6
1994-05-17	2	6.37	24	9
1994-05-18	0	6.1	24.5	5
1994-05-19	0	5.9	26	4.5
1994-05-20	0.01	5.73	28	5.5
1994-05-21	0.01	6.04	28	7.5
1994-05-22	2	5.87	25	6.5
1994-05-23	1	5.33	24	4.5
1994-05-24	4.5	5.09	23.5	4.5
1994-05-25	0.01	4.87	24.5	4.5
1994-05-26	0	4.67	25	4
1994-05-27	2	5.12	25.5	5.5
1994-05-28	0	5.01	26	6.5
1994-05-29	0	4.75	24.5	9
1994-05-30	0	4.91	26	5
1994-05-31	0	5.36	27	4
1994-06-01	0	6.2	27	8.5
1994-06-02	0	4.52	25.5	9
1994-06-03	0	5.19	26	7.5
1994-06-04	0	5.71	27	9
1994-06-05	0	6.82	28	10.5
1994-06-06	0	6.98	28.5	8.5
1994-06-07	13.5	7.12	26	8
1994-06-08	8.7	6.63	25	12.5
1994-06-09	4.6	6.01	26.5	9.5
1994-06-10	0.01	6.4	24	8
1994-06-11	0	5.86	24.5	9.5
1994-06-12	0	5.22	25	9
1994-06-13	10.7	5.65	24	7.5
1994-06-14	6.3	5.97	23	8
1994-06-15	8.7	5.36	22	6.5
1994-06-16	0	4.7	24	9.5
1994-06-17	0	4.63	25	7.5
1994-06-18	0.01	4.9	24.5	8
1994-06-19	0.01	4.72	26	9
1994-06-20	17	5.46	23	8
1994-06-21	9.6	5.98	24.5	5
1994-06-22	5.3	6.03	25	9
1994-06-23	2	6.01	24	7.5
1994-06-24	0.01	5.66	23	9
1994-06-25	0	5.87	24.5	7
1994-06-26	0	6.15	27	9.5
1994-06-27	0	6.48	26	7.5
1994-06-28	0	6.5	25	11
1994-06-29	0.01	6.73	24.5	7.5
1994-06-30	0	5.11	25	9
1994-07-01	0	5.27	24	8
1994-07-02	0	5.13	25	6.5
1994-07-03	0	5.76	26	7
1994-07-04	10.5	5.91	25.5	9
1994-07-05	9.2	6.11	24	6
1994-07-06	4.1	6	25	10
1994-07-07	0.01	6.22	26	9.5
1994-07-08	0	6.51	26.5	8.5
1994-07-09	0	6.97	24	11
1994-07-10	10.3	6.43	21	9
1994-07-11	6.6	5.75	21.5	4.5
1994-07-12	4.8	5.48	22	4.5
1994-07-13	0	5.81	23	6
1994-07-14	0.01	5.72	24	8
1994-07-15	0	6.14	25	7.5
1994-07-16	0	6.11	26	10
1994-07-17	0	6.68	25	9
1994-07-18	0	6.07	23	11
1994-07-19	0	5.83	24.5	8
1994-07-20	0	5.9	25.5	11
1994-07-21	0.01	5.63	27	9
1994-07-22	15.4	6.34	23.5	12
1994-07-23	7	5.66	23	8
1994-07-24	2.3	5.39	22	6
1994-07-25	0.01	4.68	24	7
1994-07-26	0	5.49	26	9
1994-07-27	0	6.1	26.5	9.5
1994-07-28	0	6.29	24	10
1994-07-29	0	6.17	25	8
1994-07-30	0	6.35	26	9
1994-07-31	0	6.47	26	8.5
1994-08-01	0	5.22	26.5	10.5
1994-08-02	0	5.18	26	11
1994-08-03	0.01	5.03	25	7.5
1994-08-04	14.5	4.97	24	7
1994-08-05	7.2	4.85	23	7.5
1994-08-06	6.6	5.3	24.5	7
1994-08-07	2.1	5.27	24	8
1994-08-08	0.01	4.81	25	6
1994-08-09	0	5.1	24.5	7
1994-08-10	0	4.51	27	8.5
1994-08-11	0	5.66	27.5	9.5
1994-08-12	0	5.13	26	9
1994-08-13	0	5.44	28	9.5
1994-08-14	0	6.31	27	9
1994-08-15	0.01	5.7	26.5	8.5
1994-08-16	8.5	5	24	9.5
1994-08-17	5.2	4.66	22	9
1994-08-18	3.2	4.5	23	10
1994-08-19	0	4.77	26	7.5
1994-08-20	1	5.11	25	9.5
1994-08-21	3.1	5.46	26	7.5
1994-08-22	0.01	5.1	27	7.5
1994-08-23	0	4.67	24	9
1994-08-24	0	4.87	23	8.5
1994-08-25	0	4.5	24.5	6
1994-08-26	0	5.34	25	6
1994-08-27	0	5.32	25.5	10
1994-08-28	0	6	26	10.5
1994-08-29	0	5.87	27	7.5
1994-08-30	0	5.92	24	9
1994-08-31	0	5.1	26	7
1994-09-01	0	4.88	24	9.5
1994-09-02	14.5	4.31	22	7
1994-09-03	8.5	3.87	23	7.5
1994-09-04	2.3	4.6	22.5	9
1994-09-05	0.01	4.76	23	8
1994-09-06	0	3.41	22	9.5
1994-09-07	0	4.33	24	7.5
1994-09-08	0	4.15	26	6.5
1994-09-09	0	4.9	27	9
1994-09-10	15	5.12	24	9.5
1994-09-11	6	4.63	22	7.5
1994-09-12	3.1	4.06	20	9
1994-09-13	0.01	4.11	18	11
1994-09-14	0	3.65	17	7
1994-09-15	0	3.4	16	5.5
1994-09-16	0	3.6	15.5	8
1994-09-17	0	3.88	18	8.5
1994-09-18	0	3.95	20	5.5
1994-09-19	0	4.2	21	8
1994-09-20	0	4.37	22	8.5
1994-09-21	3.5	4.42	21	10
1994-09-22	2.8	3.92	19	10
1994-09-23	4.9	3.65	19	7
1994-09-24	0.01	4.09	19.5	7.5
1994-09-25	3	4.14	20	8
1994-09-26	0	3.64	21	10
1994-09-27	4.5	4.27	22	10.5
1994-09-28	2	4.35	23	8.5
1994-09-29	0	4.66	24	8
1994-09-30	0	4.78	20	7
1994-10-01	0	3.85	21	11
1994-10-02	3	3.96	21.5	9.5
1994-10-03	1	4.1	22	5
1994-10-04	0	4.21	24	4.5
1994-10-05	0	4.81	22	2.5
1994-10-06	0	3.77	24	4
1994-10-07	0	4.5	20	2.5
1994-10-08	0	4.22	24	3.5
1994-10-09	0	4.79	22	5
1994-10-10	0	4.52	24	2
1994-10-11	4.1	5.1	18	5.5
1994-10-12	2	3.75	17.5	2.5
1994-10-13	0	4	16	2
1994-10-14	0	3.9	14.5	2.5
1994-10-15	0	3.56	16	1.5
1994-10-16	0.01	4.1	15	3
1994-10-17	0.01	3.45	18	3.5
1994-10-18	0	4.82	20	4
1994-10-19	0	5.21	22	5.5
1994-10-20	0	4.91	23	3
1994-10-21	0	4.87	24	2
1994-10-22	6.1	5.11	20	5
1994-10-23	4	4.28	19	1.5
1994-10-24	0	4.3	18	2.5
1994-10-25	0	4.65	14.5	1
1994-10-26	0	3.15	22	0
1994-10-27	0	4.21	19	4
1994-10-28	0	4	21	3.5
1994-10-29	0	4.32	22	4
1994-10-30	0	4.65	23	3.5
1994-10-31	0	4.5	24	3
1994-11-01	0	4.82	25	4
1994-11-02	0	4.79	26	8
1994-11-03	0	5.23	25.5	7
1994-11-04	0	4.55	27	6.5
1994-11-05	0	5.6	24	3
1994-11-06	0	4.77	23.5	4.5
1994-11-07	1.7	4.2	22	7
1994-11-08	0.01	3.88	18	2.5
1994-11-09	0	3.25	20	3
1994-11-10	0	3.95	16.5	4
1994-11-11	0	3.15	16	2.5
1994-11-12	0	3.45	16.5	4
1994-11-13	0	3.76	17	2.5
1994-11-14	0.01	3.58	18	4
1994-11-15	2	4	16.5	3
1994-11-16	0	3.9	21	5
1994-11-17	0	4.28	17	4.5
1994-11-18	0	4.1	17.5	4
1994-11-19	0	3.65	16	4
1994-11-20	0	3.87	14	4.5
1994-11-21	0	3.17	14	3
1994-11-22	2.3	3.33	15	4
1994-11-23	1	3.37	20	4.5
1994-11-24	0	4.5	19	2
1994-11-25	0	3.75	17	2.5
1994-11-26	0	4.07	18	4
1994-11-27	0	3.65	17	3
1994-11-28	0	3.55	20	4.5
1994-11-29	0.01	4.21	22	2.5
1994-11-30	0	4.65	22.5	3
1994-12-01	0.01	3.88	18	3.5
1994-12-02	0.01	3.75	17	3
1994-12-03	0	3.22	19	2.5
1994-12-04	0	3.65	17	3
1994-12-05	0	3.4	15	5
1994-12-06	0	3.52	17.5	2.5
1994-12-07	0	4.07	14	6
1994-12-08	0	3.7	12	4
1994-12-09	0	3.1	15	2.5
1994-12-10	0	3.55	16	1
1994-12-11	0	4.11	17.5	4
1994-12-12	0	4.25	16	1
1994-12-13	0	4.39	14	1.5
1994-12-14	0	3.77	18	2
1994-12-15	0.01	3.65	15	1.5
1994-12-16	3.1	3.45	18	2
1994-12-17	2	3.81	19	3
1994-12-18	0.01	3.72	22	3.5
1994-12-19	0	4.33	21.5	1
1994-12-20	0	4.18	22	3.5
1994-12-21	0	4.27	24	4
1994-12-22	0	4.38	23	4.5
1994-12-23	0	4.3	18	3.5
1994-12-24	2.1	3.18	17	2
1994-12-25	0.1	3.21	19	4
1994-12-26	0	3.44	21	4
1994-12-27	0	3.69	22	3.5
1994-12-28	0	4.21	23	4
1994-12-29	0	4.62	24	3.5
1994-12-30	0	4.33	22	4
1994-12-31	0	4.18	21	3.5
1995-01-01	0	4.23	19	2
1995-01-02	0	3.71	19.5	1
1995-01-03	0	4.03	17	1
1995-01-04	0	4.18	17	0
1995-01-05	0	3.81	20	0
1995-01-06	0	4.28	21	2.5
1995-01-07	0.01	4.3	21.5	2
1995-01-08	0	3.75	20	3
1995-01-09	0	4.12	22	3
1995-01-10	0	4.31	23	3.5
1995-01-11	0	4.44	23.5	5
1995-01-12	0	4.5	21	5
1995-01-13	0	3.78	20	4
1995-01-14	0	4	17	4
1995-01-15	0	3.65	17	2
1995-01-16	0	2.95	19	2
1995-01-17	0	3	16.5	2.5
1995-01-18	0	2.85	16	1
1995-01-19	0	2.4	18	0
1995-01-20	0	2.1	17	-1
1995-01-21	0	2.21	19	-1
1995-01-22	0	2.64	20	0
1995-01-23	0	2.34	20.5	1
1995-01-24	0.01	2.87	22	1.5
1995-01-25	0	3.21	20	2
1995-01-26	0	3.65	17	1.5
1995-01-27	0	2.31	20	-2
1995-01-28	0	2.07	20	-1
1995-01-29	0	2.36	23	0
1995-01-30	0	3.42	24	2
1995-01-31	0	3.64	24	5
1995-02-01	0	4.05	16	1
1995-02-02	0	3.15	17	1.5
1995-02-03	0	3.21	17	-1
1995-02-04	0	2.77	15	-1
1995-02-05	0	2.63	19	2
1995-02-06	0	2.43	20	4
1995-02-07	0	3.29	20	5
1995-02-08	0	3.63	21	5.5
1995-02-09	0	3.48	22	6
1995-02-10	0	3.75	23	6.5
1995-02-11	0	3.71	23	6
1995-02-12	0	3.54	21	6.5
1995-02-13	0	4.1	22	5
1995-02-14	0	4.22	23.5	5.5
1995-02-15	0	3.35	24	6
1995-02-16	0	3.71	24	6
1995-02-17	0	3.28	23	4
1995-02-18	0	3.85	21	4.5
1995-02-19	0	3.46	20	3
1995-02-20	0	3.6	19	3.5
1995-02-21	0	2.95	22	2
1995-02-22	0	3.1	23	5
1995-02-23	0	3.28	24	7
1995-02-24	0	3.7	25	7
1995-02-25	0	3.85	24	8
1995-02-26	0	4.21	25.5	6
1995-02-27	0	3.87	24	7
1995-02-28	0	3.99	26	7.5
1995-03-01	0	4.03	27	7
1995-03-02	0	4.18	27	7.5
1995-03-03	0	4.39	25	8
1995-03-04	0	4.36	24.5	6
1995-03-05	0	4.21	20	6.5
1995-03-06	0	3.77	18.5	4
1995-03-07	0	3.28	20	2
1995-03-08	0	4	19	2
1995-03-09	0	3.78	21	0
1995-03-10	0	3.66	23	3
1995-03-11	0	3.65	23.5	5
1995-03-12	0	4.03	24.5	5.5
1995-03-13	0	3.8	25	7
1995-03-14	0	4.1	26	7.5
1995-03-15	0	4.5	26.5	8
1995-03-16	0	4.66	27	8
1995-03-17	0	4.85	27	9
1995-03-18	0	4.17	28.5	9.5
1995-03-19	0	4.88	26.5	10.5
1995-03-20	0.01	3.87	28	9
1995-03-21	3	4.4	26	10
1995-03-22	1	3.85	25	9
1995-03-23	0	4.6	26	11
1995-03-24	0	4.15	28	10
1995-03-25	0.01	4.19	25	13
1995-03-26	0	4.66	27	12
1995-03-27	0	4.75	24	10
1995-03-28	0	4.22	25.5	8
1995-03-29	0	3.95	24	8.5
1995-03-30	0	4.63	27	7
1995-03-31	0	4.77	26	10
1995-04-01	0	4.32	26	6
1995-04-02	0	3.5	25.5	7
1995-04-03	0	4.25	28	7
1995-04-04	0	4.88	28.5	8
1995-04-05	0	4.95	29	6.5
1995-04-06	0	5.21	28	7.5
1995-04-07	0	5.07	27	6
1995-04-08	0	4.77	26	5.5
1995-04-09	0	4.38	29	8.5
1995-04-10	0	4.66	24	7
1995-04-11	0	4.17	25	6
1995-04-12	0	4.26	27	6.5
1995-04-13	0	4.9	28	7
1995-04-14	0.01	5.35	29	10
1995-04-15	0	5.04	27	8
1995-04-16	0	4.67	26	8
1995-04-17	0	4.5	24	6.5
1995-04-18	0	4.25	27	6
1995-04-19	4	4.55	28	7
1995-04-20	5	4.89	28	8
1995-04-21	1	5.31	29	9
1995-04-22	0	5.22	26	9.5
1995-04-23	0.01	4.17	26.5	6
1995-04-24	0	4.32	27	6.5
1995-04-25	0	4.72	27	6
1995-04-26	0	4.34	27.5	7
1995-04-27	0	4.05	28.5	7
1995-04-28	0	4.58	29	8
1995-04-29	0	4.87	30	9
1995-04-30	0	5.1	28	10
1995-05-01	0	4.51	25	5.5
1995-05-02	0	4.83	26	6
1995-05-03	0	4.65	26	8
1995-05-04	0	4.38	27	7.5
1995-05-05	0	4.81	26.5	8
1995-05-06	0	4.52	26	5
1995-05-07	0	4.32	24	6
1995-05-08	0.01	3.89	25	6.5
1995-05-09	0	3.95	26	7
1995-05-10	0	4.62	27	8
1995-05-11	0	5.07	27.5	9
1995-05-12	4.5	5.1	27	8.5
1995-05-13	4.7	4.95	28	9
1995-05-14	6	5.35	28.5	10
1995-05-15	0.01	5.22	29	10
1995-05-16	0.01	5.09	29	11
1995-05-17	2	4.78	30	10.5
1995-05-18	0.01	5.3	30.5	11.5
1995-05-19	0	5.45	27	10
1995-05-20	0	5.1	27.5	9
1995-05-21	0	4.88	28	10
1995-05-22	0	4.66	28.5	8
1995-05-23	0	4.51	26	7
1995-05-24	0	4.45	26.5	7.5
1995-05-25	0	4.58	27	6
1995-05-26	0.01	4.66	29	6
1995-05-27	2	4.89	29.5	10
1995-05-28	4	5.17	30	11
1995-05-29	0.01	5.44	28	11
1995-05-30	0	5.21	30	9
1995-05-31	0	5.34	29	9.5
1995-06-01	0	5.18	26	10
1995-06-02	0	4.71	28	9
1995-06-03	0	4.94	26.5	10
1995-06-04	0	4.75	27	12
1995-06-05	0	4.18	27.5	11
1995-06-06	0	4.35	25	12
1995-06-07	0.01	4.05	26	11.5
1995-06-08	2	4.28	27	10
1995-06-09	0	5.31	27.5	10
1995-06-10	0	5.26	28	9
1995-06-11	5	5.17	28	12
1995-06-12	3	5.45	26	12
1995-06-13	1	5.04	27	10
1995-06-14	0.01	4.88	24	13
1995-06-15	0	4.33	25	9
1995-06-16	0	4.61	22	9
1995-06-17	0	4.3	22.5	7
1995-06-18	0	4.72	24	10
1995-06-19	0	4.81	20	9
1995-06-20	0	4.1	22	8
1995-06-21	0	4.05	23	7
1995-06-22	0	3.95	24	7
1995-06-23	0	4.45	25	9
1995-06-24	0	4.86	24	9.5
1995-06-25	2	4.35	26	6
1995-06-26	3	5.21	27	9
1995-06-27	1	5.45	28	10
1995-06-28	0.01	5.88	26	10
1995-06-29	0	5.41	26.5	9
1995-06-30	0	5.33	26	10
1995-07-01	0	4.5	25	10
1995-07-02	0	4.31	25.5	10
1995-07-03	0	4.66	24	10
1995-07-04	0	4.18	27	9
1995-07-05	0.01	5.05	27	11
1995-07-06	0	4.95	26	13
1995-07-07	0	5.18	24	11
1995-07-08	7	4.38	25	12
1995-07-09	4	4.65	26	13
1995-07-10	11	4.5	27	13
1995-07-11	6	4.8	24	14
1995-07-12	0.01	4.21	26	11
1995-07-13	0	5.13	25	10
1995-07-14	0	4.77	27	12
1995-07-15	0	4.89	28	9
1995-07-16	0	5.13	26	10
1995-07-17	0	4.55	27	10
1995-07-18	10	4.84	24	11
1995-07-19	0.01	3.95	25	9
1995-07-20	0	4.2	28	9
1995-07-21	0	4.95	28	10
1995-07-22	0	5	29	12
1995-07-23	6	5.65	26	10
1995-07-24	4	4.63	25	9
1995-07-25	8	4.24	27	9
1995-07-26	0	4.71	28	10
1995-07-27	0	5.03	26	9
1995-07-28	0	4.66	27	10
1995-07-29	0	4.33	27.5	11
1995-07-30	0.01	4.85	29	12
1995-07-31	0	5.3	29	14
1995-08-01	0	4.24	24	10
1995-08-02	0	4.18	24	7
1995-08-03	10.5	4.35	23	9
1995-08-04	6	4.48	25	9
1995-08-05	0.01	4.5	24	7
1995-08-06	0	4.33	25	7
1995-08-07	0	4.75	26	8
1995-08-08	0	4.88	24	8
1995-08-09	1	3.95	25	6
1995-08-10	3.5	4.1	25	9
1995-08-11	2	4.25	22	8
1995-08-12	0	3.6	23	6
1995-08-13	0	3.71	26	6
1995-08-14	0	4.05	27	8
1995-08-15	0	4.25	24	9
1995-08-16	0	4.74	27	10
1995-08-17	0	4.88	25	10
1995-08-18	0	4.85	24	9
1995-08-19	0	3.9	22	8
1995-08-20	0	3.71	25	6
1995-08-21	2	4	26	9
1995-08-22	4	4.25	26.5	10
1995-08-23	0	4.88	27	10.5
1995-08-24	0.01	4.6	28	11
1995-08-25	0	5.3	26	11.5
1995-08-26	0	5.05	24.5	10
1995-08-27	2.5	4.35	26	8
1995-08-28	0	4.5	22	11.5
1995-08-29	0	4.03	20	7
1995-08-30	0.01	3.9	20.5	5.5
1995-08-31	0	3.75	22	6
1995-09-01	0	5.07	25	10
1995-09-02	0	4.88	26	10
1995-09-03	0	5.1	22	7
1995-09-04	0	4.33	24	6
1995-09-05	0	4.5	21	6
1995-09-06	0.01	3.85	22	5.5
1995-09-07	4.5	4.21	21	5.5
1995-09-08	2	3.75	22	7
1995-09-09	0	3.91	24	6
1995-09-10	0	4.71	23	10
1995-09-11	0	4.66	26	6.5
1995-09-12	0	5.31	25	10
1995-09-13	0.01	4.55	24	7
1995-09-14	3	4.28	22	10
1995-09-15	10.7	4.22	21.5	7
1995-09-16	6.3	3.65	20	9
1995-09-17	2.5	3.89	20.5	9.5
1995-09-18	0.01	4.2	18	9
1995-09-19	0.01	3.6	17	5
1995-09-20	3	3	16.5	3.5
1995-09-21	0	2.89	20	4
1995-09-22	0	2.95	22	5
1995-09-23	0	3.25	23	4
1995-09-24	0.01	3.65	24	7
1995-09-25	0	4.8	25	7.5
1995-09-26	0	4.95	23	9
1995-09-27	0	4.52	20	12
1995-09-28	0	4.2	20.5	8
1995-09-29	0	4.1	21	6
1995-09-30	0	4.15	22	9
1995-10-01	0	3.85	21	11
1995-10-02	3	3.96	21.5	6.5
1995-10-03	1	4.1	22	4
1995-10-04	0	4.21	24	4.5
1995-10-05	0	4.81	22	2.5
1995-10-06	0	3.77	24	4
1995-10-07	0	4.5	20	2.5
1995-10-08	0	4.22	24	3.5
1995-10-09	0	4.79	22	5
1995-10-10	0	4.52	24	2
1995-10-11	4.1	5.1	18	5.5
1995-10-12	2	3.75	17.5	2.5
1995-10-13	0	4	16	2
1995-10-14	0	3.9	14.5	2.5
1995-10-15	0	3.56	16	1.5
1995-10-16	0.01	4.1	15	3
1995-10-17	0.01	3.45	18	3.5
1995-10-18	0	4.82	20	4
1995-10-19	0	5.21	22	5.5
1995-10-20	0	4.91	23	3
1995-10-21	0	4.87	24	2
1995-10-22	6.1	5.11	20	5
1995-10-23	4	4.28	19	1.5
1995-10-24	0	4.3	18	2.5
1995-10-25	0	4.65	14.5	1
1995-10-26	0	3.15	22	0
1995-10-27	0	4.21	19	4
1995-10-28	0	4	21	3.5
1995-10-29	0	4.32	22	4
1995-10-30	0	4.65	23	3.5
1995-10-31	0	4.5	24	3
1995-11-01	0	4.81	24	5
1995-11-02	0	4.8	25	7
1995-11-03	0	5.25	25	8
1995-11-04	0	4.5	26	6
1995-11-05	0	5.5	25	4
1995-11-06	0	4.8	23	4
1995-11-07	1.7	4.25	22.5	7.5
1995-11-08	0.01	3.89	18	3
1995-11-09	0	3.2	20	4
1995-11-10	0	3.95	16.5	4
1995-11-11	0	3.16	16	3
1995-11-12	0	3.45	16.5	4.5
1995-11-13	0	3.75	17	3
1995-11-14	0.01	3.58	18	4.5
1995-11-15	2	4	16.5	3
1995-11-16	0	3.9	21	5
1995-11-17	0	4.28	17	4.5
1995-11-18	0	4.11	17.5	4
1995-11-19	0	3.6	16	4
1995-11-20	0	3.87	14	4.5
1995-11-21	0	3.17	14	3
1995-11-22	0	3.35	15	4
1995-11-23	1	3.38	20	4.5
1995-11-24	0	4.51	19	2
1995-11-25	0	3.76	17	3
1995-11-26	0	4.07	18	4
1995-11-27	0	3.65	17	3
1995-11-28	0	3.55	20	4.5
1995-11-29	0	4.2	22	2.5
1995-11-30	0	4.89	22.5	3
1995-12-01	0.01	3.89	19	4
1995-12-02	0.01	3.7	18	3
1995-12-03	0	3.25	19	3
1995-12-04	0	3.65	17	4
1995-12-05	0	3.4	15	6
1995-12-06	0	3.55	18	3
1995-12-07	0	4.08	15	5
1995-12-08	0	3.8	12	4
1995-12-09	0	3.1	15	3
1995-12-10	0	3.6	16	1
1995-12-11	0	4.1	17.5	4
1995-12-12	0	4.3	16	1
1995-12-13	0	4.4	14	1.5
1995-12-14	0	3.77	18	3
1995-12-15	0.01	3.65	15	1.5
1995-12-16	3.1	3.46	18	2
1995-12-17	2	3.8	19	3
1995-12-18	0.01	3.72	22	3.5
1995-12-19	0	4.3	21.5	1
1995-12-20	0	4.2	23	4
1995-12-21	0	4.28	25	5
1995-12-22	0	4.38	23	4.5
1995-12-23	0	4.35	18	3.5
1995-12-24	2.1	3.18	17	2
1995-12-25	1	3.21	19	4
1995-12-26	0	3.44	21	4
1995-12-27	0	3.69	22	3.5
1995-12-28	0	4.2	23	4
1995-12-29	0	4.62	24	3.5
1995-12-30	0	4.35	22	4
1995-12-31	0	4.5	22	4
1996-01-01	NULO	1.88	NULO	NULO
1996-01-02	NULO	1.81	NULO	NULO
1996-01-03	NULO	3.54	NULO	NULO
1996-01-04	NULO	5.06	NULO	NULO
1996-01-05	NULO	2.41	NULO	NULO
1996-01-06	NULO	4.29	NULO	NULO
1996-01-07	NULO	2.4	NULO	NULO
1996-01-08	NULO	2.53	NULO	NULO
1996-01-09	NULO	7.85	NULO	NULO
1996-01-10	NULO	3.4	NULO	NULO
1996-01-11	NULO	3.89	NULO	NULO
1996-01-12	NULO	2.74	NULO	NULO
1996-01-13	NULO	2.99	NULO	NULO
1996-01-14	NULO	3.41	NULO	NULO
1996-01-15	NULO	3.7	NULO	NULO
1996-01-16	NULO	2.99	NULO	NULO
1996-01-17	NULO	7.83	NULO	NULO
1996-01-18	NULO	4.63	NULO	NULO
1996-01-19	NULO	2.88	NULO	NULO
1996-01-20	NULO	3.17	NULO	NULO
1996-01-21	NULO	1.89	NULO	NULO
1996-01-22	NULO	2.26	NULO	NULO
1996-01-23	NULO	8.4	NULO	NULO
1996-01-24	NULO	4.72	NULO	NULO
1996-01-25	NULO	7.46	NULO	NULO
1996-01-26	NULO	6	NULO	NULO
1996-01-27	NULO	5.24	NULO	NULO
1996-01-28	NULO	1.96	NULO	NULO
1996-01-29	NULO	2.02	NULO	NULO
1996-01-30	NULO	2.85	NULO	NULO
1996-01-31	NULO	4.64	NULO	NULO
1996-02-01	NULO	1.94	NULO	NULO
1996-02-02	NULO	7.92	NULO	NULO
1996-02-03	NULO	2.9	NULO	NULO
1996-02-04	NULO	5.53	NULO	NULO
1996-02-05	NULO	4.59	NULO	NULO
1996-02-06	NULO	3.87	NULO	NULO
1996-02-07	NULO	4.58	NULO	NULO
1996-02-08	NULO	3.69	NULO	NULO
1996-02-09	NULO	4.99	NULO	NULO
1996-02-10	NULO	4.93	NULO	NULO
1996-02-11	NULO	3.03	NULO	NULO
1996-02-12	NULO	3.02	NULO	NULO
1996-02-13	NULO	4.36	NULO	NULO
1996-02-14	NULO	2.41	NULO	NULO
1996-02-15	NULO	8.19	NULO	NULO
1996-02-16	NULO	7.49	NULO	NULO
1996-02-17	NULO	3.56	NULO	NULO
1996-02-18	NULO	2.04	NULO	NULO
1996-02-19	NULO	8.49	NULO	NULO
1996-02-20	NULO	5	NULO	NULO
1996-02-21	NULO	9.42	NULO	NULO
1996-02-22	NULO	5.24	NULO	NULO
1996-02-23	NULO	5.06	NULO	NULO
1996-02-24	NULO	5.12	NULO	NULO
1996-02-25	NULO	4.76	NULO	NULO
1996-02-26	NULO	6.32	NULO	NULO
1996-02-27	NULO	6.54	NULO	NULO
1996-02-28	NULO	9.36	NULO	NULO
1996-02-29	NULO	4.95	NULO	NULO
1996-03-01	NULO	5.7	NULO	NULO
1996-03-02	NULO	8.89	NULO	NULO
1996-03-03	NULO	4.96	NULO	NULO
1996-03-04	NULO	5.83	NULO	NULO
1996-03-05	NULO	2.77	NULO	NULO
1996-03-06	NULO	1.79	NULO	NULO
1996-03-07	NULO	3.96	NULO	NULO
1996-03-08	NULO	4.58	NULO	NULO
1996-03-09	NULO	2.41	NULO	NULO
1996-03-10	NULO	3.65	NULO	NULO
1996-03-11	NULO	4.13	NULO	NULO
1996-03-12	NULO	5.15	NULO	NULO
1996-03-13	NULO	3.42	NULO	NULO
1996-03-14	NULO	5.53	NULO	NULO
1996-03-15	NULO	2	NULO	NULO
1996-03-16	NULO	2.82	NULO	NULO
1996-03-17	NULO	3.11	NULO	NULO
1996-03-18	NULO	2.97	NULO	NULO
1996-03-19	NULO	4.71	NULO	NULO
1996-03-20	NULO	4.52	NULO	NULO
1996-03-21	NULO	5.34	NULO	NULO
1996-03-22	NULO	5.09	NULO	NULO
1996-03-23	NULO	4.79	NULO	NULO
1996-03-24	NULO	3.16	NULO	NULO
1996-03-25	NULO	2.55	NULO	NULO
1996-03-26	NULO	5.33	NULO	NULO
1996-03-27	NULO	4.05	NULO	NULO
1996-03-28	NULO	4.77	NULO	NULO
1996-03-29	NULO	7.95	NULO	NULO
1996-03-30	NULO	5.69	NULO	NULO
1996-03-31	NULO	4.33	NULO	NULO
1996-04-01	0	8.37	NULO	NULO
1996-04-02	0	5.28	NULO	NULO
1996-04-03	0	9.49	NULO	NULO
1996-04-04	0	5.75	NULO	NULO
1996-04-05	0	5.1	NULO	NULO
1996-04-06	0	5.15	NULO	NULO
1996-04-07	0	3.42	NULO	NULO
1996-04-08	0	5.53	NULO	NULO
1996-04-09	0	5.7	NULO	NULO
1996-04-10	0	8.86	NULO	NULO
1996-04-11	0	4.96	NULO	NULO
1996-04-12	0	5.82	NULO	NULO
1996-04-13	0	3.88	NULO	NULO
1996-04-14	0	4.71	NULO	NULO
1996-04-15	0	4.52	NULO	NULO
1996-04-16	0	5.34	NULO	NULO
1996-04-17	0	5.09	NULO	NULO
1996-04-18	0	4.71	NULO	NULO
1996-04-19	0	4.52	NULO	NULO
1996-04-20	0	5.34	NULO	NULO
1996-04-21	0	4.76	NULO	NULO
1996-04-22	0	3.16	NULO	NULO
1996-04-23	0	2.55	NULO	NULO
1996-04-24	0	5.33	NULO	NULO
1996-04-25	0	7.95	NULO	NULO
1996-04-26	3	5.69	NULO	NULO
1996-04-27	0	4.33	NULO	NULO
1996-04-28	0	4.56	NULO	NULO
1996-04-29	0	5.83	NULO	NULO
1996-04-30	1	3.96	NULO	NULO
1996-05-01	NULO	5.1	NULO	NULO
1996-05-02	NULO	5.14	NULO	NULO
1996-05-03	NULO	7.1	NULO	NULO
1996-05-04	NULO	4.51	NULO	NULO
1996-05-05	NULO	4.04	NULO	NULO
1996-05-06	NULO	10.5	NULO	NULO
1996-05-07	NULO	5.89	NULO	NULO
1996-05-08	NULO	7.76	NULO	NULO
1996-05-09	NULO	5.39	NULO	NULO
1996-05-10	NULO	2.57	NULO	NULO
1996-05-11	NULO	11.12	NULO	NULO
1996-05-12	NULO	5.5	NULO	NULO
1996-05-13	NULO	7.01	NULO	NULO
1996-05-14	NULO	7	NULO	NULO
1996-05-15	NULO	9.61	NULO	NULO
1996-05-16	NULO	4.23	NULO	NULO
1996-05-17	NULO	8.46	NULO	NULO
1996-05-18	NULO	9.41	NULO	NULO
1996-05-19	NULO	11.8	NULO	NULO
1996-05-20	NULO	3.25	NULO	NULO
1996-05-21	NULO	6.87	NULO	NULO
1996-05-22	NULO	11.17	NULO	NULO
1996-05-23	NULO	9.55	NULO	NULO
1996-05-24	NULO	7.84	NULO	NULO
1996-05-25	NULO	11.82	NULO	NULO
1996-05-26	NULO	8.74	NULO	NULO
1996-05-27	NULO	7.84	NULO	NULO
1996-05-28	NULO	2.79	NULO	NULO
1996-05-29	NULO	9.85	NULO	NULO
1996-05-30	NULO	7.67	NULO	NULO
1996-05-31	NULO	7.12	NULO	NULO
1996-06-01	0	5.26	26	1
1996-06-02	0	5.15	24	1
1996-06-03	0	5.1	23	1
1996-06-04	0	4.51	25	5
1996-06-05	0	4.04	27	9
1996-06-06	0	5.1	29	12
1996-06-07	0	5.89	28	8
1996-06-08	0	7.75	25	12
1996-06-09	0	5.39	25	12
1996-06-10	0	2.58	30	9
1996-06-11	6	5.42	27	12
1996-06-12	0	7.01	26	9
1996-06-13	0	7	26	11
1996-06-14	0	9.61	25	12
1996-06-15	0	4.23	26	11
1996-06-16	0	8.46	27	11.5
1996-06-17	0	9.41	24	12
1996-06-18	11	1.98	26	10
1996-06-19	4	1.25	26	11
1996-06-20	0	6.87	27	9
1996-06-21	0	6.56	28	10
1996-06-22	1	7.84	30	12
1996-06-23	5	9.55	27	10
1996-06-24	19	7.84	25	11
1996-06-25	5	5.49	20	9
1996-06-26	0	7.84	20	11
1996-06-27	0	2.79	23	7
1996-06-28	0	9.85	20	10
1996-06-29	8	7.67	17	10
1996-06-30	0	7.12	20	11
1996-07-01	0	4.66	21	10.5
1996-07-02	0	6.72	25	11
1996-07-03	0	4.66	24	10
1996-07-04	0	3.7	21	11
1996-07-05	0	4.5	23	12
1996-07-06	2	6.35	24	12
1996-07-07	0	3.63	26	11
1996-07-08	4.5	4.35	27	10
1996-07-09	0	3.87	25	10
1996-07-10	0	4.65	26	11
1996-07-11	0	7.68	25	12
1996-07-12	0	0.99	26	12
1996-07-13	14.5	4.22	25	12
1996-07-14	0	5.45	25	12
1996-07-15	0	6.57	24	11
1996-07-16	0	4.73	24	12
1996-07-17	0	6.26	22	12
1996-07-18	0	5.36	22	13
1996-07-19	0	4.61	22	11
1996-07-20	0	6.36	24	11
1996-07-21	0	4.49	21	13
1996-07-22	0	4.95	25	13
1996-07-23	3	5.61	22	12
1996-07-24	0	2.82	27	11
1996-07-25	0	7.6	24	11
1996-07-26	0	6.2	23	12
1996-07-27	0	5.91	23	14
1996-07-28	0	2.17	21	11
1996-07-29	0	5.48	21	11
1996-07-30	4.2	5.61	22	10
1996-07-31	17.7	3.15	23	11
1996-08-01	0	4.7	22	12
1996-08-02	0	6.85	24	10
1996-08-03	3.5	0.51	21	11
1996-08-04	0	8.04	24	12
1996-08-05	0	5.15	25	13
1996-08-06	0	8.63	24	13
1996-08-07	0	6.39	23	12
1996-08-08	4	3.38	21	12
1996-08-09	2	1.85	16	12
1996-08-10	0	6.09	20	12
1996-08-11	20	8.05	24	12
1996-08-12	15	2.44	23	12
1996-08-13	0	7.42	21	10
1996-08-14	0	5.23	20	11
1996-08-15	0	2.07	21	13
1996-08-16	0	6.4	22	10
1996-08-17	0	6.04	22	10
1996-08-18	0	3.11	22	11
1996-08-19	0	3.14	21	10
1996-08-20	0	2.61	22	11
1996-08-21	2	3.45	24	12
1996-08-22	5.5	7.3	19	13
1996-08-23	2	7.95	15	13
1996-08-24	4	7.98	16	10
1996-08-25	11	3.17	18	11
1996-08-26	0	2.4	22	10
1996-08-27	5.2	2.7	21	11
1996-08-28	1.5	3.9	21	12
1996-08-29	0	3.3	22	10
1996-08-30	0	1.6	21	11
1996-08-31	7.5	3.4	22	11
1996-09-01	35.5	2.45	26	13
1996-09-02	7.2	1.48	24	11
1996-09-03	2.2	4.43	24	11
1996-09-04	2	3.85	22	11
1996-09-05	4	3.04	21	10
1996-09-06	3	4.9	21	11
1996-09-07	0	5.4	20	11
1996-09-08	0	6.15	21	11
1996-09-09	0	5.05	22	11
1996-09-10	0	6	20	11
1996-09-11	0	6.1	21	11
1996-09-12	0	5.75	20	10
1996-09-13	0	6.05	22	10
1996-09-14	15.2	3.19	22	11
1996-09-15	5	3.11	22	12
1996-09-16	0	5.1	22	11
1996-09-17	10.5	3.28	22	12
1996-09-18	10	2.8	21	12
1996-09-19	5.7	4.73	21	11
1996-09-20	0	5.09	22	11
1996-09-21	4.3	5.17	22	11
1996-09-22	8.7	4.87	22	12
1996-09-23	5.2	4.42	21	13
1996-09-24	0	3.2	21	12
1996-09-25	0	1.1	23	11
1996-09-26	0	0.15	23	11
1996-09-27	0	0.85	22	13
1996-09-28	0	0.6	22	13
1996-09-29	0	0.62	21	12
1996-09-30	0	1.6	20	12
1996-10-01	0	2.05	20	13
1996-10-02	0	2.15	22	11
1996-10-03	0.01	2.91	22	11
1996-10-04	0	2.07	22	11
1996-10-05	0	1.03	21	11
1996-10-06	0	2.19	22	10
1996-10-07	0	1.1	21	10
1996-10-08	0	1.06	21	12
1996-10-09	0	1.13	20	12
1996-10-10	0	1.1	21	12
1996-10-11	0	2.08	22	12
1996-10-12	0	1.63	21	12
1996-10-13	0	1.22	21	11
1996-10-14	0	1.16	21	12
1996-10-15	0	1.95	22	12
1996-10-16	0	2.1	22	11
1996-10-17	0	5.4	21	10
1996-10-18	0	3.9	22	11
1996-10-19	0	5.7	21	11
1996-10-20	0	1.7	22	12
1996-10-21	0	3.6	22	11
1996-10-22	0	0.2	21	12
1996-10-23	0	1.29	21	11
1996-10-24	0	4.08	22	11
1996-10-25	0	2.13	21	11
1996-10-26	0	2.95	22	11
1996-10-27	0	1.55	22	11
1996-10-28	0	5.3	22	11
1996-10-29	0	2.1	22	11
1996-10-30	0	1.12	21	11
1996-10-31	0	1.3	21	10
1996-11-01	0	2.17	21	11
1996-11-02	0	2.4	22	11
1996-11-03	0	0.5	22	11
1996-11-04	0	0.6	20	11
1996-11-05	0	0.46	22	11
1996-11-06	0	1.94	22	11
1996-11-07	0	4.15	22	11
1996-11-08	0	3.15	22	10
1996-11-09	0	1.5	22	11
1996-11-10	0	5.23	21	11
1996-11-11	0	5.74	21	11
1996-11-12	0	5.14	22	11
1996-11-13	0	5.85	22	11
1996-11-14	0	4.36	22	11
1996-11-15	0	7.18	21	11
1996-11-16	0	1.7	21	11
1996-11-17	0	3.6	21	10
1996-11-18	0	1.6	22	10
1996-11-19	0	3.88	21	11
1996-11-20	0	3.92	22	11
1996-11-21	0	3.88	22	11
1996-11-22	0	3.12	22	11
1996-11-23	0	3.13	22	11
1996-11-24	0	0.7	22	11
1996-11-25	0	4.2	22	11
1996-11-26	0	4.1	22	11
1996-11-27	0	1.96	21	11
1996-11-28	0	2.17	22	11
1996-11-29	0	0.29	21	11
1996-11-30	0	0.2	21	11
1996-12-01	0	2.55	21	11
1996-12-02	0	7.37	21	11
1996-12-03	0	1.51	22	11
1996-12-04	0	6.31	22	11
1996-12-05	0	4.46	22	12
1996-12-06	0	7.28	22	12
1996-12-07	0	3.67	21	12
1996-12-08	0	4.46	22	11
1996-12-09	0	2.6	22	11
1996-12-10	0	9.5	22	12
1996-12-11	0	4.93	22	12
1996-12-12	0	5.16	22	12
1996-12-13	0	2.53	22	12
1996-12-14	0	7.59	21	11
1996-12-15	0	1.42	21.5	11
1996-12-16	0	7.55	21	11
1996-12-17	0	3.03	21	11
1996-12-18	0	2.05	21	10
1996-12-19	1.5	2.58	21	10
1996-12-20	0	3.58	21	10
1996-12-21	0	2.09	21	10
1996-12-22	0	3.44	21	10
1996-12-23	0	2.44	21	10
1996-12-24	0	1.91	21	10
1996-12-25	0	3.25	21	11
1996-12-26	0	1.5	20	10
1996-12-27	0	2.22	21	10
1996-12-28	0	4.14	21	11
1996-12-29	3.6	4.08	21	11
1996-12-30	0	2.83	21	11
1996-12-31	0	3.02	20	10
1997-01-01	0	5.11	21	11
1997-01-02	0	4.09	21	11
1997-01-03	0	5.3	22	11
1997-01-04	0	4.17	22	11
1997-01-05	0	3.87	22	10
1997-01-06	0	5.01	22	12
1997-01-07	0	8.13	20	12
1997-01-08	0	4.6	21	10
1997-01-09	0	7.32	21	11
1997-01-10	0	2.59	21	11
1997-01-11	0	3.42	22	11
1997-01-12	0	4.28	22	11
1997-01-13	0	7.22	22	10
1997-01-14	0	3.68	22	12
1997-01-15	0	6.32	22	11
1997-01-16	0	2.83	22	11
1997-01-17	0	7.25	20	11
1997-01-18	0	5.84	21	11
1997-01-19	0	6.24	21	11
1997-01-20	0	8.13	21	11
1997-01-21	0	4.63	21	11
1997-01-22	0	5.35	22	11
1997-01-23	0	3.48	22	11
1997-01-24	0	5.22	22	11
1997-01-25	0	2.74	22	12
1997-01-26	0	4.37	22	12
1997-01-27	0	5.86	22	12
1997-01-28	0	4.33	21	12
1997-01-29	0	3.86	21	12
1997-01-30	0	2.57	21	12
1997-01-31	0	4.33	22	11
1997-02-01	5.8	4.55	21	11
1997-02-02	0	3.33	21	11
1997-02-03	0	4.67	22	10
1997-02-04	0	5.23	21	11
1997-02-05	0	4.65	22	11
1997-02-06	4.5	5.99	21	12
1997-02-07	0	3.79	21	11
1997-02-08	0	4.23	21	11
1997-02-09	0	7.79	20	11
1997-02-10	0	4.08	21	10
1997-02-11	0	3.82	21	10
1997-02-12	0	4.95	20	11
1997-02-13	0	4.23	22	10
1997-02-14	0	3.99	20	11
1997-02-15	0	4.08	21	10
1997-02-16	0	5.43	21	10
1997-02-17	0	4.27	21	11
1997-02-18	0	3.97	22	11
1997-02-19	0	5.3	22	11
1997-02-20	0	4.28	22	12
1997-02-21	0	5.3	20	11
1997-02-22	0	3.68	22	10
1997-02-23	0	5.41	22	10
1997-02-24	0	5.25	22	12
1997-02-25	0	7.1	22	12
1997-02-26	0	6.33	22	12
1997-02-27	0	6.71	22	12
1997-02-28	0	7.24	22	11
1997-03-01	0	7.05	23	10
1997-03-02	0	5.41	23	12
1997-03-03	0	6.52	23	13
1997-03-04	0	4.97	23	13
1997-03-05	0	5.97	23	12
1997-03-06	0	5.11	23	12
1997-03-07	0	3.5	22	13
1997-03-08	0	5.42	22	11
1997-03-09	0	6.53	22	10
1997-03-10	0	5.92	22	10
1997-03-11	0	5.61	22	11
1997-03-12	0	4.65	22	10
1997-03-13	0	5.84	22	10
1997-03-14	2.8	7.56	22	11
1997-03-15	0	8.76	23	12
1997-03-16	0	7.94	23	13
1997-03-17	0	7.06	22	11
1997-03-18	0	6.09	23	11
1997-03-19	3.9	4.8	23	11
1997-03-20	5.4	3.5	23	10
1997-03-21	4.8	3.76	23	11
1997-03-22	5.7	3.76	24	10
1997-03-23	3.2	3.21	24	11
1997-03-24	0	4.95	23	10
1997-03-25	0	3.01	24	11
1997-03-26	0	4.13	23	11
1997-03-27	0	2.67	24	10
1997-03-28	0	3.8	23	11
1997-03-29	0	2.22	23	12
1997-03-30	0	3.17	23	12
1997-03-31	0	3.01	24	11
1997-04-01	0	3.42	21	10
1997-04-02	0	4.24	22	10
1997-04-03	0	3.25	22	11
1997-04-04	0	2.46	23	10
1997-04-05	0	7.34	22	11
1997-04-06	0	3.71	23	12
1997-04-07	0	6.43	21	12
1997-04-08	0	2.79	22	10
1997-04-09	0	4.1	22	10
1997-04-10	0	7.05	21	13
1997-04-11	0	7.13	22	12
1997-04-12	0	6.14	22	12
1997-04-13	0	2.36	20	12
1997-04-14	1.2	1.7	21	10
1997-04-15	6.4	4.21	21	10
1997-04-16	8.6	8.28	23	10
1997-04-17	3.4	5.48	22	12
1997-04-18	7.6	8.84	21	13
1997-04-19	8.6	6.68	22	11
1997-04-20	0	1.88	22	11
1997-04-21	0	3.04	22	11
1997-04-22	0	2.62	23	11
1997-04-23	0	5.75	23	12
1997-04-24	0	3.31	22	12
1997-04-25	0	3.54	21	11
1997-04-26	0	1.68	21	11
1997-04-27	0	2.32	22	10
1997-04-28	0	4.79	22	10
1997-04-29	0	4.03	22	12
1997-04-30	0	5.14	23	12
1997-05-01	0	4.42	23	12
1997-05-02	0	5.58	23	11
1997-05-03	0	4.61	22	12
1997-05-04	0	5.27	22	12
1997-05-05	0	7.79	22	12
1997-05-06	0	7.11	23	12
1997-05-07	0.8	4.02	24	13
1997-05-08	0	6.86	24	13
1997-05-09	0	5.71	24	13
1997-05-10	10.5	5	23	13
1997-05-11	8.3	5	22	13
1997-05-12	15.8	2	23	13
1997-05-13	25.3	2	23	13
1997-05-14	30.4	1.99	22	12
1997-05-15	21.2	1	23	12
1997-05-16	9.2	1.08	23	12
1997-05-17	0	3.76	23	12
1997-05-18	0	2.1	23	12
1997-05-19	0	3.19	23	12
1997-05-20	0	5.13	23	12
1997-05-21	0	3.42	23	13
1997-05-22	10.3	3.94	23	13
1997-05-23	0	4.36	22	12
1997-05-24	12.3	2	22	12
1997-05-25	0	3.32	22	12
1997-05-26	5.4	1.68	23	13
1997-05-27	1.5	2.87	22	13
1997-05-28	9.2	2.93	22	12
1997-05-29	27.8	3.27	23	12
1997-05-30	5.3	2.7	22	12
1997-05-31	0	2.63	22	12
1997-06-01	0	6.41	23	12
1997-06-02	0	5.91	23	13
1997-06-03	0	5.07	23	14
1997-06-04	0	7.14	24	13
1997-06-05	0	7.68	23	15
1997-06-06	0	6.13	25	14
1997-06-07	0	8.29	25	13
1997-06-08	0	7.58	25	15
1997-06-09	0	7.19	25	14
1997-06-10	0	6.95	25	15
1997-06-11	0	6.24	26	16
1997-06-12	0	7.23	25	15
1997-06-13	0	8.92	25	15
1997-06-14	0	7.75	25	14
1997-06-15	0	8.05	24	15
1997-06-16	0	6.86	26	16
1997-06-17	1	8.85	26	15
1997-06-18	0	9.5	25	16
1997-06-19	1.2	8.3	24	15
1997-06-20	0	6.16	23	14
1997-06-21	35.8	6.01	27	13
1997-06-22	32.3	6.03	27	13
1997-06-23	18.5	7.54	27	16
1997-06-24	38.2	8.34	26	15
1997-06-25	29.6	5.56	27	15
1997-06-26	0	5.25	27	16
1997-06-27	0	7.23	27	17
1997-06-28	0	8.05	27	17
1997-06-29	0	9.23	28	16
1997-06-30	0	4	27	15
1997-07-01	0	8.6	24	14
1997-07-02	0	9.21	24	13
1997-07-03	0	8.61	24	14
1997-07-04	0	8.58	25	14
1997-07-05	0	6.01	25	14
1997-07-06	0	6.39	25	14
1997-07-07	0	6.7	25	14
1997-07-08	0	7.13	25	14
1997-07-09	0	6.95	25	15
1997-07-10	0	7.28	25	15
1997-07-11	0	7.74	26	15
1997-07-12	0	6.97	26	16
1997-07-13	0	5.16	24	14
1997-07-14	0	5.85	25	14
1997-07-15	0	6.62	26	14
1997-07-16	0	6.15	25	14
1997-07-17	0	5.79	25	15
1997-07-18	0.01	5.53	24	15
1997-07-19	0	5.14	25	15
1997-07-20	0	6.02	25	16
1997-07-21	0	10.14	25	16
1997-07-22	0	10.14	24	16
1997-07-23	0	9.86	25	15
1997-07-24	0	8.94	25	15
1997-07-25	0	10.08	26	15
1997-07-26	0	9.78	26	15
1997-07-27	0	10.13	26	15
1997-07-28	0	9.07	26	14
1997-07-29	0	11.1	26	14
1997-07-30	0	10.24	26	14
1997-07-31	0	9.66	26	14
1997-08-01	0	9.22	26	15
1997-08-02	0	6.22	28	17
1997-08-03	0	1.32	27	17
1997-08-04	0	5.49	24	17
1997-08-05	0	4.04	24	15
1997-08-06	0	3.45	23	16
1997-08-07	0	9.08	24	14
1997-08-08	0	3.72	25	14
1997-08-09	0	6.35	26	17
1997-08-10	0	5.36	26	17
1997-08-11	0	5.22	26	17
1997-08-12	0	9.31	26	17
1997-08-13	1.1	2.78	24	17
1997-08-14	0	13.34	25	14
1997-08-15	0	5.25	25	15
1997-08-16	0	1.91	23	16
1997-08-17	12.5	2.16	23	14
1997-08-18	10.8	0.45	25	14
1997-08-19	8	2.8	23	14
1997-08-20	0	3.63	25	12
1997-08-21	0	5.11	23	14
1997-08-22	0	5.14	27	13
1997-08-23	0	2.8	25	14
1997-08-24	0	8.07	24	16
1997-08-25	0	8.84	25	16
1997-08-26	0	2.31	25	17
1997-08-27	0	3.09	25	17
1997-08-28	30.9	2.6	25	16
1997-08-29	0	4.88	26	15
1997-08-30	0	8.16	23	14
1997-08-31	0	10.1	25	13
1997-09-01	0	5.16	25	13
1997-09-02	0	12.45	26	16
1997-09-03	0	11.13	27	16
1997-09-04	0	12.09	26	17
1997-09-05	0	7.82	25	17
1997-09-06	0	11.23	25	16
1997-09-07	0	11.67	26	16
1997-09-08	18	1	27	16
1997-09-09	20.8	0.72	26	16
1997-09-10	25.3	0.27	27	16
1997-09-11	15.9	0.8	27	16
1997-09-12	32.2	0.18	27	17
1997-09-13	0	6.28	27	16
1997-09-14	0	5.11	27	17
1997-09-15	0	4.74	27	17
1997-09-16	0	9.41	27	17
1997-09-17	0	6.12	27	17
1997-09-18	0	8.08	26	17
1997-09-19	0	8.62	27	16
1997-09-20	0	6.7	27	16
1997-09-21	0	9.13	27	16
1997-09-22	0	6.59	26	16
1997-09-23	0	6.71	26	16
1997-09-24	0	9.11	25	16
1997-09-25	0	9.13	25	16
1997-09-26	0	11.21	25	16
1997-09-27	0	11.14	25	15
1997-09-28	0	8.1	26	15
1997-09-29	0	11.78	26	15
1997-09-30	0	7.16	25	16
1997-10-01	0	10.25	22	11
1997-10-02	1.1	6.25	22	11
1997-10-03	0	8.12	21	12
1997-10-04	0	12.09	21	11
1997-10-05	24.8	NULO	22	11
1997-10-06	0	5.11	21	11
1997-10-07	1.5	6.37	21	11
1997-10-08	0	5.07	21	11
1997-10-09	6.2	0.18	21	11
1997-10-10	15.4	0.36	22	11
1997-10-11	27.3	9.03	21	11
1997-10-12	24	NULO	21	11
1997-10-13	0	9.76	21	11
1997-10-14	0	6.07	21	11
1997-10-15	0	8.1	22	11
1997-10-16	0	12.06	22	11
1997-10-17	0	14.11	20	12
1997-10-18	0	3.07	20	10
1997-10-19	0	13.82	21	10
1997-10-20	0	6.09	23	10
1997-10-21	0	9.11	23	10
1997-10-22	0	6.07	23	11
1997-10-23	1.2	16.22	22	11
1997-10-24	0	5.09	23	11
1997-10-25	0	14.19	24	11
1997-10-26	0	6.97	24	12
1997-10-27	0	8.1	24	12
1997-10-28	0	4.05	22	13
1997-10-29	0	5.91	24	11
1997-10-30	0	6.29	24	11
1997-10-31	0	5.06	25	14
1997-11-01	0	2.63	25	14
1997-11-02	1.1	7.17	24	14
1997-11-03	0	0.3	24	13
1997-11-04	0	4.11	22	13
1997-11-05	1	6.11	23	11
1997-11-06	0	1.09	23	11
1997-11-07	0	1	23	12
1997-11-08	0	12.03	22	12
1997-11-09	0	9.13	23	12
1997-11-10	0	12.14	23	12
1997-11-11	0	7.02	24	13
1997-11-12	0	9.08	23	13
1997-11-13	0	8.01	22	13
1997-11-14	0	6.15	24	13
1997-11-15	0	5.04	23	13
1997-11-16	0	5.02	24	14
1997-11-17	0	4.08	23	14
1997-11-18	0	4.6	23	12
1997-11-19	0	4.6	24	12
1997-11-20	0	8	24	13
1997-11-21	1	9.09	24	14
1997-11-22	1	9.01	24	14
1997-11-23	1	9.09	24	14
1997-11-24	0	5.01	22	14
1997-11-25	1	6.11	22	12
1997-11-26	0	4.67	23	12
1997-11-27	0	5.03	24	12
1997-11-28	0	5.08	23	13
1997-11-29	0	5.03	24	13
1997-11-30	0	14.12	23	13
1997-12-01	0	7.18	24	13
1997-12-02	0	4.12	23	13
1997-12-03	0	5.13	23	14
1997-12-04	0	4.11	23	14
1997-12-05	0	6.11	23	13
1997-12-06	0	1.09	23	12
1997-12-07	0	12.03	23	14
1997-12-08	0	9.15	23	14
1997-12-09	1.2	12.14	23	13
1997-12-10	1.3	7.02	23	13
1997-12-11	1.3	9.08	23	12
1997-12-12	1.3	8.01	19	11
1997-12-13	1.2	6.15	20	8
1997-12-14	1	5.04	20	9
1997-12-15	0	5.02	20	10
1997-12-16	0	4.08	22	10
1997-12-17	0	4.6	22	10
1997-12-18	0	4.6	23	10
1997-12-19	0	8	23	10
1997-12-20	0	9.09	23	11
1997-12-21	0	9.01	24	11
1997-12-22	0	5.69	24	11
1997-12-23	0	0.1	24	13
1997-12-24	0	6.11	24	13
1997-12-25	0	4.67	24	13
1997-12-26	0	5.03	24	13
1997-12-27	0	5.08	22	12
1997-12-28	0	5.03	20	10
1997-12-29	0	6.41	22	10
1997-12-30	0	4.98	23	10
1997-12-31	0	4.26	22	11
1998-01-01	0	6.02	23	11
1998-01-02	0	5.05	22	11
1998-01-03	0	4.95	23	11
1998-01-04	0	7.2	22	11
1998-01-05	0	1.99	22.5	12
1998-01-06	0	5.94	22	12
1998-01-07	0	5.09	23	11
1998-01-08	0	5.02	24	11
1998-01-09	0	6.02	23	12
1998-01-10	0	6.03	23	12
1998-01-11	1	5.06	23	11
1998-01-12	0	6.05	21	12
1998-01-13	0.5	5.1	21	11
1998-01-14	0	4.1	22	10
1998-01-15	1.5	5.1	22	10
1998-01-16	0.6	6.1	22	11
1998-01-17	1	5.1	23	11
1998-01-18	1.2	5.2	23	12
1998-01-19	0	5.39	22	11
1998-01-20	0	5.4	20	12
1998-01-21	0	4.62	21	11
1998-01-22	0	6.09	20	11
1998-01-23	0.3	2.08	20	11
1998-01-24	0	5.06	22	11
1998-01-25	1.1	7.04	21	11
1998-01-26	0	7.5	22	11
1998-01-27	0	5.2	22	11
1998-01-28	1.4	6.46	22	11
1998-01-29	0	8.42	21	12
1998-01-30	0	6.23	21	11
1998-01-31	0	4.69	22	12
1998-02-01	0	6.01	21	12
1998-02-02	0	5.04	20	11
1998-02-03	0	4.94	21	11
1998-02-04	0	7.19	21	11
1998-02-05	0	1.87	21	11
1998-02-06	0	5.93	21	11
1998-02-07	0	4.09	21	11
1998-02-08	0	5.01	21	11
1998-02-09	0	6.02	22	11
1998-02-10	0	6.02	21	11
1998-02-11	0	6.02	23	12
1998-02-12	0	6.04	24	12
1998-02-13	0	5.09	23	12
1998-02-14	0	4.09	24	12
1998-02-15	0	5.09	23	12
1998-02-16	0	6.09	23	12
1998-02-17	0	5.09	23	12
1998-02-18	0	5.09	22	12
1998-02-19	0	5.09	22	11
1998-02-20	0	5.09	22	11
1998-02-21	0	4.61	24	10
1998-02-22	0	6.09	24	11
1998-02-23	0	2.08	24	13
1998-02-24	0	5.06	24	12
1998-02-25	0	7.04	24	12
1998-02-26	0	7.5	24	13
1998-02-27	0	5.2	23	13
1998-02-28	0	6.46	25	13
1998-03-01	0	7.94	25	14
1998-03-02	0	3.97	25	14
1998-03-03	0	6.13	25	13
1998-03-04	0	5.13	25	13
1998-03-05	0	6.07	25	14
1998-03-06	0	7.54	25	14
1998-03-07	0	4.43	25	14
1998-03-08	0	5.74	26	14
1998-03-09	0	5.2	26	14
1998-03-10	0	7.16	26	15
1998-03-11	0	9.19	27	16
1998-03-12	0	8.17	25	16
1998-03-13	0	11.23	27	16
1998-03-14	0	8.08	27	16
1998-03-15	0	9.97	27	17
1998-03-16	0	11.08	26	17
1998-03-17	0	7.8	28	16
1998-03-18	0	13.07	28	16
1998-03-19	0	8.12	28	17
1998-03-20	0	9.5	27	17
1998-03-21	0	8.65	28	17
1998-03-22	0	10.55	27	18
1998-03-23	0	8.35	28	18
1998-03-24	0	12.25	29	18
1998-03-25	0	4.62	28	18
1998-03-26	0	10.98	28	19
1998-03-27	0	8.07	28	19
1998-03-28	0	10.39	27	18
1998-03-29	0	10.89	28	18
1998-03-30	0	9.23	28	18
1998-03-31	0	6.65	28	18
1998-04-01	0	13.11	27	17
1998-04-02	0	8.85	28	18
1998-04-03	0	8.56	28	17
1998-04-04	0	9.21	28	19
1998-04-05	0	8.9	27	19
1998-04-06	0	8.54	27	19
1998-04-07	0	6.45	27	19
1998-04-08	0	7.16	27	18
1998-04-09	0	9.45	27	19
1998-04-10	0	6.98	27	18
1998-04-11	0	8.78	27	18
1998-04-12	0	7.56	27	18
1998-04-13	0	7.52	27	19
1998-04-14	0	6.58	27	19
1998-04-15	0	6.89	27	19
1998-04-16	0	6.98	27	19
1998-04-17	0	8.23	27	19
1998-04-18	0	7.21	28	19
1998-04-19	0	7.7	28	19
1998-04-20	0	8.1	27	19
1998-04-21	0	7.68	27	19
1998-04-22	0	7.75	27	19
1998-04-23	0	6.78	27	19
1998-04-24	0	6.78	27	19
1998-04-25	0	9.03	28	19
1998-04-26	0	9.06	27	19
1998-04-27	0	9.06	29	19
1998-04-28	0	9.26	29	19
1998-04-29	0	9.6	29	19
1998-04-30	0	8.59	29	19
1998-05-01	0	10.89	30	19
1998-05-02	0	9.06	29	19
1998-05-03	0	9.87	29	19
1998-05-04	0	10.03	30	19
1998-05-05	0	12.03	31	19
1998-05-06	0	9.24	30	19
1998-05-07	0	7.77	30	19
1998-05-08	0	8.98	31	19
1998-05-09	0	9.68	31	20
1998-05-10	0	10.69	31	20
1998-05-11	0	10.68	30	19
1998-05-12	0	8.86	31	21
1998-05-13	0	9.79	30	21
1998-05-14	0	11.8	30	21
1998-05-15	0	9.17	31	21
1998-05-16	0	9.66	31	21
1998-05-17	0	8.82	31	22
1998-05-18	0	9.22	32	22
1998-05-19	0	9.99	32	22
1998-05-20	0	8.96	30	22
1998-05-21	0	11.9	29	22
1998-05-22	0	7.99	30	22
1998-05-23	0	9.69	31	22
1998-05-24	0	9.87	32	22
1998-05-25	0	8.91	32	22
1998-05-26	0	9.06	31	22
1998-05-27	0	10.08	30	22
1998-05-28	0	11.02	31	22
1998-05-29	0	8.96	32	22
1998-05-30	0	11.39	32	22
1998-05-31	0	8.67	32	22
1998-06-01	0	8.59	29	22
1998-06-02	0	8.65	29	22
1998-06-03	28.9	9.38	29	22
1998-06-04	37.5	6.92	29	22
1998-06-05	0	5.77	29	22
1998-06-06	0	4.18	30	22
1998-06-07	0	6.62	30	22
1998-06-08	0	6.89	30	22
1998-06-09	0	7.87	30	22
1998-06-10	0	7.91	30	22
1998-06-11	0	8.89	30	22
1998-06-12	0	7.13	30	22
1998-06-13	0	6.89	30	22
1998-06-14	0	6.89	29	22
1998-06-15	0	6.98	29	22
1998-06-16	28.2	5.32	29	22
1998-06-17	0	6.91	29	22
1998-06-18	0	9.27	29	22
1998-06-19	0	8.73	30	22
1998-06-20	45.5	4.94	30	22
1998-06-21	32.2	5.85	30	22
1998-06-22	19.1	4.98	30	22
1998-06-23	0	8.87	30	22
1998-06-24	0	7.82	29	22
1998-06-25	0	10.6	29	22
1998-06-26	32.1	8.15	29	22
1998-06-27	30.4	6.21	29	22
1998-06-28	15	4.52	29	22
1998-06-29	10	6.86	29	22
1998-06-30	0	9.63	30	22
1998-07-01	0	4.41	32	13
1998-07-02	0	4.24	30	14
1998-07-03	0	8.48	31	15
1998-07-04	0	5.39	32	13
1998-07-05	12.9	1.55	32	13
1998-07-06	28.2	4.17	31	14
1998-07-07	12.7	5.46	31	13
1998-07-08	0	3.87	33	13
1998-07-09	1.3	5.81	33	14
1998-07-10	0	6.92	31	13
1998-07-11	0	6.53	32	14
1998-07-12	0	5.92	31	14
1998-07-13	23.5	3.77	31	14
1998-07-14	2.3	4.18	32	13
1998-07-15	0	3.18	29	13
1998-07-16	2.2	6.19	30	13
1998-07-17	20.5	4.41	28	13
1998-07-18	0	4.11	27	14
1998-07-19	0	4.47	27	13
1998-07-20	0	6.32	27	14
1998-07-21	3.5	5.5	24	13
1998-07-22	0	3.83	25	13
1998-07-23	0	5.68	24	13
1998-07-24	0	4.34	26	13
1998-07-25	0	2.97	25	14
1998-07-26	0	4.03	25	13
1998-07-27	0	1.8	26	14
1998-07-28	0	4.05	24	13
1998-07-29	0	6.43	25	14
1998-07-30	0	4.21	24	13
1998-07-31	10.2	3.95	24	14
1998-08-01	0	9.25	27	16
1998-08-02	0	6.23	28	16
1998-08-03	0	1.32	27	15
1998-08-04	0	5.49	24	17
1998-08-05	0	4.05	24	15
1998-08-06	0	3.45	23	16
1998-08-07	0	9.08	24	14
1998-08-08	0	3.71	24	13
1998-08-09	0	6.38	26	16
1998-08-10	0	5.36	25	16
1998-08-11	0	5.21	25	16
1998-08-12	0	9.31	25	16
1998-08-13	0	2.79	25	16
1998-08-14	11	3.34	26	14
1998-08-15	0	5.25	25	15
1998-08-16	8	1.91	24	15
1998-08-17	2.5	2.16	23	14
1998-08-18	10.8	0.45	25	14
1998-08-19	8	2.8	23	14
1998-08-20	0	3.63	25	12
1998-08-21	0	5.11	23	14
1998-08-22	0	5.14	27	13
1998-08-23	0	2.8	25	14
1998-08-24	0	8.07	24	16
1998-08-25	0	8.84	25	16
1998-08-26	0	2.31	25	17
1998-08-27	0	3.09	25	17
1998-08-28	30.9	2.6	25	16
1998-08-29	0	4.88	26	15
1998-08-30	0	8.16	23	14
1998-08-31	0	1.09	25	13
1998-09-01	1	4.83	24	15
1998-09-02	1.5	4.37	26	16
1998-09-03	0	8.26	27	16
1998-09-04	0	4.46	25	12
1998-09-05	2.3	2.76	27	12
1998-09-06	0	3.69	24	13
1998-09-07	0	0.39	27	14
1998-09-08	3	1.55	25	13
1998-09-09	0	1.87	28	12
1998-09-10	0	2.19	25	12
1998-09-11	3	5.25	27	13
1998-09-12	5.1	3.16	27	11
1998-09-13	6	1.76	25	11
1998-09-14	8.5	6.73	27	12
1998-09-15	4	0.87	26	12
1998-09-16	2.4	5.52	28	13
1998-09-17	6	4.08	28	13
1998-09-18	12	4.52	26	13
1998-09-19	6	1.56	26	13
1998-09-20	0	2.49	29	12
1998-09-21	0	3.9	25	12
1998-09-22	0	2.39	26	11
1998-09-23	0	4.06	27	10
1998-09-24	0	3.15	24	10
1998-09-25	0	3.1	29	11
1998-09-26	8.5	3.5	27	11
1998-09-27	0	1.05	25	11
1998-09-28	0	3.35	27	10
1998-09-29	0	2.08	28	10
1998-09-30	0	4.84	28	14
1998-10-01	5.3	4.13	28	11
1998-10-02	8.5	1.9	27	11
1998-10-03	15	0.83	27	11
1998-10-04	13	2.21	26	11
1998-10-05	0.5	0.68	24	12
1998-10-06	23	0.45	21.5	10
1998-10-07	8.5	2.74	23	10
1998-10-08	7.1	5.26	24	10
1998-10-09	6.2	2.9	27	10
1998-10-10	0	5.72	28	10
1998-10-11	1.1	4.54	23	12
1998-10-12	0.5	1.47	21	11
1998-10-13	0	2.42	23	15
1998-10-14	0	1.69	23	16
1998-10-15	0	1.64	25	12
1998-10-16	0	0.61	27	12
1998-10-17	0	1.33	26	16
1998-10-18	0	4.42	25	15
1998-10-19	0	2.88	28	15
1998-10-20	0	1.76	23	15
1998-10-21	0	1.79	22	13
1998-10-22	0	1.81	21	11
1998-10-23	4	3.15	21	10
1998-10-24	0	2.99	21	10
1998-10-25	1.5	4.15	23	10
1998-10-26	0	1.76	22	10
1998-10-27	0	2.18	23	13
1998-10-28	0	2.06	21	13
1998-10-29	0	2.72	25	11
1998-10-30	0	1.68	27	11
1998-10-31	0	4.45	28	11
1998-11-01	0	2.16	27	14
1998-11-02	0	3.54	29	12
1998-11-03	0	1.47	27	12
1998-11-04	0	2.83	28	14
1998-11-05	0	2.42	26	14
1998-11-06	0	0.7	28	13
1998-11-07	0	1.13	21	13
1998-11-08	0	2.41	28	12
1998-11-09	0	4.91	27	12
1998-11-10	0	3.73	25	14
1998-11-11	0	1.43	28	11
1998-11-12	0	5.22	26	10
1998-11-13	0	2.61	30	10
1998-11-14	0	1.81	29	12
1998-11-15	0	0.69	30	16
1998-11-16	0	1.6	28	14
1998-11-17	0	3.61	25	10
1998-11-18	0	2.72	27	10
1998-11-19	0	3.46	25	7
1998-11-20	0	4.33	28	7
1998-11-21	0	3.72	25	11
1998-11-22	0	2.59	27	11
1998-11-23	0	1.33	26	12
1998-11-24	0	0.94	28	11
1998-11-25	0	2.03	25	11
1998-11-26	0	1.93	26	11
1998-11-27	0	3.93	26	11
1998-11-28	0	1.31	24	11
1998-11-29	0	4.53	25	11
1998-11-30	0	3.81	25	11
1998-12-01	0	2.06	26	10
1998-12-02	0	1.68	25	10
1998-12-03	0	2.11	27	10
1998-12-04	0	3.21	28	10
1998-12-05	0	2.99	29	11
1998-12-06	0	1.74	30	11
1998-12-07	0	2.21	27	11
1998-12-08	0	1.38	28	11
1998-12-09	0	1.85	25	11
1998-12-10	0	5.21	28	10
1998-12-11	0	3.54	30	10
1998-12-12	0	4	25	10
1998-12-13	0	1.11	25	7
1998-12-14	0	3.15	24	7
1998-12-15	0	2.13	23	10
1998-12-16	0	3.49	24	7
1998-12-17	0	3.06	25	7
1998-12-18	0	1.61	25	9
1998-12-19	0	0.78	29	10
1998-12-20	0	3.37	29	10
1998-12-21	0	1.17	27	10
1998-12-22	0	1.29	25	12
1998-12-23	0	3.82	27	10
1998-12-24	0	1.38	28	10
1998-12-25	0	1.74	27	10
1998-12-26	0	2.16	26	10
1998-12-27	0	0.95	27	10
1998-12-28	0	0.63	27	11
1998-12-29	0	1.1	26	10
1998-12-30	0	0.82	27	10
1998-12-31	0	2.23	26	14
1999-01-01	0	5.69	27	10
1999-01-02	0	1.92	25	6
1999-01-03	0	1.33	27	8
1999-01-04	0	1.54	25	6
1999-01-05	0	2.21	27	2
1999-01-06	0	2.63	26	3
1999-01-07	0	1.1	27	1
1999-01-08	0	3.99	28	3
1999-01-09	0	3.82	27	1
1999-01-10	0	2.81	28	1
1999-01-11	0	3.13	27	2
1999-01-12	0	4.36	26	5
1999-01-13	0	3.76	28	5
1999-01-14	0	0.88	27	1
1999-01-15	0	0.2	27	-3
1999-01-16	0	1.89	22	-4
1999-01-17	0	1.38	27	-1
1999-01-18	0	2.33	26	3
1999-01-19	0	5.56	25	7
1999-01-20	0	2.59	27	7
1999-01-21	0	2.32	28	9
1999-01-22	0	3.41	26	9
1999-01-23	0	3.71	28	6
1999-01-24	0	0.76	27	7
1999-01-25	0	4.71	28	3
1999-01-26	0	3.35	27	5
1999-01-27	0	2.74	29	8
1999-01-28	0	5.33	29	10
1999-01-29	0	4.47	29	7
1999-01-30	0	3.69	26	4
1999-01-31	0	5.12	28	5
1999-02-01	0	1.86	27	7
1999-02-02	0	3.29	29	7
1999-02-03	0	1.16	25	8
1999-02-04	0	2.08	26	10
1999-02-05	0	4.16	27	10
1999-02-06	0	1.8	27	11
1999-02-07	0	2.89	28	10
1999-02-08	0	3.9	29.2	9
1999-02-09	0	2.86	29	8
1999-02-10	0	4.15	27	7
1999-02-11	0	2.59	26	8.5
1999-02-12	0	0.94	25	8
1999-02-13	0.6	3.05	26	10
1999-02-14	0	2.9	27	10
1999-02-15	0	2.37	25	11
1999-02-16	0	1.29	29	10
1999-02-17	0	3.01	27	12
1999-02-18	0	3.05	25	11
1999-02-19	0	2.61	29	11
1999-02-20	0	5.19	30	10
1999-02-21	0	4.96	30	9
1999-02-22	0	5.8	30	10
1999-02-23	0	6.15	30	11
1999-02-24	0.01	3.6	22	11
1999-02-25	0	4.5	29	10
1999-02-26	0	6.15	29	9
1999-02-27	0	5.67	29	9
1999-02-28	0	2.79	24	5
1999-03-01	0	8.63	28	7
1999-03-02	0	6.08	29	7
1999-03-03	0	4.99	29	8
1999-03-04	0	7.2	30	10
1999-03-05	0	4.82	31	7
1999-03-06	0	6.34	32	8
1999-03-07	0	5.15	32	8
1999-03-08	0	9.41	32	7
1999-03-09	0	7.84	32	7
1999-03-10	0	6.3	31	6
1999-03-11	0	4.37	29	5
1999-03-12	0	5.84	28	5
1999-03-13	0	7.82	29	5
1999-03-14	0	6.32	28	9
1999-03-15	0	6.95	29	10
1999-03-16	0	7.18	29	10
1999-03-17	0	5.36	32	8
1999-03-18	0	5.03	30	8
1999-03-19	0.01	5.39	33	5
1999-03-20	0.01	6.23	30	4
1999-03-21	0	5.07	29	5
1999-03-22	0	7.72	32	5
1999-03-23	0	8.43	32	8
1999-03-24	0	7.94	32	6
1999-03-25	0.01	6.18	31	5
1999-03-26	7	5.83	29	4
1999-03-27	0	8.72	30	7
1999-03-28	0	7.25	29	5
1999-03-29	0	7.19	29	7
1999-03-30	0	9.11	31	9
1999-03-31	0	8.36	33	6
1999-04-01	0	8.99	31	5
1999-04-02	0	8.88	33	5
1999-04-03	0	10.11	34	5
1999-04-04	0	10.65	34	3
1999-04-05	0	8.94	35	4
1999-04-06	0	5.63	34	3
1999-04-07	0	10.24	36	5
1999-04-08	0	9.5	37	6
1999-04-09	0	4.84	36	6
1999-04-10	0	10.74	35	4
1999-04-11	0	9.51	35	2
1999-04-12	0	10.6	32	1
1999-04-13	0.01	5.45	35	5
1999-04-14	0	10.77	31	6
1999-04-15	0	8.06	30	6
1999-04-16	0	5.12	29	5
1999-04-17	4	6.72	23	5
1999-04-18	0	5.21	26	5
1999-04-19	0	4.72	25	5
1999-04-20	0	5.85	29	6
1999-04-21	0	3.86	30	5
1999-04-22	0	7.41	35	5
1999-04-23	0	6.48	35	7
1999-04-24	0.01	6.51	35	5
1999-04-25	0	5.99	35	2
1999-04-26	0	6.07	34	4
1999-04-27	0	7.63	36	3
1999-04-28	0	6.91	35	5
1999-04-29	0	5.75	35	3
1999-04-30	0	6.29	36	5
1999-05-01	0	3.66	35	9
1999-05-02	0	7.15	36	13
1999-05-03	0	5.35	36	10
1999-05-04	0	5.45	37	14
1999-05-05	0.01	3.19	35	12
1999-05-06	0	4.57	36	14
1999-05-07	0.01	7.42	35	10
1999-05-08	0	4.03	35	14
1999-05-09	0	4.25	34	18
1999-05-10	0	4.85	35	15
1999-05-11	0.01	6.21	30	12
1999-05-12	7	9.57	30	10
1999-05-13	0	5.6	28	12
1999-05-14	0	6.86	35	13
1999-05-15	0.01	4.79	30	14
1999-05-16	0	6.54	31	15
1999-05-17	0	3.7	32	11
1999-05-18	0	6.43	33	14
1999-05-19	0	9.52	33	15
1999-05-20	0	10.24	34	10.5
1999-05-21	0	11.19	35	11
1999-05-22	0	2.96	34	8
1999-05-23	0	3.46	35	8
1999-05-24	0	6.31	34	10
1999-05-25	0	6.33	35	9
1999-05-26	0	2.81	33	12
1999-05-27	0.01	4.64	32	13
1999-05-28	0	4.56	34	12
1999-05-29	0	4.54	35	15
1999-05-30	0	6.26	35	11
1999-05-31	0	3.97	34	8
1999-06-01	0	8.96	35	11
1999-06-02	0	7.85	34	15
1999-06-03	0	9.41	34	14
1999-06-04	0	3.2	32	10
1999-06-05	0	8.85	33	9
1999-06-06	0	3.31	34	12
1999-06-07	0	7.73	35	10
1999-06-08	0	6.8	31	9
1999-06-09	0	3.2	35	9
1999-06-10	0	4.33	33	10
1999-06-11	0	5.72	32	9
1999-06-12	0	4.79	31	9
1999-06-13	0	9.14	30	10
1999-06-14	0	5.59	33	12
1999-06-15	0	3.65	35	10
1999-06-16	0	9.35	32	9
1999-06-17	0.01	7.03	31	10
1999-06-18	0.01	8.05	30	9
1999-06-19	0	3.76	28	8
1999-06-20	0	2.39	30	11
1999-06-21	0	3.94	32	9
1999-06-22	0	3.25	29	11
1999-06-23	0	3.55	31	12
1999-06-24	0.01	2.83	28	13
1999-06-25	0.01	3.16	30	12
1999-06-26	0	3.47	24	12
1999-06-27	0.01	5.88	32	9
1999-06-28	0.01	3.84	31	10
1999-06-29	0	7.37	30	12
1999-06-30	0	5.15	29	9
1999-07-01	25	7.96	25	13
1999-07-02	31	8.85	28	9
1999-07-03	28	8.41	25	7
1999-07-04	0.01	3.21	29	8
1999-07-05	1	8.86	30	11
1999-07-06	0	3.3	32	7
1999-07-07	0	7.75	25	8
1999-07-08	0	6.85	28	7
1999-07-09	0	3.25	29	10
1999-07-10	0	4.35	28	10
1999-07-11	0.01	5.75	26	9
1999-07-12	0	4.8	25	8
1999-07-13	0	9.15	26	6
1999-07-14	0	5.6	28	5
1999-07-15	0	3.65	28	6
1999-07-16	5	9.35	27	9
1999-07-17	25	7.05	28	8
1999-07-18	7	8.06	25	7
1999-07-19	0	3.76	25	9
1999-07-20	0	2.4	25	8
1999-07-21	0	3.95	25	7
1999-07-22	0	3.25	27	9
1999-07-23	0	3.6	28	10
1999-07-24	20	2.85	29	8
1999-07-25	28	3.15	29	10
1999-07-26	0	3.48	29	8
1999-07-27	0	5.8	27	7
1999-07-28	0	3.85	28	10
1999-07-29	0	7.35	29	10
1999-07-30	0	5.2	29	9
1999-07-31	25	4.4	28	10
1999-08-01	0	1.85	29	8
1999-08-02	0	2.7	27	7
1999-08-03	0	2.95	28	7
1999-08-04	0	7.8	29	9
1999-08-05	0	3	28	10
1999-08-06	0	3.3	29	8
1999-08-07	0	5.56	28	10
1999-08-08	0	1.25	28	11
1999-08-09	0	4.3	29	7
1999-08-10	0	1.82	29	10
1999-08-11	0	4.63	28	10
1999-08-12	0	1.3	37	11
1999-08-13	0	2.65	29	10
1999-08-14	0	3.25	30	12
1999-08-15	0	3.1	29	10
1999-08-16	0	6.7	29	8
1999-08-17	0	4.91	28	8
1999-08-18	10	1.92	27	10
1999-08-19	0.01	3.65	27	8
1999-08-20	0.01	3.15	28	6
1999-08-21	0.01	1.58	29	10
1999-08-22	75	4.78	28	9
1999-08-23	74	3.13	27	7
1999-08-24	0.01	1.08	25	10
1999-08-25	0	2.13	28	10
1999-08-26	0	4.35	29	9
1999-08-27	0	3.38	26	6
1999-08-28	5	1.75	27	7
1999-08-29	0	7.05	29	9
1999-08-30	0	1.25	28	10
1999-08-31	0	4.56	20	9
1999-09-01	0	1.84	28	9
1999-09-02	0	2.69	29	8
1999-09-03	0	3.86	27	7
1999-09-04	0	7.81	28	7
1999-09-05	0	3.01	29	8
1999-09-06	0.01	3.29	27	10
1999-09-07	0.01	5.66	26	8
1999-09-08	0.01	0.24	25	9
1999-09-09	80	4.25	27	7
1999-09-10	0.01	1.81	27	6
1999-09-11	0	4.62	25	5
1999-09-12	0.01	1.28	26	6
1999-09-13	0	2.64	25	5
1999-09-14	0	3.26	26	6
1999-09-15	0	2.1	25	7
1999-09-16	0	6.71	26	6
1999-09-17	0	4.9	24	7
1999-09-18	0	1.92	25	5
1999-09-19	0	3.66	26	9
1999-09-20	0	3.14	27	8
1999-09-21	0	1.57	25	6
1999-09-22	0	4.77	24	7
1999-09-23	0	3.13	26	5
1999-09-24	0	1.07	25	8
1999-09-25	0	2.12	26	9
1999-09-26	0.01	4.33	25	5
1999-09-27	0.01	3.37	23	4
1999-09-28	0.01	1.72	24	6
1999-09-29	0.01	7.06	25	7
1999-09-30	0	1.23	24	4
1999-10-01	0	1.8	30	6
1999-10-02	0	1.82	29	7
1999-10-03	0	1.76	30	5
1999-10-04	0	3.66	31	6
1999-10-05	0	4.75	28	5
1999-10-06	0	1.9	30	4
1999-10-07	0	1.75	28	6
1999-10-08	0	3.47	29	7
1999-10-09	0	2.44	31	5
1999-10-10	0	3.05	30	4
1999-10-11	0	4.24	29	7
1999-10-12	0	2.02	27	6
1999-10-13	0	0.96	30	5
1999-10-14	0	3.49	29	7
1999-10-15	0	4.39	30	6
1999-10-16	15.2	1.08	31	4
1999-10-17	0	2.52	25	3
1999-10-18	0	4.27	23	-1
1999-10-19	0	3.31	25	-1
1999-10-20	0	3.8	24	3
1999-10-21	0	3.2	26	2
1999-10-22	0	2.67	25	1
1999-10-23	0	3.14	26	-3
1999-10-24	0	5.11	25	-5
1999-10-25	0	2.87	23	-6
1999-10-26	0	0.57	25	-4
1999-10-27	0	2.14	24	0
1999-10-28	0	3.65	25	2
1999-10-29	0	2.92	26	-1
1999-10-30	0	3.7	27	3
1999-10-31	0	3.43	27	7
1999-11-01	0	2.45	27	6
1999-11-02	0	2.81	28	10
1999-11-03	0	7.29	26	10
1999-11-04	0	4.84	25	9
1999-11-05	0	3.65	28	10
1999-11-06	0	4.15	26	8
1999-11-07	0	2.55	27	7
1999-11-08	0	2.68	26	9
1999-11-09	0	2.23	25	6
1999-11-10	0	3.17	26	10
1999-11-11	0	3.31	27	11
1999-11-12	2	5.14	28	7
1999-11-13	0	3.47	25	10
1999-11-14	0	3.16	28	11
1999-11-15	0	2.98	25	12
1999-11-16	0	3.43	27	9
1999-11-17	0	7.24	26	7
1999-11-18	0	6.09	27	8
1999-11-19	0	4.22	25	10
1999-11-20	0	2.97	24	12
1999-11-21	0	1.35	25	9
1999-11-22	0	2.33	24	10
1999-11-23	0	2.32	23	11
1999-11-24	0	4.62	26	8
1999-11-25	0	0.89	25	12
1999-11-26	0	0.53	27	10
1999-11-27	0	7.98	23	6
1999-11-28	0	1.63	23	10
1999-11-29	0	5.33	24	11
1999-11-30	0	3.29	23	10
1999-12-01	0	3.34	26	8
1999-12-02	0	6.52	24	9
1999-12-03	0	4.06	25	7
1999-12-04	0	4.45	25	9
1999-12-05	0	1.48	26	13
1999-12-06	0	3.31	26	9
1999-12-07	0	2.17	25	10
1999-12-08	0	3.62	24	12
1999-12-09	0	4.64	25	11
1999-12-10	0	4.64	26	10
1999-12-11	0	3.04	26	11
1999-12-12	0	3.2	25	7
1999-12-13	0	4.79	24	8
1999-12-14	0	3.97	25	9
1999-12-15	0.01	3.63	21	8
1999-12-16	0	3.41	24	10
1999-12-17	0	3.25	25	9
1999-12-18	0	2.51	23	11
1999-12-19	0	3.57	25	11
1999-12-20	0	4.62	23	10
1999-12-21	0	3.7	23	6
1999-12-22	0	3.02	22	4
1999-12-23	10	3.77	16	4
1999-12-24	0.01	3.49	18	1
1999-12-25	0	2.97	16	2
1999-12-26	0	4.32	19	4
1999-12-27	0	3.87	17	4
1999-12-28	21	4.93	19	4
1999-12-29	0	3.02	19	8
1999-12-30	0	2.95	18	8
1999-12-31	0	4.44	20	12
2000-01-01	0	5.8	27	10
2000-01-02	0	2.16	25	13
2000-01-03	0	2.02	26	12
2000-01-04	0	1.48	25	11
2000-01-05	0	4.06	24	12
2000-01-06	0	4.42	26	9
2000-01-07	0	4.26	27	12
2000-01-08	0	5.38	27	13
2000-01-09	0	7.08	25	9
2000-01-10	0	4.53	25	10
2000-01-11	0	4.99	24	11
2000-01-12	0	6.17	27	10
2000-01-13	0	4.92	25	13
2000-01-14	0	2.54	26	9
2000-01-15	0	6.23	25	10
2000-01-16	0	2.88	24	12
2000-01-17	0	7.81	27	9
2000-01-18	0	2.67	26	11
2000-01-19	0	3.69	25	12
2000-01-20	0	3.87	25	8
2000-01-21	0	3.59	26	10
2000-01-22	0	2.19	26	11
2000-01-23	0	4.28	25	10
2000-01-24	0	5.47	23	12
2000-01-25	0	4.35	24	11
2000-01-26	0	2.54	25	9
2000-01-27	0	8.19	29	10
2000-01-28	0	5.02	29	8
2000-01-29	0	3.77	27	11
2000-01-30	0	2.68	26	7
2000-01-31	0	3.36	25	8
2000-02-01	0	6.37	25	6
2000-02-02	0	3.49	22	5
2000-02-03	0	7.59	25	8
2000-02-04	0	2.28	20	9
2000-02-05	0	5.73	20	4
2000-02-06	0	4.55	24	10
2000-02-07	0	2.44	23	9
2000-02-08	0	2.15	25	10
2000-02-09	0	1.88	29	11
2000-02-10	0	1.89	27	4
2000-02-11	0	1.99	28	4
2000-02-12	0	4.09	29	7
2000-02-13	0	2.88	31	1
2000-02-14	0	2.64	32	5
2000-02-15	0	3	31	2
2000-02-16	0	3.55	29	6
2000-02-17	0	2.08	28	10
2000-02-18	0	5.11	25	8
2000-02-19	0	4.16	26	7
2000-02-20	0	1.55	27	5
2000-02-21	0	2.53	28	9
2000-02-22	0	4.82	29	11
2000-02-23	0	2.93	27	8
2000-02-24	0	1.49	29	7
2000-02-25	0.1	2.89	24	5
2000-02-26	0.1	1.74	28	6
2000-02-27	0.1	3.87	29	4
2000-02-28	0	6.24	28	7
2000-02-29	0	3.6	27	11
2000-03-01	0.1	5.26	28	9
2000-03-02	0.1	1.65	30	8
2000-03-03	0	3.16	32	10
2000-03-04	0	6.83	30	10
2000-03-05	0.1	3.43	31	9
2000-03-06	0	3.38	29	11
2000-03-07	0	5.25	30	12
2000-03-08	0	2.55	32	13
2000-03-09	0	6.47	29	15
2000-03-10	0	4.95	32	10
2000-03-11	0.1	5.83	28	10
2000-03-12	0.5	4.88	32	8
2000-03-13	0	7.66	30	9
2000-03-14	0	0.62	31	10
2000-03-15	0	4.46	33	8
2000-03-16	0	3.18	29	7
2000-03-17	0	3.85	30	9
2000-03-18	0	1.71	32	10
2000-03-19	0	5.62	33	10
2000-03-20	0	2.33	29	15
2000-03-21	0	3.32	31	10
2000-03-22	0	2.98	30	12
2000-03-23	0	2.66	28	11
2000-03-24	0	5.12	33	9
2000-03-25	0.1	0.79	32	10
2000-03-26	0	4.33	31	14
2000-03-27	0	2.94	29	10
2000-03-28	0	3.73	30	11
2000-03-29	0	3.28	28	13
2000-03-30	0	3.26	31	12
2000-03-31	0	2.37	32	14
2000-04-01	0	3.34	33	12
2000-04-02	0	5.51	33	11
2000-04-03	0	2.51	32	13
2000-04-04	0	5.33	31	11
2000-04-05	0	2.86	30	12
2000-04-06	0	4.37	32	11
2000-04-07	0	5.45	32	9
2000-04-08	0	1.52	34	13
2000-04-09	0	3.11	36	19
2000-04-10	0	5.2	32	15
2000-04-11	0	1.88	35	13
2000-04-12	0	2.21	33	9
2000-04-13	0	1.22	34	12
2000-04-14	0	1.87	32	12
2000-04-15	0	3.68	30	13
2000-04-16	0	4.54	31	10
2000-04-17	0	2.55	34	11
2000-04-18	0	10.92	35	16
2000-04-19	0	11.59	33	10
2000-04-20	0	11.24	32	11
2000-04-21	0	12.1	33	7
2000-04-22	0	11.45	34	7
2000-04-23	0	7.92	34	7
2000-04-24	0	10.03	35	7
2000-04-25	0	11.49	34	6
2000-04-26	23	9.75	34	5
2000-04-27	1	4.24	34	5
2000-04-28	0	9.05	33	4
2000-04-29	0	8.02	34	5
2000-04-30	0	10.14	35	3
2000-05-01	0	NULO	33	5
2000-05-02	0	NULO	32	13
2000-05-03	0	NULO	30	15
2000-05-04	0	NULO	32	17
2000-05-05	0	NULO	35	13
2000-05-06	13	NULO	37	10
2000-05-07	0	NULO	34	13
2000-05-08	0	NULO	33	11
2000-05-09	0.1	NULO	31	8
2000-05-10	0	NULO	35	12
2000-05-11	0	NULO	29	12
2000-05-12	0	NULO	32	12
2000-05-13	0.1	NULO	30	11
2000-05-14	0.1	NULO	35	10
2000-05-15	0	NULO	37	15
2000-05-16	0	NULO	36	14
2000-05-17	0	NULO	31	13
2000-05-18	0	NULO	29	10
2000-05-19	0.1	NULO	27	11
2000-05-20	0	NULO	29	8
2000-05-21	0.1	NULO	31	9
2000-05-22	0	NULO	28	12
2000-05-23	16.1	NULO	30	10
2000-05-24	0.1	NULO	29	11
2000-05-25	0	NULO	27	9
2000-05-26	0.1	NULO	31	10
2000-05-27	0.1	NULO	32	8
2000-05-28	11	NULO	30	12
2000-05-29	0	NULO	28	11
2000-05-30	0	NULO	29	10
2000-05-31	0	NULO	31	12
2000-06-01	15	NULO	33	10
2000-06-02	0.1	NULO	30	11
2000-06-03	10	NULO	29	12
2000-06-04	0.1	NULO	31	9
2000-06-05	0.1	NULO	28	10
2000-06-06	0.1	NULO	31	11
2000-06-07	0.1	NULO	30	9
2000-06-08	0	NULO	29	8
2000-06-09	0	NULO	31	12
2000-06-10	0	NULO	28	13
2000-06-11	0	NULO	29	10
2000-06-12	0	NULO	30	11
2000-06-13	0.1	NULO	31	9
2000-06-14	0	NULO	29	10
2000-06-15	0	NULO	32	13
2000-06-16	0	NULO	31	16
2000-06-17	0	NULO	30	15
2000-06-18	0	NULO	28	12
2000-06-19	0	NULO	26	10
2000-06-20	30	NULO	29	15
2000-06-21	0	NULO	27	14
2000-06-22	0	NULO	28	13
2000-06-23	0	NULO	25	11
2000-06-24	0	NULO	27	12
2000-06-25	20	NULO	26	10
2000-06-26	0.1	NULO	27	12
2000-06-27	0.1	NULO	29	13
2000-06-28	50	NULO	26	12
2000-06-29	0.1	NULO	28	14
2000-06-30	0.1	NULO	25	13
2000-07-01	0	NULO	28	8
2000-07-02	25	NULO	30	10
2000-07-03	40	NULO	29	11
2000-07-04	30	NULO	27	13
2000-07-05	0.1	NULO	25	8
2000-07-06	0.1	NULO	24	10
2000-07-07	0	NULO	26	9
2000-07-08	0.1	NULO	28	8
2000-07-09	0	NULO	28	14
2000-07-10	0	NULO	31	9
2000-07-11	0	NULO	30	12
2000-07-12	10	NULO	28	9
2000-07-13	0	NULO	29	13
2000-07-14	0	NULO	31	11
2000-07-15	0.1	NULO	31	12
2000-07-16	0.1	NULO	29	13
2000-07-17	0.1	NULO	28	7
2000-07-18	0.1	NULO	28	8
2000-07-19	0.1	NULO	27	10
2000-07-20	1.5	NULO	27	11
2000-07-21	0.1	NULO	28	11
2000-07-22	0.1	NULO	28	12
2000-07-23	0.1	NULO	28	10
2000-07-24	0.1	NULO	27	11
2000-07-25	0.1	NULO	27	11
2000-07-26	0.1	NULO	27	10
2000-07-27	0.1	NULO	25	8
2000-07-28	0.5	NULO	26	9
2000-07-29	1	NULO	27	10
2000-07-30	0.5	NULO	28	9
2000-07-31	0.3	NULO	29	10
2000-08-01	0	NULO	27	11
2000-08-02	0	NULO	28	12
2000-08-03	5	NULO	27	10
2000-08-04	11	NULO	23	10
2000-08-05	22	NULO	27	10
2000-08-06	0	NULO	28	10
2000-08-07	2	NULO	28	9
2000-08-08	4	NULO	25	7
2000-08-09	3	NULO	25	9
2000-08-10	0.3	NULO	25	7
2000-08-11	0	NULO	25	9
2000-08-12	3.5	NULO	26	9
2000-08-13	75	NULO	24	10
2000-08-14	0.5	NULO	25	10
2000-08-15	0.4	NULO	26	10
2000-08-16	0	NULO	26	11
2000-08-17	0	NULO	25	14
2000-08-18	0	NULO	26	10
2000-08-19	1.2	NULO	27	11
2000-08-20	0	NULO	25	12
2000-08-21	3.5	NULO	26	13
2000-08-22	0	NULO	27	14
2000-08-23	0	NULO	28	12
2000-08-24	0	NULO	27	10
2000-08-25	0	NULO	28	11
2000-08-26	0	NULO	26	11
2000-08-27	0	NULO	27	12
2000-08-28	0	NULO	25	13
2000-08-29	0	NULO	24	11
2000-08-30	1	NULO	26	13
2000-08-31	0	NULO	27	12
2000-09-01	0	NULO	28	14
2000-09-02	0	NULO	26	14
2000-09-03	0	NULO	24	13
2000-09-04	0	NULO	25	11
2000-09-05	0	NULO	27	14
2000-09-06	0	NULO	26	15
2000-09-07	0	NULO	26	14
2000-09-08	0	NULO	23	16
2000-09-09	0	NULO	24	11
2000-09-10	0	NULO	26	11
2000-09-11	0	NULO	25	12
2000-09-12	0	NULO	23	11
2000-09-13	3	NULO	22	14
2000-09-14	0	NULO	21	15
2000-09-15	4	NULO	22	16
2000-09-16	5.5	NULO	25	14
2000-09-17	0	NULO	23	14
2000-09-18	0	NULO	24	10
2000-09-19	0	NULO	26	12
2000-09-20	4	NULO	27	13
2000-09-21	0	NULO	30	8
2000-09-22	0	NULO	31	5
2000-09-23	0	NULO	22	4
2000-09-24	0	NULO	20	3
2000-09-25	4.5	NULO	23	2
2000-09-26	5	NULO	25	3
2000-09-27	0	NULO	24	10
2000-09-28	0	NULO	26	7
2000-09-29	0	NULO	27	8
2000-09-30	0	NULO	26	6
2000-10-01	0	NULO	25	11
2000-10-02	0	NULO	27	11
2000-10-03	0	NULO	27	12
2000-10-04	0	NULO	26	10
2000-10-05	0	NULO	25	11
2000-10-06	0	NULO	26	12
2000-10-07	0	NULO	25	7
2000-10-08	0	NULO	23	2
2000-10-09	0	NULO	20	4
2000-10-10	0	NULO	25	6
2000-10-11	0	NULO	25	5
2000-10-12	0	NULO	25	6
2000-10-13	0	NULO	24	7
2000-10-14	0	NULO	26	1
2000-10-15	10	NULO	27	2
2000-10-16	0	NULO	26	3
2000-10-17	0	NULO	25	6
2000-10-18	0	NULO	26	5
2000-10-19	0	NULO	27	6
2000-10-20	0	NULO	27	7
2000-10-21	0	NULO	26	4
2000-10-22	4.5	NULO	27	4
2000-10-23	0	1.89	28	5
2000-10-24	0	1.76	24	7
2000-10-25	0	3.94	23	2
2000-10-26	0	3.96	22	4
2000-10-27	0	4.17	21	5
2000-10-28	0	4.04	22	7
2000-10-29	0	5.19	29	6
2000-10-30	0	4.56	27	8
2000-10-31	0	5.34	29	9
2000-11-01	1.5	4.8	28	7
2000-11-02	5.5	4.44	20	6
2000-11-03	0	0.74	20	5
2000-11-04	0	3.17	22	8
2000-11-05	0	5.34	28	3
2000-11-06	0	5.07	28	6
2000-11-07	0	7.11	29	7
2000-11-08	0	7.23	30	7
2000-11-09	0	7.13	30	10
2000-11-10	0	4.95	30	7
2000-11-11	0	3.89	30	5
2000-11-12	0	3.41	32	4
2000-11-13	0	5.28	31	3
2000-11-14	0	1.48	25	5
2000-11-15	0	3.01	27	6
2000-11-16	0	2.34	27	5
2000-11-17	0	5.63	29	4
2000-11-18	0	4.9	28	6
2000-11-19	0	2.52	27	7
2000-11-20	0	3.32	21	4
2000-11-21	0	4.17	18	3
2000-11-22	0	0.34	22	4
2000-11-23	0	5.15	29	7
2000-11-24	0	4.44	26	4
2000-11-25	0	2.61	28	3
2000-11-26	0	4.38	25	7
2000-11-27	10.2	3.05	27	6
2000-11-28	0	2.48	24	4
2000-11-29	0	4.2	24	4
2000-11-30	0	2.53	25	5
2000-12-01	0	4.2	24	4
2000-12-02	0	5.05	20	5
2000-12-03	0	0.23	20	7
2000-12-04	0	4.38	20	1
2000-12-05	0	1.9	20	6
2000-12-06	0	2.14	22	3
2000-12-07	0	3.5	23	5
2000-12-08	0	2.57	22	2
2000-12-09	0	3.68	26	3
2000-12-10	0	4.06	24	3
2000-12-11	0	2.46	20	5
2000-12-12	0	4.6	22	4
2000-12-13	0	3.56	21	4
2000-12-14	0	4.4	26	4
2000-12-15	0	4.38	23	5
2000-12-16	0	4.14	24	4
2000-12-17	0	1.98	15	4
2000-12-18	0	4.04	21	4
2000-12-19	0	5.43	22	4
2000-12-20	0	3.01	22	3
2000-12-21	0	2.89	22	6
2000-12-22	0	4.95	23	6
2000-12-23	0	2.2	19	6
2000-12-24	0	2.85	19	4
2000-12-25	0	2.5	18	4
2000-12-26	0	2.5	16	3
2000-12-27	0	1.31	16	2
2000-12-28	1	2.19	22	2
2000-12-29	0	1.99	17	3
2000-12-30	0	3.62	19	3
2000-12-31	0	2.69	19	4
2001-01-01	0	1.84	21	2
2001-01-02	0	2.88	20	4
2001-01-03	0	2.9	19	2
2001-01-04	0	2.77	21	3
2001-01-05	0	2.51	22	4
2001-01-06	0	3.31	21	3
2001-01-07	0	5.62	23	4
2001-01-08	0	4.09	22	3
2001-01-09	1.5	0.25	19	3
2001-01-10	0	3.15	21	3
2001-01-11	0	2.15	22	4
2001-01-12	0	3.91	25	5
2001-01-13	0	2.59	22	2
2001-01-14	0	6.95	22	3
2001-01-15	0	4.65	21	4
2001-01-16	0	3.3	23	5
2001-01-17	0	6.69	21	4
2001-01-18	0	6.43	19	5
2001-01-19	0	6.83	18	3
2001-01-20	0	1.31	19	5
2001-01-21	0	3.79	20	4
2001-01-22	0	1.8	18	5
2001-01-23	0	2.27	19	2
2001-01-24	0	2.76	19	5
2001-01-25	0	5.29	18	2
2001-01-26	0	5.72	19	3
2001-01-27	0	7.16	22	3
2001-01-28	0	3.8	22	3
2001-01-29	0	4.6	22	2
2001-01-30	0	7	23	4
2001-01-31	0	7.68	22	3
2001-02-01	0	7.92	26	3
2001-02-02	0	4.75	23	4
2001-02-03	0	3.98	21	4
2001-02-04	0	4.21	15	5
2001-02-05	0	5.53	22	3
2001-02-06	0	5.98	19	5
2001-02-07	0	3.9	22	5
2001-02-08	0	3.44	22	2
2001-02-09	0	6.82	20	3
2001-02-10	0.01	4.99	21	3
2001-02-11	0	4.99	20	4
2001-02-12	0.01	3.34	22	4
2001-02-13	0.01	4.99	23	3
2001-02-14	0.01	6.52	22	3
2001-02-15	0.01	7.85	24	3
2001-02-16	0	6.93	24	2
2001-02-17	0	4.12	15	2
2001-02-18	0	5.78	20	2
2001-02-19	0	4.48	22	4
2001-02-20	0	4.6	23	3
2001-02-21	0	5.47	22	6
2001-02-22	0	4.27	22	5
2001-02-23	0.01	4.81	20	5
2001-02-24	0	5.75	21	5
2001-02-25	0.01	6.5	22	4
2001-02-26	3	5.9	22	6
2001-02-27	7	3.13	19	7
2001-02-28	7	3.07	21	3
2001-03-01	0.01	5.12	20	3
2001-03-02	2	2.97	13	2
2001-03-03	0.01	4.51	18	1
2001-03-04	0.01	5.55	19	2
2001-03-05	0.01	3.08	15	2
2001-03-06	0.01	4.24	19	4
2001-03-07	0.01	5.28	22	2
2001-03-08	0.01	5.89	22	2
2001-03-09	0.01	6.45	23	2
2001-03-10	0.01	8.61	25	2
2001-03-11	0.01	7.42	26	3
2001-03-12	0	7.96	25	3
2001-03-13	0	6.95	24	5
2001-03-14	0	8.4	23	6
2001-03-15	0	10.1	24	5
2001-03-16	0	9.39	25	4
2001-03-17	0	6.38	26	6
2001-03-18	0	9.07	24	7
2001-03-19	0	8.14	27	4
2001-03-20	0	9.55	26	5
2001-03-21	0	10.25	21	3
2001-03-22	0	10.2	23	4
2001-03-23	0	7.4	24	4
2001-03-24	0	8.25	25	4
2001-03-25	2	7.83	20	4
2001-03-26	0.01	6.46	24	3
2001-03-27	0.01	10.79	25	4
2001-03-28	0	10.6	19	5
2001-03-29	0	10.49	23	4
2001-03-30	0	11.59	25	5
2001-03-31	0	6.73	25	4
2001-04-01	0	5.79	26	5
2001-04-02	0	5.29	29	3
2001-04-03	0	10.02	28	4
2001-04-04	0	4.5	29	4
2001-04-05	0	9.65	30	5
2001-04-06	0	10.25	29	8
2001-04-07	0	5.34	29	9
2001-04-08	0	10.16	29	6
2001-04-09	0	9.5	28	6
2001-04-10	0	7.2	28	6
2001-04-11	0	8.8	29	5
2001-04-12	0	8.98	29	6
2001-04-13	0	9.9	28	8
2001-04-14	0	8.67	28	8
2001-04-15	0	10.36	28	9
2001-04-16	0	8.65	26	6
2001-04-17	0	5.09	25	7
2001-04-18	0	5.77	22	4
2001-04-19	0	5.13	24	3
2001-04-20	0	6.38	27	6
2001-04-21	0	8.48	25	7
2001-04-22	8	8.56	27	7
2001-04-23	0	7.4	25	8
2001-04-24	0	6.52	20	7
2001-04-25	0	6.14	27	8
2001-04-26	0	7.48	20	6
2001-04-27	0	1.54	23	5
2001-04-28	0	3.6	25	6
2001-04-29	1	6.05	20	7
2001-04-30	1	1.85	26	6
2001-05-01	1	4.05	26	7
2001-05-02	0	4.45	25	7
2001-05-03	0	5.17	24	6
2001-05-04	0	9.3	26	5
2001-05-05	0	5.63	25	5
2001-05-06	1	7.89	28	4
2001-05-07	7	8.17	23	5
2001-05-08	9	6.32	19	5.5
2001-05-09	0	5.61	19	3
2001-05-10	0	6.27	20	3
2001-05-11	3	4.28	20	3
2001-05-12	0	4.27	21	5
2001-05-13	0	4.84	21	4
2001-05-14	0	5.58	22	5
2001-05-15	0	6.07	22	6
2001-05-16	0	5.7	23	5
2001-05-17	3	6.8	23	4
2001-05-18	0	3.01	24	3
2001-05-19	8	5.18	24	4
2001-05-20	1	5.8	23	4
2001-05-21	5	8.02	25	6
2001-05-22	0	5.62	26	8
2001-05-23	14	8.92	29	7
2001-05-24	0	10.05	30	6
2001-05-25	0	8.35	28	4
2001-05-26	0	9.6	30	7
2001-05-27	0	6.8	24	4
2001-05-28	0	7.99	26	6
2001-05-29	0	5.7	28	4
2001-05-30	0	7.91	28	6
2001-05-31	0	7.2	27	5
2001-06-01	0	9.59	30	5
2001-06-02	0	6.12	25	4
2001-06-03	0	8.96	27	4
2001-06-04	0	9.13	26	5
2001-06-05	9	5.29	28	5
2001-06-06	0	3.04	25	7
2001-06-07	0	4.07	26	8
2001-06-08	0	5.07	25	7
2001-06-09	0	7.08	26	7
2001-06-10	0	8.44	25	8
2001-06-11	0	7.06	25	7
2001-06-12	0	5.63	22	6
2001-06-13	7	7.96	25	6
2001-06-14	14.5	8.62	23	6
2001-06-15	6	6.39	20	8
2001-06-16	0	7.91	20	4
2001-06-17	0	7.68	19	4
2001-06-18	0	6.96	18	4
2001-06-19	0	6.8	21	5
2001-06-20	4.5	5.08	21	6
2001-06-21	0	4.75	21	5
2001-06-22	1	4.69	21	6
2001-06-23	2	2.72	18	5
2001-06-24	0	6.23	21	6
2001-06-25	1	7.08	21	4
2001-06-26	0	6.72	22	4
2001-06-27	0	7.57	20	5
2001-06-28	0.5	4.2	26	8
2001-06-29	5	5.34	25	9
2001-06-30	0	7.62	22	8
2001-07-01	0	8.01	28	5
2001-07-02	3	6.3	23	5
2001-07-03	0	4.41	17	6
2001-07-04	0	5.82	19	7
2001-07-05	0	6.34	22	6
2001-07-06	0	8.51	23	4
2001-07-07	2	6.2	22	4
2001-07-08	8	6.5	22	4
2001-07-09	3	8.14	22	4
2001-07-10	0	8.36	23	7
2001-07-11	1	8.4	23	8
2001-07-12	0	7.62	24	6
2001-07-13	0	8.17	23	5
2001-07-14	0	5.6	22	5
2001-07-15	7	5.06	23	6
2001-07-16	0	6.55	22	6
2001-07-17	0	3.78	23	9
2001-07-18	0	8.24	23	5
2001-07-19	0.5	5.61	23	8
2001-07-20	0	7.75	24	6
2001-07-21	0	6.62	24	6
2001-07-22	28	8.6	26	5
2001-07-23	4	3.93	26	5
2001-07-24	8	6.07	27	5
2001-07-25	2	3.83	19	5
2001-07-26	4	2.55	20	7
2001-07-27	0	5.12	21	8
2001-07-28	0	6.58	21	6
2001-07-29	0	5.37	21	4
2001-07-30	0	7.34	21	5
2001-07-31	0	7.19	21	6
2001-08-01	0	4.62	22	7
2001-08-02	0	4.17	21	3
2001-08-03	0	5.19	20	4
2001-08-04	0	7.1	21	3
2001-08-05	0	8.53	23	4
2001-08-06	0	6.88	20	4
2001-08-07	0	6.8	21	4
2001-08-08	0	7.02	21	6
2001-08-09	0	7.85	23	5
2001-08-10	0	8.53	21	3
2001-08-11	0	4.88	21	4
2001-08-12	0	4.65	21	3
2001-08-13	0	5.49	22	4
2001-08-14	0	8.11	24	5
2001-08-15	0	8.63	24	3
2001-08-16	7	6.82	19	4
2001-08-17	0	6.23	22	6
2001-08-18	0	7.41	24	6
2001-08-19	0	7.74	25	7
2001-08-20	0	8.51	24	4
2001-08-21	0	7.06	24	4
2001-08-22	0	7.56	23	4
2001-08-23	0	4.87	22	6
2001-08-24	0	6.34	20	6
2001-08-25	7	5.8	22	7
2001-08-26	8	9.64	22	9
2001-08-27	12	5.01	17	9
2001-08-28	16	9.7	20	8
2001-08-29	24	4.65	19	9
2001-08-30	0	6.91	19	8
2001-08-31	0	6.39	20	8
2001-09-01	22	10.7	21	8
2001-09-02	0	7.85	20	4
2001-09-03	8	5.64	21	5
2001-09-04	0	5.8	21	7
2001-09-05	0	7.77	20	6
2001-09-06	2	6.03	20	8
2001-09-07	1	5.31	20	9
2001-09-08	4	6.63	21	7
2001-09-09	1.5	7.16	20	7
2001-09-10	0	3.61	21	8
2001-09-11	0	4.43	18	9
2001-09-12	16	3.56	18	8
2001-09-13	0	3.8	17	8
2001-09-14	0	4.08	17	7
2001-09-15	0	5.99	17	4
2001-09-16	0	4.56	18	3
2001-09-17	0	4.9	20	5
2001-09-18	0	4.59	19	4
2001-09-19	0	5.91	21	5
2001-09-20	0	5.5	20	7
2001-09-21	0	4.51	19	8
2001-09-22	0	4.86	20	9
2001-09-23	0	3.48	21	8
2001-09-24	0	3.77	15	6
2001-09-25	3	8.33	18	7
2001-09-26	0	3.73	16	6
2001-09-27	0	6.31	18	7
2001-09-28	0	5.48	18	7
2001-09-29	0	4.45	16	4
2001-09-30	0	5.05	17	3
2001-10-01	0	4.35	18	5
2001-10-02	0	5.1	18	7
2001-10-03	0	4.35	19	6
2001-10-04	0	4.45	20	5
2001-10-05	0	5.5	22	5
2001-10-06	0	3.49	20	3
2001-10-07	0	6.73	21	3
2001-10-08	0	3.03	19	2
2001-10-09	0	4.6	20	2
2001-10-10	0	3.85	21	2
2001-10-11	0	7.8	22	3
2001-10-12	0	4.3	21	2
2001-10-13	0	6.45	20	3
2001-10-14	5	4.25	19	4
2001-10-15	0	4.57	21	3
2001-10-16	0	3.94	23	2
2001-10-17	0	3.3	14	2
2001-10-18	0	2.4	18	-2
2001-10-19	0	4.63	20	4
2001-10-20	0	4.83	19	5
2001-10-21	0	7.06	20	4
2001-10-22	0	4.1	23	4
2001-10-23	0	5.04	23	2
2001-10-24	0	5.22	23	5
2001-10-25	0	3.78	21	6
2001-10-26	2.5	0.26	15	6
2001-10-27	0	3.42	12	5
2001-10-28	0	1.48	12	2
2001-10-29	0	3.73	12	-2
2001-10-30	0	6.56	13	-3
2001-10-31	0	2.93	19	-1
2001-11-01	0	3.36	20	5
2001-11-02	0	4.3	19	4
2001-11-03	0	3.32	19	3
2001-11-04	0	2.98	18	5
2001-11-05	0	1.42	17	4
2001-11-06	0	2.22	19	3
2001-11-07	0	4.16	17	6
2001-11-08	0	1.22	15	-3
2001-11-09	0	2.98	13	-3
2001-11-10	0	6.02	13	2
2001-11-11	0	3.15	15	-4
2001-11-12	0	3.05	14	1
2001-11-13	0	2.78	17	1
2001-11-14	0	2.7	18	-3
2001-11-15	3	4.07	19	3
2001-11-16	0	3.34	22	-1
2001-11-17	0	1.32	16	2
2001-11-18	0	3.5	21	-3
2001-11-19	0	2.86	19	3
2001-11-20	0	2.51	17	2
2001-11-21	0	1.43	17	-2
2001-11-22	0	3.6	18	-1
2001-11-23	0	6.59	21	-1
2001-11-24	0	3.66	20	-1
2001-11-25	0	3.84	21	-3
2001-11-26	0	4.82	22	-2
2001-11-27	0	5.97	19	-2
2001-11-28	0	7.3	21	-3
2001-11-29	0	2.94	22	-1
2001-11-30	0	2.37	22	-4
2001-12-01	0	2.53	21	-2
2001-12-02	0	4.55	18	1
2001-12-03	0	2.72	15	-1
2001-12-04	0	3.16	17	-3
2001-12-05	0	3.82	18	-2
2001-12-06	0	3.2	16	-2
2001-12-07	0	2.2	19	-3
2001-12-08	0	3.03	19	-1
2001-12-09	0	2.48	17	2
2001-12-10	0	4.04	17	-3
2001-12-11	0	1.95	19	-1
2001-12-12	0	1	20	-3
2001-12-13	0	3.24	21	-1
2001-12-14	0	3.92	22	4
2001-12-15	0	3.11	20	-1
2001-12-16	0	4.63	21	3
2001-12-17	0	2.11	20	-1
2001-12-18	0	2.98	21	-2
2001-12-19	0	1.75	18	-3
2001-12-20	0	1.57	11	2
2001-12-21	0	2.85	19	-2
2001-12-22	0	3.23	20	-3
2001-12-23	0	2.56	19	1
2001-12-24	0	2.08	15	6
2001-12-25	1	3.2	18	2
2001-12-26	1	3.66	10	3
2001-12-27	0	2.14	12	2
2001-12-28	0	3.62	15	2
2001-12-29	0	2.51	15	-3
2001-12-30	0	3.11	21	3
2001-12-31	0	5.62	19	-3
2002-01-01	0	4.25	19	-2
2002-01-02	0	5.41	18	-1
2002-01-03	0	5.03	18	3
2002-01-04	0	4.38	19	6
2002-01-05	0	5.58	20	6
2002-01-06	0	4.43	20	7
2002-01-07	0	3.58	19	6
2002-01-08	0	3.4	18	3
2002-01-09	0	2.13	19	2
2002-01-10	0	5.39	21	-2
2002-01-11	0	3.52	17	-4
2002-01-12	4	0.72	9	0.5
2002-01-13	19	0.96	7	-4
2002-01-14	0	4.82	10	-5
2002-01-15	0	2.59	13	-7
2002-01-16	0	1.63	15	-4
2002-01-17	4	0.39	16	-2
2002-01-18	0	2.82	21	-2
2002-01-19	0	4.58	21	-2
2002-01-20	0	5.36	20	2
2002-01-21	0	4.69	19	-2
2002-01-22	0	2.36	19	2
2002-01-23	0	5.82	19	-1
2002-01-24	0	3.25	18	1
2002-01-25	0	4.15	19	-2
2002-01-26	0	5.94	20	-1
2002-01-27	0	5.66	21	-3
2002-01-28	0	5.24	21	-4
2002-01-29	0	5.14	22	-4
2002-01-30	0	4.52	22	-3
2002-01-31	0	4.76	24	-5
2002-02-01	0	3.53	17	-1
2002-02-02	0	4.76	19	-2
2002-02-03	0	4.85	21	-3
2002-02-04	0	5.38	19	-5
2002-02-05	0	6.61	24	-4
2002-02-06	0	4.19	21	-2
2002-02-07	0	2.66	19	-3
2002-02-08	0	3.51	19	-4
2002-02-09	0	4.4	19	-4
2002-02-10	0	2.51	12	-3
2002-02-11	3	2.13	11	-7
2002-02-12	2	1.84	12	-8
2002-02-13	0	1.24	13	-6
2002-02-14	0	1.71	17	-5
2002-02-15	0	4.05	15	-3
2002-02-16	0	2.84	16	-4
2002-02-17	0	4.08	20	-1
2002-02-18	0	5.36	23	2
2002-02-19	0	4.89	22	-2
2002-02-20	0	4.06	22	-2
2002-02-21	0	5.45	21	2
2002-02-22	0	3.79	21	-2
2002-02-23	0	5.09	22	-1
2002-02-24	0	5.11	22	-3
2002-02-25	0	4.06	22	-1
2002-02-26	0	2.5	21	1
2002-02-27	0.01	2.13	22	2
2002-02-28	0	4.62	22	1
2002-03-01	0	4.79	22	1
2002-03-02	0	5.34	23	-2
2002-03-03	0	6.23	26	1
2002-03-04	0	2.14	12	-3
2002-03-05	0	5.67	22	-7
2002-03-06	0	6.88	24	-3
2002-03-07	0	6.44	24	1
2002-03-08	0	4.56	23	1
2002-03-09	0	3.24	22	-2
2002-03-10	0	5.84	23	-3
2002-03-11	0	3.92	24	-2
2002-03-12	0	4.24	21	2
2002-03-13	0	5.73	22	2
2002-03-14	0	6.4	24	3
2002-03-15	0	5.43	23	1
2002-03-16	0	3.54	21	2
2002-03-17	0	7.63	27	-2
2002-03-18	0	6.08	28	-4
2002-03-19	0	8.95	28	-3
2002-03-20	0	4.95	22	1
2002-03-21	0	4.55	19	1
2002-03-22	0	3.76	15	2
2002-03-23	0	3.57	17	-2
2002-03-24	0	4.65	20	2
2002-03-25	0	5.84	22	3
2002-03-26	0	7.13	25	2
2002-03-27	0	6.43	25	4
2002-03-28	0	8.36	27	4
2002-03-29	0	6.49	27	4
2002-03-30	0	6.75	28	0
2002-03-31	0	7.53	28	2
2002-04-01	5	6.1	28	6
2002-04-02	0	6.75	28	6
2002-04-03	0	6.29	28	6
2002-04-04	7	6.1	28	6
2002-04-05	8	6.71	28	5
2002-04-06	8	5.18	25	1
2002-04-07	0	5.94	25	3
2002-04-08	0	5.47	24	2
2002-04-09	3	6.08	22	2
2002-04-10	0	2.93	19	2
2002-04-11	1	4.92	23	2
2002-04-12	0	5.63	23	1
2002-04-13	0	5.14	24	2
2002-04-14	0	5.17	24	2
2002-04-15	0.01	5.89	25	1
2002-04-16	2	4.95	24	3
2002-04-17	0	5.8	25	2
2002-04-18	0	6.64	26	1
2002-04-19	0	6.18	26	1
2002-04-20	0	7.92	27	1
2002-04-21	0	4.31	29	5
2002-04-22	0	5.7	25	2
2002-04-23	0	6.27	26	3
2002-04-24	0	6.11	25	2
2002-04-25	0	7.82	26	3
2002-04-26	0	8.03	28	2
2002-04-27	0	5.83	27	4
2002-04-28	0	7.31	27	4
2002-04-29	0	8.36	29	3
2002-04-30	0	8.9	30	2
2002-05-01	0	10.22	31	6
2002-05-02	0	10.7	31	9
2002-05-03	0	9.85	30	7
2002-05-04	0	8.43	31	6
2002-05-05	0	6.1	27	4
2002-05-06	0	5.67	20	2
2002-05-07	0	7.89	28	2
2002-05-08	2	8.82	22	4
2002-05-09	0	9.68	28	4
2002-05-10	0.01	6.46	27	3
2002-05-11	0	7.16	29	3
2002-05-12	0	7.55	25	4
2002-05-13	0	8.34	27	5
2002-05-14	0	7.67	27	4
2002-05-15	0	5.35	25	3
2002-05-16	0	6.92	25	2
2002-05-17	0	5.28	23	2
2002-05-18	0	5.1	22	2
2002-05-19	0	7.1	23	3
2002-05-20	0	6.72	23	4
2002-05-21	0	7.88	24	2
2002-05-22	0	6.91	24	5
2002-05-23	0.01	9.94	27	4
2002-05-24	1	5.93	27	8
2002-05-25	0	5.06	26	4
2002-05-26	0	7	26	3
2002-05-27	0	8.83	27	3
2002-05-28	0	9.23	29	7
2002-05-29	0	6.06	27	6
2002-05-30	0	6.59	26	4
2002-05-31	0	7.42	27	5
2002-06-01	0	8.1	27	4
2002-06-02	0	6.72	27	3
2002-06-03	0	6.47	28	4
2002-06-04	0	5.93	26	4
2002-06-05	0	5.1	25	5
2002-06-06	0	3.49	26	4
2002-06-07	0	6.17	27	5
2002-06-08	0	4.16	26	5
2002-06-09	1.5	7.76	26	6
2002-06-10	0.01	2.1	21	4
2002-06-11	0.5	3.02	21	3
2002-06-12	0	8.3	24	7
2002-06-13	6	7.67	25	7
2002-06-14	0	5.95	25	5
2002-06-15	0	3.01	25	5
2002-06-16	0	5.68	27	3
2002-06-17	0	9.01	28	2
2002-06-18	0	6.76	28	2
2002-06-19	0	7.66	26	6
2002-06-20	0.01	7.19	25	5
2002-06-21	0	8.39	26	2
2002-06-22	0	8.47	25	6
2002-06-23	0.01	9.7	27	5
2002-06-24	1	9.73	27	8
2002-06-25	0	7.96	26	4
2002-06-26	0	8.28	26	4
2002-06-27	0	9.05	23	3
2002-06-28	0	10.56	29	4
2002-06-29	6	9.39	27	8
2002-06-30	0	6.83	25	7
2002-07-01	4	6.83	22	3
2002-07-02	0	7.71	22	7
2002-07-03	0	8.17	22	5
2002-07-04	2	5.73	24	6
2002-07-05	0	7.7	23	4
2002-07-06	0	6.65	22	4
2002-07-07	0.01	6.2	22	5
2002-07-08	0	7.5	20	4
2002-07-09	0	6.25	20	4
2002-07-10	2	2.95	19	6
2002-07-11	0	6.78	20	7
2002-07-12	1	4.99	19	8
2002-07-13	29	8.52	20	8
2002-07-14	0	6.81	21	8
2002-07-15	0	5.65	21	8
2002-07-16	0	6.3	20	7
2002-07-17	0	6.75	22	6
2002-07-18	0	4.98	23	6
2002-07-19	0	5.42	21	5
2002-07-20	0	6.2	20	4
2002-07-21	0	5.16	22	4
2002-07-22	0	3.75	13	5
2002-07-23	0.01	4.8	19	6
2002-07-24	0	6.18	20	2
2002-07-25	0	7.88	23	5
2002-07-26	0.01	3.66	24	2
2002-07-27	0	5.75	23	5
2002-07-28	1	4.39	24	3
2002-07-29	21	7.64	22	4
2002-07-30	0	4.53	21	7
2002-07-31	17	9.1	20	5
2002-08-01	39	4.78	21	6
2002-08-02	0	2.6	19	3
2002-08-03	0	4.8	20	4
2002-08-04	0	4.11	22	4
2002-08-05	0	5.1	22	3
2002-08-06	0	6.96	27	2
2002-08-07	0	7.62	25	6
2002-08-08	0	4.97	23	5
2002-08-09	0	4.03	22	4
2002-08-10	0	5.75	22	4
2002-08-11	0	4.45	21	3
2002-08-12	0	5.82	22	5
2002-08-13	1	6.1	21	6
2002-08-14	4	2.5	21	8
2002-08-15	22	6.69	20	9
2002-08-16	0	4.54	20	7
2002-08-17	0	5.15	20	6
2002-08-18	0	5.99	21	5
2002-08-19	0	4.37	22	4
2002-08-20	0	4.61	21	7
2002-08-21	0	5.94	22	7
2002-08-22	0	4.78	21	6
2002-08-23	0	4.32	18	5
2002-08-24	0	4.69	20	5
2002-08-25	0	5.27	20	6
2002-08-26	0	6.35	22	6
2002-08-27	0	5.38	21	5
2002-08-28	0	7.42	23	4
2002-08-29	0	5.91	22	3
2002-08-30	0	3.86	19	4
2002-08-31	0.01	4.19	19	5
2002-09-01	0	3.62	19	5
2002-09-02	0	4.15	20	2
2002-09-03	0.01	5.08	21	4
2002-09-04	3	2.49	21	6
2002-09-05	0	3.83	21	4
2002-09-06	43	1.71	21	8
2002-09-07	0	2.38	21	8
2002-09-08	4	2.28	22	7
2002-09-09	1	3.99	21	9
2002-09-10	20	5.98	22	7
2002-09-11	63	4.19	17	9
2002-09-12	19	2.06	17	8
2002-09-13	0	1.2	17	7
2002-09-14	0	5.9	18	9
2002-09-15	12.8	5.9	15	8
2002-09-16	0	5.9	20	8
2002-09-17	0	3.2	20	8
2002-09-18	0	3.95	19	9
2002-09-19	0	4.29	20	7
2002-09-20	0	3.51	19	10
2002-09-21	0	2.88	20	7
2002-09-22	0	4.02	16	5
2002-09-23	0	3.56	16	1
2002-09-24	0.01	0.22	12	4
2002-09-25	0.01	2.37	15	3
2002-09-26	3	2.15	17	6
2002-09-27	2	1.43	16	7
2002-09-28	0	3.13	18	6
2002-09-29	0	2.9	17	5
2002-09-30	0	3.22	18	6
2002-10-01	0	1.37	19	4
2002-10-02	0	3.37	20	3
2002-10-03	0	3.36	20	3
2002-10-04	0	3.31	21	5
2002-10-05	0	3.46	20	7
2002-10-06	0	2.5	21	7
2002-10-07	0	2.9	20	7
2002-10-08	0.01	3.51	20	5
2002-10-09	0	2.66	20	3
2002-10-10	0	3.31	18	7
2002-10-11	0	3.14	20	6
2002-10-12	0	2.63	19	5
2002-10-13	0.01	3.27	17	3
2002-10-14	0	2.58	18	6
2002-10-15	0	3.87	21	4
2002-10-16	0	3.26	20	3
2002-10-17	7	3.91	22	3
2002-10-18	0.01	1.88	21	6
2002-10-19	0.01	3.79	20	3
2002-10-20	0.01	3.21	20	5
2002-10-21	0.01	3.37	19	7
2002-10-22	15	2.75	19	3
2002-10-23	0.01	2.82	20	4
2002-10-24	3	1.2	20	6
2002-10-25	0	4.28	21	3
2002-10-26	0.01	3.8	22	5
2002-10-27	0	4.78	20	7
2002-10-28	0	5.94	20	6
2002-10-29	50	0.28	19	7
2002-10-30	0	2.5	21	6
2002-10-31	0	4.07	20	8
2002-11-01	0.01	3.18	22	6
2002-11-02	0.01	3.35	20	4
2002-11-03	2	3.82	18	6
2002-11-04	0.01	5.78	15	7
2002-11-05	18	2.5	18	6
2002-11-06	0	2.4	18	2
2002-11-07	0.01	3.5	20	-1
2002-11-08	0	5.09	20	3
2002-11-09	0	5.59	21	3
2002-11-10	0	3.42	21	6
2002-11-11	0	4.52	19	2
2002-11-12	0	1.03	14	-2
2002-11-13	0	1.03	13	-1
2002-11-14	0.01	2.52	15	-1
2002-11-15	0.01	6.42	17	3
2002-11-16	0	3.48	16	2
2002-11-17	0	4.55	16	3
2002-11-18	0	4.05	19	4
2002-11-19	0	4.69	18	4
2002-11-20	0	4.61	19	3
2002-11-21	0	4.25	20	2
2002-11-22	0	4.35	20	4
2002-11-23	0	0.25	13	4
2002-11-24	0	3.45	17	4
2002-11-25	0	3.27	19	3
2002-11-26	0	3.33	19	4
2002-11-27	0	0.87	16	5
2002-11-28	0	2.31	17	3
2002-11-29	0	1.4	19	4
2002-11-30	0	3.57	20	3
2002-12-01	0	3.16	21	2
2002-12-02	0	4.34	20	3
2002-12-03	0	3.65	22	4
2002-12-04	0	2.46	23	5
2002-12-05	0	3.35	21	4
2002-12-06	0	3.53	15	3
2002-12-07	0	2.36	18	4
2002-12-08	0	1.5	20	3
2002-12-09	0	3.1	17	4
2002-12-10	0	4.55	17	4
2002-12-11	0	3.25	18	2
2002-12-12	0	3.78	20	3
2002-12-13	0	2.03	19	3
2002-12-14	0	0.66	16	4
2002-12-15	0	0.95	13	1
2002-12-16	0	3.5	21	-3
2002-12-17	0	2.93	17	-4
2002-12-18	0	3.03	19	-5
2002-12-19	0	1.86	20	-5
2002-12-20	0	1.21	15	-4
2002-12-21	0	4.54	17	-4
2002-12-22	0	4.25	20	-3
2002-12-23	0	3.37	18	-4
2002-12-24	0	4.45	17	-2
2002-12-25	0	3.9	20	1
2002-12-26	0	2.48	19	-1
2002-12-27	0	3.22	18	-2
2002-12-28	0	4.55	21	-1
2002-12-29	0	4.35	22	2
2002-12-30	0	4.6	21	3
2002-12-31	0	2.9	20	-1
2003-01-01	0	3.9	19	-2
2003-01-02	0	2.41	21	2
2003-01-03	0	3.89	20	2
2003-01-04	0	5.3	18	1
2003-01-05	0	6.7	17	-3
2003-01-06	0	3.95	16	1
2003-01-07	0.01	3.1	14	-3
2003-01-08	0	4.85	15	-2
2003-01-09	0	3.35	19	-3
2003-01-10	0	4.15	17	1
2003-01-11	0.01	3.55	17	-1
2003-01-12	4	0.3	10	2
2003-01-13	0.01	2.25	10	2
2003-01-14	0	2.39	11	1
2003-01-15	0	2.91	14	-3
2003-01-16	0	3.63	13	-4
2003-01-17	1	2.77	12	-2
2003-01-18	0	3.2	17	-4
2003-01-19	0	3.61	17	-1
2003-01-20	0	4.19	19	3
2003-01-21	0	0.12	13	4
2003-01-22	0	0.25	13	2
2003-01-23	0	1.97	16	-2
2003-01-24	0	1.44	15	-2
2003-01-25	0	4.28	18	-3
2003-01-26	0	2.86	19	-2
2003-01-27	0	2.87	16	-3
2003-01-28	0	1.8	18	1
2003-01-29	0	2.05	18	-3
2003-01-30	0.01	3.08	13	-4
2003-01-31	5	4.4	14	0
2003-02-01	0	4.77	18	-2
2003-02-02	0	5.24	20	-2
2003-02-03	0	3.85	19	-1
2003-02-04	0	4.03	21	-2
2003-02-05	0	4.03	22	-3
2003-02-06	0	3.98	23	1
2003-02-07	0	4.22	19	-2
2003-02-08	0	5.82	22	-3
2003-02-09	0	4.51	23	-3
2003-02-10	0	5.44	22	-2
2003-02-11	0	5.15	22	-3
2003-02-12	0	5.85	21	-2
2003-02-13	0	5.44	23	2
2003-02-14	0	7.61	22	2
2003-02-15	0	8.8	24	-1
2003-02-16	0	4.22	16	-2
2003-02-17	0	5.35	20	-2
2003-02-18	0	3.29	21	-3
2003-02-19	0.01	5.83	21	-2
2003-02-20	0	3.85	22	1
2003-02-21	0	5.5	21	-2
2003-02-22	0	5.59	22	1
2003-02-23	0	5.61	20	2
2003-02-24	0	6.42	23	-2
2003-02-25	0	5.28	26	-3
2003-02-26	0	7.6	23	-1
2003-02-27	0	6.6	25	2
2003-02-28	0	6.55	21	2
2003-03-01	0	5.96	22	2
2003-03-02	0	6.12	24	1
2003-03-03	0	5.15	23	2
2003-03-04	0	6.93	24	3
2003-03-05	0	5.49	24	4
2003-03-06	0	5.92	22	2
2003-03-07	0	6.72	24	3
2003-03-08	0	7.2	29	2
2003-03-09	0	6.78	24	4
2003-03-10	0	6.35	24	2
2003-03-11	0.01	5.26	23	3
2003-03-12	0	6.33	25	1
2003-03-13	0	5.25	25	3
2003-03-14	0	5.9	21	4
2003-03-15	0	6.12	22	3
2003-03-16	0	4.78	21	2
2003-03-17	0	6.3	23	1
2003-03-18	0	5.48	22	3
2003-03-19	0	7.54	24	2
2003-03-20	0	4.86	23	2
2003-03-21	0	5.65	24	-2
2003-03-22	0	4.35	23	1
2003-03-23	0	4.9	21	2
2003-03-24	0	8.2	25	-1
2003-03-25	0	6.2	22	2
2003-03-26	0	8.1	25	3
2003-03-27	0	8.3	25	7
2003-03-28	0.01	5.22	20	7
2003-03-29	0	3.22	12	3
2003-03-30	0	4.25	16	1
2003-03-31	0	3.48	15	-3
2003-04-01	0	6.37	20	-5
2003-04-02	0	4.7	21	-5
2003-04-03	8	3.57	25	-1
2003-04-04	0	4.9	26	0
2003-04-05	0	6.15	27	3
2003-04-06	0	4.68	26	2
2003-04-07	0	6.7	24	3
2003-04-08	0	4.2	23	4
2003-04-09	0	4.15	21	2
2003-04-10	0	4.6	22	4
2003-04-11	0	4.85	22	4
2003-04-12	0	6.92	25	2
2003-04-13	0	8.48	30	1
2003-04-14	0	6.8	29	5
2003-04-15	0	9.4	28	4
2003-04-16	0	7.38	27	3
2003-04-17	9	5.93	26	5
2003-04-18	0	6.39	24	6
2003-04-19	0	6.05	27	5
2003-04-20	0.01	7.65	29	4
2003-04-21	10	8.3	30	4
2003-04-22	0	7.95	31	3
2003-04-23	0	8.41	33	3
2003-04-24	0	7.16	30	7
2003-04-25	0	8.2	31	6
2003-04-26	0	7.2	32	5
2003-04-27	0	8.3	31	6
2003-04-28	0	7.8	30	4
2003-04-29	0	8.1	30	3
2003-04-30	0	7.6	30	5
2003-05-01	0	6.4	30	7
2003-05-02	0	7.16	31	5
2003-05-03	0	9.8	31	8
2003-05-04	0	9.36	31	7
2003-05-05	0	8.65	31	6
2003-05-06	0	9.55	30	7
2003-05-07	0	10.25	33	8
2003-05-08	0	10.8	31	5
2003-05-09	44	0.85	29	6
2003-05-10	0.01	6.6	29	7
2003-05-11	0.01	5.72	28	7
2003-05-12	0	6.92	25	9
2003-05-13	0	4.64	25	6
2003-05-14	0	7.6	33	6
2003-05-15	0	8.22	29	6
2003-05-16	0	8.27	30	10
2003-05-17	0	9.9	29	12
2003-05-18	0	9.14	30	10
2003-05-19	0	9.36	31	9
2003-05-20	0	9.46	28	9
2003-05-21	0	7.82	26	10
2003-05-22	0	5.7	25	9
2003-05-23	0	8.27	32	11
2003-05-24	0	6.1	27	9
2003-05-25	20	9.7	28	13
2003-05-26	0	7.18	28	14
2003-05-27	0	5.22	24	15
2003-05-28	0	4.86	22	13
2003-05-29	0	3.14	23	9
2003-05-30	0	6.24	26	10
2003-05-31	0	7.39	28	11
2003-06-01	0	4.7	28	12
2003-06-02	4	6.06	29	10
2003-06-03	20	3.29	24	14
2003-06-04	17	6.39	24	10
2003-06-05	0	3.65	25	10
2003-06-06	0	6.61	28	13
2003-06-07	0.01	3.85	25	14
2003-06-08	3	0.34	26	13
2003-06-09	0.01	4.29	25	15
2003-06-10	10	5.79	22	14
2003-06-11	24	7.54	25	13
2003-06-12	0	3.39	25	12
2003-06-13	0	6.55	27	14
2003-06-14	0	5.19	25	14
2003-06-15	3	1.7	24	11
2003-06-16	0	3.13	23	13
2003-06-17	0	2.52	24	14
2003-06-18	3	5.42	24	12
2003-06-19	0	5.69	24	12
2003-06-20	0	5.94	25	12
2003-06-21	0	5.3	26	11
2003-06-22	0.01	4.25	25	10
2003-06-23	0	4.86	26	14
2003-06-24	0	5.48	26	15
2003-06-25	0	4.25	25	11
2003-06-26	0	6.19	25	10
2003-06-27	0.01	5.6	24	9
2003-06-28	0	5.8	25	10
2003-06-29	2	5.39	24	11
2003-06-30	15	8.81	24	11
2003-07-01	10	7.2	23	11
2003-07-02	10	6.8	22	12
2003-07-03	18	2.1	22	11
2003-07-04	15	1.69	21	12
2003-07-05	40	7.95	23	13
2003-07-06	6	3.63	22	12
2003-07-07	7	2.21	23	12
2003-07-08	25	0.88	22	13
2003-07-09	10	1.14	21	14
2003-07-10	12	4.32	22	11
2003-07-11	0	6.3	23	10
2003-07-12	0	5.2	24	11
2003-07-13	0	5.02	23	10
2003-07-14	0	3.83	23	7
2003-07-15	0	4.3	22	8
2003-07-16	1	7.4	24	9
2003-07-17	0	6.41	22	11
2003-07-18	0	5.39	21	10
2003-07-19	0	5.97	23	11
2003-07-20	0.01	5.18	23	12
2003-07-21	0	3.84	24	10
2003-07-22	0	4.65	26	10
2003-07-23	0	4.16	25	13
2003-07-24	0	6.37	26	12
2003-07-25	0	5.63	25	9
2003-07-26	0	8.67	24	12
2003-07-27	20	8.41	23	12
2003-07-28	0.01	4.92	22	9
2003-07-29	7	2.52	24	7
2003-07-30	0	4.19	24	5
2003-07-31	30	6.56	25	6
2003-08-01	0.01	3.88	23	6
2003-08-02	0.01	3.53	24	10
2003-08-03	0	4.17	24	9
2003-08-04	4	2.3	24	10
2003-08-05	0.01	3.27	24	10
2003-08-06	1	4.65	23	12
2003-08-07	0	4.58	25	11
2003-08-08	0	5.89	25	8
2003-08-09	0	5.73	25	7
2003-08-10	0	4.25	26	8
2003-08-11	0	5.06	25	10
2003-08-12	0	4	25	7
2003-08-13	0.01	5.19	23	9
2003-08-14	0.01	7.7	21	10
2003-08-15	1	1.6	21	11
2003-08-16	0	0.36	22	9
2003-08-17	0	3.83	23	12
2003-08-18	0	2.51	21	11
2003-08-19	0	2.79	22	10
2003-08-20	17.8	6.88	24	6
2003-08-21	0	2.83	21	6
2003-08-22	70	5.1	21	6
2003-08-23	10.8	4.7	24	6
2003-08-24	1	4.59	22	10
2003-08-25	0	3.93	22	12
2003-08-26	0	3.23	23	10
2003-08-27	0	6.98	24	12
2003-08-28	0	3.31	21	9
2003-08-29	0	4.86	24	10
2003-08-30	0	4.51	25	11
2003-08-31	0	3.87	25	12
2003-09-01	11	5.82	23	13
2003-09-02	0.01	1.6	23	12
2003-09-03	0.01	4.75	24	12
2003-09-04	0.01	4.05	25	11
2003-09-05	60.5	7.3	24	11
2003-09-06	4.7	6.9	20	12
2003-09-07	13.2	1.51	22	13
2003-09-08	3.4	0.5	23	11
2003-09-09	16	6.4	23	13
2003-09-10	0	2.3	24	13
2003-09-11	0	3.35	23	13
2003-09-12	15.3	9.2	24	11
2003-09-13	0.01	4	23	12
2003-09-14	0.01	3.72	22	13
2003-09-15	0.01	2.12	20	12
2003-09-16	0	4.01	21	13
2003-09-17	0	2.83	22	12
2003-09-18	11	1.82	23	11
2003-09-19	7	8.45	23	14
2003-09-20	16	6.15	20	14
2003-09-21	0	1.9	22	13
2003-09-22	1	3.07	23	14
2003-09-23	0	5.25	23	13
2003-09-24	0	3.3	24	13
2003-09-25	0	2.99	24	13
2003-09-26	3	3.06	25	10
2003-09-27	1	2.24	21	12
2003-09-28	5	2.78	21	12
2003-09-29	0	2.02	16	10
2003-09-30	0	2.17	20	11
2003-10-01	0	3.45	21	5
2003-10-02	0	2.45	20	6
2003-10-03	0	4.19	21	4
2003-10-04	0	4.61	23	3
2003-10-05	0	3.95	20	5
2003-10-06	4	7.93	22	6
2003-10-07	2	1.23	19	7
2003-10-08	1	3.04	23	11
2003-10-09	3	2.85	23	12
2003-10-10	4	0.1	25	14
2003-10-11	14	5.3	24	14
2003-10-12	6	2.11	24	11
2003-10-13	7.5	3.39	22	12
2003-10-14	0.01	4.65	22	11
2003-10-15	0	3.87	22	10
2003-10-16	0	3.06	22	11
2003-10-17	0.01	4.02	20	11
2003-10-18	4	5.68	18	11
2003-10-19	0	1.79	20	7
2003-10-20	0	2.92	20	5
2003-10-21	0	4.53	21	4
2003-10-22	2.5	0.62	21	6
2003-10-23	0	1.91	20	7
2003-10-24	0	3.6	23	8
2003-10-25	21	2.3	24	6
2003-10-26	0	3.76	22	10
2003-10-27	8.7	3.34	20	10
2003-10-28	0	2.84	21	8
2003-10-29	0	1.55	22	7
2003-10-30	0	5.51	26	7
2003-10-31	1.1	2.83	24	6
2003-11-01	0	2.13	20	7
2003-11-02	0	4.09	21	6
2003-11-03	0	2.8	23	7
2003-11-04	0	2.14	24	8
2003-11-05	0	1.74	24	7
2003-11-06	0	3.62	23	7
2003-11-07	0	4.63	21	4
2003-11-08	0	3.47	20	7
2003-11-09	0	3.6	21	6
2003-11-10	0	3.8	22	10
2003-11-11	0	3.52	20	8
2003-11-12	0	2.73	19	4
2003-11-13	0	5.35	21	6
2003-11-14	0	3.3	20	7
2003-11-15	0	3.9	20	3
2003-11-16	0	4.3	21	6
2003-11-17	0	4.26	24	4
2003-11-18	0	4.29	23	7
2003-11-19	0	3.04	19	7
2003-11-20	0	2.63	20	3
2003-11-21	0	3.13	24	3
2003-11-22	0	3.06	24	4
2003-11-23	0	3.49	25	4
2003-11-24	0	2.9	23	6
2003-11-25	0	3.1	23	4
2003-11-26	0	3.72	24	7
2003-11-27	0	2.41	23	6
2003-11-28	0	1.92	13	5
2003-11-29	0	2.35	17	2
2003-11-30	0	0.7	18	1
2003-12-01	0	2.6	21	5
2003-12-02	0	2.9	19	6
2003-12-03	0	3.7	20	4
2003-12-04	0	2.95	20	3
2003-12-05	0	2.25	20	1
2003-12-06	0	1.92	20	-3
2003-12-07	0	3.38	19	-2
2003-12-08	0	4.2	20	2
2003-12-09	0	4.5	19	3
2003-12-10	0	2.4	20	6
2003-12-11	0	3.5	23	2
2003-12-12	0	2.6	23	4
2003-12-13	0	3.8	20	4
2003-12-14	0	2.02	19	0
2003-12-15	0	3.58	18	-3
2003-12-16	0	2.9	20	-3
2003-12-17	0	3.2	21	1
2003-12-18	0	2.79	12	-3
2003-12-19	0	1.79	15	-6
2003-12-20	0	3.88	12	-6
2003-12-21	0	2.26	18	-6
2003-12-22	0	1.78	20	-6
2003-12-23	0	3.52	15	-3
2003-12-24	0	2.55	18	0
2003-12-25	0	2.2	19	4
2003-12-26	0	1.6	22	5
2003-12-27	0	3.55	21	6
2003-12-28	0	2.58	22	4
2003-12-29	0	3.5	20	2
2003-12-30	0	3.73	21	3
2003-12-31	0	3.12	20	3
2004-01-01	0	0.44	21	3
2004-01-02	0	0.97	20	4
2004-01-03	0	3.19	25	4
2004-01-04	0	3.31	22	5
2004-01-05	0	2.82	19	6
2004-01-06	0	3.68	22	5
2004-01-07	0	2.97	20	6
2004-01-08	0	2.64	21	4
2004-01-09	1.9	2.34	18	4
2004-01-10	2.5	2.22	15	5
2004-01-11	0.01	1.44	19	1
2004-01-12	0.01	2.71	18	3
2004-01-13	15	3.16	19	-1
2004-01-14	0.01	2.95	20	-2
2004-01-15	0.01	3.85	21	2
2004-01-16	2.9	1.99	19	3
2004-01-17	0.01	3.3	16	1
2004-01-18	1.2	4.53	20	-2
2004-01-19	0	2.26	20	-3
2004-01-20	0	5.57	21	-1
2004-01-21	0	3.99	22	3
2004-01-22	0	3.58	23	2
2004-01-23	0	1.65	20	6
2004-01-24	0	6.18	19	5
2004-01-25	0	3.16	18	4
2004-01-26	0	4.49	19	5
2004-01-27	0	4.46	18	1
2004-01-28	0	2.84	17	-1
2004-01-29	0	3.86	19	3
2004-01-30	2.1	0.95	12	4
2004-01-31	0	2.99	15	1
2004-02-01	0	4.4	20	5
2004-02-02	0	2.8	19	4
2004-02-03	0	2.75	22	5
2004-02-04	0	2.55	21	3
2004-02-05	0	2.6	20	2
2004-02-06	0	3.8	20	4
2004-02-07	0	3.8	22	5
2004-02-08	0	3.45	23	4
2004-02-09	0	3.57	26	6
2004-02-10	0	4.38	22	6
2004-02-11	0	3.07	24	6
2004-02-12	0	2.52	23	5
2004-02-13	0	4.53	23	3
2004-02-14	0	3.86	22	3
2004-02-15	0	4.75	22	4
2004-02-16	0	3.24	18	3
2004-02-17	0	4.39	18	-1
2004-02-18	0	6.38	19	-4
2004-02-19	0	7.41	24	-3
2004-02-20	0	6.44	23	1
2004-02-21	0	6.29	20	1
2004-02-22	0	7.45	21	2
2004-02-23	0	3.25	19	4
2004-02-24	0	5.77	20	2
2004-02-25	0	5.89	22	3
2004-02-26	0	4.61	24	5
2004-02-27	0	4.08	26	4
2004-02-28	0	5.73	25	3
2004-02-29	0	5.02	25	4
2004-03-01	0	5.6	29	5
2004-03-02	0	9.03	29	4
2004-03-03	0	7.47	28	6
2004-03-04	0	4.6	22	10
2004-03-05	0	8.13	28	6
2004-03-06	0	7.28	24	7
2004-03-07	0	5.13	26	6
2004-03-08	0	6.79	19	6
2004-03-09	0	5.7	22	7
2004-03-10	0	3.84	21	4
2004-03-11	0.01	4.65	23	7
2004-03-12	3.5	2.38	21	8
2004-03-13	0	4.59	23	7
2004-03-14	0	4.61	21	5
2004-03-15	0	7.7	25	7
2004-03-16	0	5.65	24	6
2004-03-17	0	8.57	27	5
2004-03-18	0	5.04	26	4
2004-03-19	0	5.64	29	7
2004-03-20	0	5.5	24	6
2004-03-21	0	6.24	21	7
2004-03-22	0	4.98	22	5
2004-03-23	0	6.46	23	4
2004-03-24	0	7.17	26	7
2004-03-25	0	6.66	27	4
2004-03-26	0	8.98	25	4
2004-03-27	0.01	7.89	26	6
2004-03-28	0.01	5.78	25	7
2004-03-29	10.7	4.72	21	7
2004-03-30	13.4	5.57	17	6
2004-03-31	0	4.68	20	7
2004-04-01	0	5.01	19	8
2004-04-02	0	6.83	20	5
2004-04-03	0	5.5	22	2
2004-04-04	0	4.92	19	4
2004-04-05	0	6.31	20	8
2004-04-06	0	3.8	18	7
2004-04-07	0	6.21	22	7
2004-04-08	0	4.39	19	10
2004-04-09	0	6.12	21	6
2004-04-10	0	5.09	24	5
2004-04-11	0	7.29	27	9
2004-04-12	0	6.83	26	5
2004-04-13	0	7.82	25	6
2004-04-14	0	7.62	25	4
2004-04-15	0	8.11	27	3
2004-04-16	0	9.67	28	7
2004-04-17	0	8.8	27	5
2004-04-18	0	6.35	25	7
2004-04-19	0	5.88	24	4
2004-04-20	0	6.15	26	4
2004-04-21	0.01	7.99	28	8
2004-04-22	0	7.71	27	9
2004-04-23	0	8.1	28	9
2004-04-24	0	7.69	27	11
2004-04-25	0	6.51	26	10
2004-04-26	0.01	7.45	27	10
2004-04-27	0.01	6.13	28	8
2004-04-28	0.01	8.27	29	5
2004-04-29	0.01	5.43	26	6
2004-04-30	0	7.15	27	9
2004-05-01	10.2	7.7	28	13
2004-05-02	0.01	1.91	17	9
2004-05-03	1.5	5.64	20	5
2004-05-04	1.8	3.38	22	7
2004-05-05	3.5	2.37	24	7
2004-05-06	20.1	6.92	25	8
2004-05-07	2.8	4.67	24	7
2004-05-08	3.5	2.57	24	9
2004-05-09	2.7	1.19	21	10
2004-05-10	0	4.52	22	9
2004-05-11	0	6.47	27	8
2004-05-12	0.01	8.5	27	9
2004-05-13	10.3	9.65	28	11
2004-05-14	0	7.66	28	9
2004-05-15	0	5.22	27	7
2004-05-16	0	4.6	26	8
2004-05-17	0	7.2	28	8
2004-05-18	0	5.5	26	10
2004-05-19	0	4.55	24	11
2004-05-20	0	6.03	27	9
2004-05-21	0	5.42	25	8
2004-05-22	0	6.25	27	7
2004-05-23	0	7.3	28	11
2004-05-24	0	7.97	28	10
2004-05-25	0	8.87	29	8
2004-05-26	0	7.62	28	7
2004-05-27	0	7.8	29	11
2004-05-28	3.5	8.64	29	12
2004-05-29	0	5.3	27	13
2004-05-30	18.7	7.85	26	12
2004-05-31	0	6.57	27	9
2004-06-01	7.9	4.14	23	9
2004-06-02	70.5	9.04	21	12
2004-06-03	1.1	2.79	20	12
2004-06-04	0	4.63	17	11
2004-06-05	3.7	2.85	18	8
2004-06-06	4.4	2.5	20	7
2004-06-07	6.1	5.76	22	9
2004-06-08	0	4.9	21	8
2004-06-09	0	4.4	20	7
2004-06-10	0	3.8	22	8
2004-06-11	15	6.55	19	9
2004-06-12	0	6.29	24	6
2004-06-13	0	4.18	26	10
2004-06-14	37.1	8.18	26	11
2004-06-15	2.9	3.63	25	10
2004-06-16	0	5.92	23	10
2004-06-17	0	4.36	24	8
2004-06-18	0	5.26	22	9
2004-06-19	0	5.37	23	8
2004-06-20	10.3	6.49	23	9
2004-06-21	2.2	5.86	22	12
2004-06-22	7.5	4.61	25	11
2004-06-23	37.7	9.4	22	11
2004-06-24	15.1	4.1	22	12
2004-06-25	0.01	4.69	22	12
2004-06-26	0	5.21	23	13
2004-06-27	20.4	6.5	22	10
2004-06-28	0	3.9	23	10.5
2004-06-29	0	4.3	24	10
2004-06-30	8	4.9	22	9
2004-07-01	0	5.6	21	10
2004-07-02	0	5.17	23	9
2004-07-03	3	4.21	24	11
2004-07-04	0	4.58	23	10
2004-07-05	0.01	4.45	22	10
2004-07-06	2.2	0.3	22	11
2004-07-07	0	5.4	24	13
2004-07-08	0	2.74	23	12
2004-07-09	0	6.57	22	11
2004-07-10	0.01	6.98	21	11
2004-07-11	3.5	1.73	21	11
2004-07-12	0	4.69	22	11
2004-07-13	0	2.18	22	10
2004-07-14	0	4.2	22	9
2004-07-15	0	6.61	23	7
2004-07-16	0	3.88	23	6
2004-07-17	0	3.89	23	10
2004-07-18	0	4.78	21	8
2004-07-19	0	4.5	22	8
2004-07-20	10	3.2	24	7
2004-07-21	5	3.1	25	10
2004-07-22	5	5	22	12
2004-07-23	3	3.85	22	10
2004-07-24	0	4.36	23	9
2004-07-25	0	5.34	21	10
2004-07-26	0	5.1	22	9
2004-07-27	18	8.42	22	11
2004-07-28	1.5	5.22	24	8
2004-07-29	0	3.21	22	11
2004-07-30	3.1	3.92	24	11
2004-07-31	17	6.33	23	10
2004-08-01	0	6.61	22	11
2004-08-02	56.7	7.86	23	11
2004-08-03	11.2	3.94	23	12
2004-08-04	2	4.19	21	12
2004-08-05	4.1	1.27	23	9
2004-08-06	0	3.95	24	11
2004-08-07	0	4.54	24	9
2004-08-08	0	4.21	23	11
2004-08-09	0	5.2	21	10
2004-08-10	0	3.92	24	9
2004-08-11	0.5	6.97	23	11
2004-08-12	0.5	5.26	24	9
2004-08-13	0	3.8	22	8
2004-08-14	0	4.35	25	10
2004-08-15	0	6	26	11
2004-08-16	0	6.92	25	11
2004-08-17	0	5.88	26	8
2004-08-18	0	3.32	23	9
2004-08-19	0	2.81	22	10
2004-08-20	3	5.09	24	11
2004-08-21	8.5	4.38	23	11
2004-08-22	0	2.6	24	10
2004-08-23	0	5.23	24	10
2004-08-24	0	4.2	24	9
2004-08-25	0	5.5	24	12
2004-08-26	0	4.75	25	8
2004-08-27	0	3.69	24	9
2004-08-28	10	5.31	24	9
2004-08-29	0	4.45	23	10
2004-08-30	0	3.4	22	7
2004-08-31	0	4.15	21	10
2004-09-01	0	3.3	23	10
2004-09-02	0	3.7	21	9
2004-09-03	21.1	6.95	24	10
2004-09-04	0.01	3.24	23	10
2004-09-05	0	3.11	24	9
2004-09-06	0	5.05	24	8
2004-09-07	0	4.05	23	11
2004-09-08	0	4.37	21	10
2004-09-09	0	3.47	20	9
2004-09-10	0	5.44	21	9
2004-09-11	0	3.81	20	10
2004-09-12	0	4.51	22	11
2004-09-13	0	4.91	23	7
2004-09-14	0	3.21	26	7
2004-09-15	27.5	5.21	25	9
2004-09-16	0	4.52	25	9
2004-09-17	11	7.4	23	11
2004-09-18	0	4.3	20	12
2004-09-19	0	3.45	24	13
2004-09-20	0	3.8	22	10
2004-09-21	0	5.2	21	9
2004-09-22	0	3.6	22	10
2004-09-23	0	2	23	8
2004-09-24	0	5.34	25	6
2004-09-25	0	4.73	24	8
2004-09-26	51	2.66	22	10
2004-09-27	1.5	4.32	22	10
2004-09-28	16.5	7.3	22	11
2004-09-29	0.01	1.9	18	12
2004-09-30	0.01	2.39	21	9
2004-10-01	0	1.93	23	8
2004-10-02	0	3.68	21	10
2004-10-03	25	6.39	22	9
2004-10-04	12	2.62	20	8
2004-10-05	36	4.1	16	10
2004-10-06	0.01	1.83	19	11
2004-10-07	43	0.23	22	8
2004-10-08	18.1	1.88	19	10
2004-10-09	15	2.91	22	10
2004-10-10	0	3.63	22	11
2004-10-11	0	5.15	21	10
2004-10-12	0	2.85	21	10
2004-10-13	0	0.25	22	12
2004-10-14	0	2.6	23	12
2004-10-15	0	3.2	23	9
2004-10-16	0	4.07	25	10
2004-10-17	0	2.33	23	8
2004-10-18	0	4.23	26	5
2004-10-19	0	6.17	26	7
2004-10-20	0	4.05	27	8
2004-10-21	0	4.05	26	5
2004-10-22	0	4.53	26	8
2004-10-23	0	3.1	25	9
2004-10-24	0	5.31	25	7
2004-10-25	0	2.68	23	6
2004-10-26	1	2.59	22	8
2004-10-27	0.01	3.19	22	8
2004-10-28	0	4.58	24	9
2004-10-29	0	2.78	23	5
2004-10-30	0	3.15	23	5
2004-10-31	0.01	4.61	24	7
2004-11-01	0	3.13	28	8
2004-11-02	24	6.56	24	7
2004-11-03	0.01	2.49	21	10
2004-11-04	0	2.31	17	6
2004-11-05	0	3.15	15	7
2004-11-06	0	2.82	18	3
2004-11-07	0	2.83	20	-1
2004-11-08	0	4.22	20	-3
2004-11-09	0	2.58	21	-1
2004-11-10	0	3.69	24	-1
2004-11-11	0	4.16	23	-1
2004-11-12	0	2.94	19	1
2004-11-13	0.01	3.47	21	2
2004-11-14	0	1.52	19	6
2004-11-15	0	2.26	13	5
2004-11-16	0	3.06	25	4
2004-11-17	0	2.12	23	4
2004-11-18	0	3.23	22	3
2004-11-19	0	1.76	23	3
2004-11-20	0	2.53	24	6
2004-11-21	0	5.76	23	7
2004-11-22	0	3.4	24	6
2004-11-23	0	5.52	23	6
2004-11-24	0	3.38	22	7
2004-11-25	0	3.1	23	8
2004-11-26	0	2.45	24	7
2004-11-27	0	4.27	24	7
2004-11-28	0	3.35	25	3
2004-11-29	0	2.35	25	6
2004-11-30	0.01	3.5	23	9
2004-12-01	0	2.7	21	9
2004-12-02	0	2.9	22	5
2004-12-03	0	1.55	22	8
2004-12-04	0	2.9	23	7
2004-12-05	0	1.88	25	3
2004-12-06	0	2.27	20	7
2004-12-07	0	3.65	21	4
2004-12-08	0	3.33	20	5
2004-12-09	0	1.32	23	4
2004-12-10	0	3.38	20	3
2004-12-11	0	4.27	19	2
2004-12-12	0	2.55	20	3
2004-12-13	0	2.75	21	5
2004-12-14	0	2.08	20	7
2004-12-15	0	3.62	19	8
2004-12-16	0	2.98	16	6
2004-12-17	0	1.27	18	5
2004-12-18	0	2.02	18	4
2004-12-19	0	2.49	18	3
2004-12-20	0	1.6	17	-1
2004-12-21	0	2.91	20	2
2004-12-22	0	4.79	21	6
2004-12-23	0	3.64	24	2
2004-12-24	0	3.7	19	5
2004-12-25	0	4.6	20	3
2004-12-26	0	3.55	19	-1
2004-12-27	0	2.57	18	-3
2004-12-28	0	3.18	17	-2
2004-12-29	0	6.8	19	-5
2004-12-30	0	5.69	18	-4
2004-12-31	0	5.03	20	-3
2005-01-01	0	3.67	21	4
2005-01-02	0	2.7	22	6
2005-01-03	0	3.44	22	7
2005-01-04	0	3.28	22	7
2005-01-05	0	3.24	21	8
2005-01-06	0	2.05	20	6
2005-01-07	0	2.04	22	9
2005-01-08	0	3.36	19	2
2005-01-09	0	2.88	23	3
2005-01-10	0	5.12	22	2
2005-01-11	0	4.14	22	5
2005-01-12	0	1.46	21	4
2005-01-13	0	1.47	21	5
2005-01-14	0	4.48	20	1
2005-01-15	0	3.79	20	3
2005-01-16	0	2.1	15	2
2005-01-17	0	2.22	14	0
2005-01-18	0	1.7	16	1
2005-01-19	0	3.46	15	2
2005-01-20	0	1.82	19	4
2005-01-21	0	5.36	18	1
2005-01-22	0	1.59	17	6
2005-01-23	0	3.65	19	3
2005-01-24	0	1.95	19	3
2005-01-25	0	1.59	18	4
2005-01-26	0	4.46	19	5
2005-01-27	0	1.16	20	7
2005-01-28	0	2.84	21	6
2005-01-29	0	5.8	21	7
2005-01-30	0	5.32	24	5
2005-01-31	0	2.1	23	3
2005-02-01	0	4.18	21	4
2005-02-02	0	3.3	20	6
2005-02-03	0	4.3	22	5
2005-02-04	0	2.46	22	4
2005-02-05	1	3.67	22	6
2005-02-06	0	4.27	21	2
2005-02-07	0	3.54	24	2
2005-02-08	0	4.13	25	6
2005-02-09	0	5.88	27	7
2005-02-10	0	5.31	20	5
2005-02-11	0	5.44	21	7
2005-02-12	0	4.55	20	4
2005-02-13	0	5.55	19	6
2005-02-14	0	6.65	21	7
2005-02-15	0	4.05	22	7
2005-02-16	0	5.35	23	2
2005-02-17	0	4.2	22	9
2005-02-18	0	6.05	21	8
2005-02-19	0	5.15	25	9
2005-02-20	0	4.74	24	5
2005-02-21	0	5.64	23	5
2005-02-22	3.75	1.81	22	4
2005-02-23	2.8	2.17	21	4
2005-02-24	0.01	3.04	19	4
2005-02-25	0	2.94	19	3
2005-02-26	0	2.2	14	6
2005-02-27	0	2.2	19	6
2005-02-28	0.01	2.2	NULO	NULO
2005-03-01	0	4.85	24	3
2005-03-02	0	3.33	23	-4
2005-03-03	0	5.88	25	6
2005-03-04	0	4.18	24	6
2005-03-05	0	3.72	21	6
2005-03-06	0	4.5	23	5
2005-03-07	0	5.64	25	8
2005-03-08	0	3.48	24	7
2005-03-09	0	2.51	20	6
2005-03-10	0	3.25	21	4
2005-03-11	0	5.4	24	5
2005-03-12	0	6.5	25	1
2005-03-13	0	4.95	23	6
2005-03-14	4.3	5.6	25	7
2005-03-15	2.1	3.58	17	8
2005-03-16	0	5.91	21	7
2005-03-17	0	4.93	21	6
2005-03-18	0	6.38	24	2
2005-03-19	0	7.1	25	9
2005-03-20	0	7.2	25	3
2005-03-21	0	7.84	26	6
2005-03-22	0	8.82	27	10
2005-03-23	0	9.91	28	4
2005-03-24	0	7.63	26	8
2005-03-25	0	8.8	28	7
2005-03-26	0	7.55	27	6
2005-03-27	0	7.97	27	8
2005-03-28	0	8.17	28	9
2005-03-29	0	7.34	26	10
2005-03-30	0	7.36	27	10
2005-03-31	0	7.22	26	10
2005-04-01	0	5.29	27	6
2005-04-02	0	6.85	28	4
2005-04-03	0	7.22	28	2
2005-04-04	0	5.94	27	7
2005-04-05	0	8.14	27	8
2005-04-06	0	8.82	29	7
2005-04-07	0	5.65	25	9
2005-04-08	0	7.78	28	10
2005-04-09	0	7.92	28	9
2005-04-10	0	6.73	27	11
2005-04-11	0	6.88	27	8
2005-04-12	0	7.7	28	8
2005-04-13	0	8.84	29	4
2005-04-14	0	6.66	27	5
2005-04-15	0	4.36	25	8
2005-04-16	0	6.73	28	8
2005-04-17	0	7.4	27	7
2005-04-18	0	9.11	35	8
2005-04-19	0	5.6	28	7
2005-04-20	0	7.2	28	3
2005-04-21	0	8.75	29	2
2005-04-22	0	6.8	28	2
2005-04-23	0	5.4	25	11
2005-04-24	0	6.68	27	10
2005-04-25	0	7.15	28	11
2005-04-26	0	7.58	27	12
2005-04-27	0	6.49	28	6
2005-04-28	0	8.85	29	7
2005-04-29	0	1.5	27	3
2005-04-30	0	9.55	NULO	NULO
2005-05-01	0	6.57	29	11
2005-05-02	0	7.28	29	5
2005-05-03	0	5.06	28	6
2005-05-04	0	5.31	27	5
2005-05-05	0	4.78	25	7
2005-05-06	0	6.57	26	6
2005-05-07	0	5.16	25	8
2005-05-08	0	6.71	20	6
2005-05-09	0	7.28	27	1
2005-05-10	0	8.23	28	3
2005-05-11	0	6.71	27	2
2005-05-12	0.01	7.54	26	2
2005-05-13	15.8	6.48	25	7
2005-05-14	0.01	4.92	24	4
2005-05-15	0.01	6.8	26	5
2005-05-16	0	6.2	26	7
2005-05-17	0	7.43	27	6
2005-05-18	0	8.71	28	8
2005-05-19	0	8.31	28	8
2005-05-20	0	7.97	27	6
2005-05-21	0	5.19	26	7
2005-05-22	0	7.67	27	6
2005-05-23	0	8.17	28	5
2005-05-24	0	9.25	29	3
2005-05-25	0	9.65	29	5
2005-05-26	0	8.7	30	6
2005-05-27	0	9.1	29	5
2005-05-28	0	7.48	28	6
2005-05-29	0	5.95	26	7
2005-05-30	0	9.44	27	7
2005-05-31	0	9.87	29	3
2005-06-01	0.01	9.1	30	5
2005-06-02	0.01	8.76	30	7
2005-06-03	0.01	10.24	32	7
2005-06-04	0.01	8.54	32	8
2005-06-05	0	9.35	31	13
2005-06-06	0	9.15	31	12
2005-06-07	0.01	7.92	30	11
2005-06-08	0	7.83	30	8
2005-06-09	0	8.35	30	10
2005-06-10	0	8.49	30	10
2005-06-11	0	9.15	31	9
2005-06-12	0	10.47	33	9
2005-06-13	0	9.16	30	10
2005-06-14	0	5.62	26	9
2005-06-15	0.01	4.08	23	12
2005-06-16	0.01	5.26	25	12
2005-06-17	0	7.22	29	10
2005-06-18	0	6.65	27	8
2005-06-19	0	7.1	28	7
2005-06-20	0	6.64	26	7
2005-06-21	0.01	2.95	20	6
2005-06-22	0.01	4.13	22	4
2005-06-23	0	4.79	23	4
2005-06-24	0	5.55	22	6
2005-06-25	0	6.28	24	6
2005-06-26	0	5.6	24	9
2005-06-27	0	4.6	23	8
2005-06-28	0	2.6	21	11
2005-06-29	0.01	3.7	22	12
2005-06-30	31.5	7.5	NULO	NULO
2005-07-01	19.7	3.92	25	11
2005-07-02	0	4.72	26	13
2005-07-03	0	5.39	27	10
2005-07-04	19.8	4.57	23	9
2005-07-05	21.5	2.07	24	12
2005-07-06	3.1	4.9	22	12
2005-07-07	2.9	2.95	23	11
2005-07-08	0	5.77	24	12
2005-07-09	0	4.73	23	9
2005-07-10	0	4.73	21	10
2005-07-11	0	4.73	24	11
2005-07-12	0	4.73	25	9
2005-07-13	0	4.73	26	10
2005-07-14	0	4.73	26	11
2005-07-15	8.2	4.73	26	10
2005-07-16	0	4.73	23	8
2005-07-17	0	4.73	23	11
2005-07-18	0	4.73	25	11
2005-07-19	0.01	4.73	23	13
2005-07-20	0	4.73	25	12
2005-07-21	0	4.73	22	10
2005-07-22	0	4.73	23	11
2005-07-23	0	4.73	24	10
2005-07-24	0.01	4.73	23	9
2005-07-25	21.5	4.73	21	10
2005-07-26	17.8	4.73	23	13
2005-07-27	2.1	4.73	22	11
2005-07-28	0	4.73	21	11
2005-07-29	0	4.73	22	9
2005-07-30	0	4.73	21	8
2005-07-31	0	4.73	22	9
2005-08-01	18.9	6.1	21	10
2005-08-02	3	4.95	20	9
2005-08-03	0	2.05	22	8
2005-08-04	0	2.4	20	7
2005-08-05	0	4.7	24	8
2005-08-06	0	4.3	21	9
2005-08-07	0	4.3	23	10
2005-08-08	0	4.3	23	11
2005-08-09	0	5.39	24	12
2005-08-10	3.7	5.39	24	12
2005-08-11	0	5.39	23	11
2005-08-12	19.1	5.39	22	10
2005-08-13	16.7	5.39	22	11
2005-08-14	18	5.39	20	12
2005-08-15	0	5.39	20	12
2005-08-16	0	5.39	21	9
2005-08-17	0	5.39	21	11
2005-08-18	0	5.39	22	11
2005-08-19	0	5.39	20	10
2005-08-20	0	5.39	21	9
2005-08-21	0.01	5.39	24	9
2005-08-22	0.01	5.39	23	10
2005-08-23	0.01	5.39	22	11
2005-08-24	0	5.39	21	12
2005-08-25	1.5	5.39	22	11
2005-08-26	19	5.39	24	12
2005-08-27	0	5.39	23	9
2005-08-28	0	5.39	21	8
2005-08-29	11.7	5.39	20	9
2005-08-30	0	5.39	21	9
2005-08-31	1.5	5.39	21	10
2005-09-01	21	2.69	21	11
2005-09-02	0	6.54	21	12
2005-09-03	0	2.86	20	11
2005-09-04	0	5.14	21	11
2005-09-05	3.9	1.68	20	11
2005-09-06	0	0.44	18	10
2005-09-07	0.01	2.48	18	5
2005-09-08	0	2.84	18	8
2005-09-09	12.1	2.45	21	11
2005-09-10	0	2.11	23	10
2005-09-11	0	3.38	23	10
2005-09-12	0	2.77	22	9
2005-09-13	0	3.2	23	11
2005-09-14	0	2.15	21	10
2005-09-15	0	2.89	22	9
2005-09-16	0	4.98	24	10
2005-09-17	0	4.98	23	8
2005-09-18	0	4.98	23	11
2005-09-19	0	4.98	22	7
2005-09-20	0	4.98	21	9
2005-09-21	1.5	4.98	17	8
2005-09-22	0	4.98	22	4
2005-09-23	0	4.98	23	2
2005-09-24	0	4.98	24	4
2005-09-25	0	4.98	22	6
2005-09-26	0	4.98	23	7
2005-09-27	0	4.98	22	6
2005-09-28	0	4.98	21	8
2005-09-29	0	4.98	23	6
2005-09-30	0	4.98	NULO	NULO
2005-10-01	0	4.29	21	12
2005-10-02	0	5.8	22	10
2005-10-03	0	5.25	24	11
2005-10-04	0	6.52	23	12
2005-10-05	0	6.04	22	9
2005-10-06	0	5.81	23	8
2005-10-07	0	4.23	21	8
2005-10-08	0	2.89	20	7
2005-10-09	0	3.6	21	11
2005-10-10	3.5	3.6	23	10
2005-10-11	0.01	3.6	21	12
2005-10-12	0	3.6	21	12
2005-10-13	0	3.6	20	8
2005-10-14	0	3.6	20	9
2005-10-15	0	3.6	19	7
2005-10-16	0	3.6	20	8
2005-10-17	0	3.6	19	7
2005-10-18	0	3.6	22	7
2005-10-19	0	3.6	24	2
2005-10-20	0	3.6	24	2
2005-10-21	0	3.6	24	1
2005-10-22	0	3.6	23	-1
2005-10-23	0	3.6	24	3
2005-10-24	0	3.6	24	3
2005-10-25	4.5	3.6	19	9
2005-10-26	0	3.6	20	8
2005-10-27	0	3.6	21	8
2005-10-28	0	3.6	22	7
2005-10-29	0	3.6	19	6
2005-10-30	0	3.6	20	1
2005-10-31	0	3.6	20	3
2005-11-01	0	2.6	18	3
2005-11-02	0	3.96	20	-1
2005-11-03	0	5.4	22	-3
2005-11-04	0	5.11	24	-2
2005-11-05	0	3.98	23	4
2005-11-06	0	3.87	24	4
2005-11-07	0	1.34	20	5
2005-11-08	0	1.57	19	6
2005-11-09	0.01	1.64	19	7
2005-11-10	0	3.19	20	10
2005-11-11	0	3.28	20	8
2005-11-12	0	2.36	22	4
2005-11-13	0	4.9	23	3
2005-11-14	0	3.8	21	6
2005-11-15	0	3.93	22	4
2005-11-16	0	4.37	23	5
2005-11-17	0	2.9	21	7
2005-11-18	0	2.77	20	6
2005-11-19	0	2.97	22	2
2005-11-20	0	1.38	17	8
2005-11-21	0	1.32	17	5
2005-11-22	0	1.83	14	-1
2005-11-23	0	3.16	20	-4
2005-11-24	0	4.42	21	-1
2005-11-25	0	4.14	22	2
2005-11-26	0	3.99	22	3
2005-11-27	0	4.85	23	4
2005-11-28	0	4.52	23	3
2005-11-29	0	3.33	21	1
2005-11-30	0	3.97	NULO	NULO
2005-12-01	0	3.57	21	3
2005-12-02	0	6.03	26	1
2005-12-03	0	5.6	25	5
2005-12-04	0	3.95	21	2
2005-12-05	0	3.97	24	1
2005-12-06	0	3.48	23	2
2005-12-07	0	4.5	20	5
2005-12-08	0	5.05	21	4
2005-12-09	0	3.73	22	4
2005-12-10	0	4.32	21	3
2005-12-11	0	4.32	20	2
2005-12-12	0	4.78	19	1
2005-12-13	0	3.4	22	3
2005-12-14	0	3.62	24	4
2005-12-15	0	4.82	23	1
2005-12-16	0	3.39	21	-2
2005-12-17	0	5.07	20	4
2005-12-18	0	2.53	18	0
2005-12-19	0	2.59	18	6
2005-12-20	0	2.75	13	6
2005-12-21	0	4.48	19	0
2005-12-22	0	2.54	19	1
2005-12-23	0	3.16	20	-1
2005-12-24	0	3.65	19	2
2005-12-25	0	4.15	19	1
2005-12-26	0	4.35	17	4
2005-12-27	0	1.51	25	-2
2005-12-28	0	1.56	24	5
2005-12-29	0	2.72	21	3
2005-12-30	0	1.4	23	2
2005-12-31	0	3.53	21	-3
2007-06-01	20.1	6.4	19	10
2007-06-02	43.9	7.22	18	9
2007-06-03	49	7.9	19	9
2007-06-04	0.01	9	20	9
2007-06-05	0.01	5.76	21	9
2007-06-06	37	2.97	21	6
2007-06-07	0.01	1.59	17	8
2007-06-08	21.5	3.33	18	8
2007-06-09	0	1.05	20	6
2007-06-10	36	3.82	18	9
2007-06-11	0	4.92	19	9
2007-06-12	0	3.8	18	6
2007-06-13	0	4.01	20	7
2007-06-14	0	6.6	21	8
2007-06-15	0	3.8	20	8
2007-06-16	68	2.22	21	6
2007-06-17	0	2.25	21	7
2007-06-18	0	6.8	19	6
2007-06-19	0	4.26	22	5
2007-06-20	0	3.9	23	4
2007-06-21	0	1.86	21	4
2007-06-22	0	3.99	20	2
2007-06-23	0	2.4	21	3
2007-06-24	0	3.69	22	3
2007-06-25	0	1.28	21	2
2007-06-26	0	4.4	22	3
2007-06-27	28	6.6	19	6
2007-06-28	1.5	4.91	16	9
2007-06-29	67	2.46	19	10
2007-06-30	0	3.6	20	9
2007-07-01	40	2.37	22	11
2007-07-02	31	1.4	22	12
2007-07-03	0.01	3.6	21	9
2007-07-04	0.01	4.86	23	9
2007-07-05	0	3.91	22	10
2007-07-06	23	3.8	21	10
2007-07-07	8.1	2.86	22	8
2007-07-08	0	7.2	22	9
2007-07-09	0	4.2	24	7
2007-07-10	0	2.4	25	8
2007-07-11	0	6.21	26	6
2007-07-12	0	1.98	21	5
2007-07-13	0	3.25	23	7
2007-07-14	0	4.01	24	8
2007-07-15	0	6.26	21	8
2007-07-16	0	6.01	22	7
2007-07-17	0	3.22	24	6
2007-07-18	0	4.4	20	8
2007-07-19	15.3	3.8	22	6
2007-07-20	0.01	1.2	23	5
2007-07-21	61	3.6	25	5
2007-07-22	59	2.19	26	6
2007-07-23	0	3.81	24	7
2007-07-24	38	5.01	20	7
2007-07-25	0.01	2.88	21	8
2007-07-26	0	4.99	22	9
2007-07-27	48.1	3.4	22	7
2007-07-28	4.8	2.8	21	10
2007-07-29	37	4.6	21	11
2007-07-30	0	2.22	22	9
2007-07-31	12.4	9.9	22	10
2007-08-01	0	3.6	27	6
2007-08-02	0	6.01	30	7
2007-08-03	0	4.22	26	7
2007-08-04	0	5.01	25	7
2007-08-05	0	4.86	27	6
2007-08-06	15.9	2.8	27	6
2007-08-07	10.5	4.21	23	7
2007-08-08	0.01	6.6	21	7
2007-08-09	1.5	7.4	22	6
2007-08-10	12	2.8	23	8
2007-08-11	0.01	4.6	25	5
2007-08-12	0	6.29	27	4
2007-08-13	0	4.6	26	6
2007-08-14	0.01	2.8	27	4
2007-08-15	40.1	4.6	25	8
2007-08-16	16.5	2.8	25	7
2007-08-17	0	6.9	21	10
2007-08-18	51	2.8	23	6
2007-08-19	0	4.6	25	8
2007-08-20	0	1.81	24	10
2007-08-21	45	3.63	26	7
2007-08-22	1.5	2.8	27	7
2007-08-23	0	5.25	26	11
2007-08-24	0	6.01	25	7
2007-08-25	0	2.46	22	8
2007-08-26	0	3.6	24	6
2007-08-27	0	2.9	23	7
2007-08-28	15.6	1.25	25	8
2007-08-29	51	5.44	23	9
2007-08-30	47.8	4.6	23	10
2007-08-31	0	3.9	23	10
2007-09-01	0	3.9	23	9
2007-09-02	0	5.9	22	7
2007-09-03	0	6.75	21	6
2007-09-04	0	3.15	20	8
2007-09-05	0	4.85	20	7
2007-09-06	0.01	5.4	21	7
2007-09-07	18.9	5.15	19	6
2007-09-08	0	5.25	21	8
2007-09-09	0	2.8	20	6
2007-09-10	0	3.7	21	6
2007-09-11	0	4.65	19	4
2007-09-12	0	3.45	20	5
2007-09-13	0	3.15	22	6
2007-09-14	0	3.3	19	4
2007-09-15	0	3.25	18	6
2007-09-16	0.01	3.45	21	7
2007-09-17	21	3.7	21.5	7
2007-09-18	0	3.15	21	9
2007-09-19	0	3.4	20	8
2007-09-20	10.6	2.9	19	7
2007-09-21	0	2.16	18	6
2007-09-22	46.7	3.1	18	5
2007-09-23	1.9	3.35	20	5
2007-09-24	0	3.2	20	6
2007-09-25	0	3.15	19	7
2007-09-26	0	3.96	20	8
2007-09-27	7.8	3.45	20	6
2007-09-28	0	2.22	21	7
2007-09-29	4	4.7	21	7
2007-09-30	41	1	18	6
2007-10-01	0	1.54	19	4
2007-10-02	0	4.63	20	2
2007-10-03	0	3.16	21	3
2007-10-04	0	1.07	20	4
2007-10-05	0	1.14	22	5
2007-10-06	0	5.03	21	3
2007-10-07	0	7.2	22	4
2007-10-08	0	3.45	23	3
2007-10-09	0	1.42	21	5
2007-10-10	0	2.12	19	4
2007-10-11	0	4.53	21	4
2007-10-12	0	1.61	23	6
2007-10-13	0	4.22	20	2
2007-10-14	0	6.03	22	2
2007-10-15	0	2.36	21	3
2007-10-16	0	2.87	22	1
2007-10-17	0	1.82	23	0
2007-10-18	0.01	2.05	23	4
2007-10-19	0.01	3.64	22	8
2007-10-20	0.01	1.22	24	7
2007-10-21	0	1.65	22	6
2007-10-22	0.01	1.94	21	8
2007-10-23	0.01	6.96	8	4
2007-10-24	0	2.85	11	0
2007-10-25	0	2.73	16	-4
2007-10-26	0	2.01	18	-3
2007-10-27	0	1.89	17	-4
2007-10-28	0	1.83	19	-2
2007-10-29	0	2.41	20	-3
2007-10-30	0	1.77	20	1
2007-10-31	0	2.4	21	2
2007-11-01	0	3.12	19	4
2007-11-02	0	1.2	20	3
2007-11-03	0	6.15	19	5
2007-11-04	0	2.78	18	1
2007-11-05	0	3.24	20	-3
2007-11-06	15	4.69	18	-4
2007-11-07	0	3.48	18	0
2007-11-08	0	3.79	19	1
2007-11-09	0	3.21	20	-3
2007-11-10	0	2.57	20	-4
2007-11-11	0	5.71	20	-3
2007-11-12	0	3.06	20	-2
2007-11-13	0	5.21	18	1
2007-11-14	0	8.11	21	0
2007-11-15	0	4.01	14	-1
2007-11-16	0	1.71	18	3
2007-11-17	0	2.24	18	3
2007-11-18	22.3	5.15	17	5
2007-11-19	0	3.83	19	4
2007-11-20	0	2.51	20	6
2007-11-21	0	3.83	19	3
2007-11-22	38.7	3.87	20	4
2007-11-23	0.01	1.53	21	3
2007-11-24	0	3.6	18	1
2007-11-25	0	4.29	19	2
2007-11-26	0	6.39	19	2
2007-11-27	0	5.15	17	4
2007-11-28	0	5.58	20	4
2007-11-29	0.01	4.82	19	4
2007-11-30	0	2.85	20	3
2007-12-01	19.9	3.49	20	2
2007-12-02	0	2.31	21	5
2007-12-03	0	5.39	20	2
2007-12-04	0	1.44	17	-2
2007-12-05	0	1.83	15	2
2007-12-06	0	3.33	18	1
2007-12-07	0	1.61	19	3
2007-12-08	0	1.9	20	2
2007-12-09	0	2.1	20	1
2007-12-10	0	3.6	18	1
2007-12-11	0	4.4	19	2
2007-12-12	0	2.6	18	3
2007-12-13	0	3.2	19	2
2007-12-14	0	1.25	20	0
2007-12-15	0	4.6	19	3
2007-12-16	0	3.8	21	1
2007-12-17	0	6.7	20	2
2007-12-18	0	3.22	22	1
2007-12-19	0	2.11	22	0
2007-12-20	0	2.97	23	4
2007-12-21	0	3.85	23	0
2007-12-22	0	4.6	22	3
2007-12-23	30.9	2.22	19	4
2007-12-24	0.01	3.4	18	4
2007-12-25	0	2.99	19	1
2007-12-26	0	1.4	18	0
2007-12-27	0	2.2	20	1
2007-12-28	0.01	1.74	21	2
2007-12-29	0	4.19	20	3
2007-12-30	0	5.36	20	4
2007-12-31	0	3.7	20	4
2008-01-01	0	3.88	21	1
2008-01-02	0	6.3	22	1
2008-01-03	0	2.51	21	2
2008-01-04	0	2.12	19	0
2008-01-05	0	4.09	21	3
2008-01-06	0	2.86	23	1
2008-01-07	0	2.72	21	2
2008-01-08	0.01	4.19	20	-2
2008-01-09	0	4.61	19	1
2008-01-10	0.01	4.6	21	0
2008-01-11	0.01	1.79	24	2
2008-01-12	0	1.02	21	3
2008-01-13	0	3.38	23	1
2008-01-14	0	5.4	22	4
2008-01-15	0	4.75	21	4
2008-01-16	0	4.94	33	3
2008-01-17	0	6.65	22	3
2008-01-18	0	5.16	24	-1
2008-01-19	0	3.8	23	0
2008-01-20	0	5.58	22	1
2008-01-21	0	3.72	24	4
2008-01-22	0	2.2	25	3
2008-01-23	0	4.6	23	2
2008-01-24	0	5.6	21	1
2008-01-25	0	6.65	25	2
2008-01-26	0	5.85	19	-2
2008-01-27	0	4.22	14	-3
2008-01-28	0	4.49	21	-4
2008-01-29	0	5.99	22	0
2008-01-30	0	5.62	23	2
2008-01-31	0	4.53	20	5
2008-02-01	0	3.98	15	3
2008-02-02	0	2.92	13	-1
2008-02-03	0	0.7	16	-4
2008-02-04	0	1.22	17	-2
2008-02-05	0	1.53	20	-1
2008-02-06	0	4.25	21	-2
2008-02-07	0	4.38	21	1
2008-02-08	0	3.14	20	0
2008-02-09	0	4.76	20	-2
2008-02-10	0	3.74	19	1
2008-02-11	0	3.86	19	-2
2008-02-12	0	2.82	20	1
2008-02-13	0	3.32	19	0
2008-02-14	0.01	4.65	17	0
2008-02-15	0	2.91	20	-2
2008-02-16	0	4.05	18	1
2008-02-17	0.01	5.34	21	0
2008-02-18	0	4.7	19	3
2008-02-19	0	3.75	20	1
2008-02-20	0	3.95	19	4
2008-02-21	0	3.9	21	2
2008-02-22	0	2.9	23	3
2008-02-23	0	1.02	24	1
2008-02-24	0	2.48	25	-2
2008-02-25	0	4.3	23	1
2008-02-26	0	3.7	21	4
2008-02-27	0	3.64	20	2
2008-02-28	0	3.75	21	2
2008-02-29	0	4.65	21	3
2008-03-01	0	5.5	19	6
2008-03-02	0	5.06	21	3
2008-03-03	0	4.4	22	1
2008-03-04	0	5.22	25	-1
2008-03-05	0	6.18	23	0
2008-03-06	0	4.6	22	2
2008-03-07	0	6.2	23	-2
2008-03-08	0	4.5	17	-4
2008-03-09	0	3.26	14	-4
2008-03-10	0	6.86	21	0
2008-03-11	0	6.61	19	0
2008-03-12	0	4.27	23	3
2008-03-13	0	4.4	21	-1
2008-03-14	0	8.55	22	2
2008-03-15	0	3.21	21	1
2008-03-16	0	5.06	25	2
2008-03-17	0	5.7	25	3
2008-03-18	0	5.22	23	5
2008-03-19	0	4.48	15	3
2008-03-20	0	5.7	18	-1
2008-03-21	0	4.78	20	2
2008-03-22	0	5.07	19	1
2008-03-23	0.01	3.72	23	2
2008-03-24	0	5.76	22	2
2008-03-25	0	4.25	23	-1
2008-03-26	0	5.3	24	1
2008-03-27	0	3.38	24	3
2008-03-28	0.01	8.3	26	2
2008-03-29	0	2.82	25	4
2008-03-30	0	4.78	27	2
2008-03-31	0	5.45	26	5
2008-04-01	0	8.49	27	6
2008-04-02	0	7.07	27	3
2008-04-03	0	7.88	28	4
2008-04-04	0	7.81	26	6
2008-04-05	0	8.05	25	5
2008-04-06	0	9.65	24	7
2008-04-07	0	5.56	23	3
2008-04-08	0	5.13	26	4
2008-04-09	0	7.71	27	5
2008-04-10	0	9.4	27	6
2008-04-11	0	6.53	27	7
2008-04-12	0	7.17	26	9
2008-04-13	0	7.44	25	7
2008-04-14	0	5.15	24	7
2008-04-15	0	7.51	26	6
2008-04-16	0	6.65	25	6
2008-04-17	0	8.56	27	5
2008-04-18	0	2.63	26	6
2008-04-19	0	6.58	26	4
2008-04-20	0	8.07	28	0
2008-04-21	0	9.38	29	4
2008-04-22	8	8.35	29	6
2008-04-23	45	10.89	27	7
2008-04-24	0	8.4	27	6
2008-04-25	0	10.9	28	6
2008-04-26	0	7.6	27	7
2008-04-27	0	6.01	24	7
2008-04-28	0	1.13	27	4
2008-04-29	15	5.07	26	3
2008-04-30	31	2.43	25	5
2008-05-01	0	1.81	23	5
2008-05-02	0	6.59	25	4
2008-05-03	0	5.2	25	5
2008-05-04	0	8.09	24	6
2008-05-05	0	7.13	23	8
2008-05-06	0	4.83	26	7
2008-05-07	0	6.9	26	6
2008-05-08	0	10.55	27	7
2008-05-09	0	8.9	28	9
2008-05-10	0	9.51	29	7
2008-05-11	0	8.31	30	9
2008-05-12	0.01	9.26	28	7
2008-05-13	0.01	7.42	29	6
2008-05-14	1.5	5.9	28	9
2008-05-15	0.01	3.88	25	8
2008-05-16	0.01	6.22	24	7
2008-05-17	0	6.54	23	5
2008-05-18	2.9	3.91	24	6
2008-05-19	0	2.04	21	5
2008-05-20	1.7	1.21	23	7
2008-05-21	27	2.13	22	5
2008-05-22	0	2.43	23	6
2008-05-23	0	3.48	25	6
2008-05-24	0	4.78	23	5
2008-05-25	0	5.7	24	6
2008-05-26	0	5.2	22	7
2008-05-27	0	10.4	23	8
2008-05-28	0	9.56	24	7
2008-05-29	0	3.88	21	5
2008-05-30	0	8.92	27	4
2008-05-31	0	6.5	25	3
2008-06-01	0	3.9	24	4
2008-06-02	0	7.15	26	6
2008-06-03	0	8.53	25	5
2008-06-04	0	5.64	27	4
2008-06-05	0	7.18	26	7
2008-06-06	0	5.4	23	8
2008-06-07	0.01	7.75	19	9
2008-06-08	45	6.25	20	9
2008-06-09	19	4.5	19	10
2008-06-10	18	2.3	18	10
2008-06-11	24.6	1.2	18	10
2008-06-12	0	6.6	19	9
2008-06-13	0	3.83	22	8
2008-06-14	0	3.19	22	7
2008-06-15	41	4.08	23	9
2008-06-16	0	3.19	22	9
2008-06-17	0	2.46	24	7
2008-06-18	0	7.25	22	8
2008-06-19	0	4.35	21	9
2008-06-20	0	5.68	23	8
2008-06-21	0.01	8.98	20	7
2008-06-22	0.01	4.22	21	7
2008-06-23	0	5.87	20	6
2008-06-24	0	5.4	22	7
2008-06-25	0	5.53	21	7
2008-06-26	0	5.72	22	6
2008-06-27	0	5.47	23	7
2008-06-28	0	3.85	22	7
2008-06-29	65	3.05	25	8
2008-06-30	20	3.1	20	10
2008-09-01	0	4.08	21	9
2008-09-02	0	5.22	22	7
2008-09-03	0	5.87	21	5
2008-09-04	0	3.91	20	7
2008-09-05	0	3.67	20	5
2008-09-06	0	3.47	21	7
2008-09-07	0	10.19	20	6
2008-09-08	18.1	4.26	20	8
2008-09-09	0	4	22	7
2008-09-10	20.1	1.6	21	7
2008-09-11	0.01	1.01	21	6
2008-09-12	8.3	2.02	22	7
2008-09-13	24.1	7.9	23	9
2008-09-14	3	1.67	16	11
2008-09-15	9.5	9.5	15	8
2008-09-16	0	2.03	15	9
2008-09-17	0	2.68	17	8
2008-09-18	0	4	17	9
2008-09-19	0	4.14	19	6
2008-09-20	1	1.44	20	8
2008-09-21	0	5.56	19	7
2008-09-22	0	8.06	18	6
2008-09-23	10.9	3.3	19	8
2008-09-24	0.01	0.59	17	10
2008-09-25	1.5	3.8	16	9
2008-09-26	0	3.19	17	5
2008-09-27	0	3.68	18	7
2008-09-28	0	6.5	19	7
2008-09-29	0	4.49	20	8
2008-09-30	0	3.51	17	8
2008-10-01	0	2.4	15	3
2008-10-02	0	2.7	16	3
2008-10-03	0	3.02	17	2
2008-10-04	0	5.58	19	2
2008-10-05	4	0.98	19	5
2008-10-06	0	2.5	21	6
2008-10-07	2.1	0.09	18	9
2008-10-08	0.01	4.66	17	9
2008-10-09	0	3.07	18	8
2008-10-10	0	3.9	21	3
2008-10-11	0	2.4	20	6
2008-10-12	0	1.82	20	9
2008-10-13	0.01	3.62	21	8
2008-10-14	0	3.06	19	4
2008-10-15	0	3.7	20	3
2008-10-16	0.01	4.95	20	4
2008-10-17	0	3.55	19	7
2008-10-18	0	4.25	19	4
2008-10-19	0	4.4	20	6
2008-10-20	0	5.78	21	7
2008-10-21	0	4.32	18	6
2008-10-22	0	4.3	22	7
2008-10-23	0	4.99	19	6
2008-10-24	0	2.21	20	2
2008-10-25	0	2.65	21	1
2008-10-26	0	3.89	20	-1
2008-10-27	3.5	1.03	11	4
2008-10-28	0.01	3.41	9	2
2008-10-29	0	3.01	15	-1
2008-10-30	0	2.28	16	2
2008-10-31	0	4.24	16	2
2008-11-01	0	1.47	15	1
2008-11-02	0	3.07	17	2
2008-11-03	0	2.81	18	-2
2008-11-04	0	2.98	20	0
2008-11-05	0	4.22	20	1
2008-11-06	0	1.38	21	4
2008-11-07	0	2.83	20	1
2008-11-08	0	3.94	21	1
2008-11-09	0	1.39	19	2
2008-11-10	0	2.2	21	1
2008-11-11	0	1.77	22	2
2008-11-12	0	3.93	21	3
2008-11-13	0	4.52	19	2
2008-11-14	0	8.17	22	1
2008-11-15	0	1.46	14	0
2008-11-16	0	0.87	13	2
2008-11-17	0	4.58	16	-4
2008-11-18	0	1.7	15	-2
2008-11-19	0	2.53	15	-6
2008-11-20	0	2.37	16	-4
2008-11-21	0	1.52	18	-1
2008-11-22	0	1.81	15	1
2008-11-23	0	1.09	16	2
2008-11-24	0	1.59	18	4
2008-11-25	0	3.17	16	4
2008-11-26	0	2.61	20	2
2008-11-27	0	4.72	22	1
2008-11-28	0	1.53	22	0
2008-11-29	0	3.88	21	3
2008-11-30	0	3.51	30	2
2008-12-01	0	2.49	19	0
2008-12-02	0	4.03	18	2
2008-12-03	0	5.26	20	-1
2008-12-04	0	3.05	20	-2
2008-12-05	0	3.18	20	-1
2008-12-06	0	2.98	19	-2
2008-12-07	0	1.14	18	1
2008-12-08	0	4.72	19	0
2008-12-09	0	4.22	20	5
2008-12-10	0	3.68	19	-1
2008-12-11	0	3.1	18	-6
2008-12-12	0	2.54	18	-7
2008-12-13	0	2.02	19	-5
2008-12-14	0	8.92	22	-1
2008-12-15	0	4.37	21	-3
2008-12-16	0	2.92	20	-2
2008-12-17	0	2.4	20	-3
2008-12-18	0	3.61	20	0
2008-12-19	0	3.16	22	-3
2008-12-20	0	4.77	21	-4
2008-12-21	0	4.97	21	-3
2008-12-22	0	4.06	22	0
2008-12-23	0	2.54	23	1
2008-12-24	0	3.16	21	-1
2008-12-25	0	3.05	20	-2
2008-12-26	0	2.19	21	-1
2008-12-27	0	4.02	19	-1
2008-12-28	0	3.14	19	0
2008-12-29	0	2.7	17	4
2008-12-30	0	2.66	18	-1
2008-12-31	0	3.14	19	0
2009-01-01	0	3.04	18	-2
2009-01-02	0	2.98	20	0
2009-01-03	0	3.55	21	2
2009-01-04	0	4.37	19	3
2009-01-05	0	3.28	21	4
2009-01-06	0	3.42	21	2
2009-01-07	0	4.2	22	-1
2009-01-08	0	3.19	21	0
2009-01-09	0	1.91	20	-2
2009-01-10	0	3.33	23	-2
2009-01-11	0	4.17	19	0
2009-01-12	0	2.5	20	-2
2009-01-13	0	2.6	21	-3
2009-01-14	0	2.39	17	1
2009-01-15	0.01	1.6	14	-5
2009-01-16	17.1	1.01	16	-4
2009-01-17	0	3.07	18	-3
2009-01-18	0	4.83	17	-4
2009-01-19	0	3.5	18	-3
2009-01-20	0	3.37	18	-3
2009-01-21	0	3.08	17	-4
2009-01-22	0	4.94	18	-3
2009-01-23	0	3.81	20	-2
2009-01-24	0	4.16	21	0
2009-01-25	0	9.26	21	1
2009-01-26	0	4.4	23	-1
2009-01-27	0	2.43	21	3
2009-01-28	0	2.55	20	2
2009-01-29	0	2.34	22	2
2009-01-30	0	1.16	13	3
2009-01-31	0	3.4	13	1
2009-02-01	0	3.3	17	1
2009-02-02	0	2.2	19	2
2009-02-03	0	3.6	17	2
2009-02-04	0	0.95	14	2
2009-02-05	0	4.25	15	-1
2009-02-06	0	3.28	7	-6
2009-02-07	0	5.07	18	-3
2009-02-08	0	3.94	23	-3
2009-02-09	0	5.17	21	0
2009-02-10	0	6.6	27	2
2009-02-11	0	3.76	22	1
2009-02-12	0	3.58	21	2
2009-02-13	0	6.52	23	3
2009-02-14	0	3.28	22	3
2009-02-15	0	5.8	23	2
2009-02-16	0	3.92	21	3
2009-02-17	0	5.18	23	4
2009-02-18	0	4.54	25	6
2009-02-19	0	1.35	23	3
2009-02-20	0	4.79	21	6
2009-02-21	3.5	4.3	20	4
2009-02-22	0	4.26	21	4
2009-02-23	0	5.69	19	-1
2009-02-24	0	4.06	19	0
2009-02-25	0	4.42	21	2
2009-02-26	0	4.16	20	2
2009-02-27	0	4.81	22	3
2009-02-28	0	4.53	25	4
2009-03-01	0	4.18	25	2
2009-03-02	0	3.48	16	3
2009-03-03	0	8.65	20	-6
2009-03-04	0	6.57	22	-3
2009-03-05	0	3.99	24	-5
2009-03-06	0	6.05	23	-3
2009-03-07	0	8.37	24	0
2009-03-08	0	4.94	22	-1
2009-03-09	0	5.97	25	4
2009-03-10	0	7.34	23	1
2009-03-11	0	6.76	23	3
2009-03-12	0.01	3.93	21	3
2009-03-13	0	6.14	24	2
2009-03-14	0	3.41	23	4
2009-03-15	0	3.45	24	6
2009-03-16	0	1.75	25	4
2009-03-17	0	2.1	22	5
2009-03-18	0	2.69	23	12
2009-03-19	0	5.56	24	5
2009-03-20	0	4.05	19	4
2009-03-21	0	4.8	20	0
2009-03-22	0	5.12	22	7
2009-03-23	0	4.18	25	-1
2009-03-24	0	4.32	21	7
2009-03-25	0	5.93	23	6
2009-03-26	0	5.91	26	6
2009-03-27	0	6.65	24	5
2009-03-28	0	4.6	23	3
2009-03-29	0	3.22	25	1
2009-03-30	0	4.91	25	1
2009-03-31	0	5.22	26	5
2009-04-01	0	4.36	26	5
2009-04-02	0	3.9	25	2
2009-04-03	0	4.69	27	5
2009-04-04	0	3.14	26	4
2009-04-05	0	6.34	23	4
2009-04-06	0	4.3	24	4
2009-04-07	0	4.2	26	5
2009-04-08	0	6.1	25	4
2009-04-09	0	4.3	25	6
2009-04-10	0	3.95	24	7
2009-04-11	0	8.69	26	6
2009-04-12	0.01	7.24	27	5
2009-04-13	0	7.57	26	6
2009-04-14	0	7.1	25	5
2009-04-15	0	6.76	27	5
2009-04-16	0	6.45	26	4
2009-04-17	0	8.6	26	5
2009-04-18	0	6.7	25	6
2009-04-19	0	7.71	26	4
2009-04-20	0	7.41	18	5
2009-04-21	0.01	8.67	22	2
2009-04-22	0	5.66	27	4
2009-04-23	0	0.5	25	5
2009-04-24	0	5.25	25	5
2009-04-25	0	6.65	26	3
2009-04-26	0	8.05	25	4
2009-04-27	0	8.47	25	5
2009-04-28	0	6.82	26	6
2009-04-29	0	5.29	27	6
2009-04-30	0	8.37	27	7
2009-05-01	0	7.55	27	4
2009-05-02	0	6.7	27	4
2009-05-03	0	6.6	28	9
2009-05-04	0	6.7	29	8
2009-05-05	0	4.71	29	5
2009-05-06	0	8.19	30	8
2009-05-07	0.01	8.58	29	4
2009-05-08	0	9.97	27	3
2009-05-09	0	9.43	28	5
2009-05-10	0	8.54	29	5
2009-05-11	0	8.4	25	6
2009-05-12	0	4.09	24	7
2009-05-13	12.5	11.01	26	7
2009-05-14	0.01	7.04	24	8
2009-05-15	17.7	12.88	24	10
2009-05-16	0.01	1.78	23	10
2009-05-17	3.5	2.2	24	9
2009-05-18	4	1.6	27	5
2009-05-19	0.01	1.8	26	6
2009-05-20	0	6.4	25	8
2009-05-21	0	6.4	23	7
2009-05-22	0	5.33	24	6
2009-05-23	0	5.37	23	7
2009-05-24	0	6.5	26	7
2009-05-25	0	5.8	26	7
2009-05-26	0	5.8	27	6
2009-05-27	0	8.9	27	7
2009-05-28	0	11.91	28	7
2009-05-29	7.1	10.73	28	8
2009-05-30	2.5	3.45	22	7
2009-05-31	0.01	4.93	22	7
2009-06-01	8	9.52	23	6
2009-06-02	0	4	23	8
2009-06-03	0	6.08	24	5
2009-06-04	0	9.55	23	7
2009-06-05	0	4.71	23	5
2009-06-06	0	5.44	25	5
2009-06-07	0	6.2	22	6
2009-06-08	0	5.5	25	4
2009-06-09	0	7.8	27	7
2009-06-10	0	7.6	26	8
2009-06-11	0	5.69	26	7
2009-06-12	0	5.91	25	6
2009-06-13	0	7.15	26	8
2009-06-14	0	7.45	27	8
2009-06-15	0	6.73	25	9
2009-06-16	0	8.57	28	8
2009-06-17	0	7.6	27	9
2009-06-18	0	6.09	28	8
2009-06-19	0	9.16	29	7
2009-06-20	18.1	2.85	28	9
2009-06-21	6.5	8.1	26	9
2009-06-22	15.1	13.5	20	5
2009-06-23	0.01	2.9	21	4
2009-06-24	10.1	7.2	22	4
2009-06-25	0	3.88	21	4
2009-06-26	0.01	2.75	22	6
2009-06-27	0	3.32	21	6
2009-06-28	17.8	7.85	22	5
2009-06-29	0.01	2.88	20	6
2009-06-30	0	5.12	21	5
2009-07-01	0	4.4	25	5
2009-07-02	0	6.48	27	5
2009-07-03	8	2.97	25	7
2009-07-04	3	2.45	26	6
2009-07-05	0	6.3	23	5
2009-07-06	0	7.1	25	4
2009-07-07	0	6.6	27	4
2009-07-08	0	7.6	28	5
2009-07-09	0	7.3	24	7
2009-07-10	0	4.89	21	6
2009-07-11	0	6.7	22	5
2009-07-12	0	6.31	20	4
2009-07-13	4.5	5	22	7
2009-07-14	0	5.7	21	10
2009-07-15	0	2.9	23	7
2009-07-16	0	3.65	21	6
2009-07-17	0.01	3.55	18	5
2009-07-18	0	5.72	22	5
2009-07-19	0	5.17	23	7
2009-07-20	0	7.91	19	6
2009-07-21	0	6	22	5
2009-07-22	0	8	22	5
2009-07-23	0.01	3.83	24	4
2009-07-24	0	5.02	25	4
2009-07-25	0	5.6	24	7
2009-07-26	0	5.67	25	8
2009-07-27	4.5	3.44	23	5
2009-07-28	3	4.81	23	8
2009-07-29	0	4.08	24	5
2009-07-30	0	4.37	26	6
2009-07-31	0	5.15	25	7
2009-08-01	0	5.55	26	5
2009-08-02	0	6.1	25	7
2009-08-03	0	5.19	24	6
2009-08-04	0	6.72	23	5
2009-08-05	0	4.01	25	7
2009-08-06	0	4.41	22	4
2009-08-07	0	4.17	24	7
2009-08-08	0.01	3.6	20	6
2009-08-09	0.01	1.75	21	5
2009-08-10	0	6.3	23	4
2009-08-11	0	5.76	23	5
2009-08-12	0	4.59	24	7
2009-08-13	0	5.3	22	6
2009-08-14	0	4.8	23	7
2009-08-15	0	3.9	24	4
2009-08-16	0	6.1	26	3
2009-08-17	0.01	2.8	24	5
2009-08-18	0	4.6	22	7
2009-08-19	0.01	3.4	25	6
2009-08-20	0.01	3	23	7
2009-08-21	0	4.8	22	9
2009-08-22	0	5.2	24	8
2009-08-23	0	4.6	24	4
2009-08-24	0	5.45	25	5
2009-08-25	0	4.25	22	4
2009-08-26	0	4.78	23	6
2009-08-27	0.01	5.42	23	6
2009-08-28	19.7	10.9	22	5
2009-08-29	15	9.6	20	7
2009-08-30	79	5.8	21	5
2009-08-31	4.9	5.3	20	7
2009-09-01	0	3.7	19	9
2009-09-02	0.01	4.8	22	10
2009-09-03	0	5.7	21	8
2009-09-04	0.01	5.5	21	7
2009-09-05	0	4.7	20	8
2009-09-06	5	2.5	20	7
2009-09-07	0	5.2	21	8
2009-09-08	28	6.15	22	9
2009-09-09	17.5	5.06	26	9
2009-09-10	7.2	3.5	25	10
2009-09-11	15	6.85	20	10
2009-09-12	1.5	3.57	22	10
2009-09-13	4	4.03	21	11
2009-09-14	3.5	4.4	20	10
2009-09-15	0	2.8	18	10
2009-09-16	0	3.7	20	10
2009-09-17	0.01	6.5	20	5
2009-09-18	0.01	0.34	18	7
2009-09-19	0	2.36	21	9
2009-09-20	0	3.9	22	6
2009-09-21	3.1	1.5	20	8
2009-09-22	4.5	1.3	19	5
2009-09-23	0.01	0.8	18	5
2009-09-24	5.1	0.5	18	6
2009-09-25	0.01	1.5	19	7
2009-09-26	2.6	1.21	19	7
2009-09-27	0	1.38	19	7
2009-09-28	0	5	21	9
2009-09-29	0	3.52	20	10
2009-09-30	0	2.51	20	10
2009-10-01	0	4.62	22	7
2009-10-02	0	3.92	24	6
2009-10-03	0	2.2	24	7
2009-10-04	0	3.18	23	8
2009-10-05	0	7.65	25	9
2009-10-06	0	2.62	24	6
2009-10-07	0	4.09	23	7
2009-10-08	48	0.98	22	9
2009-10-09	17	4.69	22	8
2009-10-10	15.7	4.63	21	9
2009-10-11	6.5	3.68	20	5
2009-10-12	0	3.9	19	7
2009-10-13	0	2.81	22	7
2009-10-14	0	4.29	21	6
2009-10-15	6.1	2.66	21	6
2009-10-16	0	5.4	22	7
2009-10-17	5.1	3.35	15	9
2009-10-18	3.4	1.36	12	5
2009-10-19	0	1.69	16	3
2009-10-20	3.9	3.51	19	5
2009-10-21	0	3.62	20	4
2009-10-22	0	2.79	20	6
2009-10-23	1.5	2.5	19	5
2009-10-24	7	2.29	18	7
2009-10-25	0.01	0.79	17	7
2009-10-26	2.5	1.83	17	9
2009-10-27	4	1.92	20	8
2009-10-28	0	2.1	19	7
2009-10-29	0.01	0.29	18	5
2009-10-30	0	3.55	20	7
2009-10-31	0	3.11	21	7
2009-11-01	0	1.55	18	6
2009-11-02	1	1.7	18	0
2009-11-03	0	6.11	16	-2
2009-11-04	0	1.71	18	3
2009-11-05	0	2.36	17	3
2009-11-06	0.01	1.62	15	4
2009-11-07	0	2.4	17	3
2009-11-08	0	2.84	19	5
2009-11-09	0	3.48	18	5
2009-11-10	0	1.18	11	-1
2009-11-11	0	1.83	12	2
2009-11-12	0	2.63	18	1
2009-11-13	0	3.12	19	-1
2009-11-14	0	1.39	19	1
2009-11-15	0	2.74	20	2
2009-11-16	0	3.6	18	2
2009-11-17	0	3.62	18	5
2009-11-18	0	2.72	20	0
2009-11-19	0	1.83	20	3
2009-11-20	0	1.93	20	5
2009-11-21	0	2.15	19	4
2009-11-22	0	2.4	19	1
2009-11-23	0	2.8	20	2
2009-11-24	0	4.06	20	0
2009-11-25	0	1.28	17	4
2009-11-26	0	3.68	18	3
2009-11-27	0	3.12	15	4
2009-11-28	0	1.63	18	0
2009-11-29	0	2.95	20	1
2009-11-30	0	4.09	21	3
2009-12-01	0	5.3	18	5
2009-12-02	0	5.3	20	4
2009-12-03	0	3.99	20	1
2009-12-04	4	2.77	19	2
2009-12-05	0	4.49	19	2
2009-12-06	0	2.47	20	4
2009-12-07	0	4.48	22	3
2009-12-08	0	2.07	19	4
2009-12-09	0	2.13	21	3
2009-12-10	0	3.41	23	1
2009-12-11	0	2.33	21	3
2009-12-12	0	1.46	20	5
2009-12-13	0	1.7	19	4
2009-12-14	0	1.85	20	1
2009-12-15	0	2.85	19	1
2009-12-16	0.01	3	13	2
2009-12-17	2	2.37	15	-1
2009-12-18	0	1.1	15	-2
2009-12-19	0	1.8	16	0
2009-12-20	0	2.16	17	-1
2009-12-21	0	3.27	15	-2
2009-12-22	0	1.28	18	-5
2009-12-23	0	2.94	12	0
2009-12-24	0	6.92	18	2
2009-12-25	0	3.34	21	-4
2009-12-26	0	6.42	20	0
2009-12-27	0	4.17	19	-3
2009-12-28	0	2.47	16	0
2009-12-29	0	2.92	19	-1
2009-12-30	0	2.32	19	3
2009-12-31	0	4.79	18	2
2010-01-01	0.01	0.47	17	1
2010-01-02	0	0.38	13	2
2010-01-03	0.01	0.1	14	-2
2010-01-04	0.01	1.4	15	2
2010-01-05	0.01	0.2	15	0
2010-01-06	0	0.25	16	-1
2010-01-07	2	0.35	14	-2
2010-01-08	26.1	10.75	15	0
2010-01-09	0.01	0.5	7	-1
2010-01-10	0.01	1.56	3	-2
2010-01-11	0	1.03	5	-1
2010-01-12	4	1.12	5	0
2010-01-13	1	1.3	8	2
2010-01-14	0	6.76	11	2
2010-01-15	0	7.15	13	4
2010-01-16	0	3.8	15	3
2010-01-17	0	4.67	18	2
2010-01-18	0	3.11	19	-2
2010-01-19	0	2.83	20	4
2010-01-20	0	5.89	19	5
2010-01-21	0	6.4	22	1
2010-01-22	0	6.13	21	2
2010-01-23	0	1.5	23	2
2010-01-24	0	4.38	21	0
2010-01-25	0	3.42	20	2
2010-01-26	0	3.5	24	1
2010-01-27	0	4.05	21	0
2010-01-28	0	4.84	22	2
2010-01-29	0	5.31	21	3
2010-01-30	0.01	0.58	14	2
2010-01-31	3	2.22	20	-1
2010-02-01	12.6	1.72	10	3
2010-02-02	48.1	4.89	10	3
2010-02-03	20	3.3	9	3
2010-02-04	12	4.21	8	5
2010-02-05	0	3.21	14	-1
2010-02-06	0	3.31	19	-2
2010-02-07	0	2.03	20	-4
2010-02-08	0	9.02	19	-1
2010-02-09	2.1	2.15	19	3
2010-02-10	0	5.64	20	3
2010-02-11	0	4.29	21	2
2010-02-12	0	4.45	20	1
2010-02-13	0	3.85	19	0
2010-02-14	0	3.4	27	-1
2010-02-15	0	2.65	19	1
2010-02-16	0	3.75	20	2
2010-02-17	0	5.53	22	3
2010-02-18	0	4.97	21	4
2010-02-19	0	3.4	20	2
2010-02-20	0	4.31	18	0
2010-02-21	0	4.57	19	-1
2010-02-22	0	6.6	18	1
2010-02-23	0	3.7	20	0
2010-02-24	0	3.42	19	0
2010-02-25	0	4.25	19	-5
2010-02-26	0	4.3	18	0
2010-02-27	0	5.32	20	-1
2010-02-28	0	4.74	21	2
2010-03-01	0	8.3	21	-1
2010-03-02	0	4.63	20	0
2010-03-03	0	4.27	21	-2
2010-03-04	0	4	22	-1
2010-03-05	0	6.1	21	1
2010-03-06	0	4.59	22	1
2010-03-07	0	5.29	23	2
2010-03-08	0	5.87	24	4
2010-03-09	0	5.45	25	5
2010-03-10	0	6.6	24	6
2010-03-11	0	9.23	23	7
2010-03-12	0	7.15	21	4
2010-03-13	0	6.62	22	2
2010-03-14	0	4.78	23	6
2010-03-15	0.01	4.2	21	1
2010-03-16	0.01	0.95	20	4
2010-03-17	0.01	5	19	3
2010-03-18	2	8.89	21	2
2010-03-19	0	6.46	22	4
2010-03-20	0	6.34	21	6
2010-03-21	0	7.01	21	1
2010-03-22	0	5.4	22	-1
2010-03-23	0	4.99	24	1
2010-03-24	0	5.46	23	2
2010-03-25	0	4.82	23	-1
2010-03-26	0	5.33	22	1
2010-03-27	0	3.25	24	2
2010-03-28	0	5.55	24	4
2010-03-29	0	4.89	23	3
2010-03-30	0	3.52	22	4
2010-03-31	0	2.89	21	2
2010-04-01	0	3.9	22	5
2010-04-02	0	9.1	23	4
2010-04-03	0	6.16	23	1
2010-04-04	0	5.43	24	4
2010-04-05	0	7.67	24	3
2010-04-06	0	12.06	25	4
2010-04-07	0.01	3.32	20	5
2010-04-08	2.3	4.19	23	3
2010-04-09	0.01	5.22	24	5
2010-04-10	0.01	4.42	25	5
2010-04-11	17.1	8.23	23	6
2010-04-12	0	3.21	20	7
2010-04-13	0	4.77	21	5
2010-04-14	2	4.23	22	6
2010-04-15	0	7.14	20	6
2010-04-16	0	1.75	19	4
2010-04-17	0	4.5	21	3
2010-04-18	5.1	2.97	22	5
2010-04-19	0	2.88	23	4
2010-04-20	0	5.4	22	4
2010-04-21	0	5.5	23	3
2010-04-22	0	4.4	20	4
2010-04-23	0	6.29	22	2
2010-04-24	0	6.51	21	3
2010-04-25	0	6.88	25	4
2010-04-26	0	4.85	25	3
2010-04-27	0	7.39	26	2
2010-04-28	0	7.88	25	4
2010-04-29	0	1.3	26	4
2010-04-30	0	1.04	27	2
2010-05-01	0	1.43	28	3
2010-05-02	0	9	30	3
2010-05-03	0	8.89	27	2
2010-05-04	0	7.12	23	9
2010-05-05	0	9.35	27	4
2010-05-06	0	8.03	28	3
2010-05-07	0	8.21	26	4
2010-05-08	0	8.03	27	5
2010-05-09	0	7.87	28	7
2010-05-10	0	6.4	29	6
2010-05-11	1.1	8.4	26	5
2010-05-12	10.4	8.6	27	3
2010-05-13	0	7.4	25	2
2010-05-14	7.1	7.1	26	3
2010-05-15	1.5	4.21	23	8
2010-05-16	4.3	3.99	17	10
2010-05-17	2	4.5	26	5
2010-05-18	0.01	3.65	24	5
2010-05-19	0	5.53	25	6
2010-05-20	0	5.82	27	6
2010-05-21	0	7.78	28	8
2010-05-22	0	8.48	28	7
2010-05-23	0	8.62	28	6
2010-05-24	0	7.61	28	8
2010-05-25	0	5.17	27	6
2010-05-26	0.01	6.85	25	9
2010-05-27	0.01	5.57	24	10
2010-05-28	0	5.48	26	8
2010-05-29	0	8.6	24	6
2010-05-30	0	8	23	6
2010-05-31	0	8.7	22	7
2010-06-01	0	9.75	27	10
2010-06-02	0	9.7	28	10
2010-06-03	0	8.75	28	9
2010-06-04	0	9.2	27	8
2010-06-05	0.01	8.17	28	9
2010-06-06	0.01	8.07	28	9
2010-06-07	19.6	11.53	27	10
2010-06-08	0	8.22	29	8
2010-06-09	5.1	5.48	27	9
2010-06-10	0	12.6	27	10
2010-06-11	29	6.1	25	10
2010-06-12	1	4.87	23	10
2010-06-13	0	5.19	24	11
2010-06-14	0	6.86	24	8
2010-06-15	0	6.16	23	6
2010-06-16	0	4.32	22	9
2010-06-17	0	4.58	22	11
2010-06-18	17	8.23	22	12
2010-06-19	0	5.47	21	10
2010-06-20	0	5.25	20	9
2010-06-21	0	6.05	22	3
2010-06-22	0	6.5	23	7
2010-06-23	0	4.7	25	7
2010-06-24	3.5	6.1	25	5
2010-06-25	0	5.4	25	6
2010-06-26	0	5.5	25	7
2010-06-27	0	8.77	26	6
2010-06-28	0	7.56	26	6
2010-06-29	0	6.56	24	9
2010-06-30	0	5.04	24	9
2010-07-01	8.1	4.33	21	11
2010-07-02	0	5.6	24	11
2010-07-03	20	8.1	20	10
2010-07-04	10.1	10.15	22	9
2010-07-05	0	5.9	21	10
2010-07-06	0	12.6	22	8
2010-07-07	0	8.28	23	8
2010-07-08	0	10.82	25	9
2010-07-09	0	9.12	24	9
2010-07-10	0	4.58	20	10
2010-07-11	0	6.88	23	11
2010-07-12	0	6.32	21	10
2010-07-13	0	5.22	22	9
2010-07-14	0	4.41	23	8
2010-07-15	0	5.89	22	9
2010-07-16	0	3.14	21	8
2010-07-17	0	6.66	20	6
2010-07-18	0	6.98	22	7
2010-07-19	0	5.92	21	9
2010-07-20	0.01	2.6	21	10
2010-07-21	0.01	6.4	20	10
2010-07-22	20	5.15	18	10
2010-07-23	0	4.25	19	11
2010-07-24	24	5.11	15	10
2010-07-25	0.01	2.69	20	11
2010-07-26	6.5	3.36	18	9
2010-07-27	1	2.02	20	10
2010-07-28	4.2	2.83	19	11
2010-07-29	0	4.36	19	10
2010-07-30	0	5.15	20	5
2010-07-31	0	6.11	20	8
2010-08-01	0	5.68	22	9
2010-08-02	0	4.12	24	7
2010-08-03	0	3.4	21	7
2010-08-04	0	4.5	23	8
2010-08-05	0	4.77	22	9
2010-08-06	21	7.53	21	7
2010-08-07	12	4.2	20	5
2010-08-08	0	3.62	20	10
2010-08-09	1.8	5.05	21	9
2010-08-10	0	5.26	22	10
2010-08-11	0	7.29	20	8
2010-08-12	3.5	4.92	22	7
2010-08-13	0	3.71	21	6
2010-08-14	16	3.1	20	7
2010-08-15	0.01	3.34	21	7
2010-08-16	0	3.71	19	10
2010-08-17	0	2.62	17	10
2010-08-18	0.01	3.68	20	9
2010-08-19	0	4.69	20	10
2010-08-20	0.01	2.56	21	6
2010-08-21	0	4.23	20	9
2010-08-22	0	4.42	23	6
2010-08-23	0	5.35	22	6
2010-08-24	0	4.35	19	7
2010-08-25	0	2.37	22	6
2010-08-26	0	3.98	19	5
2010-08-27	0	3.95	20	7
2010-08-28	0	4.25	21	5
2010-08-29	0	5.77	22	5
2010-08-30	0	5.06	23	8
2010-08-31	3	2.57	16	9
2010-09-01	0	4.65	20	10
2010-09-02	0	5.63	23	9
2010-09-03	0	5.26	21	8
2010-09-04	21.5	3.81	23	7
2010-09-05	2.5	2.46	17	10
2010-09-06	0	1.98	20	9
2010-09-07	0	1.88	19	7
2010-09-08	23	9.3	18	9
2010-09-09	24	6.21	23	9
2010-09-10	0	4.85	21	8
2010-09-11	0	4.75	20	8
2010-09-12	0	4.25	22	9
2010-09-13	0	4.85	21	9
2010-09-14	0	6.2	21	8
2010-09-15	0	3.7	20	8
2010-09-16	0.01	1.75	19	6
2010-09-17	1	3.65	21	6
2010-09-18	3	3.9	20	7
2010-09-19	4.1	1.4	17	7
2010-09-20	65	3.18	19	7
2010-09-21	30	4.68	21	9
2010-09-22	2	3.33	21	11
2010-09-23	0	6.1	20	10
2010-09-24	7.5	4.57	20	8
2010-09-25	0.01	2.31	19	8
2010-09-26	0	4.34	20	9
2010-09-27	0.01	4.78	20	5
2010-09-28	0	5.25	19	5
2010-09-29	0	4.93	20	1
2010-09-30	0	3.02	20	0
2010-10-01	0	4.28	19	2
2010-10-02	0	5.82	18	-1
2010-10-03	0	4.03	20	1
2010-10-04	0	3.87	21	2
2010-10-05	0	3.6	19	3
2010-10-06	0	3.9	22	1
2010-10-07	0	4.95	20	2
2010-10-08	0	4.65	21	0
2010-10-09	0	2.35	20	1
2010-10-10	0	4.04	21	2
2010-10-11	0	3.12	23	3
2010-10-12	0	4.4	23	3
2010-10-13	0	4.4	19	4
2010-10-14	0	2.51	14	1
2010-10-15	0	2.4	17	-4
2010-10-16	0	3.7	19	-3
2010-10-17	0	3.42	21	-1
2010-10-18	0	4.38	21	3
2010-10-19	0	3.96	22	2
2010-10-20	0	3.45	24	2
2010-10-21	0	5.7	23	0
2010-10-22	0	3.73	24	2
2010-10-23	0	3.99	24	4
2010-10-24	0	3.25	23	2
2010-10-25	0	3.85	20	3
2010-10-26	0	4.11	21	5
2010-10-27	0	5.34	20	4
2010-10-28	0	2.95	19	3
2010-10-29	0.01	2.62	15	4
2010-10-30	0	3.18	19	0
2010-10-31	0	2.13	21	3
2010-11-01	0	3.37	21	2
2010-11-02	0	3.08	23	1
2010-11-03	0	3.6	17	2
2010-11-04	0	3.52	14	-3
2010-11-05	0	3.19	13	-7
2010-11-06	0	3.99	10	-10
2010-11-07	0	3.03	15	-8
2010-11-08	0	4.25	17	-9
2010-11-09	0	3.87	18	-4
2010-11-10	0	4.63	20	-1
2010-11-11	0	3.43	20	-4
2010-11-12	0	4.57	21	-4
2010-11-13	0	3.8	20	-2
2010-11-14	0	3.52	19	0
2010-11-15	0	3.05	21	-1
2010-11-16	0	3.08	20	1
2010-11-17	0	2.77	19	0
2010-11-18	0	3.6	17	-3
2010-11-19	0	3.79	18	-1
2010-11-20	0	3.91	20	2
2010-11-21	0	5.17	22	4
2010-11-22	0	2.98	21	1
2010-11-23	0	6.84	23	1
2010-11-24	0	4.02	22	-2
2010-11-25	0	4.11	21	4
2010-11-26	0	2.59	21	3
2010-11-27	0	4.27	19	6
2010-11-28	0	4.89	22	3
2010-11-29	0	5.13	21	4
2010-11-30	0	3.35	18	0
2010-12-01	0	0.29	17	2
2010-12-02	0	0.81	20	-3
2010-12-03	0	0.35	19	-6
2010-12-04	0	0.17	20	-4
2010-12-05	0	0.18	18	-3
2010-12-06	0	0.22	20	-7
2010-12-07	0	0.36	19	-2
2010-12-08	0	0.35	21	-1
2010-12-09	0	0.29	20	-3
2010-12-10	0	0.34	19	-2
2010-12-11	0	0.49	20	-7
2010-12-12	0	0.2	16	-5
2010-12-13	0	0.2	18	-1
2010-12-14	0	0.29	19	-6
2010-12-15	0	0.35	18	-4
2010-12-16	0	0.4	17	-3
2010-12-17	0	0.39	18	-3
2010-12-18	0	0.53	19	-5
2010-12-19	0	0.37	20	-3
2010-12-20	0	0.25	20	-3
2010-12-21	0	0.43	19	-2
2010-12-22	0	0.47	19	-5
2010-12-23	0	0.44	20	-6
2010-12-24	0	0.38	21	-4
2010-12-25	0	0.48	19	-2
2010-12-26	0	0.43	18	0
2010-12-27	0	0.25	20	-3
2010-12-28	3.8	0.38	19	0
2010-12-29	0	0.46	18	-2
2010-12-30	0	0.42	19	-4
2010-12-31	0	0.37	19	-3
2011-01-01	0	0.29	19	-2
2011-01-02	0	0.2	19	-2
2011-01-03	0	0.37	20	-2
2011-01-04	0	0.3	20	0
2011-01-05	0	0.4	19	1
2011-01-06	0	0.4	22	0
2011-01-07	0	0.47	21	-2
2011-01-08	0	0.52	20	2
2011-01-09	0	0.75	20	1
2011-01-10	0	0.55	21	0
2011-01-11	0	0.4	15	-1
2011-01-12	0	0.24	14	1
2011-01-13	0	0.43	14	1
2011-01-14	0	0.27	17	2
2011-01-15	0	0.4	20	-3
2011-01-16	0	0.42	19	-1
2011-01-17	0	0.24	21	-3
2011-01-18	0	0.4	20	-2
2011-01-19	0	0.39	20	-4
2011-01-20	0	0.46	19	-1
2011-01-21	0	0.42	21	0
2011-01-22	0	0.53	20	-3
2011-01-23	0	0.71	20	1
2011-01-24	0	0.56	19	-2
2011-01-25	0	0.53	20	-3
2011-01-26	0	0.44	19	-2
2011-01-27	0	0.42	18	-1
2011-01-28	0	0.48	20	0
2011-01-29	0	0.42	20	1
2011-01-30	0	0.47	21	2
2011-01-31	0	0.85	23	-2
2011-02-01	0	0.48	21	2
2011-02-02	0	0.59	20	-3
2011-02-03	0	0.4	19	2
2011-02-04	0	0.45	19	3
2011-02-05	0	0.2	20	5
2011-02-06	0	0.19	20	3
2011-02-07	0	0.14	23	2
2011-02-08	0	0.31	22	3
2011-02-09	0	0.3	21	2
2011-02-10	0	0.4	19	1
2011-02-11	0	0.5	20	2
2011-02-12	0	0.49	21	2
2011-02-13	0	0.44	20	-3
2011-02-14	0	0.61	22	-4
2011-02-15	0	0.35	21	-5
2011-02-16	0	0.28	22	2
2011-02-17	0	0.52	24	0
2011-02-18	0	0.82	23	-3
2011-02-19	0	0.46	22	-4
2011-02-20	0	0.5	23	-2
2011-02-21	0	0.49	22	3
2011-02-22	0	0.55	23	4
2011-02-23	0	0.48	23	1
2011-02-24	0	0.5	22	4
2011-02-25	0	0.36	20	2
2011-02-26	0	0.47	20	0
2011-02-27	0	0.45	21	1
2011-02-28	0	0.3	21	2
2011-03-01	0	0.68	21	2
2011-03-02	0	0.47	24	1
2011-03-03	0	0.74	20	0
2011-03-04	0	0.5	23	2
2011-03-05	0	1.29	24	-1
2011-03-06	0	0.42	20	-3
2011-03-07	0	0.63	22	2
2011-03-08	0	0.54	21	1
2011-03-09	0	0.35	22	2
2011-03-10	0	0.28	16	4
2011-03-11	0	0.5	20	-4
2011-03-12	0	0.73	21	0
2011-03-13	0	0.67	22	2
2011-03-14	0	0.48	21	1
2011-03-15	1	0.43	21	4
2011-03-16	0	0.76	21	1
2011-03-17	0	0.7	23	2
2011-03-18	0	0.52	22	1
2011-03-19	0	0.85	21	-3
2011-03-20	0	0.38	24	-3
2011-03-21	0	0.6	23	2
2011-03-22	0	0.49	20	2
2011-03-23	0	0.77	22	1
2011-03-24	0	0.81	21	-1
2011-03-25	0	0.96	26	2
2011-03-26	0	0.89	25	3
2011-03-27	0	0.66	26	6
2011-03-28	0	0.89	25	4
2011-03-29	0	0.88	26	3
2011-03-30	0	0.65	27	5
2011-03-31	0	0.68	25	4
2011-04-01	0	0.59	25	4
2011-04-02	0	0.71	26	4
2011-04-03	0	0.52	25	3
2011-04-04	0	0.9	24	5
2011-04-05	0	0.73	24	7
2011-04-06	0	0.74	26	2
2011-04-07	0	0.87	27	5
2011-04-08	0	0.82	27	6
2011-04-09	0	0.97	26	6
2011-04-10	0	0.76	28	4
2011-04-11	0	0.61	27	5
2011-04-12	0	0.99	28	6
2011-04-13	0	1.05	26	6
2011-04-14	0	1.03	29	5
2011-04-15	0	0.62	27	3
2011-04-16	0	0.54	28	4
2011-04-17	3.1	0.75	25	6
2011-04-18	0	0.79	25	4
2011-04-19	0	0.81	25	3
2011-04-20	0	1	26	6
2011-04-21	0	0.9	27	3
2011-04-22	0	0.95	26	5
2011-04-23	0	0.75	27	7
2011-04-24	0	0.78	26	5
2011-04-25	0	1.08	26	9
2011-04-26	0	0.97	27	9
2011-04-27	0	0.81	27	7
2011-04-28	0	0.63	24	9
2011-04-29	0	1.11	28	2
2011-04-30	0	0.84	26	7
2011-05-01	0	0.95	27	7
2011-05-02	0	0.65	27	7
2011-05-03	0	0.81	28	7
2011-05-04	0	0.56	26	5
2011-05-05	0	0.7	27	6
2011-05-06	0	0.96	29	4
2011-05-07	0	0.61	28	4
2011-05-08	0	0.9	28	4
2011-05-09	0	0.98	28	6
2011-05-10	1	0.72	28	5
2011-05-11	0	0.82	27	9
2011-05-12	0	1.2	27	7
2011-05-13	0	0.38	27	6
2011-05-14	0	0.79	27	7
2011-05-15	0	0.61	28	5
2011-05-16	0	0.79	27	6
2011-05-17	0	1.18	27	6
2011-05-18	0	1.29	28	10
2011-05-19	0	0.95	28	9
2011-05-20	0	1.03	27	9
2011-05-21	0	1.11	28	12
2011-05-22	0	1.01	28	10
2011-05-23	0	0.88	29	9
2011-05-24	0	0.89	27	7
2011-05-25	0	0.74	27	5
2011-05-26	0	0.85	29	4
2011-05-27	0	0.74	30	6
2011-05-28	0	1.12	29	9
2011-05-29	0	1.02	28	7
2011-05-30	0	0.91	30	7
2011-05-31	0	0.53	24	5
2011-06-01	0	0.49	19	6
2011-06-02	0	0.74	23	2
2011-06-03	0	0.92	25	2
2011-06-04	0	0.76	22	2
2011-06-05	0	0.51	20	9
2011-06-06	0	0.84	24	3
2011-06-07	0	0.75	25	4
2011-06-08	0	0.67	23	3
2011-06-09	0	0.89	27	4
2011-06-10	0	0.81	26	5
2011-06-11	0	0.75	25	4
2011-06-12	0	0.63	26	5
2011-06-13	0	0.9	27	6
2011-06-14	0	0.75	28	7
2011-06-15	0	0.88	25	7
2011-06-16	0	0.88	26	5
2011-06-17	0	0.92	27	6
2011-06-18	0	0.9	26	6
2011-06-19	0	0.88	26	6
2011-06-20	2	0.65	26	8
2011-06-21	16	1.15	20	10
2011-06-22	18	0.8	18	11
2011-06-23	15	0.51	22	10
2011-06-24	25.3	0.7	22	11
2011-06-25	0	0.36	20	10
2011-06-26	18.5	0.45	20	8
2011-06-27	2.2	0.71	21	9
2011-06-28	12.7	0.6	19	9
2011-06-29	10	0.56	17	9
2011-06-30	27.1	0.72	20	10
2011-07-01	10.1	0.42	20	9
2011-07-02	0	0.31	21	8
2011-07-03	0	0.55	19	6
2011-07-04	12.5	0.71	20	8
2011-07-05	0	0.55	19	7
2011-07-06	0	0.45	22	8
2011-07-07	0	0.51	21	6
2011-07-08	4.4	0.8	23	7
2011-07-09	3.5	0.42	23	9
2011-07-10	4	0.57	24	8
2011-07-11	0	0.34	20	10
2011-07-12	0	0.66	21	10
2011-07-13	2	0.38	20	9
2011-07-14	3.5	0.26	17	11
2011-07-15	0	0.48	20	9
2011-07-16	0	0.31	21	8
2011-07-17	3	0.39	19	9
2011-07-18	0	0.46	20	9
2011-07-19	4	0.55	23	9
2011-07-20	14	0.84	23	10
2011-07-21	0	0.63	21	8
2011-07-22	0	0.37	21	9
2011-07-23	0	0.49	22	6
2011-07-24	0	0.44	21	6
2011-07-25	0	0.55	19	5
2011-07-26	4	0.64	22	7
2011-07-27	0	0.33	23	7
2011-07-28	0	0.47	21	5
2011-07-29	0	0.53	23	5
2011-07-30	0	0.54	21	6
2011-07-31	0	0.4	24	5
2011-08-01	0	0.2	20	9
2011-08-02	0	0.44	21	10
2011-08-03	3.5	0.54	21	6
2011-08-04	8	0.62	22	10
2011-08-05	0	0.39	21	7
2011-08-06	0	0.19	22	5
2011-08-07	2	0.4	23	6
2011-08-08	0	0.55	23	6
2011-08-09	4	0.65	24	8
2011-08-10	15	0.75	23	8
2011-08-11	5	0.38	23	8
2011-08-12	0	0.67	23	9
2011-08-13	0	0.53	22	7
2011-08-14	0	0.52	21	6
2011-08-15	0	0.55	22	7
2011-08-16	0	0.55	23	6
2011-08-17	0	0.77	23	7
2011-08-18	0	0.38	23	6
2011-08-19	0	0.65	24	5
2011-08-20	0	0.72	23	4
2011-08-21	3.8	0.51	22	7
2011-08-22	0	0.24	20	3
2011-08-23	0	0.53	22	10
2011-08-24	0	0.45	24	5
2011-08-25	0	0.72	24	5
2011-08-26	9.3	0.85	23	7
2011-08-27	0	0.44	22	8
2011-08-28	13	0.79	21	9
2011-08-29	0	0.67	21	9
2011-08-30	0	0.41	20	6
2011-08-31	16	0.5	21	9
2011-09-01	64.1	0.61	20	11
2011-09-02	27.5	0.4	21	11
2011-09-03	10.1	0.52	19	10
2011-09-04	15	0.37	18	9
2011-09-05	3	0.46	19	8
2011-09-06	0	0.39	20	5
2011-09-07	0	0.29	17	5
2011-09-08	0	0.31	18	3
2011-09-09	0	0.35	17	-1
2011-09-10	0	0.52	18	-2
2011-09-11	2	0.12	14	3
2011-09-12	0	0.47	19	8
2011-09-13	0	0.51	21	4
2011-09-14	0	0.51	22	3
2011-09-15	0	0.38	18	3
2011-09-16	0	0.37	20	5
2011-09-17	0	0.36	20	6
2011-09-18	0	0.45	21	4
2011-09-19	0	0.36	20	3
2011-09-20	0	0.49	20	5
2011-09-21	0	0.51	20	3
2011-09-22	0	0.5	21	4
2011-09-23	0	0.18	18	8
2011-09-24	0	0.52	19	8
2011-09-25	0	0.55	21	6
2011-09-26	0	0.58	20	8
2011-09-27	0	0.53	19	7
2011-09-28	0	0.59	21	6
2011-09-29	0	0.41	22	6
2011-09-30	0	0.25	19	7
2011-10-01	0	0.18	15	2
2011-10-02	0	0.34	14	6
2011-10-03	0	0.24	19	1
2011-10-04	0	0.57	20	5
2011-10-05	0	0.36	22	2
2011-10-06	0	0.41	22	3
2011-10-07	0	0.47	21	7
2011-10-08	18	0.4	20	6
2011-10-09	4	0.29	20	6
2011-10-10	0	0.32	17	10
2011-10-11	16	0.21	18	7
2011-10-12	0	0.91	19	8
2011-10-13	0	0.28	17	9
2011-10-14	0	0.36	18	4
2011-10-15	0	0.36	19	4
2011-10-16	0	0.4	19	1
2011-10-17	0	0.49	20	-1
2011-10-18	0	0.41	21	0
2011-10-19	0	0.52	22	-1
2011-10-20	0	0.47	21	-3
2011-10-21	0	0.42	20	-2
2011-10-22	0	0.47	19	-2
2011-10-23	0	0.7	18	-3
2011-10-24	0	0.41	18	-4
2011-10-25	0	0.41	19	-4
2011-10-26	0	0.45	20	-4
2011-10-27	0	0.45	22	-2
2011-10-28	0	0.49	20	-1
2011-10-29	0	0.57	19	1
2011-10-30	0	0.49	21	-3
2011-10-31	0	0.41	18	-3
2011-11-01	0	0.39	19	-4
2011-11-02	0	0.37	21	-1
2011-11-03	0	0.62	19	-1
2011-11-04	3.5	0.35	20	6
2011-11-05	0	0.48	20	4
2011-11-06	0	0.51	19	4
2011-11-07	0	0.1	21	3
2011-11-08	0	0.47	22	4
2011-11-09	1.5	0.18	19	3
2011-11-10	0	0.21	15	-2
2011-11-11	0	0.24	18	1
2011-11-12	0	0.45	19	2
2011-11-13	0	0.63	20	3
2011-11-14	0	0.31	20	2
2011-11-15	0	0.28	22	4
2011-11-16	0	0.26	21	2
2011-11-17	0	0.39	17	3
2011-11-18	0	0.32	19	2
2011-11-19	0	0.3	20	2
2011-11-20	0	0.32	22	4
2011-11-21	0	0.34	22	3
2011-11-22	0	0.49	23	0
2011-11-23	0	0.21	16	6
2011-11-24	0	0.42	19	4
2011-11-25	0	0.51	20	-1
2011-11-26	0	0.31	17	4
2011-11-27	1	0.12	12	-3
2011-11-28	0	0.17	13	-4
2011-11-29	0	0.5	17	-5
2011-11-30	0	0.24	19	0
2011-12-01	0	0.82	20	5
2011-12-02	0	0.44	21	3
2011-12-03	0	0.4	22	-2
2011-12-04	0	0.58	23	0
2011-12-05	0	0.23	23	1
2011-12-06	0	0.44	20	0
2011-12-07	0	0.2	15	2
2011-12-08	0	0.3	19	-3
2011-12-09	0	0.35	18	1
2011-12-10	0	0.28	19	1
2011-12-11	0	0.36	17	-2
2011-12-12	0	0.22	18	3
2011-12-13	0	0.32	20	0
2011-12-14	0	0.55	22	2
2011-12-15	0	0.37	21	2
2011-12-16	0	0.37	18	1
2011-12-17	0	0.13	14	-1
2011-12-18	0	0.42	15	0
2011-12-19	0	0.19	19	1
2011-12-20	0	0.28	19	-1
2011-12-21	0	0.8	21	0
2011-12-22	0	0.18	21	-1
2011-12-23	0	0.46	20	-1
2011-12-24	0	0.2	20	-2
2011-12-25	0	0.56	19	-2
2011-12-26	0	0.29	20	-1
2011-12-27	0	0.4	18	2
2011-12-28	0	0.54	19	-3
2011-12-29	0	0.28	20	-1
2011-12-30	0	0.4	20	3
2011-12-31	0	0.38	21	2
2012-01-01	1	0.28	18	2
2012-01-02	0	0.73	14	4
2012-01-03	0	0.12	12	-2
2012-01-04	0	0.39	13	-2
2012-01-05	0	0.31	14	-4
2012-01-06	0	0.19	15	0
2012-01-07	0	0.34	17	-4
2012-01-08	0	0.26	18	-3
2012-01-09	0	0.35	20	-2
2012-01-10	0	0.27	22	6
2012-01-11	0	0.29	17	7
2012-01-12	0	0.32	19	5
2012-01-13	0	0.37	20	-2
2012-01-14	0	0.35	12	-1
2012-01-15	0	0.9	18	2
2012-01-16	0	0.47	19	-1
2012-01-17	0	0.47	20	2
2012-01-18	0	0.4	19	-2
2012-01-19	0	0.34	20	-1
2012-01-20	0	0.57	20	1
2012-01-21	0	0.48	20	2
2012-01-22	0	0.42	21	2
2012-01-23	0	0.42	22	1
2012-01-24	0	0.52	21	2
2012-01-25	0	0.74	19	0
2012-01-26	0	0.42	17	-2
2012-01-27	0	0.22	18	-3
2012-01-28	0	0.7	19	-1
2012-01-29	1	0.45	19	-1
2012-01-30	6	0.29	18	-4
2012-01-31	0	0.18	19	4
2012-02-01	8.7	0.68	18	3
2012-02-02	0	0.33	25	2
2012-02-03	0	0.25	22	2
2012-02-04	4.5	0.25	21	4
2012-02-05	11.7	0.92	21	3
2012-02-06	4.5	0.33	17	1
2012-02-07	0	0.6	13	3
2012-02-08	3	0.2	13	1
2012-02-09	7	0.7	12	3
2012-02-10	4.5	0.45	9	4
2012-02-11	5	0.5	8	4
2012-02-12	6.7	0.67	9	3
2012-02-13	0	0.14	14	5
2012-02-14	3	0.24	17	7
2012-02-15	0	0.39	17	5
2012-02-16	0	0.17	18	5
2012-02-17	0	0.68	20	6
2012-02-18	0	0.35	20	7
2012-02-19	0	0.4	19	6
2012-02-20	0	0.47	20	5
2012-02-21	0	0.36	18	5
2012-02-22	0	0.47	23	2
2012-02-23	0	0.59	22	6
2012-02-24	0	0.44	22	4
2012-02-25	0	0.33	14	5
2012-02-26	0	0.44	21	1
2012-02-27	0	0.57	22	4
2012-02-28	0	0.62	23	1
2012-02-29	0	0.58	23	2
2012-03-01	0	0.59	23	1
2012-03-02	76	0.14	24	3
2012-03-03	0	0.57	24	4
2012-03-04	0	0.46	18	2
2012-03-05	0	0.42	20	-2
2012-03-06	0	0.47	22	-1
2012-03-07	0	0.64	23	1
2012-03-08	0	0.64	24	4
2012-03-09	0	0.52	20	3
2012-03-10	0	0.45	23	4
2012-03-11	20	0.37	22	5
2012-03-12	0	0.5	30	4
2012-03-13	0	0.41	22	6
2012-03-14	0	0.35	21	7
2012-03-15	0	1.11	20	6
2012-03-16	0	0.1	22	5
2012-03-17	0	0.52	23	3
2012-03-18	0	0.61	20	6
2012-03-19	0	0.96	23	5
2012-03-20	0	0.95	23	2
2012-03-21	0	0.79	24	-2
2012-03-22	0	0.68	24	0
2012-03-23	0	0.63	23	1
2012-03-24	0	0.2	23	2
2012-03-25	0	0.65	23	1
2012-03-26	0	0.63	22	1
2012-03-27	4.2	0.24	23	3
2012-03-28	1.5	0.39	21	4
2012-03-29	0	0.6	21	4
2012-03-30	0	0.59	22	5
2012-03-31	0	0.47	21	4
2012-04-01	0	5.71	22	3
2012-04-02	0	4.45	22	4
2012-04-03	0	5.67	21	4
2012-04-04	0	5.48	23	3
2012-04-05	0	6.2	25	2
2012-04-06	0	5.9	25	3
2012-04-07	0	4.5	24	1
2012-04-08	0	1.15	25	2
2012-04-09	0	7.16	22	2
2012-04-10	0	6.12	24	3
2012-04-11	0	8.23	25	1
2012-04-12	0	8.03	24	3
2012-04-13	0.01	8.21	24	3
2012-04-14	0	8.37	24	4
2012-04-15	0	7.3	25	4
2012-04-16	0.01	6.78	25	3
2012-04-17	3	9.52	20	4
2012-04-18	0	5.98	21	5
2012-04-19	0	8.55	24	4
2012-04-20	0	8.96	24	3
2012-04-21	0	9.36	23	5
2012-04-22	0	9	22	4
2012-04-23	0	10.21	25	2
2012-04-24	0	7.52	23	5
2012-04-25	0	11.16	24	6
2012-04-26	0	9.6	25	4
2012-04-27	0	11.3	27	2
2012-04-28	0	7.39	26	0
2012-04-29	0	10.34	28	5
2012-04-30	0	8.23	26	4
2012-05-01	0	8.94	27	4
2012-05-02	14	10.27	28	6
2012-05-03	0	8.87	27	6
2012-05-04	1	10.56	25	7
2012-05-05	28	5.2	24	7
2012-05-06	0	6.71	24	7
2012-05-07	0	6.63	25	7
2012-05-08	0	8.02	25	8
2012-05-09	6	6.35	23	8
2012-05-10	0	7.12	23	7
2012-05-11	0	8	23	8
2012-05-12	0	5.97	22	7
2012-05-13	0	6.01	21	3
2012-05-14	0	5.99	22	4
2012-05-15	0	6.55	24	5
2012-05-16	0	8.01	21	7
2012-05-17	0	5.66	29	6
2012-05-18	0	6.85	24	4
2012-05-19	0	7.5	25	2
2012-05-20	0	10.13	23	4
2012-05-21	0	8.9	21	4
2012-05-22	0	9.52	23	1
2012-05-23	0	7.44	26	2
2012-05-24	0	8.54	26	5
2012-05-25	0	8.93	27	5
2012-05-26	0	7.61	25	6
2012-05-27	0	7.9	25	7
2012-05-28	0	9	26	4
2012-05-29	0	9.65	26	5
2012-05-30	0	9.95	26	2
2012-05-31	0	10.93	29	4
2012-06-01	2	1.55	25	7
2012-06-02	10	3.76	23	4
2012-06-03	0	4.75	24	6
2012-06-04	0	10.87	27	5
2012-06-05	5	9.63	24	5
2012-06-06	3.5	8.48	25	10
2012-06-07	9	4.82	25	10
2012-06-08	0	6.89	23	8
2012-06-09	0	7.82	25	5
2012-06-10	0	10.18	26	4
2012-06-11	0	9.12	26	4
2012-06-12	0	8.56	25	8
2012-06-13	0	9.18	24	6
2012-06-14	0	7.86	24	5
2012-06-15	0	7.6	24	8
2012-06-16	0.01	3.7	23	9
2012-06-17	0.01	2.54	23	7
2012-06-18	0.01	8.44	25	8
2012-06-19	18	3.41	23	7
2012-06-20	16.5	6.79	17	9
2012-06-21	2	2.88	18	9
2012-06-22	19	5.68	20	9
2012-06-23	0	7.33	22	10
2012-06-24	0	7.14	23	7
2012-06-25	0	5.3	21	7
2012-06-26	0	7.81	23	5
2012-06-27	0	7.06	22	7
2012-06-28	0	3.39	29	9
2012-06-29	0	3.48	23	9
2012-06-30	10	5.18	24	9
2012-07-01	1.5	3.75	20	9
2012-07-02	1	3.86	19	9
2012-07-03	0	5.79	20	6
2012-07-04	3.7	4.62	19	6
2012-07-05	0	5.41	21	7
2012-07-06	0	6.82	22	9
2012-07-07	0	6.86	22	5
2012-07-08	1	7.19	21	6
2012-07-09	0	8.35	23	8
2012-07-10	3	8.4	22	10
2012-07-11	8	5.6	21	10
2012-07-12	0	5.29	21	9
2012-07-13	0	5.86	21	7
2012-07-14	0	2.61	22	6
2012-07-15	0	6.08	20	5
2012-07-16	0	4.16	19	5
2012-07-17	0	5.56	23	7
2012-07-18	0	4.85	21	7
2012-07-19	0	4.92	21	5
2012-07-20	0	4.18	20	5
2012-07-21	0	6.11	19	6
2012-07-22	0	5.99	20	8
2012-07-23	0.01	5.6	19	6
2012-07-24	0.01	5.7	21	7
2012-07-25	0.01	5.45	25	8
2012-07-26	0	6.15	23	9
2012-07-27	1.5	5.82	23	6
2012-07-28	0	7.08	21	8
2012-07-29	0	5.45	21	5
2012-07-30	0	6.68	22	5
2012-07-31	0	7.7	23	6
2012-08-01	0	6.47	21	3
2012-08-02	0	5.59	23	4
2012-08-03	0.01	5.2	23	4
2012-08-04	0	4.06	22	6
2012-08-05	0	4.71	23	5
2012-08-06	0	4.14	21	7
2012-08-07	0	3.55	20	7
2012-08-08	0	5.49	22	4
2012-08-09	5	6.82	16	5
2012-08-10	11	8.11	15	7
2012-08-11	8.1	2.23	17	6
2012-08-12	0	4.49	18	8
2012-08-13	0.01	5	19	9
2012-08-14	0.01	4.46	23	10
2012-08-15	0	4.12	22	10
2012-08-16	0	5.41	23	6
2012-08-17	0	4.81	22	6
2012-08-18	17.7	5.58	20	7
2012-08-19	0	6.32	21	8
2012-08-20	11.5	2.1	20	9
2012-08-21	0	5.28	19	9
2012-08-22	0	5.13	20	5
2012-08-23	0	5.17	20	6
2012-08-24	0	2.55	21	9
2012-08-25	0	5.66	19	8
2012-08-26	0	3.84	22	9
2012-08-27	0	5.85	21	8
2012-08-28	0	3.64	20	7
2012-08-29	0	6.52	22	7
2012-08-30	0	6.14	21	8
2012-08-31	0	7.96	23	9
2012-09-01	7.2	2.58	20	7
2012-09-02	0	4.99	22	9
2012-09-03	0	5.75	23	10
2012-09-04	0	4.76	23	4
2012-09-05	0	7.03	24	3
2012-09-06	0	7.15	24	5
2012-09-07	0	7.12	24	4
2012-09-08	0	4.43	22	5
2012-09-09	0	8.46	21	7
2012-09-10	0	5.42	19	9
2012-09-11	0	4.68	21	10
2012-09-12	17.7	6.47	20	10
2012-09-13	0	5.81	20	8
2012-09-14	0	5.81	20	9
2012-09-15	0	3.93	20	7
2012-09-16	0	4.5	22	7
2012-09-17	11	6.12	21	8
2012-09-18	0	5.37	19	9
2012-09-19	0	5.11	22	10
2012-09-20	0	4.6	21	7
2012-09-21	0	5.3	21	9
2012-09-22	0	4.6	19	2
2012-09-23	2	4.08	18	6
2012-09-24	1	1.33	16	8
2012-09-25	0	5.09	20	8
2012-09-26	19.5	6.42	21	7
2012-09-27	0	4.53	20	8
2012-09-28	9	2.19	21	10
2012-09-29	3.1	4.77	21	9
2012-09-30	0	2.47	19	10
2012-10-01	0	3.1	19	2
2012-10-02	0	3.4	20	-1
2012-10-03	5.4	5.45	18	1
2012-10-04	3.2	1.35	17	0
2012-10-05	0	3.65	19	0
2012-10-06	4	3.55	18	2
2012-10-07	0	3.81	19	1
2012-11-01	0	5.4	20	4
2012-11-02	10.1	3.6	20	5
2012-11-03	6.5	11.6	17	3
2012-11-04	5	1.8	10	6
2012-11-05	2	0.76	10	7
2012-11-06	0	3.82	16	6
2012-11-07	0	3.63	17	-1
2012-11-08	0	2.65	18	-1
2012-11-09	0	3.02	19	-1
2012-11-10	0	5.35	20	0
2012-11-11	0	3.62	20	4
2012-11-12	0.01	1.95	16	5
2012-11-13	0	4.5	15	6
2012-11-14	0	0.63	15	3
2012-11-15	0	4.77	18	4
2012-11-16	0	4.57	19	3
2012-11-17	0	2.65	20	6
2012-11-18	0	5	21	1
2012-11-19	0	3.39	19	2
2012-11-20	0	4.1	21	3
2012-11-21	0	4.39	18	2
2012-11-22	0	3.21	22	4
2012-11-23	0	3.59	20	2
2012-11-24	0	3.16	15	-1
2012-11-25	0	2.36	18	-2
2012-11-26	0	6.84	20	-1
2012-11-27	0	2.36	15	-2
2012-11-28	0	3.15	16	-1
2012-11-29	0	3.55	19	0
2012-11-30	0	4.48	20	0
2012-12-01	0	5.6	18	0
2012-12-02	0	3.62	20	-1
2012-12-03	0	3.61	21	-1
2012-12-04	0	5.55	21	2
2012-12-05	0	2.71	16	-2
2012-12-06	0	4.54	19	-3
2012-12-07	0	3.84	19	0
2012-12-08	0	2.8	19	1
2012-12-09	0	4.45	20	3
2012-12-10	0	4.05	18	1
2012-12-11	0.01	3.29	13	6
2012-12-12	0	3.2	17	2
2012-12-13	0	1.89	18	0
2012-12-14	0	3.82	20	0
2012-12-15	0	3.4	22	2
2012-12-16	0	5.38	21	4
2012-12-17	0	3.42	20	2
2012-12-18	0	3.73	21	3
2012-12-19	0	4.61	21	1
2012-12-20	0	4.51	17	1
2012-12-21	0	4.15	14	-1
2012-12-22	0	3.59	18	-6
2012-12-23	0	4.09	20	-3
2012-12-24	0	4.52	20	-2
2012-12-25	0	4.73	21	-2
2012-12-26	0	4.83	18	0
2012-12-27	0	4.03	20	1
2012-12-28	0	3.85	20	0
2012-12-29	0	3.76	19	-2
2012-12-30	0	3.7	21	0
2012-12-31	0	3.6	20	-1
2013-01-01	0	3.1	19	2
2013-01-02	0	3.1	20	-1
2013-01-03	5.4	5.45	18	1
2013-01-04	3.2	1.35	17	0
2013-01-05	0	3.65	19	0
2013-01-06	4	3.55	18	2
2013-01-07	0	3.81	19	1
2013-01-08	0.01	3.74	19	1
2013-01-09	0	4.32	20	3
2013-01-10	0	2.35	21	-1
2013-01-11	0	6.9	21	1
2013-01-12	0	6.48	20	3
2013-01-13	0	4.55	22	1
2013-01-14	0	4.7	20	0
2013-01-15	0	3.55	21	0
2013-01-16	0	4.18	22	-1
2013-01-17	0	4.03	8	0
2013-01-18	0	3.8	15	-4
2013-01-19	0	4.09	15	-2
2013-01-20	0	4.31	19	0
2013-01-21	0	2.51	20	1
2013-01-22	0	2.35	20	2
2013-01-23	0	3.93	18	1
2013-01-24	0	3.23	19	0
2013-01-25	0	2.64	19	-4
2013-01-26	0	3.82	20	-2
2013-01-27	0	4.28	22	-3
2013-01-28	0	4	21	-2
2013-01-29	0	5.09	20	1
2013-01-30	0	4.81	21	0
2013-01-31	0	3.9	18	1
2013-02-01	0	5.36	22	-2
2013-02-02	0	6.55	21	-2
2013-02-03	0	5.38	20	-1
2013-02-04	0	6.31	20	0
2013-02-05	0	5.76	21	2
2013-02-06	0	6.1	22	0
2013-02-07	0	5.5	22	3
2013-02-08	0	4.4	22	0
2013-02-09	0	5.8	21	0
2013-02-10	0	3.5	21	1
2013-02-11	0	5.13	23	0
2013-02-12	0	7.67	20	1
2013-02-13	0	8.16	21	3
2013-02-14	0	10.77	23	1
2013-02-15	0	4.92	24	2
2013-02-16	0	4.19	13	-1
2013-02-17	0	6.96	20	-3
2013-02-18	0	4.99	22	1
2013-02-19	0	6.71	22	-1
2013-02-20	0	7.62	21	2
2013-02-21	0	8.33	23	1
2013-02-22	0	8.81	24	0
2013-02-23	0	6.44	23	2
2013-02-24	0	8.9	23	1
2013-02-25	0	10.14	22	1
2013-02-26	0	10.61	24	1
2013-02-27	0	5.56	24	4
2013-02-28	0	5.61	25	4
2013-03-01	0.01	3.98	8	2
2013-03-02	0	4.27	12	1
2013-03-03	0	4.74	16	-1
2013-03-04	0	6.14	20	-5
2013-03-05	0	3.82	19	-3
2013-03-06	0	4.72	21	0
2013-03-07	0	4.76	23	1
2013-03-08	0	6.37	24	2
2013-03-09	0	10.23	23	3
2013-03-10	0	7.95	25	4
2013-03-11	0	5.95	24	1
2013-03-12	0	5.95	20	-3
2013-03-13	0	4.07	15	-2
2013-03-14	0	2.55	13	2
2013-03-15	4	2.93	12	-1
2013-03-16	1.5	3.85	13	2
2013-03-17	0	8.09	19	1
2013-03-18	0	5.52	21	2
2013-03-19	0	3.78	24	3
2013-03-20	0	6.6	25	4
2013-03-21	0	5.63	23	2
2013-03-22	0	7.67	19	7
2013-03-23	0	4.4	20	3
2013-03-24	0	6.52	23	1
2013-03-25	0	7.48	25	-2
2013-03-26	0	6.79	24	0
2013-03-27	0	7.51	25	-1
2013-03-28	0	9.82	23	4
2013-03-29	0	8.91	24	2
2013-03-30	0	10.07	25	0
2013-03-31	0	8.82	26	4
2013-04-01	0	8.78	26	6
2013-04-02	0	11.2	26	6
2013-04-03	0	11.31	26	5
2013-04-04	0	11.34	25	9
2013-04-05	2	6.15	21	5
2013-04-06	0	9.4	25	4
2013-04-07	0	10.75	24	7
2013-04-08	0	9.05	27	4
2013-04-09	0	12.3	25	4
2013-04-10	0	9.35	26	7
2013-04-11	0	9.51	24	5
2013-04-12	0	10.99	25	4
2013-04-13	0	9.9	24	-1
2013-04-14	0	10.3	24	3
2013-04-15	0	9.9	27	4
2013-04-16	0	9.8	28	5
2013-04-17	0	11.4	26	3
2013-04-18	0	14.3	28	1
2013-04-19	0	8.35	27	4
2013-04-20	0	10.2	25	-2
2013-04-21	0	10	26	5
2013-04-22	0	10.7	26	3
2013-04-23	0	14.3	25	6
2013-04-24	12	5.55	23	7
2013-04-25	7.5	8.03	23	6
2013-04-26	0	7.89	24	7
2013-04-27	0.01	9.52	22	4
2013-04-28	0	7.6	25	5
2013-04-29	0	9.11	25	3
2013-04-30	0	9.11	24	3
2013-05-01	0	8.86	25	6
2013-05-02	0	10.58	27	4
2013-05-03	0	7.77	20	5
2013-05-04	0	8.1	21	1
2013-05-05	0	7.34	26	2
2013-05-06	0	8.61	24	4
2013-05-07	0	10.73	26	1
2013-05-08	0	10.1	26	4
2013-05-09	0	11.5	25	5
2013-05-10	0	10.25	26	4
2013-05-11	0	9.25	25	4
2013-05-12	0.01	8.89	24	5
2013-05-13	0.01	7.82	25	6
2013-05-14	0.01	10.09	26	8
2013-05-15	18	9.1	24	4
2013-05-16	0.01	7.6	22	6
2013-05-17	9.5	6.5	26	8
2013-05-18	16	8.25	25	6
2013-05-19	14.8	8.47	26	7
2013-05-20	0	10.53	26	9
2013-05-21	0	10.55	25	9
2013-05-22	0	11.65	28	9
2013-05-23	0	10.45	26	8
2013-05-24	0	9.8	24	7
2013-05-25	0.01	8.69	23	5
2013-05-26	10	4.28	24	6
2013-05-27	0.01	5.58	25	7
2013-05-28	0	10.65	24	5
2013-05-29	0	9.25	23	5
2013-05-30	0	10.8	24	6
2013-05-31	0	8.32	25	5
2013-06-01	0	13.3	25	6
2013-06-02	0	8.2	24	8
2013-06-03	0	7.24	23	7
2013-06-04	0	4.12	25	6
2013-06-05	0	8.97	27	5
2013-06-06	0	11.77	27	4
2013-06-07	0	8.76	26	3
2013-06-08	27	7.56	27	8
2013-06-09	10.7	NULO	23	10
2013-06-10	0.01	3.65	22	7
2013-06-11	4	4.7	21	10
2013-06-12	23	NULO	22	11
2013-06-13	0.01	3.9	20	10
2013-06-14	0	4.89	21	9
2013-06-15	0	4.46	20	7
2013-06-16	0	7.42	20	6
2013-06-17	0	6.88	19	7
2013-06-18	0.01	7.32	22	7
2013-06-19	0.01	5.53	20	5
2013-06-20	8	9.12	19	4
2013-06-21	23	4.18	20	7
2013-06-22	0	7.52	19	5
2013-06-23	0.01	4.86	21	10
2013-06-24	0.01	4.76	22	10
2013-06-25	18	6.54	22	10
2013-06-26	0	6.02	21	9
2013-06-27	0	5.28	22	5
2013-06-28	0.01	7.27	21	6
2013-06-29	0	6.05	20	6
2013-06-30	0	5.5	23	4
2013-07-01	0	9.5	26	3
2013-07-02	0	8.55	23	4
2013-07-03	0	8.26	22	7
2013-07-04	0	9.29	23	8
2013-07-05	35	9.8	18	9
2013-07-06	0	5.7	20	9
2013-07-07	0	7.3	21	7
2013-07-08	0	7.35	20	7
2013-07-09	0	6.76	19	3
2013-07-10	0	5.49	19	3
2013-07-11	0	6.65	20	6
2013-07-12	0.01	7.19	19	5
2013-07-13	0	8.56	20	6
2013-07-14	0	5.95	21	6
2013-07-15	0	7.2	20	5
2013-07-16	0	6.85	21	5
2013-07-17	4	4	19	6
2013-07-18	0.01	8.3	20	10
2013-07-19	0.01	6.1	20	10
2013-07-20	0.01	4.91	22	9
2013-07-21	12	1.92	20	9
2013-07-22	0.01	5.28	20	10
2013-07-23	0	6.19	21	9
2013-07-24	0.01	4.45	22	9
2013-07-25	0	5.85	20	8
2013-07-26	0	6.44	23	6
2013-07-27	0	5.89	22	3
2013-07-28	0	5.63	22	4
2013-07-29	0	6.05	21	6
2013-07-30	0	5.84	22	5
2013-07-31	0	3.6	22	4
2013-08-01	0	7.3	22	4
2013-08-02	0.01	5.42	23	3
2013-08-03	2	4.13	23	5
2013-08-04	0	6.03	23	5
2013-08-05	0	5.42	22	7
2013-08-06	0	4.92	24	5
2013-08-07	0	3.58	23	8
2013-08-08	0.01	6.34	23	6
2013-08-09	0.01	5.16	24	5
2013-08-10	0.01	2.05	17	4
2013-08-11	19.5	1.91	20	6
2013-08-12	0	4.64	19	7
2013-08-13	0	4.43	20	9
2013-08-14	0	5.47	21	6
2013-08-15	0	4.69	22	7
2013-08-16	0	5.11	23	4
2013-08-17	0	4.85	22	4
2013-08-18	0	5.38	21	5
2013-08-19	0	5.23	20	4
2013-08-20	12	NULO	22	3
2013-08-21	0	6.21	23	5
2013-08-22	0	9.34	22	3
2013-08-23	10	4.15	22	4
2013-08-24	0	4.4	24	5
2013-08-25	7	3.7	23	6
2013-08-26	10	4.8	16	3
2013-08-27	7.5	5.02	18	7
2013-08-28	0	6.35	17	7
2013-08-29	10.4	2.66	19	6
2013-08-30	0	6.05	18	5
2013-08-31	0	6.5	20	4
2013-09-01	11.5	5.1	22	6
2013-09-02	0	4.4	22	7
2013-09-03	10	2.6	21	8
2013-09-04	0	4.92	20	8
2013-09-05	15.1	5.28	21	7
2013-09-06	0.01	2.9	19	9
2013-09-07	20.1	NULO	17	8
2013-09-08	0.01	3.2	15	7
2013-09-09	0.01	6.7	17	8
2013-09-10	21.4	NULO	19	6
2013-09-11	0	4	17	5
2013-09-12	0	6.9	18	5
2013-09-13	0	3.92	15	6
2013-09-14	7	5.99	19	7
2013-09-15	0.01	2.01	17	10
2013-09-16	4	2.77	19	9
2013-09-17	0.01	2.88	21	8
2013-09-18	0.01	2.2	19	9
2013-09-19	0	3.46	20	10
2013-09-20	16.1	8.23	23	9
2013-09-21	0	4.84	19	9
2013-09-22	19.5	4.51	18	10
2013-09-23	19	NULO	20	10
2013-09-24	0.01	2.9	21	9
2013-09-25	0.01	NULO	20	4
2013-09-26	17	NULO	17	6
2013-09-27	5.5	NULO	22	8
2013-09-28	0	2.49	22	6
2013-09-29	0	3.21	21	6
2013-09-30	0	3.15	22	5
2013-10-01	0	3.81	22	5
2013-10-02	0	5.49	20	6
2013-10-03	0.01	6.55	21	5
2013-10-04	0	2.3	21	6
2013-10-05	0	4.84	22	2
2013-10-06	0	3.94	19	3
2013-10-07	0	3.42	17	8
2013-10-08	0	6.98	19	2
2013-10-09	0	2.16	21	2
2013-10-10	0	2.23	23	3
2013-10-11	0	1.74	22	8
2013-10-12	0	3.6	21	8
2013-10-13	0	4.37	21	9
2013-10-14	0	4.7	20	3
2013-10-15	0	3.07	22	2
2013-10-16	0	3.13	22	4
2013-10-17	0	4.22	21	5
2013-10-18	1.5	3.7	22	7
2013-10-19	0	4.82	20	6
2013-10-20	0	5.78	21	4
2013-10-21	0	6.05	19	6
2013-10-22	0	8.25	22	5
2013-10-23	0	6.4	20	5
2013-10-24	0	6.51	18	3
2013-10-25	0.01	5.3	12	4
2013-10-26	0	4.43	12	-2
2013-10-27	0	4.48	18	6
2013-10-28	0	2.62	22	4
2013-10-29	1	4.22	22	8
2013-10-30	4.7	1.45	19	8
2013-10-31	0	3.5	22	7
2013-11-01	2	4.69	29	6
2013-11-02	0	3.13	14	8
2013-11-03	2	1.57	20	0
2013-11-04	0	3.65	20	4
2013-11-05	0	2.89	20	6
2013-11-06	0	2.45	18	8
2013-11-07	0	4.83	17	7
2013-11-08	0	1.33	16	6
2013-11-09	0	3.35	19	5
2013-11-10	0	2.59	16	6
2013-11-11	0	2.8	18	6
2013-11-12	3	2.19	14	7
2013-11-13	2.6	2.14	9	1
2013-11-14	0	2.41	12	-2
2013-11-15	7	2.44	19	3
2013-11-16	0	2.6	21	5
2013-11-17	0	7.24	21	3
2013-11-18	0	2.91	21	4
2013-11-19	0	1.16	18	3
2013-11-20	3.5	3.5	20	3
2013-11-21	0.01	2.17	18	4
2013-11-22	3	2.55	19	5
2013-11-23	0.01	2.35	18	4
2013-11-24	0	1.98	14	5
2013-11-25	0.01	2.45	19	3
2013-11-26	0	4.02	17	6
2013-11-27	0	1.29	13	1
2013-11-28	0	3.94	18	-1
2013-11-29	0	1.67	14	-2
2013-11-30	0	2.53	16	-3
2013-12-01	0	1.25	19	-1
2013-12-02	0	4.18	19	0
2013-12-03	0	4.9	20	-1
2013-12-04	0	4.69	22	1
2013-12-05	0	5.14	23	-1
2013-12-06	3.4	4.99	20	3
2013-12-07	0	2.78	21	2
2013-12-08	4.5	5.28	21	1
2013-12-09	0	3.12	19	1
2013-12-10	0	2.01	16	1
2013-12-11	0	2.26	17	3
2013-12-12	0	2.41	14	5
2013-12-13	0	1.85	20	4
2013-12-14	0	3.28	19	2
2013-12-15	0	3.83	21	1
2013-12-16	0	1.93	18	-3
2013-12-17	0	8.73	18	-3
2013-12-18	0	2.04	19	-4
2013-12-19	0	3.27	20	-1
2013-12-20	0	4.23	22	3
2013-12-21	0	3.44	21	4
2013-12-22	0	3.55	20	2
2013-12-23	0	0.77	19	4
2013-12-24	0	5.78	14	4
2013-12-25	0.01	4.7	16	-1
2013-12-26	0	3.35	15	-1
2013-12-27	20	2.36	13	1
2013-12-28	0	2.29	12	6
2013-12-29	0	1.04	13	3
2013-12-30	0	0.96	15	3
2013-12-31	0	0.73	12	5
2014-01-01	0	2.27	15	3
2014-01-02	0	1.1	10	2
2014-01-03	0	1.41	14	0
2014-01-04	0	2.99	12	-3
2014-01-05	0	2.59	17	-1
2014-01-06	0	2.71	16	1
2014-01-07	4	1.29	19	2
2014-01-08	0	3.71	17	-2
2014-01-09	0	1.34	18	-3
2014-01-10	0.01	4.66	17	1
2014-01-11	0	2.62	16	2
2014-01-12	0	3.3	18	-4
2014-01-13	0	1.78	15	-3
2014-01-14	0	1.65	17	-1
2014-01-15	0	1.86	19	0
2014-01-16	0	2.31	16	-5
2014-01-17	0	2.33	18	-3
2014-01-18	0	1.97	16	-3
2014-01-19	0	2.03	16	-5
2014-01-20	0	0.35	17	-5
2014-01-21	0	2.4	18	-5
2014-01-22	0	3	18	-6
2014-01-23	0	2.83	20	-1
2014-01-24	0	4.02	16	1
2014-01-25	0	4.2	19	-1
2014-01-26	0	4.38	20	0
2014-01-27	0	4.86	21	5
2014-01-28	0	1.49	22	1
2014-01-29	0	6.84	19	4
2014-01-30	0	2.8	19	-4
2014-01-31	0	5.32	22	0
2014-02-01	0	4.7	19	1
2014-02-02	0	5.12	20	2
2014-02-03	0	5.14	21	0
2014-02-04	0	4.57	22	1
2014-02-05	0	4.9	22	1
2014-02-06	0	3.5	20	2
2014-02-07	0	2.69	21	3
2014-02-08	0	5.16	22	1
2014-02-09	0	6.42	21	-2
2014-02-10	0	5.07	23	0
2014-02-11	0	5.59	21	2
2014-02-12	0	5.82	20	4
2014-02-13	0	4.15	22	4
2014-02-14	0	5.35	22	4
2014-02-15	10	NULO	21	-1
2014-02-16	0	5.33	23	-3
2014-02-17	0	6.36	21	-1
2014-02-18	0	5.99	23	-2
2014-02-19	0	3.68	24	-3
2014-02-20	0	6.46	22	4
2014-02-21	0	4.68	22	2
2014-02-22	0	4.14	21	1
2014-02-23	0	4.76	19	3
2014-02-24	0	5.15	20	1
2014-02-25	0	5.66	21	2
2014-02-26	0	3.94	22	3
2014-02-27	0.01	6.44	20	1
2014-02-28	0	12.38	24	0
2014-03-01	0.01	6.7	26	-1
2014-03-02	0	10.79	23	5
2014-03-03	2	5.48	21	5
2014-03-04	0	7.67	22	1
2014-03-05	0	8.49	22	4
2014-03-06	0	5.31	20	0
2014-03-07	0	8.93	23	-1
2014-03-08	0.01	4.46	21	2
2014-03-09	0.01	4.55	20	2
2014-03-10	0	7.23	21	0
2014-03-11	0	7.09	22	5
2014-03-12	0	3.92	22	-1
2014-03-13	0	4.94	24	1
2014-03-14	0	5.9	24	1
2014-03-15	0	4.95	23	2
2014-03-16	0	4.55	22	1
2014-03-17	0	3.79	21	2
2014-03-18	0	9.04	23	6
2014-03-19	0	8.58	22	2
2014-03-20	0	8.8	25	4
2014-03-21	0	9.8	26	2
2014-03-22	9.5	5.85	26	-1
2014-03-23	0.01	2.2	26	6
2014-03-24	3	8.83	25	5
2014-03-25	0	6.37	22	3
2014-03-26	0	6.38	23	4
2014-03-27	0	5.1	24	4
2014-03-28	0	5.59	25	3
2014-03-29	0.01	12.26	26	4
2014-03-30	11	5.2	23	4
2014-03-31	0	8.12	24	4
2014-04-01	0.01	7.3	25	5
2014-04-02	0	6.33	24	7
2014-04-03	0	6.32	24	6
2014-04-04	0	8.12	26	4
2014-04-05	0	7.47	25	4
2014-04-06	0	6.04	27	3
2014-04-07	0	6.3	26	5
2014-04-08	0	6.55	27	8
2014-04-09	0	5.25	22	5
2014-04-10	0	7.55	24	7
2014-04-11	0	7.12	23	0
2014-04-12	0	9.38	27	2
2014-04-13	0	9.22	27	5
2014-04-14	0	8.8	28	8
2014-04-15	0	4.42	16	7
2014-04-16	0	4.34	23	1
2014-04-17	0	4.71	24	2
2014-04-18	0	4.64	22	4
2014-04-19	2	7.9	25	3
2014-04-20	0	5.91	24	5
2014-04-21	4	7.24	25	4
2014-04-22	7	3.85	25	4
2014-04-23	0	9.53	23	6
2014-04-24	0	7.37	24	7
2014-04-25	0.01	5.02	23	6
2014-04-26	0.01	4.43	24	6
2014-04-27	0	8.93	25	5
2014-04-28	0	7.8	26	5
2014-04-29	0	6.61	26	8
2014-04-30	0	4.61	20	10
2014-05-01	2	4.24	23	3
2014-05-02	8.5	4.56	22	4
2014-05-03	0	3.4	27	2
2014-05-04	0	3.7	23	5
2014-05-05	0	4.77	24	3
2014-05-06	0	5.88	25	5
2014-05-07	0	5.32	23	6
2014-05-08	8.5	3.9	24	5
2014-05-09	6.5	5	22	7
2014-05-10	2	1.3	20	7
2014-05-11	0	5.7	24	5
2014-05-12	0	6.4	21	6
2014-05-13	0	8.15	26	4
2014-05-14	0	6.74	18	5
2014-05-15	0	4.89	15	5
2014-05-16	0	8.57	10	-3
2014-05-17	0	6.57	17	-1
2014-05-18	0	6.38	24	2
2014-05-19	0	8.55	24	1
2014-05-20	0	6.98	25	1
2014-05-21	0.01	3.05	25	2
2014-05-22	0	7.64	24	5
2014-05-23	25	NULO	22	7
2014-05-24	14	NULO	25	9
2014-05-25	37.5	NULO	22	8
2014-05-26	17	NULO	NULO	NULO
2014-05-27	0.01	2.9	21	7
2014-05-28	0.01	3.85	23	9
2014-05-29	4	7.15	23	10
2014-05-30	0.01	4.7	24	11
2014-05-31	0	4.55	21	10
2014-06-01	0	5.65	20	5
2014-06-02	0	4.55	20	7
2014-06-03	0	6.14	20	7
2014-06-04	0.01	6.21	21	8
2014-06-05	0	4.8	19	10
2014-06-06	2	3.67	21	9
2014-06-07	0.01	4.68	21	9
2014-06-08	0	4	22	7
2014-06-09	0	6.81	25	9
2014-06-10	0	5.53	23	9
2014-06-11	0	5.53	23	6
2014-06-12	0	8.57	20	6
2014-06-13	0	7.15	25	5
2014-06-14	2	5.95	25	5
2014-06-15	0	5.85	26	8
2014-06-16	0	5.4	23	6
2014-06-17	0	6.26	24	9
2014-06-18	23	3.39	23	10
2014-06-19	22	2	18	11
2014-06-20	3	1.9	18	10
2014-06-21	3.5	5.77	20	10
2014-06-22	0.01	2.81	22	10
2014-06-23	0	3.53	21	11
2014-06-24	0	2.29	21	9
2014-06-25	0	2.75	20	9
2014-06-26	9.5	4.35	17	10
2014-06-27	40	NULO	18	10
2014-06-28	9	NULO	20	10
2014-06-29	20	NULO	19	9
2014-06-30	0	NULO	17	9
2014-07-01	0.01	2.7	19	9
2014-07-02	0	4.2	20	8
2014-07-03	0	4.67	18	9
2014-07-04	1.6	2.23	16	10
2014-07-05	0.01	6.57	17	8
2014-07-06	0	2.37	18	8
2014-07-07	11	6.51	19	9
2014-07-08	15	NULO	18	7
2014-07-09	8	NULO	19	7
2014-07-10	4	NULO	19	8
2014-07-11	0	4.4	18	7
2014-07-12	0	5.03	20	5
2014-07-13	0	5.57	19	6
2014-07-14	0	5.3	19	5
2014-07-15	0.01	3.4	22	5
2014-07-16	10	3.55	20	7
2014-07-17	20	5.75	22	8
2014-07-18	55	NULO	22	9
2014-07-19	0	3.33	21	9
2014-07-20	0	5.51	23	7
2014-07-21	0	5.86	22	6
2014-07-22	0	4.53	22	8
2014-07-23	0	4.74	21	7
2014-07-24	0	4.36	20	8
2014-07-25	0	4.52	21	9
2014-07-26	0	5.08	21	5
2014-07-27	12	4.04	20	6
2014-07-28	0	6.04	20	5
2014-07-29	0	4.61	21	5
2014-07-30	0	3.87	22	8
2014-07-31	1	4.04	23	7
2014-08-01	0	5.33	22	6
2014-08-02	0	5.36	21	7
2014-08-03	0	5.75	20	5
2014-08-04	0	5.48	20	4
2014-08-05	0.01	4.03	21	5
2014-08-06	7	4.75	20	5
2014-08-07	0.01	1.12	19	6
2014-08-08	0	4.69	21	6
2014-08-09	0	3.79	20	8
2014-08-10	0	NULO	NULO	NULO
2014-08-20	0	3.75	20	5
2014-08-21	0	3.61	19	7
2014-08-22	0	5.32	20	6
2014-08-23	0	5.17	21	7
2014-08-24	0	4.33	20	7
2014-08-25	0	4.3	21	5
2014-08-26	0	5.18	22	4
2014-08-27	0	6.38	21	3
2014-08-28	0	3.83	22	4
2014-08-29	0	6.21	22	5
2014-08-30	0	5.77	21	6
2014-08-31	0	5.28	21	9
2014-09-01	0	3.33	22	9
2014-09-02	15	4.79	23	7
2014-09-03	9	2.23	16	9
2014-09-04	0	4.25	18	10
2014-09-05	33	5.45	20	8
2014-09-06	0	5.42	19	8
2014-09-07	0	2.98	17	6
2014-09-08	0.01	2.53	17	9
2014-09-09	0.01	4.17	20	9
2014-09-10	0	4.5	20	8
2014-09-11	0	6.15	20	8
2014-09-12	0	1.5	18	7
2014-09-13	0	3.2	18	7
2014-09-14	0	4.2	18	8
2014-09-15	0	2.9	20	7
2014-09-16	0	2.81	17	9
2014-09-17	0	3.77	22	9
2014-09-18	0.01	3.23	24	6
2014-09-19	0.01	4.65	24	6
2014-09-20	0.01	3.25	22	8
2014-09-21	0.01	2.86	19	9
2014-09-22	0.01	3.25	19	10
2014-09-23	6	2.68	17	11
2014-09-24	1	2.76	15	10
2014-09-25	0	3.25	19	5
2014-09-26	0	2.94	19	7
2014-09-27	0	2.86	19	8
2014-09-28	0	4.5	20	10
2014-09-29	0	3.14	19	9
2014-09-30	0	4.76	19	9
2014-10-01	62.1	NULO	21	9
2014-10-02	3	NULO	20	10
2014-10-03	2	NULO	18	10
2014-10-04	2.5	NULO	14	10
2014-10-05	4	NULO	19	10
2014-10-06	0	3.15	19	7
2014-10-07	0	4.27	20	8
2014-10-08	0	2	20	1
2014-10-09	0	2.98	19	3
2014-10-10	0	2.3	18	6
2014-10-11	0	3.11	19	8
2014-10-12	0	2.72	20	2
2014-10-13	0	3.11	20	3
2014-10-14	0	5.26	21	2
2014-10-15	6	2.5	19	1
2014-10-16	0	2.9	20	1
2014-10-17	2	4.22	20	4
2014-10-18	4.5	4.5	17	3
2014-10-19	3	3.98	16	6
2014-10-20	0	3.35	17	8
2014-10-21	0	2.75	17	5
2014-10-22	0	3.05	19	6
2014-10-23	0	2.67	20	6
2014-10-24	0	2.85	16	4
2014-10-25	0	1.83	19	2
2014-10-26	0	3.97	18	1
2014-10-27	0	2.61	20	0
2014-10-28	0	3.13	21	2
2014-10-29	0	3.96	20	-4
2014-10-30	0	3.97	19	1
2014-10-31	0	4.76	15	0
2014-11-01	0	1.75	20	0
2014-11-02	0	2.03	19	1
2014-11-03	0	2.62	20	1
2014-11-04	0	3.7	20	0
2014-11-05	0	2.6	22	3
2014-11-06	0	4.31	19	4
2014-11-07	0	2.99	20	5
2014-11-08	0.01	2.7	18	7
2014-11-09	0	3.6	17	4
2014-11-10	5	1.67	19	-2
2014-11-11	2.5	2.5	19	5
2014-11-12	0.01	8.08	17	8
2014-11-13	0	0.7	17	6
2014-11-14	0	3.34	18	6
2014-11-15	0	3.26	22	1
2014-11-16	0	3.31	21	5
2014-11-17	0	2.86	21	6
2014-11-18	0	2.18	20	1
2014-11-19	0	2.69	19	4
2014-11-20	0	1.6	18	3
2014-11-21	0.01	3.18	19	0
2014-11-22	0	2.62	20	0
2014-11-23	0	4.46	21	4
2014-11-24	0	2.1	18	6
2014-11-25	0	1.79	20	0
2014-11-26	0	5.57	18	-1
2014-11-27	0	2.53	19	-2
2014-11-28	0	2.05	20	2
2014-11-29	0	1.91	19	3
2014-11-30	0	3.3	19	1
2014-12-01	0	1.69	20	3
2014-12-02	0	1.66	19	2
2014-12-03	0	2.23	21	2
2014-12-04	0	1.48	20	1
2014-12-05	0	4.78	21	4
2014-12-06	0	1.73	23	3
2014-12-07	0	3.64	17	5
2014-12-08	0	3.53	23	1
2014-12-09	0	2.95	21	2
2014-12-10	0	2.71	15	4
2014-12-11	0	2.24	18	3
2014-12-12	0	2.56	14	1
2014-12-13	6	1.58	17	4
2014-12-14	0	1.3	16	5
2014-12-15	0	2.93	20	2
2014-12-16	0	2.02	18	4
2014-12-17	0	2.36	19	4
2014-12-18	0	3.41	21	5
2014-12-19	0	2.49	20	6
2014-12-20	0	2.16	19	2
2014-12-21	0	4.08	20	1
2014-12-22	0	3.6	20	2
2014-12-23	0.5	3.66	21	3
2014-12-24	0	3.8	18	3
2014-12-25	0	3.02	20	2
2014-12-26	0	1.49	19	0
2014-12-27	0	2.04	21	1
2014-12-28	0	4.65	20	4
2014-12-29	0	2.81	22	5
2014-12-30	0	2.81	22	5
2014-12-31	0	2.04	21	3
2015-01-01	0	1.52	NULO	NULO
2015-01-02	0	4.08	21	1
2015-01-03	0	4.02	27	2
2015-01-04	0	2.95	13	4
2015-01-05	0	2.48	15	0
2015-01-06	0	2.27	14	-1
2015-01-07	0	2.65	17	0
2015-01-08	0	3.77	18	1
2015-01-09	0	2.93	18	1
2015-01-10	16	4.37	15	0
2015-01-11	0	2.76	17	-4
2015-01-12	0	3.05	19	-2
2015-01-13	0	1.8	16	-3
2015-01-14	0	2.81	19	0
2015-01-15	0	3.32	19	1
2015-01-16	0	4.17	17	-2
2015-01-17	0	2.49	21	1
2015-01-18	0	3.95	15	3
2015-01-19	0	3.29	20	-2
2015-01-20	0	3.21	20	1
2015-01-21	0	5.25	20	2
2015-01-22	0	4.63	21	2
2015-01-23	0	4.39	19	1
2015-01-24	0	1.82	19	1
2015-01-25	0	2.42	21	-2
2015-01-26	0	1.88	20	1
2015-01-27	0	3.44	18	1
2015-01-28	0	3.81	20	0
2015-01-29	0	4.24	19	1
2015-01-30	0	3.62	20	2
2015-01-31	0	4.23	20	1
2015-02-01	0	2.2	NULO	NULO
2015-02-02	1	3.72	14	2
2015-02-03	0	2.73	17	5
2015-02-04	0	4.03	19	-1
2015-02-05	0	2.09	15	-3
2015-02-06	0	2.05	12	-3
2015-02-07	0	2.3	16	-7
2015-02-08	0	5.55	20	-5
2015-02-09	0	4.45	21	2
2015-02-10	0	4.51	19	3
2015-02-11	0	5.05	22	4
2015-02-12	0	3.24	20	3
2015-02-13	0	6.15	21	2
2015-02-14	0	5.35	20	3
2015-02-15	0	5.21	19	1
2015-02-16	0	3.29	20	1
2015-02-17	0	5.24	21	2
2015-02-18	0	4.37	20	2
2015-02-19	0	4.96	19	3
2015-02-20	0	5.04	20	4
2015-02-21	0	3.79	23	3
2015-02-22	0	5.6	24	3
2015-02-23	0	5.44	22	0
2015-02-24	0	5.25	23	0
2015-02-25	0	5.3	22	5
2015-02-26	0	4.85	22	4
2015-02-27	0	4.95	20	0
2015-02-28	0	4.59	22	-3
2015-03-01	0	4.71	23	-1
2015-03-02	0	5.1	22	0
2015-03-03	0	3.55	26	1
2015-03-04	NULO	4.98	27	3
2015-03-05	0	5.07	20	5
2015-03-06	0	5.22	16	2
2015-03-07	0	2.28	17	-1
2015-03-08	0	2.56	22	0
2015-03-09	16	2.04	20	2
2015-03-10	10	NULO	21	1
2015-03-11	0	2.6	17	2
2015-03-12	0	3.25	16	-2
2015-03-13	10	4.15	19	0
2015-03-14	40	NULO	18	2
2015-03-15	15	NULO	17	1
2015-03-16	3	NULO	12	0
2015-03-17	0	5.09	17	5
2015-03-18	0	4.95	19	4
2015-03-19	0	5.28	20	3
2015-03-20	0	5.57	21	5
2015-03-21	0	5.53	20	4
2015-03-22	0	3.69	22	3
2015-03-23	6	3.58	19	4
2015-03-24	3	5.85	22	6
2015-03-25	0	5.29	21	5
2015-03-26	0.01	3.74	21	4
2015-03-27	0	4.21	22	5
2015-03-28	0	4.19	20	6
2015-03-29	0	5.55	21	3
2015-03-30	0	4.3	20	3
2015-03-31	0	4.6	NULO	NULO
2015-04-01	0	4.95	20	4
2015-04-02	0	4.95	22	3
2015-04-03	0	4.15	22	3
2015-04-04	4.5	4.9	19	5
2015-04-05	5	5.04	22	6
2015-04-06	0	6.16	21	6
2015-04-07	0	5.04	20	5
2015-04-08	0	6.01	22	4
2015-04-09	0	5.4	22	5
2015-04-10	0	4.95	21	6
2015-04-11	0	4.95	21	6
2015-04-12	8	4.95	20	7
2015-04-13	2	3.82	20	6
2015-04-14	0	3.85	23	6
2015-04-15	5	3.86	20	7
2015-04-16	0	3.85	23	6
2015-04-17	0	6.81	22	5
2015-04-18	0	5.78	20	4
2015-04-19	6	3.76	19	5
2015-04-20	9	4.16	21	4
2015-04-21	0	5.27	20	4
2015-04-22	0	5.65	20	6
2015-04-23	0	5.33	22	7
2015-04-24	0	5.6	21	7
2015-04-25	0	5.21	22	8
2015-04-26	0	3.84	20	9
2015-04-27	0	5.05	22	9
2015-04-28	0	4.25	20	7
2015-04-29	0	4.25	21	6
2015-04-30	0	5.1	22	5
2015-05-01	0	5.6	22	2
2015-05-02	0	0.68	21	2
2015-05-03	0	6.11	22	4
2015-05-04	0	6.47	20	4
2015-05-05	0	6.06	19	4
2015-05-06	0	4.43	21	5
2015-05-07	0	4.55	22	4
2015-05-08	0	5.15	20	3
2015-05-09	0	6.13	19	5
2015-05-10	0	2.47	22	6
2015-05-11	0	5.6	22	6
2015-05-12	0	4.8	21	4
2015-05-13	0	5.11	20	6
2015-05-14	0	4.44	20	5
2015-05-15	0	4.62	19	5
2015-05-16	0	5.53	19	7
2015-05-17	4	4.41	23	6
2015-05-18	0	6.09	20	5
2015-05-19	0	4.4	23	5
2015-05-20	0	4.4	24	4
2015-05-21	23	2.9	25	4
2015-05-22	0	4.8	22	5
2015-05-23	0	6.4	23	7
2015-05-24	0	6.7	21	8
2015-05-25	0	5.5	20	8
2015-05-26	0	6.75	23	7
2015-05-27	0	3.51	26	7
2015-05-28	0	5.3	22	2
2015-05-29	0	5.74	20	8
2015-05-30	0	4.85	21	8
2015-05-31	0	6	22	7
2015-06-01	0	4.7	22	3
2015-06-02	0	6.75	21	4
2015-06-03	0	4.97	23	4
2015-06-04	0	6	22	5
2015-06-05	0	5.88	24	4
2015-06-06	19.5	3.6	23	3
2015-06-07	0	5	22	9
2015-06-08	0	6.38	23	4
2015-06-09	0	6.12	22	3
2015-06-10	0	6.52	24	4
2015-06-11	0	5.74	25	3
2015-06-12	0	6.77	25	5
2015-06-13	0	4.95	24	7
2015-06-14	64	NULO	22	8
2015-06-15	23	NULO	19	10
2015-06-16	6	NULO	21	10
2015-06-17	20	NULO	22	8
2015-06-18	NULO	5.18	23	7
2015-06-19	38	NULO	21	8
2015-06-20	5	NULO	20	9
2015-06-21	3	NULO	21	6
2015-06-22	10	NULO	20	7
2015-06-23	0	3.83	22	7
2015-06-24	0	4.47	21	8
2015-06-25	0	4.6	22	7
2015-06-26	16	3.1	21	6
2015-06-27	0	4.42	21	7
2015-06-28	6	5.06	21	7
2015-06-29	17	NULO	21	9
2015-06-30	0	NULO	19	9
2015-07-01	0	4.38	21	7
2015-07-02	44	NULO	19	9
2015-07-03	43	NULO	18	9
2015-07-04	11	3.8	19	9
2015-07-05	3	2.5	20	9
2015-07-06	2	3.8	20	9
2015-07-07	2	4	20	8
2015-07-08	0	5.24	19	8
2015-07-09	0	5.66	18	6
2015-07-10	0	3.02	17	6
2015-07-11	0	6.71	20	7
2015-07-12	0	4.57	20	6
2015-07-13	0	6.1	21	4
2015-07-14	0	5.04	22	5
2015-07-15	0	5.15	23	5
2015-07-16	0	3.21	23	6
2015-07-17	0	2.43	22	6
2015-07-18	1	3.82	22	8
2015-07-19	0.01	4.71	21	8
2015-07-20	0	3.79	22	7
2015-07-21	13	2.85	21	5
2015-07-22	18	5.15	20	8
2015-07-23	12.5	3.71	21	8
2015-07-24	0.01	4.33	21	7
2015-07-25	0	6.2	23	8
2015-07-26	0	4.41	23	7
2015-07-27	0	6.14	23	5
2015-07-28	0	5.28	23	6
2015-07-29	0	6.01	23	7
2015-07-30	0	3.82	22	7
2015-07-31	0	6.99	22	6
2015-08-01	0	4.89	23	6
2015-08-02	0	4.55	22	4
2015-08-03	0	4.95	20	3
2015-08-04	0	6.2	21	4
2015-08-05	0	5.45	23	5
2015-08-06	12	2.35	22	4
2015-08-07	5	3.61	23	3
2015-08-08	13	3.59	23	5
2015-08-09	0	6.8	23	6
2015-08-10	0	5.9	22	6
2015-08-11	0	2.55	20	5
2015-08-12	0.01	4.87	20	6
2015-08-13	0	3.52	20	6
2015-08-14	0	5.91	22	7
2015-08-15	0	6.45	23	3
2015-08-16	10	3.15	23	5
2015-08-17	1.5	4.47	22	7
2015-08-18	7	2.58	22	8
2015-08-19	0.01	3.45	21	7
2015-08-20	23	2.45	23	6
2015-08-21	0.01	4.85	21	8
2015-08-22	0	5.67	21	9
2015-08-23	0	4.98	24	3
2015-08-24	0	4.89	21	4
2015-08-25	0	5.65	20	6
2015-08-26	0	5.17	22	6
2015-08-27	0	4.48	20	4
2015-08-28	0	5.24	21	4
2015-08-29	0	4.97	21	3
2015-08-30	0	4.74	22	8
2015-08-31	7	4.05	20	5
2015-09-01	43	NULO	22	8
2015-09-02	NULO	2.55	21	9
2015-09-03	0	3.93	21	9
2015-09-04	3	4.38	20	8
2015-09-05	0	4.54	20	9
2015-09-06	0	5.44	22	6
2015-09-07	0	3.79	22	9
2015-09-08	0	5.27	20	5
2015-09-09	0	4.95	21	4
2015-09-10	0	3.2	22	4
2015-09-11	1	3.86	22	5
2015-09-12	19.5	3.7	21	7
2015-09-13	0	3.1	22	5
2015-09-14	0	5.12	21	6
2015-09-15	0	5.02	21	9
2015-09-16	11	4.5	22	9
2015-09-17	0	3.77	21	7
2015-09-18	0	5.53	21	5
2015-09-19	0	4.94	21	5
2015-09-20	0	2.92	20	7
2015-09-21	0	4.15	20	7
2015-09-22	0	4.54	21	4
2015-09-23	0	5.65	22	4
2015-09-24	0	3.89	23	6
2015-09-25	0	4.62	22	7
2015-09-26	0	2.69	21	5
2015-09-27	0	5.67	20	5
2015-09-28	0	5.74	20	4
2015-09-29	0	5.35	20	4
2015-09-30	0	4.31	21	3
2015-10-01	0	3.53	NULO	NULO
2015-10-02	0	5.5	20	2
2015-10-03	0	3.7	20	-2
2015-10-04	0	5.25	19	3
2015-10-05	0	1.96	19	4
2015-10-06	0	4.44	21	5
2015-10-07	0	5.2	23	3
2015-10-08	4	NULO	22	3
2015-10-09	0	2.62	19	4
2015-10-10	0	3.69	20	5
2015-10-11	0	6.36	21	6
2015-10-12	0	2.11	20	4
2015-10-13	0	4.86	22	4
2015-10-14	0.01	4.11	18	3
2015-10-15	0	3.45	19	3
2015-10-16	0	4.25	20	4
2015-10-17	0.01	2.21	15	6
2015-10-18	2	1.84	14	6
2015-10-19	0	4.99	17	1
2015-10-20	0	4.11	20	1
2015-10-21	0	4.76	21	3
2015-10-22	6	1.43	23	5
2015-10-23	1	1.6	19	1
2015-10-24	0	5.1	20	0
2015-10-25	0	3.51	19	6
2015-10-26	0	5.75	21	2
2015-10-27	0	4.11	20	2
2015-10-28	40	1.95	21	4
2015-10-29	23	4	22	7
2015-10-30	5	3.53	18	5
2015-10-31	0	2.02	17	6
2015-11-01	0	3.04	21	6
2015-11-02	5	3.76	19	9
2015-11-03	4	4.18	21	7
2015-11-04	0	2.95	21	5
2015-11-05	0	4.3	21	7
2015-11-06	0	2.93	19	3
2015-11-07	0	2.8	20	4
2015-11-08	1.5	1.64	14	7
2015-11-09	0	3.36	20	5
2015-11-10	0	5.17	21	6
2015-11-11	0	2.6	22	2
2015-11-12	0	2.79	19	2
2015-11-13	0	2.24	17	8
2015-11-14	0	3.17	20	8
2015-11-15	0	3.49	21	5
2015-11-16	0	5.47	20	5
2015-11-17	0	3.04	22	3
2015-11-18	0	3.4	20	3
2015-11-19	8	3.25	21	5
2015-11-20	0	2.52	22	6
2015-11-21	0	4.27	20	3
2015-11-22	0	2.83	17	6
2015-11-23	0	2.38	20	6
2015-11-24	0	2.54	21	4
2015-11-25	0	4.16	21	2
2015-11-26	0	3.34	19	3
2015-11-27	0	2.07	18	7
2015-11-28	0	1.84	18	4
2015-11-29	0	3.03	19	7
2015-11-30	0	3.33	21	1
2015-12-01	0	3.92	22	2
2015-12-02	0	2.21	18	5
2015-12-03	0	2.38	17	4
2015-12-04	0	1.69	14	3
2015-12-05	0	3.32	14	3
2015-12-06	0	3.16	14	4
2015-12-07	0	2.77	17	5
2015-12-08	0	2.09	18	3
2015-12-09	0	1.86	16	3
2015-12-10	0	2.81	20	0
2015-12-11	0	2.86	21	2
2015-12-12	0	3.45	17	5
2015-12-13	0	1.28	17	8
2015-12-14	0	2.3	20	-1
2015-12-15	0	5.3	21	1
2015-12-16	0	2.75	20	3
2015-12-17	0	2.5	22	0
2015-12-18	2	2.4	6	4
2015-12-19	0	2.38	12	1
2015-12-20	0	1.86	20	-3
2015-12-21	0	4.13	20	3
2015-12-22	8	2.81	21	0
2015-12-23	0	4.29	18	6
2015-12-24	0	3.06	20	2
2015-12-25	0	3.25	21	2
2015-12-26	0	2.74	20	2
2015-12-27	0	2.61	21	1
2015-12-28	0	4.56	21	-3
2015-12-29	0	2.87	20	2
2015-12-30	0	3.03	19	3
2015-12-31	0	3.95	21	1
2016-01-01	0	3.45	21	3
2016-01-02	0.01	4.6	19	4
2016-01-03	0	3.4	18	3
2016-01-04	2	2.96	14	4
2016-01-05	0	3.4	18	-2
2016-01-06	0	6.12	17	1
2016-01-07	0	4.21	16	4
2016-01-08	0	5.42	18	-3
2016-01-09	0	6.2	18	-3
2016-01-10	0	3.05	19	1
2016-01-11	0	2.43	18	-3
2016-01-12	0.01	2.41	14	-3
2016-01-13	5	1.58	8	2
2016-01-14	0.01	5.21	15	4
2016-01-15	0	2.91	17	-1
2016-01-16	0	4.01	18	2
2016-01-17	0	3.43	18	-3
2016-01-18	0	1.86	20	-6
2016-01-19	0	3.4	21	0
2016-01-20	0	1.75	21	0
2016-01-21	0	2.81	20	1
2016-01-22	0	5.49	19	1
2016-01-23	0	2.25	20	-7
2016-01-24	0	3.65	19	-5
2016-01-25	0	4.5	21	1
2016-01-26	0	3.1	19	4
2016-01-27	0	2.07	18	-5
2016-01-28	0	1.73	13	-3
2016-01-29	0	3.65	18	-2
2016-01-30	0	3.65	19	1
2016-01-31	0	2.2	19	1
2016-02-01	0	3.54	20	-5
2016-02-02	0	3.91	21	-2
2016-02-03	0	3.72	21	0
2016-02-04	0	3.59	19	-2
2016-02-05	0	3.69	23	-6
2016-02-06	0	3.64	19	-3
2016-02-07	0	4.25	23	-2
2016-02-08	0	4.3	20	-5
2016-02-09	0	3.08	21	-5
2016-02-10	0	3.32	20	-4
2016-02-11	0	2.9	19	-8
2016-02-12	0	1.03	18	-4
2016-02-13	0	4.01	18	-3
2016-02-14	0	4.68	21	-6
2016-02-15	0	3.65	22	-1
2016-02-16	0	6.89	21	-3
2016-02-17	0	5.76	21	-4
2016-02-18	0	5.65	20	-6
2016-02-19	0	4.69	21	-5
2016-02-20	0	5.39	20	0
2016-02-21	0	4.32	22	1
2016-02-22	0	4.6	24	-1
2016-02-23	0	7.28	23	-2
2016-02-24	0	4.92	23	1
2016-02-25	0	3.81	22	-1
2016-02-26	0	2.65	17	1
2016-02-27	0.01	4.1	18	3
2016-02-28	0.01	4.25	19	2
2016-02-29	0	3.85	19	3
2016-03-01	3	3.74	21	0
2016-03-02	0	3.61	20	3
2016-03-03	0	5.69	19	3
2016-03-04	0	3.76	20	-2
2016-03-05	0	7.55	21	0
2016-03-06	0	5.18	23	-3
2016-03-07	0	9.06	21	4
2016-03-08	2	5.14	21	0
2016-03-09	3	6.22	17	5
2016-03-10	0	7.76	13	-2
2016-03-11	0	7.68	18	-4
2016-03-12	0	5.4	20	-4
2016-03-13	0	6.4	23	-2
2016-03-14	0	6.98	26	-1
2016-03-15	0	7.52	25	5
2016-03-16	0	5.48	24	5
2016-03-17	0	7.1	23	7
2016-03-18	0	6.5	22	6
2016-03-19	0	5.45	22	5
2016-03-20	0	5.56	21	5
2016-03-21	0	3.8	18	2
2016-03-22	0	5.12	20	4
2016-03-23	2	3.98	22	-2
2016-03-24	0.01	0.98	22	-2
2016-03-25	0	3.85	25	3
2016-03-26	0	3.6	22	4
2016-03-27	0	6.07	26	6
2016-03-28	0	5.82	26	7
2016-03-29	0	9.25	25	4
2016-03-30	0	1.07	27	6
2016-03-31	0	1.04	28	9
2016-04-01	0	9.33	26	5
2016-04-02	0	9.31	21	1
2016-04-03	0	6.3	24	4
2016-04-04	0	5.88	26	2
2016-04-05	0	9.77	25	0
2016-04-06	0	8.53	27	3
2016-04-07	0	9.37	25	3
2016-04-08	0	6.3	25	2
2016-04-09	3	6.38	26	2
2016-04-10	0	6.25	28	4
2016-04-11	0	1.09	29	5
2016-04-12	0	9.5	27	5
2016-04-13	0	8.6	28	6
2016-04-14	0	7.95	26	4
2016-04-15	0	8.85	27	4
2016-04-16	0	7.5	24	6
2016-04-17	0	9.35	26	9
2016-04-18	0.01	9.58	27	6
2016-04-19	8	6.02	25	4
2016-04-20	0	9.96	20	7
2016-04-21	3	6.79	21	4
2016-04-22	2	5.7	22	6
2016-04-23	4	5.9	18	6
2016-04-24	0	7.47	23	3
2016-04-25	0	8.05	23	4
2016-04-26	0	8.58	24	5
2016-04-27	0	7.4	26	3
2016-04-28	0	1.03	28	2
2016-04-29	0	1.21	27	4
2016-04-30	0	8.83	27	4
2016-05-01	0	9.85	27	4
2016-05-02	0	1.06	29	4
2016-05-03	0	1.07	28	5
2016-05-04	0	9.89	27	6
2016-05-05	0	9.31	28	6
2016-05-06	0	1.1	29	7
2016-05-07	0	1.1	28	4
2016-05-08	4	9.36	29	7
2016-05-09	0.01	7.25	26	8
2016-05-10	0.01	6.43	28	7
2016-05-11	4	5.38	25	7
2016-05-12	0	5.24	24	8
2016-05-13	0	6.3	21	6
2016-05-14	0	6.79	22	7
2016-05-15	0	5.96	23	8
2016-05-16	0	7.51	24	7
2016-05-17	0	7.85	26	8
2016-05-18	0	8.67	27	9
2016-05-19	0	7.42	28	7
2016-05-20	0	1.11	28	6
2016-05-21	0	1.16	27	8
2016-05-22	0.01	1.04	28	8
2016-05-23	0	7.9	27	9
2016-05-24	0	6.9	28	9
2016-05-25	0	9.39	27	6
2016-05-26	0	9.65	28	7
2016-05-27	0	9.59	29	8
2016-05-28	20	6.54	24	8
2016-05-29	0	5.83	24	5
2016-05-30	0	5.07	25	10
2016-05-31	6	6.3	25	10
2016-06-01	4.5	4.47	20	10
2016-06-02	3	6.95	24	10
2016-06-03	0	5.97	21	10
2016-06-04	2	5.84	20	8
2016-06-05	0	5.3	23	7
2016-06-06	0.01	3.9	22	6
2016-06-07	10	5.04	23	5
2016-06-08	10.5	5.75	24	6
2016-06-09	0	5.11	22	7
2016-06-10	2	6.24	20	9
2016-06-11	5	4.97	23	10
2016-06-12	6	4.49	21	9
2016-06-13	0.01	4.69	22	7
2016-06-14	0	6.66	23	9
2016-06-15	16	4.06	20	9
2016-06-16	5	6.54	21	7
2016-06-17	0	5.29	22	8
2016-06-18	0	8.21	22	7
2016-06-19	0	4.45	18	7
2016-06-20	18	3.39	16	9
2016-06-21	0.01	3.26	17	9
2016-06-22	0	3.54	19	4
2016-06-23	0	7.8	21	4
2016-06-24	0	4.31	20	6
2016-06-25	0	4.48	20	8
2016-06-26	4	4	18	10
2016-06-27	0	4	21	10
2016-06-28	0	6.5	20	9
2016-06-29	0	6.62	22	5
2016-06-30	0	6.56	22	7
2016-07-01	2	3.33	21	7
2016-07-02	0	5.34	20	8
2016-07-03	4	3.91	21	9
2016-07-04	8	3.98	22	8
2016-07-05	9	3.27	21	9
2016-07-06	10	2.7	22	8
2016-07-07	0.01	4.35	22	6
2016-07-08	0	1.65	24	6
2016-07-09	0	5.75	23	6
2016-07-10	0	5.21	22	8
2016-07-11	8	3.1	23	8
2016-07-12	3	3.11	15	9
2016-07-13	8	3.85	18	7
2016-07-14	0	4.8	19	7
2016-07-15	0	4.83	19	7
2016-07-16	0.01	5.57	22	6
2016-07-17	0.01	6.1	20	4
2016-07-18	0	4.06	22	8
2016-07-19	0	6.43	21	8
2016-07-20	2	5.48	19	9
2016-07-21	1	2.37	19	9
2016-07-22	0.01	5.77	22	9
2016-07-23	17	NULO	21	7
2016-07-24	0	2.85	20	7
2016-07-25	0	5.05	23	7
2016-07-26	0	3.8	23	8
2016-07-27	8	4.05	20	6
2016-07-28	0	5.48	21	7
2016-07-29	4	4.31	21	6
2016-07-30	0.01	4.94	21	7
2016-07-31	0	2.82	20	6
2016-08-01	0	6.78	22	6
2016-08-02	0	5.47	20	6
2016-08-03	0.01	4.97	23	9
2016-08-04	0	7.3	22	5
2016-08-05	2	3.46	21	7
2016-08-06	16	3.92	15	10
2016-08-07	20	3.23	19	9
2016-08-08	4	3	19	10
2016-08-09	18	5.27	21	10
2016-08-10	4	4.19	20	10
2016-08-11	0	3.86	21	7
2016-08-12	0	5.7	22	7
2016-08-13	0	5.45	21	7
2016-08-14	0	3.49	22	6
2016-08-15	0	5.28	21	6
2016-08-16	0	3.68	23	5
2016-08-17	0	4.95	22	8
2016-08-18	11	3.5	20	7
2016-08-19	16	3.32	22	7
2016-08-20	36	NULO	20	7
2016-08-21	4	3.4	20	7
2016-08-22	2	3.7	21	8
2016-08-23	0	5.05	19	5
2016-08-24	0	4.09	19	7
2016-08-25	3	3.22	20	9
2016-08-26	39	NULO	22	6
2016-08-27	0	4.7	21	8
2016-08-28	0	4.16	20	8
2016-08-29	0	3.39	21	7
2016-08-30	0	6.3	21	4
2016-08-31	0	5.95	22	5
2016-09-01	3	3.03	17	7
2016-09-02	0	4.27	20	10
2016-09-03	13	4.4	21	8
2016-09-04	28	3.6	20	9
2016-09-05	0	5.6	19	9
2016-09-06	11	5.07	21	9
2016-09-07	0	4.91	20	8
2016-09-08	0	5.77	21	6
2016-09-09	0	5.45	21	7
2016-09-10	0	3.9	22	3
2016-09-11	0	4.83	19	7
2016-09-12	0	4.65	21	6
2016-09-13	0	3.52	22	6
2016-09-14	0	4.43	20	6
2016-09-15	0	5.64	21	6
2016-09-16	0	4.72	21	7
2016-09-17	0	4.83	22	9
2016-09-18	0	5.25	20	9
2016-09-19	0	4.82	20	9
2016-09-20	0	4.81	21	6
2016-09-21	0.01	4.39	19	8
2016-09-22	18	1.18	20	4
2016-09-23	0.01	2.37	19	6
2016-09-24	30	NULO	20	8
2016-09-25	0	3.9	19	9
2016-09-26	0	5.45	18	8
2016-09-27	0	3.35	15	9
2016-09-28	0	4.65	17	9
2016-09-29	6	3.19	17	9
2016-09-30	0	4.08	20	4
2016-10-01	0	4.12	19	7
2016-10-02	0	3.6	20	7
2016-10-03	0	3.97	22	6
2016-10-04	0	5.5	23	7
2016-10-05	0	4.06	22	8
2016-10-06	0	4.17	22	7
2016-10-07	0	4.04	20	4
2016-10-08	5	2.3	20	6
2016-10-09	3	2.21	12	10
2016-10-10	0	4.41	16	2
2016-10-11	0	4.82	18	5
2016-10-12	0	3.76	21	5
2016-10-13	0	4.57	20	6
2016-10-14	0	5.61	20	1
2016-10-15	0	2.36	20	5
2016-10-16	0	4.54	21	3
2016-10-17	0	3.99	21	5
2016-10-18	0	4.83	23	4
2016-10-19	0	3.87	21	5
2016-10-20	0	6.02	20	3
2016-10-21	4	3.68	20	4
2016-10-22	0	2.27	15	5
2016-10-23	0	3.87	17	7
2016-10-24	0	4.26	20	6
2016-10-25	0	4.9	18	3
2016-10-26	0	2.74	17	-1
2016-10-27	0	4.62	17	3
2016-10-28	0	2.69	14	5
2016-10-29	0	3.53	17	6
2016-10-30	0	4.38	18	0
2016-10-31	3	2.54	17	3
2016-11-01	0	3.35	21	1
2016-11-02	0	2.85	19	2
2016-11-03	0	3.35	18	6
2016-11-04	2	2.25	20	4
2016-11-05	0	2.43	17	6
2016-11-06	0	2.97	20	5
2016-11-07	0	5.35	22	3
2016-11-08	14	NULO	19	4
2016-11-09	4	NULO	10	6
2016-11-10	2	NULO	8	4
2016-11-11	1	NULO	12	4
2016-11-12	0.01	0.68	13	6
2016-11-13	0	0.98	13	5
2016-11-14	0	2.54	13	6
2016-11-15	0	2.66	16	7
2016-11-16	3.5	2.49	17	5
2016-11-17	0	1.98	17	5
2016-11-18	0	2.87	18	4
2016-11-19	1.5	1.5	11	5
2016-11-20	0	0.5	13	3
2016-11-21	0	1.84	17	-2
2016-11-22	0	4.6	19	-1
2016-11-23	0	3.96	17	-1
2016-11-24	0	2.96	17	2
2016-11-25	0	3.1	16	0
2016-11-26	0	2.82	19	0
2016-11-27	NULO	4.18	20	0
2016-11-28	0	3.74	21	2
2016-11-29	0	3.5	22	4
2016-11-30	0	5.45	21	2
2016-12-01	0	3.22	21	3
2016-12-02	0	3.49	20	2
2016-12-03	0	2.97	21	1
2016-12-04	0	3.92	21	2
2016-12-05	0	6.3	21	5
2016-12-06	0	4.81	20	-3
2016-12-07	0	4.7	20	-1
2016-12-08	0	3.71	21	0
2016-12-09	0	3.16	13	3
2016-12-10	0	3.12	17	4
2016-12-11	0	3.86	19	0
2016-12-12	0	2.77	22	0
2016-12-13	0	2.84	21	1
2016-12-14	0	4.04	22	-2
2016-12-15	0	3.1	19	2
2016-12-16	0.01	4.19	20	2
2016-12-17	0	4.32	19	3
2016-12-18	7	1.89	20	4
2016-12-19	0	3.64	18	2
2016-12-20	0	2.76	17	1
2016-12-21	0	4.9	18	0
2016-12-22	0	2.8	18	2
2016-12-23	0	2.52	19	2
2016-12-24	0	5.54	21	1
2016-12-25	0	3.15	20	2
2016-12-26	0	2.62	20	3
2016-12-27	0	3.15	18	2
2016-12-28	0	3.35	20	4
2016-12-29	0.01	3.29	19	6
2016-12-30	0	1.6	14	6
2016-12-31	0	2.58	17	-1
2017-01-01	0	5.92	17	3
2017-01-02	0	4.07	22	0
2017-01-03	0	5.02	23	0
2017-01-04	0	3.68	22	0
2017-01-05	0	4.64	23	1
2017-01-06	0	4.9	23	1
2017-01-07	0	4.58	14	0
2017-01-08	0	4.74	15	-1
2017-01-09	4	4	19	0
2017-01-10	0	3.7	18	-6
2017-01-11	0	3.29	20	-4
2017-01-12	0	5.11	20	-3
2017-01-13	0	5.16	21	-4
2017-01-14	0	3.09	18	0
2017-01-15	0	3.86	18	-3
2017-01-16	0	3.94	22	0
2017-01-17	0	3.99	19	1
2017-01-18	0	2.96	20	-1
2017-01-19	0	7.71	20	2
2017-01-20	0	4.88	20	1
2017-01-21	0	7.03	20	2
2017-01-22	0	6.35	20	1
2017-01-23	0	5.26	21	-5
2017-01-24	0	6.43	22	0
2017-01-25	0	4.19	22	0
2017-01-26	0	4.17	23	-1
2017-01-27	0	5.66	24	-3
2017-01-28	0	3.67	20	-4
2017-01-29	0	2.65	17	2
2017-01-30	0	3.17	18	-7
2017-01-31	0	3.23	19	-5
2017-02-01	6	3.8	21	1
2017-02-02	0	4.32	17	-3
2017-02-03	0	5.77	19	-3
2017-02-04	0	3.5	18	3
2017-02-05	0	4.85	20	0
2017-02-06	0	4.8	20	0
2017-02-07	0	4.89	22	1
2017-02-08	0	6.06	23	0
2017-02-09	0	4.52	19	-2
2017-02-10	0	6.55	21	-2
2017-02-11	0	4.82	22	-4
2017-02-12	0	5.78	24	1
2017-02-13	0.01	5.48	22	0
2017-02-14	0	6.91	23	2
2017-02-15	0	6.94	22	-3
2017-02-16	0	6.2	21	0
2017-02-17	0	6.44	19	1
2017-02-18	0	6.6	21	-2
2017-02-19	0	6.23	20	2
2017-02-20	0	4.26	20	3
2017-02-21	0	5.34	20	0
2017-02-22	0	5.77	21	1
2017-02-23	0	6.2	22	-3
2017-02-24	0	1.03	22	-2
2017-02-25	0	5.73	22	-1
2017-02-26	0	6.75	23	-1
2017-02-27	0	6.8	25	1
2017-02-28	0	5.91	25	2
2017-03-01	0	4.53	24	5
2017-03-02	0	6.24	20	5
2017-03-03	0.01	4.08	17	5
2017-03-04	2	5.62	19	5
2017-03-05	0	3.76	20	6
2017-03-06	0	6.18	22	2
2017-03-07	0	5.81	22	0
2017-03-08	0	5.31	20	3
2017-03-09	2	4.43	21	2
2017-03-10	0	5.57	20	3
2017-03-11	0.01	4.87	20	3
2017-03-12	8	2.03	19	2
2017-03-13	0.01	5.97	20	1
2017-03-14	0.01	3.53	22	3
2017-03-15	4	5.44	21	1
2017-03-16	12	3.99	20	0
2017-03-17	0	7.49	20	1
2017-03-18	0	6.12	20	0
2017-03-19	0	5.36	19	1
2017-03-20	0	7.01	21	-1
2017-03-21	0	4.58	22	1
2017-03-22	0	8.9	22	0
2017-03-23	0	7.1	23	0
2017-03-24	0.01	6.69	25	4
2017-03-25	0.01	8.24	24	5
2017-03-26	2	7.2	24	5
2017-03-27	0	6.67	24	4
2017-03-28	0	7.99	24	3
2017-03-29	0	8.5	25	3
2017-03-30	0	6.12	23	2
2017-03-31	0	9.03	24	2
2017-04-01	0	1.06	25	3
2017-04-02	0	1.13	26	4
2017-04-03	0	8.9	26	-3
2017-04-04	0	1.06	27	2
2017-04-05	0	8.32	26	3
2017-04-06	0	5.48	25	4
2017-04-07	0	8.35	26	3
2017-04-08	0	7.7	25	4
2017-04-09	0	9.6	26	6
2017-04-10	0	1.01	26	5
2017-04-11	0.01	6.45	24	5
2017-04-12	0	7.89	23	6
2017-04-13	0	7.75	23	4
2017-04-14	0.01	4.26	23	3
2017-04-15	1	5.79	24	5
2017-04-16	0.01	4.18	22	4
2017-04-17	1.5	5.13	24	4
2017-04-18	5	5.98	21	5
2017-04-19	0	6.06	20	0
2017-04-20	0	6.73	22	0
2017-04-21	0	6.8	25	2
2017-04-22	0	6.85	24	4
2017-04-23	0	6.87	25	3
2017-04-24	0	8.95	24	3
2017-04-25	0	1.1	24	6
2017-04-26	0	1.22	25	7
2017-04-27	0	6.53	26	4
2017-04-28	0	1.01	24	4
2017-04-29	0	1.19	27	6
2017-04-30	0	1	27	2
2017-05-01	0	7.82	27	2
2017-05-02	0.01	7.98	26	6
2017-05-03	0	7.85	27	7
2017-05-04	0	7.11	23	8
2017-05-05	0	6.91	23	7
2017-05-06	0	6.98	24	3
2017-05-07	4	6.09	25	6
2017-05-08	0	4.39	25	7
2017-05-09	11	8.69	24	7
2017-05-10	0	5.33	26	7
2017-05-11	0	7	27	8
2017-05-12	13	8.41	25	5
2017-05-13	0	7.14	27	7
2017-05-14	4	5.34	24	10
2017-05-15	0	7.38	26	9
2017-05-16	0	8.31	27	7
2017-05-17	0	7.55	28	10
2017-05-18	0	8.34	29	9
2017-05-19	0	11.37	28	9
2017-05-20	0	9.11	29	8
2017-05-21	0	6.15	27	11
2017-05-22	0	1.06	28	8
2017-05-23	0	1.02	29	8
2017-05-24	1	5.85	27	9
2017-05-25	1.5	6.76	27	10
2017-05-26	0	8.79	27	8
2017-05-27	0	7.19	27	5
2017-05-28	0	9.34	27	6
2017-05-29	0.01	7.5	24	10
2017-05-30	0	5.56	23	6
2017-05-31	0	5.35	21	7
2017-06-01	0	6.09	24	6
2017-06-02	0.01	6.75	26	7
2017-06-03	8	3.25	23	6
2017-06-04	0.01	8.06	29	6
2017-06-05	0	4.63	26	7
2017-06-06	0.01	8.13	26	7
2017-06-07	0	4.08	26	10
2017-06-08	29	8.03	24	10
2017-06-09	0.01	5.33	25	7
2017-06-10	36	9.74	24	8
2017-06-11	0	5.39	25	9
2017-06-12	0	8.2	25	10
2017-06-13	0	8.07	25	6
2017-06-14	0	5.5	12	9
2017-06-15	0	7.39	24	8
2017-06-16	0	7.09	25	6
2017-06-17	0	6.91	26	6
2017-06-18	0	3.54	24	4
2017-06-19	0	11.27	24	6
2017-06-20	0	7.69	23	6
2017-06-21	0	6.44	22	4
2017-06-22	0	6.66	26	6
2017-06-23	0	9.03	26	5
2017-06-24	17	5.86	21	9
2017-06-25	0	7.91	23	9
2017-06-26	3	7.39	21	10
2017-06-27	4	5.81	21	10
2017-06-28	0.01	6.98	20	6
2017-06-29	20	5.85	22	5
2017-06-30	11	NULO	26	7
2017-07-01	17	4.6	18	8
2017-07-02	0	4.75	20	10
2017-07-03	0.01	4.62	21	10
2017-07-04	4	3.13	20	8
2017-07-05	0.01	4.8	20	6
2017-07-06	0	6.49	19	7
2017-07-07	0	4.21	17	8
2017-07-08	2	2.45	17	9
2017-07-09	0.01	2	16	9
2017-07-10	10	4.1	16	10
2017-07-11	4	2.56	18	10
2017-07-12	3	3.79	18	9
2017-07-13	0.01	3.3	21	10
2017-07-14	0	8.18	21	10
2017-07-15	0	5.77	21	6
2017-07-16	0	4.54	22	6
2017-07-17	0	5.05	20	6
2017-07-18	2	4.61	22	7
2017-07-19	8	6.07	20	8
2017-07-20	0	7.27	21	7
2017-07-21	0	6	20	6
2017-07-22	0	4.66	20	7
2017-07-23	11	3.94	20	9
2017-07-24	0	4.01	19	8
2017-07-25	8	2.43	20	7
2017-07-26	3	3.29	21	9
2017-07-27	1.5	2.49	21	9
2017-07-28	0	5.39	21	8
2017-07-29	4	3.75	22	7
2017-07-30	0	7.27	22	5
2017-07-31	0	6.15	22	4
2017-08-01	0	4.8	21	4
2017-08-02	3	6.6	23	6
2017-08-03	0	6.4	22	8
2017-08-04	0	5.3	23	8
2017-08-05	0	4.8	21	9
2017-08-06	0	6	22	6
2017-08-07	0	4.6	21	6
2017-08-08	0	4	20	4
2017-08-09	4	4	24	5
2017-08-10	3	3	17	6
2017-08-11	0	5.2	19	6
2017-08-12	0	4.7	21	8
2017-08-13	0	3.7	22	8
2017-08-14	2	4.1	22	6
2017-08-15	0	3.9	22	8
2017-08-16	10	4.3	21	7
2017-08-17	5	3.3	20	10
2017-08-18	0	4.4	20	9
2017-08-19	0	5.1	20	7
2017-08-20	0	3.5	21	6
2017-08-21	0	4.3	21	7
2017-08-22	0	5.1	19	7
2017-08-23	0	4.1	20	6
2017-08-24	0	3.8	21	6
2017-08-25	0	4.9	23	4
2017-08-26	0	3.9	22	7
2017-08-27	0	3.2	22	9
2017-08-28	0	4.4	21	5
2017-08-29	7	6	22	6
2017-08-30	0	3.9	17	7
2017-08-31	4	2.3	18	9
2017-09-01	1	5.6	17	7
2017-09-02	0	0.7	17	9
2017-09-03	1.5	2.6	16	8
2017-09-04	9	4.6	18	10
2017-09-05	19	3.5	20	10
2017-09-06	1.5	3.2	15	9
2017-09-07	0	3.1	17	9
2017-09-08	3	1.9	16	5
2017-09-09	0	3.2	15	6
2017-09-10	2.5	2.3	13	9
2017-09-11	0	2.9	17	7
2017-09-12	0	4.6	19	0
2017-09-13	0	5.3	21	1
2017-09-14	0	5	22	3
2017-09-15	0	4.3	22	5
2017-09-16	0	5	20	3
2017-09-17	0	3.5	22	0.5
2017-09-18	0.01	3.1	23	6
2017-09-19	0	4.9	22	7
2017-09-20	0	5.5	21	7
2017-09-21	0	5.3	22	6
2017-09-22	22	4.2	22	7
2017-09-23	13	3.1	20	5
2017-09-24	30	3.2	20	6
2017-09-25	0	3.9	21	9
2017-09-26	23	2.3	20	9
2017-09-27	0.01	3.5	20	10
2017-09-28	2	2.8	19	11
2017-09-29	1	2	15	10
2017-09-30	2	2	15	9
2017-10-01	3	2.3	17	9
2017-10-02	10	3.1	17	9
2017-10-03	0.01	0.9	15	9
2017-10-04	3	0.8	15	9
2017-10-05	0.01	2.1	16	8
2017-10-06	0.01	2.7	18	7
2017-10-07	0	2.4	20	3
2017-10-08	0	1.5	21	3
2017-10-09	0	3.4	21	5
2017-10-10	0	3.9	22	7
2017-10-11	2	2.4	14	7
2017-10-12	0.01	3.1	18	6
2017-10-13	0	5.1	17	4
2017-10-14	0	4.1	17	7
2017-10-15	0	2.9	19	6
2017-10-16	2.5	1.4	14	5
2017-10-17	0	5	16	6
2017-10-18	0	2.3	21	6
2017-10-19	0	4.8	21	3
2017-10-20	0	3.5	22	3
2017-10-21	0	3.4	23	3
2017-10-22	0	4.8	22	5
2017-10-23	1.5	2.5	15	4
2017-10-24	2	4.5	14	0
2017-10-25	0	2.7	12	4
2017-10-26	0	4.1	19	-2
2017-10-27	0	3.7	20	1
2017-10-28	0	2.8	19	0
2017-10-29	0	2.6	20	1
2017-10-30	0	3.6	21	3
2017-10-31	9	2.6	21	6
2017-11-01	0	1.95	23	6
2017-11-02	0	5.35	22	9
2017-11-03	0	5.35	21	4
2017-11-04	0	3.52	20	0
2017-11-05	0	3.81	20	-1
2017-11-06	0	3.88	22	-1
2017-11-07	0	4.24	22	-3
2017-11-08	0	5.7	21	-3
2017-11-09	0	3.88	19	0
2017-11-10	0	2.19	19	1
2017-11-11	0	4.18	20	6
2017-11-12	0	3.22	19	2
2017-11-13	0	4.52	17	6
2017-11-14	0	3.5	17	3
2017-11-15	0	5.45	19	-1
2017-11-16	0	2.5	19	-3
2017-11-17	0	5.47	20	-3
2017-11-18	0.01	0.98	19	-1
2017-11-19	0	2.92	21	3
2017-11-20	0	2.61	22	3
2017-11-21	0	4.24	19	2
2017-11-22	0	4.27	19	3
2017-11-23	0	2.48	15	-3
2017-11-24	0	5.27	18	-6
2017-11-25	0	4.32	21	-5
2017-11-26	0	2.09	17	-5
2017-11-27	0	1.92	16	-3
2017-11-28	0	4.56	19	-5
2017-11-29	0	4.32	17	-5
2017-11-30	0	2.74	16	-4
2017-12-01	0	1.49	17	-6
2017-12-02	0	3.47	18	-4
2017-12-03	0	2.92	19	-2
2017-12-04	0	3.41	22	-1
2017-12-05	0	2.41	21	2
2017-12-06	0	4.4	20	1
2017-12-07	0	3.82	20	0
2017-12-08	0	3.78	17	-2
2017-12-09	0	3.12	18	-3
2017-12-10	0	3.1	12	-5
2017-12-11	0	2.77	10	-10
2017-12-12	0	1.73	15	-10
2017-12-13	0	4.58	15	-7
2017-12-14	0	3.7	19	-6
2017-12-15	0	2.48	17	-4
2017-12-16	0	4.62	18	-2
2017-12-17	0	2.41	21	1
2017-12-18	0	3.11	21	2
2017-12-19	0	3.38	20	1
2017-12-20	0	2.65	21	1
2017-12-21	0	4.27	20	1
2017-12-22	0	2.78	21	2
2017-12-23	0	2.35	16	1
2017-12-24	0	3.15	20	0
2017-12-25	0	4.11	19	-1
2017-12-26	0	4.24	20	0
2017-12-27	0	3.11	18	-2
2017-12-28	0	3.19	18	-2
2017-12-29	0	2.67	19	3
2017-12-30	0	3.81	18	-1
2017-12-31	0	3.79	17	1
2018-01-01	0	3.09	18	-3
2018-01-02	0	2.96	20	-4
2018-01-03	0	3	19	0
2018-01-04	0	4.05	20	-2
2018-01-05	0	4.3	18	0
2018-01-06	0	2.48	17	-1
2018-01-07	0	5.28	20	-4
2018-01-08	0	4.09	16	-1
2018-01-09	0	3.75	20	-6
2018-01-10	0	4.3	21	-3
2018-01-11	0	3.52	20	-1
2018-01-12	0	3.93	18	2
2018-01-13	0	4.25	13	-6
2018-01-14	0	3.29	13	-8
2018-01-15	0	2.79	13	-4
2018-01-16	0	2.7	15	-8
2018-01-17	0	4.35	12	-3
2018-01-18	0	1.72	17	-3
2018-01-19	0	3.85	18	-4
2018-01-20	0	3.82	19	-3
2018-01-21	0	3.45	19	-4
2018-01-22	0	4.35	20	-3
2018-01-23	0	4.09	18	0
2018-01-24	0	3.12	14	1
2018-01-25	0	2.48	14	1
2018-01-26	0	4.79	16	1
2018-01-27	0	3.41	18	0
2018-01-28	0	1.86	12	3.5
2018-01-29	0.01	0.35	15	3
2018-01-30	0	2.6	7	-4
2018-01-31	0	2.6	15	-4
2018-02-01	0	4.68	20	-1
2018-02-02	1	5.52	18	-1
2018-02-03	0	3.57	20	-1
2018-02-04	0	4.85	21	2.5
2018-02-05	1.5	5.2	21	1
2018-02-06	1	4.41	22	4
2018-02-07	0.01	5.17	19	2
2018-02-08	0	3.55	20	-1
2018-02-09	0.01	1.4	15	1
2018-02-10	0	1.34	14	4
2018-02-11	4	2.96	17	1
2018-02-12	2	3.94	18	2
2018-02-13	0	3.9	19	3
2018-02-14	0	4.25	21	2
2018-02-15	0	5.09	22	3
2018-02-16	0	5.36	23	3
2018-02-17	0	6.11	22	-3
2018-02-18	0	6.7	21	0
2018-02-19	0.01	5.81	19	4
2018-02-20	0	5.81	21	6
2018-02-21	0	4.31	22	3
2018-02-22	0.01	5.41	22	2
2018-02-23	0.01	4.6	22	2
2018-02-24	0.01	7.25	23	4
2018-02-25	0	5.03	23	3
2018-02-26	0.01	4.95	22	4
2018-02-27	0	4.59	24	4
2018-02-28	0	4.84	23	5
2018-03-01	0	5.46	24	5
2018-03-02	0	4.55	19	6
2018-03-03	0	4.84	22	0
2018-03-04	0	3.71	24	0
2018-03-05	0	5.75	24	3
2018-03-06	0.01	6.76	24	4
2018-03-07	0.01	6.02	19	2
2018-03-08	0	7.49	21	3
2018-03-09	0	7.21	23	4
2018-03-10	NULO	6.48	25	2
2018-03-11	0	7.71	26	4
2018-03-12	0	6.1	21	4
2018-03-13	0	7.8	25	3
2018-03-14	0	6.1	23	4
2018-03-15	0	8.1	24	1
2018-03-16	0	7.74	24	5
2018-03-17	0	7.68	25	4
2018-03-18	0	6.87	25	3
2018-03-19	0	8.16	25	3
2018-03-20	0	5.65	25	1
2018-03-21	0	7.5	25	1
2018-03-22	0	7.19	22	3
2018-03-23	0	7.1	23	4
2018-03-24	0	8.8	25	4
2018-03-25	0	5.75	24	3
2018-03-26	0	7.48	26	6
2018-03-27	0	6.87	27	4
2018-03-28	0	7.24	27	5
2018-03-29	0	7.57	25	1
2018-03-30	0	7.09	21	5
2018-03-31	0	7.8	23	4
2018-04-01	0	7	24	0
2018-04-02	0	5.84	24	3
2018-04-03	0	6.74	25	6
2018-04-04	0.01	6.36	22	3
2018-04-05	0	6.93	25	4
2018-04-06	0.01	6.82	24	5
2018-04-07	0	6.54	24	7
2018-04-08	0	9.12	21	4
2018-04-09	0	7.9	25	4
2018-04-10	2	4.7	21	6
2018-04-11	11.5	8.26	21	4
2018-04-12	0	5.69	22	6
2018-04-13	0	5.81	22	6
2018-04-14	0	5.79	23	6
2018-04-15	0	6.68	23	5
2018-04-16	0	6.52	22	0
2018-04-17	0	7.11	23	2
2018-04-18	0	6.52	26	2
2018-04-19	0	7.56	24	3
2018-04-20	0	9.42	25	3
2018-04-21	0	6.54	26	3
2018-04-22	4.5	5.29	25	7
2018-04-23	0.01	7.54	26	5
2018-04-24	0.01	6.57	26	7
2018-04-25	0	5.9	25	6
2018-04-26	0	5.97	26	6
2018-04-27	0	7.14	26	6
2018-04-28	0	7.33	25	4
2018-04-29	0	5.81	25	4
2018-04-30	2	7.13	25	6
2018-05-01	2	6.63	24	5
2018-05-02	0	6.1	25	5
2018-05-03	3	5.13	26	6
2018-05-04	7	6.17	24	8
2018-05-05	0	5.54	23	9
2018-05-06	0	4.81	22	7
2018-05-07	0	4.65	20	5
2018-05-08	0	4.35	21	6
2018-05-09	0	4.2	23	2
2018-05-10	0.01	6.62	23	6
2018-05-11	0	8.6	24	5
2018-05-12	0	8.34	26	3
2018-05-13	0	1.09	26	7
2018-05-14	0	8.67	25	4
2018-05-15	0	9.18	26	7
2018-05-16	0.01	5.71	26	4
2018-05-17	0	8.18	25	7
2018-05-18	4.5	6.25	26	6
2018-05-19	0	9.46	28	8
2018-05-20	0	7.18	28	7
2018-05-21	1.5	5.57	23	5
2018-05-22	0	6.5	26	6
2018-05-23	0	6.4	26	6
2018-05-24	0	6.81	26	5
2018-05-25	0	6.88	25	6
2018-05-26	0	8.85	27	4
2018-05-27	0	1.1	28	2
2018-05-28	0	9.88	30	5
2018-05-29	0	1.23	30	6
2018-05-30	0	1.04	28	9
2018-05-31	0	7.84	26	3
2018-06-01	0	1.01	26	3
2018-06-02	0	9	24	5
2018-06-03	0	9.67	23	8
2018-06-04	0	7.56	25	5
2018-06-05	0	8.06	26	4
2018-06-06	0	7.81	26	6
2018-06-07	0	9.57	24	2
2018-06-08	0	9.04	25	4
2018-06-09	0.01	7.1	23	5
2018-06-10	0	NULO	23	9
2018-06-23	13	NULO	21	8
2018-06-24	0	5.15	22	8
2018-06-25	16	6.75	19	9
2018-06-26	0.01	2.77	20	9
2018-06-27	0	5.09	20	10
2018-06-28	0	3.95	19	9
2018-06-29	1	3.58	21	8
2018-06-30	0	5.94	21	7
2018-07-01	0	6.15	21	8
2018-07-02	0	4.2	21	9
2018-07-03	5	4.6	19	8
2018-07-04	0	7.06	20	5
2018-07-05	0	6.31	21	5
2018-07-06	0	4.43	17	6
2018-07-07	0	4.43	19	9
2018-07-08	8	3.49	20	7
2018-07-09	0	3.85	21	8
2018-07-10	0	3.85	20	8
2018-07-11	0	4.37	19	7
2018-07-12	0	4.76	20	5
2018-07-13	0	3.9	21	5
2018-07-14	1	5.4	20	8
2018-07-15	0	6.3	20	7
2018-07-16	0	6.25	21	9
2018-07-17	0	4.98	22	8
2018-07-18	0	4.31	22	7
2018-07-19	0	4.86	21	5
2018-07-20	0.01	4.05	22	4
2018-07-21	0	7.66	23	7
2018-07-22	0	4.88	23	3
2018-07-23	0	6.61	25	5
2018-07-24	0	6.52	24	6
2018-07-25	0	6.88	23	5
2018-07-26	0	7.08	24	5
2018-07-27	18	6.32	23	6
2018-07-28	0	3.85	23	8
2018-07-29	0	4.01	21	6
2018-07-30	0	4.97	23	5
2018-07-31	0	5.91	22	4
2018-08-01	0	1.07	21	7
2018-08-02	0	5.21	21	8
2018-08-03	0.01	2.2	20	5
2018-08-04	4.3	1.39	18	4
2018-08-05	0	1.75	16	9
2018-08-06	0.01	4.45	18	9
2018-08-07	0	3.6	21	8
2018-08-08	0	3.92	20	9
2018-08-09	1.5	4.3	22	5
2018-08-10	0.01	4.33	20	5
2018-08-11	40	5.24	23	6
2018-08-12	1	2.96	19	9
2018-08-13	2	3.29	19	9
2018-08-14	0	7.06	21	7
2018-08-15	0	3.32	21	9
2018-08-16	8.5	4.18	20	10
2018-08-17	0	4.38	21	5
2018-08-18	0	4.6	21	6
2018-08-19	0	5.1	22	6
2018-08-20	0	5.24	23	5
2018-08-21	0	6.15	21	6
2018-08-22	14	4.39	23	5
2018-08-23	0	4.68	22	4
2018-08-24	9	4.95	21	5
2018-08-25	0	5.59	21	5
2018-08-26	0	6.07	21	7
2018-08-27	0	3.27	22	4
2018-08-28	0	3.8	19	6
2018-08-29	7	3.75	19	7
2018-08-30	0	5.38	20	7
2018-08-31	1	4.14	23	6
2018-09-01	0	4.71	21	8
2018-09-02	7.5	3.92	22	9
2018-09-03	0	4.26	22	7
2018-09-04	0	4.16	21	6
2018-09-05	0	4.81	22	5
2018-09-06	0	4.03	21	4
2018-09-07	2	3.76	19	7
2018-09-08	0	4.21	21	8
2018-09-09	0.01	3.79	21	10
2018-09-10	0.01	3.63	22	8
2018-09-11	17	6.77	21	7
2018-09-12	0	3.87	20	8.5
2018-09-13	7	3.17	21	7
2018-09-14	0.01	4.6	19	8
2018-09-15	0.01	5.4	20	6
2018-09-16	1.5	4.31	19	8
2018-09-17	0	4.79	19	10
2018-09-18	0.01	4.22	20	10
2018-09-19	4	1.25	21	9
2018-09-20	0	3.61	22	10
2018-09-21	30	0.9	22	5
2018-09-22	0	5.36	21	7
2018-09-23	0	4.84	20	9
2018-09-24	0	3.93	20	5
2018-09-25	0	3.89	21	7
2018-09-26	1	3.73	20	8
2018-09-27	0	4.02	19	9
2018-09-28	0	3.33	20	9
2018-09-29	0	4.55	21	9
2018-09-30	0	4.73	21	9
2018-10-01	0	5.22	20	8
2018-10-02	0.01	3.43	21	7
2018-10-03	1	2.6	19	6
2018-10-04	0	3.94	19	7
2018-10-05	0	3.62	21	7
2018-10-06	3	3.46	20	5
2018-10-07	2	3.42	21	8
2018-10-08	0	5.04	21	7
2018-10-09	2	3.47	22	7
2018-10-10	0	2.45	20	7
2018-10-11	0	3.18	21	8
2018-10-12	0	3.39	20	4
2018-10-13	9	2.38	22	6.5
2018-10-14	19	4	20	10
2018-10-15	0	3.42	19	7
2018-10-16	1.5	3.42	15	6
2018-10-17	0.01	2.2	16	8
2018-10-18	0	3.06	16	7
2018-10-19	0	4.46	16	6
2018-10-20	2	1.55	16	7
2018-10-21	1.5	2.03	13	9
2018-10-22	0	2.6	18	8
2018-10-23	6	2.79	20	8
2018-10-24	0	3	21	7
2018-10-25	20.5	5.25	20	8
2018-10-26	1	2.75	23	6
2018-10-27	1	2.25	13	8
2018-10-28	0	3.4	15	4
2018-10-29	0	2.2	16	7
2018-10-30	0	1.52	20	8
2018-10-31	3	3.28	21	5
2018-11-01	2	2.65	18	7
2018-11-02	10	3.09	16	8
2018-11-03	11	1.6	16	6
2018-11-04	5	2.16	11	7
2018-11-05	0	3.9	19	5
2018-11-06	0	2.3	20	3
2018-11-07	0	4.74	22	5
2018-11-08	0	2.26	21	2
2018-11-09	0	4.65	21	3
2018-11-10	0	3.09	20	7
2018-11-11	12	1.81	20	6
2018-11-12	0	3.83	20	-1
2018-11-13	1	1.47	15	-2
2018-11-14	0	1.77	7	-4
2018-11-15	0	0.73	14	-2
2018-11-16	0	3.31	17	-3
2018-11-17	0	2.65	19	1
2018-11-18	0	2.54	19	1
2018-11-19	0	3.04	20	1
2018-11-20	0	2.91	18	-1
2018-11-21	0	3.31	21	5
2018-11-22	0	3.46	22	1
2018-11-23	0	3.37	21	3
2018-11-24	0	4.68	21	4
2018-11-25	0	2.55	22	3
2018-11-26	0	1.67	21	3
2018-11-27	0.01	2.03	18	2
2018-11-28	5	1.58	13	3
2018-11-29	13	2.52	12	6
2018-11-30	0	4.32	18	4
2018-12-01	0	3.08	20	3
2018-12-02	0	2.6	NULO	NULO
2018-12-03	0	3.45	NULO	NULO
2018-12-04	0	3.96	NULO	NULO
2018-12-05	0	1.99	18	1
2018-12-06	0	2.13	20	3
2018-12-07	0.01	1.29	19	2
2018-12-08	0	4.03	20	4
2018-12-09	0	3.5	17	1
2018-12-10	0	3.33	11	4
2018-12-11	0	0.46	16	2
2018-12-12	0	2.07	17	-1
2018-12-13	0	3.64	18	4
2018-12-14	3	1.98	17	0
2018-12-15	0	3.57	15	-6
2018-12-16	0	4.1	17	-5
2018-12-17	0	2.73	19	-3
2018-12-18	0	2.76	20	0
2018-12-19	0	4.71	20	-1
2018-12-20	0	3.5	17	-4
2018-12-21	0	3.3	17	-8
2018-12-22	0	3.05	18	-5
2018-12-23	0	2.75	19	-2
2018-12-24	0	2.9	20	-5
2018-12-25	0	2.4	21	-3
2018-12-26	0	1.2	19	-8
2018-12-27	0	7.34	20	-5
2018-12-28	0	5	18	-7
2018-12-29	0	4.17	21	-3
2018-12-30	0	4.98	22	-2
2018-12-31	0	3.8	19	4
2019-01-01	0	4.63	19	-1
2019-01-02	0	3.63	17	2
2019-01-03	0	4.98	17	0
2019-01-04	0	4.55	20	-2
2019-01-05	0	4.54	20	-1
2019-01-06	0	4.72	21	-1
2019-01-07	0	2.23	20	-4
2019-01-08	0	3.86	19	-4
2019-01-09	0	2.69	20	-3
2019-01-10	0	5.08	19	-3
2019-01-11	2	2.7	19	2
2019-01-12	1.5	2.27	21	5
2019-01-13	0	3.2	19	3
2019-01-14	0	2.79	17	5
2019-01-15	0	2.84	16	0
2019-01-16	0	2.62	18	0
2019-01-17	0	3.25	20	3
2019-01-18	0	2.65	19	2
2019-01-19	0	6.28	19	1
2019-01-20	0	3.93	21	3
2019-01-21	0	2.85	20	-5
2019-01-22	0	3.61	22	-2
2019-01-23	0	5.89	20	-4
2019-01-24	0	3.9	20	-1
2019-01-25	0	2.56	21	-1
2019-01-26	0	3.69	19	-1
2019-01-27	0	5.21	20	-2
2019-01-28	0	3.32	18	-4
2019-01-29	0	3.58	17	-3
2019-01-30	0	4.55	19	-5
2019-01-31	0	5.68	19	-2
2019-02-01	0	4.09	20	-1
2019-02-02	0	4.15	21	2
2019-02-03	0	3.82	22	0
2019-02-04	0	5.59	22	1
2019-02-05	0	3.85	24	1
2019-02-06	0	5.9	24	4
2019-02-07	0	6.87	24	2
2019-02-08	0	5.17	19	0
2019-02-09	0	3.25	22	3
2019-02-10	0	3.47	22	-1
2019-02-11	0	4.18	21	3
2019-02-12	0	4.75	16	3
2019-02-13	0	5.17	19	1
2019-02-14	0	5.26	23	3
2019-02-15	0	7.85	24	4
2019-02-16	0	6.39	26	4
2019-02-17	0	8.84	26	6
2019-02-18	0	8.51	27	4
2019-02-19	0	8.51	24	1
2019-02-20	0	7.77	23	-2
2019-02-21	0	9.15	23	-2
2019-02-22	0	5.88	23	4
2019-02-23	0	6.02	21	5
2019-02-24	0	5.25	22	3
2019-02-25	0	4.8	25	3
2019-02-26	0.01	5.2	21	3
2019-02-27	0	6.8	24	2
2019-02-28	0	7.2	24	3
2019-03-01	0	7.74	NULO	NULO
2019-03-02	0	9.76	26	2
2019-03-03	0	6.24	27	7
2019-03-04	0	8.03	25	3
2019-03-05	0	4.52	25	3
2019-03-06	0	4.45	23	3
2019-03-07	7	4.45	25	5.5
2019-03-08	0	9.22	25	4
2019-03-09	0	7.61	26	7
2019-03-10	0	7.11	27	6
2019-03-11	0	8.35	25	5
2019-03-12	0	6.38	27	6
2019-03-13	0	7.94	25	4
2019-03-14	0	8.53	27	5
2019-03-15	0	5.42	21	7
2019-03-16	0	2.3	22	5
2019-03-17	0	4.5	22	0
2019-03-18	0	4.72	21	4
2019-03-19	0.01	3.7	20	4
2019-03-20	0	4.94	23	3
2019-03-21	0	7.85	24	3
2019-03-22	0.01	6.25	22	1
2019-03-23	0	6.72	21	4
2019-03-24	0	6.72	24	3
2019-03-25	0	7.27	25	1
2019-03-26	0	7.61	22	-1
2019-03-27	0	6.73	22	1
2019-03-28	0	7.18	24	-3
2019-03-29	0	8.13	26	2
2019-03-30	0	8.05	25	5
2019-03-31	0	6.81	25	6
2019-04-01	NULO	8.1	NULO	NULO
2019-04-02	0	6.6	25	-1
2019-04-03	0	7.8	24	5
2019-04-04	0	7.7	24	5
2019-04-05	0	7.4	25	5
2019-04-06	0	6.4	22	8
2019-04-07	0	6.5	23	7
2019-04-08	2	7.3	24	2
2019-04-09	0	7	25	1
2019-04-10	0	7.7	24	1
2019-04-11	0	6.8	25	4
2019-04-12	0	1.54	25	4
2019-04-13	0	1.08	24	1
2019-04-14	0	6.1	22	0
2019-04-15	0	8.3	25	1
2019-04-16	0	8	27	3
2019-04-17	0	9	27	8
2019-04-18	0	9.3	26	8
2019-04-19	0	3.9	21	4
2019-04-20	0	4.6	19	0
2019-04-21	0	1.11	26	3
2019-04-22	0	8.4	28	7
2019-04-23	0.01	1.05	NULO	NULO
2019-04-24	0	5.6	26	5
2019-04-25	0	6	24	3
2019-04-26	0	7	24	5
2019-04-27	0	7.8	25	3
2019-04-28	0	8.3	26	4
2019-04-29	0.01	7.5	29	7
2019-04-30	25	9.9	26	6
2019-05-01	0.01	8.15	25	5
2019-05-02	0	10.59	26	6
2019-05-03	0	9.56	28	7
2019-05-04	0	5.93	25	7
2019-05-05	0	6.01	25	6
2019-05-06	1.4	8.66	26	4
2019-05-07	0	10.16	25	4
2019-05-08	0	14.2	28	5
2019-05-09	0	13.12	26	4
2019-05-10	0	9.21	26	1
2019-05-11	0	8.8	27	4
2019-05-12	0	9.8	28	6
2019-05-13	0	8.9	27	7
2019-05-14	0	9.9	25	6
2019-05-15	0	8.6	26	7
2019-05-16	0	8.3	27	7
2019-05-17	0	9.8	26	7
2019-05-18	0	7.6	27	10
2019-05-19	0	7.6	26	9
2019-05-20	0	8.2	28	7
2019-05-21	0	1.14	27	8
2019-05-22	0	9.8	26	9
2019-05-23	0	9.5	25	7
2019-05-24	0	10.1	25	9
2019-05-25	0	8.5	25	6
2019-05-26	0	8	25	8
2019-05-27	0	6.4	27	6
2019-05-28	0	6.4	27	9
2019-05-29	0	7	26	10
2019-05-30	0	7.7	28	10
2019-05-31	0	7.9	25	11
2019-06-01	0.01	5.7	23	10
2019-06-02	5	5.8	20	8
2019-06-03	32	0.8	23	11
2019-06-04	26	0.65	21	11
2019-06-05	27	0.25	23	10
2019-06-06	4	8.9	25	9
2019-06-07	0	5.9	26	9
2019-06-08	0	8	22	7
2019-06-09	0	9.1	24	8
2019-06-10	11	4.8	26	6
2019-06-11	0	6.8	23	9
2019-06-12	0	7.4	24	7
2019-06-13	0	6.3	22	7
2019-06-14	0	5.7	23	8
2019-06-15	0	5.4	25	7
2019-06-16	0	7.3	26	6
2019-06-17	0	8.2	26	8
2019-06-18	0	2.65	25	8
2019-06-19	18	4.3	25	10
2019-06-20	4	3.9	26	8
2019-06-21	8	5.2	25	9
2019-06-22	23	8.9	24	9
2019-06-23	3	3.5	23	10
2019-06-24	23	0.15	21	8
2019-06-25	12	4.9	16	9
2019-06-26	0.01	4.9	19	11
2019-06-27	0	3.8	20	8
2019-06-28	0	5.8	19	7
2019-06-29	0	5.4	22	6
2019-06-30	0	5.9	25	7
2019-07-01	8	3.2	30	3
2019-07-02	0	5.4	26	5
2019-07-03	18	7.3	23	5
2019-07-04	0.01	4.3	22	7
2019-07-05	0.01	3.3	21	6
2019-07-06	0	5.4	21	6
2019-07-07	0	6.2	22	7
2019-07-08	0	5.42	23	7
2019-07-09	0	6.74	20	6
2019-07-10	0	4.25	22	5
2019-07-11	19	1.75	21	7
2019-07-12	0	3.84	23	6
2019-07-13	0	5.91	22	5
2019-07-14	0	4.63	21	8
2019-07-15	15	1.3	22	7
2019-07-16	0	3.72	21	8
2019-07-17	3	5.47	20	6
2019-07-18	0	6.34	20	8
2019-07-19	0	4.97	21	7
2019-07-20	0	5.9	21	10
2019-07-21	25	4.2	22	8
2019-07-22	0	5.13	23	7
2019-07-23	0	5.34	21	7
2019-07-24	0	5.63	20	7
2019-07-25	3	4.2	18	8
2019-07-26	0	5.75	19	7
2019-07-27	0	3.85	20	8
2019-07-28	0	3.71	21	7
2019-07-29	3.5	2.62	25	5
2019-07-30	0	4.47	21	6
2019-07-31	0	4.95	21	5
2019-08-01	0	6.1	22	4
2019-08-02	NULO	5.04	22	3
2019-08-03	0	5.96	23	5
2019-08-04	0	5.63	23	5
2019-08-05	12	3.38	22	7
2019-08-06	0	5.27	21	6
2019-08-07	23	5.07	22	9
2019-08-08	0	2.57	21	10
2019-08-09	0	4.35	22	9
2019-08-10	0	3.83	21	9
2019-08-11	0.01	3.85	22	8
2019-08-12	0.01	3.45	23	7
2019-08-13	0	5.2	24	5
2019-08-14	0	4.59	24	5
2019-08-15	0	5.05	23	7
2019-08-16	0	5.13	24	6
2019-08-17	0	4.98	25	4
2019-08-18	0	5.23	24	6
2019-08-19	0	6.72	22	10
2019-08-20	0	6.28	22	7
2019-08-21	0	4.21	23	7
2019-08-22	0.01	5.51	24	10
2019-08-23	7	3.71	23	9
2019-08-24	15	4.54	25	9
2019-08-25	5	3.17	22	11
2019-08-26	11	5.7	21	10
2019-08-27	0	4.58	22	8
2019-08-28	0	5.09	21	8
2019-08-29	0	5.19	21	5
2019-08-30	0	3.47	22	5
2019-08-31	0	5.45	21	3
2019-09-01	0	3.45	21	4
2019-09-02	0	3.99	22	3
2019-09-03	0	3.12	20	7
2019-09-04	0	4.19	19	5
2019-09-05	0	2.67	19	6
2019-09-06	0	4.19	19	5
2019-09-07	0	4.21	21	5
2019-09-08	0	5.93	24	5
2019-09-09	0	5.09	23	4
2019-09-10	8	4.49	21	8
2019-09-11	0	5.5	21	6
2019-09-12	0.01	2.43	19	8
2019-09-13	1.5	3.16	20	9
2019-09-14	0.01	3.69	18	8
2019-09-15	0	4.48	21	8
2019-09-16	0	4.35	22	3
2019-09-17	0	3.63	23	5
2019-09-18	5	2.17	21	8
2019-09-19	57	1.3	22	7
2019-09-20	0	2.55	21	8
2019-09-21	0	3.55	20	7
2019-09-22	0	2.97	23	5
2019-09-23	0	2.45	21	7
2019-09-24	0.01	4.68	22	4
2019-09-25	24	2.15	21	6
2019-09-26	0	4.05	23	7
2019-09-27	0	7.3	24	6
2019-09-28	0.01	5.02	21	5
2019-09-29	6.5	2.48	19	10
2019-09-30	0.01	2.2	20	10
2019-10-01	0	2.63	21	9
2019-10-02	0	5.28	22	7
2019-10-03	0	4.94	21	7
2019-10-04	0	2.54	20	5
2019-10-05	0	4.37	20	5
2019-10-06	0	5.09	22	5
2019-10-07	2.5	2.4	19	3
2019-10-08	2	3.62	19	7
2019-10-09	0	3.84	21	8
2019-10-10	0	3.94	23	5
2019-10-11	0	5.96	23	6
2019-10-12	0	3.94	22	8
2019-10-13	0	3.73	23	4
2019-10-14	0	3.56	21	5
2019-10-15	0	3.61	21	4
2019-10-16	0	3.15	19	5
2019-10-17	13	2.75	20	4
2019-10-18	6	3.83	21	3
2019-10-19	0.5	3.14	21	8
2019-10-20	20	3.58	23	8
2019-10-21	3.5	5.49	22	7
2019-10-22	1	4.33	21	6
2019-10-23	1	2.12	18	3
2019-10-24	0	4.7	20	4
2019-10-25	10	2.9	21	4
2019-10-26	0	2.1	18	6
2019-10-27	9.5	3.48	21	6
2019-10-28	0	3.34	22	6
2019-10-29	0	2.94	22	8
2019-10-30	30	2.99	22	9
2019-10-31	0	4.25	14	10
2019-11-01	0	3.45	18	4
2019-11-02	0	2.85	15	3
2019-11-03	0	2.57	18	4
2019-11-04	0	2.88	21	4
2019-11-05	0	4.5	20	5
2019-11-06	0	2.3	18	7
2019-11-07	0	3.95	21	3
2019-11-08	0	3.17	19	6
2019-11-09	0	3.89	19	7
2019-11-10	0	4.22	22	7
2019-11-11	3	3.26	22	4
2019-11-12	2.5	2.95	17	8
2019-11-13	0	2.77	16	4
2019-11-14	0	2.33	18	5
2019-11-15	NULO	3.29	19	5
2019-11-16	0	4.18	19	4
2019-11-17	0	4.33	20	4
2019-11-18	0	2.73	21	3
2019-11-19	0	5.94	21	3
2019-11-20	4	3.18	21	4
2019-11-21	0	3.43	22	5
2019-11-22	0	3.53	23	6
2019-11-23	0	4.71	21	4
2019-11-24	0	2.58	22	3
2019-11-25	0	3.46	23	4
2019-11-26	0	3.54	26	5
2019-11-27	0	4.6	23	6
2019-11-28	0	4.25	22	4
2019-11-29	1	3.05	22	2
2019-11-30	0	4.52	23	3
2019-12-01	0	4.18	21	4
2019-12-02	0	3.8	18	3
2019-12-03	0	3.94	20	0
2019-12-04	0	4.21	21	1
2019-12-05	0	4.35	20	-1
2019-12-06	0	4.35	21	-3
2019-12-07	0	4.57	19	-4
2019-12-08	0	4.18	21	-2
2019-12-09	0	4.9	22	0
2019-12-10	0	3.23	22	4
2019-12-11	0	3.39	13	5
2019-12-12	0	2.53	20	-2
2019-12-13	0	4.84	20	1
2019-12-14	0	2.51	21	-1
2019-12-15	0	3.23	22	1
2019-12-16	0	3.6	20	1
2019-12-17	0	3.21	16	3
2019-12-18	0	2.85	17	-4
2019-12-19	0	2.7	15	-2
2019-12-20	0	3.53	15	-6
2019-12-21	19.5	1.65	10	2
2019-12-22	2	2.9	12	0
2019-12-23	1	2.7	15	2
2019-12-24	0	3.55	17	0
2019-12-25	0	2.62	19	-1
2019-12-26	0	4.43	20	1
2019-12-27	0	4.22	21	2
2019-12-28	0	3.15	10	3
2019-12-29	0	2.09	16	6
2019-12-30	0	4.74	21	-1
2019-12-31	0	2.99	20	4
2020-01-01	0	5.54	21	2
2020-01-02	0	4.16	19	1
2020-01-03	0	4.18	19	1
2020-01-04	0	3.83	20	3
2020-01-05	0	2.82	17	-6
2020-01-06	0	4.92	20	-8
2020-01-07	0	3.23	19	-7
2020-01-08	0	2.91	21	-4
2020-01-09	0	4.21	20	-7
2020-01-10	0	3.81	21	1
2020-01-11	0	3.48	20	1
2020-01-12	0	5.61	19	-3
2020-01-13	0	4.45	20	-2
2020-01-14	0	3.43	19	-1
2020-01-15	0	2.63	20	2
2020-01-16	0	4.14	18	4
2020-01-17	0	3.85	19	2
2020-01-18	0	4.44	19	2
2020-01-19	17	3.06	12	5
2020-01-20	0.01	1.72	9	5
2020-01-21	0	1.16	15	2
2020-01-22	0	3.16	16	-2
2020-01-23	0.01	0.26	14	5
2020-01-24	0	2.09	16	2
2020-01-25	0	3.53	17	0
2020-01-26	0	2.33	18	2
2020-01-27	0	4.6	20	3
2020-01-28	0	5.06	20	0
2020-01-29	0	4.83	22	1
2020-01-30	0	7.88	18	0
2020-01-31	0	5.88	19	3
2020-02-01	0	1.7	13	0
2020-02-02	0	2.5	19	3
2020-02-03	0	5.3	20	3
2020-02-04	2	3.5	19	6
2020-02-05	15	4.26	15	5
2020-02-06	0	5.72	17	5
2020-02-07	0	4.91	21	-2
2020-02-08	0	4.9	22	-2
2020-02-09	0	4.46	22	1
2020-02-10	0	4.62	23	4
2020-02-11	0	4.6	24	5
2020-02-12	0	5.81	22	6
2020-02-13	0	4.14	18	2
2020-02-14	0	3.09	18	3
2020-02-15	0	4.17	21	2
2020-02-16	0	4.17	24	1
2020-02-17	0	5.92	24	2
2020-02-18	0	6.46	26	0
2020-02-19	0	7.38	22	0
2020-02-20	0	6.22	24	2
2020-02-21	0	3.7	18	1
2020-02-22	0	4.2	23	-2
2020-02-23	0	5.12	24	4
2020-02-24	0	6.55	24	2
2020-02-25	0	5.23	24	4
2020-02-26	0	3.62	17	2
2020-02-27	0	3.7	18	-3
2020-02-28	0	4.08	19	-2
2020-02-29	0	5.37	23	-3
2020-03-01	0	6.11	25	0
2020-03-02	0	6.14	24	5
2020-03-03	0	5.35	25	6
2020-03-04	0	6.38	24	3
2020-03-05	0	4.93	18	3
2020-03-06	0	4.3	10	4
2020-03-07	0	2.04	18	1
2020-03-08	0	4.36	21	3
2020-03-09	0	4.5	24	2
2020-03-10	0	5.74	21	0
2020-03-11	0	7.52	24	2
2020-03-12	0	5.53	26	3
2020-03-13	0	9.71	25	3
2020-03-14	8	4.14	25	4
2020-03-15	0.01	4.41	27	5
2020-03-16	4	3.57	22	7
2020-03-17	0	5.67	22	3
2020-03-18	0.01	4.61	23	5
2020-03-19	0	7.11	25	7
2020-03-20	0	6.06	25	8
2020-03-21	0	6.21	22	8
2020-03-22	0	5.89	25	5
2020-03-23	0	6.98	25	1
2020-03-24	0	7.55	28	6
2020-03-25	0	9.37	27	2
2020-03-26	0	8.16	28	4
2020-03-27	0	8.75	28	6
2020-03-28	0	7.1	25	7
2020-03-29	0	5.5	28	8
2020-03-30	0	7.45	26	6
2020-03-31	0	7.2	27	4
2020-04-01	7	5.33	25	5
2020-04-02	3	6.6	24	7
2020-04-03	9	6.6	25	6
2020-04-04	0	5.8	24	7
2020-04-05	0	5.86	25	7
2020-04-06	0.01	5.69	26	6
2020-04-07	0	6.53	21	9
2020-04-08	0	8.85	27	8
2020-04-09	0	9.17	26	8
2020-04-10	0	7.28	26	7
2020-04-11	NULO	13.05	27	5
2020-04-12	0	9.26	26	10
2020-04-13	0	10.86	27	8
2020-04-14	0	10.88	28	3
2020-04-15	0	7.82	27	5
2020-04-16	0	7.9	28	4
2020-04-17	0	6.35	26	6
2020-04-18	0	9.47	27	7
2020-04-19	0	8.6	27	10
2020-04-20	0	8.27	27	7.5
2020-04-21	0	8.71	29	10
2020-04-22	0	8.15	27	10
2020-04-23	0	8.71	27	10
2020-04-24	0	9.78	28	8
2020-04-25	0	9.06	27	8
2020-04-26	0	7.68	24	9
2020-04-27	0	10.13	25	7
2020-04-28	3	8.51	27	8
2020-04-29	0	8.03	26.5	6
2020-04-30	0	7.8	23	4
2020-05-01	4	7.13	25	4
2020-05-02	0	6.3	25	3
2020-05-03	0	6.3	27	2
2020-05-04	0	7.51	27	3
2020-05-05	0	6.44	26	7
2020-05-06	1	5.35	22	6
2020-05-07	3	5.9	22	7
2020-05-08	0.01	5.1	21	7
2020-05-09	7	5.16	22	8
2020-05-10	0.01	6.08	24	6
2020-05-11	2.5	4.42	22	6
2020-05-12	0	7.19	24	7
2020-05-13	0	8.03	26	5
2020-05-14	0	7.44	26	6.5
2020-05-15	0	10.87	27	4
2020-05-16	0	10.31	26	5
2020-05-17	0	7.72	25	6
2020-05-18	0	8.12	26	6
2020-05-19	0	9.3	27	6
2020-05-20	0	10.1	27	8
2020-05-21	0	11.47	27	8
2020-05-22	0	10.48	27.5	8
2020-05-23	0	10.43	27	7
2020-05-24	0	8.7	26.5	9
2020-05-25	0	11.42	27	7
2020-05-26	0	9.89	28	5
2020-05-27	2	7.35	25	7
2020-05-28	0.01	6.36	25	8
2020-05-29	0	7.42	20	4
2020-05-30	0	6.03	20	5
2020-05-31	0.01	6.75	22	4
2020-06-01	0	6.69	23	7
2020-06-02	0	8.07	24	5
2020-06-03	0	6.74	24	7
2020-06-04	0	7.21	25	5
2020-06-05	0	8.59	25	10
2020-06-06	0	7.02	25	6
2020-06-07	1.5	8.19	27	9
2020-06-08	0.01	7.8	27	12
2020-06-09	0.01	8.9	28	9
2020-06-10	0	10.47	25	9
2020-06-11	0	5.23	20	10
2020-06-12	0	6.7	19	7
2020-06-13	0	5.63	21	1
2020-06-14	0	7.54	22	0
2020-06-15	0	6.71	25	2
2020-06-16	0	8.34	24	3
2020-06-17	0	7.01	24	4
2020-06-18	0	8.54	25	5
2020-06-19	0	6.61	25	6
2020-06-20	0	8.43	25	6
2020-06-21	0	4.59	25	7
2020-06-22	2	4.08	22	9
2020-06-23	2	3.17	22	7
2020-06-24	5	3.36	20	8
2020-06-25	12	3.13	18	9
2020-06-26	0.01	4.07	21	8
2020-06-27	0	5.78	24	9
2020-06-28	0.01	4.59	24	10
2020-06-29	0	6.05	25	11
2020-06-30	0	5.82	24	10
2020-07-01	8	5.65	25	12
2020-07-02	0	7.3	24	10
2020-07-03	0	4.5	23	7
2020-07-04	0	8.6	23	7
2020-07-05	6	6.02	23	7
2020-07-06	0	5.55	24	6
2020-07-07	19	7.28	22	9
2020-07-08	18	8.73	21	9
2020-07-09	0	9.85	20	10
2020-07-10	0	7.08	23	4
2020-07-11	0.01	6.41	21	6
2020-07-12	0	8.01	20	8
2020-07-13	0	6.94	22	5
2020-07-14	0	5.7	24	6
2020-07-15	12	4.52	24	5
2020-07-16	0.01	5.79	23	9
2020-07-17	0	7.77	22	7
2020-07-18	34	7.96	21	6
2020-07-19	0.01	5.96	22	7
2020-07-20	0	5.64	23	6
2020-07-21	0	5.45	23	8
2020-07-22	0	4.43	22	6
2020-07-23	0	6.57	22	7
2020-07-24	0	6.18	23	8
2020-07-25	0	6.22	23	7
2020-07-26	10	5.77	22	8
2020-07-27	14	5.73	21	9
2020-07-28	28	4.63	20	9
2020-07-29	9	3.88	18	10
2020-07-30	0	5.52	20	9
2020-07-31	2	3.88	20	8
2020-08-01	4	4.69	20	9
2020-08-02	0	5.19	21	10
2020-08-03	0	4.04	20	8
2020-08-04	0	4.4	21	7
2020-08-05	0	5.3	20	7
2020-08-06	0	3.9	21	8
2020-08-07	0	5.75	21	8
2020-08-08	2	3.4	18	9
2020-08-09	9	2.81	18	9
2020-08-10	0	2.09	20	9
2020-08-11	0	4.51	18	10
2020-08-12	0	3.74	19	10
2020-08-13	0	4.3	22	10
2020-08-14	0	4.95	23	9
2020-08-15	0	5	21	4
2020-08-16	3	5.65	20	8
2020-08-17	0	4.94	21	7
2020-08-18	0	5.94	22	5
2020-08-19	0.01	5.67	23	6
2020-08-20	0	4.45	23	9
2020-08-21	0	4.74	24	5
2020-08-22	0	6.43	23	5
2020-08-23	0	7.47	21	3
2020-08-24	0.01	2.47	21	7
2020-08-25	0.01	2.2	18	9
2020-08-26	0	4.55	21	9
2020-08-27	32	0.45	19	10
2020-08-28	0	2.52	21	10
2020-08-29	0	4.98	23	10
2020-08-30	3	5.06	24	8
2020-08-31	1	5.03	23	9
2020-09-01	0	5.16	22	6
2020-09-02	0	4.2	23	6
2020-09-03	0	4.46	22	4
2020-09-04	8.5	3.01	18	8
2020-09-05	3	4.07	14	9
2020-09-06	0	2.87	18	9
2020-09-07	0	3.39	20	9
2020-09-08	2.5	1.92	21	8
2020-09-09	2	4.4	21	10
2020-09-10	3	4.16	18	11
2020-09-11	0	3.27	17	10
2020-09-12	0	2.9	25	6
2020-09-13	0	4.15	18	8
2020-09-14	0.01	4.73	19	5
2020-09-15	0	2.25	19	7.5
2020-09-16	3	3.62	20	7
2020-09-17	0.01	5.2	20	8
2020-09-18	1.5	3.15	16	9
2020-09-19	0	2.45	18	6
2020-09-20	0	2.7	18	6
2020-09-21	0	1.67	22	4
2020-09-22	0	3.72	22	5
2020-09-23	0	5.23	22	3
2020-09-24	0	4.15	22	6
2020-09-25	0	3.99	19	3
2020-09-26	0	4.64	22	4
2020-09-27	0	4.59	24	4
2020-09-28	0	6.58	24	3
2020-09-29	0	6.25	12	7
2020-09-30	0	2.79	19	-2
2020-10-01	0	4.32	20	-2
2020-10-02	0	4.52	17	-4
2020-10-03	0	4.02	19	2
2020-10-04	0	4.62	20	4
2020-10-05	0	5.21	19	-2
2020-10-06	0	5.2	21	-3
2020-10-07	0	4.69	20	-4
2020-10-08	0	4.66	22	-1
2020-10-09	0	8.4	24	3
2020-10-10	0	6	24	4
2020-10-11	0	4.53	24	3
2020-10-12	0	6.3	24	3
2020-10-13	0	4.51	22	4
2020-10-14	0	3.81	23	5
2020-10-15	0	4.66	22	4
2020-10-16	1	3.37	19	2
2020-10-17	0	3.6	20	0
2020-10-18	0	4.55	21	2
2020-10-19	0	4.98	21	2
2020-10-20	0	3.53	21	5
2020-10-21	0	5.75	22	5
2020-10-22	0	4.95	22	1
2020-10-23	0	4.18	23	1
2020-10-24	0	4.75	21	-1
2020-10-25	0	4.22	20	-1
2020-10-26	0	4.72	23	-1
2020-10-27	0	4.6	24	0
2020-10-28	0	5.3	22	0
2020-10-29	0	4.9	23	3
2020-10-30	0	4.31	19	2
2020-10-31	0	3.92	21	-1
2020-11-01	0	4.15	19	1
2020-11-02	0	4.64	18	1
2020-11-03	0	3.28	15	3
2020-11-04	0	4.81	18	-2
2020-11-05	0	2.71	18	-2
2020-11-06	0	3.67	18.5	3
2020-11-07	0	4.18	23	0
2020-11-08	0	4.3	23	3
2020-11-09	0	3.43	24	4
2020-11-10	0	5.51	24.5	4
2020-11-11	0	3.34	24	6
2020-11-12	0	4.7	22	5
2020-11-13	0	3.93	24	4
2020-11-14	0	4.8	23	3
2020-11-15	0	4.8	23	1
2020-11-16	0	2.74	21	1
2020-11-17	0	2	20	2
2020-11-18	0	3.48	16	2
2020-11-19	0	2.92	15	1
2020-11-20	0	1.95	17	0
2020-11-21	0	2.2	18	0
2020-11-22	0	2.2	19	2
2020-11-23	0	3.17	18	0
2020-11-24	0	4.13	23	-1
2020-11-25	0	4.78	23	2
2020-11-26	0	3.52	24	0
2020-11-27	0	4.86	24	3
2020-11-28	0	4.78	24	0
2020-11-29	0	3.86	24	3
2020-11-30	0.01	2.49	14	5
2020-12-01	0	4.28	20	0
2020-12-02	0	3.63	20	2
2020-12-03	0	4.07	20	0
2020-12-04	0	3.04	20	1
2020-12-05	0	4.9	22	3
2020-12-06	1.5	3.18	19	4
2020-12-07	0	4.08	15	2
2020-12-08	0	2.99	17	-2
2020-12-09	0	5.3	19	2
2020-12-10	0	3.9	21	0
2020-12-11	0	3.75	21	4
2020-12-12	0	4.15	22	3
2020-12-13	0	3.96	22	0
2020-12-14	0	1.91	19	4
2020-12-15	0	4.68	21	3
2020-12-16	0	4.75	21	0
2020-12-17	0	2.43	18	-2
2020-12-18	0	4.4	21	-2
2020-12-19	0	3.94	20	2
2020-12-20	0	2.58	21	3
2020-12-21	0	3.5	21	1
2020-12-22	0	2.5	21	-2
2020-12-23	0	4.08	20	2
2020-12-24	0	4.93	18	1
2020-12-25	0	2.05	16	-1
2020-12-26	0	5.2	20	-3
2020-12-27	0	4.91	20	-2
2020-12-28	0	4.04	19	-5
2020-12-29	0	4.15	20	-7
2020-12-30	0	3.96	20	1
2020-12-31	0	6.29	16	3
2021-01-01	0	6.4	21	-6
2021-01-02	0	3.49	21	-6
2021-01-03	0	4.86	21	-4
2021-01-04	0	4.25	21	-3
2021-01-05	0	5.15	18	-5
2021-01-06	0	4.2	20	-4
2021-01-07	0	2.25	17	-1
2021-01-08	0	2.09	19	-1
2021-01-09	0	4.55	19	-2
2021-01-10	0	2.49	18	-1
2021-01-11	0	4.57	19	-1
2021-01-12	0	3.31	19	-2
2021-01-13	0	3.5	18	-2
2021-01-14	0	3.9	15	1
2021-01-15	0	5.22	20	-1
2021-01-16	0.01	4.07	18	-3
2021-01-17	0	2.76	18	3
2021-01-18	0	3.95	21	-2
2021-01-19	0	3.9	21	0
2021-01-20	2	4.24	20	-1
2021-01-21	0	5.66	23	3
2021-01-22	0	3.29	23	2
2021-01-23	0	6.11	20	5
2021-01-24	0	4.42	19	2
2021-01-25	0	6.02	23	2
2021-01-26	0	4.48	24	3
2021-01-27	0	6.38	21	2
2021-01-28	0	1.59	14	4
2021-01-29	0	5.1	20	-1
2021-01-30	0	4.56	23	2
2021-01-31	0	5.27	21	0
2021-02-01	0	3.94	18	2
2021-02-02	0	4.85	19	-3
2021-02-03	0	4.91	23	-3
2021-02-04	0	5.68	24	1
2021-02-05	0	8.45	25	4
2021-02-06	0	5.46	24	4
2021-02-07	0	7.47	24	0
2021-02-08	0	5.23	22	0
2021-02-09	0	5.14	23	0
2021-02-10	0	3.39	21	1
2021-02-11	0	5.35	21	3
2021-02-12	0	3.9	16	-4
2021-02-13	0	3.45	19	-5
2021-02-14	0	5.45	20	2
2021-02-15	0	5.4	20	-2
2021-02-16	0	5.61	23	-3
2021-02-17	0	4.86	22	-4
2021-02-18	0	5.24	22	-3
2021-02-19	0	2.94	17	0
2021-02-20	0	6.41	22	-6
2021-02-21	0	5.87	23	-4
2021-02-22	0	5.57	20	2
2021-02-23	0	7.25	21	-3
2021-02-24	0	5.65	24	-2
2021-02-25	0	6.01	24	-3
2021-02-26	0	5.67	26	1
2021-02-27	0	5.87	26	5
2021-02-28	0	6.37	25	5
2021-03-01	0	6.8	24	6
2021-03-02	0	6.06	23	5
2021-03-03	0	5.01	25	3
2021-03-04	0	5.25	26	2
2021-03-05	0	7.07	26	4
2021-03-06	0	5.47	20	6
2021-03-07	0	6.35	25	-1
2021-03-08	0	6.17	22	4
2021-03-09	0	6.04	22	-1
2021-03-10	0	6.3	24	-4
2021-03-11	0	7.49	26	-1
2021-03-12	0	6.66	25	2
2021-03-13	0.01	6.12	26	2
2021-03-14	0.01	5.7	26	4
2021-03-15	0	8.63	25	4
2021-03-16	0	9.69	25	5
2021-03-17	0	7.22	24	4
2021-03-18	0	5.58	19	6
2021-03-19	0	5.81	21	-1
2021-03-20	0	6.02	22	1
2021-03-21	0	7.58	23	3
2021-03-22	0	5.9	25	4
2021-03-23	0	10.02	27	2
2021-03-24	0	8.57	26	5
2021-03-25	0	9.03	28	6
2021-03-26	0	10	26	2
2021-03-27	0	7.38	27	4
2021-03-28	0	6.84	26	5
2021-03-29	0	6.73	20	8
2021-03-30	0	7.79	25	3
2021-03-31	0	6.56	25	3
2021-04-01	0	5.13	17	5
2021-04-02	0	5.97	17	5
2021-04-03	0	6.71	22	4
2021-04-04	0	5.74	21	-4
2021-04-05	0	6.45	23	1
2021-04-06	1.5	2.76	25	5
2021-04-07	0	7.77	25	4
2021-04-08	0	7.52	26	2
2021-04-09	0	10.91	27	5
2021-04-10	0	7.69	25	8
2021-04-11	0	6.45	24	5
2021-04-12	0.01	8.91	28	5
2021-04-13	0.01	7.28	28	8
2021-04-14	0	9.47	27	7
2021-04-15	0	0.79	27	6
2021-04-16	0	8.55	27	5
2021-04-17	0	6.15	28	5
2021-04-18	0	8.12	28	6
2021-04-19	0	8.23	27	-1
2021-04-20	0	6.51	26	1
2021-04-21	0	5.39	23	0
2021-04-22	0	7.75	26	1
2021-04-23	0	9.6	27	4
2021-04-24	0	9.7	26	7
2021-04-25	2	7.24	25	6
2021-04-26	0.01	7.47	27	7
2021-04-27	0	6.52	28	9
2021-04-28	0	10.63	27	8
2021-04-29	0	0.85	27	7
2021-04-30	25	NULO	27	7
2021-05-01	0	9.37	26	6
2021-05-02	0	7.31	26	8
2021-05-03	0	10.39	27	6
2021-05-04	0	9.46	27	4
2021-05-05	0	4.51	26	6
2021-05-06	2.5	6.37	25	8
2021-05-07	0	11.7	22	7
2021-05-08	0	7.05	24	4
2021-05-09	1	6.95	27	7
2021-05-10	4	5.84	25	8
2021-05-11	3	4.87	24	9
2021-05-12	6	2.38	22	9
2021-05-13	0	3.16	16	8
2021-05-14	0	4.84	20	7
2021-05-15	30	7.34	23	9
2021-05-16	0	5.63	23	8
2021-05-17	4	7.72	25	8
2021-05-18	0	7.4	25	9
2021-05-19	0	9.6	24	9
2021-05-20	0	6.55	23	4.5
2021-05-21	0	7.54	24	4
2021-05-22	0	6.96	24	4
2021-05-23	0	3.3	25	6
2021-05-24	2	0.69	23	8
2021-05-25	0	8.61	25	5
2021-05-26	0	7.55	26	7
2021-05-27	0	8.28	26	6
2021-05-28	0	9.93	27	6
2021-05-29	0	7.87	27	5
2021-05-30	0	7.04	26	6
2021-05-31	0	NULO	25	5
2021-06-01	0	7.35	26	8
2021-06-02	43	4.58	23	9
2021-06-03	8	4.23	18	9
2021-06-04	3	4.69	18	10
2021-06-05	0	4.81	22	10
2021-06-06	0	6	24	8
2021-06-07	0	7.38	25	8
2021-06-08	0	7.45	25	4
2021-06-09	0	7.27	24	9
2021-06-10	0	7.16	22	6
2021-06-11	0	6.87	21	5
2021-06-12	0	1.17	20	4
2021-06-13	6	0.17	20	9
2021-06-14	4	4.53	23	10
2021-06-15	0	6.05	20	8
2021-06-16	0	6.3	20	6
2021-06-17	0	4.1	17	7
2021-06-18	10	2.01	17	5
2021-06-19	3	5.14	18	8
2021-06-20	8	5.7	23	9
2021-06-21	10	4.13	23	10
2021-06-22	8	NULO	21	11
2021-06-23	25	NULO	20	7
2021-06-24	1.5	NULO	20	9
2021-06-25	29	NULO	20	9
2021-06-26	1	3.83	18	8
2021-06-27	13	2.25	15	9
2021-06-28	0.01	NULO	17	9
2021-06-29	22	NULO	20	9
2021-06-30	45	NULO	18	8
2021-07-01	0.01	5.37	19	10
2021-07-02	0	5.14	20	9
2021-07-03	30	4.05	18	8
2021-07-04	0	3.4	21	5
2021-07-05	0.01	3.63	21	9
2021-07-06	0.01	2.49	20	9
2021-07-07	0	3.35	20	9
2021-07-08	14	2.15	19	8
2021-07-09	10	4.1	19	9
2021-07-10	0	NULO	19	9
2021-07-11	0	NULO	20	8
2021-07-12	0	4.92	19	8
2021-07-13	13	5.23	18	9
2021-07-14	0	4.91	18	7
2021-07-15	0	3.01	17	8
2021-07-16	46	9.93	20	9
2021-07-17	0	NULO	19	8
2021-07-18	0	NULO	20	5
2021-07-19	0	4.34	20	6
2021-07-20	0	4.56	22	6
2021-07-21	18	6.06	20	9
2021-07-22	0	5.18	20	8
2021-07-23	0	NULO	20	6
2021-07-24	9	NULO	22	6
2021-07-25	0	5.03	22	5
2021-07-26	0	4.58	22	5
2021-07-27	0	3.97	21	5
2021-07-28	0	4.6	21	4
2021-07-29	0	5.72	20	4
2021-07-30	0	1.19	21	4
2021-07-31	0	NULO	21	4.5
2021-08-01	4	3.91	22	5
2021-08-02	0	3.12	20	9
2021-08-03	10	2.76	19	9
2021-08-04	2	2.54	20	9
2021-08-05	0	5.02	21	9
2021-08-06	1	4.09	21	9
2021-08-07	0	5.71	22	8
2021-08-08	0	7.72	21	10
2021-08-09	0	3.96	22	9
2021-08-10	0	2.6	22	9
2021-08-11	0	4.89	21	7
2021-08-12	0.01	4.36	22	7
2021-08-13	0	3.95	23	5
2021-08-14	0	5.16	21	5
2021-08-15	0	4.02	23	6
2021-08-16	0	4.18	22	5
2021-08-17	0	1.9	21	5
2021-08-18	0	1.91	22	6
2021-08-19	0	3.89	23	5
2021-08-20	18.1	3.9	24	4
2021-08-21	10	NULO	13	4
2021-08-22	0	NULO	15	9
2021-08-23	0	4.18	19	4
2021-08-24	0	3.37	19	5
2021-08-25	0	4.54	10	8
2021-08-26	0	5.91	18	8
2021-08-27	6	2.45	17	4
2021-08-28	22	0.84	20	5
2021-08-29	21	3.12	21	9
2021-08-30	2	3.2	22	9
2021-08-31	27	NULO	21	10
2021-09-01	78	NULO	19	8
2021-09-02	8	NULO	16	9
2021-09-03	7	5.72	17	9
2021-09-04	17	NULO	19	9
2021-09-05	41	NULO	21	7
2021-09-06	0	NULO	20	8
2021-09-07	0	5.15	19	8
2021-09-08	20	4.21	19	6
2021-09-09	0	5.85	19	6
2021-09-10	0	3.54	18	7
2021-09-11	0	4.35	18	6
2021-09-12	1.5	2.03	17	8
2021-09-13	38	3.09	19	9
2021-09-14	5.5	NULO	25	10
2021-09-15	5	NULO	22	10
2021-09-16	7	1.27	21	10
2021-09-17	17	3.36	20	10
2021-09-18	0	2.42	19	9
2021-09-19	18	5.42	19	8
2021-09-20	6	NULO	20	9
2021-09-21	0	NULO	22	7
2021-09-22	0	1.94	18	8
2021-09-23	0	3.45	18	7
2021-09-24	0	3.16	20	5
2021-09-25	2	3.95	20	6
2021-09-26	0	2.96	20	6
2021-09-27	4	5.5	21	6.5
2021-09-28	17	2.28	22	9
2021-09-29	48	NULO	22	6
2021-09-30	2	NULO	19	7
2021-10-01	24	NULO	18	8
2021-10-02	0	NULO	19	10
2021-10-03	0	2.62	17	9
2021-10-04	2	1.78	18	10
2021-10-05	1	4.26	16	9
2021-10-06	0	2.17	17	8
2021-10-07	0	2.6	19	4
2021-10-08	0	3.22	19	2
2021-10-09	0	2.4	21	4
2021-10-10	0	2.91	24	5
2021-10-11	0	4.53	24	7
2021-10-12	8	5.27	24	7
2021-10-13	0	4.69	23	6
2021-10-14	0	3.39	24	5
2021-10-15	0.01	4.25	22	5
2021-10-16	2	2.42	20	6
2021-10-17	0	4.08	17	7
2021-10-18	0	2.16	20	3
2021-10-19	0	4.08	22	1
2021-10-20	0	3.37	21	4
2021-10-21	2	2.64	19	6
2021-10-22	0	3.53	16	5
2021-10-23	0	3.15	20	5
2021-10-24	0	1.47	20	7
2021-10-25	0.01	0.71	17	8
2021-10-26	0	3.75	22	4.5
2021-10-27	0	0.22	21	7
2021-10-28	0	4.49	21	3
2021-10-29	0	2.27	18	4
2021-10-30	0	4.23	21	1
2021-10-31	0	NULO	19	4
2021-11-01	0	3.47	20	1
2021-11-02	0	3.91	20	1
2021-11-03	0	3.27	20	-2
2021-11-04	0	5.45	18	1
2021-11-05	0	2.3	19	0
2021-11-06	0	2.61	18	2
2021-11-07	0	2.76	19	2
2021-11-08	0	3.74	19	-2
2021-11-09	0	4.33	19	-1
2021-11-10	0	2.4	20	-2
2021-11-11	0	4.24	20	-1
2021-11-12	0	2.99	17	-2
2021-11-13	0	2.59	15	-3
2021-11-14	0	1.67	17	0
2021-11-15	0	4.47	16	-3
2021-11-16	0	4.33	19	-4
2021-11-17	0	3.78	19	-1
2021-11-18	1	3.63	19	-1
2021-11-19	0	1.02	12	6
2021-11-20	0	4.07	18	4
2021-11-21	0	2.66	19	1
2021-11-22	0	2.57	17	2
2021-11-23	0.01	2.43	17	5
2021-11-24	1	2.81	18	5
2021-11-25	0	2.59	19	3
2021-11-26	0	2.4	17	5
2021-11-27	0	2.97	20	4
2021-11-28	0	1.31	19	2
2021-11-29	0	4.9	19	5
2021-11-30	0	NULO	17	-1
2021-12-01	0	2.65	20	0
2021-12-02	0	4.44	19	-1
2021-12-03	0	2.56	18	-4
2021-12-04	0	3.45	20	-3
2021-12-05	0	2.31	20	-2
2021-12-06	0	3.7	19	-1
2021-12-07	0	2.15	20	0
2021-12-08	0	4.54	22	2
2021-12-09	0	3.05	22	1
2021-12-10	0	2.65	20	2
2021-12-11	0	4.7	21	0
2021-12-12	0	1.28	19	2
2021-12-13	0	2.72	18	-1
2021-12-14	0	1.81	19	-1
2021-12-15	0	4.14	20	0
2021-12-16	0	2.7	20	-1
2021-12-17	1.5	2.89	19	0
2021-12-18	0	2.6	19.5	-1
2021-12-19	0.01	1.95	18	-1
2021-12-20	0	2.02	18	4
2021-12-21	0	2.88	19	2
2021-12-22	0	4.44	20	3
2021-12-23	0	3.88	20	-2
2021-12-24	0	4.9	22	-4
2021-12-25	0	4	23	-5
2021-12-26	0	4.94	22	-3
2021-12-27	0	4.57	22	-3
2021-12-28	0	4.09	22	3
2021-12-29	0	3.2	20	1
2021-12-30	0	8.55	22	1
2021-12-31	0	NULO	22	2
2022-01-01	0	3.51	21	1
2022-01-02	0	3.9	20	2
2022-01-03	0	3.38	17	3
2022-01-04	0	0.74	22	0
2022-01-05	0	3.86	21	-1
2022-01-06	0	4.59	21	2
2022-01-07	0	3.81	21	0
2022-01-08	0	2.68	20	0
2022-01-09	0	2.6	21	0
2022-01-10	0	3.04	20	5
2022-01-11	0	4.73	19	-2
2022-01-12	0	2.98	18	-2
2022-01-13	0	2.73	18	-3
2022-01-14	0	4.19	19	-4
2022-01-15	0	3.05	18	3
2022-01-16	0	2.54	19	4
2022-01-17	0	3.06	20	1
2022-01-18	0	3.57	19	0
2022-01-19	0	3.74	19	1
2022-01-20	0	3.86	16	0
2022-01-21	0	2.36	17	0
2022-01-22	0	2.92	19	1
2022-01-23	0	3.18	19	0
2022-01-24	0	2.13	19	2
2022-01-25	0	2.53	19	3
2022-01-26	0	3.05	20	-2
2022-01-27	0	3.12	21	2
2022-01-28	0	3.84	19	1
2022-01-29	0	3.39	16	1
2022-01-30	0	4.12	20	-3
2022-01-31	0	NULO	19	4
2022-02-01	0	5.59	20	0
2022-02-02	0	7.52	21	2
2022-02-03	0	4.86	22	2
2022-02-04	0	4.81	21	0
2022-02-05	0	2.87	17	-4
2022-02-06	0	4.89	20	-2
2022-02-07	3	7.64	18	2
2022-02-08	0	4.02	18	0
2022-02-09	0	5.48	17	-5
2022-02-10	0	4.11	18	-3
2022-02-11	0	2.13	18	-4
2022-02-12	0	3.89	17	-4
2022-02-13	0	5.11	13	3
2022-02-14	0	5.06	16	0
2022-02-15	0	5.21	20	3
2022-02-16	0	5.4	21	3
2022-02-17	0	2.32	21	4
2022-02-18	0	4.79	21	0
2022-02-19	0	4.17	19	4
2022-02-20	0	6.02	21	0
2022-02-21	0.01	5.78	25	-1
2022-02-22	0	3.47	24	3
2022-02-23	0	5.53	24	3
2022-02-24	0	5.04	23	1
2022-02-25	0	5.21	20	2
2022-02-26	0	4.52	21	2
2022-02-27	0	NULO	21	-2
2022-02-28	0	NULO	20	-1
2022-03-01	0	1.36	22	-4
2022-03-02	0	6.49	24	-3
2022-03-03	0	5.52	24	-2
2022-03-04	0	6.02	23	-1
2022-03-05	0	6.95	23	5
2022-03-06	0	4.88	23	4
2022-03-07	0	6.45	24	4
2022-03-08	0	7.73	23	3
2022-03-09	0	5.88	25	0
2022-03-10	0	11.36	22	-1
2022-03-11	0	6.98	24	-2
2022-03-12	0	1.65	22	5
2022-03-13	0	1.65	23	-4
2022-03-14	0	4.99	24	2
2022-03-15	0	8.39	21	2
2022-03-16	0	5.96	22	0
2022-03-17	0.01	6.83	23	0
2022-03-18	0.01	8.47	25	4
2022-03-19	0	4.46	22	3
2022-03-20	0	6.03	24	1
2022-03-21	0	8.9	24	4
2022-03-22	0	7.02	23	6
2022-03-23	0	7.04	24	1
2022-03-24	0	4.38	21	-1
2022-03-25	0	8.04	21	-4
2022-03-26	0	6.35	21	-3
2022-03-27	0	6.07	24	-5
2022-03-28	0	7.75	24	0
2022-03-29	0	8.28	26	3
2022-03-30	0	9.07	26	10
2022-03-31	0	NULO	24	4
2022-04-01	0	7.98	26	6
2022-04-02	0	7.51	26	2
2022-04-03	0	3.25	27	2
2022-04-04	0	5.5	26	6
2022-04-05	0	9.8	26	3.5
2022-04-06	0	6.56	26	2
2022-04-07	0	6.67	25	8
2022-04-08	0	8.69	20	5
2022-04-09	0.01	6.05	22	3
2022-04-10	2	4.42	19	3
2022-04-11	1	5.47	26	6
2022-04-12	0	7.21	23	7
2022-04-13	0	6.77	25	8
2022-04-14	0	4.67	26	6
2022-04-15	0	5.34	26	7
2022-04-16	0	7.51	27	5
2022-04-17	0	8.58	29	5
2022-04-18	0	7.17	25	7
2022-04-19	0	7.21	25	11
2022-04-20	0	8.1	26	8
2022-04-21	4	6.69	27	5
2022-04-22	0	4.96	22	6
2022-04-23	0	7.18	21	4
2022-04-24	0	6.2	24	3
2022-04-25	0	8.39	25	2
2022-04-26	0	5.45	22	5
2022-04-27	0	8.23	21	8
2022-04-28	1	7.56	25	4
2022-04-29	0	8.05	25	5
2022-04-30	0	7.06	27	6
2022-05-01	0	8.43	27	6
2022-05-02	0	7.47	25	4
2022-05-03	0	8.55	27	5
2022-05-04	0.01	6.55	28	5
2022-05-05	0.01	9.16	28	6
2022-05-06	0	6.72	28	9
2022-05-07	0	9.44	29	8
2022-05-08	0.01	9.19	29	9
2022-05-09	0	7.94	29	10
2022-05-10	0	9.92	28	5
2022-05-11	0	7.3	23	5
2022-05-12	0	8.19	25	4
2022-05-13	0	7.04	26	0
2022-05-14	0	6.34	26	2
2022-05-15	0	9.9	27	3
2022-05-16	0	9.63	26	2
2022-05-17	0	7.52	27	1
2022-05-18	0.01	9.55	27	5
2022-05-19	0	9.07	28	8
2022-05-20	0	6.93	27	8
2022-05-21	0	2.3	28	7
2022-05-22	0	4.92	29	9
2022-05-23	5	4.7	24	7
2022-05-24	0	8.12	24	5
2022-05-25	0	6.98	27	7
2022-05-26	0	7.85	26	9
2022-05-27	0	8.91	24	7
2022-05-28	0	6.59	24	3
2022-05-29	0	8.62	26	4
2022-05-30	0	7.53	27	6
2022-05-31	0	7.66	26	7
2022-06-01	0	6.19	25	6
2022-06-02	0	8.48	22	4
2022-06-03	0	8.97	24	4
2022-06-04	0	9.6	25	4
2022-06-05	0	5.08	26	8
2022-06-06	0	7.47	26	5
2022-06-07	0	8.35	26	3
2022-06-08	0.01	7.64	26	5
2022-06-09	0	7.12	23	7
2022-06-10	0	8.22	25	9
2022-06-11	0	4.87	26	6
2022-06-12	0	7.79	25	4
2022-06-13	9	3.92	23	6
2022-06-14	0	5.61	21	8
2022-06-15	0	5.61	21	10
2022-06-16	0	7.77	21	8
2022-06-17	0	7.2	22	8
2022-06-18	1	3.25	23	7
2022-06-19	0	7.46	22	7
2022-06-20	2	6.34	20	5
2022-06-21	6	4	19	8
2022-06-22	0.01	4.16	18	9
2022-06-23	0	5.3	21	7
2022-06-24	13	5.73	22	4
2022-06-25	6	5.8	22	6
2022-06-26	0	4.6	22	7
2022-06-27	0	6.09	22	8
2022-06-28	0	8.23	23	9
2022-06-29	0	5.5	24	7
2022-06-30	0	NULO	24	6
2022-07-01	6	7.51	25	6
2022-07-02	2	5.54	23	10
2022-07-03	0	7.86	25	9
2022-07-04	0	8.56	23	10
2022-07-05	0	6.04	22	10
2022-07-06	0	6.36	25	6
2022-07-07	2	5.33	22	5
2022-07-08	0	8.39	25	9
2022-07-09	0	8.36	24	10
2022-07-10	0	7.47	26	6
2022-07-11	0	6.54	26	4
2022-07-12	0	0.4	26	7
2022-07-13	0	5.25	23	8
2022-07-14	0	4.01	22	5
2022-07-15	0	6.58	22	7
2022-07-16	0	5.8	23	9
2022-07-17	0	5.79	24	8
2022-07-18	20	4.98	22	8
2022-07-19	0	7.24	25	7
2022-07-20	0.01	6.66	36	9
2022-07-21	0	8.66	26	5
2022-07-22	0	6.68	25	5
2022-07-23	6	3.22	23	8
2022-07-24	0	5.21	22	7
2022-07-25	0	4.85	21	9
2022-07-26	0	5.74	23	6
2022-07-27	13	4.96	20	6
2022-07-28	6	4.03	19	5
2022-07-29	2.5	3.8	18	10
2022-07-30	0	6.66	21	8
2022-07-31	0	4.57	23	7
2022-08-01	0.01	5.33	22	6
2022-08-02	10	4.84	23	9
2022-08-03	0.01	5.57	23	7
2022-08-04	0	5.85	23	8
2022-08-05	0	2.05	23	6
2022-08-06	0	6.71	25	7
2022-08-07	0	6.92	22	8
2022-08-08	0	7.07	21	6
2022-08-09	18	5.4	22	6
2022-08-10	0	5.53	22	7
2022-08-11	0	2.58	22	8
2022-08-12	0	5.09	21	6
2022-08-13	0	6.45	24	6
2022-08-14	40	7.15	26	7
2022-08-15	10	4.05	19	9
2022-08-16	20	4.9	19	10
2022-08-17	0	4.83	22	9
2022-08-18	1.5	4.09	22	7
2022-08-19	0	6.67	22	6
2022-08-20	2	3.54	21	7
2022-08-21	0.01	3.13	21	9
2022-08-22	0.01	4.06	21	5
2022-08-23	3	4.17	22	6
2022-08-24	0	4.02	21	8
2022-08-25	0	5.64	23	6
2022-08-26	0.01	4.27	22	6
2022-08-27	20	4.5	22	6
2022-08-28	1.5	5.8	21	10
2022-08-29	3	4.79	20	6
2022-08-30	0	5.65	22	9
2022-08-31	0	4.22	22	10
2022-09-01	0	4.88	22	7
2022-09-02	0	4.83	19	8
2022-09-03	4	3.57	19	9
2022-09-04	0	5.02	19	8
2022-09-05	37	5.47	19	9
2022-09-06	38	16.88	20	9
2022-09-07	10	20	21	9
2022-09-08	0	3	20	9
2022-09-09	0	3.5	20	10
2022-09-10	0	5.56	21	5
2022-09-11	0.01	5.9	20	7
2022-09-12	0	2.05	17	9
2022-09-13	0	2.48	19	6
2022-09-14	0	4.09	19	3
2022-09-15	7	2.31	20	6
2022-09-16	0.01	2.26	16	7
2022-09-17	0	4.6	19	9
2022-09-18	4	3.16	20	9
2022-09-19	0	4.78	19	10
2022-09-20	0	3.68	18	8
2022-09-21	0	5	19	7
2022-09-22	0	5.37	19	5
2022-09-23	0	2.59	17	7
2022-09-24	0	2.81	20	4
2022-09-25	0	5.24	20	4
2022-09-26	2	3.09	17	7
2022-09-27	5	1.2	16	6
2022-09-28	2	1.05	15	7
2022-09-29	0.01	3.39	16	4
2022-09-30	0	2.71	17	3
2022-10-01	0	NULO	19	0
2022-10-02	0	4.35	20	0
2022-10-03	0	3.47	19	1
2022-10-04	14	4.56	18	5
2022-10-05	18	NULO	19	8
2022-10-06	2	2.17	15.5	9
2022-10-07	0	4.78	17	7
2022-10-08	1	4.35	15	7
2022-10-09	5	1.44	13	7
2022-10-10	0	3.11	16	7
2022-10-11	0	2.15	17	5
2022-10-12	0	4.15	21	5
2022-10-13	0	3.15	20	2
2022-10-14	0	3.87	20	1
2022-10-15	0	4.51	21	2
2022-10-16	0	3.77	24	2
2022-10-17	13	3.05	22	5
2022-10-18	1	3.38	16	6
2022-10-19	0	2.86	17	5
2022-10-20	0	3.07	18	4
2022-10-21	0	2.23	19	2
2022-10-22	0	3.89	22	3
2022-10-23	0	3.71	22	5
2022-10-24	0	2.81	23	7
2022-10-25	0	3.7	22	7
2022-10-26	0	3.06	23	4
2022-10-27	0	4.09	23	5
2022-10-28	0	4.6	24	6
2022-10-29	0	2.37	23	4
2022-10-30	0	2.13	23	5
2022-10-31	12	3.4	21	5
2022-11-01	0	3.8	21	3
2022-11-02	0	4.75	21	5
2022-11-03	0	4.14	22	3
2022-11-04	0	4.38	22	2
2022-11-05	0	4.24	22	4
2022-11-06	0	3.04	23	3
2022-11-07	0	4.08	20	0
2022-11-08	0	2.83	18	4
2022-11-09	0	4.54	19	0
2022-11-10	0	3.98	21	1
2022-11-11	0	3.9	22	2
2022-11-12	0	2.87	20	2
2022-11-13	0	3.62	22	6
2022-11-14	0	3.98	22	4
2022-11-15	0	2.9	19	1
2022-11-16	0	2.61	21	3
2022-11-17	0	3.55	19	4
2022-11-18	0.01	2.49	19.2	5
2022-11-19	7	1.63	20	2
2022-11-20	0	2.15	13	4
2022-11-21	8	1.94	17	6
2022-11-22	0	2.28	17	6
2022-11-23	0	3.44	20	7
2022-11-24	6	2.77	19	7
2022-11-25	0.01	2.19	20	6
2022-11-26	0	3.84	22	6
2022-11-27	0	3.19	20	5
2022-11-28	5	1.87	21	5
2022-11-29	0	1.54	31	3
2022-11-30	0	4.13	19	3
2022-12-01	0	4.35	16	1
2022-12-02	0	6.7	18	3
2022-12-03	0	3.12	19	3
2022-12-04	0	3.43	18	1
2022-12-05	0	2.11	21	1
2022-12-06	0	4.26	22	1
2022-12-07	0	2.81	20	0
2022-12-08	0	4.36	17	0
2022-12-09	0	3.23	18	2
2022-12-10	0	2.98	13	-1
2022-12-11	0	2.47	20	0
2022-12-12	0	4.02	20	-2
2022-12-13	0	5.2	19	0
2022-12-14	0	4.34	19	1
2022-12-15	0	2.1	20	-2
2022-12-16	0	2.25	21	1
2022-12-17	0	3.71	20	1
2022-12-18	0	2.57	20	2
2022-12-19	0	3.02	20	1
2022-12-20	0	3.29	15	-2
2022-12-21	0	2.15	18	-3
2022-12-22	0	0.81	19	0
2022-12-23	0	3.21	14	1
2022-12-24	2	2.4	17	1
2022-12-25	0.01	1.11	9	1
2022-12-26	0	3.1	15	2
2022-12-27	10	2.35	16	-2
2022-12-28	0	2.68	18	-4
2022-12-29	0	3.17	17	1
2022-12-30	0	2.9	17	2
2022-12-31	0	NULO	20	3
2023-01-01	0	4.46	20	0
2023-01-02	0	5.43	19	-1
2023-01-03	0	5.49	20	1
2023-01-04	0	3.55	20	0
2023-01-05	0	4.44	19	-2
2023-01-06	0	4.6	18	-4
2023-01-07	0	3.46	19	-4
2023-01-08	0	1.63	19	-3
2023-01-09	0	2.97	19	-2
2023-01-10	6	2.36	18	1
2023-01-11	0	3.09	18	0
2023-01-12	0	2.75	19	0
2023-01-13	0	3.85	17	0
2023-01-14	0	1.43	17	-6
2023-01-15	0	2.02	19	-2
2023-01-16	0	4.9	19	1
2023-01-17	0	4.49	22	0
2023-01-18	0	5.41	20	2
2023-01-19	0	4.05	21	-2
2023-01-20	0	3.3	21	-1
2023-01-21	0	5.87	21	-2
2023-01-22	0	3.68	20	0
2023-01-23	0	2.65	21	0
2023-01-24	0	6.49	21	0
2023-01-25	0	4.96	21	-1
2023-01-26	0	2.8	19	-2
2023-01-27	0	2.53	18	-2
2023-01-28	0	6.67	21	0
2023-01-29	0	0.65	22	0
2023-01-30	0	6.15	22	1
2023-01-31	0	NULO	22	0
2023-02-01	0	5.13	20	1
2023-02-02	0	4.05	22	1
2023-02-03	0	4.16	15	-5
2023-02-04	0	2.38	18	-6
2023-02-05	0	5.27	19	-5
2023-02-06	0	4.98	20	-6
2023-02-07	0	4.92	22	-2
2023-02-08	0	4.72	20	0
2023-02-09	0	4.78	20	2
2023-02-10	1	4.83	19	0
2023-02-11	0	3.9	15	1
2023-02-12	0	5.05	17	-2
2023-02-13	1.5	3.77	24	-4
2023-02-14	0	5.88	22	3
2023-02-15	0	2.75	22	-1
2023-02-16	0	5.6	24	2
2023-02-17	0	2.3	14	4
2023-02-18	0	5.74	21	-4
2023-02-19	0	5.06	22	-4
2023-02-20	0	6.81	22	-1
2023-02-21	0	6.14	22	2
2023-02-22	0	6.57	22	6
2023-02-23	0	5.88	22	0
2023-02-24	0	6.97	24	2
2023-02-25	0	4.53	22	0
2023-02-26	0	6.2	23	2
2023-02-27	0	6.08	24	4
2023-02-28	0	NULO	26	1
2023-03-01	0	5.83	24	4
2023-03-02	0	6.31	25	4
2023-03-03	0	5.91	25	2
2023-03-04	0	5.4	25	4
2023-03-05	0	6.3	25	2
2023-03-06	0	8.8	26	4
2023-03-07	0	7.47	25	0
2023-03-08	0	6.94	25	-1
2023-03-09	0	6.74	25	-1
2023-03-10	0	5.68	25	0
2023-03-11	0.01	6.43	24	2
2023-03-12	0.01	5.45	25	5
2023-03-13	5	5.76	23	5
2023-03-14	0.01	3.36	21	3
2023-03-15	2	3.5	19	4
2023-03-16	0.01	2.91	17	5
2023-03-17	0	5.35	23	1
2023-03-18	0	3.55	22	4
2023-03-19	0	4.15	15	3
2023-03-20	0	6.16	21	1
2023-03-21	0	6.89	24	-1
2023-03-22	0	6.9	25	3
2023-03-23	0	2.12	25	4
2023-03-24	0	14.48	25	6
2023-03-25	0	5.71	25	8
2023-03-26	0	8.14	26	5
2023-03-27	0	6.35	27	5
2023-03-28	0	3.5	24	4
2023-03-29	0	4.45	24	6
2023-03-30	0	4.75	24	5
2023-03-31	0	NULO	25	6
2023-04-01	0.01	7.26	26	4
2023-04-02	0	7.25	26	4
2023-04-03	0	9	28	7
2023-04-04	0	6.11	25	7
2023-04-05	0	3.14	27	7
2023-04-06	28	1.95	23	5
2023-04-07	0.01	2.26	22	9
2023-04-08	0	5	22	5
2023-04-09	0	5.17	22	6
2023-04-10	0	6.47	21	5
2023-04-11	2	1.42	18	7
2023-04-12	0	9.73	22	5
2023-04-13	0	7.95	22	4
2023-04-14	0	8.13	24	5
2023-04-15	0	4.72	23	7
2023-04-16	1	8.2	23	4
2023-04-17	0	6.8	23	6
2023-04-18	0	8.9	24	4
2023-04-19	0	9.8	26	6
2023-04-20	0	9.89	28	6
2023-04-21	0	9.51	21	9
2023-04-22	0.01	7.31	26	9
2023-04-23	0.01	9.31	24	6
2023-04-24	0	5.3	26	10
2023-04-25	0	7	25	6
2023-04-26	0	9.45	27	4
2023-04-27	0	9.55	26	8
2023-04-28	0	9.5	26	3
2023-04-29	0	8.5	25	5
2023-04-30	0	NULO	26	1
2023-05-01	0	10.58	26	3
2023-05-02	0	9.93	26	4
2023-05-03	0	6.41	26	3
2023-05-04	0	8.49	26	6
2023-05-05	0.01	5.78	28	8
2023-05-06	0.1	7.97	26	5
2023-05-07	30	6.74	25	5
2023-05-08	1.5	6.49	25	8
2023-05-09	0	8.22	25	8
2023-05-10	0.01	8.54	25	7
2023-05-11	0	7.05	26	7
2023-05-12	0	7.41	23	6
2023-05-13	1.5	6.74	24	5
2023-05-14	0	NULO	23	6
2023-05-15	0.01	NULO	22	3
2023-05-16	1.5	6.25	24	4
2023-05-17	0	8.85	24	5
2023-05-18	0	5.28	24	6
2023-05-19	0.01	5.48	20	10
2023-05-20	0.01	3.73	22	10
2023-05-21	6	0.71	22	8
2023-05-22	4	5.46	24	11
2023-05-23	0.01	4.37	23	6
2023-05-24	0	7.75	24	9
2023-05-25	0	6.7	26	7
2023-05-26	0	6.84	25	8
2023-05-27	0	4.63	23	7
2023-05-28	0	6.44	24	10
2023-05-29	0.01	4.87	24	7
2023-05-30	0	2.18	26	5
2023-05-31	0	NULO	26	6
2023-06-01	0	9.39	27	7
2023-06-02	0	9.25	26	8
2023-06-03	0	11.65	24	8
2023-06-04	0	5.81	25	5
2023-06-05	1.5	9.25	26	7
2023-06-06	0	5.45	24	8
2023-06-07	1	6.3	26	6
2023-06-08	0	9.6	27	9
2023-06-09	0	9.75	28	7
2023-06-10	0	10.62	29	7
2023-06-11	0	9.89	30	10
2023-06-12	0	9.52	29	8
2023-06-13	0	11.72	30	6
2023-06-14	0	9.93	30	4
2023-06-15	0	9.89	31	4
2023-06-16	0	4.57	30	6
2023-06-17	0	9.95	29	7
2023-06-18	0.01	10.92	29	8
2023-06-19	0	10.44	30	6
2023-06-20	0	11.7	29	5
2023-06-21	0	8.15	29	5
2023-06-22	0	9.15	29	5
2023-06-23	0	0.5	27	7
2023-06-24	0	6.4	26	5
2023-06-25	0	10.27	24	11
2023-06-26	0	4.56	22	11
2023-06-27	0	8.21	25	6
2023-06-28	0	8.26	25	11
2023-06-29	0	6.29	24	10
2023-06-30	13	NULO	24	8
2023-07-01	36	8.69	24	9
2023-07-02	0	7.21	25	7
2023-07-03	0.01	6.61	25	9
2023-07-04	0	6.75	24	11
2023-07-05	0	6.5	25	10
2023-07-06	0	6.72	24	9
2023-07-07	0	5.08	23	13
2023-07-08	0	5.05	24	11
2023-07-09	8	6.74	24	9
2023-07-10	21	8.61	25	8
2023-07-11	0	6.95	23	8
2023-07-12	1	5.11	25	8
2023-07-13	0	8.54	24	7
2023-07-14	0	7.45	23	6
2023-07-15	0	4.2	24	6
2023-07-16	0	6.6	23	7
2023-07-17	0	7.21	25	8
2023-07-18	2	NULO	24	8
2023-07-19	0	NULO	23	8
2023-07-20	0	6.94	24	7
2023-07-21	5	5.36	24	8
2023-07-22	0	8.11	23	7
2023-07-23	0	1.63	23	7
2023-07-24	0	4.65	20	10
2023-07-25	0	4.48	21	10
2023-07-26	0	6.5	24	6
2023-07-27	1	6.63	23	7
2023-07-28	17	6.92	24	3
2023-07-29	0	5.3	22	6
2023-07-30	0.01	2.33	18	7
2023-07-31	0	NULO	25	9
2023-08-01	0	7.24	25	9
2023-08-02	0	6.75	26	7
2023-08-03	1.5	5.42	25	7
2023-08-04	4	3.48	26	10
2023-08-05	2	4.49	27	9
2023-08-06	0	3.32	27	10
2023-08-07	0	3.14	23	6
2023-08-08	0	5.37	22	7
2023-08-09	4	4.41	25	4
2023-08-10	20	7.04	26	8
2023-08-11	0	3.88	26	8
2023-08-12	0.01	5.71	25	9
2023-08-13	0	6.34	25	6
2023-08-14	0	4.99	23	8
2023-08-15	0	6.01	22	8
2023-08-16	0	5.03	22	6
2023-08-17	27	4.2	21	10
2023-08-18	15	7.21	21	11
2023-08-19	12	4.93	20	9
2023-08-20	2	4.28	26	9
2023-08-21	0	4.32	20	9
2023-08-22	0	4.75	22	9
2023-08-23	2	4.56	18	7
2023-08-24	0	4.48	20	9
2023-08-25	0	3.11	21	5
2023-08-26	0	5.16	22	5
2023-08-27	0	4.34	20	9
2023-08-28	0	4.9	22	10
2023-08-29	0	5.43	23	7
2023-08-30	0	6.14	25	4
2023-08-31	15	NULO	23	4
2023-09-01	0	4.01	23	9
2023-09-02	0	4.4	24	7
2023-09-03	0	6.51	25	3
2023-09-04	0	4.97	25	7
2023-09-05	0	0.67	27	6
2023-09-06	0	6.4	25	9
2023-09-07	0	6.16	26	10
2023-09-08	0	6.69	25	5
2023-09-09	0	5	25	4
2023-09-10	0	4.64	23	6
2023-09-11	0	6.01	24	4
2023-09-12	0	6.85	25	4
2023-09-13	0	5.65	25	4
2023-09-14	0	4.78	27	3
2023-09-15	0	4.84	26	9
2023-09-16	0	5.85	24	8
2023-09-17	0	3.81	24	11
2023-09-18	0	3.08	21	10
2023-09-19	0	1.23	24	10
2023-09-20	0	5.51	25	4
2023-09-21	0	6.54	25	3
2023-09-22	0	5.95	27	4
2023-09-23	0	5.4	26	4
2023-09-24	0	6.1	27	3
2023-09-25	0	6.04	25	4
2023-09-26	0	6.02	24	5
2023-09-27	0	6.42	24	4
2023-09-28	0	4.77	25	4
2023-09-29	0	5.85	24	4
2023-09-30	0	NULO	25	5
2023-10-01	0	5.61	24	6
2023-10-02	0	3.46	24	9
2023-10-03	0	1.71	25	10
2023-10-04	0	5.15	25	8
2023-10-05	0	6.12	25	6
2023-10-06	0	5.7	24	8
2023-10-07	0.01	1.59	14	10
2023-10-08	2	1.88	12	8
2023-10-09	18	5.42	20	8
2023-10-10	3	1.85	18	8
2023-10-11	0	3.28	18	9
2023-10-12	0	3.57	23	5
2023-10-13	0	4.62	25	7
2023-10-14	0	2.86	21	11
2023-10-15	0.01	0.48	16	9
2023-10-16	0	4.22	16	6
2023-10-17	0	3.77	19	4
2023-10-18	0	4.66	21	-2
2023-10-19	0	5.72	22	3
2023-10-20	0	4.7	22	9
2023-10-21	0	4.06	25	0
2023-10-22	4	4.09	24	3
2023-10-23	3	3.76	22	10
2023-10-24	1	3.12	21	9
2023-10-25	9	3.71	16	10
2023-10-26	31	4.77	19	10
2023-10-27	0	3.89	20	11
2023-10-28	0	3.39	22	8
2023-10-29	0	3.1	22	3
2023-10-30	0	3.77	19	3
2023-10-31	0	NULO	20	7
2023-11-01	0	2.65	13	4
2023-11-02	0	3.08	20	3
2023-11-03	0	3.25	21	3
2023-11-04	0	3.38	21	1
2023-11-05	0	4.04	20	0
2023-11-06	0	4.4	23	1
2023-11-07	0	3.48	24	3
2023-11-08	0	5.38	25	5
2023-11-09	2	0.15	23	5
2023-11-10	13	0.29	20	8
2023-11-11	1.5	2.59	19	10
2023-11-12	2	4.58	21	6
2023-11-13	2	2.46	18	7
2023-11-14	0	1.88	17	7
2023-11-15	2	6.2	21	2
2023-11-16	0	3.22	22	-2
2023-11-17	0	3.69	23	1
2023-11-18	0	0.89	22	-2
2023-11-19	0	3.09	24	1
2023-11-20	0	3.37	24	7
2023-11-21	5.5	1.77	16	4
2023-11-22	7	2.47	7	2
2023-11-23	2	1.36	16	1
2023-11-24	0	3.29	19	-1
2023-11-25	0	3.99	21	2
2023-11-26	4	2.61	22	0
2023-11-27	0	3.18	17	3
2023-11-28	0	1.62	18	8
2023-11-29	4	2.02	17	7
2023-11-30	0	NULO	18	5
2023-12-01	0	4.07	18	6
2023-12-02	1	2.56	20	5
2023-12-03	5	1.31	13	6
2023-12-04	0	2.61	16	7
2023-12-05	7	2.42	17	7
2023-12-06	6	3.19	13	6
2023-12-07	3	1.72	11	6
2023-12-08	0	2.16	19	1
2023-12-09	0	2.69	20	5
2023-12-10	0	4.75	13	3
2023-12-11	10	2.65	10	3
2023-12-12	0	2.38	15	2
2023-12-13	0.01	1.69	15	4
2023-12-14	0.01	0.93	17	5
2023-12-15	0	2.15	18	6
2023-12-16	0	2.16	16	6
2023-12-17	0	1.72	18	2
2023-12-18	0	2.98	18	-3
2023-12-19	0	3.56	18	-2
2023-12-20	0	2.79	19	-4
2023-12-21	0	2.77	19	-1
2023-12-22	0	1.78	18	-2
2023-12-23	0.01	2.05	19	-1
2023-12-24	0.01	2.1	16	3
2023-12-25	0.01	1.72	18	3
2023-12-26	3	0.13	12	5
2023-12-27	0	1.95	14	3
2023-12-28	0	3.85	18	-4
2023-12-29	0	1.29	15	-1
2023-12-30	0	2.4	17	2
2023-12-31	0	NULO	18	-1
2024-01-01	0	4.13	20	-1
2024-01-02	0	3.1	18	2
2024-01-03	0	2.71	21	2
2024-01-04	0	4.82	20	-1
2024-01-05	0	5.08	19	-2
2024-01-06	0	2.89	20	1
2024-01-07	0.01	2.26	16	5
2024-01-08	0	1.96	20	1
2024-01-09	0	5.08	20	1
2024-01-10	0	4.8	21	1
2024-01-11	0	5.18	20	2
2024-01-12	0	5.21	22	2
2024-01-13	0	3.54	21	4
2024-01-14	0	3.9	22	3
2024-01-15	0	4.55	23	3
2024-01-16	0	6.01	24	2
2024-01-17	0	4.07	23	2
2024-01-18	0	4.07	22	4
2024-01-19	0	3.36	20	5
2024-01-20	0.01	1.85	14	4
2024-01-21	16	2.68	15	3
2024-01-22	0	2.52	19	3
2024-01-23	0	4.56	21	2
2024-01-24	0	4.88	22	3
2024-01-25	0	5.03	22	3
2024-01-26	0	5.53	23	-1
2024-01-27	0	0.88	22	-1
2024-01-28	0	3.23	17	4
2024-01-29	0	2.77	18	1
2024-01-30	0	3.42	16	0
2024-01-31	0	NULO	21	2
2024-02-01	0	2.87	18	3
2024-02-02	0	5.96	22	2
2024-02-03	0	6.14	20	2
2024-02-04	0	5.74	20	0
2024-02-05	0	4.22	20	-5
2024-02-06	0	5.5	22	-6
2024-02-07	0	4.88	25	-4
2024-02-08	0	4.55	22	-3
2024-02-09	0	6.52	20	3
2024-02-10	0	0.76	24	2
2024-02-11	0	NULO	24	2
2024-02-12	0	NULO	22	3
2024-02-13	0	NULO	19	0
2024-02-14	0	NULO	20	2
2024-02-15	0	NULO	21	2
2024-02-16	9	NULO	18	3
2024-02-17	2	NULO	13	1
2024-02-18	0	NULO	17	3
2024-02-19	0	NULO	22	-2
2024-02-20	0	NULO	24	-2
2024-02-21	0	NULO	25	-4
2024-02-22	0	NULO	24	-1
2024-02-23	0	NULO	22	2
2024-02-24	0	NULO	24	4
2024-02-25	0	NULO	26	0
2024-02-26	0	NULO	27	0
2024-02-27	0	NULO	27	4
2024-02-28	0	NULO	27	6
2024-02-29	0	NULO	24	4
2024-03-01	0	NULO	25	4
2024-03-02	0	NULO	24	4
2024-03-03	0	NULO	24	5
2024-03-04	0	NULO	24	4
2024-03-05	0	NULO	24	3
2024-03-06	0	NULO	26	0
2024-03-07	0	NULO	27	3
2024-03-08	0	NULO	27	1
2024-03-09	0	NULO	28	2
2024-03-10	0	NULO	23	6
2024-03-11	0	NULO	26	2
2024-03-12	0	NULO	25	2
2024-03-13	0	NULO	25	3
2024-03-14	0	NULO	28	4
2024-03-15	0	NULO	26	3
2024-03-16	0.01	8.41	29	5
2024-03-17	0	7.2	26	4
2024-03-18	0	6.56	27	3
2024-03-19	0	6.89	26	8
2024-03-20	0	7.86	25	4
2024-03-21	0	7.64	26	6
2024-03-22	0	8.49	25	6
2024-03-23	0	5.5	27	3
2024-03-24	0	11.02	27	2
2024-03-25	0	1.54	26	8
2024-03-26	0	7.56	26	3
2024-03-27	0	7.14	25	1
2024-03-28	0	6.42	20	5
2024-03-29	0	5.94	26	-2
2024-03-30	0	8.56	26	4
2024-03-31	0	NULO	27	5
2024-04-01	0	10.69	22	5
2024-04-02	0	6.35	27	5
2024-04-03	0	6.9	24	4
2024-04-04	0	6.89	24	2
2024-04-05	0	7.96	26	0
2024-04-06	0	8.12	27	3
2024-04-07	0	6.43	26	5
2024-04-08	0	11.05	26	5
2024-04-09	0	9.54	26	4
2024-04-10	0	6.26	26	6
2024-04-11	0	7.7	23	4
2024-04-12	0	7.99	27	0
2024-04-13	0	7.4	28	3
2024-04-14	0	9.04	28	3
2024-04-15	0.01	6.77	30	3
2024-04-16	0.01	7.91	30	9
2024-04-17	0.01	8.04	30	8
2024-04-18	14	9.38	30	9
2024-04-19	0.01	4.75	27	10
2024-04-20	0	8.8	28	9
2024-04-21	0	5.61	26	7
2024-04-22	0	5.96	24	10
2024-04-23	0	6.87	27	7
2024-04-24	0	8.36	28	7
2024-04-25	0	6.4	27	7
2024-04-26	0	5.39	24	10
2024-04-27	0	11.21	27	8
2024-04-28	0	7.55	27	7
2024-04-29	0	8.6	28	4
2024-04-30	0	NULO	29	5
2024-05-01	0	8.75	28	9
2024-05-02	0	6.56	28	7
2024-05-03	0	7.7	30	6
2024-05-04	0	1.16	30	9
2024-05-05	0	9.76	29	3
2024-05-06	0	9.92	29	10
2024-05-07	0	10.38	30	10
2024-05-08	0	9.48	31	9
2024-05-09	0	9.35	33	11
2024-05-10	0	7.51	34	11
2024-05-11	9	7.41	31	12
2024-05-12	0	9.85	29	9
2024-05-13	0	3.62	28	10
2024-05-14	0	8.8	29	8
2024-05-15	0	6.81	30	7
2024-05-16	0	10.05	30	11
2024-05-17	0	11.38	31	11
2024-05-18	0	7.97	31	10
2024-05-19	0	7.4	30	9
2024-05-20	0	10.44	31	9
2024-05-21	0	1.23	32	6
2024-05-22	0.01	11.38	32	8
2024-05-23	0	8.17	31	10
2024-05-24	0	11	33	12
2024-05-25	0	12.68	28	13
2024-05-26	4	3.45	27	12
2024-05-27	0.01	7.19	30	7
2024-05-28	7	6.3	29	13
2024-05-29	0	7.1	27	12
2024-05-30	0	7.49	28	5
2024-05-31	0	NULO	31	6
2024-06-01	0	9.68	31	7
2024-06-02	0	9.61	31	9
2024-06-03	4	7.78	30	11
2024-06-04	0.01	9.7	30	10
2024-06-05	0.01	8.74	30	9
2024-06-06	0	9.27	31	9
2024-06-07	0	9.73	29	11
2024-06-08	0	7.11	26	7
2024-06-09	10	6.94	27	11
2024-06-10	0	7.88	26	9
2024-06-11	0	5.76	26	10
2024-06-12	0	10.68	27	6
2024-06-13	0	9.33	26	8
2024-06-14	0	7.9	26	6
2024-06-15	0	8.52	26	9
2024-06-16	0	6.48	26	6
2024-06-17	0	10.93	27	5
2024-06-18	0	4.36	28	7
2024-06-19	12	2.06	28	6
2024-06-20	8	4.92	22	9
2024-06-21	10	4.62	16	9
2024-06-22	0	3.96	18	9
2024-06-23	2	4.9	23	7
2024-06-24	17	5.9	21	11
2024-06-25	4	1.65	21	11
2024-06-26	0	6	21	11
2024-06-27	23	5.48	22	11
2024-06-28	14	NULO	18	9
2024-06-29	0	NULO	22	10
2024-06-30	0	NULO	21	10
2024-07-01	0	3.77	24	6
2024-07-02	0	5.8	21	6
2024-07-03	24	NULO	23	7
2024-07-04	0	NULO	23	8
2024-07-05	0	7.45	25	8
2024-07-06	0	7.04	24	6
2024-07-07	0	2.81	25	6
2024-07-08	0	7.26	26	8
2024-07-09	0.01	6.1	23	10
2024-07-10	15	4.82	20	11
2024-07-11	0	5.26	21	11
2024-07-12	3	7.47	20	9
2024-07-13	8	3.09	20	9
2024-07-14	0	10.51	22	9
2024-07-15	32	5.41	23	10
2024-07-16	5	1.73	23	8
2024-07-17	20	5.8	21	12
2024-07-18	10	0.16	22	9
2024-07-19	3	3.97	22	10
2024-07-20	4	3	20	10
2024-07-21	4	NULO	21	10
2024-07-22	7	NULO	20	9
2024-07-23	13	3.66	21	9
2024-07-24	1	NULO	22	11
2024-07-25	22	NULO	21	10
2024-07-26	20	NULO	21	11
2024-07-27	1.5	NULO	20	10
2024-07-28	10	NULO	19	10
2024-07-29	3	5.45	21	10
2024-07-30	0	3.91	20	11
2024-07-31	0	NULO	21	9
2024-08-01	0	4.89	21	9
2024-08-02	0	4.32	20	8
2024-08-03	0	3.32	19	8
2024-08-04	0	4.8	22	5
2024-08-05	0	5.87	22	6
2024-08-06	0	3.31	22	8
2024-08-07	0	4.75	23	7
2024-08-08	0	5.82	23	5
2024-08-09	0.01	0.28	24	7
2024-08-10	0	6.32	22	8
2024-08-11	10	2.29	22	10
2024-08-12	0	3.89	21	10
2024-08-13	0	6.08	23	8
2024-08-14	0	4.85	25	7
2024-08-15	1	4.47	24	9
2024-08-16	24	2.14	21	10
2024-08-17	0.01	6.21	20	10
2024-08-18	0.01	6.31	21	9
2024-08-19	0	5.26	22	8
2024-08-20	0	3.57	21	7
2024-08-21	2	3.91	22	7
2024-08-22	0	4.99	21	7
2024-08-23	0	5.34	22	7
2024-08-24	0	4.96	23	10
2024-08-25	0	3.94	23	5
2024-08-26	0	5.15	23	5
2024-08-27	0	4.99	24	7
2024-08-28	15	3.31	23	6
2024-08-29	25	2.26	23	9
2024-08-30	0.01	4.9	23	10
2024-08-31	0	NULO	22	7
2024-09-01	2	2.9	22	7
2024-09-02	10	2.86	23	10
2024-09-03	0	2.53	23	11
2024-09-04	0	4.16	24	11
2024-09-05	11	3.14	21	9
2024-09-06	12	3.08	19	11
2024-09-07	0.01	1.08	17	8
2024-09-08	0	3.57	19	9
2024-09-09	0	3.88	20	5
2024-09-10	8	4.78	20	8
2024-09-11	10	2.5	21	9
2024-09-12	20	5.42	22	8
2024-09-13	9	3.18	22	10
2024-09-14	4	NULO	18	11
2024-09-15	13	NULO	18	11
2024-09-16	5	3.97	21	10
2024-09-17	0	2.52	20	9
2024-09-18	0.01	2.03	23	8
2024-09-19	0	3.06	22	10
2024-09-20	0	4.41	23	8
2024-09-21	0	4.89	24	7
2024-09-22	0	4.34	23	9
2024-09-23	0	4.65	22	9
2024-09-24	0	3.66	18	8
2024-09-25	1	2.26	22	7
2024-09-26	0	4.32	18	9
2024-09-27	18	4.77	17	8
2024-09-28	9	2.97	18	8
2024-09-29	0	1.31	14	9
2024-09-30	0	NULO	19	6
2024-10-01	0	2.53	15	8
2024-10-02	0	2.34	17	9
2024-10-03	0	5.49	19	1
2024-10-04	0	2.94	19	2
2024-10-05	0	2.15	20	6
2024-10-06	1	2.92	19	8
2024-10-07	2	6	14	9
2024-10-08	3	2.68	17	4
2024-10-09	0	3.08	19	4
2024-10-10	0	4.12	20	-2
2024-10-11	0	4.18	19	-2
2024-10-12	0	NULO	18	-2
2024-10-13	0	NULO	19	3
2024-10-14	0	3.5	19	4
2024-10-15	0	2.95	20	4
2024-10-16	0	4.23	21	2
2024-10-17	0	4.31	20	0
2024-10-18	0	4.02	20	1
2024-10-19	0	2.51	19	7
2024-10-20	6	2.89	21	6
2024-10-21	3	5.55	15	1
2024-10-22	0	3.85	19	8
2024-10-23	0	4.16	19	4
2024-10-24	0	2.04	20	3
2024-10-25	0	2.72	20	5
2024-10-26	0	3.08	15	0
2024-10-27	0	2.34	17	7
2024-10-28	0	3.64	21	6
2024-10-29	0.01	1.68	21	5
2024-10-30	0	4.45	23	4
2024-10-31	0	NULO	23	4
2024-11-01	0	1.9	21	9
2024-11-02	0	1.9	19	5
2024-11-03	0.01	2.86	20	4
2024-11-04	0	2.74	21	5
2024-11-05	0	2.41	23	4
2024-11-06	0	3.92	23	3
2024-11-07	0	4.08	24	4
2024-11-08	0	3.41	25	2
2024-11-09	0	12.17	24	3
2024-11-10	0	NULO	24	1
2024-11-11	0	NULO	23	1
2024-11-12	0	3.15	23	0
2024-11-13	0	4.56	22	2
2024-11-14	0	4.02	20	1
2024-11-15	0	4.55	21	3
2024-11-16	0	NULO	21	5
2024-11-17	0	NULO	22	4
2024-11-18	0	3.71	21	4
2024-11-19	0	5.59	21	5
2024-11-20	0	5.09	20	3
2024-11-21	0	4.55	20	4
2024-11-22	0	4.56	21	3
2024-11-23	0	3.8	22	6
2024-11-24	0	4.7	21	5
2024-11-25	0	6.45	20	5
2024-11-26	0	3.95	20	4
2024-11-27	0	4.3	19	4
2024-11-28	0	1.5	20	3
2024-11-29	0	5.5	21	4
2024-11-30	0	NULO	20	4
2024-12-01	0	4.65	25	0
2024-12-02	0	8.8	21	0
2024-12-03	0	NULO	19	-2
2024-12-04	0	NULO	20	1
2024-12-05	0	3.71	21	-1
2024-12-06	0	2.74	18	1
2024-12-07	0	2.38	19	5
2024-12-08	0	3.12	21	1
2024-12-09	0	NULO	NULO	NULO
2025-01-03	0	2.96	NULO	NULO
2025-01-04	0	3.64	18	0
2025-01-05	0	6.22	20	2
2025-01-06	0	2.99	21	1
2025-01-07	0	3.94	19	-2
2025-01-08	0	5.2	17	1
2025-01-09	0	4.35	19	0
2025-01-10	0	5.25	20	-1
2025-01-11	0	5.35	22	-2
2025-01-12	0	5.91	19	1
2025-01-13	0	4.34	18	0
2025-01-14	0	5.3	20	-1
2025-01-15	0	3.85	21	2
2025-01-16	0	4.1	20	1
2025-01-17	0	5.4	22	1
2025-01-18	0	1.41	23	0
2025-01-19	0	1.01	22	0
2025-01-20	0	4.28	21	-2
2025-01-21	0	3.39	22	0
2025-01-22	0	4.66	20	1
2025-01-23	0	2.54	21	-1
2025-01-24	0	3.51	13	-1
2025-01-25	0	3.56	21	-2
2025-01-26	0	4.23	20	0
2025-01-27	0	4.2	19	-1
2025-01-28	0	0.01	21	1
2025-01-29	0	3.33	21	-1
2025-01-30	0	0.6	22	1
2025-01-31	0	NULO	23	2
2025-02-01	0	4.43	19	0
2025-02-02	0	0.8	22	0
2025-02-03	0	3.29	21	-1
2025-02-04	0	5.23	20	1
2025-02-05	0	2.88	19	0
2025-02-06	0	6.15	24	0
2025-02-07	0	5.14	23	-1
2025-02-08	0	4.69	22	-3
2025-02-09	0	4.83	23	-2
2025-02-10	0	3.77	22	0
2025-02-11	0.01	4.1	24	1
2025-02-12	0	5.81	22	2
2025-02-13	0	4.32	21	2
2025-02-14	0	2.83	22	6
2025-02-15	0	1.63	19	6
2025-02-16	0	4.5	21	4
2025-02-17	1	5.2	22	5
2025-02-18	2	3.4	21	4
2025-02-19	2	2.6	16	7
2025-02-20	2	2.26	20	4
2025-02-21	4	1.55	20	3
2025-02-22	0	2.76	21	3
2025-02-23	0	6.21	22	3
2025-02-24	0	4.57	21	-1
2025-02-25	0	6.55	23	-3
2025-02-26	0	6.08	24	0
2025-02-27	0	4.64	27	2
2025-02-28	0	NULO	28	3
2025-03-01	0	5.65	25	4
2025-03-02	0	4.89	25	3
2025-03-03	0	5.51	25	4
2025-03-04	0	1.1	24	7
2025-03-05	0	4.89	26	1
2025-03-06	0	3.61	23	0
2025-03-07	0	5.5	23	7
2025-03-08	0	9.68	25	2
2025-03-09	0	5.69	25	1
2025-03-10	0	6.82	25	-2
2025-03-11	0	6.61	25	-1
2025-03-12	0	6.1	24	0
2025-03-13	0	6.63	26	2
2025-03-14	0	0.33	24	7
2025-03-15	0	8.84	25	2
2025-03-16	0	12.17	24	0
2025-03-17	0	7.07	23	-2
2025-03-18	0	6.71	24	-1
2025-03-19	0	5.99	24	5
2025-03-20	0	5.02	18	6
2025-03-21	0	5.1	23	-1
2025-03-22	0	3.8	22	4
2025-03-23	1.6	7.4	22	4
2025-03-24	0	9.5	22	5
2025-03-25	0	4.72	25	4
2025-03-26	0	4.58	25	2
2025-03-27	0	3.5	25	3
2025-03-28	0	4.5	25	1
2025-03-29	0	6.47	24	1
2025-03-30	0	5.78	25	2
2025-03-31	0	NULO	27	3
2025-04-01	0	7.4	26	3
2025-04-02	0	8.47	28	5
2025-04-03	0	2.72	21	4
2025-04-04	0	6.79	27	5
2025-04-05	0	13.94	27	3
2025-04-06	0	9.66	26	3
2025-04-07	0	4.5	20	4
2025-04-08	0	3.88	16	-2
2025-04-09	0	6.72	20	-2
2025-04-10	0	6.55	21	-1
2025-04-11	0	6.85	23	-5
2025-04-12	0	8.27	23	1
2025-04-13	0	2.51	25	-3
2025-04-14	0	7.92	25	-2
2025-04-15	0	9.25	25	-1
2025-04-16	0	6.51	25	-1
2025-04-17	0	5.9	22	1
2025-04-18	0	7.74	28	5
2025-04-19	0	7.14	28	6
2025-04-20	0	6.31	27	6
2025-04-21	0	3.91	27	8
2025-04-22	0	8.65	27	5
2025-04-23	0	8.63	27	5
2025-04-24	0	8.77	28	6
2025-04-25	0	7.93	27	4
2025-04-26	0	8.22	28	4
2025-04-27	0	8.1	27	2
2025-04-28	0	7.95	28	3
2025-04-29	0	2.15	27	4
2025-04-30	0	NULO	27	4
2025-05-01	0	9.9	28	7
2025-05-02	0	6.4	27	5
2025-05-03	0	9.89	28	6
2025-05-04	0	12.66	20	6
2025-05-05	0	8.88	28	7
2025-05-06	0	2.38	28	5
2025-05-07	0	9.7	29	5
2025-05-08	0	10.4	29	7
2025-05-09	6	8.25	27	8
2025-05-10	0	7.3	23	7
2025-05-11	0	5.61	21	6
2025-05-12	0	7.59	26	4
2025-05-13	0	8.3	27	3
2025-05-14	0.01	9.21	29	3
2025-05-15	0	8.45	28	7
2025-05-16	0	10.35	30	9
2025-05-17	0	10.92	30	7
2025-05-18	0	9.48	30	10
2025-05-19	0	9.8	29	9
2025-05-20	0	10.55	30	11
2025-05-21	0	0.4	29	9
2025-05-22	0.01	8.66	28	11
2025-05-23	0	8.31	28	7
2025-05-24	0	9.04	27	5
2025-05-25	35	9.15	23	9
2025-05-26	0	3.9	25	9
2025-05-27	0	6.4	24	8
2025-05-28	26	15.62	25	8
2025-05-29	3	3	24	9
2025-05-30	15	15.08	24	9
2025-05-31	78	NULO	22	10
2025-06-01	29	NULO	21	9
2025-06-02	4	4	21	10
2025-06-03	0	4.9	23	11
2025-06-04	0	3.7	24	11
2025-06-05	0	5.09	23	10
2025-06-06	0	6.1	24	10
2025-06-07	0	5.02	25	10
2025-06-08	0	6.49	26	7
2025-06-09	0	7.4	25	9
2025-06-10	0	5.11	25	11
2025-06-11	1	5.89	23	11
2025-06-12	0	6.4	23	9
2025-06-13	15	10.1	23	10
2025-06-14	17	NULO	22	11
2025-06-15	0	NULO	21	11
2025-06-16	0	5.41	20	9
2025-06-17	0	3.76	21	8
2025-06-18	12	3.8	18	7
2025-06-19	8	3.8	19	10
2025-06-20	43	NULO	18	10
2025-06-21	65	NULO	14	10
2025-06-22	0	3.85	17	9
2025-06-23	0	3.82	17	7
2025-06-24	0	4.12	13	10
2025-06-25	0	4.51	17	8
2025-06-26	9	3.5	19	8
2025-06-27	0	5.49	20	10
2025-06-28	0	5.52	20	10
2025-06-29	0	4.59	21	8
2025-06-30	23	NULO	20	8
2025-07-01	2	NULO	20	9
2025-07-02	12	12	20	10
2025-07-03	0	3.4	21	10
2025-07-04	0	4.29	22	9
2025-07-05	0	5	22	9
2025-07-06	6	2.65	21	7
2025-07-07	11	1.66	22	6
2025-07-08	0	5.81	22	6
2025-07-09	0	4.12	20	7
2025-07-10	13	3.07	21	9
2025-07-11	6	6	23	8
2025-07-12	10	10	NULO	NULO
2025-07-13	8	8	NULO	NULO
2025-07-14	4	4	22	8
2025-07-15	4	4	20	9
2025-07-16	8	NULO	18	10
2025-07-17	24	NULO	22	10
2025-07-18	6	1.82	18	9
2025-07-19	0.01	4.17	19	7
2025-07-20	3	2.87	19	8
2025-07-21	15	4.08	21	8
2025-07-22	0	3.72	21	8
2025-07-23	0	7	22	9
2025-07-24	0	2.8	21	8
2025-07-25	0	5.57	22	5
2025-07-26	0	4.56	22	7
2025-07-27	0	3.85	18	8
2025-07-28	0	3.4	20	5
2025-07-29	0	3.72	24	7
2025-07-30	0	8.75	20	6
2025-07-31	0	NULO	21	7
2025-08-01	4	2.54	19	9
2025-08-02	0	5.51	21	6
2025-08-03	0.01	0.66	22	6
2025-08-04	0	4.51	23	4
2025-08-05	0	5.73	22	5
2025-08-06	0	4.62	21	7
2025-08-07	4	3.44	23	8
2025-08-08	0	3.19	19	10
2025-08-09	0	2.81	22	5
2025-08-10	0.01	3.66	22	6
2025-08-11	0	5.7	23	6
2025-08-12	1	2.34	22	8
2025-08-13	0	5.6	23	7
2025-08-14	1	2.06	22	7
2025-08-15	6	3.84	21	6
2025-08-16	0	4.19	22	8
2025-08-17	0	4.84	21	5
2025-08-18	0	3.8	21	5
2025-08-19	0	4.37	20	4
2025-08-20	0	0.29	22	5
2025-08-21	0	4.6	23	4
2025-08-22	4	1.73	21	9
2025-08-23	36	NULO	21	11
2025-08-24	0	NULO	21	10
2025-08-25	2	NULO	21	8
2025-08-26	0	NULO	22	9
2025-08-27	0	3.44	20	9
2025-08-28	0.01	4.01	22	10
2025-08-29	0	4.18	22	6
2025-08-30	0	4.1	23	6
2025-08-31	0	NULO	20	8
2025-09-01	19	0.64	21	9
2025-09-02	19	3.61	21	10
2025-09-03	0.01	4.06	19	9
2025-09-04	1	4.27	22	10
2025-09-05	12	4.86	22	9
2025-09-06	0	2.6	21	8
2025-09-07	0	4.18	21	9
2025-09-08	0	3.34	22	9
2025-09-09	0	4.16	20	10
2025-09-10	1.5	2.52	19	10
2025-09-11	0	4.75	22	9
2025-09-12	4	4.98	19	9
2025-09-13	0	2.83	21	9
2025-09-14	0	3.9	21	8
2025-09-15	0.01	3.26	22	9
2025-09-16	4	NULO	19	10
2025-09-17	0	NULO	19	9
2025-09-18	0	4.51	21	8
2025-09-19	0	3.45	21	8
2025-09-20	0	4.86	22	7
2025-09-21	0	1.41	21	5
2025-09-22	0	4.5	22	5
2025-09-23	0	4.35	23	7
2025-09-24	0	4.95	23	7
2025-09-25	20	1.9	21	10
2025-09-26	43	NULO	20	9
2025-09-27	0	NULO	18	10
2025-09-28	0	3.9	18	10
2025-09-29	0	4.09	19	10
2025-09-30	17	NULO	28	8
2025-10-01	0	5.02	20	2
2025-10-02	0	3.47	19	4
2025-10-03	0	4.9	19	3
2025-10-04	0	5.61	19	7
2025-10-05	14	3.99	19	6
2025-10-06	0	3.9	20	9
2025-10-07	0	4.6	20	10
2025-10-08	23	3.6	14	10
2025-10-09	7	NULO	14	9
2025-10-10	7	NULO	17	9
2025-10-11	0	2.7	17	10
2025-10-12	0	4.21	21	6
2025-10-13	0	5.39	21	3
2025-10-14	0	5.66	18	3
2025-10-15	0	4.54	18	5
2025-10-16	0	5.35	21	3
2025-10-17	0	4.54	23	4
2025-10-18	0	4.31	21	5
2025-10-19	0	4.1	21	1
2025-10-20	0	3.4	21	4
2025-10-21	0	6.3	20	1
2025-10-22	0	3.69	20	-1
2025-10-23	0	4.46	21	3
2025-10-24	0	5	20	1
2025-10-25	0	NULO	23	3
2025-10-26	0	NULO	24	5
2025-10-27	0	5.74	23	4
2025-10-28	0	3.59	22	2
2025-10-29	0	5.74	21	0
2025-10-30	0	4.1	22	7
2025-10-31	0	NULO	20	1
2025-11-01	0	4.72	21	3
2025-11-02	0	2.91	14	5
2025-11-03	0	4.6	17	2
2025-11-04	0	2.24	18	-2
2025-11-05	0	4.56	19	1
2025-11-06	0	3.21	20	-4
2025-11-07	0	2.65	22	-2
2025-11-08	0	0.73	22	-1
2025-11-09	0	2.25	12	-4
2025-11-10	0	2.06	11	-4
2025-11-11	0	3.57	21	-2
2025-11-12	0	5.5	19	-2
2025-11-13	0	5.05	20	-3
2025-11-14	0	4.6	20	-3
2025-11-15	0	3.13	23	-4
2025-11-16	0	0.7	23	1
2025-11-17	0	4.75	24	1
2025-11-18	0	5.33	25	3
2025-11-19	0	4.31	23	0
2025-11-20	0	3.97	22	-2
2025-11-21	0	2.28	23	4
2025-11-22	0	3.03	20	-4
2025-11-23	0	3.66	21	2
2025-11-24	0	0.35	20	1
2025-11-25	1	2.65	20	3
2025-11-26	0.01	4.29	19	6
2025-11-27	0.01	1.91	13	5
2025-11-28	2	3.31	15	3
2025-11-29	0	1.61	18	4
2025-11-30	0	NULO	19	1
2025-12-01	0	2.61	22	2
2025-12-02	0	3.05	22	2
2025-12-03	0	3.5	22	3
2025-12-04	11	3.97	22	3
2025-12-05	0	3.52	21	3
2025-12-06	0	1.92	17	4
2025-12-07	0	3.1	19	6
2025-12-08	5	2.53	11	6
2025-12-09	7	1.69	29	4
2025-12-10	0.01	2.8	19	4
2025-12-11	0	3.55	20	2
2025-12-12	0	2.23	21	3
2025-12-13	0	1.57	19	2
2025-12-14	0	4.44	18	1
2025-12-15	0	1.26	14	3
2025-12-16	0	1.89	18	0
2025-12-17	15	3.83	17	3
2025-12-18	0	2.93	14	1
2025-12-19	0	1.62	19	1
2025-12-20	0	3.04	19	1
2025-12-21	0	2.54	16	-3
2025-12-22	0	2.03	17	-2
2025-12-23	0	1.21	18	0
2025-12-24	0	4.36	16	0
2025-12-25	0	3.33	15	2
2025-12-26	0	1.63	18	1
2025-12-27	0	3.4	18	1
2025-12-28	0	3.7	15	2
2025-12-29	0	3.9	19	1
2025-12-30	0	2.89	15	0
2025-12-31	0	NULO	17	1
2026-01-01	0	3.38	19	-1
2026-01-02	0	3.03	22	0
2026-01-03	0	4.04	22	0
2026-01-04	0	NULO	21	-2
2026-01-05	0	NULO	22	1
2026-01-06	0	3.87	21	4
2026-01-07	0	2.62	22	2
2026-01-08	0	3.58	21	0
2026-01-09	0	2.38	21	1
2026-01-10	0	3.19	19	1
2026-01-11	0	6.73	13	0
2026-01-12	0	1.17	14	-3
2026-01-13	0	1.98	15	-4
2026-01-14	0	2.95	18	1
2026-01-15	0	2.56	15	3
2026-01-16	1	3.74	18	2
2026-01-17	10	3.18	18	3
2026-01-18	2	1.34	14	4
2026-01-19	0	4.43	18	-2
2026-01-20	7	2.03	16	2
2026-01-21	0	2.82	18	3
2026-01-22	0	1.8	19	2
2026-01-23	0	5.37	19	0
2026-01-24	0	4.92	20	0
2026-01-25	0	2.3	21	-1
2026-01-26	0	5.29	19	1
2026-01-27	0	4.5	19	-1
2026-01-28	0	4.3	18	-1
2026-01-29	0	3.95	19	-3
2026-01-30	0	4.45	20	2
2026-01-31	0	NULO	10	-1
2026-02-01	9	2.44	14	0
2026-02-02	4	4	20	1
2026-02-03	32	0.15	21	-1
2026-02-04	0	2.63	19	1
2026-02-05	0	2.38	14	1
2026-02-06	0	2.42	18	-4
2026-02-07	0	4.34	21	-4
2026-02-08	0	3.94	20	-3
2026-02-09	0	5.82	21	-4
2026-02-10	0	5.24	24	0
2026-02-11	0	5.05	23	3
2026-02-12	0	4.09	23	-2
2026-02-13	0	1.39	24	0
2026-02-14	0	5.59	22	1
2026-02-15	0	4	21	1
2026-02-16	0	6.45	24	0
2026-02-17	0	3.45	25	2
2026-02-18	0	5.4	26	4
2026-02-19	0	4.97	26	3
2026-02-20	0	5.15	21	2
2026-02-21	0	5.58	15	1
2026-02-22	0	NULO	11	0
2026-02-23	0	NULO	15	-6
2026-02-24	0	2.45	26	-6
2026-02-25	0	4.6	22	-1
2026-02-26	0	3.95	24	3
2026-02-27	0	5.14	25	2
2026-02-28	0	NULO	25	0
2026-03-01	0	4.4	24	-1
2026-03-02	0	4.89	24	-4
2026-03-03	0	4.91	24	-2
2026-03-04	0	4.9	23	2
2026-03-05	8	0.35	22	2
2026-03-06	0	3.55	20	3
2026-03-07	0	5.39	24	3
2026-03-08	3	1.11	25	4
2026-03-09	0	4.7	24	5
2026-03-10	0	3.5	24	5
2026-03-11	0	3.5	23	5
2026-03-12	0	4.8	18	7
2026-03-13	0	3.2	23	1
2026-03-14	0.01	4.21	22	2
2026-03-15	0	4.1	24	5
2026-03-16	0	3.7	23	3
2026-03-17	0	4.6	21	2
2026-03-18	0	4.93	NULO	NULO
2026-03-19	NULO	NULO	NULO	NULO
2026-03-20	NULO	NULO	NULO	NULO
2026-03-21	NULO	NULO	NULO	NULO
2026-03-22	NULO	NULO	NULO	NULO
2026-03-23	NULO	NULO	NULO	NULO
2026-03-24	NULO	NULO	NULO	NULO
2026-03-25	NULO	NULO	NULO	NULO
2026-03-26	NULO	NULO	NULO	NULO
2026-03-27	NULO	NULO	NULO	NULO
2026-03-28	NULO	NULO	NULO	NULO
2026-03-29	NULO	NULO	NULO	NULO
2026-03-30	NULO	NULO	NULO	NULO
2026-03-31	NULO	NULO	NULO	NULO
