COMISIÓN NACIONAL DEL AGUA
COORDINACIÓN GENERAL DEL SERVICIO METEOROLÓGICO NACIONAL
BASE DE DATOS CLIMATOLÓGICA NACIONAL 

REGISTRO DIARIO HISTÓRICO
EMISIÓN   : 11/09/2026 

DATOS DISPONIBLES EN LA BASE DE DATOS A: SEPTEMBER DE 2026; 
CON LA INFORMACIÓN SUMINISTRADA POR LAS UNIDADES ADMINISTRATIVAS 

 ESTACIÓN   : 13088 
 NOMBRE     : TASQUILLO 
 ESTADO     : HIDALGO 
 MUNICIPIO  : TASQUILLO 
 SITUACIÓN  : SUSPENDIDA 
 U. ADMNVA. : DIRECCIÓN LOCAL HIDALGO 
 CVE-OMM    :   
 LATITUD    : 20.5525 ° 
 LONGITUD   : -99.30444444 ° 
 ALTITUD    : 1680 msnm 




FECHA		PRECIP	EVAP	TMAX	TMIN
		(mm)	(mm)	(°C )	(°C)
1972-09-15	NULO	NULO	NULO	NULO
1972-09-16	7.9	1	30	15
1972-09-17	0.5	3.72	29.5	15
1972-09-18	0	6.08	28.5	15
1972-09-19	0	3.16	26	12.5
1972-09-20	0	4.87	26	12.5
1972-09-21	0.01	5.95	22	12
1972-09-22	0.3	3.63	21.5	15.5
1972-09-23	0.01	6.57	27.5	14
1972-09-24	0.01	2.36	27.5	12
1972-09-25	0	4.65	31	12.5
1972-09-26	0	4.5	28	11
1972-09-27	1.3	5.3	26.5	11.5
1972-09-28	0	5	26	11.5
1972-09-29	0	4.52	27.5	10
1972-09-30	0	4.32	NULO	NULO
1972-10-01	0.01	6.15	27.5	11
1972-10-02	0.01	3.97	27.5	7
1972-10-03	9	9.96	27.5	5
1972-10-04	3	9.2	27.5	9
1972-10-05	0	4.82	25	8.5
1972-10-06	0	4.82	26.5	5.5
1972-10-07	0	4.81	28.5	15
1972-10-08	0	4.81	27.5	16.5
1972-10-09	1.5	4.81	28	11
1972-10-10	1.5	4.81	27.5	11.5
1972-10-11	0.01	4.81	25.5	11
1972-10-12	2	4.81	25	13
1972-10-13	3	4.81	24	12
1972-10-14	0	4.81	21.5	12
1972-10-15	0	4.81	23	13
1972-10-16	0	4.81	23.5	11.5
1972-10-17	0.01	4.81	24.5	8.5
1972-10-18	0	4.81	26.5	7.5
1972-10-19	0	4.81	23.5	12.5
1972-10-20	0.01	4.81	28.5	9
1972-10-21	0	4.81	25.5	8
1972-10-22	0	4.81	30	12.5
1972-10-23	0	4.81	33	12
1972-10-24	0	4.81	27	9
1972-10-25	0	4.81	27	8.5
1972-10-26	0	4.81	27	8.5
1972-10-27	0	4.81	28	10
1972-10-28	0	4.81	29	8.5
1972-10-29	0.01	4.81	30	8.5
1972-10-30	0	4.81	31	10.5
1972-10-31	0	4.81	30	9
1972-11-01	0	4.98	33.5	10
1972-11-02	0	4.62	29	9.5
1972-11-03	0	2.21	29	9.5
1972-11-04	0	3.45	27.5	12.5
1972-11-05	0	3.25	29	10
1972-11-06	0	3.58	31.5	7.5
1972-11-07	0	3.99	23	6
1972-11-08	0	6.46	26	7
1972-11-09	0	0.17	29.5	5
1972-11-10	0	4.37	25.5	6
1972-11-11	0	2.93	29.5	7
1972-11-12	1.4	2.99	28.5	11.5
1972-11-13	0	1.72	28.5	9.3
1972-11-14	0	5.35	29	12
1972-11-15	0	5.23	29	5.5
1972-11-16	0	2.89	30	9.5
1972-11-17	0	2.4	28.5	7
1972-11-18	0	2.73	28.5	9
1972-11-19	15.5	6.59	27	11
1972-11-20	10	7.92	26	9.5
1972-11-21	0	2.96	28	10
1972-11-22	0	4.33	22	10
1972-11-23	0.01	2.77	24.5	9
1972-11-24	0	2.02	25	7
1972-11-25	0	0.2	25	10
1972-11-26	0	6.34	23.5	11
1972-11-27	1	2.54	27	9
1972-11-28	2	3	25	11
1972-11-29	0	2.31	25	13
1972-11-30	0	2.31	NULO	NULO
1972-12-01	0	3.39	25	10
1972-12-02	0.01	1.11	23.5	7
1972-12-03	0	3.52	26	7.5
1972-12-04	0	3.48	27	9.5
1972-12-05	0	2.2	27	6.5
1972-12-06	0	3.65	27.5	6
1972-12-07	0	2.42	28	5.5
1972-12-08	0	2.54	27.5	6.5
1972-12-09	0	3.27	28	5
1972-12-10	0	2.59	28.5	3.5
1972-12-11	0	2.84	28	3
1972-12-12	0	3.05	25.5	6
1972-12-13	0	2.61	26.5	7.5
1972-12-14	0	2.33	26.5	7.5
1972-12-15	0	2.22	26	7.5
1972-12-16	0.01	2.61	19.5	2.5
1972-12-17	0	1.53	11.5	2.5
1972-12-18	0	2.06	21	4.5
1972-12-19	0	2.56	21.5	3
1972-12-20	1	2.27	25.5	4
1972-12-21	0	5.83	25.5	6.5
1972-12-22	0	2.89	26	-3
1972-12-23	0	2.83	24	0.5
1972-12-24	0.01	3.18	27	0
1972-12-25	0	1.32	21	0
1972-12-26	0	2.05	26	0.5
1972-12-27	0	5.08	26	3
1972-12-28	0	2	30	2
1972-12-29	0	2.78	26.5	1.5
1972-12-30	0	2.6	25	5.5
1972-12-31	0	2.87	28	6.5
1973-01-01	0	3.28	27	4
1973-01-02	0	2.12	30.5	4.5
1973-01-03	0	3.93	23.5	5.5
1973-01-04	0	2.39	28.5	5
1973-01-05	0	3	27.5	6
1973-01-06	0	2.38	28	5.5
1973-01-07	0	4.07	27.5	6.5
1973-01-08	0	1.47	27.5	7.5
1973-01-09	1	3.86	22.5	7
1973-01-10	0	1.49	25	8
1973-01-11	0	4.32	22	7.5
1973-01-12	0	1.21	24	5
1973-01-13	0	5.4	20	-4.5
1973-01-14	0	1.6	24	0
1973-01-15	0.5	3.66	19.5	-4.5
1973-01-16	0	2.59	23	-2
1973-01-17	0	3.21	24	0
1973-01-18	0	3.24	25	-2
1973-01-19	0	3.68	26.5	-1
1973-01-20	0	4.1	26.5	4.5
1973-01-21	0	5.39	26.5	2.5
1973-01-22	0	4.53	26.5	-1
1973-01-23	0	3.55	26.5	-1
1973-01-24	0	2.34	27	1.5
1973-01-25	0	4.39	25.5	-0.5
1973-01-26	0	3.7	28	1.5
1973-01-27	0	5.02	28.5	1
1973-01-28	0	3.62	29	1.5
1973-01-29	0	2.24	28.5	2
1973-01-30	0	3.14	19	-6
1973-01-31	0	2.92	25.5	0
1973-02-01	0	2.9	25.5	4
1973-02-02	0	3.8	26.5	3.5
1973-02-03	0	2.9	18.5	6
1973-02-04	0	4.3	22.5	-5
1973-02-05	0	4.9	28.5	-5
1973-02-06	0	5.6	30.5	1.5
1973-02-07	0	4	32	3
1973-02-08	0	5.7	31.5	4
1973-02-09	0	4.4	31	5.5
1973-02-10	0	4.9	23.5	-1
1973-02-11	0	4.1	29	-2
1973-02-12	0	5.4	28	-3
1973-02-13	0	4.6	27.5	1.5
1973-02-14	0	9.5	28	-2
1973-02-15	0	5.3	28.5	-4
1973-02-16	0	3.8	26	8
1973-02-17	0	4.7	27	6.5
1973-02-18	0	3.5	28.5	9
1973-02-19	0	4.8	27	13.5
1973-02-20	0	4	26	7.5
1973-02-21	0	3.8	27.5	11
1973-02-22	0	6.2	26	8.5
1973-02-23	0	6.2	30.5	9
1973-02-24	0	4.8	30.5	5.5
1973-02-25	0	4.5	28.5	4
1973-02-26	0	5.4	30	5
1973-02-27	0	5	28.5	7.5
1973-02-28	0	4.9	28.5	5
1973-03-01	0	5	28.5	4
1973-03-02	0	6.4	29.5	5.5
1973-03-03	0	5.5	31	5.5
1973-03-04	0	5.7	31	4
1973-03-05	0	7	32	6
1973-03-06	0	6.7	34	9
1973-03-07	0	6.5	31.5	6
1973-03-08	0	6	33.5	6
1973-03-09	0	6.6	34	7
1973-03-10	0	9.2	34	4
1973-03-11	0	7.9	33.5	4.5
1973-03-12	0	6.6	33.5	5.5
1973-03-13	0	6.9	35	7.5
1973-03-14	0	6.1	34	5.5
1973-03-15	0	7.2	33.5	7.5
1973-03-16	0	6.2	33.5	9.5
1973-03-17	0	6.1	32	9
1973-03-18	0	6.6	25	5
1973-03-19	0	7.4	32	7
1973-03-20	0	8.5	31.5	10
1973-03-21	3.5	7.7	33.5	12
1973-03-22	1.8	6.1	30	9.5
1973-03-23	0	6.1	31.5	7.5
1973-03-24	0	8.1	32.5	9
1973-03-25	0	8.3	32	6.5
1973-03-26	0	7.4	32.5	8.5
1973-03-27	0	7.3	34.5	5
1973-03-28	0	8.1	35	5.5
1973-03-29	0	9.9	35.5	5
1973-03-30	0	6.3	34.5	5.5
1973-03-31	0	6.6	30	9.5
1973-04-01	0	5.8	33	5.5
1973-04-02	0	6.9	33.5	6
1973-04-03	0	4.9	35	10
1973-04-04	0	1.1	33	11
1973-04-05	1.2	4.5	22.5	4
1973-04-06	0.5	2.7	15	7
1973-04-07	0	8.3	27.5	4
1973-04-08	0	8.9	29	2
1973-04-09	0	5.7	30	6.5
1973-04-10	0	5.5	24.5	2.5
1973-04-11	0	6.6	22.5	3
1973-04-12	0	6.9	32.5	6.5
1973-04-13	0	1.7	33.5	10
1973-04-14	0	9.4	32.5	12
1973-04-15	26.6	7.3	33	13.5
1973-04-16	0	3.7	29	11.5
1973-04-17	2	9.3	32	12.5
1973-04-18	0	7.5	32.5	12.5
1973-04-19	0	6.3	34.5	11
1973-04-20	0	7.7	33.5	9
1973-04-21	0	7.2	34	10
1973-04-22	0	7.7	36	10
1973-04-23	0	7.6	36	15.5
1973-04-24	0	7.3	36	13
1973-04-25	0	6.6	34	10
1973-04-26	0	7.7	34	9
1973-04-27	0	6.9	35	14.5
1973-04-28	0	7	25	10
1973-04-29	0	7.3	32.5	9
1973-04-30	11.5	8.5	34	11
1973-05-01	11.5	9	34	12.5
1973-05-02	29	6.1	24	11.5
1973-05-03	0	8	33	9.5
1973-05-04	0	6	33	10.5
1973-05-05	0	6	25.5	12.5
1973-05-06	0.5	8.5	29.5	15
1973-05-07	0	7.8	33	13.5
1973-05-08	0	5.9	33	13
1973-05-09	32	8.1	34	12
1973-05-10	0	7.6	35	11.5
1973-05-11	0	5.9	26	12
1973-05-12	0	7.5	33	12
1973-05-13	0	5.8	33	12.5
1973-05-14	0	7.2	24	13.5
1973-05-15	0	7.9	25.5	13.5
1973-05-16	0	7.6	23.5	12.5
1973-05-17	11.2	9.4	29.5	11
1973-05-18	8	7.1	27	13.5
1973-05-19	0	6.1	25	9.5
1973-05-20	0	9.1	28.5	10
1973-05-21	0	8.4	29	8
1973-05-22	0	6.5	30.5	7.5
1973-05-23	0	6.9	33	7.5
1973-05-24	0	8.2	30.5	10
1973-05-25	0	7	30	9.5
1973-05-26	0	4.8	37.5	11
1973-05-27	0	7.1	37	10.5
1973-05-28	0	4.9	38	9
1973-05-29	0	6.2	32	15
1973-05-30	0	2	30.5	12.5
1973-05-31	13	2.1	29.5	12.5
1973-06-01	0	6.9	29.5	10
1973-06-02	0	7.8	28	10
1973-06-03	0	7.6	28.5	10
1973-06-04	0	8.6	30.5	11
1973-06-05	0	7.7	28.5	12
1973-06-06	0	6.3	28	11.5
1973-06-07	0	8.4	29	9
1973-06-08	0	5.8	30	12.5
1973-06-09	0.5	3.1	31.5	12.5
1973-06-10	4.5	4.3	29	11.5
1973-06-11	0.2	6.8	31.5	12
1973-06-12	0	7.7	32.5	11.5
1973-06-13	0	4.6	30	11
1973-06-14	0	6.4	30	15.5
1973-06-15	0	2.4	33	12.5
1973-06-16	16	4.9	33	8.5
1973-06-17	0	2.8	33.5	9
1973-06-18	7.2	4.6	31	12
1973-06-19	0.1	3.5	32.5	12.5
1973-06-20	0	7.8	32	12
1973-06-21	0.8	4.1	28.5	11
1973-06-22	4	4.2	24	15
1973-06-23	44.1	9.7	23.5	14.5
1973-06-24	14.3	3.9	22	15.5
1973-06-25	10	2.2	28.5	15
1973-06-26	9.4	4.5	26	15.5
1973-06-27	0	9.1	25.5	15.5
1973-06-28	2	8.6	25	15
1973-06-29	0	3.7	25.5	16
1973-06-30	0	4.1	28	15
1973-07-01	0	4.5	27.5	15.5
1973-07-02	0.3	4.3	28	16
1973-07-03	38.5	4	27	15
1973-07-04	0	2.5	24	15
1973-07-05	3.7	2.5	24	15
1973-07-06	6.7	1.8	27.5	15
1973-07-07	0	3.2	28.5	14
1973-07-08	11.4	1.6	30	15.5
1973-07-09	13	3.8	27	14
1973-07-10	0	8.5	26.5	11
1973-07-11	0	5.5	26	10.5
1973-07-12	0	6.9	28.5	10.5
1973-07-13	0	3.6	27	11.5
1973-07-14	10	5.5	27.5	10.5
1973-07-15	0	3.4	30	13.5
1973-07-16	25.2	8.3	29.5	12.5
1973-07-17	0	6.6	28	13
1973-07-18	0	5	27	12
1973-07-19	0	4.3	26.5	12.5
1973-07-20	0	6.1	22	11
1973-07-21	0	5.2	27	11
1973-07-22	0	3.7	27.5	15
1973-07-23	0	1.4	28	15.5
1973-07-24	11.5	5.3	27	13
1973-07-25	0.2	2.2	20.5	15
1973-07-26	1	4.2	25.5	14.5
1973-07-27	0	5.5	25.5	14.5
1973-07-28	0	4.7	27.5	11.5
1973-07-29	0	3	28	12
1973-07-30	0	5.3	30	12.5
1973-07-31	0	4.1	31.5	11
1973-08-01	0	4.7	31.5	10.5
1973-08-02	0	3.1	26.5	15
1973-08-03	1.8	6.8	27	11
1973-08-04	0	4.9	27	14
1973-08-05	0	5.5	26.5	11
1973-08-06	23	3.1	26	10.5
1973-08-07	0	4.4	28.5	15
1973-08-08	5	4.6	28.5	10.5
1973-08-09	11	6.2	27	11.5
1973-08-10	0	3.1	27.5	15
1973-08-11	0	5.4	25.5	16
1973-08-12	0	6.1	26	16.5
1973-08-13	0	5.6	27	15
1973-08-14	0	4.9	27	15
1973-08-15	0	2.1	28	15.5
1973-08-16	0	6.1	28.5	16
1973-08-17	0	3.2	29	14.5
1973-08-18	0	5.9	27.5	13.5
1973-08-19	0	5.2	28	14
1973-08-20	0	5.3	27.5	13
1973-08-21	0	5.7	27	12.5
1973-08-22	7.7	2.2	26.5	15
1973-08-23	0	6.2	25	14
1973-08-24	2	7.1	27.5	14
1973-08-25	0	5.4	27	14
1973-08-26	0	6.2	27.5	13
1973-08-27	0	4.9	27	13.5
1973-08-28	0	3.9	28	14
1973-08-29	0	5.5	27	15.5
1973-08-30	0	6.6	26.5	15
1973-08-31	0	5.7	26	10.5
1973-09-01	0.5	8.4	27	13
1973-09-02	0	6.7	29	15
1973-09-03	0	4.3	30.5	14.5
1973-09-04	0	3	31	14
1973-09-05	5.5	4.3	30	13
1973-09-06	0	4.9	29	16
1973-09-07	0	2.6	29	13.5
1973-09-08	0	5.1	29.5	12.5
1973-09-09	0	6.5	29.5	11.5
1973-09-10	0	1.5	28	12
1973-09-11	0	5.1	30	14
1973-09-12	25	3.9	30	13.5
1973-09-13	0	3.4	27.5	12
1973-09-14	0	4.4	29.5	13.5
1973-09-15	0	3.1	30	13
1973-09-16	0	5.7	30	15
1973-09-17	0	2.6	28	14
1973-09-18	3.7	2.7	25	15
1973-09-19	0	5.3	27	12.5
1973-09-20	0	2	28.5	12.5
1973-09-21	0	4.7	30	12.5
1973-09-22	0	4.2	31.5	13.5
1973-09-23	4.5	5	30	14.5
1973-09-24	5	1.5	25	15
1973-09-25	0.8	4.5	27	16
1973-09-26	16	2.6	26	16.5
1973-09-27	0	2.9	24.5	15.5
1973-09-28	0	2	26	14.5
1973-09-29	0	1.6	23	14
1973-09-30	0	2.6	24.5	13.5
1973-10-01	0	6.7	27	9
1973-10-02	0	6.4	28	8
1973-10-03	0	3.3	26	7
1973-10-04	0	2.7	28	10
1973-10-05	0	4.1	32	10
1973-10-06	0	3.8	31	10.5
1973-10-07	0	3.6	32.5	10
1973-10-08	0	4.1	33	7.5
1973-10-09	1	5.1	28	9
1973-10-10	0	3.7	32	8
1973-10-11	0	2.6	30	10
1973-10-12	0	3.6	30	12
1973-10-13	1.5	5.2	29	14
1973-10-14	0	3.8	28	14.5
1973-10-15	0	2.7	26	12
1973-10-16	0	3.3	24	12
1973-10-17	0	2.9	25	12.5
1973-10-18	0	2.7	27	12
1973-10-19	0	2.8	29	8
1973-10-20	0	4.4	29.5	8
1973-10-21	0	3.5	31	7
1973-10-22	3	6.5	31	9
1973-10-23	0	2.6	32	8
1973-10-24	0	4.5	31.5	9
1973-10-25	0	2.5	30	10
1973-10-26	0	3.9	30	8
1973-10-27	0	3.3	28.5	9
1973-10-28	0	3.1	23	11.5
1973-10-29	0	3.4	24	7.5
1973-10-30	0	4.5	26	6.5
1973-10-31	0	2.7	25	6
1973-11-01	0	2.9	29	8
1973-11-02	0	4.7	29.5	5.5
1973-11-03	0	4.2	26	5
1973-11-04	0.5	3.5	16	8
1973-11-05	0	3.5	21	5
1973-11-06	0	4.5	27	3
1973-11-07	0	12.8	28	5
1973-11-08	0	1.3	29	6
1973-11-09	0	3.6	28	6
1973-11-10	0	1.4	27	7
1973-11-11	0	3.6	28	4
1973-11-12	0	4.1	28	1
1973-11-13	0	2.8	29	3
1973-11-14	0	3.1	24.5	8
1973-11-15	0	3	20	3
1973-11-16	1	4.8	22	-1.5
1973-11-17	0	2.6	27	0
1973-11-18	2.5	2.5	27.5	0
1973-11-19	0	3.4	28	2
1973-11-20	0	2.2	28	-1.5
1973-11-21	0	1.2	29	1
1973-11-22	0	3.1	30	3
1973-11-23	0	2.2	24	2
1973-11-24	0	2.7	23	2.5
1973-11-25	0	2.6	28	2
1973-11-26	0	2.9	29	3
1973-11-27	0	4.8	29.5	2.5
1973-11-28	0	1.8	27	3
1973-11-29	0	1.9	25	4
1973-11-30	0	3.5	21	3
1973-12-01	0	1.6	29	3
1973-12-02	0	2.3	27	0.5
1973-12-03	0	1.8	27	-2
1973-12-04	0	1.6	24	0
1973-12-05	0	2.6	26	3
1973-12-06	0	2.6	20	3.5
1973-12-07	0	1.9	23	4
1973-12-08	0	3.5	26	3
1973-12-09	0	4.8	27	4
1973-12-10	0	3.9	24	2
1973-12-11	0	4.1	27	-1.5
1973-12-12	0	2.8	27	2
1973-12-13	0	1.9	27.5	6
1973-12-14	0	3.8	27	3
1973-12-15	0	2.2	28	2
1973-12-16	0	3.1	24	3
1973-12-17	0	3.3	29	3
1973-12-18	0	3	30	3
1973-12-19	0	3.8	26	2
1973-12-20	0	2.8	28	5
1973-12-21	0	3.3	29.5	4
1973-12-22	0	4.5	28.5	5
1973-12-23	0	4.5	29.5	5
1973-12-24	0	3.2	25	6.5
1973-12-25	0	3.4	28	4
1973-12-26	0	3.6	27	6
1973-12-27	0	4.4	27	3
1973-12-28	0	5.1	29	0
1973-12-29	0	2.7	29	-1.5
1973-12-30	0	3.6	25.5	-1.5
1973-12-31	0	4.4	21	0
1974-01-01	0	2.2	25	4
1974-01-02	0	1.9	26	4
1974-01-03	0	1.9	26	3
1974-01-04	0	2.6	26.5	4
1974-01-05	0	2.7	26.5	3
1974-01-06	0	2.7	28	4
1974-01-07	0	3.2	26	5
1974-01-08	0	3.1	28	3
1974-01-09	0	3.6	29	4
1974-01-10	0	2.4	27.5	3
1974-01-11	0	2.7	25	4
1974-01-12	0	4.6	27	4
1974-01-13	0	5.7	26	7
1974-01-14	0	3.5	25	5
1974-01-15	0	1.4	21	3
1974-01-16	0	2.8	25.5	3
1974-01-17	0	2.4	27	3.5
1974-01-18	0	2.2	27	2
1974-01-19	0	2.2	28.5	3
1974-01-20	0	2.3	27	4
1974-01-21	0	2.1	29.5	4
1974-01-22	0	2.9	28	3.5
1974-01-23	2	2.3	28.5	3.5
1974-01-24	0.5	3.8	26	4
1974-01-25	0	3.1	25	5
1974-01-26	0	2.5	24.5	6
1974-01-27	0	3.1	26	6
1974-01-28	0	2.1	26	5
1974-01-29	0	2.3	27	6
1974-01-30	0	3.7	26	5
1974-01-31	0	3.2	28	5
1974-02-01	0	3.1	28	5
1974-02-02	0	3.6	29	5
1974-02-03	0	4.9	28.5	5
1974-02-04	0	2.2	28	6
1974-02-05	0	2.9	27	5
1974-02-06	0	3.1	27	4
1974-02-07	0	3.3	28	5
1974-02-08	0.5	2.9	23	6
1974-02-09	0	1.8	16	3
1974-02-10	0	3.2	26	0
1974-02-11	0	3.1	27	-1
1974-02-12	0	1.8	29	1
1974-02-13	0	4.4	30	2
1974-02-14	0	4.1	29	4
1974-02-15	0	2.7	29	4
1974-02-16	0	3.2	28	5
1974-02-17	0	4.2	30	6
1974-02-18	0	5.3	31	6
1974-02-19	0	6.2	29	5
1974-02-20	0	5.3	32	5
1974-02-21	0	5.1	30	5
1974-02-22	0	1.5	20	6
1974-02-23	0	4.2	26	3
1974-02-24	0	3.1	23	5
1974-02-25	0	2.7	19	5
1974-02-26	0	4.4	21	4
1974-02-27	0	2.2	28	0
1974-02-28	0	2.3	26	4
1974-03-01	0	4.6	27.5	2
1974-03-02	0	4.1	28.5	2.5
1974-03-03	0	4.1	30	3
1974-03-04	0	4.1	32.5	4
1974-03-05	0	5.3	32.5	4
1974-03-06	0	5.5	32	4.5
1974-03-07	0	3.6	31.5	5
1974-03-08	0	8.2	32	6
1974-03-09	0	3.1	32	8
1974-03-10	0	3.1	30	9
1974-03-11	4	7.2	28	10
1974-03-12	10	8.4	29	10
1974-03-13	0	8.4	29	8
1974-03-14	0.5	8.5	26.5	8
1974-03-15	1.5	3.4	27	9.5
1974-03-16	5	5.1	26.5	9
1974-03-17	1	5.9	26	10
1974-03-18	0	1.3	25	10
1974-03-19	0	4.5	25	8
1974-03-20	0	4	26	8
1974-03-21	0	6.1	31.5	7
1974-03-22	0	5.6	33	9
1974-03-23	0	4.7	33.5	8
1974-03-24	0	4.5	33	8
1974-03-25	0	4.4	32	9.5
1974-03-26	0	2.5	32.5	8.5
1974-03-27	0	5.1	31	7
1974-03-28	0	4.7	31	8
1974-03-29	0	4.7	32.5	9
1974-03-30	0	4.7	32	9
1974-03-31	0	6.1	32.5	10
1974-04-01	0	7.3	32	13
1974-04-02	0	4.2	31.5	10
1974-04-03	0	8.3	32	11
1974-04-04	0	6.8	33.5	10
1974-04-05	0	5.5	28	10
1974-04-06	0	4	28.5	9
1974-04-07	0	3.4	31.5	8
1974-04-08	0	2.7	31.5	8
1974-04-09	0	7.6	29	9
1974-04-10	0	3.7	29	10
1974-04-11	0	6.5	31.5	12
1974-04-12	0	7.1	33	11
1974-04-13	0	4.9	33	10
1974-04-14	6	3.5	30	11
1974-04-15	9.5	3.2	28	12
1974-04-16	2	4.5	26	12
1974-04-17	1	3.6	28	11.5
1974-04-18	0	4.5	29	10
1974-04-19	0	5.2	31	11.5
1974-04-20	0	4.3	32.5	11
1974-04-21	0	6.6	34	10
1974-04-22	0	5.7	35	11
1974-04-23	0	5.4	30	12
1974-04-24	0	4.7	28	12
1974-04-25	0	4.9	27.5	11
1974-04-26	0	5.5	29	13
1974-04-27	0	4.9	31	11
1974-04-28	0	3.6	32.5	10
1974-04-29	1	6.9	32	11.5
1974-04-30	13	5.8	33	12
1974-05-01	1	5.3	28.5	12.5
1974-05-02	3.5	5.7	30.5	13
1974-05-03	1	5.7	31	12
1974-05-04	0	4.6	31.5	12
1974-05-05	0	7.8	33	13
1974-05-06	0	5.3	32	12
1974-05-07	0	5.5	32.5	11
1974-05-08	0	5.5	34.5	12.5
1974-05-09	0	5.8	35	12.5
1974-05-10	0	9.7	35.5	11
1974-05-11	0	9.1	35	11.5
1974-05-12	0	9.4	34	11.5
1974-05-13	0	9.2	34	12
1974-05-14	0	5.9	35	12
1974-05-15	0	9.4	34.5	12
1974-05-16	0	4.9	34.5	12.5
1974-05-17	1.5	5	33	14
1974-05-18	0	8.9	30	14.5
1974-05-19	0	6.6	30	12
1974-05-20	0	5.2	31	11
1974-05-21	0	6.4	32.5	11
1974-05-22	0	7.7	32	13
1974-05-23	0	5.9	31	12.5
1974-05-24	0	5.8	30	11
1974-05-25	0	3.2	30	10
1974-05-26	10	10.1	28	11
1974-05-27	1	6.3	27	12
1974-05-28	1.5	4.6	29	11.5
1974-05-29	9	5.4	29	11
1974-05-30	5	6.2	28.5	12
1974-05-31	0	6	30	14
1974-06-01	0	4.6	32	14
1974-06-02	0	5.2	30	14
1974-06-03	0	6.3	29	13.5
1974-06-04	0	4.6	31	14
1974-06-05	0	6.3	33	12
1974-06-06	0.5	7.4	30	13
1974-06-07	0	3.4	31.5	13
1974-06-08	0	5.7	34	15
1974-06-09	0	5.1	35	12
1974-06-10	0	6.7	30	12
1974-06-11	0	5.1	29	10.5
1974-06-12	0	5	29	15
1974-06-13	0	4.8	30	17
1974-06-14	0	3.7	28	16.5
1974-06-15	0	3.2	28	15
1974-06-16	0	3.2	28	15
1974-06-17	0	3.7	24.5	14
1974-06-18	0	2.8	26	12.5
1974-06-19	0	2.3	25	16
1974-06-20	0	3.7	25	13
1974-06-21	1.5	3.1	23	14
1974-06-22	5	4.5	24.5	13
1974-06-23	0	5.2	25	12
1974-06-24	6	5.1	26	12
1974-06-25	0	4.7	27	11
1974-06-26	0	3.7	26	11
1974-06-27	0	5.9	26	10
1974-06-28	0	3.7	25	11
1974-06-29	0.5	3.3	28	10.5
1974-06-30	9	3.7	28	12
1974-07-01	0	4.5	28	16
1974-07-02	0.3	4.3	28	16
1974-07-03	38.5	4	27	15
1974-07-04	0	2.48	24	15
1974-07-05	3.7	2.48	25	15
1974-07-06	6.7	1.85	28	15
1974-07-07	0	3.18	28.5	14
1974-07-08	11.4	1.56	30	15.5
1974-07-09	13	3.83	27	14
1974-07-10	0	8.46	26.5	11
1974-07-11	0	5.52	26	10.5
1974-07-12	0	6.9	28.5	10.5
1974-07-13	0	3.62	27	11.5
1974-07-14	10	5.46	27.5	10.5
1974-07-15	0	3.44	30	13.5
1974-07-16	25.2	8.32	29.5	12.5
1974-07-17	0	6.64	28	13
1974-07-18	0	5	27	12
1974-07-19	0	4.3	26.5	12.5
1974-07-20	0	6.06	22	11
1974-07-21	0	5.19	27	11
1974-07-22	0	3.74	27.5	15
1974-07-23	0	1.42	28	15.5
1974-07-24	11.5	5.3	27	13
1974-07-25	0.2	2.19	20.5	15
1974-07-26	1	4.25	25.5	14.5
1974-07-27	0	5.5	25.5	14.5
1974-07-28	0	4.75	27.5	11.5
1974-07-29	0	3.03	28	12
1974-07-30	0	5.35	30	12.5
1974-07-31	0	4.1	31.5	11
1974-08-01	0	4.65	31.5	10.5
1974-08-02	0	3.11	26.5	15
1974-08-03	1.8	6.81	27	11
1974-08-04	0	4.88	27	14
1974-08-05	0	5.51	26.5	11
1974-08-06	23	3.09	26	10.5
1974-08-07	0	4.43	28.5	15
1974-08-08	5	4.58	28.5	10.5
1974-08-09	11	6.18	27	11.5
1974-08-10	0	3.06	27.5	15
1974-08-11	0	5.41	25.5	16
1974-08-12	0	6.08	26	16.5
1974-08-13	0	5.6	27	15
1974-08-14	0	4.91	27	15
1974-08-15	0	2.12	28	15.5
1974-08-16	0	6.08	28.5	16
1974-08-17	0	3.15	29	14.5
1974-08-18	0	5.91	27.5	13.5
1974-08-19	0	5.18	28	14
1974-08-20	0	5.34	27.5	13
1974-08-21	0	5.68	27	12.5
1974-08-22	7.7	2.23	26.5	15
1974-08-23	0	6.23	25	14
1974-08-24	2	7.12	27.5	14
1974-08-25	0	5.38	27	14
1974-08-26	0	6.17	27.5	13
1974-08-27	0	4.86	27	13.5
1974-08-28	0	3.88	28	14
1974-08-29	0	5.49	27	15.5
1974-08-30	0	6.57	26.5	15
1974-08-31	0	5.75	26	10.5
1974-09-01	0.5	8.4	27	13
1974-09-02	0	6.7	29	15
1974-09-03	0	4.3	30.5	14.5
1974-09-04	0	2.95	31	14
1974-09-05	5.5	4.33	30	13
1974-09-06	0	4.92	29	16
1974-09-07	0	2.6	29	13.5
1974-09-08	0	5.1	29.5	12.5
1974-09-09	0	6.5	29.5	11.5
1974-09-10	0	1.5	28	12
1974-09-11	0	5.1	30	14
1974-09-12	25	3.9	30	13.5
1974-09-13	0	3.4	27.5	12
1974-09-14	0	4.4	29.5	13.5
1974-09-15	0	3.1	30	13
1974-09-16	0	5.7	30	15
1974-09-17	0	2.6	28	14
1974-09-18	3.7	2.7	25	15
1974-09-19	0	5.3	27	12.5
1974-09-20	0	2	28.5	12.5
1974-09-21	0	4.7	30	12.5
1974-09-22	0	4.2	31.5	13.5
1974-09-23	4.5	5	30	14.5
1974-09-24	5	1.5	25	15
1974-09-25	0.8	4.5	27	16
1974-09-26	16	2.6	26	16.5
1974-09-27	0	2.9	24.5	15.5
1974-09-28	0	2	26	14.5
1974-09-29	0	1.6	23	14
1974-09-30	0	2.6	20	13.5
1974-10-01	0	6.7	27	9
1974-10-02	0	6.4	28	8
1974-10-03	0	3.3	26	7
1974-10-04	0	2.7	28	10
1974-10-05	0	4.1	32	10
1974-10-06	0	3.8	31	10.5
1974-10-07	0	3.6	32.5	10
1974-10-08	0	4.1	33	7.5
1974-10-09	1	5.1	28	9
1974-10-10	0	3.7	32	8
1974-10-11	0	2.6	30	10
1974-10-12	0	3.6	30	12
1974-10-13	1.5	5.2	29	14
1974-10-14	0	3.8	28	14.5
1974-10-15	0	2.7	26	12
1974-10-16	0	3.3	24	12
1974-10-17	0	2.9	25	12.5
1974-10-18	0	2.7	27	12
1974-10-19	0	2.8	29	8
1974-10-20	0	4.4	29.5	8
1974-10-21	0	3.5	31	7
1974-10-22	3	6.5	31	9
1974-10-23	0	2.6	32	8
1974-10-24	0	4.5	31.5	9
1974-10-25	0	2.5	30	10
1974-10-26	0	3.9	30	8
1974-10-27	0	3.3	28.5	9
1974-10-28	0	3.1	23	11.5
1974-10-29	0	3.37	24	7.5
1974-10-30	0	4.5	26	6.5
1974-10-31	0	2.7	25	6
1974-11-01	0	2.9	29	8
1974-11-02	0	4.7	29.5	5.5
1974-11-03	0	4.2	26	5
1974-11-04	0.5	3.5	16	8
1974-11-05	0	3.5	21	5
1974-11-06	0	4.5	27	3
1974-11-07	0	12.8	28	5
1974-11-08	0	1.3	29	6
1974-11-09	0	3.6	28	6
1974-11-10	0	1.4	27	7
1974-11-11	0	3.6	28	4
1974-11-12	0	4.1	28	1
1974-11-13	0	2.8	29	3
1974-11-14	0	3.1	24.5	8
1974-11-15	6	3	20	3
1974-11-16	1	4.8	22	-1.5
1974-11-17	0	2.6	27	0
1974-11-18	2.5	2.5	27.5	0
1974-11-19	0	3.4	28	2
1974-11-20	0	2.2	28	-1.5
1974-11-21	0	1.2	29	1
1974-11-22	0	3.1	30	3
1974-11-23	0	2.2	24	2
1974-11-24	0	2.7	23	2.5
1974-11-25	0	2.6	28	2
1974-11-26	0	2.9	29	3
1974-11-27	0	4.8	29.5	2.5
1974-11-28	0	1.8	27	3
1974-11-29	0	1.9	25	4
1974-11-30	0	3.5	21	3
1974-12-01	0	1.6	29	3
1974-12-02	0	2.3	27	0.5
1974-12-03	0	1.8	27	-2
1974-12-04	0	1.6	24	0
1974-12-05	0	2.6	26	3
1974-12-06	0	2.6	20	3.5
1974-12-07	0	1.9	23	4
1974-12-08	0	3.5	26	3
1974-12-09	0	4.8	27	4
1974-12-10	0	3.9	24	2
1974-12-11	0	4.1	27	-1.5
1974-12-12	0	2.8	27	2
1974-12-13	0	1.9	27.5	6
1974-12-14	0	3.8	27	3
1974-12-15	0	2.2	28	2
1974-12-16	0	3.1	24	3
1974-12-17	0	3.3	29	3
1974-12-18	0	3	30	3
1974-12-19	0	3.8	26	2
1974-12-20	0	2.8	28	5
1974-12-21	0	3.3	29.5	4
1974-12-22	0	4.5	28.5	5
1974-12-23	0	4.5	29.5	5
1974-12-24	0	3.15	25	6.5
1974-12-25	0	3.45	28	4
1974-12-26	0	3.6	27	6
1974-12-27	0	4.4	27	3
1974-12-28	0	5.1	29	0
1974-12-29	0	2.7	29	-1.5
1974-12-30	0	3.6	25.5	-1.5
1974-12-31	0	4.4	21	0
1975-01-01	0	8.67	24	2
1975-01-02	0	4.83	27	3
1975-01-03	0	5.57	27	4
1975-01-04	0	3.19	22	5
1975-01-05	0	4.62	25	3
1975-01-06	0	3.37	27	4
1975-01-07	0	5.5	27	6
1975-01-08	0	4.11	20	10
1975-01-09	0	1.4	20	4
1975-01-10	0	3.95	24	5
1975-01-11	0	5.58	21	5
1975-01-12	0	2.48	26	6
1975-01-13	0	4.74	27	6
1975-01-14	0	3.24	22	5
1975-01-15	0	3.5	20	6
1975-01-16	0	3.55	23	6
1975-01-17	0	3.07	12	6
1975-01-18	0	3.18	18	2
1975-01-19	0	3.09	20	3
1975-01-20	0	3.88	16	6
1975-01-21	0	4.19	14	8
1975-01-22	0	3.14	19	8
1975-01-23	0	5.12	24	8
1975-01-24	0	4.65	28	5
1975-01-25	0	6.8	27	5
1975-01-26	0	5	26	6
1975-01-27	0	3.96	12	8
1975-01-28	0	4.52	23	4
1975-01-29	0	4.2	25	4
1975-01-30	0	4.57	27	5
1975-01-31	0	6.12	26	6
1975-02-01	0	4.4	20	7
1975-02-02	0	5.53	23	1
1975-02-03	0	3.05	23	2
1975-02-04	0	4.22	25	5
1975-02-05	0	4.77	27	5
1975-02-06	0	4.52	27	8
1975-02-07	0	5.22	21	9
1975-02-08	0	4.79	21	6
1975-02-09	0	6.46	26	5
1975-02-10	0	5.65	26	4
1975-02-11	0	4.46	28	4
1975-02-12	0	5.37	26	2
1975-02-13	0	5	27	3
1975-02-14	0	4.68	25	4
1975-02-15	0	5.45	26	6
1975-02-16	0	4.8	27	6
1975-02-17	0	7.97	28	8
1975-02-18	0	6.25	27	8
1975-02-19	0	5.27	28	9
1975-02-20	0	7.86	29	9
1975-02-21	0	5.82	27	7
1975-02-22	0	3.68	14	6
1975-02-23	0	5.11	12	1
1975-02-24	0	6.84	20	-3
1975-02-25	0	4.78	21	-1
1975-02-26	0	5.85	23	-2
1975-02-27	0	5.15	24	0
1975-02-28	0	7.24	21	1
1975-03-01	0	9	30	5
1975-03-02	0	7.34	30	6
1975-03-03	0	5.46	29	6
1975-03-04	0	8.77	30	8
1975-03-05	0	6.66	31	7
1975-03-06	0	7.2	29	8
1975-03-07	0	4.47	29	10
1975-03-08	0	8.3	30	9
1975-03-09	0	7.33	29	10
1975-03-10	0	6.77	29	10
1975-03-11	0.5	4.16	32	9
1975-03-12	0	6.14	32	10
1975-03-13	0	8.61	31	11
1975-03-14	0.7	5.82	30	13
1975-03-15	0	6.74	30	11
1975-03-16	0	8.19	27	12
1975-03-17	0	5.24	27	10
1975-03-18	0	6.93	31	7
1975-03-19	0	7.47	32	9
1975-03-20	0	6.47	30	11
1975-03-21	1.5	8.51	31	9
1975-03-22	0	4.7	27	10
1975-03-23	0	5.18	27	11
1975-03-24	0	6.92	30	11
1975-03-25	0	5.25	29	10
1975-03-26	0	9.74	31	9
1975-03-27	0	6.62	31	12
1975-03-28	0	11.47	33	11
1975-03-29	0	8.41	32	10
1975-03-30	0	8.4	32	10
1975-03-31	0	5.5	25	11
1975-04-01	0	2.36	21	8
1975-04-02	0	5.29	28	10
1975-04-03	0	5.65	29	9
1975-04-04	0	9.35	30	10
1975-04-05	0	6.07	28	10
1975-04-06	0	6.08	27	11
1975-04-07	0	8.2	30	11
1975-04-08	0	6.8	28	10
1975-04-09	5	6.71	32	11
1975-04-10	5	11	32	11
1975-04-11	0	4.98	31	11
1975-04-12	0	4.52	29	13
1975-04-13	1	5.14	31	10
1975-04-14	5	1.93	29	12
1975-04-15	4.5	4.08	31	11
1975-04-16	0	5.45	30	13
1975-04-17	1.5	1.29	32	13
1975-04-18	3.5	6.26	31	13
1975-04-19	0	8.24	30	13
1975-04-20	0	5.96	31	13
1975-04-21	0	6.97	32	13
1975-04-22	0	6.8	32	13
1975-04-23	3.5	6.8	31	16
1975-04-24	2	4.98	29	15
1975-04-25	3	6.46	30	14
1975-04-26	0	7.12	30	13
1975-04-27	0	6.99	31	12
1975-04-28	0	7.25	31	14
1975-04-29	0	7.5	33	14
1975-04-30	0	4.5	30	15
1975-05-01	3	7.5	31	14
1975-05-02	0	4.01	27	12
1975-05-03	0	7.62	29	12
1975-05-04	0	5.72	30	12
1975-05-05	0	6.93	31	12
1975-05-06	3.5	6.96	32	11
1975-05-07	0	7.07	32	13
1975-05-08	0	8.09	28	15
1975-05-09	0	6.58	28	16
1975-05-10	0	5.23	38	12
1975-05-11	0	5.14	26	13
1975-05-12	0	8.29	29	15
1975-05-13	3.8	9.2	30	15
1975-05-14	0	6.64	27	14
1975-05-15	0	7.76	33	10
1975-05-16	0	5.44	29	10
1975-05-17	16	2.37	32	13
1975-05-18	6	1.44	26	14
1975-05-19	5	4.43	27	13
1975-05-20	0	5.25	28	13
1975-05-21	3.8	5.87	28	13
1975-05-22	0	7.81	29	14
1975-05-23	0	8.85	32	14
1975-05-24	0	7.91	31	16
1975-05-25	0	9.88	34	15
1975-05-26	0	7.25	35	16
1975-05-27	0	7.38	30	16
1975-05-28	0	6.24	34	15
1975-05-29	0	9.26	32	17
1975-05-30	0	8.54	32	16
1975-05-31	0	4.23	32	16
1975-06-01	8.5	9.39	30	17
1975-06-02	0	7.59	31	14
1975-06-03	0	7.29	27	15
1975-06-04	0	9.51	29	13
1975-06-05	0	4.1	27	14
1975-06-06	0	3.85	25	12
1975-06-07	0	7.38	26	11
1975-06-08	0	8.61	26	11
1975-06-09	0	6.58	27	14
1975-06-10	0	7.76	27	15
1975-06-11	0	7.75	31	14
1975-06-12	0	6.85	31	14
1975-06-13	0	8.3	30	14
1975-06-14	0	5.28	31	14
1975-06-15	18.5	2.15	31	18
1975-06-16	5	3	28	15
1975-06-17	0	2.77	30	16
1975-06-18	0	1.6	30	16
1975-06-19	0	9.4	27	15
1975-06-20	0	4.58	21	14
1975-06-21	2.5	6.06	24	13
1975-06-22	0	7.16	25	13
1975-06-23	0	6.26	27	13
1975-06-24	0	6.1	29	13
1975-06-25	7	3.3	30	11
1975-06-26	0	3.31	29	15
1975-06-27	0	6.85	28	13
1975-06-28	0	6.8	24	14
1975-06-29	0	3.3	25	13
1975-06-30	0	4.8	23	15
1975-07-01	3	5.72	27	17
1975-07-02	0	4.43	29	12
1975-07-03	0	5.4	29	18
1975-07-04	0	9.21	28	17
1975-07-05	5	1.22	28	18
1975-07-06	1.5	1.03	23	16
1975-07-07	0	2.17	26	16
1975-07-08	8.3	1.94	28	17
1975-07-09	0	2.96	26	17
1975-07-10	4.3	0.99	26	17
1975-07-11	3	1.69	28	16
1975-07-12	19.2	1.82	20	16
1975-07-13	0	1.91	24	15
1975-07-14	16.7	5.61	26	16
1975-07-15	0	1.25	26	17
1975-07-16	0	3.42	22	17
1975-07-17	0	6.51	25	16
1975-07-18	0	8.72	25	15
1975-07-19	0	6.92	25	16
1975-07-20	0	4.62	26	16
1975-07-21	1.3	3.23	24	16
1975-07-22	0	8.2	26	14
1975-07-23	0	6.58	25	15
1975-07-24	0	7.53	23	14
1975-07-25	0	5.74	25	13
1975-07-26	0	7.7	27	14
1975-07-27	0	7.61	27	16
1975-07-28	0	5.99	29	15
1975-07-29	0	5.44	29	14
1975-07-30	0	6	29	14
1975-07-31	0	2.16	28	14
1975-08-01	0	5.56	30	17
1975-08-02	0	3.29	29	12
1975-08-03	0	6.91	25	12
1975-08-04	0	6.7	27	13
1975-08-05	0	7.16	29	13
1975-08-06	0	8.64	28	13
1975-08-07	0	7.98	25	14
1975-08-08	0	7.92	28	16
1975-08-09	0	7.96	29	18
1975-08-10	0	6.26	28	12
1975-08-11	0	5.02	26	13
1975-08-12	0	8.04	29	15
1975-08-13	0	8.44	30	14
1975-08-14	0	6.54	30	13
1975-08-15	0	7.31	30	14
1975-08-16	58.4	8.35	29	12
1975-08-17	15.7	9.65	30	17
1975-08-18	2.5	2.5	20	11
1975-08-19	3.5	3.5	24	11
1975-08-20	0	1.63	21	12
1975-08-21	2.4	1.77	23	14
1975-08-22	0	5.9	24	15
1975-08-23	0	4.13	25	15
1975-08-24	0	7.42	27	13
1975-08-25	0	6.2	25	13
1975-08-26	0	5.09	27	14
1975-08-27	2.4	4.26	27	15
1975-08-28	3	2.97	24	15
1975-08-29	0	5.62	25	16
1975-08-30	0	5.44	23	14
1975-08-31	0	2.07	23	15
1975-09-01	0	9.9	26	15
1975-09-02	0	5.9	27	14
1975-09-03	0	7.9	26	15
1975-09-04	0	6.2	27	14
1975-09-05	0	7.45	27	14
1975-09-06	0	7.28	28	16
1975-09-07	0	6.95	28	15
1975-09-08	0	7.75	25	14
1975-09-09	1.8	4.07	22	15
1975-09-10	0	3.68	22	15
1975-09-11	0	3.19	24	15
1975-09-12	0	6.23	29	12
1975-09-13	0	2.85	29	14
1975-09-14	0	7.16	28	15
1975-09-15	0	5.61	27	15
1975-09-16	0	6.93	22	15
1975-09-17	0	3.88	28	11
1975-09-18	6.4	1.72	28	11
1975-09-19	0	7.6	29	13
1975-09-20	46.8	10.3	29	14
1975-09-21	8.2	8.2	26	15
1975-09-22	12.5	7.5	26	16
1975-09-23	13.8	5.8	28	14
1975-09-24	0	4.42	28	16
1975-09-25	0	6.05	29	16
1975-09-26	8.7	3.83	28	15
1975-09-27	7.3	2.7	29	15
1975-09-28	6.8	5.8	29	15
1975-09-29	3	3	29	15
1975-09-30	0	2.9	28	15
1975-10-01	0	4.5	NULO	NULO
1975-10-02	0	2.2	NULO	NULO
1975-10-03	0	3.6	NULO	NULO
1975-10-04	0	1.7	NULO	NULO
1975-10-05	0	8	NULO	NULO
1975-10-06	0	6.5	NULO	NULO
1975-10-07	0	4.9	NULO	NULO
1975-10-08	0	5.3	NULO	NULO
1975-10-09	0	5.8	NULO	NULO
1975-10-10	0.5	2.4	NULO	NULO
1975-10-11	0	3.3	24	14
1975-10-12	1	2.7	25	14
1975-10-13	0	1.3	25	12
1975-10-14	0	6.3	23	12
1975-10-15	0	4.7	30	11
1975-10-16	0	4.3	30	12
1975-10-17	0	3.8	26	14
1975-10-18	0	2.5	22	14
1975-10-19	0	4.8	26	9
1975-10-20	0	2.1	27	6
1975-10-21	0	2.1	28	6
1975-10-22	0	6.6	31	6
1975-10-23	0	5.6	29	8
1975-10-24	0	5.3	31	11
1975-10-25	0	5.1	32	12
1975-10-26	0	3.2	25	13
1975-10-27	0	4.2	31	14
1975-10-28	0	5.9	28	12
1975-10-29	1	4.1	23	10
1975-10-30	0	4.6	20	11
1975-10-31	0	2	22	11
1975-11-01	0	2.2	27	7
1975-11-02	0	4.4	27	8
1975-11-03	0	6.2	24	9
1975-11-04	0	2.4	25	9
1975-11-05	0	3.5	25	7
1975-11-06	0	3	27	7
1975-11-07	0	3.5	28	9
1975-11-08	0	4	26	8
1975-11-09	0	3.9	26	8
1975-11-10	0	5.8	25	7
1975-11-11	0	1.4	24	6
1975-11-12	0	3.9	23	4
1975-11-13	0	5	25	4
1975-11-14	0	3.7	29	10
1975-11-15	0	1.8	29	10
1975-11-16	0	4	26	9
1975-11-17	0	3.9	27	3
1975-11-18	0	3.2	29	3
1975-11-19	0	5.3	28	2
1975-11-20	0	4.9	30	2
1975-11-21	0	6.6	30	5
1975-11-22	0	1.1	29	4
1975-11-23	0	3.8	29	6
1975-11-24	0	9.5	30	8
1975-11-25	0	3.2	27	6
1975-11-26	0	1.4	26	5
1975-11-27	0	2.3	30	10
1975-11-28	0	1	30	9
1975-11-29	0	1.9	30	8.5
1975-11-30	0	2.7	26	9.5
1975-12-01	0	4.3	24	11
1975-12-02	0	3.1	27	8
1975-12-03	0	4.6	25	9
1975-12-04	0	2.3	26	6
1975-12-05	0	5.6	27	6
1975-12-06	0	4	21	5
1975-12-07	0	4.1	22	6
1975-12-08	0	2.3	24	5
1975-12-09	0	4.5	21	5
1975-12-10	0	4.1	23	3
1975-12-11	0	1.7	24	4
1975-12-12	0	3	25	2
1975-12-13	0	3.7	25	4
1975-12-14	0	3.2	25	4
1975-12-15	0	3.2	28	5
1975-12-16	0	4.4	26	7
1975-12-17	0	4	27	7
1975-12-18	0	3.2	27	7
1975-12-19	0	2.8	26	8
1975-12-20	0	3.1	22	8
1975-12-21	0	3	26	10
1975-12-22	0	4.1	23	8
1975-12-23	0	3.5	26	2
1975-12-24	0	5.9	26	3
1975-12-25	0	5.8	26	7
1975-12-26	0	2.3	24	5
1975-12-27	0	3.9	23	4
1975-12-28	0	5.3	24	2
1975-12-29	0	5.2	26	3
1975-12-30	0	2	23	3
1975-12-31	0	4.4	23	0
1976-01-01	0	8.7	24	2
1976-01-02	0	4.8	27	3
1976-01-03	0	5.6	27	4
1976-01-04	0	3.2	22	5
1976-01-05	0	4.6	25	3
1976-01-06	0	3.4	27	4
1976-01-07	0	5.5	27	6
1976-01-08	0	4.1	20	10
1976-01-09	0	1.4	20	4
1976-01-10	0	3.9	24	5
1976-01-11	0	5.6	21	5
1976-01-12	0	2.5	26	6
1976-01-13	0	4.7	27	6
1976-01-14	0	3.2	22	5
1976-01-15	0	3.5	20	6
1976-01-16	0	3.5	23	6
1976-01-17	0	3.1	12	6
1976-01-18	0	3.2	18	2
1976-01-19	0	3.1	20	3
1976-01-20	0	3.9	16	6
1976-01-21	0	4.2	14	8
1976-01-22	0	3.1	19	8
1976-01-23	0	5.1	24	8
1976-01-24	0	4.7	28	5
1976-01-25	0	6.8	27	5
1976-01-26	0	5	26	6
1976-01-27	0	4	12	8
1976-01-28	0	4.5	23	4
1976-01-29	0	4.2	25	4
1976-01-30	0	4.6	27	5
1976-01-31	0	6.1	26	6
1976-02-01	0	4.4	20	7
1976-02-02	0	5.5	23	1
1976-02-03	0	3	23	2
1976-02-04	0	4.2	25	5
1976-02-05	0	4.8	27	5
1976-02-06	0	4.5	27	8
1976-02-07	0	5.2	21	9
1976-02-08	0	4.8	21	6
1976-02-09	0	6.5	26	5
1976-02-10	0	5.7	26	4
1976-02-11	0	4.5	28	4
1976-02-12	0	5.4	26	2
1976-02-13	0	5	27	3
1976-02-14	0	4.7	25	4
1976-02-15	0	5.4	26	6
1976-02-16	0	4.8	27	6
1976-02-17	0	8	28	8
1976-02-18	0	6.2	27	8
1976-02-19	0	5.3	28	9
1976-02-20	0	7.9	29	9
1976-02-21	0	5.8	27	7
1976-02-22	0	3.7	14	6
1976-02-23	0	5.1	12	1
1976-02-24	0	6.8	20	-3
1976-02-25	0	4.8	21	-1
1976-02-26	0	5.8	23	-2
1976-02-27	0	5.2	24	0
1976-02-28	0	7.2	21	1
1976-02-29	0	3.2	21	2
1976-03-01	0	9	30	5
1976-03-02	0	7.3	30	6
1976-03-03	0	5.5	29	6
1976-03-04	0	8.8	30	8
1976-03-05	0	6.7	31	7
1976-03-06	0	7.2	29	8
1976-03-07	0	4.5	29	10
1976-03-08	0	8.3	30	9
1976-03-09	0	7.3	29	10
1976-03-10	0	6.8	29	10
1976-03-11	0.5	4.2	32	9
1976-03-12	0	6.1	32	10
1976-03-13	0	8.6	31	11
1976-03-14	0.7	5.8	30	13
1976-03-15	0	6.7	30	11
1976-03-16	0	8.2	27	12
1976-03-17	0	5.2	27	10
1976-03-18	0	6.9	31	7
1976-03-19	0	7.5	32	9
1976-03-20	0	6.5	30	11
1976-03-21	1.5	8.5	31	9
1976-03-22	0	4.7	27	10
1976-03-23	0	5.2	27	11
1976-03-24	0	6.9	30	11
1976-03-25	0	5.2	29	10
1976-03-26	0	9.7	31	9
1976-03-27	0	6.6	31	12
1976-03-28	0	11.5	33	11
1976-03-29	0	8.4	34	10
1976-03-30	0	8.4	32	10
1976-03-31	0	5.5	25	11
1976-04-01	0	2.4	21	8
1976-04-02	0	5.3	28	10
1976-04-03	0	5.7	29	9
1976-04-04	0	9.4	30	10
1976-04-05	0	6.1	28	10
1976-04-06	0	6.1	27	11
1976-04-07	0	8.2	30	11
1976-04-08	0	6.8	31	10
1976-04-09	0	6.7	28	10
1976-04-10	5	11	32	11
1976-04-11	0	5	31	11
1976-04-12	0	4.5	29	13
1976-04-13	1	5.1	31	10
1976-04-14	5	1.9	29	12
1976-04-15	4.5	4.1	31	11
1976-04-16	0	5.4	30	13
1976-04-17	1.5	1.3	32	13
1976-04-18	3.5	6.3	31	13
1976-04-19	0	8.2	30	13
1976-04-20	0	6	31	13
1976-04-21	0	7	32	13
1976-04-22	0	6.8	32	13
1976-04-23	3.5	6.8	31	16
1976-04-24	2	5	29	15
1976-04-25	3	6.5	30	14
1976-04-26	0	7.1	30	13
1976-04-27	0	7	31	12
1976-04-28	0	7.2	31	14
1976-04-29	0	7.5	33	14
1976-04-30	0	4.5	30	15
1976-05-01	3	7.5	31	14
1976-05-02	0	4	27	12
1976-05-03	0	7.6	29	12
1976-05-04	0	5.7	30	12
1976-05-05	0	6.9	31	12
1976-05-06	3.5	7	32	11
1976-05-07	0	7.1	32	13
1976-05-08	0	8.1	28	15
1976-05-09	0	6.6	28	16
1976-05-10	0	5.2	28	16
1976-05-11	0	5.1	26	13
1976-05-12	0	8.3	29	15
1976-05-13	3.8	9.2	30	15
1976-05-14	0	6.6	27	14
1976-05-15	0	7.8	33	10
1976-05-16	0	5.4	29	10
1976-05-17	16	2.4	32	13
1976-05-18	6	1.4	26	14
1976-05-19	5	4.4	27	13
1976-05-20	0	5.2	28	13
1976-05-21	3.8	5.9	28	13
1976-05-22	0	7.8	29	14
1976-05-23	0	8.9	32	14
1976-05-24	0	7.9	31	16
1976-05-25	0	9.9	34	15
1976-05-26	0	7.2	35	16
1976-05-27	0	7.4	30	16
1976-05-28	0	6.2	34	15
1976-05-29	0	9.3	32	17
1976-05-30	0	8.5	32	16
1976-05-31	0	4.2	32	16
1976-06-01	8.5	9.4	30	17
1976-06-02	0	7.6	31	14
1976-06-03	0	7.3	27	15
1976-06-04	0	9.5	29	13
1976-06-05	0	4.1	27	14
1976-06-06	0	3.8	25	12
1976-06-07	0	7.4	26	11
1976-06-08	0	8.6	26	11
1976-06-09	0	6.6	27	14
1976-06-10	0	7.8	27	15
1976-06-11	0	7.7	31	14
1976-06-12	0	6.8	31	14
1976-06-13	0	8.3	30	14
1976-06-14	0	5.3	31	14
1976-06-15	18.5	2.2	31	18
1976-06-16	5	3	28	15
1976-06-17	0	2.8	30	16
1976-06-18	0	1.6	30	16
1976-06-19	0	9.4	27	15
1976-06-20	0	4.6	21	14
1976-06-21	2.5	6.1	24	13
1976-06-22	0	7.2	25	13
1976-06-23	0	6.3	27	13
1976-06-24	0	6.1	29	13
1976-06-25	7	3.3	30	11
1976-06-26	0	3.3	29	15
1976-06-27	0	6.8	28	13
1976-06-28	0	6.8	24	14
1976-06-29	0	3.3	25	13
1976-06-30	0	4.8	23	15
1976-07-01	3	5.7	27	17
1976-07-02	0	4.4	29	12
1976-07-03	0	5.4	29	18
1976-07-04	0	9.2	28	17
1976-07-05	5	1.2	28	18
1976-07-06	1.5	1	23	16
1976-07-07	0	2.2	26	16
1976-07-08	8.3	1.9	28	17
1976-07-09	0	3	26	17
1976-07-10	4.3	1	26	17
1976-07-11	3	1.7	28	16
1976-07-12	19.2	1.8	20	16
1976-07-13	0	1.9	24	15
1976-07-14	16.7	5.6	26	16
1976-07-15	0	1.2	26	17
1976-07-16	0	3.4	22	17
1976-07-17	0	6.5	25	16
1976-07-18	0	8.7	25	15
1976-07-19	0	6.9	25	16
1976-07-20	0	4.6	26	16
1976-07-21	1.3	3.2	24	16
1976-07-22	0	8.2	26	14
1976-07-23	0	6.6	25	15
1976-07-24	0	7.5	23	14
1976-07-25	0	5.7	25	13
1976-07-26	0	7.7	27	14
1976-07-27	0	7.6	27	16
1976-07-28	0	6	29	15
1976-07-29	0	5.4	29	14
1976-07-30	0	6	29	14
1976-07-31	0	2.2	28	14
1976-08-01	0	5.6	30	17
1976-08-02	0	3.3	29	12
1976-08-03	0	6.9	25	12
1976-08-04	0	6.7	27	13
1976-08-05	0	7.2	29	13
1976-08-06	0	8.6	28	13
1976-08-07	0	8	25	14
1976-08-08	0	7.9	28	16
1976-08-09	0	8	29	18
1976-08-10	0	6.3	28	12
1976-08-11	0	5	26	13
1976-08-12	0	8	29	15
1976-08-13	0	8.4	30	14
1976-08-14	0	6.5	30	13
1976-08-15	0	7.3	30	14
1976-08-16	58.4	8.4	29	12
1976-08-17	15.7	9.6	30	17
1976-08-18	2.5	2.5	20	11
1976-08-19	3.5	3.5	24	11
1976-08-20	0	1.6	21	12
1976-08-21	2.4	1.8	23	14
1976-08-22	0	5.9	24	15
1976-08-23	0	4.1	25	15
1976-08-24	0	7.4	27	13
1976-08-25	0	6.2	25	13
1976-08-26	0	5.1	27	14
1976-08-27	2.4	4.3	27	15
1976-08-28	3	3	24	15
1976-08-29	0	5.6	25	16
1976-08-30	0	5.4	23	14
1976-08-31	0	2.1	23	15
1976-09-01	0	9.9	26	15
1976-09-02	0	5.9	27	14
1976-09-03	0	7.9	26	15
1976-09-04	0	6.2	27	14
1976-09-05	0	7.4	27	14
1976-09-06	0	7.3	28	16
1976-09-07	0	6.9	28	15
1976-09-08	0	7.7	25	14
1976-09-09	1.8	4.1	22	15
1976-09-10	0	3.7	22	15
1976-09-11	0	3.2	24	15
1976-09-12	0	6.2	29	12
1976-09-13	0	2.8	29	14
1976-09-14	0	7.2	28	15
1976-09-15	0	5.6	27	15
1976-09-16	0	6.9	22	15
1976-09-17	0	3.9	28	11
1976-09-18	6.4	1.7	28	11
1976-09-19	0	7.6	29	13
1976-09-20	46.8	10.3	29	14
1976-09-21	8.2	8.2	26	15
1976-09-22	12.5	7.5	26	16
1976-09-23	13.8	5.8	28	14
1976-09-24	0	4.4	28	16
1976-09-25	0	6.1	29	16
1976-09-26	8.7	3.8	28	15
1976-09-27	7.3	2.7	29	15
1976-09-28	6.8	5.8	29	15
1976-09-29	3	3	29	15
1976-09-30	0	2.9	28	15
1976-10-01	0	7	23	16
1976-10-02	6	1.9	27	15
1976-10-03	0	2.1	27	14
1976-10-04	0	4.7	28	13
1976-10-05	16.5	4.4	29	14
1976-10-06	0	5	29	15
1976-10-07	20	6.5	29	15
1976-10-08	13.5	5.5	14	13
1976-10-09	2.3	2.4	12	8
1976-10-10	0	4.7	13	9
1976-10-11	0	2.7	24	9
1976-10-12	0	5.9	26	10
1976-10-13	0	4.3	26	10
1976-10-14	0	4.9	27	10
1976-10-15	0	5.9	28	14
1976-10-16	0	4.2	25	13
1976-10-17	0	4.3	22	14
1976-10-18	0	8.4	26	13
1976-10-19	0	3.4	28	10
1976-10-20	0	3.7	18	12
1976-10-21	0	4.1	24	9
1976-10-22	0	6.9	25	10
1976-10-23	0	4	27	12
1976-10-24	13.8	4.8	29	14
1976-10-25	0	3.3	28	15
1976-10-26	0	4.7	28	14
1976-10-27	11.5	4.4	28	13
1976-10-28	3	4.9	25	15
1976-10-29	0	4.1	29	14
1976-10-30	0	4.1	27	14
1976-10-31	0	2	26	13
1976-11-01	0	2.3	31	12
1976-11-02	0	4.1	20	13
1976-11-03	0	4.6	14	10
1976-11-04	0	3.4	18	7
1976-11-05	0	5.4	14	6
1976-11-06	0	4.9	20	9
1976-11-07	0	1.8	18	10
1976-11-08	0	2	16	11
1976-11-09	0	3.3	21	7
1976-11-10	0	2.5	25	9
1976-11-11	0	5.9	26	10
1976-11-12	0	4.5	26	8
1976-11-13	0	3.4	25	9
1976-11-14	0	5.2	26	9
1976-11-15	0	3.5	26	8
1976-11-16	4	3.7	25	9
1976-11-17	0	1.7	24	9
1976-11-18	0	2	26	10
1976-11-19	0	2.3	20	10
1976-11-20	1	1.5	23	9
1976-11-21	0	1.3	17	9
1976-11-22	0	1.8	13	10
1976-11-23	0	1.8	23	9
1976-11-24	0	1.3	16	10
1976-11-25	0	2.9	25	11
1976-11-26	0	2.2	25	11
1976-11-27	0	4.2	26	11
1976-11-28	0	4.6	27	12
1976-11-29	0	2.5	23	12
1976-11-30	0	2.1	23	5
1976-12-01	2	4.6	24	7
1976-12-02	0	2.7	15	10
1976-12-03	0	1.1	20	8
1976-12-04	0	3.4	25	7
1976-12-05	0	2.8	21	8
1976-12-06	0	3.9	25	9
1976-12-07	0	3.9	25	9
1976-12-08	0	3	14	9
1976-12-09	0	2.7	22	6
1976-12-10	0	2.6	25	6
1976-12-11	0	4.2	25	9
1976-12-12	0	3	24	10
1976-12-13	0	2.2	23	9
1976-12-14	0	2.8	25	10
1976-12-15	0	4.2	24	9
1976-12-16	5.5	2.6	18	8
1976-12-17	0	1.3	20	9
1976-12-18	0	2	24	8
1976-12-19	5.8	3.2	25	9
1976-12-20	0	3	20	10
1976-12-21	0	2.6	21	9
1976-12-22	0	2.2	17	7
1976-12-23	0	1	17	10
1976-12-24	0	1.9	23	9
1976-12-25	0	2	26	9
1976-12-26	0	6.2	18	9
1976-12-27	0	4	26	5
1976-12-28	0	5.4	27	7
1976-12-29	0	3.5	25	12
1976-12-30	0	3.9	27	8
1976-12-31	0	4.8	26	9
1977-01-01	0	1.1	27	8
1977-01-02	0	9.7	27	9
1977-01-03	0	5.3	22	10
1977-01-04	0	3.8	27	6
1977-01-05	0	5.2	29	7
1977-01-06	0	3.6	28	6
1977-01-07	0	4	26	7
1977-01-08	0	6.3	30	10
1977-01-09	0	5.7	27	7
1977-01-10	0	3.3	20	8
1977-01-11	0	2.9	22	2
1977-01-12	0	2.8	26	3
1977-01-13	0	4.8	25	6
1977-01-14	0	3.3	23	10
1977-01-15	0	5.7	25	11
1977-01-16	0	4.9	22	7
1977-01-17	0	2.3	21	8
1977-01-18	0	2.7	16	9
1977-01-19	0	1.1	16	6
1977-01-20	0	4.1	23	5
1977-01-21	5.8	3.9	25	5
1977-01-22	0	2.1	23	7
1977-01-23	0	4.7	26	7
1977-01-24	0	6	26	7
1977-01-25	0	3.3	22	8
1977-01-26	0	6	27	7
1977-01-27	0	4.8	27	8
1977-01-28	0	6.5	29	9
1977-01-29	0	4.3	27	9
1977-01-30	0	6.8	28	8
1977-01-31	0	2.4	27	9
1977-02-01	0	6.6	21	8
1977-02-02	0	6.2	28	5
1977-02-03	0	5.8	28	6
1977-02-04	0	4.9	27	8
1977-02-05	0	4.3	20	8
1977-02-06	0	4.9	26	6
1977-02-07	0	3.9	22	6
1977-02-08	0	1.8	24	7
1977-02-09	0	4.8	24	8
1977-02-10	0	4.3	27	7
1977-02-11	0	6	27	8
1977-02-12	0	6.9	28	8
1977-02-13	0	4	19	8
1977-02-14	0	5	26	6
1977-02-15	0	4.9	23	7
1977-02-16	0	3.9	19	7
1977-02-17	0	3.2	22	4
1977-02-18	0	5.8	25	5
1977-02-19	0	6.9	25	6
1977-02-20	0	3.5	24	5
1977-02-21	1.3	4.6	26	7
1977-02-22	0	6.9	25	9
1977-02-23	0	8	27	9
1977-02-24	0	5.9	27	7
1977-02-25	0	8	30	8
1977-02-26	0	9.1	27	9
1977-02-27	0	5.1	27	9
1977-02-28	0	1.8	25	10
1977-03-01	0	2.2	30	5
1977-03-02	0	7.6	30	8
1977-03-03	0	4.2	27	10
1977-03-04	0	4.8	30	8
1977-03-05	0	9.3	32	8
1977-03-06	0	8	29	9
1977-03-07	0	2.8	27	8
1977-03-08	0	4.9	25	7
1977-03-09	0	6.1	27	5
1977-03-10	0	8.9	30	7
1977-03-11	0	7.9	31	9
1977-03-12	0	6.6	32	12
1977-03-13	0	7.3	29	10
1977-03-14	0	7.8	32	9
1977-03-15	0	9.4	34	10
1977-03-16	0	7.7	30	10
1977-03-17	0	7.1	35	10
1977-03-18	0	8.1	32	11
1977-03-19	0	7.8	35	10
1977-03-20	0	8.1	32	13
1977-03-21	0	9.9	34	12
1977-03-22	0	5.9	32	11
1977-03-23	0	6.1	30	10
1977-03-24	0	8	33	10
1977-03-25	0	6.9	33	12
1977-03-26	0	7.1	32	12
1977-03-27	0	9.6	31	15
1977-03-28	0	8.1	34	12
1977-03-29	0	9	33	12
1977-03-30	0	7	34	11
1977-03-31	0	3.4	32	13
1977-04-01	0	8.8	34	14
1977-04-02	0	4.9	33	15
1977-04-03	0	8.7	31	12
1977-04-04	0	9.9	27	11
1977-04-05	0	7	20	9
1977-04-06	0	8.2	21	7
1977-04-07	0	7	25	9
1977-04-08	0	1.9	23	9
1977-04-09	0	6.3	27	7
1977-04-10	0	7	24	9
1977-04-11	0	6.8	24	9
1977-04-12	9.2	4.3	28	11
1977-04-13	0	3.7	22	10
1977-04-14	3	6.8	23	11
1977-04-15	0	5.3	23	10
1977-04-16	0	3.8	28	9
1977-04-17	0	5.2	30	9
1977-04-18	0	7.8	31	12
1977-04-19	0	2.9	23	15
1977-04-20	0	4.1	24	14
1977-04-21	0	6.9	28	9
1977-04-22	0	5	25	13
1977-04-23	0	6.9	28	14
1977-04-24	0	4.8	26	13
1977-04-25	0	5.1	27	15
1977-04-26	0	5.8	28	12
1977-04-27	0	5.9	29	10
1977-04-28	0	7.2	28	10
1977-04-29	0	6.1	30	11
1977-04-30	0	4.9	30	12
1977-05-01	0	9.8	31	13
1977-05-02	0	6.9	30	12
1977-05-03	0	3.8	30	13
1977-05-04	0	6.1	31	11
1977-05-05	0	8.8	34	12
1977-05-06	0	8.2	30	14
1977-05-07	0	6.6	34	15
1977-05-08	26.8	9.2	30	15
1977-05-09	1.3	2.1	29	14
1977-05-10	0	6.8	31	14
1977-05-11	0	6.1	29	15
1977-05-12	0	5.9	30	15
1977-05-13	0	5.1	30	12
1977-05-14	14.6	6.8	30	14
1977-05-15	0	7.8	30	15
1977-05-16	3.2	4.5	32	16
1977-05-17	0	7.7	30	15
1977-05-18	0	5	32	15
1977-05-19	0	6.1	31	14
1977-05-20	19.3	9.3	31	14
1977-05-21	2.5	1.1	32	15
1977-05-22	4.5	9.8	30	16
1977-05-23	0	6.8	30	16
1977-05-24	0	7.8	31	14
1977-05-25	0	6.3	31	16
1977-05-26	20.2	9.9	32	15
1977-05-27	0	5.2	31	16
1977-05-28	0	7.8	31	14
1977-05-29	0	9.2	30	15
1977-05-30	0	8.7	30	12
1977-05-31	0	3.2	30	13
1977-06-01	0	2.2	29	11
1977-06-02	0	4.2	31	10
1977-06-03	0	4.6	30	10
1977-06-04	0	3.9	29	11.5
1977-06-05	0	2.2	28.5	11
1977-06-06	0	3.2	28	10.5
1977-06-07	0	3.2	28	10.5
1977-06-08	0	3.4	30	12
1977-06-09	0	3.9	31.5	14
1977-06-10	0	3.4	32	16
1977-06-11	0	2.9	33	12.5
1977-06-12	0	3.7	33.5	15
1977-06-13	0	3.3	29	15.5
1977-06-14	0	1.8	30.5	15
1977-06-15	1.5	1.9	25	13.5
1977-06-16	0	2.7	27	14
1977-06-17	0	2.5	31	15
1977-06-18	0	3.4	30	16
1977-06-19	1	1.5	32	14
1977-06-20	0	3.8	31	13
1977-06-21	0	2.7	25	15
1977-06-22	3	2.2	26	15
1977-06-23	1.5	3.4	24	15
1977-06-24	0	3.2	29.5	16
1977-06-25	0	2.8	29	13
1977-06-26	0	3.2	29	11
1977-06-27	0.5	3	29.5	10.5
1977-06-28	0	3.4	31	9
1977-06-29	0	4.2	30	10
1977-06-30	0	4.5	31	12
1977-07-01	0	6.4	30	15
1977-07-02	0	7.8	31	14
1977-07-03	0	9	29	14
1977-07-04	0	7.9	30	13
1977-07-05	0	7.5	31	12
1977-07-06	0	9.1	29	13
1977-07-07	0	4.3	30	14
1977-07-08	1.6	5.2	29	11
1977-07-09	0	6.4	28	14
1977-07-10	0	6.9	30	12
1977-07-11	0	5.6	27	13
1977-07-12	0	7.2	29	15
1977-07-13	0	7.9	27	15
1977-07-14	0	7.6	25	15
1977-07-15	0	7.9	27	13
1977-07-16	0	9	27	15
1977-07-17	0	5.3	30	14
1977-07-18	0	6.9	31	13
1977-07-19	7.9	5.7	31	15
1977-07-20	0	4.9	28	16
1977-07-21	0	9	30	16
1977-07-22	0	8.2	28	13
1977-07-23	0	6.4	32	15
1977-07-24	0	8.4	31	15
1977-07-25	0	8.1	29	17
1977-07-26	0	7.8	30	14
1977-07-27	0	7.2	30	16
1977-07-28	0	8.8	31	14
1977-07-29	0	5.6	30	14
1977-07-30	0	7.6	30	14
1977-07-31	0	5.7	29	15
1977-08-01	0	8.9	30	12
1977-08-02	0	8.3	29	13
1977-08-03	0	8.6	31	14
1977-08-04	0	8.4	31	12
1977-08-05	0	7.8	30	13
1977-08-06	0	8.1	31	14
1977-08-07	0	6.6	28	14
1977-08-08	0	7	28	14
1977-08-09	0	5.8	30	16
1977-08-10	0	6.3	29	14
1977-08-11	2.3	6.4	30	15
1977-08-12	0	7.9	29	14
1977-08-13	0	7.1	31	12
1977-08-14	4.3	7.9	31	15
1977-08-15	0	3.2	25	16
1977-08-16	0	8.1	28	15
1977-08-17	0	7.6	28	13
1977-08-18	0	9	28	14
1977-08-19	0	7.1	29	13
1977-08-20	0	5.9	32	15
1977-08-21	8.5	6.4	32	15
1977-08-22	0	8.2	31	15
1977-08-23	0	6.8	33	14
1977-08-24	0	8.1	31	14
1977-08-25	0	8.1	31	16
1977-08-26	0	6.9	32	13
1977-08-27	0	10.7	30	15
1977-08-28	18.4	6.5	31	15
1977-08-29	0	8	30	15
1977-08-30	60.8	7.1	29	14
1977-08-31	19.3	4	30	15
1977-09-01	8.2	5.6	27	16
1977-09-02	18.3	9.1	22	16
1977-09-03	0	4.4	25	16
1977-09-04	0	6.2	29	16
1977-09-05	0	4.9	29	14
1977-09-06	0	5.9	30	13
1977-09-07	0	7.2	30	15
1977-09-08	0	6.1	30	15
1977-09-09	0	5.7	29	16
1977-09-10	0	7	28	15
1977-09-11	0	4.9	29	16
1977-09-12	5.6	7.7	31	16
1977-09-13	6.3	3.3	30	16
1977-09-14	5.1	3.4	23	15
1977-09-15	0	5.6	26	11
1977-09-16	0	4.5	26	12
1977-09-17	0	6	28	14
1977-09-18	0	7.1	29	14
1977-09-19	0	6.1	30	13
1977-09-20	1.5	5.5	27	13
1977-09-21	0	3.8	26	15
1977-09-22	0	3.9	25	13
1977-09-23	0	4.3	30	12
1977-09-24	0	5.7	31	14
1977-09-25	0	6.3	30	16
1977-09-26	0	8	31	15
1977-09-27	0	6.8	29	16
1977-09-28	0	5.8	28	16
1977-09-29	0	6.2	30	12
1977-09-30	0	3.3	30	13
1977-10-01	2.7	7.2	30	12
1977-10-02	0	7.1	31	12
1977-10-03	0	4.2	28	16
1977-10-04	0	7	25	15
1977-10-05	0	5.7	26	10
1977-10-06	0	6.9	28	14
1977-10-07	0	5.7	30	13
1977-10-08	0	8.1	27	12
1977-10-09	0	6.7	29	10
1977-10-10	0	7.1	30	14
1977-10-11	0	6.8	31	14
1977-10-12	0	2.3	21	15
1977-10-13	0	5	20	10
1977-10-14	0	5.1	25	6
1977-10-15	0	5.6	25	6
1977-10-16	0	6	20	7
1977-10-17	0	4.6	26	10
1977-10-18	0	7.3	20	12
1977-10-19	0	2.8	22	10
1977-10-20	0	2.9	25	10
1977-10-21	0	4.3	26	10
1977-10-22	6	1.7	29	10
1977-10-23	9.4	3.5	25	10
1977-10-24	2.5	1.7	21	14
1977-10-25	1.4	2.1	21	14
1977-10-26	3.6	1.1	23	15
1977-10-27	0	1.7	25	14
1977-10-28	0	1.9	26	15
1977-10-29	0	3	28	14
1977-10-30	0	5	30	13
1977-10-31	0	3.1	29	14
1977-11-01	3.2	4.9	28	14
1977-11-02	0	3.2	25	13
1977-11-03	0	4.9	28	15
1977-11-04	0	3.9	29	6
1977-11-05	0	5.2	20	8
1977-11-06	0	4.8	28	8
1977-11-07	0	4.2	29	9
1977-11-08	0	3.2	30	10
1977-11-09	0	3	25	11
1977-11-10	0	3.2	15	10
1977-11-11	0	4.6	17	9
1977-11-12	0	4.1	22	10
1977-11-13	0	4.1	21	9
1977-11-14	0	3.8	24	10
1977-11-15	0	3.2	25	8
1977-11-16	0	2.6	27	9
1977-11-17	0	3	27	11
1977-11-18	0	3.1	24	12
1977-11-19	0	3.8	25	11
1977-11-20	0	4.2	26	10
1977-11-21	0	3.9	24	10
1977-11-22	0	3.2	26	9
1977-11-23	0	3.7	28	9
1977-11-24	0	3	26	10
1977-11-25	0	4.3	27	8
1977-11-26	0	4.1	24	6
1977-11-27	0	3.9	25	6
1977-11-28	0	3	24	6
1977-11-29	0	3.8	25	7
1977-11-30	0	5.2	26	8
1977-12-01	0	3.7	28	9
1977-12-02	0	3.2	24	9
1977-12-03	0	3.1	26	9
1977-12-04	0	3.8	25	10
1977-12-05	0	4.2	26	11
1977-12-06	0	4.6	21	9
1977-12-07	0	3.4	26	11
1977-12-08	0	5	26	13
1977-12-09	0	5.7	25	9
1977-12-10	0	4.1	24	10
1977-12-11	0	1	26	9
1977-12-12	9.5	8.5	24	10
1977-12-13	0	2.5	24	10
1977-12-14	0	4.2	26	8
1977-12-15	0	2.9	25	10
1977-12-16	0	2.1	23	9
1977-12-17	0	3	25	6
1977-12-18	0	4.8	26	4
1977-12-19	0	4.1	26	4
1977-12-20	0	4.1	26	6
1977-12-21	0	1.6	15	6
1977-12-22	0	3.5	20	0
1977-12-23	0	3.9	24	1
1977-12-24	0	3.8	26	6
1977-12-25	0	4.2	28	4
1977-12-26	0	4.7	28	6
1977-12-27	0	3.1	24	7
1977-12-28	0	2.9	30	7
1977-12-29	0	4	29	9
1977-12-30	0	5.7	30	10
1977-12-31	0	3.7	29	8
1978-01-01	0	4.3	25	9
1978-01-02	0	5.2	28	8
1978-01-03	0	3	24	7
1978-01-04	0	3.6	27	5
1978-01-05	0	4.3	28	6
1978-01-06	0	4.1	28	7
1978-01-07	0	4.8	24	8
1978-01-08	0	2.5	20	9
1978-01-09	8.3	1.8	11	7
1978-01-10	0	1.3	20	5
1978-01-11	0	3.8	23	4
1978-01-12	0	5.1	28	5
1978-01-13	0	4	24	6
1978-01-14	0	4	22	7
1978-01-15	0	5	28	4
1978-01-16	0	3.8	26	5
1978-01-17	0	6.1	26	7
1978-01-18	0	5.5	26	7
1978-01-19	0	6.3	24	8
1978-01-20	0	5.1	26	3
1978-01-21	0	3.7	25	4
1978-01-22	0	4	22	5
1978-01-23	0	3.9	28	6
1978-01-24	0	6.3	28	7
1978-01-25	0	7.2	26	10
1978-01-26	0	3.9	25	6
1978-01-27	0	3.7	27	5
1978-01-28	0	4.7	25	6
1978-01-29	0	4.8	27	7
1978-01-30	0	4.9	27	7
1978-01-31	0	3.4	26	8
1978-02-01	0	4.8	27	7
1978-02-02	0	5.2	25	8
1978-02-03	0	5.8	26	8
1978-02-04	0	3.8	25	7
1978-02-05	0	5	17	7
1978-02-06	0	5.2	24	3
1978-02-07	3.6	3.8	21	6
1978-02-08	0	2.7	22	7
1978-02-09	0	4.3	25	5
1978-02-10	0	4.2	23	5
1978-02-11	0	3.3	24	6
1978-02-12	0	5.2	23	8
1978-02-13	0	6.1	24	6
1978-02-14	0	5.2	23	5
1978-02-15	0	5.7	29	6
1978-02-16	0	6.2	27	7
1978-02-17	0	4.8	26	9
1978-02-18	0	3.8	23	8
1978-02-19	0	5.2	22	7
1978-02-20	0	4	24	8
1978-02-21	0	4.1	12	7
1978-02-22	1.8	1.1	17	5
1978-02-23	0	1.1	18	6
1978-02-24	0	2.6	26	7
1978-02-25	0	7.3	27	7
1978-02-26	0	7.5	30	7
1978-02-27	0	9.7	31	8
1978-02-28	0	6	31	9
1978-03-01	0	8.2	30	11
1978-03-02	0	9	32	11
1978-03-03	0	5.2	32	12
1978-03-04	0	7.7	31	10
1978-03-05	0	8.1	30	11
1978-03-06	0	6.7	31	10
1978-03-07	0	9.1	29	10
1978-03-08	0	8.1	28	10
1978-03-09	0	7.7	26	7
1978-03-10	0	7	26	6
1978-03-11	0	7.9	30	7
1978-03-12	0	4.8	32	8
1978-03-13	0	8.8	33	10
1978-03-14	0	9.1	30	12
1978-03-15	0	5.9	32	10
1978-03-16	7.9	1.2	11	9
1978-03-17	8.5	1.6	10	7
1978-03-18	2.5	1	13	5
1978-03-19	0	5.1	24	7
1978-03-20	0	4.9	28	9
1978-03-21	0	7.1	31	10
1978-03-22	0	7	32	11
1978-03-23	0	8.3	31	12
1978-03-24	0	3.8	33	11
1978-03-25	2.8	9.5	32	13
1978-03-26	9.7	3.2	24	13
1978-03-27	0	3.7	28	8
1978-03-28	0	6.1	28	7
1978-03-29	0	6.1	30	8
1978-03-30	0	7	29	10
1978-03-31	0	8	31	10
1978-04-01	0	7.8	33	12
1978-04-02	3	7	33	13
1978-04-03	8.3	4.6	32	12
1978-04-04	0	8.8	30	11
1978-04-05	0	6.9	29	10
1978-04-06	0	6.8	32	10
1978-04-07	0	8.8	32	12
1978-04-08	0	4.4	32	14
1978-04-09	0	8.6	33	13
1978-04-10	0	7.1	33	12
1978-04-11	0	8	33	14
1978-04-12	0	7.3	30	13
1978-04-13	0	9.1	31	12
1978-04-14	0	8.4	34	13
1978-04-15	0	7.4	33	12
1978-04-16	0	9	34	12
1978-04-17	0	10	35	13
1978-04-18	0	9.2	35	10
1978-04-19	0	8.8	35	13
1978-04-20	0	7.8	34	15
1978-04-21	0	10.8	33	13
1978-04-22	0	9.1	30	14
1978-04-23	0	7.9	33	12
1978-04-24	5.4	9.1	32	12
1978-04-25	1.2	6.9	30	13
1978-04-26	0	6.1	28	11
1978-04-27	0	7.2	31	12
1978-04-28	0	7.5	34	13
1978-04-29	0	9	31	13
1978-04-30	0	11.2	32	13
1978-05-01	0	10.9	34	15
1978-05-02	0	11.2	34	12
1978-05-03	0	11	34	17
1978-05-04	0	10.6	35	16
1978-05-05	0	10.8	35	13
1978-05-06	0	10.1	35	16
1978-05-07	0	10.4	36	16
1978-05-08	0	10.6	32	17
1978-05-09	0	9.7	36	17
1978-05-10	0	9.8	35	17
1978-05-11	0	10.2	34	16
1978-05-12	0	10.3	31	13
1978-05-13	0	11.7	31	15
1978-05-14	0	8.2	30	16
1978-05-15	9.5	11.1	33	15
1978-05-16	1.2	5	26	15
1978-05-17	0	8	27	15
1978-05-18	0	9.1	30	14
1978-05-19	0	7.9	31	15
1978-05-20	0	8.1	30	18
1978-05-21	0	6.3	30	15
1978-05-22	2.7	6.4	30	16
1978-05-23	0	7	32	15
1978-05-24	0	5.7	34	16
1978-05-25	0	8.8	32	14
1978-05-26	0	7.2	32	15
1978-05-27	0	8.8	30	16
1978-05-28	0	8.4	31	15
1978-05-29	0	9.6	28	14
1978-05-30	0	5.1	25	16
1978-05-31	1.2	4.3	28	17
1978-06-01	0	6.8	29	17
1978-06-02	0	5.9	30	17
1978-06-03	1.5	5.6	28	17
1978-06-04	2.9	2.5	25	18
1978-06-05	0	5.6	29	16
1978-06-06	8.4	4	30	17
1978-06-07	21.7	6.8	30	17
1978-06-08	5.2	3	28	16
1978-06-09	3.2	2.7	21	15
1978-06-10	0	6.6	27	15
1978-06-11	0	7.2	30	15
1978-06-12	0	7	27	15
1978-06-13	0	8.9	26	14
1978-06-14	0	8.8	28	14
1978-06-15	0	8	30	15
1978-06-16	0	8.4	29	16
1978-06-17	0	4.7	28	14
1978-06-18	0	6.9	27	15
1978-06-19	0	6.9	28	15
1978-06-20	0	5.8	30	15
1978-06-21	0	7.1	28	17
1978-06-22	0	8.8	30	15
1978-06-23	0	10.2	30	16
1978-06-24	0	7	30	16
1978-06-25	0	5.9	32	15
1978-06-26	8.4	8.9	32	15
1978-06-27	0	6.1	30	14
1978-06-28	0	8.9	26	14
1978-06-29	0	7.9	29	17
1978-06-30	0	7.5	28	14
1978-07-01	0	6.8	30	15
1978-07-02	0	7.1	29	14
1978-07-03	0	8.8	30	16
1978-07-04	0	6.1	28	18
1978-07-05	0	7.6	29	13
1978-07-06	0	7.1	29	15
1978-07-07	0	6	28	15
1978-07-08	0	7.9	25	13
1978-07-09	0	4	29	10
1978-07-10	0	9.4	28	12
1978-07-11	0	6.7	29	16
1978-07-12	0	9.6	30	15
1978-07-13	0	9.3	29	15
1978-07-14	0	9.3	29	14
1978-07-15	0	8.6	31	15
1978-07-16	0	6.9	32	14
1978-07-17	0	5.2	32	12
1978-07-18	0	6.6	29	14
1978-07-19	0	11.1	31	16
1978-07-20	0	7.8	29	15
1978-07-21	0	10.4	29	13
1978-07-22	0	9.6	29	15
1978-07-23	1.5	7.6	27	12
1978-07-24	2.8	5.8	27	16
1978-07-25	0	5.5	28	16
1978-07-26	2.5	5.6	30	16
1978-07-27	0	4.2	28	15
1978-07-28	33.5	5.2	30	16
1978-07-29	0	5.6	30	15
1978-07-30	0	5.1	30	15
1978-07-31	4.5	5.4	31	15
1978-08-01	0	4.9	23	11
1978-08-02	0	5.2	29	11
1978-08-03	0	7	30	14
1978-08-04	0	9.1	29	13
1978-08-05	0	7.7	28	12
1978-08-06	0	4	24	15
1978-08-07	5.3	1.2	20	13
1978-08-08	0	1.1	22	15
1978-08-09	0	6.3	28	11
1978-08-10	0	5.7	28	13
1978-08-11	2.1	5.9	32	12
1978-08-12	0	4	28	14
1978-08-13	1.5	4.4	25	11
1978-08-14	0	9.1	28	13
1978-08-15	0	6.5	29	14
1978-08-16	0	8.2	30	15
1978-08-17	0	6.9	30	14
1978-08-18	0	8.3	31	14
1978-08-19	0	7.8	30	14
1978-08-20	0	6.9	29	15
1978-08-21	3.2	3.2	28	11
1978-08-22	0	5.7	27	12
1978-08-23	0	7.2	29	15
1978-08-24	0	6.2	28	16
1978-08-25	0	3.7	22	15
1978-08-26	0	7.9	30	11
1978-08-27	0	6.9	31	12
1978-08-28	0	7.2	32	13
1978-08-29	0	5.8	31	16
1978-08-30	0	6.6	29	11
1978-08-31	0	10.3	29	13
1978-09-01	0	9.8	27	13
1978-09-02	0	8.1	27	14
1978-09-03	0	5.5	28	15
1978-09-04	0	3.3	31	16
1978-09-05	0	5.9	28	14
1978-09-06	2.5	5.5	30	14
1978-09-07	2.4	7.8	29	15
1978-09-08	0	5.4	27	16
1978-09-09	0	5.3	29	15
1978-09-10	9.4	8.7	27	16
1978-09-11	9.7	1.7	28	15
1978-09-12	0	2.4	30	13
1978-09-13	0	7.1	31	15
1978-09-14	5	7.2	30	11
1978-09-15	0	7.6	28	14
1978-09-16	0	6.5	30	13
1978-09-17	0	5	29	13
1978-09-18	9	1	31	12
1978-09-19	0	2	31	14
1978-09-20	0	2.9	30	14
1978-09-21	1.2	3.3	22	14
1978-09-22	7	1.9	31	15
1978-09-23	3.3	1.2	32	12
1978-09-24	0	1.8	25	12
1978-09-25	0	5	21	15
1978-09-26	0	4.2	28	16
1978-09-27	0	4.8	28	16
1978-09-28	0	3.7	27	15
1978-09-29	0	4.2	22	15
1978-09-30	0	3.9	27	17
1978-10-01	0	4.3	25	15
1978-10-02	0	4.8	27	13
1978-10-03	1.7	6.5	30	14
1978-10-04	0	6	29	14
1978-10-05	41.5	5.9	28	16
1978-10-06	0	2.7	26	15
1978-10-07	0	2.9	24	15
1978-10-08	0	3.2	22	11
1978-10-09	1.5	4.3	24	13
1978-10-10	0	5.3	26	12
1978-10-11	0	4.6	26	12
1978-10-12	0	5.3	24	12
1978-10-13	9	1.1	24	12
1978-10-14	0	1.1	16	12
1978-10-15	0	1.9	15	11
1978-10-16	0	1.5	19	10
1978-10-17	0	5.9	20	10
1978-10-18	0	3.5	20	13
1978-10-19	0	4.9	21	11
1978-10-20	0	5.2	24	9
1978-10-21	0	6	28	7
1978-10-22	0	2.6	27	9
1978-10-23	0	4.2	26	10
1978-10-24	0	5.8	24	11
1978-10-25	0	4	23	9
1978-10-26	0	4.7	27	10
1978-10-27	0	6	25	15
1978-10-28	0	2.2	24	13
1978-10-29	0	2.9	23	12
1978-10-30	0	4.3	21	11
1978-10-31	0	5.6	23	12
1978-11-01	0	3.1	21	10
1978-11-02	0	4.1	28	10
1978-11-03	0	2.8	26	11
1978-11-04	0	5.2	29	13
1978-11-05	0	4.6	28	12
1978-11-06	0	4.5	27	9
1978-11-07	0	6.6	27	10
1978-11-08	0	4.3	23	10
1978-11-09	0	4.6	25	7
1978-11-10	0	4.5	28	7
1978-11-11	0	4.5	28	9
1978-11-12	0	4.3	27	9
1978-11-13	0	4	29	9
1978-11-14	0	4.6	29	10
1978-11-15	0	4.1	28	9
1978-11-16	0	5.1	27	10
1978-11-17	0	6	27	10
1978-11-18	0	3	28	11
1978-11-19	0	3.8	26	10
1978-11-20	0	4.7	25	15
1978-11-21	0	3.8	23	13
1978-11-22	0	3.1	27	10
1978-11-23	0	3.2	25	10
1978-11-24	0	3.9	24	10
1978-11-25	0	5.2	28	10
1978-11-26	2	1.9	27	10
1978-11-27	0	1.6	28	11
1978-11-28	0	5.5	26	13
1978-11-29	0	3.7	27	12
1978-11-30	0	5.3	26	12
1978-12-01	0	3.8	27	11
1978-12-02	2.2	4.2	27	12
1978-12-03	0	4.9	27	11
1978-12-04	0	4.4	26	12
1978-12-05	0	4.4	23	7
1978-12-06	0	3.9	29	9
1978-12-07	0	5	26	11
1978-12-08	0	2.7	26	11
1978-12-09	0	3.1	18	11
1978-12-10	0	1.8	20	5
1978-12-11	0	4.1	22	7
1978-12-12	0	2.9	19	10
1978-12-13	0	2	22	12
1978-12-14	0	2.8	22	10
1978-12-15	0	4.2	26	8
1978-12-16	0	3.1	28	9
1978-12-17	0	3.9	20	10
1978-12-18	0	3.2	21	7
1978-12-19	0	3.7	27	7
1978-12-20	0	4.5	26	7
1978-12-21	0	3.7	26	7
1978-12-22	0	3.9	28	8
1978-12-23	0	3.6	22	7
1978-12-24	0	4.2	25	10
1978-12-25	0	3.8	26	9
1978-12-26	0	4.2	25	8
1978-12-27	0	3	25	6
1978-12-28	0	3.7	27	7
1978-12-29	0	4.2	27	7
1978-12-30	0	2.7	27	7
1978-12-31	0	4	26	8
1979-01-01	0	3.7	27	8
1979-01-02	0	3.5	24	7
1979-01-03	0	2.2	16	1
1979-01-04	0	2.9	25	0
1979-01-05	0	3.7	25	2
1979-01-06	0	3	25.5	4
1979-01-07	0	6.1	26	5
1979-01-08	0	2.4	20	7
1979-01-09	0	3.1	22	3
1979-01-10	0	4.8	25	4
1979-01-11	0	6.6	25	6
1979-01-12	0	4.7	21	8
1979-01-13	0	5.9	27	8
1979-01-14	0	4.1	17	9
1979-01-15	0	4.3	25	2
1979-01-16	0	3.9	22	3
1979-01-17	0	2	26	5
1979-01-18	0	4.8	25	7
1979-01-19	0	5.9	25	9
1979-01-20	0	5.2	27	10
1979-01-21	0	5.8	27	10
1979-01-22	0	8.8	25	9
1979-01-23	0	6.1	26	10
1979-01-24	0	3	23	9
1979-01-25	0	4.7	26	10
1979-01-26	0	7.1	27	11
1979-01-27	0	7.1	27	10
1979-01-28	0	5.3	28	10
1979-01-29	0	7.1	27	10
1979-01-30	0	4.9	29	10
1979-01-31	0	5.6	28	10
1979-02-01	0	4.3	29	7
1979-02-02	0	4.9	29	7
1979-02-03	0	5.9	29	10
1979-02-04	0	4.5	30	10
1979-02-05	0	8.2	29	11
1979-02-06	1.4	3.5	22	11
1979-02-07	0	3.3	20	12
1979-02-08	0	6	25	5
1979-02-09	1.7	5.6	16	7
1979-02-10	0	1.9	22	7
1979-02-11	7.3	1.4	19	9
1979-02-12	0	3.7	23	10
1979-02-13	0	4.2	24	7
1979-02-14	0	5.8	28	6
1979-02-15	0	5.5	29	7
1979-02-16	0	6.3	29	8
1979-02-17	0	7	28	9
1979-02-18	0	4.6	23	12
1979-02-19	2.2	3.2	25	7
1979-02-20	0	3	26	9
1979-02-21	0	4.9	28	9
1979-02-22	0	6	27	10
1979-02-23	0	7.1	28	10
1979-02-24	0	7.2	25	10
1979-02-25	0	5.7	29	10
1979-02-26	0	4.5	28	7
1979-02-27	0	8.2	30	8
1979-02-28	0	6.2	25	10
1979-03-01	0	5.5	29	10
1979-03-02	0	8.3	30	9
1979-03-03	0	6.7	30	9
1979-03-04	0	6.4	27	10
1979-03-05	0	4.5	27	8
1979-03-06	0	5	22	9
1979-03-07	0	3.4	21	10
1979-03-08	0	6.5	26	7
1979-03-09	0	6.7	29	7
1979-03-10	0	7.9	30	9
1979-03-11	0	6.4	22	10
1979-03-12	0	6	29	8
1979-03-13	0	6.7	32	10
1979-03-14	0	8.2	29	10
1979-03-15	0	6.2	26	11
1979-03-16	0	6.2	30	12
1979-03-17	0	6.7	30	12
1979-03-18	0	6.4	27	11
1979-03-19	0	3.6	29	8
1979-03-20	0	5.7	30	10
1979-03-21	0	9.4	32	10
1979-03-22	0	9.7	30	13
1979-03-23	0	10	30	13
1979-03-24	0	8.3	31	11
1979-03-25	0	7.2	29	12
1979-03-26	0	9.4	30	10
1979-03-27	0	6.7	28	10
1979-03-28	0	6.3	30	10
1979-03-29	0	9.8	33	11
1979-03-30	0	8.1	30	14
1979-03-31	0	6.3	32	14
1979-04-01	0	4.5	34	14
1979-04-02	0	9.4	33	16
1979-04-03	0	10.5	33	15
1979-04-04	0	8.7	32	13
1979-04-05	0	5.7	29	13
1979-04-06	0	7.6	32	12
1979-04-07	0	7.5	33	14
1979-04-08	0	10.8	36	13
1979-04-09	0	10.1	30	14
1979-04-10	0	10.7	30	16
1979-04-11	0	9.1	34	15
1979-04-12	0	9.9	32	15
1979-04-13	0	4.5	28	13
1979-04-14	0	6.4	31	12
1979-04-15	0	6.8	31	15
1979-04-16	8.5	6.7	32	14
1979-04-17	0	6.8	29	13
1979-04-18	0	7.6	32	13
1979-04-19	6.4	6.1	31	15
1979-04-20	18.9	10.4	31	13
1979-04-21	0	9.4	30	14
1979-04-22	0	5.8	25	15
1979-04-23	0	4.3	27	15
1979-04-24	0	9.4	28	13
1979-04-25	0	7.8	30	13
1979-04-26	0	9.5	29	12
1979-04-27	0	8	34	15
1979-04-28	0	6.7	29	16
1979-04-29	0	8.9	34	14
1979-04-30	0	9.5	34	15
1979-05-01	0	8	33	16
1979-05-02	0	8.8	35	15
1979-05-03	0	8.7	30	15
1979-05-04	0	7.6	34	14
1979-05-05	0	9	31	16
1979-05-06	0	7.9	31	11
1979-05-07	0	6.6	33	12
1979-05-08	0	8.7	34	12
1979-05-09	0	9.3	34	13
1979-05-10	0	5.2	32	14
1979-05-11	0	8.5	35	12
1979-05-12	0	6	28	14
1979-05-13	0	5.8	24	16
1979-05-14	0	5.9	29	15
1979-05-15	0	7	28	14
1979-05-16	0	7.4	29	14
1979-05-17	0	5.8	31	14
1979-05-18	0	6.9	31	12
1979-05-19	0	8.2	33	13
1979-05-20	5.9	9.2	34	15
1979-05-21	0	8.3	33	14
1979-05-22	0	10	34	16
1979-05-23	0	8.6	32	16
1979-05-24	0	5.7	30	16
1979-05-25	6.9	5.5	28	17
1979-05-26	0	3.7	30	14
1979-05-27	0	7.4	29	15
1979-05-28	0	5.5	32	15
1979-05-29	0	6.6	21	16
1979-05-30	0	9.1	34	15
1979-05-31	0	10.1	30	17
1979-06-01	0	8.4	28	15
1979-06-02	0	7.4	29	17
1979-06-03	0	7.2	28	19
1979-06-04	16.7	9.5	30	17
1979-06-05	55.9	9.2	30	15
1979-06-06	0	3	29	17
1979-06-07	9.7	6.7	29	16
1979-06-08	0	5.9	29	10
1979-06-09	0	3.7	27	13
1979-06-10	9	5	29	15
1979-06-11	1.2	1.5	31	17
1979-06-12	0	1.3	20	13
1979-06-13	0	7.4	25	13
1979-06-14	0	6.3	31	10
1979-06-15	0	6.6	22	12
1979-06-16	0	8.3	23	10
1979-06-17	0	7.7	32	11
1979-06-18	0	7.3	34	12
1979-06-19	0	6.5	32	13
1979-06-20	0	9.6	32	14
1979-06-21	0	9.8	28	16
1979-06-22	0	8.4	30	15
1979-06-23	0	6.5	33	12
1979-06-24	0	9.4	28	14
1979-06-25	0	8.1	35	15
1979-06-26	0	6.5	25	15
1979-06-27	0	7.9	29	13
1979-06-28	0	8.8	27	14
1979-06-29	0	7.2	30	15
1979-06-30	0	6	30	15
1979-07-01	0	7.5	32	12
1979-07-02	0	6.4	31	13
1979-07-03	9.7	7.1	30	15
1979-07-04	3.4	5.8	29	15
1979-07-05	0	4.7	27	15
1979-07-06	0	7.2	25	17
1979-07-07	0	5.2	20	15
1979-07-08	0	5.7	29	12
1979-07-09	13.6	8.5	31	14
1979-07-10	1.2	6.2	30	15
1979-07-11	0	6.1	29	16
1979-07-12	0	8.1	31	15
1979-07-13	16.8	4.5	30	18
1979-07-14	0	7.3	27	17
1979-07-15	0	9	28	14
1979-07-16	0	6.8	26	17
1979-07-17	0	6.2	28	14
1979-07-18	0	7	30	14
1979-07-19	0	6.8	29	16
1979-07-20	0	8.1	29	15
1979-07-21	0	8.6	28	15
1979-07-22	0	5.6	30	14
1979-07-23	15.6	9.6	31	14
1979-07-24	25.5	5.5	30	16
1979-07-25	0	4.4	28	16
1979-07-26	14	9.6	28	17
1979-07-27	5.7	9.4	24	15
1979-07-28	0	6.2	25	15
1979-07-29	0	4.9	27	13
1979-07-30	0	6.1	27	15
1979-07-31	0	6.9	28	15
1979-08-01	0	5.8	28	15
1979-08-02	0	4.8	28	17
1979-08-03	0	5.8	26	14
1979-08-04	0	7.7	25	16
1979-08-05	3.6	2.3	24	15
1979-08-06	1.6	2	22	16
1979-08-07	0	6.3	22	16
1979-08-08	0	7.8	27	15
1979-08-09	0	6.6	28	14
1979-08-10	0	7.4	27	15
1979-08-11	0	5.7	30	16
1979-08-12	0	7	29	17
1979-08-13	0	8.3	30	17
1979-08-14	0	7.2	27	17
1979-08-15	0	5.7	27	15
1979-08-16	0	6.8	26	16
1979-08-17	0	6.4	25	14
1979-08-18	0	8.4	27	15
1979-08-19	0	6.7	28	15
1979-08-20	0	6.9	27	16
1979-08-21	0	7.9	28	15
1979-08-22	0	7.6	30	12
1979-08-23	0	5	27	13
1979-08-24	0	4.5	25	13
1979-08-25	5.7	9.9	23	13
1979-08-26	3.7	8.1	26	14
1979-08-27	19.2	8.6	28	13
1979-08-28	0	4.7	24	15
1979-08-29	5.6	3.1	27	17
1979-08-30	0	7.3	27	16
1979-08-31	0	6.7	25	17
1979-09-01	0	7.7	26	14
1979-09-02	0	6.6	30	16
1979-09-03	0	4.8	27	13
1979-09-04	0	4.8	28	15
1979-09-05	0	7.5	29	16
1979-09-06	2.7	4.7	27	15
1979-09-07	0	1.7	22	17
1979-09-08	1.2	6.3	25	17
1979-09-09	0	3.7	29	17
1979-09-10	5.2	4.2	27	16
1979-09-11	0	5.1	28	16
1979-09-12	0	3.8	25	15
1979-09-13	0	3.5	25	16
1979-09-14	0	5.4	24	15
1979-09-15	0	3.1	25	15
1979-09-16	0	2.5	25	14
1979-09-17	21.7	2.2	19	13
1979-09-18	5.5	1.6	19	15
1979-09-19	1.4	2.4	21	15
1979-09-20	0	1.4	27	15
1979-09-21	0	8.7	25	15
1979-09-22	0	4.5	27	14
1979-09-23	0	6.9	25	16
1979-09-24	0	7.3	25	14
1979-09-25	0	6.6	22	8
1979-09-26	0	7.4	23	7
1979-09-27	0	9.5	25	5
1979-09-28	0	7.2	28	6
1979-09-29	0	8.6	27	7
1979-09-30	0	8.9	25	5
1979-10-01	0	5.2	19	6
1979-10-02	0	5.4	26	10
1979-10-03	0	7.1	29	10
1979-10-04	0	7.2	27	6
1979-10-05	0	5.3	28	7
1979-10-06	0	6.9	28	8
1979-10-07	0	6.8	26	6
1979-10-08	0	5.5	30	9
1979-10-09	0	6.7	28	10
1979-10-10	0	6	25	9
1979-10-11	0	5.6	29	8
1979-10-12	0	5.8	30	8
1979-10-13	0	7.8	31	8
1979-10-14	0	7.3	26	9
1979-10-15	0	4.8	30	10
1979-10-16	0	6.2	30	9
1979-10-17	0	5.9	30	7
1979-10-18	0	5.4	30	9
1979-10-19	0	6.4	31	10
1979-10-20	0	6	32	9
1979-10-21	0	7.7	32	11
1979-10-22	0	5.2	33	12
1979-10-23	0	2.7	24	10
1979-10-24	0	6.9	28	9
1979-10-25	0	2.7	28	8
1979-10-26	0	5.1	29	8
1979-10-27	0	4.2	30	10
1979-10-28	0	8.6	31	10
1979-10-29	3.4	4.2	29	12
1979-10-30	0	4.2	27	12
1979-10-31	0	2.9	29	11
1979-11-01	0	3.9	30	9
1979-11-02	0	4.8	28	9
1979-11-03	0	4.3	26	10
1979-11-04	0	3.2	28	11
1979-11-05	0	3.7	27	11
1979-11-06	0	1.1	18	10
1979-11-07	0	5.1	24	10
1979-11-08	0	7.6	27	8
1979-11-09	0	5.6	29	10
1979-11-10	0	4.9	30	9
1979-11-11	0	5.2	25	11
1979-11-12	0	4.6	28	9
1979-11-13	0	4	20	10
1979-11-14	0	2.9	12.1	11
1979-11-15	0	6.2	17	8
1979-11-16	0	5.2	20	9
1979-11-17	0	6.2	25	8
1979-11-18	0	2.4	27	8
1979-11-19	0	4.7	29	9
1979-11-20	3	4	29	10
1979-11-21	0	4.4	28	11
1979-11-22	7.2	4.3	26	11
1979-11-23	0	2.8	20	12
1979-11-24	0	5.6	27	7
1979-11-25	0	4.2	25	7
1979-11-26	0	3.9	25	7
1979-11-27	0	4.2	27	4
1979-11-28	0	5.1	24	5
1979-11-29	0	4.5	17	6
1979-11-30	0	1.8	25	3
1979-12-01	0	3.3	22	9
1979-12-02	0	1.4	19	5
1979-12-03	19	3.4	17	5
1979-12-04	16.5	3.6	19	4
1979-12-05	5.3	1.2	16	6
1979-12-06	0	2.5	22	8
1979-12-07	0	2.1	21	8
1979-12-08	0	2.8	20	9
1979-12-09	0	4.5	21	9
1979-12-10	0	2.5	25	10
1979-12-11	0	4.6	26	9
1979-12-12	6.3	1.7	25	7
1979-12-13	0	3	24	8
1979-12-14	0	3.3	22	10
1979-12-15	0	1.8	22	10
1979-12-16	0	3	26	9
1979-12-17	0	3.7	20	10
1979-12-18	0	2.5	19	5
1979-12-19	0	3.3	25	4
1979-12-20	0	3.7	26	6
1979-12-21	0	2.7	27	8
1979-12-22	0	3.1	21	9
1979-12-23	0	6.1	27	10
1979-12-24	0	5.2	24	9
1979-12-25	0	2.4	25	5
1979-12-26	0	3.7	26	7
1979-12-27	0	3.1	25	7
1979-12-28	0	2.3	26	7
1979-12-29	0	2.3	25	8
1979-12-30	0	4.1	25	8
1979-12-31	0	3	26	7
1980-01-01	0	3.1	26	6
1980-01-02	0	4.2	24	6
1980-01-03	1.3	2.6	21	7
1980-01-04	0	3.5	21	8
1980-01-05	0	3.4	22	2
1980-01-06	0	4.8	25	3
1980-01-07	0	4.9	26	6
1980-01-08	0	1.3	27	8
1980-01-09	0	5.4	28	7
1980-01-10	0	4.5	29	8
1980-01-11	0	6.5	30	9
1980-01-12	0	3.5	25	7
1980-01-13	0	5.1	28	7
1980-01-14	0	4.1	27	7
1980-01-15	0	4.1	28	7
1980-01-16	1.7	4.1	28	9
1980-01-17	0	2.4	25	9
1980-01-18	0	4	25	8
1980-01-19	0	5	27	8
1980-01-20	12.9	4.2	25	9
1980-01-21	10.8	1.5	28	11
1980-01-22	5.4	3.4	23	11
1980-01-23	4.5	1.4	11	9
1980-01-24	13.7	1.5	20	6
1980-01-25	22.3	3	12	7
1980-01-26	0	3.6	19	9
1980-01-27	0	4.6	25.5	4
1980-01-28	0	4.2	23	5
1980-01-29	0	3.9	26	7
1980-01-30	0	3.8	28	8
1980-01-31	0	4.9	26	9
1980-02-01	0	4.2	22	9
1980-02-02	0	3.8	26	5
1980-02-03	0	4.1	19	5
1980-02-04	0	4	23	5
1980-02-05	0	5.4	26	2
1980-02-06	0	3.5	22	5
1980-02-07	0	4.5	25	5
1980-02-08	0	4.7	26	6
1980-02-09	0	6.9	28	8
1980-02-10	0	6.3	28	9
1980-02-11	0	4.7	27	7
1980-02-12	0	3.4	26	8
1980-02-13	0	4.1	23	10
1980-02-14	0	5.4	28	9
1980-02-15	0	4.4	29	8
1980-02-16	0	6.6	28	8
1980-02-17	0	9.1	28	9
1980-02-18	0	5.8	27	10
1980-02-19	0	4.4	29	8
1980-02-20	0	7.7	30	8
1980-02-21	0	6.9	29	10
1980-02-22	0	7.5	30	10
1980-02-23	0	4.1	28	10
1980-02-24	0	6.1	29	10
1980-02-25	0	1.5	17	10
1980-02-26	0	4.2	20	8
1980-02-27	0	2.3	20	7
1980-02-28	0	2.2	23	6
1980-02-29	0	6.4	26	8
1980-03-01	0	6.3	25	9
1980-03-02	0	4.8	17	7
1980-03-03	0	4.6	29	4
1980-03-04	0	9.6	30	5
1980-03-05	0	8.7	30	10
1980-03-06	0	6.8	31	10
1980-03-07	0	7.2	32	10
1980-03-08	0	7.8	33	11
1980-03-09	0	6.4	29	10
1980-03-10	0	5.3	35	10
1980-03-11	0	6.9	35	11
1980-03-12	0	9.6	34	12
1980-03-13	0	9.8	29	10
1980-03-14	0	7.2	30	11
1980-03-15	0	6.5	31	11
1980-03-16	0	6.4	32	12
1980-03-17	0	8	33	12
1980-03-18	0	6.7	25	12
1980-03-19	0	4.2	31	11
1980-03-20	0	7.8	31	13
1980-03-21	0	6.9	26	12
1980-03-22	0	8.7	30	10
1980-03-23	0	9.8	32	11
1980-03-24	1.6	7.3	32	16
1980-03-25	0	7.8	31	12
1980-03-26	0	8.8	32	12
1980-03-27	0	6.3	31	10
1980-03-28	0	9.2	33	12
1980-03-29	0	8.7	30	13
1980-03-30	0	9.1	33	12
1980-03-31	0	9.1	34	11
1980-04-01	0	7.1	34	13
1980-04-02	0	9.4	35	13
1980-04-03	0	9.2	35	14
1980-04-04	0	8.5	28	15
1980-04-05	0	6.9	34	14
1980-04-06	0	9.8	34	15
1980-04-07	0	8.8	33	14
1980-04-08	0	8.7	32	13
1980-04-09	1.2	3.8	26	11
1980-04-10	2.7	4.2	24	12
1980-04-11	0	7.8	30	10
1980-04-12	0	8.6	30	11
1980-04-13	0	9.6	30	12
1980-04-14	0	5.6	29	9
1980-04-15	0	6.3	29	7
1980-04-16	0	6.3	31	9
1980-04-17	0	8	31	12
1980-04-18	0	6.4	30	13
1980-04-19	0	4.6	28	13
1980-04-20	0	5	27	11
1980-04-21	1.8	3.8	28	10
1980-04-22	1.5	3.6	26	11
1980-04-23	0	6.7	30	11
1980-04-24	0	9.3	31	10
1980-04-25	0	6.2	31	13
1980-04-26	0	8.7	30	12
1980-04-27	0	7.7	31	11
1980-04-28	0	6.7	32	12
1980-04-29	0	7.8	30	11
1980-04-30	0	9.6	33	15
1980-05-01	0	8.5	30	17
1980-05-02	0	4.4	32	12
1980-05-03	26.8	6.8	29	14
1980-05-04	10.8	5.6	30	15
1980-05-05	19.5	6.3	28	15
1980-05-06	2.6	6.8	30	14
1980-05-07	2.4	8.3	30	14
1980-05-08	0	8.2	31	14
1980-05-09	1.5	9	32	15
1980-05-10	1.2	6.6	33	15
1980-05-11	0	6.4	32	16
1980-05-12	12	6.6	32	17
1980-05-13	9.5	9.1	32	15
1980-05-14	0	6.4	33	15
1980-05-15	0	9.9	31	16
1980-05-16	0	8.2	33	15
1980-05-17	0	8.6	30	16
1980-05-18	0	6.6	33	16
1980-05-19	0	9.4	29	16
1980-05-20	0	6.9	33	16
1980-05-21	0	7.4	33	15
1980-05-22	6.3	8	32	17
1980-05-23	0	9.5	33	16
1980-05-24	11.7	6.6	32	17
1980-05-25	31.6	9.6	33	16
1980-05-26	0	8.3	30	16
1980-05-27	0	9	31	17
1980-05-28	0	5.5	31	16
1980-05-29	0	6.2	32	15
1980-05-30	0	7.3	31	15
1980-05-31	0	8.7	32	15
1980-06-01	0	7.7	32	13
1980-06-02	0	8.8	31	12
1980-06-03	0	9.6	31	15
1980-06-04	0	7.3	29	16
1980-06-05	0	6.4	30	15
1980-06-06	0	7.9	31	16
1980-06-07	0	9.7	32	17
1980-06-08	0	8.6	32	15
1980-06-09	0	8.9	29	13
1980-06-10	0	9	30	12
1980-06-11	0	8.3	31	14
1980-06-12	0	7.5	30	14
1980-06-13	0	5.8	30	13
1980-06-14	0	8.1	25	12
1980-06-15	0	7.4	29	12
1980-06-16	0	9	30	13
1980-06-17	4.6	7.3	31	11
1980-06-18	0	6.7	29	14
1980-06-19	0	3.9	30	13
1980-06-20	23.8	6.5	27	14
1980-06-21	1.3	3.4	24	11
1980-06-22	11.4	8.7	23	10
1980-06-23	0	5.1	28	10
1980-06-24	0	8.4	28	12
1980-06-25	0	6.7	29	14
1980-06-26	0	8.4	27	15
1980-06-27	0	7.8	28	15
1980-06-28	0	3	24	16
1980-06-29	0	7.5	31	16
1980-06-30	0	7.7	31	14
1980-07-01	0	7.6	31	15
1980-07-02	0	11	28	12
1980-07-03	0	7.1	29	10
1980-07-04	0	8.1	31	11
1980-07-05	0	6.6	30	12
1980-07-06	0	9.3	31	12
1980-07-07	0	5.5	29	13
1980-07-08	0	7.5	27	15
1980-07-09	0	7.6	29	15
1980-07-10	4.7	7.7	30	14
1980-07-11	0	8.5	31	15
1980-07-12	0	8.9	30	14
1980-07-13	0	7.1	30	14
1980-07-14	0	8.2	28	14
1980-07-15	0	7.9	28	14
1980-07-16	0	8.7	30	14
1980-07-17	0	8.8	32	14
1980-07-18	4.8	5.9	31	14
1980-07-19	2.7	5	29	16
1980-07-20	9.7	4.2	30	17
1980-07-21	0	6.7	28	16
1980-07-22	0	7.4	30	15
1980-07-23	0	6.4	29	14
1980-07-24	0	5.9	30	14
1980-07-25	0	7.7	30	16
1980-07-26	0	8.3	31	15
1980-07-27	0	6.2	31	15
1980-07-28	0	9.1	30	15
1980-07-29	0	6.9	27	16
1980-07-30	0	9.7	28	15
1980-07-31	0	7	28	15
1980-08-01	4.5	6.5	29	16
1980-08-02	2.7	9.5	30	15
1980-08-03	0	5.3	28	16
1980-08-04	4	4.1	31	14
1980-08-05	0	7.7	29	14
1980-08-06	4.9	2.4	27	15
1980-08-07	14	8.8	28	15
1980-08-08	0	6.9	27	16
1980-08-09	0	5.7	28	14
1980-08-10	0	6.7	30	14
1980-08-11	0	6.2	31	14
1980-08-12	0	6.1	29	16
1980-08-13	0	7.3	31	15
1980-08-14	32.5	9.1	31	16
1980-08-15	0	7.1	30	16
1980-08-16	0	9.2	30	15
1980-08-17	3.4	8.2	29	16
1980-08-18	0	3.8	28	16
1980-08-19	0	6.3	27	15
1980-08-20	0	5	30	16
1980-08-21	0	6.2	31	14
1980-08-22	0	8.8	28	15
1980-08-23	0	7.9	27	14
1980-08-24	0	7.6	28	14
1980-08-25	0	5.6	28	14
1980-08-26	0	7.7	30	15
1980-08-27	0	7.1	29	13
1980-08-28	0	6.2	30	13
1980-08-29	0	6.8	31	13
1980-08-30	0	8.8	29	15
1980-08-31	0	5.8	28	15
1980-09-01	0	3	29	17
1980-09-02	0	4.2	31	16
1980-09-03	0	5.9	28	15
1980-09-04	0	4.6	27	15
1980-09-05	0	5.3	28	16
1980-09-06	0	7.3	29	15
1980-09-07	0	6.9	31	14
1980-09-08	0	6.6	31	14
1980-09-09	0	5.6	31	15
1980-09-10	0	9.2	27	15
1980-09-11	0	4.3	27	15
1980-09-12	0	7.6	29	15
1980-09-13	0	6.1	30	16
1980-09-14	0	4.7	25	15
1980-09-15	0	4.2	25	12
1980-09-16	0	6.1	30	11
1980-09-17	0	5.4	31	12
1980-09-18	0	6.1	30	14
1980-09-19	0	5.6	28	11
1980-09-20	0	6.2	27	14
1980-09-21	0	6.9	31	16
1980-09-22	0	5.4	31	13
1980-09-23	3.2	4.4	28	14
1980-09-24	3	1	23	13
1980-09-25	5.2	1.6	22	15
1980-09-26	0	1.6	24	17
1980-09-27	0	4.9	28	12
1980-09-28	0	9.8	28	14
1980-09-29	0	4.3	29	17
1980-09-30	0	5.3	28	15
1980-10-01	0	5.7	29	14
1980-10-02	0	3.9	28	12
1980-10-03	0	4.6	27	12
1980-10-04	0	4.9	28	11
1980-10-05	0	7.1	26	11
1980-10-06	0	7.7	23	8
1980-10-07	0	3.3	23	10
1980-10-08	0	6.5	26	10
1980-10-09	0	5.3	30	8
1980-10-10	0	5.9	30	10
1980-10-11	0	4.8	28	10
1980-10-12	0	6.2	26	10
1980-10-13	0	6.6	29	11
1980-10-14	0	4.3	31	12
1980-10-15	0.6	6.8	30	12
1980-10-16	0	4.9	30	12
1980-10-17	0	6	31	12
1980-10-18	0	6.4	32	12
1980-10-19	0	4.2	29	11
1980-10-20	0	4.3	28	13
1980-10-21	0	5.1	30	14
1980-10-22	0	5.2	29	13
1980-10-23	0	5.1	29	12
1980-10-24	0	5.2	30	11
1980-10-25	0	2.4	22	11
1980-10-26	0	4.8	29	13
1980-10-27	6.8	4.8	30	13
1980-10-28	0	4.1	30	15
1980-10-29	0	2.2	22	15
1980-10-30	0	1.9	15	7
1980-10-31	0	4.6	17	8
1980-11-01	0	2.6	22	9
1980-11-02	0	4	28	10
1980-11-03	0	5.2	29	12
1980-11-04	0	4.9	22	14
1980-11-05	0	4.1	20	13
1980-11-06	0	4.4	25	10
1980-11-07	0	4.7	27	8
1980-11-08	0	3.7	27	7
1980-11-09	0	5.1	27	6
1980-11-10	0	5.5	27	7
1980-11-11	0	4.8	26	7
1980-11-12	0	4.5	24	8
1980-11-13	0	5.9	26	5
1980-11-14	0	5.3	27	6
1980-11-15	0	3.6	29	7
1980-11-16	0	6	30	10
1980-11-17	0	6.3	28	9
1980-11-18	0	4.3	25	6
1980-11-19	0	4.1	25	4
1980-11-20	0	3.5	27	6
1980-11-21	1.5	2.8	22	7
1980-11-22	0	5.1	22	9
1980-11-23	0	1.2	21	10
1980-11-24	1	3.6	26	9
1980-11-25	0	1.5	25	11
1980-11-26	0	4.8	26	10
1980-11-27	0	5.7	23	9
1980-11-28	0	6.6	27	7
1980-11-29	0	6.2	24	5
1980-11-30	0	3.8	26	5
1980-12-01	0	3.8	27	6
1980-12-02	0	6.4	26	7
1980-12-03	0	3.7	25	8
1980-12-04	0	2.8	26	10
1980-12-05	0	4.2	27	9
1980-12-06	0	4.2	27	10
1980-12-07	0	3.3	28	9
1980-12-08	0	3.4	28	10
1980-12-09	0	3	27	11
1980-12-10	0	2.5	19	10
1980-12-11	0	3.6	21	6
1980-12-12	0	4.5	25	10
1980-12-13	0	1.9	22	9
1980-12-14	0	4.7	21	10
1980-12-15	0	3.9	26	5
1980-12-16	0	4.7	22	6
1980-12-17	0	3.2	21	4
1980-12-18	0	4.1	25	2
1980-12-19	0	2.3	23	2
1980-12-20	0	5.4	25	3
1980-12-21	0	5.3	18	4
1980-12-22	0	3.3	22	5
1980-12-23	0	2.5	23	6
1980-12-24	0	4.2	22	11
1980-12-25	0	3.5	17	10
1980-12-26	0	3.9	23	5
1980-12-27	0	5.7	22	5
1980-12-28	0	3.5	23	2
1980-12-29	0	4.1	25	2
1980-12-30	0	3.2	19	6
1980-12-31	0	4.1	22	7
1981-01-01	0	2.7	21	4
1981-01-02	0	3.3	18	1
1981-01-03	0	3.8	22	1
1981-01-04	0	4.6	20	3
1981-01-05	0	2.3	23	5
1981-01-06	0	3.6	22	5
1981-01-07	0	3.3	23	5
1981-01-08	0	4	30	6
1981-01-09	0	3.8	22	7
1981-01-10	0	3.5	24	9
1981-01-11	0	3.3	20	10
1981-01-12	5	3.5	16	10
1981-01-13	0	4	22	8
1981-01-14	0	4.5	24	8
1981-01-15	0	3.3	18	9
1981-01-16	2.8	1	11	8
1981-01-17	21.8	2.5	10.1	9
1981-01-18	3.7	1.1	15	7
1981-01-19	0	1.7	19	8
1981-01-20	0	3.5	22	6
1981-01-21	0	4.2	21	6
1981-01-22	0	4	21	6
1981-01-23	0	4.2	18	5
1981-01-24	0	3.9	21	2
1981-01-25	0	5.4	25	2
1981-01-26	0	5.4	26	4
1981-01-27	0	5.4	22	7
1981-01-28	0	4.1	25	9
1981-01-29	0	3.8	27	6
1981-01-30	0	4.7	26	7
1981-01-31	0	7.5	28	8
1981-02-01	0	3.9	27	9
1981-02-02	0	7.9	26	9
1981-02-03	0	2.9	22	7
1981-02-04	0	3.5	25	7
1981-02-05	0	6.4	25	11
1981-02-06	0	4.2	27	8
1981-02-07	0	5.7	25	9
1981-02-08	0	7.2	27	10
1981-02-09	0	7.8	25	11
1981-02-10	0	9.1	30	10
1981-02-11	0	4.7	21	9
1981-02-12	0	3.6	20	5
1981-02-13	2.8	4.4	14	6
1981-02-14	0	3.4	17	8
1981-02-15	0	4.6	23	9
1981-02-16	0	2.9	21	10
1981-02-17	0	3.7	24	9
1981-02-18	0	5.3	25	8
1981-02-19	0	2.9	27	9
1981-02-20	0	3.9	26	8
1981-02-21	1.5	8.2	28	9
1981-02-22	0	4.2	21	10
1981-02-23	0	2.6	23	9
1981-02-24	9.2	4.4	27	10
1981-02-25	0	6.1	27	9
1981-02-26	0	6.2	27	10
1981-02-27	0	4.2	30	9
1981-02-28	0	7.1	31	9
1981-03-01	0	9.4	30	12
1981-03-02	0	8	29	11
1981-03-03	0	8.2	31	10
1981-03-04	0	7.4	28	11
1981-03-05	0	6.5	29	12
1981-03-06	0	5	28	10
1981-03-07	1.8	5.7	30	10
1981-03-08	0	4.2	30	11
1981-03-09	0	4.2	24	10
1981-03-10	0	2.1	24	11
1981-03-11	0	3	23	12
1981-03-12	0	5.6	25	12
1981-03-13	0	7.7	27	11
1981-03-14	0	8.4	30	12
1981-03-15	0	9.5	29	13
1981-03-16	0	3.3	28	12
1981-03-17	0	6	30	11
1981-03-18	0	7	29	10
1981-03-19	0	3.6	27	11
1981-03-20	0	6.9	31	8
1981-03-21	0	8.2	30	10
1981-03-22	0	10.8	31	10
1981-03-23	0	8.6	27	11
1981-03-24	0	6.7	30	9
1981-03-25	0	8	29	10
1981-03-26	0	5.4	30	9
1981-03-27	0	9.7	29	9
1981-03-28	0	9.8	31	10
1981-03-29	0	9.2	32	11
1981-03-30	0	7.2	30	10
1981-03-31	0	7.5	31	12
1981-04-01	0	7.4	30	14
1981-04-02	0	8.9	31	12
1981-04-03	0	10.7	30	12
1981-04-04	0	10.6	29	11
1981-04-05	0	4.2	31	10
1981-04-06	0	7.3	27	11
1981-04-07	0	7.9	30	10
1981-04-08	0	7.6	31	10
1981-04-09	0	5.8	31	11
1981-04-10	0	6.4	30	11
1981-04-11	6.3	3.5	29	12
1981-04-12	0	6.6	29	10
1981-04-13	14.5	7.7	30	11
1981-04-14	7.2	4.8	25	12
1981-04-15	0	3.3	25	13
1981-04-16	2.8	8.4	24	13
1981-04-17	0	3.9	26	11
1981-04-18	0	4.1	30	12
1981-04-19	0	5.9	30	14
1981-04-20	0	7.3	31	15
1981-04-21	1	5.4	32	13
1981-04-22	0	5.6	30	15
1981-04-23	0	9.2	32	14
1981-04-24	0	4.2	32	15
1981-04-25	0	5.5	27	15
1981-04-26	0	4.4	30	14
1981-04-27	0	9.5	32	12
1981-04-28	0	7.2	33	15
1981-04-29	9	8.1	32	16
1981-04-30	3.4	5.7	31	17
1981-05-01	8.5	5.4	30	15
1981-05-02	5.6	8.8	26	14
1981-05-03	0	7.8	30	13
1981-05-04	0	7.6	30	10
1981-05-05	0	7.6	32	10
1981-05-06	0	5.9	33	14
1981-05-07	0	4.9	31	14
1981-05-08	0	5.8	30	15
1981-05-09	0	6.6	31	14
1981-05-10	0	5.1	22	14
1981-05-11	0	4.9	31	10
1981-05-12	0	9.5	32	13
1981-05-13	0	8.5	34	14
1981-05-14	0	8	34	15
1981-05-15	12.5	7.1	33	14
1981-05-16	0	6.2	32	15
1981-05-17	0	10.2	32	16
1981-05-18	0	9.9	34	16
1981-05-19	1	6.8	32	17
1981-05-20	2	9.8	28	16
1981-05-21	8.5	6	30	15
1981-05-22	3.7	9.4	30	13
1981-05-23	0	8.9	30	14
1981-05-24	0	8.7	31	16
1981-05-25	5.3	9.8	31	17
1981-05-26	0	9.6	29	15
1981-05-27	2.5	7.1	30	16
1981-05-28	7.5	8.4	31	15
1981-05-29	0	8.5	30	15
1981-05-30	24.5	7.4	31	14
1981-05-31	0	9.9	29	15
1981-06-01	0	5.5	33	15
1981-06-02	0	3.8	29	17
1981-06-03	0	6.5	30	16
1981-06-04	0	5.9	30	17
1981-06-05	0	5.3	32	17
1981-06-06	0	8.7	32	18
1981-06-07	0	7.6	31	18
1981-06-08	0	7.3	32	16
1981-06-09	0	6.1	31	18
1981-06-10	7.7	7.9	32	17
1981-06-11	0	7.1	32	16
1981-06-12	0	5.7	30	15
1981-06-13	0	5.4	30	16
1981-06-14	2.3	6.7	30	15
1981-06-15	0	6.2	28	17
1981-06-16	4.8	5.5	27	16
1981-06-17	20.2	8.8	22	16
1981-06-18	40.5	4.5	19	15
1981-06-19	0	2.3	26	13
1981-06-20	0	6.4	25	15
1981-06-21	11.2	4.6	28	13
1981-06-22	0	4.8	22	15
1981-06-23	0	7.6	28	16
1981-06-24	0	5.1	25	13
1981-06-25	3	3.9	24	14
1981-06-26	0	7.1	25	13
1981-06-27	0	6.4	25	16
1981-06-28	0	8.2	26	15
1981-06-29	0	7.8	25	16
1981-06-30	0	4.7	25	15
1981-07-01	0	4.2	27	17
1981-07-02	11.2	4.2	25	16
1981-07-03	0	6.9	29	13
1981-07-04	2.9	4.6	28	14
1981-07-05	9.3	3.7	27	14
1981-07-06	60.2	4.6	30	15
1981-07-07	4.7	7.3	27	16
1981-07-08	1.2	5.6	25	15
1981-07-09	0	6.5	25	14
1981-07-10	0	4.2	24	14
1981-07-11	0	7.6	27	16
1981-07-12	0	5.8	26	14
1981-07-13	0	5.6	26	15
1981-07-14	2.5	5.8	23	16
1981-07-15	0	3.6	27	15
1981-07-16	0	7.8	30	14
1981-07-17	1.2	4.1	29	15
1981-07-18	2.3	4.1	30	13
1981-07-19	0	6.1	32	14
1981-07-20	0	4.7	27	13
1981-07-21	0	4.7	27	14
1981-07-22	0	5.5	29	14
1981-07-23	0	5.2	30	15
1981-07-24	0	5.7	29	13
1981-07-25	5.5	6.1	30	14
1981-07-26	0	8.9	31	14
1981-07-27	0	8.2	29	15
1981-07-28	0	5.4	28	14
1981-07-29	0	5.4	30	14
1981-07-30	0	6.8	29	16
1981-07-31	0	6.3	26	14
1981-08-01	0	7.2	29	12
1981-08-02	0	6.9	30	14
1981-08-03	1.7	5.3	30	13
1981-08-04	0	6.7	30	14
1981-08-05	0	9.3	28	12
1981-08-06	0	7.4	30	14
1981-08-07	0	8.3	29	13
1981-08-08	0	9.3	28	12
1981-08-09	0	7.1	27	13
1981-08-10	0	7.1	30	11
1981-08-11	0	7.9	30	13
1981-08-12	0	6.4	30	12
1981-08-13	0	8.1	29	14
1981-08-14	0	6.2	26	15
1981-08-15	0	8.7	30	16
1981-08-16	0	10.9	31	14
1981-08-17	0	6.6	32	15
1981-08-18	0	7.7	31	14
1981-08-19	1.2	6.5	30	15
1981-08-20	0	5.4	28	15
1981-08-21	0	4.1	29	16
1981-08-22	1.9	4.7	29	15
1981-08-23	0	4.7	28	14
1981-08-24	0	6.1	27	14
1981-08-25	0	4.4	24	15
1981-08-26	2.3	4	25	15
1981-08-27	12.7	5.7	23	15
1981-08-28	17.8	4.6	23	16
1981-08-29	4.9	7.9	25	16
1981-08-30	0	4.5	28	16
1981-08-31	0	7.8	30	16
1981-09-01	0	6.4	29	16
1981-09-02	0	5.7	28	15
1981-09-03	0	5.2	26	14
1981-09-04	0	8.2	25	15
1981-09-05	0	3.3	28	15
1981-09-06	0	6.4	28	15
1981-09-07	0	5.6	27	14
1981-09-08	0	5.7	30	13
1981-09-09	0	5.7	26	14
1981-09-10	0	7.1	30	14
1981-09-11	0	7.1	30	13
1981-09-12	0	6.9	28	15
1981-09-13	0	6.6	28	13
1981-09-14	0	7.3	30	13
1981-09-15	0	6.1	31	15
1981-09-16	0	6.2	27	12
1981-09-17	3.4	2.2	21	15
1981-09-18	1	2.9	14	10
1981-09-19	0	1.4	24	9
1981-09-20	0	4.7	26	8
1981-09-21	0	6.8	30	10
1981-09-22	0	4.5	30	12
1981-09-23	0	6.6	28	11
1981-09-24	0	4.2	26	12
1981-09-25	0	7.6	28	14
1981-09-26	0	7.2	28	13
1981-09-27	1.2	3.4	26	14
1981-09-28	7.5	2.2	22	15
1981-09-29	7.2	1.1	22	15
1981-09-30	3.4	1.2	24	15
1981-10-01	0	3.9	25	15
1981-10-02	0	3.7	25	13
1981-10-03	0	7.7	26	15
1981-10-04	0	4.4	30	15
1981-10-05	0	4.6	30	14
1981-10-06	0	7.1	29	15
1981-10-07	0	3.7	30	16
1981-10-08	13.5	9.8	31	15
1981-10-09	0	8.8	30	15
1981-10-10	0	8.1	30	14
1981-10-11	2.8	5.3	29	15
1981-10-12	0	5.4	30	14
1981-10-13	0	8.9	30	16
1981-10-14	0	5.7	28	14
1981-10-15	0	5.2	29	12
1981-10-16	0	3.6	30	14
1981-10-17	0	4.4	30	11
1981-10-18	0	6.9	25	12
1981-10-19	0	3.6	21	13
1981-10-20	0	4.9	25	12
1981-10-21	0	5.9	28	10
1981-10-22	0	5.4	29	10
1981-10-23	0	3.2	25	12
1981-10-24	0	3.8	26	12
1981-10-25	5.5	3.3	28	14
1981-10-26	0	3.3	24	13
1981-10-27	0	4.4	25	11
1981-10-28	0	4.9	28	10
1981-10-29	2.5	4.8	27	12
1981-10-30	11.5	1.1	29	8
1981-10-31	10	4.6	21	10
1981-11-01	0	2.2	18	12
1981-11-02	0	3.2	23	11
1981-11-03	0	3.5	24	8
1981-11-04	0	3.9	27	8
1981-11-05	0	2.5	27	9
1981-11-06	0	5.4	25	9
1981-11-07	0	4.8	28	10
1981-11-08	0	3.8	30	10
1981-11-09	0	4.8	24	10
1981-11-10	0	6.2	21	12
1981-11-11	0	3.9	20	10
1981-11-12	0	4.3	23	5
1981-11-13	0	4.3	24	8
1981-11-14	0	4.7	22	9
1981-11-15	0	3.2	26	3
1981-11-16	0	3.9	21	4
1981-11-17	0	5.8	24	4
1981-11-18	0	4.4	26	4
1981-11-19	0	3.4	28	6
1981-11-20	0	4.9	23	10
1981-11-21	0	2.8	27	9
1981-11-22	0	3.4	27	4
1981-11-23	0	4.2	28	4
1981-11-24	0	5.6	26	5
1981-11-25	0	4.1	29	4
1981-11-26	0	3.7	26	5
1981-11-27	0	4.5	25	5
1981-11-28	0	5.1	29	7
1981-11-29	0	3.6	27	10
1981-11-30	0	5.1	30	8
1981-12-01	0	3.5	30	10
1981-12-02	0	4.6	26	12
1981-12-03	0	3.8	26	10
1981-12-04	0	2	20	10
1981-12-05	3	2.4	22	11
1981-12-06	0	3.7	22	10
1981-12-07	0	4.2	25	11
1981-12-08	0	3.3	22	10
1981-12-09	0	2.4	20	11
1981-12-10	0	3.7	20	11
1981-12-11	0	3.6	25	7
1981-12-12	0	4.4	26	5
1981-12-13	0	4.8	27	7
1981-12-14	0	4.1	26	7
1981-12-15	0	3.8	26	9
1981-12-16	0	4.3	28	6
1981-12-17	0	3.8	26	6
1981-12-18	0	3.8	27	7
1981-12-19	0	3.4	22	6
1981-12-20	0	2.7	26	5
1981-12-21	0	3.7	26	5
1981-12-22	0	5.6	27	5
1981-12-23	0	4.9	26	7
1981-12-24	0	3	25	7
1981-12-25	0	3.7	27	6
1981-12-26	0	4.6	25	7
1981-12-27	0	4.8	28	10
1981-12-28	0	5.1	29	9
1981-12-29	0	3.4	28	12
1981-12-30	0	3.2	25	10
1981-12-31	0	4.4	29	9
1982-01-01	0	5.6	25	8
1982-01-02	0	5.3	26	5
1982-01-03	0	6.13	27	5
1982-01-04	0	3.83	21	7
1982-01-05	0	5.39	24	4
1982-01-06	0	4.15	25	5
1982-01-07	0	4.1	26	4
1982-01-08	0	5.53	22	4
1982-01-09	0	2.57	25	8
1982-01-10	0	4.5	28	5
1982-01-11	0	6.68	21	6
1982-01-12	0	2.25	26	4
1982-01-13	0	6.57	25	5
1982-01-14	0	6.13	23	8
1982-01-15	0	5.39	29	4
1982-01-16	0	5.59	28	5
1982-01-17	0	5.74	26	8
1982-01-18	0	5.7	29	7
1982-01-19	0	3.65	30	7
1982-01-20	0	4.5	30	7
1982-01-21	0	5.83	31	8
1982-01-22	0	4.82	30	8
1982-01-23	0	4.1	28	7
1982-01-24	0	5.08	28	8
1982-01-25	0	5.86	29	7
1982-01-26	0	3.66	24	7
1982-01-27	0	6.22	27	4
1982-01-28	0	3.61	27	5
1982-01-29	0	5.45	28	7
1982-01-30	0	5.83	27	8
1982-01-31	0	4.92	25	10
1982-02-01	0	5.6	27	4
1982-02-02	0	6.2	26	5
1982-02-03	0	5.1	27	7
1982-02-04	0	5	27	5
1982-02-05	0	6	29	4
1982-02-06	0	4.6	27	6
1982-02-07	0	4.8	29	5
1982-02-08	0	6.2	30	5
1982-02-09	0	5	30	8
1982-02-10	0	8.5	30	9
1982-02-11	0	8.3	31	9
1982-02-12	0	6.7	31	8
1982-02-13	0	5.2	31	9
1982-02-14	0	5.8	28	9
1982-02-15	0	6.5	30	9
1982-02-16	0	7	29	10
1982-02-17	0	6.8	30	10
1982-02-18	0	4.8	31	8
1982-02-19	0	5.9	30	10
1982-02-20	0	5.2	30	10
1982-02-21	0	6.4	27	10
1982-02-22	0	6.1	25	11
1982-02-23	0	6.6	27	7
1982-02-24	0	7.8	27	7
1982-02-25	3.5	7.2	31	8
1982-02-26	0	7	30	10
1982-02-27	0	4.7	28	9
1982-02-28	6.5	3.6	26	8
1982-03-01	0	3.7	19	7
1982-03-02	0	5.1	25	5
1982-03-03	0	8.1	27	6
1982-03-04	0	9.1	30	9
1982-03-05	0	10.1	28	9
1982-03-06	0	7.6	26	10
1982-03-07	0	7.5	27	5
1982-03-08	0	5	27	5
1982-03-09	0	7.1	30	3
1982-03-10	0	6.2	31	5
1982-03-11	0	8.8	32	9
1982-03-12	0	9.8	31	10
1982-03-13	0	10.4	31	11
1982-03-14	0	9.2	31	10
1982-03-15	0	10.9	32	10
1982-03-16	0	9.8	32	12
1982-03-17	0	8.9	31	11
1982-03-18	0	9.1	32	11
1982-03-19	0	9.8	32	12
1982-03-20	1.5	5.6	33	14
1982-03-21	3.5	5.1	32	15
1982-03-22	1.7	7.6	30	12
1982-03-23	0	9.3	31	13
1982-03-24	0	8.9	31	16
1982-03-25	0	6.5	32	12
1982-03-26	0	7.9	29	14
1982-03-27	0	7.7	32	12
1982-03-28	0	8.5	33	13
1982-03-29	0	6.9	33	11
1982-03-30	0	9.4	35	13
1982-03-31	0	7.7	35	15
1982-04-01	0	9.1	35	14
1982-04-02	0	9.6	35	15
1982-04-03	0	8.2	35	15
1982-04-04	0	8.6	34	15
1982-04-05	0	10.3	35	16
1982-04-06	0	7.6	35	14
1982-04-07	0	9.2	33	13
1982-04-08	0	10.1	34	13
1982-04-09	0	11	35	14
1982-04-10	0	9.8	34	15
1982-04-11	0	8.8	29	16
1982-04-12	0	5.6	34	11
1982-04-13	0	9.1	35	13
1982-04-14	0	6.2	35	15
1982-04-15	0	10	35	12
1982-04-16	0	10.7	34	15
1982-04-17	0	8.1	33	15
1982-04-18	0	9.1	35	14
1982-04-19	2.5	9.1	34	15
1982-04-20	0	10.3	33	14
1982-04-21	4.2	7.1	28	14
1982-04-22	0	4.8	27	13
1982-04-23	0	6.3	26	14
1982-04-24	0	7.7	27	12
1982-04-25	0.2	9.3	30	14
1982-04-26	0	6.8	33	14
1982-04-27	0	7.7	32	15
1982-04-28	0	10.2	33	13
1982-04-29	0	6.9	35	18
1982-04-30	0	6.8	33	15
1982-05-01	0	7.25	32	15
1982-05-02	0	5.3	30	14
1982-05-03	0	5.75	30	13
1982-05-04	0	5.67	32	13
1982-05-05	0.01	7.77	33	13
1982-05-06	4.3	5.83	34	15
1982-05-07	2.3	6.9	30	15
1982-05-08	6.2	6.25	32	15
1982-05-09	0.01	5.41	32	14
1982-05-10	0	7.54	33	14
1982-05-11	15	9.47	34	14
1982-05-12	3.2	7.33	32	15
1982-05-13	0	8.3	34	15
1982-05-14	3.5	10.1	33	15
1982-05-15	0	7.25	34	16
1982-05-16	22.2	6.6	30	16
1982-05-17	23.5	10.23	30	15
1982-05-18	0	7.32	22	15
1982-05-19	0	4.8	27	13
1982-05-20	6.5	4.98	30	12
1982-05-21	0	5.24	27	15
1982-05-22	0	7.23	27	15
1982-05-23	0	5.45	29	14
1982-05-24	0	5.4	30	14
1982-05-25	0.01	5	30	14
1982-05-26	0	8.8	32	16
1982-05-27	0	8.35	34	16
1982-05-28	0	10.02	33	17
1982-05-29	2.4	6.7	33	16
1982-05-30	0.01	6.93	34	16
1982-05-31	0	9.08	35	15
1982-06-01	0	9.2	30	15
1982-06-02	0	9.2	35	12
1982-06-03	0	10.2	35	14
1982-06-04	0	8.5	34	12
1982-06-05	0	9.4	35	11
1982-06-06	0	8.5	34	12
1982-06-07	0	9	34	12
1982-06-08	0	7.9	33	13
1982-06-09	0	8.5	34	13
1982-06-10	0	8.9	33	15
1982-06-11	0	8.4	30	14
1982-06-12	0	8	32	12
1982-06-13	0	8.1	31	12
1982-06-14	0	7.5	32	12
1982-06-15	0	7.4	30	14
1982-06-16	0	5.8	29	14
1982-06-17	0	6.8	30	15
1982-06-18	0	8.2	30	14
1982-06-19	0	7.8	29	13
1982-06-20	0	8.5	30	13
1982-06-21	0	7.7	31	13
1982-06-22	0	8.7	32	13
1982-06-23	0	7.6	30	17
1982-06-24	0	9.2	30	15
1982-06-25	0	8.4	31	16
1982-06-26	0	8.7	32	15
1982-06-27	0	7.5	31	14
1982-06-28	0	7.5	30	14
1982-06-29	25.5	5.8	31	15
1982-06-30	0	4.9	29	15
1982-07-01	0	6.7	30	16
1982-07-02	0	5.9	30	15
1982-07-03	15	4.7	28	15
1982-07-04	0	5.8	30	15
1982-07-05	4.5	5	28	13
1982-07-06	0	7.2	28	12
1982-07-07	0	6.9	30	14
1982-07-08	0	6.6	30	14
1982-07-09	0	7.6	27	14
1982-07-10	0	6.6	30	13
1982-07-11	0	8.7	29	12
1982-07-12	0	8.4	30	14
1982-07-13	0	9.6	30	13
1982-07-14	0	9	30	14
1982-07-15	0	8.4	31	15
1982-07-16	0	9.8	30	15
1982-07-17	0	7.5	29	14
1982-07-18	0	7.2	30	14
1982-07-19	0	7.4	30	15
1982-07-20	0	6.7	29	15
1982-07-21	0	8.3	30	14
1982-07-22	0	8.8	28	15
1982-07-23	0	6.2	27	14
1982-07-24	0	8.5	28	14
1982-07-25	2	7.5	30	14
1982-07-26	0	8.6	29	15
1982-07-27	0	6.5	29	14
1982-07-28	0	7.6	30	13
1982-07-29	0	5.5	30	14
1982-07-30	0	6.5	30	13
1982-07-31	0	5.7	30	15
1982-08-01	0	6.6	30	14
1982-08-02	0	8.3	30	15
1982-08-03	3.5	8.3	30	15
1982-08-04	0	7.2	29	16
1982-08-05	0	6.9	30	13
1982-08-06	0	6	29	15
1982-08-07	0	4.8	29	14
1982-08-08	0	5.7	30	14
1982-08-09	0	7.4	29	15
1982-08-10	0	5.2	30	14
1982-08-11	0	6	30	14
1982-08-12	0	6.6	30	15
1982-08-13	0	6.3	32	15
1982-08-14	0	9.8	30	14
1982-08-15	0	6.7	30	14
1982-08-16	0	7.3	29	13
1982-08-17	0	7.2	30	13
1982-08-18	3.5	5.6	31	14
1982-08-19	0	5.1	29	14
1982-08-20	0	6.7	30	13
1982-08-21	0	5.2	30	14
1982-08-22	0	5.7	30	15
1982-08-23	0	7.2	29	15
1982-08-24	0	9.2	30	13
1982-08-25	0	8.4	30	15
1982-08-26	0	7.3	31	15
1982-08-27	0	7.7	30	15
1982-08-28	0	7.6	30	14
1982-08-29	0	6.4	28	14
1982-08-30	0	6.8	29	13
1982-08-31	0	7	29	13
1982-09-01	0	7.1	29	15
1982-09-02	0	6.4	30	12
1982-09-03	0	9.6	30	13
1982-09-04	0	5.4	30	15
1982-09-05	0	7.2	29	13
1982-09-06	0	4.6	28	15
1982-09-07	0	5.7	30	15
1982-09-08	1.2	6.5	28	15
1982-09-09	0	6.2	29	14
1982-09-10	0	6.3	30	12
1982-09-11	0	4.5	31	13
1982-09-12	0	6.9	31	13
1982-09-13	0	5.3	30	14
1982-09-14	0	6.6	30	14
1982-09-15	0	6.8	29	14
1982-09-16	0	4.4	28	13
1982-09-17	0	7.3	29	13
1982-09-18	0	5.6	28	12
1982-09-19	0	5.2	28	14
1982-09-20	0	5.9	29	14
1982-09-21	1.3	6.8	28	14
1982-09-22	0	7.2	22	15
1982-09-23	0	4.2	22	15
1982-09-24	0	4.1	23	8
1982-09-25	0	4.4	28	11
1982-09-26	0	6.2	29	10
1982-09-27	0	7.1	28	13
1982-09-28	0	7	30	10
1982-09-29	0	6.2	30	8
1982-09-30	0	6.6	31	10
1982-10-01	0	6.2	29	10
1982-10-02	0	5.8	29	11
1982-10-03	0	6.1	28	10
1982-10-04	0	4.6	28	10
1982-10-05	0	5.4	29	11
1982-10-06	0	3.8	30	12
1982-10-07	1.4	2.2	28	14
1982-10-08	3.5	1.6	30	15
1982-10-09	28.5	7.7	30	14
1982-10-10	2.3	1.9	27	15
1982-10-11	1	3.2	28	15
1982-10-12	18.4	4.2	29	14
1982-10-13	0	4	28	14
1982-10-14	0	4.3	27	14
1982-10-15	0	4	25	13
1982-10-16	0	4.2	24	14
1982-10-17	0	5.1	28	14
1982-10-18	0	5.3	27	15
1982-10-19	0	4.8	30	14
1982-10-20	0	6.2	27	10
1982-10-21	0	5.1	24	10
1982-10-22	0	4.6	23	10
1982-10-23	0	4.3	22	14
1982-10-24	0	3.3	25	14
1982-10-25	0	5.5	22	8
1982-10-26	0	2.6	20	10
1982-10-27	0	4.9	25	6
1982-10-28	0	6.5	29	7
1982-10-29	0	4.1	28	8
1982-10-30	0	5.3	29	9
1982-10-31	0	7.4	28	8
1982-11-01	0	4.1	27	9
1982-11-02	0	2.6	28	9
1982-11-03	0	4.2	27	9
1982-11-04	0	5.3	19	8
1982-11-05	0	3.8	22	7
1982-11-06	0	3.5	25	5
1982-11-07	0	3.9	25	7
1982-11-08	0	4.1	27	8
1982-11-09	0	3.8	28	7
1982-11-10	0	4.3	26	7
1982-11-11	0	4.2	29	6
1982-11-12	0	5	30	7
1982-11-13	0	4.1	17	9
1982-11-14	0	1	29	5
1982-11-15	0	2.7	24	7
1982-11-16	0	2.6	29	8
1982-11-17	0	4.4	30	9
1982-11-18	0	5.8	30	10
1982-11-19	0	6.2	28	10
1982-11-20	0	5.7	29	8
1982-11-21	0	3.6	30	9
1982-11-22	0	4.3	30	9
1982-11-23	0	3.6	29	10
1982-11-24	0	3.8	29	10
1982-11-25	0	4.1	27	10
1982-11-26	0	3.5	25	8
1982-11-27	0	3.8	27	9
1982-11-28	0	3.2	30	10
1982-11-29	0	3.8	28	10
1982-11-30	0	2.7	28	10
1982-12-01	0	4.6	29	10
1982-12-02	0	3.5	28	9
1982-12-03	0	3.9	28	9
1982-12-04	0	3.8	29	10
1982-12-05	0	2.5	28	10
1982-12-06	0	4.6	22	6
1982-12-07	0	3.5	25	6
1982-12-08	0	3.5	28	7
1982-12-09	0	4.1	28	9
1982-12-10	0	4.3	27	10
1982-12-11	0	4.6	29	10
1982-12-12	0	3.5	28	10
1982-12-13	0	3.4	28	10
1982-12-14	7.5	1.5	25	10
1982-12-15	0	2.6	27	8
1982-12-16	0	3.6	22	9
1982-12-17	0	2.7	21	7
1982-12-18	0	2.7	25	6
1982-12-19	0	3.3	25	7
1982-12-20	0	3	27	7
1982-12-21	0	3.2	26	8
1982-12-22	0	2.5	27	6
1982-12-23	0	4.7	28	8
1982-12-24	0	2.6	28	8
1982-12-25	0	3.5	29	9
1982-12-26	0	2.7	27	10
1982-12-27	0	2.8	29	9
1982-12-28	0	3.6	28	9
1982-12-29	2.5	2.5	24	10
1982-12-30	0	1.8	29	9
1982-12-31	0	3	28	10
1983-01-01	0	3.2	23	10
1983-01-02	0	1.8	24	4
1983-01-03	0	3.1	24	5
1983-01-04	0	1.7	25	5
1983-01-05	0	2.3	22	7
1983-01-06	0	2.3	27	7
1983-01-07	0	3.7	26	8
1983-01-08	0	2.4	27	8
1983-01-09	0	3.2	29	9
1983-01-10	0	3.1	28	10
1983-01-11	0	2.5	26	9
1983-01-12	0	3.7	25	7
1983-01-13	0	1.8	27	7
1983-01-14	0	1.5	25	7
1983-01-15	6	2.7	26	7
1983-01-16	0	1.7	27	8
1983-01-17	0	5.2	24	8
1983-01-18	16.5	5.6	25	8
1983-01-19	0	4.4	27	9
1983-01-20	0	4.9	23	8
1983-01-21	0	3.2	24	5
1983-01-22	0	4.7	23	4
1983-01-23	0	5.4	24	3
1983-01-24	0	2.5	23	3
1983-01-25	0	4.2	24	3
1983-01-26	0	4.5	25	4
1983-01-27	0	3.7	27	5
1983-01-28	0	6.1	28	5
1983-01-29	0	5.2	27	7
1983-01-30	0	4.4	27	6
1983-01-31	0	6.3	29	6
1983-02-01	0	6.6	26	9
1983-02-02	0	8.7	27	9
1983-02-03	0	4.2	28	6
1983-02-04	0	5.2	29	7
1983-02-05	0	8.2	29	8
1983-02-06	0	8.1	27	9
1983-02-07	0	5.1	25	6
1983-02-08	0	4.1	25	8
1983-02-09	0	6.3	27	7
1983-02-10	0	4.8	28	7
1983-02-11	0	4.3	27	9
1983-02-12	0	3.7	19	7
1983-02-13	0	3	23	1
1983-02-14	0	6.9	27	3
1983-02-15	0	6.8	25	6
1983-02-16	0	5.9	25	4
1983-02-17	0	5.9	26	5
1983-02-18	0	5.4	28	5
1983-02-19	0	4	24	5
1983-02-20	0	3.8	27	5
1983-02-21	0	3.6	27	6
1983-02-22	0	4.6	27	7
1983-02-23	0	4.7	27	6
1983-02-24	0	4.9	27	7
1983-02-25	9	3.7	20	9
1983-02-26	0	6.4	20	4
1983-02-27	0	5.5	25	4
1983-02-28	0	6.2	27	5
1983-03-01	0	7.6	29	5
1983-03-02	0	7.3	28	5
1983-03-03	0	9.8	30	7
1983-03-04	0	8.4	28	9
1983-03-05	0	9.8	29	9
1983-03-06	0	7.9	30	8
1983-03-07	0	10.7	28	9
1983-03-08	0	8.4	29	8
1983-03-09	0	9.1	30	7
1983-03-10	0	10.4	30	8
1983-03-11	0	7.6	28	9
1983-03-12	0	5.7	28	9
1983-03-13	0	5.6	24	8
1983-03-14	0	6.1	25	6
1983-03-15	0	7.2	27	7
1983-03-16	0	7.1	26	9
1983-03-17	0	8.4	28	7
1983-03-18	0	6.6	29	8
1983-03-19	0	7.6	28	9
1983-03-20	0	9.7	28	9
1983-03-21	0	9.9	29	8
1983-03-22	0	9.1	30	9
1983-03-23	0	10.3	30	10
1983-03-24	0	8.6	29	10
1983-03-25	0	7.3	31	9
1983-03-26	0	7.2	30	10
1983-03-27	0	7.4	30	10
1983-03-28	0	5.1	30	9
1983-03-29	0	5.7	31	10
1983-03-30	0	8.1	30	9
1983-03-31	0	5.8	31	10
1983-04-01	0	4.8	30	11
1983-04-02	0	6.9	31	10
1983-04-03	0	7.9	31	10
1983-04-04	0	8.1	30	9
1983-04-05	0	8.9	31	10
1983-04-06	0	10.9	31	10
1983-04-07	0	10.6	30	11
1983-04-08	0	8.9	31	10
1983-04-09	0	8.9	30	9
1983-04-10	0	8.5	30	10
1983-04-11	0	8.3	31	10
1983-04-12	0	10.4	32	10
1983-04-13	0	10.6	31	11
1983-04-14	0	8.9	30	11
1983-04-15	0	6.8	30	10
1983-04-16	0	9.6	28	10
1983-04-17	0	8.7	31	8
1983-04-18	0	10.8	32	10
1983-04-19	0	10.6	31	11
1983-04-20	0	10.8	31	10
1983-04-21	0	10.7	32	10
1983-04-22	0	8.9	32	11
1983-04-23	0	9.9	30	11
1983-04-24	0	7.3	30	10
1983-04-25	0	7.4	32	11
1983-04-26	0	10.7	32	11
1983-04-27	0	9.8	33	12
1983-04-28	0	10.4	32	12
1983-04-29	0	10.6	33	11
1983-04-30	0	7.3	33	12
1983-05-01	0	7.4	35	13
1983-05-02	0	9.2	35	14
1983-05-03	0	9.9	33	14
1983-05-04	0	9.6	32	15
1983-05-05	0	10.7	33	14
1983-05-06	0	8.9	35	14
1983-05-07	0	9.6	34	15
1983-05-08	0	7.3	35	13
1983-05-09	0	10.2	33	14
1983-05-10	0	8.2	35	13
1983-05-11	0	9.7	34	14
1983-05-12	0	10.8	35	15
1983-05-13	0	9.6	34	14
1983-05-14	0	10.1	35	13
1983-05-15	0	7.7	35	14
1983-05-16	0	7.8	35	15
1983-05-17	0	10.4	36	16
1983-05-18	0	10.5	35	16
1983-05-19	0	9.5	35	15
1983-05-20	0	8.7	34	14
1983-05-21	8.1	6.4	35	15
1983-05-22	0	9.9	33	16
1983-05-23	0	7.2	35	14
1983-05-24	0	9.2	35	14
1983-05-25	0	9.6	33	15
1983-05-26	18.9	6.1	30	14
1983-05-27	0	5.9	30	14
1983-05-28	0	7.4	32	15
1983-05-29	0	8.4	30	15
1983-05-30	0	7.8	32	14
1983-05-31	0	7.6	33	14
1983-06-01	0	8.8	33	13
1983-06-02	0	6.5	34	14
1983-06-03	0	8.7	35	15
1983-06-04	0	9.1	33	15
1983-06-05	0	7.4	35	14
1983-06-06	0	9.8	36	16
1983-06-07	0	10.7	35	17
1983-06-08	0	8.7	34	16
1983-06-09	0	8.6	34	15
1983-06-10	0	8.6	35	14
1983-06-11	0	10.3	36	15
1983-06-12	0	10.4	35	15
1983-06-13	0	8.1	34	14
1983-06-14	0	7.9	30	15
1983-06-15	0	6.8	29	14
1983-06-16	0	6.2	30	13
1983-06-17	0	8.6	30	15
1983-06-18	0	8.3	32	15
1983-06-19	0	9.4	30	16
1983-06-20	0	8.9	29	16
1983-06-21	0	8.7	31	15
1983-06-22	0	8.7	32	14
1983-06-23	0	9.6	30	15
1983-06-24	0	9.7	31	17
1983-06-25	0	8.2	30	16
1983-06-26	0	8.9	32	15
1983-06-27	0	8.5	32	16
1983-06-28	0	9.2	33	15
1983-06-29	0	10.3	32	17
1983-06-30	0	8.6	33	16
1983-07-01	0	9.1	31	17
1983-07-02	0	8.6	30	16
1983-07-03	13.5	5.4	31	14
1983-07-04	12.3	6.2	27	16
1983-07-05	0	7.6	27	15
1983-07-06	0	7.5	29	16
1983-07-07	0	8.5	25	14
1983-07-08	0	9.1	28	13
1983-07-09	0	7.3	30	13
1983-07-10	0	6.1	29	14
1983-07-11	0	5.3	30	15
1983-07-12	1.5	8.8	27	15
1983-07-13	0	6.8	28	13.5
1983-07-14	0	7.5	26.5	15
1983-07-15	0	6.2	25	14.5
1983-07-16	0	5.9	23	14
1983-07-17	0	4.6	25	11.5
1983-07-18	0	6.1	28	13
1983-07-19	0	7.5	30	16
1983-07-20	0	6.8	29	15
1983-07-21	0	8.4	30	14
1983-07-22	0	6.3	28	15
1983-07-23	0	7.4	29	14
1983-07-24	0	6.9	28	16
1983-07-25	0	7.4	29	15
1983-07-26	0	7.5	30	16
1983-07-27	0	7.9	30	17
1983-07-28	0	8.1	30	15
1983-07-29	0	7.8	29	16
1983-07-30	0	6.7	30	14
1983-07-31	0	7.3	29	14
1983-08-01	0	6.1	30	13
1983-08-02	0	8.6	30	14
1983-08-03	17.5	6	30	15
1983-08-04	0	7.1	25	15
1983-08-05	0	5.2	27	10
1983-08-06	0	5.9	27	12
1983-08-07	0	5.4	28	15
1983-08-08	0	7	31	15
1983-08-09	0	8.5	30	17
1983-08-10	0	7.2	31	15
1983-08-11	1.2	7.3	27	16
1983-08-12	3.5	4.2	29	15
1983-08-13	0	5.7	30	15
1983-08-14	0	5.9	29	15
1983-08-15	0	7.4	29	14
1983-08-16	0	6.4	31	15
1983-08-17	7.3	4.9	31	16
1983-08-18	0	8.6	30	15
1983-08-19	0	7.7	31	15
1983-08-20	0	7.5	31	15
1983-08-21	0	7.3	30	16
1983-08-22	0	6.8	30	15
1983-08-23	0	8.6	29	15
1983-08-24	0	5.5	28	13
1983-08-25	0	5.4	26	14
1983-08-26	0	6.4	29	15
1983-08-27	0	6.9	28	14
1983-08-28	0	8.5	30	13
1983-08-29	0	8.5	30	15
1983-08-30	0	8	31	14
1983-08-31	0	6.6	30	15
1983-09-01	0	6.9	29	14
1983-09-02	0	7.4	30	14
1983-09-03	0	7.8	30	14
1983-09-04	0	7.6	30	15
1983-09-05	4	6.2	29	14
1983-09-06	0	6.4	30	14
1983-09-07	0	8.3	30	14
1983-09-08	0	7.7	30	14
1983-09-09	9.3	7.3	29	16
1983-09-10	0	6.3	30	14
1983-09-11	0	8.6	30	14
1983-09-12	0	7.8	30	15
1983-09-13	0	8.5	29	14
1983-09-14	0	7.6	30	14
1983-09-15	0	6.4	30	14
1983-09-16	0	7.3	28	15
1983-09-17	0	7.5	29	14
1983-09-18	0	7.5	30	14
1983-09-19	12.3	6.3	30	15
1983-09-20	0	5.6	30	14
1983-09-21	0	7.5	29	15
1983-09-22	0	6.6	28	14
1983-09-23	0	5.2	29	14
1983-09-24	0	8.5	29	14
1983-09-25	0	6.2	27	15
1983-09-26	13.5	5.9	23	14
1983-09-27	0	4.3	24	12
1983-09-28	0	6.2	26	10
1983-09-29	0	5.1	25	13
1983-09-30	0	5.6	27	12
1983-10-01	0	7.4	26	14
1983-10-02	0	5.8	28	13
1983-10-03	0	5.9	28	14
1983-10-04	0	5.8	30	13
1983-10-05	0	6.3	28	14
1983-10-06	0	5.8	29	14
1983-10-07	0	8.7	28	13
1983-10-08	0	7.1	29	15
1983-10-09	0	7.2	29	14
1983-10-10	0	7.5	30	14
1983-10-11	0	5.7	28	14
1983-10-12	1.5	7.6	29	13
1983-10-13	0	4.3	29	14
1983-10-14	0	6.3	28	14
1983-10-15	0	7	29	14
1983-10-16	0	6.5	30	15
1983-10-17	0	5	29	14
1983-10-18	0	6.1	29	14
1983-10-19	3.5	7.6	30	15
1983-10-20	0	6.4	28	14
1983-10-21	1.8	5	27	13
1983-10-22	0	5.2	28	12
1983-10-23	0	5.6	27	14
1983-10-24	0	5.5	28	13
1983-10-25	0	4.7	28	12
1983-10-26	0	4.9	24	14
1983-10-27	0	5.8	26	7
1983-10-28	0	6.5	27	10
1983-10-29	0	5.7	25	11
1983-10-30	0	5.7	27	11
1983-10-31	0	5.9	26	13
1983-11-01	0	5.7	26	9
1983-11-02	0	4.4	26	9
1983-11-03	0	5.1	25	10
1983-11-04	0	5.4	26	10
1983-11-05	0	3.9	27	10
1983-11-06	2.5	4.2	26	12
1983-11-07	9.8	4.2	29	11
1983-11-08	0	5.3	26	13
1983-11-09	0	3	27	11
1983-11-10	0	3.9	26	11
1983-11-11	0	5.4	27	11
1983-11-12	0	4.7	26	12
1983-11-13	0	4.4	29	10
1983-11-14	0	4.2	30	8
1983-11-15	0	5.3	28	8
1983-11-16	0	4.6	27	10
1983-11-17	0	3.7	27	10
1983-11-18	0	4.8	25	10
1983-11-19	0	5.3	27	9
1983-11-20	0	4.1	28	8
1983-11-21	0	4.1	27	10
1983-11-22	0	5.7	29	10
1983-11-23	0	6.1	28	12
1983-11-24	0	5.4	29	10
1983-11-25	0	5.7	28	5
1983-11-26	0	5.4	29	8
1983-11-27	0	6.3	27	9
1983-11-28	0	5.2	25	10
1983-11-29	0	3.7	27	10
1983-11-30	0	3.8	27	9
1983-12-01	0	4	28	8
1983-12-02	0	4.4	28	10
1983-12-03	0	3.9	27	11
1983-12-04	0	3.9	28	10
1983-12-05	0	4.6	27	10
1983-12-06	0	5.3	22	12
1983-12-07	0	4.8	27	9
1983-12-08	0	4.9	26	10
1983-12-09	0	7.7	29	9
1983-12-10	0	5.5	27	10
1983-12-11	0	2.8	27	10
1983-12-12	0	5.3	26	11
1983-12-13	0	3.4	27	10
1983-12-14	0	3.1	26	11
1983-12-15	0	4.3	25	8
1983-12-16	0	2.6	26	7
1983-12-17	0	2.8	22	8
1983-12-18	0	4.7	24	8
1983-12-19	0	3.7	22	9
1983-12-20	0	4.2	27	8
1983-12-21	0	4.9	26	7
1983-12-22	0	5.4	27	5
1983-12-23	0	3.9	24	8
1983-12-24	0	2.8	25	5
1983-12-25	0	3.7	25	6
1983-12-26	0	5.5	25	6
1983-12-27	0	4.5	27	7
1983-12-28	0	7	25	9
1983-12-29	0	4.6	20	10
1983-12-30	0	1.3	15	3
1983-12-31	0	3.8	21	0
1984-01-01	0	4.2	24	0
1984-01-02	0	1.3	17	5
1984-01-03	5.2	2.8	18	5
1984-01-04	0	3.1	20	6
1984-01-05	0	2.6	25	8
1984-01-06	0	3.8	27	7
1984-01-07	0.01	3.4	27	9
1984-01-08	0	3.1	26	10
1984-01-09	0	5.1	25	8
1984-01-10	0	2.9	17	6
1984-01-11	3.2	1.7	15	5
1984-01-12	0	4	24	5
1984-01-13	0	4	22	5
1984-01-14	0	3.8	24	6
1984-01-15	0	4.4	24	6
1984-01-16	0	4.3	27	7
1984-01-17	0	3.9	28	8
1984-01-18	0	2.5	28	9
1984-01-19	0	2.9	27	9
1984-01-20	0	2.6	26	8
1984-01-21	0	4.4	27	7
1984-01-22	0	2.9	25	8
1984-01-23	0	2.9	27	7
1984-01-24	0	3	25	8
1984-01-25	0	3.6	26	9
1984-01-26	0	5.5	27	8
1984-01-27	0	4.9	26	6
1984-01-28	0	6.8	27	7
1984-01-29	0	6.2	29	7
1984-01-30	0	3.8	25	9
1984-01-31	0	2.7	24	10
1984-02-01	0	4.1	27	10
1984-02-02	0	4.9	27	10
1984-02-03	0	4.9	27	10
1984-02-04	0	7	29	8
1984-02-05	0	3.3	16	8
1984-02-06	0	2.6	14	9
1984-02-07	0	2.7	22	7
1984-02-08	0	3.3	24	8
1984-02-09	2.5	2.1	25	9
1984-02-10	0	2.9	26	9
1984-02-11	0	6.6	27	7
1984-02-12	0	6.4	27	8
1984-02-13	0	5.8	28	9
1984-02-14	0	3.7	29	10
1984-02-15	0	4.4	28	8
1984-02-16	0	4.3	29	10
1984-02-17	0	4.3	20	10
1984-02-18	1	2.5	29	10
1984-02-19	0	3.7	30	10
1984-02-20	0	5.3	29	10
1984-02-21	0	8.3	29	10
1984-02-22	0	9.3	28	8
1984-02-23	0	8.8	29	10
1984-02-24	0	6.3	29	10
1984-02-25	0	8.1	29	10
1984-02-26	0	3.9	30	10
1984-02-27	0	5.5	24	10
1984-02-28	0	4.5	20	5
1984-02-29	0	4.3	25	5
1984-03-01	0	8.1	26	5
1984-03-02	0	6	28	7
1984-03-03	0	7.1	29	9
1984-03-04	0	7.1	28	10
1984-03-05	0	6.4	29	9
1984-03-06	0	6.9	28	10
1984-03-07	0	6.8	28	10
1984-03-08	0	9	29	5
1984-03-09	0	6.3	31	7
1984-03-10	0	9.9	30	8
1984-03-11	0	6.9	29	10
1984-03-12	0	9.1	30	10
1984-03-13	5.5	5.7	21	11
1984-03-14	2.6	4.9	30	10
1984-03-15	0	6.9	29	10
1984-03-16	0	6.3	30	10
1984-03-17	0	7.2	30	10
1984-03-18	0	6.9	31	12
1984-03-19	0	9.6	31	14
1984-03-20	0	8.6	25	13
1984-03-21	0	6.9	27	10
1984-03-22	0	8.1	28	10
1984-03-23	0	5.4	31	11
1984-03-24	0	8.5	30	12
1984-03-25	0	7.6	31	11
1984-03-26	0	10.7	32	13
1984-03-27	0	8.6	29	13
1984-03-28	0	9	33	14
1984-03-29	0	8.9	30	10
1984-03-30	0	7.6	33	10
1984-03-31	0	6.9	33	15
1984-04-01	0	8	33	11
1984-04-02	0	9.2	32	12
1984-04-03	0	8.5	31	13
1984-04-04	0	9.2	30	11
1984-04-05	0	9.6	34	13
1984-04-06	0	6.8	33	13
1984-04-07	0	8.8	30	14
1984-04-08	0	10.8	32	12
1984-04-09	0	10.1	34	13
1984-04-10	0	10.6	31	14
1984-04-11	0	10.7	32	13
1984-04-12	0	9.6	32	12
1984-04-13	0	9.1	33	12
1984-04-14	0	7.9	33	14
1984-04-15	0	8.3	25	14
1984-04-16	0	6.6	28	11
1984-04-17	0	7.7	29	12
1984-04-18	0	9.6	32	11
1984-04-19	0	9.7	33	12
1984-04-20	0	8.6	33	13
1984-04-21	0	10.8	32	13
1984-04-22	0	9.4	31	12
1984-04-23	0	9.5	32	11
1984-04-24	0	8.8	31	11
1984-04-25	0	10.3	32	12
1984-04-26	0	9.4	35	13
1984-04-27	0	10.2	35	15
1984-04-28	0	10.7	34	15
1984-04-29	0	10.9	35	14
1984-04-30	0	7.9	34	15
1984-05-01	0	7.9	35	15
1984-05-02	0	10.8	33	15
1984-05-03	0	8.5	34	12
1984-05-04	0	10.6	35	13
1984-05-05	0.01	8.4	34	14
1984-05-06	0.01	6	32	14
1984-05-07	0	7	34	15
1984-05-08	0	5.2	25	14
1984-05-09	0	7.7	28	10
1984-05-10	0	6.9	31	11
1984-05-11	0	7.5	32	11
1984-05-12	0	7.2	29	13
1984-05-13	3.5	5.4	28	11
1984-05-14	6.7	4.5	25	12
1984-05-15	2.5	2.5	26	10
1984-05-16	0.01	6.4	29	10
1984-05-17	0	7.1	28	11
1984-05-18	27	6.9	29	11
1984-05-19	7.5	5.1	29	12
1984-05-20	0	8.6	30	12
1984-05-21	0	7.9	29	14
1984-05-22	0	5.9	31	11
1984-05-23	0	6.6	32	12
1984-05-24	0	4.5	28	12
1984-05-25	0	7.1	30	10
1984-05-26	0	8.3	29	11
1984-05-27	0.01	6.4	28	12
1984-05-28	0	7.5	27	10
1984-05-29	3.2	6.7	20	10
1984-05-30	0	3.5	17	9
1984-05-31	0	5.6	25	8
1984-06-01	0	7.7	32	9
1984-06-02	0	7.4	29	10
1984-06-03	4	5.2	30	12
1984-06-04	9.5	8.2	30	13
1984-06-05	0	4.3	26	14
1984-06-06	0	6.8	30	12
1984-06-07	0	9.1	31	14
1984-06-08	0	9.2	32	15
1984-06-09	0	8.1	30	15
1984-06-10	0	8.3	28	12
1984-06-11	0	6.8	29	10
1984-06-12	0	6.5	27	12
1984-06-13	0	5.5	28	10
1984-06-14	0	7.2	26	10
1984-06-15	0	6.6	27	10
1984-06-16	0	8.8	28	10
1984-06-17	19	7.5	28	14
1984-06-18	0	7.5	28	13
1984-06-19	8.6	4.6	29	12
1984-06-20	0	6.4	28	13
1984-06-21	0	5.8	28	15
1984-06-22	0	6.3	29	13
1984-06-23	0	6.7	28	13
1984-06-24	0	7.1	29	12
1984-06-25	0	6.4	29	12
1984-06-26	0	6.6	30	14
1984-06-27	0	8.3	29	15
1984-06-28	0	7.3	32	13
1984-06-29	0.01	7.3	29	14
1984-06-30	48	5.7	28	13
1984-07-01	0.01	3.6	23	14
1984-07-02	0	4.5	25	10
1984-07-03	0	6.5	27	10
1984-07-04	4.5	5.7	27	12
1984-07-05	0.01	6.6	25	11
1984-07-06	0	4.6	25	9
1984-07-07	0	4.5	24	10
1984-07-08	0	6.5	24	10
1984-07-09	7.7	3.9	25	9
1984-07-10	15.5	3.5	25	10
1984-07-11	3.7	3.5	24	10
1984-07-12	12.4	2.6	22	10
1984-07-13	0	2.8	22	9
1984-07-14	17.8	3.8	23	10
1984-07-15	0	3.6	22	10
1984-07-16	0	5.1	25	10
1984-07-17	0	7.6	24	10
1984-07-18	0	5.4	26	11
1984-07-19	0	6	29	11
1984-07-20	0	7.5	28	12
1984-07-21	0	6.8	28	11
1984-07-22	0	6	29	12
1984-07-23	0	5.7	28	10
1984-07-24	0	5.9	29	10
1984-07-25	0	7.8	28	11
1984-07-26	0	7.8	27	10
1984-07-27	0	8.6	28	10
1984-07-28	0	8.5	28	11
1984-07-29	0	6.5	24	11
1984-07-30	0	7.5	25	9
1984-07-31	0	4.2	27	10
1984-08-01	0	7.7	28	10
1984-08-02	0	6.3	27	10
1984-08-03	0	6.5	29	10
1984-08-04	0	6.8	27	11
1984-08-05	0	7.5	28	10
1984-08-06	4.7	4.5	27	11
1984-08-07	1.2	2.9	24	10
1984-08-08	3.5	3.9	26	10
1984-08-09	0	4.4	25	10
1984-08-10	0	5.9	28	10
1984-08-11	0	6.8	27	11
1984-08-12	0	5	29	11
1984-08-13	0	6.5	27	13
1984-08-14	0	4.9	25	12
1984-08-15	0	5.5	25	10
1984-08-16	0	7	27	10
1984-08-17	0	5.8	24	12
1984-08-18	0	6.5	28	11
1984-08-19	0.01	5.8	29	12
1984-08-20	0	6.3	28	12
1984-08-21	0	7	27	12
1984-08-22	0	5.4	26	10
1984-08-23	17	6.5	27	10
1984-08-24	0	5.5	28	10
1984-08-25	0	7	28	11
1984-08-26	0	3.6	27	12
1984-08-27	0	5.7	28	11
1984-08-28	0	7.6	28	12
1984-08-29	0	6.4	26	12
1984-08-30	0	6.5	28	10
1984-08-31	0	6.6	27	11
1984-09-01	0	7.4	27	11
1984-09-02	0	5.8	26	10
1984-09-03	5.5	4.6	25	10
1984-09-04	28.5	3.1	20	9
1984-09-05	5.5	2.1	21	9
1984-09-06	2	3	20	8
1984-09-07	13.2	5.1	25	9
1984-09-08	10.1	3.1	24	10
1984-09-09	6.7	3.7	22	11
1984-09-10	2.7	4.6	20	10
1984-09-11	0.01	2.8	24	10
1984-09-12	3.5	1.5	22	11
1984-09-13	3.5	2.9	20	11
1984-09-14	0.01	2.6	20	9
1984-09-15	3.7	2.1	21	10
1984-09-16	0	4.7	18	12
1984-09-17	0	2.3	18	11
1984-09-18	0	3.1	19	10
1984-09-19	0	4.4	22	11
1984-09-20	0	2.3	25	11
1984-09-21	0	2.7	27	10
1984-09-22	0	5.2	29	10
1984-09-23	0	4.4	28	12
1984-09-24	0.01	5.3	25	11
1984-09-25	0	4.7	24	10
1984-09-26	1	3.3	20	10
1984-09-27	3.2	2.3	22	9
1984-09-28	0	3.2	23	10
1984-09-29	0	5.9	23	11
1984-09-30	0	4.8	25	10
1984-10-01	0	4.1	24	11
1984-10-02	0	4.2	23	11
1984-10-03	0	5.2	27	10
1984-10-04	0	4.8	28	11
1984-10-05	0	4.5	29	12
1984-10-06	0	5.9	27	11
1984-10-07	0	6.1	28	12
1984-10-08	0	6.8	27	12
1984-10-09	0	6.2	28	10
1984-10-10	0	5.5	26	10
1984-10-11	0	4.3	25	10
1984-10-12	0	4.4	24	10
1984-10-13	0	6	28	10
1984-10-14	0	5.1	26	10
1984-10-15	0	6.7	30	12
1984-10-16	0	8.1	30	12
1984-10-17	0	5.6	29	14
1984-10-18	0	6.1	31	12
1984-10-19	0	7.3	30	12
1984-10-20	0	5.5	30	12
1984-10-21	0	6.1	31	11
1984-10-22	0	5.8	31	12
1984-10-23	0	6.1	30	13
1984-10-24	0	5.6	28	12
1984-10-25	0	7.3	26	10
1984-10-26	0	8.5	28	9
1984-10-27	14.7	6.2	27	10
1984-10-28	0	6.9	29	10
1984-10-29	0	4.5	27	10
1984-10-30	0.01	5.6	26	10
1984-10-31	0	3.9	26	9
1984-11-01	0	5	28	10
1984-11-02	0	4.1	29	9
1984-11-03	6	3.2	28	10
1984-11-04	0	7	25	10
1984-11-05	0	5.5	24	9
1984-11-06	0	5.2	25	9
1984-11-07	0	4.8	24	10
1984-11-08	0	4.9	28	10
1984-11-09	0	3.5	29	11
1984-11-10	0	5.1	28	12
1984-11-11	0	4.8	29	5
1984-11-12	0	5.7	25	7
1984-11-13	0	3.3	24	7
1984-11-14	0	5.4	26	6
1984-11-15	0	5.3	25	6
1984-11-16	0	3.8	27	7
1984-11-17	0	2.6	26	9
1984-11-18	0	3.9	28	8
1984-11-19	0	5.3	27	10
1984-11-20	0	3.9	26	10
1984-11-21	0	4.8	26	9
1984-11-22	0	4.5	20	9
1984-11-23	0	6.5	22	5
1984-11-24	0	5.1	26	5.5
1984-11-25	0	4.4	28	7
1984-11-26	0	6.1	30	10
1984-11-27	0	5.4	28	11
1984-11-28	0	4.6	29	9
1984-11-29	0	4.5	27	10
1984-11-30	0	4.7	27	10
1984-12-01	0	4	27	8
1984-12-02	0	3.3	28	10
1984-12-03	2.5	2.1	27	10
1984-12-04	0	2.8	28	10
1984-12-05	0	5.2	28	9
1984-12-06	0	5	19	10
1984-12-07	0	3.4	20	6
1984-12-08	0	4.1	25	6
1984-12-09	0	4.3	27	4
1984-12-10	0	3.9	26	3
1984-12-11	0	4.9	27	2
1984-12-12	0	3	27	4
1984-12-13	0	4.9	26	5
1984-12-14	0	5.3	27	7
1984-12-15	0	2.9	29	9
1984-12-16	0	4.2	27	9
1984-12-17	0	3.1	26	9
1984-12-18	0	3.9	27	10
1984-12-19	0	4.8	26	10
1984-12-20	0	4.6	25	5
1984-12-21	0	4.6	27	4
1984-12-22	0	4.8	26	6
1984-12-23	0	5.1	27	8
1984-12-24	0	3.7	25	10
1984-12-25	0	5.3	28	6
1984-12-26	0	2.7	27	7
1984-12-27	0	4.2	25	10
1984-12-28	0	2.6	26	9
1984-12-29	0	2.6	27	8
1984-12-30	0.01	4.7	28	10
1984-12-31	0	2.1	26	10
1985-01-01	0	3.4	28	10
1985-01-02	0	2.6	29	9
1985-01-03	0	2.2	18	10
1985-01-04	0	1.3	16	3
1985-01-05	0	2.2	18	2
1985-01-06	0	3.6	22	2
1985-01-07	0	2.8	24	4
1985-01-08	0	2.6	25	2
1985-01-09	0	4.6	27	2
1985-01-10	0	4.8	28	6
1985-01-11	0	5.1	26	10
1985-01-12	0	5.6	25	10
1985-01-13	0	4	27	9
1985-01-14	0	3.8	27	7
1985-01-15	0.01	3.8	26	8
1985-01-16	0	3.7	27	6
1985-01-17	0	2.8	25	7
1985-01-18	0	3.6	26	8
1985-01-19	0	2.5	27	8
1985-01-20	0	2.7	22	9
1985-01-21	0	4.7	24	6
1985-01-22	0	4.8	25	4
1985-01-23	0	5.1	27	5
1985-01-24	0	4.1	29	9
1985-01-25	0	7	28	10
1985-01-26	1.7	3.9	26	10
1985-01-27	0	6.7	27	8
1985-01-28	0	4.8	28	7
1985-01-29	0	4.8	29	8
1985-01-30	0	5.2	28	9
1985-01-31	0	5.2	29	10
1985-02-01	0	4.7	28	7
1985-02-02	0	5.9	29	9
1985-02-03	0	6.9	30	10
1985-02-04	0	7.4	29	9
1985-02-05	0	6.6	30	8
1985-02-06	0	6.3	29	10
1985-02-07	0	4.4	29	10
1985-02-08	0	6.4	28	10
1985-02-09	0	4.7	29	11
1985-02-10	0	5.5	30	10
1985-02-11	0	4.9	29	11
1985-02-12	0	5.4	24	10
1985-02-13	0	5.5	25	7
1985-02-14	0	3.5	27	7
1985-02-15	0	5.8	26	7
1985-02-16	0	5.5	27	9
1985-02-17	0	7.2	28	10
1985-02-18	0	6.4	29	10
1985-02-19	0	5.5	28	10
1985-02-20	0	5.8	29	10
1985-02-21	1.7	5.6	28	10
1985-02-22	0	5.9	29	10
1985-02-23	0	4.4	30	11
1985-02-24	0	5.3	29	10
1985-02-25	2	1.3	30	10
1985-02-26	0	2.9	28	10
1985-02-27	0	3.9	24	10
1985-02-28	0	3.6	25	9
1985-03-01	0	8.1	30	9
1985-03-02	0	8.8	30	10
1985-03-03	0	7.3	30.5	10.5
1985-03-04	0	8.2	31	10.7
1985-03-05	0	5.6	27	11
1985-03-06	0	7.7	25	10
1985-03-07	0	7.5	27	9
1985-03-08	0	8.1	24	9
1985-03-09	0	7.3	24	11
1985-03-10	0	6.5	24	12
1985-03-11	0	6.4	28	12
1985-03-12	0	6.4	29	11
1985-03-13	12.5	7.1	30	12
1985-03-14	0	6.5	27	12
1985-03-15	0	3.6	29	11
1985-03-16	0	6.3	30	10
1985-03-17	0	5.9	28	12
1985-03-18	0	5.9	29	10
1985-03-19	0	5.6	30	10
1985-03-20	0.01	6.9	30	10
1985-03-21	0	8.4	29	11
1985-03-22	0	7.9	30	11
1985-03-23	0	8.5	28	11
1985-03-24	1.8	7.7	28	10
1985-03-25	0	7.9	30	10
1985-03-26	0	7.8	29	12
1985-03-27	0	8	30	10
1985-03-28	0	8.6	30	11
1985-03-29	0	8.5	29	10
1985-03-30	0	5.6	28	11
1985-03-31	0	7.1	27	10
1985-04-01	0	10.5	30	8
1985-04-02	0	8.4	25	10
1985-04-03	0	5.4	30	8
1985-04-04	0	8.3	28	9
1985-04-05	0	8.6	29	10
1985-04-06	0	9.7	30	10
1985-04-07	2.2	7.8	29	11
1985-04-08	3.2	6.8	26	11
1985-04-09	13.5	9.9	24	10
1985-04-10	11.9	9.9	25	10
1985-04-11	0.01	5.3	27	10
1985-04-12	3.8	6	28	10
1985-04-13	14.5	8.7	28	11
1985-04-14	4.2	9.1	25	11
1985-04-15	0	7.7	24	12
1985-04-16	0	7.1	29	12
1985-04-17	16.2	6.9	30	12
1985-04-18	2.9	6.6	28	12
1985-04-19	5.9	2.4	28	11
1985-04-20	0	6.6	28	11
1985-04-21	0	8.4	30	11
1985-04-22	0	4	29	12
1985-04-23	0	6.3	30	11
1985-04-24	0	7.3	30	12
1985-04-25	0	7	30	11
1985-04-26	0	5.5	28	12
1985-04-27	0.01	4.8	29	11
1985-04-28	0	4.6	28	11
1985-04-29	0	7.1	29	10
1985-04-30	0	7	30	11
1985-05-01	0	5.7	30	11
1985-05-02	14.2	7.7	29	11
1985-05-03	0	7	28	11
1985-05-04	0	5.5	28	10
1985-05-05	0	7.3	27	11
1985-05-06	0	6.2	29	11
1985-05-07	0	6.8	29	11
1985-05-08	0	4	28	12
1985-05-09	0	6.6	28	11
1985-05-10	0	8.3	30	12
1985-05-11	0	7.8	29	12
1985-05-12	0	6.5	30	11
1985-05-13	0	8.6	31	11
1985-05-14	0	8	30	12
1985-05-15	0	9.5	32	12
1985-05-16	10	4.1	30	13
1985-05-17	14.7	3.5	30	12
1985-05-18	10.4	3.1	29	11
1985-05-19	0.01	7.1	29	11
1985-05-20	0	4.8	28	12
1985-05-21	0	8.2	29	11
1985-05-22	0	7.9	30	12
1985-05-23	0	7.7	20	12
1985-05-24	0	10.7	31	13
1985-05-25	6.2	3.4	30	12
1985-05-26	0.01	8.2	30	12
1985-05-27	0	7	29	11
1985-05-28	0	7.5	30	11
1985-05-29	0	9.5	31	10
1985-05-30	0	7.4	29	12
1985-05-31	0	3.9	31	11
1985-06-01	0	7.9	30	12
1985-06-02	0	8.8	31	12
1985-06-03	0	7.6	30	12
1985-06-04	5.5	4	31	11
1985-06-05	0	9	30	12
1985-06-06	0	7.8	31	11
1985-06-07	0	9.3	30	11
1985-06-08	0	2.8	30	12
1985-06-09	0	8.7	31	11
1985-06-10	15.2	4.8	30	12
1985-06-11	0	7.8	30	11
1985-06-12	0.01	9.6	28	12
1985-06-13	0	7.7	30	10
1985-06-14	0	5.9	30	12
1985-06-15	0	7.6	29	11
1985-06-16	0	6.5	30	11
1985-06-17	23.5	3	28	10
1985-06-18	16.3	3.5	28	11
1985-06-19	6.4	3.8	28	12
1985-06-20	16.4	5.6	25	10
1985-06-21	60.2	3.4	29	10
1985-06-22	0	4.8	27	11
1985-06-23	0	5.7	28	11
1985-06-24	0	6.9	28	10
1985-06-25	0	3.8	29	11
1985-06-26	0	5.9	29	11
1985-06-27	0	7.1	28	12
1985-06-28	0.01	5.5	27	11
1985-06-29	0.01	6.7	28	11
1985-06-30	0.01	6	27	11
1985-07-01	0.01	5.25	25	11
1985-07-02	0	7.51	28	9
1985-07-03	0	5.4	30	11
1985-07-04	18.7	9.6	30	11
1985-07-05	0	5.3	27	12
1985-07-06	4.8	2.2	28	11
1985-07-07	2.9	4.4	27	10
1985-07-08	0.01	6.7	28	10
1985-07-09	0	6.5	28	11
1985-07-10	0	8.43	28	11
1985-07-11	0	7.77	29	10
1985-07-12	0	5.7	28	10
1985-07-13	0.01	7.55	27	11
1985-07-14	13.6	6.5	27	12
1985-07-15	13.2	3.35	20	12
1985-07-16	1	5.3	26	11
1985-07-17	0	7.1	28	12
1985-07-18	0	8.1	29	11
1985-07-19	0	7.45	28	10
1985-07-20	0	5.7	29	12
1985-07-21	0	9.3	30	11
1985-07-22	0	8.6	29	12
1985-07-23	11.5	9.7	30	10
1985-07-24	15.7	7.8	30	12
1985-07-25	0	7.4	28	13
1985-07-26	0.6	7.7	26	12
1985-07-27	0	6	25	13
1985-07-28	0	7.45	27	11
1985-07-29	0.01	3.85	26	11
1985-07-30	0.01	3.15	21	12
1985-07-31	11	4.45	24	11
1985-08-01	0	7.6	28	11
1985-08-02	0	6.7	29	12
1985-08-03	0	6.2	30	12
1985-08-04	0	6.6	28	12
1985-08-05	0	8.3	29	12
1985-08-06	0	6.9	30	12
1985-08-07	6.2	5.7	31	12
1985-08-08	0	7.5	29	12
1985-08-09	0	6.2	30	14
1985-08-10	4.8	5.5	30	15
1985-08-11	0	4.9	30	13
1985-08-12	0	8.1	30	13
1985-08-13	0	6.6	28	12
1985-08-14	0	6.8	30	12
1985-08-15	0	5.8	29	12
1985-08-16	0	6.9	29	13
1985-08-17	0	5.5	28	14
1985-08-18	0	6.6	27	14
1985-08-19	0	6.3	28	13
1985-08-20	0	6.9	28	12
1985-08-21	0	7.2	27	13
1985-08-22	0	8.5	27	12
1985-08-23	2.4	5	23	12
1985-08-24	0	5.7	25	12
1985-08-25	0.01	7.1	27	13
1985-08-26	0	5.8	25	14
1985-08-27	0	4.4	23	13
1985-08-28	0	5.3	24	13
1985-08-29	0	7.1	27	14
1985-08-30	0	5.9	28	14
1985-08-31	0	7.7	28	12
1985-09-01	0	8.3	29	11
1985-09-02	0	6.3	29	11
1985-09-03	2.7	5.6	30	12
1985-09-04	10.5	6.6	31	12
1985-09-05	0	4.4	29	14
1985-09-06	0.01	6.7	28	13
1985-09-07	0	6.6	28	13
1985-09-08	0	5.7	28	12
1985-09-09	0	7.6	28	11
1985-09-10	0	5.6	27	12
1985-09-11	0	7	28	13
1985-09-12	0	8.3	27	14
1985-09-13	0	6.6	23	12
1985-09-14	0	6.5	23	14
1985-09-15	5.9	1.1	20	13
1985-09-16	0	4.8	22	11
1985-09-17	0	6	28	13
1985-09-18	0	6.5	28	14
1985-09-19	0	4.4	27	13
1985-09-20	2.3	4.6	27	13
1985-09-21	0	5	26	11
1985-09-22	0	5.6	30	10
1985-09-23	0	5.8	29	12
1985-09-24	0	6.7	27	10
1985-09-25	1.9	4.3	30	12
1985-09-26	0	6.2	28	10
1985-09-27	0	4.2	28	10
1985-09-28	0.01	7.7	29	10
1985-09-29	0	6.7	29	11
1985-09-30	2	3.9	27	13
1985-10-01	0	5.3	25	14
1985-10-02	0	6.8	28	10
1985-10-03	0	8.2	27	11
1985-10-04	0	4.5	27	11
1985-10-05	0	2.7	18	14
1985-10-06	0	3.9	23	13
1985-10-07	0	5.9	29	11
1985-10-08	0	6.9	33	11
1985-10-09	0	5.5	29	13
1985-10-10	0	5.3	28	12
1985-10-11	0	5.6	29	10
1985-10-12	0	6	30	12
1985-10-13	0	6.3	30	10
1985-10-14	6.7	5.8	31	10
1985-10-15	0	5.4	28	12
1985-10-16	0	5	24	14
1985-10-17	0	6.5	29	12
1985-10-18	0	3.7	29	14
1985-10-19	0	4.8	28	15
1985-10-20	0	6.1	27	14
1985-10-21	0	6.2	28	13
1985-10-22	0	4.8	28	15
1985-10-23	0	4	28	12
1985-10-24	0	4.5	27	11
1985-10-25	0	4	25	10
1985-10-26	0	6.5	27	7
1985-10-27	0	4.5	26	7
1985-10-28	0	4	28	7
1985-10-29	0	5.4	28	10
1985-10-30	0	4.2	27	11
1985-10-31	0	4.6	27	11
1985-11-01	0	5.1	23	10
1985-11-02	3.2	7.2	25	10
1985-11-03	0	5.5	22	10
1985-11-04	0	4.3	20	5
1985-11-05	0	5.3	24	3
1985-11-06	0	5	27	3
1985-11-07	0	4.4	28	4
1985-11-08	0	3.9	27	7
1985-11-09	0	4.3	29	8
1985-11-10	0	5.2	30	9
1985-11-11	0	3.4	29	10
1985-11-12	0	4.3	28	9
1985-11-13	0	4	27	9
1985-11-14	0	4.5	28	9
1985-11-15	0	5.2	28	9
1985-11-16	0	4.8	25	10
1985-11-17	0	5.2	27	10
1985-11-18	0	4.1	28	10
1985-11-19	0	3.6	27	9
1985-11-20	0	3	23	9
1985-11-21	0	5.5	27	9
1985-11-22	0	5.5	28	10
1985-11-23	0	4.9	29	9
1985-11-24	0	4.3	28	9
1985-11-25	0	4.7	27	8
1985-11-26	0	3.6	26	8
1985-11-27	8.5	4	25	9
1985-11-28	0	4.9	20	10
1985-11-29	0	3	24	5
1985-11-30	0	5.1	25	7
1985-12-01	0	3.6	26	8
1985-12-02	0	5.3	21	8
1985-12-03	0	3.5	25	7
1985-12-04	0	4.6	27	8
1985-12-05	0	4.9	29	10
1985-12-06	0	3.8	22	10
1985-12-07	0	3.6	25	8
1985-12-08	0	3.2	26	7
1985-12-09	0	4.2	27	7
1985-12-10	0	2.5	28	8
1985-12-11	0.01	3.4	28	9
1985-12-12	0	3.7	27	10
1985-12-13	0	4.2	27	9
1985-12-14	0	3.5	15	8
1985-12-15	0	2.9	25	4
1985-12-16	0	4.5	24	5
1985-12-17	0.01	2.8	23	6
1985-12-18	0	2.6	17	6
1985-12-19	0	3.1	18	5
1985-12-20	0	1.7	18	7
1985-12-21	0	3.3	17	8
1985-12-22	0	4	23	8
1985-12-23	0	3.4	22	10
1985-12-24	0	3.8	22	8
1985-12-25	0	2.8	18	9
1985-12-26	0	3	23	5
1985-12-27	0	3.1	26	7
1985-12-28	0	2.7	28	10
1985-12-29	0	4.3	27	11
1985-12-30	0	2.4	28	10
1985-12-31	0	4.4	27	10
1986-01-01	0	2.4	26	8
1986-01-02	0	5.7	28	5
1986-01-03	0	3.3	27	5
1986-01-04	0	5.5	28	6
1986-01-05	0	3.6	16	8
1986-01-06	0	5.2	25	5
1986-01-07	0	5	25	7
1986-01-08	0	2.9	21	9
1986-01-09	0	5.2	20	10
1986-01-10	0	2.3	16	5
1986-01-11	0	3.3	17	3
1986-01-12	0	3.4	16	4
1986-01-13	0	3.6	14	3
1986-01-14	0	3.3	18	2
1986-01-15	0	3.9	23	4
1986-01-16	0	3.9	25	5
1986-01-17	0	4	16	4
1986-01-18	0	3.6	23	4
1986-01-19	0	3.7	19	3
1986-01-20	0	3.2	24	3
1986-01-21	0	5.8	25	4
1986-01-22	0	4.7	25	5
1986-01-23	0	3.6	19	6
1986-01-24	0	4.7	25	4
1986-01-25	1	4.9	24	5
1986-01-26	0	3.1	14	8
1986-01-27	0	2.1	21	9
1986-01-28	0	4.5	25	0
1986-01-29	0	3.3	24	2
1986-01-30	0	3.8	22	5
1986-01-31	0	3.6	26	5
1986-02-01	0	4.6	25	6
1986-02-02	0	3.9	27	5
1986-02-03	0.01	6.7	28	7
1986-02-04	0	8.4	26	8
1986-02-05	0	6.7	25	7
1986-02-06	0	6.2	27	5
1986-02-07	0	6.8	27	6
1986-02-08	0	6	27	6
1986-02-09	0	8.8	28	6
1986-02-10	0	8.7	27	7
1986-02-11	0	6.3	29	10
1986-02-12	0	4.8	26	7
1986-02-13	0	5	25	7
1986-02-14	0	4.2	28	7
1986-02-15	0	4.7	28	7
1986-02-16	0	8	29	7
1986-02-17	0	7.8	29	9
1986-02-18	0	6.8	29	9
1986-02-19	0	6.2	29	7
1986-02-20	0	7.4	30	6
1986-02-21	0.01	5.2	30	9
1986-02-22	1.6	5	28	10
1986-02-23	0	4.6	25	9
1986-02-24	0	5.6	25	7
1986-02-25	0	7	24	4
1986-02-26	0	6.3	27	3
1986-02-27	0	6.9	27	4
1986-02-28	0	4.3	15	5
1986-03-01	0	5.3	24	4
1986-03-02	0	6.1	28	5
1986-03-03	0	9.1	29	6
1986-03-04	0	4.2	19	8
1986-03-05	0	9.3	29	9
1986-03-06	0	6.9	27	10
1986-03-07	0	7	28	9
1986-03-08	0	7.4	27	10
1986-03-09	0	6.7	30	8
1986-03-10	0	8.2	31	10
1986-03-11	0	7.5	31	11
1986-03-12	0	9.5	29	10
1986-03-13	0	9.3	29	10
1986-03-14	0	8.2	28	9
1986-03-15	0	9.1	30	9
1986-03-16	0	7.7	29	9
1986-03-17	0	9.6	32	9
1986-03-18	0	10	33	9
1986-03-19	0	10.4	33	9
1986-03-20	0	6.8	16	10
1986-03-21	0	4.8	15	5
1986-03-22	0	5.5	16	2
1986-03-23	0	4.7	19	2
1986-03-24	0	7.5	18	6
1986-03-25	0	5.2	23	5
1986-03-26	0	6.8	26	5
1986-03-27	0	6.9	23	9
1986-03-28	0	7.5	22	7
1986-03-29	0	6	28	6
1986-03-30	0	7.5	31	8
1986-03-31	0	6.7	31	9
1986-04-01	0	6.7	32	10
1986-04-02	0	9.1	35	10
1986-04-03	0	8.9	34	11
1986-04-04	0	10.1	35	10
1986-04-05	0	8.9	35	11
1986-04-06	0.01	7.8	32	13
1986-04-07	0	8.3	32	13
1986-04-08	0	9.6	34	11
1986-04-09	0	9.2	31	10
1986-04-10	0	8.5	32	12
1986-04-11	0	9	34	11
1986-04-12	0.01	10.5	36	11
1986-04-13	0.01	10.7	37	12
1986-04-14	2.5	10.1	36	12
1986-04-15	1.7	9.9	32	13
1986-04-16	3	9.6	32	13
1986-04-17	0	9	33	13
1986-04-18	1.5	8.5	34	13
1986-04-19	6	8.3	34	13
1986-04-20	0	8.6	33	12
1986-04-21	0	8.2	30	11
1986-04-22	0	8.8	29	11
1986-04-23	15	6.2	29	10
1986-04-24	0	7.9	25	10
1986-04-25	2	6.2	28	11
1986-04-26	2.5	10	28	10
1986-04-27	3.5	8.6	28	12
1986-04-28	15.7	6.7	31	14
1986-04-29	4.5	7.3	30	13
1986-04-30	0.01	5.2	35	14
1986-05-01	0.01	7.5	35	13
1986-05-02	0	8.4	34	14
1986-05-03	0	7.9	33	12
1986-05-04	0	6.2	34	12
1986-05-05	0	5.3	36	12
1986-05-06	0	7.8	39	11
1986-05-07	0	9.3	40	14
1986-05-08	0	10.4	38	14
1986-05-09	0	8.7	39	14
1986-05-10	0	10.5	41	14
1986-05-11	0	10.4	41	16
1986-05-12	0	9.8	41	16
1986-05-13	0	10.3	41	16
1986-05-14	0	10.8	40	15
1986-05-15	0	10.6	42	16
1986-05-16	0.01	9.9	42	16
1986-05-17	1	9.6	41	17
1986-05-18	0	9.4	34	16
1986-05-19	0	8.2	35	15
1986-05-20	0	8.5	36	13
1986-05-21	0	10	38	14
1986-05-22	0	10.1	39	13
1986-05-23	0	9.9	40	15
1986-05-24	0	9.9	38	15
1986-05-25	0	8.7	36	14
1986-05-26	0.01	7.9	30	16
1986-05-27	0	10.1	35	15
1986-05-28	0	9.8	34	13
1986-05-29	0	8.5	33	14
1986-05-30	1.5	9.9	35	16
1986-05-31	0	6.4	37	12
1986-06-01	0	9.3	29	14
1986-06-02	0	10.1	35	16
1986-06-03	8.8	9.3	34	17
1986-06-04	44.5	10.2	35	17
1986-06-05	3.5	9.3	36	15
1986-06-06	1	9.5	37	15
1986-06-07	0.01	10.4	38	15
1986-06-08	9.5	9.7	36	16
1986-06-09	17.5	7.2	33	15
1986-06-10	0	6.1	30	17
1986-06-11	1	6.8	30	15
1986-06-12	18.9	7	33	16
1986-06-13	1	5.7	32	15
1986-06-14	0	6.5	34	16
1986-06-15	7.8	4.5	33	17
1986-06-16	0	6.3	36	15
1986-06-17	0	8.9	35	16
1986-06-18	0	8.3	35	15
1986-06-19	16.3	4.1	35	15
1986-06-20	0	4.2	34	14
1986-06-21	14	6.1	34	17
1986-06-22	4	9.4	31	16
1986-06-23	1.5	7.1	32	17
1986-06-24	0	6	32	15
1986-06-25	0	7.2	31	15
1986-06-26	0	5.1	29	16
1986-06-27	0	8.1	31	17
1986-06-28	0	8.8	34	15
1986-06-29	0	10.6	34	13
1986-06-30	0	7.8	36	12
1986-07-01	0	7.7	33	15
1986-07-02	0	7.9	33	17
1986-07-03	0	7.9	34	15
1986-07-04	0	8.8	36	15
1986-07-05	0	8.7	35	14
1986-07-06	0	7.6	34	14
1986-07-07	0	7.5	28	16
1986-07-08	0	7.9	31	16
1986-07-09	13.4	3.6	28	16
1986-07-10	5.8	3.5	28	15
1986-07-11	7.5	3.8	30	14
1986-07-12	1.5	5.2	28	15
1986-07-13	0	6.4	26	16
1986-07-14	0	6.5	26	13
1986-07-15	0	6.6	29	11
1986-07-16	0	5.9	30	13
1986-07-17	0	7.3	29	14
1986-07-18	0	6.4	29	15
1986-07-19	0	7.8	29	15
1986-07-20	0	9.1	31	13
1986-07-21	0	3.9	31	13
1986-07-22	0	4.7	31	14
1986-07-23	0	9.4	31	13
1986-07-24	0	7.7	30	14
1986-07-25	0	8.8	32	13
1986-07-26	0	6.7	34	14
1986-07-27	0	7.4	35	12
1986-07-28	0	8.7	34	14
1986-07-29	0	6.6	33	15
1986-07-30	1	8.7	34	14
1986-07-31	0	8.2	34	13
1986-08-01	0	9.2	34	15
1986-08-02	0	9.8	34	12
1986-08-03	0.01	4.6	33	13
1986-08-04	0	6.1	32	12
1986-08-05	0	9.2	33	13
1986-08-06	5.5	8	35	14
1986-08-07	0	9.4	33	14
1986-08-08	0	7.4	31	15
1986-08-09	0.01	8.1	34	15
1986-08-10	0	8.3	34	14
1986-08-11	0	7.8	33	14
1986-08-12	0	8.5	34	14
1986-08-13	0	8	32	14
1986-08-14	0	9.2	31	12
1986-08-15	1.2	8.9	30	12
1986-08-16	0	7.8	34	16
1986-08-17	0	9.5	35	15
1986-08-18	0	7.3	34	15
1986-08-19	0	8.3	33	14
1986-08-20	0	8.8	34	14
1986-08-21	1.5	9.9	34	13
1986-08-22	0.01	8.8	33	14
1986-08-23	0	8.1	29	13
1986-08-24	0	7.7	31	11
1986-08-25	0	6.1	29	13
1986-08-26	0	6.6	33	11
1986-08-27	0	8.7	36	12
1986-08-28	0	10.4	35	15
1986-08-29	2.2	7.9	31	14
1986-08-30	0	8.5	30	13
1986-08-31	1.4	7.8	32	12
1986-09-01	0	9	34	13
1986-09-02	0	4.8	30	12
1986-09-03	0	6.5	29	12
1986-09-04	0	9.2	26	13
1986-09-05	0	8.1	30	14
1986-09-06	0	7.5	29	14
1986-09-07	0	9.2	30	13
1986-09-08	0	9.7	30	15
1986-09-09	0	8.8	29	15
1986-09-10	0	7.8	31	15
1986-09-11	0	10.7	32	12
1986-09-12	0	8.8	28	15
1986-09-13	0	7.5	27	13
1986-09-14	0	6.5	27	12
1986-09-15	0	9.1	28	13
1986-09-16	0	8.4	27	15
1986-09-17	0	7.7	27	14
1986-09-18	0	8.2	25	12
1986-09-19	0.01	8.5	28	15
1986-09-20	0	9.4	27	15
1986-09-21	0	8.5	29	14
1986-09-22	0	8.2	28	15
1986-09-23	0	8.7	29	10
1986-09-24	6.3	8.9	30	12
1986-09-25	0	10.2	30	12
1986-09-26	0	9.6	29	13
1986-09-27	0	10.5	30	15
1986-09-28	0	7.3	28	14
1986-09-29	0	9.9	30	14
1986-09-30	37	8.1	30	15
1986-10-01	0	4.4	29	14
1986-10-02	0	6.7	30	15
1986-10-03	0	7	28	14
1986-10-04	0	5.1	26	15
1986-10-05	0	6.5	25	14
1986-10-06	5.5	4.9	25	14
1986-10-07	0	6.6	26	14
1986-10-08	0	7.6	28	15
1986-10-09	0	6	25	15
1986-10-10	0	6.7	28	13
1986-10-11	0	5.8	30	15
1986-10-12	1.5	10.4	31	18
1986-10-13	0	9.1	25	15
1986-10-14	0	7.6	29	12
1986-10-15	0.01	7.7	25	12
1986-10-16	0	6.5	22	12
1986-10-17	0	7.2	26	9
1986-10-18	0	6.4	26	9
1986-10-19	0	5.2	23	11
1986-10-20	0	7.2	25	12
1986-10-21	0	7.4	28	13
1986-10-22	1.3	9.2	30	12
1986-10-23	0	7.6	29	11
1986-10-24	0	8.3	30	12
1986-10-25	0	6.1	28	13
1986-10-26	0	5.8	29	11
1986-10-27	0	3.9	25	12
1986-10-28	0	5.2	25	12
1986-10-29	0	5.2	24	12
1986-10-30	0	4.8	22	5
1986-10-31	0	7.8	26	10
1986-11-01	0	6.7	26	9
1986-11-02	0	6.7	24	11
1986-11-03	0.01	8.3	30	13
1986-11-04	1.3	6.1	30	12
1986-11-05	0	5.7	26	11
1986-11-06	0	7.8	28	13
1986-11-07	0	7.4	30	14
1986-11-08	0	8.6	29	12
1986-11-09	0	7.5	28	12
1986-11-10	0	7.9	27	13
1986-11-11	0.01	7.1	26	10
1986-11-12	0	8.1	25	12
1986-11-13	0	3.9	27	14
1986-11-14	0	5.9	25	11
1986-11-15	0	5.6	27	10
1986-11-16	0	8	29	11
1986-11-17	0	9.5	31	10
1986-11-18	0	10.8	32	10
1986-11-19	0	8.9	31	7
1986-11-20	0	6.7	31	7
1986-11-21	0	8.8	32	9
1986-11-22	0	8.7	29	8
1986-11-23	0	10.8	30	8
1986-11-24	0	8.6	28	10
1986-11-25	0	10.4	26	9
1986-11-26	2	7.2	25	10
1986-11-27	0	4.9	22	8
1986-11-28	0	4.8	20	6
1986-11-29	0	5.8	23	2
1986-11-30	0	6	27	2.5
1986-12-01	0	8.8	27	5
1986-12-02	0	6.6	24	9
1986-12-03	1.3	2.8	22	10
1986-12-04	0	2.4	26	10
1986-12-05	0	3	20	11
1986-12-06	0	5.1	25	9
1986-12-07	0	7.3	27	8
1986-12-08	0	6.8	28	10
1986-12-09	0.01	5.8	29	10
1986-12-10	0	5.6	27	9
1986-12-11	0	9.2	29	9
1986-12-12	0	4.9	23	8
1986-12-13	0	6.1	22	9
1986-12-14	0	7.5	27	10
1986-12-15	0	6	28	10
1986-12-16	0	7.5	27	6
1986-12-17	0	6.8	27	6
1986-12-18	0	5.6	29	9
1986-12-19	0	6.5	27	6
1986-12-20	0	8.3	27	6
1986-12-21	0	6.9	26	7
1986-12-22	0	7.2	26	8
1986-12-23	0	5.4	25	3
1986-12-24	0	6.5	26	2
1986-12-25	0	5.8	25	2
1986-12-26	0	5.9	23	4
1986-12-27	0	5.8	25	4
1986-12-28	0	4.9	25	3
1986-12-29	0	5.6	27	4
1986-12-30	5.8	6.6	24	6
1986-12-31	0	6.3	23	6
1987-01-01	0	5.75	24	3
1987-01-02	0	5.95	22	5
1987-01-03	0	6.45	24	6
1987-01-04	0	5.95	24	4
1987-01-05	0	6.1	26	0
1987-01-06	0	5.65	27	3
1987-01-07	0	6.1	29	5
1987-01-08	0	6.85	29	8
1987-01-09	0	7.35	30	8
1987-01-10	0	5.6	27	9
1987-01-11	0	3.85	15	7
1987-01-12	0	4.75	21	6
1987-01-13	0	6.3	27	7
1987-01-14	0	7.85	29	9
1987-01-15	0	8.05	27	10
1987-01-16	0	7.9	28	10
1987-01-17	0	6.7	29	10
1987-01-18	0	9.15	30	10
1987-01-19	0	8.65	30	11
1987-01-20	0	8.4	29	10
1987-01-21	0	6.65	26	10
1987-01-22	0	5.85	15	5
1987-01-23	0	5.95	25	3
1987-01-24	0	7.35	27	4
1987-01-25	0	6.85	25	5
1987-01-26	0	7.05	24	4
1987-01-27	0	5.65	25	0
1987-01-28	0	6.75	26	3
1987-01-29	0	8.5	28	5
1987-01-30	0	8.7	29	4
1987-01-31	0	8.2	29	5
1987-02-01	1	6.7	26	6
1987-02-02	2.2	3.29	17	10
1987-02-03	0	5.9	22	5
1987-02-04	0	5.35	26	5
1987-02-05	0	6.63	28	5
1987-02-06	0	6.72	22	7
1987-02-07	0	5.3	20	6
1987-02-08	0	4.9	23	4
1987-02-09	0	6.2	22	0
1987-02-10	0	4.45	25	2
1987-02-11	0	6.35	26	2
1987-02-12	0	2.5	28	3
1987-02-13	0	7.25	28	5
1987-02-14	0	4.95	28	7
1987-02-15	0	9.15	30	9
1987-02-16	0	9.05	30	7
1987-02-17	0	8.65	30	10
1987-02-18	0	8.1	28	7
1987-02-19	0	8.95	30	5
1987-02-20	0	8.3	29	9
1987-02-21	0	9.5	27	9
1987-02-22	0	8.1	30	8
1987-02-23	0	9.6	30	5
1987-02-24	0	9.1	31	7
1987-02-25	0	10.05	30	10
1987-02-26	0	3.4	28	10
1987-02-27	0	9.45	30	11
1987-02-28	0	8.3	30	8
1987-03-01	0	8.35	29	9
1987-03-02	0	9.1	30	7
1987-03-03	0	7.75	26	9
1987-03-04	8.5	4	14	10
1987-03-05	0	3.75	11	1
1987-03-06	0	6.05	14	1
1987-03-07	0	6.65	25	3
1987-03-08	0	5.55	24	5
1987-03-09	0	9.15	29	7
1987-03-10	0	8.6	30	9
1987-03-11	0	7.75	28	9
1987-03-12	0	8.45	25	10
1987-03-13	0	8.1	25	10
1987-03-14	0	7.85	28	9
1987-03-15	0	4.9	30	10
1987-03-16	0	10.5	30	10
1987-03-17	0	10.35	31	11
1987-03-18	0	8.6	30	12
1987-03-19	0	10.25	30	9
1987-03-20	0	10.75	29	10
1987-03-21	0	7.7	31	11
1987-03-22	0	8.4	30	13
1987-03-23	0	9.75	30	12
1987-03-24	0	10.65	32	11
1987-03-25	0	10.8	33	12
1987-03-26	0	10.4	30	13
1987-03-27	0	9.8	25	15
1987-03-28	0	7.6	27	17
1987-03-29	0	9.15	30	10
1987-03-30	0	7.85	29	11
1987-03-31	0	8.45	25	4
1987-04-01	0	6.7	32	10
1987-04-02	0	9.1	35	10
1987-04-03	0	8.9	34	11
1987-04-04	0	10.15	35	10
1987-04-05	0	8.9	35	11
1987-04-06	0	7.85	32	13
1987-04-07	0	8.3	32	13
1987-04-08	0	9.6	34	11
1987-04-09	0	9.25	31	10
1987-04-10	0	8.55	32	12
1987-04-11	0	9	34	11
1987-04-12	0	10.5	36	11
1987-04-13	0	10.75	37	12
1987-04-14	2.5	10.1	36	12
1987-04-15	1.7	9.9	32	13
1987-04-16	3	9.6	32	13
1987-04-17	0	9	33	13
1987-04-18	1.5	8.5	34	13
1987-04-19	6	8.3	34	13
1987-04-20	0	8.6	33	12
1987-04-21	0	8.25	30	11
1987-04-22	0	8.8	29	11
1987-04-23	15	6.2	29	10
1987-04-24	0	7.9	25	10
1987-04-25	2	6.25	28	11
1987-04-26	2.5	10.05	28	10
1987-04-27	3.5	8.65	28	12
1987-04-28	15.7	6.75	31	14
1987-04-29	4.5	7.3	30	13
1987-04-30	0	5.2	35	14
1987-05-01	0	9.1	31	11
1987-05-02	0	10.85	30	14
1987-05-03	0	10.95	31	15
1987-05-04	0	10.95	33	10
1987-05-05	0	8.6	30	14
1987-05-06	0.01	10.7	30	13
1987-05-07	6.5	8.2	30	14
1987-05-08	0.01	8.4	28	11
1987-05-09	7	5.95	30	14
1987-05-10	0	10.95	30	14
1987-05-11	0	10.75	31	13
1987-05-12	11.2	6.6	30	14
1987-05-13	0	5.75	28	13
1987-05-14	0	8.8	30	11
1987-05-15	0.01	7.75	30	14
1987-05-16	0	9.7	31	12
1987-05-17	0	10	33	12
1987-05-18	0	9.4	28	15
1987-05-19	0	10.4	30	13
1987-05-20	0	10.85	32	13
1987-05-21	0	8.95	31	13
1987-05-22	0	10.7	30	14
1987-05-23	0	8.45	30	13
1987-05-24	0	8.25	30	13
1987-05-25	0	10.5	31	12
1987-05-26	0	10.7	34	13
1987-05-27	0	10.7	35	14
1987-05-28	2	9.7	35	16
1987-05-29	26.5	8.2	34	14
1987-05-30	2.5	10.85	29	14
1987-05-31	0	8.15	28	14
1987-06-01	11	5.1	29	14
1987-06-02	15.5	8.1	28	14
1987-06-03	0	9.2	30	14
1987-06-04	0	7.7	25	14
1987-06-05	0.01	8.3	24	14
1987-06-06	1.5	8.3	26	14
1987-06-07	1	8.7	25	14
1987-06-08	0	7.2	27	15
1987-06-09	0	7.7	30	15
1987-06-10	0	9.7	31	16
1987-06-11	1	9.7	30	17
1987-06-12	1.8	10.1	29	16
1987-06-13	0	8.4	28	16
1987-06-14	0	10.7	31	15
1987-06-15	20.5	7.9	30	14
1987-06-16	0	5.8	26	16
1987-06-17	1.5	10	29	12
1987-06-18	0	8.7	30	14
1987-06-19	0	8.7	29	14
1987-06-20	0	10.6	30	14
1987-06-21	0	9	30	14
1987-06-22	0	10.4	31	14
1987-06-23	0	10.3	32	15
1987-06-24	0	10.2	31	15
1987-06-25	0	9.2	30	14
1987-06-26	0	10.5	31	16
1987-06-27	0	9.4	29	14
1987-06-28	0	9.5	30	13
1987-06-29	0	10.8	30	11
1987-06-30	0	9.7	30	14
1987-07-01	0	8.8	29	16
1987-07-02	0	10.8	30	15
1987-07-03	0	9.2	28	16
1987-07-04	0	8.7	30	18
1987-07-05	25.6	8.2	29	17
1987-07-06	0	7.7	30	15
1987-07-07	7.3	6.9	30	16
1987-07-08	5.8	3	25	17
1987-07-09	0	7.6	25	15
1987-07-10	0	8.9	29	15
1987-07-11	0	8	30	15
1987-07-12	0.01	8.3	28	16
1987-07-13	0	5.7	29	14
1987-07-14	0	9	30	16
1987-07-15	0	6.7	29	17
1987-07-16	0	8	30	16
1987-07-17	0	8.9	30	15
1987-07-18	0	8.9	30	14
1987-07-19	0	9	29	12
1987-07-20	0	7.5	29	13
1987-07-21	0	7.5	26	13
1987-07-22	0	7.6	25	14
1987-07-23	0	6.6	26	16
1987-07-24	4.4	4.7	21	15
1987-07-25	6	5.4	24	15
1987-07-26	0	5.7	19	15
1987-07-27	1	6	26	12
1987-07-28	0	5.7	24	15
1987-07-29	0	4.8	25	16
1987-07-30	0	8.1	26	15
1987-07-31	0	7.6	27	17
1987-08-01	0	9.2	26	16
1987-08-02	0	8.8	29	14
1987-08-03	0	10.3	30	15
1987-08-04	0	10.9	30	15
1987-08-05	0	8.4	29	15
1987-08-06	0	8.2	26	14
1987-08-07	0	10.6	29	15
1987-08-08	0	10.3	30	16
1987-08-09	0	10.1	30	16
1987-08-10	0	10.4	31	14
1987-08-11	0	10.3	34	17
1987-08-12	0	10.6	34	15
1987-08-13	0	10.8	33	16
1987-08-14	10.2	5.9	32	15
1987-08-15	0	6.2	31	15
1987-08-16	0	8.6	30	14
1987-08-17	0	9.4	30	15
1987-08-18	0	4.5	31	15
1987-08-19	0	9.2	30	16
1987-08-20	0	9.8	29	13
1987-08-21	0	7.7	28	16
1987-08-22	0	7.9	28	15
1987-08-23	0	9.3	30	15
1987-08-24	0	8.6	29	14
1987-08-25	0	8.8	30	14
1987-08-26	0	8.9	30	13
1987-08-27	0	8	29	14
1987-08-28	0	7.7	26	15
1987-08-29	0	9.4	29	15
1987-08-30	0	6.1	28	17
1987-08-31	0	10.6	30	14
1987-09-01	0	9.7	29	15
1987-09-02	0	7.8	25	15
1987-09-03	0	5	24	14
1987-09-04	0	5.9	29	11
1987-09-05	0	7.2	29	11
1987-09-06	0	7.6	31	14
1987-09-07	0	6.9	33	10
1987-09-08	0	7.3	30	10
1987-09-09	0	7.7	30	12
1987-09-10	0	8.4	31	16
1987-09-11	0	10.5	31	14
1987-09-12	0	9.8	30	14
1987-09-13	0	10.3	31	13
1987-09-14	0	9.3	30	15
1987-09-15	0	6.6	31	15
1987-09-16	0	7.1	32	14
1987-09-17	0	9	32	14
1987-09-18	0.01	9.5	33	15
1987-09-19	0	10.8	31	14
1987-09-20	0.01	8.7	30	14
1987-09-21	0	7.2	27	15
1987-09-22	1.3	8.8	30	17
1987-09-23	0	8.2	21	15
1987-09-24	0	7.8	28	14
1987-09-25	0	8.9	30	12
1987-09-26	12.2	5.9	30	15
1987-09-27	0	8.8	28	15
1987-09-28	0.01	9.7	30	15
1987-09-29	0	8.7	26	17
1987-09-30	0	6.2	20	15
1987-10-01	0	6.9	24	10
1987-10-02	0	6.7	27	7
1987-10-03	0	5.5	24	7
1987-10-04	0	7.2	24	7
1987-10-05	0	6.5	27	9
1987-10-06	0	6.4	29	10
1987-10-07	0	6.4	25	12
1987-10-08	0	6.7	25	5
1987-10-09	0	7.3	27	8
1987-10-10	0	6.2	25	9
1987-10-11	0	7.4	26	8
1987-10-12	0	5.6	24	9
1987-10-13	0	7.6	26	6
1987-10-14	0	7.9	29	7
1987-10-15	0	8.8	30	6
1987-10-16	0	8.2	29	6
1987-10-17	0	6.5	26	8
1987-10-18	0	9.7	30	6
1987-10-19	0	10.1	31	7
1987-10-20	0	7.4	27	10
1987-10-21	0	7.4	25	10
1987-10-22	0	7.8	24	14
1987-10-23	0	7.9	30	10
1987-10-24	0	8.3	30	11
1987-10-25	0	6.8	25	10
1987-10-26	0	8	30	7
1987-10-27	0	8.9	28	8
1987-10-28	0	6.7	27	9
1987-10-29	0	7.3	27	5
1987-10-30	0	6.1	26	6
1987-10-31	0	5.4	25	5
1987-11-01	0	7.3	26	5
1987-11-02	0	6.6	28	7
1987-11-03	0	5.7	26	5
1987-11-04	0	7.5	27	2.5
1987-11-05	0	5.5	25	1
1987-11-06	0	7.3	26	2
1987-11-07	0	6.8	27	7
1987-11-08	0	7.6	30	8
1987-11-09	0	6.1	25	10
1987-11-10	16.5	5.9	15	12
1987-11-11	4.5	7.3	14	5
1987-11-12	0	5.8	25	6
1987-11-13	0	7.1	26	7
1987-11-14	0	6.6	28	9
1987-11-15	0	7.9	26	7
1987-11-16	0	8.1	29	8
1987-11-17	0	7.9	30	9
1987-11-18	0	6.7	26	10
1987-11-19	0	6.1	19	9
1987-11-20	0	5.6	22	11
1987-11-21	0.01	6.1	27	6
1987-11-22	0	3.3	29	8
1987-11-23	0	5.8	30	9
1987-11-24	0	7.5	29	9
1987-11-25	0	8.2	29	7
1987-11-26	0	7.3	30	9
1987-11-27	0	6.8	30	10
1987-11-28	0	8.3	29	10
1987-11-29	0	5.6	28	10
1987-11-30	0	6.6	26	11
1987-12-01	0	6.5	26	11
1987-12-02	0	7.2	28	10
1987-12-03	0	6.5	28	6
1987-12-04	0	7.3	27	2.5
1987-12-05	0	5.9	27	1
1987-12-06	0	5.7	29	5
1987-12-07	0	6.1	28	5
1987-12-08	0	5.9	27	6
1987-12-09	0	6.4	26	6
1987-12-10	0	6.3	26	6
1987-12-11	0	6.4	26	7
1987-12-12	0	6	25	6
1987-12-13	0	4.7	25	8
1987-12-14	0	6.4	27	10
1987-12-15	0	6.7	29	10
1987-12-16	0	8.1	29	7
1987-12-17	0	4.3	24	6
1987-12-18	0	5.6	22	7
1987-12-19	0	5.6	27	8
1987-12-20	0	4.6	27	7
1987-12-21	0	6.1	27	10
1987-12-22	0	6.7	25	10
1987-12-23	0	7.3	29	10
1987-12-24	0	4.4	30	10
1987-12-25	0	7.7	30	9
1987-12-26	0	5.6	26	11
1987-12-27	0	5.6	26	10
1987-12-28	0	5.4	25	8
1987-12-29	0	6.2	17	8
1987-12-30	0	4.6	25	2.5
1987-12-31	0	5.8	26	7
1988-01-01	9.2	2.3	25	10
1988-01-02	0	5.7	26	11
1988-01-03	0	5.4	24	9
1988-01-04	0	4.5	25	5
1988-01-05	0	4.1	24	2
1988-01-06	0	6.3	26	2.5
1988-01-07	0	7.1	28	2
1988-01-08	0	6.7	27	7
1988-01-09	0	5.7	27	7
1988-01-10	0	5	25	8
1988-01-11	0	5.2	26	5
1988-01-12	0	5.8	27	7
1988-01-13	0	5.8	20	4
1988-01-14	0	4.7	26	2
1988-01-15	0	6.3	24	6
1988-01-16	0	4.6	25	7
1988-01-17	0	4.9	28	7
1988-01-18	0	6.5	29	6
1988-01-19	0	4.8	26	6
1988-01-20	0	5.9	28	5
1988-01-21	0	4.8	25	2
1988-01-22	0	5.2	24	2.5
1988-01-23	0	3.1	25	1
1988-01-24	0	4.4	20	5
1988-01-25	0	4	14	5
1988-01-26	0	4.9	21	0
1988-01-27	0	4.1	15	-1
1988-01-28	0	4.6	17	-2
1988-01-29	0	3.9	22	1
1988-01-30	0	3.8	27	2.5
1988-01-31	0	6.4	26	4
1988-02-01	0	5.7	30	9
1988-02-02	0	5.1	30	9
1988-02-03	0	5.1	29	8
1988-02-04	0	1.8	29	6
1988-02-05	0	5	29	8
1988-02-06	0	4.8	14	7
1988-02-07	0	6	20	2
1988-02-08	0	5.8	28	2.5
1988-02-09	0	6	27	7
1988-02-10	0	4.4	27	8
1988-02-11	0	5.4	25	7
1988-02-12	0	6.4	24	7
1988-02-13	0	5.6	26	6
1988-02-14	0	7.2	28	8
1988-02-15	0	5.8	25	10
1988-02-16	0	7.5	30	6
1988-02-17	0	7.4	33	10
1988-02-18	0	10.7	34	11
1988-02-19	0	8.6	31	12
1988-02-20	0	7	19	5
1988-02-21	0	7.8	28	2
1988-02-22	0	8.8	30	5
1988-02-23	0	7.1	24	10
1988-02-24	0	8.6	27	10
1988-02-25	0	7.4	26	11
1988-02-26	0	8.7	29	8
1988-02-27	0	7.8	27	8
1988-02-28	0	7.3	30	8
1988-03-01	0	6.6	26	10
1988-03-02	0	7.2	27	10
1988-03-03	3	8.3	28	10
1988-03-04	10.5	9.65	25	10
1988-03-05	0	9.15	22	7
1988-03-06	0	7.5	25	7
1988-03-07	0	5.35	20	8
1988-03-08	0	7.35	24	10
1988-03-09	0	5.65	25	10
1988-03-10	0	6.6	25	7
1988-03-11	0	6.8	26	7
1988-03-12	0	7.85	30	9
1988-03-13	0	8.9	31	9
1988-03-14	0	7.15	23	10
1988-03-15	0	8.6	29	5
1988-03-16	0	9.45	30	7
1988-03-17	0	8.5	30	10
1988-03-18	0	8.09	28	12
1988-03-19	0	2.15	17	6
1988-03-20	0	NULO	24	3
1988-03-21	0	NULO	25	5
1988-03-22	0	NULO	30	9
1988-03-23	0	NULO	31	10
1988-03-24	0	NULO	34	12
1988-03-25	0	NULO	32	10
1988-03-26	0	NULO	29	10
1988-03-27	0	NULO	27	10
1988-03-28	0	NULO	31	10
1988-03-29	0	NULO	34	12
1988-03-30	9.3	NULO	23	14
1988-03-31	0	NULO	30	10
1988-04-01	0	NULO	31	10
1988-04-02	0	NULO	32	11
1988-04-03	0	NULO	30	12
1988-04-04	0	NULO	33	12
1988-04-05	0	NULO	34	12
1988-04-06	1.2	NULO	28	13
1988-04-07	4	NULO	25	11
1988-04-08	10.5	NULO	24	12
1988-04-09	0	NULO	25	10
1988-04-10	4.2	NULO	26	11
1988-04-11	5	NULO	20	12
1988-04-12	0	NULO	25	10
1988-04-13	0	NULO	27	9
1988-04-14	0	NULO	30	10
1988-04-15	0	NULO	28	12
1988-04-16	0.01	NULO	30	14
1988-04-17	0	NULO	31	10
1988-04-18	0	9.7	32	12
1988-04-19	0	6.2	34	11
1988-04-20	0	6.85	34	11
1988-04-21	0	7.65	35	11
1988-04-22	0	7.15	34	12
1988-04-23	0	4.85	35	11
1988-04-24	0	6.95	36	12
1988-04-25	0	5.75	35	14
1988-04-26	0	6.85	34	15
1988-04-27	0	6.85	35	14
1988-04-28	0	1.6	36	14
1988-04-29	0	5.05	32	13
1988-04-30	0	3.89	31	16
1988-05-01	0	7.76	34	14
1988-05-02	0	8.25	34	12
1988-05-03	0	3.15	32	12
1988-05-04	0	0.9	31	12
1988-05-05	0	8.15	31	13
1988-05-06	0	3.85	34	13
1988-05-07	0	3.8	35	13
1988-05-08	0	9.3	35	16
1988-05-09	0	4.55	37	14
1988-05-10	1.9	4.25	36	16
1988-05-11	0.01	5.8	33	16
1988-05-12	0	7.6	33	14
1988-05-13	1	9.35	30	13
1988-05-14	1	2.95	31	12
1988-05-15	2	6.2	30	13
1988-05-16	0	4.85	32	11
1988-05-17	0	10.55	34	10
1988-05-18	0	8.35	34	13
1988-05-19	0	7.6	32	14
1988-05-20	0	9.25	32	12
1988-05-21	0	8.95	34	12
1988-05-22	0	2.7	30	14
1988-05-23	0	9.2	34	14
1988-05-24	0	10.77	35	16
1988-05-25	0	8.73	32	15
1988-05-26	0	7.85	32	15
1988-05-27	0	9.35	20	14
1988-05-28	0.01	8.25	34	12
1988-05-29	0	9.15	34	14
1988-05-30	0	8.75	34	15
1988-05-31	0	5.7	35	14
1988-06-01	0	7.3	34	15
1988-06-02	1	5.75	34	14
1988-06-03	0	9.25	33	14
1988-06-04	0.01	7.45	34	13
1988-06-05	1.8	8.2	30	13
1988-06-06	5	8.4	31	12
1988-06-07	0	7.75	31	17
1988-06-08	0	8.35	33	16
1988-06-09	0	7.9	33	14
1988-06-10	0	7.7	31	13
1988-06-11	0	8	19	15
1988-06-12	0	7.6	29	13
1988-06-13	0	6.9	29	12
1988-06-14	0.01	8.35	28	13
1988-06-15	0	6.55	26	16
1988-06-16	0	7.6	26	17
1988-06-17	0	1.6	28	16
1988-06-18	0	7.95	29	17
1988-06-19	0	7.15	28	16
1988-06-20	2	8.2	28	16
1988-06-21	0	8.8	26	16
1988-06-22	0	6.65	25	14
1988-06-23	3	5.9	26	15
1988-06-24	0	8.35	30	12
1988-06-25	0	8.7	31	17
1988-06-26	0	7.9	31	17
1988-06-27	0	6.2	30	16
1988-06-28	0	9.7	31	15
1988-06-29	14	2.05	34	15
1988-06-30	8	4.73	30	15
1988-07-01	5.3	7.4	30	16
1988-07-02	4.5	3.95	27	15
1988-07-03	6.4	7.1	29	16
1988-07-04	1.5	5.55	27	15
1988-07-05	0.01	5.7	23	16
1988-07-06	0	7.85	29	15
1988-07-07	0	5.75	29	15
1988-07-08	0	7.1	30	15
1988-07-09	0	8.2	33	15
1988-07-10	2.3	5	31	15
1988-07-11	0	7.1	30	15
1988-07-12	0	7.8	30	15
1988-07-13	0	7.05	30	14
1988-07-14	0	6.95	29	18
1988-07-15	6.3	8.85	26	17
1988-07-16	0	7.35	27	15
1988-07-17	0	7.85	26	14
1988-07-18	0	6.45	29	16
1988-07-19	0	6.35	29	15
1988-07-20	0.01	6.95	28	15
1988-07-21	6.5	5.9	27	15
1988-07-22	0	6.6	27	19
1988-07-23	0	8.1	27	16
1988-07-24	0	5.6	29	14
1988-07-25	0	7.05	29	15
1988-07-26	0	6.5	29	14
1988-07-27	4.8	4.05	28	16
1988-07-28	0	6.65	24	14
1988-07-29	0	7.85	29	15
1988-07-30	0	6.8	27	15
1988-07-31	0	2.8	28	14
1988-08-01	0	8	30	14
1988-08-02	0	8.75	30	16
1988-08-03	0.01	6.85	30	17
1988-08-04	0	6.9	29	14
1988-08-05	0	8.3	29	14
1988-08-06	0	8.05	29	15
1988-08-07	0	6.65	29	14
1988-08-08	0	3.7	29	15
1988-08-09	0	8.2	30	14
1988-08-10	0	7.7	31	14
1988-08-11	0	9.25	31	15
1988-08-12	0.01	6.65	24	14
1988-08-13	0	5.8	25	15
1988-08-14	5	1.45	23	16
1988-08-15	0.01	6.85	27	12
1988-08-16	0	6.25	28	16
1988-08-17	0.01	7.8	26	16
1988-08-18	21	8	26	14
1988-08-19	15.8	8.8	29	16
1988-08-20	4	6.7	26	14
1988-08-21	4.5	7.6	25	15
1988-08-22	0	7.8	28	16
1988-08-23	0	6.75	27	16
1988-08-24	0	7.55	28	15
1988-08-25	0	6.3	28	14
1988-08-26	0	9.45	28	12
1988-08-27	0	5.45	28	13
1988-08-28	0	7.3	27	12
1988-08-29	0	3.6	26	12
1988-08-30	0	5.6	27	15
1988-08-31	0	7.5	27	14
1988-09-01	0	8.1	27	16
1988-09-02	47	4.58	23	16
1988-09-03	3.4	3.15	26	14
1988-09-04	0.01	6.15	21	17
1988-09-05	0.01	5.8	25	15
1988-09-06	0	7.5	24	13
1988-09-07	0	6.75	26	15
1988-09-08	0	7.05	27	11
1988-09-09	0	5.85	26	10
1988-09-10	0	6.25	24	7
1988-09-11	0	6.4	26	9
1988-09-12	0	5.25	26	11
1988-09-13	0	6.35	24	12
1988-09-14	0	5.6	23	11
1988-09-15	0	7.5	25	14
1988-09-16	0	4.7	20	14
1988-09-17	22.5	4.9	29	13
1988-09-18	0	5.7	27	13
1988-09-19	0	7.3	29	14
1988-09-20	0	7.1	28	15
1988-09-21	0	6.6	27	14
1988-09-22	0	6.8	30	14
1988-09-23	0	7.55	30	14
1988-09-24	0	6.55	28	15
1988-09-25	0	5.55	27	13
1988-09-26	0	6.15	26	14
1988-09-27	0	5.05	25	13
1988-09-28	0	6.55	29	10
1988-09-29	0	5.75	30	9
1988-09-30	0	7.55	30	10
1988-10-01	0	7.25	28	11
1988-10-02	0	7.55	23	13
1988-10-03	0	4.85	18	9
1988-10-04	0	5.45	20	9
1988-10-05	0	5.43	16	11
1988-10-06	0	6.97	20	10
1988-10-07	0	5.85	22	12
1988-10-08	0	3.7	22	7
1988-10-09	0	5.55	25	12
1988-10-10	0	5.05	24.8	13
1988-10-11	0	5.7	26	12
1988-10-12	0	4.75	24	10
1988-10-13	0	4.5	20	13
1988-10-14	0	5.05	25	10
1988-10-15	0	4.9	27	9
1988-10-16	0	3.7	27	7
1988-10-17	0	4.55	26	10
1988-10-18	0	6.65	28	8
1988-10-19	0	5.75	28	11
1988-10-20	0	6.95	30	10
1988-10-21	0	5.55	28	10
1988-10-22	0	5.55	30	10
1988-10-23	0	6.6	30	12
1988-10-24	0	5.8	29	15
1988-10-25	0	2.7	31	11
1988-10-26	0	8.2	31	10
1988-10-27	0	7.85	30	10
1988-10-28	0	6.65	29	10
1988-10-29	0	7.2	26	10
1988-10-30	0	6.95	26	11
1988-10-31	0.01	7.35	29	10
1988-11-01	0.01	5.45	22	12
1988-11-02	0	4.8	24	4
1988-11-03	0	4.4	29	2
1988-11-04	0	7.95	31	8
1988-11-05	0	6.03	30	7
1988-11-06	0	5.97	27	7
1988-11-07	0	6.25	31	6
1988-11-08	0	5.9	29	4
1988-11-09	0	7.35	32	5
1988-11-10	0	5.85	29	7
1988-11-11	0	5.1	30	6
1988-11-12	0	4.9	29	9
1988-11-13	0	4.2	28	7
1988-11-14	0	6.2	30	5
1988-11-15	0	6.2	31	5
1988-11-16	0	4.55	30	7
1988-11-17	0	6.55	27	6
1988-11-18	0	4.7	27	9
1988-11-19	0	6.15	27	10
1988-11-20	0	6	23	12
1988-11-21	0	6.25	27	7
1988-11-22	0	4.85	27	10
1988-11-23	0	2.5	28	10
1988-11-24	0	6.25	28	10
1988-11-25	0	7.15	30	9
1988-11-26	0	5.6	29	10
1988-11-27	0	6.4	29	12
1988-11-28	0	4.88	21	10
1988-11-29	0	3.37	28	7
1988-11-30	0	4.25	27	7
1988-12-01	0	3.9	25	11
1988-12-02	0	4.1	16	10
1988-12-03	0	3.85	22	6
1988-12-04	0	4.42	17	5
1988-12-05	0	2.43	19	6
1988-12-06	0	3.05	23	7
1988-12-07	0	5.65	24	6
1988-12-08	0	4.65	27	5
1988-12-09	0	4.85	24	6
1988-12-10	0	5.44	27	6
1988-12-11	0	4.56	29	7
1988-12-12	0	4.15	26	8
1988-12-13	0	4.75	20	9
1988-12-14	0	5.4	27	6
1988-12-15	0	5.85	29	10
1988-12-16	0	4.6	23	10
1988-12-17	0	5.7	23	9
1988-12-18	0	3.73	24	10
1988-12-19	0	6.1	27	2
1988-12-20	0	5	27	5
1988-12-21	0	4.55	27	7
1988-12-22	0	5.65	29	5
1988-12-23	0	6.65	29	6
1988-12-24	0	6.1	29	7
1988-12-25	0	6.2	26	6
1988-12-26	0	6.9	28	5
1988-12-27	0	6.2	27	7
1988-12-28	0	3.9	29	7
1988-12-29	0	5.7	27	5
1988-12-30	0	5.85	27	6
1988-12-31	0	4.6	27	7
1989-01-01	0	6.6	29	8
1989-01-02	0	3.9	28	7
1989-01-03	0	3.95	24	8
1989-01-04	0	4.9	24	9
1989-01-05	0	5.2	24	8
1989-01-06	0	4.65	28	9
1989-01-07	0	4.95	30	8
1989-01-08	0	5.8	30	9
1989-01-09	0	4.7	24	8
1989-01-10	0	4.45	26	8
1989-01-11	0	4.65	27	8
1989-01-12	0	5.85	28	7
1989-01-13	0	3.6	25	8
1989-01-14	0	5.25	27	9
1989-01-15	0	5.05	28	8
1989-01-16	0	6.2	23	9
1989-01-17	0	4.65	26	8
1989-01-18	0	6.3	27	7
1989-01-19	0	4.65	27	8
1989-01-20	0	3.75	22	9
1989-01-21	0	3.3	16	8
1989-01-22	0	5.95	25	7
1989-01-23	0	3.45	25	9
1989-01-24	0	4.5	26	9
1989-01-25	0	3.85	28	7
1989-01-26	0	5.7	28	8
1989-01-27	0	3.65	24	8
1989-01-28	2.3	4.45	26	9
1989-01-29	6.5	2.55	27	10
1989-01-30	0	3.15	19	10
1989-01-31	0	3.4	25	9
1989-02-01	0	5.45	28	7
1989-02-02	0	4.9	30	10
1989-02-03	0	1.1	27	10
1989-02-04	0	4.3	28	9
1989-02-05	31.5	5.4	28	11
1989-02-06	0	3.15	25	10
1989-02-07	0	4.15	22	10
1989-02-08	0	4.6	18	10
1989-02-09	0	2.2	17	10
1989-02-10	0	4.45	18	9
1989-02-11	0	3.7	27	8
1989-02-12	0	5.15	28	8
1989-02-13	0	5.35	27	10
1989-02-14	0	5.65	30	10
1989-02-15	0	6.5	30	10
1989-02-16	1	4.7	23	10
1989-02-17	0	3.95	23	10
1989-02-18	0	3.65	22	12
1989-02-19	0	2.85	28	8
1989-02-20	0	4.85	28	10
1989-02-21	0	5.7	28	11
1989-02-22	0	4.45	18	8
1989-02-23	0	4.75	19	4
1989-02-24	0	3.6	23	0
1989-02-25	0	4.3	24	2
1989-02-26	0	5.25	27	2
1989-02-27	0	5.85	30	5
1989-02-28	0	6.85	30	7
1989-03-01	0	7.15	32	10
1989-03-02	0	2.85	31	10
1989-03-03	0	6.85	32	8
1989-03-04	0	5.6	28	11
1989-03-05	0	6.1	28	9
1989-03-06	0	6.45	15	6
1989-03-07	0	7.8	21	2
1989-03-08	0	3.6	24	1
1989-03-09	0	6.6	22	1
1989-03-10	0	6.85	22	1
1989-03-11	0	7	26	1
1989-03-12	0	7.75	29	2
1989-03-13	0	6.75	29	2
1989-03-14	0	8.2	31	6
1989-03-15	0	8.15	33	9
1989-03-16	0	6.4	30	10
1989-03-17	0	7.25	30	9
1989-03-18	0	7.25	30	10
1989-03-19	0	6.65	29	9
1989-03-20	0	6.7	30	10
1989-03-21	0	5.8	28	10
1989-03-22	0	7.25	27	11
1989-03-23	0	6.65	28	7
1989-03-24	0	8.4	30	10
1989-03-25	0	6.7	27	10
1989-03-26	0	8.35	29	10
1989-03-27	0	8.75	32	9
1989-03-28	0	7.7	31	10
1989-03-29	0	10.55	32	9
1989-03-30	0	8.75	32	10
1989-03-31	0	7.6	26	10
1989-04-01	0	9.05	29	10
1989-04-02	1	6.45	32	10
1989-04-03	0	8.4	30	11
1989-04-04	8.7	8.7	30	10
1989-04-05	0	5.8	25	10
1989-04-06	0	7.65	25	9
1989-04-07	0	8.2	27	7
1989-04-08	0	7.58	31	7
1989-04-09	0	10.31	33	10
1989-04-10	0	7.66	30	11
1989-04-11	0	6.95	28	11
1989-04-12	0	7.6	30	8
1989-04-13	0	7.1	28	10
1989-04-14	0	8.1	28	10
1989-04-15	0	7.6	30	11
1989-04-16	0	8.35	29	10
1989-04-17	0	8.85	30	10
1989-04-18	0	6.6	29	10
1989-04-19	0	6.85	28	9
1989-04-20	0	4.6	28	8
1989-04-21	0	9.3	29	9
1989-04-22	0	8.8	31	10
1989-04-23	0	8.55	33	9
1989-04-24	0	10.25	34	10
1989-04-25	0	9.8	32	11
1989-04-26	0	7.8	31	11
1989-04-27	13	8	30	10
1989-04-28	0	8.55	30	12
1989-04-29	0	10.25	32	11
1989-04-30	0	9.05	30	15
1989-05-01	0	7.65	30	14
1989-05-02	0	7.1	30	13
1989-05-03	0	7.88	29	13
1989-05-04	7.5	7.72	32	11
1989-05-05	0	7.8	30	10
1989-05-06	0	6.5	27	14
1989-05-07	0	6.95	28	14
1989-05-08	0	8.15	30	10
1989-05-09	4.5	9.25	32	14
1989-05-10	0	8.25	30	10
1989-05-11	0	7.5	30	13
1989-05-12	0	10.1	32	14
1989-05-13	0	5.15	31	14
1989-05-14	0	8.7	30	15
1989-05-15	0	10.05	33	14
1989-05-16	0	10.9	35	15
1989-05-17	0	10.65	35	15
1989-05-18	0	10.65	37	15
1989-05-19	0	10.9	34	14
1989-05-20	0	10.4	34	17
1989-05-21	0	10.45	34	16
1989-05-22	0	10.85	32	14
1989-05-23	0	8.65	33	13
1989-05-24	0	8.55	32	14
1989-05-25	0	8.45	31	12
1989-05-26	0	7.8	30	12
1989-05-27	0	8.4	29	13
1989-05-28	0	7.15	27	12
1989-05-29	0	7.7	30	14
1989-05-30	0	7.7	28	12
1989-05-31	0	9.23	30	13
1989-06-01	8	9.27	30	14
1989-06-02	0	6.85	30	13
1989-06-03	0	10.85	33	14
1989-06-04	0	10.2	34	14
1989-06-05	0	10.5	35	15
1989-06-06	0	10.2	35	15
1989-06-07	0	10.7	38	16
1989-06-08	0	10.8	35	19
1989-06-09	0	10.8	34	16
1989-06-10	0	10.2	34	17
1989-06-11	0	10.4	32	15
1989-06-12	3.4	8.1	32	14
1989-06-13	0	8.7	31	15
1989-06-14	0	8.3	30	17
1989-06-15	0	9.15	31	14
1989-06-16	0	7.55	25	14
1989-06-17	0	8.15	27	10
1989-06-18	0	7.75	26	10
1989-06-19	0	7.65	28	11
1989-06-20	0	7.6	25	10
1989-06-21	8.4	5	26	11
1989-06-22	4	4.35	20	10
1989-06-23	0	5.6	26	9
1989-06-24	0	8.85	30	11
1989-06-25	42	9.45	30	13
1989-06-26	12.9	7.1	28	15
1989-06-27	6.5	7.8	28	15
1989-06-28	0	6.9	27	14
1989-06-29	0	6	28	13
1989-06-30	0	5.7	28	11
1989-07-01	9	9.33	30	14
1989-07-02	0	9.63	29	14
1989-07-03	0	8.4	30	13
1989-07-04	0	7.45	30	15
1989-07-05	0	7.45	28	15
1989-07-06	0	3.3	24	14
1989-07-07	0	6.85	27	12
1989-07-08	0	7.2	26	14
1989-07-09	0	6.85	28	15
1989-07-10	0	8.5	29	14
1989-07-11	0	8.2	27	14
1989-07-12	0	6.5	24	15
1989-07-13	0	5.85	26	15
1989-07-14	0	5.85	27	13
1989-07-15	0	5.2	27	14
1989-07-16	0	7.2	28	15
1989-07-17	0	10.5	33	14
1989-07-18	0	9.6	31	12
1989-07-19	0	9.05	30	14
1989-07-20	0	8.15	28	14
1989-07-21	0	7.8	29	10
1989-07-22	0	6.85	30	12
1989-07-23	4	9.9	30	12
1989-07-24	0	6.45	28	15
1989-07-25	0	7.2	26	14
1989-07-26	0	7.5	27	15
1989-07-27	0	6.8	26	15
1989-07-28	0	6.85	25	16
1989-07-29	0	8.15	27	15
1989-07-30	41.5	8.19	30	15
1989-07-31	9.5	4.5	26	14
1989-08-01	0	5.4	29	16
1989-08-02	0	6.95	28	15
1989-08-03	0	8.15	29	13
1989-08-04	1.9	6	30	17
1989-08-05	22.5	8.95	27	15
1989-08-06	15.8	7.75	29	15
1989-08-07	21	9	30	15
1989-08-08	0	3.9	25	15
1989-08-09	0	5.35	25	15
1989-08-10	1	8.65	25	15
1989-08-11	0	6.95	26	14
1989-08-12	0	5.55	25	12
1989-08-13	0	5.45	27	12
1989-08-14	0	4.75	27	12
1989-08-15	0	5.9	28	14
1989-08-16	0	4.5	27	13
1989-08-17	0	5.45	29	14
1989-08-18	0	3.6	26	15
1989-08-19	0	5.65	30	15
1989-08-20	0	7.2	29	14
1989-08-21	0	6.45	28	14
1989-08-22	0	6.5	30	14
1989-08-23	9.3	2.85	29	17
1989-08-24	14.1	2.64	25	15
1989-08-25	2	6.66	25	15
1989-08-26	0	7.15	27	14
1989-08-27	0	8.15	27	14
1989-08-28	0	6.75	25	15
1989-08-29	4.9	8.65	29	14
1989-08-30	0	8.85	28	16
1989-08-31	0	8.05	28	15
1989-09-01	0	5.2	27	16
1989-09-02	0	6.2	25	15
1989-09-03	0	7.2	27	16
1989-09-04	0	5.25	26	16
1989-09-05	0	5.35	25	14
1989-09-06	0	6.4	27	15
1989-09-07	0	5.7	28	16
1989-09-08	0	8.25	29	14
1989-09-09	0	5.65	30	15
1989-09-10	0	6.7	30	15
1989-09-11	0	8.15	29	15
1989-09-12	0	6.4	30	14
1989-09-13	0	7.35	28	13
1989-09-14	0	6.15	29	14
1989-09-15	0	4.75	24	14
1989-09-16	0	5.85	23	15
1989-09-17	3.5	6.75	20	15
1989-09-18	6.3	7.6	24	15
1989-09-19	1	5.4	23	15
1989-09-20	0	5.25	25	13
1989-09-21	14.3	7.05	28	15
1989-09-22	6	6	26	15
1989-09-23	0	4.4	21	14
1989-09-24	0	5.05	18	10
1989-09-25	0	6.3	25	6
1989-09-26	0	4.5	23	9
1989-09-27	5	4.85	20	10
1989-09-28	0	5.25	20	10
1989-09-29	0	3.75	19	12
1989-09-30	0	4.5	25	9
1989-10-01	0	5.9	27	7
1989-10-02	0	5.55	30	6
1989-10-03	0	5.12	30	7
1989-10-04	0	6.18	29	7
1989-10-05	0	4.8	31	11
1989-10-06	0	5.45	29	14
1989-10-07	0	7.5	29	14
1989-10-08	0	4.75	26	13
1989-10-09	0	5.2	25	14
1989-10-10	0	2.35	25	14
1989-10-11	0	6.45	26	14
1989-10-12	0	4.6	27	10
1989-10-13	0	6.5	28	7
1989-10-14	0	5.3	29	6
1989-10-15	0	5.2	29	9
1989-10-16	0	4.95	30	8
1989-10-17	0	7.75	28	10
1989-10-18	0	5.2	19	13
1989-10-19	0	3.9	15	10
1989-10-20	0	3.25	24	7
1989-10-21	0	5.85	28	5
1989-10-22	0	6.5	29	6
1989-10-23	0	5.15	28	5
1989-10-24	0	5.35	29	6
1989-10-25	0	5.45	25	6
1989-10-26	0	5.2	26	12
1989-10-27	0	3.65	27	9
1989-10-28	0	5.85	28	8
1989-10-29	0	6.25	29	8
1989-10-30	0	4.65	27	10
1989-10-31	0	6.5	27	10
1989-11-01	0	5.3	30	10
1989-11-02	0	4.9	24	10
1989-11-03	0	4.95	26	10
1989-11-04	0	5.65	29	9
1989-11-05	0	4.35	31	8
1989-11-06	0	5.5	30	10
1989-11-07	0	5.6	31	10
1989-11-08	59.7	4.7	30	10
1989-11-09	0	4.75	27	10
1989-11-10	0	4.35	26	11
1989-11-11	0	3.95	27	13
1989-11-12	0	5.4	27	10
1989-11-13	0	2.45	30	10
1989-11-14	0	5.4	30	8
1989-11-15	0	5.1	30	7
1989-11-16	0	2.6	20	8
1989-11-17	0	4.6	28	7
1989-11-18	0	3.9	28	10
1989-11-19	0	3.7	27	10
1989-11-20	0	1.85	26	10
1989-11-21	0	4.75	30	7
1989-11-22	0	3.7	29	8
1989-11-23	0	5.25	21	10
1989-11-24	0	3.65	24	8
1989-11-25	0	5.3	27	10
1989-11-26	0	3.6	28	10
1989-11-27	0	4.1	29	10
1989-11-28	0	4.04	29	10
1989-11-29	0	5.31	20	11
1989-11-30	0	3.55	26	10
1989-12-01	0	5.6	25	8
1989-12-02	1.5	5.2	25	10
1989-12-03	0	4	16	9
1989-12-04	2.3	5.2	18	8
1989-12-05	0	3.8	25	8
1989-12-06	2	4.1	27	9
1989-12-07	8.5	3	20	10
1989-12-08	0	2.45	15	8
1989-12-09	0	2.85	20	7
1989-12-10	0	4.17	24	8
1989-12-11	0	3.83	25	5
1989-12-12	0	4.5	28	9
1989-12-13	0	4.8	26	7
1989-12-14	0	5.7	27	5
1989-12-15	0	4.3	27	7
1989-12-16	0	4.6	29	6
1989-12-17	0	4	29	8
1989-12-18	0	4.4	28	8
1989-12-19	0	2.25	26	9
1989-12-20	0	3.9	28	9
1989-12-21	0	4.5	29	9
1989-12-22	0	2.2	25	8
1989-12-23	0	4.5	13	5
1989-12-24	0	4	23	1
1989-12-25	0	3.9	23	0
1989-12-26	0	3.8	24	2
1989-12-27	0	3.9	27	3
1989-12-28	0	5.4	27	3
1989-12-29	0	6	29	5
1989-12-30	0	3.6	29	7
1989-12-31	0	5.7	30	5
1990-01-01	0	4.35	22	7
1990-01-02	0	3.8	27	8
1990-01-03	0	4.05	25	6
1990-01-04	0	3.95	28	6
1990-01-05	0	4.2	29	8
1990-01-06	0	5.3	29	8
1990-01-07	0	4.6	26	5
1990-01-08	0	5.72	26	4
1990-01-09	0	4.08	27	5
1990-01-10	0	3.9	25	7
1990-01-11	0	2.3	25	8
1990-01-12	0	4.4	27	10
1990-01-13	0	2.7	20	10
1990-01-14	0	3.1	26	7
1990-01-15	0	3.9	26	6
1990-01-16	0	4.4	28	8
1990-01-17	0	2.5	28	8
1990-01-18	0	4.1	29	9
1990-01-19	0	3.95	30	9
1990-01-20	0	4.5	30	10
1990-01-21	0	3.8	27	10
1990-01-22	0	4.3	25	7
1990-01-23	0	5.2	30	6
1990-01-24	0	5.05	30	8
1990-01-25	0	2.3	20	14
1990-01-26	0	5.45	25	10
1990-01-27	0	4.85	29	6
1990-01-28	0	5.13	30	8
1990-01-29	0	3.92	24	9
1990-01-30	0	4.03	27	9
1990-01-31	0	4.27	28	8
1990-02-01	0	4.1	25	10
1990-02-02	0	1.6	30	6
1990-02-03	0	3.8	26	9
1990-02-04	0	5.4	28	10
1990-02-05	0	3.95	27	6
1990-02-06	0	3.95	25	5
1990-02-07	0	2.5	25	8
1990-02-08	11	4	29	8
1990-02-09	0	3.85	28	9
1990-02-10	0	5.1	30	10
1990-02-11	0	6.65	27	9
1990-02-12	0	5.9	26	7
1990-02-13	0	5.9	30	5
1990-02-14	0	7.8	30	10
1990-02-15	0	7.35	30	10
1990-02-16	0	2.6	28	8
1990-02-17	18.4	8.6	28	10
1990-02-18	0	6.5	25	9
1990-02-19	0	8.5	25	10
1990-02-20	5.5	1	20	10
1990-02-21	0	5.25	25	6
1990-02-22	0	3.8	28	5
1990-02-23	0	5.95	22	8
1990-02-24	0	6.45	20	4
1990-02-25	0	5.15	22	4
1990-02-26	0	4.35	25	5
1990-02-27	0	6.3	22	8
1990-02-28	0	3.6	28	8
1990-03-01	0	5.4	28	10
1990-03-02	0	5.05	28	8
1990-03-03	0	4.5	28	7
1990-03-04	0	5.7	29	5
1990-03-05	0	5.4	30	8
1990-03-06	0	6.3	32	9
1990-03-07	0	10.65	33	10
1990-03-08	0	6.83	29	10
1990-03-09	0	5.52	27	12
1990-03-10	0	5.2	30	9
1990-03-11	0	4.75	28	9
1990-03-12	0	6.5	30	9
1990-03-13	0	4.6	32	10
1990-03-14	0	10.1	33	10
1990-03-15	0	9.1	32	14
1990-03-16	0	3.5	31	13
1990-03-17	0	4	21	10
1990-03-18	0	6.15	30	6
1990-03-19	0	7.05	29	10
1990-03-20	0	4.15	17	10
1990-03-21	0	4.45	25	9
1990-03-22	0	6.05	30	5
1990-03-23	0	5.9	30	7
1990-03-24	0	7.85	29	8
1990-03-25	0	8.65	30	10
1990-03-26	0	7.4	26	10
1990-03-27	0	4.4	28	10
1990-03-28	0	8.05	30	12
1990-03-29	0	9.6	30	14
1990-03-30	0	7.35	30	13
1990-03-31	0	6.1	30	13
1990-04-01	0	8.12	23	14
1990-04-02	0	7.88	32	12
1990-04-03	0	7.7	30	11
1990-04-04	0	6.55	31	15
1990-04-05	0	11	33	11
1990-04-06	0	6.1	32	12
1990-04-07	0	6.3	27	11
1990-04-08	0	6.1	32	9
1990-04-09	0	6.2	33	11
1990-04-10	0	8.3	34	13
1990-04-11	0	7.1	29	12
1990-04-12	0	5.5	22	10
1990-04-13	0	8.2	31	10
1990-04-14	0	7.8	30	12
1990-04-15	0	9.35	31	13
1990-04-16	0	6.6	30	10
1990-04-17	0	10.3	33	10
1990-04-18	0	7.8	32	14
1990-04-19	0	7.1	29	13
1990-04-20	0	6.6	29	11
1990-04-21	0	7.45	28	12
1990-04-22	0	6.65	27	11
1990-04-23	3	7.05	30	11
1990-04-24	0	3.6	29	13
1990-04-25	0	7.1	28	14
1990-04-26	0	8.05	30	13
1990-04-27	0	2.95	30	15
1990-04-28	0	12.7	31	14
1990-04-29	0	9.45	33	14
1990-04-30	0	8.75	34	13
1990-05-01	0	2.24	32	15
1990-05-02	0	1.3	35	15
1990-05-03	1	10.4	35	15
1990-05-04	0	6.6	27	16
1990-05-05	0	8.13	29	14
1990-05-06	0	6.47	18	14
1990-05-07	8	7.65	22	12
1990-05-08	0	6.75	27	13
1990-05-09	0	9.3	30	14
1990-05-10	0	7.9	32	13
1990-05-11	0	11	34	14
1990-05-12	2	4.65	32	15
1990-05-13	0	7.65	30	15
1990-05-14	0	8.1	31	14
1990-05-15	0	7	32	13
1990-05-16	0	8.5	33	12
1990-05-17	0	6.25	30	14
1990-05-18	0	7.8	30	13
1990-05-19	0	7.75	31	14
1990-05-20	0	7.65	33	14
1990-05-21	7.5	12	30	14
1990-05-22	3	9.15	29	13
1990-05-23	0	6.85	28	10
1990-05-24	0	7.75	30	11
1990-05-25	0	9.85	33	13
1990-05-26	0	9.25	35	13
1990-05-27	0	11.6	35	14
1990-05-28	0	10.65	37	14
1990-05-29	0	11.4	35	17
1990-05-30	0	7.6	35	15
1990-05-31	0	1.45	33	14
1990-06-01	0	11.15	35	15
1990-06-02	0	7.65	30	15
1990-06-03	0	9.95	30	14
1990-06-04	0	8.1	29	15
1990-06-05	0	9.3	30	15
1990-06-06	6	2.6	29	14
1990-06-07	0	9.2	30	13
1990-06-08	8.5	2	30	14
1990-06-09	0	6.6	29	14
1990-06-10	0	9.1	30	14
1990-06-11	0	7.6	28	15
1990-06-12	0	9.5	29	15
1990-06-13	38.7	9.66	31	13
1990-06-14	0	7.25	30	15
1990-06-15	0	8.15	30	16
1990-06-16	0	8.2	30	13
1990-06-17	0	8.05	29	14
1990-06-18	0	7.55	29	15
1990-06-19	0	8	30	14
1990-06-20	15.5	6.48	30	15
1990-06-21	30.5	4.26	28	15
1990-06-22	0	6.4	28	15
1990-06-23	0	6.75	26	15
1990-06-24	0	7.25	25	15
1990-06-25	0	6.8	24	12
1990-06-26	0	8.3	26	13
1990-06-27	0	7.4	28	13
1990-06-28	0	7.6	29	13
1990-06-29	0	7.5	27	14
1990-06-30	1.7	8.1	26	15
1990-07-01	10.5	4.48	27	15
1990-07-02	7.5	2.42	24	15
1990-07-03	3.7	4.9	25	15
1990-07-04	0	5.7	28	16
1990-07-05	0	7.25	27	14
1990-07-06	0	5.15	27	14
1990-07-07	49.3	5.32	29	15
1990-07-08	4	5.4	24	15
1990-07-09	0	5.7	25	11
1990-07-10	0	6.8	26	12
1990-07-11	0	7.65	25	15
1990-07-12	0	4	27	15
1990-07-13	0	3.55	22	15
1990-07-14	0	5.25	28	13
1990-07-15	0	4.8	28	15
1990-07-16	0	5.45	29	16
1990-07-17	0	4.8	29	14
1990-07-18	0	8.5	29	15
1990-07-19	0	3.3	27	15
1990-07-20	0	5.1	26	13
1990-07-21	0	6.15	27	15
1990-07-22	0	6.15	27	15
1990-07-23	0	4.8	26	15
1990-07-24	0	6.2	27	14
1990-07-25	0	6.7	28	14
1990-07-26	0	7.45	29	14
1990-07-27	0	6.75	29	15
1990-07-28	0	7.15	30	13
1990-07-29	8.3	8.3	30	15
1990-07-30	0	4.45	28	15
1990-07-31	0	4.85	27	15
1990-08-01	10.5	3.95	30	15
1990-08-02	0	5.75	27	15
1990-08-03	0	4.05	28	14
1990-08-04	0	6.85	28	15
1990-08-05	0	7.04	27	17
1990-08-06	2	4.41	25	14
1990-08-07	75.2	4.55	20	15
1990-08-08	0	3.05	24	13
1990-08-09	0	5.1	25	14
1990-08-10	0	6.45	27	15
1990-08-11	0	7.8	27	15
1990-08-12	2.5	8.75	29	17
1990-08-13	0	6.85	29	16
1990-08-14	0	6.85	28	15
1990-08-15	0	7.25	28	17
1990-08-16	0	6.85	28	16
1990-08-17	0	4.9	27	14
1990-08-18	0	4.6	28	14
1990-08-19	0	6.3	27	13
1990-08-20	0	5.5	28	12
1990-08-21	0	7.5	28	12
1990-08-22	0	8.09	28	13
1990-08-23	0	5.51	28	15
1990-08-24	0	6.15	27	16
1990-08-25	0	7.05	29	15
1990-08-26	0	3.75	30	15
1990-08-27	0	5.55	29	12
1990-08-28	0	7.4	30	12
1990-08-29	0	5.95	31	13
1990-08-30	0	7.2	28	14
1990-08-31	0	5.95	30	14
1990-09-01	0	3.3	29	13
1990-09-02	0	5.3	28	12
1990-09-03	0	4.2	25	15
1990-09-04	0	4.1	25	15
1990-09-05	0	4.05	25	15
1990-09-06	0	2.3	24	15
1990-09-07	0	4.5	28	14
1990-09-08	0	5.4	28	15
1990-09-09	0	4.8	27	15
1990-09-10	4	3.7	29	15
1990-09-11	0	5.2	27	15
1990-09-12	7.3	1.1	26	15
1990-09-13	16.2	4.7	28	14
1990-09-14	0	4.8	27	15
1990-09-15	0	5.85	28	12
1990-09-16	0	4.7	26	14
1990-09-17	0	7.55	28	12
1990-09-18	6.3	5	28	15
1990-09-19	2.3	7.7	27	17
1990-09-20	0	6.6	30	14
1990-09-21	0	8.35	30	15
1990-09-22	0	5.85	28	15
1990-09-23	0	4.5	25	14
1990-09-24	0	2.2	27	15
1990-09-25	0	7.2	28	12
1990-09-26	0	5.75	27	13
1990-09-27	0	6.2	27	11
1990-09-28	0	6.75	28	11
1990-09-29	0	4.9	28	11
1990-09-30	0	5.85	27	10
1990-10-01	0	6.15	27	10
1990-10-02	0	8.25	30	12
1990-10-03	0	6.9	31	14
1990-10-04	0	5.3	29	13
1990-10-05	0	7.15	26	14
1990-10-06	0	4	26	15
1990-10-07	0	7.18	30	11
1990-10-08	0	5.12	30	12
1990-10-09	0	9.25	30	13
1990-10-10	0	2.44	25	15
1990-10-11	0	2.86	29	12
1990-10-12	1.7	6.13	30	13
1990-10-13	0	4.14	27	15
1990-10-14	0	5.9	30	14
1990-10-15	0	4.7	27	12
1990-10-16	5	6.25	30	13
1990-10-17	0	5.04	26	13
1990-10-18	0	6.79	25	14
1990-10-19	0	5.02	24	15
1990-10-20	1	5.19	27	14
1990-10-21	13	4.91	30	14
1990-10-22	4.6	4.35	20	14
1990-10-23	0	4.95	26	12
1990-10-24	0	2.6	20	12
1990-10-25	0	3.15	25	9
1990-10-26	0	3.95	21	10
1990-10-27	0	4.4	20	10
1990-10-28	0	4.05	19	9
1990-10-29	0	3.65	22	10
1990-10-30	0	4.25	25	12
1990-10-31	0	3.75	25	10
1990-11-01	0	3.95	25	6
1990-11-02	0	2.7	27	8
1990-11-03	0	3.5	29	9
1990-11-04	0	5.65	29	8
1990-11-05	0	3.45	28	10
1990-11-06	0	5.5	30	10
1990-11-07	0	5.8	30	11
1990-11-08	0	6.85	30	11
1990-11-09	0	4.4	26	12
1990-11-10	0	5.05	26	8
1990-11-11	0	4.6	24	4
1990-11-12	0	3.7	22	2
1990-11-13	0	4.6	20	5
1990-11-14	0	3.3	22	8
1990-11-15	0	4.6	26	10
1990-11-16	0	6.63	25	13
1990-11-17	0	4.07	26	12
1990-11-18	0	4.2	26	10
1990-11-19	0	4.63	29	6
1990-11-20	0	3.97	30	6
1990-11-21	0	5.7	30	9
1990-11-22	0	3.8	30	10
1990-11-23	0	3.9	28	10
1990-11-24	0	3.07	28	10
1990-11-25	0	5.23	30	8
1990-11-26	0	4	30	8
1990-11-27	0	4.5	29	10
1990-11-28	0	3.6	29	10
1990-11-29	0	2.45	18	11
1990-11-30	0	3.65	20	7
1990-12-01	0	2.5	28	7
1990-12-02	0	4.1	28	8
1990-12-03	0	4.6	28	9
1990-12-04	0	3.9	20	9
1990-12-05	0	3.5	25	7
1990-12-06	0	4.55	25	5
1990-12-07	0	4.55	17	7
1990-12-08	0	2.75	17	5
1990-12-09	0	4.35	21	5
1990-12-10	0	2.9	24	3
1990-12-11	0	3.2	25	0
1990-12-12	0	4.1	28	1
1990-12-13	0	3.75	28	3
1990-12-14	0	3.8	28	3
1990-12-15	0	6.4	29	3
1990-12-16	0	5.1	30	2
1990-12-17	0	5.6	30	5
1990-12-18	0	3.9	30	7
1990-12-19	0	5.3	30	7
1990-12-20	0	5.3	30	8
1990-12-21	0	3.79	29	5
1990-12-22	0	5.43	29	5
1990-12-23	0	4.18	30	6
1990-12-24	0	6.7	21	7
1990-12-25	0	4.1	28	3
1990-12-26	0	4.5	28	7
1990-12-27	0	5.4	28	5
1990-12-28	0	3.72	28	5
1990-12-29	0	3.73	27	5
1990-12-30	0	4.29	29	8
1990-12-31	0	3.86	24	9
1991-01-01	0	3.35	28	10
1991-01-02	0	2.48	27	7
1991-01-03	0	4.37	25	6
1991-01-04	0	3.87	25	8
1991-01-05	0	3.48	27	9
1991-01-06	0	5.65	28	10
1991-01-07	0	3.8	25	9
1991-01-08	0	3.4	26	9
1991-01-09	0	3.75	25	9
1991-01-10	0	3.7	27	10
1991-01-11	0	3.7	28	11
1991-01-12	0	3.9	25	8
1991-01-13	0	5.25	25	7
1991-01-14	0	6.05	26	6
1991-01-15	0	4.1	28	8
1991-01-16	0	3.6	28	4
1991-01-17	0	6.4	28	5
1991-01-18	0	4.85	28	5
1991-01-19	0	5.85	29	5
1991-01-20	0	4.68	29	4
1991-01-21	0	5.62	28	7
1991-01-22	0	2.4	30	7
1991-01-23	0	4.9	29	9
1991-01-24	0	3.1	25	11
1991-01-25	0	5.45	26	10
1991-01-26	0	3.85	27	9
1991-01-27	0	5	29	8
1991-01-28	0	5.93	28	10
1991-01-29	0	5.97	30	12
1991-01-30	0	8.25	30	10
1991-01-31	0	3.95	18	7
1991-02-01	0	2.35	25	4
1991-02-02	0	4.88	25	5
1991-02-03	3.1	4.97	27	9
1991-02-04	0	1.55	25	10
1991-02-05	2.5	4.25	26	8
1991-02-06	0	4.55	26	9
1991-02-07	0	2.48	25	10
1991-02-08	0	3.47	15	7
1991-02-09	0	3.95	28	7
1991-02-10	0	3.45	28	5
1991-02-11	0	5.15	27	5
1991-02-12	0	4.5	30	6
1991-02-13	0	6.65	30	7
1991-02-14	0	3.85	30	8
1991-02-15	0	6.7	28	9
1991-02-16	0	6.68	29	9
1991-02-17	0	4.37	30	8
1991-02-18	0	4.6	31	9
1991-02-19	0	9.3	32	10
1991-02-20	0	6.45	25	10
1991-02-21	0	6.4	30	6
1991-02-22	0	4.65	28	5
1991-02-23	0	5.25	28	6
1991-02-24	0	6.95	30	8
1991-02-25	0	6	30	8
1991-02-26	0	5.95	29	8
1991-02-27	0	1.6	30	7
1991-02-28	0	2.2	34	8
1991-03-01	0	6.45	30	10
1991-03-02	0	11.05	32	12
1991-03-03	0	6.61	30	8
1991-03-04	0	6.74	25	5
1991-03-05	0	8.3	34	3
1991-03-06	0	6.55	35	4
1991-03-07	0	4.7	37	8
1991-03-08	0	9.2	36	11
1991-03-09	0	5.75	25	10
1991-03-10	0	5.05	26	10
1991-03-11	0	6.73	34	6
1991-03-12	0	10.17	33	5
1991-03-13	0	9.25	34	9
1991-03-14	0	7.18	34	13
1991-03-15	0	7.75	33	13
1991-03-16	0	7.3	35	11
1991-03-17	0	9.7	36	10
1991-03-18	0	8.05	32	10
1991-03-19	0	5.35	35	10
1991-03-20	0	9.75	35	12
1991-03-21	0	9.4	35	13
1991-03-22	0	5.55	34	10
1991-03-23	0	7.65	34	11
1991-03-24	0	7.15	31	10
1991-03-25	0	8.05	35	10
1991-03-26	0	8.95	35	11
1991-03-27	0	9	35	11
1991-03-28	0	11.5	35	14
1991-03-29	0	4.3	33	13
1991-03-30	0	6.8	33	10
1991-03-31	0	7.15	25	10
1991-04-01	0	10.95	28	6
1991-04-02	0	2.85	33	6
1991-04-03	0	7.15	34	8
1991-04-04	0	8.35	35	11
1991-04-05	0	3.6	29	12
1991-04-06	0	7.5	30	13
1991-04-07	0	6.2	30	12
1991-04-08	0	5.35	32	10
1991-04-09	0	9.5	34	10
1991-04-10	0	7	30	11
1991-04-11	0	6.8	31	10
1991-04-12	0	7.85	35	11
1991-04-13	0	8.1	35	12
1991-04-14	0	8.65	35	15
1991-04-15	1.3	7.7	33	14
1991-04-16	0	7.7	34	12
1991-04-17	0	10.7	34	13
1991-04-18	0	7.3	34	13
1991-04-19	0	7.93	35	14
1991-04-20	0	9.22	33	14
1991-04-21	0	9.35	35	14
1991-04-22	0	2.6	34	15
1991-04-23	0	7.45	35	14
1991-04-24	0	9.15	36	15
1991-04-25	0	8.5	36	15
1991-04-26	0	8.52	35	15
1991-04-27	0	9.03	35	15
1991-04-28	0	12.45	35	14
1991-04-29	0	6.15	34	17
1991-04-30	3.3	7.15	35	14
1991-05-01	0	8.15	34	15
1991-05-02	0	7.8	35	15
1991-05-03	0	8.53	35	15
1991-05-04	0	8.72	37	15
1991-05-05	0	7.1	35	17
1991-05-06	0	2.9	31	14
1991-05-07	4.3	8.15	33	15
1991-05-08	0	7.55	33	13
1991-05-09	0	9.3	31	15
1991-05-10	0	8.2	32	14
1991-05-11	0	8.05	31	13
1991-05-12	0	8.05	30	13
1991-05-13	0	4.5	30	12
1991-05-14	0	7.35	28	13
1991-05-15	0	7.7	35	14
1991-05-16	0	8.05	34	15
1991-05-17	0	9.06	34	15
1991-05-18	0	10.89	35	15
1991-05-19	0	10.2	34	15
1991-05-20	0	6.65	33	14
1991-05-21	0	6.5	34	16
1991-05-22	0	7.4	35	15
1991-05-23	0	9.43	35	17
1991-05-24	0	8.72	36	16
1991-05-25	0	8.25	35	16
1991-05-26	0	10.01	35	15
1991-05-27	6.7	6.15	34	15
1991-05-28	6.3	9	30	15
1991-05-29	0	4.52	29	15
1991-05-30	0	8.73	34	14
1991-05-31	0	8.4	35	15
1991-06-01	0	8.8	35	15
1991-06-02	0	8.2	34	16
1991-06-03	7.5	4.5	30	15
1991-06-04	0	9.45	32	15
1991-06-05	0	8.27	34	15
1991-06-06	0	8.98	30	14
1991-06-07	0	7.95	30	15
1991-06-08	9	8.55	30	15
1991-06-09	0	5.2	31	14
1991-06-10	5.5	7.55	30	15
1991-06-11	0	4.85	25	15
1991-06-12	0	6.3	30	15
1991-06-13	0	7.35	30	15
1991-06-14	0	5.55	34	17
1991-06-15	3.5	9.7	28	17
1991-06-16	0	5.7	25	16
1991-06-17	24.5	8.5	30	18
1991-06-18	0	6.3	26	15
1991-06-19	0	6.2	27	15
1991-06-20	0	6.75	30	14
1991-06-21	0	4.75	26	15
1991-06-22	0	6.1	30	14
1991-06-23	0	6.4	28	15
1991-06-24	0	6.6	26	14
1991-06-25	0	7.3	27	14
1991-06-26	11.8	2.6	25	14
1991-06-27	0	8.2	26	15
1991-06-28	0	6.85	27	16
1991-06-29	0	5.15	30	15
1991-06-30	7	3.95	28	17
1991-07-01	0	4	30	17
1991-07-02	30	4.15	24	15
1991-07-03	10	10	30	15
1991-07-04	10	10	25	15
1991-07-05	6.8	8.5	25	15
1991-07-06	0	3.9	28	15
1991-07-07	5.3	10.15	29	16
1991-07-08	18.5	8.55	25	17
1991-07-09	0	5.05	25	15
1991-07-10	0	5.9	27	15
1991-07-11	5.5	4.85	26	16
1991-07-12	3.5	3.75	28	15
1991-07-13	0	5.15	28	15
1991-07-14	8.5	4.05	26	14
1991-07-15	0	3.55	25	15
1991-07-16	0	5.25	25	14
1991-07-17	0	4.9	27	15
1991-07-18	0	4.95	28	13
1991-07-19	0	5.65	29	14
1991-07-20	4.9	7.4	29	15
1991-07-21	0	5.2	27	14
1991-07-22	0	5.45	27	14
1991-07-23	0	5.6	26	15
1991-07-24	0	7.3	26	15
1991-07-25	0	4.7	27	16
1991-07-26	0	3.85	28	15
1991-07-27	0	6.95	30	15
1991-07-28	0	8.05	29	13
1991-07-29	0	6.65	29	14
1991-07-30	0	7.15	30	13
1991-07-31	0	8.23	30	10
1991-08-01	0	6.65	29	10
1991-08-02	0	6.45	30	10
1991-08-03	0	6.2	29	13
1991-08-04	0	6.1	28	13
1991-08-05	0	9.4	30	15
1991-08-06	0	8.35	29	15
1991-08-07	0	8.6	25	15
1991-08-08	0	6.7	25	15
1991-08-09	0	6.55	29	15
1991-08-10	0	6.25	29	15
1991-08-11	0	5.55	27	13
1991-08-12	0	6.85	28	14
1991-08-13	0	8.55	29	12
1991-08-14	7.9	13.65	30	12
1991-08-15	0	6.65	30	15
1991-08-16	1.3	9.65	30	14
1991-08-17	12.2	1.22	31	15
1991-08-18	6.3	11.15	30	13
1991-08-19	0	5.55	26	15
1991-08-20	0	8.35	29	12
1991-08-21	10.2	8.05	29	14
1991-08-22	0	6.85	29	13
1991-08-23	0	6.95	28	14
1991-08-24	0	6.75	28	15
1991-08-25	0	7.35	28	12
1991-08-26	0	7.85	30	14
1991-08-27	0	6.75	29	15
1991-08-28	0	7.55	30	16
1991-08-29	0	6.75	28	15
1991-08-30	0	8.4	28	14
1991-08-31	0	7.8	30	12
1991-09-01	0	7.3	30	13
1991-09-02	0	6.45	30	14
1991-09-03	0	6	30	14
1991-09-04	9	5.95	30	15
1991-09-05	5.3	8.95	29	15
1991-09-06	1.2	6.85	27	15
1991-09-07	0	3.3	26	15
1991-09-08	0	8.44	28	15
1991-09-09	0	6.66	27	14
1991-09-10	0	7.5	26	10
1991-09-11	0	5.2	27	13
1991-09-12	0	7.05	30	14
1991-09-13	3	7.25	29	18
1991-09-14	3.5	7.55	30	16
1991-09-15	4.2	7.5	29	15
1991-09-16	0	5.75	27	15
1991-09-17	4	4	25	15
1991-09-18	0	5.5	26	15
1991-09-19	0	6.2	26	16
1991-09-20	0	5.8	25	15
1991-09-21	0	5.9	25	15
1991-09-22	0	6.5	25	14
1991-09-23	0	5.8	25	15
1991-09-24	0	5.85	26	14
1991-09-25	0	6.3	25	15
1991-09-26	0	4.75	25	14
1991-09-27	0	4.65	24	10
1991-09-28	5.5	5.5	17	10
1991-09-29	0	3.3	24	10
1991-09-30	0	5.15	20	12
1991-10-01	0	5.4	24	14
1991-10-02	5.7	10.15	28	12
1991-10-03	9.8	6.3	25	15
1991-10-04	5.8	6.5	26	14
1991-10-05	15.5	1.7	25	15
1991-10-06	0	4.85	20	14
1991-10-07	1.9	5.75	20	13
1991-10-08	0	5.5	20	13
1991-10-09	0	3.78	22	12
1991-10-10	0	3.67	20	13
1991-10-11	0	3.85	23	12
1991-10-12	0	3.05	24	9
1991-10-13	0	5.25	25	5
1991-10-14	0	4.95	27	5
1991-10-15	0	5.3	27	7
1991-10-16	0	4.85	25	6
1991-10-17	0	3.65	25	7
1991-10-18	0	5.4	25	10
1991-10-19	0	4.4	26	14
1991-10-20	0	4.35	25	15
1991-10-21	0	4.95	25	13
1991-10-22	0	3.9	27	12
1991-10-23	0	4.8	28	15
1991-10-24	0	4.2	28	13
1991-10-25	0	4.75	28	11
1991-10-26	0	4.85	29	10
1991-10-27	0	5.85	29	10
1991-10-28	10.2	2.05	28	14
1991-10-29	0	5.2	29	13
1991-10-30	0	6.3	28	14
1991-10-31	4.5	9.65	28	12
1991-11-01	0	4	23	13
1991-11-02	0	4.6	25	11
1991-11-03	0	5.3	25	13
1991-11-04	0	3.4	25	12
1991-11-05	0	4.85	20	14
1991-11-06	0	5.1	25	10
1991-11-07	0	3.85	25	11
1991-11-08	0	4.05	24	12
1991-11-09	0	4.05	25	10
1991-11-10	0	5.65	27	10
1991-11-11	0	6.15	25	8
1991-11-12	0	3.77	25	8
1991-11-13	0	8.03	30	9
1991-11-14	0	6.65	29	10
1991-11-15	0	6.1	30	11
1991-11-16	0	5.6	30	10
1991-11-17	0	5	29	10
1991-11-18	0	5.3	29	10
1991-11-19	0	5.05	28	10
1991-11-20	0	3.2	22	12
1991-11-21	0	4.05	24	9
1991-11-22	0	3.95	27	5
1991-11-23	0	5.65	24	5
1991-11-24	0	3.85	25	8
1991-11-25	0	3.55	25	4
1991-11-26	0	3.3	25	8
1991-11-27	0	5.4	25	5
1991-11-28	0	3.4	26	5
1991-11-29	0	5.6	27	5
1991-11-30	0	3.7	25	7
1991-12-01	0	5.15	30	8
1991-12-02	0	3.85	28	9
1991-12-03	0	4.35	28	8
1991-12-04	0	3.9	15	7
1991-12-05	0	4.95	20	9
1991-12-06	8.5	1.75	26	5
1991-12-07	0	4.35	26	10
1991-12-08	0	5.25	25	12
1991-12-09	0	5.3	25	10
1991-12-10	0	3.85	27	7
1991-12-11	0	3.65	26	8
1991-12-12	0	3.7	27	9
1991-12-13	0	3.45	27	9
1991-12-14	0	4.65	25	10
1991-12-15	0	3.6	25	10
1991-12-16	0	3.8	26	11
1991-12-17	0	4.4	25	10
1991-12-18	7.9	4.6	26	10
1991-12-19	0	4.15	25	10
1991-12-20	0	5.4	26	10
1991-12-21	0	3.85	27	11
1991-12-22	0	3.5	26	10
1991-12-23	0	5.7	25	11
1991-12-24	0	4.6	26	13
1991-12-25	6.5	4.4	20	12
1991-12-26	0	4.1	25	8
1991-12-27	0	3.85	24	7
1991-12-28	0	5.25	25	8
1991-12-29	0	4.85	26	10
1991-12-30	0	3.9	26	11
1991-12-31	0	5.15	25	10
1992-01-01	0	3.3	25	7
1992-01-02	0	5.5	25	10
1992-01-03	0	4	26	10
1992-01-04	0	4.8	28	10
1992-01-05	0	5.25	27	12
1992-01-06	0	4.75	27	9
1992-01-07	0	3.85	26	7
1992-01-08	0	4.25	25	9
1992-01-09	0	5.38	25	10
1992-01-10	0	3.6	20	10
1992-01-11	0	2.65	25	8
1992-01-12	0	4.85	27	7
1992-01-13	0	5	27	10
1992-01-14	0	3.8	25	9
1992-01-15	2	4.3	25	8
1992-01-16	0	3.7	26	5
1992-01-17	0	5.25	25	6
1992-01-18	0	3.7	25	9
1992-01-19	0	3.15	15	8
1992-01-20	0	4.05	24	5
1992-01-21	0	5.45	28	4
1992-01-22	0	4.8	27	5
1992-01-23	1	3.85	28	9
1992-01-24	0	3.95	20	10
1992-01-25	0	4.2	22	6
1992-01-26	11.2	5.35	25	7
1992-01-27	0	3.55	20	9
1992-01-28	23.5	4.6	15	10
1992-01-29	0	1.15	15	8
1992-01-30	0	1.85	18	8
1992-01-31	6.3	0.2	15	8
1992-02-01	0	3.45	18	8
1992-02-02	15.9	0.35	20	5
1992-02-03	0	0.85	21	8
1992-02-04	0	4.55	23	5
1992-02-05	0	3.75	25	5
1992-02-06	0	4.25	25	4
1992-02-07	0	2.85	26	4
1992-02-08	0	3.85	25	6
1992-02-09	0	4.35	25	5
1992-02-10	0	4.05	26	7
1992-02-11	0	3.6	27	8
1992-02-12	0	3.9	27	8
1992-02-13	0	4.2	28	7
1992-02-14	0	5.6	28	9
1992-02-15	0	3.6	29	10
1992-02-16	0	6.5	30	10
1992-02-17	0	4.35	31	10
1992-02-18	0	4.8	30	10
1992-02-19	0	5.45	25	12
1992-02-20	0	3.9	25	10
1992-02-21	0	5.3	27	10
1992-02-22	12.5	4.4	24	11
1992-02-23	0	3.6	25	11
1992-02-24	0	5.2	25	10
1992-02-25	0	5.5	27	12
1992-02-26	0	2.4	23	10
1992-02-27	0	3.2	25	9
1992-02-28	0	3.2	24	6
1992-02-29	0	3.3	26	6
1992-03-01	0	5.25	28	7
1992-03-02	0	5.15	30	10
1992-03-03	0	4.5	30	10
1992-03-04	0	6.05	30	11
1992-03-05	0	5.95	31	10
1992-03-06	0	6.65	30	8
1992-03-07	0	6.45	31	10
1992-03-08	0	6.15	31	10
1992-03-09	0	8.15	32	10
1992-03-10	0	2.4	25	10
1992-03-11	0	4.15	25	10
1992-03-12	0	3.65	25	11
1992-03-13	0	3.05	25	12
1992-03-14	0	4.15	25	9
1992-03-15	0	5.9	29	5
1992-03-16	0	6.8	30	7
1992-03-17	0	8.4	30	10
1992-03-18	0	8.2	33	11
1992-03-19	0	6.95	33	11
1992-03-20	0	5.4	32	12
1992-03-21	0	5.9	33	11
1992-03-22	0	6.7	30	11
1992-03-23	0	6.1	30	15
1992-03-24	0	4.85	30	12
1992-03-25	0	5.85	30	12
1992-03-26	3	6.3	32	12
1992-03-27	0	5.55	30	12
1992-03-28	0	4.82	30	10
1992-03-29	0	7.53	30	12
1992-03-30	0	6	28	14
1992-03-31	2.3	5.7	28	15
1992-04-01	0	5.3	26	15
1992-04-02	0	4.45	29	14
1992-04-03	0	6.6	29	12
1992-04-04	4.5	5.25	25	12
1992-04-05	0	5	25	13
1992-04-06	0	6.25	28	10
1992-04-07	0	5.75	28	10
1992-04-08	3.2	7.1	31	12
1992-04-09	0	6.25	30	10
1992-04-10	0	5.75	30	13
1992-04-11	0	5.8	31	10
1992-04-12	0	6.75	30	12
1992-04-13	0	5.65	27	14
1992-04-14	31.2	9.2	27	10
1992-04-15	6.5	6.5	27	11
1992-04-16	0	4.2	29	13
1992-04-17	0	6.7	28	10
1992-04-18	0	7.75	29	8
1992-04-19	0	9.95	30	10
1992-04-20	0	7.5	30	12
1992-04-21	0	7.6	31	10
1992-04-22	0	5.55	31	10
1992-04-23	0	3.25	29	10
1992-04-24	2.2	4.25	28	8
1992-04-25	29.5	6.35	28	10
1992-04-26	0	4.25	25	12
1992-04-27	0	5.8	24	12
1992-04-28	0	6.28	28	10
1992-04-29	0	5.32	29	10
1992-04-30	0	6.45	30	10
1992-05-01	0	5.7	30	10
1992-05-02	2.5	6.4	30	10
1992-05-03	0	6.6	30	10
1992-05-04	0	6.2	28	10
1992-05-05	0	5.8	29	13
1992-05-06	0	5.5	25	12
1992-05-07	0	3.9	20	13
1992-05-08	0	4.75	28	9
1992-05-09	0	6.7	29	10
1992-05-10	1.9	8.9	25	12
1992-05-11	0	4.55	27	13
1992-05-12	5.9	1.35	31	15
1992-05-13	3.5	5.2	30	15
1992-05-14	27.9	6.2	30	15
1992-05-15	0	5	29	14
1992-05-16	0	5.6	29	14
1992-05-17	1.5	7.6	30	14
1992-05-18	0	4.5	27	15
1992-05-19	0	5.3	25	14
1992-05-20	0	5.3	25	14
1992-05-21	0	6.35	29	15
1992-05-22	0	6.75	30	15
1992-05-23	0	6.25	27	12
1992-05-24	0	5.7	29	12
1992-05-25	6.5	7.7	30	13
1992-05-26	0	2	30	13
1992-05-27	3	5.4	30	14
1992-05-28	0	6.85	30	14
1992-05-29	15.7	4.45	28	14
1992-05-30	0	6.45	27	15
1992-05-31	9.5	7.35	28	16
1992-06-01	0	6.6	27	15
1992-06-02	13.5	4.25	25	14
1992-06-03	1.3	2.95	25	14
1992-06-04	0	6.6	28	10
1992-06-05	24	7.1	30	13
1992-06-06	0	5.85	28	15
1992-06-07	6.5	3.1	30	15
1992-06-08	0	3.25	30	15
1992-06-09	0	5.1	30	15
1992-06-10	2.5	6.25	26	15
1992-06-11	0	5.35	27	15
1992-06-12	0	3.6	28	14
1992-06-13	0	7.35	30	14
1992-06-14	0	8.85	31	13
1992-06-15	0	6.15	30	13
1992-06-16	0	5.65	29	15
1992-06-17	0	7	30	14
1992-06-18	0	3.3	28	13
1992-06-19	0	7.1	29	15
1992-06-20	0	7.15	30	15
1992-06-21	0	6.75	29	14
1992-06-22	0	8.4	28	14
1992-06-23	0	6.85	29	12
1992-06-24	0	6.75	29	13
1992-06-25	0	8.1	32	12
1992-06-26	0	2.45	31	12
1992-06-27	0	7.75	31	11
1992-06-28	0	9.5	32	13
1992-06-29	0	7.5	33	14
1992-06-30	0	6.5	32	14
1992-07-01	0	7.8	33	15
1992-07-02	0	9.2	32	15
1992-07-03	0	8.6	30	16
1992-07-04	0	5.7	24	15
1992-07-05	0	5.2	29	15
1992-07-06	0	6.9	30	15
1992-07-07	0	8.1	30	13
1992-07-08	0	6.5	28	14
1992-07-09	0	6.8	27	15
1992-07-10	0	7	29	12
1992-07-11	0	8.65	30	13
1992-07-12	0	4.35	29	14
1992-07-13	6.2	6.5	28	13
1992-07-14	18.2	6.1	30	14
1992-07-15	0	3.9	27	15
1992-07-16	0	4.8	28	16
1992-07-17	0	2.25	28	15
1992-07-18	0	5.35	25	14
1992-07-19	4.2	7.2	27	16
1992-07-20	0	8.25	28	15
1992-07-21	0	6.65	30	17
1992-07-22	0	3.6	30	15
1992-07-23	0	8.25	30	15
1992-07-24	0	7.35	28	15
1992-07-25	0	4.5	27	14
1992-07-26	0	5.05	28	15
1992-07-27	0	4.85	29	16
1992-07-28	0	4.92	30	15
1992-07-29	1.5	4.85	29	15
1992-07-30	14.7	6.43	28	15
1992-07-31	0	5.4	27	15
1992-08-01	0	5.15	26	14
1992-08-02	0	6.05	28	12
1992-08-03	0	6.3	29	13
1992-08-04	9.2	4.2	28	14
1992-08-05	0	3.25	29	12
1992-08-06	0	4.95	29	15
1992-08-07	0	6.05	30	14
1992-08-08	0	7.35	30	14
1992-08-09	0	5.85	28	16
1992-08-10	0	3.95	24	13
1992-08-11	0	3	28	15
1992-08-12	0	6.5	30	14
1992-08-13	0	5.4	30	14
1992-08-14	0	4.85	28	14
1992-08-15	0	5.35	25	15
1992-08-16	0	4.8	27	15
1992-08-17	0	5.45	28	16
1992-08-18	0	5.8	28	17
1992-08-19	0	5.85	30	14
1992-08-20	0	5.7	30	14
1992-08-21	5.2	6.6	30	15
1992-08-22	0	5.55	29	15
1992-08-23	0	6.9	30	15
1992-08-24	4.3	6.65	28	16
1992-08-25	0	4.1	28	14
1992-08-26	0	7.8	28	14
1992-08-27	0	6.4	30	15
1992-08-28	0	8.4	30	14
1992-08-29	0	6.9	30	13
1992-08-30	0	6.9	30	12
1992-08-31	0	6.8	30	14
1992-09-01	0	5.85	29	15
1992-09-02	0	5.9	30	15
1992-09-03	0	6.8	29	13
1992-09-04	0	5.75	28	15
1992-09-05	0	7.3	29	14
1992-09-06	0	6.55	29	13
1992-09-07	0	6.15	25	17
1992-09-08	0	5.85	27	15
1992-09-09	0	5.85	28	14
1992-09-10	0	6.95	30	15
1992-09-11	0	7.4	28	15
1992-09-12	0	4.3	28	14
1992-09-13	0	11.6	28	14
1992-09-14	0	6.95	29	15
1992-09-15	0	7.2	30	17
1992-09-16	0	7.35	29	17
1992-09-17	2.4	6.4	29	15
1992-09-18	0.4	6.95	30	15
1992-09-19	0	5.25	30	13
1992-09-20	0	6.6	30	12
1992-09-21	0	2.2	28	12
1992-09-22	0	7.5	30	11
1992-09-23	0	6.1	25	15
1992-09-24	0	4.9	27	15
1992-09-25	0	3.7	27	15
1992-09-26	4	4	28	15
1992-09-27	3.5	4.95	26	16
1992-09-28	0	3.8	25	15
1992-09-29	1	4.05	18	12
1992-09-30	0	4.5	24	8
1992-10-01	0	4.65	25	7
1992-10-02	0	5.35	27	4
1992-10-03	0	4.15	24	7
1992-10-04	0	5.8	28	10
1992-10-05	0	3.65	28	12
1992-10-06	0	4.55	28	10
1992-10-07	0	5.2	25	12
1992-10-08	0	5.1	24	15
1992-10-09	0	6.35	29	15
1992-10-10	12.9	6.75	29	15
1992-10-11	0	5.15	25	15
1992-10-12	1.5	5.35	29	15
1992-10-13	0	5.2	25	15
1992-10-14	0	5.85	28	13
1992-10-15	0	5.55	29	14
1992-10-16	4.5	6.55	29	14
1992-10-17	0	5.2	26	15
1992-10-18	0	5.85	25	13
1992-10-19	0	3.6	27	13
1992-10-20	0	5	26	12
1992-10-21	0	5.15	24	13
1992-10-22	0	4.65	25	12
1992-10-23	0	3.9	24	13
1992-10-24	0	4.85	25	14
1992-10-25	0	5.25	25	13
1992-10-26	0	6.45	29	10
1992-10-27	0	6.55	30	6
1992-10-28	0	7.15	30	8
1992-10-29	0	5.75	30	10
1992-10-30	0	5.6	29	12
1992-10-31	0	7.15	30	13
1992-11-01	11	5.65	30	14
1992-11-02	0	5.1	25	14
1992-11-03	0	7.3	30	12
1992-11-04	0	6.05	27	12
1992-11-05	2.5	6.15	28	12
1992-11-06	2	5.8	25	12
1992-11-07	0	3.5	20	12
1992-11-08	0	2.6	22	13
1992-11-09	0	5.5	25	13
1992-11-10	0	4.95	27	11
1992-11-11	9	3.85	30	12
1992-11-12	0	3.9	27	15
1992-11-13	0	3.25	27	13
1992-11-14	0	3.8	25	10
1992-11-15	6.5	4.15	25	11
1992-11-16	0	4.45	24	11
1992-11-17	0	1.4	25	7
1992-11-18	2	4.15	26	10
1992-11-19	0	5.05	27	10
1992-11-20	0	5.15	24	11
1992-11-21	0	5.03	28	8
1992-11-22	0	4.47	27	6
1992-11-23	0	4.4	24	8
1992-11-24	0	3.55	28	6
1992-11-25	0	5.55	29	5
1992-11-26	0	3.5	27	8
1992-11-27	0	4.65	20	10
1992-11-28	0	2.3	25	6
1992-11-29	0	4.7	28	5
1992-11-30	0	2.95	26	5
1992-12-01	0	3.8	27	7
1992-12-02	0	2.5	25	5
1992-12-03	0	4.9	28	5
1992-12-04	0	5	28	8
1992-12-05	0	4.45	27	7
1992-12-06	0	4.85	28	5
1992-12-07	0	5.5	29	5
1992-12-08	0	6.3	30	9
1992-12-09	0	4.9	29	9
1992-12-10	0	4.4	25	6
1992-12-11	0	3.5	25	8
1992-12-12	0	5.15	28	4
1992-12-13	0	6.25	28	4
1992-12-14	0	4.4	28	1
1992-12-15	0	3.75	25	4
1992-12-16	0	4.1	25	8
1992-12-17	0	5.15	28	10
1992-12-18	0	5.35	28	9
1992-12-19	0	5.65	30	10
1992-12-20	0	6.45	30	10
1992-12-21	0	4.75	26	8
1992-12-22	0	2.6	27	10
1992-12-23	0	4.25	18	8
1992-12-24	0	4.15	25	10
1992-12-25	0	3.9	25	10
1992-12-26	0	4.7	28	12
1992-12-27	0	3.6	27	8
1992-12-28	0	5.25	28	9
1992-12-29	0	3.45	26	8
1992-12-30	0	4.15	27	7
1992-12-31	0	4.08	25	6
1993-01-01	0	3.7	22	7
1993-01-02	0	4.4	25	7
1993-01-03	0	4.2	28	7
1993-01-04	0	4.85	28	8
1993-01-05	0	3.85	27	10
1993-01-06	0	3.15	26	9
1993-01-07	0	5.1	26	7
1993-01-08	0	4.9	25	10
1993-01-09	0	4.85	27	6
1993-01-10	0	3.75	29	6
1993-01-11	0	4.1	29	10
1993-01-12	0	4.55	30	7
1993-01-13	0	4.1	27	8
1993-01-14	0	4.4	28	9
1993-01-15	0	6.75	29	11
1993-01-16	0	4.05	30	8
1993-01-17	0	3.6	29	8
1993-01-18	0	5.25	28	8
1993-01-19	0	4.85	30	10
1993-01-20	0	4.9	30	10
1993-01-21	0	4	27	10
1993-01-22	0	3.75	24	10
1993-01-23	4.5	1.75	27	10
1993-01-24	0	3.95	25	10
1993-01-25	0	4.15	26	7
1993-01-26	0	4.2	15	7
1993-01-27	0	3.5	20	5
1993-01-28	5.3	4.78	28	5
1993-01-29	0	4.17	25	7
1993-01-30	0	3.65	24	10
1993-01-31	0	3.75	24	10
1993-02-01	0	4.1	26	8
1993-02-02	5.5	4.35	27	10
1993-02-03	0	3.65	25	10
1993-02-04	0	5	25	8
1993-02-05	0	5.6	27	9
1993-02-06	0	2.5	20	11
1993-02-07	0	5.07	25	8
1993-02-08	0	4.43	27	7
1993-02-09	0	4.5	27	5
1993-02-10	0	2.6	27	7
1993-02-11	0	4.95	29	8
1993-02-12	0	6.35	30	10
1993-02-13	0	5.7	30	10
1993-02-14	0	7.2	28	7
1993-02-15	0	4.8	30	7
1993-02-16	0	7.1	30	9
1993-02-17	0	5	29	10
1993-02-18	0	4.4	25	11
1993-02-19	0	6.35	30	8
1993-02-20	0	4.65	30	9
1993-02-21	0	5.15	31	10
1993-02-22	0	7.75	32	7
1993-02-23	0	6.7	32	8
1993-02-24	0	6.2	29	10
1993-02-25	0	7.7	30	10
1993-02-26	0	7.3	28	11
1993-02-27	0	6.4	30	10
1993-02-28	0	5.65	30	10
1993-03-01	0	6.85	29	10
1993-03-02	0	6.4	30	11
1993-03-03	0	6.15	25	13
1993-03-04	0	7.5	29	10
1993-03-05	0	6.75	27	8
1993-03-06	0	6.4	25	10
1993-03-07	0	4.55	24	10
1993-03-08	7.5	3.8	25	10
1993-03-09	0	6.75	27	10
1993-03-10	0	6.75	29	8
1993-03-11	0	6.95	30	7
1993-03-12	0	1.35	30	10
1993-03-13	0	5.6	25	7
1993-03-14	0	5.6	29	3
1993-03-15	0	4.9	28	4
1993-03-16	0	7.4	30	7
1993-03-17	0	5.9	27	7
1993-03-18	0	5.9	30	7
1993-03-19	0	8.7	31	8
1993-03-20	0	8.17	30	11
1993-03-21	0	6.53	30	10
1993-03-22	0	5.3	29	11
1993-03-23	0	7	30	11
1993-03-24	0	7.15	29	12
1993-03-25	0	6.95	30	10
1993-03-26	0	6.8	30	10
1993-03-27	0	7.05	31	10
1993-03-28	0	9.4	33	11
1993-03-29	0	8.75	32	11
1993-03-30	0	7.45	33	11
1993-03-31	0	7.8	32	10
1993-04-01	0	8.25	30	10
1993-04-02	0	6.2	30	10
1993-04-03	0	5.8	29	12
1993-04-04	0	9.35	31	10
1993-04-05	0	4.35	29	13
1993-04-06	0	8.05	34	10
1993-04-07	0	3.35	30	11
1993-04-08	0	6.55	29	11
1993-04-09	0	4.23	27	11
1993-04-10	0	9.37	31	7
1993-04-11	0	6.68	31	10
1993-04-12	0	7.52	34	11
1993-04-13	0	9.15	34	11
1993-04-14	0	7.35	33	15
1993-04-15	0	7.55	30	13
1993-04-16	0	6.85	28	12
1993-04-17	0	7.25	28	10
1993-04-18	0	7.7	29	11
1993-04-19	0	8.35	33	11
1993-04-20	0	6.55	32	14
1993-04-21	11.9	8.5	25	15
1993-04-22	0	8.3	25	11
1993-04-23	0	4.9	26	9
1993-04-24	0	2.6	31	10
1993-04-25	0	9.25	33	10
1993-04-26	0	6.75	26	12
1993-04-27	0	8.9	31	13
1993-04-28	0	7.25	29	15
1993-04-29	0	8.55	34	15
1993-04-30	0	8.3	31	15
1993-05-01	0	6.2	30	15
1993-05-02	0	9.15	31	15
1993-05-03	0	6.17	33	14
1993-05-04	0	9.23	34	12
1993-05-05	0	9.45	34	12
1993-05-06	5.2	7.05	32	13
1993-05-07	0	9.4	34	14
1993-05-08	0	7.75	33	13
1993-05-09	0	7.4	32	11
1993-05-10	0	7.85	30	13
1993-05-11	0	7.25	27	14
1993-05-12	1	7.9	30	10
1993-05-13	0	7.2	28	12
1993-05-14	0	8.3	29	13
1993-05-15	0	7.65	30	11
1993-05-16	0	6.65	32	14
1993-05-17	0	9.5	33	14
1993-05-18	0	8.65	32	12
1993-05-19	0	9.45	30	13
1993-05-20	0	8.9	32	14
1993-05-21	1.2	10.1	33	13
1993-05-22	0	10.15	32	14
1993-05-23	0	6.7	33	14
1993-05-24	0	8.8	32	14
1993-05-25	2.5	8.3	34	13
1993-05-26	0	8.95	25	13
1993-05-27	0	8.17	28	12
1993-05-28	0	9.43	30	15
1993-05-29	0	5.05	29	13
1993-05-30	0	6.65	29	13
1993-05-31	0	7.6	30	12
1993-06-01	0	8.3	28	15
1993-06-02	0	7.45	30	11
1993-06-03	0	9.25	34	11
1993-06-04	0	8.8	32	13
1993-06-05	0	10.3	34	15
1993-06-06	0	7.35	33	15
1993-06-07	0	9.2	34	16
1993-06-08	0	8.2	33	17
1993-06-09	0	6.15	29	17
1993-06-10	5.2	7.35	30	15
1993-06-11	2.5	6.45	27	16
1993-06-12	0	6.5	29	13
1993-06-13	1.5	9.85	30	14
1993-06-14	5.3	6.35	27	14
1993-06-15	0	4.6	26	15
1993-06-16	0	6.4	27	16
1993-06-17	0	5.6	29	17
1993-06-18	0	8.9	30	13
1993-06-19	0	8.8	29	15
1993-06-20	0	6.36	25	16
1993-06-21	5.3	7.15	27	17
1993-06-22	7.2	7	28	14
1993-06-23	0	6.05	25	13
1993-06-24	2.5	9.75	27	17
1993-06-25	0	6.75	28	17
1993-06-26	0	5.9	26	17
1993-06-27	0	2.4	25	15
1993-06-28	2.5	2.65	26	12
1993-06-29	3.5	7.25	28	17
1993-06-30	8.5	2.2	25	17
1993-07-01	0	7.65	28	15
1993-07-02	0	6.75	28	16
1993-07-03	0	6.05	28	17
1993-07-04	0	8.2	29	17
1993-07-05	0	9.2	29	16
1993-07-06	4.5	8.05	25	17
1993-07-07	8.5	0.8	24	15
1993-07-08	5.3	1.5	23	15
1993-07-09	0	1.5	27	16
1993-07-10	0	7.85	28	15
1993-07-11	0	8.25	30	15
1993-07-12	0	7.3	30	15
1993-07-13	0	2.5	29	12
1993-07-14	0	6.7	28	16
1993-07-15	0	8.1	31	14
1993-07-16	6.2	7.3	30	16
1993-07-17	1.9	8.65	29	16
1993-07-18	0	6.15	30	15
1993-07-19	0	7.15	28	15
1993-07-20	0	5	30	14
1993-07-21	0	5.7	30	16
1993-07-22	0	8.35	31	15
1993-07-23	0	5.55	30	16
1993-07-24	0	9.35	32	14
1993-07-25	0	8.5	30	14
1993-07-26	0	9.1	30	12
1993-07-27	0	10	31	15
1993-07-28	0	9.1	29	17
1993-07-29	0	7.6	30	15
1993-07-30	0	7.05	30	15
1993-07-31	0	8.25	29	13
1993-08-01	0	9.2	30	15
1993-08-02	0	8.3	29	14
1993-08-03	0	7.55	30	14
1993-08-04	0	7.15	28	15
1993-08-05	0	10.1	26	15
1993-08-06	0	5.4	30	15
1993-08-07	0	8.98	30	14
1993-08-08	0	8.32	27	15
1993-08-09	0	7.7	27	17
1993-08-10	0	10.45	29	15
1993-08-11	0	6.2	29	15
1993-08-12	0	9.75	30	12
1993-08-13	0	3.2	29	15
1993-08-14	0	7.05	28	16
1993-08-15	0	8.55	30	15
1993-08-16	0	7.55	29	17
1993-08-17	0	4.8	28	16
1993-08-18	0	9.25	28	15
1993-08-19	0	9.45	27	15
1993-08-20	0	9.6	30	17
1993-08-21	7.3	8.9	30	17
1993-08-22	4.9	7.4	29	15
1993-08-23	10.5	8.8	30	15
1993-08-24	0	9.1	30	15
1993-08-25	0	8.15	28	16
1993-08-26	0	6.65	28	14
1993-08-27	0	8.5	28	13
1993-08-28	0	7.4	30	15
1993-08-29	0	8.65	29	13
1993-08-30	0	7.55	30	15
1993-08-31	12.5	12.5	29	14
1993-09-01	0	5.3	25	15
1993-09-02	0	9.1	30	16
1993-09-03	0	8.75	30	13
1993-09-04	0	9.35	29	15
1993-09-05	8.3	9.35	30	14
1993-09-06	0	8.15	29	15
1993-09-07	0	7.6	28	15
1993-09-08	0	7.3	27	15
1993-09-09	0	3.5	27	16
1993-09-10	0	6.85	27	17
1993-09-11	17.5	7.15	30	16
1993-09-12	11.3	6.3	29	15
1993-09-13	0	8.5	30	15
1993-09-14	0	7.25	28	16
1993-09-15	0	6.5	27	15
1993-09-16	0	6.95	28	15
1993-09-17	0	7.25	26	14
1993-09-18	0	7.15	27	14
1993-09-19	8.2	8.45	26	15
1993-09-20	81.5	2.16	20	16
1993-09-21	0	6.2	24	16
1993-09-22	0	7.15	25	15
1993-09-23	0	5.65	25	16
1993-09-24	0	7.15	26	16
1993-09-25	21.5	8.65	27	15
1993-09-26	12.5	5.83	27	15
1993-09-27	0	3.07	22	16
1993-09-28	0	2	23	13
1993-09-29	0	1.1	20	16
1993-09-30	0	2.52	25	12
1993-10-01	0	2.46	25	12
1993-10-02	0	3.22	28	14
1993-10-03	0	5.77	24	15
1993-10-04	0	5.03	25	13
1993-10-05	0	7.4	25	12
1993-10-06	0	3	24	15
1993-10-07	0	4.75	28	12
1993-10-08	0	2.2	28	9
1993-10-09	0	8.1	30	12
1993-10-10	0	6.05	25	12
1993-10-11	0	8.35	29	13
1993-10-12	0	6.75	28	12
1993-10-13	0	8.05	28	10
1993-10-14	0	7.8	30	11
1993-10-15	0	8.05	30	12
1993-10-16	0	4.6	30	11
1993-10-17	0	8.75	29	12
1993-10-18	0	8.33	31	12
1993-10-19	0	5.52	30	10
1993-10-20	7.2	7.2	30	13
1993-10-21	0	2.95	20	14
1993-10-22	0	4.15	17	11
1993-10-23	0	5	25	8
1993-10-24	0	3.55	27	10
1993-10-25	0	4.85	30	11
1993-10-26	0	5.08	30	12
1993-10-27	0	4.27	24	13
1993-10-28	0	5.05	28	11
1993-10-29	0	4.85	25	12
1993-10-30	0	3.25	29	15
1993-10-31	0	5.09	20	6
1993-11-01	0	2.86	28	4
1993-11-02	3.3	3.3	25	5
1993-11-03	0	3.5	25	9
1993-11-04	0	4.87	28	13
1993-11-05	0	5.13	30	12
1993-11-06	0	4.6	27	12
1993-11-07	0	6.1	28	11
1993-11-08	0	7.6	30	10
1993-11-09	0	4.2	27	10
1993-11-10	0	3.8	25	12
1993-11-11	0	7.8	30	12
1993-11-12	0	6.05	30	9
1993-11-13	6.3	3.9	30	10
1993-11-14	0	5.55	30	10
1993-11-15	0	3.9	29	11
1993-11-16	0	4.75	28	13
1993-11-17	0	4.8	24	13
1993-11-18	0	5.2	25	10
1993-11-19	0	4.6	30	7
1993-11-20	0	5.15	25	10
1993-11-21	0	2.1	26	10
1993-11-22	0	2.85	24	11
1993-11-23	0	4.3	28	9
1993-11-24	0	2.2	28	6
1993-11-25	0	6.7	30	5
1993-11-26	0	7.35	29	7
1993-11-27	0	6.1	28	9
1993-11-28	0	4.2	28	5
1993-11-29	0	4.97	27	5
1993-11-30	0	7.28	26	5
1993-12-01	0	4.6	27	6
1993-12-02	0	4.4	26	6
1993-12-03	0	1.52	27	5
1993-12-04	0	3.88	28	6
1993-12-05	0	2.6	27	6
1993-12-06	0	2.8	26	7
1993-12-07	0	4.3	29	7
1993-12-08	0	5.5	28	9
1993-12-09	0	3.45	29	7
1993-12-10	0	5.15	29	8
1993-12-11	0	4.65	25	12
1993-12-12	0	4.7	27	9
1993-12-13	0	4.8	28	8
1993-12-14	0	4.1	27	9
1993-12-15	0	2.45	27	7
1993-12-16	0	4.4	27	6
1993-12-17	0	3.9	28	7
1993-12-18	0	3.35	25	10
1993-12-19	0	3.4	27	9
1993-12-20	0	3.95	29	7
1993-12-21	0	3.7	28	10
1993-12-22	0	4.9	27	10
1993-12-23	0	4.7	28	9
1993-12-24	0	4.85	28	10
1993-12-25	0	4.85	29	6
1993-12-26	0	3.28	24	4
1993-12-27	0	2.37	29	4
1993-12-28	0	5.6	28	4
1993-12-29	0	2.45	26	4
1993-12-30	0	3.25	23	7
1993-12-31	0	4.53	25	9
1994-01-01	0	3.57	26	7
1994-01-02	0	3.1	25	6
1994-01-03	0	3.85	25	5
1994-01-04	0	3.85	24	4
1994-01-05	0	5.4	26	0
1994-01-06	0	3.85	28	2
1994-01-07	0	3.95	27	5
1994-01-08	0	3.95	25	7
1994-01-09	0	3.25	25	3
1994-01-10	0	4.35	26	3
1994-01-11	0	4.75	27	5
1994-01-12	0	5	27	5
1994-01-13	0	3.65	27	6
1994-01-14	0	4.25	24	10
1994-01-15	0	4.1	27	6
1994-01-16	0	4.1	28	5
1994-01-17	2	5.1	25	8
1994-01-18	1.3	4.1	27	8
1994-01-19	0	2.65	23	8
1994-01-20	0	4.8	26	7
1994-01-21	0	2.65	25	10
1994-01-22	0	3.35	25	12
1994-01-23	0	4.25	25	13
1994-01-24	0	3.75	27	9
1994-01-25	0	3.6	29	6
1994-01-26	0	4.9	30	8
1994-01-27	0	6.1	31	10
1994-01-28	0	4.5	30	10
1994-01-29	0	5.23	30	8
1994-01-30	0	6.77	29	8
1994-01-31	0	4.43	25	8
1994-02-01	0	3.77	27	6
1994-02-02	0	3.3	28	7
1994-02-03	0	7.32	29	5
1994-02-04	0	6.28	30	5
1994-02-05	0	4.6	30	6
1994-02-06	0	6.62	31	7
1994-02-07	0	5.38	29	7
1994-02-08	0	6.17	30	8
1994-02-09	0	6.2	28	10
1994-02-10	0	5.83	30	10
1994-02-11	0	5.2	29	8
1994-02-12	0	1.6	30	7
1994-02-13	0	3.65	21	8
1994-02-14	0	4.05	25	6
1994-02-15	0	7.48	30	8
1994-02-16	0	5.97	24	9
1994-02-17	0	4.75	25	10
1994-02-18	0	6.27	29	5
1994-02-19	0	5.26	29	6
1994-02-20	0	8.57	31	10
1994-02-21	0	5.9	27	10
1994-02-22	0	5.7	30	10
1994-02-23	0	6.55	30	12
1994-02-24	0	7.85	29	11
1994-02-25	0	6.75	30	11
1994-02-26	0	7.5	27	10
1994-02-27	0	5.7	29	10
1994-02-28	0	6.95	32	8
1994-03-01	0	7.93	29	10
1994-03-02	0	6.05	27	12
1994-03-03	0	6.9	29	8
1994-03-04	0	5.7	27	6
1994-03-05	0	7.25	31	8
1994-03-06	0	8.85	33	10
1994-03-07	0	7.55	34	11
1994-03-08	0	6.95	34	11
1994-03-09	0	9.27	33	11
1994-03-10	0	5.68	22	10
1994-03-11	0	6.5	30	6
1994-03-12	0	6.8	30	10
1994-03-13	2.5	7.65	31	11
1994-03-14	1.9	6.95	28	10
1994-03-15	0	5.65	29	10
1994-03-16	0	7.55	29	12
1994-03-17	0	5.55	30	8
1994-03-18	0	7.55	31	10
1994-03-19	0	8	30	11
1994-03-20	0	5.85	32	10
1994-03-21	0	8.65	34	12
1994-03-22	0	7.85	33	12
1994-03-23	0	9.15	34	11
1994-03-24	0	8.75	34	14
1994-03-25	0	8.95	28	14
1994-03-26	0	9	35	15
1994-03-27	0	8.55	34	15
1994-03-28	0	9.15	33	13
1994-03-29	0	5.1	29	10
1994-03-30	0	5.55	28	6
1994-03-31	0	6.85	30	7
1994-04-01	0	8.3	30	9
1994-04-02	0	8.3	31	9
1994-04-03	0	7.8	32	11
1994-04-04	0	8.5	33	11
1994-04-05	0	9.3	33	14
1994-04-06	0	7.4	29	17
1994-04-07	0	4.4	28	13
1994-04-08	0	8.2	33	11
1994-04-09	0	7.5	34	12
1994-04-10	0	5.2	38	13
1994-04-11	0	3.55	34	13
1994-04-12	1.3	9.45	32	12
1994-04-13	0	7.9	33	10
1994-04-14	0	9.7	34	12
1994-04-15	0	9.4	33	12
1994-04-16	0	8.8	33	13
1994-04-17	6.3	6.4	34	13
1994-04-18	0	5	27	12
1994-04-19	0	6.25	27	10
1994-04-20	5.5	6.75	28	11
1994-04-21	9.5	2	25	11
1994-04-22	0	7.65	28	12
1994-04-23	0	7.65	28	12
1994-04-24	0	8.15	29	12
1994-04-25	0	9.15	30	13
1994-04-26	0	9.8	34	12
1994-04-27	0	9.4	34	13
1994-04-28	0	3.55	35	12
1994-04-29	0	4.7	34	17
1994-04-30	0	9.9	35	17
1994-05-01	6.2	10.4	33	12
1994-05-02	0	6.5	32	15
1994-05-03	0	7.85	34	13
1994-05-04	0	5.85	30	13
1994-05-05	0	5.8	28	12
1994-05-06	4.2	10.45	30	12
1994-05-07	0	6.25	33	13
1994-05-08	0	9.15	32	11
1994-05-09	0	9.05	33	12
1994-05-10	0	6.7	34	13
1994-05-11	7.2	7.2	30	12
1994-05-12	1	7.6	30	15
1994-05-13	0	6.85	28	15
1994-05-14	0	5.1	30	14
1994-05-15	3.2	6	30	13
1994-05-16	9.5	4.4	31	15
1994-05-17	4.5	8.8	30	13
1994-05-18	0	4.55	30	14
1994-05-19	6.3	4.25	28	15
1994-05-20	0	2.3	28	15
1994-05-21	0	7.15	29	13
1994-05-22	0	7.25	28	15
1994-05-23	0	9.15	28	15
1994-05-24	0	6.45	30	13
1994-05-25	0	10.2	33	14
1994-05-26	0	7.75	34	15
1994-05-27	0	8.05	33	17
1994-05-28	0	7.05	31	17
1994-05-29	0	8.15	32	15
1994-05-30	0	9.05	33	13
1994-05-31	0	8.98	31	14
1994-06-01	0	8.46	32	16
1994-06-02	0	7.97	30	16
1994-06-03	0	9.11	33	14
1994-06-04	0	7.23	29	17
1994-06-05	0	6.41	29	15
1994-06-06	7.6	6.34	30	16
1994-06-07	1.2	7.55	30	15
1994-06-08	6.7	8.9	29	16
1994-06-09	0	6.08	30	17
1994-06-10	0	6.27	31	17
1994-06-11	0	4.65	27	17
1994-06-12	0	4.18	26	14
1994-06-13	13.5	5.22	28	17
1994-06-14	2.2	4.7	27	17
1994-06-15	1.2	5.3	28	15
1994-06-16	0	7.7	29	16
1994-06-17	0	8.75	30	11
1994-06-18	3.2	10.05	30	13
1994-06-19	5.5	5.9	26	15
1994-06-20	5.3	5.3	27	15
1994-06-21	0	4.8	26	17
1994-06-22	0	8.6	27	14
1994-06-23	9.2	2.2	30	17
1994-06-24	13.5	11.9	25	15
1994-06-25	3.2	4.8	27	15
1994-06-26	0	3.45	25	15
1994-06-27	0	7.5	28	13
1994-06-28	0	5.65	28	14
1994-06-29	0	8.15	27	15
1994-06-30	0	7.4	30	14
1994-07-01	0	7.3	30	13
1994-07-02	0	8.55	28	13
1994-07-03	0	6.88	29	13
1994-07-04	0	6.3	30	14
1994-07-05	0	8.4	30	14
1994-07-06	0	7.88	30	13
1994-07-07	0	6.12	28	14
1994-07-08	0	5.5	29	15
1994-07-09	0	7.05	28	14
1994-07-10	0	5.9	29	13
1994-07-11	14.7	4.8	30	16
1994-07-12	5.5	6.45	29	16
1994-07-13	17.7	8.78	30	15
1994-07-14	0	4.87	28	16
1994-07-15	0	8.25	30	15
1994-07-16	0	6.7	27	15
1994-07-17	0	7.4	29	13
1994-07-18	0	6.05	25	14
1994-07-19	0	6.3	28	12
1994-07-20	0	7.05	30	14
1994-07-21	0	7.3	28	13
1994-07-22	0	6.85	27	14
1994-07-23	0	6.7	28	14
1994-07-24	0	8.5	29	12
1994-07-25	0	7.9	30	12
1994-07-26	0	7.75	30	12
1994-07-27	0	7.6	29	13
1994-07-28	0	7.65	30	12
1994-07-29	0	8.5	30	13
1994-07-30	7.3	9.98	29	12
1994-07-31	6.5	11.57	30	13
1994-08-01	1.3	8.4	30	12
1994-08-02	4.2	7.35	30	13
1994-08-03	0	7.85	27	12
1994-08-04	0	6.65	28	14
1994-08-05	0	3.4	27	15
1994-08-06	2.5	7.55	28	12
1994-08-07	9.2	7.45	29	15
1994-08-08	24.7	7.7	27	15
1994-08-09	0	6.9	26	13
1994-08-10	0	6.65	27	13
1994-08-11	0	6.15	25	14
1994-08-12	0	7.1	26	13
1994-08-13	0	2.3	25	15
1994-08-14	0	6.3	26	15
1994-08-15	0	5.95	28	15
1994-08-16	0	4.7	29	15
1994-08-17	0	5.2	28	14
1994-08-18	0	7.25	29	14
1994-08-19	7.2	5.85	28	16
1994-08-20	0	4.9	30	16
1994-08-21	0	6.8	30	13
1994-08-22	0	7.7	28	14
1994-08-23	0	8.25	30	15
1994-08-24	8.3	7.15	28	15
1994-08-25	0	6.4	25	15
1994-08-26	0	6.5	26	14
1994-08-27	0	7.2	28	15
1994-08-28	6.5	7.4	29	14
1994-08-29	0	8.1	29	13
1994-08-30	0	0.75	28	15
1994-08-31	0	1.95	29	15
1994-09-01	5.2	7.35	25	16
1994-09-02	0	5.55	26	16
1994-09-03	0	6.85	25	12
1994-09-04	0	7.45	26	14
1994-09-05	0	7.8	28	13
1994-09-06	0	7.05	28	14
1994-09-07	0	5.7	26	15
1994-09-08	0	8.55	28	13
1994-09-09	0	2.9	30	15
1994-09-10	0	6.65	28	14
1994-09-11	20.3	8.75	27	13
1994-09-12	0	6.5	28	14
1994-09-13	0	7.15	27	15
1994-09-14	0	8.2	29	14
1994-09-15	0	7.95	30	14
1994-09-16	0	6.75	28	14
1994-09-17	8.5	8.35	29	15
1994-09-18	0	7.15	27	14
1994-09-19	0	5.85	25	15
1994-09-20	0	5.9	27	14
1994-09-21	0	2.75	28	12
1994-09-22	0	6.75	29	9
1994-09-23	0	7.1	28	15
1994-09-24	8.2	7.15	29	13
1994-09-25	0	5.25	30	15
1994-09-26	0	6.45	28	10
1994-09-27	0	4.95	27	14
1994-09-28	0	5.84	26	15
1994-09-29	0	5.06	27	8
1994-09-30	0	6.1	28	10
1994-10-01	0	6.6	25	15
1994-10-02	0	3.7	30	15
1994-10-03	0	6.65	29	12
1994-10-04	0	8.5	30	13
1994-10-05	0	5.6	25	13
1994-10-06	2.4	7.6	30	15
1994-10-07	12.2	6.8	30	15
1994-10-08	28.8	9	27	15
1994-10-09	0	9.15	28	14
1994-10-10	0	5.6	25	14
1994-10-11	0	6.6	22	11
1994-10-12	0	4.55	26	10
1994-10-13	0	3.7	27	12
1994-10-14	0	5.55	28	13
1994-10-15	3.2	5	25	15
1994-10-16	0	5.3	27	15
1994-10-17	14.2	5.35	30	15
1994-10-18	0	5.05	29	12
1994-10-19	0	4.7	26	15
1994-10-20	0	4.5	27	15
1994-10-21	0	6.25	30	15
1994-10-22	0	4.7	28	15
1994-10-23	0	6.85	29	14
1994-10-24	0	7.15	28	14
1994-10-25	0	6.8	30	14
1994-10-26	0	6.34	27	12
1994-10-27	0	7.96	29	14
1994-10-28	0	6.6	27	15
1994-10-29	40.3	5.2	29	15
1994-10-30	0	6	28	14
1994-10-31	0	6.85	30	14
1994-11-01	0	5.95	25	12
1994-11-02	0	5.7	28	10
1994-11-03	0	6.05	29	12
1994-11-04	0	7.55	29	12
1994-11-05	0	7.7	30	12
1994-11-06	0	3.55	25	14
1994-11-07	0	6.15	25	15
1994-11-08	0	6.7	28	11
1994-11-09	0	8.4	29	7
1994-11-10	0	5.45	25	8
1994-11-11	0	6.25	27	10
1994-11-12	0	6.75	29	12
1994-11-13	0	6.45	28	12
1994-11-14	0	2.75	29	10
1994-11-15	0	2.72	25	11
1994-11-16	0	4.78	27	10
1994-11-17	0	7.1	29	8
1994-11-18	0	6.8	29	8
1994-11-19	0	7.15	28	8
1994-11-20	0	7.15	29	13
1994-11-21	0	6.05	27	10
1994-11-22	0	5.85	28	8
1994-11-23	0	5.8	27	10
1994-11-24	0	6.4	29	9
1994-11-25	0	5.5	28	10
1994-11-26	0	7.1	30	9
1994-11-27	0	7	30	7
1994-11-28	0	1.9	30	10
1994-11-29	0	4.85	28	10
1994-11-30	0	5.15	18	15
1994-12-01	0	5.25	18	12
1994-12-02	2.3	5.05	25	10
1994-12-03	0	6.2	28	10
1994-12-04	0	5.85	28	10
1994-12-05	0	6.2	26	9
1994-12-06	0	4.5	28	10
1994-12-07	0	6.2	26	9
1994-12-08	0	6	27	10
1994-12-09	0	6	28	10
1994-12-10	0	4.8	25	9
1994-12-11	0	5.15	24	8
1994-12-12	0	6.95	30	7
1994-12-13	0	5.95	28	8
1994-12-14	0	5.75	29	9
1994-12-15	0	5.15	28	10
1994-12-16	0	3.9	29	7
1994-12-17	0	4.35	24	10
1994-12-18	0	6.6	25	12
1994-12-19	0	5.85	27	10
1994-12-20	0	5.2	28	10
1994-12-21	0	3.8	25	10
1994-12-22	0	3.6	24	9
1994-12-23	0	5.25	25	12
1994-12-24	0	5.05	26	8
1994-12-25	0	5.1	25	5
1994-12-26	0	4.8	27	5
1994-12-27	0	5.8	28	7
1994-12-28	0	4.3	27	10
1994-12-29	0	5.3	28	10
1994-12-30	0	4.6	27	11
1994-12-31	0	6.5	28	10
1995-01-01	0	4.9	24	9
1995-01-02	0	4.9	22	10
1995-01-03	0	3.9	29	10
1995-01-04	0	5.1	25	10
1995-01-05	0	6.2	27	9
1995-01-06	0	5.05	27	10
1995-01-07	0	4.85	27	6
1995-01-08	0	0.5	28	5
1995-01-09	0	4.8	27	5
1995-01-10	0	6.3	28	7
1995-01-11	0	6.2	29	5
1995-01-12	0	4.6	27	7
1995-01-13	0	6.1	28	6
1995-01-14	0	4.75	25	5
1995-01-15	0	5.35	27	4
1995-01-16	0	5.05	27	5
1995-01-17	0	5.95	26	5
1995-01-18	0	5.75	28	9
1995-01-19	0	0.6	20	9
1995-01-20	0	5.15	25	6
1995-01-21	0	3.45	26	5
1995-01-22	0	6.35	28	8
1995-01-23	0	5.95	25	8
1995-01-24	0	5.3	23	10
1995-01-25	0	4.55	25	8
1995-01-26	0	6.05	29	9
1995-01-27	0	6.3	28	8
1995-01-28	0	5.8	28	9
1995-01-29	0	5.85	29	10
1995-01-30	5.2	5.25	20	10
1995-01-31	0	3.85	20	8
1995-02-01	0	4.5	26	8
1995-02-02	0	5.1	25	8
1995-02-03	0	4.8	27	8
1995-02-04	0	4.9	28	7
1995-02-05	0	3.8	26	9
1995-02-06	0	6.35	28	7
1995-02-07	0	6.87	30	8
1995-02-08	0	3.83	20	10
1995-02-09	0	5.1	26	10
1995-02-10	0	5.15	27	11
1995-02-11	0	5.72	28	12
1995-02-12	0	2.5	29	10
1995-02-13	0	7.2	28	8
1995-02-14	0	5.93	31	10
1995-02-15	0	5.51	30	9
1995-02-16	0	6.26	32	9
1995-02-17	0	5.65	27	10
1995-02-18	0	6.72	28	12
1995-02-19	0	6.13	27	8
1995-02-20	0	6.83	25	10
1995-02-21	0	4.42	25	8
1995-02-22	0	3.35	28	5
1995-02-23	0	6.25	27	6
1995-02-24	0	5.9	29	7
1995-02-25	0	5.95	27	10
1995-02-26	3.7	5.3	30	10
1995-02-27	8.2	6.55	29	10
1995-02-28	0	7.45	32	10
1995-03-01	0	5.2	25	13
1995-03-02	0	5.07	27	11
1995-03-03	0	5.93	30	12
1995-03-04	0	7.05	31	10
1995-03-05	0	7.3	30	10
1995-03-06	0	6.5	30	11
1995-03-07	0	6.9	30	10
1995-03-08	0	5.5	19	11
1995-03-09	0	4.55	20	7
1995-03-10	0	4.75	27	4
1995-03-11	0	5.85	30	7
1995-03-12	0	9.53	30	8
1995-03-13	0	8.27	30	12
1995-03-14	0	6.7	30	11
1995-03-15	0	5.8	27	8
1995-03-16	0	4.6	27	11
1995-03-17	0	6.2	28	8
1995-03-18	0	2.1	28	8
1995-03-19	0	1.6	30	10
1995-03-20	0	8.45	32	10
1995-03-21	0	8.75	33	11
1995-03-22	0	8.35	32	10
1995-03-23	0	6.6	30	10
1995-03-24	0	6.8	32	11
1995-03-25	0	7.5	31	13
1995-03-26	0	8.2	32	11
1995-03-27	1.5	8.2	33	15
1995-03-28	6.5	15	30	13
1995-03-29	0	8.7	32	12
1995-03-30	0	8.1	31	18
1995-03-31	0	6.55	30	14
1995-04-01	0	2.4	30	13
1995-04-02	0	7.1	29	10
1995-04-03	0	8.1	31	11
1995-04-04	0	8.2	30	10
1995-04-05	0	6.7	29	12
1995-04-06	0	6.8	31	10
1995-04-07	0	9.35	32	11
1995-04-08	0	7.25	30	10
1995-04-09	0	3.6	31	11
1995-04-10	0	11.2	32	11
1995-04-11	0	8.1	30	10
1995-04-12	0	8.6	32	11
1995-04-13	0	7.7	30	10
1995-04-14	0	8.35	29	10
1995-04-15	0	8.75	33	12
1995-04-16	0	5.8	34	11
1995-04-17	0	8.9	34	12
1995-04-18	0	7.95	34	16
1995-04-19	0	7.63	33	16
1995-04-20	0	10.62	34	15
1995-04-21	0	8.35	34	15
1995-04-22	0	9.05	35	14
1995-04-23	0	7.55	34	15
1995-04-24	0	8.25	29	16
1995-04-25	2.5	8.2	27	12
1995-04-26	0	7.9	28	12
1995-04-27	0	7.05	29	12
1995-04-28	0	8.05	30	11
1995-04-29	0	5.75	32	13
1995-04-30	0	8.25	30	15
1995-05-01	0	5.6	28	12
1995-05-02	0	9.1	33	12
1995-05-03	11.3	8.2	33	15
1995-05-04	0	7.5	31	14
1995-05-05	0	8.05	32	15
1995-05-06	0	9.15	34	15
1995-05-07	0	9.1	34	16
1995-05-08	0	8.75	33	17
1995-05-09	0	2.6	30	15
1995-05-10	0	10.1	35	14
1995-05-11	0	9.05	34	15
1995-05-12	0	7.75	32	16
1995-05-13	0	9.2	33	14
1995-05-14	0	8.5	35	16
1995-05-15	0	9.15	32	15
1995-05-16	0	5.25	33	14
1995-05-17	0	10.35	35	16
1995-05-18	0	12.6	34	18
1995-05-19	0	8.3	30	18
1995-05-20	0	10.1	33	17
1995-05-21	8.5	7.4	34	17
1995-05-22	0	10.4	34	15
1995-05-23	0	4.25	33	16
1995-05-24	0	10.45	32	16
1995-05-25	0	8.6	33	14
1995-05-26	0	7.2	27	15
1995-05-27	11.6	8.9	30	15
1995-05-28	26.5	4.5	30	15
1995-05-29	1.2	4.92	27	16
1995-05-30	0	6.23	29	15
1995-05-31	0	5.43	28	12
1995-06-01	0	8.37	30	13
1995-06-02	0	8.08	31	15
1995-06-03	0	9.89	34	12
1995-06-04	0	10.13	35	14
1995-06-05	0	5.55	34	15
1995-06-06	0	8.3	34	15
1995-06-07	0	6.05	30	15
1995-06-08	0	9.8	35	16
1995-06-09	0	8.7	33	15
1995-06-10	0	7.3	31	17
1995-06-11	0	8.8	30	17
1995-06-12	0	2.3	30	17
1995-06-13	0	6.85	29	18
1995-06-14	0	8.6	30	14
1995-06-15	0	7.55	30	15
1995-06-16	0	8.4	30	16
1995-06-17	0	7.8	27	15
1995-06-18	0	6.8	27	17
1995-06-19	0	9.35	30	17
1995-06-20	0	5.5	30	17
1995-06-21	1.5	8.35	29	18
1995-06-22	0	7.35	28	17
1995-06-23	0	7.7	30	17
1995-06-24	0	6.8	29	15
1995-06-25	0	8.7	30	16
1995-06-26	0	7.65	30	15
1995-06-27	0	6.75	29	14
1995-06-28	14.2	7.75	30	16
1995-06-29	1.7	0.5	25	17
1995-06-30	5.2	7.05	25	17
1995-07-01	0	7.15	25	15
1995-07-02	0	6.55	30	14
1995-07-03	0	8.3	29	14
1995-07-04	7.6	7.15	27	15
1995-07-05	12.3	7.05	30	16
1995-07-06	0	7.65	25	15
1995-07-07	0	6.05	25	14
1995-07-08	0	6.8	25	14
1995-07-09	0	5.6	25	15
1995-07-10	0	7.35	27	15
1995-07-11	0	7.1	25	15
1995-07-12	0	6.75	26	14
1995-07-13	0	3.6	27	15
1995-07-14	0	5.9	25	13
1995-07-15	0	7.3	27	13
1995-07-16	10.7	7.75	29	15
1995-07-17	0	6.8	27	16
1995-07-18	0	7.95	30	16
1995-07-19	0	7.8	30	15
1995-07-20	0	6.9	29	16
1995-07-21	0	8.4	30	15
1995-07-22	0	8.1	30	14
1995-07-23	0	7.6	30	15
1995-07-24	10.2	7.3	30	14
1995-07-25	0	6.8	25	15
1995-07-26	0	6.15	25	16
1995-07-27	0	6.65	27	14
1995-07-28	0	7.85	29	13
1995-07-29	0	7.45	28	13
1995-07-30	0	7.75	30	13
1995-07-31	0	9.15	30	12
1995-08-01	0	5.7	31	13
1995-08-02	0	7.95	30	15
1995-08-03	0	9.25	30	15
1995-08-04	0	7.6	30	17
1995-08-05	0	7.15	29	18
1995-08-06	2.3	9.25	26	15
1995-08-07	0	6.7	29	16
1995-08-08	0	6.85	29	12
1995-08-09	14.3	5.9	27	16
1995-08-10	0	6.55	28	15
1995-08-11	6.8	6.75	26	18
1995-08-12	0	6.3	23	15
1995-08-13	0	5.4	25	17
1995-08-14	0	7.4	28	15
1995-08-15	0	6.8	28	16
1995-08-16	0	6.15	25	16
1995-08-17	0	6.75	28	16
1995-08-18	0	7.2	27	15
1995-08-19	0	2.8	28	15
1995-08-20	0	6.5	28	17
1995-08-21	0	7.2	27	16
1995-08-22	0	8	30	15
1995-08-23	0	7.9	29	17
1995-08-24	0	7.1	29	15
1995-08-25	0	8.2	30	15
1995-08-26	42.8	8.6	30	17
1995-08-27	0	7.3	28	17
1995-08-28	0	6.4	27	15
1995-08-29	0	6.15	27	14
1995-08-30	0	6.25	26	15
1995-08-31	0	6.7	27	15
1995-09-01	20.2	7.4	28	18
1995-09-02	7.6	6.75	25	16
1995-09-03	0	7.15	25	16
1995-09-04	0	6.75	27	15
1995-09-05	0	6.15	26	17
1995-09-06	0	7.1	28	15
1995-09-07	0	5.4	26	13
1995-09-08	0	7.05	28	10
1995-09-09	0	7.3	28	10
1995-09-10	0	5.5	27	14
1995-09-11	0	6.95	27	15
1995-09-12	0	7.3	28	15
1995-09-13	0	8.2	30	16
1995-09-14	0	6.8	28	17
1995-09-15	0	7.35	30	13
1995-09-16	0	7.25	28	15
1995-09-17	0	6.7	29	15
1995-09-18	0	8.1	30	15
1995-09-19	0	9.05	30	14
1995-09-20	0	7.25	28	15
1995-09-21	0	8.15	29	14
1995-09-22	0	7.85	28	14
1995-09-23	0	9.6	30	15
1995-09-24	0	8.15	30	14
1995-09-25	0	6.45	30	15
1995-09-26	0	7.45	28	13
1995-09-27	0	8.15	30	14
1995-09-28	0	7.7	28	14
1995-09-29	0	8.25	30	15
1995-09-30	0	7.85	30	15
1995-10-01	0	6.7	30	15
1995-10-02	0	6.6	28	13
1995-10-03	0	7.2	29	15
1995-10-04	0	6.85	30	15
1995-10-05	0	7.1	30	14
1995-10-06	0	8.25	29	14
1995-10-07	0	6.8	28	14
1995-10-08	0	7.85	30	14
1995-10-09	0	4.7	29	15
1995-10-10	0	8.1	30	14
1995-10-11	0	7.6	30	14
1995-10-12	0	7.25	29	15
1995-10-13	0	7.85	28	15
1995-10-14	0	7.35	30	14
1995-10-15	0	6.75	30	14
1995-10-16	0	7.1	29	15
1995-10-17	0	3.55	28	15
1995-10-18	0	7.05	29	15
1995-10-19	0	6.8	28	14
1995-10-20	0	6.8	29	14
1995-10-21	0	8.3	30	14
1995-10-22	0	6.7	30	15
1995-10-23	0	7.3	28	14
1995-10-24	0	6.75	30	15
1995-10-25	9.5	7.8	30	13
1995-10-26	0	8.15	30	14
1995-10-27	0	8.25	31	15
1995-10-28	0	7.5	30	15
1995-10-29	0	6.75	29	15
1995-10-30	0	7.15	30	14
1995-10-31	0	8.25	29	14
1995-11-01	0	7.2	30	15
1995-11-02	0	6.75	29	14
1995-11-03	0	9.3	28	13
1995-11-04	0	5.35	26	15
1995-11-05	0	4.5	26	12
1995-11-06	0	6.9	28	12
1995-11-07	0	8	30	13
1995-11-08	0	6	27	15
1995-11-09	0	8.05	30	14
1995-11-10	0	9.25	29	15
1995-11-11	0	6.95	27	14
1995-11-12	0	5.95	28	15
1995-11-13	0	3.4	30	14
1995-11-14	0	6.9	28	15
1995-11-15	0	8.55	30	15
1995-11-16	0	6.55	29	12
1995-11-17	0	7.3	28	13
1995-11-18	0	13.85	27	14
1995-11-19	0	2.7	29	14
1995-11-20	0	4.15	25	13
1995-11-21	0	1.1	26	15
1995-11-22	0	0.3	25	14
1995-11-23	0	7.3	26	14
1995-11-24	0	6.8	27	15
1995-11-25	0	6.45	25	14
1995-11-26	0	5.5	24	10
1995-11-27	0	5.15	25	6
1995-11-28	0	6.2	27	4
1995-11-29	0	4.9	28	8
1995-11-30	0	1	27	9
1995-12-01	0	5.95	26	8
1995-12-02	0	5.75	27	7
1995-12-03	0	1.7	30	9
1995-12-04	0	6.05	30	8
1995-12-05	0	4.55	28	6
1995-12-06	0	6.05	30	5
1995-12-07	0	5.25	27	5
1995-12-08	0	5.3	24	6
1995-12-09	0	4.6	26	5
1995-12-10	0	6.1	23	6
1995-12-11	0	5.1	24	4
1995-12-12	0	4.8	25	4
1995-12-13	0	5.8	25	5
1995-12-14	0	3.65	27	6
1995-12-15	0	6.1	28	8
1995-12-16	0	5.95	28	8
1995-12-17	0	6.8	29	6
1995-12-18	0	6.3	28	8
1995-12-19	0	5.6	27	7
1995-12-20	0	4.9	26	7
1995-12-21	0	6.55	28	5
1995-12-22	0	5.75	29	7
1995-12-23	0	5.9	26	9
1995-12-24	0	2.75	27	5
1995-12-25	0	4.45	26	8
1995-12-26	0	6.7	26	6
1995-12-27	0	5.8	25	5
1995-12-28	0	4.5	27	9
1995-12-29	3.5	9.3	25	10
1995-12-30	4.7	7.6	26	10
1995-12-31	0	4.7	20	9
1996-01-01	0	6.2	24	5
1996-01-02	0	6	25	5
1996-01-03	0	5.2	25	8
1996-01-04	0	4.15	24	6
1996-01-05	0	4.6	28	5
1996-01-06	0	4.65	24	5
1996-01-07	0	4.95	25	6
1996-01-08	0	5.2	20	3
1996-01-09	0	6.4	25	4
1996-01-10	0	4.6	26	5
1996-01-11	0	6.1	25	5
1996-01-12	0	5.2	27	7
1996-01-13	0	4.9	26	4
1996-01-14	0	4.8	30	2
1996-01-15	0	6.1	27	0
1996-01-16	0	3.5	28	2
1996-01-17	0	6.1	27	5
1996-01-18	0	6.25	28	5
1996-01-19	0	4.45	28	6
1996-01-20	0	6.35	29	5
1996-01-21	0	5.35	29	7
1996-01-22	0	6.05	29	9
1996-01-23	0	6.25	28	8
1996-01-24	0	5.8	29	7
1996-01-25	0	6.1	25	9
1996-01-26	0	3.25	30	6
1996-01-27	0	6.25	28	7
1996-01-28	0	7.4	30	5
1996-01-29	0	6.7	30	7
1996-01-30	0	6.9	29	5
1996-01-31	0	7.25	30	6
1996-02-01	0	6.75	28	7
1996-02-02	0	6.55	27	9
1996-02-03	0	5.95	28	6
1996-02-04	0	4.3	19	5
1996-02-05	0	6.2	25	2
1996-02-06	0	5.77	24	2
1996-02-07	0	6.13	27	1
1996-02-08	0	7.3	28	3
1996-02-09	0	5.8	28	3
1996-02-10	0	7.15	29	6
1996-02-11	0	5.95	27	8
1996-02-12	0	5.8	29	7
1996-02-13	0	1.85	30	9
1996-02-14	0	6.5	29	9
1996-02-15	0	6.95	30	8
1996-02-16	0	8.2	30	7
1996-02-17	0	8	31	10
1996-02-18	0	8.1	30	11
1996-02-19	0	8.7	32	10
1996-02-20	0	8.55	31	9
1996-02-21	0	4.6	30	7
1996-02-22	0	8.95	29	9
1996-02-23	0	7.95	30	9
1996-02-24	0	7.8	31	8
1996-02-25	0	8.2	30	10
1996-02-26	0	9.2	31	11
1996-02-27	0	8.7	30	11
1996-02-28	0	4.6	31	10
1996-02-29	0	4.75	31	10
1996-03-01	0	7.55	29	10
1996-03-02	0	7.15	30	9
1996-03-03	0	9.4	32	7
1996-03-04	0	11.2	31	8
1996-03-05	0	8.8	30	9
1996-03-06	0	8.7	30	11
1996-03-07	0	5.4	28	12
1996-03-08	0	5.35	17	8
1996-03-09	0	3.4	16	5
1996-03-10	0	5.15	24	5
1996-03-11	0	6.2	27	3
1996-03-12	0	8.17	30	3
1996-03-13	0	7.13	30	5
1996-03-14	0	7.8	31	8
1996-03-15	0	8	32	9
1996-03-16	0	8.3	32	10
1996-03-17	0	9.6	30	10
1996-03-18	0	8.6	30	11
1996-03-19	0	9.3	32	10
1996-03-20	0	9.7	23	10
1996-03-21	0	7.35	28	9
1996-03-22	0	7.05	30	8
1996-03-23	0	7.7	30	10
1996-03-24	0	8.9	30	10
1996-03-25	0	7.9	29	12
1996-03-26	0	7.8	29	11
1996-03-27	0	6.75	27	10
1996-03-28	0	8.25	29	9
1996-03-29	0	9.2	30	10
1996-03-30	0	4.55	29	12
1996-03-31	0	8.1	28	11
1996-04-01	0	6.55	29	13
1996-04-02	0	8.05	30	11
1996-04-03	0	7.05	28	9
1996-04-04	0	8.2	29	11
1996-04-05	0	8.05	30	10
1996-04-06	0	9.25	31	9
1996-04-07	0	7.3	30	10
1996-04-08	0	9.35	30	10
1996-04-09	0	8.65	30	11
1996-04-10	0	7.95	31	12
1996-04-11	0	9.6	30	11
1996-04-12	0	8.75	30	11
1996-04-13	0	7.65	32	12
1996-04-14	0	9.05	30	11
1996-04-15	0	6.6	30	12
1996-04-16	0	7.05	27	10
1996-04-17	0	7.75	30	8
1996-04-18	0	8.9	27	10
1996-04-19	0	8.95	31	11
1996-04-20	0	8.65	30	10
1996-04-21	0	9.6	32	11
1996-04-22	0	8.25	34	11
1996-04-23	0	7.25	32	12
1996-04-24	0	9.75	34	12
1996-04-25	0	8.7	33	13
1996-04-26	0	8.95	33	12
1996-04-27	0	9.15	32	12
1996-04-28	0	6.1	33	11
1996-04-29	0	8.55	29	12
1996-04-30	0	9.8	34	10
1996-05-01	0	8.75	34	12
1996-05-02	0	8.85	32	14
1996-05-03	0	8.9	33	14
1996-05-04	0	10.15	32	15
1996-05-05	0	9.2	30	13
1996-05-06	0	9.05	32	11
1996-05-07	0	9.25	30	13
1996-05-08	0	8.9	30	15
1996-05-09	0	10.35	32	14
1996-05-10	0	10.85	33	14
1996-05-11	0	9.85	30	14
1996-05-12	0	9.55	32	13
1996-05-13	0	10.05	33	13
1996-05-14	0	8.1	29	14
1996-05-15	0	10.2	32	11
1996-05-16	0	9.95	29	11
1996-05-17	0	9.05	28	13
1996-05-18	0	5.5	30	12
1996-05-19	0	10.2	31	12
1996-05-20	0	13.05	34	12
1996-05-21	0	10.75	34	12
1996-05-22	0	8.9	32	15
1996-05-23	0	10.9	30	13
1996-05-24	0	11.6	34	12
1996-05-25	0	11.1	33	14
1996-05-26	2.6	1.03	30	14
1996-05-27	0	1.08	32	16
1996-05-28	0	11.35	33	16
1996-05-29	0	14.3	32	17
1996-05-30	0	10.6	31	17
1996-05-31	0	1.17	35	16
1996-06-01	0	9	32	16
1996-06-02	0	8.9	30	14
1996-06-03	0	8.85	29	12
1996-06-04	0	4.6	30	13
1996-06-05	0	10.85	32	12
1996-06-06	0	8.75	30	12
1996-06-07	0	9.3	29	11
1996-06-08	0	10.1	30	10
1996-06-09	11.2	1.23	32	12
1996-06-10	0	8.7	29	15
1996-06-11	4.2	1.04	30	11
1996-06-12	0	9.75	32	15
1996-06-13	0	7.75	29	15
1996-06-14	0	7.9	27	13
1996-06-15	0	8.4	29	15
1996-06-16	7.4	9.2	30	11
1996-06-17	0	8.65	30	14
1996-06-18	0.01	9.15	29	15
1996-06-19	0	3.85	30	13
1996-06-20	0	10.65	31	14
1996-06-21	0	8.8	30	15
1996-06-22	21.7	10.95	30	14
1996-06-23	5.2	11.25	32	15
1996-06-24	14.5	10.6	30	17
1996-06-25	7.3	7.8	27	15
1996-06-26	0	8.35	25	16
1996-06-27	0	7	26	12
1996-06-28	0	6.55	27	13
1996-06-29	4.2	9.7	25	15
1996-06-30	0	6.9	26	16
1996-07-01	0	8.05	27	16
1996-07-02	0	5.2	29	17
1996-07-03	0	9.5	25	17
1996-07-04	0	7.9	27	13
1996-07-05	0	7.65	28	13
1996-07-06	0	9.4	29	14
1996-07-07	0	8.8	27	15
1996-07-08	5.6	7.65	29	12
1996-07-09	0.01	7.05	28	13
1996-07-10	0	5.75	30	14
1996-07-11	0	6.55	28	14
1996-07-12	0	7.1	29	13
1996-07-13	0	3	27	14
1996-07-14	0	5.3	27	14
1996-07-15	0	3.8	30	14
1996-07-16	0.01	3.4	30	14
1996-07-17	0	5.4	29	16
1996-07-18	0	9.3	28	15
1996-07-19	0	8.05	28	16
1996-07-20	0	5.8	29	16
1996-07-21	0	7.85	30	15
1996-07-22	0	8.75	30	15
1996-07-23	0	10.4	31	14
1996-07-24	0	8.7	30	14
1996-07-25	0.01	9.15	30	13
1996-07-26	0	6.55	28	15
1996-07-27	0	5.3	29	12
1996-07-28	0	9.85	30	14
1996-07-29	7.6	8.3	27	15
1996-07-30	0	8.55	30	16
1996-07-31	0	10.1	30	14
1996-08-01	0	8.4	29	15
1996-08-02	0	8.5	30	16
1996-08-03	0	7.8	30	14
1996-08-04	0	7.3	29	15
1996-08-05	0	9.35	30	14
1996-08-06	0	7.85	29	15
1996-08-07	0	8.6	30	12
1996-08-08	3.7	10.2	30	13
1996-08-09	0.01	6.8	28	15
1996-08-10	0	8.2	26	14
1996-08-11	0	4.8	30	12
1996-08-12	0	8.7	30	15
1996-08-13	0	9.15	30	12
1996-08-14	0	6.75	28	15
1996-08-15	0	7.05	27	16
1996-08-16	0.01	7.15	28	13
1996-08-17	0	6.7	28	13
1996-08-18	0	8.05	27	15
1996-08-19	0	5.7	27	14
1996-08-20	0	7.15	27	15
1996-08-21	0	6.35	25	13
1996-08-22	0	7.45	25	15
1996-08-23	0	5.85	19	16
1996-08-24	0.01	6.05	25	17
1996-08-25	0	6.05	26	13
1996-08-26	0	5.8	28	13
1996-08-27	0	6.85	27	17
1996-08-28	0	4.4	28	15
1996-08-29	0	8.4	29	15
1996-08-30	0	8.8	30	15
1996-08-31	0	7.6	30	15
1996-09-01	5.3	7.65	29	14
1996-09-02	58.3	6.69	30	14
1996-09-03	29.7	3.17	28	15
1996-09-04	3.3	5.6	25	15
1996-09-05	0	7.15	27	14
1996-09-06	0	7.9	28	15
1996-09-07	0	8.35	29	14
1996-09-08	0	6.65	27	13
1996-09-09	0	6.8	27	14
1996-09-10	0	8.45	29	13
1996-09-11	0	8.2	29	14
1996-09-12	0	3.55	30	14
1996-09-13	0	7.75	28	15
1996-09-14	0	8.35	29	14
1996-09-15	0	8.75	30	15
1996-09-16	0	11.5	30	15
1996-09-17	35.3	4.23	30	16
1996-09-18	16.2	2.95	30	16
1996-09-19	11.7	2.16	28	15
1996-09-20	9.4	1.94	30	15
1996-09-21	0	5.5	25	16
1996-09-22	0	7.75	25	15
1996-09-23	0	5.85	26	14
1996-09-24	0	7.45	27	15
1996-09-25	0	6.6	28	14
1996-09-26	0	9.35	30	14
1996-09-27	0	7.1	26	16
1996-09-28	0	5.8	27	15
1996-09-29	0	2.6	24	15
1996-09-30	0	5.85	26	10
1996-10-01	6.2	6.35	25	14
1996-10-02	2.8	7.45	24	16
1996-10-03	0	6.15	25	17
1996-10-04	0	6.2	26	16
1996-10-05	4.3	7.4	25	15
1996-10-06	0	5.55	27	14
1996-10-07	0	7.3	27	14
1996-10-08	0	6.3	24	15
1996-10-09	0	5.65	22	11
1996-10-10	0	6.35	24	13
1996-10-11	0	5.7	24	12
1996-10-12	0	6.7	27	9
1996-10-13	0	6.25	26	10
1996-10-14	0	5.25	25	13
1996-10-15	0	8	25	14
1996-10-16	0	7.65	30	10
1996-10-17	0	7.7	30	7
1996-10-18	0	6.15	28	10
1996-10-19	0	11.85	30	10
1996-10-20	0	7.9	29	10
1996-10-21	0	6.1	30	10
1996-10-22	0	6.65	29	12
1996-10-23	3.2	8.45	30	11
1996-10-24	8.4	8.15	28	10
1996-10-25	0	7.8	25	13
1996-10-26	0	9.25	30	15
1996-10-27	0	2.6	28	12
1996-10-28	0	7.55	30	14
1996-10-29	0	9.55	29	15
1996-10-30	0	6.75	28	14
1996-10-31	0	8.95	30	14
1996-11-01	0	9.3	30	11
1996-11-02	0	5.8	25	10
1996-11-03	0	6.1	20	14
1996-11-04	0	5.4	30	10
1996-11-05	0	4.45	32	8
1996-11-06	0	5.05	30	13
1996-11-07	0	8.8	30	13
1996-11-08	0	6.1	17	12
1996-11-09	0	4.6	20	8
1996-11-10	0	4.9	22	4
1996-11-11	0	6.05	26	3
1996-11-12	0	6.15	23	7
1996-11-13	0	6.8	25	10
1996-11-14	0	4.15	25	10
1996-11-15	0	6.15	27	9
1996-11-16	0	6.8	28	8
1996-11-17	0	6.7	27	7
1996-11-18	0	5.9	26	7
1996-11-19	0	6.75	28	5
1996-11-20	0	7.25	30	5
1996-11-21	0	7.8	30	6
1996-11-22	0	6.1	28	5
1996-11-23	0	6.75	29	6
1996-11-24	0	5.55	25	10
1996-11-25	0	6.15	25	10
1996-11-26	0	5.15	17	8
1996-11-27	0	6.3	20	10
1996-11-28	0	5.5	27	10
1996-11-29	0	7.2	30	8
1996-11-30	1.2	8.3	24	9
1996-12-01	0	6.85	27	12
1996-12-02	0	3.8	28	8
1996-12-03	0	5.9	29	10
1996-12-04	0	5.8	28	10
1996-12-05	0	5.65	30	10
1996-12-06	0	7.75	30	9
1996-12-07	0	7.8	30	10
1996-12-08	0	5.8	26	9
1996-12-09	0	7.35	28	8
1996-12-10	0	6.85	30	5
1996-12-11	0	3.6	28	5
1996-12-12	0	5.55	30	5
1996-12-13	0	5.05	25	4
1996-12-14	0	6.4	27	6
1996-12-15	0	6.75	29	6
1996-12-16	0	6.15	26	8
1996-12-17	0	5.75	25	10
1996-12-18	0	4.95	25	12
1996-12-19	0	5.2	10	8
1996-12-20	0	6.5	24	4
1996-12-21	0	1.7	25	5
1996-12-22	0	6.8	28	5
1996-12-23	0	5.9	25	5
1996-12-24	0	6.15	26	4
1996-12-25	0	5.7	25	6
1996-12-26	0	7.4	26	7
1996-12-27	0	5.85	25	7
1996-12-28	0	7.1	27	8
1996-12-29	0	7.05	25	9
1996-12-30	0	5.55	27	10
1996-12-31	0	6.13	28	7
1997-01-01	0	6.7	28	8
1997-01-02	0	5.55	27	6
1997-01-03	0	7.55	28	7
1997-01-04	0	4.85	29	8
1997-01-05	0	6.85	30	7
1997-01-06	0	6.3	27	5
1997-01-07	0	7.85	30	8
1997-01-08	0	3.9	27	8
1997-01-09	0	6.8	29	10
1997-01-10	0	6.1	25	9
1997-01-11	0	4.5	25	5
1997-01-12	0	6.15	26	1
1997-01-13	0	6.25	27	2
1997-01-14	0	5.6	22	5
1997-01-15	0	7.35	28	5
1997-01-16	0	5.95	23	6
1997-01-17	0	6.2	25	5
1997-01-18	0	4.3	23	4
1997-01-19	0	6.4	25	5
1997-01-20	0	6.7	27	9
1997-01-21	0	5.75	27	7
1997-01-22	0	8.5	30	9
1997-01-23	0	6.85	30	7
1997-01-24	0	6.05	29	5
1997-01-25	0	5.75	27	5
1997-01-26	0	7.5	30	6
1997-01-27	0	3.4	27	7
1997-01-28	0	6.1	22	6
1997-01-29	0	7.1	25	5
1997-01-30	0	5.6	25	8
1997-01-31	0	7.5	28	6
1997-02-01	0	5.8	28	7
1997-02-02	0	6.15	25	10
1997-02-03	0	5.45	28	10
1997-02-04	0	6.95	30	10
1997-02-05	0	6.7	22	10
1997-02-06	0	6.7	28	10
1997-02-07	0	7.85	30	9
1997-02-08	0	6.15	26	12
1997-02-09	0	6.15	30	10
1997-02-10	0	5.75	28	10
1997-02-11	0	8.4	30	8
1997-02-12	0	7.85	30	10
1997-02-13	0	5.6	28	10
1997-02-14	0	6.3	30	11
1997-02-15	0	8.75	20	10
1997-02-16	0	5.05	25	6
1997-02-17	0	6.8	25	10
1997-02-18	0	5.75	28	6
1997-02-19	0	8.3	30	6
1997-02-20	0	6.65	30	9
1997-02-21	0	8.55	30	7
1997-02-22	0	5.4	23	10
1997-02-23	0	6.85	30	6
1997-02-24	0	7.9	31	8
1997-02-25	0	8.45	28	9
1997-02-26	0	6.8	30	10
1997-02-27	0	8.1	30	10
1997-02-28	0	10.4	31	8
1997-03-01	0	2.6	33	10
1997-03-02	0	7.7	32	11
1997-03-03	0	7.4	29	10
1997-03-04	0	8.05	30	9
1997-03-05	0	7.65	30	10
1997-03-06	0	9.5	31	9
1997-03-07	0	7.4	30	10
1997-03-08	0	8.05	30	10
1997-03-09	0	6.5	30	10
1997-03-10	0	6.9	29	10
1997-03-11	0	6.85	30	11
1997-03-12	0	8.55	30	11
1997-03-13	0	6.75	29	10
1997-03-14	0	7.95	30	9
1997-03-15	0	8.1	30	11
1997-03-16	0	8.25	31	10
1997-03-17	0	7.6	30	11
1997-03-18	15.3	7.7	32	9
1997-03-19	4.7	7.6	22	12
1997-03-20	0	6.7	25	9
1997-03-21	10.1	5.5	25	10
1997-03-22	5.8	5.5	20	10
1997-03-23	0	7.3	27	7
1997-03-24	0	7.7	30	8
1997-03-25	0	6.5	30	10
1997-03-26	2.5	7.8	30	10
1997-03-27	0	7.85	31	12
1997-03-28	0	7.35	30	12
1997-03-29	0	7.35	31	10
1997-03-30	10.4	7.25	33	12
1997-03-31	2.1	7.85	28	12
1997-04-01	0	6.72	30	13
1997-04-02	0	8.23	33	13
1997-04-03	2.5	8.1	32	14
1997-04-04	0	8.6	30	14
1997-04-05	0	6.5	28	11
1997-04-06	4.3	7.46	30	11
1997-04-07	3.5	4.85	29	12
1997-04-08	0	6.6	28	15
1997-04-09	4.2	6.45	27	12
1997-04-10	0	5.32	27	12
1997-04-11	0	5.63	28	11
1997-04-12	0	5.77	30	12
1997-04-13	0	6.6	27	15
1997-04-14	5.2	8.25	25	12
1997-04-15	18.3	3.1	26	12
1997-04-16	6.5	6.85	29	12
1997-04-17	1.2	6.9	25	13
1997-04-18	0	5.8	28	14
1997-04-19	0	6.3	30	13
1997-04-20	4.3	9	34	14
1997-04-21	0	7.55	30	12
1997-04-22	0	11.25	32	10
1997-04-23	0	9	33	10
1997-04-24	0	6.25	32	10
1997-04-25	0	5.95	30	10
1997-04-26	0	8.45	33	7
1997-04-27	0	9.2	30	7
1997-04-28	0	7.55	32	9
1997-04-29	0	7.2	30	8
1997-04-30	0	10.3	35	8
1997-05-01	0	2.3	30	10
1997-05-02	0	7.8	30	10
1997-05-03	0	9.8	33	10
1997-05-04	0	6.75	28	12
1997-05-05	0	7.95	32	12
1997-05-06	0	8.8	32	10
1997-05-07	0	9.9	35	10
1997-05-08	12.8	7.8	34	10
1997-05-09	23.7	8.3	32	10
1997-05-10	3.2	6.4	30	12
1997-05-11	2.3	6.8	30	10
1997-05-12	0	6.35	32	11
1997-05-13	4.6	9.1	32	12
1997-05-14	8.6	9.65	30	14
1997-05-15	9.4	8.6	30	10
1997-05-16	3.2	9.6	30	10
1997-05-17	28.2	8.9	32	12
1997-05-18	0	9.95	31	10
1997-05-19	6.2	9.55	34	12
1997-05-20	29.3	10.1	31	12
1997-05-21	0	6.1	30	11
1997-05-22	5.8	9.3	30	10
1997-05-23	5.7	9.75	30	12
1997-05-24	0	9.05	32	10
1997-05-25	0	7.5	32	10
1997-05-26	6.7	8.85	34	15
1997-05-27	0	6.95	32	11
1997-05-28	0	8.6	30	10
1997-05-29	0	6.15	30	12
1997-05-30	0	3.85	31	11
1997-05-31	0	8.85	33	12
1997-06-01	0	8	32	10
1997-06-02	0	8.65	34	10
1997-06-03	0	10.5	35	12
1997-06-04	0	7.35	33	10
1997-06-05	0	11.3	32	10
1997-06-06	9.8	9.65	35	11
1997-06-07	1.7	9.25	32	12
1997-06-08	0	8.3	35	15
1997-06-09	0	12.05	33	15
1997-06-10	0	7.3	34	13
1997-06-11	0	10.3	35	13
1997-06-12	0	10.35	35	12
1997-06-13	0	6.6	37	11
1997-06-14	0	8.8	35	10
1997-06-15	0	10.5	34	11
1997-06-16	0	11.35	35	12
1997-06-17	0	12.1	37	12
1997-06-18	0	8.4	35	15
1997-06-19	0	8.9	35	15
1997-06-20	0	12.1	36	12
1997-06-21	3.9	8.8	32	12
1997-06-22	19.4	9.5	34	14
1997-06-23	26.2	8.75	29	15
1997-06-24	0	13.6	30	13
1997-06-25	0	9.5	30	12
1997-06-26	0	4.4	30	13
1997-06-27	0	8.5	30	12
1997-06-28	0	7.4	32	13
1997-06-29	0	9.4	30	13
1997-06-30	0	7.9	29	12
1997-07-01	0	10.05	30	10
1997-07-02	0	10.65	30	14
1997-07-03	0	9.6	32	15
1997-07-04	0	9.15	30	15
1997-07-05	0	7.5	31	14
1997-07-06	0	9.6	32	12
1997-07-07	0	8.7	34	12
1997-07-08	0	7.6	30	12
1997-07-09	0	7.6	35	13
1997-07-10	0	10.9	32	11
1997-07-11	0	9.4	32	13
1997-07-12	0	10.95	32	13
1997-07-13	0	7.81	33	12
1997-07-14	0	8.94	34	13
1997-07-15	0	4.65	35	11
1997-07-16	0	8.95	34	12
1997-07-17	0	8.9	33	12
1997-07-18	16.2	7.45	33	14
1997-07-19	2.3	6.6	30	14
1997-07-20	1.3	7.75	35	14
1997-07-21	0	8.05	34	13
1997-07-22	0	7.6	32	12
1997-07-23	0	8.6	32	11
1997-07-24	0	9.2	33	10
1997-07-25	0	9.2	35	12
1997-07-26	0	8.65	35	12
1997-07-27	0	10.05	34	13
1997-07-28	0	4.9	33	13
1997-07-29	0	8.7	33	13
1997-07-30	0	9.65	35	12
1997-07-31	0	8.85	33	12
1997-08-01	0	9.85	34	11
1997-08-02	0	8.1	34	11
1997-08-03	0	9.8	33	12
1997-08-04	0	11.4	35	11
1997-08-05	0	9.95	33	12
1997-08-06	0	8.3	32	12
1997-08-07	0	9.85	35	11
1997-08-08	0	7.45	35	12
1997-08-09	40.3	10.8	34	11
1997-08-10	0	8.5	34	12
1997-08-11	0	8.15	33	13
1997-08-12	0	9.25	32	11
1997-08-13	0	7.65	32	11
1997-08-14	6.2	13.8	32	13
1997-08-15	0	9.1	35	12
1997-08-16	0	9.35	35	13
1997-08-17	3.6	9.5	34	14
1997-08-18	0	7.5	30	13
1997-08-19	0	8.15	32	10
1997-08-20	0	8.85	35	11
1997-08-21	0	7.85	30	12
1997-08-22	0	10.45	33	12
1997-08-23	0	7.8	33	11
1997-08-24	0	5.85	30	11
1997-08-25	0	10.05	32	11
1997-08-26	0	8.3	35	12
1997-08-27	0	8.35	32	13
1997-08-28	0.01	6.85	30	11
1997-08-29	0	8.1	30	12
1997-08-30	0	9.75	30	11
1997-08-31	0	6.75	33	12
1997-09-01	0	8.35	34	12
1997-09-02	0	8.45	32	12
1997-09-03	0	8.1	32	12
1997-09-04	0	7.95	29	13
1997-09-05	0	7.15	25	15
1997-09-06	0	7.75	28	15
1997-09-07	0	2.8	30	14
1997-09-08	0	6.5	30	12
1997-09-09	0	9.35	32	13
1997-09-10	0	6.95	30	12
1997-09-11	0	7.75	31	12
1997-09-12	0	7.9	32	13
1997-09-13	0	6.8	30	14
1997-09-14	0	7.4	29	12
1997-09-15	0	3.8	30	14
1997-09-16	0	8.6	30	11
1997-09-17	0	8.85	31	13
1997-09-18	0	7.95	30	12
1997-09-19	0	7.25	30	12
1997-09-20	0	7.15	29	12
1997-09-21	0	6.7	30	13
1997-09-22	0	8.4	31	12
1997-09-23	0	6.85	30	12
1997-09-24	0	7.5	31	13
1997-09-25	9.3	8.55	28	14
1997-09-26	0	7.1	29	15
1997-09-27	0	7.8	30	11
1997-09-28	0	6.75	31	12
1997-09-29	0	7.05	30	13
1997-09-30	0	7.2	30	12
1997-10-01	0	6.7	30	12
1997-10-02	0	3.3	30	12
1997-10-03	0	8.35	30	13
1997-10-04	0	7.4	31	13
1997-10-05	0	7.6	30	12
1997-10-06	0	6.93	30	15
1997-10-07	0	11.02	32	15
1997-10-08	0.01	5.05	31	15
1997-10-09	4.2	7.15	30	15
1997-10-10	0	6.8	30	15
1997-10-11	9.5	4.65	29	16
1997-10-12	7.6	4.19	30	13
1997-10-13	12.7	3.85	24	14
1997-10-14	0	4.2	22	11
1997-10-15	0	4.15	18	7
1997-10-16	0	5.25	20	6
1997-10-17	0	5.15	22	5
1997-10-18	0	6.15	29	2
1997-10-19	0	6.3	30	2
1997-10-20	0	6.95	30	4
1997-10-21	0	6.4	30	5
1997-10-22	0	5.05	31	5
1997-10-23	0	7.25	30	7
1997-10-24	0	6.6	32	10
1997-10-25	0	6.7	30	11
1997-10-26	0	7.2	31	12
1997-10-27	0	6.75	30	14
1997-10-28	0	5.55	32	11
1997-10-29	0	5.25	32	10
1997-10-30	0	8.45	30	11
1997-10-31	0	8.4	32	12
1997-11-01	0	2.4	34	12
1997-11-02	0	8.25	28	12
1997-11-03	0	6.95	29	12
1997-11-04	0	8.25	32	12
1997-11-05	0	4.65	28	8
1997-11-06	0	6.85	28	4
1997-11-07	0	7.3	30	7
1997-11-08	0	6.95	25	12
1997-11-09	0	6.6	29	12
1997-11-10	6.4	10.15	30	10
1997-11-11	0	9.15	27	13
1997-11-12	0	6.7	29	12
1997-11-13	0	8	30	14
1997-11-14	0	6.8	30	10
1997-11-15	0	5.25	28	6
1997-11-16	0	5.3	24	11
1997-11-17	0	3.7	25	12
1997-11-18	0	5.4	28	10
1997-11-19	0	6.3	27	12
1997-11-20	0	7.3	30	8
1997-11-21	0	6.8	30	10
1997-11-22	0	6.75	26	8
1997-11-23	0	6.15	27	10
1997-11-24	0	6.5	24	10
1997-11-25	0	5.75	26	11
1997-11-26	0	1.15	30	11
1997-11-27	0	7.45	30	7
1997-11-28	0	6	29	8
1997-11-29	0	6.3	30	8
1997-11-30	5	10.3	29	10
1997-12-01	0	7.05	30	5
1997-12-02	0	5.85	30	6
1997-12-03	0	6.7	30	8
1997-12-04	0	5.7	25	7
1997-12-05	0	7.15	30	5
1997-12-06	0	4.5	29	7
1997-12-07	0	8.35	31	6
1997-12-08	0	6.85	30	8
1997-12-09	0	6.7	31	4
1997-12-10	0	8.3	32	5
1997-12-11	0	9.7	30	4
1997-12-12	0	3.3	20	4
1997-12-13	0	4.8	12	1
1997-12-14	0	5.05	25	1
1997-12-15	0	3.4	28	1
1997-12-16	0	6.5	30	2
1997-12-17	0	4.4	28	3
1997-12-18	0	5.25	28	7
1997-12-19	0	7.75	32	5
1997-12-20	0	7.8	30	5
1997-12-21	0	9.55	32	10
1997-12-22	0	5.6	28	10
1997-12-23	0	8.25	30	8
1997-12-24	0	5.6	30	12
1997-12-25	0	8.3	33	8
1997-12-26	0	7.4	34	4
1997-12-27	0	5.8	31	6
1997-12-28	0	7.4	31	2
1997-12-29	0	5.85	30	1
1997-12-30	0	5.7	30	1
1997-12-31	0	6.55	25	0
1998-01-01	0	7.1	31	0
1998-01-02	0	5.3	30	4
1998-01-03	0	7.05	30	7
1998-01-04	0	7.05	31	8
1998-01-05	0	7.2	31	5
1998-01-06	0	6.8	30	6
1998-01-07	0	7.1	30	5
1998-01-08	0	8.15	31	4
1998-01-09	0	8.85	32	2
1998-01-10	0	6.5	33	2
1998-01-11	0	8.95	32	3
1998-01-12	0	8.3	30	2
1998-01-13	0	7.8	32	6
1998-01-14	0	6.75	31	2
1998-01-15	0	7.25	31	6
1998-01-16	0	7.75	30	7
1998-01-17	0	0.6	27	8
1998-01-18	2.3	8.9	26	5
1998-01-19	0	4.5	22	3
1998-01-20	0	6.7	31	2
1998-01-21	0	5.65	30	9
1998-01-22	0	7.9	32	7
1998-01-23	0	6.65	30	6
1998-01-24	0	6.7	27	7
1998-01-25	0	7.3	30	3
1998-01-26	0	6.9	31	5
1998-01-27	0	6.9	30	5
1998-01-28	0	7	31	5
1998-01-29	0	7	30	7
1998-01-30	0	7.35	32	5
1998-01-31	0	6.5	30	7
1998-02-01	0	7.85	31	6
1998-02-02	3.2	5.05	22	10
1998-02-03	0	6.95	30	6
1998-02-04	0	6.45	32	3
1998-02-05	0	7.45	30	2
1998-02-06	0	5.05	30	4
1998-02-07	0	7.2	30	2
1998-02-08	0	7.35	30	6
1998-02-09	0	7.35	31	8
1998-02-10	0	8.15	31	4
1998-02-11	0	6.35	32	2
1998-02-12	0	6.35	32	3
1998-02-13	0	6.52	32	6
1998-02-14	0	3.7	30	7
1998-02-15	0	6.6	27	8
1998-02-16	0	8.1	22	4
1998-02-17	0	6.8	30	9
1998-02-18	0	8.15	30	6
1998-02-19	0	6.75	30	6
1998-02-20	0	8.6	30	2
1998-02-21	0	6.6	30	7
1998-02-22	0	2.35	30	7
1998-02-23	0	6.95	31	5
1998-02-24	0	8.4	30	4
1998-02-25	0	8	32	5
1998-02-26	0	7.8	31	5
1998-02-27	0	8.05	31	5
1998-02-28	0	8.01	30	5
1998-03-01	0	7.95	21	11
1998-03-02	0	8.15	27	12
1998-03-03	0	5.1	28	11
1998-03-04	0	8.15	28	21
1998-03-05	0	8.15	27	20
1998-03-06	0	7.9	21	16
1998-03-07	0	8.45	25	14
1998-03-08	0	5.75	26	11
1998-03-09	0	7	23	12
1998-03-10	0	8.2	24	13
1998-03-11	0	6.25	27	12
1998-03-12	0	7.15	25	20
1998-03-13	0	7.9	30	19
1998-03-14	0	8.2	31	15
1998-03-15	0	6.9	23	11
1998-03-16	0	9.35	24	10
1998-03-17	0	9.15	18	12
1998-03-18	0	2.7	26	10
1998-03-19	0	6.75	27	12
1998-03-20	0	8.3	27	20
1998-03-21	0	7.85	24	20
1998-03-22	0	6.65	28	10
1998-03-23	0	6.95	32	12
1998-03-24	0	8.2	28	10
1998-03-25	0	8.1	28	12
1998-03-26	0	3.7	20	11
1998-03-27	0	8.7	21	12
1998-03-28	0	7.75	20	11
1998-03-29	0	9.4	30	11
1998-03-30	0	7.95	28	12
1998-03-31	0	7.75	27	11
1998-04-01	0	8.3	24	10
1998-04-02	0	5.55	21	11
1998-04-03	0	8.15	27	12
1998-04-04	0	7.55	28	11
1998-04-05	0	8.15	28	12
1998-04-06	0	9.2	28	14
1998-04-07	0	8.9	26	16
1998-04-08	0	7.65	27	17
1998-04-09	0	7.85	26	16
1998-04-10	0	2.7	25	14
1998-04-11	0	7.75	25	11
1998-04-12	0	8.95	26	12
1998-04-13	0	8.1	23	12
1998-04-14	0	8.3	24	13
1998-04-15	0	6.35	27	12
1998-04-16	0	8.45	25	16
1998-04-17	0	7.75	27	19
1998-04-18	0	6.85	30	18
1998-04-19	0	7.55	31	14
1998-04-20	0	9.3	32	10
1998-04-21	0	8.2	25	10
1998-04-22	0	7.7	23	10
1998-04-23	0	6.6	14	10
1998-04-24	0	8.6	24	10
1998-04-25	0	3.7	25	12
1998-04-26	0	9.2	18	11
1998-04-27	0	7.7	20	10
1998-04-28	0	9.05	27	12
1998-04-29	0	7.75	27	16
1998-04-30	0	8.15	26	20
1998-05-01	0	7.95	27	11
1998-05-02	0	1.3	30	10
1998-05-03	0	9.4	25	10
1998-05-04	0	9.2	25	10
1998-05-05	0	9.8	31	10
1998-05-06	0	7.7	30	11
1998-05-07	0	4.9	26	11
1998-05-08	0	8.25	32	11
1998-05-09	0	8.15	27	12
1998-05-10	0	8.9	32	13
1998-05-11	0	8.85	30	12
1998-05-12	0	7.55	21	11
1998-05-13	0	8.15	27	12
1998-05-14	0	8.15	22	13
1998-05-15	0	7.5	28	11
1998-05-16	0	7.75	18	13
1998-05-17	0	3.6	20	13
1998-05-18	0	6.7	19	12
1998-05-19	0	10.2	16	9
1998-05-20	0	9.2	20	9
1998-05-21	0	7.7	15	8
1998-05-22	0	9.1	27	10
1998-05-23	0	7.75	17	10
1998-05-24	0	3.4	19	11
1998-05-25	0	8.85	20	10
1998-05-26	0	10.5	34	13
1998-05-27	0	8.75	26	15
1998-05-28	0	8.15	18	14
1998-05-29	0	10.2	32	10
1998-05-30	0	9.75	30	11
1998-05-31	0	7.6	28	11
1998-06-01	0	8.65	20	10
1998-06-02	0	7.05	25	11
1998-06-03	0	9.5	18	12
1998-06-04	0	8.05	21	13
1998-06-05	0	9.1	18	14
1998-06-06	0	7.95	20	14
1998-06-07	0	6.55	18	15
1998-06-08	0	7.85	17	13
1998-06-09	0	7.8	20	13
1998-06-10	0	8.1	22	12
1998-06-11	0	7.6	18	14
1998-06-12	0	7.3	21	14
1998-06-13	0	8.25	20	15
1998-06-14	0	1.75	20	13
1998-06-15	0	8.15	18	10
1998-06-16	0	6.65	17	10
1998-06-17	0	7.85	20	12
1998-06-18	0	6.7	18	14
1998-06-19	0	8.65	19	15
1998-06-20	0	7.75	20	15
1998-06-21	0	6.7	19	15
1998-06-22	0	1.7	17	14
1998-06-23	0	6.8	19	13
1998-06-24	0	7.85	20	14
1998-06-25	0	6.7	18	12
1998-06-26	19.7	5.25	19	12
1998-06-27	0	7.8	20	14
1998-06-28	0	9.35	21	14
1998-06-29	6.7	7.6	20	15
1998-06-30	0	7.55	20	14
1998-07-01	0	8.35	19	15
1998-07-02	0	7.25	19	13
1998-07-03	2.7	10.2	22	15
1998-07-04	0	5.6	20	14
1998-07-05	0	6.55	20	14
1998-07-06	0	7.15	19	13
1998-07-07	0	8.4	20	14
1998-07-08	0	6.6	18	10
1998-07-09	0	9.3	20	14
1998-07-10	0.01	7.9	21	13
1998-07-11	0	8.1	23	15
1998-07-12	0.01	7.55	20	16
1998-07-13	0	6.65	19	14
1998-07-14	22.7	8.5	21	13
1998-07-15	0	7.5	20	14
1998-07-16	0	8.05	20	15
1998-07-17	0	7.15	19	12
1998-07-18	0.01	6.7	18	12
1998-07-19	0	8.35	20	12
1998-07-20	0	8.65	22	13
1998-07-21	0	7.15	18	14
1998-07-22	0	3.9	19	12
1998-07-23	0	5.8	20	13
1998-07-24	0	6.7	18	14
1998-07-25	0	6.85	18	13
1998-07-26	0	8.45	20	12
1998-07-27	0	7.6	21	13
1998-07-28	0	7.55	19	15
1998-07-29	0	7.75	20	12
1998-07-30	0	5.7	22	12
1998-07-31	0	4.9	21	13
1998-08-01	0	8.65	23	13
1998-08-02	0	8.1	20	14
1998-08-03	0	8.1	21	12
1998-08-04	0	5.8	20	12
1998-08-05	2.8	10.65	21	13
1998-08-06	8.7	8.15	20	12
1998-08-07	0	7.1	22	13
1998-08-08	0	5.6	21	14
1998-08-09	0	8.1	21	13
1998-08-10	0	7.55	22	12
1998-08-11	0	8.45	20	13
1998-08-12	0	6.5	19	12
1998-08-13	0	7.35	20	12
1998-08-14	2.6	7.55	19	11
1998-08-15	3.2	7.55	18	13
1998-08-16	7.9	4.65	18	13
1998-08-17	0	6.7	21	13
1998-08-18	0	8.2	19	14
1998-08-19	6.4	7.2	20	14
1998-08-20	0	5.55	20	14
1998-08-21	0	8.15	19	14
1998-08-22	0	7.2	18	15
1998-08-23	0	6.9	18	15
1998-08-24	0	7.1	19	13
1998-08-25	19.8	8.05	20	14
1998-08-26	0	8.3	19	14
1998-08-27	0	6.85	18	13
1998-08-28	0	8.4	19	12
1998-08-29	0	8.4	20	13
1998-08-30	0	6.95	18	14
1998-08-31	0	6.75	18	12
1998-09-01	8.8	7.55	20	13
1998-09-02	0	7.05	19	16
1998-09-03	0	7.3	18	13
1998-09-04	0	6.8	18	13
1998-09-05	0	8.15	18	12
1998-09-06	0	6.7	19	15
1998-09-07	24.5	6.8	19	15
1998-09-08	0	7.9	19	15
1998-09-09	0	7.45	20	13
1998-09-10	0	8.25	19	14
1998-09-11	0	7.8	19	13
1998-09-12	0	8.1	18	14
1998-09-13	0	9.2	20	13
1998-09-14	0	8.55	21	14
1998-09-15	0	5.75	19	15
1998-09-16	16.7	10.95	20	14
1998-09-17	12.7	12.7	19	15
1998-09-18	0	5.15	20	15
1998-09-19	12.3	7.15	18	14
1998-09-20	7.9	7.9	20	15
1998-09-21	0	6.9	20	14
1998-09-22	0	5.85	21	15
1998-09-23	0	7.75	20	16
1998-09-24	4.3	6.7	20	13
1998-09-25	0	6.7	19	14
1998-09-26	0	7.65	20	13
1998-09-27	0	7.85	19	16
1998-09-28	0	4.8	20	15
1998-09-29	0	6.1	18	14
1998-09-30	0	8.65	16	14
1998-10-01	8.7	5.85	20	15
1998-10-02	52.7	7.7	18	14
1998-10-03	0	5.9	19	13
1998-10-04	11.6	5.7	18	13
1998-10-05	8.2	8.2	18	12
1998-10-06	7.8	7.8	19	12
1998-10-07	0	5.8	17	14
1998-10-08	0	4.6	18	10
1998-10-09	0	6.15	17	11
1998-10-10	0	5.15	18	11
1998-10-11	0	6.6	17	10
1998-10-12	3.7	4	18	12
1998-10-13	0	6.85	19	12
1998-10-14	0	6.95	18	12
1998-10-15	0	7.3	17	13
1998-10-16	0	5.75	17	14
1998-10-17	0	4.55	19	13
1998-10-18	0	6.85	18	13
1998-10-19	0	8.75	19	14
1998-10-20	1.7	9.3	20	16
1998-10-21	0	5.6	18	12
1998-10-22	0	7.6	19	11
1998-10-23	0	6.85	19	11
1998-10-24	0	5.7	18	12
1998-10-25	0	6.6	19	12
1998-10-26	0	6.9	18	12
1998-10-27	0	6.85	19	13
1998-10-28	0	7.45	17	12
1998-10-29	0	6.7	18	10
1998-10-30	0	8.35	17	11
1998-10-31	0	6.55	18	11
1998-11-01	0	5.55	17	12
1998-11-02	0	7.05	19	9
1998-11-03	0	7.1	18	10
1998-11-04	0	6.65	18	10
1998-11-05	0	7.05	16	10
1998-11-06	0	7.5	14	11
1998-11-07	0	7.5	18	11
1998-11-08	0	8.35	20	12
1998-11-09	0	4.85	19	13
1998-11-10	0	8.85	20	11
1998-11-11	0	6.55	18	12
1998-11-12	0	7	17	13
1998-11-13	0	7.25	18	10
1998-11-14	0	8.2	19	10
1998-11-15	0	7.6	20	9
1998-11-16	0	7.15	14	10
1998-11-17	0	4.2	13	8
1998-11-18	0	7.15	12	9
1998-11-19	0	7.3	12	7
1998-11-20	0	6.7	15	7
1998-11-21	0	7.25	17	8
1998-11-22	0	7.1	19	10
1998-11-23	0	8.5	18	12
1998-11-24	0	5.8	17	10
1998-11-25	0	8.08	18	9
1998-11-26	0	5.27	14	10
1998-11-27	0	7.45	12	9
1998-11-28	0	6.75	14	9
1998-11-29	0	6.2	12	10
1998-11-30	0	6.95	12	7
1998-12-01	0	7.2	13	10
1998-12-02	0	5.5	11	9
1998-12-03	0	6.6	10	7
1998-12-04	0	5.65	9	5
1998-12-05	0	7.15	11	7
1998-12-06	0	6.65	14	9
1998-12-07	0	7.75	12	10
1998-12-08	0	6.55	13	9
1998-12-09	0	7.25	12	10
1998-12-10	0	5.9	11	8
1998-12-11	0	6.15	12	7
1998-12-12	0	6.4	10	9
1998-12-13	0	7.5	14	7
1998-12-14	0	5.65	12	8
1998-12-15	0	5.75	9	6
1998-12-16	0	5.55	8	5
1998-12-17	0	5.35	9	4
1998-12-18	0	7.25	11	6
1998-12-19	0	5.95	11	7
1998-12-20	0	6.85	9	6
1998-12-21	0	3.35	12	6
1998-12-22	0	6.25	10	7
1998-12-23	0	5.7	10	4
1998-12-24	0	7.35	12	5
1998-12-25	0	7.05	11	7
1998-12-26	0	7.9	13	7
1998-12-27	0	5.6	12.1	9
1998-12-28	0	6.1	12	7
1998-12-29	0	7.05	13	7
1998-12-30	0	3.5	11	8
1998-12-31	0	5.6	10	7
1999-01-01	0	5.75	11	6
1999-01-02	0	7.4	13	7
1999-01-03	0	5.75	14	9
1999-01-04	0	6.25	16	6
1999-01-05	0	6.85	10	4
1999-01-06	0	7.25	11	5
1999-01-07	0	2.5	12	7
1999-01-08	0	5.35	12	6
1999-01-09	0	5.55	12	9
1999-01-10	0	5.9	11	5
1999-01-11	0	7.2	14	3
1999-01-12	0	6.97	12	5
1999-01-13	0	6.18	10	1
1999-01-14	0	6.95	14	0
1999-01-15	0	6.8	16	8
1999-01-16	0	6.2	15	5
1999-01-17	0	6.45	16	9
1999-01-18	0	5.85	15	5
1999-01-19	0	6.2	9	2
1999-01-20	0	5.9	11	3
1999-01-21	0	6.15	10	4
1999-01-22	0	6.95	10	3
1999-01-23	0	6.2	9	4
1999-01-24	0	4.55	9	3
1999-01-25	0	6.8	9	4
1999-01-26	0	2.25	13	3
1999-01-27	0	7.65	11	5
1999-01-28	0	6.5	14	5
1999-01-29	0	6.3	13	6
1999-01-30	0	6.7	15	5
1999-01-31	0	6.2	16	8
1999-02-01	0	6.16	12	6
1999-02-02	0	5.04	14	4
1999-02-03	0	4.3	10	5
1999-02-04	0	5.5	16	3
1999-02-05	0	6.2	15	5
1999-02-06	0	6.2	15	5
1999-02-07	0	5.7	14	6
1999-02-08	0	5.8	12	5
1999-02-09	0	5	12	4
1999-02-10	0	5.8	15	4
1999-02-11	0	6.45	15	7
1999-02-12	0	5.95	13	9
1999-02-13	0	6.05	12	8
1999-02-14	0	5.3	10	4
1999-02-15	0	6.15	9	3
1999-02-16	0	5.95	12	3
1999-02-17	0	6.5	14	8
1999-02-18	0	4.4	20	10
1999-02-19	0	5.3	20	12
1999-02-20	0	5.1	18	8
1999-02-21	0	4.8	17	10
1999-02-22	0	5.85	24	12
1999-02-23	0	5.4	24	11
1999-02-24	0	5.3	20	11
1999-02-25	0	4.6	16	10
1999-02-26	0	5.2	18	11
1999-02-27	0	6.15	18	13
1999-02-28	0	5.8	18	14
1999-03-01	0	6.4	18	15
1999-03-02	0	7.1	25	12
1999-03-03	0	3.6	25	12
1999-03-04	0	7.1	27	12
1999-03-05	0	7.6	30	10
1999-03-06	0	7.4	25	10
1999-03-07	0	6.8	27	10
1999-03-08	0	7	23	10
1999-03-09	0	6.9	23	10
1999-03-10	0	8.5	25	12
1999-03-11	0	4.55	27	12
1999-03-12	0	7.15	28	13
1999-03-13	0	6.6	27	14
1999-03-14	0	6	28	13
1999-03-15	0	7.4	27	10
1999-03-16	0	6.65	28	12
1999-03-17	0	7.55	27	10
1999-03-18	0	4.8	28	10
1999-03-19	0	6.8	25	10
1999-03-20	0	3.6	25	12
1999-03-21	0	7.1	27	12
1999-03-22	0	8.2	28	13
1999-03-23	0	4.1	27	14
1999-03-24	0	6.7	20	13
1999-03-25	0	6.85	27	12
1999-03-26	0	6.75	28	12
1999-03-27	0	5.8	27	10
1999-03-28	0	6.6	27	10
1999-03-29	0	6.6	25	10
1999-03-30	0	7.1	25	10
1999-03-31	0	7.6	26	10
1999-04-01	0	8.4	27	10
1999-04-02	0	4.8	18	13
1999-04-03	0	8.6	28	12
1999-04-04	0	7.6	27	10
1999-04-05	0	5.6	32	13
1999-04-06	0	7.8	30	12
1999-04-07	0.01	5.8	25	13
1999-04-08	0	7.2	27	13
1999-04-09	0	6.3	20	13
1999-04-10	0	6.85	29	10
1999-04-11	0	7.95	30	11
1999-04-12	0	6.8	27	12
1999-04-13	0	1.6	25	10
1999-04-14	0	5.5	25	12
1999-04-15	0	4.2	23	11
1999-04-16	0	8.2	16	10
1999-04-17	0	6.05	17	10
1999-04-18	0	5.85	15	10
1999-04-19	0	7.3	25	10
1999-04-20	0	5.65	18	10
1999-04-21	0	5.95	17	12
1999-04-22	0	9.55	28	12
1999-04-23	0	9.7	31	12
1999-04-24	0	8.05	30	10
1999-04-25	0	5.75	27	12
1999-04-26	0	7.35	26	12
1999-04-27	0	6.55	25	12
1999-04-28	0	9.1	31	12
1999-04-29	0	6.8	22	10
1999-04-30	0	2.6	25	12
1999-05-01	0	4.6	27	13
1999-05-02	0	6.15	25	13
1999-05-03	0	7.3	28	12
1999-05-04	0	6.5	27	10
1999-05-05	0	9.35	32	13
1999-05-06	0	9.1	30	12
1999-05-07	0	6.75	25	13
1999-05-08	0	6.95	27	13
1999-05-09	0	6.6	25	13
1999-05-10	0	8.1	27	12
1999-05-11	0	8.8	30	12
1999-05-12	0	7.1	27	10
1999-05-13	0	6.5	28	10
1999-05-14	0	7.2	27	12
1999-05-15	0	8.3	31	13
1999-05-16	0	6.6	27	12
1999-05-17	0	7.6	28	12
1999-05-18	0	8.3	30	12
1999-05-19	0	6.3	27	13
1999-05-20	0	7.7	25	12
1999-05-21	0	6.75	27	10
1999-05-22	0	5.95	25	11
1999-05-23	0	8.9	27	11
1999-05-24	0	8.1	30	10
1999-05-25	0	6.7	27	10
1999-05-26	3.8	12.75	30	12
1999-05-27	0	6.95	27	11
1999-05-28	0	6.8	27	13
1999-05-29	0	6.7	27	11
1999-05-30	0	6.8	27	12
1999-05-31	0	8.25	30	12
1999-06-01	0	8.85	33	10
1999-06-02	0	9.63	31	10
1999-06-03	0	7.43	25	12
1999-06-04	0	8.8	27	11
1999-06-05	0	7.55	20	12
1999-06-06	0	9.75	30	12
1999-06-07	0	8.65	27	12
1999-06-08	0	4.2	31	11
1999-06-09	0	14.2	30	13
1999-06-10	0	8.05	29	12
1999-06-11	0	7.8	30	11
1999-06-12	0	7.35	27	12
1999-06-13	0	8.5	30	11
1999-06-14	0	9.2	25	12
1999-06-15	0	6.55	20	13
1999-06-16	0	8.3	25	14
1999-06-17	0	7.65	27	12
1999-06-18	0.01	6.9	25	13
1999-06-19	0	6.25	21	13
1999-06-20	0	6.8	28	14
1999-06-21	0	8.8	28	14
1999-06-22	0	8.05	27	14
1999-06-23	5.7	4.25	20	14
1999-06-24	4.8	6.65	25	15
1999-06-25	0	6.75	25	14
1999-06-26	0	5.35	21	13
1999-06-27	0	7.05	27	12
1999-06-28	0.01	6.75	27	12
1999-06-29	0	7.25	27	12
1999-06-30	0	8.15	28	12
1999-07-01	0	6.95	28	12
1999-07-02	40.5	9.1	30	13
1999-07-03	9.1	5.65	27	11
1999-07-04	8.6	4.8	25	13
1999-07-05	2.7	5.25	25	12
1999-07-06	0	6.4	24	11
1999-07-07	0	6.5	27	11
1999-07-08	0	7.15	26	12
1999-07-09	0	6.45	27	10
1999-07-10	0	7.8	28	10
1999-07-11	0.01	6.55	26	12
1999-07-12	0	8.45	25	12
1999-07-13	0	6.6	24	14
1999-07-14	0	5.15	22	10
1999-07-15	0	7.05	26	10
1999-07-16	0	6.7	25	10
1999-07-17	0	7.25	27	13
1999-07-18	0	6.95	26	12
1999-07-19	0	7.2	25	12
1999-07-20	0	5.9	25	13
1999-07-21	0	6.8	27	11
1999-07-22	0	7.3	25	10
1999-07-23	0	5.95	27	12
1999-07-24	0	6.5	24	11
1999-07-25	0	6.15	20	12
1999-07-26	0	8.15	28	10
1999-07-27	0	6.2	26	11
1999-07-28	0	7.45	27	13
1999-07-29	0	6.75	30	11
1999-07-30	0	7.25	25	12
1999-07-31	0	6.35	28	10
1999-08-01	0	7.2	30	12
1999-08-02	0	7.1	28	11
1999-08-03	0	7.2	25	10
1999-08-04	0	5.8	24	10
1999-08-05	0	8.1	27	12
1999-08-06	0	8.1	30	12
1999-08-07	0	8.25	28	13
1999-08-08	0	6.55	26	12
1999-08-09	0	7.6	30	11
1999-08-10	0	8.9	28	13
1999-08-11	0	6.6	27	12
1999-08-12	0	6.25	25	13
1999-08-13	0	7.2	27	11
1999-08-14	0	7.75	30	12
1999-08-15	0	7.2	26	12
1999-08-16	0	7.9	28	12
1999-08-17	0	6.7	26	13
1999-08-18	0	5.95	24	12
1999-08-19	0	6.7	27	11
1999-08-20	0	7.95	29	13
1999-08-21	0	8.4	30	13
1999-08-22	0.01	7.8	27	12
1999-08-23	0	8.3	28	11
1999-08-24	0	7.9	27	12
1999-08-25	0	5.5	25	13
1999-08-26	0	6.9	27	12
1999-08-27	0	7.85	30	12
1999-08-28	0	9.45	30	12
1999-08-29	0	7.6	28	13
1999-08-30	0	7.2	26	12
1999-08-31	0	6.95	25	11
1999-09-01	0	7.8	27	10
1999-09-02	0	7.3	25	12
1999-09-03	0	7.1	27	12
1999-09-04	0	7.6	30	13
1999-09-05	0	7	27	12
1999-09-06	9.8	7.6	25	12
1999-09-07	0.01	6.7	27	13
1999-09-08	0.01	6.8	25	13
1999-09-09	0	5.7	25	13
1999-09-10	0	7	27	13
1999-09-11	0	6.95	27	12
1999-09-12	0	8.25	28	13
1999-09-13	0	6.5	25	12
1999-09-14	0	6.2	24	12
1999-09-15	0	6.25	25	12
1999-09-16	0	5.45	23	13
1999-09-17	0	7.1	27	13
1999-09-18	0	4.8	28	13
1999-09-19	0	6.75	24	10
1999-09-20	0	8.15	28	9
1999-09-21	0	5.8	22	12
1999-09-22	0	7.25	25	8
1999-09-23	0	6.65	28	10
1999-09-24	0	6.15	20	9
1999-09-25	0	4.5	22	8
1999-09-26	0	7.15	25	9
1999-09-27	0	5.85	25	10
1999-09-28	0.01	6.25	22	11
1999-09-29	8.3	6.2	23	10
1999-09-30	0	6.75	28	11
1999-10-01	0	7.8	27	10
1999-10-02	0	7.3	25	12
1999-10-03	0	7.1	27	12
1999-10-04	0	7.6	30	13
1999-10-05	0	7	27	12
1999-10-06	9.8	6	25	12
1999-10-07	0.01	7.2	27	13
1999-10-08	14.2	6.15	25	13
1999-10-09	0	6.9	25	13
1999-10-10	0	5.65	27	13
1999-10-11	0	7.85	27	12
1999-10-12	0	8.05	28	12
1999-10-13	0	7.15	25	12
1999-10-14	0	5.8	24	12
1999-10-15	0	5.85	25	12
1999-10-16	0	5.95	23	12
1999-10-17	0	7.2	27	13
1999-10-18	0	5.85	27	13
1999-10-19	0	5.65	24	13
1999-10-20	0	6.75	28	9
1999-10-21	0	6.45	22	12
1999-10-22	0	5.5	25	8
1999-10-23	0	8.2	20	10
1999-10-24	0	6.05	20	9
1999-10-25	0	6.25	22	10
1999-10-26	0	6.6	25	9
1999-10-27	0	6	25	10
1999-10-28	0.01	3.6	22	11
1999-10-29	8.3	4.95	23	10
1999-10-30	0	5.1	22	11
1999-10-31	25	6.85	25	10
1999-11-01	0	6.5	23	10
1999-11-02	0	4.8	22	6
1999-11-03	0	5.8	24	6
1999-11-04	0	5.15	15	8
1999-11-05	0	6.35	20	6
1999-11-06	0	5.3	22	6
1999-11-07	0	6.05	22	10
1999-11-08	0	7.45	20	10
1999-11-09	0	5.8	20	6
1999-11-10	0	7.1	25	6
1999-11-11	0	5.05	22	8
1999-11-12	0	5.75	24	5
1999-11-13	0	6.1	20	7
1999-11-14	0	5.8	22	7
1999-11-15	0	6.95	25	7
1999-11-16	0	6.1	23	8
1999-11-17	0	5.75	25	4
1999-11-18	0	5.85	23	7
1999-11-19	0	7.3	27	7
1999-11-20	0	6.05	26	8
1999-11-21	0	6.1	25	7
1999-11-22	0	4.35	26	7
1999-11-23	0	5.3	25	6
1999-11-24	0	5.8	26	6
1999-11-25	0	3.65	22	7
1999-11-26	0	4.6	23	5
1999-11-27	0	5.95	24	4
1999-11-28	0	5.4	19	4
1999-11-29	0	6.3	24	0
1999-11-30	20	5.25	20	5
1999-12-01	0	7.31	25	10
1999-12-02	0	7.8	26	9
1999-12-03	0	3.1	28	9
1999-12-04	0	7.2	27	9
1999-12-05	0	6.1	26	9
1999-12-06	0	5.7	26	7
1999-12-07	0	7.2	25	9
1999-12-08	0	5.9	26	9
1999-12-09	0	2.6	27	6
1999-12-10	0	6.95	24	9
1999-12-11	0	6.85	26	9
1999-12-12	0	6.8	27	9
1999-12-13	0	6.45	27	8
1999-12-14	0	6.85	26	9
1999-12-15	0	6.05	27	6
1999-12-16	0	5.95	26	5
1999-12-17	0	5.95	25	3
1999-12-18	0	0.7	24	4
1999-12-19	0	5.9	24	4
1999-12-20	0	6	17	4
1999-12-21	0	6.2	17	3
1999-12-22	0	5.55	22	3
1999-12-23	0	6.05	22	3
1999-12-24	0	5.85	23	3
1999-12-25	0	6.95	22	5
1999-12-26	0	6.35	24	5
1999-12-27	0	3.15	23	5
1999-12-28	0	4	22	6
1999-12-29	0	4.2	26	5
1999-12-30	0	4.9	22	5
1999-12-31	0	0.6	23	6
2000-01-01	0	6.25	24	4
2000-01-02	0	5.3	25	3
2000-01-03	0	5.85	22	5
2000-01-04	0	4.7	15	3
2000-01-05	0	4.85	24	4
2000-01-06	0	4.5	22	4
2000-01-07	0	5.4	20	3
2000-01-08	0	4.8	20	4
2000-01-09	0	4.6	24	3
2000-01-10	0	3.95	20	3
2000-01-11	0	6.3	25	5
2000-01-12	0	3.85	20	3
2000-01-13	0	6.25	22	4
2000-01-14	0	5.95	24	5
2000-01-15	0	5.9	20	7
2000-01-16	0	5.9	24	6
2000-01-17	0	2.15	24	5
2000-01-18	0	5.45	22	0
2000-01-19	0	4.8	20	4
2000-01-20	0	6.4	24	4
2000-01-21	0	5.6	25	4
2000-01-22	0	6.1	25	5
2000-01-23	0	5.8	24	4
2000-01-24	0	6.3	25	6
2000-01-25	0	7.05	27	5
2000-01-26	0	3.9	27	4
2000-01-27	0	0.25	22	4
2000-01-28	0	6.15	24	5
2000-01-29	0	7.5	27	6
2000-01-30	0	5.75	25	5
2000-01-31	0	6.05	25	5
2000-02-01	0	5.6	22	4
2000-02-02	0	6.8	24	5
2000-02-03	0	4.6	28	5
2000-02-04	0	6.55	22	5
2000-02-05	0	4.5	23	3
2000-02-06	0	3.5	20	3
2000-02-07	0	6.1	22	4
2000-02-08	0	6.15	24	5
2000-02-09	0	5.85	27	4
2000-02-10	0	6.8	26	6
2000-02-11	0	6.85	28	5
2000-02-12	0	7.25	29	4
2000-02-13	0	8.3	25	7
2000-02-14	0	5.5	30	4
2000-02-15	0	6.4	25	5
2000-02-16	0	6.5	27	6
2000-02-17	0	7.45	28	7
2000-02-18	0	6.95	25	5
2000-02-19	0	6.8	26	7
2000-02-20	0	5.9	26	7
2000-02-21	0	5.85	25	6
2000-02-22	0	6.35	25	7
2000-02-23	0	4.3	27	5
2000-02-24	0	6.1	28	7
2000-02-25	0	7.35	25	6
2000-02-26	0	5.45	27	6
2000-02-27	0	6.7	26	6
2000-02-28	0	6.8	27	5
2000-02-29	0	6.85	28	6
2000-03-01	0	5.95	27	5
2000-03-02	0	7.15	25	7
2000-03-03	0	3.9	27	8
2000-03-04	0	5.35	25	5
2000-03-05	0.1	7.35	27	7
2000-03-06	0	6	22	6
2000-03-07	0	5.7	25	7
2000-03-08	0	7.05	28	6
2000-03-09	0	8.35	30	7
2000-03-10	0	5.5	25	7
2000-03-11	0	6.5	25	5
2000-03-12	0	2.4	25	5
2000-03-13	0	6.7	28	7
2000-03-14	0	7.5	27	7
2000-03-15	0	7.8	30	8
2000-03-16	0	8.45	28	7
2000-03-17	0	6.65	29	9
2000-03-18	0	8.35	30	8
2000-03-19	0	7.85	28	6
2000-03-20	0	4.8	30	7
2000-03-21	0	7.6	27	8
2000-03-22	0	6.3	29	8
2000-03-23	0	6.2	30	9
2000-03-24	0	8.6	30	8
2000-03-25	0	6.75	28	7
2000-03-26	0	6.95	27	7
2000-03-27	0	7.3	27	8
2000-03-28	0	2.9	28	8
2000-03-29	0	6.6	27	6
2000-03-30	0.1	8.2	30	9
2000-03-31	0	7.7	30	8
2000-04-01	0	8.4	28	8
2000-04-02	0	6.6	30	10
2000-04-03	0	7.2	27	10
2000-04-04	0	7	27	7
2000-04-05	0	2.9	25	7
2000-04-06	0	6.6	26	8
2000-04-07	0	6.63	27	8
2000-04-08	0	5.52	27	6
2000-04-09	0	5.55	25	7
2000-04-10	0	7.4	26	7
2000-04-11	0	8.1	25	8
2000-04-12	0	6.95	27	8
2000-04-13	0	6.85	25	7
2000-04-14	0	4.55	27	8
2000-04-15	0	7.65	28	9
2000-04-16	0	7.1	30	9
2000-04-17	0	8.6	27	10
2000-04-18	0	8.7	29	10
2000-04-19	0	6.8	30	7
2000-04-20	0	8.2	28	9
2000-04-21	0	7.9	30	9
2000-04-22	0	6.55	30	10
2000-04-23	0	6.85	28	9
2000-04-24	0	8.05	27	10
2000-04-25	0	8.45	31	10
2000-04-26	0	6.9	29	9
2000-04-27	0	7.6	27	10
2000-04-28	0	8.3	28	9
2000-04-29	0	6.4	29	10
2000-04-30	0	6.1	28	10
2000-05-01	0	6.1	NULO	NULO
2000-05-02	0	7.4	NULO	NULO
2000-05-03	0	9.8	NULO	NULO
2000-05-04	9.3	8.6	NULO	NULO
2000-05-05	4.2	8.25	NULO	NULO
2000-05-06	0	6.85	NULO	NULO
2000-05-07	0	7.2	NULO	NULO
2000-05-08	0	7.8	NULO	NULO
2000-05-09	0	6.8	NULO	NULO
2000-05-10	0	3.75	NULO	NULO
2000-05-11	0	6.35	NULO	NULO
2000-05-12	0.1	8.3	NULO	NULO
2000-05-13	0	6.15	NULO	NULO
2000-05-14	0	9.7	NULO	NULO
2000-05-15	0	8.15	NULO	NULO
2000-05-16	0	7.2	NULO	NULO
2000-05-17	0	7.8	NULO	NULO
2000-05-18	0.1	3.3	NULO	NULO
2000-05-19	0	8.35	NULO	NULO
2000-05-20	0	7.55	NULO	NULO
2000-05-21	0	7.05	NULO	NULO
2000-05-22	0	7.25	NULO	NULO
2000-05-23	0	8.25	NULO	NULO
2000-05-24	0.1	6.85	NULO	NULO
2000-05-25	0	7.65	NULO	NULO
2000-05-26	0	4.45	NULO	NULO
2000-05-27	0	7.75	NULO	NULO
2000-05-28	0	8.35	NULO	NULO
2000-05-29	0	6.55	NULO	NULO
2000-05-30	0.1	7.2	NULO	NULO
2000-05-31	0	8.3	NULO	NULO
2000-06-01	0	7.85	NULO	NULO
2000-06-02	0	5.55	NULO	NULO
2000-06-03	0	7.85	NULO	NULO
2000-06-04	0.1	6.8	NULO	NULO
2000-06-05	0	7.05	NULO	NULO
2000-06-06	0.1	7.15	NULO	NULO
2000-06-07	0	8.3	NULO	NULO
2000-06-08	0	7.95	NULO	NULO
2000-06-09	0	6.55	NULO	NULO
2000-06-10	17.6	8.3	NULO	NULO
2000-06-11	0.1	6.6	NULO	NULO
2000-06-12	0	6.5	NULO	NULO
2000-06-13	0	7.3	NULO	NULO
2000-06-14	30.5	10.1	NULO	NULO
2000-06-15	2.3	8.1	NULO	NULO
2000-06-16	0.1	5.6	NULO	NULO
2000-06-17	0	6.9	NULO	NULO
2000-06-18	0	7.15	NULO	NULO
2000-06-19	0	7.4	NULO	NULO
2000-06-20	0	6.65	NULO	NULO
2000-06-21	0	8.2	NULO	NULO
2000-06-22	0	7.85	NULO	NULO
2000-06-23	0	3.9	NULO	NULO
2000-06-24	0	7.4	NULO	NULO
2000-06-25	0	8.3	NULO	NULO
2000-06-26	0	9.3	NULO	NULO
2000-06-27	0.1	6.6	NULO	NULO
2000-06-28	0	8.05	NULO	NULO
2000-06-29	0	8.3	NULO	NULO
2000-06-30	0	7.35	NULO	NULO
2000-07-01	0	7.85	NULO	NULO
2000-07-02	0	6.45	NULO	NULO
2000-07-03	0	8.5	NULO	NULO
2000-07-04	0.1	7.1	NULO	NULO
2000-07-05	0	5.5	NULO	NULO
2000-07-06	0	5.7	NULO	NULO
2000-07-07	0	7.45	NULO	NULO
2000-07-08	0	6.75	NULO	NULO
2000-07-09	0	2.3	NULO	NULO
2000-07-10	0	7.3	NULO	NULO
2000-07-11	0	8.2	NULO	NULO
2000-07-12	0	6.7	NULO	NULO
2000-07-13	0	8.25	NULO	NULO
2000-07-14	0	6.65	NULO	NULO
2000-07-15	0	8.45	NULO	NULO
2000-07-16	0	6.45	NULO	NULO
2000-07-17	0	2.9	NULO	NULO
2000-07-18	0	6.45	NULO	NULO
2000-07-19	0	5.85	NULO	NULO
2000-07-20	0	7.34	NULO	NULO
2000-07-21	0	5.86	NULO	NULO
2000-07-22	0	7.1	NULO	NULO
2000-07-23	0	7.2	NULO	NULO
2000-07-24	0	6.7	NULO	NULO
2000-07-25	0	6.4	NULO	NULO
2000-07-26	0	2.3	NULO	NULO
2000-07-27	0	6.15	NULO	NULO
2000-07-28	0	7.1	NULO	NULO
2000-07-29	0	7.15	NULO	NULO
2000-07-30	0	8	NULO	NULO
2000-07-31	0	7.1	NULO	NULO
2000-08-01	0	6.85	NULO	NULO
2000-08-02	0	4.45	NULO	NULO
2000-08-03	0	11.6	NULO	NULO
2000-08-04	0	6.5	NULO	NULO
2000-08-05	0	6	NULO	NULO
2000-08-06	0.1	5.7	NULO	NULO
2000-08-07	0.1	7.45	NULO	NULO
2000-08-08	0	6.75	NULO	NULO
2000-08-09	20.5	8.3	30	9
2000-08-10	0	6.25	29	9
2000-08-11	0	6.5	28	10
2000-08-12	0	7.15	29	10
2000-08-13	0	8.1	30	10
2000-08-14	0	6.55	29	11
2000-08-15	0	6.85	30	10
2000-08-16	0	7.3	30	9
2000-08-17	0	7.25	28	10
2000-08-18	0	8.8	28	10
2000-08-19	0	6.6	30	9
2000-08-20	0	7.2	30	9
2000-08-21	0	6.5	28	10
2000-08-22	0	6.9	28	9
2000-08-23	0	7.35	27	9
2000-08-24	0	6.95	28	10
2000-08-25	0	7.9	28	10
2000-08-26	0	7.2	30	9
2000-08-27	0	3.35	27	9
2000-08-28	0	6.95	28	10
2000-08-29	0	8.1	28	10
2000-08-30	0	8.2	30	10
2000-08-31	0	6.9	29	10
2000-09-01	0	7.8	28	10
2000-09-02	0	7.1	29	10
2000-09-03	0	7.35	30	10
2000-09-04	0	3.7	28	10
2000-09-05	0	7.6	30	11
2000-09-06	0	8.05	30	9
2000-09-07	0	7.25	28	10
2000-09-08	0	7.1	28	9
2000-09-09	3.5	7.2	27	9
2000-09-10	0	6.85	28	10
2000-09-11	0	7.25	28	9
2000-09-12	0	7.2	27	8
2000-09-13	0	5.55	27	9
2000-09-14	0	7.65	28	10
2000-09-15	0	8.2	28	10
2000-09-16	0	8.4	29	10
2000-09-17	0	7.7	29	10
2000-09-18	0	5.8	29	11
2000-09-19	0	7.25	30	10
2000-09-20	0	6.65	28	9
2000-09-21	0	4.4	27	9
2000-09-22	0	8.45	27	10
2000-09-23	0	7.85	28	10
2000-09-24	0	7.05	29	8
2000-09-25	0	6.7	27	9
2000-09-26	0	7.95	27	10
2000-09-27	0	7.9	29	10
2000-09-28	0	8.3	30	10
2000-09-29	0	5.9	30	9
2000-09-30	0	7.8	27	9
2000-10-01	0	7.25	27	10
2000-10-02	0	6.85	27	10
2000-10-03	0	8.55	29	10
2000-10-04	0	6.4	28	8
2000-10-05	0	7.45	26	9
2000-10-06	0	4.6	27	10
2000-10-07	0	7.9	28	10
2000-10-08	0	6.9	28	10
2000-10-09	0	7	29	8
2000-10-10	0	6.8	27	9
2000-10-11	0	8.3	27	10
2000-10-12	0	6.9	28	10
2000-10-13	0	7.35	28	8
2000-10-14	0	3.7	27	10
2000-10-15	0	5.6	29	9
2000-10-16	0	7.5	27	8
2000-10-17	0	6.6	27	8
2000-10-18	0	7.1	26	10
2000-10-19	0	6.7	28	9
2000-10-20	0	7.3	27	10
2000-10-21	0	7.9	27	10
2000-10-22	0	6.85	28	9
2000-10-23	0	6.4	27	10
2000-10-24	0	7	27	10
2000-10-25	0	7.8	28	10
2000-10-26	0	8.35	28	10
2000-10-27	0	8.05	28	10
2000-10-28	0	6.55	29	9
2000-10-29	0	10.05	27	10
2000-10-30	0	4.95	27	11
2000-10-31	0	6.7	28	10
2000-11-01	0.1	6.4	28	9
2000-11-02	0	6.9	28	8
2000-11-03	0	6.25	27	10
2000-11-04	0	7.25	28	10
2000-11-05	0	6.6	25	11
2000-11-06	0	7.1	26	7
2000-11-07	0	8.1	26	10
2000-11-08	0	5.5	27	5
2000-11-09	0	5.25	27	8
2000-11-10	0	4.6	27	7
2000-11-11	0	6.8	28	10
2000-11-12	0	7.15	27	10
2000-11-13	0	6.95	29	11
2000-11-14	0	6.8	28	9
2000-11-15	0	7.3	27	9
2000-11-16	0	6.8	25	9
2000-11-17	0	8.2	27	10
2000-11-18	0	6.8	28	9
2000-11-19	0	6.2	26	8
2000-11-20	0	6.15	26	7
2000-11-21	0	6.85	25	9
2000-11-22	0	6.4	26	9
2000-11-23	0	6.85	26	8
2000-11-24	0.1	6.9	26	10
2000-11-25	0	7.15	27	10
2000-11-26	12.4	8.6	27	8
2000-11-27	0	6.7	28	7
2000-11-28	0	7.9	26	9
2000-11-29	0	5.8	28	10
2000-11-30	0	6.6	29	7
2000-12-01	0	7.3	25	9
2000-12-02	0	7.8	26	9
2000-12-03	0	NULO	28	10
2000-12-04	0	7.2	27	9
2000-12-05	0	6.1	26	10
2000-12-06	0	5.7	26	7
2000-12-07	0	7.2	25	9
2000-12-08	0	5.9	26	9
2000-12-09	0	2.6	27	6
2000-12-10	0	6.95	24	8
2000-12-11	0	6.85	26	9
2000-12-12	0	6.8	27	10
2000-12-13	0	6.45	27	8
2000-12-14	0	6.85	26	9
2000-12-15	0	6.05	27	6
2000-12-16	0	5.95	26	5
2000-12-17	0	5.95	25	3
2000-12-18	0	0.7	24	4
2000-12-19	0	5.9	24	4
2000-12-20	0	6	17	4
2000-12-21	0	6.2	17	3
2000-12-22	0	5.55	22	3
2000-12-23	0	6.05	22	3
2000-12-24	0	5.85	23	5
2000-12-25	0	6.95	22	6
2000-12-26	0	6.35	24	5
2000-12-27	0	NULO	23	7
2000-12-28	0	4	22	6
2000-12-29	0	4.2	26	5
2000-12-30	0	4.9	22	5
2000-12-31	0	0.6	23	6
2001-01-01	0	8	25	5
2001-01-02	0	5.6	25	5
2001-01-03	0	6.1	25	4
2001-01-04	0	5.22	22	3
2001-01-05	0	6.28	22	4
2001-01-06	0	4.95	24	6
2001-01-07	0	5.95	25	6
2001-01-08	0	5.8	26	4
2001-01-09	2.7	6.7	24	5
2001-01-10	0	6.9	24	6
2001-01-11	0	5.55	25	5
2001-01-12	0	5.85	24	5
2001-01-13	0	16.9	25	5
2001-01-14	0	4.35	26	6
2001-01-15	0	6.75	25	5
2001-01-16	0	6.1	26	4
2001-01-17	0	7	24	4
2001-01-18	0	7.1	25	5
2001-01-19	0	6.5	27	5
2001-01-20	0	6.7	26	5
2001-01-21	0	6.2	27	4
2001-01-22	0	8.3	26	6
2001-01-23	0	5.7	27	6
2001-01-24	0	5.85	26	6
2001-01-25	0	7.05	25	7
2001-01-26	0	7.05	27	8
2001-01-27	0	6.25	28	5
2001-01-28	0	6.8	25	6
2001-01-29	0	16.4	26	6
2001-01-30	0	6.1	27	5
2001-01-31	0	6.1	26	6
2001-02-01	0	8.25	27	6
2001-02-02	0	6.95	27	7
2001-02-03	0	6.9	26	7
2001-02-04	0	5.6	27	6
2001-02-05	0	6.65	26	6
2001-02-06	0	8.45	25	7
2001-02-07	0	6.85	27	6
2001-02-08	0	6.95	25	7
2001-02-09	0	6.9	25	7
2001-02-10	0	6.3	26	7
2001-02-11	0	6.8	25	6
2001-02-12	0	6.7	27	7
2001-02-13	0	5.6	26	7
2001-02-14	0	9.2	26	7
2001-02-15	0	5.6	27	7
2001-02-16	0	6.85	27	6
2001-02-17	0	5.9	25	6
2001-02-18	0	7.45	26	6
2001-02-19	0	7.8	27	6
2001-02-20	0	6.9	28	7
2001-02-21	0	7.5	27	6
2001-02-22	0	6.45	26	8
2001-02-23	0	7.95	27	6
2001-02-24	0	5.5	26	6
2001-02-25	0	8.25	27	6
2001-02-26	16.5	6.75	27	6
2001-02-27	0	5.8	26	8
2001-02-28	0	6.7	27	6
2001-03-01	0	6.2	26	7
2001-03-02	0	6.7	26	6
2001-03-03	0	6.8	26	6
2001-03-04	0	6.4	27	5
2001-03-05	0	5.75	24	6
2001-03-06	0	6.85	25	6
2001-03-07	0	6.9	27	7
2001-03-08	0	6.4	27	7
2001-03-09	0	4.85	26	8
2001-03-10	0	5.75	26	9
2001-03-11	0	7.15	26	8
2001-03-12	0	6.05	27	7
2001-03-13	0	6.55	26	7
2001-03-14	0	6.25	27	7
2001-03-15	0	5.9	26	6
2001-03-16	0	7.2	25	7
2001-03-17	0	5.7	26	6
2001-03-18	0	1.9	25	6
2001-03-19	0	5.8	25	6
2001-03-20	0	5.65	26	4
2001-03-21	0	6.3	25	6
2001-03-22	0	5.6	26	6
2001-03-23	0	7.65	25	7
2001-03-24	0	6.6	27	7
2001-03-25	0	6.9	26	8
2001-03-26	0	6.25	27	7
2001-03-27	0	7.15	27	7
2001-03-28	0	5.4	26	7
2001-03-29	0	7.5	27	8
2001-03-30	0	5.25	27	7
2001-03-31	0	7.35	26	7
2001-04-01	0	8.05	27	8
2001-04-02	0	6.85	28	7
2001-04-03	0	7.2	27	7
2001-04-04	0	5.65	26	6
2001-04-05	0	0.7	26	7
2001-04-06	0	6.7	27	8
2001-04-07	0	8.1	27	8
2001-04-08	0	6.7	28	7
2001-04-09	0	7.35	27	7
2001-04-10	0	5.85	27	6
2001-04-11	0	7.1	26	7
2001-04-12	0	8.05	27	8
2001-04-13	0	8.25	28	8
2001-04-14	0	5.9	28	8
2001-04-15	0	6.35	27	7
2001-04-16	0	7.2	27	7
2001-04-17	0	6.95	27	7
2001-04-18	0	8.4	27	8
2001-04-19	0	6.8	28	7
2001-04-20	0	8.1	27	7
2001-04-21	0	6.7	27	7
2001-04-22	0	3.4	27	7
2001-04-23	0	6.8	26	7
2001-04-24	0	7.3	27	7
2001-04-25	0	7.1	27	7
2001-04-26	0	8.2	27	7
2001-04-27	0	6.4	27	8
2001-04-28	0	7.15	27	7
2001-04-29	0	7.25	27	7
2001-04-30	0	1.6	27	7
2001-05-01	0	8	27	8
2001-05-02	0	8.1	28	9
2001-05-03	0	6.9	27	8
2001-05-04	0	7.8	27	8
2001-05-05	0	6.9	27	8
2001-05-06	0	7.95	27	8
2001-05-07	0	7.05	28	7
2001-05-08	0	7.7	28	8
2001-05-09	0	8.2	29	8
2001-05-10	0	7.8	28	8
2001-05-11	0	8.1	28	8
2001-05-12	0	6.9	29	8
2001-05-13	0	6.7	28	7
2001-05-14	0	10.8	28	8
2001-05-15	0	8.15	27	7
2001-05-16	0	7.95	27	9
2001-05-17	0	8.1	29	9
2001-05-18	0	7.75	28	8
2001-05-19	0	4.7	27	8
2001-05-20	0	8.1	27	9
2001-05-21	0	8.9	28	10
2001-05-22	0	8.1	30	9
2001-05-23	0	7.85	28	9
2001-05-24	0	7.65	29	8
2001-05-25	0	8.1	27	8
2001-05-26	0	1.6	27	8
2001-05-27	0	8	27	10
2001-05-28	0	8.2	29	8
2001-05-29	0	7.05	28	7
2001-05-30	0	7.65	27	8
2001-05-31	0	8.1	28	8
2001-06-01	0	7.9	28	8
2001-06-02	0	10.2	29	9
2001-06-03	0	6.55	30	9
2001-06-04	0	7.85	28	9
2001-06-05	0	10.4	29	10
2001-06-06	0	8.5	30	9
2001-06-07	0	8.05	30	8
2001-06-08	9.6	7.65	28	8
2001-06-09	0	6.2	29	8
2001-06-10	3.4	5.65	29	8
2001-06-11	0	3.65	28	7
2001-06-12	0	6.95	27	8
2001-06-13	0	8.1	28	9
2001-06-14	0	9.85	29	9
2001-06-15	0	7.85	30	8
2001-06-16	0	7.1	28	7
2001-06-17	0	9.1	28	9
2001-06-18	0	7.85	30	8
2001-06-19	0	8.25	28	8
2001-06-20	0	7.5	28	9
2001-06-21	0.1	8.85	29	9
2001-06-22	0	9.5	30	8
2001-06-23	0	9.5	28	8
2001-06-24	0	5.05	28	8
2001-06-25	0	8.15	27	9
2001-06-26	0	9.4	29	10
2001-06-27	0	7.7	30	8
2001-06-28	0	8.2	28	10
2001-06-29	0	5.8	29	8
2001-06-30	0	6.55	28	8
2001-07-01	4.7	11.2	29	8
2001-07-02	0	6.35	28	8
2001-07-03	0	8.1	27	9
2001-07-04	0	9.3	29	10
2001-07-05	0	10.05	30	9
2001-07-06	0	8.75	30	9
2001-07-07	0	7.5	29	8
2001-07-08	14.2	6.7	28	9
2001-07-09	0	7.4	29	8
2001-07-10	0	11.2	28	10
2001-07-11	0	7.6	30	8
2001-07-12	0.1	8.2	29	8
2001-07-13	0	8.1	28	8
2001-07-14	0	8	28	8
2001-07-15	12.2	8.4	29	9
2001-07-16	0	9	29	9
2001-07-17	0	4.6	30	8
2001-07-18	2.3	10.2	28	8
2001-07-19	0	7.7	28	8
2001-07-20	0	9.5	29	9
2001-07-21	0	8.11	30	8
2001-07-22	0	7.59	28	8
2001-07-23	20.2	9.6	28	9
2001-07-24	18.2	10.7	29	10
2001-07-25	7.5	10.1	29	8
2001-07-26	34.2	12	28	7
2001-07-27	5.7	8.7	27	8
2001-07-28	0	8	29	8
2001-07-29	0	7.65	28	8
2001-07-30	0	6.95	29	8
2001-07-31	0	8.55	27	8
2001-08-01	0	9.1	27	7
2001-08-02	0	5.8	28	7
2001-08-03	0	6.7	27	8
2001-08-04	0	8.2	29	7
2001-08-05	0	6.8	28	7
2001-08-06	0	7.05	28	7
2001-08-07	0	6.85	27	9
2001-08-08	0	7.9	29	8
2001-08-09	0	7.55	29	8
2001-08-10	0	3.75	28	9
2001-08-11	0	7.95	28	8
2001-08-12	0	7.9	29	8
2001-08-13	0	8.2	28	9
2001-08-14	0	7.6	29	8
2001-08-15	0	7.9	29	9
2001-08-16	0	8.4	29	10
2001-08-17	0	7.8	30	10
2001-08-18	0	6.55	29	8
2001-08-19	0	8.35	27	8
2001-08-20	0	7.8	29	9
2001-08-21	0	6.35	29	8
2001-08-22	0	7.25	29	7
2001-08-23	0	8.2	27	7
2001-08-24	0	7.2	28	8
2001-08-25	0	7.8	29	9
2001-08-26	0	7.75	29	9
2001-08-27	0	7.1	29	8
2001-08-28	0	7.45	29	9
2001-08-29	0	7.4	29	8
2001-08-30	0	6.5	28	9
2001-08-31	0	8.05	29	9
2001-09-01	0	6.85	28	9
2001-09-02	0	3.6	17	7
2001-09-03	0	6.7	27	7
2001-09-04	0	7.45	28	7
2001-09-05	0	7.05	29	8
2001-09-06	0	6.7	27	7
2001-09-07	0	7.2	27	8
2001-09-08	0	6.85	27	7
2001-09-09	0	8.15	27	8
2001-09-10	0	6.15	28	9
2001-09-11	0	6.65	29	9
2001-09-12	0	6.95	27	9
2001-09-13	8.5	6.35	27	9
2001-09-14	0	8.2	27	8
2001-09-15	0	7.85	28	8
2001-09-16	0	8.55	28	7
2001-09-17	0	6.6	28	7
2001-09-18	0	8.35	29	7
2001-09-19	6.7	8.3	28	7
2001-09-20	6.4	4.8	28	7
2001-09-21	0	5.6	28	7
2001-09-22	8.7	3.1	27	7
2001-09-23	11.3	7.25	27	8
2001-09-24	4.6	3.15	28	8
2001-09-25	7.3	5.6	29	8
2001-09-26	0	5.3	28	7
2001-09-27	0	8.5	27	8
2001-09-28	0	7.05	28	8
2001-09-29	0	7.35	28	9
2001-09-30	0	7.2	28	7
2001-10-01	0	6.85	27	7
2001-10-02	0	7.35	27	7
2001-10-03	4	6.8	27	7
2001-10-04	6.2	7.5	28	7
2001-10-05	0	6.15	28	6
2001-10-06	0	6.83	27	7
2001-10-07	0	5.99	27	7
2001-10-08	0	6.78	26	7
2001-10-09	0	4.3	28	7
2001-10-10	0	5.85	27	5
2001-10-11	12.7	5.85	26	7
2001-10-12	0	6.95	28	7
2001-10-13	2.5	1.15	28	8
2001-10-14	0	3.4	28	7
2001-10-15	0	6.6	27	7
2001-10-16	0	4.1	27	7
2001-10-17	0	7	28	7
2001-10-18	0	6.7	27	8
2001-10-19	0	4.7	28	7
2001-10-20	0	5.7	27	6
2001-10-21	0	6.3	27	7
2001-10-22	0	6.15	26	7
2001-10-23	0	6.55	27	6
2001-10-24	0	6.05	26	5
2001-10-25	0.1	6.8	26	6
2001-10-26	0	7.15	27	7
2001-10-27	0	6.2	28	6
2001-10-28	0	1.7	26	6
2001-10-29	0	5.85	26	6
2001-10-30	0	5.75	27	5
2001-10-31	0	6.3	25	5
2001-11-01	0	5.5	27	6
2001-11-02	0	6.2	26	5
2001-11-03	0	6.3	25	5
2001-11-04	0	5.8	24	5
2001-11-05	0	7	26	6
2001-11-06	0	3.85	26	6
2001-11-07	0	5.75	27	6
2001-11-08	0	5.75	26	5
2001-11-09	0	7.25	25	6
2001-11-10	0	7.15	25	6
2001-11-11	0	5.65	26	6
2001-11-12	0	6.1	25	5
2001-11-13	0	6.1	24	5
2001-11-14	0	6.05	26	6
2001-11-15	0	5.75	27	6
2001-11-16	0	5.9	25	5
2001-11-17	0	5.75	25	5
2001-11-18	0	5.85	26	6
2001-11-19	0	5.8	27	6
2001-11-20	0	6.45	27	5
2001-11-21	0	5.5	27	6
2001-11-22	0	6.25	25	5
2001-11-23	0	7.1	26	5
2001-11-24	0	5.6	26	7
2001-11-25	0	4.9	27	6
2001-11-26	0	2.95	26	6
2001-11-27	0	5.8	25	6
2001-11-28	0	6.15	27	6
2001-11-29	0	5.6	27	6
2001-11-30	0	NULO	27	6
2001-12-01	0	4.6	26	5
2001-12-02	0	4.65	25	5
2001-12-03	0	6.65	24	4
2001-12-04	0	4.5	26	4
2001-12-05	0	6.05	27	5
2001-12-06	0	6.25	27	5
2001-12-07	0	6.1	26	6
2001-12-08	0	5.7	26	5
2001-12-09	0	5.8	27	5
2001-12-10	0	6.2	26	6
2001-12-11	0	2.6	26	6
2001-12-12	0	5.1	25	6
2001-12-13	0	5.14	24	4
2001-12-14	0	4.36	24	4
2001-12-15	0	5.2	25	4
2001-12-16	0	6.2	26	5
2001-12-17	0	7.1	27	7
2001-12-18	0	6.15	26	7
2001-12-19	0	5.8	25	7
2001-12-20	0	5.85	26	6
2001-12-21	0	6.4	27	6
2001-12-22	0	5.5	27	7
2001-12-23	0	5.8	26	7
2001-12-24	0	7.4	26	6
2001-12-25	0	6.8	25	7
2001-12-26	0	6.05	25	6
2001-12-27	0	6.85	27	5
2001-12-28	0	7.1	26	7
2001-12-29	0	7.1	27	6
2001-12-30	0	5.9	25	7
2001-12-31	0	4.6	26	6
2002-01-01	0	6.9	28	6
2002-01-02	0	5.7	28	7
2002-01-03	0	5.9	27	7
2002-01-04	0	6.4	27	6
2002-01-05	0	5.9	27	6
2002-01-06	0	6.8	27	6
2002-01-07	0	5.85	28	7
2002-01-08	0	3.6	27	7
2002-01-09	0	4.3	27	6
2002-01-10	0	5.8	28	6
2002-01-11	0	5.9	27	7
2002-01-12	0	5.8	27	7
2002-01-13	0	6.2	27	7
2002-01-14	0	6.9	28	7
2002-01-15	0	7.2	29	7
2002-01-16	0	6.9	29	8
2002-01-17	0	7.1	28	8
2002-01-18	0	6.65	28	7
2002-01-19	0	8.15	28	7
2002-01-20	0	6	28	7
2002-01-21	0	6.6	28	7
2002-01-22	7.3	6.6	28	7
2002-01-23	5.4	7.2	28	7
2002-01-24	0	6	28	7
2002-01-25	0	6.15	28	7
2002-01-26	0	7.65	28	7
2002-01-27	0	5.6	28	7
2002-01-28	0	6.1	28	7
2002-01-29	0	7	28	7
2002-01-30	0	6	27	7
2002-01-31	0	7.1	27	7
2002-02-01	0	6.5	27	7
2002-02-02	0	5.9	27	7
2002-02-03	0	6.5	26	6
2002-02-04	0	6.7	28	6
2002-02-05	0	6.9	28	7
2002-02-06	0	7.15	28	8
2002-02-07	0	7.05	27	8
2002-02-08	0	6.95	27	7
2002-02-09	0	6.85	28	7
2002-02-10	0	7.85	28	7
2002-02-11	0	7.9	29	7
2002-02-12	0	7.3	27	7
2002-02-13	0	6.85	22	7
2002-02-14	0	6.65	27	7
2002-02-15	0	6.9	28	7
2002-02-16	0	7	27	7
2002-02-17	0	6.1	27	7
2002-02-18	0	5.95	27	7
2002-02-19	0	6.95	28	7
2002-02-20	0	7.1	28	7
2002-02-21	0	7.11	27	7
2002-02-22	0	6.49	27	7
2002-02-23	0	5.85	27	7
2002-02-24	0	7.45	28	7
2002-02-25	0	6.9	28	7
2002-02-26	0	7.55	28	7
2002-02-27	0	4.6	28	7
2002-02-28	0	7.1	27	7
2002-03-01	0	7.9	27	7
2002-03-02	0	7.7	28	7
2002-03-03	0	9.45	28	7
2002-03-04	0	6.65	27	8
2002-03-05	0	7.15	26	7
2002-03-06	0	8.15	27	7
2002-03-07	0	5.8	27	7
2002-03-08	0	7.6	27	8
2002-03-09	0	6.85	27	8
2002-03-10	0	8.15	28	8
2002-03-11	0	8.45	28	8
2002-03-12	0	6.35	27	7
2002-03-13	0	7.4	27	7
2002-03-14	0	7.2	27	7
2002-03-15	0	8.5	28	8
2002-03-16	0	8	28	8
2002-03-17	0	7.4	27	9
2002-03-18	0	6.4	27	7
2002-03-19	0	7.55	27	7
2002-03-20	0	7.6	27	7
2002-03-21	0	7.2	27	7
2002-03-22	0	7.15	27	8
2002-03-23	0	6.25	27	8
2002-03-24	0	6.45	27	7
2002-03-25	0	6.9	27	7
2002-03-26	0	8.15	27	7
2002-03-27	0	6.65	27	7
2002-03-28	0	7.4	27	7
2002-03-29	0	8.65	27	7
2002-03-30	0	7.05	27	7
2002-03-31	0	6.6	27	7
2002-04-01	0	7.05	28	8
2002-04-02	0	6.5	28	9
2002-04-03	0	7.2	27	8
2002-04-04	0	6.6	27	8
2002-04-05	0	7.3	27	8
2002-04-06	0	7.2	28	7
2002-04-07	0	7.8	28	8
2002-04-08	0	6.7	28	8
2002-04-09	0.01	7.15	27	9
2002-04-10	4.7	8.5	27	7
2002-04-11	0	6.4	27	7
2002-04-12	0	8.7	28	7
2002-04-13	0	6.5	28	8
2002-04-14	0	8.1	28	8
2002-04-15	25.5	7	27	8
2002-04-16	0	5.8	28	8
2002-04-17	0	7.6	29	8
2002-04-18	0	7.8	28	9
2002-04-19	0	9.7	28	9
2002-04-20	0	6.7	28	8
2002-04-21	0	7.65	29	8
2002-04-22	0	8.45	29	8
2002-04-23	0	6.9	30	10
2002-04-24	0	7.75	29	10
2002-04-25	0	8.15	29	9
2002-04-26	0	7.7	28	8
2002-04-27	0	6.7	28	8
2002-04-28	0	8.8	29	8
2002-04-29	0	8.9	29	9
2002-04-30	0	7.8	28	9
2002-05-01	0	7.1	29	8
2002-05-02	0	9.1	30	9
2002-05-03	0	8.05	29	9
2002-05-04	0	7.65	29	8
2002-05-05	0	7.1	29	9
2002-05-06	0	8.4	30	9
2002-05-07	0	7.15	29	10
2002-05-08	0	8.35	29	9
2002-05-09	0	8.6	30	9
2002-05-10	0	6.9	28	9
2002-05-11	0	8.4	29	8
2002-05-12	0	7.8	28	10
2002-05-13	0	7.4	29	9
2002-05-14	0	8.5	29	9
2002-05-15	0	9.8	30	9
2002-05-16	9.6	9.75	30	9
2002-05-17	0	8.55	29	10
2002-05-18	7.2	9.7	29	10
2002-05-19	0	8.8	30	9
2002-05-20	0	8.8	30	9
2002-05-21	0	5.9	28	10
2002-05-22	0	8.4	30	9
2002-05-23	0	8.85	31	10
2002-05-24	0	8.3	30	10
2002-05-25	0	6.95	28	10
2002-05-26	0	7.85	29	9
2002-05-27	0	9.8	30	10
2002-05-28	0	8.4	30	10
2002-05-29	0	8.5	30	11
2002-05-30	0	8.4	29	11
2002-05-31	0	9.5	30	10
2002-06-01	0	8.75	30	10
2002-06-02	0	7.7	31	10
2002-06-03	0	8.7	31	10
2002-06-04	0	8.9	30	11
2002-06-05	0	6.6	29	10
2002-06-06	0	7.35	29	10
2002-06-07	0	7.55	29	9
2002-06-08	0	5.9	29	10
2002-06-09	0	7.9	30	10
2002-06-10	0	8.4	30	10
2002-06-11	0	6.3	29	10
2002-06-12	0	6.1	29	9
2002-06-13	0	8.15	30	9
2002-06-14	0	7.5	30	10
2002-06-15	0	8.75	30	11
2002-06-16	0	9.2	30	10
2002-06-17	0	8.45	30	10
2002-06-18	0	9.5	30	10
2002-06-19	0	7.3	29	10
2002-06-20	0	6.55	29	10
2002-06-21	0	7.7	29	9
2002-06-22	0	9.85	30	10
2002-06-23	0	9.4	30	10
2002-06-24	0	10.2	31	11
2002-06-25	0	9.2	30	11
2002-06-26	0	6.85	29	10
2002-06-27	0	7.55	29	10
2002-06-28	0	9	30	9
2002-06-29	0	8.7	30	10
2002-06-30	0	9.8	30	10
2002-07-01	0	9.69	31	10
2002-07-02	0	7.4	30	11
2002-07-03	0	9.3	30	10
2002-07-04	0	9.2	30	10
2002-07-05	0	8.75	30	10
2002-07-06	0	7.3	29	10
2002-07-07	0	7.5	29	10
2002-07-08	0	9.3	30	9
2002-07-09	0	8.8	30	10
2002-07-10	0	9.85	30	10
2002-07-11	0	7.65	29	10
2002-07-12	0	7.55	29	9
2002-07-13	0	9.25	30	9
2002-07-14	0	9.35	30	9
2002-07-15	0	8.7	30	10
2002-07-16	0	8.9	30	10
2002-07-17	0	7.8	29	10
2002-07-18	0	8.75	29	9
2002-07-19	0	8.85	30	9
2002-07-20	0	8.9	30	10
2002-07-21	0	8.5	29	10
2002-07-22	0	7.7	29	10
2002-07-23	0	7.5	29	10
2002-07-24	0	8.7	29	10
2002-07-25	0	7.6	29	10
2002-07-26	0	6.8	28	10
2002-07-27	0	7.25	28	9
2002-07-28	0	7.25	28	9
2002-07-29	0	7	28	10
2002-07-30	0	8	28	10
2002-07-31	0	7.85	28	10
2002-08-01	0	6.6	28	10
2002-08-02	0	6.8	29	10
2002-08-03	0	7.3	28	9
2002-08-04	0	7.2	28	9
2002-08-05	0	6.5	28	9
2002-08-06	0	9.1	29	10
2002-08-07	0	9.1	29	10
2002-08-08	0	6.9	28	10
2002-08-09	0	6.55	28	9
2002-08-10	0	6.53	28	9
2002-08-11	0	6.87	28	9
2002-08-12	0	7.7	28	9
2002-08-13	0	7.8	29	9
2002-08-14	0	8.35	29	10
2002-08-15	0	8.75	29	10
2002-08-16	0	7.65	29	10
2002-08-17	0	7.7	29	10
2002-08-18	0	9.25	30	10
2002-08-19	0	9.15	30	10
2002-08-20	0	6.55	28	10
2002-08-21	0	6.05	28	10
2002-08-22	0	6.95	28	10
2002-08-23	0	7.35	28	9
2002-08-24	0	8.75	29	9
2002-08-25	0	8.1	29	10
2002-08-26	0	8.75	29	10
2002-08-27	0	7.95	29	10
2002-08-28	0	8.15	29	10
2002-08-29	0	8.1	29	10
2002-08-30	0	7.25	28	10
2002-08-31	0	7.9	28	10
2002-09-01	0	6.85	28	9
2002-09-02	0	3.61	17	7
2002-09-03	0	6.72	27	7
2002-09-04	0	7.45	28	7
2002-09-05	0	7.05	29	8
2002-09-06	0	6.75	27	7
2002-09-07	0	7.21	27	8
2002-09-08	0	6.81	27	7
2002-09-09	0	8.15	27	8
2002-09-10	0	6.15	28	9
2002-09-11	0	6.65	29	9
2002-09-12	0	6.95	27	9
2002-09-13	8.5	6.35	27	9
2002-09-14	0	8.2	27	8
2002-09-15	0	7.85	28	8
2002-09-16	0	8.55	28	7
2002-09-17	0	6.6	28	7
2002-09-18	0	8.35	29	7
2002-09-19	6.7	8.3	28	7
2002-09-20	6.4	4.8	28	7
2002-09-21	0	5.6	28	7
2002-09-22	8.7	3.1	27	7
2002-09-23	11.3	7.25	27	8
2002-09-24	4.6	3.15	28	8
2002-09-25	7.3	5.6	29	8
2002-09-26	0	5.3	28	7
2002-09-27	0	8.5	27	8
2002-09-28	0	7.05	28	8
2002-09-29	0	7.35	28	9
2002-09-30	0	7.2	28	7
2002-10-01	0	6.85	27	7
2002-10-02	0	7.35	27	7
2002-10-03	4	6.8	27	7
2002-10-04	6.2	7.5	28	7
2002-10-05	0	6.15	28	6
2002-10-06	0	6.83	27	7
2002-10-07	0	5.99	27	7
2002-10-08	0	6.78	26	7
2002-10-09	0	4.3	28	7
2002-10-10	0	5.85	27	5
2002-10-11	12.8	5.85	26	7
2002-10-12	0	6.95	28	7
2002-10-13	2.5	1.15	28	8
2002-10-14	0	3.4	28	7
2002-10-15	0	6.6	27	7
2002-10-16	0	4.1	27	7
2002-10-17	0	7	28	7
2002-10-18	0	6.7	27	8
2002-10-19	0	4.7	28	7
2002-10-20	0	5.7	27	6
2002-10-21	0	6.3	27	7
2002-10-22	0	6.15	26	7
2002-10-23	0	6.55	27	6
2002-10-24	0	6.05	26	5
2002-10-25	0.01	6.8	26	6
2002-10-26	0	7.15	27	7
2002-10-27	0	6.2	28	6
2002-10-28	0	1.7	26	6
2002-10-29	0	5.85	26	6
2002-10-30	0	5.75	27	5
2002-10-31	0	6.3	25	5
2002-11-01	0.6	7.55	28	6
2002-11-02	0	7.1	28	6
2002-11-03	1	6.5	27	5
2002-11-04	3	5.7	25	6
2002-11-05	13	5.45	25	4
2002-11-06	0	4.55	27	4
2002-11-07	0	6.65	27	6
2002-11-08	0.01	4.9	25	5
2002-11-09	0	6.85	28	5
2002-11-10	0	5.75	27	6
2002-11-11	0	6.1	27	6
2002-11-12	0	5.2	25	6
2002-11-13	0	5.35	25	4
2002-11-14	0	6.4	26	5
2002-11-15	0	5.85	25	4
2002-11-16	0	4.7	23	5
2002-11-17	0	5.1	24	4
2002-11-18	0	5.8	24	5
2002-11-19	0	7.3	26	4
2002-11-20	0	5.6	24	6
2002-11-21	0	6.05	26	4
2002-11-22	0	7.05	27	5
2002-11-23	0	6.8	27	7
2002-11-24	0	7.25	27	6
2002-11-25	0	4.5	27	6
2002-11-26	0	6.9	27	7
2002-11-27	0	6.9	27	6
2002-11-28	0	7.6	27	6
2002-11-29	0	5.45	25	6
2002-11-30	0	6.3	27	4
2002-12-01	0	4.2	24	4
2002-12-02	0	5.85	25	4
2002-12-03	0	5.7	24	5
2002-12-04	0	5.55	24	4
2002-12-05	0	6.05	25	4
2002-12-06	NULO	7.45	26	5
2002-12-07	0	6.6	26	6
2002-12-08	0	5.85	24	6
2002-12-09	0	5.1	24	4
2002-12-10	0	6.25	26	4
2002-12-11	0	7.1	27	5
2002-12-12	0	7.85	27	7
2002-12-13	0	7.7	27	7
2002-12-14	0	6.6	27	7
2002-12-15	0	6.85	27	8
2002-12-16	0	4.75	24	7
2002-12-17	0	4.85	24	4
2002-12-18	0	5.15	24	5
2002-12-19	0	6.75	27	4
2002-12-20	0	6.7	27	5
2002-12-21	0	6.9	27	7
2002-12-22	0	7.5	27	7
2002-12-23	0	7	27	7
2002-12-24	0	5.9	26	7
2002-12-25	0	4.8	24	7
2002-12-26	0	4.2	23	4
2002-12-27	0	5.65	25	4
2002-12-28	0	6.35	27	4
2002-12-29	0	7.85	27	4
2002-12-30	0	8.29	28	6
2002-12-31	0	8	28	7
2003-01-01	0	6.7	27	7
2003-01-02	0	8.4	27	8
2003-01-03	0	8.1	28	8
2003-01-04	0	7.4	28	9
2003-01-05	0	8.2	29	9
2003-01-06	0	3.35	29	9
2003-01-07	0	7.5	28	8
2003-01-08	0	7.9	29	8
2003-01-09	0	7.65	29	9
2003-01-10	0	7.95	29	9
2003-01-11	0	7.6	29	8
2003-01-12	0	8.3	28	9
2003-01-13	0	8.05	28	8
2003-01-14	0	7.75	28	8
2003-01-15	0	3.8	29	8
2003-01-16	0	6.8	26	9
2003-01-17	0	6.7	28	7
2003-01-18	0	8.1	28	8
2003-01-19	0	9.3	29	8
2003-01-20	0	7.55	29	9
2003-01-21	0	9.3	29	9
2003-01-22	0	7.85	28	9
2003-01-23	0	8.55	29	9
2003-01-24	0	8.7	29	9
2003-01-25	0	9.58	29	9
2003-01-26	0	8.92	30	8
2003-01-27	0	8.55	29	9
2003-01-28	0	8.3	29	9
2003-01-29	0	5.73	30	9
2003-01-30	0	8.52	30	9
2003-01-31	0	9.55	29	9
2003-02-01	0	9.9	30	9
2003-02-02	0	9.85	30	10
2003-02-03	0	6.7	30	10
2003-02-04	0	4.6	28	11
2003-02-05	0	8.1	27	9
2003-02-06	0	8.35	27	8
2003-02-07	0	7.45	28	8
2003-02-08	0	8.7	28	8
2003-02-09	0	7.85	28	9
2003-02-10	0	8.1	28	9
2003-02-11	0	7.5	29	9
2003-02-12	0	7.8	30	9
2003-02-13	0	8.6	30	9
2003-02-14	0	8.6	30	10
2003-02-15	0	9.8	31	10
2003-02-16	0	10.4	30	10
2003-02-17	0	8.15	30	10
2003-02-18	0	9.55	31	10
2003-02-19	0	7.6	30	11
2003-02-20	0	8.15	29	10
2003-02-21	0	8.35	29	10
2003-02-22	0	7.6	29	10
2003-02-23	0	8.15	30	10
2003-02-24	0	9.8	31	11
2003-02-25	0	8.5	30	11
2003-02-26	0	8.85	30	11
2003-02-27	0	9.1	30	11
2003-02-28	0	8.1	30	10
2003-03-01	0	9.85	30	10
2003-03-02	0	11.45	31	11
2003-03-03	0	9.8	31	11
2003-03-04	0	8.6	30	12
2003-03-05	0	11.4	31	12
2003-03-06	0	9.85	31	12
2003-03-07	0	8.75	30	13
2003-03-08	0	9.05	30	12
2003-03-09	0	10.15	32	11
2003-03-10	0	9.3	32	12
2003-03-11	0	10.05	30	12
2003-03-12	0	9.5	32	12
2003-03-13	0	9.7	31	12
2003-03-14	0	11.05	31	11
2003-03-15	0	8.95	31	12
2003-03-16	0	10.4	30	12
2003-03-17	0	10.1	30	12
2003-03-18	0	10.8	31	12
2003-03-19	0	9.1	29	12
2003-03-20	0	8.25	30	10
2003-03-21	0	8.55	30	10
2003-03-22	0	8.7	30	11
2003-03-23	0	9.25	29	11
2003-03-24	0	7.3	29	10
2003-03-25	0	8.2	29	11
2003-03-26	0	8.3	29	10
2003-03-27	0	8.5	30	10
2003-03-28	0	9.5	30	10
2003-03-29	0	7.8	29	11
2003-03-30	0	6.75	28	10
2003-03-31	0	7.25	28	9
2003-04-01	0	7.05	28	11
2003-04-02	0	7.3	28	10
2003-04-03	0	10.25	30	10
2003-04-04	0	8.85	30	10
2003-04-05	0	9.4	32	11
2003-04-06	0	10.7	33	12
2003-04-07	0	10.05	33	12
2003-04-08	0	7.9	32	12
2003-04-09	0	11.85	32	11
2003-04-10	0	9.45	32	12
2003-04-11	0	11.55	32	11
2003-04-12	0	8.55	31	12
2003-04-13	0	9.1	30	12
2003-04-14	0	9.6	33	11
2003-04-15	0	9.65	33	12
2003-04-16	0	10.95	34	12
2003-04-17	0	11.3	34	13
2003-04-18	0	7.8	30	13
2003-04-19	0	9.5	30	11
2003-04-20	0	7.6	30	10
2003-04-21	0	8.75	30	10
2003-04-22	0	10.25	30	10
2003-04-23	0	10.8	31	10
2003-04-24	0	11.15	32	11
2003-04-25	0	11.05	33	11
2003-04-26	0	9.7	33	12
2003-04-27	0	11.15	33	12
2003-04-28	0	10.55	34	12
2003-04-29	0	11.1	33	12
2003-04-30	0	12.1	33	12
2003-05-01	0	10.6	34	12
2003-05-02	0	10.15	34	13
2003-05-03	0	11.5	35	13
2003-05-04	0	9.95	34	14
2003-05-05	0	7.8	32	13
2003-05-06	0	8.9	32	13
2003-05-07	0	9.1	33	13
2003-05-08	0	9.75	32	13
2003-05-09	0	8.65	32	12
2003-05-10	0	10.2	33	12
2003-05-11	0	10.55	33	12
2003-05-12	0	11.4	34	12
2003-05-13	0	9.35	33	12
2003-05-14	0	9.7	33	12
2003-05-15	0	11	34	12
2003-05-16	0	10.75	33	13
2003-05-17	0	8.85	33	13
2003-05-18	0	9	33	12
2003-05-19	0	8.3	32	12
2003-05-20	0	8.7	32	13
2003-05-21	0	9.65	33	13
2003-05-22	0	7.9	33	13
2003-05-23	0	8	32	13
2003-05-24	0	8.05	32	13
2003-05-25	27.6	9.15	30	12
2003-05-26	14.8	7.95	30	10
2003-05-27	0	8.35	30	10
2003-05-28	0	9.2	30	12
2003-05-29	0	10.4	30	12
2003-05-30	0	9.6	30	10
2003-05-31	0	9.55	30	10
2003-06-01	0	9.05	30	11
2003-06-02	0	10.25	30	11
2003-06-03	0.01	11.5	30	11
2003-06-04	7.4	6	30	10
2003-06-05	0	9.95	31	10
2003-06-06	8.4	10.55	30	10
2003-06-07	0	9.75	31	10
2003-06-08	0	9.45	30	11
2003-06-09	0	9.25	30	10
2003-06-10	7.5	10.45	30	11
2003-06-11	0	9.2	30	12
2003-06-12	0	9.15	30	12
2003-06-13	0	8.7	31	11
2003-06-14	0	8.85	30	11
2003-06-15	0	8.5	30	10
2003-06-16	5.7	8.1	30	10
2003-06-17	0	6.3	30	10
2003-06-18	0	8.6	30	10
2003-06-19	0	10.2	32	11
2003-06-20	0	10.4	31	12
2003-06-21	0	10.5	32	12
2003-06-22	0	9.6	32	12
2003-06-23	0	8.15	31	12
2003-06-24	0	9.65	30	12
2003-06-25	0	8.7	30	11
2003-06-26	0	10.8	31	10
2003-06-27	0	9.5	31	10
2003-06-28	0	10.5	32	10
2003-06-29	0	11.3	32	11
2003-06-30	0	9.55	32	11
2003-07-01	0	9.75	33	11
2003-07-02	0	10.7	33	12
2003-07-03	0	9.55	32	12
2003-07-04	0	9.35	30	11
2003-07-05	0	10.35	30	11
2003-07-06	0	8.65	30	12
2003-07-07	0	11.1	31	11
2003-07-08	0	10.2	31	12
2003-07-09	0	9.85	30	11
2003-07-10	0	10.75	31	11
2003-07-11	0	8.6	30	12
2003-07-12	20.7	9.9	30	10
2003-07-13	20.3	9.45	29	10
2003-07-14	0	8.75	29	10
2003-07-15	17.6	10.5	28	10
2003-07-16	26.5	9.2	28	10
2003-07-17	42.7	5.8	29	9
2003-07-18	17.3	3.3	29	10
2003-07-19	0	7.4	29	10
2003-07-20	0	9.35	28	10
2003-07-21	0	8.65	29	9
2003-07-22	0	9.1	29	10
2003-07-23	0	10.35	29	10
2003-07-24	0	9.4	30	10
2003-07-25	0	8.55	30	10
2003-07-26	0	9.75	30	11
2003-07-27	0	11.4	30	11
2003-07-28	0	9.5	30	12
2003-07-29	0	10.4	30	12
2003-07-30	0	10.7	30	12
2003-07-31	0	9.8	30	11
2003-08-01	0	8.55	29	11
2003-08-02	0	9.15	29	10
2003-08-03	0	10.05	30	10
2003-08-04	0	9.75	30	11
2003-08-05	0	9.5	30	11
2003-08-06	0	8.8	30	10
2003-08-07	0	9.45	30	10
2003-08-08	0	9.6	30	11
2003-08-09	0	9.65	30	11
2003-08-10	0	8.36	29	11
2003-08-11	0	7.39	29	10
2003-08-12	0	8.5	28	9
2003-08-13	0	8.55	28	9
2003-08-14	0	8.75	29	9
2003-08-15	5.7	8.8	30	10
2003-08-16	0	9.5	30	10
2003-08-17	0	8.3	29	10
2003-08-18	0	9.15	30	10
2003-08-19	0	9.25	29	10
2003-08-20	25.4	10.7	29	10
2003-08-21	14.7	9.5	29	10
2003-08-22	0	8.75	29	10
2003-08-23	0	6.5	28	9
2003-08-24	0	7.55	28	9
2003-08-25	0	8.1	29	9
2003-08-26	0	9.6	29	10
2003-08-27	0	8.65	29	10
2003-08-28	0	9.1	30	10
2003-08-29	0	8.4	30	10
2003-08-30	0	9.4	30	10
2003-08-31	0	8.6	30	10
2003-09-01	0	9.3	29	10
2003-09-02	0	8.85	29	10
2003-09-03	0	8.7	29	10
2003-09-04	54.7	10.8	29	9
2003-09-05	0	8.7	29	9
2003-09-06	0	9.55	29	9
2003-09-07	0	8.65	30	10
2003-09-08	0	10.3	30	10
2003-09-09	0	9.65	30	10
2003-09-10	0	9.85	30	10
2003-09-11	0	9.4	29	10
2003-09-12	14.5	10	30	10
2003-09-13	0	8	29	10
2003-09-14	0	7.2	28	10
2003-09-15	0	8.7	28	9
2003-09-16	0	7.6	28	9
2003-09-17	0	6.05	27	9
2003-09-18	0	7.55	28	9
2003-09-19	0	9.2	29	9
2003-09-20	0	8.1	29	10
2003-09-21	0	8.8	30	10
2003-09-22	0	10.55	30	10
2003-09-23	0	8.85	30	10
2003-09-24	0	6.85	29	10
2003-09-25	0	8.7	29	10
2003-09-26	7.4	9.55	29	10
2003-09-27	0.01	8	29	10
2003-09-28	0.01	8.65	29	10
2003-09-29	0.01	8.2	29	10
2003-09-30	0	8	29	10
2003-10-01	0	7.6	28	10
2003-10-02	0	8.05	28	9
2003-10-03	0	6.65	27	9
2003-10-04	0	8.3	27	8
2003-10-05	0	7.2	27	8
2003-10-06	0	7.65	27	7
2003-10-07	0	7.85	28	8
2003-10-08	0	8.3	28	8
2003-10-09	0	7.25	27	7
2003-10-10	23.4	9.55	27	7
2003-10-11	0	6.9	27	7
2003-10-12	14.7	8.95	27	6
2003-10-13	0	7.8	28	6
2003-10-14	0	7.15	27	7
2003-10-15	0	6.6	27	7
2003-10-16	0	7.1	27	7
2003-10-17	0	6.1	27	7
2003-10-18	0	5.75	26	6
2003-10-19	0	7.5	26	6
2003-10-20	0	6.75	27	6
2003-10-21	0	8.1	28	7
2003-10-22	0	7.6	27	7
2003-10-23	0	7.1	27	8
2003-10-24	0	8.85	28	7
2003-10-25	0	7.05	28	7
2003-10-26	0	6.95	27	7
2003-10-27	16.4	4.9	27	7
2003-10-28	0	6.4	27	7
2003-10-29	0	7.3	27	7
2003-10-30	0	6.7	27	7
2003-10-31	3.7	8.1	27	7
2003-11-01	0	7.05	26	7
2003-11-02	0	7.55	27	7
2003-11-03	0	6.6	27	8
2003-11-04	0	6.8	27	8
2003-11-05	0	5.85	26	7
2003-11-06	0	7.45	26	7
2003-11-07	0	5.5	26	6
2003-11-08	0	7.4	26	6
2003-11-09	0	7.05	27	7
2003-11-10	0	7.15	27	7
2003-11-11	0	6.95	27	7
2003-11-12	0	7.3	26	7
2003-11-13	0	7.25	26	7
2003-11-14	0	6.65	26	7
2003-11-15	0	6.7	26	7
2003-11-16	0	8.35	27	7
2003-11-17	0	7.25	27	8
2003-11-18	0	6.8	27	7
2003-11-19	0	7.15	27	7
2003-11-20	0	6.7	27	7
2003-11-21	0	6.8	27	7
2003-11-22	0	6.8	26	7
2003-11-23	0	7.05	27	6
2003-11-24	0	7.35	27	6
2003-11-25	0	6.7	27	7
2003-11-26	0	7.4	27	7
2003-11-27	0	6.45	27	7
2003-11-28	0	7.5	28	7
2003-11-29	0	7.55	28	7
2003-11-30	0	6.85	27	7
2003-12-01	0	6.05	27	7
2003-12-02	0	7.45	26	7
2003-12-03	0	5.8	26	7
2003-12-04	0	5.8	26	7
2003-12-05	0	6.5	25	6
2003-12-06	0	5.8	25	6
2003-12-07	0	6.7	26	6
2003-12-08	0	4.25	26	6
2003-12-09	0	6.25	26	6
2003-12-10	0	6.85	26	6
2003-12-11	0	7.25	27	7
2003-12-12	0	6.8	27	7
2003-12-13	0	6.3	26	7
2003-12-14	0	5.8	24	7
2003-12-15	0	6.05	26	4
2003-12-16	0	5.75	26	5
2003-12-17	0	4.4	25	6
2003-12-18	0	6.2	26	6
2003-12-19	0	5.7	26	6
2003-12-20	0	7.45	26	6
2003-12-21	0	7.1	26	7
2003-12-22	0	6.55	27	6
2003-12-23	0	7.15	27	7
2003-12-24	0	7.35	27	7
2003-12-25	0	5.85	26	7
2003-12-26	0	5.86	26	7
2003-12-27	0	7.55	27	6
2003-12-28	0	7.15	27	6
2003-12-29	0	5.05	25	6
2003-12-30	0	5.7	26	5
2003-12-31	0	4.95	25	5
2004-01-01	0	5.8	25	5
2004-01-02	0	7.3	26	6
2004-01-03	0	7.05	26	6
2004-01-04	0	6.05	25	7
2004-01-05	0	6.65	26	6
2004-01-06	0	4.2	26	7
2004-01-07	0	6.3	26	6
2004-01-08	0	7.2	26	6
2004-01-09	0.01	6.35	25	7
2004-01-10	2.4	7.55	26	7
2004-01-11	0	6.55	26	7
2004-01-12	0	7.55	26	6
2004-01-13	0	8.05	27	7
2004-01-14	0.01	7.5	27	7
2004-01-15	6.5	5.9	26	7
2004-01-16	3.5	6.4	26	6
2004-01-17	0	6.65	24	6
2004-01-18	0	6.15	26	4
2004-01-19	0	6.7	26	5
2004-01-20	0	7.4	26	5
2004-01-21	0	5.5	25	6
2004-01-22	0	7.4	25	5
2004-01-23	0	6.5	25	6
2004-01-24	0	7.6	26	5
2004-01-25	0	5.75	26	6
2004-01-26	0	6.35	27	7
2004-01-27	0	7.1	27	7
2004-01-28	0	5.9	26	7
2004-01-29	0	7.05	26	6
2004-01-30	0	4.6	24	6
2004-01-31	0	6.25	26	4
2004-02-01	0	2.31	26	6
2004-02-02	0	4.55	26	5
2004-02-03	0	6.15	27	6
2004-02-04	0	6.45	27	6
2004-02-05	0	6.1	26	6
2004-02-06	0	4.4	26	5
2004-02-07	0	5.85	26	6
2004-02-08	0	7.65	27	6
2004-02-09	0	5.7	27	6
2004-02-10	0	5.95	26	6
2004-02-11	0	5.85	26	6
2004-02-12	0	6.15	26	5
2004-02-13	0	5.9	27	6
2004-02-14	0	6.4	26	6
2004-02-15	0	6.85	26	7
2004-02-16	0	5.8	23	7
2004-02-17	0	6.9	23	4
2004-02-18	0	6.7	26	4
2004-02-19	0	7.3	27	5
2004-02-20	0	7.1	27	6
2004-02-21	0	7.8	27	6
2004-02-22	0	6.7	27	6
2004-02-23	0	8.25	27	7
2004-02-24	0	6.9	27	7
2004-02-25	0	8.4	28	8
2004-02-26	0	9.2	29	8
2004-02-27	0	8.05	29	8
2004-02-28	0	7.85	29	9
2004-02-29	0	8.45	NULO	NULO
2004-03-01	0	7.3	30	9
2004-03-02	0	6.6	29	10
2004-03-03	0	7.25	28	9
2004-03-04	0	6.65	28	9
2004-03-05	0	6.15	29	8
2004-03-06	0	7.55	30	10
2004-03-07	0	7.65	30	10
2004-03-08	0	8.55	28	10
2004-03-09	0	6.5	28	9
2004-03-10	0	9.1	30	9
2004-03-11	0	7.75	29	10
2004-03-12	0	9.8	30	10
2004-03-13	0	7.6	30	10
2004-03-14	0	7.75	28	10
2004-03-15	0	8.45	27	9
2004-03-16	0	7.5	27	8
2004-03-17	0	8.25	28	8
2004-03-18	0	9.1	29	9
2004-03-19	0	7.85	28	9
2004-03-20	0	7.35	21	9
2004-03-21	0	5.5	21	8
2004-03-22	0	7.85	21	9
2004-03-23	0	9.35	28	8
2004-03-24	0	8.9	29	8
2004-03-25	0	9.25	29	9
2004-03-26	0	6.4	30	9
2004-03-27	0	10.4	30	10
2004-03-28	6.5	8.2	29	10
2004-03-29	15.4	6.76	29	10
2004-03-30	9.8	7.34	29	10
2004-03-31	0	8.85	30	10
2004-04-01	0	9.55	30	10
2004-04-02	0	8.8	30	10
2004-04-03	0	10.15	30	10
2004-04-04	0	9.3	30	10
2004-04-05	0	8.7	30	11
2004-04-06	0	9.42	31	11
2004-04-07	0	8.88	30	11
2004-04-08	0	8.5	30	10
2004-04-09	0	9.1	30	10
2004-04-10	0	7.3	30	10
2004-04-11	0	8.4	30	10
2004-04-12	0	7.8	27	10
2004-04-13	0	8.7	30	8
2004-04-14	0	9.1	30	10
2004-04-15	0	8.5	30	10
2004-04-16	0	10.3	31	10
2004-04-17	0	8.6	30	10
2004-04-18	0	9.15	30	10
2004-04-19	0	7.85	30	10
2004-04-20	0	8.85	30	10
2004-04-21	0	10	30	10
2004-04-22	0	9.6	31	11
2004-04-23	0	9.1	31	11
2004-04-24	0	10.05	31	11
2004-04-25	0	8.2	31	11
2004-04-26	0	7.4	30	11
2004-04-27	0	8.65	30	10
2004-04-28	0	9.55	30	10
2004-04-29	0	8.7	30	11
2004-04-30	0	9.05	NULO	NULO
2004-05-01	0	9.15	30	10
2004-05-02	0	7.1	30	10
2004-05-03	0	9.7	30	10
2004-05-04	0	10.1	30	10
2004-05-05	0	10.6	30	10
2004-05-06	0	10.1	30	10
2004-05-07	0	10.7	31	10
2004-05-08	0	9.6	30	11
2004-05-09	0	10.1	31	11
2004-05-10	9.8	9.99	30	11
2004-05-11	0	9.67	30	11
2004-05-12	0	10.04	30	10
2004-05-13	10.5	8.3	30	10
2004-05-14	0	9.9	30	10
2004-05-15	0	9.9	30	11
2004-05-16	0	9.9	31	11
2004-05-17	0.01	8.6	30	12
2004-05-18	0	10.9	30	11
2004-05-19	0	9.5	30	11
2004-05-20	5.7	10.5	30	10
2004-05-21	0	4.6	30	10
2004-05-22	0	10.8	31	10
2004-05-23	0	11.25	31	11
2004-05-24	0	9.8	31	11
2004-05-25	0	8.85	30	10
2004-05-26	0	11.3	32	10
2004-05-27	0	9.5	32	12
2004-05-28	0	9.7	31	12
2004-05-29	22.7	13.3	31	11
2004-05-30	0	9.6	31	11
2004-05-31	0.01	8.85	30	10
2004-06-01	0	9.05	30	10
2004-06-02	0	11.6	30	10
2004-06-03	0	10.65	30	11
2004-06-04	6.7	12.5	30	11
2004-06-05	0	10.8	30	11
2004-06-06	21.7	10.9	30	11
2004-06-07	30.2	7.9	30	10
2004-06-08	4.3	6	29	10
2004-06-09	0	7.85	29	10
2004-06-10	0	9.15	30	10
2004-06-11	0	9.2	30	10
2004-06-12	0	10.5	30	10
2004-06-13	0	10.45	30	11
2004-06-14	0	10.45	31	10
2004-06-15	6.3	11.8	31	10
2004-06-16	0	9.2	30	11
2004-06-17	0	9.5	31	10
2004-06-18	0	9.5	30	10
2004-06-19	0	9.1	30	10
2004-06-20	0	8.7	30	10
2004-06-21	4.7	10.45	30	11
2004-06-22	3.5	8.1	30	10
2004-06-23	0.01	8.15	29	10
2004-06-24	10.8	9.5	30	10
2004-06-25	0	7.6	30	10
2004-06-26	4.7	9.9	30	10
2004-06-27	0.01	9.25	30	10
2004-06-28	0	7.75	29	10
2004-06-29	12.7	8.85	30	10
2004-06-30	0	9.6	NULO	NULO
2004-07-01	0	8.95	30	10
2004-07-02	0	8.75	29	10
2004-07-03	0	9.45	30	9
2004-07-04	9.8	10.7	30	10
2004-07-05	0	5.1	30	10
2004-07-06	8.3	8.4	31	10
2004-07-07	0	4.1	31	11
2004-07-08	0	9.25	30	11
2004-07-09	0	11.25	31	10
2004-07-10	0	10.4	31	11
2004-07-11	0.01	9.5	30	10
2004-07-12	0	9.7	31	10
2004-07-13	0	9.3	31	10
2004-07-14	0	9.95	31	10
2004-07-15	0	10.45	31	10
2004-07-16	0	9.8	30	11
2004-07-17	0	8.8	30	10
2004-07-18	0	10.15	30	10
2004-07-19	0	8.6	31	10
2004-07-20	0	8.7	30	10
2004-07-21	0	8.9	30	9
2004-07-22	0	10.65	30	9
2004-07-23	0	11.85	30	10
2004-07-24	0	10.85	30	10
2004-07-25	0	9.9	30	10
2004-07-26	0	9.45	30	10
2004-07-27	0	10.55	30	10
2004-07-28	0	10.7	29	10
2004-07-29	0	8.8	29	10
2004-07-30	0	9.2	30	10
2004-07-31	0	8.3	30	10
2004-08-01	0	11.4	30	10
2004-08-02	0	9.8	30	10
2004-08-03	26.7	9.5	30	10
2004-08-04	3.2	10.25	30	10
2004-08-05	0	8.9	30	10
2004-08-06	0	11.6	30	10
2004-08-07	0	8.35	30	10
2004-08-08	0	11.4	30	10
2004-08-09	0	9.5	31	10
2004-08-10	0	9.75	31	11
2004-08-11	23.6	12.1	31	11
2004-08-12	9.4	8.9	30	11
2004-08-13	0	10.2	30	11
2004-08-14	0	10.35	30	10
2004-08-15	0	9.5	30	10
2004-08-16	0	10.3	30	10
2004-08-17	0	9.3	30	10
2004-08-18	0	10.5	30	11
2004-08-19	2.4	10.85	31	10
2004-08-20	0.01	11.1	30	10
2004-08-21	0	9.95	31	10
2004-08-22	0	11.2	31	11
2004-08-23	0	8.6	30	11
2004-08-24	0	10.7	30	10
2004-08-25	0	8.8	30	10
2004-08-26	0	9.45	30	10
2004-08-27	0	9.75	30	10
2004-08-28	0	9.45	29	10
2004-08-29	0	6.8	30	10
2004-08-30	0	9.4	29	10
2004-08-31	0	9.15	30	10
2004-09-01	0	8.95	29	10
2004-09-02	0	8.25	29	10
2004-09-03	0	7.85	28	9
2004-09-04	0	9.3	30	9
2004-09-05	0	7.25	30	9
2004-09-06	0	10.6	30	10
2004-09-07	0	8.35	29	10
2004-09-08	0	5.3	28	10
2004-09-09	0	7.7	29	9
2004-09-10	0	8.4	29	9
2004-09-11	0	7.65	30	9
2004-09-12	0	4.8	30	10
2004-09-13	0	9.9	30	10
2004-09-14	0	10.15	30	10
2004-09-15	0	10.55	31	10
2004-09-16	0	9.7	30	10
2004-09-17	0	10.5	30	10
2004-09-18	0	4.75	29	10
2004-09-19	0	8.55	29	10
2004-09-20	0.01	9.35	30	10
2004-09-21	0	8.85	30	10
2004-09-22	0	8.7	30	10
2004-09-23	0	9.3	30	10
2004-09-24	0	10.1	30	10
2004-09-25	0	9.3	30	10
2004-09-26	0	9.5	29	10
2004-09-27	0	8.45	29	10
2004-09-28	0	9.25	30	10
2004-09-29	0	9.9	30	10
2004-09-30	0	9.15	NULO	NULO
2004-10-01	0	3.3	29	10
2004-10-02	0	7.3	28	9
2004-10-03	0	8.3	29	9
2004-10-04	0.01	6.6	29	10
2004-10-05	0	7.8	28	10
2004-10-06	0	9.3	28	10
2004-10-07	0	6.8	28	9
2004-10-08	4.6	9.5	29	9
2004-10-09	0	7.1	30	9
2004-10-10	0	9.55	30	10
2004-10-11	0	8.25	28	10
2004-10-12	0	NULO	28	9
2004-10-13	0	8.25	28	9
2004-10-14	0	8.25	28	9
2004-10-15	0	8.25	28	8
2004-10-16	0	8.25	28	8
2004-10-17	0	8.25	29	9
2004-10-18	0	8.25	29	9
2004-10-19	0	8.25	29	9
2004-10-20	0	8.25	29	9
2004-10-21	0	8.25	30	9
2004-10-22	0	8.25	29	10
2004-10-23	0	8.25	28	10
2004-10-24	0	8.25	28	10
2004-10-25	0	8.25	28	9
2004-10-26	0	8.25	28	9
2004-10-27	0	8.25	30	9
2004-10-28	0	8.25	29	10
2004-10-29	0	8.25	29	10
2004-10-30	0	8.25	30	10
2004-10-31	0	8.25	30	9
2004-11-01	2.5	9.65	30	10
2004-11-02	35.4	7.82	28	10
2004-11-03	0	6.55	28	10
2004-11-04	0	6.75	28	9
2004-11-05	0	5.85	28	9
2004-11-06	0	7.5	28	8
2004-11-07	0	7.75	28	8
2004-11-08	0	8.2	27	9
2004-11-09	0	6.7	27	9
2004-11-10	0	6.3	27	8
2004-11-11	0	8.4	29	8
2004-11-12	0	7.3	28	9
2004-11-13	0	6.5	28	9
2004-11-14	0	7.5	27	9
2004-11-15	0	6.8	27	8
2004-11-16	0	8.3	27	8
2004-11-17	0	6.45	27	8
2004-11-18	0	7.45	28	8
2004-11-19	0	6.9	28	9
2004-11-20	0	7.9	29	8
2004-11-21	0	7.2	28	8
2004-11-22	0	8.2	29	8
2004-11-23	0	6.35	28	8
2004-11-24	0	8.35	28	7
2004-11-25	0	8.05	29	7
2004-11-26	0	8.25	29	8
2004-11-27	0	6.2	29	8
2004-11-28	0	7.4	28	8
2004-11-29	0	7.7	28	7
2004-11-30	0	7.9	NULO	NULO
2004-12-01	0	7.2	28	8
2004-12-02	0	7.3	28	8
2004-12-03	0	5.45	27	7
2004-12-04	0	7.15	28	7
2004-12-05	0	7.2	27	7
2004-12-06	0	2.75	27	6
2004-12-07	0	6.85	27	6
2004-12-08	0	6.15	27	7
2004-12-09	0	6.8	27	7
2004-12-10	0	7.25	27	7
2004-12-11	0	6.7	28	7
2004-12-12	0	6.85	27	7
2004-12-13	0	7.3	27	7
2004-12-14	0	6.95	27	7
2004-12-15	2.7	7.95	27	7
2004-12-16	0	6.25	27	7
2004-12-17	0	7.2	27	7
2004-12-18	0	7.1	26	7
2004-12-19	0	5.45	26	7
2004-12-20	0	7.45	27	7
2004-12-21	0	6.8	27	7
2004-12-22	0	5.8	26	7
2004-12-23	0	6.4	26	6
2004-12-24	0	2.2	26	6
2004-12-25	0	6.4	26	6
2004-12-26	0	6.2	25	6
2004-12-27	0	5.6	26	5
2004-12-28	0	7.3	27	6
2004-12-29	0	7.2	26	6
2004-12-30	0	6.75	26	6
2004-12-31	0	5.6	26	6
2005-01-01	0	6.25	26	6
2005-01-02	0	6.25	26	6
2005-01-03	0	5.6	25	6
2005-01-04	0	5.7	25	5
2005-01-05	0	6.1	26	5
2005-01-06	0	7.05	27	6
2005-01-07	0	6.75	27	6
2005-01-08	0	7.35	26	6
2005-01-09	0	7.15	26	6
2005-01-10	0	7.1	27	6
2005-01-11	0	6.75	27	6
2005-01-12	0	6.3	26	6
2005-01-13	0	6.55	25	6
2005-01-14	0	5.55	25	5
2005-01-15	0	6.4	25	5
2005-01-16	0	5.95	35	5
2005-01-17	0	6.85	26	6
2005-01-18	0	6.25	26	6
2005-01-19	0	5.85	25	6
2005-01-20	0	6.9	26	6
2005-01-21	0	5.2	27	6
2005-01-22	12.5	8.35	27	6
2005-01-23	0	5.7	27	6
2005-01-24	0	7.6	27	7
2005-01-25	0	7.5	27	7
2005-01-26	0	5.5	26	6
2005-01-27	0	5.2	26	6
2005-01-28	0	5.6	26	7
2005-01-29	0	6.2	27	7
2005-01-30	0	7.3	27	7
2005-01-31	0	7	27	6
2005-02-01	0	7.15	27	6
2005-02-02	0	7.65	27	7
2005-02-03	0	6.8	27	7
2005-02-04	0	6.05	26	6
2005-02-05	0	6.15	26	6
2005-02-06	0	7.4	27	7
2005-02-07	0	6.95	27	7
2005-02-08	0	7.05	27	8
2005-02-09	0	7.8	27	7
2005-02-10	0	6.75	27	8
2005-02-11	0	7.05	27	7
2005-02-12	0	8.15	28	7
2005-02-13	0	7.6	28	7
2005-02-14	0	7.55	27	7
2005-02-15	0	7	27	7
2005-02-16	0	7.3	27	7
2005-02-17	0	7.6	28	8
2005-02-18	0	7.85	27	8
2005-02-19	0	7.35	27	7
2005-02-20	0	6.05	26	7
2005-02-21	0	6.75	27	6
2005-02-22	0	NULO	27	6
2005-02-23	0	7.15	27	7
2005-02-24	0	6.6	27	7
2005-02-25	0	6.7	27	6
2005-02-26	0	7.15	28	7
2005-02-27	0	7.95	28	7
2005-02-28	0	8.1	NULO	NULO
2005-03-01	0	7.9	28	7
2005-03-02	0	8.5	28	7
2005-03-03	0	7.7	28	7
2005-03-04	0	7.75	28	8
2005-03-05	0	6.55	28	8
2005-03-06	0	8.9	27	7
2005-03-07	0	7.5	28	7
2005-03-08	0	9.3	28	8
2005-03-09	0	7.85	28	8
2005-03-10	0	7.75	29	8
2005-03-11	0	7.2	27	8
2005-03-12	0	7.9	28	7
2005-03-13	0	7.7	28	7
2005-03-14	0	8.05	28	7
2005-03-15	6.7	7.95	28	8
2005-03-16	0	8	28	8
2005-03-17	0	8.7	29	8
2005-03-18	0	9.7	29	8
2005-03-19	0	9.85	30	8
2005-03-20	0	8.25	29	9
2005-03-21	0	8.8	29	8
2005-03-22	0	9.8	29	8
2005-03-23	0	8.25	28	9
2005-03-24	0	7.85	28	8
2005-03-25	0	8.35	29	8
2005-03-26	0	8.95	30	9
2005-03-27	0	9.8	30	9
2005-03-28	0	8.96	29	9
2005-03-29	0	8.64	29	8
2005-03-30	0	8.2	29	8
2005-03-31	0	7.55	29	8
2005-04-01	0	9.25	30	9
2005-04-02	0	8.75	30	9
2005-04-03	0	10.2	30	9
2005-04-04	0	9.1	30	10
2005-04-05	0	9.8	29	10
2005-04-06	0	7.55	29	9
2005-04-07	0	10.15	30	9
2005-04-08	0	10.6	30	10
2005-04-09	0	10.35	30	10
2005-04-10	0	10.05	30	10
2005-04-11	0	9.8	30	10
2005-04-12	0	9.65	30	10
2005-04-13	0	8.05	29	10
2005-04-14	0	9.5	29	10
2005-04-15	0	9.4	29	10
2005-04-16	0	9.75	29	9
2005-04-17	3.1	8.95	29	9
2005-04-18	0	8.85	28	9
2005-04-19	0.01	7.7	29	9
2005-04-20	0	7.95	29	9
2005-04-21	0	8.75	29	9
2005-04-22	0	8.85	29	9
2005-04-23	4.2	8.45	29	9
2005-04-24	0	9.4	29	9
2005-04-25	0	9.95	30	10
2005-04-26	0	9.8	30	10
2005-04-27	0	9.95	30	10
2005-04-28	0	10.65	30	10
2005-04-29	0	9.1	30	10
2005-04-30	0	9.25	NULO	NULO
2005-05-01	0	9.45	30	10
2005-05-02	0	10.4	31	10
2005-05-03	0	10.3	31	10
2005-05-04	0	10.8	32	10
2005-05-05	0	10.15	31	10
2005-05-06	0	9.75	30	11
2005-05-07	0	9.3	30	11
2005-05-08	0	9.4	30	11
2005-05-09	0	10.75	31	10
2005-05-10	0	9.95	31	10
2005-05-11	0	10.8	31	10
2005-05-12	0	9.4	30	11
2005-05-13	0	8.8	30	10
2005-05-14	0	9.1	30	10
2005-05-15	8.5	10.2	30	10
2005-05-16	0	10.7	31	10
2005-05-17	0	10.25	31	11
2005-05-18	0	9.85	30	11
2005-05-19	0	9.15	30	11
2005-05-20	0	10.71	31	10
2005-05-21	0	11.74	32	11
2005-05-22	0	11.1	31	12
2005-05-23	0	10	32	11
2005-05-24	6.7	10.8	32	11
2005-05-25	3.6	8.1	33	11
2005-05-26	0	10.75	32	12
2005-05-27	0	10.55	32	12
2005-05-28	0	9.35	32	11
2005-05-29	0	10.45	31	11
2005-05-30	0	9.5	32	11
2005-05-31	0	10.7	31	12
2005-06-01	0	11.15	33	12
2005-06-02	0	10.55	32	12
2005-06-03	0	10.8	32	11
2005-06-04	0	10.75	32	11
2005-06-05	0	9.96	31	11
2005-06-06	0	10.3	31	11
2005-06-07	0	10.75	31	11
2005-06-08	0	11.35	32	10
2005-06-09	0	9.7	31	10
2005-06-10	0	8.7	30	11
2005-06-11	0	9.9	30	10
2005-06-12	0	10.15	31	11
2005-06-13	0	11.25	31	11
2005-06-14	0	8.95	31	11
2005-06-15	0	9.75	30	11
2005-06-16	0	10.65	30	11
2005-06-17	0	10.8	30	10
2005-06-18	0	10.7	30	10
2005-06-19	0	10.15	30	11
2005-06-20	0	9.8	30	11
2005-06-21	0	9.7	30	11
2005-06-22	0	9.7	30	10
2005-06-23	0	9.7	30	10
2005-06-24	0	9.7	30	10
2005-06-25	0	9.7	31	11
2005-06-26	0	9.7	31	11
2005-06-27	0	9.7	30	11
2005-06-28	0	9.7	29	11
2005-06-29	0	9.7	31	10
2005-06-30	0	9.7	NULO	NULO
2005-07-01	0	10.15	30	11
2005-07-02	0	10.8	31	10
2005-07-03	0	9.8	30	10
2005-07-04	2.6	12.8	30	10
2005-07-05	1.9	6.7	30	10
2005-07-06	0	8.45	29	10
2005-07-07	32.7	9.45	30	10
2005-07-08	0	9.6	30	10
2005-07-09	30	8.75	30	10
2005-07-10	0	9.35	29	10
2005-07-11	0	8.5	29	10
2005-07-12	0	10.35	30	10
2005-07-13	0	10.3	30	10
2005-07-14	0	6.65	31	10
2005-07-15	0	10.65	31	10
2005-07-16	0	10.45	30	10
2005-07-17	0	8.45	30	10
2005-07-18	0	10.3	30	10
2005-07-19	0	11.35	30	10
2005-07-20	15.8	10.8	30	10
2005-07-21	0	7.75	30	10
2005-07-22	0	9.5	30	10
2005-07-23	0	9.3	30	10
2005-07-24	0	9.95	30	10
2005-07-25	24.7	9.65	30	10
2005-07-26	0	12.15	30	10
2005-07-27	0	9.3	29	10
2005-07-28	0	9.5	29	10
2005-07-29	0	7.4	30	10
2005-07-30	0	10.45	30	10
2005-07-31	0	4.45	30	10
2005-08-01	0	10.4	30	10
2005-08-02	0	9.2	30	10
2005-08-03	4.3	11.8	29	10
2005-08-04	0	10.15	29	10
2005-08-05	0	9.5	29	10
2005-08-06	0	9.7	30	10
2005-08-07	0	10.35	30	10
2005-08-08	0	9.25	29	10
2005-08-09	0	9.1	29	10
2005-08-10	17.4	11.1	29	10
2005-08-11	0.01	11.1	29	10
2005-08-12	0	9.3	30	10
2005-08-13	0	10.3	30	10
2005-08-14	9.2	10.43	30	10
2005-08-15	0	9.92	30	10
2005-08-16	0	8.65	30	10
2005-08-17	0	9.05	29	10
2005-08-18	0	10.15	29	10
2005-08-19	0	8.25	29	9
2005-08-20	0	5.15	29	9
2005-08-21	0	9.3	29	9
2005-08-22	6.4	7.95	29	9
2005-08-23	3.7	8.65	29	9
2005-08-24	0	9.35	29	9
2005-08-25	0	9.15	29	9
2005-08-26	0	9.65	29	10
2005-08-27	0	6.3	30	10
2005-08-28	0	9.6	30	10
2005-08-29	0	8.3	29	10
2005-08-30	4.5	8.8	29	10
2005-08-31	0	8.9	29	10
2005-09-01	0	9.4	29	10
2005-09-02	0	4.5	29	10
2005-09-03	0	8.85	29	10
2005-09-04	5.3	9.55	28	10
2005-09-05	3.7	12.85	28	10
2005-09-06	4.2	7.85	29	10
2005-09-07	0	9.15	29	10
2005-09-08	0	9.95	29	10
2005-09-09	7.8	10	29	10
2005-09-10	0	7.9	29	10
2005-09-11	0	11.5	29	10
2005-09-12	0	10.85	29	10
2005-09-13	0	9.7	30	10
2005-09-14	0	9.85	30	10
2005-09-15	0	10.25	30	10
2005-09-16	0	9.7	29	10
2005-09-17	0	9.55	29	10
2005-09-18	0	10.15	30	10
2005-09-19	0	11.3	30	10
2005-09-20	15.8	10.9	30	11
2005-09-21	0	10.7	30	11
2005-09-22	0	10.8	30	11
2005-09-23	0	8.15	30	11
2005-09-24	0	11.45	30	11
2005-09-25	0	9.75	30	10
2005-09-26	0.01	9.75	30	10
2005-09-27	0	10.5	30	10
2005-09-28	0	10.25	30	10
2005-09-29	0	9.2	30	10
2005-09-30	0	10.2	NULO	NULO
2005-10-01	0	9.85	30	10
2005-10-02	18.6	9.85	29	10
2005-10-03	18.4	3.5	29	9
2005-10-04	11.7	8.4	29	9
2005-10-05	7.2	7.5	29	10
2005-10-06	0.01	8.9	30	10
2005-10-07	0.01	9.1	30	10
2005-10-08	0.01	9.26	30	10
2005-10-09	0	9.59	30	10
2005-10-10	0	9.7	30	10
2005-10-11	0	9.6	29	10
2005-10-12	0	10.55	29	10
2005-10-13	0	9.4	29	10
2005-10-14	0	10.6	30	10
2005-10-15	0	9.35	30	10
2005-10-16	0	7.6	29	10
2005-10-17	0	3.75	28	10
2005-10-18	0	7.75	28	10
2005-10-19	0	8.6	28	9
2005-10-20	0	4.05	29	9
2005-10-21	0	7.55	29	9
2005-10-22	0	9.55	28	9
2005-10-23	0	8.75	28	9
2005-10-24	0	6.3	27	9
2005-10-25	2.7	11.2	28	8
2005-10-26	0	8.85	28	8
2005-10-27	0	7.75	28	8
2005-10-28	0	8.15	29	8
2005-10-29	0	8.85	29	9
2005-10-30	0	8.7	29	9
2005-10-31	0	6.5	28	9
2005-11-01	0	8.35	27	9
2005-11-02	0	7.05	25	9
2005-11-03	0	7.8	25	5
2005-11-04	0	6.7	25	4
2005-11-05	0	7.3	27	5
2005-11-06	0	7.3	28	9
2005-11-07	0	7.3	27	9
2005-11-08	0	7.3	27	8
2005-11-09	0	7.3	28	8
2005-11-10	0	7.3	28	8
2005-11-11	0	7.3	28	8
2005-11-12	0	7.3	27	8
2005-11-13	0	7.3	28	8
2005-11-14	0	7.3	28	8
2005-11-15	0	7.3	28	8
2005-11-16	0	7.3	27	9
2005-11-17	0	7.3	27	8
2005-11-18	0	7.3	28	8
2005-11-19	0	7.3	28	8
2005-11-20	0	7.3	26	8
2005-11-21	0	7.3	25	7
2005-11-22	0	7.3	25	5
2005-11-23	0	7.3	24	4
2005-11-24	0	7.3	26	4
2005-11-25	0	7.3	27	6
2005-11-26	0	7.3	28	7
2005-11-27	0	7.3	28	7
2005-11-28	0	7.3	28	7
2005-11-29	0	7.3	28	7
2005-11-30	0	7.3	NULO	NULO
2005-12-01	0	7	28	7
2005-12-02	0	7.35	28	7
2005-12-03	0	6.8	27	7
2005-12-04	0	6.75	26	7
2005-12-05	0	7.15	26	7
2005-12-06	0	3.7	26	7
2005-12-07	0	7.9	27	6
2005-12-08	0	8.05	27	7
2005-12-09	0	6.75	27	7
2005-12-10	0	9.4	27	7
2005-12-11	0	6.55	25	7
2005-12-12	0	7.4	26	4
2005-12-13	0	8.1	27	6
2005-12-14	0	4.2	27	7
2005-12-15	0	7.1	26	7
2005-12-16	0	7.1	26	6
2005-12-17	0	7.2	27	6
2005-12-18	0	7.2	27	7
2005-12-19	0	6.35	27	7
2005-12-20	0	8.55	27	7
2005-12-21	0	8.1	27	7
2005-12-22	0	3.25	27	7
2005-12-23	0	7.95	25	7
2005-12-24	0	6.7	24	4
2005-12-25	0	NULO	24	4
2005-12-26	0	6.75	23	4
2005-12-27	0	6.7	24	3
2005-12-28	0	7.05	25	4
2005-12-29	0	6.35	26	4
2005-12-30	0	6.8	25	5
2005-12-31	0	5.8	26	5
2006-01-01	0	7.05	24	5
2006-01-02	0	6.85	25	4
2006-01-03	0	5.6	24	4
2006-01-04	0	7.15	24	4
2006-01-05	0	7.15	25	4
2006-01-06	0	5.65	24	5
2006-01-07	0	6.15	24	2
2006-01-08	0	6.8	24	3
2006-01-09	0	4.8	24	2
2006-01-10	0	6.85	24	2
2006-01-11	0	5.7	25	2
2006-01-12	0	7.35	26	3
2006-01-13	0	6.5	26	4
2006-01-14	0	7.65	26	6
2006-01-15	0	6.55	25	6
2006-01-16	0	6.1	26	5
2006-01-17	0	6.05	24	5
2006-01-18	0	3.9	24	4
2006-01-19	0	5.8	26	4
2006-01-20	0	5.5	25	4
2006-01-21	0	7.7	26	4
2006-01-22	0	6.4	26	3
2006-01-23	0	6.15	25	5
2006-01-24	0	7.4	26	5
2006-01-25	5.6	6.65	25	5
2006-01-26	0	5.8	27	5
2006-01-27	0	5.7	27	4
2006-01-28	0	1.6	26	6
2006-01-29	0	6.7	26	6
2006-01-30	0	6.45	26	5
2006-01-31	0	5.55	26	5
2006-02-01	0	7.05	27	6
2006-02-02	0	6.85	27	6
2006-02-03	0	5.6	26	6
2006-02-04	0	7.15	26	6
2006-02-05	0	7.15	27	6
2006-02-06	0	5.65	27	6
2006-02-07	0	6.15	24	7
2006-02-08	0	6.7	26	4
2006-02-09	0	4.8	27	4
2006-02-10	0	6.85	27	7
2006-02-11	0	5.7	28	7
2006-02-12	0	7.35	23	7
2006-02-13	0	6.5	26	3
2006-02-14	0	7.65	27	4
2006-02-15	0	6.55	27	6
2006-02-16	0	6.1	27	7
2006-02-17	0	6.05	27	7
2006-02-18	0	3.9	26	6
2006-02-19	0	5.8	26	6
2006-02-20	0	5.5	25	6
2006-02-21	0	2.7	26	5
2006-02-22	0	6.4	26	5
2006-02-23	0	6.15	26	5
2006-02-24	0	7.4	26	5
2006-02-25	0	6.85	27	6
2006-02-26	0	5.7	27	6
2006-02-27	0	1.6	26	6
2006-02-28	0	7.15	27	6
2006-03-01	0	6.75	27	6
2006-03-02	0	4.85	24	7
2006-03-03	0	7.35	27	4
2006-03-04	0	7.2	27	5
2006-03-05	0	7.45	28	6
2006-03-06	0	7.3	27	7
2006-03-07	0	8.15	28	7
2006-03-08	0	6.86	29	7
2006-03-09	0	8.44	30	7
2006-03-10	0	9.4	29	8
2006-03-11	0	7.75	29	8
2006-03-12	0	8.75	30	7
2006-03-13	0	10.65	30	8
2006-03-14	0	7.75	28	9
2006-03-15	0	7.85	28	7
2006-03-16	0	7.45	29	7
2006-03-17	0	9.2	29	8
2006-03-18	0	9.2	29	8
2006-03-19	0	8.05	29	8
2006-03-20	0	8.8	30	8
2006-03-21	0	8.85	30	9
2006-03-22	0	9.65	30	9
2006-03-23	0	7.65	27	9
2006-03-24	0.01	7.2	27	7
2006-03-25	7.8	9.7	28	7
2006-03-26	15.7	5.75	28	7
2006-03-27	0	7.85	27	7
2006-03-28	0	9.1	29	6
2006-03-29	0	9.8	30	7
2006-03-30	0	10.3	30	9
2006-03-31	0	5.75	30	9
2006-04-01	0	10.95	30	10
2006-04-02	0	9.4	30	10
2006-04-03	0	9.1	29	10
2006-04-04	0	10.2	30	10
2006-04-05	0	11.15	30	10
2006-04-06	0	10.3	31	10
2006-04-07	0	11.4	31	10
2006-04-08	0	9.6	30	11
2006-04-09	0	9.25	30	11
2006-04-10	0	9.7	30	11
2006-04-11	0	10.45	30	11
2006-04-12	0	10.8	31	10
2006-04-13	0	11.1	31	11
2006-04-14	0	10.5	31	11
2006-04-15	0.01	10.05	30	11
2006-04-16	0	10.25	30	11
2006-04-17	0	9.85	31	11
2006-04-18	0	10.05	31	11
2006-04-19	27.6	11.7	31	10
2006-04-20	0.01	6.7	30	11
2006-04-21	25.7	11.4	30	11
2006-04-22	0	8.4	30	11
2006-04-23	19.6	9.1	30	11
2006-04-24	0.01	9.1	30	11
2006-04-25	0.01	9.5	30	11
2006-04-26	0.01	9.85	31	11
2006-04-27	0	10.15	31	11
2006-04-28	0	9.75	31	11
2006-04-29	6.5	11.05	31	11
2006-04-30	0.01	11.09	31	11
2006-05-01	0.01	9.7	30	11
2006-05-02	0	10.25	30	11
2006-05-03	0	9.65	30	11
2006-05-04	0	10.65	30	10
2006-05-05	0	9.7	30	10
2006-05-06	0	10.2	31	10
2006-05-07	0.01	10.85	31	10
2006-05-08	0	8.65	29	10
2006-05-09	0	10.25	30	10
2006-05-10	0.01	9.65	30	10
2006-05-11	0.01	9.65	31	10
2006-05-12	8.8	10.56	31	10
2006-05-13	0	11.1	30	10
2006-05-14	0	10.3	30	10
2006-05-15	0	8.8	30	10
2006-05-16	3.4	8.25	30	10
2006-05-17	4.2	7.55	30	10
2006-05-18	15.8	9.55	30	10
2006-05-19	0.01	8.15	30	10
2006-05-20	0	9.85	31	10
2006-05-21	0	9.55	31	10
2006-05-22	0	8.4	31	10
2006-05-23	0	10.5	30	11
2006-05-24	0	10.85	30	10
2006-05-25	0	9.6	30	10
2006-05-26	0	10.75	31	10
2006-05-27	26.7	11.35	31	10
2006-05-28	8	10.4	30	10
2006-05-29	0.01	9.8	30	10
2006-05-30	0.01	10.3	30	10
2006-05-31	2.4	10.4	30	10
2006-06-01	2.4	12.35	31	10
2006-06-02	0	11.1	31	10
2006-06-03	0.01	12.3	32	10
2006-06-04	0	8.6	32	11
2006-06-05	0	9.65	31	11
2006-06-06	0	1.4	31	11
2006-06-07	0	10.15	30	11
2006-06-08	0	9.6	30	11
2006-06-09	0	8.9	30	10
2006-06-10	0	10.25	30	10
2006-06-11	0	7.2	30	10
2006-06-12	0	11.5	31	10
2006-06-13	0	10.8	30	10
2006-06-14	0	10.25	31	10
2006-06-15	0	9.55	31	11
2006-06-16	2.6	11.65	30	11
2006-06-17	0	9.6	31	11
2006-06-18	0	10.2	31	11
2006-06-19	0	9.75	31	11
2006-06-20	0	11	31	11
2006-06-21	0	8.75	30	11
2006-06-22	0	10.35	30	10
2006-06-23	0	9.45	30	10
2006-06-24	0	11.35	30	10
2006-06-25	0	8.6	30	10
2006-06-26	0	10.32	31	10
2006-06-27	0	10.42	31	10
2006-06-28	0	1.7	31	10
2006-06-29	0	9.7	31	10
2006-06-30	0	9.8	31	10
2006-07-01	0.01	11.05	30	10
2006-07-02	0	9.5	29	10
2006-07-03	0.01	7.75	29	10
2006-07-04	0	10.15	30	10
2006-07-05	0.01	9.7	30	10
2006-07-06	0	8.85	30	10
2006-07-07	0	9.15	29	10
2006-07-08	0	11.1	30	10
2006-07-09	0.01	9.45	30	10
2006-07-10	0	10.15	30	10
2006-07-11	0	9.65	30	10
2006-07-12	0	10.05	31	10
2006-07-13	0	10.15	31	10
2006-07-14	0	10.25	30	10
2006-07-15	0	10.1	30	10
2006-07-16	0	9.8	30	10
2006-07-17	0	10.2	30	10
2006-07-18	0	10.6	30	10
2006-07-19	0	9.9	30	10
2006-07-20	0	10.15	30	10
2006-07-21	0	9.55	29	11
2006-07-22	0	9.6	29	10
2006-07-23	0.01	8.55	29	10
2006-07-24	0	9.35	29	10
2006-07-25	0	9.8	29	10
2006-07-26	4.7	11	30	10
2006-07-27	0.01	10.95	30	10
2006-07-28	0	5.8	30	10
2006-07-29	0	11.6	30	11
2006-07-30	0	11.25	30	11
2006-07-31	0	10.75	30	11
2006-08-01	0	11.5	30	11
2006-08-02	4.7	10.45	30	11
2006-08-03	18.5	11.16	30	11
2006-08-04	24.7	10.85	30	10
2006-08-05	12.4	10	29	10
2006-08-06	0	9.55	29	10
2006-08-07	0.01	8.7	29	10
2006-08-08	0	9.65	29	10
2006-08-09	0	8.85	29	10
2006-08-10	11.5	7.85	30	10
2006-08-11	0	10.16	30	10
2006-08-12	0	10.84	30	10
2006-08-13	0	6.25	30	10
2006-08-14	0	9.3	29	10
2006-08-15	0	9.75	29	10
2006-08-16	0	11.2	30	10
2006-08-17	0	11.25	30	10
2006-08-18	0	8.85	30	10
2006-08-19	0	16.9	30	11
2006-08-20	0	10.4	30	11
2006-08-21	0	10.45	30	10
2006-08-22	3.6	3.3	30	10
2006-08-23	0	8.4	30	10
2006-08-24	0	9.85	30	10
2006-08-25	24.7	11.6	30	10
2006-08-26	0	6.2	29	10
2006-08-27	0	10.35	29	10
2006-08-28	0	10.15	29	10
2006-08-29	0	10.6	30	10
2006-08-30	0	10.85	30	10
2006-08-31	0	11.1	30	10
2006-09-01	0	10	30	10
2006-09-02	0	11.5	30	10
2006-09-03	0	9.8	30	10
2006-09-04	0.01	10.3	29	10
2006-09-05	0	6.55	29	10
2006-09-06	0	10.25	30	10
2006-09-07	0	11.1	30	10
2006-09-08	0	8.35	30	10
2006-09-09	0	10.25	30	10
2006-09-10	0	11.2	30	10
2006-09-11	0	11.35	30	10
2006-09-12	0	1.15	30	10
2006-09-13	22.4	9.7	29	10
2006-09-14	0	9.55	29	10
2006-09-15	35.2	7.45	29	10
2006-09-16	13.6	8.6	29	10
2006-09-17	0.01	7.3	29	10
2006-09-18	0	9.3	29	10
2006-09-19	0.01	8.8	29	10
2006-09-20	0.01	10.1	29	10
2006-09-21	8.5	10.3	29	10
2006-09-22	6.7	5	29	10
2006-09-23	0.01	9.15	29	10
2006-09-24	22.6	8.95	29	10
2006-09-25	0	3.6	29	10
2006-09-26	0	8.9	29	10
2006-09-27	0	9.6	30	10
2006-09-28	0	10.4	30	10
2006-09-29	0	9.5	30	10
2006-09-30	0	9.6	30	10
2006-10-01	0	8.3	29	10
2006-10-02	0.01	10.85	29	10
2006-10-03	0	9.45	28	10
2006-10-04	0	8.9	28	10
2006-10-05	0	8.5	28	10
2006-10-06	0	8.3	28	10
2006-10-07	0	7.4	29	10
2006-10-08	0	8.5	29	10
2006-10-09	0	8.75	29	10
2006-10-10	0	9.35	29	10
2006-10-11	0	8.6	28	10
2006-10-12	7.6	11	28	10
2006-10-13	3.7	11.4	28	10
2006-10-14	0	8.55	27	10
2006-10-15	0.01	7.9	28	9
2006-10-16	6.3	7.95	28	10
2006-10-17	0	8.2	28	10
2006-10-18	0	9.5	29	10
2006-10-19	0	8.95	29	10
2006-10-20	7.6	9.05	29	10
2006-10-21	0	9.6	28	10
2006-10-22	0	7.2	28	10
2006-10-23	0	9.2	28	10
2006-10-24	0	8.8	28	10
2006-10-25	0	7.6	27	10
2006-10-26	0.01	8.5	28	10
2006-10-27	0	7.4	28	10
2006-10-28	0	7.5	24	10
2006-10-29	0	5.45	24	6
2006-10-30	0	7.6	24	4
2006-10-31	0	7.55	27	4
2006-11-01	0	4.55	28	5
2006-11-02	0	6.75	28	8
2006-11-03	0	7.4	28	8
2006-11-04	0	7.9	28	7
2006-11-05	0	8.9	29	8
2006-11-06	0	8.4	29	8
2006-11-07	0	7.5	28	8
2006-11-08	35.4	9.8	29	8
2006-11-09	0	7.7	29	8
2006-11-10	0	8.15	29	9
2006-11-11	0	7.6	28	9
2006-11-12	0	6.55	28	8
2006-11-13	0	7.25	28	8
2006-11-14	0	7.6	29	8
2006-11-15	0	7.85	29	8
2006-11-16	0	9.45	29	8
2006-11-17	0	7.7	28	8
2006-11-18	0	8.4	28	8
2006-11-19	0	1.2	27	8
2006-11-20	0	7.35	27	7
2006-11-21	0	5.75	24	7
2006-11-22	0	6.4	24	4
2006-11-23	0	5.2	23	4
2006-11-24	0	5.9	24	3
2006-11-25	0	6.75	26	4
2006-11-26	0	5.85	24	5
2006-11-27	0	1.85	27	4
2006-11-28	0	6.25	27	3
2006-11-29	0	7.4	27	6
2006-11-30	0	6.9	27	7
2006-12-01	0	6.8	27	7
2006-12-02	0	6.6	27	7
2006-12-03	0	6.65	26	7
2006-12-04	0	7.05	26	6
2006-12-05	0	7.2	26	5
2006-12-06	0	7.15	26	6
2006-12-07	0	6.8	25	6
2006-12-08	0	5.65	26	6
2006-12-09	0	4.3	26	6
2006-12-10	0	8.05	27	7
2006-12-11	0	7.3	27	7
2006-12-12	0	4.55	27	7
2006-12-13	0	9.25	27	7
2006-12-14	0	5.85	26	7
2006-12-15	0	6.35	26	7
2006-12-16	0	7.2	26	6
2006-12-17	0	6.55	27	6
2006-12-18	0	6.6	27	7
2006-12-19	0	7.15	27	7
2006-12-20	0	5.35	26	7
2006-12-21	0	6.5	26	6
2006-12-22	0	6.8	27	6
2006-12-23	0	6.85	27	6
2006-12-24	0	6.6	23	6
2006-12-25	0	5.75	24	3
2006-12-26	0	5.75	22	3
2006-12-27	0	3.2	25	3
2006-12-28	0	6.15	26	2
2006-12-29	0	5.75	26	6
2006-12-30	0	7.6	26	6
2006-12-31	0	6.8	27	6
2007-01-01	0.01	7.1	27	6
2007-01-02	0	5.8	26	7
2007-01-03	0	7.05	26	5
2007-01-04	0	7.35	26	5
2007-01-05	0	3.55	27	5
2007-01-06	0	5.75	26	6
2007-01-07	0	7.35	27	5
2007-01-08	0	7.7	27	6
2007-01-09	0	8.15	28	7
2007-01-10	0	7.3	27	7
2007-01-11	0	3.05	27	6
2007-01-12	0	6.85	27	6
2007-01-13	0	7.7	28	7
2007-01-14	0	5.2	28	8
2007-01-15	0	7.35	28	7
2007-01-16	0	6.75	27	7
2007-01-17	0	7.45	28	6
2007-01-18	0	7.35	28	7
2007-01-19	0	8.5	28	8
2007-01-20	0	6.8	28	8
2007-01-21	0	7.2	27	8
2007-01-22	0	4.9	28	7
2007-01-23	0	6.4	26	7
2007-01-24	0	6.35	26	6
2007-01-25	0	6.7	27	6
2007-01-26	2.6	8.05	27	7
2007-01-27	0	7.9	27	7
2007-01-28	0	6.65	27	7
2007-01-29	2.3	7.25	27	7
2007-01-30	0	7.4	27	8
2007-01-31	0	7.55	28	7
2007-02-01	0	3.85	28	7
2007-02-02	12.8	5.4	26	8
2007-02-03	0	4.75	27	7
2007-02-04	11.7	4.95	26	7
2007-02-05	20.4	7.4	26	7
2007-02-06	0	6.6	26	6
2007-02-07	0	6.7	26	6
2007-02-08	2.4	9	27	7
2007-02-09	0.01	6.75	27	7
2007-02-10	0	5.75	27	7
2007-02-11	0	7.2	27	7
2007-02-12	0	5.75	26	6
2007-02-13	0	6.35	27	6
2007-02-14	0	6.75	27	7
2007-02-15	0	5.3	27	7
2007-02-16	0	7.5	27	7
2007-02-17	0	7.05	27	7
2007-02-18	0	6.35	26	7
2007-02-19	0	6.2	26	6
2007-02-20	0	6.15	26	6
2007-02-21	0	6.65	27	7
2007-02-22	0	6.4	27	7
2007-02-23	0	5.65	27	7
2007-02-24	0	3.52	26	7
2007-02-25	0	6.4	27	7
2007-02-26	0	6.25	27	6
2007-02-27	0	7.55	27	7
2007-02-28	0	5.6	27	7
2007-03-01	0	5.1	26	7
2007-03-02	0	7.45	27	7
2007-03-03	0	6.75	27	7
2007-03-04	0	7.1	28	7
2007-03-05	0	7.2	28	7
2007-03-06	0	5.4	29	8
2007-03-07	0	6.8	28	9
2007-03-08	0	7.45	28	9
2007-03-09	0	6.6	27	8
2007-03-10	0	7.6	27	7
2007-03-11	0	6.6	28	7
2007-03-12	0	8.45	28	7
2007-03-13	0	7.85	29	7
2007-03-14	0	5.4	29	8
2007-03-15	0	7.75	29	8
2007-03-16	0	8.15	29	8
2007-03-17	0	8.25	29	9
2007-03-18	0	8.95	30	9
2007-03-19	0	10.2	30	10
2007-03-20	0.01	9.1	28	10
2007-03-21	0	5.81	28	9
2007-03-22	0	7.44	28	9
2007-03-23	0	8.4	27	8
2007-03-24	0	7.7	27	7
2007-03-25	0	8.15	28	7
2007-03-26	0	6.3	28	8
2007-03-27	0	7.25	27	8
2007-03-28	0	8.15	27	8
2007-03-29	0	6.85	27	8
2007-03-30	0	7.8	27	8
2007-03-31	0	7.65	28	8
2007-04-01	0	8.45	28	7
2007-04-02	0	8.8	29	8
2007-04-03	0	8.75	29	8
2007-04-04	0	10.25	30	9
2007-04-05	0	9.35	30	9
2007-04-06	0	10.35	30	9
2007-04-07	0	11.05	30	9
2007-04-08	0	9.05	30	10
2007-04-09	0	7.8	29	10
2007-04-10	0	7.8	29	9
2007-04-11	0	5.35	30	9
2007-04-12	0	8.5	28	8
2007-04-13	0	7.25	28	9
2007-04-14	0	8.15	29	9
2007-04-15	0	10.15	30	9
2007-04-16	0	12.3	30	8
2007-04-17	0	7.5	29	10
2007-04-18	0	7.75	29	9
2007-04-19	0	8.8	29	8
2007-04-20	0.01	9.3	28	8
2007-04-21	0	7.9	28	8
2007-04-22	0	8.85	29	8
2007-04-23	0	9.8	30	7
2007-04-24	0	6.3	30	10
2007-04-25	0	1.15	30	10
2007-04-26	0	9.35	29	10
2007-04-27	0	9.85	29	8
2007-04-28	0	9.6	29	9
2007-04-29	0	9.35	29	9
2007-04-30	0	3.1	29	9
2007-05-01	0	8.4	30	9
2007-05-02	0	8.7	30	10
2007-05-03	0	8.75	30	10
2007-05-04	22.5	10.25	30	10
2007-05-05	0	9.3	30	10
2007-05-06	0	9.35	30	10
2007-05-07	0	10.24	29	10
2007-05-08	0	9.25	29	9
2007-05-09	0	6.09	29	9
2007-05-10	0	7.8	30	9
2007-05-11	0	7.8	31	10
2007-05-12	0	5.35	30	10
2007-05-13	0	8.5	30	9
2007-05-14	0	4.25	30	10
2007-05-15	0	8.14	30	10
2007-05-16	0	9.52	30	10
2007-05-17	0	8.31	30	10
2007-05-18	0	7.5	30	10
2007-05-19	0.01	7.75	31	10
2007-05-20	21.2	8.8	31	10
2007-05-21	3.4	7.3	30	10
2007-05-22	0	7.9	30	10
2007-05-23	0	8.85	31	10
2007-05-24	18.7	9.8	30	10
2007-05-25	0	6.3	30	10
2007-05-26	0	7.52	30	10
2007-05-27	2.7	9.35	30	10
2007-05-28	4.6	9.85	30	10
2007-05-29	0.01	9.6	30	10
2007-05-30	0	9.35	30	10
2007-05-31	0	3.1	30	10
2007-06-01	0	9.85	30	10
2007-06-02	0	9.6	31	10
2007-06-03	0	9.15	31	10
2007-06-04	0	10.15	30	10
2007-06-05	0	9.8	32	10
2007-06-06	0	10.55	32	10
2007-06-07	0	9.9	32	10
2007-06-08	4.3	8.2	32	11
2007-06-09	0	10.55	30	11
2007-06-10	0	9.55	29	10
2007-06-11	0	6.8	29	10
2007-06-12	0	8.6	30	9
2007-06-13	0	9.85	30	10
2007-06-14	0	9.15	30	10
2007-06-15	0	9.15	30	10
2007-06-16	30.4	11.2	30	10
2007-06-17	14.3	5.25	29	10
2007-06-18	0	9.3	29	10
2007-06-19	3.2	7.85	29	9
2007-06-20	54.6	8.95	30	9
2007-06-21	0.01	4.15	28	10
2007-06-22	3.6	1.05	28	9
2007-06-23	0	9.95	29	9
2007-06-24	0	8.15	29	9
2007-06-25	1.5	10.1	28	10
2007-06-26	0	9.05	29	9
2007-06-27	0.01	8.8	30	9
2007-06-28	0	9.25	30	10
2007-06-29	0	4.8	29	10
2007-06-30	46.6	10.75	29	10
2007-07-01	3.5	4.23	28	10
2007-07-02	3.9	10.01	28	9
2007-07-03	0	12	28	9
2007-07-04	0	7.65	29	9
2007-07-05	0	8.05	28	9
2007-07-06	0	9.55	29	8
2007-07-07	0	7.75	29	9
2007-07-08	0	10.1	29	9
2007-07-09	0	5.8	30	9
2007-07-10	0	9.7	30	10
2007-07-11	0	10.74	30	10
2007-07-12	0	9.05	30	10
2007-07-13	0	10.35	29	10
2007-07-14	0	8.5	30	10
2007-07-15	0	4.5	30	10
2007-07-16	0	10.8	30	10
2007-07-17	0	10.1	30	10
2007-07-18	5.3	12.6	30	10
2007-07-19	3.5	10.35	29	10
2007-07-20	0	12.65	28	10
2007-07-21	46.6	10.42	28	9
2007-07-22	0	4.77	28	9
2007-07-23	0.01	8.45	28	9
2007-07-24	0	9.2	28	9
2007-07-25	0	8.45	29	8
2007-07-26	0	7.85	28	9
2007-07-27	0	8.85	29	9
2007-07-28	0	8.75	30	10
2007-07-29	18.4	9.65	29	10
2007-07-30	20.2	2.8	29	10
2007-07-31	0	7.4	30	9
2007-08-01	0	7.94	30	9
2007-08-02	0	2.15	28	10
2007-08-03	0	9.4	28	9
2007-08-04	0	8.35	28	9
2007-08-05	0	7.5	29	8
2007-08-06	0	9.4	30	10
2007-08-07	0	4.6	29	10
2007-08-08	0	8.7	29	9
2007-08-09	0	9.45	29	10
2007-08-10	0	8.65	30	10
2007-08-11	0	4.22	30	10
2007-08-12	0	7.48	29	10
2007-08-13	0	7.3	29	10
2007-08-14	0	8.8	29	10
2007-08-15	0	8.8	29	9
2007-08-16	0.01	8.85	29	9
2007-08-17	0	8.85	29	10
2007-08-18	0	7.7	29	10
2007-08-19	0	9.4	30	10
2007-08-20	0	9.5	30	10
2007-08-21	0	10.3	29	10
2007-08-22	0	8.1	29	10
2007-08-23	0	8.6	29	10
2007-08-24	0	10.25	30	10
2007-08-25	0	9.85	30	10
2007-08-26	0	6.3	30	10
2007-08-27	0	12.4	29	10
2007-08-28	6.3	9.1	28	10
2007-08-29	3.7	3.75	28	9
2007-08-30	11.7	14.2	29	9
2007-08-31	0.01	8.15	29	9
2007-09-01	2.4	9.15	29	9
2007-09-02	0	2.65	29	9
2007-09-03	0	4.7	29	9
2007-09-04	0	2.4	29	9
2007-09-05	0	8.2	29	9
2007-09-06	7.5	9.4	28	9
2007-09-07	0	8.2	29	9
2007-09-08	0	9.5	29	9
2007-09-09	0	8.6	29	9
2007-09-10	0.01	9.2	29	9
2007-09-11	0	5.65	29	9
2007-09-12	0	9.05	29	9
2007-09-13	0	7.6	29	9
2007-09-14	0	9.5	30	9
2007-09-15	0	9.8	30	10
2007-09-16	0	9.9	29	10
2007-09-17	0	7.7	29	10
2007-09-18	0	8.6	29	10
2007-09-19	0	7.8	29	10
2007-09-20	0	8.6	30	10
2007-09-21	0	10.45	30	10
2007-09-22	0	9.95	30	10
2007-09-23	0	5.5	30	10
2007-09-24	0	11.3	30	10
2007-09-25	0	9.4	29	10
2007-09-26	0	8.05	29	10
2007-09-27	45	9.29	29	10
2007-09-28	5.7	5.95	28	10
2007-09-29	0	8.1	28	9
2007-09-30	0	6.9	27	9
2007-10-01	6.3	7.3	27	8
2007-10-02	0	2	27	8
2007-10-03	0	4.3	27	8
2007-10-04	0	6.8	27	7
2007-10-05	0	8.1	28	7
2007-10-06	0	8.25	28	7
2007-10-07	3.5	5.84	27	8
2007-10-08	0	7.31	27	8
2007-10-09	40.7	1.7	27	8
2007-10-10	0	9	27	8
2007-10-11	0	5.2	27	7
2007-10-12	0	11.2	28	7
2007-10-13	0	7.25	28	8
2007-10-14	0	6.65	27	8
2007-10-15	0	7.5	27	7
2007-10-16	0	6.7	27	7
2007-10-17	0	6.8	27	7
2007-10-18	0	11	27	7
2007-10-19	0	2.75	27	7
2007-10-20	0	6.75	27	7
2007-10-21	0	8.05	27	8
2007-10-22	2.7	6.75	26	7
2007-10-23	0	8.25	26	7
2007-10-24	0	5.55	25	7
2007-10-25	0	7.46	24	5
2007-10-26	0	6.84	24	5
2007-10-27	0	2.8	24	5
2007-10-28	0	6.94	25	6
2007-10-29	0	7.56	26	6
2007-10-30	0	6.4	25	6
2007-10-31	0	5.7	25	5
2007-11-01	0	6.8	26	5
2007-11-02	0	7.35	26	6
2007-11-03	0	5.55	27	6
2007-11-04	0	6.15	26	6
2007-11-05	0	2.7	26	5
2007-11-06	0	6.85	26	5
2007-11-07	0	6.85	27	6
2007-11-08	0	6.7	26	6
2007-11-09	0	7.64	26	6
2007-11-10	0	4.1	27	6
2007-11-11	0	6.5	27	6
2007-11-12	0	7.6	26	7
2007-11-13	0	7.15	26	6
2007-11-14	0	7.45	26	6
2007-11-15	0	5.5	26	7
2007-11-16	0	7.05	26	6
2007-11-17	0	6.25	27	6
2007-11-18	0	2.5	26	6
2007-11-19	0.01	7.15	26	6
2007-11-20	0	7.75	26	6
2007-11-21	0	7.2	26	6
2007-11-22	0	6.7	26	6
2007-11-23	4.6	7.5	26	6
2007-11-24	0	9.9	26	6
2007-11-25	0	5.25	27	6
2007-11-26	0	7.2	25	6
2007-11-27	0	3.4	25	6
2007-11-28	0	7.4	26	6
2007-11-29	0	8.75	26	6
2007-11-30	0	4.6	27	6
2007-12-01	0	8.05	27	6
2007-12-02	0	7.35	27	6
2007-12-03	0	7.15	27	7
2007-12-04	0	6.9	26	7
2007-12-05	0	6.15	27	6
2007-12-06	0	5.85	27	6
2007-12-07	0	6.7	27	7
2007-12-08	0	6.75	27	7
2007-12-09	0	6.85	27	7
2007-12-10	0	7.7	27	6
2007-12-11	0	6.8	27	7
2007-12-12	0	8.2	27	7
2007-12-13	0	7.8	27	7
2007-12-14	0	6.7	27	6
2007-12-15	0	7.2	27	7
2007-12-16	0	6.8	27	7
2007-12-17	0	7.05	27	7
2007-12-18	0	5.9	26	7
2007-12-19	0	9.05	27	7
2007-12-20	0	3.85	27	7
2007-12-21	0	7.15	28	7
2007-12-22	0	8.1	28	7
2007-12-23	0	7.5	28	7
2007-12-24	0	7.35	27	7
2007-12-25	0	6.95	27	6
2007-12-26	0	7.7	27	6
2007-12-27	0	7.15	27	6
2007-12-28	0	2.8	28	7
2007-12-29	0	7.35	27	7
2007-12-30	0	5.6	28	6
2007-12-31	0	6.55	27	7
2008-01-01	0	7.7	26	7
2008-01-02	0	7.4	24	6
2008-01-03	0	5.75	25	4
2008-01-04	0	6.15	24	5
2008-01-05	0	5.9	23	4
2008-01-06	0	5.8	22	4
2008-01-07	0	5.7	21	5
2008-01-08	0	7.2	26	5
2008-01-09	0	6.9	26	7
2008-01-10	0	6.9	22	6
2008-01-11	0	6.85	23	4
2008-01-12	0	6.55	23	5
2008-01-13	0	6.8	22	5
2008-01-14	0	6.85	22	5
2008-01-15	0	5.7	23	4
2008-01-16	0	8.5	23	4
2008-01-17	0	7.65	24	4
2008-01-18	0	6.55	25	4
2008-01-19	0	7.35	25	7
2008-01-20	0	7.15	24	7
2008-01-21	0	6.75	26	7
2008-01-22	0	6.85	30	5
2008-01-23	0	3.9	29	5
2008-01-24	0	5.8	29	6
2008-01-25	0	7.1	28	6
2008-01-26	0	6.7	27	6
2008-01-27	0	6.2	27	7
2008-01-28	0	6.14	26	7
2008-01-29	0	6.86	26	6
2008-01-30	0	6.85	27	5
2008-01-31	0	7.85	28	5
2008-02-01	0	5.9	27	7
2008-02-02	0	6.7	26	7
2008-02-03	0	7.24	28	5
2008-02-04	0	7.86	24	6
2008-02-05	0	6.9	21	7
2008-02-06	0	7.3	20	8
2008-02-07	0	6.7	19	7
2008-02-08	0	7.3	26	7
2008-02-09	0	2.6	25	6
2008-02-10	0	7.2	24	6
2008-02-11	0	6.5	26	7
2008-02-12	0	7.6	27	8
2008-02-13	0	6.93	26	8
2008-02-14	0	8.18	25	9
2008-02-15	0	8.83	24	9
2008-02-16	0	5.76	23	9
2008-02-17	0	5.8	24	8
2008-02-18	0	7.85	26	7
2008-02-19	0	6.75	26	7
2008-02-20	0	6.85	28	5
2008-02-21	0	7.56	27	6
2008-02-22	0	7.89	26	6
2008-02-23	0	6.8	24	5
2008-02-24	0	8.05	19	5
2008-02-25	0	4.75	19	4
2008-02-26	0	7.95	20	4
2008-02-27	0	6.6	21	5
2008-02-28	0	7.45	21	6
2008-02-29	0	7.75	23	7
2008-03-01	0	1.3	25	10
2008-03-02	0	7.05	26	9
2008-03-03	0	6.85	26	9
2008-03-04	0	7.85	22	9
2008-03-05	0	1.8	22	10
2008-03-06	0	7.8	24	10
2008-03-07	0	7.8	23	11
2008-03-08	0	8.5	26	12
2008-03-09	0	7.6	25	10
2008-03-10	0	7.33	24	10
2008-03-11	0	7.77	24	10
2008-03-12	0	6.7	21	10
2008-03-13	0	7.7	22	11
2008-03-14	0	7.9	24	13
2008-03-15	0	6.85	21	13
2008-03-16	0	7.4	21	15
2008-03-17	0	7.95	20	14
2008-03-18	0	6.6	21	13
2008-03-19	0	7.85	23	16
2008-03-20	0	7.45	20	14
2008-03-21	0	6.6	20	13
2008-03-22	0	7.05	23	13
2008-03-23	0	8.2	24	11
2008-03-24	0	7.7	23	12
2008-03-25	0	7.85	22	16
2008-03-26	0	7.5	24	17
2008-03-27	0	7.6	26	15
2008-03-28	0	7.35	25	16
2008-03-29	0	7.4	24	16
2008-03-30	0	8.2	26	15
2008-03-31	0	7.85	25	11
2008-04-01	0	6.7	25	9
2008-04-02	0	7.85	26	9
2008-04-03	0	8.2	26	8
2008-04-04	0	7.4	23	7
2008-04-05	0	7.35	23	6
2008-04-06	0	7.6	25	6
2008-04-07	0	7.85	25	7
2008-04-08	0	7.5	26	9
2008-04-09	0	7.85	26	9
2008-04-10	0	7.7	25	7
2008-04-11	0.01	8.2	24	7
2008-04-12	0	7.05	24	9
2008-04-13	0	6.6	25	10
2008-04-14	0	7.45	25	10
2008-04-15	0	7.85	26	11
2008-04-16	0	6.6	26	12
2008-04-17	0	7.95	25	12
2008-04-18	0	7.4	24	13
2008-04-19	0	6.85	23	13
2008-04-20	0	7.92	22	12
2008-04-21	0	6.7	20	12
2008-04-22	0	7.7	21	11
2008-04-23	0	7.33	24	12
2008-04-24	0	7.6	26	12
2008-04-25	2.4	6.8	25	13
2008-04-26	0.01	4.2	26	13
2008-04-27	0	6.85	26	14
2008-04-28	0	2.3	25	14
2008-04-29	0	3.96	25	11
2008-04-30	0	4.2	24	12
2008-05-01	0	6.21	30	8
2008-05-02	0	7.7	30	8
2008-05-03	0	7.4	29	9
2008-05-04	0	8.75	28	9
2008-05-05	0	7.85	29	7
2008-05-06	0	8.85	29	7
2008-05-07	0	8.45	28	10
2008-05-08	0	4.77	28	11
2008-05-09	0	4.23	29	11
2008-05-10	0	7.65	30	12
2008-05-11	0	8.05	30	10
2008-05-12	0	9.55	29	10
2008-05-13	0	7.75	29	9
2008-05-14	0.01	5.8	28	9
2008-05-15	0.01	9.7	28	9
2008-05-16	0.01	9.05	30	10
2008-05-17	5.7	8.5	30	10
2008-05-18	0	4.5	29	10
2008-05-19	6.4	10.1	28	10
2008-05-20	0	12.65	27	9
2008-05-21	0	10.01	28	9
2008-05-22	0	4.77	30	9
2008-05-23	0	8.45	29	9
2008-05-24	0	9.2	30	8
2008-05-25	0	8.45	28	8
2008-05-26	0	7.85	29	8
2008-05-27	0	8.85	30	9
2008-05-28	0	8.75	28	9
2008-05-29	0	9.65	29	9
2008-05-30	0	2.8	30	10
2008-05-31	0	7.4	30	10
2008-06-01	0	7.85	27	7
2008-06-02	0	9.05	26	7
2008-06-03	0	3.85	28	6
2008-06-04	0	8.85	29	6
2008-06-05	0.01	8.8	29	5
2008-06-06	0	7.8	30	6
2008-06-07	0	8.45	30	7
2008-06-08	0	7.85	27	6
2008-06-09	4.6	7.75	26	4
2008-06-10	0	7.45	27	5
2008-06-11	13.4	6.6	28	6
2008-06-12	0	7.95	29	6
2008-06-13	0	4.75	29	10
2008-06-14	0	8.05	30	10
2008-06-15	0	6.8	30	11
2008-06-16	0	7.89	30	11
2008-06-17	0	7.56	30	10
2008-06-18	0	6.85	31	10
2008-06-19	0	6.75	31	11
2008-06-20	0	5.8	29	11
2008-06-21	0	5.76	29	10
2008-06-22	0	8.83	28	10
2008-06-23	0	8.18	28	10
2008-06-24	0	6.93	29	10
2008-06-25	0	7.6	30	10
2008-06-26	0	6.5	30	10
2008-06-27	0	7.2	29	10
2008-06-28	0	5.9	30	10
2008-06-29	0	6.7	30	10
2008-06-30	0	9.45	30	10
2008-07-01	0.01	7.6	29	10
2008-07-02	0	9.2	30	10
2008-07-03	7.5	7.05	29	10
2008-07-04	0	7.6	29	10
2008-07-05	0	7.95	30	10
2008-07-06	9.4	1.15	28	10
2008-07-07	11.7	1.8	28	10
2008-07-08	13.5	7.85	27	10
2008-07-09	0	8.5	27	9
2008-07-10	0	6.7	28	9
2008-07-11	0	7.85	29	9
2008-07-12	0	8.2	29	10
2008-07-13	0	7.4	29	10
2008-07-14	0	6.35	29	10
2008-07-15	0	7.01	28	10
2008-07-16	0	6.6	28	11
2008-07-17	0.01	7.95	28	11
2008-07-18	0	7.7	28	10
2008-07-19	0	6.6	29	10
2008-07-20	0	7.05	28	10
2008-07-21	0	8.2	28	10
2008-07-22	0	7.7	28	10
2008-07-23	0	7.85	28	10
2008-07-24	0.01	8.2	28	10
2008-07-25	0	7.01	29	10
2008-07-26	22.6	6.21	29	10
2008-07-27	0	5.4	29	10
2008-07-28	0	6.81	30	10
2008-07-29	2.4	7.85	30	10
2008-07-30	17.4	9	30	10
2008-07-31	5.4	9.05	30	10
2008-08-01	0	8.3	29	10
2008-08-02	0	7.85	30	9
2008-08-03	0	9.2	30	10
2008-08-04	0	7.7	30	10
2008-08-05	0	7.5	30	10
2008-08-06	0	8.4	29	10
2008-08-07	0	8.5	30	9
2008-08-08	0	9.2	30	10
2008-08-09	0	7.7	30	10
2008-08-10	15.5	8.9	29	10
2008-08-11	0	8.15	29	10
2008-08-12	0	7.85	29	10
2008-08-13	0	7.85	30	10
2008-08-14	0	6.9	30	10
2008-08-15	0	7.8	29	11
2008-08-16	11.5	6.6	28	10
2008-08-17	5.3	NULO	27	10
2008-08-18	0.01	8.3	28	9
2008-08-19	43.2	1.94	28	9
2008-08-20	14.7	10.7	26	9
2008-08-21	0.01	5.7	26	8
2008-08-22	0.01	6.9	27	8
2008-08-23	9.2	5.05	27	9
2008-08-24	6.4	7.7	28	10
2008-08-25	9.4	7.25	27	10
2008-08-26	15.3	7.7	27	10
2008-08-27	0	5.7	27	9
2008-08-28	0	7.2	27	9
2008-08-29	0	6.5	28	8
2008-08-30	0	8.3	28	10
2008-08-31	0.01	6.7	28	10
2008-09-01	0	8.25	27	8
2008-09-02	0	7.2	27	8
2008-09-03	0	6.65	27	9
2008-09-04	0	4	28	9
2008-09-05	0	6.95	28	9
2008-09-06	0	8.15	26	9
2008-09-07	0	6.7	26	8
2008-09-08	24.8	8.15	27	7
2008-09-09	19.5	5.33	27	7
2008-09-10	7.5	3.27	27	7
2008-09-11	0	6.6	27	7
2008-09-12	14.3	7.7	28	7
2008-09-13	9.3	3.85	27	9
2008-09-14	0	5.55	27	8
2008-09-15	0	7.83	28	8
2008-09-16	0.01	6.85	26	8
2008-09-17	0	7.65	26	7
2008-09-18	0	6.5	26	7
2008-09-19	0	8.3	28	7
2008-09-20	0	6.8	28	8
2008-09-21	0	6.9	27	8
2008-09-22	0	2.9	27	7
2008-09-23	0	5.3	27	7
2008-09-24	0.01	1.24	27	8
2008-09-25	0.01	1.6	27	8
2008-09-26	0	6.85	27	8
2008-09-27	0	7.67	28	8
2008-09-28	0	6.78	28	7
2008-09-29	0	6.7	28	7
2008-09-30	0	4.04	27	8
2008-10-01	0	2.75	27	7
2008-10-02	0	6.75	26	7
2008-10-03	0	8.35	28	7
2008-10-04	0	6.75	27	9
2008-10-05	0	7.15	27	8
2008-10-06	0	6.7	27	7
2008-10-07	0	6.95	28	7
2008-10-08	0	6.16	28	9
2008-10-09	0	3.25	26	9
2008-10-10	0	6.25	26	7
2008-10-11	0.01	6.3	26	7
2008-10-12	0	7.4	27	7
2008-10-13	0	8.5	28	8
2008-10-14	0	8.2	27	8
2008-10-15	0	6.4	27	7
2008-10-16	0.01	5.28	26	7
2008-10-17	0	2.69	26	7
2008-10-18	0	6.82	27	6
2008-10-19	0	7.54	28	7
2008-10-20	0	8.4	28	7
2008-10-21	0	6.75	27	8
2008-10-22	0	3.03	27	8
2008-10-23	0	7.2	27	7
2008-10-24	0	6.85	27	7
2008-10-25	0	7.25	27	7
2008-10-26	0	5.7	26	7
2008-10-27	0	5.55	25	7
2008-10-28	0	6.05	27	6
2008-10-29	0	7.2	27	6
2008-10-30	0	6.7	27	7
2008-10-31	0	7.25	27	7
2008-11-01	0	6.65	27	7
2008-11-02	0	6.2	26	7
2008-11-03	0	5.5	27	6
2008-11-04	0	3.6	27	6
2008-11-05	0	5.75	26	7
2008-11-06	0	4.35	27	6
2008-11-07	0	3.55	27	6
2008-11-08	0	6.85	27	7
2008-11-09	0	4.15	26	7
2008-11-10	0	5.8	26	6
2008-11-11	0	5.7	26	6
2008-11-12	0	6.15	25	7
2008-11-13	0	4.75	26	6
2008-11-14	0	6.6	27	6
2008-11-15	0	5.85	27	6
2008-11-16	0	4.6	26	7
2008-11-17	0	6.25	25	6
2008-11-18	0	4.8	25	5
2008-11-19	0	7.9	27	5
2008-11-20	0	4.93	27	6
2008-11-21	0	4.16	26	6
2008-11-22	0	2.92	26	5
2008-11-23	0	7.18	27	6
2008-11-24	0	3.9	27	6
2008-11-25	0	5.7	27	7
2008-11-26	0	2.8	27	7
2008-11-27	0	4.85	26	7
2008-11-28	0	4.25	26	6
2008-11-29	0	5.2	27	6
2008-11-30	0	4.76	26	7
2008-12-01	0	6.5	26	7
2008-12-02	0	7.2	25	7
2008-12-03	0	5	24	2
2008-12-04	0	4.95	25	4
2008-12-05	0	5.45	26	5
2008-12-06	0	2.7	27	6
2008-12-07	0	5.7	27	7
2008-12-08	0	7.3	27	7
2008-12-09	0	8.5	26	7
2008-12-10	0	5.15	24	6
2008-12-11	0	5.25	24	4
2008-12-12	0	4.6	24	4
2008-12-13	0	6.5	24	4
2008-12-14	0	5.9	25	5
2008-12-15	0	6.15	24	5
2008-12-16	0	3.3	25	5
2008-12-17	0	6.25	25	6
2008-12-18	0	5.15	26	6
2008-12-19	0	4.55	26	6
2008-12-20	0	5.45	25	6
2008-12-21	0	4.65	26	5
2008-12-22	0	6.45	26	6
2008-12-23	0	6.7	27	6
2008-12-24	0	5.85	26	6
2008-12-25	0	6.3	27	6
2008-12-26	0	6.15	25	6
2008-12-27	0	4.6	26	5
2008-12-28	0	4.9	26	5
2008-12-29	0	6.35	27	5
2008-12-30	0	6.05	27	6
2008-12-31	0	5.4	27	6
2009-01-01	0	6	27	6
2009-01-02	0	6.3	26	6
2009-01-03	0	5.7	27	5
2009-01-04	0	5.25	27	6
2009-01-05	0	5.65	26	6
2009-01-06	0	2.6	26	5
2009-01-07	0	4.65	24	5
2009-01-08	0	5.45	25	4
2009-01-09	0	2.7	26	5
2009-01-10	0	5.46	27	6
2009-01-11	0	6.35	27	6
2009-01-12	0	5.88	25	6
2009-01-13	0	5.07	26	5
2009-01-14	0.01	4.45	25	6
2009-01-15	10.4	5.4	28	5
2009-01-16	0	5.55	25	4
2009-01-17	0	4.75	25	5
2009-01-18	0	6.2	24	6
2009-01-19	0	4.6	25	4
2009-01-20	0	5.7	23	6
2009-01-21	0	3.5	28	4
2009-01-22	0	5.56	24	4
2009-01-23	0	3.4	26	4
2009-01-24	0	7.2	27	5
2009-01-25	0	6.35	26	6
2009-01-26	0	5.55	26	5
2009-01-27	0	6.6	26	6
2009-01-28	0	5.7	27	6
2009-01-29	0	6.1	25	7
2009-01-30	0	4.4	25	4
2009-01-31	0	4.9	27	4
2009-02-01	0	5.7	26	5
2009-02-02	0	6.15	27	5
2009-02-03	0	5.95	25	6
2009-02-04	0	4.6	24	5
2009-02-05	0	5.6	25	4
2009-02-06	0	4.8	26	5
2009-02-07	0	4.9	27	5
2009-02-08	0	2.7	26	6
2009-02-09	0	5.85	27	6
2009-02-10	0	0.8	27	6
2009-02-11	0	6.1	27	7
2009-02-12	0	5.7	26	7
2009-02-13	0	6.3	26	6
2009-02-14	0	5.8	27	6
2009-02-15	0	5.6	27	6
2009-02-16	0	7.2	26	6
2009-02-17	0	6.4	27	6
2009-02-18	0	6.5	27	7
2009-02-19	0	7.2	27	7
2009-02-20	0	3.3	27	7
2009-02-21	6.2	5.85	26	7
2009-02-22	0	6.65	26	6
2009-02-23	0	4.7	24	6
2009-02-24	0	5.35	25	4
2009-02-25	0	4.75	25	5
2009-02-26	0	5.45	27	4
2009-02-27	0	5.95	24	6
2009-02-28	0	3.8	26	4
2009-03-01	0	4.9	24	6
2009-03-02	0	4.65	25	4
2009-03-03	0	3.65	27	4
2009-03-04	0	6.5	28	6
2009-03-05	0	6.6	28	6
2009-03-06	0	7.1	27	7
2009-03-07	0	6.25	27	6
2009-03-08	0	5.45	28	6
2009-03-09	0	7.75	28	7
2009-03-10	0	6.85	28	7
2009-03-11	0	6.3	27	7
2009-03-12	0	6.3	28	6
2009-03-13	0	7.3	28	7
2009-03-14	0	6.4	28	7
2009-03-15	0	8.3	29	8
2009-03-16	0	7.6	28	8
2009-03-17	0	7.1	28	8
2009-03-18	0	7.9	27	8
2009-03-19	0	4.7	28	7
2009-03-20	0	6.7	28	7
2009-03-21	0	8.45	29	7
2009-03-22	0	7.65	30	8
2009-03-23	0	8.8	29	9
2009-03-24	0	8.2	29	8
2009-03-25	0	8.8	28	8
2009-03-26	0	2.6	29	8
2009-03-27	0	12.3	30	9
2009-03-28	0	10.2	28	9
2009-03-29	0	7.3	29	8
2009-03-30	0	8.3	30	8
2009-03-31	0	9.4	29	9
2009-04-01	0	1.85	30	8
2009-04-02	0	7.6	30	8
2009-04-03	0	8.85	31	9
2009-04-04	0	11.5	32	10
2009-04-05	0	10.8	28	10
2009-04-06	0	8.7	25	8
2009-04-07	0	4.25	26	5
2009-04-08	0	5.75	29	6
2009-04-09	0	7.15	30	6
2009-04-10	0	11.55	31	9
2009-04-11	0	10.7	33	10
2009-04-12	0	12.3	32	11
2009-04-13	0	9.6	31	11
2009-04-14	0	2.5	33	11
2009-04-15	0	7.28	33	12
2009-04-16	0	11.3	34	12
2009-04-17	0	9.6	31	11
2009-04-18	0	8.95	30	11
2009-04-19	0	9.45	28	10
2009-04-20	0	8.6	27	8
2009-04-21	0	6.6	31	8
2009-04-22	0	10.7	33	9
2009-04-23	0	10.6	28	12
2009-04-24	0	5.7	27	7
2009-04-25	0	6.9	29	7
2009-04-26	0	8.6	28	7
2009-04-27	0	8.5	30	7
2009-04-28	0	11.2	29	9
2009-04-29	0	8.5	29	8
2009-04-30	0	8.6	29	9
2009-05-01	0	3.18	31	10
2009-05-02	0	4.25	32	10
2009-05-03	0	9.45	31	10
2009-05-04	0	7.7	32	10
2009-05-05	0.01	8.8	33	11
2009-05-06	0	10.45	32	12
2009-05-07	0	9.75	33	12
2009-05-08	0	8.82	33	12
2009-05-09	0.01	9.6	31	12
2009-05-10	0	9.15	30	10
2009-05-11	0	2.55	32	10
2009-05-12	0	8.8	31	10
2009-05-13	0.01	9.45	32	10
2009-05-14	0	9.85	33	11
2009-05-15	9.2	10.45	32	11
2009-05-16	4.6	9.35	30	11
2009-05-17	0	11.2	29	10
2009-05-18	0	9.3	28	9
2009-05-19	0	7.8	28	8
2009-05-20	0.01	7.8	29	8
2009-05-21	0	7.75	30	8
2009-05-22	0	9.25	31	1
2009-05-23	0	10.8	32	10
2009-05-24	0	10.55	31	10
2009-05-25	0	9.25	30	10
2009-05-26	0	10.1	30	10
2009-05-27	0	9.9	31	10
2009-05-28	0.01	10.1	30	11
2009-05-29	12.3	9.6	31	10
2009-05-30	0.01	12.2	30	10
2009-05-31	0.01	9.9	31	10
2009-06-01	0	8.4	30	10
2009-06-02	0	9.5	30	10
2009-06-03	0	8.8	31	10
2009-06-04	0	10.7	30	10
2009-06-05	0	10.3	30	10
2009-06-06	0	7.85	30	10
2009-06-07	0	8.35	31	10
2009-06-08	0	11.5	30	10
2009-06-09	0	9.7	31	10
2009-06-10	0	11.75	32	10
2009-06-11	0	11.55	31	11
2009-06-12	0	9.8	32	10
2009-06-13	0	10.7	33	11
2009-06-14	0	11	32	11
2009-06-15	0	10.75	32	11
2009-06-16	0	11.3	32	11
2009-06-17	0	8.3	31	11
2009-06-18	0	10.6	32	11
2009-06-19	0	11.2	30	11
2009-06-20	7.4	9.3	28	11
2009-06-21	0	9.9	29	9
2009-06-22	0	10.3	29	9
2009-06-23	0.01	9.9	30	9
2009-06-24	3.7	9.9	30	10
2009-06-25	0	11.4	31	10
2009-06-26	0	11.4	30	10
2009-06-27	0	9.7	30	10
2009-06-28	0	10.7	30	10
2009-06-29	70.7	0.4	31	10
2009-06-30	0	11	31	10
2009-07-01	0	8.6	29	10
2009-07-02	0.01	7.92	30	10
2009-07-03	0	9.65	29	10
2009-07-04	1.5	9.35	30	10
2009-07-05	0	10.7	30	10
2009-07-06	0	9.04	31	10
2009-07-07	0	8.66	30	10
2009-07-08	0	4.79	32	10
2009-07-09	0	11.85	31	10
2009-07-10	0	12.25	30	10
2009-07-11	0	8.5	29	10
2009-07-12	0	9.3	29	10
2009-07-13	0	9.6	30	10
2009-07-14	0	7.7	30	10
2009-07-15	0	9.7	31	10
2009-07-16	0	11.44	30	10
2009-07-17	0	11.06	30	10
2009-07-18	0	9.95	31	10
2009-07-19	0	9.45	30	10
2009-07-20	0	9.25	30	10
2009-07-21	0	11.55	32	10
2009-07-22	0	10.8	31	10
2009-07-23	0	8.6	32	10
2009-07-24	0	11.6	31	11
2009-07-25	0	8.3	32	11
2009-07-26	0	12.4	32	11
2009-07-27	0.01	11.2	31	11
2009-07-28	0	7.5	30	10
2009-07-29	0	10.1	31	11
2009-07-30	0	10.7	32	11
2009-07-31	0	11.15	30	11
2009-08-01	0	8.55	31	10
2009-08-02	0	9.9	32	10
2009-08-03	0	11.3	31	11
2009-08-04	0	2.55	30	11
2009-08-05	0	10.85	30	10
2009-08-06	0	10.25	32	10
2009-08-07	0	12	31	10
2009-08-08	0	11.15	32	10
2009-08-09	0	8.6	31	11
2009-08-10	0	11.8	30	11
2009-08-11	0	8.7	30	10
2009-08-12	0	10.7	31	10
2009-08-13	0	9.2	32	10
2009-08-14	0	8.8	30	10
2009-08-15	0	11.1	31	10
2009-08-16	0	10.65	32	11
2009-08-17	0	11.15	32	11
2009-08-18	0	5.4	31	12
2009-08-19	11.3	11.3	32	11
2009-08-20	0	12.2	31	11
2009-08-21	0	12.3	32	10
2009-08-22	0	11.5	33	11
2009-08-23	0	8.2	33	12
2009-08-24	0	7.5	33	12
2009-08-25	0	11.75	32	12
2009-08-26	0	11.3	32	12
2009-08-27	0	11.85	31	11
2009-08-28	0	12.3	32	10
2009-08-29	52.5	2.6	33	10
2009-08-30	4.7	1.27	31	11
2009-08-31	0	11.35	29	10
2009-09-01	0	11.53	30	9
2009-09-02	0	8.2	30	9
2009-09-03	0	10.2	29	10
2009-09-04	0	9.2	28	10
2009-09-05	0	10.3	30	10
2009-09-06	0	11.2	30	10
2009-09-07	3.7	9.5	29	11
2009-09-08	0	5.05	29	10
2009-09-09	0	10.05	31	10
2009-09-10	19.6	10.75	30	10
2009-09-11	0	10.2	31	10
2009-09-12	32.3	10.15	30	10
2009-09-13	22.5	12.3	30	10
2009-09-14	0	1.25	30	10
2009-09-15	0	10.8	31	10
2009-09-16	0	10.55	30	10
2009-09-17	0	10.45	30	10
2009-09-18	0	10.45	28	10
2009-09-19	0	9.45	29	9
2009-09-20	0	10.95	28	10
2009-09-21	0	9.65	29	9
2009-09-22	0.01	5.1	28	9
2009-09-23	0	7.8	28	9
2009-09-24	0.01	9.4	29	9
2009-09-25	7.5	7.2	28	9
2009-09-26	0.01	8.4	27	8
2009-09-27	0	7.8	28	8
2009-09-28	0	0.15	28	9
2009-09-29	0	6.9	29	9
2009-09-30	0	8.2	29	9
2009-10-01	0	5.25	28	9
2009-10-02	0	7.7	28	9
2009-10-03	12.7	7.1	29	8
2009-10-04	0	8.5	29	9
2009-10-05	0	8.05	30	9
2009-10-06	0	5.75	31	10
2009-10-07	0	9.8	31	10
2009-10-08	12.8	9.15	30	10
2009-10-09	0	10.9	29	10
2009-10-10	0	7.5	29	10
2009-10-11	0	6.3	28	10
2009-10-12	11.4	5.1	29	9
2009-10-13	0	9.2	29	9
2009-10-14	0	7	29	9
2009-10-15	0	7.8	28	9
2009-10-16	6.4	2.1	29	8
2009-10-17	0	2.9	28	9
2009-10-18	0	7.45	28	10
2009-10-19	0	7.55	29	9
2009-10-20	0	6.15	27	10
2009-10-21	0	7.95	29	8
2009-10-22	0	8.35	29	9
2009-10-23	0	3.85	28	9
2009-10-24	23.4	7	28	9
2009-10-25	0	3	27	8
2009-10-26	0.01	7.2	27	8
2009-10-27	0	6.6	28	7
2009-10-28	0	7.4	28	8
2009-10-29	0	7	27	8
2009-10-30	0	8.05	27	8
2009-10-31	0	5.7	27	8
2009-11-01	0	5.85	28	7
2009-11-02	0	10	28	7
2009-11-03	0	5.15	27	8
2009-11-04	0	5.75	27	7
2009-11-05	0	5.8	28	7
2009-11-06	0	6.15	27	7
2009-11-07	0	6.75	28	8
2009-11-08	0	7.35	28	8
2009-11-09	0	6.85	28	7
2009-11-10	0	6.8	27	7
2009-11-11	0	7.35	28	7
2009-11-12	0	2.55	28	7
2009-11-13	0	6.95	26	8
2009-11-14	0	6.35	27	7
2009-11-15	0	6.98	27	7
2009-11-16	0	6.18	27	7
2009-11-17	0	7.05	26	7
2009-11-18	0	5.7	26	7
2009-11-19	0	6.3	27	7
2009-11-20	0	5.96	27	7
2009-11-21	0	5.74	28	7
2009-11-22	0	7.55	27	8
2009-11-23	0	6.25	27	7
2009-11-24	0	6.6	28	7
2009-11-25	0	7.45	27	7
2009-11-26	0	5.75	26	7
2009-11-27	0	7.3	26	7
2009-11-28	0	6.65	26	7
2009-11-29	0	6.15	27	7
2009-11-30	0.01	7.2	26	7
2009-12-01	0	2.75	27	7
2009-12-02	0	7.85	26	7
2009-12-03	0	7.05	26	7
2009-12-04	0	7.15	28	7
2009-12-05	0	6.7	26	7
2009-12-06	0	6.15	27	6
2009-12-07	0	8.75	26	6
2009-12-08	0	9.7	26	6
2009-12-09	0	6.25	26	6
2009-12-10	0	7.15	27	6
2009-12-11	0	10.55	28	7
2009-12-12	0	7.5	28	7
2009-12-13	0	5.65	27	7
2009-12-14	0	6.4	27	6
2009-12-15	8.7	7.3	28	7
2009-12-16	0	5.18	28	7
2009-12-17	0	4.15	27	7
2009-12-18	0	7.9	26	7
2009-12-19	0	7.18	26	7
2009-12-20	0	5.75	27	7
2009-12-21	0	7.25	29	7
2009-12-22	0	4.45	26	4
2009-12-23	0	5.35	27	5
2009-12-24	0	6.25	24	6
2009-12-25	0	7.65	26	4
2009-12-26	0	6.15	26	7
2009-12-27	0	6.7	26	7
2009-12-28	0	5.45	26	6
2009-12-29	0	6.7	27	7
2009-12-30	0	7.2	27	7
2009-12-31	0	7.8	26	7
2010-01-01	0	5.6	25	6
2010-01-02	0	5.25	25	6
2010-01-03	0	4.8	26	5
2010-01-04	0	5.35	25	6
2010-01-05	0	5.14	26	5
2010-01-06	9.6	5.3	27	6
2010-01-07	13.4	4.12	26	7
2010-01-08	0	7	24	6
2010-01-09	0	4.28	24	4
2010-01-10	0	3.7	25	4
2010-01-11	0	5.15	26	5
2010-01-12	3.7	3.9	25	5
2010-01-13	0	2.85	25	4
2010-01-14	0	10.08	26	5
2010-01-15	0	4.65	24	6
2010-01-16	0	4.55	26	4
2010-01-17	0	6.3	27	5
2010-01-18	0	5.5	26	6
2010-01-19	0	5.4	25	6
2010-01-20	0	4.8	24	5
2010-01-21	0	3.18	25	4
2010-01-22	0	3.45	25	4
2010-01-23	0	4.65	27	4
2010-01-24	0	6.6	26	5
2010-01-25	0	4.5	26	5
2010-01-26	0	5.1	27	5
2010-01-27	0	6.2	26	6
2010-01-28	0	5.15	27	6
2010-01-29	9.4	5.45	26	6
2010-01-30	6.7	4.37	27	5
2010-01-31	0	3.17	27	5
2010-02-01	6.7	0.35	26	6
2010-02-02	17.5	3.18	26	6
2010-02-03	19.3	4.25	27	5
2010-02-04	16.8	5.31	27	6
2010-02-05	0	5.46	27	6
2010-02-06	0	5.85	27	7
2010-02-07	0	7.25	27	7
2010-02-08	0	5.85	26	7
2010-02-09	0	5.65	27	6
2010-02-10	0	5.15	27	7
2010-02-11	0	6.45	27	7
2010-02-12	0	5.7	27	7
2010-02-13	0	5.8	26	6
2010-02-14	4.7	5.3	27	5
2010-02-15	0	5.25	27	6
2010-02-16	6.3	7.25	26	7
2010-02-17	9.6	10.85	27	5
2010-02-18	0	0.25	27	6
2010-02-19	0	7.3	26	7
2010-02-20	0	3.85	27	6
2010-02-21	0	6.09	27	7
2010-02-22	0	6.46	26	7
2010-02-23	0	6.55	27	6
2010-02-24	0	6.45	27	7
2010-02-25	0	5.9	28	6
2010-02-26	0	7.55	26	7
2010-02-27	0	4.75	27	5
2010-02-28	0	7.81	27	6
2010-03-01	0	6.79	26	6
2010-03-02	0	5.21	26	6
2010-03-03	0	5.15	27	5
2010-03-04	0	5.64	28	6
2010-03-05	0	6.25	28	7
2010-03-06	0	7.5	29	8
2010-03-07	0	7.1	28	8
2010-03-08	0	7.75	27	8
2010-03-09	0	6.2	28	7
2010-03-10	0	5.65	28	8
2010-03-11	0	7.2	29	8
2010-03-12	0	7.15	28	8
2010-03-13	0	6.06	28	7
2010-03-14	0	7.3	29	7
2010-03-15	0	5.9	27	8
2010-03-16	0	6.15	27	7
2010-03-17	0	6.4	28	7
2010-03-18	0	7.6	29	7
2010-03-19	0	7.2	29	8
2010-03-20	0	8.85	30	8
2010-03-21	0	7.2	30	9
2010-03-22	0	7.65	29	10
2010-03-23	0	7.9	30	10
2010-03-24	0	9.65	30	10
2010-03-25	0	8.1	31	10
2010-03-26	0	7.65	30	10
2010-03-27	0	6.95	30	11
2010-03-28	0.01	7.3	30	10
2010-03-29	0	4.75	30	11
2010-03-30	0	8.55	31	10
2010-03-31	0	7.5	30	11
2010-04-01	0	9.32	30	10
2010-04-02	0	8.2	31	10
2010-04-03	0	9.25	32	11
2010-04-04	0	3.85	30	11
2010-04-05	0	8.8	29	10
2010-04-06	0	7.5	30	10
2010-04-07	0	9.45	30	10
2010-04-08	0	9.85	32	10
2010-04-09	0	10.2	31	11
2010-04-10	0.01	11.15	33	10
2010-04-11	0	11.25	32	12
2010-04-12	0	11.5	30	12
2010-04-13	0	8.6	30	11
2010-04-14	0	13.5	31	10
2010-04-15	0	10.26	33	10
2010-04-16	0	8.8	32	11
2010-04-17	0	9.3	31	11
2010-04-18	0	9.8	33	10
2010-04-19	0	10.5	31	11
2010-04-20	0	9.75	32	10
2010-04-21	0	8.35	32	10
2010-04-22	0	10.7	30	11
2010-04-23	0	10.6	32	10
2010-04-24	0	7.9	32	11
2010-04-25	0	10.25	33	11
2010-04-26	0	11.25	32	12
2010-04-27	0	12.9	33	11
2010-04-28	0	11.25	33	12
2010-04-29	0	11.15	32	12
2010-04-30	0	10.75	32	12
2010-05-01	0	8.95	32	12
2010-05-02	0	9.6	33	12
2010-05-03	0	11.25	34	12
2010-05-04	0	12.15	33	13
2010-05-05	0	11.2	32	13
2010-05-06	0	10.5	34	12
2010-05-07	0	11.2	34	12
2010-05-08	0	11.3	33	13
2010-05-09	0	10.54	34	12
2010-05-10	0	10.25	32	13
2010-05-11	0	9.65	30	12
2010-05-12	0	10.3	30	10
2010-05-13	0.01	8.7	30	10
2010-05-14	13.6	12.1	32	10
2010-05-15	0.01	1.9	33	11
2010-05-16	0	12.35	32	12
2010-05-17	0	1.95	32	12
2010-05-18	0	9.7	33	12
2010-05-19	0	11.45	33	12
2010-05-20	0	11.6	32	13
2010-05-21	0	11.45	33	11
2010-05-22	0	11.75	34	12
2010-05-23	0	10.1	33	12
2010-05-24	0	10.85	33	12
2010-05-25	0	5.8	32	13
2010-05-26	0	10.2	30	12
2010-05-27	0	10.85	31	11
2010-05-28	0	9.27	31	11
2010-05-29	0	10.6	30	11
2010-05-30	0	11.85	30	10
2010-05-31	0	8.85	30	10
2010-06-01	0	10.85	32	11
2010-06-02	0	11.6	33	11
2010-06-03	0	12.3	34	12
2010-06-04	0	12.9	32	12
2010-06-05	0	11.85	31	11
2010-06-06	0	10.7	31	11
2010-06-07	0	13.79	32	11
2010-06-08	0	10.75	33	11
2010-06-09	0	11.2	33	12
2010-06-10	0	11.2	33	12
2010-06-11	0	13.3	32	12
2010-06-12	0	11.2	32	12
2010-06-13	0	12.2	32	12
2010-06-14	0	12.7	32	12
2010-06-15	0	11.8	32	12
2010-06-16	0	11.8	31	12
2010-06-17	0	10.6	31	11
2010-06-18	0	10.4	33	11
2010-06-19	0	9.25	32	11
2010-06-20	0	9.2	32	12
2010-06-21	0	3.15	32	11
2010-06-22	0	11.8	33	11
2010-06-23	0	10.85	33	12
2010-06-24	0	11.3	32	12
2010-06-25	0	12.25	32	12
2010-06-26	0	10.85	33	12
2010-06-27	0	11.3	32	12
2010-06-28	0	5.6	32	12
2010-06-29	0	12.25	32	12
2010-06-30	0	3.9	32	12
2010-07-01	19.7	5.1	30	11
2010-07-02	7.8	8.8	29	10
2010-07-03	5.3	7.85	29	10
2010-07-04	14.6	8.85	30	10
2010-07-05	12.7	9.65	30	10
2010-07-06	10.4	6.45	29	10
2010-07-07	14.6	9.45	28	10
2010-07-08	17.8	8.95	28	10
2010-07-09	12.5	8.8	30	10
2010-07-10	0	9.3	29	10
2010-07-11	0	7.7	30	10
2010-07-12	0	10.4	30	10
2010-07-13	0	6.3	31	10
2010-07-14	0	11.2	32	11
2010-07-15	0	9.6	30	12
2010-07-16	0	11.3	30	11
2010-07-17	0	8.9	31	10
2010-07-18	0	10.98	31	10
2010-07-19	0	1.02	32	11
2010-07-20	0	10.99	31	11
2010-07-21	0	10.98	31	10
2010-07-22	10.5	11.47	30	10
2010-07-23	13.8	6.06	30	10
2010-07-24	47.9	5.1	31	10
2010-07-25	39.7	6.8	31	11
2010-07-26	30.5	4.94	30	11
2010-07-27	13.4	7.84	29	10
2010-07-28	0	7.1	29	9
2010-07-29	0	7.85	30	9
2010-07-30	0	9.2	30	10
2010-07-31	0	9.08	30	10
2010-08-01	0	10.3	29	10
2010-08-02	0	8.6	30	10
2010-08-03	0	8.5	30	10
2010-08-04	0	9.2	29	10
2010-08-05	0	4.5	29	10
2010-08-06	0	8.4	29	10
2010-08-07	0	9.9	30	10
2010-08-08	0	10.2	29	10
2010-08-09	0	8.7	29	10
2010-08-10	0	10.4	30	10
2010-08-11	0	10.2	30	10
2010-08-12	0	9.3	30	11
2010-08-13	0	8.8	30	10
2010-08-14	0	7.7	29	10
2010-08-15	0	8.5	29	10
2010-08-16	0	5.7	30	10
2010-08-17	0	5.5	30	10
2010-08-18	0	9.6	30	11
2010-08-19	0	10.5	31	11
2010-08-20	0	8.4	29	11
2010-08-21	0	9.4	29	10
2010-08-22	0	6.3	29	10
2010-08-23	0	8.8	30	10
2010-08-24	0	8.3	30	10
2010-08-25	0	8.7	29	11
2010-08-26	0	8	29	10
2010-08-27	0	9.2	30	10
2010-08-28	0	9.3	29	10
2010-08-29	0	7.2	29	9
2010-08-30	0	9.1	30	10
2010-08-31	0	9.6	30	10
2010-09-01	0	9.2	29	11
2010-09-02	0	1.3	29	10
2010-09-03	0	7.8	28	10
2010-09-04	0	8.8	28	9
2010-09-05	0	7.95	28	9
2010-09-06	0	7.04	27	9
2010-09-07	0	7.9	27	8
2010-09-08	0	7.93	28	8
2010-09-09	0	7.9	29	8
2010-09-10	0	3.85	29	9
2010-09-11	0	7.9	29	9
2010-09-12	0	8.1	29	10
2010-09-13	0	7.8	29	10
2010-09-14	0	8.04	28	10
2010-09-15	0	6.86	28	10
2010-09-16	0	1.26	28	9
2010-09-17	0	6.74	29	8
2010-09-18	0	8.05	29	9
2010-09-19	0	6.9	29	9
2010-09-20	0	5.99	28	9
2010-09-21	0	6.76	28	8
2010-09-22	0	7.18	29	9
2010-09-23	0	6.97	29	9
2010-09-24	0	6.8	29	8
2010-09-25	0	8.25	29	8
2010-09-26	0	8.05	29	9
2010-09-27	0	4.6	28	9
2010-09-28	0	4.15	28	8
2010-09-29	0	1.95	29	8
2010-09-30	0	6.5	29	8
2010-11-01	0	13.35	28	9
2010-11-02	0	0.88	28	9
2010-11-03	0	7.81	28	8
2010-11-04	0	1.85	29	8
2010-11-05	0	0.7	29	9
2010-11-06	0	0.79	28	8
2010-11-07	0	0.69	24	8
2010-11-08	0	0.59	23	4
2010-11-09	0	0.4	23	4
2010-11-10	0	5.85	24	3
2010-11-11	0	6.35	25	4
2010-11-12	0	0.69	25	5
2010-11-13	0	6.85	24	5
2010-11-14	0	5.75	24	4
2010-11-15	0	6.35	23	4
2010-11-16	0	7.65	24	3
2010-11-17	0	7.05	24	3
2010-11-18	0	6.8	24	4
2010-11-19	0	6.3	25	4
2010-11-20	0	4.7	26	4
2010-11-21	0	7.1	26	5
2010-11-22	0	7.2	26	6
2010-11-23	0	6.85	26	6
2010-11-24	0	5.25	26	7
2010-11-25	0	7.7	27	7
2010-11-26	0	7.1	27	7
2010-11-27	0	10.7	27	6
2010-11-28	0	2.25	27	7
2010-11-29	0	5.65	27	7
2010-11-30	0	0.78	27	7
2010-12-01	0	3.9	26	7
2010-12-02	0	5.8	26	6
2010-12-03	0	5.7	27	6
2010-12-04	0	0.72	27	6
2010-12-05	0	7.15	27	7
2010-12-06	0	0.57	26	7
2010-12-07	0	6.15	26	7
2010-12-08	0	6.75	27	6
2010-12-09	0	7.44	26	6
2010-12-10	0	1.6	27	6
2010-12-11	0	6.7	27	7
2010-12-12	0	6.35	24	7
2010-12-13	0	5.15	24	4
2010-12-14	0	4.55	23	3
2010-12-15	0	5.55	23	3
2010-12-16	0	5.85	24	4
2010-12-17	0	4.75	24	4
2010-12-18	0	5.2	23	4
2010-12-19	0	0.57	24	4
2010-12-20	0	5.6	25	4
2010-12-21	0	2.8	23	5
2010-12-22	0	4.65	25	4
2010-12-23	0	5.75	26	4
2010-12-24	0	6.15	26	6
2010-12-25	0	6.2	27	6
2010-12-26	0	4.75	27	7
2010-12-27	0	7.52	27	7
2010-12-28	0	5.45	26	6
2010-12-29	0	6.35	27	6
2010-12-30	0	6.25	27	7
2010-12-31	0	3.2	27	7
2011-01-01	4.7	11.1	27	6
2011-01-02	0	6.05	27	7
2011-01-03	0	5.75	27	7
2011-01-04	0	7.1	27	6
2011-01-05	0	4.8	27	6
2011-01-06	0	6.2	27	6
2011-01-07	0	8.25	27	7
2011-01-08	0	8.85	28	7
2011-01-09	0	2.8	27	7
2011-01-10	0	7	27	8
2011-01-11	0	6.9	27	7
2011-01-12	0	7.05	28	7
2011-01-13	0	6.75	28	8
2011-01-14	0	8.1	27	7
2011-01-15	0	7.85	27	7
2011-01-16	0	7.3	26	7
2011-01-17	0	5.45	26	7
2011-01-18	0	7.5	27	7
2011-01-19	0	9.4	28	7
2011-01-20	0	7.8	28	8
2011-01-21	0	7.85	27	8
2011-01-22	0	6.85	27	7
2011-01-23	0	8.15	28	7
2011-01-24	0	7.35	27	7
2011-01-25	0	2.8	27	7
2011-01-26	0	6.5	28	7
2011-01-27	0	6.45	27	7
2011-01-28	0	8.75	29	7
2011-01-29	0	9.35	29	8
2011-01-30	0	6.85	27	8
2011-01-31	0	8.14	28	7
2011-02-01	0	7.85	28	7
2011-02-02	0	7.85	28	8
2011-02-03	0	7.25	30	8
2011-02-04	0	7.8	30	9
2011-02-05	0	8.5	30	9
2011-02-06	0	8.2	29	8
2011-02-07	0	7.1	27	7
2011-02-08	0	7	27	7
2011-02-09	0	6.8	28	7
2011-02-10	0	7.8	28	7
2011-02-11	0	6.25	27	8
2011-02-12	0	6.85	27	7
2011-02-13	0	4.65	25	7
2011-02-14	0	9.15	27	5
2011-02-15	0	6.7	27	5
2011-02-16	0	8.25	28	6
2011-02-17	0	7.85	28	7
2011-02-18	0	7.2	27	7
2011-02-19	0	6.75	27	7
2011-02-20	0	7.3	27	6
2011-02-21	0	5.6	27	7
2011-02-22	0	8.3	27	7
2011-02-23	0	7.8	28	7
2011-02-24	0	8.15	27	7
2011-02-25	0	6.9	27	7
2011-02-26	0	6.85	28	7
2011-02-27	0	6.75	28	7
2011-02-28	0	6.45	27	7
2011-03-01	0	8.25	28	7
2011-03-02	0	6.7	29	7
2011-03-03	0	8.2	29	8
2011-03-04	0	8.85	30	8
2011-03-05	0	7.8	29	9
2011-03-06	0	7.95	27	8
2011-03-07	0	7.35	27	7
2011-03-08	0	7.65	28	7
2011-03-09	0	1.7	27	7
2011-03-10	0	8.1	28	7
2011-03-11	0	7.6	28	8
2011-03-12	0	9.2	30	8
2011-03-13	0	9.9	30	8
2011-03-14	0	8.85	30	10
2011-03-15	0	9.6	29	10
2011-03-16	0	3.65	29	9
2011-03-17	0	9.15	29	8
2011-03-18	0	7.6	28	8
2011-03-19	0	8.9	29	8
2011-03-20	0	2.55	28	8
2011-03-21	0	7.75	28	8
2011-03-22	0	7.23	28	7
2011-03-23	0	7.87	28	7
2011-03-24	0	3.82	28	7
2011-03-25	0	8.83	30	8
2011-03-26	0	10.25	30	9
2011-03-27	0	10.8	32	10
2011-03-28	0	9.7	33	10
2011-03-29	0	10.15	31	10
2011-03-30	0	4.4	32	10
2011-03-31	0	11.25	32	11
2011-04-01	0	12.21	33	11
2011-04-02	0	11.75	33	12
2011-04-03	0	12.15	32	12
2011-04-04	0	3.6	31	12
2011-04-05	0	12.05	32	11
2011-04-06	0	9.25	30	12
2011-04-07	4.7	10.63	31	11
2011-04-08	0	10.22	31	11
2011-04-09	0	13.15	32	11
2011-04-10	0	5.4	32	11
2011-04-11	0	10.15	30	12
2011-04-12	0	9.3	30	11
2011-04-13	0	9.85	30	10
2011-04-14	6.4	10.8	31	10
2011-04-15	0	11.31	31	11
2011-04-16	0	7.65	32	11
2011-04-17	0	10.9	31	12
2011-04-18	0	11.85	31	11
2011-04-19	0	9.05	30	11
2011-04-20	0	9.85	30	10
2011-04-21	5.7	11.3	31	10
2011-04-22	0	9.6	31	10
2011-04-23	0	11.3	30	11
2011-04-24	0	8.75	30	10
2011-04-25	0	8.85	30	10
2011-04-26	0	11.05	30	10
2011-04-27	0	9.85	30	11
2011-04-28	0	9.8	30	11
2011-04-29	0	9	30	10
2011-04-30	0	10.5	30	10
2011-05-01	0	13.4	32	10
2011-05-02	0	11.8	32	11
2011-05-03	0	12.35	33	11
2011-05-04	0	5.55	33	12
2011-05-05	0	13.15	33	12
2011-05-06	0	12.2	32	12
2011-05-07	0	12.2	32	11
2011-05-08	0	13.25	32	11
2011-05-09	0	9.65	33	12
2011-05-10	0	11.65	33	12
2011-05-11	0	12.35	33	13
2011-05-12	0	11.4	32	13
2011-05-13	0	11.3	32	12
2011-05-14	0	11.65	31	12
2011-05-15	0	10.7	30	11
2011-05-16	0	10.78	31	11
2011-05-17	0	10.35	31	11
2011-05-18	0	4.75	31	12
2011-05-19	0	8.75	30	11
2011-05-20	0	10.9	32	11
2011-05-21	0	11.42	32	12
2011-05-22	0	10.88	33	12
2011-05-23	0	12.75	33	12
2011-05-24	0	11.65	32	12
2011-05-25	0	11.75	32	11
2011-05-26	0	12.35	33	11
2011-05-27	0	12.75	33	12
2011-05-28	0	11.8	32	13
2011-05-29	0	11.84	32	12
2011-05-30	0	9.61	31	12
2011-05-31	0	11.15	32	11
2011-06-01	0	10.8	31	11
2011-06-02	0	11.5	32	11
2011-06-03	0	7.75	34	12
2011-06-04	0	13.44	34	13
2011-06-05	0	13.7	32	13
2011-06-06	0	11.1	31	11
2011-06-07	0	3.9	32	11
2011-06-08	0	11.85	32	12
2011-06-09	0	13.05	32	13
2011-06-10	0	13.99	32	12
2011-06-11	0	11.9	32	12
2011-06-12	0	11.85	32	12
2011-06-13	0	12	32	13
2011-06-14	0	11.76	32	13
2011-06-15	0	10.1	32	12
2011-06-16	0	3.4	30	11
2011-06-17	0	12.4	32	11
2011-06-18	0	11.85	33	12
2011-06-19	0	10.2	31	12
2011-06-20	0	10.98	30	11
2011-06-21	13.5	7.67	30	11
2011-06-22	19.7	10.4	29	11
2011-06-23	8.6	10.75	29	10
2011-06-24	3.7	10.95	28	10
2011-06-25	0.01	8.9	29	10
2011-06-26	21.7	9.8	30	10
2011-06-27	23.5	12	30	10
2011-06-28	26.6	9	30	10
2011-06-29	28.8	1.25	29	10
2011-06-30	19.7	13	29	10
2011-07-01	0	11	30	10
2011-07-02	8.4	12.1	30	10
2011-07-03	0	8.6	30	10
2011-07-04	0	12.25	30	10
2011-07-05	0	10.85	29	10
2011-07-06	0	9.8	29	10
2011-07-07	0	11.15	30	10
2011-07-08	0	3.5	31	10
2011-07-09	2.6	11.9	32	11
2011-07-10	0	10.8	32	11
2011-07-11	0	11.3	31	11
2011-07-12	0	11.75	32	10
2011-07-13	0	11.75	32	11
2011-07-14	0	10.7	32	12
2011-07-15	15.7	8.32	31	12
2011-07-16	0	8.75	30	10
2011-07-17	0	9.8	30	10
2011-07-18	0	10.3	31	10
2011-07-19	42.3	9.21	31	10
2011-07-20	0	10.7	31	11
2011-07-21	0	10.85	31	11
2011-07-22	0	9.74	30	11
2011-07-23	0	9.85	30	11
2011-07-24	0	1.55	31	10
2011-07-25	6.7	9.85	31	10
2011-07-26	0	10.7	30	11
2011-07-27	0	11.15	30	11
2011-07-28	0	11.25	31	11
2011-07-29	0.01	9.1	30	11
2011-07-30	0	9.95	31	10
2011-07-31	0	8.5	30	11
2011-08-01	0	11.25	31	10
2011-08-02	0	11.85	32	11
2011-08-03	0	11.25	31	11
2011-08-04	0	10.75	30	11
2011-08-05	0	9.95	30	10
2011-08-06	0	10.85	31	11
2011-08-07	0	8.45	30	11
2011-08-08	0	10.6	30	10
2011-08-09	6.4	1.51	31	10
2011-08-10	0	3.85	30	10
2011-08-11	35.6	11.85	31	10
2011-08-12	0	11.15	30	11
2011-08-13	0	10.75	31	10
2011-08-14	0	9.15	32	11
2011-08-15	0	9.65	31	12
2011-08-16	0	10.7	32	11
2011-08-17	0	8.85	31	11
2011-08-18	0	11.2	32	11
2011-08-19	0	9.15	32	12
2011-08-20	0	9.65	31	11
2011-08-21	0.01	9.7	31	10
2011-08-22	0	10.9	31	10
2011-08-23	0	8.7	30	11
2011-08-24	0	10.45	30	11
2011-08-25	0	9.85	30	10
2011-08-26	0	9.85	32	11
2011-08-27	0	10.85	32	11
2011-08-28	0	8.95	32	11
2011-08-29	0	9.6	30	11
2011-08-30	0	10.6	30	11
2011-08-31	0	8	30	10
2011-09-01	21.7	10	30	10
2011-09-02	0	7	30	10
2011-09-03	7.5	7.5	31	10
2011-09-04	0	8.65	30	10
2011-09-05	0.01	8.95	30	10
2011-09-06	0	9.3	29	10
2011-09-07	0	10.7	30	10
2011-09-08	0	9.3	29	10
2011-09-09	0	8.65	29	10
2011-09-10	0.01	6.75	30	10
2011-09-11	0	11.65	30	10
2011-09-12	0	9.5	30	10
2011-09-13	0	11.7	30	10
2011-09-14	0	11.1	30	10
2011-09-15	0	9.15	31	11
2011-09-16	0	9.6	30	11
2011-09-17	0	10.3	30	11
2011-09-18	0	9.8	30	10
2011-09-19	0	8.8	29	10
2011-09-20	0	12.35	29	10
2011-09-21	0	8.75	29	9
2011-09-22	0	8.83	29	9
2011-09-23	0	11.02	29	10
2011-09-24	0	9.55	30	10
2011-09-25	0	10.45	30	10
2011-09-26	0	8.55	29	10
2011-09-27	0	11.2	29	9
2011-09-28	0	8.9	30	10
2011-09-29	0	9	30	10
2011-09-30	0	7.5	29	10
2011-10-01	0.01	8.7	29	9
2011-10-02	0	8.5	29	9
2011-10-03	0	8.5	27	9
2011-10-04	0	8.45	28	8
2011-10-05	0	3.6	29	9
2011-10-06	0	8.9	29	10
2011-10-07	0	9.2	28	9
2011-10-08	0	8.05	28	9
2011-10-09	0	8.65	29	9
2011-10-10	0	9.15	29	10
2011-10-11	0	9.3	29	10
2011-10-12	14.6	9.19	29	10
2011-10-13	0	8.2	29	10
2011-10-14	0	9.8	29	9
2011-10-15	0	8.5	29	9
2011-10-16	0	9.6	29	10
2011-10-17	0	8.85	28	10
2011-10-18	0	8.75	27	10
2011-10-19	0	9.4	26	9
2011-10-20	0	3.75	24	8
2011-10-21	0	5.8	24	6
2011-10-22	0	5.85	24	5
2011-10-23	0	7.3	25	4
2011-10-24	0	6.7	26	4
2011-10-25	0	7.5	26	5
2011-10-26	0	6.8	25	5
2011-10-27	0	6.9	27	4
2011-10-28	0	7.25	26	5
2011-10-29	0	2.6	25	5
2011-10-30	0	7.2	25	4
2011-10-31	0	5.1	24	5
2011-11-01	0	6.2	25	4
2011-11-02	0	6.9	27	5
2011-11-03	5.3	7.35	27	6
2011-11-04	0	3.8	27	7
2011-11-05	0	6.25	26	6
2011-11-06	0	5.7	26	6
2011-11-07	0	7.15	26	7
2011-11-08	0	7.1	26	7
2011-11-09	0	6.1	26	6
2011-11-10	0	6.1	27	6
2011-11-11	0	6.7	27	7
2011-11-12	0	6.2	28	7
2011-11-13	0	5.7	28	7
2011-11-14	0	6.84	29	7
2011-11-15	0	6.15	26	8
2011-11-16	0	6.75	26	6
2011-11-17	0	4.9	26	6
2011-11-18	0	7	27	7
2011-11-19	0	6.8	27	7
2011-11-20	0	8.05	28	7
2011-11-21	0	7.85	28	8
2011-11-22	0	7.3	28	8
2011-11-23	0	6.7	28	7
2011-11-24	0	6.15	27	7
2011-11-25	0	1.5	27	6
2011-11-26	2.3	8	26	6
2011-11-27	0	5.8	24	5
2011-11-28	0	5.25	24	4
2011-11-29	0	4.8	25	5
2011-11-30	0	3.5	24	5
2011-12-01	0	4.75	26	4
2011-12-02	0	5.2	25	5
2011-12-03	0	4.85	26	4
2011-12-04	0	5.95	26	5
2011-12-05	0	6.26	27	7
2011-12-06	0	2.6	27	6
2011-12-07	0	7.25	28	6
2011-12-08	0	6.05	28	7
2011-12-09	0	6	27	7
2011-12-10	0	5.85	26	7
2011-12-11	0	6.1	27	5
2011-12-12	0	5.75	27	6
2011-12-13	0	5.3	28	6
2011-12-14	0	6.8	28	7
2011-12-15	0	6.95	28	7
2011-12-16	0.01	4.85	27	7
2011-12-17	0	5.65	27	7
2011-12-18	0	5.9	27	7
2011-12-19	0	5.4	27	6
2011-12-20	0	6.85	28	6
2011-12-21	0	5.2	28	7
2011-12-22	0	5.75	27	7
2011-12-23	0	6.15	27	6
2011-12-24	0	5.95	26	7
2011-12-25	0	5	26	6
2012-03-01	0	5.7	28	9
2012-03-02	0	5.8	27	8
2012-03-03	0	6.15	27	8
2012-03-04	0	5.95	27	7
2012-03-05	0	6.2	26	7
2012-03-06	0	5.6	27	7
2012-03-07	0	6.45	28	8
2012-03-08	0	7.05	27	9
2012-03-09	0	6.8	27	8
2012-03-10	27.6	2.55	28	8
2012-03-11	5	2.45	28	9
2012-03-12	0	6.8	28	8
2012-03-13	0	9.1	28	9
2012-03-14	0	5.8	27	9
2012-03-15	0	8.2	28	8
2012-03-16	0.01	7.9	27	8
2012-03-17	0	3.8	29	8
2012-03-18	0	9.05	29	9
2012-03-19	0	2.9	29	9
2012-03-20	0	6.7	27	8
2012-03-21	0	8.3	29	8
2012-03-22	0	8.95	30	9
2012-03-23	0	7.75	30	10
2012-03-24	0	8.15	30	9
2012-03-25	0	8.05	31	9
2012-03-26	0	8.8	31	10
2012-03-27	60.5	0.99	31	10
2012-03-28	0	7.6	32	10
2012-03-29	0	9.05	33	10
2012-03-30	0	8.75	33	10
2012-03-31	0	8.3	30	10
2012-04-01	0	7.88	30	9
2012-04-02	0	6.8	30	9
2012-04-03	0	8.9	31	10
2012-04-04	0	8.15	29	10
2012-04-05	0	7.75	29	9
2012-04-06	0	8.25	30	9
2012-04-07	0	7.85	29	10
2012-04-08	0	5.5	28	9
2012-04-09	0	7.4	29	9
2012-04-10	0	6.7	27	8
2012-04-11	0	6.95	28	8
2012-04-12	0.01	9.25	30	9
2012-04-13	0	8.85	30	10
2012-04-14	0	8.85	31	10
2012-04-15	0	1.75	30	10
2012-04-16	0	8.15	29	10
2012-04-17	0	7.9	30	10
2012-04-18	0	8.91	30	10
2012-04-19	0	8.1	30	10
2012-04-20	0	8.8	30	10
2012-04-21	0	8.15	29	10
2012-04-22	0	7.75	29	9
2012-04-23	0	7.65	30	9
2012-04-24	0	9.25	31	10
2012-04-25	0	7.5	31	10
2012-04-26	0	9.35	30	10
2012-04-27	0	7.85	30	10
2012-04-28	0	7.9	30	10
2012-04-29	0	10.3	32	10
2012-04-30	0	0.92	32	10
2012-05-01	0	9.7	30	8
2012-05-02	0	7.8	30	9
2012-05-03	0	8.3	31	9
2012-05-04	0	10.85	30	9
2012-05-05	0	8.15	29	8
2012-05-06	0	8.05	30	9
2012-05-07	0	9.85	32	10
2012-05-08	0	10.8	32	10
2012-05-09	0	8.9	33	10
2012-05-10	0	9.9	33	11
2012-05-11	0	8.88	32	11
2012-05-12	0	8.65	30	10
2012-05-13	0	13.43	31	10
2012-05-14	0	8.47	32	10
2012-05-15	0	10.4	33	10
2012-05-16	0	9.7	33	10
2012-05-17	0	9.75	33	11
2012-05-18	0	8.5	32	10
2012-05-19	0	8.7	33	10
2012-05-20	0	8.25	33	10
2012-05-21	0	9.95	33	10
2012-05-22	0	6.7	32	11
2012-05-23	0	11.2	32	10
2012-05-24	0	10.95	30	11
2012-05-25	0	10.05	31	11
2012-05-26	0	10.7	33	11
2012-05-27	0	10.25	31	12
2012-05-28	0	9.9	30	11
2012-05-29	0	9.7	32	11
2012-05-30	0	11.8	33	11
2012-05-31	0	9.95	33	12
2012-06-01	0.01	10.85	31	11
2012-06-02	0	4.75	32	11
2012-06-03	2.5	12.15	33	12
2012-06-04	0	9.8	32	13
2012-06-05	0.01	11.15	32	12
2012-06-06	0	9.75	33	11
2012-06-07	28.6	10.8	33	12
2012-06-08	0	10.7	33	12
2012-06-09	0	12.3	32	13
2012-06-10	0	5.5	33	12
2012-06-11	0	12.35	33	13
2012-06-12	0	9.8	32	12
2012-06-13	0	11.15	33	12
2012-06-14	0	12.75	34	13
2012-06-15	0	3.75	33	13
2012-06-16	0	10.95	32	12
2012-06-17	0.01	8.8	33	11
2012-06-18	3.5	12.8	33	12
2012-06-19	0	9.8	32	13
2012-06-20	24	10.25	32	12
2012-06-21	0	1.9	32	12
2012-06-22	0	10.85	32	11
2012-06-23	0	12.09	33	12
2012-06-24	0	10.97	32	13
2012-06-25	0	10.79	30	12
2012-06-26	0	11.25	30	11
2012-06-27	63.4	5.55	32	12
2012-06-28	0	10.55	30	12
2012-06-29	0	9.2	30	11
2012-06-30	0	13.75	30	11
2012-07-01	6.5	11.6	30	11
2012-07-02	0	14	31	10
2012-07-03	0	9.65	30	11
2012-07-04	0	9.95	30	12
2012-07-05	0	9.9	31	10
2012-07-06	0	10.95	30	10
2012-07-07	0	9.4	30	11
2012-07-08	0	9.85	30	10
2012-07-09	0	9.9	30	10
2012-07-10	0	9.96	30	11
2012-07-11	0	9.9	30	10
2012-07-12	7.3	10.8	31	10
2012-07-13	18.7	14	30	10
2012-07-14	15.8	2.95	30	10
2012-07-15	13.4	9.45	30	10
2012-07-16	18.7	8.5	29	10
2012-07-17	0	1.35	30	10
2012-07-18	0	8.85	30	10
2012-07-19	0	9.2	30	10
2012-07-20	0	9.93	30	11
2012-07-21	0	8.57	30	10
2012-07-22	0	9.4	29	11
2012-07-23	0	5	30	10
2012-07-24	0	11.15	30	11
2012-07-25	0	9.08	29	11
2012-07-26	0	9.67	30	10
2012-07-27	0	10.35	30	10
2012-07-28	0	8.95	30	11
2012-07-29	0	4.65	29	10
2012-07-30	0	9.95	29	10
2012-07-31	0	10.3	29	10
2012-08-01	0	10.83	30	10
2012-08-02	0	9.87	30	10
2012-08-03	0	9.05	29	11
2012-08-04	0	7.7	29	10
2012-08-05	0	9.12	30	10
2012-08-06	0	11.03	30	10
2012-08-07	0	8.9	30	10
2012-08-08	0	8.85	29	11
2012-08-09	0	8.05	29	9
2012-08-10	0	1.6	28	9
2012-08-11	0	0.3	28	9
2012-08-12	0	7.5	29	10
2012-08-13	0	9.4	29	10
2012-08-14	0	8.7	29	10
2012-08-15	0	8.15	28	10
2012-08-16	0	8.15	28	9
2012-08-17	30.4	8	29	9
2012-08-18	46.7	4.2	29	9
2012-08-19	40.2	3.4	29	9
2012-08-20	32.4	7.85	28	10
2012-08-21	0	6.85	27	8
2012-08-22	0	13.2	27	8
2012-08-23	0	7.9	28	8
2012-08-24	0	7.9	28	8
2012-08-25	0	6.8	28	9
2012-08-26	0	6.4	29	8
2012-08-27	0	8.1	29	8
2012-08-28	0	3.85	28	9
2012-08-29	0	7.7	28	8
2012-08-30	0	7.45	28	7
2012-08-31	0	7.3	28	7
2012-09-01	0	6.7	28	8
2012-09-02	0	8.4	27	9
2012-09-03	0	7.65	27	8
2012-09-04	0	8.25	28	8
2012-09-05	0	4.6	29	9
2012-09-06	0	9.3	28	9
2012-09-07	0	13.5	28	8
2012-09-08	0	5.5	29	8
2012-09-09	0	6.9	29	9
2012-09-10	0	6.8	28	8
2012-09-11	0	6.8	29	8
2012-09-12	0	6.6	28	9
2012-09-13	0	5.6	28	8
2012-09-14	0	9.3	29	8
2012-09-15	0	7.9	28	9
2012-09-16	42.4	8.3	29	8
2012-09-17	0	6.7	29	9
2012-09-18	0	7.1	28	10
2012-09-19	0	7.8	29	9
2012-09-20	0	8.15	29	9
2012-09-21	0	8.95	29	8
2012-09-22	0	8.95	30	10
2012-09-23	0	5.15	28	10
2012-09-24	0	2.55	27	9
2012-09-25	0	7.15	27	9
2012-09-26	0	7.2	28	8
2012-09-27	0	6.75	28	8
2012-09-28	4.3	11.25	28	8
2012-09-29	0	8.25	29	9
2012-09-30	0	7.75	28	9
2012-10-01	0	8.2	28	8
2012-10-02	0	8.5	28	9
2012-10-03	0	8.35	28	7
2012-10-04	0	7.2	28	7
2012-10-05	0	7.15	29	7
2012-10-06	0	7.75	29	7
2012-10-07	0	7.85	28	8
2012-10-08	0	7.45	28	8
2012-10-09	0	3.3	29	8
2012-10-10	0	7.3	28	8
2012-10-11	0	6.85	27	7
2012-10-12	0	6.75	28	7
2012-10-13	0	7.05	28	8
2012-10-14	0	6.75	28	8
2012-10-15	0	8.45	29	7
2012-10-16	0	7.9	29	8
2012-10-17	0	8.75	30	8
2012-10-18	0	8.3	29	9
2012-10-19	0	8.1	29	9
2012-10-20	0	7.51	30	8
2012-10-21	0	7.65	30	9
2012-10-22	0	9.15	29	10
2012-10-23	0	8.75	28	10
2012-10-24	0	7.2	29	8
2012-10-25	0	9.15	29	8
2012-10-26	0	8.8	30	9
2012-10-27	0	9.14	30	10
2012-10-28	0	8.3	30	10
2012-10-29	0	8.3	28	10
2012-10-30	0	7.6	29	9
2012-10-31	0	7.1	29	9
2012-11-01	0	7.17	28	9
2012-11-02	0	7.75	27	8
2012-11-03	0	7	27	7
2012-11-04	0	6.91	28	7
2012-11-05	0	6.9	28	8
2012-11-06	0	6.3	27	8
2012-11-07	0	7.69	28	8
2012-11-08	0	7.01	28	8
2012-11-09	0	6.8	27	8
2012-11-10	0	7.05	27	7
2012-11-11	0	7	28	7
2012-11-12	0	8.41	27	7
2012-11-13	0	6.3	27	7
2012-11-14	0	6.85	28	8
2012-11-15	0	7.1	28	8
2012-11-16	0	7.11	26	7
2012-11-17	0	6.98	27	7
2012-11-18	0	7.21	28	7
2012-11-19	0	7.77	28	8
2012-11-20	0	8	29	8
2012-11-21	0	6.25	27	8
2012-11-22	0	6.75	28	7
2012-11-23	0	6.75	27	6
2012-11-24	0	7.35	27	7
2012-11-25	0	7.05	28	8
2012-11-26	0	5.25	27	8
2012-11-27	0	6.3	27	7
2012-11-28	0	6.65	27	6
2012-11-29	0	8.2	28	7
2012-11-30	0	7.1	28	7
2012-12-01	0	2.8	27	7
2012-12-02	0	7.3	27	7
2012-12-03	0	5.67	27	6
2012-12-04	0	6.28	27	7
2012-12-05	0	6.55	27	8
2012-12-06	0	3.7	27	7
2012-12-07	0	3.2	28	7
2012-12-08	0	7.25	27	7
2012-12-09	0	5.65	27	8
2012-12-10	0	7.45	28	7
2012-12-11	0	6.95	28	8
2012-12-12	0	4.8	27	9
2012-12-13	0	7.05	28	7
2012-12-14	0	7.1	28	7
2012-12-15	0	5.9	28	7
2012-12-16	0	8.05	29	7
2012-12-17	0	6.95	28	8
2012-12-18	0	5.75	27	8
2012-12-19	0	6.95	27	7
2012-12-20	0	7.2	28	7
2012-12-21	0	6.65	28	8
2012-12-22	0	4.8	27	8
2012-12-23	0	6.9	27	7
2012-12-24	0	6.3	27	7
2012-12-25	0	4.9	26	7
2012-12-26	0	5.9	27	6
2012-12-27	0	7.3	27	7
2012-12-28	0	5.5	26	7
2012-12-29	0	6.3	26	7
2012-12-30	0	6.6	27	7
2012-12-31	0	3.2	27	7
2013-01-01	0	2.8	27	7
2013-01-02	0	7.3	27	6
2013-01-03	0	5.65	27	6
2013-01-04	0	6.3	26	7
2013-01-05	0	6.55	26	6
2013-01-06	0	5.6	27	6
2013-01-07	0	8.05	28	6
2013-01-08	0	5.75	27	7
2013-01-09	0	7.1	27	7
2013-01-10	0	2.2	28	7
2013-01-11	0	6.6	27	7
2013-01-12	0	5.85	27	7
2013-01-13	0	6.35	27	7
2013-01-14	0	6.05	27	7
2013-01-15	0	4.85	27	7
2013-01-16	0	5.8	26	7
2013-01-17	0	6.1	27	6
2013-01-18	0	5.75	26	7
2013-01-19	0	5.85	27	6
2013-01-20	0	6.4	26	6
2013-01-21	0	6.7	27	6
2013-01-22	0	6.25	27	6
2013-01-23	0	6.8	27	7
2013-01-24	0	6.05	26	7
2013-01-25	0	5.9	24	6
2013-01-26	0	2.8	26	4
2013-01-27	0	7.05	27	5
2013-01-28	0	7.15	27	7
2013-01-29	0	4.7	26	7
2013-01-30	0	6.35	27	6
2013-01-31	0	4.12	27	6
2013-02-01	0	5.95	26	6
2013-02-02	0	6.12	27	5
2013-02-03	0	6.98	27	6
2013-02-04	0	5.95	28	7
2013-02-05	0	7.75	27	8
2013-02-06	0	6.3	26	7
2013-02-07	0	5.8	26	6
2013-02-08	0	7.15	27	6
2013-02-09	0	6.8	27	7
2013-02-10	0	8.25	28	7
2013-02-11	0	8.85	28	7
2013-02-12	0	5.2	26	8
2013-02-13	0	6.95	27	6
2013-02-14	0	7.3	27	6
2013-02-15	0	5.9	26	7
2013-02-16	0	7.2	27	6
2013-02-17	0	6.7	28	6
2013-02-18	0	8.1	28	7
2013-02-19	0	5.85	26	8
2013-02-20	0	6.3	26	6
2013-02-21	0	5.25	27	6
2013-02-22	0	6.9	28	6
2013-02-23	0	7	29	7
2013-02-24	0	8.3	29	7
2013-02-25	0	7.1	29	8
2013-02-26	0	6.9	27	8
2013-02-27	0	6.1	27	7
2013-02-28	0	5.1	27	6
2013-03-01	0	6.15	28	6
2013-03-02	0	9.15	23	7
2013-03-03	0	5.1	24	4
2013-03-04	0	5.9	24	4
2013-03-05	0	7.25	27	3
2013-03-06	0	6.8	28	4
2013-03-07	0	6.85	28	7
2013-03-08	0	7.25	28	7
2013-03-09	0	7.85	29	8
2013-03-10	0	8.25	29	8
2013-03-11	0	5.05	29	8
2013-03-12	0	5.85	28	9
2013-03-13	0	8.25	28	7
2013-03-14	0	6.8	29	8
2013-03-15	0	7.05	28	9
2013-03-16	0	7.75	27	8
2013-03-17	0	8.35	29	7
2013-03-18	0	7.95	29	8
2013-03-19	0	5.15	29	8
2013-03-20	0	7.25	28	8
2013-03-21	0	7.8	28	9
2013-03-22	0	8.05	29	8
2013-03-23	0	7.1	28	9
2013-03-24	0	8.05	28	9
2013-03-25	0	6.7	29	9
2013-03-26	0	7.26	28	9
2013-03-27	0	5.06	27	8
2013-03-28	0	8.85	29	8
2013-03-29	0	7.85	30	8
2013-03-30	0	8.35	30	9
2013-03-31	0	5.15	28	10
2013-04-01	0	8.66	30	9
2013-04-02	0	8.39	29	9
2013-04-03	0	8	29	10
2013-04-04	0	5.3	30	9
2013-04-05	0	8.25	29	9
2013-04-06	0	8.05	28	9
2013-04-07	0	7.9	28	8
2013-04-08	0	7.8	29	9
2013-04-09	0	9.15	30	10
2013-04-10	0	9.1	31	10
2013-04-11	0	5.15	31	10
2013-04-12	0	5.85	30	11
2013-04-13	0	9.25	30	10
2013-04-14	0	7.7	29	10
2013-04-15	0	9.2	30	9
2013-04-16	0	10.2	30	10
2013-04-17	0	9.7	31	11
2013-04-18	0	5.75	30	11
2013-04-19	0	7.8	29	10
2013-04-20	0	9.1	30	10
2013-04-21	0	8.75	30	10
2013-04-22	0	8.3	31	11
2013-04-23	0	0.9	30	11
2013-04-24	0	8.85	31	10
2013-04-25	0	9.3	30	10
2013-04-26	0	5.1	30	11
2013-04-27	0	7.35	30	10
2013-04-28	0	9.75	29	11
2013-04-29	0	8.45	25	10
2013-04-30	0	6.7	30	9
2013-05-01	0	9.7	31	10
2013-05-02	0	5.7	30	11
2013-05-03	0	8.9	30	11
2013-05-04	0	10.9	31	10
2013-05-05	0	9.05	30	10
2013-05-06	0	7.75	30	10
2013-05-07	0	10.15	31	10
2013-05-08	0	6.85	30	11
2013-05-09	0	7.05	30	10
2013-05-10	18.6	7.35	30	11
2013-05-11	0	9.75	29	10
2013-05-12	0	8.85	30	10
2013-05-13	0	9.8	31	10
2013-05-14	0	9.4	29	11
2013-05-15	14.7	5.4	29	10
2013-05-16	0	8.9	31	10
2013-05-17	0	4.65	30	10
2013-05-18	0.01	8.75	29	11
2013-05-19	0	8.8	29	10
2013-05-20	0	9.5	30	10
2013-05-21	0	7.7	30	10
2013-05-22	0	8.15	30	11
2013-05-23	0	7.75	29	11
2013-05-24	0	4.7	30	10
2013-05-25	0	8.6	30	10
2013-05-26	0.01	8.3	29	10
2013-05-27	0	8.05	30	10
2013-05-28	0	8.75	30	10
2013-05-29	0	8.4	29	11
2013-05-30	0	9.7	30	10
2013-05-31	0	2.4	30	10
2013-06-01	0	8.95	30	10
2013-06-02	0	9.8	29	11
2013-06-03	0	9.4	30	10
2013-06-04	0	10.05	31	11
2013-06-05	0	8.85	29	11
2013-06-06	0	4.95	29	10
2013-06-07	0	9.15	30	10
2013-06-08	5.7	5.4	30	10
2013-06-09	0	10.9	31	10
2013-06-10	0	8.2	29	10
2013-06-11	5.3	3.35	30	11
2013-06-12	0	8.85	30	10
2013-06-13	0	9.05	29	10
2013-06-14	0	5.85	30	10
2013-06-15	0	9.02	29	10
2013-06-16	0	8.93	30	10
2013-06-17	0	8.85	30	10
2013-06-18	0	7.3	29	11
2013-06-19	12.5	2.1	29	10
2013-06-20	0	1.65	30	10
2013-06-21	0	9.05	29	10
2013-06-22	0	5.3	30	9
2013-06-23	0	8.3	30	9
2013-06-24	0	8.8	30	10
2013-06-25	0	8.15	30	10
2013-06-26	0	7.99	30	11
2013-06-27	0	7.86	29	11
2013-06-28	0	7.65	30	10
2013-06-29	0	5.75	30	10
2013-06-30	0	6.4	29	11
2013-07-01	0	7.85	30	10
2013-07-02	0	10.2	31	10
2013-07-03	0	11.1	31	10
2013-07-04	9.4	1.05	29	11
2013-07-05	47.6	5.75	29	10
2013-07-06	0	5.1	28	10
2013-07-07	0	8.25	29	10
2013-07-08	0	7.9	29	11
2013-07-09	0	7.7	28	11
2013-07-10	0	1.35	30	9
2013-07-11	0	8.75	30	10
2013-07-12	0	8.3	29	10
2013-07-13	0	6.65	28	10
2013-07-14	0	5.9	29	10
2013-07-15	0	13.15	30	10
2013-07-16	0	5.85	31	10
2013-07-17	0	8.9	30	11
2013-07-18	0	8.05	30	11
2013-07-19	0	1.15	29	10
2013-07-20	0	8.95	29	11
2013-07-21	0	7.95	30	10
2013-07-22	0	8.75	31	11
2013-07-23	0	10.55	30	11
2013-07-24	0	10.45	31	10
2013-07-25	0	11.55	29	11
2013-07-26	0	8.45	29	10
2013-07-27	0	9.85	20	9
2013-07-28	0	5.1	30	10
2013-07-29	0	10.3	31	10
2013-07-30	0	9.6	31	10
2013-07-31	0	4.5	29	11
2013-08-01	0	8.2	29	10
2013-08-02	0	9.7	30	10
2013-08-03	0	5.8	30	10
2013-08-04	0	10.05	30	10
2013-08-05	0	10.9	31	11
2013-08-06	0.01	8.75	30	11
2013-08-07	0	8.85	30	10
2013-08-08	0.01	8.15	29	10
2013-08-09	0	6.8	29	10
2013-08-10	2.4	5.45	30	10
2013-08-11	0	7.95	29	10
2013-08-12	0	5.2	30	10
2013-08-13	0	8.7	30	10
2013-08-14	0	8.95	30	11
2013-08-15	0	9.15	29	10
2013-08-16	0	5.85	28	10
2013-08-17	0	8.95	29	10
2013-08-18	0	7.85	29	10
2013-08-19	0	7.95	29	10
2013-08-20	0	4.4	30	10
2013-08-21	3.7	1.45	29	10
2013-08-22	0.01	9.21	30	10
2013-08-23	0.01	8.74	30	10
2013-08-24	0	5.85	29	10
2013-08-25	18.4	2.65	28	10
2013-08-26	0.01	8.85	30	10
2013-08-27	0	10.95	31	10
2013-08-28	0	9.9	31	10
2013-08-29	0	8.2	29	11
2013-08-30	0	7.8	29	10
2013-08-31	0	8.16	28	10
2013-09-01	0	5.04	29	10
2013-09-02	0	8.88	29	10
2013-09-03	0.01	8.15	28	9
2013-09-04	0	8.9	30	9
2013-09-05	17.5	6.55	29	10
2013-09-06	38.7	7.9	29	10
2013-09-07	0.01	8.75	30	9
2013-09-08	0	7.85	29	10
2013-09-09	0	4.3	30	10
2013-09-10	0	8.85	29	10
2013-09-11	0	4.25	NULO	NULO
2013-09-16	0	6.85	20	10
2013-09-17	0	6.2	28	9
2013-09-18	0	6.85	29	9
2013-09-19	0	5.15	29	10
2013-09-20	0	7.05	28	10
2013-09-21	0	8.25	29	9
2013-09-22	0	7.85	30	9
2013-09-23	0	8.75	31	10
2013-09-24	0	1.35	30	10
2013-09-25	0	8.75	30	10
2013-09-26	7.5	10.75	30	10
2013-09-27	0	5.15	30	10
2013-09-28	0	7.2	29	11
2013-09-29	0	8.9	30	10
2013-09-30	0	5.2	30	10
2013-10-01	0	7.13	30	10
2013-10-02	0	6.98	29	10
2013-10-03	0	9.15	29	9
2013-10-04	0	5.8	30	9
2013-10-05	0	7.85	29	10
2013-10-06	0	9.25	28	9
2013-10-07	3.6	10.4	29	9
2013-10-08	0	10.85	30	9
2013-10-09	0	9.3	30	10
2013-10-10	0	9.65	31	10
2013-10-11	0	9.75	30	10
2013-10-12	0	7.15	29	9
2013-10-13	0	8	30	9
2013-10-14	0	5.9	30	10
2013-10-15	0	1.88	29	10
2013-10-16	0	8.25	29	8
2013-10-17	0	5.6	28	10
2013-10-18	10.3	1.85	29	9
2013-10-19	12.1	2.58	30	9
2013-10-20	0	8.25	30	10
2013-10-21	0	7.95	29	10
2013-10-22	0	6.9	28	10
2013-10-23	0	7.3	28	9
2013-10-24	0.01	5.55	29	9
2013-10-25	0	6.15	28	9
2013-10-26	0	7.05	27	8
2013-10-27	0	6.05	28	8
2013-10-28	0	8.1	29	8
2013-10-29	3	1.6	30	9
2013-10-30	0	8.35	29	9
2013-10-31	0.01	7.05	28	10
2013-11-01	0	6.75	27	8
2013-11-02	0	6.95	28	9
2013-11-03	0	6.8	28	8
2013-11-04	3.5	11.35	29	8
2013-11-05	0	8.2	28	8
2013-11-06	0	8.7	29	8
2013-11-07	0	8.05	29	9
2013-11-08	0	8.1	30	9
2013-11-09	0	8.8	30	10
2013-11-10	0	5.6	29	10
2013-11-11	0	7.25	28	9
2013-11-12	0	6.75	27	7
2013-11-13	0	7.1	28	6
2013-11-14	0	8.05	28	8
2013-11-15	0	9.11	29	8
2013-11-16	0	7.84	28	9
2013-11-17	0	8.15	28	9
2013-11-18	0	6.6	27	8
2013-11-19	0	9.15	29	8
2013-11-20	0.01	7.95	28	9
2013-11-21	0	6.15	28	9
2013-11-22	0	5.9	27	8
2013-11-23	0	6.09	27	7
2013-11-24	0	6.86	28	7
2013-11-25	0	6.9	28	7
2013-11-26	0	3.75	28	7
2013-11-27	0	5.95	27	8
2013-11-28	0	6.8	27	7
2013-11-29	0	7.4	27	8
2013-11-30	0.01	5.85	27	7
2013-12-01	0	6.25	25	7
2013-12-02	0	5.9	27	6
2013-12-03	0	7.15	27	6
2013-12-04	0	1.7	28	7
2013-12-05	0	5.8	28	8
2013-12-06	0	7.25	27	7
2013-12-07	0	6.8	27	7
2013-12-08	0	7.35	27	7
2013-12-09	0	6.7	28	7
2013-12-10	0	6.9	28	8
2013-12-11	0	5.2	24	7
2013-12-12	0	6.2	27	5
2013-12-13	0	5.85	27	6
2013-12-14	0	5.4	25	7
2013-12-15	0	6.4	27	4
2013-12-16	0	6.85	27	5
2013-12-17	0	5.95	24	7
2013-12-18	0	6.14	24	4
2013-12-19	0	6.81	27	5
2013-12-20	0	6.15	26	6
2013-12-21	0	6.05	27	6
2013-12-22	0	7.1	28	7
2013-12-23	0	3	26	7
2013-12-24	0.01	4.8	24	6
2013-12-25	0	5.1	25	4
2013-12-26	6.5	11.25	25	5
2013-12-27	0	5.95	26	4
2013-12-28	0	6.15	26	6
2013-12-29	0	5.1	28	5
2013-12-30	0	4.95	27	5
2013-12-31	0	5.7	26	6
2014-01-01	0	5.2	25	5
2014-01-02	0	4.85	24	5
2014-01-03	0	0.7	24	4
2014-01-04	0	5.15	25	5
2014-01-05	0	4.8	25	4
2014-01-06	0	7.25	26	5
2014-01-07	0	5.85	24	5
2014-01-08	0	4.95	24	4
2014-01-09	0	4.9	25	4
2014-01-10	0	6.3	26	5
2014-01-11	0	4.75	27	6
2014-01-12	0	5.2	26	6
2014-01-13	0	4.85	24	5
2014-01-14	0	5.1	24	4
2014-01-15	0	3.6	25	4
2014-01-16	0	4.15	24	4
2014-01-17	0	4.15	24	3
2014-01-18	0	4.8	25	4
2014-01-19	0	6.15	26	4
2014-01-20	0	5.75	26	5
2014-01-21	0	5.15	26	6
2014-01-22	0	6.05	26	5
2014-01-23	0	5.7	27	5
2014-01-24	0	6.2	27	6
2014-01-25	0	5.95	26	6
2014-01-26	0	3.9	26	6
2014-01-27	0	4.95	26	5
2014-01-28	0	4.85	27	6
2014-01-29	0	1.58	27	6
2014-01-30	0	6.3	27	6
2014-01-31	0	1.61	26	7
2014-02-01	0	5.7	26	7
2014-02-02	0	5.8	27	6
2014-02-03	0	6.05	27	7
2014-02-04	0	5.85	26	7
2014-02-05	0	6.05	27	6
2014-02-06	0	7.15	27	6
2014-02-07	0	6.7	27	6
2014-02-08	0	7.05	27	7
2014-02-09	0	5.9	26	7
2014-02-10	0	7.15	27	6
2014-02-11	0	4.6	28	7
2014-02-12	0	8.15	27	8
2014-02-13	0	7.1	27	8
2014-02-14	0	7.05	28	7
2014-02-15	0	9	29	8
2014-02-16	0	8.8	27	8
2014-02-17	0	8.05	27	7
2014-02-18	0	1.6	29	7
2014-02-19	0	8.05	28	9
2014-02-20	0	8.2	28	8
2014-02-21	0	6.65	27	8
2014-02-22	0	9.3	28	7
2014-02-23	0	9.9	29	7
2014-02-24	0	8.8	29	8
2014-02-25	0	8.85	29	9
2014-02-26	0	8.3	28	9
2014-02-27	0	8.01	28	9
2014-02-28	0	5.6	28	8
2014-03-01	0	5.6	29	8
2014-03-02	0	9.15	29	8
2014-03-03	0.01	13.15	30	9
2014-03-04	0	7.9	29	10
2014-03-05	0	7.8	28	9
2014-03-06	0	9.05	30	9
2014-03-07	0	2.55	30	9
2014-03-08	0	12.15	30	10
2014-03-09	0	9.15	30	9
2014-03-10	0	8.75	30	10
2014-03-11	0	10.25	30	10
2014-03-12	0	7.75	29	11
2014-03-13	0	9.15	30	10
2014-03-14	0	9.8	30	11
2014-03-15	0	8.75	30	11
2014-03-16	0	10.95	31	10
2014-03-17	0	9.35	31	10
2014-03-18	0	8.8	30	11
2014-03-19	0	10.15	32	10
2014-03-20	0	8.6	32	10
2014-03-21	2.4	10.5	31	11
2014-03-22	0.01	11.8	32	10
2014-03-23	0	9.3	30	11
2014-03-24	0	10.05	30	11
2014-03-25	0	9.75	32	10
2014-03-26	0	9.85	33	11
2014-03-27	0	9.8	32	12
2014-03-28	0	9.25	31	12
2014-03-29	0	8.7	33	11
2014-03-30	0	9.2	30	11
2014-03-31	0	10.05	31	11
2014-04-01	0	7.6	31	11
2014-04-02	0	12.25	33	11
2014-04-03	0	10.85	32	12
2014-04-04	0	9.1	31	12
2014-04-05	0	9.85	31	11
2014-04-06	0	8.65	30	11
2014-04-07	0	7.8	30	10
2014-04-08	0	10.85	31	10
2014-04-09	0	11.25	32	10
2014-04-10	0	9.6	30	12
2014-04-11	0	9.2	30	11
2014-04-12	0	10.2	31	10
2014-04-13	0	9.65	31	10
2014-04-14	0	10.15	32	11
2014-04-15	0	10.75	30	11
2014-04-16	0.01	9.25	30	10
2014-04-17	0	7.85	30	10
2014-04-18	0	11.9	30	10
2014-04-19	0	8.7	32	10
2014-04-20	0	11.1	31	12
2014-04-21	0	10.1	31	11
2014-04-22	0	9.88	30	10
2014-04-23	0	9.87	31	10
2014-04-24	0	9.95	32	11
2014-04-25	0	9.85	31	11
2014-04-26	0	9.9	32	11
2014-04-27	0	9.85	30	11
2014-04-28	0	10.3	31	10
2014-04-29	0	9.8	30	11
2014-04-30	0	10.15	30	10
2014-05-01	0	10.15	30	10
2014-05-02	0	9.6	30	10
2014-05-03	0	11.25	31	10
2014-05-04	0	10.85	32	11
2014-05-05	0	9.85	32	11
2014-05-06	5.3	11.55	30	11
2014-05-07	0	10.05	30	10
2014-05-08	0	9.85	31	10
2014-05-09	0	8.98	31	10
2014-05-10	0	8.92	30	11
2014-05-11	0	8.08	30	10
2014-05-12	0	8.87	30	10
2014-05-13	0	2.8	29	10
2014-05-14	0	13.1	30	10
2014-05-15	0	7.7	30	10
2014-05-16	0	11.2	31	10
2014-05-17	0	7.85	30	10
2014-05-18	0	7.2	29	10
2014-05-19	0	9.75	30	10
2014-05-20	0	8.9	30	10
2014-05-21	0	10.85	31	11
2014-05-22	0	9.95	30	11
2014-05-23	0	9.15	30	10
2014-05-24	0	9.05	30	10
2014-05-25	5.7	1.7	30	10
2014-05-26	0	0.75	30	10
2014-05-27	0	7.9	30	10
2014-05-28	0	9.8	29	1
2014-05-29	0.01	9.2	30	10
2014-05-30	0	4.7	30	10
2014-05-31	0	13.3	30	10
2014-06-01	0	9.8	30	10
2014-06-02	0	4.6	31	10
2014-06-03	0	9.1	30	10
2014-06-04	0	8.15	30	11
2014-06-05	0	7.65	29	10
2014-06-06	3.7	8.95	29	9
2014-06-07	0	8.85	30	10
2014-06-08	0.01	8.2	30	10
2014-06-09	0	7.7	30	11
2014-06-10	0	7.65	30	10
2014-06-11	0	9.15	31	10
2014-06-12	0	9.05	30	10
2014-06-13	0	10.05	31	10
2014-06-14	0	8.85	31	11
2014-06-15	0	9.05	30	11
2014-06-16	0	2.9	30	10
2014-06-17	7.5	1.82	30	10
2014-06-18	0	8.1	30	11
2014-06-19	0	8.15	29	11
2014-06-20	0	7.9	28	10
2014-06-21	0	7.8	29	10
2014-06-22	5.7	12.85	30	10
2014-06-23	12.7	1.98	30	10
2014-06-24	8.4	8.4	29	10
2014-06-25	4.6	4.6	30	9
2014-06-26	3.4	7	30	10
2014-06-27	35.3	3.17	30	11
2014-06-28	3.7	9.35	29	10
2014-06-29	0.01	6.15	30	10
2014-06-30	0	7.8	30	10
2014-07-01	0	8.05	29	10
2014-07-02	0	6.15	28	11
2014-07-03	0	6.11	28	10
2014-07-04	0	11.94	28	9
2014-07-05	0	6.8	29	8
2014-07-06	0.01	7.9	29	9
2014-07-07	0	7.8	28	10
2014-07-08	0	8.15	30	10
2014-07-09	7.4	11.25	28	10
2014-07-10	5.7	9.9	28	10
2014-07-11	0	9.9	28	10
2014-07-12	0	8.85	30	10
2014-07-13	0	8.8	30	10
2014-07-14	0	10.2	29	10
2014-07-15	0	9.85	30	10
2014-07-16	0.01	10.65	30	10
2014-07-17	0	9.2	29	10
2014-07-18	0	8.2	28	10
2014-07-19	0	8.7	30	10
2014-07-20	0	9.2	30	10
2014-07-21	0	4.6	29	10
2014-07-22	0	8.3	30	10
2014-07-23	0	8.8	30	10
2014-07-24	0	8.05	30	11
2014-07-25	0	9.85	31	10
2014-07-26	0	8.75	30	10
2014-08-07	0	8.85	30	11
2014-08-08	7.4	1.62	30	10
2014-08-09	0	9.05	31	10
2014-08-10	0	8.75	31	10
2014-08-11	0	9.4	30	11
2014-08-12	0	8.75	29	11
2014-08-13	0	5.8	30	10
2014-08-14	0	8.75	30	10
2014-08-15	0	10.15	31	10
2014-08-16	0	10.05	30	10
2014-08-17	0	8.75	31	10
2014-08-18	0	9.4	31	11
2014-08-19	0	6.75	30	11
2014-08-20	0	9.8	30	11
2014-08-21	0	9.15	30	10
2014-08-22	0	9.05	30	10
2014-08-23	0	9.85	31	10
2014-08-24	0	10.2	31	11
2014-08-25	0	4.6	30	10
2014-08-26	0	9.2	30	10
2014-08-27	0	8.75	30	11
2014-08-28	0	14.2	30	11
2014-08-29	0	9.9	30	11
2014-08-30	0	9.85	31	10
2014-08-31	0	9.85	31	11
2014-09-01	0	9.85	30	11
2014-09-02	14.2	11.3	30	10
2014-09-03	23.4	12.2	30	10
2014-09-04	0	8.25	28	10
2014-09-05	0	14.05	28	9
2014-09-06	0	7.98	29	8
2014-09-07	0	7.97	28	9
2014-09-08	0	8.05	28	10
2014-09-09	0	7.85	29	10
2014-09-10	0	7.7	29	9
2014-09-11	0	6.9	28	10
2014-09-12	0	8.15	28	10
2014-09-13	0	6.95	28	10
2014-09-14	0	6.9	29	9
2014-09-15	0	8.3	30	9
2014-09-16	0	7.95	30	10
2014-09-17	0	6.95	30	10
2014-09-18	0	7.9	30	10
2014-09-19	0	7.7	29	11
2014-09-20	0	7.25	29	10
2014-09-21	0	7.7	30	10
2014-09-22	4.3	11.65	31	10
2014-09-23	3.5	11.35	31	11
2014-09-24	0	7.15	30	11
2014-09-25	0	6.8	29	10
2014-09-26	0	6.9	29	10
2014-09-27	0	6.9	28	10
2014-09-28	0.01	5.8	29	9
2014-09-29	0	7.15	30	9
2014-09-30	0	6.95	30	10
2014-10-01	0	6.15	29	10
2014-10-02	8.3	7.2	29	9
2014-10-03	5.6	8.45	28	9
2014-10-04	4.2	3.5	28	9
2014-10-05	0	1.75	27	8
2014-10-06	0	6.15	27	8
2014-10-07	0	5.9	27	7
2014-10-08	0	3.85	28	8
2014-10-09	0	5.67	28	8
2014-10-10	0	7.23	29	9
2014-10-11	0	6.15	28	9
2014-10-12	0	6.75	28	8
2014-10-13	0	5.95	28	8
2014-10-14	0	9.05	28	9
2014-10-15	0	7.25	27	8
2014-10-16	0	6.96	27	7
2014-10-17	0.01	6.8	28	8
2014-10-18	0	8.05	28	9
2014-10-19	3.4	11.3	29	9
2014-10-20	0	7.45	28	10
2014-10-21	0	5.83	27	10
2014-10-22	0	7.11	28	9
2014-10-23	0	5.96	27	9
2014-10-24	0	5.85	27	8
2014-10-25	0	5.25	27	8
2014-10-26	0	5.75	27	7
2014-10-27	0	4.85	24	7
2014-10-28	0	1.72	27	5
2014-10-29	0	5.85	28	6
2014-10-30	0	7.2	28	7
2014-10-31	0	8.75	28	7
2014-11-01	0	NULO	26	7
2014-11-02	0	NULO	27	6
2014-11-03	0	NULO	27	6
2014-11-04	0	NULO	26	6
2014-11-05	0	NULO	25	5
2014-11-06	0	NULO	27	6
2014-11-07	0	NULO	28	6
2014-11-08	0	NULO	25	7
2014-11-09	0	NULO	26	4
2014-11-10	5.4	NULO	26	5
2014-11-11	0	NULO	27	6
2014-11-12	0	NULO	27	7
2014-11-13	0	NULO	26	7
2014-11-14	0	NULO	26	6
2014-11-15	0	4.7	25	5
2014-11-16	0	5.2	26	6
2014-11-17	0	5.7	27	6
2014-11-18	0	5.24	27	6
2014-11-19	0	5.86	26	7
2014-11-20	0	5.05	26	6
2014-11-21	0	2.15	27	6
2014-11-22	0	5.95	26	7
2014-11-23	0	4.85	26	6
2014-11-24	0	5.05	26	6
2014-11-25	0	5.15	24	5
2014-11-26	0	3.9	24	4
2014-11-27	0	3.75	25	4
2014-11-28	0	5.15	26	4
2014-11-29	0	4.75	26	5
2014-11-30	0	6.25	26	5
2014-12-01	0	4.85	26	7
2014-12-02	0	4.95	27	6
2014-12-03	0	4.15	26	6
2014-12-04	0	5.75	26	5
2014-12-05	0	5.2	26	6
2014-12-06	0	6.06	26	6
2014-12-07	0	5.89	27	7
2014-12-08	0	4.7	26	7
2014-12-09	0	5.05	26	6
2014-12-10	0	3.85	26	5
2014-12-11	0	6.25	26	6
2014-12-12	0	5.95	27	7
2014-12-13	0	6.1	27	7
2014-12-14	0	6.8	27	6
2014-12-15	0	5.85	26	7
2014-12-16	0	5.35	24	6
2014-12-17	0	4.95	25	4
2014-12-18	0	4.85	26	5
2014-12-19	0	4.88	25	6
2014-12-20	0	4.98	25	5
2014-12-21	0	5.04	25	5
2014-12-22	0	4.8	24	6
2014-12-23	4.2	12.4	24	5
2014-12-24	6.3	0.11	25	4
2014-12-25	0	6.15	26	4
2014-12-26	0	5.9	27	5
2014-12-27	0	5.85	26	6
2014-12-28	0	5.1	26	5
2014-12-29	0	5.2	26	6
2014-12-30	0	5.95	27	6
2014-12-31	0	1.65	27	6
2015-01-01	0	6.8	26	6
2015-01-02	0	6.1	26	6
2015-01-03	0	4.8	26	6
2015-01-04	0	6.05	26	5
2015-01-05	0	5.85	27	6
2015-01-06	0	6.05	27	6
2015-01-07	0	5.05	25	7
2015-01-08	0	4.95	24	5
2015-01-09	0	3.8	25	4
2015-01-10	0	5.3	26	5
2015-01-11	0	4.8	26	6
2015-01-12	0	4.55	25	5
2015-01-13	0	5.3	26	5
2015-01-14	0	5.9	27	6
2015-01-15	0	6.15	27	6
2015-01-16	0	5.7	26	7
2015-01-17	0	6.1	27	6
2015-01-18	0	6.2	27	6
2015-01-19	0	4.9	26	7
2015-01-20	0	4.75	25	6
2015-01-21	0	5.15	26	6
2015-01-22	0	5.15	25	6
2015-01-23	0	4.6	26	6
2015-01-24	0	5.3	25	6
2015-01-25	0	4.8	26	5
2015-01-26	0	5.1	26	5
2015-01-27	0	6.1	27	6
2015-01-28	0	5.75	26	6
2015-01-29	0	6.25	27	5
2015-01-30	0	5.85	27	6
2015-01-31	0	5.85	26	6
2015-02-01	0	6.15	27	6
2015-02-02	0	1.85	26	6
2015-02-03	0	4.85	26	5
2015-02-04	0	6.2	27	6
2015-02-05	0	6.9	27	6
2015-02-06	0	4.85	25	7
2015-02-07	0	6.15	27	4
2015-02-08	0	4.1	24	5
2015-02-09	0	3.8	24	4
2015-02-10	0	5.2	24	4
2015-02-11	7.3	5.25	26	5
2015-02-12	0	4.75	27	5
2015-02-13	0	5.15	26	6
2015-02-14	0	12.45	27	6
2015-02-15	0	3.6	26	7
2015-02-16	0	6.25	27	6
2015-02-17	0	4.85	26	6
2015-02-18	0	6.14	26	5
2015-02-19	0	6.96	27	6
2015-02-20	0	5.9	27	6
2015-02-21	0	5.85	27	7
2015-02-22	0	7.3	27	7
2015-02-23	0	13.3	27	7
2015-02-24	0	2.75	27	6
2015-02-25	0	7.15	27	6
2015-02-26	0	5.95	26	7
2015-02-27	0	4.85	26	6
2015-02-28	0	6.05	26	6
2015-03-01	0	6.05	26	6
2015-03-02	0	5.15	26	7
2015-03-03	0	5.9	27	7
2015-03-04	0	6.9	26	7
2015-03-05	0	6.15	27	6
2015-03-06	0	5.95	27	7
2015-03-07	0	2.9	26	7
2015-03-08	5.4	6.1	22	6
2015-03-09	7.2	6.35	27	7
2015-03-10	6.4	3.65	26	7
2015-03-11	20.6	NULO	26	6
2015-03-12	7.3	7.3	26	6
2015-03-13	4.5	4.5	26	7
2015-03-14	0	4.8	26	6
2015-03-15	0	5.1	26	7
2015-03-16	0	5.75	27	7
2015-03-17	0	4.45	26	6
2015-03-18	0	6.75	27	6
2015-03-19	0	5.95	27	7
2015-03-20	0	4.8	26	7
2015-03-21	0	6.3	27	6
2015-03-22	0	5.8	27	7
2015-03-23	0	6.15	26	7
2015-03-24	0	1.75	26	7
2015-03-25	0	5.85	26	6
2015-03-26	0	5.7	27	6
2015-03-27	0	9.8	28	7
2015-03-28	0	5.95	27	7
2015-03-29	0	6.15	27	6
2015-03-30	0	5.8	28	6
2015-03-31	0	6.3	27	6
2015-04-01	0	5.8	27	6
2015-04-02	0	7.16	27	6
2015-04-03	0	6.84	28	7
2015-04-04	0	2.15	28	7
2015-04-05	0	1.75	27	7
2015-04-06	0	6.15	27	6
2015-04-07	0	5.15	28	6
2015-04-08	0	8.8	28	7
2015-04-09	9.3	7.45	28	8
2015-04-10	0	6.95	27	8
2015-04-11	0	6.85	28	7
2015-04-12	0	8.2	29	8
2015-04-13	0	6.75	28	8
2015-04-14	0	8.15	28	7
2015-04-15	0	1.7	28	7
2015-04-16	0	7.9	28	7
2015-04-17	0	7.2	28	9
2015-04-18	0	7.85	29	8
2015-04-19	0	8.2	29	8
2015-04-20	10.3	1.83	30	9
2015-04-21	0.01	6.93	29	10
2015-04-22	0	6.87	28	9
2015-04-23	0	1.55	29	8
2015-04-24	0.01	8.25	29	8
2015-04-25	0	7.05	29	9
2015-04-26	0	7.7	30	9
2015-04-27	0	8.2	30	10
2015-04-28	0.01	7.15	29	10
2015-04-29	0	5.74	28	9
2015-04-30	0	7.21	29	7
2015-05-01	0	1.71	29	8
2015-05-02	0	1.75	29	8
2015-05-03	0	1.02	30	9
2015-05-04	0	2.4	30	10
2015-05-05	0	4.52	29	10
2015-05-06	0	4.61	30	9
2015-05-07	0	3.84	30	10
2015-05-08	0	3.02	31	10
2015-05-09	0	2.81	30	10
2015-05-10	0	2.03	31	10
2015-05-11	0	1.22	30	11
2015-05-12	0	6.44	32	10
2015-05-13	0	5.51	31	11
2015-05-14	3.6	4.63	31	11
2015-05-15	2.4	4.02	31	11
2015-05-16	14.4	3.21	32	12
2015-05-17	0	2.64	31	12
2015-05-18	0	1.81	30	11
2015-05-19	3.6	1.02	32	11
2015-05-20	0	2.36	30	12
2015-05-21	0	5.61	32	10
2015-05-22	0	4.81	32	11
2015-05-23	0	4.02	31	12
2015-05-24	0	3.14	30	11
2015-05-25	0	2.23	30	11
2015-05-26	0	1.42	30	10
2015-05-27	0	6.53	31	11
2015-05-28	0	5.61	30	11
2015-05-29	0.01	4.33	31	11
2015-05-30	0	3.93	30	10
2015-05-31	0.01	3.01	31	10
2015-06-01	0	2.24	31	10
2015-06-02	0	2.78	32	11
2015-06-03	0	6.01	30	12
2015-06-04	0	5.13	30	11
2015-06-05	0	4.34	31	10
2015-06-06	0	3.42	30	11
2015-06-07	0	2.53	31	11
2015-06-08	0	6.15	31	12
2015-06-09	0	6.42	32	11
2015-06-10	0	5.53	31	11
2015-06-11	0	4.64	33	10
2015-06-12	0	3.62	32	11
2015-06-13	0	2.74	31	11
2015-06-14	0.01	1.81	30	10
2015-06-15	0	1.02	30	10
2015-06-16	0	6.23	31	11
2015-06-17	9.4	5.32	31	11
2015-06-18	0	4.34	30	11
2015-06-19	8.1	3.51	30	10
2015-06-20	0	3.27	29	10
2015-06-21	0	2.33	30	10
2015-06-22	0	1.64	31	10
2015-06-23	0	6.71	31	11
2015-06-24	0	5.82	30	11
2015-06-25	0	5.01	30	10
2015-06-26	3.6	4.11	30	10
2015-06-27	0	3.53	31	10
2015-06-28	2.4	2.61	30	10
2015-06-29	0	1.61	30	10
2015-06-30	0	6.23	30	10
2015-07-01	0	6.73	31	10
2015-07-02	14.8	5.84	30	11
2015-07-03	0.01	4.43	30	11
2015-07-04	0	3.61	29	10
2015-07-05	0	2.94	29	10
2015-07-06	0	2.21	30	10
2015-07-07	0	1.43	30	11
2015-07-08	0	6.51	29	11
2015-07-09	0	5.82	29	10
2015-07-10	0	5.13	30	10
2015-07-11	0	4.74	30	10
2015-07-12	0	3.82	30	11
2015-07-13	0	3.01	29	10
2015-07-14	0	2.13	30	10
2015-07-15	0	2	31	11
2015-07-16	0	6.24	30	11
2015-07-17	0	5.32	30	11
2015-07-18	0.01	4.41	30	10
2015-07-19	0	3.61	29	10
2015-07-20	0	2.83	29	10
2015-07-21	0	2.01	29	10
2015-07-22	0.01	3.25	30	10
2015-07-23	0	6.44	30	11
2015-07-24	0	5.42	30	11
2015-07-25	0	4.61	29	10
2015-07-26	0	3.83	30	10
2015-07-27	0	2.91	31	10
2015-07-28	0	2.04	30	10
2015-07-29	0	1.02	30	10
2015-07-30	0	6.13	31	10
2015-07-31	0	5.11	30	10
2015-08-01	0	4.23	30	10
2015-08-02	0	3.32	30	10
2015-08-03	0	2.41	30	10
2015-08-04	0	1.52	31	11
2015-08-05	0	6.64	30	11
2015-08-06	0	5.73	30	11
2015-08-07	2.3	4.91	30	10
2015-08-08	0	4.03	30	10
2015-08-09	0	3.11	30	10
2015-08-10	0	2.24	30	10
2015-08-11	0	1.31	30	11
2015-08-12	0	6.81	30	11
2015-08-13	0	6.01	29	10
2015-08-14	0	5.14	30	10
2015-08-15	0	4.22	30	10
2015-08-16	0	3.91	30	10
2015-08-17	0	3.02	30	11
2015-08-18	16.6	2.94	30	10
2015-08-19	0	3.63	30	10
2015-08-20	0	2.81	30	10
2015-08-21	0	2.02	31	11
2015-08-22	0	10.3	30	11
2015-08-23	0	6.11	30	11
2015-08-24	0	5.22	29	10
2015-08-25	0	4.64	28	10
2015-08-26	0	3.92	28	10
2015-08-27	0	3.11	30	9
2015-08-28	0	2.31	30	10
2015-08-29	0	2.45	30	10
2015-08-30	17.6	6.33	30	10
2015-08-31	0	5.49	30	10
2015-09-01	14.4	7	30	9
2015-09-02	9.8	9.8	30	10
2015-09-03	0	6.89	30	11
2015-09-04	0	6.24	30	10
2015-09-05	0	5.41	30	10
2015-09-06	0	4.23	30	10
2015-09-07	0.01	3.93	29	10
2015-09-08	0	3.21	29	10
2015-09-09	0	2.54	30	9
2015-09-10	0	1.65	30	10
2015-09-11	0	7.7	31	10
2015-09-12	0	6.92	29	11
2015-09-13	0	6.11	30	10
2015-09-14	0.01	6.33	29	10
2015-09-15	10.5	6.4	29	10
2015-09-16	0.01	8.2	30	10
2015-09-17	0	4.03	29	10
2015-09-18	0	3.32	28	10
2015-09-19	0	2.62	29	10
2015-09-20	0	1.83	30	10
2015-09-21	0	1.01	30	10
2015-09-22	0	6.22	31	11
2015-09-23	0	5.04	29	11
2015-09-24	0	4.32	29	10
2015-09-25	0	3.51	30	10
2015-09-26	0	3.84	30	10
2015-09-27	0	2.01	30	10
2015-09-28	0	11.4	29	11
2015-09-29	0	6.32	29	10
2015-09-30	0	5.63	29	9
2015-10-01	0	4.82	21	10
2015-10-02	0	4.03	29	9
2015-10-03	0	3.24	30	10
2015-10-04	0	2.31	30	10
2015-10-05	0	1.63	29	11
2015-10-06	0	6.91	30	9
2015-10-07	0	6.12	30	10
2015-10-08	0	5.31	29	10
2015-10-09	0	4.62	29	10
2015-10-10	0	4.01	30	10
2015-10-11	0	3.23	28	10
2015-10-12	0	2.54	30	9
2015-10-13	0	7.25	30	11
2015-10-14	0	6.81	29	10
2015-10-15	0	6.03	29	10
2015-10-16	0	5.22	29	10
2015-10-17	0	4.33	30	9
2015-10-18	0	3.52	30	10
2015-10-19	0	3.74	28	10
2015-10-20	0	3.02	28	10
2015-10-21	63.7	1.21	30	10
2015-10-22	0	5.61	30	10
2015-10-23	0	4.92	31	10
2015-10-24	0	4.01	29	11
2015-10-25	0	3.34	28	10
2015-10-26	0.01	2.62	28	9
2015-10-27	17.2	1.93	29	9
2015-10-28	0.01	1.71	30	9
2015-10-29	0	1.79	30	10
2015-10-30	0	3.06	29	10
2015-10-31	0	3.15	29	10
2015-11-01	0	4.62	29	10
2015-11-02	0	3.73	29	10
2015-11-03	0	3.01	30	10
2015-11-04	0	2.23	29	10
2015-11-05	0	1.42	29	9
2015-11-06	0	6.71	30	10
2015-11-07	2.7	6.03	30	10
2015-11-08	0	5.54	28	10
2015-11-09	0	4.81	29	9
2015-11-10	0	4.03	30	10
2015-11-11	0	3.22	28	10
2015-11-12	0	2.51	27	9
2015-11-13	0	1.81	29	8
2015-11-14	0	11.3	28	10
2015-11-15	0	6.42	28	10
2015-11-16	0	5.74	29	9
2015-11-17	0	5.04	30	10
2015-11-18	0	4.21	27	10
2015-11-19	0	3.52	28	8
2015-11-20	0	2.83	28	9
2015-11-21	0	3.03	27	10
2015-11-22	0	4.25	29	10
2015-11-23	0	6.74	30	10
2015-11-24	0	6.04	30	10
2015-11-25	0	5.33	28	10
2015-11-26	0	4.72	29	9
2015-11-27	0	4.01	30	10
2015-11-28	0	3.21	28	10
2015-11-29	0	2.54	22	9
2015-11-30	0	1.83	22	9
2015-12-01	0	1.83	27	9
2015-12-02	0	1.11	27	8
2015-12-03	0	6.41	28	8
2015-12-04	0	5.72	28	8
2015-12-05	0	6.04	27	9
2015-12-06	0	5.42	27	9
2015-12-07	0	4.83	28	8
2015-12-08	0	4.14	27	9
2015-12-09	0	3.51	26	7
2015-12-10	0	3.01	26	6
2015-12-11	0	2.43	27	7
2015-12-12	0	1.84	26	7
2015-12-13	0	1.21	26	6
2015-12-14	0	6.52	27	6
2015-12-15	0	4.92	27	7
2015-12-16	0	4.31	26	7
2015-12-17	0	3.82	26	6
2015-12-18	0	3.21	26	6
2016-01-04	0	7	26	6
2016-01-05	0	6.54	26	6
2016-01-06	0	6.01	27	5
2016-01-07	0	6.41	26	6
2016-01-08	0	5.83	26	6
2016-01-09	0	5.22	26	5
2016-01-10	0	4.71	25	5
2016-01-11	0	4.21	25	4
2016-01-12	0	3.73	25	5
2016-01-13	0	3.24	25	5
2016-01-14	0	2.61	26	6
2016-01-15	0	2.03	25	6
2016-01-16	0	1.51	24	5
2016-01-17	0	10.4	24	4
2016-01-18	0	6.62	23	5
2016-01-19	0	6.13	24	4
2016-01-20	0	5.61	25	5
2016-01-21	0	5.42	26	5
2016-01-22	0	4.83	24	6
2016-01-23	0	4.31	24	4
2016-01-24	0	3.82	25	3
2016-01-25	0	3.33	25	5
2016-01-26	0	2.74	26	5
2016-01-27	0	2.12	25	6
2016-01-28	0	1.51	26	6
2016-01-29	0	10.38	25	6
2016-01-30	0	6.51	26	5
2016-01-31	0	5.92	26	6
2016-02-01	0	5.34	26	6
2016-02-02	0	4.71	26	6
2016-02-03	0	4.23	26	5
2016-02-04	0	3.62	26	5
2016-02-05	0	3.11	25	6
2016-02-06	0	2.64	23	5
2016-02-07	0	2.21	25	4
2016-02-08	0	1.83	25	4
2016-02-09	0	1.32	25	5
2016-02-10	0	3.48	26	5
2016-02-11	0	2.3	26	6
2016-02-12	0	5.61	24	6
2016-02-13	0	5.12	26	4
2016-02-14	0	4.63	26	5
2016-02-15	0	4.01	26	6
2016-02-16	0	3.52	26	6
2016-02-17	0	3.04	27	7
2016-02-18	0	2.43	26	7
2016-02-19	0	1.91	26	6
2016-02-20	0	1.42	26	6
2016-02-21	0	6.84	27	6
2016-02-22	0	6.61	24	6
2016-02-23	0	5.72	26	4
2016-02-24	0	5.23	27	6
2016-02-25	0	4.63	26	7
2016-02-26	0	4.02	26	7
2016-02-27	0	3.91	26	6
2016-02-28	0	3.34	27	6
2016-02-29	0	2.72	27	6
2016-03-01	0	11.61	27	6
2016-03-02	0	10.2	28	7
2016-03-03	0	6.33	26	7
2016-03-04	0	5.71	27	6
2016-03-05	0	5.04	27	6
2016-03-06	0	4.42	26	7
2016-03-07	0	3.82	26	6
2016-03-08	0.01	3.22	25	6
2016-03-09	0	2.71	25	4
2016-03-10	0	2.12	26	4
2016-03-11	0	1.53	26	6
2016-03-12	0	6.92	26	6
2016-03-13	0	6.23	27	6
2016-03-14	0	2.64	27	7
2016-03-15	0	2.01	27	6
2016-03-16	0	1.42	28	7
2016-03-17	0	6.43	27	8
2016-03-18	0	5.61	27	7
2016-03-19	0	5.03	26	7
2016-03-20	0	4.82	27	6
2016-03-21	0	3.72	28	7
2016-03-22	0.01	3.04	27	8
2016-03-23	0.01	2.41	27	8
2016-03-24	0.01	1.73	27	7
2016-03-25	0	1.01	28	7
2016-03-26	0	2.15	27	8
2016-03-27	0	4.25	28	7
2016-03-28	0	4.62	29	8
2016-03-29	0	3.83	30	9
2016-03-30	0	3.04	29	9
2016-03-31	0	2.15	28	8
2016-04-01	0	3.25	29	8
2016-04-02	0	7.1	30	8
2016-04-03	0	5.82	30	9
2016-04-04	0	5.01	29	9
2016-04-05	0	4.23	30	8
2016-04-06	0	3.34	30	9
2016-04-07	0	3.21	32	10
2016-04-08	0	2.22	33	11
2016-04-09	0	2.04	31	11
2016-04-10	0	3.15	31	10
2016-04-11	0	5.32	32	10
2016-04-12	0	4.33	32	11
2016-04-13	0	3.25	30	11
2016-04-14	0	2.44	30	10
2016-04-15	0	6.3	31	11
2016-04-16	0	6.81	32	11
2016-04-17	0	5.73	32	12
2016-04-18	0	4.74	31	12
2016-04-19	0.01	3.91	32	11
2016-04-20	4.7	3.28	30	12
2016-04-21	0	3.67	30	11
2016-04-22	8.4	5.35	31	11
2016-04-23	0	3.21	31	11
2016-04-24	0	6.34	30	12
2016-04-25	0	5.42	30	11
2016-04-26	0	4.31	33	11
2016-04-27	0	3.13	32	12
2016-04-28	0	2.01	32	11
2016-04-29	0	9.25	33	11
2016-04-30	0	6.84	33	12
2016-05-01	0	6.84	33	12
2016-05-02	0	5.72	31	12
2016-05-03	0	4.91	30	11
2016-05-04	0	4.13	30	10
2016-05-05	0	3.12	31	11
2016-05-06	0	2.01	32	12
2016-05-07	0	9.2	33	12
2016-05-08	0.01	5.34	32	13
2016-05-09	0	4.21	32	11
2016-05-10	0.01	3.93	32	11
2016-05-11	0	2.81	32	12
