COMISIÓN NACIONAL DEL AGUA
COORDINACIÓN GENERAL DEL SERVICIO METEOROLÓGICO NACIONAL
BASE DE DATOS CLIMATOLÓGICA NACIONAL 

REGISTRO DIARIO HISTÓRICO
EMISIÓN   : 11/09/2026 

DATOS DISPONIBLES EN LA BASE DE DATOS A: SEPTEMBER DE 2026; 
CON LA INFORMACIÓN SUMINISTRADA POR LAS UNIDADES ADMINISTRATIVAS 

 ESTACIÓN   : 13140 
 NOMBRE     : JALTOCAN 
 ESTADO     : HIDALGO 
 MUNICIPIO  : JALTOCÁN 
 SITUACIÓN  : SUSPENDIDA 
 U. ADMNVA. : DIRECCIÓN LOCAL HIDALGO 
 CVE-OMM    :   
 LATITUD    : 21.13361111 ° 
 LONGITUD   : -98.53944444 ° 
 ALTITUD    : 216 msnm 




FECHA		PRECIP	EVAP	TMAX	TMIN
		(mm)	(mm)	(°C )	(°C)
1982-01-01	0	0.7	26	18
1982-01-02	0	5.7	31	17
1982-01-03	0	2.3	32	16
1982-01-04	0	2.3	23	17
1982-01-05	0	1.9	25	11
1982-01-06	0	2.3	29	12
1982-01-07	23.8	3.3	29	13
1982-01-08	0	0.6	15.5	12
1982-01-09	0	0.8	21	9.5
1982-01-10	13.6	2.1	25.5	10
1982-01-11	1.3	1.1	13	11
1982-01-12	0	2.2	25	9
1982-01-13	3.5	2.7	29	11
1982-01-14	0	1.2	15	7
1982-01-15	0	1.5	23	6
1982-01-16	2.7	3	25	9
1982-01-17	1.3	1.1	17	13
1982-01-18	0	0.8	28	12
1982-01-19	0	1	29	14
1982-01-20	0	1.2	29	18
1982-01-21	0	2	28	21
1982-01-22	0	2	30	20
1982-01-23	1	0.7	22	19
1982-01-24	0	0.3	26	16
1982-01-25	0	2.6	29.5	17
1982-01-26	0	2.5	26	17
1982-01-27	0	2.2	27	13
1982-01-28	0	2.6	29	14.5
1982-01-29	0	1.6	27	17
1982-01-30	0	2.5	30	18
1982-01-31	0	3.1	22	17
1982-02-01	0	2.1	24	11
1982-02-02	0	3.6	30	12
1982-02-03	1	0.3	18.1	13
1982-02-04	0	1	19.5	14
1982-02-05	3.4	3.7	28	14
1982-02-06	6.5	0.5	13	12
1982-02-07	0	1.2	15	6
1982-02-08	0	2.4	21	6
1982-02-09	0	3.7	29	10
1982-02-10	0	1.7	26	14.5
1982-02-11	0	1	26	13
1982-02-12	18	2.8	25	17
1982-02-13	10	1.2	16.1	16
1982-02-14	0	0.6	18	13
1982-02-15	0	3.1	30	14
1982-02-16	0	2.6	30	15
1982-02-17	0	2.6	28.5	15
1982-02-18	0	1.5	26	17
1982-02-19	0	1.3	28	18
1982-02-20	25.3	3.7	29	18.5
1982-02-21	3.7	0.8	20	19
1982-02-22	0	2.9	28	18
1982-02-23	0	2.3	27.5	17
1982-02-24	0	2.1	29	18
1982-02-25	10.2	2.4	28	19
1982-02-26	16.3	2.4	17	15
1982-02-27	3.5	1.8	12.5	11
1982-02-28	1.4	0.9	20	11
1982-03-01	3.1	0.3	17	12
1982-03-02	0	2.8	26	13
1982-03-03	0	3.7	30.5	13
1982-03-04	0	2.8	32	14
1982-03-05	0	4.6	33	18
1982-03-06	15.1	4.1	22	19
1982-03-07	0	2.1	20	10
1982-03-08	0	3.2	22	8
1982-03-09	0	3.6	26	9
1982-03-10	0	1.9	27	12
1982-03-11	0	3.8	29	17
1982-03-12	0	3.8	30	17
1982-03-13	0	3.3	30.5	19
1982-03-14	0	4.1	32	22
1982-03-15	0	4.1	33	22
1982-03-16	0	4.3	35	22
1982-03-17	0	2.2	30	23
1982-03-18	0	1.5	32	22.5
1982-03-19	0	2.1	32	18
1982-03-20	0	4.1	33	20
1982-03-21	0	4.1	34	22
1982-03-22	75.5	3.5	30.5	22
1982-03-23	2	1.1	26	21
1982-03-24	0	3.5	32	20
1982-03-26	30	2.2	24	23
1982-03-27	7.7	2.7	30	20
1982-03-29	0	3	27.5	17
1982-03-30	0	2.7	32	18
1982-03-31	0	4.8	33	20
1982-05-01	47.5	4.7	25	21
1982-05-02	1.8	0.5	23.5	20
1982-05-03	0	1.3	27	20
1982-05-04	0	2.1	30	21
1982-05-05	0	2.7	31	22
1982-05-06	0	2.5	30	22
1982-05-07	18.7	2.7	28	23
1982-05-08	0	1.1	27	20
1982-05-09	0	2.9	31	20
1982-05-10	0	3.8	33	23
1982-05-11	0	2.8	33	25
1982-05-12	0	2.5	33.5	25
1982-05-13	0	3.9	35	24
1982-05-14	67	3.1	34	25
1982-05-15	0	3.4	32	21
1982-05-16	4.4	4	32.5	23
1982-05-17	23.8	4	33	22
1982-05-18	0	2.9	29.5	21
1982-05-19	0	3	31.5	22
1982-05-20	8.8	4.4	33	23
1982-05-21	28.4	2.3	25.5	24
1982-05-22	1.5	1	26	22
1982-05-23	0	0.8	29	22
1982-05-24	0	2	30.5	24
1982-05-25	0	1.9	33	24
1982-05-26	0	1.7	33	25
1982-05-27	0	2.5	33	25
1982-05-28	2.2	2.5	34	25
1982-05-29	0	3.7	34	26
1982-05-30	6.2	3.3	33	27
1982-05-31	0	4.6	36	26
1982-06-01	0	5	36	25.5
1982-06-02	0	5	36	25
1982-06-03	0	4.8	36	25
1982-06-04	0	3.2	34	25
1982-06-05	0	4.6	36	24
1982-06-06	0	2.3	33	25
1982-06-07	0	4.1	35	26
1982-06-08	0	5	35	24
1982-06-09	0	4.1	35	23
1982-06-10	0	5	37	25
1982-06-11	0	4.1	35	23
1982-06-12	0	5.4	36	23
1982-06-13	0	3.5	35.5	23
1982-06-14	0	5.7	36	23
1982-06-15	0	5.5	36	23
1982-06-16	0	4.9	36	25
1982-06-17	0	5.6	37	25
1982-06-18	0	5.6	37	25
1982-06-19	0	6.3	38	25
1982-06-20	0	5.4	36	25
1982-06-21	0	6	38	23
1982-06-22	0	5.4	37	24
1982-06-23	0	3.9	37	25
1982-06-24	0	7.2	37	24
1982-06-25	0	4.9	37.5	24
1982-06-26	0	5.5	38	25
1982-06-27	0	6.1	37	25.5
1982-06-28	0	3.7	35.5	23
1982-06-29	0	2.8	35	23
1982-06-30	3.4	2.3	28	24
1982-07-01	2.2	2.5	32	23
1982-07-02	0	2.5	32	23
1982-07-03	0	3.8	35	22.5
1982-07-04	0	5.2	34	24
1982-07-05	0	4.9	34	24
1982-07-06	0	5.8	36	24
1982-07-07	0	3.9	35	22.5
1982-07-08	0	4.7	34	22
1982-07-09	0	6.3	36	23
1982-07-10	0	4.8	36	23
1982-07-11	0	6.1	36	23
1982-07-12	0	4.7	35	22
1982-07-13	0	4.5	36	22
1982-07-14	0	3.4	35	22
1982-07-15	0	5.5	36	22
1982-07-16	0	4.7	33	22
1982-07-17	3.2	3.9	30	22
1982-07-18	0	1.5	32	23
1982-07-19	1.3	4.6	34	23
1982-07-20	0	3.5	35	22
1982-07-21	0	4.2	36	23
1982-07-22	0	3.8	35.5	22
1982-07-23	2.3	3.7	34	21
1982-07-24	0	3.6	34	20
1982-07-25	8	4.2	35	21.5
1982-07-26	4.2	2.8	33	21
1982-07-27	0	5.6	33	21
1982-07-28	0	6.3	36	21
1982-07-29	0	6.1	37	20.5
1982-07-30	0	5.7	35	23
1982-07-31	0	2.7	35	22
1982-08-01	0	6.7	37	22
1982-08-02	0	4.7	36	23
1982-08-03	0	4.9	35	23
1982-08-04	0	2.9	35	23
1982-08-05	0	6.3	37	21
1982-08-06	0	6.4	37	23.5
1982-08-07	0	6.3	38	23
1982-08-08	0	6.4	38	22
1982-08-09	0	3.1	36	25
1982-08-10	0	4.4	36	23
1982-08-11	5.1	4.8	36	23
1982-08-12	0	4.4	36	21
1982-08-13	0	5.1	36	21
1982-08-14	0	3	36	22
1982-08-15	0	7.8	37	23
1982-08-16	0	7.5	36.5	23
1982-08-17	0	8.3	36.5	22
1982-08-18	0	6.6	35	22
1982-08-19	0	4.3	36	23
1982-08-20	0	4.3	36	23
1982-08-21	31.5	6.3	32.5	23
1982-08-22	1	3.1	33.5	23
1982-08-23	7.8	3.9	35	22
1982-08-24	0	4.4	35.5	20
1982-08-25	0	3.6	36.5	21
1982-08-26	0	7.2	37.5	23
1982-08-27	0	6.1	38	22
1982-08-28	0.1	2.6	35	22
1982-08-29	1	3.2	35	23
1982-08-30	15	1.8	34	22
1982-08-31	0	3.6	34.5	21
1982-09-01	0	3.1	35.5	20
1982-09-02	0	5	35	20.5
1982-09-03	0	4.6	36.5	23
1982-09-04	5.3	4.4	34	22
1982-09-05	0	4.3	36	21
1982-09-06	0.3	4.6	34.5	21.5
1982-09-07	0	3.3	36	21
1982-09-08	0.7	3.4	35	21
1982-09-09	0	5	36	21
1982-09-10	0	4.4	37	21
1982-09-11	0	6	37.5	21.5
1982-09-12	8	5.4	38.5	22
1982-09-13	2.5	1.4	33	22
1982-09-14	0	4.4	33	22
1982-09-15	0	3.2	34.5	21
1982-09-16	3.1	3.3	33.5	21
1982-09-17	2	1.8	31.5	20
1982-09-18	3.2	2.4	31.5	21
1982-09-19	7.6	2	31.5	20.5
1982-09-20	3	2.5	32	20
1982-09-21	76.8	3.7	30.5	21
1982-09-22	30	2	23.1	21.5
1982-09-23	0	2.7	31	18
1982-09-24	0	3.7	33	18.5
1982-09-25	0	2	35	20
1982-09-26	0	2.5	34	19.5
1982-09-27	0	1.5	33.5	17.5
1982-09-28	0	4.3	34	19
1982-09-29	0	3.5	33.5	19
1982-09-30	0	3.3	33.5	20
1982-10-01	0	3.3	35	21.5
1982-10-02	0	4.4	34.5	22
1982-10-03	0	4.2	34.5	22
1982-10-04	0	1.6	33.5	22.5
1982-10-05	0	4.2	34	21.5
1982-10-06	7.6	2.3	33.5	22
1982-10-07	4.3	4.3	33.5	22
1982-10-08	6.2	4	34	23
1982-10-09	55	6.2	35.5	24
1982-10-10	38.2	2.5	29.5	21
1982-10-11	4.1	1	25	20
1982-10-12	17.6	2.8	27	20
1982-10-13	1.8	4.3	19.5	17
1982-10-14	0	1.1	22	16.5
1982-10-15	4.7	0.7	24.5	17
1982-10-16	0	1	27.5	18
1982-10-17	0	3	29.5	19
1982-10-18	0	2.1	30	18.5
1982-10-19	6	3.3	30.5	18
1982-10-20	10.1	2.3	28.5	18.5
1982-10-21	25.6	2	27.5	20
1982-10-22	15.2	2.9	27	17.5
1982-10-23	5	6.9	26.5	17
1982-10-24	0	1.7	25	18
1982-10-25	0	1.5	22	17
1982-10-26	0	2.5	26	13.5
1982-10-27	0	2.6	28	15
1982-10-28	0	2.3	29	14
1982-10-29	0	2.5	30.5	15
1982-10-30	0	1.6	31	16.5
1982-10-31	0	3.6	31.5	18.5
1982-11-01	0	2.1	32.5	20
1982-11-02	0	2.8	32.5	19
1982-11-03	1	1.9	27	20
1982-11-04	0	1.8	19.5	11.5
1982-11-05	0	2.3	26	9
1982-11-06	0	3.2	27	10
1982-11-07	0	2.3	27	12
1982-11-08	0	3.2	28.5	15
1982-11-09	0	1.8	28.5	14.5
1982-11-10	0	3.9	29.5	15
1982-11-11	0	2.6	30	15.5
1982-11-12	8.5	1.2	27.5	16
1982-11-13	0	1	19.5	15
1982-11-14	11.6	2.2	29	15
1982-11-15	1.1	0.9	16.5	14.5
1982-11-16	5.2	1.4	26.5	13
1982-11-17	0	1.8	30	13
1982-11-18	0	2.7	30.5	17
1982-11-19	0	1.6	30	19
1982-11-20	0	1.4	31	17.5
1982-11-21	0	1.5	31	18
1982-11-22	0	2.9	29.5	18.5
1982-11-23	0	1.2	31	20
1982-11-24	32.3	1.6	24	20
1982-11-25	0.3	0.2	18	11.5
1982-11-26	0.5	0.7	20	12
1982-11-27	3.4	1.3	19	14
1982-11-28	1.7	0.6	22.5	12
1982-11-29	0	1	27	13
1982-11-30	0	2	29	17
1982-12-01	0	2	28.5	19
1982-12-02	0	2.2	27.5	18.5
1982-12-03	0	2.6	23	20
1982-12-04	0	1.8	24	15
1982-12-05	1	3.7	27.5	13
1982-12-06	7.3	0.7	20.1	14
1982-12-07	2.7	0.9	24	15
1982-12-08	7.5	0.6	20.5	16
1982-12-09	2.4	0.7	21	17
1982-12-10	0	1	21	14
1982-12-11	13	1.2	22	14.5
1982-12-12	5	0.9	12	10.5
1982-12-13	0	1.7	18	9.5
1982-12-14	0.3	0.6	20	10
1982-12-15	0	1.3	22.5	11.5
1982-12-16	0	1.2	21	13
1982-12-17	0	2.8	25	10
1982-12-18	0	2.3	27	10
1982-12-19	0	2.5	26.5	10
1982-12-20	0	1.6	27	10
1982-12-21	0	3.3	28	10
1982-12-22	0	1.6	27.5	10.5
1982-12-23	0	3.5	28	11
1982-12-24	0	2.3	30.5	10.5
1982-12-25	0	1.6	25.5	11
1982-12-26	0	1	19.5	13
1982-12-27	1	1.9	20.5	13.5
1982-12-28	0.6	1.3	21	14
1982-12-29	5.8	1.1	15	13
1982-12-30	0	0.6	14	8.5
1982-12-31	0.2	0.9	21	9
1983-01-01	8	1.2	15	11
1983-01-02	0	0.9	15.5	10
1983-01-03	0	0.7	13.5	10
1983-01-04	0	0.8	16	9
1983-01-05	2	0.6	20	10
1983-01-06	0	1	19.5	10
1983-01-07	0	2.2	25.5	12
1983-01-08	4.5	2.2	26.5	14
1983-01-09	5.6	0.3	19	14.5
1983-01-10	2.5	0.4	21.5	15
1983-01-11	17.1	0.8	17.5	15
1983-01-12	20	1.8	17.5	14
1983-01-13	0	1.3	20	14
1983-01-14	0	1.8	22.5	13
1983-01-15	10.1	1.7	18	14
1983-01-16	6	0.2	12.5	9
1983-01-17	0	1.2	21	9
1983-01-18	10.5	0.6	17.5	10
1983-01-19	3.5	1.9	22	12
1983-01-20	0	0.6	21	12
1983-01-21	5	2.2	22	13
1983-01-22	0	1.3	19	11
1983-01-23	0	2.5	23	11
1983-01-24	0	3.1	25.5	11.5
1983-01-25	0	2.9	26	10
1983-01-26	0	3.4	25	10
1983-01-27	0	3.8	24	10.5
1983-01-28	0	2.4	26	9
1983-01-29	0.1	2.9	29.5	9
1983-01-30	0	0.9	25.5	11
1983-01-31	0	3.4	29.5	12
1983-02-01	0	2.7	22.5	10
1983-02-02	9	2.6	26	12
1983-02-03	6.5	1	20	12
1983-02-04	10.6	1.1	25.5	13
1983-02-05	9.5	2.5	26	12
1983-02-06	2	3.1	20	12
1983-02-07	0	0.9	16.5	10
1983-02-08	0	1	23	11
1983-02-09	0	1.8	29	12
1983-02-10	0	4.9	28	11
1983-02-11	6	1.4	20	13
1983-02-12	0	3.2	20.5	11
1983-02-13	0	3.6	24	10
1983-02-14	0	2.6	27	10
1983-02-15	0	3.5	26	7
1983-02-16	0	3.9	24	10
1983-02-17	2	4.1	23	8.5
1983-02-18	0	2.1	24.5	9
1983-02-19	0	3.1	30	9.5
1983-02-20	0	4.1	30	10
1983-02-21	0	5.1	26.5	10.5
1983-02-22	0	2.7	23.5	10
1983-02-23	0	2.2	25	10
1983-02-24	0	4	28	11
1983-02-25	0	2.5	23	12
1983-02-26	0	4.4	25.5	10
1983-02-27	0	2.5	24	10
1983-02-28	0	2.1	26.5	11
1983-03-01	0	4.8	29	12
1983-03-02	0	3	28	13
1983-03-03	0	4.8	35	14
1983-03-04	0	6.1	39	13.5
1983-03-05	0	5.6	33	15
1983-03-06	0	4.6	33	14
1983-03-07	0	4.6	31	15
1983-03-08	0	6.4	32	15
1983-03-09	5	4.1	30.5	14
1983-03-10	17	0.9	20	14
1983-03-11	25	0.1	20.5	14
1983-03-12	15	0.6	20.5	14.5
1983-03-13	0	2.4	25	15
1983-03-14	0	5.3	33	15.5
1983-03-15	0	6.3	34.5	14
1983-03-16	0	6	31.5	13.5
1983-03-17	0	5.7	30.5	14
1983-03-18	0	3.5	30	12
1983-03-19	0	5.8	35	14
1983-03-20	0	3.4	29	15
1983-03-21	5	0.8	20	16
1983-03-22	0	3.4	27	15
1983-03-23	0	5.1	34	13.5
1983-03-24	0	2.2	26	14
1983-03-25	0	4.2	30.5	16.5
1983-03-26	7	6.3	39	14.5
1983-03-27	0	3.5	28	15
1983-03-28	0	4.1	29.5	15
1983-03-29	0	4.1	32	15
1983-03-30	0	5.6	33	16
1983-03-31	0	5.3	33.5	20
1983-04-01	2.1	8	38.5	18
1983-04-02	0	6.2	27.5	17
1983-04-03	0	4.6	30.5	12
1983-04-04	0	7.3	38.5	13
1983-04-05	0	7.3	38	15
1983-04-06	6	1.7	30	17
1983-04-07	1	1.6	27.5	17
1983-04-08	9	2.4	26.5	17
1983-04-09	3.5	0.6	17	13
1983-04-10	0.5	2.4	27	14
1983-04-11	0	5.1	28.5	13.5
1983-04-12	0	6.8	36	13.5
1983-04-13	0	5.9	37	17
1983-04-14	0	2.5	29.5	18
1983-04-15	0	3.2	28	17
1983-04-16	0	4.4	19	15
1983-04-17	3.3	4.7	26	15
1983-04-18	0	6.1	32.5	14.5
1983-04-19	0	5.3	37	15
1983-04-20	0	7.3	35.5	17
1983-04-21	0	5.2	37	20
1983-04-22	0	6.5	41	20.5
1983-04-23	0	6.2	36.5	20
1983-04-24	0	5	32	16
1983-04-25	0	7	31	17.5
1983-04-26	0	5.7	32.5	20
1983-04-27	1.9	6.4	36	20
1983-04-28	0	5.3	35.5	20
1983-04-29	1.3	4.9	36	20
1983-04-30	0	4.6	36.5	19.5
1983-05-01	0	6.3	37	21
1983-05-02	0	7.4	40	22
1983-05-03	0	6.3	33	20
1983-05-04	0	5.5	31.5	18
1983-05-05	0	5.3	34	15
1983-05-06	0	5.2	35	18
1983-05-07	0	6	36.5	20
1983-05-08	0	6.5	35	24.5
1983-05-09	0	4.2	33	22
1983-05-10	0	5.3	35	23
1983-05-11	0	4	36.5	23.5
1983-05-12	0	4.3	36.5	24
1983-05-13	0	4.6	36	24
1983-05-14	0	5.3	38	24
1983-05-15	7	6.9	38	25
1983-05-16	0	4.2	32	23
1983-05-17	0	6.1	35.5	22
1983-05-18	0	6.1	37.5	24
1983-05-19	0	5.7	37	25
1983-05-20	0	6.2	39.5	25
1983-05-21	0	7.8	38	26
1983-05-22	5	4.3	35	25
1983-05-23	0	4.8	35	24.5
1983-05-24	0	5.6	34.5	23.5
1983-05-25	0	5.4	35	23
1983-05-26	35	2.6	29.5	21.5
1983-05-27	3	0.9	23.5	20
1983-05-28	6	4.3	30.5	20
1983-05-29	4	4.2	30	20
1983-05-30	0	5.1	31	20
1983-05-31	0	5.6	35	19.5
1983-06-01	41.5	5.3	33	23
1983-06-02	0	5	35	22.5
1983-06-03	0	5.1	37	23
1983-06-04	0	6.5	36.5	25
1983-06-05	0	5.5	37	23
1983-06-06	1.7	7.3	38	25
1983-06-07	9.5	1.8	25	19
1983-06-08	8.4	1.1	33	20
1983-06-09	1.5	6.9	34	22
1983-06-10	0	5.8	33.5	20
1983-06-11	0	6	36.5	20
1983-06-12	0	5.3	34.5	21
1983-06-13	1.8	4.2	38	21
1983-06-14	0	6.8	35	22
1983-06-15	0	5.5	35	25
1983-06-16	0	7.7	36	22
1983-06-17	0	6.3	38	20
1983-06-18	0	6.5	38	21
1983-06-19	0	4.9	35.5	21.5
1983-06-20	0	4.9	36	23
1983-06-21	0	7.2	35	23
1983-06-22	0	6.8	36	23
1983-06-23	0	7.3	37	24
1983-06-24	0	6.9	39	25
1983-06-25	0	6.5	37.5	24
1983-06-26	0	7.5	39	24
1983-06-27	0	7.4	40	24.5
1983-06-28	0	7.6	39	25
1983-06-29	0	6.8	38	25
1983-06-30	0	6.4	37	25.5
1983-08-01	0	4.4	33	22.5
1983-08-02	2.7	4.6	32.5	22
1983-08-03	10.8	4	32.5	21.5
1983-08-04	11	2	31.5	22
1983-08-05	18	1.5	28.5	21.5
1983-08-06	8.7	0.6	26.5	21.5
1983-08-07	0	2.9	32	23
1983-08-08	0	4.5	33	22.5
1983-08-09	3.5	4.8	33	23
1983-08-10	19	7.2	34.5	22.5
1983-08-11	21	2.5	31.5	23
1983-08-12	6	3.5	32	22.5
1983-08-13	0	4.3	34.5	21.5
1983-08-14	1	3.8	33	23.5
1983-08-15	0	3.2	32.5	22
1983-08-16	0	5.8	33	22
1983-08-17	3	5.5	34	22
1983-08-18	0	5.4	35	22
1983-08-19	0	5	34.5	23.5
1983-08-20	0	5.8	34	23.5
1983-08-21	0	5.5	34	22
1983-08-22	2.5	2.8	33	22
1983-08-23	1.3	4	31	22.5
1983-08-24	0	3.9	33	22
1983-08-25	3	3.1	32	21.5
1983-08-26	0	4.7	33	21.5
1983-08-27	2.2	5.7	34	21
1983-08-28	1.2	5.1	34	20
1983-08-29	2.8	4	34	21
1983-08-30	1.8	5.7	34.5	21
1983-08-31	0	5	34.5	21
1983-10-01	11	3.2	31	21.5
1983-10-02	0	3.3	31	21
1983-10-03	0	2.7	32.5	21.5
1983-10-04	0	4.3	33	22.5
1983-10-05	0	2.9	32.5	22.5
1983-10-06	0	4.2	33.5	20
1983-10-07	0	2.5	34	20.5
1983-10-08	0	3.7	33	21
1983-10-09	1.8	2.6	32	22
1983-10-10	10.3	3	30	21
1983-10-11	0	3.4	32	20
1983-10-12	28.8	2.4	28.5	20
1983-10-13	0	2.5	25	18.5
1983-10-14	0	1.6	28.5	18
1983-10-15	0	2.5	29.5	17.5
1983-10-16	1.8	1.5	31	21
1983-10-17	2.4	2.6	31	22.5
1983-10-18	0	1.8	31.5	22
1983-10-19	0	2.5	31.5	22
1983-10-20	0	2.2	33	23.5
1983-10-21	14.5	2.2	32.5	23.5
1983-10-22	2.7	1.2	24.5	20.5
1983-10-23	0	2.1	28.5	20.5
1983-10-24	0	2.6	30.5	19
1983-10-25	16.8	3.4	28.5	20
1983-10-26	0	3	27	19
1983-10-27	0	1.4	22	15
1983-10-28	0	1.4	25.5	15.5
1983-10-29	0	1.6	29.5	15
1983-10-30	0.2	0.9	25.5	16
1983-10-31	0	1.3	27.5	20
1983-11-01	1.6	3.1	30.5	20
1983-11-02	0	2.2	30.5	18.5
1983-11-03	0	2.3	30.5	19
1983-11-04	0	2.8	30.5	19.5
1983-11-05	0	3.8	32.5	20.5
1983-11-06	4.5	2	33	21.5
1983-11-07	3.5	2.1	31.5	20
1983-11-08	28.5	1.9	28.5	21.5
1983-11-09	13.5	2.5	31	20.5
1983-11-10	0	1.5	25	16.5
1983-11-11	0	1.5	24	17
1983-11-12	0	2.4	28.5	15.5
1983-11-13	0	2.5	31	17
1983-11-14	0	2.3	31.5	17
1983-11-15	16.5	2.5	29.5	18
1983-11-16	0	10.6	23.5	16
1983-11-17	0	2.1	27.5	17
1983-11-18	0	1.3	26.5	17
1983-11-19	0	1.7	30.5	16
1983-11-20	0	2.3	26.5	17
1983-11-21	0	2.2	30	15.5
1983-11-22	0	2.4	33	18.5
1983-11-23	0	2.4	30.5	18.5
1983-11-24	0	1.1	22.5	18
1983-11-25	0	0.8	22	17
1983-11-26	0	1.8	29	15
1983-11-27	0	1.4	24	15.5
1983-11-28	6	0.7	21.5	16.5
1983-11-29	0	0.7	22	18
1983-11-30	0	1.8	30	17.5
1983-12-01	7.5	0.43	25	18
1983-12-02	0	1.13	27	21
1983-12-03	0	1.45	30.5	19.5
1983-12-04	0	0.33	29	18.5
1983-12-05	0	2.09	29.5	19.5
1983-12-06	4.5	2.25	22.5	17
1983-12-07	0	0.53	20.5	15
1983-12-08	0	0.74	25	15.5
1983-12-09	0	1.77	30	17
1983-12-10	0	1.89	31	16
1983-12-11	0	3.1	30	16
1983-12-12	0	1.57	29	17
1983-12-13	0	2.45	29	13
1983-12-14	10.5	2.51	29.5	10.5
1983-12-15	1	1.14	20	12
1983-12-16	21.5	1.36	28	18
1983-12-17	2.5	0.65	18	13.5
1983-12-18	4	2.01	21.5	13.5
1983-12-19	1	1.03	13	11
1983-12-20	0	0.81	19	11
1983-12-21	0	2.96	29	11
1983-12-22	4.5	0.75	19	15
1983-12-23	3	2.77	23.5	11.5
1983-12-24	14.5	1.28	25.5	12.5
1983-12-25	0	0.44	6	-0.5
1983-12-26	0	1.05	18	1.5
1983-12-27	0	1.56	25	2.5
1983-12-28	4.5	3.34	37.5	8.5
1983-12-29	0	1.04	8	7
1983-12-30	0	0.96	11	5
1983-12-31	0	1.11	21	5
1984-01-01	0	1.92	22.5	8
1984-01-02	11	1.3	20	9
1984-01-03	26	0.62	19	10
1984-01-04	0	1.12	18.5	13.5
1984-01-05	0	1.61	24.5	12.5
1984-01-06	0	1.17	28	13
1984-01-07	0	2.44	25.5	10
1984-01-08	0.5	1.42	23	12
1984-01-09	3	3.49	29.5	16
1984-01-10	21	1.02	17	15.5
1984-01-11	4.5	1.52	14	9
1984-01-12	0	1.84	25	7.5
1984-01-13	0	0.65	16.5	7
1984-01-14	0	1.3	19	13
1984-01-15	0	0.77	15	12
1984-01-16	0	1.41	21	12
1984-01-17	0	1.05	20	13.5
1984-01-18	9	1.75	17.5	13.5
1984-01-19	1	0.34	11.5	8.5
1984-01-20	6.5	0.43	16	8.5
1984-01-21	0	1.66	10	5.5
1984-01-22	0	1.28	21.5	5.5
1984-01-23	0	1.07	26.5	9.5
1984-01-24	4	1.31	24	10.5
1984-01-25	21	1.08	19	12
1984-01-26	0	1.89	22.5	13.5
1984-01-27	0	2.44	22.5	12.5
1984-01-28	0	1.12	24.5	15
1984-01-29	0	1.37	24.5	17
1984-01-30	28	1.01	20.5	18
1984-01-31	2.3	1.17	13	11
1984-02-01	0	0.65	17	10
1984-02-02	0	3.17	27	10.5
1984-02-03	1.5	1.09	20	13
1984-02-04	9.5	3.46	25	15
1984-02-05	19	2.14	16	14
1984-02-06	8.5	0.6	14	11
1984-02-07	0.5	1.07	17	10.5
1984-02-08	0	1.35	24	10.5
1984-02-09	0	1.31	23.5	11
1984-02-10	0	2.38	28	14.5
1984-02-11	0	3.64	27	15.5
1984-02-12	0	0.68	30	16
1984-02-13	0	4.42	29.5	16
1984-02-14	0	3.05	28	12
1984-02-15	0	2.56	29	13
1984-02-16	0	1.45	28.5	16
1984-02-17	0	4.86	29	16
1984-02-18	0	1.36	28.5	18
1984-02-19	2.5	1.59	26.5	19
1984-02-20	9	0.84	17	16.5
1984-02-21	0	1.9	16.5	8.5
1984-02-22	0	1.97	24	9
1984-02-23	0	2.98	28	9.5
1984-02-24	0	1.79	26	10.5
1984-02-25	0	2.17	27	15
1984-02-26	0	4.25	34.5	16
1984-02-27	0	3.67	21.5	16
1984-02-28	2	1.22	22	11
1984-02-29	1.3	1.05	NULO	NULO
1984-03-01	0	2.83	25.5	12
1984-03-02	0	2.82	26.5	13
1984-03-03	0	3.13	26.5	11
1984-03-04	0	4.09	31	13
1984-03-05	6.5	3.5	31	17
1984-03-06	0	1.18	13.5	11
1984-03-07	0	1.15	16.5	10
1984-03-08	0	2.89	20	12.5
1984-03-09	0	2.32	24	15
1984-03-10	0	4.25	27	16
1984-03-11	0	3.4	28	17
1984-03-12	0	4.78	31	16
1984-03-13	0	4.1	29	17
1984-03-14	0	2.49	25	18
1984-03-15	0	4.15	32	19
1984-03-16	0.5	4.27	30	19.5
1984-03-17	0	4.66	31	20
1984-03-18	0	3.75	32	20
1984-03-19	0	6.61	32	20
1984-03-20	0	5.61	28	18.5
1984-03-21	0	4.82	28	12.5
1984-03-22	0	4.08	32.5	12.5
1984-03-23	0	6.2	35	15.5
1984-03-24	0	4.31	30	15
1984-03-25	0	4.09	31.5	16
1984-03-26	0	4.29	33	20
1984-03-27	0	6.69	41	18
1984-03-28	0	6.69	31.5	19
1984-03-29	0	5.22	29	14
1984-03-30	0	4.99	30.5	14
1984-03-31	0	4.78	32	16.5
1984-04-01	0	2.95	29.5	20.5
1984-04-02	0	5.3	36.5	19
1984-04-03	0	5.98	39	19
1984-04-04	2.5	3.24	32	20
1984-04-05	0	2.43	29	18.5
1984-04-06	0	3.39	30	19
1984-04-07	0	4.12	34	18.5
1984-04-08	0	6.55	36.5	17
1984-04-09	0	7.42	36.5	16
1984-04-10	0	4.99	37	16
1984-04-11	0	6.77	39.5	18
1984-04-12	0	6.04	40	20
1984-04-13	0	5.95	36	20
1984-04-14	13	5.09	34.5	23
1984-04-15	0	2.28	29	17
1984-04-16	0	5.91	31	18
1984-04-17	0	5.77	34	15
1984-04-18	0	6.14	38	16
1984-04-19	0	5.85	41	17
1984-04-20	0	8.22	42.5	19
1984-04-21	0	7.62	45	19
1984-04-22	0	5.24	36.5	18.5
1984-04-23	0	1.86	27	21
1984-04-24	0	5.88	35	17.5
1984-04-25	0	6.74	39	19
1984-04-26	0	8.25	44.5	21
1984-04-27	0	8.95	46	18
1984-04-28	0	6.78	41	20.5
1984-04-29	0	5.97	42	22
1984-04-30	0	2.78	NULO	NULO
1984-05-01	0	4.9	35	21
1984-05-02	0	6.53	41.5	22.5
1984-05-03	0	9.16	47	23
1984-05-04	0	6.67	41	21
1984-05-05	0	6.46	41.5	23
1984-05-06	0	6.9	44	24
1984-05-07	31.5	7.58	44	24
1984-05-08	3	3.4	28.5	22
1984-05-09	0	1.51	29	20
1984-05-10	0	6	34	16
1984-05-11	0	4.19	34	17.5
1984-05-12	0	3.07	30	20
1984-05-13	3.5	1.5	30	20.5
1984-05-14	22.5	5.09	31	20.5
1984-05-15	19	4.71	30	20.5
1984-05-16	0	1.97	32.5	19
1984-05-17	39	5.1	32.5	22
1984-05-18	0	5.04	34	20
1984-05-19	2	8.09	35	22
1984-05-20	0	3.27	34.5	20.5
1984-05-21	0	5.82	36.5	21
1984-05-22	0	5.44	39.5	22
1984-05-23	31.5	3.98	34.5	23
1984-05-24	1	2.27	32	20.5
1984-05-25	0	7.45	33.5	23
1984-05-26	18	6.87	34	24
1984-05-27	1	3.85	32	21.5
1984-05-28	36.5	1.35	29	20.5
1984-05-29	36.5	2.05	24	21
1984-05-30	20	2.77	24	20
1984-05-31	0	4.35	29	17
1984-06-01	0	3.33	29.5	19
1984-06-02	0	4.02	30	18
1984-06-03	0	4.94	31	20
1984-06-04	0	3.42	34	20
1984-06-05	75	4.17	34	20
1984-06-06	0.5	3.4	34	21.5
1984-06-07	0	4.97	35	23
1984-06-08	0	5.15	35	24.5
1984-06-09	0	4.34	34.5	25
1984-06-10	40.5	5.12	32	24.5
1984-06-11	0.5	3.32	32	21
1984-06-12	9	2.92	30	21
1984-06-13	27	1.12	26.5	22
1984-06-14	42.5	2.35	29	21
1984-06-15	0	4.09	31.5	21
1984-06-16	0	3.05	32	20
1984-06-17	0	3.51	31.5	21.5
1984-06-18	9	4.42	31.5	21
1984-06-19	2	6.14	31.5	20.5
1984-06-20	2	4	29.5	23
1984-06-21	0	1.5	31	23
1984-06-22	0	4.04	33	19
1984-06-23	0	4.09	33	22.5
1984-06-24	0	4.3	33	24
1984-06-25	0	5.49	34	22.5
1984-06-26	0	5.77	34	22
1984-06-27	0	3.45	34.5	22.5
1984-06-28	5	5.51	33.5	22
1984-06-29	0	4.89	34	21.5
1984-06-30	4.5	4.75	NULO	NULO
1984-07-01	2.6	0.36	26	22
1984-07-02	8.5	1.98	30	20
1984-07-03	22.5	4.62	30.5	21.5
1984-07-04	15.5	2.85	30	21.5
1984-07-05	16.5	3.27	29	23
1984-07-06	3.5	1.59	27.5	22.5
1984-07-07	3.5	2.3	27	21
1984-07-08	14	1.55	29	22
1984-07-09	22.5	2	29	21.5
1984-07-10	27.5	5.43	28	22
1984-07-11	56.5	0.97	29	22
1984-07-12	94.5	1.22	27.5	21.5
1984-07-13	11.5	1.28	25	20.5
1984-07-14	7	0.61	26	21
1984-07-15	4	4.44	30	22
1984-07-16	0	2.34	30	20
1984-07-17	0	3.26	29.5	22
1984-07-18	0	3.59	32.5	21.5
1984-07-19	0	4.91	33	22.5
1984-07-20	0	4.08	33	22
1984-07-21	0	4.13	32.5	22.5
1984-07-22	0	4.6	33	21.5
1984-07-23	0	4.39	32.5	21
1984-07-24	6	5.39	33.5	20
1984-07-25	23	2.62	31.5	21.5
1984-07-26	0.5	4.42	30	21.5
1984-07-27	0	3.12	31	20
1984-07-28	0	3.55	32.5	21
1984-07-29	2.5	4.18	32.5	22
1984-07-30	0	4.12	33	20.5
1984-07-31	0	3.36	32.5	22.5
1984-08-01	0	5.1	34	21.5
1984-08-02	0.5	4.58	34	22.5
1984-08-03	28	4.11	30	23.5
1984-08-04	25.5	3.81	30	20.5
1984-08-05	2.5	1.9	30	20.5
1984-08-06	0	0.97	28.5	22
1984-08-07	0	2.85	32	22
1984-08-08	2.5	3.96	33	22.5
1984-08-09	0	4.11	32	20
1984-08-10	0	3.55	32	20
1984-08-11	0	3.46	31.5	21
1984-08-12	0	3.22	32.5	20
1984-08-13	0	3.83	33	23
1984-08-14	0	5.14	32.5	21.5
1984-08-15	4	3.22	29	22
1984-08-16	4.5	1.79	29	19.5
1984-08-17	0	2.61	29.5	20
1984-08-18	0	3.77	32	21.5
1984-08-19	0	4.33	34	21.5
1984-08-20	0	4.29	33.5	21.5
1984-08-21	0	5.11	33.5	23
1984-08-22	28.5	4.11	29	22
1984-08-23	16.5	1.8	27.5	22
1984-08-24	0	2.38	31	21.5
1984-08-25	14	4.38	32	21.5
1984-08-26	0.5	2.83	31	20
1984-08-27	3.5	4.33	30	22
1984-08-28	0.5	4.67	31.5	21
1984-08-29	0	4.24	33.5	20.5
1984-08-30	0	5.06	33	21.5
1984-08-31	0	4.59	33	21
1984-09-01	0	2.78	33.5	21
1984-09-02	0	5.32	34.5	21
1984-09-03	169	1.64	28	23
1984-09-04	264	2.03	23.5	21.5
1984-09-05	111	2.83	23.5	21
1984-09-06	81.5	1.92	25	20
1984-09-07	21	1.56	26	20.5
1984-09-08	34.5	1.96	26	21.5
1984-09-09	7.5	1.08	27	22
1984-09-10	0	2.32	29	22
1984-09-11	11	3.09	29	21
1984-09-12	87.5	0.86	24.5	22
1984-09-13	56.5	0.25	24.5	20.5
1984-09-14	42.5	1.56	25.5	20
1984-09-15	157.5	1.44	26	20.5
1984-09-16	37	0.76	27	20
1984-09-17	3.5	0.94	27.5	20.5
1984-09-18	2.5	0.88	25	21
1984-09-19	0	2.53	30	20
1984-09-20	0	4.13	31.5	18
1984-09-21	0	2.95	32	20
1984-09-22	55.5	2.51	29	21
1984-09-23	9	3.27	30.5	22
1984-09-24	0.5	3.97	33	22.5
1984-09-25	9	3.47	29.5	23
1984-09-26	16	3.78	29	23
1984-09-27	18	1.2	27	20
1984-09-28	0	3.17	31	19
1984-09-29	47.5	2.18	30	20
1984-09-30	3.5	1.63	NULO	NULO
1984-10-01	6	1.24	22	16
1984-10-02	0	1.27	27	16
1984-10-03	0	1.55	28	19.5
1984-10-04	0	3.3	30.5	19
1984-10-05	0	1.47	31	21
1984-10-06	0	1.8	32	22
1984-10-07	0	2.75	32	23.5
1984-10-08	0	4.84	32	22.5
1984-10-09	0	4.13	33	20
1984-10-10	0	3.39	33	20
1984-10-11	0	3.47	32	21
1984-10-12	0	3.12	31	20
1984-10-13	0	3.41	31	20
1984-10-14	0	4.36	34.5	21
1984-10-15	0	4.19	36	21.5
1984-10-16	0	3.97	37	21.5
1984-10-17	0	2.11	33	24.5
1984-10-18	0	3.07	32	24.5
1984-10-19	0	3.25	33	22.5
1984-10-20	0	5.93	35	23.5
1984-10-21	0	2.32	36	23.5
1984-10-22	1	2.26	32	24
1984-10-23	37	0.6	26	24
1984-10-24	1	0.5	27	18
1984-10-25	16.5	2.2	29	19
1984-10-26	0	1.8	29.5	18.5
1984-10-27	0	5.04	32	21
1984-10-28	0	1.91	32	22
1984-10-29	3	1.05	30	20.5
1984-10-30	6.5	1.53	32	21
1984-10-31	0	2.47	30	22
1984-11-01	0	2.91	31.5	20
1984-11-02	6.5	2.94	30	21.5
1984-11-03	0	1.02	27	19
1984-11-04	0	2.16	32	18
1984-11-05	0	3.33	29	19
1984-11-06	0	2.64	27.5	18
1984-11-07	0	2.99	31	14
1984-11-08	0	1.89	29	15
1984-11-09	0	2.12	30	17
1984-11-10	8	2.64	27	17
1984-11-11	0	1.31	25	16
1984-11-12	0	1.05	28	15
1984-11-13	0	1.68	26	18
1984-11-14	0	2.04	29	17
1984-11-15	0	1.42	30	17
1984-11-16	0	2.13	29	18
1984-11-17	0	2.05	29	17
1984-11-18	5	1.95	30	16.5
1984-11-19	1.5	1.25	21	17
1984-11-20	19	0.53	18	15.5
1984-11-21	11.5	0.42	14	10
1984-11-22	7	0.22	14	11
1984-11-23	0	0.65	20	11
1984-11-24	0	2.09	26	14
1984-11-25	0	1.98	26	15
1984-11-26	0	1.66	28	16
1984-11-27	0	1.61	21	17
1984-11-28	0	2.86	24	12
1984-11-29	0	1.42	27	9
1984-11-30	0	1.73	NULO	NULO
1984-12-01	0	1.67	29	17.5
1984-12-02	1.5	2.41	29	19
1984-12-03	5	0.42	23.5	20
1984-12-04	0	1.14	23	19
1984-12-05	18.5	1.16	23	19
1984-12-06	2	0.8	14.5	12
1984-12-07	0	0.47	22	11.5
1984-12-08	0	2.35	22	12
1984-12-09	0	2.05	26.5	13.5
1984-12-10	0	2.52	27	13.5
1984-12-11	0	2.38	28	14
1984-12-12	0	2.23	29	14
1984-12-13	0	1.37	30	14
1984-12-14	0	1.75	30	15
1984-12-15	0	2.27	29	14
1984-12-16	17.5	2.23	27.5	19
1984-12-17	0	1.33	26.5	19.5
1984-12-18	0	1.65	27	17
1984-12-19	0	2.59	27	19
1984-12-20	0	2.48	28	16.5
1984-12-21	0	2.07	29	15
1984-12-22	0	1.7	26	14.5
1984-12-23	0	2.18	26.5	17
1984-12-24	7	2.44	28.5	15
1984-12-25	2	0.65	25	15.5
1984-12-26	0	0.8	23.5	17
1984-12-27	0	1.25	25	18
1984-12-28	5	1.56	26	13
1984-12-29	0	1.35	26.5	17
1984-12-30	0	1.87	26.5	18
1984-12-31	0	2.88	29	18
1985-01-01	74.5	2.95	25	18
1985-01-02	12	1.04	16	15
1985-01-03	0	1.58	9	5
1985-01-04	0	1.37	17	5
1985-01-05	0	1.89	21	0.5
1985-01-06	0	2.16	23	1.5
1985-01-07	0	2.23	25	3
1985-01-08	0	2.23	24	6
1985-01-09	0	1.72	26	6
1985-01-10	10	1.66	26	9
1985-01-11	20	0.76	19.5	14
1985-01-12	4	0.18	11	10
1985-01-13	0.5	1.28	15	8
1985-01-14	4	0.25	11	9
1985-01-15	0	1.53	18	8.5
1985-01-16	2	1.62	24	9
1985-01-17	6	0.62	15	12
1985-01-18	0	2.27	22	9
1985-01-19	0	1.96	25	9
1985-01-20	10	0.77	20	11
1985-01-21	0.5	1.15	11	3
1985-01-22	0	0.4	16	4
1985-01-23	0	2.31	22	7
1985-01-24	0	2.02	25	10
1985-01-25	0	1.59	26	12
1985-01-26	1	1.66	28	17
1985-01-27	0	2.55	29	16
1985-01-28	0	2.08	25	17
1985-01-29	0	3.9	29	18
1985-01-30	0	3.21	32	14
1985-01-31	1.5	3.32	34	15
1985-03-01	0	2.99	27	16
1985-03-02	0	2.33	26	16
1985-03-03	0	1.68	28	16
1985-03-04	0	3.15	30	17
1985-03-05	0	1.21	24.5	18
1985-03-06	0	0.64	21	17.5
1985-03-07	0	2.23	27	16
1985-03-08	4	2.01	28	14
1985-03-09	3	2.11	27	17
1985-03-10	0	2.27	28	18
1985-03-11	0	3.38	31	18
1985-03-12	0	1.53	30	18.5
1985-03-13	1.5	2.64	32	18
1985-03-14	23	1.17	30	20
1985-03-15	2	1.04	20	16
1985-03-16	6.5	0.96	24	15
1985-03-17	3	0.66	19	15
1985-03-18	0	1.37	17	15
1985-03-19	0	2.18	27	15
1985-03-20	0	2.34	32	15
1985-03-21	0	1.15	28	16
1985-03-22	0	2.23	30	16
1985-03-23	0	2.61	30	16
1985-03-24	0	2.11	31	18
1985-03-25	0	1.4	30	19
1985-03-26	0	2.23	31	20
1985-03-27	0	3.26	33	19
1985-03-28	0	2.59	32	20
1985-03-29	0	4.41	35	21
1985-03-30	0	6.12	38	18
1985-03-31	0	2.16	26	19.5
1985-04-01	0	4.84	30	15
1985-04-02	0	3.88	30	18
1985-04-03	0	5.76	32	14
1985-04-04	0	5.31	33	15
1985-04-05	0	5.83	40	18
1985-04-06	0	4.22	36	18
1985-04-07	17.5	5.17	33	21
1985-04-08	8.5	1.27	29	19
1985-04-09	4.5	1.22	21	18
1985-04-10	0	2.09	26	18
1985-04-11	17.5	3.25	30	19
1985-04-12	51.5	3.33	29	19
1985-04-13	19	3.05	29	19
1985-04-14	7	2.79	24	19
1985-04-15	0	2.05	27	19
1985-04-16	0	4.06	31	18
1985-04-17	0	2.05	31	21
1985-04-18	0	2.67	30	20
1985-04-19	0	1.32	29	20
1985-04-20	2	2.64	34	22
1985-04-21	0	2.25	32	23
1985-04-22	0	2.97	33	23
1985-04-23	9	3.47	35	23
1985-04-24	4.5	2.61	33	21
1985-04-25	0	4.48	32	20
1985-04-26	0	3.86	34	19
1985-04-27	0	3.57	36	21
1985-04-28	0	3.33	33	25
1985-04-29	0	4.21	33	23
1985-04-30	0	3.41	NULO	NULO
1985-05-01	0	3.85	33	22
1985-05-02	51	6.75	33	23
1985-05-03	0	3.22	29	20
1985-05-04	0	3.82	30	19
1985-05-05	0	3.7	31	19
1985-05-06	0	4.16	34	21
1985-05-07	0	4.12	33	23
1985-05-08	0	3.12	34	21
1985-05-09	0	4.62	34	22
1985-05-10	0	5.4	35	21
1985-05-11	0	3.94	35	22
1985-05-12	0	1.94	35	24
1985-05-13	0	3.85	35	24
1985-05-14	2.5	3.21	34	25
1985-05-15	13.5	2.13	30	25
1985-05-16	2	1.92	33	19
1985-05-17	85	1.98	30	19
1985-05-18	2	4.14	32	20
1985-05-19	33	4.48	32	21
1985-05-20	0	4.16	33	21
1985-05-21	29	5.93	36	24
1985-05-22	0	5.35	34	20
1985-05-23	0	3.88	34	23
1985-05-24	0	4.58	35	24
1985-05-25	0	5.11	35	25
1985-05-26	0	4.05	35	25
1985-05-27	0	3.65	34	23
1985-05-28	0	4.51	35	25
1985-05-29	0	5.42	36	23
1985-05-30	0	3.73	35	23
1985-05-31	0	5.37	35	21
1985-06-01	0	5.03	36	24
1985-06-02	0	4.11	34	22
1985-06-03	4	5.11	35	25
1985-06-04	1.5	2.03	31	24
1985-06-05	0	3.61	34	23
1985-06-06	1.5	4.38	37	25
1985-06-07	0	5.57	35	23
1985-06-08	0	5.76	35	21
1985-06-09	0	5.19	35.5	22.5
1985-06-10	0	5.26	35.5	23
1985-06-11	31	5.84	38.5	25
1985-06-12	100	4.32	34	22
1985-06-13	12	6.68	30.5	21
1985-06-14	0	5.15	34.5	23
1985-06-15	5.5	4.76	35	23
1985-06-16	51.5	6.36	33	24
1985-06-17	11	3.15	32	20
1985-06-18	85	1.05	32	23
1985-06-19	28	2.68	28.5	21
1985-06-20	12	3.19	30	22
1985-06-21	0	4.44	34	22
1985-06-22	5.5	2.42	30	23
1985-06-23	85	4.32	32	23
1985-06-24	0	3.29	32	23
1985-06-25	5	4.14	31.5	23
1985-06-26	16.5	4.1	32.5	22
1985-06-27	83	4.07	33	21
1985-06-28	35.5	3.38	30	22
1985-06-29	0	1.78	29	21
1985-06-30	0	2	NULO	NULO
1985-07-03	NULO	NULO	NULO	NULO
1985-07-04	27.5	4.14	33	21
1985-07-05	0	3.24	32	22
1985-07-06	3.5	4.64	34	22
1985-07-07	7	3.4	32	19
1985-07-08	0	2.58	30	21
1985-07-09	1	2.44	32	23
1985-07-10	0	4.91	33	21
1985-07-11	0	3.65	33	22
1985-07-12	0	4.22	34	22
1985-07-13	48	4.5	32	22
1985-07-14	89	3	28.5	22
1985-07-15	66.5	1.6	24	20
1985-07-16	33	0.65	28.5	21
1985-07-17	0	4.36	31	21
1985-07-18	0	4.4	33	19
1985-07-19	0	5.65	33	21
1985-07-20	0	4.35	33	21
1985-07-21	0	3.56	33	23
1985-07-22	9.5	4.19	31	24
1985-07-23	53	2.75	33	24
1985-07-24	18	2.35	31	22
1985-07-25	13	4.66	33	23
1985-07-26	0	2.07	30	23
1985-07-27	0	3.39	32	22
1985-07-28	0	4.88	34	21
1985-07-29	75	2.11	31	21
1985-07-30	47	1.56	26.5	21
1985-07-31	0	4.15	31.5	21
1985-08-01	0	3.02	32	20
1985-08-02	0	3.23	33	21.5
1985-08-03	0	3.63	33	21
1985-08-04	0	4.82	33	21
1985-08-05	0	4.62	33	22
1985-08-06	0	4.67	35	21.5
1985-08-07	0	3.83	34	23.5
1985-08-08	0	3.29	34	24
1985-08-09	0	4.72	34	24
1985-08-10	1.5	2.67	34	23
1985-08-11	0	2.99	33	24
1985-08-12	0	4.07	35	23
1985-08-13	0	4.04	35	25
1985-08-14	0	4.54	35	24
1985-08-15	24.5	4.46	34	24
1985-08-16	0	3.24	32	24
1985-08-17	0	2.92	33	23
1985-08-18	4	3.55	34	22
1985-08-19	0	3.27	34	21
1985-08-20	0	3.55	34	22
1985-08-21	0	3.78	35	22
1985-08-22	0	4.48	34.5	22
1985-08-23	15.5	3.05	31	22
1985-08-24	18.5	3.1	31	23.5
1985-08-25	0	4.98	32	22
1985-08-26	3.5	3.89	34	21
1985-08-27	2	2.53	30	21.5
1985-08-28	4	2.16	33	20
1985-08-29	0	4.86	32	23
1985-08-30	0	3.78	33.5	21
1985-08-31	0	4.18	33	21
1985-09-01	0	3.99	35	22
1985-09-02	0	4.91	36	21.5
1985-09-03	0	2.77	33.5	22
1985-09-04	0	4.18	36.5	25
1985-09-05	0	3.67	36.5	25
1985-09-06	0	2.96	36	24
1985-09-07	0	4.47	34	24
1985-09-08	0	3.77	35	21.5
1985-09-09	0	3.37	36	21
1985-09-10	0	5.46	36.5	21.5
1985-09-11	0	4.61	36	22.5
1985-09-12	0.5	3.19	34	22.5
1985-09-13	18	2.58	32.5	21
1985-09-14	57	3.58	30	22
1985-09-15	8	3.28	28	21
1985-09-16	6	2.89	32	19.5
1985-09-17	0	2.18	32.5	21
1985-09-18	0	3.69	33	22
1985-09-19	0	2.05	34	22
1985-09-20	1	2.48	33	22
1985-09-21	0	3.12	34	20
1985-09-22	0	3.66	33	19
1985-09-23	0	2.35	36	18
1985-09-24	18.5	2	30.5	21
1985-09-25	0	1.97	32	19
1985-09-26	34	2.86	32	21
1985-09-27	0	2.52	29	22
1985-09-28	0	4.11	31	21
1985-09-29	0	3.23	32	23
1985-09-30	46.6	1.06	NULO	NULO
1985-10-01	0	1.65	23	17.5
1985-10-02	0	1.89	26.5	18
1985-10-03	0	2.94	29	19
1985-10-04	20	2.55	31	20
1985-10-05	3.5	0.55	27.5	21
1985-10-06	0	2.26	30	17.5
1985-10-07	0	3.26	29	18
1985-10-08	0	2	30	20.5
1985-10-09	0	2.87	33	24
1985-10-10	0	3.13	32	23.5
1985-10-11	0	3.85	31	21
1985-10-12	0	3.45	31.5	21
1985-10-13	0	2.6	33	22.5
1985-10-14	0	3.98	32.5	20
1985-10-15	51.5	5.38	31	23
1985-10-16	3	2.16	28.5	20.5
1985-10-17	0.5	2.27	28.5	21
1985-10-18	0	3.25	30	22
1985-10-19	0	2.99	30.5	22
1985-10-20	0	3.04	30	22
1985-10-21	0	2.01	29	20.5
1985-10-22	0	3.12	29	22
1985-10-23	0	2.82	31	21
1985-10-24	0	3.09	31	21
1985-10-25	2.5	3.43	30.5	20
1985-10-26	0	3.06	30	19.5
1985-10-27	0	3.94	29	18.5
1985-10-28	0	3.19	29	17
1985-10-29	0	1.81	33	17
1985-10-30	0	2.85	31	15
1985-10-31	0	2.48	32	14
1985-11-01	0	3.99	35	17
1985-11-02	20.5	3.46	27	18.5
1985-11-03	0	1.67	24	14
1985-11-04	0	3.25	26.5	12
1985-11-05	0	3.04	27	9
1985-11-06	0	2.37	29	12
1985-11-07	0	3.08	29.5	14
1985-11-08	0	1.54	26.5	15
1985-11-09	0	2.01	29	16
1985-11-10	0	2.81	30.5	17.5
1985-11-11	0	2.19	30	17
1985-11-12	0	2.5	32	18
1985-11-13	0	2.41	29.5	20
1985-11-14	0	1.74	30	18
1985-11-15	0	2.42	31	19
1985-11-16	25	2.87	28	20
1985-11-17	2	0.83	27	20
1985-11-18	0	2.25	28	19.5
1985-11-19	0	2.19	29	21
1985-11-20	31	1.81	28.5	21
1985-11-21	0.5	1.4	21	16.5
1985-11-22	0	1.91	27	17
1985-11-23	0	5.05	29	18
1985-11-24	0	2.78	29	18
1985-11-25	0	1.93	29	19
1985-11-26	1.5	1.79	28.5	19
1985-11-27	0	1.76	29	18.5
1985-11-28	0	2.51	29.5	18
1985-11-29	0	1.68	28.5	16
1985-11-30	0	2.43	NULO	NULO
1985-12-01	0	2.04	27.5	15
1985-12-02	0	1.48	20	13
1985-12-03	0	0.42	21	14
1985-12-04	1	1.18	25	16
1985-12-05	0	2.36	24.5	19
1985-12-06	0	2.57	23.5	11
1985-12-07	0	2.35	26	12
1985-12-08	0	2.06	28	13.5
1985-12-09	0	1.47	29	15
1985-12-10	0	2.83	29.5	16
1985-12-11	0.5	1.73	32	16
1985-12-12	7	0.5	28	16.5
1985-12-13	0.5	1.68	15	11.5
1985-12-14	0	0.45	13.5	9
1985-12-15	0	1.52	21	8
1985-12-16	8	2.1	27	8
1985-12-17	9.5	0.4	20.5	15.5
1985-12-18	4	0.19	21	14
1985-12-19	1.5	0.6	16	12
1985-12-20	7	0.48	17	12
1985-12-21	12	0.43	19.5	14
1985-12-22	0	1.17	20	15
1985-12-23	1	0.84	26	14
1985-12-24	27.5	2.15	27	15
1985-12-25	1	0.42	17	12.5
1985-12-26	0	0.95	21	12
1985-12-27	0	3.16	27	10
1985-12-28	0	1.19	26	14
1985-12-29	0	0.79	24	16
1985-12-30	0	2.48	27	17.5
1985-12-31	0	2.86	29.5	13
1986-01-01	1.5	1.69	28	15
1986-01-02	0	0.91	20	17
1986-01-03	0	0.67	26	17
1986-01-04	6.5	1.75	29	14.5
1986-01-05	0	1.83	18	13
1986-01-06	0	1.8	24	10
1986-01-07	5	2.57	27	11
1986-01-08	0.5	0.51	12.5	11
1986-01-09	0	1.49	16	8.5
1986-01-10	0	0.92	16	9
1986-01-11	0	0.94	21	3.5
1986-01-12	0	1.09	21	4
1986-01-13	0	2.68	24	3
1986-01-14	0	2.66	23	2
1986-01-15	0	3.95	26.5	1.5
1986-01-16	0	2.27	26	3
1986-01-17	0	1.6	19.5	8
1986-01-18	0	2.54	28	9
1986-01-19	0	2.85	30	9
1986-01-20	0	2.96	27	8
1986-01-21	0	2.13	28	9
1986-01-22	0.5	1.64	27	8
1986-01-23	0	2.21	24	10
1986-01-24	0	2.81	26	9
1986-01-25	3.5	1.42	28	10
1986-01-26	0	0.32	18	11
1986-01-27	0	4.47	23	4
1986-01-28	0	2.25	25	5
1986-01-29	0	NULO	29	6
1986-01-30	0	NULO	23.5	6
1986-01-31	0	NULO	27	10
1986-02-05	NULO	NULO	NULO	NULO
1986-02-06	0	3.85	31	14
1986-02-07	0	4.02	31.5	11.5
1986-02-08	0	2.99	26	9
1986-02-09	1.5	1.04	27	11
1986-02-10	8.5	1.16	19.5	13.5
1986-02-11	3.5	0.38	12.5	9
1986-02-12	3	0.7	18	9
1986-02-13	0.5	1.17	23	11
1986-02-14	0	1.9	30	14
1986-02-15	0	2.02	28.5	14
1986-02-16	0	3.29	32	12
1986-02-17	0	3.78	32	13.5
1986-02-18	0	4.44	34	13
1986-02-19	0	4.4	37	11.5
1986-02-20	0	5.61	38	11
1986-02-21	0	5.56	33	11
1986-02-22	11.5	1.05	23	12
1986-02-23	0	3.73	25	12
1986-02-24	0	3.37	28	10
1986-02-25	0	3.36	30	9
1986-02-26	0	6.63	31.5	10
1986-02-27	0	5.47	37.5	9
1986-02-28	0	4.21	NULO	NULO
1986-04-01	0	3.38	31	18
1986-04-02	0	4.16	31	20.5
1986-04-03	0	5.58	37	18
1986-04-04	0	3.93	35	21
1986-04-05	16	5.11	32.5	22
1986-04-06	1	2.87	31	22
1986-04-07	0	5.21	32	23
1986-04-08	0	4.43	36	21
1986-04-09	0	5.07	35	20
1986-04-10	0	3.88	33	22
1986-04-11	0	4.53	34	21.5
1986-04-12	0	5.59	38	22
1986-04-13	0	4.25	37	23
1986-04-14	0.5	6.69	38.5	23
1986-04-15	0	1.76	29	20
1986-04-16	0	3.77	31.5	22.5
1986-04-17	0	4.54	34	22.5
1986-04-18	8.5	5.86	37	23
1986-04-19	0	6.38	36	19
1986-04-20	6	3.95	33	23
1986-04-21	0	2.62	29.5	20.5
1986-04-22	17	4.26	31	21
1986-04-23	0	2.08	29	19
1986-04-24	0.5	5.36	32.5	20
1986-04-25	0	5.41	33	21.5
1986-04-26	0	4.12	32	20
1986-04-27	0	3.52	35	21
1986-04-28	0.5	3.09	33	23
1986-04-29	72.5	2.58	31.5	23.5
1986-04-30	0	3.76	NULO	NULO
1986-05-01	91	12.56	37	22
1986-05-02	0	3.65	33	19
1986-05-03	0	5.25	34	21
1986-05-04	0	4.9	33.5	22
1986-05-05	0	5.49	33	21
1986-05-06	0	4.4	34	23
1986-05-07	0.5	3.97	33.5	23
1986-05-08	0	4.66	34	24
1986-05-09	0	3.59	35	24
1986-05-10	47.5	7.7	36.5	19.5
1986-05-11	0	4.48	33	21
1986-05-12	0	4.45	33	23
1986-05-13	0	4.73	34.5	23
1986-05-14	0	4.26	35.5	21
1986-05-15	0	5.31	36.5	21
1986-05-16	0.5	4.84	35	25
1986-05-17	48	4.36	33	25
1986-05-18	7.5	4.27	24	21
1986-05-19	0	1.54	26	19
1986-05-20	0	3.04	31	20
1986-05-21	0	5.2	31.5	19
1986-05-22	0	4	32	19
1986-05-23	0	12.18	34.5	20.5
1986-05-24	0	5.06	34.5	22
1986-05-25	0	4.26	34.5	23
1986-05-26	0	4.57	31	21
1986-05-27	0	4.59	34	23
1986-05-28	3.5	3.22	33	22
1986-05-29	0	4.04	32.5	21
1986-05-30	5	2.89	33	23
1986-05-31	0	3.15	33	22.5
1986-06-01	2.5	4.48	33	23
1986-06-02	27.5	6.18	33	24
1986-06-03	43	3.15	28	24
1986-06-04	11.5	2.75	31	23
1986-06-05	0	3.91	33	23
1986-06-06	0	3.75	34	24
1986-06-07	0	4.9	34	25
1986-06-08	53.5	4.92	33	24
1986-06-09	40.5	3.33	30	22
1986-06-10	20	3.18	30	23
1986-06-11	25.5	2.66	39	21
1986-06-12	0	4.6	32	22
1986-06-13	1	2.7	31.5	23
1986-06-14	0	4.08	32	23
1986-06-15	0	4.8	33	23
1986-06-16	0	5.91	32.5	23
1986-06-17	0	4.9	33.5	24
1986-06-18	0	3.12	33	22
1986-06-19	2	3.88	33.5	22
1986-06-20	1.5	4.3	32	23
1986-06-21	56	4.68	32	24
1986-06-22	1.5	4.01	32	23
1986-06-23	1.5	4.15	31.5	23
1986-06-24	0	3.33	33	23
1986-06-25	30	2.96	30	23
1986-06-26	27	2.22	30	21
1986-06-27	41.5	2.14	28	22
1986-06-28	0	4.71	30	22
1986-06-29	0	6.17	32	21
1986-06-30	0	4.94	NULO	NULO
1986-07-01	7	5.28	33	23
1986-07-02	2.5	1.07	28	22
1986-07-03	2	4.17	31	21
1986-07-04	0	4.69	30	21
1986-07-05	0	4.31	33	22
1986-07-06	0	NULO	NULO	NULO
1986-07-10	NULO	NULO	NULO	NULO
1986-07-11	0	2.66	31.5	20
1986-07-12	0.5	3.17	32	20
1986-07-13	100	1.15	29	23
1986-07-14	10	1.23	24.5	21
1986-07-15	0	1.77	29.5	22
1986-07-16	4.5	2.56	31	20
1986-07-17	0	4.14	30.5	21
1986-07-18	8	3.73	32	22
1986-07-19	0	3.84	33	19.5
1986-07-20	0	4.49	32.5	18.5
1986-07-21	0	4.4	33	20
1986-07-22	0	5.32	33	21
1986-07-23	0	5.98	33	22
1986-07-24	0	4.11	33.5	22
1986-07-25	0	4.34	34	22
1986-07-26	0	4.04	33.5	23
1986-07-27	0	4.58	33.5	23
1986-07-28	0	4.39	34	24
1986-07-29	0	4.75	34	25
1986-07-30	0	5.17	34	24
1986-07-31	0	5.29	35	24
1986-08-01	0	NULO	34	22
1986-08-02	0	6.26	36	23
1986-08-03	4.5	5.04	35	23
1986-08-04	0	3.78	33	22
1986-08-05	0	6.04	35	22
1986-08-06	0	5.18	35	22
1986-08-07	0	5.12	36	23
1986-08-08	0	5.37	35	23
1986-08-09	0	NULO	NULO	NULO
1986-08-12	NULO	NULO	NULO	NULO
1986-08-13	0	6.3	36	22
1986-08-14	0	3.29	33	22
1986-08-15	11	7.25	33	23
1986-08-16	0	7.05	35	24
1986-08-17	0	5.86	36	24
1986-08-18	0	5.18	36	24
1986-08-19	0	4.29	37	23
1986-08-20	0	4.59	38	22
1986-08-21	26	NULO	37	23
1986-08-22	0	NULO	NULO	NULO
1986-08-28	NULO	NULO	NULO	NULO
1986-08-29	55.5	1.75	34	22
1986-08-30	0	3.67	34	21
1986-08-31	0	5.72	35	22
1986-09-01	0	4.58	35	23
1986-09-02	42	6.98	35	24
1986-09-03	40	2.18	25	22
1986-09-04	24.5	2.39	28	22
1986-09-05	44	2.23	31	23
1986-09-06	0	2.18	34	22
1986-09-07	2.5	3.09	34	23
1986-09-08	3.5	2.41	32	22
1986-09-09	0	2.29	33	22
1986-09-10	0	6.28	33	22
1986-09-11	0	4.65	34	23
1986-09-12	2	3.01	33	24
1986-09-13	7	1.92	33	21
1986-09-14	0	3.1	32	21
1986-09-15	11	2.84	32	21
1986-09-16	0	4.21	33	21
1986-09-17	0	3.72	34	22
1986-09-18	0	5.2	33	21
1986-09-19	5.5	1.87	30	23
1986-09-20	31.5	2.98	34	21
1986-09-21	0	2.23	31	22
1986-09-22	0	3.39	33	23
1986-09-23	0	4.64	33	22
1986-09-24	0	3.49	34	21
1986-09-25	0	NULO	NULO	NULO
1986-09-30	NULO	NULO	NULO	NULO
1986-10-01	0	NULO	33	22
1986-10-02	0	4.39	33	24
1986-10-03	4.5	2.18	32	24
1986-10-04	69.5	0.72	25	23
1986-10-05	9	2.25	24.5	21
1986-10-06	52.5	1.29	26	22
1986-10-07	5	1.17	26	22
1986-10-08	7.5	2.19	28	22
1986-10-09	0	NULO	NULO	NULO
1986-10-13	NULO	NULO	NULO	NULO
1986-10-14	5.5	0.52	21	15
1986-10-15	11	0.58	21	16
1986-10-16	0	0.95	22	15
1986-10-17	0	1.6	24	16
1986-10-18	0	2.21	27.5	17
1986-10-19	0	0.2	24.5	17
1986-10-20	0	2.76	28	18
1986-10-21	0	0.64	27	18
1986-10-22	0	2.94	31	19
1986-10-23	0	3.52	34.5	21
1986-10-24	57.5	0.74	27	21
1986-10-25	0.5	1.62	24.5	19
1986-10-26	0	1.64	25.5	18
1986-10-27	2	0.18	24.5	18
1986-10-28	0	1.63	29	16
1986-10-29	0	2.61	28.5	12
1986-10-30	0	1.87	28.5	13
1986-10-31	0	2.75	29.5	12
1986-11-01	0	2.3	27	17
1986-11-02	0	1.93	27	19
1986-11-03	0	2.87	28	21
1986-11-04	23.5	2.45	30	21
1986-11-05	9.5	0.84	21	20
1986-11-06	0	0.93	22	16
1986-11-07	0	2.06	28	17
1986-11-08	0	2.36	29	20
1986-11-09	13	1.47	26	22
1986-11-10	0	1.95	27	19
1986-11-11	45	0.83	25	20
1986-11-12	31	1.12	23	18
1986-11-13	22	3.84	NULO	NULO
1986-11-14	1.5	0.17	17	10
1986-11-15	0	1.13	23	13
1986-11-16	0	0.79	29	16
1986-11-17	0	0.7	28	20
1986-11-18	0	1.97	29	20
1986-11-19	0	2.54	29	22
1986-11-20	0	1.66	28	21
1986-11-21	0	NULO	NULO	NULO
1986-11-25	NULO	NULO	NULO	NULO
1986-11-26	5	0.23	18	11
1986-11-27	20	2.37	18	15
1986-11-28	0	1.9	18	8
1986-11-29	0	0.44	23	9
1986-11-30	0	2.57	NULO	NULO
1986-12-01	20	3.16	27	11
1986-12-02	0	1.1	20.5	12
1986-12-03	1.5	0.19	17.5	14
1986-12-04	14.5	0.46	20	15
1986-12-05	4	0.55	20	16
1986-12-06	0	1.26	25	16
1986-12-07	0	0.47	27.5	14
1986-12-08	0	1.5	29	14.5
1986-12-09	1	1.46	30	16
1986-12-10	10.5	2.19	20.5	18
1986-12-11	10.5	0.25	16.5	14
1986-12-12	0	0.14	17.5	9
1986-12-13	3.5	0.94	18	9
1986-12-14	0	1.71	25	12
1986-12-15	0	0.26	26.5	15
1986-12-16	0	1.17	26	17
1986-12-17	0	1.23	27.5	18
1986-12-18	18	2.27	28	16
1986-12-19	1.5	0.32	17.5	15
1986-12-20	2.5	1.2	24.5	15
1986-12-21	2	0.64	19	13
1986-12-22	4	1.14	21	17
1986-12-23	4	0.15	15.5	12
1986-12-24	0	0.27	17	12
1986-12-25	0	0.89	25	14
1986-12-26	6.5	0.97	21	15
1986-12-27	0.5	0.3	17	13
1986-12-28	0	NULO	NULO	NULO
1986-12-31	NULO	NULO	NULO	NULO
1987-01-01	0	1.51	23	9
1987-01-02	0	0.9	20	10
1987-01-03	0	2.11	14	5
1987-01-04	0	1.76	23	5
1987-01-05	0	1.74	25	5
1987-01-06	0	2.33	25	7
1987-01-07	0	1.29	23	10
1987-01-08	0	1.26	24	14
1987-01-09	2.5	1.55	29	13
1987-01-10	0	1.32	19	12
1987-01-11	1	0.86	16	12
1987-01-12	2	0.68	12	10
1987-01-13	0	0.79	18	10
1987-01-14	0	1	28	11
1987-01-15	0	1.49	28.5	12
1987-01-16	0	2.03	31	11
1987-01-17	0	1.99	28.5	16
1987-01-18	3	0.46	22	13
1987-01-19	0	1.04	20	8
1987-01-20	1	1.69	21	9
1987-01-21	3.5	0.42	13	9
1987-01-22	0	0.38	15	7
1987-01-23	0	1.52	20	6
1987-01-24	0	1.75	26.5	6
1987-01-25	0	2.3	25.5	7
1987-01-26	0	2.17	26	9
1987-01-27	0	2.43	27	8
1987-01-28	0	2.07	27	9.5
1987-01-29	0	1.94	28	9
1987-01-30	0	2.45	28	10
1987-01-31	0	1.23	27.5	10.5
1987-02-01	0	1.27	24	15
1987-02-02	0	1.32	22	16
1987-02-03	0	1.04	22	16
1987-02-04	0	1.74	28	14
1987-02-05	38	4.37	27	15
1987-02-06	36.5	1.91	17.5	15
1987-02-07	0	1.82	18	10
1987-02-08	0	1.75	24	8
1987-02-09	0	0.77	25	8
1987-02-10	0	2.98	25	8
1987-02-11	0	3.55	26	10
1987-02-12	0	1.57	28	12
1987-02-13	0	1.15	29	15
1987-02-14	0	2.99	30	13
1987-02-15	0	5.19	30	10
1987-02-16	0	4.13	30	12
1987-02-17	16.5	1.56	19	14
1987-02-18	4	0.63	18	13
1987-02-19	0	0.8	28	14
1987-02-20	3	1.92	28	14
1987-02-21	5	0.55	15	12
1987-02-22	1.5	0.36	15	10
1987-02-23	0	1.93	22	11
1987-02-24	0	3.47	28	12
1987-02-25	6.5	1.03	26	13
1987-02-26	0	1.9	26	18
1987-02-27	0	2.94	31	14
1987-02-28	0	3.72	NULO	NULO
1987-03-01	0	3.53	23	15
1987-03-02	1	2.19	24	15
1987-03-03	27	1.07	20	16.5
1987-03-04	6	0.49	16	13
1987-03-05	0	1.21	24	11
1987-03-06	0	3.48	28	10
1987-03-07	0	4.81	25	9
1987-03-08	0	4.06	28	13
1987-03-09	0	3.78	28	15
1987-03-10	0	1.44	23	16
1987-03-11	16.5	0.64	21	19
1987-03-12	7	5.12	16	13
1987-03-13	14.5	1.87	21	13
1987-03-14	0	0.19	24	14
1987-03-15	0	1.94	26	16
1987-03-16	0	2.6	27	17
1987-03-17	0	3.45	28	17
1987-03-18	0	4.41	28	13
1987-03-19	0	3.5	29	16
1987-03-20	0	1.93	25	18
1987-03-21	0	1.57	29	18
1987-03-22	0	2.15	29	19
1987-03-23	0	5.44	32	22
1987-03-24	0	0.67	26	20
1987-03-25	0	1.79	29	20
1987-03-26	2.5	1.7	28	22
1987-03-27	4.5	0.94	19	18
1987-03-28	0	0.45	21	16
1987-03-29	6.5	4.13	30	16
1987-03-30	0	1.1	15	8
1987-03-31	0	4.24	23	7
1987-04-01	0	3.57	24	9
1987-04-02	23	6.18	27	12
1987-04-03	0	1.9	17	12
1987-04-04	0	2.13	21	12
1987-04-05	0	4.58	26.5	14
1987-04-06	10	2.6	24	13
1987-04-07	7.5	0.23	15	13
1987-04-08	0	0.86	17	12
1987-04-09	0	1.67	22	13
1987-04-10	0	1.88	27	16
1987-04-11	0	5.05	28	16
1987-04-12	0	2.3	27	19
1987-04-13	0	3.21	36	19
1987-04-14	0.5	2.18	25	18
1987-04-15	0	3.9	28	19
1987-04-16	0	5.13	32	18
1987-04-17	0	5.41	32	17
1987-04-18	0	4.02	30	19
1987-04-19	2	1.98	30	21
1987-04-20	47.5	4.89	27	22
1987-04-21	2.5	1.94	25	22
1987-04-22	0	3.79	26	20
1987-04-23	0.5	2.53	26	20
1987-04-24	0	1.93	25	20
1987-04-25	0	1.93	26	20
1987-04-26	0	2.91	28	20
1987-04-27	0	4.85	28	19
1987-04-28	0	0.8	25	20
1987-04-29	0	4.05	29	19
1987-04-30	0	6.45	NULO	NULO
1987-05-01	0	3.78	34	18
1987-05-02	0	6.06	35	18.5
1987-05-03	0	5.44	37	19
1987-05-04	192	NULO	35.5	17
1987-05-05	106.5	NULO	32	19
1987-05-06	3	NULO	30	20
1987-05-07	30.5	2.22	29	18
1987-05-08	1	7.96	29.5	18.5
1987-05-09	0	2.99	31	17
1987-05-10	0	2.24	32	16
1987-05-11	1.5	5.9	33	17.5
1987-05-12	17.5	4.77	32	19
1987-05-13	0	5.63	33	18.5
1987-05-14	0	5.49	33.5	16
1987-05-15	0	4.37	34	15
1987-05-16	0	3.37	34	20
1987-05-17	0	2.13	33.5	20.5
1987-05-18	0	3.18	30	19
1987-05-19	1	5.9	34	18.5
1987-05-20	0	2.13	33	17.5
1987-05-21	0	5.22	34.5	20.5
1987-05-22	0	4.89	34	21
1987-05-23	0	2.8	35	22
1987-05-24	0	1.72	34	21
1987-05-25	0	3.82	34.5	22
1987-05-26	0	3.2	35	19
1987-05-27	0	3.64	35	19.5
1987-05-28	0	4.13	35	20
1987-05-29	20	5.48	33	21
1987-05-30	0	5.29	36	21
1987-05-31	0	3.01	33	20
1987-06-01	0.5	0.95	30	21
1987-06-02	0	0.89	32	22
1987-06-03	4	5.55	33	25
1987-06-04	0	2.66	28	21
1987-06-05	0	3.06	30	21
1987-06-06	40	3.96	34	23
1987-06-07	7	0.88	34	21
1987-06-08	0.5	1.63	28	21
1987-06-09	0	3.71	30	22
1987-06-10	0	5.47	33	23
1987-06-11	0	5.28	32	25
1987-06-12	20	3.17	32	25
1987-06-13	0	4.01	32	24
1987-06-14	0	2.33	32	24
1987-06-15	16.5	5.67	31	24
1987-06-16	0	4.22	32	23
1987-06-17	0	4.05	32	23
1987-06-18	0	5.38	33	25
1987-06-19	0	NULO	NULO	NULO
1987-06-23	NULO	NULO	NULO	NULO
1987-06-24	0	5.76	35	26
1987-06-25	0	3.22	35	24
1987-06-26	0	5.62	36	25
1987-06-27	0	5.8	35	26
1987-06-28	0	5.1	35	24
1987-06-29	0	6.49	35	23
1987-06-30	0	5.22	NULO	NULO
1987-07-01	2	3.44	34	23
1987-07-02	6	2.38	28	23
1987-07-03	0	3.66	31	22
1987-07-04	66	2.35	29	23
1987-07-05	35	1.15	28	22
1987-07-06	45	1.71	28	22
1987-07-07	6.5	3.37	30	22
1987-07-08	7	2.45	29	24
1987-07-09	3.5	1.45	28	23
1987-07-10	9.5	3.9	30	22
1987-07-11	0	4.92	32	23
1987-07-12	65.5	0.71	30	22
1987-07-13	14.5	2	29	22
1987-07-14	0	3.1	30	23
1987-07-15	0	2.84	31	24
1987-07-16	0	2.66	32	25
1987-07-17	0	4.18	32	25
1987-07-18	0	5.47	32	24
1987-07-19	0	6.34	31	23
1987-07-20	8.5	3.95	31	22
1987-07-21	18	0.6	27	22
1987-07-22	4	1.36	24	21
1987-07-23	11.5	2.18	26	21
1987-07-24	4.5	0.59	26	21
1987-07-25	31.5	0.5	27	21
1987-07-26	20	1.17	27	22
1987-07-27	185	0.23	23	21
1987-07-28	77	4.6	25	21
1987-07-29	21	1.64	27	21
1987-07-30	37.5	4.5	28	21
1987-07-31	3.5	3.47	28.5	22
1987-08-01	2.5	4.05	30.5	23
1987-08-02	0	5.77	31	23
1987-08-03	0	NULO	30.81	22
1987-08-04	0	NULO	32.5	22.96
1987-08-05	2.5	3.87	30	23
1987-08-06	0	1.51	30	23
1987-08-07	0	4.05	31	23.5
1987-08-08	0	4.4	32	23.5
1987-08-09	0	4.62	33	23
1987-08-10	0	3.56	33	25
1987-08-11	0	4.49	34.5	25
1987-08-12	0	1.27	33.5	26
1987-08-13	3.5	3.09	33.5	26
1987-08-14	0	4.53	34	26
1987-08-15	0	3.32	33	25.5
1987-08-16	0	2.51	34.5	24
1987-08-17	0	3.1	33	24.5
1987-08-18	0	5.71	33.5	23
1987-08-19	4.5	5.47	33.5	22
1987-08-20	0	2.77	32	22
1987-08-21	10.5	2.38	30	22
1987-08-22	0	3.07	32	21.5
1987-08-23	0	4.7	33	21
1987-08-24	0	5.15	32	24
1987-08-25	0	1.29	32	23
1987-08-26	12	2.48	29.5	22
1987-08-27	15	4.51	29.5	23
1987-08-28	0	1.56	30	22.5
1987-08-29	0	4.32	31	22
1987-08-30	0	3.48	32	22
1987-08-31	0	NULO	33	23
1987-09-01	0	NULO	23	22
1987-09-02	0	3.81	30	22
1987-09-03	0	3.52	32	22
1987-09-04	0	3.89	33	21
1987-09-05	0	4.26	33	22
1987-09-06	0	5.11	34	22
1987-09-07	0	5.51	34	23
1987-09-08	0	4.08	33	24
1987-09-09	0	4.65	34	22
1987-09-10	0	4.06	34	23
1987-09-11	0	4.46	35	25
1987-09-12	0	4.06	34	24
1987-09-13	0	4.22	34	25
1987-09-14	0	4.08	34	24
1987-09-15	0	4.27	34	24
1987-09-16	0	3.95	35	24
1987-09-17	4.81	4.9	34	25
1987-09-18	0	2.66	35	25
1987-09-19	0	3.67	34	25
1987-09-20	6.5	2.52	31	24
1987-09-21	132	1.78	28	24
1987-09-22	0	2.46	25	19
1987-09-23	0	4.65	29	20
1987-09-24	0	4.2	31	19
1987-09-25	0	4.34	34	20
1987-09-26	1	2.17	33	23
1987-09-27	1	2.77	33	24
1987-09-28	35	4.39	32	23
1987-09-29	0	NULO	33	22
1987-09-30	0	NULO	NULO	NULO
1987-10-01	0	3.67	30	15
1987-10-02	0	3.17	30	15
1987-10-03	0	3.72	30	18
1987-10-04	0	3.14	30	19
1987-10-05	11.5	3.96	30	20
1987-10-06	0	3.78	30	20
1987-10-07	0	2.38	29	18
1987-10-08	0	2.48	28	19
1987-10-09	0	3.16	30	19
1987-10-10	7	1.68	28	20
1987-10-11	0	1.98	28	20
1987-10-12	0	3.2	29	16
1987-10-13	0	2.31	28	17
1987-10-14	0	4.55	29	18
1987-10-15	0	2.87	29	18
1987-10-16	0	3.09	29	20
1987-10-17	0	3.06	30	20
1987-10-18	0	3.26	30	19
1987-10-19	0	NULO	29	21
1987-10-20	26.5	1	24	22
1987-10-21	0	1	27	19
1987-10-22	0	2.69	29	20
1987-10-23	0	2.33	30	21
1987-10-24	0	2.95	30	21
1987-10-25	0	3.33	31	19
1987-10-26	54	NULO	31	19
1987-10-27	0	1.1	31	21
1987-10-28	0	3.15	32	16
1987-10-29	0	0.85	28	17
1987-10-30	0	3.12	28	18
1987-10-31	0	1.99	29	17
1987-11-01	0	2.17	28	17
1987-11-02	0	1.13	28	16
1987-11-03	0	2.11	29	16
1987-11-04	0	2.24	29	17
1987-11-05	0	1.32	29	18
1987-11-06	0	1.22	29	17
1987-11-07	0	2.52	28	18
1987-11-08	20	0.94	21	20
1987-11-09	17	0.27	16	14
1987-11-10	5	0.76	15	12
1987-11-11	0	0.29	20	13
1987-11-12	0	1.47	22	14
1987-11-13	0	0.51	27	16
1987-11-14	0	1.24	29	18
1987-11-15	2	1	29	18
1987-11-16	0	1.29	23	18
1987-11-17	11.5	2.1	22	19
1987-11-18	15.5	1.36	NULO	NULO
1987-11-19	0	1.26	20	15
1987-11-20	0	1.63	22	11
1987-11-21	0	2.71	26	13
1987-11-22	0	1.12	25	16
1987-11-23	0	0.68	26	20
1987-11-24	0	1.3	27	18
1987-11-25	0	0.8	26	19
1987-11-26	6.5	1.45	23	18
1987-11-27	3.5	0.4	15	13
1987-11-28	0	0.96	20	13
1987-11-29	0	1.07	23	14
1987-11-30	0	0.44	NULO	NULO
1987-12-01	0	0.83	27	15
1987-12-02	0	1.07	23	15
1987-12-03	0	2.31	27	15
1987-12-04	0	1.29	27	15
1987-12-05	0	1.69	28	16
1987-12-06	0	1.94	27	17
1987-12-07	0	2.95	27	14
1987-12-08	0	1.74	25	15
1987-12-09	0	1.53	24	16
1987-12-10	0	1.5	28	16
1987-12-11	0	1.05	26	15
1987-12-12	0	1.85	28	18
1987-12-13	0	2.85	23	17
1987-12-14	0	1.7	15	12
1987-12-15	1.5	1.08	14	12
1987-12-16	0	1.21	18	9
1987-12-17	0	0.76	21	12
1987-12-18	0	0.79	27	14
1987-12-19	0	1.42	25	16
1987-12-20	6.5	1.57	27	18
1987-12-21	1.5	1.43	19	13
1987-12-22	0	1.24	25	12
1987-12-23	0	0.79	28	19
1987-12-24	0	0.75	28	20
1987-12-25	2.5	1.79	25	20
1987-12-26	0	0.45	13	8
1987-12-27	2	1.03	15	8
1987-12-28	0	0.99	15	9
1987-12-29	0	1.25	18	10
1987-12-30	0	1.34	22	12
1987-12-31	0	1.87	23	13
1988-01-01	6	0.27	13	10
1988-01-02	0	1.02	17	9
1988-01-03	0.5	0.3	15	11
1988-01-04	0	1.29	22	12
1988-01-05	0	1.75	24	12
1988-01-06	4.5	0.86	23	13
1988-01-07	2.5	0.5	16	12
1988-01-08	3.5	0.5	15	10
1988-01-09	3	0.63	11	10
1988-01-10	0	0.64	15	9
1988-01-11	0	1.09	23	10
1988-01-12	1	0.35	17	14
1988-01-13	0	2.09	20	13
1988-01-14	0.5	0.42	19	14
1988-01-15	0	0.83	25	14
1988-01-16	0	2.78	31	15
1988-01-17	0	3.26	31	15
1988-01-18	0	2.15	31	15
1988-01-19	2	3.3	31	15
1988-01-20	0	2.71	20	10
1988-01-21	0.5	1.55	15	10
1988-01-22	0	1.1	16	11
1988-01-23	0	0.38	20	11
1988-01-24	0	2.28	15	11
1988-01-25	0	0.97	21	6
1988-01-26	0.5	0.49	15	7
1988-01-27	0	0.4	16	10
1988-01-28	0	0.37	21	10
1988-01-29	0	2.39	23	11
1988-01-30	0	1.77	25	12
1988-01-31	0	1.78	23	14
1988-02-01	0	2.16	27	16
1988-02-02	0	1.35	27	17
1988-02-03	17	0.98	25	20
1988-02-04	10	0.82	12	10
1988-02-05	2.5	1.69	12	6
1988-02-06	0.5	1.02	18	6
1988-02-07	0	1.12	20	8
1988-02-08	9	1.42	22	13
1988-02-09	0	0.77	24	12
1988-02-10	22	0.84	19	14
1988-02-11	0	1.39	13	8
1988-02-12	0	0.96	21	9
1988-02-13	0	1.72	24	11
1988-02-14	3	2.63	22	13
1988-02-15	0	1.23	23	14
1988-02-16	0	1.47	29	15
1988-02-17	1	2.9	30	18
1988-02-18	6	0.85	18	17
1988-02-19	0	0.63	14	13
1988-02-20	0	2.04	22	9
1988-02-21	0	1.88	24	9
1988-02-22	0	3.5	31	9
1988-02-23	6	1.9	21	15
1988-02-24	1.5	0.32	21	16
1988-02-25	0	0.79	24	16
1988-02-26	0	2.89	21	17
1988-02-27	0	3.85	28	16
1988-02-28	0	3.28	27	18
1988-02-29	0	2.04	NULO	NULO
1988-03-01	0	3.31	28	18
1988-03-02	1	2.38	29	18
1988-03-03	4.5	0.46	16	14
1988-03-04	0	0.89	21	11
1988-03-05	0	0.31	21	14
1988-03-06	0	2.4	22	17
1988-03-07	0	3.48	30	17
1988-03-08	0	1.77	20	17
1988-03-09	0	2.23	23	11
1988-03-10	0	3.3	30	12
1988-03-11	0	6.45	37	12
1988-03-12	2	3.24	29	15
1988-03-13	14	1.64	18	16
1988-03-14	0	0.68	27	10
1988-03-15	4	4.29	27	10
1988-03-16	0	3.8	28	14
1988-03-17	0	3.5	19	14
1988-03-18	0	4.46	23	9
1988-03-19	0	2.61	23	10
1988-03-20	0	3.18	24	13
1988-03-21	0	3.06	27	16
1988-03-22	0.5	3.71	30	19
1988-03-23	0	2.96	30	19
1988-03-24	0	3.78	30	21
1988-03-25	0	2.56	30	20
1988-03-26	0	4.51	30	19
1988-03-27	18.5	4.69	30	20
1988-03-28	3.5	2.88	25	17
1988-03-29	0	3.7	31	17
1988-03-30	0	4.15	35	18
1988-03-31	0	3.5	30	19
1988-04-01	0	4.37	31	22
1988-04-02	0	1.65	29	21
1988-04-03	0	1.8	30	22
1988-04-04	0	3.29	30	22
1988-04-05	57.5	3.34	27	23
1988-04-06	5	2.12	22	17
1988-04-07	7.5	3.1	24	17
1988-04-08	0	1.68	27	18
1988-04-09	84.5	NULO	27	19
1988-04-10	5	4.08	17	9
1988-04-11	0	4.17	25	9
1988-04-12	0	4.5	30	14
1988-04-13	0	5.48	29	18
1988-04-14	0	2.78	27	19
1988-04-15	0	3.69	29	20
1988-04-16	0	2.82	32	22
1988-04-17	0	6.1	36	19
1988-04-18	0	7.15	32	20
1988-04-19	0	4.9	30	20
1988-04-20	0	5.85	33	21
1988-04-21	0	3.7	36	22
1988-04-22	0	5.17	38	20
1988-04-23	0	4.2	35	21
1988-04-24	0	5.51	34	23
1988-04-25	0	3.64	33	20
1988-04-26	0	5.28	33	21
1988-04-27	0	4.79	27	21
1988-04-28	0	5.96	34	22
1988-04-29	0	5.17	34	23
1988-04-30	0	1.59	NULO	NULO
1988-05-01	0	5.07	33	23
1988-05-02	0	5.1	32	23
1988-05-03	0	5	30	22
1988-05-04	0	2.5	27	21
1988-05-05	0	2.95	30	21
1988-05-06	0	4.65	32	21
1988-05-07	0	3.2	34	23
1988-05-08	0.5	3.9	32	24
1988-05-09	0	1.48	30	23
1988-05-10	23.5	3.51	29	23
1988-05-11	0	3.21	29	19
1988-05-12	0	3.75	29	20
1988-05-13	0	2.9	29	22
1988-05-14	0	4.35	31	21
1988-05-15	0	4.8	32	21
1988-05-16	0	4.07	31	22
1988-05-17	0	2.94	30	23
1988-05-18	0	NULO	33	23
1988-05-19	0	NULO	NULO	NULO
1988-06-01	0	5.17	34	25
1988-06-02	38	4.1	34	25
1988-06-03	0	4.39	29	24
1988-06-04	0	5.19	33	21
1988-06-05	0	8.23	33	22
1988-06-06	0	5.21	33	22
1988-06-07	0	3.94	34	23
1988-06-08	0	5.1	36	24
1988-06-09	0	4.2	36	25
1988-06-10	0	3.23	32	24
1988-06-11	6.5	3.55	33	21
1988-06-12	2	6.52	34	22
1988-06-13	15	2.26	32	22
1988-06-14	38.5	3.49	27	23
1988-06-15	20	3.7	26	22
1988-06-16	3	1.39	30	22
1988-06-17	6.5	2.5	30	21
1988-06-18	26	2.42	29	22
1988-06-19	12.5	3.86	31	22
1988-06-20	20	3.95	29	22
1988-06-21	1.5	3.7	30	22
1988-06-22	0	4.38	33	22
1988-06-23	0	4.75	32	22
1988-06-24	0	2.73	30	23
1988-06-25	0	3.94	33	24
1988-06-26	0	1.95	32	24
1988-06-27	0	6.73	33	24
1988-06-28	0	3.96	32	24
1988-06-29	0	5.85	33	23
1988-06-30	0	4.59	NULO	NULO
1988-07-01	2.5	3.2	32	25
1988-07-02	84	3.88	29	23
1988-07-03	0	2.29	32	22
1988-07-04	37.5	4.44	26	23
1988-07-05	0	3.35	30	22
1988-07-06	0	3.9	30	23
1988-07-07	0	4.67	31	23
1988-07-08	0	4.1	32	24
1988-07-09	0	5.57	33	25
1988-07-10	0	5.53	35	25
1988-07-11	0	5.72	34	25
1988-07-12	0	5.49	33	25
1988-07-13	0	4.34	33	25
1988-07-14	52.5	4.8	27	24
1988-07-15	2	2.25	27	23
1988-07-16	0	4.63	30	22
1988-07-17	3.5	2.86	31	22
1988-07-18	0	3.89	30	22
1988-07-19	26	3.52	28	22
1988-07-20	12.5	4.15	28	20
1988-07-21	11	0.49	29	20
1988-07-22	0	4.27	31	20
1988-07-23	3.5	2.91	30	22
1988-07-24	4.5	3.83	31	22
1988-07-25	0	4.7	31	22
1988-07-26	15	2.92	30	24
1988-07-27	13	2.98	26	21
1988-07-28	22.5	5.4	29	21
1988-07-29	3.5	0.74	29	22
1988-07-30	0	5.07	30	22
1988-07-31	0	4.29	30	21
1988-08-01	0	1.02	30	22
1988-08-02	1	2.31	32	22
1988-08-03	0	5.14	32	23
1988-08-04	0	4.62	31	23
1988-08-05	1.5	3.01	32	22
1988-08-06	0	1.25	30	22
1988-08-07	0	1.3	32	23
1988-08-08	0	2.53	33	23
1988-08-09	0	4.73	32	24
1988-08-10	0	3.92	33	23
1988-08-11	21	2.55	30	24
1988-08-12	0	2.33	28	22
1988-08-13	4.5	3.99	32	22
1988-08-14	68	4.23	25	23
1988-08-15	20	1.5	27	22
1988-08-16	10.5	2.1	26	22
1988-08-17	21.5	0.62	27	22
1988-08-18	10	2.15	29	23
1988-08-19	23	3.66	30	23
1988-08-20	18	3.02	29	23
1988-08-21	2	1.77	28	23
1988-08-22	0	2.6	29	23
1988-08-23	0	2.73	32	24
1988-08-24	0	4.97	33	23
1988-08-25	0	6.07	33	22
1988-08-26	0	3.75	32	23
1988-08-27	0	4.46	33	24
1988-08-28	0	2.62	30	23
1988-08-29	7.5	0.87	29	22
1988-08-30	0	1.56	30	22
1988-08-31	0	4.25	31	22
1988-09-01	69	NULO	25	22
1988-09-02	41	3.63	27	23
1988-09-03	101	NULO	25	22
1988-09-04	3	3.07	25	20
1988-09-05	0	3.41	28	19
1988-09-06	0	4.05	30	18
1988-09-07	0	4.35	31	20
1988-09-08	0	3.18	30	20
1988-09-09	0	5.34	30	18
1988-09-10	0	4.03	31	18
1988-09-11	0	3.06	30	20
1988-09-12	0	3.36	30	22
1988-09-13	7	1.68	30	22
1988-09-14	0	2	33	22
1988-09-15	0	0.9	30	23
1988-09-16	0.5	3.43	30	23
1988-09-17	0	2.81	32	24
1988-09-18	0	4.85	32	24
1988-09-19	0	3.29	30	23
1988-09-20	0	2.92	29	23
1988-09-21	0	4.32	30	22
1988-09-22	0	2.62	31	23
1988-09-23	0	2.02	31	24
1988-09-24	0	2.08	30	23
1988-09-25	0	3.22	31	22
1988-09-26	0	3.85	31	21
1988-09-27	0	4.35	31	21
1988-09-28	0	3.76	31	22
1988-09-29	5	2.47	30	23
1988-09-30	0	2.87	NULO	NULO
1988-10-01	61	NULO	29	23
1988-10-02	0	2.34	27	19
1988-10-03	3	2.44	26	18
1988-10-04	5.5	0.65	24	19
1988-10-05	0	1.21	25	19
1988-10-06	0	1.85	24	18
1988-10-07	0	0.69	25	18
1988-10-08	0	NULO	NULO	NULO
1988-10-10	NULO	NULO	NULO	NULO
1988-10-11	0.5	3.15	27	18
1988-10-12	0	0.78	29	19
1988-10-13	0	2.82	27	17
1988-10-14	0	3.37	27	18
1988-10-15	0	2.53	27	19
1988-10-16	0	NULO	27	18
1988-10-17	0	1.18	28	19
1988-10-18	0	1.9	28	19
1988-10-19	0	2.24	29	21
1988-10-20	0.5	1.38	29	21
1988-10-21	0	2.25	29	22
1988-10-22	0	2.07	31	20
1988-10-23	0	3.36	30	21
1988-10-24	0	1.22	30	22
1988-10-25	0	3.72	30	22
1988-10-26	0	1.61	30	22
1988-10-27	0	1.63	29	21
1988-10-28	11.5	0.92	27	21
1988-10-29	7	1.58	27	21
1988-10-30	35	0.74	28	20
1988-10-31	0	0.41	27	18
1988-11-01	0	1.86	28	15
1988-11-02	0	3.93	29	15
1988-11-03	0	2.04	24	16
1988-11-04	0.5	1.88	34	17
1988-11-05	0	1	27	19
1988-11-06	0	2.33	29	19
1988-11-07	0	1.95	29	19
1988-11-08	0	1.54	29	19
1988-11-09	0	1.78	29	20
1988-11-10	0	2.68	27	20
1988-11-11	0	1.44	29	20
1988-11-12	0	1.48	28	20
1988-11-13	0	2.06	29	20
1988-11-14	0	1.96	29	21
1988-11-15	36.5	2.74	26	19
1988-11-16	0	0.43	23	16
1988-11-17	0	2.35	27	16
1988-11-18	0	1.65	29	17
1988-11-19	0	3.35	21	18
1988-11-20	0	3.16	21	13
1988-11-21	0	1.51	20	14
1988-11-22	0	0.78	25	12
1988-11-23	0	2.22	27	17
1988-11-24	0	1.75	29	18
1988-11-25	0	3.5	34	18
1988-11-26	0	5.23	29	19
1988-11-27	0	2.84	21	16
1988-11-28	0	1.77	25	14
1988-11-29	0	2.19	20	15
1988-11-30	0	3.57	NULO	NULO
1988-12-01	2	0.65	17	13
1988-12-02	0	1.77	21	13
1988-12-03	4.5	2.88	21	15
1988-12-04	0	2.48	18	15
1988-12-05	0	2.07	23	14
1988-12-06	0	0.44	23	14
1988-12-07	1.5	0.96	26	16
1988-12-08	1.5	0.49	15	13
1988-12-09	0	1.08	24	11
1988-12-10	0	0.35	17	11
1988-12-11	0.5	0.24	17	14
1988-12-12	0	1.48	17	13
1988-12-13	0	1.44	25	12
1988-12-14	6.5	0.56	25	12
1988-12-15	6	4.62	19	16
1988-12-16	0	2.44	16	12
1988-12-17	0	0.25	16	12
1988-12-18	0	1.24	23	14
1988-12-19	0	1.41	26	15
1988-12-20	0	2.9	26	16
1988-12-21	0	0.9	27	16
1988-12-22	0	1.03	27	17
1988-12-23	0	1.47	26	14
1988-12-24	0	1.7	26	17
1988-12-25	0	2.41	26	17
1988-12-26	0	3.01	28	15
1988-12-27	0	3.36	18	13
1988-12-28	0	0.68	24	13
1988-12-29	0	1.99	27	14
1988-12-30	0	0.82	26	15
1988-12-31	0	1.45	27	15
1989-01-01	0	1	26	20
1989-01-02	0	1.5	28	20
1989-01-03	0	0.79	25	20
1989-01-04	0	2.41	28	17
1989-01-05	0	2.61	30	17
1989-01-06	0	1.58	27	17
1989-01-07	0	1.48	26	19
1989-01-08	0.5	0.53	20	18
1989-01-09	0	1.31	20	13
1989-01-10	0	2.21	26	14
1989-01-11	1.5	0.68	27	15
1989-01-12	10.5	1.74	18	15
1989-01-13	0.5	0.66	19	11
1989-01-14	0	0.9	23	10
1989-01-15	12	0.9	25	13
1989-01-16	0	1.65	23	17
1989-01-17	0	0.4	25	18
1989-01-18	1.5	1.49	26	18
1989-01-19	25.5	0.58	19	18
1989-01-20	0	1.1	16	13
1989-01-21	0	1.09	22	12
1989-01-22	0	3.22	22	14
1989-01-23	0	1.92	26	15
1989-01-24	0	1.05	27	15
1989-01-25	5	0.58	26	19
1989-01-26	0.5	0.47	27	20
1989-01-27	0	2.38	26	19
1989-01-28	0	0.64	27	19
1989-01-29	15.5	2.12	22	20
1989-01-30	0	1.96	22	17
1989-01-31	0	1.76	23	17
1989-02-01	0	2.59	28	17
1989-02-02	23	2.55	27	18
1989-02-03	0.5	0.19	15	13
1989-02-04	0.5	0.84	18	11
1989-02-05	3.5	0.1	14	13
1989-02-06	0.5	0.5	6	5
1989-02-07	7	NULO	9	5
1989-02-08	7	0.77	12	5
1989-02-09	7	0.18	16	7
1989-02-10	0	2.58	25	8
1989-02-11	0	2.98	26	14
1989-02-12	0	3.37	28	16
1989-02-13	0	0.26	24	18
1989-02-14	0	2.94	28	20
1989-02-15	8	1.42	23	20
1989-02-16	27.5	3.52	24	19
1989-02-17	5.5	0.9	18	16
1989-02-18	0	0.44	22	14
1989-02-19	0	4.08	29	14
1989-02-20	0	5.89	29	18
1989-02-21	0	3.03	19	16
1989-02-22	0	4.41	22	9
1989-02-23	0	4.58	24	10
1989-02-24	0	3.45	25	12
1989-02-25	0	3.5	22	12
1989-02-26	0	5.17	30	13
1989-02-27	0	1.84	34	15
1989-02-28	0	1.71	NULO	NULO
1989-03-01	0.5	1.98	25	18
1989-03-02	0	5.3	31	18
1989-03-03	0	4.94	35	17
1989-03-04	0.5	3.51	17	13
1989-03-05	0	0.48	14	9
1989-03-06	0	3.25	20	6
1989-03-07	0	4.04	22	8
1989-03-08	0	3.33	23	9
1989-03-09	0	3	25	10
1989-03-10	0	5.8	26	11
1989-03-11	0	4.65	28	11
1989-03-12	0	5.66	30	13
1989-03-13	0	5.73	32	15
1989-03-14	0.5	3.7	33	18
1989-03-15	0	3.84	28	19
1989-03-16	0	3.87	29	19
1989-03-17	0	4.7	29	17
1989-03-18	0	2.6	24	20
1989-03-19	0	5.48	31	20
1989-03-20	5	4.82	30	21
1989-03-21	0	3.15	14	11
1989-03-22	0	4.49	25	11
1989-03-23	0	5.01	27	15
1989-03-24	0	6.55	30	18
1989-03-25	0	3.9	31	21
1989-03-26	0	7.05	34	23
1989-03-27	0	2.98	35	19
1989-03-28	0	6.57	32	21
1989-03-29	0	7.24	33	18
1989-03-30	0	4.83	30	19
1989-03-31	0	5.62	31	20
1989-04-01	0	5.97	34	18
1989-04-02	0	8.47	36	21
1989-04-03	0.5	7.38	37	21
1989-04-04	34.5	3.13	24	22
1989-04-05	0	3.36	26	18
1989-04-06	0	5.83	32	18
1989-04-07	0	7.48	34	17
1989-04-08	0.5	5.14	34	19
1989-04-09	13.5	2.27	30	22
1989-04-10	0	2.11	20	11
1989-04-11	0	5.4	28	13
1989-04-12	0	2.28	28	18
1989-04-13	20	4.28	30	18
1989-04-14	27	3.06	26	20
1989-04-15	0	5.28	28	18
1989-04-16	0	4.35	30	19
1989-04-17	0	5.27	31	21
1989-04-18	0	6.18	31	22
1989-04-19	0	6.25	31	21
1989-04-20	0	6.6	32	21
1989-04-21	0	7.42	31	19
1989-04-22	0	4.59	31	21
1989-04-23	0	4.35	31	22
1989-04-24	24.5	7.34	32	22
1989-04-25	0	3.93	32	19
1989-04-26	0	5.5	31	20
1989-04-27	0	5.8	34	24
1989-04-28	0	5.99	35	25
1989-04-29	0	4.73	32	25
1989-04-30	13.5	2.08	NULO	NULO
1989-05-01	0	4.82	30	19
1989-05-02	0	6.22	32	22
1989-05-03	0	NULO	33	22
1989-05-04	0	5.21	34	24
1989-05-05	36.5	6.92	32	23
1989-05-06	0	6.22	31	19
1989-05-07	0	4.25	32	21
1989-05-08	0	5.34	32	23.5
1989-05-09	0	3.69	32	25
1989-05-10	0	5.29	32	24
1989-05-11	0	4.91	33	22
1989-05-12	0	5.86	34	24
1989-05-13	0	5.61	34	24
1989-05-14	0	4.95	34	26
1989-05-15	0	4.57	35	27
1989-05-16	0	5.28	37	24
1989-05-17	0	5.77	37	26
1989-05-18	0	4.78	36	26
1989-05-19	0	5.2	35	27
1989-05-20	0	NULO	35	26
1989-05-21	0	6.27	36	25
1989-05-22	0	6.04	35	23
1989-05-23	0	7.47	37	23
1989-05-24	0	5.28	37	25
1989-05-25	8	4.68	35	25
1989-05-26	17	5.34	32	25
1989-05-27	0	5.78	32	22
1989-05-28	0	6.1	34	22
1989-05-29	0	5.55	34	22
1989-05-30	0	5.45	33	23
1989-05-31	0	5.7	34	23
1989-06-01	0	5.4	34	24
1989-06-02	0	6	35	23
1989-06-03	0	7.6	36	25
1989-06-04	0	3.94	35	26
1989-06-05	0	5.36	37	26
1989-06-06	0	7.27	40	25
1989-06-07	0	7.02	40	28
1989-06-08	0	4.25	37	27
1989-06-09	0	7.24	39	24
1989-06-10	0	7.27	37	25
1989-06-11	0	6.86	37	25
1989-06-12	0	6.2	37	26
1989-06-13	76	NULO	37	26
1989-06-14	15	2.15	31	21
1989-06-15	0	5.12	31	21
1989-06-16	0	2.33	33	18
1989-06-17	5.5	0.36	28	21
1989-06-18	4.5	0.58	32	23
1989-06-19	25	5.84	35	20
1989-06-20	2.5	0.67	34	20
1989-06-21	22.5	1.09	24	20
1989-06-22	1	1.66	32	20
1989-06-23	0	4.97	33	22
1989-06-24	15.5	NULO	34	25
1989-06-25	0	2.6	33	23
1989-06-26	16.5	4.24	36	24
1989-06-27	11.5	2.51	35	22
1989-06-28	1	4.43	36	22
1989-06-29	0	5.42	34	21
1989-06-30	0	5.7	NULO	NULO
1989-07-01	0	4.34	35	25
1989-07-02	0	6.08	36	24
1989-07-03	0.5	4.03	35	26
1989-07-04	2	5.92	35	25
1989-07-05	4	4.98	26	22
1989-07-06	0	0.25	33	23
1989-07-07	0	3.32	32	22
1989-07-08	0	NULO	34	22
1989-07-09	0	5	34	23
1989-07-10	35	0.56	27	23
1989-07-11	0	0.79	25	22
1989-07-12	0	2.85	30	21
1989-07-13	0	6.07	33	22
1989-07-14	0	5.51	34	23
1989-07-15	0	4.54	35	24
1989-07-16	0	6.36	35	25
1989-07-17	0	3.64	35	26
1989-07-18	0	6.52	35	25
1989-07-19	0	4.53	35	23
1989-07-20	0	5.13	35	25
1989-07-21	1.5	4.08	35	23
1989-07-22	3	3.76	33	22
1989-07-23	20	2.86	34	23
1989-07-24	42	NULO	29	24
1989-07-25	4	0.47	27	22
1989-07-26	26	2.12	27	21
1989-07-27	13.5	2.23	29	22
1989-07-28	0.5	1.56	30	22
1989-07-29	0	0.62	33	21
1989-07-30	0	0.29	31	22
1989-07-31	0	5.77	34	25
1989-08-01	0	NULO	33	25
1989-08-02	0	NULO	34	24
1989-08-03	0	4.84	33	25
1989-08-04	2.5	3.33	32	23
1989-08-05	103	NULO	33	23
1989-08-06	11.5	0.76	30	22
1989-08-07	11	0.95	26	23
1989-08-08	45	2.61	31	22
1989-08-09	0	4.27	31	21
1989-08-10	0	3.41	32	21
1989-08-11	0	4.3	31	23
1989-08-12	0	4.05	33	23
1989-08-13	0	4.28	33	23
1989-08-14	4	1.64	30	23
1989-08-15	0	5.79	32	22
1989-08-16	0	3.91	32	23
1989-08-17	82.5	NULO	29	24
1989-08-18	0	3.19	30	22
1989-08-19	0	5.51	32	22
1989-08-20	0	4.66	33	24
1989-08-21	4	4	33	24
1989-08-22	25	3.04	31	23
1989-08-23	0	1.52	30	24
1989-08-24	27	NULO	27	22
1989-08-25	8	1.55	29	22
1989-08-26	4.5	0.77	31	22
1989-08-27	23.5	0.1	30	22
1989-08-28	77	NULO	27	22
1989-08-29	0	1.57	30	22
1989-08-30	0	4.13	30	22
1989-08-31	0	2.09	31	23
1989-09-01	1	3.94	31	22
1989-09-02	0	3.87	31	22
1989-09-03	0	NULO	33	22
1989-09-04	4	0.4	28	24
1989-09-05	6	1.62	31	23
1989-09-06	0	2.48	30	22
1989-09-07	0	3.8	30	22
1989-09-08	0	5.55	33	23
1989-09-09	0	1.37	31	25
1989-09-10	9	2.83	31	23
1989-09-11	0	4.13	32	22
1989-09-12	0	4.22	33	22
1989-09-13	98	NULO	32	23
1989-09-14	8.5	1.28	25	22
1989-09-15	1	0.47	26	21
1989-09-16	29.5	3.29	23	21
1989-09-17	245	NULO	26	21
1989-09-18	17	0.79	28	22
1989-09-19	0	1.61	29	20
1989-09-20	0	3.2	31	21
1989-09-21	6.5	2.07	31	22
1989-09-22	0	2.23	28	22
1989-09-23	0	2.88	27	17
1989-09-24	0	3.37	27	16
1989-09-25	0	2.91	29	16
1989-09-26	0	0.57	25	18
1989-09-27	0	1.52	25	18
1989-09-28	0	2.91	29	16
1989-09-29	0	3.18	29	17
1989-09-30	0	3.44	NULO	NULO
1989-10-01	0	3.15	30	17
1989-10-02	0	2.96	30	19
1989-10-03	0	2.35	30	20
1989-10-04	0	2.42	31	22
1989-10-05	0	NULO	32	4
1989-10-06	36	1.71	32	25
1989-10-07	12.5	1	26	23
1989-10-08	0	0.61	28	21
1989-10-09	0	2.01	29	19
1989-10-10	0	3.35	30	18
1989-10-11	0	3.53	30	15
1989-10-12	0	2.52	31	14
1989-10-13	0	3.63	32	17
1989-10-14	0	1.93	31	19
1989-10-15	0	1.92	30	20
1989-10-16	59	NULO	31	22
1989-10-17	18	1.16	20	19
1989-10-18	3	0.4	16	14
1989-10-19	0	0.58	21	11
1989-10-20	0	2.15	25	11
1989-10-21	0	2.16	27	15
1989-10-22	0	2.37	27	17
1989-10-23	0	2.27	27	17
1989-10-24	0	0.5	28	20
1989-10-25	0	3.27	27	19
1989-10-26	0	1.17	28	18
1989-10-27	0	2.29	28	19
1989-10-28	0	2.34	29	19
1989-10-29	30	1	29	20
1989-10-30	2.5	3.69	19	18
1989-10-31	0	1.1	26	17
1989-11-01	7	0.14	24	19
1989-11-02	0	1.84	17	15
1989-11-03	0	0.97	26	14
1989-11-04	0	1.61	27	17
1989-11-05	0	1.48	28	20
1989-11-06	0	2.59	30	20
1989-11-07	0	0.47	30	22
1989-11-08	4.5	0.87	28	23
1989-11-09	1.5	0.47	24	20
1989-11-10	26	NULO	26	20
1989-11-11	0	1.1	25	20
1989-11-12	0	2.1	28	20
1989-11-13	0	0.97	28	20
1989-11-14	14.5	1.34	29	20
1989-11-15	0	1.12	20	16
1989-11-16	0	0.89	22	10
1989-11-17	5	2.23	25	13
1989-11-18	2	0.83	22	17
1989-11-19	0	2.44	26	18
1989-11-20	0	1.25	28	18
1989-11-21	79	NULO	29	19
1989-11-22	0	0.8	19	18
1989-11-23	0	0.75	23	15
1989-11-24	0	0.7	24	16
1989-11-25	0	2.56	28	17
1989-11-26	0	0.77	27	18
1989-11-27	47	2.97	27	21
1989-11-28	15	NULO	14	12
1989-11-29	5	0.68	12	11
1989-11-30	8	1.06	NULO	NULO
1989-12-01	12	0.5	14	10
1989-12-02	18.5	0.76	12	11
1989-12-03	1	0.56	14	9
1989-12-04	0	0.84	22	10
1989-12-05	4	0.32	25	13
1989-12-06	26	NULO	26	16
1989-12-07	1.5	0.72	NULO	NULO
1989-12-08	0	0.88	19	11
1989-12-09	0	0.55	23	10
1989-12-10	6	2.07	28	11
1989-12-11	2.5	0.79	NULO	NULO
1989-12-12	0	1.02	12	7
1989-12-13	0	0.54	20	9
1989-12-14	0	1.47	25	11
1989-12-15	1	0.46	16	13
1989-12-16	1	0.5	13	10
1989-12-17	0.5	0.56	14	12
1989-12-18	4.5	0.44	15	11
1989-12-19	0	0.9	15	12
1989-12-20	4	0.1	21	13
1989-12-21	8	0.7	NULO	NULO
1989-12-22	0	0.73	2	-1
1989-12-23	0	0.8	14	-1
1989-12-24	0	0.3	17	0
1989-12-25	0	1.61	21	4
1989-12-26	0	2.29	24	6
1989-12-27	0	1.45	23	10
1989-12-28	0	1.07	25	12
1989-12-29	0	2.15	28	13
1989-12-30	8	1.62	25	13
1989-12-31	1	1.65	15	13
1990-01-01	0	0.47	18	13
1990-01-02	0	3.39	25	14
1990-01-03	0	1.27	25	15
1990-01-04	3	0.28	23	15
1990-01-05	4.5	1.55	18	16
1990-01-06	1	0.2	14	12
1990-01-07	0	2.7	22	10
1990-01-08	0	2.1	24	11
1990-01-09	0	1.2	22	13
1990-01-10	0	1.61	25	17
1990-01-11	56	5.81	26	17
1990-01-12	0	1.02	15	12
1990-01-13	0	0.33	23	13
1990-01-14	0	2.31	25	13
1990-01-15	0	1.94	26	14
1990-01-16	0	3.18	27	16
1990-01-17	0	1.18	26	18
1990-01-18	0	1.47	28	19
1990-01-19	1	1.5	21	20
1990-01-20	0	1.13	20	12
1990-01-21	0	2.01	24	17
1990-01-22	0	1.63	27	17
1990-01-23	1	3.18	28	16
1990-01-24	15.5	0.15	21	17
1990-01-25	0	3.5	20	11
1990-01-26	0	1.64	24	11
1990-01-27	6	1.76	26	14
1990-01-28	1.5	2.28	18	14
1990-01-29	0	2.36	25	12
1990-01-30	0	2.26	26	13
1990-01-31	0	2.9	28	13
1990-02-01	0	1.98	30	18
1990-02-02	0	3.92	29	17
1990-02-03	0	3.73	21	17
1990-02-04	0	3.06	23	12
1990-02-05	0	2.07	26	13
1990-02-06	0	2.83	25	16
1990-02-07	0	2.87	28	17
1990-02-08	0	3.77	30	18
1990-02-09	0	4.31	25	19
1990-02-10	0	4.09	26	15
1990-02-11	0	4.08	26	11
1990-02-12	0	6.49	27	12
1990-02-13	0	3.9	32	13
1990-02-14	0	7.06	36	18
1990-02-15	0	4.17	32	18
1990-02-16	6	1.4	22	16
1990-02-17	0	1.9	24	12
1990-02-18	6	1.4	23	13
1990-02-19	8	0.7	19	17
1990-02-20	0	4.32	29	16
1990-02-21	38.5	6.98	25	16
1990-02-22	0	2.38	21	14
1990-02-23	0	4.36	22	10
1990-02-24	0	4.88	23	10
1990-02-25	0	4.27	23	12
1990-02-26	0	1.87	23	15
1990-02-27	0	3.31	25	18
1990-02-28	9.5	2.38	NULO	NULO
1990-03-01	0	1.41	18	12
1990-03-02	0	3.08	24	12
1990-03-03	0	3	24	15
1990-03-04	0	2.65	27	16
1990-03-05	16	3.42	29	19
1990-03-06	0	1.96	28	20
1990-03-07	0	1.95	27	20
1990-03-08	4	2.07	27	20
1990-03-09	1	1.7	28	20
1990-03-10	0	2.88	28	21
1990-03-11	0	1.97	28	21
1990-03-12	0	2.59	28	21
1990-03-13	0	4.19	32	20
1990-03-14	0	2.63	25	20
1990-03-15	1	0.86	21	16
1990-03-16	0	4.94	25	16
1990-03-17	0	4.22	27	15
1990-03-18	14.5	NULO	22	15
1990-03-19	4.5	2.26	19	16
1990-03-20	0	4.17	25	12
1990-03-21	0	5.2	27	15
1990-03-22	0	3.54	26	19
1990-03-23	1.5	3.7	26	17
1990-03-24	0	3.55	27	18
1990-03-25	0	1.41	27	19
1990-03-26	0.5	3.92	24	19
1990-03-27	0	2.45	29	19
1990-03-28	0	3.89	32	20
1990-03-29	0	5.16	33	21
1990-03-30	0.5	4.14	30	23
1990-03-31	0	4.97	31	22
1990-04-01	15.5	3.05	30	23
1990-04-02	22	1.11	24	23
1990-04-03	0	1.5	24	19
1990-04-04	0	2.33	26	20
1990-04-05	15.5	6.26	34	21
1990-04-06	0	1.8	20	17
1990-04-07	0	2.54	25	17
1990-04-08	0	2.67	29	18
1990-04-09	33.5	2.69	31	22
1990-04-10	25	4.82	21	19
1990-04-11	3.5	0.23	20	18
1990-04-12	0	1.95	27	19
1990-04-13	0	3.34	30	20
1990-04-14	0	3.48	30	19
1990-04-15	0	3.89	25	21
1990-04-16	0	5.21	32	22
1990-04-17	0	4.81	30	20
1990-04-18	0	4.54	30	22
1990-04-19	0	4.46	30	21
1990-04-20	0	3.41	30	22
1990-04-21	0	4.26	29	21
1990-04-22	10	5.2	31	20
1990-04-23	0	3.32	30	22
1990-04-24	0	2.19	29	23
1990-04-25	0	5.67	33	23
1990-04-26	0	6.16	31	24
1990-04-27	0	4.97	34	20
1990-04-28	0	5.2	35	21
1990-04-29	0	3.92	35	24
1990-04-30	0	4.05	NULO	NULO
1990-05-01	0	5.9	35.5	12.5
1990-05-02	0	6.35	38.5	20
1990-05-03	1	5.05	34	22.5
1990-05-04	10.5	5.5	21	20
1990-05-05	1.5	NULO	19	16
1990-05-06	22	NULO	23	16
1990-05-07	6	0.5	24	15
1990-05-08	0	5.03	33	16
1990-05-09	0	6.12	35.5	17
1990-05-10	0	5.97	35.5	19
1990-05-11	0	16.68	36	19
1990-05-12	18	NULO	32	27
1990-05-13	13	NULO	38	24
1990-05-14	4	5.73	35.5	22
1990-05-15	0	5.15	35	21.5
1990-05-16	0	6.82	35	21.5
1990-05-17	0	4.64	35	23
1990-05-18	0	11.7	35	18
1990-05-19	0	NULO	33	25
1990-05-20	0.5	NULO	36	22
1990-05-21	0	6.8	38	19
1990-05-22	7	3.9	29	25
1990-05-23	0	5	35	17.5
1990-05-24	0	5.5	35.5	18.5
1990-05-25	0	10.7	35	20
1990-05-26	0	NULO	36	22
1990-05-27	0	NULO	38	25
1990-05-28	0	9.02	37	14
1990-05-29	0	6.33	39	24
1990-05-30	0	7.43	41.5	24
1990-05-31	0	4.55	37	25
1990-06-01	0	3.76	35	25
1990-06-02	0	4.82	32	24
1990-06-03	0	5.21	34	22
1990-06-04	0	7.2	35	22
1990-06-05	0	6.67	35	23
1990-06-06	0	6.79	35	25
1990-06-07	0	6.65	36	24
1990-06-08	40	1.52	33	23
1990-06-09	0	6.44	38	22
1990-06-10	0	5.57	37	19
1990-06-11	0	6.53	36	19.5
1990-06-12	0	5.52	35	19
1990-06-13	0	5.85	37	20
1990-06-14	0	5.85	34	24
1990-06-15	0	5.85	36	25
1990-06-16	0	5.85	36	24
1990-06-17	0	5.85	36	25
1990-06-18	0	5.85	35	23
1990-06-19	0	5.85	36	23
1990-06-20	0	5.85	37	22
1990-06-21	0	5.85	35	24
1990-06-22	41	5.85	32	25
1990-06-23	4.5	5.85	37	22
1990-06-24	1.5	5.85	27	22
1990-06-25	0	5.85	32	22
1990-06-26	0	5.85	33	22
1990-06-27	0	5.85	35	23
1990-06-28	12	5.85	36	23
1990-06-29	60	5.85	34	22
1990-06-30	0	5.85	35	22
1990-07-01	0	2.15	27	23
1990-07-02	16.5	2.91	29	22
1990-07-03	0	3.73	31	23
1990-07-04	60	4.84	31	23
1990-07-05	14	1.9	26	23
1990-07-06	0	2.38	30	21
1990-07-07	45	2.79	26	23
1990-07-08	3.5	2.52	29	22
1990-07-09	7	4.76	30	25
1990-07-10	10	3.28	29	21
1990-07-11	3	4	29	21
1990-07-12	0	1.62	29	23
1990-07-13	0	4.79	32	23
1990-07-14	0	5.19	32	22
1990-07-15	0	3.36	31	24
1990-07-16	0	3.92	31	24
1990-07-17	0	3.27	29	24
1990-07-18	33	2.13	30	22
1990-07-19	8	4.17	30	21
1990-07-20	3	4.99	32	22
1990-07-21	0	4.75	31	22
1990-07-22	6.5	4.66	32	23
1990-07-23	0	4.1	29	23
1990-07-24	0	4.77	31	22
1990-07-25	0	4.5	31	22
1990-07-26	0	6.42	32	23
1990-07-27	0	5.92	33	23
1990-07-28	0	4.29	33	24
1990-07-29	0	4.1	33	24
1990-07-30	0	3.97	33	23
1990-07-31	0	6.39	34	23
1990-08-01	0	3.08	32	24
1990-08-02	1.5	1.14	31	24
1990-08-03	6	3.38	32	24
1990-08-04	10	3.71	32	24
1990-08-05	58	3.12	29	23
1990-08-06	0	2.94	28	22
1990-08-07	10	2.83	29	20
1990-08-08	0.5	2.56	28	22
1990-08-09	1.5	1.82	30	22
1990-08-10	1.5	3.38	30	22
1990-08-11	2	2.62	28	23
1990-08-12	0.5	2.4	30	24
1990-08-13	0	5.19	31	22
1990-08-14	1.5	2.34	30	23
1990-08-15	0.5	3.25	30	21
1990-08-16	6.5	2.18	31	22
1990-08-17	0	4.3	31	22
1990-08-18	0	3.34	31	23
1990-08-19	0	3.89	32	21
1990-08-20	0	4.43	33	21
1990-08-21	28	3.81	30	23
1990-08-22	22	1.75	28	23
1990-08-23	0	3.87	30	22
1990-08-24	0	3.9	32	23
1990-08-25	0	5.06	33	22
1990-08-26	0	4.84	34	23
1990-08-27	0	4.65	33	23
1990-08-28	0	5.66	34	24
1990-08-29	0	4.42	33	25
1990-08-30	0	4.21	33	23
1990-08-31	0	4.36	33	23
1990-09-01	1.5	3.08	32	24
1990-09-02	6	1.14	31	23
1990-09-03	10	3.38	32	24
1990-09-04	58	3.71	32	24
1990-09-05	0	3.12	29	23
1990-09-06	10	2.94	28	22
1990-09-07	0.5	2.83	29	20
1990-09-08	1.5	2.56	28	22
1990-09-09	0.5	1.82	30	22
1990-09-10	1.5	3.38	30	22
1990-09-11	2	2.62	28	23
1990-09-12	0.5	2.4	30	23
1990-09-13	0	5.19	31	22
1990-09-14	1.5	2.34	30	23
1990-09-15	0.5	3.25	30	21
1990-09-16	6.5	2.18	31	22
1990-09-17	0	4.3	31	23
1990-09-18	0	3.34	31	21
1990-09-19	0	3.89	32	21
1990-09-20	0	4.43	33	21
1990-09-21	28	3.81	30	23
1990-09-22	22	1.75	28	23
1990-09-23	0	3.87	30	22
1990-09-24	0	3.9	32	22
1990-09-25	0	5.06	33	23
1990-09-26	0	4.84	34	22
1990-09-27	0	4.65	33	23
1990-09-28	0	5.66	34	24
1990-09-29	0	4.42	33	25
1990-09-30	0	4.21	31	23
1990-10-01	22.5	NULO	32	22
1990-10-02	32	NULO	27	22
1990-10-03	9.5	NULO	27	21
1990-10-04	34	NULO	26	22
1990-10-05	0	NULO	29	22
1990-10-06	0	NULO	31	20
1990-10-07	9.5	NULO	33	22
1990-10-08	36	NULO	28	21
1990-10-09	0	NULO	29	24
1990-10-10	41	NULO	31	22
1990-10-11	2	NULO	23	22
1990-10-12	5	NULO	28	23
1990-10-13	0	NULO	31	22
1990-10-14	0	NULO	31	23
1990-10-15	0	NULO	32	23
1990-10-16	0	NULO	32	23
1990-10-17	0	NULO	35	23
1990-10-18	3	NULO	30	24
1990-10-19	0	NULO	36	24
1990-10-20	0	NULO	32	24
1990-10-21	0	NULO	32	25
1990-10-22	15	NULO	30	24
1990-10-23	43	NULO	24	22
1990-10-24	0	NULO	29	21
1990-10-25	0	NULO	31	21
1990-10-26	0	NULO	31	22
1990-10-27	0	NULO	32	23
1990-10-28	0	NULO	30	23
1990-10-29	0	NULO	31	22
1990-10-30	0	NULO	26	23
1990-10-31	0	NULO	26	17
1990-11-01	0	NULO	27	17
1990-11-02	0	NULO	28	14
1990-11-03	9.5	NULO	28	20
1990-11-04	0	NULO	21	16
1990-11-05	0	NULO	25	16
1990-11-06	0	NULO	25	17
1990-11-07	4	NULO	29	21
1990-11-08	0	NULO	18	17
1990-11-09	0	NULO	21	13
1990-11-10	0	NULO	23	13
1990-11-11	0	NULO	23	13
1990-11-12	0	NULO	22	15
1990-11-13	0	NULO	23	16
1990-11-14	0	NULO	25	18
1990-11-15	6	3.45	23	19
1990-11-16	31	2.25	21	19
1990-11-17	0	1.9	26	18
1990-11-18	0	0.91	26	19
1990-11-19	0	2.03	27	18
1990-11-20	0	0.91	27	19
1990-11-21	0	1.26	25	20
1990-11-22	0	1.69	27	21
1990-11-23	0	0.9	28	19
1990-11-24	0	2.74	28	18
1990-11-25	0	0.39	28	19
1990-11-26	0	0.89	30	21
1990-11-27	73	1.13	27	23
1990-11-28	44.5	1.52	NULO	NULO
1990-11-29	1	0.8	17	10
1990-11-30	0	1.32	NULO	NULO
1990-12-01	0	0.98	26	17
1990-12-02	5.5	1.79	24	19
1990-12-03	0	1.89	18	13
1990-12-04	0	1.82	17	10
1990-12-05	0	2.42	23	11
1990-12-06	0	1.95	15	12
1990-12-07	0	0.63	18	9
1990-12-08	0	1.73	20	8
1990-12-09	0	2.11	21	9
1990-12-10	0	0.86	23	9
1990-12-11	0	2.76	24	11
1990-12-12	0	0.41	26	14
1990-12-13	0	1.93	26	15
1990-12-14	0	2.6	25	15
1990-12-15	0	1.44	26	16
1990-12-16	0	2.46	27	17
1990-12-17	0	1.9	23	16
1990-12-18	0	1	25	13
1990-12-19	0	1.91	27	14
1990-12-20	0	2.14	28	16
1990-12-21	1	1.36	28	17
1990-12-22	3	1.44	NULO	NULO
1990-12-23	0	1.37	10	7
1990-12-24	0	1.19	19	8
1990-12-25	0	2.7	23	9
1990-12-26	0	0.39	23	16
1990-12-27	0	1.65	24	18
1990-12-28	0	1.44	27	17
1990-12-29	21	4.69	27	19
1990-12-30	10	2.01	18	17
1990-12-31	0.5	1.47	22	15
1991-01-01	1.5	0.38	23	15
1991-01-02	33	1.43	19	18
1991-01-03	0	0.72	NULO	NULO
1991-01-04	0	1.03	23	17
1991-01-05	0	0.96	24	17
1991-01-06	11	0.19	21	18
1991-01-07	3	0.18	17	16
1991-01-08	0	0.2	19	16
1991-01-09	2.5	1.15	25	17
1991-01-10	5.5	0.5	19	16
1991-01-11	9.5	1.42	15	12
1991-01-12	0	0.74	15	11
1991-01-13	0	1.46	23	11
1991-01-14	0	2.58	23	14
1991-01-15	0	2.3	25	11
1991-01-16	0	0.6	24	11
1991-01-17	0	1.31	25	16
1991-01-18	0	1.7	23	17
1991-01-19	0	2.59	25	14
1991-01-20	3.5	0.89	19	13
1991-01-21	0	1.51	16	9
1991-01-22	0	1.82	23	10
1991-01-23	0.5	0.23	18	13
1991-01-24	0	1.94	21	13
1991-01-25	0	1.55	19	12
1991-01-26	0	1.74	26	16
1991-01-27	0	1.76	26	16
1991-01-28	0	3.05	29	18
1991-01-29	0	5.46	30	19
1991-01-30	0	1.55	18	14
1991-01-31	0	2.4	17	12
1991-02-01	0	NULO	19	12
1991-02-02	0.5	0.2	23	15
1991-02-03	1.5	1.54	25	16
1991-02-04	7	2.08	22	18
1991-02-05	1	0.56	20	17
1991-02-06	0	0.37	18	16
1991-02-07	0	1.13	19	15
1991-02-08	0	3.4	24	13
1991-02-09	0	2.73	24	13
1991-02-10	0	3.16	24	14
1991-02-11	0	4.1	26	15
1991-02-12	0	2.82	30	15
1991-02-13	0	2.95	30	16
1991-02-14	0	NULO	26	18
1991-02-15	0	1.93	25	19
1991-02-16	0	4.68	29	16
1991-02-17	0	4.71	32	16
1991-02-18	4	4.02	28	17
1991-02-19	0	2.06	20	16
1991-02-20	0	2.54	19	15
1991-02-21	0	2.89	23	15
1991-02-22	0	NULO	24	16
1991-02-23	0	4.37	27	14
1991-02-24	5.5	4.24	28	16
1991-02-25	5.5	NULO	16	15
1991-02-26	0	0.74	18	11
1991-02-27	0	4.06	25	10
1991-02-28	0	1.93	NULO	NULO
1991-03-01	0	6.71	37	17
1991-03-02	0	4.13	29	18
1991-03-03	0	4.1	29	13
1991-03-04	0	NULO	32	12
1991-03-05	0	6.35	38	14
1991-03-06	0	7.2	40	17
1991-03-07	0	3.12	27	19
1991-03-08	1.5	2.98	24	20
1991-03-09	0	2.3	24	17
1991-03-10	0	5.25	28	14
1991-03-11	0	4.91	34	16
1991-03-12	1	6.8	33	17
1991-03-13	0	2.56	26	20
1991-03-14	0	5.98	34	20
1991-03-15	0	NULO	33	21
1991-03-16	3	3.33	27	23
1991-03-17	0	5.54	33	20
1991-03-18	0	4.47	30	20
1991-03-19	0	5.13	32	20
1991-03-20	0	6.78	38	21
1991-03-21	6	7.67	39	21
1991-03-22	3	4.39	27	23
1991-03-23	0	2.8	30	21
1991-03-24	0	5.39	31	21
1991-03-25	0	5.23	33	23
1991-03-26	0	7.04	36	21
1991-03-27	0	8.48	38	23
1991-03-28	0	10	30	23
1991-03-29	0	6.8	30	14
1991-03-30	2.5	1.39	27	14
1991-03-31	0	1.55	23	18
1991-04-01	0	3.18	29	15
1991-04-02	0	3.43	29	19
1991-04-03	0	3.1	29	20
1991-04-04	4.5	3.36	29	22
1991-04-05	1	0.7	22	21
1991-04-06	0	2.95	29	20
1991-04-07	0	6.41	33	20
1991-04-08	3.5	4.91	33	22
1991-04-09	0	4.65	29	24
1991-04-10	0	3.7	31	21
1991-04-11	0	7.53	36	23
1991-04-12	0	6.61	37	25
1991-04-13	9.5	5.42	35	24
1991-04-14	0	5.13	30	21
1991-04-15	0	7.04	36	21
1991-04-16	0	5.66	36	24
1991-04-17	0	6.86	37	24
1991-04-18	0	7.84	40	25
1991-04-19	0	6.69	34	25
1991-04-20	0	6.32	33	23
1991-04-21	0	7.56	39	23
1991-04-22	4	6.96	37	24
1991-04-23	0	6.82	36	25
1991-04-24	1	7.86	40	26
1991-04-25	0	8.74	41	26
1991-04-26	0	9.69	43	24
1991-04-27	0	13.63	45	26
1991-04-28	0	NULO	38	27
1991-04-29	0	NULO	36	23
1991-04-30	0	7.7	NULO	NULO
1991-05-01	0	5.41	35	25
1991-05-02	0	6.65	38	26
1991-05-03	0	7.43	37	27
1991-05-04	82.5	6.82	35	26
1991-05-05	11.5	3.39	30	21
1991-05-06	0	3.64	30	22
1991-05-07	0	5.47	34	22
1991-05-08	0	7.06	35	25
1991-05-09	0	5.65	35	25
1991-05-10	1	7.06	35	25
1991-05-11	0	7.33	35	24
1991-05-12	0	4.84	34	25
1991-05-13	0	3.07	32	25
1991-05-14	0	5.85	37	25
1991-05-15	0	6.94	38	27
1991-05-16	0	5.64	34	27
1991-05-17	2.5	4.78	35	25
1991-05-18	0	6.44	35	22
1991-05-19	0	7.72	37	25
1991-05-20	0	7.87	33	25
1991-05-21	0	8.33	34	25
1991-05-22	0	5.75	35	25
1991-05-23	0	5.36	34	26
1991-05-24	0	6.05	36	26
1991-05-25	0	5.68	36	26
1991-05-26	0	7.11	37	27
1991-05-27	0	NULO	36	26
1991-05-28	0	8.06	37	25
1991-05-29	0	6.45	38	26
1991-05-30	0	5.18	37	26
1991-05-31	0	6.81	39	27
1991-06-01	0	5.28	37	28
1991-06-02	0	5.33	37	28
1991-06-03	0	8.87	39	27
1991-06-04	0	7.59	37	26
1991-06-05	0	5.87	36	27
1991-06-06	0	7.7	36	24
1991-06-07	42.5	11.78	37	26
1991-06-08	17	7.69	35	21
1991-06-09	16.5	6.53	34	23
1991-06-10	0	4.85	31	22
1991-06-11	0	6.82	36	23
1991-06-12	4	3.46	37	25
1991-06-13	2	5.84	36	24
1991-06-14	0	8.83	33	25
1991-06-15	0	6.89	33	24
1991-06-16	2	4.16	32	23
1991-06-17	0	5.04	34	23
1991-06-18	0	4.57	34	25
1991-06-19	0	6.99	34	23
1991-06-20	15.5	7.58	35	23
1991-06-21	0	5.68	35	22
1991-06-22	2	2.34	30	24
1991-06-23	5.5	1.18	26	23
1991-06-24	0	1.24	28	22
1991-06-25	46.5	2.92	26	22
1991-06-26	9.5	NULO	25	22
1991-06-27	2.5	3.91	32	21
1991-06-28	0	3.52	32	24
1991-06-29	0	NULO	26	23
1991-06-30	13	2.81	NULO	NULO
1991-07-01	133	2.85	25	23
1991-07-02	10	2.23	23	22
1991-07-03	3.5	0.61	26	20
1991-07-04	2.5	4.04	31	21
1991-07-05	0	4.97	30	23
1991-07-06	23.5	6.52	30	24
1991-07-07	24	7.29	26	23
1991-07-08	27	5.23	29	23
1991-07-09	7.5	3.98	31	23
1991-07-10	0	1.92	28	23
1991-07-11	3.5	0.7	30	24
1991-07-12	37	4.16	30	23
1991-07-13	13	2.92	24	22
1991-07-14	0	3.31	25	22
1991-07-15	0	3.09	30	23
1991-07-16	0	4.9	31	22
1991-07-17	0	5.6	32	23
1991-07-18	9.5	5.27	31	23
1991-07-19	9	7.24	31	24
1991-07-20	0	3.86	31	24
1991-07-21	0	5	31	23
1991-07-22	10.5	5.39	30	22
1991-07-23	0	1.57	26	23
1991-07-24	0	3.52	30	24
1991-07-25	0	4.21	32	24
1991-07-26	0	3.84	31	23
1991-07-27	0	4.88	31	23
1991-07-28	0	5.24	31	23
1991-07-29	0	5.39	33	22
1991-07-30	0	6.38	35	22
1991-07-31	0	4.92	34	16
1991-08-01	0	4.13	32	16
1991-08-02	0	5.22	34	23
1991-08-03	0	5.07	32	22
1991-08-04	5	7.2	31	23
1991-08-05	5.5	0.23	28	23
1991-08-06	3	1.71	28	22
1991-08-07	11	6.14	27	21
1991-08-08	0	0.75	29	21
1991-08-09	0	4.83	32	22
1991-08-10	0	5.85	32	23
1991-08-11	0	6.81	32	22
1991-08-12	0	5.48	32	22
1991-08-13	0	8.99	32	22
1991-08-14	0	5.19	32	25
1991-08-15	0	5.78	34	25
1991-08-16	0	5.1	34	25
1991-08-17	0	4.11	33	25
1991-08-18	0	6.24	34	24
1991-08-19	0	5.09	37	25
1991-08-20	0	5.38	37	25
1991-08-21	0	5.99	35	24
1991-08-22	0	4.66	33	24
1991-08-23	0	5.07	33	23
1991-08-24	3.5	3.6	33	23
1991-08-25	0	4.53	33	23
1991-08-26	0	4.55	33	24
1991-08-27	12	4	33	24
1991-08-28	0	3.99	32	23
1991-08-29	0	5.06	34	23
1991-08-30	0	6.68	33	23
1991-08-31	0	NULO	34	24
1991-09-01	0	4.17	34	24
1991-09-02	0	5.57	35	25
1991-09-03	35	1.95	30	26
1991-09-04	113	4.98	32	22
1991-09-05	74.5	2.82	29	23
1991-09-06	18	2.96	27	23
1991-09-07	0	3.71	30	23
1991-09-08	0	3.54	30	22
1991-09-09	0	1.31	27	22
1991-09-10	4	2.64	29	22
1991-09-11	12.5	1.47	29	22
1991-09-12	5	0.68	30	23
1991-09-13	2	4.4	31	23
1991-09-14	5.5	1.36	31	23
1991-09-15	30.5	3.13	26	23
1991-09-16	9.5	2.98	26	22
1991-09-17	3	3.76	29	20
1991-09-18	48.5	2.83	27	21
1991-09-19	11	1.14	21	19
1991-09-20	1	2.65	26	18
1991-09-21	31.5	1.98	25	19
1991-09-22	16.5	3.88	27	21
1991-09-23	0	2.83	30	22
1991-09-24	0	2.09	28	22
1991-09-25	0	4.52	28	21
1991-09-26	0	3.4	27	17
1991-09-27	2	3.35	27	18
1991-09-28	7.5	0.9	22	18
1991-09-29	0	1.69	24	19
1991-09-30	0	2.05	NULO	NULO
1991-10-01	0	3.04	30	20
1991-10-02	0	2.98	29	23
1991-10-03	0	1.85	30	23
1991-10-04	39.7	3.11	30	24
1991-10-05	108	3.18	NULO	NULO
1991-10-06	143	1.04	19	18
1991-10-07	49	0.92	19	17
1991-10-08	29	0.98	26	18
1991-10-09	29	1.47	22	17
1991-10-10	0	3.39	21	19
1991-10-11	0	1.65	27	17
1991-10-12	0	2.84	27	16
1991-10-13	0	2.06	28	15
1991-10-14	0	3.25	28	18
1991-10-15	0	2.91	28	19
1991-10-16	0	2.78	28	18
1991-10-17	0	2.46	28	19
1991-10-18	0	3.6	28	21
1991-10-19	0	2.76	27	21
1991-10-20	0	2.57	27	21
1991-10-21	0	4.54	29	22
1991-10-22	0	2.48	30	22
1991-10-23	0	2.96	30	23
1991-10-24	0	3.17	23	21
1991-10-25	0	2.85	29	21
1991-10-26	0	2.13	30	22
1991-10-27	0	2.25	30	24
1991-10-28	0	1.08	30	25
1991-10-29	0	3.61	30	25
1991-10-30	29.5	6.94	30	23
1991-10-31	6	2	16	15
1991-11-01	3	0.47	18	13
1991-11-02	31.5	1.09	17	14
1991-11-03	19	0.95	15	9
1991-11-04	9	1.68	20	10
1991-11-05	11	1.83	22	15
1991-11-06	144	2.77	24	19
1991-11-07	40	3.43	18	17
1991-11-08	0	2.37	17	12
1991-11-09	0	1.9	22	12
1991-11-10	1.5	1.39	22	13
1991-11-11	9	1.71	20	17
1991-11-12	0	1.7	22	18
1991-11-13	0	0.6	24	16
1991-11-14	0	0.98	27	17
1991-11-15	0	3.3	27	18
1991-11-16	0	1.64	28	21
1991-11-17	0	2.18	28	22
1991-11-18	11.5	2.06	28	22
1991-11-19	0	2.3	20	16
1991-11-20	0	2.45	22	14
1991-11-21	0	2.27	24	12
1991-11-22	10.5	5.33	24	14
1991-11-23	0	2.04	14	12
1991-11-24	0	0.87	18	11
1991-11-25	0	1.29	20	12
1991-11-26	0	1.12	24	14
1991-11-27	0	2.46	24	17
1991-11-28	0	0.76	25	16
1991-11-29	0	1.63	26	16
1991-11-30	0	2.38	NULO	NULO
1991-12-01	11	6.01	25	20
1991-12-02	3	1.78	15	13
1991-12-03	0	1.1	16	13
1991-12-04	0	2	20	12
1991-12-05	1	1.02	21	13
1991-12-06	0	2.23	23	15
1991-12-07	0	2.7	27	18
1991-12-08	6.5	2	25	20
1991-12-09	0	0.2	25	21
1991-12-10	0	2.58	25	18
1991-12-11	0	0.33	26	18
1991-12-12	7.5	1.46	25	19
1991-12-13	91	1.62	22	21
1991-12-14	16.5	0.43	14	13
1991-12-15	2	0.75	19	10
1991-12-16	0	1.39	20	11
1991-12-17	0	1.1	22	14
1991-12-18	0	1.28	22	14
1991-12-19	0	1.15	22	19
1991-12-20	5	2.8	25	18
1991-12-21	0	1.97	25	21
1991-12-22	67.5	2.19	25	19
1991-12-23	2.5	1.05	17	16
1991-12-24	0	0.34	19	13
1991-12-25	13.5	6.07	22	13
1991-12-26	2	0.66	14	12
1991-12-27	0	1.09	16	12
1991-12-28	0	1.12	19	12
1991-12-29	0	0.97	21	14
1991-12-30	0	1.72	23	16
1991-12-31	0	1.06	23	17
1992-01-01	21	5.81	22	17
1992-01-02	3	0.93	NULO	NULO
1992-01-03	0	0.33	20	16
1992-01-04	1.5	2.06	26	16
1992-01-05	1	0.32	24	16
1992-01-06	0	2.2	25	19
1992-01-07	26	9.66	24	20
1992-01-08	31	5.96	19	18
1992-01-09	10	2.09	14	13
1992-01-10	0	0.54	17	11
1992-01-11	0	1.85	19	12
1992-01-12	0	1.67	25	13
1992-01-13	0	0.98	14	13
1992-01-14	30	7.24	15	12
1992-01-15	19	5.98	NULO	NULO
1992-01-16	0	1.3	14	9
1992-01-17	9	3.25	18	10
1992-01-18	0	0.51	10	9
1992-01-19	0	0.84	15	9
1992-01-20	0	2.01	21	9
1992-01-21	0	1.8	27	12
1992-01-22	0	0.57	18	13
1992-01-23	0	0.83	15	11
1992-01-24	5	0.66	15	12
1992-01-25	0	1.65	18	12
1992-01-26	11.5	5.14	19	13
1992-01-27	70	6.87	17	14
1992-01-28	0	0.26	14	12
1992-01-29	7.5	1.84	15	12
1992-01-30	4.5	0.71	16	13
1992-01-31	3	1.53	17	13
1992-02-01	8	2.31	21	13
1992-02-02	0	1.57	23	14
1992-02-03	0	2.86	27	15
1992-02-04	0	2.82	20	14
1992-02-05	0	3.08	22	11
1992-02-06	9.5	5.58	22	12
1992-02-07	0	0.99	20	13
1992-02-08	0	1.15	22	14
1992-02-09	0	0.85	22	15
1992-02-10	0	1.95	24	18
1992-02-11	0	0.61	26	18
1992-02-12	0	2.51	27	19
1992-02-13	0	1.48	27	19
1992-02-14	0	2.11	28	19
1992-02-15	0	3.58	29	18
1992-02-16	0	2.75	25	18
1992-02-17	17.5	6.15	19	17
1992-02-18	0	2.46	20	16
1992-02-19	0	0.45	25	15
1992-02-20	1	2.2	24	15
1992-02-21	0	2.5	28	17
1992-02-22	2	0.5	28	18
1992-02-23	1	3.96	21	17
1992-02-24	2	3.81	18	16
1992-02-25	0	1.42	18	13
1992-02-26	0	2.01	22	12
1992-02-27	0	1.15	24	12
1992-02-28	0	2.97	23	13
1992-02-29	0	2	NULO	NULO
1992-03-01	0	2.38	25	18
1992-03-02	0	1.35	26	19
1992-03-03	0	3.89	29	19
1992-03-04	0	4.01	29	20
1992-03-05	0	1.95	29	19
1992-03-06	0	3.38	27	20
1992-03-07	0	3.72	30	20
1992-03-08	23	7.28	31	21
1992-03-09	0	2.46	NULO	NULO
1992-03-10	0	2.48	20	15
1992-03-11	16.5	4.04	21	15
1992-03-12	13.5	5.44	21	14
1992-03-13	0	2	22	13
1992-03-14	0	2.8	26	13
1992-03-15	0	4.1	26	15
1992-03-16	0	3.27	26	20
1992-03-17	0	4.78	31	19
1992-03-18	24.5	9.73	31	20
1992-03-19	7.5	2.01	26	21
1992-03-20	0	0.93	26	21
1992-03-21	0	4.16	31	21
1992-03-22	40	8.23	25	21
1992-03-23	0.5	1.35	24	17
1992-03-24	0	7.11	25	17
1992-03-25	4.5	1.63	26	17
1992-03-26	2	3.67	28	15
1992-03-27	0	1.94	29	20
1992-03-28	0	4.38	32	20
1992-03-29	44.5	9.62	28	22
1992-03-30	0	4.01	25	20
1992-03-31	1.5	3.81	27	21
1992-04-01	58	5.53	23	21
1992-04-02	10.5	4.54	NULO	NULO
1992-04-03	0	1.52	19	14
1992-04-04	0	0.85	24	14
1992-04-05	0	3.12	25	17
1992-04-06	0	2.76	29	18
1992-04-07	0	2.17	27	20
1992-04-08	0	3.96	29	20
1992-04-09	0	2.89	29	22
1992-04-10	0	4.87	31	23
1992-04-11	0	5.4	30	23
1992-04-12	2.5	4.93	28	23
1992-04-13	4	2.32	27	22
1992-04-14	0	3.84	28	21
1992-04-15	0	2.21	29	21
1992-04-16	0	3.08	29	22
1992-04-17	0	10.31	35	22
1992-04-18	0	3.68	29	20
1992-04-19	0	4.1	29	19
1992-04-20	0	5.4	29	17
1992-04-21	0	5.1	29	18
1992-04-22	0	3.36	27	20
1992-04-23	0	1.84	28	23
1992-04-24	16	5.01	30	22
1992-04-25	16	1.09	21	19
1992-04-26	20	5.74	20	19
1992-04-27	0	NULO	27	19
1992-04-28	0	4.57	29	18
1992-04-29	0	4.1	30	20
1992-04-30	0	3.28	NULO	NULO
1992-10-15	NULO	NULO	NULO	NULO
1992-10-16	142.5	NULO	25	13
1992-10-17	45	NULO	25	19
1992-10-18	0	NULO	25	20
1992-10-19	0	NULO	26	17
1992-10-20	0	NULO	26	20
1992-10-21	10.5	NULO	25	21
1992-10-22	200	NULO	22	21
1992-10-23	14	NULO	NULO	NULO
1992-10-24	0	NULO	26	18
1992-10-25	0	NULO	26	17
1992-10-26	0	NULO	28	18
1992-10-27	0	NULO	28	18
1992-10-28	0	NULO	28	19
1992-10-29	1.5	NULO	28	20
1992-10-30	0	NULO	29	22
1992-10-31	4	NULO	30	23
1992-11-01	0	1.15	26	22
1992-11-02	0	1.32	28	18
1992-11-03	0.5	1.67	23	20
1992-11-04	0	2.57	18	13
1992-11-05	4.5	1.76	20	15
1992-11-06	14.5	2.15	18	15
1992-11-07	0	0.65	24	15
1992-11-08	0	0.61	27	18
1992-11-09	0	1.49	27	21
1992-11-10	0	1.83	29	22
1992-11-11	64	5.96	26	23
1992-11-12	0	1.59	17	14
1992-11-13	21.5	2.05	17	16
1992-11-14	5	1.07	18	15
1992-11-15	1	3.38	20	16
1992-11-16	0	2.4	23	14
1992-11-17	0	2.03	27	16
1992-11-18	0	1.57	24	19
1992-11-19	0	0.72	26	18
1992-11-20	1	1.38	28	19
1992-11-21	0	1.36	20	17
1992-11-22	0	1.48	21	16
1992-11-23	0	2.06	28	14
1992-11-24	4.5	2.2	22	16
1992-11-25	18	7.99	NULO	NULO
1992-11-26	0	0.91	13	8
1992-11-27	0	1.81	18	9
1992-11-28	0	0.82	22	9
1992-11-29	0	0.77	23	14
1992-11-30	0	1.02	NULO	NULO
1992-12-01	1	1.68	23	16
1992-12-02	0	0.68	25	17
1992-12-03	0	2.32	25	18
1992-12-04	10	4.25	25	20
1992-12-05	0.5	0.72	19	14
1992-12-06	0	0.66	22	14
1992-12-07	0	1.29	23	17
1992-12-08	0	1.27	25	17
1992-12-09	0	2.18	25	15
1992-12-10	0	0.78	24	14
1992-12-11	0	1.68	24	12
1992-12-12	0	0.99	26	13
1992-12-13	4	3.66	26	16
1992-12-14	3.5	0.64	NULO	NULO
1992-12-15	2.5	1.76	26	13
1992-12-16	2	0.17	21	16
1992-12-17	0	2.18	23	14
1992-12-18	0	1.14	27	16
1992-12-19	0	0.31	26	19
1992-12-20	0	1.03	25	10
1992-12-21	0.5	1.05	25	15
1992-12-22	5	2.1	24	14
1992-12-23	28	6.11	NULO	NULO
1992-12-24	7	4.15	23	18
1992-12-25	16	1.78	NULO	NULO
1992-12-26	0	0.72	23	16
1992-12-27	0	1.5	24	17
1992-12-28	0	0.14	25	18
1992-12-29	0	1.26	24	18
1992-12-30	1	0.82	24	18
1992-12-31	0.5	0.81	23	17
1993-02-01	1	0.99	23	14
1993-02-02	0	1.6	24	18
1993-02-03	49.5	5.28	24	17
1993-02-04	36	7.21	19	16
1993-02-05	0.5	2.48	13	10
1993-02-06	0	2.61	20	10
1993-02-07	0	1.01	21	11
1993-02-08	0	1.98	24	12
1993-02-09	0	2.36	28	14
1993-02-10	0	2.1	28	15
1993-02-11	0	1.82	29	18
1993-02-12	0	2.44	26	18
1993-02-13	0	2.13	25	18
1993-02-14	0	3.02	29	17
1993-02-15	9.5	5.45	29	17
1993-02-16	13.5	4.38	21	16
1993-02-17	13	3.71	16	14
1993-02-18	0	1.81	24	12
1993-02-19	0	2.26	28	14
1993-02-20	0	3.55	33	16
1993-02-21	0	3.2	32	17
1993-02-22	0	3.62	26	16
1993-02-23	0	2.89	27	18
1993-02-24	0	3.78	31	20
1993-02-25	27.5	9.21	28	18
1993-02-26	9.5	3.97	21	18
1993-02-27	0	2.44	26	19
1993-02-28	0	1.36	NULO	NULO
1993-03-01	0	3.8	29	21
1993-03-02	0	4.18	30	16
1993-03-03	5.5	4.18	28	13
1993-03-04	34	3.21	24	14
1993-03-05	0	0.56	17	12
1993-03-06	0	3.23	21	12
1993-03-07	0	3.46	21	14
1993-03-08	0	4.33	27	15
1993-03-09	0	3.02	28	15
1993-03-10	0	4.3	27	17
1993-03-11	8	4.38	33	14
1993-03-12	0	1.74	13	7
1993-03-13	0	1.5	16	8
1993-03-14	0	2.56	24	10
1993-03-15	0	1.36	29	13
1993-03-16	0	2.45	28	15
1993-03-17	0	3.1	29	18
1993-03-18	0	4.15	29	20
1993-03-19	0	2.72	27	20
1993-03-20	0	1.82	27	18
1993-03-21	0	2.08	27	19
1993-03-22	0	1.98	28	21
1993-03-23	0	2.23	29	21
1993-03-24	0	3.04	30	22
1993-03-25	0	4.25	31	21
1993-03-26	0	2.57	31	22
1993-03-27	0	3.26	32	23
1993-03-28	0	2	32	23
1993-03-29	0	2.11	34	21
1993-03-30	0	7.41	33	21
1993-03-31	5.5	1.36	30	18
1993-04-01	12	0.89	22	20
1993-04-02	0	0.3	25	19
1993-04-03	14.5	7.78	35	19
1993-04-04	0	5.37	29	19
1993-04-05	0	4.59	29	20
1993-04-06	0	6.58	35	20
1993-04-07	0	6.37	32	20
1993-04-08	0	4.54	28	20
1993-04-09	0	6.23	30	15
1993-04-10	0	4.6	31	18
1993-04-11	0	3.2	32	21
1993-04-12	0	7.05	30	21
1993-04-13	0	8.03	37	24
1993-04-14	0	3.73	37	22
1993-04-15	0	4.7	25	19
1993-04-16	0	4.82	28	20
1993-04-17	0	4.28	33	18
1993-04-18	0	5.2	32	21
1993-04-19	52.5	3.08	33	21
1993-04-20	95	7.12	24	21
1993-04-21	0	6.72	22	18
1993-04-22	0	3.13	28	15
1993-04-23	0	1.25	30	17
1993-04-24	7.5	8.45	34	18
1993-04-25	13	4.64	30	23
1993-04-26	0	4.17	30	22
1993-04-27	0	1.75	30	23
1993-04-28	0	3.11	31	24
1993-04-29	4.5	5.38	32	24
1993-04-30	0	1.99	NULO	NULO
1993-05-01	5.5	6.48	32	24
1993-05-02	0	4	32	22
1993-05-03	0.5	4.44	33	23
1993-05-04	0	3.23	33	25
1993-05-05	0	4.88	34	25
1993-05-06	19	4.73	33	25
1993-05-07	0	4.87	33	21
1993-05-08	2	2.58	33	21
1993-05-09	46.5	4.49	26	25
1993-05-10	0	4.84	29	17
1993-05-11	0	2.5	29	17
1993-05-12	1.5	6.22	31	21
1993-05-13	0	5.9	31	20
1993-05-14	0	6.01	31	19
1993-05-15	0	5.01	32	22
1993-05-16	0	3.43	31	23
1993-05-17	42.5	8	33	24
1993-05-18	0	7.12	32	20
1993-05-19	0	2.83	30	22
1993-05-20	4.5	3.56	27	24
1993-05-21	0	4.66	33	23
1993-05-22	17.5	5.33	33	24
1993-05-23	61	1	29	22
1993-05-24	0	0.63	28	20
1993-05-25	0	1.53	29	21
1993-05-26	0	2.58	29	21
1993-05-27	0	2.96	30	21
1993-05-28	0	5.01	32	22
1993-05-29	0	6.09	34	23
1993-05-30	4	5.05	35	23
1993-05-31	0	6.18	35	24
1993-06-01	0	4.44	35	20
1993-06-02	0	6.06	34	22
1993-06-03	0	5.12	34	24
1993-06-04	0	5.25	35	21
1993-06-05	4	4.51	35	26
1993-06-06	0	3.72	35	26
1993-06-07	0	3.8	35	26
1993-06-08	0	3.3	34	26
1993-06-09	0	3.48	34	26
1993-06-10	1	3.35	30	24
1993-06-11	93.5	4	26	24
1993-06-12	36	5.35	26	23
1993-06-13	75	1.32	25	23
1993-06-14	19	1	24	22
1993-06-15	0	3.28	30	21
1993-06-16	0	5.92	32	23
1993-06-17	0	4.02	33	22
1993-06-18	0	5.95	34	23
1993-06-19	62	6.83	31	24
1993-06-20	38.5	5.61	28	23
1993-06-21	39	4	27	23
1993-06-22	90.5	6	24	23
1993-06-23	74.5	2	29	23
1993-06-24	45	4.69	30	23
1993-06-25	16.5	4.1	30	23
1993-06-26	41.5	2.65	26	22
1993-06-27	12.5	5.55	27	22
1993-06-28	6	6.63	28	23
1993-06-29	20	2.47	29	23
1993-06-30	34	0.9	NULO	NULO
1993-07-01	5.5	1.41	29	23
1993-07-02	4.5	NULO	29	22
1993-07-03	0	NULO	30	22
1993-07-04	12.5	1.22	29	23
1993-07-05	0	0.17	26	23
1993-07-06	9	1.08	27	22
1993-07-07	13	3.99	26	22
1993-07-08	0	4.48	28	22
1993-07-09	10	1.56	29	21
1993-07-10	2.5	1.84	30	22
1993-07-11	0	NULO	31	22
1993-07-12	0	NULO	31	24
1993-07-13	0	4.91	32	25
1993-07-14	0	5.36	33	23
1993-07-15	0	3.66	33	24
1993-07-16	3.5	5.59	33	25
1993-07-17	0	5.66	33	24
1993-07-18	0	5.34	33	23
1993-07-19	0	5.37	33	23
1993-07-20	0	5.12	33	23
1993-07-21	0	5.49	33	25
1993-07-22	0	4.85	34	24
1993-07-23	0	5.36	34	25
1993-07-24	0	2.24	33	25
1993-07-25	0	0.35	35	25
1993-07-26	0	NULO	34	23
1993-07-27	0	3.12	33	25
1993-07-28	0	3.5	32	22
1993-07-29	0	6.23	33	23
1993-07-30	0	5.85	34	23
1993-07-31	0	5.73	33	22
1993-08-01	0	5.24	34	23
1993-08-02	0	NULO	33	24
1993-08-03	3.5	4.11	34	24
1993-08-04	0	3.35	31	22
1993-08-05	0	5.02	32	22
1993-08-06	0	NULO	33	24
1993-08-07	13	1	31	23
1993-08-08	0	0.43	33	22
1993-08-09	0	5.59	33	22
1993-08-10	10	1.62	31	23
1993-08-11	0	3.51	32	21
1993-08-12	2	3.72	32	22
1993-08-13	0	2.77	33	22
1993-08-14	0	3.14	32	22
1993-08-15	0	4.1	32	22
1993-08-16	8	0.92	29	23
1993-08-17	0	2.3	30	22
1993-08-18	3.5	0.75	32	23
1993-08-19	5	0.33	28	23
1993-08-20	7.5	0.57	28	23
1993-08-21	0	2	29	22
1993-08-22	0	2.97	31	23
1993-08-23	0	3.3	32	24
1993-08-24	0	3.6	32	23
1993-08-25	0	5.43	32	23
1993-08-26	0	5.22	34	22
1993-08-27	0	2.68	33	22
1993-08-28	0	4.65	33	22
1993-08-29	0	2.7	33	23
1993-08-30	0	1.34	30	24
1993-08-31	1	3.45	30	23
1993-09-01	0	2.33	32	22
1993-09-02	0	3.58	33	22
1993-09-03	0	3.14	33	24
1993-09-04	0	3.88	33	23
1993-09-05	6	3.09	33	23
1993-09-06	0	2.78	33	24
1993-09-07	12	0.95	33	24
1993-09-08	46	3.31	31	24
1993-09-09	9	7.66	27	23
1993-09-10	2.5	4.84	28	23
1993-09-11	0	1.67	32	23
1993-09-12	0	3.03	34	23
1993-09-13	27.5	4.22	33	26
1993-09-14	1	1.94	26	23
1993-09-15	0	2.72	29	21
1993-09-16	0	2.42	30	20
1993-09-17	0	1.52	24	21
1993-09-18	0	4.9	32	22
1993-09-19	0	3.2	31	25
1993-09-20	0	4.51	30	23
1993-09-21	11	3.06	27	24
1993-09-22	5	NULO	28	23
1993-09-23	0	1.59	28	22
1993-09-24	0	2.74	30	21
1993-09-25	0	2.05	30	23
1993-09-26	136	1	24	23
1993-09-27	1	NULO	20	18
1993-09-28	18.5	0.63	23	18
1993-09-29	17	6.17	21	19
1993-09-30	0	5.25	NULO	NULO
1993-10-01	0	NULO	29	19
1993-10-02	21.5	2.73	27	23
1993-10-03	0	NULO	28	19
1993-10-04	0	1.53	29	21
1993-10-05	0	2.97	29	22
1993-10-06	0	2.52	29	19
1993-10-07	0	3.12	30	19
1993-10-08	0	1.25	31	21
1993-10-09	0	2.33	29	23
1993-10-10	0	NULO	30	22
1993-10-11	0	3.77	30	22
1993-10-12	0	NULO	32	21
1993-10-13	0	NULO	31	23
1993-10-14	0	NULO	31	23
1993-10-15	0	NULO	32	24
1993-10-16	0	NULO	31	24
1993-10-17	0	NULO	31	23
1993-10-18	0	NULO	31	24
1993-10-19	89	3.47	32	24
1993-10-20	8	7.33	21	19
1993-10-21	0	5.92	23	18
1993-10-22	0	1.19	24	17
1993-10-23	0	1.06	24	16
1993-10-24	0	1.97	25	15
1993-10-25	0	3.04	27	15
1993-10-26	1	0.86	26	16
1993-10-27	0	1.11	26	18
1993-10-28	8	1.44	29	18
1993-10-29	12	3.33	21	16
1993-10-30	0	1.1	16	9
1993-10-31	0	2.5	20	9
1993-11-01	0	NULO	23	12
1993-11-02	0	1.15	22	17
1993-11-03	0	0.25	22	18
1993-11-04	85	NULO	32	19
1993-11-05	29	NULO	28	20
1993-11-06	0	6.39	26	11
1993-11-07	0	1.32	25	12
1993-11-08	13	1.48	25	17
1993-11-09	37.5	3.07	21	19
1993-11-10	0	NULO	26	20
1993-11-11	0	1.18	27	19
1993-11-12	0	2.14	27	20
1993-11-13	0	NULO	29	21
1993-11-14	13.5	NULO	27	23
1993-11-15	13.5	2.81	27	22
1993-11-16	22	2.81	NULO	NULO
1993-11-17	0	1.74	24	15
1993-11-18	0	NULO	27	17
1993-11-19	3.5	0.65	NULO	NULO
1993-11-20	2.5	NULO	17	14
1993-11-21	1	NULO	19	14
1993-11-22	0	NULO	25	14
1993-11-23	0	NULO	25	17
1993-11-24	10	NULO	26	18
1993-11-25	7.5	3.01	15	10
1993-11-26	0	NULO	13	9
1993-11-27	0	2.08	19	10
1993-11-28	0	1.15	22	10
1993-11-29	0	1.05	23	12
1993-11-30	0	0.22	NULO	NULO
1994-01-01	0	1.27	24	15
1994-01-02	0	1.54	22	15
1994-01-03	0	1.84	24	9
1994-01-04	0	1.6	24	10
1994-01-05	0	0.25	26	12
1994-01-06	0	2.11	24	13
1994-01-07	0	2.14	18	11
1994-01-08	0	1.33	20	7
1994-01-09	0	0.66	23	7
1994-01-10	0	0.83	24	12
1994-01-11	0	1.74	26	14
1994-01-12	0.5	0.91	19	14
1994-01-13	0	1.74	22	15
1994-01-14	0	0.38	23	12
1994-01-15	0	1.38	24	13
1994-01-16	1.5	0.2	24	15
1994-01-17	4	0.33	17	13
1994-01-18	0	1.19	20	12
1994-01-19	2.5	1.51	24	13
1994-01-20	1	0.4	22	15
1994-01-21	6	0.23	22	18
1994-01-22	1	0.11	21	18
1994-01-23	0	0.36	22	18
1994-01-24	0	1.11	26	16
1994-01-25	0	1.27	27	17
1994-01-26	0	0.57	28	18
1994-01-27	5	1.36	21	18
1994-01-28	14.5	3.22	17	14
1994-01-29	4	2.09	13	10
1994-01-30	13	2.01	14	10
1994-01-31	7.5	2.67	13	11
1994-02-01	1	NULO	18	7
1994-02-02	0	NULO	22	7
1994-02-03	0	NULO	24	10
1994-02-04	0	NULO	26	16
1994-02-05	0	NULO	26	17
1994-02-06	0	NULO	26	19
1994-02-07	0	NULO	27	19
1994-02-08	1.5	NULO	31	18
1994-02-09	1.5	NULO	NULO	NULO
1994-02-10	0	NULO	23	14
1994-02-11	4	NULO	26	13
1994-02-12	10	NULO	18	14
1994-02-13	0	NULO	19	12
1994-02-14	5	NULO	25	12
1994-02-15	21.5	NULO	19	16
1994-02-16	0	NULO	22	17
1994-02-17	0	NULO	24	17
1994-02-18	0	NULO	27	18
1994-02-19	0	NULO	29	19
1994-02-20	0	NULO	27	20
1994-02-21	0	NULO	29	21
1994-02-22	21	NULO	29	21
1994-02-23	0	NULO	20	15
1994-02-24	0	NULO	26	14
1994-02-25	17	NULO	22	14
1994-02-26	0	NULO	19	15
1994-02-27	0	NULO	25	15
1994-02-28	0	NULO	NULO	NULO
1994-03-01	0	NULO	22	18
1994-03-02	0	NULO	25	12
1994-03-03	0	NULO	27	13
1994-03-04	0	NULO	30	15
1994-03-05	0	NULO	29	17
1994-03-06	0	NULO	29	20
1994-03-07	0	NULO	30	20
1994-03-08	0	NULO	21	20
1994-03-09	0	NULO	17	14
1994-03-10	0	NULO	21	10
1994-03-11	0	NULO	23	11
1994-03-12	3.5	NULO	23	16
1994-03-13	0	NULO	25	18
1994-03-14	12.5	NULO	27	18
1994-03-15	0	NULO	21	18
1994-03-16	0	NULO	26	14
1994-03-17	0	NULO	29	16
1994-03-18	0	NULO	31	18
1994-03-19	0	NULO	33	20
1994-03-20	0	NULO	27	22
1994-03-21	0	NULO	30	20
1994-03-22	0	NULO	34	21
1994-03-23	0	NULO	38	22
1994-03-24	0	NULO	31	22
1994-03-25	0	NULO	34	23
1994-03-26	0	NULO	38	22
1994-03-27	0	NULO	24	21
1994-03-28	0	NULO	26	16
1994-03-29	11	NULO	22	16
1994-03-30	1.5	NULO	20	16
1994-03-31	5	NULO	22	16
1994-04-01	0	NULO	26	17
1994-04-02	0	NULO	28	19
1994-04-03	0	NULO	30	19
1994-04-04	0	NULO	34	19
1994-04-05	0	NULO	27	21
1994-04-06	0	NULO	27	19
1994-04-07	0	NULO	30	18
1994-04-08	0	NULO	32	19
1994-04-09	0	NULO	34	21
1994-04-10	1.5	NULO	36	22
1994-04-11	4.5	NULO	28	25
1994-04-12	0.5	NULO	23	21
1994-04-13	0	NULO	34	21
1994-04-14	50	NULO	36	22
1994-04-15	53	NULO	NULO	NULO
1994-04-16	33.5	NULO	26	17
1994-04-17	0	NULO	23	17
1994-04-18	0	NULO	30	17
1994-04-19	1.5	NULO	29	20
1994-04-20	28.5	NULO	27	21
1994-04-21	0.5	NULO	28	18
1994-04-22	0	NULO	29	20
1994-04-23	0	NULO	31	21
1994-04-24	0	NULO	32	21
1994-04-25	0	NULO	35	23
1994-04-26	0	NULO	34	22
1994-04-27	0	NULO	33	25
1994-04-28	0	NULO	30	24
1994-04-29	12	NULO	31	24
1994-04-30	10.5	NULO	NULO	NULO
1994-05-01	0	NULO	28	20
1994-05-02	0	NULO	30	21
1994-05-03	1	NULO	30	25
1994-05-04	0	NULO	30	24
1994-05-05	0	NULO	33	21
1994-05-06	0	NULO	33	23
1994-05-07	0	NULO	33	24
1994-05-08	0	NULO	33	25
1994-05-09	0	NULO	32	25
1994-05-10	114	NULO	32	25
1994-05-11	23.5	NULO	32	21
1994-05-12	0	NULO	32	22
1994-05-13	0	NULO	34	23
1994-05-14	0	NULO	33	23
1994-05-15	0	NULO	33	22
1994-05-16	0.5	NULO	34	22
1994-05-17	0	NULO	34	25
1994-05-18	9.5	NULO	32	25
1994-05-19	0	NULO	31	21
1994-05-20	0.5	NULO	27	23
1994-05-21	0	NULO	28	22
1994-05-22	0	NULO	33	22
1994-05-23	0	NULO	33	20
1994-05-24	0	NULO	35	26
1994-05-25	0	NULO	37	22
1994-05-26	22.5	NULO	36	25
1994-05-27	0	NULO	33	23
1994-05-28	0	NULO	34	23
1994-05-29	0	NULO	34	23
1994-05-30	0	NULO	35	24
1994-05-31	0	NULO	36	22
1994-06-01	0	NULO	34	24
1994-06-02	0	NULO	34	24
1994-06-03	0	NULO	35	25
1994-06-04	3	NULO	36	25
1994-06-05	0	NULO	36	25
1994-06-06	2.5	NULO	38	20
1994-06-07	28	NULO	37	25
1994-06-08	0	NULO	34	24
1994-06-09	35	NULO	31	25
1994-06-10	38	NULO	29	24
1994-06-11	19	NULO	29	22
1994-06-12	0	NULO	28	23
1994-06-13	0	NULO	29	24
1994-06-14	0	NULO	32	24
1994-06-15	0	NULO	32	23
1994-06-16	0	NULO	33	23
1994-06-17	0	NULO	32	23
1994-06-18	0	NULO	33	21
1994-06-19	0	NULO	33	23
1994-06-20	70	NULO	34	24
1994-06-21	2.5	NULO	34	23
1994-06-22	0	NULO	31	22
1994-06-23	0	NULO	35	24
1994-06-24	0	NULO	35	23
1994-06-25	0	NULO	34	23
1994-06-26	0	NULO	34	22
1994-06-27	0	NULO	35	23
1994-06-28	0	NULO	36	23
1994-06-29	0	NULO	35	23
1994-06-30	0	NULO	NULO	NULO
1994-07-01	0	NULO	35	23
1994-07-02	0	NULO	35	24
1994-07-03	0	NULO	40	23
1994-07-04	0	NULO	35	23
1994-07-05	0	NULO	35	25
1994-07-06	0	NULO	35	25
1994-07-07	0	NULO	35	25
1994-07-08	0	NULO	34	22
1994-07-09	0	NULO	33	27
1994-07-10	0	NULO	34	23
1994-07-11	0	NULO	34	25
1994-07-12	0	NULO	35	25
1994-07-13	0	NULO	35	25
1994-07-14	0	NULO	32	24
1994-07-15	0	NULO	32	22
1994-07-16	0	NULO	30	21
1994-07-17	0	NULO	33	21
1994-07-18	0	NULO	34	22
1994-07-19	0	NULO	36	23
1994-07-20	0.5	NULO	34	22
1994-07-21	1	NULO	33	23
1994-07-22	0	NULO	34	22
1994-07-23	0	NULO	35	22
1994-07-24	0	NULO	35	21
1994-07-25	0	NULO	34	23
1994-07-26	0	NULO	34	21
1994-07-27	0	NULO	32	22
1994-07-28	0	NULO	35	22
1994-07-29	0	NULO	36	23
1994-07-30	0	NULO	35	24
1994-07-31	18	NULO	36	24
1994-08-01	0.5	1.97	31	22
1994-08-02	0	4.77	32	22
1994-08-03	13	3.36	31	23
1994-08-04	39	2.76	29	23
1994-08-05	1	3.71	31	22
1994-08-06	0	3.68	32	23
1994-08-07	0	4.82	33	24
1994-08-08	16.5	1.71	32	23
1994-08-09	38	4	30	22
1994-08-10	18.5	2.23	25	22
1994-08-11	0	3.88	31	21
1994-08-12	9.5	5.53	30	23
1994-08-13	1	3.05	31	22
1994-08-14	1.5	2.61	31	23
1994-08-15	0	3.07	32	22
1994-08-16	0	4.97	34	23
1994-08-17	0	2.38	34	24
1994-08-18	0	3.01	32	24
1994-08-19	0	2.66	33	23
1994-08-20	0	5.13	34	23
1994-08-21	0	3.91	34	25
1994-08-22	0	1.71	34	25
1994-08-23	32	0.2	33	23
1994-08-24	0	2.43	30	22
1994-08-25	0	2.89	31	23
1994-08-26	2.5	1.8	32	21
1994-08-27	0	3.28	33	21
1994-08-28	0	3.49	34	23
1994-08-29	3.5	1.96	31	24
1994-08-30	8	3.15	33	24
1994-08-31	27	2.28	27	23
1994-09-01	46	0.78	26	22
1994-09-02	5	0.86	26	21
1994-09-03	0	1.91	27	22
1994-09-04	0	2.94	30	20
1994-09-05	2.5	3.63	31	22
1994-09-06	0	2.87	31	22
1994-09-07	0	3.2	32	22
1994-09-08	7	2.56	32	23
1994-09-09	19	2.31	30	23
1994-09-10	50	1.92	29	21
1994-09-11	14.5	1.13	28	22
1994-09-12	0	1.59	30	23
1994-09-13	0	2.95	32	22
1994-09-14	0	2.9	32	22
1994-09-15	32.5	3.28	31	23
1994-09-16	74.5	1.86	25	23
1994-09-17	21	2.1	27	22
1994-09-18	0	0.42	27	21
1994-09-19	0	3.48	30	19
1994-09-20	0	3	31	20
1994-09-21	0	2.17	31	20
1994-09-22	12	0.21	28	22
1994-09-23	6.5	1.16	30	22
1994-09-24	7	3.15	30	22
1994-09-25	0	2.51	30	20
1994-09-26	0	1.99	30	20
1994-09-27	0	2.39	30	22
1994-09-28	0	4.19	30	20
1994-09-29	8	0.78	31	20
1994-09-30	0	1.35	NULO	NULO
1994-10-01	0	3	32	24
1994-10-02	0	1.35	29	24
1994-10-03	104	0.92	NULO	NULO
1994-10-04	15.5	3.88	30	22
1994-10-05	0	2.51	32	21
1994-10-06	49	2.92	25	19
1994-10-07	50.5	3.46	NULO	NULO
1994-10-08	0	1.75	23	14
1994-10-09	0	4.86	25	15
1994-10-10	0	0.79	25	16
1994-10-11	0	0.95	24	20
1994-10-12	0	1.23	29	19
1994-10-13	0	0.57	32	20
1994-10-14	0	1.33	31	25
1994-10-15	1	1.65	30	23
1994-10-16	0	1.02	30	23
1994-10-17	0	2.73	29	24
1994-10-18	0	3.37	30	23
1994-10-19	0	2.14	30	24
1994-10-20	0	1.67	30	24
1994-10-21	0	2.71	30	23
1994-10-22	0	1.45	30	23
1994-10-23	26	4.36	28	23
1994-10-24	11	0.5	24	20
1994-10-25	0	1.2	25	20
1994-10-26	0	2.2	28	20
1994-10-27	0	2.08	27	21
1994-10-28	0	0.61	29	21
1994-10-29	0	0.98	NULO	NULO
1994-11-01	0	1.76	30	20
1994-11-02	0	2.52	30	22
1994-11-03	0	2.13	31	22
1994-11-04	17	1.49	30	23
1994-11-05	1	2.73	26	23
1994-11-06	0	0.4	26	22
1994-11-07	0	1.72	28	19
1994-11-08	0	1.67	29	19
1994-11-09	20	2.01	28	20
1994-11-10	1	0.6	24	20
1994-11-11	0	1.14	27	20
1994-11-12	0	2.26	29	21
1994-11-13	0	1.08	29	22
1994-11-14	18	2.16	28	21
1994-11-15	0	0.9	23	18
1994-11-16	0	0.6	27	16
1994-11-17	0	1.7	28	17
1994-11-18	0	1.7	28	19
1994-11-19	0	1.51	29	19
1994-11-20	0	1.15	27	19
1994-11-21	0	1.16	28	20
1994-11-22	8	1.63	26	21
1994-11-23	0	0.5	22	17
1994-11-24	0	1.8	27	15
1994-11-25	0	0.36	28	16
1994-11-26	0	1.65	29	18
1994-11-27	1	0.7	24	19
1994-11-28	5	1.92	25	20
1994-11-29	1	0.14	26	14
1994-11-30	1	1.58	NULO	NULO
1994-12-01	0	0.25	27	16
1994-12-02	0	1.27	27	18
1994-12-03	0	1.67	28	19
1994-12-04	0.5	0.73	27	19
1994-12-05	0	0.78	29	21
1994-12-06	0	1.48	27	22
1994-12-07	0	1.8	28	21
1994-12-08	0	0.54	28	20
1994-12-09	8.5	2.05	24	21
1994-12-10	0	0.83	17	11
1994-12-11	0	1	23	10
1994-12-12	0	1	25	12
1994-12-13	0	1.42	27	19
1994-12-14	0	1.72	27	20
1994-12-15	0	NULO	NULO	NULO
1994-12-17	NULO	NULO	NULO	NULO
1994-12-18	3.5	1.09	20	17
1994-12-19	0.5	2.79	25	17
1994-12-20	8.5	2.21	20	19
1994-12-21	13	2.16	NULO	NULO
1994-12-22	0	NULO	21	14
1994-12-23	0.5	NULO	20	14
1994-12-24	0	1.2	18	12
1994-12-25	0	1.18	22	13
1994-12-26	0	1.05	24	15
1994-12-27	16.5	2.27	26	16
1994-12-28	9.5	0.85	17	16
1994-12-29	1	0.66	21	15
1994-12-30	5	NULO	26	16
1994-12-31	4	NULO	18	16
1995-01-01	1	2.17	16	14
1995-01-02	7.5	0.43	20	13
1995-01-03	3	1.53	14	11
1995-01-04	0	0.66	12	11
1995-01-05	0.5	0.64	29	10
1995-01-06	0	2.1	24	14
1995-01-07	0	0.93	25	14
1995-01-08	0	1.18	25	15
1995-01-09	0	0.86	27	19
1995-01-10	0	0.72	26	18
1995-01-11	0	2.03	28	18
1995-01-12	0	3.55	27	18
1995-01-13	0	1.6	25	14
1995-01-14	0	2.15	25	14
1995-01-15	0	2.17	26	14
1995-01-16	0	1.4	28	15
1995-01-17	0	3.12	30	17
1995-01-18	0	1.3	19	17
1995-01-19	0	0.38	17	14
1995-01-20	0	1.2	23	14
1995-01-21	0	2.2	26	15
1995-01-22	6	0.25	20	17
1995-01-23	1	0.65	17	12
1995-01-24	1.5	0.5	22	12
1995-01-25	0	0.65	24	16
1995-01-26	0	1.35	28	16
1995-01-27	2.5	0.89	25	18
1995-01-28	23	0.25	NULO	NULO
1995-01-29	11.5	1.78	NULO	NULO
1995-01-30	1	0.98	15	10
1995-01-31	0	1.09	23	10
1995-02-01	0	1.82	26	12
1995-02-02	0	2.2	28	14
1995-02-03	0	3.19	22	14
1995-02-04	0	2.2	25	12
1995-02-05	0	2.8	25	14
1995-02-06	0	1.18	26	15
1995-02-07	13.5	0.75	22	17
1995-02-08	0	0.72	23	14
1995-02-09	0	1.46	31	14
1995-02-10	0	2.76	33	17
1995-02-11	0	1.47	24	20
1995-02-12	0	2.91	28	19
1995-02-13	0	2.4	29	20
1995-02-14	0	2.32	30	20
1995-02-15	3	1.63	27	20
1995-02-16	30	2.88	22	21
1995-02-17	0	2.45	19	15
1995-02-18	4.5	1.79	25	15
1995-02-19	0	1.71	26	13
1995-02-20	0	3.9	26	15
1995-02-21	0	3.22	26	14
1995-02-22	0	1.63	27	15
1995-02-23	0	3.44	27	16
1995-02-24	0	1.61	25	19
1995-02-25	0	1.94	28	19
1995-02-26	0	3.31	30	20
1995-02-27	1	2.92	30	19
1995-02-28	11	3.1	NULO	NULO
1995-03-01	11.5	0.95	20	18
1995-03-02	2.5	6.42	18	16
1995-03-03	0	1.6	24	16
1995-03-04	0	1.4	28	16
1995-03-05	0	3.35	29	19
1995-03-06	0	6.19	34	20
1995-03-07	0	2.76	19	15
1995-03-08	0	5.37	19	11
1995-03-09	0	1.33	22	11
1995-03-10	0	5.43	27	15
1995-03-11	0	4.42	29	17
1995-03-12	0	3.92	30	19
1995-03-13	0	5.47	30	20
1995-03-14	0	4.36	29	19
1995-03-15	0	3.58	25	19
1995-03-16	0	1.73	27	17
1995-03-17	0	6	27	16
1995-03-18	0	4.77	30	16
1995-03-19	0	3.78	30	19
1995-03-20	0	5.8	33	20
1995-03-21	0	3.75	32	22
1995-03-22	0	4.57	32	21
1995-03-23	0	5.39	33	12
1995-03-24	0	4.17	33	22
1995-03-25	0	3.87	31	23
1995-03-26	0	2.31	29	23
1995-03-27	0.5	1.21	26	22
1995-03-28	7	3.1	27	22
1995-03-29	3	1.42	22	21
1995-03-30	9	0.96	19	16
1995-03-31	5	1.79	20	16
1995-04-01	1	0.25	20	16
1995-04-02	0	1.57	25	16
1995-04-03	0	3.65	29	19
1995-04-04	0	2.47	27	21
1995-04-05	0	3.67	30	20
1995-04-06	3	3.17	29	20
1995-04-07	0	3.38	30	20
1995-04-08	0	4.62	32	22
1995-04-09	0	9.28	39	20
1995-04-10	0	6.59	39	19
1995-04-11	0	6.44	30	15
1995-04-12	0	5.35	30	18
1995-04-13	0	4.26	32	21
1995-04-14	0	6.83	36	22
1995-04-15	0	5.69	35	25
1995-04-16	0	5.84	35	24
1995-04-17	0	6.79	37	25
1995-04-18	0	5.93	37	24
1995-04-19	0	10.15	40	25
1995-04-20	0	6.68	37	24
1995-04-21	0	7.43	37	26
1995-04-22	3.5	1.57	28	27
1995-04-23	0	4.53	27	17
1995-04-24	0	1.22	22	18
1995-04-25	0	3.23	29	18
1995-04-26	1	5.22	33	20
1995-04-27	0	5.74	32	21
1995-04-28	0	4.86	33	22
1995-04-29	0	5.87	34	23
1995-04-30	0	7.49	NULO	NULO
1995-05-01	0	3.42	32	25
1995-05-02	0	5.54	35	23
1995-05-03	2	6.07	36	24
1995-05-04	0	5.57	35	25
1995-05-05	0	3.92	35	25
1995-05-06	0	4.08	34	25
1995-05-07	0	8.39	40	25
1995-05-08	0	7.05	39	23
1995-05-09	0	6.1	37	25
1995-05-10	0	4.09	36	27
1995-05-11	0	6.86	39	26
1995-05-12	0	8.26	43	27
1995-05-13	0	6.12	29	28
1995-05-14	5	5.61	36	26
1995-05-15	0	5.33	35	27
1995-05-16	0	6.1	39	26
1995-05-17	0	6.97	39	27
1995-05-18	0	4.88	35	26
1995-05-19	0	5.51	33	25
1995-05-20	0	4.48	35	25
1995-05-21	0	4.52	36	27
1995-05-22	0	7.08	37	27
1995-05-23	15	4.42	35	26
1995-05-24	0	4.15	33	26
1995-05-25	0	3.57	32	23
1995-05-26	0	5.06	36	23
1995-05-27	1	3.8	36	26
1995-05-28	10.5	3.08	30	23
1995-05-29	123.5	6.74	35	22
1995-05-30	0	6.77	32	21
1995-05-31	0	4.94	35	21
1995-06-01	0	6.26	35	25
1995-06-02	0	6.65	36	24
1995-06-03	0	6.35	36	24
1995-06-04	0	5.59	36	25
1995-06-05	0	5.12	38	26
1995-06-06	0	7.28	40	27
1995-06-07	0	3.81	36	28
1995-06-08	3.5	7.11	37	27
1995-06-09	0	4.51	35	27
1995-06-10	93.5	7.19	38	26
1995-06-11	0	2.65	28	21
1995-06-12	0	3.01	30	21
1995-06-13	0	4.49	31	24
1995-06-14	0	4.32	31	21
1995-06-15	0	1.6	32	22
1995-06-16	0	3.33	29	22
1995-06-17	0	4	31	22
1995-06-18	0	5.41	35	23
1995-06-19	0	3.32	32	24
1995-06-20	10	2.86	33	24
1995-06-21	8.5	4.53	35	24
1995-06-22	0	3.94	34	14
1995-06-23	0	4.85	34	25
1995-06-24	0	6.11	35	25
1995-06-25	0	6.48	36	24
1995-06-26	46	9.74	36	25
1995-06-27	19	3.94	31	24
1995-06-28	13	5.73	30	24
1995-06-29	1.5	2.46	31	24
1995-06-30	10	2.52	NULO	NULO
1995-07-01	0	5.88	33	21
1995-07-02	0	6.05	35	23
1995-07-03	0	6.73	36	25
1995-07-04	12	5.7	37	26
1995-07-05	0	2.93	32	23
1995-07-06	4.5	0.96	30	23
1995-07-07	1	1.81	31	23
1995-07-08	1	3.5	31	23
1995-07-09	12.5	5.78	32	22
1995-07-10	11.8	5.12	29	23
1995-07-11	72	4.69	26	22
1995-07-12	21.5	2.5	30	21
1995-07-13	1.5	1.46	28	21
1995-07-14	7.5	2.96	31	21
1995-07-15	3	3.28	31	22
1995-07-16	7	2.41	29	22
1995-07-17	0	4.24	32	22
1995-07-18	0	7.17	33	24
1995-07-19	0	5.13	33	24
1995-07-20	0	4.83	33	24
1995-07-21	0	5.61	34	25
1995-07-22	0	5.79	33	25
1995-07-23	20	5.24	33	24
1995-07-24	2.5	2.24	29	24
1995-07-25	4	2.5	32	23
1995-07-26	0	3.71	32	21
1995-07-27	30	9.83	33	23
1995-07-28	0	5.15	33	21
1995-07-29	0	6.31	35	22
1995-07-30	0	6.6	35	23
1995-07-31	0	5.97	35	24
1995-08-01	0	5.3	34	25
1995-08-02	0	5.81	35	24
1995-08-03	0	6.18	35	25
1995-08-04	0	5.51	35	24
1995-08-05	117	4.83	27	24
1995-08-06	42	5.6	30	23
1995-08-07	109	3.21	29	24
1995-08-08	2	4.74	32	22
1995-08-09	3	4	32	22
1995-08-10	1	1.4	30	23
1995-08-11	23	1.31	29	24
1995-08-12	55	2.12	29	23
1995-08-13	0	4.46	30	23
1995-08-14	0.5	2.36	32	24
1995-08-15	2	0.27	30	24
1995-08-16	0.5	5.59	31	24
1995-08-17	20	3.36	30	23
1995-08-18	10	1.99	29	23
1995-08-19	0	3.98	32	21
1995-08-20	0	4.92	33	12
1995-08-21	0	5.26	35	22
1995-08-22	70.5	3.75	33	23
1995-08-23	0	2.93	33	23
1995-08-24	13	5.14	32	25
1995-08-25	0	4.46	33	24
1995-08-26	41	3.94	32	23
1995-08-27	0	2.53	30	12
1995-08-28	0	2.9	33	23
1995-08-29	0	4.69	33	22
1995-08-30	0	4.35	33	22
1995-08-31	5.5	4.41	32	25
1995-09-01	0	2.6	30	23
1995-09-02	0	4.63	33	23
1995-09-03	0	2.7	33	24
1995-09-04	0	5.42	33	23
1995-09-05	0	4.09	33	23
1995-09-06	0	5.49	33	21
1995-09-07	0	5.25	31	21
1995-09-08	0	5.22	34	21
1995-09-09	0	5.08	33	23
1995-09-10	0	3.41	32	23
1995-09-11	0	2.62	32	23
1995-09-12	0	4.43	33	24
1995-09-13	1.5	2.11	31	23
1995-09-14	0	3.2	32	25
1995-09-15	0	4.5	34	22
1995-09-16	0	3.93	33	24
1995-09-17	0	4.75	34	23
1995-09-18	0	4.86	35	25
1995-09-19	5	4.06	34	23
1995-09-20	0	5.17	33	22
1995-09-21	34	6.41	29	24
1995-09-22	0	1.35	25	23
1995-09-23	0	4.15	30	20
1995-09-24	0	4.55	32	22
1995-09-25	61	5.13	36	22
1995-09-26	4.5	2.2	31	23
1995-09-27	0	5.29	32	23
1995-09-28	0	4.45	33	22
1995-09-29	11.5	2.06	34	21
1995-09-30	0	3.92	NULO	NULO
1995-10-01	3.5	3.54	34	22
1995-10-02	0	3.89	32	23
1995-10-03	0	2.91	31	23
1995-10-04	0	3.24	33	21
1995-10-05	24	3.25	30	21
1995-10-06	1	1.59	26	21
1995-10-07	0	3.46	29	19
1995-10-08	0	3.41	30	18
1995-10-09	0	1.91	32	19
1995-10-10	0	3.43	32	13
1995-10-11	2	4.26	28	14
1995-10-12	0	2.64	31	21
1995-10-13	5	1.41	25	22
1995-10-14	0	4.03	29	15
1995-10-15	0	2.39	29	14
1995-10-16	0	1.88	30	18
1995-10-17	0	3.18	30	18
1995-10-18	8.5	2.64	34	20
1995-10-19	103.5	2.97	26	23
1995-10-20	0	0.9	24	17
1995-10-21	0	2.73	29	16
1995-10-22	0	1.89	29	18
1995-10-23	84	2.66	25	22
1995-10-24	0	1.21	28	22
1995-10-25	1.5	2.54	30	21
1995-10-26	1.5	0.31	30	23
1995-10-27	56	0.74	31	20
1995-10-28	0	0.98	26	21
1995-10-29	0	1.65	29	20
1995-10-30	0	1.46	29	22
1995-10-31	0	1.62	31	22
1995-11-01	7	2.75	32	22
1995-11-02	94	1.66	26	25
1995-11-03	1.5	1.49	18	14
1995-11-04	1.5	0.64	22	14
1995-11-05	0	1.58	27	18
1995-11-06	0	0.44	29	20
1995-11-07	0	2.21	27	22
1995-11-08	0	2.11	27	18
1995-11-09	0	0.72	30	19
1995-11-10	62.5	1.93	28	20
1995-11-11	0	1.45	23	15
1995-11-12	0	1.2	28	15
1995-11-13	0	0.71	28	17
1995-11-14	0	0.9	25	19
1995-11-15	0	2.05	26	20
1995-11-16	20	0.93	27	19
1995-11-17	12	1.81	27	19
1995-11-18	0	0.63	20	17
1995-11-19	50.5	1.49	25	17
1995-11-20	1	1.08	20	19
1995-11-21	0	1.4	25	15
1995-11-22	0	3.75	27	15
1995-11-23	0	1.13	24	17
1995-11-24	0	0.89	24	15
1995-11-25	0	1.66	26	14
1995-11-26	0	1.34	27	12
1995-11-27	0	0.93	26	13
1995-11-28	0	1.13	23	15
1995-11-29	0	1.25	22	16
1995-11-30	0	0.67	NULO	NULO
1995-12-01	0	0.72	28	18
1995-12-02	0	1	29	20
1995-12-03	0	2.62	29	21
1995-12-04	0	1.12	28	18
1995-12-05	0	1.52	28	19
1995-12-06	0	1.5	28	18
1995-12-07	0	0.2	26	18
1995-12-08	30	1.53	22	19
1995-12-09	0	0.3	23	10
1995-12-10	0	0.95	20	10
1995-12-11	0	1.52	24	13
1995-12-12	0	0.69	26	14
1995-12-13	0	1.29	25	15
1995-12-14	0	0.56	27	17
1995-12-15	0	1.85	26	17
1995-12-16	0	0.63	29	18
1995-12-17	1.5	0.25	26	17
1995-12-18	0	1.16	25	15
1995-12-19	0	0.12	19	15
1995-12-20	0	1.2	16	14
1995-12-21	0	0.45	19	14
1995-12-22	7	0.1	15	14
1995-12-23	0	0.28	14	9
1995-12-24	4.5	0.33	17	9
1995-12-25	6	1.26	15	11
1995-12-26	8	2.17	15	12
1995-12-27	4	0.69	14	11
1995-12-28	0	0.46	16	12
1995-12-29	0	0.74	19	12
1995-12-30	0	1.12	21	15
1995-12-31	0	3.07	31	13
1996-01-01	6.5	0.99	NULO	NULO
1996-01-02	2	0.94	12	7
1996-01-03	0	1.67	21	7
1996-01-04	0	0.31	25	9
1996-01-05	4.5	0.86	24	12
1996-01-06	0	1.07	9	8
1996-01-07	0	0.93	15	8
1996-01-08	0	1.03	20	5
1996-01-09	0	1.22	23	6
1996-01-10	0	1.49	24	10
1996-01-11	0	1.78	22	10
1996-01-12	0	0.98	23	8
1996-01-13	0	2.1	25	8
1996-01-14	0	1.37	24	10
1996-01-15	0	1.57	25	12
1996-01-16	0	1.2	27	12
1996-01-17	0.5	2.98	30	12
1996-01-18	0	1.43	17	11
1996-01-19	0	0.82	24	8
1996-01-20	0	1.54	20	10
1996-01-21	0	1.33	25	13
1996-01-22	0	0.89	28	14
1996-01-23	0	2.09	20	15
1996-01-24	0	1.83	24	11
1996-01-25	0	1.06	29	11
1996-01-26	10	0.16	22	13
1996-01-27	0	1.03	22	14
1996-01-28	0	0.15	25	14
1996-01-29	0	2.49	28	14
1996-01-30	0	0.86	24	16
1996-01-31	3	0.62	24	16
1996-02-01	7.5	1.78	16	14
1996-02-02	9.5	0.7	10	7
1996-02-03	3	0.3	8	5
1996-02-04	0	0.92	17	3
1996-02-05	0	1.53	20	8
1996-02-06	0	2.45	25	10
1996-02-07	0	1.29	24	11
1996-02-08	0	2.48	25	12
1996-02-09	0	0.65	25	13
1996-02-10	0	1.86	26	16
1996-02-11	0	0.9	13	11
1996-02-12	0	0.99	19	10
1996-02-13	0	0.42	25	12
1996-02-14	4.5	1.8	27	14
1996-02-15	18	1.09	18	11
1996-02-16	0	1.36	20	14
1996-02-17	0	1.42	21	14
1996-02-18	0	2.25	31	14
1996-02-19	0	2.43	32	15
1996-02-20	0	2.23	30	16
1996-02-21	0	2.15	30	16
1996-02-22	0	2	30	16
1996-02-23	0	1.91	27	16
1996-02-24	0	1.67	27	17
1996-02-25	0	2.45	29	19
1996-02-26	0	3.29	22	21
1996-02-27	16.5	4.28	32	21
1996-02-28	6	1.71	15	14
1996-02-29	3	2.1	NULO	NULO
1996-03-01	0	1.09	20	10
1996-03-02	0	0.85	21	13
1996-03-03	0	2.54	26	14
1996-03-04	0	2.9	30	16
1996-03-05	0.5	5.33	35	18
1996-03-06	1	2.41	22	21
1996-03-07	2	1.53	14	10
1996-03-08	0	1.15	15	9
1996-03-09	0	1.07	20	9
1996-03-10	0	4.12	24	11
1996-03-11	0	3.61	26	13
1996-03-12	0	4.29	27	17
1996-03-13	0	3.41	31	16
1996-03-14	0	5.77	34	17
1996-03-15	0	4.81	33	19
1996-03-16	0	4.26	30	20
1996-03-17	0	6.45	35	18
1996-03-18	0	1.29	20	18
1996-03-19	3	1.26	20	15
1996-03-20	0	1.76	33	15
1996-03-21	1	2.34	25	14
1996-03-22	0	1.82	26	16
1996-03-23	0	5.93	34	19
1996-03-24	29	5.14	35	20
1996-03-25	2	4.17	NULO	NULO
1996-03-26	2.5	1.14	22	14
1996-03-27	0	2.1	23	14
1996-03-28	0	4.57	30	16
1996-03-29	0	6.43	35	18
1996-03-30	0	5.58	32	19
1996-03-31	0	3.73	27	18
1996-04-01	0	4.49	26	15
1996-04-02	0	5.22	30	15
1996-04-03	0	4.22	30	19
1996-04-04	5.5	3.82	30	21
1996-04-05	0	1.4	14	13
1996-04-06	0	1.44	21	12
1996-04-07	0	3.6	26	14
1996-04-08	0	6.16	32	15
1996-04-09	0	6.06	32	17
1996-04-10	0	3.68	29	20
1996-04-11	0	5.72	35	20
1996-04-12	0	7.01	37	21
1996-04-13	0	5.76	37	21
1996-04-14	0	1.51	35	22
1996-04-15	43	8.28	25	21
1996-04-16	0	8.84	29	15
1996-04-17	0	5.1	35	17
1996-04-18	0	5.67	34	20
1996-04-19	0	6.81	35	23
1996-04-20	0	3.48	32	24
1996-04-21	0	3.67	36	24
1996-04-22	4.5	3.33	24	21
1996-04-23	0	4.28	29	20
1996-04-24	0	5.18	33	18
1996-04-25	0	5.42	37	20
1996-04-26	0	4.27	35	22
1996-04-27	0	5.55	34	22
1996-04-28	36.5	3.95	24	23
1996-04-29	0	4.74	28	18
1996-04-30	0	2.75	NULO	NULO
1996-05-01	0	4.88	33	19
1996-05-02	0	3.21	32	22
1996-05-03	0	4.67	32	23
1996-05-04	0	1.75	32	23
1996-05-05	0	3.43	33	23
1996-05-06	0	4.92	33	23
1996-05-07	0	3.91	33	23
1996-05-08	0	4.63	35	23
1996-05-09	0	5.32	35	24
1996-05-10	0	5.22	35	25
1996-05-11	0	4.69	33	23
1996-05-12	0	5.85	35	20
1996-05-13	0	5.84	33	21
1996-05-14	0	5.91	34	22
1996-05-15	0	6.42	35	23
1996-05-16	0	6.47	35	23
1996-05-17	0	6.54	35	24
1996-05-18	0	4.88	35	23
1996-05-19	0	6.03	36	24
1996-05-20	0	5.87	36	24
1996-05-21	0	6.43	37	26
1996-05-22	0	5.91	36	26
1996-05-23	0	3.24	36	26
1996-05-24	0	5.92	37	27
1996-05-25	0	6.02	38	26
1996-05-26	0	6.47	39	27
1996-05-27	0	5.62	38	28
1996-05-28	0	7.06	38	27
1996-05-29	0	6.5	37	27
1996-05-30	0	6.18	38	26
1996-05-31	0	4.35	31	24
1996-06-01	0	5.55	37	23
1996-06-02	2	4.47	30	23
1996-06-03	0	6.8	34	20
1996-06-04	0	7.43	35	22
1996-06-05	0	5.75	35	24
1996-06-06	0	6.71	37	24
1996-06-07	0	5.76	36	24
1996-06-08	0	5.82	36	24
1996-06-09	0	7.92	37	25
1996-06-10	0	6.95	39	24
1996-06-11	0	6.03	34	24
1996-06-12	0	7.82	36	24
1996-06-13	0	5.23	36	25
1996-06-14	0	6.38	36	24
1996-06-15	0	4.89	34	26
1996-06-16	0	5.28	35	23
1996-06-17	0	7.56	36	23
1996-06-18	0	6.16	36	25
1996-06-19	0	6.39	37	27
1996-06-20	0	6.65	36	26
1996-06-21	0	6.45	37	27
1996-06-22	43	4.84	36	26
1996-06-23	0	5.45	36	22
1996-06-24	35	6.16	35	23
1996-06-25	40	7.02	34	23
1996-06-26	0	4.24	30	23
1996-06-27	6	0.53	30	22
1996-06-28	20	3.12	27	22
1996-06-29	39.5	3.29	24	22
1996-06-30	0	3.98	NULO	NULO
1996-07-01	0	5.62	34	21
1996-07-02	0	7.56	35	22
1996-07-03	0	6.96	35	24
1996-07-04	0	5.21	35	26
1996-07-05	0	6.79	39	26
1996-07-06	2	8.57	35	25
1996-07-07	2	8.07	35	24
1996-07-08	0	6.99	38	24
1996-07-09	0	6.37	35	26
1996-07-10	0	4.31	35	25
1996-07-11	0	7.95	35	23
1996-07-12	0	5.11	35	23
1996-07-13	0	5.92	35	24
1996-07-14	36.5	5.92	36	25
1996-07-15	0	5.03	34	23
1996-07-16	13	1.87	30	23
1996-07-17	2.5	2.8	27	22
1996-07-18	0	3.96	32	22
1996-07-19	0	5.88	29	22
1996-07-20	0	5.85	34	23
1996-07-21	0	3.08	33	24
1996-07-22	0	7.14	36	24
1996-07-23	0	3.68	35	25
1996-07-24	0	6.35	35	26
1996-07-25	0	7.13	35	24
1996-07-26	1.5	3.04	33	24
1996-07-27	11	2.62	33	24
1996-07-28	1	1.77	30	22
1996-07-29	2.5	0.21	29	23
1996-07-30	0	5.58	31	23
1996-07-31	0	6.05	25	24
1996-08-01	0	3.85	35	25
1996-08-02	0	7.13	35	24
1996-08-03	0	5.9	35	25
1996-08-04	0	5.78	36	25
1996-08-05	0	4.43	36	25
1996-08-06	0	8.36	35	25
1996-08-07	6.5	3.09	34	24
1996-08-08	45	4.62	27	23
1996-08-09	0	3.02	30	23
1996-08-10	0	2.77	32	21
1996-08-11	0	2.11	33	23
1996-08-12	2	5.43	33	24
1996-08-13	0	4.63	32	22
1996-08-14	21	0.59	26	22
1996-08-15	1.5	3.01	29	21
1996-08-16	0	3.92	32	21
1996-08-17	0	3.53	32	22
1996-08-18	0	3.6	32	22
1996-08-19	22	1.05	28	23
1996-08-20	8	1.91	30	21
1996-08-21	91	0.76	28	22
1996-08-22	71	0.63	25	23
1996-08-23	26	0.81	27	22
1996-08-24	21.5	0.55	28	23
1996-08-25	3.5	0.75	29	22
1996-08-26	0	3.32	30	22
1996-08-27	0	4.98	30	22
1996-08-28	0	3.98	31	23
1996-08-29	0	3.17	32	23
1996-08-30	0	3.28	33	24
1996-08-31	0	4.8	33	25
1996-09-01	3	3.97	33	23
1996-09-02	10	1.64	30	24
1996-09-03	0	1.79	29	23
1996-09-04	36	5.73	31	23
1996-09-05	0	3.32	30	22
1996-09-06	4	2.8	30	22
1996-09-07	1.5	3.71	31	22
1996-09-08	3.5	1.44	30	22
1996-09-09	0	3.38	31	22
1996-09-10	0	4.92	32	23
1996-09-11	0	4.13	32	23
1996-09-12	0	5.72	33	23
1996-09-13	0	2.51	33	23
1996-09-14	0	4.11	35	24
1996-09-15	14.5	4.78	35	25
1996-09-16	0	4.27	34	23
1996-09-17	0	2.48	34	24
1996-09-18	0	3.3	34	25
1996-09-19	3.5	2.54	33	25
1996-09-20	1	3.47	30	24
1996-09-21	48	5.78	33	23
1996-09-22	0	1.79	32	22
1996-09-23	0	3.74	33	22
1996-09-24	0	4.7	32	23
1996-09-25	0	2.9	33	24
1996-09-26	0	2.82	34	25
1996-09-27	37.5	3.64	NULO	NULO
1996-09-28	0	7.87	21	19
1996-09-29	0.5	2.64	24	19
1996-09-30	3	0.95	NULO	NULO
1996-10-01	31.5	4.76	27	20
1996-10-02	28	4.35	27	22
1996-10-03	3.5	0.3	26	23
1996-10-04	0	3.39	30	22
1996-10-05	12	0.7	23	22
1996-10-06	0	2.22	30	20
1996-10-07	0	2.55	29	23
1996-10-08	0	2.31	21	20
1996-10-09	0	1.97	29	20
1996-10-10	0	2.46	29	20
1996-10-11	0	2.92	29	18
1996-10-12	0	1.36	29	19
1996-10-13	0	2.43	30	19
1996-10-14	0	2.47	30	22
1996-10-15	0	1.31	30	20
1996-10-16	0	1.83	30	20
1996-10-17	0	2.92	30	21
1996-10-18	0	3.18	28	20
1996-10-19	0	1.58	31	20
1996-10-20	0	0.95	32	23
1996-10-21	3	2.17	28	24
1996-10-22	0	0.88	24	18
1996-10-23	3.5	1.49	29	18
1996-10-24	0	2.46	31	19
1996-10-25	0.5	0.68	33	21
1996-10-26	0	2.82	31	22
1996-10-27	0	1.55	32	24
1996-10-28	0	2.72	32	20
1996-10-29	0	1.86	30	21
1996-10-30	0	2.04	31	21
1996-10-31	0	2.78	30	20
1996-11-01	47	3.66	25	22
1996-11-02	1	0.22	18	15
1996-11-03	0	0.7	27	15
1996-11-04	2	0.36	28	19
1996-11-05	0	1.66	29	21
1996-11-06	0.5	0.79	29	22
1996-11-07	0	2.13	25	19
1996-11-08	0	1.44	24	14
1996-11-09	0	0.92	23	13
1996-11-10	0	1.07	25	15
1996-11-11	18	6.67	22	16
1996-11-12	2.5	0.4	19	16
1996-11-13	0	0.55	25	15
1996-11-14	0	1.3	26	16
1996-11-15	0	2.19	28	18
1996-11-16	0	1.24	29	18
1996-11-17	0	0.52	29	20
1996-11-18	0	1.95	29	18
1996-11-19	0	1.92	29	17
1996-11-20	0	2.09	30	17
1996-11-21	0	1.26	27	18
1996-11-22	0	1.91	29	18
1996-11-23	16	8.2	30	18
1996-11-24	0	1.08	17	14
1996-11-25	0	0.84	19	13
1996-11-26	0	0.34	19	16
1996-11-27	0	0.46	22	15
1996-11-28	0	1.02	27	15
1996-11-29	0	2.4	31	16
1996-11-30	0	2.37	NULO	NULO
1996-12-01	0	2.17	23	13
1996-12-02	4.5	0.36	21	14
1996-12-03	4	1.59	22	17
1996-12-04	0	1	28	18
1996-12-05	0	1.76	29	17
1996-12-06	0	1.22	28	20
1996-12-07	0	0.39	24	20
1996-12-08	0	1.19	25	14
1996-12-09	0	0.96	27	14
1996-12-10	0	1.77	28	15
1996-12-11	0	1.68	28	16
1996-12-12	0	3.37	27	18
1996-12-13	0	1.67	27	18
1996-12-14	1.5	1.63	28	17
1996-12-15	0	0.43	12	11
1996-12-16	3	0.65	22	10
1996-12-17	0	0.16	NULO	NULO
1996-12-18	0	1.76	7	5
1996-12-19	0	0.3	18	5
1996-12-20	0	1.66	24	5
1996-12-21	0	0.98	25	8
1996-12-22	0	0.65	26	13
1996-12-23	12.5	0.72	23	16
1996-12-24	0.5	0.21	16	12
1996-12-25	0	0.77	26	12
1996-12-26	0	1.4	26	14
1996-12-27	0	0.4	27	17
1996-12-28	54	1.35	27	18
1996-12-29	0	1.34	27	18
1996-12-30	0	2.63	27	18
1996-12-31	0	0.26	27	18
1997-01-01	0	1.13	26	18
1997-01-02	0	2.55	28	18
1997-01-03	0	2.89	33	17
1997-01-04	0	2.01	31	17
1997-01-05	1	0.21	24	18
1997-01-06	8	0.09	NULO	NULO
1997-01-07	4.5	0.1	11	10
1997-01-08	0	0.15	14	8
1997-01-09	0	0.76	20	9
1997-01-10	2	0.88	23	12
1997-01-11	6.5	0.43	16	13
1997-01-12	0	0.35	10	7
1997-01-13	0	0.99	15	7
1997-01-14	0	0.64	24	6
1997-01-15	3.5	1.16	21	10
1997-01-16	6.5	0.22	15	11
1997-01-17	5.5	0.55	13	12
1997-01-18	0	0.43	21	11
1997-01-19	0.5	1.41	20	13
1997-01-20	0	1.79	26	16
1997-01-21	0	1.65	26	15
1997-01-22	0	2.14	26	16
1997-01-23	0	0.53	29	17
1997-01-24	0	2.39	25	17
1997-01-25	0	1.89	26	16
1997-01-26	0	1.78	28	15
1997-01-27	10.5	2.09	20	16
1997-01-28	0	2.57	16	9
1997-01-29	0.5	1.2	16	10
1997-01-30	0	0.89	24	11
1997-01-31	0	1.91	26	14
1997-02-01	0	1.67	28	19
1997-02-02	0	3.47	29	16
1997-02-03	0	0.79	27	17
1997-02-04	3	0.59	24	20
1997-02-05	0	2.66	26	18
1997-02-06	10	2.6	28	18
1997-02-07	1	0.87	15	14
1997-02-08	0	0.92	21	13
1997-02-09	1	1.32	20	13
1997-02-10	0	0.86	25	15
1997-02-11	0.5	2.32	28	15
1997-02-12	3	2.43	26	16
1997-02-13	0	1.71	16	15
1997-02-14	0	0.83	16	12
1997-02-15	0	0.5	20	9
1997-02-16	0	2.84	22	10
1997-02-17	0	1.59	25	13
1997-02-18	0	2.48	27	14
1997-02-19	0	3.82	29	17
1997-02-20	10.5	1.06	33	18
1997-02-21	7	1.73	NULO	NULO
1997-02-22	0	2.07	22	13
1997-02-23	3	1.94	25	13
1997-02-24	0	2.79	26	18
1997-02-25	1	1.14	29	18
1997-02-26	0	3.47	26	17
1997-02-27	0	3.19	33	16
1997-02-28	0	2.6	NULO	NULO
1997-03-01	0	5.18	27	19
1997-03-02	0	2.44	28	14
1997-03-03	0	3.15	29	15
1997-03-04	9	2.75	29	18
1997-03-05	15	1.16	18	17
1997-03-06	0	0.94	23	15
1997-03-07	0	1.58	26	16
1997-03-08	0	3.58	29	16
1997-03-09	2	0.45	27	20
1997-03-10	2	1.84	27	20
1997-03-11	0	0.3	28	19
1997-03-12	0	3.12	29	19
1997-03-13	8	4.27	33	20
1997-03-14	20	0.15	19	18
1997-03-15	0.5	0.64	21	18
1997-03-16	0	2.62	30	18
1997-03-17	7.5	3.41	30	21
1997-03-18	24.5	2.13	21	20
1997-03-19	0	1.65	20	14
1997-03-20	0	5.08	29	14
1997-03-21	0	1.95	31	13
1997-03-22	0	4.93	31	17
1997-03-23	0	3.8	29	18
1997-03-24	0	3.42	32	20
1997-03-25	8	0.68	25	22
1997-03-26	1	1.71	25	18
1997-03-27	0	3.3	32	18
1997-03-28	0	6.63	35	19
1997-03-29	264	7.36	34	21
1997-03-30	1.5	1.71	19	18
1997-03-31	0	2.3	28	17
1997-04-01	0	3.38	29	18
1997-04-02	5.5	3.61	31	22
1997-04-03	0	3.55	32	22
1997-04-04	0	6.05	30	22
1997-04-05	0	4.64	31	19
1997-04-06	102.5	7.86	29	18
1997-04-07	104	5.23	28	20
1997-04-08	13.5	2.2	26	19
1997-04-09	4	3.52	28	19
1997-04-10	0	5.5	34	19
1997-04-11	5.5	1.77	25	20
1997-04-12	7	0.49	25	15
1997-04-13	8	0.75	24	11
1997-04-14	20	0.37	20	12
1997-04-15	0	0.1	23	14
1997-04-16	7.5	3.09	24	17
1997-04-17	0	2	26	19
1997-04-18	0	3.77	29	20
1997-04-19	2.5	1.94	29	21
1997-04-20	0	7.49	35	21
1997-04-21	0	6.31	33	19
1997-04-22	0	3.85	29	22
1997-04-23	0	4.64	30	21
1997-04-24	0	6.81	34	20
1997-04-25	0	3.84	30	19
1997-04-26	0.5	1.52	22	19
1997-04-27	0	5.14	29	17
1997-04-28	0	6.54	31	17
1997-04-29	0	4.39	33	19
1997-04-30	0	3.58	NULO	NULO
1997-05-01	0	5.79	35	22
1997-05-02	0	5.85	34	25
1997-05-03	1.5	2.53	27	23
1997-05-04	0	4.04	30	21
1997-05-05	0	5.12	31	21
1997-05-06	0	2.65	30	22
1997-05-07	0	3.27	30	23
1997-05-08	36	10.31	32	22
1997-05-09	0	6	28	19
1997-05-10	0	1.95	29	19
1997-05-11	3.5	0.95	30	20
1997-05-12	1	3.35	30	21
1997-05-13	0.5	1.22	28	22
1997-05-14	18.5	6.12	32	21
1997-05-15	1	3.85	29	14
1997-05-16	0	3.78	30	21
1997-05-17	0	7.13	31	22
1997-05-18	0	2.22	32	22
1997-05-19	4.5	2.65	32	23
1997-05-20	0	3.03	31	20
1997-05-21	19	6.9	32	21
1997-05-22	0.5	4.97	30	21
1997-05-23	0	4.71	33	23
1997-05-24	0	5.05	35	24
1997-05-25	0	6.06	36	26
1997-05-26	3.5	7.12	35	26
1997-05-27	0	4.81	33	24
1997-05-28	0	3.58	32	21
1997-05-29	0	6.2	33	21
1997-05-30	0	6.55	34	22
1997-05-31	0	4.31	33	23
1997-06-01	0	6.73	33	25
1997-06-02	0	5.81	35	19
1997-06-03	0	4.89	35	20
1997-06-04	0	5.14	35	25
1997-06-05	0	5.59	35	25
1997-06-06	0	5.66	34	25
1997-06-07	0	5.62	33	25
1997-06-08	0	5.64	34	24
1997-06-09	0	5.48	34	24
1997-06-10	0	7.65	35	25
1997-06-11	0	5.18	36	26
1997-06-12	0	6.9	37	26
1997-06-13	0	5.58	37	17
1997-06-14	0	5.89	36	26
1997-06-15	0	6.1	36	25
1997-06-16	0	4.91	36	28
1997-06-17	0	6.34	35	27
1997-06-18	0	7.14	36	25
1997-06-19	0	7.25	35	24
1997-06-20	2	4.85	35	25
1997-06-21	20	4.73	32	23
1997-06-22	2.5	0.32	28	22
1997-06-23	9.5	4.71	29	23
1997-06-24	60	6.96	27	23
1997-06-25	60	7.55	29	21
1997-06-26	0.5	1.84	31	22
1997-06-27	0	6.77	33	23
1997-06-28	0	4.25	33	23
1997-06-29	0.5	4.49	32	23
1997-06-30	1.5	3.79	NULO	NULO
1997-07-01	9	1.27	31	23
1997-07-02	0	3.95	32	23
1997-07-03	0	4.36	32	22
1997-07-04	9	6.27	33	24
1997-07-05	0	3.63	33	22
1997-07-06	5.5	4.82	32	22
1997-07-07	0	1.67	30	23
1997-07-08	0	3.98	32	23
1997-07-09	0	6.81	33	23
1997-07-10	1	3.46	34	24
1997-07-11	0	5.5	33	23
1997-07-12	0	4.37	33	23
1997-07-13	0	4.52	33	22
1997-07-14	0	5.27	33	22
1997-07-15	13	1.68	32	22
1997-07-16	0	5.72	34	22
1997-07-17	0	4.98	35	24
1997-07-18	2.5	1.54	30	26
1997-07-19	39.5	9.5	33	24
1997-07-20	0	3.79	33	23
1997-07-21	0	4.3	34	24
1997-07-22	1.5	4.33	33	24
1997-07-23	0	5.74	34	23
1997-07-24	5.5	3.92	35	23
1997-07-25	0	6.88	34	23
1997-07-26	0	4.58	34	24
1997-07-27	0	5.46	35	24
1997-07-28	0	4.38	34	24
1997-07-29	0	3.16	34	23
1997-07-30	0	3.82	35	23
1997-07-31	0	3.76	35	22
1997-08-01	0	7.92	35	23
1997-08-02	4	6.56	35	23
1997-08-03	9.5	0.8	31	23
1997-08-04	0	3.36	32	22
1997-08-05	0	6.29	34	22
1997-08-06	0	4.39	36	23
1997-08-07	0	7.38	36	24
1997-08-08	0	5.29	35	25
1997-08-09	0	5.39	36	25
1997-08-10	0	5.8	36	24
1997-08-11	0	6.81	36	24
1997-08-12	2.5	2.75	34	23
1997-08-13	0	4.76	32	23
1997-08-14	0	5.02	35	24
1997-08-15	0	4.94	36	25
1997-08-16	0	4.11	35	24
1997-08-17	0	6.63	34	23
1997-08-18	0	4.62	35	22
1997-08-19	0	6.11	35	23
1997-08-20	0	6.62	37	24
1997-08-21	0	7.12	38	25
1997-08-22	0	7.14	37	25
1997-08-23	0	6.12	35	24
1997-08-24	0	5.92	36	23
1997-08-25	91	6.76	33	23
1997-08-26	0	3.07	32	23
1997-08-27	0	4.42	35	23
1997-08-28	0	6.31	36	24
1997-08-29	0	5.07	35	25
1997-08-30	1	3.72	34	25
1997-08-31	2	2.93	33	22
1997-09-01	20	3.98	32	21
1997-09-02	9.5	1.99	31	22
1997-09-03	10	1.57	31	21
1997-09-04	16	3.21	30	21
1997-09-05	0	0.77	27	22
1997-09-06	0	3.62	32	21
1997-09-07	0	3.78	33	22
1997-09-08	0	5.36	36	22
1997-09-09	0	3.33	35	23
1997-09-10	0	3.02	34	23
1997-09-11	0	4.95	34	23
1997-09-12	1.5	2.29	33	23
1997-09-13	3	1.55	29	22
1997-09-14	0	4.24	32	22
1997-09-15	0	3.34	33	21
1997-09-16	0	4.04	34	22
1997-09-17	5	3.11	33	24
1997-09-18	0	2.34	33	21
1997-09-19	0.5	3.33	32	22
1997-09-20	1.5	1.49	29	22
1997-09-21	0	2.16	32	23
1997-09-22	0	2.52	34	23
1997-09-23	30	5.83	31	25
1997-09-24	1	1.86	26	23
1997-09-25	0	1.78	32	20
1997-09-26	0	4.12	32	20
1997-09-27	0	4.16	33	20
1997-09-28	0	2.61	32	21
1997-09-29	0	2.1	32	23
1997-09-30	4	1.96	NULO	NULO
1997-10-01	4.5	0.78	29	22
1997-10-02	0	2.83	33	22
1997-10-03	0	4.02	33	22
1997-10-04	63	5.16	32	22
1997-10-05	1	1.88	28	22
1997-10-06	0	1.25	30	21
1997-10-07	0	2.17	33	23
1997-10-08	90	4.95	29	24
1997-10-09	2	0.87	27	23
1997-10-10	3	0.52	27	23
1997-10-11	0	3.84	29	24
1997-10-12	0	3.24	25	24
1997-10-13	0	1.76	19	15
1997-10-14	0	2.34	23	16
1997-10-15	0	2.56	23	14
1997-10-16	0	2.46	26	14
1997-10-17	0	1.11	27	11
1997-10-18	0	3.35	29	14
1997-10-19	0	2.02	29	15
1997-10-20	0	1.96	29	16
1997-10-21	0	2.24	28	17
1997-10-22	0	0.5	29	19
1997-10-23	0	2.16	32	19
1997-10-24	0	3.38	35	19
1997-10-25	0.5	1.4	27	21
1997-10-26	0	2.23	23	16
1997-10-27	0	1.99	24	16
1997-10-28	0	2.13	29	17
1997-10-29	0	1.81	30	20
1997-10-30	0	1.83	31	21
1997-10-31	0	2.05	33	24
1997-11-01	10	NULO	27	22
1997-11-02	1.5	NULO	22	19
1997-11-03	0	NULO	26	19
1997-11-04	0	NULO	27	19
1997-11-05	11	NULO	28	19
1997-11-06	9.5	NULO	22	20
1997-11-07	0.5	NULO	22	18
1997-11-08	0	NULO	NULO	NULO
1997-11-16	NULO	NULO	NULO	NULO
1997-11-17	3.5	NULO	26	13
1997-11-18	0.5	NULO	20	17
1997-11-19	0	NULO	26	16
1997-11-20	0	NULO	27	16
1997-11-21	22	NULO	27	21
1997-11-22	1.5	NULO	20	19
1997-11-23	0.5	NULO	25	19
1997-11-24	0	NULO	25	19
1997-11-25	0	NULO	28	18
1997-11-26	0	NULO	26	19
1997-11-27	0	NULO	29	19
1997-11-28	0	NULO	27	19
1997-11-29	0	NULO	25	19
1997-11-30	0	NULO	NULO	NULO
1997-12-01	0	1.45	27	18
1997-12-02	1.5	0.94	26	20
1997-12-03	1.5	0.62	25	18
1997-12-04	7.5	0.11	18	16
1997-12-05	2	0.39	19	16
1997-12-06	0	0.69	25	15
1997-12-07	0	1.48	29	17
1997-12-08	0	1.35	29	17
1997-12-09	1	1.69	24	18
1997-12-10	3.5	2.1	16	11
1997-12-11	3	0.54	8	7
1997-12-12	0	0.33	9	4
1997-12-13	0	0.5	19	3
1997-12-14	0	2.21	22	4
1997-12-15	0	2	23	6
1997-12-16	0	1.04	22	8
1997-12-17	0	0.83	23	12
1997-12-18	0	3.11	25	14
1997-12-19	0	0.83	26	15
1997-12-20	0	3.11	22	17
1997-12-21	0	1.14	24	18
1997-12-22	0	0.99	20	17
1997-12-23	0	1.03	27	16
1997-12-24	9.5	0.42	24	16
1997-12-25	0.5	1.29	12	9
1997-12-26	0	0.39	19	7
1997-12-27	0	0.77	12	7
1997-12-28	0	2.48	22	5
1997-12-29	0	0.92	23	7
1997-12-30	0	0.84	19	11
1997-12-31	0	0.38	15	13
1998-01-01	0	1.17	23	13
1998-01-02	0	0.92	24	15
1998-01-03	0	0.49	27	15
1998-01-04	0	2.45	27	16
1998-01-05	0	0.41	28	18
1998-01-06	5	3.64	24	18
1998-01-07	0	0.89	19	15
1998-01-08	0	1.43	22	15
1998-01-09	0	2.56	26	17
1998-01-10	0	1.26	27	16
1998-01-11	0	1.25	28	17
1998-01-12	0	2.31	27	19
1998-01-13	30	4.69	28	18
1998-01-14	7	2.71	20	18
1998-01-15	0	1.34	24	14
1998-01-16	0	1.35	27	14
1998-01-17	0	1.14	23	16
1998-01-18	0	0.89	24	17
1998-01-19	0	1.33	27	16
1998-01-20	0	1.28	30	16
1998-01-21	1.5	1.42	27	16
1998-01-22	8	1.13	22	15
1998-01-23	4	1.26	17	15
1998-01-24	0	1.39	23	15
1998-01-25	8	2.55	28	16
1998-01-26	0	0.76	23	17
1998-01-27	0	2.67	25	13
1998-01-28	0	2.63	30	15
1998-01-29	0	2.11	26	16
1998-01-30	0	2.53	28	18
1998-01-31	8.5	2.27	29	18
1998-02-01	0	2.05	22	14
1998-02-02	0	1.73	27	10
1998-02-03	0	1.73	25	10
1998-02-04	0	1.27	24	12
1998-02-05	0	3.55	21	13
1998-02-06	0	1.73	25	15
1998-02-07	0	1.98	29	16
1998-02-08	0	2.37	29	15
1998-02-09	0	2.97	33	16
1998-02-10	0	0.93	23	17
1998-02-11	0	1.95	28	16
1998-02-12	0.5	1.26	25	16
1998-02-13	3.5	3.21	29	18
1998-02-14	0	1.51	28	14
1998-02-15	0	4.5	33	14
1998-02-16	0	3.24	29	15
1998-02-17	0	1.99	30	15
1998-02-18	4.5	1.74	29	15
1998-02-19	0	2.42	22	17
1998-02-20	0	2.02	29	15
1998-02-21	0	3.97	31	16
1998-02-22	0	3.05	32	14
1998-02-23	0	1.52	29	15
1998-02-24	0	3.84	32	15
1998-02-25	0	4.47	36	18
1998-02-26	0	4.49	29	19
1998-02-27	25.5	5.22	28	20
1998-02-28	13.5	1.14	NULO	NULO
1998-04-01	0	4.78	32	16
1998-04-02	0	2.67	32	18
1998-04-03	2	2.55	30	18
1998-04-04	1.5	0.44	25	20
1998-04-05	0	3.08	32	20
1998-04-06	0	3.28	30	22
1998-04-07	0	6.47	37	23
1998-04-08	0	5.65	33	22
1998-04-09	0	5	29	19
1998-04-10	0	5.04	29	16
1998-04-11	0	4.96	30	18
1998-04-12	0	5.13	35	19
1998-04-13	0	5.9	36	21
1998-04-14	0	7.91	41	23
1998-04-15	0	8.33	46	21
1998-04-16	0	5.66	35	21
1998-04-17	5.5	1.24	29	23
1998-04-18	3.5	1.7	25	21
1998-04-19	2.5	1.6	27	19
1998-04-20	8	1.46	24	19
1998-04-21	5.5	1.62	22	19
1998-04-22	0	2.15	22	18
1998-04-23	0	3.62	29	16
1998-04-24	0	4.45	32	18
1998-04-25	0	6.22	36	20
1998-04-26	0	4.23	35	23
1998-04-27	1.5	1.66	27	24
1998-04-28	0	3.82	30	19
1998-04-29	0	4.47	31	20
1998-04-30	0	6.09	NULO	NULO
1998-05-01	0	5.31	34	23
1998-05-02	0	4.39	36	23
1998-05-03	0	6.28	35	23
1998-05-04	0	5.95	37	24
1998-05-05	0	6.45	40	23
1998-05-06	0	7.61	43	24
1998-05-07	0	8.49	43	26
1998-05-08	0	7.23	41	24
1998-05-09	0	8.05	39	21
1998-05-10	0	7.37	37	20
1998-05-11	0	5.66	37	22
1998-05-12	0	5.64	37	25
1998-05-13	0	3.13	33	26
1998-05-14	0	2.73	33	25
1998-05-15	0	5.58	35	25
1998-05-16	0	6.24	34	24
1998-05-17	0	7.37	35	26
1998-05-18	0	7	27	21
1998-05-19	0	6.77	37	24
1998-05-20	0	8.39	38	24
1998-05-21	0	7.69	38	24
1998-05-22	0	5.74	37	24
1998-05-23	0	7.13	36	25
1998-05-24	0	4.51	36	26
1998-05-25	0	7.15	35	23
1998-05-26	0	5	36	26
1998-05-27	0	5.61	36	26
1998-05-28	0	4.72	36	25
1998-05-29	0	7.87	38	24
1998-05-30	0	7.84	38	25
1998-05-31	0	7.15	37	25
1998-06-01	0	NULO	38	25
1998-06-02	0	NULO	40	27
1998-06-03	0	NULO	43	28
1998-06-04	0	NULO	46	27
1998-06-05	0	NULO	37	28
1998-06-06	0	NULO	33	25
1998-06-07	0	NULO	38	24
1998-06-08	0	NULO	38	26
1998-06-09	0	NULO	37	26
1998-06-10	0	NULO	37	27
1998-06-11	0	NULO	38	27
1998-06-12	0	NULO	39	26
1998-06-13	0	NULO	41	26
1998-06-14	0	NULO	43	25
1998-06-15	0	NULO	41	27
1998-06-16	0	NULO	39	27
1998-06-17	0	NULO	41	27
1998-06-18	3	NULO	NULO	NULO
1998-07-01	NULO	NULO	NULO	NULO
1998-07-02	NULO	NULO	NULO	NULO
1998-07-03	0	NULO	35	15
1998-07-04	0	NULO	37	24
1998-07-05	0	NULO	38	25
1998-07-06	0	NULO	38	25
1998-07-07	0.5	NULO	37	27
1998-07-08	39.5	NULO	30	25
1998-07-09	8	NULO	30	23
1998-07-10	0	NULO	35	22
1998-07-11	0	NULO	37	25
1998-07-12	0	NULO	37	27
1998-07-13	0	NULO	36	28
1998-07-14	8.5	NULO	36	27
1998-07-15	7	NULO	32	23
1998-07-16	1.5	NULO	33	23
1998-07-17	0.5	NULO	35	23
1998-07-18	0	NULO	35	23
1998-07-19	0	NULO	35	24
1998-07-20	0	NULO	35	24
1998-07-21	0	NULO	NULO	NULO
1998-07-24	NULO	NULO	NULO	NULO
1998-07-25	16	NULO	33	24
1998-07-26	12	NULO	33	23
1998-07-27	14	NULO	32	22
1998-07-28	9.5	NULO	31	23
1998-07-29	0	NULO	32	22
1998-07-30	0	NULO	31	23
1998-07-31	0	NULO	33	22
1998-08-01	0	3.74	33	23
1998-08-02	0	6.4	33	24
1998-08-03	0	7.18	36	25
1998-08-04	0	4.86	34	25
1998-08-05	25.5	5.58	33	26
1998-08-06	23	3.06	37	23
1998-08-07	0	2.76	33	24
1998-08-08	2.5	3.84	32	23
1998-08-09	0	2.54	33	22
1998-08-10	0	5.84	35	21
1998-08-11	0	4.83	36	22
1998-08-12	0	7.35	35	25
1998-08-13	0	6.08	36	25
1998-08-14	1	4.48	37	27
1998-08-15	0	5.58	35	25
1998-08-16	1.5	3.46	34	25
1998-08-17	0	4.57	34	24
1998-08-18	0	6.04	35	24
1998-08-19	63	4.85	29	25
1998-08-20	21.5	2	27	23
1998-08-21	0	3.24	33	23
1998-08-22	0	5.01	33	23
1998-08-23	0	5.39	34	24
1998-08-24	0	5.24	36	26
1998-08-25	0	5.31	35	26
1998-08-26	3	2.51	33	26
1998-08-27	0	3.23	33	23
1998-08-28	12.5	1.92	32	24
1998-08-29	46.5	0.66	33	23
1998-08-30	0.5	2.7	30	23
1998-08-31	0	3.84	33	23
1998-09-01	7.5	1.43	29	24
1998-09-02	15.5	4.36	24	21
1998-09-03	54	2.93	34	22
1998-09-04	13.5	5.37	25	22
1998-09-05	92.5	3.14	26	23
1998-09-06	30.5	1.17	25	23
1998-09-07	5	3.29	28	21
1998-09-08	0	1.83	28	23
1998-09-09	1	1.68	29	23
1998-09-10	5	1.65	31	23
1998-09-11	51	3.21	32	25
1998-09-12	73	1.17	29	23
1998-09-13	0	2.12	30	23
1998-09-14	46	3.01	27	24
1998-09-15	22	2.55	28	24
1998-09-16	16.5	4.79	28	23
1998-09-17	12.5	1.82	28	24
1998-09-18	0	1.95	29	22
1998-09-19	0	4.45	33	23
1998-09-20	13	4.97	33	25
1998-09-21	31	5.29	33	23
1998-09-22	27	2.85	29	0.23
1998-09-23	1	0.82	27	23
1998-09-24	26.5	1.39	28	23
1998-09-25	5	3.15	30	22
1998-09-26	5.5	2.19	30	22
1998-09-27	0	3.02	30	23
1998-09-28	0	2.17	30	23
1998-09-29	69	3.71	30	23
1998-09-30	5	1.64	NULO	NULO
1998-10-01	0	3.48	30	23
1998-10-02	0	4.62	31	23
1998-10-03	0	0.63	30	24
1998-10-04	0	3.89	32	24
1998-10-05	133.5	2.17	32	25
1998-10-06	11	3.36	20	19
1998-10-07	0	2.45	23	17
1998-10-08	0	0.99	26	18
1998-10-09	0	1.91	27	19
1998-10-10	7.5	1.84	29	21
1998-10-11	61.5	2.21	25	23
1998-10-12	36.5	2.46	27	23
1998-10-13	7	0.82	27	21
1998-10-14	0	1.51	27	21
1998-10-15	1	3.53	29	22
1998-10-16	14	1.94	30	24
1998-10-17	36	0.83	29	24
1998-10-18	57.5	3.19	26	24
1998-10-19	16	2.6	25	22
1998-10-20	10	1.04	23	22
1998-10-21	33	4.41	20	19
1998-10-22	1	1.46	18	16
1998-10-23	0	0.63	21	16
1998-10-24	0	1.35	26	15
1998-10-25	13	2.23	28	18
1998-10-26	0	1.24	26	21
1998-10-27	0	2	28	20
1998-10-28	0	2.22	29	20
1998-10-29	1	1.18	27	20
1998-10-30	0	1.73	28	22
1998-10-31	0	2.13	30	22
1998-11-01	22.5	2.31	28	23
1998-11-02	0	1.45	27	22
1998-11-03	66.5	3.61	27	22
1998-11-04	45.5	2.97	NULO	NULO
1998-11-05	0	0.92	23	17
1998-11-06	0	1.91	27	17
1998-11-07	1.5	0.69	27	20
1998-11-08	0	1.8	28	22
1998-11-09	4.5	1.41	30	21
1998-11-10	0	0.57	21	20
1998-11-11	0	1.01	26	19
1998-11-12	0	1.63	28	21
1998-11-13	20	0.83	26	22
1998-11-14	0	1.16	23	18
1998-11-15	0	1.38	26	16
1998-11-16	0	1.65	26	18
1998-11-17	0	0.47	27	19
1998-11-18	0	1.34	28	20
1998-11-19	0	1.93	28	20
1998-11-20	44.5	3.12	NULO	NULO
1998-11-21	0	1.45	24	20
1998-11-22	0.5	1.25	24	19
1998-11-23	15	0.71	27	20
1998-11-24	0	1.82	27	20
1998-11-25	36	2.82	25	21
1998-11-26	0	1.26	26	19
1998-11-27	0	1.53	26	20
1998-11-28	0	1.33	28	18
1998-11-29	25	2.51	27	19
1998-11-30	0	1.22	NULO	NULO
1998-12-01	0	1.47	26	15
1998-12-02	0	0.82	27	17
1998-12-03	0	1.37	27	18
1998-12-04	0	1.29	27	20
1998-12-05	0	0.25	29	21
1998-12-06	0	2.11	28	21
1998-12-07	0.5	0.5	23	22
1998-12-08	0	1	22	15
1998-12-09	5.5	1.06	24	15
1998-12-10	9.5	0.48	15	14
1998-12-11	0.5	0.87	13	10
1998-12-12	0	1.06	18	11
1998-12-13	0	1.38	21	13
1998-12-14	0	1.01	21	9
1998-12-15	0	0.94	21	12
1998-12-16	0.5	0.89	22	15
1998-12-17	0	0.95	23	16
1998-12-18	0	1.64	26	16
1998-12-19	0	1.73	26	17
1998-12-20	0	1.06	26	18
1998-12-21	4.5	0.67	23	19
1998-12-22	2	0.4	12	11
1998-12-23	3	0.1	12	9
1998-12-24	1	0.12	11	7
1998-12-25	0	1.12	18	6
1998-12-26	0	0.78	16	12
1998-12-27	0	0.6	24	14
1998-12-28	0	0.97	26	15
1998-12-29	0	1.06	23	17
1998-12-30	0	1.62	26	15
1998-12-31	0	1.63	26	15
1999-01-01	0	2.23	25	16
1999-01-02	2.5	0.35	17	15
1999-01-03	0	0.59	12	9
1999-01-04	0	0.86	22	8
1999-01-05	0	0.67	24	11
1999-01-06	0	1.17	24	14
1999-01-07	0	1.45	26	15
1999-01-08	0	0.69	20	16
1999-01-09	0	0.22	18	10
1999-01-10	0	1.14	22	10
1999-01-11	0	2.1	24	12
1999-01-12	0	0.95	26	13
1999-01-13	2.5	0.27	25	13
1999-01-14	0	1.85	20	18
1999-01-15	0	1.33	25	14
1999-01-16	0	1.95	29	15
1999-01-17	0	1.78	29	16
1999-01-18	0	1.72	27	17
1999-01-19	0	1.67	26	15
1999-01-20	0	1.21	29	15
1999-01-21	0	4.67	35	15
1999-01-22	0	2.25	22	14
1999-01-23	0	2.6	23	11
1999-01-24	0	2.99	23	12
1999-01-25	0	1.39	25	13
1999-01-26	0	3.4	25	15
1999-01-27	0	0.72	26	15
1999-01-28	0	2.22	29	16
1999-01-29	0	0.41	21	18
1999-01-30	0	3.25	23	17
1999-01-31	0	2.14	26	15
1999-02-01	0	2.59	27	16
1999-02-02	0	2.13	28	16
1999-02-03	0	1.08	26	19
1999-02-04	0	1.18	27	19
1999-02-05	0	1.54	28	20
1999-02-06	0	3.58	28	19
1999-02-07	0	2.79	29	19
1999-02-08	0	1.95	27	19
1999-02-09	0	2.07	27	19
1999-02-10	34	9.75	29	20
1999-02-11	0	3.03	15	13
1999-02-12	0	2.61	17	11
1999-02-13	0	2.83	22	9
1999-02-14	0	3.1	25	10
1999-02-15	0	2.3	27	13
1999-02-16	0	2.93	27	14
1999-02-17	0	3.19	28	18
1999-02-18	0	2.94	27	18
1999-02-19	0	2.87	29	18
1999-02-20	41.5	5.93	25	19
1999-02-21	0	2.29	23	12
1999-02-22	0	2.73	25	13
1999-02-23	0	1.28	25	18
1999-02-24	0	1.88	27	19
1999-02-25	0	2.17	28	20
1999-02-26	0	3.34	29	20
1999-02-27	0	3.85	27	19
1999-02-28	0	2.43	NULO	NULO
1999-03-01	0	4.17	30	20
1999-03-02	3	4.58	24	18
1999-03-03	0	2.89	27	20
1999-03-04	0	4	33	19
1999-03-05	0	2.72	30	21
1999-03-06	0	2.79	29	21
1999-03-07	0	4.62	29	22
1999-03-08	0	5.06	30	22
1999-03-09	0	3.13	30	22
1999-03-10	0	3.99	31	22
1999-03-11	0	3.95	32	23
1999-03-12	1	4.18	30	19
1999-03-13	0.5	2.69	26	18
1999-03-14	0	3.94	27	13
1999-03-15	0	2.5	26	14
1999-03-16	0	3.64	29	16
1999-03-17	0	2.34	28	18
1999-03-18	0	3.93	28	21
1999-03-19	10	2.09	25	20
1999-03-20	3	0.26	22	20
1999-03-21	0	2.01	26	19
1999-03-22	1	5.15	31	19
1999-03-23	0	3.18	29	22
1999-03-24	0.5	3	29	22
1999-03-25	0.5	0.93	27	21
1999-03-26	0	4.26	30	21
1999-03-27	0	3.17	30	20
1999-03-28	0	4.76	29	18
1999-03-29	0	4.05	28	20
1999-03-30	0	4.96	30	20
1999-03-31	0	3.53	32	22
1999-04-01	0	7.53	35	23
1999-04-02	0	5.55	34	25
1999-04-03	0	5.12	36	23
1999-04-04	0	6.81	38	21
1999-04-05	0	5.68	33	22
1999-04-06	0	3.92	31	24
1999-04-07	0	4.67	33	22
1999-04-08	0	5.55	35	22
1999-04-09	0	7.25	37	22
1999-04-10	5.5	1.2	32	23
1999-04-11	0	4.85	32	25
1999-04-12	0	4.8	33	24
1999-04-13	0	6.5	30	22
1999-04-14	3.5	5.31	34	23
1999-04-15	6.5	1.24	30	20
1999-04-16	5.5	0.35	18	17
1999-04-17	0	1.59	25	16
1999-04-18	0	5.64	29	17
1999-04-19	0	5.23	30	17
1999-04-20	0	5.64	33	19
1999-04-21	0	7.96	38	23
1999-04-22	0	6.1	37	20
1999-04-23	0.5	3.76	38	25
1999-04-24	1	2.87	37	25
1999-04-25	0	4.55	34	25
1999-04-26	0.5	5.27	35	24
1999-04-27	0	3.17	32	25
1999-04-28	0	6.35	36	24
1999-04-29	0	5.39	35	25
1999-04-30	0	4.7	NULO	NULO
1999-05-01	0	5.86	36	26
1999-05-02	0	5.94	36	26
1999-05-03	0	10.96	42	25
1999-05-04	0	11.1	45	25
1999-05-05	0	9.56	41	26
1999-05-06	0	6.47	35	25
1999-05-07	0	6.03	36	25
1999-05-08	0	6.11	36	26
1999-05-09	0	10.42	40	27
1999-05-10	1.5	7.61	38	27
1999-05-11	0	6.87	37	25
1999-05-12	0	6.77	37	25
1999-05-13	0	8.02	39	26
1999-05-14	0	5.61	36	26
1999-05-15	0	5.98	36	26
1999-05-16	0	5.67	37	26
1999-05-17	13	4.19	30	26
1999-05-18	0	4.95	32	19
1999-05-19	0	8.42	35	20
1999-05-20	0	5.32	35	24
1999-05-21	0	7.2	34	19
1999-05-22	0	6.29	35	19
1999-05-23	0	6.99	35	19
1999-05-24	0	7.7	35	18
1999-05-25	0	7.01	37	23
1999-05-26	81	8.54	37	25
1999-05-27	0	5.76	33	20
1999-05-28	0	6.89	34	22
1999-05-29	0	6.34	35	24
1999-05-30	0	5.76	36	26
1999-05-31	0	7.53	36	26
1999-06-01	0	5.77	36	26
1999-06-02	0	8.11	36	25
1999-06-03	0	8.01	36	25
1999-06-04	27.5	0.84	27	3.6
1999-06-05	1	4.81	35	26
1999-06-06	0	10.1	35	24
1999-06-07	0	5.91	35	24
1999-06-08	0	7.11	35	25
1999-06-09	6.5	6.55	37	26
1999-06-10	0	6.54	37	26
1999-06-11	0	7.34	36	26
1999-06-12	0	7.02	36	26
1999-06-13	0	5.09	35	26
1999-06-14	0	6.2	35	23
1999-06-15	0	6.1	36	24
1999-06-16	22	5.76	34	24
1999-06-17	32.5	0.76	26	24
1999-06-18	2.5	2.17	28	23
1999-06-19	0	4.3	33	23
1999-06-20	0	NULO	33	19
1999-06-21	0	5.67	34	19
1999-06-22	0	5.25	34	24
1999-06-23	3.5	2.82	34	24
1999-06-24	0	3	34	25
1999-06-25	2.5	5.26	35	25
1999-06-26	0	4.21	36	26
1999-06-27	1.5	5.53	35	26
1999-06-28	0	8.4	35	26
1999-06-29	0	7.21	35	26
1999-06-30	0	6.1	NULO	NULO
1999-07-01	19	NULO	27	23
1999-07-02	102	NULO	28	23
1999-07-03	27	NULO	27	23
1999-07-04	29	NULO	27	24
1999-07-05	17	NULO	23	22
1999-07-06	0	NULO	30	21
1999-07-07	0	NULO	32	22
1999-07-08	0	NULO	33	23
1999-07-09	0	NULO	35	23
1999-07-10	48	NULO	33	23
1999-07-11	63.5	NULO	26	22
1999-07-12	0	NULO	30	22
1999-07-13	0	NULO	31	21
1999-07-14	0	NULO	33	23
1999-07-15	0	NULO	33	23
1999-07-16	1.5	NULO	32	23
1999-07-17	28.5	NULO	29	24
1999-07-18	6.5	NULO	28	22
1999-07-19	10.5	NULO	30	22
1999-07-20	25.5	NULO	29	23
1999-07-21	2	NULO	30	23
1999-07-22	0	NULO	31	22
1999-07-23	0	NULO	33	21
1999-07-24	0	NULO	32	23
1999-07-25	9.5	NULO	32	23
1999-07-26	0	NULO	32	23
1999-07-27	0	NULO	33	24
1999-07-28	0	NULO	33	23
1999-07-29	0	NULO	33	24
1999-07-30	0	NULO	33	25
1999-07-31	0	NULO	35	25
1999-11-01	0	1.66	27	15
1999-11-02	0	2.07	26	16
1999-11-03	0	2.78	22	16
1999-11-04	3	0.69	25	17
1999-11-05	0	0.87	21	17
1999-11-06	0	1.83	25	17
1999-11-07	0	2.27	27	19
1999-11-08	0	0.97	26	16
1999-11-09	5	1.39	26	17
1999-11-10	6	2.96	26	18
1999-11-11	15	2.15	26	19
1999-11-12	0	2.51	25	15
1999-11-13	0	1.59	25	16
1999-11-14	0	1.57	24	15
1999-11-15	0	1.97	25	15
1999-11-16	0	1.64	25	18
1999-11-17	0	1.48	26	16
1999-11-18	0	1.43	26	18
1999-11-19	0	1.34	27	19
1999-11-20	0	3.05	26	16
1999-11-21	0	1.61	26	17
1999-11-22	0	0.83	27	19
1999-11-23	3	1.25	24	19
1999-11-24	1.5	0.22	18	15
1999-11-25	0	2.01	21	12
1999-11-26	0	1.47	23	12
1999-11-27	0	1.11	24	12
1999-11-28	6	0.79	24	14
1999-11-29	13	7.04	21	16
1999-11-30	0	3.6	NULO	NULO
1999-12-31	NULO	NULO	NULO	NULO
2000-01-31	NULO	NULO	NULO	NULO
2000-02-29	NULO	NULO	NULO	NULO
2000-03-31	NULO	NULO	NULO	NULO
2000-04-30	NULO	NULO	NULO	NULO
2000-05-31	NULO	NULO	NULO	NULO
2000-06-30	NULO	NULO	NULO	NULO
2000-07-31	NULO	NULO	NULO	NULO
2000-08-31	NULO	NULO	NULO	NULO
2000-09-30	NULO	NULO	NULO	NULO
2000-10-31	NULO	NULO	NULO	NULO
2000-11-30	NULO	NULO	NULO	NULO
2000-12-31	NULO	NULO	NULO	NULO
2001-01-31	NULO	NULO	NULO	NULO
2001-02-28	NULO	NULO	NULO	NULO
2001-03-31	NULO	NULO	NULO	NULO
2001-04-30	NULO	NULO	NULO	NULO
2001-05-31	NULO	NULO	NULO	NULO
2001-06-30	NULO	NULO	NULO	NULO
2001-07-31	NULO	NULO	NULO	NULO
2001-08-31	NULO	NULO	NULO	NULO
2001-09-30	NULO	NULO	NULO	NULO
2001-10-31	NULO	NULO	NULO	NULO
2001-11-30	NULO	NULO	NULO	NULO
2001-12-01	0	2.45	2.7	1.9
2001-12-02	0	1.43	2.5	1.9
2001-12-03	0	1.44	2.6	1.7
2001-12-04	0	1.39	2.6	1.8
2001-12-05	0	0.91	2.5	1.9
2001-12-06	0	1.53	2.7	1.8
2001-12-07	4	0.65	2.5	1.8
2001-12-08	0	2.33	1.6	1.3
2001-12-09	0	10.4	1.7	1.2
2001-12-10	0	1.45	2.4	1.3
2001-12-11	0	0.15	2.8	1.5
2001-12-12	1.5	1.98	2.7	1.7
2001-12-13	0	0.27	2	1.6
2001-12-14	0	2.47	2.4	1.5
2001-12-15	0	2.38	2.7	1.5
2001-12-16	0	0.38	2	1.7
2001-12-17	0	1.87	2.3	1.4
2001-12-18	0	7.24	2.3	1.4
2001-12-19	0	1.52	2.1	1.4
2001-12-20	0	11.11	2.2	1.1
2001-12-21	0	1.36	2.6	1.3
2001-12-22	3.5	1.36	2.4	1.5
2001-12-23	0	1.02	1.9	1.4
2001-12-24	4	0.38	1.6	1.4
2001-12-25	0	0.65	1.4	1.1
2001-12-26	0	10.3	2	1.1
2001-12-27	0	1.17	2.4	1.1
2001-12-28	0	2.52	2.3	1.2
2001-12-29	0	0.46	2.3	1.1
2001-12-30	0	0.97	1.9	1.2
2001-12-31	5	0.19	17	1.4
2002-01-01	2	0.27	18	13
2002-01-02	0	0.73	11	7
2002-01-03	0	1	12	8
2002-01-04	0	2.41	26	7
2002-01-05	0	2.45	20	7
2002-01-06	0	1.63	21	8
2002-01-07	0	1.86	22	9
2002-01-08	0	2.12	24	10
2002-01-09	0	1.59	25	11
2002-01-10	0.5	1.06	20	12
2002-01-11	5	0.32	18	14
2002-01-12	7	0.61	15	11
2002-01-13	0	0.32	25	9
2002-01-14	0	1.59	23	11
2002-01-15	0	1.74	26	12
2002-01-16	0	1.7	25	13
2002-01-17	0	2.15	26	15
2002-01-18	2	2.35	27	15
2002-01-19	0	2.17	22	16
2002-01-20	0	0.85	21	16
2002-01-21	0	1.38	27	17
2002-01-22	0	2.36	27	16
2002-01-23	16.5	3.59	30	17
2002-01-24	0	1.25	17	14
2002-01-25	0	1.63	19	13
2002-01-26	0	1.97	25	11
2002-01-27	0	1.8	26	12
2002-01-28	0	1.55	25	18
2002-01-29	0	1.98	28	16
2002-01-30	2	1.46	30	17
2002-01-31	8	1.61	24	17
2002-02-01	0	2.8	20	12
2002-02-02	0	2.2	25	13
2002-02-03	0	1.68	23	14
2002-02-04	3.5	1.31	23	16
2002-02-05	7.5	0.49	17	12
2002-02-06	0	1.32	17	11
2002-02-07	0	1.69	20	12
2002-02-08	0	2.28	25	12
2002-02-09	0	1.57	21	13
2002-02-10	0	1.84	15	9
2002-02-11	0	1.22	17	10
2002-02-12	1	1.47	19	10
2002-02-13	0	1.11	19	11
2002-02-14	0	2.57	27	12
2002-02-15	7	0.82	22	13
2002-02-16	0.5	1.38	18	16
2002-02-17	0	2.37	25	15
2002-02-18	0	2.85	29	16
2002-02-19	0	1.49	23	17
2002-02-20	0.5	3.01	29	17
2002-02-21	0	3.93	22	17
2002-02-22	0	3.68	24	9
2002-02-23	0	3.67	27	10
2002-02-24	0	2.61	29	13
2002-02-25	20.5	3.65	23	15
2002-02-26	0	1.49	16	13
2002-02-27	0	2.55	21	7
2002-02-28	0	3.84	NULO	NULO
2002-03-01	0	5.58	37	13
2002-03-02	0	1.72	18	13
2002-03-03	0	1.86	14	7
2002-03-04	0	1.71	20	7
2002-03-05	0	3.5	24	13
2002-03-06	0	3.71	27	13
2002-03-07	0	4.09	30	16
2002-03-08	16	2.6	28	18
2002-03-09	2	0.87	18	13
2002-03-10	0	3.4	27	14
2002-03-11	0	2.38	28	15
2002-03-12	0	2.15	30	15
2002-03-13	0	2.26	29	16
2002-03-14	0	2.54	30	17
2002-03-15	0	5.37	37	16
2002-03-16	0	9.55	35	20
2002-03-17	0	4.22	32	20
2002-03-18	1.5	8.06	33	22
2002-03-19	1	2.34	25	21
2002-03-20	0	3.79	27	16
2002-03-21	0	2.45	22	17
2002-03-22	0	4.47	27	16
2002-03-23	0	5.23	31	15
2002-03-24	0	6.79	37	17
2002-03-25	1.5	2.67	27	19
2002-03-26	0	3.09	28	14
2002-03-27	0	7.24	33	18
2002-03-28	0	5.46	35	21
2002-03-29	0	6.76	35	21
2002-03-30	0	4.52	30	21
2002-03-31	0	4.52	30	17
2002-04-01	0	6.01	35	18
2002-04-02	2	3.17	29	19
2002-04-03	5.5	0.29	22	21
2002-04-04	14.5	0.87	25	20
2002-04-05	2	3.17	29	20
2002-04-06	0	5.27	29	21
2002-04-07	0	8.08	28	21
2002-04-08	1.5	4.83	34	21
2002-04-09	0	6.35	30	21
2002-04-10	0	4.6	31	20
2002-04-11	0	4.79	34	20
2002-04-12	0	6.73	33	20
2002-04-13	0	5.5	33	22
2002-04-14	0	7.48	33	23
2002-04-15	0	4.7	34	23
2002-04-16	0	3.68	33	23
2002-04-17	0	6.58	33	23
2002-04-18	0	5.42	33	22
2002-04-19	0	5.44	34	23
2002-04-20	0	5.16	33	23
2002-04-21	0	4.39	33	24
2002-04-22	0	6.58	34	23
2002-04-23	0	6.67	35	21
2002-04-24	0	4.71	34	23
2002-04-25	0	5.99	35	22
2002-04-26	0	6.03	36	24
2002-04-27	0	4.89	36	25
2002-04-28	0	6.98	35	25
2002-04-29	0	6.93	37	22
2002-04-30	0	5.6	NULO	NULO
2002-05-01	0	8.2	41	24
2002-05-02	0	6.9	39	26
2002-05-03	0	6.13	36	21
2002-05-04	0	7.25	36	26
2002-05-05	0	7.22	36	25
2002-05-06	0	7.24	36	25
2002-05-07	0.5	5.85	36	25
2002-05-08	0	6.21	36	25
2002-05-09	0	6.11	35	25
2002-05-10	0	7.16	36	25
2002-05-11	0	5.04	36	25
2002-05-12	14	1.61	35	25
2002-05-13	0	2.34	24	22
2002-05-14	0	1.99	33	20
2002-05-15	0	6.94	36	22
2002-05-16	21.5	4.91	36	24
2002-05-17	0.5	5.45	29	23
2002-05-18	0.5	6.33	27	22
2002-05-19	0	2.43	27	22
2002-05-20	0	2.96	30	21
2002-05-21	0	4.49	31	19
2002-05-22	0	5.72	33	21
2002-05-23	0	6.02	34	22
2002-05-24	1.5	4.6	35	23
2002-05-25	0	4.8	35	25
2002-05-26	0	5.53	35	25
2002-05-27	0	5.85	35	23
2002-05-28	0	6.73	35	24
2002-05-29	0	7.02	38	25
2002-05-30	0	7.82	40	23
2002-05-31	0	5.92	36	25
2002-06-01	0	5.94	36	23
2002-06-02	0	4.4	36	25
2002-06-03	0	6.72	35	26
2002-06-04	0	3.92	35	26
2002-06-05	36	0.36	37	26
2002-06-06	0	2.49	33	22
2002-06-07	0	2.94	32	23
2002-06-08	6	0.81	27	25
2002-06-09	2	2.63	30	24
2002-06-10	17	5.97	30	24
2002-06-11	0	3.81	28	24
2002-06-12	0	5.67	35	25
2002-06-13	0	5.24	35	26
2002-06-14	0	4.5	34	25
2002-06-15	0	5.42	37	23
2002-06-16	0	5.15	35	24
2002-06-17	0	6.32	35	26
2002-06-18	0	4.77	35	26
2002-06-19	12	3.83	33	23
2002-06-20	31.5	6.15	28	23
2002-06-21	33	6.7	30	23
2002-06-22	0	3.55	32	20
2002-06-23	0	5.8	33	23
2002-06-24	0	5.06	34	22
2002-06-25	0	4.79	34	25
2002-06-26	0	6.46	34	25
2002-06-27	0	5.04	35	26
2002-06-28	40	2.22	32	26
2002-06-29	4.5	0.9	30	23
2002-06-30	0	2.79	NULO	NULO
2002-07-01	0	5.94	3.6	2.3
2002-07-02	0	4.4	3.6	2.5
2002-07-03	0	6.72	3.5	2.6
2002-07-04	0	3.92	3.5	2.6
2002-07-05	36	0.36	2.7	2.6
2002-07-06	0	2.49	3.3	2.2
2002-07-07	0	2.94	3.2	2.3
2002-07-08	6	0.81	2.7	2.5
2002-07-09	2	2.63	3	2.4
2002-07-10	17	5.97	3	2.4
2002-07-11	0	3.81	2.8	2.4
2002-07-12	0	5.67	3.5	2.5
2002-07-13	0	5.24	3.5	2.6
2002-07-14	0	4.5	3.4	2.5
2002-07-15	0	5.42	3.7	2.3
2002-07-16	0	5.15	3.5	2.4
2002-07-17	0	6.32	3.5	2.6
2002-07-18	0	4.77	3.5	2.6
2002-07-19	12	3.93	3.3	2.3
2002-07-20	31.5	6.15	2.8	2.3
2002-07-21	33	6.7	3	2.3
2002-07-22	0	3.55	21	2
2002-07-23	0	5.8	26	2.3
2002-07-24	0	5.06	3.4	2.2
2002-07-25	0	4.79	3.4	2.5
2002-07-26	0	6.46	3.4	2.5
2002-07-27	0	5.04	3.5	2.6
2002-07-28	40	2.22	3.2	2.6
2002-07-29	4.5	0.9	3	2.3
2002-07-30	0	2.79	2.5	0
2002-07-31	0	NULO	32	0
2002-08-01	1.5	2.74	3	2.4
2002-08-02	1	4.26	3.3	2.3
2002-08-03	0	3.48	3.3	2.4
2002-08-04	0	5.52	3.3	2.3
2002-08-05	0	3.55	3.3	2.4
2002-08-06	0	5.05	3.4	2.4
2002-08-07	0	6.67	3.5	2.2
2002-08-08	0	4.2	3.4	2.3
2002-08-09	0	5.58	3.3	2.5
2002-08-10	0	3.96	3.3	2.4
2002-08-11	0	5.3	3.4	2.3
2002-08-12	0	4.99	3.4	2.4
2002-08-13	0	2.6	3.5	2.5
2002-08-14	0	3.27	2.5	2.3
2002-08-15	3	2.28	3.3	2.4
2002-08-16	0	3.44	3.3	2.3
2002-08-17	0	4.43	2.4	2.2
2002-08-18	0	4.53	3.4	2.3
2002-08-19	1.5	3.25	3.4	2.4
2002-08-20	5.5	5.56	3.3	2.3
2002-08-21	0	4.84	3.3	2.2
2002-08-22	25	0.36	3.2	2.3
2002-08-23	0	3.21	3.1	2.2
2002-08-24	0	4.87	3.3	2.3
2002-08-25	0	5.48	3.4	2.1
2002-08-26	0	6.45	3.5	2.2
2002-08-27	0	2.8	3.4	2.4
2002-08-28	0	3.98	3.1	2.2
2002-08-29	0.5	2.5	3.1	2.2
2002-08-30	0	3.23	3.1	2.2
2002-08-31	0	4.65	33	2.2
2002-09-01	0	3.77	3.4	2.3
2002-09-02	0	4.75	3.3	2.4
2002-09-03	0	3.6	3.4	2.4
2002-09-04	0	4.6	3.5	2.3
2002-09-05	0	3.54	3.5	2.4
2002-09-06	0	5.08	3.4	2.4
2002-09-07	17.5	7.02	3.6	2.5
2002-09-08	28	3.8	3.3	2.4
2002-09-09	24	3.8	3.3	2.3
2002-09-10	18	4.16	3	2.3
2002-09-11	116	0.71	2.8	2.3
2002-09-12	4	0.14	2.6	2.3
2002-09-13	25	7.56	3.3	2.3
2002-09-14	11	2.99	3	2.4
2002-09-15	114	1.15	3	2.4
2002-09-16	0	2.07	3	2.3
2002-09-17	4.5	4.09	3.3	2.3
2002-09-18	29	3.34	3.3	2.4
2002-09-19	27.5	2.28	2.5	2.4
2002-09-20	0	0.35	2.6	2.2
2002-09-21	0	4.55	3	1.9
2002-09-22	23.5	6.4	3	2
2002-09-23	0	2.11	2.7	2.1
2002-09-24	0	4.6	3.1	2
2002-09-25	0	6.62	3	2
2002-09-26	0.5	1.25	2.9	2.1
2002-09-27	0	3.78	3	2.1
2002-09-28	0	3.12	3.1	2.1
2002-09-29	0	3.06	3	2.1
2002-09-30	0	3.56	2.3	0
2002-10-01	0	3.57	3.2	2.3
2002-10-02	0	3.28	3.2	2.3
2002-10-03	28.5	4.93	3.2	2.4
2002-10-04	11	2.05	2.7	2.3
2002-10-05	0	3.19	2.9	2.2
2002-10-06	0	2.82	3	2.2
2002-10-07	0	2.8	3	2.2
2002-10-08	3.5	3.13	3.1	2.2
2002-10-09	9.5	1.98	2.9	2.4
2002-10-10	4	1.03	2.8	2.2
2002-10-11	0	3.43	3	2.1
2002-10-12	30	5.64	2.9	2.1
2002-10-13	1	1.75	2.7	2
2002-10-14	8.5	0.56	2.6	2
2002-10-15	1	0.76	2.2	1.9
2002-10-16	0	1.71	2.7	1.9
2002-10-17	0	1.63	2.8	2
2002-10-18	0	2.29	3	2.3
2002-10-19	0	3	3	2.4
2002-10-20	0	2.17	3.1	2
2002-10-21	0	2.39	3	2.3
2002-10-22	0	2.2	3	2.4
2002-10-23	0.5	2.64	3.1	2.3
2002-10-24	0	1.74	2.8	2.3
2002-10-25	42	5.32	3.1	2.3
2002-10-26	0.5	1.14	2.6	2.3
2002-10-27	0	1.34	2.9	2.3
2002-10-28	34	0.31	3.1	2.4
2002-10-29	1	0.65	2.5	2.4
2002-10-30	32	0.65	2.6	2.3
2002-10-31	17	0.68	25	2.1
2002-11-01	3	0.15	2.4	2.1
2002-11-02	1	0.29	2.6	2.2
2002-11-03	1	0.67	2.6	2.2
2002-11-04	26.5	5.19	2.5	2.2
2002-11-05	0	1.44	2.3	1.6
2002-11-06	0	1.82	2.2	1.4
2002-11-07	0	2.47	2.6	1.5
2002-11-08	0	1.52	3	1.8
2002-11-09	0	2.16	3.1	1.9
2002-11-10	6	0.15	2.9	2.2
2002-11-11	1	7.8	2.3	2.2
2002-11-12	0	1.42	2.1	1.7
2002-11-13	0	1.08	2.5	1.5
2002-11-14	13.5	3.15	2.6	1.6
2002-11-15	0	1.8	2.3	1.6
2002-11-16	0	1.58	2.2	1
2002-11-17	0	1.51	2.4	1.1
2002-11-18	0	2.25	2.4	1.3
2002-11-19	0	1.22	2.5	1.5
2002-11-20	0	2.9	2.4	1.7
2002-11-21	0	5.59	2.5	1.1
2002-11-22	0	2.72	2.5	1.1
2002-11-23	0	1.96	2.5	1.1
2002-11-24	0	1.7	2.5	1.3
2002-11-25	11	3.42	2.7	1.5
2002-11-26	1.5	1.3	1.5	1.3
2002-11-27	10	0.19	1.4	1.1
2002-11-28	0	1.64	2	1.2
2002-11-29	0	0.53	2.5	1.4
2002-11-30	0	0.86	2	0
2002-12-01	0	1.22	2.5	1.6
2002-12-02	0	1.73	2.6	1.8
2002-12-03	11	5.34	2.6	1.9
2002-12-04	2	1.75	10.7	1.4
2002-12-05	0	0.91	1.5	1.1
2002-12-06	0	0.89	1.9	1.1
2002-12-07	0	0.8	1.9	1.3
2002-12-08	12	1.52	2.4	1.5
2002-12-09	0.5	0.75	1.6	1.4
2002-12-10	0	1.43	2	1.4
2002-12-11	0	1.56	2.6	1.4
2002-12-12	0	1.12	2.3	1.6
2002-12-13	2	0.11	2.2	1.7
2002-12-14	0	1.32	2.4	1.5
2002-12-15	0	1.49	2.4	1.6
2002-12-16	0	1.7	2.5	1.7
2002-12-17	0	1.59	2.8	1.5
2002-12-18	0	2.4	2.2	1.5
2002-12-19	0	2.2	2.4	1.4
2002-12-20	0	0.8	2.5	1.4
2002-12-21	0	1.44	2.5	1.5
2002-12-22	0	1.84	2.6	1.6
2002-12-23	2	0.86	2.1	1.7
2002-12-24	4.5	0.48	1.9	1.7
2002-12-25	0	1.67	1.8	1.2
2002-12-26	4.5	1.81	17.19	1.3
2002-12-27	2	0.96	1.7	1.4
2002-12-28	0	0.22	2.2	1.4
2002-12-29	0	2.81	2.7	1.5
2002-12-30	0	2.43	2.5	1.5
2002-12-31	0	1.81	25	1.2
2003-01-01	0	2.2	22	12
2003-01-02	0	3.08	20	10
2003-01-03	0	0.9	23	10
2003-01-04	0	1.75	24	10
2003-01-05	10	2.83	24	16
2003-01-06	7	1.62	19	17
2003-01-07	0	1.27	18	16
2003-01-08	0	1.49	25	13
2003-01-09	6	3.4	25	16
2003-01-10	0.5	0.94	16	14
2003-01-11	7	1.5	19	14
2003-01-12	0.5	1.22	15	14
2003-01-13	0.5	1.65	17	14
2003-01-14	7.5	2.99	19	14
2003-01-15	26	4.61	24	13
2003-01-16	0	2.64	15	12
2003-01-17	0	0.6	15	11
2003-01-18	0	1.35	20	11
2003-01-19	0	2.13	24	13
2003-01-20	0	1.77	27	13
2003-01-21	1.5	1.23	27	14
2003-01-22	16	1.14	19	15
2003-01-23	0	0.79	14	11
2003-01-24	0	2.6	20	10
2003-01-25	21.5	3.17	20	14
2003-01-26	1	0.18	14	13
2003-01-27	0	2.03	22	12
2003-01-28	0	0.89	24	14
2003-01-29	0	3.14	20	15
2003-01-30	0	1.13	25	16
2003-01-31	0	0.73	23	17
2003-02-01	0	1.42	26	17
2003-02-02	0	2.18	28	16
2003-02-03	7.5	0.9	22	17
2003-02-04	0	2.06	25	16
2003-02-05	13.5	2.32	29	16
2003-02-06	3	2.33	19	16
2003-02-07	0	1.01	20	12
2003-02-08	1	1.39	25	13
2003-02-09	0.5	0.25	18	14
2003-02-10	0	2.54	24	16
2003-02-11	0	2.76	25	17
2003-02-12	0	2.1	26	18
2003-02-13	0	2.85	28	19
2003-02-14	17.5	2.81	28	19
2003-02-15	1	2.49	19	18
2003-02-16	0	1.81	21	15
2003-02-17	0	2.2	24	16
2003-02-18	0	2.07	27	18
2003-02-19	0	2.3	27	19
2003-02-20	0	3.68	31	17
2003-02-21	0	6.61	27	17
2003-02-22	0	3.49	27	13
2003-02-23	0	2.06	27	13
2003-02-24	2.5	0.68	22	13
2003-02-25	0	1.78	24	12
2003-02-26	2.5	0.86	19	13
2003-02-27	0	2.29	26	15
2003-02-28	0	2.95	NULO	NULO
2003-03-01	0.5	1.97	29	20
2003-03-02	4	3.73	30	21
2003-03-03	0	0.45	25	18
2003-03-04	0	3.9	31	18
2003-03-05	0	0.73	24	21
2003-03-06	0	3.16	27	19
2003-03-07	0	3.84	29	19
2003-03-08	0	2.07	27	20
2003-03-09	0	1.95	27	21
2003-03-10	0	3.45	29	20
2003-03-11	0	3.19	30	21
2003-03-12	0	4.02	30	22
2003-03-13	5.5	1.99	29	22
2003-03-14	0	2.83	29	21
2003-03-15	0	5.06	32	21
2003-03-16	0	8.81	35	20
2003-03-17	0	5.97	38	18
2003-03-18	0	5.08	31	18
2003-03-19	8.5	4.78	30	19
2003-03-20	0	2.74	30	20
2003-03-21	11.5	5.12	30	20
2003-03-22	3.5	2.89	25	21
2003-03-23	0	4.15	28	20
2003-03-24	0	5.29	32	21
2003-03-25	8	2.77	27	22
2003-03-26	0	4.97	29	17
2003-03-27	0.5	4.4	31	17
2003-03-28	4	2.78	18	17
2003-03-29	0	1.22	19	12
2003-03-30	0	5.08	23	11
2003-03-31	0	4.51	25	12
2003-04-01	0	3.23	26	13
2003-04-02	0	4.58	32	17
2003-04-03	0	5.64	35	20
2003-04-04	0	5.75	34	21
2003-04-05	0	6.46	38	23
2003-04-06	0	4.84	35	24
2003-04-07	77	6.55	28	25
2003-04-08	0	3.17	22	14
2003-04-09	0	4.43	25	14
2003-04-10	0	4.05	28	15
2003-04-11	0	5.37	30	18
2003-04-12	0.5	5.66	30	19
2003-04-13	0	1.02	27	21
2003-04-14	0	2.98	30	21
2003-04-15	0	5.1	32	22
2003-04-16	0	4.92	33	23
2003-04-17	0	3.97	32	24
2003-04-18	0	4.62	34	24
2003-04-19	6	5.85	34	24
2003-04-20	3	2.45	31	23
2003-04-21	0	2.01	30	22
2003-04-22	0	2.89	33	22
2003-04-23	0	7.03	39	24
2003-04-24	0	6.39	38	22
2003-04-25	0.5	4.84	34	24
2003-04-26	0	3.86	32	23
2003-04-27	0	3.35	34	23
2003-04-28	0	5.13	36	25
2003-04-29	0	3.97	35	25
2003-04-30	0.5	4.87	NULO	NULO
2003-05-01	0	4.35	35	26
2003-05-02	0	4.06	34	26
2003-05-03	0	5.76	35	26
2003-05-04	0	7.02	40	25
2003-05-05	0	5.73	41	27
2003-05-06	0	4.98	43	28
2003-05-07	0	5.76	37	27
2003-05-08	0	4.76	37	27
2003-05-09	0	5.75	38	26
2003-05-10	20	6.19	36	27
2003-05-11	0	4.11	33	25
2003-05-12	0	8.44	35	25
2003-05-13	0	5.26	36	22
2003-05-14	0	6.77	37	24
2003-05-15	0	4.99	37	26
2003-05-16	0	5.69	37	27
2003-05-17	0	5.91	36	26
2003-05-18	0	6.65	37	25
2003-05-19	3	5.28	36	26
2003-05-20	0	4.05	34	25
2003-05-21	0	5.09	35	24
2003-05-22	20	2.36	33	25
2003-05-23	0	6.1	35	23
2003-05-24	0	6.61	35	24
2003-05-25	63	7.82	36	26
2003-05-26	0	4.33	31	21
2003-05-27	0.5	3.63	32	22
2003-05-28	0	4.68	32	24
2003-05-29	0	6.21	35	22
2003-05-30	0	5.88	36	23
2003-05-31	0	6.38	35	26
2003-06-01	0	5.12	36	26
2003-06-02	4.5	3.77	38	26
2003-06-03	0	5.12	36	23
2003-06-04	0	5.81	37	26
2003-06-05	7	3.26	35	26
2003-06-06	0	4.92	34	24
2003-06-07	25	6.26	35	26
2003-06-08	0	4.02	33	24
2003-06-09	0	5.55	35	24
2003-06-10	0	4.3	35	25
2003-06-11	0	6.32	36	26
2003-06-12	0	4.91	36	27
2003-06-13	1	3.62	34	28
2003-06-14	0	4.87	35	24
2003-06-15	27	5.06	32	22
2003-06-16	0	3.46	32	21
2003-06-17	0	4.4	33	23
2003-06-18	0	5.84	35	24
2003-06-19	0	6.37	35	25
2003-06-20	0	4.48	35	24
2003-06-21	0	6.22	35	26
2003-06-22	0	4.66	36	25
2003-06-23	0	6.25	36	27
2003-06-24	0	5.11	35	25
2003-06-25	0	6.23	35	23
2003-06-26	32	2.45	31	24
2003-06-27	0	5.42	33	21
2003-06-28	0	5.74	34	22
2003-06-29	2	3.66	34	24
2003-06-30	1.5	2.06	NULO	NULO
2003-07-01	114	8.25	35	23
2003-07-02	7	3.49	29	24
2003-07-03	1	2.34	31	23
2003-07-04	17	2.63	28	24
2003-07-05	9	1.95	29	24
2003-07-06	9	1.18	31	22
2003-07-07	3.5	1.56	30	23
2003-07-08	1	2.94	30	23
2003-07-09	0	3.5	31	23
2003-07-10	21	1.46	33	22
2003-07-11	0.5	3.19	33	21
2003-07-12	0	5.53	34	22
2003-07-13	0	4.72	34	23
2003-07-14	0	5.39	34	24
2003-07-15	52	8.58	33	23
2003-07-16	4.5	0.91	29	24
2003-07-17	0	3.19	32	23
2003-07-18	0	4.63	32	21
2003-07-19	2	3.05	37	21
2003-07-20	0	5.41	33	22
2003-07-21	0	6.03	34	23
2003-07-22	0	5.31	33	25
2003-07-23	2.5	4.2	34	23
2003-07-24	1.5	5.14	24	3.4
2003-07-25	18	2.93	30	2.4
2003-07-26	3.5	1.75	30	22
2003-07-27	0	3.09	30	22
2003-07-28	0	5.31	32	23
2003-07-29	0	4.06	32	24
2003-07-30	0	2.97	30	25
2003-07-31	0	3.02	31	24
2003-08-01	0	4.96	33	22
2003-08-02	0	4.47	33	22
2003-08-03	0	5.06	33	25
2003-08-04	0	5.11	34	25
2003-08-05	0	5.35	34	25
2003-08-06	0	6.23	34	24
2003-08-07	0	4.78	35	23
2003-08-08	0	5.74	35	23
2003-08-09	0	5.59	35	23
2003-08-10	0	6.4	35	24
2003-08-11	9.5	6.73	36	24
2003-08-12	4.5	3.21	32	22
2003-08-13	22	3.67	31	22
2003-08-14	15.5	2.18	27	21
2003-08-15	0	4.85	32	21
2003-08-16	0	1.76	32	23
2003-08-17	0	2.73	32	22
2003-08-18	21	5.78	32	22
2003-08-19	16.5	2.82	30	23
2003-08-20	24.5	1.95	28	23
2003-08-21	25	3.7	26	23
2003-08-22	12	1.28	29	22
2003-08-23	0	4.55	30	23
2003-08-24	0	3.23	30	22
2003-08-25	5.5	0.75	32	22
2003-08-26	1	3.91	32	22
2003-08-27	0	4.21	33	23
2003-08-28	0	4.69	33	22
2003-08-29	0	4.89	34	23
2003-08-30	2	2.33	33	24
2003-08-31	44.5	5.96	30	25
2003-09-01	7	3	31	23
2003-09-02	0	3.2	31	23
2003-09-03	0	3.91	32	23
2003-09-04	24.5	6.66	32	24
2003-09-05	0	2.21	34	23
2003-09-06	0	4.95	32	22
2003-09-07	0	2.77	32	23
2003-09-08	0	4.95	33	23
2003-09-09	0	2.99	35	24
2003-09-10	0	4.09	32	24
2003-09-11	0	3.99	33	24
2003-09-12	0	4.23	32	24
2003-09-13	25.5	2.42	29	24
2003-09-14	12.5	0.75	26	23
2003-09-15	13.5	2.71	28	23
2003-09-16	0	3.3	30	22
2003-09-17	9	2.69	31	21
2003-09-18	19	4.11	30	23
2003-09-19	8	0.92	27	23
2003-09-20	14.5	3.3	31	23
2003-09-21	8	2.8	31	24
2003-09-22	2.5	0.85	31	24
2003-09-23	0	3.95	31	23
2003-09-24	0	4.57	31	23
2003-09-25	49.5	3.29	31	24
2003-09-26	61	6.77	29	24
2003-09-27	67	1.32	25	23
2003-09-28	60	0.63	NULO	NULO
2003-09-29	0	3.25	27	21
2003-09-30	0	2.8	NULO	NULO
2003-10-01	3	2.81	27	19
2003-10-02	1	0.11	27	20
2003-10-03	0	1.71	29	20
2003-10-04	0.5	1.27	30	22
2003-10-05	14	4.2	28	22
2003-10-06	4.5	3.55	27	23
2003-10-07	64.5	5.39	28	23
2003-10-08	9.5	1.32	29	23
2003-10-09	0	3.67	30	24
2003-10-10	14	6.7	30	24
2003-10-11	53	3.14	30	25
2003-10-12	0	2.02	29	23
2003-10-13	2.5	2.08	31	23
2003-10-14	0	2.69	31	22
2003-10-15	0	1.8	29	21
2003-10-16	1	2.29	30	22
2003-10-17	21.5	1.54	27	22
2003-10-18	0	3.11	27	21
2003-10-19	0	3.03	27	19
2003-10-20	0.5	1.77	28	18
2003-10-21	0	3.39	27	20
2003-10-22	0	1.4	29	20
2003-10-23	0	1.82	29	20
2003-10-24	0	2.64	29	20
2003-10-25	14	2.37	28	20
2003-10-26	5	0.81	16	13
2003-10-27	0	1.32	25	12
2003-10-28	0	2.3	28	13
2003-10-29	0	3.38	29	17
2003-10-30	66	6.19	29	21
2003-10-31	2	1.76	25	21
2003-11-01	0	0.34	27	21
2003-11-02	0	2.35	29	21
2003-11-03	0	2.97	30	22
2003-11-04	0	2.82	30	21
2003-11-05	0.5	2.05	30	20
2003-11-06	0	0.78	28	20
2003-11-07	0	1.88	27	22
2003-11-08	3	0.79	23	22
2003-11-09	2	0.47	25	20
2003-11-10	0	1.82	26	21
2003-11-11	0	0.67	28	20
2003-11-12	49	4.67	23	20
2003-11-13	0	1.72	27	20
2003-11-14	0	1.64	27	19
2003-11-15	0	1.55	27	20
2003-11-16	0	2.63	28	21
2003-11-17	0	2.63	29	20
2003-11-18	0	2.46	22	18
2003-11-19	0	2.19	24	12
2003-11-20	0	2.58	25	13
2003-11-21	0	1.24	26	14
2003-11-22	1.5	1.86	29	14
2003-11-23	0	0.64	20	16
2003-11-24	0	1.44	23	9
2003-11-25	0	1.57	29	9
2003-11-26	0	3.71	30	16
2003-11-27	0	1.82	20	15
2003-11-28	0	1.82	18	7
2003-11-29	0	2.8	24	8
2003-11-30	6	0.92	NULO	NULO
2003-12-01	8	1.3	20	19
2003-12-02	0	0.36	24	14
2003-12-03	0	2.45	25	15
2003-12-04	25.5	2.19	25	17
2003-12-05	3.5	0.53	14	13
2003-12-06	0	1.87	21	12
2003-12-07	0	1.59	25	12
2003-12-08	0	1.72	27	13
2003-12-09	0	2.91	20	16
2003-12-10	0	0.61	23	10
2003-12-11	0	2.38	25	11
2003-12-12	1	0.93	23	15
2003-12-13	0	2.18	24	12
2003-12-14	0	2.34	24	12
2003-12-15	0	1.64	18	12
2003-12-16	0	1.9	17	7
2003-12-17	0	0.71	21	6
2003-12-18	0	1.64	20	7
2003-12-19	0	2.85	23	9
2003-12-20	0	1.7	25	12
2003-12-21	0	0.45	22	12
2003-12-22	0	2.79	21	12
2003-12-23	0	1.44	23	12
2003-12-24	0	0.72	25	12
2003-12-25	0	2.87	26	15
2003-12-26	2	0.8	26	16
2003-12-27	1	0.8	16	15
2003-12-28	0	0.63	18	10
2003-12-29	0	2.57	24	12
2003-12-30	0	1.86	24	15
2003-12-31	0	1.86	25	15
2004-01-01	0	0.83	26	18
2004-01-02	0	2.2	26	19
2004-01-03	0	10	29	17
2004-01-04	10.5	2.42	25	18
2004-01-05	5	0.3	18	13
2004-01-06	0.5	0.25	16	11
2004-01-07	0	0.64	23	12
2004-01-08	2.5	0.17	20	12
2004-01-09	0	0.59	17	14
2004-01-10	0	0.75	17	13
2004-01-11	0	1.35	21	13
2004-01-12	0	1.08	22	15
2004-01-13	0	0.43	22	16
2004-01-14	0	2.64	24	17
2004-01-15	2.5	0.46	23	17
2004-01-16	0	0.95	24	14
2004-01-17	0	1.31	22	13
2004-01-18	0	1.53	18	14
2004-01-19	0	1.93	22	11
2004-01-20	0	1.12	23	11
2004-01-21	0.5	1.03	25	15
2004-01-22	7	0.17	20	18
2004-01-23	0	1.95	26	18
2004-01-24	0	1.53	25	18
2004-01-25	0	2.29	26	18
2004-01-26	4	1.33	19	15
2004-01-27	0.5	0.2	18	12
2004-01-28	0	0.65	20	11
2004-01-29	4.5	0.45	20	11
2004-01-30	0	1.45	24	13
2004-01-31	0	3.59	27	12
2004-02-01	5	1.61	25	13
2004-02-02	1	0.85	17	15
2004-02-03	0	0.92	25	14
2004-02-04	0	3.2	27	15
2004-02-05	0	3.6	21	16
2004-02-06	5	0.52	17	14
2004-02-07	0	1.41	19	14
2004-02-08	0	0.63	25	13
2004-02-09	0	3.48	26	14
2004-02-10	5	0.93	26	18
2004-02-11	7	0.91	20	16
2004-02-12	0.5	0.19	16	12
2004-02-13	1.2	0.45	18	12
2004-02-14	2.5	0.29	17	11
2004-02-15	0	1.07	21	11
2004-02-16	0	2.65	24	11
2004-02-17	0	3.44	24	12
2004-02-18	0	3.86	27	12
2004-02-19	0	4.06	33	12
2004-02-20	0	3.18	27	15
2004-02-21	0	4.29	27	17
2004-02-22	0	2.61	29	17
2004-02-23	0	4.71	32	16
2004-02-24	4	2.88	26	17
2004-02-25	0	3.12	20	15
2004-02-26	0	2.39	22	11
2004-02-27	0	1.81	24	12
2004-02-28	0	1.77	29	17
2004-02-29	0	1.86	NULO	NULO
2004-03-01	0	2.16	27	19
2004-03-02	0	2.14	28	20
2004-03-03	0	4.51	32	22
2004-03-04	0	4.61	35	21
2004-03-05	0	3.04	28	22
2004-03-06	1.5	3.86	29	21
2004-03-07	3.5	1.5	25	21
2004-03-08	7	2.7	26	18
2004-03-09	0	1.92	24	17
2004-03-10	0	3.43	27	17
2004-03-11	0	0.95	25	18
2004-03-12	0	1.95	26	19
2004-03-13	0	0.65	27	20
2004-03-14	3.5	0.75	25	21
2004-03-15	17	0.2	22	21
2004-03-16	0.5	0.85	25	21
2004-03-17	0	1.85	28	21
2004-03-18	2	0.65	26	21
2004-03-19	0	4.72	29	22
2004-03-20	9	2.95	27	21
2004-03-21	0	4.3	27	17
2004-03-22	0	3.27	28	18
2004-03-23	0	4.65	29	18
2004-03-24	0	2.25	29	20
2004-03-25	0	3.92	29	21
2004-03-26	0	5.06	30	20
2004-03-27	18	4.39	29	21
2004-03-28	43	6.16	28	22
2004-03-29	17.5	5.92	21	19
2004-03-30	0	1.25	24	18
2004-03-31	0	4.04	28	18
2004-04-01	0	3.24	30	19
2004-04-02	0	3.23	31	22
2004-04-03	0	4.43	30	22
2004-04-04	0	2.98	30	23
2004-04-05	0	2.18	32	23
2004-04-06	0	2.95	31	23
2004-04-07	0	1.58	29	24
2004-04-08	0	4.18	31	24
2004-04-09	0	4.3	33	23
2004-04-10	7.5	2.17	27	24
2004-04-11	4.6	0.15	17	16
2004-04-12	0	1.29	19	15
2004-04-13	0	3.62	26	12
2004-04-14	0	3.46	28	14
2004-04-15	0	3.12	27	17
2004-04-16	0	4.72	29	20
2004-04-17	0	6.14	30	20
2004-04-18	0	4.92	29	19
2004-04-19	0	3.9	30	18
2004-04-20	0	5.23	34	20
2004-04-21	0	3.32	35	20
2004-04-22	1	2.71	32	23
2004-04-23	11	2.08	30	25
2004-04-24	35	6.15	30	25
2004-04-25	95	4.5	27	24
2004-04-26	1	0.59	22	19
2004-04-27	0	4.42	27	19
2004-04-28	0	4.42	31	20
2004-04-29	0	4.94	33	22
2004-04-30	46	8.81	NULO	NULO
2004-05-01	0	1.64	20	16
2004-05-02	0	2.46	28	12
2004-05-03	0	4.61	28	16
2004-05-04	0	3.38	30	14
2004-05-05	0	3.16	30	19
2004-05-06	59	7.07	31	20
2004-05-07	0	3.52	30	19
2004-05-08	2	2.31	30	21
2004-05-09	4.5	3.38	30	21
2004-05-10	0	3.26	31	22
2004-05-11	0	4.15	33	24
2004-05-12	0	2.61	33	25
2004-05-13	34.5	5.81	27	26
2004-05-14	6.5	1.51	26	19
2004-05-15	0	2.44	27	19
2004-05-16	0	5.05	31	20
2004-05-17	0	3.82	31	22
2004-05-18	0	5.87	32	23
2004-05-19	0	3.98	31	22
2004-05-20	0	3.89	31	22
2004-05-21	0	4.12	34	23
2004-05-22	0	3.99	33	24
2004-05-23	0	4.63	33	24
2004-05-24	0	3.89	33	23
2004-05-25	0	5.59	33	24
2004-05-26	0	5.1	34	23
2004-05-27	0	3.09	26	25
2004-05-28	0	5.83	37	26
2004-05-29	0	9	40	26
2004-05-30	51.5	8.78	37	26
2004-05-31	1	3.17	29	22
2004-06-01	16.5	6.62	30	22
2004-06-02	116	4.76	25	22
2004-06-03	14	3.41	25	21
2004-06-04	0	1.98	26	21
2004-06-05	19.5	3.93	28	23
2004-06-06	1	2.49	27	22
2004-06-07	12.5	1.64	30	23
2004-06-08	0	3.49	31	24
2004-06-09	0	3.33	31	24
2004-06-10	0	4.11	33	25
2004-06-11	0	4.44	34	25
2004-06-12	0	4.72	33	25
2004-06-13	0	4.11	34	25
2004-06-14	0	3.95	33	25
2004-06-15	8.5	3.66	34	25
2004-06-16	0	2.8	29	24
2004-06-17	0	3.82	30	24
2004-06-18	0	3.84	33	23
2004-06-19	0	3.75	32	22
2004-06-20	0	5.48	33	23
2004-06-21	2.5	5.32	33	25
2004-06-22	0	4.67	30	25
2004-06-23	2	4.55	30	25
2004-06-24	0.5	5.48	32	24
2004-06-25	6.5	4.73	32	24
2004-06-26	51	8.29	30	22
2004-06-27	0	4.5	30	21
2004-06-28	0	4.29	30	22
2004-06-29	1	4.29	30	22
2004-06-30	0	5.84	33	22
2004-07-01	0	4.42	33	23
2004-07-02	0	3.66	32	24
2004-07-03	0	5.13	34	24
2004-07-04	0	3.46	33	24
2004-07-05	0	5.97	33	23
2004-07-06	0	4.04	33	24
2004-07-07	0	6.87	34	25
2004-07-08	4.5	4.23	34	25
2004-07-09	9	2.17	28	22
2004-07-10	68.5	6.31	25	22
2004-07-11	0.5	0.24	28	21
2004-07-12	0	5.61	30	21
2004-07-13	0	4.79	32	21
2004-07-14	0	3.77	33	22
2004-07-15	0	3.81	33	22
2004-07-16	0	4	33	22
2004-07-17	0	5.39	33	23
2004-07-18	0	4.12	34	23
2004-07-19	0	4.21	34	24
2004-07-20	0	4.7	34	25
2004-07-21	9	2.39	33	25
2004-07-22	0	3.99	30	23
2004-07-23	0	2.15	30	23
2004-07-24	0	2.92	32	23
2004-07-25	16	3.88	32	22
2004-07-26	0	2.34	32	22
2004-07-27	0	5.18	34	22
2004-07-28	0	4.17	35	23
2004-07-29	20	6.77	34	26
2004-07-30	0	3.28	33	23
2004-07-31	0	3.98	33	23
2004-08-01	9.5	3.15	29	23
2004-08-02	1	4.26	28	22
2004-08-03	0	4.19	29	23
2004-08-04	0	3.67	34	24
2004-08-05	0	4.23	35	25
2004-08-06	0	3.87	35	26
2004-08-07	0	4.28	34	25
2004-08-08	0	4.46	34	25
2004-08-09	0	4.72	34	25
2004-08-10	0	5.02	35	23
2004-08-11	71.5	7.29	29	24
2004-08-12	20	6.74	32	23
2004-08-13	0	2.55	30	21
2004-08-14	0	3.74	31	21
2004-08-15	0	3.77	31	22
2004-08-16	0	3.76	32	22
2004-08-17	0	3.78	32	22
2004-08-18	0	3.17	33	23
2004-08-19	0	3.54	34	24
2004-08-20	0	5.07	34	24
2004-08-21	0	4.6	34	25
2004-08-22	0	4.93	35	25
2004-08-23	0	3.55	35	25
2004-08-24	0	4.69	33	25
2004-08-25	0	4.72	34	24
2004-08-26	0	4.36	34	23
2004-08-27	0	4.67	34	24
2004-08-28	0	3.83	34	24
2004-08-29	61	7.96	32	23
2004-08-30	17	1.91	29	23
2004-08-31	6	2.57	28	23
2004-09-01	2	3.58	29	23
2004-09-02	0	3.05	32	24
2004-09-03	0	3.94	33	23
2004-09-04	0	3.9	33	23
2004-09-05	0	4.08	34	24
2004-09-06	4.5	2.02	31	24
2004-09-07	0	2.02	27	24
2004-09-08	0	2.96	30	23
2004-09-09	4	1.91	30	23
2004-09-10	5.5	1.01	28	23
2004-09-11	0	3.46	31	22
2004-09-12	0	3.88	33	21
2004-09-13	0	3.92	33	21
2004-09-14	0	4.04	36	22
2004-09-15	0	3.4	33	23
2004-09-16	0	1.72	31	24
2004-09-17	0.5	1.77	30	25
2004-09-18	0	2.6	33	23
2004-09-19	0.5	2.22	31	23
2004-09-20	0	2.17	30	22
2004-09-21	0	3.42	31	21
2004-09-22	0	2.76	31	22
2004-09-23	2	2.17	31	22
2004-09-24	2	2.97	32	23
2004-09-25	0	2.64	32	21
2004-09-26	46.5	3	30	22
2004-09-27	61.5	4.92	23	22
2004-09-28	0	0.78	25	21
2004-09-29	0	2.82	30	20
2004-09-30	0	2	NULO	NULO
2004-10-01	0	1.92	30	24
2004-10-02	3.5	0.94	28	22
2004-10-03	38	5.09	30	22
2004-10-04	84	3.26	24	22
2004-10-05	10.5	1.51	27	21
2004-10-06	0	2.59	30	21
2004-10-07	158	4.95	30	22
2004-10-08	0	1.43	28	21
2004-10-09	0	2.15	30	20
2004-10-10	0	2.41	30	20
2004-10-11	0	1.6	29	22
2004-10-12	0	2.22	31	21
2004-10-13	41	5.22	29	21
2004-10-14	0	1.04	23	19
2004-10-15	0	1.72	31	18
2004-10-16	0	2.7	32	20
2004-10-17	0	2.21	31	23
2004-10-18	0	2.68	32	23
2004-10-19	0	3.02	32	24
2004-10-20	0	2.36	32	23
2004-10-21	0	2.94	32	23
2004-10-22	0	3.47	32	24
2004-10-23	0	1.95	31	24
2004-10-24	0	2.65	31	24
2004-10-25	0	2.96	31	24
2004-10-26	0	3.03	31	24
2004-10-27	0	2.12	30	23
2004-10-28	0	2.89	31	21
2004-10-29	0	2.32	29	21
2004-10-30	0	1.85	30	22
2004-10-31	0	4.41	32	22.1
2004-11-01	0	1.47	27	23
2004-11-02	0	1.59	21	20
2004-11-03	0	1.46	22	16
2004-11-04	0	2.62	25	16
2004-11-05	0	3.1	26	12
2004-11-06	0	2.26	27	13
2004-11-07	0	2.2	27	15
2004-11-08	0	2.19	27	16
2004-11-09	0	3.1	28	16
2004-11-10	0	2.45	28	16
2004-11-11	0	1.05	24	17
2004-11-12	0	0.56	24	19
2004-11-13	10	2.48	21	19
2004-11-14	1	0.3	24	19
2004-11-15	0	1.49	27	19
2004-11-16	0	2.02	30	18
2004-11-17	0	1.79	28	18
2004-11-18	0	1.78	29	19
2004-11-19	0	2.13	29	19
2004-11-20	0	1.86	29	21
2004-11-21	0	1.81	29	21
2004-11-22	0	2.35	30	19
2004-11-23	1.5	0.88	23	20
2004-11-24	0	0.2	22	18
2004-11-25	0	3.21	27	17
2004-11-26	1	0.74	28	17
2004-11-27	0	1.57	27	18
2004-11-28	0	3.16	30	21
2004-11-29	7	0.58	25	21
2004-11-30	0	1.93	NULO	NULO
2004-12-01	0	0.32	26	13
2004-12-02	0	1.63	26	16
2004-12-03	0	0.35	23	2
2004-12-04	0	1.3	27	18
2004-12-05	0	1.95	28	18
2004-12-06	0	1.06	27	18
2004-12-07	0	1.87	28	19
2004-12-08	0	1.98	28	20
2004-12-09	0	0.72	27	20
2004-12-10	0	1.68	26	16
2004-12-11	0	2.09	27	13
2004-12-12	0	2.94	26	14
2004-12-13	0	1.55	15	14
2004-12-14	1.5	0.93	15	11
2004-12-15	9	1.38	22	11
2004-12-16	0.5	1.03	16	13
2004-12-17	0	1.16	17	14
2004-12-18	0	1.08	18	14
2004-12-19	0	0.66	21	10
2004-12-20	0	1.9	27	11
2004-12-21	0	3.22	30	12
2004-12-22	1	1.14	NULO	NULO
2004-12-23	4.5	0.22	16	11
2004-12-24	0	0.56	13	5
2004-12-25	0	2	19	5
2004-12-26	0	1.71	20	5
2004-12-27	0	1.9	23	8
2004-12-28	0	3.19	24	10
2004-12-29	0	1.22	25	12
2004-12-30	0	1.52	25	13
2004-12-31	0	1.72	26	14
2005-01-01	0	1.85	29	16
2005-01-02	0	1.63	28	18
2005-01-03	0	1.61	26	19
2005-01-04	0	2.34	27	18
2005-01-05	0	0.73	25	19
2005-01-06	2	1.35	27	19
2005-01-07	0.2	0.98	22	20
2005-01-08	0	1.86	25	19
2005-01-09	0	1.59	26	16
2005-01-10	0	1.87	26	15
2005-01-11	0	3.54	29	15
2005-01-12	0	2.77	27	16
2005-01-13	0	3.1	20	15
2005-01-14	0	0.23	19	11
2005-01-15	0	2.16	17	13
2005-01-16	0.5	0.63	20	14
2005-01-17	0	0.86	21	14
2005-01-18	0	2.22	24	15
2005-01-19	0	1.46	24	15
2005-01-20	36	1.96	24	15
2005-01-21	1	1.47	17	12
2005-01-22	0	0.78	25	12
2005-01-23	0	1.47	27	14
2005-01-24	0	0.78	24	15
2005-01-25	0	3.16	22	18
2005-01-26	0	0.96	27	18
2005-01-27	0	0.67	22	18
2005-01-28	0	2.31	27	18
2005-01-29	0	1.47	22	18
2005-01-30	4	1.49	25	19
2005-01-31	7.5	0.24	25	15
2005-02-01	2	0.28	16	10
2005-02-02	0	0.2	13	9
2005-02-03	1.5	0.83	15	9
2005-02-04	0	0.33	19	9
2005-02-05	0	0.81	24	12
2005-02-06	0	2.13	27	14
2005-02-07	0	1.86	26	16
2005-02-08	12.5	2.12	27	20
2005-02-09	6	1.74	21	20
2005-02-10	1	0.29	19	15
2005-02-11	0	0.78	23	15
2005-02-12	0	2.7	29	15
2005-02-13	0	2.96	28	16
2005-02-14	0	2.91	28	17
2005-02-15	0	0.76	25	17
2005-02-16	3	0.75	25	17
2005-02-17	9	2.42	26	20
2005-02-18	0	2.67	26	19
2005-02-19	0	2.15	27	19
2005-02-20	0	1.87	27	19
2005-02-21	0	1.54	27	19
2005-02-22	0	2.38	27	19
2005-02-23	9	3.21	30	18
2005-02-24	12	4.55	29	18
2005-02-25	2	1.98	24	20
2005-02-26	0.5	0.11	18	16
2005-02-27	0	0.93	24	15
2005-02-28	0	1.78	NULO	NULO
2005-03-01	0	1.3	25	16
2005-03-02	0	2.85	27	17
2005-03-03	0	1.42	24	19
2005-03-04	8	2.4	25	19
2005-03-05	0.5	0.3	24	20
2005-03-06	1	2.14	29	18
2005-03-07	17	1.27	22	19
2005-03-08	0	1.93	22	15
2005-03-09	0	3.28	24	16
2005-03-10	3.5	3.12	26	16
2005-03-11	0	1.1	25	17
2005-03-12	0	1.97	33	17
2005-03-13	1.5	3.71	33	20
2005-03-14	0.5	1.01	25	20
2005-03-15	21	4.16	23	20
2005-03-16	0	5.04	19	12
2005-03-17	0	2.59	25	10
2005-03-18	0	2.44	29	12
2005-03-19	0	3.52	30	16
2005-03-20	0	3.27	33	17
2005-03-21	0	2.58	32	19
2005-03-22	0	5.06	30	17
2005-03-23	0	3.36	33	18
2005-03-24	0	3.88	35	19
2005-03-25	10	3.2	34	22
2005-03-26	0	3.77	22	20
2005-03-27	0	3.98	28	14
2005-03-28	0	2.45	30	14
2005-03-29	0	5.71	38	17
2005-03-30	0	4.74	38	18
2005-03-31	0	4.41	24	20
2005-04-01	0	4.79	26	17
2005-04-02	0	3.99	28	13
2005-04-03	0	3.66	31	16
2005-04-04	0	3.82	34	18
2005-04-05	0	4.27	32	19
2005-04-06	0	7.39	32	20
2005-04-07	0	6.5	32	16
2005-04-08	0	4.54	35	17
2005-04-09	0	4.62	36	18
2005-04-10	0	6.13	36	21
2005-04-11	0	6.08	33	23
2005-04-12	0	5	32	21
2005-04-13	0	5.28	30	21
2005-04-14	0	3.98	29	20
2005-04-15	0	2.69	27	19
2005-04-16	0	3.84	29	19
2005-04-17	0	3.8	32	19
2005-04-18	0	3.69	32	21
2005-04-19	0	3.72	34	22
2005-04-20	2	2.98	31	23
2005-04-21	0	3.39	34	23
2005-04-22	19	5.53	30	23
2005-04-23	3.5	0.56	22	20
2005-04-24	0	3.81	33	19
2005-04-25	0	4.87	34	20
2005-04-26	0	7.56	34	23
2005-04-27	0	5.84	40	22
2005-04-28	0	7.79	43	23
2005-04-29	0	6.99	42	22
2005-04-30	0	4.12	NULO	NULO
2005-05-01	0	2.56	29	21
2005-05-02	0	1.48	28	22
2005-05-03	7.5	4.34	29	21
2005-05-04	6.5	0.89	25	22
2005-05-05	0	1.68	27	21
2005-05-06	0	2.65	30	21
2005-05-07	0	4.71	36	23
2005-05-08	0	3.83	33	25
2005-05-09	0	4.22	25	24
2005-05-10	0	2.96	33	25
2005-05-11	0	4.12	34	25
2005-05-12	0	4.74	34	23
2005-05-13	15	6.04	34	25
2005-05-14	6	3.79	30	20
2005-05-15	2.5	1.83	27	21
2005-05-16	0	5.15	31	21
2005-05-17	0	3.96	33	21
2005-05-18	0	6.23	33	22
2005-05-19	0	3.53	33	25
2005-05-20	0	5.68	34	25
2005-05-21	0	5.71	34	23
2005-05-22	0	5.43	34	24
2005-05-23	0	5.33	35	24
2005-05-24	0	5.25	36	25
2005-05-25	0	4.79	35	26
2005-05-26	12	3.69	32	26
2005-05-27	0	6	37	24
2005-05-28	0	3.93	35	23
2005-05-29	0	3.21	33	26
2005-05-30	0	5.84	37	24
2005-05-31	0	5.61	37	25
2005-06-01	0	4.6	36	27
2005-06-02	0	6.32	36	27
2005-06-03	0	3.55	36	26
2005-06-04	0	4.26	35	26
2005-06-05	0	5.36	36	27
2005-06-06	0	4.14	36	27
2005-06-07	0	5.87	38	27
2005-06-08	0	5.94	36	26
2005-06-09	0	5.25	36	26
2005-06-10	0	4.01	35	26
2005-06-11	0	6.31	38	26
2005-06-12	0	5.39	37	27
2005-06-13	0	4.65	37	27
2005-06-14	18	5.51	29	24
2005-06-15	0	3.73	33	22
2005-06-16	0	5.72	35	23
2005-06-17	0	5.72	35	25
2005-06-18	0	5.19	36	26
2005-06-19	0	4.77	33	23
2005-06-20	21	6.16	30	24
2005-06-21	6.5	2.8	29	22
2005-06-22	1	2.23	29	21
2005-06-23	1.5	1.38	32	23
2005-06-24	0	2.12	30	23
2005-06-25	0	4.79	27	22
2005-06-26	1	3.49	32	22
2005-06-27	21	4.85	30	23
2005-06-28	14.5	0.2	25	23
2005-06-29	0	2.48	29	22
2005-06-30	0	2.19	NULO	NULO
2005-07-01	0	6.19	34	25
2005-07-02	0	5.06	34	26
2005-07-03	23	6.24	36	26
2005-07-04	0.5	3.4	32	25
2005-07-05	0	2.92	32	24
2005-07-06	0	3.56	33	23
2005-07-07	0	5.05	34	24
2005-07-08	0	5.19	35	24
2005-07-09	0	5.53	35	24
2005-07-10	0	5.16	34	24
2005-07-11	0	4.81	33	25
2005-07-12	0	1.66	31	24
2005-07-13	0	4.14	34	24
2005-07-14	0	5.62	35	24
2005-07-15	1.5	1.87	31	25
2005-07-16	22	4.54	29	24
2005-07-17	0	3.38	31	23
2005-07-18	0	4.37	33	22
2005-07-19	0	1.43	35	23
2005-07-20	13	2	26	24
2005-07-21	3	2.83	30	22
2005-07-22	0	3.54	31	22
2005-07-23	20	5.19	29	22
2005-07-24	20	2.33	30	23
2005-07-25	0	4.11	32	23
2005-07-26	12.5	3.58	32	24
2005-07-27	0	1.81	30	22
2005-07-28	0.5	3.53	31	22
2005-07-29	0	4.2	32	23
2005-07-30	0	4.48	32	21
2005-07-31	0	4.42	22	21
2005-08-01	0	3.01	31	21
2005-08-02	0	3.97	32	24
2005-08-03	5	4.48	33	24
2005-08-04	2	3.76	30	22
2005-08-05	21	4.17	29	23
2005-08-06	14.5	3.49	29	23
2005-08-07	0	2.43	31	21
2005-08-08	0	4.95	33	23
2005-08-09	0	4.94	33	25
2005-08-10	0	1.95	31	23
2005-08-11	0.5	1.2	32	23
2005-08-12	0	3.16	33	23
2005-08-13	17	4.03	32	24
2005-08-14	0	2.52	32	25
2005-08-15	0	2.67	30	23
2005-08-16	0	2.76	31	22
2005-08-17	7	3.79	32	22
2005-08-18	20	4.26	31	23
2005-08-19	19.5	2.01	27	23
2005-08-20	0	2.97	30	23
2005-08-21	20	3.82	29	22
2005-08-22	15	2.55	25	23
2005-08-23	5	0.7	31	22
2005-08-24	7	3	31	22
2005-08-25	0	3.17	32	22
2005-08-26	0	4.66	34	23
2005-08-27	0	4.16	36	23
2005-08-28	0	3.54	35	23
2005-08-29	0	4.26	35	25
2005-08-30	0	5.21	34	25
2005-08-31	18	4.51	31	25
2005-09-01	19	2.26	29	24
2005-09-02	10.5	2.73	29	23
2005-09-03	4.5	1.83	29	23
2005-09-04	12.5	1.25	31	23
2005-09-05	8.3	3.09	29	23
2005-09-06	14	0.75	27	21
2005-09-07	0	3.19	29	21
2005-09-08	12	4.35	30	22
2005-09-09	0	3.52	32	23
2005-09-10	0	3.44	32	23
2005-09-11	0	4.26	33	25
2005-09-12	0	3.6	32	22
2005-09-13	0	3.37	33	23
2005-09-14	11	3.66	32	24
2005-09-15	4.5	3.08	31	23
2005-09-16	0	3.05	32	24
2005-09-17	2	1.91	33	22
2005-09-18	0	4.02	32	22
2005-09-19	4.5	1.68	30	23
2005-09-20	0	2.38	30	24
2005-09-21	0	4.71	33	21
2005-09-22	0	4.03	35	20
2005-09-23	0	4.4	36	20
2005-09-24	0	2.87	34	20
2005-09-25	0	2.37	31	23
2005-09-26	0	3.09	30	23
2005-09-27	0	1.86	32	22
2005-09-28	0	3.78	32	23
2005-09-29	0	3.28	32	22
2005-09-30	0	4.45	NULO	NULO
2005-10-01	0	2.32	32	22
2005-10-02	4.5	1.16	31	23
2005-10-03	12	0.78	25	24
2005-10-04	8.1	0.22	25	24
2005-10-05	9.25	1.13	28	23
2005-10-06	2.45	2.19	24	22
2005-10-07	0	1.34	22	19
2005-10-08	0	0.63	28	19
2005-10-09	3	2.91	33	21
2005-10-10	6.2	4.37	29	21
2005-10-11	10.5	3.84	29	22
2005-10-12	17	2.65	28	23
2005-10-13	1.5	1.47	28	23
2005-10-14	5	2.37	28	22
2005-10-15	0	1.8	28	22
2005-10-16	0.5	0.48	26	21
2005-10-17	0	1.63	29	21
2005-10-18	0	3.53	29	20
2005-10-19	0	2.41	30	20
2005-10-20	0	3.85	30	21
2005-10-21	0	2.23	30	21
2005-10-22	16.5	5.27	29	20
2005-10-23	7	1.68	23	21
2005-10-24	1	0.89	20	14
2005-10-25	0	0.53	26	13
2005-10-26	1	3.09	28	18
2005-10-27	5	6.43	26	19
2005-10-28	14.5	4.51	23	20
2005-10-29	0	3.7	27	19
2005-10-30	6	2.61	27	19
2005-10-31	0	1.65	24	18
2005-11-01	0	1.17	25	12
2005-11-02	0	2.5	27	15
2005-11-03	0	1.63	27	14
2005-11-04	0	3.1	28	16
2005-11-05	0	2.23	29	2
2005-11-06	11	0.52	24	20
2005-11-07	7	3.13	28	2
2005-11-08	0.5	3.44	27	20
2005-11-09	12.5	0.29	26	21
2005-11-10	0	2.33	28	21
2005-11-11	0	2.8	28	20
2005-11-12	0	1.51	30	20
2005-11-13	0	1.81	28	20
2005-11-14	10	3	30	19
2005-11-15	10.5	0.36	20	16
2005-11-16	0.5	0.89	16	11
2005-11-17	5	0.31	17	13
2005-11-18	0.5	0.62	22	16
2005-11-19	12.5	0.46	19	2
2005-11-20	0	0.44	21	15
2005-11-21	0	2.69	24	12
2005-11-22	0	1.24	25	10
2005-11-23	0	2.42	26	11
2005-11-24	0	2.42	25	13
2005-11-25	0	2.3	27	11
2005-11-26	0	2.16	28	17
2005-11-27	0	2.06	25	13
2005-11-28	0	2.63	21	17
2005-11-29	0	0.4	24	17
2005-11-30	0	2.85	NULO	NULO
2006-01-01	0	4.56	29	17
2006-01-02	0	1.85	26	17
2006-01-03	0	2.7	27	19
2006-01-04	0	2.94	28	17
2006-01-05	0	3.41	29	18
2006-01-06	0	3.68	30	18
2006-01-07	0	4.08	30	18
2006-01-08	0	5.03	36	19
2006-01-09	0	5.75	36	20
2006-01-10	0	5.23	36	19
2006-01-11	0	4.22	34	20
2006-01-12	0	4.37	34	22
2006-01-13	16	1.16	25	23
2006-01-14	0	0.69	24	19
2006-01-15	2.5	3.41	30	19
2006-01-16	0	1.8	28	21
2006-01-17	0	2.42	29	20
2006-01-18	0	5.19	34	20
2006-01-19	0	3.98	35	20
2006-01-20	9.5	2.42	28	21
2006-01-21	0	1.13	26	18
2006-01-22	49	5.3	21	16
2006-01-23	2	1.11	22	12
2006-01-24	0.5	0.18	20	12
2006-01-25	0	3.31	26	13
2006-01-26	0	1.74	27	15
2006-01-27	0	2.47	28	19
2006-01-28	0	2.45	28	21
2006-01-29	0	3.51	30	21
2006-01-30	0	5.54	30	21
2006-01-31	0	3.42	31	22
2006-02-01	0	4.02	31	20
2006-02-02	0	4.97	31	21
2006-02-03	0	3.47	30	22
2006-02-04	0	4.87	31	19
2006-02-05	0	5.12	33	20
2006-02-06	0	5.32	37	22
2006-02-07	0	7.28	33	22
2006-02-08	0	4.18	29	19
2006-02-09	0	4.62	29	20
2006-02-10	0	5.85	30	19
2006-02-11	0	5.52	30	19
2006-02-12	0	5.65	30	19
2006-02-13	0	4.98	31	19
2006-02-14	0	6.63	34	18
2006-02-15	0	4.22	35	20
2006-02-16	0	5.82	39	20
2006-02-17	0	1.56	39	22
2006-02-18	0	3.84	37	20
2006-02-19	0	1.5	34	24
2006-02-20	0	2.17	33	25
2006-02-21	1	2	33	25
2006-02-22	1	3.53	33	25
2006-02-23	0	2.73	37	24
2006-02-24	0	6.31	37	24
2006-02-25	2	0.93	35	26
2006-02-26	0	3.22	33	25
2006-02-27	0	3.42	36	24
2006-02-28	0	3.15	33	21
2006-03-01	0	4.56	29	17
2006-03-02	0	1.85	26	17
2006-03-03	0	2.7	27	19
2006-03-04	0	2.94	28	17
2006-03-05	0	3.41	29	18
2006-03-06	0	3.68	30	18
2006-03-07	0	4.08	30	18
2006-03-08	0	5.03	36	19
2006-03-09	0	5.75	36	20
2006-03-10	0	5.23	36	19
2006-03-11	0	4.22	34	20
2006-03-12	0	4.37	34	22
2006-03-13	16	1.16	25	23
2006-03-14	0	0.69	24	19
2006-03-15	2.5	3.41	30	19
2006-03-16	0	1.8	28	21
2006-03-17	0	2.42	29	20
2006-03-18	0	5.19	34	20
2006-03-19	0	3.98	35	20
2006-03-20	9.5	2.42	28	21
2006-03-21	0	1.13	26	18
2006-03-22	49	5.3	21	14
2006-03-23	2	1.11	22	11
2006-03-24	0.5	0.18	20	12
2006-03-25	0	3.31	26	13
2006-03-26	0	1.74	27	15
2006-03-27	0	2.47	28	19
2006-03-28	0	2.45	28	21
2006-03-29	0	3.51	30	21
2006-03-30	0	3.51	30	20
2006-03-31	1	5.54	30	22
2006-04-01	0	4.02	31	22
2006-04-02	0	4.98	31	22
2006-04-03	0	3.47	30	20
2006-04-04	0	4.87	31	19
2006-04-05	0	5.12	33	20
2006-04-06	0	5.32	37	22
2006-04-07	0	7.28	33	22
2006-04-08	0	4.18	29	19
2006-04-09	0	4.62	29	20
2006-04-10	0	5.85	30	19
2006-04-11	0	5.52	30	19
2006-04-12	0	5.65	30	19
2006-04-13	0	4.98	31	19
2006-04-14	0	6.63	34	18
2006-04-15	0	4.22	35	20
2006-04-16	0	5.82	39	20
2006-04-17	0	1.56	39	22
2006-04-18	0	3.84	37	20
2006-04-19	0	1.5	34	24
2006-04-20	0	3.17	33	25
2006-04-21	1	2	33	25
2006-04-22	1	3.53	33	25
2006-04-23	0	2.73	37	24
2006-04-24	0	6.31	37	23
2006-04-25	2	0.93	35	25
2006-04-26	0	3.22	33	25
2006-04-27	12	3.42	36	24
2006-04-28	0	3.15	33	21
2006-04-29	0	0.69	34	21
2006-04-30	0	1.99	34	22
2006-05-01	0	2.86	33	23
2006-05-02	0	2.69	34	23
2006-05-03	0	2.31	34	24
2006-05-04	0	2	34	25
2006-05-05	0	3.19	38	26
2006-05-06	1.5	4.68	37	26
2006-05-07	0	3.42	35	27
2006-05-08	0	2.62	39	27
2006-05-09	0	4.23	40	27
2006-05-10	5	4.59	34	23
2006-05-11	0	3.97	31	21
2006-05-12	0	4.97	35	22
2006-05-13	18	5.72	32	19
2006-05-14	0	3.5	30	20
2006-05-15	0	3.15	27	21
2006-05-16	0	5.54	31	20
2006-05-17	0	4.3	30	19
2006-05-18	0	6.39	33	20
2006-05-19	0	4.24	35	21
2006-05-20	0	4.06	33	22
2006-05-21	0	4.35	35	22
2006-05-22	0	5.6	34	25
2006-05-23	0	5.27	34	23
2006-05-24	0	5.14	34	23
2006-05-25	0	6.12	35	24
2006-05-26	0	4.86	35	25
2006-05-27	0	5.03	36	25
2006-05-28	0	4.64	34	23
2006-05-29	0	3.9	33	25
2006-05-30	3	4.75	35	24
2006-05-31	13	4.04	33	21
2006-06-01	0	3.17	33	22
2006-06-02	0.5	2.68	32	22
2006-06-03	12	0.67	30	22
2006-06-04	0	3.32	32	21
2006-06-05	0	2.77	34	22
2006-06-06	0	5.8	33	23
2006-06-07	0	3.86	33	23
2006-06-08	0	4.13	34	22
2006-06-09	0	4.54	33	22
2006-06-10	0	4.82	34	22
2006-06-11	0	5.27	34	22
2006-06-12	0	4.53	35	25
2006-06-13	0	5.36	35	23
2006-06-14	0	4.92	35	23
2006-06-15	0	4.4	36	25
2006-06-16	0	3.13	36	24
2006-06-17	0	3.1	36	27
2006-06-18	0	3.99	36	26
2006-06-19	0	4.58	36	26
2006-06-20	0	2.75	36	25
2006-06-21	0	5.8	35	25
2006-06-22	0	5.5	34	24
2006-06-23	0	6.52	35	23
2006-06-24	0	6.85	35	24
2006-06-25	0	5.7	35	23
2006-06-26	0	4.66	35	23
2006-06-27	0	4.99	34	24
2006-06-28	0	3.07	32	24
2006-06-29	49.5	7.65	26	23
2006-06-30	12	2.46	26	22
2006-07-01	0	2.55	30	21
2006-07-02	0	4.5	34	23
2006-07-03	0	4.48	34	26
2006-07-04	0	4.75	34	24
2006-07-05	0	3.99	34	25
2006-07-06	0	3.55	33	26
2006-07-07	5	2.16	32	25
2006-07-08	18.5	0.61	29	23
2006-07-09	1.5	3.83	30	23
2006-07-10	3	1.65	30	23
2006-07-11	12	1.53	31	24
2006-07-12	0	4.29	32	22
2006-07-13	4	4.01	32	23
2006-07-14	53	7.62	29	23
2006-07-15	0	3.85	32	22
2006-07-16	0	3.68	33	22
2006-07-17	0	4.56	33	22
2006-07-18	0	4.97	33	23
2006-07-19	3.5	5.11	33	23
2006-07-20	7.5	0.14	29	23
2006-07-21	1	2.42	29	23
2006-07-22	2.5	3.72	31	22
2006-07-23	2.5	2.32	31	22
2006-07-24	0	0.37	29	22
2006-07-25	0	3.94	34	23
2006-07-26	0	4.96	35	24
2006-07-27	0	3.88	33	25
2006-07-28	0.5	3.87	33	22
2006-07-29	0	4.61	33	22
2006-07-30	0	7.35	34	23
2006-07-31	0	3.46	33	24
2006-08-01	0	4.76	33	26
2006-08-02	1	3.88	33	25
2006-08-03	3.5	1.76	30	25
2006-08-04	2.5	2.22	31	24
2006-08-05	33.5	2.42	32	22
2006-08-06	17.5	2.53	29	23
2006-08-07	0	2.45	27	22
2006-08-08	4.5	3.79	30	22
2006-08-09	0	2.51	31	22
2006-08-10	0	5.24	33	21
2006-08-11	0	2.84	33	23
2006-08-12	0	4.02	34	25
2006-08-13	0	4.82	34	24
2006-08-14	0	4.43	34	24
2006-08-15	0	3.75	34	24
2006-08-16	0	5.07	35	24
2006-08-17	0	5.49	35	24
2006-08-18	9.5	6.34	35	23
2006-08-19	0	3.87	33	23
2006-08-20	2	1.43	32	23
2006-08-21	0	3.16	34	22
2006-08-22	0	2.98	33	22
2006-08-23	2.5	3.43	34	25
2006-08-24	0.5	3.44	35	25
2006-08-25	0	2.99	33	25
2006-08-26	0	2.9	33	24
2006-08-27	0	3.82	33	23
2006-08-28	0	3.83	34	23
2006-08-29	0	3.51	34	22
2006-08-30	0	4.46	34	23
2006-08-31	0	3.51	34	24
2006-09-01	8	4.45	35	25
2006-09-02	11.5	1.06	35	24
2006-09-03	2	1.96	32	23
2006-09-04	0	3.22	33	23
2006-09-05	29.5	3.9	32	23
2006-09-06	10.5	0.98	31	23
2006-09-07	0	4.28	32	23
2006-09-08	0	3.39	34	23
2006-09-09	0	3.5	35	25
2006-09-10	0	3.66	34	25
2006-09-11	0	4.01	35	25
2006-09-12	58	7.34	32	24
2006-09-13	0	3.49	32	22
2006-09-14	13	2.49	34	22
2006-09-15	0	4.46	34	23
2006-09-16	0	2.4	36	23
2006-09-17	93.5	7.4	35	26
2006-09-18	40	3.71	31	23
2006-09-19	2.5	2.28	31	23
2006-09-20	0	2.18	33	22
2006-09-21	0	4.11	35	22
2006-09-22	0	4.22	36	24
2006-09-23	152.5	6.13	34	24
2006-09-24	16	1.64	30	22
2006-09-25	0	1.1	26	20
2006-09-26	0	1.84	30	21
2006-09-27	0	3.5	32	22
2006-09-28	0.5	3.73	31	23
2006-09-29	0	3.6	31	21
2006-09-30	0	2.9	30	22
2006-10-01	0	2.45	30	23
2006-10-02	1.5	2.49	30	22
2006-10-03	8.5	3.18	30	21
2006-10-04	34.5	6.44	24	21
2006-10-05	13.5	1.52	26	20
2006-10-06	0	1.84	28	20
2006-10-07	0	3.14	30	20
2006-10-08	0	3.03	31	19
2006-10-09	0	4.08	32	21
2006-10-10	0	2.35	31	22
2006-10-11	0	2.16	31	24
2006-10-12	11.2	1.04	33	25
2006-10-13	1.5	1.8	29	23
2006-10-14	0	3.51	33	24
2006-10-15	0	2.83	35	23
2006-10-16	0	2.38	35	24
2006-10-17	65	6.49	31	25
2006-10-18	0	1.73	27	21
2006-10-19	0.5	3.19	30	20
2006-10-20	81.5	5.72	27	22
2006-10-21	4	1.84	26	18
2006-10-22	0	1.41	26	19
2006-10-23	0	2.16	29	19
2006-10-24	0	2.9	32	20
2006-10-25	9.5	0.98	28	21
2006-10-26	0	2.6	26	17
2006-10-27	0	3.7	26	13
2006-10-28	0	1.4	28	14
2006-10-29	0	3.66	29	15
2006-10-30	0	1.97	28	18
2006-10-31	0	1.95	28	17
2006-11-01	7	0.45	28	18
2006-11-02	22.5	1.35	22	18
2006-11-03	0	0.64	25	17
2006-11-04	0	1.18	26	19
2006-11-05	9	2.73	28	20
2006-11-06	0	1.04	28	21
2006-11-07	0	1.37	29	20
2006-11-08	1.5	1.19	29	21
2006-11-09	3.5	2.83	30	22
2006-11-10	38	3.76	23	18
2006-11-11	0	1.9	23	17
2006-11-12	0	2.08	27	16
2006-11-13	0	2.08	30	19
2006-11-14	0	4.9	29	20
2006-11-15	0	5.29	21	16
2006-11-16	0	3.39	26	12
2006-11-17	0	1.54	26	12
2006-11-18	23	0.25	22	16
2006-11-19	4	0.9	20	17
2006-11-20	0	1.07	19	16
2006-11-21	0	0.42	22	12
2006-11-22	0	2.14	24	12
2006-11-23	0	1.47	24	11
2006-11-24	0	1.28	25	14
2006-11-25	0	2.18	27	16
2006-11-26	0	2.04	27	17
2006-11-27	0	2.38	27	18
2006-11-28	0	1.57	27	18
2006-11-29	3	3.72	29	15
2006-11-30	0	0.28	20	11
2006-12-01	1.5	0.15	22	12
2006-12-02	53.5	4.63	18	13
2006-12-03	0.5	0.49	19	9
2006-12-04	0.5	1.25	19	9
2006-12-05	0	0.51	23	12
2006-12-06	38	0.49	21	16
2006-12-07	23	1.62	19	14
2006-12-08	0.5	1.05	16	11
2006-12-09	0	0.17	22	12
2006-12-10	0	0.95	24	15
2006-12-11	0	1.9	23	17
2006-12-12	0	0.28	22	19
2006-12-13	0	0.9	24	19
2006-12-14	0	1.81	26	19
2006-12-15	0	1.45	26	18
2006-12-16	0	1.25	25	18
2006-12-17	0	1.07	24	20
2006-12-18	0	1.09	25	19
2006-12-19	0	1.32	28	20
2006-12-20	0	1.19	26	20
2006-12-21	5.5	0.95	22	20
2006-12-22	5	1.15	20	17
2006-12-23	0	0.24	17	13
2006-12-24	0	2.81	17	10
2006-12-25	0	1.92	20	11
2006-12-26	0	1.74	23	9
2006-12-27	0	1.87	24	10
2006-12-28	0	1.68	27	12
2006-12-29	0	1.37	23	14
2006-12-30	5	0.96	20	16
2006-12-31	0	0.54	19	1.5
2007-01-01	2.5	2.56	18	6
2007-01-02	0	3.25	20	10
2007-01-03	0	1.32	22	14
2007-01-04	0	0.91	26	16
2007-01-05	0	2.51	27	17
2007-01-06	8.5	0.19	20	17
2007-01-07	0	1.21	20	13
2007-01-08	0	1.44	19	10
2007-01-09	0	0.88	21	10
2007-01-10	0	1.44	24	11
2007-01-11	0	2.14	25	14
2007-01-12	0	2.01	27	18
2007-01-13	0	1.77	27	16
2007-01-14	8	0.98	26	14
2007-01-15	2	1.07	20	10
2007-01-16	0	0.66	14	6
2007-01-17	2	1.44	20	6
2007-01-18	0.5	1.66	21	10
2007-01-19	0	1.2	21	13
2007-01-20	0	0.49	21	14
2007-01-21	2.5	0.46	23	12
2007-01-22	8	0.92	18	11
2007-01-23	0.5	0.28	16.5	9
2007-01-24	3	1.46	18	9
2007-01-25	0.5	0.78	15	11
2007-01-26	0	0.93	21	11
2007-01-27	1	2.31	22	12
2007-01-28	0	1.61	20	12
2007-01-29	2.5	2.16	27	13
2007-01-30	0	3.17	23	15
2007-01-31	0	1.54	21	15
2007-02-01	13	5.47	20	15
2007-02-02	22.5	2.07	17	15
2007-02-03	50	1.18	16	13
2007-02-04	19	0.31	17	13
2007-02-05	0	0.64	22	14
2007-02-06	0	2.16	26	14
2007-02-07	0	2.2	26	14
2007-02-08	0	1.33	25	18
2007-02-09	13	2.92	25	19
2007-02-10	0	2.73	20	15
2007-02-11	0	2.73	27	16
2007-02-12	5.5	4.69	27	16
2007-02-13	10	2.69	20	14
2007-02-14	7.5	1.18	18	11
2007-02-15	0	0.72	14	9
2007-02-16	0	2.46	22	8
2007-02-17	0	1.45	20	9
2007-02-18	0	2.14	24	11
2007-02-19	0	2.33	28	12
2007-02-20	0	1.55	26	15
2007-02-21	0.5	2.31	26	18
2007-02-22	0	0.8	27	18
2007-02-23	0	1.41	32	17
2007-02-24	0	3.62	27	18
2007-02-25	0	2.53	27	18
2007-02-26	0	3.25	28	18
2007-02-27	0	2.92	30	19
2007-02-28	0	3.89	33	19
2007-03-01	0	3.56	27	16
2007-03-02	21	0.9	25	18
2007-03-03	5	0.56	20	15
2007-03-04	0	3.29	18	11
2007-03-05	0	1.9	23	11
2007-03-06	0	3.1	25	13
2007-03-07	0	4.13	26	14
2007-03-08	0	0.41	25	16
2007-03-09	0	2.87	27	19
2007-03-10	0	2.48	28	20
2007-03-11	0.5	1.66	28	20
2007-03-12	16	2.16	26	20
2007-03-13	0	2.99	30	21
2007-03-14	1	2.32	33	19
2007-03-15	0	2.23	26	20
2007-03-16	0	3.44	28	19
2007-03-17	0	4.34	29	16
2007-03-18	0	2.42	27	17
2007-03-19	0	2.17	27	21
2007-03-20	0	2.67	29	21
2007-03-21	0	2.26	29	19
2007-03-22	0	1.51	29	19
2007-03-23	9	0.29	24	19
2007-03-24	5	1.77	22	19
2007-03-25	0.5	1.53	27	21
2007-03-26	0	2.28	28	20
2007-03-27	0	5.23	30	22
2007-03-28	0	2.64	31	22
2007-03-29	0	1.85	28	21
2007-03-30	7	2.92	30	22
2007-03-31	5	1.55	28	23
2007-04-01	56	6.23	28	22
2007-04-02	1	1.79	30	20
2007-04-03	21.5	3.92	30	19
2007-04-04	0	2.49	27	19
2007-04-05	0	4.65	28	16
2007-04-06	0	1.58	25	18
2007-04-07	6	1.05	26	16
2007-04-08	0	1.34	25	12
2007-04-09	0	3.94	30	13
2007-04-10	0	2.29	34	17
2007-04-11	0	4.53	30	20
2007-04-12	0	4.27	33	23
2007-04-13	0	6.42	31	20
2007-04-14	0	3.13	32	19
2007-04-15	0	4.15	27	16
2007-04-16	0	3.37	32	16
2007-04-17	0	6.82	32	20
2007-04-18	0	6.31	32	18
2007-04-19	3.5	3.29	31	18
2007-04-20	4	1.98	29	21
2007-04-21	0	1.88	30	22
2007-04-22	0	3.5	32	22
2007-04-23	1.5	2.52	31	24
2007-04-24	0	6.44	32	23
2007-04-25	0	5.25	32	23
2007-04-26	0	1.49	31	24
2007-04-27	0	3.04	30	24
2007-04-28	2	3.46	30	24
2007-04-29	0	1.69	33	22
2007-04-30	0	2.94	32	23
2007-05-01	0	3.55	33	24
2007-05-02	0	1.46	33	24
2007-05-03	0	3.72	35	23
2007-05-04	1	6	35	26
2007-05-05	0	5.78	37	24
2007-05-06	0.5	5.49	34	24
2007-05-07	0	3.12	33	25
2007-05-08	1	3.19	32	23
2007-05-09	0	2.08	30	24
2007-05-10	5	4.29	33	24
2007-05-11	0	4.89	33	23
2007-05-12	0	4.99	32	22
2007-05-13	0	4.86	32	23
2007-05-14	0	4.54	31	23
2007-05-15	0	3.62	33	21
2007-05-16	0	5.04	32	22
2007-05-17	0	3.98	32	22
2007-05-18	0	5.74	33	23
2007-05-19	0	4.97	33	23
2007-05-20	0	3.76	33	23
2007-05-21	0	1.14	35	25
2007-05-22	4.5	7.05	32	25
2007-05-23	20	0.44	29	24
2007-05-24	25.5	2.95	30	21
2007-05-25	0	3.59	30	21
2007-05-26	3	6.55	33	21
2007-05-27	0	4.86	33	22
2007-05-28	0	3.77	34	21
2007-05-29	3	5.53	35	24
2007-05-30	0	5.58	34	22
2007-05-31	0	6.22	24	23
2007-06-01	0	5.42	35	23
2007-06-02	0	7.3	35	24
2007-06-03	0	6.4	34	25
2007-06-04	0	8.7	36	25
2007-06-05	0	6.2	36	26
2007-06-06	0	6.8	37	26
2007-06-07	11	7	36	27
2007-06-08	0.5	6.3	29	24
2007-06-09	0	4.6	28	21
2007-06-10	0	5.1	29	22
2007-06-11	0	5.9	34	22
2007-06-12	0	4.9	34	23
2007-06-13	0	7.1	35	23
2007-06-14	0	5.1	36	23
2007-06-15	0	3.9	35	26
2007-06-16	4	2.6	35	26
2007-06-17	0	8.7	35	25
2007-06-18	9.5	5.42	33	25
2007-06-19	86.5	2.9	29	23
2007-06-20	27.5	7.01	31	23
2007-06-21	0	4.6	32	23
2007-06-22	37.5	2.9	33	23
2007-06-23	0	3.6	31	23
2007-06-24	3	4.21	33	24
2007-06-25	0	6.26	32	24
2007-06-26	0	3.8	33	23
2007-06-27	0	6.91	34	24
2007-06-28	0	2.4	33	24
2007-06-29	0	3.8	33	23
2007-06-30	0	2.8	33	23
2007-07-01	2	3.41	31	25
2007-07-02	0	1.2	34	25
2007-07-03	0	7.4	34	25
2007-07-04	15	2.8	31	26
2007-07-05	3	4.8	33	25
2007-07-06	0	3.3	33	23
2007-07-07	0	1.4	34	23
2007-07-08	0	4.88	33	23
2007-07-09	18	4.42	34	24
2007-07-10	25	4.66	33	23
2007-07-11	0	3.7	32	23
2007-07-12	0	1.6	34	23
2007-07-13	0	9.8	34	22
2007-07-14	0	6	34	23
2007-07-15	0.5	5.2	34	24
2007-07-16	6.5	2.5	33	25
2007-07-17	58	6.1	29	24
2007-07-18	0	5.8	31	23
2007-07-19	4	8.7	32	23
2007-07-20	2	4.5	32	22
2007-07-21	0	5.2	30	22
2007-07-22	0	5.7	31	22
2007-07-23	0	4.5	31	20
2007-07-24	0	5.2	32	21
2007-07-25	0	2.4	33	22
2007-07-26	0	8.26	34	24
2007-07-27	2	4.8	34	26
2007-07-28	20	3	33	25
2007-07-29	4.5	4.7	33	23
2007-07-30	0	6.2	33	22
2007-07-31	0	2.7	33	23
2007-08-01	0	4.14	30	24
2007-08-02	8	7	31	25
2007-08-03	2	6	33	22
2007-08-04	1.5	5.1	33	22
2007-08-05	17	4.8	33	23
2007-08-06	0	6.21	30	23
2007-08-07	0	5	32	23
2007-08-08	0	1.9	33	23
2007-08-09	0	5.9	33	23
2007-08-10	0	7	32	23
2007-08-11	0	9.6	32	22
2007-08-12	0	1.2	34	21
2007-08-13	0	5.2	35	23
2007-08-14	0	5	34	23
2007-08-15	20	4.9	35	24
2007-08-16	15	3.1	33	24
2007-08-17	4.5	4	32	23
2007-08-18	0	5	32	23
2007-08-19	0	4.9	34	24
2007-08-20	25	9.9	34	24
2007-08-21	140	4	25	23
2007-08-22	5.5	7.8	30	22
2007-08-23	0	2.9	30	23
2007-08-24	0	5.7	31	23
2007-08-25	9.5	3.5	31	22
2007-08-26	11.5	2.8	28	22
2007-08-27	95	6.6	28	23
2007-08-28	19.5	7.6	27	23
2007-08-29	90	7.2	28	23
2007-08-30	66	4.5	26	22
2007-08-31	97	4.5	27	22
2007-09-01	5.5	3.6	25	22
2007-09-02	28	2.8	26	22
2007-09-03	0	7	32	23
2007-09-04	0	4.6	32	23
2007-09-05	0	6.1	32	22
2007-09-06	1.5	3	29	23
2007-09-07	17.3	3	30	24
2007-09-08	0	2.9	30	23
2007-09-09	4.5	2.9	29	23
2007-09-10	0	3.21	29	22
2007-09-11	66	3	30	22
2007-09-12	0	1.21	31	20
2007-09-13	2	3.1	31	20
2007-09-14	0	3.1	29	23
2007-09-15	0	4	30	21
2007-09-16	0	6	31	21
2007-09-17	0	2.4	31	21
2007-09-18	0	6.7	31	22
2007-09-19	0	4.21	29	24
2007-09-20	0	3.8	32	22
2007-09-21	0	2.41	33	21
2007-09-22	0	5.21	32	22
2007-09-23	0	4.7	32	22
2007-09-24	0	3.9	33	22
2007-09-25	0	2.95	30	21
2007-09-26	30	4.21	31	23
2007-09-27	20	3.6	28	22
2007-09-28	0	7.21	29	21
2007-09-29	0.5	6.81	30	22
2007-09-30	0.5	5.4	29	23
2007-10-01	0	2.22	30	22
2007-10-02	0	3	31	22
2007-10-03	0	2	31	22
2007-10-04	0	1	31	22
2007-10-05	0	1	30	21
2007-10-06	0	0.8	31	23
2007-10-07	0	4.2	30	23
2007-10-08	141	3.3	27	23
2007-10-09	32	1.6	27	22
2007-10-10	0	1	29	22
2007-10-11	0	4.1	29	22
2007-10-12	0	4.1	30	21
2007-10-13	0	4	31	22
2007-10-14	0	1.8	30	21
2007-10-15	0	3.2	30	23
2007-10-16	0	2.9	31	23
2007-10-17	0	4.1	32	22
2007-10-18	29	3.1	31	23
2007-10-19	0.5	3.9	28	22
2007-10-20	0	5	30	22
2007-10-21	37	8	30	21
2007-10-22	0	4.1	25	17
2007-10-23	0	7.1	26	13
2007-10-24	0	1.9	29	11
2007-10-25	0	3	27	13
2007-10-26	0	1.9	27	13
2007-10-27	0	2.2	24	12
2007-10-28	0	3	26	16
2007-10-29	0	3.21	26	14
2007-10-30	0	4.9	27	14
2007-10-31	0	2.55	28	14
2007-11-01	0	2.4	28	14
2007-11-02	0	2.81	29	18
2007-11-03	0	2.56	29	19
2007-11-04	0	1.58	27	16
2007-11-05	0	2.2	27	17
2007-11-06	0	2.72	22	18
2007-11-07	0	3.11	26	17
2007-11-08	0	2.8	28	16
2007-11-09	0	2.2	28	18
2007-11-10	0	2.2	29	18
2007-11-11	0	3.9	27	19
2007-11-12	0	2.9	28	19
2007-11-13	0	1.9	28	19
2007-11-14	53	3.1	21	19
2007-11-15	0	3	21	15
2007-11-16	0	3.21	26	15
2007-11-17	1.5	1	27	16
2007-11-18	0	2	26	19
2007-11-19	0	3	27	19
2007-11-20	0	2.9	29	19
2007-11-21	4.5	3.2	25	17
2007-11-22	0.5	2.8	27	13
2007-11-23	0	3	24	13
2007-11-24	7	2.9	20	14
2007-11-25	5	3.1	19	13
2007-11-26	9.5	3.1	18	14
2007-11-27	0	2.8	24	15
2007-11-28	20	4.22	25	16
2007-11-29	2.5	3.33	24	18
2007-11-30	0	3.3	27	20
2007-12-01	0	2.06	28	19
2007-12-02	12	3	23	21
2007-12-03	0	3	23	19
2007-12-04	0	2.7	26	15
2007-12-05	0	3.5	27	15
2007-12-06	0	1.8	28	18
2007-12-07	0	7.7	27	19
2007-12-08	0	2.3	27	18
2007-12-09	0	1.9	27	19
2007-12-10	0	2.9	27	18
2007-12-11	0	3.1	27	20
2007-12-12	14.1	2	27	21
2007-12-13	0	1.9	25	18
2007-12-14	16.5	3.1	29	17
2007-12-15	0	2	19	13
2007-12-16	0	2.1	19	13
2007-12-17	0	1.8	24	13
2007-12-18	0	3	26	14
2007-12-19	0	2.2	27	16
2007-12-20	0	1.7	27	15
2007-12-21	0	2.4	29	16
2007-12-22	0	2	20	15
2007-12-23	0	2.9	23	12
2007-12-24	0	2	22	13
2007-12-25	0	2	27	15
2007-12-26	0	3.2	24	16
2007-12-27	0	0.9	24	16
2007-12-28	0	2.2	24	16
2007-12-29	0	3	24	16
2007-12-30	0	2.8	27	17
2007-12-31	0	1.95	21	18
2008-01-01	0	2	20	14
2008-01-02	0.5	2.4	15	11
2008-01-03	0	5.3	19	8
2008-01-04	0	6.1	24	10
2008-01-05	0	3	25	12
2008-01-06	0	2.7	27	13
2008-01-07	0	5.1	28	15
2008-01-08	0	3	27	16
2008-01-09	6	1.6	28	16
2008-01-10	0	3	23	16
2008-01-11	0	3.3	26	17
2008-01-12	4.5	4.8	22	17
2008-01-13	1.5	1.2	18	15
2008-01-14	0	2.8	23	14
2008-01-15	3	3	20	14
2008-01-16	7.5	2.4	19	16
2008-01-17	5.5	2.7	20	17
2008-01-18	0.5	4.8	18	13
2008-01-19	0	4.8	15	11
2008-01-20	0	1.2	22	10
2008-01-21	0	4.3	25	12
2008-01-22	0	3.1	26	13
2008-01-23	6	4.3	24	17
2008-01-24	1.5	5.1	19	15
2008-01-25	20	5.9	18	14
2008-01-26	0	4.85	26	16
2008-01-27	0	6.8	30	16
2008-01-28	0	7.6	27	17
2008-01-29	0	5.46	29	17
2008-01-30	0	2.67	20	13
2008-01-31	0	2.5	19	12
2008-02-01	0	2.5	26	11
2008-02-02	0	2.62	27	12
2008-02-03	0	2.55	24	15
2008-02-04	0	3.08	32	16
2008-02-05	0	3.29	23	15
2008-02-06	0	5.46	26	11
2008-02-07	0	1.58	26	12
2008-02-08	0	3.2	27	14
2008-02-09	0	1.83	27	16
2008-02-10	1	1.12	24	18
2008-02-11	0	2.28	29	18
2008-02-12	0	4.54	19	15
2008-02-13	0	3.02	25	11
2008-02-14	0	2.14	28	12
2008-02-15	0	3.59	30	16
2008-02-16	0	4.13	29	18
2008-02-17	6	2.73	29	20
2008-02-18	0.5	1.23	21	20
2008-02-19	0	1.28	28	18
2008-02-20	0	3.1	30	17
2008-02-21	0	2.2	33	19
2008-02-22	0	5.06	28	17
2008-02-23	0	3.52	27	18
2008-02-24	0	2.38	30	19
2008-02-25	0	4.71	19	17
2008-02-26	0	3.11	21	15
2008-02-27	0	1.48	24	13
2008-02-28	0.5	2.64	28	14
2008-02-29	0	2.05	27	16
2008-03-01	0	0.68	29	18
2008-03-02	0	2.62	33	19
2008-03-03	0	5.8	23	16
2008-03-04	0	3.9	28	12
2008-03-05	0	2.46	31	13
2008-03-06	0	4.77	21	16
2008-03-07	0	3.01	19	14
2008-03-08	0	2.6	26	14
2008-03-09	0	2.56	29	15
2008-03-10	4.5	3.2	30	17
2008-03-11	2.5	1.88	20	18
2008-03-12	0	0.37	30	18
2008-03-13	0	3.18	35	19
2008-03-14	0	5.84	37	17
2008-03-15	0	4.84	32	17
2008-03-16	0	3.79	33	21
2008-03-17	0	4.78	34	20
2008-03-18	0	4.37	24	17
2008-03-19	0	5.54	26	13
2008-03-20	0	3.89	28	14
2008-03-21	0	5.44	29	15
2008-03-22	20.5	0.87	24	17
2008-03-23	11.5	0.7	19	16
2008-03-24	0	0.23	23	15
2008-03-25	0	2.18	28	16
2008-03-26	0	3.79	30	18
2008-03-27	0	3.29	32	20
2008-03-28	0	5.43	28	21
2008-03-29	0	2	29	22
2008-03-30	0	2.03	33	22
2008-03-31	0	4.5	30	23
2008-04-01	0	1.77	30	24
2008-04-02	0	3.49	32	21
2008-04-03	0	4.02	35	22
2008-04-04	4.5	3.83	25	23
2008-04-05	0	1.64	32	21
2008-04-06	0	4.33	32	21
2008-04-07	0	3.16	33	23
2008-04-08	0	4.38	35	24
2008-04-09	0	6.54	38	25
2008-04-10	2	6.62	37	24
2008-04-11	50	5.57	27	23
2008-04-12	2	2.35	25	19
2008-04-13	0	2	26	18
2008-04-14	0	3.77	27	15
2008-04-15	0	5.74	28	15
2008-04-16	0	4.11	30	17
2008-04-17	1.5	5.1	27	20
2008-04-18	0	3.87	33	20
2008-04-19	0	3.54	33	18
2008-04-20	0	6.36	35	22
2008-04-21	0	5.28	35	24
2008-04-22	0	2.42	32	25
2008-04-23	0	4.14	31	24
2008-04-24	7	2.75	34	25
2008-04-25	2.5	4.5	31	24
2008-04-26	0	3.34	30	21
2008-04-27	6.5	3.09	22	17
2008-04-28	0	1.8	27	16
2008-04-29	0	2.92	30	17
2008-04-30	0	6.19	34	18
2008-05-01	0	4.97	37	23
2008-05-02	0	6.3	35	24
2008-05-03	0	4.56	33	25
2008-05-04	0	4.11	33	25
2008-05-05	0	5.93	33	25
2008-05-06	0	3.9	33	24
2008-05-07	0	4.27	35	24
2008-05-08	0	5.03	36	25
2008-05-09	0	7.72	35	26
2008-05-10	0	3.21	36	25
2008-05-11	0	5.42	35	26
2008-05-12	0	5.73	37	25
2008-05-13	0	6.14	40	26
2008-05-14	1.5	7.57	39	25
2008-05-15	22.5	1.8	34	25
2008-05-16	13	3.72	25	23
2008-05-17	1	1.05	26	21
2008-05-18	0	0.37	30	21
2008-05-19	15	7.45	28	22
2008-05-20	0.5	2.94	34	22
2008-05-21	0	2.93	37	20
2008-05-22	0	5.66	40	22
2008-05-23	0	6.8	36	23
2008-05-24	0	4.22	35	24
2008-05-25	0	5.38	35	24
2008-05-26	0	6.03	34	24
2008-05-27	0	5.62	31	25
2008-05-28	0	3.4	32	21
2008-05-29	0	4.21	33	21
2008-05-30	0	6.1	24	20
2008-05-31	0	6.22	34	21
2008-06-01	0	5.45	35	23
2008-06-02	0	6.98	32	24
2008-06-03	0	4.66	35	24
2008-06-04	0	5.46	35	24
2008-06-05	1.5	6.13	33	26
2008-06-06	0	3.39	27	25
2008-06-07	17	5.88	28	22
2008-06-08	0	0.54	30	22
2008-06-09	0	5.94	26	18
2008-06-10	4	4.62	28	18
2008-06-11	0	8.66	32	18
2008-06-12	3	3.99	33	19
2008-06-13	0	5.39	32	22
2008-06-14	4	3.94	31	23
2008-06-15	0	1.63	32	22
2008-06-16	0	3.95	33	23
2008-06-17	0	5.24	33	26
2008-06-18	0	4.98	33	24
2008-06-19	0	5.2	33	22
2008-06-20	4	4.85	33	25
2008-06-21	0.5	4.94	31	22
2008-06-22	0	4.69	31	21
2008-06-23	0	3.31	32	22
2008-06-24	4.5	4.35	30	23
2008-06-25	0	4.82	30	21
2008-06-26	0	3.98	33	22
2008-06-27	19	5.03	30	22
2008-06-28	0	2.02	29	22
2008-06-29	24	6.25	28	22
2008-06-30	17	1	25	22
2008-07-01	28	3.04	30	22
2008-07-02	6	2.68	30	22
2008-07-03	23.5	5.43	27	22
2008-07-04	32	7.49	27	23
2008-07-05	140	4.21	27	23
2008-07-06	34.5	2.8	27	23
2008-07-07	27	4.38	26	23
2008-07-08	20.5	1.39	26	22
2008-07-09	10	2.29	27	22
2008-07-10	0	3.4	28	22
2008-07-11	0	2.27	30	22
2008-07-12	0	5.63	31	22
2008-07-13	0	4.81	32	22
2008-07-14	0	4.93	32	23
2008-07-15	0	5.16	32	23
2008-07-16	0	4.84	32	23
2008-07-17	0	4.64	32	23
2008-07-18	13.5	4.56	32	24
2008-07-19	0.5	2.55	29	22
2008-07-20	0	5.82	31	22
2008-07-21	0	2.22	32	22
2008-07-22	0	4.85	35	21
2008-07-23	0	5	34	21
2008-07-24	9.5	9.5	33	25
2008-07-25	1.5	3.34	29	21
2008-07-26	0	3.22	31	22
2008-07-27	0	5.31	33	22
2008-07-28	0	6.51	34	23
2008-07-29	0	4.97	34	26
2008-07-30	4	4	33	24
2008-07-31	7	2.72	32	24
2008-08-01	3.5	2.6	31	23
2008-08-02	0	6.45	32	21
2008-08-03	0	6	33	23
2008-08-04	2	3.53	33	23
2008-08-05	7.5	2.97	31	23
2008-08-06	0	3.91	30	23
2008-08-07	0	3.71	33	23
2008-08-08	0	6.23	33	23
2008-08-09	0	6.34	34	23
2008-08-10	0	4.69	33	24
2008-08-11	0	4.17	35	25
2008-08-12	0	5.58	35	24
2008-08-13	0	3.52	34	25
2008-08-14	0	6.77	35	26
2008-08-15	1	3.28	34	26
2008-08-16	0	5.45	33	25
2008-08-17	1	4.87	34	26
2008-08-18	23.5	1.3	29	24
2008-08-19	46	3.18	29	23
2008-08-20	8	2.84	32	24
2008-08-21	3.5	3.5	29	23
2008-08-22	22	3.56	31	25
2008-08-23	0	2.94	31	23
2008-08-24	5.5	2.87	29	23
2008-08-25	1	1.58	28	23
2008-08-26	0	1.9	31	24
2008-08-27	0	2.32	30	24
2008-08-28	7	0.79	28	23
2008-08-29	12.5	0.49	30	23
2008-08-30	0	2.87	30	23
2008-08-31	0	4.96	32	21
2008-09-01	0	5.3	34	21
2008-09-02	0	4.5	34	23
2008-09-03	0	4.61	33	23
2008-09-04	0	2.66	31	23
2008-09-05	14	1.28	30	23
2008-09-06	64.5	2.77	36	23
2008-09-07	10	1.73	25	22
2008-09-08	68	3.35	28	23
2008-09-09	2	2.37	29	23
2008-09-10	0	3.83	32	24
2008-09-11	23	3.53	33	24
2008-09-12	1	2.85	33	23
2008-09-13	26	1.61	26	23
2008-09-14	11.5	2.41	28	23
2008-09-15	1	0.27	27	20
2008-09-16	0	2.1	25	19
2008-09-17	0	2.74	28	19
2008-09-18	0	2.52	28	19
2008-09-19	0.5	1.11	25	20
2008-09-20	20.5	3.35	24	22
2008-09-21	14	4.1	26	22
2008-09-22	38.5	3.4	28	22
2008-09-23	103	4.01	25	22
2008-09-24	80	3.22	23	21
2008-09-25	0	1.97	26	19
2008-09-26	0	4.07	28	18
2008-09-27	0	4.72	29	18
2008-09-28	0	3.36	29	18
2008-09-29	0	3	29	18
2008-09-30	0	3.76	30	16
2008-10-01	0	4.26	31	16
2008-10-02	0	3.45	31	17
2008-10-03	0	3.62	30	17
2008-10-04	0	3.85	30	21
2008-10-05	0	3	32	22
2008-10-06	49	3.9	31	21
2008-10-07	64	2.8	25	22
2008-10-08	0	3.49	28	20
2008-10-09	0.5	6.64	30	19
2008-10-10	5	2.14	30	19
2008-10-11	0	2.78	30	23
2008-10-12	0	2.25	30	23
2008-10-13	0.5	3.15	29	22
2008-10-14	0	2.3	30	19
2008-10-15	91.5	3.1	27	19
2008-10-16	22.5	0.94	23	19
2008-10-17	0.5	0.85	25	20
2008-10-18	0	1.72	26	20
2008-10-19	0	2.65	26	19
2008-10-20	0	2.85	28	18
2008-10-21	0	1.42	28	18
2008-10-22	0	2.63	25	19
2008-10-23	0	1.3	26	20
2008-10-24	0	2.78	30	19
2008-10-25	0	1.51	29	19
2008-10-26	46	2.93	25	20
2008-10-27	5	3.1	25	17
2008-10-28	0	1.56	23	14
2008-10-29	6	2.99	23	16
2008-10-30	17.5	3.19	26	18
2008-10-31	0	2.61	23	18
2008-11-01	0	3.33	27	16
2008-11-02	0	2.72	27	18
2008-11-03	0	2.38	27	17
2008-11-04	0	3.79	28	18
2008-11-05	0	1.34	28	19
2008-11-06	0	3.17	28	21
2008-11-07	4	3.18	26	21
2008-11-08	0	1.78	27	21
2008-11-09	0	2.49	28	19
2008-11-10	0	2.9	29	20
2008-11-11	0	1.5	29	22
2008-11-12	0	0.99	26	21
2008-11-13	7	1.59	29	21
2008-11-14	5	0.66	27	21
2008-11-15	0	4.52	19	17
2008-11-16	0	0.5	18	13
2008-11-17	0	2.75	21	11
2008-11-18	0	1.55	21	13
2008-11-19	7	1.13	25	13
2008-11-20	19.5	2	19	15
2008-11-21	0	2.86	20	13
2008-11-22	0	1.55	23	15
2008-11-23	8	6.56	25	17
2008-11-24	3.5	0.33	19	18
2008-11-25	0	1.02	25	15
2008-11-26	0	1.72	27	16
2008-11-27	0	3.08	27	17
2008-11-28	0	1.99	28	20
2008-11-29	7	5.77	21	20
2008-11-30	5	1.78	21	18
2009-01-01	0	1.25	26	15
2009-01-02	0	0.75	27	17
2009-01-03	1	3.61	28	18
2009-01-04	0	1.64	26	18
2009-01-05	2.5	0.72	28	20
2009-01-06	3.5	3.64	20	19
2009-01-07	0	1.59	27	16
2009-01-08	0	0.73	27	16
2009-01-09	0.5	3.62	27	17
2009-01-10	0	1.6	19	14
2009-01-11	0	1.38	20	14
2009-01-12	0	1.94	19	13
2009-01-13	0	2.3	23	9
2009-01-14	12	2.2	21	10
2009-01-15	14	0.57	22	16
2009-01-16	0	2.07	20	16
2009-01-17	0	0.25	25	14
2009-01-18	0	3.27	25	14
2009-01-19	0	1.93	27	16
2009-01-20	0	3.53	22	14
2009-01-21	0	1.1	24	13
2009-01-22	0	2.05	25	14
2009-01-23	0	2.61	27	14
2009-01-24	0	3.63	25	16
2009-01-25	0	1.39	26	18
2009-01-26	0	2.82	27	19
2009-01-27	0.5	1.32	29	18
2009-01-28	20	0.67	22	16
2009-01-29	3	0.7	26	16
2009-01-30	0	1.51	25	13
2009-01-31	0	1.57	25	12
2009-02-01	0	2.4	24	12
2009-02-02	0	2.97	21	15
2009-02-03	0	2.13	21	15
2009-02-04	0	1.57	22	15
2009-02-05	0	1.15	25	16
2009-02-06	0	2.71	24	14
2009-02-07	0	2.69	25	15
2009-02-08	0	2.24	27	16
2009-02-09	0	2.99	29	17
2009-02-10	0	3.33	22	18
2009-02-11	0	2.83	27	16
2009-02-12	0	2.67	29	16
2009-02-13	0	4.83	29	16
2009-02-14	0	2.78	28	20
2009-02-15	5	2.07	23	21
2009-02-16	0	0.72	27	20
2009-02-17	5.5	1.88	32	21
2009-02-18	35	5	25	21
2009-02-19	5	1.15	28	16
2009-02-20	9.5	3.11	25	15
2009-02-21	0	1.95	22	15
2009-02-22	0	1.6	23	13
2009-02-23	0	1.86	27	11
2009-02-24	0	3.77	30	14
2009-02-25	0	3.77	30	14
2009-02-26	0	4.32	31	16
2009-02-27	1.5	3.38	29	18
2009-02-28	0	4.4	20	9
2009-03-01	0	4.4	22	9
2009-03-02	0	2.91	26	9
2009-03-03	0	3.7	27	12
2009-03-04	0	4.72	27	15
2009-03-05	0	3.14	27	17
2009-03-06	0	2.75	28	19
2009-03-07	0	2.35	29	19
2009-03-08	1	3.79	29	21
2009-03-09	0	2.24	29	21
2009-03-10	0	3.67	29	22
2009-03-11	23	3.14	28	22
2009-03-12	7.5	0.17	22	16
2009-03-13	4	1.73	17	16
2009-03-14	0	0.58	26	12
2009-03-15	11	2.94	25	14
2009-03-16	6.5	0.75	24	19
2009-03-17	0	0.4	27	20
2009-03-18	0	1.77	27	21
2009-03-19	0	3.07	23	20
2009-03-20	0	2.6	27	17
2009-03-21	0	3.29	28	18
2009-03-22	0	4.3	30	18
2009-03-23	0.5	4.3	31	20
2009-03-24	0	3.61	34	22
2009-03-25	0	6.21	35	21
2009-03-26	0	4	37	22
2009-03-27	0	7.84	25	21
2009-03-28	0	5.38	27	16
2009-03-29	0	4.96	32	16
2009-03-30	0	4.84	39	19
2009-03-31	0	6.79	33	21
2009-04-01	0	5.02	29	19
2009-04-02	0	7.95	37	19
2009-04-03	0	8.66	37	18
2009-04-04	1.5	4.34	36	19
2009-04-05	0	5.84	24	19
2009-04-06	0	4.53	25	17
2009-04-07	0	4.24	30	14
2009-04-08	0	6.66	36	16
2009-04-09	0	5.02	40	19
2009-04-10	0	5.39	33	21
2009-04-11	0	5.15	37	23
2009-04-12	0	6.34	33	24
2009-04-13	0	4.98	31	22
2009-04-14	0	5.08	32	22
2009-04-15	0	5.41	34	23
2009-04-16	0	4.54	35	25
2009-04-17	0.5	7.49	36	25
2009-04-18	54	3.15	30	21
2009-04-19	0	3.07	28	20
2009-04-20	0	4.45	30	18
2009-04-21	0	8.24	31	18
2009-04-22	0	6.68	30	19
2009-04-23	0	4.15	32	20
2009-04-24	0	5.79	33	22
2009-04-25	0	3.35	33	24
2009-04-26	2.5	5.64	33	24
2009-04-27	2.5	5.32	33	24
2009-04-28	0	4.49	33	23
2009-04-29	0	4.37	33	23
2009-04-30	0	7.54	33	24
2009-05-01	0	4.15	35	25
2009-05-02	0	4.41	36	25
2009-05-03	0	4.86	35	25
2009-05-04	0	5.02	35	24
2009-05-05	0	6.43	38	23
2009-05-06	0	5.63	36	25
2009-05-07	0	5.93	36	25
2009-05-08	1	6.26	35	27
2009-05-09	1	4.15	35	26
2009-05-10	0	4.34	35	25
2009-05-11	0	5.93	35	25
2009-05-12	0	6.43	34	25
2009-05-13	0	4.75	35	25
2009-05-14	0	7.58	32	26
2009-05-15	66	3.89	34	24
2009-05-16	19.5	8.12	27	21
2009-05-17	1	7.61	28	21
2009-05-18	0	1.59	28	21
2009-05-19	0	5.03	38	19
2009-05-20	0	5.83	31	19
2009-05-21	0	4.19	32	20
2009-05-22	0	7.39	32	21
2009-05-23	0	3.69	33	22
2009-05-24	0	6.12	34	23
2009-05-25	0	4.78	34	26
2009-05-26	5	5.15	35	26
2009-05-27	20	5.45	30	27
2009-05-28	2.5	2.04	32	23
2009-05-29	22	2.77	33	23
2009-05-30	34.5	7.11	32	22
2009-05-31	27.5	4.75	31	21
2009-06-01	0	6.7	32	21
2009-06-02	6	7.21	35	23
2009-06-03	0	5.92	34	24
2009-06-04	0	4.77	34	22
2009-06-05	0	7.65	34	22
2009-06-06	0	6.13	34	23
2009-06-07	0	5.62	33	24
2009-06-08	0	5.58	35	25
2009-06-09	0	6.03	35	25
2009-06-10	2	5.41	35	26
2009-06-11	0	5.38	35	27
2009-06-12	0	4.72	36	27
2009-06-13	0	5.07	35	25
2009-06-14	0	6.18	35	24
2009-06-15	0	7	35	24
2009-06-16	0	5.73	35	25
2009-06-17	0	6.85	34	24
2009-06-18	4.5	4.86	34	24
2009-06-19	8.5	4.5	34	24
2009-06-20	25	2.29	30	23
2009-06-21	3.5	3.17	30	23
2009-06-22	2	3.15	32	24
2009-06-23	4.5	3.37	33	24
2009-06-24	0.5	5.76	30	25
2009-06-25	5.5	2.6	33	25
2009-06-26	0	1.98	33	23
2009-06-27	4.5	5.77	34	25
2009-06-28	0	4.27	33	23
2009-06-29	0	3.36	33	24
2009-06-30	21	4.7	33	26
2009-07-01	0	5.03	33	23
2009-07-02	1.5	2.52	33	24
2009-07-03	40	5	30	24
2009-07-04	0	4.61	33	24
2009-07-05	0	5.31	33	24
2009-07-06	0	3.45	34	25
2009-07-07	0	5.63	35	26
2009-07-08	0	6.2	35	26
2009-07-09	3.5	6.11	30	25
2009-07-10	10	3.2	30	23
2009-07-11	0	1.66	31	23
2009-07-12	0	6.03	32	21
2009-07-13	0	4.68	33	22
2009-07-14	0	6.25	34	24
2009-07-15	0	6.06	34	24
2009-07-16	0	6.29	34	25
2009-07-17	0	6.91	34	25
2009-07-18	0	4.36	35	23
2009-07-19	0	5.23	34	23
2009-07-20	0	6.17	34	24
2009-07-21	0	5.37	35	25
2009-07-22	0	5.47	35	24
2009-07-23	0	7.43	34	24
2009-07-24	0	4.67	35	24
2009-07-25	4	6.18	34	24
2009-07-26	0	4.76	32	22
2009-07-27	0	5.02	36	23
2009-07-28	0	4.66	37	24
2009-07-29	0	6.14	36	25
2009-07-30	0	7.78	36	26
2009-07-31	0	5.71	34	25
2009-08-01	1	5.25	35	25
2009-08-02	0	8	35	24
2009-08-03	0	7.75	35	23
2009-08-04	0	5.35	35	23
2009-08-05	0	6.83	35	23
2009-08-06	0	7.3	35	23
2009-08-07	0.5	7.35	36	25
2009-08-08	3	7.32	33	25
2009-08-09	2	5.15	31	25
2009-08-10	0	1.76	33	23
2009-08-11	0	4.76	34	23
2009-08-12	0	6.86	35	24
2009-08-13	0	4.19	35	25
2009-08-14	0	6.89	36	26
2009-08-15	0	6.89	36	26
2009-08-16	17.5	5.69	35	26
2009-08-17	2	3.15	31	22
2009-08-18	0	2.72	33	21
2009-08-19	0	5.91	35	23
2009-08-20	15.5	5.5	35	25
2009-08-21	0	5.07	33	23
2009-08-22	1	3.52	34	22
2009-08-23	0	6.43	34	22
2009-08-24	0	4.82	35	23
2009-08-25	0	6.79	34	24
2009-08-26	0	6.83	35	24
2009-08-27	0	4.37	35	24
2009-08-28	42.5	5.86	33	26
2009-08-29	152	4.24	30	23
2009-08-30	18.5	5.18	34	23
2009-08-31	8.5	3.21	27	22
2009-09-01	0	2.18	30	23
2009-09-02	0	2.05	32	22
2009-09-03	49	3.98	32	23
2009-09-04	122	1.72	26	23
2009-09-05	111	1.96	25	22
2009-09-06	47.2	3.56	27	23
2009-09-07	1	3.58	30	22
2009-09-08	1	1.68	31	23
2009-09-09	1	3.08	32	24
2009-09-10	5	3.07	31	24
2009-09-11	0	3.81	32	24
2009-09-12	0	2.61	32	25
2009-09-13	2.5	4.48	32	25
2009-09-14	0	2.52	31	23
2009-09-15	0	2.38	34	23
2009-09-16	0	4.64	33	23
2009-09-17	0	3.53	31	24
2009-09-18	0	5.62	31	23
2009-09-19	0	2.37	31	22
2009-09-20	0	3.9	33	23
2009-09-21	22.5	4.26	33	23
2009-09-22	43	5.37	25	24
2009-09-23	11.5	4.85	25	20
2009-09-24	40	1.23	24	20
2009-09-25	13.1	1.37	23	21
2009-09-26	24.5	1.77	28	22
2009-09-27	3	2.68	28	23
2009-09-28	20	2.84	30	22
2009-09-29	0	0.6	30	23
2009-09-30	0	3.46	32	23
2009-10-01	0	2.27	33	24
2009-10-02	0	4.36	33	25
2009-10-03	0	5.6	33	25
2009-10-04	0	4.47	33	26
2009-10-05	0	3.01	33	26
2009-10-06	0	2.71	33	25
2009-10-07	0	4.45	32	25
2009-10-08	46	1.57	33	25
2009-10-09	0	5.79	26	20
2009-10-10	11	3.63	29	20
2009-10-11	0	2.26	30	21
2009-10-12	0.5	5.12	30	24
2009-10-13	0	0.66	32	24
2009-10-14	0	2.96	32	23
2009-10-15	41	4.33	32	23
2009-10-16	12.1	3.02	24	22
2009-10-17	9	5.37	25	19
2009-10-18	0	1.56	25	19
2009-10-19	0	4.94	27	19
2009-10-20	0	0.12	29	19
2009-10-21	4	2.67	31	20
2009-10-22	41.5	3.36	25	21
2009-10-23	21	0.5	24	21
2009-10-24	0	1.84	26	20
2009-10-25	20.5	1.52	28	21
2009-10-26	0	1.99	23	17
2009-10-27	0	1.64	27	18
2009-10-28	1	1.9	30	19
2009-10-29	2	2.32	26	23
2009-10-30	0	1.42	25	17
2009-10-31	0	1.25	24	13
2009-11-01	0	3.42	25	14
2009-11-02	0	1.52	26	14
2009-11-03	0	3.36	24	16
2009-11-04	7.5	2.06	22	19
2009-11-05	0.5	1.26	23	17
2009-11-06	0	0.93	24	18
2009-11-07	0	1.96	27	19
2009-11-08	3.5	1.55	27	18
2009-11-09	2.5	2.5	25	20
2009-11-10	0	1.74	25	19
2009-11-11	0	2.38	25	14
2009-11-12	0	2.56	27	16
2009-11-13	0	3.32	27	17
2009-11-14	0	1.92	28	18
2009-11-15	5	1.58	27	20
2009-11-16	2	1.2	21	16
2009-11-17	0	2	21	14
2009-11-18	0	2.47	25	16
2009-11-19	33.5	1.23	28	18
2009-11-20	0	3.45	23	19
2009-11-21	0	2.47	24	17
2009-11-22	0	2.14	26	18
2009-11-23	28.5	2.18	28	20
2009-11-24	0.5	2.31	22	18
2009-11-25	19.5	1.66	25	15
2009-11-26	0	1.53	24	13
2009-11-27	0	1.95	25	16
2009-11-28	4.5	2.07	22	17
2009-11-29	1	1.06	20	15
2009-11-30	0	1.43	21	15
2009-12-01	7	0.51	23	15
2009-12-02	10.5	0.71	26	16
2009-12-03	8.5	0.6	16	14
2009-12-04	0	0.09	14	8
2009-12-05	0	0.72	20	8
2009-12-06	0	1.12	27	13
2009-12-07	0	2.07	28	16
2009-12-08	2	2.48	31	18
2009-12-09	3	3.12	20	19
2009-12-10	0.5	0.14	22	17
2009-12-11	6.5	0.87	23	18
2009-12-12	0	1.24	23	18
2009-12-13	0	1.09	27	18
2009-12-14	36	0.48	25	19
2009-12-15	7.5	1.26	25	15
2009-12-16	0	0.49	19	14
2009-12-17	0	0.32	22	14
2009-12-18	22	1.55	18	15
2009-12-19	2.5	1.18	17	14
2009-12-20	0	0.79	20	14
2009-12-21	0	0.64	23	14
2009-12-22	0	2.44	26	14
2009-12-23	0.5	0.63	21	14
2009-12-24	0.5	3.89	16	14
2009-12-25	0	1.16	19	11
2009-12-26	1	0.6	21	13
2009-12-27	15.5	1.88	16	15
2009-12-28	1	0.81	17	12
2009-12-29	1	0.64	22	12
2009-12-30	0	1	23	15
2009-12-31	0	2.46	20	17
2010-01-01	0	1.37	18	13
2010-01-02	5	1.18	19	13
2010-01-03	2.5	0.29	17	14
2010-01-04	0.5	0.5	15	11
2010-01-05	0	0.17	19	11
2010-01-06	21	7.14	22	13
2010-01-07	11	1.1	14	8
2010-01-08	0	1.02	9	3
2010-01-09	1.5	9.65	12	3
2010-01-10	1.5	0.28	14	8
2010-01-11	4.5	0.8	17	10
2010-01-12	2	0.72	23	12
2010-01-13	0	1.98	21	14
2010-01-14	9	0.1	23	14
2010-01-15	0	2	20	12
2010-01-16	0	2.4	20	12
2010-01-17	0	1.54	25	14
2010-01-18	0	2.65	26	15
2010-01-19	0	3.28	28	15
2010-01-20	0	2.45	30	15
2010-01-21	0	1.59	28	14
2010-01-22	0	4.43	33	14
2010-01-23	0	3.33	20	15
2010-01-24	0	1.78	22	14
2010-01-25	1.5	1.04	19	15
2010-01-26	0.5	1.21	21	18
2010-01-27	0	1.1	23	16
2010-01-28	0.5	1.59	24	15
2010-01-29	0	0.7	16	14
2010-01-30	18	1.2	15	12
2010-01-31	3.5	1.69	20	12
2010-02-01	7	0.19	18	11
2010-02-02	14.5	1.21	18	16
2010-02-03	19	1.82	17	16
2010-02-04	0	1.59	25	13
2010-02-05	1.5	2.36	24	14
2010-02-06	1	2.5	22	16
2010-02-07	0	2.35	26	18
2010-02-08	9.5	1.15	20	19
2010-02-09	0.5	0.5	20	11
2010-02-10	0	2.5	20	11
2010-02-11	0	2.9	21	13
2010-02-12	0	0.55	18	14
2010-02-13	2.5	0.56	21	14
2010-02-14	15	1.2	22	15
2010-02-15	4.5	1.65	17	9
2010-02-16	8.5	1.21	12	9
2010-02-17	2	0.83	14	10
2010-02-18	0	1.99	24	11
2010-02-19	0	2.04	23	12
2010-02-20	0	3.21	27	16
2010-02-21	5.5	8.55	28	16
2010-02-22	11.5	0.35	24	18
2010-02-23	0	2.49	19	9
2010-02-24	0	1.5	20	6
2010-02-25	0	3.71	24	8
2010-02-26	0	1.87	20	11
2010-02-27	0	1.66	23	9
2010-02-28	0	3.87	26	10
2010-03-01	0	3.51	17	15
2010-03-02	0	2.32	20	9
2010-03-03	0	1.56	21	12
2010-03-04	0	2.16	23	15
2010-03-05	0	0.66	23	16
2010-03-06	1	2.44	25	18
2010-03-07	0	1.08	24	18
2010-03-08	0	1.51	29	18
2010-03-09	0	3.86	30	20
2010-03-10	0	4.16	33	19
2010-03-11	0	5.33	23	20
2010-03-12	0	2.27	26	11
2010-03-13	0	3.86	27	13
2010-03-14	2.5	3.85	27	15
2010-03-15	16.5	1.39	20	18
2010-03-16	0	3.34	21	15
2010-03-17	0	3.84	25	11
2010-03-18	0	2.18	24	14
2010-03-19	0	5.78	29	17
2010-03-20	0	1.99	19	14
2010-03-21	0	3.31	26	9
2010-03-22	0	3.24	26	12
2010-03-23	0	2.84	27	16
2010-03-24	0	4.36	27	20
2010-03-25	0	4.82	26	18
2010-03-26	0	4.21	30	15
2010-03-27	0	2.5	30	17
2010-04-10	0	9.32	27	13
2010-04-11	0	2.3	29	17
2010-04-12	49	8.45	29	21
2010-04-13	2.5	4.66	22	20
2010-04-14	0	1.38	27	20
2010-04-15	4	2.6	27	20
2010-04-16	19	3.43	28	20
2010-04-17	0	2.73	27	20
2010-04-18	0.5	2.86	27	20
2010-04-19	5	1.65	27	21
2010-04-20	0	2.03	28	21
2010-04-21	0	2.4	30	21
2010-04-22	0	3.98	35	22
2010-04-23	0	4.86	33	23
2010-04-24	0	5.99	31	19
2010-04-25	0	5.66	31	17
2010-04-26	7.5	5.73	30	17
2010-04-27	9	1.45	26	19
2010-04-28	9	2.1	35	20
2010-05-01	0	6.76	32	19
2010-05-02	0	4.97	34	20
2010-05-03	0	4.74	33	21
2010-05-04	0	6.31	33	18
2010-05-05	0	6.33	33	19
2010-05-06	1	3.77	33	23
2010-05-07	0	3.46	34	24
2010-05-08	0	6.48	33	23
2010-05-09	0	2.27	32	25
2010-05-10	0	3.91	34	24
2010-05-11	0	3.68	31	23
2010-05-12	29	4.05	31	24
2010-05-13	21.5	4.42	30	24
2010-05-14	57	5.87	33	23
2010-05-15	0	3.37	29	21
2010-05-16	0.5	4.58	32	20
2010-05-17	0	3.89	31	23
2010-05-18	0	5.25	33	21
2010-05-19	0	5.19	33	22
2010-05-20	0	3.89	33	25
2010-05-21	0	4.82	33	23
2010-05-22	0	4.88	33	24
2010-05-23	0	4.15	34	24
2010-05-24	0	5.09	33	25
2010-05-25	0	6.72	33	25
2010-05-26	0	3.91	32	25
2010-05-27	0	2.33	30	25
2010-05-28	0	4.96	32	23
2010-05-29	0	1.83	33	22
2010-05-30	0	4.86	33	24
2010-05-31	0	4.36	36	25
2010-06-01	0	6.43	35	26
2010-06-02	0	6.27	36	25
2010-06-03	8	7.62	35	25
2010-06-04	0	4.96	36	22
2010-06-05	0	5.9	36	23
2010-06-06	5	4.44	35	26
2010-06-07	0	3.84	34	24
2010-06-08	0	4.63	35	24
2010-06-09	0	6.46	35	27
2010-06-10	0	7.31	35	27
2010-06-11	0	4.24	35	26
2010-06-12	0	6.6	35	25
2010-06-13	0	5.32	34	24
2010-06-14	0	1.88	33	23
2010-06-15	14	0.82	27	24
2010-06-16	3.5	2.96	28	23
2010-06-17	9	3.98	32	24
2010-06-18	7.5	4.52	33	23
2010-06-19	0	5.69	33	21
2010-06-20	0	4.21	33	22
2010-06-21	19	5.6	33	23
2010-06-22	0	6.7	33	22
2010-06-23	0	2.29	32	23
2010-06-24	0	5.03	33	23
2010-06-25	0	6.63	34	22
2010-06-26	0	4.49	34	24
2010-06-27	0	6.35	36	26
2010-06-28	31	5.59	35	25
2010-06-29	5	1.6	29	25
2010-06-30	1.5	2.1	29	21
2010-07-01	11.5	2.35	33	25
2010-07-02	1	2.03	32	25
2010-07-03	0	3.69	33	23
2010-07-04	74	3.74	35	24
2010-07-05	33	4	30	23
2010-07-06	35	3.19	28	23
2010-07-07	78.5	7.87	31	22
2010-07-08	6	0.97	38	23
2010-07-09	39	3	28	23
2010-07-10	4.5	0.7	28	22
2010-07-11	0	4.6	31	23
2010-07-12	0	5.76	33	24
2010-07-13	6	1.71	29	24
2010-07-14	0	3.38	31	24
2010-07-15	0	4.52	33	23
2010-07-16	0	5.08	32	23
2010-07-17	0	4.81	33	22
2010-07-18	15	0.17	32	25
2010-07-19	18.5	2.19	29	24
2010-07-20	111	2.87	30	24
2010-07-21	29	3.19	25	21
2010-07-22	111	2.8	25	23
2010-07-23	107	3.05	25	23
2010-07-24	35.5	1.95	25	23
2010-07-25	2.5	2	26	22
2010-07-26	2.5	1.88	30	22
2010-07-27	69	2.15	27	24
2010-07-28	13.5	0.36	27	23
2010-07-29	2.5	1.95	30	22
2010-07-30	0	4.85	32	22
2010-07-31	0	5.15	33	22
2010-08-01	0	4.06	31	23
2010-08-02	0	4.81	36	23
2010-08-03	0	4.5	32	23
2010-08-04	4	6.37	32	22
2010-08-05	1.5	4.2	32	22
2010-08-06	0	3.49	32	22
2010-08-07	0	4.3	33	22
2010-08-08	0	4.05	34	24
2010-08-09	1	5.43	33	25
2010-08-10	0	6.35	33	24
2010-08-11	2	4.8	33	20
2010-08-12	17.5	2.32	31	23
2010-08-13	30	2.39	30	24
2010-08-14	0.5	2.76	32	22
2010-08-15	2	4.73	31	24
2010-08-16	33.5	4.1	30	24
2010-08-17	1.5	4.13	31	22
2010-08-18	5	3	31	23
2010-08-19	1.5	4.12	31	22
2010-08-20	17	3.47	30	23
2010-08-21	8.5	2.3	30	23
2010-08-22	0	5.52	31	22
2010-08-23	0	4.82	33	22
2010-08-24	0	5.15	33	22
2010-08-25	2	3.64	33	23
2010-08-26	0	4.62	31	22
2010-08-27	0	3.84	33	22
2010-08-28	0	3.8	33	23
2010-08-29	0	3.23	31	24
2010-08-30	10	1.09	29	24
2010-08-31	0	3.5	31	23
2010-09-01	0	3.16	33	24
2010-09-02	0	4.96	31	24
2010-09-03	18	6.34	31	24
2010-09-04	32.5	1.66	26	23
2010-09-05	0.6	2	30	21
2010-09-06	0	2.11	30	23
2010-09-07	46.5	5.3	32	24
2010-09-08	0	3.47	32	24
2010-09-09	0	4.03	33	25
2010-09-10	3	2.66	32	26
2010-09-11	6.5	2.83	30	23
2010-09-12	0	2.2	31	21
2010-09-13	0	4.95	32	21
2010-09-14	0	2.19	31	23
2010-09-15	21	4.73	32	23
2010-09-16	15.5	0.21	28	23
2010-09-17	4	3.85	28	23
2010-09-18	66	4.35	28	23
2010-09-19	36	1.87	27	23
2010-09-20	0.5	3.73	30	23
2010-09-21	0	3.82	30	23
2010-09-22	56	7.33	29	23
2010-09-23	33.5	4.02	28	23
2010-09-24	4	2.62	29	21
2010-09-25	8.5	1.08	28	21
2010-09-26	14	1.42	28	22
2010-09-27	0	1.71	27	21
2010-09-28	0	3.33	30	16
2010-09-29	0	3.76	29	17
2010-09-30	0	3.79	30	19
2010-10-01	2.5	3.95	30	18
2010-10-02	0	0.3	26	18
2010-10-03	0	4.59	25	16
2010-10-04	0	3.02	27	17
2010-10-05	13	0.79	24	18
2010-10-06	4.5	3.25	25	17
2010-10-07	0	3.89	26	16
2010-10-08	0	1.27	29	18
2010-10-09	0	2	27	18
2010-10-10	0	3.75	29	20
2010-10-11	0	3.58	30	21
2010-10-12	0	3.13	29	21
2010-10-13	11.5	1.23	27	21
2010-10-14	0	3.94	27	17
2010-10-15	0	4.38	27	15
2010-10-16	0	2.89	28	17
2010-10-17	0	1.94	28	18
2010-10-18	0	4.01	29	19
2010-10-19	0	2.03	29	20
2010-10-20	0	4.35	30	21
2010-10-21	0	3.89	30	20
2010-10-22	0	2.34	30	20
2010-10-23	0	3.13	30	22
2010-10-24	0	2.93	30	20
2010-10-25	0	4.52	32	19
2010-10-26	0	1.78	32	20
2010-10-27	12	1.95	29	20
2010-10-28	0	2.1	27	17
2010-10-29	0	3.22	27	15
2010-10-30	0	4.18	29	16
2010-10-31	0	2.04	30	17
2011-01-01	0	1.76	26	16
2011-01-02	0	2.89	19	16
2011-01-03	0	3.12	25	16
2011-01-04	0	2.15	27	14
2011-01-05	0	2.5	29	14
2011-01-06	0	2.93	28	16
2011-01-07	0	3.69	28	18
2011-01-08	0	1.58	25	15
2011-01-09	0	3.38	28	16
2011-01-10	0.5	2.71	27	18
2011-01-11	38	4.98	23	19
2011-01-12	9.5	2.1	20	10
2011-01-13	4.5	0.5	13	10
2011-01-14	0	0.98	18	11
2011-01-15	0	2.1	22	12
2011-01-16	0	0.95	24	12
2011-01-17	0	3.61	27	15
2011-01-18	0	1.51	28	14
2011-01-19	0	2.81	26	14
2011-01-20	4.5	2.86	29	14
2011-01-21	1	1.69	17	13
2011-01-22	0	1.27	20	13
2011-01-23	0	1	25	12
2011-01-24	0	3.05	25	13
2011-01-25	0.5	1.37	19	18
2011-01-26	0.5	0.73	19	15
2011-01-27	7	0.3	17	15
2011-01-28	0	0.23	20	15
2011-01-29	0	1.22	25	15
2011-01-30	0	3.3	28	16
2011-01-31	0	2.88	27	17
2011-02-01	6.5	1.32	29	16
2011-02-02	8.5	0.68	18	14
2011-02-03	21.5	1.66	14	5
2011-02-04	15	1.25	5	3
2011-02-05	0	0.69	5	2
2011-02-06	0	2.66	24	4
2011-02-07	0	2.48	20	9
2011-02-08	0	3.03	23	8
2011-02-09	1	4.22	28	9
2011-02-10	1	0.35	13	8
2011-02-11	4	0.5	14.1	5
2011-02-12	6	0.75	14	8
2011-02-13	0	0.21	19	10
2011-02-14	0	1.39	25	11
2011-02-15	0	2.96	28	12
2011-02-16	0	4.45	28	16
2011-02-17	0	2.26	28	16
2011-02-18	0	2.03	27	18
2011-02-19	0	2.32	27	19
2011-02-20	0	2.7	27	17
2011-02-21	0	4.5	30	17
2011-02-22	0.5	1.11	30	18
2011-02-23	0	4.67	30	21
2011-02-24	0	3.76	31	20
2011-02-25	0	3.91	29	21
2011-02-26	0	2.68	29	21
2011-02-27	0	2.6	32	21
2011-02-28	0	5.09	30	21
2011-03-01	0	2.63	29	14
2011-03-02	0	4.02	28	12
2011-03-03	0	3.76	30	16
2011-03-04	40	4.5	30	17
2011-03-05	0	3.19	25	16
2011-03-06	0	4.59	29	14
2011-03-07	0	4.97	34	16
2011-03-08	0	6.61	34	19
2011-03-09	0	4.12	25	18
2011-03-10	0	3.94	27	13
2011-03-11	0	2.97	29	13
2011-03-12	0	4.78	29	14
2011-03-13	0.5	3.43	30	15
2011-03-14	0	5.2	29	2
2011-03-15	0	2.53	29	21
2011-03-16	0	3.77	30	18
2011-03-17	0	3.92	29	19
2011-03-18	0	2.13	30	20
2011-03-19	0	3.13	29	19
2011-03-20	0	6.36	30	21
2011-03-21	0	3.9	30	17
2011-03-22	0	4.88	32	18
2011-03-23	0	4.92	31	21
2011-03-24	0	5.07	33	20
2011-03-25	0	4.86	36	22
2011-03-26	0	6.8	37	22
2011-03-27	0	9.41	32	23
2011-03-28	0	0.93	33	23
2011-03-29	1	0.7	32	23
2011-03-30	0	3.02	31	22
2011-03-31	0	4.19	32	22
2011-04-01	0	4.16	32	23
2011-04-02	0	6.35	34	24
2011-04-03	0	8.7	40	23
2011-04-04	0	5.55	29	22
2011-04-05	0	5.39	33	16
2011-04-06	0	6.5	36	18
2011-04-07	0.5	5.96	36	20
2011-04-08	0	5.74	35	24
2011-04-09	0	6.31	36	21
2011-04-10	0	7.26	33	23
2011-04-11	0	7.77	33	23
2011-04-12	0	7.89	35	16
2011-04-13	0	6.47	37	17
2011-04-14	1.5	5.99	35	23
2011-04-15	32	0.2	25	23
2011-04-16	0	4.86	30	21
2011-04-17	0	6.32	38	21
2011-04-18	0	6.67	38	23
2011-04-19	0	5.27	36	24
2011-04-20	0	6.61	35	25
2011-04-21	0	5.15	34	25
2011-04-22	0	4.58	33	25
2011-04-23	0	4.91	34	26
2011-04-24	0	5.63	38	23
2011-04-25	0	10.84	41	24
2011-04-26	0	10.41	46	24
2011-04-27	0	9.31	35	22
2011-04-28	0	5.71	34	23
2011-04-29	0	8.1	37	22
2011-04-30	0	6.22	37	22
2011-05-01	6.5	5.57	34	15
2011-05-02	0	0.55	25	18
2011-05-03	0	4.19	28	15
2011-05-04	0	7.54	32	17
2011-05-05	0	6.25	33	19
2011-05-06	0	6.23	35	21
2011-05-07	0	7.23	36	22
2011-05-08	0	7.04	37	23
2011-05-09	0	7.12	38	24
2011-05-10	0	5	37	25
2011-05-11	0.5	4.9	37	27
2011-05-12	2	3.06	35	27
2011-05-13	2	2.8	30	26
2011-05-14	2	2.65	31	25
2011-05-15	6.5	1.35	27	24
2011-05-16	0	2.61	30	22
2011-05-17	0	3.43	35	23
2011-05-18	0	8.91	40	25
2011-05-19	0	10.44	42	27
2011-05-20	0	7.05	38	28
2011-05-21	0	2.63	35	27
2011-05-22	0	9.08	37	27
2011-05-23	0	7.76	37	26
2011-05-24	0	6.92	38	27
2011-05-25	0	5.54	36	27
2011-05-26	0	5.66	27	26
2011-05-27	0	6.67	38	25
2011-05-28	0.5	7.38	37	25
2011-05-29	0	7.82	37	26
2011-05-30	0	6.6	37	26
2011-05-31	3.5	6.17	34	25
2011-06-01	0	7.15	33	21
2011-06-02	0	6.83	35	21
2011-06-03	0	6.94	35	23
2011-06-04	5	1.46	31	24
2011-06-05	0	6.55	35	21
2011-06-06	0	6.6	35	22
2011-06-07	0	8.38	36	24
2011-06-08	0	5.93	35	26
2011-06-09	0	6.79	36	25
2011-06-10	0	2.05	36	26
2011-06-11	0	8.13	36	25
2011-06-12	0	7.1	36	24
2011-06-13	0	8.39	37	25
2011-06-14	0	3.5	38	26
2011-06-15	0	6.93	38	26
2011-06-16	0	8.72	38	26
2011-06-17	0	6.32	36	25
2011-06-18	0	8.78	37	25
2011-06-19	0	8.53	35	26
2011-06-20	9	4.58	40	27
2011-06-21	7.5	3.62	34	24
2011-06-22	1.5	3.38	33	24
2011-06-23	3	4.43	35	24
2011-06-24	5.5	3.27	32	25
2011-06-25	4	1.83	30	24
2011-06-26	19	4.78	33	22
2011-06-27	66	1.5	30	22
2011-06-28	122.5	1.98	33	23
2011-06-29	197	3.96	24	23
2011-06-30	93	4.18	28	22
2011-07-01	89	3	NULO	NULO
2011-07-02	29	3.33	26	22
2011-07-03	0	3.68	30	20
2011-07-04	0	4.08	31	20
2011-07-05	0	4.2	31	22
2011-07-06	0	5.55	33	22
2011-07-07	0	5.26	33	23
2011-07-08	0	3.47	32	25
2011-07-09	0	2.9	32	25
2011-07-10	0	4.05	33	24
2011-07-11	6	1.57	32	23
2011-07-12	97.5	4.3	30	23
2011-07-13	10.5	2.94	31	23
2011-07-14	8	1.45	30	23
2011-07-15	35	1.2	30	22
2011-07-16	58	1.54	27	22
2011-07-17	6	1.54	29	22
2011-07-18	0	4.74	32	23
2011-07-19	0	5.88	33	23
2011-07-20	37.5	4.04	33	25
2011-07-21	0	4.3	33	23
2011-07-22	0	4.35	33	24
2011-07-23	13.5	4.54	33	24
2011-07-24	0	5.73	32	23
2011-07-25	0	5.98	33	23
2011-07-26	0	4.4	33	24
2011-07-27	0	5.13	35	25
2011-07-28	0	3.66	32	24
2011-07-29	1	0.61	30	24
2011-07-30	8	0.53	27	24
2011-07-31	30	1.26	29	23
2011-08-01	0	5.11	31	23
2011-08-02	4.5	2.34	32	22
2011-08-03	0	4.06	32	23
2011-08-04	0	4.3	33	24
2011-08-05	0	8.34	34	25
2011-08-06	0	2.76	33	25
2011-08-07	0	3.38	33	25
2011-08-08	0	6.72	31	26
2011-08-09	0	4.06	35	28
2011-08-10	0	3	35	23
2011-08-11	1.5	6.09	35	25
2011-08-12	0	2.32	34	26
2011-08-13	2.5	7.52	33	24
2011-08-14	0	5.2	33	22
2011-08-15	0	5.21	33	22
2011-08-16	0	5.82	33	22
2011-08-17	0	4.8	34	23
2011-08-18	0	0.1	34	23
2011-08-19	0	1.62	34	23
2011-08-20	5	7.19	33	23
2011-08-21	8	4.94	29	24
2011-08-22	0	5.9	31	23
2011-08-23	0	2.93	33	23
2011-08-24	0	5.02	34	24
2011-08-25	0	5.87	33	24
2011-08-26	0	3.75	34	25
2011-08-27	0	3.95	35	24
2011-08-28	0	2.75	34	25
2011-08-29	0	1.13	32	24
2011-08-30	0.5	4.34	33	23
2011-08-31	2.5	3.17	31	24
2011-09-01	0	5.01	34	23
2011-09-02	0	3.97	35	24
2011-09-03	0	2.58	33	25
2011-09-04	34	9.65	34	25
2011-09-05	23.5	4.9	29	23
2011-09-06	0	5.55	30	19
2011-09-07	0	5.02	31	19
2011-09-08	0	4.73	33	18
2011-09-09	1.5	2.95	32	19
2011-09-10	6	1.38	24	20
2011-09-11	0	3.3	30	21
2011-09-12	0	5.03	33	22
2011-09-13	0	4.72	33	22
2011-09-14	0	3.07	32	22
2011-09-15	0.5	3.94	31	23
2011-09-16	0.5	3.11	33	22
2011-09-17	0	4.69	32	24
2011-09-18	0	3.6	32	22
2011-09-19	0	4.68	33	22
2011-09-20	0	4.85	33	22
2011-09-21	0	3.23	35	22
2011-09-22	0	5.11	33	23
2011-09-23	0	5.06	33	25
2011-09-24	0	4.03	34	23
2011-09-25	0	6.35	34	22
2011-09-26	0	4.56	34	22
2011-09-27	0	3.97	34	23
2011-09-28	0	6.13	34	23
2011-09-29	36.5	6.11	29	23
2011-09-30	6	1.05	28	21
2011-10-01	10	2.11	28	21
2011-10-02	0	4.27	29	20
2011-10-03	0	2.44	27	20
2011-10-04	0	3.25	30	22
2011-10-05	0	5.5	32	21
2011-10-06	0	2.73	35	22
2011-10-07	0	2.69	32	23
2011-10-08	0	3.66	33	24
2011-10-09	12.5	1.73	28	24
2011-10-10	0	1.28	28	20
2011-10-11	0	4.27	31	21
2011-10-12	26	3.12	30	23
2011-10-13	0	2.93	30	24
2011-10-14	0	4.94	30	21
2011-10-15	0	2.62	29	18
2011-10-16	0	2.45	31	19
2011-10-17	0	5.67	33	19
2011-10-18	0	4.25	27	19
2011-10-19	0	4.47	29	14
2011-10-20	0	2.64	30	13
2011-10-21	0	4.46	29	15
2011-10-22	0	2.88	30	17
2011-10-23	0	3.13	30	16
2011-10-24	0	3.65	29	16
2011-10-25	0	2.7	29	16
2011-10-26	0	6.51	30	16
2011-10-27	0	2.46	25	16
2011-10-28	0	3.09	23	18
2011-10-29	0	2.07	27	13
2011-10-30	0	2.15	28	15
2011-10-31	0	1.19	27	17
2011-11-01	0	3.18	30	18
2011-11-02	10	2.12	24	19
2011-11-03	0	2.92	23	10
2011-11-04	0	3.05	27	15
2011-11-05	0	3.69	30	16
2011-11-06	0	1.49	29	19
2011-11-07	0	1.14	30	23
2011-11-08	18.5	1.83	25	21
2011-11-09	0	1.37	24	23
2011-11-10	0	2.36	23	13
2011-11-11	0	2.59	26	13
2011-11-12	0	3.79	29	13
2011-11-13	0	2.05	28	15
2011-11-14	0	3.58	30	18
2011-11-15	0	4.15	24	19
2011-11-16	109	0.4	25	20
2011-11-17	0	1.93	24	21
2011-11-18	0	2.88	28	20
2011-11-19	0	1.13	30	20
2011-11-20	0	2.79	24	21
2011-11-21	0	2.17	25	20
2011-11-22	3	2	27	19
2011-11-23	0	2.26	27	17
2011-11-24	0	6.24	24	17
2011-11-25	55.5	4.09	24	13
2011-11-26	0	2.14	23	6
2011-11-27	0	1.33	14	8
2011-11-28	0	2.08	20	8
2011-11-29	0	3.3	24	10
2011-11-30	0	2.16	23	10
2011-12-01	0	1.56	25	13
2011-12-02	0	2.62	25	14
2011-12-03	0	0.63	26	15
2011-12-04	9.5	0.13	25	15
2011-12-05	13.5	0.81	17	15
2011-12-06	0	3.61	22	10
2011-12-07	0	0.86	20	12
2011-12-08	0	0.56	19	12
2011-12-09	5.5	0.6	23	15
2011-12-10	0	2.8	27	15
2011-12-11	0	0.25	26	17
2011-12-12	0	1.88	26	17
2011-12-13	0	4.07	25	19
2011-12-14	0	0.75	25	16
2011-12-15	23.5	0.41	21	14
2011-12-16	8.5	1.51	21	15
2011-12-17	0	0.95	24	15
2011-12-18	0	0.92	26	15
2011-12-19	0.5	2.79	23	16
2011-12-20	0	0.84	24	17
2011-12-21	3	0.97	20	17
2011-12-22	0	0.64	20	11
2011-12-23	9	1.32	19	12
2011-12-24	0	1.89	18	12
2011-12-25	0	2.2	22	11
2011-12-26	0	2.02	23	12
2011-12-27	0	1.97	25	12
2011-12-28	0	1.85	26	13
2011-12-29	0	4.15	26	14
2011-12-30	0	2	24	14
2011-12-31	0	1.9	25	18
2012-01-01	0	0.12	15	14
2012-01-02	0	0.21	18	12
2012-01-03	0	0.18	22	11
2012-01-04	2	0.5	20	15
2012-01-05	0	0.15	23	13
2012-01-06	0	0.5	25	14
2012-01-07	0	0.11	25	15
2012-01-08	0	0.22	27	15
2012-01-09	0	0.21	19	16
2012-01-10	0	0.31	24	14
2012-01-11	0.5	0.3	21	14
2012-01-12	5.8	0.17	26	12
2012-01-13	0	0.16	21	12
2012-01-14	0	0.11	25	16
2012-01-15	0	0.23	27	18
2012-01-16	0	0.1	25	18
2012-01-17	0	0.17	26	19
2012-01-18	0	0.21	26	19
2012-01-19	0	0.21	27	18
2012-01-20	0	0.21	28	20
2012-01-21	0	0.1	25	19
2012-01-22	0	0.25	26	17
2012-01-23	0	0.21	27	17
2012-01-24	0	0.3	23	19
2012-01-25	0	0.2	24	16
2012-01-26	0	0.1	23	14
2012-01-27	27.5	0.5	23	15
2012-01-28	22.5	0.2	23	16
2012-01-29	0	0.11	20	16
2012-01-30	0	0.22	24	16
2012-01-31	0	0.1	24	17
2012-02-01	0	0.23	26	18
2012-02-02	0	0.18	27	19
2012-02-03	5	0.34	27	20
2012-02-04	14.5	0.14	27	20
2012-02-05	0	0.2	17	11
2012-02-06	1.5	0.14	20	13
2012-02-07	0	0.86	17	14
2012-02-08	1	NULO	17	13
2012-02-09	4.5	0.7	24	14
2012-02-10	29	0.85	NULO	NULO
2012-02-11	3.5	0.35	16	13
2012-02-12	0	0.12	20	13
2012-02-13	0	0.1	25	14
2012-02-14	0	0.1	27	17
2012-02-15	0	0.5	26	19
2012-02-16	0	0.13	28	20
2012-02-17	0	0.27	27	20
2012-02-18	3	0.26	24	18
2012-02-19	0	0.31	25	14
2012-02-20	0	0.5	26	16
2012-02-21	0	0.37	29	18
2012-02-22	0	0.25	30	18
2012-02-23	2.5	0.17	30	20
2012-02-24	0	0.2	21	14
2012-02-25	0	0.43	17	13
2012-02-26	0	0.47	27	14
2012-02-27	0	0.19	26	19
2012-02-28	0	0.22	27	18
2012-02-29	0	0.21	27	20
2012-03-01	0	0.64	32	19
2012-03-02	0	0.52	32	20
2012-03-03	0	0.6	25	18
2012-03-04	8	0.28	25	14
2012-03-05	0	0.24	27	14
2012-03-06	0	0.26	27	15
2012-03-07	1.5	0.11	26	21
2012-03-08	18	0.5	24	21
2012-03-09	4	0.39	23	13
2012-03-10	0.5	0.1	25	16
2012-03-11	0	0.24	26	16
2012-03-12	0	0.22	28	17
2012-03-13	0	0.34	28	18
2012-03-14	0	0.33	28	20
2012-03-15	0	0.32	29	19
2012-03-16	0	0.23	29	20
2012-03-17	0	0.16	27	22
2012-03-18	0	0.45	26	22
2012-03-19	0	0.41	30	22
2012-03-20	0	0.23	25	19
2012-03-21	0	0.42	28	19
2012-03-22	0	0.41	30	17
2012-03-23	0	0.3	31	20
2012-03-24	0	0.48	30	23
2012-03-25	0	0.96	30	22
2012-03-26	0	0.5	30	20
2012-03-27	0	0.4	31	18
2012-03-28	2.5	0.32	32	22
2012-03-29	2	0.34	32	23
2012-03-30	2.5	0.21	32	23
2012-03-31	12.5	0.48	32	20
2012-04-01	0	0.76	35	21
2012-04-02	0	0.46	35	18
2012-04-03	0	0.5	34	19
2012-04-04	0	0.44	31	21
2012-04-05	13.5	0.46	32	23
2012-04-06	0	0.38	32	22
2012-04-07	43	0.37	25	23
2012-04-08	5	0.4	27	20
2012-04-09	0	0.41	30	21
2012-04-10	0	0.54	31	13
2012-04-11	0	0.39	30	23
2012-04-12	0	0.28	32	21
2012-04-13	0	0.52	33	23
2012-04-14	0	0.71	35	24
2012-04-15	10.3	0.53	33	24
2012-04-16	0.5	0.26	28	21
2012-04-17	11.5	0.47	29	20
2012-04-18	0	0.8	28	22
2012-04-19	7	0.57	33	21
2012-04-20	0	0.54	30	21
2012-04-21	0	0.51	31	18
2012-04-22	0	0.47	31	17
2012-04-23	0	0.55	32	16
2012-04-24	0	0.94	33	18
2012-04-25	0	0.57	33	20
2012-04-26	0	0.53	33	19
2012-04-27	0	0.45	32	20
2012-04-28	0	0.47	32	21
2012-04-29	0	0.24	32	24
2012-04-30	0	0.46	33	24
2012-05-01	0	0.29	33	25
2012-05-02	0	0.51	33	24
2012-05-03	0	0.53	35	25
2012-05-04	0	0.56	36	26
2012-05-05	0	0.47	37	25
2012-05-06	0	0.57	35	25
2012-05-07	3	0.44	35	26
2012-05-08	0.5	0.5	31	23
2012-05-09	0	0.21	32	23
2012-05-10	0.5	0.4	33	24
2012-05-11	47	1	33	25
2012-05-12	4	0.19	27	22
2012-05-13	0	0.35	30	20
2012-05-14	10	0.97	30	21
2012-05-15	0	0.31	28	22
2012-05-16	0	0.31	30	21
2012-05-17	0	0.54	32	21
2012-05-18	0	0.63	31	22
2012-05-19	0	0.62	32	22
2012-05-20	0	0.1	27	22
2012-05-21	0	0.75	31	19
2012-05-22	0	0.47	33	19
2012-05-23	0	0.6	37	21
2012-05-24	0	0.45	35	22
2012-05-25	0	0.6	34	26
2012-05-26	0	0.57	34	24
2012-05-27	0	0.77	34	26
2012-05-28	0	0.54	37	24
2012-05-29	0	0.68	36	23
2012-05-30	0.5	0.59	36	25
2012-05-31	0	0.61	26	25
2012-06-01	0	0.38	33	25
2012-06-02	45	0.3	34	25
2012-06-03	0	0.35	34	22
2012-06-04	69	0.46	34	22
2012-06-05	0	0.35	32	21
2012-06-06	0	0.65	33	21
2012-06-07	0	0.6	35	24
2012-06-08	0	0.54	35	25
2012-06-09	0	0.58	37	25
2012-06-10	0	0.57	35	26
2012-06-11	0	0.62	35	26
2012-06-12	0	0.47	34	22
2012-06-13	0	0.6	35	24
2012-06-14	0.5	0.67	34	25
2012-06-15	35	0.6	31	24
2012-06-16	1.5	0.79	29	22
2012-06-17	0	0.73	34	22
2012-06-18	25	0.44	30	22
2012-06-19	0	0.9	27	21
2012-06-20	0	1.23	29	22
2012-06-21	6	0.9	27	23
2012-06-22	0	0.44	32	21
2012-06-23	0	0.44	34	22
2012-06-24	0	0.55	34	24
2012-06-25	0	0.69	34	24
2012-06-26	0	0.39	33	23
2012-06-27	0	0.49	33	24
2012-06-28	0	0.44	34	24
2012-06-29	0	0.4	33	25
2012-06-30	7.5	0.57	29	23
2012-07-01	2.5	0.35	31	23
2012-07-02	0	0.27	31	22
2012-07-03	0	0.54	33	22
2012-07-04	0.5	0.53	33	22
2012-07-05	6	0.34	31	23
2012-07-06	0.5	0.25	32	21
2012-07-07	0	0.66	35	22
2012-07-08	0	0.38	32	23
2012-07-09	11	0.62	32	23
2012-07-10	0	0.46	33	23
2012-07-11	37.5	0.82	32	24
2012-07-12	32	0.42	28	23
2012-07-13	4.5	0.19	30	23
2012-07-14	10	0.21	27	23
2012-07-15	0	0.9	29	23
2012-07-16	1.5	0.76	31	23
2012-07-17	15.5	0.1	29	24
2012-07-18	20	0.38	28	23
2012-07-19	16.5	1.3	29	23
2012-07-20	0	0.33	30	21
2012-07-21	0	0.39	33	21
2012-07-22	0	0.37	30	23
2012-07-23	18.5	0.65	31	24
2012-07-24	0	0.47	32	23
2012-07-25	0	0.38	33	23
2012-07-26	3.5	0.55	32	25
2012-07-27	33.5	0.54	29	25
2012-07-28	0	0.44	31	22
2012-07-29	0	0.48	32	22
2012-07-30	0	0.48	32	23
2012-07-31	0	0.52	33	23
2012-08-01	0	0.42	33	23
2012-08-02	0	0.44	33	25
2012-08-03	0	0.34	33	23
2012-08-04	2	0.47	34	24
2012-08-05	0	0.27	31	23
2012-08-06	0	0.56	33	23
2012-08-07	0	0.59	34	23
2012-08-08	27	0.21	26	23
2012-08-09	5.6	0.22	27	23
2012-08-10	1.4	0.2	27	23
2012-08-11	0.7	0.2	30	23
2012-08-12	4.4	0.12	29	23
2012-08-13	0	0.2	29	23
2012-08-14	0	0.48	32	23
2012-08-15	0	0.3	33	23
2012-08-16	1.2	0.15	29	23
2012-08-17	0.2	0.18	29	24
2012-08-18	0.9	0.3	29	24
2012-08-19	4.1	0.2	30	24
2012-08-20	0	0.32	30	23
2012-08-21	0.2	0.37	30	23
2012-08-22	0	0.24	30	23
2012-08-23	0	0.41	30	23
2012-08-24	0	0.52	32	23
2012-08-25	5.5	0.32	32	24
2012-08-26	0	0.25	30	22
2012-08-27	0	0.43	33	23
2012-08-28	0	0.49	35	22
2012-08-29	0	0.63	35	21
2012-08-30	0	0.4	35	24
2012-08-31	0.5	0.15	35	24
2012-09-01	0	0.29	32	23
2012-09-02	0	0.41	33	23
2012-09-03	0	0.33	33	24
2012-09-04	0	0.52	36	24
2012-09-05	0	0.32	33	24
2012-09-06	0	0.26	33	25
2012-09-07	0	0.37	33	25
2012-09-08	17	0.36	30	23
2012-09-09	0	0.26	30	22
2012-09-10	3	0.22	30	22
2012-09-11	0.5	0.11	28	23
2012-09-12	17.5	0.7	27	23
2012-09-13	16	0.25	26	22
2012-09-14	0	0.27	28	22
2012-09-15	0	0.38	29	21
2012-09-16	0	0.28	31	22
2012-09-17	0	0.23	34	23
2012-09-18	0	0.8	30	23
2012-09-19	2	0.88	31	20
2012-09-20	0	0.86	30	20
2012-09-21	0	0.15	35	20
2012-09-22	26	0.25	26	20
2012-09-23	2.5	0.12	26	22
2012-09-24	0	0.22	29	22
2012-09-25	3	0.4	30	22
2012-09-26	2.5	0.24	30	22
2012-09-27	0	0.18	30	23
2012-09-28	0	0.23	31	23
2012-09-29	85.9	1.2	26	25
2012-09-30	0	0.19	27	21
2012-10-01	0	3.17	30	21
2012-10-02	0	3.35	31	18
2012-10-03	0	2.97	30	17
2012-10-04	0	2.74	29	18
2012-10-05	0	1.41	30	18
2012-10-06	8	2.12	30	19
2012-10-07	3.5	0.8	26	22
2012-10-08	0	3.46	29	22
2012-10-09	21.5	3.92	30	21
2012-10-10	2	2.47	28	22
2012-10-11	0	0.2	30	22
2012-10-12	0	3.79	30	23
2012-10-13	0	2.44	30	22
2012-10-14	0	2.38	29	22
2012-10-15	0	1.34	29	20
2012-10-16	0	2.17	31	20
2012-10-17	0	3.33	33	21
2012-10-18	4	0.62	30	18
2012-10-19	0	3.6	30	18
2012-10-20	0	1.5	30	18
2012-10-21	0	3.72	30	22
2012-10-22	0	1.24	30	22
2012-10-23	0	3.72	30	23
2012-10-24	0	2.94	31	20
2012-10-25	2.5	2.5	30	20
2012-10-26	3.5	0.2	NULO	NULO
2012-10-27	0.5	0.7	20	16
2012-10-28	6.5	2.67	21	17
2012-10-29	0	2.58	25	18
2012-10-30	0	1.87	29	18
2012-10-31	0	3.26	28	20
2012-11-01	0	1.7	27	20
2012-11-02	0	0.59	27	20
2012-11-03	8.5	1.04	25	20
2012-11-04	0	2.27	23	19
2012-11-05	0	1.77	29	18
2012-11-06	0	2.93	28	18
2012-11-07	0	0.35	28	18
2012-11-08	0	4.25	28	18
2012-11-09	0	3.38	29	18
2012-11-10	9.5	1.37	25	19
2012-11-11	23	0.87	22	15
2012-11-12	21	3.67	20	15
2012-11-13	0	0.82	23	16
2012-11-14	2	0.4	23	18
2012-11-15	21	4.9	23	17
2012-11-16	22.5	4.78	20	18
2012-11-17	0.5	0.25	22	18
2012-11-18	0	2.49	25	18
2012-11-19	0	1.35	26	17
2012-11-20	0	0.75	24	17
2012-11-21	0	0.39	25	18
2012-11-22	0	2.81	26	20
2012-11-23	2	0.69	21	18
2012-11-24	0	1.32	24	16
2012-11-25	0	1.76	26	16
2012-11-26	23	0.95	19	17
2012-11-27	0	0.94	21	17
2012-11-28	0	1.12	23	18
2012-11-29	0	1.41	26	18
2012-11-30	0	4.34	26	19
2012-12-01	0	2.02	27	18
2012-12-02	0	0.14	27	18
2012-12-03	0	1.43	27	19
2012-12-04	0	1.19	27	19
2012-12-05	0	1.87	27	17
2012-12-06	0	0.58	27	18
2012-12-07	0	2.8	28	19
2012-12-08	0	1.72	28	19
2012-12-09	4	4	29	19
2012-12-10	2	1.81	25	19
2012-12-11	5.5	6.14	19	13
2012-12-12	0	5.95	19	13
2012-12-13	0	0.8	25	13
2012-12-14	0	1.8	27	17
2012-12-15	0	0.23	28	18
2012-12-16	0	1.39	25	20
2012-12-17	0	0.68	27	18
2012-12-18	0	0.98	28	18
2012-12-19	0	0.83	20	17
2012-12-20	0	2.55	19	9
2012-12-21	0	0.68	20	9
2012-12-22	0	2.36	25	12
2012-12-23	0	1.21	26	13
2012-12-24	0	1.92	29	15
2012-12-25	0	1.13	17	16
2012-12-26	0	0.24	23	14
2012-12-27	2	1.25	29	14
2012-12-28	0	0.67	17	15
2012-12-29	0	1.66	17	13
2012-12-30	0	1.08	24	12
2012-12-31	26	1.24	27	14
2013-01-01	4.5	2.08	17	15
2013-01-02	4	0.14	15	12
2013-01-03	0.5	0.15	14	12
2013-01-04	3.5	0.65	15	12
2013-01-05	0.5	1.52	14	12
2013-01-06	0	0.65	19	12
2013-01-07	0.5	0.9	23	13
2013-01-08	2.5	1	26	14
2013-01-09	0.5	1.49	23	17
2013-01-10	0	2.14	27	18
2013-01-11	0	1.53	28	19
2013-01-12	0	1.83	24	18
2013-01-13	0	0.21	19	16
2013-01-14	9	1.49	22	14
2013-01-15	0	0.93	14	9
2013-01-16	0	1.52	17	9
2013-01-17	0	1.94	20	8
2013-01-18	0	0.54	22	9
2013-01-19	0	0.99	23	10
2013-01-20	0	0.88	22	12
2013-01-21	2	1.54	24	16
2013-01-22	4	0.71	23	16
2013-01-23	0	1.72	21	16
2013-01-24	0	2.27	26	15
2013-01-25	0	2.49	25	15
2013-01-26	0	1.88	26	15
2013-01-27	0	1.74	28	17
2013-01-28	0	2.08	30	18
2013-01-29	0	3.06	24	16
2013-01-30	0	1	19	16
2013-01-31	0	2.35	21	16
2013-02-01	0	0.44	25	14
2013-02-02	2	0.61	21	15
2013-02-03	0	0.8	27	15
2013-02-04	0	1.98	29	16
2013-02-05	0	2.99	30	18
2013-02-06	0	0.95	25	19
2013-02-07	0	2.66	27	19
2013-02-08	0	1.54	29	20
2013-02-09	0	3.79	31	20
2013-02-10	0	1.99	31	19
2013-02-11	0.5	3.05	35	19
2013-02-12	1.5	2.62	23	20
2013-02-13	0	1.13	22	17
2013-02-14	40	6.84	21	16
2013-02-15	11	4.59	NULO	NULO
2013-02-16	0	0.84	20	14
2013-02-17	0	0.67	27	14
2013-02-18	0	2.83	27	17
2013-02-19	0	2.15	27	18
2013-02-20	0	3.15	32	17
2013-02-21	1	3.49	30	18
2013-02-22	2	0.12	27	21
2013-02-23	0	2.82	27	20
2013-02-24	0	2.64	30	18
2013-02-25	0	1.64	23	20
2013-02-26	0	3.77	28	16
2013-02-27	3.5	0.87	23	17
2013-02-28	0	1.73	17	13
2013-03-01	0	2.98	25	11
2013-03-02	0	3.1	25	9
2013-03-03	0	3.16	29	11
2013-03-04	0	5.29	31	12
2013-03-05	0	2.64	24	15
2013-03-06	0	1.49	27	14
2013-03-07	0	2.72	28	15
2013-03-08	0	1.9	29	21
2013-03-09	0	3.54	30	20
2013-03-10	0	2.98	22	18
2013-03-11	0	4.98	25	15
2013-03-12	0	3.78	25	14
2013-03-13	0	2.73	25	15
2013-03-14	0	1.1	22	16
2013-03-15	0	0.81	24	15
2013-03-16	0	5.44	35	15
2013-03-17	0	5.95	28	17
2013-03-18	0	4.48	35	19
2013-03-19	0	8.93	27	19
2013-03-20	0	3.05	30	21
2013-03-21	0	6.19	40	20
2013-03-22	0	8.23	42	21
2013-03-23	1	5.31	35	21
2013-03-24	16	3.61	23	18
2013-03-25	48.5	4.39	22	16
2013-03-26	0	0.32	22	15
2013-03-27	0	2.82	24	15
2013-03-28	0	1.65	27	19
2013-03-29	0	3.55	29	21
2013-03-30	0	4.91	31	21
2013-03-31	0	4.01	28	22
2013-04-01	0	0.66	29	22
2013-04-02	2.5	4.84	30	23
2013-04-03	1	0.2	23	20
2013-04-04	0	1.98	27	18
2013-04-05	0	3.21	28	18
2013-04-06	0	2.6	30	19
2013-04-07	0	3.74	35	21
2013-04-08	0	7.12	37	23
2013-04-09	0	5.29	37	22
2013-04-10	0	1.89	28	22
2013-04-11	0	1.68	25	20
2013-04-12	0	4.39	31	20
2013-04-13	0	5.91	35	22
2013-04-14	0	3.44	35	22
2013-04-15	0	4.51	34	23
2013-04-16	0	5.37	36	23
2013-04-17	11	8.76	40	24
2013-04-18	0	4.16	26	20
2013-04-19	0	4.02	25	14
2013-04-20	0	4.01	30	15
2013-04-21	0	4.73	30	16
2013-04-22	0	3.43	31	21
2013-04-23	4.5	3.65	30	21
2013-04-24	0	1.6	25	17
2013-04-25	0	1.97	29	16
2013-04-26	0	3.49	32	19
2013-04-27	0	3.51	30	21
2013-04-28	2.5	0.75	29	23
2013-04-29	0	1.33	31	23
2013-04-30	0	1.55	35	23
2013-05-01	17	2.8	32	22
2013-05-02	4	1.84	29	18
2013-05-03	0	4.3	26	12
2013-05-04	0	3.58	29	16
2013-05-05	0	4.72	30	16
2013-05-06	0.5	4.21	30	22
2013-05-07	0	2.28	32	22
2013-05-08	0	5.23	35	23
2013-05-09	0	6.41	37	24
2013-05-10	57	8.03	31	24
2013-05-11	36	8.78	25	22
2013-05-12	18.5	4.26	22	19
2013-05-13	0.5	1.48	24	19
2013-05-14	0	1.32	30	17
2013-05-15	0	4.82	33	21
2013-05-16	0	3.29	35	24
2013-05-17	0	4.26	33	25
2013-05-18	0	2.88	33	25
2013-05-19	0	3.78	35	26
2013-05-20	0	4.3	33	26
2013-05-21	1.5	1.54	30	25
2013-05-22	0	2.92	33	25
2013-05-23	5	4.87	33	25
2013-05-24	0	5.43	32	23
2013-05-25	2	2.9	32	23
2013-05-26	9.5	2.32	30	18
2013-05-27	0	3.98	32	18
2013-05-28	0	3.1	32	23
2013-05-29	0	4.95	34	25
2013-05-30	0	4.87	34	26
2013-05-31	0	3.63	35	25
2013-06-01	0	4.9	34	25
2013-06-02	0	2.63	33	26
2013-06-03	0	5.93	34	23
2013-06-04	0	6.58	35	26
2013-06-05	0	7.22	35	26
2013-06-06	0	4.73	35	26
2013-06-07	0	7.13	35	24
2013-06-08	0	4.06	35	25
2013-06-09	10	4.75	35	26
2013-06-10	0	4.1	33	24
2013-06-11	0	3.2	32	24
2013-06-12	0	3.5	33	25
2013-06-13	0	3.4	34	25
2013-06-14	0	3.49	35	25
2013-06-15	0	5.86	35	26
2013-06-16	0	5.72	35	25
2013-06-17	0	4.66	35	25
2013-06-18	45	2.32	33	25
2013-06-19	87	1.03	26	24
2013-06-20	9.5	0.42	25	23
2013-06-21	8.5	1.96	28	18
2013-06-22	0	2.46	30	22
2013-06-23	16.5	5.75	31	23
2013-06-24	0	3.33	32	23
2013-06-25	0	3.91	32	23
2013-06-26	0	5.16	33	24
2013-06-27	0	5.02	33	24
2013-06-28	0	6.02	33	23
2013-06-29	0	5.36	35	21
2013-06-30	0	6.72	34	22
2013-07-01	0	3.48	33	24
2013-07-02	24	6.69	30	25
2013-07-03	9	4.71	31	22
2013-07-04	0	2.28	31	23
2013-07-05	0.5	1.29	32	23
2013-07-06	166	0.6	29	22
2013-07-07	34	5.53	27	22
2013-07-08	0	3.27	30	22
2013-07-09	0	4.75	32	23
2013-07-10	5.5	5.03	32	22
2013-07-11	0	3.59	32	21
2013-07-12	0	4.78	32	22
2013-07-13	0	5.48	33	22
2013-07-14	0	4.86	33	23
2013-07-15	5.5	4.43	32	23
2013-07-16	0	1.18	31	23
2013-07-17	0	3.98	32	23
2013-07-18	0	4.84	32	23
2013-07-19	4	5.84	33	22
2013-07-20	0	3.49	33	25
2013-07-21	0	4.42	33	25
2013-07-22	0	1.28	32	24
2013-07-23	0	4.81	32	23
2013-07-24	0	9.08	33	23
2013-07-25	0	3.55	35	23
2013-07-26	0	5.49	35	25
2013-07-27	0	5.02	35	26
2013-07-28	0	5.09	33	26
2013-07-29	0	4.33	35	24
2013-07-30	0	5.56	35	24
2013-07-31	0	1.15	35	23
2013-08-01	0	6.25	34	23
2013-08-02	0	3.61	35	25
2013-08-03	3	3.84	33	23
2013-08-04	0	3.33	33	22
2013-08-05	0	5.4	35	23
2013-08-06	0	3.28	35	21
2013-08-07	0	3.9	35	25
2013-08-08	0	5.26	35	27
2013-08-09	2.5	3.37	32	27
2013-08-10	63	9.01	32	23
2013-08-11	2.5	5.23	28	23
2013-08-12	4	2.28	30	21
2013-08-13	0	3.9	33	21
2013-08-14	0	4.82	33	22
2013-08-15	0	10.59	33	24
2013-08-16	0	4.64	35	23
2013-08-17	0	4.98	34	23
2013-08-18	0	4.26	33	21
2013-08-19	2	3.76	32	21
2013-08-20	1	3.67	32	22
2013-08-21	0	2.19	32	23
2013-08-22	9.5	3.58	33	23
2013-08-23	0	2.88	33	23
2013-08-24	63	5.93	30	23
2013-08-25	183.5	6.15	26	23
2013-08-26	17	1.55	27	23
2013-08-27	0	2.15	29	21
2013-08-28	13	5.24	30	21
2013-08-29	1.5	0.94	30	21
2013-08-30	0	3.03	31	22
2013-08-31	11	0.89	32	23
2013-09-01	0	3.39	30	23
2013-09-02	23.5	4.06	29	23
2013-09-03	1	3.32	30	22
2013-09-04	16	3.72	30	23
2013-09-05	7	1.29	25	23
2013-09-06	8	0.38	26	23
2013-09-07	0	1.02	27	22
2013-09-08	0	2.69	29	21
2013-09-09	0	2.76	32	22
2013-09-10	79	1.99	27	24
2013-09-11	145.6	1.1	27	23
2013-09-12	108	1.07	24	22
2013-09-13	243	2.08	25	22
2013-09-14	12.5	0.38	27	22
2013-09-15	3	2.48	29	22
2013-09-16	73	4.81	27	24
2013-09-17	28	2.37	27	23
2013-09-18	2	0.41	29	22
2013-09-19	0	2.03	32	20
2013-09-20	33	3.78	31	24
2013-09-21	0	1.99	29	21
2013-09-22	0	2.46	30	21
2013-09-23	0	2.52	32	21
2013-09-24	0	1.18	30	23
2013-09-25	3	2.02	30	23
2013-09-26	3	2.19	29	23
2013-09-27	1	1.47	30	24
2013-09-28	0	1.71	31	22
2013-09-29	0	1.69	31	23
2013-09-30	0	1.87	30	23
2013-10-01	0	3.09	31	24
2013-10-02	0	1.24	30	23
2013-10-03	0	3.54	31	22
2013-10-04	0	1.42	32	22
2013-10-05	35	4.64	30	23
2013-10-06	0	1.13	26	20
2013-10-07	0	2.04	27	16
2013-10-08	0	1.76	28	16
2013-10-09	0	3.5	40	19
2013-10-10	0	0.44	31	21
2013-10-11	0	1.99	31	24
2013-10-12	0	1.97	32	24
2013-10-13	0	2.07	31	21
2013-10-14	0	3.7	31	22
2013-10-15	0	1.25	31	22
2013-10-16	2.5	1.94	30	22
2013-10-17	0	0.56	30	23
2013-10-18	59	5.27	25	22
2013-10-19	2.5	2.58	27	21
2013-10-20	70.5	7.84	28	20
2013-10-21	22.5	6.28	28	21
2013-10-22	0	1	22	19
2013-10-23	0	1.46	26	12
2013-10-24	0	2.91	26	14
2013-10-25	7	3.44	23	17
2013-10-26	0	1.17	26	19
2013-10-27	0	1.39	29	21
2013-10-28	0	2.12	29	21
2013-10-29	0	0.94	29	23
2013-10-30	0	2.1	31	23
2013-10-31	22.5	4.97	32	24
2013-11-02	3.5	0.01	28	18
2013-11-03	0	2.7	25	15
2013-11-04	0	1.18	26	16
2013-11-05	0	1.97	27	18
2013-11-06	1	1.11	29	22
2013-11-07	21.5	6.23	23	21
2013-11-08	0	1.72	22	14
2013-11-09	2	0.32	23	15
2013-11-10	2	0.29	20	15
2013-11-11	4	2.24	25	18
2013-11-12	0	6.62	NULO	NULO
2013-11-15	3	3.17	NULO	NULO
2013-11-16	0	0.94	21	13
2013-11-17	0	1.16	26	14
2013-11-18	0	0.87	26	16
2013-11-19	0	1.09	32	19
2013-11-20	0	1.01	27	21
2013-11-21	0	0.93	28	21
2013-11-22	0	1.91	27	21
2013-11-23	0	4.44	29	22
2013-11-24	32	6.57	27	23
2013-11-25	5	5.83	27	18
2013-11-26	0	5.83	18	11
2013-11-27	4	2.49	22	11
2013-11-28	0	2.31	15	11
2013-11-29	0	1.04	15	11
2013-11-30	0	7.68	19	8
2013-12-01	0	1.68	24	17
2013-12-02	0	0.95	25	15
2013-12-03	0	0.74	25	16
2013-12-04	0.5	1.28	30	15
2013-12-05	5.5	1.41	24	17
2013-12-06	0	0.82	20	10
2013-12-07	0.5	0.04	23	11
2013-12-08	5.5	1.19	23	10
2013-12-09	4	8.46	16	14
2013-12-10	8	3.14	21	13
2013-12-11	9.5	2.68	24	14
2013-12-12	2	8.22	23	14
2013-12-13	0	8	25	16
2013-12-14	NULO	4.64	NULO	NULO
2013-12-15	0	NULO	NULO	NULO
2013-12-16	0	0.61	21	10
2013-12-17	5.1	NULO	23	10
2013-12-18	0	NULO	21	11
2013-12-19	0	0.69	25	10
2013-12-20	0	0.72	26	16
2013-12-21	0	2.26	30	17
2013-12-22	0	4.56	NULO	NULO
2013-12-23	NULO	NULO	NULO	NULO
2013-12-24	2.5	0.64	19	12
2013-12-25	0	0.56	17.5	12
2013-12-26	6.5	4.85	16	13
2013-12-27	0	2.96	NULO	NULO
2013-12-28	0	2.22	NULO	NULO
2013-12-29	0	0.45	19	12
2013-12-30	9	0.92	18	10
2013-12-31	4.5	5.41	18	13
2014-01-01	0	1.46	21	13
2014-01-02	7	3.54	17	15
2014-01-03	0	0.25	17	11
2014-01-04	0	0.14	22	9
2014-01-05	9.5	3.23	26	11
2014-01-06	0	2.2	14	11
2014-01-07	0	0.1	11	7
2014-01-08	0	1.32	20	7
2014-01-09	0	0.17	21	12
2014-01-10	0	1.88	25	14
2014-01-11	0	1.52	26	17
2014-01-12	0	0.77	25	16
2014-01-13	0	1.22	29	17
2014-01-14	0	2.52	29	13
2014-01-15	0	1.9	19	13
2014-01-16	0	0.73	22	8
2014-01-17	0	0.57	22	11
2014-01-18	0	0.91	22	12
2014-01-19	0	1.86	22	13
2014-01-20	0	1.58	25	13
2014-01-21	0	1.86	23	14
2014-01-22	0	6.1	22	10
2014-01-23	11	9.55	25	11
2014-01-24	1	1.84	13	11
2014-01-25	0	0.55	15	8
2014-01-26	0	0.11	17	10
2014-01-28	8	3.96	26	12
2014-01-29	0	0.61	20	16
2014-01-30	0	1.2	21	9
2014-01-31	0	1.28	24	11
2014-02-01	0	0.98	25	13
2014-02-02	0	2.42	25	16
2014-02-03	5.5	1.64	30	14
2014-02-04	0	0.52	17	14
2014-02-05	3.5	8.69	26	16
2014-02-06	11	0.6	20	14
2014-02-07	5.5	2.07	15	10
2014-02-08	0	0.93	20	11
2014-02-09	0.5	1.33	16	12
2014-02-10	0	0.18	24	14
2014-02-11	0	2.17	27	15
2014-02-12	3.5	0.68	25	9
2014-02-13	0	1.05	14	9
2014-02-14	0	1.47	22	11
2014-02-15	0	1.82	27	11
2014-02-16	0	1.34	20	10
2014-02-17	0	0.77	28	18
2014-02-18	0	1.33	29	17
2014-02-19	0	1.52	24	19
2014-02-20	0	1.57	29	19
2014-02-21	0	2.59	27	20
2014-02-22	0	1.02	29	19
2014-02-23	0	9.57	28	20
2014-02-24	0	0.75	21	11
2014-02-25	0	0.74	25	11
2014-03-01	0	3.23	28	16
2014-03-02	0	1.92	30	19
2014-03-03	11	5.32	30	19
2014-03-04	2.5	1.55	23	12
2014-03-05	0	1.41	20	11
2014-03-06	0	0.85	22	12
2014-03-07	0	2.63	23	16
2014-03-08	0.5	1.18	24	17
2014-03-09	10	3.46	30	19
2014-03-10	0	0.83	24	15
2014-03-11	0	2.5	NULO	NULO
2014-03-12	NULO	NULO	NULO	NULO
2014-03-13	0	3.76	29	18
2014-03-14	0	1.51	20	16
2014-03-15	0	3.32	27	15
2014-03-16	0	4.48	27	15
2014-03-17	2.5	1.15	27	19
2014-03-18	0	3.32	19	14
2014-03-19	0	2.29	24	13
2014-03-20	0.5	2.37	30	16
2014-03-21	0.5	4.18	30	17
2014-03-22	0	1.77	27	18
2014-03-23	0	2.56	30	20
2014-03-24	0.5	2.17	31	20
2014-03-25	3	0.26	23	22
2014-03-26	9.5	5.77	22	17
2014-03-27	0	2.67	23	17
2014-03-28	0	3.09	NULO	NULO
2014-03-29	0	3.72	NULO	NULO
2014-03-30	0	3.61	33	21
2014-03-31	0	6.89	32	20
2014-04-01	0	3.23	31	21
2014-04-02	0	2.42	29	23
2014-04-03	0	3.27	31	21
2014-04-04	0	3.14	30	22
2014-04-05	0	1.57	27	22
2014-04-06	2	0.43	34	21
2014-04-07	0	3.22	29	23
2014-04-08	0	5.45	29	21
2014-04-09	0	3.61	30	15
2014-04-10	0	5.5	22	17
2014-04-11	0	3.3	34	17
2014-04-12	0	3.9	30	18
2014-04-13	0	3.7	32	20
2014-04-14	12	2	37	20
2014-04-15	0	1.29	21	17
2014-04-16	0	4.49	23	14
2014-04-17	8	1.28	28	15
2014-04-18	6	5.96	23	17
2014-04-19	0	1.74	26	20
2014-04-20	0	3	28	21
2014-04-21	0	3.83	30	20
2014-04-22	0	3.67	30	22
2014-04-23	0	3.98	32	21
2014-04-24	0	4.26	35	22
2014-04-25	0	2.35	33	22
2014-04-26	0.5	6.97	36	24
2014-04-27	0	6.18	39	23
2014-04-28	0	8.09	41	24
2014-04-29	0	5.51	41	24
2014-04-30	0.5	3.93	27	25
2014-05-01	0	0.38	26	20
2014-05-02	12.5	3.87	NULO	NULO
2014-05-03	0	1.62	27	17
2014-05-04	0	4.76	30	17
2014-05-05	0	7.51	33	18
2014-05-06	0	4.68	33	21
2014-05-07	1.5	0.3	31	22
2014-05-08	0	0.76	30	22
2014-05-09	44.5	1.01	36	22
2014-05-10	8	2.17	29	22
2014-05-11	1	4.33	33	22
2014-05-12	0.5	5.48	34	25
2014-05-13	95.5	4.12	32	24
2014-05-14	2	0.97	24	17
2014-05-15	0	1.64	25	17
2014-05-16	0	5.37	28	14
2014-05-17	0	5.31	29	16
2014-05-18	0	3.76	30	19
2014-05-19	0	5.27	30	22
2014-05-20	0	3.76	32	22
2014-05-21	0	4.21	32	22
2014-05-22	0.5	4.68	31	24
2014-05-23	0	3.96	30	23
2014-05-24	1	2.22	30	21
2014-05-25	4.5	0.26	31	24
2014-05-26	27	6.76	31	21
2014-05-27	1.5	2.09	31	22
2014-05-28	0.5	3.78	34	23
2014-05-29	0	2.19	32	25
2014-05-30	13	3.14	30	25
2014-05-31	0	4.7	33	20
2016-06-16	1.1	2.17	36	14
2016-06-17	0	3.41	37	23
2016-06-18	22	2.87	29	24
2016-06-19	11	2.91	33	21
2016-06-20	7.2	2.02	25	13
2016-06-21	7	2.47	26	21
2016-06-22	0	3.11	33	21
2016-06-23	0	3.17	35	22
2016-06-24	0	3.18	34	23
2016-06-25	29	4.15	34	23
2016-06-26	3.4	3.78	29	18
2016-06-27	1	3.97	33	23
2016-06-28	0	2.18	33	22
2016-06-29	0.5	2.24	35	22
2016-06-30	1	3.14	35	22
2016-07-01	0	2.12	35	25
2016-07-02	0	7.09	36	25
2016-07-03	0	3.98	36	23
2016-07-04	0	5.55	37	24
2016-07-05	0	4.17	36	25
2016-07-06	0	4.61	27	26
2016-07-07	0	4.85	37	26
2016-07-08	0	5.45	38	25
2016-07-09	0	4.37	36	25
2016-07-10	0	3.59	35	24
2016-07-11	0	1.88	30	24
2016-07-12	0	4.35	34	24
2016-07-13	0	4.95	35	24
2016-07-14	0	5.54	36	24
2016-07-15	0	5.12	36	24
2016-07-16	0	1.99	35	24
2016-07-17	0	4.08	35	23
2016-07-18	11.5	0.45	35	22
2016-07-19	13	0.37	31	23
2016-07-20	29	7.17	31	23
2016-07-21	1	3.69	33	21
2016-07-22	0	1.55	35	22
2016-07-23	0	5.37	36	24
2016-07-24	0	4.28	36	25
2016-07-25	0	3.88	38	24
2016-07-26	1	4.4	35	26
2016-07-27	0	5.2	34	23
2016-07-28	0	1.02	36	24
2016-07-29	5.5	6.26	31	24
2016-07-30	0	3.8	32	23
2016-07-31	4.5	2.81	36	23
2016-08-01	0	5.96	35	22
2016-08-02	0	6.16	32	24
2016-08-03	0	5.7	36	23
2016-08-04	31	8.28	34	24
2016-08-05	0	3.02	33	23
2016-08-06	0	9.71	30	22
2016-08-07	0	3.23	31	23
2016-08-08	0	4.23	34	23
2016-08-09	0	3.08	33	23
2016-08-10	0	4.52	35	24
2016-08-11	0	5.63	36	24
2016-08-12	0	4.36	35	24
2016-08-13	0	6.27	35	26
2016-08-14	9	0.96	33	25
2016-08-15	4.5	1.15	29	24
2016-08-16	43	6.24	29	23
2016-08-17	0	2.41	30	24
2016-08-18	0	2.52	30	23
2016-08-19	0	3.79	34	21
2016-08-20	51.5	4.13	34	22
2016-08-21	2	1.51	30	23
2016-08-22	10.5	1.96	30	18
2016-08-23	0.5	1.81	29	21
2016-08-24	0	3.85	31	21
2016-08-25	0	4.88	35	23
2016-08-26	0	5.07	34	23
2016-08-27	0	3.52	35	23
2016-08-28	0	5.18	36	23
2016-08-29	0	4.36	36	24
2016-08-30	30	4.22	35	24
2016-08-31	1.5	4.47	29	23
2016-09-01	0	3.36	30	24
2016-09-02	5.5	1.66	31	23
2016-09-03	51	2.53	24	22
2016-09-04	1.5	4.71	27	21
2016-09-05	0	3.26	32	22
2016-09-06	0	3.15	31	22
2016-09-07	0	2.76	33	21
2016-09-08	0	4.15	33	22
2016-09-09	0	5.48	34	23
2016-09-10	0	3.64	34	24
2016-09-11	0	5.08	34	23
2016-09-12	0	2.98	34	23
2016-09-13	0	4	34	25
2016-09-14	0	5.9	34	24
2016-09-15	0	1.04	35	23
2016-09-16	1	2.3	35	24
2016-09-17	0	3.42	34	23
2016-09-18	0	4.6	35	24
2016-09-19	1.5	1.28	34	24
2016-09-20	0	4.22	33	18
2016-09-21	0	4.6	33	23
2016-09-22	0	4.64	35	23
2016-09-23	0	3.08	34	23
2016-09-24	0	4.01	35	22
2016-09-25	72.5	1.03	34	22
2016-09-26	83.5	8.35	28	22
2016-09-27	2	1.45	24	21
2016-09-28	6.5	1.47	27	21
2016-09-29	4	0.41	28	22
2016-09-30	0	3.5	30	21
2016-10-01	1	2.83	30	20
2016-10-02	0	3.47	31	21
2016-10-03	0	2.16	34	23
2016-10-04	0	2.76	34	24
2016-10-05	0	3.84	34	24
2016-10-06	0	2.08	34	24
2016-10-07	10.5	1.14	30	24
2016-10-08	22.5	9.39	24	21
2016-10-09	0	2.7	25	20
2016-10-10	0	2.06	31	19
2016-10-11	0	2.97	33	20
2016-10-12	0	4.48	33	21
2016-10-13	0	3.17	33	21
2016-10-14	0	2.77	33	21
2016-10-15	0	3.09	33	21
2016-10-16	0	4.59	34	21
2016-10-17	0	1.96	33	21
2016-10-18	0	2.78	34	23
2016-10-19	23.5	5.65	34	21
2016-10-20	7	3.08	23	21
2016-10-21	0	1	24	18
2016-10-22	2.5	0.43	27	18
2016-10-23	0	1.84	29	18
2016-10-24	0	3.2	31	19
2016-10-25	10.5	5.36	31	20
2016-10-26	0	1.89	29	20
2016-10-27	0	2.83	29	19
2016-10-28	0	2.29	30	19
2016-10-29	0	2.71	31	19
2016-10-30	0	2.63	31	19
2016-10-31	0	1.15	32	19
2016-11-01	0	1.96	33	20
2016-11-02	49	8.25	31	23
2016-11-03	7.5	2.87	28	20
2016-11-04	4	0.66	26	20
2016-11-05	0	1.16	29	19
2016-11-06	5.5	1.62	29	18
2016-11-07	48	1.33	26	20
2016-11-08	0	0.57	22	18
2016-11-09	0	1.26	22	16
2016-11-10	9	1.22	22	18
2016-11-11	1.5	2.16	19	16
2016-11-12	0	7.51	22	16
2016-11-13	0	2.56	24	17
2016-11-14	1.5	0.16	24	18
2016-11-15	0	1.13	26	18
2016-11-16	0	1.09	28	17
2016-11-17	8	5.27	27	20
2016-11-18	13	7.75	21	15
2016-11-19	0	0.87	20	12
2016-11-20	0	1.11	26	15
2016-11-21	0	1.03	27	16
2016-11-22	0	2.28	26	18
2016-11-23	0	0.48	27	17
2016-11-24	0	0.95	27	16
2016-11-25	0	1.34	28	17
2016-11-26	0	1.02	28	17
2016-11-27	0	1.72	32	17
2016-11-28	0	1.98	24	18
2016-11-29	0	1.45	28	20
2016-11-30	0	0.98	28	18
2016-12-01	0	0.49	28	21
2016-12-02	0	2.39	29	20
2016-12-03	5	1.03	28	20
2016-12-04	0	7.67	21	17
2016-12-05	0	0.9	27	17
2016-12-06	0	1.69	27	18
2016-12-07	27	6.14	28	20
2016-12-08	3	8.6	23	12
2016-12-09	1	1.04	29	13
2016-12-10	0	2.78	26	15
2016-12-11	0	2.02	27	18
2016-12-12	0	0.95	28	20
2016-12-13	0	0.5	28	21
2016-12-14	2	5.77	27	19
2016-12-15	3.5	3.5	28	18
2016-12-16	3	3	28	19
2016-12-17	11	5.55	25	18
2016-12-18	3.5	3.69	20	12
2016-12-19	15	4.74	18	8
2016-12-20	0	2.87	25	11
2016-12-21	0	0.58	26	20
2016-12-22	0	2.65	25	21
2016-12-23	0	0.44	24	21
2016-12-24	0	3.16	25	20
2016-12-25	11	1.44	25	20
2016-12-26	0	4.29	23	21
2016-12-27	0	NULO	22	20
2016-12-28	0	NULO	20	18
2016-12-30	0	NULO	26	20
2016-12-31	0	NULO	25	20
