COMISIÓN NACIONAL DEL AGUA
COORDINACIÓN GENERAL DEL SERVICIO METEOROLÓGICO NACIONAL
BASE DE DATOS CLIMATOLÓGICA NACIONAL 

REGISTRO DIARIO HISTÓRICO
EMISIÓN   : 11/09/2026 

DATOS DISPONIBLES EN LA BASE DE DATOS A: SEPTEMBER DE 2026; 
CON LA INFORMACIÓN SUMINISTRADA POR LAS UNIDADES ADMINISTRATIVAS 

 ESTACIÓN   : 13057 
 NOMBRE     : ZACATE GRANDE 
 ESTADO     : HIDALGO 
 MUNICIPIO  : CHAPULHUACÁN 
 SITUACIÓN  : SUSPENDIDA 
 U. ADMNVA. : DIRECCIÓN LOCAL HIDALGO 
 CVE-OMM    :   
 LATITUD    : 21.11611111 ° 
 LONGITUD   : -99.0025 ° 
 ALTITUD    : 2314 msnm 




FECHA		PRECIP	EVAP	TMAX	TMIN
		(mm)	(mm)	(°C )	(°C)
1972-08-13	7.5	2.4	20	15
1972-08-14	0	3.6	21	14
1972-08-15	0	3.5	21	13
1972-08-16	0	3.7	22	14
1972-08-17	0	3.6	22	15
1972-08-18	0	3.1	21	15
1972-08-19	23.5	1.8	20	15
1972-08-20	35	4	21	15
1972-08-21	0	4	21	13
1972-08-22	0	3.4	21	13
1972-08-23	0	2.6	24	13
1972-08-24	0	0.9	24	15
1972-08-25	8.5	3.3	19	17
1972-08-26	29	4	22	15
1972-08-27	25	4.7	21	16
1972-08-28	10	1	21	17
1972-08-29	9	6.2	21	14
1972-08-30	3.5	2.1	22	14
1972-08-31	0	4.8	23	15
1972-09-01	0	1.8	23	15
1972-09-02	6.5	7.8	22	15
1972-09-03	0	5.7	23	18
1972-09-04	0	5.9	23	17
1972-09-05	0	2.3	23	15
1972-09-06	0	1.7	24	15
1972-09-07	0	1.7	22	15
1972-09-08	39.5	1.7	22	16
1972-09-09	0	2.3	21	16
1972-09-10	7.5	1.5	23	16
1972-09-11	11	4.3	21	15
1972-09-12	0	5.5	21	14
1972-09-13	0	3.1	21	13
1972-09-14	8	0.2	21	15
1972-09-15	6	3.5	22	16
1972-09-16	0	3.7	22	17
1972-09-17	3.7	2.8	24	17
1972-09-18	3	2.3	23	15
1972-09-19	2.7	2.1	21	16
1972-09-20	0	2.5	21	14
1972-09-21	0	4.2	23	16
1972-09-22	22.5	2.8	21	14
1972-09-23	9	2.9	20	15
1972-09-24	0	3.7	24	15
1972-09-25	11	8.6	24	18
1972-09-26	5	3.8	24	16
1972-09-27	29	4.6	22	14
1972-09-28	1	1.5	20	14
1972-09-29	0	3.7	22	14
1972-09-30	60	7.3	22	14
1972-10-01	0	3.4	19	14
1972-10-02	0	1.4	21	13
1972-10-03	0	3.9	21	12
1972-10-04	17.5	3.7	20	14
1972-10-05	0	2.2	21	13
1972-10-06	6.5	1.2	21	14
1972-10-07	17	4.6	21	15
1972-10-08	0	2.3	22	15
1972-10-09	4	2.5	22	16
1972-10-10	23.5	1.5	21	16
1972-10-11	17	2.6	17	15
1972-10-12	68	1	17	14
1972-10-13	27	3.1	16	14
1972-10-14	0	3.1	19	14
1972-10-15	21	2.6	19	14
1972-10-16	0	1.8	20	14
1972-10-17	0	1.7	21	14
1972-10-18	0	3.1	21	15
1972-10-19	3	0.8	19	14
1972-10-20	0	4.6	20	14
1972-10-21	0	0.4	21	13
1972-10-22	0	2.2	25	15
1972-10-23	15.3	1.2	18	16
1972-10-24	0	2.5	18	15
1972-10-25	0	0.6	20	14
1972-10-26	0	3	22	14
1972-10-27	0	3.2	24	15
1972-10-28	0	2.2	23	15
1972-10-29	0	1.9	22	16
1972-10-30	0	2	22	15
1972-10-31	0	3	26	16
1972-11-01	0	1	25	19
1972-11-02	0	1.5	21	16
1972-11-03	23	2.2	21	15
1972-11-04	2	3.2	18	14
1972-11-05	0	0.6	19	13
1972-11-06	0	2.2	24	13
1972-11-07	5.7	0.5	18	15
1972-11-08	0	3.9	19	10
1972-11-09	0	2.3	26	13
1972-11-10	0	3.3	19	15
1972-11-11	0	0.6	21	14
1972-11-12	0	3.3	23	15
1972-11-13	1	3.2	22	15
1972-11-14	0	2.3	16	11
1972-11-15	0	2.5	18	10
1972-11-16	1	2.3	20	11
1972-11-17	0	1.9	21	14
1972-11-18	2	0.5	27	15
1972-11-19	2.7	1.5	22	12
1972-11-20	1	0.1	18	10
1972-11-21	5.5	2.8	20	12
1972-11-22	2.5	0.4	20	8
1972-11-23	1.5	0.2	18	8
1972-11-24	0	2.1	22	9
1972-11-25	2	3.5	20	12
1972-11-26	0	0.8	18	8
1972-11-27	0	2.6	25	10
1972-11-28	3	1.1	22	16
1972-11-29	2	2	18	11
1972-11-30	5	0.1	13	11
1972-12-01	2	0.8	21	8
1972-12-02	0	2.2	21	8
1972-12-03	0	4	24	12
1972-12-04	0	3.4	24	14
1972-12-05	0	3.1	26	14
1972-12-06	1	1.6	25	16
1972-12-07	0	3.1	18	12
1972-12-08	0	2.7	22	13
1972-12-09	0	2.9	21	14
1972-12-10	0	2.4	20	15
1972-12-11	1	0.6	18	15
1972-12-12	3	1.2	23	12
1972-12-13	0	1.5	26	9
1972-12-14	4	1.5	22	10
1972-12-15	1.5	1.6	18	9
1972-12-16	3.2	1.2	11	10
1972-12-17	3.5	0.1	18	5
1972-12-18	0	0.9	12	6
1972-12-19	0	2	28	8
1972-12-20	0	4.4	26	9
1972-12-21	0	4.6	14	10
1972-12-22	0	2.3	19	6
1972-12-23	0	4.4	26	8
1972-12-24	0	1.5	15	9
1972-12-25	0	0.7	16	7
1972-12-26	5	1	11	8
1972-12-27	0	2	11	5
1972-12-28	0	1.9	19	7
1972-12-29	0	3.8	25	9
1972-12-30	1	4.1	25	17
1972-12-31	1	1.8	18	13
1973-01-01	3	0.6	16	12
1973-01-02	0	0.7	19	12
1973-01-03	0	1.3	19	12
1973-01-04	2	1.1	18	12
1973-01-05	0	3.1	20	12
1973-01-06	0	1.3	18	14
1973-01-07	1	0.9	21	14
1973-01-08	2	0.2	12	11
1973-01-09	1.5	1.3	11	7
1973-01-10	0	0.1	15	7
1973-01-11	4	1.7	12	8
1973-01-12	0	1.8	9	0
1973-01-13	0	2.3	15	2
1973-01-14	0	2	12	4
1973-01-15	0	2.1	14	4
1973-01-16	0	1.1	19	5
1973-01-17	0	3.7	19	7
1973-01-18	0	4	25	9
1973-01-19	0	3.7	22	10
1973-01-20	0	5	25.1	11
1973-01-21	0	4	22	17
1973-01-22	0	4.4	23	14
1973-01-23	0	0.6	25	13
1973-01-24	0	2.5	13	9
1973-01-25	0	1.2	17	6
1973-01-26	0	4	16	6
1973-01-27	7	2.1	12	6
1973-01-28	0	3	10	6
1973-01-29	0	3.6	8	0
1973-01-30	0	4.4	15	0
1973-01-31	0	5.5	25	3
1973-02-01	0	1.5	24	16
1973-02-02	1.5	2.6	12	9
1973-02-03	0	2.4	10	7
1973-02-04	0	2.3	18	7
1973-02-05	0	3.8	22	8
1973-02-06	0	2.9	20	9
1973-02-07	0	5	23	10
1973-02-08	2	4.1	12	10
1973-02-09	2	1.5	13	1
1973-02-10	0	0.5	13	0
1973-02-11	0	1.9	14	0
1973-02-12	0	6.1	26	4
1973-02-13	0	2.4	21	5
1973-02-14	5	2.8	18	12
1973-02-15	6	0.6	18	8
1973-02-16	4.5	1.5	12	8
1973-02-17	2	0.5	15	8
1973-02-18	2.5	1.5	23	9
1973-02-19	1	2	15	9
1973-02-20	2.5	0.8	13	10
1973-02-21	5.5	0.1	12	11
1973-02-22	2	0.6	14	8
1973-02-23	2	0.8	13	3
1973-02-24	0	0.4	15	8
1973-02-25	1	2.9	16	9
1973-02-26	20	1.3	20	11
1973-02-27	7	2.6	12	10
1973-02-28	0	0.9	12	10
1973-03-01	0	1.9	23	10
1973-03-02	0	5.9	24	11
1973-03-03	0	4.6	26	11
1973-03-04	0	3.8	23	11
1973-03-05	0	6.9	21	13
1973-03-06	0	7.1	27	16
1973-03-07	0	1.9	23	14
1973-03-08	0	8.3	28	14
1973-03-09	0	6.7	25	14
1973-03-10	0	4.6	34	18
1973-03-11	0	4.9	20	14
1973-03-12	0	5.8	28	13
1973-03-13	0	7.5	30	17
1973-03-14	0	3.9	30	21
1973-03-15	0	4.2	23	16
1973-03-16	0	2.4	16.1	15.9
1973-03-17	0	2.3	13	8
1973-03-18	0	4.9	21	8
1973-03-19	0	5.2	28	11
1973-03-20	0	5.1	26	15
1973-03-21	3	0.2	26	14
1973-03-22	0	4.3	25	13
1973-03-23	0	5.5	27	14
1973-03-24	0	8.6	32	19
1973-03-25	0	4.6	20	11
1973-03-26	0	2.3	17	9
1973-03-27	0	6.3	25	10
1973-03-28	0	8.5	34	13
1973-03-29	0	10.4	27	15
1973-03-30	0	6.4	34	16
1973-03-31	0	5.4	21	16
1973-04-01	0	6	26	14
1973-04-02	0	12.4	31	15
1973-04-03	0	5.8	29	21
1973-04-04	3	2.1	11	8
1973-04-05	4.5	1.6	10	6
1973-04-06	1	1.8	25	7
1973-04-07	0	4.8	18	9
1973-04-08	5	7.2	24	12
1973-04-09	0	2.7	8	6
1973-04-10	0	2.1	11	4
1973-04-11	0	3.5	17	7
1973-04-12	0	4.8	20	9
1973-04-13	0	1.8	19	12
1973-04-14	0	0.2	21	16
1973-04-15	0	6	22	16
1973-04-16	0	7.4	24	17
1973-04-17	0	4.5	24	17
1973-04-18	0	6.9	22	17
1973-04-19	0	8.4	32	19
1973-04-20	0	8.8	32	20
1973-04-21	0	8.4	30	20
1973-04-22	0	2.3	20	19
1973-04-23	0	4.6	27	17
1973-04-24	0	8.5	33	18
1973-04-25	0	8.6	33	24
1973-04-26	13	8.2	26	16
1973-04-27	24.5	0.7	23	14
1973-04-28	1	0.2	25	11
1973-04-29	0	5.9	22	12
1973-04-30	0	5.7	25	15
1973-05-01	0	6.8	28	20
1973-05-02	5	6.6	27	17
1973-05-03	19	0.9	16	15
1973-05-04	0	3	19	13
1973-05-05	5	1.5	21	13
1973-05-06	0	8.5	21	14
1973-05-07	0	6.4	24	20
1973-05-08	0	7.4	25	19
1973-05-09	1	3.6	24	17
1973-05-10	0	3	25	17
1973-05-11	0	5	26	18
1973-05-12	37	9.7	26	17
1973-05-13	20	7.7	21	13
1973-05-14	19	1.8	19	13
1973-05-15	10	0.8	16	12
1973-05-16	0	1.1	15	9
1973-05-17	5	2.7	18	11
1973-05-18	1	2.8	20	13
1973-05-19	9	4.5	24	14
1973-05-20	0	7.3	25	16
1973-05-21	0	4.6	24	15
1973-05-22	0	8	26	14
1973-05-23	0	5.6	22	15
1973-05-24	0	5.4	23	17
1973-05-25	0	8.7	32	17
1973-05-26	0	9.5	34	20
1973-05-27	0	10.3	35	26
1973-05-28	1	8	26	19
1973-05-29	0	6	23	16
1973-05-30	0	1.9	22	15
1973-05-31	0	5.4	23	15
1973-06-01	0	2.7	28	15
1973-06-02	0	3	22	15
1973-06-03	0	3.3	24	15
1973-06-04	0	4.5	24	16
1973-06-05	0	3.8	24	17
1973-06-06	1	1.3	21	16
1973-06-07	0	4.1	22	13
1973-06-08	0	3.1	21	15
1973-06-09	2.5	3.5	20	14
1973-06-10	0	3.1	23	13
1973-06-11	0	6.2	25	16
1973-06-12	0	6.2	22	17
1973-06-13	0	5.2	24	19
1973-06-14	5.5	1	24	19
1973-06-15	0	3.7	25	18
1973-06-16	0	4	25	19
1973-06-17	0	2.9	24	18
1973-06-18	0	3	24	18
1973-06-19	0	6	24	16
1973-06-20	4.5	4.8	24	17
1973-06-21	83	NULO	16	15
1973-06-22	88	NULO	18	15
1973-06-23	23	1.8	18	16
1973-06-24	23	1.1	20	15
1973-06-25	7	1.1	27	14
1973-06-26	30.5	NULO	19	16
1973-06-27	3	0.5	26	15
1973-06-28	3	4.2	18	16
1973-06-29	0	1.4	24	15
1973-06-30	67.5	6.2	23	16
1973-07-01	9	3.8	18	15
1973-07-02	0	0.9	18	15
1973-07-03	30	1.6	18	16
1973-07-04	15	1.1	18	16
1973-07-05	0	2.9	20	15
1973-07-06	10	4.3	23	15
1973-07-07	5	1.1	22	16
1973-07-08	15	3.4	20	16
1973-07-09	9	7.2	21	16
1973-07-10	3	3.4	21	13
1973-07-11	0	2.4	21	14
1973-07-12	0	3.5	21	14
1973-07-13	0	2.3	22	17
1973-07-14	5	0.4	22	18
1973-07-15	0	2.3	23	18
1973-07-16	19	3.6	22	16
1973-07-17	0	5.7	22	17
1973-07-18	6.5	3.5	22	16
1973-07-19	0	4	23	16
1973-07-20	0	3.1	22	15
1973-07-21	0	3.2	22	15
1973-07-22	2	4.3	22	15
1973-07-23	73	2.3	21	16
1973-07-24	34	2.5	20	15
1973-07-25	35	3.9	23	15
1973-07-26	14.5	3.1	20	16
1973-07-27	0	2.7	21	15
1973-07-28	4	4	23	17
1973-07-29	0	4.6	23	15
1973-07-30	0	3.7	24	17
1973-07-31	0	3.3	23	17
1973-08-01	0	3.2	24	16
1973-08-02	4	1.2	23	17
1973-08-03	0	6.6	22	17
1973-08-04	25	2.9	22	15
1973-08-05	6	3.2	20	15
1973-08-06	37	10	24	14
1973-08-07	1	4.4	21	14
1973-08-08	15	0.9	20	17
1973-08-09	1	6.5	22	16
1973-08-10	20	2.1	21	15
1973-08-11	3	0.8	29	15
1973-08-12	30	2.7	24	15
1973-08-13	4	0.5	20	15
1973-08-14	3.5	2.9	21	15
1973-08-15	0	2.5	21	14
1973-08-16	5.5	1.2	21	16
1973-08-17	37	4.9	21	15
1973-08-18	4.5	6.1	20	16
1973-08-19	2	4.3	18	13
1973-08-20	9	5.3	19	10
1973-08-21	17.3	3.2	21	13
1973-08-22	0	3.1	19	16
1973-08-23	0	4.9	22	13
1973-08-24	3.5	0.2	22	14
1973-08-25	30.5	3.8	21	16
1973-08-26	113	2.6	19	15
1973-08-27	34	1.5	17	16
1973-08-28	62	5.2	18	15
1973-08-29	20	9	19	16
1973-08-30	46	2.3	21	15
1973-08-31	14	5.6	21	14
1973-09-01	0	4.1	22	14
1973-09-02	11.5	5.9	23	14
1973-09-03	40	8.6	22	16
1973-09-04	0	4	21	16
1973-09-05	1.5	1.1	21	16
1973-09-06	0	1.2	25	16
1973-09-07	1.5	0.6	22	18
1973-09-08	15	7.3	22	17
1973-09-09	0	1.2	22	15
1973-09-10	44	5.4	22	15
1973-09-11	27	7.4	22	15
1973-09-12	0	2.1	27	16
1973-09-13	0	5.7	22	18
1973-09-14	5	5.1	25	18
1973-09-15	0	2.4	23	16
1973-09-16	1	1	21	16
1973-09-17	3	3	22	15
1973-09-18	0	1.8	21	14
1973-09-19	0	4.8	21	14
1973-09-20	0	2.4	22	13
1973-09-21	0	4.1	22	16
1973-09-22	1	4.4	21	16
1973-09-23	0	2.2	23	17
1973-09-24	0	2	23	15
1973-09-25	7.5	1.8	23	17
1973-09-26	0	1.2	23	18
1973-09-27	15	3.5	20	15
1973-09-28	2.5	1.7	25	15
1973-09-29	0	1.8	20	15
1973-09-30	1	1.2	23	16
1973-10-01	4.8	2.5	20	16
1973-10-02	0	4.2	22	14
1973-10-03	0	3.7	22	15
1973-10-04	0	4.1	22	15
1973-10-05	6	4.9	23	14
1973-10-06	7	1.5	21	13
1973-10-07	0	0.8	20	14
1973-10-08	0	3	22	13
1973-10-09	0	1	21	15
1973-10-10	0	1.6	21	17
1973-10-11	2	0.6	22	17
1973-10-12	53.5	1.3	21	13
1973-10-13	58	2.9	20	16
1973-10-14	76	3.7	15.2	15
1973-10-15	3	0.5	18	14
1973-10-16	80.6	3.2	18	14
1973-10-17	1	1	16	11
1973-10-18	1	1.5	17	11
1973-10-19	1	0.5	15	12
1973-10-20	0	1	16	11
1973-10-21	0	2.2	17	10
1973-10-22	1.5	0.8	16	13
1973-10-23	0	2.5	19	11
1973-10-24	0	2	18	11
1973-10-25	0	2.6	21	13
1973-10-26	0	2.1	20	13
1973-10-27	0	1.2	19	14
1973-10-28	15.5	2.4	20	16
1973-10-29	1	2	18	14
1973-10-30	0	3.9	22	13
1973-10-31	0	3.2	20	15
1973-11-01	0	2.7	25	12
1973-11-02	0	2.6	26	11
1973-11-03	0	1.7	21	15
1973-11-04	0	0.7	20	17
1973-11-05	0	0.5	21	15
1973-11-06	0	3.8	22	13
1973-11-07	0	3.7	21	13
1973-11-08	0	1.4	22	12
1973-11-09	0	3.4	21	12
1973-11-10	41	7.3	19	14
1973-11-11	28	0.5	15	13
1973-11-12	12	3	15	14
1973-11-13	0	0.6	17	11
1973-11-14	0	4.3	21	11
1973-11-15	0	1.5	25	12
1973-11-16	0	2.8	19	12
1973-11-17	0	1.9	20	11
1973-11-18	0	3	22	12
1973-11-19	0	5.7	24	12
1973-11-20	0	5	25	13
1973-11-21	0	1.4	21	13
1973-11-22	0	2.3	21	11
1973-11-23	0	3	21	13
1973-11-24	0	3.9	19	13
1973-11-25	0	2.8	25	13
1973-11-26	0	6.7	26	14
1973-11-27	0	4.2	26	20
1973-11-28	0	1.8	10.2	10
1973-11-29	0	1.5	11	4
1973-11-30	0	0.7	10	6
1973-12-01	3	0.1	19	9
1973-12-02	0	0.9	21	11
1973-12-03	0	5.7	25	12
1973-12-04	0	2.4	22	17
1973-12-05	5	1.3	15	13
1973-12-06	17	0.1	13	12
1973-12-07	18	1.2	14	10
1973-12-08	0	2	12	10
1973-12-09	25	0.7	15	10
1973-12-10	33.5	2.6	19	9
1973-12-11	0	0.9	13	8
1973-12-12	0	3.2	18	9
1973-12-13	0	4.4	22	11
1973-12-14	0	4.7	25	12
1973-12-15	6.5	3.5	25	14
1973-12-16	0	2.6	9	5
1973-12-17	0	0.7	16	3
1973-12-18	0	6.3	23	4
1973-12-19	0	4.1	22	5
1973-12-20	0	1.7	22	0
1973-12-21	0	1.5	22	0
1973-12-22	0	3	18	1
1973-12-23	0	7.4	24	8
1973-12-24	0	3	24	15
1973-12-25	0	2.3	22	11
1973-12-26	0	1.3	20	10
1973-12-27	1.5	1	14	9
1973-12-28	0	2.4	19	10
1973-12-29	0	4.4	16	10
1973-12-30	0	4.8	25	13
1973-12-31	0	5.5	25	16
1974-01-01	0	0.8	10	9.8
1974-01-02	0	0.6	19	9
1974-01-03	0	0.7	13	10
1974-01-04	0	0.3	14	6
1974-01-05	0	0.5	16	8
1974-01-06	0	5	22	7
1974-01-07	0	1.2	19	11
1974-01-08	0	3.5	20	12
1974-01-09	0	1.8	20	13
1974-01-10	0	1.7	20	12
1974-01-11	60	4.3	19	11
1974-01-12	13	0.3	22	11
1974-01-13	0	1.3	15	11
1974-01-14	0	1.6	15	12
1974-01-15	0	0.3	15	11
1974-01-16	0	1	16	10
1974-01-17	0	3.7	19	10
1974-01-18	0	2.9	20	11
1974-01-19	0	2.7	19	10
1974-01-20	0	4.2	24	12
1974-01-21	0	3.3	21	11
1974-01-22	0	2.3	20	11
1974-01-23	0	1.7	18	12
1974-01-24	4	0.8	16	13
1974-01-25	0	1	15	9
1974-01-26	0	3.9	21	10
1974-01-27	0	4.8	17	13
1974-01-28	0	1.4	19	14
1974-01-29	0	4	21	10
1974-01-30	0	0.5	16	11
1974-01-31	0	2.6	20	11
1974-02-01	0	3	21	11
1974-02-02	0	5	21	11
1974-02-03	17	0.5	16	14
1974-02-04	3.5	1.6	11	4
1974-02-05	0	3.1	18	6
1974-02-06	0	5.3	24	9
1974-02-07	1.5	3.2	25	16
1974-02-08	1.5	0.7	6	5
1974-02-09	0	0.9	3	-1
1974-02-10	0	2.2	11	0
1974-02-11	0	2.2	16	3
1974-02-12	0	2.7	18	7
1974-02-13	0	5.2	25	7
1974-02-14	0	7.6	27	13
1974-02-15	0	3.2	23	15
1974-02-16	0	2.1	17	12
1974-02-17	0	0.5	28	10
1974-02-18	0	7.6	28	10
1974-02-19	0	5.1	17	13
1974-02-20	0	4.1	26	10
1974-02-21	1	4.4	26	15
1974-02-22	0	3.7	9	4
1974-02-23	0	2.6	20	4
1974-02-24	13	0.6	18	7
1974-02-25	0	2.5	5	2
1974-02-26	0	1	8	2
1974-02-27	0	0.6	15	5
1974-02-28	0	3	17	8
1974-03-01	0	4.6	18	9
1974-03-02	0	6.7	21	8
1974-03-03	0	6.3	22	10
1974-03-04	0	2	24	10
1974-03-05	0	5	23	12
1974-03-06	0	2	18	13
1974-03-07	0	2.7	19	13
1974-03-08	0	1.1	20	13
1974-03-09	0	4.4	20	15
1974-03-10	3.5	0.9	20	13
1974-03-11	0	4.4	21	12
1974-03-12	6	1.9	20	14
1974-03-13	0	4.4	18	11
1974-03-14	1.5	3.1	19	13
1974-03-15	8.5	4.3	21	14
1974-03-16	4	4.7	20	12
1974-03-17	3	2.5	18	13
1974-03-18	0	3.7	21	13
1974-03-19	0	3.9	26	14
1974-03-20	0	8.2	27	17
1974-03-21	2	6.2	22.1	18
1974-03-22	0	3.5	26	11
1974-03-23	0	6.8	25	12
1974-03-24	0	3.4	25	16
1974-03-25	0	2	16	12
1974-03-26	0	3	19	11
1974-03-27	0	3.9	21	13
1974-03-28	0	5.2	25	12
1974-03-29	0	5.3	25	14
1974-03-30	0	4	24	14
1974-03-31	0	9.7	29	17
1974-04-01	0	7.9	31	22
1974-04-02	0	9.9	30	15
1974-04-03	0	7.2	32	19
1974-04-04	0	8.7	30	22
1974-04-05	0	5	15	10
1974-04-06	0	3.1	17	7
1974-04-07	0	6.2	26	10
1974-04-08	47	1.1	23	15
1974-04-09	0	5.6	19	13
1974-04-10	4.7	6	22	12
1974-04-11	0	8.8	27	17
1974-04-12	0	7.9	27	13
1974-04-13	0	7.2	27	17
1974-04-14	18.5	3.7	25	16
1974-04-15	21.5	2.9	19	13
1974-04-16	6.5	2.8	17	12
1974-04-17	0	1	19	11
1974-04-18	4	1.7	20	13
1974-04-19	0	3.3	21	14
1974-04-20	0	3.8	22	14
1974-04-21	0	4.2	24	16
1974-04-22	0	5.7	26	18
1974-04-23	0	2.2	20	17
1974-04-24	0	3.7	21	14
1974-04-25	0	2.8	21	13
1974-04-26	0	5.2	21	13
1974-04-27	0	3.5	21	13
1974-04-28	0	4.7	20	14
1974-04-29	0	1.8	21	14
1974-04-30	9.8	3.1	23	16
1974-05-01	0	3.6	24	15
1974-05-02	0	4.4	24	16
1974-05-03	0	4.3	26	17
1974-05-04	0	4.7	22	18
1974-05-05	4	1.6	24	16
1974-05-06	5.5	0.9	19	16
1974-05-07	2.3	0.9	19	16
1974-05-08	0	0.7	21	15
1974-05-09	0	7.9	27	16
1974-05-10	0	10.2	28	20
1974-05-11	0	5.7	28	18
1974-05-12	0	6.3	25	17
1974-05-13	0	3	25	16
1974-05-14	0	6.6	25	17
1974-05-15	0	8.7	31	19
1974-05-16	0	4.2	26	18
1974-05-17	14.3	4.6	25	19
1974-05-18	0	5.7	22	16
1974-05-19	0	4.8	22	15
1974-05-20	0	4.1	22	14
1974-05-21	0	5	22	16
1974-05-22	0	3.9	23	15
1974-05-23	0	5.5	23	15
1974-05-24	0	2.5	27	16
1974-05-25	0	2.2	23	16
1974-05-26	0	2.8	21	15
1974-05-27	0	2.9	22	17
1974-05-28	0	3.6	23	14
1974-05-29	0	2.8	23	16
1974-05-30	0	5.7	27	18
1974-05-31	0	6.3	29	19
1974-06-01	27	7	26	17
1974-06-02	27	5.1	23	16
1974-06-03	0	4.9	22	14
1974-06-04	0	3.4	23	15
1974-06-05	0	6.5	25	15
1974-06-06	0	4.5	24	17
1974-06-07	0	8.1	26	21
1974-06-08	0	8.3	31	22
1974-06-09	5	5.4	28	19
1974-06-10	8.5	3.2	22	18
1974-06-11	0	3.7	22	15
1974-06-12	0	1.6	21	15
1974-06-13	0	2.7	21	16
1974-06-14	27	5.1	22	16
1974-06-15	78	2.5	20	16
1974-06-16	39.5	2.7	16	15
1974-06-17	19	0.2	17	13
1974-06-18	48	0.8	16	14
1974-06-19	28	4	19	15
1974-06-20	68	4.4	18	15
1974-06-21	59	6.2	19	15
1974-06-22	59.3	3.3	19	15
1974-06-23	0	2.8	20	16
1974-06-24	0	0.9	23	14
1974-06-25	0	6.2	20	15
1974-06-26	1.5	1.5	22	13
1974-06-27	0	2.8	19	11
1974-06-28	1	3.5	18	12
1974-06-29	0	0.4	19	12
1974-06-30	0	1.3	20	14
1974-07-01	4.5	2.9	19	16
1974-07-02	17	0.9	19	14
1974-07-03	24.5	4.4	23	15
1974-07-04	157	8.7	18	16
1974-07-05	15	1.9	17	15
1974-07-06	21.3	0.5	18	14
1974-07-07	8	3.8	19	14
1974-07-08	1	4.8	20	13
1974-07-09	6	2	19	14
1974-07-10	0	2.5	19	11
1974-07-11	23.5	4.2	21	16
1974-07-12	7.5	1	19	15
1974-07-13	7	1.5	17	13
1974-07-14	0	3.4	19	11
1974-07-15	0	2	20	12
1974-07-16	2	1.6	20	14
1974-07-17	0	2.4	20	16
1974-07-18	8	0.8	21	16
1974-07-19	9	7.2	21	13
1974-07-20	0	5.6	21	12
1974-07-21	0	3.8	22	13
1974-07-22	0	4.3	22	13
1974-07-23	0	5.2	22	13
1974-07-24	0	3.2	22	14
1974-07-25	3.8	3.8	21	15
1974-07-26	0	2	19	15
1974-07-27	0	3.9	19	16
1974-07-28	0	5.9	19	14
1974-07-29	0	2	18	16
1974-07-30	10	0.2	22	16
1974-07-31	18.7	6.3	19	16
1974-08-01	0	6.1	19	15
1974-08-02	0	2.1	18	15
1974-08-03	10	4.4	21	14
1974-08-04	3.6	5.7	18	14
1974-08-05	0	5.1	19	13
1974-08-06	2.7	7.5	24	15
1974-08-07	16.5	1.5	22	16
1974-08-08	0	6.4	22	15
1974-08-09	0	2.2	21	16
1974-08-10	0	4.7	23	16
1974-08-11	0	3.3	23	17
1974-08-12	1.2	4.2	24	15
1974-08-13	0	7	24	14
1974-08-14	0	2	24	17
1974-08-15	20	0.3	23	14
1974-08-16	0	1.6	22	13
1974-08-17	8	1.8	19	15
1974-08-18	0	1.1	20	15
1974-08-19	0	4	21	15
1974-08-20	0	1	22	16
1974-08-21	0	6	21	16
1974-08-22	0	3	22	15
1974-08-23	0	5.1	23	13
1974-08-24	0	6	22	14
1974-08-25	0	5.6	22	14
1974-08-26	1	3.6	22	14
1974-08-27	0	3.8	22	16
1974-08-28	0	4.2	24	15
1974-08-29	4	2	21	16
1974-08-30	28.5	4.7	21	15
1974-08-31	0	4	21	15
1974-09-01	0	4.9	21	14
1974-09-02	0	0.6	23	15
1974-09-03	135	5.6	21	15
1974-09-04	54.7	6.1	15	14
1974-09-05	0	0.4	16	13
1974-09-06	0	2.3	20	12
1974-09-07	0	7.6	22	10
1974-09-08	0	5.7	22	12
1974-09-09	0	5.8	22	13
1974-09-10	2.5	0.3	20	12
1974-09-11	0	3.2	23	14
1974-09-12	10.3	9.5	25	15
1974-09-13	47.5	5.8	24	17
1974-09-14	20	3.2	20	16
1974-09-15	21.6	2.9	19	15
1974-09-16	2	4.2	20	15
1974-09-17	0	6.3	23	15
1974-09-18	14	1	21	15
1974-09-19	23.8	1	20	14
1974-09-20	163	0.7	19	14
1974-09-21	172.8	0.7	18	16
1974-09-22	250.9	1.9	17	16
1974-09-23	39.5	4.9	18	16
1974-09-24	3.8	3	20	16
1974-09-25	9	2	20	16
1974-09-26	0	0.7	19	15
1974-09-27	0	3.8	23	16
1974-09-28	15	2.4	23	17
1974-09-29	75.6	5.1	17	16
1974-09-30	13	2.8	14	13
1974-10-01	0	3.1	17	12
1974-10-02	7	0.9	15	9
1974-10-03	14	0.7	13	10
1974-10-04	5	1.2	17	10
1974-10-05	1.2	2.2	18	10
1974-10-06	4.5	3.7	19	10
1974-10-07	6	3	18	12
1974-10-08	0	2.6	19	11
1974-10-09	5	2	20	10
1974-10-10	0	5.1	19	12
1974-10-11	0	1.7	18	12
1974-10-12	1.4	1.9	19	12
1974-10-13	0	1.8	21	12
1974-10-14	0	1.5	22	14
1974-10-15	10	1	20	13
1974-10-16	0	1.9	17	12
1974-10-17	0	0.9	15	9
1974-10-18	0	3.5	17	11
1974-10-19	0	2	17	9
1974-10-20	4	1.7	16	8
1974-10-21	0	1.4	16	10
1974-10-22	11	5.4	15	13
1974-10-23	5	0.8	16	12
1974-10-24	0	1.6	18	13
1974-10-25	36	3	19	12
1974-10-26	27	7.7	19	13
1974-10-27	0	1.6	19	11
1974-10-28	0	3.9	25	12
1974-10-29	0	4.3	25	15
1974-10-30	0	2.7	21	16
1974-10-31	0	1.3	20	16
1974-11-01	0	1.9	21	15
1974-11-02	1	0.7	20	15
1974-11-03	0	4.3	21	13
1974-11-04	6	4	24	14
1974-11-05	1	1.1	25	13
1974-11-06	13.8	3.8	15	12
1974-11-07	1.5	0.5	14	13
1974-11-08	0	0.3	14	12
1974-11-09	0	2.7	18	11
1974-11-10	16.8	3.1	21	11
1974-11-11	6.2	2	13	12
1974-11-12	0	0.7	11	7
1974-11-13	0	0.7	15	5
1974-11-14	0	2.9	19	7
1974-11-15	0	0.8	15	9
1974-11-16	0	3.3	21	10
1974-11-17	0	2.8	20	12
1974-11-18	0	2	19	12
1974-11-19	0	2.1	19	13
1974-11-20	29	1.8	21	12
1974-11-21	9.3	0.5	19	12
1974-11-22	0	0.9	17	11
1974-11-23	0	1.6	19	12
1974-11-24	3	2.3	19	13
1974-11-25	0	1.7	18	5
1974-11-26	0	3	19	1
1974-11-27	0	3	14	4
1974-11-28	0	1.5	18	5
1974-11-29	0	0.8	23	8
1974-11-30	0	1.9	9	8
1974-12-01	0	0.7	6	3
1974-12-02	0	0.2	10	2
1974-12-03	0	0.3	11	3
1974-12-04	0	0.4	14	9
1974-12-05	0	2.7	20	9
1974-12-06	1	3	26	11
1974-12-07	9.5	0.4	13.1	12
1974-12-08	8	0.7	12	9
1974-12-09	4	1	17	9
1974-12-10	0	1.6	19	8
1974-12-11	0	0.3	20	11
1974-12-12	0	0.9	20	12
1974-12-13	0	2.7	18	13
1974-12-14	0	3	22	11
1974-12-15	0	0.3	19	13
1974-12-16	11.5	3.2	15	13
1974-12-17	1	2.9	14	9
1974-12-18	0	5	23	10
1974-12-19	0	3.2	19	10
1974-12-20	2	4	20	12
1974-12-21	2.4	3.4	20	10
1974-12-22	0	1	22	9
1974-12-23	0	1	23	12
1974-12-24	0	0.1	24	13
1974-12-25	3.9	2.7	17	13
1974-12-26	0	2	16	10
1974-12-27	0	1.9	14	11
1974-12-28	0	1	19	11
1974-12-29	0	0.9	19	11
1974-12-30	0	0.3	16	11
1974-12-31	0	3	20	11
1975-01-01	2.5	0.2	14	13
1975-01-02	0	0.2	14	10
1975-01-03	3	1	14	11
1975-01-04	0	1.1	7	4
1975-01-05	0	2	14	5
1975-01-06	0	2	16	7
1975-01-07	0	2	22	8
1975-01-08	0	2.3	22	9
1975-01-09	0	6.8	23	13
1975-01-10	0	5.1	23	18
1975-01-11	0	1.1	22	14
1975-01-12	8	0.6	12	11
1975-01-13	0	2.5	5.2	-2
1975-01-14	0	2.6	11	-2
1975-01-15	0	2.6	14	3
1975-01-16	0	2.5	16	4
1975-01-17	0	0.7	15	5
1975-01-18	0	1.6	16	8
1975-01-19	35.5	2.7	21	10
1975-01-20	0	0.2	19	1
1975-01-21	1	0.8	15	1
1975-01-22	2	0.2	16	10
1975-01-23	0	0.3	14	8
1975-01-24	0	2	20	8
1975-01-25	0	4.9	18	10
1975-01-26	0	3.4	23	11
1975-01-27	0	2.5	20	11
1975-01-28	0	1.9	18	11
1975-01-29	0	2.4	18	14
1975-01-30	0	0.8	18	14
1975-01-31	0	1.1	19	13
1975-02-01	0	1.7	17	14
1975-02-02	0	0.7	16	13
1975-02-03	0	0.4	18	14
1975-02-04	0	1	20	13
1975-02-05	0	0.9	17	13
1975-02-06	15	1.4	15	12
1975-02-07	2	1.6	9	4
1975-02-08	0	4.4	22	5
1975-02-09	2	3.8	21	9
1975-02-10	0	3.9	19	10
1975-02-11	0	8.6	26	11
1975-02-12	0	1.7	15	11
1975-02-13	0	3	15	7
1975-02-14	0	5.2	22	8
1975-02-15	0	6.4	25	8
1975-02-16	0	6.6	25	16
1975-02-17	0	5	20	12
1975-02-18	1	4.4	27	16
1975-02-19	0	1.9	13	10
1975-02-20	0	4.1	18	8
1975-02-21	0	8.3	23	9
1975-02-22	0	9.9	28	14
1975-02-23	0	2.3	10	9
1975-02-24	0	4.4	13	3
1975-02-25	0	4.5	17	5
1975-02-26	0	3.9	24	7
1975-02-27	0	2.8	17	10
1975-02-28	0	2.5	20	10
1975-03-01	0	4.9	21	11
1975-03-02	0	4	20	11
1975-03-03	0	1.7	18	13
1975-03-04	19.5	3.1	20	12
1975-03-05	0	0.3	13	11
1975-03-06	0	4.8	21	11
1975-03-07	0	4.9	22	12
1975-03-08	0	4	21	12
1975-03-09	0	3.5	22	11
1975-03-10	0	6.3	29	12
1975-03-11	0	7.8	29	16
1975-03-12	0	1	30	16
1975-03-13	1.5	3.4	21.1	19
1975-03-14	0	2.2	14	8
1975-03-15	0	4	24	8
1975-03-16	0	4.8	21	13
1975-03-17	0	5	25	13
1975-03-18	0	2.5	22	14
1975-03-19	0	3.1	19	13
1975-03-20	0	4	22	13
1975-03-21	0	6.2	26	14
1975-03-22	0	9.4	29	19
1975-03-23	0	8.3	32	21
1975-03-24	9	6.4	26	21
1975-03-25	0	0.5	16	13
1975-03-26	0	4.5	24	12
1975-03-27	0	7.5	28	14
1975-03-28	0	9.7	31	20
1975-03-29	1	6.2	27	21
1975-03-30	0	1.5	21	9
1975-03-31	0	4.9	28	5
1975-04-01	0	6	27	12
1975-04-02	23.5	6.9	31	18
1975-04-03	0	1.7	13	10
1975-04-04	0	4.7	20	8
1975-04-05	0	2.7	20	10
1975-04-06	0	1.9	20	13
1975-04-07	0	6.9	25	15
1975-04-08	0	7.9	31	16
1975-04-09	0	6.7	27	18
1975-04-10	0	7.1	30	17
1975-04-11	18.5	0.8	22.1	19
1975-04-12	1.5	3.5	17	14
1975-04-13	0	5.2	25	13
1975-04-14	4.7	5.4	28	15
1975-04-15	0	4	21	13
1975-04-16	0	2.7	21	15
1975-04-17	0	6	27	14
1975-04-18	0	8	32	16
1975-04-19	0	6.8	25	14
1975-04-20	0	3	18	13
1975-04-21	0	2.2	21	14
1975-04-22	0	4.1	21	14
1975-04-23	0	3.8	23	15
1975-04-24	0	5.2	24	15
1975-04-25	0	5.1	26	16
1975-04-26	0	5.5	25	16
1975-04-27	2.7	4	25	17
1975-04-28	0	6.7	30	17
1975-04-29	3.5	7.6	28	17
1975-04-30	0	8.9	30	19
1975-05-01	0	3.6	24	18
1975-05-02	0	3.9	24	18
1975-05-03	0	6.5	30	17
1975-05-04	0	7.9	30	18
1975-05-05	0	10.3	33	20
1975-05-06	4.4	10	34	25
1975-05-07	0	8.6	32	22
1975-05-08	0	6	31	21
1975-05-09	1	2.8	27	12
1975-05-10	4	6.6	25	18
1975-05-11	0	1.9	24	16
1975-05-12	6	5	22	17
1975-05-13	9.2	6	26	14
1975-05-14	1	7.2	28	14
1975-05-15	0	5.6	23	15
1975-05-16	0	5.3	22	15
1975-05-17	0	3.7	24	17
1975-05-18	0	5	24	17
1975-05-19	0	3.3	23	16
1975-05-20	20.5	4.3	26	18
1975-05-21	0	6.6	28	16
1975-05-22	11.5	6.9	26	17
1975-05-23	0	6.1	27	15
1975-05-24	10.5	3.5	24	18
1975-05-25	3	3.2	23	16
1975-05-26	9.5	2.2	22	16
1975-05-27	0	2.4	19	16
1975-05-28	0	1.4	24	12
1975-05-29	5	4.9	29	19
1975-05-30	7.5	5.7	28	18
1975-05-31	3	1.7	16.1	15
1975-06-01	0	1.4	19	14
1975-06-02	0	3.4	20	14
1975-06-03	1	0.7	18	14
1975-06-04	6.5	1.5	22	15
1975-06-05	0	6	25	16
1975-06-06	0	2.6	24	18
1975-06-07	10	4.3	27	18
1975-06-08	0	4.2	26	16
1975-06-09	0	4.6	27	19
1975-06-10	19	5	27	19
1975-06-11	0	3	23	15
1975-06-12	45.5	1.1	21	16
1975-06-13	0	3.7	22	15
1975-06-14	0	4	24	15
1975-06-15	0	6	27	16
1975-06-16	0	4.5	26	17
1975-06-17	0	4.1	25	18
1975-06-18	2	1.7	23	16
1975-06-19	31	6.4	24	16
1975-06-20	0	1.7	21	15
1975-06-21	68.5	2.6	22	15
1975-06-22	0	0.6	19	16
1975-06-23	0	2.2	22	16
1975-06-24	0	4	22	14
1975-06-25	5	3.3	21	14
1975-06-26	0	2.6	21	14
1975-06-27	2.4	2.3	20	16
1975-06-28	12	5.9	21	15
1975-06-29	53.5	6.1	21	14
1975-06-30	3	4.2	20	15
1975-07-01	0	4.1	21	13
1975-07-02	0	3.4	20	13
1975-07-03	18	5.6	21	14
1975-07-04	10.4	1.5	19	13
1975-07-05	0	5.1	19	12
1975-07-06	0	3	18	12
1975-07-07	0	2	21	11
1975-07-08	6	1	22	12
1975-07-09	41.5	3.8	19	15
1975-07-10	11	4.8	21	15
1975-07-11	2	5.1	23	15
1975-07-12	39	6.4	25	17
1975-07-13	1	1.9	22	15
1975-07-14	17.5	3.3	22	16
1975-07-15	3	0.4	17	16
1975-07-16	11	2.1	20	15
1975-07-17	13.5	8.4	22	15
1975-07-18	0	1.9	22	12
1975-07-19	5	2.4	22	16
1975-07-20	0	3	22	17
1975-07-21	1	4	20	14
1975-07-22	0	7.2	24	13
1975-07-23	0	2.8	23	14
1975-07-24	0	3.2	24	15
1975-07-25	0	3.5	22	14
1975-07-26	36.3	5.6	20	14
1975-07-27	14.8	2.8	19	16
1975-07-28	0	4.3	21	14
1975-07-29	0	3	22	14
1975-07-30	0	2	23	15
1975-07-31	0	1.5	20	16
1975-08-01	0	2.1	22	15
1975-08-02	9.6	7.2	24	16
1975-08-03	0	3.7	23	16
1975-08-04	0	2	23	14
1975-08-05	21	8.4	24	15
1975-08-06	58.8	4.8	19	14
1975-08-07	57.5	1.7	19	14
1975-08-08	3	3.3	20	14
1975-08-09	34	4.3	20	15
1975-08-10	16	5.5	20	15
1975-08-11	5	2.6	20	15
1975-08-12	0	4.5	22	15
1975-08-13	0	2.7	22	15
1975-08-14	4	7.1	23	15
1975-08-15	0	2	22	14
1975-08-16	0	1.7	22	15
1975-08-17	25.5	6.6	23	15
1975-08-18	17.6	9.4	22	13
1975-08-19	40	7.8	22	14
1975-08-20	41.4	4.8	21	13
1975-08-21	15.3	4.7	19	15
1975-08-22	47	6	21	15
1975-08-23	15.5	5.7	19	12
1975-08-24	0	3	20	13
1975-08-25	0	3.1	23	14
1975-08-26	4.6	2.5	22	15
1975-08-27	4.3	2.3	21	16
1975-08-28	15.1	8.1	22	15
1975-08-29	5	4.1	22	13
1975-08-30	2	3.9	23	14
1975-08-31	4.2	4.2	25	16
1975-09-01	16.8	5.4	22	16
1975-09-02	17.7	3.8	19	16
1975-09-03	13.3	5.8	20	16
1975-09-04	19	2.6	19	14
1975-09-05	0	4.7	22	14
1975-09-06	2	0.4	20	14
1975-09-07	8	4.1	20	15
1975-09-08	156	1	17	15
1975-09-09	171	3	17	15
1975-09-10	207	3.3	17.1	16
1975-09-11	135	1.5	17.1	16
1975-09-12	128	1.2	17	14
1975-09-13	42	2	17	15
1975-09-14	115.5	1.5	21	15
1975-09-15	27	5.7	19	14
1975-09-16	0	3.4	20	13
1975-09-17	0	2.1	22	14
1975-09-18	0	3.5	24	15
1975-09-19	0	4	25	15
1975-09-20	7.5	4.7	21	16
1975-09-21	8.5	2.3	20	15
1975-09-22	33.3	3	16	14
1975-09-23	0	3	14	9
1975-09-24	0	4.2	17	8
1975-09-25	0	5.1	18	9
1975-09-26	0	2.7	18	9
1975-09-27	0	3.5	19	11
1975-09-28	0	4	20	11
1975-09-29	0	3.5	20	10
1975-09-30	0	3	21	12
1975-10-01	33.6	4.1	20	12
1975-10-02	36.5	1.4	14	12.9
1975-10-03	0	2.1	12.5	11
1975-10-04	2	0.1	13.5	10
1975-10-05	0	0.5	18	11
1975-10-06	0	2.4	19	11
1975-10-07	0	2.1	14.5	11
1975-10-08	1	2.1	21	12
1975-10-09	25	0.3	19	14
1975-10-10	25	5.2	18	14
1975-10-11	7.3	2.8	16	14
1975-10-12	21.3	2.4	18	14
1975-10-13	13.5	1.8	18	12
1975-10-14	0	NULO	22	12
1975-10-15	0	2	23	13
1975-10-16	43	2.1	22	15
1975-10-17	34.2	1.9	18	13
1975-10-18	0	2.2	19	11
1975-10-19	0	2.3	19	10
1975-10-20	0	2.1	18	10
1975-10-21	0	1.1	18	10
1975-10-22	0	5.5	21.5	9
1975-10-23	0	3.7	27	11
1975-10-24	0	3	26	14
1975-10-25	15	3.6	22	16
1975-10-26	1	0.3	15	13
1975-10-27	2	0.2	19	13
1975-10-28	0	2.5	20	14
1975-10-29	9	4.5	19	15
1975-10-30	14	0.8	14	12
1975-10-31	0	0.9	17	10
1975-11-01	0	2	19	11
1975-11-02	0	1.8	20	13
1975-11-03	0	2.4	19	15
1975-11-04	5	2.9	19	13
1975-11-05	0	1.3	16	12
1975-11-06	0	2.3	20	11
1975-11-07	0	5.5	24	13
1975-11-08	0	2.6	23	13
1975-11-09	0	3.9	26	12
1975-11-10	0	3.4	20	12
1975-11-11	0	3.1	22	10
1975-11-12	24	3.7	19	11
1975-11-13	0	2	9	6
1975-11-14	0	2.2	13	4
1975-11-15	0	4.4	16	4
1975-11-16	0	1.9	17	6
1975-11-17	0	2.7	17	8
1975-11-18	0	2.7	17	8
1975-11-19	0	2	20	9
1975-11-20	5	0.9	16	10
1975-11-21	0	0.7	13	9
1975-11-22	7	0.6	14	9
1975-11-23	1	0.2	18	6
1975-11-24	2	1.1	11	7
1975-11-25	0	1.4	19	9
1975-11-26	2.5	4.4	24	9
1975-11-27	0	1.5	18	9
1975-11-28	0	2.2	19	11
1975-11-29	0	3.9	24	12
1975-11-30	5	3.9	25	14
1975-12-01	0	1.6	13	6
1975-12-02	0	1.1	16	8
1975-12-03	0	2.5	15	10
1975-12-04	0	0.2	16	10
1975-12-05	0	1.2	19	9
1975-12-06	0	1.7	18	10
1975-12-07	0	1.6	15	10
1975-12-08	0	0.7	14	10
1975-12-09	0	1.2	17	11
1975-12-10	0	0.9	17	8
1975-12-11	0	1.5	15	7
1975-12-12	0	1.6	15	8
1975-12-13	0	1	15	10
1975-12-14	0	1.8	17	10
1975-12-15	0	2.3	19	12
1975-12-16	0	0.4	15	12
1975-12-17	9	0.8	18	12
1975-12-18	8	0.2	17	9
1975-12-19	2	0.1	8	5
1975-12-20	4.5	0.6	17	6
1975-12-21	0	0.7	9	7
1975-12-22	0	0.6	19	6
1975-12-23	0	1.1	15	7
1975-12-24	2	3.5	22	9
1975-12-25	2	0.7	11	8
1975-12-26	8	0.2	7.1	6
1975-12-27	0	1.9	13	6
1975-12-28	0	3.3	22	6
1975-12-29	2	1.1	14	9
1975-12-30	0	0.9	8	3
1975-12-31	0	3.8	21	3
1976-01-01	0	5.1	23	9
1976-01-02	1	3.9	24	13
1976-01-03	1	0.1	9.1	8
1976-01-04	0	0.9	8	1
1976-01-05	0	1	14	2
1976-01-06	0	2.5	17	7
1976-01-07	13	4.5	23	7
1976-01-08	0	0.2	13	0
1976-01-09	0	2	18	0
1976-01-10	0	2	15	4
1976-01-11	0	2.9	17	7
1976-01-12	0	1	14	8
1976-01-13	0	2	22	8
1976-01-14	15	1.3	24	9
1976-01-15	0	2	13	9
1976-01-16	16	0.6	19	9
1976-01-17	2	2	10	6
1976-01-18	3	2.7	9	5
1976-01-19	0	0.9	10	2
1976-01-20	14	0.6	9.1	7
1976-01-21	6	0.7	8	6
1976-01-22	0	0.9	10	6
1976-01-23	0	2.1	16	5
1976-01-24	0	5.7	24	6
1976-01-25	0	4.7	23	14
1976-01-26	14	2	15	9
1976-01-27	0	0.9	13	1
1976-01-28	0	1	9	1
1976-01-29	0	0.3	15	3
1976-01-30	0	1	16	4
1976-01-31	0	6.1	20	9
1976-02-01	0	3.3	11	4
1976-02-02	0	3.8	14	4
1976-02-03	0	3.4	20	4
1976-02-04	0	3.7	22	10
1976-02-05	0	4.8	23	13
1976-02-06	5.5	3.9	20	12
1976-02-07	0	3.2	11	10
1976-02-08	0	0.8	18	8
1976-02-09	0	3.5	19	9
1976-02-10	0	3.6	20	10
1976-02-11	0	3.1	21	8
1976-02-12	0	3.1	17	8
1976-02-13	0	2.8	15	8
1976-02-14	0	1	14	10
1976-02-15	0	1.1	18	11
1976-02-16	0	3.8	23	12
1976-02-17	0	3	25	12
1976-02-18	0	5.9	21	13
1976-02-19	0	2.9	22	12
1976-02-20	0	5.6	25	12
1976-02-21	0	5.6	24	13
1976-02-22	0	2.3	7	4
1976-02-23	0	4.3	10	1
1976-02-24	0	0.6	14	0
1976-02-25	0	4.3	18	2
1976-02-26	0	5.2	16	4
1976-02-27	0	3.6	17	7
1976-02-28	0	4.5	19	6
1976-02-29	0	4.9	24	7
1976-03-01	0	4.8	25	12
1976-03-02	0	4.6	24	12
1976-03-03	0	3.8	20	12
1976-03-04	0	5.8	24	12
1976-03-05	0	5	27	13
1976-03-06	5	2.1	17	14
1976-03-07	3.5	1.2	16	14
1976-03-08	0	4.7	24	12
1976-03-09	2	0.7	15	13
1976-03-10	0	1.4	17	12
1976-03-11	0	3.5	23	13
1976-03-12	0	5.5	22	14
1976-03-13	7.8	2.4	20	13
1976-03-14	0	0.4	17	13
1976-03-15	0	2.4	22	12
1976-03-16	16	3	17	13
1976-03-17	0	4	16	12
1976-03-18	0	3.7	20	8
1976-03-19	0	8.1	23	10
1976-03-20	0	7.2	28	12
1976-03-21	10	1.9	28	16
1976-03-22	3	2	14	12
1976-03-23	0	6.2	18	10
1976-03-24	1.5	7.1	22	11
1976-03-25	0	5.9	23	13
1976-03-26	0	6.1	24	13
1976-03-27	0	5	19	12
1976-03-28	0	5.2	24	9
1976-03-29	0	4.4	28	15
1976-03-30	13.4	6.6	28	17
1976-03-31	0	0.1	9.1	7
1976-04-01	0	1.8	16	7
1976-04-02	0	4.3	18	8
1976-04-03	0	1.1	21	11
1976-04-04	3	5.2	20	13
1976-04-05	7.8	5.4	22	14
1976-04-06	0	1.6	19	13
1976-04-07	0	3.2	19	13
1976-04-08	0	3.3	20	13
1976-04-09	0	1.6	16	12
1976-04-10	1.2	1	16	11
1976-04-11	0	7.8	22	13
1976-04-12	0	2	21	14
1976-04-13	0	1	22	13
1976-04-14	1	4.4	21	14
1976-04-15	2.5	4.8	23	15
1976-04-16	0	3.5	27	17
1976-04-17	10	5.7	26	16
1976-04-18	15	5.5	20	16
1976-04-19	0	4.5	23	14
1976-04-20	2.4	4.5	25	15
1976-04-21	0	2.9	20	15
1976-04-22	0	3.6	22	15
1976-04-23	0	4.1	24	15
1976-04-24	0	2.3	23	15
1976-04-25	0	2.8	21	15
1976-04-26	0	4.1	22	13
1976-04-27	0	1.9	23	16
1976-04-28	0	3.7	23	16
1976-04-29	15	5	25	16
1976-04-30	8	1.5	17	12
1976-05-01	24.5	2.5	23	12
1976-05-02	1.4	3	25	10
1976-05-03	0	0.7	15	10
1976-05-04	0	1.2	16	13
1976-05-05	0	1.6	22	13
1976-05-06	0	5.6	28	15
1976-05-07	0	4.5	26	15
1976-05-08	4	4.2	20	16
1976-05-09	0	2	20	15
1976-05-10	0	4	21	15
1976-05-11	0	3.9	21	14
1976-05-12	0	2.7	21	14
1976-05-13	38	4.5	22	16
1976-05-14	0	3.4	23	12
1976-05-15	0	5.8	28	13
1976-05-16	0	2	28	18
1976-05-17	29	7.2	23	16
1976-05-18	8	5.9	26	13
1976-05-19	4.5	2.2	20	13
1976-05-20	0	6.8	22	13
1976-05-21	0	4.3	23	15
1976-05-22	0	4.7	24	15
1976-05-23	0	4.6	27	15
1976-05-24	0	4.3	26	17
1976-05-25	0	4.3	25	17
1976-05-26	0	5.7	29	17
1976-05-27	7.5	4.6	23	17
1976-05-28	0	8.1	22	15
1976-05-29	0	6.4	26	18
1976-05-30	0	6.4	30	18
1976-05-31	0	5.9	29	19
1976-06-01	1	2.7	26	19
1976-06-02	0	4.7	24	14
1976-06-03	0	4	22	15
1976-06-04	2	7.1	23	15
1976-06-05	1.3	2.9	21	16
1976-06-06	0	4.2	21	15
1976-06-07	1.3	4.2	21	14
1976-06-08	32.5	6.2	21	13
1976-06-09	0	1.3	20	13
1976-06-10	0	4.1	22	14
1976-06-11	0	4.1	23	15
1976-06-12	0	3.2	23	16
1976-06-13	0	5.2	23	15
1976-06-14	0	4.7	22	15
1976-06-15	39.5	2.8	24	16
1976-06-16	11.3	4.2	23	16
1976-06-17	0	3.1	24	17
1976-06-18	0	5.1	24	17
1976-06-19	73.8	3.3	23	16
1976-06-20	10.9	5.7	21	14
1976-06-21	20	1.2	19	13
1976-06-22	0	5	22	13
1976-06-23	0	1.9	23	13
1976-06-24	18	4.5	23	16
1976-06-25	54	4.3	18	16
1976-06-26	88.5	2.3	20	15
1976-06-27	65	1.7	16.1	15
1976-06-28	26	2	18	14
1976-06-29	13	1.8	18	14
1976-06-30	28	2.1	19	15
1976-07-01	25	3	20	15
1976-07-02	20	6.5	22	15
1976-07-03	6.5	1.4	22	16
1976-07-04	6	1.5	21	17
1976-07-05	65.5	1.9	19	16
1976-07-06	39.5	3.2	19	15
1976-07-07	12	2.1	19	15
1976-07-08	42	0.7	20	15
1976-07-09	14	0.6	19	16
1976-07-10	18	1.6	20	17
1976-07-11	5.5	0.6	20	16
1976-07-12	10	1	21	16
1976-07-13	19	3.7	23	16
1976-07-14	46	3.4	22	16
1976-07-15	25	1.6	22	15
1976-07-16	8.5	2.5	19	15
1976-07-17	38	3.1	21	16
1976-07-18	5.6	2.6	20	15
1976-07-19	12	5.6	20	13
1976-07-20	9	1.6	19	13
1976-07-21	5	0.7	18	15
1976-07-22	0	6.1	21	15
1976-07-23	8.5	3.2	20	14
1976-07-24	31.5	5.4	20	12
1976-07-25	15	4.4	20	12
1976-07-26	2	2.8	20	12
1976-07-27	0	4	21	14
1976-07-28	0	2.7	21	14
1976-07-29	0	3.2	21	14
1976-07-30	0	1.8	22	15
1976-07-31	7	2	21	15
1976-08-01	1	6.4	22	13
1976-08-02	0	4.5	23	14
1976-08-03	2.5	1.8	22	15
1976-08-04	0	3.4	21	15
1976-08-05	0	4.2	23	14
1976-08-06	0	3.4	21	14
1976-08-07	1.3	5.3	21	13
1976-08-08	7.6	1.6	21	13
1976-08-09	0	3.4	22	14
1976-08-10	14	5.9	21	14
1976-08-11	3	3	21	13
1976-08-12	0	3	22	15
1976-08-13	0	5	23	14
1976-08-14	0	3.8	23	13
1976-08-15	62	5.6	22	16
1976-08-16	54.2	3.6	21	14
1976-08-17	71.5	5.9	18	16
1976-08-18	6.7	2	17	15
1976-08-19	0	0.8	20	15
1976-08-20	33.8	3.5	18	13
1976-08-21	23.3	2.3	18	14
1976-08-22	13.5	2.4	19	14
1976-08-23	0	4.1	22	14
1976-08-24	0	3	21	15
1976-08-25	1.3	5	21	14
1976-08-26	1	2.4	21	14
1976-08-27	0	2	21	14
1976-08-28	42.5	6.1	20	12
1976-08-29	28	1	16	13
1976-08-30	17.3	1.1	18	14
1976-08-31	13	5	19	14
1976-09-01	0	5.1	22	13
1976-09-02	10	2.6	22	15
1976-09-03	23.5	3.9	21	15
1976-09-04	3	6.1	22	15
1976-09-05	0	4	22	14
1976-09-06	0	5.5	23	14
1976-09-07	0	4.1	23	14
1976-09-08	11.5	3.5	22	13
1976-09-09	39	3.1	18	15
1976-09-10	23.5	2.7	19	14
1976-09-11	0	2	21	14
1976-09-12	0	4.6	23	14
1976-09-13	0	5.3	23	16
1976-09-14	16.5	3.1	21	16
1976-09-15	25	3.9	22	15
1976-09-16	25	4.1	21	15
1976-09-17	5.3	4.2	21	15
1976-09-18	0	2	21	15
1976-09-19	0	1.9	22	16
1976-09-20	12	4.3	23	16
1976-09-21	42	2.2	21	16
1976-09-22	2.5	0.9	21	14
1976-09-23	0	3.9	23	14
1976-09-24	0	3.8	23	14
1976-09-25	0	2.6	26	15
1976-09-26	0	4.2	26	16
1976-09-27	8.5	3.8	26	17
1976-09-28	11.2	5	23	15
1976-09-29	70.7	4.3	19	15
1976-09-30	39	6.1	15.1	15
1976-10-01	4.6	0.3	17	15
1976-10-02	2	3.7	24	14
1976-10-03	0	0.6	21	15
1976-10-04	0	2.6	22	15
1976-10-05	30	2.4	20	15
1976-10-06	0	1.1	16	13
1976-10-07	41.5	2.1	16	12
1976-10-08	21	5.1	7.1	7
1976-10-09	0	1.2	11	3
1976-10-10	0	4	16	6
1976-10-11	0	4.1	18	9
1976-10-12	0	3.7	18	10
1976-10-13	0	4.2	19	8
1976-10-14	0	1.1	17	13
1976-10-15	0	3.2	22	13
1976-10-16	14.5	1.4	19	15
1976-10-17	2.5	1.1	12.1	11
1976-10-18	0	0.6	16	11
1976-10-19	15.8	4.2	20	12
1976-10-20	2.3	0.8	10	9
1976-10-21	3	0.4	14	7
1976-10-22	0	0.8	14	10
1976-10-23	0	1	18	11
1976-10-24	0	1.9	21	12
1976-10-25	1.5	0.7	19	15
1976-10-26	1	2	18	14
1976-10-27	3	1.2	20	15
1976-10-28	4	1.1	17	15
1976-10-29	0	1.1	21	13
1976-10-30	2.4	0.9	17	13
1976-10-31	4.2	0.8	12.1	12
1976-11-01	8	0.9	11	9
1976-11-02	3	0.4	11.1	10
1976-11-03	1	0.5	10.2	10
1976-11-04	0	0.5	10	8
1976-11-05	0	2.3	9.1	8
1976-11-06	0	4	16	6
1976-11-07	29.5	0.9	12.1	9
1976-11-08	19	0.7	12	9
1976-11-09	0	0.7	13	6
1976-11-10	0	2.7	19	8
1976-11-11	0	6.2	21	12
1976-11-12	3	0.3	15	13
1976-11-13	1.5	1.7	14	11
1976-11-14	0	1.8	12	6
1976-11-15	0	0.6	14	6
1976-11-16	6	0.4	13	10
1976-11-17	3.2	0.3	10	8
1976-11-18	0	0.4	12	8
1976-11-19	0	1	19	9
1976-11-20	4.5	0.4	20	11
1976-11-21	3.5	0.2	12.1	11
1976-11-22	10.7	0.5	11	9
1976-11-23	3	0.4	12	9
1976-11-24	1.8	0.6	11.1	10
1976-11-25	0	1	17	9
1976-11-26	0	1.8	24	10
1976-11-27	0	1.3	24	12
1976-11-28	1.5	0.7	16	10
1976-11-29	0	1.4	6	-1
1976-11-30	0	0.4	5	-1
1976-12-01	3	0.3	6.1	4
1976-12-02	3.7	2.2	5.1	4
1976-12-03	0	2	10	3
1976-12-04	0	3	16	6
1976-12-05	0	1.4	18	10
1976-12-06	3	0.4	19	12
1976-12-07	0	0.5	15	9
1976-12-08	0	0.6	8	4
1976-12-09	0	2.5	13	5
1976-12-10	0	1.1	19	6
1976-12-11	5.4	2	17	10
1976-12-12	0	0.5	14	10
1976-12-13	0	1.6	13	8
1976-12-14	0	0.5	16	10
1976-12-15	8.4	3.4	14	9
1976-12-16	5	0.6	12	9
1976-12-17	0	1.7	11	5
1976-12-18	0	1	14	7
1976-12-19	0	1.7	20	9
1976-12-20	16	1	19	10
1976-12-21	0	2	16	4
1976-12-22	1	0.9	12	4
1976-12-23	8	3.7	12.1	7
1976-12-24	0	3	18	6
1976-12-25	8.9	6.9	25	8
1976-12-26	0	3	17	7
1976-12-27	0	5.1	19	4
1976-12-28	0	3.1	24	8
1976-12-29	0	3	23	8
1976-12-30	0	3.1	25	9
1976-12-31	1	2.7	21	16
1977-01-01	0	0.6	14	10
1977-01-02	0	1.1	17	9
1977-01-03	0	1.2	17	10
1977-01-04	0	3.2	24	10
1977-01-05	0	2.6	16	9
1977-01-06	4.7	2.9	24	10
1977-01-07	0	2.2	13	7
1977-01-08	0	6.2	25	8
1977-01-09	2.3	4.7	26	13
1977-01-10	2	0.4	4	1
1977-01-11	0	0.4	10	0
1977-01-12	0	1	22	2
1977-01-13	0	2.4	19	8
1977-01-14	0	2.1	21	12
1977-01-15	1.3	0.5	13	11
1977-01-16	15.5	1	10.1	10
1977-01-17	2	0.4	8	6
1977-01-18	1.3	1.3	9	5
1977-01-19	0	1.8	6	4
1977-01-20	0	1.7	9	3
1977-01-21	0	0.9	10	5
1977-01-22	0	1.1	12	6
1977-01-23	1	1.3	14	8
1977-01-24	3.6	1.5	18	10
1977-01-25	3.5	0.6	10.1	9
1977-01-26	0	3.9	24	8
1977-01-27	0	5.5	23	10
1977-01-28	0	5.6	26	9
1977-01-29	3.5	0.9	11.1	10
1977-01-30	4	2.2	19	9
1977-01-31	1	0.2	9.5	9
1977-02-01	0	1	11	5
1977-02-02	0	2.9	16	7
1977-02-03	4.2	0.8	22	8
1977-02-04	2.4	1.5	9	8
1977-02-05	2.3	0.5	8.2	8
1977-02-06	0	0.9	11	5
1977-02-07	3.4	0.9	11	8
1977-02-08	4	0.2	12	9
1977-02-09	0	1.3	11	9
1977-02-10	0	0.4	14	9
1977-02-11	0	1.4	20	10
1977-02-12	16.8	1.5	16	10
1977-02-13	0	1.3	9	5
1977-02-14	0	2.7	15	6
1977-02-15	8.3	1.8	14	7
1977-02-16	0	0.6	17	3
1977-02-17	0	1.7	14	3
1977-02-18	0	3.4	20	6
1977-02-19	0	3.7	21	10
1977-02-20	0	3.1	13	10
1977-02-21	0	4.1	17	9
1977-02-22	0	6.9	25	10
1977-02-23	0	6.4	27	16
1977-02-24	0	5.3	20	11
1977-02-25	0	7.4	25	12
1977-02-26	0	6.8	25	14
1977-02-27	6	2.7	11	6
1977-02-28	14	1.2	7.1	6
1977-03-01	0	2.4	21	6
1977-03-02	0	4.2	22	7
1977-03-03	0	4.7	29	12
1977-03-04	0	2.8	13	9
1977-03-05	4	1.9	19	6
1977-03-06	12	0.4	18	9
1977-03-07	0	1.7	9	3
1977-03-08	0	1.9	11	3
1977-03-09	0	3.1	19	6
1977-03-10	0	8.6	29	9
1977-03-11	0	6.1	30	15
1977-03-12	0	5.4	16	10
1977-03-13	0	6.9	21	8
1977-03-14	0	4.4	28	13
1977-03-15	0	5.2	26	16
1977-03-16	0	2.8	20	14
1977-03-17	0	6.4	24	12
1977-03-18	0	7.6	27	13
1977-03-19	0	8.3	31	12
1977-03-20	0	3.9	21	13
1977-03-21	5.7	2.9	24	13
1977-03-22	15	2.1	23	14
1977-03-23	0	0.5	15	10
1977-03-24	0	3	24	12
1977-03-25	0	4.1	21	8
1977-03-26	0	6.4	23	14
1977-03-27	0	6.9	29	14
1977-03-28	0	3.6	25	18
1977-03-29	0	8.6	29	16
1977-03-30	0	7.3	29	18
1977-03-31	0	2.3	20	16
1977-04-01	0	7.9	26	20
1977-04-02	0	6.4	31	18
1977-04-03	0	9.2	32	18
1977-04-04	0	4.2	28	21
1977-04-05	0	3.4	15	9
1977-04-06	0	4	13	6
1977-04-07	0	5	13	7
1977-04-08	0	3.2	15	9
1977-04-09	0	2	14	11
1977-04-10	0	1.2	15	9
1977-04-11	0	2	17	10
1977-04-12	0	3	18	12
1977-04-13	0	5.1	17	13
1977-04-14	2	0.9	22	12
1977-04-15	0	5.7	24	13
1977-04-16	0	6.3	25	15
1977-04-17	3.5	5	22	16
1977-04-18	0	2	20	15
1977-04-19	3	3.6	21	16
1977-04-20	0	3.9	23	15
1977-04-21	2	4.5	25	13
1977-04-22	17.3	5.3	18	12
1977-04-23	2.5	4.1	17	11
1977-04-24	1.7	2.5	17	12
1977-04-25	0	3.1	18	13
1977-04-26	8	1.6	18	12
1977-04-27	4.2	1.5	15	11
1977-04-28	0	1.8	20	12
1977-04-29	0	2.9	20	12
1977-04-30	0	6.3	22	14
1977-05-01	0	3	24	15
1977-05-02	0	0.8	23	15
1977-05-03	0	0.9	23	16
1977-05-04	0	2.7	22	13
1977-05-05	0	5.2	25	13
1977-05-06	0	6.2	22	13
1977-05-07	0	2.8	24	11
1977-05-08	0	9.7	23	16
1977-05-09	0	2	25	16
1977-05-10	8	8.9	25	17
1977-05-11	0	0.9	23	15
1977-05-12	16.2	2.4	20	17
1977-05-13	0	0.7	19	14
1977-05-14	3	4.8	24	14
1977-05-15	0	5	25	16
1977-05-16	0	1	28	17
1977-05-17	0	3	23	17
1977-05-18	0	3.5	23	16
1977-05-19	0	3.7	24	16
1977-05-20	0	4.9	24	15
1977-05-21	8.5	4.7	27	16
1977-05-22	34.5	6.6	23	16
1977-05-23	0	4.2	21	14
1977-05-24	0	2.5	20	16
1977-05-25	0	0.8	22	16
1977-05-26	0	4.6	33	15
1977-05-27	0	4.6	25	15
1977-05-28	0	5.1	27	15
1977-05-29	0	6.1	27	16
1977-05-30	0	7.1	24	16
1977-05-31	0	6.8	23	16
1977-06-01	0	1.9	24	15
1977-06-02	0	4.5	24	15
1977-06-03	0	6	24	15
1977-06-04	0	2.5	21	15
1977-06-05	0	5.5	21	12
1977-06-06	11.5	6.7	22	15
1977-06-07	9.8	4.6	20	14
1977-06-08	0	2.7	22	13
1977-06-09	0	2.9	22	13
1977-06-10	0	5.1	23	16
1977-06-11	0	2.6	25	15
1977-06-12	26.8	4	25	17
1977-06-13	0	2.8	21	11
1977-06-14	4	7.1	25	12
1977-06-15	14.5	3.8	22	16
1977-06-16	10.4	2.2	21	15
1977-06-17	0	4	22	15
1977-06-18	0	4	21	16
1977-06-19	3.8	3.6	21	16
1977-06-20	37	0.9	20	16
1977-06-21	2.4	0.8	18	15
1977-06-22	30	2.1	21	16
1977-06-23	24	1.5	19	16
1977-06-24	3	5.4	22	16
1977-06-25	4	6.4	22	14
1977-06-26	0	5.3	23	13
1977-06-27	0	4.7	23	13
1977-06-28	8.5	3.5	24	14
1977-06-29	1	4.2	25	13
1977-06-30	0	5	22	14
1977-07-01	0	2.7	23	17
1977-07-02	0	2.2	22	16
1977-07-03	0	2.2	21	15
1977-07-04	0	1.8	22	14
1977-07-05	0	3.3	21	16
1977-07-06	0	2	21	14
1977-07-07	0	3	22	16
1977-07-08	0	3.8	21	17
1977-07-09	0	3.6	21	15
1977-07-10	0	4.5	22	14
1977-07-11	0	4.8	19	13
1977-07-12	17.5	7.2	22	13
1977-07-13	7.5	4.4	22	15
1977-07-14	9.3	3.8	21	15
1977-07-15	0	4.6	19	13
1977-07-16	0	5	21	16
1977-07-17	0	2.2	24	11
1977-07-18	0	6.1	24	15
1977-07-19	0	3.1	22	15
1977-07-20	0	3.6	22	16
1977-07-21	0	3.6	23	15
1977-07-22	0	1.6	23	14
1977-07-23	12.5	4.8	21	13
1977-07-24	0	4.1	22	14
1977-07-25	0	3.7	22	14
1977-07-26	0	3.4	24	15
1977-07-27	2	4.1	23	16
1977-07-28	0	2.9	23	18
1977-07-29	0	4.6	23	14
1977-07-30	0	2.9	23	15
1977-07-31	0	2.6	23	14
1977-08-01	0	4.1	24	16
1977-08-02	0	6.2	25	17
1977-08-03	0	6.2	25	15
1977-08-04	0	5.2	24	15
1977-08-05	2	4.9	23	15
1977-08-06	10.5	3.5	22	15
1977-08-07	7	4.5	22	15
1977-08-08	2	5	23	14
1977-08-09	0	3.8	23	15
1977-08-10	0	2.6	24	15
1977-08-11	12.5	1.9	21	14
1977-08-12	6	4	22	14
1977-08-13	10	6.6	24	15
1977-08-14	20	6.5	23	12
1977-08-15	0	5	21	17
1977-08-16	0	3	22	15
1977-08-17	0	5.4	23	15
1977-08-18	2.7	5.6	24	16
1977-08-19	0	6	23	15
1977-08-20	0	2	24	14
1977-08-21	0	2.9	22	15
1977-08-22	0	2.6	20	16
1977-08-23	0	5.5	25	14
1977-08-24	0	5.1	24	15
1977-08-25	0	3	24	15
1977-08-26	0	2	24	9
1977-08-27	0	5.2	25	13
1977-08-28	16.7	5.6	24	17
1977-08-29	18.5	4.8	22	16
1977-08-30	0	3.1	23	16
1977-08-31	32	6.8	24	16
1977-09-01	12	5.1	24	16
1977-09-02	42.5	1.5	21.1	17
1977-09-03	0	0.9	20	15
1977-09-04	0	2.8	22	15
1977-09-05	0	4.1	24	15
1977-09-06	0	2	20	15
1977-09-07	0	6.2	25	16
1977-09-08	0	4.1	23	15
1977-09-09	0	4.2	23	14
1977-09-10	21	7.9	20	15
1977-09-11	0	7.1	23	14
1977-09-12	1.5	3.9	24	12
1977-09-13	0	4.2	25	17
1977-09-14	22	1.8	21	17
1977-09-15	0	4.2	22	13
1977-09-16	9.5	5.1	23	14
1977-09-17	3	0.6	28	16
1977-09-18	0	2.5	24	8
1977-09-19	0	3.8	23	12
1977-09-20	3.7	3.5	22	15
1977-09-21	0	4.4	22	14
1977-09-22	2	1.5	21	15
1977-09-23	0	1	22	15
1977-09-24	0	4.6	23	15
1977-09-25	0	6	24	16
1977-09-26	0	2	27	14
1977-09-27	8.3	3.9	24	17
1977-09-28	8.9	6.9	22	13
1977-09-29	0	2.3	22	14
1977-09-30	0	5	24	15
1977-10-01	46.5	4.5	22	16
1977-10-02	39.7	3.45	22	17
1977-10-03	87.3	0.53	19	10
1977-10-04	31.5	4.81	20	11
1977-10-05	NULO	2.41	20	14
1977-10-06	6.3	2.33	19	14
1977-10-07	0	1.43	22	12
1977-10-08	0	4.26	23	14
1977-10-09	0	3.98	25	14
1977-10-10	0	3.95	26	14
1977-10-11	42.5	5.02	23	17
1977-10-12	14.4	0.3	14	12
1977-10-13	NULO	1.02	12	7
1977-10-14	0	3.05	17	7
1977-10-15	1	3.03	18	8
1977-10-16	0	3.02	17	11
1977-10-17	0	1.33	17	12
1977-10-18	0	2.07	18	11
1977-10-19	NULO	0.6	18	12
1977-10-20	NULO	3.02	20	13
1977-10-21	NULO	1.18	19	11
1977-10-22	0	1.3	20	14
1977-10-23	4.3	0.77	21	15
1977-10-24	31.7	1.53	20	15
1977-10-25	26.5	1.5	16	15
1977-10-26	13.8	4.4	16	14
1977-10-27	1.5	1.61	19	13
1977-10-28	19.5	3.19	20	15
1977-10-29	0	2.22	20	13
1977-10-30	0	2.66	23	14
1977-10-31	0	2.1	23	15
1977-11-01	11.5	5	24	16
1977-11-02	0	3	22	11
1977-11-03	0	2	19	10
1977-11-04	0	4.1	18	10
1977-11-05	0	2.7	19	7
1977-11-06	0	4.1	25	8
1977-11-07	0	4.1	23	14
1977-11-08	0	3.8	26	11
1977-11-09	10.5	1.5	23	16
1977-11-10	4.3	0.4	7	4
1977-11-11	9	0.4	9	5
1977-11-12	4	0.5	10	8
1977-11-13	0	0.9	12	9
1977-11-14	0	0.5	15	8
1977-11-15	0	1.9	18	11
1977-11-16	0	3.4	23	13
1977-11-17	4	2.1	22	15
1977-11-18	0	2.3	21	13
1977-11-19	0	2.1	22	14
1977-11-20	0	3.4	22	15
1977-11-21	19	1	21	14
1977-11-22	4.5	0.9	16	12
1977-11-23	0	2.6	17	12
1977-11-24	0	1.5	20	14
1977-11-25	16.5	2.3	22	12
1977-11-26	0	0.2	16	13
1977-11-27	0	0.1	25	14
1977-11-28	0	1.1	25	13
1977-11-29	0	3	24	13
1977-11-30	0	0.9	18	12
1977-12-01	0	2.1	19	12
1977-12-02	2.7	1.6	15	13
1977-12-03	0	4.1	22	11
1977-12-04	0	3	23	14
1977-12-05	0	4.1	23	15
1977-12-06	26.7	3.5	21	13
1977-12-07	0	2	16	9
1977-12-08	0	6.1	20	11
1977-12-09	6.5	5.6	23	16
1977-12-10	2.5	0.8	23	10
1977-12-11	0	1.1	15	10
1977-12-12	0	1.7	18	11
1977-12-13	0	1	23	12
1977-12-14	0	3.3	15	11
1977-12-15	0	2.7	19	9
1977-12-16	0	5.8	24	10
1977-12-17	0	4	24	16
1977-12-18	0	2.4	19	12
1977-12-19	0	6.1	26	10
1977-12-20	3	3	20	12
1977-12-21	0	2	6	1
1977-12-22	0	0.7	10	2
1977-12-23	0	3.7	21	2
1977-12-24	0	5.2	25	9
1977-12-25	0	4.5	20	12
1977-12-26	3	2.4	16	7
1977-12-27	1	3.6	15	11
1977-12-28	0	3	18	11
1977-12-29	0	2.2	24	12
1977-12-30	0	3.8	24	12
1977-12-31	0	0.9	20	12
1978-01-01	8	3.9	19	12
1978-01-02	8.3	4.3	11	9
1978-01-03	0	3.2	19	3
1978-01-04	0	1.9	17	5
1978-01-05	0	2.9	23	8
1978-01-06	0	3.1	19	8
1978-01-07	0	2.9	23	11
1978-01-08	0	2.4	17	8
1978-01-09	3	1	14	5
1978-01-10	0	3.7	13	6
1978-01-11	0	1.3	18	8
1978-01-12	0	2.1	22	9
1978-01-13	0	2.4	17	10
1978-01-14	0	1.8	18	7
1978-01-15	0	1	17	5
1978-01-16	0	2.7	26	7
1978-01-17	0	1.5	15	12
1978-01-18	0	0.3	18	9
1978-01-19	5.7	2.6	20	7
1978-01-20	0	2.7	16	2
1978-01-21	0	0.3	17	4
1978-01-22	0	1.8	9	5
1978-01-23	0	3.3	19	5
1978-01-24	0	1.6	24	6
1978-01-25	0	1.5	15	13
1978-01-26	0	2.5	8	6
1978-01-27	0	2.2	13	6
1978-01-28	0	0.3	12	8
1978-01-29	0	0.8	13	10
1978-01-30	0	0.4	15	10
1978-01-31	1	0.7	14	10
1978-02-01	0	1.2	16	11
1978-02-02	0	3	17	10
1978-02-03	0	2.3	16	9
1978-02-04	3.5	1.8	18	7
1978-02-05	1.5	1.3	10	7
1978-02-06	1	2.6	12	6
1978-02-07	8	3.9	18	6
1978-02-08	1.5	1.2	13	7
1978-02-09	0	3	20	8
1978-02-10	0	3.2	11	9
1978-02-11	0	4	20	6
1978-02-12	0	3.4	23	8
1978-02-13	2	4.4	13	11
1978-02-14	0	1.1	12	10
1978-02-15	0	1.5	17	8
1978-02-16	0	1.6	16	9
1978-02-17	2.4	1.2	22	8
1978-02-18	0	0.6	15	6
1978-02-19	0	0.9	16	7
1978-02-20	0	1	14	6
1978-02-21	2.5	0.6	10	3
1978-02-22	1.5	0.7	12	2
1978-02-23	0	1.9	14	8
1978-02-24	0	1.1	17	6
1978-02-25	0	2.7	23	9
1978-02-26	0	3.3	19	11
1978-02-27	0	6.9	25	11
1978-02-28	0	6.1	27	13
1978-03-01	0	4	20	15
1978-03-02	0	2.4	25	15
1978-03-03	0	1.9	20	13
1978-03-04	1	2.2	20	8
1978-03-05	0	2.5	15	5
1978-03-06	0	0.6	25	5
1978-03-07	0	3.4	28	15
1978-03-08	2.7	2.2	17	8
1978-03-09	0	4.1	16	6
1978-03-10	0	6.2	20	7
1978-03-11	0	7.5	26	10
1978-03-12	0	3.9	28	11
1978-03-13	0	2.6	32	15
1978-03-14	0	4.9	19	13
1978-03-15	0	5	20	11
1978-03-16	0	5.3	12.1	11
1978-03-17	13	5.3	10	5
1978-03-18	0	1.1	11	4
1978-03-19	0	1.8	12	6
1978-03-20	0	4.1	20	8
1978-03-21	0	3	21	10
1978-03-22	1.4	1.5	17	12
1978-03-23	0	4.4	24	12
1978-03-24	13.5	3.9	22	15
1978-03-25	19	1.2	15	13
1978-03-26	13.2	0.5	14.1	10
1978-03-27	0	1.1	16	10
1978-03-28	0	2.3	17	9
1978-03-29	1	2.1	19	8
1978-03-30	0	2.5	15	11
1978-03-31	0	1.4	16	10
1978-04-01	0	5.1	22	11
1978-04-02	0	4	25	13
1978-04-03	0	3.6	24	14
1978-04-04	0	4.8	23	14
1978-04-05	0	4.2	20	12
1978-04-06	0	3	22	14
1978-04-07	0	1.8	29	13
1978-04-08	0	4.5	32	15
1978-04-09	0	5.2	27	15
1978-04-10	8	3.6	27	16
1978-04-11	1.5	2.5	13.1	13
1978-04-12	0	3	18	9
1978-04-13	0	4.5	19	10
1978-04-14	0	4.7	20	12
1978-04-15	0	4.9	23	12
1978-04-16	0	6.5	24	13
1978-04-17	0	6.1	25	15
1978-04-18	0	5.4	26	14
1978-04-19	3.5	5.7	25	16
1978-04-20	10.5	2.3	25	16
1978-04-21	1	3.8	21	14
1978-04-22	0	3.4	25	13
1978-04-23	0	6.6	24	15
1978-04-24	0	6.1	22	14
1978-04-25	3.8	3.1	22	16
1978-04-26	0	1.9	18	14
1978-04-27	0	4.1	20	12
1978-04-28	0	4.2	24	13
1978-04-29	0	6.4	29	14
1978-04-30	0	3.2	29	20
1978-05-01	0	7.8	32	18
1978-05-02	0	2.5	34	20
1978-05-03	0	7.6	27	22
1978-05-04	0	3.9	25	14
1978-05-05	0	8.8	27	14
1978-05-06	0	10.1	32	14
1978-05-07	0	8.1	33	23
1978-05-08	0	4.1	29	19
1978-05-09	0	3.1	28	19
1978-05-10	0	4.9	26	18
1978-05-11	0	5.9	27	17
1978-05-12	0	3.4	28	16
1978-05-13	0	8.5	25	16
1978-05-14	0	4	23	15
1978-05-15	3.4	6.5	26	16
1978-05-16	0	2.7	25	15
1978-05-17	0	7.1	31	13
1978-05-18	0	7.1	25	19
1978-05-19	9	6.9	25	18
1978-05-20	4	5.4	24	15
1978-05-21	47.3	6.8	23	16
1978-05-22	0	2.3	24	14
1978-05-23	0	4.7	23	16
1978-05-24	0	4.5	25	16
1978-05-25	0	4	24	18
1978-05-26	13	5.1	24	18
1978-05-27	13.2	7.9	23	17
1978-05-28	0	2	21	16
1978-05-29	0	5.6	23	16
1978-05-30	0	2.8	22	15
1978-05-31	23.3	3.4	21	16
1978-06-01	8.7	0.9	22	16
1978-06-02	0	4.5	22	17
1978-06-03	47.8	0.7	23	16
1978-06-04	21.3	6.6	29	15
1978-06-05	9.1	4.5	23	16
1978-06-06	28	5.5	25	17
1978-06-07	34	2.2	28	15
1978-06-08	32	1	23	15
1978-06-09	0	1.4	20	13
1978-06-10	1	4	21	14
1978-06-11	0	3.7	22	15
1978-06-12	12.3	4.6	23	15
1978-06-13	1.5	3.8	22	14
1978-06-14	0	5	23	14
1978-06-15	0	5.2	23	15
1978-06-16	0	5.1	22	15
1978-06-17	0	4.6	22	14
1978-06-18	9.5	3.8	20	14
1978-06-19	0	2.7	22	13
1978-06-20	1.5	3.5	22	13
1978-06-21	59.8	3.7	22	16
1978-06-22	5.9	3.4	23	14
1978-06-23	12	3.9	22	15
1978-06-24	0	3	21	16
1978-06-25	0	2.6	23	16
1978-06-26	0	3.8	22	16
1978-06-27	13.8	2.8	23	15
1978-06-28	0	2.2	21	15
1978-06-29	10.2	4.3	21	15
1978-06-30	0	4.7	23	14
1978-07-01	0	3.8	23	15
1978-07-02	2.5	2.7	21	14
1978-07-03	1	4.4	23	15
1978-07-04	0	4.9	23	16
1978-07-05	0	4.1	22	16
1978-07-06	0	4.2	22	16
1978-07-07	0	4.8	22	14
1978-07-08	1	4.3	21	17
1978-07-09	0	4.4	22	13
1978-07-10	0	2.6	22	14
1978-07-11	0	1.5	23	13
1978-07-12	0	3.3	22	14
1978-07-13	0	6.1	20	14
1978-07-14	0	3.4	23	15
1978-07-15	0	3.2	24	13
1978-07-16	0	4.3	25	14
1978-07-17	0	5	23	14
1978-07-18	0	2.6	24	14
1978-07-19	0	2.9	21	15
1978-07-20	0	3.5	19.1	16
1978-07-21	0	2.8	23	14
1978-07-22	6.8	4.7	21	15
1978-07-23	78.3	4.9	19	15
1978-07-24	27.7	5.9	19	14
1978-07-25	0	4.7	21	14
1978-07-26	7.3	2.7	24	15
1978-07-27	6.3	5.2	23	15
1978-07-28	1.5	7.1	22	16
1978-07-29	0	4	22	15
1978-07-30	0	3.5	23	14
1978-07-31	44	2.2	22	15
1978-08-01	0	2.6	22	15
1978-08-02	0	3.4	22	16
1978-08-03	0	4.1	23	14
1978-08-04	0	3.7	24	15
1978-08-05	13	4	22	13
1978-08-06	8	3.1	23	14
1978-08-07	92.5	4.6	21	14
1978-08-08	35.7	2.2	16.1	15
1978-08-09	5	2.7	20	15
1978-08-10	31	5.3	22	14
1978-08-11	0	2.8	22	15
1978-08-12	6.7	1.4	23	14
1978-08-13	0	3.1	23	16
1978-08-14	1	3	21	13
1978-08-15	0	4.3	19	15
1978-08-16	0	5.2	23	14
1978-08-17	0	3.2	24	15
1978-08-18	0	4.4	24	15
1978-08-19	1.5	4.2	23	16
1978-08-20	20	4.7	22	15
1978-08-21	34.5	3.2	21	14
1978-08-22	15.6	0.9	18	13
1978-08-23	0	4	22	13
1978-08-24	32.3	5	22	14
1978-08-25	15.5	3.3	21	15
1978-08-26	0	3.6	24	15
1978-08-27	0	4.7	25	14
1978-08-28	0	5.6	25	15
1978-08-29	0	4.9	24	16
1978-08-30	3.7	1.9	21	15
1978-08-31	6.5	3.1	22	15
1978-09-01	5.2	2.2	20	15
1978-09-02	15.5	4.7	22	12
1978-09-03	0	2.8	21	12
1978-09-04	0	3.1	21	15
1978-09-05	1	3	21	14
1978-09-06	4.5	2	20	15
1978-09-07	12	1.5	20	15
1978-09-08	37	3	21	16
1978-09-09	4.6	2.3	22	15
1978-09-10	14	2.5	21	16
1978-09-11	0	3.6	25	16
1978-09-12	0	5.2	26	17
1978-09-13	0	4.7	27	17
1978-09-14	3	2.9	25	18
1978-09-15	0	5	23	17
1978-09-16	0	2.9	23	15
1978-09-17	0	4.3	21	15
1978-09-18	0	3.4	23	13
1978-09-19	4	2.5	23	15
1978-09-20	3	2.8	20	13
1978-09-21	38	1.4	18	14
1978-09-22	166.5	3.7	16	14
1978-09-23	189.8	0.6	17	15
1978-09-24	60	2.2	18	15
1978-09-25	21.6	4.2	20	15
1978-09-26	4	1.3	19	15
1978-09-27	34.8	3.8	20	13
1978-09-28	7	0.1	17	15
1978-09-29	0	0.6	17	14
1978-09-30	36.5	1.1	20	14
1978-10-01	0	3.2	19	13
1978-10-02	0	2.1	19	13
1978-10-03	2.5	1.5	20	13
1978-10-04	8.6	2.9	22	14
1978-10-05	13	2.9	22	14
1978-10-06	23	2	19	16
1978-10-07	26	3.7	18	15
1978-10-08	37	1.3	17	13
1978-10-09	14.5	1	16	14
1978-10-10	0	2.6	20	13
1978-10-11	0	3.3	22	13
1978-10-12	24.3	1.9	20	14
1978-10-13	53	2.9	21	15
1978-10-14	47.3	2.5	17	12
1978-10-15	0	2.6	13	8
1978-10-16	16.4	2.5	16	8
1978-10-17	4.5	2	16	10
1978-10-18	1	0.1	14	11
1978-10-19	2	0.9	14	10
1978-10-20	0	1.4	18	11
1978-10-21	0	3.8	18	10
1978-10-22	0	1.1	18	9
1978-10-23	1.2	2.2	19	11
1978-10-24	0	2.6	19	11
1978-10-25	0	3	22	12
1978-10-26	49.3	5.7	21	15
1978-10-27	8.3	3.2	15.1	14
1978-10-28	4.6	2.4	14.1	13
1978-10-29	0	1.4	14	12
1978-10-30	0	1	17	10
1978-10-31	13.8	2.2	18	12
1978-11-01	5.2	1.4	16	12
1978-11-02	18.5	1.3	16	13
1978-11-03	5.5	1.5	18	15
1978-11-04	0	1.2	18	14
1978-11-05	0	1	19	14
1978-11-06	19	4	21	12
1978-11-07	11.5	1.9	12	11
1978-11-08	0	0.6	14	10
1978-11-09	0	3.9	22	9
1978-11-10	0	3.8	23	11
1978-11-11	7.5	2	19	13
1978-11-12	0	1.6	18	14
1978-11-13	0	1.9	21	12
1978-11-14	0	1.3	19	13
1978-11-15	0	1.9	19	15
1978-11-16	6	4	21	13
1978-11-17	2	1.8	23	10
1978-11-18	0	1.7	16	12
1978-11-19	6.5	3.6	22	13
1978-11-20	21.5	4.4	21	13
1978-11-21	7.5	3.1	21	12
1978-11-22	0	2.9	14.1	12
1978-11-23	0	2.8	17	11
1978-11-24	0	1.2	17	12
1978-11-25	0	1.5	19	13
1978-11-26	0	4.6	25	13
1978-11-27	2.2	1.9	24	14
1978-11-28	0	1.6	13.1	12
1978-11-29	0	2.9	17	11
1978-11-30	1	1.1	18	12
1978-12-01	0	2.2	19	15
1978-12-02	0	2	25	14
1978-12-03	0	3.2	21	12
1978-12-04	0	2.2	18	12
1978-12-05	0	2.8	17	14
1978-12-06	0	3	27	13
1978-12-07	0	2.8	26	14
1978-12-08	0	2.9	19	11
1978-12-09	2	3.7	4	-1
1978-12-10	0	1.2	6	-2
1978-12-11	3	1	10	1
1978-12-12	2	2	11	5
1978-12-13	20	2.1	13	9
1978-12-14	1	3.4	11	9
1978-12-15	5	1.1	16	8
1978-12-16	2	2	21	9
1978-12-17	3	2.8	11.1	9
1978-12-18	0	1.6	13	9
1978-12-19	0	3.9	23	4
1978-12-20	0	2	24	11
1978-12-21	0	1	14	12
1978-12-22	0	3.3	18	7
1978-12-23	0	1.6	24	12
1978-12-24	0	3.2	17	11
1978-12-25	0	1.5	22	9
1978-12-26	1	2	22	8
1978-12-27	0	1	13	9
1978-12-28	0	0.5	14	9
1978-12-29	0	2.6	20	10
1978-12-30	0	1.1	16	9
1978-12-31	0	1.8	20	9
1979-01-01	4	2	15	12
1979-01-02	5	1.6	1.1	-2
1979-01-03	4	1.6	3	-5
1979-01-04	0	1.1	11	1
1979-01-05	0	2.6	15	3
1979-01-06	0	2	20	8
1979-01-07	6	1.4	21	10
1979-01-08	0	2.3	8	3
1979-01-09	0	1.7	7	1
1979-01-10	0	0.9	13	5
1979-01-11	0	1.6	12	7
1979-01-12	0	1.7	23	6
1979-01-13	0	2.3	25	10
1979-01-14	0	0.7	5	2
1979-01-15	0	2.3	11	0
1979-01-16	0	2	16	2
1979-01-17	0	0.9	15	6
1979-01-18	0	1.8	22	8
1979-01-19	0	2.4	22	12
1979-01-20	0	1.2	25	16
1979-01-21	0	3.3	25	4
1979-01-22	0	3.5	21	3
1979-01-23	0	2.1	24	7
1979-01-24	0	3.1	23	4
1979-01-25	0	4	25	4
1979-01-26	0	3	28	14
1979-01-27	1	2.8	23	17
1979-01-28	0	2.4	13	6
1979-01-29	0	0.9	23	8
1979-01-30	2	3.2	24	13
1979-01-31	4	2.2	6	5
1979-02-01	0	1.2	12	8
1979-02-02	0	3.2	22	8
1979-02-03	0	5.3	19	11
1979-02-04	0	1.9	17	10
1979-02-05	0	2.2	18	11
1979-02-06	0	2.2	18	13
1979-02-07	3	0.3	8.1	7
1979-02-08	0	0.4	15	5
1979-02-09	11	1.1	17	7
1979-02-10	1	0.1	19	8
1979-02-11	2	3	16	6
1979-02-12	0	1.9	12	8
1979-02-13	0	1	15	7
1979-02-14	0	1.6	21	8
1979-02-15	0	2.9	25	11
1979-02-16	7	2.6	26	10
1979-02-17	1	3.2	12	9
1979-02-18	1	0.7	9	2
1979-02-19	0	1.4	20	3
1979-02-20	0	1.9	20	7
1979-02-21	1	2.8	20	9
1979-02-22	0	3.8	21	10
1979-02-23	0	3.6	25	9
1979-02-24	4	7.8	25	10
1979-02-25	0	2	18	6
1979-02-26	0	1.5	14	9
1979-02-27	0	6.7	16	7
1979-02-28	0	3.8	21	6
1979-03-01	0	3.6	19	10
1979-03-02	0	1.5	26	12
1979-03-03	0	3.4	23	13
1979-03-04	7	7.1	15	10
1979-03-05	16	3.5	11	8
1979-03-06	5	6	11	7
1979-03-07	0	4	14	7
1979-03-08	0	5.9	16	9
1979-03-09	0	5.1	22	10
1979-03-10	11	1.2	20	11
1979-03-11	1	0.5	14	12
1979-03-12	0	1.3	14	6
1979-03-13	0	1.3	29	8
1979-03-14	0	1.4	16	11
1979-03-15	0	3.5	20	12
1979-03-16	0	1.4	16	12
1979-03-17	0	2.3	22	12
1979-03-18	8	4.3	22	12
1979-03-19	0	3.1	24	15
1979-03-20	0	5.4	22	15
1979-03-21	0	6.6	24	14
1979-03-22	0	5.5	28	15
1979-03-23	1	3.5	21	13
1979-03-24	7	2.1	19	10
1979-03-25	2	0.6	14	9
1979-03-26	0	1.7	17	9
1979-03-27	0	2.1	16	10
1979-03-28	0	1.7	19	12
1979-03-29	0	2.7	23	13
1979-03-30	0	6.5	29	14
1979-03-31	0	2.5	22	16
1979-04-01	0	3.8	27	14
1979-04-02	0	4.1	29	17
1979-04-03	8	1.2	27	16
1979-04-04	20	0.4	15.1	14
1979-04-05	6	2.3	13	11
1979-04-06	0	1.6	15	11
1979-04-07	0	2	19	13
1979-04-08	0	2.1	23	12
1979-04-09	0	4.7	25	14
1979-04-10	0	5.6	31	16
1979-04-11	0	4.5	31	21
1979-04-12	0	5.5	28	17
1979-04-13	0	3.3	23	15
1979-04-14	0	6.1	20	14
1979-04-15	0	6	21	14
1979-04-16	0	2.1	22	14
1979-04-17	0	1	22	15
1979-04-18	0	2	23	14
1979-04-19	1	3.2	22	16
1979-04-20	11	1.7	26	15
1979-04-21	20	5.8	21	14
1979-04-22	40	3	16	11
1979-04-23	0	3.2	21	10
1979-04-24	0	4.2	22	13
1979-04-25	0	7.8	26	13
1979-04-26	0	5.9	28	15
1979-04-27	0	6.7	22	16
1979-04-28	0	3.1	23	11
1979-04-29	0	3.2	25	14
1979-04-30	2	6	24	16
1979-05-01	0	3.9	22	16
1979-05-02	0	4	26	16
1979-05-03	0	4.8	30	17
1979-05-04	3	3.1	22	17
1979-05-05	0	2.1	14	10
1979-05-06	0	4.9	22	10
1979-05-07	0	2.5	29	14
1979-05-08	0	3.2	28	18
1979-05-09	0	5.1	37	18
1979-05-10	0	2.4	31	20
1979-05-11	2	2.1	27	16
1979-05-12	3	3.6	17	14
1979-05-13	4	0.2	15	11
1979-05-14	0	1	15	12
1979-05-15	7	1.3	19	13
1979-05-16	5	2.2	17	13
1979-05-17	0	0.9	18	12
1979-05-18	0	3.2	20	13
1979-05-19	0	3	22	12
1979-05-20	0	4.1	20	15
1979-05-21	0	3.9	26	11
1979-05-22	0	4.6	26	15
1979-05-23	4	3.4	22	16
1979-05-24	0	3.1	21	15
1979-05-25	5	1.1	20	14
1979-05-26	0	0.9	18	15
1979-05-27	0	2.4	21	15
1979-05-28	0	4.1	22	14
1979-05-29	7	5.5	27	16
1979-05-30	0	5.5	26	18
1979-05-31	0	4.6	25	18
1979-06-01	0	7.6	24	19
1979-06-02	1	4.4	22	16
1979-06-03	14	1.5	22	17
1979-06-04	42	3.3	22	15
1979-06-05	3	3.9	22	17
1979-06-06	0	2.2	24	17
1979-06-07	14	2.5	25	17
1979-06-08	23	1.8	24	17
1979-06-09	13	1.7	23	16
1979-06-10	160	1.6	20	14
1979-06-11	18	2.1	15	12
1979-06-12	0	1.4	17	12
1979-06-13	0	2	19	11
1979-06-14	0	3.7	24	10
1979-06-15	0	2.5	21	11
1979-06-16	0	3.7	21	11
1979-06-17	0	4.8	23	12
1979-06-18	0	4.4	24	14
1979-06-19	0	4.2	23	15
1979-06-20	0	5.4	23	17
1979-06-21	0	4.3	21	16
1979-06-22	0	5.9	23	13
1979-06-23	0	4.4	23	14
1979-06-24	14	2.3	23	15
1979-06-25	2	4.5	21	14
1979-06-26	9	4.8	20	15
1979-06-27	55	2.7	19	14
1979-06-28	0	2.3	21	13
1979-06-29	0	5	22	15
1979-06-30	0	3.5	22	15
1979-07-01	0	3.5	23	14
1979-07-02	0	4.3	23	14
1979-07-03	4	4	22	15
1979-07-04	0	4.5	22	16
1979-07-05	0	2.8	23	17
1979-07-06	0	5	20	16
1979-07-07	0	2.8	22	16
1979-07-08	16	4.7	20	17
1979-07-09	0	2.8	22	14
1979-07-10	13	NULO	NULO	NULO
1979-07-11	0	NULO	NULO	NULO
1979-07-12	0	NULO	NULO	NULO
1979-07-13	38	NULO	NULO	NULO
1979-07-14	0	NULO	NULO	NULO
1979-07-15	1	NULO	NULO	NULO
1979-07-16	0	NULO	NULO	NULO
1979-07-17	0	NULO	NULO	NULO
1979-07-18	0	NULO	NULO	NULO
1979-07-19	0	NULO	26	17
1979-07-20	0	3.8	25	16
1979-07-21	0	3.4	26	14
1979-07-22	0	3.3	27	15
1979-07-23	0	2.3	26	19
1979-07-24	0	3.3	30	17
1979-07-25	0	4.3	30	17
1979-07-26	67	2.3	25	19
1979-07-27	1	1.8	24	15
1979-07-28	1	3.4	23	15
1979-07-29	13	1.9	25	14
1979-07-30	0	1.6	24	15
1979-07-31	3	2.7	23	14
1979-08-01	0	2	24	14
1979-08-02	0	2.1	23	14
1979-08-03	8	2.5	24	15
1979-08-04	3	1.7	25	15
1979-08-05	42	2	18	15
1979-08-06	68	0.3	16	15
1979-08-07	0	1.5	23	14
1979-08-08	0	2.5	23	13
1979-08-09	8	4.3	22	14
1979-08-10	4	3.3	24	16
1979-08-11	16	1.9	21	16
1979-08-12	1	2.1	23	13
1979-08-13	8	1.9	24	15
1979-08-14	18	1.2	23	14
1979-08-15	15	1.7	24	14
1979-08-16	22	1.8	23	15
1979-08-17	0	4.4	23	14
1979-08-18	0	1.5	23	14
1979-08-19	6	4	22	15
1979-08-20	0	5.2	23	13
1979-08-21	0	2	24	14
1979-08-22	0	4.2	25	14
1979-08-23	4	2.5	24	13
1979-08-24	5	4.2	20	14
1979-08-25	22	3.2	16	13
1979-08-26	2	2.3	19	13
1979-08-27	11	1.5	25	14
1979-08-28	0	2.1	25	15
1979-08-29	56	0.8	21	16
1979-08-30	26	2.3	23	16
1979-08-31	16	2.5	23	14
1979-09-01	0	2.7	24	15
1979-09-02	0	4.1	25	17
1979-09-03	0	0.6	25	16
1979-09-04	5	3.3	24	14
1979-09-05	0	4	25	15
1979-09-06	56	4.7	25	14
1979-09-07	41	2.9	18	15
1979-09-08	170	1.1	18	15
1979-09-09	54	2.4	19	15
1979-09-10	4	1.3	20	14
1979-09-11	2	2.9	17	15
1979-09-12	0	2.1	21	15
1979-09-13	1	1.3	22	15
1979-09-14	25	2.9	20	15
1979-09-15	12	2.1	20	15
1979-09-16	0	1.5	20	13
1979-09-17	51	1.2	19	13
1979-09-18	60	1.5	17	15
1979-09-19	0	1.1	21	14
1979-09-20	0	5.3	24	15
1979-09-21	0	3.9	25	14
1979-09-22	0	1.2	25	15
1979-09-23	0	1.9	27	12
1979-09-24	0	1.9	21	10
1979-09-25	0	6.2	21	12
1979-09-26	0	0.7	21	11
1979-09-27	0	5.6	24	9
1979-09-28	0	5	24	10
1979-09-29	0	4.7	24	9
1979-09-30	0	5.4	26	10
1979-10-01	0	2.3	26	17
1979-10-02	0	3.6	25	11
1979-10-03	0	1.2	25	10
1979-10-04	0	3.2	25	10
1979-10-05	0	5	24	11
1979-10-06	0	3.6	26	14
1979-10-07	0	2.8	24	12
1979-10-08	0	5.4	24	11
1979-10-09	0	0.6	25	12
1979-10-10	0	2.3	22	11
1979-10-11	0	5.5	28	10
1979-10-12	0	2.5	31	12
1979-10-13	0	3.9	30	12
1979-10-14	0	6.1	25	12
1979-10-15	0	3.7	25	12
1979-10-16	0	3.2	28	13
1979-10-17	0	1.3	25	13
1979-10-18	0	4.2	25	12
1979-10-19	0	3.4	26	12
1979-10-20	0	3.5	25	14
1979-10-21	0	3.1	28	14
1979-10-22	32	4	25	14
1979-10-23	0	2	18	12
1979-10-24	0	1.2	24	10
1979-10-25	0	0.9	15	11
1979-10-26	0	3	19	9
1979-10-27	0	1.3	22	10
1979-10-28	0	1.7	25	11
1979-10-29	3	0.7	25	14
1979-10-30	0	4.3	25	14
1979-10-31	0	4.9	21	14
1979-11-01	0	1.5	17	10
1979-11-02	24	1.4	16	11
1979-11-03	18	3.6	16	10
1979-11-04	0	0.8	18	11
1979-11-05	0	0.7	24	11
1979-11-06	13	3.4	15	12
1979-11-07	0	0.7	15	10
1979-11-08	0	3.1	25	8
1979-11-09	0	3.8	30	10
1979-11-10	2	1.9	21	13
1979-11-11	1	1.4	18	11
1979-11-12	33	2	17	12
1979-11-13	35	2.8	10	9
1979-11-14	14	2.5	10	7
1979-11-15	15	2.3	11	8
1979-11-16	4	2.7	12	8
1979-11-17	1	2.4	16	9
1979-11-18	0	1	20	9
1979-11-19	0	0.9	21	10
1979-11-20	0	0.9	21	12
1979-11-21	1	0.9	22	13
1979-11-22	2	0.8	15	5
1979-11-23	0	1	10	1
1979-11-24	0	1.4	25	3
1979-11-25	0	1.8	21	5
1979-11-26	0	2.4	20	7
1979-11-27	0	4.9	26	8
1979-11-28	4	0.2	20	11
1979-11-29	0	0.3	5.1	3
1979-11-30	0	1.1	8	1
1979-12-01	0	1.6	11	7
1979-12-02	5	1.3	10	8
1979-12-03	35	1.9	10	6
1979-12-04	23	0.9	12	7
1979-12-05	0	2.3	17	7
1979-12-06	0	2.6	20	11
1979-12-07	3	3.8	23	12
1979-12-08	16	1.1	13	9
1979-12-09	8	2	15	12
1979-12-10	0	0.9	16	12
1979-12-11	0	1.3	22	10
1979-12-12	0	0.8	22	10
1979-12-13	0	0.8	16	12
1979-12-14	0	1.1	16	7
1979-12-15	5	2	21	8
1979-12-16	0	2.2	18	9
1979-12-17	0	0.4	10.1	8
1979-12-18	0	1.8	19	5
1979-12-19	0	1.7	15	7
1979-12-20	0	2.1	21	10
1979-12-21	0	1.8	25	9
1979-12-22	0	2.4	28	11
1979-12-23	8	2	21	15
1979-12-24	0	1.5	11	7
1979-12-25	0	3.2	19	5
1979-12-26	0	0.5	21	8
1979-12-27	0	1.7	18	10
1979-12-28	1	1.3	22	10
1979-12-29	11	1.7	13	11
1979-12-30	1	1.4	13	7
1979-12-31	5	2	12	8
1980-01-01	1	0.5	10	7
1980-01-02	0	0.7	18	6
1980-01-03	7	1.2	12	7
1980-01-04	0	1.1	15	6
1980-01-05	0	1.5	11	5
1980-01-06	0	1.9	20	5
1980-01-07	0	1.5	25	5
1980-01-08	0	1.6	27	10
1980-01-09	0	1.6	17	12
1980-01-10	0	2.9	18	11
1980-01-11	0	2.3	24	11
1980-01-12	3	1.1	21	12
1980-01-13	0	2.9	21	8
1980-01-14	0	2.3	22	9
1980-01-15	0	1.7	26	11
1980-01-16	1	1.1	21	13
1980-01-17	0	1.2	27	11
1980-01-18	0	0.6	27	13
1980-01-19	0	2.6	18	13
1980-01-20	1	1	17	13
1980-01-21	4	1.4	18	14
1980-01-22	22	1.6	22	13
1980-01-23	2	1	6	2
1980-01-24	1	0.5	14	2
1980-01-25	2	0.4	20	5
1980-01-26	0	0.6	21	11
1980-01-27	0	1	20	10
1980-01-28	0	1.2	15	11
1980-01-29	0	0.5	19	10
1980-01-30	0	1.1	20	11
1980-01-31	15	0.3	14.1	11
1980-02-01	0	4.7	7	3
1980-02-02	0	5.6	12	5
1980-02-03	0	3	16	6
1980-02-04	0	1.9	17	4
1980-02-05	0	3	25	5
1980-02-06	0	0.8	15	9
1980-02-07	0	1.2	17	9
1980-02-08	0	0.4	25	10
1980-02-09	0	2.5	16	12
1980-02-10	0	2.6	10	2
1980-02-11	0	3.1	15	5
1980-02-12	0	1.9	15	6
1980-02-13	0	2	16	7
1980-02-14	0	3.9	25	10
1980-02-15	0	4.5	27	12
1980-02-16	5	3.9	29	9
1980-02-17	0	4	10	5
1980-02-18	0	2.9	20	4
1980-02-19	0	2.7	20	9
1980-02-20	0	3.4	31	10
1980-02-21	0	1.7	30	11
1980-02-22	0	4	25	11
1980-02-23	1	4.7	25	12
1980-02-24	16	3.2	16	12
1980-02-25	23	0.9	10.1	10
1980-02-26	0	2.5	15	5
1980-02-27	0	0.9	18	7
1980-02-28	0	1.1	23	5
1980-02-29	0	1.7	25	11
1980-03-01	8	3.5	25	14
1980-03-02	0	2	5	-2
1980-03-03	0	2.6	22	-1
1980-03-04	0	5.9	31	3
1980-03-05	0	4.2	30	5
1980-03-06	0	2.2	24	8
1980-03-07	0	3.8	31	11
1980-03-08	0	5.3	31	13
1980-03-09	0	2.8	27	15
1980-03-10	0	4.2	25	13
1980-03-11	0	4.6	29	11
1980-03-12	0	6.9	35	16
1980-03-13	0	2.3	25	13
1980-03-14	0	1.5	15	10
1980-03-15	0	3.4	21	11
1980-03-16	86	3.1	25	13
1980-03-17	0	2.9	29	15
1980-03-18	0	3.9	15	6
1980-03-19	0	1.7	25	9
1980-03-20	0	1.6	30	11
1980-03-21	0	1.3	20	13
1980-03-22	0	2.5	24	13
1980-03-23	1	3.3	32	14
1980-03-24	0	2.8	20	18
1980-03-25	0	0.9	19	14
1980-03-26	0	1	20	13
1980-03-27	0	3.1	25	13
1980-03-28	0	5.4	28	15
1980-03-29	1	4.1	30	16
1980-03-30	0	2.1	20	13
1980-03-31	0	4.1	23	13
1980-04-01	0	3	31	11
1980-04-02	0	6.6	32	14
1980-04-03	14	5.6	32	16
1980-04-04	30	1	18	16
1980-04-05	0	1.4	20	14
1980-04-06	0	3.1	25	14
1980-04-07	0	4.5	30	16
1980-04-08	19	3	25	17
1980-04-09	0	4.1	16	10
1980-04-10	0	3.9	22	10
1980-04-11	0	7.5	30	12
1980-04-12	0	4.4	31	20
1980-04-13	8	1.4	11.1	11
1980-04-14	0	2.7	18	2
1980-04-15	0	2.5	20	5
1980-04-16	0	1.9	15	10
1980-04-17	8	1.6	16	9
1980-04-18	8	1.2	15	10
1980-04-19	0	0.7	19	11
1980-04-20	0	3.4	18	10
1980-04-21	0	1.2	19	12
1980-04-22	18	5.1	20	11
1980-04-23	0	5.6	26	12
1980-04-24	0	5	31	15
1980-04-25	0	4.9	30	19
1980-04-26	0	2.7	29	14
1980-04-27	4	4	20	13
1980-04-28	0	3.7	15	12
1980-04-29	0	4.3	20	11
1980-04-30	0	4.2	31	13
1980-05-01	0	4.1	30	15
1980-05-02	0	1.2	25	17
1980-05-03	4	0.8	20	17
1980-05-04	10	3.1	21	15
1980-05-05	0	0.8	22	15
1980-05-06	2	2.3	24	15
1980-05-07	0	4.3	30	15
1980-05-08	0	5.8	31	18
1980-05-09	0	4.1	29	16
1980-05-10	0	6	30	19
1980-05-11	0	6.4	35	20
1980-05-12	0	2.1	34	19
1980-05-13	0	6.2	32	18
1980-05-14	0	2	29	20
1980-05-15	0	3.8	33	19
1980-05-16	0	9.4	34	20
1980-05-17	0	3.7	32	19
1980-05-18	0	5.2	31	16
1980-05-19	6	1.4	30	18
1980-05-20	0	2.1	28	16
1980-05-21	0	2.5	29	15
1980-05-22	0	0.8	30	17
1980-05-23	16	6.8	30	18
1980-05-24	0	7	35	17
1980-05-25	0	5.4	30	19
1980-05-26	1	5.1	32	18
1980-05-27	0	5.1	28	15
1980-05-28	0	3.9	30	16
1980-05-29	0	3.3	28	18
1980-05-30	0	4.5	29	18
1980-05-31	0	4.1	28	16
1980-06-01	0	4.4	25	16
1980-06-02	0	7.9	26	15
1980-06-03	0	3.7	26	19
1980-06-04	0	0.6	25	15
1980-06-05	0	2.7	24	16
1980-06-06	0	3.4	25	13
1980-06-07	0	3.2	27	19
1980-06-08	0	5.3	28	16
1980-06-09	0	5.1	28	16
1980-06-10	0	7.1	26	15
1980-06-11	0	2.7	26	14
1980-06-12	0	2.7	25	14
1980-06-13	0	3.9	25	15
1980-06-14	0	7.1	26	16
1980-06-15	0	2.2	27	16
1980-06-16	0	7.1	27	15
1980-06-17	0	1.2	25	17
1980-06-18	0	3.1	25	17
1980-06-19	1	1.4	25	17
1980-06-20	60	1.4	22	18
1980-06-21	47	2.9	25	16
1980-06-22	0	3.9	25	17
1980-06-23	2	5.1	23	16
1980-06-24	0	4	25	16
1980-06-25	38	2.5	22	17
1980-06-26	0	1.6	25	17
1980-06-27	0	2.4	24	15
1980-06-28	1	2.9	23	15
1980-06-29	1	4.6	24	15
1980-06-30	0	1.9	25	16
1980-07-01	0	5.4	26	17
1980-07-02	0	1.9	25	16
1980-07-03	0	5.2	28	15
1980-07-04	0	3.4	26	15
1980-07-05	0	4.4	28	16
1980-07-06	0	2.7	25	17
1980-07-07	1	3	24	16
1980-07-08	0	1.6	23	15
1980-07-09	0	3	26	15
1980-07-10	0	2.9	25	16
1980-07-11	0	3.7	24	15
1980-07-12	0	3.7	25	15
1980-07-13	0	2.1	25	17
1980-07-14	0	3.5	25	15
1980-07-15	0	2.3	26	16
1980-07-16	1	1.5	24	17
1980-07-17	5	1.7	25	14
1980-07-18	0	3.3	26	16
1980-07-19	18	3	26	18
1980-07-20	0	3.9	24	18
1980-07-21	0	2.2	25	18
1980-07-22	0	3.7	26	17
1980-07-23	15	7.1	26	16
1980-07-24	10	2.8	24	16
1980-07-25	28	7.5	27	15
1980-07-26	0	4.1	25	16
1980-07-27	0	0.6	26	15
1980-07-28	2	3	25	18
1980-07-29	0	1.7	21	17
1980-07-30	0	2.4	22	16
1980-07-31	0	5.1	26	14
1980-08-01	0	3	24	15
1980-08-02	0	2.9	25	15
1980-08-03	0	2.8	27	16
1980-08-04	0	2.4	26	16
1980-08-05	14	3.6	25	18
1980-08-06	60	2.1	21	14
1980-08-07	22	1.3	20	16
1980-08-08	0	1.7	26	16
1980-08-09	0	5.3	31	16
1980-08-10	3	3.6	30	19
1980-08-11	11	0.7	25	18
1980-08-12	61	1.2	22	10
1980-08-13	3	3.9	27	15
1980-08-14	0	4.1	25	15
1980-08-15	0	1	25	16
1980-08-16	0	1.6	24	18
1980-08-17	20	2.6	25	17
1980-08-18	3	3.5	22	17
1980-08-19	0	2.8	24	16
1980-08-20	0	1.3	22	16
1980-08-21	0	4	25	14
1980-08-22	0	3.1	26	15
1980-08-23	5	4.5	24	15
1980-08-24	0	3.4	25	15
1980-08-25	0	2.8	25	14
1980-08-26	2	4.1	25	15
1980-08-27	0	3.5	25	16
1980-08-28	0	4.7	25	15
1980-08-29	0	3.3	24	16
1980-08-30	0	4.6	24	16
1980-08-31	0	2.9	24	16
1980-09-01	17	1	23	13
1980-09-02	38	3.2	18	15
1980-09-03	28	4.1	21	15
1980-09-04	0	2.7	20	15
1980-09-05	6	2	24	14
1980-09-06	0	4.8	24	13
1980-09-07	0	3	28	15
1980-09-08	0	5.1	26	16
1980-09-09	20	4.8	24	16
1980-09-10	19	4.1	22	13
1980-09-11	30	2	21	15
1980-09-12	8	3.6	33	16
1980-09-13	0	2.1	25	16
1980-09-14	0	0.6	21	15
1980-09-15	0	1.1	21	15
1980-09-16	0	2	25	13
1980-09-17	0	3.1	29	14
1980-09-18	0	3.4	27	15
1980-09-19	1	2.5	23	15
1980-09-20	1	1.6	26	14
1980-09-21	0	1.3	24	16
1980-09-22	0	4	25	14
1980-09-23	43	3.4	26	15
1980-09-24	57	3.3	20	16
1980-09-25	194	5.8	21	16
1980-09-26	54	3.1	22	14
1980-09-27	1	2.7	20	17
1980-09-28	30	4	22	15
1980-09-29	8	3.3	24	17
1980-09-30	0	2.4	24	14
1980-10-01	0	2.5	23	15
1980-10-02	0	2.2	23	14
1980-10-03	0	0.4	22	10
1980-10-04	0	3.5	20	10
1980-10-05	0	2.8	22	13
1980-10-06	1	3.3	22	11
1980-10-07	0	1	20	10
1980-10-08	0	3.2	22	10
1980-10-09	0	2.9	20	8
1980-10-10	0	4.1	22	16
1980-10-11	0	2.3	23	11
1980-10-12	2	1.3	21	11
1980-10-13	0	4	22	13
1980-10-14	0	0.9	22	8
1980-10-15	0	0.7	26	14
1980-10-16	0	4.5	26	11
1980-10-17	0	2.2	30	15
1980-10-18	1	1.9	25	15
1980-10-19	18	0.2	23	16
1980-10-20	3	0.3	16	14
1980-10-21	1	0.7	19	12
1980-10-22	0	0.3	22	13
1980-10-23	0	0.3	19	14
1980-10-24	42	3.2	23	15
1980-10-25	4	2.9	15	11
1980-10-26	0	1.5	23	12
1980-10-27	8	1.8	21	14
1980-10-28	38	4.5	28	17
1980-10-29	6	8	13	7
1980-10-30	0	2	10.1	7
1980-10-31	0	0.7	12	5
1980-11-01	0	1.4	11.1	5
1980-11-02	0	1.2	20	9
1980-11-03	1	1.9	20	10
1980-11-04	10	0.9	16	14
1980-11-05	0	1.4	15	12
1980-11-06	0	1.1	15	9
1980-11-07	0	4	25	4
1980-11-08	0	0.9	20	9
1980-11-09	0	3.1	25	10
1980-11-10	0	1.1	22	8
1980-11-11	0	2.5	20	9
1980-11-12	0	2.2	22	9
1980-11-13	0	3.2	25	8
1980-11-14	0	0.8	20	11
1980-11-15	0	2.1	26	12
1980-11-16	4	0.5	24	11
1980-11-17	1	1	11.1	11
1980-11-18	1	0.6	5	3
1980-11-19	0	0.2	10	3
1980-11-20	2	0.2	12	5
1980-11-21	4	1.2	12	10
1980-11-22	0	3	21	10
1980-11-23	4	0.9	22	11
1980-11-24	0	0.6	15	11
1980-11-25	3	0.2	23	11
1980-11-26	2	1.4	9.1	9
1980-11-27	0	1.7	5.1	4
1980-11-28	1	1	7	2
1980-11-29	0	0.2	15	3
1980-11-30	0	1.9	19	5
1980-12-01	0	3.4	25	5
1980-12-02	10	0.2	20	10
1980-12-03	21	0.6	13.1	13
1980-12-04	0	0.2	16	10
1980-12-05	0	0.4	20	11
1980-12-06	0	2.1	17	12
1980-12-07	0	0.8	19	13
1980-12-08	0	0.7	24	12
1980-12-09	5	1.5	18	14
1980-12-10	5	0.2	10.1	9
1980-12-11	0	0.2	7	4
1980-12-12	1	0.4	13	5
1980-12-13	0	0.8	20	6
1980-12-14	0	1.7	17	9
1980-12-15	1	0.7	20	9
1980-12-16	0	2.3	17	10
1980-12-17	0	1.2	19	6
1980-12-18	0	3.2	19	7
1980-12-19	3	1	23	7
1980-12-20	1	0.1	10	6
1980-12-21	2	0.6	9	5
1980-12-22	0	0.4	15	6
1980-12-23	0	1.5	16	9
1980-12-24	10	0.2	18	8
1980-12-25	0	1.3	11	5
1980-12-26	0	0.9	20	5
1980-12-27	0	2	20	7
1980-12-28	0	3	20	5
1980-12-29	12	2	21	7
1980-12-30	0	0.4	12	8
1980-12-31	0	0.6	16	7
1981-01-01	1	2.2	17	5
1981-01-02	0	2.1	10	5
1981-01-03	0	0.3	17	4
1981-01-04	0	0.5	13	5
1981-01-05	0	1	13	8
1981-01-06	0	0.3	20	8
1981-01-07	6	0.1	13	10
1981-01-08	2	0.8	10.1	8
1981-01-09	4	0.6	20	6
1981-01-10	10	1.5	12	7
1981-01-11	22	0.7	12	7
1981-01-12	10	0.5	8	7
1981-01-13	0	0.8	19	1
1981-01-14	5	2	18	6
1981-01-15	5	2.5	19	6
1981-01-16	19	1.9	8	7
1981-01-17	29	0.9	7	5
1981-01-18	3	0.8	10	5
1981-01-19	0	1.2	16	6
1981-01-20	10	1.3	19	7
1981-01-21	11	1.3	8	4
1981-01-22	10	0.5	7	6
1981-01-23	0	2.8	15	4
1981-01-24	0	2.6	19	5
1981-01-25	0	0.9	23	7
1981-01-26	0	3.7	25	10
1981-01-27	0	1.6	22	10
1981-01-28	0	2	19	8
1981-01-29	0	2.9	22	9
1981-01-30	0	2.7	21	10
1981-01-31	0	3.4	25	9
1981-02-01	5	0.6	21	10
1981-02-02	21	2.9	10	6
1981-02-03	1	2.3	8	5
1981-02-04	0	2	15	6
1981-02-05	1	2.1	15	7
1981-02-06	0	1.3	15	10
1981-02-07	0	1.2	27	10
1981-02-08	1	3.4	17	11
1981-02-09	0	3.8	24	9
1981-02-10	0	3.4	30	11
1981-02-11	6	1.6	10.1	10
1981-02-12	0	1.4	6	1
1981-02-13	10	0.2	10	3
1981-02-14	0	0.4	9	6
1981-02-15	3	0.8	12	6
1981-02-16	1	4.5	13	7
1981-02-17	0	1.7	16	9
1981-02-18	0	2.2	20	10
1981-02-19	0	1.1	15	11
1981-02-20	0	2	19	11
1981-02-21	3	0.8	27	11
1981-02-22	13	0.9	16.1	12
1981-02-23	0	1.1	15	5
1981-02-24	0	1.8	18	6
1981-02-25	0	3.5	23	9
1981-02-26	0	2.8	19	12
1981-02-27	0	1	20	11
1981-02-28	0	0.7	17	11
1981-03-01	0	1	20	15
1981-03-02	0	1	19	12
1981-03-03	0	0.8	22	12
1981-03-04	0	3.7	28	13
1981-03-05	0	0.3	17	15
1981-03-06	0	2.1	22	11
1981-03-07	0	2	20	12
1981-03-08	17	2.7	20	11
1981-03-09	2	0.4	11	8
1981-03-10	4	0.3	11	9
1981-03-11	4	0.1	16	8
1981-03-12	5	0.8	20	9
1981-03-13	2	0.9	22	12
1981-03-14	5	0.6	21	10
1981-03-15	0	1.8	28	11
1981-03-16	0	0.6	16	11
1981-03-17	0	1.7	21	10
1981-03-18	0	4.6	28	10
1981-03-19	0	1.6	13	10
1981-03-20	0	4.2	22	9
1981-03-21	0	6.9	31	10
1981-03-22	0	4	32	10
1981-03-23	0	0.2	13	8
1981-03-24	4	0.6	11	9
1981-03-25	0	0.8	21	10
1981-03-26	0	4.4	20	10
1981-03-27	0	2.1	25	11
1981-03-28	0	5.8	25	12
1981-03-29	0	2.8	30	15
1981-03-30	0	4.5	25	14
1981-03-31	0	3.7	32	14
1981-04-01	0	1.1	20	15
1981-04-02	0	1.5	24	15
1981-04-03	0	3.1	26	14
1981-04-04	0	6.6	27	15
1981-04-05	0	2	20	11
1981-04-06	0	1.3	20	10
1981-04-07	0	2.3	20	10
1981-04-08	0	3.1	19	11
1981-04-09	0	4.2	22	13
1981-04-10	0	2.5	21	12
1981-04-11	4	2.2	21	11
1981-04-12	0	1.7	22	14
1981-04-13	1	3.4	21	14
1981-04-14	0	2	18	15
1981-04-15	0	1.4	20	13
1981-04-16	3	0.3	19	13
1981-04-17	0	0.8	18	12
1981-04-18	0	2.9	23	12
1981-04-19	0	0.6	24	14
1981-04-20	0	3.3	25	14
1981-04-21	1	1.4	24	14
1981-04-22	1	1.5	21	16
1981-04-23	0	2.5	24	14
1981-04-24	18	1.4	20	16
1981-04-25	3	0.8	16	15
1981-04-26	0	0.7	21	15
1981-04-27	0	2.7	22	16
1981-04-28	0	0.7	24	15
1981-04-29	9	4	27	15
1981-04-30	0	2.1	22	16
1981-05-01	0	3.4	25	17
1981-05-02	8	0.8	20	16
1981-05-03	0	0.4	23	15
1981-05-04	0	4.6	27	11
1981-05-05	0	4.7	25	12
1981-05-06	0	3.1	24	15
1981-05-07	0	2.1	25	16
1981-05-08	0	1.9	25	15
1981-05-09	0	1	20.1	16
1981-05-10	0	1.5	17	14
1981-05-11	0	1.8	21	10
1981-05-12	0	1.9	27	12
1981-05-13	0	2.8	27	14
1981-05-14	0	4	25	14
1981-05-15	0	3	26	15
1981-05-16	0	8.9	34	16
1981-05-17	0	7.3	34	19
1981-05-18	35	6.2	28	20
1981-05-19	1	0.3	25	15
1981-05-20	8	2.2	23	17
1981-05-21	48	1.3	28	13
1981-05-22	5	3.9	30	14
1981-05-23	6	4	29	14
1981-05-24	1	2.4	30	15
1981-05-25	7	2.8	29	19
1981-05-26	0	4.8	28	17
1981-05-27	0	1.7	28	19
1981-05-28	0	6.1	27	19
1981-05-29	0	1.7	28	17
1981-05-30	0	1.1	27	16
1981-05-31	0	2.4	27	16
1981-06-01	0	2.7	26	17
1981-06-02	2	2	24	17
1981-06-03	0	1.9	23	18
1981-06-04	0	0.9	27	16
1981-06-05	0	3.9	25	17
1981-06-06	0	2.3	25	16
1981-06-07	0	2	27	16
1981-06-08	0	1.7	28	16
1981-06-09	0	3.8	29	18
1981-06-10	0	1.5	28	19
1981-06-11	14	2.7	22	19
1981-06-12	0	4.5	25	16
1981-06-13	14	3	26	17
1981-06-14	58	1.1	27	16
1981-06-15	61	1.1	27	17
1981-06-16	178	1.1	18	12
1981-06-17	153	0.9	18	14
1981-06-18	95	0.7	17	15
1981-06-19	23	0.2	20	15
1981-06-20	2	0.2	25	16
1981-06-21	0	2.4	28	16
1981-06-22	5	1.8	21	16
1981-06-23	62	1.4	22	12
1981-06-24	43	2.4	19	14
1981-06-25	55	0.8	18	16
1981-06-26	49	2.9	20	16
1981-06-27	2	1	22	16
1981-06-28	15	2.6	23	13
1981-06-29	4	1.8	22	15
1981-06-30	10	1.4	20	15
1981-07-01	6	2.9	20	15
1981-07-02	0	1.9	21	16
1981-07-03	0	2.8	25	15
1981-07-04	3	1.5	24	14
1981-07-05	3	5.2	29	15
1981-07-06	19	3.7	29	15
1981-07-07	3	2.8	27	16
1981-07-08	13	2.4	25	16
1981-07-09	57	2.2	25	15
1981-07-10	14	3.2	24	15
1981-07-11	26	2.4	24	14
1981-07-12	9	2.2	24	13
1981-07-13	19	2.8	24	14
1981-07-14	10	1.2	22	15
1981-07-15	0	6	23	15
1981-07-16	0	4.2	24	13
1981-07-17	33	2.4	25	14
1981-07-18	1	3.7	25	15
1981-07-19	0	1.7	25	15
1981-07-20	0	1.5	24	15
1981-07-21	0	2.3	25	16
1981-07-22	0	2.7	26	15
1981-07-23	0	5.4	25	15
1981-07-24	0	3.1	26	14
1981-07-25	0	1.6	26	15
1981-07-26	0	1.4	23	14
1981-07-27	3	2.1	20	15
1981-07-28	9	4.9	19	15
1981-07-29	0	3.6	25	15
1981-07-30	3	1	25	15
1981-07-31	15	3.3	25	15
1981-08-01	0	3.5	25	14
1981-08-02	0	1.5	20	15
1981-08-03	0	0.6	25	14
1981-08-04	0	4.1	26	16
1981-08-05	3	5.2	25	15
1981-08-06	0	1.7	26	13
1981-08-07	0	2.5	27	15
1981-08-08	0	4.2	25	16
1981-08-09	13	2.1	20	16
1981-08-10	0	2.1	23	14
1981-08-11	0	2.8	25	15
1981-08-12	0	2	27	16
1981-08-13	0	2.7	25	15
1981-08-14	0	1.9	25	15
1981-08-15	0	4.1	26	16
1981-08-16	0	3.1	28	15
1981-08-17	0	3.1	25	15
1981-08-18	0	1.2	26	16
1981-08-19	0	1.6	25	16
1981-08-20	0	1.7	24	15
1981-08-21	6	1.1	25	15
1981-08-22	58	2	24	15
1981-08-23	57	2.1	25	13
1981-08-24	26	1.7	20	15
1981-08-25	66	1.6	20	15
1981-08-26	56	2.6	18	15
1981-08-27	154	2.7	17	15
1981-08-28	2	1.4	19	15
1981-08-29	0	2.1	24	15
1981-08-30	0	3.1	25	14
1981-08-31	0	2.2	25	18
1981-09-01	0	2.6	25	17
1981-09-02	0	2.8	25	16
1981-09-03	13	2.9	25	15
1981-09-04	7	3.3	21	15
1981-09-05	19	2	22	16
1981-09-06	0	2.4	26	15
1981-09-07	39	1.8	26	15
1981-09-08	5	1.4	23	14
1981-09-09	0	2.9	23	14
1981-09-10	0	2.5	24	15
1981-09-11	0	1.6	25	16
1981-09-12	1	2.9	25	15
1981-09-13	0	4.2	26	14
1981-09-14	0	4.4	25	14
1981-09-15	0	4	25	15
1981-09-16	50	1.8	25	15
1981-09-17	128	2.4	18	15
1981-09-18	1	2.5	20	10
1981-09-19	1	3.8	23	10
1981-09-20	0	1.4	25	12
1981-09-21	0	2.2	25	13
1981-09-22	0	2.5	22	14
1981-09-23	16	2.4	23	15
1981-09-24	23	1.8	21	15
1981-09-25	0	2.6	24	12
1981-09-26	0	1.7	24	13
1981-09-27	74	1.3	25	12
1981-09-28	76	1.6	24	15
1981-09-29	45	1.7	19	15
1981-09-30	44	2	18	15
1981-10-01	16	0.7	20	15
1981-10-02	17	4.3	20	14
1981-10-03	0	2.3	20	15
1981-10-04	1	2.1	24	15
1981-10-05	5	2	21	16
1981-10-06	7	2.4	24	17
1981-10-07	0	2.5	25	17
1981-10-08	0	1.5	23	17
1981-10-09	0	2.4	25	16
1981-10-10	3	0.5	25	16
1981-10-11	2	2.4	23	15
1981-10-12	0	1.9	24	16
1981-10-13	0	1.8	26	16
1981-10-14	0	2.4	24	17
1981-10-15	1	3.1	24	15
1981-10-16	0	2.9	25	14
1981-10-17	0	2	24	16
1981-10-18	1	3	23	13
1981-10-19	28	1	24	11
1981-10-20	0	0.8	22	12
1981-10-21	0	1	20	13
1981-10-22	10	0.5	23	12
1981-10-23	3	2.9	16	14
1981-10-24	4	0.8	19	10
1981-10-25	0	0.8	25	11
1981-10-26	0	1.3	25	12
1981-10-27	1	2.3	20	16
1981-10-28	1	1.5	19	8
1981-10-29	2	1.5	18	12
1981-10-30	2	0.8	20	13
1981-10-31	38	1.6	21	15
1981-11-01	2	1.6	21	17
1981-11-02	2	3.4	19	7
1981-11-03	0	0.9	20	7
1981-11-04	0	3.3	22	7
1981-11-05	0	2.9	15	9
1981-11-06	4	0.5	20	10
1981-11-07	0	1	20	12
1981-11-08	0	0.6	27	11
1981-11-09	4	0.3	17	11
1981-11-10	0	0.3	11.1	11
1981-11-11	0	0.3	14	5
1981-11-12	0	2.1	15	6
1981-11-13	0	0.7	17	8
1981-11-14	0	0.5	19	9
1981-11-15	0	3.4	26	8
1981-11-16	0	3.2	25	9
1981-11-17	0	4.7	26	11
1981-11-18	0	2.6	27	9
1981-11-19	0	2.8	31	11
1981-11-20	0	2.9	30	12
1981-11-21	0	4.7	21	13
1981-11-22	0	1.7	26	7
1981-11-23	0	2.8	28	8
1981-11-24	0	1	28	10
1981-11-25	0	1.5	24	11
1981-11-26	0	4.7	30	9
1981-11-27	0	1.7	27	10
1981-11-28	0	3.7	28	10
1981-11-29	0	1.4	24	15
1981-11-30	0	4.2	30	16
1981-12-01	10	1.4	25	14
1981-12-02	0	0.5	20	13
1981-12-03	0	4	21	13
1981-12-04	145	3	17	14
1981-12-05	5	3.5	16	11
1981-12-06	4	3.9	20	11
1981-12-07	8	2	22	11
1981-12-08	4	3	23	12
1981-12-09	45	1.2	20	13
1981-12-10	0	1.3	25	11.5
1981-12-11	0	1.3	22	11
1981-12-12	0	2.7	22	12
1981-12-13	0	3	25	13
1981-12-14	6	3.5	24	11
1981-12-15	0	1.3	20	10
1981-12-16	0	1.1	21.5	9
1981-12-17	2	1	23	11
1981-12-18	0	0.8	12	10
1981-12-19	2	1.2	12	7
1981-12-20	0	2.1	24	6
1981-12-21	0	3.9	22	8
1981-12-22	0	2.3	26	11
1981-12-23	0	1.8	18	8
1981-12-24	2	3.8	15	12
1981-12-25	1	3.6	17	11
1981-12-26	0	2.6	24	10
1981-12-27	0	3.5	26	11.5
1981-12-28	0	1	26	12
1981-12-29	2	0.5	20	9
1981-12-30	0	1.1	17	13
1981-12-31	0	3.1	26	12
1982-01-01	0	3.5	26	12
1982-01-02	0	3.8	30	12
1982-01-03	0	3.4	29	10
1982-01-04	0	2.3	16	10
1982-01-05	0	1.6	23	6
1982-01-06	0	2.1	28	6
1982-01-07	0	2.5	27	7
1982-01-08	2	2	13	10
1982-01-09	0	3.1	20	8
1982-01-10	11	2.3	23	8
1982-01-11	1	2.2	13	9
1982-01-12	0	0.7	23	7
1982-01-13	2	3.7	28	7.5
1982-01-14	0	1.5	15	3.5
1982-01-15	3	1.6	21	4
1982-01-16	0	1.1	23	5
1982-01-17	0	0.5	16	8
1982-01-18	0	2.3	26	9.5
1982-01-19	0	3.2	26	10
1982-01-20	0	1.2	25	10.5
1982-01-21	0	0.5	25	13
1982-01-22	0	2.3	28	16
1982-01-23	0	0.5	22	15
1982-01-24	1	3.9	24	14
1982-01-25	0	1.5	27	12.5
1982-01-26	0	2.6	24	12.5
1982-01-27	0	2.5	26	8.5
1982-01-28	0	3.5	27	8.5
1982-01-29	0	2.3	27	10
1982-01-30	0	0.4	25	10.5
1982-01-31	0	2.5	25	12
1982-02-01	0	1.4	18	3
1982-02-02	1	2.3	28	5
1982-02-03	3	0.5	22	9
1982-02-04	0	2.6	25	7
1982-02-05	0	1.4	23	6
1982-02-06	1	1.5	10.1	6
1982-02-07	0	2.7	16	3
1982-02-08	0	2.3	27	8
1982-02-09	2	3.9	29	10
1982-02-10	0	0.8	19	8
1982-02-11	0	3.2	15	10
1982-02-12	12	1.1	20	9
1982-02-13	18	2	12	8
1982-02-14	0	0.6	20	8
1982-02-15	0	1.8	29	8
1982-02-16	0	2.2	25	14
1982-02-17	0	2.1	27	11
1982-02-18	0	2.3	26	10
1982-02-19	0	0.9	24	11
1982-02-20	3	1.7	22	14
1982-02-21	18	1.9	15	13
1982-02-22	0	1.9	16	11
1982-02-23	0	1	20	9
1982-02-24	0	0.9	22	10
1982-02-25	8	0.8	20	9
1982-02-26	13	0.6	11	8
1982-02-27	2	0.6	14	4
1982-02-28	2	1.6	15	5
1982-03-01	4	1.49	14	8
1982-03-02	0.01	1.05	20	6
1982-03-03	0	4.19	28	6
1982-03-04	0	4.91	30	15
1982-03-05	0	4.37	28	15
1982-03-06	15	3.5	22	13
1982-03-07	0.01	1.22	11	4
1982-03-08	0.01	1.79	15	2
1982-03-09	0.01	1.96	16	6
1982-03-10	0	4.62	15	5
1982-03-11	0	1.77	18	8
1982-03-12	0	2.49	25	10
1982-03-13	0	4.24	24	12
1982-03-14	0	1.88	30	13
1982-03-15	0	6.4	30	14
1982-03-16	0	4.83	32	15
1982-03-17	0	4.4	28	16
1982-03-18	0	4.31	25	15
1982-03-19	0	4.09	25	15
1982-03-20	0	6.49	30	15
1982-03-21	1	4.54	31	15
1982-03-22	4	2.03	23	15
1982-03-23	0.01	1.1	20	10
1982-03-24	0	5.19	32	12
1982-03-25	15	1.94	32	13
1982-03-26	19	1.84	16	14
1982-03-27	0.01	3.1	30	13
1982-03-28	4	1.7	NULO	NULO
1982-03-29	0	2.8	22	12
1982-03-30	0	2.31	31	14
1982-03-31	0	1.23	25	17
1982-04-01	0	1.1	30	15
1982-04-02	0	1	31	16
1982-04-03	2	4.7	33	10
1982-04-04	0	4.4	33	13
1982-04-05	0	5.2	35	19
1982-04-06	0	4.4	24	16
1982-04-07	0	2.6	25	17
1982-04-08	0	8.3	32	18
1982-04-09	0	3.7	36	15
1982-04-10	55	4.4	23	16
1982-04-11	2	2.7	17	13
1982-04-12	0	5.3	25	10
1982-04-13	0	4.1	30	14
1982-04-14	0	5.2	30	15
1982-04-15	0	5.2	30	16
1982-04-16	0	7.2	30	17
1982-04-17	0	4.6	26	15
1982-04-18	0	6.7	27	15
1982-04-19	0	0.8	27	15
1982-04-20	20	6.3	30	20
1982-04-21	5	4.9	25	12
1982-04-22	3	2.9	20	13
1982-04-23	0	1.5	16	9
1982-04-24	0	2.2	24	10
1982-04-25	0	4.1	29	13
1982-04-26	0	4	25	17
1982-04-27	0	5.1	23	15
1982-04-28	3	4.9	21	16
1982-04-29	4	2.3	20	11
1982-04-30	5	1.4	20	15
1982-05-01	9	0.4	16	13
1982-05-02	5	0.1	19	14
1982-05-03	16	2.8	18	15
1982-05-04	3	1.7	23	13
1982-05-05	0	0.7	26	14
1982-05-06	0	1.6	25	13
1982-05-07	4	1.3	20	14
1982-05-08	2	1.6	21	15
1982-05-09	0	0.4	25	16
1982-05-10	0	3.9	27	15
1982-05-11	0	1.3	25	16
1982-05-12	2	1.3	24	18
1982-05-13	0	5.2	24	15
1982-05-14	0	2.8	28	15
1982-05-15	0	3.5	30	15
1982-05-16	0	2	26	16
1982-05-17	20	3.2	27	16
1982-05-18	2	3.2	24	15
1982-05-19	0	4	24	14
1982-05-20	85	2.1	30	15
1982-05-21	9	2.1	24	16
1982-05-22	7	1.5	24	15
1982-05-23	0	4.9	25	14
1982-05-24	0	4.2	25	15
1982-05-25	0	5.2	25	17
1982-05-26	0	2.1	25	17
1982-05-27	0	2	27	16
1982-05-28	0	1.6	26	15
1982-05-29	0	4.4	29	16
1982-05-30	0	2.4	28	17
1982-05-31	0	2.3	27	16
1982-06-01	0	4.4	27	16
1982-06-02	0	5.9	30	13
1982-06-03	0	6.3	34	13
1982-06-04	0	4	29	15
1982-06-05	0	3	29	15
1982-06-06	2	6.3	28	14
1982-06-07	3	3.9	29	18
1982-06-08	0	4.8	22	18
1982-06-09	0	2.6	20	15
1982-06-10	2	6.4	28	16
1982-06-11	0	1.8	25	15
1982-06-12	0	4.2	28	14
1982-06-13	0	4.6	26	15
1982-06-14	0	2.1	20.1	17
1982-06-15	0	6.4	26	13
1982-06-16	0	4	21	14
1982-06-17	0	2.4	26	16
1982-06-18	0	6.4	28	18
1982-06-19	0	2	29	18
1982-06-20	0	3.4	28	16
1982-06-21	0	6.6	26	15
1982-06-22	0	7.6	26	17
1982-06-23	0	3.3	25	16
1982-06-24	0	5.1	27	16
1982-06-25	0	5.8	26	17
1982-06-26	0	2.9	29	16
1982-06-27	15	3.4	28	18
1982-06-28	15	2.7	29	16
1982-06-29	20	2.8	26	16
1982-06-30	5	2.9	25	15
1982-07-01	1	2.1	24	19
1982-07-02	2	0.7	23	15
1982-07-03	1	5.1	24	18
1982-07-04	0	3.2	25	19
1982-07-05	3	5.8	23	18
1982-07-06	31	5.8	26	15
1982-07-07	0	4.2	25	13
1982-07-08	0	2.5	25	14
1982-07-09	1	5.4	25	15
1982-07-10	8	2.7	24	15
1982-07-11	0	4.3	25	15
1982-07-12	0	2.4	28	14
1982-07-13	2	4.6	25	18
1982-07-14	0	1.9	25	14
1982-07-15	1	7.6	27	16
1982-07-16	7	1.4	24	16
1982-07-17	19	4.8	26	15
1982-07-18	6	2.2	25	17
1982-07-19	1	2.8	26	16
1982-07-20	0	3	25	17
1982-07-21	0	2.8	27	18
1982-07-22	1	4.2	28	18
1982-07-23	5	1.3	23	18
1982-07-24	0	4	24	14
1982-07-25	25	3.8	24	14
1982-07-26	16	5.2	30	15
1982-07-27	1	2	31	17
1982-07-28	0	2.6	25	19
1982-07-29	0	2.7	25	13
1982-07-30	0	4.8	26	16
1982-07-31	0	3.8	25	16
1982-08-01	0	3.5	26	15
1982-08-02	0	5	25	14
1982-08-03	0	3	24	15
1982-08-04	3	1.8	22	15
1982-08-05	0	4.4	25	15
1982-08-06	0	3.7	25	14
1982-08-07	0	4.1	25	16
1982-08-08	0	3	26	19
1982-08-09	3	4.2	25	16
1982-08-10	0	1.8	25	16
1982-08-11	0	3.4	25	17
1982-08-12	0	4.2	25	15
1982-08-13	0	3.6	25	15
1982-08-14	0	3.6	24	15
1982-08-15	0	1.4	25	15
1982-08-16	0	4.7	25	16
1982-08-17	0	4.7	22	15
1982-08-18	2.4	1.6	23	16
1982-08-19	0.6	1.9	24	10
1982-08-20	0	2.7	22	14
1982-08-21	11	2.5	20	15
1982-08-22	3.7	1.5	20	15
1982-08-23	0	2	23	13
1982-08-24	0	4.6	25	13
1982-08-25	0	3	25	15
1982-08-26	0	3.9	26	15
1982-08-27	0	5.8	26	14
1982-08-28	0.1	2.1	26	17
1982-08-29	0	3	24	14
1982-08-30	2.5	1.3	21	14
1982-08-31	0	5.2	22	12
1982-09-01	0	3	24	14
1982-09-02	0	3.2	26	14
1982-09-03	6	0.8	27	16
1982-09-04	8	1.3	23	16
1982-09-05	20	2.9	23	13
1982-09-06	22	1.5	30	13
1982-09-07	12	2.2	29	13
1982-09-08	9	1.6	30	14
1982-09-09	30	1.9	31	13
1982-09-10	0	2.1	25	14
1982-09-11	0	3.3	24	10
1982-09-12	18	2	25	15
1982-09-13	0	2.1	21	16
1982-09-14	0	2.5	24	17
1982-09-15	16	2	23	17
1982-09-16	11	2.2	24	14
1982-09-17	14	1.5	24	15
1982-09-18	5	2.3	18	14
1982-09-19	11	1.8	20	15
1982-09-20	35	1.7	27	15
1982-09-21	68	1.2	19	14
1982-09-22	0	2.3	22	12
1982-09-23	3	1.6	26	13
1982-09-24	0	2.3	22	12
1982-09-25	0	2.7	32	13
1982-09-26	0	2.4	30	12
1982-09-27	0	4.6	31	12
1982-09-28	0	3.3	32	13
1982-09-29	0	1.1	29	14
1982-09-30	0	6.2	26	14
1982-10-01	8	5	23	15
1982-10-02	3	0.3	23	16
1982-10-03	5	0.9	24	14
1982-10-04	2	2.1	19	10
1982-10-05	0	1	20	14
1982-10-06	0	3.9	20	10
1982-10-07	15	1.8	22	9
1982-10-08	0	3.8	23	10
1982-10-09	70	1.5	25	11
1982-10-10	10	1.5	22	15
1982-10-11	5	1.2	21	15
1982-10-12	20	2.2	25	16
1982-10-13	5	4.4	15	11
1982-10-14	7	2.4	18	8
1982-10-15	0	1.5	15	10
1982-10-16	0	2.8	18	10
1982-10-17	2	4.1	28	12
1982-10-18	0	4.3	27	11
1982-10-19	2	2	24	11
1982-10-20	0	2.2	27	12
1982-10-21	15	1.9	23	7
1982-10-22	9	2.4	15	10
1982-10-23	10	0.9	18	11
1982-10-24	10	1.1	17	10
1982-10-25	0	2	23	11
1982-10-26	0	0.7	24	12
1982-10-27	0	1.3	22	9
1982-10-28	0	0.6	21	11
1982-10-29	0	1.1	23	13
1982-10-30	0	1.1	20	16
1982-10-31	0	2.1	22	10
1982-11-01	0	1.3	22	12
1982-11-02	4	0.4	30	13
1982-11-03	0	3.2	29	14
1982-11-04	0	3	22	13
1982-11-05	18	2.3	21	5
1982-11-06	0	2	15	5
1982-11-07	0	4	16	10
1982-11-08	0	2.3	23	12
1982-11-09	0	2.2	25	9
1982-11-10	0	2.7	25	9
1982-11-11	3	3.7	23	10
1982-11-12	5	1.4	22	7
1982-11-13	7	0.7	21	7
1982-11-14	2	2.5	22	8
1982-11-15	0	2.7	23	10
1982-11-16	0	3.5	27	12
1982-11-17	0	1.1	23	16
1982-11-18	0	2.5	27	15
1982-11-19	0	1.8	25	13
1982-11-20	1	3.6	24	9
1982-11-21	0	1.7	20	14
1982-11-22	0	2.1	23	12
1982-11-23	0	1.9	21	14
1982-11-24	2	0.8	20	16
1982-11-25	5	0.2	16	12
1982-11-26	19	0.3	23	10
1982-11-27	0	0.4	23	14
1982-11-28	0	2.5	24	9
1982-11-29	0	2.7	21	8
1982-11-30	0	2	23	10
1982-12-01	0	2.2	23	17
1982-12-02	0	1.3	25	15
1982-12-03	0	2.8	26	14
1982-12-04	0	2.9	12	8
1982-12-05	0	0.8	28	7
1982-12-06	16	0.6	20	11
1982-12-07	10	0.7	20	9
1982-12-08	10	0.7	12	9
1982-12-09	30	0.3	17	9
1982-12-10	0	0.9	16.1	10
1982-12-11	6	1	21	13
1982-12-12	0	2.2	10	5
1982-12-13	0	1.1	13	6
1982-12-14	5	0.6	16	9
1982-12-15	0	0.3	13	6
1982-12-16	0.1	0.4	12	5
1982-12-17	0	1.1	17	6
1982-12-18	0	3.5	20	5
1982-12-19	0	1.5	17	7
1982-12-20	0	2.8	17	6
1982-12-21	0	2.4	18	6
1982-12-22	0	1.7	13.1	10
1982-12-23	0	2.3	21	10
1982-12-24	0	3.2	26	12
1982-12-25	1.5	2.3	20	12
1982-12-26	0	2.4	19	11
1982-12-27	0	1.2	20	12
1982-12-28	0	0.7	16	8
1982-12-29	6	0.6	13	7
1982-12-30	0	1.5	11	6
1982-12-31	0	0.5	16	8
1983-01-01	6	0.9	10.1	6
1983-01-02	0	0.4	13	5
1983-01-03	0	0.1	11	6
1983-01-04	0	0.8	14	7
1983-01-05	0	0.2	15	7
1983-01-06	9	0.7	20	4
1983-01-07	0	2.2	25	8
1983-01-08	0	1	20	13
1983-01-09	15	3.1	23	9
1983-01-10	0	1.7	18	5
1983-01-11	23	0.2	14	7
1983-01-12	0	2.4	13	6
1983-01-13	23	0.3	22	8
1983-01-14	6	0.3	17	6
1983-01-15	0	0.7	11	6
1983-01-16	14	0.4	15	7
1983-01-17	11	0.7	24	7
1983-01-18	14	0.1	22	7
1983-01-19	0	0.3	19	10
1983-01-20	2	0.2	14	7
1983-01-21	0	1.6	17	6
1983-01-22	0	0.8	22	2
1983-01-23	0	1	22	4
1983-01-24	0	0.9	25	9
1983-01-25	0	2.2	23	13
1983-01-26	0	3.5	21	12
1983-01-27	0	2.6	22	11
1983-01-28	0	1.6	24	3
1983-01-29	0	0.9	25	7
1983-01-30	0	0.4	25	9
1983-01-31	0	1.1	26	10
1983-02-01	0	5.6	21	9
1983-02-02	0	2.3	22	7
1983-02-03	4	0.8	21	6
1983-02-04	0	1.3	25	10
1983-02-05	0	2.4	25	12
1983-02-06	3	0.9	23	11
1983-02-07	0	0.8	17	10
1983-02-08	0	1.2	23	10
1983-02-09	0	3	26	9
1983-02-10	0	6	19.5	10
1983-02-11	0	0.9	20	9
1983-02-12	0	1.3	18	2
1983-02-13	2	3.3	18	6
1983-02-14	0	3	23	7
1983-02-15	0	2.6	23	3
1983-02-16	0	3.4	20	5
1983-02-17	0	1.8	21	4
1983-02-18	0	2.6	20	5
1983-02-19	0	3.7	21.5	6
1983-02-20	0	3	24	7
1983-02-21	0	3.2	21	6
1983-02-22	0	3.8	19	7
1983-02-23	0	1.9	21	7
1983-02-24	0	1	23	8
1983-02-25	1	1.1	22	9
1983-02-26	0	0.7	22	7
1983-02-27	3	4.8	20	8
1983-02-28	0	1.8	21.5	8.5
1983-03-01	0	2.1	25	13
1983-03-02	0	2.8	23	15
1983-03-03	0	3.2	25	15
1983-03-04	0	3	34	16
1983-03-05	0	3.8	23	17
1983-03-06	0	3.9	24	16
1983-03-07	0	3.8	22	15
1983-03-08	0	2.8	24	9
1983-03-09	0	3.3	23	11
1983-03-10	30.8	1.3	14	10
1983-03-11	0	1.2	25	8
1983-03-12	4.1	0.7	21	11
1983-03-13	5	2	23	11
1983-03-14	0	4.2	24	12
1983-03-15	0	3.7	23	10
1983-03-16	0	2.1	24	8
1983-03-17	0	1.8	23	10
1983-03-18	0	3.3	23	9
1983-03-19	0	4.6	24	8
1983-03-20	0	1.9	19	10
1983-03-21	5	1.1	20	9
1983-03-22	1	3	23	9
1983-03-23	0	1.6	23	10
1983-03-24	3	0.9	19	14
1983-03-25	0	0.8	30	9
1983-03-26	0	1.7	30	9
1983-03-27	0	2.8	25	12
1983-03-28	0	2.2	27	15
1983-03-29	0	2	24	12
1983-03-30	0	3.3	26	10
1983-03-31	0	3.9	25	11
1983-04-01	0	4	23	13
1983-04-02	0	3	21	12
1983-04-03	0	4.9	23	13
1983-04-04	0	6.1	25	14
1983-04-05	0	3	31	11
1983-04-06	0	3.2	22	12
1983-04-07	0	2.8	16	10
1983-04-08	10.1	1.2	16	11
1983-04-09	15	2	17	9
1983-04-10	0	1.2	17	11
1983-04-11	0	4.1	20	12
1983-04-12	0	3.8	21	12
1983-04-13	0	3.2	25	13
1983-04-14	7	0.7	18	8
1983-04-15	0	1.3	16	9
1983-04-16	0	3.9	16	8
1983-04-17	0	3.8	19	11
1983-04-18	0	4.1	20	11
1983-04-19	0	3.9	24	13
1983-04-20	0	4.1	26	13
1983-04-21	0	3.9	23	11
1983-04-22	0	4.1	26	12
1983-04-23	0	4.1	28	10
1983-04-24	0	4.1	30	12
1983-04-25	0	3.9	30	18
1983-04-26	0	5.3	31	18
1983-04-27	0	3.6	24	16
1983-04-28	0	4.1	30	17
1983-04-29	0	5.2	28	19
1983-04-30	0	5	34	18
1983-05-01	0	3.8	34	14
1983-05-02	0	2.1	33	9
1983-05-03	0	4.2	31	12
1983-05-04	0	3.8	28	13
1983-05-05	0	3	30	11
1983-05-06	0	4.3	30	11
1983-05-07	0	2.9	34	12
1983-05-08	0	3.9	31	11
1983-05-09	0	3.4	30	10
1983-05-10	0	4.7	29	11
1983-05-11	0	5	30	11
1983-05-12	0	4	30	12
1983-05-13	0	1.1	31	11
1983-05-14	16.3	1.4	32	12
1983-05-15	0	1.8	30	16
1983-05-16	0	1.1	31	13
1983-05-17	0	1.9	28	15
1983-05-18	0	3	32	16
1983-05-19	0	4	31	16
1983-05-20	0	3	33	17
1983-05-21	0	2.7	29	18
1983-05-22	10	1.3	25	10
1983-05-23	15	3.9	26	9
1983-05-24	15	0.2	21	12
1983-05-25	14	0.7	26	10
1983-05-26	3.5	1.2	22	9
1983-05-27	3.8	2.2	21	9
1983-05-28	23	2.1	23	10
1983-05-29	44	0.8	23	11
1983-05-30	0	1.9	21	13
1983-05-31	0	2.1	25	10
1983-06-01	0	2.8	24	17
1983-06-02	0	4.2	23	16
1983-06-03	0	2.8	24	16
1983-06-04	0	3.2	25	18
1983-06-05	0	3	27	17
1983-06-06	2	1	26	10
1983-06-07	5	0.8	27	11
1983-06-08	25	5	26	17
1983-06-09	0	4	23	8
1983-06-10	0	2.6	24	14
1983-06-11	0	3.8	23	14
1983-06-12	0	3.5	25	13
1983-06-13	0	5	26	9
1983-06-14	0	3.1	25	9
1983-06-15	3	1.9	26	10
1983-06-16	10	1.1	23	9
1983-06-17	15.3	1.3	25	11
1983-06-18	0	1.6	24	10
1983-06-19	0	1.4	23	9
1983-06-20	0	1.2	25	8
1983-06-21	0	2	23	10
1983-06-22	0	4.1	25	10
1983-06-23	0	4.8	26	9
1983-06-24	0	3.3	24	14
1983-06-25	0	4.9	23	8
1983-06-26	0	3.9	26	10
1983-06-27	0	3.7	28	9
1983-06-28	0	4.1	27	11
1983-06-29	0	2.2	29	10
1983-06-30	0	2.2	26	9
1983-07-01	0	5.6	29.5	17
1983-07-02	0	2	29	16
1983-07-03	32	1.8	27.5	15
1983-07-04	21	4.4	26	16
1983-07-05	35.3	2	21	16
1983-07-06	0	6.2	24	15
1983-07-07	2	2.3	27	16
1983-07-08	0	3.1	27	11
1983-07-09	10.5	2.3	28	10
1983-07-10	35	4.7	27	12
1983-07-11	45	4.2	26	13
1983-07-12	41	4.1	27	13
1983-07-13	26	2.9	28	12
1983-07-14	13	2.3	26	11
1983-07-15	43	1.1	25	13
1983-07-16	53.3	1.8	27	10
1983-07-17	0	3.9	26	13
1983-07-18	14.3	0.6	26	13
1983-07-19	10.5	2.1	21	11
1983-07-20	40	1.4	23	12
1983-07-21	16	3.7	26	13
1983-07-22	42	4.2	24	15
1983-07-23	14	5.1	25	14
1983-07-24	20	4.8	26	12
1983-07-25	0	5.1	25	13
1983-07-26	0	4	26	16
1983-07-27	0	3.5	25	14
1983-07-28	9	5.2	26	15
1983-07-29	0	5.2	26.5	12
1983-07-30	0	4.9	27	13
1983-07-31	0	3.8	26.5	14
1983-08-01	0	2.2	20	16
1983-08-02	6	2.9	20	16
1983-08-03	0	2.1	24	16
1983-08-04	0	2.9	22	14
1983-08-05	49.8	2.8	18.1	17
1983-08-06	18.2	3.7	18	15
1983-08-07	0	1.1	20	15
1983-08-08	1.5	3.1	22	16
1983-08-09	7	2.4	22	15
1983-08-10	2.7	2.3	23	8
1983-08-11	30.5	6	21	10
1983-08-12	0.3	2.5	21	17
1983-08-13	1	1.5	23	17
1983-08-14	4.5	1.6	23	12
1983-08-15	0	2.5	21	10
1983-08-16	0	1.2	24	14
1983-08-17	2	1.6	24	12
1983-08-18	0	3.3	20.1	13
1983-08-19	0	5.8	24	10
1983-08-20	0	3.3	24	11
1983-08-21	12	1.3	23	11
1983-08-22	8	2.7	22	11
1983-08-23	43	1.3	20	16
1983-08-24	14	2.8	22	12
1983-08-25	17	1.9	20	12
1983-08-26	7.6	3	21	11
1983-08-27	0	1.4	23	12
1983-08-28	0	1.4	25	13
1983-08-29	4	5.7	24	11
1983-08-30	1	5	24	12
1983-08-31	0	3.1	24	16
1983-09-01	0	4.7	24	14
1983-09-02	0	3.2	25	14
1983-09-03	0	3.1	25	14.5
1983-09-04	0	1	25	15
1983-09-05	0	5.1	25.5	17
1983-09-06	29	1.4	26	17
1983-09-07	24	1.9	24	11.5
1983-09-08	36	2.6	23.5	13
1983-09-09	37	0.9	24	13
1983-09-10	32	3.2	21.5	12.5
1983-09-11	2	1.7	25	18
1983-09-12	29	2.3	21	14
1983-09-13	13	2.5	22.5	13.5
1983-09-14	6	3.6	21	15
1983-09-15	24	1.4	21	17
1983-09-16	2	2	22	15
1983-09-17	0	2.7	23	18
1983-09-18	0	2.1	22	17
1983-09-19	0	2.6	23	16
1983-09-20	22	3.6	24.5	15.5
1983-09-21	8	0.8	16.5	11
1983-09-22	6	3.8	22	10
1983-09-23	25	2.8	20	9.5
1983-09-24	35	1.3	15	6.5
1983-09-25	19	2	20	9.5
1983-09-26	21	0.5	17	12
1983-09-27	2	0.9	19	11
1983-09-28	2	2.5	18	8.5
1983-09-29	2	3.9	20	15
1983-09-30	0	4.9	21	15
1983-10-01	1	2.4	23	15
1983-10-02	0	3.4	22	11
1983-10-03	0	3	25	10
1983-10-04	0	1.5	25	11
1983-10-05	1	3.7	26	10
1983-10-06	2	3.2	27	10
1983-10-07	0	2.8	28	10
1983-10-08	0	4.7	27	11
1983-10-09	5	3.2	28	12
1983-10-10	1	2.6	27	10
1983-10-11	0	3.3	28	9
1983-10-12	0	1.8	27	10
1983-10-13	20	2	19	11
1983-10-14	0	2.5	23	6
1983-10-15	0	3.2	25	10
1983-10-16	0	3	26	11
1983-10-17	38	3.2	25	10
1983-10-18	0	4.2	25	12
1983-10-19	2	1.7	28	12
1983-10-20	0	2.2	25	11
1983-10-21	32	1	24	13
1983-10-22	2	2.1	20	11
1983-10-23	3	1.7	22	11
1983-10-24	0	2.3	19	12
1983-10-25	10	0.5	21	11
1983-10-26	0	1.6	18	10
1983-10-27	2	1.2	13	9
1983-10-28	0	2	21	9
1983-10-29	0	1.4	20	7
1983-10-30	0	1.6	19	10
1983-10-31	0	1.5	19	10
1983-11-01	1	1.8	20	9
1983-11-02	0	3.2	21	9
1983-11-03	2	3.5	16	10
1983-11-04	0	4.6	18	10
1983-11-05	2	2.2	19	9
1983-11-06	4	3.7	20	10
1983-11-07	0	0.8	21	11
1983-11-08	5	1.4	19	11
1983-11-09	22	4	22	10
1983-11-10	15	1.1	21	7
1983-11-11	0	2.8	22	5
1983-11-12	0	3.3	22	5
1983-11-13	0	2.4	25	12
1983-11-14	0	2.6	22	10
1983-11-15	0	2.2	21	10
1983-11-16	45	3.5	18	9
1983-11-17	0	2.3	20	8
1983-11-18	0	2.8	24	9
1983-11-19	0	3.8	23	10
1983-11-20	0	2.1	24	8
1983-11-21	0	2.4	26	9
1983-11-22	0	3.8	26	10
1983-11-23	8	5.9	24	8
1983-11-24	2	1.3	21	7
1983-11-25	0	2.2	19	15
1983-11-26	0	2.8	25	7
1983-11-27	0	2.8	24	8
1983-11-28	50.3	4.2	16	7
1983-11-29	0	3.3	16	6
1983-11-30	0	2.1	17	7
1983-12-01	0	0.48	20	8.5
1983-12-02	0	0.35	22	9
1983-12-03	0	1.9	26	9
1983-12-04	0	0.3	25	9.5
1983-12-05	20	2.1	25	10
1983-12-06	0	0.6	20	11
1983-12-07	0	0.7	21	9.5
1983-12-08	0	0.25	23	7
1983-12-09	0	2.35	24	9
1983-12-10	2	1.05	22	8
1983-12-11	9	0.55	23	9
1983-12-12	6	1.6	24	7
1983-12-13	2	3	22	7
1983-12-14	8	1.95	21	6
1983-12-15	1	1.02	21	7
1983-12-16	0	1.83	22	7
1983-12-17	11	0.5	12	6
1983-12-18	0	0.6	20	5
1983-12-19	0	0.7	12	8
1983-12-20	11	0.6	13	7
1983-12-21	0	1.2	18	6
1983-12-22	0	0.4	16	6
1983-12-23	8	0.33	16	4
1983-12-24	9	0.5	14	-2
1983-12-25	0	1.64	6	-3
1983-12-26	0	0.29	7	-1.5
1983-12-27	0	0.46	16	1
1983-12-28	10	2.81	12	4
1983-12-29	NULO	1.7	5	-1
1983-12-30	0	0.9	6	-3
1983-12-31	0	1.6	12.5	-4
1984-01-01	1	1.5	11	4
1984-01-02	15	0.5	13	6
1984-01-03	20	0.4	18	4
1984-01-04	1	0.3	14	5
1984-01-05	0	1	14	5
1984-01-06	0	1.4	19	6
1984-01-07	0	1.5	20	7
1984-01-08	10	0.5	18	6
1984-01-09	0	2.5	21	7
1984-01-10	10	0.5	14	4
1984-01-11	0	0.8	10	4
1984-01-12	1	1	17	2
1984-01-13	0	0.8	11	4
1984-01-14	0	1.1	14	4
1984-01-15	0	1.9	12	4
1984-01-16	0	1	16	5
1984-01-17	0	1.7	17	5
1984-01-18	0	1.1	14	5
1984-01-19	0	0.5	11	4
1984-01-20	1	0.1	16	5
1984-01-21	0	0.3	9	3
1984-01-22	0	0.6	17	3
1984-01-23	0	1.2	18	5
1984-01-24	10	1.2	18	8
1984-01-25	0	0.4	14	5
1984-01-26	0	1.3	13	5
1984-01-27	0	1.4	17	3
1984-01-28	0	2.1	16	4
1984-01-29	0	1.2	19	7
1984-01-30	20	0.8	14	8
1984-01-31	0	0.1	11	5
1984-02-01	2	1	11	5
1984-02-02	0	2.1	24	4
1984-02-03	9	1	22	7
1984-02-04	15	0.8	17	6
1984-02-05	20.5	0.8	13	4
1984-02-06	5	0.3	13	4
1984-02-07	1	0.3	15	6
1984-02-08	0	1.6	17	7
1984-02-09	4	4.9	16	6
1984-02-10	0	1	20	7
1984-02-11	0	1.8	21	7
1984-02-12	0	2.9	23	8
1984-02-13	0	3.9	21	10
1984-02-14	0	2.9	20	13
1984-02-15	0	3.9	24	10
1984-02-16	0	1.2	23	17
1984-02-17	4	0.6	17	11
1984-02-18	0	0.5	22	11
1984-02-19	3.1	0.9	21	11
1984-02-20	3	0.4	16	5
1984-02-21	0.1	1.1	15	9
1984-02-22	0	4	16	3
1984-02-23	0	2.5	15	5
1984-02-24	0	1.7	19	5
1984-02-25	0.2	3.6	24	7
1984-02-26	0.5	4.3	25	8
1984-02-27	0	3.5	19	15
1984-02-28	2.3	0.5	14	9
1984-02-29	1.3	0.3	7	4
1984-03-01	0	2.8	17	5
1984-03-02	0	2.9	18	7
1984-03-03	0	2.2	26	8
1984-03-04	0	1.8	28	4
1984-03-05	0	2	25	9
1984-03-06	1	1.8	8	5
1984-03-07	2	1.4	8	4
1984-03-08	0	1.6	15	5
1984-03-09	0	1.2	15	7
1984-03-10	0	3.1	20	9
1984-03-11	0	2.3	18	10
1984-03-12	0	3.3	25	9
1984-03-13	0	4.1	23	12
1984-03-14	0	3.2	21	14
1984-03-15	0	3.2	23	11
1984-03-16	0	2	22	12
1984-03-17	0	1	22	12
1984-03-18	0	1.5	26	12
1984-03-19	0	3.2	26	15
1984-03-20	0	3.2	28	9
1984-03-21	0	4.1	20	7
1984-03-22	0	1.7	27	10
1984-03-23	0	4.7	29	14
1984-03-24	0	5.6	21	14
1984-03-25	0	4.7	24	13
1984-03-26	0	5.3	29	13
1984-03-27	0	4.5	34	18
1984-03-28	0	5.3	25	21
1984-03-29	0	2.8	18	7
1984-03-30	0	2.2	18	8
1984-03-31	0	2.8	22	10
1984-04-01	0	2.2	24	13
1984-04-02	0	2.9	27	12
1984-04-03	0	1.3	29	13
1984-04-04	0	0.7	21	12
1984-04-05	0	1.2	21	10
1984-04-06	0	1.7	23	11
1984-04-07	0	1.1	24	18
1984-04-08	0	2.2	25	15
1984-04-09	0	1.2	25	15
1984-04-10	0	3.9	29	15
1984-04-11	0	3.5	26	12
1984-04-12	0	2.3	28	15
1984-04-13	0	3.8	26	16
1984-04-14	35	1	26	13
1984-04-15	0	4.2	18	8
1984-04-16	0	3.5	22	10
1984-04-17	0	2.8	23	10
1984-04-18	0	1.8	26	11
1984-04-19	0	2.3	29	13
1984-04-20	0	2.2	34	12
1984-04-21	0	3.6	35	14
1984-04-22	0	4.8	24	14
1984-04-23	0	5.7	22	12
1984-04-24	0	3.7	28	15
1984-04-25	0	3.7	30	13
1984-04-26	0	3.8	34	14
1984-04-27	0	3.8	35	17
1984-04-28	0	4.7	35	14
1984-04-29	0	2.7	32	12
1984-04-30	0	2.7	30	11
1984-05-01	0	3.2	24	13
1984-05-02	0	3.9	32	12
1984-05-03	0	4.3	36	19
1984-05-04	0	0.7	31	12
1984-05-05	0	0.9	30	10
1984-05-06	0	2.2	34	9
1984-05-07	20	3.1	35	9
1984-05-08	5	1.4	17	13
1984-05-09	0	2.1	19	8
1984-05-10	0	1.8	22	9
1984-05-11	0	1.8	24	12
1984-05-12	0	1.8	21	9
1984-05-13	0	1.5	20	12
1984-05-14	0	1.4	19	12
1984-05-15	0	1.7	21	13
1984-05-16	0	2.2	24	11
1984-05-17	15	2.8	24	15
1984-05-18	0	2.3	23	13
1984-05-19	0	1.5	26	16
1984-05-20	0	2.3	24	15
1984-05-21	0	2.7	28	15
1984-05-22	0	2.2	27	14
1984-05-23	55	1.9	23	16
1984-05-24	0	2.1	24	14
1984-05-25	0	2.2	22	14
1984-05-26	10	3.2	24	13
1984-05-27	50	NULO	24	14
1984-05-28	60	NULO	21	13
1984-05-29	63	NULO	16	12
1984-05-30	15	NULO	13	11
1984-05-31	0	2.3	20	8
1984-06-01	0	3.2	21	14
1984-06-02	0	0.6	21	9
1984-06-03	0	1.3	21	11
1984-06-04	0	1.8	20	13
1984-06-05	10.3	1.5	25	12
1984-06-06	0	4.8	26	13
1984-06-07	0	1.9	26	16
1984-06-08	0	1.1	23	17
1984-06-09	0	1.6	23	16
1984-06-10	0	1.4	24	11
1984-06-11	14	1.2	22	11
1984-06-12	0	1.8	20	14
1984-06-13	23.1	1.4	21	14
1984-06-14	21	2.1	21	15
1984-06-15	0	2.1	24	14
1984-06-16	0	0.5	22	12
1984-06-17	0	0.8	22	14
1984-06-18	0	0.8	21	14
1984-06-19	26	1.2	24	13
1984-06-20	0	1.7	20	13
1984-06-21	0	1.5	19	15
1984-06-22	0	1.9	24	16
1984-06-23	0	2.2	24	15
1984-06-24	0	4.4	25	14
1984-06-25	0	2.2	22	15
1984-06-26	0	2.9	26	13
1984-06-27	0	1.6	26	15
1984-06-28	0	1.5	22	20
1984-06-29	0	3.5	22	16
1984-06-30	0	3.5	23	13
1984-07-01	0	2.3	25	16
1984-07-02	0	2.9	23	14
1984-07-03	13.1	0.3	24	13
1984-07-04	0	2.9	23	12
1984-07-05	10.3	0.6	24	15
1984-07-06	6.1	0.6	26	16
1984-07-07	9.3	1.4	24	18
1984-07-08	56.3	0.8	23	16
1984-07-09	40	1.2	20	15
1984-07-10	17.3	1.3	22	15
1984-07-11	50.2	1.6	21	16
1984-07-12	120.3	1.6	20	14
1984-07-13	5.2	1.1	18	17
1984-07-14	0	0.6	20	16
1984-07-15	10.3	0.8	18	17
1984-07-16	5.6	0.7	20	13
1984-07-17	0	0.8	20	14
1984-07-18	0	1.2	23	14
1984-07-19	0	0.7	23	15
1984-07-20	0	2.3	24	13
1984-07-21	0	4.4	23	13
1984-07-22	0	4.7	24	14
1984-07-23	0	0.7	23	12
1984-07-24	0	0.9	23	16
1984-07-25	25.8	2.4	19	13
1984-07-26	0	1.4	19	14
1984-07-27	0	0.8	22	14
1984-07-28	2.5	1.4	23	13
1984-07-29	35.1	1.3	22	12
1984-07-30	0	2.3	22	12
1984-07-31	0	2.1	23	14
1984-08-01	0	2.4	28	14
1984-08-02	15	4.9	27	16
1984-08-03	21.5	2.3	28	14
1984-08-04	5	2.5	26	17
1984-08-05	5	3.4	26	16.5
1984-08-06	0	2.1	23	14
1984-08-07	0	2.1	22	13
1984-08-08	0	4.2	22	15
1984-08-09	0	4.3	22	17
1984-08-10	0	2.2	21	15
1984-08-11	0	2.2	24	17
1984-08-12	0	5.2	23	17
1984-08-13	10	4.1	24	15
1984-08-14	0	3.5	23	13
1984-08-15	15.5	2.1	23	15
1984-08-16	1.3	1.4	19.5	12
1984-08-17	5	2	23	13
1984-08-18	0	1.9	23	15
1984-08-19	0	5.1	24	13
1984-08-20	0	2.8	24	14
1984-08-21	0	2.2	24	13
1984-08-22	82.5	3	25	13
1984-08-23	11	3.4	20	13
1984-08-24	1.3	2	26	15
1984-08-25	33.5	1.3	23	15
1984-08-26	2	2.3	22	12
1984-08-27	23.5	3.1	26	14
1984-08-28	0	4.4	24	13
1984-08-29	0	3.5	24	13
1984-08-30	0	3.2	25	14
1984-08-31	0	3.5	24	14
1984-09-01	0	3.1	29	14
1984-09-02	0	2.2	23	13
1984-09-03	20	1.7	20	15
1984-09-04	17	1.3	15	13
1984-09-05	100	1.4	15	13
1984-09-06	40	1	17	14
1984-09-07	50	1.6	17	14
1984-09-08	60	1.2	21	14
1984-09-09	40	0.9	20	14
1984-09-10	5	1.4	21	15
1984-09-11	5.5	2.2	18	13
1984-09-12	15	1	15	14
1984-09-13	20	1.2	19	13
1984-09-14	0	1.4	18	12
1984-09-15	109	3	17	15
1984-09-16	20	0.9	16	15
1984-09-17	60	1	16	13
1984-09-18	0	1.8	16	13
1984-09-19	0	1.6	19	12
1984-09-20	0	2.3	22	11
1984-09-21	0	1.7	21	13
1984-09-22	40	0.9	21	12
1984-09-23	20	0.5	23	13
1984-09-24	20	2.7	22	14
1984-09-25	40	1.3	19	15
1984-09-26	35	0.7	18	14
1984-09-27	34	1.3	18	14
1984-09-28	40	2.9	18	13
1984-09-29	28	1.5	19	13
1984-09-30	4	1	15	11
1984-10-01	0	1.6	18	11
1984-10-02	5	3	18	11
1984-10-03	0	0.6	20	12
1984-10-04	0	0.9	20	12
1984-10-05	0	0.8	22	14
1984-10-06	0	1.3	21	14
1984-10-07	0	2.4	22	13
1984-10-08	0	3.4	21	13
1984-10-09	0	2.3	23	12
1984-10-10	0	1.5	21	12
1984-10-11	0	1.4	20	14
1984-10-12	0	2.3	22	13
1984-10-13	0	1.7	21	12
1984-10-14	0	2	21	14
1984-10-15	0	1.4	27	14
1984-10-16	0	0.4	28	16
1984-10-17	0	1.9	22	16
1984-10-18	0	3.2	25	15
1984-10-19	0	3.4	25	16
1984-10-20	0	2.7	28	17
1984-10-21	0	3.1	27	15
1984-10-22	0	0.9	24	16
1984-10-23	0	1	24	14
1984-10-24	22	1.4	20	17
1984-10-25	0	0.4	23	11
1984-10-26	0	1.2	21	12
1984-10-27	0	1.9	21	12
1984-10-28	0	0.9	20	13
1984-10-29	20	1.2	22	11
1984-10-30	30	1.6	20	15
1984-10-31	0	1.8	21	15
1984-11-01	0	1.4	20	15
1984-11-02	0	0.9	21	13
1984-11-03	18	1.5	20	12
1984-11-04	0	2.5	24	11
1984-11-05	0	1.9	26	9
1984-11-06	0	2.3	16	8
1984-11-07	9	0.8	21	8
1984-11-08	0	0.5	23	9
1984-11-09	0	2.5	24	8
1984-11-10	15	0.7	21	10
1984-11-11	0	1.1	16	10
1984-11-12	0	0.6	20	7
1984-11-13	0	0.2	16	10
1984-11-14	0	1.2	19	9
1984-11-15	0	1.5	25	10
1984-11-16	0	1.6	19	9
1984-11-17	0	0.9	24	9
1984-11-18	10	1.6	25	9
1984-11-19	50	1	14	10
1984-11-20	51	0.8	12	7
1984-11-21	5	1.1	10	5
1984-11-22	0	1.2	12	5
1984-11-23	0	1.2	10	7
1984-11-24	2	0.9	19	6
1984-11-25	0	2.2	24	9
1984-11-26	0	1.5	23	9
1984-11-27	0	0.8	16	10
1984-11-28	0	0.8	21	5
1984-11-29	0	0.9	17	8
1984-11-30	0	1.2	21	6
1984-12-01	0	1.9	23	10
1984-12-02	0	1	23	11
1984-12-03	0	1.7	17	10
1984-12-04	0	7	17	12
1984-12-05	10	7.3	16	11
1984-12-06	8	6.7	16	5
1984-12-07	0	2	20	6
1984-12-08	0	1.3	20	4
1984-12-09	0	1.9	21	3
1984-12-10	0	1.9	20	2
1984-12-11	0	2.6	21	4
1984-12-12	0	1.4	17	10
1984-12-13	0	2.2	24	6
1984-12-14	0	1.2	19	7
1984-12-15	0	2	18	10
1984-12-16	0	1.7	16	11
1984-12-17	0	3	19	9
1984-12-18	0	9	18	8
1984-12-19	0	1.1	18	12
1984-12-20	0	1.4	19	11
1984-12-21	0	2.1	21	7
1984-12-22	0	1.1	18	8
1984-12-23	0	2.1	18	8
1984-12-24	0	1.1	17	8
1984-12-25	0	1.2	16	11
1984-12-26	0	1.1	16	10
1984-12-27	0	1.2	18	8
1984-12-28	0	4	18	11
1984-12-29	0	2	18	10
1984-12-30	0	6	22	11
1984-12-31	0	8.5	20	12
1985-01-01	0	1.05	20	5
1985-01-02	4	4.1	11	4
1985-01-03	0	6	7	1
1985-01-04	0	1.99	11	-3
1985-01-05	0	7.1	12	-3
1985-01-06	0	1.94	17	-4
1985-01-07	0	1.76	16	-1
1985-01-08	0	1.5	15	3
1985-01-09	0	5	14	5
1985-01-10	0	1.6	15	7
1985-01-11	0	1.39	18	8
1985-01-12	6	2.1	9	5
1985-01-13	0	1.4	13	5
1985-01-14	0	5	10	5
1985-01-15	0	7	10	8
1985-01-16	0	2.8	22	7
1985-01-17	0	5	10	5
1985-01-18	0	3.8	18	4
1985-01-19	0	1.3	16	5
1985-01-20	0	1.1	14	5
1985-01-21	0	1.3	5	0
1985-01-22	0	0.7	9	0
1985-01-23	0	0.7	13	3
1985-01-24	0	0.4	13	4
1985-01-25	0	1.2	15	8
1985-01-26	5	1.3	15	10
1985-01-27	0	1.7	18	10
1985-01-28	0	1.7	20	12
1985-01-29	0	1	21	11
1985-01-30	0	0.7	23	10
1985-01-31	0	1	28	12
1985-02-01	0	6	13	9
1985-02-02	0	3.5	11	1
1985-02-03	0	3.5	14	5
1985-02-04	0	1.3	17	6
1985-02-05	0	1	22	9
1985-02-06	0	0.8	20	7
1985-02-07	10	0.8	22	8
1985-02-08	0	1.7	23	7
1985-02-09	0	1.1	17	8
1985-02-10	0	1.8	18	9
1985-02-11	0	0.4	16	10
1985-02-12	0	0.3	15	9
1985-02-13	0	0.6	16	7
1985-02-14	0	1.9	13	7
1985-02-15	0	1.4	16	6
1985-02-16	0	1.1	18	8
1985-02-17	0	1.04	16	9
1985-02-18	0	0.96	15	8
1985-02-19	0	1.9	20	10
1985-02-20	0	1.1	22	13
1985-02-21	0	1.5	19	11
1985-02-22	0	2.8	21	12
1985-02-23	0	2.2	25	12
1985-02-24	15	1.9	20	11
1985-02-25	0	1.4	11	7
1985-02-26	0	1.8	15	7
1985-02-27	20	0.8	13	10
1985-02-28	0	0.5	13	10
1985-03-01	0	2.8	17	5
1985-03-02	0	2.05	23	7
1985-03-03	0	3.35	20	8
1985-03-04	0	1.9	22	9
1985-03-05	0	1.1	25	9
1985-03-06	1	1.3	14	10
1985-03-07	2	1.9	15	8
1985-03-08	0	2.3	16	8
1985-03-09	0	1.05	15	7
1985-03-10	0	0.95	20	9
1985-03-11	0	1.7	18	10
1985-03-12	0	2.1	23	9
1985-03-13	0	2.05	21	14
1985-03-14	0	2.25	20	13
1985-03-15	0	1.65	23	11
1985-03-16	0	1.55	22	12
1985-03-17	0	0.6	21	12
1985-03-18	0	0.92	16	11
1985-03-19	0	2.04	25	13
1985-03-20	0	2.04	23	13
1985-03-21	0	3.3	20	10
1985-03-22	0	1.4	22	10
1985-03-23	0	3.05	23	14
1985-03-24	0	3.2	21	13
1985-03-25	0	1.45	24	13
1985-03-26	0	1.6	25	13
1985-03-27	0	1.5	22	18
1985-03-28	0	1.85	24	17
1985-03-29	0	3.15	23	12
1985-03-30	0	3.8	25	8
1985-03-31	0	1.4	16	10
1985-04-01	0	2.2	18	8
1985-04-02	0	2.1	19	7
1985-04-03	0	2.8	19	7
1985-04-04	0	4.9	18	8
1985-04-05	0	4.9	29	9
1985-04-06	0	3.8	25	8
1985-04-07	22	4.3	24	12
1985-04-08	55	3.2	18	11
1985-04-09	5	1.7	16	11
1985-04-10	0	2.1	18	12
1985-04-11	0	5.1	19	12
1985-04-12	0	2.55	18	12
1985-04-13	20	2.45	19	11
1985-04-14	5	1.5	17	10
1985-04-15	0	3.4	18	11
1985-04-16	0	4.9	19	12
1985-04-17	0	2.2	21	11
1985-04-18	0	2.4	21	13
1985-04-19	0	2.1	25	14
1985-04-20	0	3.6	24	12
1985-04-21	0	3.8	22	10
1985-04-22	0	3.6	25	15
1985-04-23	20	2.2	26	16
1985-04-24	10	2.1	23	15
1985-04-25	0	2.1	19	12
1985-04-26	0	3.9	24	13
1985-04-27	0	4.45	26	17
1985-04-28	0	4.3	24	15
1985-04-29	0	4.1	23	12
1985-04-30	0	5.3	23	15
1985-06-01	0	2.6	25	14
1985-06-02	10.3	1.7	25	14
1985-06-03	5.3	3.6	24	17
1985-06-04	0.01	2.35	24	15
1985-06-05	20	3.85	26	16
1985-06-06	25	3.4	27	16
1985-06-07	0	3.1	25	14
1985-06-08	0	3.1	25	13
1985-06-09	0	2.6	25	14
1985-06-10	0	2.4	25	14
1985-06-11	20	3.2	24	16
1985-06-12	25	2.18	28	15
1985-06-13	10	2.6	22	15
1985-06-14	0	3.6	25	15
1985-06-15	0.01	3.7	24	15
1985-06-16	3.3	3.3	25	16
1985-06-17	19.8	3.55	24	15
1985-06-18	19.7	2.5	24	14
1985-06-19	9.8	2.67	23	14
1985-06-20	0	3.03	25	16
1985-06-21	0	2.4	26	15
1985-06-22	60	2.5	25	14
1985-06-23	0	1.8	26	15
1985-06-24	30	2.6	25	16
1985-06-25	0	2.7	26	15
1985-06-26	0	3.3	25	16
1985-06-27	65	2.5	24	14
1985-06-28	52	2.1	22	15
1985-06-29	15	1.5	26	13
1985-06-30	0	1.1	23	13
1985-07-01	0	1.2	24	15
1985-07-02	1.5	2.62	21	14
1985-07-03	10	2.38	24	13
1985-07-04	23	2.3	25	14
1985-07-05	0	2.4	25	15
1985-07-06	17	4.7	24	14
1985-07-07	0	4.6	23	13
1985-07-08	0	2.29	22	14
1985-07-09	0	3	25	15
1985-07-10	0	2.51	24	13
1985-07-11	0	2.95	23	13
1985-07-12	0	2.35	24	15
1985-07-13	105.7	3.35	24	13
1985-07-14	115	0.85	19	14
1985-07-15	15	3.2	16	14
1985-07-16	27	1.3	18	14
1985-07-17	5	2.25	21	13
1985-07-18	0	3.2	23	14
1985-07-19	0	2.1	24	14
1985-07-20	20	2.9	24	13
1985-07-21	0	2.9	22	14
1985-07-22	10	1.6	23	14
1985-07-23	0	1.1	24	15
1985-07-24	2	2.9	25	15
1985-07-25	0	3.15	23	16
1985-07-26	9	1.95	24	18
1985-07-27	0	2.9	24	13
1985-07-28	145	2.2	25	13
1985-07-29	7	1.35	24	15
1985-07-30	90	1.2	24	15
1985-07-31	0	1.5	23	13
1985-08-01	0	1.2	22	13
1985-08-02	0	2.5	24	14
1985-08-03	0	2.2	24	14
1985-08-04	0	3.1	23	13
1985-08-05	0	1.8	22	12
1985-08-06	0	4.9	25	14
1985-08-07	0	1.95	24	14
1985-08-08	0	1.35	22	15
1985-08-09	0	1.6	22	16
1985-08-10	0	2.7	24	13
1985-08-11	0	2.2	23	14
1985-08-12	0	0.7	24	13
1985-08-13	0	4.3	25	12
1985-08-14	0	1.1	24	14
1985-08-15	20	3.8	23	15
1985-08-16	4	1.49	23	16
1985-08-17	20	3.21	24	14
1985-08-18	5	2.9	23	13
1985-08-19	5	1.2	23	12
1985-08-20	0	2.95	25	13
1985-08-21	0	3.8	25	12
1985-08-22	0	1.4	24	13
1985-08-23	10	2.3	21	14
1985-08-24	5	1.5	19	15
1985-08-25	34	2.6	23	14
1985-08-26	0	2.1	21	13
1985-08-27	20	3.2	22	14
1985-08-28	20	2.3	22	15
1985-08-29	18	2.1	22	14
1985-08-30	0	1.3	21	13
1985-08-31	0	1.1	24	14
1985-09-01	0	3.1	25	13
1985-09-02	0	3.2	24	13
1985-09-03	0	1.6	25	14
1985-09-04	0	3.3	24	15
1985-09-05	0	2.8	23	14
1985-09-06	0	2.1	24	13
1985-09-07	0	1.6	23	14
1985-09-08	0	3.6	24	12
1985-09-09	0	1.93	25	13
1985-09-10	0	2.77	23	13
1985-09-11	0	3.9	25	15
1985-09-12	21	2.3	24	14
1985-09-13	1	2.75	21	13
1985-09-14	20	1.15	20	14
1985-09-15	8	0.6	19	12
1985-09-16	6	2.5	20	13
1985-09-17	7	2.4	23	13
1985-09-18	10	2.1	24	14
1985-09-19	50	2.5	23	14
1985-09-20	15	2.1	23	15
1985-09-21	0	3.2	23	12
1985-09-22	0	2.6	22	13
1985-09-23	5	3.3	26	13
1985-09-24	0	2.7	25	12
1985-09-25	0	2.6	24	13
1985-09-26	0	0.9	25	12
1985-09-27	20	2	22	12
1985-09-28	0	1.8	21	12
1985-09-29	0	3.4	23	17
1985-09-30	20	0.5	22	15
1985-10-01	0	2.04	17	10
1985-10-02	30	NULO	18	11
1985-10-03	0	2.28	20	11
1985-10-04	20	1.73	21	10
1985-10-05	0	2.08	22	11
1985-10-06	0	1.58	22	12
1985-10-07	0	1.52	23	12
1985-10-08	0	1.34	23	13
1985-10-09	0.01	3.51	25	14
1985-10-10	0	1.71	23	13
1985-10-11	0	1.72	24	12
1985-10-12	0	2.53	23	13
1985-10-13	0	2.87	24	12
1985-10-14	0	3.53	25	15
1985-10-15	70	NULO	25	14
1985-10-16	40	2.27	22	13
1985-10-17	2	2.28	21	12
1985-10-18	0	2.39	22	13
1985-10-19	15	1.89	22	14
1985-10-20	14	3.55	23	13
1985-10-21	0	2.87	22	12
1985-10-22	1	2.45	22	13
1985-10-23	0	2.42	24	13
1985-10-24	10	1.89	23	12
1985-10-25	0	4.34	22	11
1985-10-26	20	NULO	23	14
1985-10-27	0	2	18	10
1985-10-28	0	2.35	19	9
1985-10-29	0	2.27	18	10
1985-10-30	0	2.31	18	10
1985-10-31	0	3.36	19	11
1985-11-01	0	2.71	22	10
1985-11-02	22	2.54	25	9
1985-11-03	0	2.43	21	7
1985-11-04	0	2.28	15	6
1985-11-05	0	2.85	18	4
1985-11-06	0	2.49	23	7
1985-11-07	0	1.85	22	9
1985-11-08	0	1.56	24	10
1985-11-09	0	1.88	24	11
1985-11-10	0	2.52	25	12
1985-11-11	0	1.62	23	12
1985-11-12	0	3.78	22	13
1985-11-13	0	1.49	21	12
1985-11-14	0	2.48	20	11
1985-11-15	0	1.03	21	12
1985-11-16	20	3.58	23	11
1985-11-17	10	3.14	19	13
1985-11-18	0	2.23	20	12
1985-11-19	0	1.34	18	13
1985-11-20	0	1.53	18	13
1985-11-21	0	2.76	19	13
1985-11-22	0	2.3	18	11
1985-11-23	0	2.46	22	13
1985-11-24	0	2.48	21	11
1985-11-25	0	2.05	22	13
1985-11-26	0	1.53	21	13
1985-11-27	20	4.32	23	12
1985-11-28	0	3.97	21	11
1985-11-29	0	2.69	23	10
1985-11-30	0	2.91	24.5	11
1985-12-01	0	2.71	25	15
1985-12-02	0	1.8	24	11
1985-12-03	0	3.19	21	12
1985-12-04	0	2.74	17	13
1985-12-05	0	3.27	13	8
1985-12-06	0	1.88	16	9
1985-12-07	2	2.87	20	6
1985-12-08	1	2.15	19	6
1985-12-09	0	2.89	19	7
1985-12-10	0	1.89	23	6
1985-12-11	0	1.74	24	10
1985-12-12	7	2.71	22	11
1985-12-13	0	1.7	16	10
1985-12-14	0	2.29	15	8
1985-12-15	0	2.29	16	7
1985-12-16	1	3.04	15	9
1985-12-17	0	3.53	18	10
1985-12-18	15	3.07	16	9
1985-12-19	20	4.05	14	12
1985-12-20	6	2	13	11
1985-12-21	0	2.24	14	10
1985-12-22	5	2.88	13	11
1985-12-23	0	1.74	21	8
1985-12-24	0	2.38	13	5
1985-12-25	15	2.64	22	8
1985-12-26	0	3.15	15	7
1985-12-27	0	2.05	14	9
1985-12-28	0	3.08	23	10
1985-12-29	0	2.93	15	7
1985-12-30	0	1.62	27	6
1985-12-31	0	2.22	28	8
1986-01-01	0	2.31	21	9.5
1986-01-02	0	2.82	17	11
1986-01-03	0	2.92	18	7
1986-01-04	0	1.44	12	8
1986-01-05	5	2.71	20	7
1986-01-06	0	2.48	20	4
1986-01-07	0	1.7	12	7
1986-01-08	0	2.04	13	6
1986-01-09	5	1.58	16	7
1986-01-10	0	3.27	7	2
1986-01-11	0	3.23	15	3
1986-01-12	0	1.47	14	1
1986-01-13	0	3.74	15	1
1986-01-14	1	2.96	15	2
1986-01-15	0	1.85	14	2
1986-01-16	0	2.28	16	2
1986-01-17	0	1.55	17	3
1986-01-18	0	3.44	14	4
1986-01-19	0	2.28	13	2
1986-01-20	0	2.25	18	5
1986-01-21	0	5.05	19	5
1986-01-22	0	1.82	20	6
1986-01-23	0	3.03	18	7
1986-01-24	0	4.45	21	6
1986-01-25	35	3.78	22	8
1986-01-26	0	2.15	8	2
1986-01-27	0	2.2	10	2
1986-01-28	0	2.92	25	2
1986-01-29	0	1.94	25	2
1986-01-30	0	2.09	18	3
1986-01-31	0	3.77	21	4
1986-02-01	0	1.77	23	9
1986-02-02	0	3.28	19	7
1986-02-03	0	1.88	22	8
1986-02-04	0	2.27	26	9
1986-02-05	0	2.76	27	10
1986-02-06	0	3.67	28	9
1986-02-07	0	1.95	27	10
1986-02-08	0	2.41	25	11
1986-02-09	0	0.96	24	10
1986-02-10	0	3.43	25	9
1986-02-11	4	1.58	18	6
1986-02-12	0	2.24	19	7
1986-02-13	0	2	23	4
1986-02-14	0	1.04	25	5
1986-02-15	0	1.68	25	9
1986-02-16	0	1.91	26	9
1986-02-17	0	2.15	28	11
1986-02-18	0	2.36	28	12
1986-02-19	0	3.33	29	12
1986-02-20	0	1.48	25	13
1986-02-21	0	2.17	29	12
1986-02-22	0	3.32	19	12
1986-02-23	0	1.62	17	5
1986-02-24	0	1.33	22	5
1986-02-25	0	2.92	22	7
1986-02-26	0	0.95	25	7
1986-02-27	0	3.91	29	8
1986-02-28	0	3.15	26	8
1986-03-01	0	1.23	20	8
1986-03-02	0	3.68	19	6
1986-03-03	0	1.5	24	9
1986-03-04	30	2.94	21	12
1986-03-05	0	3.37	20	10
1986-03-06	5	2.77	19	11
1986-03-07	0	2.21	18	10
1986-03-08	0	1.68	20	12
1986-03-09	0	3.14	22	11
1986-03-10	0	3.43	21	10
1986-03-11	0	1.68	22	12
1986-03-12	0	4.08	26	13
1986-03-13	0	3.28	25	14
1986-03-14	0	2.53	22	17
1986-03-15	0	3.22	21	12
1986-03-16	0	1.48	22	9
1986-03-17	0	2.73	27	6
1986-03-18	0	1.2	24	11
1986-03-19	20	2.57	22	12
1986-03-20	0	2.31	11	5
1986-03-21	0	1.7	12	5
1986-03-22	0	1.6	13	3
1986-03-23	0	2.02	14	7
1986-03-24	0	2.6	12	5
1986-03-25	0	2.78	10	3
1986-03-26	0	2.28	12	4
1986-03-27	0	3.02	14	6
1986-03-28	5	2.58	15	8
1986-03-29	0	1.34	14	7
1986-03-30	0	1.76	20	10
1986-03-31	6	2.25	22	4
1986-04-01	0	1.75	24	15
1986-04-02	0	2.11	27	14
1986-04-03	0	1.88	25	9
1986-04-04	0	1.76	23	10
1986-04-05	0	1.45	26	12
1986-04-06	0	1.71	24	11
1986-04-07	0	2.04	28	14
1986-04-08	0	1.19	26	12
1986-04-09	0	1.93	25	13
1986-04-10	0	3.09	25	12
1986-04-11	0	3.49	26	11
1986-04-12	0	3.92	30	13
1986-04-13	0	4.47	29	15
1986-04-14	0.01	3.11	28	15
1986-04-15	0	2.62	26	16
1986-04-16	0	3.12	28	13
1986-04-17	0	2.63	26	12
1986-04-18	0	3.24	27	10
1986-04-19	0	3.42	29	13
1986-04-20	15	2.89	26	14
1986-04-21	0	2.05	19	13
1986-04-22	30	3.28	18	12
1986-04-23	25	6.15	15	10
1986-04-24	27	NULO	18	10
1986-04-25	0	1.67	19	11
1986-04-26	0	2.8	25	12
1986-04-27	0	2.7	26	11
1986-04-28	0	2.1	25	13
1986-04-29	5	2.9	27	12
1986-04-30	0	3.02	28	14
1986-05-01	37	NULO	28.5	16.5
1986-05-02	0	2.3	26	14
1986-05-03	5	1.18	24	12
1986-05-04	0	3.2	25	13.5
1986-05-05	0	2.54	28	13
1986-05-06	0	2.98	26.5	14
1986-05-07	0	2.39	27	14
1986-05-08	0	3.62	24	15
1986-05-09	30	NULO	27	13.5
1986-05-10	0	2.29	25	14.5
1986-05-11	0	2.02	26.5	15
1986-05-12	0	2.85	28.5	12
1986-05-13	0	1.62	29	16
1986-05-14	0	3.24	30	16
1986-05-15	10	3.86	29	17
1986-05-16	5	2.45	30	17
1986-05-17	0	2.95	31	18
1986-05-18	0	2.85	28	18
1986-05-19	0	1.45	20	14
1986-05-20	0	2.74	24	12
1986-05-21	0	2.64	25	10
1986-05-22	0	3.22	28	11
1986-05-23	0	2.6	29	12
1986-05-24	0	3.62	27	14
1986-05-25	0	2.78	25	16
1986-05-26	0	1.38	26	16
1986-05-27	80	NULO	25	15
1986-05-28	35	2.92	24	12
1986-05-29	0	2.36	25	17
1986-05-30	7	3.06	24	14
1986-05-31	0	2.61	28.5	13
1986-06-01	5	4.05	29	13.5
1986-06-02	1	1.48	30	14
1986-06-03	50	NULO	28.5	16
1986-06-04	0	2.29	29.5	15
1986-06-05	0	3.47	30.5	15
1986-06-06	0	3.82	29	16
1986-06-07	17	3.4	29.5	15
1986-06-08	18	3.87	30.5	16
1986-06-09	10	2.34	30	17.5
1986-06-10	20	2.43	27.5	17
1986-06-11	4	3.1	29	15
1986-06-12	0	3.34	20	14
1986-06-13	0	3.09	29.5	15
1986-06-14	22	1.94	29	16
1986-06-15	0	3.07	27	15
1986-06-16	0	2.86	28	16
1986-06-17	1	2.6	27.5	14
1986-06-18	10	2.09	28	15
1986-06-19	6	2.3	29.5	13.5
1986-06-20	15	1.94	28.5	15
1986-06-21	1	1.47	27	14
1986-06-22	4	2.29	28	14.5
1986-06-23	25	0.86	29	14
1986-06-24	65	NULO	29	16
1986-06-25	20	2.69	27.5	15.5
1986-06-26	40	2.18	28	14
1986-06-27	41	2.96	27.5	16
1986-06-28	8	2.7	26.5	14
1986-06-29	0.01	3.59	27	12
1986-06-30	0	3.57	29.5	13
1986-07-01	12	2.58	26	14
1986-07-02	10	2.33	25.5	14
1986-07-03	5	3.31	24	15
1986-07-04	0	3.45	24	14
1986-07-05	20	NULO	25	15
1986-07-06	0	2.7	23.5	16
1986-07-07	5	3.39	24	14
1986-07-08	18	2.95	23	15
1986-07-09	0.01	2.75	24	13
1986-07-10	0	3.44	23	15
1986-07-11	0	1.81	24	14
1986-07-12	0.01	2.77	23	13
1986-07-13	15	2.43	24	14
1986-07-14	18	1.46	23	13
1986-07-15	5	2.71	24	12
1986-07-16	10	2.09	23.5	13
1986-07-17	7	2.9	22	13.5
1986-07-18	15	2.29	23	12
1986-07-19	0	2.27	24	11
1986-07-20	0	4.55	25	13
1986-07-21	0	2.6	24	12
1986-07-22	0	3.53	25	14
1986-07-23	0	1.46	23	13
1986-07-24	0	1.87	25	11
1986-07-25	0	2.68	24	13
1986-07-26	0	2.36	24	12
1986-07-27	0	2.67	25	13
1986-07-28	0	2.82	24	15
1986-07-29	0	2.61	23.5	15
1986-07-30	0	3.3	24	14
1986-07-31	0	4.04	27	13
1986-08-01	12	1.75	24	15
1986-08-02	0	1.73	25	13
1986-08-03	0	3.15	26	14
1986-08-04	0	2.75	24	13.5
1986-08-05	0	2.75	25.5	12
1986-08-06	0	4.41	23.5	13
1986-08-07	0	2.6	24	14
1986-08-08	0	3.88	23.5	13.5
1986-08-09	0	3.48	24	12.5
1986-08-10	15	1.88	23	13
1986-08-11	0	3.29	25.5	14
1986-08-12	20	3.46	26	14.5
1986-08-13	0	3.3	25	13.5
1986-08-14	0	2.95	25	14
1986-08-15	0	3.9	24	13
1986-08-16	0	2.99	25	14
1986-08-17	0	2.67	26	13.5
1986-08-18	0	4.44	24.5	15
1986-08-19	0	3.29	23.5	13.5
1986-08-20	0	3.8	24	14
1986-08-21	0	2.7	24	13
1986-08-22	0	4.11	25	15
1986-08-23	0	2.89	23.5	12.5
1986-08-24	0	4.55	24	13.5
1986-08-25	7	3.55	25.5	12
1986-08-26	0	3.26	23.5	14.5
1986-08-27	0	3.19	25	13
1986-08-28	0	3.41	21	13.5
1986-08-29	0	2.03	23	12
1986-08-30	0	2.87	23.5	14
1986-08-31	0	3.73	28	13
1986-09-01	0	1.27	26	13.5
1986-09-02	18	3.47	28	13
1986-09-03	15	1.91	28	14
1986-09-04	40	2.9	29	13
1986-09-05	65	NULO	28	15
1986-09-06	0	1.48	28	12
1986-09-07	0	1.05	29	15
1986-09-08	20	2.26	30	13
1986-09-09	2	2.68	25	14
1986-09-10	0	4.39	29	13
1986-09-11	3	4.28	26	12
1986-09-12	5	2.21	24	14
1986-09-13	10	2.73	22	13
1986-09-14	0	3.55	24	12
1986-09-15	0	3.81	25	13
1986-09-16	25	1.3	25	12
1986-09-17	0	2.47	24	12
1986-09-18	0	2.71	26	12
1986-09-19	25	3.12	28	13
1986-09-20	0	2.24	27	14
1986-09-21	20	NULO	26	13
1986-09-22	1	2.69	24	11
1986-09-23	0	1.84	26	12
1986-09-24	0	2.34	27	13
1986-09-25	10	3.96	28	12
1986-09-26	0	1.81	25	13
1986-09-27	10	3.22	28	12
1986-09-28	5	1.71	29	13
1986-09-29	1	1.91	28	14
1986-09-30	0	1.92	27	12
1986-10-01	0	NULO	24	13
1986-10-02	0	NULO	25	13
1986-10-03	4	NULO	27	14
1986-10-04	7	NULO	27.5	13
1986-10-05	35	NULO	26	14
1986-10-06	4	NULO	27	15
1986-10-07	20	NULO	28	13
1986-10-08	20	NULO	26	14
1986-10-09	0	NULO	27	14
1986-10-10	0	NULO	28	12
1986-10-11	0	NULO	28	13
1986-10-12	20	NULO	27	12
1986-10-13	3	NULO	24	13
1986-10-14	7	NULO	23	12
1986-10-15	18	NULO	24	11
1986-10-16	0	NULO	24	10
1986-10-17	0	NULO	20	9
1986-10-18	0	NULO	23	10
1986-10-19	0	NULO	19	12
1986-10-20	19	NULO	20	12
1986-10-21	0	NULO	24	11
1986-10-22	0	NULO	22	10
1986-10-23	0	NULO	26	9
1986-10-24	0	NULO	25	11
1986-10-25	0	NULO	24	12
1986-10-26	0	NULO	25	11
1986-10-27	0	NULO	18	12
1986-10-28	0	NULO	18	9
1986-10-29	0	NULO	20	8
1986-10-30	0	NULO	18.5	9
1986-10-31	0	NULO	21	8.5
1986-12-01	0	1.85	17.5	11
1986-12-02	0	2.18	15	10
1986-12-03	2	1.39	14	9
1986-12-04	10	1.56	13.5	8
1986-12-05	0	1.91	12	8
1986-12-06	2.8	2.05	14.5	7.5
1986-12-07	0	1.29	20	8
1986-12-08	0	2.04	24	11
1986-12-09	2	0.77	24	12
1986-12-10	2	1.23	23	11
1986-12-11	1	0.52	22	10
1986-12-12	1.8	2.44	19.5	10
1986-12-13	0	2.47	18	9
1986-12-14	0	1.88	19.5	6
1986-12-15	0	1.51	17	8
1986-12-16	0	1.45	19.5	9
1986-12-17	0	1.81	21	10
1986-12-18	2.3	2	22.5	9.5
1986-12-19	1.2	0.83	23	10
1986-12-20	0	1.81	20	9
1986-12-21	0	2.38	17	8
1986-12-22	0	2.16	20	7
1986-12-23	0	1.61	21	8.5
1986-12-24	0	1.76	19	7.5
1986-12-25	0	2.18	19.5	6
1986-12-26	2	1.53	20	7
1986-12-27	0	1.78	19	9
1986-12-28	0	2.15	20	8
1986-12-29	9	2.31	18.5	7
1986-12-30	12	2.15	19.5	8.5
1986-12-31	0	1.91	22	7
1987-01-01	0	2.55	27	4
1987-01-02	0	2.75	24.5	7
1987-01-03	0	3.92	20	5
1987-01-04	0	1.43	21	7
1987-01-05	0	2.23	27	4
1987-01-06	0	4.81	24	3
1987-01-07	0	3.09	28.5	5
1987-01-08	0	3.3	25	6
1987-01-09	0	1.95	24	7
1987-01-10	0	3.18	15	5
1987-01-11	15	3.09	15	6
1987-01-12	2	2.79	11	5
1987-01-13	0	2.16	20	6
1987-01-14	0	2.94	23	7
1987-01-15	0	2.89	26	6.5
1987-01-16	0	3.18	27	5
1987-01-17	0	3.43	23	8
1987-01-18	0	3.84	23	6
1987-01-19	0	4.24	19	4
1987-01-20	0	2.86	22	5
1987-01-21	0	3.78	19	3
1987-01-22	0	3.73	18	7
1987-01-23	0	2.4	20	5
1987-01-24	0	3.09	22.5	6.5
1987-01-25	0	3.72	26.5	6
1987-01-26	0	3.1	25	6
1987-01-27	0	3.14	23.5	5
1987-01-28	0	3.92	25.5	4.5
1987-01-29	0	3.12	26	6
1987-01-30	0	1.42	27	5
1987-01-31	0	3.02	25	4
1987-02-01	0	2.39	27	8
1987-02-02	0	2.17	25	7.5
1987-02-03	0	2.91	26	9
1987-02-04	0	1.81	27	10
1987-02-05	20	4.79	19.5	8.5
1987-02-06	18	2.73	21	9
1987-02-07	0	4.84	22	6
1987-02-08	0	3.92	26	5
1987-02-09	0	2.8	21	3.5
1987-02-10	0	2.58	27	3
1987-02-11	0	2.62	26.5	4.5
1987-02-12	0	1.83	27.5	12
1987-02-13	0	1.7	28	10.5
1987-02-14	0	2.48	29.5	13
1987-02-15	0	2.81	29.5	10
1987-02-16	0	1.94	28	12.5
1987-02-17	18	3.26	29	8.5
1987-02-18	5	1.26	15	11
1987-02-19	0	3.64	26	10
1987-02-20	0	3.41	27	9
1987-02-21	2	2.67	24	7.5
1987-02-22	0	2.85	28	6
1987-02-23	0	3.2	30	11
1987-02-24	0	2.87	29	8
1987-02-25	0	2.56	27.5	11
1987-02-26	0	3.08	26	10
1987-02-27	0	3.53	28	12
1987-02-28	0	2.91	27	11
1987-03-01	0	3.2	26	6
1987-03-02	0	2.15	24	7
1987-03-03	15	4.02	18	8
1987-03-04	20	2.51	13.5	7.5
1987-03-05	0	2.33	19	8
1987-03-06	0	3.17	22	7.5
1987-03-07	0	2.43	26	7
1987-03-08	0	3.38	26	8.5
1987-03-09	0	3.21	26	9
1987-03-10	0	2.75	19	10
1987-03-11	10	3.4	17.5	10.5
1987-03-12	10	1.73	15	9.5
1987-03-13	15	1.59	17	7
1987-03-14	0	3.22	19.5	8
1987-03-15	0	2.59	24.5	9
1987-03-16	0	4.29	26	11
1987-03-17	0	3.97	27	12
1987-03-18	0	4.29	28	11.5
1987-03-19	0	4.86	26	10
1987-03-20	0	4.1	28	11.5
1987-03-21	0	5.18	27	12
1987-03-22	0	3.18	30	10.5
1987-03-23	0	3.14	30	12.5
1987-03-24	0	4.39	29.5	12.5
1987-03-25	0	3.47	29	13
1987-03-26	0	2.83	30	12.5
1987-03-27	0	5.03	29.5	13
1987-03-28	0	3.82	29	12.5
1987-03-29	0	5.08	28	11
1987-03-30	0	3.87	28.5	13
1987-03-31	0	4.51	27.5	11.5
1987-04-01	0	7.49	24.5	11.5
1987-04-02	0	6.73	24	12
1987-04-03	0	7.1	23	11
1987-04-04	0	7.18	25	10
1987-04-05	0	7.54	14	7
1987-04-06	0	6.23	16	6
1987-04-07	0	7.2	17	5
1987-04-08	20	3.28	19	6.5
1987-04-09	0.01	8.9	18	8.5
1987-04-10	0	5.13	18.5	9.5
1987-04-11	0	5.25	19	10
1987-04-12	0	5.33	24	11
1987-04-13	0	2.18	22	12
1987-04-14	0	2.72	25	11.5
1987-04-15	0	5.18	27	12
1987-04-16	0	5.63	26.5	11
1987-04-17	0	8.46	25	10.5
1987-04-18	0	6.4	23	12
1987-04-19	0	8.09	22.5	11
1987-04-20	0	5.29	24	10.5
1987-04-21	0	4.3	27.5	12.5
1987-04-22	0	4.32	26.5	14.5
1987-04-23	0	6.85	25.5	15
1987-04-24	0	5.47	24	13
1987-04-25	20	4.4	27.5	12.5
1987-04-26	0	4.38	28	14.5
1987-04-27	0	7.33	23.5	15
1987-04-28	0	4.53	21	10
1987-04-29	0	5.19	24	9
1987-04-30	0	6	26.5	10
1987-05-01	0	2.55	25	13
1987-05-02	0	1.26	26	14.5
1987-05-03	0	1.38	24	15
1987-05-04	0	1.49	25	13
1987-05-05	20	3.66	24	14
1987-05-06	23	4.19	26	13
1987-05-07	10	1.36	25	13.5
1987-05-08	10	2.25	24	12
1987-05-09	8	2.28	26.5	13
1987-05-10	0	2.25	23.5	14
1987-05-11	1	2.22	25	13
1987-05-12	0.01	3.65	27	12
1987-05-13	2	1.38	25	14
1987-05-14	0	2.75	27	13
1987-05-15	0	2.78	25	14.5
1987-05-16	0	3.89	26	13.5
1987-05-17	0	3.51	24.5	14
1987-05-18	0	3.35	23	13
1987-05-19	15	4.47	26	15
1987-05-20	0	1.76	27.5	14
1987-05-21	0	3.38	25.5	14.5
1987-05-22	0	2.84	24	15
1987-05-23	0	3.44	26	13
1987-05-24	0	3.64	24	14
1987-05-25	0	2.92	26.5	13
1987-05-26	0	3.72	26	14.5
1987-05-27	0	3.27	27	15
1987-05-28	0	3.91	25.5	15
1987-05-29	0	4.07	25	14
1987-05-30	0	4.71	24	13.5
1987-05-31	0	4.34	26.5	14
1987-06-01	5	NULO	25	16
1987-06-02	1	NULO	24	15
1987-06-03	18	NULO	25.5	14
1987-06-04	7	NULO	27	13.5
1987-06-05	8	NULO	26	14
1987-06-06	10	NULO	25	14.5
1987-06-07	20	NULO	22.5	13
1987-06-08	27	NULO	19.5	14
1987-06-09	25	NULO	20	11
1987-06-10	1	NULO	25	13
1987-06-11	20	NULO	24.5	13.5
1987-06-12	20	NULO	23	14
1987-06-13	7	NULO	22	13
1987-06-14	0	NULO	27	11
1987-06-15	0	NULO	26	12.5
1987-06-16	0	NULO	27	13
1987-06-17	0	NULO	28	15
1987-06-18	0	NULO	29	13
1987-06-19	0	NULO	28	14
1987-06-20	0	NULO	29	13.5
1987-06-21	0	NULO	25	14.5
1987-06-22	0	NULO	24	13
1987-06-23	0	NULO	26	12
1987-06-24	0	NULO	25	11
1987-06-25	0	NULO	26	10
1987-06-26	2	NULO	24.5	12
1987-06-27	0	NULO	25	11
1987-06-28	0	NULO	26	12
1987-06-29	0	NULO	30	11
1987-06-30	0	NULO	29.5	14
1987-07-01	0	NULO	25	14
1987-07-02	0	NULO	24	16
1987-07-03	0	NULO	23	11
1987-07-04	0	NULO	25	13
1987-07-05	0	NULO	23	15
1987-07-06	7	NULO	24	11
1987-07-07	5	NULO	22	12
1987-07-08	15	NULO	23	12
1987-07-09	10	NULO	24	11
1987-07-10	10	NULO	23	10
1987-07-11	10	NULO	25	11
1987-07-12	20	NULO	23	12
1987-07-13	5	NULO	22	9
1987-07-14	20	NULO	23	10
1987-07-15	6	NULO	24	11
1987-07-16	10	NULO	23	15
1987-07-17	0	NULO	22	10
1987-07-18	4	NULO	25	13
1987-07-19	5	NULO	25	11
1987-07-20	8	NULO	21	11
1987-07-21	2	NULO	26	12
1987-07-22	10	NULO	23	10
1987-07-23	20	NULO	19	14
1987-07-24	10	NULO	16	13
1987-07-25	7	NULO	19	15
1987-07-26	20	NULO	18	15
1987-07-27	45	NULO	19	14
1987-07-28	0	NULO	21	15
1987-07-29	60	NULO	20	14
1987-07-30	80	NULO	21	12
1987-07-31	1	NULO	22	11
1987-08-01	1	NULO	NULO	NULO
1987-08-02	0	NULO	23	13
1987-08-03	0	NULO	24	14
1987-08-04	0	NULO	25	13
1987-08-05	14	NULO	23	11
1987-08-06	0	NULO	24	15
1987-08-07	0	NULO	24	10
1987-08-08	0	NULO	23	11
1987-08-09	0.01	NULO	25	14
1987-08-10	0	NULO	24	13
1987-08-11	0	NULO	26	14
1987-08-12	0	NULO	25	15
1987-08-13	0	NULO	27	15
1987-08-14	0	NULO	23	16
1987-08-15	0	NULO	24	15
1987-08-16	0	NULO	25	14
1987-08-17	0	NULO	27	15
1987-08-18	0	NULO	26	14
1987-08-19	0	NULO	25	15
1987-08-20	20	NULO	23	15
1987-08-21	10	NULO	27	14
1987-08-22	13	NULO	20	13
1987-08-23	0	NULO	24	13
1987-08-24	0	NULO	25	15
1987-08-25	0	NULO	26	14
1987-08-26	0	NULO	25	14
1987-08-27	0	NULO	29	14
1987-08-28	10	NULO	26	13
1987-08-29	15	NULO	25	12
1987-08-30	0	NULO	24	13
1987-08-31	0	NULO	28.5	14
1987-09-01	25	NULO	23	11
1987-09-02	0.01	NULO	25	13
1987-09-03	0	NULO	24	12
1987-09-04	0	NULO	24	13
1987-09-05	0	NULO	25	17
1987-09-06	0	NULO	23	13
1987-09-07	0	NULO	26	14
1987-09-08	0	NULO	27	13
1987-09-09	6	NULO	26	12
1987-09-10	0	NULO	25	14
1987-09-11	0	NULO	26	15
1987-09-12	0	NULO	25	13
1987-09-13	0	NULO	26	14
1987-09-14	0	NULO	24	15
1987-09-15	0	NULO	24	16
1987-09-16	6	NULO	27	15
1987-09-17	0	NULO	25	15
1987-09-18	50	NULO	26	14
1987-09-19	15	NULO	25	13
1987-09-20	25	NULO	26	15
1987-09-21	100	NULO	25	12
1987-09-22	0	NULO	20	15
1987-09-23	0	NULO	18	13
1987-09-24	0	NULO	20	15
1987-09-25	0	NULO	23	15
1987-09-26	0	NULO	24	16
1987-09-27	0	NULO	25	15
1987-09-28	15	NULO	26	12
1987-09-29	90	NULO	26	17
1987-09-30	NULO	NULO	NULO	NULO
1988-01-01	0	2.1	23	3
1988-01-02	0	1.1	20	8
1988-01-03	5	1.5	21	1
1988-01-04	10	3.1	21	2
1988-01-05	8	1.9	17	2
1988-01-06	0	3.2	20	3
1988-01-07	3	5.1	25	3
1988-01-08	0	2.2	22	4
1988-01-09	4	4.2	21	6
1988-01-10	0	1.5	18	5
1988-01-11	0	3.1	25	6
1988-01-12	0	3.5	23	7
1988-01-13	0	2.4	12	5
1988-01-14	0	4.1	25	7
1988-01-15	0	4.4	25	4
1988-01-16	0	5.3	27	6
1988-01-17	0	5.5	25	9
1988-01-18	0	5.1	27	7
1988-01-19	0	5.8	26	8
1988-01-20	0	4.1	25	6
1988-01-21	5	3.1	21	7
1988-01-22	0	3.1	18	7
1988-01-23	5	1.9	16	6
1988-01-24	0	2.8	19	1
1988-01-25	0	1.9	11	1
1988-01-26	0	0.5	12	0
1988-01-27	0	1.6	15	1
1988-01-28	0	2.2	18	1
1988-01-29	0	3.1	18	3
1988-01-30	0	1.3	17	1
1988-01-31	0	2	22	4
1988-02-01	0	0.9	18	4
1988-02-02	0.6	2.4	20	6
1988-02-03	0	1.6	21	7
1988-02-04	10	4	20	9
1988-02-05	0	2.1	20	8
1988-02-06	5	3.1	19	4
1988-02-07	0	2.9	20	6
1988-02-08	0	3.2	23	2
1988-02-09	10	3.9	20	2
1988-02-10	0	3.2	22	5
1988-02-11	15	2.5	22	8
1988-02-12	0	2.4	23	5
1988-02-13	0	4.5	24	4
1988-02-14	0	4.6	21	7
1988-02-15	0	3.9	25	6
1988-02-16	0	2.1	20	4
1988-02-17	0	4.4	26	9
1988-02-18	0	4.1	29	8
1988-02-19	1	1.5	23	11
1988-02-20	0	1.5	17	6
1988-02-21	0	0.9	19	2
1988-02-22	0	4.7	16	1
1988-02-23	0	5.1	19	4
1988-02-24	15	3.9	22	2
1988-02-25	6	2.5	24	6
1988-02-26	0	3.5	24	8
1988-02-27	0	2.1	22	9
1988-02-28	0	2.9	22	12
1988-02-29	0	2	23	10
1988-03-01	0	2.5	21	10
1988-03-02	0	1.8	20	10
1988-03-03	0	1.9	19	11
1988-03-04	5	2.2	23	10
1988-03-05	0	1.9	17	11
1988-03-06	0	2.05	21	9
1988-03-07	0	2.05	19	10
1988-03-08	0.01	2.02	23	11
1988-03-09	0	2.03	22	9
1988-03-10	0	1.25	24	8
1988-03-11	0	4.3	23	9
1988-03-12	0	7.2	25	8
1988-03-13	30	5.1	21	7
1988-03-14	0	2.3	23	6
1988-03-15	0	3.3	22	9
1988-03-16	0	1.2	24	10
1988-03-17	0.1	1	23	9
1988-03-18	0.1	1.3	23	5
1988-03-19	0.1	3.12	23	7
1988-03-20	0	1.03	24	6
1988-03-21	0	1.15	23	3
1988-03-22	0	4.2	24	11
1988-03-23	0.1	3.7	23	10
1988-03-24	0	1.1	22	13
1988-03-25	0	4.7	24	14
1988-03-26	0	1.9	23	13
1988-03-27	0	3.25	25	12
1988-03-28	0.6	2.65	24	11
1988-03-29	20	5.4	27	13
1988-03-30	3	6.9	26	12
1988-03-31	0	4.1	23	13
1988-04-01	0	4.4	24	12
1988-04-02	0	3.6	27	13
1988-04-03	0	4.14	30	13
1988-04-04	0	2.66	28	14
1988-04-05	0	2.53	24	12
1988-04-06	20	2.07	25	14
1988-04-07	0	1.34	23	11
1988-04-08	0	2.59	18	10
1988-04-09	15	2.19	26	9
1988-04-10	40	1.27	23	6
1988-04-11	7	0.75	23	5
1988-04-12	0.01	2.19	19	5
1988-04-13	0	2.38	23	9
1988-04-14	0	2.45	24	11
1988-04-15	0	2.75	22	13
1988-04-16	0	2.99	23	14
1988-04-17	0	2.44	24	13
1988-04-18	0	3.33	27	15
1988-04-19	0	3.65	24	12
1988-04-20	0	2.48	28	11
1988-04-21	0	2.57	30	13
1988-04-22	0	3.34	26	12
1988-04-23	0	2.31	25	12
1988-04-24	0	2.91	26	17
1988-04-25	0	2.46	28	14
1988-04-26	0	3.68	26	14
1988-04-27	0.01	2.86	26	14
1988-04-28	0	2.38	22	16
1988-04-29	0	4.66	24	15
1988-04-30	2	2.16	20	16
1988-05-01	0	5.37	26	14
1988-05-02	0.01	3.15	28	15
1988-05-03	0	1.95	24	12
1988-05-04	4	6.4	21	12
1988-05-05	1	3.74	19	14
1988-05-06	0	2.96	24	13
1988-05-07	0	2.9	22	12
1988-05-08	0	3.6	23	11
1988-05-09	0	5.5	21	10
1988-05-10	0	5.2	23	10
1988-05-11	5	3.75	19	13
1988-05-12	0	4.35	18	13
1988-05-13	0	3.7	20	9.5
1988-05-14	0	2.7	26	13
1988-05-15	0	3.23	24	11
1988-05-16	0	4.6	23	10
1988-05-17	0	4.6	26	14
1988-05-18	0	4.9	21	13
1988-05-19	0	6.45	24	14
1988-05-20	0	7.85	23	13
1988-05-21	0	4.9	24	14
1988-05-22	0	9.15	20	15
1988-05-23	0	5.05	21	14
1988-05-24	0	5.15	24	14
1988-05-25	0	4.99	23	13
1988-05-26	8	3.96	21	12
1988-05-27	10	6.7	23	15
1988-05-28	0	8.25	24	17
1988-05-29	0	3.95	25	15
1988-05-30	0.01	2.8	25	17
1988-05-31	0	1.6	26	13
1988-06-01	0.01	1.35	27	15
1988-06-02	0	1.45	26	16
1988-06-03	0	1.3	25	15
1988-06-04	0	2.2	24	16
1988-06-05	0	3.9	26	14
1988-06-06	0	2.8	25	13
1988-06-07	0	5.3	24	16
1988-06-08	0	4.9	27	16
1988-06-09	0	4.6	26	15
1988-06-10	0	4.5	24	15
1988-06-11	0	2.2	25	16
1988-06-12	0	3.25	28	14
1988-06-13	6	5.35	26	13
1988-06-14	20	4.7	25	15
1988-06-15	46	3.1	24	16
1988-06-16	40	2.5	23	14
1988-06-17	20	7.6	24	14
1988-06-18	20	7.4	25	15
1988-06-19	42	1.7	23	14
1988-06-20	82	4.35	20	13
1988-06-21	20	4.3	23	13
1988-06-22	20	3.5	22	14
1988-06-23	25	2.8	24	15
1988-06-24	0	2.8	25	13
1988-06-25	0	1.7	24	12
1988-06-26	0	2.3	22	13
1988-06-27	8	2.82	24	12
1988-06-28	6	6.48	23	14
1988-06-29	0	4.6	25	13
1988-06-30	0	1	25	14
1988-08-01	0	3.6	22	13
1988-08-02	10	4.3	23	12
1988-08-03	2	4.4	24	11
1988-08-04	0	2.7	23	13
1988-08-05	0	2.8	21	12
1988-08-06	0	4.4	24	10
1988-08-07	0	2.45	24	12
1988-08-08	0	3.45	23	12
1988-08-09	6	2.8	24	14
1988-08-10	5	2.9	23	13
1988-08-11	7	3.4	21	12
1988-08-12	10	4.7	23	10
1988-08-13	0	4.1	24	10
1988-08-14	0	3.05	23	12
1988-08-15	0	2.05	21	13
1988-08-16	0	4.1	24	11
1988-08-17	0	3.1	23	12
1988-08-18	0	3.2	22	11
1988-08-19	10	4.2	23	12
1988-08-20	1	4.1	24	11
1988-08-21	3	5.1	25	15
1988-08-22	0	4.1	24	16
1988-08-23	0	2.9	23	14
1988-08-24	0	3.1	22	13
1988-08-25	0	4.1	24	10
1988-08-26	0	3.1	23	11
1988-08-27	0	4.6	24	12
1988-08-28	0	4.1	23	13
1988-08-29	0	5.1	24	12
1988-08-30	0	4.18	24	14
1988-08-31	0	3.72	23	12
1988-09-01	10	3.8	22	11
1988-09-02	40	4.2	24	13
1988-09-03	20	3.9	21	13
1988-09-04	22	4	25	13
1988-09-05	3	3.04	26	15
1988-09-06	0	3.26	24	13
1988-09-07	0	3.1	23	14
1988-09-08	0	5.5	25	15
1988-09-09	0	6.3	26	13
1988-09-10	12	4.9	24	14
1988-09-11	0	3.1	23	11
1988-09-12	7	3.2	24	12
1988-09-13	16	6.4	27	9
1988-09-14	20	3.1	21	8
1988-09-15	10	4.2	23	12
1988-09-16	4	5.6	24	13
1988-09-17	1	6.3	27	12
1988-09-18	11	5.2	26	12
1988-09-19	0	4.1	25	15
1988-09-20	0.01	3.65	23	14
1988-09-21	1	3.35	22	12
1988-09-22	0	3	23	13
1988-09-23	2	5.89	25	12
1988-09-24	0	6.15	25	13
1988-09-25	0	6.65	26	14
1988-09-26	0	4.69	24	15
1988-09-27	0	6.7	27	14
1988-09-28	0	5.16	25	12
1988-09-29	0	3.73	23	12
1988-09-30	0	4.85	25	13
1988-11-01	7	4.8	26	7
1988-11-02	0	3.9	23	8
1988-11-03	0	3.05	25	6
1988-11-04	0	2.15	23	10
1988-11-05	0	2.2	21	11
1988-11-06	0	3.4	23	10
1988-11-07	0	3.9	24	11
1988-11-08	0	3.1	21	12
1988-11-09	0	1.9	20	9
1988-11-10	0	2.35	19	10
1988-11-11	0	3.8	27	9
1988-11-12	0	3.65	25	10
1988-11-13	0	3.6	28	9
1988-11-14	0	1.3	21	10
1988-11-15	0	2.6	20	11
1988-11-16	0	1.9	18	10
1988-11-17	0.01	1.1	17	9
1988-11-18	0	1.1	15	8
1988-11-19	0	0.8	14	5
1988-11-20	0	1.2	16	6
1988-11-21	0	2.1	17	8
1988-11-22	0	2.8	18	6
1988-11-23	0	5.38	26	7
1988-11-24	0	3.92	22	7
1988-11-25	0	4.85	25	12
1988-11-26	0	4.5	26	10
1988-11-27	0	4.8	27	6
1988-11-28	0	3.25	26	5
1988-11-29	0	3.15	20	4
1988-11-30	20	2.2	19	7
1988-12-01	0	1	15	7
1988-12-02	10	2.6	19	6
1988-12-03	25	1.3	19	5
1988-12-04	10	2.1	19	6
1988-12-05	0	2.2	20	7
1988-12-06	0	1.4	19	6
1988-12-07	0	2.6	20	5
1988-12-08	0	3.1	24	7
1988-12-09	0	2.1	21	6
1988-12-10	0	1.2	17	7
1988-12-11	0	2.4	25	5
1988-12-12	5	5.1	25	6
1988-12-13	0	3.9	26	6
1988-12-14	0	2.2	20	5
1988-12-15	0	2.02	18	4
1988-12-16	0	1.08	19	5
1988-12-17	0	0.9	15	4
1988-12-18	0	0.35	14	5
1988-12-19	0	0.85	16	6
1988-12-20	0	1.3	15	5
1988-12-21	0	2.9	22	4
1988-12-22	0	1.05	17	5
1988-12-23	0	2.15	18	6
1988-12-24	0	1.1	17	7
1988-12-25	0	3.1	18	6
1988-12-26	0	3.8	19	5
1988-12-27	0	4.1	24	7
1988-12-28	0	1.6	17	6
1988-12-29	0	2.6	19	5
1988-12-30	0	2.29	22	8
1988-12-31	0	2.6	20	12
1989-01-01	0	3.2	21	6
1989-01-02	0	4.04	22	7
1989-01-03	0	4.86	24	8
1989-01-04	0	3.1	21	7
1989-01-05	0.01	4.2	24	6
1989-01-06	0	3.1	23	8
1989-01-07	0	2.15	22	6
1989-01-08	5	2.75	24	5
1989-01-09	0	2.3	22	8
1989-01-10	0	5.9	26	7
1989-01-11	0	3.8	25	7
1989-01-12	3	2.4	23	9
1989-01-13	0	2.1	22	8
1989-01-14	0	3.5	24	9
1989-01-15	0.01	2.7	22	7
1989-01-16	0	3.1	22	7
1989-01-17	0	2.8	21	7
1989-01-18	0	3.1	24	9
1989-01-19	4	3.8	25	8
1989-01-20	40	1.65	20	7
1989-01-21	4	1.25	17	5
1989-01-22	0.01	1.1	18	5
1989-01-23	0	1.8	18	5
1989-01-24	0	1.01	16	5
1989-01-25	0	0.58	14	2
1989-01-26	10	0.95	15	0.5
1989-01-27	0	1.26	15	1
1989-01-28	0	2.2	16	2
1989-01-29	0	3.58	18	0
1989-01-30	0	2.66	19	3
1989-01-31	0	2.11	17	5
1989-02-01	0	3	22	11
1989-02-02	0	2.05	21	10
1989-02-03	5	4.2	25	9
1989-02-04	0	3.4	24	10
1989-02-05	0	2.9	21	11
1989-02-06	6	3.2	22	13
1989-02-07	0	3.05	20	12
1989-02-08	20	3.15	18.5	11
1989-02-09	10	1	17	8
1989-02-10	0	2.65	20	7
1989-02-11	0	2.05	21	11
1989-02-12	0	3.1	21	10
1989-02-13	0	4.7	23	9
1989-02-14	0	3.1	21	11
1989-02-15	0.01	1.2	19	9
1989-02-16	10	0.75	17	8
1989-02-17	18	1.95	19	5
1989-02-18	0	2.8	21	6
1989-02-19	0	3.5	24	7
1989-02-20	0	4.25	25	6
1989-02-21	2	2.05	18	7
1989-02-22	0	1.2	15	2
1989-02-23	0	0.35	13	1
1989-02-24	0.01	0.55	16	-2
1989-02-25	0	1.25	15	1
1989-02-26	0	2.45	21	2.5
1989-02-27	0	3.4	21	4
1989-02-28	0	4.5	28	5
1989-03-01	0.01	1.98	19	10
1989-03-02	0	3.47	25	11
1989-03-03	0	1.45	16	10
1989-03-04	0	0.9	15	4
1989-03-05	3	0.7	14	5
1989-03-06	5	0.9	15	0
1989-03-07	0	0.4	13	-2
1989-03-08	0	1.7	15	1
1989-03-09	0	1.9	16	2
1989-03-10	0	2.5	18	4
1989-03-11	0	2.3	16	4
1989-03-12	0	1.1	17	6
1989-03-13	0	3.2	20	5
1989-03-14	0	5.4	30	5
1989-03-15	0	5.3	30	13
1989-03-16	0	3.3	22	12
1989-03-17	0	2.7	23	11
1989-03-18	0	3.05	24	10
1989-03-19	0	3.65	22	11
1989-03-20	0	3.1	21	14
1989-03-21	0	5.06	25	10
1989-03-22	0	4.14	23	6
1989-03-23	0	4.1	24	6
1989-03-24	0	2.9	25	9
1989-03-25	0	3.05	20	12
1989-03-26	0	5.25	24	7
1989-03-27	0	4.55	25	12
1989-03-28	0	4.95	24	11
1989-03-29	0	2.1	21	9
1989-03-30	0	3.1	20	7
1989-03-31	0	2.1	18	6
1989-04-01	0	2.2	19	9
1989-04-02	0	3.5	21	8
1989-04-03	0	4.9	24	11
1989-04-04	22	5.2	25	12
1989-04-05	0	5.1	26	11
1989-04-06	0	4.1	24	13
1989-04-07	0	3.25	23	14
1989-04-08	0	3.25	22	10
1989-04-09	0	2.85	25	11
1989-04-10	15	4.2	20	13
1989-04-11	0.01	4.05	25	7
1989-04-12	0	4.6	23	8
1989-04-13	0.01	2.9	19	11
1989-04-14	30	3	22	11
1989-04-15	20	3.3	21	13
1989-04-16	0.01	2.2	24	7
1989-04-17	0.01	2.02	23	11
1989-04-18	0	5.38	26	12
1989-04-19	0	5	22	11
1989-04-20	0	4.7	21	9
1989-04-21	0	5.8	24	11
1989-04-22	0	6.5	27	10
1989-04-23	0.01	5	24	11
1989-04-24	5	5.6	26	11
1989-04-25	30	2.25	23	13
1989-04-26	0.01	4.95	27	13
1989-04-27	0.01	4.9	25	12
1989-04-28	0	4.7	29	11
1989-04-29	0	4.8	28	13
1989-04-30	0	4.2	27	15
1989-05-01	35	4.8	28	12
1989-05-02	0.01	5.4	27	11
1989-05-03	0	4.9	25	10
1989-05-04	0	5.1	24	13
1989-05-05	0	5.1	28	11
1989-05-06	0.01	2.3	23	13
1989-05-07	0	2.9	21	12
1989-05-08	0	4.7	24	10
1989-05-09	0	4.4	22	12
1989-05-10	0	3.9	24	12
1989-05-11	0	3.6	25	13
1989-05-12	0	3.05	26	11
1989-05-13	0	5.15	23	13
1989-05-14	0	4.3	25	12
1989-05-15	0	6.3	24	13
1989-05-16	0	4.1	26	11
1989-05-17	0	4.5	25	13
1989-05-18	0	6.1	26	12
1989-05-19	0	4.6	24	11
1989-05-20	0	4.9	26	13
1989-05-21	0	6.3	27	12
1989-05-22	0	7.1	30	14
1989-05-23	0	5.7	27	14
1989-05-24	0	4.77	25	15
1989-05-25	0	4.03	26	13
1989-05-26	0	3.9	24	15
1989-05-27	0	4.1	24	11
1989-05-28	0	3	24	12
1989-05-29	0	3.5	23	13
1989-05-30	0	5	26	11
1989-05-31	0	4.9	25	14
1989-06-01	0	5.55	24	10
1989-06-02	0	4.34	25	11
1989-06-03	0	3.51	23	9
1989-06-04	0	5.25	26	10
1989-06-05	0	4.85	25	13
1989-06-06	0	6.51	27	11
1989-06-07	0	4.72	24.5	13
1989-06-08	0	4.39	24	12
1989-06-09	0	5.36	25	10
1989-06-10	0	3.6	23	11
1989-06-11	0	4.75	25	12
1989-06-12	0	6.83	27	10
1989-06-13	0	5.12	25	9
1989-06-14	0	6.79	28	11
1989-06-15	0	5.47	26	13
1989-06-16	0	7.24	29	11
1989-06-17	0	5.83	27	14
1989-06-18	15	7.27	28	12
1989-06-19	2	4.4	24	10
1989-06-20	0.01	3.49	23	12
1989-06-21	0	2.71	22	8
1989-06-22	0.01	5.32	24	9
1989-06-23	0.01	3.7	23	10
1989-06-24	15	4.64	25	11
1989-06-25	8	5.29	25	14
1989-06-26	3	4.3	24	14
1989-06-27	2.5	4.09	22	8
1989-06-28	16	3.8	23	7
1989-06-29	24	2.5	21	10
1989-06-30	0	3.3	24	8
1989-07-01	0	3	25	16
1989-07-02	0	5.85	26	17
1989-07-03	10	3.95	24	17
1989-07-04	0	4.05	25	15
1989-07-05	0	3.15	24	14
1989-07-06	0	3	24	15
1989-07-07	0	3.44	24	15
1989-07-08	0	3.41	24	13
1989-07-09	0	4.65	25	16
1989-07-10	3	5.4	25	13
1989-07-11	3	3.99	24	16
1989-07-12	10	4.11	24	15
1989-07-13	20	4.74	26	15
1989-07-14	0.01	4.46	25	16
1989-07-15	0	2.69	24	13
1989-07-16	0	5.41	25	15
1989-07-17	0	6.4	27	14
1989-07-18	0	4.35	25	16
1989-07-19	0.01	3.85	24	16
1989-07-20	0	4.35	25	15
1989-07-21	0	4.45	25	13
1989-07-22	0	3.6	23	13
1989-07-23	15	3.14	25	14
1989-07-24	10	4.56	24	13
1989-07-25	10	4.3	23	15
1989-07-26	21	2	20	14
1989-07-27	20	3.9	24	12
1989-07-28	10	4.3	25	13
1989-07-29	5	4.1	24	15
1989-07-30	0	2.3	23	15
1989-07-31	0.01	3.55	25	14
1989-08-01	1	4.25	26	12
1989-08-02	0	3.05	25	15
1989-08-03	1	2.8	25	13
1989-08-04	0.01	3.15	24	15
1989-08-05	3	3.3	23	13
1989-08-06	0	5.3	26	12
1989-08-07	20	3.4	24	14
1989-08-08	20	4.9	25	13
1989-08-09	0	3.3	23	13
1989-08-10	2	3.05	24	12
1989-08-11	0	5.05	25	11
1989-08-12	0.01	3.3	23	13
1989-08-13	0	5.4	26	12
1989-08-14	0	4.2	24	12
1989-08-15	0.01	4.3	24	11
1989-08-16	0.01	4.34	24	13
1989-08-17	20	3.96	24	13
1989-08-18	20	4.2	25	14
1989-08-19	0	5.5	26	12
1989-08-20	0.01	3.5	23	14
1989-08-21	0	5.2	27	14
1989-08-22	0	4.8	26	14
1989-08-23	20	3.6	24	16
1989-08-24	60	4.5	25	14
1989-08-25	25	2.8	20	13
1989-08-26	2	3.5	24	10
1989-08-27	4	4	24	12
1989-08-28	20	2.9	23	13
1989-08-29	45	3.3	24	12
1989-08-30	0.01	3.7	22	13
1989-08-31	0	3.15	23	12
1989-09-01	0	5.51	24	12
1989-09-02	0	4.16	23	13
1989-09-03	0	4.81	24	16
1989-09-04	0	5.19	23	15
1989-09-05	0	5.18	24	18
1989-09-06	10	4.62	26	17
1989-09-07	0	6.19	24	13
1989-09-08	0	3.87	25	16
1989-09-09	0	5.45	23	17
1989-09-10	0.01	4.19	25	15
1989-09-11	0	5.53	24	13
1989-09-12	0	5.15	23	14
1989-09-13	0.01	4.82	21	16
1989-09-14	20	4.07	24	14
1989-09-15	40	4.56	25	15
1989-09-16	22	4.32	23	12
1989-09-17	40	4.89	20	14
1989-09-18	20	4.43	19	13
1989-09-19	40	4.52	22	15
1989-09-20	15	4.22	21	11
1989-09-21	25	3.94	19	13
1989-09-22	60	4.76	18	14
1989-09-23	40	4.34	20	14
1989-09-24	8	4.09	21	8
1989-09-25	0	3.64	20	9
1989-09-26	0	4.29	20	7
1989-09-27	4	4.94	21	7
1989-09-28	0	4.16	23	6
1989-09-29	0	4.93	22	7
1989-09-30	0	4.46	23	8
1989-10-01	0	5.24	23	8
1989-10-02	0	4.7	24	7
1989-10-03	0	2.79	23	9
1989-10-04	0	3.56	20	10
1989-10-05	0	3.21	21	9
1989-10-06	4	2.97	19	8
1989-10-07	10	3.69	24	9
1989-10-08	20	4.13	25	8
1989-10-09	0	3.71	23	7
1989-10-10	0	2.69	21	6
1989-10-11	0	2.9	22	7
1989-10-12	0	3.85	21	6
1989-10-13	0	3.79	22	7
1989-10-14	0	3.05	20	9
1989-10-15	0	3.85	20	7
1989-10-16	0	4.48	19	8
1989-10-17	12	3.67	25	7
1989-10-18	20	3.56	24	6
1989-10-19	5	3.89	23	7
1989-10-20	0	3.97	22	3
1989-10-21	0	3.88	16	5
1989-10-22	0.01	3.72	20	7
1989-10-23	0	2.68	21	6
1989-10-24	0	3.27	20	7
1989-10-25	5	3.32	15	8
1989-10-26	0	4.09	17	10
1989-10-27	0	2.83	18	14
1989-10-28	0	3.81	17	13
1989-10-29	0	3.65	18	14
1989-10-30	0	3.29	19	16
1989-10-31	0	3.08	18	17
1989-11-01	0	1.7	22	6
1989-11-02	0.01	3.1	20	9
1989-11-03	0	1.1	19	8
1989-11-04	2	1.2	20	7
1989-11-05	0	1.1	23	8
1989-11-06	0	1	22	10
1989-11-07	0	1.9	25	13
1989-11-08	0	2.55	28	12
1989-11-09	0	2.05	21	15
1989-11-10	0	2.7	19	16
1989-11-11	22	3.5	30	13
1989-11-12	0	4.5	19	11
1989-11-13	0.01	4.25	21	10
1989-11-14	0	3.2	24	11
1989-11-15	30	4.45	21	10
1989-11-16	0.01	4.34	17	6
1989-11-17	3	1.6	17	4
1989-11-18	0	3.15	15	8
1989-11-19	0	3.4	17	7
1989-11-20	0	2.6	23	8
1989-11-21	0	3.6	20	11
1989-11-22	60	2.3	21	9
1989-11-23	7	3.05	24	10
1989-11-24	0.01	3.35	15	8
1989-11-25	0	4.1	19	11
1989-11-26	0	3.3	16	6
1989-11-27	0	3.9	24	4
1989-11-28	0	3.7	20	10
1989-11-29	0	2.7	19	10
1989-11-30	13	3.8	20	11
1989-12-01	13	3.3	12	6
1989-12-02	20	2.32	11	5
1989-12-03	20	2.9	15	4
1989-12-04	0	3.15	17	5
1989-12-05	0.01	4.1	30	6
1989-12-06	0.01	2.5	24	8
1989-12-07	10	2.9	20	10
1989-12-08	0.01	2.57	7	5
1989-12-09	0	3.13	8	3
1989-12-10	0.01	3.06	NULO	NULO
1989-12-11	7	2.98	9	5
1989-12-12	0	3.16	8	6
1989-12-13	0.01	4.22	7	6
1989-12-14	0	3.98	9	6
1989-12-15	0	3.8	11	7
1989-12-16	0	3.2	9	8
1989-12-17	0	3.53	12	6
1989-12-18	0	4.5	23	8
1989-12-19	0	4.15	20	4
1989-12-20	0	3.87	22	5
1989-12-21	0.01	2.45	19	8
1989-12-22	5	3.27	16	6
1989-12-23	4	3.63	13	3
1989-12-24	3	3.46	11	3
1989-12-25	0	3.04	10	2
1989-12-26	0.01	3.2	13	6
1989-12-27	0	3.57	13	7
1989-12-28	0	2.05	14	2
1989-12-29	0	1.84	14	7
1989-12-30	0	2.8	15	4
1989-12-31	0	2.97	20	8
1990-01-01	0.01	4.24	12	5
1990-01-02	0	4.94	14	7
1990-01-03	0	3.85	12	6
1990-01-04	0	3.75	20	7
1990-01-05	1	4.05	16	10
1990-01-06	0	3.5	15	11
1990-01-07	0	3.55	12	5
1990-01-08	0	3.43	13	7
1990-01-09	0.01	4.7	21	5
1990-01-10	0	3.81	13	7
1990-01-11	0	4.23	16	6
1990-01-12	40	2.94	20	9
1990-01-13	0	3.74	21	7
1990-01-14	0	3.59	23	6
1990-01-15	0	4.19	23	4
1990-01-16	0	3.77	22	10
1990-01-17	0	4.53	24	5
1990-01-18	0	3.13	23	7
1990-01-19	0	3.65	21	7
1990-01-20	0	5.86	20	7
1990-01-21	0	3.19	23	9
1990-01-22	0	4.47	27	7
1990-01-23	0	3.83	23	6
1990-01-24	0.01	3.62	21	7
1990-01-25	0	3.69	25	6
1990-01-26	0	3.61	11	4
1990-01-27	0	4.37	15	4
1990-01-28	0	4.13	24	6
1990-01-29	0	4.09	23	5
1990-01-30	0	4.11	22	6
1990-01-31	NULO	2.3	17	7
1990-02-01	0	2.4	21	7
1990-02-02	0	2.8	20	9
1990-02-03	0	2.43	29	9
1990-02-04	0	2.77	15	5
1990-02-05	0	2.8	11	4
1990-02-06	0	3.27	13	6
1990-02-07	0	3.24	15	7
1990-02-08	0	2.62	16	8
1990-02-09	0	3.77	20	7
1990-02-10	0	3.29	27	11
1990-02-11	0	2.72	24	6
1990-02-12	0	3.45	21	7
1990-02-13	0	3.37	23	6
1990-02-14	0	3.15	25	8
1990-02-15	0	3.66	29	6
1990-02-16	0	2.84	21	5
1990-02-17	0	2.59	24	6
1990-02-18	0	2.98	21	7
1990-02-19	0	2.55	22	5
1990-02-20	0	3.33	25	6
1990-02-21	20	3.16	25	6
1990-02-22	15	2.49	24	7
1990-02-23	0	2.83	23	8
1990-02-24	0	3.66	22	9
1990-02-25	0	2.92	20	7
1990-02-26	0	2.83	20	6
1990-02-27	0	2.88	24	9
1990-02-28	0	2.67	22	10
1990-03-01	10	2.8	23	7
1990-03-02	0	3.1	18	3
1990-03-03	1	3	20	3
1990-03-04	0	2.15	21	5
1990-03-05	0	3.26	20	7
1990-03-06	0	3.1	28	6
1990-03-07	0	2.9	21	5
1990-03-08	0	1.6	20	12
1990-03-09	0	2.4	19	8
1990-03-10	0	1.2	21	7
1990-03-11	0	1	23	11
1990-03-12	0	3.1	25	10
1990-03-13	0.01	2.9	30	9
1990-03-14	0	4.1	24	11
1990-03-15	0	2.2	22	13
1990-03-16	0	1.6	23	11
1990-03-17	0	1	24	10
1990-03-18	0	3.6	23	14
1990-03-19	10	2.5	20	6
1990-03-20	20	1.8	22	3
1990-03-21	0.01	2.5	20	5
1990-03-22	0	3.1	19	9
1990-03-23	0	2.9	23	7
1990-03-24	0	2.8	24	11
1990-03-25	0	1.9	23	10
1990-03-26	10	2.1	16	7
1990-03-27	0	4	17	5
1990-03-28	0	2.7	22	7
1990-03-29	0	1.6	25	12
1990-03-30	0	1.8	27	14
1990-03-31	0	2.1	26	8
1990-04-01	0	9.4	26	8
1990-04-02	3	4.2	28	11
1990-04-03	35	3.7	18	14
1990-04-04	4	3.4	20	13
1990-04-05	0	5.15	25	12
1990-04-06	0	8.39	24	12
1990-04-07	0	9.41	25	10
1990-04-08	40	9.19	23	10
1990-04-09	0.01	7.6	20	12
1990-04-10	20	4.34	21	9
1990-04-11	22	3.49	24	9
1990-04-12	0.01	4.12	25	10
1990-04-13	0	7.25	24	10
1990-04-14	0.01	3.55	25	10
1990-04-15	40	6.95	23	10
1990-04-16	0	2.75	26	11
1990-04-17	0	1.2	24	12
1990-04-18	0	3.8	23	10
1990-04-19	0	2.18	27	11
1990-04-20	0	2.8	22	12
1990-04-21	0	2.22	24	12
1990-04-22	0	3.3	24	14
1990-04-23	5	3.25	25	11
1990-04-24	0	3.15	25	13
1990-04-25	0	1.3	24	14
1990-04-26	0	3.65	26	15
1990-04-27	0	3.09	25	12
1990-04-28	0	3.16	27	14
1990-04-29	0	2.75	28	16
1990-04-30	0	3.95	30	17
1990-05-01	0	4.4	28	11
1990-05-02	0	1.2	30	16
1990-05-03	10	4.2	23	17
1990-05-04	2	2.85	35	15
1990-05-05	4	2.25	15	10
1990-05-06	3	5.3	18	10
1990-05-07	7	1.1	21	8
1990-05-08	0	1.9	26	8
1990-05-09	0	1.45	24	13
1990-05-10	0	3.95	25	14
1990-05-11	0	2.2	24	13
1990-05-12	0	2.85	26	14
1990-05-13	0	2.49	24	12
1990-05-14	0	1.46	25	13
1990-05-15	0	3.3	23	15
1990-05-16	0	1.9	25	14
1990-05-17	0	3.1	27	14
1990-05-18	0	1.35	24	13
1990-05-19	0	1.45	22	12
1990-05-20	0	1.2	24	13
1990-05-21	10	1.4	23	15
1990-05-22	0.01	1.05	24	14
1990-05-23	0	1.55	25	15
1990-05-24	6	3.05	24	16
1990-05-25	0	1.15	23	13
1990-05-26	0	1.1	25	15
1990-05-27	0	1.1	24	14
1990-05-28	0	1.35	23	15
1990-05-29	0	1.65	25	14
1990-05-30	0	1.5	24	12
1990-05-31	0	1.2	22	16
1990-06-01	0	4.35	25	15
1990-06-02	0.01	1.05	23	14
1990-06-03	0	1.1	25	11
1990-06-04	0	1.4	26	15
1990-06-05	0	1.6	24	15
1990-06-06	0.01	1.3	25	14
1990-06-07	0	1.15	24	13
1990-06-08	0	1.05	23	14
1990-06-09	0	1.05	24	13
1990-06-10	0	1.4	23	15
1990-06-11	40	1.45	24	14
1990-06-12	10	1.8	25	15
1990-06-13	0.01	1.95	24	13
1990-06-14	0	2.15	24	15
1990-06-15	0	2.1	23	16
1990-06-16	0	1.2	23	14
1990-06-17	0	2.2	24	15
1990-06-18	0	3.2	22	16
1990-06-19	0	2.85	26	15
1990-06-20	20	9.75	25	14
1990-06-21	10	2	24	16
1990-06-22	20	2.15	25	13
1990-06-23	40	1.9	27	15
1990-06-24	0.01	2.2	24	13
1990-06-25	0	2.4	25	14
1990-06-26	0	2.8	26	13
1990-06-27	0.01	5.5	27	13
1990-06-28	60	1.6	24	16
1990-06-29	40	4.9	25	15
1990-06-30	0	3.85	26	17
1990-07-01	10	3.65	25	12
1990-07-02	0.01	3.4	24	14
1990-07-03	0	2.5	23	13
1990-07-04	0.01	5.05	25	11
1990-07-05	5	3.43	23	13
1990-07-06	0.01	4.92	24	14
1990-07-07	20	2.8	22	13
1990-07-08	40	2.34	23	13
1990-07-09	15	5.16	25	13
1990-07-10	0.01	5.9	24	11
1990-07-11	15	4.4	25	13
1990-07-12	5	3.8	24	11
1990-07-13	20	3.5	23	13
1990-07-14	4	2.55	24	15
1990-07-15	0	5.05	25	12
1990-07-16	0.01	4.46	24	13
1990-07-17	0	3.94	23	15
1990-07-18	0	4.9	24	11
1990-07-19	35	5.15	25	12
1990-07-20	0.01	4.5	24	11
1990-07-21	0	5.1	25	13
1990-07-22	0	5	25	15
1990-07-23	0	2.14	18	12
1990-07-24	0	2.02	19	11
1990-07-25	0	4.64	23	10
1990-07-26	0	2.3	22	13
1990-07-27	0	3.09	21	10
1990-07-28	0	3.05	23	9
1990-07-29	0	2.26	21	8
1990-07-30	0	2.57	22	10
1990-07-31	0	3.33	22	11
1990-08-01	0	4.4	23	11
1990-08-02	10	5.05	25	13
1990-08-03	0.01	4.05	24	11
1990-08-04	0	4.7	24	14
1990-08-05	0	5.09	25	14
1990-08-06	100	3.11	25	16
1990-08-07	60	4.33	26	17
1990-08-08	13	3.97	24	18
1990-08-09	0.01	4.6	26	16
1990-08-10	6	4.5	24	17
1990-08-11	0	2.2	23	18
1990-08-12	0.01	3.1	25	16
1990-08-13	6	3.6	24	14
1990-08-14	4	6.8	30	13
1990-08-15	0	4.95	25	13
1990-08-16	10	5.15	23	12
1990-08-17	15	5.4	26	15
1990-08-18	0	3.65	24	14
1990-08-19	0.01	5.25	26	15
1990-08-20	0	3.9	24	11
1990-08-21	0	3.2	24	13
1990-08-22	0	5.1	26	14
1990-08-23	35	2.79	23	12
1990-08-24	0	2.4	24	15
1990-08-25	0	2.14	26	14
1990-08-26	0	2.05	26	12
1990-08-27	0	2.15	30	13
1990-08-28	0	2.96	24	14
1990-08-29	0	2.55	30	16
1990-08-30	0	1.65	22	13
1990-08-31	0	2	24	15
1990-09-01	7	6.07	23	16
1990-09-02	8	6.95	30	12
1990-09-03	70	10.05	26	13
1990-09-04	20	9.7	24	14
1990-09-05	80	8.1	22	11
1990-09-06	6	5.9	25	15
1990-09-07	0.01	1.05	24	12
1990-09-08	0	1.05	23	13
1990-09-09	0	0.15	24	14
1990-09-10	0	2.15	25	15
1990-09-11	1	0.9	23	16
1990-09-12	10	8.1	24	18
1990-09-13	5	4.98	25	17
1990-09-14	23	0.42	24	15
1990-09-15	0.01	0.45	21	18
1990-09-16	0	0.15	24	16
1990-09-17	0	0.1	25	15
1990-09-18	0	0.5	26	17
1990-09-19	0	1.08	23	16
1990-09-20	0	0.22	23	14
1990-09-21	7	5.15	26	16
1990-09-22	0.01	0.3	24	17
1990-09-23	0	0.7	23	16
1990-09-24	0	0.1	24	14
1990-09-25	0	0.5	22	15
1990-09-26	0	0.15	24	13
1990-09-27	0	0.1	24	16
1990-09-28	0	NULO	23	17
1990-09-29	0	0.25	24	15
1990-09-30	5	NULO	25	12
1990-10-01	7	6.98	22	15
1990-10-02	0.01	0.52	24	14
1990-10-03	3	2.98	23	17
1990-10-04	0	0.2	24	16
1990-10-05	0	0.1	26	17
1990-10-06	10	9.5	24	18
1990-10-07	15	5.3	23	16
1990-10-08	0	0.2	26	17
1990-10-09	0	NULO	24	14
1990-10-10	0.01	0.35	21	16
1990-10-11	0	0.35	24	16
1990-10-12	0	0.2	26	17
1990-10-13	0	0.84	24	16
1990-10-14	0	0.59	26	13
1990-10-15	0	0.2	24	15
1990-10-16	40	9.75	23	13
1990-10-17	5	4.99	24	12
1990-10-18	0	0.1	22	14
1990-10-19	3	3.05	24	13
1990-10-20	0.01	0.1	23	15
1990-10-21	0	0.25	26	17
1990-10-22	0	0.2	24	18
1990-10-23	0	0.1	25	16
1990-10-24	0	0.4	24	13
1990-10-25	0	2.06	23	12
1990-10-26	0	1.5	25	10
1990-10-27	0	2.5	24	9
1990-10-28	0	1.6	23	11
1990-10-29	0	3.7	25	12
1990-10-30	0	2.2	24	10
1990-10-31	0	2.06	23	12
1990-11-01	10	10	21	10
1990-11-02	20	11.15	24	9
1990-11-03	0.01	2.6	25	11
1990-11-04	0	3.98	23	13
1990-11-05	0	4.42	22	12
1990-11-06	0.01	5.53	25	11
1990-11-07	1	4.04	23	5
1990-11-08	3	4.43	28	11
1990-11-09	0	5.58	24	10
1990-11-10	0	4.67	25	11
1990-11-11	0	5.23	26	10
1990-11-12	0	4.09	24	7
1990-11-13	10	2.93	21	4
1990-11-14	20	6.07	20	8
1990-11-15	0.01	2.12	24	6
1990-11-16	1	5.01	23	11
1990-11-17	0	4.87	24	13
1990-11-18	0	2.43	22	14
1990-11-19	0	4.6	20	13
1990-11-20	0.01	3.8	25	14
1990-11-21	0	5.2	23	14
1990-11-22	3	3.99	24	12
1990-11-23	40	9.41	21	13
1990-11-24	6	5.58	23	10
1990-11-25	10	3.37	24	11
1990-11-26	15	10.74	23	14
1990-11-27	2	8.26	21	10
1990-11-28	4	9.25	20	11
1990-11-29	0.01	3.39	21	9
1990-11-30	NULO	2.98	NULO	NULO
1990-12-01	0	18	18	12
1990-12-02	0	14.6	17	11
1990-12-03	0	11	18	13
1990-12-04	4	11.6	18	14
1990-12-05	8	12.2	15	14
1990-12-06	15	13.3	15	8
1990-12-07	0.01	11.8	16	8
1990-12-08	0	12.6	18	9
1990-12-09	0	13.1	20	10
1990-12-10	0	13.7	21	13
1990-12-11	0	12.2	23	15
1990-12-12	0	14.2	24	17
1990-12-13	0	13.7	23	16
1990-12-14	0.01	16.6	20	18
1990-12-15	14	11.4	20	11
1990-12-16	0	12.9	21	14
1990-12-17	0.01	13.5	21	13
1990-12-18	0	14.2	18	9
1990-12-19	8	14.7	19	7
1990-12-20	0	12.6	22	6
1990-12-21	0	15.5	21	8
1990-12-22	7	12.1	20	8
1990-12-23	0.01	13.3	21	7
1990-12-24	0	13.8	20	6
1990-12-25	0	15.5	19	6
1990-12-26	0	17.1	20	5
1990-12-27	0	16	21	7
1990-12-28	0	14.7	20	6
1990-12-29	0	13.8	21	7
1990-12-30	0	14.5	19	6
1990-12-31	0	11.6	21	5
1991-01-01	0.01	5.09	23	7
1991-01-02	0	2.64	21	8
1991-01-03	0	3.42	24	9
1991-01-04	0	4.19	23	11
1991-01-05	0.01	3.21	24	8
1991-01-06	0	2.88	21	11
1991-01-07	20	2.86	24	9
1991-01-08	5	3.85	21	8
1991-01-09	0.01	4.26	24	7
1991-01-10	0	4.15	23	6
1991-01-11	0	3.56	17	8
1991-01-12	0	4.3	23	10
1991-01-13	0	4.03	24	11
1991-01-14	0	3.86	23	9
1991-01-15	0	2.85	24	8
1991-01-16	0	4.3	21	10
1991-01-17	0	4.1	23	7
1991-01-18	0	2.44	25	7
1991-01-19	0	3.74	24	5
1991-01-20	0	3.72	23	6
1991-01-21	5	0.91	24	7
1991-01-22	15	3.13	23	8
1991-01-23	0.01	2.92	21	7
1991-01-24	0	2.83	23	8
1991-01-25	0	2.85	24	7
1991-01-26	0	4.24	23	8
1991-01-27	0	3.87	22	7
1991-01-28	0	4.22	30	6
1991-01-29	0	3.99	28	5
1991-01-30	0	2.04	27	7
1991-01-31	NULO	1.98	25	4
1991-02-01	0	4.01	22	9
1991-02-02	0.01	3.05	20	8
1991-02-03	0	1.84	21	6
1991-02-04	0.01	2.06	23	7
1991-02-05	5	2.95	18	5
1991-02-06	10	2.76	19	5
1991-02-07	0	2.45	18	6
1991-02-08	0.01	2.94	18	4
1991-02-09	0	2.61	19	6
1991-02-10	0	3.5	20	5
1991-02-11	0	3.91	19	7
1991-02-12	0	2.15	21	8
1991-02-13	0	3.19	22	7
1991-02-14	0	3.87	20	8
1991-02-15	0	2.88	24	9
1991-02-16	0	4.16	21	8
1991-02-17	0	2.93	25	10
1991-02-18	0	1.6	24	7
1991-02-19	0	3.61	20	10
1991-02-20	2	5.02	25	9
1991-02-21	2	4.85	24	7
1991-02-22	0.01	3.68	23	8
1991-02-23	0	2.9	22	7
1991-02-24	0	3.75	24	6
1991-02-25	0	4.5	23	9
1991-02-26	0	3.06	21	7
1991-02-27	0	3.87	20	8
1991-02-28	0	3.32	20	7
1991-03-01	0	3.05	NULO	NULO
1991-03-02	0	2.99	24	7
1991-03-03	0	3.84	22	6
1991-03-04	0	3.23	23	6
1991-03-05	0	4.58	23	5
1991-03-06	0	3.66	21	5
1991-03-07	0	3.58	22	5
1991-03-08	0	2.97	21	9
1991-03-09	0	4.28	21	9
1991-03-10	20	4.48	24	8
1991-03-11	10	3.31	23	8
1991-03-12	0.01	3.68	24	8
1991-03-13	0	4.18	24	8
1991-03-14	0	2.45	24	9
1991-03-15	0	3.71	25	9
1991-03-16	0	3.01	23	9
1991-03-17	0	4.51	23	9
1991-03-18	0	2.36	20	8
1991-03-19	0	3.47	20	8
1991-03-20	0.01	4.24	20	7
1991-03-21	20	3.15	21	7
1991-03-22	5	3.92	22	5
1991-03-23	0.01	3.21	21	4
1991-03-24	0	3.87	21	5
1991-03-25	0	2.87	21	6
1991-03-26	0	4.29	20	6
1991-03-27	0	2.52	20	4
1991-03-28	0	3.6	20	4
1991-03-29	0	3.04	21	5
1991-03-30	0	2.79	20	6
1991-03-31	0	4.19	24	5
1991-04-01	0	3.83	NULO	NULO
1991-04-02	0	2.95	20	6
1991-04-03	0	3.2	21	6
1991-04-04	7	2.62	21	4
1991-04-05	20	3.92	23	4
1991-04-06	0	3.4	23	4
1991-04-07	0.01	2.84	23	5
1991-04-08	0	4.68	24	5
1991-04-09	0	2.98	24	5
1991-04-10	0	2.95	25	5
1991-04-11	0	3.15	25	6
1991-04-12	5	5.95	25	6
1991-04-13	2	6.01	24	6
1991-04-14	1	4.69	24	7
1991-04-15	3	5	24	7
1991-04-16	0.01	4.11	25	7
1991-04-17	0	3.1	25	7
1991-04-18	0	2.1	26	8
1991-04-19	0	2.7	26	8
1991-04-20	0	3.02	26	8
1991-04-21	0	2.65	25	6
1991-04-22	0	3.45	25	6
1991-04-23	0	3.85	25	6
1991-04-24	0	3.71	25	7
1991-04-25	0	3.18	24	7
1991-04-26	0	4.26	24	7
1991-04-27	0	2.98	24	5
1991-04-28	0	2.89	23	5
1991-04-29	0	3.03	23	6
1991-04-30	0	4.18	24	6
1991-05-01	0	2.99	24	7
1991-05-02	0	4.09	24	7
1991-05-03	0	2.88	24	8
1991-05-04	0	3.14	25	8
1991-05-05	0	2.19	25	8
1991-05-06	0	3.6	25	9
1991-05-07	0	2.81	25	9
1991-05-08	0	3.2	26	7
1991-05-09	0	3.89	26	9
1991-05-10	0	3.97	26	7
1991-05-11	0	3.32	25	7
1991-05-12	0	3.69	25	8
1991-05-13	0	2.37	25	10
1991-05-14	0	4.62	25	10
1991-05-15	0	3.02	26	10
1991-05-16	0	2.42	27	10
1991-05-17	0	2.6	26	9
1991-05-18	0	2.99	26	10
1991-05-19	0	2.71	26	10
1991-05-20	0	3.47	25	10
1991-05-21	0	3.7	24	10
1991-05-22	0	2.94	24	9
1991-05-23	0	2.9	24	9
1991-05-24	0	4.21	23	8
1991-05-25	60	2.08	24	8
1991-05-26	22	2.26	24	9
1991-05-27	15	2.91	25	9
1991-05-28	10	3.41	25	10
1991-05-29	0.01	3.09	27	9
1991-05-30	0	2.92	26	9
1991-05-31	0	3.11	26	9
1991-06-01	0	4.9	24	7
1991-06-02	0	4.3	24	6
1991-06-03	0	3.8	23	6
1991-06-04	0	3.6	23	6
1991-06-05	0	4.5	22	6
1991-06-06	0	4.09	22	6
1991-06-07	0	4.05	21	5
1991-06-08	65	1.9	21	4
1991-06-09	40	1.68	21	4
1991-06-10	0.01	3.91	23	5
1991-06-11	0	4.11	23	5
1991-06-12	0	4.2	24	5
1991-06-13	0.01	5.88	24	6
1991-06-14	0	3.4	25	6
1991-06-15	3	5.4	25	6
1991-06-16	25	5.99	26	7
1991-06-17	110	3.46	26	7
1991-06-18	0.01	2.78	26	7
1991-06-19	8	2.04	25	8
1991-06-20	0	3.02	25	8
1991-06-21	7	2.68	26	8
1991-06-22	0.01	3.67	25	8
1991-06-23	60	4.21	25	8
1991-06-24	10	2.08	24	8
1991-06-25	0.01	2.22	26	8
1991-06-26	80	8.35	26	9
1991-06-27	20	2.81	26	9
1991-06-28	40	5.65	27	9
1991-06-29	10	6.85	27	7
1991-06-30	40	2.4	24	7
1991-07-01	20	3.58	23	4
1991-07-02	20	5.23	24	5
1991-07-03	60	3.9	26	7
1991-07-04	25	3.69	26	7
1991-07-05	7	4.91	27	9
1991-07-06	0	4.12	27	9
1991-07-07	6	3.5	26	9
1991-07-08	40	4.64	25	8
1991-07-09	10	3.89	24	8
1991-07-10	4	4.61	24	7
1991-07-11	0.01	4.46	24	7
1991-07-12	0	3.3	22	8
1991-07-13	0	2.99	20	8
1991-07-14	0	2.99	20	7
1991-07-15	0	2.71	20	7
1991-07-16	0	4.08	21	8
1991-07-17	8	2.13	21	7
1991-07-18	0	2.87	20	6
1991-07-19	0	3.17	20	6
1991-07-20	0	6.46	20	6
1991-07-21	0.01	3.3	19	5
1991-07-22	0	4.2	19	5
1991-07-23	0	3.28	21	5
1991-07-24	0	3.7	21	7
1991-07-25	0	3.03	21	8
1991-07-26	0	3.19	23	8
1991-07-27	0	2.72	23	8
1991-07-28	0.01	1.11	25	9
1991-07-29	0	3.07	25	6
1991-07-30	0	2.1	26	6
1991-07-31	0	2.4	27	6
1991-08-01	0	4.58	25	6
1991-08-02	0	4.32	25	6
1991-08-03	0	3.4	26	8
1991-08-04	0	3.1	26	8
1991-08-05	20	3.4	24	7
1991-08-06	10	4.09	24	7
1991-08-07	6	4.02	23	6
1991-08-08	20	3.32	22	5
1991-08-09	0.01	4.33	22	5
1991-08-10	0	4.27	20	4
1991-08-11	4	5.02	20	5
1991-08-12	0	3.73	21	4
1991-08-13	0	3.12	21	5
1991-08-14	0	4.46	20	4
1991-08-15	0	4.74	20	4
1991-08-16	0	3.3	22	4
1991-08-17	0	4.69	22	5
1991-08-18	0	3.51	24	5
1991-08-19	0	4.3	26	6
1991-08-20	0	4.08	26	6
1991-08-21	0	3.35	26	7
1991-08-22	0	5.96	25	7
1991-08-23	20	4.75	27	7
1991-08-24	10	3.95	27	8
1991-08-25	15	3.1	27	8
1991-08-26	20	3.38	26	7
1991-08-27	10	4.17	25	7
1991-08-28	0.01	4.14	25	5
1991-08-29	0	4.09	25	5
1991-08-30	0	3.87	25	5
1991-09-01	20	3.3	21	7
1991-09-02	10	4.4	24	6
1991-09-03	20	4.9	24	5
1991-09-04	10	2.8	23	5
1991-09-05	17	5.5	23	7
1991-09-06	8	3.86	25	7
1991-09-07	19	4.03	25	7
1991-09-08	10	4.95	26	7
1991-09-09	7	5.06	25	5
1991-09-10	0.01	4.62	27	5
1991-09-11	0	4.08	27	6
1991-09-12	0	4.3	27	6
1991-09-13	4	3.99	28	7
1991-09-14	20	4.21	28	8
1991-09-15	10	4.4	25	8
1991-09-16	0.01	4.2	25	8
1991-09-17	0	4.1	24	7
1991-09-18	0	7.1	24	7
1991-09-19	0	3.09	24	6
1991-09-20	0	3.01	23	6
1991-09-21	0	3.8	20	5
1991-09-22	20	3.09	21	5
1991-09-23	10	3.8	21	7
1991-09-24	5	4.01	24	7
1991-09-25	0	4.4	26	8
1991-09-26	0	3.04	26	8
1991-09-27	0	4.66	26	9
1991-09-28	0	4.18	25	9
1991-09-29	0	4.33	25	8
1991-09-30	0	3.89	26	8
1991-10-01	4	3.8	23	6
1991-10-02	30	3.4	24	6
1991-10-03	40	3.9	22	5
1991-10-04	40	4.14	20	4
1991-10-05	20	4.46	20	3
1991-10-06	15	3.7	20	4
1991-10-07	80	3.8	24	4
1991-10-08	40	3.9	24	5
1991-10-09	10	4.3	25	5
1991-10-10	18	2.36	25	5
1991-10-11	0.01	4.74	26	7
1991-10-12	0	4.1	25	7
1991-10-13	0	4.3	25	6
1991-10-14	0	4.08	25	6
1991-10-15	0.01	3.11	24	6
1991-10-16	0	4.05	24	4
1991-10-17	0.01	3.06	23	4
1991-10-18	0	3.67	23	4
1991-10-19	4	5.11	23	4
1991-10-20	0.01	3.74	20	5
1991-10-21	0	3.78	23	5
1991-10-22	0	4.42	23	6
1991-10-23	0	3.17	24	6
1991-10-24	0	3.71	22	4
1991-10-25	0	4.08	24	3
1991-10-26	0	4.1	24	3
1991-10-27	0.01	4.3	23	3
1991-10-28	0	3.52	24	3
1991-10-29	8	1.8	27	3
1991-10-30	0	4.3	25	4
1991-10-31	0	4.12	25	3
1991-11-01	0	3.94	21	3
1991-11-02	0.01	4.05	21	3
1991-11-03	0	2.41	21	4
1991-11-04	0	3.4	20	4
1991-11-05	0	3.5	19	3
1991-11-06	0	2.74	19	3
1991-11-07	0.01	3.93	19	3
1991-11-08	0	3.26	19	4
1991-11-09	0	3.27	20	3
1991-11-10	0	4.48	20	4
1991-11-11	0	4.14	21	4
1991-11-12	0	4.08	20	4
1991-11-13	0	4.1	20	2
1991-11-14	0	3.4	20	2
1991-11-15	0	4.4	21	2
1991-11-16	10	4.08	22	3
1991-11-17	0.01	4.01	22	3
1991-11-18	0	3.92	20	3
1991-11-19	0	3.89	20	4
1991-11-20	5	9.24	20	4
1991-11-21	0	3.9	21	3
1991-11-22	0	3.7	22	3
1991-11-23	0	4.24	23	4
1991-11-24	0	3.11	24	4
1991-11-25	0	2.96	24	4
1991-11-26	0	4.04	24	5
1991-11-27	0	6	23	5
1991-11-28	0	3.7	22	5
1991-11-29	0	3.7	22	3
1991-11-30	0	4.5	22	3
1991-12-01	0	4.1	20	6
1991-12-02	0	3.4	20	7
1991-12-03	0	3.2	18	5
1991-12-04	4	3.2	18	4
1991-12-05	10	4.09	20	4
1991-12-06	110	10	21	3
1991-12-07	10	5.3	20	3
1991-12-08	0	4.4	20	2
1991-12-09	0	3.7	23	2
1991-12-10	0	3.3	22	3
1991-12-11	0	3.2	22	3
1991-12-12	0	2.7	23	3
1991-12-13	0	4.1	24	3
1991-12-14	0	2.9	24	4
1991-12-15	0	2.7	24	4
1991-12-16	0	3.26	24	4
1991-12-17	0	4.11	23	3
1991-12-18	0.01	3.22	23	3
1991-12-19	10	14.11	24	3
1991-12-20	3	3.7	25	4
1991-12-21	0	3.18	25	4
1991-12-22	0	4.02	23	4
1991-12-23	0	2.89	23	3
1991-12-24	4	3.02	24	3
1991-12-25	0	3.03	24	4
1991-12-26	0.01	4.06	23	4
1991-12-27	0	3.98	25	4
1991-12-28	10	1.65	25	5
1991-12-29	0	4.07	25	5
1991-12-30	0	4.05	25	5
1991-12-31	0	4.12	25	5
1992-01-01	0	2.1	21	12
1992-01-02	0	2.6	23	10
1992-01-03	0	2.05	21	9
1992-01-04	0	2.15	20	8
1992-01-05	0	5.8	17	7
1992-01-06	0	1.84	20	10
1992-01-07	0	4.56	23	11
1992-01-08	8	2.16	22	13
1992-01-09	6	5.64	21	14
1992-01-10	0	0.9	22	7
1992-01-11	0	3.9	21	7
1992-01-12	0	4.05	24	9
1992-01-13	2	2.45	26	16
1992-01-14	0	1.15	18	9
1992-01-15	10	1.35	10	7
1992-01-16	0.01	0.99	11	3
1992-01-17	0	0.95	10	4
1992-01-18	3	4.66	13	6
1992-01-19	0	4.35	14	3
1992-01-20	0	5.25	13	2
1992-01-21	0	2.37	17	8
1992-01-22	0	2.03	18	11
1992-01-23	0	0.3	16	6
1992-01-24	6	6.15	18	7
1992-01-25	0.01	2.2	16	9
1992-01-26	4	1.97	18	8
1992-01-27	10	1.93	17	9
1992-01-28	20	3.15	19	8
1992-01-29	0	5.1	20	7
1992-01-30	0	1.6	21	5
1992-01-31	0	4	21	6
1992-02-01	0	2.14	21	14
1992-02-02	0	2.33	21	13
1992-02-03	0	2.66	20	14
1992-02-04	0	2.14	21	13
1992-02-05	0	2.38	23	12
1992-02-06	0	2.19	22	13
1992-02-07	0	3.1	24	14
1992-02-08	40	1.2	21	17
1992-02-09	20	1.14	20	17
1992-02-10	10	1.25	21	14
1992-02-11	0.01	1.36	22	12
1992-02-12	0	1.96	23	14
1992-02-13	0	2.22	22	15
1992-02-14	0	2.36	21	14
1992-02-15	0	2.42	23	13
1992-02-16	0	2.9	23	14
1992-02-17	0	3.05	22	13
1992-02-18	60	1	24	14
1992-02-19	40	0.96	23	15
1992-02-20	10	1.2	21	16
1992-02-21	0.01	1.18	23	13
1992-02-22	0	1.36	22	14
1992-02-23	0	1.48	23	11
1992-02-24	0	1.66	22	10
1992-02-25	0	2.1	23	13
1992-02-26	0	2.36	22	14
1992-02-27	0	2.44	23	13
1992-02-28	4	2.18	22	14
1992-02-29	0	2.1	24	15
1992-03-01	4	2.5	23	11
1992-03-02	0.01	2.86	24	14
1992-03-03	0	3.2	21	16
1992-03-04	0	3.6	20	12
1992-03-05	0	4.1	23	10
1992-03-06	0	4.36	24	11
1992-03-07	0	4.44	23	13
1992-03-08	0	4.55	23	14
1992-03-09	0	5	21	13
1992-03-10	0	5.2	23	14
1992-03-11	0	5.33	22	16
1992-03-12	0	5.14	22	14
1992-03-13	0	5.18	21	16
1992-03-14	0	5.4	23	13
1992-03-15	3	5.22	20	14
1992-03-16	7	4.9	21	11
1992-03-17	0	5.06	22	12
1992-03-18	0.01	5.4	22	13
1992-03-19	0	5.55	24	15
1992-03-20	0	5.66	23	11
1992-03-21	0	6.02	21	13
1992-03-22	0.01	5.88	20	11
1992-03-23	4	5.96	24	12
1992-03-24	10	6.08	24	11
1992-03-25	20	6.33	23	14
1992-03-26	14	6.66	22	13
1992-03-27	0	6.78	20	15
1992-03-28	0	6.7	23	16
1992-03-29	0	6.88	22	15
1992-03-30	4	6.69	24	14
1992-04-01	7	6.5	22	17
1992-04-02	0	7.1	23	15
1992-04-03	0.01	7.2	24	13
1992-04-04	0	7.26	23	12
1992-04-05	40	6.25	22	11
1992-04-06	30	2.1	24	10
1992-04-07	9	3.16	23	12
1992-04-08	0.01	7.36	24	11
1992-04-09	0	7.42	23	12
1992-04-10	5	7.52	25	13
1992-04-11	20	3.16	22	14
1992-04-12	10	2.48	24	11
1992-04-13	1	2.6	23	13
1992-04-14	0	6.1	22	11
1992-04-15	0	6.22	24	10
1992-04-16	0	6.31	23	13
1992-04-17	0	6.14	22	12
1992-04-18	0	7.19	20	10
1992-04-19	9	6.26	24	15
1992-04-20	7	5.3	23	14
1992-04-21	0	4.44	21	13
1992-04-22	0	5.52	24	10
1992-04-23	0	5.5	23	14
1992-04-24	0	5.56	24	13
1992-04-25	0	6	23	15
1992-04-26	40	6.44	24	14
1992-04-27	10	4.16	22	10
1992-04-28	4	4.02	24	11
1992-04-29	0.01	3.22	23	14
1992-04-30	8	2.18	24	15
1992-05-01	8	4.1	25	10
1992-05-02	10	3.22	27	13
1992-05-03	11	2.88	24	17
1992-05-04	0	4.15	25	15
1992-05-05	0.01	4.37	24	16
1992-05-06	0	5.66	26	15
1992-05-07	0	6.02	24	16
1992-05-08	0	6.41	23	15
1992-05-09	0	6.66	27	14
1992-05-10	0	6.44	25	17
1992-05-11	0	5.86	26	15
1992-05-12	0	4.42	24	16
1992-05-13	0	4.12	23	15
1992-05-14	50	3.16	24	14
1992-05-15	40	2.15	25	16
1992-05-16	11	1.66	24	16
1992-05-17	0.01	1.97	24	15
1992-05-18	0	2.1	25	14
1992-05-19	0	3.44	24	15
1992-05-20	0.01	3	28	11
1992-05-21	0	2.14	23	10
1992-05-22	0	2.56	24	12
1992-05-23	0.01	3.44	22	16
1992-05-24	0	2.89	24	15
1992-05-25	0	3.58	23	14
1992-05-26	0	4.5	24	16
1992-05-27	0	4.96	23	17
1992-05-28	0	5.36	24	16
1992-05-29	30	4.18	25	15
1992-05-30	10	2.1	24	13
1992-05-31	9	1.98	25	14
1992-07-01	0	7.69	30	14
1992-07-02	10	0.1	28	16
1992-07-03	40	1.4	24	14
1992-07-04	0.01	1.5	23	10
1992-07-05	0	4.37	26	14
1992-07-06	10	0.48	25	14
1992-07-07	3	0.44	26	12
1992-07-08	0.01	0.51	24	12
1992-07-09	0	2	23	14
1992-07-10	0	0.2	25	17
1992-07-11	10	4.7	24	16
1992-07-12	10	8.42	25	14
1992-07-13	4	0.88	22	11
1992-07-14	8	6.2	24	14
1992-07-15	20	4.8	24	15
1992-07-16	8	8.93	22	15
1992-07-17	8	1.87	24	16
1992-07-18	0.01	5.35	26	17
1992-07-19	2	1.98	24	14
1992-07-20	0	2.12	23	15
1992-07-21	0	3.1	24	14
1992-07-22	0.01	2.05	20	16
1992-07-23	4	1.25	25	17
1992-07-24	6	3.15	23	13
1992-07-25	0	2.2	24	15
1992-07-26	17	3.4	26	16
1992-07-27	0	3.8	24	11
1992-07-28	6	2.15	26	13
1992-07-29	9	8.8	24	13
1992-07-30	10	2.6	22	15
1992-07-31	0	4	26	15
1992-08-01	10	4	24	12
1992-08-02	10	7.75	25	14
1992-08-03	0.01	6.04	26	15
1992-08-04	0	5.61	24	13
1992-08-05	0	4.68	26	14
1992-08-06	0	4.06	24	13
1992-08-07	25	3.71	23	13
1992-08-08	0	8.35	28	14
1992-08-09	32	0.98	26	12
1992-08-10	0.01	1.29	24	13
1992-08-11	0	5.65	23	14
1992-08-12	0	8.65	25	13
1992-08-13	0	5.7	24	12
1992-08-14	37	2.25	27	13
1992-08-15	100	2.25	23	16
1992-08-16	20	2.1	24	14
1992-08-17	14	3.8	21	13
1992-08-18	3	3.08	24	17
1992-08-19	0.01	1.52	25	17
1992-08-20	0	0.3	23	13
1992-08-21	0	0.83	24	14
1992-08-22	120	3.47	23	13
1992-08-23	10	5	24	14
1992-08-24	0.01	0.9	25	13
1992-08-25	0	1.5	24	12
1992-08-26	0	2.2	28	14
1992-08-27	0	2.2	24	13
1992-08-28	0	2.1	25	14
1992-08-29	0	2.1	24	16
1992-08-30	0	1	25	14
1992-08-31	0	2.47	24	17
1992-09-01	0	5.63	23	14
1992-09-02	0	4.7	24	13
1992-09-03	0	5.5	21	15
1992-09-04	0	2.1	24	12
1992-09-05	20	1.8	23	13
1992-09-06	0.01	0.8	24	14
1992-09-07	0	2.15	23	16
1992-09-08	0	2.93	27	14
1992-09-09	18	8.07	26	12
1992-09-10	0.01	4.15	24	13
1992-09-11	60	4.2	25	14
1992-09-12	20	4.4	21	13
1992-09-13	35	4.94	24	14
1992-09-14	20	0.79	26	14
1992-09-15	20	4.27	25	11
1992-09-16	20	8.13	24	13
1992-09-17	0.01	8.07	22	12
1992-09-18	0	1.8	19	14
1992-09-19	0	4.05	20	11
1992-09-20	0	2.49	20	10
1992-09-21	0	2.66	20	13
1992-09-22	40	3.6	22	14
1992-09-23	40	2	25	13
1992-09-24	15	2.35	19	13
1992-09-25	10	8.3	19	13
1992-09-26	14	5.8	21	12
1992-09-27	60	4.6	20	14
1992-09-28	40	6.9	23	15
1992-09-29	10	6.5	23	11
1992-09-30	0	3.7	22	8
1992-10-01	0	0.7	23	5
1992-10-02	0	1.3	19	9
1992-10-03	0	1	18	7
1992-10-04	0	2	23	8
1992-10-05	0	2.3	26	11
1992-10-06	4	6.2	25	7
1992-10-07	0	1.75	24	5
1992-10-08	4	1.75	22	11
1992-10-09	0.01	1.6	24	12
1992-10-10	60	1.88	23	14
1992-10-11	88	2.1	24	11
1992-10-12	10	3.21	21	12
1992-10-13	4	5.6	20	13
1992-10-14	0.01	0.2	24	10
1992-10-15	0	0.65	23	13
1992-10-16	0	4.95	21	16
1992-10-17	0	5	22	14
1992-10-18	5	1.55	24	8
1992-10-19	20	1.44	21	6
1992-10-20	20	2.3	21	4
1992-10-21	20	3.3	24	11
1992-10-22	60	4.7	23	8
1992-10-23	120	6.11	20	7
1992-10-24	7	7.1	21	6
1992-10-25	0.01	0.4	20	7
1992-10-26	0	1.5	21	6
1992-10-27	0	4.2	24	5
1992-10-28	0	1.95	23	7
1992-10-29	0	4.05	22	8
1992-10-30	0	1.1	24	7
1992-10-31	0	4.11	22	8
1992-11-01	0	4.95	23	7
1992-11-02	0	4.9	22	9
1992-11-03	0	5.05	21	10
1992-11-04	0	5.15	22	7
1992-11-05	0.01	1.05	20	6
1992-11-06	0	1.05	17	8
1992-11-07	20	3.2	19	6
1992-11-08	3	3	17	5
1992-11-09	0	5.2	19	6
1992-11-10	0	5.05	21	7
1992-11-11	0	4.63	25	9
1992-11-12	0	5.32	24	5
1992-11-13	5	4.1	26	8
1992-11-14	20	2.5	22	7
1992-11-15	46	2.9	23	6
1992-11-16	2	1.75	21	8
1992-11-17	0.01	1.45	25	6
1992-11-18	0	2.4	23	7
1992-11-19	0	2.2	24	6
1992-11-20	0	3.9	13	9
1992-11-21	0	1.9	14	7
1992-11-22	0	2.1	16	6
1992-11-23	0	3.1	17	8
1992-11-24	10	2.4	18	7
1992-11-25	0.01	3.7	16	9
1992-11-26	0	5.81	17	8
1992-11-27	0	1.89	20	6
1992-11-28	0	8.2	15	3
1992-11-29	0	5.91	25	4
1992-11-30	0	2.24	19	5
1992-12-05	0.01	NULO	NULO	NULO
1992-12-06	0	2.83	20	7
1992-12-07	0	1.27	23	6
1992-12-08	0	1.6	19	9
1992-12-09	0	2.41	17	8
1992-12-10	0	7.89	12	7
1992-12-11	0	2.1	14	5
1992-12-12	0	4.85	23	4
1992-12-13	0	0.75	21	7
1992-12-14	0	1.2	20	6
1992-12-15	0	1.75	21	5
1992-12-16	0	1.55	24	7
1992-12-17	0	0.4	23	10
1992-12-18	0	1.1	20	9
1992-12-19	0	2.5	21	7
1992-12-20	0	0.5	25	8
1992-12-21	0	0.9	22	9
1992-12-22	7	3.15	21	8
1992-12-23	0.01	2.05	18	10
1992-12-24	7	4.6	17	7
1992-12-25	0	3.7	16	6
1992-12-26	40	4.8	20	5
1992-12-27	0.01	1.8	18	9
1992-12-28	0	3.45	19	7
1992-12-29	0	1.7	21	9
1992-12-30	0	3.17	19	9
1992-12-31	0	5.15	21	8
1993-01-01	0	3.15	18	6
1993-01-02	0	1.1	20	5
1993-01-03	0	2.5	20	9
1993-01-04	10	2.2	24	7
1993-01-05	0.01	2.2	21	8
1993-01-06	0	1.35	25	7
1993-01-07	0	1.7	24	8
1993-01-08	0	3.25	25	7
1993-01-09	0	1.45	26	10
1993-01-10	5	7.45	23	9
1993-01-11	0	1.3	20	10
1993-01-12	0	3.45	20	9
1993-01-13	0.01	8.35	20	7
1993-01-14	0	2.2	20	8
1993-01-15	30	4.9	20	10
1993-01-16	0.01	5.6	22	8
1993-01-17	0	1.3	21	9
1993-01-18	0	0.4	19	10
1993-01-19	0.01	1.35	17	7
1993-01-20	0	1.35	23	8
1993-01-21	0	0.3	21	9
1993-01-22	0.01	2.6	19	7
1993-01-23	0	1.7	17	8
1993-01-24	6	6.8	20	3
1993-01-25	15	4.6	13	4
1993-01-26	0.01	3.25	11	4
1993-01-27	0	3.98	15	3
1993-01-28	0	1.72	16	3
1993-01-29	10	5.75	17	7
1993-01-30	10	4.45	21	7
1993-01-31	0	3.9	23	1
1993-02-01	0	0.95	21	6
1993-02-02	0	2.2	19	5
1993-02-03	0	3.3	18	6
1993-02-04	10	0.8	21	8
1993-02-05	20	0.55	12	7
1993-02-06	4	1.45	10	4
1993-02-07	0.01	0.7	11	3
1993-02-08	0	3.4	14	4
1993-02-09	0	0.9	20	5
1993-02-10	0	5.5	20	6
1993-02-11	0	5.2	21	8
1993-02-12	0	5.25	22	6
1993-02-13	0	5.29	23	9
1993-02-14	0	2.66	22	8
1993-02-15	0	1.8	25	7
1993-02-16	0	2.5	22	9
1993-02-17	5	8.1	17	11
1993-02-18	3	7.6	20	10
1993-02-19	0.01	3.4	21	8
1993-02-20	0	6.89	25	8
1993-02-21	0	0.71	29	10
1993-02-22	0	2.3	24	9
1993-02-23	0	5.8	25	7
1993-02-24	0	4.24	22	10
1993-02-25	0	4.96	26	11
1993-02-26	0	3.25	20	14
1993-02-27	0	1.94	18	12
1993-02-28	0	2.91	22	10
1993-03-01	0	2.3	24	10
1993-03-02	8	5.85	25	13
1993-03-03	0	1.85	23	10
1993-03-04	3	0.8	25	7
1993-03-05	5	2.55	21	5
1993-03-06	10	1.85	14	5
1993-03-07	15	5.07	18	7
1993-03-08	0.01	7.93	19	6
1993-03-09	0	3.3	23	6
1993-03-10	0	3.4	24	8
1993-03-11	0	7.7	25	7
1993-03-12	15	3.55	24	6
1993-03-13	2	6.15	13	5
1993-03-14	0	1.65	16	-1
1993-03-15	0	3.45	21	3
1993-03-16	0	2.5	25	6
1993-03-17	0	2.15	22	7
1993-03-18	0	3.3	24	8
1993-03-19	0	2.95	23	7
1993-03-20	0	1.8	24	8
1993-03-21	0	1.8	23	7
1993-03-22	0	2.9	25	8
1993-03-23	0	2.3	23	9
1993-03-24	0	9.35	24	11
1993-03-25	2	0.5	27	9
1993-03-26	0	3.85	24	10
1993-03-27	0	2.25	26	12
1993-03-28	0	4.25	28	10
1993-03-29	0	2.2	25	11
1993-03-30	0	3.01	24	11
1993-03-31	0	4.5	24	13
1993-04-01	0	1.23	21	8
1993-04-02	0	1.92	23	7
1993-04-03	0	1.95	24	9
1993-04-04	0	4.95	27	8
1993-04-05	0	4.85	26	10
1993-04-06	0	3.05	23	4
1993-04-07	0	2.3	21	9
1993-04-08	0	5.15	19	7
1993-04-09	0	4.9	20	6
1993-04-10	0	5	21	8
1993-04-11	0	4.35	20	10
1993-04-12	0	5.35	24	11
1993-04-13	0	2.3	26	17
1993-04-14	0	0.5	23	13
1993-04-15	0	1.2	21	9
1993-04-16	0	4.9	24	10
1993-04-17	0	2.1	25	13
1993-04-18	0	4	24	14
1993-04-19	0	3	25	17
1993-04-20	0	4.6	23	17
1993-04-21	10	0.7	22	17
1993-04-22	10	1.75	21	16
1993-04-23	0	1.25	23	14
1993-04-24	0	1.2	25	7
1993-04-25	0	1.8	24	10
1993-04-26	0	3.52	23	14
1993-04-27	0	2.58	26	16
1993-04-28	0	1.5	24	10
1993-04-29	0	1.45	24	13
1993-04-30	0	2.86	24	10
1993-05-01	0	5.1	25	13
1993-05-02	0	4.4	24	14
1993-05-03	0	5.05	23	13
1993-05-04	0	5.15	24	15
1993-05-05	0	5.61	23	13
1993-05-06	0	5.55	24	11
1993-05-07	0	5.7	24	14
1993-05-08	0	4.95	23	16
1993-05-09	26	4.8	22	12
1993-05-10	0.01	5	24	14
1993-05-11	0	5.75	25	14
1993-05-12	0	4.54	24	15
1993-05-13	0	5.21	25	14
1993-05-14	0	3.65	24	13
1993-05-15	0	3.1	23	15
1993-05-16	0	3.76	25	14
1993-05-17	0	4.08	24	12
1993-05-18	0	5.46	23	16
1993-05-19	0	5.95	29	17
1993-05-20	0	4.8	23	16
1993-05-21	0	5.15	24	13
1993-05-22	60	4.6	25	14
1993-05-23	0.01	4.3	24	10
1993-05-24	0	4	23	16
1993-05-25	0	4.2	24	11
1993-05-26	0	3.95	23	13
1993-05-27	0	4.1	24	14
1993-05-28	10	4.15	24	15
1993-05-29	0.01	4.05	25	16
1993-05-30	0	4.35	24	14
1993-05-31	0	4.2	23	13
1993-06-01	0.01	4.4	24	11
1993-06-02	0	4.6	25	13
1993-06-03	0	4.1	24	14
1993-06-04	0	5.85	27	13
1993-06-05	0	5	25	10
1993-06-06	0	5.45	26	10
1993-06-07	0	5.05	25	13
1993-06-08	0	5	25	14
1993-06-09	0	4.8	24	10
1993-06-10	0	4.85	24	13
1993-06-11	0	4.8	24	15
1993-06-12	20	3.15	25	14
1993-06-13	45	8.45	24	13
1993-06-14	122	7.65	23	14
1993-06-15	20	4.6	24	13
1993-06-16	10	4.2	23	12
1993-06-17	5	4.9	25	14
1993-06-18	0.01	4.85	25	13
1993-06-19	7	4.7	24	12
1993-06-20	10	4	23	14
1993-06-21	40	5.15	25	11
1993-06-22	40	5.05	24	13
1993-06-23	40	4.9	23	14
1993-06-24	60	5.55	24	14
1993-06-25	50	5.1	25	13
1993-06-26	40	5.2	24	12
1993-06-27	50	4.9	23	13
1993-06-28	40	5.3	24	14
1993-06-29	40	4.95	23	14
1993-06-30	0	4.8	23	15
1993-07-01	20	5.6	24	14
1993-07-02	40	6.15	25	11
1993-07-03	10	3.3	21	13
1993-07-04	40	5.95	23	15
1993-07-05	40	4.75	22	14
1993-07-06	60	6.9	23	13
1993-07-07	10	3.6	22	14
1993-07-08	0	5.5	24	13
1993-07-09	0	5.65	24	14
1993-07-10	10	4.9	25	15
1993-07-11	2	5.35	24	14
1993-07-12	0	5.8	25	16
1993-07-13	0	5.1	24	15
1993-07-14	0	5.7	26	13
1993-07-15	0.01	5	24	12
1993-07-16	2	6.15	26	11
1993-07-17	0	5.85	25	14
1993-07-18	0	5.75	25	15
1993-07-19	0	5.15	24	12
1993-07-20	0	4.95	24	11
1993-07-21	0	3.8	23	13
1993-07-22	0	4.85	24	14
1993-07-23	0	3.95	23	15
1993-07-24	0	4.65	24	16
1993-07-25	0	5.1	25	13
1993-07-26	0	5.4	26	14
1993-07-27	0	4.7	24	12
1993-07-28	0	5.25	25	14
1993-07-29	7	5.15	25	13
1993-07-30	0	5.9	26	12
1993-07-31	0	5.2	25	10
1993-08-01	0	5.3	23	17
1993-08-02	0	5.7	24	16
1993-08-03	0	4.64	23	14
1993-08-04	0	4.88	24	16
1993-08-05	0	4.33	23	16
1993-08-06	0	4.78	24	14
1993-08-07	0	4.45	23	14
1993-08-08	0	4.8	24	13
1993-08-09	0	4.71	23	14
1993-08-10	0	4.88	24	13
1993-08-11	0	5.1	24	13
1993-08-12	20	8.35	23	13
1993-08-13	5	5.05	24	14
1993-08-14	20	9.45	25	13
1993-08-15	16	3.95	24	12
1993-08-16	0.01	2.12	23	16
1993-08-17	10	5.48	24	13
1993-08-18	60	4.8	23	15
1993-08-19	40	3.7	24	16
1993-08-20	15	3.7	23	14
1993-08-21	20	5.3	23	12
1993-08-22	0.01	4.02	23	13
1993-08-23	0	4.73	22	12
1993-08-24	20	5.68	22	13
1993-08-25	2	4.86	23	14
1993-08-26	0	3.15	21	12
1993-08-27	0	5.05	23	13
1993-08-28	6	2.2	24	13
1993-08-29	12	9.2	23	14
1993-08-30	5	6.6	24	12
1993-08-31	4	1.85	21	13
1993-09-01	15	3.75	23	15
1993-09-02	0.01	2.15	22	13
1993-09-03	0	6.6	23	13
1993-09-04	0	1.65	22	14
1993-09-05	0	4.2	23	15
1993-09-06	0.01	3.95	29	14
1993-09-07	0	1.8	22	13
1993-09-08	0	4.35	23	13
1993-09-09	55	6.98	25	13
1993-09-10	28	5.34	18	13
1993-09-11	7	4.27	21	14
1993-09-12	0.01	1.6	22	16
1993-09-13	0	0.2	22	14
1993-09-14	10	1.36	24	12
1993-09-15	20	2.45	25	16
1993-09-16	0.01	4.35	20	13
1993-09-17	6	3.95	22	12
1993-09-18	15	8.5	22	12
1993-09-19	60	2.9	24	11
1993-09-20	220	4.6	24	13
1993-09-21	67	4.45	22	14
1993-09-22	60	2.2	18	13
1993-09-23	20	2.4	19	15
1993-09-24	10	10.05	23	13
1993-09-25	20	2.45	21	14
1993-09-26	20	3.1	20	13
1993-09-27	40	2.35	22	11
1993-09-28	18	2.7	14	10
1993-09-29	20	2.4	15	9
1993-09-30	20	2.45	18	10
1993-10-01	3	2.75	21	10
1993-10-02	0.01	10.5	24	12
1993-10-03	22	5	22	11
1993-10-04	0.01	5.5	23	10
1993-10-05	0	3.5	24	9
1993-10-06	20	6	23	11
1993-10-07	0.01	13	25	8
1993-10-08	0	2.1	23	10
1993-10-09	0	7.1	24	11
1993-10-10	0	5.3	24	10
1993-10-11	0	4.82	25	9
1993-10-12	0	5.18	25	7
1993-10-13	0	2.38	24	11
1993-10-14	0	3.42	23	12
1993-10-15	0	2.16	25	11
1993-10-16	0	4.04	26	13
1993-10-17	0	4.9	24	14
1993-10-18	0	3.09	28	16
1993-10-19	0	3.81	25	11
1993-10-20	40	4	24	14
1993-10-21	25	3.3	20	13
1993-10-22	0.01	1.35	16	8
1993-10-23	0	1.05	27	6
1993-10-24	0	1.8	20	7
1993-10-25	0	4.19	21	6
1993-10-26	6	4.91	20	7
1993-10-27	0.01	0.73	25	6
1993-10-28	0	1.17	19	8
1993-10-29	0	1.38	20	7
1993-10-30	0	1.46	20	9
1993-10-31	0	3.66	21	9
1993-11-01	16	4.8	23	13
1993-11-02	0	4.96	21	14
1993-11-03	0	5.33	23	10
1993-11-04	0	4.77	21	9
1993-11-05	0	4.92	24	6
1993-11-06	0	4.85	23	7
1993-11-07	30	4.07	23	8
1993-11-08	0	1.99	21	5
1993-11-09	0	4.68	22	7
1993-11-10	45	3.44	23	6
1993-11-11	0.01	3.11	21	12
1993-11-12	0	4.6	25	9
1993-11-13	0	7.8	24	12
1993-11-14	0	2.9	21	10
1993-11-15	0	2.2	22	7
1993-11-16	20	3.3	23	6
1993-11-17	42	4.3	22	8
1993-11-18	0.01	0.8	20	9
1993-11-19	0	0.2	27	6
1993-11-20	0	0.2	18	7
1993-11-21	0	0.9	14	6
1993-11-22	6	6	18	7
1993-11-23	3	6.8	24	6
1993-11-24	0	2.2	22	6
1993-11-25	0.01	4.3	21	8
1993-11-26	0	0.5	20	10
1993-11-27	7	0.79	21	7
1993-11-28	0	1.48	17	6
1993-11-29	0	1.96	20	5
1993-11-30	0	1.8	18	8
1993-12-01	0	1.9	24	6
1993-12-02	0	2.1	23	7
1993-12-03	0	1.62	24	8
1993-12-04	0	1.4	22	9
1993-12-05	0	1.8	23	6
1993-12-06	0	2.25	22	8
1993-12-07	0	2.05	19	7
1993-12-08	0	1.95	20	9
1993-12-09	0	0.55	21	10
1993-12-10	0	2.4	20	9
1993-12-11	0	3.1	20	8
1993-12-12	0	4.25	23	7
1993-12-13	0	3.25	24	12
1993-12-14	0	2.04	23	9
1993-12-15	0	1.06	24	7
1993-12-16	0	0.93	22	9
1993-12-17	0	3.11	24	8
1993-12-18	0	2.06	24	7
1993-12-19	0	2.85	23	8
1993-12-20	0.01	2.8	22	9
1993-12-21	0	2.98	24	7
1993-12-22	18	0.97	21	6
1993-12-23	0.01	2.37	22	4
1993-12-24	0	2.1	20	3
1993-12-25	0	1.85	19	0.2
1993-12-26	0	1.12	18	1
1993-12-27	0	1.99	19	2
1993-12-28	0	1.88	20	2
1993-12-29	0	1.01	19	6
1993-12-30	0	0.88	18	5
1993-12-31	0	2.24	20	4
1994-01-01	0.01	1.05	20	6
1994-01-02	0	1.5	27	7
1994-01-03	0	2.2	15	9
1994-01-04	0	2.2	18	2
1994-01-05	0	2.5	15	3
1994-01-06	0	2.1	14	2
1994-01-07	0	3.1	13	4
1994-01-08	9	4.75	17	3
1994-01-09	0	0.15	16	0.4
1994-01-10	0	0.4	13	2
1994-01-11	0	1.01	12	3
1994-01-12	14	2.85	13	4
1994-01-13	0.01	0.1	12	6
1994-01-14	0	4.3	20	7
1994-01-15	0	2.6	17	4
1994-01-16	0	2.6	20	5
1994-01-17	0	0.1	21	8
1994-01-18	0	0.4	22	10
1994-01-19	0	4.56	20	11
1994-01-20	0	0.2	19	9
1994-01-21	0	0.1	20	7
1994-01-22	0	0.1	21	6
1994-01-23	20	1.85	22	7
1994-01-24	0.01	1.85	21	5
1994-01-25	0	0.1	22	6
1994-01-26	0	0.13	23	7
1994-01-27	0	3.17	21	8
1994-01-28	0	1.6	20	7
1994-01-29	0	3.2	19	6
1994-01-30	0	2.35	19	5
1994-01-31	0	2.22	20	3
1994-02-01	0.01	2.36	18	3
1994-02-02	20	1.87	21	4
1994-02-03	0.01	1.98	22	5
1994-02-04	0	2.12	24	7
1994-02-05	0	4.3	25	9
1994-02-06	0	1.8	23	10
1994-02-07	0	0.85	24	8
1994-02-08	0	2.45	25	7
1994-02-09	0	1.03	23	9
1994-02-10	0	2.02	22	8
1994-02-11	0	1.35	24	7
1994-02-12	0.01	3.18	23	10
1994-02-13	20	2.07	25	9
1994-02-14	0	4.05	24	5
1994-02-15	0	4.25	21	7
1994-02-16	20	1.85	20	6
1994-02-17	10	4.85	20	5
1994-02-18	0.01	5.2	24	6
1994-02-19	0	2.95	23	9
1994-02-20	0	2.09	21	11
1994-02-21	0	5.21	22	9
1994-02-22	0	3.7	24	10
1994-02-23	10	2.85	21	9
1994-02-24	0	0.85	24	5
1994-02-25	5	1.96	20	8
1994-02-26	0	1.14	22	6
1994-02-27	0	1.1	22	8
1994-02-28	0	1.2	22	9
1994-03-01	0	2.1	24	9
1994-03-02	0	3.7	23	8
1994-03-03	0	3.9	24	9
1994-03-04	0	3.99	25	11
1994-03-05	0	3.82	24	14
1994-03-06	0	3.8	23	12
1994-03-07	0	3.65	22	11
1994-03-08	0	3.6	21	10
1994-03-09	0	3.68	22	8
1994-03-10	0	3.81	24	7
1994-03-11	0	3.77	23	6
1994-03-12	10	3.83	24	8
1994-03-13	7	2.94	23	8
1994-03-14	0	3.79	24	9
1994-03-15	0.01	2.13	20	8
1994-03-16	0	2.76	22	6
1994-03-17	0	3.15	24	5
1994-03-18	0	4.1	26	8
1994-03-19	0	3.95	25	10
1994-03-20	0	4.32	26	11
1994-03-21	0	3.91	24	13
1994-03-22	0	3.8	23	15
1994-03-23	0	3.14	21	12
1994-03-24	40	5.3	23	9
1994-03-25	10	4.96	24	8
1994-03-26	20	5.45	23	7
1994-03-27	0	3.11	24	9
1994-03-28	0.01	3.18	24	11
1994-03-29	40	4.85	23	10
1994-03-30	20	4.7	23	11
1994-03-31	0	4.2	25	7
1994-04-01	7	3.27	15	7
1994-04-02	0.01	3.42	19	8
1994-04-03	0	3.9	23	10
1994-04-04	0	3.86	24	13
1994-04-05	0	3.99	25	14
1994-04-06	0	3.84	24	16
1994-04-07	0	3.75	23	15
1994-04-08	0	3.82	24	16
1994-04-09	0	3.91	23	15
1994-04-10	0	3.97	25	16
1994-04-11	0	3.8	24	17
1994-04-12	0	3.93	23	19
1994-04-13	0	4.1	25	17
1994-04-14	0	4.98	27	10
1994-04-15	10	3.81	24	14
1994-04-16	20	4.65	25	15
1994-04-17	20	3.22	23	15
1994-04-18	20	4.96	25	10
1994-04-19	0.01	3.33	22	8
1994-04-20	10	NULO	24	11
1994-04-21	20	NULO	23	11
1994-04-22	2	NULO	24	10
1994-04-23	0	NULO	24	11
1994-04-24	0	NULO	25	12
1994-04-25	0	NULO	27	11
1994-04-26	0	NULO	24	13
1994-04-27	0	NULO	26	15
1994-04-28	0	NULO	25	14
1994-04-29	0	NULO	25	15
1994-04-30	0	NULO	NULO	NULO
1994-05-01	0	1	25	9
1994-05-02	0	0.3	24	14
1994-05-03	0	1.7	25	15
1994-05-04	0	1	23	14
1994-05-05	0	2.5	24	11
1994-05-06	0	2.1	25	14
1994-05-07	0	1	23	16
1994-05-08	0	1	24	15
1994-05-09	0	1.7	23	16
1994-05-10	0	0.5	24	15
1994-05-11	0	2.15	25	17
1994-05-12	0	1.2	23	16
1994-05-13	0	2	26	17
1994-05-14	0	3.2	24	14
1994-05-15	0	1.3	24	16
1994-05-16	0	5.2	23	17
1994-05-17	0	3.8	24	18
1994-05-18	0	6.1	25	16
1994-05-19	0	2	24	17
1994-05-20	0	9.7	23	17
1994-05-21	0.01	2	24	17
1994-05-22	0	3.3	23	18
1994-05-23	0	3.1	24	17
1994-05-24	0	3.1	23	16
1994-05-25	0	1	25	17
1994-05-26	0	3	24	17
1994-05-27	0	2.7	23	16
1994-05-28	0	2.1	24	17
1994-05-29	0	1	23	17
1994-05-30	0	1.13	24	18
1994-05-31	NULO	NULO	24	18
1994-06-01	0	5.3	24	17
1994-06-02	0	5.02	25	16
1994-06-03	0	5.12	24	17
1994-06-04	0	4.9	25	18
1994-06-05	0	4.8	24	17
1994-06-06	0	5.06	23	19
1994-06-07	0	4.8	24	16
1994-06-08	0	2.1	23	18
1994-06-09	0.01	NULO	27	17
1994-06-10	20	NULO	25	16
1994-06-11	5	NULO	24	17
1994-06-12	0.01	NULO	23	12
1994-06-13	0	NULO	24	14
1994-06-14	NULO	NULO	NULO	NULO
1994-06-19	10	NULO	NULO	NULO
1994-06-20	10	NULO	25	14
1994-06-21	0	NULO	21	13
1994-06-22	0	NULO	24	16
1994-06-23	0	NULO	25	14
1994-06-24	0.01	NULO	26	16
1994-06-25	0	NULO	26	15
1994-06-26	0	NULO	24	14
1994-06-27	0	NULO	25	13
1994-06-28	0	NULO	27	16
1994-06-29	0	NULO	NULO	NULO
1994-07-12	40	NULO	NULO	NULO
1994-07-13	10	NULO	26	16
1994-07-14	0	NULO	25	15
1994-07-15	0	NULO	24	17
1994-07-16	0	NULO	23	16
1994-07-17	0.01	NULO	25	17
1994-07-18	0	NULO	24	11
1994-07-19	0	NULO	23	12
1994-07-20	0	NULO	25	16
1994-07-21	0	NULO	25	17
1994-07-22	0	NULO	24	16
1994-07-23	0	NULO	23	17
1994-07-24	0	NULO	24	18
1994-07-25	0	NULO	25	17
1994-07-26	0	NULO	24	17
1994-07-27	0	NULO	25	19
1994-07-28	0	NULO	27	14
1994-07-29	0	NULO	NULO	NULO
1994-08-01	0	1	24	16
1994-08-02	0	2	23	13
1994-08-03	0	2.49	24	14
1994-08-04	0	2.31	25	16
1994-08-05	0	0.1	24	14
1994-08-06	0	1.1	24	13
1994-08-07	20	1.34	23	14
1994-08-08	10	5.1	24	15
1994-08-09	40	3.53	24	14
1994-08-10	20	2.02	23	15
1994-08-11	10	NULO	22	13
1994-08-12	10	NULO	24	14
1994-08-13	5	NULO	23	13
1994-08-14	20	NULO	24	16
1994-08-15	20	NULO	24	12
1994-08-16	10	NULO	23	14
1994-08-17	7	NULO	23	13
1994-08-18	0.01	NULO	24	14
1994-08-19	0	NULO	23	12
1994-08-20	0	NULO	24	13
1994-08-21	0	NULO	23	14
1994-08-22	0	NULO	24	13
1994-08-23	0	NULO	23	14
1994-08-24	0	NULO	24	13
1994-08-25	0	NULO	23	14
1994-08-26	0	NULO	24	16
1994-08-27	40	NULO	23	15
1994-08-28	20	NULO	24	13
1994-08-29	20	NULO	24	14
1994-08-30	40	NULO	25	15
1994-08-31	NULO	NULO	23	16
1994-09-01	40	NULO	24	14
1994-09-02	20	NULO	25	14
1994-09-03	0.01	NULO	24	15
1994-09-04	0	NULO	25	13
1994-09-05	0	NULO	24	14
1994-09-06	0	NULO	23	17
1994-09-07	0	NULO	24	16
1994-09-08	0.01	NULO	24	17
1994-09-09	0	NULO	23	13
1994-09-10	0	NULO	24	14
1994-09-11	10	NULO	23	15
1994-09-12	20	NULO	25	13
1994-09-13	10	NULO	23	12
1994-09-14	20	NULO	24	14
1994-09-15	20	NULO	24	15
1994-09-16	40	NULO	23	14
1994-09-17	10	NULO	24	13
1994-09-18	0	NULO	23	14
1994-09-19	0.01	NULO	24	13
1994-09-20	0	NULO	23	12
1994-09-21	0	NULO	24	14
1994-09-22	0	NULO	24	16
1994-09-23	0	NULO	23	16
1994-09-24	20	NULO	24	16
1994-09-25	20	NULO	23	15
1994-09-26	10	NULO	25	13
1994-09-27	0.01	NULO	24	11
1994-09-28	0	NULO	23	13
1994-09-29	0	NULO	24	14
1994-09-30	0	NULO	22	16
1994-10-01	0	NULO	23	15
1994-10-02	0.01	4.8	24	13
1994-10-03	20	NULO	24	14
1994-10-04	60	NULO	23	13
1994-10-05	40	NULO	23	12
1994-10-06	20	NULO	24	11
1994-10-07	20	NULO	23	10
1994-10-08	2	NULO	23	13
1994-10-09	0.01	NULO	22	9
1994-10-10	0	NULO	24	8
1994-10-11	0	NULO	25	9
1994-10-12	0	NULO	24	7
1994-10-13	0	NULO	23	9
1994-10-14	0	NULO	24	8
1994-10-15	0	NULO	23	10
1994-10-16	0	NULO	24	13
1994-10-17	0	NULO	22	14
1994-10-18	0	NULO	21	13
1994-10-19	0	NULO	23	10
1994-10-20	0	NULO	24	9
1994-10-21	0	NULO	23	8
1994-10-22	10	NULO	23	7
1994-10-23	15	NULO	24	10
1994-10-24	10	NULO	24	12
1994-10-25	0.01	NULO	23	13
1994-10-26	0	NULO	24	14
1994-10-27	0	NULO	25	12
1994-10-28	0	NULO	24	13
1994-10-29	0	NULO	23	12
1994-10-30	0	NULO	24	12
1994-10-31	0	NULO	22	11
1994-11-01	0	4.1	24	10
1994-11-02	0	0.73	23	9
1994-11-03	0	4.87	24	7
1994-11-04	0	4.9	22	6
1994-11-05	0	0.4	24	6
1994-11-06	60	4.96	22	7
1994-11-07	0.01	0.8	24	5
1994-11-08	0	0.4	23	8
1994-11-09	0	0.7	24	7
1994-11-10	0	3.1	23	6
1994-11-11	0	2.1	24	5
1994-11-12	0	5.1	23	7
1994-11-13	0	2.94	24	9
1994-11-14	0	1.86	23	10
1994-11-15	0	0.8	24	11
1994-11-16	0	1.3	24	10
1994-11-17	0	2.5	23	11
1994-11-18	0	0.2	24	9
1994-11-19	0	0.5	23	7
1994-11-20	0	0.15	25	8
1994-11-21	0	0.2	24	7
1994-11-22	0	2.9	23	8
1994-11-23	0	3.1	22	11
1994-11-24	0	4.1	24	8
1994-11-25	0	6.4	23	7
1994-11-26	10	3.2	22	6
1994-11-27	9	4.1	24	6
1994-11-28	0.01	3.1	24	8
1994-11-29	0	NULO	23	9
1994-11-30	NULO	NULO	19	11
1994-12-01	0	NULO	24	8
1994-12-02	0	NULO	23	9
1994-12-03	20	NULO	24	7
1994-12-04	0.01	NULO	23	6
1994-12-05	0	NULO	24	7
1994-12-06	0	NULO	23	6
1994-12-07	0	NULO	24	8
1994-12-08	0	NULO	22	7
1994-12-09	0	NULO	21	5
1994-12-10	20	NULO	19	4
1994-12-11	10	NULO	20	4
1994-12-12	0.01	NULO	24	6
1994-12-13	0	NULO	25	7
1994-12-14	0	NULO	24	8
1994-12-15	0	NULO	21	6
1994-12-16	0	NULO	22	6
1994-12-17	0	NULO	21	5
1994-12-18	0	NULO	21	6
1994-12-19	0	NULO	23	7
1994-12-20	0	NULO	22	6
1994-12-21	0	NULO	23	7
1994-12-22	0	NULO	21	6
1994-12-23	0	NULO	22	7
1994-12-24	0	NULO	22	6
1994-12-25	0	NULO	20	5
1994-12-26	0	NULO	22	6
1994-12-27	0	NULO	21	6
1994-12-28	0	NULO	20	5
1994-12-29	0	NULO	21	4
1994-12-30	0	NULO	22	4
1994-12-31	0	NULO	20	5
1995-05-01	0	0.1	25	9
1995-05-02	0	0.3	24	14
1995-05-03	0	1.7	25	15
1995-05-04	0	0.1	23	14
1995-05-05	0	2.5	29	16
1995-05-06	0	2.1	25	14
1995-05-07	0	0.1	23	16
1995-05-08	0	0.1	24	15
1995-05-09	0	0.7	23	16
1995-05-10	0	0.5	24	15
1995-05-11	0	1.5	25	17
1995-05-12	0	1.2	23	16
1995-05-13	0	0.2	26	17
1995-05-14	0	3.2	24	14
1995-05-15	0	1.3	24	16
1995-05-16	0	5.2	23	17
1995-05-17	0	3.8	24	18
1995-05-18	0	6.1	25	16
1995-05-19	0	0.2	24	17
1995-05-20	0	9.7	23	17
1995-05-21	0.01	0.2	24	17
1995-05-22	0	3.3	23	18
1995-05-23	0	3.1	24	17
1995-05-24	0	3.1	23	16
1995-05-25	0	0.1	25	17
1995-05-26	0	0.3	27	17
1995-05-27	0	2.7	23	16
1995-05-28	0	2.1	24	17
1995-05-29	0	0.1	23	17
1995-05-30	0	11.3	24	18
1995-05-31	0	NULO	NULO	NULO
1995-08-01	0.01	2.03	26	17
1995-08-02	40	NULO	25	10
1995-08-03	10	NULO	24	14
1995-08-04	60	NULO	25	13
1995-08-05	20	NULO	24	17
1995-08-06	5	NULO	23	17
1995-08-07	0.01	5.4	24	18
1995-08-08	0	5.26	26	17
1995-08-09	0	3	24	17
1995-08-10	20	NULO	23	16
1995-08-11	10	NULO	24	16
1995-08-12	5	5.2	23	16
1995-08-13	0	NULO	25	15
1995-08-14	0	NULO	24	16
1995-08-15	0	NULO	23	16
1995-08-16	0	NULO	24	17
1995-08-17	0	NULO	25	15
1995-08-18	0	NULO	24	15
1995-08-19	60	NULO	23	10
1995-08-20	10	NULO	24	17
1995-08-21	0.01	NULO	23	16
1995-08-22	0	NULO	24	15
1995-08-23	0	NULO	23	18
1995-08-24	0	NULO	24	16
1995-08-25	0	NULO	23	16
1995-08-26	0	NULO	24	16
1995-08-27	0	NULO	25	16
1995-08-28	0	NULO	24	17
1995-08-29	0	NULO	24	16
1995-08-30	0	NULO	23	17
1995-08-31	0	NULO	24	16
1995-09-01	10	1.09	23	16
1995-09-02	0.01	1.3	25	17
1995-09-03	0	7.9	24	16
1995-09-04	10	1.8	23	18
1995-09-05	20	NULO	24	16
1995-09-06	40	NULO	24	15
1995-09-07	40	NULO	22	13
1995-09-08	0.01	NULO	24	16
1995-09-09	0	NULO	23	17
1995-09-10	0	2.7	24	18
1995-09-11	0	0.4	23	16
1995-09-12	5	0.41	24	15
1995-09-13	15	1.24	24	16
1995-09-14	10	0.8	25	17
1995-09-15	40	NULO	24	17
1995-09-16	0.01	NULO	24	10
1995-09-17	0	0.76	25	13
1995-09-18	0	0.1	25	14
1995-09-19	0	0.1	24	15
1995-09-20	40	NULO	25	17
1995-09-21	10	NULO	24	16
1995-09-22	7	NULO	23	15
1995-09-23	3	NULO	24	17
1995-09-24	0.01	NULO	23	16
1995-09-25	0	NULO	24	14
1995-09-26	0	NULO	23	13
1995-09-27	0	NULO	24	15
1995-09-28	0	NULO	25	15
1995-09-29	10	NULO	24	12
1995-09-30	0	NULO	24	14
1995-10-01	0.01	NULO	26	17
1995-10-02	0	NULO	25	18
1995-10-03	0	NULO	24	14
1995-10-04	0	NULO	24	13
1995-10-05	20	NULO	23	13
1995-10-06	40	NULO	24	11
1995-10-07	20	NULO	23	10
1995-10-08	5	NULO	23	11
1995-10-09	4	NULO	24	8
1995-10-10	0	NULO	23	9
1995-10-11	0	NULO	21	7
1995-10-12	0	NULO	22	8
1995-10-13	0	NULO	22	7
1995-10-14	0	NULO	24	8
1995-10-15	0	NULO	23	7
1995-10-16	0	NULO	24	7
1995-10-17	20	NULO	23	8
1995-10-18	10	NULO	24	7
1995-10-19	0.01	NULO	23	6
1995-10-20	0	NULO	24	7
1995-10-21	0	NULO	24	9
1995-10-22	0	NULO	23	6
1995-10-23	0	NULO	24	7
1995-10-24	0	NULO	23	8
1995-10-25	20	NULO	24	7
1995-10-26	5	NULO	23	6.6
1995-10-27	0.01	NULO	22	7
1995-10-28	0	NULO	24	6
1995-10-29	0	NULO	22	8
1995-10-30	0	NULO	24	7
1995-10-31	NULO	NULO	24	8
1995-12-01	40	9.55	21	11
1995-12-02	10	10.03	23	7
1995-12-03	9	8.77	24	8
1995-12-04	11	1.13	23	6
1995-12-05	10	10.04	24	7
1995-12-06	6	5.16	23	6
1995-12-07	0.01	0.1	22	5
1995-12-08	0	0.4	21	4
1995-12-09	0	0.2	23	7
1995-12-10	0	0.1	24	9
1995-12-11	0	2.7	23	10
1995-12-12	0	2.1	24	12
1995-12-13	0	1.3	22	13
1995-12-14	0	1.2	24	14
1995-12-15	0	2.4	23	13
1995-12-16	0	0.7	24	14
1995-12-17	0	0.1	24	13
1995-12-18	0	2.2	21	12
1995-12-19	0	2.1	22	9
1995-12-20	0	1.04	23	8
1995-12-21	0	2.01	24	6
1995-12-22	0	1.1	25	7
1995-12-23	0.01	1.08	23	8
1995-12-24	0	0.2	21	7
1995-12-25	0	0.5	23	6
1995-12-26	0	0.3	24	6
1995-12-27	0	0.2	23	7
1995-12-28	0	0.5	24	8
1995-12-29	0	0.5	23	8
1995-12-30	6	6.05	21	7
1995-12-31	NULO	NULO	23	8
1996-01-01	10	9.54	20	7
1996-01-02	20	12.46	21	6
1996-01-03	0.01	8.03	20	7
1996-01-04	0	0.12	22	6
1996-01-05	0	1.05	21	5
1996-01-06	0.01	0.9	20	5
1996-01-07	2	0.8	19	2
1996-01-08	0	0.1	18	3
1996-01-09	0	0.9	17	2
1996-01-10	0	0.3	19	1
1996-01-11	0	0.7	18	3
1996-01-12	0	0.1	18	2
1996-01-13	0.01	0.1	20	3
1996-01-14	0	3.9	21	4
1996-01-15	0	2.05	22	5
1996-01-16	0	0.65	22	6
1996-01-17	0	3.2	21	5
1996-01-18	0	0.1	20	6
1996-01-19	0	2.6	19	5
1996-01-20	0	0.1	20	4
1996-01-21	0	0.1	22	5
1996-01-22	0	0.98	23	7
1996-01-23	0	0.3	22	7
1996-01-24	0	2.2	23	6
1996-01-25	0	0.1	24	7
1996-01-26	0	0.5	21	8
1996-01-27	0	3.05	22	7
1996-01-28	0	10.15	26	9
1996-01-29	0	0.1	29	10
1996-01-30	0	0.1	24	9
1996-01-31	0	0.3	23	11
1996-02-01	0	0.3	24	8
1996-02-02	0	0.1	20	10
1996-02-03	0	2	16	6
1996-02-04	10	8.03	14	4
1996-02-05	5	4.77	16	3
1996-02-06	0	5.2	19	8
1996-02-07	11	1.05	17	6
1996-02-08	0	0.5	18	7
1996-02-09	0	0.5	18	9
1996-02-10	0	1.85	19	7
1996-02-11	0	1.9	21	6
1996-02-12	0	1.1	22	9
1996-02-13	0	0.1	20	11
1996-02-14	10	10	19	12
1996-02-15	7	7.15	21	13
1996-02-16	0.01	0.5	20	9
1996-02-17	0	1.4	21	7
1996-02-18	0	3.1	22	9
1996-02-19	0	0.1	23	8
1996-02-20	0	0.3	22	7
1996-02-21	0	0.2	23	6
1996-02-22	0	0.5	24	8
1996-02-23	0	0.1	21	9
1996-02-24	0	0.3	20	10
1996-02-25	0	0.7	20	9
1996-02-26	0	0.7	21	7
1996-02-27	0	3.7	20	6
1996-02-28	0	0.5	23	8
1996-02-29	0	0.25	23	9
1996-03-01	0	1.6	22	6
1996-03-02	0	3.3	24	8
1996-03-03	0	3.9	22	7
1996-03-04	0.01	4.5	24	6
1996-03-05	0	5.1	26	8
1996-03-06	0	2.1	21	13
1996-03-07	10	3.3	19	9
1996-03-08	0	2.5	20	7
1996-03-09	0	0.2	22	6
1996-03-10	0.01	2.2	20	5
1996-03-11	0	1.8	23	7
1996-03-12	0	6.3	23	7
1996-03-13	0	1.98	24	10
1996-03-14	0	0.86	23	12
1996-03-15	0	2.12	24	13
1996-03-16	0	1.95	23	15
1996-03-17	0	2.38	24	14
1996-03-18	11	1.85	22	16
1996-03-19	0.01	2.1	23	14
1996-03-20	0	2.77	24	14
1996-03-21	0	2.7	24	15
1996-03-22	0	2.14	23	14
1996-03-23	0	2.1	24	16
1996-03-24	0	1.92	23	16
1996-03-25	0	2.6	24	16
1996-03-26	0	2.8	23	16
1996-03-27	0	2.98	24	16
1996-03-28	0	2.13	23	16
1996-03-29	0	3.36	24	15
1996-03-30	0	4.3	27	16
1996-03-31	0	2.5	24	16
1996-04-01	0	4.26	24	13
1996-04-02	0	4.71	26	11
1996-04-03	0	4.06	24	16
1996-04-04	0	3.42	23	17
1996-04-05	0	4.35	24	17
1996-04-06	0	2.83	21	15
1996-04-07	0	4.15	23	11
1996-04-08	0	4.79	24	13
1996-04-09	0	5.1	23	15
1996-04-10	0	4.1	24	11
1996-04-11	0	5.4	24	12
1996-04-12	0	4.36	24	9
1996-04-13	0	3.91	23	12
1996-04-14	21	6.55	24	14
1996-04-15	0.01	5.2	25	14
1996-04-16	0	4.15	24	13
1996-04-17	40	5.82	25	14
1996-04-18	30	4.64	24	16
1996-04-19	0.01	2.1	23	16
1996-04-20	0	3.75	24	15
1996-04-21	20	4.97	23	16
1996-04-22	100	5.72	24	14
1996-04-23	0.01	NULO	23	16
1996-04-24	0	NULO	24	14
1996-04-25	0	NULO	23	16
1996-04-26	0	1.9	24	15
1996-04-27	0	2.6	23	16
1996-04-28	0	NULO	24	10
1996-04-29	0	1.8	23	16
1996-04-30	0	NULO	20	13
1996-05-01	0	2.6	23	11
1996-05-02	0	2.4	24	14
1996-05-03	0	5.03	25	12
1996-05-04	0	0.17	24	11
1996-05-05	0	NULO	23	12
1996-05-06	0	NULO	24	12
1996-05-07	20	NULO	23	11
1996-05-08	0.01	NULO	24	10
1996-05-09	0	NULO	25	11
1996-05-10	0	NULO	23	13
1996-05-11	35	NULO	24	14
1996-05-12	0.01	NULO	25	17
1996-05-13	0	NULO	24	15
1996-05-14	0	NULO	23	13
1996-05-15	0	NULO	24	12
1996-05-16	0	NULO	23	16
1996-05-17	0	NULO	24	14
1996-05-18	0	NULO	23	13
1996-05-19	20	NULO	24	11
1996-05-20	0.01	NULO	25	13
1996-05-21	0	NULO	24	14
1996-05-22	0	NULO	23	16
1996-05-23	0	NULO	24	12
1996-05-24	0	NULO	25	13
1996-05-25	0	NULO	24	16
1996-05-26	5	NULO	25	13
1996-05-27	2	NULO	24	15
1996-05-28	0	NULO	25	14
1996-05-29	60	NULO	27	13
1996-05-30	0	NULO	24	16
1996-05-31	0	NULO	23	10
1996-06-01	0	NULO	24	17
1996-06-02	0	NULO	25	15
1996-06-03	0	NULO	24	16
1996-06-04	0	NULO	25	14
1996-06-05	0	NULO	24	16
1996-06-06	0	NULO	23	15
1996-06-07	0	NULO	24	13
1996-06-08	0	NULO	25	13
1996-06-09	0	NULO	24	12
1996-06-10	0	NULO	23	13
1996-06-11	0	NULO	24	11
1996-06-12	20	NULO	25	14
1996-06-13	10	NULO	24	11
1996-06-14	0.01	NULO	22	13
1996-06-15	0	NULO	23	17
1996-06-16	0	NULO	24	15
1996-06-17	0	NULO	24	16
1996-06-18	0	NULO	23	11
1996-06-19	0	NULO	24	13
1996-06-20	0	NULO	23	11
1996-06-21	0	NULO	25	11
1996-06-22	20	NULO	23	16
1996-06-23	40	NULO	24	15
1996-06-24	10	NULO	23	13
1996-06-25	40	NULO	24	14
1996-06-26	40	NULO	24	16
1996-06-27	0.01	NULO	23	17
1996-06-28	0	NULO	24	15
1996-06-29	0	NULO	25	17
1996-06-30	0	NULO	24	16
1996-07-01	0	NULO	23	13
1996-07-02	0.01	NULO	25	14
1996-07-03	20	NULO	24	13
1996-07-04	10	NULO	25	14
1996-07-05	0.01	NULO	24	15
1996-07-06	0	NULO	23	16
1996-07-07	0	NULO	25	16
1996-07-08	120	NULO	26	14
1996-07-09	0.01	NULO	27	15
1996-07-10	0	NULO	26	17
1996-07-11	0	NULO	24	16
1996-07-12	0	NULO	26	15
1996-07-13	0	NULO	24	17
1996-07-14	0	NULO	25	16
1996-07-15	0	NULO	24	14
1996-07-16	0	NULO	23	16
1996-07-17	0	NULO	24	16
1996-07-18	0	NULO	24	16
1996-07-19	0	NULO	25	15
1996-07-20	0	NULO	24	14
1996-07-21	0	NULO	23	16
1996-07-22	0	NULO	24	14
1996-07-23	20	NULO	25	14
1996-07-24	0.01	NULO	23	14
1996-07-25	0	NULO	25	13
1996-07-26	10	NULO	24	13
1996-07-27	0	NULO	23	14
1996-07-28	20	NULO	24	13
1996-07-29	0.01	NULO	25	14
1996-07-30	0	NULO	23	13
1996-07-31	0	NULO	24	11
1996-08-01	10	NULO	23	13
1996-08-02	0.01	NULO	24	14
1996-08-03	0	NULO	23	13
1996-08-04	0	NULO	24	11
1996-08-05	0	NULO	23	9
1996-08-06	0	NULO	25	11
1996-08-07	0	NULO	24	10
1996-08-08	20	NULO	24	13
1996-08-09	60	NULO	23	14
1996-08-10	40	NULO	22	13
1996-08-11	0.01	NULO	24	11
1996-08-12	30	NULO	23	15
1996-08-13	0.01	NULO	23	13
1996-08-14	7	NULO	24	10
1996-08-15	10	NULO	23	12
1996-08-16	0.01	NULO	21	12
1996-08-17	0	NULO	23	10
1996-08-18	0	NULO	23	12
1996-08-19	0	NULO	23	10
1996-08-20	0	NULO	24	10
1996-08-21	0	NULO	23	11
1996-08-22	60	NULO	24	14
1996-08-23	80	NULO	23	11
1996-08-24	60	NULO	24	14
1996-08-25	40	NULO	23	13
1996-08-26	6	NULO	24	11
1996-08-27	0.01	NULO	23	14
1996-08-28	0	NULO	24	13
1996-08-29	0	NULO	23	13
1996-08-30	0	NULO	24	13
1996-08-31	0	NULO	23	13
1996-09-01	0	NULO	24	13
1996-09-02	20	NULO	22	15
1996-09-03	20	NULO	23	12
1996-09-04	90	NULO	24	13
1996-09-05	0.01	NULO	23	14
1996-09-06	0	NULO	22	13
1996-09-07	0	NULO	24	12
1996-09-08	4	NULO	23	13
1996-09-09	10	NULO	22	12
1996-09-10	5	NULO	24	13
1996-09-11	10	NULO	24	11
1996-09-12	0.01	NULO	23	11
1996-09-13	0	NULO	24	10
1996-09-14	0	NULO	23	13
1996-09-15	0	NULO	24	14
1996-09-16	0	NULO	23	15
1996-09-17	0	NULO	24	13
1996-09-18	10	NULO	23	14
1996-09-19	10	NULO	24	15
1996-09-20	0.01	NULO	23	17
1996-09-21	20	NULO	24	15
1996-09-22	20	NULO	24	14
1996-09-23	5	NULO	23	11
1996-09-24	0.01	NULO	24	13
1996-09-25	0	NULO	23	14
1996-09-26	0	NULO	24	16
1996-09-27	0	NULO	23	13
1996-09-28	0	NULO	24	14
1996-09-29	20	NULO	23	15
1996-09-30	0	NULO	25	13
1996-10-01	20	NULO	20	14
1996-10-02	0.01	NULO	23	11
1996-10-03	42	NULO	20	14
1996-10-04	18	NULO	21	10
1996-10-05	0.01	NULO	20	9
1996-10-06	3	NULO	22	8
1996-10-07	0	NULO	23	9
1996-10-08	0	NULO	22	10
1996-10-09	0	NULO	21	11
1996-10-10	0.01	NULO	22	11
1996-10-11	5	NULO	20	11
1996-10-12	10	NULO	24	9
1996-10-13	0.01	NULO	23	8
1996-10-14	0	NULO	24	7
1996-10-15	0	NULO	23	9
1996-10-16	0	NULO	24	8
1996-10-17	0	NULO	22	9
1996-10-18	0	NULO	23	7
1996-10-19	0	NULO	22	9
1996-10-20	0	NULO	23	10
1996-10-21	0	NULO	24	11
1996-10-22	0	NULO	23	11
1996-10-23	0	NULO	24	10
1996-10-24	0	NULO	23	10
1996-10-25	0	NULO	24	9
1996-10-26	0	NULO	23	9
1996-10-27	0	NULO	23	7
1996-10-28	0	NULO	22	9
1996-10-29	0	NULO	23	8
1996-10-30	0	NULO	23	9
1996-10-31	0	NULO	24	7
1996-11-01	0	NULO	23	12
1996-11-02	0	NULO	24	13
1996-11-03	0	NULO	25	12
1996-11-04	0	NULO	24	13
1996-11-05	0	NULO	23	11
1996-11-06	0	NULO	22	10
1996-11-07	0	NULO	23	12
1996-11-08	0	NULO	24	13
1996-11-09	20	NULO	23	10
1996-11-10	0.01	NULO	22	10
1996-11-11	0	NULO	23	9
1996-11-12	0	NULO	22	8
1996-11-13	60	NULO	23	10
1996-11-14	60	NULO	24	9
1996-11-15	0.01	NULO	23	10
1996-11-16	0	NULO	22	11
1996-11-17	0	NULO	23	10
1996-11-18	0	NULO	24	13
1996-11-19	0	NULO	23	13
1996-11-20	0	NULO	24	14
1996-11-21	0	NULO	23	13
1996-11-22	0	NULO	22	12
1996-11-23	0	NULO	23	12
1996-11-24	0	NULO	22	12
1996-11-25	20	NULO	21	11
1996-11-26	0.01	NULO	22	12
1996-11-27	0	NULO	23	11
1996-11-28	0	NULO	24	12
1996-11-29	0	NULO	23	11
1996-11-30	0	NULO	24	12
1996-12-01	0	NULO	24	13
1996-12-02	0	NULO	23	15
1996-12-03	0	NULO	23	17
1996-12-04	0	NULO	24	16
1996-12-05	20	NULO	21	16
1996-12-06	20	NULO	23	7
1996-12-07	40	NULO	23	8
1996-12-08	60	NULO	22	8
1996-12-09	80	NULO	19	7
1996-12-10	76	NULO	17	5
1996-12-11	40	NULO	19	5
1996-12-12	0.01	NULO	20	6
1996-12-13	0	NULO	21	7
1996-12-14	0	NULO	20	8
1996-12-15	0	NULO	22	7
1996-12-16	0	NULO	23	9
1996-12-17	0	NULO	21	7
1996-12-18	0	NULO	22	6
1996-12-19	0	NULO	20	5
1996-12-20	0	NULO	20	6
1996-12-21	0	NULO	29	5
1996-12-22	10	NULO	17	4
1996-12-23	0.01	NULO	17	2
1996-12-24	0	NULO	20	1
1996-12-25	0	NULO	21	4
1996-12-26	4	NULO	22	5
1996-12-27	0.01	NULO	21	7
1996-12-28	0	NULO	27	6
1996-12-29	0	NULO	21	5
1996-12-30	0	NULO	27	4
1996-12-31	0	NULO	24	6
1997-01-01	0	NULO	16	7
1997-01-02	0	NULO	18	6
1997-01-03	0	NULO	17	6
1997-01-04	0	NULO	16	5
1997-01-05	0	NULO	15	6
1997-01-06	0	NULO	13	5
1997-01-07	0	NULO	14	6
1997-01-08	0	NULO	16	7
1997-01-09	0	NULO	17	5
1997-01-10	0	NULO	20	5
1997-01-11	0	NULO	20	6
1997-01-12	0	NULO	21	7
1997-01-13	0.01	NULO	17	7
1997-01-14	0	NULO	11	0.5
1997-01-15	0	NULO	14	4
1997-01-16	0	NULO	15	1
1997-01-17	0	NULO	16	4
1997-01-18	0	NULO	19	3
1997-01-19	0	NULO	20	4
1997-01-20	4	NULO	17	3
1997-01-21	0	NULO	NULO	NULO
1997-02-01	0	NULO	23	10
1997-02-02	0.01	NULO	21	11
1997-02-03	0	NULO	22	9
1997-02-04	0	NULO	21	7
1997-02-05	0	NULO	22	8
1997-02-06	0	NULO	23	9
1997-02-07	0.01	NULO	21	7
1997-02-08	20	NULO	20	8
1997-02-09	10	NULO	21	7
1997-02-10	0.01	NULO	20	8
1997-02-11	0	NULO	17	7
1997-02-12	0	NULO	16	8
1997-02-13	0.01	NULO	20	7
1997-02-14	10	NULO	23	8
1997-02-15	3	NULO	21	6
1997-02-16	0	NULO	20	7
1997-02-17	0.01	NULO	22	8
1997-02-18	0	NULO	21	9
1997-02-19	0	NULO	20	8
1997-02-20	0	NULO	21	7
1997-02-21	0.01	NULO	20	8
1997-02-22	20	NULO	21	6
1997-02-23	15	NULO	24	6
1997-02-24	17	NULO	23	7
1997-02-25	0.01	NULO	24	8
1997-02-26	0	NULO	23	7
1997-02-27	0	NULO	22	8
1997-02-28	0	NULO	24	9
1997-03-01	0	NULO	24	7
1997-03-02	0	NULO	23	8
1997-03-03	0	NULO	23	5
1997-03-04	0	NULO	24	7
1997-03-05	20	NULO	21	8
1997-03-06	8	NULO	10	6
1997-03-07	2	NULO	11	6
1997-03-08	0	NULO	10	5
1997-03-09	0.01	NULO	17	5
1997-03-10	0	NULO	19	6
1997-03-11	0	NULO	20	5
1997-03-12	0	NULO	22	6
1997-03-13	0	NULO	21	7
1997-03-14	0	NULO	20	7
1997-03-15	10	NULO	23	8
1997-03-16	20	NULO	29	10
1997-03-17	10	NULO	23	9
1997-03-18	20	NULO	21	8
1997-03-19	20	NULO	20	9
1997-03-20	5	NULO	22	5
1997-03-21	0.01	NULO	23	7
1997-03-22	0	NULO	24	9
1997-03-23	0	NULO	24	5
1997-03-24	0	NULO	25	7
1997-03-25	20	NULO	25	8
1997-03-26	0.01	NULO	24	11
1997-03-27	0	NULO	25	10
1997-03-28	0	NULO	25	12
1997-03-29	0	NULO	24	10
1997-03-30	20	NULO	23	7
1997-03-31	0.01	NULO	24	6
1997-04-01	0	NULO	23	8
1997-04-02	0	NULO	24	9
1997-04-03	1	NULO	25	11
1997-04-04	0	NULO	24	13
1997-04-05	0	NULO	25	10
1997-04-06	0	NULO	23	12
1997-04-07	20	NULO	19	10
1997-04-08	10	NULO	20	6
1997-04-09	0.01	NULO	21	7
1997-04-10	0	NULO	20	8
1997-04-11	0	NULO	20	6
1997-04-12	0	NULO	19	5
1997-04-13	9	NULO	20	4
1997-04-14	0.01	NULO	20	3
1997-04-15	10	NULO	19	4
1997-04-16	20	NULO	16	5
1997-04-17	20	NULO	15	4
1997-04-18	0.01	NULO	13	5
1997-04-19	0	NULO	20	7
1997-04-20	0	NULO	24	9
1997-04-21	0	NULO	26	8
1997-04-22	0	NULO	24	14
1997-04-23	3	NULO	24	9
1997-04-24	0	NULO	25	8
1997-04-25	0	NULO	24	10
1997-04-26	0	NULO	24	9
1997-04-27	0	NULO	23	6
1997-04-28	0	NULO	25	8
1997-04-29	20	NULO	23	7
1997-05-01	0.01	NULO	24	10
1997-05-02	0	NULO	24	10
1997-05-03	NULO	NULO	NULO	NULO
1997-05-07	65	NULO	NULO	NULO
1997-05-08	NULO	NULO	NULO	NULO
1997-05-14	0.01	NULO	NULO	NULO
1997-05-15	0	NULO	23	9
1997-05-16	0	NULO	24	9
1997-05-17	6	NULO	25	9
1997-05-18	0	NULO	26	12
1997-05-19	0	NULO	24	10
1997-05-20	0	NULO	23	11
1997-05-21	0	NULO	24	10
1997-05-22	0	NULO	24	10
1997-05-23	0	NULO	23	11
1997-05-24	NULO	NULO	21	10
1997-05-26	0	NULO	NULO	NULO
1997-05-27	15	NULO	26	16
1997-05-28	0	NULO	23	14
1997-05-29	NULO	NULO	NULO	NULO
1997-06-10	0	NULO	NULO	NULO
1997-06-11	NULO	NULO	NULO	NULO
1997-06-12	0	NULO	NULO	NULO
1997-06-13	NULO	NULO	NULO	NULO
1997-06-16	0	NULO	NULO	NULO
1997-06-17	20	NULO	25	12
1997-06-18	0	NULO	NULO	NULO
1997-06-19	0	NULO	NULO	NULO
1997-06-20	0	NULO	25	11
1997-06-21	0	NULO	26	10
1997-06-22	30	NULO	24	13
1997-06-23	7	NULO	20	14
1997-06-24	20	NULO	NULO	NULO
1997-06-25	25	NULO	21	8
1997-06-26	0.01	NULO	NULO	NULO
1997-06-28	0.01	NULO	25	3
1997-06-29	0	NULO	25	10
1997-06-30	NULO	NULO	NULO	NULO
1997-07-01	0	NULO	24	11
1997-07-02	20	NULO	23	10
1997-07-03	0.01	NULO	24	9
1997-07-04	0	NULO	25	10
1997-07-05	0	NULO	24	11
1997-07-06	0.01	NULO	24	12
1997-07-07	0	NULO	23	10
1997-07-08	0	NULO	24	12
1997-07-09	0	NULO	25	11
1997-07-10	0	NULO	24	12
1997-07-11	60	NULO	25	13
1997-07-12	0.01	NULO	24	11
1997-07-13	0	NULO	24	12
1997-07-14	0	NULO	25	10
1997-07-15	0	NULO	24	12
1997-07-16	0	NULO	23	9
1997-07-17	0	NULO	24	8
1997-07-18	0	NULO	25	9
1997-07-19	0	NULO	24	9
1997-07-20	0	NULO	25	12
1997-07-21	0	NULO	24	11
1997-07-22	0	NULO	25	10
1997-07-23	0	NULO	29	12
1997-07-24	0	NULO	27	12
1997-07-25	20	NULO	26	16
1997-07-26	0.01	NULO	26	12
1997-07-27	0	NULO	25	13
1997-07-28	0	NULO	27	10
1997-07-29	0	NULO	26	10
1997-07-30	0	NULO	24	12
1997-07-31	0	NULO	25	13
1997-09-01	0	NULO	23	9
1997-09-02	9	NULO	24	10
1997-09-03	15	NULO	23	9
1997-09-04	10	NULO	24	8
1997-09-05	20	NULO	23	9
1997-09-06	0.01	NULO	24	11
1997-09-07	0	NULO	23	10
1997-09-08	20	NULO	25	9
1997-09-09	0.01	NULO	26	10
1997-09-10	15	NULO	25	9
1997-09-11	17	NULO	26	8
1997-09-12	0.01	NULO	25	9
1997-09-13	0	NULO	24	10
1997-09-14	5	NULO	26	11
1997-09-15	10	NULO	24	11
1997-09-16	0.01	NULO	25	10
1997-09-17	1	NULO	24	8
1997-09-18	15	NULO	24	9
1997-09-19	17	NULO	27	8
1997-09-20	0	NULO	24	9
1997-09-21	0.01	NULO	25	8
1997-09-22	0	NULO	24	10
1997-09-23	0	NULO	24	9
1997-09-24	0	NULO	23	11
1997-09-25	0	NULO	24	12
1997-09-26	0	NULO	25	11
1997-09-27	0	NULO	29	12
1997-09-28	0	NULO	25	10
1997-09-29	0	NULO	29	9
1997-09-30	0	NULO	25	11
1997-10-01	0.01	NULO	24	10
1997-10-02	20	NULO	25	10
1997-10-03	0	NULO	24	9
1997-10-04	0	NULO	23	10
1997-10-05	0.01	NULO	25	11
1997-10-06	10	NULO	20	7
1997-10-07	18	NULO	21	6
1997-10-08	20	NULO	23	7
1997-10-09	105	NULO	19	8
1997-10-10	18	NULO	20	7
1997-10-11	10	NULO	22	9
1997-10-12	20	NULO	21	7
1997-10-13	20	NULO	15	8
1997-10-14	0.01	NULO	10	4
1997-10-15	0	NULO	13	3
1997-10-16	0	NULO	11	3
1997-10-17	0	NULO	20	3
1997-10-18	0	NULO	24	2
1997-10-19	0	NULO	24	3
1997-10-20	0	NULO	20	5
1997-10-21	0	NULO	25	3
1997-10-22	0	NULO	24	5
1997-10-23	0	NULO	23	6
1997-10-24	0	NULO	25	7
1997-10-25	0	NULO	24	8
1997-10-26	7	NULO	20	9
1997-10-27	0.01	NULO	27	2
1997-10-28	0	NULO	24	5
1997-10-29	0	NULO	25	4
1997-10-30	0	NULO	24	6
1997-10-31	0	NULO	23	3
1997-11-01	0	NULO	24	6
1997-11-02	0	NULO	23	5
1997-11-03	0	NULO	23	7
1997-11-04	20	NULO	24	8
1997-11-05	0.01	NULO	25	7
1997-11-06	0	NULO	24	9
1997-11-07	0	NULO	23	8
1997-11-08	0	NULO	24	9
1997-11-09	0.01	NULO	21	7
1997-11-10	20	NULO	24	8
1997-11-11	0.01	NULO	23	6
1997-11-12	0	NULO	25	7
1997-11-13	0	NULO	24	9
1997-11-14	0	NULO	25	7
1997-11-15	0	NULO	23	6
1997-11-16	10	NULO	24	4
1997-11-17	0.01	NULO	20	3
1997-11-18	2	NULO	18	5
1997-11-19	0	NULO	20	7
1997-11-20	0	NULO	24	5
1997-11-21	0	NULO	25	7
1997-11-22	0	NULO	24	8
1997-11-23	0	NULO	23	7
1997-11-24	30	NULO	20	6
1997-11-25	0.01	NULO	21	4
1997-11-26	0	NULO	23	6
1997-11-27	0	NULO	24	5
1997-11-28	0	NULO	24	4
1997-11-29	0	NULO	23	6
1997-11-30	0	NULO	23	5
1997-12-01	0	NULO	24	8
1997-12-02	0	NULO	25	6
1997-12-03	0	NULO	23	7
1997-12-04	0	NULO	22	6
1997-12-05	10	NULO	21	5
1997-12-06	0.01	NULO	22	3
1997-12-07	0	NULO	24	4
1997-12-08	0	NULO	26	5
1997-12-09	0	NULO	27	4
1997-12-10	0.01	NULO	17	7
1997-12-11	0	NULO	10	0
1997-12-12	20	NULO	12	4
1997-12-13	10	NULO	14	-2
1997-12-14	0.01	NULO	18	-5
1997-12-15	0	NULO	19	3
1997-12-16	0	NULO	21	4
1997-12-17	0	NULO	22	3
1997-12-18	0	NULO	24	4
1997-12-19	0	NULO	23	6
1997-12-20	0	NULO	24	3
1997-12-21	0	NULO	22	4
1997-12-22	0	NULO	21	3
1997-12-23	0	NULO	20	4
1997-12-24	0	NULO	19	3
1997-12-25	0.01	NULO	17	2
1997-12-26	0	NULO	16	1
1997-12-27	0	NULO	19	2
1997-12-28	10	NULO	20	3
1997-12-29	0	NULO	21	4
1997-12-30	0	NULO	22	4
1997-12-31	0	NULO	23	3
