COMISIÓN NACIONAL DEL AGUA
COORDINACIÓN GENERAL DEL SERVICIO METEOROLÓGICO NACIONAL
BASE DE DATOS CLIMATOLÓGICA NACIONAL 

REGISTRO DIARIO HISTÓRICO
EMISIÓN   : 11/09/2026 

DATOS DISPONIBLES EN LA BASE DE DATOS A: SEPTEMBER DE 2026; 
CON LA INFORMACIÓN SUMINISTRADA POR LAS UNIDADES ADMINISTRATIVAS 

 ESTACIÓN   : 13106 
 NOMBRE     : AJACUBA (SMN) 
 ESTADO     : HIDALGO 
 MUNICIPIO  : AJACUBA 
 SITUACIÓN  : SUSPENDIDA 
 U. ADMNVA. : ORGANISMO DE CUENCA AGUAS DEL VALLE DE MÉXICO 
 CVE-OMM    :   
 LATITUD    : 20.08944444 ° 
 LONGITUD   : -99.11638889 ° 
 ALTITUD    : 2160 msnm 




FECHA		PRECIP	EVAP	TMAX	TMIN
		(mm)	(mm)	(°C )	(°C)
1977-04-01	0	7.6	32.2	10.2
1977-04-02	0	7.2	34.5	10.1
1977-04-03	0	8.5	33.5	9.5
1977-04-04	0	7.8	33.5	8.5
1977-04-05	0	4.8	18.5	6.3
1977-04-06	0	7.6	21.5	6.5
1977-04-07	0	5.5	23.5	3.2
1977-04-08	0	5.6	29.5	3.2
1977-04-09	0	6.2	23.5	8.5
1977-04-10	0	6.1	23.5	2.5
1977-04-11	0	2.6	23.4	4.3
1977-04-12	15.5	4.2	23.3	5.5
1977-04-13	0	0.4	23.4	5.5
1977-04-14	0	10	23.4	4.4
1977-04-15	0	6.8	23.2	5.5
1977-04-16	0	7.1	26.5	5.5
1977-04-17	0	7.1	26.4	5.5
1977-04-18	0	7.1	28.5	5.5
1977-04-19	0	0.4	14.5	5.5
1977-04-20	1	5.3	28.5	5.5
1977-04-21	0	5.2	28.5	5.5
1977-04-22	0	4.7	27.4	7.5
1977-04-23	0	5.7	28.5	7.5
1977-04-24	0	4.7	27.4	7.5
1977-04-25	6	5.6	27.4	7.5
1977-04-26	0	3.6	27.4	7.5
1977-04-27	0	6.6	27.4	8.5
1977-04-28	0	5.1	27.4	8.5
1977-04-29	0	9.9	27.2	8.5
1977-04-30	0	NULO	34.5	8.5
1977-05-01	0	2.2	28.4	8.5
1977-05-02	0	6.7	27.5	8.5
1977-05-03	0	4.4	27.4	7.3
1977-05-04	0	6.6	28.4	7.4
1977-05-05	0	6.4	30.4	14.5
1977-05-06	0	8.6	30.4	13.4
1977-05-07	0	7.9	31.5	14.5
1977-05-08	0	0.8	31.5	14.5
1977-05-09	0	0.5	31.5	14.5
1977-05-10	0	5.8	27.3	14.2
1977-05-11	0	6.5	28.4	10.4
1977-05-12	1	4	29.5	10.4
1977-05-13	3.1	3.3	29.5	10.3
1977-05-14	1	5.8	28.4	10.4
1977-05-15	0	7.2	28.4	10.3
1977-05-16	0	3.3	28.4	10.2
1977-05-17	0	7	29.5	10.3
1977-05-18	0	5.1	28.4	10.4
1977-05-19	0	7.6	29.5	10.2
1977-05-20	1	3.3	29.2	10.2
1977-05-21	0	7.9	29.3	10.4
1977-05-22	0	8.1	29.3	10.4
1977-05-23	0	3.3	29.3	10.4
1977-05-24	0	6.2	29.2	10.4
1977-05-25	0	7.1	29.2	12.5
1977-05-26	0	5.5	29.5	11.4
1977-05-27	0	7.6	29.5	11.4
1977-05-28	0	6.7	29.2	11.4
1977-05-29	0	6.3	29.3	11.3
1977-05-30	0	4.1	29.5	11.4
1977-05-31	0	0.1	29.2	11.3
1977-06-01	0	8.9	29.5	11.3
1977-06-02	0	7.8	29.2	11.3
1977-06-03	0	5.7	29.5	11.3
1977-06-04	0	8.6	29.5	11.4
1977-06-05	0	4.1	29.5	11.3
1977-06-06	0	8.1	29.2	11.3
1977-06-07	0	6.4	29.5	10.5
1977-06-08	0	3.3	29.5	10.5
1977-06-09	0	5.8	29.5	10.5
1977-06-10	0	5.3	29.5	10.5
1977-06-11	4	5.4	29.5	10.5
1977-06-12	0	4.9	28.4	10.5
1977-06-13	0	3.5	29.5	9.4
1977-06-14	0	6.1	28.4	13.5
1977-06-15	2.1	0.6	28.4	10.5
1977-06-16	6	4	28.4	10.5
1977-06-17	0	4.8	29.5	10.5
1977-06-18	0	7.4	28.3	10.5
1977-06-19	6	6.7	28.3	12.2
1977-06-20	2.8	4.7	28.4	11.2
1977-06-21	3	0.7	27.3	12.5
1977-06-22	3.6	0.2	28.3	12.5
1977-06-23	5	1.4	28.3	12.5
1977-06-24	0	6.8	27.3	12.5
1977-06-25	0	4.5	28.2	12.2
1977-06-26	0	8.5	28.3	12.2
1977-06-27	0	3.3	28.4	12.2
1977-06-28	0	3.6	27.5	12.2
1977-06-29	0	6.4	22.5	13.3
1977-06-30	0	3.4	27.5	15.1
1977-07-01	0	5.1	27.5	15.2
1977-07-02	0	4.8	26.4	14.5
1977-07-03	0	9.8	26.3	14.5
1977-07-04	0	3	27.4	15.2
1977-07-05	0	7.8	26.4	15.2
1977-07-06	0	5.4	25.5	14.4
1977-07-07	2.9	4.6	25.1	12.2
1977-07-08	8	8.3	25.5	12.5
1977-07-09	0	3.9	25.2	12.2
1977-07-10	0	2.1	25.5	12.3
1977-07-11	1	3.6	28.2	13.3
1977-07-12	0	1.1	28.5	13.5
1977-07-13	0	6.3	28.5	12.3
1977-07-14	0	4.1	28.5	14.2
1977-07-15	0	6.2	30.3	14.3
1977-07-16	0	1.9	30.4	14.2
1977-07-17	0	7.1	30.2	14.5
1977-07-18	0	4.2	29.4	15.5
1977-07-19	3.5	1.3	29.4	14.5
1977-07-20	0	4.6	29.3	14.3
1977-07-21	0	7.2	30.3	15.4
1977-07-22	0	6.2	30.4	13.4
1977-07-23	0	6.9	25.3	15.3
1977-07-24	6	2.7	33.4	14.4
1977-07-25	5.5	8.5	34.5	16.2
1977-07-26	0	2.9	34.5	14.2
1977-07-27	0	2.1	30.4	13.4
1977-07-28	0	9.4	31.5	16.5
1977-07-29	0	2.8	31.5	14.2
1977-07-30	0	8.1	30.4	14.3
1977-07-31	5	1.9	30.5	15.2
1977-08-01	0	4.3	28.2	15.5
1977-08-02	0	4.7	28.2	12.2
1977-08-03	0	7.6	28.2	14.5
1977-08-04	0	6.9	28.3	13.3
1977-08-05	0	5.3	28.2	14.5
1977-08-06	0	5.1	28.5	13.5
1977-08-07	0	0.1	28.2	13.5
1977-08-08	0	5.8	30.5	13.5
1977-08-09	3	1.1	31.5	14.3
1977-08-10	0	7.2	35.2	13.4
1977-08-11	11	4.3	30.5	14.2
1977-08-12	0	4.4	38.2	14.2
1977-08-13	11.5	4.1	38.2	15.4
1977-08-14	4	3	38.5	15.4
1977-08-15	0	1.8	36.4	14.2
1977-08-16	0	4.7	36.4	12.2
1977-08-17	0	7	36.4	12.2
1977-08-18	0	5.6	36.5	13.5
1977-08-19	0	4	36.2	13.2
1977-08-20	0	3.4	36.5	14.5
1977-08-21	0	3	36.5	15.5
1977-08-22	0	4.9	35.5	13.5
1977-08-23	0	6.1	34.4	13.2
1977-08-24	0	7.5	34.4	13.4
1977-08-25	0	4	34.3	14.2
1977-08-26	0	5.7	34.5	12.2
1977-08-27	0	2.7	34.3	13.3
1977-08-28	7.5	6.8	35.5	12.5
1977-08-29	18	1.8	33.3	14.4
1977-08-30	6	4.1	33.5	13.4
1977-08-31	4	5.2	33.5	14.5
1977-09-01	1	2.9	33.3	14.5
1977-09-02	16.5	2.9	32.2	14.5
1977-09-03	0	3.4	32.2	13.2
1977-09-04	0	4.5	30.2	14.4
1977-09-05	0	5.7	30.2	17.5
1977-09-06	0	5.2	30.2	14.2
1977-09-07	1	2.8	33.2	13.4
1977-09-08	0	5	33.5	13.4
1977-09-09	0	4	33.2	14.3
1977-09-10	0	2.7	33.2	13.3
1977-09-11	8.5	4.2	33.5	13.3
1977-09-12	1.5	3.8	33.5	13.3
1977-09-13	0	5.3	33.5	13.3
1977-09-14	0	7.2	33.5	11.2
1977-09-15	0	5.8	33.5	12.2
1977-09-16	0	4.3	33.2	14.2
1977-09-17	0	5	30.3	13.5
1977-09-18	0	3.4	30.3	12.4
1977-09-19	0	4	30.5	12.4
1977-09-20	0	5.2	29.4	13.4
1977-09-21	0	5.6	29.3	10.4
1977-09-22	0	4.8	29.3	10.4
1977-09-23	8	1.8	29.2	11.5
1977-09-24	1	4	28.2	10.4
1977-09-25	0	4.9	28.3	11.3
1977-09-26	0	8.2	28.3	11.5
1977-09-27	0	4.8	28.4	11.2
1977-09-28	0	5.2	28.3	11.5
1977-09-29	0	5.3	28.5	11.5
1977-09-30	1	4.2	29.5	11.2
1977-10-01	3	4.1	30.5	11.2
1977-10-02	0	5.2	30.5	12.5
1977-10-03	0	1.4	30.5	12.5
1977-10-04	0	6.4	30.5	11.5
1977-10-05	0	5	32.2	12.5
1977-10-06	0	5.2	32.3	12.2
1977-10-07	0	5	32.3	12.4
1977-10-08	0	6.5	34.2	13.5
1977-10-09	0	6.8	34.2	12.3
1977-10-10	0	9.9	34.2	12.5
1977-10-11	0	8.2	32.5	12.3
1977-10-12	0	2	32.5	13.2
1977-10-13	0	2.7	32.5	9.5
1977-10-14	0	5.3	31.5	8.5
1977-10-15	0	5.5	31.5	8.2
1977-10-16	0	5.5	31.2	9.5
1977-10-17	0	2.7	31.5	7.3
1977-10-18	0	4.9	32.5	11.2
1977-10-19	5.5	4.3	32.5	9.4
1977-10-20	0	1.4	27.5	11.5
1977-10-21	0	4	28.3	10.3
1977-10-22	23.5	2.6	28.2	11.2
1977-10-23	0	5.7	29.5	12.2
1977-10-24	30	2.1	28.4	14.5
1977-10-25	0	2.2	29.5	12.2
1977-10-26	0	1.5	29.5	12.3
1977-10-27	4	0.9	27.2	14.5
1977-10-28	0	3	27.5	14.5
1977-10-29	0	4.4	28.2	13.5
1977-10-30	0	5	28.2	11.5
1977-10-31	1	3.3	29.2	12.5
1977-11-01	0	2.3	29.5	13.5
1977-11-02	0	3.2	30.4	10.4
1977-11-03	0	5.1	32.3	11.2
1977-11-04	0	4	32.3	7.4
1977-11-05	0	5	32.3	5.5
1977-11-06	0	3	32.4	9.5
1977-11-07	0	3.6	25.2	9.5
1977-11-08	0	3.2	25.3	10.3
1977-11-09	0	3	26.5	10.4
1977-11-10	0	1.5	26.5	9.5
1977-11-11	0	1.1	25.3	6.3
1977-11-12	0	3.5	27.5	8.3
1977-11-13	0	4.1	27.5	9.5
1977-11-14	0	2.9	27.5	8.2
1977-11-15	0	1.6	27.4	7.4
1977-11-16	0	5.2	27.5	7.5
1977-11-17	0	1.3	27.2	11.2
1977-11-18	0	1.6	27.3	9.3
1977-11-19	0	3	27.4	10.5
1977-11-20	6	5.4	27.2	12.4
1977-11-21	0	2.4	29.2	10.3
1977-11-22	0	2.8	29.2	12.2
1977-11-23	0	3.4	30.5	8.5
1977-11-24	0	3.7	30.2	10.5
1977-11-25	0	5.2	30.2	9.4
1977-11-26	0	2.5	32.3	4.5
1977-11-27	0	4.9	29.3	5.5
1977-11-28	0	3.3	28.3	7.5
1977-11-29	0	1.2	28.4	10.3
1977-11-30	0	3.6	28.5	11.2
1977-12-01	0	1.4	26.2	9.2
1977-12-02	0	3.7	27.5	7.2
1977-12-03	0	2.2	27.2	9.4
1977-12-04	0	3.2	29.5	11.5
1977-12-05	0	2.7	29.5	9.5
1977-12-06	0	3	28.5	11.5
1977-12-07	0	2.7	27.3	7.5
1977-12-08	0	0.8	27.4	9.3
1977-12-09	0	5.5	26.5	5.4
1977-12-10	0	2.2	26.5	10.3
1977-12-11	1	3.9	25.5	9.4
1977-12-12	0	1	25.5	11.5
1977-12-13	0	2.2	27.5	9.5
1977-12-14	0	3.4	28.5	6.5
1977-12-15	0	1.4	28.2	6.5
1977-12-16	0	3.1	28.2	7.5
1977-12-17	0	4.3	28.3	4.5
1977-12-18	0	2.4	26.3	3.5
1977-12-19	0	3.5	27.5	4.5
1977-12-20	0	4.6	27.3	4.3
1977-12-21	0	2.4	21.5	4.5
1977-12-22	0	2.3	21.4	1.5
1977-12-23	0	2.8	22.5	2.5
1977-12-24	0	4.9	20.2	3.4
1977-12-25	0	4.2	21.2	10.2
1977-12-26	0	2.3	27.3	6.2
1977-12-27	0	3.9	26.4	6.5
1977-12-28	0	3.4	27.5	4.4
1977-12-29	0	4.4	27.2	9.5
1977-12-30	0	4.9	27.2	6.3
1977-12-31	0	2.8	28.3	8.3
1978-01-01	0	5.6	27.3	8.2
1978-01-02	0	2.4	27.4	7.5
1978-01-03	0	4.6	24.4	5.2
1978-01-04	0	2.8	24.3	4.2
1978-01-05	0	3.7	24.4	5.7
1978-01-06	0	4	24.2	9.3
1978-01-07	0	3.8	26.5	7.5
1978-01-08	0	3	26.5	10.4
1978-01-09	4	1.5	27.5	4.2
1978-01-10	0	1.6	24.2	3.2
1978-01-11	0	3.2	23.2	1.5
1978-01-12	0	4.2	23.2	2.3
1978-01-13	0	3.9	23.2	3.2
1978-01-14	0	3.5	23.5	5.4
1978-01-15	0	3.1	24.5	5.3
1978-01-16	0	4.9	24.3	5.4
1978-01-17	0	3.6	24.3	4.5
1978-01-18	0	7.3	23.5	11.4
1978-01-19	0	5.2	23.3	2.2
1978-01-20	0	4.2	25.5	2.5
1978-01-21	0	4.1	24.3	4.5
1978-01-22	0	2.3	25.4	10.5
1978-01-23	0	3.3	26.3	3.4
1978-01-24	0	5.7	27.5	7.2
1978-01-25	0	6.5	27.3	6.2
1978-01-26	0	2.7	24.4	2.3
1978-01-27	0	5.5	26.5	4.5
1978-01-28	0	2.7	26.2	5.5
1978-01-29	0	3.7	24.2	6.5
1978-01-30	0	5	25.5	3.4
1978-01-31	0	5.6	26.3	4.3
1978-02-01	0	3.8	26.5	5.2
1978-02-02	1	3	25.5	8.3
1978-02-03	0	3.5	25.2	8.5
1978-02-04	0	0.7	24.2	8.3
1978-02-05	0	4.5	24.2	5.4
1978-02-06	0	4	24.5	-5
1978-02-07	3	2.2	27.5	10.3
1978-02-08	0	4.4	27.5	7.2
1978-02-09	0	5.8	27.4	3.5
1978-02-10	0	4.2	25.2	1.2
1978-02-11	0	7.3	26.5	5.2
1978-02-12	0	4.2	24.2	11.4
1978-02-13	0	6.3	26.3	3.3
1978-02-14	0	4.5	27.3	4.2
1978-02-15	0	8.2	27.3	7.5
1978-02-16	0	7.4	27.4	14.2
1978-02-17	0	5.3	27.2	13.2
1978-02-18	0	2.3	26.5	11.5
1978-02-19	0	0.4	25.2	11.3
1978-02-20	0	4.6	24.2	10.5
1978-02-21	0	2	24.1	4.5
1978-02-22	6.5	1	24.3	3.5
1978-02-23	0	4.2	23.2	8.2
1978-02-24	0	3.6	23.3	7.3
1978-02-25	0	5.3	23.3	5.5
1978-02-26	0	9.6	26.3	6.2
1978-02-27	0	4.4	29.2	10.2
1978-02-28	0	NULO	29.5	8.3
1978-03-01	0	5.8	29.5	10.5
1978-03-02	0	8.9	29.4	11.5
1978-03-03	0	7.7	29.3	12.3
1978-03-04	0	6.1	29.4	10.5
1978-03-05	0	4.3	29.3	7.3
1978-03-06	0	5.5	29.3	11.5
1978-03-07	0	5.5	27.3	7.5
1978-03-08	0	8.9	25.5	8.5
1978-03-09	0	5.9	25.5	3.3
1978-03-10	0	5	28.3	6.5
1978-03-11	0	5.8	29.5	12.5
1978-03-12	0	8.7	30.2	9.5
1978-03-13	0	8	31.3	10.2
1978-03-14	0	6.6	30.5	10.5
1978-03-15	2.5	6.2	29.4	12.5
1978-03-16	19	1.5	24.5	6.2
1978-03-17	3	1.7	24.5	4.2
1978-03-18	9	1.4	23.4	4.5
1978-03-19	0	2.8	25.4	7.3
1978-03-20	2	7.9	24.2	9.2
1978-03-21	16	5	27.5	11.5
1978-03-22	0	7.1	28.2	11.4
1978-03-23	0	8	30.4	13.2
1978-03-24	0	5.8	30.4	16.2
1978-03-25	0	2.6	30.4	13.2
1978-03-26	0	5.2	24.5	11.4
1978-03-27	0	3.7	23.4	7.5
1978-03-28	0	5.3	23.4	6.2
1978-03-29	0	5.5	26.5	3.5
1978-03-30	0	4.5	26.5	13.5
1978-03-31	0	2.7	25.4	9.5
1978-04-01	0	5.5	28.2	12.2
1978-04-02	0	5	29.5	14.5
1978-04-03	0	5.5	28.4	13.5
1978-04-04	0	7.1	29.5	11.5
1978-04-05	0	6.5	28.4	11.2
1978-04-06	0	5	29.5	12.3
1978-04-07	3.5	4.8	29.5	12.5
1978-04-08	6.5	5.2	28.2	15.5
1978-04-09	0	6.5	29.5	13.5
1978-04-10	0	6.1	29.5	15.3
1978-04-11	0	6.9	29.3	15.5
1978-04-12	0	6.9	29.2	15.2
1978-04-13	0	6.2	27.3	13.4
1978-04-14	0	6.9	29.5	11.5
1978-04-15	0	7.4	29.4	14.5
1978-04-16	0	8.9	31.2	13.3
1978-04-17	0	7.6	32.3	17.5
1978-04-18	0	8.7	23.5	17.2
1978-04-19	0	8.1	33.5	15.5
1978-04-20	0	8.5	33.5	15.2
1978-04-21	0	12.1	32.2	14.2
1978-04-22	0	5.7	32.2	12.2
1978-04-23	0	0.3	32.5	15.5
1978-04-24	0	6.4	32.5	13.2
1978-04-25	0	5.7	28.2	14.2
1978-04-26	0	6.2	28.2	12.4
1978-04-27	7	7.5	28.2	13.2
1978-04-28	0	5.9	28.3	14.3
1978-04-29	0	6.5	29.2	13.5
1978-04-30	0	9.3	30.4	14.4
1978-05-01	0	7.5	31.5	14.3
1978-05-02	0	9.4	32.5	15.2
1978-05-03	0	11.6	32.3	13.3
1978-05-04	0	0.1	33.3	14.2
1978-05-05	0	8	33.3	13.2
1978-05-06	0	9.6	33.2	13.5
1978-05-07	0	7.6	33.5	13.5
1978-05-08	8.5	8.6	33.4	12.3
1978-05-09	0	6.9	31.3	12.5
1978-05-10	0	8.9	31.3	12.5
1978-05-11	0	7.2	31.5	12.2
1978-05-12	0	8.3	31.4	12.2
1978-05-13	0	10.6	31.5	12.2
1978-05-14	0	2.2	30.3	13.5
1978-05-15	11	6.8	28.4	14.2
1978-05-16	0	5.5	28.2	14.2
1978-05-17	0	7.2	28.4	14.5
1978-05-18	0	8.2	29.5	12.2
1978-05-19	0	6.6	29.5	12.5
1978-05-20	0	7.8	26.3	11.2
1978-05-21	6	6.8	27.2	13.3
1978-05-22	13	6.2	27.2	13.2
1978-05-23	0	5.7	27.3	13.3
1978-05-24	0	7.2	29.2	13.2
1978-05-25	0	6.5	29.3	14.5
1978-05-26	0	8.5	29.3	14.3
1978-05-27	0	7.7	29.2	14.2
1978-05-28	0	6.9	29.5	14.4
1978-05-29	0	4.1	29.5	15.5
1978-05-30	0	1.4	29.5	12.3
1978-05-31	5	0.5	29.5	12.4
1978-06-01	0	3.2	29.5	12.4
1978-06-02	0	9.8	25.3	12.4
1978-06-03	0	9.4	26.5	12.4
1978-06-04	0	1.6	26.5	13.3
1978-06-05	31	9	25.4	12.4
1978-06-06	5	15.5	25.4	12.3
1978-06-07	0	4.8	26.5	13.5
1978-06-08	5	4.2	26.5	14.2
1978-06-09	0	0.6	25.4	12.3
1978-06-10	0	3.7	25.4	13.2
1978-06-11	0	6.2	24.3	13.3
1978-06-12	0	4.4	24.2	13.3
1978-06-13	0	5.8	24.3	13.3
1978-06-14	0	8.4	25.5	14.2
1978-06-15	0	6.8	25.3	14.5
1978-06-16	0	8.2	25.4	14.5
1978-06-17	0	7.6	25.4	14.5
1978-06-18	2.5	3.7	25.3	13.4
1978-06-19	1	1.8	25.4	14.5
1978-06-20	0	4.7	26.5	14.2
1978-06-21	0	5.9	24.2	15.5
1978-06-22	0	2	25.4	13.3
1978-06-23	23	6.3	25.3	15.5
1978-06-24	1	10	25.2	15.5
1978-06-25	0	4.2	25.2	14.4
1978-06-26	0	5.4	27.5	15.5
1978-06-27	16.5	6.1	26.4	14.3
1978-06-28	0	2.2	27.5	14.5
1978-06-29	0	5.3	23.2	12.2
1978-06-30	0	6.1	24.2	13.5
1978-07-01	0	6	25.2	13.5
1978-07-02	11	4	25.2	13.5
1978-07-03	3	4.2	25.3	12.4
1978-07-04	9	3.1	25.2	13.5
1978-07-05	0	4.7	22.3	12.4
1978-07-06	13	4.6	22.3	11.3
1978-07-07	0	4.5	22.2	10.4
1978-07-08	1.5	3.4	22.3	10.3
1978-07-09	0	6.4	23.5	10.4
1978-07-10	0	3.7	23.5	10.3
1978-07-11	23	6.6	24.5	12.3
1978-07-12	0	4.5	24.5	12.2
1978-07-13	0	5.8	24.3	12.2
1978-07-14	1	3.4	24.2	12.5
1978-07-15	0	5.4	24.4	11.3
1978-07-16	0	6	26.5	12.5
1978-07-17	0	6.9	25.4	12.2
1978-07-18	0	4.8	26.5	11.3
1978-07-19	7.5	4.7	27.3	13.5
1978-07-20	0	6.6	24.2	13.2
1978-07-21	0	6.3	24.2	12.4
1978-07-22	0	4.7	24.2	12.4
1978-07-23	5	2	24.5	13.5
1978-07-24	0	4.7	22.2	12.3
1978-07-25	4	3.4	23.3	14.3
1978-07-26	1	3.9	25.3	14.2
1978-07-27	48.5	5.8	25.3	14.4
1978-07-28	7	1.9	25.2	14.2
1978-07-29	1	4	25.5	14.2
1978-07-30	34	6.5	25.5	14.2
1978-07-31	1.5	4.3	25.5	13.2
1978-08-01	0	2.4	23.2	13.3
1978-08-02	0	4.9	23.2	12.2
1978-08-03	0	6.6	23.3	11.5
1978-08-04	0	5.1	24.5	10.5
1978-08-05	0	4.7	23.3	12.2
1978-08-06	0	3.6	23.3	12.2
1978-08-07	12.5	6.5	23.2	11.5
1978-08-08	4	0.6	23.2	12.2
1978-08-09	0	5.3	23.5	11.3
1978-08-10	2	3.6	22.3	11.3
1978-08-11	6.5	2	25.5	14.2
1978-08-12	3	3.2	22.4	14.2
1978-08-13	0	3.5	22.4	14.2
1978-08-14	41.5	6.7	23.5	14.2
1978-08-15	0	1.8	22.4	14.2
1978-08-16	4.5	9.6	23.2	14.2
1978-08-17	0	5.3	23.2	13.3
1978-08-18	0	4.7	24.5	14.5
1978-08-19	0	3.1	24.5	13.2
1978-08-20	1	3	23.4	13.4
1978-08-21	4	6.8	23.3	13.5
1978-08-22	0	2.7	22.4	12.2
1978-08-23	0	4.5	23.3	12.5
1978-08-24	0	3.4	23.3	12.5
1978-08-25	0	6.1	23.4	11.4
1978-08-26	0	5.6	24.5	11.2
1978-08-27	0	5.9	24.2	11.2
1978-08-28	0	3.4	26.5	11.3
1978-08-29	1	6.9	26.5	11.4
1978-08-30	6	10.9	26.5	11.2
1978-08-31	0	NULO	23.4	11.5
1978-09-01	1	3.3	23.2	11.3
1978-09-02	0	6	23.4	11.2
1978-09-03	0	3.8	23.4	11.5
1978-09-04	0	3.6	20.2	12.2
1978-09-05	0	4.3	22.2	12.2
1978-09-06	4	1.5	23.2	12.2
1978-09-07	31	5.4	25.3	12.2
1978-09-08	1.5	4.6	24.4	12.2
1978-09-09	0	3.7	24.3	11.4
1978-09-10	9.7	2.5	24.3	11.4
1978-09-11	0	2.5	26.3	11.4
1978-09-12	1	5.6	26.3	11.4
1978-09-13	0	1.8	26.2	11.4
1978-09-14	0	4.8	25.4	11.2
1978-09-15	0	6.2	25.3	10.5
1978-09-16	0	4.5	25.3	10.5
1978-09-17	0	5.7	25.5	10.4
1978-09-18	11	2.4	24.4	11.5
1978-09-19	0	4.2	22.5	11.5
1978-09-20	0	2.6	22.5	10.3
1978-09-21	0	1	22.2	11.5
1978-09-22	7	0.5	20.2	11.5
1978-09-23	2.7	2.2	20.2	11.2
1978-09-24	4.7	0.7	20.2	10.4
1978-09-25	0	5	21.3	10.3
1978-09-26	9.3	4.4	23.3	10.4
1978-09-27	0	3.9	24.4	10.2
1978-09-28	4.5	2	23.3	10.2
1978-09-29	0	3.2	23.3	10.3
1978-09-30	0	1.1	23.3	10.2
1978-10-01	0	2.5	23.3	10.2
1978-10-02	9	4.1	24.3	11.4
1978-10-03	5	3.3	24.3	12.2
1978-10-04	0	5.2	24.3	12.2
1978-10-05	21	4.7	24.3	12.2
1978-10-06	8.7	3.9	22.2	12.2
1978-10-07	2.3	1.6	22.2	11.3
1978-10-08	0	2.4	22.2	11.2
1978-10-09	0	1.6	22.2	11.2
1978-10-10	0	3.8	23.4	10.5
1978-10-11	0	4.3	23.4	11.2
1978-10-12	0	1.8	22.4	10.5
1978-10-13	4.5	2	22.3	11.2
1978-10-14	1	0.9	22.3	10.5
1978-10-15	0	2.3	22.3	7.3
1978-10-16	0	0.9	20.4	10.5
1978-10-17	0	2.3	20.3	10.3
1978-10-18	0	2	20.4	10.2
1978-10-19	0	3.7	20.3	11.5
1978-10-20	0	3.7	21.3	10.5
1978-10-21	0	4.1	22.2	8.2
1978-10-22	0	4.1	24.2	7.5
1978-10-23	0	3.4	23.4	8.4
1978-10-24	0	3.5	24.5	6.5
1978-10-25	0	3.2	23.4	9.3
1978-10-26	0	4.2	23.4	12.5
1978-10-27	0	2	23.4	11.4
1978-10-28	0	2.2	23.4	11.5
1978-10-29	0	3.9	22.4	12.3
1978-10-30	0	3.3	24.2	11.2
1978-10-31	0	NULO	24.2	7.3
1978-11-01	1	0.9	24.3	10.3
1978-11-02	0	1.8	24.3	11.2
1978-11-03	0	2	24.2	11.4
1978-11-04	0	4.5	24.2	11.3
1978-11-05	0	1.6	25.5	11.3
1978-11-06	0	2.1	25.5	6.3
1978-11-07	0	3	25.5	9.2
1978-11-08	0	4.2	21.2	10.5
1978-11-09	0	2.7	24.2	6.5
1978-11-10	0	4.3	26.3	7.3
1978-11-11	0	2.6	26.3	12.2
1978-11-12	0	5.7	26.2	13.5
1978-11-13	0	2.8	25.4	7.2
1978-11-14	0	3.8	26.3	8.5
1978-11-15	0	3.7	25.5	7.5
1978-11-16	0	4.8	25.4	8.5
1978-11-17	0	4.1	23.2	9.3
1978-11-18	0	3.5	23.2	12.2
1978-11-19	0	2.8	24.5	9.5
1978-11-20	0	3.2	24.5	11.4
1978-11-21	0	3.9	24.5	9.2
1978-11-22	0	2.6	23.4	6.5
1978-11-23	0	2.6	23.3	9.2
1978-11-24	4	2.7	24.3	8.2
1978-11-25	0	2.8	24.5	9.3
1978-11-26	0	1.8	26.5	7.5
1978-11-27	0	6.4	26.5	7.3
1978-11-28	1	0.4	24.4	9.3
1978-11-29	0	2.6	24.4	10.2
1978-11-30	0	3.9	23.3	7.2
1979-02-01	0	4.7	27.2	5.5
1979-02-02	0	4.8	26.5	9.5
1979-02-03	0	4.1	27.5	6.5
1979-02-04	0	5.2	27.5	6.2
1979-02-05	0	5.7	27.4	6.5
1979-02-06	4	3	23.3	8.4
1979-02-07	0	9.4	23.4	9.3
1979-02-08	0	3.6	23.3	9.2
1979-02-09	0	3	23.3	4.5
1979-02-10	0	1.2	23.2	5.9
1979-02-11	9	1	23.5	3.3
1979-02-12	0	3.5	23.2	9.2
1979-02-13	0	3.9	23.2	9.2
1979-02-14	0	3.4	24.3	5.5
1979-02-15	0	4.8	26.5	6.2
1979-02-16	0	5.5	25.4	8.5
1979-02-17	2.5	4.5	25.5	7.2
1979-02-18	0	2.6	24.4	10.4
1979-02-19	2.5	3.6	24.2	10.2
1979-02-20	1.7	4.5	24.3	10.5
1979-02-21	0	6.3	24.4	6.5
1979-02-22	0	5.2	25.5	5.4
1979-02-23	0	7.2	27.3	10.4
1979-02-24	0	4.4	26.3	8.5
1979-02-25	0	4.2	26.3	8.3
1979-02-26	0	4.1	26.3	8.5
1979-02-27	0	2.5	27.4	8.5
1979-02-28	0	4.3	25	9.2
1979-03-01	0	6.1	27.3	7.4
1979-03-02	0	3.6	28.3	9.5
1979-03-03	0	6.2	28.2	9.3
1979-03-04	0	7	26.3	10.3
1979-03-05	0	5	26.3	6.5
1979-03-06	0	4.4	26.3	8.2
1979-03-07	0	2.8	21.2	8.5
1979-03-08	0	4.6	23.3	8.2
1979-03-09	0	6.1	26.3	9.2
1979-03-10	0	7.4	22.2	11.5
1979-03-11	0	5.2	27.2	10.5
1979-03-12	0	5.9	27.5	7.5
1979-03-13	0	5.8	28.5	11.2
1979-03-14	0	7.8	28.4	9.5
1979-03-15	0	4.3	24.5	7.2
1979-03-16	0	7.1	26.5	8.3
1979-03-17	0	5.5	30.4	10.4
1979-03-18	0	4.2	27.4	10.5
1979-03-19	0	4.8	27.5	9.5
1979-03-20	0	8	29.5	10.5
1979-03-21	0	7.2	29.2	11.5
1979-03-22	0	8.4	28.3	12.5
1979-03-23	0	7.6	31.5	12.5
1979-03-24	0	7.6	31.5	12.4
1979-03-25	0	9.9	27.2	12.5
1979-03-26	0	8.6	29.5	6.2
1979-03-27	0	6.5	29.5	11.2
1979-03-28	0	5.9	29.5	10.2
1979-03-29	0	9.3	31.5	11.2
1979-03-30	0	7	31.3	11.4
1979-03-31	0	8.4	31.2	13.5
1979-04-01	0	8.5	31.2	12.4
1979-04-02	0	7.2	30.3	13.5
1979-04-03	0	7.4	31.5	12.4
1979-04-04	0	5.2	29.3	13.5
1979-04-05	0	5.9	27.2	12.3
1979-04-06	0	7.4	29.2	11.5
1979-04-07	0	8	31.5	12.2
1979-04-08	0	8.6	32.5	12.3
1979-04-09	0	10.4	31.3	12.5
1979-04-10	0	7.6	31.4	12.2
1979-04-11	0	8.8	32.3	12.5
1979-04-12	0	6.9	32.5	12.2
1979-04-13	0	3.2	28.4	13.3
1979-04-14	9	14.8	28.2	13.3
1979-04-15	0	4.8	28.5	13.2
1979-04-16	1.6	5.2	28.5	13.3
1979-04-17	0	5	26.5	12.3
1979-04-18	1.2	5	29.5	11.4
1979-04-19	0	7.7	29.5	13.3
1979-04-20	3.4	2.1	28.2	13.3
1979-04-21	0	3	27.5	13.3
1979-04-22	1.5	6.5	24.5	13.2
1979-04-23	0	0.4	26.5	12.2
1979-04-24	7.5	12.9	26.5	13.2
1979-04-25	0	8.6	27.2	12.2
1979-04-26	0	6.5	29.3	13.2
1979-04-27	0	7.4	30.3	13.2
1979-04-28	0	9	28.4	13.5
1979-04-29	0	7.5	32.2	13.3
1979-04-30	0	NULO	30.3	13.2
1979-05-01	0	8.3	32.5	13.5
1979-05-02	0	1.8	32.2	12.3
1979-05-03	0	2.9	33.2	12.4
1979-05-04	0	2.4	31.4	14.5
1979-05-05	0	6.3	31.2	14.2
1979-05-06	0	8	22.2	12.5
1979-05-07	0	6.8	31.3	14.2
1979-05-08	0	8.8	33.5	13.5
1979-05-09	0	7.9	33.2	12.2
1979-05-10	0	6.1	30.5	14.2
1979-05-11	0	8.1	32.2	14.2
1979-05-12	0	5.8	26.5	12.3
1979-05-13	0	4.3	23.2	14.2
1979-05-14	0	5.9	26.3	14.2
1979-05-15	0	4	25.3	13.2
1979-05-16	0	7.3	27.5	14.2
1979-05-17	0	7.9	28.5	13.2
1979-05-18	0	6.9	29.2	13.5
1979-05-19	0	8.5	29.4	13.5
1979-05-20	0	7.8	30.4	12.2
1979-05-21	3.7	5.5	32.5	12.5
1979-05-22	0	7.4	31.2	13.2
1979-05-23	24	8.1	30.3	12.2
1979-05-24	2	5.2	25.3	13.5
1979-05-25	5.7	4.2	26.5	13.5
1979-05-26	7.3	4.8	27.3	13.3
1979-05-27	0	2.1	29.5	12.2
1979-05-28	0	2	28.5	12.5
1979-05-29	1.3	5	29.2	12.4
1979-05-30	0	8.7	30.5	11.4
1979-05-31	0	7.9	28.3	12.5
1979-06-01	0	3.5	26.5	12.5
1979-06-02	0	0.8	25.4	11.4
1979-06-03	2.2	5.7	25.5	11.2
1979-06-04	0	2.4	25.2	11.4
1979-06-05	17.5	9.7	26.3	11.2
1979-06-06	5	3.5	24.5	11.2
1979-06-07	15.5	12.8	27.5	11.2
1979-06-08	5.2	7.6	25.4	11.2
1979-06-09	0	1.7	22.5	11.2
1979-06-10	11	7.5	20.4	11.2
1979-06-11	4.2	5.8	16.5	13.4
1979-06-12	0	4.1	20.5	11.5
1979-06-13	0	3.6	21.2	10.5
1979-06-14	0	6.4	22.5	10.2
1979-06-15	0	6.4	23.4	10.4
1979-06-16	0	7	25.3	9.3
1979-06-17	0	7.2	28.2	11.3
1979-06-18	0	7.7	28.4	10.2
1979-06-19	1.2	6.4	28.2	11.5
1979-06-20	0	7.4	27.2	11.2
1979-06-21	0	9	25.3	10.3
1979-06-22	0	5.2	27.2	11.2
1979-06-23	0	12.2	28.3	11.2
1979-06-24	0	7.1	26.5	14.2
1979-06-25	0	7.2	24.4	14.4
1979-06-26	0	4.1	23.2	12.2
1979-06-27	0	4.4	25.2	11
1979-06-28	0	7.6	25.3	13
1979-06-29	0	2	26.3	12.1
1979-06-30	0	6.7	26.3	13.1
1979-08-01	0	5.2	24.5	10.2
1979-08-02	0	4.6	24.5	10.3
1979-08-03	60	7.1	24.2	10.2
1979-08-04	0	13.3	24.3	10.2
1979-08-05	8.7	3.7	21.2	11.5
1979-08-06	3.5	1.2	17.5	10.2
1979-08-07	0	3.7	20.5	10.5
1979-08-08	0	6.5	22.5	10.2
1979-08-09	0	2.7	23.5	10.3
1979-08-10	0	5.3	22.2	12.2
1979-08-11	0	3.4	23.3	12.5
1979-08-12	4.8	4	23.3	12.5
1979-08-13	0	5.1	23.3	12.2
1979-08-14	1.2	3.5	22.2	12.5
1979-08-15	1	2.7	22.2	12.4
1979-08-16	0	7.3	22.2	11.4
1979-08-17	0	3.9	22.2	11.5
1979-08-18	0	5.8	23.2	11.4
1979-08-19	0	7.9	24.5	11.4
1979-08-20	0	4.3	23.3	12.5
1979-08-21	0	5.7	24.3	11.4
1979-08-22	0	1.3	31.2	11.4
1979-08-23	1.3	3.9	26.5	11.4
1979-08-24	0	4.9	21.4	11.3
1979-08-25	6	2.8	17.5	11.4
1979-08-26	7.5	2	19.2	14.2
1979-08-27	27	8.9	25.5	11.2
1979-08-28	0	2.5	21.5	11.5
1979-08-29	2.5	4.1	21.3	13.5
1979-08-30	0	3.4	23.2	13.5
1979-08-31	0	3.2	22.5	13.5
1979-09-01	0	4.4	24.3	13.5
1979-09-02	0	5.3	24.2	13.2
1979-09-03	0	6.4	23.3	13.2
1979-09-04	0	3.8	23.3	13.5
1979-09-05	0	5.8	25.5	13.5
1979-09-06	2	5.1	24.2	13.5
1979-09-07	1	1	23.3	13.5
1979-09-08	0	5.1	22.5	13.5
1979-09-09	2.5	2.3	22.2	13.5
1979-09-10	33.4	1.7	20.5	12.2
1979-09-11	3.6	2.2	19.3	12.2
1979-09-12	0	2.5	20.3	12.2
1979-09-13	0	5	21.3	12.5
1979-09-14	0	2.2	19.2	12.5
1979-09-15	1	2.4	18.2	11.4
1979-09-16	0	2.7	19.5	11.4
1979-09-17	36.2	1.6	15.2	11.3
1979-09-18	9.5	16.7	16.5	10.5
1979-09-19	0	8.3	18.2	10.2
1979-09-20	0	2.3	21.5	10.5
1979-09-21	0	3.6	19.3	10.2
1979-09-22	0	5.2	21.5	10.2
1979-09-23	0	4.5	21.5	10.2
1979-09-24	0	5	20.5	7.5
1979-09-25	0	5.8	17.4	9.4
1979-09-26	0	3.5	18.2	7.2
1979-09-27	0	4.8	20.3	3.3
1979-09-28	0	5.3	23.4	7.3
1979-09-29	0	5.4	23.2	8.5
1979-09-30	0	6.8	22.2	7.2
1979-10-01	0	5.3	21.4	6.5
1979-10-02	0	1.9	21.3	7.3
1979-10-03	0	7.1	25.2	9.4
1979-10-04	0	5.8	23.2	10.2
1979-10-05	0	4	24.2	9.5
1979-10-06	0	7.4	25.2	9.4
1979-10-07	0	4.8	23.4	7.3
1979-10-08	0	4.8	25.4	9.5
1979-10-09	0	6.2	27.3	10.2
1979-10-10	0	4.2	22.2	9.4
1979-10-11	0	4.6	24.2	9.5
1979-10-12	0	6.2	27.3	10.2
1979-10-13	0	5.2	26.3	10.2
1979-10-14	0	5.2	22.3	11.2
1979-10-15	0	1.4	26.3	7.4
1979-10-16	0	5.4	26.2	12.2
1979-10-17	0	5.7	26.5	9.5
1979-10-18	0	5.2	26.3	7.3
1979-10-19	0	5.7	28.2	9.5
1979-10-20	0	5.9	29.5	11.2
1979-10-21	0	5.9	28.4	11.2
1979-10-22	6.4	5.9	27.3	11.2
1979-10-23	0	4.2	21.2	11.2
1979-10-24	0	4.3	23.3	7.3
1979-10-25	0	2.5	20.5	6.2
1979-10-26	0	3.1	25.2	9.4
1979-10-27	0	4.4	25.2	11.5
1979-10-28	0	4.3	27.2	11.2
1979-10-29	5	2.8	25.3	11.5
1979-10-30	0	3.5	23.3	11.2
1979-10-31	0	4.7	28.2	7.3
1979-11-01	0	4.2	26.3	9.5
1979-11-02	0	3.2	24.2	3.3
1979-11-03	0	2	23.4	11.5
1979-11-04	0	3.4	22.3	7.2
1979-11-05	0	5.4	25.2	9.5
1979-11-06	0	1.3	25.2	6.3
1979-11-07	0	4.1	20.3	9.2
1979-11-08	0	4.2	19.3	5.3
1979-11-09	0	4.6	26.5	8.5
1979-11-10	0	4.3	27.2	8.3
1979-11-11	0	3.8	23.4	8.4
1979-11-12	0	3.7	25.5	8.3
1979-11-13	0	2.3	13.3	9.5
1979-11-14	0	3.2	16.3	5.2
1979-11-15	0	3.2	17.2	7.2
1979-11-16	0	3.6	18.2	2.2
1979-11-17	0	3.5	22.3	5.5
1979-11-18	0	3.7	25.4	9.5
1979-11-19	1.5	4.1	25.4	8.2
1979-11-20	6.5	2.3	26.5	10.2
1979-11-21	6.5	3.5	24.2	9.3
1979-11-22	6.8	2.7	22.5	8.3
1979-11-23	0	9.2	23.4	9.2
1979-11-24	0	8.5	25.1	10.2
1979-11-25	0	2	21.3	9.2
1979-11-26	0	3.8	22.3	2.2
1979-11-27	0	3.9	23.4	6.3
1979-11-28	0	3.4	20.3	6.3
1979-11-29	0	6.6	27.2	6.3
1979-11-30	0	1.2	21.5	5.2
1979-12-01	0	2.9	24.2	10.2
1979-12-02	1.5	3.6	26.5	10.2
1979-12-03	0	3.2	23.4	10.2
1979-12-04	0	3.3	25.3	10.2
1979-12-05	0	4	25.4	5.4
1979-12-06	0	4	26.4	5.2
1979-12-07	0	3.3	27.5	8.2
1979-12-08	7	1.6	27.5	8.3
1979-12-09	20	0.3	27.5	9.2
1979-12-10	6.5	10.7	18.2	5.3
1979-12-11	0	2	19.4	8.5
1979-12-12	0	1.1	19.3	7.2
1979-12-13	0	4.2	19.3	8.2
1979-12-14	0	1.8	19.5	8.5
1979-12-15	0	3.9	24.3	6.3
1979-12-16	0	4.1	25.2	7.2
1979-12-17	0	1.7	25.5	10.3
1979-12-18	0	3.5	25.5	9.2
1979-12-19	0	4.1	25.5	9.5
1979-12-20	0	2.9	24.4	6.3
1979-12-21	0	4.2	22.2	6.5
1979-12-22	0	3	24.2	6.5
1979-12-23	0	2.3	24.2	9.2
1979-12-24	0	3	24.2	6.5
1979-12-25	0	3.3	24.2	10.2
1979-12-26	0	3.3	24.5	6.5
1979-12-27	0	4.2	24.2	6.2
1979-12-28	0	4.1	25.5	3.5
1979-12-29	0	2.8	21.3	4.2
1979-12-30	0	3.3	25.2	8.5
1979-12-31	0	5.2	26.5	7.3
1980-01-01	0	2.6	19.2	6.2
1980-01-02	0	2.6	22.2	6.2
1980-01-03	0	1.4	20.3	6.3
1980-01-04	0	4.6	19.3	5.2
1980-01-05	0	2.8	20.4	1.2
1980-01-06	0	3.5	24.5	1.2
1980-01-07	0	5.2	25.2	4.5
1980-01-08	0	2.4	24.2	7.3
1980-01-09	0	4	25.5	6.3
1980-01-10	0	4.7	27.5	7.4
1980-01-11	0	5.2	26.2	5.5
1980-01-12	0	4.1	23.2	8.2
1980-01-13	0	3.1	23.3	6.8
1980-01-14	0	4.5	24.3	3.3
1980-01-15	0	3.8	25.2	6.5
1980-01-16	0	3.2	25.2	10.5
1980-01-17	0	3.6	23.2	6.2
1980-01-18	0	4	25.5	5.5
1980-01-19	0	3	23.2	6.3
1980-01-20	0	3.1	25.5	5.2
1980-01-21	8.3	1.8	22.2	7.2
1980-01-22	2.5	3.2	21.5	9.3
1980-01-23	7.5	1.3	14.2	9.2
1980-01-24	10	2.5	19.3	6.2
1980-01-25	16.5	2.9	18.5	8.3
1980-01-26	0	3	16.2	9.4
1980-01-27	0	1.6	23.2	6.2
1980-01-28	0	5.2	23.3	7.3
1980-01-29	0	3.7	24.3	5.5
1980-01-30	0	3.8	25.3	5.2
1980-01-31	0	4	19.2	6.2
1980-02-01	0	4	19.3	7.4
1980-02-02	0	2.8	21.4	4.5
1980-02-03	0	5.1	16.2	4.3
1980-02-04	0	2.8	20.5	1.4
1980-02-05	0	4.1	20.4	4.5
1980-02-06	0	5.1	19.4	3.3
1980-02-07	0	2.3	24.3	4.2
1980-02-08	0	4.5	25.4	5.3
1980-02-09	0	3.8	25.2	8.2
1980-02-10	0	5.4	26.4	7.2
1980-02-11	0	3.7	25.3	8.3
1980-02-12	0	4.8	24.2	8.4
1980-02-13	0	2.4	20.2	8.2
1980-02-14	0	5.5	25.3	8.4
1980-02-15	0	5.4	25.4	8.4
1980-02-16	0	6.4	27.4	5.4
1980-02-17	0	6.2	27.2	8.5
1980-02-18	0	5.4	25.3	8.3
1980-02-19	0	5.8	27.3	5.3
1980-02-20	0	4.5	28.2	8.4
1980-02-21	0	6.8	27.3	6.4
1980-02-22	0	5.7	27.3	11.2
1980-02-23	0	1.5	28.5	6.3
1980-02-24	0	3.5	27.2	9.3
1980-02-25	0	3.4	16.5	10.4
1980-02-26	0	4.5	19.2	5.5
1980-02-27	0	3.2	22.3	4.2
1980-02-28	5.8	1.4	19.4	7.4
1980-02-29	0	5.3	23.2	7.3
1980-03-01	0	4.8	22.4	6.3
1980-03-02	0	4.6	20.2	5.3
1980-03-03	0	5.3	25.4	9.3
1980-03-04	0	7.1	28.5	9.2
1980-03-05	0	6.5	27.4	10.2
1980-03-06	0	6.4	29.4	6.3
1980-03-07	0	7.3	28.4	10.2
1980-03-08	0	6.7	29.3	10.2
1980-03-09	0	5.4	30.2	10.5
1980-03-10	0	4.7	31.4	12.2
1980-03-11	0	2.6	32.2	10.2
1980-03-12	0	3.2	30.3	13.2
1980-03-13	0	8.6	27.2	10.3
1980-03-14	0	6	27.3	11.2
1980-03-15	0	6.2	28.5	7.2
1980-03-16	0	7	31.2	12.2
1980-03-17	2.3	6.6	29.4	12.5
1980-03-18	0	4.7	24.3	11.2
1980-03-19	1.3	4.7	28.3	10.2
1980-03-20	0	5.7	27.3	11.3
1980-03-21	0	7.6	27.3	10.4
1980-03-22	0	7.8	29.3	10.2
1980-03-23	2.5	6.2	29.3	10.2
1980-03-24	6.5	5.3	29.2	13.2
1980-03-25	0	4.6	28.5	12.2
1980-03-26	0	6.1	30.4	13.5
1980-03-27	0	7	29.4	13.3
1980-03-28	0	7.3	31.2	12.4
1980-03-29	0	6.8	30.2	13.5
1980-03-30	0	8.7	32.5	12.4
1980-03-31	0	9.4	31.3	12.4
1980-04-01	0	6.8	32.5	12.3
1980-04-02	0	7.9	32.3	12.2
1980-04-03	0	10.3	31.3	12.5
1980-04-04	0	0.8	26.5	15.3
1980-04-05	4.4	3.9	22.3	12.2
1980-04-06	0	5.5	29.5	15.5
1980-04-07	5.6	6.9	29.5	16.5
1980-04-08	0	2.9	27.2	12.4
1980-04-09	0	4.6	27.2	15.3
1980-04-10	5.5	6.2	27.2	14.2
1980-04-11	0	7.1	27.5	15.4
1980-04-12	0	8.5	27.3	15.4
1980-04-13	0	7.5	27.5	13.2
1980-04-14	0	7	28.2	7.3
1980-04-15	0	7.2	27.5	11.4
1980-04-16	0	6.9	27.3	14.4
1980-04-17	0	6.2	28.2	13.2
1980-04-18	0	4	20.2	12.2
1980-04-19	0	4.3	22.3	13.2
1980-04-20	0	2	23.4	12.5
1980-04-21	0	1.9	25.5	13.2
1980-04-22	1.3	2.5	23.3	11.2
1980-04-23	0	6.4	27.4	5.3
1980-04-24	0	8.8	29.4	10.2
1980-04-25	0	8.7	30.3	10.2
1980-04-26	0	7.6	30.2	10.3
1980-04-27	0	7.8	27.2	10.4
1980-04-28	0	5.1	29.2	10.2
1980-04-29	0	6.2	31.5	10.3
1980-04-30	0	11.3	31.5	10.3
1980-05-01	0	7.5	30.2	10.4
1980-05-02	0	2.2	27.3	10.5
1980-05-03	8.8	3.4	26.5	11.4
1980-05-04	2	3.7	27.5	11.8
1980-05-05	0	2.6	26.3	10.4
1980-05-06	0	4.1	26.5	11.4
1980-05-07	0	1.5	27.3	11.3
1980-05-08	0	3.5	27.5	11.3
1980-05-09	5.4	6.9	29.2	11.3
1980-05-10	0	6.5	29.4	11.3
1980-05-11	2.6	6.3	30.3	11.3
1980-05-12	5.4	4.1	29.2	11.4
1980-05-13	5.6	5.9	30.3	11.2
1980-05-14	0	6.1	30.3	11.5
1980-05-15	0	7.9	31.5	11.5
1980-05-16	3.2	3	32.3	11.4
1980-05-17	3.5	6	27.3	12.5
1980-05-18	6.8	8.4	31.2	12.5
1980-05-19	8	5.2	28.3	12.3
1980-05-20	0	6.2	30.2	12.4
1980-05-21	0	7.6	30.2	12.5
1980-05-22	0	6.8	29.4	12.5
1980-05-23	0	6.2	28.3	12.5
1980-05-24	0	4.7	30.5	12.5
1980-05-25	17.5	6.3	27.5	11.2
1980-05-26	1.3	6.4	26.5	11.4
1980-05-27	0	8.5	28.3	11.2
1980-05-28	0	8	28.5	11.8
1980-05-29	0	0.8	28.3	11.4
1980-05-30	0	1.1	29.2	11.4
1980-05-31	0	5.5	28.2	11.2
1980-06-01	0	8.6	28.3	11.2
1980-06-02	0	6.6	29.4	11.5
1980-06-03	0	7.3	28.4	11.5
1980-06-04	3.7	6.5	26.2	12.2
1980-06-05	0	0.3	26.4	12.3
1980-06-06	0	6	26.4	13.3
1980-06-07	0	6.7	29.5	13.3
1980-06-08	0	7.9	27.2	13.5
1980-06-09	0	8.2	26.2	13.3
1980-06-10	0	9.2	26.3	13.3
1980-06-11	0	3.2	28.3	13.2
1980-06-12	0	0.3	27.3	11.3
1980-06-13	0	6.9	26.4	13.3
1980-06-14	0	10	28.3	13.4
1980-06-15	0	6.9	27.2	13.2
1980-06-16	0	8.3	28.4	13.2
1980-06-17	0	7.4	30.4	14.2
1980-06-18	0	6.4	26.3	14.3
1980-06-19	0	6.7	26.3	13.3
1980-06-20	0	3.5	24.3	12.3
1980-06-21	2.5	3.2	20.2	13.2
1980-06-22	12.5	1.1	21.5	13.3
1980-06-23	0	3.2	23.3	13.2
1980-06-24	0	5.4	27.4	13.5
1980-06-25	27.5	5	26.4	13.2
1980-06-26	3	4.9	24.3	13.5
1980-06-27	0	1.1	25.2	13.5
1980-06-28	6.2	8.3	24.5	13.2
1980-06-29	0	1	26.5	13.5
1980-06-30	5.5	8.1	25.5	13.2
1980-07-01	0	7.2	26.2	13.4
1980-07-02	0	6.8	24.2	13.3
1980-07-03	0	2.5	29.4	13.2
1980-07-04	0	1.5	26.3	13.5
1980-07-05	0	4.5	23.2	13.2
1980-07-06	0	5.3	28.3	12.4
1980-07-07	0	5.2	28.3	11.2
1980-07-08	0	4.4	29.2	11.2
1980-07-09	0	5.5	29.3	13.4
1980-07-10	0	1.1	24.2	11.2
1980-07-11	0	9.4	29.5	11.5
1980-07-12	0	5.6	31.2	12.2
1980-07-13	0	3.7	25.2	11.2
1980-07-14	0	2.2	25.2	13.2
1980-07-15	0	3.5	27.4	13.2
1980-07-16	0	1.3	27.3	13.2
1980-07-17	12.6	4.6	28.2	12.4
1980-07-18	1.5	2.7	26.4	13.5
1980-07-19	11.5	4.2	24.4	12.3
1980-07-20	20.5	6.4	24.2	13.2
1980-07-21	0	4.4	24.3	13.2
1980-07-22	0	3.9	24.5	13.2
1980-07-23	0	5.2	24.4	13.2
1980-07-24	0	4.9	24.3	12.5
1980-07-25	4.5	4.8	24.2	12.5
1980-07-26	14.5	1.2	25.3	13.3
1980-07-27	1.5	2.9	26.2	13.4
1980-07-28	0	4.9	25.4	13.3
1980-07-29	7.3	6.7	22.2	12.4
1980-07-30	0	2.8	24.3	12.4
1980-07-31	0	2.5	23.3	13.2
1980-08-01	0	3	25.3	11.2
1980-08-02	0	12.3	24.2	12.3
1980-08-03	14.5	5	25.5	13.3
1980-08-04	0	8.9	24.4	13.2
1980-08-05	0	3.3	24.5	13.2
1980-08-06	12.2	NULO	22.3	12.2
1980-08-07	13.2	4.1	22.2	11.2
1980-08-08	0	4.1	23.3	11.4
1980-08-09	0	4	25.2	12.2
1980-08-10	0	3.5	24.2	12.3
1980-08-11	4.5	4.8	24.4	12.2
1980-08-12	0	10.1	25.4	13.3
1980-08-13	7	NULO	24.4	11.5
1980-08-14	5.2	6.7	25.3	12.3
1980-08-15	2.5	3	24.3	11.3
1980-08-16	0	1.3	25.3	11.3
1980-08-17	7.6	NULO	25.3	12.4
1980-08-18	10.5	9.2	23.4	13.2
1980-08-19	12.2	NULO	25.2	13.2
1980-08-20	0	4.8	24.2	11.3
1980-08-21	0	3.1	24.3	11.4
1980-08-22	0	6.9	25.3	11.5
1980-08-23	0	7.4	24.4	12.4
1980-08-24	0	7.7	22.2	13.2
1980-08-25	0	4.3	24.2	13.2
1980-08-26	0	3.3	25.2	11.3
1980-08-27	0	3.1	23.2	12.4
1980-08-28	0	4.2	26.3	12.5
1980-08-29	0	2.9	25.2	11.4
1980-08-30	0	4.1	23.2	11.4
1980-08-31	0	2.8	25.5	11.5
1980-09-01	0	1.8	23.4	11.3
1980-09-02	0	2.3	25.2	11.3
1980-09-03	0	2.3	27.2	11.3
1980-09-04	0	3	26.4	12.5
1980-09-05	0	3.1	26.5	11.5
1980-09-06	0	2.9	23.4	11.2
1980-09-07	0	6.8	25.3	11.5
1980-09-08	0	7.1	26.3	11.4
1980-09-09	0	4.1	23.2	11.3
1980-09-10	0	6.1	26.3	11.4
1980-09-11	0	7.3	24.2	11.4
1980-09-12	0	12.4	26.2	11.3
1980-09-13	0	9.6	26.4	11.3
1980-09-14	0	8.5	24.2	12.5
1980-09-15	0	1.7	25.3	11.3
1980-09-16	0	3.2	26.4	11.2
1980-09-17	0	3.2	28.4	13.2
1980-09-18	0	6.5	26.3	11.4
1980-09-19	0	7.1	23.5	9.4
1980-09-20	0	4.5	21.2	11.3
1980-09-21	0	2.3	21.2	11.3
1980-09-22	0	5.5	28.5	11.4
1980-09-23	4	8.4	22.2	11.3
1980-09-24	6.5	5.8	19.3	11.3
1980-09-25	2.5	6.9	18.2	11.3
1980-09-26	0	2.1	22.3	10.4
1980-09-27	2.5	1.6	22.4	10.4
1980-09-28	0	4.4	25.2	11.4
1980-09-29	0	4.4	25.5	11.3
1980-09-30	0	7.1	25.2	11.3
1980-10-01	0	4.6	24.2	10.5
1980-10-02	0	5.4	24.2	9.2
1980-10-03	0	6.1	25.2	11.2
1980-10-04	0	5.8	24.5	12.4
1980-10-05	0	5.2	24.2	11.3
1980-10-06	0	2.8	28.3	8.3
1980-10-07	0	4.2	28.5	11.4
1980-10-08	0	2.8	25.3	11.3
1980-10-09	0	3.1	25.3	11.5
1980-10-10	0	12.4	22.3	11.5
1980-10-11	0	2.2	23.3	12.5
1980-10-12	0	2.7	23.2	11.4
1980-10-13	0	4.1	23.2	12.4
1980-10-14	0	5.1	28.4	11.4
1980-10-15	0	3.9	25.3	11.3
1980-10-16	0	3.1	25.4	12.4
1980-10-17	0	3.7	22.3	11.3
1980-10-18	0	3.4	23.4	11.2
1980-10-19	0	2.6	24.3	11.3
1980-10-20	0	5.4	27.3	10.4
1980-10-21	0	1.7	23.3	11.4
1980-10-22	0	2.1	21	12.3
1980-10-23	0	1.9	28.4	10.5
1980-10-24	0	2.8	25.2	11.3
1980-10-25	0	3.5	26.4	13.2
1980-10-26	0	2.6	28.3	11.3
1980-10-27	0	1.8	24.4	11.4
1980-10-28	0	5.2	23.4	11.3
1980-10-29	0	2.2	25.4	11.4
1980-10-30	0	3	26.5	11.3
1980-10-31	0	2.8	25.2	11.5
1980-11-01	0	4.8	29.3	11.3
1980-11-02	0	5	24.2	9.2
1980-11-03	0	3.2	24.2	11.2
1980-11-04	0	3.4	23.4	11.3
1980-11-05	0	1.4	16.5	10.2
1980-11-06	0	7.6	22.2	7.3
1980-11-07	0	4.2	24.2	7.3
1980-11-08	0	3.5	24.5	9.5
1980-11-09	0	5.6	23.3	5.5
1980-11-10	0	4.2	24.4	5.5
1980-11-11	0	4.2	23.2	8.5
1980-11-12	0	4.4	19.4	7.7
1980-11-13	0	4.4	22.3	3.4
1980-11-14	0	4.2	25.2	5.5
1980-11-15	0	3.1	26.3	8.5
1980-11-16	0	4.7	27.2	9.4
1980-11-17	0	5.5	26.3	9.4
1980-11-18	0	4.1	26.5	6.5
1980-11-19	0	2.7	23.3	6.2
1980-11-20	0	3	22.3	6.3
1980-11-21	9	6.3	22.3	9.5
1980-11-22	0	1	26.5	9.5
1980-11-23	0	1.4	19.3	8.4
1980-11-24	0	2.8	24.4	8.5
1980-11-25	0	2.7	24.2	9.5
1980-11-26	0	4.2	25.5	9.2
1980-11-27	0	0.4	22.2	5.3
1980-11-28	0	3.2	22.2	2.2
1980-11-29	0	2.7	23.5	7.5
1980-11-30	0	2.9	23.5	6.2
1980-12-01	0	5.6	23.3	5.2
1980-12-02	0	3.5	24.5	6.2
1980-12-03	0	1.2	18.2	6.3
1980-12-04	0	4.5	23.3	5.5
1980-12-05	0	3.6	24.2	6.5
1980-12-06	0	4	25.4	8.5
1980-12-07	0	3	24.5	6.3
1980-12-08	0	2.9	25.3	7.3
1980-12-09	0	3.8	23.2	9.5
1980-12-10	0	3.9	23.5	5.5
1980-12-11	0	1.4	21.5	5.3
1980-12-12	0	3	23.2	5.5
1980-12-13	0	4.8	22.2	3.4
1980-12-14	0	2.9	20.2	5.5
1980-12-15	0	4.5	24.5	5.5
1980-12-16	0	3.2	19.4	8.3
1980-12-17	0	3.8	18.3	5.5
1980-12-18	0	2.6	22.2	1.5
1980-12-19	0	3.6	22.2	5.5
1980-12-20	0	3.5	22.2	3.5
1980-12-21	0	3	22.2	6.3
1980-12-22	0	2.9	22.3	6.3
1980-12-23	0	4	22.3	8.3
1980-12-24	0	2.1	22.3	8.5
1980-12-25	0	1.8	21.3	9.3
1980-12-26	0	2.6	22.2	6.2
1980-12-27	0	3.3	20.3	8.2
1980-12-28	0	3.8	21.4	5.5
1980-12-29	0	7	22.3	6.3
1980-12-30	0	4.5	21.3	7.5
1980-12-31	0	4.9	22.3	6.2
1981-01-01	0	3.4	22.3	5.5
1981-01-02	0	3.9	20.3	5.4
1981-01-03	0	1.2	21.3	5.5
1981-01-04	0	3.6	18.2	1.5
1981-01-05	0	2.7	20.2	4.5
1981-01-06	0	1.5	21.3	5.5
1981-01-07	0	3.1	22.2	8.2
1981-01-08	0	4.4	24.2	4.5
1981-01-09	0	4.2	21.3	4.2
1981-01-10	0	2.5	21.5	5.4
1981-01-11	0	3.2	21.3	6.5
1981-01-12	0	1.4	23.3	8.5
1981-01-13	0	3.7	20.2	5.3
1981-01-14	0	2.7	21.4	5.5
1981-01-15	0	2.1	18.2	5.3
1981-01-16	4.4	2.8	18.3	8.3
1981-01-17	23.6	5.3	18.5	6.3
1981-01-18	2.2	3.8	13.4	5.4
1981-01-19	0	2.9	20.3	6.5
1981-01-20	0	2.7	20.2	5.5
1981-01-21	0	2.8	19.3	5.5
1981-01-22	0	4	18.3	3.3
1981-01-23	0	2.4	16.3	3.3
1981-01-24	0	2.1	20.2	1.5
1981-01-25	0	5.6	24.4	5.5
1981-01-26	0	6.2	25.4	6.5
1981-01-27	0	4.4	22.2	5.5
1981-01-28	0	3.9	22.3	6.5
1981-01-29	0	4.1	25.3	5.5
1981-01-30	0	8.6	24.4	5.4
1981-01-31	0	4.8	25.4	6.3
1981-02-01	0	4.8	26.3	9.4
1981-02-02	0	3.5	13.4	6.5
1981-02-03	0	2	22.2	6.2
1981-02-04	0	3.5	22.4	7.2
1981-02-05	0	3.8	23.2	5.5
1981-02-06	0	4	24.3	7.5
1981-02-07	0	4	26.3	5.3
1981-02-08	0	3.3	27.3	7.3
1981-02-09	0	9.9	27.3	5.5
1981-02-10	0	3.2	29.2	8.2
1981-02-11	0	4.9	25.3	5.5
1981-02-12	0	5.2	25.4	8.2
1981-02-13	0	6	26.4	7.3
1981-02-14	0	3.3	24.4	7.2
1981-02-15	0	2.6	23.4	5.5
1981-02-16	0	1.3	25.2	8.2
1981-02-17	0	3.2	23.2	7.3
1981-02-18	0	6.2	24.2	8.4
1981-02-19	0	4.9	25.3	8.2
1981-02-20	0	5.5	25.5	5.5
1981-02-21	0	1.9	26.3	8.2
1981-02-22	5.5	5.9	26.2	5.2
1981-02-23	0	1	17.3	7.5
1981-02-24	0	4.7	23.4	8.3
1981-02-25	0	4.9	24.2	8.2
1981-02-26	0	3.4	24.4	8.3
1981-02-27	0	3.6	25.4	8.3
1981-02-28	0	2.3	28.3	8.3
1981-03-01	0	4	27.4	8.4
1981-03-02	0	5	28.3	8.2
1981-03-03	0	9.2	27.3	8.5
1981-03-04	0	8.2	27.5	6.3
1981-03-05	0	5.4	28.5	8.2
1981-03-06	0	4.6	28.3	11.3
1981-03-07	0	5.7	28.4	10.5
1981-03-08	0	2.4	20.3	11.4
1981-03-09	2.4	2.3	21.4	9.5
1981-03-10	0	3.3	27.3	9.4
1981-03-11	23.5	3.3	21.3	11.3
1981-03-12	3.5	2.9	22.5	10.2
1981-03-13	0	5.7	24.3	11.3
1981-03-14	0	6.9	27.2	11.3
1981-03-15	0	6.8	28.3	11.3
1981-03-16	4.5	3.7	21.2	11.3
1981-03-17	0	6.3	24.2	10.5
1981-03-18	0	7.2	27.3	11.3
1981-03-19	0	5.1	24.5	10.4
1981-03-20	0	7.6	27.3	9.4
1981-03-21	0	4.7	29.3	10.2
1981-03-22	0	8.9	27.5	7.4
1981-03-23	0	5	24.5	7.3
1981-03-24	0	6.7	27.2	6.5
1981-03-25	0	8	26.4	10.4
1981-03-26	0	7.1	26.4	8.4
1981-03-27	0	6.7	28.4	11.5
1981-03-28	0	8.5	29.4	11.4
1981-03-29	0	7.4	31.5	11.3
1981-03-30	0	8.7	31.4	11.3
1981-03-31	0	7.6	30.4	10.5
1981-04-01	0	8.4	29.5	11.5
1981-04-02	0	7.9	29.2	11.5
1981-04-03	0	8.2	33.5	11.3
1981-04-04	0	9.5	31.5	11.3
1981-04-05	0	7.1	21.3	11.3
1981-04-06	0	6.1	22.2	7.4
1981-04-07	0	7.5	28.3	11.3
1981-04-08	0	6.8	29.3	11.5
1981-04-09	0	7.8	27.3	11.5
1981-04-10	0	6.4	25.4	11.3
1981-04-11	0	8.6	26.3	11.3
1981-04-12	15.5	6.9	24.5	10.5
1981-04-13	32.5	1.2	26.5	11.3
1981-04-14	3.3	4.6	22.3	9.2
1981-04-15	0	3.3	20.2	11.4
1981-04-16	4.5	5.2	22.2	11.3
1981-04-17	0	1.1	22.3	11.3
1981-04-18	0	3.5	23.3	9.5
1981-04-19	0	6.7	25.4	11.4
1981-04-20	0	6.5	26.3	11.3
1981-04-21	2.2	2	27.5	11.4
1981-04-22	0	6.1	27.3	11.5
1981-04-23	0	8.4	29.5	11.4
1981-04-24	0	5.7	29.5	12.5
1981-04-25	0	3	25.3	11.4
1981-04-26	0	6.6	27.3	11.5
1981-04-27	0	6.8	29.5	11.4
1981-04-28	1.8	6.2	29.4	11.5
1981-04-29	1.4	5.4	29.5	13.3
1981-04-30	7.6	6	28.2	13.5
1981-05-01	7.9	9.8	24.2	13.4
1981-05-02	3.5	1.9	23.2	13.3
1981-05-03	0	6.5	25.5	13.2
1981-05-04	0	5	29.3	11.3
1981-05-05	0	2.9	29.3	13.2
1981-05-06	0	0.6	27.5	11.5
1981-05-07	0	6.2	29.4	11.4
1981-05-08	0	8.3	30.4	13.2
1981-05-09	0	8	31.2	13.2
1981-05-10	0	4.4	29.5	13.4
1981-05-11	0	8.9	29.2	12.2
1981-05-12	0	8	30.2	13.3
1981-05-13	0	7.5	31.5	13.5
1981-05-14	0	8.4	29.3	12.5
1981-05-15	5.8	8.2	31.5	12.5
1981-05-16	0	4.9	28.2	14.5
1981-05-17	0	7.5	29.5	14.4
1981-05-18	0	8.2	31.4	11.5
1981-05-19	32.5	8.4	28.2	15.3
1981-05-20	17.5	3.6	22.2	13.4
1981-05-21	5	3.1	23.2	12.2
1981-05-22	7.2	6.3	25.2	13.5
1981-05-23	0	6.1	26.5	13.4
1981-05-24	0	3.2	26.4	13.4
1981-05-25	0	5.5	25.3	13.3
1981-05-26	4.9	4.9	27.2	13.4
1981-05-27	0	5.2	27.3	13.5
1981-05-28	0	4.1	26.2	13.4
1981-05-29	20.5	6.1	27.3	13.3
1981-05-30	6.3	4.2	27.5	14.7
1981-05-31	0	5.5	23.3	13.4
1981-06-01	0	3.9	25.3	14.5
1981-06-02	0	6.8	24.3	13.4
1981-06-03	0	4.8	25.5	14.5
1981-06-04	0	6.2	27.3	14.5
1981-06-05	0	5	27.4	13.5
1981-06-06	0	8.2	28.3	13.2
1981-06-07	0	6.1	26.3	13.2
1981-06-08	0	1.2	23.3	14.5
1981-06-09	13.4	8.1	28.5	8.4
1981-06-10	0	0.3	28.5	14.3
1981-06-11	3.1	3.8	28.2	14.5
1981-06-12	0	3.4	27.3	13.2
1981-06-13	0	0.4	26.4	14.2
1981-06-14	8.3	8.2	25.4	14.4
1981-06-15	4.6	4.4	21.3	13.4
1981-06-16	2	1.9	22.3	14.4
1981-06-17	4.7	NULO	19.3	14.4
1981-06-18	34.5	NULO	16.3	13.3
1981-06-19	22.7	7.8	22.2	14.5
1981-06-20	1.2	3.3	23.2	11.4
1981-06-21	9.3	3	24.3	14.4
1981-06-22	7.2	6.6	23.2	14.4
1981-06-23	6.6	6	21.4	14.5
1981-06-24	1.5	6	18.3	14.3
1981-06-25	1	1	23.5	14.2
1981-06-26	0	4.1	22.5	15.4
1981-06-27	0	3.9	22.2	14.5
1981-06-28	0	NULO	22.2	14.5
1981-06-29	0	0.1	22.5	14.5
1981-06-30	2.5	3.2	19.5	13.5
1981-07-01	4	0.2	18.3	13.2
1981-07-02	3	4.6	21.3	12.2
1981-07-03	0	2.9	23.4	12.5
1981-07-04	0	4.8	22.5	11.5
1981-07-05	0	3.9	24.3	12.3
1981-07-06	20	2.1	24.4	14.2
1981-07-07	4.4	3.7	22.2	13.5
1981-07-08	3.7	4.4	21.5	12.4
1981-07-09	0	4.9	21.3	12.5
1981-07-10	0	NULO	22.2	13.4
1981-07-11	6	6.9	21.3	13.5
1981-07-12	0	4.6	22.2	13.4
1981-07-13	1	3.6	21.3	13.4
1981-07-14	0	2.6	21.5	12.4
1981-07-15	0	0.9	22.2	13.3
1981-07-16	12.7	3.6	24.2	13.3
1981-07-17	2.8	2	22.2	11.3
1981-07-18	0	3.3	23.3	13.4
1981-07-19	0	5.2	25.5	14.5
1981-07-20	0	7.1	23.4	13.4
1981-07-21	1	7.2	23.4	12.5
1981-07-22	0	NULO	25.5	13.5
1981-07-23	0	5.7	24.4	13.3
1981-07-24	0	5.2	24.3	13
1981-07-25	0	5.3	25.2	13.5
1981-07-26	0	5.5	26.4	14.3
1981-07-27	0	3.8	26.3	13.5
1981-07-28	0	6.4	25.4	14.5
1981-07-29	0	2.2	25.4	13.3
1981-07-30	0	1.2	24.2	12.5
1981-07-31	0	NULO	24.3	13.3
1981-08-01	0	0.4	23.3	13.4
1981-08-02	0	3.8	25.2	13.5
1981-08-03	10.4	4	26.2	13.4
1981-08-04	0	6.2	24.3	13.2
1981-08-05	0	4.3	25.5	13.5
1981-08-06	0	8.2	25.3	12.2
1981-08-07	0	5.8	25.3	12.2
1981-08-08	0	4.2	24.4	13.4
1981-08-09	0	6.1	24.5	14.3
1981-08-10	0	4.9	25.2	14.2
1981-08-11	0	6.6	26.5	11.5
1981-08-12	0	5.4	26.5	13.4
1981-08-13	0	2.8	24.3	13.3
1981-08-14	4.5	3.3	22.4	13.4
1981-08-15	0	6.7	25.3	13.4
1981-08-16	0	3.5	27.2	13.4
1981-08-17	0	7.4	29.2	15.3
1981-08-18	0	6.8	27.3	15.2
1981-08-19	0	2.7	24.2	15.2
1981-08-20	2.5	0.9	23.3	14.3
1981-08-21	1.5	2.7	24.2	14.2
1981-08-22	0	1.2	24.2	14.3
1981-08-23	1.2	5.3	23.2	15.2
1981-08-24	0	5.3	24.2	13.3
1981-08-25	1.7	2.5	20.5	13.5
1981-08-26	0	1.7	20.5	13.3
1981-08-27	11.3	1.3	19.3	14.4
1981-08-28	36.3	0.2	20.3	11.3
1981-08-29	8	10.7	23.5	12.3
1981-08-30	0	3.7	24.2	11.3
1981-08-31	0	3.5	26.2	11.5
1981-09-01	0	4.5	26.3	11.3
1981-09-02	0	5.2	24.3	11.3
1981-09-03	0	4.8	25.5	11.5
1981-09-04	0	3.6	21.3	11.5
1981-09-05	0	2	21.3	11.4
1981-09-06	0	4.9	23.2	11.3
1981-09-07	0	8.8	23.2	13.2
1981-09-08	0	4.2	26.3	11.2
1981-09-09	0	4	23.4	11.2
1981-09-10	0	4.6	25.5	11.3
1981-09-11	0	5	24.4	10.3
1981-09-12	0	2.1	21.2	11.5
1981-09-13	0	3.2	24.2	11.3
1981-09-14	0	6.2	26.4	10.7
1981-09-15	0	1.2	26.2	11.3
1981-09-16	0	1.7	23.3	11.2
1981-09-17	10.8	8.6	20.2	11.5
1981-09-18	0	2.3	19.5	8.5
1981-09-19	0	2.5	19.2	8.2
1981-09-20	0	2.4	24.3	8.2
1981-09-21	0	6.3	26.2	8.3
1981-09-22	0	6	25.5	8.3
1981-09-23	0	5.3	22.2	8.2
1981-09-24	0	4.9	24.2	8.4
1981-09-25	0	5.2	21.4	8.3
1981-09-26	0	7.1	25.5	8.3
1981-09-27	2.8	1.8	21.3	8.3
1981-09-28	8	0.9	17.4	8.5
1981-09-29	2.8	1.5	20.3	8.5
1981-09-30	3	2.9	20.3	8.5
1981-10-01	0	3.2	22.3	8.3
1981-10-02	0	3.1	19.3	8.2
1981-10-03	0	1.5	25.4	8.2
1981-10-04	0	0.9	24.3	8.3
1981-10-05	3.4	3.7	25.4	8.2
1981-10-06	0	0.8	23.4	8.3
1981-10-07	1.5	1.6	22.4	8.3
1981-10-08	9.4	1.8	26.5	8.2
1981-10-09	2.3	1.6	25.4	8.2
1981-10-10	5.3	2.2	27.5	9.3
1981-10-11	10	4.2	24.2	8.3
1981-10-12	5.6	2.2	24.3	9.3
1981-10-13	0	3.1	23.3	9.3
1981-10-14	0	4.3	23.3	9.5
1981-10-15	0	4.5	23.4	9.5
1981-10-16	0	5.1	24.4	8.2
1981-10-17	0	4.5	24.3	8.2
1981-10-18	0	4.6	20.3	11.3
1981-10-19	0	1.9	14.3	10.4
1981-10-20	0	3.1	21.2	10.2
1981-10-21	0	3.7	25.5	9.5
1981-10-22	0	3.6	25.5	10.3
1981-10-23	0	3	22.3	10.3
1981-10-24	42.7	6.2	23.2	11.5
1981-10-25	1.8	7.6	22.4	11.3
1981-10-26	0	2.2	16.4	11.3
1981-10-27	0	3	21.3	10.4
1981-10-28	0	3	23.3	9.3
1981-10-29	7.4	2.9	23.5	10.4
1981-10-30	58.3	NULO	23.3	10.5
1981-10-31	0	10.5	22.5	10.2
1981-11-01	0	1.1	16.5	10.4
1981-11-02	0	3.5	18.3	9.2
1981-11-03	0	4.2	20.5	7.5
1981-11-04	0	2.6	23.3	9.2
1981-11-05	0	4.1	22.4	9.2
1981-11-06	0	3.1	20.2	7.2
1981-11-07	0	3.9	23.2	10
1981-11-08	0	2.5	23.4	9.2
1981-11-09	0	4.1	24.4	9.3
1981-11-10	0	2.8	19.2	10.2
1981-11-11	0	3.4	21.2	5.5
1981-11-12	0	2.8	23.4	2.2
1981-11-13	0	2.8	20.4	6.2
1981-11-14	0	4.7	19.2	5.5
1981-11-15	0	3.6	21.2	2.3
1981-11-16	0	3	21.2	2.4
1981-11-17	0	5.4	22.2	4.2
1981-11-18	0	2.5	19.3	4.2
1981-11-19	0	5.2	23.4	5.5
1981-11-20	0	3	19.3	5.5
1981-11-21	0	1.6	23.3	6.5
1981-11-22	0	2.2	22.3	4.2
1981-11-23	0	4.7	22.4	2.2
1981-11-24	0	5.7	22.5	3.2
1981-11-25	0	2.6	25.5	2.2
1981-11-26	0	3.8	24.2	3.3
1981-11-27	0	3.8	24.3	5.5
1981-11-28	0	1.6	25.5	3.2
1981-11-29	0	4.4	27.5	5.5
1981-11-30	0	4.7	26.2	7.2
1981-12-01	0	4	25.4	5.5
1981-12-02	0	2.7	22.2	9.2
1981-12-03	0	3.4	24.2	6.5
1981-12-04	0	1.2	18.2	9.3
1981-12-05	0	2.8	22.2	9.2
1981-12-06	0	4.4	23.5	5.5
1981-12-07	0	2.7	21.4	8.3
1981-12-08	0	2.8	21.4	5.3
1981-12-09	0	0.8	11.2	8.2
1981-12-10	0	2.2	16.3	5.5
1981-12-11	0	1.8	21.4	3.3
1981-12-12	0	4.1	21.2	3.3
1981-12-13	0	1.7	23.4	5.3
1981-12-14	0	4.6	23.5	5.5
1981-12-15	0	1.1	21.3	7.3
1981-12-16	0	4.5	24.5	5.5
1981-12-17	0	3.3	21.3	5.3
1981-12-18	0	3.2	23.4	5.3
1981-12-19	0	3.3	22.4	6.3
1981-12-20	0	3.7	23.4	8.3
1981-12-21	0	1.5	24.4	6.2
1981-12-22	0	4.7	25.5	5.2
1981-12-23	0	2.6	23.3	6.2
1981-12-24	0	2.7	24.4	8.2
1981-12-25	0	3.2	20.3	9.2
1981-12-26	0	1.2	25.5	8.3
1981-12-27	0	5.1	25.5	8.4
1981-12-28	0	5.9	26.3	8.2
1981-12-29	0	1.9	27.4	9.2
1981-12-30	0	3.2	24.3	7.3
1981-12-31	0	2.2	25.5	6.2
1982-01-01	0	4.1	25.2	8.2
1982-01-02	0	5.6	27.2	6.2
1982-01-03	0	3.6	27.2	8.3
1982-01-04	0	4.3	25.3	8.4
1982-01-05	0	2.5	24.4	9.2
1982-01-06	0	4.9	25.3	9.2
1982-01-07	0	3.8	24.5	5.5
1982-01-08	0	4	20.2	5.5
1982-01-09	0	1.4	25.5	9.3
1982-01-10	0	3.3	23.3	4.5
1982-01-11	0	4	21.2	4.3
1982-01-12	0	3.7	25.3	5.5
1982-01-13	0	6	25.3	5
1982-01-14	0	3.3	25.3	5.3
1982-01-15	0	5.3	26.4	5.5
1982-01-16	0	4	25.2	5.3
1982-01-17	0	5.7	25.2	5.2
1982-01-18	0	2.6	26.2	5.3
1982-01-19	0	4.4	25.2	5.5
1982-01-20	0	4.1	27.2	5.3
1982-01-21	0	3.5	27.2	5.3
1982-01-22	0	5	29.2	6.2
1982-01-23	0	5.3	24.4	5.5
1982-01-24	0	4.2	25.5	5.5
1982-01-25	0	5.1	25.3	4.5
1982-01-26	0	2.9	21.3	4.2
1982-01-27	0	5.2	24.2	4.2
1982-01-28	0	3.1	24.2	5.3
1982-01-29	0	1	25.2	5.3
1982-01-30	0	4.8	26.5	8.5
1982-01-31	0	4.1	19.5	8.2
1982-02-01	0	5	25.3	3.2
1982-02-02	0	4.4	25.2	5.5
1982-02-03	0	4.9	25.3	5.3
1982-02-04	0	5.9	26.3	3.5
1982-02-05	0	4.7	25.2	5.5
1982-02-06	0	6.2	24.3	4.2
1982-02-07	0	3.1	25.2	5.2
1982-02-08	0	3.2	27.2	4.2
1982-02-09	0	7.1	26.3	5.3
1982-02-10	0	4.9	27.3	6.2
1982-02-11	0	5.5	28.2	6.2
1982-02-12	0	2.1	26.2	7.3
1982-02-13	0	1.4	24.3	5.5
1982-02-14	0	3.7	27.3	6.2
1982-02-15	0	4.5	27.2	5.2
1982-02-16	0	0.9	25.2	6.3
1982-02-17	0	1.1	26.3	5.5
1982-02-18	0	2.3	25.3	5.4
1982-02-19	0	1.4	24.3	5.2
1982-02-20	0	2.7	27.2	7.2
1982-02-21	0	11.4	28.2	6.3
1982-02-22	0	2.6	25.2	6.2
1982-02-23	0	3.5	26.3	5.5
1982-02-24	0	10.9	26.5	8.2
1982-02-25	0	4.8	26.4	7.2
1982-02-26	0	2.7	24.2	5.5
1982-02-27	0	3	24.2	6.5
1982-02-28	8.5	4.1	24.5	5.5
1982-03-01	5.7	2	16.2	5.5
1982-03-02	0	3.7	21.5	3.2
1982-03-03	0	4.8	24.2	5.5
1982-03-04	0	6.6	27.2	5.5
1982-03-05	0	6.7	27.3	7.3
1982-03-06	0	5.9	29.4	5.5
1982-03-07	0	5.4	22.4	5.5
1982-03-08	0	2.9	27.2	2.3
1982-03-09	0	4.4	26.3	5.5
1982-03-10	0	3.1	27.5	5.5
1982-03-11	0	5.5	29.5	9.3
1982-03-12	0	6.7	29.3	8.2
1982-03-13	0	6.2	31.5	8.2
1982-03-14	0	7.1	30.2	8.3
1982-03-15	0	6.1	30.2	10.2
1982-03-16	0	9.6	31.3	8.3
1982-03-17	0	5.5	29.3	10.2
1982-03-18	0	10.2	30.2	9.3
1982-03-19	0	5.8	31.5	9.3
1982-03-20	4	7.5	28.3	12.3
1982-03-21	3.5	5.3	28.3	10.2
1982-03-22	8.3	5.9	26.4	10.2
1982-03-23	0	5.7	27.2	10.3
1982-03-24	0	5.3	29.3	10.5
1982-03-25	0	2.5	29.3	10.5
1982-03-26	0	1.5	26.2	12.2
1982-03-27	0	5.6	31.5	10.2
1982-03-28	0	7.6	30.3	11.3
1982-03-29	0	1.7	30.2	11.3
1982-03-30	8.3	4.3	31.2	11.2
1982-03-31	0	7.6	30.4	11.3
1982-04-01	0	7.9	32.5	11.3
1982-04-02	0	7.3	32.3	11.3
1982-04-03	0	2	32.2	11.2
1982-04-04	0	4.8	31.2	12.2
1982-04-05	0	8.8	33.5	11.3
1982-04-06	0	3.8	29.3	13.5
1982-04-07	0	3.5	29.5	12.5
1982-04-08	0	2.6	31.2	12.5
1982-04-09	0	1.4	32.4	12.2
1982-04-10	0	2.4	31.2	12.5
1982-04-11	0	6.6	27.3	13.2
1982-04-12	0	6.1	30.3	13.3
1982-04-13	0	6.3	30.2	13.2
1982-04-14	0	9.5	32.2	12.2
1982-04-15	0	5	29.2	12.2
1982-04-16	0	5	31.3	12.5
1982-04-17	0	7.4	33.3	13.5
1982-04-18	0	9.6	30.4	12.2
1982-04-19	0	8.1	32.5	13.5
1982-04-20	17.8	8	30.2	14.5
1982-04-21	3.4	3.4	22.4	12.5
1982-04-22	0	4.3	25.5	11.5
1982-04-23	0	5.2	24.5	12.2
1982-04-24	2.4	3.3	25.4	14.2
1982-04-25	0	4.9	28.3	14.5
1982-04-26	0	1.1	30.2	12.2
1982-04-27	0	1.5	30.5	13.4
1982-04-28	0	2.8	31.5	14.3
1982-04-29	0	6.9	31.5	14.2
1982-04-30	0	6.4	29.5	12.5
1982-05-01	0	6.9	26.4	14.3
1982-05-02	0	6.7	29.5	14.4
1982-05-03	0	4.6	27.2	14.2
1982-05-04	0	3.6	30.3	14.2
1982-05-05	0	8.4	31.5	12.2
1982-05-06	1.7	4	29.5	13.3
1982-05-07	11.2	7.1	25.5	13.4
1982-05-08	12.2	6.9	26.4	14.2
1982-05-09	0	5.9	29.5	12.2
1982-05-10	3.4	4.1	29.5	12.2
1982-05-11	0	4.9	30.5	12.3
1982-05-12	6.7	5.6	28.5	12.2
1982-05-13	0	6	29.4	12.2
1982-05-14	0	7.1	29.4	12.3
1982-05-15	3.5	5.5	29.5	12.5
1982-05-16	6.6	4.2	27.3	11.4
1982-05-17	6.8	4.5	29.4	12.5
1982-05-18	0	3.6	23.2	11.4
1982-05-19	0	3.8	25.2	12.5
1982-05-20	2	4.7	25.2	11.4
1982-05-21	0	1.4	20.5	11.4
1982-05-22	0	3.4	25.5	11.4
1982-05-23	0	2.4	25.2	11.2
1982-05-24	0	5.6	27.3	11.3
1982-05-25	0	3.4	27.4	11.2
1982-05-26	0	1.4	29.4	11.2
1982-05-27	0	3.8	30.4	11.4
1982-05-28	0	7.7	32.2	11.2
1982-05-29	0	6.7	30.2	11.2
1982-05-30	0	8.6	31.2	11.2
1982-05-31	0	9.1	31.5	11.3
1982-06-01	0	7.7	28.2	11.2
1982-06-02	0	9.7	31.5	11.3
1982-06-03	0	10.1	32.2	11.4
1982-06-04	0	9.9	32.3	11.4
1982-06-05	0	3.3	29.3	11.2
1982-06-06	0	1.8	37.2	11
1982-06-07	0	7.8	30.5	11.5
1982-06-08	0	7	29.4	11.2
1982-06-09	0	8.3	30.5	10.5
1982-06-10	0	6.7	27.3	10.2
1982-06-11	0	7.1	27.4	10.2
1982-06-12	0	5	25.3	11.3
1982-06-13	0	5.7	25.4	10.2
1982-06-14	0	8.7	28.2	10.2
1982-06-15	0	6.6	29.2	11.3
1982-06-16	0	9.1	29.4	10.2
1982-06-17	0	1.7	29.5	11.4
1982-06-18	0	6	30.2	11.3
1982-06-19	0	1.1	30.5	11.4
1982-06-20	5.8	NULO	26.4	10.2
1982-06-21	0	6.3	28.3	10.2
1982-06-22	1.5	7	28.2	10.2
1982-06-23	5.4	4.8	26.5	10.2
1982-06-24	0	7.9	28.2	10.3
1982-06-25	0	7.9	28.2	10.3
1982-06-26	0	0.4	27.2	10.3
1982-06-27	10.7	7.6	28.2	10.2
1982-06-28	0	8.4	27.2	11.3
1982-06-29	1.6	2.6	26.4	8.3
1982-06-30	0	0.5	21.5	11.3
1982-07-01	0	6.6	25.3	11.2
1982-07-02	0	2.9	26.3	9.5
1982-07-03	3	4.7	26.4	11.2
1982-07-04	0	3.8	26.3	10.2
1982-07-05	5	4.6	27.3	11.2
1982-07-06	1	3.8	25.3	10.2
1982-07-07	0	1.9	26.2	11.5
1982-07-08	8.5	9.6	27.2	10.2
1982-07-09	0	2.1	26.2	9.5
1982-07-10	0	1.3	27.2	11.5
1982-07-11	0	1.3	27.4	9.5
1982-07-12	0	6.8	26.4	9.5
1982-07-13	0	NULO	26.4	9.5
1982-07-14	0	7.2	26.4	9.5
1982-07-15	0	NULO	27.4	9.5
1982-07-16	5	NULO	26.3	9.5
1982-07-17	17.5	NULO	26.4	9.5
1982-07-18	5.6	7.5	26.3	9.5
1982-07-19	0	2.9	26.3	9.5
1982-07-20	4.5	NULO	26.4	9.5
1982-07-21	0	6.1	26.4	9.5
1982-07-22	0	4.6	26.3	9.5
1982-07-23	0	4	26.4	9.5
1982-07-24	1.5	3.6	26.4	9.5
1982-07-25	0	4.2	26.4	9.5
1982-07-26	4.2	NULO	26.8	9.5
1982-07-27	0	6.2	26.3	9.4
1982-07-28	0	7.3	26.3	9.4
1982-07-29	0	7.5	27.3	9.5
1982-07-30	0	8	27.4	9.4
1982-07-31	0	1.5	26.3	9.5
1982-08-01	1.5	2.5	27.4	9.5
1982-08-02	7.5	4.8	27.4	9.5
1982-08-03	18.6	8.9	27.4	11.4
1982-08-04	11.5	5.7	27.4	11.4
1982-08-05	0	5.7	26.3	10.2
1982-08-06	0	6.1	27.4	11.5
1982-08-07	0	4.7	26.4	12.4
1982-08-08	0	6.5	27.3	11.5
1982-08-09	0	8.2	26.2	9.5
1982-08-10	0	3.6	27.2	14.2
1982-08-11	0	7	25.2	12.3
1982-08-12	3.5	4.2	26.2	12.4
1982-08-13	0	3.2	26.3	12.4
1982-08-14	2	4.5	27.4	12.2
1982-08-15	0	4	27.4	9.5
1982-08-16	0	6.6	27.4	9.5
1982-08-17	0	6.7	27.3	9.5
1982-08-18	6.3	1.3	28.2	9.4
1982-08-19	0	5.4	24.3	10.2
1982-08-20	0	5.8	24.3	10.2
1982-08-21	0	3.2	24.2	10.2
1982-08-22	1.5	0.2	26.4	10.3
1982-08-23	0	3.2	25.2	9.5
1982-08-24	33	5.5	25.2	10.2
1982-08-25	0	6.6	26.3	10.2
1982-08-26	0	2.6	27.3	10.2
1982-08-27	0	1.6	25.2	10.2
1982-08-28	5.3	9.6	27.3	10.2
1982-08-29	0	1.3	26.4	10.2
1982-08-30	1.5	3.9	26.3	10.2
1982-08-31	0	NULO	26.3	10.4
1982-09-01	0	0.9	26.3	10.2
1982-09-02	0	4.9	26.5	9.2
1982-09-03	0	8.8	25	8.2
1982-09-04	0	2.8	22.4	10.3
1982-09-05	0	5.2	24.5	11.2
1982-09-06	0	7.9	27.2	9.3
1982-09-07	0	6.4	25.3	10.3
1982-09-08	0	8.5	26.4	12.4
1982-09-09	0	2	25.3	11.2
1982-09-10	0	2.9	25.4	11.2
1982-09-11	0	7.9	29.2	9.2
1982-09-12	2.3	5.5	28.2	11.2
1982-09-13	0	1.7	25.2	11.2
1982-09-14	0	5.2	26.2	9.3
1982-09-15	0	3.8	26.3	9.2
1982-09-16	0	3.3	24.3	9.4
1982-09-17	0	4.9	23.3	9.4
1982-09-18	0	3.4	21.4	9.2
1982-09-19	0	5.7	26.7	9.3
1982-09-20	0	3.3	22.2	9.3
1982-09-21	1.5	8	23.5	9.3
1982-09-22	11.4	7.4	16.3	9.3
1982-09-23	0	1.5	15.2	9.3
1982-09-24	0	5.3	21.3	9.2
1982-09-25	0	3.1	24.2	9.5
1982-09-26	0	6.9	22.4	9.4
1982-09-27	0	5.8	27.3	8.5
1982-09-28	0	7.4	28.3	8.2
1982-09-29	0	6.6	28.5	8.4
1982-09-30	0	11.6	26.4	8.2
1982-10-01	0	1.7	25.4	9.5
1982-10-02	0	4.3	27.3	8.2
1982-10-03	0	4.5	24.5	8.4
1982-10-04	0	4.5	21.3	8.3
1982-10-05	0	3.6	25.3	9.4
1982-10-06	0	1.2	25.3	9.4
1982-10-07	6.5	5.1	24.2	8.3
1982-10-08	10.8	8.1	28.4	8.3
1982-10-09	4.4	1.9	26.5	11.3
1982-10-10	20	1.9	23.3	8.2
1982-10-11	4.8	4.2	25.5	8.2
1982-10-12	0	0.9	24.4	8.3
1982-10-13	9.7	3.6	22.2	8.2
1982-10-14	0	3.3	22.4	8.3
1982-10-15	0	3.3	25.3	8.3
1982-10-16	0	2.5	23.3	8.4
1982-10-17	0	2.7	22.2	8.2
1982-10-18	0	2.4	24.2	7.3
1982-10-19	0	3.8	24.2	8.3
1982-10-20	0	6.1	20.3	8.4
1982-10-21	0	2.2	21.4	8.3
1982-10-22	0	4.8	18.2	9.2
1982-10-23	0	3.6	14.4	9.3
1982-10-24	0	1.5	22.3	10.2
1982-10-25	0	2.6	22.3	8.3
1982-10-26	0	6.3	22.2	9.4
1982-10-27	0	3	22.3	5.2
1982-10-28	0	3.2	23.3	8.2
1982-10-29	0	3.5	25.2	7.3
1982-10-30	0	6.6	22.3	5.5
1982-10-31	0	1.2	25.2	8.2
1982-11-01	0	8.6	25.2	10.2
1982-11-02	0	0.9	20.4	10.2
1982-11-03	0	2.7	24.2	10.2
1982-11-04	0	3.6	18.3	10.2
1982-11-05	0	1.1	19.2	9.4
1982-11-06	0	1.6	23.3	9.3
1982-11-07	0	5.4	22.5	5.5
1982-11-08	0	3.2	23.3	9.2
1982-11-09	0	2.2	24.4	5.5
1982-11-10	0	7.9	25.3	4.2
1982-11-11	0	4.3	25.4	8.2
1982-11-12	0	3.3	23.4	6.2
1982-11-13	0	3.7	25.2	5.3
1982-11-14	0	2.8	25.2	5.4
1982-11-15	0	5.7	24.4	9.3
1982-11-16	0	4.4	25.2	5.5
1982-11-17	0	4.5	24.2	7.3
1982-11-18	0	3.8	26.3	5.5
1982-11-19	0	6.6	24.3	6.2
1982-11-20	0	2.4	23.2	8.2
1982-11-21	0	2.2	21.2	8.4
1982-11-22	0	3.4	22.2	5.5
1982-11-23	0	4.3	26.3	5.3
1982-11-24	0	0.9	23.2	7.2
1982-11-25	0	1.3	24.3	9.2
1982-11-26	0	1.3	22.4	9.2
1982-11-27	0	1.5	24.4	8.2
1982-11-28	0	2.4	26.2	5.5
1982-11-29	0	2.3	25.3	8.2
1982-11-30	0	2.5	27.2	5.5
1982-12-01	0	1.8	25.2	9.2
1982-12-02	0	4.5	26.2	9.2
1982-12-03	0	5.5	25.4	10.2
1982-12-04	0	3.3	23.2	6.2
1982-12-05	0	5.6	24.2	7.2
1982-12-06	0	4.6	25.3	8.3
1982-12-07	0	3.5	26.2	5.5
1982-12-08	0	2.4	25.2	8.5
1982-12-09	0	3.1	21.3	8.2
1982-12-10	0	2.5	25.3	9.2
1982-12-11	0	1.4	23.2	5.2
1982-12-12	0	2.7	27.2	8.4
1982-12-13	0	1.9	24.4	7.3
1982-12-14	0	1.7	26.4	5.5
1982-12-15	0	1.5	22.3	5.5
1982-12-16	0	3	23.3	8.2
1982-12-17	0	2.3	22.3	9.2
1982-12-18	0	3.5	28.5	8.2
1982-12-19	0	2.2	22.4	8.2
1982-12-20	4	8.9	22.2	8.2
1982-12-21	0	5.2	25.2	3
1982-12-22	0	2.1	23.3	5.5
1982-12-23	0	2.4	22.3	8.2
1982-12-24	0	2.1	26.3	5.5
1982-12-25	0	3.1	21.4	9.2
1982-12-26	0	5.3	25.5	8.2
1982-12-27	0	3.1	24.2	8.2
1982-12-28	0	4.4	22.4	8.2
1982-12-29	5	3.7	26.3	9.5
1982-12-30	0	2.7	27.3	9.4
1982-12-31	0	3.4	24.2	9.3
1983-01-01	0	1.8	26.3	7.2
1983-01-02	0	1.7	25.5	8.2
1983-01-03	0	1.7	26.2	3.2
1983-01-04	0	2.6	21.2	5.5
1983-01-05	0	1.8	22.2	8.3
1983-01-06	0	4.1	21.2	5.5
1983-01-07	0	3.1	23.3	6.2
1983-01-08	0	1.4	23.2	9.4
1983-01-09	0	1.3	22.2	5.5
1983-01-10	0	1.5	23.4	8.2
1983-01-11	0	3.5	23.2	7.5
1983-01-12	0	1.3	23.3	5.5
1983-01-13	0	1.4	22.2	8.2
1983-01-14	0	0.9	21.3	8.2
1983-01-15	0	0.9	20.3	7.2
1983-01-16	0	1.8	20.3	6.2
1983-01-17	0	1.1	20.3	6.2
1983-01-18	33.4	2.8	21.3	5.5
1983-01-19	0	3.3	20.2	5.5
1983-01-20	0	6.7	19.2	5.5
1983-01-21	0	3.8	22.2	5.5
1983-01-22	0	7.8	23.3	5.5
1983-01-23	0	2.6	25.5	5.5
1983-01-24	0	3.6	23.3	5.5
1983-01-25	0	3.2	22.5	5.2
1983-01-26	0	5.1	22.2	4.2
1983-01-27	0	4	23.3	5.5
1983-01-28	0	3	25.5	8.2
1983-01-29	0	2.1	25.2	5.5
1983-01-30	0	4.1	22.3	7.2
1983-01-31	0	8.5	23.2	5.5
1983-02-01	0	6.2	28.4	5.5
1983-02-02	0	7.4	21.3	4.3
1983-02-03	0	3.4	25.3	7.2
1983-02-04	0	8.8	23.3	6.2
1983-02-05	0	4.3	25.2	6.2
1983-02-06	0	5.7	28.2	8.4
1983-02-07	0	3.5	25.5	4.2
1983-02-08	0	3.5	24.2	4.5
1983-02-09	0	2.6	21.3	7.3
1983-02-10	0	7.8	26.2	5.2
1983-02-11	0	5.4	26.4	5.5
1983-02-12	0	3	22.4	8.2
1983-02-13	0	3.6	21.3	8.3
1983-02-14	0	3.7	23.2	5.5
1983-02-15	0	6.5	26.3	4.5
1983-02-16	0	2.5	26.3	4.3
1983-02-17	0	4.2	26.3	4.3
1983-02-18	0	6.6	25.2	3.2
1983-02-19	0	4.2	23.3	3.3
1983-02-20	0	3.8	24.3	2.2
1983-02-21	0	10.2	23.2	4.2
1983-02-22	0	1.2	23.4	5.3
1983-02-23	2.4	6.7	26.3	5.2
1983-02-24	0	5.4	24.2	8.4
1983-02-25	0	4	23.2	8.5
1983-02-26	0	3.5	25.3	4.3
1983-02-27	0	1.2	24.4	5.3
1983-02-28	0	1.4	27.2	3.3
1983-03-01	0	2.8	26.4	3.3
1983-03-02	0	1.3	23.5	8.2
1983-03-03	0	2.8	21.3	5.2
1983-03-04	0	4.5	23.3	3.3
1983-03-05	0	2.6	21.2	4.3
1983-03-06	0	3.4	29.2	3.3
1983-03-07	0	3.3	21.3	2.3
1983-03-08	0	3.1	27.2	3.2
1983-03-09	0	8	26.5	4.3
1983-03-10	0	6.2	21.3	5.3
1983-03-11	0	5.6	25.2	3.2
1983-03-12	0	5.4	16.2	4.2
1983-03-13	0	NULO	21.3	1.2
1983-03-14	0	9.4	24.3	3.5
1983-03-15	0	8.4	26.4	8.2
1983-03-16	0	5.8	24.2	2.4
1983-03-17	0	4.1	21.2	7.2
1983-03-18	0	3.9	22.4	4.3
1983-03-19	0	7.6	22.4	3.5
1983-03-20	0	2.6	26.2	4.2
1983-03-21	0	3.3	24.2	8.3
1983-03-22	0	1.9	22.2	8.2
1983-03-23	0	3.6	28.3	5.5
1983-03-24	0	3.3	30.5	4.5
1983-03-25	0	6	26.5	5.5
1983-03-26	0	5.1	27.3	9.3
1983-03-27	0	5.8	29.3	8.4
1983-03-28	0	5.6	21.2	5.5
1983-03-29	0	8.9	31.2	7.4
1983-03-30	0	15.2	26.2	9.3
1983-03-31	0	8.7	22.2	8.3
1983-04-01	0	6.2	29.2	9.3
1983-04-02	0	6	29.5	8.2
1983-04-03	0	2.1	23.3	9.2
1983-04-04	0	4.3	29.4	9.3
1983-04-05	0	7.5	28.3	9.5
1983-04-06	0	9.6	32.5	9.4
1983-04-07	0	10.5	28.4	9.4
1983-04-08	0	8.8	28.3	9.3
1983-04-09	0	14	28.2	9.2
1983-04-10	0	3.8	28.2	7.5
1983-04-11	0	9.7	29.3	9.4
1983-04-12	0	9	31.2	9.2
1983-04-13	0	9.9	31.2	9.5
1983-04-14	0	4.1	27.2	6.4
1983-04-15	0	6.5	31.3	9.4
1983-04-16	0	7.3	30.2	8.4
1983-04-17	0	5.4	31.3	9.5
1983-04-18	0	11.6	32.4	9.4
1983-04-19	0	8.1	32.4	5.5
1983-04-20	0	9.3	34.5	10.2
1983-04-21	0	9.5	34.5	14.2
1983-04-22	0	7.6	33.2	13.2
1983-04-23	0	4.5	35.2	15.4
1983-04-24	0	5.7	33.5	15.2
1983-04-25	0	3.8	34.2	13.2
1983-04-26	0	2.1	34.3	13.4
1983-04-27	0	1.5	31.2	13.2
1983-04-28	0	7.1	31.4	12.2
1983-04-29	0	7.9	31.2	13.3
1983-04-30	0	11.9	30.3	12.2
1983-05-01	0	8.9	33.4	10.4
1983-05-02	0	1.4	34.2	13.2
1983-05-03	0	3.8	35.2	13.2
1983-05-04	0	3.9	30.2	9.4
1983-05-05	0	7.3	34.3	13.5
1983-05-06	0	1.1	33.3	7.4
1983-05-07	0	6.3	34.2	14.2
1983-05-08	0	6.1	31.4	14.3
1983-05-09	0	4.6	31.2	13.5
1983-05-10	0	5.9	35.5	15.3
1983-05-11	0	9.4	34.2	16.3
1983-05-12	0	6.3	33.5	15.3
1983-05-13	0	3.1	34.2	13.2
1983-05-14	0	1.4	30.3	12.5
1983-05-15	0	6.7	34.2	11.5
1983-05-16	0	2.8	34.2	12.5
1983-05-17	0	5.5	33.4	14.2
1983-05-18	0	1.5	33.5	15.2
1983-05-19	0	5.8	33.5	14.4
1983-05-20	0	3.3	33.2	15.2
1983-05-21	1.3	7.3	32.5	14.2
1983-05-22	0	3.6	29.3	13.2
1983-05-23	0	6.7	26.5	13.2
1983-05-24	0	3.5	27.2	11.2
1983-05-25	24.9	7.6	29.4	14.2
1983-05-26	7.2	1.7	21.5	13.5
1983-05-27	9.8	6.1	29.2	13.4
1983-05-28	0	6.4	27.2	11.2
1983-05-29	0	7.8	28.2	12.5
1983-05-30	0	9.2	28.4	13.2
1983-05-31	0	6.6	29.2	13.5
1983-06-01	0	7.8	29.2	12.2
1983-06-02	0	6.6	31.2	15.4
1983-06-03	0	6.3	28.2	12.2
1983-06-04	0	11.8	30.2	10.2
1983-06-05	0	1	30.4	11.3
1983-06-06	2.2	8.9	33.4	12.5
1983-06-07	0	NULO	19.5	11.5
1983-06-08	0	2.5	29.2	12.2
1983-06-09	0	5.3	27.5	13.5
1983-06-10	0	8.4	28.2	12.2
1983-06-11	0	7.6	31.4	13.2
1983-06-12	0	9.4	30.2	11.2
1983-06-13	0	8.4	31.3	13.5
1983-06-14	0	9	29.5	13.5
1983-06-15	0	7.8	26.2	11.5
1983-06-16	0	8.8	28.2	13.3
1983-06-17	0	6.7	30.5	13.3
1983-06-18	0	6.3	23.2	11.4
1983-06-19	0	2.5	29.5	11.2
1983-06-20	0	0.7	30.2	11.2
1983-06-21	0	1.8	27.2	12.5
1983-06-22	0	7.8	28.4	13.5
1983-06-23	0	5.3	28.5	11.3
1983-06-24	0	7.4	27.3	11.5
1983-06-25	3	8.3	25.5	11.2
1983-06-26	0	0.4	29.2	11.3
1983-06-27	0	6.6	29.4	11.2
1983-06-28	0	8.7	29.4	11.3
1983-06-29	0	8.7	29.2	11.2
1983-06-30	18.3	11.4	27.3	12.2
1983-07-01	0	NULO	26.2	11.2
1983-07-02	8	6.4	24.3	12.4
1983-07-03	0	5.1	25.2	13.2
1983-07-04	3	6.7	26.2	11.3
1983-07-05	2.4	1.7	26.5	13.3
1983-07-06	0	5.7	26.2	11.2
1983-07-07	0	7.7	21.3	13.4
1983-07-08	0	6.6	24.2	13.5
1983-07-09	0	5.1	22.3	11.3
1983-07-10	0	1.6	24.5	11.4
1983-07-11	5	3.9	24.3	13.2
1983-07-12	33	NULO	26.3	13.3
1983-07-13	11.5	8.7	25.4	12.2
1983-07-14	1	2.1	24.3	11.5
1983-07-15	9.2	7.7	25.3	12.2
1983-07-16	20	NULO	25.2	11.2
1983-07-17	4.4	10	21.3	10
1983-07-18	0	1.6	22.2	10.2
1983-07-19	0	8.3	22.2	12.4
1983-07-20	0	4.7	21.2	12.4
1983-07-21	0	1.8	24.2	13.4
1983-07-22	0	5.9	24.2	14.4
1983-07-23	0	4.2	24.2	12.4
1983-07-24	0	3.6	25.5	11.2
1983-07-25	0	4.3	25.4	11.3
1983-07-26	0	1.5	24.3	11.3
1983-07-27	4.7	10.8	26.5	11.2
1983-07-28	0	7	25.4	11.3
1983-07-29	0	1.9	26.4	11.5
1983-07-30	0	NULO	26.4	12.5
1983-07-31	0	NULO	24.2	12.3
1983-08-01	0	10.1	25.2	11.2
1983-08-02	0	5.1	26.2	11.3
1983-08-03	36.3	6.6	24.4	11.2
1983-08-04	9.7	7.3	23.3	11.2
1983-08-05	5.5	3.5	21.5	11.3
1983-08-06	12	6.5	21.3	11.2
1983-08-07	4	2.3	28.2	11.2
1983-08-08	0	1.6	24.2	11.3
1983-08-09	11.9	10.4	24.3	11.2
1983-08-10	11.9	7.6	25.2	11.2
1983-08-11	0	1.7	21.2	11.3
1983-08-12	10.5	13	24.5	10.4
1983-08-13	0	NULO	24.2	11.2
1983-08-14	8.5	14.1	22.4	11.2
1983-08-15	0	8.9	24.2	11.5
1983-08-16	0	4.4	25.2	11.2
1983-08-17	0	4.9	24.3	11.3
1983-08-18	0	2.5	22.4	10.4
1983-08-19	0	8	26.2	11.2
1983-08-20	0	7.6	25.2	11.5
1983-08-21	0	3.2	26.4	11.5
1983-08-22	0	2.8	26.3	11.2
1983-08-23	0	3.4	25.3	11.2
1983-08-24	0	6	26.3	11
1983-08-25	0	3.2	22.2	11.2
1983-08-26	0	6.3	23.4	11.2
1983-08-27	0	4.5	24.3	11.5
1983-08-28	0	5.4	26.2	11.2
1983-08-29	0	2.2	27.3	11.2
1983-08-30	0	1.5	22.4	11.4
1983-08-31	0	2.3	24.2	11.5
1983-09-01	0	NULO	26.4	11.2
1983-09-02	0	2.2	25.3	11.2
1983-09-03	0	2.6	25.2	10.2
1983-09-04	0	8.5	26.3	10.3
1983-09-05	0	4.6	29.2	11.2
1983-09-06	34	15.7	25.4	11.3
1983-09-07	8.2	7.8	22.5	10.2
1983-09-08	3.5	3.3	21.3	10.5
1983-09-09	9.5	8.8	25.2	10.2
1983-09-10	10.2	8	26.2	10.5
1983-09-11	0	9.5	23.3	11.2
1983-09-12	12	14.4	24.4	10.2
1983-09-13	1.2	1.9	24.2	9.2
1983-09-14	0	5.1	24.2	11.2
1983-09-15	0	4.1	24.2	10.3
1983-09-16	2.9	1.1	24.4	9.3
1983-09-17	0	2.8	24.2	10.2
1983-09-18	0	5.6	25.5	11.5
1983-09-19	1.9	2.7	27.5	11.4
1983-09-20	0	3	25.5	10.2
1983-09-21	0	2.4	21.3	11.2
1983-09-22	0	4.8	21.4	11.2
1983-09-23	0	2	22.5	10.2
1983-09-24	1	2.6	20.2	11
1983-09-25	2.5	4.1	20.5	11.5
1983-09-26	5.9	1.3	21.2	10.5
1983-09-27	1.2	1.1	15.4	10.4
1983-09-28	0	3.9	20.5	10.2
1983-09-29	0	4	21.3	10.4
1983-09-30	0	2.4	23.1	8.4
1983-10-01	0	9.5	22.4	10.2
1983-10-02	0	4.3	24.3	10.4
1983-10-03	0	5.2	25.2	10.2
1983-10-04	0	4.9	25.2	8.2
1983-10-05	0	3.4	24.2	10.2
1983-10-06	0	4.9	23.3	10.2
1983-10-07	0	2.8	22.2	11.2
1983-10-08	0	2.8	25.2	11.2
1983-10-09	0	7.5	26.2	11.5
1983-10-10	0	3	24.2	11.2
1983-10-11	0	5	26.2	10.4
1983-10-12	0	1.4	22.5	9.5
1983-10-13	0	3.8	21.2	10.2
1983-10-14	0	3.5	22.4	9.4
1983-10-15	0	2.4	23.4	11.2
1983-10-16	0	5.7	22.5	11.2
1983-10-17	0	3.8	22.4	9.2
1983-10-18	0	2.9	27.2	10.4
1983-10-19	0	2.6	26.4	11.2
1983-10-20	0	2.9	21.2	11.5
1983-10-21	0	2.5	22.5	11.5
1983-10-22	0	5.5	22.4	11.2
1983-10-23	0	3	25.4	11.2
1983-10-24	0	2.9	21.2	11.2
1983-10-25	0	2.7	22.4	9.5
1983-10-26	0	2.9	23.2	10.2
1983-10-27	0	4.2	22.2	11.4
1983-10-28	0	1.6	21.4	10.5
1983-10-29	0	5.8	23.2	11.2
1983-10-30	0	4.7	26.4	11.2
1983-10-31	0	3.9	23.5	10.5
1983-11-01	0	2.9	22.2	11.2
1983-11-02	10.5	4.2	27.2	9.5
1983-11-03	15.2	2.2	24.4	3.5
1983-11-04	0	NULO	21.4	11.2
1983-11-05	29.5	NULO	25.3	10.3
1983-11-06	1	NULO	20.4	11.2
1983-11-07	3.5	1.2	23.3	11.2
1983-11-08	0	0.7	20.5	10.2
1983-11-09	0	1.9	21.3	9.2
1983-11-10	0	3.5	21.3	9.5
1983-11-11	0	3	22.4	9.4
1983-11-12	0	3.6	23.3	9.2
1983-11-13	0	3.4	24.4	5.5
1983-11-14	0	4.6	26.2	9.5
1983-11-15	0	3.1	24.2	9.2
1983-11-16	0	4.8	23.3	5.5
1983-11-17	0	4.5	24.2	9.4
1983-11-18	0	8.4	23.2	9.4
1983-11-19	0	6.7	21.3	9.4
1983-11-20	0	2.5	26.4	9.5
1983-11-21	0	2.4	22.4	9.4
1983-11-22	0	1.7	21.2	8.2
1983-11-23	0	1.4	23.4	9.2
1983-11-24	0	0.9	24.2	6.2
1983-11-25	0	3.8	21.4	5.5
1983-11-26	0	4.8	22.4	8.6
1983-11-27	0	4.9	21.4	5.5
1983-11-28	0	3.5	24.2	5.5
1983-11-29	0	5.4	22.2	8.4
1983-11-30	0	1.6	25.2	5.5
1983-12-01	0	3.5	21.3	8.4
1983-12-02	0	1.5	21.4	8.2
1983-12-03	0	2.2	25.3	8.3
1983-12-04	0	2.2	25.5	9.2
1983-12-05	0	4	26.2	9.2
1983-12-06	0	2.1	21.3	9.2
1983-12-07	0	2.5	22.4	7.2
1983-12-08	0	4.8	22.4	9.2
1983-12-09	0	2.6	21.2	5.3
1983-12-10	0	4	25.2	9.5
1983-12-11	0	3.2	21.2	9.3
1983-12-12	0	5.2	21.3	8.2
1983-12-13	0	5.1	22.2	5.2
1983-12-14	0	3.5	22.2	9.5
1983-12-15	0	6.7	23.2	8.2
1983-12-16	0	2.4	22.4	3.5
1983-12-17	0	3.5	20.2	9.2
1983-12-18	0	5.6	29.4	9.4
1983-12-19	0	3.9	22.4	5.2
1983-12-20	0	5.7	22.4	5.2
1983-12-21	0	5.3	21.4	4.2
1983-12-22	0	4.4	22.4	9.2
1983-12-23	40	2.5	21.4	9.2
1983-12-24	0	3.1	21.4	8.2
1983-12-25	0	4.8	20.3	9.2
1983-12-26	0	2.6	22.4	5.5
1983-12-27	0	2.5	21.4	5.5
1983-12-28	0	4.4	22.3	4.2
1983-12-29	0	8.9	25.3	5.4
1983-12-30	0	3.8	21.4	0.1
1983-12-31	0	7.6	20.4	1.5
1984-01-01	0	2.2	20.4	1.5
1984-01-02	0	0.7	21.3	2.2
1984-01-03	0	1.2	24.2	5.5
1984-01-04	0	2.5	21.3	5.2
1984-01-05	0	0.5	25.4	4.2
1984-01-06	0	1.2	24.2	3.3
1984-01-07	0	1.7	20.4	3.3
1984-01-08	0	2.4	21.3	2.2
1984-01-09	0	1.9	21.4	4.2
1984-01-10	0	0.9	22.4	8.4
1984-01-11	0	1.9	20.4	1.5
1984-01-12	0	2.4	19.4	2.2
1984-01-13	0	1.9	15.2	2.2
1984-01-14	0	1.5	21.2	3.4
1984-01-15	0	2.6	20.2	5.5
1984-01-16	0	1.3	20.4	5.4
1984-01-17	0	3.6	21.3	4.2
1984-01-18	0	0.8	25.6	8.5
1984-01-19	0	1.5	24.2	5.5
1984-01-20	0	4.1	23.3	6.4
1984-01-21	0	8.7	22.2	5.4
1984-01-22	0	7.5	23.4	2
1984-01-23	0	3.8	21.2	9.2
1984-01-24	0	3.9	21.4	3.4
1984-01-25	0	4	24.3	1.2
1984-01-26	0	5.8	24.4	9.2
1984-01-27	0	6.4	20.4	5.5
1984-01-28	0	4.5	19.4	8.2
1984-01-29	0	2.6	20.4	4.5
1984-01-30	0	2.7	21.4	5.5
1984-01-31	0	3.2	21.4	5.2
1984-02-01	0	2.3	21.3	9.2
1984-02-02	0	2.7	22.2	8.2
1984-02-03	0	2.5	21.3	8.4
1984-02-04	0	0.5	22.4	5.4
1984-02-05	0	1.4	23.2	9.2
1984-02-06	0	0.5	22.2	6.4
1984-02-07	1.2	2.1	20.4	8.2
1984-02-08	1.4	1.1	20.2	8.2
1984-02-09	8.3	2.4	21.3	5.3
1984-02-10	0	1.3	24.3	8.2
1984-02-11	0	6	23.5	8.2
1984-02-12	0	2.3	21.3	9
1984-02-13	0	2.3	22.4	8.2
1984-02-14	0	1.1	24.2	9.2
1984-02-15	0	1.9	21.3	9.4
1984-02-16	0	1.5	23.4	8.2
1984-02-17	0	2.7	20.2	9.2
1984-02-18	0	2.7	21.3	6.4
1984-02-19	5.8	4.9	27.2	7.3
1984-02-20	0	6.8	28.5	9.3
1984-02-21	0	5.4	25.4	9.2
1984-02-22	0	8.3	27.2	8.5
1984-02-23	0	7.2	27.3	9.4
1984-02-24	0	4.2	21.4	8.2
1984-02-25	0	3.1	23.3	8.3
1984-02-26	0	7.1	26.2	5.5
1984-02-27	0	7.8	25.4	8.4
1984-02-28	0	6	24.4	8.4
1984-02-29	0	NULO	21.2	5.5
1984-03-01	0	1.2	23.4	5.5
1984-03-02	0	2.5	21.4	8.4
1984-03-03	0	2.6	22.4	8.2
1984-03-04	0	5.5	28.2	8.4
1984-03-05	0	4.5	22.4	8.2
1984-03-06	0	5.5	26.4	5.5
1984-03-07	0	6.1	22.5	9.5
1984-03-08	0	7.1	26.2	9.3
1984-03-09	0	7.2	24.2	9.5
1984-03-10	0	7.7	27.2	9.5
1984-03-11	0	7.3	25.5	9.3
1984-03-12	0	0.8	29.2	8.4
1984-03-13	3.4	5.2	27.2	11.2
1984-03-14	0	2	21.3	9.3
1984-03-15	0	3.8	22.4	8.2
1984-03-16	0	1.2	26.4	9.2
1984-03-17	0	3	24.4	9.3
1984-03-18	0	2.4	20.2	7.2
1984-03-19	0	3.1	24.3	9.2
1984-03-20	0	2.6	22.3	7.2
1984-03-21	5.4	7.7	22.4	9.2
1984-03-22	0	1.3	21.4	9.2
1984-03-23	0	1.6	21.3	5.5
1984-03-24	0	3.4	22.3	8.4
1984-03-25	0	3.6	23.3	8.4
1984-03-26	0	2.5	20.3	5.5
1984-03-27	0	3.4	26.4	4.2
1984-03-28	0	1.5	22.3	9.3
1984-03-29	0	0.5	21.4	9.4
1984-03-30	0	1.5	20.2	9.2
1984-03-31	0	11.1	31.2	8.2
1984-04-01	0	3.1	31.4	9.4
1984-04-02	0	9.3	32.3	10.3
1984-04-03	0	8.9	30.3	10.5
1984-04-04	0	4.7	25.2	10.4
1984-04-05	4	8.3	32.2	11.4
1984-04-06	0	2.7	30.3	11.4
1984-04-07	0	3.9	32.2	10.4
1984-04-08	0	2.2	32.2	10.4
1984-04-09	0	4.6	32.2	11.3
1984-04-10	0	4.3	30.4	9.4
1984-04-11	0	3.8	32.2	11.2
1984-04-12	0	3	32.2	11.3
1984-04-13	0	2.3	31.2	11.4
1984-04-14	0	1.4	33.2	8.2
1984-04-15	0	1.6	33.2	10.3
1984-04-16	0	6.5	33.3	11.4
1984-04-17	0	4.8	31.2	10.5
1984-04-18	0	1.2	32.3	10.5
1984-04-19	0	6.8	34.2	10.2
1984-04-20	0	7	32.2	11.2
1984-04-21	0	3.1	30.2	11.2
1984-04-22	0	1.5	31.2	11.4
1984-04-23	0	1.7	32.2	11.2
1984-04-24	0	2.2	30.2	9.2
1984-04-25	0	2.3	31.2	11.2
1984-04-26	0	2.3	32.2	10.4
1984-04-27	0	1.5	31.2	11.4
1984-04-28	0	2.7	34.2	10.4
1984-04-29	0	2.5	32.4	11.4
1984-04-30	0	1.8	35.2	15.2
1984-05-01	3	5.6	35.2	9.4
1984-05-02	0	9.1	33.3	15.2
1984-05-03	0	8.6	34.3	14.2
1984-05-04	0.01	6.5	34.2	16.2
1984-05-05	0	9.9	33.2	15.2
1984-05-06	0	6.4	34.2	13.3
1984-05-07	0	6.4	32.3	12.2
1984-05-08	0	4.7	34.4	12.2
1984-05-09	0	4.4	31.4	9.3
1984-05-10	3	0.8	29.3	9.5
1984-05-11	4	1.3	34.2	10.2
1984-05-12	0	3.7	34.2	10.5
1984-05-13	0	2.5	27.2	10.5
1984-05-14	0	3.7	22.2	9.3
1984-05-15	0	2.7	32.2	10.3
1984-05-16	4	0.5	25.2	9.3
1984-05-17	5.5	9.9	35.4	8.3
1984-05-18	0	3.6	31.4	12.3
1984-05-19	0	4	33.4	12.3
1984-05-20	0	3.1	29.3	12.5
1984-05-21	0	2	31.4	15.2
1984-05-22	0	3.2	23.2	9.5
1984-05-23	0	2.1	22.3	9.4
1984-05-24	0	6.4	24.2	12.2
1984-05-25	0	4.4	29.2	13.3
1984-05-26	0	5.8	29.3	9.4
1984-05-27	2	14.7	25.2	9.5
1984-05-28	0	0.5	27.2	9.3
1984-05-29	2	1.5	26.4	9.4
1984-05-30	2	4.8	21.2	9.2
1984-05-31	0	2.6	25.4	9.3
1984-06-01	0	1.9	29.5	10.2
1984-06-02	0	4.9	29.3	9.3
1984-06-03	2.8	1.2	27.4	8.2
1984-06-04	0	3.8	22.4	9.4
1984-06-05	2.2	4.5	22.5	9.5
1984-06-06	0	3.2	26.7	9.3
1984-06-07	0	1.8	28.2	9.4
1984-06-08	0	2.9	25.3	9.4
1984-06-09	0	2.8	29.3	9.4
1984-06-10	0	3.3	26.4	9.4
1984-06-11	21	3.8	24.2	9.4
1984-06-12	0	2.4	23.3	9.3
1984-06-13	0	1.7	26.3	9.4
1984-06-14	0	1.5	22.3	9.4
1984-06-15	0	1.3	27.3	9.4
1984-06-16	0	3.1	29.3	9.4
1984-06-17	0	4.6	22.4	9.5
1984-06-18	0	2.6	22.9	9.3
1984-06-19	0	2.8	29.4	9.4
1984-06-20	0	4.8	29.4	9.2
1984-06-21	0	3.5	29.3	9.3
1984-06-22	0	3.9	29.3	9.4
1984-06-23	0	5.9	26.3	9.4
1984-06-24	0	4.8	27.3	9.2
1984-06-25	0	2	28.2	9.2
1984-06-26	40	9.2	26.4	9.3
1984-06-27	5	1.2	28.2	9.5
1984-06-28	0	6.2	28.2	9.3
1984-06-29	1	1.7	27.2	9.2
1984-06-30	0	7.1	28.2	9.2
1984-07-01	1	3.2	28.2	13.3
1984-07-02	6	1.5	24.2	13.3
1984-07-03	11.5	3.2	28.2	13.2
1984-07-04	60	1.2	28.2	13.2
1984-07-05	9	4.7	28.2	13.2
1984-07-06	1	6.2	27.2	13.3
1984-07-07	1.5	4.4	26.2	12.2
1984-07-08	2	9.2	28.2	12.2
1984-07-09	1	9.8	27.2	13.2
1984-07-10	10	3.5	28.2	13
1984-07-11	7.5	2.7	22.2	13.2
1984-07-12	0.01	2.2	22.2	11.2
1984-07-13	5	1.9	23.2	11.2
1984-07-14	23	7.6	23.2	11.2
1984-07-15	0.01	5.4	25.2	11.2
1984-07-16	0	5.2	24.2	14.2
1984-07-17	0	3.6	25.2	11.2
1984-07-18	0	2.5	22.2	15
1984-07-19	0	4.7	26.2	10.3
1984-07-20	0	2.8	24.2	13.2
1984-07-21	0	3.7	25.2	11.2
1984-07-22	0	4.9	23.3	15.2
1984-07-23	0	6.2	25.2	14.2
1984-07-24	0	6.9	26.3	14.5
1984-07-25	0	8.2	24.2	15.4
1984-07-26	0	3.4	25.3	11.2
1984-07-27	0	3.7	26.2	12.2
1984-07-28	0	4	22.2	11.3
1984-07-29	0	3.9	25.3	12.3
1984-07-30	0	5.2	25.3	14.2
1984-07-31	0	NULO	25.2	13.2
1984-08-01	0	5.7	24.2	13.3
1984-08-02	0	1.7	26.2	13.3
1984-08-03	0	4	28.3	14.2
1984-08-04	0	3.3	26.2	15.3
1984-08-05	0	3.1	26.2	14.4
1984-08-06	0	2.9	27.3	14.2
1984-08-07	0	3.1	23.3	15.2
1984-08-08	22	2.6	27.3	11.2
1984-08-09	0	2.7	24.2	13.3
1984-08-10	0	2.8	25.3	11.2
1984-08-11	0	4.8	22.2	12.2
1984-08-12	0	2.3	26.2	12
1984-08-13	0	3.2	27.3	13.3
1984-08-14	0	2.2	26.4	14
1984-08-15	0	2.7	24.2	12.2
1984-08-16	0	1.4	25.2	11.2
1984-08-17	12	3.3	25.2	13.3
1984-08-18	0	1.3	25.4	10.2
1984-08-19	0	3.9	22.2	11.2
1984-08-20	0	2.3	20.2	12.3
1984-08-21	0	2.2	23.2	11.2
1984-08-22	0	2.7	22.2	13.2
1984-08-23	0	2.9	29.3	10.2
1984-08-24	0	3	22.2	12.3
1984-08-25	0	3.1	25.4	11.2
1984-08-26	1	7.5	26.4	11.2
1984-08-27	10	5.7	24.3	13.4
1984-08-28	8	6.7	25.2	12.2
1984-08-29	0	8.6	26.3	10.2
1984-08-30	0	5.9	25.2	11.3
1984-08-31	0	8.5	26.2	11.3
1984-09-01	0	7.5	26.2	12.2
1984-09-02	0	2.4	22.2	10.3
1984-09-03	0	2.1	23.3	10.2
1984-09-04	36	5.9	23.3	10.2
1984-09-05	15.5	3	17.2	10.2
1984-09-06	4.5	4.4	21.3	6.3
1984-09-07	0.01	3.8	23.3	10.2
1984-09-08	0	2.5	24.3	10.2
1984-09-09	3	2.6	22.3	11.2
1984-09-10	11.8	2.6	22.2	11.2
1984-09-11	0.01	1.8	21.2	11.2
1984-09-12	0.01	1.9	21.3	10.2
1984-09-13	2.5	7.1	22.3	10.2
1984-09-14	8	4.6	24.2	10.2
1984-09-15	6.5	3.9	23.3	11.2
1984-09-16	2.5	6.4	21.2	10.2
1984-09-17	1	1	22.2	10.2
1984-09-18	0	6.9	22.2	10.2
1984-09-19	0	4.7	22.2	11.2
1984-09-20	8	2.4	22.3	10.2
1984-09-21	2	2.1	23.3	10.3
1984-09-22	0	2.4	22.2	10.2
1984-09-23	0	6.2	22.2	10.2
1984-09-24	1	5.1	21.2	10.4
1984-09-25	0	3.6	24.2	10.3
1984-09-26	0	3.3	24.4	11.2
1984-09-27	6	3.9	23.2	13.3
1984-09-28	0	1.3	24.4	10.2
1984-09-29	0	1.3	23.3	10.3
1984-09-30	0	6.6	22.2	11.2
1984-10-01	0	2.1	24.2	12.2
1984-10-02	0	3.8	22.2	10.2
1984-10-03	0	6.2	23.3	10.3
1984-10-04	0	3.8	25.3	11.2
1984-10-05	0	3.6	24.4	13.3
1984-10-06	0	4.6	24.2	12.2
1984-10-07	0	6.3	25.2	8.4
1984-10-08	0	8.1	26.2	11.2
1984-10-09	0	5.2	26.2	10.2
1984-10-10	0	6.5	26.3	11.2
1984-10-11	0	2.2	23.3	11.2
1984-10-12	0	2.2	26.2	11.2
1984-10-13	0	1.3	26.3	11.2
1984-10-14	0	6.2	25.4	12.2
1984-10-15	0	2.9	28.3	11.2
1984-10-16	0	2.3	26.4	13.3
1984-10-17	0	5.7	21.2	12.2
1984-10-18	0	5.2	26.4	10.2
1984-10-19	0	6.8	26.4	14.4
1984-10-20	0	4.4	22.2	13.3
1984-10-21	0	6.6	21.3	11.2
1984-10-22	0	2.6	24.2	11.2
1984-10-23	0	4.7	24.2	11.2
1984-10-24	0	3.1	25.2	10.2
1984-10-25	0	3.1	26.5	11.2
1984-10-26	0	5.7	23.4	11.2
1984-10-27	0	4.9	25.3	12.3
1984-10-28	0	1.5	24.2	11.2
1984-10-29	0	2.7	21.4	9.3
1984-10-30	0	3.6	21.3	9.3
1984-10-31	0	2.6	22.3	9.5
1984-11-01	0	2.1	23.3	12.2
1984-11-02	0	2.3	23.3	13.3
1984-11-03	0	2.2	21.2	12.2
1984-11-04	0	2	23.2	9.3
1984-11-05	0	2.9	22.4	13.3
1984-11-06	0	1.8	21.3	11.2
1984-11-07	0	3	21.2	11.2
1984-11-08	0	5.5	22.2	11.3
1984-11-09	0	2.6	23.3	12.2
1984-11-10	0	3.9	21.2	13.3
1984-11-11	0	3.7	21.2	10.2
1984-11-12	0	6.4	23.3	10.2
1984-11-13	0	3.2	23.3	11.2
1984-11-14	0	2.8	21.2	12.2
1984-11-15	0	2.9	21.2	10.2
1984-11-16	0	4.5	22.2	11.2
1984-11-17	0	2.9	20.2	12.2
1984-11-18	0	4.4	22.2	10.2
1984-11-19	0	5.3	22.3	11.2
1984-11-20	0	2.1	23.3	9.2
1984-11-21	0	3.8	21.2	9.5
1984-11-22	0	3.3	22.3	10.2
1984-11-23	0	1.6	21.2	10.2
1984-11-24	0	2.7	23.3	10.2
1984-11-25	0	1.7	24.4	11.2
1984-11-26	0	2.3	23.3	12.2
1984-11-27	0	3	21.2	13.3
1984-11-28	0	3.1	21.2	10.2
1984-11-29	0	3.7	21.2	10.2
1984-11-30	0	2.4	23.3	11.2
1984-12-01	0	1.1	22.2	12.2
1984-12-02	8	8.9	19.2	11.2
1984-12-03	0	3.2	21.2	10.2
1984-12-04	0	2.7	21.2	11.2
1984-12-05	0	2.5	20.2	11.2
1984-12-06	0	4.4	22.2	10.2
1984-12-07	0	3	21.2	12.2
1984-12-08	0	3.1	21.2	11.2
1984-12-09	0	2.5	21.2	10.2
1984-12-10	0	2.9	26.2	10.3
1984-12-11	0	5.5	21.2	9.2
1984-12-12	0	3.2	22.3	10.2
1984-12-13	0	3.2	24.2	9.5
1984-12-14	0	4.3	21.2	9.2
1984-12-15	0	5.3	22.2	11.5
1984-12-16	0	5.5	23.3	11.2
1984-12-17	0	2.1	22.2	10.3
1984-12-18	0	1.9	25.3	10.2
1984-12-19	0	2.3	26.2	10.2
1984-12-20	0	3.9	23.3	7.3
1984-12-21	0	3.3	26.4	10.2
1984-12-22	0	4.4	23.3	10.2
1984-12-23	0	3.2	24.4	10.3
1984-12-24	0	4.6	21.2	11.2
1984-12-25	0	4.5	22.2	11.2
1984-12-26	0	1.2	24.4	10.2
1984-12-27	0	2.7	24.4	11.2
1984-12-28	0	2	26.4	10.2
1984-12-29	0	1.8	23.3	12.2
1984-12-30	0	1.9	22.2	11.2
1984-12-31	0	NULO	24.4	10.2
1985-01-01	0	2.3	24.4	11.2
1985-01-02	0	3.2	23.3	10.2
1985-01-03	0	2.5	25.3	9.4
1985-01-04	0	3.6	22.2	2.2
1985-01-05	0	2.8	21.2	5.4
1985-01-06	0	3.1	24.4	9.5
1985-01-07	0	2.2	24.4	5.5
1985-01-08	0	3.9	25.2	10.3
1985-01-09	0	4.7	25.3	9.5
1985-01-10	0	4.1	24.4	10.3
1985-01-11	0	1.7	22.2	11.2
1985-01-12	0	2.5	25.2	10.2
1985-01-13	0	3.8	22.2	11.2
1985-01-14	0	3.1	26.4	10.2
1985-01-15	0	4.1	26.4	12.2
1985-01-16	0	4.9	24.4	10.3
1985-01-17	0	1.1	26.4	10.2
1985-01-18	0	3.1	22.2	11.2
1985-01-19	0	2.1	21.2	10.2
1985-01-20	0	3.1	20.4	9.4
1985-01-21	0	3.3	21.4	9.5
1985-01-22	0	1.9	24.4	9.2
1985-01-23	0.01	3.6	24.4	11.2
1985-01-24	0	1.8	25.2	9.5
1985-01-25	0	3	26.4	10.2
1985-01-26	8	1.7	26.2	11.3
1985-01-27	0	4.2	24.4	9.5
1985-01-28	0	5.2	20.2	11.2
1985-01-29	0	6.7	22.3	9.5
1985-01-30	0	5.2	21.2	10.2
1985-01-31	0	8.2	24.4	11.2
1985-02-01	0	4.9	26.4	9.5
1985-02-02	0	4.6	24.4	11.2
1985-02-03	0	4.5	24.4	9.5
1985-02-04	0	4.9	26.3	10.2
1985-02-05	0	6.8	24.4	12.2
1985-02-06	0	4.4	25.3	11.2
1985-02-07	0	6.1	24.4	10.2
1985-02-08	0	3.9	22.2	10.2
1985-02-09	0	1.9	25.2	9.5
1985-02-10	0	2.1	24.4	11.3
1985-02-11	0	2.4	24.4	10.2
1985-02-12	0	4.6	26.4	10.2
1985-02-13	0	4.9	24.4	11.2
1985-02-14	0	2.7	22.2	10.2
1985-02-15	0	3.2	25.2	9.5
1985-02-16	0	6.6	24.4	10.2
1985-02-17	0	4.1	26.2	11.3
1985-02-18	0	3.9	28.3	11.2
1985-02-19	0	3.3	24.4	12.2
1985-02-20	0	3.1	29.3	11.2
1985-02-21	0	2.2	24.4	10.2
1985-02-22	0.01	3.9	26.4	11.2
1985-02-23	0	3.1	22.2	12.2
1985-02-24	2.5	6.4	26.4	10.2
1985-02-25	4	5.6	25.3	12.3
1985-02-26	0.01	5.4	26.4	11.2
1985-02-27	0	3.1	25.3	9.2
1985-02-28	0	2.2	24.4	12.2
1985-03-01	0	5	26.2	10.2
1985-03-02	0	1.8	24.4	12.2
1985-03-03	0	2.9	25.2	10.2
1985-03-04	0	3.4	26.3	11.2
1985-03-05	0	4.1	25.3	10.2
1985-03-06	0	2.7	27.4	11.2
1985-03-07	0	7.6	27.4	6.2
1985-03-08	0	5.8	27.3	6.4
1985-03-09	0	7.8	25.4	6.5
1985-03-10	0	7.5	27.4	12.2
1985-03-11	0	3.2	26.4	11.2
1985-03-12	0	2.6	28.4	13.3
1985-03-13	0.01	6.1	27.3	8.5
1985-03-14	0	6.9	26.4	6.4
1985-03-15	0	6.4	27.2	11.2
1985-03-16	0	4.8	25.3	10.3
1985-03-17	0	5.2	24.4	10.2
1985-03-18	0	5.8	26.2	12.2
1985-03-19	0	4.5	24.4	13.3
1985-03-20	0	6.8	29.4	7.2
1985-03-21	0	6.3	29.4	6.2
1985-03-22	0	7.7	29.2	6.2
1985-03-23	0	2.8	27.3	10.2
1985-03-24	10	8.7	28.3	7.3
1985-03-25	0.01	7.4	27.3	6.4
1985-03-26	8.5	2.5	28.3	10.2
1985-03-27	5.5	10.7	27.2	9.5
1985-03-28	0	11.1	28.2	7.3
1985-03-29	0	6.1	28.4	6.2
1985-03-30	0	8.4	26.4	8.2
1985-03-31	0	NULO	29.2	9.2
1985-04-01	0	7.8	23.2	6.4
1985-04-02	2.5	5.3	26.2	6.3
1985-04-03	0.01	3.9	27.3	8.5
1985-04-04	0	4.3	29.4	7.2
1985-04-05	0.01	6.5	26.4	6.4
1985-04-06	12.2	6.9	27.3	9.5
1985-04-07	2.5	6.8	28.4	10.2
1985-04-08	5	9	28.4	6.2
1985-04-09	12	3.7	28.2	6.2
1985-04-10	4.5	7.8	28.2	6.4
1985-04-11	6	2.5	27.3	7.2
1985-04-12	0.01	2.2	29.4	6.4
1985-04-13	4	1.8	26.4	6.4
1985-04-14	0	2.7	29.4	8.5
1985-04-15	0	2.9	28.3	6.5
1985-04-16	0	2.9	29.4	2.2
1985-04-17	5	9	28.3	6.5
1985-04-18	0.01	2.2	27.2	7.3
1985-04-19	0	3.5	26.4	9.5
1985-04-20	0	3.9	28.3	6.5
1985-04-21	0	4.4	28.2	6.5
1985-04-22	0	3.3	27.2	7.3
1985-04-23	0	3.5	29.4	8.3
1985-04-24	18.3	7.9	27.3	6.5
1985-04-25	0	6.2	29.4	7.2
1985-04-26	0	8	27.3	6.5
1985-04-27	0.01	6.5	29.2	11.2
1985-04-28	0	7.2	28.3	7.2
1985-04-29	0	4.8	28.3	6.5
1985-04-30	0	6.5	29.4	7.5
1985-05-01	0	2	28.3	9.5
1985-05-02	16.2	5	29.4	10.2
1985-05-03	0	3.7	28.4	12.2
1985-05-04	28.5	5.2	28.4	9.5
1985-05-05	0	2.2	26.3	9.5
1985-05-06	0	5.8	26.4	8.5
1985-05-07	0	2.4	28.2	8.5
1985-05-08	0	3.2	27.3	10.2
1985-05-09	0	4.1	28.3	11.2
1985-05-10	0.01	4.4	27.3	9.5
1985-05-11	0	2.8	30.2	6.5
1985-05-12	0	5.9	27.3	13.3
1985-05-13	0	1.8	27.3	10.2
1985-05-14	0	3.2	26.3	10.2
1985-05-15	0	3.2	26.4	9.5
1985-05-16	6.5	4.7	28.4	9.5
1985-05-17	4.5	9.8	28.4	10.2
1985-05-18	0	1.9	28.3	10.2
1985-05-19	0	4.1	22.2	10.2
1985-05-20	0	4.1	28.4	8.5
1985-05-21	0	3.1	25	9.5
1985-05-22	0	2.1	26.2	7.5
1985-05-23	0	4.8	27.3	8.4
1985-05-24	0	1.9	24.2	9.4
1985-05-25	0	1.3	29.4	7.5
1985-05-26	0	2.1	28.2	10.3
1985-05-27	0	1.8	26.3	9.5
1985-05-28	0	7.2	27.3	8.2
1985-05-29	0	5.5	28.3	8.4
1985-05-30	0	7.2	28.3	9.5
1985-05-31	0	2.7	27.2	8.5
1985-06-01	0	2.7	28.4	10.2
1985-06-02	3.5	5.5	25.3	9.4
1985-06-03	10.5	5.8	26.4	9.8
1985-06-04	20.3	10.6	27.2	9.4
1985-06-05	5	5.5	28.4	8.4
1985-06-06	0	3.6	26.4	8.4
1985-06-07	0	3.3	27.3	9.5
1985-06-08	0	4.4	28.3	10.3
1985-06-09	0.01	2.2	27.2	10.2
1985-06-10	0	2.1	27.3	8.5
1985-06-11	0	6.9	26.4	9.4
1985-06-12	8.4	5.2	25.2	8.2
1985-06-13	0	5.8	28.3	9.5
1985-06-14	0	7.1	29.4	10.2
1985-06-15	10	4.7	27.3	8.4
1985-06-16	8.5	5	26.4	12.2
1985-06-17	7.2	3.5	26.3	7.3
1985-06-18	10.5	5.6	25.3	10.2
1985-06-19	12	7.5	27.3	9.5
1985-06-20	13	6.3	24.4	10.2
1985-06-21	10.2	6.5	25.4	10.2
1985-06-22	5	0.9	27.4	9.3
1985-06-23	12.2	7.8	25.3	10.3
1985-06-24	15	6.9	26.4	8.3
1985-06-25	12	2.6	26.4	9.5
1985-06-26	0	5.5	25.2	9.5
1985-06-27	0.01	7.9	28.4	7.5
1985-06-28	8.2	4.3	26.2	10.2
1985-06-29	12.5	5.3	27.3	8.2
1985-06-30	0	4.4	26.2	9.5
1985-07-01	0.01	1.8	27.3	9.4
1985-07-02	0	2.5	28.3	9.3
1985-07-03	0	0.5	26.3	9.5
1985-07-04	0	1.2	27.3	8.5
1985-07-05	20	1.4	28.3	9.4
1985-07-06	0	1	29.4	9.5
1985-07-07	0	3.2	25.4	8.5
1985-07-08	0.01	4.9	24.4	9.5
1985-07-09	0	3.1	27.4	8.5
1985-07-10	10.2	1.4	24.4	10.2
1985-07-11	5.2	6.3	24.4	9.5
1985-07-12	12.3	5.7	26.4	9.5
1985-07-13	0	3	28.3	10.2
1985-07-14	9.4	2.8	27.3	8.3
1985-07-15	0	3.6	28.3	11.2
1985-07-16	0	3.1	27.3	9.5
1985-07-17	0	2	28.2	9.4
1985-07-18	0	4.5	29.4	8.4
1985-07-19	10.2	6.3	27.3	8.4
1985-07-20	5.5	4.9	24.4	10.2
1985-07-21	0	2.4	27.3	10.2
1985-07-22	11.2	3.2	26.3	9.5
1985-07-23	0	4.3	24.4	10.2
1985-07-24	0	3.3	27.3	10.2
1985-07-25	11	2.2	25.4	9.5
1985-07-26	0	6.3	26.3	9.4
1985-07-27	4.5	4	24.4	10.2
1985-07-28	0	8.5	27.3	10.2
1985-07-29	0	6.8	25.3	11.5
1985-07-30	0	1.7	27.2	9.5
1985-07-31	0	1.5	26.4	9.2
1985-08-01	0	1.1	25.4	10.2
1985-08-02	0	1.8	26.4	9.4
1985-08-03	0	2.1	25.2	9.3
1985-08-04	0	2.5	21.3	11.2
1985-08-05	0	1	24.3	11.2
1985-08-06	0	0.1	22.4	11.3
1985-08-07	5.8	9.1	28.2	9.3
1985-08-08	4.2	4	26.3	9.4
1985-08-09	0	3.5	24.2	9.4
1985-08-10	0	5	21.4	9.5
1985-08-11	0	0.7	26.2	9.3
1985-08-12	0	1.8	24.5	9.8
1985-08-13	0	2	25.4	10.2
1985-08-14	0	0.7	21.4	9.2
1985-08-15	12.4	8.9	22.2	9.3
1985-08-16	20.5	1.7	26.4	9.3
1985-08-17	0	0.8	22.3	9.3
1985-08-18	0	1.3	23.2	9.5
1985-08-19	0	9	24.4	9.5
1985-08-20	0	5.2	26.4	8.4
1985-08-21	0	1.7	21.3	9.5
1985-08-22	0	2.7	22.4	10.2
1985-08-23	0	1.8	21.2	9.3
1985-08-24	0	1.7	26.4	9.4
1985-08-25	0	4.3	21.3	9.4
1985-08-26	0	3.2	21.3	9.4
1985-08-27	0	3.3	26.4	9.4
1985-08-28	0	2.2	27.3	7.2
1985-08-29	0	0.8	27.3	7.4
1985-08-30	0	2.2	25.2	10.2
1985-08-31	0	10.8	26.4	6.4
1985-09-01	0	4.2	26.3	8.4
1985-09-02	0	3.1	25.2	9.4
1985-09-03	0	2.8	27.3	9.3
1985-09-04	0	2.6	26.4	8.4
1985-09-05	0	3.1	28.4	8.5
1985-09-06	0	3.7	27.3	10.2
1985-09-07	0	3.5	28.3	8.4
1985-09-08	0	4.7	26.4	9.4
1985-09-09	0	6.8	28.4	8.2
1985-09-10	0	4.1	26.4	10.2
1985-09-11	4	4.7	27.3	8.4
1985-09-12	0	0.7	21.4	7.3
1985-09-13	0	1	21.4	9.5
1985-09-14	0	1.8	21.4	9.5
1985-09-15	0	2.5	21.3	9.5
1985-09-16	0	3.1	22.4	9.3
1985-09-17	0	1.6	21.3	9.3
1985-09-18	0	7.7	26.4	9.3
1985-09-19	0	4.4	21.4	9.3
1985-09-20	0	3	24.4	6.2
1985-09-21	0	4.8	26.2	6.3
1985-09-22	0	6.3	27.3	6.4
1985-09-23	0	4.8	28.4	6.4
1985-09-24	0	5.2	28.4	6.4
1985-09-25	0	4.8	28.4	6.4
1985-09-26	0	6.3	29.4	6.5
1985-09-27	0	3	28.4	6.4
1985-09-28	3.5	1.4	28.4	6.4
1985-09-29	7	2.8	28.4	6.5
1985-09-30	0	3.2	27.3	6.4
1985-10-01	0	3.5	28.3	6.4
1985-10-02	0	4.8	27.3	6.4
1985-10-03	0	4.2	28.4	6.4
1985-10-04	9.5	3.9	28.4	7.3
1985-10-05	1.5	7.4	27.3	6.5
1985-10-06	0	4.9	27.2	6.4
1985-10-07	0	3.3	28.2	6.4
1985-10-08	0	5.9	29.4	6.2
1985-10-09	0	2.1	28.3	6.4
1985-10-10	0	3.2	27.4	6.4
1985-10-11	0	4.2	29.4	6.2
1985-10-12	0	4.1	28.4	6.3
1985-10-13	0	5.3	26.4	9.3
1985-10-14	0	3.4	27.3	7.2
1985-10-15	0	3.4	27.3	6.3
1985-10-16	0	3.1	28.3	6.4
1985-10-17	0	2.7	27.3	5.3
1985-10-18	0	2.6	27.3	6.4
1985-10-19	0	2.9	29.3	6.5
1985-10-20	6.5	3.4	28.2	7.3
1985-10-21	0	3.2	28.4	7.3
1985-10-22	0	4.5	27.3	6.3
1985-10-23	0	4.3	27.3	6.4
1985-10-24	0	6.1	28.4	7.3
1985-10-25	0	2.5	28.4	6.5
1985-10-26	0	6.2	28.3	5.2
1985-10-27	0	4.3	26.3	5.2
1985-10-28	0	2.3	28.3	5.3
1985-10-29	0	5.6	29.4	7.2
1985-10-30	0	5.5	28.3	9.5
1985-10-31	0	4.3	25.3	9.4
1985-11-01	0	4.9	27.3	6.2
1985-11-02	0	3.3	28.3	5.2
1985-11-03	0	3.1	28.4	6.2
1985-11-04	0	3.8	27.3	5.3
1985-11-05	0	4.3	25.2	6.2
1985-11-06	0	3.3	27.3	8.2
1985-11-07	0	5.5	24.4	6.5
1985-11-08	0	4.9	25.3	5.3
1985-11-09	0	4.1	27.3	5.2
1985-11-10	0	5.3	27.3	6.2
1985-11-11	0	3.4	28.2	6.3
1985-11-12	0	4.7	27.4	5.3
1985-11-13	0	4.3	27.3	4.2
1985-11-14	0	6.6	27.3	6.4
1985-11-15	0	2.3	26.4	6.2
1985-11-16	0	5.2	27.3	6.2
1985-11-17	0	3	27.3	6.4
1985-11-18	0	3.5	28.4	5.2
1985-11-19	0	2.5	27.2	5.2
1985-11-20	0	4.1	28.2	5.2
1985-11-21	0	4.1	29.4	5.2
1985-11-22	0	3.4	27.3	11.3
1985-11-23	0	4.1	28.2	11.2
1985-11-24	0	2.2	28.4	6.4
1985-11-25	0	3.9	27.3	5.3
1985-11-26	0	3.7	28.4	5.3
1985-11-27	3	2.2	28.3	5.2
1985-11-28	0	5.8	28.4	6.2
1985-11-29	0	1.6	28.4	5.3
1985-11-30	0	5.2	NULO	NULO
1985-12-01	0	5.2	27.3	7.2
1985-12-02	0	3.9	28.3	7.3
1985-12-03	0	2	27.3	6.2
1985-12-04	0	2.6	26.3	8.4
1985-12-05	0	4.5	27.3	8.2
1985-12-06	0	2.1	26.3	5.2
1985-12-07	0	6	27.3	4.2
1985-12-08	0	2.2	27.3	6.2
1985-12-09	0	2.9	27.3	5.2
1985-12-10	0	2.1	25.3	6.2
1985-12-11	0	3.1	27.3	9.2
1985-12-12	0	1.8	27.3	5.2
1985-12-13	0	4.3	25.2	5.3
1985-12-14	0	3.1	27.3	4.3
1985-12-15	0	3	24.4	9.2
1985-12-16	0	1.4	25.2	6.2
1985-12-17	0	2.7	28.4	5.2
1985-12-18	0	2	27.3	4.2
1985-12-19	0	3.4	28.2	4.2
1985-12-20	0	5.3	28.3	5.2
1985-12-21	0	3.2	27.2	10.2
1985-12-22	0	3.1	26.2	4.3
1985-12-23	0	1.3	27.3	6.3
1985-12-24	0	2.8	28.2	10.2
1985-12-25	0	3.7	27.3	6.2
1985-12-26	0	3.9	28.3	5.3
1985-12-27	0	4.1	28.3	6.4
1985-12-28	0	3.5	27.2	4.2
1985-12-29	0	4	27.2	6.3
1985-12-30	0	3.1	27.2	5.2
1985-12-31	0	2	26.3	5.2
1986-01-01	0	1.9	29.4	5.5
1986-01-02	0	7.1	27.2	8.6
1986-01-03	0	3.5	26.4	8.3
1986-01-04	0	2.1	27.3	5.2
1986-01-05	0	1.2	27.3	6.3
1986-01-06	0	2.3	27.2	6.2
1986-01-07	0	4.9	27.3	6.3
1986-01-08	0	3.8	27.3	6.2
1986-01-09	0	3.2	26.4	5.3
1986-01-10	0	2.4	26.4	7.2
1986-01-11	0	2.1	25.3	6.3
1986-01-12	0	1.5	28.3	6.2
1986-01-13	0	1.8	25.3	6.2
1986-01-14	0	2.1	27.3	5.2
1986-01-15	0	3.5	27.3	6.4
1986-01-16	0	2.2	26.4	5.2
1986-01-17	0	4.7	27.2	7.3
1986-01-18	0	2.9	27.3	6.3
1986-01-19	0	2.4	21.3	7.2
1986-01-20	0	5.5	21.4	9.2
1986-01-21	0	4.1	20.4	5.5
1986-01-22	0	2.2	20.4	5.5
1986-01-23	0	3.8	21.2	5.5
1986-01-24	0	3.3	20.4	5.4
1986-01-25	0	1.4	20.2	5.5
1986-01-26	0	2.6	21.2	5.4
1986-01-27	0	3.9	20.2	5.4
1986-01-28	0	1.7	21.4	5.4
1986-01-29	0	2.2	20.3	5.5
1986-01-30	0	1.9	21.3	4.2
1986-01-31	0	2.3	21.2	4.2
1986-02-01	0	1.2	21.2	5.5
1986-02-02	0	2.3	21.2	5.2
1986-02-03	0	2.2	21.2	5.5
1986-02-04	0	3.3	21.2	5.5
1986-02-05	0	2.5	26.4	5.5
1986-02-06	0	2.2	21.2	9.3
1986-02-07	0	1.3	21.2	9.4
1986-02-08	0	1.2	20.4	8.4
1986-02-09	0	1.9	21.3	8.4
1986-02-10	0	2.7	21.4	9.3
1986-02-11	0	1.9	21.2	5.5
1986-02-12	0	2.6	21.2	9.4
1986-02-13	0	2.4	21.2	5.5
1986-02-14	0	1.7	21.2	5.4
1986-02-15	0	2.1	27.2	9.2
1986-02-16	0	1.7	28.3	9.2
1986-02-17	0	3.5	21.4	8.4
1986-02-18	0	5	21.4	9.2
1986-02-19	0	4.1	21.3	9.4
1986-02-20	0	6.8	22.3	5.4
1986-02-21	0	4.3	21.2	8.5
1986-02-22	0	5.6	22.3	9.3
1986-02-23	0	3.8	26.4	9.3
1986-02-24	0	5.9	22.3	9.5
1986-02-25	0	3.2	26.4	9.4
1986-02-26	0	4.8	26.4	9.4
1986-02-27	0	2.2	21.2	9.4
1986-02-28	0	1.8	26.4	9.3
1986-03-01	0	1.5	21.2	9.2
1986-03-02	0	1.5	22.4	8.4
1986-03-03	0	1.3	23.4	7.3
1986-03-04	0	1.9	28.3	9.6
1986-03-05	0	5.9	28.4	9.4
1986-03-06	0	6.6	26.5	9
1986-03-07	0	5.8	22.4	3.3
1986-03-08	0	1.8	26.4	8.4
1986-03-09	0	4.6	21.2	9.2
1986-03-10	0	4	23.2	9.4
1986-03-11	0	3	30.2	9.5
1986-03-12	0	6.2	26.4	9.3
1986-03-13	0	8	30.5	9.3
1986-03-14	0	1	27.3	2.4
1986-03-15	0	2.2	21.3	9.4
1986-03-16	0	1.5	22.3	9.4
1986-03-17	0	2.2	27.3	9.3
1986-03-18	0	3	28.3	8.3
1986-03-19	0	5.3	27.3	5.2
1986-03-20	0	5.5	21.3	9.3
1986-03-21	0	4.1	21.3	9.3
1986-03-22	0	6	27.2	9.4
1986-03-23	0	4.4	21.3	9.4
1986-03-24	0	6.2	21.4	9.4
1986-03-25	0	2.4	21.4	8.5
1986-03-26	0	6.9	27.3	9.5
1986-03-27	0	6.8	31.2	9.4
1986-03-28	0	6.6	25.2	9.3
1986-03-29	0	3.9	21.4	6.4
1986-03-30	0	3.7	21.3	9.3
1986-03-31	0	5.5	27.4	9.4
1986-04-01	0	2.5	29.2	5.5
1986-04-02	0	5.3	21.2	10.2
1986-04-03	0	5.9	22.4	8.3
1986-04-04	0	5.7	29.4	9.3
1986-04-05	0	3.2	26.3	7.3
1986-04-06	0	7.2	23.3	9.4
1986-04-07	0	4.3	25.2	9.3
1986-04-08	0	1	25.3	6.2
1986-04-09	0	2	23.4	9.2
1986-04-10	0	2.9	23.2	9.3
1986-04-11	0	3.1	26.3	9.3
1986-04-12	0	3.4	24.2	9.3
1986-04-13	5	1.7	33.2	9.3
1986-04-14	5.4	5.3	32.5	9.4
1986-04-15	7.3	1.8	27.2	9.5
1986-04-16	1.5	1.7	26.2	9.3
1986-04-17	8.4	2.3	26.4	8.3
1986-04-18	0	1.5	23.4	9.3
1986-04-19	1.2	4.3	23.4	9.3
1986-04-20	6.2	2.5	22.3	9.3
1986-04-21	0	2.3	22.3	11.3
1986-04-22	1.2	2.1	21.2	6.2
1986-04-23	0	2.4	21.3	6.4
1986-04-24	0	2.5	29.3	6.2
1986-04-25	0	1.5	23.4	9.5
1986-04-26	8.4	1.7	25.2	9.3
1986-04-27	3.4	2.2	29.4	5.5
1986-04-28	15.4	1.8	29.3	9.3
1986-04-29	5.5	2.3	21.2	9.2
1986-04-30	0	6.3	26.3	9.3
1986-05-01	1	7.1	29.3	9.3
1986-05-02	0	6	24.3	9.3
1986-05-03	0	7.4	22.3	9.2
1986-05-04	0	4.8	22.3	9.3
1986-05-05	0	6.1	27.3	9.3
1986-05-06	0	2.7	26.3	9.3
1986-05-07	6.5	3.4	31.3	9.4
1986-05-08	0	2.1	23.3	10.2
1986-05-09	0	1.7	30.2	9.4
1986-05-10	0	2.8	29.3	9.3
1986-05-11	0	2.2	29.3	9.9
1986-05-12	0.01	1.1	32.5	5.5
1986-05-13	0	9.9	31.3	9.3
1986-05-14	0	6.2	33.2	9.4
1986-05-15	0	1.5	31.2	9.3
1986-05-16	45.4	2.6	26.4	9.3
1986-05-17	0	3.3	26.3	9.3
1986-05-18	0	4.1	31.2	9.2
1986-05-19	0	2.4	29.3	9.3
1986-05-20	0	3.4	31.3	9.4
1986-05-21	0	5	26.5	9.3
1986-05-22	0	1.8	21.4	9.3
1986-05-23	0	2.5	21.4	9.3
1986-05-24	0	1	21.4	9.3
1986-05-25	0	3.2	28.2	9.3
1986-05-26	0	7.3	29.4	9.3
1986-05-27	0	5.2	29.4	9.3
1986-05-28	0	2.9	29.4	9.3
1986-05-29	0	1.6	24.2	11.3
1986-05-30	0	4.3	25.5	10.2
1986-05-31	0	6.8	26	14.2
1986-06-01	0	2.8	29.2	9.3
1986-06-02	0	4.1	25.3	9.3
1986-06-03	25	2.1	28.3	9.3
1986-06-04	23.4	2.1	25.3	9.2
1986-06-05	0	1.4	26.4	9.4
1986-06-06	0	1.3	26.4	9.3
1986-06-07	0	4.1	26.3	9.5
1986-06-08	5.5	2.8	27.2	6.2
1986-06-09	2.4	2.5	25.4	9.4
1986-06-10	0	1.7	26.4	9.3
1986-06-11	0	2.2	29.3	9.3
1986-06-12	7	6.6	24.4	9.4
1986-06-13	0.01	6	23.4	9.3
1986-06-14	0	3	21.2	9.3
1986-06-15	0	5.1	29.4	9.3
1986-06-16	0	1.4	29.3	9.5
1986-06-17	0	1.5	22.3	9.5
1986-06-18	8	2.4	25.6	9.2
1986-06-19	10.2	7.8	25.2	9.3
1986-06-20	5	6.8	22.4	9.3
1986-06-21	0	5.3	22.4	9.4
1986-06-22	0	1.5	26.4	7.3
1986-06-23	2.5	1.3	21.2	9.3
1986-06-24	3	1.4	29.3	5.5
1986-06-25	4.2	2.6	26.2	6.4
1986-06-26	0	2.2	24.2	10.3
1986-06-27	0	1.9	24.2	5.4
1986-06-28	0	2.5	23.3	6.2
1986-06-29	0	3.1	29.3	8.2
1986-06-30	0	1	29.3	6.4
1986-07-01	0	4.1	27.2	9.3
1986-07-02	0	1.7	27.2	9.3
1986-07-03	0	2.5	26.4	9.3
1986-07-04	0	1.5	26.4	9.2
1986-07-05	0	2.2	21.3	9.3
1986-07-06	0	3.9	27.3	9.4
1986-07-07	0	1.8	29.3	9.4
1986-07-08	0	4.7	21.4	9.4
1986-07-09	0	3.3	29.4	9.3
1986-07-10	0	4	29.4	7.3
1986-07-11	0	5.7	27.4	9.3
1986-07-12	0	6.7	29.4	9.3
1986-07-13	0	5	27.3	9.3
1986-07-14	0	4.5	26.4	10.2
1986-07-15	0	9.8	21.3	9.3
1986-07-16	0	6.8	26.3	9.3
1986-07-17	0	6.3	26.4	9.4
1986-07-18	0	5.7	26.4	9.3
1986-07-19	0	3.4	21.4	9.3
1986-07-20	0	3.1	21.2	9.3
1986-07-21	0	2.1	21.3	9.3
1986-07-22	0	1.4	29.4	9.4
1986-07-23	0	2.1	29.4	9.3
1986-07-24	0	2.2	29.4	9.3
1986-07-25	9	2.2	27.3	9.3
1986-07-26	0	2.5	29.4	9.5
1986-07-27	0	1.5	29.3	9.3
1986-07-28	69.5	1.6	27.3	7.4
1986-07-29	0	1.4	27.2	12.3
1986-07-30	0	2.2	29.3	9.3
1986-07-31	0	2	27.3	9.4
1986-08-01	0	2.9	27.3	9.4
1986-08-02	0	4.8	27.4	9.3
1986-08-03	0	4.2	27.4	7.3
1986-08-04	0	3.1	26.4	9.3
1986-08-05	0	2.8	29.4	9.3
1986-08-06	0	2.2	21.3	9.3
1986-08-07	0	3.9	28.4	9.4
1986-08-08	0	4.1	21.4	9.5
1986-08-09	0	4.1	22.4	9.3
1986-08-10	0	4.7	21.4	9.3
1986-08-11	0	2.6	22.4	9.3
1986-08-12	0	3.9	29.3	9.3
1986-08-13	0	4.5	21.3	9.3
1986-08-14	0	6.4	21.4	9.4
1986-08-15	0	2.8	26.4	9.3
1986-08-16	0	5.2	29.4	9.3
1986-08-17	0	6.9	29.4	9.3
1986-08-18	0	4.9	24.3	9.5
1986-08-19	0	4.2	24.4	7.3
1986-08-20	0	5.1	25.2	6.5
1986-08-21	0	6.1	23.3	5.2
1986-08-22	0	3.8	22.2	6.3
1986-08-23	0	5.6	25.2	6.2
1986-08-24	0	7.7	24.3	5.3
1986-08-25	0	6.7	25.3	5.2
1986-08-26	0	6.3	24.4	6.2
1986-08-27	0	3.7	25.3	5.2
1986-08-28	0	3.3	24.3	6.4
1986-08-29	0	2.2	29.4	5.3
1986-08-30	0	4.7	29.4	9.3
1986-08-31	0	NULO	27.2	9.3
1986-09-01	0	2.4	29.4	6.3
1986-09-02	0	2.8	23.3	5.2
1986-09-03	0	3.8	24.4	5.2
1986-09-04	12.2	5.4	25.2	6.2
1986-09-05	0	3.8	24.2	5.3
1986-09-06	0	3	23.2	6.3
1986-09-07	15	1.9	27.2	6.2
1986-09-08	0	3.1	26.4	7.3
1986-09-09	0	3.2	26.4	6.3
1986-09-10	0	2.8	27.2	7.2
1986-09-11	9.4	3	27.2	9.3
1986-09-12	0	3.6	24.2	9.4
1986-09-13	0	3.6	27.3	9.2
1986-09-14	0	3.3	26.4	9.2
1986-09-15	0	3.2	24.4	9.4
1986-09-16	0	7.5	20.2	8.2
1986-09-17	0	2.8	27.3	11.2
1986-09-18	0	6.4	24.4	9.5
1986-09-19	28	3.2	27.3	9.2
1986-09-20	0	4.7	27.3	9.5
1986-09-21	0	5.3	27.3	9.5
1986-09-22	0	4.2	24.2	9.4
1986-09-23	15	1.7	21.3	9.2
1986-09-24	0	4	25.2	9.4
1986-09-25	0	4.1	26.4	8.4
1986-09-26	0	3.1	21.4	9.3
1986-09-27	0	3.3	27.3	9.5
1986-09-28	18	8.8	27.3	9.5
1986-09-29	0	4.5	26.4	9.5
1986-09-30	0	4.5	29.3	8.2
1986-10-01	0	6	29.3	9.4
1986-10-02	0	6.2	26.4	9.4
1986-10-03	0	4.3	27.3	9.5
1986-10-04	15	4.5	23.3	10.2
1986-10-05	0	2.7	24.4	9.4
1986-10-06	0	2.4	22.2	10.3
1986-10-07	0	4.3	26.4	8.3
1986-10-08	0	2.1	24.3	9.5
1986-10-09	0	3.1	26.4	9.2
1986-10-10	0	4.3	27.3	9.5
1986-10-11	0	3.4	28.2	9.5
1986-10-12	0	1.2	27.3	10.2
1986-10-13	0	4.9	27.3	9.4
1986-10-14	0	5.4	27.2	10.2
1986-10-15	0	2.8	24.4	9.5
1986-10-16	0	4	27.2	9.2
1986-10-17	0	2.8	27.3	8.5
1986-10-18	0	4.4	24.4	9.2
1986-10-19	0	4.4	26.4	8.2
1986-10-20	0	3.8	27.3	9.2
1986-10-21	0	3.5	28.2	9.5
1986-10-22	4.5	6.4	29.4	9.5
1986-10-23	0	4	22.3	9.4
1986-10-24	0	3.7	26.4	9.5
1986-10-25	0	3.1	28.2	9.5
1986-10-26	0	4.4	27.4	11.2
1986-10-27	0	1.9	25.3	9.3
1986-10-28	0	3.6	28.4	8.2
1986-10-29	0	4.8	26.4	9.5
1986-10-30	0	1.9	29.4	7.4
1986-10-31	0	NULO	28.2	9.3
1986-11-01	0	3.5	29.4	9.3
1986-11-02	0	4	29.3	9.4
1986-11-03	12.3	5.2	29.4	9.4
1986-11-04	7	4.8	27.2	9.3
1986-11-05	0	1.7	28.2	10.2
1986-11-06	0	4.1	27.3	10.2
1986-11-07	0	3.2	27.2	8.5
1986-11-08	0	4.1	27.3	7.4
1986-11-09	0	4.3	27.3	9.5
1986-11-10	0	4.1	26.4	9.5
1986-11-11	0	4.5	27.3	8.4
1986-11-12	0	1.5	24.4	7.2
1986-11-13	0	3.1	26.4	6.2
1986-11-14	0	3.2	27.3	9.5
1986-11-15	0	2.8	27.3	8.5
1986-11-16	0	4.8	27.3	9.4
1986-11-17	0	2.3	27.3	9.2
1986-11-18	0	4.6	28.2	9.2
1986-11-19	0	2.5	28.2	9.5
1986-11-20	0	3.5	29.4	7.2
1986-11-21	0	2.3	27.3	7.2
1986-11-22	0	4.3	27.3	8.5
1986-11-23	0	2.5	26.4	9.5
1986-11-24	0	3.2	28.2	9.4
1986-11-25	8	3.2	23.3	9.5
1986-11-26	0	1.9	23.3	9.4
1986-11-27	0	2.8	24.4	6.5
1986-11-28	0	3.9	29.3	7.3
1986-11-29	0	3.3	27.3	9.4
1986-11-30	0	1.5	29.4	9.3
1986-12-01	0	3.5	29.4	9.3
1986-12-02	0.01	2.9	27.3	9.3
1986-12-03	8.2	5.2	27.3	9.5
1986-12-04	0	3.6	28.3	6.2
1986-12-05	0	4.7	26.3	9.7
1986-12-06	0	4.1	27.2	5.3
1986-12-07	0	2.9	27.3	6.3
1986-12-08	0	4.8	27.3	7.3
1986-12-09	0	3.3	25.2	7.2
1986-12-10	0	3.9	25.2	6.2
1986-12-11	0	3.9	25.2	6.2
1986-12-12	0	3.2	27.2	5.2
1986-12-13	0	4.2	26.2	5.2
1986-12-14	0	2.9	26.3	6.2
1986-12-15	0	3.1	26.4	9.5
1986-12-16	0	2.7	27.2	6.2
1986-12-17	0	4.1	25.2	5.2
1986-12-18	0	3.2	27.2	5.2
1986-12-19	6	1.4	26.3	6.4
1986-12-20	0	3.2	26.3	5.2
1986-12-21	0	4.3	27.2	6.2
1986-12-22	0	2	26.3	5.3
1986-12-23	0	3.5	26.2	6.5
1986-12-24	0	2.3	27.2	7.2
1986-12-25	0	2.7	27.2	6.2
1986-12-26	0	2.5	26.2	7.2
1986-12-27	0	3.2	27.3	8.2
1986-12-28	0	2.6	28.3	8.5
1986-12-29	0	3.2	26.3	8.2
1986-12-30	0	3.1	27.3	9.5
1986-12-31	0	3.7	26.3	8.5
1987-01-01	0	3.2	26.3	5.2
1987-01-02	0	4.5	25.3	7.2
1987-01-03	0	4.5	24.4	6.2
1987-01-04	0	3.9	24.4	5.2
1987-01-05	0	5.7	26.3	6.3
1987-01-06	0	5.5	26.4	6.2
1987-01-07	0	3.9	26.2	7.2
1987-01-08	0	4.9	27.2	8.2
1987-01-09	0	4.2	24.4	7.2
1987-01-10	0	5.6	25.2	10.2
1987-01-11	0	4.4	23.3	7.3
1987-01-12	0	2.9	26.3	7.2
1987-01-13	0	5.1	26.4	6.2
1987-01-14	0	4.2	27.3	6.3
1987-01-15	0	3	25.3	7.2
1987-01-16	0	5.5	25.3	7.2
1987-01-17	0	4.1	24.4	6.2
1987-01-18	0	3.1	27.3	7.2
1987-01-19	0	2.7	27.3	6.3
1987-01-20	0	5	25.2	6.3
1987-01-21	0	4.1	24.3	6.3
1987-01-22	0	5.3	24.4	5.3
1987-01-23	0	2.9	24.4	5.3
1987-01-24	0	6.1	26.3	6.3
1987-01-25	0	5.2	27.3	6.2
1987-01-26	0	2.5	26.3	6.2
1987-01-27	0	4.3	27.2	6.2
1987-01-28	0	3	26.3	9.3
1987-01-29	0	5.1	25.3	6.2
1987-01-30	0	4.7	24.3	6.3
1987-01-31	0	2.2	26.3	6.2
1987-02-01	0	3.9	26.3	6.2
1987-02-02	0.01	2.8	28.4	7.3
1987-02-03	0	1.4	22.3	8.2
1987-02-04	0	2.8	26.4	9.3
1987-02-05	0	3.7	29.4	9.3
1987-02-06	0	7.1	21.4	9.3
1987-02-07	0	5.3	25.3	9.5
1987-02-08	0	2.3	21.3	9.3
1987-02-09	0	5.5	29.2	9.3
1987-02-10	0	3.5	25.3	9.5
1987-02-11	0	4.7	26.2	9.4
1987-02-12	0	5.3	27.3	9.4
1987-02-13	0	3.7	26.4	9.4
1987-02-14	0	4.8	21.2	9.3
1987-02-15	0	5.2	22.3	8.4
1987-02-16	0	6.3	22.3	8.4
1987-02-17	0	2.7	21.4	9.5
1987-02-18	0	4.3	23.3	9.5
1987-02-19	0	1.7	22.4	9.4
1987-02-20	0	4.1	22.4	6.4
1987-02-21	0	2.3	22.4	9.4
1987-02-22	0	1.7	22.4	6.4
1987-02-23	0	3.4	29.3	9.3
1987-02-24	0	1.2	29.3	9.4
1987-02-25	0	6.9	30.3	9.3
1987-02-26	0	4.7	29.3	8.2
1987-02-27	0	4.3	28.2	9.3
1987-02-28	0	1.2	29.3	8.3
1987-03-01	0	8.6	29.9	9.3
1987-03-02	0	5.8	27.2	9.3
1987-03-03	0	1.1	21.2	9.3
1987-03-04	0	5.7	24.3	7.5
1987-03-05	0	1.5	27.5	1.5
1987-03-06	0	2.2	29.4	1
1987-03-07	0	1.6	29.3	9.3
1987-03-08	0	1.5	29.3	9.3
1987-03-09	0	1.7	29.4	9.4
1987-03-10	0	1.3	29.3	9.3
1987-03-11	0	1.7	29.4	9.4
1987-03-12	0	2.3	29.4	9.3
1987-03-13	0	1.5	29.3	9.3
1987-03-14	0	1.2	29.3	9.5
1987-03-15	0	3.2	26.2	9.4
1987-03-16	0	2.9	26.3	9.3
1987-03-17	0	3	29.3	9.5
1987-03-18	0	4.8	29.4	9.4
1987-03-19	0	8.7	29.3	9.3
1987-03-20	0	7	25.3	9.4
1987-03-21	0	4.8	22.3	9.4
1987-03-22	0	7.5	29.4	9.4
1987-03-23	0	7.1	29.3	7.2
1987-03-24	0	2.5	29.3	7.2
1987-03-25	0	3.5	29.3	7.2
1987-03-26	0	5.6	27.2	7.2
1987-03-27	0	1.4	29.3	9.3
1987-03-28	0	1.9	27.3	9.3
1987-03-29	0	4.3	27.4	9.4
1987-03-30	0	3.7	29.3	9.3
1987-03-31	0	2.6	24.2	7.2
1987-04-01	0	5.4	24.4	9.3
1987-04-02	0	6.5	28.2	9.5
1987-04-03	0	7.4	25.3	6.2
1987-04-04	0	5.8	26.2	6.2
1987-04-05	0	4.5	28.2	7.2
1987-04-06	0	6.6	27.3	7.2
1987-04-07	0	6.3	29.3	7.2
1987-04-08	0	7.5	28.3	6.2
1987-04-09	0	4.6	27.3	6.2
1987-04-10	0	4.4	27.3	6.2
1987-04-11	0	4.7	28.2	7.2
1987-04-12	0	7.4	26.3	6.2
1987-04-13	0	2.8	28.3	6.5
1987-04-14	0	4.5	27.3	5.3
1987-04-15	0	6.3	27.3	5.3
1987-04-16	0	4.1	29.2	6.2
1987-04-17	0	7.2	29.2	6.4
1987-04-18	0	1.6	26.4	8.5
1987-04-19	0	7.2	29.2	9.5
1987-04-20	9.2	6.9	26.2	7.3
1987-04-21	10	2.5	26.2	6.2
1987-04-22	0	4.8	26.2	6.2
1987-04-23	0	5.4	25.3	7.4
1987-04-24	0.01	5.8	28.4	6.3
1987-04-25	0	7.1	26.3	7.4
1987-04-26	0	5.6	27.3	9.5
1987-04-27	0	4.9	27.3	9.5
1987-04-28	0	7	27.4	9.4
1987-04-29	0	1.2	23.3	7.4
1987-04-30	0	2.2	26.2	7.2
1987-05-01	0	2.2	26.2	9.5
1987-05-02	0	1.8	25.3	9.3
1987-05-03	0	4	27.5	9.4
1987-05-04	0	4.2	27.3	9.3
1987-05-05	0	5.4	27.3	6.2
1987-05-06	0	7.1	29.3	6.2
1987-05-07	8.2	1.1	29.3	7.5
1987-05-08	5	2.7	27.3	6.2
1987-05-09	13.2	2	28.3	6.2
1987-05-10	0	5.3	29.3	6.2
1987-05-11	0	3.1	27.2	7.2
1987-05-12	0	4.8	29.3	8.2
1987-05-13	0	6.2	29.4	7.2
1987-05-14	0	4.1	29.3	7.3
1987-05-15	0	4.7	29.3	7.2
1987-05-16	0	4.4	26.3	9.4
1987-05-17	5	7.1	27.2	7.2
1987-05-18	6.2	2.9	26.3	6.2
1987-05-19	0.01	3.7	22.3	6.2
1987-05-20	0	6.8	29.3	9.2
1987-05-21	0	4.4	21.2	6.2
1987-05-22	0	2.5	21.4	9.3
1987-05-23	0	5.5	22.4	9.3
1987-05-24	0	4	26.4	9.3
1987-05-25	0	8.1	29.3	9.7
1987-05-26	0	2	26.4	9.3
1987-05-27	0	6.3	26.4	9.3
1987-05-28	0	4.3	29.3	9.3
1987-05-29	0	2.7	27.2	9.4
1987-05-30	3.2	2.2	27.3	9.3
1987-05-31	0	NULO	29.4	6.2
1987-06-01	22	1.9	29.4	6.4
1987-06-02	0	5.7	25.2	5.2
1987-06-03	0	1.1	28.4	5.3
1987-06-04	0	8.2	27.2	6.3
1987-06-05	7.3	6.1	23.4	5.3
1987-06-06	0	2.1	29.4	9.3
1987-06-07	0	1.4	21.3	9.3
1987-06-08	0	3.6	27.4	9.4
1987-06-09	0	4.7	29.3	9.3
1987-06-10	0	1.4	29.3	9.4
1987-06-11	0	1.6	26.4	9.5
1987-06-12	0	3.3	26.4	9.4
1987-06-13	25	3.9	27.2	9.3
1987-06-14	2.5	6.2	26.4	5.2
1987-06-15	6.5	3.8	27.2	9.3
1987-06-16	3.5	1.2	21.2	8.3
1987-06-17	0	1.7	26.3	9.3
1987-06-18	0	2.2	26.3	9.4
1987-06-19	0	6	27.3	9.3
1987-06-20	1.7	2	28.4	5.2
1987-06-21	0	6.6	29.5	9.3
1987-06-22	0	7.9	29.5	9.3
1987-06-23	0	6.5	29.5	9.3
1987-06-24	0	2.2	29.5	9.3
1987-06-25	0	9	27.4	9.3
1987-06-26	0	3.2	28.4	9.3
1987-06-27	0	6.1	28.4	5.3
1987-06-28	0	9	27.2	5.3
1987-06-29	0	5.7	27.2	9.3
1987-06-30	0	6.5	29.3	9.3
1987-07-01	0	6.5	24.4	9.4
1987-07-02	0	3.6	26.3	9.3
1987-07-03	0	3.8	26.3	6.3
1987-07-04	0	5.1	26.2	7.2
1987-07-05	15.5	4.1	26.2	6.2
1987-07-06	2.5	9.2	23.2	9.3
1987-07-07	0	2.7	27.5	9.3
1987-07-08	18.7	5.4	24.3	9.3
1987-07-09	5	7.4	23.3	9.4
1987-07-10	0	6.1	26.3	9.4
1987-07-11	0	6.5	25.4	5.2
1987-07-12	0	3.4	25.4	9.3
1987-07-13	0	6.1	25.2	9.5
1987-07-14	1.2	1.1	23.3	9.3
1987-07-15	4.2	1.2	25.4	9.3
1987-07-16	0.01	4.9	26.4	9.3
1987-07-17	0	2.3	29.3	9.3
1987-07-18	0	1.9	27.4	7.2
1987-07-19	0	1.7	26.2	9.3
1987-07-20	0	1.8	29.3	9.4
1987-07-21	0	5	26.3	9.4
1987-07-22	0	1.9	26.2	8.5
1987-07-23	0.01	1.1	20.2	9.3
1987-07-24	15.3	1	27.2	9.3
1987-07-25	17	4.3	20.2	8.3
1987-07-26	0.01	9	20.3	9.3
1987-07-27	2.3	7	21.3	9.3
1987-07-28	2.5	2.6	22.3	9.4
1987-07-29	4.5	1.1	21.2	9.3
1987-07-30	0	1.8	29.2	9.3
1987-07-31	0	2.2	26.4	9.3
1987-08-01	0	3.3	29.2	9.3
1987-08-02	0	1.5	26.4	9.4
1987-08-03	4.2	6.5	26.2	9.3
1987-08-04	0	5.6	25.5	9.3
1987-08-05	0	3	26.3	9.3
1987-08-06	4.5	1.9	25.5	9.4
1987-08-07	0	5.4	26.2	9.4
1987-08-08	0	7.1	27.2	9.3
1987-08-09	0	1.9	26.4	9.3
1987-08-10	0	1.5	26.3	9.3
1987-08-11	0	6.5	28.3	9.7
1987-08-12	0	1.1	29.4	9.4
1987-08-13	0	1.8	29.4	9.3
1987-08-14	0	9.4	27.3	9.3
1987-08-15	0	1.5	26.4	9.4
1987-08-16	0	1.3	28.2	9.3
1987-08-17	0.01	4.8	26.4	9.3
1987-08-18	6	7.8	27.2	9.3
1987-08-19	0	5.7	27.3	6.3
1987-08-20	0	5.2	27.2	7.2
1987-08-21	0	3.3	21.2	7.3
1987-08-22	0	2.6	26.4	9.3
1987-08-23	0	4.5	29.4	9.5
1987-08-24	0	2.7	27.2	9.3
1987-08-25	0	4.1	27.2	9.3
1987-08-26	0	2.8	27.2	9.3
1987-08-27	0	3.3	27.2	7.2
1987-08-28	0	4.2	27.3	6.3
1987-08-29	0	4	29.4	6.2
1987-08-30	0	2.7	26.4	9.3
1987-08-31	0	NULO	27.2	9.3
1987-09-01	0	3.2	27.3	6.3
1987-09-02	0	4.8	27.3	6.3
1987-09-03	0	5.2	27.2	6.3
1987-09-04	0	4.3	27.4	9.3
1987-09-05	0	4.3	26.2	9.3
1987-09-06	0	4.3	27.2	9.3
1987-09-07	0	6.2	29.3	9.3
1987-09-08	0	5.4	25.2	6.2
1987-09-09	0	6.3	29.2	9.3
1987-09-10	0	3.9	25.3	7.3
1987-09-11	0	8.5	29.2	9.4
1987-09-12	0	5	28.2	9.3
1987-09-13	0	5.6	27.3	8.2
1987-09-14	0	5.3	28.2	9.2
1987-09-15	0	4.3	26.3	9.3
1987-09-16	0	5.1	27.3	9.2
1987-09-17	0	3.6	26.2	10.2
1987-09-18	0	3.5	28.2	9.2
1987-09-19	10.2	1	29.3	9.3
1987-09-20	8	6.2	28.2	8.2
1987-09-21	10.2	3.9	29.2	8.2
1987-09-22	0	4.5	28.2	9.4
1987-09-23	0	2.6	27.2	8.2
1987-09-24	0	4.3	28.2	9.2
1987-09-25	0	4.2	26.3	9.2
1987-09-26	0	4.6	28.2	9.2
1987-09-27	0	7.3	26.2	8.3
1987-09-28	9.5	6	22.4	9.3
1987-09-29	36	8.4	26.3	9.3
1987-09-30	0	2.5	26.5	9.2
1987-10-01	0	2.7	22.3	9.3
1987-10-02	0	4.5	26.3	7.3
1987-10-03	0	5.4	27.3	7.2
1987-10-04	0	5.2	26.3	8.2
1987-10-05	0	4.3	27.3	7.4
1987-10-06	0	6.1	26.3	7.2
1987-10-07	0	7.8	26.3	7.4
1987-10-08	0	2.5	26.2	6.2
1987-10-09	0	4.2	27.2	7.3
1987-10-10	0	3.1	26.2	7.4
1987-10-11	0	3.8	26.2	8.4
1987-10-12	0	4.1	26.2	7.2
1987-10-13	0	4.9	27.2	7.2
1987-10-14	0	4.4	26.2	6.2
1987-10-15	0	4.1	26.3	6.2
1987-10-16	0	1.9	25.3	7.2
1987-10-17	0	5.9	27.2	7.2
1987-10-18	0	4.2	26.3	6.2
1987-10-19	0	3.3	21.3	6.2
1987-10-20	0	3.6	25.2	9.2
1987-10-21	0	3.9	25.2	6.2
1987-10-22	0	4.3	27.3	6.3
1987-10-23	0	5.3	27.3	7.3
1987-10-24	0	4.5	26.3	6.2
1987-10-25	0	2.4	26.2	6.2
1987-10-26	0	3.8	27.3	7.3
1987-10-27	0.01	3.9	26.5	6.2
1987-10-28	0	2.9	27.2	7.3
1987-10-29	0	4.2	26.3	6.3
1987-10-30	0	3.3	27.3	7.2
1987-10-31	0	4	28.2	7.2
1987-11-01	0	4.9	26.3	2.4
1987-11-02	0	2.6	26.2	7.2
1987-11-03	0	3.2	26.2	7.3
1987-11-04	0	4.2	26.3	6.2
1987-11-05	0	2.9	26.3	7.4
1987-11-06	0	4	26.3	7.2
1987-11-07	0	2.7	27.3	7.2
1987-11-08	0	3.3	27.3	6.3
1987-11-09	0.01	3.2	26.3	7.3
1987-11-10	15	6.5	25.3	5.2
1987-11-11	5.5	8.4	26.2	5.2
1987-11-12	0	2.9	27.3	7.2
1987-11-13	0	2.3	27.2	6.2
1987-11-14	0	4.7	25.2	7.3
1987-11-15	0	5.9	26.3	6.3
1987-11-16	0	5.1	26.2	6.3
1987-11-17	0	2.6	26.3	5.3
1987-11-18	0	3.4	27.3	6.3
1987-11-19	0	3	26.3	7.3
1987-11-20	0	3.7	27.3	6.3
1987-11-21	0	2.8	26.3	7.2
1987-11-22	0	2.6	26.2	6.3
1987-11-23	0	2.5	26.2	7.3
1987-11-24	0	4.3	26.2	6.2
1987-11-25	0	2.8	26.3	6.3
1987-11-26	0	5.2	27.3	7.2
1987-11-27	0	4.5	27.2	7.4
1987-11-28	0	5	27.3	8.2
1987-11-29	0	2.8	26.3	6.3
1987-11-30	0	2.6	26.2	8.2
1987-12-01	6	5.6	27.3	8.3
1987-12-02	0	3	27.3	7.2
1987-12-03	0	3.5	26.2	6.2
1987-12-04	0	5.4	27.3	6.3
1987-12-05	0	3.8	27.3	7.3
1987-12-06	0	4.5	26.2	6.2
1987-12-07	0	5.8	26.2	6.3
1987-12-08	0	7.3	27.3	7.3
1987-12-09	0	4.6	27.3	7.3
1987-12-10	0	2.7	26.3	6.3
1987-12-11	0	4.1	26.3	6.3
1987-12-12	0	5.9	27.3	6.2
1987-12-13	0	2.4	27.3	7.3
1987-12-14	0	2.1	27.3	7.2
1987-12-15	0	2.2	26.3	6.2
1987-12-16	0	3.5	26.2	6.3
1987-12-17	0	3.8	27.5	6.3
1987-12-18	0	3.7	25.2	6.3
1987-12-19	0.01	2.7	26.3	6.3
1987-12-20	0	2.9	25.2	7.2
1987-12-21	0	7	26.2	6.2
1987-12-22	0	5.6	26.3	6.3
1987-12-23	0	4.9	25.3	6.3
1987-12-24	0	2.5	26.3	6.2
1987-12-25	0	3.9	27.3	7.2
1987-12-26	0	8.6	28.2	6.2
1987-12-27	0	1.1	27.2	9.2
1987-12-28	0	2.3	26.2	7.2
1987-12-29	0	3.2	27.3	7.2
1987-12-30	0	3.2	26.3	6.2
1987-12-31	0	3.4	26.2	6.2
1988-01-01	10	NULO	15	5
1988-01-02	0	NULO	26	7
1988-01-03	0	NULO	24	14
1988-01-04	0	NULO	22	7
1988-01-05	0	NULO	16	10
1988-01-06	0	NULO	24	10
1988-01-07	7	NULO	23	11
1988-01-08	0	NULO	19	10
1988-01-09	0	NULO	20	9
1988-01-10	7.5	NULO	13	11
1988-01-11	0	NULO	17	8
1988-01-12	0	NULO	25	11
1988-01-13	9	NULO	26	12
1988-01-14	0.01	NULO	19	9
1988-01-15	0	NULO	27	11
1988-01-16	0	NULO	28	16
1988-01-17	0	NULO	29	22
1988-01-18	0	NULO	32	16
1988-01-19	0	NULO	37	13
1988-01-20	0.01	NULO	25	14
1988-01-21	0	NULO	18	8
1988-01-22	0.9	NULO	13	7
1988-01-23	0	NULO	13	7
1988-01-24	0	NULO	21	7
1988-01-25	0	NULO	11	8
1988-01-26	0	NULO	12	3
1988-01-27	1.6	NULO	16	6
1988-01-28	0.01	NULO	17	8
1988-01-29	0	NULO	22	8
1988-01-30	0	NULO	26	10
1988-02-01	0	4.4	28.2	5.2
1988-02-02	0	5.3	28.2	5.2
1988-02-03	0	5.2	27.2	6.2
1988-02-04	0	4.6	28.3	4.2
1988-02-05	0	3.1	22.2	6.2
1988-02-06	0	6.4	27.3	2.2
1988-02-07	0	4.6	26.2	5.2
1988-02-08	0	8.5	26.2	5.2
1988-02-09	1	2.6	27.3	5.4
1988-02-10	0	2.9	27.2	6.2
1988-02-11	0	4.6	27.3	6.3
1988-02-12	0	2.6	27.3	5.2
1988-02-13	2.5	3.2	26.2	6.2
1988-02-14	0	2.9	27.3	6.2
1988-02-15	0	4.4	27.3	6.2
1988-02-16	0	4.6	27.3	5.2
1988-02-17	0	6	29.2	6.3
1988-02-18	0	7.6	29.2	6.2
1988-02-19	0	2.1	29.2	6.2
1988-02-20	0	6.5	29.2	7.3
1988-02-21	0	1.5	24.2	4.2
1988-02-22	0	4.8	27.4	2.2
1988-02-23	0	7.6	28.4	6.2
1988-02-24	0	4.8	26.2	5.3
1988-02-25	0	5.1	26.2	5.3
1988-02-26	0	3.3	28.4	5.2
1988-02-27	0	6.2	26.2	5.3
1988-02-28	0	7.9	28.4	6.2
1988-02-29	0	NULO	28.2	5.4
1988-03-01	4.5	9.1	29.3	5.2
1988-03-02	0	9.3	28.4	5
1988-03-03	3.5	1.8	26.2	4.2
1988-03-04	18.7	2.5	27.2	4.2
1988-03-05	0	2.8	25.2	4.2
1988-03-06	0	2.5	28.2	4.2
1988-03-07	0	2.4	26.2	5.2
1988-03-08	0	5.1	26.2	5.2
1988-03-09	0	4.6	26.2	4.4
1988-03-10	0	3.1	28.2	4.2
1988-03-11	0	4.1	27.2	5.2
1988-03-12	0	7.8	29.2	5.2
1988-03-13	0	6.8	29.3	3.2
1988-03-14	0	4	25.3	5.3
1988-03-15	0	3.8	28.3	4.2
1988-03-16	0	6.1	29.3	4.4
1988-03-17	0	1.4	29.2	5.5
1988-03-18	0	8.5	25.2	4.2
1988-03-19	0	5.9	26.3	4.3
1988-03-20	0	6.7	24.4	4.2
1988-03-21	0	5.3	25.2	8.2
1988-03-22	0	4.3	29.3	5.2
1988-03-23	0	5.5	26.3	4.2
1988-03-24	0	7.2	26.3	4.2
1988-03-25	0	4.2	27.3	4.2
1988-03-26	0	4.1	27.3	6.3
1988-03-27	0	2	30.2	6.2
1988-03-28	0	5.1	28.2	5.2
1988-03-29	0	4.2	27.3	9.2
1988-03-30	0	4.8	29.4	5.3
1988-03-31	0	5.7	30.2	9.3
1988-04-01	0	2.2	31.5	9.4
1988-04-02	0	2.8	31.4	9.3
1988-04-03	0	7.2	29.2	9.5
1988-04-04	0	5.1	30.3	6.3
1988-04-05	0	5	31.2	7.2
1988-04-06	0	4.7	29.2	8.2
1988-04-07	0	4.3	29.2	6.3
1988-04-08	9.5	2.5	29.2	9.3
1988-04-09	0.01	5.5	27.3	9.2
1988-04-10	0	2.7	29.3	7.3
1988-04-11	0	4.7	28.2	9.2
1988-04-12	0	4.5	28.2	8.2
1988-04-13	0	5.9	29.2	8.2
1988-04-14	0	6.1	30.2	8.2
1988-04-15	0	4.7	29.3	5.2
1988-04-16	0	7.2	28.2	6.3
1988-04-17	0	5.2	29.3	6.3
1988-04-18	0	4.2	29.3	7.2
1988-04-19	0	5.2	30.3	5.3
1988-04-20	0	5.8	29.2	5.4
1988-04-21	0	7.6	29.2	5.3
1988-04-22	0	2.6	30.2	4.2
1988-04-23	0	9	29.2	4.3
1988-04-24	0	8.3	31.2	5.3
1988-04-25	0	8.8	33.2	5.2
1988-04-26	0	7.2	33.3	7.2
1988-04-27	0	8.2	33.3	6.2
1988-04-28	4.5	3.9	34.3	6.3
1988-04-29	0	5.8	34.4	2.2
1988-04-30	0	4.5	34.2	4.2
1988-05-01	0	1.6	31.2	3.3
1988-05-02	0	9.5	34.2	6.2
1988-05-03	0	1.8	34.3	5.2
1988-05-04	0	6.6	34.3	6.3
1988-05-05	0	6.5	33.3	6.3
1988-05-06	0	9.8	31.2	6.2
1988-05-07	0	6.8	33.2	5.2
1988-05-08	0	5.2	34.2	6.2
1988-05-09	0	7.1	33.3	6.2
1988-05-10	8.5	1.2	34.2	5.3
1988-05-11	0	6.1	34.2	5.2
1988-05-12	3.5	4.9	33.3	5.2
1988-05-13	10.5	4.8	33.3	8.2
1988-05-14	0	1.7	34.2	5.2
1988-05-15	0	1.3	33.3	9.4
1988-05-16	0	8.8	27.3	10.4
1988-05-17	0	8.1	29.2	9.4
1988-05-18	0	5.7	30.5	10.3
1988-05-19	0	9.6	30.2	10.2
1988-05-20	0	8.9	31.2	10.2
1988-05-21	0	1.3	32.2	9.4
1988-05-22	0	5.5	26.2	10.4
1988-05-23	0	5.4	29.4	5.2
1988-05-24	0	1.1	30.2	5.2
1988-05-25	0	8.6	31.2	5.2
1988-05-26	12.8	4.1	28.2	6.2
1988-05-27	4.5	1.4	30.4	4.2
1988-05-28	0	1.5	29.2	10.2
1988-05-29	0	6.7	30.2	15.2
1988-05-30	0	3.6	31.3	6.2
1988-05-31	0	1.5	32.5	6.2
1988-06-01	0	4.1	29.4	6.3
1988-06-02	0	1.1	31.2	9.3
1988-06-03	0	1.8	25.3	9.4
1988-06-04	0	3.9	26.2	9.3
1988-06-05	0	4.5	23.4	9.3
1988-06-06	10.2	3.7	31.5	9.3
1988-06-07	0	6.5	26.4	10.3
1988-06-08	0	4.2	26.4	9.4
1988-06-09	0	5.7	26.3	9.3
1988-06-10	0	4.9	22.4	9.4
1988-06-11	0	3.9	22.4	10.2
1988-06-12	0	4.4	26.3	9.3
1988-06-13	0	4.2	26.4	9.4
1988-06-14	0	3.8	29.2	10.4
1988-06-15	0.01	4.7	28.2	5.2
1988-06-16	0	2.6	29.2	6.2
1988-06-17	0	6	30.2	5.3
1988-06-18	0	3	30.2	5.2
1988-06-19	0	3.9	30.3	5.2
1988-06-20	0	4.2	30.2	5.3
1988-06-21	0	6.4	28.3	5.3
1988-06-22	0	8.7	29.3	4.2
1988-06-23	0	2.3	26.4	5.3
1988-06-24	0	2.6	29.3	9.3
1988-06-25	28.7	1.3	29.3	9.4
1988-06-26	0.01	6	25.4	10.2
1988-06-27	4.3	1.6	26.5	9.3
1988-06-28	0	7.5	26.2	10.2
1988-06-29	13	1.9	29.4	11.2
1988-06-30	1.3	1.7	28.2	12.2
1988-07-01	0.01	2.2	24.2	10.3
1988-07-02	2.5	1.7	26.2	10.2
1988-07-03	23.3	8.5	22.3	10.4
1988-07-04	7.2	2.3	24.5	10.4
1988-07-05	0.01	2.4	23.2	10.3
1988-07-06	0.01	1.8	24.3	12.2
1988-07-07	0	1.9	29.4	10.4
1988-07-08	0	2.7	26.4	10.2
1988-07-09	0	2.6	29.4	9.3
1988-07-10	8.7	9.1	26.2	10.3
1988-07-11	0	3.5	26.4	9.3
1988-07-12	0	9	27.2	10.2
1988-07-13	0	4.5	25.2	10.4
1988-07-14	0.01	2.6	26.2	10.2
1988-07-15	3.4	4.2	24.2	10.2
1988-07-16	0.01	1.7	29.3	9.3
1988-07-17	2.2	1.8	24.4	10.2
1988-07-18	0.01	1.6	24.5	10.4
1988-07-19	0	4.3	25.3	10.2
1988-07-20	23.4	1.6	23.2	10.2
1988-07-21	0	1.2	26.4	10.2
1988-07-22	16	3.4	21.2	10.3
1988-07-23	0.01	3.3	23.5	11.2
1988-07-24	0	5.2	24.2	10.2
1988-07-25	0	5	24.2	9.3
1988-07-26	0.01	4	24.2	9.3
1988-07-27	14.4	7.7	24.2	10.2
1988-07-28	0.01	1.1	22.3	11.2
1988-07-29	1.6	1.9	23.2	9.3
1988-07-30	0	6.2	26.2	11.2
1988-07-31	0	6.2	24.2	10.4
1988-08-01	0	4.7	25.4	10.3
1988-08-02	0	1.5	26.3	10.4
1988-08-03	0	1.9	29.3	9.4
1988-08-04	0	1.5	28.4	10.4
1988-08-05	0	1.1	26.3	9.3
1988-08-06	0	1.9	29.3	9.4
1988-08-07	0	1.6	29.4	9.3
1988-08-08	9.4	1.1	26.2	9.3
1988-08-09	0	1.2	29.3	9.3
1988-08-10	0.01	1.2	27.2	9.4
1988-08-11	0	3	22.2	12.2
1988-08-12	0	3.1	23.3	11.3
1988-08-13	0.01	1.1	21.2	9.3
1988-08-14	0	4.9	22.5	10.2
1988-08-15	0	2.3	20.3	9.3
1988-08-16	11.7	1.1	25.3	9.3
1988-08-17	23.8	7.1	24.4	9.4
1988-08-18	0.01	2.1	22.2	9.3
1988-08-19	10.9	3.9	25.2	9.3
1988-08-20	1.5	1.8	23.2	9.3
1988-08-21	42.7	4	25.5	9.3
1988-08-22	0	4.7	26.3	9.3
1988-08-23	0	5.4	22.2	9.4
1988-08-24	0	4.4	22.2	9.3
1988-08-25	0	6.4	24.4	9.3
1988-08-26	0	5.7	24.2	9.3
1988-08-27	0	7.6	26.3	9.3
1988-08-28	0	3.3	24.2	9.4
1988-08-29	0	4.1	22.2	9.3
1988-08-30	12.8	1.1	23.3	9.3
1988-08-31	0	1	27.3	9.4
1988-09-01	0.01	2.2	29.5	9.8
1988-09-02	63.3	6	29.4	9.3
1988-09-03	2.3	5.7	29.3	9.3
1988-09-04	8.3	4.2	21.2	9.3
1988-09-05	2.6	1.1	22.4	9.3
1988-09-06	0	1.3	21.2	9.3
1988-09-07	0	5.6	22.2	9.3
1988-09-08	0	3.9	23.3	10.2
1988-09-09	0	6.6	21.2	7.3
1988-09-10	0	3.7	21.2	5.5
1988-09-11	0	4.5	23.3	9.3
1988-09-12	0	3.5	23.3	9.4
1988-09-13	0.01	3.1	20.2	9.4
1988-09-14	1	1.6	19.3	9.3
1988-09-15	0	4.8	22.2	9.2
1988-09-16	0.01	1.8	20.4	9.3
1988-09-17	0	4.1	26.2	9.3
1988-09-18	0	4	25.5	9.3
1988-09-19	0	5.1	25.2	9.3
1988-09-20	0	4.2	24.2	9.3
1988-09-21	0	5.1	23.3	9.3
1988-09-22	0	1.4	29.2	9.4
1988-09-23	0	2.8	21.2	9.3
1988-09-24	0	1.9	29.3	9.3
1988-09-25	0	4.3	26.3	9.3
1988-09-26	0	3.2	23.3	9.3
1988-09-27	0	2.8	23.3	9.4
1988-09-28	0	5.8	26.3	9.2
1988-09-29	0	5.9	27.2	9.2
1988-09-30	0	6.1	26.5	9.4
1988-10-01	0	3.4	25.2	9.3
1988-10-02	2.1	1.6	20.2	9.3
1988-10-03	0	3.2	16.2	9.3
1988-10-04	0	1.2	15.5	9.2
1988-10-05	0	2	14.2	9.2
1988-10-06	0	4.1	19.2	8.2
1988-10-07	0	4.8	20.2	9.2
1988-10-08	0	4	20.2	8.2
1988-10-09	0	4.6	25.5	9.3
1988-10-10	0	2.8	21.5	9.2
1988-10-11	0	4.8	24.2	9.3
1988-10-12	0	4.1	21.2	9.3
1988-10-13	0	3.4	23.3	9.3
1988-10-14	0	4.6	22.4	7.5
1988-10-15	0	4	24.4	9.3
1988-10-16	0	4.6	23.5	9.3
1988-10-17	0	2.4	23.2	9.4
1988-10-18	0	1.5	26.2	9.2
1988-10-19	0	4.5	27.5	9.3
1988-10-20	0	4.2	26.2	6.2
1988-10-21	0	5.2	27.3	9.3
1988-10-22	0	5.6	26.4	9.3
1988-10-23	0	4.7	27.4	9.3
1988-10-24	0	3.5	27.2	9.3
1988-10-25	0	5.9	26.2	9.3
1988-10-26	0	5.2	26.4	9.3
1988-10-27	0	4	27.4	8.5
1988-10-28	0	6.7	27.5	8.2
1988-10-29	0	2.6	23.3	8.2
1988-10-30	0	3.3	22.4	9.3
1988-10-31	0	1.8	25.5	5.5
1988-11-01	0	3.1	18.2	5.5
1988-11-02	0	6.2	24.2	1.5
1988-11-03	0	3.2	26.2	3.2
1988-11-04	0	1.9	25.3	8.5
1988-11-05	0	2.2	27.5	7.2
1988-11-06	0	1.8	25.2	5.5
1988-11-07	0	2.1	26.3	5.5
1988-11-08	0	1.7	26.5	5.5
1988-11-09	0	2.3	27.3	6.5
1988-11-10	0	5.4	28.2	6.2
1988-11-11	0	4.2	26.2	5.5
1988-11-12	0	3.4	24.2	5.5
1988-11-13	0	7.2	26.3	6.2
1988-11-14	0	5.8	27.4	4.5
1988-11-15	0	4.1	27.2	6.5
1988-11-16	0	5.1	26.5	6.3
1988-11-17	0	4	25.2	6.2
1988-11-18	0	3.2	25.3	8.2
1988-11-19	0	4.3	26.3	7.2
1988-11-20	0	4.1	23.4	8.2
1988-11-21	0	2.1	24.4	6.2
1988-11-22	0.01	4.7	24.4	6.2
1988-11-23	0.01	1.4	24.2	8.4
1988-11-24	0	4.9	24.2	8.4
1988-11-25	0	5.7	27.5	8.2
1988-11-26	0	4.6	27.3	8.2
1988-11-27	0	2.2	27.4	8.2
1988-11-28	0	2.6	26.2	8.3
1988-11-29	0	10	27.3	8.3
1988-11-30	0	3.6	27.3	8.4
1988-12-01	0	2.1	16.2	7.3
1988-12-02	0	2.2	15.3	4.2
1988-12-03	0	2.4	18.2	2.2
1988-12-04	0	3	16.3	5.4
1988-12-05	0	4.1	16.4	7.4
1988-12-06	0	3	21.4	2.2
1988-12-07	0	2.8	24.2	4.5
1988-12-08	0	4.8	25.2	4.2
1988-12-09	0	2.3	21.2	4.5
1988-12-10	0	3.6	26.2	4.5
1988-12-11	0	4.5	26.2	5.5
1988-12-12	0	2.5	23.4	6.5
1988-12-13	0	3.5	22.4	6.2
1988-12-14	0	2.8	25.2	5.5
1988-12-15	0	4.6	26.2	8.2
1988-12-16	0	2.9	21.4	7.3
1988-12-17	0	1.7	26.3	8.2
1988-12-18	0	2.3	23.9	7.2
1988-12-19	0	1.7	29.3	6.2
1988-12-20	0	1.8	22.4	6.2
1988-12-21	0	1.5	27.3	6.2
1988-12-22	0	1.9	23.4	6.2
1988-12-23	0	2.5	29.3	5.5
1988-12-24	0	3.3	26.4	6.2
1988-12-25	0	4.7	21.4	8.2
1988-12-26	0	5.8	23.4	9.3
1988-12-27	0	4.6	20.2	7.2
1988-12-28	0	5.7	26.2	9.3
1988-12-29	0	1.8	26.4	5.5
1988-12-30	0	5.1	26.5	6.2
1988-12-31	0	3.2	26.4	5.5
1989-01-01	0	2.6	26.3	5.5
1989-01-02	0	4.3	29.2	2.2
1989-01-03	0	3.1	26.2	5.5
1989-01-04	0	1.2	26.4	4.2
1989-01-05	0	3.7	27.2	5.5
1989-01-06	0	4	26.2	6.2
1989-01-07	0	2.5	29.2	2.2
1989-01-08	0	2.3	21.4	5.5
1989-01-09	0	1.6	26.4	6.2
1989-01-10	0	3.1	21.4	9.3
1989-01-11	0	2.1	29.2	5.5
1989-01-12	0	1.5	26.4	4.5
1989-01-13	0	1.4	29.4	9.3
1989-01-14	0	2.3	27.2	9.3
1989-01-15	0	1.7	26.2	6.2
1989-01-16	0	1.9	26.2	9.3
1989-01-17	0	3.5	26.2	5.5
1989-01-18	0	2.1	26.2	5.5
1989-01-19	0	2.7	26.2	5.5
1989-01-20	0	4.3	26.4	5.5
1989-01-21	0	3.9	26.3	6.2
1989-01-22	0	3.6	26.4	6.2
1989-01-23	0	3.4	29.4	6.2
1989-01-24	0	4.2	26.2	9.3
1989-01-25	0	1.5	29.3	9.3
1989-01-26	0	3.4	26.2	6.2
1989-01-27	0	1.5	29.3	9.3
1989-01-28	0	2.6	26.4	6.2
1989-01-29	17	3.3	27.2	6.2
1989-01-30	0	2.7	26.4	8.4
1989-01-31	0	1.4	26.4	5.5
1989-02-01	0	5.6	26.2	5.2
1989-02-02	0	2	26.2	5.5
1989-02-03	0	1.3	21.2	5.5
1989-02-04	0	2.1	25.4	5.5
1989-02-05	17.2	4.2	27.2	6.2
1989-02-06	1.7	3.5	22.3	5.3
1989-02-07	0	1.8	20.4	5.5
1989-02-08	0	2.5	23.2	6.2
1989-02-09	0	5.6	21.2	4.2
1989-02-10	0	1.9	26.2	6.2
1989-02-11	0	1.7	25.2	5.2
1989-02-12	0	1.2	24.2	3.2
1989-02-13	0	1.7	25.4	6.2
1989-02-14	0	2.5	29.2	5.4
1989-02-15	0	0.5	29.4	5.5
1989-02-16	0	0.5	26.3	4.2
1989-02-17	0	1.3	29.3	4.2
1989-02-18	0	1.6	21.4	4.2
1989-02-19	0	2.4	28.2	5.5
1989-02-20	0	3.7	27.2	8.2
1989-02-21	0	5.7	25.3	6.4
1989-02-22	0	4.6	16.2	6.2
1989-02-23	0	5.9	17.2	3.3
1989-02-24	0	6.2	21.3	4.4
1989-02-25	0	4.6	21.2	4.5
1989-02-26	0	8.3	23.3	1.2
1989-02-27	0	3.1	28.2	2.2
1989-02-28	0	NULO	29.2	7.2
1989-03-01	0	7.8	29.3	7.2
1989-03-02	0	1.8	29.3	6.2
1989-03-03	0	5.4	30.2	6.2
1989-03-04	0	1.1	27.4	9.4
1989-03-05	0	2.2	29.5	5.5
1989-03-06	1.2	2.3	21.5	2.2
1989-03-07	0	1.2	21.2	1.5
1989-03-08	0	2.1	22.2	3.2
1989-03-09	0	1.3	29.2	3.3
1989-03-10	0	1.7	29.3	1.1
1989-03-11	0	7.2	23.2	1.5
1989-03-12	0	1.2	26.2	3.3
1989-03-13	0	6.6	27.3	3.3
1989-03-14	0	6.2	28.3	7.2
1989-03-15	0	7.4	27.3	8.2
1989-03-16	0	6.6	28.3	6.2
1989-03-17	0	6.1	22.3	6.2
1989-03-18	0	4.4	26.3	5.5
1989-03-19	0	2.2	26.2	7.3
1989-03-20	0	3.1	28.2	7.2
1989-03-21	0	2.9	27.3	9.3
1989-03-22	0	1.8	29.3	8.2
1989-03-23	0	1.9	22.4	8.2
1989-03-24	0	3.5	29.4	9.2
1989-03-25	0	1.4	29.3	7.2
1989-03-26	0	2	28.2	7.2
1989-03-27	0	7.6	30.5	9.3
1989-03-28	0	1.2	30.2	9.4
1989-03-29	0	5.4	28.2	9.3
1989-03-30	0	5.9	27.2	9.3
1989-03-31	0	8	26.2	9.3
