COMISIÓN NACIONAL DEL AGUA
COORDINACIÓN GENERAL DEL SERVICIO METEOROLÓGICO NACIONAL
BASE DE DATOS CLIMATOLÓGICA NACIONAL 

REGISTRO DIARIO HISTÓRICO
EMISIÓN   : 11/09/2026 

DATOS DISPONIBLES EN LA BASE DE DATOS A: SEPTEMBER DE 2026; 
CON LA INFORMACIÓN SUMINISTRADA POR LAS UNIDADES ADMINISTRATIVAS 

 ESTACIÓN   : 13159 
 NOMBRE     : UNIDAD DE RIEGO LOS ANGELES 
 ESTADO     : HIDALGO 
 MUNICIPIO  : ATOTONILCO EL GRANDE 
 SITUACIÓN  : OPERANDO 
 U. ADMNVA. : DIRECCIÓN LOCAL HIDALGO 
 CVE-OMM    :   
 LATITUD    : 20.27222222 ° 
 LONGITUD   : -98.66361111 ° 
 ALTITUD    : 2129 msnm 




FECHA		PRECIP	EVAP	TMAX	TMIN
		(mm)	(mm)	(°C )	(°C)
2009-03-01	0	NULO	NULO	NULO
2009-03-02	0	NULO	27.5	13
2009-03-03	0	NULO	28	13
2009-03-04	0	NULO	28	14
2009-03-05	0	NULO	29	12
2009-03-06	0	NULO	28	10
2009-03-07	0	NULO	29	8.5
2009-03-08	0	NULO	29.5	10
2009-03-09	0	NULO	28	11
2009-03-10	0	NULO	26	10.5
2009-03-11	0	NULO	28	10
2009-03-12	0	NULO	29.5	11
2009-03-13	0	NULO	29	12
2009-03-14	0	NULO	30	10
2009-03-15	0	NULO	30.5	11
2009-03-16	0	NULO	29	15
2009-03-17	0	NULO	30	9
2009-03-18	0	NULO	30	17
2009-03-19	0	NULO	29	14
2009-03-20	0	NULO	29.5	18
2009-03-21	0	NULO	30.5	11
2009-03-22	0	NULO	29.5	10
2009-03-23	0	NULO	30	9
2009-03-24	0	NULO	28	11
2009-03-25	0	NULO	29.5	10
2009-03-26	0	NULO	30	11
2009-03-27	0	NULO	30	10
2009-03-28	0	NULO	27	11
2009-03-29	0	NULO	28	5
2009-03-30	0	NULO	27.5	9
2009-03-31	0	NULO	NULO	NULO
2009-04-01	0	NULO	NULO	NULO
2009-04-02	0	NULO	30	8.5
2009-04-03	0	NULO	33	8.5
2009-04-04	0	NULO	32	8
2009-04-05	0	NULO	32	12
2009-04-06	0	NULO	24	10
2009-04-07	0	NULO	28	6.5
2009-04-08	0	NULO	27.5	5
2009-04-09	0	NULO	30	8
2009-04-10	0	NULO	31.5	8
2009-04-11	0	NULO	30	11
2009-04-12	0	NULO	30.5	13
2009-04-13	0	NULO	32.5	11
2009-04-14	0	NULO	28	11.5
2009-04-15	8.5	NULO	29	10.5
2009-04-16	0	NULO	28.5	9
2009-04-17	0	NULO	28	11
2009-04-18	0	NULO	28.5	10
2009-04-19	4.5	NULO	30	9.5
2009-04-20	0	NULO	30.5	9
2009-04-21	0	NULO	30	8.5
2009-04-22	0	NULO	25	6
2009-04-23	0	NULO	25.5	6
2009-04-24	0	NULO	26	9
2009-04-25	0	NULO	30	8
2009-04-26	0	NULO	29	8.5
2009-04-27	0	NULO	30	8
2009-04-28	0	NULO	28	8
2009-04-29	0	NULO	27	8
2009-04-30	0	NULO	27	7
2009-05-01	0	NULO	28.5	8
2009-05-02	0	NULO	30	9
2009-05-03	0	NULO	31.5	13
2009-05-04	2	NULO	30.5	13
2009-05-05	0	NULO	30	10.5
2009-05-06	NULO	0.7	32	10
2009-05-07	0	NULO	31.5	10
2009-05-08	0	NULO	30	9
2009-05-09	0	NULO	31	10
2009-05-10	0	NULO	30	11.5
2009-05-11	0	NULO	28	10.5
2009-05-12	0	NULO	27	10
2009-05-13	0	NULO	28	12
2009-05-14	0	NULO	28	13.5
2009-05-15	0	0.65	27	11.5
2009-05-16	0	NULO	23	12
2009-05-17	0	NULO	22	13
2009-05-18	6	NULO	20	11
2009-05-19	0	NULO	21	9
2009-05-20	2.5	NULO	20	8.5
2009-05-21	0	NULO	21	8
2009-05-22	0	NULO	27	9
2009-05-23	0	NULO	29	9.5
2009-05-24	3	NULO	29	10
2009-05-25	0	NULO	30	11
2009-05-26	0	NULO	32.5	11
2009-05-27	0	NULO	30	14
2009-05-28	35.5	NULO	27	12.5
2009-05-29	0	NULO	23.5	11.5
2009-05-30	6.5	NULO	23.5	12
2009-05-31	0	NULO	23	9.5
2009-06-01	67.4	NULO	NULO	NULO
2009-06-02	22.3	NULO	24	11
2009-06-03	0	NULO	24	9
2009-06-04	0	NULO	25	10
2009-06-05	0	NULO	26	9.5
2009-06-06	0	NULO	27	9
2009-06-07	0	NULO	29.5	9
2009-06-08	0	NULO	29.5	9
2009-06-09	0	NULO	35.5	10
2009-06-10	0	NULO	28	11
2009-06-11	0	NULO	30	11.5
2009-06-12	0	NULO	28.5	11
2009-06-13	0	NULO	28.5	10.5
2009-06-14	0	NULO	28.5	10
2009-06-15	0	NULO	27.5	10
2009-06-16	0	NULO	28	10
2009-06-17	8	NULO	27	11
2009-06-18	0	NULO	25.5	11
2009-06-19	2.1	NULO	24	12
2009-06-20	2.5	NULO	23	11
2009-06-21	1	NULO	22.5	14
2009-06-22	5.8	NULO	23	11
2009-06-23	7.3	NULO	22	11
2009-06-24	0.5	NULO	24	4
2009-06-25	0	NULO	25	11
2009-06-26	23.5	NULO	25	11
2009-06-27	0	NULO	25	11
2009-06-28	55.5	NULO	23.5	10.5
2009-06-29	6.5	NULO	31.5	11
2009-06-30	0	NULO	31	11.5
2009-07-01	0	NULO	NULO	NULO
2009-07-02	2	NULO	24	11
2009-07-03	4.1	NULO	25.5	12
2009-07-04	3.2	NULO	21	12.5
2009-07-05	0	NULO	25	10.5
2009-07-06	0	NULO	26.5	10
2009-07-07	0	NULO	27	10
2009-07-08	0	NULO	26.5	10
2009-07-09	0	NULO	25.5	10
2009-07-10	18	NULO	31	12
2009-07-11	2.5	NULO	21	12
2009-07-12	0	NULO	20	10
2009-07-13	0	NULO	22.5	8.5
2009-07-14	0	NULO	25.5	12
2009-07-15	0	NULO	25	10
2009-07-16	0	NULO	25.5	9
2009-07-17	0	NULO	25.5	10
2009-07-18	0	NULO	25.5	9
2009-07-19	0	NULO	25.5	8.5
2009-07-20	0	NULO	28	9
2009-07-21	0	NULO	26.5	9
2009-07-22	0	NULO	26.5	11
2009-07-23	20	NULO	27	9
2009-07-24	6.8	NULO	28	8.5
2009-07-25	0	NULO	24	9
2009-07-26	6.5	NULO	24	11
2009-07-27	0	NULO	26	9.5
2009-07-28	9	NULO	25.5	10
2009-07-29	0	NULO	27	10.5
2009-07-30	0	NULO	27	10
2009-07-31	0	NULO	27	11
2009-08-01	0	NULO	24	8.5
2009-08-02	0	NULO	25	9.2
2009-08-03	0	NULO	25	11
2009-08-04	0	NULO	25	8.5
2009-08-05	0	NULO	25.5	9
2009-08-06	0	NULO	26	8.5
2009-08-07	0	NULO	26	8
2009-08-08	0	NULO	28	9
2009-08-09	17.7	NULO	27	11
2009-08-10	0	NULO	25	11
2009-08-11	0	NULO	25	8
2009-08-12	0	NULO	25	13
2009-08-13	0	NULO	26	8
2009-08-14	1.7	NULO	26.5	9.5
2009-08-15	0	NULO	27	9
2009-08-16	4.7	NULO	27	8.5
2009-08-17	0	NULO	25	11
2009-08-18	2.8	NULO	28	11.5
2009-08-19	0	NULO	26	13
2009-08-20	2.8	NULO	27	11
2009-08-21	1.5	NULO	26	12
2009-08-22	0	NULO	25	10
2009-08-23	0	NULO	25	8.5
2009-08-24	0	NULO	25	8
2009-08-25	0	NULO	25	7.5
2009-08-26	4.5	NULO	25	8
2009-08-27	0	NULO	25	9
2009-08-28	0	NULO	24	9.5
2009-08-29	1.5	NULO	23	9
2009-08-30	30	NULO	24	11.5
2009-08-31	NULO	NULO	24	12.5
2009-09-01	1	NULO	21.5	9
2009-09-02	0	NULO	23	9
2009-09-03	0	NULO	25.5	11
2009-09-04	6.2	NULO	20	12.5
2009-09-05	2.7	NULO	20	11
2009-09-06	3.7	NULO	21	12
2009-09-07	3.5	NULO	22.5	12
2009-09-08	3.2	0.4	22.5	12
2009-09-09	7	NULO	23	14
2009-09-10	39	NULO	24	13
2009-09-11	12.5	NULO	22	12
2009-09-12	8.2	NULO	25	12
2009-09-13	0	NULO	24	10.5
2009-09-14	53.5	NULO	24	11
2009-09-15	13	NULO	23	12
2009-09-16	0	NULO	24	13
2009-09-17	23	NULO	24.5	7.5
2009-09-18	0	NULO	22	10
2009-09-19	0	NULO	21.5	10.5
2009-09-20	0	NULO	22	10
2009-09-21	0	NULO	25	9.5
2009-09-22	7	NULO	23	10
2009-09-23	18.5	NULO	20	10
2009-09-24	10	NULO	19.5	12
2009-09-25	37.5	NULO	18	12
2009-09-26	31	NULO	18	12
2009-09-27	3	NULO	20	12
2009-09-28	20	NULO	23.5	12
2009-09-29	2.5	NULO	23	11.5
2009-09-30	0	NULO	23	12
2009-10-01	0	1.33	26	11
2009-10-02	0	4.93	27.5	10.5
2009-10-03	0	5.97	26.5	10
2009-10-04	0	2.04	28	10
2009-10-05	0	1.56	28	10
2009-10-06	0	2.9	27.5	10
2009-10-07	0	3.6	25	10
2009-10-08	8	2.1	25.5	12
2009-10-09	2	NULO	26	12
2009-10-10	0	NULO	24	10
2009-10-11	4.5	NULO	25	11
2009-10-12	20.5	NULO	24	11
2009-10-13	0	NULO	24	11
2009-10-14	0	NULO	25	10
2009-10-15	0	NULO	28	8
2009-10-16	2.7	NULO	24	7
2009-10-17	10.5	NULO	15	8
2009-10-18	2.5	NULO	20	8.5
2009-10-19	0	NULO	15	8
2009-10-20	0	NULO	21	9
2009-10-21	0	NULO	20	9
2009-10-22	38	NULO	25	9
2009-10-23	14	NULO	24	10.5
2009-10-24	20	NULO	20.5	11.5
2009-10-25	9.5	NULO	20	10
2009-10-26	5.5	NULO	20.5	10
2009-10-27	0	NULO	20	11
2009-10-28	0	NULO	22.5	11.5
2009-10-29	0	NULO	25.5	14
2009-10-30	26.5	NULO	21	12.5
2009-10-31	0	NULO	20	9
2009-11-01	0	NULO	26	7
2009-11-02	0	NULO	21	4
2009-11-03	2	NULO	15	3.5
2009-11-04	3	NULO	12	6.5
2009-11-05	5.5	NULO	11	7.5
2009-11-06	0	NULO	13	6
2009-11-07	0	NULO	12	8
2009-11-08	0	NULO	20	8
2009-11-09	0	NULO	22	8
2009-11-10	3	NULO	20.5	6.5
2009-11-11	0	NULO	24	6
2009-11-12	0	NULO	20	3
2009-11-13	0	1.1	24	4.5
2009-11-14	0	0.9	24	8
2009-11-15	0	2.1	24	7
2009-11-16	0	1.6	20	9.5
2009-11-17	0	1.61	24	7
2009-11-18	0	1.69	24	7
2009-11-19	0	1.3	24	7
2009-11-20	0	0.69	26	9
2009-11-21	0	3.48	26.5	10
2009-11-22	0	2.01	24	11
2009-11-23	0	0.72	24	8.5
2009-11-24	1.5	0.5	24	7
2009-11-25	0	NULO	25	7.5
2009-11-26	0	1.01	22	11
2009-11-27	0	0.66	25	7
2009-11-28	0	0.98	23	10
2009-11-29	0	1.23	24.5	8
2009-11-30	0	1.15	24.5	8.5
2009-12-01	0	NULO	23	9
2009-12-02	0	NULO	24	10
2009-12-03	0	0.21	26	6
2009-12-04	0	1.54	23	9
2009-12-05	0	0.69	20	7
2009-12-06	0	1.22	24	9
2009-12-07	0	0.46	26	10
2009-12-08	0	1.55	27	10.5
2009-12-09	0	0.48	27	10.5
2009-12-10	0	1.8	27.5	9
2009-12-11	0	0.39	27	9
2009-12-12	0	0.24	25.5	7.5
2009-12-13	0	1.21	24	7
2009-12-14	0	1.39	25	6
2009-12-15	0	1.4	25	8
2009-12-16	10.5	1.6	22	9
2009-12-17	0	NULO	20	5
2009-12-18	0	NULO	23	5
2009-12-19	0	0.5	20	5.5
2009-12-20	0	1.2	22	5
2009-12-21	0	2.2	22	4.5
2009-12-22	0	1.95	22	2
2009-12-23	0	2.25	21	4.5
2009-12-24	0	2.4	25	7.5
2009-12-25	0	1.1	24	5
2009-12-26	0	2.3	23	5
2009-12-27	0	1.7	24	3.5
2009-12-28	0	1.62	27	5
2009-12-29	0	2.28	24	4.5
2009-12-30	0	1.72	24	5
2009-12-31	0	1.83	24	6.5
2010-01-01	0	0.65	19.5	6
2010-01-02	3	NULO	24	4
2010-01-03	1	NULO	21	4
2010-01-04	0	NULO	16	3
2010-01-05	0	NULO	20	3.5
2010-01-06	0	NULO	20	4
2010-01-07	7	0.45	22	5
2010-01-08	9.2	NULO	16.5	4
2010-01-09	0.5	NULO	16	2
2010-01-10	0	NULO	10	2.5
2010-01-11	0	NULO	14	1
2010-01-12	2	NULO	14	2
2010-01-13	2.5	NULO	15	4
2010-01-14	0	NULO	21	5
2010-01-15	0	NULO	20	2
2010-01-16	0	NULO	19	4
2010-01-17	0	2.6	22	4
2010-01-18	0	1.6	25	5
2010-01-19	0	0.74	26	7
2010-01-20	0	2.52	27	7
2010-01-21	0	2.93	27.5	7
2010-01-22	0	2.45	27	7
2010-01-23	0	1.24	28	7
2010-01-24	0	2.36	28	8
2010-01-25	0	1.7	25	4
2010-01-26	0	1.74	20	2
2010-01-27	0	1.91	24	4.5
2010-01-28	0	2.8	NULO	NULO
2010-02-01	15.5	NULO	27	5.5
2010-02-02	14.5	NULO	26	6.5
2010-02-03	27.2	NULO	22	7.5
2010-02-04	25	NULO	22	8
2010-02-05	0	NULO	21	4.5
2010-02-06	0	NULO	22	3
2010-02-07	0	1	24	4.5
2010-02-08	0	1.27	25.5	5
2010-02-09	0	1.94	19.5	6
2010-02-10	0	1.77	21	5.5
2010-02-11	0	2.77	20	6
2010-02-12	0	1.77	20	7
2010-02-13	0	2.05	24	5.5
2010-02-14	1.7	2.4	23	5.6
2010-02-15	1	NULO	21.5	6
2010-02-16	2	NULO	20	4
2010-02-17	13	NULO	23	4.1
2010-02-18	2	NULO	23	4
2010-02-19	0	NULO	21.1	6
2010-02-20	0	1.5	20.5	5.5
2010-02-21	0	1.25	25	7.5
2010-02-22	0	2.38	24	9
2010-02-23	0	3.27	21.5	8
2010-02-24	0	4.48	20.5	4
2010-02-25	4	NULO	25	-2.5
2010-02-26	0	3.92	23.5	0
2010-02-27	0	2.88	20	2
2010-02-28	0	2.82	NULO	NULO
2010-03-01	0	3.2	22	7
2010-03-02	0	4.7	22	5
2010-03-03	0	3.5	22	3.5
2010-03-04	0	3.5	24.5	2
2010-03-05	0	3.61	26	3.5
2010-03-06	0	3.84	25	6
2010-03-07	0	2.35	22.5	8
2010-03-08	0	3.3	25.5	8.5
2010-03-09	0	1.84	28	10
2010-03-10	0	4.28	29	9
2010-03-11	0	4.76	30	11
2010-03-12	0	5.56	25	9
2010-03-13	0	5.4	24.5	10
2010-03-14	0	4.58	29	6.5
2010-03-15	0	4.5	29	7.5
2010-03-16	0	4.35	24	10
2010-03-17	0	0.75	21	5
2010-03-18	0	1.74	24	2
2010-03-19	0	4.46	22.5	4
2010-03-20	0	3.33	26	10
2010-03-21	0	5.81	21	5
2010-03-22	0	4.67	24	4.5
2010-03-23	0	NULO	27.5	6.5
2010-03-24	0	NULO	28	10
2010-03-25	0	4.14	26.5	8
2010-03-26	0	3.11	27	6
2010-03-27	0	3.8	29.5	9
2010-03-28	0	5	22.5	11
2010-03-29	0	0.65	25	4.5
2010-03-30	0	3.92	26	5
2010-03-31	0	4.4	NULO	NULO
2010-04-01	0	3.08	27.5	9
2010-04-02	0	3.47	26.5	10
2010-04-03	0	4.32	27	8
2010-04-04	0	3.89	29	9
2010-04-05	0	4.37	29	8.5
2010-04-06	0	3.85	30	7
2010-04-07	0	5.45	31.5	10.5
2010-04-08	0	6.16	30	12
2010-04-09	12	NULO	29	9
2010-04-10	0	NULO	26.5	7.5
2010-04-11	0	4.06	26.5	10
2010-04-12	16.4	4.17	24	10
2010-04-13	0	NULO	21.5	10
2010-04-14	0	3.68	24	10
2010-04-15	7	3.76	24	10.5
2010-04-16	0	NULO	23	9.5
2010-04-17	12.5	3.22	25	6
2010-04-18	0	NULO	24	6.5
2010-04-19	0	3.85	24	8
2010-04-20	0	4.75	26	8
2010-04-21	0	3.44	28	8
2010-04-22	0	4.82	27.5	8
2010-04-23	0	2.81	27	14
2010-04-24	0	2.09	29.5	14
2010-04-25	0	5.66	29.5	14
2010-04-26	0	3.14	28	7.5
2010-04-27	0	5.4	30.5	7.5
2010-04-28	0	5.19	26	8
2010-04-29	0	5.14	31	9
2010-04-30	0	5.78	NULO	NULO
2010-05-01	0	8.15	28	12.5
2010-05-02	0	NULO	33	11
2010-05-03	0	6.58	32	10
2010-05-04	0	5.19	24	10.5
2010-05-05	0	5.44	32	8
2010-05-06	0	6.45	32	10
2010-05-07	0	5.73	33.5	8
2010-05-08	0	6.94	29	6
2010-05-09	0	5.11	29	8
2010-05-10	0	5.37	31	11
2010-05-11	0	4.37	32	11.5
2010-05-12	0	6.21	31	10
2010-05-13	0	4.57	30	11
2010-05-14	5.7	6.67	29	11
2010-05-15	0	NULO	30	11
2010-05-16	1.5	5.58	29.5	11
2010-05-17	0	NULO	28	10
2010-05-18	0	4.81	27	11
2010-05-19	0	3.95	30	10
2010-05-20	0	5.73	32	11.5
2010-05-21	0	6.75	32.5	11
2010-05-22	0	7.54	32	10
2010-05-23	0	6.06	31	10
2010-05-24	0	5.15	31	10
2010-05-25	0	5.93	30	11
2010-05-26	0	4.87	29.5	10.5
2010-05-27	0	5.5	27	12
2010-05-28	0	3.9	28	13
2010-05-29	0	3.95	30	12
2010-05-30	0	NULO	32	11
2010-05-31	0	NULO	NULO	NULO
2010-06-01	0	NULO	31.5	13
2010-06-02	0	NULO	33	12
2010-06-03	0	4.95	32	13.8
2010-06-04	8.5	5.84	32.5	12
2010-06-05	0	NULO	32	12
2010-06-06	0	5.35	32	12
2010-06-07	0	6.33	30	12
2010-06-08	10	5.18	29	13
2010-06-09	0	NULO	30.5	11
2010-06-10	0	3.35	30.5	12
2010-06-11	1	4.44	30	12
2010-06-12	0	NULO	27	14
2010-06-13	0	1.8	26.5	11
2010-06-14	0	5.22	25	10
2010-06-15	0	5.74	29	10.5
2010-06-16	2	4.23	20	10
2010-06-17	1	NULO	20.5	11.5
2010-06-18	24	NULO	20.5	12
2010-06-19	1	NULO	26	11
2010-06-20	0	NULO	25	11
2010-06-21	0	NULO	26	11
2010-06-22	0	NULO	26	11.5
2010-06-23	0	NULO	25	10
2010-06-24	0	5.58	24	10
2010-06-25	0	3.11	25	12
2010-06-26	0	3.72	27	12
2010-06-27	0	2.63	29	13
2010-06-28	0	4.04	29	11
2010-06-29	0	3.93	23	14
2010-06-30	0	2.71	NULO	NULO
2010-07-01	38	NULO	25	13.5
2010-07-02	1.5	NULO	24	14
2010-07-03	26.5	NULO	25	12
2010-07-04	24.5	NULO	25	11
2010-07-05	40	NULO	25	13
2010-07-06	20	NULO	24	14
2010-07-07	18	NULO	25	13
2010-07-08	7	NULO	20.5	13
2010-07-09	8	NULO	16	13
2010-07-10	4.5	NULO	20	13
2010-07-11	0	NULO	20	11
2010-07-12	0	NULO	25	11
2010-07-13	0	NULO	25	11.5
2010-07-14	0	NULO	20	11
2010-07-15	6	NULO	26	11
2010-07-16	0	NULO	23	10
2010-07-17	0.5	3.63	23	8.5
2010-07-18	27.5	2.31	24	9.5
2010-07-19	0	NULO	24	13
2010-07-20	18.5	NULO	22	13
2010-07-21	6.5	NULO	21	14
2010-07-22	40	NULO	17	13
2010-07-23	65	NULO	16	12
2010-07-24	20	NULO	16.5	13
2010-07-25	6.5	NULO	17	13
2010-07-26	0.5	NULO	23	13.5
2010-07-27	1	NULO	24	12
2010-07-28	0	NULO	20	13
2010-07-29	5.5	NULO	22	13
2010-07-30	0	NULO	20	9
2010-07-31	0	NULO	NULO	NULO
2010-08-01	0	NULO	25	8.5
2010-08-02	7.5	NULO	25	11
2010-08-03	0	NULO	25	9
2010-08-04	0	NULO	25	10
2010-08-05	0	NULO	24	10
2010-08-06	38	NULO	24	12
2010-08-07	1	NULO	22	13
2010-08-08	0	NULO	26	9
2010-08-09	1	NULO	26	13
2010-08-10	0	NULO	27	13
2010-08-11	21	NULO	26.5	11.5
2010-08-12	11.2	NULO	27	10.5
2010-08-13	55	NULO	25	13
2010-08-14	0	NULO	22	14
2010-08-15	2	NULO	25	12
2010-08-16	7	NULO	21	12
2010-08-17	12	NULO	20	13
2010-08-18	1	NULO	23	12
2010-08-19	0	NULO	22	12
2010-08-20	0	NULO	22	10
2010-08-21	4	NULO	21	11
2010-08-22	2	NULO	20	12
2010-08-23	0	NULO	20	9
2010-08-24	0	NULO	22.5	9
2010-08-25	0	NULO	25	9
2010-08-26	0	NULO	21	9
2010-08-27	0	NULO	18.5	11.5
2010-08-28	0	NULO	24	9
2010-08-29	0	4.41	22	13
2010-08-30	0	3.12	22.5	11
2010-08-31	0	1.75	NULO	NULO
2010-09-01	0	NULO	20	12
2010-09-02	26.5	NULO	20	14
2010-09-03	6.5	NULO	22	11.5
2010-09-04	51.5	NULO	20.5	12
2010-09-05	30	NULO	16	12.5
2010-09-06	2	NULO	20.5	12.5
2010-09-07	15	NULO	21	13
2010-09-08	3	NULO	22.5	12
2010-09-09	11	NULO	24	12.5
2010-09-10	0	NULO	24	10
2010-09-11	0	NULO	24	11
2010-09-12	0	NULO	22	11
2010-09-13	0	NULO	21.5	10.5
2010-09-14	8.3	NULO	20	11
2010-09-15	0	NULO	21	11.5
2010-09-16	2	NULO	23	12
2010-09-17	35	NULO	18	11
2010-09-18	9	NULO	18.4	12
2010-09-19	8	NULO	19	14
2010-09-20	11	NULO	22	13
2010-09-21	0	NULO	21	14
2010-09-22	5.5	NULO	25	13.5
2010-09-23	0	NULO	21.5	11.5
2010-09-24	7.5	NULO	21	11
2010-09-25	5.3	NULO	20	12
2010-09-26	1	NULO	20.5	9
2010-09-27	3	NULO	19.5	11
2010-09-28	0	NULO	22	11.5
2010-09-29	0	NULO	22.5	13
2010-09-30	0	NULO	NULO	NULO
2011-01-01	0	1.86	22	7.5
2011-01-02	0	2.75	24	3.5
2011-01-03	0	0.97	26	3
2011-01-04	0	0.74	28	3
2011-01-05	0	2.25	29	6
2011-01-06	0	0.6	26	5.5
2011-01-07	0	1	28.5	5.5
2011-01-08	0	1.56	28.5	8
2011-01-09	0	2.07	25	10
2011-01-10	0	2.71	26	7
2011-01-11	0	1.64	20	5
2011-01-12	0	1	12	6.6
2011-01-13	0	0.66	16	4.5
2011-01-14	0	0.79	11	4
2011-01-15	0	0.71	22	2
2011-01-16	0	0.69	22	2.5
2011-01-17	0	0.9	20	4
2011-01-18	0	2.7	22	5
2011-01-19	0	1.81	27	4
2011-01-20	0	2.84	26	4
2011-01-21	0	2.21	27.5	5
2011-01-22	0	3.07	22.5	4
2011-01-23	0	2.41	27.5	5
2011-01-24	0	3.04	27	4.5
2011-01-25	0	3.5	25	5.5
2011-01-26	0	2.93	21.5	6
2011-01-27	0	1	21	3
2011-01-28	0	2.66	24	4
2011-01-29	0	1.21	26	5
2011-01-30	0	1.87	27.5	11
2011-01-31	0	1.94	28	7
2011-02-01	0	3.34	27	9
2011-02-02	0	2.39	18	6
2011-02-03	0	2.28	22	2
2011-02-04	0	1.67	24.5	4.5
2011-02-05	0	2.8	25	10
2011-02-06	0	2.03	19.5	9
2011-02-07	0	3.41	20.5	6.5
2011-02-08	0	1.81	24	2
2011-02-09	0	NULO	28	3
2011-02-10	0	NULO	24	5.5
2011-02-11	0	NULO	26	8
2011-02-12	0	NULO	12.5	5
2011-02-13	0	NULO	20	4.5
2011-02-14	0	NULO	25	3
2011-02-15	0	NULO	26	1.5
2011-02-16	0	1.53	27	4.5
2011-02-17	0	2.6	29	6
2011-02-18	0	4.17	27.5	6
2011-02-19	0	2.78	22	4
2011-02-20	0	3.4	28	4.5
2011-02-21	0	5.27	27.5	5.5
2011-02-22	0	4.57	28	6
2011-02-23	0	3.08	27.5	6.5
2011-02-24	0	NULO	26	9
2011-02-25	0	NULO	26.5	8
2011-02-26	1	NULO	27	8.5
2011-02-27	0	NULO	29	9.5
2011-02-28	0	NULO	NULO	NULO
2011-03-01	0	4.68	25.5	6
2011-03-02	0	3.53	28.5	3.5
2011-03-03	0	4.46	30	5.5
2011-03-04	0	5.43	30.5	8
2011-03-05	2	4.76	28	10.5
2011-03-06	0	NULO	22	4
2011-03-07	0	NULO	25	5
2011-03-08	0	NULO	29	6.5
2011-03-09	0	NULO	27	8
2011-03-10	0	4.1	16.5	6.5
2011-03-11	0	4.11	25	1.5
2011-03-12	0	2.47	27.5	2.5
2011-03-13	0	4.38	27.5	7
2011-03-14	0	4.53	26.5	6.5
2011-03-15	0	3.58	26	7.5
2011-03-16	0	3.66	27	5
2011-03-17	0	4.19	26	3.5
2011-03-18	0	3.91	26.5	5
2011-03-19	0	3.9	27	3.5
2011-03-20	0	4.14	27.5	5
2011-03-21	0	4.65	25	3
2011-03-22	0	4.29	27	4
2011-03-23	0	NULO	30	3
2011-03-24	0	NULO	29	3.5
2011-03-25	0	4.08	31.5	6.5
2011-03-26	0	7.26	32.5	11
2011-03-27	0	5.71	32	12
2011-03-28	0	5.47	31	11.5
2011-03-29	0	5.3	32	11
2011-03-30	0	4.93	31	12
2011-03-31	0	NULO	NULO	NULO
2011-04-01	0	NULO	29	9.5
2011-04-02	0	NULO	27.5	10
2011-04-03	0	2.75	29.5	9
2011-04-04	21	NULO	31	9
2011-04-05	0	NULO	23.5	7
2011-04-06	0	NULO	30.5	8
2011-04-07	0	5.12	31	10.5
2011-04-08	0	6.51	31	12
2011-04-09	0	6.95	31.5	10
2011-04-10	0	6.14	33	10.5
2011-04-11	0	5.17	33	11
2011-04-12	0	6.89	26	8
2011-04-13	0	6.8	32	7
2011-04-14	0	5.19	32.5	11
2011-04-15	0	5.38	33	12
2011-04-16	NULO	NULO	22	12
2011-04-17	1	NULO	33	9.5
2011-04-18	2	NULO	31	10
2011-04-19	5	NULO	30	10.5
2011-04-20	0	NULO	29	11
2011-04-21	0	NULO	29	9
2011-04-22	0	4.81	30	9
2011-04-23	35.4	4.55	30	10
2011-04-24	0	2.8	32	10.5
2011-04-25	0	5.06	32	11
2011-04-26	0	5.9	33	14
2011-04-27	0	4.85	33	13.5
2011-04-28	0	8.28	27	9
2011-04-29	0	5.91	32	8
2011-04-30	0	NULO	NULO	NULO
2011-05-01	0	5.81	31.5	13.5
2011-05-02	4	5.97	31	11
2011-05-03	0	NULO	20	9
2011-05-04	0	NULO	25	4
2011-05-05	0	NULO	26.5	5
2011-05-06	0	4.61	27.5	7
2011-05-07	0	6.13	32	8
2011-05-08	0	NULO	33	11
2011-05-09	0	NULO	33.5	12
2011-05-10	0	NULO	33.5	12
2011-05-11	0	NULO	33.5	13
2011-05-12	0	NULO	32.5	13.5
2011-05-13	0	NULO	32	13
2011-05-14	0	NULO	30	13
2011-05-15	0	NULO	30	11.5
2011-05-16	0	NULO	31	12
2011-05-17	0	NULO	32.5	11
2011-05-18	0	NULO	34.5	12.5
2011-05-19	0	NULO	32	14.5
2011-05-20	0	NULO	33.5	14.5
2011-05-21	0	NULO	33.5	14
2011-05-22	0	4.71	32	12
2011-05-23	0	4.97	34	12.5
2011-05-24	0	5.79	34.5	12.5
2011-05-25	0	6.74	34.5	13
2011-05-26	0	8.28	34	13
2011-05-27	0	6.41	35	11
2011-05-28	0	6.3	35	12
2011-05-29	0	7.33	33.5	11.5
2011-05-30	0	8.04	32.9	10.5
2011-05-31	0	5.78	NULO	NULO
2011-06-01	0	5.34	22	10
2011-06-02	0	1.11	27	5.5
2011-06-03	0	NULO	29	5
2011-06-04	0	NULO	27	5
2011-06-05	0	NULO	23	8.5
2011-06-06	0	NULO	27	7.5
2011-06-07	0	NULO	29	6.5
2011-06-08	0	NULO	31.5	7
2011-06-09	0	NULO	31	8
2011-06-10	0	NULO	32	9
2011-06-11	0	NULO	30	8
2011-06-12	0	NULO	29	7.6
2011-06-13	0	NULO	29	7.5
2011-06-14	0	NULO	30	8.5
2011-06-15	0	NULO	31.5	9
2011-06-16	0	NULO	31.5	8.5
2011-06-17	0	3.5	29.5	10.5
2011-06-18	0	6.15	27	11
2011-06-19	0	4.62	28	10
2011-06-20	31.5	NULO	29	14
2011-06-21	40	NULO	21	12
2011-06-22	9.3	NULO	21	14
2011-06-23	27	NULO	20	14
2011-06-24	5.5	NULO	24	14
2011-06-25	20	NULO	22.5	12
2011-06-26	5.5	NULO	22	12
2011-06-27	4	NULO	25	12
2011-06-28	25.5	NULO	21	12.5
2011-06-29	74	NULO	16	13.5
2011-06-30	0	NULO	NULO	NULO
2011-07-01	41	NULO	19	13.5
2011-07-02	10	NULO	19	13
2011-07-03	0	NULO	19	12
2011-07-04	NULO	NULO	20	10
2011-07-05	0	NULO	22	10
2011-07-06	0	NULO	23	10
2011-07-07	31.5	NULO	26.5	10
2011-07-08	0	NULO	25	11
2011-07-09	30	NULO	23	11.5
2011-07-10	45.5	NULO	22	10
2011-07-11	2.5	NULO	18	10.5
2011-07-12	10	NULO	19	11
2011-07-13	25	NULO	21	10
2011-07-14	11.5	NULO	20	10.5
2011-07-15	0	NULO	21	10
2011-07-16	11	NULO	18	10.5
2011-07-17	7	NULO	19	12
2011-07-18	0	NULO	21	12.5
2011-07-19	0	NULO	24	9.5
2011-07-20	32	2.48	26	9.5
2011-07-21	2	NULO	21	11
2011-07-22	0	NULO	19.5	11
2011-07-23	0	NULO	25.5	10.5
2011-07-24	NULO	NULO	24	10
2011-07-25	2.5	NULO	24	11
2011-07-26	9.5	NULO	24	11.5
2011-07-27	0	NULO	26	12
2011-07-28	0	NULO	26	10
2011-07-29	5	1.7	23	10.5
2011-07-30	11	NULO	20	10.5
2011-07-31	0	NULO	NULO	NULO
2011-08-01	12.5	1.48	20	14
2011-08-02	7.5	1.85	22	12
2011-08-03	0	2.06	20	12
2011-08-04	0	1.31	25	12
2011-08-05	0	1.76	28	10
2011-08-06	33	3.03	26	12
2011-08-07	2	2.44	26	14
2011-08-08	1	1.62	25	12
2011-08-09	0	2.46	26	12
2011-08-10	8	2.47	28	12.5
2011-08-11	15	2.06	28.5	12
2011-08-12	0	2.52	26	12
2011-08-13	0	2.17	27	10
2011-08-14	0	2.8	24	9.5
2011-08-15	0	1.73	23	8
2011-08-16	0	1.46	25	1
2011-08-17	0	1.87	26	7
2011-08-18	0	2.14	26.5	10
2011-08-19	0	1.64	28	10
2011-08-20	0	2.48	26.5	8
2011-08-21	8.5	1.94	24	9
2011-08-22	6	1.08	23	10
2011-08-23	0	0.68	24	14
2011-08-24	0	0.86	26	10
2011-08-25	0	2.18	26	9.5
2011-08-26	0	2.85	24.5	10
2011-08-27	0	2.44	25	11
2011-08-28	3	3.66	26	14
2011-08-29	10	2.82	24	11.5
2011-08-30	0	2.51	20.5	12
2011-08-31	106.5	2.95	22	10
2011-09-01	44.5	6.19	24	10.5
2011-09-02	0	2.56	24.5	13.5
2011-09-03	38.5	1.88	26	13
2011-09-04	6.5	1.95	24	13
2011-09-05	6	2.95	22	12
2011-09-06	10	2.19	15	12
2011-09-07	0	2.45	20	7
2011-09-08	0	1.96	19	3
2011-09-09	0	3.71	21	2
2011-09-10	1	3.06	22	2.5
2011-09-11	7.5	0.99	15	5.5
2011-09-12	0	3.12	21	9
2011-09-13	0	3.64	22	8.5
2011-09-14	0	3.78	25	6
2011-09-15	1	4.7	25	7
2011-09-16	3.5	3.59	24	9
2011-09-17	0	2.41	25.5	12
2011-09-18	0	3.12	25	9.5
2011-09-19	0	2.26	24	8
2011-09-20	0	4.23	23	7
2011-09-21	0	2.56	23	7
2011-09-22	2.5	2.53	27	9
2011-09-23	0	1.57	20	10
2011-09-24	0	3.58	20	10.5
2011-09-25	0	0.78	25	7.5
2011-09-26	0	1.42	27	9
2011-09-27	0	4.3	28	9.5
2011-09-28	0	2.61	26	7
2011-09-29	0	3.02	26	7
2011-09-30	0	1.66	22	8
2011-10-01	5	0.62	15	11
2011-10-02	1.7	1.62	15	10
2011-10-03	0	0.17	16	9
2011-10-04	0	1.64	20	10
2011-10-05	0	2.53	24	10.5
2011-10-06	0	1.72	24.5	10
2011-10-07	0	1.97	23	12
2011-10-08	0	2.12	24	8
2011-10-09	14	2.18	24	10
2011-10-10	0	1.15	24	12
2011-10-11	0.8	1.95	20	10.5
2011-10-12	1	1.44	23	11
2011-10-13	6.5	2.05	14	11.5
2011-10-14	0	2.43	19.5	6.5
2011-10-15	0	1.1	20.5	7
2011-10-16	0	0.91	21	5
2011-10-17	0	3.32	27	5
2011-10-18	1	3.47	25	7
2011-10-19	0	3	20	9
2011-10-20	0	1.53	26.5	2.5
2011-10-21	0	2.73	20.5	3.5
2011-10-22	0	2.3	23	5
2011-10-23	0	2.35	21.5	3
2011-10-24	0	2.35	21.5	3
2011-10-25	0	2.04	22	1.5
2011-10-26	0	2.63	20	1.5
2011-10-27	0	2.46	27.5	2.5
2011-10-28	0	1.83	21	3.5
2011-10-29	0	1.95	23	6
2011-10-30	0	2.55	26	4.5
2011-10-31	0	0.73	21	2.5
2011-11-01	0	0.61	21	1.5
2011-11-02	0	2.08	27	2
2011-11-03	1	2.19	21	6
2011-11-04	2.7	2.44	20.5	7.5
2011-11-05	0	0.79	21.5	8
2011-11-06	0	1.08	27	8
2011-11-07	0	2.35	24	8.5
2011-11-08	0	1.37	25	10
2011-11-09	3	2.55	26	7
2011-11-10	0	1.6	16	6.5
2011-11-11	0	0.81	20	2.5
2011-11-12	0	1.02	26	6
2011-11-13	0	3.47	26.5	8
2011-11-14	0	3.03	25.5	8.5
2011-11-15	0	0.48	28.5	8
2011-11-16	0	3.88	27	8.5
2011-11-17	0	1.09	20	7
2011-11-18	0	0.23	21	9
2011-11-19	0	2.04	26	9.5
2011-11-20	0	2.23	26.5	7.5
2011-11-21	0	0.83	26.5	7
2011-11-22	0	1.04	27	8
2011-11-23	0	0.63	14	11
2011-11-24	0	0.33	24	7
2011-11-25	0	0.72	27	4.5
2011-11-26	4.5	3.51	21	5
2011-11-27	5.5	0.57	12	5.5
2011-11-28	0	1.35	17	-2
2011-11-29	0	1.95	22	-1.5
2011-11-30	0	1.57	20	-1
2011-12-01	0	1.13	21.5	-0.5
2011-12-02	0	1	23	4
2011-12-03	0	1.07	27	3
2011-12-04	0	4.46	28	4
2011-12-05	0	1.61	27	8.5
2011-12-06	0	1.9	27	6
2011-12-07	0	1.18	22	5.5
2011-12-08	0	1.85	19	4
2011-12-09	0	1.1	25	3.5
2011-12-10	0	1.65	25	2.5
2011-12-11	0	2.23	20.5	4
2011-12-12	0	1.78	22.6	3.5
2011-12-13	0	2.22	23	6
2011-12-14	0	2.7	20	6
2011-12-15	0	1.42	26	7
2011-12-16	0	0.82	26	5
2011-12-17	0	2.14	21	6.5
2011-12-18	1	2.54	15	7
2011-12-19	0	2.03	18	5
2011-12-20	0	2.78	26.5	6.5
2011-12-21	0	1.49	26	6
2011-12-22	0	1.2	28	7
2011-12-23	0	0.74	21	5.5
2011-12-24	0	1.31	24	6
2011-12-25	0	2.39	25.5	5
2011-12-26	0	1.34	21.5	4
2011-12-27	0	0.37	25.5	7.5
2011-12-28	0	2.7	21.5	3.5
2011-12-29	0	1.46	24.5	5.5
2011-12-30	0	2.34	23.5	7
2011-12-31	1	1.39	25	6.5
2012-01-01	4.5	2.34	19	6
2012-01-02	2.5	1.26	16	6.5
2012-01-03	0	0.09	8	2
2012-01-04	0	1.1	20	4
2012-01-05	0	1.1	15	4
2012-01-06	0	1.2	20	4
2012-01-07	0	1.6	22.5	4
2012-01-08	0	1.31	21.5	6
2012-01-09	0	2.35	27	7
2012-01-10	0	1.73	25	6
2012-01-11	0	1.57	26	7
2012-01-12	0	1.73	24	7.5
2012-01-13	0	1.41	20	4
2012-01-14	0	0.9	16	4.5
2012-01-15	0	0.75	17	7
2012-01-16	0	2.25	24	5
2012-01-17	0	2.74	26	6.5
2012-01-18	0	0.95	24	6
2012-01-19	0	2.85	25	4
2012-01-20	0	2.45	22.5	5
2012-01-21	0	1.6	26	6
2012-01-22	0	2.4	28	8
2012-01-23	0	1.56	27	8
2012-01-24	0	2.94	27	6
2012-01-25	0	2.25	22.5	8
2012-01-26	0	2.25	18	8.5
2012-01-27	0	2.02	22	4
2012-01-28	1.5	1.24	23	4
2012-01-29	2.5	1.02	13	6
2012-01-30	0	0.82	15	6.5
2012-01-31	15.5	0.87	20	7
2012-02-01	0	1.95	27.5	7
2012-02-02	0	2.68	25	5
2012-02-03	0	1.83	24	5
2012-02-04	0	2.83	25.5	6
2012-02-05	8.5	2.14	18	7.5
2012-02-06	0	1.73	20	6.5
2012-02-07	7.5	1.09	18	6.5
2012-02-08	9.5	1.44	10	6.5
2012-02-09	5.5	1.39	21	6
2012-02-10	8.6	1.1	13.5	7
2012-02-11	5.6	1.52	12	7.5
2012-02-12	2	0.93	10	5.5
2012-02-13	0	2.05	17	6
2012-02-14	3.5	0.42	19	6.5
2012-02-15	0	5.09	19	10
2012-02-16	0	2.71	25	8
2012-02-17	0	1.29	23	9
2012-02-18	0	2.18	22	10
2012-02-19	0	2.17	20	7.5
2012-02-20	1.5	1.25	25	8
2012-02-21	1	1.06	25	7.2
2012-02-22	0	3.09	24	8
2012-02-23	0	3.71	27	9.5
2012-02-24	1	1.54	24.5	9.5
2012-02-25	0	0.8	10.5	7
2012-02-26	0	2.7	23	3
2012-02-27	0	3.98	26	9
2012-02-28	0	3.57	25	5.5
2012-02-29	0	4.83	27.5	7
2012-03-01	0	4.67	29	7
2012-03-02	0	5.24	30	8
2012-03-03	0	0.54	30	12
2012-03-04	0	4.24	19	5.5
2012-03-05	0	3.45	28.5	2
2012-03-06	0	3.1	25.5	2
2012-03-07	0	5.36	28	3
2012-03-08	0	4.35	29	8
2012-03-09	0	3.75	22	8
2012-03-10	1	1.36	25	7
2012-03-11	1.5	2.94	25	8.5
2012-03-12	0	4	25.8	8
2012-03-13	0	4.76	25	6
2012-03-14	0	3.74	25.5	5
2012-03-15	0	4.4	24	6
2012-03-16	0	4.74	25	5.5
2012-03-17	0	2.79	25.5	6
2012-03-18	5.4	3.53	25.5	8.5
2012-03-19	0	4.18	28	9.5
2012-03-20	0	4.76	27	9.5
2012-03-21	0	4.1	24	7
2012-03-22	0	5.39	27	5
2012-03-23	0	5.42	27	6
2012-03-24	0	5.29	27	8.5
2012-03-25	0	5.71	26	6
2012-03-26	0	5.29	26	5.5
2012-03-27	0	5.89	26	5
2012-03-28	4	4.95	26.5	6
2012-03-29	1	3.48	26	8.5
2012-03-30	0	4.55	25.5	10
2012-03-31	0	3.52	25.5	10.5
2012-04-01	2.1	0.92	23.5	9
2012-04-02	0.9	2.06	25	8.5
2012-04-03	0	4.11	26.5	9.5
2012-04-04	0	5	24	10.5
2012-04-05	0	2.91	26.5	9.5
2012-04-06	0	2.44	24.5	11.5
2012-04-07	0	2.96	26	7.5
2012-04-08	0	1.64	23	10
2012-04-09	0	3.36	24	6
2012-04-10	0	4.88	25	6.5
2012-04-11	0	4.11	26.5	9
2012-04-12	0	5.11	27	8
2012-04-13	0	5.5	28.5	10.5
2012-04-14	0	2.25	27	10
2012-04-15	0	3.73	27.5	11
2012-04-16	0	4.9	28	11
2012-04-17	3	3.39	26.5	12
2012-04-18	0	2.75	20	10.5
2012-04-19	0	3.05	23	9.5
2012-04-20	0	3.89	27	8.5
2012-04-21	0.3	5.24	28.5	8.5
2012-04-22	0	5.17	24	9.5
2012-04-23	0	5.15	22	5
2012-04-24	0	2.25	23.5	2.5
2012-04-25	0	3.01	26	3
2012-04-26	0	5.79	27	5
2012-04-27	0	5.24	28	6
2012-04-28	0	4.91	30.5	6.5
2012-04-29	0	5.65	32	7.5
2012-04-30	0	5.15	28	9.5
2012-05-01	0	4.65	31	9
2012-05-02	0	5.46	33	9.5
2012-05-03	0	5.79	32	8
2012-05-04	0	5.87	31	9.5
2012-05-05	0	5.02	30	10
2012-05-06	0	5.56	29	11
2012-05-07	0.5	5.74	30	11.5
2012-05-08	0	4.99	30.5	12
2012-05-09	7	4.9	20	11.5
2012-05-10	6	3.48	20	11
2012-05-11	2	4.62	27.5	12
2012-05-12	5.5	2.26	24	11
2012-05-13	0	1.69	20	12
2012-05-14	0	3.05	21	10
2012-05-15	0	5.12	19	7
2012-05-16	0	3.18	22	8.5
2012-05-17	0	5.1	24	10.5
2012-05-18	0	5.05	27.5	8
2012-05-19	0	5.48	28	7.5
2012-05-20	0	5.07	25	6.5
2012-05-21	0	1.9	22	7.5
2012-05-22	0	7	25.5	8
2012-05-23	0	6.5	30	8
2012-05-24	0	6.6	31	8
2012-05-25	0	7.06	30.5	12
2012-05-26	0	5.67	28	10
2012-05-27	0	5.76	27	11
2012-05-28	0	5	28.5	9
2012-05-29	0	6.45	29	8
2012-05-30	0	6.96	30	7
2012-05-31	0	1.97	32.5	7.5
2012-06-01	0	4.74	30.5	10.5
2012-06-02	2.7	3.16	29	11
2012-06-03	5.5	3.04	29.5	9
2012-06-04	0	2.76	28	10.5
2012-06-05	0	4.62	30	10.5
2012-06-06	0	3.83	29	12
2012-06-07	13.5	3.6	29	10
2012-06-08	0	4.05	27	11
2012-06-09	0	5.5	29	9
2012-06-10	0	4.5	30	9
2012-06-11	0	3.65	29.5	9.5
2012-06-12	0	5.2	26.5	10.5
2012-06-13	0	5.55	27.5	8
2012-06-14	0	4.65	25.5	7.5
2012-06-15	0	0.15	24.5	7.5
2012-06-16	14.3	1.9	19	13
2012-06-17	1	1.35	19.5	12.5
2012-06-18	0	3.1	21	12.5
2012-06-19	9.5	1.65	20	12
2012-06-20	8	1.25	17.5	12.5
2012-06-21	12.5	1.65	20	12.5
2012-06-22	13.7	2.02	19.6	12.5
2012-06-23	5.1	2.36	21.5	12
2012-06-24	0	4.12	19	12.5
2012-06-25	0	4.52	23.5	10.5
2012-06-26	0	3.53	23	8.5
2012-06-27	0	1.9	25	9.5
2012-06-28	31.5	5.9	24	12
2012-06-29	4.7	3.55	26	12
2012-06-30	8.7	6.2	25.5	12
2012-07-01	41	7.55	21	12
2012-07-02	2.5	3.64	21.5	11.5
2012-07-03	0	2.9	22.5	9
2012-07-04	0	3.7	23	9.5
2012-07-05	0	3.9	24	10
2012-07-06	0	2.3	22.5	10
2012-07-07	0	3.65	23	9
2012-07-08	0	3.9	21.5	10
2012-07-09	0	1.75	21	10
2012-07-10	22.3	1.4	24	11
2012-07-11	0	1.75	25	11.5
2012-07-12	11	6.15	26	12
2012-07-13	24.4	NULO	20.5	12.5
2012-07-14	11.2	1.75	16	12
2012-07-15	26.8	0.2	19	12.5
2012-07-16	3.3	3.1	22	10
2012-07-17	6.2	1.75	22	11
2012-07-18	5.7	2.7	20	10
2012-07-19	0.5	2.87	22	11
2012-07-20	2.2	2.77	22	11
2012-07-21	0	3.93	22	10.5
2012-07-22	0	3.53	22	8
2012-07-23	0.9	5.22	22	11
2012-07-24	0	3.5	23	10
2012-07-25	2.5	2.5	26	11
2012-07-26	0.1	1	22	12
2012-07-27	0	2.9	25.5	11
2012-07-28	1.2	4.1	22.5	11
2012-07-29	0	4.6	23	8
2012-07-30	0	5.33	26	8
2012-07-31	0	3.62	25	8.5
2012-08-01	0	4.6	27	9
2012-08-02	4.7	3.4	28	9.5
2012-08-03	21	4.4	27	9
2012-08-04	0	5.1	28	10
2012-08-05	0	3	25	10.5
2012-08-06	0	4.61	22	7.5
2012-08-07	0	5.39	23	8.5
2012-08-08	0	3.41	21.5	9
2012-08-09	87.5	1.09	15	11.5
2012-08-10	13.5	6.5	15	10
2012-08-11	3.5	6.69	20	10.5
2012-08-12	0	6.4	21	11
2012-08-13	4.5	9.5	20.5	11
2012-08-14	5.5	NULO	23	12.5
2012-08-15	0	4	20	10
2012-08-16	0	2.88	24	10
2012-08-17	3.5	1.47	20	10
2012-08-18	0	9.15	NULO	NULO
2012-08-21	0	0.8	18	11.5
2012-08-22	1.5	1.5	21.5	13
2012-08-23	5.5	5.5	23	11
2012-08-24	13	7	22	12.5
2012-08-25	4.6	2.04	23	10
2012-08-26	1	6.87	24	12
2012-08-27	1.5	1.55	23	9
2012-08-28	0	3.16	20	9.5
2012-08-29	0	4.12	26	8
2012-08-30	0	3.88	26	9
2012-08-31	0	2.7	25	10
2012-09-01	6.5	3.1	22	10
2012-09-02	0	2.83	24.5	10.5
2012-09-03	0	3.67	26.5	10
2012-09-04	0	4.39	27	8.5
2012-09-05	0	4.34	27.5	7
2012-09-06	0	4.26	27	7.5
2012-09-07	0	4	27.5	8
2012-09-08	0	3.94	20.5	7.5
2012-09-09	5	2.57	22	9
2012-09-10	1.5	1.5	20.4	11
2012-09-11	0	1.45	21	11
2012-09-12	8	2.11	23.5	12
2012-09-13	0	1.2	22	11
2012-09-14	0	2.17	21.5	11
2012-09-15	3	2.86	22	11
2012-09-16	1.5	1.97	23	11.5
2012-09-17	0	1.54	19	12
2012-09-18	0	2.96	19	9.5
2012-09-19	0	2.54	21	8
2012-09-20	0	2.63	21.5	6.5
2012-09-21	0	3.47	22.5	6
2012-09-22	1.5	2.74	21.5	6
2012-09-23	6.3	1.45	19	7.5
2012-09-24	16.2	1.12	17	10
2012-09-25	1.5	2.19	20	11
2012-09-26	3.4	2.22	23	11
2012-09-27	0	1.87	23	11.5
2012-09-28	1.5	2.27	25	11
2012-09-29	NULO	NULO	NULO	NULO
2013-01-01	0	2.2	23	4.5
2013-01-02	0	0.85	19	4
2013-01-03	0	1.1	12.5	4.5
2013-01-04	0	1.4	15	5
2013-01-05	0	1.6	25	4.5
2013-01-06	0	1.8	26	3.5
2013-01-07	0	1.9	27	3
2013-01-08	0	0.8	18.5	6
2013-01-09	0	1.3	22	6.5
2013-01-10	0	1.8	25	4.5
2013-01-11	0	1.6	21	3
2013-01-12	0	1.7	28	5
2013-01-13	0	0.8	19.5	6.5
2013-01-14	0	1.1	25	6
2013-01-15	0	0.9	20	6.5
2013-01-16	0	0.85	19	5
2013-01-17	0	1.1	19	4.5
2013-01-18	0	1.1	19.5	6.5
2013-01-19	0	0.4	20	5
2013-01-20	0	0.7	20	8
2013-01-21	0	1.4	15.5	5.5
2013-01-22	0	0.64	18	6
2013-01-23	0	0.84	17	7.5
2013-01-24	0	1.49	20	3
2013-01-25	0	2.03	25	2
2013-01-26	0	1.96	26	2
2013-01-27	0	2.45	26.5	3
2013-01-28	0	2.17	27	5.5
2013-01-29	0	0.24	26.5	8
2013-01-30	0	2.24	27.5	6.5
2013-01-31	0	2.32	25	5
2013-02-01	0	1.8	22	1
2013-02-02	0	2.21	25	4
2013-02-03	0	1.84	21	5.5
2013-02-04	0	2.4	27.5	5
2013-02-05	0	0.9	27	7.5
2013-02-06	0	0.3	28	7
2013-02-07	0	3.15	29.5	10
2013-02-08	0	3.94	25	8
2013-02-09	0	2.11	29	6
2013-02-10	0	3.8	21	7.5
2013-02-11	0	3.71	30	8
2013-02-12	0	4.34	31	8.5
2013-02-13	0	3.09	26	8.5
2013-02-14	0	2.68	25	4
2013-02-15	0	3.12	25.5	4
2013-02-16	0	1.63	10	6
2013-02-17	0	4.49	20	2
2013-02-18	0	3.14	30	3
2013-02-19	0	2.7	30.5	6
2013-02-20	0	2.1	26.5	6.5
2013-02-21	0	3.1	30	7
2013-02-22	0	2.07	31	8.5
2013-02-23	0	3.39	30.5	9
2013-02-24	0	3.8	31	8
2013-02-25	0	1.56	30	10
2013-02-26	0	0.7	28	9
2013-02-27	0	1.4	26	9
2013-02-28	0	1.06	21	8.5
2013-03-01	0	1.05	6.5	2.5
2013-03-02	0	2	11	1.5
2013-03-03	0	3.75	17	1
2013-03-04	0	3.06	27	2
2013-03-05	0	4.93	26	3.5
2013-03-06	0	3.66	23	4
2013-03-07	0	3.16	26.4	3
2013-03-08	0	4.73	27	4.5
2013-03-09	0	5.5	24	6
2013-03-10	0	3.85	28	6.5
2013-03-11	0	3.03	16.5	7
2013-03-12	0	3.08	22	4.5
2013-03-13	0	2.55	19	4
2013-03-14	0	2.06	19	6.5
2013-03-15	0	0.94	12	5
2013-03-16	0	1.5	19	4
2013-03-17	0	4.58	25	6
2013-03-18	0	2.62	26.5	7.5
2013-03-19	0	3.45	29	9
2013-03-20	0	5.83	30	10
2013-03-21	0	0.62	30	7
2013-03-22	0	9.9	29	7
2013-03-23	0	7.46	28	12.5
2013-03-24	0	4.56	29.5	10.5
2013-03-25	0	5.23	21	10
2013-03-26	0	0.61	15	6.5
2013-03-27	0	5.88	27	4
2013-03-28	0	3.12	28	5
2013-03-29	0	3.5	29	7
2013-03-30	0	2.8	30	7.5
2013-03-31	0	1.7	32.5	8
2013-04-01	0	4.56	31	8.5
2013-04-02	0	6.6	32	12.5
2013-04-03	0	5.9	32.5	13
2013-04-04	0	4.8	26	11
2013-04-05	0	2.9	23	10
2013-04-06	0	4.4	30	7.5
2013-04-07	0	5.4	30	8.5
2013-04-08	0	4.28	31	12.5
2013-04-09	0	1.72	29	13
2013-04-10	0	3.5	32	11
2013-04-11	0	3.25	31	11
2013-04-12	0	5.43	32	9
2013-04-13	0	4.78	31.5	4
2013-04-14	0	9.34	33	8
2013-04-15	0	5.84	34.5	10
2013-04-16	0	6.16	33.5	10
2013-04-17	0	6.34	35	12
2013-04-18	0	7.1	35	13
2013-04-19	0	2.41	17.5	11
2013-04-20	0	0.41	26.5	2.5
2013-04-21	0	1.58	33.5	7
2013-04-22	0	5.5	32	7
2013-04-23	5.1	5.35	33	8
2013-04-24	0	2.84	30	11
2013-04-25	0	4.56	30	2
2013-04-26	0	4.71	29	10.5
2013-04-27	0	4.7	32	7
2013-04-28	0	4.04	31.5	8
2013-04-29	0	5.39	29.5	10
2013-04-30	0	7.45	31	9
2013-05-01	0	6.06	32.5	9
2013-05-02	5	7.23	31	8.5
2013-05-03	0	2.59	18	9
2013-05-04	0	3.86	29	5
2013-05-05	0	5.63	30	5
2013-05-06	0	5.34	30	5.5
2013-05-07	0	5.41	32	5
2013-05-08	0	5.68	34	8
2013-05-09	0	6.27	33	8.5
2013-05-10	0	5.72	33	12.5
2013-05-11	1.2	3.48	30	12
2013-05-12	10	1.5	21.5	10.1
2013-05-13	4	3.17	20	12.5
2013-05-14	0	6.7	24	10
2013-05-15	0	3.73	28.5	9
2013-05-16	0	4.86	30	9
2013-05-17	0	3.37	32.5	11
2013-05-18	6.7	8.23	34	11
2013-05-19	0	5.74	33	11.5
2013-05-20	0	2.41	33	12
2013-05-21	0	9.45	34	13.5
2013-05-22	0	4.79	33	12.5
2013-05-23	5.1	4.11	31.5	10
2013-05-24	0	4.93	27	10
2013-05-25	5	3.54	26	11
2013-05-26	1	2.59	24	12.5
2013-05-27	0	3.82	25	10.5
2013-05-28	0	3.6	29	10.5
2013-05-29	0	4.61	29	9.5
2013-05-30	0	6.05	32	10
2013-05-31	0	1.79	29	10.5
2013-06-01	0	4.3	29	10
2013-06-02	8.5	1.26	25.5	11.5
2013-06-03	0	4.65	26.5	12
2013-06-04	0	5.9	30	9
2013-06-05	0	5.72	30.5	8
2013-06-06	0	6.28	32	7.5
2013-06-07	0	5.22	30	6.5
2013-06-08	0	6.27	31	9
2013-06-09	0	2.04	28	9.5
2013-06-10	7.5	4.51	28	9
2013-06-11	0	1.15	24	9
2013-06-12	3	1.71	26	11.5
2013-06-13	26.5	3.54	24	10.5
2013-06-14	14.5	3.04	26	12
2013-06-15	0	3.11	26.5	10.5
2013-06-16	0	4.5	28.5	10
2013-06-17	0	5.43	29	10.5
2013-06-18	0	4.58	27.5	8
2013-06-19	35	6.65	26	9
2013-06-20	51.5	5.25	17	11
2013-06-21	6	0.85	18	12
2013-06-22	0	2.25	21.5	12
2013-06-23	0	8.12	24	12
2013-06-24	0	1.85	25	12
2013-06-25	22.5	6.51	26	11
2013-06-26	0	3.59	28	12
2013-06-27	0	4	27	8.5
2013-06-28	0	5.51	25	7.2
2013-06-29	0	3.46	29	8
2013-06-30	0	3.26	27.5	7.5
2013-07-01	0	1.73	28	7.5
2013-07-02	0	2.64	25.5	7.5
2013-07-03	0	3.4	23	8
2013-07-04	0	3.33	25	10
2013-07-05	37.1	2.89	23.5	11
2013-07-06	21.2	3.21	24	12
2013-07-07	32.5	3.26	22	12
2013-07-08	5.2	8.9	21	11.5
2013-07-09	0.5	4.15	23	9
2013-07-10	0	3.3	23	10
2013-07-11	0	3.45	25.5	9
2013-07-12	0	3.28	26	10
2013-07-13	22.5	2.37	25	9.5
2013-07-14	0.5	2.1	24	8
2013-07-15	0	1.84	26.5	8.5
2013-07-16	4.7	5.24	26	9
2013-07-17	0	7.6	24	9
2013-07-18	11.3	2.09	24	11
2013-07-19	15.5	1.75	25	11
2013-07-20	1	2.64	25	11.5
2013-07-21	36.2	3.1	26.5	11
2013-07-22	0	3.2	24	11.5
2013-07-23	0	3.96	22.5	12
2013-07-24	0	2.84	27	10.1
2013-07-25	0	3.64	26	10
2013-07-26	0	5.57	28.5	9
2013-07-27	0	2.92	29	8
2013-07-28	6.4	1.96	29	9.8
2013-07-29	0	4.71	27.5	9
2013-07-30	0	5.44	26	7
2013-07-31	0	NULO	27.5	7.5
2013-08-01	0	4.33	27	8.5
2013-08-02	0	3.88	27.5	9.5
2013-08-03	0	3.62	27	8.5
2013-08-04	0	3.64	26	8
2013-08-05	0	2.54	25	8
2013-08-06	0	4.16	28	7.5
2013-08-07	0	3.8	26	7.5
2013-08-08	8.6	2.4	29.5	7
2013-08-09	0	6.14	27	8
2013-08-10	1.4	1.95	20	9
2013-08-11	33.4	1.38	23	12
2013-08-12	4.7	2.92	22	10.5
2013-08-13	0	2.51	22	10.5
2013-08-14	0	2.29	22.5	7
2013-08-15	0	3.35	24	10
2013-08-16	0	3.72	26	8.5
2013-08-17	4.8	3.06	23	8.5
2013-08-18	0	3.19	25	8
2013-08-19	0.5	1.83	24.5	8
2013-08-20	9	2.01	20	8
2013-08-21	3	2.06	21	9.5
2013-08-22	3.3	2.58	24	11.5
2013-08-23	8.4	3.26	24	10.5
2013-08-24	11.8	3.3	22.5	11.5
2013-08-25	13.5	2.03	21	11
2013-08-26	NULO	1.36	NULO	NULO
2013-09-01	0	7.2	25.5	9
2013-09-02	0	6.3	24.5	9.5
2013-09-03	0	5.9	23	10
2013-09-04	6	9.7	22	11.5
2013-09-05	0	7.4	22	11
2013-09-06	10.9	8	17.5	8
2013-09-07	6.8	NULO	18.5	12
2013-09-08	0.6	6.9	18	12
2013-09-09	3.1	7	22	12
2013-09-10	7	8.04	25	11
2013-09-11	8	4.8	26	11.5
2013-09-12	7.8	NULO	19	12
2013-09-13	36.8	3.4	15.5	12
2013-09-14	25.6	9.4	27	10
2013-09-15	3.5	4.1	18	12
2013-09-16	1	3.7	22	13
2013-09-17	9.5	6.94	20.5	13
2013-09-18	23	NULO	19	12
2013-09-19	0	2.85	24	10
2013-09-20	0	2	27.5	11
2013-09-21	3.5	0.34	18	12
2013-09-22	1	0.15	22	11
2013-09-23	0	3.6	27	11.5
2013-09-24	3.5	1.58	24	11
2013-09-25	7	0.2	19.5	12
2013-09-26	13.5	2.9	22.5	13
2013-09-27	0	4.5	24	12
2013-09-28	21	4	26	11.5
2013-09-29	0	6.04	20	10
2013-09-30	0	5.96	26.5	7.5
2013-10-01	0	2.89	27	8
2013-10-02	0	3.45	26	8
2013-10-03	0	2.99	25.5	6
2013-10-04	0	3.07	27	6
2013-10-05	0	3.18	28.5	8
2013-10-06	16.5	3.15	25	13
2013-10-07	4.9	0.37	15	10
2013-10-08	0	1.56	21	6.5
2013-10-09	0	1.74	24	6.5
2013-10-10	0	2.66	26	8
2013-10-11	21	4.57	27	10.5
2013-10-12	0	1.5	27	10
2013-10-13	0	4.41	27	10
2013-10-14	0	3.09	27	8
2013-10-15	0	1.93	26.5	7
2013-10-16	0	4.1	28	8
2013-10-17	0	2.19	24.5	10
2013-10-18	0	2.19	27	11
2013-10-19	4.6	1.78	25	13
2013-10-20	40	2.89	25	13
2013-10-21	9.2	1.89	22	11
2013-10-22	12.5	0.6	15	11
2013-10-23	2.5	0.36	15	8
2013-10-24	0	1.8	17	6
2013-10-25	4.6	0.1	15	3
2013-10-26	3.2	0.18	16	5
2013-10-27	0	1.44	19	9
2013-10-28	0	3.21	22	7.5
2013-10-29	0	3.1	19	9
2013-10-30	5.7	1.19	19	11
2013-10-31	9.2	2.74	22	12
2013-11-01	3.1	1.66	26	11.5
2013-11-02	0	0.5	15	7.5
2013-11-03	0	1.76	23	5
2013-11-04	0	2.08	26	5
2013-11-05	0	3.03	25	9
2013-11-06	0	1.97	23	9.5
2013-11-07	1.4	0.85	18	9
2013-11-08	0	0.76	17.5	8.5
2013-11-09	0	1.68	22	9
2013-11-10	0	3.16	19	9
2013-11-11	2.2	2.85	17	6.5
2013-11-12	11.5	2.29	12.5	8
2013-11-13	8.5	1.56	12	5.5
2013-11-14	0	0.6	11.5	4
2013-11-15	0	1.84	25	5
2013-11-16	2.7	2.33	20	7
2013-11-17	0	2.51	27.5	9.5
2013-11-18	0	2.15	25	9
2013-11-19	0	1.25	20	10
2013-11-20	1.9	2.25	25	9
2013-11-21	0	1.49	24	9.5
2013-11-22	0	3.05	25	10
2013-11-23	2	0.31	16	11
2013-11-24	0	0.85	17	9
2013-11-25	0	1.95	27	8
2013-11-26	0.5	2.02	20.5	7.5
2013-11-27	0	0.54	12.5	4
2013-11-28	0	1.46	19	3
2013-11-29	0	1.23	19	2
2013-11-30	0	2.14	19	1.5
2013-12-01	0	3.42	24.5	2
2013-12-02	0	2.49	26	8
2013-12-03	0	3.06	30	8
2013-12-04	0	3.75	29.5	10.5
2013-12-05	0	2.96	28.5	10
2013-12-06	0	2.1	28	10
2013-12-07	0	1.91	25	9
2013-12-08	0	2.48	26.5	9.5
2013-12-09	0	2.45	27	9
2013-12-10	0	1.42	18.5	9
2013-12-11	0	2.44	22	6
2013-12-12	0	0.57	17.5	7
2013-12-13	0	2.41	26	7
2013-12-14	0	2.89	26	9
2013-12-15	0	1.97	19.5	5
2013-12-16	0	1.9	22	2
2013-12-17	0	1.6	19.5	2.5
2013-12-18	0	2.02	23	4
2013-12-19	0	1.5	26.5	6
2013-12-20	0	2.55	28	7
2013-12-21	0	2.03	29	9
2013-12-22	2	3.46	28.5	7
2013-12-23	0	0.49	13	4
2013-12-24	0	1.2	11	3.5
2013-12-25	4.8	2.65	21	4
2013-12-26	7.6	1.4	12	4
2013-12-27	1.2	0.4	9	6
2013-12-28	1.3	1	13	5.5
2013-12-29	0	1.15	20.5	5.5
2013-12-30	0.5	0.55	20	6
2013-12-31	0	1.41	20	6
2014-01-01	0	NULO	21	5.5
2014-01-02	2.9	1.08	11	7.5
2014-01-03	0	0.85	17	3
2014-01-04	0	1.56	24	3.5
2014-01-05	0	1.81	26	3
2014-01-06	0	1.15	26.5	6
2014-01-07	0	0.63	12	1.5
2014-01-08	0	1.5	23	2
2014-01-09	0	1.61	26	5
2014-01-10	0	1.19	25	5
2014-01-11	0	1.1	23	7
2014-01-12	0	1.72	25.5	3
2014-01-13	0	1.56	27	6
2014-01-14	0	2.42	20	4.5
2014-01-15	0	1.85	9	5
2014-01-16	0	1.45	21	-2
2014-01-17	0	1.17	19	0
2014-01-18	0	3.34	22	1
2014-01-19	0	2.02	20	1
2014-01-20	0	1.61	21	1.5
2014-01-21	0	3.54	20	3
2014-01-22	0	2.13	24	1
2014-01-23	0	2.96	28	4
2014-01-24	0	1.98	20	7
2014-01-25	0	1.9	26	3
2014-01-26	0	3.74	28	5
2014-01-27	0	2.66	29	9
2014-01-28	2.5	2.92	23	6.5
2014-01-29	0	0.73	14.5	5.5
2014-01-30	0	2.55	25	1
2014-01-31	7	9.9	27	4
2014-02-01	0	3.95	29	4
2014-02-02	0	3.36	30	9
2014-02-03	0	2.84	26	8.5
2014-02-04	0	3.84	29	8
2014-02-05	0	3.07	30	7.5
2014-02-06	0	1.97	25	8
2014-02-07	0	4.22	27	7
2014-02-08	0	4	28	7.5
2014-02-09	0	3.85	27.5	8
2014-02-10	0	3.34	29	6.5
2014-02-11	0	2.69	29	5.5
2014-02-12	0	3.79	27	8
2014-02-13	0	4.01	28	4
2014-02-14	0	4.09	29	5
2014-02-15	0	4.23	26.5	6
2014-02-16	0	4.56	27	5
2014-02-17	0	4.64	22.5	6
2014-02-18	0	3.61	29	4.5
2014-02-19	0	4.49	30	4
2014-02-20	0	4.31	30.5	8
2014-02-21	0	2.64	30	8.5
2014-02-22	0	3.02	28.5	8
2014-02-23	0	4.13	27	10
2014-02-24	0	3.36	29	9
2014-02-25	0	3.75	29.5	8
2014-02-26	0	4.08	29	9
2014-02-27	0	3.66	24.5	10.5
2014-02-28	0	4.13	30	7.5
2014-03-01	0	5.01	30.5	8.5
2014-03-02	1	0.91	32	11
2014-03-03	0	1.4	25	12
2014-03-04	0	2.78	30	9
2014-03-05	0	5.6	30	9.5
2014-03-06	0	2.61	24	7
2014-03-07	0	3.83	30	6
2014-03-08	0	2	29	5.5
2014-03-09	3	2.11	23	9
2014-03-10	0	3.04	25	8
2014-03-11	0	5.89	30	8
2014-03-12	0	5.27	27.5	10
2014-03-13	0	3.13	22.5	6
2014-03-14	0	5.32	30	6.5
2014-03-15	0	5.28	32.5	8.5
2014-03-16	0	5.53	33	9
2014-03-17	0	1.38	18	5
2014-03-18	0	3.79	30	2.5
2014-03-19	0	5.51	31.5	11
2014-03-20	0	2.66	15	11
2014-03-21	0	6.95	33	13
2014-03-22	0	4.84	32	12
2014-03-23	0	5.46	33	11
2014-03-24	0	4.28	32	10.5
2014-03-25	4	3.28	21	9
2014-03-26	0	2.16	28	8
2014-03-27	0	4.28	32	9
2014-03-28	0	5.6	32.5	10
2014-03-29	0	4.17	25.5	11
2014-03-30	2.9	3.29	25	10
2014-03-31	10.5	5.4	25	9
2014-04-01	0	5.69	30.5	10
2014-04-02	0	4.7	31.5	10.5
2014-04-03	0	4.9	32	10.5
2014-04-04	0	5.17	31	12
2014-04-05	0	5.74	32	11
2014-04-06	0	6.73	35	12
2014-04-07	0	6.07	32	12.5
2014-04-08	0	4.49	20	10
2014-04-09	0	5.6	26	5.5
2014-04-10	0	5.6	28	6
2014-04-11	0	7.31	32	5
2014-04-12	0	6.5	32.5	11
2014-04-13	0	6.54	35	12
2014-04-14	0	6.66	35.5	13.5
2014-04-15	0	3.4	20	9
2014-04-16	0	3.47	30	6
2014-04-17	3.8	3.97	31	7
2014-04-18	0	3.86	22	10
2014-04-19	0	5.19	26	8.5
2014-04-20	0	5.26	29	8
2014-04-21	0	5.52	30	8.5
2014-04-22	0	4.9	29.5	8
2014-04-23	7	5.61	32	8
2014-04-24	1.7	4.77	31.5	11
2014-04-25	1	2.26	27.5	11
2014-04-26	1.5	2.48	27	9
2014-04-27	0	5.19	31.5	9.5
2014-04-28	0	6.92	32	12.5
2014-04-29	0	4.74	32.5	13
2014-04-30	0	1.29	17	13.5
2014-05-01	2.3	1.55	20	9
2014-05-02	0	2.92	21	6.5
2014-05-03	1.5	2.29	17	7
2014-05-04	0	3.35	27	8
2014-05-05	0	4.15	30.5	8
2014-05-06	3	1.74	32	11
2014-05-07	7.4	1.23	29	11
2014-05-08	5	4	21	11.5
2014-05-09	4	12.83	28.5	9.5
2014-05-10	1	5.03	27.5	11
2014-05-11	0.5	4.9	31.5	12
2014-05-12	0	4.74	31	11
2014-05-13	4.5	4.27	30	11.5
2014-05-14	6.8	5.21	15	10.5
2014-05-15	2	3.9	15	6.5
2014-05-16	0	4.85	23	2.5
2014-05-17	0	5.43	26.5	3
2014-05-18	0	4.5	28	5
2014-05-19	0	5.37	27.5	5.5
2014-05-20	0	5.09	27	6
2014-05-21	0	5.61	28	6
2014-05-22	2.5	3.98	27	7
2014-05-23	0	3.12	NULO	NULO
2014-06-01	0	4.05	23.5	9
2014-06-02	0	2.26	23	8
2014-06-03	0	1.79	22	10.5
2014-06-04	15.8	3.23	23	11
2014-06-05	2.5	1.05	20	13
2014-06-06	20.5	0.31	18	13.5
2014-06-07	1.7	0.71	22	12
2014-06-08	0	4.35	24	14.5
2014-06-09	0	5.47	29	14
2014-06-10	0	4.86	27	14
2014-06-11	0	4.7	27	12
2014-06-12	0	5.57	30	12
2014-06-13	0	7.34	29	11
2014-06-14	0	5.41	29	12
2014-06-15	0	5.46	29.5	9.5
2014-06-16	1	3.95	28	10
2014-06-17	0.7	4.63	27	12
2014-06-18	8.2	1.89	24	11.5
2014-06-19	11	2.12	24	14
2014-06-20	8.5	2.14	22	13
2014-06-21	10.3	4.33	27	12
2014-06-22	0	3.35	25	12
2014-06-23	16.1	2.69	24	14
2014-06-24	49.4	0.4	23.5	13
2014-06-25	45.4	4.42	20	13.5
2014-06-26	30	2.6	22	13
2014-06-27	2.1	1.11	22	13.5
2014-06-28	20.7	3.53	25	12
2014-06-29	8.7	2.02	23	11
2014-06-30	32.2	1.14	15.5	11
2014-07-01	2	1.69	22	11.5
2014-07-02	4.2	2.68	23	11
2014-07-03	4.3	2.03	23	11.5
2014-07-04	3.6	2.45	19.5	12
2014-07-05	4.9	0.55	19	10
2014-07-06	4.6	0.9	18	9.5
2014-07-07	7.2	1.99	21	10
2014-07-08	0	2.5	22.5	10.5
2014-07-09	20	2.51	24	12
2014-07-10	1	1.74	23	12
2014-07-11	0	3.96	22	11
2014-07-12	0	4.28	23	8
2014-07-13	0	4.14	22	9
2014-07-14	0	3.41	22.5	8
2014-07-15	0.6	3.81	25.5	7.5
2014-07-16	26.7	2.84	25	10.5
2014-07-17	28.5	4.47	27	11
2014-07-18	0.5	1.61	25	12
2014-07-19	13	5.04	28	10
2014-07-20	0	5.21	27	9.5
2014-07-21	0	5.08	26	9
2014-07-22	0	4.83	24	9
2014-07-23	0	4.81	24	11
2014-07-24	0	4.12	24	10
2014-07-25	0	3.77	25	9.5
2014-07-26	0	5.08	27	9
2014-07-27	0	4.42	25.5	10
2014-07-28	0	4.63	26.5	9
2014-07-29	18.7	5.15	26	8
2014-07-30	0	4.51	25	9
2014-07-31	0	4.26	27	10.5
2014-08-01	4.4	3.79	27.5	9.5
2014-08-02	0	4.58	25	9.5
2014-08-03	0	4.66	25.5	8
2014-08-04	0	3.71	24	9
2014-08-05	10.5	3.34	26	8
2014-08-06	6	2.75	24	8.5
2014-08-07	1	1.31	24.5	9
2014-08-08	6.2	2.05	26	11
2014-08-09	0	3.05	25	9.5
2014-08-10	0	4.47	25	10.5
2014-08-11	8.3	3.26	23.5	11
2014-08-12	0	3.4	23	10.5
2014-08-13	0	4.17	22	10.5
2014-08-14	0	3.15	24	9
2014-08-15	0	4	26	9
2014-08-16	13	3.59	25.5	10
2014-08-17	0	3.73	27	10.5
2014-08-18	15.5	1.87	24	11
2014-08-19	15.6	3.05	25	12
2014-08-20	0	3.74	25	9
2014-08-21	0	3.55	22	9.5
2014-08-22	0	2.2	22.5	8
2014-08-23	0	5.32	24	7.5
2014-08-24	0	4.31	26	8.5
2014-08-25	0	9.38	27	9
2014-08-26	0	4.25	25	9
2014-08-27	0	3.7	26	9.5
2014-08-28	0	2.92	25	9
2014-08-29	0	3.49	27.5	9
2014-08-30	10.1	3.34	26	11
2014-08-31	0.8	3.66	24	11
2014-09-01	0	3.23	24.5	11
2014-09-02	27.2	3.94	27	11.5
2014-09-03	6.2	0.56	28	13
2014-09-04	0.7	1.03	23	12
2014-09-05	2.5	2.72	24	12
2014-09-06	1	4.06	22	9
2014-09-07	3	0.64	18	9.5
2014-09-08	1	1.56	18.5	10
2014-09-09	0	1.82	22	11
2014-09-10	2.5	3.65	26	11.5
2014-09-11	0	3.37	23.5	10.5
2014-09-12	1	2.37	23	10
2014-09-13	13.3	1.98	26	11
2014-09-14	0.5	1.39	19.5	12
2014-09-15	2	1.38	20	11
2014-09-16	1	1.45	22	13
2014-09-17	1	3.1	26	11
2014-09-18	1	2.88	27.5	10.5
2014-09-19	1.3	5	27	11
2014-09-20	0	3.24	26.5	9
2014-09-21	8	2.5	24	13
2014-09-22	1.5	1.05	22	13
2014-09-23	1.4	0.55	21	13
2014-09-24	2.4	1.48	27	12
2014-09-25	1.2	0.92	25	11
2014-09-26	4.7	3.13	24	14
2014-09-27	6.5	3.46	24	11
2014-09-28	5.9	2.97	24.5	12
2014-09-29	5.6	2.29	24.5	13
2014-09-30	7.4	1.76	23	13.5
2014-10-01	5.5	2.1	25	14
2014-10-02	6.5	2.48	25.5	14
2014-10-03	29.4	3.43	24.5	13
2014-10-04	6.6	1.34	18	13.5
2014-10-05	2.2	1.02	20	13
2014-10-06	4	2.09	25	11
2014-10-07	0	4.2	25.5	9.5
2014-10-08	0	3.95	24	6
2014-10-09	0	1.85	22	8
2014-10-10	0	1.14	22	8
2014-10-11	2	2.11	24	10.5
2014-10-12	0	2.07	23	9.5
2014-10-13	5.6	3.35	27	9
2014-10-14	0	2.02	14.5	6.5
2014-10-15	0	2.7	22	6
2014-10-16	0	3.01	24	6.5
2014-10-17	0	2.91	24	7
2014-10-18	6.2	0.99	19	11
2014-10-19	11	0.75	20	10.5
2014-10-20	13.4	0.3	16.5	12.5
2014-10-21	2.9	0.49	16	11
2014-10-22	2.3	0.74	18	10.5
2014-10-23	3.1	1.71	20	9.5
2014-10-24	0.7	1.91	17.5	9
2014-10-25	0	1.91	20.5	9
2014-10-26	0	2.6	21.5	3
2014-10-27	0	2.62	25	4
2014-10-28	0	3.43	27	6
2014-10-29	0	2.55	24	4.5
2014-10-30	0	2.05	21	4
2014-10-31	0.9	1.69	19	6.5
2014-11-01	1.8	0.99	15	5
2014-11-02	0	1.44	18	4
2014-11-03	0	2.15	22	4
2014-11-04	0	3.09	25	7
2014-11-05	0	2.29	26.5	9
2014-11-06	0	2.58	23	9
2014-11-07	0	1.59	22	9
2014-11-08	0	0.85	17	10.5
2014-11-09	0	0.89	14	7.5
2014-11-10	0	2.01	21	6
2014-11-11	8.7	2.24	25	6.5
2014-11-12	6.2	0.84	14	0.5
2014-11-13	0	0.69	13	6
2014-11-14	0	1.4	21	7
2014-11-15	0	2.12	19	6
2014-11-16	0	2.23	27	7
2014-11-17	0	1.99	22	9
2014-11-18	0	1.38	17	4
2014-11-19	0	1.52	18	4.5
2014-11-20	0	1.76	22.5	6.5
2014-11-21	3.5	0.48	22	9
2014-11-22	0	4.42	29	9.5
2014-11-23	0	1.6	27	9.5
2014-11-24	0	1.91	26	9
2014-11-25	0	0.69	20.5	8
2014-11-26	0	2.61	21	0
2014-11-27	0	2.49	18	-2
2014-11-28	0	1.69	25	1.5
2014-11-29	0	3.61	23	4
2014-11-30	0	1.86	26	6
2014-12-01	0	2.09	24	2.5
2014-12-02	0	2.1	20	2
2014-12-03	0	1.95	23	3
2014-12-04	0	2.49	24	4
2014-12-05	0	1.8	25.5	5.5
2014-12-06	0	2.4	22.5	6
2014-12-07	0	1.89	20	5
2014-12-08	0	2.47	18	5
2014-12-09	0.7	0.54	16	5.5
2014-12-10	0	1.05	18	7
2014-12-11	0	2.03	15	4.5
2014-12-12	0	2.97	17	6
2014-12-13	0	1.88	19	8
2014-12-14	0	1.96	26	8
2014-12-15	0	1.81	22	8.5
2014-12-16	0	1.69	22.5	6
2014-12-17	0	1.85	23	5
2014-12-18	0	1.75	23.5	6
2014-12-19	0	2.1	24	7
2014-12-20	0	1.28	24	8
2014-12-21	0	2.75	26	6
2014-12-22	0	1.44	24	8.5
2014-12-23	2.9	3.03	25.5	9
2014-12-24	8.8	1.95	11	6
2014-12-25	0	0.49	18	2.5
2014-12-26	0	1.24	25	2
2014-12-27	0	1.35	25.5	9
2014-12-28	0	2.3	27	8.5
2014-12-29	0	1.95	25	6
2014-12-30	0	2.09	26	8
2014-12-31	0	2.63	22	8
2015-01-01	0	1.44	24	5
2015-01-02	0	2.45	27	5.5
2015-01-03	0	2.14	25.5	8
2015-01-04	0.5	0.3	15	9
2015-01-05	0	1.6	18	2
2015-01-06	0.9	1.22	12	3.5
2015-01-07	8	3.84	16	6
2015-01-08	0.5	0.11	9	5.5
2015-01-09	0	1.21	16	2
2015-01-10	1	1.82	18	3
2015-01-11	0	0.48	22.5	4.5
2015-01-12	0	2.92	24	5
2015-01-13	0	1.69	21	4
2015-01-14	0	2.42	23.5	5
2015-01-15	0	2.21	24	4.5
2015-01-16	0	1.68	20	4
2015-01-17	0	1.99	24	4.5
2015-01-18	0	2.1	20	5.5
2015-01-19	0	2.14	25	3
2015-01-20	0	2.34	26	4
2015-01-21	0	2.4	26	8
2015-01-22	0	1.42	27	8.5
2015-01-23	1	3.45	28	6
2015-01-24	2.5	2	17.5	4
2015-01-25	0	2.3	22	5
2015-01-26	0	2.3	21	3
2015-01-27	0	2.9	25	2
2015-01-28	0	2.06	24.5	3.5
2015-01-29	0	3.41	19	4
2015-01-30	0	3.91	20.5	0
2015-01-31	0	0.9	20.5	2
2015-02-01	0	1.9	24	2
2015-02-02	0	1.68	28	4
2015-02-03	0	1.48	20	6
2015-02-04	0	2.54	26	6
2015-02-05	0	3.2	14	3
2015-02-06	0	2.6	21	3
2015-02-07	0	2.28	24.5	0
2015-02-08	0	2.22	21	1
2015-02-09	0	3.05	24	0
2015-02-10	1	7.2	25	1
2015-02-11	0	3.51	27	1.5
2015-02-12	3	0.79	20	6
2015-02-13	0	1.89	16	4.5
2015-02-14	0	1.91	16.5	5.5
2015-02-15	0	2.01	22	2
2015-02-16	0	2.19	24.5	7
2015-02-17	0	2.37	26	5
2015-02-18	0	1.76	21	4
2015-02-19	0	2.85	22	2
2015-02-20	0	3.52	29	3
2015-02-21	0	4.73	30	7
2015-02-22	0	6	30.5	10
2015-02-23	0	4.14	26.5	8
2015-02-24	0	4.46	28	5.5
2015-02-25	0	4.1	32	6.5
2015-02-26	0	3.8	28	10
2015-02-27	0	3.2	20	10
2015-02-28	0	5.2	27	7.5
2015-03-01	0	3.66	28	6
2015-03-02	0	3.64	25	8
2015-03-03	0	4.65	29	5
2015-03-04	0	2.05	33	5.5
2015-03-05	0	2.5	21	10.5
2015-03-06	0	3.07	17	4
2015-03-07	0	2.93	20	4
2015-03-08	0	1.46	26	4
2015-03-09	18	5.73	25	6
2015-03-10	13.7	2.13	19	7
2015-03-11	13.3	13.97	20	5.5
2015-03-12	0.5	2.09	17	4.5
2015-03-13	3.7	2.97	20	5
2015-03-14	41	3.8	12	7
2015-03-15	2	4.34	11	6
2015-03-16	0	2.08	17	6
2015-03-17	0	3.12	22	9
2015-03-18	0	0.97	25	9
2015-03-19	5.1	3.43	25	10
2015-03-20	4.9	6.7	25.5	8.5
2015-03-21	0.2	3.42	24	8
2015-03-22	0	2.52	24.5	10
2015-03-23	1.2	6.55	26	11
2015-03-24	10	5.34	27	10.5
2015-03-25	8.8	4.14	27.5	9.5
2015-03-26	0.5	6.96	28	9
2015-03-27	9.5	3.67	17	9.5
2015-03-28	0	2.43	20	8
2015-03-29	0	4.78	23.5	9
2015-03-30	0	3.77	25	5
2015-03-31	0	4.78	27.5	5.5
2015-04-01	1.3	3.93	29	5.5
2015-04-02	0	4.64	28	10
2015-04-03	0	4.67	28	10.5
2015-04-04	0	3.8	22.5	12
2015-04-05	0	4.01	25	6
2015-04-06	0	4.99	28	6
2015-04-07	0	4.15	26	7
2015-04-08	0	4.42	27.5	7
2015-04-09	0	4.68	29	10
2015-04-10	0	4.71	25.5	8.5
2015-04-11	0	3.23	25	8
2015-04-12	1.6	3.24	27	9.5
2015-04-13	9.9	2.26	25.5	9.5
2015-04-14	11.5	3.95	27	11
2015-04-15	6.6	2.55	24	10
2015-04-16	0	4.84	27	10
2015-04-17	13.8	5.02	29	11.5
2015-04-18	0	3.59	27.5	10.5
2015-04-19	0	4.94	30	10
2015-04-20	0	4.47	29	11
2015-04-21	1.7	4.6	28.5	12
2015-04-22	18.2	9.71	30	11.5
2015-04-23	0	3.98	29	11.6
2015-04-24	0	4.84	28.5	11
2015-04-25	0	3.45	28	12
2015-04-26	0	4.82	30	12.5
2015-04-27	0	3.97	29.5	12
2015-04-28	0.5	3.73	27	13
2015-04-29	4	0.62	15	9
2015-04-30	0.8	2.17	22	8.5
2015-05-01	0	3.51	24	9
2015-05-02	0.5	4.29	26	6.5
2015-05-03	0	3.99	22	6
2015-05-04	0	6.35	25.5	10.5
2015-05-05	0	5.45	30	11
2015-05-06	7.5	4.35	32	12.5
2015-05-07	2	7.2	29	10.5
2015-05-08	0	4.23	30	10
2015-05-09	1	6.37	30.5	11
2015-05-10	0	5	32	10
2015-05-11	0	5.51	29.5	10
2015-05-12	21	1.74	23	14
2015-05-13	0	3.23	24	10
2015-05-14	0	2.9	26	9.5
2015-05-15	0	3.99	28	9.5
2015-05-16	28.3	9.17	30	11
2015-05-17	1.2	2.93	28	11
2015-05-18	0	3.96	27	10.5
2015-05-19	0	3.39	28	9
2015-05-20	0	5.4	30.5	9
2015-05-21	0	3.3	28	11
2015-05-22	0	2.79	25	11.5
2015-05-23	0	2.2	27	11
2015-05-24	32.5	5.84	27.5	11.5
2015-05-25	0	4.34	30	12.5
2015-05-26	0	4.42	28.5	10.5
2015-05-27	10.3	3.89	27	11
2015-05-28	0	4.27	25	11.5
2015-05-29	0	3.89	22.5	10
2015-05-30	3.1	1.71	26	9
2015-05-31	3.3	2.06	22	10
2015-06-01	0	3.3	29.5	7.5
2015-06-02	0	4.6	30	10
2015-06-03	0	2.92	26.5	10.5
2015-06-04	0	5.58	29	9
2015-06-05	0	4.81	30	10.5
2015-06-06	9.5	3.2	28.5	9.5
2015-06-07	3.3	2.65	27	10
2015-06-08	0	4.15	28	6
2015-06-09	0	4.95	27	6.5
2015-06-10	0	4.88	28.5	6.5
2015-06-11	0	5.22	29	8
2015-06-12	7	3	29	12
2015-06-13	15.1	0.11	27	11.5
2015-06-14	33.7	3.04	25	13
2015-06-15	21.1	0.91	22	14
2015-06-16	9.3	1.85	24	13
2015-06-17	0	3.45	28	16
2015-06-18	0	2.98	26	12.5
2015-06-19	0	3.68	25	9
2015-06-20	5.5	0.49	24.5	9.5
2015-06-21	8.5	2.85	23.5	13
2015-06-22	2	2.7	25	12
2015-06-23	0	3.03	23	13
2015-06-24	0	2.63	20	9.5
2015-06-25	3.4	1.97	23	9
2015-06-26	0	3.31	25	10
2015-06-27	4.7	2.95	27	10
2015-06-28	0	2.7	24.5	11.5
2015-06-29	3	1.12	24	10.5
2015-06-30	21.5	1.69	22	11
2015-07-01	1.2	3.3	26	10
2015-07-02	3.8	2.89	24	12
2015-07-03	15.3	1.53	22	10.5
2015-07-04	9.7	2.43	24	12
2015-07-05	0	2.11	23	12.5
2015-07-06	0	2.14	23	9
2015-08-01	0	4.61	27.5	8.5
2015-08-02	0	4.57	28.5	10
2015-08-03	0	3.71	29	10
2015-08-04	0	3.03	28	9
2015-08-05	0	5.36	20.5	10
2015-08-06	2.8	3.06	29	10
2015-08-07	3.8	3.65	28	10.5
2015-08-08	9.7	3.15	28.5	11
2015-08-09	0	4.01	20	9.5
2015-08-10	0	3.35	27	10
2015-08-11	0	2.81	26	9
2015-08-12	1	2.38	22	8
2015-08-13	0	1.45	20	9.5
2015-08-14	2	1.35	23	7
2015-08-15	0	4.01	29	8
2015-08-16	0	8.08	29.5	7
2015-08-17	9.1	8.5	23	8
2015-08-18	2	3.31	27.5	11
2015-08-19	4.7	11.07	28.5	11
2015-08-20	4.2	1.97	25	10.5
2015-08-21	10	3.4	26	9.5
2015-08-22	10.4	2.61	26.5	10
2015-08-23	0	3.16	25	9
2015-08-24	0	2.78	24	10.5
2015-08-25	0	3.95	25	9.5
2015-08-26	10.4	3.2	24	9
2015-08-27	5.8	1.85	22	10
2015-08-28	0.5	1.19	20	9.5
2015-08-29	3.8	2.26	23	10.5
2015-08-30	0	2.89	24	12
2015-08-31	10.5	1.11	25	10.5
2015-09-01	54.3	1.6	26.5	10.5
2015-09-02	3	4.67	NULO	NULO
2015-09-03	0	1.84	NULO	NULO
2015-09-04	31.1	4.16	25	13
2015-09-05	3.8	7.6	24	10.5
2015-09-06	2.7	1.88	24	8.5
2015-09-07	0	2.56	24.5	9
2015-09-08	0	4	28	11.5
2015-09-09	4.3	12.1	27.7	9.5
2015-09-10	14.4	0.25	26.5	9
2015-09-11	4.4	2.05	26	10
2015-09-12	14.1	2.34	24	10.5
2015-09-13	1.5	0.36	18	12.5
2015-09-14	0	7.9	24.5	12.5
2015-09-15	2.3	11.85	25.5	12
2015-09-16	24	4.01	23.5	13
2015-09-17	4	1.39	22	14
2015-09-18	0	1.4	25	11
2015-09-19	0	3.24	26.5	9.5
2015-09-20	11.7	3.44	26	10.5
2015-09-21	0	3.02	25	12
2015-09-22	0	3.24	24	10.5
2015-09-23	0.5	2.76	22	9
2015-09-24	9.2	2.49	23	10
2015-09-25	3.3	3.81	19.5	11.5
2015-09-26	14	3.4	19	10.5
2015-09-27	1	NULO	21	9
2015-09-28	0	4.25	23.5	9.5
2015-09-29	0.5	3.3	24	10
2015-09-30	0	NULO	NULO	NULO
2015-10-01	0	1.79	21	10.5
2015-10-02	0	3.71	23.5	7
2015-10-03	0	3.55	25.5	4.5
2015-10-04	0	3.02	25	7
2015-10-05	0	2.97	26	8
2015-10-06	0	3.56	22.5	9
2015-10-07	0	3.26	27	7
2015-10-08	0	3.14	28	8
2015-10-09	2.4	2.75	25.5	9.5
2015-10-10	0	2.5	24	10
2015-10-11	0	3.33	25	12.5
2015-10-12	0	3.69	29	9
2015-10-13	0	3.69	29.5	9.5
2015-10-14	0	2.4	22	8
2015-10-15	1.8	1.04	18	9
2015-10-16	9.3	0.46	14	9.5
2015-10-17	6	0.38	13.5	9
2015-10-18	1	1.91	27	8.5
2015-10-19	0	2.9	25	8.5
2015-10-20	0	2.13	22	7
2015-10-21	11	1.66	24.5	14
2015-10-22	0	0.82	24	13
2015-10-23	1	2.44	25	13
2015-10-24	1.8	1.53	22	11
2015-10-25	1.8	1.53	22	11
2015-10-26	0	1.63	22.5	9
2015-10-27	1	1.46	25.5	10.5
2015-10-28	12.7	1.56	25	11.5
2015-10-29	51.7	3.9	24	10.5
2015-10-30	2.3	8.98	23	9
2015-10-31	4.7	3.3	23	12
2015-11-01	1	2.2	18	12.5
2015-11-02	1.7	1.4	19	11.5
2015-11-03	0	1.57	24.5	9.5
2015-11-04	0	2.53	27.5	9
2015-11-05	0	2.66	25	6.5
2015-11-06	0	2.62	25	7.5
2015-11-07	20	2.17	25	10.5
2015-11-08	3.4	0.23	19	15
2015-11-09	0	2.76	25	9.5
2015-11-10	0	7.09	26	7.5
2015-11-11	0	2.71	28	7
2015-11-12	0	1.17	23	7
2015-11-13	9	1.01	17	10
2015-11-14	9.5	0.67	15	9.4
2015-11-15	0	0.68	17.5	9.5
2015-11-16	0	1.5	25	7.5
2015-11-17	0	2.5	27	8
2015-11-18	0	2.4	26.5	9.5
2015-11-19	0	0.9	19.5	13
2015-11-20	0	1.85	24	11
2015-11-21	5.7	2.76	22.5	11.5
2015-11-22	1	1.54	15	9
2015-11-23	0.5	2.6	18	8
2015-11-24	0	0.39	24	7.5
2015-11-25	0	2	25	8
2015-11-26	0	1.86	23	9
2015-11-27	0	2.07	23.5	9
2015-11-28	0	2.39	23	10
2015-11-29	0	2.29	22	8
2015-11-30	0	1.56	NULO	NULO
2016-01-01	0	0.51	15	8
2016-01-02	0.5	2.09	23	7
2016-01-03	0	1.36	21	8.5
2016-01-04	4	0.44	14	6
2016-01-05	0	1.73	24	5.5
2016-01-06	0	1.97	24	6
2016-01-07	0	2.78	26	6
2016-01-08	0	2.67	25	6.5
2016-01-09	0	2.85	26.5	5.5
2016-01-10	0	1.83	26	6
2016-01-11	0	1.92	28	3.5
2016-01-12	0	1.15	23	1.5
2016-01-13	0	0.8	23	5.5
2016-01-14	0	1.28	NULO	NULO
2016-01-15	0	1.42	NULO	NULO
2016-01-16	0	1.7	20	6.5
2016-01-17	0	1.76	22	4
2016-01-18	0	3.2	23	0.5
2016-01-19	0	1.8	14	4
2016-01-20	0	1.5	14	3
2016-01-21	0	2	12	2.5
2016-01-22	0	0.8	25	3.5
2016-01-23	0	2.46	22	-2
2016-01-24	0	5.07	25.5	0
2016-01-25	0	2.5	20	1
2016-01-26	0	1.83	21	-1
2016-01-27	NULO	0.8	19	-0.8
2016-01-28	0	0.8	26	-2
2016-01-29	0	0.73	27	-1
2016-01-30	0	1.06	25.5	1
2016-01-31	0	1.15	NULO	NULO
2016-02-01	0	NULO	NULO	NULO
2016-02-02	0	4.26	30	7
2016-02-03	0	1	30.5	8
2016-02-04	0	1.5	28	5
2016-02-05	0	1.8	24	4.5
2016-02-06	0	2	26	3
2016-02-07	0	0.65	21	-1
2016-02-08	0	2	20	-1
2016-02-09	0	1.9	22	-1
2016-02-10	0	2.3	26	0
2016-02-11	0	2.5	25	0
2016-02-12	0	2.8	20	-1
2016-02-13	3	7.45	21	-1.5
2016-02-14	0	3.73	27	0
2016-02-15	0	3.83	28	4.5
2016-02-16	0	4	26.5	4
2016-02-17	0	3.8	26	3
2016-02-18	0	3	24	3
2016-02-19	0	4.05	26.5	3.5
2016-02-20	0	1.63	24	4
2016-02-21	0	3.87	29	6.5
2016-02-22	0	3.68	28	6.5
2016-02-23	0	5.22	30.5	8
2016-02-24	0	4.55	25	6.5
2016-02-25	0	3.1	32	3.5
2016-02-26	0	2.69	20	5
2016-02-27	1	2.31	27	4
2016-02-28	0	6.85	26	6
2016-02-29	0	4.07	25.5	7
2016-03-01	0	NULO	25.5	4
2016-03-02	0	1.17	27	7
2016-03-03	0	3.09	25	8
2016-03-04	0	3.33	23	6.5
2016-03-05	0	3.55	27	5
2016-03-06	0	4.29	28	3.5
2016-03-07	0	4.28	27.5	5
2016-03-08	3.3	4.12	26.5	8
2016-03-09	3	3.47	15	10
2016-03-10	0	4.02	27	8
2016-03-11	0	4.26	28	4
2016-03-12	0	4.15	27.5	5
2016-03-13	0	6.08	30	5
2016-03-14	0	5.57	30.5	7
2016-03-15	0	5.54	32	8
2016-03-16	0	4.7	33.5	10
2016-03-17	0	4.89	29.5	12.5
2016-03-18	0	3.18	30	9
2016-03-19	0	2.18	23	9.5
2016-03-20	0	1.28	21	7
2016-03-21	0	1.28	24	6
2016-03-22	0	1.75	25	4
2016-03-23	0	1.65	27.5	6
2016-03-24	0	3.11	29	9
2016-03-25	0	4.74	32	7
2016-03-26	0	4.06	31	8
2016-03-27	0	4.23	31.5	11
2016-03-28	0	4.51	30	10
2016-03-29	0	5.6	33	9
2016-03-30	0	5.62	33.5	12
2016-03-31	0	5.3	32	12
2016-04-02	0	2.48	28	10
2016-04-03	0	3.8	29.6	8.5
2016-04-04	0	4.8	32.8	10
2016-04-05	0	4.48	34	9
2016-04-06	0	4.94	33.5	9.5
2016-04-07	0	4.15	34	10
2016-04-08	0	4.23	28.5	9
2016-04-09	0	3.88	28	8
2016-04-10	0	3.6	34	8
2016-04-11	2.5	7.4	35	10
2016-04-12	3.9	2.39	34	9.5
2016-04-13	0	4.8	34.5	12
2016-04-14	0	3.9	37	10.5
2016-04-15	0	5.15	33	10
2016-04-16	0	5.1	34	12
2016-04-17	4.2	8.8	33	11
2016-04-18	5.5	5.75	32	10
2016-04-19	17	3.72	30	9.5
2016-04-20	4.7	5.25	25	9
2016-04-21	39.5	4.43	28	8
2016-04-22	14.3	4.5	25	9
2016-04-23	0	0.32	20	10
2016-04-24	0	5.68	28	9
2016-04-25	0	2.59	26.5	10
2016-04-26	0	5.17	32.5	11.5
2016-04-27	0	1.33	NULO	NULO
2016-04-28	0	5.21	NULO	NULO
2016-04-29	0	5.7	36	10.5
2016-04-30	0	6.6	36	13
2016-05-01	0	4.48	34	11.5
2016-05-02	0	4.27	NULO	NULO
2016-05-03	0	NULO	NULO	NULO
2016-05-04	0	5.3	35	12
2016-05-05	0	4.17	36	11.5
2016-05-06	0	4.98	29	10
2016-05-07	0	4.66	30	8
2016-05-08	0	7.67	33	10
2016-05-09	5.4	4.31	34	12
2016-05-10	11	0.49	31.5	11
2016-05-11	6	3.8	36	9.5
2016-05-12	0	4.34	35	11.5
2016-05-13	0	3.25	34	11
2016-05-14	1	5.6	34.5	12
2016-05-15	24	2.79	34	12
2016-05-16	0	2.7	28	11
2016-05-17	0	4.61	36	11
2016-05-18	1.2	4.74	34	13
2016-05-19	1.7	4.09	31	11.5
2016-05-20	16	5.06	30	11
2016-05-21	0	3.66	32	12
2016-05-22	0	4.65	32.5	11
2016-05-23	0	4.63	34.5	12
2016-05-24	0	4.59	34	12
2016-05-25	0.5	1.82	34	11
2016-05-26	0.3	3.85	38	13
2016-05-27	0.8	4.49	32	14
2016-05-28	0	5.6	30	13
2016-05-29	0	5.29	29	11.5
2016-05-30	0	4.82	29	11
2016-05-31	0	8.61	29	11.5
2016-06-01	0	3.64	34	13.5
2016-06-02	21.3	6.63	32.5	13
2016-06-03	0	3.14	34	13
2016-06-04	0.5	3.44	28	9
2016-06-05	0	3.45	25	10.5
2016-06-06	18	6.68	32.5	11
2016-06-07	5.6	4.37	32	12
2016-06-08	24.8	7.95	27	12.5
2016-06-09	4.4	3.05	35	11
2016-06-10	4.3	5.45	26	11
2016-06-11	24.5	7.35	25	11.5
2016-06-12	3.8	5.68	26	13.5
2016-06-13	10.5	5.2	28	13
2016-06-14	0	2.58	28	12
2016-06-15	1	2.44	26.5	13
2016-06-16	1.7	3.35	28	13
2016-06-17	0	3.47	28	11
2016-06-18	2	3.08	27	9
2016-06-19	12.4	1.92	23	10
2016-06-20	60	1.04	26	9.5
2016-06-21	0	7.2	26.5	11
2016-06-22	0	4.21	24	9
2016-06-23	7	3.04	25.5	8.5
2016-06-24	0	1.45	24	8.5
2016-06-25	10.6	2.65	24	11
2016-06-26	3.5	2.52	22	12
2016-06-27	0	5.02	19	10.5
2016-06-28	0	1.52	22.5	8
2016-06-29	0	3.64	25	8
2016-06-30	0	4.65	26	9.5
2016-07-01	1	NULO	24	10
2016-07-02	8	4.24	26	8
2016-07-03	5	8.6	24	8.5
2016-07-04	9.5	5.54	24.5	9
2016-07-05	1.2	4.66	26	10.5
2016-07-06	31.5	6.2	26	10
2016-07-07	5	2.87	27	10
2016-07-08	0	3.72	26.5	8
2016-07-09	0	3.96	26	9
2016-07-10	0	2.37	28	8.5
2016-07-11	60	NULO	27	8
2016-07-12	2	1.59	22	9
2016-07-13	1	2.96	24	7
2016-07-14	0	2.39	24.5	9
2016-07-15	0	3.98	25	8
2016-07-16	0	3.95	25	10.5
2016-07-17	0	1.4	25	9
2016-07-18	4	7.66	23	8
2016-07-19	4.2	6.1	24	6.5
2016-07-20	16	1.18	22	8
2016-07-21	11.5	7.99	22.5	10
2016-07-22	4.8	1.45	25	9
2016-07-23	12.8	2.5	23.5	10.5
2016-07-24	0	3.54	27	9
2016-07-25	23.8	4.6	26	9.5
2016-07-26	0	9	25.5	9.5
2016-07-27	0	3.17	26	11
2016-07-28	5.6	1.61	23	11.5
2016-07-29	0	3.48	25	10.5
2016-07-30	1	3.33	23	8
2016-07-31	1	2.72	22.5	9
2016-08-01	2	6.07	27	9
2016-08-02	0	7.48	26.5	10
2016-08-03	0	2.85	25	8.5
2016-08-04	26.7	2.54	22	11
2016-08-05	37.7	1.17	20.5	12
2016-08-06	7	0.1	22	8
2016-08-07	8.9	1.46	22.5	12
2016-08-08	0	4.04	26	13
2016-08-09	9.2	1.15	25	11
2016-08-10	1.8	NULO	29	10.5
2016-08-11	0	5.68	26	11
2016-08-12	27.7	5.29	27.5	10.5
2016-08-13	0	4.04	28	8
2016-08-14	0	3.94	27.5	7
2016-08-15	0	3.7	25	7
2016-08-16	1	1.88	22.5	9
2016-08-17	6.5	2.37	24	11
2016-08-18	5.8	3.15	22	11.5
2016-08-19	0	2.15	26	10
2016-08-20	18	4.35	26.5	10.5
2016-08-21	24.9	5.87	27	10
2016-08-22	0	2.87	23	10
2016-08-23	3	2.76	22.5	9
2016-08-24	5.9	1.8	24	9
2016-08-25	0	3.04	24.5	8.5
2016-08-26	2.3	1.91	25	10
2016-08-27	0	3.16	26	9
2016-08-28	0	3.79	25	10.5
2016-08-29	0	4.1	26	11
2016-08-30	0	3.4	25.5	10.5
2016-08-31	1.2	3.89	26	12
2016-09-01	3.9	0.93	20	11.5
2016-09-02	4.3	1.58	23	11
2016-09-03	10.5	4.33	20	12
2016-09-04	48.5	5.63	21.5	12.5
2016-09-05	4.4	NULO	22	12
2016-09-06	0	2.89	24	11
2016-09-07	0	2.99	23	8.5
2016-09-08	0	3.65	21	7
2016-09-09	0	4.7	27	6.5
2016-09-10	0	3.55	27.5	7.5
2016-09-11	0.8	7.52	25	9
2016-09-12	0	5.13	26.5	13
2016-09-13	0	2.08	27	13
2016-09-14	0	4.67	26	10
2016-09-15	2.9	9.77	27.5	11.5
2016-09-16	3.8	3.13	26	11
2016-09-17	0	2.86	25	10
2016-09-18	0	2.39	25.5	12
2016-09-19	3.2	0.83	26	10.5
2016-09-20	5.8	3.8	25	10
2016-09-21	4.5	1.67	20	10.5
2016-09-22	3.9	1.69	23.5	9
2016-09-23	21.3	5.65	25.5	8.5
2016-09-24	0	2.41	27	9.5
2016-09-25	5.5	2.83	26.5	10.5
2016-09-26	39.4	1.99	21	12
2016-09-27	74	5.09	15	13
2016-09-28	13.5	1.1	20	11
2016-09-29	3	1.06	20	13
2016-09-30	0	3.7	22.3	9
2016-10-01	0	3.11	22.3	10
2016-10-02	0	2.19	24.5	10.5
2016-10-03	0	2.03	26	10
2016-10-04	0	4.17	27.5	11
2016-10-05	0	4.11	29	9
2016-10-06	0	2.9	28	9
2016-10-07	0.5	3.2	29.5	8.5
2016-10-08	28.3	1.9	20	8
2016-10-09	1.5	3.2	22	11
2016-10-10	5.1	0.62	20	11
2016-10-11	0	2.52	22	9
2016-10-12	0.7	2.61	25	10.5
2016-10-13	0	3.2	24	11
2016-10-14	0	2.55	24.5	8.5
2016-10-15	0	3	25	7
2016-10-16	0	3.19	24	8
2016-10-17	0	3.02	27	7
2016-10-18	0	3.84	27	8
2016-10-19	0	2.95	26	7
2016-10-20	8.3	3.29	24	10
2016-10-21	17.4	0.61	23	9.5
2016-10-22	1.5	0.48	12	9
2016-10-23	0	1.29	20	10
2016-10-24	1.8	1.93	21	7.5
2016-10-25	0	4	23.5	6
2016-10-26	5.9	2.72	24	8.5
2016-10-27	0	1.48	22.5	8
2016-10-28	1.7	1.52	18	6.5
2016-10-29	0	2.18	17	6.5
2016-10-30	0	1.4	23	6
2016-10-31	0	0.3	22.5	7
2016-11-01	0	3.31	26	7
2016-11-02	0	2.27	24.5	8
2016-11-03	18.7	2.31	24	9
2016-11-04	7.6	1.45	17.5	10
2016-11-05	1	0.95	18	10
2016-11-06	0	2.33	24	5
2016-11-07	0	2.93	27	5
2016-11-08	31.7	3.44	20	6.5
2016-11-09	7	0.76	21	7
2016-11-10	2	1.21	22	5.5
2016-11-11	4.3	0.54	25	6.5
2016-11-12	0	0.46	16	8
2016-11-13	0	0.86	16.5	8
2016-11-14	0	1.73	22	8.5
2016-11-15	3.2	1.33	21	9
2016-11-16	6	3.44	18	8
2016-11-17	0	1.36	22	7
2016-11-18	4.8	1.81	23	7
2016-11-19	4.6	0.27	10.5	7.5
2016-11-20	1.5	0.62	10	6.5
2016-11-21	0	2.15	19	4
2016-11-22	0	2.05	25.8	6
2016-11-23	0.4	1.41	22	3.5
2016-11-24	0	3.07	22	5
2016-11-25	0	1.43	23	5
2016-11-26	0	0.85	16	5.5
2016-11-27	0	2.23	25	6
2016-11-28	0	3.61	27	4
2016-11-29	0	2.96	29	6
2016-11-30	0	3	26.5	7
2016-12-01	0	2.48	26.5	10
2016-12-02	0	2.8	27.5	7
2016-12-03	0	3.31	29	8
2016-12-04	0	1	26	8.5
2016-12-05	0	3.39	25	10
2016-12-06	0	3.23	27.5	5.5
2016-12-07	0	2.65	27	6
2016-12-08	0	0.13	25	8
2016-12-09	0.1	1.15	22	7
2016-12-10	13.5	1.5	25	6.5
2016-12-11	0	2.95	24	7
2016-12-12	0	2.1	21	7.5
2016-12-13	0	0.67	26	6
2016-12-14	0	3.46	24	6.5
2016-12-15	0	4.48	NULO	NULO
2016-12-16	0	1.94	NULO	NULO
2016-12-17	0	2.18	26	8.5
2016-12-18	3.7	2.12	22	8
2016-12-19	0.8	0.99	23	6.5
2016-12-20	0	1.29	24	6
2016-12-21	0	4.11	22	5
2016-12-22	0	1.56	24	4
2016-12-23	0	1.94	25	5
2016-12-24	0	4.74	NULO	NULO
2016-12-25	0	NULO	NULO	NULO
2016-12-26	0	2.59	26	5.5
2016-12-27	0	1.98	24	5.5
2016-12-28	0	2.85	23	6
2016-12-29	4.4	2.45	22	4
2016-12-30	5.1	7.1	23	5.5
2016-12-31	0	0.36	23	6
2017-01-01	0	1.98	24	8
2017-01-02	0	2.38	26.5	7
2017-01-03	0	2.64	27.5	6.5
2017-01-04	0	4.04	28	4
2017-01-05	0	2.52	30	6.5
2017-01-06	0	3.41	30.5	7
2017-01-07	0	1.65	27	4.5
2017-01-08	0	2.6	20	4
2017-01-09	0	2	20	4
2017-01-10	0	2.91	25	4
2017-01-11	0	2.39	13	2
2017-01-12	0	5.2	25.5	3.5
2017-01-13	0	2.2	20	4
2017-01-14	0	2.2	24	2
2017-01-15	0	3.4	25.5	2
2017-01-16	0	2.29	25	4
2017-01-17	0	2.17	26	5.5
2017-01-18	0	2.64	27	5
2017-01-19	0	2.02	27	6
2017-01-20	0	2.08	27	7
2017-01-21	0	5.75	28	6
2017-01-22	0	5.25	27	4
2017-01-23	0	2.47	26	1.5
2017-01-24	0	3.32	28	5
2017-01-25	0	3.16	29	6
2017-01-26	0	3.01	24	4
2017-01-27	0	2.44	27	6
2017-01-28	0	1.4	17	4
2017-01-29	0	1.15	16	4.9
2017-01-30	0	1.35	18	3
2017-01-31	0	1.96	20	4
2017-02-01	0	3.5	26.5	6.5
2017-02-02	0	0.78	24	4
2017-02-03	0	9.24	23	3.5
2017-02-04	0	3.38	22	2.5
2017-02-05	0	1.76	24	4.6
2017-02-06	0	4.74	25	5
2017-02-07	0	4.15	28.5	6
2017-02-08	0	3.85	28	7
2017-02-09	0	3.4	30	6
2017-02-10	0	3.11	26	2
2017-02-11	0	2.48	28	3.5
2017-02-12	0	4.01	27	5
2017-02-13	0	3.9	28	5.5
2017-02-14	0	3.15	29	7
2017-02-15	0	3.71	20	6.5
2017-02-16	0	4.87	25	4
2017-02-17	0	3.67	26	5
2017-02-18	0	3.8	30	5
2017-02-19	0	4.8	28	6.5
2017-02-20	0	3.15	27	6
2017-02-21	0	3.1	20	7
2017-02-22	0	5.7	25.5	1.5
2017-02-23	0	4.54	29	3.5
2017-02-24	0	4.56	20	5
2017-02-25	0	4.35	25	7
2017-02-26	0	5.25	30	5
2017-02-27	0	5.4	30.5	6
2017-02-28	0	9.12	30	8
2017-03-01	0	0.5	30	8
2017-03-02	0	5.05	22	6.5
2017-03-03	0	1.17	20	8
2017-03-04	7.1	5.3	26	6
2017-03-05	0	2.19	27	8.5
2017-03-06	0	4.61	27.5	7
2017-03-07	0	4.06	28	7
2017-03-08	0	2.01	23	8
2017-03-09	0	2.95	25	7
2017-03-10	0	3.16	26	6.5
2017-03-11	2.2	2.85	25	7
2017-03-12	18.1	1.56	24	7.5
2017-03-13	4.2	0.69	25	6
2017-03-14	2.7	6.89	29	5.5
2017-03-15	6.2	2.71	25	6.5
2017-03-16	0	2.84	23	5.5
2017-03-17	0	3.91	25.5	4
2017-03-18	0	4.01	24	6
2017-03-19	0	3.76	23.5	6
2017-03-20	0	5.21	26	4.5
2017-03-21	0	3.87	27	4
2017-03-22	0	6.9	27	5.5
2017-03-23	0	3	28	2
2017-03-24	0	6.31	30	2
2017-03-25	0	5.03	28	7
2017-03-26	4.3	4.26	30.5	7
2017-03-27	0	5.5	30	9
2017-03-28	0	5.2	30	8.5
2017-03-29	0	5.65	30.5	9
2017-03-30	0	5.51	29	7.5
2017-03-31	0	9.74	25	7
2017-05-01	0	7.2	31.5	8
2017-05-02	7	3.91	33	8.5
2017-05-03	0	5.19	31	9
2017-05-04	0	8.78	26	12
2017-05-05	0	9.34	27	7
2017-05-06	0	1.6	30	6.5
2017-05-07	2.4	5.44	29.5	8
2017-05-08	13.5	3.25	29	9
2017-05-09	0	3.33	28	10
2017-05-10	0	5.52	30	10
2017-05-11	0	5.39	32.5	8.5
2017-05-12	2.7	4.61	30.5	9
2017-05-13	2.5	4.95	31	10
2017-05-14	0	4.15	26	8
2017-05-15	0	5.81	31	8
2017-05-16	0	6.49	33	10
2017-05-17	0	1.25	34	5
2017-05-18	0	4.35	32	12
2017-05-19	0	4.58	34	10.5
2017-05-20	0	6.07	35	12
2017-05-21	0	6.65	30	12
2017-05-22	0	4.31	33.5	14
2017-05-23	11.4	7.85	31	13.5
2017-05-24	0	5.25	30	13
2017-05-25	0	4.2	31	12
2017-05-26	0	6.69	33	11
2017-05-27	0	4.6	30	12
2017-05-28	9.6	9.95	30.5	10
2017-05-29	0	1.9	27	11
2017-05-30	0	1.11	28	10
2017-05-31	0	4.5	26	8.5
2017-06-01	19	2.37	26	8
2017-06-02	0	3.72	27	10
2017-06-03	0	5.5	29.5	9.5
2017-06-04	0	6.15	30	9
2017-06-05	45	1.77	31.5	8
2017-06-06	0	3.56	30	10
2017-06-07	0	4.49	29	11
2017-06-08	0	6.12	28	12
2017-06-09	0	4.7	30	10
2017-06-10	0	4.91	29	10
2017-06-11	0	6.08	30	11
2017-06-12	0	6.24	29.5	9
2017-06-13	5.9	3.72	26.5	10
2017-06-14	1	3.28	25	12
2017-06-15	0	4.64	26	11
2017-06-16	0	4.26	27	9
2017-06-17	0	5.8	29.5	8.5
2017-06-18	0	7.21	30	8
2017-06-19	0	4.48	28	7
2017-06-20	0	4.86	25.5	8
2017-06-21	0	4.65	29	8.5
2017-06-22	0	7.4	30	9
2017-06-23	0	5.65	31	9
2017-06-24	0	3.65	29	9
2017-06-25	18.2	2.52	26.5	10
2017-06-26	19.3	2.9	25	10.5
2017-06-27	1.5	2.74	23	10
2017-06-28	26.1	6.24	26	11
2017-06-29	55	1.27	21	11.5
2017-06-30	68.8	1.12	22	11
2017-07-01	15.4	2.6	21	7
2017-07-02	2.5	2.7	24	8
2017-07-03	0	4.15	25	8
2017-07-04	4.1	3.97	27	9.5
2017-07-05	0	2.57	26	8.5
2017-07-06	0	3.31	24	8
2017-07-07	9.1	2.85	21	9
2017-07-08	10.4	2.06	22	8.5
2017-07-09	0	3.95	20	12
2017-07-10	28.7	1.71	20.5	12
2017-07-11	15.5	0.27	20	11
2017-07-12	5.1	1.8	22	12
2017-07-13	0	3.43	25	10
2017-07-14	0	5.44	24	8
2017-07-15	0	3.29	25	8
2017-07-16	0	3.2	27	8
2017-07-17	1.5	4.44	28	7.5
2017-07-18	0	2.76	26	7
2017-07-19	1	2.42	26	8
2017-07-20	0	4.65	26.5	12
2017-07-21	0	3.73	25	9
2017-07-22	0	5.07	27	9
2017-07-23	3.1	3.64	25	11
2017-07-24	2	1.76	25.5	10
2017-07-25	5.5	1.95	25	11
2017-07-26	0	2.74	23	12
2017-07-27	10	3.54	26	11
2017-07-28	0	3.84	21	10.5
2017-07-29	0	4.68	28	8.5
2017-07-30	0	4.7	29	7
2017-07-31	0	5.4	28	8.5
2017-08-01	1	4.5	27.5	8
2017-08-02	0	5.99	27	8
2017-08-03	0	3.58	29	8.5
2017-08-04	0	3	27	13
2017-08-05	0	3.92	28	10
2017-08-06	12	4.8	29	10.5
2017-08-07	0	3.71	29	10
2017-08-08	0	2.75	27	9.5
2017-08-09	58.5	1.95	20	10
2017-08-10	3.3	2.9	22	9.5
2017-08-11	1.5	3	24	9
2017-08-12	0	4.06	25	9.5
2017-08-13	0	9.36	26	10
2017-08-14	0	8.63	28	9.5
2017-08-15	0	2.53	27	10
2017-08-16	22.1	6.26	27	9
2017-08-17	0	3.86	26	10
2017-08-18	0	3.7	27	9.5
2017-08-19	0	4.09	26	9
2017-08-20	0.5	5.94	27.5	10
2017-08-21	2	1.25	25	9
2017-08-22	0.5	2.88	26	11
2017-08-23	0	3.24	27	10
2017-08-24	0	4.28	27.5	10
2017-08-25	0	3.42	28	9
2017-08-26	0	4.26	29	8
2017-08-27	28.8	1.02	28	10
2017-08-28	2.5	4.35	27.5	11
2017-08-29	3.5	1.1	26	10
2017-08-30	2.8	3.2	28	10
2017-08-31	0	2	28	11
2017-09-01	2	3.1	23	11
2017-09-02	12.5	2.42	21	9.5
2017-09-03	0	2.03	19	8.5
2017-09-04	56.7	7.89	20	10
2017-09-05	2	3	17	12
2017-09-06	12.6	1.9	18.5	10
2017-09-07	2.8	3.7	22	9
2017-09-08	54.3	0.09	16	9.5
2017-09-09	10.4	0.62	18.5	9
2017-09-10	7	1.06	15	11
2017-09-11	0	2.76	21	6
2017-09-12	0	3.66	15	2.9
2017-09-13	0	0.3	27	4.5
2017-09-14	0	5.11	29	5
2017-09-15	0	4.53	30	7
2017-09-16	NULO	3.84	29	7.5
2017-09-17	2.5	2.34	27	11
2017-09-18	0	3.31	25	11.5
2017-09-19	0	4.84	28	10
2017-09-20	2	3.31	27	10
2017-09-21	0	1.71	25	12
2017-09-22	8.2	3.05	28	11
2017-09-23	7.4	1.34	22	13
2017-09-24	13.3	1.95	23	12
2017-09-25	2	10.08	22	14
2017-09-26	6.2	4.51	25	13.5
2017-09-27	0.5	2.42	26	11.5
2017-09-28	4.5	2.2	24	10.5
2017-09-29	40	1.67	28	10
2017-09-30	0	NULO	27	9
2017-10-01	17.2	0.4	20	12
2017-10-02	8.5	1.15	21	12
2017-10-03	3.8	2.66	19	10
2017-10-04	24	1.39	19.5	11
2017-10-05	4.7	1.43	21	10
2017-10-06	0	2.87	19	10
2017-10-07	0	3.3	18	5
2017-10-08	2.5	3.42	28	6.5
2017-10-09	0	3.95	29	10
2017-10-10	31.2	2.93	30	10
2017-10-11	12	2.4	18	12
2017-10-12	2.8	1.28	18	11
2017-10-13	26	2.47	17	10
2017-10-14	0	1.81	21	9
2017-10-15	5.5	2.4	23	8
2017-10-16	5.7	1.55	15	11
2017-10-17	0	2.31	18	9
2017-10-18	1.5	4.09	26	9
2017-10-19	0	1.5	27	10
2017-10-20	0	3.1	28	8
2017-10-21	0	3.45	29	7
2017-10-22	0	1.28	28	8
2017-10-23	0	2.57	20	7
2017-10-24	6.4	2.49	17	7.5
2017-10-25	6.5	6.61	16	6
2017-10-26	0	1.55	25	4
2017-10-27	0	3.13	26	5
2017-10-28	0	2.81	24	8
2017-10-29	0	3.12	28	7
2017-10-30	0	2.79	28	8
2017-10-31	0	3	27	6
2017-11-01	0	2.4	27	6
2017-11-02	0	3.6	30	8
2017-11-03	0	3.5	29	11
2017-11-04	0	3.61	28	5
2017-11-05	0	2.79	29	4.5
2017-11-06	0	3.7	29.5	3.5
2017-11-07	0	3.32	29	3
2017-11-08	0	3.29	27	4
2017-11-09	0	2.91	25	6
2017-11-10	0	2.29	24	6
2017-11-11	0	2.69	24.5	6
2017-11-12	1.4	2.9	27	5
2017-11-13	0	2.5	20	6.5
2017-11-14	0	1.5	20.5	8
2017-11-15	0	3	26	4
2017-11-16	0	2.9	25	3
2017-11-17	0	2.3	27	2.5
2017-11-18	0	2.63	30	4
2017-11-19	1	0.38	13	6
2017-11-20	1	2.2	16	4
2017-11-21	0	2	18	5
2017-11-22	0	2.19	20	4.5
2017-11-23	0	4.72	25	-2
2017-11-24	0	3.57	22	-1
2017-11-25	0	2.12	24	2
2017-11-26	0	2.56	23	3
2017-11-27	0	2.25	25	-1
2017-11-28	0	3.29	24	2
2017-11-29	0	1.71	23	3.5
2017-11-30	0	2.16	24	0
2017-12-01	0	3.05	24	0
2017-12-02	0	1.8	25	1.5
2017-12-03	0	2.78	26	4
2017-12-04	0	2.8	29	2
2017-12-05	0	2.5	24	4
2017-12-06	0	0.5	26	5
2017-12-07	0	1.36	25	6
2017-12-08	0	0.95	14	5
2017-12-09	0	1.39	17	-1
2017-12-10	0	2.56	14	-5
2017-12-11	0	1.96	18	-4
2017-12-12	0	1.88	21	-6
2017-12-13	0	1.81	24	-2
2017-12-14	0	3.34	26	1
2017-12-15	0	1.85	20	4
2017-12-16	0	3.35	26	2.5
2017-12-17	0	2.05	27	5
2017-12-18	0	2.67	25	6
2017-12-19	0	1.81	27	6
2017-12-20	0	3.52	29	7
2017-12-21	0	3.26	30	7.5
2017-12-22	0	3.25	29	8
2017-12-23	0	1.17	24	6
2017-12-24	0	3.07	28	4
2017-12-25	0	2.55	26	5
2017-12-26	0	2.3	27	4
2017-12-27	0	3.1	24	4
2017-12-28	0	4.4	29	5
2017-12-29	0	4.08	30	6
2017-12-30	0	1.38	18	6.5
2017-12-31	0	1.98	26.4	5
2018-01-01	0	1.77	17	3
2018-01-02	0	1.61	20	4
2018-01-03	0	0.8	13	5
2018-01-04	0	1.65	15.7	4
2018-01-05	0	1.29	25	3
2018-01-06	0	3.62	24	2
2018-01-07	0	2.44	28	4.5
2018-01-08	0	2.73	26	4
2018-01-09	0	3.5	22	-2
2018-01-10	0	2.66	29	4
2018-01-11	0	3.56	27.5	7
2018-01-12	0	2.53	24	5
2018-01-13	0	2.6	14	0
2018-01-14	0	2.75	13	-1
2018-01-15	0	2.35	17	0
2018-01-16	0	1.8	16	1
2018-01-17	0	1.72	13	0
2018-01-18	0	2.39	20	1
2018-01-19	0	2.04	23	1
2018-01-20	0	2.76	25	3
2018-01-21	0	3.29	28	5
2018-01-22	0	3.22	26	5
2018-01-23	3.9	2.36	20	7
2018-01-24	0	1.78	17	7
2018-01-25	0	0.92	14	5
2018-01-26	0	1.8	20	4
2018-01-27	0	2.07	23	7
2018-01-28	11.5	1.64	14	7
2018-01-29	NULO	1.95	15	3
2018-01-30	0	2.11	NULO	NULO
2018-01-31	0	2.05	13	0
2018-02-01	0	2.17	27	3
2018-02-02	0	2.29	23	6.5
2018-02-03	0	1.61	27	7
2018-02-04	0	2.88	28	7
2018-02-05	0	3.21	29	6
2018-02-06	0	2.99	28	4
2018-02-07	3.5	2.77	27	6.5
2018-02-08	1	0.7	14	7
2018-02-09	8.4	6.79	22	6
2018-02-10	0.5	2.98	20	7
2018-02-11	0	1.4	21	8
2018-02-12	0	2.6	22	6
2018-02-13	0	2.82	23	6
2018-02-14	0	3.54	22	5
2018-02-15	0	2.93	27	2
2018-02-16	0	1.4	29	2
2018-02-17	0	6.29	29	2
2018-02-18	0	2.68	25	4
2018-02-19	0	2.99	26	5
2018-02-20	7.2	2.95	28	7
2018-02-21	0	3.6	27	7
2018-02-22	0	3.58	25	6
2018-02-23	0	2.8	26.5	6
2018-02-24	1.5	4.3	25	7
2018-02-25	0	3.6	29	7
2018-02-26	0	3.02	28	8
2018-02-27	0	6.69	29	8
2018-02-28	0	5.15	30	8
2018-03-01	0	4.02	NULO	NULO
2018-03-02	0	4.02	NULO	NULO
2018-03-03	0	3.81	29	6
2018-03-04	0	5.17	30	0
2018-03-05	0	5.42	31	4
2018-03-06	6	5.2	32	7
2018-03-07	2.3	0.22	29	6.5
2018-03-08	0	2.28	25	2
2018-03-09	0	4.49	28	6
2018-03-10	0	6.3	32	7
2018-03-11	1	5.45	33	8
2018-03-12	2	2.8	14	9
2018-03-13	0	3.67	25	6
2018-03-14	0	3.19	26	8
2018-03-15	0	3.98	30	7
2018-03-16	0	5.21	32	8
2018-03-17	0	4.82	31	9
2018-03-18	0	3.51	30	9
2018-03-19	0	5.96	32	9
2018-03-20	0	4.44	27	8
2018-03-21	0	4.1	28	9
2018-03-22	0	4.09	29	8
2018-03-23	0	5.95	30	8
2018-03-24	0	7.04	32	6
2018-03-25	0	4.33	33	8
2018-03-26	0	4.05	32	7
2018-03-27	0	5	33	8
2018-03-28	0	4.7	29	8
2018-03-29	2.1	6.2	25	10
2018-03-30	0	0.56	28	6
2018-03-31	0	2.54	28	7
2018-04-01	0	6.37	29	7
2018-04-02	0	5.72	31	7
2018-04-03	0	3.85	30	9
2018-04-04	10	4.9	26	11
2018-04-05	0	4.65	29	10
2018-04-06	0	5.3	30	8
2018-04-07	0	5.75	31	10
2018-04-08	0	5.27	30	9
2018-04-09	0	5.43	31	11
2018-04-10	0	2.73	25	12
2018-04-11	0	3.16	23	8
2018-04-12	0	3.54	30	8
2018-04-13	0	4.78	29	9
2018-04-14	0	5.83	30	8
2018-04-15	0	3.95	20	7
2018-04-16	0	5.36	28	4
2018-04-17	0	5.9	30	5
2018-04-18	0	6.38	32	8
2018-04-19	0	6.05	27	9
2018-04-20	0	5.92	29	7
2018-04-21	0	5.23	32	8
2018-04-22	0	5.01	29	9
2018-04-23	0	4.94	30	8
2018-04-24	0	12.9	31	9
2018-04-25	0	4.57	31	8
2018-04-26	0	5.89	30	9
2018-04-27	2	1.65	28	10
2018-04-28	0	3.84	27	10
2018-04-29	0	4.76	30	10
2018-04-30	9.8	1.8	30	10
2018-05-01	2	4.47	30	11
2018-05-02	0	3.64	28	10
2018-05-03	15	6.92	29	11
2018-05-04	0	5.56	29	12
2018-05-05	0.5	2.82	27	11
2018-05-06	0	3.15	23	10
2018-05-07	0.5	2.24	24	12
2018-05-08	0	2.45	23	11
2018-05-09	0	5.4	28	8
2018-05-10	0	5.36	27	7.5
2018-05-11	0	6.1	29	6.5
2018-05-12	0	5.31	30	8
2018-05-13	0	5.69	31	8
2018-05-14	0	6.07	30	7
2018-05-15	0	5.73	30	7
2018-05-16	0	6.55	31	7
2018-05-17	0	5.55	31	9
2018-05-18	0	7.08	33	8
2018-05-19	0	6.37	34	9
2018-05-20	0	5.65	32	10
2018-05-21	0	4.5	28	11
2018-05-22	0	5.62	30	10
2018-05-23	0	5.2	31	8
2018-05-24	0	NULO	30	9
2018-05-25	0	5.1	29	8
2018-05-26	0	6.7	30	9
2018-05-27	0	6.6	31.8	9
2018-05-28	0	6.41	33	9
2018-05-29	0	5.65	34	10
2018-05-30	0	7.46	35	10
2018-05-31	0	4.19	30	11
2018-06-01	0	7.39	33	10
2018-06-02	0	6.56	27	11
2018-06-03	2.2	6.54	28	9
2018-06-04	0	6.35	27	9
2018-06-05	0	6.06	31	7
2018-06-06	0	6.1	32	8
2018-06-07	5.5	4.29	30	10
2018-06-08	0	4.86	28	10
2018-06-09	0	5.09	26	10
2018-06-10	7	4.55	30	9
2018-06-11	5	3.76	29	10
2018-06-12	12	4.69	22	12
2018-06-13	1.5	1.99	21	8
2018-06-14	2.6	0.66	19	11
2018-06-15	4	2.78	25	10
2018-06-16	0	4.59	29	11
2018-06-17	0.5	3.43	29	11
2018-06-18	14	1.55	25	12
2018-06-19	20	5.35	23	11
2018-06-20	5.5	0.71	20	11
2018-06-21	30	2.54	25	12
2018-06-22	39.5	1.09	26	10
2018-06-23	0	3.7	26	11
2018-06-24	1.5	3.78	26	11
2018-06-25	1.8	2.69	24	10
2018-06-26	2	2.63	23	11
2018-06-27	3.2	1.8	27	10
2018-06-28	0	5.55	25	10
2018-06-29	40.5	8	25	10
2018-06-30	0	3.7	26	9
2018-07-01	0	6.1	27	10
2018-07-02	0	4.87	30	11
2018-07-03	0	3.83	28	12
2018-07-04	0.5	4.46	27	10
2018-07-05	0	4.89	24	9.5
2018-07-06	0	3.45	22	8
2018-07-07	0	3.82	23	8
2018-07-08	0	3.64	24	9
2018-07-09	4.4	5.59	23	10
2018-07-10	0	4.73	24	9
2018-07-11	0	2.22	23	9
2018-07-12	0	5.39	24	7
2018-07-13	0	5.48	24	8
2018-07-14	0	3.73	25	9
2018-07-15	0	5.43	28	8
2018-07-16	0	5.44	28	9
2018-07-17	40.5	4	27	9
2018-07-18	0	4.28	29	8
2018-07-19	0	5.82	28	7.5
2018-07-20	3.3	3.38	28	9
2018-07-21	0	5.8	29	7.5
2018-07-22	0	5.1	28	9
2018-07-23	0	5.25	30	8
2018-07-24	0	6.8	31	10
2018-07-25	0	5.25	30	9
2018-07-26	0	5	31	9
2018-07-27	15.8	4.2	29.5	10
2018-07-28	0	4.17	28	9
2018-07-29	0	4.64	27	11
2018-07-30	0	5	29	10
2018-07-31	3.5	3.85	29	8
2018-08-01	4	2.84	28	9
2018-08-02	10	3.95	25	8
2018-08-03	11	3.33	24	9
2018-08-04	20	5.18	23	10
2018-08-05	0	1.86	25	10
2018-08-06	8	6.16	19	9
2018-08-07	0	5.94	24	8
2018-08-08	0	3.81	25	9
2018-08-09	4	2.86	20	10
2018-08-10	0	3.22	26	9.8
2018-08-11	3	4.35	27	9.5
2018-08-12	0	1.37	22	10
2018-08-13	5.1	4.02	25	11
2018-08-14	34.1	6.34	24	11
2018-08-15	4	3.3	24	11
2018-08-16	0	4.3	25	10
2018-08-17	0	5.3	24	9
2018-08-18	0	3.65	23	10
2018-08-19	0	6.75	28	9
2018-08-20	0	2.91	25	10
2018-08-21	1.5	1.09	23	10
2018-08-22	0.5	3.72	22	11
2018-08-23	0	3.78	25	12
2018-08-24	0	4.41	27	10
2018-08-25	2.8	1.17	25	8
2018-08-26	0.8	10	26	7
2018-08-27	0	5.23	25	10
2018-08-28	6.5	2.48	26	11
2018-08-29	41	5.55	25	10
2018-08-30	12.5	6.51	28.6	11
2018-08-31	0	2.04	28	10
2018-09-01	0	2.7	28	10
2018-09-02	1.5	4.35	29	11
2018-09-03	0	3.45	27	10
2018-09-04	0	3.21	28	10
2018-09-05	1	3.44	26.6	9
2018-09-06	0	2.36	23	10
2018-09-07	0	4.21	27	11
2018-09-08	0	5.18	28	9
2018-09-09	0	3.77	29	11
2018-09-10	19.4	4.69	27	12
2018-09-11	39	6.23	25	11
2018-09-12	17.5	4.21	24	9
2018-09-13	0	2.1	22	10
2018-09-14	0	2.66	24	9
2018-09-15	2.5	2.74	22	10
2018-09-16	7.5	2.68	21	12
2018-09-17	1.5	3.32	21.5	11
2018-09-18	0	4.5	25	12
2018-09-19	0	3.3	31	11
2018-09-20	0	4.24	29	11
2018-09-21	1.2	3.44	27	10
2018-09-22	0	3.92	26	11
2018-09-23	0	3.99	27	9
2018-09-24	0	4.57	26	10
2018-09-25	0	3.64	26.5	9
2018-09-26	0.6	4.9	25	8.5
2018-09-27	6	3.15	24	8
2018-09-28	0	4.05	23	9
2018-09-29	1	3.6	21	10
2018-09-30	0	2.8	20	8
2018-10-01	0	2.8	21	8
2018-10-02	5.8	5.6	25	10
2018-10-03	2.3	4	23	10.5
2018-10-04	4	3.8	24	11
2018-10-05	0	3.65	25	8
2018-10-06	6	9.64	28	8
2018-10-07	28.5	3.81	24	8
2018-10-08	3.5	2.6	25	10
2018-10-09	0	2.95	27	10
2018-10-10	0	3.95	28	11.5
2018-10-11	9	3	27	10
2018-10-12	0	4	26	11
2018-10-13	2.6	2.3	27	9
2018-10-14	3	3.19	26	8
2018-10-15	2.8	4.1	28	8
2018-10-16	0	1.98	24	10
2018-10-17	3.1	1.13	27	9
2018-10-18	10.2	5.96	20	10
2018-10-19	0	2.2	19	11
2018-10-20	7.9	1	20	10
2018-10-21	13.1	1.5	17	11
2018-10-22	1	3.4	23	10
2018-10-23	0	3.28	26	11
2018-10-24	0	4.92	29	8
2018-10-25	0	3.25	28	10
2018-10-26	2	2.75	27	10
2018-10-27	4.2	0.2	15	10
2018-10-28	1	1.51	19	9
2018-10-29	0	4.59	21	8
2018-10-30	0	1.21	25	11
2018-10-31	10	3.93	25	9
2018-11-01	18.9	5.24	25	10
2018-11-02	0	3.2	23	10
2018-11-03	5.5	1.02	20	8.5
2018-11-04	0	0.11	18	9
2018-11-05	0	2.01	23	9
2018-11-06	0	3.6	21	8
2018-11-07	0	3.53	29	8.5
2018-11-08	0	6.47	26	8
2018-11-09	0	1.1	27	8
2018-11-10	0	2.9	25	9.8
2018-11-11	0	6	24	10
2018-11-12	11.8	NULO	26	8
2018-11-13	2.5	4.69	11	6
2018-11-14	8.4	3.76	9	-3
2018-11-15	0	1.48	17	-3
2018-11-16	0	2.5	18	2
2018-11-17	0	2.6	24	4.5
2018-11-18	0	1.65	23	6
2018-11-19	0	4.09	28	4.5
2018-11-20	0	1.36	23	5.5
2018-11-21	0	2.6	28	8
2018-11-22	0	3.5	28	5
2018-11-23	0	2.87	30	8
2018-11-24	0	3.2	29	10
2018-11-25	0	3.24	30	10
2018-11-26	0	0.81	17	11
2018-11-27	0	1.94	23	6
2018-11-28	0	0.79	27	7
2018-11-29	1.5	1.75	14	10
2018-11-30	0	0.13	20	8
2018-12-01	0	3.23	30	9
2018-12-02	0	3.83	30	8
2018-12-03	0	2.06	29	8
2018-12-04	0	0.95	26	9
2018-12-05	0	0.74	15	7
2018-12-06	0	2.12	25	6
2018-12-07	0	2.69	27	10
2018-12-08	0	2.65	29	9
2018-12-09	0	0.89	18	10
2018-12-10	0	0.9	20	6
2018-12-11	0	3.11	25	5
2018-12-12	0	1.3	25	7
2018-12-13	0	6.37	24	9
2018-12-14	0	0.63	23	8
2018-12-15	0	2.76	28	5
2018-12-16	0	2.04	24	0
2018-12-17	0	0.38	24	0
2018-12-18	0	0.38	27	5
2018-12-19	0	1.65	17	8
2018-12-20	0	2.67	20	4
2018-12-21	0	2.77	21	-2
2018-12-22	0	4.35	25	-2
2018-12-23	0	0.6	26	0
2018-12-24	0	1.89	27	0
2018-12-25	0	2.17	26	4
2018-12-26	0	1.59	26	6
2018-12-27	0	2.53	27	7
2018-12-28	0	2.51	27	9
2018-12-29	0	2.16	28	10
2018-12-30	0	1.65	27	7
2018-12-31	0	2.51	28	8
2019-01-01	0	2.55	25	7
2019-01-02	0	1.44	24	6
2019-01-03	0	2	26	6
2019-01-04	0	2.43	25	8
2019-01-05	0	2.94	27	6
2019-01-06	0	2.37	28	6
2019-01-07	0	2.77	29	7
2019-01-08	0	2.79	26	5
2019-01-09	0	1.79	16	3
2019-01-10	0	1.6	22	6
2019-01-11	0	2.5	23	6
2019-01-12	5	1.8	25	7
2019-01-13	1	7.2	28	8
2019-01-14	0	1.77	20	8
2019-01-15	0	1.87	25	1
2019-01-16	0	2.19	20	5
2019-01-17	0	2.73	22	6
2019-01-18	0	1.92	22	7
2019-01-19	0	3.13	22	9
2019-01-20	0	3.08	20	4
2019-01-21	0	3.82	26	0
2019-01-22	0	3.08	28	6
2019-01-23	0	2.88	30	7
2019-01-24	0	2.23	28	4
2019-01-25	0	3.5	20	5
2019-01-26	0	3.53	28	6
2019-01-27	0	2.77	20	7
2019-01-28	0	3.39	18	0
2019-01-29	0	1.68	17	5
2019-01-30	0	3.04	21	2
2019-01-31	0	3.97	25	4
2019-02-01	0	3.18	27	4
2019-02-02	0	3.35	29	7
2019-02-03	0	4.29	30	6
2019-02-04	0	4.51	31	8
2019-02-05	0	3.59	30	8
2019-02-06	0	4.31	31	9
2019-02-07	0	3.19	30	10
2019-02-08	0	0.81	13	10
2019-02-09	0	0.8	13	4
2019-02-10	0	2.12	26	5
2019-02-11	0	3.85	29	7
2019-02-12	0	1.13	25	8
2019-02-13	0	0.24	23	5
2019-02-14	0	3.22	30	6
2019-02-15	0	5.12	32	8
2019-02-16	0	4.29	33	8
2019-02-17	0	5.64	35	12
2019-02-18	0	2.74	34	11
2019-02-19	0	7.96	32	9
2019-02-20	0	4.57	30	10
2019-02-21	0	6.04	32	9
2019-02-22	0	4.58	33	10
2019-02-23	0	4.93	30	10
2019-02-24	0	0.32	14	10
2019-02-25	0	3.63	29	6
2019-02-26	0	5.27	30	7
2019-02-27	0	4.63	31	9
2019-02-28	0	6.3	14	8
2019-03-01	0	2.51	NULO	NULO
2019-03-02	0	6.44	NULO	NULO
2019-03-03	0	4.7	33	10
2019-03-04	0	5.3	34	10
2019-03-05	0	3.96	28	8
2019-03-06	0	3.34	25	7
2019-03-07	0	6.45	32	8
2019-03-08	0	4.64	31	10
2019-03-09	0	4.58	32	11
2019-03-10	0	4.91	33	11
2019-03-11	0	4.9	30	9
2019-03-12	0	5.16	30	9
2019-03-13	0	5.13	29	8
2019-03-14	0	5.54	33	10
2019-03-15	0	2.83	22	13
2019-03-16	0	2.69	29	7
2019-03-17	0	3.31	24	8
2019-03-18	0	4.13	25	8
2019-03-19	0	4.81	28	8
2019-03-20	0	3.9	27	8
2019-03-21	0	3.81	28	9
2019-03-22	0	4.38	27	10
2019-03-23	0	5.43	29	9
2019-03-24	0	6.68	30	10
2019-03-25	0	6.85	31	9
2019-03-26	0	5.23	27	5
2019-03-27	0	6.77	25	5
2019-03-28	0	4.77	30	4
2019-03-29	0	6.49	32	8
2019-03-30	0	4.59	33	9
2019-03-31	0	4.38	26	11
2019-04-01	0	5.17	30	7
2019-04-02	0	5.48	30	8
2019-04-03	0	4.17	29	8
2019-04-04	0	5.1	30	9
2019-04-05	0	2.84	28	10
2019-04-06	0	2.92	27	11
2019-04-07	0	5.51	29	9
2019-04-08	15	7.99	27	11
2019-04-09	0	6.4	28	8
2019-04-10	0	1.63	30	8
2019-04-11	0	3.37	33	10
2019-04-12	0	7.52	32	11
2019-04-13	0	7.61	33	11
2019-04-14	0	3.83	23	9
2019-04-15	0	5.63	30	4
2019-04-16	0	3.7	33	6
2019-04-17	0	9.8	34	10
2019-04-18	0	8	34	13
2019-04-19	0	5.79	24	10
2019-04-20	0	7.51	30	6
2019-04-21	0	5.6	33	8
2019-04-22	0	6.22	34	11
2019-04-23	0	5.18	34	12
2019-04-24	0	4.9	32	10
2019-04-25	0	5.4	30	11
2019-04-26	0	5.05	24	8
2019-04-27	0	5.89	32	9
2019-04-28	0	4.15	30	10
2019-04-29	0	1.63	34	13
2019-04-30	0	5.18	33	11
2019-05-01	1	4.85	33	12
2019-05-02	0	5.85	34	11
2019-05-03	0	4.66	33	12
2019-05-04	0	5.74	34	11
2019-05-05	12.5	4.25	31	12
2019-05-06	0	4.93	32	10
2019-05-07	0	5.91	33	9
2019-05-08	0	8.05	34	11
2019-05-09	0	7.69	33	12
2019-05-10	0	5.23	33	12
2019-05-11	0	6.42	32	9
2019-05-12	0	5.63	33	11
2019-05-13	0	5.7	33	12
2019-05-14	0	4.48	34	10
2019-05-15	0	4.21	28	13
2019-05-16	0	11.94	33	11
2019-05-17	0	5.76	34	13
2019-05-18	0	4.91	33	13
2019-05-19	0	7.76	34	13
2019-05-20	0	7.65	33	12
2019-05-21	0	7.5	34	12
2019-05-22	0	7.36	35	13
2019-05-23	0	5.89	32	10
2019-05-24	0	5.37	32	11
2019-05-25	0	6.56	30	10
2019-05-26	0	6.12	30	11
2019-05-27	0	5.59	32	10
2019-05-28	0	6.14	33	9
2019-05-29	0	6.95	35	10
2019-05-30	0	6.62	33	11
2019-05-31	0	4	29	12
2019-06-01	5	4.45	21	11
2019-06-02	10.8	1.85	22	12
2019-06-03	26	2.66	20	12
2019-06-04	7	3.74	25	14
2019-06-05	22	1.72	26	12
2019-06-06	0	5.12	28	14
2019-06-07	4	2.77	29	15
2019-06-08	0	5.81	30	13
2019-06-09	0	6.68	28	11
2019-06-10	0	4.42	27	10
2019-06-11	0	4.06	25	10
2019-06-12	0	5.64	30	10
2019-06-13	0	2.54	25	11
2019-06-14	0	4.5	26	10
2019-06-15	0	5.84	30	12
2019-06-16	0	5.78	31	10
2019-06-17	0	5.94	31	10
2019-06-18	0	5.56	30	12
2019-06-19	7.7	3.8	30	13
2019-06-20	15.1	4.4	31	12
2019-06-21	8.8	5.17	30	13
2019-06-22	0	2.37	29	14
2019-06-23	3.7	4.28	28	13
2019-06-24	20	4.76	27	12
2019-06-25	7	1.76	23	14
2019-06-26	0	3.38	24	12
2019-06-27	0	5.15	23	10
2019-06-28	0	3.66	21	10
2019-06-29	0	3.9	20	8
2019-06-30	23.7	6.13	27	4
2019-07-01	3.8	2.38	25	10
2019-07-02	3.1	1.59	22	10
2019-07-03	2	3.85	25	10
2019-07-04	0	4.57	26	9
2019-07-05	0	5.29	27	10
2019-07-06	0	3.46	25	11
2019-07-07	0	6.52	28	10
2019-07-08	14	5.72	29	9
2019-07-09	1.2	3.03	28	10
2019-07-10	0	5.21	29	10
2019-07-11	13.1	2.69	25	9
2019-07-12	4	3.45	25	10
2019-07-13	29.8	4.95	26	12
2019-07-14	0.5	1.51	25	10
2019-07-15	1	6.75	27	8
2019-07-16	0	5.1	26	10
2019-07-17	45.5	5.78	23	10
2019-07-18	19	5.62	25	10
2019-07-19	0	5.14	26	11
2019-07-20	2	4.24	25	10
2019-07-21	10.2	3.31	27	9
2019-07-22	2.3	4.05	27	10
2019-07-23	0	5.14	25	9
2019-07-24	12.5	3.88	27	10
2019-07-25	0	2.55	24	10
2019-07-26	2.7	2.38	22	11
2019-07-27	0	3.45	22	10
2019-07-28	0	3.41	24	8
2019-07-29	3	2.24	26	8
2019-07-30	0	3.77	25	8
2019-07-31	0	4.23	25	8
2019-08-01	0	4.94	27	6
2019-08-02	0	5.57	27	7
2019-08-03	0	4.64	10	9
2019-08-04	1	4.44	28	9
2019-08-05	0	2.6	28	10
2019-08-06	4.3	3.16	29	11
2019-08-07	40.7	5.52	27	10
2019-08-08	0	3.79	29	11
2019-08-09	0	4.19	27	10
2019-08-10	31	7.8	29	10
2019-08-11	0	3.06	27	11
2019-08-12	0	4.56	29	13
2019-08-13	2.9	4.12	30	8
2019-08-14	0	4.32	30	10
2019-08-15	1.4	4.43	30	10
2019-08-16	0	6.25	31	8
2019-08-17	10.2	5.2	30	10
2019-08-18	1	3.75	30	11
2019-08-19	1.5	4.25	29	10
2019-08-20	0	4.04	24	8
2019-08-21	0	3.62	25	10
2019-08-22	2.2	3.91	29	9
2019-08-23	5.5	4.52	30	12
2019-08-24	26.4	7.11	29	12
2019-08-25	1.5	4	30	10
2019-08-26	5.5	4.66	29	11
2019-08-27	0	3.04	28	11
2019-08-28	1	7.8	28	11
2019-08-29	2	6.38	28	9
2019-08-30	0	4.45	30	7
2019-09-01	2.1	8.3	29	11
2019-09-02	0	1.7	NULO	NULO
2019-09-03	3	2.9	NULO	NULO
2019-09-04	40	14.25	30	10
2019-09-05	8.2	3.82	30	11
2019-09-06	0	3.18	26	9
2019-09-07	0	4.6	29	10
2019-09-08	0	4.91	28	8
2019-09-09	0	3.04	28	7
2019-09-10	8.3	2.6	25	10
2019-09-11	13.3	3.01	22	10
2019-09-12	6.5	1.89	23	10
2019-09-13	4	2.5	20	11
2019-09-14	2.9	2.4	21	11
2019-09-15	0	3.98	21	10
2019-09-16	0	3.52	19	10
2019-09-17	0	3.93	27	9
2019-09-18	6.2	2.95	28	10
2019-09-19	7.4	2.99	27	10
2019-09-20	0	3.91	28	10
2019-09-21	0	3.72	25	10
2019-09-22	0	4.11	28	10
2019-09-23	1	6.69	29	9
2019-09-24	0	2.3	30	9
2019-09-25	9.7	4.8	28	10
2019-09-26	0	5.1	29	9
2019-09-27	0	4.6	29	11
2019-09-28	0.5	2.79	27	11
2019-09-29	2.6	3.53	22	13
2019-09-30	0	NULO	22	13
2019-10-01	0	2.8	29	12
2019-10-02	0	2.9	27	9
2019-10-03	0	2.3	27	10
2019-10-04	0	3.77	28	9
2019-10-05	0	2.83	29	9
2019-10-06	0	3.7	27	10
2019-10-07	3.6	5.4	26	9
2019-10-08	0	NULO	25	8.5
2019-10-09	4.2	NULO	26	9
2019-10-10	0.5	2.8	27	10
2019-10-11	6.7	4.58	29	11
2019-10-12	3.1	1.94	22	12
2019-10-13	0	3.7	27	8
2019-10-14	0	3.68	25	8
2019-10-15	0	3.6	26	10
2019-10-16	12	0.28	20	7
2019-10-17	0	6.84	19	11
2019-10-18	15.6	2.53	26	12
2019-10-19	10.5	2.7	25	13
2019-10-20	3.5	3.15	26	12
2019-10-21	4.1	NULO	28	11
2019-10-22	3.5	1.15	17	11
2019-10-23	5.6	3.5	26	10
2019-10-24	2.8	4.6	28	10
2019-10-25	3.1	4.1	21	11
2019-10-26	3.4	4.2	25	9
2019-10-27	1.2	4.07	27	8
2019-10-28	3.1	4.36	28	10
2019-10-29	0	3.88	28	10
2019-10-30	6.6	3.7	27	9
2019-10-31	3.2	3.19	27	11
2019-11-01	0	2.3	20	6
2019-11-02	1.5	NULO	16	7
2019-11-03	0	2.62	17	8
2019-11-04	2	3	26	9
2019-11-05	0	3	25	10
2019-11-06	0	1.47	20	9
2019-11-07	2.3	3.91	27	8
2019-11-08	1	2.22	24	9
2019-11-09	0	2.34	21	10
2019-11-10	0	2.35	27	10
2019-11-11	1.7	2.36	30	9
2019-11-12	3.8	7.05	30	10
2019-11-13	0	2.4	24	5
2019-11-14	0	2.3	23	5
2019-11-15	0	2.5	17	9
2019-11-16	0	1.81	26	8
2019-11-17	0	3.49	28	8
2019-11-18	2	2.91	26	7
2019-11-19	0	4.49	26	8
2019-11-20	0	2.44	28	9
2019-11-21	0	3.86	29	9
2019-11-22	0	4.65	30	8
2019-11-23	0	1.35	30	9
2019-11-24	0	0.55	22	7
2019-11-25	0	1.65	30	9
2019-11-26	0	4.8	30	10
2019-11-27	0	3.52	29	10
2019-11-28	0	2.64	30	9
2019-11-29	0	3.74	28	8
2019-11-30	0	1.62	30	9
2019-12-01	0	2.03	30	8
2019-12-02	0	2.8	30	8
2019-12-03	0	3.46	30	6
2019-12-04	0	3.49	29	6
2019-12-05	0	2	28	5
2019-12-06	0	2.95	29	3
2019-12-07	0	4.35	26	2
2019-12-08	0	0.74	28	3
2019-12-09	0	1.51	30	5
2019-12-10	0	1	31	7
2019-12-11	0	1.55	16	6
2019-12-12	0	2.23	27	4
2019-12-13	0	4.12	28	5
2019-12-14	0	3.12	29	6
2019-12-15	0	3	30	6
2019-12-16	0	6.33	27	7
2019-12-17	0	0.28	12	0
2019-12-18	0	0.27	15	-1
2019-12-19	0	0.78	17	1
2019-12-20	0	2.07	20	2
2019-12-21	10	10.45	13	3
2019-12-22	0	0.1	16	4
2019-12-23	0	2.8	24	3
2019-12-24	0	1.56	25	4
2019-12-25	0	0.69	27	5
2019-12-26	0	6	28	5
2019-12-27	0	2.85	29	6
2019-12-28	0	2.9	30	8
2019-12-29	0	1.57	26	7
2019-12-30	0	4.57	27	6
2019-12-31	0	NULO	28	7
2020-01-01	0	NULO	30	8
2020-01-02	0	2.05	29	7
2020-01-03	0	2.69	25	8.5
2020-01-04	0	1.75	21	5.5
2020-01-05	0	0.91	11	-3
2020-01-06	0	3.84	10	0
2020-01-07	0	2.62	13	-1
2020-01-08	0	2.68	26	1
2020-01-09	0	2.96	29.2	5
2020-01-10	0	3.62	30	6
2020-01-11	0	3.42	30	7
2020-01-12	0	2.12	30	3
2020-01-13	0	2.53	29.4	4
2020-01-14	0	2.85	29	7.7
2020-01-15	0	2.99	24.9	4
2020-01-16	0	3.81	29.6	3.9
2020-01-17	3	NULO	26	4.2
2020-01-18	13.4	NULO	24	8
2020-01-19	4.5	0.63	24.9	8.4
2020-01-20	0	2.12	24.1	5.5
2020-01-21	0	2.87	27	4.1
2020-01-22	0.5	1.46	27.8	4
2020-01-23	0	1.15	27	4.1
2020-01-24	0	2.33	27.8	3.9
2020-01-25	0	1.28	27	4.1
2020-01-26	0	1.07	29.8	7
2020-01-27	0	3.24	29	4
2020-01-28	0	3.31	29	5.9
2020-01-29	0	2.8	29.1	5.9
2020-01-30	0	4.1	29	5.8
2020-01-31	0	NULO	29	5.9
2020-02-01	3.8	7.14	28.5	5.8
2020-02-02	0	1.7	29.1	3.5
2020-02-03	0	4.1	29	5.8
2020-02-04	0	2.9	30	5.1
2020-02-05	0	7.5	25	5.8
2020-02-06	0	7.7	29.1	6.2
2020-02-07	0	1.88	31.2	5.9
2020-02-08	0	2.22	29.4	5.8
2020-02-09	0	5.7	31.4	6
2020-02-10	0	2.9	32.6	5.8
2020-02-11	0	3.5	32.1	6
2020-02-12	0	4.75	31.4	6.2
2020-02-13	0	2.04	30	9.7
2020-02-14	0	4.47	23.5	6
2020-02-15	0	2.25	28.5	5
2020-02-16	0	4.2	25.1	6.5
2020-02-17	0	6.36	34.3	7
2020-02-18	0	4.98	35	7.4
2020-02-19	0	4.21	35.1	6.8
2020-02-20	0	6.17	34.4	7
2020-02-21	0	8.38	34.1	6.8
2020-02-22	0	3.08	35	5.5
2020-02-23	0	1.86	35.1	6
2020-02-24	0	3.83	35	6.2
2020-02-25	0	0.58	34.5	5.8
2020-02-26	0	2.36	14	5.5
2020-02-27	0	3.91	30	0.8
2020-02-28	0	4.12	34.5	4.4
2020-02-29	0	NULO	34.5	1
2020-03-01	0	5.61	NULO	NULO
2020-03-02	0	3.88	34.5	2
2020-03-03	0	7.02	34	3
2020-03-04	0	5.25	34.2	9
2020-03-05	0	1.95	30	11
2020-03-06	0	1.49	28	7.9
2020-03-07	0	3.91	30	6
2020-03-08	0	3.85	32.5	7.2
2020-03-09	0	4.51	31.1	8
2020-03-10	0	3.24	32	10.8
2020-03-11	0	3.5	31.6	10
2020-03-12	0	5.75	33	8.7
2020-03-13	0	6.33	34.5	9
2020-03-14	0	5.24	34	8.7
2020-03-15	0	5.36	33.9	9.5
2020-03-16	0	3.61	34.1	8.7
2020-03-17	0	11.34	33.9	8.5
2020-03-18	0	5.91	34.1	8.5
2020-03-19	0	5.25	33.9	9
2020-03-20	0	2.92	33.5	8.5
2020-03-21	0	6.48	34.7	8.2
2020-03-22	0	5.99	34.9	8.5
2020-03-23	0	6.82	34.7	4.5
2020-03-24	0	6.33	34.8	5.5
2020-03-25	0	7.56	36.5	6
2020-03-26	0	8.86	36	6.1
2020-03-27	0	8.34	35.9	5
2020-03-28	0	2.81	36.5	4.5
2020-03-29	0	1.84	36.7	5
2020-03-30	0	NULO	35.8	7
2020-03-31	0	NULO	36.1	6.8
2020-04-01	0	NULO	37	7
2020-04-02	0	2.5	36.5	7
2020-04-03	0	5.75	36.3	5.7
2020-04-04	0	5.46	36.5	5
2020-04-05	3.5	4.31	36.2	5.1
2020-04-06	0	4.77	36.5	4.5
2020-04-07	0	5.41	36.2	5.8
2020-04-08	1	5.88	36.5	6
2020-04-09	0	6.82	36.2	5.6
2020-04-10	0	5	36.4	5.5
2020-04-11	0	7.48	37	6.5
2020-04-12	0	7.52	36.8	7
2020-04-13	0	5.8	36.5	8
2020-04-14	0	6.02	36.7	8.1
2020-04-15	1.6	3.48	36.2	8.7
2020-04-16	2.2	5.41	36.3	6.8
2020-04-17	0	6.47	36	8
2020-04-18	3.4	5.97	34	7.8
2020-04-19	0	5.45	33.4	13
2020-04-20	0	4.4	32.1	16
2020-04-21	0	3.2	30.9	15.3
2020-04-22	12.1	7.42	34.1	15.3
2020-04-23	2.2	6.8	32.4	10
2020-04-24	0	6.39	33.8	12
2020-04-25	0	3.22	30	13
2020-04-26	2.4	4.89	32	12
2020-04-27	0	7.39	33.1	12.4
2020-04-28	0	5.41	36.5	11.2
2020-04-29	6.2	5.1	32	12
2020-04-30	0	NULO	32.5	10
2020-05-01	0	4.08	32.8	12
2020-05-02	0	5.35	30	9.8
2020-05-03	0	7.25	28	9.1
2020-05-04	0	7.67	33.4	7.9
2020-05-05	0	5.12	35	11
2020-05-06	0	NULO	35.1	12.1
2020-05-07	32.1	NULO	30.1	11
2020-05-08	11.4	NULO	28	9.5
2020-05-09	5.4	3.78	27.9	11.9
2020-05-10	0	4.24	26	12.1
2020-05-11	1.9	4.83	24.9	11
2020-05-12	0	4.58	26.9	11.2
2020-05-13	0	12.35	28.9	12.8
2020-05-14	0	0.2	31	11
2020-05-15	0	4.31	32.8	13
2020-05-16	0	5.69	33	11
2020-05-17	0	6.22	36	11
2020-05-18	0	7.03	34.5	7.9
2020-05-19	0	7.05	36.2	10
2020-05-20	0	5.1	36	12
2020-05-21	0	5.9	36.3	6
2020-05-22	0	5.9	36	9
2020-05-23	0	5.6	36.5	10
2020-05-24	0	5.8	35	10
2020-05-25	0	4.45	36.5	12.7
2020-05-26	0	5.25	35	8.5
2020-05-27	0	4.15	36.5	8
2020-05-28	5.4	3.75	29.9	9.7
2020-05-29	0	3.55	30.1	8.7
2020-05-30	0	7.61	28.2	9
2020-05-31	0	NULO	35.1	8.8
2020-06-01	0	3.49	30.2	12.1
2020-06-02	0	4.72	26	11.5
2020-06-03	0	4.87	24.9	10
2020-06-04	6.6	5.59	24.5	13
2020-06-05	8	13.47	25	11
2020-06-06	0	5.37	27	11
2020-06-07	0	5.78	29.8	11.1
2020-06-08	0	6.59	29.5	13
2020-06-09	0	5.21	30.1	13
2020-06-10	1	4.45	30.3	14.5
2020-06-11	22	4.73	24.2	14
2020-06-12	8	3.22	22	10.3
2020-06-13	0	4.81	23	7
2020-06-14	0	4.99	24	6.8
2020-06-15	0	5.8	26	9
2020-06-16	0	5.37	25	10
2020-06-17	0	5.42	26	10
2020-06-18	0	5.85	25	11
2020-06-19	0.8	5.54	26.8	10.5
2020-06-20	0	4.33	25	11
2020-06-21	0	4.89	28	13.2
2020-06-22	0	2.84	24	14.5
2020-06-23	0	1.56	27	13
2020-06-24	20	4.7	26	12
2020-06-25	32.2	3.71	23	13.1
2020-06-26	1	1.99	22.9	13
2020-06-27	0	4.12	23.8	12
2020-06-28	0	0.78	24	12.2
2020-06-29	1.2	9.1	25	12
2020-06-30	0	NULO	25	10
2020-07-01	4	4.1	24	12.8
2020-07-02	0	5.18	24.3	10
2020-07-03	NULO	NULO	NULO	NULO
2020-07-04	0	5.86	NULO	NULO
2020-07-05	0	4.04	25	13
2020-07-06	13.5	3.74	24.6	12.5
2020-07-07	3.4	2.81	24.5	12.8
2020-07-08	19.9	5.95	23.9	12.7
2020-07-09	27	6.15	23	11
2020-07-10	0	4.65	24	9.6
2020-07-11	0	2.7	24.5	11
2020-07-12	0	10.65	24	12.5
2020-07-13	0	0.75	25.1	10
2020-07-14	7	3.24	24.9	10.1
2020-07-15	0	3.56	25	12
2020-07-16	0	5.86	26	9
2020-07-17	19.1	8.5	25.7	9.7
2020-07-18	0	NULO	27	10
2020-07-19	2	NULO	28.1	11.3
2020-07-20	7.8	10.55	29	10.7
2020-07-21	0	2.2	28	9
2020-07-22	NULO	NULO	NULO	NULO
2020-07-23	0	1.15	NULO	NULO
2020-07-24	0	5.9	30	11.3
2020-07-25	0	4.15	29	10
2020-07-26	2.5	3.2	28.7	11.3
2020-07-27	15.7	2.92	27	11
2020-07-28	60.1	6.87	28	13
2020-07-29	10.3	1.91	27	14
2020-07-30	0	3.8	26.7	12.8
2020-07-31	36.5	NULO	26	12
2020-08-01	22.5	5.94	26.3	12.7
2020-08-02	0	2.66	22	12.7
2020-08-03	1.5	3.36	23	10
2020-08-04	10.5	4.28	24.5	13
2020-08-05	0	5.25	30	13.9
2020-08-06	0	5.75	30	11
2020-08-07	4.2	2	28	11.7
2020-08-08	22.6	5.25	29	11.7
2020-08-09	6.1	1.21	24.7	11.9
2020-08-10	2.2	4.79	26	12.3
2020-08-11	0	NULO	27	12.7
2020-08-12	0	NULO	30	12
2020-08-13	0	4.65	28	13
2020-08-14	0	3.28	28.1	11
2020-08-15	0	5.52	27	8.9
2020-08-16	0	3.61	26.8	10.3
2020-08-17	0	3.19	25	12
2020-08-18	0	4.88	28	9.1
2020-08-19	0	5.32	30	9.1
2020-08-20	0	4.69	31	11
2020-08-21	0	5.31	30	11.4
2020-08-22	0	5.48	30	13
2020-08-23	3.9	NULO	22	12.9
2020-08-24	6.2	NULO	26	12.7
2020-08-25	3.2	3.11	22	13.6
2020-08-26	5.9	6.2	23	12
2020-08-27	11.5	1.6	26	12.8
2020-08-28	2	3.7	27	11.8
2020-08-29	4.6	3.42	26	11
2020-08-30	1.8	2.55	24	12.3
2020-08-31	0	NULO	25	10
2020-09-01	0	4.73	27	12.5
2020-09-02	0	4.4	26.7	10.2
2020-09-03	0	3.52	26.8	10
2020-09-04	11.1	3.08	25.7	13.8
2020-09-05	24.2	3.04	23	11
2020-09-06	3.1	4.46	25.6	12
2020-09-07	3.8	4.6	24	13
2020-09-08	2.5	1.38	23.8	10
2020-09-09	116.3	NULO	24.1	12.1
2020-09-10	4.6	NULO	26	12.3
2020-09-11	2	4.02	24	13
2020-09-12	0	1.28	26	10
2020-09-13	2.5	NULO	24.8	12
2020-09-14	14.8	NULO	24	12
2020-09-15	2.8	NULO	25	10.9
2020-09-16	2.3	NULO	22	13
2020-09-17	11.3	NULO	22	11
2020-09-18	1.5	NULO	22.4	11.2
2020-09-19	6.5	0.62	21.2	10.8
2020-09-20	0	1.89	22	9.8
2020-09-21	0	2.33	23	9.2
2020-09-22	0	2.29	24.1	9.8
2020-09-23	0	7.3	22.5	10
2020-09-24	3.2	NULO	22.3	10.8
2020-09-25	0	NULO	24.2	8.9
2020-09-26	0	1.41	24.5	10.8
2020-09-27	0	4.29	24.3	10
2020-09-28	40	5.97	22	10
2020-09-29	4.2	1.4	12	9.1
2020-09-30	0	NULO	20	4
2020-10-01	0	4.65	18	4.9
2020-10-02	0	1.6	15.7	4.7
2020-10-03	0	4.05	18.1	5.3
2020-10-04	0	4.76	15	7.6
2020-10-05	0	3.58	18	4.3
2020-10-06	0	4.09	19.3	6.2
2020-10-07	0	4.04	25	6.4
2020-10-08	0	3.9	24	11.3
2020-10-09	0	3.83	24.5	13
2020-10-10	0	3.83	23.2	12
2020-10-11	0	4.05	23	10.4
2020-10-12	28.2	4.76	24.1	9.2
2020-10-13	2.9	2.96	24.7	11.8
2020-10-14	0	3.22	24.9	11.9
2020-10-15	0	3.43	24	10
2020-10-16	15	NULO	24.7	11.1
2020-10-17	0	NULO	25.1	12
2020-10-18	0	NULO	25.6	10.8
2020-10-19	0	NULO	22	10
2020-10-20	0.5	NULO	24.1	9
2020-10-21	0	3.5	26.1	10.3
2020-10-22	0	4.15	25.6	9.7
2020-10-23	0	4.15	25	9
2020-10-24	0	2.8	26	8.2
2020-10-25	0	NULO	26.2	8
2020-10-26	0	NULO	26	8.7
2020-10-27	0	3.76	24.8	7.3
2020-10-28	0	2.74	24.6	9.6
2020-10-29	0	3.85	26.1	9.3
2020-10-30	0	5.1	21.7	9.1
2020-10-31	0	NULO	22.3	7.1
2020-11-01	0	2.94	19.8	7.8
2020-11-02	0	3	12.7	7
2020-11-03	0	0.1	14	4
2020-11-04	0	2.61	21	4
2020-11-05	0	3.24	19.1	7.7
2020-11-06	0	1.65	20.2	6.7
2020-11-07	0	3.05	22.3	7.9
2020-11-08	0	3.75	22	7.5
2020-11-09	0	3.48	23.7	8
2020-11-10	0	4.67	25.6	11
2020-11-11	0	2.47	24.2	11.7
2020-11-12	0	4.13	24	11.6
2020-11-13	0	4.35	24.7	7.7
2020-11-14	0	3.69	22.8	6.8
2020-11-15	1.3	3.44	22.3	10.8
2020-11-16	1.1	2.6	23.7	6
2020-11-17	4.8	0.69	20	9
2020-11-18	1	1.4	19.2	6.2
2020-11-19	2	NULO	21	6
2020-11-20	3.4	NULO	20	7.8
2020-11-21	6.8	1.55	19.5	11
2020-11-22	0	2.45	26.3	6.2
2020-11-23	0	2.9	22	6
2020-11-24	0	3.31	27.9	7
2020-11-25	0	3.39	30.4	10
2020-11-26	0	3.93	32.6	8.8
2020-11-27	0	4.22	31.6	11.4
2020-11-28	0	3.91	31.3	10.3
2020-11-29	1.5	2.19	26.9	10
2020-11-30	0	NULO	14.7	6
2020-12-01	0	1.76	21	4.1
2020-12-02	0	2.88	21.4	8.1
2020-12-03	0	1.52	21.8	6
2020-12-04	0	1.68	23	7
2020-12-05	3.1	1.5	24	6.3
2020-12-06	3.5	2.86	20	9
2020-12-07	0.5	1.22	19.2	6.8
2020-12-08	0	2.12	21.5	5.9
2020-12-09	0	2.82	24	5.3
2020-12-10	0	2.83	24.8	9.2
2020-12-11	3.1	2.99	24.1	9
2020-12-12	0	2.85	25.3	8.3
2020-12-13	0	2.96	24.7	10.8
2020-12-14	0	1.43	26.2	8.1
2020-12-15	0	4.31	26	8.2
2020-12-16	0	1.71	19.1	9.7
2020-12-17	0	2.02	20	7
2020-12-18	0	2.51	24	7.2
2020-12-19	0	3.09	25.4	8.1
2020-12-20	0	2.26	20	6.3
2020-12-21	0	3.01	21	9
2020-12-22	0	3	24	8.2
2020-12-23	0	4.05	24.8	8.3
2020-12-24	0	2.1	22.7	6.3
2020-12-25	0	1.9	21	4.9
2020-12-26	0	2.9	24	8
2020-12-27	0	1.85	26	8.3
2020-12-28	0	2.7	23.7	-2
2020-12-29	0	2.65	26.3	-2
2020-12-30	0	5.56	27.4	1
2020-12-31	0	NULO	24	8
2021-01-01	0	7.91	22.1	6
2021-01-02	0	2.46	25	6.6
2021-01-03	0	2.94	26.8	6.7
2021-01-04	0	2.77	25.6	8
2021-01-05	0	2.77	24.8	7.3
2021-01-06	0	1.9	26.2	7.4
2021-01-07	0	1.9	29	6.9
2021-01-08	0	2.52	26	5.5
2021-01-09	0	1.08	27.1	5
2021-01-10	0	2.2	26	6.2
2021-01-11	0	1.35	27.8	6.1
2021-01-12	0	3.25	23	5.8
2021-01-13	0	3.16	24	2
2021-01-14	0	1.74	27.1	4.8
2021-01-15	0	2.55	25	6
2021-01-16	0	4.22	24.8	6.9
2021-01-17	0	2.48	22	6.1
2021-01-18	0	2.57	25	6
2021-01-19	0	2.98	26	7.4
2021-01-20	0	0.77	26.8	8.3
2021-01-21	0	3.78	26.3	8
2021-01-22	0	3.52	26.2	9
2021-01-23	0	3.43	26.5	11.3
2021-01-24	0	3.45	26.2	11.4
2021-01-25	0	3.38	27.2	10.7
2021-01-26	0	3.77	27	12
2021-01-27	0	2.3	24.8	12.7
2021-01-28	0	1.55	19	6
2021-01-29	0	2.7	26.8	6.2
2021-01-30	0	5.97	28.1	8
2021-01-31	0	NULO	26	11.2
2021-02-01	0	NULO	19	5
2021-02-02	0	NULO	22.1	3.5
2021-02-03	0	3.45	23.7	5.6
2021-02-04	0	5.73	23.9	8.1
2021-02-05	0	4.85	26	12
2021-02-06	0	4.86	29	11
2021-02-07	0	3.53	29.2	10.8
2021-02-08	0	5.05	28	13
2021-02-09	0	6.04	25	14
2021-02-10	0	1.76	25.4	9.7
2021-02-11	0	2.56	25.8	11.2
2021-02-12	0	2.38	23	11.4
2021-02-13	0	3.76	25	5.8
2021-02-14	0	5.54	25.7	6.8
2021-02-15	0	5.7	25.7	7
2021-02-16	0	0.2	26	9.9
2021-02-17	0	1.2	27	12
2021-02-18	0	1.4	22	11
2021-02-19	0	3.4	23	3
2021-02-20	0	3.88	25.5	-2
2021-02-21	0	3.27	24.9	7.2
2021-02-22	0	4.92	25	7
2021-02-23	0	4.47	25.4	6.4
2021-02-24	0	4.46	26.7	6.9
2021-02-25	0	3.66	27	10
2021-02-26	0	5.84	27.6	7
2021-02-27	0	5.84	30	13
2021-02-28	0	NULO	30.5	16.7
2021-03-01	0.5	2.77	28.7	17
2021-03-02	0	4.85	26.9	11.2
2021-03-03	0	5	25.8	6.2
2021-03-04	0	5.07	31	11
2021-03-05	0	4.61	31.8	11
2021-03-06	0	4.72	28.9	8.3
2021-03-07	0	3.9	27.2	6.9
2021-03-08	0	3.44	25	6.7
2021-03-09	0	5.26	25.6	4.8
2021-03-10	0	6.18	27.8	11.3
2021-03-11	0	4.48	28	12.6
2021-03-12	0	5.51	27.1	8
2021-03-13	0	5.4	26.8	7.7
2021-03-14	0	3.6	31.7	9
2021-03-15	0	6.59	30	13
2021-03-16	0	6.86	33.7	10
2021-03-17	0	2.68	32.8	13.2
2021-03-18	0	7.18	32.7	8.8
2021-03-19	0	4.69	29	9
2021-03-20	0	3.7	24	6
2021-03-21	0	4.4	25.1	7
2021-03-22	0	8.5	31.2	10
2021-03-23	0	6.38	31.5	13
2021-03-24	0	6.77	32	11
2021-03-25	0	6.75	33.5	13
2021-03-26	0	11.38	34	13.1
2021-03-27	5	6	34.8	14
2021-03-28	0	3.17	30	10.7
2021-03-29	0	1.75	31.6	8
2021-03-30	0	6	32	9
2021-03-31	0	NULO	30	13
2021-04-01	0	1.3	19.1	10.3
2021-04-02	3.2	6.7	20.3	9
2021-04-03	0	2.98	20	10.2
2021-04-04	0	4.63	23.1	1.3
2021-04-05	0	4.65	26	7
2021-04-06	0	3.41	29	8.2
2021-04-07	1	7.25	28.7	9
2021-04-08	0	6.16	31.3	9.6
2021-04-09	0	8.38	34	11
2021-04-10	0	12.02	35.5	10
2021-04-11	0	3.32	34	16
2021-04-12	0	4.34	34.1	14.1
2021-04-13	0	1.22	31.8	14.5
2021-04-14	6.5	8.35	31	14
2021-04-15	2	8.6	32.6	13
2021-04-16	0	6.33	32	15
2021-04-17	0	6.42	35.3	14
2021-04-18	0	4.68	33.8	10
2021-04-19	0	5.58	32.7	7
2021-04-20	0	7.7	30	7.3
2021-04-21	0	4.23	31	10
2021-04-22	0	5.79	32.3	11
2021-04-23	0	6.76	31.8	11.2
2021-04-24	0	6.66	30.8	10
2021-04-25	0	6	30	13
2021-04-26	0	2.47	31.1	13.5
2021-04-27	3.1	8.93	34	11.2
2021-04-28	0	7.81	36.1	17.1
2021-04-29	0	4.89	34.9	18
2021-04-30	1.5	NULO	30	12
2021-05-01	0	0.6	31.1	11
2021-05-02	4.5	11.25	33	11.3
2021-05-03	0	7.9	35	16
2021-05-04	0	6.5	32	18
2021-05-05	0	2.95	30.1	15
2021-05-06	0	5.45	30	13.6
2021-05-07	0	6.95	33.6	10
2021-05-08	0	NULO	35	12
2021-05-09	0	NULO	35.4	13
2021-05-10	0	NULO	35.6	11.6
2021-05-11	17	NULO	27.9	13
2021-05-12	22.1	0.31	24	13.4
2021-05-13	26	NULO	22	11
2021-05-14	2.5	NULO	23	10.1
2021-05-15	0	3.8	24	11.3
2021-05-16	1.5	10.28	29.1	11
2021-05-17	0	NULO	30	12.3
2021-05-18	3.6	NULO	26	12.8
2021-05-19	0.2	7.37	29	11
2021-05-20	0	5.31	28	10.3
2021-05-21	0	7.22	27	9.6
2021-05-22	0	5.52	30	9.2
2021-05-23	0	5.89	27.2	12
2021-05-24	0	4.95	28	11.5
2021-05-25	0	5.14	27.3	11.2
2021-05-26	0	3.2	28.2	13
2021-05-27	0	3.8	27.7	12.3
2021-05-28	0	NULO	30	13
2021-05-29	0	NULO	30.2	14.2
2021-05-30	0	NULO	28.8	11
2021-05-31	6.3	NULO	29	11.6
2021-06-01	0	1.45	31.1	10
2021-06-02	5.1	5.25	24.5	12
2021-06-03	1.5	2.3	24	13.8
2021-06-04	3.8	NULO	26	11.8
2021-06-05	10.5	NULO	24.6	12.3
2021-06-06	0	6.47	27.8	13.7
2021-06-07	0	7	30.2	12.7
2021-06-08	0	4.6	29.8	13
2021-06-09	0	5.65	30	13.7
2021-06-10	0	4.2	29.8	12
2021-06-11	0	2.5	28	10.3
2021-06-12	0.5	3.05	24.1	12.3
2021-06-13	1	NULO	22	11.2
2021-06-14	8.5	NULO	24.1	11.9
2021-06-15	37	NULO	25.6	12.7
2021-06-16	0	NULO	23.4	11.1
2021-06-17	6	NULO	22	11
2021-06-18	19	4.81	22	12.3
2021-06-19	15	NULO	24	11.8
2021-06-20	0	NULO	23	11.3
2021-06-21	0	2.92	25.7	12
2021-06-22	0.5	NULO	26.1	13.2
2021-06-23	44	NULO	26.3	11
2021-06-24	2	NULO	25.6	12.1
2021-06-25	6.2	2.02	23	12
2021-06-26	7.3	NULO	22.3	10.3
2021-06-27	14.5	NULO	19.6	10.8
2021-06-28	23.8	NULO	20	11.1
2021-06-29	9.2	NULO	19.6	11.2
2021-06-30	22.2	NULO	19.8	10.7
2021-07-01	0	NULO	NULO	NULO
2021-07-02	3.5	NULO	21.3	13
2021-07-03	3.6	NULO	21	10.4
2021-07-04	7	9.1	22	10.6
2021-07-05	1.2	4.9	22.7	10
2021-07-06	0	NULO	22.4	11
2021-07-07	10.3	NULO	21	10.2
2021-07-08	7.5	NULO	23.3	12.8
2021-07-09	22.5	NULO	23.8	11.4
2021-07-10	3.5	NULO	24	11.7
2021-07-11	6.4	10.61	24.6	9
2021-07-12	0	4.17	24.8	9.7
2021-07-13	0.5	3.96	22.6	11.9
2021-07-14	0	2.78	21.2	11.2
2021-07-15	0	NULO	22.4	12
2021-07-16	9.2	NULO	21.5	11.3
2021-07-17	0	3.6	22	11.5
2021-07-18	0	4.95	23.1	9
2021-07-19	0	NULO	22.1	9.4
2021-07-20	50	NULO	22.8	12.3
2021-07-21	1	NULO	23.8	11.3
2021-07-22	5.1	9.26	22.1	11.1
2021-07-23	0	3.95	23.6	8.8
2021-07-24	0	5.04	25.8	7.4
2021-07-25	0	3.8	25.8	11.6
2021-07-26	0.8	5.8	24.7	7.9
2021-07-27	0	3.6	24.6	7.3
2021-07-28	0	3.6	25.2	9
2021-07-29	0	NULO	26	10
2021-07-30	7.7	NULO	25.7	12
2021-07-31	2	NULO	25	7.2
2021-08-01	9.5	4.76	24.6	11
2021-08-02	5.2	2.84	24.3	10.3
2021-08-03	11.7	NULO	24.7	10
2021-08-04	0.6	NULO	24.9	11.7
2021-08-05	0	3.79	24.2	12
2021-08-06	0	4.1	23.8	9.3
2021-08-07	9.3	5.79	24	12.3
2021-08-08	0	3.41	24.2	12
2021-08-09	0	4.52	22.9	9.8
2021-08-10	0	4.47	24	9
2021-08-11	0	4.61	24.3	9.9
2021-08-12	0	3.99	24.8	9.8
2021-08-13	0	3.71	25	8.9
2021-08-14	0	4.8	25	11.1
2021-08-15	0	4.3	25.2	10.9
2021-08-16	27.6	7.45	24.7	9.7
2021-08-17	4.7	4.03	24.9	10.1
2021-08-18	0	4.22	24.9	10.3
2021-08-19	0	4.7	24.3	11.2
2021-08-20	87.5	NULO	23	8.9
2021-08-21	29	5.99	19.2	8.7
2021-08-22	1	2.94	21	11.6
2021-08-23	0	3.18	22.2	8.2
2021-08-24	3	2.73	20.9	10
2021-08-25	6.7	2.75	22.6	10.3
2021-08-26	0	4.15	24.1	8.7
2021-08-27	0	2	24.6	8
2021-08-28	5.5	1.7	24.3	10
2021-08-29	9.5	2.94	21	12.6
2021-08-30	1	2.46	22.2	11.7
2021-08-31	47.5	NULO	20	12.8
2021-09-01	25	3.03	19.7	12.3
2021-09-02	24	4.76	21.3	11.7
2021-09-03	5.6	0.2	22.6	11
2021-09-04	4.5	3.64	22.1	12
2021-09-05	17.8	2.65	20.3	12.9
2021-09-06	27.1	4.54	21.1	13.2
2021-09-07	1	3.56	22.3	11
2021-09-08	0	3.75	24.8	10.8
2021-09-09	1	4.03	24.7	11
2021-09-10	1.2	3.37	23.9	12.1
2021-09-11	8.5	2.45	24.1	9.3
2021-09-12	0.5	0.75	19.2	12.8
2021-09-13	10.8	2.05	21.6	13
2021-09-14	0	3.04	22	12.5
2021-09-15	5.7	NULO	22.8	13.2
2021-09-16	10.7	NULO	22.8	12.9
2021-09-17	7.7	3.65	23.3	13
2021-09-18	2.5	3.34	22.6	13.8
2021-09-19	26.6	2.43	19.8	13.9
2021-09-20	3.1	3.5	23.7	9.4
2021-09-21	0	3.5	24	8.8
2021-09-22	6.5	1.96	20	11.6
2021-09-23	2	3.48	22.7	10.2
2021-09-24	1	4.06	23.7	9.6
2021-09-25	0	3.38	24.2	10
2021-09-26	0	3.12	24.3	12.6
2021-09-27	32.6	8.98	22.3	12
2021-09-28	4	3.13	23.1	11.3
2021-09-29	6.1	4.13	23.5	13.9
2021-09-30	22	NULO	22.6	10.8
2021-10-01	25.1	3.48	21.3	12
2021-10-02	10.4	1.83	23	11.7
2021-10-03	18	3.7	22	10.4
2021-10-04	6.1	2.92	24.3	11.3
2021-10-05	18	1.17	21	10.7
2021-10-06	1	2.79	23.1	10.8
2021-10-07	0	3.17	23.6	10.1
2021-10-08	0	3.39	24.6	7.3
2021-10-09	0	3.21	25	10.3
2021-10-10	0	3.67	24.8	12.1
2021-10-11	0	4.48	23	11
2021-10-12	0	2.8	25.3	10
2021-10-13	0	3.7	25.2	10.3
2021-10-14	0	2.51	24.8	11.2
2021-10-15	0	2.13	23.1	8.2
2021-10-16	7.1	2.84	29.3	10.1
2021-10-17	0	0.37	22.8	10.7
2021-10-18	0	2.31	24.2	8.9
2021-10-19	0	3.04	22.3	7
2021-10-20	0	2.71	22.8	9.1
2021-10-21	2	1.99	20	8.8
2021-10-22	1.4	2.3	22.3	8.7
2021-10-23	0	2.65	23	8.3
2021-10-24	0	2.35	22	8.9
2021-10-25	6.5	2	23	9.3
2021-10-26	1.4	2.95	22.2	9.4
2021-10-27	0	1.95	23	11.3
2021-10-28	0.5	2.9	21.9	10
2021-10-29	0	1.6	22	10.7
2021-10-30	0	2.32	22	6.5
2021-10-31	0	2.79	22.3	10
2021-11-01	0	3.22	22.7	8.9
2021-11-02	0	2.17	23	9.2
2021-11-03	0	2.94	23.2	7.2
2021-11-04	0	9.06	22	6.2
2021-11-05	0	NULO	21.4	6.8
2021-11-06	0	NULO	21	7.4
2021-11-07	0	3.43	23	7
2021-11-08	0	2.55	22	7.2
2021-11-09	0	2.5	23.2	6.1
2021-11-10	0	2.41	23.1	7.6
2021-11-11	0	2.53	22.7	7.2
2021-11-12	0	2.07	20	8.9
2021-11-13	0	1.77	21.2	6.7
2021-11-14	0	1.72	20	7
2021-11-15	0	2.35	18	7.1
2021-11-16	0	2.55	20	1.8
2021-11-17	0	2.27	21.8	6.8
2021-11-18	4.3	2.24	20.5	7
2021-11-19	5.5	NULO	16.2	8.3
2021-11-20	0	NULO	21	7.2
2021-11-21	0	1.74	21.5	9
2021-11-22	0	1.6	21.7	8
2021-11-23	1	NULO	20	9
2021-11-24	1.1	NULO	22	8.1
2021-11-25	1.2	2.9	19.8	9.1
2021-11-26	1.1	2.18	20	7.2
2021-11-27	0.5	1.27	21.7	7.3
2021-11-28	1	2.1	20.2	10
2021-11-29	0	1.15	18	8.8
2021-11-30	0	1.6	22.7	4.7
2021-12-01	0	2.3	NULO	NULO
2021-12-02	0	2.3	NULO	NULO
2021-12-03	0	0.89	27	4.3
2021-12-04	0	2.79	22	9
2021-12-05	0	2	21.3	11.2
2021-12-06	0	2.62	23.2	6.7
2021-12-07	0	1.47	22.9	7.8
2021-12-08	0	2.13	23.7	9.7
2021-12-09	0	2.95	23.5	8.4
2021-12-10	0	NULO	23.6	8.7
2021-12-11	0	2.6	22.3	7
2021-12-12	0	2.9	21.8	10.4
2021-12-13	0	0.2	20	6.3
2021-12-14	0	2.8	20.2	5.3
2021-12-15	0	2.37	21.4	6.1
2021-12-16	0	2.83	22	6.8
2021-12-17	0	3.54	21.7	10.1
2021-12-18	1	1.26	22.1	9.8
2021-12-19	0	1	21	8.9
2021-12-20	0	0.42	21.3	8.1
2021-12-21	0	2.11	21.8	4.8
2021-12-22	0	2.72	22.4	6.2
2021-12-23	0	2.71	23.3	7.5
2021-12-24	0	2.59	22.4	8
2021-12-25	0	3.06	23.8	6.2
2021-12-26	0	2.49	24	10
2021-12-27	0	2.5	24.1	8.7
2021-12-28	0	2.58	23.8	7.4
2021-12-29	0	2.6	24.7	8.6
2021-12-30	0	2.62	25	9.8
2021-12-31	0	NULO	24.1	10.4
2022-01-01	0	3.52	24.3	11.6
2022-01-02	0	1.37	21.1	10
2022-01-03	0	3.08	21.7	5.6
2022-01-04	0	2.57	24.2	5.8
2022-01-05	0	3.95	24.3	5.4
2022-01-06	0	1.19	22.8	7.4
2022-01-07	0	2.27	23.5	8.2
2022-01-08	0	3.58	21.8	8
2022-01-09	0	2.26	21.3	7.9
2022-01-10	2.4	0.3	20	8.3
2022-01-11	0	0.99	19.2	6.2
2022-01-12	0	2.38	20	5
2022-01-13	0	2.03	19.6	4.3
2022-01-14	0	2.1	19.9	3.6
2022-01-15	0	1.49	20.1	4.8
2022-01-16	0	3.69	22	5.1
2022-01-17	0	2.77	21.2	7
2022-01-18	0	2.95	22	8.1
2022-01-19	0	3.3	21.4	8.4
2022-01-20	0	1.5	21.4	9
2022-01-21	1.7	0.9	22	7.3
2022-01-22	0	1.99	21.2	8
2022-01-23	0	3.11	22	5.6
2022-01-24	0	3.1	21.8	10
2022-01-25	0	NULO	22	9.7
2022-01-26	0	NULO	21.8	8.1
2022-01-27	0	2.45	21.6	6.1
2022-01-28	0	1	20	6.4
2022-01-29	0	1.3	21.7	4
2022-01-30	0	2.88	22.5	3.3
2022-01-31	0	4.52	22.6	5.8
2022-02-01	0	4.49	23.2	7.4
2022-02-02	0	4.31	23.5	8
2022-02-03	0	3.65	24.7	7.9
2022-02-04	0	3.53	26	8.6
2022-02-05	0	2.52	20.2	3
2022-02-06	0	2.64	20	7
2022-02-07	0	1.16	19.3	7.3
2022-02-08	0	1.75	20	2
2022-02-09	0	4.75	20	4.9
2022-02-10	0	1.1	21.3	5.3
2022-02-11	0	3.01	22	6.5
2022-02-12	0	0.79	10	5.2
2022-02-13	0	1.9	12	4
2022-02-14	1.7	6.3	19.6	6.1
2022-02-15	0	NULO	21.4	5.6
2022-02-16	0	NULO	23	7.2
2022-02-17	0	9.9	26	8
2022-02-18	0	4.39	21.7	8.6
2022-02-19	0	0.35	22	7
2022-02-20	0	5.41	22.6	7.6
2022-02-21	0	3.79	22.9	8.3
2022-02-22	0	3.75	24.2	10.2
2022-02-23	0	2.55	24.8	8.4
2022-02-24	0	4.8	25	8
2022-02-25	0	3.9	24.2	8.6
2022-02-26	0	7.38	24.8	10.2
2022-02-27	0	4	24.3	5.2
2022-02-28	0	2.92	25.3	5.2
2022-03-01	0	4.36	28.1	2
2022-03-02	0	6.14	26.6	8.2
2022-03-03	0	5.3	24.7	10.8
2022-03-04	0	3.7	24.8	9.8
2022-03-05	0	6.4	25.2	10
2022-03-06	0	3.9	25	10.2
2022-03-07	0	3.61	25.2	8.8
2022-03-08	0	6.39	25.6	9
2022-03-09	0	5.05	25.6	9.8
2022-03-10	0	6.9	26.2	8
2022-03-11	0	5.15	26.8	10.2
2022-03-12	0	2.99	15.6	7.8
2022-03-13	0	3.98	24	3.5
2022-03-14	0	5.19	26.3	11.2
2022-03-15	0	4.15	26.6	7.3
2022-03-16	2	4.82	26.8	8.5
2022-03-17	0	5.72	25.8	10.3
2022-03-18	2.5	3.6	26.2	12
2022-03-19	0	5	26.9	11.3
2022-03-20	1.7	3.08	27	11.6
2022-03-21	0	5.57	27.2	12.2
2022-03-22	0	4.5	26.7	14.3
2022-03-23	0	4.7	25.8	7
2022-03-24	0	4.7	25.6	6.7
2022-03-25	0	5.1	26.3	6
2022-03-26	0	7.75	25.6	4.8
2022-03-27	0	4.85	26.7	7.6
2022-03-28	0	5.08	27.2	8
2022-03-29	0	7.9	29.8	8.8
2022-03-30	0	1.12	30.1	13.2
2022-03-31	0	5.1	33.1	13.4
2022-04-01	0	8.33	29.7	10.4
2022-04-02	0	5.72	30	11.8
2022-04-03	0	6.53	29.6	12
2022-04-04	0	5.74	31.1	10.2
2022-04-05	0	9.53	31	12.3
2022-04-06	0	6.45	30.3	11
2022-04-07	2.5	4.81	31.5	10.2
2022-04-08	0	5.29	25.6	7.3
2022-04-09	0	5.15	24.8	8.8
2022-04-10	4.2	4	26.6	10.4
2022-04-11	12.2	7.85	26.2	11.1
2022-04-12	0	4.1	25.8	13.3
2022-04-13	0	5.71	26.4	11.6
2022-04-14	0	5.14	29.3	10
2022-04-15	0	6.25	31.2	13
2022-04-16	0	6.8	32	15.7
2022-04-17	0	6.9	30.8	14.6
2022-04-18	0	5.38	31	14
2022-04-19	0	5.65	30	13.7
2022-04-20	1	5.56	31.3	12.3
2022-04-21	12.2	6.26	32	12.6
2022-04-22	0	4.57	31.3	9.8
2022-04-23	0	5.98	32	10.3
2022-04-24	0	5.5	31.6	12.1
2022-04-25	4.5	5.05	27	11.7
2022-04-26	5.1	8.55	27	11
2022-04-27	0	3.02	23.2	13.3
2022-04-28	0	3.78	27	8.1
2022-04-29	0	3.38	26.8	12
2022-04-30	0	NULO	25	9.8
2022-05-01	0.41	NULO	26.9	14
2022-05-02	0	7.16	28.9	13
2022-05-03	0	NULO	NULO	NULO
2022-05-04	NULO	NULO	NULO	NULO
2022-05-05	0	6.89	32.1	14.6
2022-05-06	0	4.85	31.8	15.2
2022-05-07	0	6.6	33	11.5
2022-05-08	0	6.55	32	13.7
2022-05-09	0	6.72	32.3	14.3
2022-05-10	0	6.33	32.4	13.8
2022-05-11	0	5	28.7	15
2022-05-12	0	6.1	27.7	8.2
2022-05-13	0	6.5	30.1	9.3
2022-05-14	0	6.57	32.2	9
2022-05-15	0	6.13	33.1	9.4
2022-05-16	0	7.15	28.4	10.2
2022-05-17	0	6.65	30.2	10.1
2022-05-18	0	6.4	38.2	12.3
2022-05-19	0	6.41	31.3	14.1
2022-05-20	0	6.85	32.4	13.2
2022-05-21	0	5.02	30	14.1
2022-05-22	0.5	6.25	29.6	14.3
2022-05-23	0	4.95	28.5	15.2
2022-05-24	0	6.18	29.4	14.6
2022-05-25	3.5	NULO	30.2	13.8
2022-05-26	0	9.6	28.8	12.1
2022-05-27	0	11	28.6	13
2022-05-28	0	5.79	27.1	9.2
2022-05-29	0	5.01	21.8	9.3
2022-05-30	0	7	23.7	10.3
2022-05-31	2	1.87	30	10.6
2022-06-01	1.5	3.59	28	9.1
2022-06-02	2.1	4.14	28	10.1
2022-06-03	0	1.15	30.1	7.9
2022-06-04	0	15.25	30.2	8.3
2022-06-05	0	5.3	31	8
2022-06-06	0	5.2	31.3	7
2022-06-07	0	7.1	32.2	8.5
2022-06-08	0	4.44	30.3	13
2022-06-09	0	3.46	28.8	11.6
2022-06-10	0	6.36	27.2	9.3
2022-06-11	0	4.99	28.1	12.8
2022-06-12	0	5.45	27.1	12
2022-06-13	3.1	3.7	28	13.1
2022-06-14	3.5	2.7	26.2	12.1
2022-06-15	5.6	2.33	22.1	13
2022-06-16	0	4.33	23.2	10.4
2022-06-17	0	3.66	25	11
2022-06-18	2.8	4.15	24.7	8.7
2022-06-19	1	1.98	22.1	11.1
2022-06-20	5.7	3.66	21.4	10.3
2022-06-21	49	NULO	20	12.1
2022-06-22	7.2	2.64	20.3	10.1
2022-06-23	0	3.93	20	9
2022-06-24	0	3.64	21	10.8
2022-06-25	0	4.11	22.1	11
2022-06-26	0	0.04	24.6	10.3
2022-06-27	2.5	2.5	23	10.8
2022-06-28	0	11	28.7	11.1
2022-06-29	0	4.95	29	12
2022-06-30	0	4	29	11.3
2022-07-01	2	4.93	30	11.8
2022-07-02	5.5	3.28	30	11.8
2022-07-03	0	4.89	28.8	9.7
2022-07-04	0	3.75	27.9	12.3
2022-07-05	0	5.7	28	9.2
2022-07-06	0	6.17	30	10.2
2022-07-07	0	3.83	29.2	11.3
2022-07-08	0	4.6	28.3	10.6
2022-07-09	0	4.77	24.9	9.6
2022-07-10	4.2	5.28	24.2	8.2
2022-07-11	0	4.65	25	10.1
2022-07-12	0	4.4	24.8	12
2022-07-13	41.4	7.61	26	11.4
2022-07-14	17	3.54	25.6	11.2
2022-07-15	0	2.75	22	11.8
2022-07-16	0	3.7	23.2	10.3
2022-07-17	0	4.2	22.6	11.5
2022-07-18	2.3	2.46	23.8	10.3
2022-07-19	0	5.39	31	10.8
2022-07-20	0	5.5	29.9	11.7
2022-07-21	0	5.55	30.3	12
2022-07-22	0	5.61	30.6	11.7
2022-07-23	0	3.95	30	11
2022-07-24	1	4.54	24.2	11.8
2022-07-25	0	4.18	25.3	9
2022-07-26	0	4.4	26.5	8.8
2022-07-27	1.7	4.41	24.2	11
2022-07-28	26.2	NULO	26.7	8.8
2022-07-29	0	NULO	NULO	NULO
2022-07-30	0	NULO	NULO	NULO
2022-07-31	0	4.18	24	11
2022-08-01	0	2.73	23.8	8.6
2022-08-02	0	3.39	24.1	10.3
2022-08-03	0	3.98	24.6	8.5
2022-08-04	0	4.54	24.8	10
2022-08-05	5.3	5.88	23.3	8.1
2022-08-06	0	4.6	22.3	9
2022-08-07	0	9.76	23.1	10
2022-08-08	0	3.1	23.6	8.7
2022-08-09	0	2.14	24.8	10
2022-08-10	0	5.88	25.8	8.6
2022-08-11	0	4.62	26.6	10.1
2022-08-12	0	3.6	27.3	10
2022-08-13	0	3.76	26	9.5
2022-08-14	4	4.04	22.6	12
2022-08-15	3	2.7	22.4	13.1
2022-08-16	9.4	2.64	23.6	12
2022-08-17	11.3	2.96	25.6	11
2022-08-18	0	4	26.3	11.3
2022-08-19	0	3.85	27.1	10.8
2022-08-20	17.2	4.35	27.8	11.4
2022-08-21	0	4.27	24.9	12
2022-08-22	0	4.98	27.1	10.3
2022-08-23	19.1	4.45	27.7	11
2022-08-24	0	4	24.6	11.4
2022-08-25	0	3.95	25.2	10.8
2022-08-26	2.7	3.06	24.6	10
2022-08-27	18.7	5.69	24.3	11
2022-08-28	0	4.35	24.6	10.3
2022-08-29	3.5	2.17	25.2	10.6
2022-08-30	2.5	6.38	23.8	11.3
2022-08-31	0	1.45	24.4	11
2022-09-01	1	4.53	24.5	9.6
2022-09-02	5.8	0.02	22.6	12.4
2022-09-03	20	1.36	23	7.6
2022-09-04	4.5	1.34	24.1	9
2022-09-05	2	6.2	22.3	10.1
2022-09-06	4	2.2	21.6	10.2
2022-09-07	3.9	NULO	24.5	11.3
2022-09-08	0	4.5	24.7	10.4
2022-09-09	2.8	4.8	24.3	10.5
2022-09-10	0	4	20	9.7
2022-09-11	0	3.9	23.4	11.1
2022-09-12	6	2.5	18	10.3
2022-09-13	6	7	20.2	10
2022-09-14	0	12	21.6	11.4
2022-09-15	6.3	2.9	22.1	10.8
2022-09-16	5	0.98	20.3	12.2
2022-09-17	2	5.14	22.6	12.6
2022-09-18	1	4.08	22.4	13.1
2022-09-19	5	3.1	24	11.6
2022-09-20	2.7	4.7	22.9	11.6
2022-09-21	1.9	3.8	22	8.4
2022-09-22	2	4.5	22.7	10.8
2022-09-23	2.5	4.9	23.1	11.1
2022-09-24	0	4.84	22.3	11.9
2022-09-25	2.6	2.96	20	10.3
2022-09-26	7	0.69	20.2	11.8
2022-09-27	2.5	NULO	19.6	10.6
2022-09-28	2	NULO	23.6	10.3
2022-09-29	1	2.39	19.3	8.7
2022-09-30	0	NULO	20	8.7
2022-10-01	0	4.26	21.3	4.5
2022-10-02	0	4	22.1	4
2022-10-03	0	3.65	22.4	6.8
2022-10-04	1	2.85	23	10
2022-10-05	0.8	2.65	22.6	10.3
2022-10-06	1.4	3.9	23	11.2
2022-10-07	3.3	2.95	22	10.2
2022-10-08	11	2.5	21.6	9.8
2022-10-09	3.6	0.79	21.3	8.9
2022-10-10	2.4	2.91	21.2	10
2022-10-11	0	0.3	21.7	10.3
2022-10-12	0	3.35	22.3	8.8
2022-10-13	0	3.29	22.1	10.7
2022-10-14	0	2.6	22.6	9.1
2022-10-15	0	3.73	23.2	8.9
2022-10-16	0	3.74	25.1	10.1
2022-10-17	12	0.19	23.2	13
2022-10-18	22	11.7	19.3	12
2022-10-19	1.5	7.8	18.3	10
2022-10-20	0	2.18	22.4	7.6
2022-10-21	0	2.42	23	8.2
2022-10-22	0	4	23.7	9.6
2022-10-23	0	3.28	24.1	11
2022-10-24	0	3.72	23.7	8.7
2022-10-25	0	3	25.2	10.8
2022-10-26	0	2.85	25	10.1
2022-10-27	0	4.6	25.6	10
2022-10-28	0	2.95	25.6	11.3
2022-10-29	0	2.7	24.8	11.2
2022-10-30	0	3.78	26.3	10
2022-10-31	0	0.02	26	10.2
2022-11-01	0	6	25.2	10
2022-11-02	0	4.4	24.3	9.8
2022-11-03	0	1.5	24.9	9.2
2022-11-04	0	2.27	25.8	8.6
2022-11-05	0	2.67	25.3	8.8
2022-11-06	0	3.76	24.8	9
2022-11-07	0	3	24.1	5.9
2022-11-08	0	4.1	22.1	8.6
2022-11-09	0	4.32	23.7	8.2
2022-11-10	0	4.44	20.6	9.8
2022-11-11	2.2	2.54	24.3	10
2022-11-12	0	2.2	29.2	11
2022-11-13	0	3.5	26	10.3
2022-11-14	0	3.1	23.6	6.8
2022-11-15	0	1.42	22	10.1
2022-11-16	0	3.28	22.4	8.8
2022-11-17	0	3.65	22	8.6
2022-11-18	0	2.2	20.2	7.4
2022-11-19	1.5	2.48	18.9	8
2022-11-20	0	1.27	17.6	8.7
2022-11-21	3.5	3.35	22.3	8.3
2022-11-22	0	2.7	20	8.2
2022-11-23	0	0.9	22.8	8.6
2022-11-24	0	0.4	22.6	9
2022-11-25	2	0.4	23.1	10
2022-11-26	0	1.96	23.4	9.8
2022-11-27	0	3.54	24.6	9.7
2022-11-28	0	2.6	23.3	10.3
2022-11-29	0	2.4	22.8	7.8
2022-11-30	0	2.1	22	8.7
2022-12-01	0	NULO	21.1	6.5
2022-12-02	0	NULO	20.6	6.6
2022-12-03	0	NULO	20	4.8
2022-12-04	0	NULO	20.2	6.1
2022-12-05	0	NULO	21	6
2022-12-06	0	NULO	23.6	4.8
2022-12-07	0	NULO	23.2	2.3
2022-12-08	0	NULO	23	3.8
2022-12-09	0	NULO	23.5	6
2022-12-10	0	NULO	22.4	6.5
2022-12-11	0	NULO	23	6.5
2022-12-12	0	NULO	22.3	6
2022-12-13	0	NULO	22.7	7.6
2022-12-14	0	NULO	21.6	7.2
2022-12-15	0	NULO	23	7
2022-12-16	0	NULO	21.6	6.8
2022-12-17	0	NULO	22	7.7
2022-12-18	0	NULO	21.3	7.1
2022-12-19	0	NULO	20.8	6.9
2022-12-20	0	NULO	20.2	7.2
2022-12-21	0.5	NULO	21.6	6.2
2022-12-22	1.2	NULO	20	6.4
2022-12-23	0	NULO	19	6.5
2022-12-24	0	NULO	20	5.7
2022-12-25	0	NULO	21.2	6.8
2022-12-26	0	NULO	21.4	6.9
2022-12-27	0	NULO	22	5.8
2022-12-28	0	NULO	22	6.3
2022-12-29	0	NULO	20	7.2
2022-12-30	0	NULO	20.8	6.8
2022-12-31	0	NULO	20	7.5
2023-01-01	0	2.4	21.7	9.7
2023-01-02	0	2.2	22.6	8.2
2023-01-03	0	2.8	21.9	7.2
2023-01-04	0	3.3	22.2	8
2023-01-05	0	3.98	21	4.8
2023-01-06	0	2.12	23.1	6
2023-01-07	0	4.1	20.7	8.2
2023-01-08	0	4.9	22.4	6.7
2023-01-09	0	0.8	20	7.1
2023-01-10	0	0.6	22.3	4
2023-01-11	0	2.5	22.2	7.9
2023-01-12	0	2.3	21.3	7.2
2023-01-13	0	3.8	18.8	6.8
2023-01-14	0	3.2	20	-1
2023-01-15	0	3.6	21.2	3
2023-01-16	0	3.7	22	6.6
2023-01-17	0	2.8	23.6	6.3
2023-01-18	0	3.2	24	7.5
2023-01-19	0	1.6	23.6	8
2023-01-20	0	2.7	23.8	7.4
2023-01-21	0	5	24.7	7
2023-01-22	0	3.2	24.3	7.7
2023-01-23	0	4.68	23.6	7.8
2023-01-24	0	4.67	20.9	9.2
2023-01-25	0	3.02	19.8	5.8
2023-01-26	0	3.63	21.1	4.6
2023-01-27	0	4.7	23.7	6.5
2023-01-28	2	4.4	24	7.2
2023-01-29	0	0.5	24.3	6.8
2023-01-30	0	2.5	23.2	6.5
2023-01-31	0	NULO	23.7	6.2
2023-02-01	0	3.6	22.3	8.2
2023-02-02	0	3.2	20.4	6.8
2023-02-03	0	3.28	20	5.1
2023-02-04	0	2.69	19	-2
2023-02-05	0	4.23	19.9	4.3
2023-02-06	0	3.26	24.1	4.2
2023-02-07	0	5.74	23.6	7
2023-02-08	0	2.4	23.1	7.2
2023-02-09	0	3.56	23.5	7
2023-02-10	0	2.54	22.3	7.1
2023-02-11	0	4.1	22.6	4
2023-02-12	0	4.3	23	7.4
2023-02-13	0	2.3	24.2	8
2023-02-14	0	3.9	24	8.4
2023-02-15	0	5.8	25	7.2
2023-02-16	0	4.35	25.4	10.3
2023-02-17	0	2.41	22.1	5
2023-02-18	0	5.04	25	4.6
2023-02-19	0	2.12	24.2	4.8
2023-02-20	0	4	24.8	7.2
2023-02-21	0	4.79	24.2	6.8
2023-02-22	0	4.94	25	7.3
2023-02-23	0	5.43	25.6	8.1
2023-02-24	0	5.42	25.2	8
2023-02-25	0	3.5	26	8.6
2023-02-26	0	3.66	26.3	8
2023-02-27	0	5.89	26.8	8.4
2023-02-28	0	5.95	29.8	11.3
2023-03-01	0	3.2	30.1	11.2
2023-03-02	0	3.6	33	10.3
2023-03-03	0	5.96	30.3	10.6
2023-03-04	0	11.14	27.4	11
2023-03-05	0	4.1	27.8	8.5
2023-03-06	0	6.4	27.7	8
2023-03-07	0	6.43	28	7.9
2023-03-08	0	3.77	26.2	8.3
2023-03-09	0	6.16	29.8	8.2
2023-03-10	0	5.13	30	9
2023-03-11	0	4.46	28.8	9.2
2023-03-12	7.5	3.93	30.3	9.6
2023-03-13	22	4.71	32.2	7.6
2023-03-14	15	5.57	27.8	8
2023-03-15	2	3.84	22.4	10.1
2023-03-16	0	5.74	28.7	11
2023-03-17	0	0.36	20.2	10
2023-03-18	0	0.5	20	6.2
2023-03-19	0	1.96	11	6.3
2023-03-20	0	0.98	22.2	4
2023-03-21	0	6.21	24	8.1
2023-03-22	0	4.47	26	9.2
2023-03-23	0	5.88	27	7.9
2023-03-24	0	5.85	29.8	9.4
2023-03-25	0	5.35	31	11.2
2023-03-26	0	6.38	32.1	9.8
2023-03-27	0	4.9	31.8	13
2023-03-28	1.7	6.82	32.1	10.6
2023-03-29	0	3.18	28.3	11.3
2023-03-30	0	5.72	29.8	12
2023-03-31	0	NULO	34	11.6
2023-04-01	0	6.24	32	11
2023-04-02	0	6.96	31.8	9.8
2023-04-03	0	5.12	31.6	11
2023-04-04	0	2.73	30	11.4
2023-04-05	0	5.65	31.6	11
2023-04-06	0	4.23	31	12.8
2023-04-07	4.8	2.82	25.1	11.6
2023-04-08	0	2.99	26.5	11.2
2023-04-09	0	4.91	33	10.6
2023-04-10	4.7	10.3	24.6	11.3
2023-04-11	20	NULO	23.8	9.6
2023-04-12	0	NULO	23.2	9
2023-04-13	0	3.74	24.9	9.3
2023-04-14	0	5.77	24.3	11
2023-04-15	0	5.9	22.8	9.3
2023-04-16	9.8	5.7	26.9	9.7
2023-04-17	0	3.4	26.6	10
2023-04-18	0	5.9	28	11.2
2023-04-19	0	6.66	26	11.8
2023-04-20	0	5.94	28	11.4
2023-04-21	0	6.5	30.6	10.8
2023-04-22	0	2.95	28.9	10.2
2023-04-23	0	5.95	30.2	9.8
2023-04-24	0	6.3	28.7	10.7
2023-04-25	0	7.15	28.3	11.3
2023-04-26	0	6.15	30.2	10.8
2023-04-27	0	3.2	29.8	11.4
2023-04-28	0	6.1	28.8	11.2
2023-04-29	0	4	29	10.7
2023-04-30	0	NULO	30	8.4
2023-05-01	0	6.38	30	11.6
2023-05-02	0	6.58	30.1	12.4
2023-05-03	2	4.62	28.8	10.2
2023-05-04	1	7.92	27.2	10.8
2023-05-05	0	4.84	29.8	11.6
2023-05-06	0	6.72	30	11
2023-05-07	7	5.63	29.3	13.4
2023-05-08	21.6	7.94	28.9	13
2023-05-09	0	4.55	28.8	12.6
2023-05-10	6	4.6	30	12.1
2023-05-11	0	7.7	29.7	13
2023-05-12	3.2	4.8	26.7	11.3
2023-05-13	6.2	3.6	24.9	10.6
2023-05-14	6.5	NULO	24.8	10.1
2023-05-15	0	NULO	28.7	9.1
2023-05-16	6	5.4	30	10.5
2023-05-17	2	3.5	29.8	10.1
2023-05-18	0	3.73	24.6	10
2023-05-19	0	3.87	26	10.4
2023-05-20	0	3.25	24.6	11.4
2023-05-21	0	4.5	26.9	13.6
2023-05-22	1.5	5.03	28.3	13.2
2023-05-23	0	4.98	28.7	12.8
2023-05-24	21	6.49	26.8	13.6
2023-05-25	0	4.46	27.2	11.3
2023-05-26	0	5.64	27.8	10.9
2023-05-27	0	5.4	28.9	11.6
2023-05-28	20	6.25	28.2	11.3
2023-05-29	1.5	3.62	28.2	11.3
2023-05-30	0	4.28	26.7	12.3
2023-05-31	0	NULO	28.3	11.2
2023-06-01	0	6.99	30.8	11
2023-06-02	0	4.55	32	14
2023-06-03	0	6.22	32.8	13.1
2023-06-04	0	6.19	30.6	13
2023-06-05	0	4.45	31.2	13.2
2023-06-06	0	6.43	31.6	13.8
2023-06-07	0	2.69	32	13.6
2023-06-08	0	5.03	32.2	14
2023-06-09	0	7.55	33.1	16
2023-06-10	0	5.15	32.6	13.2
2023-06-11	0	6.93	34	14
2023-06-12	0	7.96	33.3	14.2
2023-06-13	0	7.08	33.8	15
2023-06-14	0	8.76	33.2	17
2023-06-15	0	6.48	32	16.1
2023-06-16	0	6.55	31.8	12.2
2023-06-17	0	8.53	31.4	13.1
2023-06-18	0	7.45	32	12.2
2023-06-19	0	8.94	32.2	13
2023-06-20	0	6.74	32.6	11.6
2023-06-21	0	7.79	33	12.4
2023-06-22	0	7.05	30.2	13.2
2023-06-23	0	6.77	30	12.2
2023-06-24	0	4.55	29.2	13.1
2023-06-25	0	NULO	27.6	15
2023-06-26	0	NULO	34	14.9
2023-06-27	0	7.68	26	15
2023-06-28	0	1.47	33.8	13
2023-06-29	0	4.3	34.2	12.6
2023-06-30	0	NULO	32	17
2023-07-01	0	5.59	30.3	11.4
2023-07-02	0	4.35	33	12.6
2023-07-03	0	4.12	34.2	12.8
2023-07-04	0	5.54	32.5	13
2023-07-05	1.5	3.71	30.2	13.8
2023-07-06	18.8	0.35	28.8	13.6
2023-07-07	0.5	NULO	29.1	13.8
2023-07-08	0	NULO	26.3	13.6
2023-07-09	0	4.85	28.2	13
2023-07-10	19	4.25	26.9	13.2
2023-07-11	0.5	4.55	28.8	12.4
2023-07-12	0	4.73	30	13.3
2023-07-13	0	5.62	28.8	13.2
2023-07-14	0	4.46	28.6	10.5
2023-07-15	0	5.34	29	11.4
2023-07-16	0	5.95	24.6	11.2
2023-07-17	0	4.93	24.8	11
2023-07-18	0	6.57	26.7	10.9
2023-07-19	0	6.29	26	11
2023-07-20	0	6.29	25.9	10.9
2023-07-21	0	5.52	24.8	12
2023-07-22	0	4.8	25.2	11.1
2023-07-23	3.2	3.55	23.8	11
2023-07-24	2.7	0.25	22.3	12
2023-07-25	0	5.4	24	11.6
2023-07-26	0	5.46	23.6	9.8
2023-07-27	7.1	1.06	22.5	12.1
2023-07-28	3.1	3.5	22.1	10.9
2023-07-29	0	3.3	20	10.6
2023-07-30	1.7	6.23	20.3	11
2023-07-31	0	NULO	22.3	12.1
2023-08-01	0	3.76	23	11
2023-08-02	0	2.89	24.3	11.6
2023-08-03	0	6.22	24.7	11.9
2023-08-04	3.2	5.38	22.3	12.5
2023-08-05	6.1	2.65	22.8	11.7
2023-08-06	0	4.32	23.8	12.1
2023-08-07	1.2	4.21	23	13.3
2023-08-08	0	4.22	26	12.8
2023-08-09	0	4.6	29.1	13.6
2023-08-10	2	4.6	28	13.8
2023-08-11	0	3.9	27.8	11.2
2023-08-12	0	4.6	26.9	11.3
2023-08-13	2.7	6.5	25.9	11.8
2023-08-14	2	4.2	24	12
2023-08-15	3.1	2.98	20.9	11.8
2023-08-16	0	1.82	20	11.6
2023-08-17	22.5	3	22.5	10.8
2023-08-18	37	9.95	22.3	12.8
2023-08-19	0	NULO	24.3	13.2
2023-08-20	2.2	NULO	21.1	12.2
2023-08-21	0	2.87	22	11.6
2023-08-22	0	3.03	22.3	10.8
2023-08-23	2.8	2.47	21.7	11
2023-08-24	11.5	2.31	20.5	13.1
2023-08-25	2	3.12	23.1	10.6
2023-08-26	14.5	4.7	23.9	8.9
2023-08-27	2.5	1.9	20	12
2023-08-28	0	6.75	23.1	11.2
2023-08-29	0	1.25	25.4	13
2023-08-30	7.5	4.6	24	12.9
2023-08-31	0	NULO	24.6	13.2
2023-09-01	0	4.25	24	13.2
2023-09-02	0	5.9	23.9	11.2
2023-09-03	0	4.2	25	12.1
2023-09-04	0	5.1	24.7	12.3
2023-09-05	0	5.77	25.8	11.6
2023-09-06	0	7.61	27	13
2023-09-07	0	3.42	26.5	13.2
2023-09-08	0	0.4	26.3	12.8
2023-09-09	0	2.7	26.8	11.2
2023-09-10	0	4.3	26.6	9.9
2023-09-11	0	5.5	26.8	9.3
2023-09-12	0	6.78	28.2	8.9
2023-09-13	0	3.42	27.8	11.2
2023-09-14	0	5.85	28.6	11.2
2023-09-15	0	3.25	30	9.3
2023-09-16	0	3.9	25.1	11
2023-09-17	0	4.8	27.3	9.8
2023-09-18	32.8	3.4	26.1	11.1
2023-09-19	0	4.35	28	12
2023-09-20	0	4.5	26.8	12.6
2023-09-21	0	5.05	25.7	9.4
2023-09-22	0	10.8	25.6	11
2023-09-23	0	3.9	26.8	10.6
2023-09-24	0	4.8	28.7	10
2023-09-25	0	5.1	28	11.3
2023-09-26	0	3.65	26.8	10
2023-09-27	0	4.85	25.9	9.8
2023-09-28	0	4.7	28.7	9.4
2023-09-29	0	7.47	28	10.3
2023-09-30	0	NULO	27	9.8
2023-10-01	0	2.5	27	9.3
2023-10-02	0	2.99	26.8	10.6
2023-10-03	0	3.9	25.7	11.6
2023-10-04	0	4.01	25.4	12
2023-10-05	0	3.72	30.1	11.4
2023-10-06	3.7	3.58	29.4	11.8
2023-10-07	10.7	0.8	18.6	11.2
2023-10-08	5.6	1.27	18.7	11.2
2023-10-09	2.6	1.13	20.1	11.6
2023-10-10	4.1	0.6	20	13
2023-10-11	0	3.1	21.3	12.9
2023-10-12	0	4.2	21.8	11
2023-10-13	0	4.7	24	11.1
2023-10-14	3.5	1.8	23.1	11.6
2023-10-15	5	0.1	17.9	10.9
2023-10-16	0	0.6	14	6.8
2023-10-17	0	3.9	20	6
2023-10-18	0	4.4	22.8	8.2
2023-10-19	0	2.6	23.7	6.2
2023-10-20	0	3.1	24	8.2
2023-10-21	0	4.3	26.1	7.6
2023-10-22	0	3.86	26.7	8.7
2023-10-23	0	2.87	25	13
2023-10-24	0	3.12	24.8	12.3
2023-10-25	5.5	1.43	25.4	13
2023-10-26	14.2	1.72	24.2	13.3
2023-10-27	0	3.06	24.8	10.8
2023-10-28	0	3.39	24.9	9.7
2023-10-29	0	3.45	25.3	9.2
2023-10-30	0	3.02	20.6	9.6
2023-10-31	1.8	NULO	18	7.9
2023-11-01	0	2.85	20	5
2023-11-02	0	2.15	22.1	6.2
2023-11-03	0	1.1	21.6	7
2023-11-04	0	2.3	22.4	6.2
2023-11-05	0	4.02	23.1	4.5
2023-11-06	0	2.98	25.2	6.4
2023-11-07	0	3.5	25	6
2023-11-08	0	4.38	24.6	6.6
2023-11-09	0	3.02	25.3	8.2
2023-11-10	0	3.5	23.4	10.6
2023-11-11	0	2.3	25	11
2023-11-12	1.1	1.5	28.1	10.8
2023-11-13	1.8	2.2	28	6.2
2023-11-14	1	1.6	26.7	7
2023-11-15	0	3.8	22.3	8.2
2023-11-16	0	4	26.2	4
2023-11-17	0	3.65	26.9	4.8
2023-11-18	0	3.15	27	4
2023-11-19	0	3.02	28.3	6.2
2023-11-20	0	3.24	28.8	6.9
2023-11-21	1.3	NULO	18.3	9.6
2023-11-22	1.8	NULO	19.2	2.6
2023-11-23	0	1.2	26.1	4.7
2023-11-24	0	3.3	29.8	6.4
2023-11-25	0	3	27.6	6.8
2023-11-26	0	1.9	23	6
2023-11-27	0.5	3	20	8.4
2023-11-28	0	NULO	19.5	10.6
2023-11-29	9.7	NULO	20.2	10.5
2023-11-30	0	NULO	24.2	9.2
2023-12-01	0	2.26	24.1	11.2
2023-12-02	2.5	1.05	22	10.6
2023-12-03	7.5	1.15	21.6	9.2
2023-12-04	0	1.6	20.2	9
2023-12-05	3.2	1.3	22	9.8
2023-12-06	2.4	1.5	18	9.1
2023-12-07	5.7	0.55	18.4	9
2023-12-08	1.8	6.82	21.2	6.1
2023-12-09	2.1	NULO	22	7
2023-12-10	1.3	NULO	18	9.6
2023-12-11	2.5	0.65	17.4	6.4
2023-12-12	1.2	1.98	18	6.2
2023-12-13	0.9	2.42	18.6	6
2023-12-14	1.5	NULO	18.2	7.2
2023-12-15	5.2	NULO	19.8	7.6
2023-12-16	0	1.1	20.3	8.2
2023-12-17	0	2.2	21.8	6.6
2023-12-18	0	2.7	22	1.6
2023-12-19	0	2.25	23.3	-1
2023-12-20	0	2.17	25	4.6
2023-12-21	0	1.72	24.5	2
2023-12-22	0	2.26	24.7	2.3
2023-12-23	0	1.85	25	4.2
2023-12-24	0	1.72	26.8	6.3
2023-12-25	0	1.23	26.9	7
2023-12-26	0	2.76	26.6	7.2
2023-12-27	0	1.93	27	6.9
2023-12-28	0	0.76	26.2	3.8
2023-12-29	0	2.05	20.8	6
2023-12-30	0	1.75	23.8	4.1
2023-12-31	0	NULO	25.3	4
2024-01-01	0	2.3	NULO	NULO
2024-01-02	0	2.05	24.3	4.8
2024-01-03	0	2.98	24.5	6.3
2024-01-04	0	3.22	25.8	6.6
2024-01-05	0	4.11	26	7.2
2024-01-06	0	3.64	25.8	8
2024-01-07	0	2.1	24.3	8.7
2024-01-08	0	4.35	26	8.1
2024-01-09	0	2.36	24.6	7.9
2024-01-10	0	4.15	24	8.3
2024-01-11	0	2.51	26.7	6
2024-01-12	0	3.34	26	6.8
2024-01-13	0	2.59	25.8	7
2024-01-14	0	1.95	24.6	8.1
2024-01-15	0	3.03	25.6	7
2024-01-16	0	2.56	26.7	4.3
2024-01-17	0	2.89	27.6	5.6
2024-01-18	0	2.69	28.9	6.6
2024-01-19	0	3.59	29.2	8
2024-01-20	0	1.24	23	7.7
2024-01-21	1	2	24.1	8.2
2024-01-22	0.7	4.43	24	5.6
2024-01-23	0	2.03	26.6	6.2
2024-01-24	0	2.77	28.8	7.3
2024-01-25	0	4.7	30	7
2024-01-26	0	4.6	32	8.6
2024-01-27	0	2.6	30.2	8.8
2024-01-28	0	2.62	29	7
2024-01-29	0	2.86	28	6
2024-01-30	0	2.14	27.3	5.8
2024-01-31	0	NULO	27.9	6
2024-02-01	0	2.01	26.8	6
2024-02-02	0	3.34	25.9	6.7
2024-02-03	0	4.2	24.8	7
2024-02-04	0	4.66	21.6	9.9
2024-02-05	0	3.54	20	4.8
2024-02-06	0	3.85	25.4	-2
2024-02-07	0	3.85	29.2	4
2024-02-08	0	3.71	30	7
2024-02-09	0	4.3	32.3	11.2
2024-02-10	0	6.35	32.1	9.3
2024-02-11	0	6.05	32.6	10
2024-02-12	0	3.2	29.7	10.3
2024-02-13	0	3.3	27.8	4
2024-02-14	0	3.48	32	6.1
2024-02-15	0	2.6	26.8	7.6
2024-02-16	0	NULO	25.6	7
2024-02-17	0	NULO	23.7	6.9
2024-02-18	0	3.85	30	5.2
2024-02-19	0	4.05	26.7	5.6
2024-02-20	2	NULO	22.3	6.8
2024-02-21	0	NULO	25	4.5
2024-02-22	0	4.5	28	9.3
2024-02-23	0	4.3	27.9	7.1
2024-02-24	0	4.9	28.8	7.4
2024-02-25	0	5.3	30.2	7
2024-02-26	0	4.4	32	7.8
2024-02-27	0	5.4	32.1	10
2024-02-28	0	4.6	30	9.4
2024-02-29	2.1	NULO	30.7	10.7
2024-03-01	0	3.83	32.5	8.3
2024-03-02	0	5.52	32.8	7.2
2024-03-03	0	4.5	33.1	8
2024-03-04	0	6.39	31.3	10
2024-03-05	0	4.46	30.8	9.8
2024-03-06	0	5.3	31.2	7.8
2024-03-07	0	5.84	32.2	9.9
2024-03-08	0	6.09	31.9	11.8
2024-03-09	0	5.65	31.5	9.2
2024-03-10	0	6.26	30	7.6
2024-03-11	0	6.2	28	9.6
2024-03-12	0	5.9	26.6	7.7
2024-03-13	0	3	30.3	7
2024-03-14	0	4.23	32.6	9
2024-03-15	0	7.03	33.5	10.2
2024-03-16	0	4.34	32.8	11.4
2024-03-17	0	5.7	30.6	12
2024-03-18	0.5	3.32	31	11.3
2024-03-19	0	3.68	28.8	10.8
2024-03-20	0	5.46	29.1	11.2
2024-03-21	0	6.04	30.1	10.9
2024-03-22	0	5.6	32.3	11.5
2024-03-23	0	5.4	34.1	10.1
2024-03-24	0	7.2	33.7	10
2024-03-25	0	7.32	35	10
2024-03-26	0	6.28	33.4	12.6
2024-03-27	0	6.4	34.2	8.8
2024-03-28	0	4.1	35.3	9.6
2024-03-29	0	6.5	33.4	9.3
2024-03-30	0	7.28	34.1	9.8
2024-03-31	0	NULO	34.7	10.2
2024-04-01	0	7.32	33.8	10.9
2024-04-02	0	7.65	35.5	11.2
2024-04-03	0	4.83	32.3	9.8
2024-04-04	0	4.67	33.4	7.9
2024-04-05	0	5.65	34.1	8.8
2024-04-06	0	5.8	34.7	10.2
2024-04-07	0	7.39	35.3	11
2024-04-08	0	5.81	36	12.2
2024-04-09	0	7.3	36.4	13
2024-04-10	0	8.25	36.7	15.2
2024-04-11	0	6.35	33	10.3
2024-04-12	0	6.47	32.3	6.8
2024-04-13	0	6.33	33	8.2
2024-04-14	0	4.68	32.8	11.4
2024-04-15	0	5.82	34	9.9
2024-04-16	0	8.91	34.8	11.6
2024-04-17	0	4.67	33.6	11
2024-04-18	4.3	NULO	34	10.8
2024-04-19	0	NULO	32.7	13.3
2024-04-20	2.8	6.03	34	11.5
2024-04-21	4.5	4.76	33.7	10.9
2024-04-22	0	3.09	33	11.6
2024-04-23	0	4.51	29.3	10.9
2024-04-24	0	6.31	34.5	10.3
2024-04-25	0	5.4	34	11.4
2024-04-26	0	5.67	34.8	11.6
2024-04-27	0	6.63	35.6	11.2
2024-04-28	0	6.6	37	13
2024-04-29	0	12.37	36.2	11.6
2024-04-30	0	NULO	17.9	12.7
2024-05-01	0	5.93	35.7	13.1
2024-05-02	0	6.05	36	12.8
2024-05-03	0	8.24	36.3	13.7
2024-05-04	0	7.31	37.1	14.4
2024-05-05	0	6.19	37	17.3
2024-05-06	0	6.69	37.2	14.2
2024-05-07	0	8.25	37.4	15.6
2024-05-08	6.5	6.57	36.8	18.1
2024-05-09	3.2	6.7	37.1	16.7
2024-05-10	0	5.16	37.3	15.6
2024-05-11	0	6.97	37	14.7
2024-05-12	0	6.29	36.8	15.4
2024-05-13	0	7.28	36	16
2024-05-14	0	13.84	36.6	14.9
2024-05-15	0	6.78	37.2	14.6
2024-05-16	0	8.42	37.4	15.8
2024-05-17	0	7.62	37.7	14.6
2024-05-18	0	6.41	37.2	15.8
2024-05-19	0	6.57	37.8	14
2024-05-20	0	8.44	36.9	14.5
2024-05-21	0	6.98	37.8	14
2024-05-22	0	11.76	38	14.9
2024-05-23	8.1	1.79	38.2	16.2
2024-05-24	0	7.33	36.9	15.8
2024-05-25	11.6	6.07	37.3	15.6
2024-05-26	0	6.99	36.8	15
2024-05-27	0	5.92	35.6	16.2
2024-05-28	1	6.92	35	15.8
2024-05-29	0	4.16	30	14.6
2024-05-30	0	5.95	33.4	11.6
2024-05-31	0	NULO	35.1	12.1
2024-06-01	0	3.33	36.7	10.6
2024-06-02	2.8	4.37	35.7	17.4
2024-06-03	0	4.9	33.2	17.8
2024-06-04	14.2	8.45	34.1	16.6
2024-06-05	0.8	7.16	34.6	14.3
2024-06-06	0	4.96	34.8	11.9
2024-06-07	0	5.7	34.1	13.3
2024-06-08	0	4.17	33.5	12.8
2024-06-09	2.5	5.69	34.8	13.6
2024-06-10	0	5.35	35	12.2
2024-06-11	0	5.44	33.8	11.8
2024-06-12	0	5.53	33.2	14.1
2024-06-13	0	5.08	31.2	11.8
2024-06-14	0	5.65	30	12.4
2024-06-15	0	4.16	30.3	11.8
2024-06-16	0	6.29	30.6	10.6
2024-06-17	0	6.87	31	11.4
2024-06-18	0	6.27	32.3	11.6
2024-06-19	28	2.56	28.7	12.2
2024-06-20	33.3	2.47	28.6	13.3
2024-06-21	17	1.05	24.6	13
2024-06-22	3.5	6.8	26	11.4
2024-06-23	37.5	NULO	23.9	12.2
2024-06-24	0.5	NULO	20.8	14.6
2024-06-25	10.7	NULO	22.5	13.6
2024-06-26	58.7	8.93	24.6	14
2024-06-27	8.8	2.96	21.2	11
2024-06-28	0	2.65	20	14
2024-06-29	3.3	3.59	21.1	12
2024-06-30	50.8	NULO	NULO	NULO
2024-07-01	13.2	2.79	21	13
2024-07-02	0.8	4.03	27.8	11.3
2024-07-03	0	3.65	28	9.8
2024-07-04	0	3.9	29.8	10
2024-07-05	0	5.74	28.6	10.6
2024-07-06	0	5.98	27.7	10.8
2024-07-07	0	6.18	28.3	11.1
2024-07-08	0	5.42	29	12
2024-07-09	16	3.15	29.6	13.2
2024-07-10	14.9	2.18	27.7	14
2024-07-11	13.7	1.22	26.6	13.7
2024-07-12	0	4.19	27	12
2024-07-13	2.2	4.64	26.8	11.7
2024-07-14	0	4.32	24.8	10.6
2024-07-15	0	5.18	26.8	11
2024-07-16	2	2.95	20	13.3
2024-07-17	1	3.57	26.6	13
2024-07-18	11.7	2.48	26.3	12.5
2024-07-19	0.5	2.65	22.3	12.8
2024-07-20	0.2	1.85	23	11
2024-07-21	3.6	3	24	12.9
2024-07-22	0	2.24	23.8	11.8
2024-07-23	2.2	2.16	22	12.6
2024-07-24	17.2	3.43	23.1	13.6
2024-07-25	7	1.94	25.4	13.8
2024-07-26	33.7	5.16	24.2	14.2
2024-07-27	5.6	2.05	23.2	12.6
2024-07-28	0	3.01	24	12.2
2024-07-29	0	2.96	24.7	12.8
2024-07-30	0	4.4	25	13.6
2024-07-31	1	NULO	24.7	13
2024-08-01	0	4.94	26	10.4
2024-08-02	0	4.38	24.3	11.2
2024-08-03	0	4.7	24.7	9.6
2024-08-04	0	5.31	24.6	10.2
2024-08-05	0	6.31	25.1	9.5
2024-08-06	3.5	2.2	24.3	11
2024-08-07	0	5.41	23.4	11.6
2024-08-08	0	4.06	24.9	10.3
2024-08-09	0	4.94	24.6	11.2
2024-08-10	1	3.59	23.6	11
2024-08-11	0	3.28	22.8	10.8
2024-08-12	1.9	2.28	23.4	10
2024-08-13	2.3	4.75	24	10.2
2024-08-14	2.6	3.85	24.4	10
2024-08-15	5.5	4.4	26.8	11.5
2024-08-16	26.1	2.01	27	12.7
2024-08-17	2.2	4.02	24.8	11
2024-08-18	0.5	3.38	25	10.1
2024-08-19	0	4.53	24.3	10.6
2024-08-20	0	4.23	25.6	10.2
2024-08-21	3.4	NULO	25.4	11.2
2024-08-22	1.6	NULO	24.8	11
2024-08-23	5.2	4.47	25	10.3
2024-08-24	0	5.1	24.6	10.6
2024-08-25	0	4.75	25.2	9.8
2024-08-26	0	4.33	25	10.2
2024-08-27	0	3.92	24.8	11.2
2024-08-28	4.1	2.45	23.7	11
2024-08-29	0	3.3	24.8	10
2024-08-30	2.8	4.64	25.2	11
2024-08-31	0	NULO	24.8	11
2024-09-01	10.3	4.31	26.2	11.5
2024-09-02	2	3.92	24.4	11.9
2024-09-03	1.7	1.82	24.7	12.7
2024-09-04	1	3.58	24.9	11
2024-09-05	13.5	2.62	24.4	10.8
2024-09-06	24.5	2.03	22.6	11.8
2024-09-07	11.1	0.45	20	10.3
2024-09-08	0	3.3	20.4	10
2024-09-09	1	2.68	22.8	10.8
2024-09-10	2	2.6	21	12
2024-09-11	2.8	2.67	23.8	11.2
2024-09-12	32.3	4.11	24.6	11.4
2024-09-13	31.5	0.44	24	12.8
2024-09-14	3	5.04	25	13.2
2024-09-15	2	1.51	24.3	13.7
2024-09-16	32.8	3.5	24	11.8
2024-09-17	4.2	2	24.7	12.3
2024-09-18	5.2	2.37	23.8	13.2
2024-09-19	0	4.13	24.9	11.7
2024-09-20	0	3.25	24.6	13.1
2024-09-21	0	3.37	23.8	12
2024-09-22	0	3.16	24	11.1
2024-09-23	0	3.7	21.6	10.6
2024-09-24	2	4.65	20.8	10.8
2024-09-25	1.5	4.07	22.3	11
2024-09-26	62.35	0.07	22.7	11.3
2024-09-27	2.5	3.33	21.3	11
2024-09-28	1.7	2.88	20.2	11.4
2024-09-29	1.2	2.11	20.8	10.6
2024-09-30	0	NULO	21.3	9.7
2024-10-01	14.2	2.2	20.2	9.6
2024-10-02	1.1	2.01	20	9.7
2024-10-03	0	4.59	21.3	8.6
2024-10-04	0	2.05	21	10.3
2024-10-05	7.5	0.97	21.6	10
2024-10-06	0	NULO	20	11.2
2024-10-07	3.6	NULO	20.6	10.3
2024-10-08	2.1	3.16	20.2	9.8
2024-10-09	0	3.15	21	7.6
2024-10-10	0	3.52	22.1	3
2024-10-11	0	3.51	22.6	4.6
2024-10-12	0	3.14	22.3	6
2024-10-13	0	2.97	21.8	7.2
2024-10-14	0	3.03	22	6.4
2024-10-15	0	4.07	21.6	7.1
2024-10-16	0	3.1	22.2	7.8
2024-10-17	0	2.17	22.8	9
2024-10-18	0.5	1.76	20	9.4
2024-10-19	0.7	2.67	20.1	10.1
2024-10-20	32.12	4.1	22.3	8.7
2024-10-21	11.8	1.87	20.2	11.6
2024-10-22	0	2.64	21.6	10.6
2024-10-23	0	2.1	22	8.2
2024-10-24	0	4.17	22.4	9.6
2024-10-25	0	2.73	21.8	8.6
2024-10-26	0.5	0.71	19.1	8.9
2024-10-27	0	2.1	20.2	7.8
2024-10-28	0	1.24	19.7	8.4
2024-10-29	0	1.56	19.4	7
2024-10-30	0	2.85	21.2	7.2
2024-10-31	0	NULO	22	8
2024-11-01	0	2.4	22	8.6
2024-11-02	0	1.72	21.7	9.2
2024-11-03	0	1.18	22.2	8.8
2024-11-04	0	3.5	22	9.7
2024-11-05	0	2.65	23.2	9
2024-11-06	0	3.31	23.8	8.4
2024-11-07	0	2.81	24	8.2
2024-11-08	0	4.09	23.8	7.8
2024-11-09	0	3.18	23.5	7.9
2024-11-10	0	2.46	23.8	7.6
2024-11-11	0	4.26	23	8.1
2024-11-12	0	3.21	23.2	5.2
2024-11-13	0	3.03	23.8	6
2024-11-14	0	1.79	24.2	7.6
2024-11-15	0	1.81	23.3	8.2
2024-11-16	0	3.05	24.5	8
2024-11-17	0	4.84	24	8.8
2024-11-18	0	3.16	23.8	7.3
2024-11-19	5.5	5.64	24.4	8.7
2024-11-20	19.2	3.17	19.8	9.6
2024-11-21	1.3	2.73	20.2	7.8
2024-11-22	0	3	19.7	5.3
2024-11-23	0	4.98	21	1
2024-11-24	0	0.92	22.1	-1
2024-11-25	0	3.91	22.6	3.2
2024-11-26	0	2.78	24.2	4.3
2024-11-27	0	4.65	24.5	2
2024-11-28	0	3.96	24	4.1
2024-11-29	0	3.08	23.5	5.8
2024-11-30	0	NULO	23.5	5
2024-12-01	0	2.36	22.4	7
2024-12-02	0	3.9	20.2	1
2024-12-03	0	2.1	20	2.1
2024-12-04	0	0.46	18.2	7.1
2024-12-05	0	2.67	20.4	5.5
2024-12-06	0	3.27	21	6.1
2024-12-07	0	2.5	21.2	6.5
2024-12-08	0	1.91	22	5.7
2024-12-09	0	2.59	22.3	6.5
2024-12-10	0	4.5	18	6.8
2024-12-11	0	1.18	10.2	4.5
2024-12-12	0	2.26	20.2	3
2024-12-13	0	2.46	21	5.8
2024-12-14	0	2.84	22	6
2024-12-15	0	4.16	21.1	3
2024-12-16	0	1.75	21.3	1
2024-12-17	0	2.66	21	4.2
2024-12-18	2	1.29	21.4	5.6
2024-12-19	1.1	2.5	18.2	7
2024-12-20	3.2	0.03	20.3	6.9
2024-12-21	4.6	0.62	18.2	7.3
2024-12-22	0.5	1.63	19.2	7
2024-12-23	0	0.85	18.1	6.2
2024-12-24	0	2.17	18.6	5.1
2024-12-25	0	2.5	21.2	5.6
2024-12-26	0	2.16	22	6.6
2024-12-27	0	4.2	22.3	7.1
2024-12-28	0	2.07	24.5	7.3
2024-12-29	0	2.45	23.6	4.2
2024-12-30	0	3.82	22.3	3.8
2024-12-31	0	NULO	23.5	6
2025-01-01	0	3.17	22.1	3
2025-01-02	0	1.45	22.4	3.3
2025-01-03	0	2.53	21.2	5.6
2025-01-04	0	2.2	21.6	7
2025-01-05	0.5	1.89	22	7
2025-01-06	0	0.89	19.6	7.2
2025-01-07	0	1.83	21.2	6
2025-01-08	0	1.09	18	6.2
2025-01-09	0	3.71	25.3	6
2025-01-10	12.2	2.47	23.1	7.1
2025-01-11	0	3.12	22.4	7
2025-01-12	0	0.8	20.9	7.5
2025-01-13	0	2.49	20.2	6.2
2025-01-14	0.5	1.41	21.1	5.6
2025-01-15	0	5.1	22.6	6
2025-01-16	0	3.02	24.2	6.8
2025-01-17	0	2.3	24	8
2025-01-18	0	2.42	24.3	6.8
2025-01-19	0	2.7	18.5	6.5
2025-01-20	0	2.84	23.8	4.8
2025-01-21	0	0.37	17.8	6.2
2025-01-22	0	4.46	24.2	0
2025-01-23	0	2.43	20.3	5.6
2025-01-24	0	2.67	17.2	3
2025-01-25	0	4.3	21.4	5
2025-01-26	0	2.84	24.3	6.1
2025-01-27	0	3.57	23.6	6.2
2025-01-28	0	3.95	25.1	5.3
2025-01-29	0	3.17	25.6	7.8
2025-01-30	0	3.05	22.8	7.5
2025-01-31	0	NULO	20.2	6.9
2025-02-01	2	2.04	24	6.7
2025-02-02	0	2.47	23	8.3
2025-02-03	0	3.06	23.8	7.5
2025-02-04	0	3	24.1	6.7
2025-02-05	0	2.88	24.6	6.9
2025-02-06	0	4	24.7	7.7
2025-02-07	0	3.2	24.9	7
2025-02-08	0	NULO	NULO	NULO
2025-02-09	NULO	NULO	NULO	NULO
2025-02-10	0	4.48	25.4	6.2
2025-02-11	0	1.17	24.8	7
2025-02-12	1.8	6.46	26.1	7.5
2025-02-13	0	3.3	24.8	8
2025-02-14	0	2.44	24.6	7.4
2025-02-15	0	4.14	24.8	7.9
2025-02-16	0	1.99	24.6	7.6
2025-02-17	2.8	3.25	25.2	7.2
2025-02-18	9.8	3.18	25	8.3
2025-02-19	0	0.52	19.3	7.8
2025-02-20	3.5	2.73	20.2	6.1
2025-02-21	7.6	2.28	24.2	5.8
2025-02-22	0	3.39	25.3	6.7
2025-02-23	0	4.94	26.3	7
2025-02-24	0	4.41	27.1	6.8
2025-02-25	0	6.58	28.8	7.2
2025-02-26	0	3.82	29.2	7.5
2025-02-27	0	3.65	27.2	8
2025-02-28	0	NULO	26.8	7.6
2025-03-01	0	4.1	27	10
2025-03-02	0	5.65	28.8	7
2025-03-03	0	6.05	29.3	8.7
2025-03-04	0	5.6	30.3	8
2025-03-05	0	3.94	29.7	7.5
2025-03-06	0	5.07	29.4	7.2
2025-03-07	0	5.87	30.2	6.6
2025-03-08	0	4.46	30.6	8
2025-03-09	0	5.12	32	8.6
2025-03-10	0	3.78	30	6.3
2025-03-11	0	5.89	30.5	11
2025-03-12	0	5.02	32.3	7.3
2025-03-13	0	6.68	31.9	8.6
2025-03-14	0	5.9	32.3	8.9
2025-03-15	0	7.81	32.4	8.6
2025-03-16	0	2.75	27.2	7.8
2025-03-17	0	4.16	28	7.2
2025-03-18	0	6.59	29.2	7
2025-03-19	0	6.45	29.8	7.8
2025-03-20	0	3.18	18.7	7.4
2025-03-21	0	5.22	29.6	6
2025-03-22	0	2.81	29	10.3
2025-03-23	0	5.29	29	7.2
2025-03-24	0	3.72	28.8	7.8
2025-03-25	0	4.23	28.5	10.4
2025-03-26	0	4.24	27.9	9.8
2025-03-27	1	3.21	28.2	8.6
2025-03-28	0	5.19	28	7.9
2025-03-29	0	6.1	29.9	7.2
2025-03-30	0	7.51	31.1	7.1
2025-03-31	0	NULO	32.1	7.8
2025-04-01	0	6.55	33	7.2
2025-04-02	0	6.22	33.7	9.7
2025-04-03	0	7.99	34	11
2025-04-04	0	6.41	33.2	13
2025-04-05	0	6.28	33.5	10.2
2025-04-06	0	5.36	29.3	8.9
2025-04-07	0	7.19	28.8	6.8
2025-04-08	0	2.82	15.1	6.3
2025-04-09	0	4.97	27.7	4.8
2025-04-10	0	7.93	31.3	4
2025-04-11	0	5.39	30.2	7
2025-04-12	0	3.85	27.8	3.3
2025-04-13	0	5.36	26.1	2.8
2025-04-14	0	7.14	30.2	6.2
2025-04-15	0	5.73	28.2	4
2025-04-16	0	7.62	27.9	4.2
2025-04-17	0	3.83	28.2	5.8
2025-04-18	0	5.42	29.5	6.7
2025-04-19	1	5.24	30.3	7
2025-04-20	0	NULO	30.5	7.6
2025-04-21	0	NULO	29.8	8.4
2025-04-22	0	7.56	32.4	7.7
2025-04-23	0	NULO	31.3	8
2025-04-24	2	NULO	31.2	7.7
2025-04-25	0	3.88	29	7.9
2025-04-26	0	6.62	30.1	7.6
2025-04-27	0	5	31	6.9
2025-04-28	0	6	32	7
2025-04-29	0	NULO	NULO	NULO
2025-04-30	3	NULO	NULO	NULO
2025-05-01	0	6	36.3	12
2025-05-02	0	6.8	37	13
2025-05-03	0	4	35	12
2025-05-04	0.6	4.1	36.5	12.5
2025-05-05	0	5.4	37.5	13
2025-05-06	0	6.2	38	14
2025-05-07	0.01	NULO	38	14
2025-05-08	0.01	NULO	36.5	15
2025-05-09	0.01	NULO	37	14
2025-05-10	0.01	NULO	37	15
2025-05-11	0.01	NULO	37.5	14
2025-05-12	0.01	NULO	38	14
2025-05-13	0.01	NULO	37	7
2025-05-14	0.01	NULO	37.5	12.5
2025-05-15	0.01	NULO	37.5	11
2025-05-16	0.01	NULO	37	12
2025-05-17	0	8	38	10
2025-05-18	7	7	37	11
2025-05-19	10	9.1	37	10
2025-05-20	0	4	37	12
2025-05-21	0	6.13	36	12
2025-05-22	0	6.77	36	14
2025-05-23	0	7.02	34	11
2025-05-24	1.2	2.98	31	12
2025-05-25	24	3.9	27	12
2025-05-26	18	4	31	13
2025-05-27	17.5	5.83	30	14
2025-05-28	18	NULO	31	13
2025-05-29	24	NULO	30	14
2025-05-30	14	NULO	29	13
2025-05-31	NULO	NULO	NULO	NULO
2025-06-01	12	4.35	28	13
2025-06-02	0	2.45	30	14
2025-06-03	0	10.75	31.5	15
2025-06-04	0	NULO	31.5	14
2025-06-05	0	NULO	32	12
2025-06-06	0	4.7	32	11
2025-06-07	0	5.8	31	10
2025-06-08	0	6.55	33	11
2025-06-09	0	6.5	34	14
2025-06-10	0	5.3	32	12
2025-06-11	7	3.95	31.5	12
2025-06-12	15.6	4.1	29	12
2025-06-13	6	2.5	25	12
2025-06-14	46	3.55	25	14
2025-06-15	20	2.75	25	14
2025-06-16	15.5	2.5	24	14
2025-06-17	20	2.4	21	15
2025-06-18	18	NULO	20	14
2025-06-19	55.5	NULO	19	14
2025-06-20	42	NULO	20	14
2025-06-21	20	NULO	18	14
2025-06-22	28.5	NULO	19	12
2025-06-23	4.1	2.05	18	12
2025-06-24	0	2	19	12
2025-06-25	7	2.7	22	12
2025-06-26	1.5	1.6	24	12
2025-06-27	0	2.5	25	12
2025-06-28	1.5	2.4	25	11
2025-06-29	7.5	2.85	23	15
2025-06-30	18	NULO	25	15
2025-07-01	51.5	6.41	25	14
2025-07-02	3	3.96	22	15
2025-07-03	0	3.8	24	11
2025-07-04	0	3.6	29	14
2025-07-05	0	6.5	30	11
2025-07-06	6.5	3.65	29	10
2025-07-07	9.4	4.4	28	10
2025-07-08	0	4.82	25	11
2025-07-09	0	1.23	21	10.5
2025-07-10	3.5	2.45	26.5	11
2025-07-11	0	3.45	26	12
2025-07-12	2.5	1.15	21	12
2025-07-13	0	3.1	29	13
2025-07-14	11.5	2.3	26	12
2025-07-15	17	4.45	29	13
2025-07-16	5	3	26	10
2025-07-17	10	NULO	24	12.5
2025-07-18	35	NULO	26	10
2025-07-19	2.5	NULO	26	11
2025-07-20	12.5	1.75	24	10
2025-07-21	2	3.9	27	9
2025-07-22	0	3.45	28	7
2025-07-23	0	3.9	27	11.5
2025-07-24	0	5.14	29	10
2025-07-25	0	3.48	29	9
2025-07-26	7	5.08	26	11
2025-07-27	3	1.25	20	12
2025-07-28	1	1.8	20	10
2025-07-29	3.5	2.05	21.5	9
2025-07-30	0	NULO	24	10
2025-07-31	16.5	NULO	26.5	10
2025-08-01	0	4.1	25	14
2025-08-02	0	2.9	25	8
2025-08-03	0	5.2	30	8
2025-08-04	1.5	3.5	30	8
2025-08-05	0	3.65	26	8
2025-08-06	0	1.55	20	10
2025-08-07	0	1.5	25	10
2025-08-08	0	NULO	30	11
2025-08-09	10	NULO	30	8
2025-08-10	8.5	NULO	30	10
2025-08-11	1	1.8	30	13
2025-08-12	0	NULO	30	12
2025-08-13	0	NULO	30	11
2025-08-14	2.5	NULO	31	10
2025-08-15	0	1.6	27	10
2025-08-16	0	3.5	30	10
2025-08-17	0	2.5	29	10
2025-08-18	0	6.45	28	9
2025-08-19	0	4.75	30	8
2025-08-20	0	4.9	31	14
2025-08-21	2	2.55	27	13
2025-08-22	7.5	3.15	25	15
2025-08-23	16	2.55	27	12
2025-08-24	19	5.45	25	14
2025-08-25	2	1.35	27	13
2025-08-26	0	4.95	25	11
2025-08-27	0	2.45	25	13
2025-08-28	0	3.9	28	10
2025-08-29	0	6.3	28	12
2025-08-30	0	3.8	29	12
2025-08-31	2	NULO	27	11
2025-09-01	43	4.05	25	12
2025-09-02	0	NULO	26	14
2025-09-03	1.5	NULO	27	13
2025-09-04	10.5	NULO	29	14
2025-09-05	0	NULO	30	12
2025-09-06	0	NULO	30	11
2025-09-07	0	NULO	30	11
2025-09-08	0	NULO	27	11.5
2025-09-09	13.5	4.65	29	14
2025-09-10	0	3.8	28	15
2025-09-11	16.5	1.55	26	14
2025-09-12	41.5	7.35	19	12
2025-09-13	3.5	5.8	27	12
2025-09-14	0	3.85	28.5	12
2025-09-15	4	2.8	26	12
2025-09-16	4.5	3.2	24	14
2025-09-17	0.01	0.96	25	14
2025-09-18	0	4.3	27	14
2025-09-19	0	1.9	25	12
2025-09-20	0	3.2	26	9
2025-09-21	0	3.95	27	9.5
2025-09-22	0	3.3	28	9
2025-09-23	20	4.75	28	14
2025-09-24	0	3.4	27	11
2025-09-25	7.5	0.9	27	11.5
2025-09-26	0	4.2	30	12
2025-09-27	6.5	3.55	26	14
2025-09-28	0	0.95	24	14
2025-09-29	0	0.9	20	12
2025-09-30	0	NULO	26	11.5
