COMISIÓN NACIONAL DEL AGUA
COORDINACIÓN GENERAL DEL SERVICIO METEOROLÓGICO NACIONAL
BASE DE DATOS CLIMATOLÓGICA NACIONAL 

REGISTRO DIARIO HISTÓRICO
EMISIÓN   : 11/09/2026 

DATOS DISPONIBLES EN LA BASE DE DATOS A: SEPTEMBER DE 2026; 
CON LA INFORMACIÓN SUMINISTRADA POR LAS UNIDADES ADMINISTRATIVAS 

 ESTACIÓN   : 13161 
 NOMBRE     : PRESA TAXHIMAY II 
 ESTADO     : HIDALGO 
 MUNICIPIO  : TEPEJI DEL RÍO DE OCAMPO 
 SITUACIÓN  : OPERANDO 
 U. ADMNVA. : DIRECCIÓN LOCAL HIDALGO 
 CVE-OMM    :   
 LATITUD    : 19.83666667 ° 
 LONGITUD   : -99.38361111 ° 
 ALTITUD    : 2235 msnm 




FECHA		PRECIP	EVAP	TMAX	TMIN
		(mm)	(mm)	(°C )	(°C)
2006-01-01	0	4.9	26	3
2006-01-02	0	4.05	24	0
2006-01-03	0	5.1	26	2
2006-01-04	0	5.45	25	-2
2006-01-05	0	5.3	26	-1
2006-01-06	0	5.15	24	1
2006-01-07	0	4.8	20	1
2006-01-08	0	5.2	24	-3
2006-01-09	0	5	23	-4
2006-01-10	0	4.9	22	-3
2006-01-11	0	5.1	25	-2
2006-01-12	0	5.15	24	0
2006-01-13	0	4.75	23	0
2006-01-14	0	3.8	22	3
2006-01-15	0	4.95	25	1
2006-01-16	0	3.85	26	5
2006-01-17	0	4.1	26	4
2006-01-18	0	3.75	24	2
2006-01-19	0	5.1	25	-2
2006-01-20	0	5.25	27	-1
2006-01-21	0	4.2	25	0
2006-01-22	0	3.9	26	1
2006-01-23	0	3.9	26	1
2006-01-24	0	3.8	24	2.5
2006-01-25	2	2	13	1
2006-01-26	10	2.8	22	4
2006-01-27	0	3.06	25	3
2006-01-28	0	3.65	24	2
2006-01-29	0	4.45	23	4
2006-01-30	0	5.45	25	2
2006-01-31	0	4.05	26	3
2006-02-01	0	6.65	24	5
2006-02-02	0	6.1	25	7
2006-02-03	0	5.6	27	5
2006-02-04	0	4.5	25	2
2006-02-05	0	4.5	26	-2
2006-02-06	0	4.85	27	0
2006-02-07	0	3.65	20	2
2006-02-08	0	4.5	25	1
2006-02-09	0	4.2	26	2
2006-02-10	0	8.2	25	3
2006-02-11	3	3.1	22	5
2006-02-12	0	2.9	20	2
2006-02-13	0	5.3	22	3
2006-02-14	0	5.1	26	1
2006-02-15	0	4.8	28	2
2006-02-16	0	5.8	29	4
2006-02-17	0	6.8	28	5
2006-02-18	0	5.5	26	2
2006-02-19	0	6.25	27	1
2006-02-20	0	5.05	30	4
2006-02-21	0	6.05	29	3
2006-02-22	0	6.15	30	4
2006-02-23	0	5.2	28	5
2006-02-24	0	4.95	25	4
2006-02-25	0	6.15	29	5
2006-02-26	0	3.45	18	6
2006-02-27	0	6.4	26	2
2006-02-28	0	6.15	26	3
2006-03-01	0	6.4	27	2
2006-03-02	0	7.05	26	0
2006-03-03	0	6.4	28	1
2006-03-04	0	5.9	27	0
2006-03-05	0	6.1	28	1
2006-03-06	0	5.8	27	0
2006-03-07	0	6.05	28	1
2006-03-08	0	6.15	30	1
2006-03-09	0	6.2	28	2
2006-03-10	0	6.35	29	3
2006-03-11	0	6.5	32	4
2006-03-12	0	6.3	33	5
2006-03-13	0	5.8	32	6
2006-03-14	0	5.9	26	5
2006-03-15	0	6.05	33	7
2006-03-16	0	5.85	31	8
2006-03-17	0	6.4	30	6
2006-03-18	0	7.3	31	3
2006-03-19	0	9.55	29	4
2006-03-20	0	7.3	28	6
2006-03-21	0	5.5	29	5
2006-03-22	0	6.35	28	4
2006-03-23	0	6.5	26	6
2006-03-24	2	2.3	25	4
2006-03-25	1	3.6	21	5
2006-03-26	2.5	2.75	25	4
2006-03-27	1	2.95	26	5
2006-03-28	0	5.55	27	4
2006-03-29	0	5.8	29	5
2006-03-30	0	5.9	28	4
2006-03-31	0	6.05	30	5
2006-04-01	0	5.7	30	5
2006-04-02	0	5.4	29	6
2006-04-03	0	6.1	28	4
2006-04-04	0	6.15	29	2
2006-04-05	0	6.3	30	3
2006-04-06	0	7	31	4
2006-04-07	0	6.05	30	6
2006-04-08	0	5.8	27	8
2006-04-09	0	6.65	29	5
2006-04-10	0	5.9	31	4
2006-04-11	0	5.9	30	5
2006-04-12	0	4.6	28	3
2006-04-13	0	4.7	25	2
2006-04-14	0	4.25	26	3
2006-04-15	0	5.1	30	2
2006-04-16	0	6.25	32	3
2006-04-17	0	5.65	28	4
2006-04-18	0	6.8	31	7
2006-04-19	0	4.9	30	8
2006-04-20	1.5	4.85	31	9
2006-04-21	16	5.1	30	7
2006-04-22	11	4.4	27	8
2006-04-23	2	4.8	26	9
2006-04-24	2.5	5.15	28	10
2006-04-25	0	6.2	30	8
2006-04-26	0	6.05	29	7
2006-04-27	0	6.4	31	6
2006-04-28	0	6.6	30	9
2006-04-29	0	5.55	29	10
2006-04-30	0	2.35	28	8
2006-05-01	4	3.5	26	10
2006-05-02	10	4.4	25	8
2006-05-03	5	6.4	26	6
2006-05-04	0	4.45	25	5
2006-05-05	1	5.35	29	6
2006-05-06	0	6.7	28	10
2006-05-07	0	6.4	30	7
2006-05-08	1	5.8	31	6
2006-05-09	1	4.6	30	9
2006-05-10	0	6.8	31.5	8
2006-05-11	0	4.7	25	9
2006-05-12	16	6.15	27	7
2006-05-13	0	4.35	25	9
2006-05-14	1	4.35	26	7
2006-05-15	1	5.4	24	8
2006-05-16	1.5	3.8	25	7
2006-05-17	1	2.05	24	6
2006-05-18	1	3.9	25	7
2006-05-19	1	4.3	23	8
2006-05-20	0	6.6	25	7
2006-05-21	0	6.7	27	5
2006-05-22	0	6.9	26	4
2006-05-23	0	7.2	27	6
2006-05-24	0	6.8	26	7
2006-05-25	0	7.6	28	5
2006-05-26	8	5.8	29	6
2006-05-27	0	5.55	28	7
2006-05-28	7.5	5.25	29	10
2006-05-29	1	3.85	26	11
2006-05-30	23	2.95	27	10
2006-05-31	23	4.35	28	8
2006-06-01	0	5.65	23	7
2006-06-02	0	4.7	24	8
2006-06-03	16	1.75	20	7
2006-06-04	7	2.8	22	10
2006-06-05	0	5.05	20	9
2006-06-06	0	1.9	23	10
2006-06-07	0	4.95	24	11
2006-06-08	0	5.65	23	7
2006-06-09	0	5.8	24	8
2006-06-10	0	5.7	25	5
2006-06-11	0	6.4	26	6
2006-06-12	0	5.9	27	5
2006-06-13	0	5.6	26	6
2006-06-14	0	4.9	24	5
2006-06-15	0	5.1	27	4
2006-06-16	0	6.3	28	3
2006-06-17	3	6.7	30	5
2006-06-18	8	5.3	28	9
2006-06-19	0	4.3	25	10
2006-06-20	0	6.1	27	8
2006-06-21	0	6.5	26	7
2006-06-22	0	6.05	25	8
2006-06-23	1	5.6	26	6
2006-06-24	0	4.6	24	10
2006-06-25	0	6.7	25	9
2006-06-26	0	7.25	26	10
2006-06-27	0	7.05	25	9
2006-06-28	1	6.1	26	8
2006-06-29	2	3.35	24	10
2006-06-30	3	1.9	19	9
2006-07-01	13	4.95	24	10
2006-07-02	1	3.8	26	6
2006-07-03	0	3.4	24	7
2006-07-04	4	3.7	23	10
2006-07-05	3	4.65	27	8
2006-07-06	0	6.75	26	10
2006-07-07	0	5.65	25	11
2006-07-08	0	4.7	24	9
2006-07-09	1	3.7	22	10
2006-07-10	3	3.2	24	11
2006-07-11	10	5.15	26	9
2006-07-12	0	3.75	24	10
2006-07-13	0	4.35	25	9
2006-07-14	10	5.5	26	7
2006-07-15	4	3.75	24	8
2006-07-16	3	5.8	25	9
2006-07-17	0	5.75	25	8
2006-07-18	0	6.35	26	9
2006-07-19	0	6	25	8
2006-07-20	0	4.7	24	7
2006-07-21	1	2.6	20	10
2006-07-22	1	3.1	21	11
2006-07-23	15	2.2	20	10
2006-07-24	20	1.8	22	9
2006-07-25	15	4.6	24	10
2006-07-26	4	4.7	25	8
2006-07-27	0	5.1	24	7
2006-07-28	2	4.5	25	10
2006-07-29	24	5.7	24	11
2006-07-30	0	5.1	25	8
2006-07-31	0	3.2	25	9
2006-08-01	0	4	26	10
2006-08-02	1	3.35	24	11
2006-08-03	3	2.25	25	10
2006-08-04	0	2.4	23	11
2006-08-05	2	1.4	21	10
2006-08-06	12	4.6	23	9
2006-08-07	76	3.25	24	13
2006-08-08	1	4.4	22	9
2006-08-09	4	2.4	23	10
2006-08-10	10	4.7	25	11
2006-08-11	16	5.8	26	10
2006-08-12	2	3.7	25	8
2006-08-13	1.5	4	24	7
2006-08-14	0	4.35	25	11
2006-08-15	1.5	4.45	24	12
2006-08-16	0	4.4	25	10
2006-08-17	0	5.2	24	8
2006-08-18	0	4.6	25	7
2006-08-19	4	3.35	23	6
2006-08-20	0	3.6	24	9
2006-08-21	12	3.45	22	8
2006-08-22	1.5	4.35	24	7
2006-08-23	2.5	3.6	25	9
2006-08-24	23	4.95	24	11
2006-08-25	12	3.2	23	10
2006-08-26	11	4.6	24	10
2006-08-27	3	3.7	25	11
2006-08-28	14	5.05	23	9
2006-08-29	0	3.85	24	8
2006-08-30	14	5.2	22	9
2006-08-31	14	2.5	24	10
2006-09-01	0	2.8	25	11
2006-09-02	0	4.95	24	10
2006-09-03	2	2.85	23	9
2006-09-04	16.5	4.1	24	8
2006-09-05	26	3.1	21	9
2006-09-06	4	3.55	23	8
2006-09-07	6	4.35	22	7
2006-09-08	0	3.2	25	10
2006-09-09	8	3.5	26	9
2006-09-10	0	3.5	25	8
2006-09-11	0	4.3	26	11
2006-09-12	0	4.85	25	13
2006-09-13	0	2.35	23	11
2006-09-14	0	5.85	25	10
2006-09-15	6	3.05	27	8
2006-09-16	10	5.15	28	7
2006-09-17	11	5.05	26	8
2006-09-18	22	4.55	25	7
2006-09-19	15.6	3.15	26	9
2006-09-20	2	3.1	25	8
2006-09-21	0	3.4	24	10
2006-09-22	0	4.2	26	11
2006-09-23	0	4.2	25	9
2006-09-24	7	3.85	24	8
2006-09-25	9	2.4	20	10
2006-09-26	1	2.95	19	9
2006-09-27	0	4.8	23	8
2006-09-28	0	3.25	24	9
2006-09-29	0	3.95	25	8
2006-09-30	0	3.95	24	10
2006-10-01	27	4.35	24	9
2006-10-02	0	3.5	23	10
2006-10-03	0	3.15	24	9
2006-10-04	0	2.75	21	10
2006-10-05	0	2.15	16	8
2006-10-06	0	0.45	18	7
2006-10-07	0	3.65	22	8
2006-10-08	0	3.55	24	9
2006-10-09	0	4.05	25	8
2006-10-10	0	3.05	26	9
2006-10-11	0	2.65	27	10
2006-10-12	1	3.45	26	9
2006-10-13	14	3.9	27	10
2006-10-14	3	1.7	24	11
2006-10-15	0	4.05	25	10
2006-10-16	0	3.95	26	9.5
2006-10-17	5	2.2	25	10
2006-10-18	2	3.1	27	8
2006-10-19	0	3.3	25	9
2006-10-20	3.5	3.1	24	10
2006-10-21	16	3.95	26	7
2006-10-22	0	2.95	23	6
2006-10-23	0	1.8	24	10
2006-10-24	20	4.05	23	7
2006-10-25	0	3.75	24	6
2006-10-26	0	3.9	25	7
2006-10-27	29	5.6	25.5	8
2006-10-28	0	5	24	5
2006-10-29	0	3.95	23	1
2006-10-30	0	3.85	25	1
2006-10-31	0	3.65	25.5	2
2006-11-01	0	3.85	25	3
2006-11-02	0	3.1	27	2.5
2006-11-03	0	2.6	20	4
2006-11-04	0	2.2	21	8
2006-11-05	9	3.7	26	5
2006-11-06	0	2.8	28	6
2006-11-07	0	1.9	20	5
2006-11-08	0	3.9	25	4
2006-11-09	0	2.2	24	5
2006-11-10	3	2.55	25	8
2006-11-11	7	1.95	20	9
2006-11-12	19	4.8	21	8
2006-11-13	8.5	3.65	23	6
2006-11-14	0	3.25	24	7
2006-11-15	0	2.3	23	6
2006-11-16	0	2.1	20	5
2006-11-17	0	3.2	24	6
2006-11-18	0	2.8	20	3
2006-11-19	5	1.65	15	4
2006-11-20	0	1.05	12	3
2006-11-21	0	2.1	16	2
2006-11-22	0	2.4	20	5
2006-11-23	0	3.4	21	4
2006-11-24	0	3.25	22	1
2006-11-25	0	3.15	23	1
2006-11-26	0	3	25	2
2006-11-27	0	2.7	25.5	0
2006-11-28	0	2.9	24	1
2006-11-29	0	3.15	26	3
2006-11-30	0	3.25	26	3
2006-12-01	0	2.6	25	4
2006-12-02	0	1.7	24	5
2006-12-03	3	4.35	20	3.5
2006-12-04	0	1.45	15	2
2006-12-05	0	1.55	19	1
2006-12-06	0	2.1	25	0
2006-12-07	0	2.25	19	0
2006-12-08	0	1.2	12	1
2006-12-09	0	1.5	19	3
2006-12-10	0	2.8	22	0
2006-12-11	0	3.6	23	1
2006-12-12	0	2.95	24	2
2006-12-13	0	3.95	22	1
2006-12-14	0	2.6	23	2
2006-12-15	0	3.1	15	1
2006-12-16	0	3.2	25	1
2006-12-17	0	3.2	24.5	1
2006-12-18	0	2.55	26	2
2006-12-19	0	4.05	25	3
2006-12-20	0	2.55	24	4
2006-12-21	0	3.65	25	3
2006-12-22	0	4.4	24	4
2006-12-23	0	4.6	23	3
2006-12-24	0	4.4	20	4
2006-12-25	0	2.3	22	2
2006-12-26	0	1.5	20	2
2006-12-27	0	4.6	24	2
2006-12-28	0	4.7	23	0.5
2006-12-29	0	4.2	24	1
2006-12-30	0	4.7	25	1
2006-12-31	0	3.9	25	0
2007-01-01	0	2.7	19	-1
2007-01-02	4	2.9	21	3
2007-01-03	0	2.9	23	3
2007-01-04	0	2.7	24	4
2007-01-05	0	2.9	25	1
2007-01-06	0	4.5	27	0
2007-01-07	0	3.2	26	2
2007-01-08	0	3.2	27	1
2007-01-09	0	1.9	18	2
2007-01-10	0	2.85	23	1
2007-01-11	0	3.15	25	0
2007-01-12	0	3.65	26	2
2007-01-13	0	4.05	25	3
2007-01-14	0	2.25	27	4
2007-01-15	0	3.5	26	5
2007-01-16	0	3.05	25	4
2007-01-17	0	3.3	24	3
2007-01-18	0	3.9	26	4
2007-01-19	0	3.5	24	2
2007-01-20	0	4.3	25	1
2007-01-21	0	5.8	27	2
2007-01-22	0	2.95	26	5
2007-01-23	0	3.7	25	6
2007-01-24	0	1.45	24	5
2007-01-25	0	3.8	20	6
2007-01-26	5	3.5	23	3
2007-01-27	0	2.1	27	4
2007-01-28	0	3.1	26	3
2007-01-29	0	4.35	23	2
2007-01-30	0	3.75	25	3
2007-01-31	0	6.4	26	5
2007-02-01	0	7.1	24	4
2007-02-02	0	5.4	26	8
2007-02-03	3	1.95	25	7
2007-02-04	6	1.3	19	6
2007-02-05	5	0.95	14	4
2007-02-06	0	2.7	21	5
2007-02-07	0	4.2	22.5	2
2007-02-08	0	3.75	24	6
2007-02-09	2.5	1.85	23	4
2007-02-10	0.01	2.55	19	5
2007-02-11	0	3.6	23	1
2007-02-12	0	4.6	26	1
2007-02-13	0	4.1	27	0
2007-02-14	0	6.6	27.5	1
2007-02-15	0	8.15	27	3
2007-02-16	0	3.95	28	1
2007-02-17	0	2.7	25	2
2007-02-18	0	3.9	24	1
2007-02-19	0	4.7	24	0
2007-02-20	0	5.05	27.5	1
2007-02-21	0	5.1	30	4
2007-02-22	0	5.95	28	5
2007-02-23	0	5.5	30	4
2007-02-24	0	5.15	28	5
2007-02-25	0	4.8	29	6
2007-02-26	0	5.1	28	4
2007-02-27	0	5.15	31	3
2007-02-28	0	5.05	30	4
2007-03-01	0	5.2	32	5
2007-03-02	0	5	31	6
2007-03-03	0	4.95	30	4
2007-03-04	0	5.4	31	5
2007-03-05	0	3.2	21	3
2007-03-06	0	4.95	25	0
2007-03-07	0	4.7	28	2
2007-03-08	0	5.1	29	3
2007-03-09	1	4.15	27	4
2007-03-10	3	2.25	24	5
2007-03-11	7	3.45	25	6
2007-03-12	0	3.1	24	7
2007-03-13	2	2.6	22	6
2007-03-14	0	6.2	26	5
2007-03-15	0	6.45	29	3
2007-03-16	0	6.2	26	4
2007-03-17	0	6.15	25	3
2007-03-18	0	7.35	26	2
2007-03-19	0	6.15	29	1
2007-03-20	0	6.3	30	3
2007-03-21	0	6.25	29	5
2007-03-22	0	5.95	28	6
2007-03-23	0	5.4	30	5
2007-03-24	0	4.6	28	4
2007-03-25	0	4.4	25	5
2007-03-26	0	5.9	27	6
2007-03-27	7	5.75	28	7
2007-03-28	0	4.15	27	6
2007-03-29	3	5.9	30	8
2007-03-30	10	5.6	29	7
2007-03-31	19	4.8	28	6
2007-04-01	1	5.4	25	7
2007-04-02	3	3	24	6
2007-04-03	0	5.05	23	7
2007-04-04	1	2.95	24	6
2007-04-05	0	4.75	22	5
2007-04-06	0	6.05	25	7
2007-04-07	0	6.05	26	4
2007-04-08	0	8.15	25.5	5
2007-04-09	0	7.4	24	8
2007-04-10	0	9.2	25	5
2007-04-11	0	6.75	29	4
2007-04-12	0	6.85	28	3
2007-04-13	0	6.75	27	4
2007-04-14	0	5.3	28	5
2007-04-15	0	5.9	25	6
2007-04-16	0	6.25	30	4
2007-04-17	0	8.55	29	5
2007-04-18	0	5.05	28	8
2007-04-19	0	5.8	27	7
2007-04-20	0	6.3	30	8
2007-04-21	0	6.8	29	7
2007-04-22	0	6.4	31	7.5
2007-04-23	13	6.4	30	6
2007-04-24	0.01	4.1	27	7
2007-04-25	0	5.2	26	8
2007-04-26	0.01	5.7	28	7
2007-04-27	0	4.6	24	6
2007-04-28	12	6	26	8
2007-04-29	7	5.1	25	7
2007-04-30	0	4.35	26	8
2007-05-01	1	5.4	25	7
2007-05-02	3	3	24	6
2007-05-03	0	5.05	23	7
2007-05-04	1	2.95	24	6
2007-05-05	0	4.75	22	5
2007-05-06	0	6.05	25	7
2007-05-07	0	6.05	26	4
2007-05-08	0	8.15	25.5	5
2007-05-09	0	7.4	24	8
2007-05-10	0	9.2	25	5
2007-05-11	0	6.75	29	4
2007-05-12	0	6.85	28	3
2007-05-13	0	6.75	27	4
2007-05-14	0	5.3	28	5
2007-05-15	0	5.9	25	6
2007-05-16	0	6.25	30	4
2007-05-17	0	8.55	29	5
2007-05-18	0	5.05	28	8
2007-05-19	0	5.8	27	7
2007-05-20	0	6.3	30	8
2007-05-21	0	6.8	29	7
2007-05-22	0	6.4	31	7.5
2007-05-23	13	6.4	30	6
2007-05-24	0.01	4.1	27	7
2007-05-25	0	5.2	26	8
2007-05-26	0.01	5.7	28	7
2007-05-27	0	4.6	24	6
2007-05-28	12	6	26	8
2007-05-29	7	5.1	25	7
2007-05-30	0	4.35	26	8
2007-06-01	0	7.35	27	4
2007-06-02	0	7.2	29	3
2007-06-03	0	8.2	29	7
2007-06-04	0	7.6	31	6.5
2007-06-05	0	7.5	30	7
2007-06-06	0	8.7	31	9
2007-06-07	0	6	31	12
2007-06-08	2	6.3	30	11
2007-06-09	0.01	7.2	25	10
2007-06-10	0	7.55	27	9
2007-06-11	0	6.5	28	8
2007-06-12	0	7.25	27	7
2007-06-13	0	7.45	29.5	6
2007-06-14	0	6.9	28	6
2007-06-15	0	2.25	27	5
2007-06-16	11	3.25	28	9
2007-06-17	15	4.45	26	9
2007-06-18	11	4.3	24	10
2007-06-19	1.5	4.4	25	11
2007-06-20	4	2.4	23	10
2007-06-21	21	3.2	25	9
2007-06-22	5	2.9	24	10
2007-06-23	0	4.55	26	9
2007-06-24	0	4.95	25	10
2007-06-25	2.5	3.95	24	11
2007-06-26	1	4.4	26	8
2007-06-27	10	5.85	25	12
2007-06-28	0	3.3	24	9
2007-06-29	6	7.15	25	8
2007-06-30	28	6.35	24	9
2007-07-01	1	3.3	25	7
2007-07-02	30	4.8	24	11
2007-07-03	7	4.75	26	9
2007-07-04	20	4.75	25	10
2007-07-05	40	4.15	24	11
2007-07-06	1	4.05	25	9
2007-07-07	2.5	3.95	25	8
2007-07-08	0	4.65	26	10
2007-07-09	0	5	25	8
2007-07-10	0	4.4	25.5	9
2007-07-11	2	3.65	24	10
2007-07-12	0	4.4	23	8
2007-07-13	0	5	24	7
2007-07-14	0	5.6	25	6
2007-07-15	0	5.05	27	7
2007-07-16	0	5.3	25	8
2007-07-17	19	2.9	24	10
2007-07-18	3.5	2.1	23	6
2007-07-19	20	5.35	25	10
2007-07-20	2	4.15	23	10
2007-07-21	0	4.2	25	9
2007-07-22	13	5.2	23	11
2007-07-23	0	4.65	21	10
2007-07-24	0	3.9	26	9
2007-07-25	1.5	2.45	24	8
2007-07-26	1	2.95	23	11
2007-07-27	0	4.8	26	10
2007-07-28	11	4.4	25	11
2007-07-29	19	5.25	26	10
2007-07-30	0	2.75	25	10
2007-07-31	15	5.4	24	11
2007-08-01	0	4.65	25	7
2007-08-02	0	4.6	25	9
2007-08-03	0	3.95	24	8
2007-08-04	14	5.45	25	7
2007-08-05	0	4.2	26.5	9
2007-08-06	1	3.95	23.5	10
2007-08-07	13	3.9	25	9
2007-08-08	12	5.05	24	10
2007-08-09	0	4.25	25	8
2007-08-10	0	5.45	24	7
2007-08-11	0	3.65	23	6
2007-08-12	0	4.7	25	5
2007-08-13	0	4.4	24	9
2007-08-14	0	4.6	23	10
2007-08-15	0	5.25	25	9
2007-08-16	18.5	4.25	25.5	10
2007-08-17	12	2.7	23	11
2007-08-18	0	3.75	25	9
2007-08-19	3	4.25	24	8
2007-08-20	0	4.1	25	7
2007-08-21	0	4.7	24	8
2007-08-22	40	3.45	18	9
2007-08-23	1	2.95	22	8
2007-08-24	1	3.8	24	10
2007-08-25	0	4.65	23	9
2007-08-26	2.5	3.9	24	10
2007-08-27	1	3.75	26	10
2007-08-28	3	3.1	25	11
2007-08-29	2	4.6	24	11.5
2007-08-30	14	1.95	21	10
2007-08-31	7	0.1	18	9
2007-09-01	24	3.69	20	10
2007-09-02	16	1.8	21	11
2007-09-03	18	4.85	26	10
2007-09-04	1	3.5	25	13
2007-09-05	0	4.45	26	10
2007-09-06	0	3.95	25	11
2007-09-07	3	0.6	19	10
2007-09-08	2	2.7	23	12
2007-09-09	3	4.1	24	10
2007-09-10	0	2.95	22	10
2007-09-11	12	3.25	21	9
2007-09-12	9	3.4	20	10
2007-09-13	15	5.2	24	10
2007-09-14	2	4.45	23	9
2007-09-15	0	3.5	22	8
2007-09-16	0	4.5	23	7
2007-09-17	16	5.65	25	8
2007-09-18	11	4.85	24	7
2007-09-19	2	3.65	23	7.5
2007-09-20	0	3.25	24	9
2007-09-21	0	4.7	26	10
2007-09-22	0	5.1	24	6
2007-09-23	0	3.75	25	6
2007-09-24	0	5.1	29	4
2007-09-25	0	4.2	21	3
2007-09-26	0	4.4	25.5	2
2007-09-27	3	2.05	22	6
2007-09-28	16	0.85	17	10
2007-09-29	4.5	2.95	24	10
2007-09-30	0	4.3	23	11
2007-10-01	0	2.9	21	11
2007-10-02	0	4.85	24	8
2007-10-03	0	3.7	25	7
2007-10-04	0	4.65	26	5
2007-10-05	0	2.9	25	6
2007-10-06	12	4.25	26	7
2007-10-07	0	3.85	25	6
2007-10-08	0	4.65	23	8
2007-10-09	8	1.6	20	7
2007-10-10	1	3.05	21	6
2007-10-11	0	3.25	20	9
2007-10-12	0	3.05	23	8
2007-10-13	0	4.35	25	4
2007-10-14	0	4.35	25.5	3.5
2007-10-15	0	5.1	26	4
2007-10-16	0	3.95	27	2
2007-10-17	0	3.25	28	2
2007-10-18	26	7.45	29	4
2007-10-19	0	2.65	28	8
2007-10-20	0	1.2	20	10
2007-10-21	14	3.85	26	9
2007-10-22	10	4.75	25	10
2007-10-23	1	1.5	19	6
2007-10-24	0	3.15	17	2
2007-10-25	0	3.05	20	2
2007-10-26	0	3.7	21	1
2007-10-27	0	3.7	19	-2
2007-10-28	0	0.55	20	0
2007-10-29	0	2.05	16	4
2007-10-30	0	3.05	20	5
2007-10-31	0	3.65	24	2
2007-11-01	0	3.7	23	0
2007-11-02	0	2.8	25	1
2007-11-03	0	3.4	22	3
2007-11-04	0	3.1	21	7
2007-11-05	0	3.8	23	3
2007-11-06	0	3.45	22	2
2007-11-07	0	3.15	20	0
2007-11-08	0	3.3	24	0
2007-11-09	0	3.25	23	1
2007-11-10	0	3.45	24	0
2007-11-11	0	3.7	25	0
2007-11-12	0	3.6	24.5	0
2007-11-13	0	3.15	23	0
2007-11-14	0	3.4	25	2
2007-11-15	0	2.9	20	1
2007-11-16	0	3.15	23	2
2007-11-17	0	3.8	26	5
2007-11-18	2	3.05	24	6
2007-11-19	0	2.95	22	5
2007-11-20	0	3.1	23	7
2007-11-21	0	3.2	24	4
2007-11-22	6	3.3	25	3
2007-11-23	2	2.7	23	4
2007-11-24	0	3.15	24	3
2007-11-25	0	2.95	23	5
2007-11-26	0	3.05	24	3
2007-11-27	0	3.1	22	2
2007-11-28	0	3.6	24	4
2007-11-29	0	3.25	23	5
2007-11-30	0	3.45	24	6
2007-12-01	0	3.35	26	7
2007-12-02	0	3.15	25	5
2007-12-03	0	2.7	18	4
2007-12-04	0	3	22	2
2007-12-05	3	2.8	20	4
2007-12-06	0	2.95	22	7
2007-12-07	0	3.15	23	4.5
2007-12-08	0	3.2	24	2
2007-12-09	0	3.1	26	3
2007-12-10	0	3.05	24	2
2007-12-11	0	3.4	25	3
2007-12-12	0	2.8	22	2.5
2007-12-13	0	2.95	24	1
2007-12-14	0	3.3	25	2
2007-12-15	0	3.35	26	3
2007-12-16	0	3.2	25	5
2007-12-17	0	3.1	26	4
2007-12-18	0	2.7	25	3.5
2007-12-19	0	3.8	28	2
2007-12-20	0	4.05	27	3
2007-12-21	0	3.55	28	2
2007-12-22	0	3.55	27	3
2007-12-23	0	3	24	4
2007-12-24	0	3.95	25	5
2007-12-25	0	2.8	23	2
2007-12-26	0	1.95	23	3
2007-12-27	0	5.5	25	4
2007-12-28	0	0.75	28	3
2007-12-29	0	6.65	27	4
2007-12-30	0	3.95	26	5
2007-12-31	0	4.05	25	2
2008-01-01	0	2.05	20	0
2008-01-02	0	0.4	11	0
2008-01-03	0	2.7	18	-4
2008-01-04	0	2.9	24	0
2008-01-05	0	3.8	25	1
2008-01-06	0	3.15	26	4
2008-01-07	0	3.6	28	4
2008-01-08	0	3.9	27	5
2008-01-09	0	6	26	1
2008-01-10	0	2.2	25	2
2008-01-11	0	4.2	25	2.5
2008-01-12	0	4.05	24	3
2008-01-13	0	2.6	22	2
2008-01-14	0	3.95	24	3
2008-01-15	0	4.5	20	4
2008-01-16	0	4.7	22	3
2008-01-17	0	4.4	21	2.5
2008-01-18	0	3.8	23	3
2008-01-19	0	2.05	20	4
2008-01-20	0	1.85	21	3
2008-01-21	0	3.4	25	1
2008-01-22	0	4.05	27	0
2008-01-23	1	3.5	28	2
2008-01-24	0	3.75	28	3
2008-01-25	0	3.7	27	3
2008-01-26	0	4.4	26	2
2008-01-27	0	2.75	23	3
2008-01-28	0	3.9	28	1
2008-01-29	0	4.55	26	1
2008-01-30	0	5.75	25	3
2008-01-31	0	5.15	28	4
2008-02-01	0	4.4	25	5
2008-02-02	0	4.65	26	3
2008-02-03	0	4.75	27	4
2008-02-04	0	5.05	26	3
2008-02-05	0	6.6	25	4
2008-02-06	0	4.65	26.5	1
2008-02-07	0	4.15	25	2
2008-02-08	4	3.5	25.5	3
2008-02-09	0	3	25	4
2008-02-10	0.01	4.65	23	2
2008-02-11	0	3.8	21	3
2008-02-12	0	4.85	23	2
2008-02-13	0	4.35	25	4
2008-02-14	0	4.6	26	3
2008-02-15	0	5.2	29	4
2008-02-16	0	4.65	27	5
2008-02-17	0	5.05	29	4
2008-02-18	0	3.9	28	3
2008-02-19	0	4.3	29	4
2008-02-20	0	4.1	28	5
2008-02-21	0	3.95	28	5
2008-02-22	0	3.8	29	6
2008-02-23	0	3.85	28	4
2008-02-24	0	5.2	30	3
2008-02-25	0	5.15	29	2
2008-02-26	0	5.3	31	3
2008-02-27	0	5.1	30	4
2008-02-28	0	3.75	26	1
2008-02-29	0	3.8	27	0
2008-03-01	0	4.65	26	5
2008-03-02	0	6.75	27	6
2008-03-03	0	8.2	28	5
2008-03-04	0	7.7	29	6
2008-03-05	0	8.4	28	5
2008-03-06	0	8.9	29	6
2008-03-07	0	8.15	25	2
2008-03-08	0	7.2	23	-2
2008-03-09	0	7.35	21	-2
2008-03-10	0	6.1	25	2
2008-03-11	0	5	26	1
2008-03-12	0	6.4	27	2
2008-03-13	0	6.5	26	4
2008-03-14	0	6.05	28	5
2008-03-15	0	7.2	30	4
2008-03-16	0	6.55	31	5
2008-03-17	0	7.8	30	6
2008-03-18	0	7.85	26	7
2008-03-19	0	5.65	25	3
2008-03-20	0	5.85	26	4
2008-03-21	0	6.75	28	2
2008-03-22	0	6.55	28.5	3
2008-03-23	1	5.15	27	4
2008-03-24	0	2.45	20	5
2008-03-25	0	5.6	27	3
2008-03-26	0	6.5	28	4
2008-03-27	0	6.4	30	5
2008-03-28	1	5.7	31	4
2008-03-29	0	5.85	32	7
2008-03-30	0	6.2	31	8
2008-03-31	0	7.55	31.5	7
2008-04-01	0	8.1	32.5	8
2008-04-02	0	7.7	31	6
2008-04-03	0	8.05	33	5
2008-04-04	0	9.3	31	7
2008-04-05	0	8.55	30	8
2008-04-06	0	4.35	30.5	7
2008-04-07	0	11.9	31	6
2008-04-08	0	7.85	32	7
2008-04-09	0	6.7	29	6
2008-04-10	0	6.8	33	9
2008-04-11	0	6.75	31	7
2008-04-12	49	5.9	28	8
2008-04-13	0	3.15	19	7
2008-04-14	0	4.85	21	5
2008-04-15	0	4.7	25	6
2008-04-16	0	5.4	28	7
2008-04-17	0.01	5.15	29	4
2008-04-18	0	5.25	30	8
2008-04-19	0	6.85	29	7
2008-04-20	0	6.7	31	8
2008-04-21	0	7.95	32	7
2008-04-22	0	7.5	32.5	8
2008-04-23	0	6.75	33	7
2008-04-24	0	7.3	31	8
2008-04-25	2	7.55	32	7
2008-04-26	1	4.75	28	9
2008-04-27	9	4.15	27	6.5
2008-04-28	0	2.75	21	6
2008-04-29	0.01	2.4	24	7
2008-04-30	0.01	4.6	25	6
2008-05-01	0	5.9	27	7
2008-05-02	0	8.3	29	8
2008-05-03	0	6.4	30	9
2008-05-04	1	6	28	6
2008-05-05	0	6.1	29	7
2008-05-06	0	5.9	30	8
2008-05-07	0	6.15	31	7.5
2008-05-08	18	6.3	32	10
2008-05-09	0	5.4	30	11
2008-05-10	0	6.5	31	10
2008-05-11	0	7.1	30	9
2008-05-12	0	6.55	31	10
2008-05-13	1	4.75	30	9
2008-05-14	2.5	3.5	27	10
2008-05-15	1	4	26	8
2008-05-16	0	3.1	27	7
2008-05-17	8	3.5	26	6
2008-05-18	0.01	3.25	25	7
2008-05-19	1	3.5	27	6
2008-05-20	0	1.75	21	7
2008-05-21	0	3.9	27	6
2008-05-22	0	8.8	26	7
2008-05-23	0	6.95	29	5.5
2008-05-24	0	7.15	28	6
2008-05-25	0	6.3	30	8
2008-05-26	0	5.4	29	7
2008-05-27	0	5.2	28	10
2008-05-28	0	3.6	26	7
2008-05-29	0	3.55	25	6
2008-05-30	0	6.1	27	7
2008-05-31	0	5.4	28	9
2008-06-01	0	6.05	29	8
2008-06-02	0	5.9	27	8
2008-06-03	0	5.8	27.5	6.5
2008-06-04	0	6.15	30	8.5
2008-06-05	0	6.25	31	8
2008-06-06	42	5.35	30	10
2008-06-07	8	3.7	26	11
2008-06-08	33	4.1	25	12
2008-06-09	30	5.9	24	11
2008-06-10	39	5.5	23.5	10
2008-06-11	9	4.2	24	11
2008-06-12	2	3.3	25	10
2008-06-13	0	5.3	26	11
2008-06-14	1	4.15	24	10
2008-06-15	0	3.75	26	9
2008-06-16	15	5.2	25	10
2008-06-17	0	5.1	26	9
2008-06-18	0	6.56	25	9
2008-06-19	0	6.1	26	7
2008-06-20	0	5.5	25	5
2008-06-21	0	4.75	24	6
2008-06-22	28	5.75	23	7
2008-06-23	0	3.5	24	10
2008-06-24	0.01	3.25	25	9
2008-06-25	6	4	24	7
2008-06-26	0	5.1	25	8
2008-06-27	0	4.55	25.5	9
2008-06-28	0	4.75	24	10
2008-06-29	10	3.2	23	9
2008-06-30	10	4.15	23	10
2008-07-01	11	2.95	24	10.5
2008-07-02	12	3.8	24.5	11
2008-07-03	26	4.9	24	10
2008-07-04	16	4.95	25	11
2008-07-05	6	3.55	24	10
2008-07-06	51	4.9	25	9
2008-07-07	10	1.9	21	10
2008-07-08	49	3.2	22	11
2008-07-09	2	1.45	20	10
2008-07-10	4	2.2	21	10
2008-07-11	2	3.05	23	9
2008-07-12	3	3.7	23	8
2008-07-13	0	3.7	25	7.5
2008-07-14	0	4.65	25.5	9
2008-07-15	0	5.25	25	10
2008-07-16	0	5.15	24	9
2008-07-17	2	3.9	25	8
2008-07-18	1	4.8	26	7
2008-07-19	0	4.05	24	8
2008-07-20	0	2.75	23.5	10
2008-07-21	0	4.5	23	6
2008-07-22	0	4.3	25	4.5
2008-07-23	2	4.85	26	8
2008-07-24	0	4.3	25	9
2008-07-25	0.01	3.95	25.5	10
2008-07-26	12	3.8	24	8
2008-07-27	0	5.2	25	7
2008-07-28	8	5.2	26	8
2008-07-29	0	3.75	25	7
2008-07-30	0	5.1	27	8
2008-07-31	6	5.25	29.5	9
2008-09-01	2	3.6	26	10
2008-09-02	0	5.55	25	10
2008-09-03	0	3.1	26	10
2008-09-04	0	5.6	25	9
2008-09-05	0	4.3	24	10
2008-09-06	0	3.1	23	8
2008-09-07	2	2.9	20	9
2008-09-08	20	4.3	23	10
2008-09-09	4	2.6	25	10.5
2008-09-10	23	4.25	26	11
2008-09-11	2	2	27	11.5
2008-09-12	0	6.7	28	10
2008-09-13	3	3.35	27	11
2008-09-14	40	5.1	21	12
2008-09-15	9	4.15	22	10
2008-09-16	1	3	20	9
2008-09-17	0	2.85	21	8
2008-09-18	0	2.6	22	9
2008-09-19	0	3.25	23	8
2008-09-20	0	2.25	22	9
2008-09-21	2	2.65	20	10
2008-09-22	2	2.75	21	9
2008-09-23	2.5	3	21.5	10
2008-09-24	5	3	20	9
2008-09-25	5	2.8	18	10
2008-09-26	0	1.55	20	8
2008-09-27	0	2.65	22	7
2008-09-28	0	4.7	22.5	8
2008-09-29	0	4.2	21	7
2008-09-30	0	4.3	20	6
2008-10-01	0	4.1	21	3
2008-10-02	0	4.3	22	2
2008-10-03	0	4.05	23	4
2008-10-04	0	4.15	24	3.5
2008-10-05	2.5	3.45	25	4
2008-10-06	14	4.55	26	8
2008-10-07	3	2.35	22	7
2008-10-08	1	1.45	19	10
2008-10-09	0	3.25	20	9
2008-10-10	1	3.55	26	10
2008-10-11	0	3.85	25	9
2008-10-12	0	9.25	26	10.5
2008-10-13	0	3.4	24	10
2008-10-14	0	3.55	23	6
2008-10-15	0	4.1	25	4
2008-10-16	1	2.15	24	8
2008-10-17	3	1.3	19	10
2008-10-18	0	0.85	17	9
2008-10-19	0	2.3	19	8
2008-10-20	0	2.65	22	7
2008-10-21	0	4.3	25	5
2008-10-22	0	4.75	26	2
2008-10-23	0	3.05	23	1
2008-10-24	0	3.3	24	2
2008-10-25	0	5.1	25	3
2008-10-26	0	4.25	25.5	2
2008-10-27	4	1.75	25	2
2008-10-28	0	1	12	4
2008-10-29	0	3.15	21	3
2008-10-30	0	3.25	23	4
2008-10-31	0	3.15	21	6
2008-11-01	0	1.75	19	4
2008-11-02	0	3.65	22	4
2008-11-03	0	3.65	24	5
2008-11-04	0	3.75	25	4
2008-11-05	0	3.5	26	2
2008-11-06	0	3.25	26	1
2008-11-07	0	3.7	25	2
2008-11-08	0	2.6	25	3
2008-11-09	0	3.1	24	2
2008-11-10	0	4.25	26	3
2008-11-11	0	4.1	28	4
2008-11-12	0	4.25	27	5
2008-11-13	0	5.85	26	4
2008-11-14	0	4.95	27	3
2008-11-15	0	1.7	19	3.5
2008-11-16	0	2.6	20	3
2008-11-17	0	3	22	4
2008-11-18	0	3.4	20	0
2008-11-19	0	2.55	19	-3
2008-11-20	0	2.6	22	-3
2008-11-21	0	1.7	16	-1
2008-11-22	0	2.45	20	1
2008-11-23	0	2.95	22	3
2008-11-24	0	3.4	24	4
2008-11-25	0	1.85	20	3.5
2008-11-26	0	3.2	25	4
2008-11-27	0	3.85	27	5
2008-11-28	0	3.4	26	1
2008-11-29	0	5.1	25	2
2008-11-30	0	4.05	24.5	3.5
2008-12-01	0	2.85	24	0
2008-12-02	0	4.1	25	1
2008-12-03	0	3.6	26	0
2008-12-04	0	3.3	24	0
2008-12-05	0	3.4	23	-1
2008-12-06	0	3.4	25	1
2008-12-07	0	3.1	24	0
2008-12-08	0	3.5	25	1
2008-12-09	0	3.65	25	3
2008-12-10	0	5.65	26	0
2008-12-11	0	3.4	22	-3
2008-12-12	0	3.25	21.5	-2
2008-12-13	0	3.2	27	-2
2008-12-14	0	3.55	28	0
2008-12-15	0	4.1	22	0
2008-12-16	0	3.9	27	-1
2008-12-17	0	2.9	26	0
2008-12-18	0	4.05	27	1
2008-12-19	0	4.95	26	2
2008-12-20	0	4.3	27	-1
2008-12-21	0	4.25	26	-2
2008-12-22	0	3.35	23	-1
2008-12-23	0	3.75	24	0
2008-12-24	0	3.65	25	1
2008-12-25	0	3.2	24	0
2008-12-26	0	3.1	25	0
2008-12-27	0	4.3	25	1
2008-12-28	0	3	26	2
2008-12-29	0	3.15	27	1
2008-12-30	0	6.9	24	3
2008-12-31	0	3.6	25	2
2009-01-01	0	3.4	24	2
2009-01-02	0	3.25	25	0
2009-01-03	0	3.25	26	0
2009-01-04	0	3.2	26.5	3
2009-01-05	0	1.65	25	3.5
2009-01-06	0	4.9	27	3
2009-01-07	0	4.75	28	1
2009-01-08	0	4.65	27	0
2009-01-09	0	4.7	29	0
2009-01-10	0	4.7	28	1
2009-01-11	0	3.5	25	2
2009-01-12	0	2.7	23	1
2009-01-13	0	1.75	13	4
2009-01-14	2	3.1	23	0
2009-01-15	10	1.95	16	0
2009-01-16	3	1.75	12	5
2009-01-17	0	1.8	21	4
2009-01-18	0	3.65	22	2
2009-01-19	0	3.85	23	0
2009-01-20	0	3.75	23	0
2009-01-21	0	4	24	1
2009-01-22	0	4.25	25	0
2009-01-23	0	4.55	26	0
2009-01-24	0	5	25	0
2009-01-25	0	4.6	26	-1
2009-01-26	0	4.75	27	0
2009-01-27	0	4.65	29	1
2009-01-28	0	3.5	28	1
2009-01-29	0	5.1	29	3
2009-01-30	0	2.4	20	4
2009-01-31	0	2.95	25	2
2009-02-01	0	5.4	25	1
2009-02-02	0	4.65	24	4
2009-02-03	0	3.4	22	3
2009-02-04	0	2.6	22	2
2009-02-05	0	3.2	21	1
2009-02-06	0	3.6	23	-2
2009-02-07	0	5.6	27	-3
2009-02-08	0	3.75	28	-3.5
2009-02-09	0	4.05	27	1
2009-02-10	0	6.6	27.5	3
2009-02-11	0	4.4	28	2
2009-02-12	0	4.45	27	3
2009-02-13	0	8.15	29	3.5
2009-02-14	0	5.35	28	3
2009-02-15	0	5.05	29	4
2009-02-16	0	5.1	28	3.5
2009-02-17	0	4.3	29	5
2009-02-18	9	5.95	30	6
2009-02-19	7	5.6	27	5
2009-02-20	0	3.5	24	4
2009-02-21	5.5	3.2	27	6
2009-02-22	1.5	2.75	17	5
2009-02-23	0	4.05	21	3
2009-02-24	0	5.35	24	-2
2009-02-25	0	6.55	26	-2.5
2009-02-26	0	6.35	29	0
2009-02-27	0	6.6	28	1
2009-02-28	0	6.5	29	2
2009-03-01	0	4.2	20	3
2009-03-02	0	5.25	24	-2
2009-03-03	0	6.1	26	-1.5
2009-03-04	0	6.6	29	-1
2009-03-05	0	6.2	28	0
2009-03-06	0	5.65	29	1
2009-03-07	0.01	5.65	30	0
2009-03-08	0	6.8	29	4
2009-03-09	0	5.9	28	3
2009-03-10	0	6.1	30	4
2009-03-11	0	5.2	28	5
2009-03-12	4	3.5	26	4
2009-03-13	0	4.8	29	5
2009-03-14	0	5.9	28	5
2009-03-15	0	6.9	29	6
2009-03-16	0	5.65	28	5
2009-03-17	0	5.4	25	5
2009-03-18	0	5.9	28	6
2009-03-19	0	6.1	27	3
2009-03-20	0	5.55	24	4
2009-03-21	0	6.15	26	5
2009-03-22	0	6.75	27	1
2009-03-23	0	7.55	30	2
2009-03-24	0	5.65	32	3
2009-03-25	0	4.85	31	6
2009-03-26	0	8.35	29	7
2009-03-27	0	9.35	28	6.5
2009-03-28	0	8.3	28.5	7
2009-03-29	0	7.25	30	4
2009-03-30	0	7.8	32	5
2009-03-31	0	6.05	31	7
2009-04-01	0	4.2	20	3
2009-04-02	0	5.25	24	-2
2009-04-03	0	6.1	26	-1.5
2009-04-04	0	6.6	29	-1
2009-04-05	0	6.2	28	0
2009-04-06	0	5.65	29	1
2009-04-07	0.01	5.65	30	0
2009-04-08	0	6.8	29	4
2009-04-09	0	5.9	28	3
2009-04-10	0	6.1	30	4
2009-04-11	0	5.2	28	5
2009-04-12	4	3.5	26	4
2009-04-13	0	4.8	29	5
2009-04-14	0	5.9	28	5
2009-04-15	0	6.9	29	6
2009-04-16	0	5.65	28	5
2009-04-17	0	5.4	25	5
2009-04-18	0	5.9	28	6
2009-04-19	0	6.1	27	3
2009-04-20	0	5.55	24	4
2009-04-21	0	6.15	26	5
2009-04-22	0	6.75	27	1
2009-04-23	0	7.55	30	2
2009-04-24	0	5.65	32	3
2009-04-25	0	4.85	31	6
2009-04-26	0	8.35	29	7
2009-04-27	0	9.35	28	6.5
2009-04-28	0	8.3	28.5	7
2009-04-29	0	7.25	30	4
2009-04-30	0	7.8	32	5
2009-05-01	0	7	31	3.5
2009-05-02	0	6.95	33	3
2009-05-03	0	6.45	33.5	7
2009-05-04	0	6.95	34	7.5
2009-05-05	0	6.8	33	7
2009-05-06	0	6.55	33	6.5
2009-05-07	0	7.1	32	7
2009-05-08	0	6.85	33	5
2009-05-09	0	6.95	34	5
2009-05-10	0	6.75	31	6
2009-05-11	0	5.8	30	9
2009-05-12	0	4.95	31	11
2009-05-13	3	5.1	30	11
2009-05-14	5	5.45	31	10
2009-05-15	3	4.75	28	9
2009-05-16	6	4.45	27	10
2009-05-17	1	6.2	24	10
2009-05-18	0	2.05	17.5	9
2009-05-19	0	2.95	23	7.5
2009-05-20	17	2.9	27	8
2009-05-21	6.5	5.25	25	7
2009-05-22	3	4.25	26	9
2009-05-23	0	4.05	27	10
2009-05-24	0	6.2	29	8
2009-05-25	0	7.5	30	7
2009-05-26	0	8.8	30.5	9
2009-05-27	0	7.3	31	10
2009-05-28	0	6.45	32	9
2009-05-29	8	6	33	9
2009-05-30	0	4.6	26	7
2009-05-31	0	4.55	28	8
2009-06-01	0	4.05	27	5
2009-06-02	0	3.75	27	6
2009-06-03	0	4.15	27.5	7
2009-06-04	0	4.6	26.5	8
2009-06-05	0	4.35	28	5
2009-06-06	0	5.05	29	4.5
2009-06-07	0	5.45	30	5
2009-06-08	0	5.55	32	6
2009-06-09	0	5.9	32	6
2009-06-10	0	5.65	31	7
2009-06-11	0	5.5	31.5	8
2009-06-12	0	5.7	31	7
2009-06-13	0	4.95	29	6
2009-06-14	0	5.35	30	6
2009-06-15	0	9.15	31	7
2009-06-16	5	5.8	30	6
2009-06-17	4	4.15	28	10
2009-06-18	0.01	3.95	27	10
2009-06-19	0	4.35	28	11
2009-06-20	2.5	4.1	27	2
2009-06-21	7	4	26	11
2009-06-22	5	2.25	24	10
2009-06-23	0	2.75	23	11
2009-06-24	61	3.6	27	10
2009-06-25	3.5	3.9	26	9
2009-06-26	0.01	2.8	27	10
2009-06-27	0	5.3	26.5	11
2009-06-28	8	3.5	27	10
2009-06-29	1	3.3	26	9.5
2009-06-30	50	3.65	25	10
2009-07-01	1.5	4	26	11
2009-07-02	8	3.55	24	11.5
2009-07-03	11	7.15	24	10
2009-07-04	11.5	3.45	23.5	10.5
2009-07-05	0	5	25	9
2009-07-06	0	5.1	26	8
2009-07-07	0	5.9	26	7
2009-07-08	0	6.25	25.5	6.5
2009-07-09	0	5.05	25	8
2009-07-10	3	3	22	7
2009-07-11	0	4.2	24	11
2009-07-12	0	2.9	23	8
2009-07-13	15.5	6.7	26	7
2009-07-14	0.01	6.05	25	9
2009-07-15	0	3.05	26	11
2009-07-16	0	5.4	25.5	9
2009-07-17	0	5	27	8.5
2009-07-18	0.01	3.35	25	8
2009-07-19	0	5.85	26	10
2009-07-20	0	6.15	27	9
2009-07-21	0	5.35	28	6
2009-07-22	0	5.6	27.5	5
2009-07-23	0	5.15	28	7
2009-07-24	1.5	5.4	27	8
2009-07-25	18.5	3.7	26	7
2009-07-26	0	4.9	25	10
2009-07-27	0	5	26	8
2009-07-28	8	5.35	27	7.5
2009-07-29	0	4.8	26.5	8
2009-07-30	0	6	27	9
2009-07-31	0	5.8	26	8
2009-08-01	0	5	26	9
2009-08-02	0	5.9	25	8
2009-08-03	0.01	5.25	26	11
2009-08-04	0	5.45	25	9
2009-08-05	3	4.3	27	10
2009-08-06	0	5.25	26.5	9
2009-08-07	0	6.2	27	8
2009-08-08	0.01	5.75	28	9
2009-08-09	3	4.75	26	10
2009-08-10	7	4.15	25	11
2009-08-11	0	4.6	25	8
2009-08-12	0	5.1	26	7
2009-08-13	0	5.45	27	6
2009-08-14	0	5.65	28	5
2009-08-15	0	5.3	27	7
2009-08-16	0	5.6	28	6
2009-08-17	2	4.95	27	7
2009-08-18	0.01	4.05	25	8
2009-08-19	7	4.15	25.5	7
2009-08-20	0	3.95	26	11
2009-08-21	0	4.75	25	13
2009-08-22	8	5.25	27	11
2009-08-23	0	5.05	26	8
2009-08-24	0	5.35	27	7
2009-08-25	0	4.43	26	6
2009-08-26	1	5.12	26.5	9
2009-08-27	1	3.7	26	11
2009-08-28	3.5	3.75	26.5	9
2009-08-29	33	4.1	22	9
2009-08-30	20	2.15	23	10
2009-08-31	3	2.55	23.5	11
2009-09-01	0	5.1	25	10
2009-09-02	0	5.25	25.5	9
2009-09-03	17	5.85	26	10
2009-09-04	38	5.3	25	9.5
2009-09-05	5	2.05	23	10
2009-09-06	5	2.25	23.5	11
2009-09-07	1	2.8	25	10
2009-09-08	1	2.85	25	11
2009-09-09	54	3.1	26	12
2009-09-10	20	3.4	24	11
2009-09-11	14.5	3.4	25	10
2009-09-12	12	4.3	24	11
2009-09-13	16	4.25	26	12
2009-09-14	3	2.15	23	11
2009-09-15	17.5	2.55	24	10
2009-09-16	0	3.4	23	11
2009-09-17	27	4.05	25	9
2009-09-18	0	2.6	23	8
2009-09-19	0	4.85	24	10
2009-09-20	2.5	3.45	23.5	9.5
2009-09-21	0	3.8	27	10
2009-09-22	0	4.4	25	11
2009-09-23	2	1.3	20	10
2009-09-24	1.5	2.6	21	11
2009-09-25	4	0.6	19	10
2009-09-26	6	0.25	18	9.5
2009-09-27	5.5	1.85	24	10.5
2009-09-28	0	3.85	26	11
2009-09-29	2	3.4	25	10.5
2009-09-30	0	3.9	26	11
2009-10-01	0	4.05	27	10
2009-10-02	0	4.4	28	8
2009-10-03	0	3.8	27	7
2009-10-04	0	3.6	28	8
2009-10-05	0	4.8	28	10
2009-10-06	0	4.6	29	7
2009-10-07	1	3.45	27	6
2009-10-08	0	3.45	29	9
2009-10-09	11	4.7	26	12
2009-10-10	14	4.1	25	11
2009-10-11	1.5	3.6	26	10
2009-10-12	34	3.85	25	9
2009-10-13	0	4.3	27	8
2009-10-14	0	4.85	25	10
2009-10-15	0	4.25	27	8
2009-10-16	0	4.75	27	7
2009-10-17	1.5	2.1	20	6
2009-10-18	0	1.45	17	7
2009-10-19	0	3.2	23	6
2009-10-20	0.01	2.8	25	7
2009-10-21	0	4.95	26	8
2009-10-22	0	3.9	28	7.5
2009-10-23	0.01	1.9	25	7
2009-10-24	24	3	23	10
2009-10-25	1	1.6	22	8
2009-10-26	12	2.3	23	8
2009-10-27	3	2.1	20	10
2009-10-28	0	9.6	22	9.5
2009-10-29	2	1.7	24	10
2009-10-30	9	2.55	25	9
2009-10-31	0	1.45	25	9
2009-11-01	0	2.9	22	7
2009-11-02	0	3.5	22	4
2009-11-03	0	3	20	1
2009-11-04	0	1.85	18	1
2009-11-05	0	1.75	17	6
2009-11-06	0	1.3	18	4
2009-11-07	0	2.95	22	5
2009-11-08	0	3.4	23	7
2009-11-09	0	3.3	22.5	4
2009-11-10	0	1.75	16	3
2009-11-11	0	2.5	19	3
2009-11-12	0	2.95	22	5
2009-11-13	0	3.2	25	2
2009-11-14	0	3.95	25	2
2009-11-15	0	1.9	26	3
2009-11-16	0	2.85	25	3.5
2009-11-17	0	3.05	23	3
2009-11-18	0	3.2	25	4
2009-11-19	0	3.1	25.5	3
2009-11-20	0	3.65	27	5
2009-11-21	0	2.65	24	6
2009-11-22	0	3.5	25	4
2009-11-23	0	3.75	24.5	3.5
2009-11-24	0	3	26	2
2009-11-25	0	2.6	20	3
2009-11-26	0	2.65	19	6
2009-11-27	0	2.2	21	4
2009-11-28	0	2.2	23	3
2009-11-29	0	3.6	26	4
2009-11-30	0	3.25	25	3
2009-12-01	0	3.15	26	3.5
2009-12-02	0	4.9	22	7
2009-12-03	0	2.55	21	2
2009-12-04	0	3.25	23	1.5
2009-12-05	0	2.35	22	8
2009-12-06	0	3.2	24	7
2009-12-07	0	2.94	27	5
2009-12-08	0	3.01	26	4
2009-12-09	0	3.1	27	4.5
2009-12-10	0	3.25	28	4
2009-12-11	0	3.25	26	3
2009-12-12	0	3.8	25	5
2009-12-13	0	3.55	26	3
2009-12-14	0	3.5	25	2
2009-12-15	0	2.9	24.5	3
2009-12-16	5.5	1.95	19	3
2009-12-17	0	2.9	22	4
2009-12-18	0	1.95	21	2
2009-12-19	0	1.35	20	3
2009-12-20	0	1.7	18	4
2009-12-21	0	2.7	20	3.5
2009-12-22	0	2.8	24	0
2009-12-23	0	5.35	22	1
2009-12-24	0	5.15	25	3
2009-12-25	0	5.5	23	3.5
2009-12-26	0	5.15	25	6
2009-12-27	0	4.25	26	2
2009-12-28	0	2.1	22	1
2009-12-29	0	2.1	24	1
2009-12-30	0	2.8	25	2
2009-12-31	0	2.85	23.5	3
2010-01-01	0	2.05	19	4
2010-01-02	8	2.15	21	2
2010-01-03	2	0.9	14	3
2010-01-04	0	1.85	16	4
2010-01-05	0	2.3	19	2
2010-01-06	0	2.35	20	3
2010-01-07	15	1.95	19	5
2010-01-08	7	1.05	13	4
2010-01-09	2	1.75	12.5	5
2010-01-10	0	0.7	10	3
2010-01-11	0	1.3	17	0
2010-01-12	3	1.35	18	1
2010-01-13	3	1.25	17.5	3
2010-01-14	1	4.75	20	2
2010-01-15	3	4.3	18	3
2010-01-16	0	3.65	20	1
2010-01-17	0	4.05	22	2
2010-01-18	0	4.1	25	3
2010-01-19	0	4.45	25.5	3
2010-01-20	0	4.95	26	2
2010-01-21	0	5.35	25	3
2010-01-22	0	3.95	27	0
2010-01-23	0	6.05	26	0
2010-01-24	0	5	28	1
2010-01-25	0	3.55	27	0
2010-01-26	0	3.05	26	1
2010-01-27	0	2.6	26.5	1.5
2010-01-28	0	1.15	26	1
2010-01-29	0	3.6	22	4
2010-01-30	1.5	1.45	15	5
2010-01-31	2	2.6	20	2
2010-02-01	8	0.95	15	3
2010-02-02	7	1.3	16	5
2010-02-03	25	0.75	13	6
2010-02-04	8	1.95	15	8
2010-02-05	0	4.05	22	4
2010-02-06	0	4.05	24	-2
2010-02-07	0	5.6	23.5	-2
2010-02-08	0	5.3	25	-1
2010-02-09	0	3.2	24	3
2010-02-10	0	5.5	25	3.5
2010-02-11	0	5.8	23	5
2010-02-12	0	4.35	24	5
2010-02-13	0	2.6	25	2
2010-02-14	0	3.8	23	3
2010-02-15	1	2.65	19	4
2010-02-16	0	2.45	20	2.5
2010-02-17	16	0.9	12	4
2010-02-18	2	1.3	14	4.5
2010-02-19	0	4.2	22	5
2010-02-20	0	4.65	23	2.5
2010-02-21	0	5.55	24	3
2010-02-22	0	5.7	23.5	4
2010-02-23	0	4.85	25	4
2010-02-24	0	3.9	17	5
2010-02-25	0	5.95	25	-2
2010-02-26	0	5.75	24.5	-1
2010-02-27	0	4.5	23.5	0
2010-02-28	0	6.45	26	0
2010-03-01	0	7.15	25	2
2010-03-02	0	5.45	26	1.5
2010-03-03	0	5.55	27	1
2010-03-04	0	5.15	28	2
2010-03-05	0	5.25	27	3
2010-03-06	0	4.45	29	5
2010-03-07	0	4.1	26	6
2010-03-08	0	4.75	24	8
2010-03-09	0	6.7	26	7.5
2010-03-10	0	6.95	25	8
2010-03-11	0	6.75	27	7
2010-03-12	0	5.6	28	5
2010-03-13	0	7.85	29	1
2010-03-14	0	8.5	30	3
2010-03-15	0	4.95	28	7
2010-03-16	0	4.15	24	10
2010-03-17	0	4.7	23	6
2010-03-18	0	5.1	26	1
2010-03-19	0	5.3	26.5	2
2010-03-20	0	5.75	27	6
2010-03-21	0	5.85	27.5	2
2010-03-22	0	5.6	28	1
2010-03-23	0	7.45	29	3
2010-03-24	0	8.65	28	5
2010-03-25	0	6.35	30	6
2010-03-26	0	8.2	29	4
2010-03-27	0	7.25	31	5
2010-03-28	0	6.85	28.5	4.5
2010-03-29	0	5.3	28	6
2010-03-30	0	5.75	27	4
2010-03-31	0	6.1	28	3.5
2010-04-01	0	7.6	30	5
2010-04-02	0	7.7	29	7
2010-04-03	0	5.95	30	4.5
2010-04-04	0	6.1	30	7
2010-04-05	0	6.9	31	6
2010-04-06	0	6.75	30	6
2010-04-07	0	6.8	31	5
2010-04-08	9	4.8	28	6
2010-04-09	2	3.45	28	5
2010-04-10	0	5.4	27	6
2010-04-11	0	6.2	29	7
2010-04-12	3	6.5	27	7.5
2010-04-13	0	4.45	26	8
2010-04-14	0	5.9	27	5
2010-04-15	0	4.6	26.5	6
2010-04-16	1	4.85	26	5
2010-04-17	4	3.1	25	4
2010-04-18	0	5.15	27	4
2010-04-19	0	6.1	29	5
2010-04-20	0	7.8	30	6
2010-04-21	0	7.8	30.5	5
2010-04-22	0	5.75	30	6
2010-04-23	0	6.95	29	9
2010-04-24	0	10.6	30	9
2010-04-25	0	10.1	29.5	12
2010-04-26	0	10.05	29	8
2010-04-27	0	10.25	30	8.5
2010-04-28	0	8.6	30	5
2010-04-29	0	10.4	28	6
2010-04-30	0	10.15	29.5	4.5
2010-05-01	0	9.85	31	5
2010-05-02	0	7.25	33.5	5
2010-05-03	0	7.15	33	6
2010-05-04	0	6.4	27	7
2010-05-05	0	8.7	31	7
2010-05-06	0	7.05	32	3
2010-05-07	0	7.25	33	4
2010-05-08	0	7.55	31.5	2
2010-05-09	0	7.75	32	3
2010-05-10	4	5.95	32.5	7
2010-05-11	0	6.9	33	8
2010-05-12	0	6.6	31	8
2010-05-13	9	6.95	30	8.5
2010-05-14	2.5	3.35	26	9
2010-05-15	0	3.8	27	9.5
2010-05-16	0.01	1.75	25	9
2010-05-17	0	4.2	26	7
2010-05-18	7.5	4.35	26.5	8
2010-05-19	0	6.1	29	7
2010-05-20	0	7.3	32	8
2010-05-21	0	7.85	33	9
2010-05-22	0	7.4	32	9
2010-05-23	0	6.95	33	7
2010-05-24	0	7.05	32	8
2010-05-25	0	7.15	32.5	9
2010-05-26	7	6.7	30	10
2010-05-27	0	6.55	27	11
2010-05-28	0	6.6	26.5	9
2010-05-29	0	6.1	30	10
2010-05-30	0	7.4	32	7
2010-05-31	0	7.65	32.5	6
2010-06-01	0	7.7	32	6
2010-06-02	0	7.5	33	8
2010-06-03	0	7.35	32	9
2010-06-04	0	7.3	32.5	8
2010-06-05	0	6.9	30	7.5
2010-06-06	0	6.2	32	7
2010-06-07	0	6.7	32	8
2010-06-08	0	6.45	32	7
2010-06-09	4	6.65	31	10
2010-06-10	15	6.8	31.5	10.5
2010-06-11	0	6.55	30	10
2010-06-12	1	5	30.5	11
2010-06-13	1.5	4.3	29	11.5
2010-06-14	4	4.6	28	9
2010-06-15	0	4.75	27	9
2010-06-16	1	4.3	25	11
2010-06-17	4	4.1	24	12
2010-06-18	0	4.45	26.5	11.5
2010-06-19	8	4.9	27	11
2010-06-20	0	5.1	26	10
2010-06-21	0	5.05	25.5	8
2010-06-22	3	5.15	28	7
2010-06-23	0	5.95	28	10
2010-06-24	7.5	4.05	26.5	11
2010-06-25	0	5	25	10.5
2010-06-26	0	6.2	28	11
2010-06-27	0	7.05	29	10
2010-06-28	0	6.85	28.5	9
2010-06-29	0	5.75	28	8
2010-06-30	7	5.6	28.5	12
2010-07-01	45	4.75	25	11.5
2010-07-02	30	5.55	27	13
2010-07-03	7.5	8.45	25	11
2010-07-04	8.5	3.95	27	10
2010-07-05	0	3.35	24	9
2010-07-06	3	2.45	25	11
2010-07-07	41	3.1	24	10
2010-07-08	1	2.1	23	11
2010-07-09	9.5	1.9	20	12
2010-07-10	4	2.8	22	11
2010-07-11	3	3.6	25	10
2010-07-12	0	4.6	26	11
2010-07-13	2.5	3.6	24	10
2010-07-14	16	4.15	23	8
2010-07-15	0	3.1	24	8
2010-07-16	0	4.25	23.5	10
2010-07-17	0	5.5	24	10
2010-07-18	1.5	4.15	25	9.5
2010-07-19	0	4.5	24	9
2010-07-20	0	5	24	11
2010-07-21	0	3.65	23	11.5
2010-07-22	12	1.5	21	11
2010-07-23	6	1.65	22	12
2010-07-24	16	0.95	18	12
2010-07-25	7	0.85	18.5	11
2010-07-26	6	1.9	22	10
2010-07-27	0	5.2	25	11
2010-07-28	29	3.65	23	10
2010-07-29	0	5.95	24	11
2010-07-30	0	2.7	23.5	9
2010-07-31	0	3.35	24	8
2010-08-01	0	5.1	25	8
2010-08-02	0	5.3	24	9
2010-08-03	0	5	25	10
2010-08-04	0	4.25	24	9.5
2010-08-05	1.5	4.05	26	8
2010-08-06	8	2.7	25.5	9
2010-08-07	3	3.45	26	10
2010-08-08	0	4.05	25	10.5
2010-08-09	22.5	4.6	26	12
2010-08-10	2	4.1	26.5	12.5
2010-08-11	0	6.2	25.5	11
2010-08-12	9	2.15	24	9
2010-08-13	1	3.05	25	8
2010-08-14	0	3.2	24.5	11
2010-08-15	8.5	3.9	26	10
2010-08-16	0	3.8	23	11
2010-08-17	1	2.3	21	10
2010-08-18	7	2.85	26	11
2010-08-19	0	3.3	24	11.5
2010-08-20	7	4.45	25	8
2010-08-21	0	2.8	23	9
2010-08-22	0	3.3	22	10
2010-08-23	0	3	23	8
2010-08-24	0	4.2	24	7
2010-08-25	0	3.4	24.5	6.5
2010-08-26	0	2.5	21	10
2010-08-27	0	2.6	21.5	10
2010-08-28	0	4.05	26	8
2010-08-29	0	3.9	24	7
2010-08-30	0	3.45	25	10
2010-08-31	5	2.85	18	10
2010-09-01	3	4.1	25	9
2010-09-02	0	3.75	26	10
2010-09-03	0	3.15	23	11
2010-09-04	3	3.15	21	10.5
2010-09-05	21	2.7	20	10
2010-09-06	4	3.25	23	10
2010-09-07	10	4.15	25	10
2010-09-08	0	4.3	26	11
2010-09-09	4	4.65	27	10
2010-09-10	8	4.25	26	9
2010-09-11	0	4	26.5	9.5
2010-09-12	0	3.9	23	10
2010-09-13	0	3.8	24	9
2010-09-14	0	4	23	8
2010-09-15	0	3.05	24	11
2010-09-16	0	4.4	25	10
2010-09-17	8.5	1.7	21	11
2010-09-18	8	1.15	21.5	10
2010-09-19	0	2.6	25	11
2010-09-20	20	3.65	25.5	12
2010-09-21	0	3.7	25	11
2010-09-22	0	3.4	26	10.5
2010-09-23	18	3.15	25.5	10
2010-09-24	17	3.05	24	10.5
2010-09-25	0	3.1	23	9.5
2010-09-26	0	3.75	23.5	9
2010-09-27	0	2.8	21	8.5
2010-09-28	0	3.25	24	10
2010-09-29	0	3.8	25	2
2010-09-30	0	4.8	24	1
2010-10-01	0	4.75	22	0
2010-10-02	0	4.55	22.5	0
2010-10-03	0	2.85	20	1
2010-10-04	0	4.05	21	0
2010-10-05	0	4.3	21	0
2010-10-06	0	3.3	21	1
2010-10-07	0	4.35	22	5
2010-10-08	0	3.65	25	6
2010-10-09	0	4.1	26.5	7
2010-10-10	7	4.6	28	5
2010-10-11	0	4.6	27	4
2010-10-12	0	5.7	27	6
2010-10-13	0	4	22.5	3
2010-10-14	0	1.9	16	2
2010-10-15	0	3.95	21	0
2010-10-16	0	3.65	24	0
2010-10-17	0	4.95	25	1
2010-10-18	0	4.15	27.5	3
2010-10-19	0	5.05	27	2
2010-10-20	0	4.75	28	3
2010-10-21	0	5.3	27	2.5
2010-10-22	0	4.4	28	2
2010-10-23	0	5.2	30	4
2010-10-24	0	5.25	28	3
2010-10-25	0	4.55	29	2
2010-10-26	0	4.9	29.5	1.5
2010-10-27	0	5.35	28	4
2010-10-28	2	2.8	23	3.5
2010-10-29	0	1.15	14	3
2010-10-30	0	1.6	23	5
2010-10-31	0	3.8	26	6
2010-11-01	0	4.5	28	5
2010-11-02	0	4.3	27	4
2010-11-03	0	3.2	22	3
2010-11-04	0	3.6	18	3
2010-11-05	0	2.25	17	-5
2010-11-06	0	4.45	20	-5
2010-11-07	0	3.8	20.5	-5.5
2010-11-08	0	4.15	23	-5
2010-11-09	0	4.2	25	-4
2010-11-10	0	4.45	24.5	-3
2010-11-11	0	4.75	26	-2
2010-11-12	0	4.4	27	0
2010-11-13	0	3.9	25	0
2010-11-14	0	3.5	28	0
2010-11-15	0	4.7	26.5	3
2010-11-16	0	3.9	25	2.5
2010-11-17	0	4.05	28	1
2010-11-18	0	2.9	18	2
2010-11-19	0	4.4	26	4
2010-11-20	0	4.25	25	2
2010-11-21	0	4.3	27	1
2010-11-22	0	4.55	26.5	2
2010-11-23	0	4	28	2.5
2010-11-24	0	4.95	28.5	0
2010-11-25	0	4.45	28	1
2010-11-26	0	3.65	28.5	4
2010-11-27	0	3.6	25	4
2010-11-28	0	3.9	28	3
2010-11-29	0	4.65	28.5	4
2010-11-30	0	4	27	1
2010-12-01	0	2.75	24	1
2010-12-02	0	4	25	1.5
2010-12-03	0	1.85	24	-2
2010-12-04	0	5.15	26	-5
2010-12-05	0	3.75	24	-5
2010-12-06	0	4.05	20	-4
2010-12-07	0	4.35	24	0
2010-12-08	0	3.8	21	-1
2010-12-09	0	3.95	21.5	-3
2010-12-10	0	4.15	27	-6
2010-12-11	0	4.05	26	-6
2010-12-12	0	3.85	23	-4
2010-12-13	0	4.25	24	-3
2010-12-14	0	4.1	23	-3
2010-12-15	0	4.3	26	-2.5
2010-12-16	0	3.95	25	-2
2010-12-17	0	3.75	25.5	0
2010-12-18	0	4.2	26	-2
2010-12-19	0	4.65	27	-1
2010-12-20	0	4.15	27	-1.5
2010-12-21	0	4.85	25	-1
2010-12-22	0	3.5	26	-3
2010-12-23	0	4.25	26.5	-3.5
2010-12-24	0	3.9	26	-3
2010-12-25	0	2.55	20	-3
2010-12-26	0	2.65	21.5	2
2010-12-27	0	2.9	23.5	0
2010-12-28	0	3.7	23	1
2010-12-29	0	5.45	24	2
2010-12-30	0	5.75	23	3
2010-12-31	0	5.5	24	0
2011-01-01	0	3.05	26	1
2011-01-02	0	4.3	25	2
2011-01-03	0	2.3	26	0
2011-01-04	0	3.75	27	0
2011-01-05	0	4	28	1
2011-01-06	0	3.85	28.5	2
2011-01-07	0	3.95	28	0
2011-01-08	0	3.75	26	0
2011-01-09	0	4.05	25	2
2011-01-10	0	4.9	28	1
2011-01-11	0	3.45	21	0
2011-01-12	0	3.25	20	1
2011-01-13	0	3.4	21	0
2011-01-14	0	3.15	23	1
2011-01-15	0	3.05	27.5	0
2011-01-16	0	3.2	24	0
2011-01-17	0	4.1	25	1
2011-01-18	0	5.15	27	0
2011-01-19	0	4.9	26	0
2011-01-20	0	5.1	27	0
2011-01-21	0	4.65	26	0
2011-01-22	0	5.4	25	0
2011-01-23	0	4.8	24	2
2011-01-24	0	4.9	25	1
2011-01-25	0	5.45	26	2
2011-01-26	0	6.2	25	1
2011-01-27	0	4.45	27	2
2011-01-28	0	3.9	26	0
2011-01-29	0	4.45	27	1
2011-01-30	0	5.45	28	2
2011-01-31	0	7.3	27	2
2011-02-01	0	5	26.5	3
2011-02-02	0	5.55	27	0
2011-02-03	0	4.35	25	1
2011-02-04	0	5.8	23	4
2011-02-05	0	6.05	23	5
2011-02-06	0	5.7	25	6
2011-02-07	0	4.75	27	1.5
2011-02-08	0	5.7	26	0
2011-02-09	0	6.55	26	1
2011-02-10	0	3.95	28	2
2011-02-11	4	4.3	29	3
2011-02-12	0	3.25	20	4
2011-02-13	0	4.75	24	3
2011-02-14	0	5.3	26	0
2011-02-15	0	6.55	27	0
2011-02-16	0	4.85	29	0
2011-02-17	0	6	28.5	0
2011-02-18	0	4.75	30	1
2011-02-19	0	5.95	28	0
2011-02-20	0	8.7	30	1
2011-02-21	0	8.05	29.5	2
2011-02-22	0	6.8	30	4
2011-02-23	0	5.4	30	2
2011-02-24	0	5.25	28.5	2.5
2011-02-25	0	5.15	29	4
2011-02-26	0	3.85	30	4.5
2011-02-27	0	5.3	30.5	5
2011-02-28	0	5.7	28	4
2011-03-01	0	6.05	27	3.5
2011-03-02	0	5.6	29	2
2011-03-03	0	5.3	30	0
2011-03-04	0	3.85	31	1
2011-03-05	0	6	30	2
2011-03-06	0	5	29	6
2011-03-07	0	6.2	27	5
2011-03-08	0	9	28	4.5
2011-03-09	0	8.15	30	5
2011-03-10	0	3.8	21	2
2011-03-11	0	5.8	26	0
2011-03-12	0	6.35	28	2.5
2011-03-13	0	5.6	28.5	2
2011-03-14	0	5.15	27	3
2011-03-15	0	3.15	23	4
2011-03-16	0	5.9	27	5
2011-03-17	0	7.05	28	1.5
2011-03-18	0	7.05	29	2
2011-03-19	0	6.45	28.5	0
2011-03-20	0	7.9	30	0
2011-03-21	0	6.2	28	1
2011-03-22	0	6.15	30	0
2011-03-23	0	7.55	30.5	1.5
2011-03-24	0	8.5	31	2
2011-03-25	0	6.1	32	1
2011-03-26	0	6.95	31.5	3
2011-03-27	0	6.15	30	5.5
2011-03-28	0	7.7	33	5
2011-03-29	0	8.15	32	6.5
2011-03-30	0	8.5	31	5
2011-03-31	0	7.6	31.5	6
2011-04-01	0	5.35	30	5
2011-04-02	0	5.1	29.5	6
2011-04-03	0	6.9	30	6.5
2011-04-04	2	6.35	31	5
2011-04-05	0	6	29	6
2011-04-06	0	6.7	32	5
2011-04-07	0	6.95	31	5
2011-04-08	0	6.15	33.5	6
2011-04-09	0	7.1	33	6.5
2011-04-10	0	7.45	34	5.5
2011-04-11	0	7.15	32.5	6
2011-04-12	0	5.8	30	7
2011-04-13	0	6.75	33	6
2011-04-14	0	7.3	33.5	6.5
2011-04-15	5	5.25	33	6
2011-04-16	10	6.1	27	8
2011-04-17	2	3.15	28	9
2011-04-18	12	5.4	29	7
2011-04-19	1	4	30	6
2011-04-20	20	5.35	30.5	6.5
2011-04-21	0	5.7	30	6
2011-04-22	0	6.9	29.5	5
2011-04-23	0	6.95	30	6
2011-04-24	1.5	7.05	31	8
2011-04-25	0	6.1	30	9
2011-04-26	0	6.35	31	8
2011-04-27	0	5.35	33	7.5
2011-04-28	0	7.7	28	9
2011-04-29	0	7.6	31	5
2011-04-30	0	6.65	31.5	4.5
2011-05-01	0	6.65	31	10
2011-05-02	0	7.35	30	9
2011-05-03	0	3.8	22	10
2011-05-04	0	3.55	27	4
2011-05-05	0.01	5.05	28	5
2011-05-06	0	5.95	29	6
2011-05-07	0	8.45	30	5
2011-05-08	0	8.35	31.5	6
2011-05-09	0	7.6	33	6.5
2011-05-10	6	5.4	32	7
2011-05-11	0	6.5	30	10
2011-05-12	0	5.25	31	10.5
2011-05-13	0	7.45	31.5	8
2011-05-14	2	4.65	30	7
2011-05-15	4	4.65	30.5	9
2011-05-16	0	5.2	29	10
2011-05-17	0	5.35	30	9
2011-05-18	0	6.9	32	10.5
2011-05-19	0	6.7	32.5	11
2011-05-20	0	7.1	31.5	10
2011-05-21	0	6.65	31	9
2011-05-22	0	6.45	32	8.5
2011-05-23	0	7.15	33	7.5
2011-05-24	0	7.25	34	8
2011-05-25	0	7.9	33.5	7.5
2011-05-26	0	6.75	33	10
2011-05-27	0	7.9	35	9
2011-05-28	0	6.05	33	8.5
2011-05-29	0	5.8	33.5	9
2011-05-30	0	5.3	31	8
2011-05-31	0	4.75	28	8.5
2011-06-01	0	4.7	21	7
2011-06-02	0	4.95	26	5
2011-06-03	0	5.15	28	4
2011-06-04	0	5.05	26	4.5
2011-06-05	0	5.4	27	5
2011-06-06	0	6.1	28	4
2011-06-07	0	5.85	29	5
2011-06-08	0	6.7	31	5.5
2011-06-09	0	6.45	30	5
2011-06-10	0	5.6	28	7
2011-06-11	0	5.9	30	8
2011-06-12	0	6.05	29	5
2011-06-13	0	6	28	4
2011-06-14	0	6.15	30	6
2011-06-15	0	7.1	31	6.5
2011-06-16	0	6.75	30	7
2011-06-17	0	5.9	31	5
2011-06-18	0	6.85	30	9
2011-06-19	0	6.55	31	10
2011-06-20	47	5.1	30	8
2011-06-21	5	3.2	22	11
2011-06-22	10	3.9	24	10.5
2011-06-23	2	2.8	25	12
2011-06-24	20	4.3	26	11
2011-06-25	9	3.3	25	10
2011-06-26	47	3.4	23	10.5
2011-06-27	0	4.3	24	10
2011-06-28	2	3.7	23	10.5
2011-06-29	2.5	1.65	21	9.5
2011-06-30	39	1.6	16.5	11
2011-07-01	11	3.85	24	11.5
2011-07-02	120	2.95	21.5	11
2011-07-03	10	2.8	20	10
2011-07-04	0	1.7	21	8
2011-07-05	1	4.8	24	9
2011-07-06	2.5	4.7	25.5	8
2011-07-07	0	1.05	25	11
2011-07-08	3	2.9	26	10
2011-07-09	1	2.55	23	9
2011-07-10	24	4.05	25.5	10.5
2011-07-11	0	3.65	24	10
2011-07-12	7	4.4	25	9.5
2011-07-13	10	3.25	24	10
2011-07-14	5	1.65	21	9
2011-07-15	0	4.12	24	11
2011-07-16	0	2.69	20	9
2011-07-17	4	2	21	8.5
2011-07-18	0	2.8	25	10
2011-07-19	9	4.3	25.5	9
2011-07-20	1	2.15	25	10
2011-07-21	13	4.25	26	9
2011-07-22	7	3.2	24	8
2011-07-23	0	2.55	25	7
2011-07-24	11	5.55	24	6.5
2011-07-25	1	3.5	24.5	9
2011-07-26	0	4.3	25	10
2011-07-27	1	2.95	26	8
2011-07-28	0	4.5	25	9
2011-07-29	1	5.55	24	8
2011-07-30	0	2.8	22	10
2011-07-31	0	1.9	20	10
2011-08-01	6	2.8	21	10
2011-08-02	0	5.35	23	9
2011-08-03	98	4.15	24	10
2011-08-04	16	4.6	25	9.5
2011-08-05	3	4.5	26	10
2011-08-06	0	5.45	24	9.5
2011-08-07	7	3.3	23.5	10
2011-08-08	0	3.35	26	8
2011-08-09	0	5.5	27	9
2011-08-10	0	4.5	27.5	10
2011-08-11	0	5.75	28.5	9
2011-08-12	0	4.75	25	8
2011-08-13	0	3.2	26	9
2011-08-14	3	3	24	8
2011-08-15	0	4.25	25	9
2011-08-16	0	2.95	26	8
2011-08-17	0	4	25	7.5
2011-08-18	0	4.3	25.5	9
2011-08-19	0	5.35	27	8
2011-08-20	0	4.95	26	7
2011-08-21	1	3.9	25	6.5
2011-08-22	39	3.65	23	10
2011-08-23	0	4.2	25	11
2011-08-24	0	4.55	26	10
2011-08-25	5	4.9	25	9.5
2011-08-26	19	4.5	26	10
2011-08-27	0	3.05	24	10
2011-08-28	0	4.3	25	11
2011-08-29	0	5.1	23.5	10
2011-08-30	24	3.15	22	9
2011-08-31	6	1.9	24	10
2011-09-01	21	4.75	26	9
2011-09-02	29	4.9	26.5	11
2011-09-03	1.5	3.6	24	11.5
2011-09-04	29	3.1	23	11
2011-09-05	0	2.55	21	10
2011-09-06	3	0.3	16	9
2011-09-07	0	3.95	21	6
2011-09-08	0	3.6	21.5	2
2011-09-09	0	4.65	22	1
2011-09-10	0	4.6	22.5	0
2011-09-11	2	0.8	19	1
2011-09-12	0	4.25	23	1
2011-09-13	0	4.6	24	7
2011-09-14	0	5.7	26	6
2011-09-15	2.5	2.8	26.5	6.5
2011-09-16	8	4.9	25.5	7
2011-09-17	0	4.05	26	10
2011-09-18	0	4.35	23	9
2011-09-19	0	4.9	25	7
2011-09-20	0	3.65	24	9
2011-09-21	0	5.45	23.5	8
2011-09-22	0	3	25	7
2011-09-23	1	2	19	8
2011-09-24	0	4	25	10
2011-09-25	0	3.8	26	7
2011-09-26	0	4.05	28	6
2011-09-27	0	3.9	27.5	5
2011-09-28	0	4.15	28	4
2011-09-29	0	4.1	27	4.5
2011-09-30	1	3.1	22	4
2011-10-01	0	2.9	17	7
2011-10-02	0	3.1	18.5	8
2011-10-03	0	3.85	23	7
2011-10-04	0	4.3	25	7.5
2011-10-05	0	4.6	27	9
2011-10-06	0	4.65	27.5	8
2011-10-07	13	4.75	28	8
2011-10-08	26	5.1	26	7
2011-10-09	3	4.8	24	6
2011-10-10	6	3	22	9
2011-10-11	2.5	3.15	21	10
2011-10-12	0	4.6	24	9.5
2011-10-13	1	3.05	21	9
2011-10-14	0	3.8	21.5	4
2011-10-15	0	4.3	23	4.5
2011-10-16	0	4.75	24	5
2011-10-17	0	4.9	25	4.5
2011-10-18	0	4.15	24.5	3
2011-10-19	0	3.9	23	2
2011-10-20	0	5.1	26	1
2011-10-21	0	3.85	25	0
2011-10-22	0	3.25	24	1
2011-10-23	0	4.4	25	0
2011-10-24	0	3.2	22.5	1
2011-10-25	0	3.35	23	-2
2011-10-26	0	4.45	26	-3
2011-10-27	0	4.85	28	-3.5
2011-10-28	0	3.95	26	-2
2011-10-29	0	4.9	25.5	-1
2011-10-30	0	5.15	25	0
2011-10-31	0	4.2	23	-2
2011-11-01	0	4.05	26	-2
2011-11-02	0	4.1	28	0
2011-11-03	1	3.5	25	1
2011-11-04	22	4.75	26	1.5
2011-11-05	0	2.6	24	4
2011-11-06	0	3.5	26	5
2011-11-07	0	3.65	26.5	4.5
2011-11-08	4	3.95	29	5
2011-11-09	3	2.6	23	6
2011-11-10	0	2.1	17	5
2011-11-11	0	2.3	23	3
2011-11-12	0	3.1	25	3.5
2011-11-13	0	2.75	26	4
2011-11-14	0	2.75	25	3.5
2011-11-15	0	3.7	27	4
2011-11-16	0	2.8	28	3
2011-11-17	0	3.85	23	2
2011-11-18	0	2.25	25	4
2011-11-19	0	3.7	27.5	4.5
2011-11-20	0	3.65	27	5
2011-11-21	0	3.95	28	4
2011-11-22	0	4.2	27	3
2011-11-23	0	2.9	23	3.5
2011-11-24	0	4.3	25	7
2011-11-25	0	3.4	28	1
2011-11-26	7	2.4	24	2
2011-11-27	10	1.95	11	3.5
2011-11-28	0	3.1	19	0
2011-11-29	0	3.35	22	-6
2011-11-30	0	3.05	23	-3
2011-12-01	0	3.6	26	-5
2011-12-02	0	3.6	27	-2
2011-12-03	0	4.55	27.5	0
2011-12-04	0	3.7	27	0
2011-12-05	0	3.5	27	1
2011-12-06	0	3.15	26	0
2011-12-07	0	3.3	24	1
2011-12-08	0	3.65	25	1
2011-12-09	0	2.25	25.5	2
2011-12-10	0	3.6	23.5	3
2011-12-11	0	3.7	21	0
2011-12-12	0	3.85	25	1
2011-12-13	0	3.9	26	0
2011-12-14	0	4.1	28	0
2011-12-15	0	3.95	27	1
2011-12-16	0	3.05	26	1.5
2011-12-17	0	2.85	17	1
2011-12-18	0	3.7	23	4
2011-12-19	0	3.6	25	1
2011-12-20	0	3.1	26	1.5
2011-12-21	0	4.2	27	1
2011-12-22	0	3.5	26	2
2011-12-23	0	3.4	26.5	1
2011-12-24	0	3.65	25	2
2011-12-25	0	3.55	27	1
2011-12-26	0	4.4	26.5	0
2011-12-27	0	4.6	26	0
2011-12-28	0	3.7	25.5	1
2011-12-29	0	3.45	26	2
2011-12-30	0	5.1	25.5	1
2011-12-31	7	3.6	26	0
2012-01-01	0	3.15	25	2
2012-01-02	1	2.4	19	0
2012-01-03	0	2.9	22	0
2012-01-04	0	2.95	23	1
2012-01-05	0	2.8	23	0
2012-01-06	0	3.4	22.5	2
2012-01-07	0	3.65	24	0
2012-01-08	0	3.8	26	0
2012-01-09	0	3.95	27	1
2012-01-10	0	4.05	28	0
2012-01-11	0	5.1	27	2
2012-01-12	0	4.4	26	1
2012-01-13	0	5.15	26.5	0
2012-01-14	0	5.05	25.5	0
2012-01-15	0	4.15	23	1
2012-01-16	0	3.2	26	0
2012-01-17	0	3.75	27	0
2012-01-18	0	3.85	25	1
2012-01-19	0	4.8	26	0
2012-01-20	0	3.95	27	1
2012-01-21	0	4.75	28	1
2012-01-22	0	4.5	27	1.5
2012-01-23	0	4.5	28	2
2012-01-24	0	4.3	26	1
2012-01-25	0	4.2	27	2
2012-01-26	0	5.4	25	3
2012-01-27	0	5.1	24	1
2012-01-28	1	3.5	25	1
2012-01-29	1.5	2.85	21	1
2012-01-30	0	2.75	20	0
2012-01-31	5	3.15	22	4
2012-02-01	0	3.1	22	3
2012-02-02	0	4.3	25	2
2012-02-03	0	4.95	26	1.5
2012-02-04	0	5.1	27	2
2012-02-05	8	4.6	25	3
2012-02-06	1	5.15	27	2
2012-02-07	11	2.35	20	3
2012-02-08	2	2.9	21	2.5
2012-02-09	4	1.8	19	3
2012-02-10	11	1.95	15	5
2012-02-11	0	3.15	18	4.5
2012-02-12	0	3.55	13	5
2012-02-13	0	4.1	20	4.5
2012-02-14	0	4.15	21	7
2012-02-15	0	3.2	22	8
2012-02-16	0	3.25	24	5
2012-02-17	0	4.6	26	4
2012-02-18	0	6.05	25	4.5
2012-02-19	0	5.2	25.5	3
2012-02-20	0	4.05	27	2
2012-02-21	0	4.15	26	4
2012-02-22	0	4.3	27	3.5
2012-02-23	0	4.25	25	5
2012-02-24	2	3.85	28	6
2012-02-25	0	2.3	21	4.5
2012-02-26	3	3.5	25	2
2012-02-27	0	4.35	26	3
2012-02-28	0	3.9	27	2
2012-02-29	0	4.15	28	1
2012-03-01	0	5.15	30	4
2012-03-02	0	5.25	31	2
2012-03-03	0	5.05	30	5
2012-03-04	0	5.1	29	6
2012-03-05	0	4.8	26	3
2012-03-06	0	4.95	28	2
2012-03-07	0	5.2	27	1
2012-03-08	0	5.6	30	3
2012-03-09	0	4.85	26	1
2012-03-10	0	5.1	28	4
2012-03-11	1	4.15	27	5
2012-03-12	0	5.3	28	3
2012-03-13	0	3.8	26	2
2012-03-14	0	4.1	29	4
2012-03-15	0	5.05	30	2
2012-03-16	0	4.65	27	3
2012-03-17	0	5.05	29	5
2012-03-18	0	5.15	26	1
2012-03-19	0	6.15	29	6
2012-03-20	0	6.5	27	2
2012-03-21	0	5.4	30	2
2012-03-22	0	5.25	29	1
2012-03-23	1	5.65	30	3
2012-03-24	0	4.9	29	2
2012-03-25	0	4.6	28	1
2012-03-26	0	4	27	3
2012-03-27	0	4.8	30	2
2012-03-28	0	4.3	27	1
2012-03-29	0	3.95	26	2
2012-03-30	0	4.15	28	3
2012-03-31	0	5.2	29	2
2012-04-01	0	6.1	26	5
2012-04-02	0	6.9	25	4
2012-04-03	0	6.15	28	6
2012-04-04	0	6.4	31	5
2012-04-05	0	5.3	28	6
2012-04-06	0	6.95	30	6
2012-04-07	0	5.4	29	4
2012-04-08	0	6.6	30	5
2012-04-09	0	5.8	28	4
2012-04-10	36	5.2	27	3
2012-04-11	0	4.5	26	5
2012-04-12	0	5.3	29	6
2012-04-13	0	6.1	30	7
2012-04-14	0	6.25	29	6
2012-04-15	0	6.4	31	5
2012-04-16	0	5.1	31	7
2012-04-17	20	4.9	29	6
2012-04-18	1	4.3	25	4
2012-04-19	0	5.7	30	4.5
2012-04-20	0	6.05	31	6
2012-04-21	0	5.75	30	5
2012-04-22	0	6.3	30	6
2012-04-23	0	5.8	31	2
2012-04-24	0	4.9	30	3
2012-04-25	0	5.25	28	4
2012-04-26	0	5.35	29	0
2012-04-27	0	5.7	30	2
2012-04-28	0	4.95	28	4
2012-04-29	0	6.1	31	5
2012-04-30	0	6.15	32	6
2012-05-01	0	5.85	31.5	7
2012-05-02	0	5.7	30	8
2012-05-03	0	5.3	29	6
2012-05-04	0	5.15	28.5	5
2012-05-05	0	4.8	29	6
2012-05-06	0	5.1	30	5
2012-05-07	0	6.2	28	7
2012-05-08	0	6.1	29	6
2012-05-09	3	5.8	31	5
2012-05-10	0	4.95	30	4
2012-05-11	0	4.9	29.5	5
2012-05-12	26	5.3	29	7
2012-05-13	1	4.7	27	4
2012-05-14	0	5.65	29	3
2012-05-15	0	6.27	31	5
2012-05-16	15	4.08	27	6
2012-05-17	0	4.75	29	5
2012-05-18	0	5.15	30	4
2012-05-19	0	5.65	31	6
2012-05-20	0	4.9	29	4
2012-05-21	0	5.1	30	5
2012-05-22	0	5.65	29	3
2012-05-23	0	5.25	31	4
2012-05-24	0	4.3	27	5
2012-05-25	0	4.7	28	4
2012-05-26	0	5.05	29	5
2012-05-27	0	4.9	28	6
2012-05-28	0	6.1	30	4
2012-05-29	0	6	31	5
2012-05-30	0	5.87	32	3
2012-05-31	0	5.33	31	4
2012-06-01	4	5.4	32	5
2012-06-02	0	4.95	30	7
2012-06-03	0	5.15	31	5
2012-06-04	0	6.1	30.5	6
2012-06-05	1	5.35	30	7
2012-06-06	1	5.1	29.5	6
2012-06-07	3	5.4	30	5
2012-06-08	0	4.8	28	5
2012-06-09	0	5.2	30	4
2012-06-10	0	5.9	31	4
2012-06-11	0	6.3	31	5
2012-06-12	0	5.85	30	6
2012-06-13	0	5.4	31	4
2012-06-14	0	5.15	30.5	5
2012-06-15	0	4.95	29	6
2012-06-16	5	3.7	27	5
2012-06-17	6	3.15	21	7
2012-06-18	0	5.1	26	10
2012-06-19	7	3.05	22	9
2012-06-20	1	3.9	23	10
2012-06-21	2	4.2	25	9
2012-06-22	3	4.8	26	8
2012-06-23	4	5.3	28	5
2012-06-24	5	5.1	26	4
2012-06-25	0	4.85	27	9
2012-06-26	0	5.6	29	8
2012-06-27	0	5.3	30	5
2012-06-28	0	5.1	30.5	6
2012-06-29	0	5.8	31	7
2012-06-30	14	5.6	28	8
2012-07-01	2	4.7	25	9
2012-07-02	8.5	4.4	26	8
2012-07-03	0	6.05	30	8
2012-07-04	1	5.3	25	9
2012-07-05	6	5.4	26	8
2012-07-06	0	5.6	30	9
2012-07-07	0	5.8	31	8
2012-07-08	0	5.35	30	7
2012-07-09	0	5.35	30	7
2012-07-10	0	4.9	30.5	8
2012-07-11	1	5.1	31	7
2012-07-12	25	4.3	26	9
2012-07-13	7	4.1	22	11
2012-07-14	5	3.8	20	10
2012-07-15	22	3.4	21	11
2012-07-16	0	3.75	22	9
2012-07-17	9	4.6	25	9
2012-07-18	0	3.8	21	10
2012-07-19	1	4	24	10
2012-07-20	0	4.25	22	9
2012-07-21	0	3.2	24	10
2012-07-22	0	4.2	25	9
2012-07-23	0	4.05	24	8
2012-07-24	3	2.3	25	8
2012-07-25	1	5.6	26	9
2012-07-26	4	4.9	25	10
2012-07-27	6	2.5	26	9
2012-07-28	0	4.7	25	10
2012-07-29	1	6.55	24	9
2012-07-30	0	4.1	25	9
2012-07-31	0	4.2	26	8
2012-08-01	0	4.7	27	7
2012-08-02	0	4.1	26	6
2012-08-03	0	3.7	22	8
2012-08-04	0	4.35	26	7
2012-08-05	3.5	4.85	27	9
2012-08-06	0	5.25	24	10
2012-08-07	0	4.45	28	9
2012-08-08	0	5	27	8
2012-08-09	10	4.8	22	9
2012-08-10	36	NULO	24	10
2012-08-11	4	1.9	21	11
2012-08-12	0	4.3	22	10
2012-08-13	6.5	2.1	24	9
2012-08-14	0	2.7	23	10
2012-08-15	0	5.55	25	9
2012-08-16	0	7.15	26	9
2012-08-17	4	4.15	20	10
2012-08-18	3.5	2.6	22	11
2012-08-19	2.5	3.25	23	12
2012-08-20	4.5	2.7	22	11
2012-08-21	0	1.75	21	10
2012-08-22	0	4.4	24	7
2012-08-23	52	4.65	25	6
2012-08-24	1	2.35	24	11
2012-08-25	2	4.7	25	10
2012-08-26	0	5.6	23	11
2012-08-27	0	4.5	24	10
2012-08-28	0	5.85	23	11
2012-08-29	0	4.9	24	9
2012-08-30	0	4.6	26	7
2012-08-31	0	NULO	26	9
2012-09-04	0	6.47	27	9
2012-09-05	0	6.78	27.5	9
2012-09-06	0	6.54	27	8.5
2012-09-07	0	6.26	27.5	8
2012-09-08	0	5.95	26.5	8
2012-09-09	0	4.75	25	11
2012-09-10	0	4.39	24	11
2012-09-11	0	4.11	25	11.5
2012-09-12	3.5	3.96	25	7
2012-09-13	2	3.39	24.5	7
2012-09-14	13	2.62	25	10
2012-09-15	3.5	2.8	24.5	11
2012-09-16	4	3.9	26	10
2012-09-17	0	4.77	26	10.5
2012-09-18	0	4.48	27	10
2012-09-19	0	4.25	26	8
2012-09-20	0	4.04	26	7
2012-09-21	0	4.27	26	8.5
2012-09-22	0	4.24	26	9
2012-09-23	0	4.12	26	8
2012-09-24	0	4.17	25	7
2012-09-25	0	3.61	26	7.5
2012-09-26	0	3.95	25	7
2012-09-27	1	3.33	26.5	6
2012-09-28	4	3.33	28	10
2012-09-29	0	3.76	26	7
2012-09-30	0	3.45	24	7
2012-10-01	0	3.67	26	11
2012-10-02	0	3.85	23.5	12
2012-10-03	0	3.02	24	7
2012-10-04	0	3.27	26	4.5
2012-10-05	0	3.53	26	4
2012-10-06	0	3.2	27	4
2012-10-07	0	3.09	27	5
2012-10-08	0	3.26	25	5
2012-10-09	0	2.91	27	7
2012-10-10	0	3.23	25	9.5
2012-10-11	0	3.2	26.5	9.5
2012-10-12	0	3.11	25.5	9
2012-10-13	0	3.09	27	9
2012-10-14	0	3.02	28	10
2012-10-15	0	2.98	26	8
2012-10-16	0	3.13	27	7
2012-10-17	0	3.09	28	9.5
2012-10-18	0	3.93	28	10
2012-10-19	0	4.12	28	10
2012-10-20	0	4.19	28	8
2012-10-21	0	4.31	27	6
2012-10-22	0	4.13	27.5	7
2012-10-23	0	4.12	27	7
2012-10-24	0	4.23	28	8
2012-10-25	0	4.52	28	6
2012-10-26	0	4.17	27	5
2012-10-27	0	3.97	27	4
2012-10-28	0	4.22	27	7
2012-10-29	0	3.66	26	7
2012-10-30	0	3.95	27	7
2012-10-31	0	4.1	26	5
2012-11-01	0	4	26	5
2012-11-02	0	3.22	26	5
2012-11-03	1	3.08	23	6
2012-11-04	1	3.62	25	7
2012-11-05	0	2.9	19	7
2012-11-06	0	2.77	20	10
2012-11-07	0	3.53	20	4
2012-11-08	0	3.1	25	4
2012-11-09	0	3.11	27	5
2012-11-10	0	4.07	26	4.5
2012-11-11	0	4.72	27	5
2012-11-12	0	3.09	27	6
2012-11-13	0	2	24	6
2012-11-14	0	2.84	20	9.5
2012-11-15	0	3.27	20	8
2012-11-16	0	3.73	23	8
2012-11-17	0	2.28	26	8
2012-11-18	0	3.85	21	8
2012-11-19	0	4.4	26	4.5
2012-11-20	0	5.01	26	4
2012-11-21	0	2.42	25	4
2012-11-22	0	3.28	23	5
2012-11-23	0	2.43	25	4
2012-11-24	0	2.11	24	5
2012-11-25	0	3.45	22	4
2012-11-26	0	3	24	4
2012-11-27	0	2.3	24	4
2012-11-28	0	3.04	22	3
2012-11-29	0	3.76	23	4.5
2012-11-30	0	2.31	24	4
2012-12-01	0	3.65	25	4
2012-12-02	0	4.27	25	3.5
2012-12-03	0	4.16	25	4
2012-12-04	0	4.09	24	5
2012-12-05	0	3.96	24	3
2012-12-06	0	3.56	25	4
2012-12-07	0	3.95	26	4
2012-12-08	0	4.35	26	4
2012-12-09	0	3.75	28	4
2012-12-10	0	4.74	27	6
2012-12-11	0	3.39	23	6
2012-12-12	0	4.26	25	6
2012-12-13	0	3.82	23	5
2012-12-14	0	3.8	26	5
2012-12-15	0	3.2	27	5
2012-12-16	0	4.1	27	5.5
2012-12-17	0	4.67	27	6
2012-12-18	0	4.39	27	5
2012-12-19	0	4.2	27.5	6.5
2012-12-20	0	2.1	23	5
2012-12-21	0	2.11	20	3
2012-12-22	0	2.12	21	2
2012-12-23	0	2.47	26.5	2
2012-12-24	0	3.56	26	3
2012-12-25	0	4.11	27	4
2012-12-26	0	3.46	25	2
2012-12-27	0	3.14	27	3
2012-12-28	0	3.25	26	3
2012-12-29	0	2.11	20	4
2012-12-30	0	2.2	21	3
2012-12-31	0	2.83	25	3.5
2013-01-01	0	2.88	25	4
2013-01-02	0	2.22	21	5
2013-01-03	0	2.18	23	5
2013-01-04	0	2.4	21	5
2013-01-05	0	3.22	23	4
2013-01-06	0	2.1	21	5
2013-01-07	0	2.43	24	5
2013-01-08	0	2.34	24	6
2013-01-09	0	4.01	26	6
2013-01-10	0	3.81	26.5	5
2013-01-11	0	3.27	27	5
2013-01-12	0	3.47	27	6
2013-01-13	0	3.26	27	6
2013-01-14	0	3.26	27	6.5
2013-01-15	0	3.9	27	6
2013-01-16	0	4	23	6.5
2013-01-17	0	2.01	13	4
2013-01-18	0	2.08	12	1
2013-01-19	0	2.14	20	1
2013-01-20	0	2.25	20	2
2013-01-21	0	1.27	16	4
2013-01-22	0	1.94	17	5
2013-01-23	0	1.58	18	7
2013-01-24	0	2.83	21	5
2013-01-25	0	2.52	23	4
2013-01-26	0	3.58	24	3
2013-01-27	0	4.55	24	3
2013-01-28	0	4.21	26	4.5
2013-01-29	0	4.4	24	5
2013-01-30	0	4.6	23	5
2013-01-31	0	3.66	24	3.5
2013-02-01	0	4.4	27	4
2013-02-02	0	4.54	27	4
2013-02-03	0	3.57	26	4
2013-02-04	0	3.9	28	2
2013-02-05	0	4.64	27	3
2013-02-06	0	4.64	28	4
2013-02-07	0	4.92	28	4
2013-02-08	0	4.8	28	6
2013-02-09	0	5.31	28	6.5
2013-02-10	0	4.74	28	5.5
2013-02-11	0	4.95	28	5
2013-02-12	0	4.1	28	5.5
2013-02-13	0	4.7	28	4.5
2013-02-14	0	4.87	28	4
2013-02-15	0	4.07	27	5
2013-02-16	0	2.07	20	4
2013-02-17	0	3.32	26	3
2013-02-18	0	4.55	28	3
2013-02-19	0	5.04	28.5	4.5
2013-02-20	0	4.13	28.5	6
2013-02-21	0	4.57	28	6
2013-02-22	0	4.05	28	7
2013-02-23	0	4.49	28	6
2013-02-24	0	4.82	28	6
2013-02-25	0	5.13	28	6
2013-02-26	0	5.27	28	7
2013-02-27	0	5.48	28	7
2013-02-28	0	5.24	27	6.5
2013-03-01	0	2.55	17	7
2013-03-02	0	1.96	17	5
2013-03-03	0	3.01	20	2
2013-03-04	0	3.51	21	1
2013-03-05	0	4	26	1.5
2013-03-06	0	4.25	27	2
2013-03-07	0	4.55	28	3
2013-03-08	0	5.4	27	4
2013-03-09	0	9.07	29	6
2013-03-10	0	7.57	26	6
2013-03-11	0	9.32	27	8
2013-03-12	0	5.29	26	2
2013-03-13	0	4.49	26	2
2013-03-14	0	2.37	17	2
2013-03-15	0.4	0.53	16	5
2013-03-16	0.01	0.84	19	5
2013-03-17	0	8.06	25	4
2013-03-18	0	6.2	28	4
2013-03-19	0	6.18	30	4
2013-03-20	0	6.49	32	4
2013-03-21	0	9.34	28	4
2013-03-22	0	10.56	27	4
2013-03-23	0	11.04	28	7
2013-03-24	0	7.32	30	8
2013-03-25	0	6.36	29	4
2013-03-26	0	5.4	22	4
2013-03-27	0	4.09	27	2
2013-03-28	0	5.33	28	2
2013-03-29	0	7	31	5
2013-03-30	0	8.86	31	5
2013-03-31	0	6.64	31	6
2013-04-01	0	7.32	32	6
2013-04-02	0	10.54	30	8
2013-04-03	0	11.11	29	7
2013-04-04	0	6.03	31	6
2013-04-05	0	5.66	32	6
2013-04-06	0.01	5.44	30	6
2013-04-07	4	4.76	30	7
2013-04-08	0	7.99	29	6
2013-04-09	0	10.61	31	7
2013-04-10	0	11.35	30	7
2013-04-11	0	10.46	31	8
2013-04-12	0	11.02	30	8
2013-04-13	0	10.07	27	6
2013-04-14	0	9.08	32	6
2013-04-15	0	8.73	33	8
2013-04-16	0	9.17	30	6
2013-04-17	0	8.35	34	9
2013-04-18	0	10.12	34	8
2013-04-19	0	7	31	9
2013-04-20	0	8.67	31	4
2013-04-21	0	7.77	34	4
2013-04-22	0	8.33	31	7
2013-04-23	3.8	6.14	32	7
2013-04-24	0.01	4.76	30	8
2013-04-25	6.1	6.1	29	8
2013-04-26	0	4.19	26	8
2013-04-27	0	6.73	30	8
2013-04-28	0	8.98	30	7
2013-04-29	0	9.39	29	7
2013-04-30	0	9.61	29	6
2013-05-01	0	1.09	31	8
2013-05-02	0	7.36	31	7
2013-05-03	0	5.86	27	7
2013-05-04	0	11.16	29	7
2013-05-05	0	9.64	30	7
2013-05-06	0	8.4	29	6
2013-05-07	0	6.46	31	8
2013-05-08	0	11.94	32	8
2013-05-09	0	7.86	32	7
2013-05-10	0	7.79	31	9
2013-05-11	0	5.76	30	9
2013-05-12	2.5	3.61	27	9
2013-05-13	34	3.54	28	9
2013-05-14	15.5	6.66	25	10
2013-05-15	2	2.85	26	9
2013-05-16	0	4.63	28	8
2013-05-17	5.5	7.12	30	7
2013-05-18	0	6.58	30	9
2013-05-19	2	7.82	31	8
2013-05-20	0	6.47	29	11
2013-05-21	0	7.7	31	12
2013-05-22	2	5.76	34	12
2013-05-23	2	6.08	30	9
2013-05-24	0	6.52	27	9
2013-05-25	3.5	4.92	27	8
2013-05-26	62	2	26	11
2013-05-27	0	4.6	25	10
2013-05-28	0	4.21	26	8
2013-05-29	0	5.11	27	9
2013-05-30	0	7.16	28	10
2013-05-31	0	7.34	29	8
2013-06-01	0	5.65	27	10
2013-06-02	0	6.75	31	8
2013-06-03	0	7.26	26	11
2013-06-04	0	7.68	28	10
2013-06-05	0	6.8	29	7
2013-06-06	0	8.44	30	4
2013-06-07	0	7.07	32	4
2013-06-08	7.5	6.88	30	5
2013-06-09	3.5	4.73	26	9
2013-06-10	0	3.46	25	8
2013-06-11	4	3.23	25	8
2013-06-12	13.5	5.97	27	9
2013-06-13	0	4.33	26	11
2013-06-14	10.5	3.48	24	10
2013-06-15	5	5	25	8
2013-06-16	0	6.18	26	8
2013-06-17	0	5.87	26	9
2013-06-18	0	6.53	26	8
2013-06-19	5	5.73	25	7
2013-06-20	6.5	2.08	20	12
2013-06-21	3.5	NULO	22	12
2013-06-22	19	6.73	23	12
2013-06-23	1.5	3.35	26	12
2013-06-24	1	4.29	26	11
2013-06-25	1	3.84	26	11
2013-06-26	0.01	3.85	26	11
2013-06-27	2	5.42	25	9
2013-06-28	0	4.33	24	8
2013-06-29	0.01	3.49	29	7
2013-06-30	0	5.73	25	8
2013-07-01	0	5.78	26	6
2013-07-02	3.5	4.29	26	5
2013-07-03	0	5.65	26	6
2013-07-04	10.5	4.09	26	11
2013-07-05	14.8	4.22	25	11
2013-07-06	14.5	3.14	24	11
2013-07-07	22	3.18	23	11
2013-07-08	0.01	2.37	20	10
2013-07-09	0	4.15	24	10
2013-07-10	9	6.78	24	10
2013-07-11	6.5	4	24	9
2013-07-12	5	5.31	23	9
2013-07-13	8.5	3.86	24	10
2013-07-14	0	5.15	24	8
2013-07-15	0	5.33	25	8
2013-07-16	0	5.37	24	8
2013-07-17	40	1	24	9
2013-07-18	0.01	2.18	23	9
2013-07-19	5	3.67	24	9
2013-07-20	0.01	3.85	23	9
2013-07-21	58	3.3	25	8
2013-07-22	32	5.34	24	10
2013-07-23	0	6.26	24	9
2013-07-24	1	3.79	26	11
2013-07-25	4	4.54	25	11
2013-07-26	1	4.52	25	11
2013-07-27	0	5.08	26	8
2013-07-28	0	4.88	26	7
2013-07-29	0.01	4.1	25	8
2013-07-30	0	6.04	25	8
2013-07-31	0	3.5	23	7
2013-08-01	0	6.87	26	9
2013-08-02	0	5.28	27	9
2013-08-03	21	9.63	26	10
2013-08-04	1.5	3.67	24	9
2013-08-05	1.5	4.77	25	9
2013-08-06	0	5.04	26	9
2013-08-07	0	4.93	27	9
2013-08-08	0	4.72	26	9
2013-08-09	0	5.6	26	8
2013-08-10	0	2.91	22	8
2013-08-11	16	4.23	24	7
2013-08-12	10	3.87	23	11
2013-08-13	0	3.34	22	10
2013-08-14	0	4.58	23	7
2013-08-15	2	4.52	24	7
2013-08-16	0	5.91	25	9
2013-08-17	0	5.09	25	8
2013-08-18	0	5.88	25	7
2013-08-19	2	5.15	24	8
2013-08-20	10.5	2.17	22	9
2013-08-21	15	2.5	21	9
2013-08-22	0	4.02	24	10
2013-08-23	0	4.77	24	10
2013-08-24	0	4.54	23	11
2013-08-25	2	2.69	22	9
2013-08-26	20	4.19	23	11
2013-08-27	3	2.53	22	10
2013-08-28	0	5.56	23	10
2013-08-29	0	2.67	22	10
2013-08-30	0	4.46	25	11
2013-08-31	0	3.78	26	10
2013-09-01	0	6.1	27	11
2013-09-02	16	4.24	26	11
2013-09-03	10	1.16	26	11
2013-09-04	3	1.66	25	11
2013-09-05	0	1.04	22	10
2013-09-06	17	3.76	24	10
2013-09-07	8	1.57	23	11
2013-09-08	42	0.88	22	12
2013-09-09	5	2.3	23	11
2013-09-10	0	2.17	25	9
2013-09-11	0.01	3.41	23	10
2013-09-12	2.5	3.76	24	11
2013-09-13	13	2.16	22	10
2013-09-14	10	1.05	22	10
2013-09-15	4	2.58	19	11
2013-09-16	0	1.56	22	12
2013-09-17	0	3.75	21	10
2013-09-18	0	3.02	23	10
2013-09-19	0	4.6	26	12
2013-09-20	10	2.98	27	12
2013-09-21	4	3.93	26	11
2013-09-22	4.5	1.22	25	12
2013-09-23	13	5.48	28	12
2013-09-24	0	4.69	25	13
2013-09-25	24	6.49	25	11
2013-09-26	4	1.37	26	11
2013-09-27	0	2.01	26	11
2013-09-28	23	4.27	26	8
2013-09-29	0	3.41	25	8
2013-09-30	0	4.59	27	8
2013-10-01	0	5.14	26	8
2013-10-02	0	4.09	26	8
2013-10-03	0	4.54	26	9
2013-10-04	0	4.5	26	6
2013-10-05	0	4.39	27	6
2013-10-06	1	4.01	25	6
2013-10-07	0.01	2.01	20	6
2013-10-08	0	3.77	24	8
2013-10-09	6	2.89	26	8
2013-10-10	0	3.77	27	8
2013-10-11	2	3.3	27	10
2013-10-12	0	4.12	26	11
2013-10-13	0	5.57	25	10
2013-10-14	0	4.56	26	7
2013-10-15	0	3.87	25	7
2013-10-16	0	4.04	28	7
2013-10-17	0	3.23	27	11
2013-10-18	0	3.26	26	8
2013-10-19	19	4.96	26	8
2013-10-20	3.5	2	23	9
2013-10-21	2.5	2.17	25	9
2013-10-22	15	2.81	21	8
2013-10-23	1	0.96	25	8
2013-10-24	0	2.81	20	9
2013-10-25	0.01	1.99	22	3
2013-10-26	0	2.56	20	2
2013-10-27	0	2.52	24	9
2013-10-28	0	3.3	25	9
2013-10-29	1	3.08	27	8
2013-10-30	7	3.4	27	8
2013-10-31	0	2.98	26	10
2013-11-01	0.01	2.83	25	10
2013-11-02	5.5	3.3	27	10
2013-11-03	0	0.78	26	4
2013-11-04	0	2.72	24	4
2013-11-05	0	3.26	25	8
2013-11-06	0	2.85	23	6
2013-11-07	4	1.68	22	6
2013-11-08	5.5	2.35	22	8
2013-11-09	0	3.58	24	8
2013-11-10	0	2.25	21	8
2013-11-11	0	3.43	23	7
2013-11-12	5.5	1.96	17	8
2013-11-13	0.01	0.37	11	4
2013-11-14	0	2.32	21	3
2013-11-15	0	2.52	24	3
2013-11-16	0	2.44	26	5
2013-11-17	0	2.42	27	5
2013-11-18	0	2.46	26	7
2013-11-19	0	3.59	26	8
2013-11-20	5	5.32	26	3
2013-11-21	0	3.17	25	6
2013-11-22	11.5	9.96	24	4
2013-11-23	0	2	22	6
2013-11-24	0	1.46	15	8
2013-11-25	0	3.83	24	5
2013-11-26	0	4.64	24	5
2013-11-27	0	1.35	20	4
2013-11-28	0	2.8	23	3
2013-11-29	0	3.31	20	1
2013-11-30	0	2.6	26	3
2013-12-01	0	3.01	26	1
2013-12-02	0	4.91	26	0
2013-12-03	0	2.8	27	2
2013-12-04	0	3.74	27	4
2013-12-05	0	2.44	26	4
2013-12-06	0	5.01	27	4
2013-12-07	0	2.29	25	3
2013-12-08	0	3.06	25	3
2013-12-09	0	5.05	25	4
2013-12-10	0	3.23	22	4
2013-12-11	0	2.84	23	4
2013-12-12	0	2.75	23	3
2013-12-13	0	3.07	24	3
2013-12-14	0	3.78	25	5
2013-12-15	8.5	4.09	26	4
2013-12-16	0	3.36	24	3
2013-12-17	0	2.77	24	1
2013-12-18	0	2.85	26	0
2013-12-19	0	4.74	26	1
2013-12-20	0	2.28	25	0
2013-12-21	0	5	24	4
2013-12-22	0	3.75	23	4
2013-12-23	0	3.78	21	4
2013-12-24	0	0.39	16	4
2013-12-25	6.3	1.18	20	2
2013-12-26	1.7	0.81	17	2
2013-12-27	1.5	0.36	12	5
2013-12-28	0	3.86	20	4
2013-12-29	0	1.77	20	5
2013-12-30	0	1.87	23	5
2013-12-31	0	1.54	20	4
2014-01-01	0	2.21	21	6
2014-01-02	0.01	0.84	17	4
2014-01-03	0	2.13	19	2
2014-01-04	0	3.98	21	1
2014-01-05	0	4.02	24	0
2014-01-06	0	2.73	23	0
2014-01-07	0	1.85	19	1
2014-01-08	0	2.4	21	0
2014-01-09	0	2.28	19	0
2014-01-10	0	2.72	23	0
2014-01-11	0.01	2.32	22	0
2014-01-12	0	1.68	24	0
2014-01-13	0	2.38	23	1
2014-01-14	0	2.76	24	0
2014-01-15	6	3.37	24	1
2014-01-16	0	3.77	20	-2
2014-01-17	0	3.93	20	1
2014-01-18	0	3.21	22	-2
2014-01-19	0	3.21	21	-1
2014-01-20	0	4.05	20	0
2014-01-21	0	4.09	25	2
2014-01-22	0	4.11	24	0
2014-01-23	0	2.71	26	2
2014-01-24	0	3.17	22	3
2014-01-25	0	4.24	24	1
2014-01-26	0	3.74	23	1
2014-01-27	0	4.81	26	1
2014-01-28	0	4.62	25	5
2014-01-29	0	5.11	22	4
2014-01-30	0	5.09	25	1
2014-01-31	0	4.5	25	1
2014-02-01	0	4.76	23	1
2014-02-02	0	3.11	28	2
2014-02-03	0	5.01	27	3
2014-02-04	0	6.97	23	4
2014-02-05	0.01	4.96	26	3
2014-02-06	0	4.26	25	5
2014-02-07	2	2.8	26	4
2014-02-08	0	3.17	25	4
2014-02-09	0	6.53	26	5
2014-02-10	0	7.67	27	2
2014-02-11	0.01	3.94	25	2
2014-02-12	0	5.52	25	3
2014-02-13	0	5.71	26	1
2014-02-14	0	5.59	25	1
2014-02-15	0	4.93	25	1
2014-02-16	0	5.64	25	2
2014-02-17	0	6.3	28	1
2014-02-18	0	6.51	28	0
2014-02-19	0	7.21	27	0
2014-02-20	0	5.65	28	2
2014-02-21	0	5.51	25	5
2014-02-22	0	5.57	27	5
2014-02-23	0	4.06	29	4
2014-02-24	0	4.73	28	4
2014-02-25	0	4.84	28	5
2014-02-26	0	5.34	27	5
2014-02-27	0	7.74	27	6
2014-02-28	0	6.05	28	4
2014-03-01	0	6.68	28	3
2014-03-02	0.01	5.64	29	5
2014-03-03	1	6.68	29	4
2014-03-04	0	9.2	25	4
2014-03-05	0	8.37	26	5
2014-03-06	0	6.63	26	4
2014-03-07	0	6.94	25	3
2014-03-08	0	7.16	27	4
2014-03-09	0	6.9	28	5
2014-03-10	0	7.89	23	5
2014-03-11	0	10.35	26	6
2014-03-12	0	6.38	28	4
2014-03-13	0	5.31	27	4
2014-03-14	0	6.48	28	4
2014-03-15	0	8.21	31	5
2014-03-16	0	6.64	29	5
2014-03-17	0	8.73	28	6
2014-03-18	0	7.58	27	4
2014-03-19	0	8.31	30	5
2014-03-20	0	6.1	30	3
2014-03-21	0	8.59	32	3
2014-03-22	0	7.63	30	2
2014-03-23	0	6.41	33	4
2014-03-24	0	7.47	31	8
2014-03-25	0.01	4.68	28	6
2014-03-26	0	8.51	28	7
2014-03-27	0	9.35	28	7
2014-03-28	0	7.65	30	7
2014-03-29	0	7.22	31	7
2014-03-30	0.01	8.32	30	7
2014-03-31	0	5.76	28	7
2014-04-01	0.01	3.72	30	5
2014-04-02	0	5.16	28	6
2014-04-03	0	5.57	27	7
2014-04-04	0	5.64	28	8
2014-04-05	0	6.89	29	7
2014-04-06	0	4.82	28	6
2014-04-07	0	8.35	29	7
2014-04-08	0	6.56	22	8
2014-04-09	0	8.69	25	4
2014-04-10	0	8.71	28	4
2014-04-11	0	7.63	29	4
2014-04-12	0	8.53	29	5
2014-04-13	0	8.93	32	4
2014-04-14	4	9.65	32	5
2014-04-15	0.01	4.77	24	9
2014-04-16	0	9.42	28	4
2014-04-17	0	5.46	26	7
2014-04-18	5.5	8.3	28	8
2014-04-19	0	6.51	28	7
2014-04-20	0	8.19	29	7
2014-04-21	2	7.26	29	6
2014-04-22	0	4.98	28	6
2014-04-23	0	6.27	27	6
2014-04-24	0	5.29	28	7
2014-04-25	0	3.15	26	7
2014-04-26	0	4.12	27	8
2014-04-27	0	7.58	27	7
2014-04-28	0	11.76	30	8
2014-04-29	0	6.03	29	8
2014-04-30	6.5	4.6	27	8
2014-05-01	6.5	4.36	26	7
2014-05-02	0	5.39	27	7
2014-05-03	3	4.04	25	8
2014-05-04	0	6.7	28	8
2014-05-05	0	7.89	28	7
2014-05-06	0.01	3.4	28	8
2014-05-07	9.5	3.48	24	8
2014-05-08	3.5	0.64	17	9
2014-05-09	0	5.64	28	7
2014-05-10	0.01	6.03	28	7
2014-05-11	3	6.92	30	10
2014-05-12	5	7.01	28	9
2014-05-13	4	4.27	26	9
2014-05-14	0	4.44	22	9
2014-05-15	0	3.99	20	7
2014-05-16	0	5.98	28	3
2014-05-17	0	7.86	26	4
2014-05-18	0	7.51	27	3
2014-05-19	0	8.12	28	4
2014-05-20	0	7.88	28	4
2014-05-21	0	6.25	28	4
2014-05-22	0	8.64	28	5
2014-05-23	9.5	3.99	27	9
2014-05-24	12.5	4.85	26	10
2014-05-25	1.5	3.15	25	10
2014-05-26	0.01	3.3	25	11
2014-05-27	9	4.19	26	12
2014-05-28	0	3.76	25	10
2014-05-29	0.01	3.48	26	10
2014-05-30	28	5.79	25	11
2014-05-31	0	5.31	24	11
2014-06-01	0	5.36	23	7
2014-06-02	0	4.5	23	7
2014-06-03	0	5.73	24	9
2014-06-04	0	5.71	25	9
2014-06-05	0	5.35	24	11
2014-06-06	12	0.84	23	11
2014-06-07	9	3.87	24	11
2014-06-08	9.5	4.25	24	13
2014-06-09	0	4.87	27	10
2014-06-10	0	5.99	26	10
2014-06-11	10	15.51	26	12
2014-06-12	0	6.49	27	6
2014-06-13	0	5.01	27	10
2014-06-14	0	6.17	28	9
2014-06-15	0	7.5	28	8
2014-06-16	0	6.09	27	6
2014-06-17	6	6.32	27	6
2014-06-18	11	4.64	26	12
2014-06-19	25	1	25	12
2014-06-20	16	4.36	25	12
2014-06-21	3.5	4.8	25	12
2014-06-22	0	2.9	25	11
2014-06-23	41.5	6.5	23	13
2014-06-24	14	2.94	23	11
2014-06-25	9	1.1	20	11
2014-06-26	25	3	23	12
2014-06-27	5	1.82	22	11
2014-06-28	43	3	24	11
2014-06-29	5.5	3.29	24	9
2014-06-30	28.5	3.5	19	8
2014-07-01	28.5	1.53	21	10
2014-07-02	0	5.72	24	10
2014-07-03	0	3.57	23	11
2014-07-04	2	3.59	21	11
2014-07-05	0	2.64	21	11
2014-07-06	13	3.52	22	10
2014-07-07	12	1.98	22	10
2014-07-08	0	2.91	22	9
2014-07-09	4	2.84	23	8
2014-07-10	5	1.48	22	8
2014-07-11	0	4.58	23	11
2014-07-12	0	5.08	24	10
2014-07-13	0	5.59	23	7
2014-07-14	0	3.88	24	8
2014-07-15	6.5	3.65	25	9
2014-07-16	5.5	1.74	25	11
2014-07-17	5	1	24	11
2014-07-18	0.01	2.08	24	11
2014-07-19	20	11.73	26	9
2014-07-20	0	4.97	25	8
2014-07-21	0	5.59	25	7
2014-07-22	0	5.7	25	6
2014-07-23	0	4.38	22	7
2014-07-24	7	3.86	24	7
2014-07-25	0	3.65	24	6
2014-07-26	0	5.31	25	8
2014-07-27	0	5.87	24	9
2014-07-28	0.01	4.28	25	9
2014-07-29	5.5	5.68	26	7
2014-07-30	0	4.11	26	7
2014-07-31	0	5.66	27	9
2014-08-01	0	6.13	27	9
2014-08-02	0	6.25	25.5	8
2014-08-03	0	5.41	24	7
2014-08-04	7.5	3.91	25	7
2014-08-05	0	4.42	26	10
2014-08-06	5	3.29	25	8
2014-08-07	1.5	3.86	27	8
2014-08-08	0	2.98	27	10
2014-08-09	0.01	1.35	26	6
2014-08-10	5	4.5	26	6
2014-08-11	23	5.34	23	9
2014-08-12	2.5	1.96	24	10
2014-08-13	3	5.07	23	10
2014-08-14	11	4.35	24	9
2014-08-15	1.5	3.2	25	9
2014-08-16	3.5	4.8	26	9
2014-08-17	0	3.14	25	10
2014-08-18	18	5.57	24	10
2014-08-19	2	2.66	24	9
2014-08-20	1	4.97	26	11
2014-08-21	0.01	2.49	24	9
2014-08-22	2.5	3.28	24	8
2014-08-23	14	6.14	24	7
2014-08-24	4	4.7	24	9
2014-08-25	0	5.86	25	8
2014-08-26	0	5.11	25	10
2014-08-27	0	5.04	25	7
2014-08-28	0	4.76	26	7
2014-08-29	0	4.44	27	7
2014-08-30	4	4.29	27	7
2014-08-31	1	4.21	26	12
2014-09-01	0.1	5.49	26	10
2014-09-02	1	2.17	25	10
2014-09-03	17	3.74	25	9
2014-09-04	21	4.29	23	10
2014-09-05	7	5.98	25	10
2014-09-06	32	3.88	24	10
2014-09-07	0.01	2.2	21	8
2014-09-08	0	3.7	22	8
2014-09-09	1	1.5	24	10
2014-09-10	0.01	3.66	26	11
2014-09-11	4	4.46	25	9
2014-09-12	35	7.16	23	10
2014-09-13	0	1.26	23	10
2014-09-14	0	2.78	22	10
2014-09-15	0	2.84	23	9
2014-09-16	0	2.85	23	9
2014-09-17	2	2.9	24	10
2014-09-18	1	5.3	28	8
2014-09-19	7	3.89	27	10
2014-09-20	0	3.01	26	10
2014-09-21	0	3.66	27	8
2014-09-22	0	2.92	24	12
2014-09-23	1	3.54	23	12
2014-09-24	0	3.62	23	11
2014-09-25	0	3.62	24	10
2014-09-26	0	3.34	25	10
2014-09-27	0	3.49	26	12
2014-09-28	0	3.94	25	12
2014-09-29	1.5	4.55	24	12
2014-09-30	2	2.9	26	12
2014-10-01	2	1.62	26	11
2014-10-02	3.5	5.89	26	11
2014-10-03	22	3.39	25	11
2014-10-04	24	3.7	25	11
2014-10-05	11	1.55	23	11
2014-10-06	0	5.84	23	11
2014-10-07	14	1.83	24	11
2014-10-08	0	5.42	25	9
2014-10-09	0	2.55	25	4
2014-10-10	13	4.03	25	9
2014-10-11	20	7.09	25	7
2014-10-12	0	1.86	24	8
2014-10-13	0	3.54	25	7
2014-10-14	0.01	1.17	20	7
2014-10-15	0	3.41	23	4
2014-10-16	0	3.18	25	4
2014-10-17	1	2.71	25	7
2014-10-18	0	2.49	24	7
2014-10-19	12	0.98	20	7
2014-10-20	3.5	0.71	21	11
2014-10-21	0	1.62	20	10
2014-10-22	0	3	23	10
2014-10-23	0	2.14	22	10
2014-10-24	0.01	2.48	20	10
2014-10-25	0	3.03	23	9
2014-10-26	0	4.75	24	7
2014-10-27	0	2.65	26	3
2014-10-28	0	5.21	26	3
2014-10-29	0	4.06	25	0
2014-10-30	0	4.51	22	0
2014-10-31	0	2.91	20	1
2014-11-01	0	2.41	19	5
2014-11-02	0	3.95	23	5
2014-11-03	0	2.33	25	5
2014-11-04	0	3.56	27	7
2014-11-05	0	3.71	26	3
2014-11-06	0	2.98	26	3
2014-11-07	1	3.12	25	6
2014-11-08	0	2.78	24	7
2014-11-09	0	2.3	18	6
2014-11-10	0	2.43	25	3
2014-11-11	1.5	1.56	23	4
2014-11-12	0	3.54	25	8
2014-11-13	0	3.11	23	9
2014-11-14	0	2.93	24	8
2014-11-15	0	2.73	25	6
2014-11-16	0	4.16	26	6
2014-11-17	0	3.54	25	4
2014-11-18	5	2.4	25	7
2014-11-19	0	2.3	24	4
2014-11-20	6	2.54	21	4
2014-11-21	0.01	1.17	21	4
2014-11-22	0	2.76	24	8
2014-11-23	0	2.78	25	5
2014-11-24	0	3.34	27	4
2014-11-25	0	3.3	25	5
2014-11-26	0	2.32	24	-1.5
2014-11-27	0	5.14	20	-4
2014-11-28	0	2.03	22	1
2014-11-29	0	3.47	24	1
2014-11-30	0	3.42	26	1
2014-12-01	0	3.82	26	2
2014-12-02	0	3.28	24	2
2014-12-03	0	3.59	24	2
2014-12-04	0	3.8	24	1
2014-12-05	0	3.48	26	2
2014-12-06	0	2.84	23	2
2014-12-07	0	2.81	22	2
2014-12-08	0	3	22	2
2014-12-09	0	2.92	22	4
2014-12-10	0	2.43	22	6
2014-12-11	0	1.75	21	6
2014-12-12	0	1.84	19	6
2014-12-13	0	2.29	22	6
2014-12-14	0	2.38	23	7
2014-12-15	0	3.82	26	6
2014-12-16	0	1.53	25	4
2014-12-17	0	2.79	25	4
2014-12-18	0	5.45	26	3
2014-12-19	0	2.33	26	3
2014-12-20	0	3.12	26	3
2014-12-21	0	3.19	25	3
2014-12-22	0	5.18	22	4
2014-12-23	0.01	3.11	19	6
2014-12-24	12.5	0.86	13	7
2014-12-25	0	2.45	18	5
2014-12-26	0	0.98	23	6
2014-12-27	0	2.96	26	4
2014-12-28	0	3.47	26	5
2014-12-29	0	2.7	25	4
2014-12-30	0	4.03	27	4
2014-12-31	0	2.17	22	4
2015-01-01	0	3.1	25	4
2015-01-02	0	3.03	25	3
2015-01-03	0	3.7	24	4
2015-01-04	0	2.57	20	3
2015-01-05	0	1.08	11	2
2015-01-06	0	1.56	18	2
2015-01-07	0	3.43	20	3
2015-01-08	0	0.24	15	2
2015-01-09	1.5	3.66	20	1
2015-01-10	1	2.13	22	1
2015-01-11	0	2.63	24	1
2015-01-12	0	3.32	24	1
2015-01-13	0	2.17	24	3
2015-01-14	0	5.11	25	1
2015-01-15	0	6.02	24	3
2015-01-16	0	3.39	25	2
2015-01-17	0	2.95	25	2
2015-01-18	0	3.12	26	2
2015-01-19	0	3.85	25	3
2015-01-20	0	3.68	26	2
2015-01-21	0	6.5	25	2
2015-01-22	0	2.11	25	5
2015-01-23	0	4.67	25	3
2015-01-24	0.01	2.7	24	2
2015-01-25	0	3.62	22	2
2015-01-26	0	4.76	24	3
2015-01-27	0	4.49	26	1
2015-01-28	0	4.57	26	1
2015-01-29	0	4.66	27	1
2015-01-30	0	5.67	21	1
2015-01-31	0	3.58	25	0
2015-02-01	0	4.92	23	0
2015-02-02	1.5	3.23	23	3
2015-02-03	0	2.77	19	3
2015-02-04	0	5.36	24	2
2015-02-05	0	3.56	25	2
2015-02-06	0	5.71	22	2
2015-02-07	0	5.18	25	2
2015-02-08	0	5.91	25	1
2015-02-09	0	5.8	23	1
2015-02-10	0	6.01	24	0
2015-02-11	7	3.94	27	0
2015-02-12	6.5	3.23	20	2
2015-02-13	0	1.92	16	4
2015-02-14	0	1.36	15	5
2015-02-15	0	1.94	20	5
2015-02-16	0	2.68	21	6
2015-02-17	0	7.78	22	6
2015-02-18	0	4.47	24	4
2015-02-19	0	5.36	26	2
2015-02-20	0	5.58	26	2
2015-02-21	0	6.21	28	5
2015-02-22	0	6.91	29	5
2015-02-23	0	6.74	27	3
2015-02-24	0	5.69	29	2
2015-02-25	0	7.43	27	3
2015-02-26	0	6.95	26	6
2015-02-27	0	6.19	26	3
2015-02-28	0	5.07	28	4
2015-03-01	0	6.19	28	2
2015-03-02	0	6.33	29	4
2015-03-03	0	7.19	28	4
2015-03-04	0.01	6.22	30	3
2015-03-05	0	6.9	26	6
2015-03-06	0	5.67	24	5
2015-03-07	0	6.97	26	2
2015-03-08	4	3.07	26	3
2015-03-09	0	3.76	24	5
2015-03-10	1	2.63	24	4
2015-03-11	0.01	3.61	21	5
2015-03-12	0	7.75	21	3
2015-03-13	0	2.79	21	3
2015-03-14	8	1.07	12	3
2015-03-15	2.5	0.12	11	6
2015-03-16	0	2.65	23	6
2015-03-17	0	2.89	23	7
2015-03-18	0	4.65	25	9
2015-03-19	7	4	26	8
2015-03-20	0	2.91	25	7
2015-03-21	0	4.7	24	6
2015-03-22	5	5.14	26	6
2015-03-23	10	4.2	25	9
2015-03-24	0	5.13	28	8
2015-03-25	0	5.17	27	7
2015-03-26	1	5.83	26	6
2015-03-27	5	3.49	22	7
2015-03-28	2	2.4	22	7
2015-03-29	3	4.33	22	7
2015-03-30	0	6.75	25	4
2015-03-31	0	5.51	27	4
2015-04-01	0	4.16	26	4
2015-04-02	0	4.53	29	7
2015-04-03	0	6.46	29	8
2015-04-04	0	6.67	26	8
2015-04-05	0	6.3	27	5
2015-04-06	0	7.68	28	7
2015-04-07	0	7.17	28	4
2015-04-08	0	7.26	30	4
2015-04-09	0	6.22	31	6
2015-04-10	0	7.78	29	5
2015-04-11	0.01	3.54	25	5
2015-04-12	0	3.51	26	7
2015-04-13	1	3.02	26	7
2015-04-14	0	2.58	25	7
2015-04-15	0.01	6.48	28	7
2015-04-16	0	8.94	29	6
2015-04-17	0	4.35	30	6
2015-04-18	0	8.31	29	7
2015-04-19	0	9.12	28	7
2015-04-20	0	8.03	30	7
2015-04-21	18	7.85	31	7
2015-04-22	1	7.33	30	8
2015-04-23	0	3.35	29	8
2015-04-24	0	6.07	29	8
2015-04-25	0	6.07	28	9
2015-04-26	0	7.94	29	9
2015-04-27	0	8.95	28	8
2015-04-28	0	5.58	27	11
2015-04-29	10	1.93	18	11
2015-04-30	0	4.48	23	9
2015-05-01	0	3.6	25	7
2015-05-02	0	2.72	23	8
2015-05-03	0	5.72	28	8
2015-05-04	0	6.74	29	8
2015-05-05	3	6.12	29	7
2015-05-06	18	6.39	30	8
2015-05-07	4	6.74	27	8
2015-05-08	0.01	6.71	28	8
2015-05-09	0	6.07	29	9
2015-05-10	2	6.84	30	8
2015-05-11	2	5.45	28	8
2015-05-12	26	10.41	26	8
2015-05-13	9	4.53	25	9
2015-05-14	11	5.72	25	9
2015-05-15	29.5	12.99	24	8
2015-05-16	9	4.53	27	9
2015-05-17	0	6.36	26	8
2015-05-18	0	6.21	27	9
2015-05-19	0.01	3.03	26	9
2015-05-20	0	7.71	28	10
2015-05-21	34	5.78	27	9
2015-05-22	0	2.98	21	10
2015-05-23	1.5	4.23	25	8
2015-05-24	21	4.67	22	8
2015-05-25	0	6.1	26	9
2015-05-26	0	7.68	26	9
2015-05-27	3	4.42	26	10
2015-05-28	0	4.12	23	9
2015-05-29	8	4.36	19	10
2015-05-30	38	3	22	10
2015-05-31	0	2.44	20	9
2015-06-01	0	3.49	21	9
2015-06-02	0	5.67	23	9
2015-06-03	0	6.1	23	9
2015-06-04	0	5.24	25	9
2015-06-05	0	2.62	24	9
2015-06-06	57	5.5	23	10
2015-06-07	0	5.87	25	11
2015-06-08	0	6.31	24	7
2015-06-09	0	6.18	24	5
2015-06-10	0	5.74	25	5
2015-06-11	0	5.47	26	6
2015-06-12	3.5	4.69	26	7
2015-06-13	3.5	2.38	25	8
2015-06-14	4.5	3.14	23	10
2015-06-15	11.5	1.87	23	11
2015-06-16	1.5	3.24	25	12
2015-06-17	59	4	26	10
2015-06-18	0	1.81	23	9
2015-06-19	32	3.5	25	9
2015-06-20	5.5	2.46	23	9
2015-06-21	2.5	2.31	25	10
2015-06-22	6.5	3.9	24	10
2015-06-23	0	3.85	23	9
2015-06-24	0	3.98	22	10
2015-06-25	4	4.22	23	9
2015-06-26	7	6.42	25	9
2015-06-27	0.01	6.53	24	10
2015-06-28	4	3.2	24	9
2015-06-29	1.5	2.91	24	11
2015-06-30	7	1.48	22	10
2015-07-01	7	2.28	24	11
2015-07-02	0	2.5	22	10
2015-07-03	47	4.1	23	10
2015-07-04	13	1.5	22	9
2015-07-05	21.5	5.6	24	11
2015-07-06	17	8.02	24	10
2015-07-07	16	2.65	25	9
2015-07-08	0	5.65	24	9
2015-07-09	0	3.72	23	8
2015-07-10	0	1.49	21	8
2015-07-11	0	3.46	31	8
2015-07-12	4.5	1.34	22	8
2015-07-13	0	6.14	24	8
2015-07-14	0	4.95	26	9
2015-07-15	0	5.85	25	8
2015-07-16	0	4.66	25	9
2015-07-17	0	5.43	24	9
2015-07-18	3.5	4.58	27	9
2015-07-19	4	5.37	28	12
2015-07-20	0	6.31	25	11
2015-07-21	0.5	6.53	25	11
2015-07-22	4	3.96	25	7
2015-07-23	11.5	5.15	25	9
2015-07-24	2	4.5	25	9
2015-07-25	0	5.22	26	9
2015-07-26	0	6.7	26	8
2015-07-27	3	5.7	26	8
2015-07-28	0	5.57	27	8
2015-07-29	0	7.74	26	10
2015-07-30	0	4.72	25	9
2015-07-31	0	5.56	25	9
2015-08-01	0	5.31	26	8
2015-08-02	0	6.4	27	8
2015-08-03	0	5.67	27	9
2015-08-04	2	5.29	27	9
2015-08-05	10.5	6.46	27	10
2015-08-06	0	6	26	10
2015-08-07	19	7.82	27	9
2015-08-08	0	4.36	27	9
2015-08-09	0	5.08	27	9
2015-08-10	0	6.34	25	8
2015-08-11	0	5.9	24	8
2015-08-12	0	3.74	22	8
2015-08-13	0	2.35	22	8
2015-08-14	0	4.79	26	7
2015-08-15	0	6.77	26	7
2015-08-16	19	6.62	28	7
2015-08-17	1	2.71	24	10
2015-08-18	0	2.14	23	9
2015-08-19	0	2.99	25	9
2015-08-20	2	5.59	27	9
2015-08-21	6.5	3.02	23	8
2015-08-22	65	7.9	25	10
2015-08-23	0	4.26	25	10
2015-08-24	0	4.92	25	11
2015-08-25	0	4.2	24	10
2015-08-26	0	6.01	23	10
2015-08-27	0	4.09	22	8
2015-08-28	0	3.51	21	8
2015-08-29	0	3.68	25	11
2015-08-30	5.5	4.32	26	11
2015-08-31	2.5	3.42	25	10
2015-09-01	2.5	7.5	24	8
2015-09-02	85	7.32	24	11
2015-09-03	25	4.96	24	11
2015-09-04	0.01	2.85	25	10
2015-09-05	0	2.3	24	10
2015-09-06	0.01	3.96	25	10
2015-09-07	0	6.07	26	11
2015-09-08	0	5.05	27	9
2015-09-09	0	5.84	27	8
2015-09-10	0	4.07	27	8
2015-09-11	0	4.2	25	8
2015-09-12	40	7.83	25	8
2015-09-13	1	3.39	27	9
2015-09-14	48	3	25	12
2015-09-15	0	4.11	25	12
2015-09-16	29.5	5.39	24	12
2015-09-17	13.5	4.48	24	11
2015-09-18	0	4.87	26	12
2015-09-19	0	4.75	25	10
2015-09-20	0	4.37	24	9
2015-09-21	0	2.98	24	12
2015-09-22	0	4.07	25	9
2015-09-23	0	5.9	25	9
2015-09-24	0	4.06	23	10
2015-09-25	0	1.9	21	11
2015-09-26	0	1.55	17	10
2015-09-27	4.5	2.52	25	10
2015-09-28	3.5	1.58	20	10
2015-09-29	0.01	0.81	22	10
2015-09-30	0	3.44	21	10
2015-10-01	0	1.26	19	9
2015-10-02	0	4.25	24	8
2015-10-03	0	4.41	26	3
2015-10-04	0	3.22	27	2
2015-10-05	0	4.7	28	6
2015-10-06	0	6.09	26	8
2015-10-07	0	3.39	27	6
2015-10-08	0.01	3.73	27	6
2015-10-09	0	4.49	26	10
2015-10-10	0	3.97	26	9
2015-10-11	0	4.39	26	10
2015-10-12	0	5.26	27	7
2015-10-13	0	4.79	26	7
2015-10-14	0	3.05	20	6
2015-10-15	0	3.64	23	8
2015-10-16	0	4.05	23	8
2015-10-17	1.5	0.84	16	8
2015-10-18	1	0.14	15	9
2015-10-19	0	2.28	20	7
2015-10-20	0	4.25	27	4
2015-10-21	0	3.84	24	4
2015-10-22	0	0.68	24	4
2015-10-23	0	4.02	25	11
2015-10-24	0	4.31	24	10
2015-10-25	12	3.17	26	11
2015-10-26	0	1.14	26	9
2015-10-27	13	3.86	25	9
2015-10-28	0.01	1.52	22	10
2015-10-29	23	1.5	25	10
2015-10-30	2.5	2.18	24	8
2015-10-31	1	1.66	22	8
2015-11-01	1	3.32	26	8
2015-11-02	0	2.62	24	8
2015-11-03	0	3.34	26	8
2015-11-04	5	3.06	27	7
2015-11-05	0	4.38	26	7
2015-11-06	0	3.16	25	6
2015-11-07	0	4.34	25	6
2015-11-08	4	1.06	18	9
2015-11-09	0	3.43	27	6
2015-11-10	0	4.18	26	6
2015-11-11	0	4.08	27	5
2015-11-12	0	3.35	25	5
2015-11-13	0	1.58	21	5
2015-11-14	0	1.31	18	5
2015-11-15	0	1.48	23	8
2015-11-16	0	2.56	27	8
2015-11-17	0	2.27	24	7
2015-11-18	0	3.39	26	6
2015-11-19	0	2.13	23	6
2015-11-20	0	3.28	25	9
2015-11-21	1	3.59	25	7
2015-11-22	0	1.48	24	6
2015-11-23	0	2.38	20	8
2015-11-24	0	3.14	23	7
2015-11-25	0	3.25	27	6
2015-11-26	0	3.44	26	6
2015-11-27	0	2.91	25	7
2015-11-28	0	1.72	25	6
2015-11-29	0	4	25	7
2015-11-30	0	3.39	26	3
2015-12-01	0	2.96	28	3
2015-12-02	2.5	3.04	26	3
2015-12-03	7	1.23	19	6
2015-12-04	1.5	1.28	15	6
2015-12-05	0	1.97	20	5
2015-12-06	0	2.05	20	5
2015-12-07	0	1.6	21	6
2015-12-08	4	3.59	23	5
2015-12-09	0	2.48	23	4
2015-12-10	0	3.17	24	4
2015-12-11	0	2.42	24	3
2015-12-12	0	2.97	22	3
2015-12-13	0	2.39	22	8
2015-12-14	0	3.09	15	3
2015-12-15	0	4.95	25	3
2015-12-16	0	4.86	26	3
2015-12-17	0	4.6	27	4
2015-12-18	0	1.5	14	3
2015-12-19	0	1.42	19	4
2015-12-20	0	3.21	26	2
2015-12-21	0	2.66	25	2
2015-12-22	0	2.84	26	4
2015-12-23	0	1.89	20	5
2015-12-24	0	3.22	27	4
2015-12-25	0	4.16	26	3
2015-12-26	0	2.33	26	5
2015-12-27	0	5.84	24	4
2015-12-28	0	3.37	25	2
2015-12-29	0	4.29	27	1
2015-12-30	0	3.52	27	3
2015-12-31	0	3.16	26	5
2016-01-01	0	3.16	27	4
2016-01-02	0	1.96	25	5
2016-01-03	0	3.23	25	7
2016-01-04	4.5	4.01	18	6
2016-01-05	0	1.48	21	3
2016-01-06	0	3.53	21	3
2016-01-07	0	4.93	20	4
2016-01-08	0	4.57	22	3
2016-01-09	0	5.25	23	3
2016-01-10	0	4.41	22	2
2016-01-11	0	4.03	23	2
2016-01-12	0	5.53	19	2
2016-01-13	2	1.98	12	3
2016-01-14	0	0.18	20	4
2016-01-15	0	3.26	23	5
2016-01-16	0	3.69	21	3
2016-01-17	0	4.9	27	3
2016-01-18	0	3.94	24	3
2016-01-19	0	4.14	21	0
2016-01-20	0	2.74	21	5
2016-01-21	0	5.08	25	3
2016-01-22	0	4.79	23	1
2016-01-23	0	2.48	24	-3
2016-01-24	0	4.94	24	-2
2016-01-25	0	3.09	26	0
2016-01-26	0	3.03	20	1
2016-01-27	0	4.54	21	0
2016-01-28	0	6.29	16	0
2016-01-29	0	2.97	12	0
2016-01-30	0	2.78	24	3
2016-01-31	0	1.92	25	4
2016-02-01	0	2.89	26	3
2016-02-02	0	4.36	27	3
2016-02-03	0	3.94	28	6
2016-02-04	0	6.07	19	2
2016-02-05	0	4.43	26	-2
2016-02-06	0	3.63	18	-2
2016-02-07	0	4.06	22	-2
2016-02-08	0	4.35	22	-2
2016-02-09	0	5.01	16	-2
2016-02-10	0	2.31	15	1
2016-02-11	0	1.98	24	-2
2016-02-12	0	4.1	23	-2
2016-02-13	0	4.88	23	-2
2016-02-14	0	4.61	26	-3
2016-02-15	0	5.25	27	-2
2016-02-16	0	4.67	27	1
2016-02-17	0	5.88	26	0
2016-02-18	0	5.43	27	-2
2016-02-19	0	5.14	27	-2
2016-02-20	0	5.41	28	-2
2016-02-21	0	5.69	30	0
2016-02-22	0	6.98	28	3
2016-02-23	0	6.94	29	3
2016-02-24	0	7.89	28	5
2016-02-25	1	4.34	28	2
2016-02-26	3	4.21	24	1
2016-02-27	0	4.61	21	5
2016-02-28	0	2.02	23	6
2016-02-29	4	2.37	26	5
2016-03-01	0	4.06	24	5
2016-03-02	0	3.61	18	7
2016-03-03	0	2.28	23	7
2016-03-04	0	4.32	21	3
2016-03-05	0	4.77	25	3
2016-03-06	0	5.46	27	1
2016-03-07	0	7.05	25	1
2016-03-08	1	8.55	23	6
2016-03-09	1	5.27	20	7
2016-03-10	0	6.01	16	4
2016-03-11	0	7.5	21	0
2016-03-12	0	7.28	28	-1
2016-03-13	0	6.12	29	-1
2016-03-14	0	6.59	30	2
2016-03-15	0	7.58	30	4
2016-03-16	0	6.19	29	6
2016-03-17	0	5.5	30	5
2016-03-18	0.01	4.73	27	5
2016-03-19	0	6.94	26	2
2016-03-20	0	7.69	14	6
2016-03-21	0	3.06	22	4
2016-03-22	0	3.13	26	5
2016-03-23	2	5.28	27	5
2016-03-24	0	7.24	27	6
2016-03-25	0	7.84	27	5
2016-03-26	0	1	27	5
2016-03-27	0	7.98	30	7
2016-03-28	0	7.85	30	8
2016-03-29	0	8.06	29	8
2016-03-30	0	9.17	30	9
2016-03-31	0	8.89	29	9
2016-04-01	0	1.2	28	9
2016-04-02	0	9.89	30	6
2016-04-03	0	8.73	29	6
2016-04-04	0	5.58	30	7
2016-04-05	0	8.97	30	5
2016-04-06	0	8.05	31	5
2016-04-07	0	7.08	31	6
2016-04-08	0	8.37	31	5
2016-04-09	0	4.67	31	7
2016-04-10	6	7.11	31	6
2016-04-11	0	5.03	31	7
2016-04-12	0	7.16	31	7
2016-04-13	0	5.62	31	8
2016-04-14	0	9.08	30	7
2016-04-15	0	8.17	30	8
2016-04-16	0	9.23	28	8
2016-04-17	0	8.02	31	11
2016-04-18	0	7.85	30	11
2016-04-19	3	4.89	28	6
2016-04-20	1.5	3.08	24	6
2016-04-21	0	4.62	21	6
2016-04-22	1.5	1.85	25	8
2016-04-23	0	4.62	22	6
2016-04-24	0	1.66	27	7
2016-04-25	0	9.93	26	7
2016-04-26	0	6.2	27	7
2016-04-27	0	9.12	31	8
2016-04-28	0	8.46	30	7
2016-04-29	0	1.03	29	7
2016-04-30	0	1.05	29	9
2016-05-01	0	8.85	31	9
2016-05-02	0	8.44	33	7
2016-05-03	0	7.58	34	7
2016-05-04	0	1.24	31	9
2016-05-05	0	8.35	29	9
2016-05-06	0	6.2	30	7
2016-05-07	0	9.95	30	8
2016-05-08	0	8.85	32	8
2016-05-09	1.5	8.04	31	9
2016-05-10	3	4.53	31	9
2016-05-11	4	5.04	29	8
2016-05-12	0.01	8.56	27	8
2016-05-13	0	4.72	25	8
2016-05-14	0	6.84	27	9
2016-05-15	17	5.55	26	9
2016-05-16	0	6.72	26	12
2016-05-17	0	9.5	28	10
2016-05-18	0	9.75	29	11
2016-05-19	0	3.91	29	8
2016-05-20	1	7.3	31	8
2016-05-21	0	6	30	9
2016-05-22	0	7.15	30	10
2016-05-23	2	6.22	31	11
2016-05-24	0	6.11	29	10
2016-05-25	17	5.51	32	9
2016-05-26	4	1.27	29	10
2016-05-27	5	2.84	27	10
2016-05-28	61	4.62	28	10
2016-05-29	0	NULO	27	9
2016-05-30	0	5.5	28	9
2016-05-31	12.5	5.5	28	11
2016-06-01	7.5	6.45	22	10
2016-06-02	6	2.55	26	11
2016-06-03	0	5.45	26	10
2016-06-04	2.5	3.64	25	9
2016-06-05	0	3.46	23	8
2016-06-06	0	2.93	24	8
2016-06-07	10	3.07	23	9
2016-06-08	0	4.76	25	8
2016-06-09	4	3.2	25	8
2016-06-10	1.5	4.19	25	10
2016-06-11	0	3.3	24	10
2016-06-12	46	3.05	26	12
2016-06-13	0	NULO	25	12
2016-06-14	1	3.34	26	12
2016-06-15	0	5.02	25	12
2016-06-16	7	4.07	27	13
2016-06-17	0	6.52	25	9
2016-06-18	0	6.15	24	9
2016-06-19	2.5	6.33	22	10
2016-06-20	31.5	5.53	21	9
2016-06-21	0	3.54	21	12
2016-06-22	0	3.94	24	9
2016-06-23	18	5.69	25	8
2016-06-24	3.5	7.91	24	7
2016-06-25	2	2.58	24	8
2016-06-26	4	4.87	21	8
2016-06-27	0	1.54	24	12
2016-06-28	0	5.11	23	10
2016-06-29	8	5.6	24	9
2016-06-30	0	6.18	25	9
2016-07-01	13.5	4.93	25	11
2016-07-02	0	4.07	25	11
2016-07-03	0	2.64	26	8
2016-07-04	1.8	4.12	25	8
2016-07-05	2	6.83	25	9
2016-07-06	4.5	4.69	24	10
2016-07-07	2	5.77	26	11
2016-07-08	4	5.59	25	11
2016-07-09	0	4.54	25	11
2016-07-10	0	5.61	26	10
2016-07-11	6	4.95	25	10
2016-07-12	8	2.48	20	12
2016-07-13	1.5	1.58	23	9
2016-07-14	20	3.53	23	8
2016-07-15	0	4.86	23	10
2016-07-16	0	5.26	25	9
2016-07-17	5	4.91	24	10
2016-07-18	1.5	3.47	24	9
2016-07-19	0	4.81	22	10
2016-07-20	0	4.46	22	10
2016-07-21	34.5	4.45	22	11
2016-07-22	2.5	4.75	22	10
2016-07-23	0	1.36	25	11
2016-07-24	0	4.84	26	9
2016-07-25	1	3.06	25	9
2016-07-26	1.5	3.72	25	10
2016-07-27	4.5	4.56	24	9
2016-07-28	4	6.25	25	10
2016-07-29	9	3	25	9
2016-07-30	3.5	5.69	22	11
2016-07-31	1.5	2.76	23	10
2016-08-01	0	3.21	25	11
2016-08-02	4	4.84	26	10
2016-08-03	0	4.8	26	11
2016-08-04	0	4.9	25	9
2016-08-05	5	5.57	23	8
2016-08-06	9	3.17	20	10
2016-08-07	14.5	4.04	24	12
2016-08-08	2	5.83	19	13
2016-08-09	20	0.34	26	13
2016-08-10	1.5	6.13	25	12
2016-08-11	0	4.7	25	9
2016-08-12	0	5.14	26	9
2016-08-13	0	4.69	27	8
2016-08-14	0	5.65	27	8
2016-08-15	0	5.38	25	8
2016-08-16	0.5	7.2	24	9
2016-08-17	12	2.52	26	11
2016-08-18	2.5	3.86	27	12
2016-08-19	31.5	3.79	27	11
2016-08-20	11	1.04	26	10
2016-08-21	8	7.24	26	10
2016-08-22	0	5.03	24	9
2016-08-23	1.5	4.11	23	9
2016-08-24	0.01	4.97	25	9
2016-08-25	22	1.82	25	11
2016-08-26	0	6.34	25	10
2016-08-27	0	5.18	26	10
2016-08-28	0	4.95	25	11
2016-08-29	0	3.11	26	12
2016-08-30	0	3.77	25	11
2016-08-31	0	6.66	26	7
2016-09-01	0	5.58	23	7
2016-09-02	0	2.7	24	11
2016-09-03	0	2.18	22	10
2016-09-04	19	3.65	20	12
2016-09-05	2.5	2.34	21	13
2016-09-06	1.5	1.51	25	11
2016-09-07	0	0.83	25	10
2016-09-08	0	3.74	25	10
2016-09-09	0	2.47	26	6
2016-09-10	0	5.28	28	6
2016-09-11	0	5.35	25	9
2016-09-12	0	3.88	27	10
2016-09-13	0	3.55	27	12
2016-09-14	0	5.06	26	10
2016-09-15	0	4.8	26	10
2016-09-16	3.5	4.83	28	12
2016-09-17	0	4.26	26	12
2016-09-18	0	3.42	26	11
2016-09-19	0	3.31	28	11
2016-09-20	0	6.62	25	9
2016-09-21	0.01	3.91	24	9
2016-09-22	1	1.81	25	9
2016-09-23	10	3.16	26	9
2016-09-24	0.01	3.65	27	10
2016-09-25	3	3.16	25	10
2016-09-26	0	3.04	25	10
2016-09-27	12.5	3.46	20	10
2016-09-28	21	0.14	21	12
2016-09-29	0	NULO	23	12
2016-09-30	0	3.05	24	11
2016-10-01	5.5	3.07	26	11
2016-10-02	0	4.26	26	10
2016-10-03	0	3.61	27	10
2016-10-04	0	5.29	27	11
2016-10-05	0	3.88	28	9
2016-10-06	0	4.86	28	8
2016-10-07	0	5.12	26	8
2016-10-08	5.5	4.17	23	8
2016-10-09	0	3.79	17	10
2016-10-10	0	0.9	23	7
2016-10-11	0	2.68	23	7
2016-10-12	0	3.06	27	9
2016-10-13	0	4.39	26	10
2016-10-14	0	5.88	26	7
2016-10-15	0	4.73	26	7
2016-10-16	0	4.19	27	7
2016-10-17	0	3.71	26	7
2016-10-18	0	2.86	28	7
2016-10-19	0	4.4	26	5
2016-10-20	0	4.4	26	5
2016-10-21	2	3.95	17	9
2016-10-22	0	1.19	19	9
2016-10-23	0	1.7	24	8
2016-10-24	0	2.71	26	8
2016-10-25	0	4.7	24	8
2016-10-26	1.5	4.26	24	5
2016-10-27	0	2.73	20	6
2016-10-28	0	1.61	20	3
2016-10-29	0	1.26	22	4
2016-10-30	1.5	5.23	25	6
2016-10-31	2.5	3.95	24	8
2016-11-01	0	2.5	26	4
2016-11-02	4.5	2.96	28	4
2016-11-03	0	3.7	24	6
2016-11-04	0	2.72	19	8
2016-11-05	0	1.26	21	9
2016-11-06	0	2.12	27	9
2016-11-07	0	2.44	28	5
2016-11-08	14	3.92	25	5
2016-11-09	10.5	2.83	14	9
2016-11-10	4	1.62	15	7
2016-11-11	0	0.86	16	7
2016-11-12	0	1.16	18	6
2016-11-13	0	0.76	21	8
2016-11-14	0	1.62	25	8
2016-11-15	0	3.04	23	9
2016-11-16	0	3.16	16	9
2016-11-17	0	0.66	20	5
2016-11-18	0	1.73	24	6
2016-11-19	0	1.36	14	6
2016-11-20	0	1.14	18	5
2016-11-21	0	2.02	24	2
2016-11-22	0	2.54	25	2
2016-11-23	0	3.45	24	2
2016-11-24	0	4.5	24	5
2016-11-25	0	2.71	24	3
2016-11-26	0	2.63	20	5
2016-11-27	0	1.76	25	5
2016-11-28	0	3.77	26	4
2016-11-29	0	3.48	26	5
2016-11-30	0	5.55	26	5
2016-12-01	0	4.17	27	4
2016-12-02	0	3.34	26	4
2016-12-03	0	4.58	26	5
2016-12-04	0	4.7	25	5
2016-12-05	0	5.73	24	9
2016-12-06	0	5.62	25	0
2016-12-07	0	3.12	27	3
2016-12-08	0	3.06	26	2
2016-12-09	0	3.09	25	5
2016-12-10	0	2.02	22	7
2016-12-11	0	2.4	26	6
2016-12-12	0	2.99	26	3
2016-12-13	0	3.9	27	2
2016-12-14	0	3.33	26	1
2016-12-15	0	3	25	3
2016-12-16	0	2.86	25	6
2016-12-17	0	4.68	26	5
2016-12-18	0	5.82	26	5
2016-12-19	0	4.12	25	8
2016-12-20	0	1.31	23	11
2016-12-21	0	3.54	25	7
2016-12-22	0	3.66	25	5
2016-12-23	0	2.61	25	4
2016-12-24	0	3.35	27	5
2016-12-25	0	3.37	25	6
2016-12-26	0	3.39	26	4
2016-12-27	0	3.05	26	5
2016-12-28	0	1.37	14	6
2016-12-29	0	4.18	16	4
2016-12-30	0	0.79	16	6
2016-12-31	0	4.09	14	3
2017-01-01	0	4.47	24	3
2017-01-02	0	3.93	27	4
2017-01-03	0	4.74	27	2
2017-01-04	0	4.32	29	2
2017-01-05	0	4.5	26	2
2017-01-06	0	5.08	29	1
2017-01-07	0	3.48	25	2
2017-01-08	0	1.44	19	1
2017-01-09	0	3.25	23	0
2017-01-10	0	3.71	26	-1
2017-01-11	0	3.75	26	-2
2017-01-12	0	4.52	26	-1
2017-01-13	0	3.72	26	0
2017-01-14	0	3.35	24	0
2017-01-15	0	3.88	26	0
2017-01-16	0	3.7	26	0
2017-01-17	0	3.54	25	0
2017-01-18	0	3.01	25	2
2017-01-19	0	4.87	26	2
2017-01-20	0	5.09	25	3
2017-01-21	0	6.21	26	3
2017-01-22	0	5.7	27	2
2017-01-23	0	5.31	28	0
2017-01-24	0	4.42	28	0
2017-01-25	0	2.45	29	0
2017-01-26	0	4.09	29	2
2017-01-27	0	5.85	28	2
2017-01-28	0	4.36	26	1
2017-01-29	0	2.4	19	0
2017-01-30	0	3.31	24	0
2017-01-31	0	4.09	26	-1
2017-02-01	0	3.63	24	0
2017-02-02	0	3.99	25	2
2017-02-03	0	3.79	25	1
2017-02-04	0	4.15	25	0
2017-02-05	0	4.53	25	3
2017-02-06	0	3.21	24	2
2017-02-07	0	5.33	28	3
2017-02-08	0	6.24	28	3
2017-02-09	0	5.6	27	0
2017-02-10	0	4.89	27	0
2017-02-11	0	5.5	29	-1
2017-02-12	0	5.25	28	-1
2017-02-13	3	3.8	28	1
2017-02-14	0	3.18	27	1
2017-02-15	0	7.04	28	3
2017-02-16	0	5.94	25	1
2017-02-17	0	7.16	23	3
2017-02-18	0	7.22	28	3
2017-02-19	0	6.84	25	2
2017-02-20	0	7.94	25	2
2017-02-21	0	4.45	24	4
2017-02-22	0	6.24	24	1
2017-02-23	0	7.39	26	0
2017-02-24	0	6.73	27	2
2017-02-25	0	5.39	28	2
2017-02-26	0	5.67	29	1
2017-02-27	0	6.55	30	2
2017-02-28	0	6.71	30	4
2017-03-01	0	7.26	30	5
2017-03-02	0	5.75	25	5
2017-03-03	0	5.36	25	6
2017-03-04	3.5	3.75	25	7
2017-03-05	0	3.72	25	6
2017-03-06	0	5.74	28	5
2017-03-07	0	5.59	28	5
2017-03-08	13.5	5.72	26	5
2017-03-09	0	2.98	25	4
2017-03-10	0	2.05	26	3
2017-03-11	2	4.63	25	3
2017-03-12	1.5	2.83	24	4
2017-03-13	1	3.36	24	4
2017-03-14	0	3.58	25	3
2017-03-15	0	2.49	23	3
2017-03-16	0	4.49	25	4
2017-03-17	0	5.58	27	3
2017-03-18	0	6.08	26	2
2017-03-19	0	4.97	26	3
2017-03-20	0	8.01	26	1
2017-03-21	0	8.33	28	1
2017-03-22	0	7.89	27	2
2017-03-23	0	7.29	29	1
2017-03-24	0	5.27	30	1
2017-03-25	7	7.48	29	5
2017-03-26	1	3.98	27	6
2017-03-27	0	5.69	29	5
2017-03-28	0	9.44	28	5
2017-03-29	0	10.59	28	6
2017-03-30	0	8.1	29	8
2017-03-31	0	7.39	28	6
2017-04-01	0	10.7	29	6
2017-04-02	0	10.06	28	6
2017-04-03	0	10.65	28	3
2017-04-04	0	10.19	29	3
2017-04-05	0	7.27	31	5
2017-04-06	0	5.56	29	5
2017-04-07	0	4.45	29	6
2017-04-08	0	5.98	29	6
2017-04-09	0	4.16	29	6
2017-04-10	0	9.89	30	6
2017-04-11	41.5	2.45	28	7
2017-04-12	0	5.48	25	4
2017-04-13	0	5.37	26	4
2017-04-14	0	4.44	25	5
2017-04-15	0	5.39	28	6
2017-04-16	3.5	4.46	28	7
2017-04-17	1.5	4.05	25	7
2017-04-18	0	3.75	23	7
2017-04-19	0	5.44	24	3
2017-04-20	0	6.41	26	3
2017-04-21	0	6.71	28	3
2017-04-22	0	8.11	28	4
2017-04-23	0	6.83	26	5
2017-04-24	0	5.23	28	6
2017-04-25	0	10.9	27	6
2017-04-26	0	9.63	30	8
2017-04-27	0	6.54	30	5
2017-04-28	0	6.85	30	6
2017-04-29	0	11.58	29	10
2017-04-30	0	2.44	32	6
2017-05-01	0	7.74	31	5
2017-05-02	0	5.81	31	6
2017-05-03	0	6.7	28	8
2017-05-04	3.5	3.92	27	8
2017-05-05	1	4.12	26	9
2017-05-06	0	6.4	28	5
2017-05-07	0	3.67	28	6
2017-05-08	0	3.14	28	8
2017-05-09	0	4.21	28	8
2017-05-10	0	5.08	28	8
2017-05-11	12	7.37	31	9
2017-05-12	0	4.02	29	8
2017-05-13	0	4.94	28	8
2017-05-14	0	3.38	25	9
2017-05-15	0	6.66	29	8
2017-05-16	0	6.6	31	9
2017-05-17	0	7.28	32	9
2017-05-18	0	7.88	32	10
2017-05-19	0	7.93	33	10
2017-05-20	0	8.44	33	9
2017-05-21	0	7.04	31	10
2017-05-22	13.5	8.72	32	10
2017-05-23	0	7.48	32	10
2017-05-24	0	6.45	30	10
2017-05-25	0	5.3	29	12
2017-05-26	0	8.47	31	9
2017-05-27	0	5.99	29	8
2017-05-28	0	6.47	30	8
2017-05-29	0	4.7	29	9
2017-05-30	0	5.64	28	10
2017-05-31	0	4.76	23	10
2017-06-01	0	4.26	27	11
2017-06-02	0	5.62	28	11
2017-06-03	0	7.15	29	11
2017-06-04	0	7.58	30	10
2017-06-05	0	6.99	31	10
2017-06-06	12	7.4	28	10
2017-06-07	4.5	2.97	27	8
2017-06-08	0	7.91	27	8
2017-06-09	0	3.1	27	12
2017-06-10	40	1	28	10
2017-06-11	0	6.45	27	10
2017-06-12	0	7.39	28	13
2017-06-13	0	6.81	27	10
2017-06-14	0	5.38	26	9
2017-06-15	6	5.59	28	11
2017-06-16	0	5.11	27	9
2017-06-17	0	8.23	27	9
2017-06-18	0	6.51	28	7
2017-06-19	0	8.56	28	7
2017-06-20	0	7.23	25	7
2017-06-21	0	6.34	27	5
2017-06-22	0	8.09	29	5
2017-06-23	0	8.22	30	7
2017-06-24	1.5	3.95	27	6
2017-06-25	12	0.72	23	10
2017-06-26	4	2.94	25	10
2017-06-27	0	3.93	24	11
2017-06-28	0	3.13	25	11
2017-06-29	12	2.8	25	13
2017-06-30	23.5	4.77	25	11
2017-07-01	40	5	23	10
2017-07-02	2	4.57	24	10
2017-07-03	2.5	3.15	25	10
2017-07-04	20	5.58	24	11
2017-07-05	19	7.4	24	10
2017-07-06	0	3.9	22	8
2017-07-07	2.5	2.66	26	8
2017-07-08	0	3.01	21	10
2017-07-09	5.5	2.51	22	11
2017-07-10	4	1.4	22	11
2017-07-11	6	1.92	22	11
2017-07-12	2	3.4	25	11
2017-07-13	0	2.83	25	10
2017-07-14	0	5.67	24	11
2017-07-15	0	5.66	23	8
2017-07-16	0	5.67	25	9
2017-07-17	20	7.14	26	7
2017-07-18	3.5	2.95	24	7
2017-07-19	1.5	3.08	24	12
2017-07-20	7.5	5	24	10
2017-07-21	0	3.56	24	10
2017-07-22	2	3.87	24	10
2017-07-23	3.5	3.7	23	9
2017-07-24	3	1.58	22	8
2017-07-25	0.01	2.84	24	10
2017-07-26	0	4.61	24	10
2017-07-27	0	3.54	25	12
2017-07-28	0	6.22	25	11
2017-07-29	0	5.1	26	10
2017-07-30	0	4.86	26	9
2017-07-31	0	7.17	26	9
2017-08-01	0	5.8	26	7
2017-08-02	0	5.66	27	8
2017-08-03	3.5	4.59	28	12
2017-08-04	11.5	5.47	27	11
2017-08-05	0	7.07	26	11
2017-08-06	4	9.06	28	10
2017-08-07	0	8.33	27	10
2017-08-08	0	7.72	25	11
2017-08-09	11	3	22	10
2017-08-10	8	0.76	16	9
2017-08-11	0	3.4	24	11
2017-08-12	0	4.7	24	9
2017-08-13	1	3.53	27	9
2017-08-14	3.5	7.94	27	10
2017-08-15	0	5.2	27	9
2017-08-16	70	3	25	9
2017-08-17	4	4.55	24	11
2017-08-18	0	5	24	10
2017-08-19	0	5	25	10
2017-08-20	0	6.24	25	12
2017-08-21	0	5.48	24	10
2017-08-22	0	4.49	24	10
2017-08-23	0	5.15	24	11
2017-08-24	0	4.63	24	11
2017-08-25	0	2.64	26	8
2017-08-26	2	4.01	27	13
2017-08-27	9	6.84	26	11
2017-08-28	16	6.19	25	11
2017-08-29	13	1.75	25	11
2017-08-30	4	3.47	21	11
2017-08-31	2.5	3.12	23	11
2017-09-01	0	3.37	22	11
2017-09-02	0.01	1.52	20	12
2017-09-03	0	2.78	22	11
2017-09-04	34.5	3.43	22	10
2017-09-05	15	2.56	23	11
2017-09-06	0.01	1.4	20	11
2017-09-07	0.01	1.7	19	10
2017-09-08	1.5	1.71	21	10
2017-09-09	3.5	0.76	13	9
2017-09-10	0.01	1.28	19	10
2017-09-11	0	3.96	27	7
2017-09-12	0	5.94	23	3
2017-09-13	0	4.21	26	4
2017-09-14	0	5.61	26	2
2017-09-15	0	5.28	26	5
2017-09-16	0	3.95	27	5
2017-09-17	8	5.38	29	8
2017-09-18	0	2.61	25	11
2017-09-19	0	4.9	26	12
2017-09-20	0.01	2.72	27	12
2017-09-21	1	3.81	27	12
2017-09-22	3	3.19	27	12
2017-09-23	2	5.15	26	12
2017-09-24	31	2.36	25	10
2017-09-25	2.5	3.11	25	12
2017-09-26	40	1.74	26	13
2017-09-27	0	4.85	24	12
2017-09-28	0	1.69	20	11
2017-09-29	1	2.29	21	12
2017-09-30	0	0.81	20	11
2017-10-01	7	1.68	21	12
2017-10-02	0.5	0.51	21	12
2017-10-03	3	2.13	20	11
2017-10-04	0	1.42	20	10
2017-10-05	0	2.57	21	10
2017-10-06	0	2.65	22	9
2017-10-07	0	5.08	26	4
2017-10-08	0	3.36	26	4
2017-10-09	0	5.4	27	9
2017-10-10	0	1.61	23	9
2017-10-11	1	1.85	20	8
2017-10-12	0	1.77	20	9
2017-10-13	0	3.55	22	9
2017-10-14	0	2.86	23	9
2017-10-15	0	5.06	25	10
2017-10-16	0.01	1.63	19	10
2017-10-17	0	1.45	19	9
2017-10-18	0	3.66	25	9
2017-10-19	0	4.93	27	10
2017-10-20	0	5.19	27	9
2017-10-21	0	4.78	27	5
2017-10-22	0	4.65	26	5
2017-10-23	0	2.82	22	6
2017-10-24	0	2.35	10	6
2017-10-25	0	3.01	18	6
2017-10-26	0	4.33	25	1
2017-10-27	0	4.55	25	1
2017-10-28	0	4.27	25	3
2017-10-29	0	4.14	25	6
2017-10-30	1.5	3.91	26	6
2017-10-31	4.5	3.65	26	6
2017-11-01	0	3.3	26	8
2017-11-02	0	5.03	27	8
2017-11-03	0	5.1	27	5
2017-11-04	0	4.98	26	3
2017-11-05	0	5.09	27	1
2017-11-06	0	4.01	27	2
2017-11-07	0	5.64	26	1
2017-11-08	0	5	28	1
2017-11-09	0	3.59	26	1
2017-11-10	0	3.59	24	6
2017-11-11	0	5.02	25	8
2017-11-12	1.5	3.79	24	6
2017-11-13	0	4.2	23	7
2017-11-14	0	3.35	22	7
2017-11-15	0	6.17	25	3
2017-11-16	0	2.72	26	0
2017-11-17	0	4.49	26	0
2017-11-18	0	4.64	27	0
2017-11-19	0	2.92	20	0
2017-11-20	0	4.43	24	4
2017-11-21	0	4.08	25	4
2017-11-22	0	4.14	21	3
2017-11-23	0	4.11	25	-1
2017-11-24	0	3.13	24	2
2017-11-25	0	4.46	25	-2
2017-11-26	0	4.82	23	-2
2017-11-27	0	3.06	23	-1
2017-11-28	0	3.96	25	-1
2017-11-29	0	3.23	24	-2
2017-11-30	NULO	2.68	23	2
2017-12-01	0	4.98	22	0
2017-12-02	0	4.44	24	0
2017-12-03	0	1.69	25	0
2017-12-04	0	3.4	26	-2
2017-12-05	0	4.35	27	1
2017-12-06	0	3.74	27	2
2017-12-07	0	3.87	25	3
2017-12-08	0	6.26	23	3
2017-12-09	0	3.53	19	1
2017-12-10	0	2.17	17	-4
2017-12-11	0	4.28	22	-5
2017-12-12	0	3.53	22	-5
2017-12-13	0	6.19	25	-4
2017-12-14	0	2.41	26	-3
2017-12-15	0	2.95	26	1
2017-12-16	0	3.47	24	1
2017-12-17	0	2.24	22	3
2017-12-18	0	3.26	25	3
2017-12-19	0	3.27	26	3
2017-12-20	0	3.35	26	4
2017-12-21	0	3.95	26	2
2017-12-22	0	3.84	25	2
2017-12-23	0	3.58	26	2
2017-12-24	0	3.79	26	3
2017-12-25	0	3.78	24	2
2017-12-26	0	4.15	25	1
2017-12-27	0	4.07	24	1
2017-12-28	0	5.28	25	0
2017-12-29	0	1.12	24	2
2017-12-30	0	3.6	23	1
2017-12-31	0	5.28	24	1
2018-01-01	0	2.16	23	2
2018-01-02	0	1.96	23	0
2018-01-03	0	3.57	23	1
2018-01-04	0	3.42	22	2
2018-01-05	0	3.69	25	1
2018-01-06	0	3.63	23	1
2018-01-07	0	4.44	26	-1
2018-01-08	0	3.87	22	0
2018-01-09	0	4.21	25	-2
2018-01-10	0	4.26	27	-2
2018-01-11	0	5.5	26	1
2018-01-12	0	5.18	24	2
2018-01-13	0	4.26	21	-2
2018-01-14	0	3.28	19	-2
2018-01-15	0	3.19	20	-5
2018-01-16	0	3.05	21	-4
2018-01-17	0	3.62	20	-2
2018-01-18	0	2.89	23	0
2018-01-19	0	3.68	22	0
2018-01-20	0	3.21	25	-1
2018-01-21	0	4.28	26	0
2018-01-22	0	4.28	27	1
2018-01-23	0	3.55	25	2
2018-01-24	8.5	2.4	20	4
2018-01-25	0	2	17	3
2018-01-26	3	2.67	20	4
2018-01-27	0	3.27	24	3
2018-01-28	0.01	0.76	16	4
2018-01-29	0	1.77	10	5
2018-01-30	0	1.9	12	-2
2018-01-31	0	3	22	-2
2018-02-01	0	4.37	26	0
2018-02-02	0	3.25	24	3
2018-02-03	0	5.51	26	3
2018-02-04	0	4.78	26	4
2018-02-05	0	4.2	27	5
2018-02-06	0	4.73	27	5
2018-02-07	0	3.7	26	4
2018-02-08	0	4.23	25	5
2018-02-09	3	2.26	22	3
2018-02-10	0	4.43	22	4
2018-02-11	0	3.21	24	4
2018-02-12	0	4.68	26	3
2018-02-13	0	3.22	23	5
2018-02-14	0	4.45	25	6
2018-02-15	0	6.3	26	5
2018-02-16	0	6.05	29	0
2018-02-17	0	6.55	27	0
2018-02-18	0	5.09	27	3
2018-02-19	0	4.65	26	5
2018-02-20	0	4.27	25	6
2018-02-21	0	7.36	27	4
2018-02-22	0.01	2.88	27	4
2018-02-23	0	4.59	27	4
2018-02-24	0	5.63	29	5
2018-02-25	0	5.84	28	6
2018-02-26	0	5.41	29	6
2018-02-27	0	5.49	28	7
2018-02-28	0	5.48	29	6
2018-03-01	0	6.22	28	8
2018-03-02	0	5.88	26	7
2018-03-03	0	6.9	28	5
2018-03-04	0	6.81	29	3
2018-03-05	0	6.46	29	3
2018-03-06	0	6.82	28	5
2018-03-07	0	3.81	22	7
2018-03-08	0	4.73	27	3
2018-03-09	0	7.26	29	3
2018-03-10	0	7.33	30	6
2018-03-11	0	7.8	31	5
2018-03-12	0	5.87	29	6
2018-03-13	0	7.45	30	5
2018-03-14	0	6.37	29	5
2018-03-15	0	7.04	29	7
2018-03-16	0	7.73	30	6
2018-03-17	0	8.86	28	6
2018-03-18	0	7.5	28	6
2018-03-19	0	8.49	31	6
2018-03-20	0	7.3	29	5
2018-03-21	0	6.47	29	5
2018-03-22	0	5.93	28	5
2018-03-23	0	9.09	28	6
2018-03-24	0	10.17	30	3
2018-03-25	0	8.81	30	2
2018-03-26	0	8.17	31	2
2018-03-27	1	6.66	31	4
2018-03-28	0	7.36	30	7
2018-03-29	2.5	6.19	29	7
2018-03-30	0	5.23	24	6
2018-03-31	0	5.98	26	2
2018-04-01	0	8.12	28	2
2018-04-02	0	6.98	28	3
2018-04-03	0	6.61	29	4
2018-04-04	2	4.49	27	6
2018-04-05	0.01	5.8	28	8
2018-04-06	0	5.29	27	9
2018-04-07	0	7.1	28	8
2018-04-08	0	8.29	30	6
2018-04-09	0	7.21	29	6
2018-04-10	8.5	4.83	26	5
2018-04-11	0	3.37	24	6
2018-04-12	0	6.08	28	7
2018-04-13	0	8.55	27	8
2018-04-14	0	8.72	27	8
2018-04-15	0	6.73	22	8
2018-04-16	0	7.5	28	4
2018-04-17	0	8.17	29	4
2018-04-18	0	7.35	30	6
2018-04-19	0	8.16	28	5
2018-04-20	0	7.44	29	5
2018-04-21	0	4.73	28	5
2018-04-22	4	6.66	31	7
2018-04-23	0	4.14	28	9
2018-04-24	12	6	28	10
2018-04-25	0	3.45	26	8
2018-04-26	0	6.48	27	9
2018-04-27	0	6.91	29	8
2018-04-28	0	5.43	27	8
2018-04-29	4.5	6.97	29	9
2018-04-30	3	4.18	28	8
2018-05-01	3.5	5.31	28	9
2018-05-02	0	4.6	26	8
2018-05-03	0	5.23	29	8
2018-05-04	30	10.89	29	9
2018-05-05	0	4.54	24	8
2018-05-06	0	5.38	24	9
2018-05-07	0	3.63	23	9
2018-05-08	3.5	1.3	20	10
2018-05-09	0	6.72	26	7
2018-05-10	0	5.48	27	7
2018-05-11	0	6.08	27	6
2018-05-12	0	7.41	29	6
2018-05-13	0	6.26	30	9
2018-05-14	0	7.62	30	8
2018-05-15	0	7.94	29	7
2018-05-16	0	7.78	29	7
2018-05-17	0	7.43	30	8
2018-05-18	0	8.43	31	7
2018-05-19	2	6.86	30	7
2018-05-20	3	6.96	31	9
2018-05-21	0	6.03	27	9
2018-05-22	0	5.6	28	8
2018-05-23	0	7.15	29	8
2018-05-24	0	8.03	29	9
2018-05-25	0	8.19	28	8
2018-05-26	0	8.77	29	7
2018-05-27	0	8.69	30	5
2018-05-28	0	9.47	32	5
2018-05-29	0	0.48	32	7
2018-05-30	0	11.09	33	7
2018-05-31	0	9.82	33	6
2018-06-01	0	8.03	31	6
2018-06-02	0	8.07	27	6
2018-06-03	0	7.37	28	9
2018-06-04	0	8.61	28	6
2018-06-05	0	8.2	30	6
2018-06-06	0	8.99	30	6
2018-06-07	0	7.85	29	8
2018-06-08	0	7.21	28	8
2018-06-09	3	5.61	28	9
2018-06-10	0	6.48	28	10
2018-06-11	0	6.19	29	10
2018-06-12	20	5.7	26	12
2018-06-13	50	2.86	23	12
2018-06-14	18	2.95	21	12
2018-06-15	4.5	3.57	23	12
2018-06-16	0	4.05	25	12
2018-06-17	12.5	3.5	26	13
2018-06-18	15	2.34	21	12
2018-06-19	5.5	2.38	22	12
2018-06-20	2	1.96	20	12
2018-06-21	4	3.76	24	11
2018-06-22	6	4.56	25	10
2018-06-23	1.5	5.89	26	11
2018-06-24	0	3.05	25	9
2018-06-25	13.5	5	24	9
2018-06-26	1.5	3.58	24	9
2018-06-27	9.5	6.11	25	11
2018-06-28	7.5	6.3	26	10
2018-06-29	0	4.69	24	10
2018-06-30	6	5.64	24	8
2018-07-01	0	5.19	25	7
2018-07-02	3	5.17	24	11
2018-07-03	10	4.68	25	11
2018-07-04	0	4.21	24	7
2018-07-05	0	6.35	23	7
2018-07-06	0	3.12	21	8
2018-07-07	0	5.44	23	7
2018-07-08	7	3.22	24	9
2018-07-09	0	4.97	24	10
2018-07-10	0	3.28	23	9
2018-07-11	6	3.16	23	7
2018-07-12	0	6.49	23	8
2018-07-13	12.5	7.1	25	9
2018-07-14	0	4.05	25	8
2018-07-15	0	3.72	23	9
2018-07-16	0	4.93	24	10
2018-07-17	1.5	4.79	25	10
2018-07-18	0	5.92	25	9
2018-07-19	0	6.09	26	9
2018-07-20	0	4.02	26	8
2018-07-21	0	6.6	26	9
2018-07-22	0	5.98	26	7
2018-07-23	0	6.26	29	7
2018-07-24	0	7.6	29	9
2018-07-25	0	7.9	28	7
2018-07-26	0	6.05	29	7
2018-07-27	0	4.36	28	7
2018-07-28	6.5	6.34	27	7
2018-07-29	0	5.4	26	8
2018-07-30	0	6.29	28	7
2018-07-31	0	5.16	27	7
2018-08-01	0	6.67	26	8
2018-08-02	0	4.45	24	10
2018-08-03	28	4.88	26	9
2018-08-04	9	4.72	27	10
2018-08-05	2	3.58	21	10
2018-08-06	6	3.25	23	10
2018-08-07	0	4.57	24	10
2018-08-08	0	4.94	25	10
2018-08-09	16	5.65	24	10
2018-08-10	8	4.5	25	10
2018-08-11	20	4.23	25	10
2018-08-12	1.5	2.38	25	9
2018-08-13	0	3.52	23	9
2018-08-14	1	3.84	24	8
2018-08-15	2	4.04	25	8
2018-08-16	6.5	4.7	25	10
2018-08-17	0	4.66	25	9
2018-08-18	0	4.56	24	9
2018-08-19	0	5.24	26	9
2018-08-20	0	4.08	26	9
2018-08-21	2.5	3.2	24	9
2018-08-22	0	4.28	25	10
2018-08-23	0	4.96	27	10
2018-08-24	13	4.7	27	9
2018-08-25	0	4.71	26	9
2018-08-26	0	3.15	27	10
2018-08-27	1	5.17	26	10
2018-08-28	27	4.2	23	10
2018-08-29	0	1.91	24	10
2018-08-30	3.5	4.84	26	10
2018-08-31	1	4.04	26	10
2018-09-01	12	5.61	26	10
2018-09-02	8.5	6.21	27	10
2018-09-03	0	4.44	26	9
2018-09-04	0	4.66	27	9
2018-09-05	0	4.06	26	9
2018-09-06	4	1.88	23	9
2018-09-07	0	3.89	26	11
2018-09-08	4	5.03	26	11
2018-09-09	0	4.02	26	8
2018-09-10	0	3.73	25	8
2018-09-11	2	2.79	25	10
2018-09-12	30.5	5.89	26	10
2018-09-13	4	3.93	24	12
2018-09-14	10.5	3.9	25	11
2018-09-15	0	2.38	24	11
2018-09-16	1	2.46	24	11
2018-09-17	0	3.73	26	11
2018-09-18	14	4.93	24	10
2018-09-19	0	3.91	25	11
2018-09-20	0	4.33	26	11
2018-09-21	4.5	5.29	27	11
2018-09-22	12.5	3.7	26	11
2018-09-23	0	4.64	26	11
2018-09-24	0	3.02	26	9
2018-09-25	4.5	5.27	26	9
2018-09-26	0	4.14	25	12
2018-09-27	0	4.46	25	11
2018-09-28	2	4.07	25	11
2018-09-29	1	2.73	24	10
2018-09-30	0	3.83	24	9
2018-10-01	0	3.05	24	10
2018-10-02	0	3.75	22	9
2018-10-03	0	2.36	21	8
2018-10-04	0	3.62	23	10
2018-10-05	0	5.35	25	10
2018-10-06	1.5	3.46	25	7
2018-10-07	3.5	2.71	27	10
2018-10-08	7.5	4.44	25	9
2018-10-09	0	3.03	25	9
2018-10-10	17	4.2	27	9
2018-10-11	0	3.25	25	11
2018-10-12	0	3.28	25	11
2018-10-13	0	2.91	25	11
2018-10-14	10	4.87	27	10
2018-10-15	1.5	4.89	27	10
2018-10-16	3	5.93	26	10
2018-10-17	0	1.04	20	9
2018-10-18	0	2.32	21	9
2018-10-19	0	0.97	21	9
2018-10-20	7.5	0.79	20	10
2018-10-21	0	1.49	18	10
2018-10-22	0	3.6	24	10
2018-10-23	0	3.28	25	9
2018-10-24	0	3.54	26	5
2018-10-25	NULO	3.8	27	6
2018-10-26	18	4.41	26	8
2018-10-27	0	1.79	18	8
2018-10-28	0	2.61	21	8
2018-10-29	0	1.88	21	8
2018-10-30	6	3.2	25	9
2018-10-31	5	3.9	26	8
2018-11-01	0	2.24	24	7
2018-11-02	29	4.78	21	8
2018-11-03	5	1.37	20	9
2018-11-04	3	0.24	20	8
2018-11-05	0	2.22	25	8
2018-11-06	0	3.29	26	7
2018-11-07	0	3.47	26	7
2018-11-08	0	3.52	27	6
2018-11-09	0	4.51	26	5
2018-11-10	0	2.66	23	5
2018-11-11	0	2.24	25	9
2018-11-12	5	1.73	27	8
2018-11-13	1	2.6	19	10
2018-11-14	6.5	0.7	10	1
2018-11-15	0	0.68	21	-1
2018-11-16	0	2.65	23	0
2018-11-17	0	2.83	25	0
2018-11-18	0	2.26	23	3
2018-11-19	0	2.79	26	2
2018-11-20	0	2.83	26	2
2018-11-21	0	3.34	27	2
2018-11-22	0	3.08	27	6
2018-11-23	0	3.12	28	3
2018-11-24	0	2.64	28	4
2018-11-25	0	3.08	28	5
2018-11-26	NULO	2.03	28	5
2018-11-27	0	2.63	25	3
2018-11-28	0	1.95	20	4
2018-11-29	5.5	0.77	26	8
2018-11-30	0	2.14	22	9
2018-12-01	0	3.67	28	5
2018-12-02	NULO	3.53	27	5
2018-12-03	0	3.38	28	2
2018-12-04	0	2.5	25	3
2018-12-05	0	1.43	21	4
2018-12-06	1.5	3.19	26	5
2018-12-07	0	2.86	26	4
2018-12-08	0	3.23	27	4
2018-12-09	0	3.84	26	3
2018-12-10	0	1.42	24	5
2018-12-11	0	0.75	22	3
2018-12-12	0	3.33	23	3
2018-12-13	0	3.44	24	3
2018-12-14	0	3.21	26	2
2018-12-15	0	1.87	21	0
2018-12-16	0	3.19	25	1
2018-12-17	0	1.96	24	-1
2018-12-18	0	3.7	27	-1
2018-12-19	0	4.53	24	3
2018-12-20	0	3.13	22	1
2018-12-21	0	3.33	24	-4
2018-12-22	0	3.07	25	-4
2018-12-23	0	3.87	24	-2
2018-12-24	0	2.91	25	-3
2018-12-25	0	3.19	25	3
2018-12-26	0	2.33	26	3
2018-12-27	0	3.7	26	3
2018-12-28	0	3.88	27	2
2018-12-29	0	4.18	25	3
2018-12-30	0	3.42	25	3
2018-12-31	0	0.72	24	4
2019-01-01	0	4.67	26	2
2019-01-02	0	1.79	23	2
2019-01-03	0	2.22	25	2
2019-01-04	0	3.28	25	3
2019-01-05	0	3.62	26	3
2019-01-06	0	3.52	26	3
2019-01-07	0	3.56	26	3
2019-01-08	0	3.86	25	1
2019-01-09	0	2.6	22	-1
2019-01-10	0	2.95	24	-1
2019-01-11	5.5	3.16	25	5
2019-01-12	17.5	1.8	22	5
2019-01-13	0	1.77	19	5
2019-01-14	0	1.98	20	7
2019-01-15	0	2.05	22	3
2019-01-16	0	2.44	22	3
2019-01-17	0	3.31	25	4
2019-01-18	0	3.39	25	4
2019-01-19	0	2.43	25	4
2019-01-20	0	3.85	24	6
2019-01-21	0	3.83	27	-1
2019-01-22	0	4.04	27	-1
2019-01-23	0	4.5	27	1
2019-01-24	0	4.71	27	2
2019-01-25	0	4.18	28	2
2019-01-26	0	6.02	26	3
2019-01-27	0	3.93	22	3
2019-01-28	0	5.57	25	0
2019-01-29	0	3.76	24	0
2019-01-30	0	5.48	26	0
2019-01-31	0	5.11	27	1
2019-02-01	0	4.27	27	1
2019-02-02	0	4.37	28	0
2019-02-03	0	4.64	30	2
2019-02-04	0	4.59	30	2
2019-02-05	0	4.93	30	4
2019-02-06	0	4.57	30	3
2019-02-07	0	5.77	30	4
2019-02-08	0	2.11	22	5
2019-02-09	0	3.64	24	3
2019-02-10	0	3.85	27	2
2019-02-11	0	5.3	28	4
2019-02-12	3	4.3	23	4
2019-02-13	0	1.66	24	3
2019-02-14	0	5.2	28	3
2019-02-15	0	5.6	31	5
2019-02-16	0	6.07	32	5
2019-02-17	0	6.77	32	5
2019-02-18	0	7.32	33	4
2019-02-19	0	7.64	29	4
2019-02-20	0	7.23	29	5
2019-02-21	0	9.08	27	5
2019-02-22	0	7.24	29	4
2019-02-23	0	4.73	28	3
2019-02-24	3	4.27	26	5
2019-02-25	0	3.48	27	5
2019-02-26	0	5.26	28	4
2019-02-27	0	6.66	24	4
2019-02-28	0	5.84	31	3
2019-03-01	0	6.93	31	3
2019-03-02	0	7.04	31	5
2019-03-03	0	7.22	33	6
2019-03-04	4.5	5.28	31	5
2019-03-05	0	5.24	30	5
2019-03-06	0	5.24	30	5
2019-03-07	0	6.44	31	4
2019-03-08	0	5.91	32	6
2019-03-09	0	6.1	32	5
2019-03-10	0	5.4	31	8
2019-03-11	0	8.3	33	6
2019-03-12	0	6.46	32	5
2019-03-13	0	8.47	31	5
2019-03-14	0	5.94	33	5
2019-03-15	0	5.22	26	6
2019-03-16	0	3.17	24	7
2019-03-17	0	5.8	27	2
2019-03-18	0	6.52	26.5	5
2019-03-19	0	7.45	27	2
2019-03-20	0	6.18	27	4
2019-03-21	0	3.75	25	7
2019-03-22	0	7.02	25	4
2019-03-23	0	5.52	27	4
2019-03-24	0	8.55	29	5
2019-03-25	0	8.69	29	4
2019-03-26	0	6.7	28	2
2019-03-27	0	7.71	23	1
2019-03-28	0	7.73	29	1
2019-03-29	0	8.07	30	1
2019-03-30	0	6.87	25	5
2019-03-31	0	5.7	29	7
2019-04-01	0	9.85	30	5
2019-04-02	0	8.81	29	7
2019-04-03	0	8.02	24	2
2019-04-04	0	7.09	28	6
2019-04-05	9	1.31	28	8
2019-04-06	0	4.27	27	9
2019-04-07	0	5.23	29	9
2019-04-08	0	5.6	27	6
2019-04-09	0	6.66	27	6
2019-04-10	0	8.41	30	1
2019-04-11	0	9.19	29	6
2019-04-12	0	1.03	30	7
2019-04-13	0	8.83	30	6
2019-04-14	0	5.95	28	4
2019-04-15	0	6.69	30	5
2019-04-16	0	9.21	31	7
2019-04-17	0	7.49	32	7
2019-04-18	0	8.38	31	9
2019-04-19	0	9.08	26	10
2019-04-20	0	8.95	29	4
2019-04-21	0	7.24	32	4
2019-04-22	1	7.6	33	7
2019-04-23	0	9.2	32	7
2019-04-24	0	9.4	30	9
2019-04-25	0	8.8	32	6
2019-04-26	0	6.8	28	6
2019-04-27	0	5.87	28	6
2019-04-28	10	6.55	28	7
2019-04-29	2	9.03	28	8
2019-04-30	7	8.05	31	7
2019-05-01	2	3.56	31	6
2019-05-02	0	3.64	30	8.5
2019-05-03	0	8.85	30	9
2019-05-04	0	9.78	30	9
2019-05-05	0	7.44	30	9
2019-05-06	0	8.58	30	7
2019-05-07	0	5.58	31	7
2019-05-08	0	8.21	30	6
2019-05-09	0	9.99	30	7
2019-05-10	0	9.61	32	6
2019-05-11	0	9.47	31	5
2019-05-12	0	10.49	33	7
2019-05-13	0	11.01	32	8
2019-05-14	0	9.57	33	7
2019-05-15	1	7.02	32	7
2019-05-16	1	5.54	30	9
2019-05-17	5	5.51	31	7
2019-05-18	0	8.15	29	8
2019-05-19	0	7.85	30	10
2019-05-20	0	9.19	32	10
2019-05-21	3	9.61	33	8
2019-05-22	0	7.38	33	10
2019-05-23	0	8.26	31	9
2019-05-24	0	7.51	30	9
2019-05-25	0	7.49	29	9
2019-05-26	0	8.29	30	9
2019-05-27	0	7.24	32	9
2019-05-28	0	8.24	31	9
2019-05-29	0	8.35	33	10
2019-05-30	0	9.64	32	10
2019-05-31	0.5	7.12	29	11
2019-06-01	0	7.11	23	10
2019-06-02	0	6.85	27	10
2019-06-03	0	3.92	27	11
2019-06-04	34	8.21	28	12
2019-06-05	40	3.23	26	11
2019-06-06	48	4.78	28	11
2019-06-07	0.5	4.75	28	10
2019-06-08	8	6.17	29	10
2019-06-09	0	7.32	28	10
2019-06-10	0	6.92	27	8
2019-06-11	0	6.74	26	7
2019-06-12	0	6.16	27	9
2019-06-13	0	5.08	28	8
2019-06-14	0	5.27	26	11
2019-06-15	0	5.85	28	10
2019-06-16	0	8.26	30	9
2019-06-17	0	7.58	30	9
2019-06-18	0	5.96	30	10
2019-06-19	0	4.6	29	10
2019-06-20	1	8.07	30	11
2019-06-21	1	7.2	26	11
2019-06-22	4	6.61	31	11
2019-06-23	20	6.86	30	11
2019-06-24	7	2.12	25	10
2019-06-25	0	0.78	23	11
2019-06-26	0	1.05	24	11
2019-06-27	0	8.7	25	11
2019-06-28	0	8.05	28	10
2019-06-29	0	3.95	24	7
2019-06-30	0	4.55	26	7
2019-07-01	1.5	3.78	24	8
2019-07-02	12	2.27	25	9
2019-07-03	0	7	24	9
2019-07-04	0	3.88	25	10
2019-07-05	0	3.33	26	11
2019-07-06	0	6.81	26	7
2019-07-07	0	5.54	26	8
2019-07-08	0	4.99	27	9
2019-07-09	0.5	5.15	28	7
2019-07-10	13.5	6.48	27	8
2019-07-11	8	5.52	23	10
2019-07-12	24	7.2	23	11
2019-07-13	8	4.87	25	12
2019-07-14	0	4.81	25	9
2019-07-15	0	5.42	27	11
2019-07-16	0	5.77	25	12
2019-07-17	3	4.03	25	8
2019-07-18	33	9.68	25	11
2019-07-19	6	5.27	25	11
2019-07-20	6.5	4.83	25	10
2019-07-21	9	5.77	26	10
2019-07-22	0	4.85	24	9
2019-07-23	0	5.5	25	9
2019-07-24	3.5	5.49	25	10
2019-07-25	22.5	4.42	22	10
2019-07-26	0	1.75	22	10
2019-07-27	0	4.33	25	10
2019-07-28	0	5.72	26	9
2019-07-29	3	4.49	26	10
2019-07-30	0	3.61	26	7
2019-07-31	0	4.86	25	9
2019-08-01	0	5.53	26	7
2019-08-02	0	5.25	25	7
2019-08-03	0	6.23	27	7
2019-08-04	0	5.65	27	9
2019-08-05	0	3.01	27	10
2019-08-06	7.5	3.45	26	10
2019-08-07	4.5	3.9	24	10
2019-08-08	0	3.55	26	10
2019-08-09	0	4.37	28	10
2019-08-10	2	4.72	27	10
2019-08-11	0	4.84	27	11
2019-08-12	0	5.37	27	11
2019-08-13	0	5.07	28	9
2019-08-14	0	4.83	28	10
2019-08-15	0	7.05	28	9
2019-08-16	0	4.17	27	8
2019-08-17	0	7.83	30	9
2019-08-18	0	6.61	29	9
2019-08-19	0	4.39	26	8
2019-08-20	0	5.25	27	8
2019-08-21	12	6.3	28	7
2019-08-22	3	6.32	23	9
2019-08-23	17.5	8.88	28	10
2019-08-24	3.5	4.65	28	10
2019-08-25	26	9.52	28	10
2019-08-26	30	5.15	26	10
2019-08-27	0	3.88	26	9
2019-08-28	0	3.58	26	9
2019-08-29	0	7.14	28	10
2019-08-30	0	6.52	26	9
2019-08-31	0	5.04	26	9
2019-09-01	0	3.44	27	6
2019-09-02	0	6.95	26	6
2019-09-03	NULO	4.07	26	8
2019-09-04	1	5.73	26	8
2019-09-05	0	3.9	28	8
2019-09-06	0	5.13	28	11
2019-09-07	3.5	3.15	27	7
2019-09-08	0	4.62	26	7
2019-09-09	0	5.65	26	7
2019-09-10	15	3.58	27	7
2019-09-11	0	4.07	25	11
2019-09-12	0	3.7	25	11
2019-09-13	0	3.19	22	10
2019-09-14	0	3.46	24	10
2019-09-15	0	4.05	25	10
2019-09-16	0	3.33	27	10
2019-09-17	0	4.62	28	10
2019-09-18	16	4	27	10
2019-09-19	15	7.3	27	11
2019-09-20	0	4.5	25	10
2019-09-21	0	5.27	27	10
2019-09-22	0	6.68	26	9
2019-09-23	0	4.21	27	10
2019-09-24	10.5	5.04	28	9
2019-09-25	33	7.2	28	11
2019-09-26	0	4.75	26	10
2019-09-27	0	5.6	28	10
2019-09-28	0	2.86	27	10
2019-09-29	1.5	3.25	24	11
2019-09-30	3	1.72	26	11
2019-10-01	0	3.51	27	11
2019-10-02	0	4.83	27	10
2019-10-03	0	4.43	25	9
2019-10-04	0	4.09	26	10
2019-10-05	0	4.95	27	10
2019-10-06	0	4.05	27	9
2019-10-07	3.5	6.15	24	8
2019-10-08	0	1.15	24	9
2019-10-09	0	3.62	28	9
2019-10-10	7.5	6.73	28	10
2019-10-11	0	5.04	28	11
2019-10-12	0	3.18	25	11
2019-10-13	0	4.63	28	10
2019-10-14	0	4.02	26	10
2019-10-15	0	5.06	28	10
2019-10-16	5	2.2	23	9
2019-10-17	7	0.9	17	10
2019-10-18	7.5	3.26	26	11
2019-10-19	0	2.8	27	10
2019-10-20	0	4.4	28	9
2019-10-21	0.5	2.79	29	7
2019-10-22	2.5	2.9	24	8
2019-10-23	0	2.87	25	10
2019-10-24	12.5	4.36	27	10
2019-10-25	6	2.02	24	8
2019-10-26	0	3.92	24	10
2019-10-27	22.5	6.7	26	11
2019-10-28	3	3.18	28	7
2019-10-29	0.5	4.85	27	7
2019-10-30	22	10.09	28	10
2019-10-31	0	2.38	23	11
2019-11-01	0	2.1	25	7
2019-11-02	1	1.78	16	7
2019-11-03	0	0.79	22	8
2019-11-04	0	2.99	26	8
2019-11-05	0.5	3.96	25	8
2019-11-06	0	2.36	24	7
2019-11-07	0	3.49	27	8
2019-11-08	0	4.28	25	7
2019-11-09	0	3.5	25	10
2019-11-10	0	3.49	28	8
2019-11-11	0	4	28	7
2019-11-12	0	2.1	25	7
2019-11-13	0	3.9	23	7
2019-11-14	0	4.94	16	8
2019-11-15	0	2.91	23	9
2019-11-16	0	2.88	25	6
2019-11-17	0	4	27	5
2019-11-18	0	3.27	27	5
2019-11-19	0	2.15	27	6
2019-11-20	0	2.95	28	7
2019-11-21	0	1.84	28	6
2019-11-22	0	6.17	29	5
2019-11-23	0	3.56	27	6
2019-11-24	0	3.33	28	5
2019-11-25	0	3.88	27	5
2019-11-26	0	2.5	27	5
2019-11-27	0	3.3	28	6
2019-11-28	0	4.37	29	4
2019-11-29	0	4.36	29	3
2019-11-30	0	3.08	28	3
2019-12-01	0	4.88	27	5
2019-12-02	0	1.2	29	5
2019-12-03	0	5.37	27	7
2019-12-04	0	3.36	27	3
2019-12-05	0	3.96	27	2
2019-12-06	0	4.32	28	0
2019-12-07	0	3.93	26	7
2019-12-08	0	4.27	27	1
2019-12-09	0	2.65	29	1
2019-12-10	0	4.68	29	1
2019-12-11	0	1.62	22	1
2019-12-12	0	2.35	27	2
2019-12-13	0	3.08	27	3
2019-12-14	0	4.96	26	2
2019-12-15	0	4.61	27	1
2019-12-16	0	1.88	26	2
2019-12-17	0	1.04	27	3
2019-12-18	0	2.2	27	1
2019-12-19	0	1.59	26	2
2019-12-20	0	1.61	21	3
2019-12-21	0	0.51	18	1
2019-12-22	0	1.44	23	1
2019-12-23	0	1.1	22	1
2019-12-24	0	1.83	26	1
2019-12-25	0	1.29	25	2
2019-12-26	0	5.2	27	2
2019-12-27	0	2.33	27	3
2019-12-28	0	4.01	27	4
2019-12-29	0	1.64	26	3
2019-12-30	0	3.34	17	3
2019-12-31	0	1.66	27	2
2020-01-01	0	2.22	28	3
2020-01-02	0	2.56	27	1
2020-01-03	0	5.42	24	2
2020-01-04	0	2.75	17	2
2020-01-05	0	2.35	17	0
2020-01-06	0	4.85	27	0
2020-01-07	0	4.15	20	3
2020-01-08	0	3.8	22	2
2020-01-09	0	4.75	27	1
2020-01-10	0	2.82	28	2
2020-01-11	0	3.36	27	1
2020-01-12	0	3.94	28	2
2020-01-13	0	3.23	27	1
2020-01-14	0	2.94	27	2
2020-01-15	0	4.04	28	4
2020-01-16	0	2.98	28	4
2020-01-17	0	2.25	27	4
2020-01-18	0	2.5	26	4
2020-01-19	1	0.2	14	5
2020-01-20	1.5	0.42	15	0
2020-01-21	0	1.33	20	1
2020-01-22	0	4.76	26	4
2020-01-23	0	2.29	22	4
2020-01-24	0	3.33	24	4
2020-01-25	0	3.04	23	1
2020-01-26	0	3.27	24	3
2020-01-27	0	3.86	22	2
2020-01-28	0	4.7	26	1
2020-01-29	0	4.95	27	1
2020-01-30	0	4.55	25	3
2020-01-31	0	5.02	23	4
2020-02-01	0	2.12	14	1
2020-02-02	0	3.61	26	1
2020-02-03	0	2.95	23	2
2020-02-04	0	4.52	26	2
2020-02-05	0.01	1.85	27	5
2020-02-06	0	4.3	25	4
2020-02-07	0	4.75	26	2
2020-02-08	0	5.11	29	3
2020-02-09	0	4.88	27	2
2020-02-10	0	5.46	31	4
2020-02-11	0	4.95	29	4
2020-02-12	0	5.29	30	4
2020-02-13	0.01	3.65	22	4
2020-02-14	0	2.14	27	1
2020-02-15	0	4.25	27	3
2020-02-16	0	5.48	30	4
2020-02-17	0	5.2	26	1
2020-02-18	0	4.55	32	2
2020-02-19	0	4.5	27	1
2020-02-20	0	4.83	28	2
2020-02-21	0	4.1	27	1
2020-02-22	0	5.02	29	2
2020-02-23	0	4.92	30	3
2020-02-24	0	6.92	31	5
2020-02-25	0	5.51	30	4
2020-02-26	0	3.85	29	3
2020-02-27	0	4.85	26	0
2020-02-28	0	5.11	27	2
2020-02-29	0	4.95	27	1
2020-03-01	0	5.29	31	1
2020-03-02	0	4.82	29	2
2020-03-03	0	6.08	31	2
2020-03-04	0	5.1	29	2
2020-03-05	0	4.32	30	2
2020-03-06	0	3.1	19	5
2020-03-07	0	4.65	28	4
2020-03-08	0	4.42	30	2
2020-03-09	0	NULO	30	4
2020-03-10	0	NULO	29	2
2020-03-11	0	NULO	30	3
2020-03-12	0	NULO	30	3
2020-03-13	0	5.92	33	4
2020-03-14	0	5.86	31	3
2020-03-15	0	6.11	30	7
2020-03-16	1.5	4.99	30	7
2020-03-17	0	NULO	28	4
2020-03-18	0	NULO	29	4
2020-03-19	0	5.5	31	7
2020-03-20	0	5.65	29	7
2020-03-21	0	5.38	30	5
2020-03-22	0	NULO	30	6
2020-03-23	0	11.67	31	5
2020-03-24	0	6.28	33	4
2020-03-25	0	6.78	33	4
2020-03-26	0	7.11	34	4
2020-03-27	0	7.4	33	5
2020-03-28	0	7.3	29	5
2020-03-29	0	NULO	31	4
2020-03-30	0	NULO	33	5
2020-03-31	0	NULO	31	5
2020-04-01	0	6.32	31	4
2020-04-02	0	6.1	32	6
2020-04-03	0	5.47	31	7
2020-04-04	0	5.11	31	8
2020-04-05	0.01	5.08	31	9
2020-04-06	0.01	4.91	30	7
2020-04-07	0.01	5.91	30	9
2020-04-08	0	7.2	31	9
2020-04-09	0	7.25	31	8
2020-04-10	0	7.52	32	8
2020-04-11	0	9.1	32	8
2020-04-12	0	7.8	31	8
2020-04-13	0	7.15	32	9
2020-04-14	0	7.78	34	8
2020-04-15	0	7.62	33	8
2020-04-16	0	6.95	33	8
2020-04-17	2	7.15	32	8
2020-04-18	0	5.85	32	8
2020-04-19	0.01	5.86	31	9
2020-04-20	0	7.03	32	9
2020-04-21	15	10.52	33	10
2020-04-22	0	5.75	32	10
2020-04-23	2	7.65	32	10
2020-04-24	0.01	6.81	32	10
2020-04-25	0	6.5	31	9
2020-04-26	0	5.65	29	10
2020-04-27	0	6.15	30	9
2020-04-28	0.01	6.43	30	9
2020-04-29	1	5.53	30	8
2020-04-30	0	NULO	28	11
2020-05-01	0	NULO	28	5
2020-05-02	9	15.28	30	10
2020-05-03	0	6.17	29	10
2020-05-04	0	NULO	31	9
2020-05-05	0	NULO	31	5
2020-05-06	25	NULO	31	6
2020-05-07	5	6.7	26	7
2020-05-08	2.5	7.3	24	5
2020-05-09	0	0.02	25	7
2020-05-10	3.5	2.78	27	7
2020-05-11	6	9.55	25	7
2020-05-12	0	4.22	25	9
2020-05-13	0	5.15	29	9
2020-05-14	0	6.05	30	8
2020-05-15	0	6.2	30	8
2020-05-16	0	NULO	29	8
2020-05-17	0	NULO	29	8
2020-05-18	6.5	11.33	30	8
2020-05-19	0	5.68	30	9
2020-05-20	0	5.82	30	7
2020-05-21	0	5.96	30	8
2020-05-22	0	6.05	31	8
2020-05-23	0	6.18	32	7
2020-05-24	0	6.15	32	9
2020-05-25	0	6.78	31	8
2020-05-26	0	6.39	31	8
2020-05-27	0	5.9	32	9
2020-05-28	0	6.05	30	8
2020-05-29	0	6.4	31	7
2020-05-30	0	6.18	30	6
2020-05-31	15	NULO	30	8
2020-06-01	15	NULO	30	6
2020-06-02	0	5.27	27	7
2020-06-03	0	5.85	27	10
2020-06-04	0	5.95	28	10
2020-06-05	0	5.58	27	10
2020-06-06	0	6.63	29	10
2020-06-07	0	3.87	28	8
2020-06-08	2.5	5.7	29	10
2020-06-09	1.5	1.88	28	10
2020-06-10	0	6.2	30	9
2020-06-11	0.01	3.89	24	9
2020-06-12	0	5.15	25	10
2020-06-13	0	5.82	27	10
2020-06-14	0	6.2	26	9
2020-06-15	0	6.48	27	5
2020-06-16	0	6.29	27	6
2020-06-17	0	6.52	26	5
2020-06-18	0	6.56	27	6
2020-06-19	0	6.62	28	6
2020-06-20	0	6.54	30	7
2020-06-21	0	6.12	30	6
2020-06-22	0	2.2	31	7
2020-06-23	3	NULO	30	6
2020-06-24	17.5	NULO	26	6
2020-06-25	12.5	11.84	25	9
2020-06-26	2	5.65	26	11
2020-06-27	0.01	5.26	27	10
2020-06-28	0	5.41	28	11
2020-06-29	0	NULO	28	10
2020-06-30	0	NULO	28	10
2020-07-01	0	1.08	29	12
2020-07-02	4	9.73	29	11
2020-07-03	0	6.6	27	10
2020-07-04	0	NULO	28	9
2020-07-05	0	NULO	28	10
2020-07-06	19	NULO	27	10
2020-07-07	0.01	4.05	28	10
2020-07-08	0	NULO	26	10
2020-07-09	2	NULO	27	10
2020-07-10	10	NULO	25	8
2020-07-11	0	2.3	25	7
2020-07-12	0.01	NULO	26	10
2020-07-13	0	NULO	28	10
2020-07-14	6	9.95	28	7
2020-07-15	2	7.74	29	9
2020-07-16	5	NULO	28	9
2020-07-17	0	NULO	28	9
2020-07-18	14.5	6.1	29	9
2020-07-19	0	2.28	28	10
2020-07-20	11.5	NULO	28	8
2020-07-21	2.5	NULO	29	7
2020-07-22	0	5.35	28	10
2020-07-23	0	5.56	29	10
2020-07-24	0	6	29	10
2020-07-25	0	NULO	29	9
2020-07-26	0	NULO	28	8
2020-07-27	2	NULO	29	10
2020-07-28	27.5	NULO	25	10
2020-07-29	9.5	NULO	26	11
2020-07-30	5	NULO	25	10
2020-07-31	12	NULO	26	11
2020-08-01	2	3.92	26	11
2020-08-02	9	2.68	26	10
2020-08-03	45	3	26	12
2020-08-04	9.5	3.98	26	11
2020-08-05	0	4.42	28	10
2020-08-06	0.01	5.12	26	9
2020-08-07	0	5.4	26	10
2020-08-08	5.5	3.88	26	11
2020-08-09	17	2.93	25	11
2020-08-10	5	3.91	25	10
2020-08-11	6.5	4.92	25	11
2020-08-12	0.01	3.97	26	11
2020-08-13	0	4.75	26	10
2020-08-14	5	5.11	26	11
2020-08-15	0	5.52	26	8
2020-08-16	2	5.41	27	10
2020-08-17	32	4.37	26	9
2020-08-18	0.01	4.82	26	8
2020-08-19	2.5	4.62	26	10
2020-08-20	0	5.2	26	10
2020-08-21	0	5.58	26	9
2020-08-22	0	5.63	26	9
2020-08-23	0	5.91	27	10
2020-08-24	4	3.83	25	9
2020-08-25	0	2.95	25	9
2020-08-26	32	3.5	24	10
2020-08-27	16	3.82	25	10
2020-08-28	0.01	4.99	25	10
2020-08-29	14	5.08	27	10
2020-08-30	0.01	5.12	27	10
2020-08-31	0	NULO	27	11
2020-09-01	0	5.29	27	11
2020-09-02	0	5.41	27	8
2020-09-03	0	5.52	27	8
2020-09-04	0	NULO	27	8
2020-09-05	0.01	NULO	24	9
2020-09-06	5.5	5.87	24	10
2020-09-07	3.5	7.62	26	10
2020-09-08	0	NULO	25	11
2020-09-09	43.5	NULO	26	10
2020-09-10	0.01	4.36	26	10
2020-09-11	0.01	4.03	25	10
2020-09-12	0	5.15	25	10
2020-09-13	0	5.48	26	10
2020-09-14	0	4.1	26	7
2020-09-15	0.01	4.64	26	8
2020-09-16	0.01	5.19	26	9
2020-09-17	0	4.89	26	9
2020-09-18	0.01	2.62	26	8
2020-09-19	2	5.79	26	8
2020-09-20	0.01	5.09	26	7
2020-09-21	0	2.09	26	7
2020-09-22	2.5	5.93	27	8
2020-09-23	2	2.23	27	6
2020-09-24	5	NULO	27	6
2020-09-25	17	NULO	27	6
2020-09-26	0	5.12	26	6
2020-09-27	0.01	5.33	27	8
2020-09-28	0	NULO	27	7
2020-09-29	7	NULO	27	7
2020-09-30	3	NULO	26	6
2020-10-01	0	3.92	NULO	NULO
2020-10-02	0	3.85	23	0
2020-10-03	0	3.96	27	6
2020-10-04	0	4.3	26	6
2020-10-05	0	4.18	26	7
2020-10-06	0	5.09	24	2
2020-10-07	0	4.96	23	0
2020-10-08	0	4.71	24	2
2020-10-09	0	4.25	26	1
2020-10-10	0	4.82	28	1
2020-10-11	0	NULO	26	1
2020-10-12	2	NULO	29	5
2020-10-13	9.5	12.6	29	5
2020-10-14	0	3.58	28	6
2020-10-15	0	4.79	26	5
2020-10-16	0	3.02	27	3
2020-10-17	0	3.22	22	2
2020-10-18	0	4.3	24	3
2020-10-19	0	4.58	28	5
2020-10-20	0	4.92	28	4
2020-10-21	0	5.07	29	6
2020-10-22	0	5.15	24	5
2020-10-23	0	5.45	26	0
2020-10-24	0	5.71	25	1
2020-10-25	0	5.92	27	1
2020-10-26	0	5.78	26	0
2020-10-27	0	4.96	29	2
2020-10-28	0	4.84	27	0
2020-10-29	0	3.75	28	4
2020-10-30	0	3.08	28	6
2020-10-31	0	NULO	28	6
2020-11-01	0	5.22	27	4
2020-11-02	0	4.89	26	4
2020-11-03	0	3.94	28	5
2020-11-04	0	3.61	28	2
2020-11-05	0	4.03	28	2
2020-11-06	0	3.95	28	2
2020-11-07	0	4.77	26	2
2020-11-08	0	4.92	27	1
2020-11-09	0	5.11	26	3
2020-11-10	0	8.09	28	1
2020-11-11	0	2.09	27	3
2020-11-12	0	5.16	28	2
2020-11-13	0	5.2	29	2
2020-11-14	0	5.31	28	2
2020-11-15	0	5.28	30	3
2020-11-16	0.01	4.99	30	2
2020-11-17	0	2.01	29	2
2020-11-18	0.01	1.73	20	4
2020-11-19	0	2.35	21	3
2020-11-20	0	2.98	23	4
2020-11-21	0	2.11	25	5
2020-11-22	0	2.91	25	4
2020-11-23	0	4.84	26	3
2020-11-24	0	5.22	28	1
2020-11-25	0	5.33	29	0
2020-11-26	0	5.18	29	2
2020-11-27	0	4.9	29	1
2020-11-28	0	5.05	29	2
2020-11-29	0	5.15	30	1
2020-11-30	0	NULO	22	1
2020-12-01	0	2.9	25	2
2020-12-02	0	3.11	25	3
2020-12-03	0	3.25	26	2
2020-12-04	0	3.58	26	1
2020-12-05	0	3.01	27	1
2020-12-06	0	3.12	25	3
2020-12-07	0	0.05	27	2
2020-12-08	0	6.83	27	3
2020-12-09	0	4.04	26	2
2020-12-10	0	4.28	27	3
2020-12-11	0.01	4.84	27	3
2020-12-12	0	NULO	27	3
2020-12-13	0	5.22	27	2
2020-12-14	0.01	5.11	26	2
2020-12-15	0	5.38	26	1
2020-12-16	0	5.29	26	2
2020-12-17	0	5.09	27	2
2020-12-18	0	5.11	27	3
2020-12-19	0	5.5	27	3
2020-12-20	0	5.86	27	2
2020-12-21	0	4.43	26	2
2020-12-22	0	5.08	27	1
2020-12-23	0	5.23	27	2
2020-12-24	0	5.22	27	2
2020-12-25	0	3.86	25	2
2020-12-26	0	5.11	26	2
2020-12-27	0	5.11	26	2
2020-12-28	0	4.86	27	-1
2020-12-29	0	5.2	27	-3
2020-12-30	0	NULO	27	0
2020-12-31	0	NULO	27	0
2021-01-01	0	5.22	27	-1
2021-01-02	0	5.36	26	0
2021-01-03	0	5.19	28	-4
2021-01-04	0	5.1	27	-2
2021-01-05	0	5.02	25	-1
2021-01-06	0	4.93	26	-4
2021-01-07	0	4.98	26	0
2021-01-08	0	4.81	26	1
2021-01-09	0	4.78	26	0
2021-01-10	0	4.2	26	0
2021-01-11	0	4.06	24	0
2021-01-12	0	3.78	25	1
2021-01-13	0	3.81	25	1
2021-01-14	0	3.56	26	2
2021-01-15	0	4.25	25	0
2021-01-16	0	3.4	24	2
2021-01-17	0	2.8	25	2
2021-01-18	0	3.7	25	1
2021-01-19	0	4.12	26	1
2021-01-20	0	4.05	26	0
2021-01-21	0	4.58	27	0
2021-01-22	0	4.97	29	2
2021-01-23	0	4.92	26	3
2021-01-24	0	4.76	28	3
2021-01-25	0	5.22	27	3
2021-01-26	0	5.38	29	2
2021-01-27	0	5.51	26	3
2021-01-28	0	3.12	26	3
2021-01-29	0	5.26	27	3
2021-01-30	0	5.54	27	3
2021-01-31	0.01	NULO	28	3
2021-02-01	0.01	2.22	28	3
2021-02-02	0	3.05	26	2
2021-02-03	0	5.11	28	1
2021-02-04	0	5.26	28	-1
2021-02-05	0	5.62	29	2
2021-02-06	0	5.57	28	2
2021-02-07	0	5.62	29	2
2021-02-08	0	5.78	30	2
2021-02-09	0	5.72	30	2
2021-02-10	0	5.21	29	2
2021-02-11	0	5.09	27	2
2021-02-12	0	5.28	25	2
2021-02-13	0	5.3	25	1
2021-02-14	0	5.3	26	0
2021-02-15	0	5.35	26	-1
2021-02-16	0	5.59	26	-1
2021-02-17	0	5.76	26	0
2021-02-18	0	5.02	25	-1
2021-02-19	0	5.08	28	-1
2021-02-20	0	5.69	29	0
2021-02-21	0	5.72	28	-1
2021-02-22	0	5.17	28	1
2021-02-23	0	5.88	29	0
2021-02-24	0	5.36	29	0
2021-02-25	0	5.46	28	0
2021-02-26	0	5.55	30	1
2021-02-27	0	5.63	31	1
2021-02-28	0	NULO	31	1
2021-03-01	0	5.98	31	2
2021-03-02	0	4.79	30	4
2021-03-03	0	5.41	30	3
2021-03-04	0	5.56	30	5
2021-03-05	0	5.61	31	4
2021-03-06	0	4.2	29	5
2021-03-07	0	5.58	30	5
2021-03-08	0	5.65	30	3
2021-03-09	0	5.71	30	1
2021-03-10	0	5.79	30	5
2021-03-11	0	5.77	31	5
2021-03-12	0	5.91	30	0
2021-03-13	0	5.51	29	2
2021-03-14	0	5.33	31	1
2021-03-15	0	5.68	31	4
2021-03-16	0	5.81	32	3
2021-03-17	0	5.82	30	4
2021-03-18	0	5.76	31	4
2021-03-19	0	5.9	31	3
2021-03-20	0	5.63	32	3
2021-03-21	0	5.59	32	2
2021-03-22	0	5.64	32	2
2021-03-23	0	5.56	31	2
2021-03-24	0	5.99	32	4
2021-03-25	0	5.15	33	4
2021-03-26	0	6.05	32	5
2021-03-27	0	5.98	32	4
2021-03-28	0	6.11	32	5
2021-03-29	0	4.51	32	4
2021-03-30	0	5.98	32	4
2021-03-31	0	NULO	30	4
2021-04-01	0	3.71	29	6
2021-04-02	0	3.56	27	3
2021-04-03	0	5.1	30	4
2021-04-04	0	5.56	29	3
2021-04-05	0	5.36	29	0
2021-04-06	4	3.98	29	0
2021-04-07	0	5.22	29	0
2021-04-08	0	5.08	30	0
2021-04-09	0	5.12	30	0
2021-04-10	0	5.03	30	2
2021-04-11	0	5.2	31	2
2021-04-12	0	5.15	31	4
2021-04-13	0	5.22	32	4
2021-04-14	0.01	5.07	32	6
2021-04-15	0	5.09	32	6
2021-04-16	0	5.11	32	7
2021-04-17	0	5.39	32	7
2021-04-18	0	5.46	32	6
2021-04-19	0	5.59	32	5
2021-04-20	0	5.6	31	2
2021-04-21	0	5.88	33	3
2021-04-22	0	5.82	32	2
2021-04-23	0	6.08	32	6
2021-04-24	0	6.12	32	5
2021-04-25	2.5	5.98	33	6
2021-04-26	0	5.93	33	7
2021-04-27	0.01	6.03	33	7
2021-04-28	32	NULO	34	8
2021-04-29	0.01	NULO	33	8
2021-04-30	11	NULO	34	8
2021-05-01	11	NULO	32	8
2021-05-02	0	5.71	33	7
2021-05-03	0	6.21	33	8
2021-05-04	0	6.16	34	8
2021-05-05	0	NULO	29	7
2021-05-06	27	NULO	29	9
2021-05-07	0.01	6.13	30	8
2021-05-08	0	5.97	29	8
2021-05-09	0.01	NULO	29	9
2021-05-10	18	NULO	29	8
2021-05-11	2	4.72	29	9
2021-05-12	2	NULO	29	8
2021-05-13	16	NULO	19	9
2021-05-14	0.01	2.27	29	8
2021-05-15	0	NULO	27	10
2021-05-16	9	NULO	29	10
2021-05-17	0.01	2.67	27	9
2021-05-18	10	2.71	30	4
2021-05-19	0	4.33	30	9
2021-05-20	0	5.21	28	8
2021-05-21	0	5.44	28	5
2021-05-22	0	5.12	28	5
2021-05-23	0	5.1	28	5
2021-05-24	8	5.16	28	5
2021-05-25	0.01	4.28	28	6
2021-05-26	0.01	4.99	28	5
2021-05-27	0	5.31	28	6
2021-05-28	0	5.58	29	6
2021-05-29	0	5.73	30	8
2021-05-30	0	5.98	30	7
2021-05-31	0	NULO	29	7
2021-06-01	0	5.86	30	7
2021-06-02	0	NULO	29	8
2021-06-03	13	NULO	25	8
2021-06-04	2	5.98	26	11
2021-06-05	0.01	5.04	25	11
2021-06-06	0.01	5.57	28	11
2021-06-07	0	5.83	28	7
2021-06-08	0	5.79	29	7
2021-06-09	0	5.37	28	5
2021-06-10	0	5.13	28	9
2021-06-11	0	2.31	29	7
2021-06-12	2	NULO	25	8
2021-06-13	35	NULO	25	10
2021-06-14	2	0.28	24	9
2021-06-15	6	10.89	24	9
2021-06-16	0.01	3.77	23	10
2021-06-17	0	NULO	24	10
2021-06-18	10	NULO	24	9
2021-06-19	1	5.11	24	10
2021-06-20	0.01	1.47	28	9
2021-06-21	4	NULO	28	9
2021-06-22	28	NULO	28	8
2021-06-23	10	NULO	28	8
2021-06-24	2	NULO	28	8
2021-06-25	10	NULO	28	8
2021-06-26	0	NULO	28	9
2021-06-27	28	NULO	28	9
2021-06-28	0.01	NULO	28	9
2021-06-29	14	NULO	28	8
2021-06-30	5	NULO	28	8
2021-07-01	3	7.74	28	8
2021-07-02	10	4.96	28	8
2021-07-03	11	4.83	28	8
2021-07-04	0	5.28	29	8
2021-07-05	6	5.02	27	8
2021-07-06	8	4.63	28	8
2021-07-07	14	3.96	28	8
2021-07-08	12	3.48	28	8
2021-07-09	10	3.13	27	8
2021-07-10	0	4.97	26	9
2021-07-11	0.01	5.03	27	9
2021-07-12	0	5.3	26	8
2021-07-13	9	5.41	26	10
2021-07-14	5	5.33	28	8
2021-07-15	3	3.94	26	8
2021-07-16	0.01	4.4	26	9
2021-07-17	0	5.06	26	8
2021-07-18	0	4.12	26	8
2021-07-19	0	4.53	26	8
2021-07-20	5	5.08	26	9
2021-07-21	0.01	4.75	26	8
2021-07-22	25	5.49	26	8
2021-07-23	0.01	5.55	26	8
2021-07-24	3	5.68	26	9
2021-07-25	0	5.73	26	8
2021-07-26	0	5.79	26	7
2021-07-27	0	5.56	26	6
2021-07-28	0	5.68	26	7
2021-07-29	2	5.63	26	7
2021-07-30	0.01	4.42	26	6
2021-07-31	6	NULO	26	7
2021-08-01	0.01	5.67	26	7
2021-08-02	28	5.78	27	8
2021-08-03	31	3.93	26	9
2021-08-04	0.01	3.72	27	10
2021-08-05	0	4.38	26	9
2021-08-06	0.01	4.06	26	10
2021-08-07	0.01	4.61	26	10
2021-08-08	36	5.1	26	10
2021-08-09	0	5.9	26	11
2021-08-10	5	5.96	25	10
2021-08-11	0	5.84	26	10
2021-08-12	0	5.88	26	10
2021-08-13	3	5.63	26	9
2021-08-14	0	4.21	26	10
2021-08-15	0	5.1	25	10
2021-08-16	0.01	5.07	26	10
2021-08-17	0	4.96	27	10
2021-08-18	0	4.39	27	11
2021-08-19	10	4.5	28	11
2021-08-20	6	3.81	28	9
2021-08-21	17	9.44	28	7
2021-08-22	0.01	3.97	28	8
2021-08-23	0	9.18	28	8
2021-08-24	0.01	4.1	28	7
2021-08-25	0.01	2.54	28	7
2021-08-26	0	4.76	28	8
2021-08-27	2	0.63	25	7
2021-08-28	0.01	0.98	25	7
2021-08-29	3	0.93	25	7
2021-08-30	15	1.11	26	7
2021-08-31	3	NULO	26	10
2021-09-01	3	1.33	25	10
2021-09-02	7	1.05	25	11
2021-09-03	4	1.3	25	11
2021-09-04	0	3.96	26	11
2021-09-05	28	4.58	26	10
2021-09-06	40	2.73	25	10
2021-09-07	21	3.2	26	10
2021-09-08	0	4.98	25	9
2021-09-09	0	5.03	25	9
2021-09-10	0	2.39	23	9
2021-09-11	0.01	2.91	24	9
2021-09-12	0	2.46	25	9
2021-09-13	0	2.83	24	9
2021-09-14	0	3.95	25	10
2021-09-15	7	5.07	27	9
2021-09-16	0.01	4.99	27	10
2021-09-17	26	5.03	27	10
2021-09-18	2	5.11	27	11
2021-09-19	12	3.06	27	10
2021-09-20	2	5.22	27	11
2021-09-21	0	5.31	27	10
2021-09-22	0	5.18	25	10
2021-09-23	0	3.15	24	9
2021-09-24	0	4.99	24	8
2021-09-25	0	5.13	26	9
2021-09-26	0	5.1	26	8
2021-09-27	15	5.16	27	8
2021-09-28	3	5.21	27	8
2021-09-29	14	2.25	27	8
2021-09-30	0	NULO	25	8
2021-10-01	0	NULO	26	8
2021-10-02	20	15.01	26	9
2021-10-03	10	13.58	25	10
2021-10-04	0.01	5.12	25	10
2021-10-05	0	4.92	25	10
2021-10-06	0.01	3.78	26	10
2021-10-07	0	5.2	25	9
2021-10-08	0	5.51	25	9
2021-10-09	0	5.38	25	6
2021-10-10	0	5.43	26	6
2021-10-11	0	5.89	28	7
2021-10-12	0.01	5.99	27	7
2021-10-13	0	5.96	29	6
2021-10-14	0	1	29	7
2021-10-15	0	5.53	30	7
2021-10-16	0	5.01	29	7
2021-10-17	0	5.11	20	5
2021-10-18	0	5.78	30	7
2021-10-19	0	5.53	29	4
2021-10-20	0	5.07	30	5
2021-10-21	0	2.06	30	5
2021-10-22	0	5.59	26	5
2021-10-23	0	4.16	29	9
2021-10-24	0	5.02	30	6
2021-10-25	0	5.41	28	6
2021-10-26	0	5.67	28	6
2021-10-27	0.01	3.54	29	5
2021-10-28	2	7.03	30	6
2021-10-29	0	5.76	29	5
2021-10-30	0	5.81	28	4
2021-10-31	0	NULO	29	4
2021-11-01	0	5.37	28	5
2021-11-02	0	5.56	28	2
2021-11-03	0	5.51	27	2
2021-11-04	0	4.93	28	1
2021-11-05	0	4.79	28	2
2021-11-06	0	5.03	27	3
2021-11-07	0	5.01	27	0
2021-11-08	0	5.08	28	1
2021-11-09	0	5.03	27	0
2021-11-10	0	4.98	26	1
2021-11-11	0	5.05	28	0
2021-11-12	0	5.16	28	1
2021-11-13	0	3.63	26	1
2021-11-14	0	3.37	27	1
2021-11-15	0	4.98	25	0
2021-11-16	0	5.02	25	-1
2021-11-17	0	5.08	26	-1
2021-11-18	0.01	4.94	28	1
2021-11-19	0	1.9	27	2
2021-11-20	0	3.8	28	1
2021-11-21	0	5.11	26	3
2021-11-22	0.01	4.17	26	2
2021-11-23	0	4.29	26	4
2021-11-24	0.01	3.85	27	1
2021-11-25	0	4.91	26	0
2021-11-26	0	4.26	26	2
2021-11-27	0	5	27	0
2021-11-28	0	5.06	27	3
2021-11-29	0	5.02	25	3
2021-11-30	0	NULO	27	-1
2021-12-01	0	5.49	27	2
2021-12-02	0	5.51	26	1
2021-12-03	0	5.35	27	1
2021-12-04	0	5.63	27	2
2021-12-05	0	5.69	27	-1
2021-12-06	0	5.71	27	2
2021-12-07	0	5.67	27	1
2021-12-08	0	5.69	28	3
2021-12-09	0	5.52	28	1
2021-12-10	0	5.48	27	1
2021-12-11	0	5.53	27	1
2021-12-12	0	5.36	27	2
2021-12-13	0	5.48	28	-1
2021-12-14	0	5.52	29	1
2021-12-15	0	5.45	28	1
2021-12-16	0	5.56	28	2
2021-12-17	0	5.02	28	1
2021-12-18	0	5.1	29	3
2021-12-19	0	4.89	28	3
2021-12-20	0	3.84	28	3
2021-12-21	0	5.02	28	1
2021-12-22	0	5.17	27	1
2021-12-23	0	5.38	28	-1
2021-12-24	0	5.69	29	-1
2021-12-25	0	5.29	28	2
2021-12-26	0	5.35	29	-2
2021-12-27	0	5.4	29	0
2021-12-28	0	5.48	30	0
2021-12-29	0	5.46	30	2
2021-12-30	0	5.53	29	2
2021-12-31	0	NULO	30	2
2022-01-01	0	5.53	30	2
2022-01-02	0	5.41	29	2
2022-01-03	0	4.98	30	2
2022-01-04	0	5.63	30	0
2022-01-05	0	4.96	29	1
2022-01-06	0.01	4.76	30	0
2022-01-07	0	4.83	30	2
2022-01-08	0.01	4.86	30	2
2022-01-09	0	4.81	30	2
2022-01-10	0	2.18	30	2
2022-01-11	0	2	24	2
2022-01-12	0	4.98	28	0
2022-01-13	0	4.96	26	1
2022-01-14	0	5.01	26	-1
2022-01-15	0	3.78	25	0
2022-01-16	0.01	3.03	26	-1
2022-01-17	3	2.13	25	1
2022-01-18	0	2.27	25	1
2022-01-19	0	3.11	26	0
2022-01-20	0	2.06	26	1
2022-01-21	0	1.02	25	1
2022-01-22	0	1.83	26	1
2022-01-23	2	4.12	27	1
2022-01-24	0	3.85	27	1
2022-01-25	0	3.82	27	2
2022-01-26	0	4.51	28	2
2022-01-27	0	4.78	28	2
2022-01-28	0	4.46	24	1
2022-01-29	0	5.01	24	2
2022-01-30	0	5.15	29	2
2022-01-31	0	NULO	29	2
2022-02-01	0	4.97	29	2
2022-02-02	0	5.03	29	2
2022-02-03	0	5.21	29	2
2022-02-04	0	4.16	29	2
2022-02-05	0	4.02	29	2
2022-02-06	0	4.93	28	2
2022-02-07	0	3.11	25	1
2022-02-08	0.01	1.9	25	3
2022-02-09	0	3.96	27	0
2022-02-10	0	4.98	26	1
2022-02-11	0	5.02	26	0
2022-02-12	0	2.83	26	0
2022-02-13	0	3.16	25	1
2022-02-14	0.01	3.47	26	0
2022-02-15	0	4.97	28	1
2022-02-16	0	5.2	28	3
2022-02-17	0	5.32	29	0
2022-02-18	0.01	5.37	23.5	0
2022-02-19	0.01	5.35	28	1
2022-02-20	0	5.51	29	0
2022-02-21	0	5.48	30	2
2022-02-22	0	5.51	30	2
2022-02-23	0	5.59	31	2
2022-02-24	0	5.53	30	2
2022-02-25	0	5.71	30	2
2022-02-26	0	5.29	30	3
2022-02-27	0	5.48	30	2
2022-02-28	0	NULO	29	2
2022-03-01	0	5.22	28	0
2022-03-02	0	5.73	30	0
2022-03-03	0	5.79	30	0
2022-03-04	0	5.53	30	1
2022-03-05	0	8.48	31	2
2022-03-06	0	5.36	30	3
2022-03-07	0	5.39	31	2
2022-03-08	0	5.34	30	2
2022-03-09	0	5.53	31	1
2022-03-10	0	5.49	31	2
2022-03-11	0	5.58	31	2
2022-03-12	0	5.48	30	2
2022-03-13	0	5.02	31	2
2022-03-14	0.01	5.43	31	1
2022-03-15	0	4.96	26	0
2022-03-16	0	4.83	29	3
2022-03-17	0	5.09	29	4
2022-03-18	3	5.13	28	5
2022-03-19	0	5.25	29	2
2022-03-20	0	5.48	30	2
2022-03-21	0	5.6	31	3
2022-03-22	0	5.02	30	4
2022-03-23	0	5.79	30	4
2022-03-24	0	5.86	30	2
2022-03-25	0	5.9	30	2
2022-03-26	0	5.88	29	1
2022-03-27	0	5.94	30	1
2022-03-28	0	5.98	30	1
2022-03-29	0	5.86	30	1
2022-03-30	0	6.08	31	2
2022-03-31	0	NULO	32	1
2022-04-01	0	5.98	33	2
2022-04-02	0	6	32	4
2022-04-03	0	6.1	33	3
2022-04-04	0	6.21	34	4
2022-04-05	0	6.28	34	5
2022-04-06	0	6.29	34	5
2022-04-07	0	5.06	34	4
2022-04-08	0	2.88	29	4
2022-04-09	3	3.09	29	2
2022-04-10	0	4.86	30	4
2022-04-11	2	5.09	30	4
2022-04-12	0	5.59	30	5
2022-04-13	0	5.78	31	6
2022-04-14	0	5.76	32	6
2022-04-15	0	6.09	32	8
2022-04-16	0	6.11	33	8
2022-04-17	0	6.08	33	8
2022-04-18	0	6.26	30	7
2022-04-19	0	6.22	32	5
2022-04-20	0	6.19	32	5
2022-04-21	20	6.09	33	4
2022-04-22	0	5.99	29	6
2022-04-23	0	5.85	29	6
2022-04-24	0	5.93	29	5
2022-04-25	0	5.93	31	5
2022-04-26	0	5.9	29	6
2022-04-27	0	5.06	31	6
2022-04-28	21	5.02	32	7
2022-04-29	0.01	1.99	32	5
2022-04-30	0	NULO	33	5
2022-05-01	0	5.44	33	5
2022-05-02	0	6.03	32	6
2022-05-03	0	5.98	33	6
2022-05-04	0	2.8	32	7
2022-05-05	0	3.39	33	8
2022-05-06	3	1.82	33	8
2022-05-07	5	9.4	32	9
2022-05-08	14	14.79	32	8
2022-05-09	3	3.31	32	8
2022-05-10	0	5.35	32	8
2022-05-11	0	5.02	32	8
2022-05-12	0	5.06	32	8
2022-05-13	0	5.25	32	5
2022-05-14	0	5.32	32	6
2022-05-15	0	5.3	32	5
2022-05-16	0	5.35	32	5
2022-05-17	0	5.42	32	4
2022-05-18	0	5.39	32	4
2022-05-19	5	5.44	32	5
2022-05-20	0	5.6	32	4
2022-05-21	0	5.89	33	5
2022-05-22	0	5.76	33	6
2022-05-23	0.01	5.1	33	5
2022-05-24	5	4.88	32	4
2022-05-25	0	5.02	33	4
2022-05-26	0	10.3	32	4
2022-05-27	0	5.28	32	4
2022-05-28	0	5.19	33	4
2022-05-29	0	5.22	33	4
2022-05-30	0	5.09	33	4
2022-05-31	0	NULO	33	4
2022-06-01	0	5.24	33	5
2022-06-02	0	5.32	33	5
2022-06-03	0	5.46	33	4
2022-06-04	0	5.49	33	4
2022-06-05	0	5.45	30	5
2022-06-06	0	5.39	30	6
2022-06-07	0	5.42	31	5
2022-06-08	0.01	5.37	31	6
2022-06-09	20	4.1	31	6
2022-06-10	0	5.08	31	6
2022-06-11	0	5.32	31	6
2022-06-12	0	5.46	31	6
2022-06-13	65	5	31	6
2022-06-14	5	4.2	30	6
2022-06-15	0.01	3.33	31	5
2022-06-16	0.01	4.21	29	5
2022-06-17	0	4.88	27	6
2022-06-18	20	5.12	26	7
2022-06-19	0	5.08	26	8
2022-06-20	0.01	5.04	25	8
2022-06-21	9	3.11	25	6
2022-06-22	0.01	3.03	26	5
2022-06-23	0	5	26	6
2022-06-24	35	5.15	26	6
2022-06-25	11	2.22	26	5
2022-06-26	4	5.1	26	5
2022-06-27	16	5.02	26	5
2022-06-28	0.01	4.89	25	6
2022-06-29	0	5.2	25	5
2022-06-30	0	NULO	27	6
2022-07-01	0	5.38	27	6
2022-07-02	0	5.4	29	7
2022-07-03	0	5.39	29	9
2022-07-04	0.01	5.42	29	9
2022-07-05	0.01	5.45	19	9
2022-07-06	0.7	5.41	30	8
2022-07-07	0	5.22	29	9
2022-07-08	0	5.1	29	9
2022-07-09	0	5.08	29	9
2022-07-10	4	5.19	30	9
2022-07-11	NULO	NULO	29	9
2022-07-12	NULO	NULO	NULO	NULO
2022-07-13	2	NULO	NULO	NULO
2022-07-15	35	NULO	NULO	NULO
2022-07-16	10	NULO	NULO	NULO
2022-07-17	0	4	28	6
2022-07-18	0.01	5.28	29	9
2022-07-19	0.01	5.02	29	9
2022-07-20	0	5.37	28	9
2022-07-21	0.01	5.35	29	9
2022-07-22	26	5.41	28	9
2022-07-23	13	5.18	28	9
2022-07-24	0.01	5.7	28	8
2022-07-25	0	5.12	28	10
2022-07-26	0.01	5.1	28	9
2022-07-27	0.01	5.28	28	10
2022-07-28	0	5.3	28	10
2022-07-29	0.01	5.39	29	9
2022-07-30	0	5.39	28	10
2022-07-31	0	NULO	29	9
2022-08-01	0	5.43	29	10
2022-08-02	3	5.38	28	10
2022-08-03	0.01	5.41	29	9
2022-08-04	0	5.45	28	10
2022-08-05	0.01	5.52	28	9
2022-08-06	0	5.47	28	8
2022-08-07	0	5.45	29	9
2022-08-08	0	5.3	28	10
2022-08-09	0.01	5.33	28	8
2022-08-10	4	5.24	28	8
2022-08-11	0	5.32	28	8
2022-08-12	0	5.39	24	8
2022-08-13	0	5.35	29	8
2022-08-14	8	5.23	28	8
2022-08-15	10	5.28	27	10
2022-08-16	0	4.8	28	11
2022-08-17	17	2.31	27	11
2022-08-18	0	5.09	28	10
2022-08-19	0	5.3	27	8
2022-08-20	0	4.08	27	8
2022-08-21	0.01	5.1	27	8
2022-08-22	0	5.29	28	8
2022-08-23	0	5.11	27	8
2022-08-24	0.01	5.03	28	8
2022-08-25	0	5.06	28	8
2022-08-26	0	5.11	29	8
2022-08-27	10	5.3	28	9
2022-08-28	0.01	5.17	28	8
2022-08-29	30	5.13	29	8
2022-08-30	3	5.2	29	8
2022-08-31	5	NULO	29	8
2022-09-01	0	4.83	29	8
2022-09-02	0	5.12	28	10
2022-09-03	0	4.19	26	10
2022-09-04	0.01	4.05	27	9
2022-09-05	20	2.23	27	9
2022-09-06	17	2	26	9
2022-09-07	7	2.06	27	9
2022-09-08	0.01	1.91	27	9
2022-09-09	0	1.02	28	8
2022-09-10	0	5.22	28	9
2022-09-11	0	5.25	29	7
2022-09-12	0	2.07	28	8
2022-09-13	0	4.38	28	7
2022-09-14	0	5.11	28	7
2022-09-15	0	5.03	27	6
2022-09-16	0	5.05	26	9
2022-09-17	0.01	4.79	26	7
2022-09-18	2	5.08	27	6
2022-09-19	13	3.06	27	7
2022-09-20	0	3.09	27	9
2022-09-21	0	4.92	27	8
2022-09-22	0	5.02	26	9
2022-09-23	0	5.06	27	9
2022-09-24	0	4.85	27	10
2022-09-25	0	5.03	27	10
2022-09-26	0	5.38	28	11
2022-09-27	0.01	5.06	27	10
2022-09-28	0.01	4.56	27	10
2022-09-29	0	4.25	27	9
2022-09-30	0	NULO	27	9
2022-10-01	0	5.15	29	9
2022-10-02	0	5.29	28	8
2022-10-03	0	5.31	27	8
2022-10-04	1	4.79	27	7
2022-10-05	34	5.39	28	8
2022-10-06	13	2.21	28	6
2022-10-07	0	2.01	26	5
2022-10-08	0.01	5.03	26	8
2022-10-09	0	1.2	25	7
2022-10-10	0	1.38	26	8
2022-10-11	0	2.11	24	8
2022-10-12	0	2.92	26	7
2022-10-13	0	5.2	26	6
2022-10-14	0	5.25	26	6
2022-10-15	0	5.24	26	5
2022-10-16	0	5.42	28	5
2022-10-17	30	5.4	29	6
2022-10-18	0.01	5.92	29	9
2022-10-19	0	1.92	28	7
2022-10-20	0	1.02	29	6
2022-10-21	0	4.28	29	7
2022-10-22	0	5.02	29	6
2022-10-23	0	5.08	30	7
2022-10-24	0	5.22	30	5
2022-10-25	0	5.29	31	5
2022-10-26	0	5.35	30	5
2022-10-27	0	5.34	29	5
2022-10-28	0	5.32	30	8
2022-10-29	10	5.35	30	9
2022-10-30	0	5.2	30	8
2022-10-31	4	NULO	30	9
2022-11-01	0	5.2	31	8
2022-11-02	0	5.18	30	9
2022-11-03	0	5.02	31	7
2022-11-04	0	5	29	9
2022-11-05	0	5.05	29	6
2022-11-06	0	5.22	30	6
2022-11-07	0	5.39	30	6
2022-11-08	0	5.25	29	7
2022-11-09	0	5.18	26	6
2022-11-10	0	5.35	27	6
2022-11-11	0	5.42	27	5
2022-11-12	0	5.29	28	5
2022-11-13	0	3.55	28	6
2022-11-14	0	5.44	29	5
2022-11-15	0	5.17	29	4
2022-11-16	0	5.02	30	4
2022-11-17	0	7.05	30	4
2022-11-18	0.01	5.04	30	5
2022-11-19	7	4.96	30	5
2022-11-20	0.01	1.01	30	4
2022-11-21	3	1.05	26	4
2022-11-22	0	3.02	26	4
2022-11-23	0	4.8	28	5
2022-11-24	5	10.01	28	5
2022-11-25	0	4.39	28	6
2022-11-26	0	4.81	29	3
2022-11-27	0	5.2	29	5
2022-11-28	0	5.32	29	5
2022-11-29	0	5.26	29	5
2022-11-30	0	NULO	28	5
2022-12-01	0	5	27	5
2022-12-02	0	5.08	27	5
2022-12-03	0	5.02	29	5
2022-12-04	0	5.21	29	5
2022-12-05	0	5.12	29	4
2022-12-06	0	5.18	29	5
2022-12-07	0	5.31	29	4
2022-12-08	0	5.38	28	1
2022-12-09	0	5.34	26	5
2022-12-10	0	5.29	26	0
2022-12-11	0	5.36	26	3
2022-12-12	0	5.3	28	0
2022-12-13	0	5.29	27	4
2022-12-14	0	5.08	28	2
2022-12-15	0	5.04	26	4
2022-12-16	0	5.05	28	0
2022-12-17	0	4.97	28	1
2022-12-18	0	4.01	29	4
2022-12-19	0	5.2	29	4
2022-12-20	0	4.95	28	3
2022-12-21	0	4.98	29	0
2022-12-22	0	5.11	28	0
2022-12-23	0	3.2	28	4
2022-12-24	0.01	2.04	28	4
2022-12-25	10	1	27	4
2022-12-26	0	3.91	25	3
2022-12-27	0	4.93	28	1
2022-12-28	0	5.03	28	2
2022-12-29	0	5.12	27	4
2022-12-30	0	4.3	28	4
2022-12-31	0	5.08	29	5
2023-01-01	0	4.35	29	2
2023-01-02	0	5.21	29	4
2023-01-03	0	5.08	29	2
2023-01-04	0	5.12	29	2
2023-01-05	0	5.18	28	2
2023-01-06	0	5.23	27	0
2023-01-07	0	5.21	28	1
2023-01-08	0	5.28	28	2
2023-01-09	0	5.01	28	2
2023-01-10	0	4.92	29	4
2023-01-11	0	4.25	29	4
2023-01-12	0	4.35	28	4
2023-01-13	0	5.31	27	4
2023-01-14	0	5.33	28	0
2023-01-15	0	5.1	28	1
2023-01-16	0	5.12	27	3
2023-01-17	0	5.22	28	1
2023-01-18	0	5.2	28	3
2023-01-19	0	5.33	28	4
2023-01-20	0	5.28	28	4
2023-01-21	0	5.36	29	5
2023-01-22	0	5.4	29	5
2023-01-23	0	5.32	28	4
2023-01-24	0	5.38	28	5
2023-01-25	0	5.29	28	3
2023-01-26	0	4.82	26	3
2023-01-27	0	5.08	27	2
2023-01-28	0	5.01	28	2
2023-01-29	0	5.38	28	3
2023-01-30	0	5.26	29	3
2023-01-31	0	5.37	30	4
2023-02-01	0	5.13	29	5
2023-02-02	0	5.39	29	6
2023-02-03	0	3.92	25	5
2023-02-04	0	4.86	27	-1
2023-02-05	0	5.22	28	0
2023-02-06	0	5.38	28	2
2023-02-07	0	5.43	28	1
2023-02-08	0	5.49	28	2
2023-02-09	0	3.92	27	4
2023-02-10	0.01	4.8	26	5
2023-02-11	0	5.11	28	3
2023-02-12	0	5.39	29	5
2023-02-13	0	5.27	29	4
2023-02-14	0	5.58	30	5
2023-02-15	0	5.46	28	5
2023-02-16	0	5.49	29	4
2023-02-17	0	5.22	30	5
2023-02-18	0	5.36	29	0
2023-02-19	0	5.5	29	1
2023-02-20	0	5.39	30	3
2023-02-21	0	5.37	29	5
2023-02-22	0	5.11	29	5
2023-02-23	0	5.26	29	5
2023-02-24	0	5.42	29	4
2023-02-25	0	5.38	29	5
2023-02-26	0	5.21	30	5
2023-02-27	0	5.29	30	6
2023-02-28	0	5.38	30	6
2023-03-01	0	5.29	31	6
2023-03-02	0	5.37	31	6
2023-03-03	0	5.42	31	7
2023-03-04	0	5.53	31	7
2023-03-05	0	5.56	30	6
2023-03-06	0	5.48	31	7
2023-03-07	0	5.52	31	6
2023-03-08	0	5.55	30	5
2023-03-09	0	5.58	30	5
2023-03-10	0	5.47	30	5
2023-03-11	0	5.26	31	5
2023-03-12	0	5.28	31	6
2023-03-13	0	5.2	29	7
2023-03-14	0	5.15	29	7
2023-03-15	3	7.98	28	7
2023-03-16	0	5.29	28	7
2023-03-17	0	5.36	28	6
2023-03-18	0	5.13	27	7
2023-03-19	0	3.92	25	7
2023-03-20	0	5.37	28	3
2023-03-21	0	5.42	30	3
2023-03-22	0	5.58	31	5
2023-03-23	0	5.6	31	6
2023-03-24	0	5.27	31	8
2023-03-25	0	5.92	31	9
2023-03-26	0	5.7	31	9
2023-03-27	0	5.68	31	9
2023-03-28	3	5.61	30	9
2023-03-29	4	5.42	30	9
2023-03-30	0	5.58	30	8
2023-03-31	0	5.51	31	8
2023-04-01	0	5.48	32	9
2023-04-02	0	5.5	31	9
2023-04-03	0	5.72	32	9
2023-04-04	0	5.27	31	10
2023-04-05	0	5.58	32	9
2023-04-06	0	5.35	30	9
2023-04-07	0	5.69	29	10
2023-04-08	0	5.74	30	10
2023-04-09	0	5.52	29	9
2023-04-10	0.01	4.5	28	9
2023-04-11	12	3.79	26	8
2023-04-12	0	5.01	29	8
2023-04-13	0	5.1	29	7
2023-04-14	0	5.39	30	7
2023-04-15	0	5.56	30	7
2023-04-16	0	5.59	28	8
2023-04-17	0.01	4.94	29	8
2023-04-18	0	5.38	30	9
2023-04-19	0	5.46	31	9
2023-04-20	2	5.42	32	9
2023-04-21	0	5.36	32	10
2023-04-22	0	5.44	30	10
2023-04-23	0	5.4	31	9
2023-04-24	0	5.35	30	10
2023-04-25	0	5.59	32	11
2023-04-26	0	5.39	31	10
2023-04-27	0	5.26	31	10
2023-04-28	0	5.3	31	9
2023-04-29	0	5.24	31	9
2023-04-30	0	5.31	30	9
2023-05-01	0	5.26	31	8
2023-05-02	0	5.35	31	9
2023-05-03	0	5.31	30	9
2023-05-04	0.01	4.94	31	9
2023-05-05	0.01	5.04	31	10
2023-05-06	14	5.23	32	9
2023-05-07	0.01	5.33	30	9
2023-05-08	10	5.02	30	9
2023-05-09	0	3.92	30	9
2023-05-10	0	4.59	31	9
2023-05-11	0	5.09	30	9
2023-05-12	0	5.25	30	10
2023-05-13	0.01	4.39	30	9
2023-05-14	0	3.15	27	9
2023-05-15	3	4.28	28	8
2023-05-16	0	3.96	28	8
2023-05-17	0	3.99	29	8
2023-05-18	0	4.76	30	9
2023-05-19	0.01	5.03	30	9
2023-05-20	7	3.15	28	8
2023-05-21	0.01	4.82	29	9
2023-05-22	0.01	4.77	30	10
2023-05-23	8	11.78	29	10
2023-05-24	0	2.32	30	11
2023-05-25	0	5.48	31	11
2023-05-26	0	5.36	30	11
2023-05-27	0	5.32	30	11
2023-05-28	0.01	5.2	30	10
2023-05-29	0.01	5.08	28	10
2023-05-30	0	5.29	29	8
2023-05-31	0	5.22	31	10
2023-06-01	0	5.34	32	11
2023-06-02	0	5.58	32	11
2023-06-03	0	5.62	32	10
2023-06-04	0	5.61	31	10
2023-06-05	0	5.59	31	9
2023-06-06	5	5.36	31	10
2023-06-07	0	5.34	32	10
2023-06-08	0	5.49	32	10
2023-06-09	0	5.68	32	11
2023-06-10	0	5.66	33	10
2023-06-11	0	5.72	33	11
2023-06-12	0	5.93	33	11
2023-06-13	0	5.91	33	10
2023-06-14	0	6	33	10
2023-06-15	0	5.96	33	9
2023-06-16	0	6.01	33	9
2023-06-17	0	5.92	33	11
2023-06-18	0	5.84	33	11
2023-06-19	0	6.02	33	10
2023-06-20	0	6	33	10
2023-06-21	0	5.98	33	10
2023-06-22	0	5.95	33	9
2023-06-23	0	5.91	31	11
2023-06-24	0	5.82	30	9
2023-06-25	0	5.11	29	9
2023-06-26	5	4.33	27	9
2023-06-27	0.01	5.16	29	9
2023-06-28	0.01	5.09	29	9
2023-06-29	12	13.29	29	10
2023-06-30	0	3.32	31	10
2023-07-01	11	4.95	29	10
2023-07-02	0	5.2	31	10
2023-07-03	0	5.31	31	10
2023-07-04	0	5.28	29	9
2023-07-05	0	5.22	30	9
2023-07-06	12	4.08	28	9
2023-07-07	18	4.21	28	8
2023-07-08	35	4.28	29	9
2023-07-09	20	4.89	29	10
2023-07-10	45	5.02	30	9
2023-07-11	0.01	5.2	29	9
2023-07-12	0.01	5.1	30	9
2023-07-13	2	5.29	30	8
2023-07-14	0	5.26	30	9
2023-07-15	0	5.3	30	9
2023-07-16	2	5.33	30	9
2023-07-17	3	5.39	30	9
2023-07-18	0	5.37	30	10
2023-07-19	0	5.4	30	9
2023-07-20	0	5.32	30	9
2023-07-21	0	5.38	29	10
2023-07-22	0	5.3	30	9
2023-07-23	0	5.22	28	10
2023-07-24	5	4.03	26	8
2023-07-25	10	3.96	27	8
2023-07-26	0.01	5	27	8
2023-07-27	8	3.63	29	8
2023-07-28	7	4.89	29	9
2023-07-29	10	4.46	29	9
2023-07-30	3	3.27	28	9
2023-07-31	6	NULO	28	9
2023-08-01	0	5.03	29	9
2023-08-02	32	5.21	29	10
2023-08-03	0.01	5.03	28	10
2023-08-04	6	4.38	28	9
2023-08-05	3	4.09	28	8
2023-08-06	0	5.08	30	9
2023-08-07	0.01	5.23	29	9
2023-08-08	0	5.36	30	9
2023-08-09	0	5.59	30	10
2023-08-10	0	5.55	30	10
2023-08-11	0	5.57	31	9
2023-08-12	0.01	5.52	31	10
2023-08-13	0	5.42	30	10
2023-08-14	8	4.25	28	9
2023-08-15	2	3.16	26	9
2023-08-16	2	2.21	26	8
2023-08-17	20	2	27	8
2023-08-18	18	2.82	29	9
2023-08-19	27	2.96	27	9
2023-08-20	0.01	3.59	27	10
2023-08-21	2	3.11	29	10
2023-08-22	0	5.15	30	10
2023-08-23	0	5.93	30	10
2023-08-24	0	4.98	30	10
2023-08-25	0	5.22	29	9
2023-08-26	7	4.82	28	9
2023-08-27	2	4.26	28	9
2023-08-28	0	4.09	29	9
2023-08-29	0	5.22	30	9
2023-08-30	6	5.38	30	9
2023-08-31	29	NULO	29	8
2023-09-01	0	5.04	30	10
2023-09-02	0	5.12	29	9
2023-09-03	4	5.17	29	9
2023-09-04	6	4.28	29	8
2023-09-05	19	5.26	29	8
2023-09-06	0.01	5.31	28	9
2023-09-07	0	5.59	27	8
2023-09-08	0	4.62	30	8
2023-09-09	0	5.28	30	9
2023-09-10	0	5.32	30	8
2023-09-11	0	5.36	29	9
2023-09-12	0	5.21	30	9
2023-09-13	0	5.25	30	8
2023-09-14	0	5.32	30	8
2023-09-15	0.01	5.35	28	8
2023-09-16	0	5.13	26	8
2023-09-17	12	5.02	29	7
2023-09-18	0	4.88	28	8
2023-09-19	0	3.96	29	9
2023-09-20	0	5.27	29	9
2023-09-21	0	5.34	29	8
2023-09-22	0	5.36	30	8
2023-09-23	0	5.39	30	9
2023-09-24	0	5.42	30	9
2023-09-25	0	5.38	30	8
2023-09-26	0	5.45	30	8
2023-09-27	0	5.43	30	8
2023-09-28	0	5.49	30	8
2023-09-29	0	5.47	30	8
2023-09-30	0	NULO	30	8
2023-10-01	0	5.39	30	9
2023-10-02	6	5.41	30	8
2023-10-03	0.01	5.32	30	9
2023-10-04	0.01	5.28	30	9
2023-10-05	0	5.31	30	10
2023-10-06	0	5.38	29	10
2023-10-07	2	5.25	26	9
2023-10-08	2	1.86	25	6
2023-10-09	3	1.03	25	7
2023-10-10	0.01	1.96	25	7
2023-10-11	0	2.91	29	6
2023-10-12	0	3.98	30	7
2023-10-13	6	5.17	30	8
2023-10-14	0	5.22	28	9
2023-10-15	0.01	3.47	26	7
2023-10-16	0	1.09	20	7
2023-10-17	0	1.16	25	7
2023-10-18	0	4.07	29	5
2023-10-19	0	5	28	6
2023-10-20	0	4.89	29	6
2023-10-21	0	5.11	29	6
2023-10-22	0	5.18	29	6
2023-10-23	0.01	5.26	30	6
2023-10-24	0.01	5.15	29	8
2023-10-25	11	4.86	27	8
2023-10-26	8	0.56	27	7
2023-10-27	0	1.91	24.8	8
2023-10-28	0	4.39	29	8
2023-10-29	0	5.21	30	8
2023-10-30	0	5.16	28	7
2023-10-31	0	NULO	28	8
2023-11-01	0	5.31	26	6
2023-11-02	0	5.02	27	6
2023-11-03	0	5.13	28	7
2023-11-04	0	5	30	8
2023-11-05	0	5.22	29	7
2023-11-06	0	5.25	30	7
2023-11-07	0	5.23	30	7
2023-11-08	0	5.31	30	7
2023-11-09	0.01	5.29	30	8
2023-11-10	6	4.98	28	8
2023-11-11	0	4.86	28	8
2023-11-12	0	5.03	29	7
2023-11-13	0	5.19	26	7
2023-11-14	0	2.11	27	7
2023-11-15	0	2.86	28	7
2023-11-16	0	5.03	28	4
2023-11-17	0	5.11	29	3
2023-11-18	0	5.26	28	2
2023-11-19	0	5.23	30	4
2023-11-20	0	5.31	30	5
2023-11-21	2	5.34	26	7
2023-11-22	10	4.82	25	6
2023-11-23	0	1.86	27	6
2023-11-24	0	1.93	27	4
2023-11-25	0	5.15	28	4
2023-11-26	5	5.21	29	5
2023-11-27	2	5.19	29	7
2023-11-28	3	3.76	28	6
2023-11-29	8	4.83	30	7
2023-11-30	0	NULO	29	6
2023-12-01	0	5.02	28	6
2023-12-02	0	4.78	27	7
2023-12-03	5	2.93	27	6
2023-12-04	0	1.96	26	6
2023-12-05	0.01	3.22	25	7
2023-12-06	5	2.87	26	6
2023-12-07	3	1.03	27	9
2023-12-08	2	1	26	7
2023-12-09	0.01	2.06	28	6
2023-12-10	0.01	3.02	25	6
2023-12-11	12	1.23	26	7
2023-12-12	0	1.3	26	5
2023-12-13	0	2.36	26	5
2023-12-14	0	1.11	26	6
2023-12-15	12	1.03	26	6
2023-12-16	0	1.28	28	7
2023-12-17	0	3.56	26	5
2023-12-18	0	3.98	25	4
2023-12-19	0	4.66	25	4
2023-12-20	0	5.02	24	1
2023-12-21	0	5.16	27	2
2023-12-22	0	5.18	26	3
2023-12-23	0	5.08	28	4
2023-12-24	0	4.84	28	6
2023-12-25	0	4.88	28	5
2023-12-26	0.01	4.63	28	7
2023-12-27	0.01	1.02	25	6
2023-12-28	0	1.38	26	1
2023-12-29	0	5.19	27	3
2023-12-30	0	4.23	27	3
2023-12-31	0	NULO	29	1
2024-01-01	0	5.06	29	1
2024-01-02	0	5.11	29	4
2024-01-03	0	5.09	28	5
2024-01-04	0	5.18	28	2
2024-01-05	0	5.22	29	4
2024-01-06	0	5.1	30	3
2024-01-07	0.01	5.11	29	6
2024-01-08	0	2.13	29	8
2024-01-09	0	5.18	28	6
2024-01-10	0	5.08	28	5
2024-01-11	0	5.03	28	4
2024-01-12	0	5.05	28	2
2024-01-13	0	5.09	29	4
2024-01-14	0	3.84	28	4
2024-01-15	0	4.28	30	6
2024-01-16	0	5.29	30	4
2024-01-17	0	5.36	29	5
2024-01-18	0	5.09	30	7.5
2024-01-19	0	5.13	30	6
2024-01-20	0	4.68	29	6
2024-01-21	0	1.03	29	6
2024-01-22	0	3.21	29	5
2024-01-23	0	4.18	29	5
2024-01-24	0	5.09	29	5
2024-01-25	0	5.27	30	3
2024-01-26	0	5.29	30	4
2024-01-27	0	5.28	28	4
2024-01-28	0	5.3	28	4
2024-01-29	0	4.27	28	5
2024-01-30	0	4.44	28	4
2024-01-31	0	NULO	28	5
2024-02-01	0	3.87	28	1
2024-02-02	0	4.02	30	4
2024-02-03	0	5.13	29	5
2024-02-04	0	2.01	28	3
2024-02-05	0	5.27	28	2
2024-02-06	0	5.3	28	1
2024-02-07	0	5.28	30	1
2024-02-08	0	5.25	30	2
2024-02-09	0	5.29	30	4
2024-02-10	0	5.34	30	5
2024-02-11	0	5.32	30	7
2024-02-12	0	5.36	30	9
2024-02-13	0	4.83	29	6
2024-02-14	0	4.58	29	5
2024-02-15	0	4.62	29	5
2024-02-16	2	6.62	27	6
2024-02-17	0	1.21	27	6
2024-02-18	0	2.18	28	3
2024-02-19	0	4.26	28	2
2024-02-20	0	5.19	29	2
2024-02-21	0	5.21	30	3
2024-02-22	0	5.3	30	3
2024-02-23	0	5.39	30	4
2024-02-24	0	5.38	31	6
2024-02-25	0	5.24	30	6
2024-02-26	0	5.37	31	4
2024-02-27	0	5.39	31	6
2024-02-28	0	5.41	30	6
2024-02-29	0	NULO	30	7
2024-03-01	0	5.3	30	7
2024-03-02	0	5.28	31	7
2024-03-03	0	5.32	31	7
2024-03-04	0	5.31	31	8
2024-03-05	0	5.38	31	6
2024-03-06	0	5.49	32	5
2024-03-07	0	5.45	31	6
2024-03-08	0	5.42	31	6
2024-03-09	0	5.89	30	7
2024-03-10	0	5.81	30	5
2024-03-11	0	5.29	30	6
2024-03-12	0	5.28	31	7
2024-03-13	0	5.36	30	7
2024-03-14	0	5.39	30	7
2024-03-15	0	5.66	31	7
2024-03-16	0	5.72	38	8
2024-03-17	0	5.54	30	7
2024-03-18	0	5.68	31.5	7
2024-03-19	0	5.36	31	8
2024-03-20	0	5.29	31	9
2024-03-21	0	5.29	31	9
2024-03-22	0	5.42	30	9
2024-03-23	0	5.45	30	8
2024-03-24	0	5.39	30	6
2024-03-25	0	5.48	30	6
2024-03-26	0	5.35	30	6
2024-03-27	0	5.42	30	7
2024-03-28	0	5.56	30	6
2024-03-29	0	6.41	31	6
2024-03-30	0	5.49	31	7
2024-03-31	0	NULO	31	8
2024-04-01	0	5.59	32	9
2024-04-02	0	5.63	31	9
2024-04-03	0	5.68	31	8
2024-04-04	0	5.52	30	7
2024-04-05	0	5.47	31	7
2024-04-06	0	5.1	31	8
2024-04-07	0	5.56	32	9
2024-04-08	0	5.44	31	9
2024-04-09	0	5.32	32	9
2024-04-10	0	5.49	30	10
2024-04-11	0	5.28	29	8
2024-04-12	0	5.36	30	7
2024-04-13	0	5.32	31	8
2024-04-14	0	5.39	32	8
2024-04-15	0	5.42	32	9
2024-04-16	0	5.34	32	10
2024-04-17	2	5.65	32	10
2024-04-18	0	5.48	32	10
2024-04-19	0.01	5.44	31	11
2024-04-20	0	5.32	31	11
2024-04-21	0	5.3	30	10
2024-04-22	6	5.26	30	10
2024-04-23	0.01	4.18	29	10
2024-04-24	0	4.56	30	9
2024-04-25	0	5.2	31	9
2024-04-26	0	5.39	30	9
2024-04-27	0	5.18	30	13
2024-04-28	0	5.26	31	9
2024-04-29	0	5.38	31	10
2024-04-30	0	NULO	31	10
2024-05-01	0	5.39	32	10
2024-05-02	0	5.35	32	10
2024-05-03	0	5.43	32	12
2024-05-04	0	5.41	32	12
2024-05-05	0	5.45	32	12
2024-05-06	0	5.49	33	12
2024-05-07	0	5.47	33	13
2024-05-08	0	5.51	34	13
2024-05-09	0	5.56	34	13
2024-05-10	0	5.5	34	13
2024-05-11	17	7.48	32	13
2024-05-12	0	4.11	33	11
2024-05-13	0	5.39	33	12
2024-05-14	0.01	5.47	33	12
2024-05-15	0	5.45	32	12
2024-05-16	0	5.48	33	12
2024-05-17	0	5.39	33	12
2024-05-18	0	5.43	33	13
2024-05-19	0	5.36	33	12
2024-05-20	0	5.4	34	12
2024-05-21	0	5.48	33	13
2024-05-22	0	5.69	33	11
2024-05-23	3	5.57	33	12
2024-05-24	2	5.52	33	11
2024-05-25	0	5.47	33	11
2024-05-26	0	5.63	33	12
2024-05-27	2	5.66	33	11
2024-05-28	0	5.69	31	12
2024-05-29	0.01	5.47	30	10
2024-05-30	0	5.31	32	9
2024-05-31	0	NULO	33	10
2024-06-01	0	5.66	33	10
2024-06-02	0	5.57	33	11
2024-06-03	0	5.69	34	11
2024-06-04	0	5.7	32	12
2024-06-05	0	5.43	32	11
2024-06-06	0	5.52	33	11
2024-06-07	0	5.45	32	11
2024-06-08	0	5.41	33	11
2024-06-09	0.01	5.39	31	11
2024-06-10	0	5.32	30	10
2024-06-11	0	5.35	30	10
2024-06-12	0	5.4	31	10
2024-06-13	0	5.33	31	10
2024-06-14	0	5.37	30	10
2024-06-15	0	5.31	30	10
2024-06-16	0	5.34	30	11
2024-06-17	0	5.39	31	10
2024-06-18	0	6.3	31	10
2024-06-19	4	5.4	28	10
2024-06-20	3	5.23	27	8
2024-06-21	1	1.46	25	10
2024-06-22	0.01	2.08	26	9
2024-06-23	20	2.79	25	10
2024-06-24	16	4.75	25	10
2024-06-25	7	2.04	25	11
2024-06-26	50	2.93	25	11
2024-06-27	45	2.87	24	12
2024-06-28	35	3.56	24	11
2024-06-29	0	2.49	25	11
2024-06-30	6	NULO	24	12
2024-07-01	9	2.03	25	10
2024-07-02	8	1.94	25	11
2024-07-03	25	4.17	28	10
2024-07-04	3	4.49	26	12
2024-07-05	0	4.58	28	10
2024-07-06	0	5.11	30	9
2024-07-07	0	5.38	30	12
2024-07-08	0	5.36	29	11
2024-07-09	0.01	5.42	29	10
2024-07-10	0.01	5.12	25	10
2024-07-11	10	4.83	25	12
2024-07-12	4	3.21	28	13
2024-07-13	8	2.96	28	11
2024-07-14	0.01	3.48	29	11
2024-07-15	20	5.04	29	10
2024-07-16	0	4.96	28	10
2024-07-17	32	4.98	28	10
2024-07-18	13	5.32	28	12
2024-07-19	0	4.03	28	13
2024-07-20	6	2.22	25	11
2024-07-21	0	3.02	26	12
2024-07-22	7	2.87	27	12
2024-07-23	11	3.39	26	11
2024-07-24	13	4.52	27	12
2024-07-25	15	4.58	26	12
2024-07-26	0.01	3.98	27	11
2024-07-27	0.01	3	26	11
2024-07-28	0	3.12	26	12
2024-07-29	18	3.98	26	12
2024-07-30	0	5.11	26	12
2024-07-31	48	NULO	28	12
2024-08-01	0	4.76	27	13
2024-08-02	27	4.82	27	11
2024-08-03	27	5	29	10
2024-08-04	8	4.87	28	10
2024-08-05	3	4.79	28	11
2024-08-06	20	5	29	11
2024-08-07	0.01	5.11	28	11
2024-08-08	0	5.08	28	11
2024-08-09	3	5.16	29	11
2024-08-10	2	5.21	28	11
2024-08-11	0	5.16	28	12
2024-08-12	0	5.22	29	13
2024-08-13	3	4.11	29	11
2024-08-14	0.01	2.2	29	12
2024-08-15	5	5.18	28	12
2024-08-16	34	5.23	28	12
2024-08-17	2	4.79	29	12
2024-08-18	0	4.16	27	12
2024-08-19	0	5.11	29	12
2024-08-20	0	5.22	29	11
2024-08-21	0	5.23	29	12
2024-08-22	0	5.03	29	11
2024-08-23	2	5.25	29	11
2024-08-24	0	5.16	30	12
2024-08-25	0	5.21	26	12
2024-08-26	0	4.19	28	12
2024-08-27	0	6.19	29	11
2024-08-28	16	4.28	29	11
2024-08-29	3	5.26	28	12
2024-08-30	56	5.19	29	12
2024-08-31	0	NULO	29	13
2024-09-01	8	5.29	28	12
2024-09-02	0	5.27	28	12
2024-09-03	7	5.3	28	13
2024-09-04	0	5.33	28	13
2024-09-05	0	5.28	28	12
2024-09-06	0.01	5.26	25	13
2024-09-07	3	4.32	25	12
2024-09-08	0	2.03	25	12
2024-09-09	0	5.03	25	9
2024-09-10	5	1.38	25	10
2024-09-11	2	2.03	28	10
2024-09-12	11	2.54	28	12
2024-09-13	10	2.76	27	13
2024-09-14	22	4.23	28	13
2024-09-15	11	5.61	26	13
2024-09-16	20	5.08	35	12
2024-09-17	0	4.15	28	12
2024-09-18	0.01	5.02	28	12
2024-09-19	0	5.11	28	13
2024-09-20	0	5.2	26	13
2024-09-21	0	4.63	28	13
2024-09-22	0	5.28	28	12
2024-09-23	0.01	5.32	26	12
2024-09-24	0.01	5.17	25	12
2024-09-25	0.01	4.91	26	12
2024-09-26	11	4.19	25	12
2024-09-27	3	2.17	25	11
2024-09-28	18	1.07	25	12
2024-09-29	0	2.8	25	12
2024-09-30	0	NULO	25	11
2024-10-01	0.01	2.31	24	11
2024-10-02	0.01	2.4	24	11
2024-10-03	0	3.81	24	8
2024-10-04	0	5.05	25	10
2024-10-05	0.01	4.82	25	12
2024-10-06	0.01	4.7	24	12
2024-10-07	0.01	1.24	24	12
2024-10-08	0	1.07	25	12
2024-10-09	0	3.44	25	11
2024-10-10	0	5.08	25	6.5
2024-10-11	0	5.12	27	5
2024-10-12	0	5.21	27	5
2024-10-13	0	5.27	26	5
2024-10-14	0	4.75	26	9
2024-10-15	0	5.09	28	8
2024-10-16	0	5.05	28	6
2024-10-17	0	5.1	26	8
2024-10-18	0	5.07	26	7
2024-10-19	0	4.93	26	8
2024-10-20	4	4.85	25	7
2024-10-21	6	1	25	11
2024-10-22	0	1.02	26	11
2024-10-23	0	4.08	26	10
2024-10-24	0	5.03	25	9
2024-10-25	0	5.06	26	8
2024-10-26	0	5.1	27	9
2024-10-27	0	4.35	27	9
2024-10-28	0	4.42	28	9
2024-10-29	0	4.83	29	10
2024-10-30	0	5.06	29	8
2024-10-31	0	NULO	28	9
2024-11-01	0	5.28	28	10
2024-11-02	0	4.93	29	10
2024-11-03	0.01	5.36	28	11
2024-11-04	0	5.09	28	10
2024-11-05	6	5.16	29	9
2024-11-06	0	5.22	29	9
2024-11-07	0	5.28	29	9
2024-11-08	0	5.32	29	10
2024-11-09	0	5.38	28	8
2024-11-10	0	5.23	29	7
2024-11-11	0	5.36	28	5
2024-11-12	0	5.32	28	4
2024-11-13	0	5.29	28	5
2024-11-14	0	5.26	27	6
2024-11-15	0	5.23	28	7
2024-11-16	0	4.99	30	6
2024-11-17	0	5.28	29	8
2024-11-18	0	5.29	29	6
2024-11-19	0	5.11	29	8
2024-11-20	20	5.2	25	9
2024-11-21	0	0.97	26	6
2024-11-22	0	5.09	26	5
2024-11-23	0	5.22	25	1
2024-11-24	0	5.29	28	0
2024-11-25	0	5.31	28	2
2024-11-26	0	5.26	27	1
2024-11-27	0	5.19	29	1
2024-11-28	0	5.28	29	2
2024-11-29	0	5.32	28	3
2024-11-30	0	NULO	29	3
2024-12-01	0	5.34	29	6
2024-12-02	0	5.26	26	5
2024-12-03	0	5.2	27	5
2024-12-04	0	5.22	25	5
2024-12-05	0	5.09	28	5
2024-12-06	0	5.18	26	7
2024-12-07	0	5.22	27	7
2024-12-08	0	5.25	28	5
2024-12-09	0	5.29	29	6
2024-12-10	0	5.27	29	6
2024-12-11	0	5.32	25	8
2024-12-12	0	5.26	28	3
2024-12-13	0	5.22	29	4
2024-12-14	0	5.25	27	3
2024-12-15	0	5.28	27	2
2024-12-16	0	5.34	28	3
2024-12-17	0	5.19	28	6
2024-12-18	0.01	5.12	28	8
2024-12-19	0	4.27	27	8
2024-12-20	0	3.96	25	7
2024-12-21	0	3.79	25	8
2024-12-22	2	4.53	26	7
2024-12-23	0	2.27	26	4
2024-12-24	0	3.96	26	4
2024-12-25	0	4.25	27	3
2024-12-26	0	4.93	28	4
2024-12-27	0	5.37	28	2
2024-12-28	0	5.42	29	2
2024-12-29	0	5.38	29	3
2024-12-30	0	5.4	29	2
2024-12-31	0	NULO	29	3
2025-01-01	0	5.27	28	3
2025-01-02	0	5.22	28	4
2025-01-03	0	2.26	22	6
2025-01-04	0.01	5.29	28	6
2025-01-05	0	4.36	29	7
2025-01-06	0	3.9	28	6
2025-01-07	0	2.23	26	6
2025-01-08	0	2.16	27	6
2025-01-09	0	3.76	28	4
2025-01-10	9	3.58	28	7
2025-01-11	0	3.72	28	9
2025-01-12	0	2.29	27	9
2025-01-13	0	3.15	28	6
2025-01-14	0.01	4.8	28	6
2025-01-15	0	4.26	29	6
2025-01-16	0	5.18	29	5
2025-01-17	0	5.27	29	6
2025-01-18	0	5.32	29	7
2025-01-19	0	5.23	28	5
2025-01-20	0	4.06	29	4
2025-01-21	0	5.11	27	4
2025-01-22	0	3.06	28	3
2025-01-23	0	5.1	27	4
2025-01-24	0	4.94	28	3
2025-01-25	0	5.22	29	2
2025-01-26	0	2.5	29	3.5
2025-01-27	0	5.12	29	3
2025-01-28	0	5.17	30	4
2025-01-29	0	5.24	30	6
2025-01-30	0	5.2	30	6
2025-01-31	0	NULO	29	6
2025-02-01	0	5.22	29	7
2025-02-02	0.01	5.36	29	5
2025-02-03	0	5.25	29	4
2025-02-04	6	5.07	29	4
2025-02-05	0	5.19	29	5
2025-02-06	0	5.23	28	4
2025-02-07	0	5.29	29	5
2025-02-08	0	5.36	5	3
2025-02-09	0	5.39	30	4
2025-02-10	0	5.32	30	6
2025-02-11	0	5.42	30	6
2025-02-12	0	5.29	30	7
2025-02-13	0	5.38	30	6
2025-02-14	0	5.35	29	7
2025-02-15	0	5.39	30	7
2025-02-16	0	5.27	29	7
2025-02-17	2	5.15	30	7
2025-02-18	8	7.43	29	7
2025-02-19	2	5.1	29	8
2025-02-20	0.01	1	27	7
2025-02-21	9	3.28	25	6
2025-02-22	0.01	2.16	27	6
2025-02-23	0	5.22	29	5.5
2025-02-24	0	5.19	29	6
2025-02-25	0	5.35	29	3
2025-02-26	0	5.39	30	4
2025-02-27	0	5.33	30	6
2025-02-28	0	NULO	29	7
2025-03-01	0	5.29	30	7
2025-03-02	0	5.34	30	7
2025-03-03	0	5.39	30	8
2025-03-04	0	5.51	30	9
2025-03-05	0	5.38	30	6
2025-03-06	0	5.35	30	6
2025-03-07	0	5.35	30	7
2025-03-08	0	5.37	31	7
2025-03-09	0	5.34	30	7
2025-03-10	0	5.39	30	4
2025-03-11	0	5.35	31	5
2025-03-12	0	5.4	31	7
2025-03-13	0	5.42	32	7
2025-03-14	0	5.45	30	10
2025-03-15	0	5.41	30	7
2025-03-16	0	5.39	30	6
2025-03-17	0	5.43	30	8
2025-03-18	0	5.38	31	6
2025-03-19	0	5.45	30	7
2025-03-20	0	5.38	27	6
2025-03-21	0	2.93	18	6
2025-03-22	2	5.22	28	7
2025-03-23	0	4.15	29	7
2025-03-24	0	4.83	29	7
2025-03-25	0	5.09	29	6
2025-03-26	0.01	5.05	30	6
2025-03-27	0	5.22	30	8
2025-03-28	0	5.3	30	9
2025-03-29	0	5.35	30	7
2025-03-30	0	5.31	30	6
2025-03-31	0	NULO	31	6
2025-04-01	0	5.38	31	7
2025-04-02	0	5.42	31	8
2025-04-03	0	5.39	31	9
2025-04-04	0	5.41	32	8
2025-04-05	0	5.36	30	8
2025-04-06	0	5.39	30	7
2025-04-07	0	5.44	29	7
2025-04-08	0	8.72	29	4
2025-04-09	0	4.39	30	4
2025-04-10	0	5.3	29	5
2025-04-11	0	5.43	28	3
2025-04-12	0	5.36	28	2
2025-04-13	0	5.39	30	2
2025-04-14	0	5.45	30	4
2025-04-15	0	5.32	30	4
2025-04-16	0	5.44	30	5
2025-04-17	0	5.38	31	7
2025-04-18	0	5.47	31	8
2025-04-19	0	5.43	21	8
2025-04-20	0	5.39	30	10
2025-04-21	0	5.46	30	11
2025-04-22	0	5.33	31	11
2025-04-23	0	5.41	32	10
2025-04-24	0	5.44	30	10
2025-04-25	0	5.49	30	10
2025-04-26	0	5.39	30	8
2025-04-27	0	5.42	31	8
2025-04-28	0	5.35	30	6
2025-04-29	0	5.39	31	8
2025-04-30	3	NULO	30	8
2025-05-01	0	5.39	31	8
2025-05-02	0	5.32	31	11
2025-05-03	0	5.3	31	10
2025-05-04	0	5.36	32	10
2025-05-05	0	5.35	32	10
2025-05-06	0	5.39	32	11
2025-05-07	15	5.42	30	12
2025-05-08	0	5.38	31	10
2025-05-09	0.01	5.4	29	10
2025-05-10	0	5.39	27	9
2025-05-11	0	5.36	30	9
2025-05-12	0	5.2	30	9
2025-05-13	0	5.43	31	10
2025-05-14	0	5.29	32	10
2025-05-15	0	5.32	32	11
2025-05-16	0	5.49	32	10
2025-05-17	0	5.27	31	11
2025-05-18	4	5.54	31	11
2025-05-19	0	5.38	32	10
2025-05-20	12	5.32	32	12
2025-05-21	0	5.3	32	11
2025-05-22	0	5.34	31	7
2025-05-23	0	5.39	31	11
2025-05-24	0	5.31	31	11
2025-05-25	0.01	5.43	29	10
2025-05-26	13	3.86	28	8
2025-05-27	2	2.48	28	9
2025-05-28	30	2.84	28	9
2025-05-29	4	3.47	30	10
2025-05-30	10	3.98	29	11
2025-05-31	3	NULO	29	10
2025-06-01	31	4.52	29	11
2025-06-02	20	4.89	28	10
2025-06-03	8	4.91	27	9
2025-06-04	0.01	4.89	28	10
2025-06-05	0	5.02	29	11
2025-06-06	0	5.19	30	12
2025-06-07	0	5.21	30	12
2025-06-08	0	5.32	31	12
2025-06-09	0	5.34	30	12
2025-06-10	0	5.3	31	11
2025-06-11	0.01	5.29	30	12
2025-06-12	5.5	5.09	30	10
2025-06-13	9	5.2	28	11
2025-06-14	2	4.88	28	11
2025-06-15	18	4.84	26	11
2025-06-16	5	2.82	26	10
2025-06-17	10	2.1	25	11
2025-06-18	0.01	3.06	25	10
2025-06-19	38	3.99	25	11
2025-06-20	21	3.84	25	11
2025-06-21	3	2.27	25	10
2025-06-22	19	1.82	25	11
2025-06-23	4	2.08	25	11
2025-06-24	0.01	2.58	25	9
2025-06-25	23	1.81	25	10
2025-06-26	7	3	26	11
2025-06-27	0.01	3.05	28	11
2025-06-28	0	4.92	29	11
2025-06-29	0	5.08	29	11
2025-06-30	0	NULO	28	12
2025-07-01	0	4.93	28	11
2025-07-02	2	4.85	29	12
2025-07-03	0	4.9	28	11
2025-07-04	0	5.09	29	10
2025-07-05	3	5.2	29	11
2025-07-06	8	5.24	30	11
2025-07-07	4	5.29	28	10
2025-07-08	7	5.27	28	10
2025-07-09	0	5.11	28	9
2025-07-10	5	3.94	29	10
2025-07-11	0.01	4.87	29	10
2025-07-12	0.01	3.92	29	10
2025-07-13	18	3.57	28	10
2025-07-14	6.5	4.85	29	10
2025-07-15	2	5.02	28	11
2025-07-16	3	5.05	29	10
2025-07-17	7	5.03	28	10
2025-07-18	11	4.71	28	10
2025-07-19	0.01	4.07	29	11
2025-07-20	3	5.09	29	11
2025-07-21	0	5.15	28	10
2025-07-22	0	5.2	29	10
2025-07-23	0.01	5.23	30	11
2025-07-24	0	5.28	30	12
2025-07-25	0	5.35	30	11
2025-07-26	0	5.27	29	11
2025-07-27	8	5.21	29	11
2025-07-28	0	4.99	28	10
2025-07-29	0	4.06	28	9
2025-07-30	0.01	5.11	28	9
2025-07-31	14	NULO	27	11
2025-08-01	0.01	4.96	29	11
2025-08-02	2.5	3.08	28	11
2025-08-03	0	5.16	29	9
2025-08-04	0	5.1	28	10
2025-08-05	0	5.23	29	9
2025-08-06	0.01	5.29	30	9
2025-08-07	0.01	5.31	29	10
2025-08-08	0	5.27	29	10
2025-08-09	0	5.24	29	10
2025-08-10	0	5.29	29	11
2025-08-11	2	5.25	29	10
2025-08-12	0.01	5.31	28	10
2025-08-13	2	5.28	29	11
2025-08-14	0	5.22	29	11
2025-08-15	8	5.25	28	11
2025-08-16	0	5.28	28	11
2025-08-17	0	5.32	30	9
2025-08-18	0	5.26	29	11
2025-08-19	0	5.3	28	9
2025-08-20	0	5.34	29	10
2025-08-21	0	5.37	29	12
2025-08-22	6	5.21	28	12
2025-08-23	4	5.24	28	12
2025-08-24	15	5.2	28	12
2025-08-25	35	5.03	27	12
2025-08-26	0	5	27	12
2025-08-27	0	5.28	29	12
2025-08-28	1	5.22	28	12
2025-08-29	0	5.02	28	12
2025-08-30	2	5.14	29	11
2025-08-31	6	NULO	29	11
2025-09-01	2	5.31	28	11
2025-09-02	30	5.13	28	12
2025-09-03	8	5.05	26	11
2025-09-04	12	5.21	27	11
2025-09-05	23	5.18	28	12
2025-09-06	0	5.22	28	12
2025-09-07	0	5.3	28	12
2025-09-08	0	5.03	27	11
2025-09-09	18	5.21	28	13
2025-09-10	0.01	5.24	27	11
2025-09-11	0	5.2	27	11
2025-09-12	0	4.36	29	11
2025-09-13	0.01	4.71	28	11
2025-09-14	0.01	5.37	28	11
2025-09-15	0.01	5.28	28	11
2025-09-16	0	5.11	27	11
2025-09-17	0.01	5.1	27	12
2025-09-18	0	5.24	28	12
2025-09-19	0	5.21	29	12
2025-09-20	0	5.28	28	11
2025-09-21	0	5.22	28	11
2025-09-22	0	4.83	28	11
2025-09-23	0.01	5.18	28	11
2025-09-24	0	5.25	29	12
2025-09-25	6	5.28	28	11
2025-09-26	8	5.11	27	11
2025-09-27	5	3.75	26	12
2025-09-28	0	3.81	27	12
2025-09-29	0	4.79	28	12
2025-09-30	0	NULO	26	12
2025-10-01	0	5.19	27	9
2025-10-02	0	5.25	25	10
2025-10-03	0	5.23	27	10
2025-10-04	0	5.03	25	11
2025-10-05	7	5.05	25	12
2025-10-06	4	2.47	25	12
2025-10-07	0.01	3.22	24	11
2025-10-08	0.01	3.88	24	12
2025-10-09	13	3.88	23	12
2025-10-10	7	1.03	25	12
2025-10-11	0.01	1	24	11
2025-10-12	0	1.19	27	11
2025-10-13	0	1.97	28	12
2025-10-14	0	5.02	28	11
2025-10-15	0	5.33	26	10
2025-10-16	0	5.28	26	9
2025-10-17	0	5.24	26	9
2025-10-18	0	5.05	28	9
2025-10-19	0	5.23	28	9
2025-10-20	0	5.29	28	8
2025-10-21	0	5.32	28	9
2025-10-22	0	5.25	28	8
2025-10-23	0	5.3	18	11
2025-10-24	0	4.02	28	10
2025-10-25	0	5.11	28	9
2025-10-26	0	5.2	30	9
2025-10-27	0	5.27	30	8
2025-10-28	0	5.3	30	7
2025-10-29	0	5.35	28	7
2025-10-30	0	5.32	29	6
2025-10-31	0	NULO	26	6
2025-11-01	0	5.21	28	5
2025-11-02	0	3.25	27	6
2025-11-03	0	2.17	27	7
2025-11-04	0	5.11	28	7
2025-11-05	0	5.18	26	9
2025-11-06	0	5.21	26	4
2025-11-07	0	5.25	28	2
2025-11-08	0	5.2	29	3
2025-11-09	0	5.27	29	4
2025-11-10	0.01	5.25	26	7
2025-11-11	0	NULO	27	4
2025-11-12	0	NULO	27	4
2025-11-13	0	5.14	26	5
2025-11-14	0	5.09	27	4
2025-11-15	0	5.25	28	3
2025-11-16	0	5.23	30	3
2025-11-17	0	5.31	30	4
2025-11-18	0	5.28	30	5
2025-11-19	0	5.25	30	5
2025-11-20	0	5.29	30	4
2025-11-21	0	5.31	30	5
2025-11-22	0	5.28	28	6
2025-11-23	0	5.3	29	6
2025-11-24	0	5.09	29	6
2025-11-25	0	5.2	27	6
2025-11-26	0	5.25	28	7
2025-11-27	0	5.17	26	8
2025-11-28	0.01	5.1	26	9
2025-11-29	0	2.83	26	8
2025-11-30	0	NULO	27	6
2025-12-01	0	5.24	27	7
2025-12-02	0	4.31	29	7
2025-12-03	0	5.23	29	7
2025-12-04	0.01	5.27	29	8
2025-12-05	0	5.21	28	8
2025-12-06	0	5.17	29	7
2025-12-07	0	5.2	28	7
2025-12-08	0.01	5.23	25	8
2025-12-09	0.01	3.96	27	7
2025-12-10	0	3.55	27	8
2025-12-11	0	5.23	27	8
2025-12-12	0	5.28	27	6
2025-12-13	0	5.25	26	7
2025-12-14	0	4.82	26	6
2025-12-15	0	5.09	26	7
2025-12-16	0	5.05	26	5
2025-12-17	0.01	5.08	25	6
2025-12-18	0	4.85	26	5
2025-12-19	0	5.04	26	5
2025-12-20	0	5.22	25	5
2025-12-21	0	5.27	27	2
2025-12-22	0.01	5.32	26	5
2025-12-23	0	5.1	26	6
2025-12-24	0	5.06	26	6
2025-12-25	0	5.2	26	7
2025-12-26	0	5.08	26	6
2025-12-27	0	5.11	28	5
2025-12-28	0	5.19	28	6
2025-12-29	0	5.26	28	6
2025-12-30	0	5.23	26	5
2025-12-31	0	NULO	26	5
2026-01-01	0	4.28	28	5
2026-01-02	0	5.16	28	5
2026-01-03	0	5.2	28	6
2026-01-04	0	5.22	28	6
2026-01-05	0	5.26	29	4
2026-01-06	0	5.24	27	5
2026-01-07	0	5.29	28	2
2026-01-08	0	5.31	29	2
2026-01-09	0	5.25	29	5
2026-01-10	0	3.11	26	6
2026-01-11	0	3.11	26	3
2026-01-12	0	5.1	25	4
2026-01-13	0	5.2	28	4
2026-01-14	0	5.09	21	4
2026-01-15	0	5.18	25	5
2026-01-16	0	5.14	26	4
2026-01-17	0	5.09	27	4
2026-01-18	8	5.04	28	4
2026-01-19	0	4.28	24	5
2026-01-20	3	4.36	26	6
2026-01-21	0.01	4.54	25	5
2026-01-22	0	4.28	26	3
2026-01-23	0	5.11	26	5
2026-01-24	0	4.23	28	4
2026-01-25	0	5.16	29	4
2026-01-26	0	5.21	28	5
2026-01-27	0	5.24	28	4
2026-01-28	0	5.3	28	5
2026-01-29	0	5.27	30	4
2026-01-30	0	5.35	27	5
2026-01-31	0	NULO	22	4
2026-02-01	0	3.09	23	3
2026-02-02	0	2.21	26	3
2026-02-03	0	4.92	28	4
2026-02-04	0	5.1	25	5
2026-02-05	0	5.21	26	4
2026-02-06	0	5.24	28	5
2026-02-07	0	5.26	29	5
2026-02-08	0	5.3	30	3
2026-02-09	0	5.28	30	3
2026-02-10	0	5.3	30	3
2026-02-11	0	5.34	30	5
2026-02-12	0	5.31	30	6
2026-02-13	0	5.36	30	5
2026-02-14	0	5.34	30	6
2026-02-15	0	5.38	29	6
2026-02-16	0	5.32	30	5
2026-02-17	0	5.34	30	5
2026-02-18	0	5.37	30	6
2026-02-19	0	5.36	32	5
2026-02-20	0	5.39	34	6
2026-02-21	0	5.42	30	6.5
2026-02-22	0	5.38	15	5
2026-02-23	0	0.77	21	-1
2026-02-24	0	5.07	28	-1
2026-02-25	0	5.06	30	3
2026-02-26	0	5.19	30	4
2026-02-27	0	5.25	30	5
2026-02-28	0	NULO	31	5
2026-03-01	0	5.45	30	6
2026-03-02	0	5.38	30	4
2026-03-03	0	5.4	30	3
2026-03-04	0	5.37	30	5
2026-03-05	0.01	5.34	30	5
2026-03-06	0	5.22	28	5
2026-03-07	0	5.2	30	6
2026-03-08	3	5.27	30	6
2026-03-09	13	5.22	29	8
2026-03-10	0	5.2	30	8
2026-03-11	0	5.25	30	8
2026-03-12	0	5.27	28	9
2026-03-13	0	5.21	30	7
2026-03-14	0	5.25	30	7
2026-03-15	0	5.23	30	6
2026-03-16	5	5.28	28	8
2026-03-17	0.01	5.25	23	6
2026-03-18	0	4.87	29	5
2026-03-19	0	5.23	29	5
2026-03-20	0	5.26	29	4
2026-03-21	0	5.22	26	4
2026-03-22	0	5.2	29	3
2026-03-23	0.01	5.23	28	6
2026-03-24	0	5.1	29	5
2026-03-25	0	5.21	29	6
2026-03-26	0	5.3	30	7
2026-03-27	0	5.34	30	6
2026-03-28	0	5.36	30	5
2026-03-29	0.01	5.33	27	6
2026-03-30	6	5.16	28	6
2026-03-31	0.01	NULO	26	5
2026-04-01	0	4.88	29	6
2026-04-02	0	5.22	30	7
2026-04-03	0	5.17	31	7
2026-04-04	0	5.34	30	10
2026-04-05	0	5.31	30	9
2026-04-06	0	5.28	29	9
2026-04-07	0	5.3	30	8
2026-04-08	0.01	5.16	30	9
2026-04-09	2	4.51	30	10
2026-04-10	0	4.76	29	9
2026-04-11	0.01	5.16	29	9
2026-04-12	16	5.19	28	10
2026-04-13	0	4.58	30	9
2026-04-14	0	5.24	30	9
2026-04-15	0	5.32	30	9
2026-04-16	0	5.28	32	10
2026-04-17	0	5.35	32	10
2026-04-18	0	5.38	33	11
2026-04-19	0	5.4	28	11
2026-04-20	0	5.25	30	11
2026-04-21	0.01	5.17	30	10
2026-04-22	3	5.22	28	10
2026-04-23	0	4.25	30	11
2026-04-24	0	5.25	30	11
2026-04-25	0	5.29	31	10
2026-04-26	0	5.38	32	11
2026-04-27	0.01	5.68	32	11
2026-04-28	0	5.42	32	11
2026-04-29	0	5.52	33	10
2026-04-30	0	NULO	32	12
2026-05-01	0	5.66	31	11
2026-05-02	0	5.69	31	11
2026-05-03	6	5.48	30	11
2026-05-04	0	5.3	31	11
2026-05-05	0	5.39	33	12
2026-05-06	0.01	5.37	33	13
2026-05-07	0	5.4	33	12
2026-05-08	19	5.46	29	12
2026-05-09	0	5.22	30	11
2026-05-10	6	5.2	29	11
2026-05-11	5	5.08	27	10
2026-05-12	0.01	4.23	27	11
2026-05-13	0	3.15	30	11
2026-05-14	0	5.29	30	11
2026-05-15	0	5.38	32	12
2026-05-16	0.01	5.53	31	12
2026-05-17	0	5.47	31	11
2026-05-18	0.01	5.43	33	11
2026-05-19	6	5.45	31	12
2026-05-20	5	5.58	30	11
2026-05-21	10	5.29	30	11
2026-05-22	7	5.22	27	11
2026-05-23	0	3.84	28	10
2026-05-24	7	4.32	27	11
2026-05-25	0.01	3.84	28	10
2026-05-26	0	4.76	29	10
2026-05-27	5	5.16	29	11
2026-05-28	0	4.82	30	12
2026-05-29	0	5.18	30	11
2026-05-30	0	5.27	31	10
2026-05-31	0	NULO	31	10
2026-06-01	0	5.36	32	10
2026-06-02	0	5.39	32	11
2026-06-03	0	5.47	32	12
2026-06-04	5	5.38	30	12
2026-06-05	6	5.16	26	11
2026-06-06	40	3.94	27	12
2026-06-07	28	2.92	25	12
2026-06-08	14	3	24	12
2026-06-09	1	2.96	24	11
2026-06-10	2	2.92	25	11
2026-06-11	0	3.07	29	11
2026-06-12	0	4.56	25	12
2026-06-13	0	5.16	28	11
2026-06-14	0	4.83	30	11
2026-06-15	0	5.25	29	12
2026-06-16	0	5.28	28	12
2026-06-17	0	5.23	28	11
2026-06-18	20	5.16	29	12
2026-06-19	25	5.2	29	11
2026-06-20	3	5.22	29	11
2026-06-21	5	5.16	30	11
2026-06-22	0	5.24	29	12
2026-06-23	0.01	5.18	28	12
2026-06-24	4	5.26	25	11
2026-06-25	0	5.2	29	10
2026-06-26	0.01	5.24	29	11
2026-06-27	18	5.28	28	12
2026-06-28	0	5.25	28	10
2026-06-29	0	5.27	28	10
2026-06-30	22	NULO	26	11
2026-07-01	0.01	4.2	26	10
2026-07-02	0.01	3.09	26	10
2026-07-03	8	4.43	26	11
2026-07-04	0	3.31	28	11
2026-07-05	9	5.1	28	12
2026-07-06	0.01	5.07	27	12
2026-07-07	0	5.16	28	11
2026-07-08	16	5.2	28	12
2026-07-09	8	5.22	28	11
2026-07-10	0.01	5.09	29	11
2026-07-11	0	5.16	28	11
2026-07-12	0	5.21	27	11
2026-07-13	4	5.23	27	12
2026-07-14	0	5.27	28	11
2026-07-15	0	5.2	29	11
2026-07-16	0	5.26	27	12
2026-07-17	0	5.29	28	11
2026-07-18	0	4.78	27	11
2026-07-19	0	4.81	26	11
2026-07-20	0.01	5.22	29	11
2026-07-21	0	5.26	30	11
2026-07-22	0	5.29	30	12
2026-07-23	0	5.32	30	11
2026-07-24	0	5.33	30	12
2026-07-25	0	5.39	30	12
2026-07-26	0	5.37	30	11
2026-07-27	5	5.43	30	11
2026-07-28	0.01	5.75	29	10
2026-07-29	0	5.25	30	11
2026-07-30	0	5.32	29	11
2026-07-31	6	NULO	29	11
2026-08-01	4	5.21	29	10
2026-08-02	0	5.28	29	10
2026-08-03	0	5.3	29	11
2026-08-04	0	5.24	29	10
2026-08-05	0	5.26	30	11
2026-08-06	5	5.28	28	12
2026-08-07	4	5.15	29	10
2026-08-08	0	5.28	29	10
2026-08-09	8	5.22	29	11
2026-08-10	6	5.18	28	10
2026-08-11	2	5.2	28	10
2026-08-12	0	5.25	29	10
2026-08-13	0	5.28	28	11
2026-08-14	28	5.26	27	10
2026-08-15	0.01	5.2	27	9
2026-08-16	0	5.27	28	11
2026-08-17	0	5.26	28	11
2026-08-18	8	5.28	29	10
2026-08-19	0.01	5.29	28	10
2026-08-20	6	5.43	27	10
2026-08-21	0.01	5.27	27	9
2026-08-22	0.01	5.25	28	9
2026-08-23	8	5.29	25	11
2026-08-24	6	5.18	25	9
2026-08-25	0.01	4.73	25	12
2026-08-26	0	2	26	11
2026-08-27	0	5.18	29	11
2026-08-28	0	5.22	27	11
2026-08-29	0.01	5.2	26	10
2026-08-30	0.01	5.18	28	10
2026-08-31	13	NULO	28	10
