COMISIÓN NACIONAL DEL AGUA
COORDINACIÓN GENERAL DEL SERVICIO METEOROLÓGICO NACIONAL
BASE DE DATOS CLIMATOLÓGICA NACIONAL 

REGISTRO DIARIO HISTÓRICO
EMISIÓN   : 11/09/2026 

DATOS DISPONIBLES EN LA BASE DE DATOS A: SEPTEMBER DE 2026; 
CON LA INFORMACIÓN SUMINISTRADA POR LAS UNIDADES ADMINISTRATIVAS 

 ESTACIÓN   : 13160 
 NOMBRE     : TORNACUXTLA 
 ESTADO     : HIDALGO 
 MUNICIPIO  : SAN AGUSTÍN TLAXIACA 
 SITUACIÓN  : OPERANDO 
 U. ADMNVA. : DIRECCIÓN LOCAL HIDALGO 
 CVE-OMM    :   
 LATITUD    : 20.15305556 ° 
 LONGITUD   : -98.87 ° 
 ALTITUD    : 2397 msnm 




FECHA		PRECIP	EVAP	TMAX	TMIN
		(mm)	(mm)	(°C )	(°C)
1996-10-12	0	NULO	23	7
1996-10-13	0	NULO	25	7
1996-10-14	0	NULO	27	8.5
1996-10-15	0	NULO	28	8
1996-10-16	0	NULO	30	8
1996-10-17	0	NULO	30	8
1996-10-18	0	NULO	30	8.5
1996-10-19	0	NULO	30	8.5
1996-10-20	0	5.79	29	8.5
1996-10-21	0	3.78	29	10
1996-10-22	0	4.21	21	10
1996-10-23	7	3.75	21	10
1996-10-24	0	3.82	21	10
1996-10-25	0.01	3.3	22	10
1996-10-26	0	3.78	27	10
1996-10-27	0	4.48	27	10
1996-10-28	0	3.78	27	9
1996-10-29	0	4.38	26.6	8.5
1996-10-30	0	4.84	26	8.5
1996-10-31	0	3.72	27	8
1996-11-01	0	4.43	28	9
1996-11-02	0.01	2.18	26	11
1996-11-03	0.01	0.84	20	10
1996-11-04	0	4.07	25	7
1996-11-05	0	2.87	20	6
1996-11-06	0	4.32	24.5	8.5
1996-11-07	0	5.11	29	11
1996-11-08	0	2.98	19.5	8
1996-11-09	0	3.96	21	4
1996-11-10	0	2.71	19.5	1
1996-11-11	0	2.99	21	2
1996-11-12	0	3.26	19	4
1996-11-13	0	1.7	18	6
1996-11-14	0	3.91	19	5
1996-11-15	0	3.84	25	6
1996-11-16	0	4.15	27	7
1996-11-17	0	4.56	26	7
1996-11-18	0	4.97	27.5	5.5
1996-11-19	0	4.84	27	4
1996-11-20	0	5.22	28.5	6
1996-11-21	0	7.11	28	8
1996-11-22	0	5.87	27.5	7
1996-11-23	0	4.53	26	5.5
1996-11-24	0	5.43	27	7
1996-11-25	0	3.12	26	8
1996-11-26	0	1.09	26	7
1996-11-27	0.01	2.88	17	5
1996-11-28	0	1.93	24	4
1996-11-29	0.2	3.98	25.5	7
1996-11-30	0	4.7	27	8
1996-12-01	2	2.8	27	10
1996-12-02	0	3.83	27	9
1996-12-03	0	3.52	27	8.5
1996-12-04	0	3.33	23.5	7
1996-12-05	0	4.05	28	8
1996-12-06	0	4.3	26	9
1996-12-07	0	5.92	26	9
1996-12-08	0.01	3.32	22	6.5
1996-12-09	0	3.48	24	4
1996-12-10	0	5.25	25.5	6
1996-12-11	0	5.5	26	6
1996-12-12	0	6.05	26	5
1996-12-13	0	6.6	27	4
1996-12-14	0	3.71	24	4
1996-12-15	0	3.42	25	6
1996-12-16	0	4.91	21	6
1996-12-17	0	3.77	25	7
1996-12-18	3	3.63	20	9
1996-12-19	2.8	0.46	12	8
1996-12-20	0	2.39	16.5	5
1996-12-21	0	3.4	20	4
1996-12-22	0	3.79	24	5
1996-12-23	0	3.92	24	6
1996-12-24	0	3	24	6
1996-12-25	0.01	2.68	21	4
1996-12-26	0	2.86	21	6
1996-12-27	0	3.61	23	6
1996-12-28	0	3.08	23	3
1996-12-29	0	3.46	21	7
1996-12-30	0.01	3.06	24	6
1996-12-31	0	3.78	22	6
1997-01-01	0	3.85	25	5
1997-01-02	0	4.4	23	6
1997-01-03	0	4.25	24	6
1997-01-04	0	5.2	22	6
1997-01-05	0	5.69	21	6
1997-01-06	0	6.64	26	7
1997-01-07	0	6.4	24	7
1997-01-08	0	4.33	27	8
1997-01-09	0	5	20	7
1997-01-10	0	9.21	22	7
1997-01-11	0	5.1	23	4
1997-01-12	0	6.79	23	4
1997-01-13	0	6.23	23	3
1997-01-14	0	4.08	16	4
1997-01-15	0	5.27	25	5
1997-01-16	0	3.41	22	5.5
1997-01-17	0	3.04	23	2.5
1997-01-18	0	3.03	23	3
1997-01-19	0.3	1.65	23	2.5
1997-01-20	0	4.15	23	4.5
1997-01-21	0	5.6	24	6
1997-01-22	0	5.1	25	7
1997-01-23	0	3.81	27	7
1997-01-24	0	5.35	25.5	7
1997-01-25	0	5.17	25	6
1997-01-26	0	6.53	26	5
1997-01-27	0	5.48	26.5	6.5
1997-01-28	0	3.51	22.5	6.5
1997-01-29	4	2.7	21	3.5
1997-01-30	0.9	3.62	21	4
1997-01-31	0	3.26	23	5
1997-02-01	0	4.13	23	5
1997-02-02	0	6.29	25	7
1997-02-03	0	5.27	26	6
1997-02-04	0	2.39	26	7
1997-02-05	0.01	2.57	21	8
1997-02-06	0	4.41	26	6
1997-02-07	0	5.11	27	7
1997-02-08	0	6.22	26	9.5
1997-02-09	0	4.73	28	8.5
1997-02-10	0	4.72	28	8.5
1997-02-11	0	5.79	26	7
1997-02-12	0	7.13	28.5	7
1997-02-13	0	7.13	28.5	8.5
1997-02-14	0	4.98	28.3	8
1997-02-15	0.01	3.22	20.5	6.5
1997-02-16	0	3.86	20	3
1997-02-17	0	6.02	25	4
1997-02-18	0	6.12	27	5
1997-02-19	0	5.85	27	6
1997-02-20	0	6.17	30	7
1997-02-21	0	5.96	30	7.5
1997-02-22	0	6.89	30	7
1997-02-23	0	6.74	29.5	7
1997-02-24	0	8.22	30	9
1997-02-25	0	7.33	31	10
1997-02-26	0	7.37	29.5	11
1997-02-27	0	8.14	29.5	10
1997-02-28	0	9.78	31	8.5
1997-03-01	0	10.17	32	7.5
1997-03-02	0	8.44	33	9
1997-03-03	0	9.61	33	10.5
1997-03-04	0	9.98	33.5	11
1997-03-05	0	7.98	33	11
1997-03-06	0	1.7	20	9.5
1997-03-07	0	7.59	28	6
1997-03-08	0	5.56	27	7.5
1997-03-09	0	4.34	28	7
1997-03-10	0	5.63	27.5	7.5
1997-03-11	0.01	3.1	26	8.5
1997-03-12	0	4.61	26.5	10
1997-03-13	0	6.1	29.5	9.5
1997-03-14	0	7.31	29	10
1997-03-15	0	4.81	29	11
1997-03-16	0.01	5.92	31	10
1997-03-17	0.01	4.51	26	11
1997-03-18	0.4	4.87	29	10
1997-03-19	2.6	1.9	19	9
1997-03-20	0	3.99	24	6
1997-03-21	8.7	3.91	24	5
1997-03-22	1.7	1.11	17	7
1997-03-23	0	3.44	26	5
1997-03-24	0	6.98	30	7
1997-03-25	0	6.59	30	9
1997-03-26	0.9	4.15	28.5	10
1997-03-27	5.4	7.79	28	9
1997-03-28	6.7	9.49	23	10
1997-03-29	0	6.26	29	8
1997-03-30	16.2	8.46	31.5	8
1997-03-31	1.2	4.75	24	10
1997-04-01	0.01	5.02	31	10
1997-04-02	5.2	9.18	30.5	11
1997-04-03	0.7	4.59	26	10
1997-04-04	0.01	6.19	24	11.5
1997-04-05	0	5.58	23	10.5
1997-04-06	2.9	6.04	31	9
1997-04-07	8.2	4.49	24.5	11
1997-04-08	0	5.17	23.5	7.5
1997-04-09	6.6	3.75	23	8
1997-04-10	13	2.78	18	5.5
1997-04-11	0.01	5.47	23	5
1997-04-12	0	3.59	25	6
1997-04-13	0.01	4.27	21.5	7
1997-04-14	0	3.89	21	6
1997-04-15	1.1	2.34	23	5.5
1997-04-16	1.3	5.81	24	6
1997-04-17	5.8	2.03	23	6
1997-04-18	4.8	4.27	28	8
1997-04-19	0	5.25	23	8
1997-04-20	0.9	3.61	22	8.5
1997-04-21	0	5.1	24	7
1997-04-22	0	8.62	27	6
1997-04-23	0	7.72	27.5	6
1997-04-24	0	9.32	29	8
1997-04-25	0	9.5	29.5	8
1997-04-26	0	8.81	29.5	6.5
1997-04-27	0	5.54	25	6
1997-04-28	0	6.84	26	1.5
1997-04-29	0	8.83	29.5	6
1997-04-30	0	9.29	30	8
1997-05-01	0	8.46	30	8
1997-05-02	0	8.53	30	9.5
1997-05-03	0.01	9.48	24	9
1997-05-04	0	3.38	21	6
1997-05-05	0	7.56	25	7
1997-05-06	0	8.65	27	5
1997-05-07	0	7	27	5
1997-05-08	16.9	4.94	27	6
1997-05-09	6.8	5.71	25	6
1997-05-10	0.8	3.04	22.5	7
1997-05-11	0	5.6	22.5	5
1997-05-12	0	4.38	23.5	5
1997-05-13	0	5.72	25	6
1997-05-14	2.9	2.15	21	7
1997-05-15	14.6	5.16	25	7
1997-05-16	0	5.65	23	6.5
1997-05-17	9.9	6.16	24.5	7
1997-05-18	0	6.57	25	6
1997-05-19	0.01	5.8	26	7
1997-05-20	6.4	5.4	25	7
1997-05-21	0	4.4	24	7
1997-05-22	5.4	3.16	23	7
1997-05-23	17.6	7.27	23.5	7
1997-05-24	0	5.5	24	6.5
1997-05-25	0.01	6.54	27	8
1997-05-26	0.01	5.22	30	9
1997-05-27	0	6.59	27	7
1997-05-28	0	5.69	24	8
1997-05-29	0	6.95	24	5.5
1997-05-30	0	6.73	25	5.5
1997-05-31	0	7.29	26	6
1997-06-01	0	7.18	26	4.5
1997-06-02	0	6.76	27.5	6.5
1997-06-03	0	7.69	27	8.5
1997-06-04	0	8.52	26	6
1997-06-05	0	7.5	27	6
1997-06-06	2.3	5.97	29	6.5
1997-06-07	0.01	5.94	28	8
1997-06-08	4.8	4.1	29	9.5
1997-06-09	0	7.9	27	7
1997-06-10	0	7.2	26	7.5
1997-06-11	0	8.3	28.5	8
1997-06-12	0	6.43	28.5	8
1997-06-13	0	10.59	31	8.5
1997-06-14	0	10.33	31	7
1997-06-15	0	7.01	29.5	7
1997-06-16	0	5.3	29	8.5
1997-06-17	0	8.8	29	10
1997-06-18	0	4.2	27	11
1997-06-19	0	9.97	26.5	8.5
1997-06-20	0	8.2	28	6.5
1997-06-21	12.5	6.54	26	7.5
1997-06-22	15.2	5.1	26	10
1997-06-23	18.5	4.82	21	10
1997-06-24	5	2.84	20	8
1997-06-25	0.4	3.59	20.5	8
1997-06-26	0	4.24	22.5	9
1997-06-27	0	5.82	23	9
1997-06-28	0	5.4	25	9
1997-06-29	0	6.1	25	7
1997-06-30	0	4.36	24	7.5
1997-07-01	0.9	1.67	22	7.5
1997-07-02	0	5.51	22.5	10
1997-07-03	0	4.89	23	9
1997-07-04	0	7.47	24	8.5
1997-07-05	0	8.46	24	8
1997-07-06	0	5.78	25	7
1997-07-07	0	6.56	23	7
1997-07-08	0	5.99	24	8
1997-07-09	0.01	3.99	25	7
1997-07-10	0	5.61	26	6
1997-07-11	0	7.56	25.5	5.5
1997-07-12	0	7.85	25	6
1997-07-13	0	4.56	23	6.5
1997-07-14	0	6.71	26	7
1997-07-15	0	7.4	24	7
1997-07-16	0	4.86	25.5	9
1997-07-17	7.4	3.42	24	9
1997-07-18	8.4	3.17	24	8.5
1997-07-19	5	3.9	24.5	10
1997-07-20	1.2	4.33	25.5	9
1997-07-21	0	3.01	22	7
1997-07-22	0	8.1	25.5	7.5
1997-07-23	0	6.01	24	6
1997-07-24	0.01	6.26	24	6.5
1997-07-25	0	5.82	25	6
1997-07-26	0	5.17	26	6
1997-07-27	0	7.07	26	7
1997-07-28	0	6.49	25	7.5
1997-07-29	8.5	4.95	25	8
1997-07-30	0	4.32	22	8
1997-07-31	0	7.41	24.5	6
1997-08-01	0	9.78	25	6
1997-08-02	0	7.96	26	6.5
1997-08-03	0	6.24	24	5
1997-08-04	0	2.81	20.5	6
1997-08-05	2.7	3.33	22.5	7
1997-08-06	0	6.21	26	6.5
1997-08-07	0	7.87	28	6.5
1997-08-08	0	6.55	27	8
1997-08-09	0	6.4	27	7
1997-08-10	0	6.38	27	7
1997-08-11	0	6.1	27.5	7
1997-08-12	0	9.66	25	7.5
1997-08-13	0	5.97	24	6
1997-08-14	5.3	2.59	24	7
1997-08-15	0	5.7	25	9
1997-08-16	0.01	6.1	26	8
1997-08-17	2.3	2.39	23	9
1997-08-18	0	6.68	24.5	7
1997-08-19	0.9	3.8	24	6
1997-08-20	0	4.2	25	5
1997-08-21	0	7.61	25	5.5
1997-08-22	0	8.56	26	6
1997-08-23	0	7.75	27	2.5
1997-08-24	0	6.12	25	3
1997-08-25	0	5.63	23	5.5
1997-08-26	0	6.51	24	5.5
1997-08-27	0	5.16	24.5	8
1997-08-28	3	3.51	23	9
1997-08-29	0	5.5	25	6
1997-08-30	0	7.92	26	6
1997-08-31	0	6.37	24	4
1997-09-01	0	6.99	24	5
1997-09-02	0.5	5.96	24	5.5
1997-09-03	1.5	1.22	19.5	6
1997-09-04	1.1	2.04	19	7.5
1997-09-05	0.01	2.81	21	7
1997-09-06	0	4.48	24	9
1997-09-07	0	1.7	23	7
1997-09-08	0	5.45	24	6
1997-09-09	0	7.1	25	8
1997-09-10	0	6.1	24	4
1997-09-11	0	5.75	24	6
1997-09-12	0	6.25	24	6
1997-09-13	0	7	24	6
1997-09-14	0	5.7	25	6
1997-09-15	0	6.75	25	6
1997-09-16	0	6.8	25	6
1997-09-17	0	7.5	26	6
1997-09-18	0	8.15	25	7
1997-09-19	0	4.83	25	6
1997-09-20	2.5	2.5	21	6
1997-09-21	0.6	2.67	20	9
1997-09-22	0	2.75	24	9
1997-09-23	0	3.4	25	9
1997-09-24	14	6.3	28	8
1997-09-25	2.4	4.4	16	7
1997-09-26	0	3.95	21	7
1997-09-27	0	6.5	21	7
1997-09-28	0	6.5	22	7
1997-09-29	0	4.05	25	6
1997-09-30	0.8	5.85	25	6
1997-10-01	0	5.4	25	10
1997-10-02	0	3.33	22	7
1997-10-03	0	4.72	24	6.5
1997-10-04	0	5.59	25.5	5.5
1997-10-05	0.4	5.2	26	6
1997-10-06	0	4.53	24	7
1997-10-07	0	4.41	24	10
1997-10-08	0.01	3.28	24	8
1997-10-09	3.9	1.52	24	8
1997-10-10	24.5	3.24	22	10
1997-10-11	1.3	4.59	24	10
1997-10-12	42.2	5.85	26	9.5
1997-10-13	4.5	1.25	16	10
1997-10-14	0	2.4	11	6
1997-10-15	0	1.01	13	2
1997-10-16	0	3.22	13	0
1997-10-17	0	4.3	13	1
1997-10-18	0	4.5	15	0
1997-10-19	0	5.23	23	3
1997-10-20	0	6.33	25	2
1997-10-21	0	7.54	25	2
1997-10-22	0	4.99	25	2.5
1997-10-23	0	6.04	26.5	2.5
1997-10-24	0	7.07	29	5
1997-10-25	0	6.84	29	6
1997-10-26	0	4.92	27	6
1997-10-27	0	6.04	26	6
1997-10-28	0	5.41	30	7
1997-10-29	2.6	4.71	28	8
1997-10-30	0.01	5.05	28	7
1997-10-31	0	5.08	29	9
1997-11-01	0	6.56	28	8
1997-11-02	0	2.5	21	7
1997-11-03	0	3.63	21	8
1997-11-04	0	4.54	25	5
1997-11-05	0	6.61	25	5
1997-11-06	0	6.3	23.5	1
1997-11-07	0	4.2	25	2
1997-11-08	0.01	2.47	16	4.5
1997-11-09	0	1.53	18.5	8
1997-11-10	8.5	3.78	23.5	6
1997-11-11	0.01	2.51	17	8
1997-11-12	0	4.41	21	7
1997-11-13	0	5.83	22.5	4
1997-11-14	0	5.57	27	2.5
1997-11-15	0	4.76	25.5	5
1997-11-16	0	3.72	19	2.5
1997-11-17	0	3.19	18.5	4
1997-11-18	0.01	3.07	22	3
1997-11-19	0.01	2.57	18	2
1997-11-20	0	4.19	24	2
1997-11-21	0	4.68	23	5
1997-11-22	0	5.86	24	4
1997-11-23	0.01	1.78	18.5	3
1997-11-24	0	3.78	20.5	-0.5
1997-11-25	0.01	2.34	18.5	3
1997-11-26	0	6.01	23	1
1997-11-27	0	5.7	26	2.5
1997-11-28	0	6.08	23.5	3
1997-11-29	0	3.83	24.5	2.5
1997-11-30	0	5.38	24	1
1997-12-01	0	4.87	27	3
1997-12-02	0	5.68	27	3.5
1997-12-03	0	3.61	26	4
1997-12-04	0	4.5	24	3
1997-12-05	0	5.84	24	3
1997-12-06	0	2.51	22.5	3.5
1997-12-07	0	5.07	25	5.5
1997-12-08	0	5.34	26	3
1997-12-09	0	6.1	27.5	5.5
1997-12-10	0	7.29	26.5	5
1997-12-11	0	8.23	24	5
1997-12-12	0	6.49	18	5
1997-12-13	0	0.61	12	3
1997-12-14	0	3.95	6.5	-1
1997-12-15	0	4.54	18.5	-5
1997-12-16	0	5.58	21	-3
1997-12-17	2.4	1.49	17	1
1997-12-18	1.1	2.36	16	3
1997-12-19	0	4.92	21	2
1997-12-20	0	4.52	20.5	4
1997-12-21	0	5.73	25	5
1997-12-22	1	0.89	18	6
1997-12-23	0	3.59	16.5	7
1997-12-24	0	3.99	19	5
1997-12-25	0	7.1	25.5	3
1997-12-26	0	5.19	25	2
1997-12-27	0	4.17	25	4
1997-12-28	0	8.2	25	0
1997-12-29	0	5.11	21.5	-4
1997-12-30	0	5.48	20	-4
1997-12-31	0	3.72	15	-2.5
1998-01-01	0	3.86	17.5	-4.5
1998-01-02	0	3.08	21	-4
1998-01-03	0	6.27	23	0
1998-01-04	0	5.47	23	1
1998-01-05	0	4.93	24	3
1998-01-06	0	6.88	22	2.5
1998-01-07	0	7.07	20	0.5
1998-01-08	0	5.02	22	-3
1998-01-09	0	3.82	23	0
1998-01-10	0	6.6	25.5	2
1998-01-11	0	6.22	26	1.5
1998-01-12	0	8.04	25	2
1998-01-13	0	5.74	25.5	3
1998-01-14	0	8.7	23	2.5
1998-01-15	0	2.63	19	-1.5
1998-01-16	0	5.01	21	-1
1998-01-17	0	9.35	17	0
1998-01-18	10	4.3	11	4
1998-01-19	0.01	1.81	15	4.5
1998-01-20	0	7.28	21.5	1
1998-01-21	0	4.2	21	3
1998-01-22	0	6.8	24	3
1998-01-23	0	6.56	22	2.5
1998-01-24	0	3.65	18	2
1998-01-25	0	7.04	21.5	0
1998-01-26	0	3.88	21	1
1998-01-27	0	4.39	21.5	-1
1998-01-28	0	6.22	21.5	0
1998-01-29	0	2.31	22	2.5
1998-01-30	0	6.21	23	1
1998-01-31	0	6.91	23	-1
1998-02-01	0.4	7.18	21	0.5
1998-02-02	0.8	0.86	9.5	-0.5
1998-02-03	0	5.79	20	-4
1998-02-04	0	9.59	22	-1.5
1998-02-05	0	7.69	25	-1
1998-02-06	0	5.47	19	-4
1998-02-07	0	7.38	23.5	0
1998-02-08	0	2.4	25	-1
1998-02-09	0	3.91	25	2
1998-02-10	0	13.02	24.5	1.5
1998-02-11	0	6.42	23.5	2
1998-02-12	0	5.87	22	1
1998-02-13	0	5.8	23	2
1998-02-14	0	9.93	16.5	3
1998-02-15	0	9.47	23	0
1998-02-16	0	10.68	23	2
1998-02-17	0	8.85	26	1
1998-02-18	0	12.01	26	3
1998-02-19	0	6.61	26.5	-1
1998-02-20	0	6.1	25.5	0
1998-02-21	0	11.59	29	2
1998-02-22	0	NULO	21	1
1998-02-23	0	NULO	26	2.5
1998-02-24	0	NULO	27	3
1998-02-25	0	NULO	26	5
1998-02-26	0	NULO	26	5
1998-02-27	0	11.65	26.5	3
1998-02-28	0	5.81	25	4
1998-03-01	0	5.42	24	1
1998-03-02	0	8.38	24	2
1998-03-03	0	5.31	24	3
1998-03-04	0	8.84	25	4
1998-03-05	0	9.17	29	4
1998-03-06	0	9.65	29	2
1998-03-07	0	7.16	25	3
1998-03-08	0	7.97	26	0.5
1998-03-09	0	6.56	25	0
1998-03-10	0	4.14	15.5	-0.5
1998-03-11	0	4.23	20	-2.5
1998-03-12	0	5.35	17	0
1998-03-13	0	3.78	24	0.5
1998-03-14	0	8.09	26	3.5
1998-03-15	0	11.28	25	3.5
1998-03-16	0	11.2	23	6
1998-03-17	0	9.42	25.5	6
1998-03-18	0	11.26	26.5	6
1998-03-19	0	8.39	22	5
1998-03-20	0	7.84	27	3
1998-03-21	0	5.96	25	4
1998-03-22	0	7.41	20.5	2.5
1998-03-23	0	8.97	24	1.5
1998-03-24	0	9.83	23	3.5
1998-03-25	0	10.49	22	4
1998-03-26	0	12.47	28	5.5
1998-03-27	0	9.58	23	5.5
1998-03-28	0	10.28	29	6
1998-03-29	0	10.37	29	8
1998-03-30	0	10.15	29	9
1998-03-31	0	10.95	30	8
1998-04-01	0	9.7	31	7
1998-04-02	0	1	32	9
1998-04-03	0	10.94	32.5	8
1998-04-04	0	9.74	30.5	8
1998-04-05	0	11.8	31.5	8
1998-04-06	0	11.57	30	9.5
1998-04-07	0	13.05	29	9
1998-04-08	0	10.22	30	11
1998-04-09	0	9.78	25	8
1998-04-10	0	6.09	24	4
1998-04-11	0	6.97	26.5	2.5
1998-04-12	0	9.2	29.5	3
1998-04-13	0	11.96	31	7
1998-04-14	0	6.9	32	8
1998-04-15	0	9.9	31	9
1998-04-16	0	13.8	32	10
1998-04-17	0	10.82	31.5	10
1998-04-18	0	8.26	30	9
1998-04-19	0	5.81	24.5	7.5
1998-04-20	0	7.2	25	4
1998-04-21	0	7.01	26	5
1998-04-22	0.01	3.8	12	6
1998-04-23	0	6.54	21.5	4
1998-04-24	0	7.93	26.5	4
1998-04-25	0	9.42	28	6
1998-04-26	0	10.82	29	6
1998-04-27	0	5.53	29	8.5
1998-04-28	0	7	27	8
1998-04-29	0	7.9	25	6
1998-04-30	0	9.84	26	5
1998-05-01	0	8.95	28	5
1998-05-02	0	10.46	28	6
1998-05-03	0	12.87	29.5	8.5
1998-05-04	0	12.91	30	8
1998-05-05	0	12.27	31.5	9
1998-05-06	0	11.72	32	10
1998-05-07	0	13.19	32.5	11
1998-05-08	0	15.73	33.5	7.5
1998-05-09	0	10.68	33.5	11
1998-05-10	0	10.93	29.5	10
1998-05-11	0	10.7	29	10
1998-05-12	0	10.71	29	12
1998-05-13	0	10.58	31.5	10
1998-05-14	0	5.68	31	10
1998-05-15	0	9.76	30	9
1998-05-16	0	9.58	27	5.5
1998-05-17	0	12.02	25.5	2
1998-05-18	0	16.19	25	0.5
1998-05-19	0	7.37	25	2
1998-05-20	0	13.99	26.5	5
1998-05-21	0	11.85	27.5	6.5
1998-05-22	0	9.83	28.5	5
1998-05-23	0	9.67	29.5	6
1998-05-24	0	9.78	30	7.5
1998-05-25	0	10.03	31	8
1998-05-26	0	7.54	31	8.5
1998-05-27	0	8.36	29.5	9
1998-05-28	0	9.89	27	8
1998-05-29	0	10.77	29	6
1998-05-30	0	8.99	27.5	6
1998-05-31	0	7.19	27.5	4
1998-06-01	0	8.41	28	3
1998-06-02	0.01	8.83	29	6
1998-06-03	0	7.93	31	10
1998-06-04	0.01	8.46	30	9
1998-06-05	0.01	7.25	31.5	10
1998-06-06	3.2	8.2	26.5	8.5
1998-06-07	0	6.36	25	8
1998-06-08	0	8.9	27	8
1998-06-09	0	8.55	28	9
1998-06-10	0	6.25	25	11
1998-06-11	0	8.25	27	10
1998-06-12	0	7.6	29	7.5
1998-06-13	0	12.56	29	9
1998-06-14	0	12.94	30	9
1998-06-15	0	8.58	32	6.5
1998-06-16	0	10.72	30	9
1998-06-17	0	6.93	27	9
1998-06-18	0	10.34	28	10.5
1998-06-19	0	6.87	26	8
1998-06-20	0	8.91	28.5	9.5
1998-06-21	0	8.42	26	7
1998-06-22	0	8.95	23	7
1998-06-23	0	6.77	23	6.5
1998-06-24	0	7.57	25	7
1998-06-25	0	7.88	26	7.5
1998-06-26	0	7.53	27.5	6.5
1998-06-27	6.5	2.67	25	8
1998-06-28	50	7.55	25	10.5
1998-06-29	0.01	3.06	21	9
1998-06-30	0.3	3.61	22	9
1998-07-01	0	6.46	23	9
1998-07-02	0	7.75	24	8.5
1998-07-03	2.5	2.5	21	9
1998-07-04	0	3.28	22	10
1998-07-05	53.5	7.96	24	9
1998-07-06	0	9.9	24	6
1998-07-07	0	7.03	23	6
1998-07-08	0.01	7.27	23	6
1998-07-09	1.5	5.57	21	7
1998-07-10	21.7	2.53	21	9
1998-07-11	0.01	5.18	23	8.5
1998-07-12	1.1	4.28	25.5	8.5
1998-07-13	0	7.18	27	8.5
1998-07-14	3.3	5.91	26	8
1998-07-15	2.5	6.91	23	7
1998-07-16	0.01	3.98	22	8.5
1998-07-17	0	6.5	22	10
1998-07-18	0	7.76	23	7.5
1998-07-19	0	7.2	24	7
1998-07-20	0	8.8	24	7
1998-07-21	0	6.2	23	8
1998-07-22	0	2.65	23	8
1998-07-23	0	5.6	20.5	7
1998-07-24	0	7.55	22	8
1998-07-25	0.01	5.15	21	5.5
1998-07-26	3	6.5	22	6
1998-07-27	0	6.85	21	9
1998-07-28	0	6.15	22	7
1998-07-29	0	4.2	22	7
1998-07-30	0	8.5	23	6
1998-07-31	0	7.8	23	6
1998-08-01	0	4.6	20	7
1998-08-02	0	7.4	22.5	8
1998-08-03	0	6.5	23	6.5
1998-08-04	1.5	3	24	7
1998-08-05	4.5	2.7	23	7
1998-08-06	0.01	5.9	23	9
1998-08-07	0	3.8	22	7
1998-08-08	0	5.28	23	9
1998-08-09	0	9.38	22	7
1998-08-10	0	5.41	20	5
1998-08-11	0	8	23.5	6.5
1998-08-12	0	4.19	24.5	7
1998-08-13	2.8	2.19	23.5	8
1998-08-14	1.1	5.93	26	7
1998-08-15	42	8.8	24.5	8
1998-08-16	15	7.91	20	8
1998-08-17	1.2	2.95	21	9
1998-08-18	0	4.2	21	8
1998-08-19	0	4.08	22	8
1998-08-20	8.8	3.43	23	6
1998-08-21	0.01	3.39	20	8
1998-08-22	0	3.86	21	8
1998-08-23	0	5.2	22	9
1998-08-24	0	4.24	24	8
1998-08-25	0	6.34	25	6.5
1998-08-26	0	5.44	23.5	6.5
1998-08-27	0	5.87	22	7
1998-08-28	0.6	3.61	21.5	6.5
1998-08-29	0	5.7	21	7.5
1998-08-30	0.7	4.6	21.5	7.5
1998-08-31	0.6	2.63	20.5	8
1998-09-01	0.01	4.2	21	9
1998-09-02	0	4.45	23	8
1998-09-03	0	4.17	20	7
1998-09-04	5	0.57	17.5	7.5
1998-09-05	0	5.3	21.5	9
1998-09-06	5.5	2.66	20	10
1998-09-07	11.1	0.29	18	10
1998-09-08	2.7	1.57	17	10
1998-09-09	0.01	3.27	22	9
1998-09-10	0	4	22	7.5
1998-09-11	0	2.29	21.5	8.5
1998-09-12	91	6.52	22	10
1998-09-13	35.3	4.18	22	9
1998-09-14	1	3.22	21	9
1998-09-15	1.1	1.81	21	9
1998-09-16	5.3	1.02	20.5	9.5
1998-09-17	0.8	2.54	23	9.5
1998-09-18	0.01	2.08	21.5	10
1998-09-19	50	11.78	21.5	10.5
1998-09-20	6.4	3.57	22	9
1998-09-21	0.01	3.2	22	9
1998-09-22	30.7	7.39	23	9
1998-09-23	7.7	1.87	20.5	9
1998-09-24	0.01	3.75	21.5	10
1998-09-25	0	4.85	21.5	7
1998-09-26	0.01	3.95	24	8
1998-09-27	0.01	3.74	23	9
1998-09-28	0.5	4.1	21	10
1998-09-29	0.5	2.12	22	9.5
1998-09-30	0.5	2.51	19.5	9
1998-10-01	10.7	2.69	21.5	9.5
1998-10-02	9.9	4.54	23	7.5
1998-10-03	0.4	2.72	20	8.5
1998-10-04	0.01	2.51	22	9
1998-10-05	1.5	2.31	24	8
1998-10-06	4.6	4.27	24	8
1998-10-07	0	2.97	18	8
1998-10-08	0.01	0.21	13	6
1998-10-09	0.01	1.48	16	6
1998-10-10	0	2.2	18.5	7
1998-10-11	0.01	4.08	21	7
1998-10-12	0	3.16	18	7
1998-10-13	0	4.12	19	9
1998-10-14	0	2.18	18	8.5
1998-10-15	7.5	2.92	21	6
1998-10-16	4.5	2.63	22	5
1998-10-17	0	3.84	22.5	6
1998-10-18	0.01	3.04	22	8
1998-10-19	0	5.85	20	8
1998-10-20	0.01	2.53	19.5	6
1998-10-21	3.4	0.6	19.5	7
1998-10-22	17.2	0.1	10	6
1998-10-23	0.8	0.17	8	4
1998-10-24	0.4	0.15	11.5	3.5
1998-10-25	0.01	0.82	15	4
1998-10-26	2.2	1.49	17	7
1998-10-27	0.01	2.59	18	7.5
1998-10-28	0	3.47	21	5
1998-10-29	0	4.55	23	2
1998-10-30	0.01	0.16	22.5	2
1998-10-31	0	2.91	24	6
1998-11-01	0.01	4.93	25	6
1998-11-02	0	3.75	23.5	2
1998-11-03	0	3.48	24	4
1998-11-04	0	3.27	24	6
1998-11-05	0	3.13	21	5
1998-11-06	0	4.38	22	4
1998-11-07	0.01	3.94	23.5	5
1998-11-08	0	2.16	23.5	6
1998-11-09	0	6.21	27.5	6
1998-11-10	0.01	3.5	25	6
1998-11-11	0	3.2	22	5
1998-11-12	0	4.02	23	5
1998-11-13	0	3.8	24	5
1998-11-14	0.01	2.81	23	5
1998-11-15	0	3.11	20	7
1998-11-16	0	5.22	22.5	6
1998-11-17	0	5.86	25	4
1998-11-18	0	5	23	3
1998-11-19	0	5.54	24	4
1998-11-20	0	4.88	23	3
1998-11-21	0.01	3.86	21	6
1998-11-22	0	3.73	20	4.5
1998-11-23	0.3	1.25	21	7
1998-11-24	0.01	1.15	17	8
1998-11-25	0	3.41	20.5	6
1998-11-26	0	3.74	18.5	3.5
1998-11-27	0.01	2.9	20	3.5
1998-11-28	0	3.28	22	0.5
1998-11-29	0	5.13	22.5	1.5
1998-11-30	0	4.04	22	2.5
1998-12-01	0.01	3.5	21	1
1998-12-02	0	3.15	22	-2
1998-12-03	0	5.01	21	2
1998-12-04	0	3.94	24	2
1998-12-05	0	4.01	24	4
1998-12-06	0	5.19	25	4
1998-12-07	0	3.32	24	4
1998-12-08	0	3.16	20	4
1998-12-09	0	4.42	23	3
1998-12-10	0	4.31	25	3.5
1998-12-11	0	3.15	23	3
1998-12-12	0	3.4	22.5	3
1998-12-13	0	2.13	20	2.5
1998-12-14	0.01	1.69	17.5	1
1998-12-15	0	2.9	20	-1.5
1998-12-16	0	4.9	20	-1.5
1998-12-17	0	4.53	15.5	-2
1998-12-18	0	4.31	19	-0.5
1998-12-19	0	3.14	21	-2
1998-12-20	0	7.28	24	2
1998-12-21	0	5.62	24	2
1998-12-22	0	2.71	18.5	2
1998-12-23	0	5.35	23.5	3
1998-12-24	0	3.3	23	1
1998-12-25	0	4.66	23	4
1998-12-26	0	3.78	23	4
1998-12-27	0	5.07	21.5	3
1998-12-28	0	4.17	23.5	3.5
1998-12-29	0	6.15	23	1.5
1998-12-30	0	5.21	22.5	-1.5
1998-12-31	0	6.53	23	2
1999-01-01	0	2.86	23	3
1999-01-02	0	4.13	22.5	2
1999-01-03	0	4.45	22	2
1999-01-04	0	2.19	18	-1
1999-01-05	0	0.71	17	-4.5
1999-01-06	0	5.17	22.5	-1.5
1999-01-07	0	6.33	23	0.5
1999-01-08	0	4.46	24	1.5
1999-01-09	0.01	4.14	23	1
1999-01-10	0	2.48	19	1
1999-01-11	0	5.26	21.5	-3
1999-01-12	0	5.29	23.5	-2
1999-01-13	0	5.05	23	1
1999-01-14	0	4.59	18	1.5
1999-01-15	0	3.36	23.5	1
1999-01-16	0	4.87	22	2.5
1999-01-17	0	6.03	20.5	-0.5
1999-01-18	0	6.23	20	-2
1999-01-19	0	4.62	22.5	-1
1999-01-20	0	5.4	24	-0.5
1999-01-21	0	7.01	22.5	1
1999-01-22	0	5.85	24	2.5
1999-01-23	0	6.91	20	-1
1999-01-24	0	5.28	18.5	-2
1999-01-25	0	5.72	21	-3
1999-01-26	0	5.95	22	-2
1999-01-27	0	7.33	23.5	1
1999-01-28	0	6.21	24	3.5
1999-01-29	0	6.3	24	4
1999-01-30	0	3.74	22	4
1999-01-31	0	6.73	21.5	4
1999-02-01	0	6.38	25.5	3
1999-02-02	0	7.39	25	2.5
1999-02-03	0	7.56	31	3
1999-02-04	0	4.95	24	2
1999-02-05	0	4.52	21.5	0
1999-02-06	0	6.46	23	0.5
1999-02-07	0	8.42	24.5	2
1999-02-08	0	9.95	25	3.5
1999-02-09	0	9.43	25.5	4
1999-02-10	1.5	8.93	25	5.5
1999-02-11	0	3.5	26	4
1999-02-12	0.01	2.77	17	1.5
1999-02-13	0	2	13.5	-2.5
1999-02-14	0	6.31	12	-6.5
1999-02-15	0	7.08	22	-4.5
1999-02-16	0	5.94	23	-1
1999-02-17	0	5.77	23.5	3
1999-02-18	0	7.39	24	3
1999-02-19	0	6.32	24.5	2.5
1999-02-20	0	8.79	25	2.5
1999-02-21	0	1.27	14	5.5
1999-02-22	0	8.7	23	2
1999-02-23	0	5.92	24	6
1999-02-24	0	5.22	21	6
1999-02-25	0	8.62	24	4
1999-02-26	0	6.04	25	6
1999-02-27	0	7.4	24	6
1999-02-28	0	6.79	19.5	7
1999-03-01	0	5.86	23	4
1999-03-02	0	9.53	24	5
1999-03-03	0	6.67	20	5
1999-03-04	0	7.54	24	3.5
1999-03-05	0	10.31	25	6
1999-03-06	0	7.92	25.5	6
1999-03-07	0	7.21	25	5
1999-03-08	0	6.28	27	5
1999-03-09	0	10.8	25.5	5
1999-03-10	0	9.69	27.5	6
1999-03-11	0	9.55	22	7
1999-03-12	0	8.85	25.5	6
1999-03-13	0	6.91	26	5
1999-03-14	0	8.23	20	2
1999-03-15	0	6.62	22.5	-2
1999-03-16	0	7.96	22.5	2
1999-03-17	0	7.43	25	5.5
1999-03-18	0.01	4.88	24.5	5.5
1999-03-19	1.2	4.87	25.5	7.5
1999-03-20	0	4.75	22.5	4
1999-03-21	0	6.46	23	4
1999-03-22	0	7.21	24	5
1999-03-23	0	9.2	25	6
1999-03-24	0	9.14	27	7
1999-03-25	0	7.27	27	6
1999-03-26	0.5	4.56	22.5	6.5
1999-03-27	0	7.31	22	3.5
1999-03-28	0	9.36	22	6
1999-03-29	0	6.45	23	3
1999-03-30	0	7.79	25	2.5
1999-03-31	0	8.89	27	5
1999-04-01	0.01	7.1	28	7.5
1999-04-02	0	10.16	27.5	7
1999-04-03	0	9.47	27	6.5
1999-04-04	0	7.42	26	7
1999-04-05	0	2.8	30	5.5
1999-04-06	0	10.94	27	6
1999-04-07	0	13.09	29	4.5
1999-04-08	0	12	29	5
1999-04-09	0	10.92	30.5	5
1999-04-10	0	12.76	31	7
1999-04-11	0	13.4	29	10
1999-04-12	0	7.22	25	5.5
1999-04-13	16	12.29	25	6
1999-04-14	0.3	6.5	25	5
1999-04-15	0.01	4.88	22.5	7.5
1999-04-16	4.8	3.68	20.5	6
1999-04-17	0.7	2.85	17	4.5
1999-04-18	0	4.15	17	3
1999-04-19	0	7.45	22	2.5
1999-04-20	0	9.74	25	3
1999-04-21	0	9.63	26.5	5
1999-04-22	0	10.2	27	7
1999-04-23	0	11.27	28	10
1999-04-24	0	10.05	29	7
1999-04-25	9.4	9.28	28.5	8
1999-04-26	0	8.61	26	8.5
1999-04-27	0.9	7.15	26.5	8
1999-04-28	0	8.6	27.5	8
1999-04-29	0	9.18	29	9
1999-04-30	1	8.1	29	9
1999-05-01	0.01	10.48	28.5	9.5
1999-05-02	0	10.56	28.5	10
1999-05-03	0	10.38	27.5	9.5
1999-05-04	0	10.67	27.5	10.5
1999-05-05	0	9.53	27	9
1999-05-06	0.01	10.41	28.5	8
1999-05-07	0.01	6.78	25	8.5
1999-05-08	0	8.34	26	8
1999-05-09	1.4	8.3	27	9
1999-05-10	0	8.72	26	9
1999-05-11	0	7.97	27	9.5
1999-05-12	0	8.96	27.5	9.5
1999-05-13	0	8.86	27	7
1999-05-14	0	9.84	27.5	7.5
1999-05-15	0	11.32	28	8
1999-05-16	0	9.82	29	10
1999-05-17	0	9.97	28	8.5
1999-05-18	0	9.1	27	7
1999-05-19	0	8.5	25	4
1999-05-20	0	7.8	24	4
1999-05-21	0	8.36	26	3
1999-05-22	0	10.04	24	3
1999-05-23	0	7.83	22	3
1999-05-24	0	7.5	22	3
1999-05-25	0	7.36	22	4
1999-05-26	1	7.92	20	5
1999-05-27	0	6.95	21	4
1999-05-28	0	6.15	23	4
1999-05-29	0	6.72	25	4
1999-05-30	0	9.89	26	5
1999-05-31	0	9.94	22	6
1999-06-01	0	7.37	27	6.5
1999-06-02	0	9.15	23	7
1999-06-03	0	7.23	22	6
1999-06-04	0	6.52	21	7
1999-06-05	0	8.03	26.5	6
1999-06-06	0	7.74	26	7
1999-06-07	0	8.16	24	8
1999-06-08	0	8.6	25	7
1999-06-09	0	7.65	25	6
1999-06-10	0	7.5	26.5	7
1999-06-11	0	7.89	26	7
1999-06-12	0	8.01	24	6.5
1999-06-13	0	7.36	23.5	5
1999-06-14	0	6.11	22.5	7
1999-06-15	0	7.38	23	8
1999-06-16	1.3	7.21	23	9
1999-06-17	3.9	4.57	19.5	8
1999-06-18	3.8	5.39	20	8
1999-06-19	0	8.07	21	10
1999-06-20	0	6.28	23	8.5
1999-06-21	0	6.73	22	8
1999-06-22	0	7.35	24	7
1999-06-23	0	7	22	7
1999-06-24	0.01	7.25	23	8
1999-06-25	1	0.95	22	10
1999-06-26	0.01	5.7	23	10
1999-06-27	0.01	6.5	26	9
1999-06-28	0	3.45	25	8
1999-06-29	0	9.35	25	6
1999-06-30	0	7.35	25	7
1999-07-01	0.7	7.25	23	7
1999-07-02	38	4.61	20	9
1999-07-03	11.5	2.99	16.5	8.5
1999-07-04	30.5	3.55	15	8
1999-07-05	4.5	2.97	18	9.5
1999-07-06	0	4.54	18	8.5
1999-07-07	0	6.51	21	7.5
1999-07-08	0	5.71	22.5	6.5
1999-07-09	0	6.33	23	7
1999-07-10	0.01	2.95	20.5	7
1999-07-11	2.5	7.57	20	6.5
1999-07-12	9	0.4	14	7.5
1999-07-13	0	9.35	20	7
1999-07-14	0	7.77	20	4
1999-07-15	0	6.06	21	4
1999-07-16	0	7.62	21.5	4
1999-07-17	1	2.86	21.5	5
1999-07-18	7	1.88	20	7.5
1999-07-19	0.6	3.44	20	9
1999-07-20	3.3	6.1	21	8
1999-07-21	0	6.59	20	6
1999-07-22	0	8.14	21.5	5.5
1999-07-23	0	6.02	21.5	4.5
1999-07-24	0	6.33	22	4.5
1999-07-25	0	4.84	22	4
1999-07-26	3	4.1	22	7
1999-07-27	0	6.09	22	7.5
1999-07-28	0	6.46	23	6
1999-07-29	0	7.85	23	5
1999-07-30	0	4.96	25	5
1999-07-31	0	2.94	23	7
1999-08-01	0	9.25	24	8
1999-08-02	0	7.47	23	5
1999-08-03	0	7.56	23	4.5
1999-08-04	0	7.77	22	5
1999-08-05	0	7.2	24	5
1999-08-06	0	5.45	23	6
1999-08-07	1	4.35	23	7
1999-08-08	0	4.05	22	7
1999-08-09	2	2.45	22	7
1999-08-10	0	7.7	23	7
1999-08-11	0	8.89	22	7
1999-08-12	0	2.71	24	7
1999-08-13	0	7.65	24	6
1999-08-14	0	9.22	22	5
1999-08-15	0	7.23	23	4
1999-08-16	0	6.2	22	4
1999-08-17	0	3.7	22	4
1999-08-18	3	1.3	21	7
1999-08-19	0.6	4.79	17	8
1999-08-20	0	5.81	20	7
1999-08-21	23.5	13.6	21	6
1999-08-22	0	4	21	9
1999-08-23	0	4.5	24	9
1999-08-24	4.5	4.28	23	9
1999-08-25	0.01	3.67	20.5	9.5
1999-08-26	1	4.02	19.5	8
1999-08-27	0.8	3.03	20.5	8.5
1999-08-28	1	2.62	20	7.5
1999-08-29	5.5	2.94	21	8
1999-08-30	3.5	2.99	19.5	9
1999-08-31	0.7	3.93	21.5	6
1999-09-01	0.01	4.51	22.5	6.5
1999-09-02	1.4	5.69	23	6
1999-09-03	2	4.54	20.5	7
1999-09-04	0.01	3.18	21	8
1999-09-05	2.2	3.19	20	8.5
1999-09-06	35.1	5.43	19	8
1999-09-07	0.4	2.02	19	8.5
1999-09-08	3.8	4.12	21	8.5
1999-09-09	1.8	3.96	21	8
1999-09-10	0.01	3.25	19.5	8.5
1999-09-11	0	5.39	21	4.5
1999-09-12	0	5.18	20.5	5.5
1999-09-13	9.9	1.9	17.5	6
1999-09-14	3	1.1	10.5	7
1999-09-15	1.6	1.08	13	6.5
1999-09-16	1.1	1.33	16	5
1999-09-17	0	3.08	17.5	5.5
1999-09-18	0	5.23	21	6.5
1999-09-19	0	5.21	22.5	4.5
1999-09-20	0	5.95	21.5	2.5
1999-09-21	0	6.33	18.5	0.5
1999-09-22	0	5.62	19	1
1999-09-23	0	3.9	21.5	4.5
1999-09-24	0	7.87	18.5	4
1999-09-25	0	6.4	24	4.5
1999-09-26	0	6.49	25.5	4.5
1999-09-27	0	6.2	23	4
1999-09-28	9.5	1.86	18.5	4.5
1999-09-29	11.4	2.35	14.5	7
1999-09-30	6.3	1.79	15	6.5
1999-10-01	0.2	1.86	15	6.5
1999-10-02	0.01	4.25	19	6
1999-10-03	1.3	4.53	20.5	6
1999-10-04	73	6.31	20	6.5
1999-10-05	90.4	0.15	11	6
1999-10-06	17.5	0.77	15	6
1999-10-07	0	1.8	20.5	5.5
1999-10-08	0.01	3.9	22.5	6.5
1999-10-09	1.6	2.38	18.5	9
1999-10-10	0.01	1.95	18	8.5
1999-10-11	0.01	2.72	15.5	5
1999-10-12	1.2	1.36	16	5
1999-10-13	0	1.98	16	6
1999-10-14	0.01	2.91	15.5	5
1999-10-15	0	3.71	23	3.5
1999-10-16	0	5.29	24	5
1999-10-17	0	5.02	24	5.5
1999-10-18	0	4	21.5	5.5
1999-10-19	0	2.56	16.5	6
1999-10-20	0	4.13	15	4.5
1999-10-21	0	4.69	17	2
1999-10-22	0	7.13	19.5	-0.5
1999-10-23	0	6.39	18.5	-4
1999-10-24	0	3.44	17	-4
1999-10-25	0	4.2	17.5	-4.5
1999-10-26	0	3.94	19.5	-4.5
1999-10-27	0.01	3.95	19.5	-3
1999-10-28	0	4.5	20	-1
1999-10-29	0.01	3.84	22	1
1999-10-30	0	5.59	22	1.5
1999-10-31	0	4.26	20	2
1999-11-01	0	5.75	22.5	1
1999-11-02	0	4.9	15	1
1999-11-03	0.01	2.75	20	-2
1999-11-04	0	4.15	21	1
1999-11-05	0	6.1	19	0
1999-11-06	0	3.59	18.5	2
1999-11-07	0.3	0.87	12.5	2
1999-11-08	0.01	3.2	14	3.5
1999-11-09	0	4.11	18	1
1999-11-10	0.7	2.88	20.5	1
1999-11-11	3.6	1.66	16	3.5
1999-11-12	2.1	1.6	13	4.5
1999-11-13	0.01	4.13	16	0.5
1999-11-14	0	3.04	18.5	1
1999-11-15	0	3.88	18.5	-2
1999-11-16	0	4.69	20.5	-0.5
1999-11-17	0	4.51	20	-1
1999-11-18	0	7.2	22.5	2
1999-11-19	0	7.55	22	2.5
1999-11-20	0	7.56	21	-0.5
1999-11-21	0	6.66	23	1
1999-11-22	0	5.69	23	3.5
1999-11-23	0	4.08	21.5	3
1999-11-24	0	4.3	21.5	-0.5
1999-11-25	0	4.11	19	1.5
1999-11-26	0	5.55	20	1
1999-11-27	0	6.67	21	-1
1999-11-28	0	5.13	19	-4.5
1999-11-29	1.1	3.21	15	-5
1999-11-30	6.9	0.82	15	-2.5
1999-12-01	0	3.81	16	0
1999-12-02	0	3.3	18.5	-0.5
1999-12-03	0	5.66	20	0
1999-12-04	0	5.44	21	1
1999-12-05	0	3.88	18.5	1
1999-12-06	0	4.9	21	-3
1999-12-07	0	5.92	21.5	-3
1999-12-08	0	5.98	23.5	1
1999-12-09	0	7.69	21.5	3.5
1999-12-10	0	4.44	19	-1
1999-12-11	0	6.02	20	1.5
1999-12-12	0	5.52	21	3.5
1999-12-13	0	4.18	20.5	0.5
1999-12-14	0	6.59	21.5	1
1999-12-15	0	2.5	16	2.5
1999-12-16	1.8	3.29	16.5	0.5
1999-12-17	0	2.8	19	0.5
1999-12-18	0	5.62	19	0.5
1999-12-19	0	6.23	21.5	1.5
1999-12-20	0	6.79	20	3
1999-12-21	0	5.9	22.5	2
1999-12-22	2.3	3.86	19	1.5
1999-12-23	0.3	1.36	13.5	2.5
1999-12-24	0.01	2.52	17	1
1999-12-25	0	2.37	15	0.5
1999-12-26	0	2.25	16.5	1.5
1999-12-27	0	3.6	18	1.5
1999-12-28	0	4.02	20.5	1.5
1999-12-29	0	4.08	20	-3
1999-12-30	0	7.67	22	1
1999-12-31	0	5.87	21	1
2000-01-01	0	6.09	24	0.5
2000-01-02	0	7.27	23.5	3
2000-01-03	0	6.33	25	3.5
2000-01-04	0	3.22	15	5
2000-01-05	0	6.27	20.5	-2.5
2000-01-06	0	7	21.5	1
2000-01-07	0	7.21	20.5	1
2000-01-08	0	6.44	22	1.5
2000-01-09	0	5.21	22	2.5
2000-01-10	0	5.43	21	2.5
2000-01-11	0	5.65	22	1
2000-01-12	0	7.05	23	1
2000-01-13	0.1	5.18	20	0.5
2000-01-14	1.8	0.7	12	1.5
2000-01-15	0	4.04	15	-2
2000-01-16	0	4.84	16	0
2000-01-17	0	5.75	14	-4
2000-01-18	0	5.1	17	-1
2000-01-19	0	5.65	20	1
2000-01-20	0	5.8	20	2
2000-01-21	0	6.25	21	3
2000-01-22	0	7.58	23	4
2000-01-23	0	6.52	24	4
2000-01-24	0	8.55	23	4
2000-01-25	0	7.8	23	4
2000-01-26	0	3.81	23.5	4
2000-01-27	0	7.61	24	4
2000-01-28	0	5.99	24	3
2000-01-29	0	4.45	20	4
2000-01-30	0	6.43	23.5	3.5
2000-01-31	0	7.07	23.5	3
2000-02-01	0	7	22.5	3
2000-02-02	0	5.45	22.5	3
2000-02-03	0	5.7	14	-2
2000-02-04	0	5.23	19	-3
2000-02-05	0	4.63	16	-2.5
2000-02-06	0	5.22	20.5	-1
2000-02-07	0	4.07	20	1
2000-02-08	0	5.06	20	-2
2000-02-09	0	5.72	20.5	-4
2000-02-10	0	8.23	24	-3
2000-02-11	0	8	24	2
2000-02-12	0	9.31	26.5	3.5
2000-02-13	0	8.98	25	5
2000-02-14	0	11.06	24	3
2000-02-15	0	9.54	25.5	3
2000-02-16	0	9.6	26	5
2000-02-17	0	8.51	26	4.5
2000-02-18	0	9.53	23.5	5.5
2000-02-19	0.1	4.74	18.5	6
2000-02-20	0.1	4.79	15.5	5
2000-02-21	0.1	7.25	22	1.5
2000-02-22	0	8.68	23.5	2.5
2000-02-23	0	9.92	24	5
2000-02-24	0	7.22	25	2.5
2000-02-25	0.1	5.8	26	4
2000-02-26	0.1	8.28	25	4.5
2000-02-27	0	6.75	19	5
2000-02-28	0	9.62	23	0
2000-02-29	0	9.23	24.5	4
2000-03-01	0	10.63	24	-0.5
2000-03-02	0	9.7	24	3.5
2000-03-03	0	8.55	25	5
2000-03-04	0	5.34	21	3.5
2000-03-05	0	6.15	22.5	3.5
2000-03-06	3	4.42	21	5
2000-03-07	0	6.34	22	5
2000-03-08	0	8.05	24.5	4
2000-03-09	0	9.9	25.5	5
2000-03-10	0	10.41	25	5.5
2000-03-11	1	6.5	22.5	5
2000-03-12	2.1	5.37	21	4
2000-03-13	0	6.5	23	3
2000-03-14	0	6.16	21	2
2000-03-15	0	7.44	22	4.5
2000-03-16	0	8.22	23	3.5
2000-03-17	0	9.15	23.5	5
2000-03-18	0	10.44	25.5	5.5
2000-03-19	0	8.7	22.5	4
2000-03-20	0	8.9	23	5.5
2000-03-21	0	7.61	26	5
2000-03-22	0	6.81	23.5	5
2000-03-23	0	9.67	26	4.5
2000-03-24	0	8.32	27	5.5
2000-03-25	0	8.82	26	7
2000-03-26	0	9.88	26.5	6
2000-03-27	0	9.82	26.5	6.5
2000-03-28	0	9.83	27	8
2000-03-29	0	10.17	26.5	6
2000-03-30	0	9.32	27.5	7
2000-03-31	2.3	10.17	27.5	9
2000-04-01	0	8.41	26	7.5
2000-04-02	0	9.08	24.5	6.5
2000-04-03	0	9	25	6
2000-04-04	0	5.35	15	4
2000-04-05	0	9.73	23.5	1
2000-04-06	0	10.79	24	3.5
2000-04-07	0	10.35	26	6
2000-04-08	0.1	7	20	5
2000-04-09	0	6.68	20	5.5
2000-04-10	0	8.42	24.5	4
2000-04-11	0.1	9.03	24.5	5
2000-04-12	0	8.02	24.5	6.5
2000-04-13	0	5.79	21	7
2000-04-14	0	10.73	23.5	4
2000-04-15	0	8.02	25.5	6
2000-04-16	0	10.01	26.5	7.5
2000-04-17	0	13.35	26	8
2000-04-18	0	13.6	27.5	4
2000-04-19	0	11.63	28	6.5
2000-04-20	0	10.52	27.5	7.5
2000-04-21	0	10.16	23.5	3.5
2000-04-22	0	10.95	23	3
2000-04-23	0	11.29	28	5
2000-04-24	0	11.81	27	8
2000-04-25	0	9.65	27	7
2000-04-26	0	7.2	27	7
2000-04-27	4.3	7.28	26.5	8
2000-04-28	14.8	15.42	25	7
2000-04-29	0	7.26	24.5	6
2000-04-30	0	7.46	25	6.5
2000-05-01	0	8.5	26	7.5
2000-05-02	0	6.74	26	9
2000-05-03	0	8.52	24.5	8
2000-05-04	0	8.5	25	6
2000-05-05	2	5.4	22.5	7.5
2000-05-06	0.8	6.97	24	6.5
2000-05-07	0	8.06	23.5	6
2000-05-08	0	7.51	24	8
2000-05-09	0.1	8.28	26	9
2000-05-10	0	9.73	26	8
2000-05-11	0	10.15	27	8
2000-05-12	0	9.3	27	10
2000-05-13	0	9.3	26	0
2000-05-14	0	6.3	21	7
2000-05-15	0	9.65	20.5	6
2000-05-16	0	9.52	23.5	2
2000-05-17	0	9.5	26	4.5
2000-05-18	0	8.98	27	8.5
2000-05-19	0	9.18	26.5	8
2000-05-20	0	7.15	24.5	8
2000-05-21	0	7.63	21	8
2000-05-22	0	7.56	22.5	9
2000-05-23	1.4	1.7	20	10
2000-05-24	0	9.07	22	9
2000-05-25	0	9.13	27.5	10
2000-05-26	0	5.69	27	10.5
2000-05-27	0	5.68	23	12
2000-05-28	0	6.57	21	8.5
2000-05-29	0	7.08	20	7.5
2000-05-30	0	4.66	23	8.5
2000-05-31	0	6.14	21	8
2000-06-01	0	8.02	24	9
2000-06-02	0	9	23.5	9.5
2000-06-03	0	8.83	23	8
2000-06-04	0	9.23	24.5	4
2000-06-05	0	7.89	24	3.5
2000-06-06	1.7	4.37	21	5.5
2000-06-07	0.8	3.41	20	8.5
2000-06-08	2.3	2.34	20.5	9
2000-06-09	21.8	6.15	19.5	8.5
2000-06-10	0	3.88	21	9.5
2000-06-11	3.2	2.09	21	9.5
2000-06-12	0	6.77	20	9.5
2000-06-13	0	6.72	22	9
2000-06-14	26	7.04	25	9
2000-06-15	3.8	2.49	25	9
2000-06-16	0	5.39	22	9
2000-06-17	2.6	3.78	21.5	10.5
2000-06-18	0.1	3.3	18	11
2000-06-19	0.1	8.07	20	9
2000-06-20	0.1	2.96	20	6.5
2000-06-21	16.5	8.67	25	7
2000-06-22	0.9	4.68	21.5	7
2000-06-23	0	7.63	22	8
2000-06-24	0	6.68	22.5	5
2000-06-25	0	6.49	22	6
2000-06-26	0	6.06	22	8
2000-06-27	0	7.41	20.5	6.5
2000-06-28	0	8.35	22	5.5
2000-06-29	0.8	3.84	23	7
2000-06-30	0	4.36	20.5	9
2000-07-01	0	6.63	23.5	8.5
2000-07-02	0	7.78	25	8
2000-07-03	0	6.23	24	8
2000-07-04	9	6.1	23	8
2000-07-05	2.8	3.73	21.5	7
2000-07-06	0.5	4.53	22.5	6.5
2000-07-07	0	5.21	22	7.5
2000-07-08	0	7.29	21	5
2000-07-09	0.7	4.28	19.5	6
2000-07-10	0	4.47	18.5	7
2000-07-11	0	5.35	21.5	5.5
2000-07-12	0	3.7	22	7
2000-07-13	0	9.05	23	5
2000-07-14	1.9	11.66	24.5	6
2000-07-15	0	11.1	25.5	5
2000-07-16	0	9.3	25	5.5
2000-07-17	0	8.34	24	5
2000-07-18	0	7.57	23.5	6
2000-07-19	0	9.42	22	7.5
2000-07-20	2.9	6.36	22	5.5
2000-07-21	0	7.62	23.5	5
2000-07-22	0	9.36	23	7
2000-07-23	0	9.27	24	7
2000-07-24	0	9.44	23	6.5
2000-07-25	0	7.62	23	6.5
2000-07-26	0	6.91	21.5	7.5
2000-07-27	0.1	2.43	18.5	6
2000-07-28	5.1	3.17	20	7
2000-07-29	1	3.3	21	8
2000-07-30	0	4.62	22	5
2000-07-31	0	6.29	22.5	7
2000-08-01	0	8.02	21	6.5
2000-08-02	0	9.36	22	7.5
2000-08-03	0	6.72	22	8.5
2000-08-04	1.2	4.3	19.5	8
2000-08-05	3.9	4.99	22	7
2000-08-06	0	4.1	22	5.5
2000-08-07	0	7	22	5.5
2000-08-08	6	5	20	6
2000-08-09	12.5	1.7	15	9
2000-08-10	0	6.9	12	6
2000-08-11	0	5.3	13.5	5
2000-08-12	6.5	0.1	18	9
2000-08-13	9	6.4	19.5	7
2000-08-14	6	3.3	20	8
2000-08-15	0	4.55	19	9
2000-08-16	0	8.55	21	6
2000-08-17	0	8	20.5	3.5
2000-08-18	0	5.4	20.5	3
2000-08-19	0	5.15	21	4.5
2000-08-20	0	8.45	23	7
2000-08-21	10.4	2.47	21	7.5
2000-08-22	9.8	5.48	17.5	6.5
2000-08-23	0	5.3	18.5	5.5
2000-08-24	0	7.35	20	5
2000-08-25	0	7.21	21.5	5.5
2000-08-26	0	7.32	21	5
2000-08-27	0	5.7	22.5	6
2000-08-28	0	4.73	23	6.5
2000-08-29	0	4.91	20	9
2000-08-30	0	7.17	23	7
2000-08-31	0	6.86	23.5	7.5
2000-09-01	0	4.61	22	7
2000-09-02	0.1	6.36	22	6
2000-09-03	9	2.4	18	7
2000-09-04	0.1	5.33	20.5	6
2000-09-05	0	7.39	21.5	7
2000-09-06	0	7.98	23	3
2000-09-07	0	8.13	23	3.5
2000-09-08	0	5.36	24	5
2000-09-09	0	5.55	23	6.5
2000-09-10	0	7.15	24	5
2000-09-11	0	6.92	25	5
2000-09-12	0	5.76	24.5	5.5
2000-09-13	0	5.16	22	6
2000-09-14	0	5	21.5	7
2000-09-15	0.1	6.36	22	5
2000-09-16	2.2	5.3	20	10
2000-09-17	0.5	1.96	17.5	6.5
2000-09-18	0	5.21	20	7
2000-09-19	0	3.56	20	6
2000-09-20	3.3	4.21	21.5	5
2000-09-21	0	2.82	22	9
2000-09-22	30.4	9.31	23	9.5
2000-09-23	1.1	4.32	23.5	8.5
2000-09-24	0	3.73	22	8
2000-09-25	0.8	3.82	19.5	8
2000-09-26	0.6	2.39	15	8
2000-09-27	0	2.98	19	6.5
2000-09-28	0	5.74	19	6.5
2000-09-29	0	5.51	18.5	3
2000-09-30	0	5.96	21	3.5
2000-10-01	0.1	3.76	21.5	4.5
2000-10-02	0	7.86	24.5	5.5
2000-10-03	0	6.19	24	2.5
2000-10-04	0	5.82	23	3.5
2000-10-05	0.3	4.06	23.5	5.5
2000-10-06	0.1	3.03	21	8.5
2000-10-07	0	7.24	21.5	8.5
2000-10-08	0	2.22	14	6.5
2000-10-09	0	4.89	20	4
2000-10-10	0.1	4.03	19	3
2000-10-11	0.1	3.18	20	5
2000-10-12	0.1	7.26	20	5
2000-10-13	0	5.53	20.5	2
2000-10-14	0	6.59	22.5	4
2000-10-15	0	4.57	22	4.5
2000-10-16	0	4.8	21.5	5.5
2000-10-17	0.3	5.44	21	6.5
2000-10-18	0	5.52	17	5.5
2000-10-19	0	6.36	20	7
2000-10-20	0	4.11	23	3
2000-10-21	6.1	6.49	23	4.5
2000-10-22	0	4.44	21.5	6
2000-10-23	0	6.8	19.5	5.5
2000-10-24	0.1	5.68	20	4.5
2000-10-25	0	5.92	19	4.5
2000-10-26	0	4.87	22	3
2000-10-27	0	6.02	21	3
2000-10-28	0	6.39	23.5	2.5
2000-10-29	0	7.28	22	1.5
2000-10-30	0	6.39	25	4
2000-10-31	0	5.07	26	6
2000-11-01	0.6	5.78	27	9
2000-11-02	0.5	4.49	24.5	8
2000-11-03	0	3.62	23.5	7
2000-11-04	0	4.25	25	7.5
2000-11-05	0	6.49	25	8
2000-11-06	0	7.33	26.5	10
2000-11-07	0	8.22	27.5	10
2000-11-08	0	8.75	27.5	8
2000-11-09	0	8.32	28	7.5
2000-11-10	0	7.65	28	9.5
2000-11-11	0	5.85	29	9
2000-11-12	0	6.98	29.5	11
2000-11-13	0	6.55	28.5	9
2000-11-14	0	6.57	25.5	9.5
2000-11-15	0	6.32	25	9
2000-11-16	0	6.67	27.5	10
2000-11-17	0	7.35	28	8.5
2000-11-18	0	6.34	27.5	8.5
2000-11-19	0	4.06	26	8.5
2000-11-20	0	4.99	21.5	8
2000-11-21	0	2.28	14	8.5
2000-11-22	0	3.88	22.5	7
2000-11-23	0	3.5	27	8
2000-11-24	2	3.15	27	9.5
2000-11-25	0.1	1.5	22.5	9.5
2000-11-26	0.1	5.05	21	4
2000-11-27	2.6	3.35	23	9.5
2000-11-28	0	3.6	22	9.5
2000-11-29	0	4.2	21	9
2000-11-30	0	4.2	22	8
2000-12-01	0	5.45	22	4
2000-12-02	0	5.55	24	2
2000-12-03	0	5.02	22	3.5
2000-12-04	0	3.92	22	7
2000-12-05	0	1.86	22	6
2000-12-06	0	3.9	22	3
2000-12-07	0	5.07	22	3
2000-12-08	0	4.8	23	4
2000-12-09	0	7.11	24	5
2000-12-10	0	6.12	27	3.5
2000-12-11	0	7.49	27	6.5
2000-12-12	0	5.65	24	7.5
2000-12-13	0	7.27	27.5	7
2000-12-14	0	6.66	26.5	7
2000-12-15	0	5.95	22	7
2000-12-16	1	5.65	25	7.5
2000-12-17	0	3.96	18	7
2000-12-18	0	7.43	24	6
2000-12-19	0	3.61	19	1
2000-12-20	0	4.78	23	1
2000-12-21	0	5.54	23.5	3.5
2000-12-22	0	4.39	22	0
2000-12-23	0	4.69	22.5	2.5
2000-12-24	0	4.48	25	-0.5
2000-12-25	0	4.64	23	2
2000-12-26	0	2.53	19.5	6
2000-12-27	0	5.07	21.5	6
2000-12-28	0.4	1.55	20	6
2000-12-29	0.7	3.17	21.5	9
2000-12-30	0	2.76	21	3
2000-12-31	0	3.6	20.5	4
2001-01-01	0	3.91	20	7
2001-01-02	0	4.81	20	5
2001-01-03	0	4.1	18.5	5.5
2001-01-04	0	3.64	20.5	2
2001-01-05	0	6.75	23.5	3
2001-01-06	0	6.63	25.5	4
2001-01-07	0	6.28	27	5.5
2001-01-08	0	2.78	20	5
2001-01-09	10.5	1.2	17.5	6
2001-01-10	0	3.74	18	7
2001-01-11	0	3.42	22.5	5.5
2001-01-12	0	4.1	20	5
2001-01-13	0	4.74	26.5	7
2001-01-14	0	7.24	26.5	7
2001-01-15	0	6.44	27	8
2001-01-16	0	6.58	27	7
2001-01-17	0	6.76	27	7
2001-01-18	0	7.41	24.5	7.5
2001-01-19	0	5.94	23.5	7.5
2001-01-20	0	6.09	23.5	2
2001-01-21	0	6.53	23.5	2
2001-01-22	0	5.83	21.5	-0.5
2001-01-23	0	5.18	25	2
2001-01-24	0	4.93	24.5	5
2001-01-25	0	5.56	21	2
2001-01-26	0	6.14	24	2.5
2001-01-27	0	6.48	27.5	4.5
2001-01-28	0	5.31	27	6.5
2001-01-29	0	5.42	27	8
2001-01-30	0	7.23	27	9
2001-01-31	0	5.03	26	8.5
2001-02-01	0	5.15	26	5.5
2001-02-02	0	4.03	18	6
2001-02-03	4.9	2.94	20	2
2001-02-04	0	2.44	19	3
2001-02-05	0.01	2	18	6.5
2001-02-06	0	4.97	23	4
2001-02-07	0	5.16	25.5	6
2001-02-08	0	5.81	25	7
2001-02-09	0	4.79	22	7
2001-02-10	0	4.93	22	6.5
2001-02-11	0	4.75	23	6
2001-02-12	0	7.21	26	6.5
2001-02-13	0	7.9	27.5	8
2001-02-14	0	9.43	28	7.5
2001-02-15	0	6.86	28.5	9
2001-02-16	0	7.19	26	7
2001-02-17	0	3.81	22	5
2001-02-18	0	6.65	23.5	2
2001-02-19	0	5.45	24	3.5
2001-02-20	0	8	27	8
2001-02-21	0	11.74	27	6
2001-02-22	0	7.15	22	5
2001-02-23	0	6.06	22	8
2001-02-24	0	7.5	23	10
2001-02-25	0.01	6.86	20	8
2001-02-26	20	5.7	17	7
2001-02-27	1	4.66	23	7.5
2001-02-28	20	10.68	NULO	NULO
2001-03-01	0	6.2	23	7
2001-03-02	3.8	4.2	16	9
2001-03-03	0	8.15	21.5	5.5
2001-03-04	0	6.54	25	5
2001-03-05	0	4.64	18	5
2001-03-06	0	6.43	24.5	3.5
2001-03-07	0	6.39	26	6
2001-03-08	0	7.86	26.5	9
2001-03-09	0	6.16	27	6.5
2001-03-10	0	8.35	28.5	9
2001-03-11	0	10.03	29	6
2001-03-12	0	9.52	30	9
2001-03-13	0	8.1	30.5	8.5
2001-03-14	0	12.27	28	10.5
2001-03-15	0	7.75	29	10
2001-03-16	0	7.52	27	8.5
2001-03-17	0	9.9	27	6.5
2001-03-18	0	6.53	27	3.5
2001-03-19	0	6.83	21	6.5
2001-03-20	0	7.86	24	4
2001-03-21	0	9.42	25	5
2001-03-22	0	10.11	26	5.5
2001-03-23	0	11.63	27	7
2001-03-24	0	8.21	28	8
2001-03-25	0	5.56	27.5	7
2001-03-26	1.2	5.27	24	8
2001-03-27	0	7.8	24.5	8.5
2001-03-28	0	11.9	24.5	7.5
2001-03-29	0	9.84	26.5	8
2001-03-30	0	10.87	28.5	9
2001-03-31	0	9.21	29	7
2001-04-01	0	9.45	29.5	7
2001-04-02	0	10.26	31	6.5
2001-04-03	0	12.1	31.5	11
2001-04-04	0	12.17	31	11.5
2001-04-05	0	2.86	30.5	8.5
2001-04-06	0	11.31	30.5	11
2001-04-07	0	11.65	29.5	10
2001-04-08	0	9.81	29.5	7
2001-04-09	0	10.97	30	7
2001-04-10	0	9.56	31.5	10.5
2001-04-11	0	11.1	32	10
2001-04-12	0	10.89	31	11.5
2001-04-13	0	8.52	29.5	10.5
2001-04-14	0	7.79	29.5	9
2001-04-15	0	9.42	29.5	9.5
2001-04-16	0	8.5	27	7
2001-04-17	0	8.48	26.5	8.5
2001-04-18	0	7.08	22	9.5
2001-04-19	0	8.85	25	8
2001-04-20	0	8.68	26.5	9.5
2001-04-21	0	8.54	28	9.5
2001-04-22	1.4	6.3	28.5	9.5
2001-04-23	0	6.59	28	9
2001-04-24	3	6.81	21	8.5
2001-04-25	5.5	5.29	19	8.5
2001-04-26	1	3.95	20	9.5
2001-04-27	6.7	5.83	22	8
2001-04-28	8.3	5.29	21	8
2001-04-29	0	4.57	22.5	7
2001-04-30	0	6.49	NULO	NULO
2001-05-01	0	7.5	20.5	9
2001-05-02	2	6.89	26.5	9
2001-05-03	1.8	5.68	26	12
2001-05-04	0	5.87	26	10
2001-05-05	0	5.93	23.5	11.5
2001-05-06	3.6	6.85	28	12.5
2001-05-07	2.2	5.25	22.5	11
2001-05-08	2.2	7.09	20.5	8.5
2001-05-09	0	5.48	20	7.5
2001-05-10	0	6.09	21.5	5
2001-05-11	4.5	4.66	24	6.5
2001-05-12	0	5.12	24	8
2001-05-13	0	4.6	21	8.5
2001-05-14	0	7.31	22	7.5
2001-05-15	0	6.62	24.5	7.5
2001-05-16	0	9.85	25.5	9
2001-05-17	0	11.35	27	9.5
2001-05-18	0	11.84	28	11
2001-05-19	0	9.8	28	10.5
2001-05-20	0	9.91	30	10
2001-05-21	8	8	30	10.5
2001-05-22	0	10.14	30	10
2001-05-23	0	5.04	23.5	10.5
2001-05-24	0	5.78	25	11
2001-05-25	0	8.78	25.5	10
2001-05-26	0	9.5	25	7.5
2001-05-27	0	9.19	20	6.5
2001-05-28	0	9.59	27	5.5
2001-05-29	0	7.11	28	10
2001-05-30	0	8.33	29.5	12
2001-05-31	0	7.57	27.5	11.5
2001-06-01	0	8.9	26	12
2001-06-02	0	8.23	26	9.5
2001-06-03	0	8.97	26.5	10
2001-06-04	0	6.31	27	9.5
2001-06-05	0	9.06	27.5	11
2001-06-06	10.9	8.84	27	12
2001-06-07	0	5.41	25.5	13
2001-06-08	0	8.55	27.5	13
2001-06-09	0.01	4.96	25	12.5
2001-06-10	0.7	5.95	26	11
2001-06-11	6.5	3.1	23	13
2001-06-12	6.6	2.94	22.5	11.5
2001-06-13	1	6.07	21	12
2001-06-14	0.4	4.5	25	11.5
2001-06-15	1.9	3.45	28	11
2001-06-16	0	8.21	22	11
2001-06-17	0	8.1	20.5	7.5
2001-06-18	0	7.8	21	9
2001-06-19	0	7.26	22.5	7.5
2001-06-20	0.3	4.4	22.5	9
2001-06-21	9	3.84	22.5	9.5
2001-06-22	2.4	3.8	23.5	11
2001-06-23	0	5.18	23.5	9.5
2001-06-24	0	6.43	22.5	9
2001-06-25	0.7	4.97	23	10
2001-06-26	0	6.69	23	9
2001-06-27	0.01	5.89	21.5	10
2001-06-28	6.9	5	22.5	10.5
2001-06-29	0	3.97	24	11.5
2001-06-30	0	5.6	NULO	NULO
2001-07-01	0.5	4.32	23	10.5
2001-07-02	0	3.41	22.5	11
2001-07-03	11	6.43	19.5	11.5
2001-07-04	2.7	6.28	21	11
2001-07-05	0	5.86	24	11
2001-07-06	0	6.91	24.5	7.5
2001-07-07	0	9.93	23	8.5
2001-07-08	0.9	2.98	22.5	10
2001-07-09	0	6.88	24	10
2001-07-10	0	7.51	25.5	9
2001-07-11	0	4.42	20.5	10
2001-07-12	0	5.98	25	9.5
2001-07-13	0	6.17	25	10
2001-07-14	0	7.9	25	10
2001-07-15	0.4	5.73	26	11
2001-07-16	0	8.33	26	11
2001-07-17	5.9	4.05	24	11
2001-07-18	0	7.17	24	8.5
2001-07-19	11.3	3.26	21	9.5
2001-07-20	0	5.88	23	9
2001-07-21	0.01	5.95	25	8
2001-07-22	5.8	5.56	25	10
2001-07-23	0.3	4.84	27	11.5
2001-07-24	22.8	7.18	25	10.5
2001-07-25	1	2.82	22	11
2001-07-26	2	3	23	11.5
2001-07-27	5	5.35	23	11
2001-07-28	0	6.25	23	10
2001-07-29	0	5.09	24	9
2001-07-30	0	6.61	24	9
2001-07-31	3.5	5.2	23	8.5
2001-08-01	0	7.63	23.5	10
2001-08-02	0.01	7.09	22.5	7.5
2001-08-03	0	5.88	23	7.5
2001-08-04	0	6.31	23	9
2001-08-05	0	7.04	24	9.5
2001-08-06	0	6.87	24	9
2001-08-07	0	5.04	22	10
2001-08-08	0	6.36	22.5	10
2001-08-09	0	6.86	23	9
2001-08-10	0	8.12	24	9
2001-08-11	0.4	3.87	21	9
2001-08-12	1.1	5.48	23	10
2001-08-13	0	7.83	24.5	8.5
2001-08-14	0	6.38	23	8.5
2001-08-15	0	6.08	24	8.5
2001-08-16	0	4.72	22.5	9.5
2001-08-17	0	6.84	25	8.5
2001-08-18	0	8.75	27	8.5
2001-08-19	0	8.39	27	8
2001-08-20	0	8.4	29	9.5
2001-08-21	0	9.05	25.5	10
2001-08-22	0	7.04	24	9
2001-08-23	1	4.8	20	8.5
2001-08-24	5	6	21	9
2001-08-25	2	5.78	24	10
2001-08-26	10.5	6.82	22	11
2001-08-27	3	0.4	19	13
2001-08-28	0.01	4.44	24	12
2001-08-29	20	6.17	25	12
2001-08-30	5.3	3.99	23	12
2001-08-31	4.5	3.82	24.5	11.5
2001-09-01	2.4	3.84	23	11.5
2001-09-02	0	5.22	24.5	12.5
2001-09-03	0.01	4.41	24	11
2001-09-04	0	5.3	24	10
2001-09-05	0	6.18	23.5	10.5
2001-09-06	0	5.56	26	10.5
2001-09-07	10.2	5.06	26	11
2001-09-08	0	4.91	25	10
2001-09-09	1.9	4.43	23.5	10
2001-09-10	1.2	2.26	20	12
2001-09-11	1.8	2.2	21	11
2001-09-12	0.8	3.74	23	11.5
2001-09-13	0	4.81	22	10.5
2001-09-14	2.1	0.94	16	10.5
2001-09-15	0.01	4.35	21	5
2001-09-16	0	4.71	22.5	5.5
2001-09-17	0	6.51	23.5	8.5
2001-09-18	0	6.22	24	10
2001-09-19	3.4	4.24	24	10.5
2001-09-20	0	6.56	23.5	11.5
2001-09-21	0	6.99	23.5	9
2001-09-22	0.01	4.29	21	10
2001-09-23	2.3	3.97	21.5	11.5
2001-09-24	23.1	0.38	17.5	11.5
2001-09-25	2.9	1.64	16	11
2001-09-26	1	2.5	19.5	10
2001-09-27	0	3.03	19	10
2001-09-28	0.3	4.59	22	8.5
2001-09-29	0	4.06	19.5	8
2001-09-30	0	6.9	NULO	NULO
2001-10-01	0.01	4.8	20	4.5
2001-10-02	0.3	3.25	21	8
2001-10-03	10.4	2.62	22	10
2001-10-04	0	3.52	23	11
2001-10-05	8.3	4.8	25	11
2001-10-06	0	5.13	22	10
2001-10-07	0	4.27	22.5	11
2001-10-08	0	5.71	23	8
2001-10-09	0	5.97	25	8.5
2001-10-10	1.6	1.55	19.5	9.5
2001-10-11	15.4	5.36	25.5	10
2001-10-12	1	3.6	24.5	10.5
2001-10-13	0	4.66	23.5	10
2001-10-14	2.7	4.7	24	12
2001-10-15	0	4.62	23	11
2001-10-16	7	0.11	10	8.5
2001-10-17	0.01	0.65	12	6.5
2001-10-18	0	5.22	21	6.5
2001-10-19	0	6.35	24	4
2001-10-20	0	7.23	23.5	5
2001-10-21	0	7.74	24	1.5
2001-10-22	0	5.11	26	5
2001-10-23	0	6.58	26	8
2001-10-24	0	6.5	26	8.5
2001-10-25	0.3	6.44	26	9
2001-10-26	10.8	0.15	15.5	10.5
2001-10-27	5.6	0.7	10	9
2001-10-28	0.01	0.16	11.5	6.5
2001-10-29	0	3.9	15	6
2001-10-30	0	4.75	18	3.5
2001-10-31	0	3.69	20	2.5
2001-11-01	0	5.07	23	6
2001-11-02	0	4.02	22.5	5
2001-11-03	0.2	3.07	18	4.5
2001-11-04	4.4	0.45	12	7
2001-11-05	0.01	1.29	12.5	7
2001-11-06	0.01	2.41	19	6.5
2001-11-07	0.01	4.41	21.5	5
2001-11-08	0	4.85	20.5	2.5
2001-11-09	0	3.98	17.5	3
2001-11-10	0	4.57	18.5	4
2001-11-11	0	3.87	20	4.5
2001-11-12	0	3.97	20	7
2001-11-13	0	4.65	21	2
2001-11-14	0	4.29	21.5	6.5
2001-11-15	0	4.26	20	7.5
2001-11-16	0	4.26	21.5	8
2001-11-17	0	2.63	19	8
2001-11-18	0	4.63	22	4
2001-11-19	0	3.85	23	2
2001-11-20	0	5.32	21	3.5
2001-11-21	0.01	3.04	22	6
2001-11-22	0	2.6	20.5	8
2001-11-23	0	5.75	24	4
2001-11-24	0	5.95	24.5	3.5
2001-11-25	0	5.54	25	5.5
2001-11-26	0	5.55	25	7
2001-11-27	0	7.03	24.5	8
2001-11-28	0	6.43	22.5	8.5
2001-11-29	0	7.3	26.5	8
2001-11-30	0	7.89	NULO	NULO
2001-12-01	0	4.63	25	8
2001-12-02	0	5.7	23	7
2001-12-03	0	4.34	22	2
2001-12-04	0	3.53	22.5	4
2001-12-05	0	3.78	23	4.5
2001-12-06	0	3.73	22.5	2
2001-12-07	0	3.62	23	4
2001-12-08	0	5.29	22	5
2001-12-09	0	4.05	20	7
2001-12-10	0	4.32	22	6
2001-12-11	0	5.62	23	6
2001-12-12	0	5.61	24.5	8
2001-12-13	0	5.89	24	7.5
2001-12-14	0	6.76	24	9
2001-12-15	0	4.94	25	9
2001-12-16	0	4.88	26.5	7.5
2001-12-17	0	3.4	22.5	8
2001-12-18	0	5.63	24	6
2001-12-19	0	4.56	18.5	9
2001-12-20	0	2.79	15.6	5
2001-12-21	0	3.49	23.5	2.5
2001-12-22	0	5.21	24	5
2001-12-23	0	4.12	23.5	7.5
2001-12-24	0.7	2.26	16.5	8.5
2001-12-25	0	4.49	23	7.5
2001-12-26	2	1.26	16	4
2001-12-27	0	1.7	15	6
2001-12-28	0	3.71	22	2
2001-12-29	0	3.1	17.5	3
2001-12-30	0	4.98	22.5	4
2001-12-31	0	6.11	23.5	5.5
2002-01-01	0	6.26	22.5	5
2002-01-02	0	6	22.5	2.5
2002-01-03	0	5.96	24.5	3.5
2002-01-04	0	5.34	26	4
2002-01-05	0	6.26	22.5	5
2002-01-06	0	5.42	22	3
2002-01-07	0	5.34	19.5	2.5
2002-01-08	0	6.95	22	0.5
2002-01-09	0	7.64	24	2
2002-01-10	0	7.07	24.5	3.5
2002-01-11	0	6.34	23	3.5
2002-01-12	2.7	0.55	12.5	6
2002-01-13	9.6	2.2	14	7
2002-01-14	0	3.72	19	2
2002-01-15	0	4	20	2
2002-01-16	0	6.09	22	3
2002-01-17	0	7.29	25	4
2002-01-18	0	7.75	25	4.5
2002-01-19	0	5.66	25	6
2002-01-20	0	4.02	24	5
2002-01-21	0	3.5	25	6
2002-01-22	0	3.6	25	7
2002-01-23	0	4.22	26	7
2002-01-24	0	6.82	26	12.5
2002-01-25	0	7.18	26	12
2002-01-26	0	5.81	23.5	13.5
2002-01-27	0	6.92	26	6
2002-01-28	0	8	20.5	5.5
2002-01-29	0	8.01	27	7
2002-01-30	0	6.42	26	8
2002-01-31	0	7.65	25.5	8
2002-02-01	0	4.86	20.5	9
2002-02-02	0	5.44	24.5	2
2002-02-03	0	4.96	23	4.5
2002-02-04	0	7.14	22.5	6.5
2002-02-05	0	4.92	24	7
2002-02-06	0	4.83	25	7
2002-02-07	0	5.77	20	8
2002-02-08	0	5.75	22	2.5
2002-02-09	0	6.45	23.5	5
2002-02-10	0	4.71	18	8
2002-02-11	0	3.16	12	-1.5
2002-02-12	1.2	0.29	12.5	-0.5
2002-02-13	1.3	0.65	15.5	5
2002-02-14	0	3.58	23.5	5
2002-02-15	0	6.23	23	5
2002-02-16	0	8.1	23	5
2002-02-17	0	6.37	24.5	4.5
2002-02-18	0	6.57	26.5	7
2002-02-19	0	6.43	26.5	9
2002-02-20	0	5.93	21.5	10
2002-02-21	0	5.27	24	7.5
2002-02-22	0	5.77	18	5
2002-02-23	0	7.33	21	-1
2002-02-24	0	7.65	24	1
2002-02-25	0	6.41	25	6
2002-02-26	0	7.09	22	7
2002-02-27	0	6.17	23	5
2002-02-28	0	8.39	NULO	NULO
2002-03-01	0	8.44	26	9.5
2002-03-02	0	9.33	27	9
2002-03-03	0	8.31	28	6
2002-03-04	0	6.14	17.5	-0.5
2002-03-05	0	7.39	25	0
2002-03-06	0	6.94	24.5	8
2002-03-07	0	8.1	27	7
2002-03-08	0	7.03	26	8
2002-03-09	0	8.06	26	6.5
2002-03-10	0	6.55	21	9.5
2002-03-11	0	6.19	25.5	5.5
2002-03-12	0	9.4	23	8
2002-03-13	0	7.8	28.5	8
2002-03-14	0	8.94	25	9.5
2002-03-15	0	10.81	29	11.5
2002-03-16	0	11.45	25	15
2002-03-17	0	11	29	15
2002-03-18	0	12.1	28	13.5
2002-03-19	0	4.8	29	13
2002-03-20	2	6.4	22.5	13
2002-03-21	0	7.8	22	7.5
2002-03-22	0	5.77	18	7
2002-03-23	0	6.73	26	5
2002-03-24	0	8.53	27	13
2002-03-25	0	9.52	28	8
2002-03-26	0	8.55	24.5	12
2002-03-27	0	9.22	28	8.5
2002-03-28	0	9.28	28.5	9
2002-03-29	0	11.88	29.5	11
2002-03-30	0	9.57	29	9.5
2002-03-31	0.01	8.19	29	11.5
2002-04-01	0	8.1	28.5	8
2002-04-02	0	9.63	29	11
2002-04-03	0	9.16	27.5	12
2002-04-04	0.4	6.48	26.5	9.5
2002-04-05	0.4	6.35	26	8.5
2002-04-06	0.4	7.31	27	9.5
2002-04-07	0	8.78	24.5	9.5
2002-04-08	0	8.89	26.5	9.5
2002-04-09	8.3	4.93	22	9.5
2002-04-10	3.9	3.78	21.5	7.5
2002-04-11	0	6.67	23	8
2002-04-12	0	8.38	24.5	8
2002-04-13	0	8.52	25.5	4
2002-04-14	0	8.68	26	6
2002-04-15	2.8	5.28	26	7
2002-04-16	0	6.5	29	8
2002-04-17	0	9.97	27	8
2002-04-18	0	8.21	27.5	6
2002-04-19	0	9.01	27.5	6
2002-04-20	0	8.34	28.5	8
2002-04-21	0	9.43	29.5	10
2002-04-22	0	6.75	26	8.5
2002-04-23	0	7.77	27	9
2002-04-24	0	8.87	28.5	6.5
2002-04-25	0	10.55	26	4
2002-04-26	0	9.51	28	5.5
2002-04-27	0	10.41	29	9.5
2002-04-28	0	10.89	29.5	9
2002-04-29	0	11.54	29.5	7.5
2002-04-30	0	11.76	NULO	NULO
2002-05-01	0	10.87	30.5	12
2002-05-02	0	11.09	31.5	13.5
2002-05-03	0	12.01	31.5	12
2002-05-04	0	10.77	29	9
2002-05-05	0	9.82	29.5	9
2002-05-06	0	7.45	28	6
2002-05-07	0	8.43	28	7.5
2002-05-08	0	6.6	27	8.5
2002-05-09	0	11.46	29	11
2002-05-10	0	6.94	27.5	10
2002-05-11	0	9.74	28.5	9.5
2002-05-12	0	7.76	28.5	8.5
2002-05-13	0	8.58	24.5	10
2002-05-14	0	5.18	22	11
2002-05-15	0	4.65	23.5	9
2002-05-16	0.7	4.54	24	10
2002-05-17	0	6.79	26.5	10.5
2002-05-18	0	6.44	24	11.5
2002-05-19	0	7.38	23	9.5
2002-05-20	0	6.68	23	8
2002-05-21	0	8.26	23	8
2002-05-22	0	8.21	25.5	3.5
2002-05-23	0	10.17	22	5
2002-05-24	0	7.57	28	8
2002-05-25	0	8.07	27.5	8.5
2002-05-26	0	7.35	26	9.5
2002-05-27	0	10.38	27	9.5
2002-05-28	0	10.12	29	10
2002-05-29	0	10.18	28.5	10.5
2002-05-30	0	10.24	28	10.5
2002-05-31	5.5	9.61	28.5	11
2002-06-01	11.3	7	26	11
2002-06-02	14.1	5.49	25	8.5
2002-06-03	0	6.82	26	8
2002-06-04	0.01	5.65	26	11
2002-06-05	0	7.52	26.5	11.5
2002-06-06	0	5.87	23	11.5
2002-06-07	0	6.82	23.5	10
2002-06-08	5.9	3.3	24	11.5
2002-06-09	0	3.9	22	13.5
2002-06-10	29	7.7	22	13
2002-06-11	0	10.1	25	13
2002-06-12	1	6.3	25.5	12
2002-06-13	0	5	25	11.5
2002-06-14	0	5.8	25	10
2002-06-15	0	6.5	25	11
2002-06-16	0	8.4	27	11.5
2002-06-17	0	10.6	27	12
2002-06-18	0	11.1	23	11.5
2002-06-19	0	6.5	24	10
2002-06-20	0.6	8.1	25.5	11
2002-06-21	19	10.1	17	12.5
2002-06-22	2	0.8	16.5	11.5
2002-06-23	0	8.84	22	8.5
2002-06-24	0	7.81	23	8
2002-06-25	0	8.3	25	8
2002-06-26	0	6.25	26	9
2002-06-27	0	7.25	26	10
2002-06-28	0	7.48	26	10
2002-06-29	15.5	5.09	23	10
2002-06-30	3.5	2.31	NULO	NULO
2002-07-01	0	7.79	24	12
2002-07-02	0	6.11	25.5	11
2002-07-03	18	9.23	27	11
2002-07-04	16	8.05	23.5	9.5
2002-07-05	3.4	3.04	23	10
2002-07-06	5.1	3.56	21	12
2002-07-07	0.01	6.2	21.5	12
2002-07-08	0	7.13	22	10
2002-07-09	0	6.02	23.5	10
2002-07-10	1.3	3.94	22.58	12.5
2002-07-11	0.01	5.37	22.5	11.5
2002-07-12	0.01	5.28	23.5	10
2002-07-13	0	6.17	25.5	11
2002-07-14	16.1	3.2	22.5	12
2002-07-15	5.5	1.33	17.3	13
2002-07-16	0	2.5	20.5	12
2002-07-17	0	6.85	22.5	12
2002-07-18	0.01	3.2	20	9.5
2002-07-19	0.9	5.4	22	10.5
2002-07-20	0	5.9	24	10
2002-07-21	0.01	6.59	23	10
2002-07-22	0	5.05	20	10.5
2002-07-23	0	6.28	20.5	9.5
2002-07-24	0	6.93	23	6.5
2002-07-25	0	7.18	25	7
2002-07-26	0	5.49	26	9
2002-07-27	0	4.8	26	10.5
2002-07-28	1.5	6.9	26	10.5
2002-07-29	3.7	3.3	24	11
2002-07-30	0	7.7	24	11
2002-07-31	0	3.8	24.5	11.5
2002-08-01	0	5.2	24	10
2002-08-02	0	4.44	24	11
2002-08-03	0	5.4	24	11
2002-08-04	0	4.16	24	10.5
2002-08-05	0.01	6.2	24.5	10
2002-08-06	3	3.2	24.5	10
2002-08-07	0	6.96	24.5	8.5
2002-08-08	0	9.79	24.5	8
2002-08-09	0	7.24	25.5	7
2002-08-10	0	7.25	25	8.5
2002-08-11	0	7.2	25	8
2002-08-12	0.01	4.57	26	7.5
2002-08-13	31.5	6.86	24	9
2002-08-14	4	3.93	25	11.5
2002-08-15	11	5.62	24	11
2002-08-16	0	5.38	22.5	11.5
2002-08-17	0	7.51	24.5	9.5
2002-08-18	0	6.92	25	9
2002-08-19	0	7.24	26	10.5
2002-08-20	0	7.83	24	10
2002-08-21	0	7.04	24.5	10
2002-08-22	0	7.74	24	10.5
2002-08-23	0	3.54	24	10
2002-08-24	0	6.73	23.5	10
2002-08-25	0	8.54	24.5	10
2002-08-26	0	9.4	25	7
2002-08-27	0	8.51	26.5	8
2002-08-28	0	8.8	24	7.5
2002-08-29	0	3.8	20.5	11
2002-08-30	0	4.25	21.5	10.5
2002-08-31	0.5	5.27	21	10.5
2002-09-01	0.01	5.69	23.5	11
2002-09-02	0	5.59	23.5	7
2002-09-03	2.5	9.52	23	7.5
2002-09-04	13.6	7.31	25	10
2002-09-05	0.01	4.23	27	11
2002-09-06	9.8	5.88	24.5	10.5
2002-09-07	2.8	2.18	22	11
2002-09-08	3.3	4.8	25.5	12
2002-09-09	1	4.32	24.5	11.5
2002-09-10	0.01	4.75	26	11
2002-09-11	9.8	7.19	24	11
2002-09-12	16.3	0.81	24	12.5
2002-09-13	6.5	1.14	20.5	12
2002-09-14	4	3.97	23	13
2002-09-15	2.6	3.4	23	13
2002-09-16	1.8	2.27	26	12
2002-09-17	0	3.41	24.5	12
2002-09-18	0.3	6.71	26	12
2002-09-19	0	3.63	23	12.5
2002-09-20	6.5	0.85	18.5	12
2002-09-21	1.4	1.47	17	11
2002-09-22	0	7.15	20	11.5
2002-09-23	2.8	4.27	21.5	7.5
2002-09-24	2.3	2.68	16.5	9
2002-09-25	0.3	2.92	21	7
2002-09-26	5.1	1.11	19	8
2002-09-27	0.01	2.09	24	11
2002-09-28	0	5.17	22	10.5
2002-09-29	0.01	4.15	24	7
2002-09-30	0	6.6	NULO	NULO
2002-10-01	0	6.45	26	8.5
2002-10-02	0	5.39	25	9
2002-10-03	0	6.3	25	10.5
2002-10-04	0	5.7	26	10
2002-10-05	0	4.34	26	9.5
2002-10-06	0	2.9	25	10
2002-10-07	0	5.1	22	8
2002-10-08	0	6.09	24	11.5
2002-10-09	0	6.09	25.5	10.5
2002-10-10	0	5.44	23	10
2002-10-11	0	4.54	21	9.5
2002-10-12	0	7.38	24	9.5
2002-10-13	1.2	6.2	22	7.5
2002-10-14	0	2.54	22.5	9
2002-10-15	0	6.67	25	7.5
2002-10-16	1.1	5.16	20	8.5
2002-10-17	0	5.29	25.5	10
2002-10-18	0	4.7	26	11
2002-10-19	0	2.72	26	9
2002-10-20	0	5.9	25	7
2002-10-21	0	6.27	25	7
2002-10-22	0	5.63	25	8
2002-10-23	0	5.82	26	9
2002-10-24	12.1	5.23	24	10
2002-10-25	0	4.59	23.5	9.5
2002-10-26	0.9	5.08	26	10.5
2002-10-27	0	4.14	25	12
2002-10-28	0	4.4	23	10
2002-10-29	0	5	26	9.5
2002-10-30	0	4.21	23	9
2002-10-31	0	6.58	24	11
2002-11-01	0	5.61	23.5	12
2002-11-02	0.01	3.33	23	12
2002-11-03	0.8	2.73	20	10
2002-11-04	0	3.65	22	12
2002-11-05	28.1	6.47	23	11
2002-11-06	0.01	2.32	13	7
2002-11-07	0.01	2.41	21	6
2002-11-08	0	4.96	24	7
2002-11-09	0	5.74	26	9
2002-11-10	0	5.32	25	10
2002-11-11	0	7.97	26	9
2002-11-12	0	4.86	26	8
2002-11-13	0	3.28	17	4.5
2002-11-14	0	4.61	22	6.5
2002-11-15	0	3.58	20	9.5
2002-11-16	0	4.38	21	10
2002-11-17	0	5.45	21	-0.5
2002-11-18	0	5.56	24	-0.5
2002-11-19	0	5.07	22.5	2.5
2002-11-20	0	4.9	21	0.5
2002-11-21	0	4.54	21	1.5
2002-11-22	0	6.08	17	-3
2002-11-23	0	5.33	20	-2
2002-11-24	0	6.11	21	1.5
2002-11-25	0	7	22.5	4
2002-11-26	0	5.24	20	6.5
2002-11-27	0	4.38	21	5
2002-11-28	0	4.32	20	7
2002-11-29	0	4.7	21	6
2002-11-30	0	4.59	NULO	NULO
2002-12-01	0	5.34	23	6
2002-12-02	0	4.83	26	6
2002-12-03	0	5.9	25	5
2002-12-04	0	5.83	27	6.5
2002-12-05	0	4.55	24	6.5
2002-12-06	0	4.17	19.5	4
2002-12-07	0	5.05	20	3.5
2002-12-08	0	1.07	14	8
2002-12-09	0	1.07	23	5
2002-12-10	0	1.07	24	4
2002-12-11	0	1.07	22	5
2002-12-12	0	1.07	20.5	6
2002-12-13	0	1.07	18.5	5.5
2002-12-14	0	1.07	19	4.5
2002-12-15	0	1.07	21	6
2002-12-16	0	1.07	21.5	4
2002-12-17	0	1.07	22.5	5.5
2002-12-18	0	1.07	24	5.8
2002-12-19	0	1.07	25	3.5
2002-12-20	0	1.07	20.5	3
2002-12-21	0	1.07	25	5
2002-12-22	0	1.07	24	4
2002-12-23	0	1.07	21	6
2002-12-24	0	1.07	21.5	6
2002-12-25	0	1.07	24	7
2002-12-26	0	1.07	22.5	7.5
2002-12-27	0	1.07	22	5.5
2002-12-28	0	1.07	20	6
2002-12-29	0	1.07	24	5.5
2002-12-30	0	1.07	22	7
2002-12-31	0	1.07	25	4.5
2003-01-01	0	6.66	26	6.5
2003-01-02	0	5.05	17	7
2003-01-03	0	5.53	19	0.5
2003-01-04	0	8.14	21.5	1
2003-01-05	0	7.69	22.5	5.5
2003-01-06	0	6.54	22	4
2003-01-07	0	2.98	11.5	6
2003-01-08	0	4.12	21.5	4
2003-01-09	0	4.64	23.5	3.5
2003-01-10	0	4.63	21	3.5
2003-01-11	0.5	3.37	22	6
2003-01-12	0.01	1.21	12.5	8.5
2003-01-13	0.01	1.77	14.5	7.5
2003-01-14	0	2.87	18	2
2003-01-15	0	6.94	20.5	-3.5
2003-01-16	0	4.5	22	-1
2003-01-17	0	6.01	25	2
2003-01-18	0	6.75	27	2.5
2003-01-19	0	7.45	22	3
2003-01-20	0	8.9	23.5	3
2003-01-21	0	8.84	25	4.5
2003-01-22	0	7.03	25.5	5.5
2003-01-23	0	3.12	16	6.5
2003-01-24	0	5.75	21	2.5
2003-01-25	0	6.63	22	4
2003-01-26	0	5.53	23	5.5
2003-01-27	0	4.18	17.5	5
2003-01-28	0	5.86	20.5	2.5
2003-01-29	0	6.19	23	3.5
2003-01-30	0	5.16	19	3
2003-01-31	0	7.94	23	5
2003-02-01	0	4.85	22	2.5
2003-02-02	0	7.05	27	3.5
2003-02-03	0	5.39	27	7.5
2003-02-04	0	6.3	26	9
2003-02-05	0	6.5	27	8
2003-02-06	0	7.3	27	7
2003-02-07	0	6.7	24	8.5
2003-02-08	0	7.95	25	4
2003-02-09	0	9.25	27.5	5
2003-02-10	0	7.2	26	6.5
2003-02-11	0	6.3	26.5	6
2003-02-12	0	7.76	26.5	6
2003-02-13	0	6.15	26.5	4.5
2003-02-14	0	7.35	27	8
2003-02-15	0	7.61	26	8
2003-02-16	0	5.67	20.5	7.5
2003-02-17	0	6.53	25	5.5
2003-02-18	0	9.95	26	4.5
2003-02-19	0	6.52	26	7.5
2003-02-20	0	9.31	25	8.5
2003-02-21	0	9.01	25	7
2003-02-22	0	8.12	24	3
2003-02-23	0	7.35	24	3
2003-02-24	0	9.65	27.5	5
2003-02-25	0	10.07	28	8
2003-02-26	0	9.79	28.8	9.5
2003-02-27	0	8.36	27.5	8
2003-02-28	0	9.09	NULO	NULO
2003-03-01	0	8.15	28.5	9.5
2003-03-02	0	10.51	29	8
2003-03-03	0	10.25	30.5	9.5
2003-03-04	0	10.48	29	8.5
2003-03-05	0	10.87	29.5	9.5
2003-03-06	0	9.8	30	10
2003-03-07	0	10.73	29	7.5
2003-03-08	0	10.43	31	10.5
2003-03-09	0	8.47	27.5	9
2003-03-10	0	8.51	28.5	6.5
2003-03-11	0	10.64	26	7.5
2003-03-12	0	9.88	28.5	9
2003-03-13	0	8.76	27.5	9.5
2003-03-14	0.8	11.85	24	9.5
2003-03-15	0	10.23	24	9.5
2003-03-16	0	9.5	25	6
2003-03-17	0	10.83	25.5	6
2003-03-18	0	12.62	26	8
2003-03-19	0	11.61	27	7
2003-03-20	0	10.38	27	5
2003-03-21	0	9.08	27.5	5.5
2003-03-22	0	9.01	27	7
2003-03-23	0	6.35	23	5.5
2003-03-24	0	8.93	27.5	7.5
2003-03-25	0	9.72	27	8
2003-03-26	0	6.79	23.5	7
2003-03-27	0	7.37	25.5	7.5
2003-03-28	0	9.42	26.5	7.5
2003-03-29	5.4	5.47	26	8.5
2003-03-30	0	1.24	8	0.5
2003-03-31	0	4.93	11	0.5
2003-04-01	0	7.87	24.5	3
2003-04-02	0	5.64	23	8
2003-04-03	0	7.75	27	8
2003-04-04	0	10.08	28.5	10.5
2003-04-05	0	8.95	28	11
2003-04-06	0	7.5	30	10
2003-04-07	0	8.45	30	10
2003-04-08	0	7.6	25	11
2003-04-09	0	6.42	18.5	7
2003-04-10	0	5.33	26	9
2003-04-11	0	6.84	23	14
2003-04-12	0	10.3	27	9
2003-04-13	0	9.59	28	9.5
2003-04-14	0	10.12	28	11
2003-04-15	0	11.02	28.5	10
2003-04-16	0	10.67	30	11
2003-04-17	0	10.67	35	8.5
2003-04-18	0	10.67	31	9.5
2003-04-19	7	10.67	31	13
2003-04-20	8.7	10.67	28.5	12
2003-04-21	1.3	10.67	25	9.5
2003-04-22	0	10.67	28	10.5
2003-04-23	0	10.67	28	12
2003-04-24	0	10.67	29	11.5
2003-04-25	0	10.67	30	11
2003-04-26	0	10.67	30.5	11
2003-04-27	0	10.67	30	10
2003-04-28	0	10.67	31	11
2003-04-29	0	10.67	30.5	12
2003-04-30	0	10.67	NULO	NULO
2003-05-01	0	11.72	30	12
2003-05-02	0	12.33	31	11.5
2003-05-03	0	11.18	31	14
2003-05-04	0	11.45	32	14
2003-05-05	0	12.69	33	12.5
2003-05-06	0	12.87	32	14
2003-05-07	0	12.21	32	13
2003-05-08	0	10.19	32	14
2003-05-09	0	9.93	32	14.5
2003-05-10	0	11.07	32	13
2003-05-11	0	11.07	30	11
2003-05-12	0	11.07	27	13
2003-05-13	0	11.07	27.5	8
2003-05-14	0	11.07	29	9
2003-05-15	0	11.07	29.5	10.5
2003-05-16	0	11.07	30.5	12.5
2003-05-17	0	11.07	28.5	12
2003-05-18	0	11.07	29	8
2003-05-19	0	11.07	30	9
2003-05-20	0	11.07	28	11
2003-05-21	0	11.07	24.5	8
2003-05-22	0	11.07	24	9.5
2003-05-23	0	11.07	25	9
2003-05-24	0	11.07	26	9.5
2003-05-25	2.8	11.07	27	9
2003-05-26	9	11.07	25	10.5
2003-05-27	0	11.07	23.5	10
2003-05-28	0	11.07	23	9.5
2003-05-29	0	11.07	24	10.5
2003-05-30	0	11.07	26	9.5
2003-05-31	0	11.07	28.5	10
2003-06-01	0	9.86	30	9
2003-06-02	8.8	4.2	24.5	11
2003-06-03	13	3.67	26	12.5
2003-06-04	0.3	3.2	22	11.5
2003-06-05	7.2	6.05	26	12
2003-06-06	0.7	5.63	26.5	12.5
2003-06-07	0	6.9	25.5	12
2003-06-08	0.8	9.36	25.5	12.5
2003-06-09	6.8	1.67	24	12.5
2003-06-10	0	3.38	24	12.5
2003-06-11	1.4	3.75	25	13
2003-06-12	0	3.51	27.5	12.5
2003-06-13	0	5.64	26.5	12
2003-06-14	0	6.18	24.5	12.5
2003-06-15	0	7.54	26	10.5
2003-06-16	0	3.2	26	10.5
2003-06-17	13.7	3.2	23.5	10.5
2003-06-18	0	2.16	21	10.5
2003-06-19	0	6.88	24	11
2003-06-20	0	5.11	25	11
2003-06-21	0	5.6	26	4.5
2003-06-22	0	4.3	24.5	12
2003-06-23	4.5	3.52	25	12
2003-06-24	0	6.22	25.5	12
2003-06-25	0	6.97	24.5	10.5
2003-06-26	0	8.4	24	10
2003-06-27	0.7	2.68	20	9.5
2003-06-28	10.5	8.08	24	9.5
2003-06-29	0.3	0.73	16	11
2003-06-30	13.6	2.51	NULO	NULO
2003-07-01	5.8	3.18	26	12.5
2003-07-02	4.6	3.86	24	10.5
2003-07-03	0.01	3.66	23	12
2003-07-04	7.6	2.79	23.5	12
2003-07-05	13.1	6.76	21.5	12.5
2003-07-06	8.1	5.4	23	12.5
2003-07-07	0	5.82	23	11
2003-07-08	0	2.91	21	10.5
2003-07-09	0	2.91	21.5	8
2003-07-10	0	2.91	23	9.5
2003-07-11	0.01	2.91	23.5	6.5
2003-07-12	0	2.91	24	7
2003-07-13	0	2.91	23.5	6.5
2003-07-14	0	2.91	24	7.5
2003-07-15	0	2.91	24.5	9
2003-07-16	0	2.91	24.5	10
2003-07-17	0	2.91	24	11
2003-07-18	0	2.91	25	10
2003-07-19	0	2.91	24	11
2003-07-20	0	2.91	24.5	10
2003-07-21	0	2.91	26	12
2003-07-22	0	2.91	25	11
2003-07-23	0	2.91	25.5	11
2003-07-24	0	2.91	25	7
2003-07-25	0	2.91	25	9
2003-07-26	0	2.91	24.5	13
2003-07-27	0	2.91	24.5	11.5
2003-07-28	0	2.91	25.5	9
2003-07-29	0.3	2.91	24	12
2003-07-30	2.2	2.91	22	10
2003-07-31	0.8	2.91	24	11
2003-08-01	0	2.62	21	10.5
2003-08-02	3	3.8	24	9.5
2003-08-03	0	4.26	24.5	7
2003-08-04	0	5.07	25	9.5
2003-08-05	8.3	3.62	25	9.5
2003-08-06	0	4.95	24.5	10
2003-08-07	0	6.91	25.5	9.5
2003-08-08	0	7.85	26	8.5
2003-08-09	0	6.76	25.5	7.5
2003-08-10	0	8.12	27	8
2003-08-11	0	7.35	27	9
2003-08-12	0	4.78	26	8
2003-08-13	0	6.65	25	9
2003-08-14	0	5.44	25	8.5
2003-08-15	0	5.75	23.5	7
2003-08-16	0	5.4	23	9
2003-08-17	0.9	5.88	24	10
2003-08-18	0.7	2.74	23	9
2003-08-19	0.7	2.07	22	10
2003-08-20	11.9	2.31	21.5	10.5
2003-08-21	6.8	0.66	18	11.5
2003-08-22	0	4.35	21.5	12
2003-08-23	2.4	2.53	22	10
2003-08-24	0	6.53	24	12
2003-08-25	0	6.12	23	9
2003-08-26	0	5.45	24	9
2003-08-27	0	5.78	24	9
2003-08-28	0	6.84	26	9
2003-08-29	0	5.35	26	7.5
2003-08-30	0	5.32	26	11
2003-08-31	6	5.32	25	11
2003-09-01	6.4	2.48	21.5	12
2003-09-02	0	5.47	23.5	9.5
2003-09-03	2	3.46	22.5	10.5
2003-09-04	0.3	4.93	24	10
2003-09-05	50.8	7.62	21.5	10.5
2003-09-06	1.5	2.46	21.5	11.5
2003-09-07	0	3.79	22	11.5
2003-09-08	4.2	2.3	22	12.5
2003-09-09	0	5.08	25	12
2003-09-10	0	5.53	24.5	11
2003-09-11	0	5.45	25	11
2003-09-12	0	6.49	25	11.5
2003-09-13	0.4	0.49	23.5	10.5
2003-09-14	2.1	4.56	23.5	11
2003-09-15	0.01	2.69	20	12
2003-09-16	0	4.55	23	11.5
2003-09-17	0	5.09	24	11.5
2003-09-18	2.5	3.25	24	10
2003-09-19	8.7	2.29	24	11
2003-09-20	8.5	3.56	24	11.5
2003-09-21	0.01	3.46	23.5	12.5
2003-09-22	0	4.79	25	12
2003-09-23	0	4.55	24	11
2003-09-24	1.2	4.97	26	12
2003-09-25	0.3	5.1	25	9
2003-09-26	12.6	5.14	26.5	11
2003-09-27	3	4.17	24.5	12
2003-09-28	26.2	6.21	17.5	11
2003-09-29	33.9	0.75	14	9
2003-09-30	0.01	1.79	NULO	NULO
2003-10-01	0	4.76	20	6
2003-10-02	6.3	2.76	21	6
2003-10-03	2.1	1.63	18	7
2003-10-04	1.7	2.22	18.5	9.5
2003-10-05	0	2.12	20	10
2003-10-06	0	3.16	22	10
2003-10-07	1.1	3.76	22	11.5
2003-10-08	4.1	2.92	23	12
2003-10-09	0	3.04	22.5	12
2003-10-10	0	3.27	25.5	11.5
2003-10-11	0	3.13	25.5	12
2003-10-12	0	3.13	24.5	12.5
2003-10-13	0.3	3.13	20.5	12
2003-10-14	0	3.13	24	11.5
2003-10-15	0	3.13	24	11
2003-10-16	0	3.13	22	9
2003-10-17	0	3.13	21	9.5
2003-10-18	2.8	3.13	18	10
2003-10-19	0	3.13	19.5	9
2003-10-20	0	3.13	19	8
2003-10-21	0	3.13	20	5
2003-10-22	0	3.13	21	6
2003-10-23	0	3.13	24	7
2003-10-24	0	3.13	25	11
2003-10-25	0	3.13	26	9
2003-10-26	3	3.13	24	11
2003-10-27	1.5	3.13	20	13
2003-10-28	0	3.13	22	12
2003-10-29	0	3.13	24	12
2003-10-30	0	3.13	27	11
2003-10-31	4	3.13	20	13
2003-11-01	0	2.91	25	12
2003-11-02	0	1.8	21	13
2003-11-03	0	1.8	24	10
2003-11-04	0	1.8	24	12
2003-11-05	0	1.8	26.5	11.5
2003-11-06	0	1.8	24.5	2.5
2003-11-07	0	1.8	23.5	6
2003-11-08	0	1.8	21	9
2003-11-09	1.1	1.8	20.5	6
2003-11-10	0	1.8	19.5	6
2003-11-11	0	1.8	21	9
2003-11-12	0.01	1.8	24	10
2003-11-13	0	1.05	17	11.5
2003-11-14	0	1.05	21.5	9.5
2003-11-15	0	1.05	24	8.5
2003-11-16	0	1.05	26.5	8
2003-11-17	0	1.05	27	10.5
2003-11-18	0	1.05	25.5	9
2003-11-19	0	1.05	20.5	4.5
2003-11-20	0	1.05	24	0.5
2003-11-21	0	1.05	26.5	5.5
2003-11-22	0	1.05	26.5	8
2003-11-23	0	1.05	26	8.5
2003-11-24	0	1.05	26.5	8
2003-11-25	0	1.05	25	8
2003-11-26	0	1.05	26	9
2003-11-27	0	1.05	26	8
2003-11-28	0	1.05	14	4
2003-11-29	0	1.05	20	-0.5
2003-11-30	0	1.05	NULO	NULO
2003-12-01	0	4.9	21.5	3.5
2003-12-02	0	3.15	21	5
2003-12-03	0	4.03	21.5	3
2003-12-04	0	4.62	22	2.5
2003-12-05	0	2.16	18	2.5
2003-12-06	0	5.04	18	5
2003-12-07	0	3.51	20.5	3.5
2003-12-08	0	4.12	22	4
2003-12-09	0	4.47	21	3
2003-12-10	0	3.21	22	4.5
2003-12-11	0	4.27	25.5	5.5
2003-12-12	0	6.5	25.5	6.5
2003-12-13	0	4.79	23	7
2003-12-14	0	6.56	22	1.5
2003-12-15	0	5.67	19	0
2003-12-16	0	3.94	22	2.5
2003-12-17	0	4.24	18	-1
2003-12-18	0	3.77	20.5	-2
2003-12-19	0	2.69	18	-3
2003-12-20	0	3.41	19	-3
2003-12-21	0	4.34	22	0
2003-12-22	0	6.02	22	0
2003-12-23	0	4.54	18.5	1.5
2003-12-24	0	5.45	21.5	0
2003-12-25	0	4.4	22.5	2.5
2003-12-26	0	6.22	24.5	0.5
2003-12-27	0	5.4	25	6
2003-12-28	0	6.79	26	5
2003-12-29	0.4	3.87	18	5
2003-12-30	0	4.03	22	3.5
2003-12-31	0	4.26	22.5	4.5
2004-01-01	0	3.85	23	4.5
2004-01-02	0	3.96	24	4.5
2004-01-03	0	6.1	24	5
2004-01-04	0	5.08	25	7
2004-01-05	0	3.44	23	1.5
2004-01-06	0	4.97	19	5.5
2004-01-07	0	4.49	21	3.5
2004-01-08	0	4.24	22	4
2004-01-09	0	5.09	18	7.5
2004-01-10	0	3.09	11	4.5
2004-01-11	0	2.77	15.5	1.5
2004-01-12	0	4.78	23	4
2004-01-13	0	3.46	21	2.5
2004-01-14	0.01	3	20	4
2004-01-15	0.3	3.23	25	9
2004-01-16	0	1.23	15	3.5
2004-01-17	0	1.23	17	7
2004-01-18	0	1.23	23.5	2
2004-01-19	0	1.23	23	1
2004-01-20	0	1.23	21	5
2004-01-21	0	1.23	25	8
2004-01-22	0	1.23	24.5	9
2004-01-23	0	1.23	27	6
2004-01-24	0	1.23	24	7
2004-01-25	0	1.23	20	6.5
2004-01-26	0	1.23	22	8.5
2004-01-27	0	1.23	21.5	3.5
2004-01-28	0	1.23	22	3.5
2004-01-29	0.01	1.23	19	6
2004-01-30	0	0.58	11	8
2004-01-31	0	0.58	19	-0.5
2004-02-01	0	6.35	23.5	3
2004-02-02	0	5.08	25	3.5
2004-02-03	0	6.34	22	2.5
2004-02-04	0	6.28	23	5
2004-02-05	0	7.22	25	6
2004-02-06	0	5.17	26	7.5
2004-02-07	0	3.97	18	3.5
2004-02-08	0	6.45	25.5	4
2004-02-09	0	6.15	27	6.5
2004-02-10	0	5.84	25	7.5
2004-02-11	0	6.71	26	8
2004-02-12	0	4.78	23.5	8
2004-02-13	0.7	4.44	22.5	9
2004-02-14	0	7.65	23.5	6
2004-02-15	0	8.28	23	6
2004-02-16	0	5.4	21	3
2004-02-17	0	4.05	18.5	0.5
2004-02-18	0	7.03	20	-4.5
2004-02-19	0	6.15	25.5	-1.5
2004-02-20	0	8.63	24	5
2004-02-21	0	7.8	24	5.5
2004-02-22	0	8.7	24	5
2004-02-23	0	9.35	24	8
2004-02-24	0	10.2	24	6.5
2004-02-25	0	6.79	23	3
2004-02-26	0	5.99	23	2
2004-02-27	0	7.61	26.5	2.5
2004-02-28	0	7.15	28	8
2004-02-29	0	7.95	NULO	NULO
2004-03-01	0	8	27	8
2004-03-02	0	5.73	27	10
2004-03-03	0	8.82	29	8.5
2004-03-04	0	8.86	28	12
2004-03-05	0	7.09	29	9
2004-03-06	0	7.18	24	10.5
2004-03-07	0.4	6.86	25.5	8
2004-03-08	0	1.49	15	9
2004-03-09	0	1.49	21.5	5
2004-03-10	0	1.49	23.5	4.5
2004-03-11	0	1.49	22	4.5
2004-03-12	0	1.49	23	6
2004-03-13	0	1.49	22.5	2.5
2004-03-14	0.01	1.49	25.5	9
2004-03-15	0.6	1.49	23.5	4
2004-03-16	0	1.49	23	8
2004-03-17	0	1.49	24	8.5
2004-03-18	0	1.49	28	10.5
2004-03-19	0	1.49	26.5	9
2004-03-20	0	1.49	24	6
2004-03-21	0	1.49	19	5
2004-03-22	0	1.49	21.5	4
2004-03-23	0	1.49	24.5	4
2004-03-24	0	1.49	26	5.5
2004-03-25	0	1.49	27	8
2004-03-26	0	1.49	26	6.5
2004-03-27	0	1.49	25	8.5
2004-03-28	0	1.49	25.5	9
2004-03-29	4.1	1.49	26	6.5
2004-03-30	2.5	1.49	19	7
2004-03-31	0.3	1.49	19	8
2004-04-01	0	5.47	22	7
2004-04-02	0	4.77	23	7.5
2004-04-03	0	5.25	24	2.5
2004-04-04	0.4	4.25	23	7.5
2004-04-05	0	3.56	22.5	9.5
2004-04-06	0	7.24	22.5	10.5
2004-04-07	0	5.52	19	11
2004-04-08	0	6.39	24	9.5
2004-04-09	0	8.63	25	11
2004-04-10	0	11.19	27.5	10
2004-04-11	0	12.24	26	11
2004-04-12	0	10.45	26.5	10
2004-04-13	0	6.33	20	7
2004-04-14	0	7.54	25	4
2004-04-15	0	9.82	26.5	5.5
2004-04-16	0	9.46	28	10
2004-04-17	0	8.44	27	10.5
2004-04-18	0	8.63	25.5	12
2004-04-19	0	8.58	24	4.5
2004-04-20	0	8.87	28	5
2004-04-21	0	7.59	29	7.5
2004-04-22	0	8.13	26.5	11
2004-04-23	0	9.04	28	11.5
2004-04-24	0	9.01	30	12
2004-04-25	1.5	9.01	28	10
2004-04-26	2.8	9.01	26.5	10
2004-04-27	0	9.01	17.5	9.5
2004-04-28	0	7.24	25	9
2004-04-29	0	6.2	25	10
2004-04-30	4	6.2	NULO	NULO
2004-05-01	5.5	5.2	18	6
2004-05-02	1.5	4.3	17	6
2004-05-03	2	7	19	6
2004-05-04	9	5.1	23	11
2004-05-05	9.5	2.38	22	10
2004-05-06	4	5.04	23	10
2004-05-07	2.5	9.78	23	9
2004-05-08	3	6.2	22	10
2004-05-09	8	3.7	24	7
2004-05-10	6	10.5	25	8
2004-05-11	0	6.38	28	10
2004-05-12	0	7.8	27	10.5
2004-05-13	15.4	7.8	27.5	14
2004-05-14	0	6.23	23.5	9
2004-05-15	0	6.23	21	7
2004-05-16	0	6.23	24	8
2004-05-17	0	6.23	25	8.5
2004-05-18	0	6.23	24.5	9.5
2004-05-19	0.3	6.23	23	6
2004-05-20	0	6.23	25.5	8
2004-05-21	0	6.23	26.5	9.5
2004-05-22	0	6.23	27.5	8.5
2004-05-23	0	6.23	27	11
2004-05-24	0	6.23	27	9
2004-05-25	0	6.23	29	7.5
2004-05-26	0	6.23	29	8
2004-05-27	0	6.23	29	12
2004-05-28	0	6.23	27	12
2004-05-29	0	6.23	27.5	14
2004-05-30	2	6.23	28.5	11.5
2004-05-31	0	6.23	27	10.5
2004-06-01	5	3.32	22	10.5
2004-06-02	13	3.46	22.5	11
2004-06-03	3.4	6.26	21	12
2004-06-04	0	4.64	18.5	11.5
2004-06-05	0	3.97	21	9
2004-06-06	25.4	5.14	22	11
2004-06-07	0	2.13	22	12
2004-06-08	5	1.9	21	13
2004-06-09	4	5.5	21	13
2004-06-10	0	5.6	21	12
2004-06-11	0	4.9	22	10
2004-06-12	0	6.04	21	11
2004-06-13	0	7.6	21	12
2004-06-14	0	7.6	21	12
2004-06-15	0	4.63	27	11
2004-06-16	0	5.57	21.5	10
2004-06-17	0	6.66	22.5	11.5
2004-06-18	0	5.53	23.5	7.5
2004-06-19	8.7	4.26	26.5	8
2004-06-20	2	5.3	25	10.5
2004-06-21	2	1.01	25	11.5
2004-06-22	1	1.01	24	11.5
2004-06-23	0	4.26	23	12
2004-06-24	0	3.88	23	10.5
2004-06-25	0	2.5	24	12
2004-06-26	0	5.96	24	12
2004-06-27	0	5.05	23	11.5
2004-06-28	0	4.8	23.5	10.5
2004-06-29	0	5.72	25	11
2004-06-30	0	7.79	NULO	NULO
2004-07-01	0	8	24.5	4
2004-07-02	0	5.18	24.5	9.5
2004-07-03	0	5.03	25.5	10
2004-07-04	0	5.98	25.5	10
2004-07-05	0	7.77	25.5	8
2004-07-06	0	5.19	24.5	9.5
2004-07-07	2.8	3.85	24	12.5
2004-07-08	0	5.68	25.5	10.5
2004-07-09	0	5.68	25	8.5
2004-07-10	3.5	5.68	21	12.5
2004-07-11	0.01	5.68	23	11
2004-07-12	0	5.68	21	10.5
2004-07-13	0	5.68	23.5	8
2004-07-14	0	5.68	24	7
2004-07-15	0	5.68	24.5	6.5
2004-07-16	0	3.05	24	6.5
2004-07-17	0	3.05	25	8.5
2004-07-18	0	4.29	25	8
2004-07-19	1.4	4.29	23.5	9.5
2004-07-20	1.5	4.29	25	9.5
2004-07-21	0	4.29	25	11
2004-07-22	0	4.72	25	14
2004-07-23	0	4.72	22	12
2004-07-24	0	4.72	23	11
2004-07-25	0	4.72	23	11
2004-07-26	0	4.72	23	10
2004-07-27	0	4.72	24	11
2004-07-28	0	4.72	26	10.5
2004-07-29	12	4.72	28	14
2004-07-30	0.01	4.72	27.5	12
2004-07-31	0.01	4.72	24	11
2004-08-01	1.1	5.43	24	8.5
2004-08-02	0.6	4.41	23	9
2004-08-03	18.5	2.22	22.5	12
2004-08-04	18.5	6.32	22	12
2004-08-05	0	4.52	24.5	11
2004-08-06	0	5.49	24.5	10
2004-08-07	0	7.28	25.5	9
2004-08-08	0	7.07	26	8.5
2004-08-09	0	7.21	25	9
2004-08-10	0	7.05	25	9.5
2004-08-11	0	4.81	25.5	9.5
2004-08-12	0	4.81	24	10.5
2004-08-13	0	4.81	22	13
2004-08-14	0	4.81	21	10.5
2004-08-15	0	4.81	22	8
2004-08-16	0	4.81	23	8.5
2004-08-17	0	4.81	23.5	9
2004-08-18	0	4.81	24.5	9.5
2004-08-19	0	4.81	25	10
2004-08-20	3.4	4.81	24	10
2004-08-21	10.8	4.81	24	10.5
2004-08-22	0	4.81	24.5	11
2004-08-23	0	4.81	25	10.5
2004-08-24	0	4.81	24	9.5
2004-08-25	0	4.81	24.5	9.5
2004-08-26	0	4.81	26	9
2004-08-27	0.01	4.81	23.5	9.5
2004-08-28	0.4	4.81	26	8.5
2004-08-29	0	4.81	23	10
2004-08-30	0	4.81	23	11
2004-08-31	0	4.81	24	11.5
2004-09-01	5.6	5.73	24	10.5
2004-09-02	0.3	3.24	22.5	11
2004-09-03	0	5.06	24	10.5
2004-09-04	0	4.87	25	10.5
2004-09-05	0	4.87	24.5	11
2004-09-06	0	4.87	24.5	8
2004-09-07	0	4.87	23.5	11
2004-09-08	0	2.6	21	10
2004-09-09	0	2.6	20	9.5
2004-09-10	0	2.6	20.5	8.5
2004-09-11	4	2.6	22	9
2004-09-12	0	2.6	20	9.5
2004-09-13	0	2.6	25.5	8
2004-09-14	0	2.6	27	9
2004-09-15	0	2.6	27	9
2004-09-16	0	2.6	21	8
2004-09-17	1.3	2.6	23	10
2004-09-18	0.01	2.6	26	10
2004-09-19	0	2.6	26	10
2004-09-20	0	2.6	24	9
2004-09-21	0	2.6	24.5	8
2004-09-22	0	2.6	24	9
2004-09-23	0	2.6	25	7.5
2004-09-24	0	2.6	24.5	8
2004-09-25	0	2.6	24	10
2004-09-26	3	2.6	23	11
2004-09-27	28.5	2.6	23	11
2004-09-28	2.8	2.6	20.5	11.5
2004-09-29	0	2.6	20	11.5
2004-09-30	0	2.6	NULO	NULO
2004-10-01	0	4.96	19	9
2004-10-02	0	6.66	22	9.5
2004-10-03	5.4	3.31	20	9
2004-10-04	1.8	3.16	18	10
2004-10-05	1.4	2.11	18	10
2004-10-06	0	2.9	22	11
2004-10-07	0	3.86	24	11
2004-10-08	12.5	3.81	22	10
2004-10-09	0.3	1.18	16	11
2004-10-10	0	4.04	22	10
2004-10-11	0	3.81	23.5	2.5
2004-10-12	0	3.14	21.5	7.5
2004-10-13	0.6	2.51	20.5	11
2004-10-14	0	4.79	25.5	11.5
2004-10-15	0	4.5	24	11.5
2004-10-16	0	4.18	24.5	12
2004-10-17	0	6.8	27.5	10
2004-10-18	0	5.9	28.5	10
2004-10-19	0	7.59	28	10
2004-10-20	0	7.06	29	11
2004-10-21	0	9.59	28	9.5
2004-10-22	0	9.5	28	10.5
2004-10-23	0	5.48	27	13
2004-10-24	0	5.2	26	9
2004-10-25	0	5.27	26	10
2004-10-26	0	3.58	24	12
2004-10-27	0	4.82	23	10.5
2004-10-28	1.1	16	25	11
2004-10-29	0	3.71	23	8
2004-10-30	0	5.25	25.5	7.5
2004-10-31	0	4.73	21.5	9
2004-11-01	0	9.43	26	10
2004-11-02	0	3.83	24	9
2004-11-03	0	3.83	23	9.5
2004-11-04	0	3.83	19	7.5
2004-11-05	0	3.83	18	7
2004-11-06	0	3.83	21.5	-1
2004-11-07	0	3.83	24	-2
2004-11-08	0	3.83	25	-1.5
2004-11-09	0	3.83	23	-0.5
2004-11-10	0	3.83	25	3.5
2004-11-11	0	3.83	25	4.5
2004-11-12	0	3.83	23	1.5
2004-11-13	0	3.83	24	7
2004-11-14	0	3.83	22	8.5
2004-11-15	0	3.83	21	7
2004-11-16	0	3.83	24.5	6.5
2004-11-17	0	3.83	26	7
2004-11-18	0	3.83	25	6.5
2004-11-19	0	3.83	26	6.5
2004-11-20	0	3.83	25.5	8
2004-11-21	0	3.83	27.5	7.5
2004-11-22	0	3.83	26	6
2004-11-23	0	3.83	25.5	9
2004-11-24	0	3.83	26.5	9
2004-11-25	0	3.83	24.5	7
2004-11-26	0	3.83	26.5	7.5
2004-11-27	0	3.83	26.5	7
2004-11-28	0	3.83	22.5	7
2004-11-29	0	3.83	28.5	9.5
2004-11-30	0	3.83	NULO	NULO
2004-12-01	0	5.53	24	7.5
2004-12-02	0	5.08	25	7
2004-12-03	0	4.27	25	5.5
2004-12-04	0	4.85	25	4.5
2004-12-05	0	4.76	22	6.5
2004-12-06	0	3.49	22.5	7.5
2004-12-07	0	5.39	26	7.5
2004-12-08	0	5.89	25	6
2004-12-09	0	5.29	25	7
2004-12-10	0	5.79	21.5	6
2004-12-11	0	5.6	21	3.5
2004-12-12	0	5.93	23	2
2004-12-13	0	5.5	22.5	2
2004-12-14	0	2.55	14	5
2004-12-15	0.01	0.11	25	2
2004-12-16	3	3.95	17	12
2004-12-17	0	2.21	13	5.5
2004-12-18	0	3.48	20.5	2
2004-12-19	0	1.74	9	4
2004-12-20	0	2.71	19.5	1.5
2004-12-21	0	5.37	23	4.5
2004-12-22	0	4.97	24.5	11
2004-12-23	0	6.59	23	6
2004-12-24	0	6.09	22	7
2004-12-25	0	6.33	21.5	9
2004-12-26	0	4.57	22.5	0
2004-12-27	0	4.23	22	1
2004-12-28	0	5.76	21	1
2004-12-29	0	5.01	21	-1
2004-12-30	0	5.52	21.5	-0.5
2004-12-31	0	5.99	25	3
2005-01-01	0	6.66	20	5
2005-01-02	0	4.89	25.5	6
2005-01-03	0	6.81	25	6
2005-01-04	0	5.5	25	6
2005-01-05	0	5.6	24.5	5.5
2005-01-06	0	6.11	26	8
2005-01-07	0	5.84	24.5	7
2005-01-08	0	4.28	22	4.5
2005-01-09	0	4.65	20.5	5
2005-01-10	0	4.5	21.5	0.5
2005-01-11	0	5.08	21.5	2.5
2005-01-12	0	5.25	24.5	5.5
2005-01-13	0	4.7	23	5.5
2005-01-14	0	3.97	21	4
2005-01-15	0	4.49	22.5	3.5
2005-01-16	0	3.98	15	0
2005-01-17	0	3.78	17	-0.5
2005-01-18	0	4.38	17	2.5
2005-01-19	0	2.99	16	0.5
2005-01-20	0	3.46	21	0
2005-01-21	0	4.23	21.5	4
2005-01-22	2.7	3.98	20	5.5
2005-01-23	0	1.47	15	5
2005-01-24	0	4.19	22	0.5
2005-01-25	0	4.52	22	2
2005-01-26	0	6.72	24.5	5
2005-01-27	0	5.17	21.5	7
2005-01-28	0	6.69	26	6.5
2005-01-29	0	6.87	27	7
2005-01-30	6.6	5.77	27	7.5
2005-01-31	0	4.06	23.5	7
2005-02-01	0	4.27	22.5	6
2005-02-02	0	4.98	24	6
2005-02-03	0	5.43	20	4.5
2005-02-04	0	3.02	16.5	2
2005-02-05	0	2.61	18	4.5
2005-02-06	0	4.21	23	6
2005-02-07	0	5.22	26.5	6.5
2005-02-08	0	7.21	28	8.5
2005-02-09	0	7.04	28	7.5
2005-02-10	0	4.33	23	7
2005-02-11	0	5.5	21.5	6
2005-02-12	0	5.41	26.5	7
2005-02-13	0	6.87	24	7
2005-02-14	0	4.93	23.5	7
2005-02-15	0	7.74	26	7
2005-02-16	0	9.88	28	6
2005-02-17	0	5.95	25	5.5
2005-02-18	0	5.06	23	3.5
2005-02-19	0	5.76	25	6
2005-02-20	0	7.61	26	6
2005-02-21	0	7.42	25	6.5
2005-02-22	4	5.15	25.5	8.5
2005-02-23	0	4.73	23.5	6.5
2005-02-24	0.4	3.63	21	7.5
2005-02-25	0.8	3.05	24.5	5
2005-02-26	0.5	3.71	16	10
2005-02-27	0	7.4	22	8
2005-02-28	0	5.98	NULO	NULO
2005-03-01	0	8.78	26	3
2005-03-02	0	6.94	23	8
2005-03-03	0	5.5	23	10
2005-03-04	0	5.4	25	8
2005-03-05	0	4.06	24	11
2005-03-06	0	2.6	24	10
2005-03-07	0	6.76	23	10.5
2005-03-08	0	9.29	25	8
2005-03-09	0	8.25	25.5	7.5
2005-03-10	0	5.9	25	3.5
2005-03-11	0	5.23	23	5
2005-03-12	0	8.68	26.5	4
2005-03-13	0	8.9	26.5	7
2005-03-14	7	5.61	25.5	10
2005-03-15	0	2.51	25	8.5
2005-03-16	0.9	2.51	20	8
2005-03-17	0	2.51	23	7.5
2005-03-18	0	2.51	22	7
2005-03-19	0	2.51	22	5.5
2005-03-20	0	2.51	22	2
2005-03-21	0	2.51	27.5	6.5
2005-03-22	0	2.51	28.5	6.5
2005-03-23	0	2.51	27	7
2005-03-24	0	2.51	29	9.5
2005-03-25	0	2.51	28	10
2005-03-26	0	2.51	28	8.5
2005-03-27	0	2.51	25	8.5
2005-03-28	0	2.51	25.5	5.5
2005-03-29	0	2.51	25	10
2005-03-30	0	2.51	29	14
2005-03-31	0	2.51	27	12.5
2005-04-01	0	9.14	22	14
2005-04-02	0	8.2	23	6
2005-04-03	0	8.17	28.5	6.5
2005-04-04	0	9.29	29.5	5.5
2005-04-05	0	10.04	30	9.5
2005-04-06	0	9.01	28.5	10
2005-04-07	0	9.24	25	8.5
2005-04-08	0	8.94	29	7
2005-04-09	0	8.78	30	12
2005-04-10	0	9.32	27.5	10.5
2005-04-11	0	8.58	29.5	10
2005-04-12	0	7.95	28	9.5
2005-04-13	0	8.77	29	7
2005-04-14	0	7.96	26.5	7.5
2005-04-15	0	6.37	25.5	9
2005-04-16	0	7.38	26	7.5
2005-04-17	0	7.97	26	7
2005-04-18	8.5	6.48	28	12
2005-04-19	0	6.05	28	12
2005-04-20	0	5.82	28	12
2005-04-21	0	11.2	29	14
2005-04-22	0	7.6	28	14
2005-04-23	0	6.9	29	12
2005-04-24	0	6.39	28	15
2005-04-25	0	10.91	28	13
2005-04-26	0	8.6	29	13
2005-04-27	0	12.48	28	15
2005-04-28	0	5.46	29	9
2005-04-29	0	12.01	30	11
2005-04-30	0	10	NULO	NULO
2005-05-01	1	8.2	29	13
2005-05-02	0	10.54	30.5	13
2005-05-03	0	10.22	29	12
2005-05-04	0	8.91	29	9
2005-05-05	0	7.08	25	8.5
2005-05-06	0.01	7.45	27.5	10
2005-05-07	0	8.14	26.5	11.5
2005-05-08	0	10.08	28	11.5
2005-05-09	0	11.96	29	11
2005-05-10	0	8.74	27.5	11
2005-05-11	0.6	7.69	27	12.5
2005-05-12	0.4	7.38	26.5	12.5
2005-05-13	1.6	6.91	28	9.5
2005-05-14	0	5.24	24.5	11
2005-05-15	0	4.88	25	11
2005-05-16	0	4.88	26	10
2005-05-17	0	4.88	26	8
2005-05-18	0	4.88	28	12
2005-05-19	0	4.88	27.5	12
2005-05-20	0	4.88	25.5	7
2005-05-21	0	4.88	25.5	7
2005-05-22	0	4.88	26	5
2005-05-23	0	4.88	28	8
2005-05-24	0	10.87	30	10
2005-05-25	0	10.87	29	10
2005-05-26	0	10.87	29	11
2005-05-27	0	10.87	27	12
2005-05-28	0	3.11	26	10
2005-05-29	0	3.11	26.5	8.5
2005-05-30	0	3.11	27	11
2005-05-31	0	3.11	28.5	12
2005-06-01	0	9.59	29.5	12
2005-06-02	0	10.36	30	12.5
2005-06-03	0	11.38	30.5	12
2005-06-04	0	11.84	32	13
2005-06-05	0	11.17	31.5	13.5
2005-06-06	0	10.22	30.5	11.5
2005-06-07	0	10.95	31	14
2005-06-08	0	10.95	30.5	11.5
2005-06-09	0	10.95	30	11
2005-06-10	0	10.95	30.5	10.5
2005-06-11	0	10.95	31.5	12
2005-06-12	0	10.95	31.5	12.5
2005-06-13	0	10.95	30.5	12
2005-06-14	0	10.95	25	9
2005-06-15	4.5	10.95	21.5	13
2005-06-16	0	10.95	22	12
2005-06-17	0	10.95	28	10
2005-06-18	0	10.95	28	10
2005-06-19	0	10.95	25	10
2005-06-20	2.5	10.95	23	10.5
2005-06-21	5	10.95	20	14
2005-06-22	4.5	10.95	22	12
2005-06-23	0	5.28	22	11
2005-06-24	0	5.28	22	12
2005-06-25	0	5.28	21	11
2005-06-26	0	5.28	22	10
2005-06-27	0	5.28	22	10
2005-06-28	7.3	5.28	18.5	12
2005-06-29	1.7	5.28	19	11.5
2005-06-30	0	5.28	NULO	NULO
2005-07-01	0	6.2	26	12
2005-07-02	0	7.16	26.5	10
2005-07-03	0	8.3	26	10
2005-07-04	1.8	4.2	23	11
2005-07-05	5.9	4.07	23	12
2005-07-06	2.1	4.1	22	11.5
2005-07-07	0	3.99	23	11.5
2005-07-08	0	4.2	25	12
2005-07-09	0	3.53	26	13
2005-07-10	0	7.4	27	13
2005-07-11	0	9.02	26.5	12
2005-07-12	0	7.21	25	9
2005-07-13	0	5.91	23.5	9
2005-07-14	0	3.72	23.5	9.5
2005-07-15	0	8.7	26.5	11.5
2005-07-16	0	7.65	25	13
2005-07-17	0	7.58	25	10
2005-07-18	0	7.51	26.5	10
2005-07-19	0	6.29	26.5	10.5
2005-07-20	5.2	10.5	26	11
2005-07-21	0	4.49	23	11.5
2005-07-22	0	8.95	24	10.5
2005-07-23	0	7.46	23.5	10
2005-07-24	5	7.12	19	10
2005-07-25	3.1	4.12	24	12
2005-07-26	9.9	6.33	25	12
2005-07-27	0	2.6	21.5	11.5
2005-07-28	0	2.6	23	11
2005-07-29	0	2.6	24	8
2005-07-30	0	2.6	23.5	8
2005-07-31	0	2.6	25	11.5
2005-08-01	0	5.86	25	7
2005-08-02	0	4.12	22	9
2005-08-03	4.9	4.12	25	9
2005-08-04	0	4.12	23	10
2005-08-05	1.5	4.12	22	11
2005-08-06	0	4.12	24	10.5
2005-08-07	0	4.12	25.5	10
2005-08-08	13.2	4.12	23	10
2005-08-09	0	4.12	26	10
2005-08-10	0	4.12	25.5	11
2005-08-11	1.6	4.12	29	11.5
2005-08-12	0	4.12	25.5	9.5
2005-08-13	0	4.12	24.5	10
2005-08-14	0.9	4.12	25	11
2005-08-15	0	4.12	23.5	13.5
2005-08-16	0.01	4.12	23	10.5
2005-08-17	0	4.12	23	10
2005-08-18	0	4.12	24.5	12
2005-08-19	0	4.12	23	10
2005-08-20	2	4.12	20	10.5
2005-08-21	0.3	4.12	22.5	12
2005-08-22	20	4.12	20	10
2005-08-23	0	9.9	15.5	11
2005-08-24	0	4.22	21	10
2005-08-25	3.8	4.22	23	10
2005-08-26	0	4.22	24.5	11.5
2005-08-27	0	4.22	25	9.5
2005-08-28	0	4.22	25	9.5
2005-08-29	0.3	4.22	24	11
2005-08-30	14.4	4.22	21.5	11
2005-08-31	3.2	4.22	20.5	11
2005-09-01	0	2.37	20	10.5
2005-09-02	0	2.37	22	10
2005-09-03	2.7	2.37	22	11.5
2005-09-04	0	2.37	21	11
2005-09-05	3.1	2.37	23	12
2005-09-06	0.01	2.37	18	11.5
2005-09-07	0.3	2.37	16	7
2005-09-08	0.01	2.37	20	7.5
2005-09-09	4.9	2.37	25	10
2005-09-10	1.8	2.37	23	10
2005-09-11	0	2.37	23	9
2005-09-12	1	2.37	24.5	8
2005-09-13	0	2.37	24	9
2005-09-14	0	2.37	23.5	11
2005-09-15	0	2.37	25	10
2005-09-16	0	2.37	24	10
2005-09-17	0	2.37	25	10
2005-09-18	0	2.37	24.5	8
2005-09-19	0	2.37	23	9
2005-09-20	1.9	2.37	22	9.5
2005-09-21	0	0.89	19	9
2005-09-22	0	0.89	22.5	6
2005-09-23	0	0.89	24	3.5
2005-09-24	0	0.89	25	4.5
2005-09-25	0	0.89	26	8.5
2005-09-26	0	0.89	25.5	8.5
2005-09-27	0	0.89	25	7
2005-09-28	0	0.89	24.5	7.5
2005-09-29	0	0.89	24	7.5
2005-09-30	0	0.89	NULO	NULO
2005-10-01	0	5.94	24.5	8
2005-10-02	0	5.76	23	8
2005-10-03	29.1	2.1	16.5	11
2005-10-04	51	5.64	16.5	11.5
2005-10-05	41.7	3.9	17	13
2005-10-06	0.7	1.98	18	11.5
2005-10-07	3.3	1.89	19.5	11.5
2005-10-08	24.7	5.65	23	11.5
2005-10-09	2.2	3.24	24	11.5
2005-10-10	0	5.41	24.5	12
2005-10-11	0	8.72	23	12
2005-10-12	0	4.41	22	8
2005-10-13	0	4.76	21.5	8
2005-10-14	0	4.43	22.5	9
2005-10-15	0	4.58	22	9
2005-10-16	0	4.28	20.5	10
2005-10-17	0	1.81	21	9.5
2005-10-18	0	3.47	23	7
2005-10-19	0	5.04	26	5.5
2005-10-20	0	7.13	26.5	5.5
2005-10-21	0	6.25	24.5	5.5
2005-10-22	0	6.03	24	3
2005-10-23	0	5.74	25.5	3
2005-10-24	0	4.01	20	6.5
2005-10-25	0.3	1.4	21.5	6.5
2005-10-26	0	3.68	21	8.5
2005-10-27	0	4.26	23	7.5
2005-10-28	0	4.12	22	8
2005-10-29	0	3.9	20.5	7
2005-10-30	0	4.89	20	4.5
2005-10-31	0	2.82	20	6
2005-11-01	0	4.95	19.5	7.5
2005-11-02	0	5.39	21	3
2005-11-03	0	6.58	19.5	3.5
2005-11-04	0	6.73	25.5	4
2005-11-05	0	6.58	27	7
2005-11-06	0	6.25	24	9
2005-11-07	0	3.54	19.5	5
2005-11-08	0	1.88	18	7.5
2005-11-09	2.8	1.59	21	9.5
2005-11-10	0	4.18	21.5	8
2005-11-11	0	4.18	21	9
2005-11-12	0	4.18	25	6
2005-11-13	0	4.18	24	6
2005-11-14	0	4.18	24	5.5
2005-11-15	0	4.18	25	7
2005-11-16	0	4.18	24	9
2005-11-17	0	4.18	17	6.5
2005-11-18	0	4.18	20	4.5
2005-11-19	0	4.18	23.5	5
2005-11-20	0	4.18	19.5	7
2005-11-21	0	4.18	20.5	6.5
2005-11-22	0	4.18	21.5	7
2005-11-23	0	4.18	22	6.5
2005-11-24	0	4.18	22.5	7
2005-11-25	0	4.18	21.5	7.5
2005-11-26	0	4.18	23.5	8.4
2005-11-27	0	4.18	25	7
2005-11-28	0	4.18	26	9
2005-11-29	0	4.18	25	9
2005-11-30	0	4.18	NULO	NULO
2005-12-01	0	5.65	23	7
2005-12-02	0	7.36	23	7
2005-12-03	0	4.28	25	5.5
2005-12-04	0	4.5	25.5	7
2005-12-05	0	3.92	26	7
2005-12-06	2.1	2.37	22	7.5
2005-12-07	1.2	3.23	21.5	9
2005-12-08	0.5	2.53	21.5	7
2005-12-09	0.01	2.63	22	7
2005-12-10	0	3.43	18.5	6
2005-12-11	0	4.9	22	5
2005-12-12	0	5.06	24	6
2005-12-13	0	6.72	25.5	5.5
2005-12-14	0	6.5	27	8
2005-12-15	0	4.74	24.5	8
2005-12-16	0	7.6	24	7
2005-12-17	0	5.22	22.5	7.5
2005-12-18	0	2.39	19.5	3.5
2005-12-19	0	2.77	19.5	4
2005-12-20	0	4.12	17.5	3.5
2005-12-21	0	5.4	21.5	4.5
2005-12-22	0	3.62	21.5	1.5
2005-12-23	0	4.46	20	2.5
2005-12-24	0	6.45	22	2
2005-12-25	0	4.4	22.5	1.5
2005-12-26	0	6.55	22.5	2.5
2005-12-27	0	5.96	24	2.5
2005-12-28	0	7.57	26	5
2005-12-29	0	5.65	26	6
2005-12-30	0	7.07	25	7
2005-12-31	0	6.77	26	7
2007-06-01	0	8.71	26	5
2007-06-02	0	8.71	28	7
2007-06-03	0	9.09	29.5	11
2007-06-04	0	8.85	29	10.5
2007-06-05	0	4.94	28	9.5
2007-06-06	0	9.84	29	10
2007-06-07	0	10.6	30	11.5
2007-06-08	8.7	9.8	29	8
2007-06-09	0	5.8	28	9
2007-06-10	0	1.28	28	8
2007-06-11	0	8.59	25	6
2007-06-12	0	7.07	25	7.5
2007-06-13	0	8.6	22.5	8
2007-06-14	0	7.29	22.5	7
2007-06-15	0	6.09	26	8
2007-06-16	0.9	7	28	9.5
2007-06-17	4.4	3.39	24	12.5
2007-06-18	0	4.51	24	13
2007-06-19	7.6	2.03	21.5	11.5
2007-06-20	8	3.97	21	12
2007-06-21	15.2	6.07	22.5	11
2007-06-22	1.9	4.75	25	11
2007-06-23	0.4	5.39	25	11
2007-06-24	0.4	2.88	24.5	11
2007-06-25	0	3.88	23.5	11
2007-06-26	0	6.42	23	11
2007-06-27	0	6.4	24	11
2007-06-28	0	4.48	22	10.5
2007-06-29	0.01	2.57	21	8.5
2007-06-30	20	5.61	25	10
2007-07-01	0.01	4.59	25	10
2007-07-02	2	4.14	25	12
2007-07-03	0	4.1	24	12.5
2007-07-04	0.01	3.67	25	8
2007-07-05	0.9	2.97	22	6.5
2007-07-06	0	6.48	24	7.5
2007-07-07	1.5	4.05	24	9.5
2007-07-08	0	6.66	26	10
2007-07-09	0	7.59	26.5	9
2007-07-10	0	7.73	25	10
2007-07-11	0	9.37	19	10.5
2007-07-12	0	7.32	23	11
2007-07-13	0	7.42	25	7
2007-07-14	0	8.09	26	7
2007-07-15	1.7	7.22	27	9
2007-07-16	0	7.38	26.5	12
2007-07-17	8.4	2.22	21	10
2007-07-18	16.6	3.68	22	10.5
2007-07-19	0.01	3.71	23	10
2007-07-20	0	5.88	23	10.5
2007-07-21	1.1	3.68	20.5	11.5
2007-07-22	0	5.02	22	11
2007-07-23	0	5.43	23	9.5
2007-07-24	0.3	2.84	21	9.5
2007-07-25	0	4.26	21.5	10.5
2007-07-26	1.7	1.96	21.5	12
2007-07-27	0	3.33	24	12
2007-07-28	0	3.72	24	11.5
2007-07-29	3.2	3.44	24.5	11.5
2007-07-30	1.3	2.32	22	12.5
2007-07-31	8.1	3.9	23	10
2007-08-01	0	6.11	24.5	9
2007-08-02	0	6.03	26	9
2007-08-03	0	7.95	25	8.5
2007-08-04	0	8.1	25	9
2007-08-05	0	6.49	25	9.5
2007-08-06	0.01	3.45	22	9
2007-08-07	0.8	1.93	20.5	9.5
2007-08-08	0	6.99	23	10.5
2007-08-09	0	7.16	25	9
2007-08-10	0	7.69	24	10
2007-08-11	0	6.5	22.5	12.5
2007-08-12	0	6.87	24	9.5
2007-08-13	0	5.31	24	9
2007-08-14	0.4	5.44	23	9
2007-08-15	0	7.62	24.5	9.5
2007-08-16	1.1	5.13	25	9
2007-08-17	0.01	4.32	22	12
2007-08-18	0.9	5.63	24	11.5
2007-08-19	9.9	3.87	25	9.5
2007-08-20	0	5.01	25	8.5
2007-08-21	7	5.93	25	9.5
2007-08-22	14.9	5.73	12.5	11
2007-08-23	2	2.64	20	10.5
2007-08-24	0	5	22	11
2007-08-25	0	5.34	23	8.5
2007-08-26	0	5.17	22.5	9
2007-08-27	0.6	4.95	24.5	11.5
2007-08-28	0.01	4.7	23	12
2007-08-29	3.2	4.64	21	11
2007-08-30	6.1	1.29	17.5	11
2007-08-31	0.01	2.49	18.5	11.5
2007-09-01	6.2	2.78	21	11.5
2007-09-02	7.2	2.16	19.5	12
2007-09-03	9	3.11	20	12
2007-09-04	6	3.15	22	11
2007-09-05	15	11.83	24	11
2007-09-06	0	8.9	24	10
2007-09-07	4	8.8	26	11
2007-09-08	0	3.2	21	11
2007-09-09	4	3.7	22	10
2007-09-10	3	3.3	20	11
2007-09-11	0	2.8	20	11
2007-09-12	0	2.15	21	11
2007-09-13	0	4.15	23	11
2007-09-14	0	4.8	24	11
2007-09-15	0	6.4	24	11
2007-09-16	0	7.8	22	11
2007-09-17	0	4.9	24	7
2007-09-18	0.01	4.41	24	10
2007-09-19	0	4.2	25	10
2007-09-20	0	4.14	24	10
2007-09-21	0	7.97	23	10
2007-09-22	0	5.66	24	6
2007-09-23	0	5.78	25	7
2007-09-24	0	5.9	24	7
2007-09-25	0	5.16	24	8
2007-09-26	0	5.68	25	9
2007-09-27	41	7.84	20	9
2007-09-28	14.7	6.28	20	9.5
2007-09-29	0	2.95	20.5	9.5
2007-09-30	0.01	4.79	22	9.5
2007-10-01	0	3.09	23	8
2007-10-02	0	5.53	24	9.5
2007-10-03	0	4.75	23.5	6.5
2007-10-04	0	5.53	25	7
2007-10-05	2.8	3.84	26	8
2007-10-06	1.5	4.32	25.5	10
2007-10-07	0	4.93	25	9.5
2007-10-08	0	5.5	25	10
2007-10-09	15.9	3.91	16	13
2007-10-10	1.5	2.15	20.5	9
2007-10-11	0.01	3.09	21	9
2007-10-12	0	4.74	23	10
2007-10-13	0	5.11	25.5	6
2007-10-14	0	6.62	26	7
2007-10-15	0	6.38	26.5	8.5
2007-10-16	0	4.59	26	7
2007-10-17	0	5.31	27	10
2007-10-18	0	5.72	27.5	10
2007-10-19	0.4	4.26	23.5	10.5
2007-10-20	0.4	1.23	19.5	9.5
2007-10-21	0	3.78	25.5	10
2007-10-22	11.2	4.91	25	10.5
2007-10-23	0.01	2.05	17	6.5
2007-10-24	0	5.4	12	2.5
2007-10-25	0	3.57	19	-0.5
2007-10-26	0	5.17	21	-0.5
2007-10-27	4	6.1	13	2
2007-10-28	1.8	0.17	6	2
2007-10-29	0	1.89	14.5	4
2007-10-30	0	2.81	21	3.5
2007-10-31	0	5.19	24	3.5
2007-11-01	0	4.32	22	1.5
2007-11-02	0	3.32	23	5.5
2007-11-03	0	5.01	20.5	5
2007-11-04	0	4.99	19	5.7
2007-11-05	0	4.43	23.5	1
2007-11-06	0	3.51	21	-0.5
2007-11-07	0	3.7	21	4
2007-11-08	0	2	23	1
2007-11-09	0	1.5	24	2
2007-11-10	0	1.41	24	6
2007-11-11	0	4.9	23	3.5
2007-11-12	0.01	5.52	25	2.5
2007-11-13	0	4.14	23	1
2007-11-14	0	4.87	25	3
2007-11-15	0.7	4.17	13	6
2007-11-16	0	3.98	22	7.5
2007-11-17	0	5.04	25	7
2007-11-18	0.8	2.61	23	8
2007-11-19	0	3.13	21	9.5
2007-11-20	0	3.15	21.5	10.5
2007-11-21	0	3.45	25	6.5
2007-11-22	12.2	3.88	21	7.5
2007-11-23	1.7	2.59	23	7
2007-11-24	0.01	5.2	22	7
2007-11-25	0	3.9	22	6
2007-11-26	0	4	23	5.5
2007-11-27	0	4.78	19	8
2007-11-28	0	1.77	23	8
2007-11-29	0	4.21	22	8.5
2007-11-30	0	4.23	25.5	7
2007-12-01	0	4.89	25	8
2007-12-02	0	4.4	25	5
2007-12-03	0.7	2.46	14	5
2007-12-04	0	3.56	23	2.5
2007-12-05	8.6	3.94	19.5	3.5
2007-12-06	0	2.85	21	6
2007-12-07	0	4.07	25.5	6.5
2007-12-08	0	4.32	25.5	6.5
2007-12-09	0	4.74	27	6.5
2007-12-10	0	3.75	22.5	4
2007-12-11	0	4.77	25	7
2007-12-12	0	4.8	13	6
2007-12-13	0	4.98	22.5	5
2007-12-14	0	5.08	26	5
2007-12-15	0	3.57	27	6.5
2007-12-16	0	3.13	23	5
2007-12-17	0	4.66	25	7
2007-12-18	0	4.59	26.5	7.5
2007-12-19	0	6.17	27.5	6
2007-12-20	0	5.79	27	9.5
2007-12-21	0	5.44	28.5	7.5
2007-12-22	0	6.37	28	7
2007-12-23	0	3.94	24	4
2007-12-24	0	5.87	22.5	7
2007-12-25	0	4.72	24	6
2007-12-26	0	4.3	23	6
2007-12-27	0	5.16	24	9.5
2007-12-28	0	4.98	26	7.5
2007-12-29	0	6.3	27	8
2007-12-30	0	4.89	27	6
2007-12-31	0	5.27	26	6
2008-01-01	1.9	2.81	11.5	4
2008-01-02	0	3.4	11.5	0
2008-01-03	0	3.63	12.5	-2
2008-01-04	0	3.78	22.5	-1
2008-01-05	0	4.56	27	1.5
2008-01-06	0	6.26	26	4
2008-01-07	0	5.8	26.5	7
2008-01-08	0	6.02	26	6.5
2008-01-09	0	5.84	26	4.5
2008-01-10	0	5.89	24	5
2008-01-11	0	3.92	25	7
2008-01-12	0	4.97	25	5
2008-01-13	0	3.71	21.5	4.5
2008-01-14	0	2.95	20.5	6
2008-01-15	0	3.82	17.5	4
2008-01-16	0	5.54	21.5	6
2008-01-17	0	4.68	22	7
2008-01-18	0	5.49	21.5	5.7
2008-01-19	0.3	1.74	22	6.5
2008-01-20	0	2.04	18	3.5
2008-01-21	0	5.55	24.5	5
2008-01-22	0	6.08	27	5
2008-01-23	0	7.93	28	5
2008-01-24	0	6.49	21	7
2008-01-25	0	4.96	25.5	6
2008-01-26	0	6.06	25	6.5
2008-01-27	0	5.4	23	5
2008-01-28	0	4.38	26	6
2008-01-29	0	5.92	25	6
2008-01-30	0	6.22	25	7
2008-01-31	0	5.95	26	8
2008-02-01	0	5.01	26	5
2008-02-02	0	6.22	27	4.5
2008-02-03	0	8.33	26	7
2008-02-04	0	8.23	25	9
2008-02-05	0	8.2	26	5
2008-02-06	0	5.85	24	7.5
2008-02-07	0	6.52	25.5	5.5
2008-02-08	1.5	3.67	26	7.5
2008-02-09	0	3.76	23	7
2008-02-10	3.6	5.12	22	5.5
2008-02-11	1	3	28	5.5
2008-02-12	0	5.59	21.5	6.5
2008-02-13	0	2.9	18	6
2008-02-14	0	5.63	25	6
2008-02-15	0	8.48	28	7
2008-02-16	0	7.4	26.5	8
2008-02-17	0	9.5	27	8
2008-02-18	0	6.02	27.5	9
2008-02-19	0	6.57	27.5	5.5
2008-02-20	0	6.97	29	6
2008-02-21	0	6.84	27	7
2008-02-22	0	7.75	28	8
2008-02-23	0	8.02	28	7.5
2008-02-24	0	10.07	27	7
2008-02-25	0	9.99	29	4
2008-02-26	0	8.51	27	8.5
2008-02-27	0	5.12	17	8
2008-02-28	0	7.76	25	3.5
2008-02-29	0	7.43	25	7.5
2008-03-01	0	6.54	24	8
2008-03-02	0	5.78	25	7.5
2008-03-03	0	7.23	20	9.5
2008-03-04	0	7.19	25	10
2008-03-05	0	7.47	26	7.5
2008-03-06	0	10.89	24	7
2008-03-07	0	5.71	25	2.5
2008-03-08	0	6.81	22	1
2008-03-09	0	6.85	19.5	2
2008-03-10	0	6.55	22.5	6
2008-03-11	0	5.87	24	5
2008-03-12	0	6.62	24	7
2008-03-13	0	5.57	25	7
2008-03-14	0	9.31	27	5.5
2008-03-15	0	10.27	28.5	8
2008-03-16	0	12.05	29	10.5
2008-03-17	0	11.28	27.5	10
2008-03-18	0	9.5	24.5	11
2008-03-19	0	5.09	21	7
2008-03-20	0	6.64	21.5	5
2008-03-21	0	8.96	26	2.5
2008-03-22	0	9.35	26.5	5.5
2008-03-23	0	5.56	22.5	6.5
2008-03-24	0	4.1	17.5	6.5
2008-03-25	0	7.16	25.5	4.5
2008-03-26	0	9.3	23	5.5
2008-03-27	0	9.87	23	9
2008-03-28	0	9.83	30	12
2008-03-29	2.3	8	28.5	12
2008-03-30	0	8.52	30	13
2008-03-31	0	10.94	30	10.5
2008-04-01	0	10.56	30	11
2008-04-02	0	9.82	30	15
2008-04-03	0	10.87	30	11
2008-04-04	0	9.8	30	11.5
2008-04-05	0	7.77	28	14
2008-04-06	0	9.99	28	9.5
2008-04-07	0	9.42	29	8
2008-04-08	0	8.8	30	8
2008-04-09	12.3	12.57	30	6.5
2008-04-10	0	9.98	29	8
2008-04-11	0	10.29	29	9.5
2008-04-12	6.8	6.49	24	10
2008-04-13	0	2.69	14	8
2008-04-14	0	5.43	25	5.5
2008-04-15	0	5.56	22	5.5
2008-04-16	0	9.81	26.5	5
2008-04-17	6.6	5.98	27	6
2008-04-18	0	6.9	26	10
2008-04-19	0	9.12	28	8.5
2008-04-20	0	11.25	29.5	10
2008-04-21	0	11.37	31.5	12
2008-04-22	0	10.95	31	11
2008-04-23	2.5	7.21	30	11.5
2008-04-24	0	9.09	30.5	10.5
2008-04-25	0	11.93	30	11.5
2008-04-26	27.5	14.32	29.5	11.5
2008-04-27	1.2	6.02	26	10
2008-04-28	0	3.68	29	9
2008-04-29	4.8	4.97	23.5	7
2008-04-30	0	6.29	25.5	8
2008-05-01	0	7.96	25	8
2008-05-02	0	9.4	27.5	8.5
2008-05-03	0	7.96	28	10
2008-05-04	4.7	5.59	26	13
2008-05-05	0	6.33	26	10
2008-05-06	0	8.21	26.5	10
2008-05-07	0	7.29	29	11
2008-05-08	0	8.81	29	11
2008-05-09	0	9.7	30	12.5
2008-05-10	0	11.86	32	12
2008-05-11	0	9.35	31	12
2008-05-12	4.6	8.56	30.5	11.5
2008-05-13	3.8	7.09	30	10.5
2008-05-14	1.3	4.46	25.5	12
2008-05-15	0	5.49	26	11
2008-05-16	6.5	7.33	27	11.5
2008-05-17	0	4.16	24	10.5
2008-05-18	8.8	5.65	23.5	11
2008-05-19	4.1	4.97	24.5	10.5
2008-05-20	0	2.62	19.5	10
2008-05-21	6.7	4.82	24	9.5
2008-05-22	0	7.98	25	10
2008-05-23	0	8.53	28	10
2008-05-24	0	9.9	26.5	11
2008-05-25	0	6.85	27	10.5
2008-05-26	0	7.45	26	11
2008-05-27	0	8.1	25.5	9.5
2008-05-28	0	6.54	22	7.5
2008-05-29	0	7.54	26	8
2008-05-30	0	7.84	24.5	7
2008-05-31	0	7.85	30	7
2008-06-01	0	7.17	25.5	7
2008-06-02	0	8.55	24	8
2008-06-03	0	6.32	24.5	6.5
2008-06-04	0	7.52	25	7.5
2008-06-05	0	7.45	27	10
2008-06-06	3.8	4.27	26.5	11
2008-06-07	0.5	1.45	20	12
2008-06-08	0.01	3.97	21.5	13
2008-06-09	1.8	2.95	25	11
2008-06-10	6.8	3.03	21	12
2008-06-11	9.5	2.63	21.5	12
2008-06-12	1	11.88	19	10.5
2008-06-13	0	7.52	24	8.5
2008-06-14	0	7.03	21	9.5
2008-06-15	13.1	0.34	22.5	10
2008-06-16	0.9	3.2	23	9.5
2008-06-17	0.01	3.1	24	10
2008-06-18	0	8.33	26	10
2008-06-19	0	7.75	26	9.5
2008-06-20	0	8.31	26	8
2008-06-21	0	7.31	24.5	8
2008-06-22	0	6.99	28	9
2008-06-23	4.1	3.23	23	10
2008-06-24	0.3	6.96	22	9
2008-06-25	0	5.45	23	9.5
2008-06-26	0	6.18	23	8.5
2008-06-27	0	8.02	25.5	9
2008-06-28	0	6.6	24.5	10
2008-06-29	0	3.17	20.5	11.5
2008-06-30	0	5.7	22.5	9.5
2008-07-01	14.4	0.33	25	12
2008-07-02	21.3	6.15	20	12
2008-07-03	1.9	2.8	22.5	12
2008-07-04	0.9	3.14	21	11.5
2008-07-05	0	2.71	23	11.5
2008-07-06	20	6.74	23	11.5
2008-07-07	56	4	20	11.5
2008-07-08	9	1.08	17	12
2008-07-09	2.5	2.39	17.5	12
2008-07-10	0.8	4.19	21	12
2008-07-11	0.6	3.21	20	10
2008-07-12	0	5.01	22	8
2008-07-13	0	4.58	22.5	8.5
2008-07-14	1.6	3.29	24	9.5
2008-07-15	0	6.86	19	11
2008-07-16	0	6.64	23	7.5
2008-07-17	0	3.91	25	8
2008-07-18	1.5	3.42	25	9
2008-07-19	0	7.42	24	7.5
2008-07-20	0	5.27	19	9
2008-07-21	0	6.58	22	6
2008-07-22	0	4.93	22	8
2008-07-23	0	7.18	26.5	10
2008-07-24	0	7.1	21.5	11
2008-07-25	0	6.69	24.5	12
2008-07-26	0	2.68	22	8
2008-07-27	6.1	4.43	24.5	9.5
2008-07-28	1	5.29	25	10
2008-07-29	2.2	6.2	21.5	11
2008-07-30	0	5.14	26	10
2008-07-31	0	3.3	24	11
2008-08-01	1.4	3.46	23	12
2008-08-02	3.3	4.02	22	8
2008-08-03	0	5.4	23	8
2008-08-04	0	6	25	9.5
2008-08-05	0	6.17	24	9
2008-08-06	0	6.21	24	9
2008-08-07	0.3	5.9	23	11
2008-08-08	0	6.61	25.5	8.5
2008-08-09	0	7.4	25.5	7.5
2008-08-10	0	7.08	27	7.5
2008-08-11	2.4	3.82	24	8.5
2008-08-12	7.8	5.4	25	9
2008-08-13	0	5.94	26.5	10
2008-08-14	0.3	5.44	26	9
2008-08-15	0	6.94	26.5	11
2008-08-16	0.3	3.67	23.5	9
2008-08-17	0	5.31	26	9.5
2008-08-18	0	4.44	26	12
2008-08-19	8.2	3.74	26	12
2008-08-20	0	5.33	26	12.5
2008-08-21	14.7	2.59	25	12
2008-08-22	0	4.98	23	11.5
2008-08-23	6.4	4.75	25.5	12
2008-08-24	0.6	4.39	24	11.5
2008-08-25	0.6	4.88	25.5	12.5
2008-08-26	2.6	2.6	22.5	12.5
2008-08-27	1	2.79	26	10.5
2008-08-28	0.01	5	24	11
2008-08-29	0	3.72	22	9.5
2008-08-30	0	6.97	23	10
2008-08-31	0	5.26	24.5	9
2008-09-01	0	5.21	26	9.5
2008-09-02	0	6.69	26	11
2008-09-03	0	5.43	26	8.5
2008-09-04	0	6.78	25	9
2008-09-05	0	4.82	22	8
2008-09-06	0.01	4.76	23	8.5
2008-09-07	13.3	0.17	15.5	9.5
2008-09-08	28.5	2.37	19.5	10
2008-09-09	4.6	2.9	22	12
2008-09-10	0	3.19	24	12
2008-09-11	0	4.63	26	12.5
2008-09-12	2	4.33	27	13
2008-09-13	4.8	3.79	24.5	12.5
2008-09-14	8.3	1.79	19.5	12
2008-09-15	0.01	2.33	20.5	11.5
2008-09-16	0	3.22	17.5	12
2008-09-17	0	2.95	20	10
2008-09-18	0	3.54	20.5	11
2008-09-19	0	2.94	20.5	8
2008-09-20	1.3	3.91	23	8
2008-09-21	0.7	2.02	18.5	9.5
2008-09-22	0.01	3.92	21.5	11
2008-09-23	1.9	1.53	22	12
2008-09-24	3.3	2.57	26.5	11.5
2008-09-25	17.2	2.92	18.5	11.5
2008-09-26	0	1.7	20	9
2008-09-27	0	2.23	22.5	9
2008-09-28	0	4.3	21	9
2008-09-29	0.01	6.2	26.5	5
2008-09-30	0	3.26	20	6
2008-10-01	0	4.99	22	4
2008-10-02	0	4.25	22	2.5
2008-10-03	0	6.24	22	4
2008-10-04	0	4.65	22	5
2008-10-05	0	3.1	24	9
2008-10-06	0	5.71	22.5	9.5
2008-10-07	0.9	1.71	20	9
2008-10-08	0	4.74	21	9.5
2008-10-09	0	3	22	10
2008-10-10	0	3.81	24.5	11
2008-10-11	0	5.85	24	8.5
2008-10-12	0	3.66	20	9
2008-10-13	0	4.61	23.5	9.5
2008-10-14	0	6.33	22	10
2008-10-15	0	2.95	24	8
2008-10-16	11.5	1.5	19	11
2008-10-17	7	1	14.5	11
2008-10-18	8.7	0.4	13	10.5
2008-10-19	0.8	0.8	14	7.5
2008-10-20	0	3.61	20	8
2008-10-21	0	5.23	24	4
2008-10-22	0	8.86	24	3.5
2008-10-23	0	2.39	22	7
2008-10-24	0	8.3	24	4.5
2008-10-25	0	8.05	24	7
2008-10-26	0	2.58	24	7
2008-10-27	2.1	0.29	12	6
2008-10-28	0.5	0.4	10	4.5
2008-10-29	0	3.33	19	1.5
2008-10-30	0	4.43	20	4
2008-10-31	0.01	4.36	21.5	4
2008-11-01	0.01	1.25	10	3.5
2008-11-02	0	5.27	21	1.5
2008-11-03	0	5.02	23	2.5
2008-11-04	0	6.5	24.5	9
2008-11-05	0	6.32	26.5	6
2008-11-06	0	5.69	25.5	7.5
2008-11-07	0	4.81	25.5	4.5
2008-11-08	0	4.42	25	4
2008-11-09	0	5.73	25.5	5.5
2008-11-10	0	4.3	27	8.5
2008-11-11	0	4.2	27	8.5
2008-11-12	0	6.18	26.5	8.5
2008-11-13	0	5.14	26	8.5
2008-11-14	0	5.96	27	7
2008-11-15	0	1.54	14	8.5
2008-11-16	0	2.99	19	0
2008-11-17	0	3.76	21	-0.5
2008-11-18	0	4.6	18.5	-2.5
2008-11-19	0	3.23	19	-1.5
2008-11-20	0	3.08	22	2
2008-11-21	2	0.22	19	4
2008-11-22	0	3.91	18	5.5
2008-11-23	0	1.57	22	5
2008-11-24	3.5	8.05	23	8.5
2008-11-25	0	2.25	25	7
2008-11-26	0	6.61	24	7
2008-11-27	0	5.81	23	6
2008-11-28	0	0.27	25	5
2008-11-29	0	5.8	22	6
2008-11-30	0	6.71	26	4
2008-12-01	0	6	21	4
2008-12-02	0	1.78	25	6
2008-12-03	0	1.52	25	7
2008-12-04	0	3.8	20	8
2008-12-05	0	6.09	24.5	3.5
2008-12-06	0	4.9	24	5
2008-12-07	0	4.15	23	1.5
2008-12-08	0	4.9	23	5.5
2008-12-09	0	5.61	25.5	7
2008-12-10	0	4.54	24.5	4.5
2008-12-11	0	4.19	21	-0.5
2008-12-12	0	4.84	20.5	0.5
2008-12-13	0	3.67	25	2
2008-12-14	0	6.09	23.5	6.5
2008-12-15	0	6.18	26.5	6
2008-12-16	0	5.59	26	3.5
2008-12-17	0	5.51	23.5	5
2008-12-18	0	5.8	26.5	6.5
2008-12-19	0	7.98	26.5	5.5
2008-12-20	0	1.64	26	1
2008-12-21	0	5.81	25.5	4.5
2008-12-22	0	3.34	25	3.5
2008-12-23	0	4.73	25	5
2008-12-24	0	5.73	24	5
2008-12-25	0	4.9	25	3
2008-12-26	0	5.41	24	5
2008-12-27	0	5.54	24.5	5.5
2008-12-28	0	4.94	25	5.5
2008-12-29	0	3.45	21	4
2008-12-30	0	3.44	23	5.5
2008-12-31	0	4.49	23.5	5
2009-01-01	0	5.57	22	1.5
2009-01-02	0	6.4	25.5	5
2009-01-03	0	5.38	29.5	6
2009-01-04	0	6.3	25	7.5
2009-01-05	0	6.36	25.5	9
2009-01-06	0	6.52	26	7
2009-01-07	0	5.91	27	4.5
2009-01-08	0	6.61	27	4
2009-01-09	0	7.38	27.5	5.5
2009-01-10	0	6.77	22	7
2009-01-11	0	3.6	23	3
2009-01-12	0	4.89	21.5	3.5
2009-01-13	0.5	1.09	20	7.5
2009-01-14	0	3.31	21	2
2009-01-15	6.5	1.5	14	7
2009-01-16	3	2.9	17	6.5
2009-01-17	0	3.48	19	5
2009-01-18	0	4.5	20	3
2009-01-19	0	5.43	22	3
2009-01-20	0	5.23	19	3
2009-01-21	0	5.72	20	1
2009-01-22	0	4.47	20.5	2.9
2009-01-23	0	7.69	24.5	3
2009-01-24	0	6.24	21.5	5.6
2009-01-25	0	7.03	24	3
2009-01-26	0	8.46	23	5
2009-01-27	0	7.94	27	6.5
2009-01-28	0	6.67	27	5
2009-01-29	0	5.84	26	8
2009-01-30	0	4.48	14	7
2009-01-31	0	4.58	22.5	2
2009-02-01	0	5.54	24.5	4
2009-02-02	0	4.4	24.5	4
2009-02-03	0	4.1	25	2
2009-02-04	0	5.23	25	2.5
2009-02-05	0	3.54	24.5	1.5
2009-02-06	0	4.04	20	-0.5
2009-02-07	0	5.95	22.5	1
2009-02-08	0	7.49	25.5	1.5
2009-02-09	0	8.1	27	0.5
2009-02-10	0	6.03	27	7
2009-02-11	0	5.77	25	6
2009-02-12	0	7.84	25	5
2009-02-13	0	7.2	27	5
2009-02-14	0	6.8	27	5
2009-02-15	0	5.2	24	10
2009-02-16	0	5.21	24	10
2009-02-17	0	7.3	22	6
2009-02-18	9.8	6.96	29	8
2009-02-19	6	10.13	22	10
2009-02-20	0	4.06	21	10
2009-02-21	6	4	20	8.5
2009-02-22	0.01	3.29	15	5
2009-02-23	0	7.17	26	0.5
2009-02-24	0	7.49	22	2
2009-02-25	0	9.42	24.5	1
2009-02-26	0	10.35	25	4.5
2009-02-27	0	11.5	28	8
2009-02-28	0	8.25	26	9
2009-03-01	0	6.03	23.5	4.5
2009-03-02	0	5.39	19.5	0
2009-03-03	0	8.76	23	2.5
2009-03-04	0	9.79	26	2.5
2009-03-05	0	8.52	24.5	1.5
2009-03-06	0	9.18	27.5	2.5
2009-03-07	0	9.3	27	7.5
2009-03-08	0	9.63	27	9
2009-03-09	0	10.41	26	8
2009-03-10	0	6.5	27	8
2009-03-11	0	5.75	27	8
2009-03-12	0	6.09	22	6
2009-03-13	0	8.06	28	6.5
2009-03-14	0	7.27	26	8.5
2009-03-15	0	8.65	28.5	9
2009-03-16	0	6.6	21	8
2009-03-17	0	5.13	22	7
2009-03-18	0	7.19	23.9	5
2009-03-19	0	6.28	24.5	5
2009-03-20	0	6.23	25	6.5
2009-03-21	0	6.22	22.5	3
2009-03-22	0	8.67	23	3.5
2009-03-23	0	11.02	27	6
2009-03-24	0	10.05	30	9
2009-03-25	0	7.56	27.5	10
2009-03-26	0	8.31	28.5	9.5
2009-03-27	0	11.17	29	7
2009-03-28	0	2.69	28	8
2009-03-29	0	8.87	28.5	7.5
2009-03-30	0	12.4	30	7.5
2009-03-31	0	9.62	29	7.5
2009-04-01	0	13.84	30	12
2009-04-02	0	10.79	29	10
2009-04-03	0	9.85	29	3
2009-04-04	0	9.73	32	7
2009-04-05	0	11.67	30	9.5
2009-04-06	0	5.97	21	9.5
2009-04-07	0	6.54	23.5	3.5
2009-04-08	0	9.33	28.5	4.5
2009-04-09	0	10.2	29.5	8
2009-04-10	0	7.04	29.5	9
2009-04-11	0	8.81	30.5	9
2009-04-12	0	9.1	31	12
2009-04-13	0	6.72	29	10
2009-04-14	0	8.23	28	8.5
2009-04-15	1.4	9.02	29.5	10.5
2009-04-16	0	8.43	28.5	9
2009-04-17	0	9.1	29	9.5
2009-04-18	0	7.93	29	10
2009-04-19	0	7.38	25.5	9
2009-04-20	0	6.51	17.5	8
2009-04-21	0	7.29	23.5	6.5
2009-04-22	0	8.2	24	6.5
2009-04-23	0	9.8	28.5	9
2009-04-24	0	9.99	28.5	10
2009-04-25	0	8.87	29.5	10.5
2009-04-26	0	9.45	30	9
2009-04-27	0	11.57	29	10
2009-04-28	0	7.61	27	9
2009-04-29	0	9.37	28	7.5
2009-04-30	0	10.36	29	8.5
2009-05-01	0	12.77	28.5	7
2009-05-02	0	11.54	29	9
2009-05-03	0	11.44	20.5	11
2009-05-04	0	7.89	28.5	11.5
2009-05-05	0	10.52	30	9
2009-05-06	0	10.88	31	9.5
2009-05-07	0	12.24	29.5	10
2009-05-08	0	11.29	28.5	7
2009-05-09	0	9.56	29.5	7.5
2009-05-10	0	7.24	27	9.5
2009-05-11	0	7.23	26	10
2009-05-12	0	5.84	26	11
2009-05-13	0	7.29	29	10
2009-05-14	0	7.28	27.5	11
2009-05-15	1	7.1	31	12.5
2009-05-16	2.2	5.19	24.5	12
2009-05-17	2	4.03	19	11
2009-05-18	0.01	4.38	18	8.5
2009-05-19	0	4.57	18	8.5
2009-05-20	0	6.32	23.5	5
2009-05-21	2.2	5.51	25	6.5
2009-05-22	2.5	4.95	23	10
2009-05-23	0	7.74	23	11
2009-05-24	0	5.56	27.5	9.5
2009-05-25	0	7.92	29	9
2009-05-26	7	8.6	29.5	11
2009-05-27	0	9.23	30	11.5
2009-05-28	0	5.1	29	12
2009-05-29	2.9	5.2	27.5	11
2009-05-30	2	10.92	25.5	11
2009-05-31	0.01	5.14	24	9.5
2009-06-01	5.6	4.99	24.5	10
2009-06-02	0	6.46	25.5	10
2009-06-03	0	7.52	25	8.5
2009-06-04	0	8.23	20	10
2009-06-05	0	8.66	24.5	7
2009-06-06	0	9.28	27	11
2009-06-07	0	9.16	29.5	8.5
2009-06-08	0	8.14	30	9.5
2009-06-09	0	8.54	29.5	11
2009-06-10	0	8.03	29	11.5
2009-06-11	0	8.87	29.5	11
2009-06-12	0	8.5	29	8
2009-06-13	0	8.38	29	9
2009-06-14	0	9.36	29	8
2009-06-15	0	5.62	26.5	8.5
2009-06-16	0	7.73	26.5	10
2009-06-17	4.7	3.45	24	11
2009-06-18	0	5.81	24	12
2009-06-19	0	6.86	24	10
2009-06-20	0	4.6	23	10
2009-06-21	0	8.38	28.5	12
2009-06-22	4.4	3.78	23	10.5
2009-06-23	3.5	2.72	24	11
2009-06-24	0.01	6.67	25.5	11
2009-06-25	0	5.11	25.5	11
2009-06-26	0	4.29	25	10.5
2009-06-27	1.5	2.17	22.5	11
2009-06-28	14.4	4.21	24.5	11
2009-06-29	1.8	4.65	25	11.5
2009-06-30	1.6	6.04	25	11
2009-07-01	5.7	6.06	26	12
2009-07-02	3.4	2.09	21	11.5
2009-07-03	0.01	6.65	29.5	12
2009-07-04	4	4.22	22	11.5
2009-07-05	3.9	5.28	26	10
2009-07-06	0.01	7.54	26.5	11
2009-07-07	0	7.54	28	9
2009-07-08	0	7.21	26.5	9
2009-07-09	0	6.76	25.5	10
2009-07-10	1.5	3.63	25.5	12
2009-07-11	0	7.27	22.5	11
2009-07-12	0	7.73	23.5	10.5
2009-07-13	0.01	3.41	21	8
2009-07-14	0	6.83	26	10
2009-07-15	0	7.85	26.5	11.4
2009-07-16	0	5.9	26	9.5
2009-07-17	0	8.32	26	9
2009-07-18	0	5.73	27.5	8.5
2009-07-19	0	7.63	27	7.5
2009-07-20	0	7.25	26.5	9
2009-07-21	0	9.31	28	9
2009-07-22	0	6.82	25.5	9.5
2009-07-23	0	8.12	26	10
2009-07-24	0	7.19	27	9
2009-07-25	1.2	4.84	24.5	9
2009-07-26	0	7.15	24.5	10
2009-07-27	6.8	3.9	23	9.5
2009-07-28	14.9	4.64	25	9
2009-07-29	0	9.31	26	9
2009-07-30	0	5.55	27.5	7
2009-07-31	0	8.49	26	11.5
2009-08-01	0	6.56	24.5	9.5
2009-08-02	0	7.8	25.5	10.5
2009-08-03	0	5.2	25	10
2009-08-04	0	6.3	25	10
2009-08-05	0	8.06	24	9
2009-08-06	0	8.95	25.5	7
2009-08-07	0	8.42	26.5	6
2009-08-08	0.01	3.02	24.5	6
2009-08-09	0.01	4.29	24	10
2009-08-10	0	10.46	25	11
2009-08-11	0	7.9	26	9
2009-08-12	0	7.9	26	7
2009-08-13	0	6.81	25	9
2009-08-14	0	8	27	8.5
2009-08-15	0	8.68	27	10
2009-08-16	0	8.41	26	8
2009-08-17	0	7.14	24	8.5
2009-08-18	0	5.64	24	9
2009-08-19	0.8	3.97	23.5	11.5
2009-08-20	0.4	3.97	26	12
2009-08-21	0	5.62	25	10.5
2009-08-22	0	9.61	25	11
2009-08-23	0	8.5	24.5	9
2009-08-24	0	8.67	24.5	11.5
2009-08-25	0	6.97	24	8
2009-08-26	0.4	6.04	23.5	11
2009-08-27	0	7.92	24	12
2009-08-28	0.6	3.1	24	8
2009-08-29	13.7	3.46	21	8.5
2009-08-30	3.2	1.84	19	12
2009-08-31	0	4.3	23	13
2009-09-01	0	6.3	22	9.5
2009-09-02	0	6.25	23	9
2009-09-03	0	5.05	23.5	10
2009-09-04	5.3	1.68	19.5	11
2009-09-05	5.4	1.61	20.5	12.5
2009-09-06	0	3.48	21	12.5
2009-09-07	0.01	3.23	22.5	13
2009-09-08	0	3.02	23	13
2009-09-09	0	2.95	23.5	12.2
2009-09-10	2.5	4.21	24	12
2009-09-11	5.2	3.19	20	5
2009-09-12	0	4.12	26	13
2009-09-13	7.1	3.39	22.5	11.5
2009-09-14	11.4	4.39	25.5	10.5
2009-09-15	0.01	2.94	22	11
2009-09-16	0	5.22	22.5	12
2009-09-17	0	4.62	23.5	9
2009-09-18	0	4.44	24	10.5
2009-09-19	0	6.23	23.5	11
2009-09-20	0	5.88	22	9
2009-09-21	0	5.73	24	8.5
2009-09-22	2	5.65	23.5	9.5
2009-09-23	5.4	3.19	21	11
2009-09-24	4.2	2.84	19	11.5
2009-09-25	17.8	2.15	15.5	11.5
2009-09-26	7.4	0.2	16	11.5
2009-09-27	0	4.09	20.5	12.5
2009-09-28	4.3	5.25	24.5	11.5
2009-09-29	1	4.92	22	10
2009-09-30	0	5.8	23	10.5
2009-10-01	0	5.44	26	10
2009-10-02	0	7.02	27.5	9
2009-10-03	0	6.19	22.5	11
2009-10-04	0	5.37	28	11
2009-10-05	0	6.48	27	11
2009-10-06	0	3.8	27	11
2009-10-07	0	4.3	25	11
2009-10-08	0.01	2.15	26	11
2009-10-09	0.01	4.7	24	13
2009-10-10	0	4.54	23	11
2009-10-11	0.01	3.39	28	11
2009-10-12	3.1	3.21	26	10
2009-10-13	0.01	4.58	22.5	10
2009-10-14	0	5.56	24	10
2009-10-15	0	6.47	26	7.5
2009-10-16	0.01	5.58	22	6
2009-10-17	12.9	4.2	15	6.5
2009-10-18	0.8	3.7	12.5	8
2009-10-19	0	2.99	18	7
2009-10-20	0	5.06	24	6.5
2009-10-21	0	5.08	27	9.5
2009-10-22	0	4.61	26.5	8.5
2009-10-23	7.1	4.24	22	10
2009-10-24	10.8	2.33	20.5	9.5
2009-10-25	2.8	1.31	20.5	9
2009-10-26	4.6	2.04	21	10
2009-10-27	1.9	0.31	15.5	10.5
2009-10-28	0	3.21	21	10.5
2009-10-29	0.3	2.19	24	11.5
2009-10-30	29.8	5.87	21.5	12
2009-10-31	0	2.47	15	10.5
2009-11-01	0	3.65	20	7
2009-11-02	0	5.31	20	4
2009-11-03	0	3.35	17	1
2009-11-04	0.01	2.27	17	3.5
2009-11-05	0.5	0.12	11	6.5
2009-11-06	0.3	0.37	14.5	4.5
2009-11-07	0	2.36	15	5.5
2009-11-08	0	4.42	23	7.5
2009-11-09	0	4.82	20	5
2009-11-10	1	0.73	13.5	3
2009-11-11	0.01	2.57	12	3
2009-11-12	0	2.48	21.5	2.5
2009-11-13	0	4.2	25	5
2009-11-14	0	4.78	25	6.5
2009-11-15	0	4.33	25.5	6.5
2009-11-16	0	4.41	20.5	7
2009-11-17	0	3.13	19.5	6
2009-11-18	0	4	24	7
2009-11-19	0	3.66	23	8
2009-11-20	0	4.68	26	8.5
2009-11-21	0	3.93	24.5	8
2009-11-22	0	4.82	24.5	8.5
2009-11-23	0	4.6	25	8
2009-11-24	0	4.23	24	8
2009-11-25	0	3.12	20.5	7.5
2009-11-26	0	2.69	20.5	5
2009-11-27	0	3.02	20.5	4.5
2009-11-28	0	4.72	22.5	4
2009-11-29	0	4.09	26	5.5
2009-11-30	0	5.09	26.5	5.5
2009-12-01	0	4.77	20	10
2009-12-02	0	6.16	23.5	8
2009-12-03	0	3.18	23	5.5
2009-12-04	0.5	2.08	21	8
2009-12-05	0	2.91	20.5	8.5
2009-12-06	0	4.82	23.5	9.5
2009-12-07	0	3.49	25.5	9
2009-12-08	0	4.37	26.5	10
2009-12-09	0	5.66	27	8.5
2009-12-10	0	5.08	27.5	5.5
2009-12-11	0	5.43	25	8
2009-12-12	0	6.01	25	8
2009-12-13	0	5.01	23.5	6
2009-12-14	0	6.18	23.5	7
2009-12-15	0	4.69	22.5	6.5
2009-12-16	6.7	1.31	15	8.5
2009-12-17	0	2.58	17	5.5
2009-12-18	0	2.54	17.5	5
2009-12-19	0	1.66	16.5	5.5
2009-12-20	0	2.46	15	5
2009-12-21	0	2.98	19.5	-1
2009-12-22	0	4.01	23.5	-1
2009-12-23	0	4.8	20.5	4
2009-12-24	0	6.66	23.5	6
2009-12-25	0	6.63	23	4
2009-12-26	0	5.67	22.5	6
2009-12-27	0	4.7	26	4.5
2009-12-28	0	3.9	18.5	3.5
2009-12-29	0	4.26	21	5
2009-12-30	0	4.87	22.5	7.5
2009-12-31	0	4.29	22	7
2010-01-01	0	2.78	17	7.5
2010-01-02	2.8	2.8	20	3
2010-01-03	1.2	0.67	12	6
2010-01-04	0	1.71	13	4
2010-01-05	0	2.18	18.5	2
2010-01-06	0	3.11	18	3.5
2010-01-07	11.5	2.99	20	5
2010-01-08	8.3	0.23	10.5	5.5
2010-01-09	0.01	0.69	10	6.5
2010-01-10	0	0.16	15	1.5
2010-01-11	0	2.85	14	0.5
2010-01-12	3	2.13	16	3
2010-01-13	3.9	1.4	18	3
2010-01-14	0	6.84	19.5	4.5
2010-01-15	0	6.47	20	6
2010-01-16	0	3.39	20.5	3
2010-01-17	0	4.67	21	3
2010-01-18	0	4.75	24.5	3.5
2010-01-19	0	4.82	25.5	5.5
2010-01-20	0	7.7	26	4
2010-01-21	0	7.23	26.5	5
2010-01-22	0	5.97	26	5.5
2010-01-23	0	9.9	27	8
2010-01-24	0	7.97	27.5	6
2010-01-25	0	6.34	23.5	5.5
2010-01-26	0	5.38	22	6
2010-01-27	0	6.41	23	3.5
2010-01-28	0	2.21	20	7
2010-01-29	0	2.94	17.5	7
2010-01-30	3.3	0.55	13.5	7
2010-01-31	8.1	6.13	18.5	5
2010-02-01	10.3	0.4	14.5	5.5
2010-02-02	3	1.77	24	5.5
2010-02-03	25	1.31	22	7
2010-02-04	23	NULO	21	7
2010-02-05	0	6.5	21	7.5
2010-02-06	0	2.95	23.5	3
2010-02-07	0	6.82	23	5
2010-02-08	0	6.17	25	6
2010-02-09	0	5.27	20	5.5
2010-02-10	0	4.15	26	5.5
2010-02-11	0	6.71	22.5	7
2010-02-12	0	5.38	23	6.5
2010-02-13	0	5.03	24	3
2010-02-14	1	4.2	22.5	6.5
2010-02-15	0.01	4.15	17	5
2010-02-16	0	3.29	19	3
2010-02-17	19	1.37	10	5.5
2010-02-18	2.1	0.91	12.5	6.5
2010-02-19	0	4.21	20.5	6
2010-02-20	0	3.65	21.5	6
2010-02-21	0	6.11	24	6.5
2010-02-22	0	5.58	24	3.5
2010-02-23	0	7.45	25.5	6
2010-02-24	0	3.87	14	5.5
2010-02-25	0	6.9	24.5	0
2010-02-26	0	6.56	23.5	2
2010-02-27	0	6.29	23.5	1.5
2010-02-28	0	8.47	24	2.5
2010-03-01	0	8.21	22.5	9
2010-03-02	0	6.23	24	4.5
2010-03-03	0	7.25	26	7
2010-03-04	0	7.57	26	7.5
2010-03-05	0	6.8	26	10.5
2010-03-06	0	6.68	26.5	7
2010-03-07	0	5.55	27	9.5
2010-03-08	0	5.68	21	9
2010-03-09	0	9.74	27	10.5
2010-03-10	0	11.03	26.5	11
2010-03-11	0	10.18	28	8
2010-03-12	0	6.79	25	8.5
2010-03-13	0	7.49	27	4
2010-03-14	0	7.75	27.5	8
2010-03-15	0	9.21	23	10.5
2010-03-16	0	5.09	19	13.5
2010-03-17	0	6.07	22.5	6
2010-03-18	0	6.93	25	3.5
2010-03-19	0	10.26	25	6
2010-03-20	0	9.85	25	11
2010-03-21	0	6.94	26	5.5
2010-03-22	0	7.55	26	5
2010-03-23	0	7.21	28	7
2010-03-24	0	8.23	27	6
2010-03-25	0	7.5	26.5	8
2010-03-26	0	8.79	27.5	9.5
2010-03-27	0	9.17	28.5	8
2010-03-28	0	6.59	22	8.5
2010-03-29	0	5.64	20.5	4.5
2010-03-30	0	6.94	24.5	5
2010-03-31	0	8.68	25.5	8
2010-04-01	0	7.16	27	10.5
2010-04-02	0	9.71	26.5	7.5
2010-04-03	0	8.92	25.5	8
2010-04-04	0	8.92	27	11
2010-04-05	0	8.07	27	9.5
2010-04-06	0	8.74	29	9
2010-04-07	1.2	7.37	29	11
2010-04-08	0.5	5.05	21	10.5
2010-04-09	5.1	5.05	28	9.5
2010-04-10	1.2	5.47	26.5	9
2010-04-11	0	6.4	27	9.5
2010-04-12	20.5	7.01	25	10
2010-04-13	0.01	5.06	22	10
2010-04-14	0	4.67	24	7.5
2010-04-15	15.7	7.57	20	7.5
2010-04-16	0	5.2	21.5	8
2010-04-17	14.1	5.49	24.5	6
2010-04-18	0.01	4.87	22.5	8
2010-04-19	0	8.71	26	8.5
2010-04-20	0	4.77	26	8
2010-04-21	0	8.86	27.3	9.5
2010-04-22	0	6.02	26.5	10.5
2010-04-23	0	7.41	26.5	11
2010-04-24	0	7.14	26	12.5
2010-04-25	0	8.55	27.7	11
2010-04-26	0	7.34	29	8.5
2010-04-27	0	8.65	29.5	9
2010-04-28	0	7.13	27	9
2010-04-29	0	10.53	28	8.5
2010-04-30	0	13.09	29.5	9
2010-05-01	0	13.5	30.5	7
2010-05-02	0	9.92	31.4	10
2010-05-03	0	9.5	31	11.5
2010-05-04	0	8.17	31	10
2010-05-05	0	9.95	29	9.5
2010-05-06	0	10.58	30	8.3
2010-05-07	0	11.47	31	7
2010-05-08	0	8.74	31	5
2010-05-09	0	7.44	28	5
2010-05-10	0	8.1	30.3	11
2010-05-11	0	8.12	29.5	10.5
2010-05-12	0	7.67	29.5	12.5
2010-05-13	0	6.53	29	11.5
2010-05-14	5.3	6.4	27.5	11
2010-05-15	0.01	5.52	27	11
2010-05-16	0.01	3.47	23.5	11
2010-05-17	0	6.72	25	8.5
2010-05-18	0	6.29	26	9
2010-05-19	0	10.48	29	9.8
2010-05-20	0	11.15	30.5	12
2010-05-21	0	12.26	30.5	12.5
2010-05-22	0	10.31	30	11.5
2010-05-23	0	9.28	30	10
2010-05-24	0	10.43	30	10
2010-05-25	0	8.93	29	10.3
2010-05-26	0	7.73	28	7
2010-05-27	0	5.75	26	9
2010-05-28	0	5.42	26.5	10.5
2010-05-29	0	8.45	29	11.5
2010-05-30	0	9.26	30.5	10
2010-05-31	0	8.97	30.5	10
2010-06-01	0	8.87	30.7	12.5
2010-06-02	0	9.98	29.8	12
2010-06-03	7.7	10.78	30	11.5
2010-06-04	0	9.06	30	10.5
2010-06-05	0.6	8.35	30.5	10
2010-06-06	0	10.16	30	10.5
2010-06-07	1.3	7.36	29.5	10
2010-06-08	3.2	6.76	28.6	10
2010-06-09	0	6.69	29.5	10
2010-06-10	0	5.44	29	12
2010-06-11	0	6.25	29	12
2010-06-12	2.4	3.4	25.5	12.5
2010-06-13	0	5.42	25.5	10.5
2010-06-14	0	10.02	25	8.5
2010-06-15	0	7.23	24.7	8
2010-06-16	1	4.02	22	10
2010-06-17	0	5.06	22.4	11.3
2010-06-18	0	5.66	24	12.5
2010-06-19	0	8.84	26	10.5
2010-06-20	0	8.73	25	10
2010-06-21	0	8.8	26.5	10
2010-06-22	0	7.68	25.2	11
2010-06-23	0	7.61	26	8.5
2010-06-24	0	7.1	24	10
2010-06-25	0	9.26	25	11
2010-06-26	0	8.54	27	12
2010-06-27	0	7.21	27	9.5
2010-06-28	0	8.02	26	9
2010-06-29	0	4.27	23.8	9
2010-06-30	3.2	3.51	24	12.5
2010-07-01	50.7	8	24	13.5
2010-07-02	0	3.04	20.5	13.5
2010-07-03	14.4	6.08	24	12
2010-07-04	7.8	7.52	25.2	11.5
2010-07-05	24.7	7.79	25	12
2010-07-06	7.5	2.69	23.5	12.5
2010-07-07	7.5	6.03	24	12.5
2010-07-08	4.4	2.24	20	12.5
2010-07-09	3	2.18	20.5	12
2010-07-10	0.01	4.71	21	10.5
2010-07-11	1.6	3.78	21.5	10.5
2010-07-12	11.9	6.24	23	10
2010-07-13	0	6.68	24.5	10.5
2010-07-14	0	4.61	22	10
2010-07-15	1.4	6.1	22.5	10
2010-07-16	0	6.9	23.5	9
2010-07-17	8	5.82	23.5	8
2010-07-18	5.7	5.34	24	8.5
2010-07-19	0.01	4.09	22	12
2010-07-20	7.6	4.72	22.5	11.5
2010-07-21	2.5	3.87	20	12
2010-07-22	23.9	0.16	15	13
2010-07-23	24.8	NULO	17	12.5
2010-07-24	24	0.68	15	12.5
2010-07-25	3.4	0.35	17	12.5
2010-07-26	2	2.25	20.5	12.5
2010-07-27	0.5	5.8	23	11.5
2010-07-28	0.01	3.22	21	12
2010-07-29	0	5.59	23	8
2010-07-30	0.01	4.95	20.5	8
2010-07-31	0	5.39	24.5	11.5
2010-08-01	0.01	4.45	24	9.5
2010-08-02	0	6.59	24	9.5
2010-08-03	0.7	6.6	20	9
2010-08-04	0	5.63	22	9.5
2010-08-05	0	7.07	24.5	8.5
2010-08-06	17.7	7	23.3	10
2010-08-07	0.8	4.14	24	11
2010-08-08	0	3.95	23	12.5
2010-08-09	6.1	4.4	25	11.5
2010-08-10	0	4.94	25	11.5
2010-08-11	2.5	6.88	25	10
2010-08-12	10.3	11.86	23	9.5
2010-08-13	2.5	4.05	21.8	10
2010-08-14	0	3.98	22	13
2010-08-15	0	5.87	25	11.5
2010-08-16	8	4.22	21	7.2
2010-08-17	12.2	3.75	19.6	12
2010-08-18	0.3	3.94	23	12
2010-08-19	0	5.1	22.5	12
2010-08-20	0	4.78	23	9
2010-08-21	0.9	2.51	22.5	9.1
2010-08-22	0	5.83	20	10.5
2010-08-23	0	3.71	22.5	8.5
2010-08-24	0	6.36	24	7.5
2010-08-25	0.01	6.03	23	8.5
2010-08-26	0.01	2.7	19	10.5
2010-08-27	0.3	2.19	18	10.5
2010-08-28	0.01	5.17	22.4	8.5
2010-08-29	0	4.87	23.5	10
2010-08-30	0	5.64	23.5	9
2010-08-31	2.8	1.31	17	9.5
2010-09-01	0.01	5.53	23	11.5
2010-09-02	0.01	6.22	24.8	11
2010-09-03	15.2	9.2	22.5	11
2010-09-04	16.2	8.92	21	11.5
2010-09-05	12.9	0.42	15	11
2010-09-06	0.01	2.13	22.5	12
2010-09-07	0	2.71	22	12
2010-09-08	0	3.4	25.5	11
2010-09-09	0	5.2	27.5	11.5
2010-09-10	0	4.69	24.8	10.5
2010-09-11	2	3.2	24	10
2010-09-12	0	4.34	23	10
2010-09-13	0	5.45	22	9.4
2010-09-14	0	3.21	21	9.3
2010-09-15	0	3.77	20	11
2010-09-16	0.4	4.94	22	11.5
2010-09-17	22.4	0.15	15.5	11.3
2010-09-18	5.3	0.91	17	11
2010-09-19	6.4	3.61	22	12
2010-09-20	1.8	2.64	22.8	12
2010-09-21	0.01	3.85	24	12
2010-09-22	0	4.46	23	11.5
2010-09-23	0	5.01	22.5	10.5
2010-09-24	0.3	5.27	22.5	10.5
2010-09-25	0.3	3.6	19	11
2010-09-26	0.8	2.12	22	7
2010-09-27	1	3.92	20	7
2010-09-28	0	3.97	23	8
2010-09-29	0	7.52	23.3	4
2010-09-30	0	5.51	22	3.5
2010-10-01	0	5.86	20	2.4
2010-10-02	0	5.31	20.8	2.3
2010-10-03	0	1.67	14	3
2010-10-04	0	4.26	22.7	0
2010-10-05	0	4.84	18.5	1.5
2010-10-06	0	4.65	17.6	3.5
2010-10-07	0	3.4	18	5.3
2010-10-08	0	4.88	22	3.5
2010-10-09	0	4.62	23.5	4.5
2010-10-10	0	5.33	26	6
2010-10-11	0	8.01	25.8	7.2
2010-10-12	0	5.96	24	8.9
2010-10-13	0	4.8	20.5	5
2010-10-14	0	2.38	13.5	4
2010-10-15	0	4.36	20	1.5
2010-10-16	0	4.83	23.5	2
2010-10-17	0	7.28	24	4.2
2010-10-18	0	7.34	26	5.5
2010-10-19	0	7.9	25.5	6.8
2010-10-20	0	8.71	26	8.5
2010-10-21	0	8.17	25.8	8
2010-10-22	0	7.8	25.8	8
2010-10-23	0	7.69	27	8
2010-10-24	0	9.45	26	8.5
2010-10-25	0	9	27	7
2010-10-26	0	8.08	27	7.5
2010-10-27	0	10.8	28	9
2010-10-28	16	2.92	20	7
2010-10-29	1	0.75	18	6
2010-10-30	0	2.8	27	6
2010-10-31	0	4.68	24	7
2010-11-01	0	4.62	25.5	8
2010-11-02	0	5.43	24	5.5
2010-11-03	0	3.74	20.5	6.2
2010-11-04	0	7.21	15	4
2010-11-05	0	6.41	15.5	1
2010-11-06	0	5.81	17.3	-4
2010-11-07	0	6.02	17	-4
2010-11-08	0	7.2	19.5	-2.5
2010-11-09	0	7.5	22	0.5
2010-11-10	0	7.01	22.5	5
2010-11-11	0	6.17	22	4
2010-11-12	0	5.63	24.5	7
2010-11-13	0	4.02	20.5	2
2010-11-14	0	5.12	25	5
2010-11-15	0	5.97	24.7	6.5
2010-11-16	0	4.55	24	4
2010-11-17	0	6.31	25	6.5
2010-11-18	0.01	1.55	13.5	7
2010-11-19	0	7.37	21	7.8
2010-11-20	0	5.27	22	5
2010-11-21	0	5.97	25	8
2010-11-22	0	6.3	25	8
2010-11-23	0	7.52	24	5.5
2010-11-24	0	6.44	27	5
2010-11-25	0	5.52	27	7.5
2010-11-26	0	4.49	25	5.5
2010-11-27	0	4.76	23	4.5
2010-11-28	0	5.1	26.5	7
2010-11-29	0	6.27	26.5	7
2010-11-30	0	3.79	21.2	9.3
2010-12-01	0	3.12	20	1
2010-12-02	0	6.24	22	3
2010-12-03	0	4.86	21	1
2010-12-04	0	6.33	23.3	0
2010-12-05	0	3.9	19	-1.5
2010-12-06	0	2.26	15	0
2010-12-07	0	4.4	21	2.5
2010-12-08	0	2.46	15	4
2010-12-09	0	5.38	19.5	-1.8
2010-12-10	0	6.76	22.8	0
2010-12-11	0	6.26	24	3
2010-12-12	0	3.47	18	3.5
2010-12-13	0	4.32	20.5	-1
2010-12-14	0	4.82	20.5	1.5
2010-12-15	0	5.69	22.3	2
2010-12-16	0	4.8	22	1.5
2010-12-17	0	4.53	23.3	3
2010-12-18	0	5.57	23	2.5
2010-12-19	0	6.01	24	4.5
2010-12-20	0	6.91	24	4.3
2010-12-21	0	6.5	21.7	3.5
2010-12-22	0	6.26	23	2.3
2010-12-23	0	5.8	23	1
2010-12-24	0	4.8	22	2.3
2010-12-25	0	4.05	22.5	5
2010-12-26	0	3.84	19.5	3.5
2010-12-27	0	4.56	22	3.3
2010-12-28	0	3.53	20	4.8
2010-12-29	0	6.46	23	2.2
2010-12-30	0	7.05	22	5.2
2010-12-31	0	9.01	23	2.5
2011-01-01	0	3.74	21.5	5
2011-01-02	0	4.76	21	5.5
2011-01-03	0	5.39	25	6
2011-01-04	0	6.3	24.8	6.5
2011-01-05	0	6.91	26	6
2011-01-06	0	5.71	24.3	5
2011-01-07	0	6.7	26	6
2011-01-08	0	5.74	25	5.5
2011-01-09	0	6.22	24.5	8
2011-01-10	0	6.37	25	6.5
2011-01-11	0	4.11	24	3
2011-01-12	0	3.36	17	3
2011-01-13	0	3.15	15.3	1.2
2011-01-14	0	4.4	20.2	2.5
2011-01-15	0	3.81	20.5	1
2011-01-16	0	4.98	21.5	5
2011-01-17	0	6.19	22.5	2.8
2011-01-18	0	6.04	25	4.5
2011-01-19	0	6.9	25.5	4
2011-01-20	0	7.61	25	4
2011-01-21	0	6.47	25	4
2011-01-22	0	4.96	24	3.5
2011-01-23	0	6.81	24.5	2.8
2011-01-24	0	5.53	25	5.5
2011-01-25	0	4.93	23.5	3.4
2011-01-26	0	4.23	22.6	3.2
2011-01-27	0	4.9	21.8	3.3
2011-01-28	0	4.78	23.5	2
2011-01-29	0	5.2	24.1	6
2011-01-30	0	6.15	26	7
2011-01-31	0	8.86	25	7.2
2011-02-01	0	5.98	26	9
2011-02-02	0	5.74	23	7.5
2011-02-03	0	5.69	21	8
2011-02-04	0	6.68	21.5	8
2011-02-05	0	6.29	23.4	10
2011-02-06	0	6.66	23.5	7.5
2011-02-07	0	6.5	23.7	4.5
2011-02-08	0	5.61	25.9	4
2011-02-09	0	6.16	25.5	6
2011-02-10	0	5.85	24	6
2011-02-11	11.3	6.34	25.3	8.5
2011-02-12	0	3.71	13	4.5
2011-02-13	0	4.38	21	1.5
2011-02-14	0	6.56	23.5	2.5
2011-02-15	0	7.2	25	2
2011-02-16	0	8.74	26	4
2011-02-17	0	8.57	25.5	7
2011-02-18	0	8.19	26	3.5
2011-02-19	0	8	24.7	3
2011-02-20	0	8.7	21.5	6
2011-02-21	0	8.43	26	7.5
2011-02-22	0	7.1	24	6
2011-02-23	0	5.27	26.5	7.3
2011-02-24	0	6.69	26.6	8
2011-02-25	0	6.08	25	9
2011-02-26	4.3	5.42	27	9
2011-02-27	0	5.78	27	8
2011-02-28	0	7.2	26	6.5
2011-03-01	0	8.7	24	6
2011-03-02	0	9.7	25.5	6
2011-03-03	0	10.78	26	5.2
2011-03-04	0	9.14	28.5	4
2011-03-05	0	7.5	25	8
2011-03-06	0	5.2	26.5	4
2011-03-07	0	7.75	26	7
2011-03-08	0	8.93	27	9.5
2011-03-09	0	8.55	26	5
2011-03-10	0	6.38	17	6
2011-03-11	0	8	23.5	0.5
2011-03-12	0	9.51	24.5	5.5
2011-03-13	0	8.29	26.5	8.5
2011-03-14	0	6.58	26.3	6.5
2011-03-15	0	6.09	24.8	6
2011-03-16	0	7.29	23.8	5
2011-03-17	0	7.77	24.2	4.5
2011-03-18	0	10.09	25	3
2011-03-19	0	8.49	25.5	4
2011-03-20	0	8.68	26	6
2011-03-21	0	7.95	24.3	3.4
2011-03-22	0	6.76	26.5	4
2011-03-23	0	9	27	6
2011-03-24	0	12	27	4.5
2011-03-25	0	7.63	29	7
2011-03-26	0	6.5	29	10
2011-03-27	0	8.59	29.5	10
2011-03-28	0	9.97	29.5	10
2011-03-29	0	9.76	29.6	10
2011-03-30	0	7.56	30	9.3
2011-03-31	0	9.43	28.3	7.8
2011-04-01	0	7.08	26	9.8
2011-04-02	0.01	6.03	25	9.8
2011-04-03	0	7.79	28.6	9
2011-04-04	6.2	8.35	27.5	10
2011-04-05	0	6.82	28.5	8
2011-04-06	0	8.55	27	8
2011-04-07	0	10.8	29	9.5
2011-04-08	0	10.41	29	9
2011-04-09	0	10.84	29.5	10.5
2011-04-10	0	11.28	31	10
2011-04-11	0	8.26	29	13
2011-04-12	0	7.92	25.5	6.5
2011-04-13	0	10.42	29.5	7.5
2011-04-14	0	12.05	30.2	10.5
2011-04-15	11	9.07	30	12
2011-04-16	0	6.6	29	11
2011-04-17	5.4	4.58	27.8	9
2011-04-18	0	7.93	27	8.5
2011-04-19	0	9.52	28.3	9.5
2011-04-20	0	9.08	28	10
2011-04-21	0	8.1	27.3	9
2011-04-22	0	8.53	27	9.5
2011-04-23	0	8.15	24	10.5
2011-04-24	0	9.2	23	11
2011-04-25	0	9.51	25	11.8
2011-04-26	0	8.98	28	11
2011-04-27	0	11.25	24.5	11
2011-04-28	0	9.13	17	11.5
2011-04-29	0	8.3	23.5	8
2011-04-30	0	9.22	19.5	9
2011-05-01	0	10.23	26.2	11.5
2011-05-02	0	8.65	27	11
2011-05-03	0	4.95	26	8.9
2011-05-04	0	6.06	26	4
2011-05-05	0	6.9	26.3	4.8
2011-05-06	0	7.49	26	8
2011-05-07	0	11.38	26	7.5
2011-05-08	0	11.73	28	10
2011-05-09	0.01	9.99	28	11.5
2011-05-10	0	9.07	27	11
2011-05-11	0	9.49	27	13.5
2011-05-12	0	9.44	28.5	7.8
2011-05-13	0	7.95	27.5	13.5
2011-05-14	0	7.63	30	12
2011-05-15	0	7.01	31	13
2011-05-16	0	8.74	30	12.5
2011-05-17	0	11.95	20	11.8
2011-05-18	0	9.36	30.5	12.3
2011-05-19	0	11.11	30	13.5
2011-05-20	0	10.21	29	12.5
2011-05-21	0	7.98	28	13
2011-05-22	0	10.21	27	11.5
2011-05-23	0	9.13	30	11.5
2011-05-24	0	12.54	32	11.5
2011-05-25	0	13.41	31	14.5
2011-05-26	0	12.16	32	14
2011-05-27	0	9.2	30	9
2011-05-28	0	10.75	29	3.5
2011-05-29	0	10.15	28	5
2011-05-30	0	9.46	29	10
2011-05-31	0	9.09	29	12
2011-06-01	0.01	2.82	NULO	NULO
2011-06-02	0	7.98	NULO	NULO
2011-06-03	0	8.73	NULO	NULO
2011-06-04	0	7.55	NULO	NULO
2011-06-05	0	6.45	NULO	NULO
2011-06-06	0	13.01	NULO	NULO
2011-06-07	0	3.75	NULO	NULO
2011-06-08	0	9.01	NULO	NULO
2011-06-09	0	8.3	NULO	NULO
2011-06-10	0	8.15	NULO	NULO
2011-06-11	0	8.83	NULO	NULO
2011-06-12	0	8.95	NULO	NULO
2011-06-13	0	7.78	NULO	NULO
2011-06-14	0	7.39	NULO	NULO
2011-06-15	0	7.8	NULO	NULO
2011-06-16	0	8.22	NULO	NULO
2011-06-17	0	10.34	NULO	NULO
2011-06-18	0	9.55	NULO	NULO
2011-06-19	0	9.08	NULO	NULO
2011-06-20	54.5	10.16	NULO	NULO
2011-06-21	18.2	3	NULO	NULO
2011-06-22	48	1.27	NULO	NULO
2011-06-23	10.2	3.49	NULO	NULO
2011-06-24	0	4.61	NULO	NULO
2011-06-25	0	3.14	NULO	NULO
2011-06-26	0	2.46	NULO	NULO
2011-06-27	7.8	7.35	NULO	NULO
2011-06-28	26.2	2.47	NULO	NULO
2011-06-29	38	2.17	NULO	NULO
2011-06-30	60	2.22	NULO	NULO
2011-07-01	7.5	3.5	NULO	NULO
2011-07-02	0.01	3.79	NULO	NULO
2011-07-03	0	5.88	NULO	NULO
2011-07-04	0	5.37	NULO	NULO
2011-07-05	0	5.74	NULO	NULO
2011-07-06	0	6.86	NULO	NULO
2011-07-07	0.8	5.57	NULO	NULO
2011-07-08	0	3.97	NULO	NULO
2011-07-09	11.6	4.3	NULO	NULO
2011-07-10	0	4.06	NULO	NULO
2011-07-11	0.7	4.04	NULO	NULO
2011-07-12	0	6.64	NULO	NULO
2011-07-13	28.9	2.51	NULO	NULO
2011-07-14	10.6	3.11	NULO	NULO
2011-07-15	0	6.07	NULO	NULO
2011-07-16	0.3	3.82	NULO	NULO
2011-07-17	1	2.04	NULO	NULO
2011-07-18	0	5.12	NULO	NULO
2011-07-19	0.3	5.19	NULO	NULO
2011-07-20	9	5.23	NULO	NULO
2011-07-21	0.6	5.07	NULO	NULO
2011-07-22	0.01	4.1	NULO	NULO
2011-07-23	0	5.6	NULO	NULO
2011-07-24	0	5.59	NULO	NULO
2011-07-25	0	6.24	NULO	NULO
2011-07-26	0	5.36	NULO	NULO
2011-07-27	0	4.59	NULO	NULO
2011-07-28	0	4.9	NULO	NULO
2011-07-29	0.01	5.74	NULO	NULO
2011-07-30	0	4.53	NULO	NULO
2011-07-31	2.8	3.18	NULO	NULO
2011-08-01	7.1	2.2	NULO	NULO
2011-08-02	0	4.98	NULO	NULO
2011-08-03	0.01	2.9	NULO	NULO
2011-08-04	0	5.2	NULO	NULO
2011-08-05	0	5.64	NULO	NULO
2011-08-06	2.5	6.71	NULO	NULO
2011-08-07	3	3.95	NULO	NULO
2011-08-08	1.2	4.96	NULO	NULO
2011-08-09	0	4.5	NULO	NULO
2011-08-10	0	5.07	NULO	NULO
2011-08-11	0.01	4.93	NULO	NULO
2011-08-12	0	7.25	NULO	NULO
2011-08-13	4	4.04	NULO	NULO
2011-08-14	0	6.24	NULO	NULO
2011-08-15	0	6.01	NULO	NULO
2011-08-16	0	6.48	NULO	NULO
2011-08-17	0	7.3	NULO	NULO
2011-08-18	0	7.26	NULO	NULO
2011-08-19	0	7.12	NULO	NULO
2011-08-20	0	7.2	NULO	NULO
2011-08-21	9.4	5.31	NULO	NULO
2011-08-22	3.4	3.26	NULO	NULO
2011-08-23	0.9	3.48	NULO	NULO
2011-08-24	0	5.2	NULO	NULO
2011-08-25	0	6.3	NULO	NULO
2011-08-26	0	6.09	NULO	NULO
2011-08-27	0	3.19	NULO	NULO
2011-08-28	0.7	3.52	NULO	NULO
2011-08-29	1.7	5.91	NULO	NULO
2011-08-30	0	6.2	NULO	NULO
2011-08-31	6.3	1.1	NULO	NULO
2011-09-01	7.2	3.87	NULO	NULO
2011-09-02	0.9	3.56	NULO	NULO
2011-09-03	79	2.79	NULO	NULO
2011-09-04	3.7	4.06	NULO	NULO
2011-09-05	2.4	3.93	NULO	NULO
2011-09-06	6.2	0.21	NULO	NULO
2011-09-07	0	4.58	NULO	NULO
2011-09-08	0	4.57	NULO	NULO
2011-09-09	0	4.2	NULO	NULO
2011-09-10	0	3.8	NULO	NULO
2011-09-11	6.5	4.06	NULO	NULO
2011-09-12	0	5.18	NULO	NULO
2011-09-13	0	7.7	NULO	NULO
2011-09-14	0	6.11	NULO	NULO
2011-09-15	0	8.86	NULO	NULO
2011-09-16	0	0.5	NULO	NULO
2011-09-17	0	7.75	NULO	NULO
2011-09-18	0	2.95	NULO	NULO
2011-09-19	0	5.1	NULO	NULO
2011-09-20	0	7.3	NULO	NULO
2011-09-21	0	5.89	NULO	NULO
2011-09-22	0	6.91	NULO	NULO
2011-09-23	0	4.3	NULO	NULO
2011-09-24	0	6.38	NULO	NULO
2011-09-25	0	6.71	NULO	NULO
2011-09-26	0	9.44	NULO	NULO
2011-09-27	0	6.13	NULO	NULO
2011-09-28	0	4.59	NULO	NULO
2011-09-29	0	4.63	NULO	NULO
2011-09-30	1.5	4.63	NULO	NULO
2011-10-01	6.6	1	NULO	NULO
2011-10-02	0.4	1.69	NULO	NULO
2011-10-03	0	4.03	NULO	NULO
2011-10-04	0	4.28	NULO	NULO
2011-10-05	0	3.97	NULO	NULO
2011-10-06	0	5.9	NULO	NULO
2011-10-07	0	4.55	NULO	NULO
2011-10-08	0	3.67	NULO	NULO
2011-10-09	0	4.48	NULO	NULO
2011-10-10	0	4	NULO	NULO
2011-10-11	8.7	5.7	NULO	NULO
2011-10-12	0.01	2.07	NULO	NULO
2011-10-13	8	1.32	NULO	NULO
2011-10-14	0	4.65	NULO	NULO
2011-10-15	0	4.2	NULO	NULO
2011-10-16	0.01	4.2	NULO	NULO
2011-10-17	0	6.9	NULO	NULO
2011-10-18	0	4.25	NULO	NULO
2011-10-19	0	7.39	NULO	NULO
2011-10-20	0	5.61	NULO	NULO
2011-10-21	0	9.45	NULO	NULO
2011-10-22	0	7.81	NULO	NULO
2011-10-23	0	8.1	NULO	NULO
2011-10-24	0	6.64	NULO	NULO
2011-10-25	0	7.25	NULO	NULO
2011-10-26	0	5.38	NULO	NULO
2011-10-27	0	8.5	NULO	NULO
2011-10-28	0	7.2	NULO	NULO
2011-10-29	0	4.9	NULO	NULO
2011-10-30	0	3.5	NULO	NULO
2011-10-31	0	6.23	NULO	NULO
2011-11-01	0	6.12	NULO	NULO
2011-11-02	0	4.35	NULO	NULO
2011-11-03	0	4.5	NULO	NULO
2011-11-04	11.1	1.71	NULO	NULO
2011-11-05	0	5.7	NULO	NULO
2011-11-06	0	6.53	NULO	NULO
2011-11-07	0	7.4	NULO	NULO
2011-11-08	1	4.15	NULO	NULO
2011-11-09	0	2.35	NULO	NULO
2011-11-10	0	2.8	NULO	NULO
2011-11-11	0	4.8	NULO	NULO
2011-11-12	0	4.99	NULO	NULO
2011-11-13	0	4.34	NULO	NULO
2011-11-14	0	3.92	NULO	NULO
2011-11-15	0	6.85	NULO	NULO
2011-11-16	0	4.55	NULO	NULO
2011-11-17	0	3.35	NULO	NULO
2011-11-18	0	3.65	NULO	NULO
2011-11-19	0	4.45	NULO	NULO
2011-11-20	0	8.2	NULO	NULO
2011-11-21	0	2.25	NULO	NULO
2011-11-22	0	6.9	NULO	NULO
2011-11-23	0	1.3	NULO	NULO
2011-11-24	0	5.42	NULO	NULO
2011-11-25	0	6.44	NULO	NULO
2011-11-26	1	1.91	NULO	NULO
2011-11-27	7	2.59	NULO	NULO
2011-11-28	0.3	5.47	NULO	NULO
2011-11-29	0	6.33	NULO	NULO
2011-11-30	0	3.67	NULO	NULO
2011-12-01	0	7.88	NULO	NULO
2011-12-02	0	5.37	NULO	NULO
2011-12-03	0	5.93	NULO	NULO
2011-12-04	0	8.35	NULO	NULO
2011-12-05	0	4.8	NULO	NULO
2011-12-06	0	5.33	NULO	NULO
2011-12-07	0	5.2	NULO	NULO
2011-12-08	0	5.8	NULO	NULO
2011-12-09	0	4.9	NULO	NULO
2011-12-10	0	3.1	NULO	NULO
2011-12-11	0	4.76	NULO	NULO
2011-12-12	0	2.22	NULO	NULO
2011-12-13	0	6.92	NULO	NULO
2011-12-14	0	3.71	NULO	NULO
2011-12-15	0	8.79	NULO	NULO
2011-12-16	0	3.2	NULO	NULO
2011-12-17	0	0.4	NULO	NULO
2011-12-18	0	9.45	NULO	NULO
2011-12-19	0	3.15	NULO	NULO
2011-12-20	0	4.05	NULO	NULO
2011-12-21	0	9.8	NULO	NULO
2011-12-22	0	4.25	NULO	NULO
2011-12-23	0	4.15	NULO	NULO
2011-12-24	0	5.1	NULO	NULO
2011-12-25	0	6.34	NULO	NULO
2011-12-26	0	5.57	NULO	NULO
2011-12-27	0	4.54	NULO	NULO
2011-12-28	0	5.57	NULO	NULO
2011-12-29	0	4.53	NULO	NULO
2011-12-30	0	5.39	NULO	NULO
2011-12-31	2.5	3.26	NULO	NULO
2012-01-01	2.5	3.2	NULO	NULO
2012-01-02	0	0.98	NULO	NULO
2012-01-03	0	3.02	NULO	NULO
2012-01-04	0	2.86	NULO	NULO
2012-01-05	0	3.03	NULO	NULO
2012-01-06	0	7.31	NULO	NULO
2012-01-07	0	4.4	NULO	NULO
2012-01-08	0	3.7	NULO	NULO
2012-01-09	0	6.5	NULO	NULO
2012-01-10	0	5.25	NULO	NULO
2012-01-11	0	6.56	NULO	NULO
2012-01-12	0	4.4	NULO	NULO
2012-01-13	0	4.06	NULO	NULO
2012-01-14	0	3.82	NULO	NULO
2012-01-15	0	4.85	NULO	NULO
2012-01-16	0	4.58	NULO	NULO
2012-01-17	0	6.85	NULO	NULO
2012-01-18	0	5.17	NULO	NULO
2012-01-19	0	5.1	NULO	NULO
2012-01-20	0	8.27	NULO	NULO
2012-01-21	0	8.63	NULO	NULO
2012-01-22	0	8.17	NULO	NULO
2012-01-23	0	5.89	NULO	NULO
2012-01-24	0	2.57	NULO	NULO
2012-01-25	0	9.08	NULO	NULO
2012-01-26	0	1.76	NULO	NULO
2012-01-27	0	8.7	NULO	NULO
2012-01-28	0	2.18	NULO	NULO
2012-01-29	0	0.9	NULO	NULO
2012-01-30	0	1.99	NULO	NULO
2012-01-31	14.5	4.91	NULO	NULO
2012-02-01	0	2.08	NULO	NULO
2012-02-02	0	5.21	NULO	NULO
2012-02-03	0	3.8	NULO	NULO
2012-02-04	0	3.3	NULO	NULO
2012-02-05	2	7.86	NULO	NULO
2012-02-06	2.5	3.56	NULO	NULO
2012-02-07	4.5	1.56	NULO	NULO
2012-02-08	6	2.05	NULO	NULO
2012-02-09	4	3.3	NULO	NULO
2012-02-10	6.5	1.8	NULO	NULO
2012-02-11	1.5	1.7	NULO	NULO
2012-02-12	1.5	1.7	NULO	NULO
2012-02-13	0	0.38	NULO	NULO
2012-02-14	1	2.92	NULO	NULO
2012-02-15	0	0.9	NULO	NULO
2012-02-16	0	7.9	NULO	NULO
2012-02-17	0	4.75	NULO	NULO
2012-02-18	0	9.34	NULO	NULO
2012-02-19	0	6	NULO	NULO
2012-02-20	7	0.37	NULO	NULO
2012-02-21	9.8	4.98	NULO	NULO
2012-02-22	0	5.81	NULO	NULO
2012-02-23	0	8.82	NULO	NULO
2012-02-24	0	1.63	NULO	NULO
2012-02-25	0	6.76	NULO	NULO
2012-02-26	0	7.3	NULO	NULO
2012-02-27	0	5	NULO	NULO
2012-02-28	0	7.83	NULO	NULO
2012-02-29	0	8.41	NULO	NULO
2012-03-01	0	8.96	NULO	NULO
2012-03-02	0	11.28	NULO	NULO
2012-03-03	0	5.56	NULO	NULO
2012-03-04	0	4.46	NULO	NULO
2012-03-05	0	7.77	NULO	NULO
2012-03-06	0	10.68	NULO	NULO
2012-03-07	0	10.04	NULO	NULO
2012-03-08	0	7.08	NULO	NULO
2012-03-09	0	5.35	NULO	NULO
2012-03-10	0.7	6.63	NULO	NULO
2012-03-11	4.5	3.66	NULO	NULO
2012-03-12	0	7.39	NULO	NULO
2012-03-13	0	8.59	NULO	NULO
2012-03-14	0	4.37	NULO	NULO
2012-03-15	0	9.5	NULO	NULO
2012-03-16	0	8.74	NULO	NULO
2012-03-17	1	5.14	NULO	NULO
2012-03-18	0.01	6.4	NULO	NULO
2012-03-19	0	7.3	NULO	NULO
2012-03-20	0	8.69	NULO	NULO
2012-03-21	0	8.37	NULO	NULO
2012-03-22	0	8.76	NULO	NULO
2012-03-23	0	8.96	NULO	NULO
2012-03-24	0	5.06	NULO	NULO
2012-03-25	0	8.58	NULO	NULO
2012-03-26	0	10.05	NULO	NULO
2012-03-27	0.01	6.8	NULO	NULO
2012-03-28	0	7.96	NULO	NULO
2012-03-29	0.01	0.69	NULO	NULO
2012-03-30	0	7.99	NULO	NULO
2012-03-31	0	4.56	NULO	NULO
2012-04-01	0.01	3.15	NULO	NULO
2012-04-02	1	3.7	NULO	NULO
2012-04-03	0	9.4	NULO	NULO
2012-04-04	0	7.76	NULO	NULO
2012-04-05	0	5.41	NULO	NULO
2012-04-06	0	6.03	NULO	NULO
2012-04-07	0	7.35	NULO	NULO
2012-04-08	0	5.99	NULO	NULO
2012-04-09	0	7.13	NULO	NULO
2012-04-10	0	5.78	NULO	NULO
2012-04-11	0	9.39	NULO	NULO
2012-04-12	0	6.53	NULO	NULO
2012-04-13	12	9.28	NULO	NULO
2012-04-14	24	12.35	NULO	NULO
2012-04-15	0	8.75	NULO	NULO
2012-04-16	0	7.1	NULO	NULO
2012-04-17	0.01	3.53	NULO	NULO
2012-04-18	0	6.66	NULO	NULO
2012-04-19	0	8.69	NULO	NULO
2012-04-20	0	9.3	NULO	NULO
2012-04-21	0	8.5	NULO	NULO
2012-04-22	0	7.98	NULO	NULO
2012-04-23	0	8.92	NULO	NULO
2012-04-24	0	7.4	NULO	NULO
2012-04-25	0	10.61	NULO	NULO
2012-04-26	0	9.59	NULO	NULO
2012-04-27	0	8.46	NULO	NULO
2012-04-28	0	10.75	NULO	NULO
2012-04-29	0	10.79	NULO	NULO
2012-04-30	NULO	7.3	NULO	NULO
2012-05-01	0	9.28	NULO	NULO
2012-05-02	0	12.36	NULO	NULO
2012-05-03	0	11.16	NULO	NULO
2012-05-04	0	10	NULO	NULO
2012-05-05	1	9.06	NULO	NULO
2012-05-06	0.01	8.04	NULO	NULO
2012-05-07	0.01	8.9	NULO	NULO
2012-05-08	0	11.55	NULO	NULO
2012-05-09	9	1.76	NULO	NULO
2012-05-10	0	7.25	NULO	NULO
2012-05-11	0	10.08	NULO	NULO
2012-05-12	2	8.42	NULO	NULO
2012-05-13	0	5	NULO	NULO
2012-05-14	0	8.52	NULO	NULO
2012-05-15	0	5.58	NULO	NULO
2012-05-16	0	10.53	NULO	NULO
2012-05-17	0	4.07	NULO	NULO
2012-05-18	0	8.6	NULO	NULO
2012-05-19	0	7.37	NULO	NULO
2012-05-20	0	5.98	NULO	NULO
2012-05-21	0	9.24	NULO	NULO
2012-05-22	0	9.83	NULO	NULO
2012-05-23	0	4.5	NULO	NULO
2012-05-24	0	11.63	NULO	NULO
2012-05-25	0	10.18	NULO	NULO
2012-05-26	0	8.26	NULO	NULO
2012-05-27	0	7.78	NULO	NULO
2012-05-28	0	8.17	NULO	NULO
2012-05-29	0	8.29	NULO	NULO
2012-05-30	0	12.22	NULO	NULO
2012-05-31	0	9.64	NULO	NULO
2012-06-01	0	6.33	NULO	NULO
2012-06-02	2	4.65	NULO	NULO
2012-06-03	8	6.72	NULO	NULO
2012-06-04	0	10.45	NULO	NULO
2012-06-05	4	6	NULO	NULO
2012-06-06	0	7.85	NULO	NULO
2012-06-07	8	7.22	NULO	NULO
2012-06-08	0	5.33	NULO	NULO
2012-06-09	0	11.6	NULO	NULO
2012-06-10	0	11.3	NULO	NULO
2012-06-11	0	7.4	NULO	NULO
2012-06-12	0	6.93	NULO	NULO
2012-06-13	0	9.14	NULO	NULO
2012-06-14	0	9.53	NULO	NULO
2012-06-15	0	6.23	NULO	NULO
2012-06-16	3.2	3.44	NULO	NULO
2012-06-17	1	2.56	NULO	NULO
2012-06-18	0	8.81	NULO	NULO
2012-06-19	9	1.48	NULO	NULO
2012-06-20	13.6	7.3	NULO	NULO
2012-06-21	3	0.38	NULO	NULO
2012-06-22	0.01	2.63	NULO	NULO
2012-06-23	0	8.5	NULO	NULO
2012-06-24	0	7.67	NULO	NULO
2012-06-25	0	0.6	NULO	NULO
2012-06-26	0	7.73	NULO	NULO
2012-06-27	40.1	NULO	NULO	NULO
2012-06-28	12.3	1.73	NULO	NULO
2012-06-29	0.01	3.29	NULO	NULO
2012-06-30	3.5	3.24	NULO	NULO
2012-07-01	6	0.34	NULO	NULO
2012-07-02	0	6.57	NULO	NULO
2012-07-03	0	4.73	NULO	NULO
2012-07-04	53.4	NULO	NULO	NULO
2012-07-05	0	5.84	NULO	NULO
2012-07-06	0	7.27	NULO	NULO
2012-07-07	0	6.45	NULO	NULO
2012-07-08	0	9.37	NULO	NULO
2012-07-09	0.01	4.71	NULO	NULO
2012-07-10	1.8	1.96	NULO	NULO
2012-07-11	0	10.58	NULO	NULO
2012-07-12	3	1.1	NULO	NULO
2012-07-13	18	4.14	NULO	NULO
2012-07-14	24	NULO	NULO	NULO
2012-07-15	16	3.05	NULO	NULO
2012-07-16	0.01	4.07	NULO	NULO
2012-07-17	5	6.13	NULO	NULO
2012-07-18	8	3.45	NULO	NULO
2012-07-19	0	5.81	NULO	NULO
2012-07-20	0	6.81	NULO	NULO
2012-07-21	0	7.43	NULO	NULO
2012-07-22	0	5	NULO	NULO
2012-07-23	0	5.14	NULO	NULO
2012-07-24	0	5.31	NULO	NULO
2012-07-25	0	3.83	NULO	NULO
2012-07-26	0.01	5.34	NULO	NULO
2012-07-27	0	6.95	NULO	NULO
2012-07-28	0	9.14	NULO	NULO
2012-07-29	0	9.24	NULO	NULO
2012-07-30	0	6.04	NULO	NULO
2012-07-31	0	7.26	NULO	NULO
2012-08-01	0	5.16	NULO	NULO
2012-08-02	0	7.7	NULO	NULO
2012-08-03	5	3.09	NULO	NULO
2012-08-04	1	4.71	NULO	NULO
2012-08-05	0	7.88	NULO	NULO
2012-08-06	0	7.67	NULO	NULO
2012-08-07	0	5.31	NULO	NULO
2012-08-08	0	7.1	NULO	NULO
2012-08-09	55	4.17	NULO	NULO
2012-08-10	11	4.9	NULO	NULO
2012-08-11	0	4.99	NULO	NULO
2012-08-12	0	4.84	NULO	NULO
2012-08-13	0.01	3.87	NULO	NULO
2012-08-14	0.01	5.3	NULO	NULO
2012-08-15	0	5.94	NULO	NULO
2012-08-16	0.01	7.78	NULO	NULO
2012-08-17	7	2.36	NULO	NULO
2012-08-18	20	2.82	NULO	NULO
2012-08-19	7	1.78	NULO	NULO
2012-08-20	7	5.63	NULO	NULO
2012-08-21	1	3.74	NULO	NULO
2012-08-22	0	2.29	NULO	NULO
2012-08-23	12	7.54	NULO	NULO
2012-08-24	1	1	NULO	NULO
2012-08-25	2.6	3.74	NULO	NULO
2012-08-26	0	3.61	NULO	NULO
2012-08-27	0	6.26	NULO	NULO
2012-08-28	0	7.89	NULO	NULO
2012-08-29	0	4.32	NULO	NULO
2012-08-30	0	5.78	NULO	NULO
2012-08-31	0	6.07	NULO	NULO
2012-09-01	0	4.3	NULO	NULO
2012-09-02	0	4.1	NULO	NULO
2012-09-03	0	7.03	NULO	NULO
2012-09-04	0	8.04	NULO	NULO
2012-09-05	0	7.32	NULO	NULO
2012-09-06	0	7.22	NULO	NULO
2012-09-07	0	7.11	NULO	NULO
2012-09-08	0.01	5.35	NULO	NULO
2012-09-09	0	5.93	NULO	NULO
2012-09-10	0	6.16	NULO	NULO
2012-09-11	0.01	6.13	NULO	NULO
2012-09-12	12	3.28	NULO	NULO
2012-09-13	0	4.24	NULO	NULO
2012-09-14	0	5.17	NULO	NULO
2012-09-15	0	5.63	NULO	NULO
2012-09-16	3	4.12	NULO	NULO
2012-09-17	0	3.64	NULO	NULO
2012-09-18	0	10.75	NULO	NULO
2012-09-19	0	5.2	NULO	NULO
2012-09-20	0	4.08	NULO	NULO
2012-09-21	0	7.73	NULO	NULO
2012-09-22	0	6.07	NULO	NULO
2012-09-23	3	2.87	NULO	NULO
2012-09-24	3	3.31	NULO	NULO
2012-09-25	0	2.74	NULO	NULO
2012-09-26	6	4.18	NULO	NULO
2012-09-27	0	3.23	NULO	NULO
2012-09-28	0	2.3	NULO	NULO
2012-09-29	0	3.1	NULO	NULO
2012-09-30	0	4.88	NULO	NULO
2012-10-01	0	4.5	NULO	NULO
2012-10-02	0	4.37	NULO	NULO
2012-10-03	0	6.4	NULO	NULO
2012-10-04	0	10.61	NULO	NULO
2012-10-05	0	3.18	NULO	NULO
2012-10-06	0	7.5	NULO	NULO
2012-10-07	0	5.17	NULO	NULO
2012-10-08	0	2.94	NULO	NULO
2012-10-09	0	4.66	NULO	NULO
2012-10-10	0	4.27	NULO	NULO
2012-10-11	0	7.6	NULO	NULO
2012-10-12	0	5.88	NULO	NULO
2012-10-13	0	5.03	NULO	NULO
2012-10-14	0	7.14	NULO	NULO
2012-10-15	0	4.07	NULO	NULO
2012-10-16	0	9.83	NULO	NULO
2012-10-17	0	7.02	NULO	NULO
2012-10-18	0	7.73	NULO	NULO
2012-10-19	0	2.95	NULO	NULO
2012-10-20	0	7.4	NULO	NULO
2012-10-21	0	5.17	NULO	NULO
2012-10-22	0	4.98	NULO	NULO
2012-10-23	0	4.05	NULO	NULO
2012-10-24	0	7.38	NULO	NULO
2012-10-25	0	9.5	NULO	NULO
2012-10-26	0	3.87	NULO	NULO
2012-10-27	0	5.14	NULO	NULO
2012-10-28	0	5.24	NULO	NULO
2012-10-29	0	7.26	NULO	NULO
2012-10-30	0	7.06	NULO	NULO
2012-10-31	0	4.48	NULO	NULO
2012-11-01	0	3.35	NULO	NULO
2012-11-02	0	3.95	NULO	NULO
2012-11-03	4	3.99	NULO	NULO
2012-11-04	2	1.81	NULO	NULO
2012-11-05	1	0.94	NULO	NULO
2012-11-06	0	4.03	NULO	NULO
2012-11-07	0	5.92	NULO	NULO
2012-11-08	0	4.09	NULO	NULO
2012-11-09	0	5.95	NULO	NULO
2012-11-10	0	5.54	NULO	NULO
2012-11-11	0	6.18	NULO	NULO
2012-11-12	2	1.82	NULO	NULO
2012-11-13	0.01	0.53	NULO	NULO
2012-11-14	0	2.63	NULO	NULO
2012-11-15	0	3.02	NULO	NULO
2012-11-16	0	3.53	NULO	NULO
2012-11-17	0	1.95	NULO	NULO
2012-11-18	0	5.3	NULO	NULO
2012-11-19	0	5.03	NULO	NULO
2012-11-20	0	6.71	NULO	NULO
2012-11-21	0	1.76	NULO	NULO
2012-11-22	0	5.23	NULO	NULO
2012-11-23	0	3.51	NULO	NULO
2012-11-24	0	3.29	NULO	NULO
2012-11-25	0	4.93	NULO	NULO
2012-11-26	0	4.64	NULO	NULO
2012-11-27	0.01	3.06	NULO	NULO
2012-11-28	0	6.9	NULO	NULO
2012-11-29	0	4.44	NULO	NULO
2012-11-30	0	5.45	NULO	NULO
2012-12-01	0	5.83	NULO	NULO
2012-12-02	0	4.56	NULO	NULO
2012-12-03	0	5.35	NULO	NULO
2012-12-04	0	3.69	NULO	NULO
2012-12-05	0	4.19	NULO	NULO
2012-12-06	0	6.12	NULO	NULO
2012-12-07	0	5.11	NULO	NULO
2012-12-08	0	5.97	NULO	NULO
2012-12-09	0	6.1	NULO	NULO
2012-12-10	0	4.32	NULO	NULO
2012-12-11	0	2.49	NULO	NULO
2012-12-12	0	4.21	NULO	NULO
2012-12-13	0	3.44	NULO	NULO
2012-12-14	0	4.56	NULO	NULO
2012-12-15	0	5.69	NULO	NULO
2012-12-16	0	3.82	NULO	NULO
2012-12-17	0	4.31	NULO	NULO
2012-12-18	0	4.31	NULO	NULO
2012-12-19	0	4.98	NULO	NULO
2012-12-20	0	4.98	NULO	NULO
2012-12-21	0	2.82	NULO	NULO
2012-12-22	0	3.48	NULO	NULO
2012-12-23	0	6.59	NULO	NULO
2012-12-24	0	6.35	NULO	NULO
2012-12-25	0	5.04	NULO	NULO
2012-12-26	0	3.12	NULO	NULO
2012-12-27	0	5.95	NULO	NULO
2012-12-28	0	6.08	NULO	NULO
2012-12-29	0	4.44	NULO	NULO
2012-12-30	0	3.47	NULO	NULO
2012-12-31	0	4.23	NULO	NULO
2013-01-01	0.01	4.15	NULO	NULO
2013-01-02	0	3.28	NULO	NULO
2013-01-03	0.01	2.88	NULO	NULO
2013-01-04	0	2.23	NULO	NULO
2013-01-05	0.01	5.12	NULO	NULO
2013-01-06	0	2.63	NULO	NULO
2013-01-07	0.01	5.48	NULO	NULO
2013-01-08	0	3.77	NULO	NULO
2013-01-09	1	6.76	NULO	NULO
2013-01-10	0	4.84	NULO	NULO
2013-01-11	0	6.17	NULO	NULO
2013-01-12	0	4.28	NULO	NULO
2013-01-13	0	5.04	NULO	NULO
2013-01-14	0	6.71	NULO	NULO
2013-01-15	0	5.36	NULO	NULO
2013-01-16	0	7.01	NULO	NULO
2013-01-17	0	5.38	NULO	NULO
2013-01-18	0	5.37	NULO	NULO
2013-01-19	0	6.73	NULO	NULO
2013-01-20	0	2.49	NULO	NULO
2013-01-21	0	6.95	NULO	NULO
2013-01-22	0	2.75	NULO	NULO
2013-01-23	0	0.78	NULO	NULO
2013-01-24	0	5.15	NULO	NULO
2013-01-25	0	5.72	NULO	NULO
2013-01-26	0	5.83	NULO	NULO
2013-01-27	0	7.3	NULO	NULO
2013-01-28	0	5.05	NULO	NULO
2013-01-29	0	6.18	NULO	NULO
2013-01-30	0	6.4	NULO	NULO
2013-01-31	0	5.25	NULO	NULO
2013-02-01	0	5.75	NULO	NULO
2013-02-02	0	10.22	NULO	NULO
2013-02-03	0	6.5	NULO	NULO
2013-02-04	0.01	6.3	NULO	NULO
2013-02-05	0	7.29	NULO	NULO
2013-02-06	0	7.1	NULO	NULO
2013-02-07	0	8.22	NULO	NULO
2013-02-08	0	5.54	NULO	NULO
2013-02-09	0	7.56	NULO	NULO
2013-02-10	0	6.89	NULO	NULO
2013-02-11	0	8.24	NULO	NULO
2013-02-12	0	7.69	NULO	NULO
2013-02-13	0	6.86	NULO	NULO
2013-02-14	0	4.86	NULO	NULO
2013-02-15	0	5.88	NULO	NULO
2013-02-16	0	2.87	NULO	NULO
2013-02-17	0	6.91	NULO	NULO
2013-02-18	0	8.21	NULO	NULO
2013-02-19	0	7.33	NULO	NULO
2013-02-20	0	9.82	NULO	NULO
2013-02-21	0	7.73	NULO	NULO
2013-02-22	0	7.98	NULO	NULO
2013-02-23	0	8.15	NULO	NULO
2013-02-24	0	11.3	NULO	NULO
2013-02-25	0	7.74	NULO	NULO
2013-02-26	0	9.63	NULO	NULO
2013-02-27	0	6.53	NULO	NULO
2013-02-28	0	6.07	NULO	NULO
2013-03-01	0	1.57	NULO	NULO
2013-03-02	0	6.5	NULO	NULO
2013-03-03	0	10.54	NULO	NULO
2013-03-04	0	13.28	NULO	NULO
2013-03-05	0	10.25	NULO	NULO
2013-03-06	0	7.25	NULO	NULO
2013-03-07	0	7.89	NULO	NULO
2013-03-08	0	8.3	NULO	NULO
2013-03-09	0	7.7	NULO	NULO
2013-03-10	0	7.26	NULO	NULO
2013-03-11	0	5.8	NULO	NULO
2013-03-12	0	6.1	NULO	NULO
2013-03-13	0	5.7	NULO	NULO
2013-03-14	0	5.06	NULO	NULO
2013-03-15	3	1.64	NULO	NULO
2013-03-16	0	5.82	NULO	NULO
2013-03-17	0	3.92	NULO	NULO
2013-03-18	0	9.61	NULO	NULO
2013-03-19	0	9.28	NULO	NULO
2013-03-20	0	7.29	NULO	NULO
2013-03-21	0	8.91	NULO	NULO
2013-03-22	0	8.71	NULO	NULO
2013-03-23	0	11.91	NULO	NULO
2013-03-24	0	6.25	NULO	NULO
2013-03-25	0	8.94	NULO	NULO
2013-03-26	0	6.66	NULO	NULO
2013-03-27	0	7.17	NULO	NULO
2013-03-28	0	10.24	NULO	NULO
2013-03-29	0	9.7	NULO	NULO
2013-03-30	0	9.18	NULO	NULO
2013-03-31	0	11.51	NULO	NULO
2013-04-01	0	6.4	NULO	NULO
2013-04-02	0	10.4	NULO	NULO
2013-04-03	0	6.42	NULO	NULO
2013-04-04	0	7.9	NULO	NULO
2013-04-05	0	5.07	NULO	NULO
2013-04-06	0	9.01	NULO	NULO
2013-04-07	3	6.34	NULO	NULO
2013-04-08	0	10.5	NULO	NULO
2013-04-09	0	8.17	NULO	NULO
2013-04-10	0	7.25	NULO	NULO
2013-04-11	0	8.48	NULO	NULO
2013-04-12	0	12.17	NULO	NULO
2013-04-13	0	11.86	NULO	NULO
2013-04-14	0	11.86	NULO	NULO
2013-04-15	0	9.4	NULO	NULO
2013-04-16	0	10.71	NULO	NULO
2013-04-17	0	8.04	NULO	NULO
2013-04-18	0	8.41	NULO	NULO
2013-04-19	0	7.04	NULO	NULO
2013-04-20	0	8.97	NULO	NULO
2013-04-21	0	11.77	NULO	NULO
2013-04-22	0	9.02	NULO	NULO
2013-04-23	0	8.64	NULO	NULO
2013-04-24	0	4.9	NULO	NULO
2013-04-25	9	2.66	NULO	NULO
2013-04-26	0	7.44	NULO	NULO
2013-04-27	0	8.28	NULO	NULO
2013-04-28	0	7.26	NULO	NULO
2013-04-29	0	5.1	NULO	NULO
2013-04-30	0	11.89	NULO	NULO
2013-05-01	0	10.18	NULO	NULO
2013-05-02	0	9.38	NULO	NULO
2013-05-03	0	6.53	NULO	NULO
2013-05-04	0	8.14	NULO	NULO
2013-05-05	0	6.09	NULO	NULO
2013-05-06	0	9.07	NULO	NULO
2013-05-07	0	8.82	NULO	NULO
2013-05-08	0	12.14	NULO	NULO
2013-05-09	0	11.34	NULO	NULO
2013-05-10	0	9.01	NULO	NULO
2013-05-11	1	5.78	NULO	NULO
2013-05-12	14	5.55	NULO	NULO
2013-05-13	4	1.26	NULO	NULO
2013-05-14	1	2.95	NULO	NULO
2013-05-15	0	8.75	NULO	NULO
2013-05-16	16	11.49	NULO	NULO
2013-05-17	0	7.79	NULO	NULO
2013-05-18	0	7.16	NULO	NULO
2013-05-19	0	9.16	NULO	NULO
2013-05-20	0	6.32	NULO	NULO
2013-05-21	0	8.36	NULO	NULO
2013-05-22	0	8.6	NULO	NULO
2013-05-23	0.01	6.06	NULO	NULO
2013-05-24	0	8.96	NULO	NULO
2013-05-25	0	5.5	NULO	NULO
2013-05-26	0	6.86	NULO	NULO
2013-05-27	0	5.63	NULO	NULO
2013-05-28	0	8.69	NULO	NULO
2013-05-29	0	7.7	NULO	NULO
2013-05-30	0	8.4	NULO	NULO
2013-05-31	0	5.75	NULO	NULO
2013-06-01	0	10.08	NULO	NULO
2013-06-02	1	5.81	NULO	NULO
2013-06-03	0	5.41	NULO	NULO
2013-06-04	0	11.23	NULO	NULO
2013-06-05	0	7.52	NULO	NULO
2013-06-06	0	10.24	NULO	NULO
2013-06-07	0	7.54	NULO	NULO
2013-06-08	0	6.51	NULO	NULO
2013-06-09	0.01	1.01	NULO	NULO
2013-06-10	9	10.43	NULO	NULO
2013-06-11	5	2.37	NULO	NULO
2013-06-12	1	4.9	NULO	NULO
2013-06-13	0	3.85	NULO	NULO
2013-06-14	10	4.85	NULO	NULO
2013-06-15	0	7.14	NULO	NULO
2013-06-16	0	7.12	NULO	NULO
2013-06-17	0	9.02	NULO	NULO
2013-06-18	0	7.8	NULO	NULO
2013-06-19	15	4.1	NULO	NULO
2013-06-20	10	1.97	NULO	NULO
2013-06-21	2	2.01	NULO	NULO
2013-06-22	0	4.98	NULO	NULO
2013-06-23	9	5.58	NULO	NULO
2013-06-24	2	6.22	NULO	NULO
2013-06-25	8	3.92	NULO	NULO
2013-06-26	0	6.32	NULO	NULO
2013-06-27	0	7.3	NULO	NULO
2013-06-28	0	5.77	NULO	NULO
2013-06-29	0	4.52	NULO	NULO
2013-06-30	0	8.88	NULO	NULO
2013-07-01	0	8.58	NULO	NULO
2013-07-02	0	6.09	NULO	NULO
2013-07-03	0	6.65	NULO	NULO
2013-07-04	7	5.69	NULO	NULO
2013-07-05	9	NULO	NULO	NULO
2013-07-06	5	3.84	NULO	NULO
2013-07-07	47	NULO	NULO	NULO
2013-07-08	1	3.5	NULO	NULO
2013-07-09	0	6.05	NULO	NULO
2013-07-10	0	6.2	NULO	NULO
2013-07-11	0	5.11	NULO	NULO
2013-07-12	0	4.93	NULO	NULO
2013-07-13	1	6.05	NULO	NULO
2013-07-14	0	8.37	NULO	NULO
2013-07-15	0	3.75	NULO	NULO
2013-07-16	0	9.62	NULO	NULO
2013-07-17	1	4.48	NULO	NULO
2013-07-18	0	5.86	NULO	NULO
2013-07-19	2	6.21	NULO	NULO
2013-07-20	5	4.8	NULO	NULO
2013-07-21	1	3.95	NULO	NULO
2013-07-22	0.01	5.42	NULO	NULO
2013-07-23	0	7.64	NULO	NULO
2013-07-24	0	5.07	NULO	NULO
2013-07-25	0	6	NULO	NULO
2013-07-26	0	7.92	NULO	NULO
2013-07-27	0	7.27	NULO	NULO
2013-07-28	0	2.43	NULO	NULO
2013-07-29	0	7.07	NULO	NULO
2013-07-30	0	5.32	NULO	NULO
2013-08-01	0	4.78	NULO	NULO
2013-08-02	0	8.11	NULO	NULO
2013-08-03	1	3.68	NULO	NULO
2013-08-04	0	7.11	NULO	NULO
2013-08-05	0	3.45	NULO	NULO
2013-08-06	0	9.46	NULO	NULO
2013-08-07	0.01	1.3	NULO	NULO
2013-08-08	3	5.77	NULO	NULO
2013-08-09	0	5.38	NULO	NULO
2013-08-10	0	4.58	NULO	NULO
2013-08-11	14	0.59	NULO	NULO
2013-08-12	0	5.18	NULO	NULO
2013-08-13	0	5.79	NULO	NULO
2013-08-14	0	6.2	NULO	NULO
2013-08-15	0	6.94	NULO	NULO
2013-08-16	0	4.86	NULO	NULO
2013-08-17	0.01	7.16	NULO	NULO
2013-08-18	0	6.79	NULO	NULO
2013-08-19	0.3	4.86	NULO	NULO
2013-08-20	4	4.44	NULO	NULO
2013-08-21	5	0.69	NULO	NULO
2013-08-22	0	6.28	NULO	NULO
2013-08-23	0	4.24	NULO	NULO
2013-08-24	1	5.03	NULO	NULO
2013-08-25	10	2.43	NULO	NULO
2013-08-26	28	NULO	NULO	NULO
2013-08-27	0	4.35	NULO	NULO
2013-08-28	0	5.3	NULO	NULO
2013-08-29	1	5.45	NULO	NULO
2013-08-30	0.7	3.19	NULO	NULO
2013-09-01	0	5.3	NULO	NULO
2013-09-02	0	4.71	NULO	NULO
2013-09-03	0	3.53	NULO	NULO
2013-09-04	0	3.06	NULO	NULO
2013-09-05	0	3.07	NULO	NULO
2013-09-06	16.5	1.15	NULO	NULO
2013-09-07	3	0.32	NULO	NULO
2013-09-08	1	1.88	NULO	NULO
2013-09-09	0.01	4.1	NULO	NULO
2013-09-10	7	4.59	NULO	NULO
2013-09-11	3	0.4	NULO	NULO
2013-09-12	5	2.9	NULO	NULO
2013-09-13	30	1.6	NULO	NULO
2013-09-14	7	1.8	NULO	NULO
2013-09-15	3	0.22	NULO	NULO
2013-09-16	0.01	3.56	NULO	NULO
2013-09-17	0.01	4.06	NULO	NULO
2013-09-18	0	1.98	NULO	NULO
2013-09-19	0	2.98	NULO	NULO
2013-09-20	0	4.53	NULO	NULO
2013-09-21	1.6	2.26	NULO	NULO
2013-09-22	1.4	2.18	NULO	NULO
2013-09-23	0	3.32	NULO	NULO
2013-09-24	0.01	5.41	NULO	NULO
2013-09-25	0	3.53	NULO	NULO
2013-09-26	4	0.6	25	11
2013-09-27	0.3	1.94	19	11
2013-09-28	2.5	4.2	21	9.5
2013-09-29	0	3.38	24	9.5
2013-09-30	0	2.77	18	10
2013-10-01	0	3.9	23	7
2013-10-02	0	4.39	23	6
2013-10-03	0	3.32	22.5	5
2013-10-04	0	5.34	18.5	6
2013-10-05	0	4.98	24	7
2013-10-06	0.01	1.8	21	9
2013-10-07	0.01	1.66	17	11
2013-10-08	0	2.4	19	7
2013-10-09	0	2.7	22	9
2013-10-10	0	4.32	22	10
2013-10-11	1.1	2.42	18	10.5
2013-10-12	3.1	0.84	21	10
2013-10-13	0	3.31	21	9
2013-10-14	0	4.62	22	6
2013-10-15	0	4.23	22.5	7
2013-10-16	0	4.21	19	9
2013-10-17	0	3.12	21.5	8
2013-10-18	0.4	2.51	23	9
2013-10-19	0.2	2.55	20	11
2013-10-20	6.8	0.7	19	11
2013-10-21	14	0.2	19	11
2013-10-22	3.7	0.11	15	10.5
2013-10-23	4	3.18	11	7.5
2013-10-24	0	2.2	13	6
2013-10-25	1	1.36	17	6
2013-10-26	0.01	NULO	13	7
2013-10-27	0	2.51	18	7
2013-10-28	0	3.48	21	6
2013-10-29	0	3.71	22	8
2013-10-30	0	5.24	22	11
2013-10-31	0.01	0.72	22	12
2013-11-01	0.01	1.63	22	13
2013-11-02	0	2.78	22	12
2013-11-03	0	4.67	21	8
2013-11-04	0	1.29	21	8
2013-11-05	0	2.92	21	8.5
2013-11-06	0	3.79	21	7
2013-11-07	0	0.61	19	7
2013-11-08	0	1.85	19	7
2013-11-09	0	3.4	19.5	5
2013-11-10	0	4.78	20	5
2013-11-11	0	1.28	20	7
2013-11-12	26	0.69	20	7
2013-11-13	5	0.11	20	4
2013-11-14	0	NULO	20	5
2013-11-15	0	3.89	20	5
2013-11-16	0	2.37	23	8
2013-11-17	0	2.86	22	9
2013-11-18	0	2.18	22	10
2013-11-19	0	2.85	22	7
2013-11-20	5	0.52	22	7
2013-11-21	0.01	0.82	22	10
2013-11-22	0	2.19	22	6
2013-11-23	0	2.49	20	7
2013-11-24	0	6.89	20	5
2013-11-25	0	0.78	20	7
2013-11-26	0.01	1.96	20	8
2013-11-27	0	1.31	15	3
2013-11-28	0	2.48	17	6
2013-11-29	0	2.88	14	3
2013-11-30	0	0.21	17	3
2013-12-01	0	3.13	20	6
2013-12-02	0	3.09	21	6
2013-12-03	0	5.27	24	7
2013-12-04	0	2.13	22	8
2013-12-05	0	2.4	23	7
2013-12-06	0	2.09	22	8
2013-12-07	0	3.52	23.5	6
2013-12-08	0	4.82	22	7
2013-12-09	0	1.19	22	6
2013-12-10	0	3.01	22	7
2013-12-11	0	2.34	22	5
2013-12-12	0	2.42	22	4
2013-12-13	0	3.3	22	5
2013-12-14	0	2.59	22	7
2013-12-15	0	3.07	22	3
2013-12-16	0	3.33	19	3
2013-12-17	0	3.97	18	2
2013-12-18	0	2.85	19	2
2013-12-19	0	3.97	21	3
2013-12-20	0	2.86	23	7
2013-12-21	0	2.86	22	8
2013-12-22	0	3.2	20	7
2013-12-23	0	2.7	22	6
2013-12-24	0	0.8	22	3
2013-12-25	5	1.1	22	3
2013-12-26	1.5	0.8	22	4
2013-12-27	0	1.54	22	5
2013-12-28	0	1.7	22	5
2013-12-29	0	1.76	17	6.5
2013-12-30	0	3.19	21	7
2013-12-31	0	2.52	20	7
2014-01-01	0	1.99	20	3
2014-01-02	1	0.48	19	5
2014-01-03	0	4.42	18	2
2014-01-04	0	0.15	18	3
2014-01-05	0	1.57	19	4
2014-01-06	0	1.86	18	4
2014-01-07	0	0.18	19	2
2014-01-08	1	2.07	21	2
2014-01-09	0	3.07	20	3
2014-01-10	0	2.68	19	4
2014-01-11	0	3.07	20	4
2014-01-12	0	1.36	21	4
2014-01-13	0	4.13	21	5
2014-01-14	0	3.05	20	3
2014-01-15	0	1.08	20	3
2014-01-16	0	2.96	19	2
2014-01-17	0	3.07	19	2
2014-01-18	0	4.13	19	1
2014-01-19	0	5.69	20	1
2014-01-20	0	3.63	20	3
2014-01-21	0	2.74	20	4
2014-01-22	0	3.08	19	-1
2014-01-23	0	3.47	21	3
2014-01-24	0	3.53	19	4
2014-01-25	0	4.24	20	4
2014-01-26	0	3.9	21	5
2014-01-27	0	4.17	22	7
2014-01-28	1.5	3.38	22	6
2014-01-29	0	1.62	23	4
2014-01-30	0	3.56	22	4
2014-01-31	0	6.06	22	4
2014-02-01	0	6.05	25	5
2014-02-02	0	4.3	25	4
2014-02-03	0	5.15	25	4
2014-02-04	0	5.37	25	5
2014-02-05	0	3.74	22	7
2014-02-06	0	6.86	21	5
2014-02-07	0	4.39	22	6
2014-02-08	0	5.05	23	6
2014-02-09	0	4.7	22	7
2014-02-10	0	4.72	23	5
2014-02-11	0	3.88	23	6
2014-02-12	0	5.15	23	6
2014-02-13	0	6.49	23	6
2014-02-14	0	7.76	22	6
2014-02-15	0	5.39	22	5
2014-02-16	0	5.81	23	2.5
2014-02-17	0	8.25	24	7
2014-02-18	0	6.68	24	6
2014-02-19	0	6.65	24	6
2014-02-20	0	6.64	24	8
2014-02-21	0	5.46	24	8
2014-02-22	0.01	2.91	24	8
2014-02-23	0	5.61	25	8
2014-02-24	0	4.48	24	8
2014-02-25	0	3.63	25	7
2014-02-26	0	6.73	25	7
2014-02-27	0	4.58	25	8
2014-02-28	0	NULO	24.5	6
2014-03-01	0	6.98	25	9
2014-03-02	2.5	3.38	26	8
2014-03-03	1	4.27	25	9
2014-03-04	0.01	4.51	25	9
2014-03-05	0	5.15	24	8
2014-03-06	0	5.48	24.5	7
2014-03-07	0	7.04	24	5.5
2014-03-08	1	3.46	24	7
2014-03-09	3	5.39	24	8
2014-03-10	0	5.55	24	7
2014-03-11	0	9.24	24	8
2014-03-12	0	5.84	24	7
2014-03-13	0	8.17	22	5
2014-03-14	0	6.35	22	6
2014-03-15	0	6.55	27	6
2014-03-16	0	8.99	29	7
2014-03-17	0	4.21	27	3
2014-03-18	0	7	26	4.5
2014-03-19	0	6.05	27	10
2014-03-20	0	2.89	22	7
2014-03-21	0	6.83	22	9
2014-03-22	0	10.32	27	11
2014-03-23	0	5.87	27	10
2014-03-24	4	5.43	27	8
2014-03-25	2	4.68	27	8
2014-03-26	0	5.02	27	8
2014-03-27	0	5.18	27	8
2014-03-28	0	5.9	27	8
2014-03-29	0	7.05	28	10
2014-03-30	0	5.24	29	8
2014-03-31	0	7.77	28	8
2014-04-01	0	6.02	26	9
2014-04-02	0	3.22	26	9
2014-04-03	0	8.6	26	9
2014-04-04	0	6.36	26	8
2014-04-05	0	5.86	27	11
2014-04-06	0	10.11	29	10
2014-04-07	0	5.97	29	10
2014-04-08	0	6.95	29	9
2014-04-09	0	12	29	3
2014-04-10	0	6.84	29	3
2014-04-11	0	10.04	29	6
2014-04-12	0	10.06	29	8
2014-04-13	0	9.06	30	9
2014-04-14	1	9.08	31	11
2014-04-15	0	2.57	31	9
2014-04-16	2.2	4.6	31	6
2014-04-17	0.5	4.28	25	9
2014-04-18	0	3.27	31	9
2014-04-19	0	8.08	24.5	7
2014-04-20	0	7.98	26	8
2014-04-21	0	7.23	26	6
2014-04-22	0	6.24	26	8
2014-04-23	0	5.91	26	9
2014-04-24	0	7.99	27	10
2014-04-25	1	0.18	27	10
2014-04-26	0.01	5.99	27	10
2014-04-27	0	8.27	27	11
2014-04-28	0	9.42	29	9
2014-04-29	2.9	7.81	29	11
2014-04-30	1	1.63	29	12
2014-05-01	0.01	5.1	29	9
2014-05-02	0	4.3	29	9
2014-05-03	0	5	29	8
2014-05-04	0	6.5	28	8
2014-05-05	0	11.56	29	8
2014-05-06	2	4.9	29	8
2014-05-07	13.5	3.16	29	12
2014-05-08	1	2.28	29	10
2014-05-09	0	6.32	29	9
2014-05-10	0	6.03	29	9
2014-05-11	0	5.57	29	12
2014-05-12	1	6.49	29	11
2014-05-13	3	8.92	29	11
2014-05-14	0	3.25	29	10
2014-05-15	0	2.54	29	5
2014-05-16	0	6.83	29	3
2014-05-17	0	9.27	29	3
2014-05-18	0	8.69	29	5
2014-05-19	0	7.79	25	6.5
2014-05-20	0	6.27	26	5
2014-05-21	0	6.51	26	6
2014-05-22	0	5.05	24.5	9
2014-05-23	0	4.05	22	11
2014-05-24	2	3.1	26	11
2014-05-25	2.8	4.7	25.5	12
2014-05-26	10	8.38	25	11
2014-05-27	0.01	4.08	24	11
2014-05-28	0	2.98	24	12
2014-05-29	0	3.74	25	12
2014-05-30	10	1.18	25	13
2014-05-31	0	5.2	24	10
2014-06-01	0	4.28	25	6
2014-06-02	0	3.8	25	9
2014-06-03	0.01	5.17	25	10
2014-06-04	0	6.16	25	9
2014-06-05	1	1.44	19.5	9
2014-06-06	4	NULO	19	12
2014-06-07	0	2.93	21	13
2014-06-08	0	5.42	22	12
2014-06-09	0	3.21	26	11
2014-06-10	0	6.87	27	12
2014-06-11	0	3.7	26	10
2014-06-12	0	6.25	26	10
2014-06-13	0	5.77	27	10
2014-06-14	0	8.86	27	10
2014-06-15	0	7.73	22	8
2014-06-16	0	4.4	29	9
2014-06-17	1	4.16	23	9
2014-06-18	2	2.55	23	10
2014-06-19	6	0.42	23	10
2014-06-20	1	2.35	23	12
2014-06-21	3	3.05	24	11
2014-06-22	0	3.23	23	12
2014-06-23	16	4.6	24	12
2014-06-24	12	NULO	19	12
2014-06-25	11	1.79	23	12
2014-06-26	17	NULO	23	12
2014-06-27	3	1.66	22	12
2014-06-28	6.5	NULO	24	12
2014-06-29	3	2.4	23	9
2014-06-30	7.6	2.4	18	11
2014-07-01	0.7	2.05	23	11
2014-07-02	0.01	5.12	21	10
2014-07-03	0	3.43	19	10
2014-07-04	0.01	2.78	18	11
2014-07-05	0.01	2.16	17	9
2014-07-06	0.8	2.11	19	8
2014-07-07	13	3.72	20.5	8
2014-07-08	1.6	2.3	21	10
2014-07-09	13	0.8	21	11
2014-07-10	2.1	0.14	21	11
2014-07-11	0	6.69	20	9
2014-07-12	0	4.15	21	6
2014-07-13	0	5.12	21	8
2014-07-14	0	5.98	21	8
2014-07-15	0.01	2.08	22	10
2014-07-16	27	0.12	23	11
2014-07-17	4.1	2.72	24	12
2014-07-18	0	2.91	22	12
2014-07-19	1.1	5.03	21	10
2014-07-20	0	6.59	23	10
2014-07-21	0	6.84	24	9
2014-07-22	0	5.28	22	9
2014-07-23	0	6.72	21	8
2014-07-24	0.01	2.68	21	9
2014-07-25	0	4.15	22	9
2014-07-26	0	5.51	18	9
2014-07-27	0	6.28	22	9
2014-07-28	0	6.33	18	8
2014-07-29	0	4.54	23	7
2014-07-30	0	5.87	23	10
2014-07-31	0.01	6.3	23	10
2014-08-01	0	7.97	24	8
2014-08-02	0	6.39	23	7
2014-08-03	0	5.59	22	5
2014-08-04	0	3.49	22	7
2014-08-05	2.5	3.7	23	8
2014-08-06	2	3.76	25	7
2014-08-07	0.01	1.61	23	8
2014-08-08	7	1.67	25	8
2014-08-09	0	4.63	23	8
2014-08-10	0	4.99	25	9
2014-08-11	1	5.04	23	9
2014-08-12	3.1	0.85	23	9
2014-08-13	0	5.32	21	9
2014-08-14	3	0.53	22	9
2014-08-15	0	4.22	22	8
2014-08-16	0	2.18	19	8
2014-08-17	0	4.5	24	8
2014-08-18	7	1.34	22	11
2014-08-19	7	0.19	22	11
2014-08-20	0	4.31	22	10
2014-08-21	0	3.04	22	7
2014-08-22	0	4.46	22	7
2014-08-23	0	5.21	22	9
2014-08-24	0	3.69	22	10
2014-08-25	0.01	4.42	22	9
2014-08-26	0	4.6	22	7
2014-08-27	0	5.13	22	7
2014-08-28	0	6.03	22	6
2014-08-29	0	5.25	24	8
2014-08-30	0	3.69	25	8
2014-08-31	0.01	6.3	24	7
2014-09-01	0	0.86	25	8
2014-09-02	15	1.83	23	11
2014-09-03	7	1.69	23	11
2014-09-04	3	0.59	23	8
2014-09-05	0	3.03	23	9
2014-09-06	0	4.8	23	6
2014-09-07	0	3.2	22	8
2014-09-08	0	2.36	21	9
2014-09-09	0	3.02	22	9
2014-09-10	2	2.02	22	9
2014-09-11	0	4.47	22	9
2014-09-12	0.01	2.87	20	9
2014-09-13	0.01	3.56	20	10
2014-09-14	0	4.74	20	11
2014-09-15	0	3.07	20	11
2014-09-16	0	2.83	21	11
2014-09-17	0	4.31	19	12
2014-09-18	0.01	4.46	26	11
2014-09-19	4.9	3.4	26	11
2014-09-20	0	3.15	23	9
2014-09-21	0.01	1.44	20	10
2014-09-22	0	3.27	20	12
2014-09-23	0	2.87	20	12
2014-09-24	0	0.86	20	11
2014-09-25	0.3	4.06	21	7
2014-09-26	0.01	2.54	20	7
2014-09-27	0	3.67	12	11
2014-09-28	2	2.87	22	12
2014-09-29	0.01	0.67	22	12
2014-09-30	3	3.29	22	12
2014-10-01	0	4.39	25	11
2014-10-02	0.01	6.17	23	11
2014-10-03	0	1.99	23	11
2014-10-04	3	0.64	22	12
2014-10-05	1	1.45	22	12
2014-10-06	1	1.04	22	12
2014-10-07	0	5.98	22	9
2014-10-08	0	4.42	22	5
2014-10-09	0	3.06	22	5
2014-10-10	0.8	0.59	21	7
2014-10-11	0	2.51	21	9
2014-10-12	1	2.89	22	9
2014-10-13	0	3.73	24	9
2014-10-14	0	1.69	22	7
2014-10-15	0	3.34	21	6
2014-10-16	0	3.57	22	6
2014-10-17	0	3.18	23	6
2014-10-18	2	NULO	18	6
2014-10-19	3	1.4	18	10
2014-10-20	4	1.52	18	8
2014-10-21	3	0.15	17	10
2014-10-22	0.3	2.29	18	10
2014-10-23	0.01	1.08	17	8
2014-10-24	0	1.1	18	8
2014-10-25	0	0.82	17	5
2014-10-26	0	3.88	22	4
2014-10-27	0.7	4.82	22	4
2014-10-28	0	3.55	22	4
2014-10-29	0	3.88	20	3
2014-10-30	0	2.05	20	4
2014-10-31	0	2.84	20	6
2014-11-01	0	1.17	20	3
2014-11-02	0	2.13	20	4
2014-11-03	0	3.2	20	4
2014-11-04	0	4.95	23	6
2014-11-05	0	3.14	25	7
2014-11-06	0	3.86	25	7
2014-11-07	0	2.65	22	6
2014-11-08	0	4.02	19	7
2014-11-09	0	2.3	21	6
2014-11-10	0	2.42	22	5
2014-11-11	2	1.61	22	9
2014-11-12	1	1.58	21	11
2014-11-13	0.01	1.55	21	8
2014-11-14	0	1.98	20	3
2014-11-15	0	3.95	20	5
2014-11-16	0	5.88	23	8
2014-11-17	0	1.02	22	7
2014-11-18	0	1.31	23	8
2014-11-19	0	2.71	22	7
2014-11-20	1	1	22	7
2014-11-21	2	1.17	22	9
2014-11-22	0	1.8	22	9
2014-11-23	0	4.09	23	6
2014-11-24	0	1.5	22	8
2014-11-25	0	2.67	23	5
2014-11-26	0	3.77	25	-2
2014-11-27	0	3.22	24	0
2014-11-28	0	1.21	27	2
2014-11-29	0	2.69	27	2
2014-11-30	0	3.81	21	6
2014-12-01	0	1.25	21	3
2014-12-02	0	1.58	26	5
2014-12-03	0	2.28	19	3
2014-12-04	0	1.2	20	4
2014-12-05	0	3.74	20	4
2014-12-06	0	3.63	21	4
2014-12-07	0	2.42	21	3
2014-12-08	0	4.79	16	4
2014-12-09	0	1.44	15	2
2014-12-10	0	1.87	16	4
2014-12-11	0	2	19	4
2014-12-12	0	2.34	18	5
2014-12-13	0	2.79	19	5
2014-12-14	0	1.47	21	6
2014-12-15	0	2.52	21	8
2014-12-16	0	1.91	22	6
2014-12-17	0	4	22	6
2014-12-18	0	2.73	22	7
2014-12-19	0	1.68	22	6
2014-12-20	0	3.61	23	6
2014-12-21	0	3.58	22	6
2014-12-22	0	2.88	23	6
2014-12-23	2.2	2.04	20	7
2014-12-24	7	2.68	11	9
2014-12-25	0	3.06	16	6
2014-12-26	0	0.16	20	6
2014-12-27	0	2.14	21	7
2014-12-28	0	1.76	21	6
2014-12-29	0	2.26	21	6
2014-12-30	0	2.1	22	7
2014-12-31	0	0.34	22	5
2015-01-01	0	2.56	22	5
2015-01-02	0	3.5	22	6
2015-01-03	0	1.89	22	6
2015-01-04	0	2.59	22	6
2015-01-05	0	0.64	22	2
2015-01-06	0	2.31	22	3
2015-01-07	2	4	22	3
2015-01-08	0	4.48	22	3
2015-01-09	2	0.19	15	3
2015-01-10	2	1.77	17	3
2015-01-11	0	3.56	19	6
2015-01-12	0	1.7	20	4
2015-01-13	0	1.79	20	4
2015-01-14	0	4.1	20	5
2015-01-15	0	2.56	20	4
2015-01-16	0	3.52	20	4
2015-01-17	0	2.93	20	4
2015-01-18	0	2.88	16	6
2015-01-19	0	3.45	20	4
2015-01-20	0	3.55	22	5
2015-01-21	0	2.92	23	7
2015-01-22	0	4.87	22	8
2015-01-23	1	1.13	21	7
2015-01-24	0	2.35	19	5
2015-01-25	0	3.3	19	5
2015-01-26	0	4.55	19	4
2015-01-27	0	1.54	21	5
2015-01-28	0	3.42	20	3
2015-01-29	0	2.89	19	3
2015-01-30	0	3.94	16	2
2015-01-31	0	2	22	2
2015-02-01	0	2.96	22	3
2015-02-02	0.01	2.04	17	6
2015-02-03	0	3.76	17	6
2015-02-04	0	4.1	21	4
2015-02-05	0	3	15	4
2015-02-06	0	2.28	17	2
2015-02-07	0	6.1	20	-1
2015-02-08	0	2.61	21	5
2015-02-09	0	4.77	17	0
2015-02-10	0	5.56	20	-1
2015-02-11	0	5.02	22	3
2015-02-12	2	0.96	18	6
2015-02-13	0	3	13	3
2015-02-14	0	1.96	14	4
2015-02-15	0	1.76	20	4
2015-02-16	2	1.7	22	5
2015-02-17	0	2.6	21	7
2015-02-18	0	3.49	22	5
2015-02-19	0	5.02	22	3
2015-02-20	0	4.1	24	4
2015-02-21	0	4.27	24	8
2015-02-22	0	5.1	24	8
2015-02-23	0	7.43	25	7
2015-02-24	0	5.44	25	6
2015-02-25	0	5.88	25	7
2015-02-26	0	5.07	20	9
2015-02-27	0	4.38	22	4
2015-02-28	0	6.22	24	6
2015-03-01	0	7.38	25	8
2015-03-02	0	4	21	5
2015-03-03	0	5.82	21	6
2015-03-04	0	5.01	21	8
2015-03-05	0	3.24	26	5
2015-03-06	0	2.63	20	4
2015-03-07	0	4.77	22	3
2015-03-08	0	5.9	22	6
2015-03-09	14.5	2.58	23	8
2015-03-10	8	2	22	8
2015-03-11	4	2.99	18	6
2015-03-12	1	1.19	17	5
2015-03-13	1	3.07	19	5
2015-03-14	9	1.25	19	7
2015-03-15	2	0.25	19	6
2015-03-16	1.8	0.43	19	6
2015-03-17	1.6	2.4	21	6
2015-03-18	0	2.9	22	6
2015-03-19	6.8	0.72	23	7
2015-03-20	4.6	0.11	23	9
2015-03-21	0	2.53	21	9
2015-03-22	0.01	3.02	22	9
2015-03-23	2	4.36	21	9
2015-03-24	10	0.83	22	10
2015-03-25	7.2	0.5	23	9
2015-03-26	0.2	3.21	23	8
2015-03-27	6	0.86	18	9
2015-03-28	5	0.14	19	12
2015-03-29	0	5.46	20	8
2015-03-30	0	5.54	21	5
2015-03-31	0	5.91	23	5
2015-04-01	0	4.44	25	9
2015-04-02	0	5.31	19	10
2015-04-03	0	5.78	24	10
2015-04-04	0	4.37	21	8
2015-04-05	0	5.29	24	4
2015-04-06	0	6.54	22	4
2015-04-07	0	4.1	24	5
2015-04-08	0	4.26	25	5
2015-04-09	0	5.48	26	6
2015-04-10	0	5.42	26	5
2015-04-11	0.01	4.15	24	7
2015-04-12	0	3.14	23	9
2015-04-13	5	2.17	25	9
2015-04-14	4	1.92	25	11
2015-04-15	2	0.93	25	10
2015-04-16	0	5.06	21	9
2015-04-17	0	6.95	25	9
2015-04-18	0.01	4.33	25	11
2015-04-19	0	6.98	25	11
2015-04-20	0	4.46	26	9
2015-04-21	0.01	5.41	27	10
2015-04-22	2.2	3.83	23	11
2015-04-23	0.01	3.87	27	10
2015-04-24	0	5.32	27	11
2015-04-25	14.4	0.15	26	11
2015-04-26	1	3.78	25	10
2015-04-27	0	3.07	25	11
2015-04-28	0	1.9	23	10
2015-04-29	3	1.57	17	10
2015-04-30	0	3.03	21	8
2015-05-01	0	4.98	22	9
2015-05-02	0	3.72	21	5
2015-05-03	0	5.62	22	6
2015-05-04	0	4.57	25	9
2015-05-05	0	6.59	26	10
2015-05-06	11	5.2	27	11
2015-05-07	0	6.44	26	9
2015-05-08	0	7.11	26	9
2015-05-09	0	7.61	26	8
2015-05-10	0	7.42	27	9
2015-05-11	0	5.16	26	9
2015-05-12	0	5.4	22	11
2015-05-13	0	5.63	23	9
2015-05-14	0	5.85	23	10
2015-05-15	7	1.78	25	11
2015-05-16	13	0.46	25	11
2015-05-17	1	2.96	26	10
2015-05-18	0	5.56	25	12
2015-05-19	0	4.64	25	9
2015-05-20	0	5.1	26	11
2015-05-21	0	6.22	25	11
2015-05-22	0.01	2.55	22	11
2015-05-23	0.01	3.42	24	11
2015-05-24	0	2.05	23	11
2015-05-25	1	6.33	25	11
2015-05-26	0	6.05	24	10
2015-05-27	0	6.54	25	9
2015-05-28	0	2.07	22	11
2015-05-29	10	0.74	23	11
2015-05-30	0.01	3.85	19	11
2015-05-31	0	1.09	17	11
2015-06-01	0	4.63	24	7
2015-06-02	0	5.51	22	9
2015-06-03	0	6.36	22	9
2015-06-04	0	6.83	24	9
2015-06-05	2	1.53	22	11
2015-06-06	0	4.99	22	11
2015-06-07	0	5.61	24	11
2015-06-08	0	7	22	3
2015-06-09	0	7.12	22	8
2015-06-10	0	4.98	27	8
2015-06-11	0	8.43	26	8
2015-06-12	0	7.37	26	9
2015-06-13	5.5	1.18	24	10
2015-06-14	11	2.48	22	11
2015-06-15	8	0.11	22	11
2015-06-16	6	2.62	23	11
2015-06-17	0.01	4.02	22	12
2015-06-18	0	5.76	23	12
2015-06-19	2	3.13	23	11
2015-06-20	16.8	3.94	22	11
2015-06-21	3	2.69	22	12
2015-06-22	0	5.38	22	12
2015-06-23	0	4.02	20	12
2015-06-24	0	6	21	8
2015-06-25	0	6.57	20	9
2015-06-26	0	4.82	22	9
2015-06-27	0	4.56	22	10
2015-06-28	0	4.94	22	9
2015-06-29	1	2.82	22	10
2015-06-30	33	0.35	22	11
2015-07-01	6	0.35	22	11
2015-07-02	9.5	0.94	22	12
2015-07-03	8	0.36	20	10
2015-07-04	1.4	1.5	21	11
2015-07-05	6	0.12	22	11
2015-07-06	0	6.58	22	10
2015-07-07	0	3.59	22	11
2015-07-08	0	2.49	20	8
2015-07-09	2	3.37	20	8
2015-07-10	0	4.89	20	9
2015-07-11	0	6.28	21	10
2015-07-12	0	5.41	22	11
2015-07-13	0	6.27	22	8
2015-07-14	0	8.63	22	9
2015-07-15	0	5.95	22	9
2015-07-16	0	1.54	22	8
2015-07-17	0	3.88	22	9
2015-07-18	3	3.31	24	10
2015-07-19	1	3.99	22	11
2015-07-20	2	1.2	22	9
2015-07-21	0.01	2.95	21	10
2015-07-22	7	0.5	22	11
2015-07-23	3	1.65	22	11
2015-07-24	0	3.25	22	9
2015-07-25	0	2.98	22	9
2015-07-26	0	3.82	25	10
2015-07-27	0	5	25	11
2015-07-28	0	7.57	24	11
2015-07-29	0	6.01	25	9
2015-07-30	0	6.82	24	9
2015-07-31	0	5.77	24	8
2015-08-01	0	6.26	23	7
2015-08-02	0	4.57	23	9
2015-08-03	0	5.48	24	10
2015-08-04	0	3.61	22	9
2015-08-05	0	6.77	24	11
2015-08-06	0	4.65	25	10
2015-08-07	0	4.35	25	10
2015-08-08	1.6	2.34	25	9
2015-08-09	0	5.93	26	10
2015-08-10	0	6.45	24	7
2015-08-11	0	5.05	22	6
2015-08-12	0	5.21	20	8
2015-08-13	0	4.17	21	8
2015-08-14	0	7.43	24	7
2015-08-15	0	6.12	23	7
2015-08-16	1	4.64	25	8
2015-08-17	6.5	0.5	25	10
2015-08-18	2	1.41	25	11
2015-08-19	3	3.09	26	11
2015-08-20	5	1.22	25	10
2015-08-21	2	2.88	25	11
2015-08-22	6	0.82	15	10
2015-08-23	0	3.83	25	10
2015-08-24	0	4.3	24	8
2015-08-25	0	5.16	23	8
2015-08-26	2	3.03	20	9
2015-08-27	1.8	0.98	20	11
2015-08-28	0	3.39	12	8
2015-08-29	0.8	3.67	12	8
2015-08-30	0	4.09	21	9
2015-08-31	1.4	0.49	23	11
2015-09-01	12.3	2.16	25	11
2015-09-02	0.7	1.75	22	11
2015-09-03	0	3.2	21	11
2015-09-04	8.1	2.75	21	12
2015-09-05	0	3.02	21	10
2015-09-06	0	4.81	23	9
2015-09-07	0	4.06	24	9
2015-09-08	0	4.28	25	8
2015-09-09	0	4.5	24	7
2015-09-10	2.9	1.72	23	10
2015-09-11	0	2.53	24	10
2015-09-12	3.5	2.1	21	10
2015-09-13	0.01	1.12	18	11
2015-09-14	0	2.99	25	12
2015-09-15	0.3	2.54	23	11
2015-09-16	6.2	1.94	20	11
2015-09-17	0.2	1.51	21	11
2015-09-18	0	3.62	22	11
2015-09-19	0	2.92	22	7
2015-09-20	0	3.84	21	9
2015-09-21	0	3.58	21	10
2015-09-22	0	4.09	20	8
2015-09-23	0.01	4.18	20	7
2015-09-24	0.5	2.94	22	7
2015-09-25	0.01	3.27	18	10
2015-09-26	0	2.27	17	9
2015-09-27	0	2.81	20	9
2015-09-28	0	2.26	18	9
2015-09-29	0.01	2.84	19	10
2015-09-30	0	3.52	18	11
2015-10-01	0	3.87	19	8
2015-10-02	0	4.95	20	6
2015-10-03	0	5.24	19	3.5
2015-10-04	0	5.03	25	5
2015-10-05	0	4.01	25	8
2015-10-06	0	3.94	23	5
2015-10-07	0	3.84	24	6
2015-10-08	0	4.15	26	8
2015-10-09	0	3.53	22	8
2015-10-10	0	4.26	22	8
2015-10-11	0	3.63	23	8
2015-10-12	0	4.77	25	8
2015-10-13	0	4.59	23	8
2015-10-14	0.01	2.42	19	8
2015-10-15	0	3.87	20	7
2015-10-16	1.2	1.87	18	6
2015-10-17	13.6	12.72	12	5
2015-10-18	11.8	8.08	11	9
2015-10-19	0.01	1.74	14	7
2015-10-20	0	3.68	22	6
2015-10-21	0	2.53	23	6
2015-10-22	0.01	1.67	24	6
2015-10-23	0	3.77	22	10
2015-10-24	0	2.95	23	12
2015-10-25	0	2.53	21	13
2015-10-26	0	1.95	21	9
2015-10-27	0.5	1.99	22	9
2015-10-28	28	4.79	22	12
2015-10-29	1.9	0.63	23	11
2015-10-30	0.01	3.08	20	10
2015-10-31	2	1.27	21	12
2015-11-01	0	1.74	19	12
2015-11-02	5.7	0.37	19	11
2015-11-03	0	2.49	22	10
2015-11-04	0	2.64	22	10
2015-11-05	0	2.78	22	6
2015-11-06	0	2.4	21	8
2015-11-07	2.9	0.3	21	10
2015-11-08	0.5	0.13	14	11
2015-11-09	0	2.21	21	7
2015-11-10	0	2.64	21	6
2015-11-11	0	3	18	8
2015-11-12	0.01	3.33	19	7
2015-11-13	0.5	0.1	12	9
2015-11-14	0.7	0.34	13	10
2015-11-15	0	2.36	18	9
2015-11-16	0	1.03	22	7
2015-11-17	0	2.41	22	7
2015-11-18	0.01	2.49	18	9
2015-11-19	0	1.81	19	10
2015-11-20	0	2.04	21	9
2015-11-21	0.01	1.62	20	9
2015-11-22	0.01	1.83	15	8
2015-11-23	0	1.44	18	7
2015-11-24	0	1.43	20	6
2015-11-25	0	3.56	22	8
2015-11-26	0	2.9	20	8
2015-11-27	0	0.74	20	9
2015-11-28	0	1.17	19	8
2015-11-29	0	2.01	20	6
2015-11-30	0	2.31	21	5
2015-12-01	0	2.68	23	7
2015-12-02	1.4	0.4	20	8
2015-12-03	4.4	0.5	20	6
2015-12-04	0.01	0.66	13	5
2015-12-05	0	0.45	13	5
2015-12-06	0	0.8	17	5
2015-12-07	0	1.59	17	5
2015-12-08	0	1.87	18	5
2015-12-09	0	1.5	16	7.5
2015-12-10	0	2.35	20	6
2015-12-11	0	2.4	21	7
2015-12-12	0	3.15	22	8
2015-12-13	0.01	0.81	19	9
2015-12-14	0	1.45	20	6
2015-12-15	0	1.44	22	7
2015-12-16	0	3.42	23	7
2015-12-17	0	2.56	19	7
2015-12-18	0	1.77	14	7
2015-12-19	0.01	0.87	13	3
2015-12-20	0	1.99	21	4
2015-12-21	0	2.72	22	7
2015-12-22	0.5	1.56	22	7
2015-12-23	0	1.66	19	8
2015-12-24	0	1.96	12	7
2015-12-25	0	2.49	22	7
2015-12-26	0	3.54	23	7
2015-12-27	0	3.92	23	8
2015-12-28	0	3.63	22	5
2015-12-29	0	2.84	25	8
2015-12-30	0	4.46	24	9
2015-12-31	0	1.72	22	8
2016-01-01	0	1.3	19	6
2016-01-02	0	2.2	20	6
2016-01-03	0	2	19	9
2016-01-04	3	0.84	15	6
2016-01-05	0	1.78	19	6
2016-01-06	0	3.17	19	5
2016-01-07	0	2.6	19	3
2016-01-08	0	3.87	20	4
2016-01-09	0	3.13	21	4
2016-01-10	0	1.55	19	6
2016-01-11	0	3.47	21	4
2016-01-12	0	1.53	16	4
2016-01-13	0.7	0.34	11	5
2016-01-14	0	2.01	19	6
2016-01-15	0	3.94	21	3
2016-01-16	0	1.94	18	3
2016-01-17	0	4.42	18	6
2016-01-18	0	2.22	15	2
2016-01-19	0	2.11	21	2
2016-01-20	0	3.85	18	3
2016-01-21	0	3.93	20	4
2016-01-22	0	3.3	18	3
2016-01-23	0	3.9	19	-1
2016-01-24	0	4.13	21	3
2016-01-25	0	4.17	23	4
2016-01-26	0	3.89	21	6
2016-01-27	0	3.25	21	2
2016-01-28	0	2.27	13	0
2016-01-29	0	2.8	16	0
2016-01-30	0	3.75	21	4
2016-01-31	0	2.74	22	6
2016-02-01	0	5.97	25	5
2016-02-02	0	5.16	26	2
2016-02-03	0	3.09	20	7
2016-02-04	0	2.06	12	3
2016-02-05	0	3.46	22	-1
2016-02-06	0	2.43	13	3
2016-02-07	0	2.6	18	-3
2016-02-08	0	3	17	-1
2016-02-09	0	3.55	12	2
2016-02-10	0	1.95	12	2
2016-02-11	0	3.56	20	-2
2016-02-12	0	4.4	19	0
2016-02-13	0	5.09	19	-4
2016-02-14	0	5.05	21	0
2016-02-15	0	4.69	23	6
2016-02-16	0	6.53	23	3
2016-02-17	0	6.85	21	2
2016-02-18	0	2.75	21	-2
2016-02-19	0	5.31	19	-2
2016-02-20	0	3.22	22	3
2016-02-21	0	5.61	25	5
2016-02-22	0	4.45	25	5
2016-02-23	0	5.22	20	8
2016-02-24	0	4.83	24	5
2016-02-25	0	4.96	22	1
2016-02-26	0.01	3.33	18	4
2016-02-27	0.01	2.4	17	5
2016-02-28	0	4.71	22	6
2016-02-29	0	4.86	22	6
2016-03-01	0	3.35	21	8
2016-03-02	0	3.23	17	8
2016-03-03	0	3.91	20	8
2016-03-04	0	2.87	16	6
2016-03-05	0	6.13	21	2
2016-03-06	0	6.59	24	4
2016-03-07	0	4.4	24	8
2016-03-08	2	2.54	22	8
2016-03-09	0.01	3.51	15	9
2016-03-10	0.01	3.48	15	5
2016-03-11	0	4.96	19	3
2016-03-12	0	5.39	18	2
2016-03-13	0	6.78	25	0
2016-03-14	0	7.83	27	7
2016-03-15	0	6.72	28	9
2016-03-16	0	6.18	27	11
2016-03-17	0	6.18	25	9
2016-03-18	0	6.27	25	7
2016-03-19	0	4.05	22	7
2016-03-20	0	2.71	11	6
2016-03-21	0	2.58	16	4
2016-03-22	1.7	3.01	21	5
2016-03-23	0.4	4.18	23	8
2016-03-24	0	4.54	25	7
2016-03-25	0	6.91	26	7
2016-03-26	0	7.8	25	9
2016-03-27	0	7.92	28	9
2016-03-28	0	4.59	25	10
2016-03-29	0	8.39	28	10
2016-03-30	0	7.04	28	9
2016-03-31	0	9.32	30	11
2016-04-01	0	8.18	28	9
2016-04-02	0	5.01	20	9
2016-04-03	0	4.58	24	6
2016-04-04	0	7.02	25	5
2016-04-05	0	8.49	25	5
2016-04-06	0	8.78	28	6
2016-04-07	0	6.66	27	7
2016-04-08	0	6.98	26	8
2016-04-09	0	8.06	26	8
2016-04-10	0.01	4.69	28	11
2016-04-11	0	8.15	30	11
2016-04-12	2.6	5.04	28	11
2016-04-13	0	5.68	30	11
2016-04-14	0	6.91	27	10
2016-04-15	0	7.9	29	10
2016-04-16	0	8.19	28	11
2016-04-17	0	6.61	27	11
2016-04-18	0.3	6.88	29	11
2016-04-19	0.6	4.71	27	10
2016-04-20	4.3	1.05	21	10
2016-04-21	1.9	4.21	24	7
2016-04-22	0	2.66	19	7
2016-04-23	0.01	2.14	20	9
2016-04-24	0	6.04	24	8
2016-04-25	0	5.8	24	8
2016-04-26	0	6.76	30	8
2016-04-27	0	8.06	29	8
2016-04-28	0	7.81	30	10
2016-04-29	0	9.37	32	11
2016-04-30	0	8.33	30	9
2016-05-01	0	8.89	30	12
2016-05-02	0	8.55	31	10
2016-05-03	0	8.77	31	11
2016-05-04	0	8.14	28	7
2016-05-05	0	6.3	28	9
2016-05-06	0	8.07	28	7
2016-05-07	0	9.26	28	9
2016-05-08	0	8.47	32	10
2016-05-09	3.1	6.56	32	13
2016-05-10	3.6	4.85	29	6
2016-05-11	5.1	2.61	27	10
2016-05-12	0	5.94	24	11
2016-05-13	0	7.45	23	10
2016-05-14	0	4.88	23	9
2016-05-15	1.9	5.83	19	11
2016-05-16	0	8.34	19	11
2016-05-17	0.01	7.12	28	12
2016-05-18	0	7.91	29	12
2016-05-19	7.2	2.05	28	12
2016-05-20	0	7.61	28	12
2016-05-21	0.4	4.51	28	11
2016-05-22	0	7.95	30	13
2016-05-23	0	9.1	30	10
2016-05-24	0	6.98	31	12
2016-05-25	0	7.99	30	7
2016-05-26	3.9	3.49	28	9
2016-05-27	0.6	6.79	28	12
2016-05-28	0	6.9	27	12
2016-05-29	0	7.4	27	11
2016-05-30	0	6.48	27	12
2016-05-31	0	6.73	27	11
2016-06-01	0	4.37	25	12
2016-06-02	2.7	4.35	27	7
2016-06-03	0	5.08	23	10
2016-06-04	4.4	4.66	26	9
2016-06-05	0.01	4.88	21	10
2016-06-06	0	4.47	25	10
2016-06-07	1.1	3.63	24	10
2016-06-08	0	5.84	26	11
2016-06-09	1.9	5.23	26	11
2016-06-10	2.4	2.28	26	11
2016-06-11	1.1	1.81	20	11
2016-06-12	0.5	4.37	19	7
2016-06-13	3.1	1.83	25	10
2016-06-14	2.2	1.82	24	11
2016-06-15	0	3.47	25	13
2016-06-16	0	4.8	26	12
2016-06-17	0.01	6.21	26	11
2016-06-18	1.1	6.03	24	8
2016-06-19	1.9	4.31	20	9
2016-06-20	42.1	NULO	15	10
2016-06-21	0.01	1.69	17	12
2016-06-22	0	5.39	21	8
2016-06-23	0	4.32	22	8
2016-06-24	0	4.06	22	11
2016-06-25	0.5	4.98	23	10
2016-06-26	0.01	1.99	20	13
2016-06-27	0	6.46	25	11
2016-06-28	0	6.46	22	12
2016-06-29	0	6.13	22	12
2016-06-30	0	7.43	22	11
2016-07-01	1.5	1.32	22	11
2016-07-02	1.7	2.56	20	15
2016-07-03	0	5.82	26	11
2016-07-04	0	4.99	23	10
2016-07-05	0	5.4	23	11
2016-07-06	0.01	4.9	19	12
2016-07-07	0.01	5.07	21	10
2016-07-08	0	6.4	25	9
2016-07-09	0	7.43	25	9
2016-07-10	9.3	1.15	24	9
2016-07-11	8.6	0.81	24	9
2016-07-12	2.8	2.19	21	11
2016-07-13	0.01	4.56	23	7
2016-07-14	5.4	2.17	22	9
2016-07-15	0	5.5	23	9
2016-07-16	0	5.96	23	9
2016-07-17	0.01	3.5	22	9
2016-07-18	1.7	5.32	22	10
2016-07-19	0.4	4.25	21	10
2016-07-20	0.8	2.99	19	11
2016-07-21	0.01	2.57	20	11
2016-07-22	3.6	2.98	22	11
2016-07-23	0	2.3	19	9
2016-07-24	0	4.95	24	10
2016-07-25	4.6	3.7	24	8
2016-07-26	0	4.57	22	11
2016-07-27	0	3.64	22	10
2016-07-28	2.5	0.17	21	11
2016-07-29	0	6.36	22	10
2016-07-30	0	6.04	22	10
2016-07-31	0	4.93	21	9
2016-08-01	0	5.98	22	9
2016-08-02	2.6	3.25	24	9
2016-08-03	0	6.09	24	8
2016-08-04	0	6	23	8
2016-08-05	11.8	5.6	23	9
2016-08-06	11	3.54	21	11
2016-08-07	1.2	2.37	22	13
2016-08-08	21	2.84	20	14
2016-08-09	0	3.39	23	11
2016-08-10	0.01	2.78	23	13
2016-08-11	0.9	3.72	23	10
2016-08-12	0.01	3.96	23	11
2016-08-13	0	6.87	24	9
2016-08-14	0	5.06	23	8
2016-08-15	0	5.58	22	8
2016-08-16	0	4.41	21	8
2016-08-17	1.1	2.78	23	12
2016-08-18	7.5	0.2	23	12
2016-08-19	0	3.37	23	11
2016-08-20	0.01	5.41	24	11
2016-08-21	1	2.58	24	10
2016-08-22	0	4.71	22	10
2016-08-23	0	5.53	21	6
2016-08-24	1.1	0.34	22	7
2016-08-25	0	4.32	22	11
2016-08-26	0.01	3.52	23	11
2016-08-27	0	5.22	23	11
2016-08-28	0	3.72	23	11
2016-08-29	0	5.59	22	9
2016-08-30	0	6.06	22	7
2016-08-31	0.01	5.36	23	6
2016-09-01	0.4	3.04	19	7
2016-09-02	0.3	2.18	21	12
2016-09-03	0.3	3.1	21	12
2016-09-04	14.5	6.25	20	12
2016-09-05	1.7	0.25	20	12
2016-09-06	0	4.15	21	11
2016-09-07	0	4.33	21	12
2016-09-08	0	5.93	23	7
2016-09-09	0	5.28	23	7
2016-09-10	0	4.6	24	7
2016-09-11	0	4.22	21	10
2016-09-12	0	3.98	24	10
2016-09-13	0	5.59	23	11
2016-09-14	0	4.79	22	10
2016-09-15	0	6.02	23	10
2016-09-16	0	3.53	23	10
2016-09-17	3.1	2.5	23	10
2016-09-18	0	4.14	23	10
2016-09-19	0	5.32	23	8
2016-09-20	3.8	1.1	22	8
2016-09-21	0	3.43	24	8
2016-09-22	2.1	1.1	20	8
2016-09-23	0.01	2.25	21	8
2016-09-24	0	3.15	22	8
2016-09-25	0	2.71	24	9
2016-09-26	6.5	1.5	22	10
2016-09-27	44.9	3.24	15	11
2016-09-28	1.1	0.72	18	12
2016-09-29	0.01	1.71	19	12
2016-09-30	0	3.89	21	8
2016-10-01	0	2.5	21	8
2016-10-02	0	2.19	21	9
2016-10-03	0	3.87	24	8
2016-10-04	0	4.13	24	8
2016-10-05	0	5.39	24	9
2016-10-06	0	2.92	23	8
2016-10-07	0	1.5	23	7
2016-10-08	9.5	0.46	21	7
2016-10-09	3.4	1.76	13	7
2016-10-10	0.01	1.68	17	7
2016-10-11	0	2.46	21	7
2016-10-12	0	3.01	22	7
2016-10-13	0.01	3.71	21	8
2016-10-14	0	3.59	21	4
2016-10-15	0	3.66	21	3
2016-10-16	0	3.16	21	6
2016-10-17	0	3.22	23	6
2016-10-18	0	3.97	23	7
2016-10-19	0	2.74	21	6
2016-10-20	1.1	2.52	20	8
2016-10-21	4.6	3.14	14	9
2016-10-22	0.6	0.05	14	9
2016-10-23	0	1.75	18	8
2016-10-24	0	2.49	19	8
2016-10-25	0	2.63	18	8
2016-10-26	0.3	2.54	18	7
2016-10-27	1.2	0.84	16	7
2016-10-28	0.6	0.75	15	6
2016-10-29	0	1.93	16	6
2016-10-30	0	2.48	19	5
2016-10-31	0.01	0.97	19	7
2016-11-01	0	3.82	21	7
2016-11-02	0	1.44	21	7
2016-11-03	0	1.7	20	8
2016-11-04	6.8	2.5	20	8
2016-11-05	0.01	1.31	17	8
2016-11-06	0	2.4	21	6
2016-11-07	0	2.98	21	6
2016-11-08	8.2	3.52	18	7
2016-11-09	2.5	0.17	12	9
2016-11-10	0.01	0.16	12	7
2016-11-11	0.01	1.18	14	7
2016-11-12	0.7	0.28	14	8
2016-11-13	0	1.22	16	8
2016-11-14	0	1.96	20	7
2016-11-15	0	1.38	19	9
2016-11-16	0.8	0.12	12	9
2016-11-17	0.01	2.37	19	7
2016-11-18	0.5	1.53	19	8
2016-11-19	2.5	1.69	12	8
2016-11-20	0.01	1.47	13	4
2016-11-21	0	0.88	17	3
2016-11-22	0	3.07	19	4
2016-11-23	0	2.71	17	4
2016-11-24	0	1.22	17	6
2016-11-25	0	1.73	7	1
2016-11-26	0	1.17	14	3
2016-11-27	0	7.92	19	2
2016-11-28	0	2.47	22	5
2016-11-29	0	2.99	24	8
2016-11-30	0	2.58	23	9
2016-12-01	0	3.08	23	9
2016-12-02	0	2.34	23	8
2016-12-03	0	2.93	24	8
2016-12-04	0	2.92	23	9
2016-12-05	0	3.88	23	9
2016-12-06	0	3.88	23	7
2016-12-07	0	1.78	23	7
2016-12-08	0	1.6	21	7
2016-12-09	0.01	1.28	14	7
2016-12-10	0	0.82	17	5
2016-12-11	0	2.05	20	4
2016-12-12	0	2.31	21	6
2016-12-13	0	3	21	5
2016-12-14	0	1.74	22	3
2016-12-15	0	1.33	20	4
2016-12-16	0	1.79	21	7
2016-12-17	0.01	1.43	20	8
2016-12-18	0.01	1.12	19	7
2016-12-19	0	1.15	18	6
2016-12-20	0	2.16	18	6
2016-12-21	0	1.91	20	5
2016-12-22	0	2.77	20	3
2016-12-23	0	1.48	20	3
2016-12-24	0	3.11	22	3
2016-12-25	0	3.19	21	6
2016-12-26	0	2.6	20	7
2016-12-27	0	2.01	20	3
2016-12-28	0.01	1.98	21	3
2016-12-29	0.3	1.29	20	4
2016-12-30	0.01	0.89	13	4
2016-12-31	0	1.67	20	6
2017-01-01	0	2.24	20	7
2017-01-02	0	2.82	23	6
2017-01-03	0	3.08	22	3
2017-01-04	0	3.83	23	3
2017-01-05	0	3.01	24	7
2017-01-06	0	3.3	25	8
2017-01-07	0	1.46	17	5
2017-01-08	0	1.15	14	1
2017-01-09	0	1.19	16	-2
2017-01-10	0	2.9	19	-1
2017-01-11	0	3.16	21	2
2017-01-12	0	3.74	22	4
2017-01-13	0	1.96	18	4
2017-01-14	0	1.91	18	1
2017-01-15	0	2.42	20	3
2017-01-16	0	3.68	22	5
2017-01-17	0	1.81	21	5
2017-01-18	0	2.41	22	4
2017-01-19	0	3.3	22	4
2017-01-20	0	3.98	22	7
2017-01-21	0	4.24	24	4
2017-01-22	0	4.38	22	3
2017-01-23	0	4.16	22	1
2017-01-24	0	4.15	26	1
2017-01-25	0	4.43	26	6
2017-01-26	0	3.37	20	6
2017-01-27	0	4.65	26	6
2017-01-28	0	2.59	15	4
2017-01-29	0	1.45	12	3
2017-01-30	0	2.48	18	1
2017-01-31	0	4.03	22	2
2017-02-01	0	3.6	22	6
2017-02-02	0	3.71	20	6
2017-02-03	0	2.73	19	2
2017-02-04	0	2.33	19	5
2017-02-05	0	2.71	22	5
2017-02-06	0	4.28	23	6
2017-02-07	0	4.46	19	7
2017-02-08	0	6.43	24	7
2017-02-09	0	4.1	21	6
2017-02-10	0	4.11	26	2
2017-02-11	0	5.15	25	2
2017-02-12	0	5.52	25	6
2017-02-13	0	4.17	24	4
2017-02-14	0	4.45	25	6
2017-02-15	0	5.19	25	6
2017-02-16	0	6.39	22	7
2017-02-17	0	4.58	22	7
2017-02-18	0	4.96	25	5
2017-02-19	0	5.01	24	5
2017-02-20	0	4.74	20	7
2017-02-21	0	3.51	21	7
2017-02-22	0	5.88	22	6
2017-02-23	0	6.26	26	6
2017-02-24	0	5.93	26	5
2017-02-25	0	5.19	23	4
2017-02-26	0	6.78	26	6
2017-02-27	0	7.47	26	8
2017-02-28	0	7.33	27	9
2017-03-01	0	6.74	26	6
2017-03-02	0	5.43	19	6
2017-03-03	0	3.5	27	6
2017-03-04	10.3	0.21	22	5
2017-03-05	0	3.3	20	7
2017-03-06	0	4.82	23	6
2017-03-07	0	5.47	23	6
2017-03-08	0.01	3.85	20	4
2017-03-09	1.6	2.93	23	6
2017-03-10	0	4.06	23	6
2017-03-11	1.5	1.58	23	7
2017-03-12	8.3	2.9	14	9
2017-03-13	0	4.68	24	6
2017-03-14	2.9	0.91	20	3
2017-03-15	1.8	0.92	18	5
2017-03-16	0	4.34	20	3
2017-03-17	0	4.88	23	3
2017-03-18	0	4.54	21	3
2017-03-19	0	4.8	21	4
2017-03-20	0	5.34	23	3
2017-03-21	0	7.78	24	5
2017-03-22	0	7.01	24	5
2017-03-23	0	6.98	25	4
2017-03-24	0	6.74	28	8
2017-03-25	0	8.46	25	7
2017-03-26	0.01	5.08	28	8
2017-03-27	0	6.87	27	8
2017-03-28	0	6.15	28	10
2017-03-29	0	7.88	28	7
2017-03-30	0	7.73	27	6
2017-03-31	0	7.31	27	10
2017-04-01	0	9.75	30	6
2017-04-02	0	1	29	11
2017-04-03	0	7.41	28	6
2017-04-04	0	1.01	29	7
2017-04-05	0	6.97	28	6
2017-04-06	0	5.8	24	9
2017-04-07	0	5.9	29	8
2017-04-08	0	8.5	28	8
2017-04-09	0	7.91	29	11
2017-04-10	0	9.17	30	11
2017-04-11	0	7.21	26	9
2017-04-12	0	6.24	23	7
2017-04-13	0	5.98	25	6
2017-04-14	0	6.07	24	6
2017-04-15	0	6.52	29	6
2017-04-16	1.2	2.53	26	5
2017-04-17	4.3	3.37	26	7
2017-04-18	3.9	1.13	22	8
2017-04-19	0	4.34	21	5
2017-04-20	0	6.48	24	3
2017-04-21	0	7.01	26	5
2017-04-22	0	8.15	27	7
2017-04-23	0	6.48	19	6
2017-04-24	0.01	6.78	26	6
2017-04-25	0	7.82	28	10
2017-04-26	0	9.13	29	7
2017-04-27	0	6.49	30	8
2017-04-28	0	7.65	29	11
2017-04-29	0	1	33.5	14
2017-04-30	0	9.65	32	8
2017-05-01	0	1.02	30.5	8
2017-05-02	0.01	5.94	30	11
2017-05-03	0.01	6.36	29	7
2017-05-04	0	5.12	21	10
2017-05-05	0	6.99	25.5	8
2017-05-06	0	4.83	29	7
2017-05-07	0	4.21	29	8
2017-05-08	6.3	5.19	28	11
2017-05-09	0.01	4.78	26	11
2017-05-10	0	5.89	28	11
2017-05-11	0	5.2	29	11
2017-05-12	4.9	5.31	30	10
2017-05-13	7.8	1.51	27	10
2017-05-14	0	6.22	25.5	12
2017-05-15	0	8.52	29.5	11
2017-05-16	0	7.84	30	7
2017-05-17	0	1.02	31.5	12
2017-05-18	0	9.28	32	13
2017-05-19	0	9.7	32	12
2017-05-20	0	8.1	32	14
2017-05-21	0	7.9	28	15
2017-05-22	0	8.12	31	7
2017-05-23	0	8.56	31.5	10
2017-05-24	0	8.64	30	14
2017-05-25	0.3	3.93	30.5	14
2017-05-26	0	9.42	30	11
2017-05-27	0	6.8	29.5	10
2017-05-28	0	6.34	29	12
2017-05-29	0	6.48	21	7
2017-05-30	0	4.54	23	7
2017-05-31	0	3.22	30.5	11
2017-06-01	0.01	1.83	19	12
2017-06-02	0	8.44	26	10
2017-06-03	0	7.24	27.5	10
2017-06-04	0	8	28.5	9
2017-06-05	1	7.01	29	10
2017-06-06	0.3	7.05	30	12
2017-06-07	0	8.23	28	11
2017-06-08	0	7.99	26	13
2017-06-09	0	5.91	27	11
2017-06-10	0	6.09	28	11
2017-06-11	0	6.69	28	12
2017-06-12	0	9.46	28.5	9
2017-06-13	0.9	6.88	26	8
2017-06-14	0	4.01	23	11
2017-06-15	0	7.99	25	11
2017-06-16	0	6.87	27	8
2017-06-17	0	8.62	28	7
2017-06-18	0	8.55	27	8
2017-06-19	0	8.25	25	7
2017-06-20	0	7.82	23	8
2017-06-21	0	7.61	26	7
2017-06-22	0	9.77	28	10
2017-06-23	0	9.01	29	9
2017-06-24	0	5.62	24	11
2017-06-25	0	2.39	20.5	11
2017-06-26	0.8	0.12	25	12
2017-06-27	0	3.81	23	12
2017-06-28	5.2	0.35	25	11
2017-06-29	6.9	0.47	21	13
2017-06-30	11	4.34	24	11
2017-07-01	2.9	NULO	19	9
2017-07-02	0	5.69	24	8
2017-07-03	0	5.98	23	11
2017-07-04	0	4.8	23	11
2017-07-05	0	4.73	22	11
2017-07-06	0	5.33	21	8
2017-07-07	0.01	2.78	19	10
2017-07-08	0.3	2.1	21	11
2017-07-09	0	0.28	19	12
2017-07-10	3	1.68	19	13
2017-07-11	14.5	4.04	22	13
2017-07-12	4	0.66	22	12
2017-07-13	0	5.39	24	11
2017-07-14	0	6.56	24	12
2017-07-15	0	6.89	25	8
2017-07-16	0	3.4	24	9
2017-07-17	0	3	24	8
2017-07-18	0	9.09	25	10
2017-07-19	1	3.91	23	12
2017-07-20	0	2.65	23	8
2017-07-21	0	4.77	23	10
2017-07-22	0	4.42	24	10
2017-07-23	0	5.36	23	10
2017-07-24	0	4.4	22	10
2017-07-25	1	5.1	20	10
2017-07-26	1	3.96	23	11
2017-07-27	0.01	2.12	22	10
2017-07-28	0	5.92	24	10
2017-07-29	0	6.48	27	11
2017-07-30	0	6.92	25	10
2017-07-31	0	7.14	21.1	10
2017-08-01	0	5.9	29	7
2017-08-02	0	5.62	25	9
2017-08-03	7	3.38	26	10
2017-08-04	2.7	2.23	24	10
2017-08-05	0	4.46	24	11
2017-08-06	3	1.17	27	12
2017-08-07	0	4.49	25	11
2017-08-08	0	6.57	22	9
2017-08-09	0	NULO	19	10
2017-08-10	7	NULO	16	11
2017-08-11	0	0.14	21	10
2017-08-12	0	2.51	22	7
2017-08-13	0	7.84	24	9
2017-08-14	0	3.8	25	11
2017-08-15	15	1.64	23	10
2017-08-16	11	1	24	11
2017-08-17	0	5.36	22	10
2017-08-18	0	6.02	22	9
2017-08-19	0	5.09	22	10
2017-08-20	0	6.05	22	11
2017-08-21	0.2	4.02	21	11
2017-08-22	0	5.22	22	9
2017-08-23	0	5.35	22	11
2017-08-24	0	4.93	22	11
2017-08-25	0	3.37	18	9
2017-08-26	0	5.76	23	9
2017-08-27	0.5	4.22	23	11
2017-08-28	0.01	3.72	21	11
2017-08-29	2.8	0.7	18	12
2017-08-30	0.01	1.81	19	11
2017-08-31	0	4.13	20	11
2017-09-01	0.01	1.55	20	11
2017-09-02	3	2.77	21	12
2017-09-03	1	0.7	16	11
2017-09-04	1.4	2.53	20	11
2017-09-05	5.4	0.6	20	11
2017-09-06	4.1	1.01	16	12
2017-09-07	6.4	2.28	15	11
2017-09-08	27.6	NULO	15	10
2017-09-09	1.9	0.01	17	9
2017-09-10	1.7	0.71	15	11
2017-09-11	0	3.56	17	3
2017-09-12	0	5.11	19	2
2017-09-13	0	5.99	22	4
2017-09-14	0	5.98	23	7
2017-09-15	0	6.3	24	7
2017-09-16	0	4.79	19	9
2017-09-17	0.01	1.78	23	9
2017-09-18	0	4.1	22	10
2017-09-19	0	5.08	23	9
2017-09-20	0.01	4.29	23	9
2017-09-21	0	3.47	22	9
2017-09-22	0.01	3.37	23	12
2017-09-23	1.8	3.37	21	11
2017-09-24	20	2.27	24	11
2017-09-25	0.01	1.82	21.5	12
2017-09-26	0.7	2.34	22	14
2017-09-27	1.6	1.39	21	13
2017-09-28	0.9	1.42	20	12
2017-09-29	6.3	2.83	18	12
2017-09-30	4.9	2.04	15	12
2017-10-01	2.3	0.17	18	12
2017-10-02	1.3	0.2	18	12
2017-10-03	0.01	1.05	17	11
2017-10-04	3.3	1.24	17	11
2017-10-05	0.8	0.76	17	10
2017-10-06	0	3.67	18	9
2017-10-07	0	3.57	22	6
2017-10-08	0	3.87	22	6
2017-10-09	0	3.43	22	11
2017-10-10	20	2.6	20	10
2017-10-11	0.7	1.19	15	10
2017-10-12	0.9	0.3	16	10
2017-10-13	0.01	1.88	16	9
2017-10-14	0	2.15	18.5	9
2017-10-15	0.5	2.71	19	9.5
2017-10-16	5.3	2.16	13	10
2017-10-17	0.01	1.54	15	9
2017-10-18	0	2.45	20	5
2017-10-19	0	3.16	21	5
2017-10-20	0	4.81	22	6
2017-10-21	0	4.05	23	8
2017-10-22	0	4.24	22	8
2017-10-23	0.01	1.42	18	7
2017-10-24	5	2.49	15	7
2017-10-25	0.01	0.58	12	5
2017-10-26	0	3.04	19	3
2017-10-27	0	3.9	20	5
2017-10-28	0	2.49	20	4
2017-10-29	0	3.2	21	5
2017-10-30	0	2.54	22	9
2017-10-31	1.2	1.84	22	11
2017-11-01	0	2.75	22	12
2017-11-02	0	3.45	23	11
2017-11-03	0	4.4	22	7
2017-11-04	0	2.26	21	5
2017-11-05	0	3.26	22	5
2017-11-06	0	4.33	22	4
2017-11-07	0	4.08	23	3
2017-11-08	0	3.31	22	2
2017-11-09	0	1.66	19	4
2017-11-10	0	1.51	19	5
2017-11-11	0	3.56	19.5	5
2017-11-12	0	2.74	18.5	4
2017-11-13	0	3.12	18	6
2017-11-14	0	2.04	18	7.5
2017-11-15	0	2.3	19	4
2017-11-16	0	2.97	19.5	2
2017-11-17	0	3.06	21	-5
2017-11-18	0	3.64	22	4
2017-11-19	0.01	0.49	22	7
2017-11-20	0	3.13	22	4
2017-11-21	0	3.23	20.5	4
2017-11-22	0	3.03	14	7
2017-11-23	0	1.99	16	-1
2017-11-24	0	2.34	18.5	1
2017-11-25	0	3.83	20.5	3.5
2017-11-26	0	1.96	17	3
2017-11-27	0	1.36	18	1
2017-11-28	0	1.89	19	2.5
2017-11-29	0	1.57	18.5	-1
2017-11-30	0	2.28	18	1
2017-12-01	0.01	0.51	17	-2
2017-12-02	0	1.41	18	-0.5
2017-12-03	0	1.93	20	3
2017-12-04	0	2.19	21	5
2017-12-05	0	3.1	22	6
2017-12-06	0	1.83	20	3
2017-12-07	0	2.25	22.5	5
2017-12-08	0	3.74	22	7.5
2017-12-09	0	3.63	14.5	-1
2017-12-10	0	0.78	11.5	-4.5
2017-12-11	0	2.61	16	-4
2017-12-12	0	2.39	14	-3
2017-12-13	0	2.72	20.5	-1.5
2017-12-14	0	3.67	21.5	3
2017-12-15	0	1.91	18	5.5
2017-12-16	0	3.8	21.5	3
2017-12-17	0	2.53	20	6
2017-12-18	0	1.99	21.5	6
2017-12-19	0	3.09	22	6.5
2017-12-20	0	3.06	22	6
2017-12-21	0	4.36	23	5
2017-12-22	0	2.88	23	6
2017-12-23	0	2.18	19.5	6
2017-12-24	0	2.98	21	5
2017-12-25	0	1.79	19	2
2017-12-26	0	2.9	20.5	3
2017-12-27	0	1.58	19	3.5
2017-12-28	0	2.08	20	2.5
2017-12-29	0	1.37	19	2.5
2017-12-30	0	2.87	19	3.5
2017-12-31	0	2.67	20.5	4
2018-01-01	0	0.78	14	3.5
2018-01-02	0	2.28	19	2
2018-01-03	0	1.69	19	5
2018-01-04	0	2.35	19	2
2018-01-05	0	2.23	19.5	5
2018-01-06	0	2.79	18	3
2018-01-07	0	3.82	21	2
2018-01-08	0	3.6	20	-1
2018-01-09	0	3.6	20	-1
2018-01-10	0	2.91	22.5	1.5
2018-01-11	0	2.95	22	3.5
2018-01-12	0	3.08	19.5	3
2018-01-13	0	NULO	13.5	-3
2018-01-14	0	NULO	15	-3
2018-01-15	0	1.71	16	-4.5
2018-01-16	6	2.21	14	-2
2018-01-17	0	2.62	13.5	0.5
2018-01-18	0	3.16	18	0.5
2018-01-19	0	2.18	18.5	2
2018-01-20	0	3.47	20	3.5
2018-01-21	0	3.56	23	4
2018-01-22	0	3.58	24	5
2018-01-23	3.9	1.04	19	4
2018-01-24	0	2.2	15.5	5.5
2018-01-25	0	1.37	14	4
2018-01-26	0	1.7	18	3
2018-01-27	0.01	1.64	19.5	3
2018-01-28	2.4	0.58	11	3.5
2018-01-29	0.8	0.25	10	4
2018-01-30	0.01	1.3	10	-2
2018-01-31	0	2.4	20	-2
2018-02-01	0	4.2	22	2
2018-02-02	0.01	2.84	19.5	4.5
2018-02-03	0	3.77	22	4
2018-02-04	0	3.58	22	6
2018-02-05	0	4.73	22.5	8.5
2018-02-06	0	3.33	23	7
2018-02-07	0	3.7	20.5	6
2018-02-08	0	2.74	18	6.5
2018-02-09	0.01	2.84	19.5	6
2018-02-10	0.01	2.44	19	6
2018-02-11	0.01	2.83	20.5	6
2018-02-12	3.3	2.54	21	7
2018-02-13	0	2.55	19	5.5
2018-02-14	0	3.52	20.5	4
2018-02-15	0	4.76	23	0.5
2018-02-16	0	5.5	24.5	3.5
2018-02-17	0	4.66	24	4
2018-02-18	0	4.03	22	4
2018-02-19	0.7	4.62	24	6
2018-02-20	3.1	2.29	23	8.5
2018-02-21	0	4.09	23	6
2018-02-22	0	4.47	23	6
2018-02-23	0	3.67	23	7
2018-02-24	3.1	2.79	24.5	8
2018-02-25	0	5.09	25	8
2018-02-26	0	4.49	24	8
2018-02-27	0	5.1	25	8
2018-02-28	0	5.14	25	9
2018-03-01	0	5.81	21	9
2018-03-02	0	4.23	20.5	6.5
2018-03-03	0	6.93	24	5.5
2018-03-04	0	7.1	26	5.5
2018-03-05	0	5.81	27	7
2018-03-06	1.9	4.16	27	8
2018-03-07	0.01	2.62	14	8
2018-03-08	0	4.53	18	6
2018-03-09	0	5.75	26	9
2018-03-10	0	6.79	27	7
2018-03-11	0	7.41	28.5	9
2018-03-12	0	3.94	18	9.5
2018-03-13	0	4.22	20	7
2018-03-14	0	5.83	26	8
2018-03-15	0.9	5.02	29.5	6
2018-03-16	0	6.84	22	9
2018-03-17	0	7.18	28	8
2018-03-18	0	5.4	27	9
2018-03-19	0	8.49	28	8
2018-03-20	0	NULO	NULO	NULO
2018-03-21	0	NULO	NULO	NULO
2018-03-22	0	5.17	25	7
2018-03-23	0	6.81	25	5
2018-03-24	0	8.35	27.5	5
2018-03-25	0	7.85	NULO	NULO
2018-03-26	0	NULO	NULO	NULO
2018-03-27	0	7.68	29	7
2018-03-28	0	7.82	31	10
2018-03-29	0	5.7	27	7
2018-03-30	1.1	5.68	19	8
2018-03-31	0.01	4.89	25	4
2018-04-01	0	8.31	25	5.5
2018-04-02	0	8.01	28	5
2018-04-03	0	6.68	29	9
2018-04-04	5.2	3.92	22	10
2018-04-05	2.2	4.09	26	10
2018-04-06	0.01	5.14	26	10
2018-04-07	0	7.7	26	9.5
2018-04-08	0	7.86	28	10
2018-04-09	0	6.34	28	10
2018-04-10	0	5.68	20	10
2018-04-11	1.1	3.76	22	7
2018-04-12	0	5.29	25	7
2018-04-13	0	5.99	26	9
2018-04-14	0	6.73	27	9
2018-04-15	0	4.99	18	6
2018-04-16	0	6.51	23.5	6
2018-04-17	0	7.69	28	6
2018-04-18	0	7.42	29.5	8
2018-04-19	0	6.22	24	7
2018-04-20	0	8.04	26	6
2018-04-21	0	9.87	29.5	8
2018-04-22	0	5.48	29	11
2018-04-23	0	5.96	27	11
2018-04-24	1.8	5.43	27	11
2018-04-25	1.4	3.5	27	10
2018-04-26	0	6.08	21	10
2018-04-27	0	5.89	26	10
2018-04-28	0.2	4.74	26	10
2018-04-29	0.3	5.84	28	10
2018-04-30	20	0.51	28	10
2018-05-01	5.3	3.65	28	11
2018-05-02	0	5.14	25	10
2018-05-03	0.5	3.74	28	10
2018-05-04	0	5.96	28	11
2018-05-05	0	7.8	21	11
2018-05-06	0	5.79	20	9
2018-05-07	0	6.24	21	9
2018-05-08	0	2.59	19	10
2018-05-09	0	7.3	23	7
2018-05-10	0	5.65	25	6
2018-05-11	0	8.31	27	8
2018-05-12	0	6.82	28	10
2018-05-13	0	8.6	28	8
2018-05-14	0	7.4	22	6
2018-05-15	0	7.12	26	6
2018-05-16	0	6.89	27	8
2018-05-17	0	7.94	27	8
2018-05-18	0	9.78	30	8
2018-05-19	0	9.13	31	12
2018-05-20	0	8.12	31	13
2018-05-21	0	6.93	23	11
2018-05-22	0	6.59	28	10
2018-05-23	0	7.77	28	9
2018-05-24	0	7.4	26	7
2018-05-25	0	6.34	26	8
2018-05-26	0	8.5	27	11
2018-05-27	0	9.25	29	7
2018-05-28	0	9.27	31	9.5
2018-05-29	0	10.66	31	10.5
2018-05-30	0	11.57	31	11
2018-05-31	0	9.31	30	10
2018-06-01	0	8.95	27	8
2018-06-02	0	8.27	25	9
2018-06-03	0	8.88	25	8
2018-06-04	0	8.5	25	8
2018-06-05	0	8.17	29	7
2018-06-06	0	8.51	29	8
2018-06-07	0.01	6.34	27	9
2018-06-08	0	7.17	25	11
2018-06-09	0	5.61	24	10
2018-06-10	0	6.55	27	9
2018-06-11	0	4.35	26	12
2018-06-12	6.8	0.27	23	14
2018-06-13	2.5	1.12	21	12
2018-06-14	0.01	2.54	21	12
2018-06-15	0.3	3.03	23	12
2018-06-16	0	4.37	25	12
2018-06-17	0.01	4.71	28	11
2018-06-18	11.7	4.14	20	13
2018-06-19	10.1	2.99	21.5	11
2018-06-20	7	0.21	27	12
2018-06-21	2	2.36	23	11
2018-06-22	1.2	3.55	23	11
2018-06-23	3.3	1.57	24	11
2018-06-24	0	5.17	23	10
2018-06-25	3.4	1.76	23	10
2018-06-26	2.2	1.69	20.5	11
2018-06-27	0.01	3.67	23	9
2018-06-28	7.4	1.79	23	11
2018-06-29	20	0.89	21	10
2018-06-30	0	5.35	23	7
2018-07-01	0	5.48	23	9
2018-07-02	0	6.33	24	10
2018-07-03	1.1	2.57	21	11
2018-07-04	0	4.14	21	8
2018-07-05	0	6.94	20	7
2018-07-06	0	3.04	20	8
2018-07-07	0	5.74	22	7
2018-07-08	0	4.61	22	9
2018-07-09	0	5.59	22	9
2018-07-10	0	5.67	22	8
2018-07-11	9.3	0.43	21	7
2018-07-12	0	6.26	22	7
2018-07-13	0	5.59	22	7
2018-07-14	0	5.67	22	9
2018-07-15	0	4.77	19	8
2018-07-16	0	5.25	23	10
2018-07-17	7.8	0.62	23	11
2018-07-18	0	4.98	22	9
2018-07-19	0	6.32	24	9
2018-07-20	12	1.89	23	11
2018-07-21	0	5.99	23	7
2018-07-22	0	5.58	24	7
2018-07-23	0	7.15	22	9
2018-07-24	0	7.92	26	11
2018-07-25	14	5.49	26	9
2018-07-26	5	5.06	25	8
2018-07-27	0.01	4.32	25	8
2018-07-28	0	5.05	24	10
2018-07-29	0	6.72	25	9
2018-07-30	0	6.35	25	8
2018-07-31	0	6.48	20	8
2018-08-01	0.01	7.22	23	10
2018-08-02	1.8	3.18	23	8
2018-08-03	5	2	20	9
2018-08-04	7.2	0.85	20	10.5
2018-08-05	0.01	3.78	17	10
2018-08-06	0	5.51	22	9
2018-08-07	0	5.25	22	8
2018-08-08	0	5.59	21	10
2018-08-09	0	7.47	21	9.5
2018-08-10	3.3	2.77	23	10
2018-08-11	20	2.79	24	10
2018-08-12	5.6	1.05	20	10
2018-08-13	0.01	2.37	21	10
2018-08-14	0	3.68	22	7
2018-08-15	1.8	1.28	22	9
2018-08-16	0	5.1	21	10
2018-08-17	0	5.45	21	7
2018-08-18	0	5.69	23	8
2018-08-19	0	5.6	24	7.5
2018-08-20	0	5.48	22	9
2018-08-21	0.5	3.55	21	9
2018-08-22	0	5.07	21	9
2018-08-23	0	3.69	21	10
2018-08-24	0	5.38	23	10
2018-08-25	0.01	6.04	24	8
2018-08-26	0.01	3.47	23	7
2018-08-27	0	5.37	24	8
2018-08-28	1.6	2.3	22	11
2018-08-29	2	0.87	22	12
2018-08-30	0	5.02	21	10
2018-08-31	0.9	3.88	23	11
2018-09-01	5.2	2.09	19	11
2018-09-02	0.01	3.98	24	11
2018-09-03	0	3.19	23	11
2018-09-04	0	5.1	23	8
2018-09-05	0	3.43	22	8
2018-09-06	1.1	2.31	20	9
2018-09-07	0	3.21	23	10
2018-09-08	0	4.45	24	9
2018-09-09	0	5.22	25	9
2018-09-10	0.01	2.71	26	9
2018-09-11	11.8	4.12	22	11
2018-09-12	2.2	2.16	19	11
2018-09-13	0	3.25	20	12
2018-09-14	0.5	2.35	21	10
2018-09-15	2.9	0.01	19.5	9
2018-09-16	7.8	1.53	21	10
2018-09-17	0	2.63	20	11
2018-09-18	0	3.77	21	11
2018-09-19	0	4.35	22	10
2018-09-20	0	4.55	23	10
2018-09-21	1.5	3.12	23	10
2018-09-22	0	4.29	22	11
2018-09-23	0	5.01	22	10
2018-09-24	0	4.36	22	8
2018-09-25	0	4.98	22	10
2018-09-26	0	4.13	21	10
2018-09-27	0.01	3.13	21	9
2018-09-28	0	3.95	21	8
2018-09-29	0	4.26	20	8
2018-09-30	0	5.37	23	8
2018-10-01	0	3.7	20	8
2018-10-02	0.3	2.16	19.5	8
2018-10-03	0	2.48	19	8
2018-10-04	0	4.85	21	11
2018-10-05	0	4.05	23	7
2018-10-06	0	3.5	23	6
2018-10-07	4.9	1.01	19	8
2018-10-08	2.5	1.61	18	9
2018-10-09	0	3.44	19	10.5
2018-10-10	0	3.51	22	11
2018-10-11	0	2.88	22	10
2018-10-12	0	3.13	22	10
2018-10-13	0	2.46	22	10
2018-10-14	1.7	2.25	25	12
2018-10-15	2.3	0.74	22	12
2018-10-16	0	3.53	22	11
2018-10-17	1.9	0.41	17	7.5
2018-10-18	0.01	0.77	16	7
2018-10-19	0	3.69	19	9
2018-10-20	2.1	0.62	17	10
2018-10-21	1.4	0.11	15	11
2018-10-22	0	2.33	19	9.5
2018-10-23	0	4.03	24	8
2018-10-24	0	3.42	24	9
2018-10-25	0	3.36	23	9
2018-10-26	0	2.51	23	9
2018-10-27	0	2.46	15	10
2018-10-28	0.01	1.98	19	8.5
2018-10-29	0	2.1	18	9
2018-10-30	6.5	0.6	22	8
2018-10-31	4.3	0.31	23	9
2018-11-01	0.01	1.11	23	10
2018-11-02	0.01	2.11	17	10
2018-11-03	5.5	1.75	19	10
2018-11-04	0.01	0.32	19	10
2018-11-05	0	2.77	21	9
2018-11-06	0	3.1	22	8
2018-11-07	0	3.71	23	8
2018-11-08	0	4.28	23	7
2018-11-09	0	3.66	22	8
2018-11-10	0	1.83	20	8
2018-11-11	0	3.27	22	8
2018-11-12	6.6	0.13	21	10
2018-11-13	0.01	0.96	15	9
2018-11-14	8	2.16	15	1
2018-11-15	0	0.9	15	-2
2018-11-16	0	2.24	18	2
2018-11-17	0	2.17	21	5
2018-11-18	0	2.16	19	5
2018-11-19	0	3.05	21	5
2018-11-20	0	2.3	19	6
2018-11-21	0	2.37	21	6
2018-11-22	0	3.46	22	7
2018-11-23	0	2.84	23	7
2018-11-24	0	3.12	23	8
2018-11-25	0	2.3	24	9
2018-11-26	0	1.43	17	8
2018-11-27	0.01	0.42	19	6
2018-11-28	0.01	2.15	18	9
2018-11-29	0.6	0.07	14	10
2018-11-30	0	1.09	19	10
2018-12-01	0	3.49	23	8
2018-12-02	0	2.37	23	7
2018-12-03	0	2.54	23	7
2018-12-04	0.01	0.81	20	6
2018-12-05	0	2.91	17	6
2018-12-06	0	0.79	20	5
2018-12-07	0	1.99	22	7
2018-12-08	0	2.8	22	7
2018-12-09	0	1.45	19	7
2018-12-10	0.01	1.11	13	6
2018-12-11	0	1.24	16	4
2018-12-12	0	2.06	19	4
2018-12-13	0	2.29	19	7
2018-12-14	0	3.88	20	3
2018-12-15	0	1.35	15	3
2018-12-16	0	1.96	19	-2
2018-12-17	0	2.84	18	0
2018-12-18	0	2.26	21	5
2018-12-19	0	3.77	20	7
2018-12-20	0	1.47	25	1
2018-12-21	0	2.56	16	-3
2018-12-22	0	2.9	19	2
2018-12-23	0	3.48	18	2
2018-12-24	0	1.73	18	-1
2018-12-25	0	3.13	23	2
2018-12-26	0	2.94	20	5
2018-12-27	0	3.02	17	6
2018-12-28	0	2.55	21	6
2018-12-29	0	2.13	23	6
2018-12-30	0	2.65	22	4
2018-12-31	0	3.26	21	5
2019-01-01	0	2.05	23	6
2019-01-02	0	2.11	23	4
2019-01-03	0	2.64	22	5
2019-01-04	0	1.75	23	6
2019-01-05	0	3.22	23	7
2019-01-06	0	2.58	24	6
2019-01-07	0	3.91	24	6
2019-01-08	0	2.27	22	0
2019-01-09	0	1.82	19	0
2019-01-10	0	1.91	20	4
2019-01-11	0	2.3	22	7
2019-01-12	3.5	0.22	21	8
2019-01-13	0	1.61	16	10
2019-01-14	0	2.37	18	7
2019-01-15	0	2.03	20	3
2019-01-16	0	2.59	20	5
2019-01-17	0	2.37	19	5
2019-01-18	0	2.65	21	6
2019-01-19	0	2.93	20	7
2019-01-20	0	2.44	19	3
2019-01-21	0	4.25	22	0
2019-01-22	0	4.26	24	5
2019-01-23	0	3.35	23	4
2019-01-24	0	3.8	23	5
2019-01-25	0	1.94	23	6
2019-01-26	0	4.56	23	5
2019-01-27	0	3.05	23	5.5
2019-01-28	0	2.55	23	3
2019-01-29	0	4.85	23	3
2019-01-30	0	2.85	23	3
2019-01-31	0	4.6	24	4
2019-02-01	0	3.83	23	7
2019-02-02	0	4.47	24	7
2019-02-03	0	5.34	26	7
2019-02-04	0	4.48	25	8
2019-02-05	0	5.37	26	7
2019-02-06	0	4.94	26	9
2019-02-07	0	5.78	27	8
2019-02-08	0	1.43	17	7
2019-02-09	0	2.12	18	3
2019-02-10	0	4.79	23	3
2019-02-11	0	4.2	24	6
2019-02-12	0	3.13	18	5
2019-02-13	0	1.8	21	3
2019-02-14	0	4.84	26	4
2019-02-15	0	4.92	28	8
2019-02-16	0	5.9	29	9
2019-02-17	0	5.78	30	7
2019-02-18	0	5.4	31	9.5
2019-02-19	0	6.9	28	10
2019-02-20	0	7.68	28	7
2019-02-21	0	7.33	27	8
2019-02-22	0	6.03	27	8
2019-02-23	0	5.39	26	7
2019-02-24	0.01	3.5	17	9
2019-02-25	0	5.02	26	7
2019-02-26	0	5.5	25	7
2019-02-27	0	7.05	26	6
2019-02-28	0	9.12	28	7
2019-03-01	0	6.22	28	6
2019-03-02	0	7.24	29	8
2019-03-03	0	7.13	30	8
2019-03-04	0.01	6.83	28	8
2019-03-05	0	6.07	27	9.5
2019-03-06	0	6.02	26	4
2019-03-07	0	7.1	28	6
2019-03-08	0	7.11	29	6
2019-03-09	0	7.09	19	5
2019-03-10	0	8.21	31	6
2019-03-11	0	8.07	29	9
2019-03-12	0	7.32	29	7
2019-03-13	0	7.68	29	8
2019-03-14	0	7.11	31	10
2019-03-15	0	3.31	26	10
2019-03-16	0.01	3.8	21	4
2019-03-17	0	4.26	24	6.5
2019-03-18	0	6.42	25	7
2019-03-19	0	3.09	25	4
2019-03-20	0	5.66	24	4
2019-03-21	0	4.52	20	6
2019-03-22	0	4.85	25	6
2019-03-23	0	6.25	24	7
2019-03-24	0	7.63	27	7
2019-03-25	0	9.09	26	7
2019-03-26	0	7.2	24	2
2019-03-27	0	6.83	24	3
2019-03-28	0	7.89	26	2
2019-03-29	0	8.96	29	7
2019-03-30	0	7.79	31	11
2019-03-31	0	5.08	23	9.5
2019-04-01	0	8.2	29	9
2019-04-02	0	7.2	27	9.5
2019-04-03	0	7.28	29	9
2019-04-04	0	7.02	26	8
2019-04-05	0.01	4.85	27	10
2019-04-06	1.6	3.89	26	12
2019-04-07	0	6.55	28	8
2019-04-08	1.5	5.09	26	9
2019-04-09	0	5.91	24	9
2019-04-10	0	7.45	22	11
2019-04-11	0	8.52	30	10
2019-04-12	0	7.87	30	11
2019-04-13	0	8.41	29	10
2019-04-14	0	6.1	30	11
2019-04-15	0	8.1	30	11
2019-04-16	0	1.51	31	11
2019-04-17	0	7.46	31	11
2019-04-18	0	1.29	30	12
2019-04-19	0	7.64	29	12
2019-04-20	0	8.38	27	10
2019-04-21	0	5.2	30	10
2019-04-22	0.01	5.08	32	11
2019-04-23	0	7.78	32	13
2019-04-24	0	7.12	31	12
2019-04-25	0	7.41	30	12
2019-04-26	0	6.98	23	11
2019-04-27	0	9.09	30	10
2019-04-28	0	6.32	29	12
2019-04-29	0.01	7.52	31	14
2019-04-30	4	4.34	31	12
2019-05-01	0.01	6.96	31	11
2019-05-02	0	6.28	31	10
2019-05-03	0	10.23	30	11
2019-05-04	0	6.98	29	13
2019-05-05	0.6	5.02	27	12
2019-05-06	0	8.09	30	11
2019-05-07	0	8.89	32	11
2019-05-08	0	1.22	32	9
2019-05-09	0	8.56	32	12
2019-05-10	0	7.66	32	10
2019-05-11	0	8.94	31	8
2019-05-12	0	9.01	32	11
2019-05-13	0	8.01	32	10
2019-05-14	0.01	7.98	32	10
2019-05-15	0.4	5.84	27	11
2019-05-16	5	6.14	29	10
2019-05-17	0	7.91	30	11
2019-05-18	0	8.34	30	11
2019-05-19	0	9	31	12
2019-05-20	0	9.38	31	11
2019-05-21	0	10.47	32	12
2019-05-22	0	9.21	32	11
2019-05-23	0	8.41	28	8
2019-05-24	0	7.25	26	10
2019-05-25	0	8.04	30	11
2019-05-26	0	6.71	30	8
2019-05-27	0	7.17	30	8
2019-05-28	0	8.48	31	8
2019-05-29	0	7.76	31	11
2019-05-30	0	9.1	30	11
2019-05-31	0	8.67	27	10
2019-06-01	2.3	4.9	25	9
2019-06-02	0	3.7	22	11
2019-06-03	9.3	0.65	17	12
2019-06-04	5.3	2.27	26	13
2019-06-05	21	0.19	24	12
2019-06-06	2.3	2.42	26	12
2019-06-07	0	5.18	27	12
2019-06-08	0	6.82	28	11
2019-06-09	0	9.37	26	9
2019-06-10	0	6.04	25	8
2019-06-11	0	6.49	24	12
2019-06-12	0	5.78	26	9
2019-06-13	0	4.04	21	11
2019-06-14	0	6.26	24	10
2019-06-15	0	7.8	28	10
2019-06-16	0	7.63	29	9
2019-06-17	0	8.22	29	9
2019-06-18	1.3	4.69	27	12
2019-06-19	4.4	2.8	28	12
2019-06-20	0.01	4.44	29	12
2019-06-21	0	6.54	29	13
2019-06-22	0	3.89	28	14
2019-06-23	6.8	1.03	28	12
2019-06-24	1.4	2.77	25	13
2019-06-25	0	2.58	21	13
2019-06-26	0	3.14	21	12
2019-06-27	0	7.55	23	9
2019-06-28	0	7.39	22	10
2019-06-29	0	5.54	22	7
2019-06-30	10.1	1.52	24	7
2019-07-01	0.01	2.14	22	9
2019-07-02	4.3	0.82	24	10
2019-07-03	0.01	3.47	24	11
2019-07-04	0	5.18	25	9
2019-07-05	0	6.46	24	9
2019-07-06	0	6.15	24	9
2019-07-07	0.01	6.08	24	8
2019-07-08	0.5	3.62	25	10
2019-07-09	0	5.11	25	9
2019-07-10	0.01	5.73	25	8
2019-07-11	1	3.49	25	9
2019-07-12	0	4.7	23	11
2019-07-13	2	0.21	24	12
2019-07-14	4.2	2.58	23	13
2019-07-15	0.7	3.09	27	14
2019-07-16	0	4.98	23	10
2019-07-17	5.2	0.4	22	9
2019-07-18	1.3	3.73	22	10
2019-07-19	0	5.12	23	9
2019-07-20	0	4.27	23	10
2019-07-21	0	2.29	26	10
2019-07-22	0	4.2	22	11
2019-07-23	4.1	1.99	28	8
2019-07-24	0	5.13	22	8
2019-07-25	0.01	2.88	20	11
2019-07-26	3.2	0.69	21	11
2019-07-27	0	5.76	22	9
2019-07-28	0	5.24	23	7
2019-07-29	2.3	1.55	23	9
2019-07-30	0	4.71	22	8
2019-07-31	0	6.31	24	8
2019-08-01	0	6.91	24	5
2019-08-02	0	6.47	26	6
2019-08-03	0	6.72	25	7
2019-08-04	0	4.99	26	8
2019-08-05	2.4	0.99	25	9
2019-08-06	1	2.02	22	10
2019-08-07	0.3	1.96	24	11
2019-08-08	0	6.05	26	11
2019-08-09	0	5.35	23	9
2019-08-10	0.01	3.43	27	11
2019-08-11	0	5.19	25	11
2019-08-12	0	5.6	27	11
2019-08-13	1.3	6.91	26	10
2019-08-14	3.6	3.78	27	10
2019-08-15	0	6.01	26	10
2019-08-16	0	6.97	26	6
2019-08-17	2.7	1.5	27	8
2019-08-18	0	5.22	29	9
2019-08-19	0	5.44	24	9
2019-08-20	0	6.01	25	7
2019-08-21	0	3.4	23	7
2019-08-22	7.6	1.08	26	8
2019-08-23	2.9	3.53	26	6
2019-08-24	5.8	2.57	20	11
2019-08-25	8.4	8.75	26	10
2019-08-26	0.01	4.17	26	10
2019-08-27	2.6	2.88	25	10
2019-08-28	0	5.52	23	9
2019-08-29	0	7.3	24	9
2019-08-30	0	5.74	24	7
2019-08-31	0	6.62	24	7
2019-09-01	0	5.2	24	6
2019-09-02	0	7.81	24	7
2019-09-03	0	3.51	22	8
2019-09-04	1.1	3.11	27	9
2019-09-05	1	2.72	23	11
2019-09-06	0	3.78	22	9
2019-09-07	0	4.95	22	9
2019-09-08	0	5.2	25	7
2019-09-09	0	3.81	24	8
2019-09-10	2.3	0.73	21	9
2019-09-11	0	5.23	22	8
2019-09-12	0.01	2.68	27	8
2019-09-13	1.5	8.36	21	9
2019-09-14	0.01	3.51	21	10
2019-09-15	0	6.08	22	9
2019-09-16	0.01	4.05	23	8
2019-09-17	0	4.89	24	9
2019-09-18	3.4	1.15	26	12
2019-09-19	5.7	0.31	23	11
2019-09-20	0	4	23	10
2019-09-21	0	4.71	22	7
2019-09-22	0	6.46	23	7
2019-09-23	0	4.67	23	7
2019-09-24	0.01	3.94	24	10
2019-09-25	0	3.26	23	11
2019-09-26	0	4.72	24	11
2019-09-27	0	5.24	25	8
2019-09-28	0	4.52	26	9
2019-09-29	0.01	2.09	20	10
2019-09-30	5	1.49	23	11
2019-10-01	0	3.94	22	9
2019-10-02	0	5.1	22	8
2019-10-03	0	4.2	22	8
2019-10-04	0	4.06	22	8
2019-10-05	0	5.4	23	9
2019-10-06	0	4.39	22	7
2019-10-07	4	2.77	20	9
2019-10-08	4.1	2.01	15	9
2019-10-09	0	3.45	22	10
2019-10-10	0	3.38	25	9
2019-10-11	0	5.3	24	10
2019-10-12	0	2.82	19	12
2019-10-13	0	4.32	23	7
2019-10-14	0	5.52	25	6
2019-10-15	0.01	3.76	24	7
2019-10-16	2.1	0.26	18	7
2019-10-17	2.2	0.4	17	11
2019-10-18	9.4	3.48	24	11
2019-10-19	0.8	3.03	22	12
2019-10-20	0	3.3	26	11
2019-10-21	10	8.06	26	11
2019-10-22	0	5.88	19	12
2019-10-23	0	3.16	20	10
2019-10-24	0	3.28	23	7
2019-10-25	3.2	0.35	19	8
2019-10-26	0	1.77	22	10
2019-10-27	0.01	2.16	21	10
2019-10-28	0	3.27	24	10
2019-10-29	0	3.55	25	9
2019-10-30	0.8	1.73	23	10
2019-10-31	0.01	2.18	17	11
2019-11-01	0	2.05	21	6
2019-11-02	0	1.83	17	7
2019-11-03	0	1.31	17	8
2019-11-04	0	2.58	23	8
2019-11-05	0	2.68	21	8
2019-11-06	0	3.1	21	8
2019-11-07	0	3.02	23	8
2019-11-08	0	2.99	20	9
2019-11-09	0.01	3.32	21	10
2019-11-10	0	3.59	23	6
2019-11-11	0	4.4	25	8
2019-11-12	0	3.29	19	10
2019-11-13	0	3.85	18	7
2019-11-14	0	2.02	22	9
2019-11-15	0	3.26	16	7
2019-11-16	0	2.59	21	5
2019-11-17	0	4	22	8
2019-11-18	0	3.2	23	6
2019-11-19	0	3.26	23	8
2019-11-20	0	3.63	24	9
2019-11-21	0	3.43	23	9
2019-11-22	0	3.98	24	7
2019-11-23	0	3.51	24	7
2019-11-24	0	2.4	24	6
2019-11-25	0	3.14	25	6
2019-11-26	0	3.62	25	9.5
2019-11-27	0	3.81	24	9
2019-11-28	0	3.79	26	6
2019-11-29	0	2.07	25	6
2019-11-30	0	3.9	25	9
2019-12-01	0	3.84	23	6
2019-12-02	0	2.29	20	5
2019-12-03	0	4.05	22	6
2019-12-04	0	3.86	22	6
2019-12-05	0	4.11	23	4
2019-12-06	0	3.08	22	4
2019-12-07	0	2.26	20	1
2019-12-08	0	3.45	22	4
2019-12-09	0	3.51	25	5
2019-12-10	0	2.75	24	7
2019-12-11	0	1.57	18	5
2019-12-12	0	3.07	21	5
2019-12-13	0	3.02	22	6
2019-12-14	0	3.37	23	5
2019-12-15	0	3.24	23	6
2019-12-16	0	2.77	23	7
2019-12-17	0	2.41	21	6
2019-12-18	0	0.68	10	0
2019-12-19	0	1.91	16	0.5
2019-12-20	0	1.8	18	3
2019-12-21	0.01	1.6	14	6
2019-12-22	0	0.93	14	4
2019-12-23	0	3.73	20	3
2019-12-24	0	1.64	18	4
2019-12-25	0	2.93	21	3
2019-12-26	0	2.37	22	6
2019-12-27	0	3.07	23	6
2019-12-28	0	3.16	23	8
2019-12-29	0	2.43	20	7
2019-12-30	0	2.54	23	7
2019-12-31	0	2.48	20	4
2020-01-01	0	4.03	25	5
2020-01-02	0	5.13	22	10
2020-01-03	0	3.77	21	8
2020-01-04	0	1.77	14	3
2020-01-05	0	2.3	19	-2
2020-01-06	0	3.8	21	0
2020-01-07	0	2.68	15	2
2020-01-08	0	3.25	21	1
2020-01-09	0	4.34	23	4
2020-01-10	0	3.14	24	6
2020-01-11	0	2.74	22	5
2020-01-12	0	3.91	23	3
2020-01-13	0	2.8	23	5
2020-01-14	0	1.88	26	5
2020-01-15	0	4.27	23	5
2020-01-16	0	2.57	19	4
2020-01-17	0	2.48	23	4
2020-01-18	0.01	1.89	21	8
2020-01-19	1	0.27	13	8
2020-01-20	0.01	0.15	21	7
2020-01-21	0	1.21	17	1
2020-01-22	0	2.13	21	4
2020-01-23	0.01	1.83	17	4
2020-01-24	0	2.05	18	8
2020-01-25	0	3.18	23	6
2020-01-26	0	3.11	22	6
2020-01-27	0	4.58	23	4
2020-01-28	0	3.72	24	6
2020-01-29	0	4.9	24	4
2020-01-30	0	5.36	24	4
2020-01-31	0	NULO	26	8
2020-02-01	0	2.71	26	6
2020-02-02	0	3.36	22	7
2020-02-03	0	4.93	20	7
2020-02-04	0	3.96	24	11
2020-02-05	3.5	NULO	17	12
2020-02-06	0	NULO	22	7
2020-02-07	0	4.99	26	7
2020-02-08	0	4.99	26	7
2020-02-09	0	4.15	27	7
2020-02-10	0	5.34	28	7
2020-02-11	0	4.44	28	7
2020-02-12	0	5.58	28	7
2020-02-13	0	3.15	19	7
2020-02-14	0	3.79	21	6
2020-02-15	0	5.43	24	5
2020-02-16	0	7.05	27	6
2020-02-17	0	8.26	29	7
2020-02-18	0	8.76	30	9
2020-02-19	0	4.94	24	6
2020-02-20	0	4.95	26	3
2020-02-21	0	4.62	21	6
2020-02-22	0	5.27	26	6
2020-02-23	0	5.65	28	9
2020-02-24	0	5.69	24	9
2020-02-25	0	6.83	29	8
2020-02-26	0	4.06	15	9
2020-02-27	0	4.52	22	0
2020-02-28	0	6.12	20	2
2020-02-29	0	NULO	27	3
2020-03-01	0	7.29	29	8
2020-03-02	0	5.67	28	10
2020-03-03	0	8.15	29	11
2020-03-04	0	6.94	30	10
2020-03-05	0	4.38	20	11
2020-03-06	0	3.03	13	6
2020-03-07	0	4.19	23	4
2020-03-08	0	4.68	24	4
2020-03-09	0	6.34	28	5
2020-03-10	0	3.98	25	10
2020-03-11	0	7.91	22	6
2020-03-12	0	8.44	30	6
2020-03-13	0	8.29	30	12
2020-03-14	0	7.2	30	8
2020-03-15	1.3	7.5	25	10
2020-03-16	0	4.51	30	10
2020-03-17	0	4.02	24	10
2020-03-18	0	6.32	29	9
2020-03-19	0	7.78	31	9
2020-03-20	0	7.8	17	11
2020-03-21	0	5.53	25	10
2020-03-22	0	8.09	27	8
2020-03-23	0	10.13	30	5
2020-03-24	0	10.56	33	16
2020-03-25	0	10.95	33	18
2020-03-26	0	10.8	33	11
2020-03-27	0	9.5	29	11
2020-03-28	0	4.76	28	16
2020-03-29	0	6.48	25	12
2020-03-30	0	7.72	31	10
2020-03-31	0	NULO	28	7
2020-04-01	0	6.85	29	9
2020-04-02	0.01	7.51	31	11
2020-04-03	6	3.6	29	11
2020-04-04	1.9	5.04	29	11
2020-04-05	0	5.82	28	11
2020-04-06	0.4	5.95	30	13
2020-04-07	0	6.52	14	12
2020-04-08	2.5	5.04	31	14
2020-04-09	0	7.03	30	11
2020-04-10	0	7.97	31	11
2020-04-11	0	9.83	33	12
2020-04-12	0	10.57	34	13
2020-04-13	0	8.88	31	13
2020-04-14	0	8.13	33	12
2020-04-15	0	7.14	32	11
2020-04-16	0.6	7.13	32	13
2020-04-17	1.2	6.56	30	13
2020-04-18	1.4	6.36	32	12
2020-04-19	0	9.09	32	12
2020-04-20	0	9.5	33	13
2020-04-21	0	7.26	32	14
2020-04-22	0.9	7.65	33	14
2020-04-23	0	9.05	32	12
2020-04-24	0	9.33	33	15
2020-04-25	2	4.19	29	14
2020-04-26	0	6.04	26	13
2020-04-27	0	8.71	28	8
2020-04-28	2	6.78	31	9
2020-04-29	0.01	8.3	31	13
2020-04-30	0	NULO	25	8
2020-05-01	0.01	6.27	28	8
2020-05-02	0	8.41	29	8
2020-05-03	0	10.08	31	7
2020-05-04	0	9.75	32	9
2020-05-05	0	7.9	30	10
2020-05-06	0	6.98	25	12
2020-05-07	3.2	3.65	25	11
2020-05-08	2.5	2.99	26	10
2020-05-09	3.5	2.36	25	12
2020-05-10	0	6	26	10
2020-05-11	2.3	3.58	26	11
2020-05-12	0	7.74	28	12
2020-05-13	0	7.42	29	12
2020-05-14	0	8.18	31	13
2020-05-15	0	8.05	32	15
2020-05-16	0	8.15	32	12
2020-05-17	0	7.66	30	14
2020-05-18	0	8.23	29	11
2020-05-19	0	9.99	31	15
2020-05-20	0	8.34	33	15
2020-05-21	0	10.03	33	11
2020-05-22	0	9.64	32	14
2020-05-23	0.01	8.53	32	12
2020-05-24	0	9.07	33	13
2020-05-25	0	10.01	33	13
2020-05-26	0	7.68	30	13
2020-05-27	0	6.42	28	14
2020-05-28	4.6	2.9	28	14
2020-05-29	0	3.3	21	10
2020-05-30	0	3.48	19	10
2020-05-31	0	NULO	24	7
2020-06-01	0	6.07	25	10
2020-06-02	0.01	6.26	25	13
2020-06-03	0	5.56	24	13
2020-06-04	0	7.58	26	3
2020-06-05	0	7.76	26	13
2020-06-06	0	6.5	28	10
2020-06-07	0.01	7	31	13
2020-06-08	0	8.32	33	14
2020-06-09	0	8.09	33	13
2020-06-10	0	8.28	27	13
2020-06-11	7	NULO	21	15
2020-06-12	0.01	NULO	20	11
2020-06-13	0	6.48	21	5
2020-06-14	0	6.55	24	6
2020-06-15	0	7.02	25	6
2020-06-16	0	7.01	27	6
2020-06-17	0	7.12	28	6
2020-06-18	0	7.15	28	10
2020-06-19	0	7.03	27	10
2020-06-20	0	7.27	28	11
2020-06-21	0	4.88	27	12
2020-06-22	0	4.02	28	12
2020-06-23	13.1	NULO	29	14
2020-06-24	11.6	NULO	27	11
2020-06-25	8.3	NULO	26	13
2020-06-26	0	3.77	23	13
2020-06-27	0	5.77	21	11
2020-06-28	0	5.82	22	12
2020-06-29	0	5.55	26	12
2020-06-30	0	NULO	27	14
2020-07-01	0.01	5.15	26	15
2020-07-02	0	5.93	25	10
2020-07-03	0	6.36	26	9
2020-07-04	0	6.23	26	9
2020-07-05	0.01	2.26	27	12
2020-07-06	0.01	4.52	26	12
2020-07-07	2.6	3.33	28	13
2020-07-08	2.4	2.52	26	13
2020-07-09	5	1.18	25	13
2020-07-10	0	6.16	25	9
2020-07-11	0	4.86	25	9
2020-07-12	0	7.52	27	11
2020-07-13	0	7.28	26	11
2020-07-14	0	6.78	28	11
2020-07-15	4	7.59	27	11
2020-07-16	0	6.98	27	8
2020-07-17	1.1	2.87	27	12
2020-07-18	0	6.64	25	11
2020-07-19	0	5.1	27	11
2020-07-20	0.01	5.23	28	11
2020-07-21	0	7.6	28	9
2020-07-22	0	3.86	27	9
2020-07-23	0	5.43	26	11
2020-07-24	0	7.47	28	10
2020-07-25	0	5.11	27	9
2020-07-26	2.5	0.67	25	13
2020-07-27	0.01	4.61	27	14
2020-07-28	20	0.43	26	14
2020-07-29	2.2	0.41	26	14
2020-07-30	0.01	4.83	23	12
2020-07-31	2.6	NULO	23	11
2020-08-01	0.01	1.9	21	12
2020-08-02	0	4.73	23	14
2020-08-03	4.5	0.59	23	12
2020-08-04	0.01	2.89	18	12
2020-08-05	0	5.43	24	12
2020-08-06	0	6.89	24	11
2020-08-07	0.01	4.85	23	11
2020-08-08	2.7	2.22	23	13
2020-08-09	1.1	1.86	23	12
2020-08-10	0	6.02	24	12
2020-08-11	0	5.04	26	12
2020-08-12	0	5.64	26	12
2020-08-13	0	6.06	26	12
2020-08-14	0.01	5.34	24	11
2020-08-15	2.5	3.36	24	8
2020-08-16	0	4.82	24	10
2020-08-17	0	5.85	23	9
2020-08-18	0	NULO	24	10
2020-08-19	0.01	NULO	23	10
2020-08-20	0	6.54	25	12
2020-08-21	0	6.1	12	10
2020-08-22	0	4.73	26	9
2020-08-23	0	6.64	24	8
2020-08-24	4.5	2.24	21	9
2020-08-25	1	NULO	27	12
2020-08-26	0	NULO	23	12
2020-08-27	0.7	1.98	23	13
2020-08-28	0.01	3.68	25	13
2020-08-29	4	0.23	23	12
2020-08-30	3	2.37	26	12
2020-08-31	0.4	NULO	26	13
2020-09-01	0	4.3	26	12
2020-09-02	0	6.3	26	12
2020-09-03	0	5.85	25	9
2020-09-04	1	2.22	25	11
2020-09-05	1.3	0.92	21	12
2020-09-06	0.01	8.19	20	12
2020-09-07	0	3.25	23	14
2020-09-08	0	5.28	26	13
2020-09-09	1.1	1.94	26	15
2020-09-10	1.8	1.66	22	14
2020-09-11	0	2.09	19	14
2020-09-12	0.5	3.85	22	11
2020-09-13	0.01	9.96	22	11
2020-09-14	2.4	NULO	18	9
2020-09-15	0.01	NULO	21	11
2020-09-16	3	NULO	19	11
2020-09-17	3.3	NULO	20	11
2020-09-18	0	0.61	16	13
2020-09-19	0.01	NULO	16	11
2020-09-20	0	NULO	20	9
2020-09-21	0	4.2	19	9
2020-09-22	0	5.03	19	9
2020-09-23	0	4.75	26	7
2020-09-24	3.5	1.09	22	8
2020-09-25	0.8	1.01	19	13
2020-09-26	1.1	1.78	21	9
2020-09-27	0	5.23	24	9
2020-09-28	6.7	2.93	24	9
2020-09-29	1.5	NULO	9	8
2020-09-30	0	NULO	19	3
2020-10-01	0	4.79	9	5
2020-10-02	0	3.59	18	3
2020-10-03	0	5.6	21	6
2020-10-04	0	4.03	19	7
2020-10-05	0	4.13	19	1
2020-10-06	0	4.58	20	1
2020-10-07	0	4.86	22	1
2020-10-08	0	4.16	24	2
2020-10-09	0	5.15	25	6
2020-10-10	0	6.68	26	7
2020-10-11	0	4.79	26	8
2020-10-12	5.2	NULO	24	11
2020-10-13	0	NULO	21	11
2020-10-14	0	3.1	22	9
2020-10-15	0	5.04	24	9
2020-10-16	1.9	NULO	17	8
2020-10-17	0	NULO	19	5
2020-10-18	0	3.33	23	7
2020-10-19	0	3.97	23	7
2020-10-20	0	3.62	22	6
2020-10-21	0	4.95	23	7
2020-10-22	0	3.71	25	6
2020-10-23	0	2.73	29	7
2020-10-24	0	6.77	22	6
2020-10-25	0	5.19	24	3
2020-10-26	0	5.02	23	6
2020-10-27	0	5.67	21	7
2020-10-28	0	4.53	27	8
2020-10-29	0	3.67	22	13
2020-10-30	0	3.17	19	9
2020-10-31	0	NULO	25	7
2020-11-01	0	3.95	20	7
2020-11-02	0	3.16	14	7
2020-11-03	0	1.84	18	7
2020-11-04	0	2.79	20	9
2020-11-05	0	3.06	20	9
2020-11-06	0	1.61	20	2
2020-11-07	0	4.3	18	6
2020-11-08	0	4.53	25	7
2020-11-09	0	5.1	25	8
2020-11-10	0	5.39	26	7
2020-11-11	0	4.4	27	12
2020-11-12	0	5.35	26	9
2020-11-13	0	4.25	26	5
2020-11-14	0	4.66	26	9
2020-11-15	1.5	2.85	23	8
2020-11-16	0.4	2.19	17	5
2020-11-17	4.2	NULO	14	7
2020-11-18	0.01	0.01	12	4
2020-11-19	0	1.94	17	4
2020-11-20	0	1.03	17	6
2020-11-21	0.01	0.42	11	8
2020-11-22	0	2.46	7	4
2020-11-23	0	3.18	19	4
2020-11-24	0	3.53	23	5
2020-11-25	0	4.29	25	7
2020-11-26	0	4.95	26	8
2020-11-27	0	5.13	26	7
2020-11-28	0	5.64	26	9
2020-11-29	0	2.4	26	8
2020-11-30	0	NULO	17	8
2020-12-01	0	2.7	21	8
2020-12-02	0	3.05	23	9
2020-12-03	0	2.88	22	7
2020-12-04	0	2.7	22	8
2020-12-05	1	2.52	19	9
2020-12-06	3.2	NULO	22	9
2020-12-07	0	NULO	16	7
2020-12-08	0	1.01	18	4
2020-12-09	0	2.75	20	4
2020-12-10	0	3.29	24	5
2020-12-11	0	2.48	24	8
2020-12-12	0	2.3	24	9
2020-12-13	0	3.36	25	9
2020-12-14	0	2.36	24	9
2020-12-15	0	3.11	24	9
2020-12-16	0	1.26	21	6
2020-12-17	0	3.28	21	7
2020-12-18	0	2.8	18	8
2020-12-19	0	2.46	23	7
2020-12-20	0	2.59	19	4
2020-12-21	0	1.76	21	6
2020-12-22	0	2.8	23	7
2020-12-23	0	3.53	24	8
2020-12-24	0	1.97	19	4
2020-12-25	0	1.55	20	2
2020-12-26	0	3.45	21	4
2020-12-27	0	3.09	20	3
2020-12-28	0	3.3	21	1
2020-12-29	0	3.19	22	1
2020-12-30	0	3.72	21	2
2020-12-31	0	NULO	23	6
2021-01-01	0	3.71	24	2
2021-01-02	0	3.7	23	3
2021-01-03	0	3.74	23	4
2021-01-04	0	3.26	24	3
2021-01-05	0	2.9	21	7
2021-01-06	0	2.87	22	5
2021-01-07	0	2.29	18	5
2021-01-08	0	3.49	20	5
2021-01-09	0.01	1.55	21	6
2021-01-10	0	2.78	19	4
2021-01-11	0.01	2.4	19	6
2021-01-12	0	2.94	21	5
2021-01-13	0	3.39	20	3
2021-01-14	0	3.3	21	3
2021-01-15	0	3.24	20	6
2021-01-16	0.01	2.81	27	4
2021-01-17	0	3.08	19	7
2021-01-18	0	3.82	22	5
2021-01-19	0	3.56	22	7
2021-01-20	4	0.26	20	5
2021-01-21	0	3.7	24	6
2021-01-22	0	4	25	6
2021-01-23	0	4.04	25	8
2021-01-24	0	5.29	23	10
2021-01-25	0	2.72	25	6
2021-01-26	0	4.27	27	8
2021-01-27	0	3.7	21	7
2021-01-28	0	2.83	17	4
2021-01-29	0	3	22	4
2021-01-30	0	4.21	24	3
2021-01-31	0.8	NULO	22	4
2021-02-01	0.01	1.26	14	4
2021-02-02	0	3.36	20	-1
2021-02-03	0	5.95	24	1
2021-02-04	0	5.52	26	6
2021-02-05	0	5.62	27	7
2021-02-06	0	6.5	27	8
2021-02-07	0	4.89	26	6
2021-02-08	0	5.92	26	6
2021-02-09	0	5.64	25	7
2021-02-10	0	5.17	23	7
2021-02-11	0	7.13	23	9
2021-02-12	0	5.85	20	6
2021-02-13	0	7.51	23	3
2021-02-14	0	7.35	21	4
2021-02-15	0	8.51	26	4
2021-02-16	0	10.91	26	5
2021-02-17	0	10.64	26	7
2021-02-18	0	8.14	27	6
2021-02-19	0	4.19	20	1
2021-02-20	0	7.89	24	1
2021-02-21	0	8.17	26	5
2021-02-22	0	5.49	21	5
2021-02-23	0	6.34	23	3
2021-02-24	0	6.08	21	5
2021-02-25	0	7.05	26	3
2021-02-26	0	8.27	28	8
2021-02-27	0	12.2	28	8
2021-02-28	0	NULO	29	8
2021-03-01	0	8.36	29	8
2021-03-02	0	7.21	26	11
2021-03-03	0	7.35	28	8
2021-03-04	0	10.52	28	9
2021-03-05	0	10.73	29	9
2021-03-06	0	10.75	20	7
2021-03-07	0	2.57	26	4
2021-03-08	0	10.16	23	5
2021-03-09	0	7.69	25	1
2021-03-10	0	5.65	27	4
2021-03-11	0	5.05	28	7
2021-03-12	0	5.33	28	7
2021-03-13	0	4.42	29	6
2021-03-14	0.01	3.88	29	6
2021-03-15	0.01	4.12	30	10
2021-03-16	1	3.37	29	9
2021-03-17	0	4.28	28	7
2021-03-18	0	3.58	21	8
2021-03-19	0	3.25	18	4
2021-03-20	0	2.73	23	3
2021-03-21	0	4.57	26	6
2021-03-22	0	5.86	29	9
2021-03-23	0	5.87	29	10
2021-03-24	0	5.29	30	7
2021-03-25	0	4.41	30	5
2021-03-26	0	5.93	29	7
2021-03-27	0	5.4	30	9
2021-03-28	0	4.82	27	10
2021-03-29	0	4.31	22	9
2021-03-30	0	5.35	22	9
2021-03-31	0	NULO	27	9
2021-04-01	0.01	7	27	8
2021-04-02	0	5.96	18	6
2021-04-03	0	3.76	23	2
2021-04-04	0	3.83	22	0
2021-04-05	NULO	NULO	NULO	NULO
2021-06-28	6	9.3	NULO	NULO
2021-06-29	7	0.4	19	10
2021-06-30	2.6	NULO	21	12
2021-07-01	0.01	2.96	22	11
2021-07-02	0	1.94	22	11
2021-07-03	2.5	1.81	21	9
2021-07-04	6.5	0.92	24	9
2021-07-05	0.01	5.29	25	9
2021-07-06	0	6.08	25	9
2021-07-07	10	5.22	22	9
2021-07-08	0.01	NULO	23	11
2021-07-09	0	NULO	31	12
2021-07-10	0	2.8	26	11
2021-07-11	0	2.79	22	10
2021-07-12	0	5.64	22	13
2021-07-13	0	5.6	23	9
2021-07-14	0	5.47	22	7
2021-07-15	0.5	NULO	21	6
2021-07-16	0	NULO	24	11
2021-07-17	0	5.61	22	10
2021-07-18	0	6.65	23	11
2021-07-19	0.01	4.82	23	9
2021-07-20	0	4.2	24	10
2021-07-21	0.01	2.93	25	9
2021-07-22	0	5.31	23	9
2021-07-23	0	4.85	23	7
2021-07-24	0	4.66	25	7
2021-07-25	0	5.22	25	8
2021-07-26	0	7.16	24	7
2021-07-27	0	6.41	23	6
2021-07-28	0	4.22	22	8
2021-07-29	3	6.29	24	9
2021-07-30	0	6.39	21	13
2021-07-31	6	NULO	24	6
2021-08-01	0	5.45	24	8
2021-08-02	2	2.49	24	11
2021-08-03	6	NULO	24	12
2021-08-04	3.7	NULO	23	12
2021-08-05	0	2.82	23	11
2021-08-06	2.5	3.62	23	9
2021-08-07	0.01	5.37	22	9
2021-08-08	0	2.5	21	10
2021-08-09	0	8.36	24	9
2021-08-10	0	5.42	23	9
2021-08-11	0	5.14	23	8
2021-08-12	0	5.5	23	8
2021-08-13	0	2.8	25	8
2021-08-14	0	5.43	24	7
2021-08-15	0.01	6.16	24	10
2021-08-16	0	3.59	24	9
2021-08-17	0.01	4.43	24	8
2021-08-18	0	2.8	25	9
2021-08-19	0	7.25	25	10
2021-08-20	50	NULO	22	9
2021-08-21	22	NULO	21	8
2021-08-22	0.01	NULO	23	8
2021-08-23	0	5	21	7
2021-08-24	0	NULO	19	11
2021-08-25	0.01	NULO	20	9
2021-08-26	0	6	20	8
2021-08-27	0	3	20	7
2021-08-28	0.01	1.01	22	7
2021-08-29	11.6	NULO	19	12
2021-08-30	1.3	NULO	21	12
2021-08-31	1.1	NULO	23	12.5
2021-09-01	23.8	4.3	21	12
2021-09-02	3	0.26	24	12
2021-09-03	1.8	1.44	20	12
2021-09-04	0.01	4.21	20	9
2021-09-05	2.5	1.02	22	11
2021-09-06	25	NULO	22	11
2021-09-07	1.5	0.65	19	11
2021-09-08	0	4.18	21	10
2021-09-09	0	3.77	21	9
2021-09-10	0	3.61	19	9
2021-09-11	1	2.79	19	10
2021-09-12	0.01	0.03	15	10
2021-09-13	1	2.28	20	11
2021-09-14	0	2.62	24	11
2021-09-15	0	4.14	24	11
2021-09-16	0	3.18	24	11
2021-09-17	9	NULO	22	11
2021-09-18	1	NULO	22	11
2021-09-19	29	NULO	22	11
2021-09-20	0.01	3.51	23	9
2021-09-21	0	3.95	23	9
2021-09-22	0	4.05	20	9
2021-09-23	0	2.31	19	8
2021-09-24	0	3.07	22	8
2021-09-25	0	4.89	22	8
2021-09-26	0	2.93	23	8
2021-09-27	10	NULO	24	10
2021-09-28	0.01	NULO	24	10
2021-09-29	1	2.14	24	10
2021-09-30	37.5	NULO	24	11
2021-10-01	3.8	0.8	24	11
2021-10-02	0.01	2.56	22	10
2021-10-03	0.01	4.21	22	12
2021-10-04	0.01	3.16	22	11
2021-10-05	1	0.69	17	11
2021-10-06	0	1.71	18	10
2021-10-07	0	3.45	20	14
2021-10-08	0	3.01	21	5
2021-10-09	0	3.87	22	6
2021-10-10	0	5.02	25	8
2021-10-11	0	4.8	26	11
2021-10-12	0	3.84	26	10
2021-10-13	0	0.91	27	9
2021-10-14	0	4.14	24	10
2021-10-15	0	3.77	24	7
2021-10-16	5.5	NULO	24	6
2021-10-17	0.01	NULO	24	7
2021-10-18	0	3.4	24	5
2021-10-19	0	2.45	24	5
2021-10-20	0	3.31	25	5
2021-10-21	0.01	1.23	20	10
2021-10-22	0	1.24	17	10
2021-10-23	0	1.39	23	6
2021-10-24	0	4.44	22	8
2021-10-25	0	2.26	22	10
2021-10-26	5.5	NULO	28	11
2021-10-27	0	NULO	24	9
2021-10-28	0	1.43	22	10
2021-10-29	0	NULO	18	10
2021-10-30	0	5	21	4
2021-10-31	0	NULO	22	3
2021-11-01	0	5.48	21	3
2021-11-02	0	1.13	20	3
2021-11-03	0	6.12	22	3
2021-11-04	0	0.15	18	4
2021-11-05	0	2.04	20	3
2021-11-06	0	4.41	20	3
2021-11-07	0	1.07	20	3
2021-11-08	0	3.78	19	5
2021-11-09	0	0.85	19	3
2021-11-10	0	3.6	18	4
2021-11-11	0	3.15	19	6
2021-11-12	0	1.82	23	3
2021-11-13	0	1.98	15	3
2021-11-14	0	2.06	22	3
2021-11-15	0	2.32	25	0
2021-11-16	0	3.82	19	1
2021-11-17	0	3.08	18	4
2021-11-18	0.01	1.18	20	6
2021-11-19	0	0.71	20	8
2021-11-20	0	1.29	22	3
2021-11-21	0	3.53	21	5
2021-11-22	0	0.46	23	7
2021-11-23	0	0.71	23	8
2021-11-24	2.5	3.15	20	5
2021-11-25	0	1.8	20	6
2021-11-26	0	1	20	6
2021-11-27	0	2.48	21	5
2021-11-28	0	0.6	20	6
2021-11-29	0	1.79	22	5
2021-11-30	0	NULO	19	4
2021-12-01	0	6.31	19	5
2021-12-02	0	1.68	20	3
2021-12-03	0	0.66	20	0
2021-12-04	0	3.1	21	2
2021-12-05	0	3.56	18	3
2021-12-06	0	3.24	18	7
2021-12-07	0	NULO	22	5
2021-12-08	0	NULO	22	8
2021-12-09	0	3.59	22	6
2021-12-10	0	3.12	22	6
2021-12-11	0	2.51	18	4
2021-12-12	0	1.42	20	6
2021-12-13	0	2.38	19	3
2021-12-14	0	1.9	20	3
2021-12-15	0	1.82	19	4
2021-12-16	0	1.98	18	4
2021-12-17	0	1.75	18	5
2021-12-18	0.5	2.1	21	7
2021-12-19	0	0.89	19	6
2021-12-20	0	2.71	20	6
2021-12-21	0	1.39	20	3
2021-12-22	0	2.76	20	3
2021-12-23	0	3.25	18	4
2021-12-24	0	4.2	21	5
2021-12-25	0	2.8	24	3
2021-12-26	0	5.13	25	2
2021-12-27	0	4.01	24	5
2021-12-28	0	1.96	24	6
2021-12-29	0	2.47	24	7
2021-12-30	0	2.43	23	6
2021-12-31	0	NULO	24	6
2022-01-01	0	0.17	24	6
2022-01-02	0	3.45	21	5
2022-01-03	0	0.96	19	3
2022-01-04	0	2.9	22	3
2022-01-05	0	4.04	24	6
2022-01-06	0	2.15	24	8
2022-01-07	0	1.96	22	6
2022-01-08	0	4.16	22	6
2022-01-09	0	2	22	6
2022-01-10	0	1.28	15	6
2022-01-11	0	1.92	17	5
2022-01-12	0	2.57	19	3
2022-01-13	0	1.41	20	4
2022-01-14	0	2.52	20	3
2022-01-15	0	2.75	20	3
2022-01-16	0	1.95	19	3
2022-01-17	0	3.5	20	4
2022-01-18	0	1.68	19	4
2022-01-19	0	3.97	18	5
2022-01-20	0	2.8	18	6
2022-01-21	0	2.18	24	7
2022-01-22	0	2.54	19	6
2022-01-23	0	1.3	20	2
2022-01-24	0	4.11	22	6
2022-01-25	0	3.9	18	6
2022-01-26	0	3.21	22	5
2022-01-27	0	2.96	21	5
2022-01-28	0	3.22	20	6
2022-01-29	0	1.36	17	2
2022-01-30	0	0.88	21	3
2022-01-31	0	NULO	21	4
2022-02-01	0	7.15	22	3
2022-02-02	0	3.98	24	6
2022-02-03	0	1.53	25	7
2022-02-04	0	5.37	22	6
2022-02-05	0	3.64	20	0
2022-02-06	0	3.18	21	2
2022-02-07	0	0.53	19	6
2022-02-08	0	2.07	16	3
2022-02-09	0	3.35	19	4
2022-02-10	0	3.2	21	4
2022-02-11	0	3.45	22	2
2022-02-12	0	3.23	19	3
2022-02-13	0	0.8	15	4
2022-02-14	0.01	1.61	21	2
2022-02-15	0	3.94	21	4
2022-02-16	0	4.06	25	6
2022-02-17	0	5.36	25	6
2022-02-18	0	6.09	22	6
2022-02-19	0	1.26	23	4
2022-02-20	0	4.01	26	4
2022-02-21	0	6.73	30	4
2022-02-22	0	6.36	27	7
2022-02-23	0	7.85	27	8
2022-02-24	0	4.57	27	6
2022-02-25	0	3.89	21	6
2022-02-26	0	5.21	25	6
2022-02-27	0	4.95	23	8
2022-02-28	0	NULO	28	0
2022-03-01	0	6.58	24	1
2022-03-02	0	7.93	27	4
2022-03-03	0	6.06	26	5
2022-03-04	0	6.41	26	6
2022-03-05	0	6.18	28	9
2022-03-06	0	6.61	28	9
2022-03-07	0	6.34	27	9
2022-03-08	0	5.67	27	9
2022-03-09	0	7.53	28	8
2022-03-10	0	7.5	28	8
2022-03-11	0	9.08	29	9
2022-03-12	0	5.3	17	6
2022-03-13	0	6.66	27	3
2022-03-14	0	6.22	28	8
2022-03-15	0	5.83	19	8
2022-03-16	1.7	4.73	26	7
2022-03-17	0	6.38	26	9
2022-03-18	0	5.8	28	9
2022-03-19	0	4.99	25	6
2022-03-20	0.01	6.51	21	8
2022-03-21	0	6.86	28	11
2022-03-22	0	5.89	26	9
2022-03-23	0	6.48	27	5
2022-03-24	0	6.4	24	3
2022-03-25	0	6.7	22	-2
2022-03-26	0	7.7	23	1.5
2022-03-27	0	9.14	27	2.5
2022-03-28	0	8.34	28	7
2022-03-29	0	7.61	30	10
2022-03-30	0	9.17	31	11
2022-03-31	0	NULO	31	8
2022-04-01	0.06	9.82	31	8
2022-04-02	0	8.06	30	11
2022-04-03	0	8.49	29	7
2022-04-04	0	8.45	31	10
2022-04-05	0	5.43	31	8
2022-04-06	0	12.75	31	7
2022-04-07	0.01	23.31	21	8
2022-04-08	0	5.29	23	5
2022-04-09	0	6.88	25	5
2022-04-10	1.7	3.39	29	7
2022-04-11	4.9	3.85	27	9
2022-04-12	0	9.74	27	10
2022-04-13	0	6.56	28	9
2022-04-14	0	6.63	28	10
2022-04-15	0	7.98	29	12
2022-04-16	0	8.52	31	11
2022-04-17	0	12.5	33	11
2022-04-18	0	6.64	28	10
2022-04-19	0	7.25	27	11
2022-04-20	6.35	12.3	30	10
2022-04-21	7.9	11.26	29	11
2022-04-22	0	6.55	29	8
2022-04-23	0	6.41	28	8
2022-04-24	0	6.81	29	10
2022-04-25	0	6.62	29	10
2022-04-26	0	5.85	21	9
2022-04-27	0	6.59	23	8
2022-04-28	0	7.58	27	8
2022-04-29	0	7.96	28	9
2022-04-30	0	7.18	30	10
2022-05-01	0	7.39	21	12
2022-05-02	0	9.76	30	12
2022-05-03	0	10.1	31	12
2022-05-04	0	9.71	30	12
2022-05-05	0	9.4	32	12
2022-05-06	0	9.03	29	12
2022-05-07	0	10.16	33	6
2022-05-08	0	8.72	32	14
2022-05-09	0	NULO	33	12
2022-05-10	0	9.35	29	12
2022-05-11	0	6.88	24	9
2022-05-12	0	9.13	26	6
2022-05-13	0	8.26	29	7
2022-05-14	0	9.64	29	5
2022-05-15	0	8.24	27	6
2022-05-16	0	9.37	28	6
2022-05-17	0	8	28	6
2022-05-18	0	9.39	30	7
2022-05-19	0	10.26	32	7
2022-05-20	0	7.63	32	12
2022-05-21	0	12.34	33	11
2022-05-22	3	1.93	30	3
2022-05-23	0.6	6	28	11
2022-05-24	0.01	4.08	28	11
2022-05-25	0	7.01	29	10
2022-05-26	0	8.08	27	11
2022-05-27	0	9.49	27	8
2022-05-28	0	5.11	26	11
2022-05-29	0	7.04	28	8
2022-05-30	0	10.44	29	10
2022-05-31	0	1.82	26	10
2022-06-01	0	7.13	26	11
2022-06-02	0	6.08	24	10
2022-06-03	0	8.28	26	9
2022-06-04	0	8.68	27	9
2022-06-05	0	8.97	28	9
2022-06-06	0	9.45	30	9
2022-06-07	0	9.03	29	6
2022-06-08	0	7.51	28	10
2022-06-09	0	6.98	25	12
2022-06-10	0	6.6	27	9
2022-06-11	0	8.05	28	10
2022-06-12	0.3	3.13	26	9
2022-06-13	0	5.59	25	9
2022-06-14	0	4.42	24	10
2022-06-15	0	7.47	23	12
2022-06-16	0	7.18	25	9
2022-06-17	0	6.32	23	8
2022-06-18	0	6.36	23	8
2022-06-19	0	6.43	23	10
2022-06-20	1.3	4.41	21	6
2022-06-21	8.2	NULO	20	10
2022-06-22	0.01	3.29	20	10
2022-06-23	0	5.2	22	8
2022-06-24	0	5.29	25	8
2022-06-25	0.01	3.99	25	9
2022-06-26	0	5.67	19	9
2022-06-27	0.01	6.5	24	10
2022-06-28	0	6.29	24	12
2022-06-29	0	7	25	8
2022-06-30	0	8.54	21	7
2022-07-01	1.5	3.53	28	9
2022-07-02	0	5.14	27	13
2022-07-03	0	9	26	10
2022-07-04	0	6.05	27	10
2022-07-05	0	5.97	26	7
2022-07-06	0	7.6	25	8
2022-07-07	0	2.99	24	9
2022-07-08	0	7.75	27	9
2022-07-09	0	6.37	24	11
2022-07-10	0	7.57	27	8
2022-07-11	0	5.21	28	10
2022-07-12	0	7.23	28	9
2022-07-13	0.01	4.42	25	9
2022-07-14	0	6.04	23	11
2022-07-15	0.3	3.13	22	10
2022-07-16	0	4.8	23	11
2022-07-17	0	7.81	25	9
2022-07-18	0	3.15	28	10
2022-07-19	0	7.32	28	9
2022-07-20	0	9.11	28	11
2022-07-21	0	8.57	29	8
2022-07-22	0	6.9	27	9
2022-07-23	0.3	3.84	24	9
2022-07-24	0	6.73	24	9
2022-07-25	0	4.18	25	10
2022-07-26	0.3	NULO	24	13
2022-07-27	4.3	NULO	23	9
2022-07-28	3.7	NULO	21	8
2022-07-29	0	NULO	21	10
2022-07-30	0	NULO	24	9
2022-07-31	8	NULO	23	7
2022-08-01	0	NULO	24	8
2022-08-02	2.8	NULO	25	7
2022-08-03	0	NULO	22	7
2022-08-04	0	NULO	25	8
2022-08-05	0	NULO	24	8
2022-08-06	0	NULO	23	8
2022-08-07	0	NULO	24	9
2022-08-08	0	NULO	22	8
2022-08-09	5.6	NULO	22	8
2022-08-10	0	NULO	19	7
2022-08-11	0	NULO	20	9
2022-08-12	0	NULO	23	9
2022-08-13	0	NULO	24	9
2022-08-14	0	NULO	23	10
2022-08-15	10.9	NULO	24	11
2022-08-16	2.2	NULO	22	12
2022-08-17	1	NULO	23	10
2022-08-18	0	NULO	23	8
2022-08-19	0	NULO	23	9
2022-08-20	14.9	NULO	24	10
2022-08-21	0	NULO	25	11
2022-08-22	2	NULO	24	9
2022-08-23	1.2	NULO	26	9
2022-08-24	0	NULO	23	11
2022-08-25	0	NULO	24	9
2022-08-26	0.5	NULO	22	8
2022-08-27	0	NULO	25	9
2022-08-28	0	NULO	26	10
2022-08-29	13.6	NULO	22	10
2022-08-30	1.5	NULO	25	10
2022-08-31	0	NULO	23	11
2022-09-01	0	NULO	23	9
2022-09-02	2.1	NULO	19	9
2022-09-03	1.7	NULO	19	11
2022-09-04	0	NULO	21	9
2022-09-05	29.3	NULO	18	10
2022-09-06	4.8	NULO	18	12
2022-09-07	7.4	NULO	22	12
2022-09-08	0.01	NULO	18	11
2022-09-09	0	NULO	22	6
2022-09-10	0	NULO	23	7
2022-09-11	0	NULO	21	8
2022-09-12	0	NULO	19	9
2022-09-13	0	NULO	21	10
2022-09-14	0.01	NULO	21	8
2022-09-15	0	NULO	20	11
2022-09-16	0.01	NULO	18	11
2022-09-17	0	NULO	22	9
2022-09-18	0.3	NULO	23	9
2022-09-19	0	NULO	23	11
2022-09-20	0	NULO	22	10
2022-09-21	0	NULO	20	7
2022-09-22	0	NULO	21	8
2022-09-23	0	NULO	29	10
2022-09-24	0	NULO	22	10
2022-09-25	0	NULO	22	9
2022-09-26	0.4	NULO	17	9
2022-09-27	2.6	NULO	16	8
2022-09-28	0.6	NULO	16	9
2022-09-29	0	NULO	14	6
2022-09-30	0	NULO	18	6
2022-10-01	0	NULO	20	9
2022-10-02	0	NULO	21	4
2022-10-03	0	NULO	20	4
2022-10-04	0	NULO	21	5
2022-10-05	0.01	NULO	20	7
2022-10-06	0	NULO	19	9
2022-10-07	0	19	20	8
2022-10-08	1.4	13.4	15	8
2022-10-09	2.9	7.9	14	9
2022-10-10	0.01	8.01	16	9
2022-10-11	0.01	6.01	19	9
2022-10-12	0	23	22	9
2022-10-13	0	4	21	5
2022-10-14	0	4	21	6
2022-10-15	0	4	18	7
2022-10-16	0	3	25	7
2022-10-17	1	1	26	8
2022-10-18	0.01	2.01	18	11
2022-10-19	0	1	14	8
2022-10-20	0	1.14	20	4
2022-10-21	0	4.04	21	8
2022-10-22	0	4.73	25	7
2022-10-23	0	3.86	27	9
2022-10-24	0	1.85	27	11
2022-10-25	0	3.78	24	9
2022-10-26	0	3.66	26	9
2022-10-27	0	5.24	26	11
2022-10-28	0	2.39	27	11
2022-10-29	0	2.39	26	8
2022-10-30	0	4.83	27	10
2022-10-31	0.01	5.22	24	10
2022-11-01	0	1.85	23	8
2022-11-02	0	2.73	21	6
2022-11-03	0	4.06	24	6
2022-11-04	0	2.85	25	8
2022-11-05	0	4.53	25	9
2022-11-06	0	5.67	25	9
2022-11-07	0	4.31	22	3
2022-11-08	0	2.62	20	4
2022-11-09	0	2.52	21	8
2022-11-10	0	4.76	23	6
2022-11-11	0	3.97	26	8
2022-11-12	0	3.26	23	8
2022-11-13	0	4.2	24	8
2022-11-14	0	2.8	26	10
2022-11-15	0	1.51	21	8
2022-11-16	0	3.73	22	7
2022-11-17	0	2.55	21	7
2022-11-18	0	2.52	22	7
2022-11-19	0	2.98	23	8
2022-11-20	0	1.92	16	7
2022-11-21	7.3	NULO	21	7
2022-11-22	0.01	1.48	20	9
2022-11-23	0.01	2.9	22	6
2022-11-24	0.6	2.26	22	8
2022-11-25	3.5	1.02	19	9
2022-11-26	0.01	2.08	23	9
2022-11-27	0	2.45	23	9
2022-11-28	0.4	2.25	22	8
2022-11-29	0	2.44	22	8
2022-11-30	0.01	3.18	21	7
2022-12-01	0	1.86	20	8
2022-12-02	0	2.25	21	5
2022-12-03	0.01	1.15	20	5
2022-12-04	0	2.03	20	1
2022-12-05	0	3.11	22	3
2022-12-06	0	3.54	23	6
2022-12-07	0	3.8	23	6
2022-12-08	0	0.38	21	-1
2022-12-09	0	1.37	20	3
2022-12-10	0	3.08	21	7
2022-12-11	0	4.43	22	7
2022-12-12	0	1.92	22	7
2022-12-13	0	2.58	22	6
2022-12-14	0	3.61	23	7
2022-12-15	0	2.56	22	6
2022-12-16	0	2.04	23	11
2022-12-17	0	2	22	8
2022-12-18	0	2	22	8
2022-12-19	0	1.96	22	7
2022-12-20	0	2.65	17	7
2022-12-21	0	1.6	22	9
2022-12-22	0	2.55	22	14
2022-12-23	0	0.87	17	8
2022-12-24	2.5	2.28	19	7
2022-12-25	0.01	0.21	26	7
2022-12-26	0	0.48	17	6
2022-12-27	0	2.1	18	2
2022-12-28	0	1.9	19	4
2022-12-29	0	2.32	20	3
2022-12-30	0	2.26	18	6
2022-12-31	0.01	NULO	22	10
2023-01-01	0	3.39	22	12
2023-01-02	0	2.1	22	7
2023-01-03	0	2.21	22	6
2023-01-04	0	3.1	21	6
2023-01-05	0	3	20	3
2023-01-06	0	2.62	20	5
2023-01-07	0	1.36	22	6
2023-01-08	0	2.52	21	3
2023-01-09	0	2.3	20	6
2023-01-10	0	2.5	10	4
2023-01-11	0	2.72	20	5
2023-01-12	0	2.44	20	6
2023-01-13	0	1.61	16	1
2023-01-14	0	5.45	19	-1
2023-01-15	0	2.78	21	-2
2023-01-16	0	1.8	18	2
2023-01-17	0	0.12	20	4
2023-01-18	0	1.8	23	6
2023-01-19	0	4.59	23	8
2023-01-20	0	3.31	25	5
2023-01-21	0	2.04	26	7
2023-01-22	0	3.41	18	7
2023-01-23	0	1.67	24	7
2023-01-24	0	3.62	25	7
2023-01-25	0	4.03	23	4
2023-01-26	0	1.69	14	1
2023-01-27	0	1.47	21	1
2023-01-28	0	3.64	23	2
2023-01-29	0	4.1	23	5
2023-01-30	0	3.35	24	6
2023-01-31	0	3.02	24	4
2023-02-01	0	3.46	23	2
2023-02-02	0	3.99	25	5
2023-02-03	0	0.62	12	4
2023-02-04	0	4.67	21	-1
2023-02-05	0	2.91	20	-1
2023-02-06	0	3.72	18	1
2023-02-07	0	5.36	25	4
2023-02-08	0	6.52	23	5
2023-02-09	0	2.96	23	7
2023-02-10	0	0.44	19	6
2023-02-11	0	3.3	19	2
2023-02-12	0	5.86	24	3
2023-02-13	0	4.99	28	3
2023-02-14	0	4.9	27	7
2023-02-15	0	6.09	26	7
2023-02-16	0	5.54	28	7
2023-02-17	0	3.96	17	6
2023-02-18	0	5.9	24	-1
2023-02-19	0	4.16	27	4
2023-02-20	0	5.8	26	6
2023-02-21	0	6.81	27	7
2023-02-22	0	5.55	26	7
2023-02-23	0	5.95	27	7
2023-02-24	0	5.83	26	6
2023-02-25	0	4.76	27	5
2023-02-26	0.3	5.05	27	7
2023-02-27	0	7.05	28	7
2023-02-28	0	6.65	30	6
2023-03-01	0	6.22	29	10
2023-03-02	0	5.68	31	8
2023-03-03	0	7.49	29	7
2023-03-04	0	7.07	29	7
2023-03-05	0	7.12	28	8
2023-03-06	0	9.35	28	7
2023-03-07	0	9	28	7
2023-03-08	0	8.61	27	4
2023-03-09	0	9.23	29	6
2023-03-10	0	6.19	27	6
2023-03-11	0	7.18	28	4
2023-03-12	5.7	2.63	28	9
2023-03-13	4.4	3.98	24	7
2023-03-14	0.9	3.31	24	7
2023-03-15	1.2	2.6	21	9
2023-03-16	0	4.83	23	7
2023-03-17	1.2	3.25	26	7
2023-03-18	1	4.23	24	11
2023-03-19	0	1.96	12	5
2023-03-20	0	5.56	24	4
2023-03-21	0	6.94	27	7
2023-03-22	0	8.32	29	10
2023-03-23	0	8.47	28	11
2023-03-24	0	6.12	29	9
2023-03-25	0	6.07	30	10
2023-03-26	0	8.8	30	9
2023-03-27	0	7.73	31	11
2023-03-28	0	5.94	25	11
2023-03-29	0	5.26	26	11
2023-03-30	0	6.84	27	9
2023-03-31	0	9.28	29	10
2023-04-01	0	6.35	28	8
2023-04-02	0	10.04	29	8
2023-04-03	0	8.1	32	11
2023-04-04	0	9.2	31	11
2023-04-05	0	6.61	32	11
2023-04-06	0	9.32	21	11
2023-04-07	0.01	1.75	27	9
2023-04-08	0	4.25	29	8
2023-04-09	0	6.99	26	9
2023-04-10	0	5.71	24	8
2023-04-11	0.01	3.69	22	9
2023-04-12	0	6.11	25	8
2023-04-13	0	6.29	26	9
2023-04-14	0	7.04	28	9
2023-04-15	0	7.99	27	7
2023-04-16	0	5.29	24	8
2023-04-17	0.6	6.2	26	9
2023-04-18	0	7.7	29	10
2023-04-19	0	9.33	30	11
2023-04-20	0	8.74	32	12
2023-04-21	0	10.65	31	11
2023-04-22	0.01	6.62	30	11
2023-04-23	0	7.6	30	11
2023-04-24	0	7.88	28	10
2023-04-25	0	10.99	28	13
2023-04-26	0	8.84	31	10
2023-04-27	0	5.69	29	11
2023-04-28	0	8.69	29	11
2023-04-29	0	9.58	25	8
2023-04-30	0	7.66	29	6
2023-05-01	0	8.68	31	9
2023-05-02	0	10.3	32	11
2023-05-03	0	8.55	31	11
2023-05-04	1.5	5.35	29	12
2023-05-05	0.01	6.54	29	10
2023-05-06	0.9	6.89	31	10
2023-05-07	10.9	2.22	31	11
2023-05-08	8	2.56	29	11
2023-05-09	1.04	6.61	27	10
2023-05-10	0	6.05	27	11
2023-05-11	0	8.52	30	11
2023-05-12	2	5.14	29	12
2023-05-13	6.2	1.2	26	11
2023-05-14	5.5	0.14	26	8
2023-05-15	0.01	6.76	24	8
2023-05-16	2.4	4.51	25	10
2023-05-17	0.5	4.48	26	9
2023-05-18	0	10.55	28	10
2023-05-19	0	5.39	26	11
2023-05-20	0	7.56	23	12
2023-05-21	0	6.52	26	11
2023-05-22	1.8	5.05	27	12
2023-05-23	21.08	2.58	28	12
2023-05-24	0	5.26	26	12
2023-05-25	0	7.92	28	11
2023-05-26	0	7.63	27	11
2023-05-27	0.01	6.74	26	9
2023-05-28	4.5	3.36	27	11
2023-05-29	0.01	4.38	23	10
2023-05-30	0	8.41	27	9
2023-05-31	0	6.25	28	11
2023-06-01	0	8.21	30	13
2023-06-02	0	10.06	31	13
2023-06-03	0	8.02	31	12
2023-06-04	0	9.31	29	14
2023-06-05	0	7.86	28	11
2023-06-06	0	5.75	28	11
2023-06-07	0	5.87	29	13
2023-06-08	0	7.42	29	14
2023-06-09	0	9.03	31	13
2023-06-10	0	9.57	32	12
2023-06-11	0	8.79	32	14
2023-06-12	0	10.92	31	13
2023-06-13	0	11.17	32	11
2023-06-14	0	11.01	33	10
2023-06-15	0	10.1	33	13
2023-06-16	0	8.99	33	14
2023-06-17	0	10.33	32	14
2023-06-18	0	10.37	33	11
2023-06-19	0	10.48	32	11
2023-06-20	0	11.54	31	9
2023-06-21	0	9.57	32	12
2023-06-22	0	8.14	30	10
2023-06-23	0	9.08	28	10
2023-06-24	0	7.71	27	10
2023-06-25	0.6	3.58	27	13
2023-06-26	0	5.6	25	10
2023-06-27	0	6.75	26	9
2023-06-28	0	1.39	26	12
2023-06-29	0	4.29	23	11
2023-06-30	0	NULO	NULO	NULO
2023-07-01	0	7.8	26	11
2023-07-02	0	7.73	27	10
2023-07-03	4.5	3.03	26	11
2023-07-04	0	5.61	26	11
2023-07-05	1.5	5.23	26	11
2023-07-06	0.01	2.42	23	10
2023-07-07	4	1.86	25	13
2023-07-08	0	6.56	24	12
2023-07-09	0	5.9	25	10
2023-07-10	5	0.86	26	10
2023-07-11	3.7	2.63	25	10
2023-07-12	0.1	7.1	25	10
2023-07-13	0	6.51	26	11
2023-07-14	0.01	5.46	28	10
2023-07-15	0	7.43	26	10
2023-07-16	0	6.8	26	8
2023-07-17	0	6.93	25	9
2023-07-18	0	6.46	26	9
2023-07-19	0	8.84	26	10
2023-07-20	0	8.07	26	8
2023-07-21	0	6.82	25	9
2023-07-22	0	6.82	24	11
2023-07-23	1	1.27	24	9
2023-07-24	0	3.33	21	10
2023-07-25	0	0.44	22	13
2023-07-26	0	0.73	24	13
2023-07-27	7.8	0.32	21	13
2023-07-28	0.01	4.35	23	8
2023-07-29	0	5.51	23	9
2023-07-30	0.01	1.63	21	12
2023-07-31	0	7.27	25	11
2023-08-01	0	5.48	25	11
2023-08-02	0	7.65	26	9
2023-08-03	0	3.96	23	10
2023-08-04	7.6	2.09	26	11
2023-08-05	1.1	4.3	22	11
2023-08-06	0	5.57	23	12
2023-08-07	0	7.58	27	11
2023-08-08	1.7	4.65	28	10
2023-08-09	5.1	NULO	28	11
2023-08-10	0	NULO	29	13
2023-08-11	0.01	4.37	27	12
2023-08-12	2.2	4.91	26	10
2023-08-13	0	5.99	24	9
2023-08-14	0.01	5.85	24	10
2023-08-15	0.4	2.21	20	10
2023-08-16	0	3.75	21	11
2023-08-17	1.4	1.35	21	13
2023-08-18	3.8	2.78	23	11
2023-08-19	0	5.32	23	13
2023-08-20	0.01	2.3	21	12
2023-08-21	0.01	3.93	21	11
2023-08-22	0	6.67	23	9
2023-08-23	1.2	3.04	20	11
2023-08-24	0	0.47	20	10
2023-08-25	0.01	4.48	22	6
2023-08-26	0.01	4.21	23	11
2023-08-27	0.01	5.22	21	12
2023-08-28	0	3.21	24	12
2023-08-29	0	8.16	25	7
2023-08-30	0	5.55	26	9
2023-08-31	0	3.71	23	8
2023-09-01	0	4.74	24	12
2023-09-02	0	6.66	25	9
2023-09-03	0	6.26	26	11
2023-09-04	0	5.96	27	11
2023-09-05	0	6.5	27	11
2023-09-06	0	5.62	25	11
2023-09-07	0	4.77	26	11
2023-09-08	0	4.03	25	9
2023-09-09	0	6.33	24	11
2023-09-10	0	6.44	24	9
2023-09-11	0	6.89	24	6
2023-09-12	0	6.55	25	7
2023-09-13	0	5.22	26	7
2023-09-14	0	3.89	27	12
2023-09-15	0	5.4	26	9
2023-09-16	0.01	4.72	24	11
2023-09-17	0	5.67	26	11
2023-09-18	0.8	3.1	23	10
2023-09-19	0	7.58	25	11
2023-09-20	0	6.96	27	9
2023-09-21	0	4.28	26	6
2023-09-22	0	6.85	29	9
2023-09-23	0	7.15	27	9
2023-09-24	0	6.57	27	6
2023-09-25	0	5.89	24	7
2023-09-26	0	6.33	24	10
2023-09-27	0	6.05	25	7
2023-09-28	0	5.27	26	6
2023-09-29	0	5.86	26	7
2023-09-30	0	4.29	26	8
2023-10-01	0	2.51	25	9
2023-10-02	0	6.11	25	10
2023-10-03	0	4.62	25	11
2023-10-04	0	5.05	26	11
2023-10-05	0	5.04	26	11
2023-10-06	0.8	5.51	23	11
2023-10-07	4	NULO	14	11
2023-10-08	0.9	NULO	15	9
2023-10-09	1.5	1.59	18	8
2023-10-10	0.01	2.35	20	10
2023-10-11	0	4.6	25	13
2023-10-12	0	5.93	27	9
2023-10-13	0.01	5.27	26	11
2023-10-14	0.01	1.93	20	7
2023-10-15	1.6	0.63	15	11
2023-10-16	0	0.2	14	9
2023-10-17	0	4.31	19	6
2023-10-18	0	5.19	24	2
2023-10-19	0	5.37	24	7
2023-10-20	0	4.19	22	10
2023-10-21	0	5.44	26	5
2023-10-22	0	5.52	27	8
2023-10-23	0	4.1	26	9
2023-10-24	0.01	3.07	19	10
2023-10-25	0.01	0.77	21	12
2023-10-26	1.8	5.52	22	7
2023-10-27	0	3.61	23	9
2023-10-28	0	4.38	23	6
2023-10-29	0	1.2	20	7
2023-10-30	0.01	0.33	20	6
2023-10-31	0	3.75	22	6
2023-11-01	0	2.13	11	4
2023-11-02	0	2.5	20	4
2023-11-03	0.01	3.44	21	6
2023-11-04	0	4.06	21	3
2023-11-05	0	3.2	22	3
2023-11-06	0	4.01	25	6
2023-11-07	0	4.48	27	7
2023-11-08	0	4.88	27	8
2023-11-09	1.4	3.87	27	12
2023-11-10	0.01	2.08	23	10
2023-11-11	0	3.2	23	12
2023-11-12	0.01	2.76	22	8
2023-11-13	0.01	1.46	20	10
2023-11-14	0	1.19	19	9
2023-11-15	0	3.56	22	7
2023-11-16	0	3.32	23	2
2023-11-17	0	4.58	25	5
2023-11-18	0	6.13	23	1
2023-11-19	0	2.55	27	8
2023-11-20	0	5.64	27	11
2023-11-21	2.2	1.1	20	11
2023-11-22	3.3	NULO	25	3
2023-11-23	0	NULO	18	3
2023-11-24	0	2.36	22	7
2023-11-25	0	2.4	24	7
2023-11-26	0.01	2.55	28	8
2023-11-27	0	2.12	18	7
2023-11-28	0	3.07	19	8
2023-11-29	11	NULO	19	9
2023-11-30	9	10.6	21	9
2023-12-01	0	2.47	22	9
2023-12-02	0.3	0.98	19	10
2023-12-03	3	0.9	17	9
2023-12-04	0	1.44	17	9
2023-12-05	0.01	0.29	17	8
2023-12-06	0	2.28	17	9
2023-12-07	4	NULO	16	9
2023-12-08	1.8	NULO	21	7
2023-12-09	0	2.36	21	9
2023-12-10	0	2.14	21	10
2023-12-11	0	NULO	22	7
2023-12-12	0.01	NULO	22	5
2023-12-13	0.01	2.29	17	6
2023-12-14	0.01	0.21	22	8
2023-12-15	3	0.53	23	9
2023-12-16	0	2.39	22	9
2023-12-17	0	0.73	18	3
2023-12-18	0	2.96	17	4
2023-12-19	0	10.93	18	0
2023-12-20	0	4.26	19	2
2023-12-21	0	4.05	18	1
2023-12-22	0	0.44	19	4
2023-12-23	0	2.93	20	15
2023-12-24	0	1.58	21	10
2023-12-25	0	1	20	9
2023-12-26	0	1.05	22	10
2023-12-27	0	1.63	22	7
2023-12-28	0	3.01	18	3
2023-12-29	0	0.02	15	4
2023-12-30	0	2.4	18	3
2023-12-31	0	NULO	20	5
2024-01-01	0	2.8	20	6
2024-01-02	0	1.62	21	6
2024-01-03	0	1.75	22	10
2024-01-04	0	4.25	22	6
2024-01-05	0	4.5	21	10
2024-01-06	0	3.88	22	10
2024-01-07	1.5	1.12	20	10
2024-01-08	0	3.89	22	10
2024-01-09	0	3.89	21	6
2024-01-10	0	7.42	22	7
2024-01-11	0	2.16	25	7
2024-01-12	0	3.25	24	7
2024-01-13	0	3.1	23	8
2024-01-14	0	4.11	25	9
2024-01-15	0	3.44	25	9
2024-01-16	0	4.23	25	10
2024-01-17	0	3.93	24	10
2024-01-18	0	6.37	25	10
2024-01-19	0	4.47	12	7
2024-01-20	0	1.67	17	6
2024-01-21	1.1	0.94	18	7
2024-01-22	0	3.17	21	6
2024-01-23	0	2.71	25	7
2024-01-24	0	4.03	26	6
2024-01-25	0	3.64	24	5
2024-01-26	0	4.68	25	6
2024-01-27	0	3.32	23	4
2024-01-28	0	2.59	20	5
2024-01-29	0	3.93	20	4
2024-01-30	0	3.22	19	4
2024-01-31	0	NULO	23	5
2024-02-01	0	3.92	20	4
2024-02-02	0	4.9	24	7
2024-02-03	0	6.57	23	7
2024-02-04	0	4.25	23	4
2024-02-05	0	5.45	22	3
2024-02-06	0	4.38	23	3
2024-02-07	0	7.41	27	2
2024-02-08	0	5.52	30	7
2024-02-09	0	6.59	29	6
2024-02-10	0	6.25	28	8
2024-02-11	0	8.41	29	10
2024-02-12	0	4.28	26	8
2024-02-13	0	5.08	25	6
2024-02-14	0	4.73	23	4
2024-02-15	0	3.91	19	7
2024-02-16	10.2	0.38	25	6
2024-02-17	2.2	0.26	14	6
2024-02-18	0	1.72	17	3
2024-02-19	0	5.35	23	3
2024-02-20	0	6.02	23	4
2024-02-21	0	5.91	26	4
2024-02-22	0	7.16	27	6
2024-02-23	0	4.26	28	6
2024-02-24	0	6.22	26	5
2024-02-25	0	7.84	21	7
2024-02-26	0	7.57	29	6
2024-02-27	0	6.5	29	9
2024-02-28	0	5.06	29	8
2024-02-29	0	NULO	27	6
2024-03-01	0	7.48	27	8
2024-03-02	0	6.44	27	6
2024-03-03	0	7.3	28	8
2024-03-04	0	7.63	29	8
2024-03-05	0	6.38	28	6
2024-03-06	0	8.09	30	6
2024-03-07	0	7.57	28	10
2024-03-08	0	9.46	33	11
2024-03-09	0	6.9	28	8
2024-03-10	0	4.36	23	5
2024-03-11	0	7.62	28	6
2024-03-12	0	7.21	29	8
2024-03-13	0	7.95	29	7
2024-03-14	0	8.04	31	10
2024-03-15	0	7.01	31	8
2024-03-16	0	7.42	30	8
2024-03-17	0	7.35	31	9
2024-03-18	0	6.32	30	9
2024-03-19	0	6.22	28	10
2024-03-20	0	7.39	28	10
2024-03-21	0	9.27	30	6
2024-03-22	0	8.99	29	8
2024-03-23	0	8.39	28	8
2024-03-24	0	11.36	31	8
2024-03-25	0	10.71	29	8
2024-03-26	0	9.59	31	9
2024-03-27	0	9.17	29	3
2024-03-28	0	6.56	23	6
2024-03-29	0	9.68	29	7
2024-03-30	0	8.92	30	8
2024-03-31	0	NULO	31	11
2024-04-01	0	10.13	32	9
2024-04-02	0	8.66	33	12
2024-04-03	0	6.83	24	9
2024-04-04	0	6.93	28	5
2024-04-05	0	7.69	30	7
2024-04-06	0	7.96	31	12
2024-04-07	0	10.54	36	8
2024-04-08	0	8.52	30	8
2024-04-09	0	11.18	32	11
2024-04-10	0	9.35	30	10
2024-04-11	0	8.59	21	7
2024-04-12	0	7.35	26	6
2024-04-13	0	10.25	29	6
2024-04-14	0	9.66	29	6
2024-04-15	0	10.78	32	12
2024-04-16	0	10.3	30	5
2024-04-17	0	8.51	33	12
2024-04-18	4.5	6.06	32	11
2024-04-19	7.6	2.88	30	13
2024-04-20	3.5	5.41	30	12
2024-04-21	0.4	1.56	23	11
2024-04-22	1.5	9.86	23	14
2024-04-23	0	7.38	27	10
2024-04-24	0	9.35	30	10
2024-04-25	0	7.17	29	12
2024-04-26	0	7.19	29	15
2024-04-27	0	6.23	30	11
2024-04-28	0	9.34	31	9
2024-04-29	0	10.21	32	11
2024-04-30	0	NULO	32	12
2024-05-01	0	8.16	31	13
2024-05-02	0	9.36	33	13
2024-05-03	2	10.96	34	14
2024-05-04	0	9.62	34	13
2024-05-05	0	9.69	34	14
2024-05-06	0	10.22	33	14
2024-05-07	0	11.51	34	15
2024-05-08	0	9.36	34	16
2024-05-09	0	11.01	30	15
2024-05-10	0	8.89	30	16
2024-05-11	0.5	9.28	30	12
2024-05-12	0	8.49	33	15
2024-05-13	0.01	10.56	33	12
2024-05-14	0.01	9.05	32	13
2024-05-15	0	14.94	33	14
2024-05-16	0	12.93	29	14
2024-05-17	0	8.77	30	14
2024-05-18	0	9.87	31	15
2024-05-19	0	8.59	31	12
2024-05-20	0	8.79	32	12
2024-05-21	0	12.09	33	12
2024-05-22	0.01	9.15	29	12
2024-05-23	0	10.3	29	14
2024-05-24	0	9.5	30	6
2024-05-25	0	10.18	31	7
2024-05-26	0	10.88	30	7.5
2024-05-27	0	12.61	32	14
2024-05-28	0	8.23	34	6
2024-05-29	1.2	7.34	29	16
2024-05-30	0	9.3	30	11
2024-05-31	0	NULO	33	11
2024-06-01	0	11.02	34	11
2024-06-02	0	10.82	34	12
2024-06-03	0	10.96	29	14
2024-06-04	0	9.54	29	14
2024-06-05	0	10.33	28	14
2024-06-06	0	9.39	31	12
2024-06-07	0	9.23	29	12
2024-06-08	0	7.82	31	10
2024-06-09	0.8	7.1	30	11
2024-06-10	0	8.49	28	12
2024-06-11	0	10.15	27	9
2024-06-12	0	8	27	11
2024-06-13	0	10.01	26	9
2024-06-14	0	8.89	28	10
2024-06-15	0	2.54	29	12
2024-06-16	0	NULO	27	10
2024-06-17	0	NULO	28	8
2024-06-18	0	7.86	29	9
2024-06-19	2.1	NULO	23	14
2024-06-20	5.4	NULO	22	15
2024-06-21	6.5	NULO	18	13
2024-06-22	1.1	0.52	19	11
2024-06-23	1.6	2.46	24	12
2024-06-24	1.8	NULO	23	13
2024-06-25	8.3	NULO	22	13
2024-06-26	5.5	1.11	27	13
2024-06-27	0.01	NULO	24	12
2024-06-28	5.2	NULO	23	13
2024-06-29	1.4	5.44	24	13
2024-06-30	60	NULO	24	13
2024-07-01	2	4.03	18	13
2024-07-02	0	5.85	18	12
2024-07-03	0	3.08	22	11
2024-07-04	0	6.07	24	11
2024-07-05	0	8.73	25	9
2024-07-06	0	5.71	25	9
2024-07-07	0	9.09	27	9
2024-07-08	0	6.98	27	10
2024-07-09	6.3	1.74	24	12
2024-07-10	11.15	NULO	18	13
2024-07-11	5.3	NULO	20	13
2024-07-12	0	5.27	21	12
2024-07-13	0	4.93	22	11
2024-07-14	0	5.76	23	10
2024-07-15	0.5	4.8	24	10
2024-07-16	0	4.23	25	12
2024-07-17	7.9	NULO	26	12
2024-07-18	1.8	NULO	24	13
2024-07-19	0.8	2.35	21	13
2024-07-20	0	4.86	22	11
2024-07-21	0.01	4.24	21	11
2024-07-22	0	2.66	22	12
2024-07-23	0.8	2.94	23	13
2024-07-24	0	2.75	23	13
2024-07-25	1.8	3.29	23	13
2024-07-26	7.9	0.49	26	12
2024-07-27	2.9	2.13	23	12
2024-07-28	0.01	3.68	21	12
2024-07-29	1.8	5	23	10
2024-07-30	0	4.83	22	11
2024-07-31	0	NULO	21	9
2024-08-01	0.01	7.45	29	10
2024-08-02	0	3.42	22	9
2024-08-03	0	5.29	23	8
2024-08-04	2.3	6.08	24	7
2024-08-05	0.7	4.98	24	8
2024-08-06	0.01	3.49	24	10
2024-08-07	0.01	4.77	27	13
2024-08-08	0	5.1	23	9
2024-08-09	0	4.92	23	10
2024-08-10	0	4.69	24	8
2024-08-11	0.01	4.19	23	11
2024-08-12	0.6	4.13	21	13
2024-08-13	0	5.4	22	10
2024-08-14	0.8	5.76	23	9
2024-08-15	0	4.52	24	12
2024-08-16	20	0.42	24	12
2024-08-17	0	4.34	21	11
2024-08-18	0	5.36	22	11
2024-08-19	0	6.57	22	9
2024-08-20	0	5.66	23	9
2024-08-21	0.01	4.02	22	9
2024-08-22	0	6.34	21	10
2024-08-23	2	2.64	22	8
2024-08-24	0	5.64	23	9
2024-08-25	0	5.42	24	9
2024-08-26	0	7.14	24	9
2024-08-27	0	NULO	24	8
2024-08-28	5.8	NULO	24	8
2024-08-29	0.01	2.04	24	9
2024-08-30	0	5.68	21	12
2024-08-31	0	NULO	24	9
2024-09-01	0.7	4.66	24	10
2024-09-02	0.01	2.71	24	9
2024-09-03	0.01	5.63	24	11
2024-09-04	0	3.45	24	11
2024-09-05	2.4	3.83	23	10
2024-09-06	8.2	NULO	18	12
2024-09-07	8.2	NULO	15	12
2024-09-08	0.01	1.71	18	10
2024-09-09	0	2.59	21	9
2024-09-10	5	0.97	21	11
2024-09-11	4	2.07	24	13
2024-09-12	2.3	3.71	25	13
2024-09-13	11.5	NULO	24	14
2024-09-14	0.01	NULO	24	13
2024-09-15	1.8	2.78	23	14
2024-09-16	0.01	1.75	23	14
2024-09-17	0	4.31	19	12
2024-09-18	0	3.88	25	14
2024-09-19	0.01	3.25	24	12
2024-09-20	0	4.03	23	10
2024-09-21	0	3.37	23	10
2024-09-22	0	4.86	23	8
2024-09-23	0	3.84	22	8
2024-09-24	0	3.32	20	11
2024-09-25	0.01	5.35	23	10
2024-09-26	14	NULO	20	11
2024-09-27	2.4	NULO	19	11
2024-09-28	1.1	2.8	20	11
2024-09-29	0.01	2.4	16	11
2024-09-30	0	NULO	21	8
2024-10-01	9.5	NULO	15	9
2024-10-02	1.8	2	16	10
2024-10-03	0	4.73	19	4
2024-10-04	0	3.1	19	8
2024-10-05	0.8	2.08	20	10
2024-10-06	3.4	0.09	18	11
2024-10-07	0.5	2.2	16	12
2024-10-08	0	5.63	18	9
2024-10-09	0	1.67	19	6
2024-10-10	0	4.45	19	2
2024-10-11	0	4.16	18	1
2024-10-12	0	3.04	18	1
2024-10-13	0	3.3	19	6
2024-10-14	0	5.17	21	9
2024-10-15	0	3.66	24	6
2024-10-16	0	3.3	21	6
2024-10-17	0	4.31	19	7
2024-10-18	0	2.4	20	6
2024-10-19	0.5	2.29	19	9
2024-10-20	13	NULO	14	9
2024-10-21	3.3	NULO	12	9
2024-10-22	0	3.24	19	9
2024-10-23	0	3.02	19	8
2024-10-24	0	2.74	19	9
2024-10-25	0	2.33	19	4
2024-10-26	0	3.37	16	5
2024-10-27	0	2.54	16	9
2024-10-28	0	2.75	19	8
2024-10-29	0	3.84	22	8
2024-10-30	0	2.59	23	8
2024-10-31	0	NULO	23	7
2024-11-01	0	2.84	22	9
2024-11-02	0	2.89	22	9
2024-11-03	4.6	0.57	23	9
2024-11-04	0	2.28	23	11
2024-11-05	0	3.94	23	10
2024-11-06	0	1.41	24	10
2024-11-07	0	4.36	24	9
2024-11-08	0	3.48	24	8
2024-11-09	0	3.11	22	7
2024-11-10	0	3.92	24	4
2024-11-11	0	5	22	6
2024-11-12	0	3.95	23	6
2024-11-13	0	3.82	23	6
2024-11-14	0	2.01	28	6
2024-11-15	0	2.46	22	6
2024-11-16	0	4.02	23	8
2024-11-17	0	3.49	26	9
2024-11-18	0	4.1	25	8
2024-11-19	8.2	NULO	25	10
2024-11-20	3.8	NULO	15	13
2024-11-21	0.01	0.92	16	5
2024-11-22	0.01	2.81	17	2
2024-11-23	0	3.29	20	1
2024-11-24	0	3.39	22	3
2024-11-25	0	3.64	21	3
2024-11-26	0	2.87	22	-1
2024-11-27	0	4.74	25	2
2024-11-28	0	4.52	25	5
2024-11-29	0	2.56	21	6
2024-11-30	0	NULO	22	5
