COMISIÓN NACIONAL DEL AGUA
COORDINACIÓN GENERAL DEL SERVICIO METEOROLÓGICO NACIONAL
BASE DE DATOS CLIMATOLÓGICA NACIONAL 

REGISTRO DIARIO HISTÓRICO
EMISIÓN   : 11/09/2026 

DATOS DISPONIBLES EN LA BASE DE DATOS A: SEPTEMBER DE 2026; 
CON LA INFORMACIÓN SUMINISTRADA POR LAS UNIDADES ADMINISTRATIVAS 

 ESTACIÓN   : 13004 
 NOMBRE     : ALCANTARILLAS 
 ESTADO     : HIDALGO 
 MUNICIPIO  : APAN 
 SITUACIÓN  : OPERANDO 
 U. ADMNVA. : DIRECCIÓN LOCAL HIDALGO 
 CVE-OMM    :   
 LATITUD    : 19.79972222 ° 
 LONGITUD   : -98.38083333 ° 
 ALTITUD    : 2558.9 msnm 




FECHA		PRECIP	EVAP	TMAX	TMIN
		(mm)	(mm)	(°C )	(°C)
2013-01-01	0	NULO	20	5
2013-01-02	0	NULO	21	4
2013-01-03	0	NULO	21	10
2013-01-04	0	NULO	21	5
2013-01-05	0	NULO	23	4
2013-01-06	0	NULO	25	6
2013-01-07	0	NULO	25	5
2013-01-08	0	NULO	22	11
2013-01-09	0	NULO	21	11
2013-01-10	0	NULO	26	9
2013-01-11	0	NULO	27	8
2013-01-12	2	NULO	24	10
2013-01-13	3	NULO	21	10
2013-01-14	0	NULO	16	10
2013-01-15	2	NULO	21	7
2013-01-16	2	NULO	24	6
2013-01-17	0	NULO	20	9
2013-01-18	0	NULO	25	8
2013-01-19	0	NULO	25	9
2013-01-20	0	NULO	27	9
2013-01-21	0	NULO	22	8
2013-01-22	0	NULO	20	7.5
2013-01-23	0	NULO	27	9
2013-01-24	0	NULO	21	9
2013-01-25	3.5	NULO	23	12
2013-01-26	5	NULO	23	9
2013-01-27	28	NULO	20	8
2013-01-28	0	NULO	19	8
2013-01-29	0	NULO	21	7
2013-01-30	0	NULO	24	8
2013-01-31	0	NULO	24	7
2013-02-02	0	NULO	23	2
2013-02-03	0	NULO	22	4
2013-02-04	4	NULO	19	4
2013-02-05	0	NULO	22	1
2013-02-06	0	NULO	22	4
2013-02-07	0	NULO	23	5
2013-02-08	0	NULO	24	3
2013-02-09	0	NULO	22	2
2013-02-10	0	NULO	23	2
2013-02-11	0	NULO	23	2
2013-02-12	0	NULO	25	2
2013-02-13	0	NULO	25	1
2013-02-14	0	NULO	25	1
2013-02-15	0	NULO	22	2
2013-02-16	0	NULO	22	2
2013-02-17	0	NULO	10	2
2013-02-18	0	NULO	21	3
2013-02-19	0	NULO	23	2
2013-02-20	0	NULO	22	6
2013-02-21	0	NULO	24	4
2013-02-22	0	NULO	23	2
2013-02-23	0	NULO	25	2
2013-02-24	0	NULO	24	6
2013-02-25	0	NULO	25	5
2013-02-26	0	NULO	25	4
2013-02-27	0	NULO	26	3
2013-02-28	0	NULO	26	2
2013-03-01	42	NULO	21	1
2013-03-02	0	NULO	19	3
2013-03-03	0	NULO	9	2
2013-03-04	0	NULO	17	1
2013-03-05	0	NULO	21	1
2013-03-06	0	NULO	22	2
2013-03-07	0	NULO	23	2
2013-03-08	0	NULO	24	4
2013-03-09	0	NULO	24	7
2013-03-10	0	NULO	26	1
2013-03-11	0	NULO	23	3
2013-03-12	0	NULO	20	4
2013-03-13	0	NULO	23	4
2013-03-14	0	NULO	12	5
2013-03-15	1	NULO	14	4
2013-03-16	2.5	NULO	13	3
2013-03-17	0	NULO	12	3
2013-03-18	0	NULO	20	3
2013-03-19	0	NULO	25	6
2013-03-20	0	NULO	25	6
2013-03-21	0	NULO	24	6
2013-03-22	0	NULO	24	8
2013-03-23	0	NULO	24	6
2013-03-24	0	NULO	25	6
2013-03-25	0	NULO	23	1
2013-03-26	0	NULO	10	1
2013-03-27	0	NULO	23	4
2013-03-28	0	NULO	22	5
2013-03-29	0	NULO	23	6
2013-03-30	0	NULO	25	7
2013-04-01	0	NULO	21	7
2013-04-02	0	NULO	22	6
2013-04-03	0	NULO	22	6
2013-04-04	2.5	NULO	21	6
2013-04-05	0	NULO	21	5
2013-04-06	5.5	NULO	20	6
2013-04-07	1.5	NULO	19	8.5
2013-04-08	0	NULO	19	9
2013-04-09	0	NULO	19	9
2013-04-10	0	NULO	21	8
2013-04-11	0	NULO	22	6
2013-04-12	0	NULO	22	6
2013-04-13	0	NULO	25	3
2013-04-14	0	NULO	21	6
2013-04-15	0	NULO	22	5.5
2013-04-16	0	NULO	22	9
2013-04-17	0	NULO	23	9
2013-04-18	0	NULO	23	9
2013-04-19	0	NULO	25	8
2013-04-20	0	NULO	19	7
2013-04-21	0	NULO	26	6
2013-04-22	0	NULO	25	6
2013-04-23	0	NULO	22	9
2013-04-24	1	NULO	22	9
2013-04-25	0.7	NULO	18	7
2013-04-26	0.5	NULO	22	3
2013-04-27	0	NULO	22	3
2013-04-28	2.5	NULO	21	11
2013-04-29	0	NULO	20	4
2013-04-30	0	NULO	25	3
2013-06-01	0	NULO	12	11
2013-06-02	2	NULO	20	10
2013-06-03	0	NULO	21	8
2013-06-04	0	NULO	21	4
2013-06-05	0	NULO	24	1
2013-06-06	0	NULO	24	1
2013-06-07	0	NULO	26	1
2013-06-08	0	NULO	25	7
2013-06-09	0	NULO	26	7
2013-06-10	0.5	NULO	22	7
2013-06-11	4.5	NULO	23	11
2013-06-12	0	NULO	21	11
2013-06-13	0	NULO	21	10
2013-06-14	29	NULO	22	10
2013-06-15	11.5	NULO	21	8
2013-06-16	0	NULO	21	7
2013-06-17	0	NULO	22	6
2013-06-18	0	NULO	24	6
2013-06-19	2.5	NULO	24	11
2013-06-20	13.5	NULO	22	12
2013-06-21	10.5	NULO	14	10
2013-06-22	0	NULO	12	10
2013-06-23	8.5	NULO	19	9.5
2013-06-24	7	NULO	22	9
2013-06-25	1.5	NULO	21	9
2013-06-26	1.5	NULO	21	9
2013-06-27	0	NULO	22	6
2013-06-28	0	NULO	21.5	5
2013-06-29	0	NULO	22	7
2013-06-30	0	NULO	22	6
2013-07-01	0	NULO	22	4
2013-07-02	0	NULO	22	5.5
2013-07-03	0	NULO	21	8
2013-07-04	1.2	NULO	21	10
2013-07-05	30	NULO	22	12
2013-07-06	4.5	NULO	21	12
2013-07-07	6.5	NULO	20	11
2013-07-08	0	NULO	18	7
2013-07-09	0	NULO	19.5	6.5
2013-07-10	0	NULO	21	7.5
2013-07-11	10.5	NULO	21	8
2013-07-12	10	NULO	22	8
2013-07-13	42	NULO	20	7
2013-07-14	15	NULO	20.5	6.5
2013-07-15	0	NULO	21	8
2013-07-16	0	NULO	20.5	10
2013-07-17	0	NULO	20	10
2013-07-18	10.5	NULO	20	9.5
2013-07-19	4.5	NULO	20	11
2013-07-20	1.5	NULO	20	10.5
2013-07-21	5.5	NULO	22.5	10
2013-07-22	0	NULO	19.5	5.5
2013-07-23	0	NULO	21.5	8
2013-07-24	0	NULO	22	7
2013-07-25	0	NULO	16	5
2013-07-26	0	NULO	23	4.5
2013-07-27	0	NULO	23	4.5
2013-07-28	33.5	NULO	22	5
2013-07-29	0	NULO	23	5
2013-07-30	0	NULO	22	5
2013-07-31	0	NULO	22	5
2013-08-01	2	NULO	23	6
2013-08-02	0	NULO	22	6.5
2013-08-03	5	NULO	22	6.5
2013-08-04	0	NULO	21	5.5
2013-08-05	7	NULO	21	5
2013-08-06	4.5	NULO	21.5	4.5
2013-08-07	0	NULO	23	10.5
2013-08-08	2.5	NULO	23	6
2013-08-09	0	NULO	22	5.5
2013-08-10	0	NULO	22	5
2013-08-11	23.5	NULO	19.5	7.5
2013-08-12	0.5	NULO	19.5	7
2013-08-13	0	NULO	19	9
2013-08-14	1	NULO	18	8.5
2013-08-15	0	NULO	20	6.5
2013-08-16	0	NULO	20.5	6
2013-08-17	0	NULO	21.5	6
2013-08-18	0	NULO	20	6
2013-08-19	0	NULO	20.5	6
2013-08-20	8	NULO	18	10
2013-08-21	15.5	NULO	17	10
2013-08-22	1	NULO	17.5	11
2013-08-23	0	NULO	20	10.5
2013-08-24	0	NULO	21	11
2013-08-25	13	NULO	19.5	10.5
2013-08-26	30.5	NULO	16.5	11.5
2013-08-27	7	NULO	18	6.5
2013-08-28	0	NULO	19.5	6
2013-08-29	1	NULO	18	7
2013-08-30	0	NULO	19.5	7.5
2013-08-31	0	NULO	19.5	11
2013-09-01	0	NULO	21	8.5
2013-09-02	15	NULO	21.5	8
2013-09-03	20	NULO	19.5	9
2013-09-04	0.6	NULO	19	9
2013-09-05	32	NULO	20.5	8.5
2013-09-06	17	NULO	18.5	8
2013-09-07	19	NULO	21	9
2013-09-08	25	NULO	21	9.5
2013-09-09	40	NULO	22	10.5
2013-09-10	38	NULO	22	9
2013-09-11	27	NULO	22.5	9
2013-09-12	20	NULO	21	9.5
2013-09-13	21.5	NULO	21	7.5
2013-09-14	17	NULO	19.5	7.5
2013-09-15	12.5	NULO	19	6.5
2013-09-16	25	NULO	18.5	6.5
2013-09-17	20	NULO	19.5	6.7
2013-09-18	18	NULO	20.5	6.5
2013-09-19	20	NULO	20	6
2013-09-20	19	NULO	18	6
2013-09-21	22	NULO	18.5	6
2013-09-22	16	NULO	17.5	6.5
2013-09-23	17	NULO	19	7
2013-09-24	30	NULO	18.5	7
2013-09-25	25	NULO	19.5	7
2013-09-26	22	NULO	18	6.5
2013-09-27	25	NULO	18	6.5
2013-09-28	40	NULO	19	6.5
2013-09-29	0	NULO	20	6
2013-09-30	0	NULO	20	7
2014-01-01	0	4.8	24	7.5
2014-01-02	1.5	1.4	23.5	6
2014-01-03	0	3.3	16	8.5
2014-01-04	0	4.5	20.5	8
2014-01-05	0	2.9	20	3.5
2014-01-06	0	4.1	20	3.5
2014-01-07	0	2.4	18.5	8.5
2014-01-08	0	5.7	13	4
2014-01-09	0	2.5	16	4
2014-01-10	0	2.2	19.5	6.5
2014-01-11	0	11.49	11	6
2014-01-12	1.5	0.4	12	5
2014-01-13	0.5	2.8	13.5	4
2014-01-14	0	2.9	12.5	3.5
2014-01-15	0	3.7	17	4
2014-01-16	0	5.2	18.5	4
2014-01-17	0	7	19.5	3.5
2014-01-18	0	1.8	24	8
2014-01-19	0	4.6	24	5
2014-01-20	49	2.71	21	8
2014-01-21	3	10.36	19.5	4.5
2014-01-22	0	9.37	19	4.5
2014-01-23	5	3.1	13.5	5
2014-01-24	0	4.1	18	6.5
2014-01-25	0	3.7	20	3.5
2014-01-26	0	5.5	19	3
2014-01-27	0	4.1	18	1.5
2014-01-28	0	4	19	1.5
2014-01-29	0	3.2	19	1.5
2014-01-30	0	1	17.5	2
2014-02-01	0	4.5	22	4
2014-02-02	0	8	23	4.5
2014-02-03	0	6.7	21.5	4.5
2014-02-04	0	4.2	23.5	4.5
2014-02-05	6.5	5.9	23.5	7
2014-02-06	3	3	20	6.5
2014-02-07	0	2.2	14.5	7.5
2014-02-08	0	3	13	5.5
2014-02-09	0	3.5	20.5	6.5
2014-02-10	0	4.5	20.5	7
2014-02-11	0	3.6	23	8
2014-02-12	0.5	2.3	20.5	9
2014-02-13	0	7.4	20	8
2014-02-14	0	7.7	20	4
2014-02-15	0	5.6	21.5	4
2014-02-16	0	5.3	19	4.5
2014-02-17	0	5.2	23	5
2014-02-18	0	10.5	23	6
2014-02-19	16	5.8	19	9
2014-02-20	11	0.3	19.5	7.5
2014-02-21	1	0.5	11.5	7.5
2014-02-22	1.5	1.5	12.5	8.5
2014-02-23	0	4.4	14	5
2014-02-24	0	2.8	14.5	4
2014-02-25	0	0.8	11	4
2014-02-26	0	3.4	16.5	5
2014-02-27	0	5.4	12	4.5
2014-02-28	0	4.9	20.5	7.5
2014-03-01	0	3.5	21	4.5
2014-03-02	0	4.8	21	1
2014-03-03	0	5.4	21.5	1
2014-03-04	0	4.9	23	4.5
2014-03-05	0	4.5	23	4
2014-03-06	0	5.2	23	2
2014-03-07	0	4.8	23	2
2014-03-08	0	5.6	21.5	3.5
2014-03-09	0	5.1	21.5	2.5
2014-03-10	0	4.3	21.5	3
2014-03-11	0	5.6	21.5	3.5
2014-03-12	0	1.7	18	7
2014-03-13	0	2.6	13.5	4
2014-03-14	0	3.8	20	4
2014-03-15	0	3.7	21	4
2014-03-16	0	8.1	19	0
2014-03-17	0	0.2	19	0.5
2014-03-18	0	11.98	18.5	1.5
2014-03-19	0	2.9	20.5	4
2014-03-20	0	2.9	21.5	4
2014-03-21	0	2.3	22	0
2014-03-22	0	2.1	22	5.5
2014-03-23	0	2.9	23	5.5
2014-03-24	0	1.9	22.5	5
2014-03-25	0	2.8	21	4.5
2014-03-26	0	2.9	22.5	4.5
2014-03-27	0	2.8	22.5	6
2014-03-28	0	2.5	20	5.5
2014-03-29	0	2.2	21.5	5
2014-03-30	0	1.1	22	5
2014-04-01	0	1.96	20	4.5
2014-04-02	0	2.6	20.5	4
2014-04-03	0	3.4	21.5	4
2014-04-04	0	2.2	23.5	4
2014-04-05	0	6.1	21	4.5
2014-04-06	5	2.35	22.5	6
2014-04-07	2	5.4	23	5
2014-04-08	2	2.3	20.5	5
2014-04-09	0	0.3	22	5
2014-04-10	0	2.7	22	5
2014-04-11	0	3.1	23.5	6
2014-04-12	0	2.5	22.5	6
2014-04-13	0	3.5	23	5
2014-04-14	0	1.9	22.5	4.5
2014-04-15	5	1.24	19.5	4
2014-04-16	15.5	1.9	19	4
2014-04-17	0	3.6	20	4.5
2014-04-18	0	2.2	23.5	6
2014-04-19	0	3.1	22	5
2014-04-20	0	2.4	22	4
2014-04-21	0	2.4	21	4.5
2014-04-22	0	3.62	23.5	4.5
2014-04-23	40.5	2.11	21	4
2014-04-24	20	1.5	20	4.5
2014-04-25	0	2.9	23.5	6
2014-04-26	0	3.2	23.5	5.5
2014-04-27	0	2.4	22	5.5
2014-04-28	0	2.7	22.5	5.5
2014-04-29	0	2.8	21	5
2014-04-30	0	1.4	20.5	5
2014-06-01	0	2.46	23.5	4.5
2014-06-02	0	2.05	19	4
2014-06-03	17.5	1.8	20	4.5
2014-06-04	11	1.27	19.5	4.5
2014-06-05	12.5	2.43	19	4.5
2014-06-06	25.5	1.62	20.5	4.5
2014-06-07	16	0.8	20	5
2014-06-08	0	1.9	23	5.5
2014-06-09	0	2.2	23.5	4.5
2014-06-10	0	2.2	20.5	4
2014-06-11	0	3.3	23	5.5
2014-06-12	0	3.1	23.5	5
2014-06-13	0	2.46	22.5	5.5
2014-06-14	0	2	21	5
2014-06-15	0	12.3	22	4.5
2014-06-16	10	3.07	21.5	4
2014-06-17	35	4.54	21	4
2014-06-18	45.5	4.1	21.5	4
2014-06-19	5	9.3	19	4.5
2014-06-20	8.5	1.83	21	5
2014-06-21	16.5	1.44	22	4.5
2014-06-22	13	2.5	21.5	4.5
2014-06-23	0	5.6	22	5.5
2014-06-24	20	2.1	23.5	5.5
2014-06-25	0	5	23.5	5
2014-06-26	0	7	23	5.5
2014-06-27	15.5	6.5	19.5	5
2014-06-28	7	7.3	20	5
2014-06-29	9.5	5.2	20	5
2014-06-30	6	0.6	19	5.5
2014-08-01	0	10.3	10.5	5
2014-08-02	0	0.3	10	5
2014-08-03	0	4.6	11.5	5
2014-08-04	0	7.1	21	5
2014-08-05	0	4	20	6
2014-08-06	6	4.7	19	5
2014-08-07	16	6.3	20.5	6
2014-08-08	4.5	4.3	17	9
2014-08-09	0	6.7	22	6
2014-08-10	0	4.8	21.5	6
2014-08-11	0	6.4	20.5	8
2014-08-12	0	1.55	19	9.5
2014-08-13	23	6.4	19	8
2014-08-14	0	4.5	19	8
2014-08-15	6	5.4	21	7
2014-08-16	0	5.2	22	6.5
2014-08-17	8.5	5.5	23	7
2014-08-18	0	7.4	19.5	7
2014-08-19	16.5	5.5	22	7.5
2014-08-20	1.5	6.8	21.5	7.5
2014-08-21	0	6.7	20.5	5
2014-08-22	0	3.8	18.5	4.5
2014-08-23	4.5	4.8	20	7
2014-08-24	0	5.1	21	6.5
2014-08-25	0	6.3	21.5	6.5
2014-08-26	0	7.6	22.5	5.5
2014-08-27	0	7.6	21.5	5
2014-08-28	0	6	21.5	5
2014-08-29	0	7.4	22.5	5
2014-08-30	0	6.8	21.5	6
2014-08-31	0	5.4	21.5	8
2014-09-01	1	5.8	22	7
2014-09-02	0	13.6	22	7
2014-09-03	41	3	15.5	8
2014-09-04	10	2.8	20.5	11.5
2014-09-05	1.5	6.7	21.5	12
2014-09-06	0	5.7	20	11.5
2014-09-07	0	3.5	16	6.5
2014-09-08	0.5	3.7	12	9
2014-09-09	0	4.6	20.5	10
2014-09-10	0	3.7	22	9.5
2014-09-11	5.5	5.5	22	7
2014-09-12	0	3.5	18	7
2014-09-13	1.5	3.1	19.5	8
2014-09-14	10.5	2.5	16.5	9.5
2014-09-15	0	4.7	18	9
2014-09-16	0	1.9	17.5	10
2014-09-17	0.5	6.3	22	10
2014-09-18	0	5.6	24	9.5
2014-09-19	0	8.9	25	7
2014-09-20	33.5	2.25	21.5	6
2014-09-21	81.5	4.4	21	6
2014-09-22	0	6.8	19.5	9.5
2014-09-23	2	4	19	8.5
2014-09-24	0	5.4	20.5	9
2014-09-25	0.5	5.9	20.5	9.5
2014-09-26	0	3.6	18.5	11
2014-09-27	4.5	4.2	19.5	11.5
2014-09-28	4.5	4.5	19.5	11.5
2014-09-29	0	4.86	22.5	11.5
2014-09-30	0.5	6.5	22.5	11.5
2014-10-02	0	11.6	22	12.5
2014-10-03	2.5	4	20	12
2014-10-04	0.5	1	20.5	11.5
2014-10-05	0	0.3	18.5	11.5
2014-10-06	9	6.3	19.5	10.5
2014-10-07	0	3.11	20	7.5
2014-10-08	0	1.91	19.5	8.5
2014-10-09	0	5.9	19	3.5
2014-10-10	24.5	0.9	15.5	5.5
2014-10-11	0.5	5.4	20	6.5
2014-10-12	2.3	4.3	20.5	6.5
2014-10-13	10.5	1.5	21.5	6.5
2014-10-14	0.5	6.8	12.5	6
2014-10-15	0	3.9	17.5	5
2014-10-16	0	5.6	19.5	5
2014-10-17	0	0.8	21	5
2014-10-18	0.5	6.8	18	5.5
2014-10-19	3	3.5	11.5	7.5
2014-10-20	0.5	0.7	11.5	10.5
2014-10-21	5	4.5	12	10
2014-10-22	1.5	3.8	16	10
2014-10-23	0	2.1	11.5	8
2014-10-24	0	5.4	13.5	7
2014-10-25	0	3.4	12	7
2014-10-26	0	3.4	12	0.5
2014-10-27	0	6.3	17	0.5
2014-10-28	0	4.2	22.5	0.5
2014-10-29	0	8.8	21	1
2014-10-30	0	3.2	17	1.5
2014-10-31	0.5	4.2	17	6.5
2014-11-01	0	3	13.5	2.5
2014-11-02	0	13	12.5	2.5
2014-11-03	0	4.6	22	0.5
2014-11-04	0	7.4	23.5	1.5
2014-11-05	0	7.1	23	4.5
2014-11-06	0	7.5	20.5	3.5
2014-11-07	0	4.8	20.5	3.5
2014-11-08	0	2.9	21.5	3.5
2014-11-09	0	4.1	13.5	4
2014-11-10	0	6.3	21.5	2.5
2014-11-11	0	9.8	21	3
2014-11-12	9.5	1.7	19	7.5
2014-11-13	7	3.3	17	7
2014-11-14	0	4.4	19.5	5.5
2014-11-15	0	3.4	21	7.5
2014-11-16	0	5.3	21.5	6
2014-11-17	0	4.4	19.5	6
2014-11-18	0	3.1	19.5	7.5
2014-11-19	4.7	9.1	19.5	5
2014-11-20	5.5	2.9	20.5	5
2014-11-21	5.5	2.2	21	6
2014-11-22	20	4	19	5.5
2014-11-23	0	4	19	5
2014-11-24	0	5.2	19	5
2014-11-25	0	4.4	21.5	5.5
2014-11-26	0	6.3	15.5	1
2014-11-27	0	7.3	13.5	3
2014-11-28	0	4.2	18	2.5
2014-11-29	0	4.9	20.5	1.5
2014-11-30	0	4.7	20.5	3
2014-12-01	0	5.4	19.5	2
2014-12-02	0	5.06	15.5	2.5
2014-12-03	0	4.46	19.5	1
2014-12-04	0	3.6	20.5	0.5
2014-12-05	0	4.9	22	1
2014-12-06	0	4.1	17.5	0.5
2014-12-07	0	4.9	10.5	2.5
2014-12-08	0	4.6	13.5	3.5
2014-12-09	0	3.5	9	4.5
2014-12-10	0	3.9	12	1.5
2014-12-11	0	2.7	11	2
2014-12-12	0	2.2	11.5	2.5
2014-12-13	0	12.48	7.5	5.5
2014-12-14	0	2.4	18.5	5.5
2014-12-15	0	4	19.5	6.5
2014-12-16	0	4.3	19	4.5
2014-12-17	0	2.5	20	1
2014-12-18	0	5.7	22.5	1.5
2014-12-19	0	6.1	23	2
2014-12-20	0	3.4	22	3
2014-12-21	0	7.6	21	3
2014-12-22	0	4.4	18.5	5
2014-12-23	0	4.2	11.5	4.5
2014-12-24	10.5	6.1	10.5	3
2014-12-25	34.5	3.6	6.5	4.5
2014-12-26	0	5	18	5
2014-12-27	0	5	21.5	5
2014-12-28	0	4.7	20	2.5
2014-12-29	0	3.3	21	2.5
2014-12-30	0	6	22.5	4
2014-12-31	0	5.3	22.5	2.5
2015-01-01	0	4.86	18.5	1
2015-01-02	0	6.3	18	1
2015-01-03	0	4.06	18.5	2.5
2015-01-04	0	4.6	14.5	2.5
2015-01-05	0	4	8	2.5
2015-01-06	0	2.8	12	3.5
2015-01-07	0	2	14	4
2015-01-08	0	2.7	9	3.5
2015-01-09	0	1.9	10.5	2
2015-01-10	0	3.2	12.5	1
2015-01-11	0	3.8	19	0
2015-01-12	0	4.2	20.5	0.5
2015-01-13	0	3.7	21.5	0.5
2015-01-14	0	4.5	20.5	0
2015-01-15	0	4.4	20.5	1.5
2015-01-16	0	4.7	20.5	0.5
2015-01-17	0	3.8	19.5	0.5
2015-01-18	0	4	15.5	2
2015-01-19	0	4.4	18.5	1.5
2015-01-20	0	4.4	20	1.5
2015-01-21	0	5.2	21.5	1.5
2015-01-22	0	12.86	20	3.5
2015-01-23	0	8.9	20.5	3.5
2015-01-24	6	3.6	19	1.5
2015-01-25	1.5	4.1	18	1.5
2015-01-26	0	3.4	19.5	2.5
2015-01-27	0	4.1	20	2
2015-01-28	0	4.3	18.5	2
2015-01-29	0	9.9	18	0.5
2015-01-30	0	8	15	0.5
2015-01-31	0	7.7	15	1.5
2015-02-01	0	6.3	20.5	1.5
2015-02-02	0	4.7	12	0.5
2015-02-03	0.5	4.1	10.5	2
2015-02-04	0	5.8	21.5	0.5
2015-02-05	0	6.6	14.5	1
2015-02-06	0	3.9	17.5	1.5
2015-02-07	0	6.4	19.5	2
2015-02-08	0	5.8	20.5	2.5
2015-02-09	0	3	16	4
2015-02-10	0	7.3	18	2.5
2015-02-11	0	5.9	21	0.5
2015-02-12	0	4	17.5	0.5
2015-02-13	4.5	2.6	13.5	-1
2015-02-14	0	3.7	19.5	-2
2015-02-15	0	2.9	19	2
2015-02-16	0	5.8	22	4
2015-02-17	0	5.3	20	4
2015-02-18	0	5.5	22.5	2.5
2015-02-19	0	12.9	21	2
2015-02-20	0	6.8	21.5	1.5
2015-02-21	0	7.1	24.5	1.5
2015-02-22	0	6.8	24	3
2015-02-23	0	7	21.5	1.5
2015-02-24	0	6.3	24.5	2.5
2015-02-25	0	11	24	6
2015-02-26	0	8.7	23.5	6.5
2015-02-27	0	8.2	21.5	6
2015-02-28	0	7.3	21.5	6
2015-03-01	0	9.6	23.5	4
2015-03-02	0	7.2	23.5	1.5
2015-03-03	0	8.7	25.5	5
2015-03-04	0	5.9	21.5	4
2015-03-05	0	5	18	5.5
2015-03-06	0	5.1	17	4.5
2015-03-07	0	2.7	18	1.5
2015-03-08	0	6.1	21.5	2
2015-03-09	0	8.6	21.5	2.5
2015-03-10	0	11.72	19	6
2015-03-11	13.5	11.6	14	5.5
2015-03-12	20.5	5.3	16	3.5
2015-03-13	0	7.4	12.5	3.5
2015-03-14	2.5	4.8	12.5	4.5
2015-03-15	14.5	3.6	11.5	4.5
2015-03-16	0.5	5.3	21	5
2015-03-17	0	0.11	19.5	7.5
2015-03-18	0	6.6	22	7
2015-03-19	3.5	1.5	22.5	8.5
2015-03-20	20	4.9	20.5	6.5
2015-03-21	2.5	3.4	20.5	6
2015-03-22	6	2.2	19.5	8.5
2015-03-23	0	1.6	18	7.5
2015-03-24	2	4.9	22.5	7
2015-03-25	6	4.9	22	7
2015-03-26	0	9.8	22.5	5.5
2015-03-27	0	2.6	17.5	6.5
2015-03-28	15	2.6	18.5	5
2015-03-29	1	8.3	15	6
2015-03-30	0	6.2	19.5	6
2015-03-31	0	8.5	19.5	5
2015-04-01	0	5.8	24	4
2015-04-02	9	1.54	21.5	7
2015-04-03	11.5	4.8	22.5	9.5
2015-04-04	0	7.4	19	6.5
2015-04-05	0	6.5	20.5	2.5
2015-04-06	0	8.9	23.5	3
2015-04-07	0	7.2	23.5	2
2015-04-08	0	6.7	26	4
2015-04-09	0	2.01	25.5	5.5
2015-04-10	0	4.2	23.5	5
2015-04-11	0	6.5	23	6.5
2015-04-12	3	6.7	23.5	7.5
2015-04-13	5	4.5	21	7.5
2015-04-14	0	5.5	22.5	4
2015-04-15	0	12.79	21	3
2015-04-16	0	6.42	20.5	4
2015-04-17	0	2.2	23	4.5
2015-04-18	5	3.7	24.5	7
2015-04-19	7.5	12.8	23.5	5.5
2015-04-20	6.5	1.44	24	4
2015-04-21	5.5	1.43	23.5	4.5
2015-04-22	20.5	12.3	25.5	7.5
2015-04-23	8	6.3	21	8
2015-04-24	0	10.1	27	8
2015-04-25	0	8.8	26	10.5
2015-04-26	0	9.3	25.5	9
2015-04-27	0	8.2	25.5	9.5
2015-04-28	0	5.9	23	8.5
2015-04-29	2	3.3	12.5	8.5
2015-04-30	15.5	1.9	12.5	8.5
2015-05-01	0	4.2	21	6
2015-05-02	0	3.7	20.5	4
2015-05-03	0	1	22.5	5.5
2015-05-04	3	2.01	24	7
2015-05-05	14	4.1	25	7.5
2015-05-06	0	7.7	24.5	7
2015-05-07	0	7.7	23.5	7.5
2015-05-08	0	8.9	24.5	7
2015-05-09	0	8.7	25	6
2015-05-10	0	9.14	27	6.5
2015-05-11	0	8.26	25.5	8
2015-05-12	0	5.9	21	8.5
2015-05-13	0	7.3	23	6.5
2015-05-14	0	3.9	21.5	7
2015-05-15	0	9.47	22.5	7.5
2015-05-16	42	4.82	23	8.5
2015-05-17	6	6.1	22.5	6.5
2015-05-18	0	8.4	22.5	6.5
2015-05-19	0	5.76	23	5.5
2015-05-20	0	8.9	23.5	8
2015-05-21	0	6.5	23	6.5
2015-05-22	0	4.7	21	7
2015-05-23	0	5	22	7
2015-05-24	2	3.6	22	6.5
2015-05-25	0	6.7	23.5	9.5
2015-05-26	0	9.2	23.5	9
2015-05-27	6.5	3.1	22	7.5
2015-05-28	0	5.6	22	7
2015-05-29	0	3.7	21	8
2015-05-30	14.5	2.6	18.5	8.5
2015-05-31	0	3.6	18.5	8.5
2015-06-01	0	4.5	17.5	6.5
2015-06-02	0	7.6	17.5	6
2015-06-03	0	4.1	17	6.5
2015-06-04	0	3.8	19.5	6.5
2015-06-05	0	3.9	21.5	6.5
2015-06-06	0	4.3	20.5	12.5
2015-06-07	0	7.6	23	8.5
2015-06-08	0	12.4	21.5	1.5
2015-06-09	0	1.8	22	1.5
2015-06-10	0	7.7	25.5	3
2015-06-11	0	10.2	26	3
2015-06-12	11.5	7.8	24	9
2015-06-13	8	2.7	24	10
2015-06-14	20	11	22	10.5
2015-06-15	0	5.1	22.5	9
2015-06-16	0	5.7	23	10
2015-06-17	2.5	5.7	22	11.5
2015-06-18	1.5	5.35	21	10.5
2015-06-19	17.5	9.05	20	5.5
2015-06-20	10.5	6.2	20	6
2015-06-21	0	0.5	21	11
2015-06-22	0	3.5	21.5	10
2015-06-23	0	8.85	20.5	9.5
2015-06-24	0	7.55	19.5	7
2015-06-25	0.5	4.95	19.5	6.5
2015-06-26	5.5	5.85	21.5	8
2015-06-27	0	6.3	20.5	8
2015-06-28	3	3.7	20.5	7.5
2015-06-29	3	3.3	20.5	9
2015-06-30	3.5	1	20.5	9.5
2015-07-01	20	1.29	26	9.5
2015-07-02	22	1.46	20.5	9
2015-07-03	25	1.75	20	9.5
2015-07-04	12	1	22.5	9
2015-07-05	5	7	22	10.5
2015-07-06	20	1.25	22.5	10
2015-07-07	20.5	1.35	25	10.5
2015-07-08	1.5	3.2	21.5	4.5
2015-07-09	7.5	3.5	19	4.5
2015-07-10	0	6.9	17.5	5
2015-07-11	0	7.3	18.5	9
2015-07-12	0	3	15	9.5
2015-07-13	0	3	20	9
2015-07-14	0	7	20.5	3.5
2015-07-15	0	5.4	11.5	3.5
2015-07-16	0	6	23.5	7
2015-07-17	7.5	NULO	22.5	6.5
2015-07-18	2.5	1.5	22	6.5
2015-07-19	18.5	1.55	22.5	6
2015-07-20	6.5	4.4	21.5	6.5
2015-07-21	5.5	5.5	21	6
2015-07-22	0.5	4	21	11.5
2015-07-23	5.5	4.6	21.5	9.5
2015-07-24	0.5	3.8	21.5	7.5
2015-07-25	0	5.6	23	6.5
2015-07-26	0	8	24	6.5
2015-07-27	0	6.9	23.5	7
2015-07-28	0	7.4	23.5	6.5
2015-07-29	0	8.8	23	6.5
2015-07-30	0	8.5	22	5.5
2015-07-31	0	6.7	22	5.5
2015-08-01	48.5	1.78	21.5	5
2015-08-02	18.5	7.9	22.5	6
2015-08-03	0	7	22	6
2015-08-04	0	5.3	21.5	6.5
2015-08-05	1	5.8	21.5	6.5
2015-08-06	0	4.7	22.5	6.5
2015-08-07	4.5	6.1	24.5	7.5
2015-08-08	2	4.7	23.5	7
2015-08-09	13.5	1.02	24	7.5
2015-08-10	0	8.3	21.5	9
2015-08-11	1.6	7.3	19.5	4.5
2015-08-12	0	5.8	18	5.5
2015-08-13	0	5	18.5	9
2015-08-14	0	8.4	21.5	4
2015-08-15	0	1.08	21	4
2015-08-16	8.5	3.2	19	4
2015-08-17	24.5	2.57	20.5	10
2015-08-18	1	2.7	19.5	11
2015-08-19	0	1.46	23.5	9
2015-08-20	10.5	7.7	23.5	6
2015-08-21	1.5	0.5	20.5	6
2015-08-22	9	4.9	21.5	9
2015-08-23	0	7.1	21	9.5
2015-08-24	0	7.8	21.5	6.5
2015-08-25	0	5.04	19	8
2015-08-26	0	4.5	19	8
2015-08-27	0.1	4.76	18	6.5
2015-08-28	0.5	2.4	18	7
2015-08-29	0	4.1	19.5	9.5
2015-08-30	0	1.32	20.5	10
2015-08-31	0	2.4	20.5	9.5
2015-09-01	0.2	3.6	21.5	8.5
2015-09-02	1	2.9	21.5	10
2015-09-03	5.5	2.8	20	11.5
2015-09-04	11.3	8.7	20.5	10
2015-09-05	0	6.55	20.5	6.5
2015-09-06	0	7.4	21.5	5.5
2015-09-07	0	7.14	23	6.5
2015-09-08	0	6	23	7.5
2015-09-09	0	5.56	22.5	6
2015-09-10	0	5.2	12.5	5.5
2015-09-11	0	5.76	22.5	6
2015-09-12	17.5	4.86	21	8.5
2015-09-13	25	4.1	18.5	9.5
2015-09-14	0	3.6	20.5	11.5
2015-09-15	8.3	4.7	22.5	10.5
2015-09-16	14	9.9	22	10.5
2015-09-17	0	5.5	21.5	10.5
2015-09-18	3	5.2	22	10
2015-09-19	0	6.5	21	5.5
2015-09-20	0	5.4	20.5	5.5
2015-09-21	0	5.6	30.5	8
2015-09-22	0	7.8	19.5	8
2015-09-23	0	6.2	19.5	6.5
2015-09-24	3.5	9.3	20.5	6.5
2015-09-25	0	2	16.5	10.5
2015-09-26	3.5	1.9	14.5	10
2015-09-27	33.5	9.9	14.5	9.5
2015-09-28	5.5	1.7	16.5	9.5
2015-09-29	1	3	16.5	8.5
2015-09-30	0	2.8	16.5	8
2015-10-01	0	3.3	15	8.5
2015-10-02	0	7.2	19	8.5
2015-10-03	0	8.5	22.5	1.5
2015-10-04	0	2.43	24	1.5
2015-10-05	0	2.7	22.5	3.5
2015-10-06	0	6.1	21.5	3
2015-10-07	0	5.2	23.5	3
2015-10-08	0	6.9	24	5
2015-10-09	0	5.6	21.5	4.5
2015-10-10	0	5.8	19.5	5
2015-10-11	0	5.7	22	7.5
2015-10-12	0	6.7	22.5	3.5
2015-10-13	0	7.8	21	3.5
2015-10-14	0	1.7	17.5	4.5
2015-10-15	0	5.6	15.5	6.5
2015-10-16	2.5	1.7	16.5	4.5
2015-10-17	2.5	2.5	13.3	5
2015-10-18	3.5	3	12	5
2015-10-19	0	2	13	5.5
2015-10-20	0	6.4	20.5	5.5
2015-10-21	0	1.25	21	4.5
2015-10-22	0	4	23	6.5
2015-10-23	0	7.6	23	10.5
2015-10-24	0	7.4	20	10.5
2015-10-25	0	5.7	19.5	10.5
2015-10-26	7	1.84	23.5	8.5
2015-10-27	7	8.2	18.5	9
2015-10-28	0	5.6	21.5	9.5
2015-10-29	0	4.2	19.5	10
2015-10-30	0	3.9	19	11.5
2015-10-31	0	2.1	19	9.5
2015-11-01	0	3.3	21.5	9.5
2015-11-02	0.5	5.7	23.5	8
2015-11-03	0	6.4	23	8
2015-11-04	0	5.9	21	2.5
2015-11-05	0	3.86	19	2.5
2015-11-06	0	6	21	5.5
2015-11-07	2.5	1.1	21.5	10.5
2015-11-08	0	7.1	21.5	6
2015-11-09	0	3.4	20.5	3.5
2015-11-10	0	6.23	20	3.5
2015-11-14	0	3.5	16.5	8
2015-11-15	2.5	2.5	22.5	4.5
2015-11-16	0	4	22	4.5
2015-11-17	0	3	22.5	6.5
2015-11-18	0	1.9	17.5	6.5
2015-11-19	0	4.7	21.5	7
2015-11-20	1.5	4.1	20.5	5.5
2015-11-21	0	3.4	14	7.5
2015-11-22	0	2.3	19.5	3.5
2015-11-23	3.5	3.2	22.5	3.5
2015-11-24	31.5	11.4	21.5	4
2015-11-25	0	3.6	21.5	5
2015-11-26	0	3.7	20.5	6.5
2015-11-27	0	4.2	20.5	3.5
2015-11-28	0	4.9	20	3.5
2015-11-29	0	5.1	20.5	3
2015-11-30	0	4.8	20	1
2015-12-01	0	3.5	21	2.5
2015-12-02	0	4.76	21.5	5.5
2015-12-03	0	2.1	20.5	4
2015-12-04	0	1.28	20.5	4.5
2015-12-05	0	9.96	20.5	4.5
2015-12-06	0	0.11	15.5	4.5
2015-12-07	4	3.6	19.5	3.5
2015-12-08	0	5.5	16.5	3.5
2015-12-09	0	1.33	20	3.5
2015-12-10	0	4.4	21.5	1.5
2015-12-11	0	3.8	21	1.5
2015-12-12	0	4.9	17	7.5
2015-12-13	0	4.6	23	4.5
2015-12-14	0	3.3	23	3
2015-12-15	0	5.5	22.5	3
2015-12-16	0	3.7	23.5	3.5
2015-12-17	0	4.5	10	4
2015-12-18	0	3.9	20	0
2015-12-19	0	3.5	20	1.5
2015-12-20	0	4.7	17	4
2015-12-21	0	3.7	21.5	4.5
2015-12-22	2.5	3.8	11.5	5.5
2015-12-23	0	3.84	20.5	1.5
2015-12-24	0	5.26	20.5	1
2015-12-25	0	3.9	21.5	2
2015-12-26	0	3.6	11.5	3.5
2015-12-27	0	5.3	21.5	1.5
2015-12-28	0	6.9	22.5	4
2015-12-29	0	5.4	21.5	5.5
2015-12-30	0	4	19	3
2015-12-31	0	2	19	2
2016-01-01	0	3.4	20.5	3.5
2016-01-02	0	1.8	17.5	5.5
2016-01-03	12.5	4.2	16.5	5
2016-01-04	0	3.7	17	5
2016-01-05	0	4	18	5.5
2016-01-06	0	5.4	17.5	1.5
2016-01-07	0	4.4	18	1
2016-01-08	0	3.5	19	1.5
2016-01-09	0	5.3	18.5	3.5
2016-01-10	0	5.2	19.5	3.5
2016-01-11	0	5.1	10	0.5
2016-01-12	0	4.7	11	1.5
2016-01-13	0	3.9	13	3.5
2016-01-14	0	4.5	19.5	3.5
2016-01-15	0	5.4	18	2.5
2016-01-16	0	4.2	21	2
2016-01-17	0	4.31	21	0.5
2016-01-18	0	4.6	17	1
2016-01-19	0	4.4	20	0.5
2016-01-20	0	3.9	20.5	0.5
2016-01-21	0	6.1	19	0.5
2016-01-22	0	4.1	19	0.5
2016-01-23	0	4.3	17	2.5
2016-01-24	0	6.1	20.5	2.5
2016-01-25	0	5.7	23	1
2016-01-26	0	4.5	19	1
2016-01-27	0	5.5	19	1.5
2016-01-28	0	4.8	13.5	1.5
2016-01-29	0	5.2	14.5	2
2016-01-30	0	4.6	20	3.5
2016-01-31	0	4.5	20	4.5
2016-02-01	0	3.8	23.5	3
2016-02-02	0	4.2	22	3
2016-02-03	0	1.27	25	3
2016-02-04	0	4.7	25	2
2016-02-05	0	4.2	22.5	1.5
2016-02-06	0	4.6	22.5	1.5
2016-02-07	0	4.4	19	1.5
2016-02-08	0	4.5	11.5	2
2016-02-09	0	3.5	12	2
2016-02-10	0	3.9	12	1.5
2016-02-11	0	4.1	18.5	3.5
2016-02-12	0	3.7	18	2
2016-02-13	0	4.9	16.5	4.5
2016-02-14	0	4.4	21.5	3
2016-02-15	0	4	21.5	1
2016-02-16	0	4.8	21.5	0.5
2016-02-17	0	4.7	19	1
2016-02-18	0	5.3	21	4
2016-02-19	0	4.2	21.5	0.5
2016-02-20	0	4.6	21.5	2.5
2016-02-21	0	4.4	24.5	0.5
2016-02-22	0	7.3	24.5	3.5
2016-02-23	0	8.4	24	5.5
2016-02-24	0	6.4	24	3.5
2016-02-25	0	5.8	23.5	3
2016-02-26	0	6.1	20.5	3
2016-02-27	0	4.8	21	3.5
2016-02-28	0	2.3	20.5	2.5
2016-02-29	0	5.21	20.5	3.5
2016-03-01	3	4.4	19.5	6.5
2016-03-02	4	5.4	12.5	6.5
2016-03-03	0	2.9	17.5	6.5
2016-03-04	1.3	4	12.5	5.5
2016-03-05	0	6	19	0.5
2016-03-06	0	7.7	21	1
2016-03-07	0	7.21	21.5	3.5
2016-03-08	16	4.6	19	3.5
2016-03-09	4.3	10.1	11	7.5
2016-03-10	0	6.2	13.5	5.5
2016-03-11	0	7	10.5	3.5
2016-03-12	0	4.4	22.5	1
2016-03-13	0	8.6	24.5	0.5
2016-03-14	0	13.7	25	2.5
2016-03-15	0	8.1	27	4.5
2016-03-16	0	6.2	25	7
2016-03-17	0	6	23.5	6.5
2016-03-18	0	6	23.5	6.5
2016-03-19	0	4.7	20.5	6.5
2016-03-20	0	4	12	6
2016-03-21	0	2.1	11	4
2016-03-22	0	5.2	21.5	4
2016-03-23	0	5	23	4.5
2016-03-24	2.2	5.3	24.5	4.5
2016-03-25	0	8.7	24	3.5
2016-03-26	0	3.3	24	3.5
2016-03-27	0	3.5	25.5	6.5
2016-03-28	2.3	6.3	23.5	6.5
2016-03-29	0	7.7	25.5	6.5
2016-03-30	0	10.6	26.5	6.5
2016-03-31	0	7.35	26	6.5
2016-04-01	0	12	27.5	6.5
2016-04-02	0	8.6	23	9
2016-04-03	0	5.7	25	6.5
2016-04-04	0	9.6	25	4
2016-04-05	0	10.7	24.5	4
2016-04-06	0	9.9	26	4
2016-04-07	0	8.8	25.5	4
2016-04-08	0	8.2	25	5
2016-04-09	10.5	5.3	26.5	5
2016-04-10	0	4.7	25	5
2016-04-11	0	9.2	27.5	5.5
2016-04-12	0	8.3	27.5	5.5
2016-04-13	0	7.9	28.5	7.5
2016-04-14	0	10.87	26.5	5
2016-04-15	0	10.8	26.5	6.5
2016-04-16	0	9.6	26.5	7
2016-04-17	0	9.1	25.5	7.5
2016-04-18	35.5	8.1	27	7.5
2016-04-19	8.5	5.4	23	5.5
2016-04-20	16	5.6	19	6.5
2016-04-21	6.2	5.8	21	5.5
2016-04-22	0	3.4	18.5	6.5
2016-04-23	0	3.7	17	8
2016-04-24	1.5	7.7	21	6.5
2016-04-25	0	6.7	22.5	6.5
2016-04-26	0	10.6	24	6.5
2016-04-27	0	5.7	27	6
2016-04-28	0	9.6	27.5	6.5
2016-04-29	0	11.7	27.5	8.5
2016-04-30	0	5	27.5	8
2016-05-01	0	10	28.5	7
2016-05-02	0	8	26.5	7.5
2016-05-03	1.5	14.6	24.5	10
2016-05-04	0	12.32	24	6.5
2016-05-05	0	6.9	27	6.5
2016-05-06	0	2	28.5	7
2016-05-07	0	5.9	26	8
2016-05-08	0	8.1	27	6.5
2016-05-09	0	6.8	26.5	6.5
2016-05-10	5	4.2	27.5	7
2016-05-11	0	7.9	26.5	6.5
2016-05-12	0	7.2	26	6
2016-05-13	0	2.81	27	7
2016-05-14	0	7.5	27.5	7
2016-05-15	0	8.3	28.5	8.5
2016-05-16	0	8.2	26.5	8.5
2016-05-17	10.5	7.4	28.5	7
2016-05-18	0	8.1	26.5	6.5
2016-05-19	0	6.4	26.5	7
2016-05-20	0	8.6	27	7.5
2016-05-21	0	7.9	28	7
2016-05-22	0	8.1	28.5	7.5
2016-05-23	0	12.4	27.5	7.5
2016-05-24	0	9.9	26.5	7
2016-05-25	0	8.1	28.5	7.5
2016-05-26	15.5	12.3	27	8
2016-05-27	0.5	8.7	25.5	7
2016-05-28	0	8.8	22.5	6.5
2016-05-29	0	9.2	28	7
2016-05-30	0	7.11	29	7.5
2016-05-31	0	5.16	29	8
2016-06-01	20.5	2.27	27.5	8.5
2016-06-02	10.5	2.13	28	7.5
2016-06-03	2.5	9.7	27.5	8.5
2016-06-04	0	7.7	28	9
2016-06-05	0	8.1	27	8.5
2016-06-06	0	10.2	27.5	8
2016-06-07	0	8.8	28.5	7.5
2016-06-08	30.5	2.07	27.5	8
2016-06-09	7.5	12.2	27.5	7.5
2016-06-10	0	8.3	28.5	8
2016-06-11	0	7.8	27	8.5
2016-06-12	0	9.4	28.5	8.5
2016-06-13	0	9.3	28	7.5
2016-06-14	0	2.65	27.5	7
2016-06-15	25.5	2.53	28.5	7.5
2016-06-16	10.5	2.7	27.5	8.5
2016-06-17	2.5	5.5	28	7.5
2016-06-18	0	8.8	28.5	8
2016-06-19	0	8.1	27.5	8.5
2016-06-20	0	8.9	27.5	7.5
2016-06-21	0	8.2	27	7
2016-06-22	0	7.8	27	7.5
2016-06-23	17.5	5.4	28.5	7
2016-06-24	10.5	6.8	27	8
2016-06-25	12.5	5.5	27.5	7.5
2016-06-26	0	6.7	28.5	8
2016-06-27	0	8.8	27.5	8.5
2016-06-28	0	7.5	28	7.5
2016-06-29	0	7.6	27.5	8
2016-06-30	0	5.33	27.5	7.5
2016-07-01	7.5	9.6	28.5	7.5
2016-07-02	20.5	9.3	28	8
2016-07-03	0	8.2	28.5	7.5
2016-07-04	0	6	28	8.5
2016-07-05	0	7.9	27.5	8.5
2016-07-06	10	5.8	27	7.5
2016-07-07	5	11.3	25.5	7
2016-07-08	30.5	2.74	27.5	7.5
2016-07-09	0	2.5	27	7
2016-07-10	0	9.1	28	7.5
2016-07-11	0	8.9	27.5	8
2016-07-12	0	8.1	22.5	7.5
2016-07-13	18.5	2.35	28.5	7.5
2016-07-14	12.5	1.54	28	8
2016-07-15	5	1.78	27	7.5
2016-07-16	0	6.3	28.5	7.5
2016-07-17	0	5.9	27.5	8
2016-07-18	0	0.9	28	7.5
2016-07-19	25	2.75	27.5	8
2016-07-20	22.5	2.46	28.5	7.5
2016-07-21	10	1.24	27.5	5.5
2016-07-22	12	9.8	27	7.5
2016-07-23	25	2.02	28.5	8
2016-07-24	35	2.98	28.5	7.5
2016-07-25	30	3.22	22.5	8.5
2016-07-26	17.5	2.13	28.5	7.5
2016-07-27	17	2.22	27.5	8.5
2016-07-28	0.5	6.3	28.5	8
2016-07-29	0	3.1	27.5	7.5
2016-07-30	0	3	28.5	7
2016-07-31	0	3.92	28.5	7.5
2016-08-01	0	7.7	28.5	7.5
2016-08-02	0	6.8	27.5	8.5
2016-08-03	12	1.43	27.5	7.5
2016-08-04	10	7.79	27.5	8
2016-08-05	17	1.33	28.5	8.5
2016-08-06	20.5	1.65	27.5	8.5
2016-08-07	18.5	1.53	27.5	7.5
2016-08-08	7.5	1.01	27.5	7
2016-08-09	0	8.19	28.5	7.5
2016-08-10	25.5	2.17	28.5	7.5
2016-08-11	35.5	3.24	28	7
2016-08-12	45.5	3.96	27.5	7
2016-08-13	0	5.8	25.5	8.5
2016-08-14	0	5.9	26	7.5
2016-08-15	0	6.3	26	7
2016-08-16	26.5	2.22	28.5	7.5
2016-08-17	29.5	2.76	27	8
2016-08-18	21.5	2.37	26	8.5
2016-08-19	13.5	1.61	29	7
2016-08-20	0	6.3	28	7
2016-08-21	0	5.9	29	8
2016-08-22	0	6.7	29	7.5
2016-08-23	43	3.65	29	7
2016-08-24	36	3.67	28.5	7.5
2016-08-25	30	3.09	29.5	7
2016-08-26	48.5	4.17	28.5	8
2016-08-27	0	6.2	28	7.5
2016-08-28	0	5.8	29	7.5
2016-08-29	0	6	27.5	7.5
2016-08-30	0	5.2	27.5	8
2016-08-31	0	1	27.5	7.5
2016-09-01	0	5.9	28.5	7.5
2016-09-02	0	4.18	27.5	8
2016-09-03	0	5.8	29	7
2016-09-04	0	5.9	29.5	8.5
2016-09-05	0	5.3	27	7.5
2016-09-06	21.5	2.43	28.5	8
2016-09-07	35	3.02	28	7.5
2016-09-08	40.5	2.82	27.5	8
2016-09-09	0	5.3	28.5	7.5
2016-09-10	0	5.8	27.5	8.5
2016-09-11	0	4.2	28	7
2016-09-12	0	5.7	27	8.5
2016-09-13	0	6.3	28.5	7.5
2016-09-14	0	5.7	27.5	8.5
2016-09-15	22.5	1.93	28.5	2.5
2016-09-16	17	2.15	28.5	8.5
2016-09-17	0	5.8	28	8
2016-09-18	0	5.2	27.5	8
2016-09-19	0	5.7	27	7.5
2016-09-20	0	9.3	27.5	7
2016-09-21	29.5	2.6	29.5	7.5
2016-09-22	33	3.41	28.5	8.5
2016-09-23	0	6.3	27.5	8.5
2016-09-24	0	5.2	28	7.5
2016-09-25	0	5.7	28.5	8
2016-09-26	0	6	27.5	7.5
2016-09-27	0	6.3	28.5	7.5
2016-09-28	15	1.68	28	8
2016-09-29	21.5	2.37	28.5	7.5
2016-09-30	0	5.8	28.5	8.5
2016-10-01	0	6.2	28.5	7.5
2016-10-02	20	2.4	27.5	8
2016-10-03	0	5.8	28	7
2016-10-04	12.5	1.77	28.5	8
2016-10-05	10.5	1.34	28	7.5
2016-10-06	0.7	7.5	27.5	8
2016-10-07	0	7.1	27.5	7.5
2016-10-08	0	NULO	28	8
2016-10-09	0	6.9	28.5	7.5
2016-10-10	0	5.8	28	8.5
2016-10-11	0	5.2	28.5	7.5
2016-10-12	0	5.9	27.5	7.5
2016-10-13	0	5.1	27.5	8
2016-10-14	0	5.8	28.5	7.5
2016-10-15	25.5	2.77	27.5	8
2016-10-16	13	1.59	28	7.5
2016-10-17	20	2.31	27.5	8
2016-10-18	35.5	3.35	28	7.5
2016-10-19	42	3.95	27.5	8
2016-10-20	0	6.5	28.5	7.5
2016-10-21	0	5.9	26	8.5
2016-10-22	0	6.1	25.5	7
2016-10-23	0	6	26.5	7.5
2016-10-24	0	5.8	27	8.5
2016-10-25	0	5.8	29.5	7.5
2016-10-26	17.5	2.25	27.5	7
2016-10-27	12.5	1.69	28.5	8
2016-10-28	0.7	5.6	27	7.5
2016-10-29	0	6.2	28.5	8
2016-10-30	0	5.9	27	8.5
2016-10-31	0	5.6	27	7.5
2016-11-01	0	6.4	22.5	8.5
2016-11-02	0	5.1	28.5	7.5
2016-11-03	0	5.9	22.5	8
2016-11-04	0	5.1	28	7.5
2016-11-05	0	4.9	27.5	8.5
2016-11-06	0	NULO	28	7.5
2016-11-07	0	5.4	22.5	8
2016-11-08	0	6.5	28	7.5
2016-11-09	0	5	27.5	7
2016-11-10	12	1.58	29.5	7.5
2016-11-11	10.5	1.56	28.5	8
2016-11-12	0	6.9	22.5	7.5
2016-11-13	0	5.2	28	8
2016-11-14	0	5.9	27.5	7.5
2016-11-15	0	4.9	28	8
2016-11-16	0	5.8	28.5	7.5
2016-11-17	0	6.2	29.5	8.5
2016-11-18	0	6.2	28.5	8
2016-11-19	0	5.8	28	7.5
2016-11-20	0	6.2	26.5	8.5
2016-11-21	0	5.9	27	8
2016-11-22	0	3.1	26.5	7
2016-11-23	0	6.9	28.5	7
2016-11-24	0	6.9	29	6.5
2016-11-25	0	6.2	28.5	8.5
2016-11-26	0	5.9	27.5	7.5
2016-11-27	7	1.2	28.5	7
2016-11-28	7.5	1.16	27.5	8
2016-11-29	0	5.9	28	7.5
2016-11-30	0	6.1	28	7.5
2016-12-01	0	0.11	28	7.5
2016-12-02	0	5.9	27.5	7.5
2016-12-03	0	6.8	22	7.5
2016-12-04	0	5.2	24.5	7.5
2016-12-05	0	5.8	24	6
2016-12-06	0	10.2	24.5	6.5
2016-12-07	0	5.9	23.5	6
2016-12-08	0	6.7	24	6.5
2016-12-09	0	6.3	29.5	6
2016-12-10	0	5.1	24.5	6.5
2016-12-11	0	5.7	24	5
2016-12-12	0	6.1	23	5
2016-12-13	0	6.2	22.5	4.5
2016-12-14	0	6	22	4
2016-12-15	0	5.8	20.5	4
2016-12-16	0	5.9	24	3.5
2016-12-17	0	6.3	22.5	3
2016-12-18	0	5.9	22.5	3.5
2016-12-19	0	6.7	22	3
2016-12-20	0	5.4	26.5	3
2016-12-21	0	6	27	4
2016-12-22	0	5.9	28	4.5
2016-12-23	0	5	27	6
2016-12-24	0	0.2	25.5	6.5
2016-12-25	0	5.9	24.5	6.5
2016-12-26	0	6.7	22.5	6
2016-12-27	0	4.1	22.5	5.5
2016-12-28	0	6.2	20.5	5
2016-12-29	0	6	20	4.5
2016-12-30	0	5.9	21.5	4
2016-12-31	0	NULO	21.5	4
2017-01-01	0	6.4	22.5	5
2017-01-02	0	7.1	21	5
2017-01-03	0	6.7	22	7
2017-01-04	0	7.3	21.5	7.5
2017-01-05	0	5.9	22.5	8
2017-01-06	0	6.6	21	5
2017-01-07	0	6.9	21	4
2017-01-08	0	6.6	19.5	4
2017-01-09	0	6.9	17.5	4
2017-01-10	0	7	17	3.5
2017-01-11	0	6.2	17.5	3
2017-01-12	0	6.5	17	3
2017-01-13	0	7.4	16.5	3
2017-01-14	0	6.1	20	3
2017-01-15	0	7.1	20.5	3.5
2017-01-16	0	7.12	21	4
2017-01-17	0	6.8	20.5	4.5
2017-01-18	0	6.8	22	4
2017-01-19	0	8.4	22	5
2017-01-20	0	6.1	21.5	5
2017-01-21	0	6.8	21	5
2017-01-22	0	7.1	21	4.5
2017-01-23	0	7.9	22.5	4.5
2017-01-24	0	6.9	21.5	4
2017-01-25	0	6.8	21.5	4.5
2017-01-26	0	7.4	19.5	4.5
2017-01-27	0	6.8	20	5
2017-01-28	0	7.1	21.5	5
2017-01-29	0	7.2	20.5	5
2017-01-30	0	7	20	5.5
2017-01-31	0	6.7	20	5
2017-02-01	0	7.2	17.5	5
2017-02-02	0	6.9	18.5	4
2017-02-03	0	6.7	17.5	4
2017-02-04	0	6.9	17	3.5
2017-02-05	0	6.5	15.5	3
2017-02-06	0	7	15	2
2017-02-07	0	6.9	15.5	2.5
2017-02-08	0	7.1	12	2.5
2017-02-09	0	6.9	15	2
2017-02-10	0	7.5	17	2
2017-02-11	0	7.7	18.5	2
2017-02-12	0	6.9	15	2
2017-02-13	0	6.9	15.5	1.5
2017-02-14	0	7.1	15.5	1.5
2017-02-15	0	6.8	14.5	1.5
2017-02-16	0	6.3	13.5	1
2017-02-17	0	6.9	13.5	1
2017-02-18	0	7.3	12	1
2017-02-19	0	7.3	12	0
2017-02-20	0	7.25	12	0
2017-02-21	0	7.1	17	1.5
2017-02-22	0	4.1	16.5	1.5
2017-02-23	0	5.8	20	1
2017-02-24	0	6.7	21.5	2.5
2017-02-25	0	6.8	22.5	2.5
2017-02-26	0	9.4	21.5	3.5
2017-02-27	0	7.9	23	4
2017-02-28	0	6.2	23	4.5
2017-03-01	0	7.9	25	5.5
2017-03-02	0	4.7	27	7
2017-03-03	0	1.3	22	8.5
2017-03-04	0	8.3	28.5	8
2017-03-05	0	6.9	22.5	8.5
2017-03-06	0	7.1	23.5	7
2017-03-07	0	3.9	23.5	7
2017-03-08	10	5.1	25	7.5
2017-03-09	20	4.1	22.5	8
2017-03-10	17.5	4.4	25.5	8.5
2017-03-11	60.5	6.5	21.5	8.5
2017-03-12	30	4.7	25	7
2017-03-13	22	9.3	22	7
2017-03-14	0	6.9	22.5	7
2017-03-15	0	7.9	21	7.5
2017-03-16	0	6.2	20.5	7
2017-03-17	0	6.7	19.5	6.5
2017-03-18	0	7.3	20	6
2017-03-19	0	4.7	18.5	6
2017-03-20	0	6.9	25	5
2017-03-21	0	7.2	23.5	7.5
2017-03-22	0	6.2	24.5	7.5
2017-03-23	0	6.9	22.5	8
2017-03-24	0	6.7	21.5	7.5
2017-03-25	0	5.9	20.5	6.5
2017-03-26	0	6.9	20.5	6
2017-03-27	0	7.4	21.5	5.5
2017-03-28	0	6	21.5	5.5
2017-03-29	0	7.9	21	6
2017-03-30	0	4.1	21.5	6
2017-03-31	0	6.7	21.5	6
2017-04-01	12.5	3.1	23.5	6
2017-04-02	20.5	5.4	22.5	7
2017-04-03	7	6.1	21.5	7
2017-04-04	0	7	22.5	7
2017-04-05	0	6.9	23.5	7.5
2017-04-06	0	6.4	24.5	7
2017-04-07	0	7.2	25	7.5
2017-04-08	0	8.9	25.5	7.5
2017-04-09	0	8	26	7.5
2017-04-10	0	8.1	26.5	8.5
2017-04-11	0	6.3	26.5	8.5
2017-04-12	0	7.3	27.5	8.5
2017-04-13	0	7.9	28.5	8.5
2017-04-14	0	8.9	29	8.5
2017-04-15	0	10.2	30.5	9
2017-04-16	0	8.9	29	9.5
2017-04-17	12.5	4.4	27.5	8.5
2017-04-18	7.5	2.7	27.5	7.5
2017-04-19	0	6.9	28.5	7
2017-04-20	0	6.2	26	7.5
2017-04-21	0	6.3	25.5	6.5
2017-04-22	0	6.9	23	6
2017-04-23	0	6.7	24	6.5
2017-04-24	0	7.9	25.5	6.5
2017-04-25	0	7.8	26.5	6
2017-04-26	0	8.9	25	7.5
2017-04-27	0	10.1	27.5	7
2017-04-28	0	9.4	28	7.5
2017-04-29	0	9.2	28.5	8
2017-04-30	0	8.3	28	8
2017-05-01	22.5	9.3	29.5	8.5
2017-05-02	30.5	5.4	29.5	8.5
2017-05-03	17.5	2.8	29	8.5
2017-05-04	0	8	28.5	8
2017-05-05	0	7	27.5	8.5
2017-05-06	0	7.9	28	8
2017-05-07	0	7.7	27.5	8.5
2017-05-08	0	8.1	28	8
2017-05-09	0	8.2	29	7.5
2017-05-10	0	7.8	29.5	8.5
2017-05-11	0	8.8	28.5	8.5
2017-05-12	0	9.4	30.5	7.5
2017-05-13	0	7.8	30.5	8.5
2017-05-14	0	7.2	29.5	8.5
2017-05-15	0	7.8	28.5	8.5
2017-05-16	15.5	8.7	29.5	7.5
2017-05-17	20.5	2.4	28.5	8.5
2017-05-18	0	7.9	29.5	8
2017-05-19	0	8.2	28.5	8.5
2017-05-20	0	2	29	7.5
2017-05-21	0	4.3	29	8
2017-05-22	0	9.3	28.5	5
2017-05-23	0	8	29.5	7.5
2017-05-24	0	7.9	28.5	8.5
2017-05-25	0	8.1	27.5	8
2017-05-26	0	8.7	29.5	7.5
2017-05-27	0	8.3	28.5	7.5
2017-05-28	0	8.6	27.5	7
2017-05-29	0	9.4	28.5	7.5
2017-05-30	25.5	6.3	29.5	7.5
2017-05-31	0	6.2	29.5	8.5
2017-06-01	27.5	3.48	28.5	8.5
2017-06-02	35.5	1.3	29	7.5
2017-06-03	0	5.3	29.5	8
2017-06-04	0	8.8	30.5	8.5
2017-06-05	0	9.2	30.5	9
2017-06-06	0	8.9	30.5	9.5
2017-06-07	0	9.1	30	9.5
2017-06-08	0	8.9	31	9
2017-06-09	0	7.1	29.5	9.5
2017-06-10	0	8	29.5	8.5
2017-06-11	0	7.9	30	8
2017-06-12	0	8.9	30	8.5
2017-06-13	0.7	8.8	30.5	8
2017-06-14	0	7.1	21.5	8.5
2017-06-15	0	6.1	19.5	7
2017-06-16	0	7.9	17	6.5
2017-06-17	0	8.1	20.5	5.5
2017-06-18	0	7.9	22.5	6.5
2017-06-19	0	8.9	21.5	7
2017-06-20	0	9.2	22.5	7
2017-06-21	0	7.9	23.5	7
2017-06-22	0	8.9	22.5	7.5
2017-06-23	0	9.2	21.5	7.5
2017-06-24	20.5	6.3	22.5	7.5
2017-06-25	15.5	9.7	21.5	7.5
2017-06-26	33.5	7.3	21.5	7
2017-06-27	20.5	2.4	22.5	7.5
2017-06-28	12.5	4.6	21.5	7.5
2017-06-29	35.5	3.4	20.5	7
2017-06-30	0	4.7	20.5	7.5
2017-07-01	0	7.1	22	7.5
2017-07-02	0	7.9	21.5	7
2017-07-03	0	4.9	21	7
2017-07-04	45.5	3.6	22.5	6.5
2017-07-05	9	10.1	23.5	7
2017-07-06	12.5	5.4	22	7.5
2017-07-07	60.5	4.64	23	7.5
2017-07-08	5.5	4.3	22.5	7.5
2017-07-09	7.5	2.8	22	7
2017-07-10	8.5	2.4	23	7.5
2017-07-11	6.5	2.6	22.5	8
2017-07-12	17.5	2.04	20.5	8.5
2017-07-13	0	6.2	20.5	7.5
2017-07-14	0	5.9	21.5	7.5
2017-07-15	0	6.7	20.5	7
2017-07-16	0	6.9	20.5	7
2017-07-17	20.5	5.9	20	7.5
2017-07-18	35.5	2.6	20.5	7
2017-07-19	49.5	4.05	20	7.5
2017-07-20	35.5	2.53	20.5	7
2017-07-21	0	8.2	22	7
2017-07-22	10.5	5.4	21.5	7.5
2017-07-23	22.5	2.15	22.5	7.5
2017-07-24	37.5	2.46	21.5	8
2017-07-25	40.5	2.71	21	8
2017-07-26	27.5	2.83	22.5	8
2017-07-27	0	6.1	22.5	7.5
2017-07-28	0	4	22	7
2017-07-29	0	5.9	20.5	7.5
2017-07-30	0	4.9	21.5	7.5
2017-07-31	0	5.2	21.5	7.5
2017-08-01	22	1.99	22.5	7
2017-08-02	17.1	2.12	25	7.5
2017-08-03	30.2	1.91	24.5	7.5
2017-08-04	10.1	1.3	25	7.5
2017-08-05	0	6.1	25	7
2017-08-06	0	5.1	25	7
2017-08-07	0	5.9	24.5	7
2017-08-08	0	5	21.5	7.5
2017-08-09	35.1	1.8	20	7.5
2017-08-10	0	6.1	22.5	7
2017-08-11	0	7.1	22.5	7.5
2017-08-12	0	6.6	27	8
2017-08-13	0	6.9	28.5	8.5
2017-08-14	27.1	1.86	29	8.5
2017-08-15	35.2	2.41	27.5	9
2017-08-16	0	6	27	7.5
2017-08-17	0	6.7	29.5	7.5
2017-08-18	0	7.2	22	8.5
2017-08-19	0	2.3	22.5	7.5
2017-08-20	0	3.62	28	8
2017-08-21	0	6.5	28.5	7.5
2017-08-22	0	1.35	27	8.5
2017-08-23	0	6.5	27	7.5
2017-08-24	10.5	1.49	22.5	7.5
2017-08-25	0	5.8	22.5	7
2017-08-26	0	5.9	22.5	7.5
2017-08-27	0	6.1	20	7.5
2017-08-28	0	6.2	21.5	8
2017-08-29	0	5.8	21	7.5
2017-08-30	0	6.2	22.5	7
2017-08-31	0	6	22.5	7.5
2017-09-01	0	5.9	22.5	7.5
2017-09-02	15.1	1.82	21.5	7
2017-09-03	20.5	1.64	20.5	7.5
2017-09-04	12.3	1.38	22.5	8
2017-09-05	12.5	1.63	20.5	8
2017-09-06	15.2	1.83	19.5	7.5
2017-09-07	20	1.91	19	7
2017-09-08	25.5	2.33	19.5	7
2017-09-09	22.5	2.33	19	7
2017-09-10	6	9.4	17	7.5
2017-09-11	0	5.9	17.5	7
2017-09-12	0	7.1	17	6
2017-09-13	0	4.7	17.5	6
2017-09-14	0	7.1	18.5	7
2017-09-15	0	6.4	16.5	7.5
2017-09-16	0	5.9	17	7
2017-09-17	0	6.1	16.5	6.5
2017-09-18	0	5.8	17	6.5
2017-09-19	0	5.9	17.5	6
2017-09-20	0	6.1	17.5	6.5
2017-09-21	0	6.2	19	6.5
2017-09-22	0	1.35	19.5	7
2017-09-23	10.5	1.52	19	7.5
2017-09-24	12.5	1.67	19	7
2017-09-25	6.5	1.24	18.5	6
2017-09-26	8	1.31	18	6
2017-09-27	10.5	1.45	18.5	7
2017-09-28	17	1.89	18.5	6.5
2017-09-29	25.5	2.16	19	6
2017-09-30	25.5	1.17	19	6.5
2017-10-01	11	2.96	18.5	6.5
2017-10-02	0	6.1	17.5	6.5
2017-10-03	0	6.08	17	6
2017-10-04	0	4.8	16.5	6
2017-10-05	0	5.8	16.5	6
2017-10-06	0	5.2	14.5	6
2017-10-07	0	5.15	14.5	4
2017-10-08	10	3	18.5	4.5
2017-10-09	25.5	6.1	18	6
2017-10-10	30.5	2.37	18.5	6.5
2017-10-11	10.5	11.4	19.5	7
2017-10-12	0.7	6.8	19.5	7.5
2017-10-13	17	2	19	7
2017-10-14	10.5	1.54	18.5	7
2017-10-15	6	10.9	19.5	7.5
2017-10-16	0	5.8	19	7.5
2017-10-17	0	7.3	19.5	7
2017-10-18	0	4.9	19.5	7.5
2017-10-19	0	5.1	17.5	7
2017-10-20	0	5.7	17.5	5
2017-10-21	0	5.2	16.5	5
2017-10-22	0	4.9	16.5	4
2017-10-23	0	3.2	17	4.5
2017-10-24	0	5.1	16.5	5
2017-10-25	0	4.9	16.5	4.5
2017-10-26	0	5.1	17	4.5
2017-10-27	0	7.9	15	4
2017-10-28	0	7.1	16	3
2017-10-29	0	7.8	14.5	3
2017-10-30	0	8.2	14.5	2.5
2017-10-31	0	9.81	14.5	2.5
2017-11-01	0	9.1	16.5	3
2017-11-02	0	5.8	17	4
2017-11-03	0	9.2	17	4
2017-11-04	0	6.9	17.5	4
2017-11-05	0	8.1	18	4
2017-11-06	0	6.9	19.5	5
2017-11-07	0	7.9	17.5	5
2017-11-08	0	7.2	18	5
2017-11-09	0	7.7	17.5	4.5
2017-11-10	0	8.2	18.5	4.5
2017-11-11	0	7.1	17.5	4
2017-11-12	0	7	17	4
2017-11-13	0	4.2	17.5	4
2017-11-14	0	7.2	17	4
2017-11-15	0	7.8	18	4
2017-11-16	0	9.2	16.5	4
2017-11-17	0	7.9	16	4
2017-11-18	0	7.1	16.5	4
2017-11-19	0	7.8	14	4
2017-11-20	0	8.2	12.5	3.5
2017-11-21	0	8.8	15	3.5
2017-11-22	0	8.2	15	3
2017-11-23	0	6.9	15.5	3
2017-11-24	0	7.1	15.5	3
2017-11-25	0	7	16	3
2017-11-26	0	8.8	16.5	3
2017-11-27	0	7.1	15.5	3
2017-11-28	0	7.15	16	3
2017-11-29	0	6.45	16	3
2017-11-30	0	6.15	16	3
2017-12-01	0	7.9	13	3.5
2017-12-02	0	7.67	12	3
2017-12-03	0	8.1	12	3
2017-12-04	0	7.8	12	2
2017-12-05	0	8.2	13.5	2
2017-12-06	0	8.8	12	2
2017-12-07	0	7.1	12	4
2017-12-08	0	7.2	11	4
2017-12-09	0	7.9	11.5	4
2017-12-10	0	8.1	12.5	2
2017-12-11	0	6.7	12.5	2
2017-12-12	0	8.3	13	2
2017-12-13	0	10.2	11.5	2
2017-12-14	0	7.8	11	2
2017-12-15	0	8.1	11.5	2
2017-12-16	0	8.2	10.5	2
2017-12-17	0	7.9	10	4
2017-12-18	0	5.9	10	4
2017-12-19	0	8	11	4
2017-12-20	0	7.2	10.5	4
2017-12-21	0	7.9	10	4
2017-12-22	0	7.8	10	4
2017-12-23	0	8.1	11	4
2017-12-24	0	7.2	11.5	4
2017-12-25	0	8.7	10	4
2017-12-26	0	8.1	10	4
2017-12-27	0	9.1	10.5	4
2017-12-28	0	11	10.5	4
2017-12-29	0	8.2	11	4
2017-12-30	0	8.88	10.5	4
2017-12-31	0	8.15	10.5	4
2018-01-01	0	7.9	10.5	4
2018-01-02	0	7.1	11	4
2018-01-03	0	7.2	11.5	4
2018-01-04	0	8	11.5	4
2018-01-05	0	8.3	11	4
2018-01-06	0	9.7	11.5	4
2018-01-07	0	9.2	10.5	4
2018-01-08	0	8.1	10.5	4
2018-01-09	0	8.8	10	4
2018-01-10	0	8.2	10.5	4
2018-01-11	0	6	10.5	4
2018-01-12	0	2.2	10	4
2018-01-13	0	1.57	10	4
2018-01-14	0	6.3	11.5	4
2018-01-15	0	7.6	14	4
2018-01-16	0	8.1	14.5	5
2018-01-17	0	8.3	15	5
2018-01-18	0	8.8	17.5	5
2018-01-19	0	7.2	17.5	5.5
2018-01-20	0	7.8	18	5.5
2018-01-21	0	8.1	19	8
2018-01-22	0	8.11	19	5
2018-01-23	0	7.8	19	5
2018-01-24	0	8.2	20	5
2018-01-25	0	7.9	20.5	5.5
2018-01-26	0.7	2.8	19.5	6
2018-01-27	0.5	4.5	19	5.5
2018-01-28	0.8	6.9	19.5	6
2018-01-29	0	2.3	19	5.5
2018-01-30	0	6.2	19	5.5
2018-01-31	0	6.1	19	5.5
2018-02-01	0	8.2	20.5	5.5
2018-02-02	0	7.9	20	6.5
2018-02-03	0	8.1	20	5.5
2018-02-04	0	7.9	19	5
2018-02-05	0	8.9	19.5	5.5
2018-02-06	0	9.4	22	5
2018-02-07	0	8.9	21.5	6
2018-02-08	0	9.9	21.5	6
2018-02-09	0	9.2	21.5	6
2018-02-10	0	8.8	21	6
2018-02-11	0	10.2	22	5
2018-02-12	0	7.2	23	7
2018-02-13	0	10.8	22.5	7.5
2018-02-14	0	9	22.5	7.5
2018-02-15	0	11	22.5	7.5
2018-02-16	0	11.1	23	7.5
2018-02-17	0	9.8	23.5	7.5
2018-02-18	0	9.2	21.5	7.5
2018-02-19	0	6.1	21	7
2018-02-20	0	8.9	21.5	7.5
2018-02-21	0	8.76	22	7.5
2018-02-22	0	10.1	23	7.5
2018-02-23	0	9.1	23	8
2018-02-24	0	9	22.5	8
2018-02-25	0	9	22.5	8
2018-02-26	0	10.12	23	8.5
2018-02-27	0	8.75	23	8.5
2018-02-28	0	7.98	23	8.5
2018-03-01	0	10.1	22.5	8.5
2018-03-02	0	10.11	21	8.5
2018-03-03	0	11.8	21	7.5
2018-03-04	0	9.4	21.5	7.5
2018-03-05	0	8.9	20.5	7
2018-03-06	0	8.1	20	7
2018-03-07	0	8.8	21.5	7
2018-03-08	0	14.1	21.5	7
2018-03-09	0	10.1	22	7
2018-03-10	0	10.6	22	7.5
2018-03-11	0	10.4	22.5	7.5
2018-03-12	0	12.23	22	8
2018-03-13	0	11.3	22	8
2018-03-14	0	8.9	22	8
2018-03-15	0	7.9	21.5	8.5
2018-03-16	0	8.1	21	7.5
2018-03-17	0	8.8	21	7
2018-03-18	0	9.2	21	7.5
2018-03-19	0	9.6	21.5	7.5
2018-03-20	0	9.11	21.5	8
2018-03-21	0	9.7	22	8
2018-03-22	0	11	22.5	5
2018-03-23	0	9.2	22.5	8
2018-03-24	0	10.9	22.5	8.5
2018-03-25	0	9	23	8
2018-03-26	0	12.4	23	8.5
2018-03-27	0	10	23	8.5
2018-03-28	0	7.9	22.5	8
2018-03-29	0	10.3	22.5	8
2018-03-30	0	10.7	22.5	8
2018-03-31	0	5.3	22.5	8
2018-04-01	0	9.8	22	8
2018-04-02	11.1	7.3	22	7.5
2018-04-03	0	7.8	23.5	7.5
2018-04-04	0	9.8	22	8.5
2018-04-05	0	9.1	21.5	8
2018-04-06	0	9.3	22	8
2018-04-07	0	9.9	22	8
2018-04-08	0	8.9	22.5	8.5
2018-04-09	0	10.9	22.5	9
2018-04-10	0	8	21.5	9
2018-04-11	0	8.7	22	8.5
2018-04-12	0	9.1	22.5	8.5
2018-04-13	0	10.2	22.5	8.5
2018-04-14	0	8.9	22.5	8
2018-04-15	0	8.9	22.5	8.5
2018-04-16	0	8	22	5
2018-04-17	0	9.1	22	8
2018-04-18	0	9.1	22	8
2018-04-19	0	8.9	22	8.5
2018-04-20	0	8.88	21.5	8.5
2018-04-21	0	8	21	8
2018-04-22	0	9.2	21	8
2018-04-23	0	11.6	22	8
2018-04-24	0.7	7.5	22	8.5
2018-04-25	12.1	13.3	22	8.5
2018-04-26	0	8.9	22.5	8.5
2018-04-27	20.1	8.2	22.5	9
2018-04-28	27.3	9	22	9
2018-04-29	12.1	7.2	22.5	9.5
2018-04-30	0	7.18	22.5	9.5
2018-05-01	7.3	13.4	22.5	9
2018-05-02	0	10.1	24.5	9
2018-05-03	0	11.8	23.5	10
2018-05-04	0	9.1	23.5	9.5
2018-05-05	0	5.4	24.5	9.5
2018-05-06	0	10.3	23.5	10
2018-05-07	0	10.7	23.5	9
2018-05-08	0	10.1	23.5	9
2018-05-09	0	12	23	9.5
2018-05-10	0	11	24	9.5
2018-05-11	0	12.1	23.5	10
2018-05-12	0	10.1	23.5	9
2018-05-13	0	10.8	24.5	9.5
2018-05-14	0	10.9	24.5	9.5
2018-05-15	0	11.1	24.5	9.5
2018-05-16	0	11.11	23.5	9
2018-05-17	0	11	23.5	9
2018-05-18	0	12.1	24	9.5
2018-05-19	0	10.9	25	10
2018-05-20	0	11.8	25	10.5
2018-05-21	0	12.1	25.5	10.5
2018-05-22	0	12.8	25	11.5
2018-05-23	0	11.8	23.5	9
2018-05-24	0	12.1	21	9
2018-05-25	0	8.71	21	9
2018-05-26	0	11.7	20.5	8.5
2018-05-27	0	12.1	20.5	8.5
2018-05-28	0	13.2	20.5	8.5
2018-05-29	0	12.9	20	8
2018-05-30	0	7.2	21.5	8.5
2018-05-31	0	6.87	21	8.5
2018-06-01	0	11.9	22.5	9
2018-06-02	0	11.9	23.5	11
2018-06-03	0	11.8	23	11
2018-06-04	0	11.9	24.5	12
2018-06-05	0	13.1	24.5	12
2018-06-06	21.3	14.6	24.5	12
2018-06-07	12.1	11.8	24.5	11
2018-06-08	27.3	11.53	24	11
2018-06-09	0	8.1	23.5	10.5
2018-06-10	9.2	11.3	22.5	10
2018-06-11	16.2	11.84	21.5	10.5
2018-06-12	29.3	11.3	20.5	10.5
2018-06-13	42.3	10.2	20.5	10.5
2018-06-14	22.1	10.1	20	11.5
2018-06-15	0	9.1	21	11.5
2018-06-16	0	9.7	22	12.5
2018-06-17	0	9.2	29	12.5
2018-06-18	0	7	29	12
2018-06-19	0	6.9	29.5	12.5
2018-06-20	6.5	8.3	28.5	13
2018-06-21	0.2	9	29.5	12.5
2018-06-22	0.2	9.9	29	11.5
2018-06-23	0	9.1	28.5	11.5
2018-06-24	0	9.8	29	11
2018-06-25	0	9.2	30.5	12.5
2018-06-26	0	8.8	30.5	12.5
2018-06-27	0	9.1	30	12
2018-06-28	0	4.6	29	11.5
2018-06-29	0	5.1	29.5	11
2018-06-30	0	8.2	28.5	11
2018-07-01	42.5	3.31	29.5	11
2018-07-02	25.1	5.92	29.5	11.5
2018-07-03	0	4.03	20.5	11
2018-07-04	0	2.15	27.5	11
2018-07-05	0	2.21	29.5	11.5
2018-07-06	0	1.33	30.5	12.5
2018-07-07	0	4.1	30.5	12.5
2018-07-08	0	1.29	31	12.5
2018-07-09	0	1.2	31	12.5
2018-07-10	0	1.1	30	12
2018-07-11	0	1.03	30.5	12.5
2018-07-12	0	9.64	29	12
2018-07-13	0	8.73	29.5	11.5
2018-07-14	0	8.37	29.5	11
2018-07-15	0	7.01	29	11.5
2018-07-16	20.1	6.24	28.5	10.5
2018-07-17	25.2	6.57	28.5	10.5
2018-07-18	0	6.31	29	10.5
2018-07-19	0	3.51	28.5	9.5
2018-07-20	0	4.42	27	9
2018-07-21	0	3.51	27.5	8.5
2018-07-22	0	6.31	28	8
2018-07-23	20.1	7.1	27.5	8
2018-07-24	35.1	2.23	28.5	8.5
2018-07-25	0	4.02	29	9
2018-07-26	0	3.13	29	9.5
2018-07-27	0	3.21	28.5	9.5
2018-07-28	0	5.21	27	9.5
2018-07-29	0	3.6	27.5	9
2018-07-30	0	2.91	27	9
2018-07-31	0	2.04	28.5	9.5
2018-08-01	0	5.3	29	9
2018-08-02	0	5.1	28	11
2018-08-03	30.3	5.7	28.5	11.5
2018-08-04	17.2	2.01	27	10.5
2018-08-05	42.3	1.82	27	11
2018-08-06	0	3.74	28.5	11
2018-08-07	0	2.81	27	10.5
2018-08-08	0	1.93	26	11.5
2018-08-09	50.2	1.1	27.5	11.5
2018-08-10	41.1	3.91	25	11.5
2018-08-11	18.1	5.22	27.5	11
2018-08-12	12.3	4.64	28	11.5
2018-08-13	0	4.03	27	11.5
2018-08-14	0	3.1	27.5	11.5
2018-08-15	0	2.22	26.5	11.5
2018-08-16	0	1.34	27	13
2018-08-17	0	1.04	28	12
2018-08-18	25.1	9.53	27.5	11.5
2018-08-19	30.1	3.2	26.5	10.5
2018-08-20	25.3	2.23	27	10.5
2018-08-21	12.1	4.14	28.5	11
2018-08-22	0	3.75	27.5	11.5
2018-08-23	0	2.82	26.5	11
2018-08-24	0	1.19	26.5	11.5
2018-08-25	0	1.1	27	11.5
2018-08-26	0	1.01	26	10
2018-08-27	0	9.24	26.5	10
2018-08-28	17.1	8.32	26	10
2018-08-29	19.5	7.84	27	10
2018-08-30	25.1	4.3	27.5	10.5
2018-08-31	0	8.02	28	10.5
2018-09-01	0	7.12	27.5	10.5
2018-09-02	38.1	6.21	26.5	11
2018-09-03	22.2	7.73	27	11
2018-09-04	48.2	7.41	26.5	10
2018-09-05	13.1	9.44	26.5	10
2018-09-06	0	8.75	25.5	9.5
2018-09-07	0	7.75	25	9.5
2018-09-08	0	6.81	25	9.5
2018-09-09	0	5.93	26.5	10
2018-09-10	0	5.04	25	10
2018-09-11	0	4.05	26	10
2018-09-12	27.1	3.11	27	10.5
2018-09-13	38.1	4.03	25	10.5
2018-09-14	40.3	5.53	26	11
2018-09-15	13.1	7.91	27	11.5
2018-09-16	17	7.41	29.5	11
2018-09-17	27.1	6.94	27	11
2018-09-18	20.3	7.73	26.5	11
2018-09-19	15.1	7.41	21	11
2018-09-20	0	6.63	28	11.5
2018-09-21	0	2.61	28	11.5
2018-09-22	0	4.65	27	11
2018-09-23	0	3.71	27	11
2018-09-24	0	2.14	28	10.5
2018-09-25	0	1.71	27.5	10.5
2018-09-26	0	1.05	21.5	6.5
2018-09-27	12.1	1.1	21	5.5
2018-09-28	0	2.92	18.5	6.5
2018-09-29	0	2.01	19	5
2018-09-30	0	1.32	19	5
2018-10-01	25	9.9	20.5	6
2018-10-02	0	7.1	20.5	6.5
2018-10-03	0	7.9	20.5	6.5
2018-10-04	0	8.1	21	6.5
2018-10-05	0	7.2	19.5	6.5
2018-10-06	30.5	7.4	20	6
2018-10-07	20.1	5.2	21	7
2018-10-08	17.1	2.1	21	7
2018-10-09	12.2	4.9	20.5	7.5
2018-10-10	13.1	7.2	20	7
2018-10-11	19.2	5.2	21	7
2018-10-12	17.1	2.1	20.5	7
2018-10-13	22.3	7.4	19.5	7.5
2018-10-14	32.4	2.12	20.5	7
2018-10-15	32.2	2.44	21	7.5
2018-10-16	24.3	2.21	20.5	7.5
2018-10-17	0	7.2	19.5	7
2018-10-18	34.3	2.41	19	7
2018-10-19	17.1	2.22	18.5	7
2018-10-20	25.5	1.66	18	6.5
2018-10-21	19.1	2.47	18.5	6
2018-10-22	40.2	2.56	18.5	6.5
2018-10-23	36.1	2.6	19	6.5
2018-10-24	30.1	3.82	17.5	6.5
2018-10-25	25.3	1.33	20	6
2018-10-26	32.4	2.33	19.5	6.5
2018-10-27	22.3	1.42	20.5	6.5
2018-10-28	17.3	1.45	20	7
2018-10-29	12.2	1.61	20.5	7
2018-10-30	0	7.1	20.5	7
2018-10-31	0	2.1	20.5	7
2018-11-01	45.2	1.9	20.5	7.5
2018-11-02	20.1	1.96	19	7.5
2018-11-03	0	1.86	17.5	7
2018-11-04	0	1.77	17.5	6
2018-11-05	0	1.7	17	6
2018-11-06	0	1.62	17.5	6
2018-11-07	0	1.54	17.5	6.5
2018-11-08	24.2	1.46	17.5	6.5
2018-11-09	0	1.48	17	6
2018-11-10	0	1.4	17.5	6
2018-11-11	30.1	1.33	12.5	6.5
2018-11-12	45.2	1.4	17	6.5
2018-11-13	36.1	1.48	17	6
2018-11-14	0	1.58	18.5	6
2018-11-15	0	1.5	18.5	6.5
2018-11-16	0	1.41	19	7
2018-11-17	0	1.32	18.5	7
2018-11-18	0	1.21	18.5	7
2018-11-19	0	1.11	19.5	7
2018-11-20	0	1.02	19.5	7
2018-11-21	0	9.13	17.5	7.5
2018-11-22	22.1	8.31	17.5	6.5
2018-11-23	17.2	9.52	18.5	7
2018-11-24	29.1	9.83	19	7.5
2018-11-25	0	1.09	18.5	7.5
2018-11-26	0	1	17.5	7
2018-11-27	0	9.21	17	6.5
2018-11-28	0	8.32	16.5	6.5
2018-11-29	0	7.52	16	6.5
2018-11-30	0	6.63	16	6
2018-12-01	0	5.72	18	6.5
2018-12-02	0	5.81	17.5	6
2018-12-03	0	4.23	19	6
2018-12-04	0	3.44	19.5	6
2018-12-05	0	2.61	18	6
2018-12-06	0	1.74	17.5	6.5
2018-12-07	0	1.01	18.5	6.5
2018-12-08	0	2.3	18.5	6
2018-12-09	0	1.39	17.5	6.5
2018-12-10	0	1.3	16.5	4.5
2018-12-11	0	1.22	16	4.5
2018-12-12	0	1.14	16	4
2018-12-13	0	1.02	16	3.5
2018-12-14	0	9.44	16.5	3.5
2018-12-15	0	8.63	17	3
2018-12-16	0	7.93	18	2.5
2018-12-17	0	7.11	18.5	2.5
2018-12-18	0	6.34	18	2.5
2018-12-19	0	5.52	19	2
2018-12-20	0	4.71	19.5	2.5
2018-12-21	0	4.01	21	2.5
2018-12-22	0	3.22	24	3.5
2018-12-23	0	2.51	24	4.5
2018-12-24	0	1.72	23.5	5
2018-12-25	0	1.01	25	5
2018-12-26	0	1.3	24.5	6
2018-12-27	0	1.39	23.5	7
2018-12-28	0	1.21	22.5	6
2018-12-29	0	1.24	22.5	6.5
2018-12-30	0	1.16	22	6
2018-12-31	0	1.08	22	6
2019-01-01	0	7.7	21.5	6
2019-01-02	0	10.2	21.5	6.5
2019-01-03	0	12.1	22	7.5
2019-01-04	0	9.8	22.5	8
2019-01-05	0	9.9	21.5	9
2019-01-06	0	9.3	21	9
2019-01-07	0	10.9	20.5	8.5
2019-01-08	0	10.7	20.5	8
2019-01-09	0	9.4	20	8
2019-01-10	0	8.8	19.5	8
2019-01-11	0	6.9	19.5	8.5
2019-01-12	0	9.1	21	8.5
2019-01-13	0	9.7	21	9
2019-01-14	0	9.3	21.5	9
2019-01-15	0	10.8	22	9.5
2019-01-16	0	8.9	21	9.5
2019-01-17	0	9.3	22	9
2019-01-18	0	10.5	22	9.5
2019-01-19	0	9.1	21.5	9.5
2019-01-20	0	10.4	21.5	9
2019-01-21	0	9.26	22	9
2019-01-22	0	9	22.5	9.5
2019-01-23	0	8.9	22	9.5
2019-01-24	0	9.9	22.5	9.5
2019-01-25	0	8.1	22	9
2019-01-26	0	3.2	22.5	9
2019-01-27	0	11.2	22.5	9.5
2019-01-28	0	8.7	22	9
2019-01-29	0	8.1	22.5	9
2019-01-30	0	7.6	22.5	9.5
2019-01-31	0	6.2	22.5	9.5
2019-02-01	0	9.1	22	6.5
2019-02-02	0	9.8	22.5	6
2019-02-03	0	10.2	23	6.5
2019-02-04	0	8	23	6.5
2019-02-05	0	10.4	22.5	7
2019-02-06	0	10.9	21.5	7
2019-02-07	0	9.1	21	7.5
2019-02-08	0	10.9	22	8
2019-02-09	0	9.4	22	8
2019-02-10	0	13.22	22.5	8
2019-02-11	0	10.1	22	8
2019-02-12	0	9.8	21.5	8.5
2019-02-13	0	9.2	21.5	8.5
2019-02-14	0	9.9	22	8
2019-02-15	0	8.9	22.5	8
2019-02-16	0	9.9	21.5	7.5
2019-02-17	0	9.4	23	7.5
2019-02-18	0	10	22.5	8
2019-02-19	0	10.7	22.5	8.5
2019-02-20	0	10.2	22.5	8.5
2019-02-21	0	9	22	8
2019-02-22	0	8.9	22	8
2019-02-23	0	9.2	21.5	8.5
2019-02-24	0	8.9	21	8.5
2019-02-25	0	8.13	21	8
2019-02-26	0	8.1	22.5	8
2019-02-27	0	9	22	8.5
2019-02-28	0	6	22	8.5
2019-03-01	0	7.9	22	8.5
2019-03-02	25.2	7.1	22.5	8.5
2019-03-03	0	9	22	9
2019-03-04	0	10.2	22	9
2019-03-05	0	8.9	23	8.5
2019-03-06	0	9.8	23	8.5
2019-03-07	0	11.3	22.5	9
2019-03-08	0	11.9	22	9
2019-03-09	0	11.1	22	9
2019-03-10	0	8.9	22.5	9.5
2019-03-11	0	9.1	22.5	9.5
2019-03-12	0	9.8	22.5	9.5
2019-03-13	0	8.5	23	9.5
2019-03-14	0	9.1	23.5	9.5
2019-03-15	0	7.2	22	9.5
2019-03-16	0	9.9	21.5	9
2019-03-17	0	10.9	22	8.5
2019-03-18	0	11.2	23	8.5
2019-03-19	0	10.9	22.5	8.5
2019-03-20	0	12.3	23	8.5
2019-03-21	0	10.8	22.5	9
2019-03-22	0	11.9	22.5	9
2019-03-23	0	10.9	22.5	9
2019-03-24	37.5	9.8	22	9
2019-03-25	13.4	6.2	23	8.5
2019-03-26	0	9.6	23	8.5
2019-03-27	0	9.1	22	8.5
2019-03-28	0	9.2	22	8
2019-03-29	0	10.1	22.5	8
2019-03-30	0	9.8	22	8.5
2019-03-31	0	5.4	22	8
2019-04-01	0	5.2	21.5	8.5
2019-04-02	0	4.5	21	8.5
2019-04-03	0	3.71	21.5	7.5
2019-04-04	0	2.24	22	7.5
2019-04-05	0	1.66	22	8
2019-04-06	0	1.09	22	5
2019-04-07	0	9.84	22.5	8.5
2019-04-08	0	8.03	22.5	8.5
2019-04-09	0	6.94	22.5	8.5
2019-04-10	0	5.85	22	9
2019-04-11	0	4.86	21.5	8
2019-04-12	0	3.02	22	9
2019-04-13	0	3.02	21.5	9
2019-04-14	0	9.2	22.5	9
2019-04-15	0	1.37	22.5	9
2019-04-16	0	1.27	21.5	9
2019-04-17	0	1.17	21.5	8.5
2019-04-18	0	1.06	22	8.5
2019-04-19	0	2.78	21.5	8
2019-04-20	0	2.37	22	8
2019-04-21	0	7.55	22	8
2019-04-22	0	6.44	21.5	8.5
2019-04-23	0	5.43	21	8.5
2019-04-24	0	4.41	21	8
2019-04-25	0	3.42	21.5	8
2019-04-26	0	2.36	21.5	8
2019-04-27	0	3.3	21.5	8
2019-04-28	0	3.1	22	8
2019-04-29	0	3.81	22	8.5
2019-04-30	0	2.71	22	8.5
2019-05-01	0	6.4	22.5	8.5
2019-05-02	0	5.2	22.5	9
2019-05-03	0	3.6	28	9
2019-05-04	25.5	2.3	22.5	9.5
2019-05-05	0	9.91	22.5	9.5
2019-05-06	0	9.03	22.5	9.5
2019-05-07	0	8.02	25.5	9.5
2019-05-08	0	7.01	22.5	9.5
2019-05-09	0	5.92	22.5	9
2019-05-10	0	3.94	23	9.5
2019-05-11	0	3.91	23	9.5
2019-05-12	0	2.82	22.5	9.5
2019-05-13	0	1.83	22	9
2019-05-14	35.1	8.1	21.5	9
2019-05-15	47.1	3.14	21	8.5
2019-05-16	0	5.95	21.5	8.5
2019-05-17	0	4.03	21.5	8
2019-05-18	0	3.01	21.5	8
2019-05-19	0	2.02	22	8.5
2019-05-20	0	9.3	22.5	9
2019-05-21	0	1.32	22.5	9
2019-05-22	0	1.28	22.5	9
2019-05-23	0	1.15	22.5	9
2019-05-24	0	1.04	22.5	9
2019-05-25	0	3.92	23	9.5
2019-05-26	0	1.6	23	9.5
2019-05-27	0	2.7	23.5	9.5
2019-05-28	0	5.32	22.5	9.5
2019-05-29	0	3.91	22.5	9
2019-05-30	0	2.23	22	9
2019-05-31	0	1.61	22	9.5
2019-06-01	0	5.3	22.5	9.5
2019-06-02	0	3.72	22	9.5
2019-06-03	0	2.61	22.5	9
2019-06-04	0	6.3	22.5	9.5
2019-06-05	0	5.2	22	9.5
2019-06-06	0	5.4	23	9.5
2019-06-07	0	5.5	23.5	9.5
2019-06-08	0	6.3	23.5	10.5
2019-06-09	0	6.6	23.5	10.5
2019-06-10	0	7.6	22.5	10.5
2019-06-11	0	8.4	22.5	11
2019-06-12	0	3.94	23	11.5
2019-06-13	12.5	3.01	23	11.5
2019-06-14	19.5	3.41	22.5	11.5
2019-06-15	30.5	4.02	23.5	10.5
2019-06-16	36.5	5.43	23.5	11.5
2019-06-17	19	6.92	22.5	11.5
2019-06-18	11.5	7.91	23	11
2019-06-19	0	6.94	23.5	11
2019-06-20	38.5	6.02	22.5	11.5
2019-06-21	48.5	7.21	22.5	11.5
2019-06-22	66.5	8.92	23.5	11.5
2019-06-23	45	1.02	23.5	12
2019-06-24	27.5	1.24	22.5	12
2019-06-25	48.5	1.39	22.5	12.5
2019-06-26	22	1.52	22.5	12.5
2019-06-27	0	1.48	22.5	12.5
2019-06-28	0	1.4	22.5	12.5
2019-06-29	17.5	1.32	23.5	12.5
2019-06-30	0	1.27	23.5	13
2019-07-01	12.5	5.7	22.5	13.5
2019-07-02	15.5	9.2	23	13.5
2019-07-03	19.5	2.7	22.5	13
2019-07-04	0	5	22	13.5
2019-07-05	0	7	22	12.5
2019-07-06	38.5	11.9	21.5	12
2019-07-07	42	5.4	21.5	11.5
2019-07-08	11.5	6.2	21.5	11
2019-07-09	17.5	5.4	21	11
2019-07-10	38.5	9.4	19.5	11
2019-07-11	46.5	4.6	19.5	7.5
2019-07-12	25.5	5.6	20.5	8
2019-07-13	0	3.3	20.5	7.5
2019-07-14	0	6.2	19.5	7.5
2019-07-15	50	3.18	21	7
2019-07-16	40.5	5.34	21	7.5
2019-07-17	17.5	3.75	22	7
2019-07-18	20.5	2.24	21.5	7.5
2019-07-19	12.5	5.4	22	7.5
2019-07-20	48.5	7.7	21.5	7
2019-07-21	15.5	5.23	21.5	6
2019-07-22	19.5	6.3	22.5	6.5
2019-07-23	32	2.39	22	6
2019-07-24	13.5	2.78	22	5.5
2019-07-25	24.5	2.06	22.5	5.5
2019-07-26	0	6.15	22	5
2019-07-27	0	9.7	22	6
2019-07-28	0	7.9	22	5
2019-07-29	0	7.3	23	4
2019-07-30	0	7.66	23	4.5
2019-07-31	0	4.34	23	8
2019-08-01	0	8.1	20.5	6
2019-08-02	0	9.1	23.5	6.5
2019-08-03	0	9	23.5	8
2019-08-04	27.5	4.6	23	8
2019-08-05	13.5	9.4	22.5	7.5
2019-08-06	0	9.1	22.5	7
2019-08-07	0	8	22.5	7.5
2019-08-08	0	8.6	23.5	7.5
2019-08-09	0	9.1	23	7.5
2019-08-10	0	8	22.5	8
2019-08-11	22.5	3.8	23	8
2019-08-12	32.5	2.4	23	7
2019-08-13	12	5.1	22.5	6.5
2019-08-14	0	2.9	22	6.5
2019-08-15	10.5	4.8	22	7
2019-08-16	45	5.4	22.5	7
2019-08-17	0	7.3	21.5	7.5
2019-08-18	0	8.1	22.5	7
2019-08-19	0	7.8	19	8
2019-08-20	0	2.1	21	4.5
2019-08-21	0	3.1	20	4.5
2019-08-22	22.5	6.6	22.5	6
2019-08-23	7.5	10.4	21.5	11
2019-08-24	8	12.3	23.5	8.5
2019-08-25	0	6.1	19.5	8
2019-08-26	2	6.8	24.5	8.5
2019-08-27	8.5	4.7	23.5	7.5
2019-08-28	0	6.9	21	7.5
2019-08-29	0	8.1	22	4.5
2019-08-30	0	5.1	22	3.5
2019-08-31	0	6.24	22	3.5
2019-09-01	0	6.9	21.5	2.5
2019-09-02	0	6.1	20.5	2.5
2019-09-03	0	7.8	20.5	7.5
2019-09-04	17.5	5.6	21.5	8.5
2019-09-05	0	8.5	21.5	9
2019-09-06	0	9.8	22.5	5.5
2019-09-07	0	8.4	22.5	3.5
2019-09-08	0	8	22	3.5
2019-09-09	0	8.9	23.5	3.5
2019-09-10	20.5	6.3	20.5	4
2019-09-11	0	8.9	19	7.5
2019-09-12	0	7.2	19.5	7.5
2019-09-13	0.7	6.6	18.5	8.5
2019-09-14	0	7.2	18.5	7.5
2019-09-15	0	7.7	20.5	7.5
2019-09-16	0	9.9	21.5	8
2019-09-17	0	1.9	22.5	7.5
2019-09-18	7.5	6.6	23.5	8.5
2019-09-19	7.5	6.4	21	7.5
2019-09-20	0	10.2	22.5	6
2019-09-21	0	7.9	21.5	5.5
2019-09-22	0	9.9	21	5.5
2019-09-23	0	9.1	20.5	6.5
2019-09-24	3.5	9.6	24.5	7.5
2019-09-25	0	8.9	22.5	10
2019-09-26	0	8.1	21.5	6.5
2019-09-27	7.5	14.4	21.5	6.5
2019-09-28	12.5	13.6	21	6.5
2019-09-29	32.5	12.17	22	6
2019-09-30	0	5.1	22	6.5
2019-10-01	0	6.71	21	6
2019-10-02	0	5.92	21.5	6
2019-10-03	0	5.04	20.5	6
2019-10-04	0	4.23	20.5	6
2019-10-05	0	3.41	21	6.5
2019-10-06	0	2.71	20.5	6
2019-10-07	0	2.02	20.5	6
2019-10-08	0	1.32	22	6.5
2019-10-09	37.5	1.37	21.5	7
2019-10-10	25	1.32	21.5	6.5
2019-10-11	0	1.37	22.5	6.5
2019-10-12	0	1.3	21.5	6.5
2019-10-13	0	1.22	21	6
2019-10-14	6.5	1.14	21	6
2019-10-15	9	1.09	22	6
2019-10-16	7	1.03	22	6
2019-10-17	39.5	1.22	21.5	5
2019-10-18	18	1.15	21.5	5
2019-10-19	0	1.19	21	5
2019-10-20	0	1.1	21.5	6
2019-10-21	0	1.02	22.5	6
2019-10-22	0	4.1	22.5	6.5
2019-10-23	0	6.5	22	6.5
2019-10-24	0	7.91	22	6.5
2019-10-25	0	2.21	22.5	6
2019-10-26	45.5	4.4	21.5	6.5
2019-10-27	22.5	4.1	21	6
2019-10-28	0	1.03	21.5	6
2019-10-29	0	5.1	21.5	5.5
2019-10-30	17.5	2	22	5.5
2019-10-31	0	0.3	22	6
2019-11-01	0	8.1	20.5	6
2019-11-02	0	7.23	22	6
2019-11-03	0	6.31	21.5	7
2019-11-04	0	5.52	22	7
2019-11-05	0	4.63	21.5	7.5
2019-11-06	0	3.74	22.5	7
2019-11-07	0	2.92	21.5	7
2019-11-08	0	2.05	21.5	6.5
2019-11-09	0	1.24	20.5	6.5
2019-11-10	0	4.3	20.5	6
2019-11-11	0	1.37	20.5	6
2019-11-12	0	1.3	21	6
2019-11-13	0	1.22	20.5	6
2019-11-14	0	1.14	20	5.5
2019-11-15	0	1.06	20	5.5
2019-11-16	0	9.73	19.5	5.5
2019-11-17	0	8	17	5
2019-11-18	0	8.83	17	4
2019-11-19	0	8.03	15.5	4
2019-11-20	0	7.31	14	3
2019-11-21	0	6.52	14	3
2019-11-22	0	5.72	13.5	3
2019-11-23	0	5.01	13.5	2.5
2019-11-24	0	4.32	13	2.5
2019-11-25	0	3.54	13	2.5
2019-11-26	0	2.71	13	2.5
2019-11-27	0	3.03	12.5	2.5
2019-11-28	0	1.24	12	2.5
2019-11-29	0	5.3	12.5	2
2019-11-30	0	1.37	12.5	2.5
2019-12-01	0	1.3	11.5	2.5
2019-12-02	0	1.23	12	2
2019-12-03	0	1.16	12	2.5
2019-12-04	0	1.08	12.5	2.5
2019-12-05	0	1	12.5	3
2019-12-06	0	9.31	12.5	3
2019-12-07	0	8.61	12.5	3
2019-12-08	0	7.82	13	3.5
2019-12-09	0	7.13	13.5	3.5
2019-12-10	0	6.33	13	4
2019-12-11	0	5.54	14.5	4
2019-12-12	0	4.72	14.5	4.5
2019-12-13	0	4.01	13.5	4.5
2019-12-14	0	3.33	12.5	4
2019-12-15	0	2.63	12.5	4
2019-12-16	0	1.85	13	4
2019-12-17	0	1.14	12	4
2019-12-18	0	4.1	12.5	3.5
2019-12-19	0	1.37	12	3.5
2019-12-20	0	1.3	11.5	3
2019-12-21	0	1.21	11	3
2019-12-22	0	1.14	11	2.5
2019-12-23	0	1.06	11	2.5
2019-12-24	0	9.83	11	2.5
2019-12-25	0	9.11	11.5	2
2019-12-26	0	8.23	11.5	2.5
2019-12-27	0	7.51	11	2.5
2019-12-28	0	6.32	11	2
2019-12-29	0	5.54	11	2.5
2019-12-30	0	4.23	11.5	2
2019-12-31	0	3.51	11.5	2.5
2020-01-01	0	2.71	10	2.5
2020-01-02	0	2.03	10	2
2020-01-03	0	1.31	9.5	2
2020-01-04	0	5.3	9.5	1.5
2020-01-05	0	1.38	9.5	1.5
2020-01-06	0	1.31	7.5	1.5
2020-01-07	0	1.23	7.5	1
2020-01-08	0	1.15	7.5	1
2020-01-09	0	1.07	7	1.5
2020-01-10	0	1	7.5	1.5
2020-01-11	0	9.24	8	2
2020-01-12	0	8.43	8.5	2.5
2020-01-13	0	7.62	9	2.5
2020-01-14	0	6.83	9.5	3.5
2020-01-15	0	6.04	9.5	3.5
2020-01-16	0	5.21	10	4.5
2020-01-17	12.5	4.43	13.5	4.5
2020-01-18	11.5	4.01	14.5	5.5
2020-01-19	7	3.52	13.5	6
2020-01-20	0	2.91	11.5	5.5
2020-01-21	0	2.31	11.5	4
2020-01-22	0	1.34	11.5	4.5
2020-01-23	0	5.1	12	5
2020-01-24	0	1.37	11.5	5.5
2020-01-25	0	1.3	11	4.5
2020-01-26	0	1.22	10	4
2020-01-27	0	1.14	10	3.5
2020-01-28	0	1.06	10	3.5
2020-01-29	0	9.82	9.5	3.5
2020-01-30	0	9.04	9	3
2020-01-31	0	8.31	9	3
2020-02-01	0	7.61	9	3.5
2020-02-02	0	6.92	8.5	3
2020-02-03	0	6.14	8.5	2.5
2020-02-04	0	5.34	8	2.5
2020-02-05	0	4.53	8	2
2020-02-06	0	3.64	7.5	2
2020-02-07	0	2.83	7	2
2020-02-08	0	2.11	7	1.5
2020-02-09	0	1.32	7	1.5
2020-02-10	0	5.1	7.5	1.5
2020-02-11	0	1.37	7.5	2
2020-02-12	0	1.3	7.5	2
2020-02-13	0	1.21	8	2.5
2020-02-14	0	1.12	8.5	3
2020-02-15	0	1.03	8.5	3.5
2020-02-16	0	9.51	8.5	3.5
2020-02-17	0	8.64	8.5	3.5
2020-02-18	0	7.73	8.5	3.5
2020-02-19	0	7.01	8	4
2020-02-20	0	6.23	8.5	4
2020-02-21	0	5.43	9	4.5
2020-02-22	0	4.01	9	4.5
2020-02-23	0	3.82	8.5	4.5
2020-02-24	0	3.01	8.5	4
2020-02-25	0	2.23	8.5	4.5
2020-02-26	0	1.41	8	4.5
2020-02-27	0	6.2	8	4
2020-02-28	0	1.37	8	4
2020-02-29	0	1.3	8	4
2020-03-01	0	1.22	11.5	6
2020-03-02	0	1.14	12	6.5
2020-03-03	0	1.07	12.5	7
2020-03-04	0	9.84	12	7.5
2020-03-05	0	9.01	11.5	6.5
2020-03-06	0	8.12	11.5	6
2020-03-07	0	7.21	12	6
2020-03-08	0	6.42	12.5	6.5
2020-03-09	0	5.51	13	7
2020-03-10	0	4.54	13.5	7.5
2020-03-11	0	3.54	12.5	7.5
2020-03-12	0	2.63	12	7
2020-03-13	0	1.81	12	6.5
2020-03-14	0	1.02	12.5	6.5
2020-03-15	0	1.3	13	7
2020-03-16	20.5	1.37	13	7.5
2020-03-17	0	1.37	17	7.5
2020-03-18	0	1.29	18	8.5
2020-03-19	0	1.2	18	9
2020-03-20	0	1.1	17.5	9
2020-03-21	0	1	17	9
2020-03-22	0	9.11	17.5	8.5
2020-03-23	0	8.12	12.5	8
2020-03-24	0	7.13	17	8.5
2020-03-25	0	6.14	16.5	8
2020-03-26	0	6.27	16.5	7.5
2020-03-27	0	4.87	17	7
2020-03-28	0	4.39	17	7.5
2020-03-29	0	4.4	12.5	7
2020-03-30	0	4.44	17.5	7.5
2020-03-31	0	6.58	17.5	7.5
2020-04-01	0	9.1	18	7.5
2020-04-02	0	8	18.5	7.5
2020-04-03	17.3	2.14	18.5	8
2020-04-04	35.1	1.41	18.5	8
2020-04-05	0	6.9	19	8.5
2020-04-06	0	8.7	19	8.5
2020-04-07	0	9	19.5	8.5
2020-04-08	0	9.2	20.5	9
2020-04-09	0	9.1	19.5	10.5
2020-04-10	0	7.9	18.5	9.5
2020-04-11	0	5.99	18.5	9
2020-04-12	0	9.9	18.5	9
2020-04-13	0	10	19	9.5
2020-04-14	0	9.3	19	9.5
2020-04-15	0	8	19.5	9
2020-04-16	0	8.9	19	9.5
2020-04-17	49.3	11.4	18	9
2020-04-18	52.1	12	18	8.5
2020-04-19	0	8.1	19	8
2020-04-20	0	7.9	19	8
2020-04-21	0	8.8	18.5	8
2020-04-22	28.1	12.2	18.5	8.5
2020-04-23	0	8.9	18	9
2020-04-24	0	9.2	18	9
2020-04-25	0	9.1	19	9.5
2020-04-26	0	8.8	19.5	9.5
2020-04-27	0	9.1	19	9
2020-04-28	0	9.9	19	9
2020-04-29	0	9.2	19.5	9
2020-04-30	0	3.51	19.5	9.5
2020-05-01	0	8.9	19	9
2020-05-02	0	7.1	17.5	9.5
2020-05-03	0	8.9	17	7.5
2020-05-04	0	2.8	16.5	7
2020-05-05	0	7.1	16	6.5
2020-05-06	0	7.8	16.5	6.5
2020-05-07	0	9.2	16.5	7
2020-05-08	0	7.9	16.5	7.5
2020-05-09	0	9.9	17	7.5
2020-05-10	0	10.2	17.5	7.5
2020-05-11	0	9.8	18.5	8
2020-05-12	0	10.9	19	9
2020-05-13	0	8.2	19	9.5
2020-05-14	0	9.9	19.5	9.5
2020-05-15	0	10.9	19.5	9.5
2020-05-16	0	10.3	19.5	9.5
2020-05-17	0	9.9	20	9
2020-05-18	0	9.1	20	9.5
2020-05-19	0	2.6	20	9.5
2020-05-20	0	10.1	20.5	9.5
2020-05-21	0	10.2	20.5	10
2020-05-22	0	9	21	10
2020-05-23	0	10.8	21	10.5
2020-05-24	0	10	21.5	10
2020-05-25	0	10.9	21.5	11
2020-05-26	0	10.3	21	11
2020-05-27	37.5	3.14	21	11
2020-05-28	29	3.39	20.5	11
2020-05-29	0	11.2	21	11.5
2020-05-30	0	9.9	20.5	11
2020-05-31	0	6.5	20.5	10.5
2020-06-01	0	10	21.5	11
2020-06-02	0	9.9	21.5	11.5
2020-06-03	0	10.1	21	11.5
2020-06-04	0	2.18	22	11
2020-06-05	0	10.2	21.5	11
2020-06-06	0	9.2	20.5	11.5
2020-06-07	0	11	20	11
2020-06-08	0	9.9	20	10.5
2020-06-09	0	10.2	19.5	10.5
2020-06-10	0	9.9	18	9.5
2020-06-11	0	10.1	17.5	8.5
2020-06-12	0	9.9	16	7
2020-06-13	0	9.9	11.5	5
2020-06-14	39.5	3.56	12.5	5
2020-06-15	56.5	4.86	12.5	6
2020-06-16	0	5.81	13	9.5
2020-06-17	0	10.1	13.5	7.5
2020-06-18	0	8.9	12.5	7.5
2020-06-19	0	8.9	12.5	7
2020-06-20	0	8.9	13	7.5
2020-06-21	0	9.1	13	7.5
2020-06-22	0	5.87	12.5	7
2020-06-23	44	4.4	12.5	7
2020-06-24	58	8.04	13	6.5
2020-06-25	0	9.96	12.5	6.5
2020-06-26	0	7.1	14	7.5
2020-06-27	12.5	1.49	14.5	8
2020-06-28	20	2.61	14.5	8
2020-06-29	6	1.29	15	8.5
2020-06-30	0	1.02	18	8
2020-07-01	11.5	0.1	27.5	17.5
2020-07-02	27	3.2	28	17
2020-07-03	19	6.3	27	16.5
2020-07-04	22.5	5.1	26.5	16
2020-07-05	11.5	2.3	26.5	17
2020-07-06	18	6.62	26	17
2020-07-07	8	2.4	26.5	16.5
2020-07-08	14.5	5.3	27	15.5
2020-07-09	0	4.94	27	15.5
2020-07-10	0	2.1	27	16
2020-07-11	29	3.51	27.5	17
2020-07-12	36	3.93	28	17.5
2020-07-13	8.5	4.51	28	17
2020-07-14	13.5	3.91	27.5	16.5
2020-07-15	0	3.32	27.5	17
2020-07-16	0	2.51	28	16.5
2020-07-17	0	1.72	28.5	17
2020-07-18	0	1.61	27	16.5
2020-07-19	17	2.2	26.5	16
2020-07-20	48	1.37	26	15
2020-07-21	0	1.37	26.5	15.5
2020-07-22	0	1.3	26.5	16
2020-07-23	0	1.22	25.5	16.5
2020-07-24	0	1.14	25	16
2020-07-25	0	1.07	25	15.5
2020-07-26	0	1.11	24.5	15
2020-07-27	0	2.3	24.5	14.5
2020-07-28	0	5.1	25	15
2020-07-29	0	7.82	25.5	15.5
2020-07-30	0	1.58	25.5	16
2020-07-31	0	3.3	26	15.5
2020-08-01	28.5	5.81	26.5	15.5
2020-08-02	42.5	3.3	25.5	15
2020-08-03	32.5	4.1	26	16
2020-08-04	0	2.68	25.5	16
2020-08-05	0	3.2	25.5	16.5
2020-08-06	17	6.63	25	16.5
2020-08-07	28	4.78	25	16.5
2020-08-08	62.5	1.2	24.5	16
2020-08-09	0	7.94	25	16.5
2020-08-10	28	2.1	25.5	17
2020-08-11	8.5	7.01	24	15.5
2020-08-12	59	3.2	24.5	15.5
2020-08-13	0	1.17	25.5	16
2020-08-14	0	1.1	25	15.5
2020-08-15	27.5	1.03	24.5	15
2020-08-16	48.5	9.62	24.5	15.5
2020-08-17	0	1.08	24.5	15.5
2020-08-18	0	2.11	25	16
2020-08-19	0	3.3	25	16
2020-08-20	68.5	6.2	26	16
2020-08-21	0	1.04	25.5	15.5
2020-08-22	0	7.2	25	15.5
2020-08-23	0	1.3	24.5	15
2020-08-24	22	3.2	25	14.5
2020-08-25	11.5	7.1	26	14.5
2020-08-26	7.5	1.2	26.5	14
2020-08-27	32.5	5.1	26	14.5
2020-08-28	13.5	5.2	25	13.5
2020-08-29	48	7.01	25	13.5
2020-08-30	30	1.2	24.5	13.5
2020-08-31	0	1.07	24	13
2020-09-01	17.5	5.61	27	14
2020-09-02	32.5	5.21	26.5	14.5
2020-09-03	0	6.92	26.5	14.5
2020-09-04	28.5	6.31	27	14
2020-09-05	12.5	7.82	26.5	14
2020-09-06	39.5	7.51	26	14.5
2020-09-07	0	8.82	27	15
2020-09-08	0	8.1	26	14
2020-09-09	0	4.2	26	14
2020-09-10	0	6.74	25.5	14.5
2020-09-11	0	3.02	24.5	13.5
2020-09-12	0	5.34	24.5	14
2020-09-13	0	4.63	23.5	14
2020-09-14	28.5	4.62	24	14
2020-09-15	13.5	3.91	24.5	14.5
2020-09-16	0	3.51	24.5	14
2020-09-17	22.5	2.74	24.5	14.5
2020-09-18	0	2.21	25	14.5
2020-09-19	0	1.52	24	13
2020-09-20	0	8.1	24	13
2020-09-21	0	1.2	24.6	13.5
2020-09-22	0	1.37	24.5	14
2020-09-23	0	1.3	25	14.5
2020-09-24	0	1.23	26.5	16.5
2020-09-25	0	1.62	26.5	16
2020-09-26	0	1.09	26.5	16.5
2020-09-27	0	3.02	27	16.5
2020-09-28	0	5.4	27	16.5
2020-09-29	0	3.8	27	16
2020-09-30	0	3.3	26.5	16
2020-10-01	0	2.1	17.5	7
2020-10-02	0	4.2	12.5	3.5
2020-10-03	0	4.61	17	3.5
2020-10-04	0	3.82	16.5	3
2020-10-05	0	3.04	16.5	2.5
2020-10-06	0	2.31	15	2
2020-10-07	0	1.42	17.5	4.5
2020-10-08	0	7.1	17.5	4.5
2020-10-09	0	1.11	16.5	5
2020-10-10	0	1.37	20	5
2020-10-11	0	1.32	23	5.5
2020-10-12	57.5	1.32	22	6.5
2020-10-13	0	1.37	20	7
2020-10-14	0	1.3	20	6
2020-10-15	0	1.23	21.5	6
2020-10-16	0	1.16	22	6
2020-10-17	0	1.08	21.5	6
2020-10-18	0	1.01	13.5	6.5
2020-10-19	0	9.35	19	3
2020-10-20	0	8.61	20.5	5
2020-10-21	0	8.01	21.5	4.5
2020-10-22	0	7.34	22.5	2.5
2020-10-23	0	6.54	21	1
2020-10-24	0	5.75	19.5	1
2020-10-25	0	5.01	22	1
2020-10-26	0	4.34	22.5	1
2020-10-27	0	3.61	24.5	1
2020-10-28	0	3.01	25.5	3.5
2020-10-29	0	2.34	20.5	3.5
2020-10-30	0	1.54	18.5	5.5
2020-10-31	0	8.3	18.5	4
2020-11-01	0	1.1	21.5	3
2020-11-02	0	1.37	22.5	2.5
2020-11-03	0	1.3	22.5	3.5
2020-11-04	0	1.23	23	4
2020-11-05	0	1.16	21.5	4.5
2020-11-06	0	1.08	22	3
2020-11-07	0	1	22.5	2.5
2020-11-08	0	2.4	22.5	2.5
2020-11-09	0	4.3	22.5	2.5
2020-11-10	0	5.62	22	2.5
2020-11-11	0	4.28	22.5	3
2020-11-12	0	1.3	21.5	2.5
2020-11-13	0	5.21	20.5	2.5
2020-11-14	0	4.43	19.5	2.5
2020-11-15	0	3.71	19.5	2
2020-11-16	0	3.04	19	2
2020-11-17	0	3.3	19	2
2020-11-18	0	5.5	19.5	2.5
2020-11-19	0	3	19.5	2.5
2020-11-20	0	1.4	18.5	2
2020-11-21	0	1.37	19	2
2020-11-22	0	1.3	19.5	2.5
2020-11-23	0	1.22	19.5	2
2020-11-24	0	1.15	19.5	2
2020-11-25	0	1.07	19	2
2020-11-26	0	1	18	2
2020-11-27	0	3.2	18	1.5
2020-11-28	0	6.1	17.5	1.5
2020-11-29	0	4.8	17.5	1
2020-11-30	0	5.5	17.5	1
2020-12-01	0	2.4	16.5	1
2020-12-02	0	5.51	16.5	1
2020-12-03	0	4.33	16	1.5
2020-12-04	0	3.54	16	1.5
2020-12-05	0	2.71	15.5	1.5
2020-12-06	0	2.01	15	1
2020-12-07	0	1.31	16	1
2020-12-08	0	5.2	17	1.5
2020-12-09	0	1.37	17	1.5
2020-12-10	0	1.3	17	1.5
2020-12-11	0	1.22	16.5	1.5
2020-12-12	0	6.3	17.5	1.5
2020-12-13	0	8.1	18	2
2020-12-14	0	1	18.5	2
2020-12-15	0	3.1	18	2.5
2020-12-16	0	5.1	18.5	2.5
2020-12-17	0	7.2	18.5	2
2020-12-18	0	5.41	18.5	2.5
2020-12-19	0	3.1	17.5	2.5
2020-12-20	0	3.5	17.5	2
2020-12-21	0	4.71	17	2
2020-12-22	0	4.03	17	1.5
2020-12-23	0	3.31	16	1.5
2020-12-24	0	2.53	16	1
2020-12-25	0	5.71	16	1
2020-12-26	0	3.1	15.5	1
2020-12-27	0	3.1	1.5	1
2020-12-28	0	3.71	15.5	1
2020-12-29	0	3.1	15.5	1.5
2020-12-30	0	3.22	15.5	1.5
2020-12-31	0	4.4	25.5	1.5
2021-01-01	0	1.05	16.5	1.5
2021-01-02	0	2.71	17.5	2
2021-01-03	0	2.17	17.5	2.5
2021-01-04	0	2.3	18	2.5
2021-01-05	0	4.2	18	2.5
2021-01-06	0	4.25	17.5	2.5
2021-01-07	0	5.84	17.5	2
2021-01-08	0	5.04	17.5	2
2021-01-09	0	4.23	17.5	2.5
2021-01-10	0	3.41	18	2.5
2021-01-11	0	2.63	18.5	3
2021-01-12	0	1.74	18.5	3
2021-01-13	0	8.4	19	3
2021-01-14	0	1.87	19	3.5
2021-01-15	0.1	1.37	19.5	3
2021-01-16	0	1.32	19.5	3.5
2021-01-17	0	1.3	19	3.5
2021-01-18	0	1.21	19.5	3
2021-01-19	0	1.13	19.5	3
2021-01-20	0	1.05	19	3
2021-01-21	0	6.3	18.5	3
2021-01-22	0	4.78	18.5	2.5
2021-01-23	0	1.87	18.5	2.5
2021-01-24	0	1.07	12.5	2.5
2021-01-25	0	1.3	17.5	2
2021-01-26	0	2.1	17	2
2021-01-27	0	4.41	16.5	2
2021-01-28	0	3.63	16.5	1.5
2021-01-29	0	2.81	16.5	1.5
2021-01-30	0	2.04	16	1.5
2021-01-31	0	2.3	16	1.5
2021-02-01	0	4.4	17.5	2
2021-02-02	0	1.37	18.5	2.5
2021-02-03	0	1.3	19.5	3
2021-02-04	0	1.22	20.5	3.5
2021-02-05	0	1.14	21	3.5
2021-02-06	0	1.06	21	4
2021-02-07	0	4.57	21.5	4
2021-02-08	0	4.21	21	4.5
2021-02-09	0	1.1	22	4
2021-02-10	0	2.2	22.5	4.5
2021-02-11	0	4.3	23	4.5
2021-02-12	0	5.61	24.5	4.5
2021-02-13	0	3.47	24.5	5
2021-02-14	0	3.84	25	5
2021-02-15	0	3.01	25	5.5
2021-02-16	0	2.14	24	5.5
2021-02-17	0	3.2	23.5	5
2021-02-18	0	4.1	21.5	4.5
2021-02-19	0	3.72	21	3.5
2021-02-20	0	3.01	21	2.5
2021-02-21	0	2.23	20.5	2.5
2021-02-22	0	4.2	19.5	2
2021-02-23	0	6.1	17.5	2
2021-02-24	0	2.8	17.5	2
2021-02-25	0	3.09	17	2.5
2021-02-26	0	2.3	17.5	2
2021-02-27	0	4.2	17.5	2.5
2021-02-28	0	6.4	17.5	2.5
2021-03-01	0	5.81	19.5	2.5
2021-03-02	0	5.02	21	3
2021-03-03	0	4.22	21.5	4
2021-03-04	0	3.34	22	4
2021-03-05	0	5.3	23	4.5
2021-03-06	0	7.1	22.5	4.5
2021-03-07	0	8.3	22.5	4
2021-03-08	0	5.41	22.5	4
2021-03-09	0	3.74	23	4
2021-03-10	2	2.84	24.5	4.5
2021-03-11	0	2.04	25	5.5
2021-03-12	0	2.2	25	5.5
2021-03-13	0	4.3	25	5.5
2021-03-14	0	6.2	24.5	5.5
2021-03-15	27.1	2.88	25	5
2021-03-16	0	3.09	24.5	5.5
2021-03-17	0	2.1	18.5	5
2021-03-18	0	4.2	17	2.5
2021-03-19	0	6.63	16	2
2021-03-20	0	5.83	16	2
2021-03-21	0	5.02	17	2
2021-03-22	0	4.24	17.5	2.5
2021-03-23	0	3.62	18	3.5
2021-03-24	0	2.81	18	3.5
2021-03-25	0	2.02	17.5	3.5
2021-03-26	0	1.24	17	3
2021-03-27	0	4.3	17	3
2021-03-28	0	1.37	17	3
2021-03-29	0	1.29	17.5	3
2021-03-30	0	1.2	17	3
2021-03-31	0	2.3	17	2.5
2021-04-01	0	4.4	16.5	2.5
2021-04-02	0	2.69	15.5	2
2021-04-03	0	1.88	14.5	1.5
2021-04-04	0	8.02	14	1.5
2021-04-05	17.1	2.37	17.5	1.5
2021-04-06	0	5.61	17.5	3.5
2021-04-07	0	5.72	18	4
2021-04-08	0	4.93	18.5	4
2021-04-09	0	4.11	18.5	4.5
2021-04-10	0	3.32	18.5	4.5
2021-04-11	12.2	2.54	19.5	4.5
2021-04-12	7.1	1.81	19.5	5
2021-04-13	0	1.14	19.5	5.5
2021-04-14	29.1	3.1	20.5	5
2021-04-15	0	1.32	22.5	6
2021-04-16	0	2.93	25	7
2021-04-17	0	2.01	26.5	7.5
2021-04-18	0	2.11	27	8
2021-04-19	0	2.1	28	8.5
2021-04-20	0	2.49	28	8.5
2021-04-21	7.5	2.4	29	8.5
2021-04-22	0	3.77	29.5	9.5
2021-04-23	0	6.41	29.5	9.5
2021-04-24	0	5.43	29.5	9.5
2021-04-25	0	4.44	21	9.5
2021-04-26	0	3.42	32.5	10.5
2021-04-27	27.5	2.43	31.5	11.5
2021-04-28	28	1.91	31.5	11.5
2021-04-29	60	2.73	27.5	11.5
2021-04-30	0	3.01	27.5	11.5
2021-05-01	0	4.74	27.5	12
2021-05-02	0	4.01	25.5	11.5
2021-05-03	0	3.32	27	12
2021-05-04	0	2.61	22	12.5
2021-05-05	0	1.81	27.5	12.5
2021-05-06	0	1.07	29	13
2021-05-07	0	3.1	29	14.5
2021-05-08	0	1.37	29	14.5
2021-05-09	49.5	3.03	29.5	14.5
2021-05-10	38.5	3.73	29.5	15
2021-05-11	0	3.73	29.5	15
2021-05-12	25.5	3.01	25.5	15.5
2021-05-13	0	3.77	29.5	17
2021-05-14	0	3.02	30	17
2021-05-15	0	2.21	30	17.5
2021-05-16	0	5.4	29.5	17.5
2021-05-17	0	1.03	29.5	17.5
2021-05-18	0	2	28.5	17.5
2021-05-19	0	3.1	27.5	16.5
2021-05-20	0	5.2	26	16.5
2021-05-21	0	2.2	25.5	15.5
2021-05-22	0	3	26	16
2021-05-23	0	2.4	26.5	17
2021-05-24	0	4.3	27	17
2021-05-25	0	4.62	26.5	17
2021-05-26	0	3.71	27	16.5
2021-05-27	0	3.02	27	17
2021-05-28	0	2.31	27	17
2021-05-29	0	1.52	26.5	17
2021-05-30	0	8.1	27	16.5
2021-05-31	0	0.1	27	17
2021-06-01	12.5	1.37	26.5	17
2021-06-02	19.5	1.37	26.5	17
2021-06-03	22.5	1.37	27	17.5
2021-06-04	0	1.37	26	17
2021-06-05	0	1.3	26.5	16
2021-06-06	0	1.22	26.5	16.5
2021-06-07	0	1.14	27	16.5
2021-06-08	0	1.06	27	17
2021-06-09	0	4.87	26	17
2021-06-10	20.5	6.1	26	16.5
2021-06-11	28.5	6.3	25.5	16
2021-06-12	10.5	5.02	25	16
2021-06-13	32.5	5.4	26	16.5
2021-06-14	19	6.4	25	17
2021-06-15	12.5	7.03	25	16
2021-06-16	17	6.41	26	16
2021-06-17	38.5	5.83	26.5	16.5
2021-06-18	22.5	7.04	26.5	17
2021-06-19	0	6.74	26	17.5
2021-06-20	0	6.03	26	17
2021-06-21	48.5	6.22	25	17.5
2021-06-22	0	7.71	27.5	17
2021-06-23	56.5	7.02	27.5	17.5
2021-06-24	27.5	8.22	28.5	18
2021-06-25	16	7.71	27.5	17.5
2021-06-26	48	5.2	27.5	17
2021-06-27	37.5	8.33	28	17.5
2021-06-28	44	5.3	27.5	16.5
2021-06-29	12	9.2	27.5	17
2021-06-30	0	6.1	27.5	17.5
2021-07-01	0	9.21	15	8.5
2021-07-02	0	8.32	16	8.5
2021-07-03	0	4.3	17.5	9
2021-07-04	67.5	6.61	17.5	9
2021-07-05	13.5	1	17.5	8.5
2021-07-06	50.5	7.1	17.5	9
2021-07-07	6	3.71	16.5	9
2021-07-08	0	3.02	17	9
2021-07-09	0	2.23	17.5	9.5
2021-07-10	0	5.1	17.5	9
2021-07-11	0	4.3	18	9
2021-07-12	0	9.33	18	9.5
2021-07-13	0	2.1	18	10
2021-07-14	0	6.2	18.5	10
2021-07-15	0	8.1	19	10.5
2021-07-16	69.5	6.07	19.5	10
2021-07-17	0	9.1	19	10.5
2021-07-18	0	1.4	19	10.5
2021-07-19	0	2.3	20	11
2021-07-20	0	3.1	20.5	11
2021-07-21	0	4.2	20.5	11
2021-07-22	0	5.53	21	11.5
2021-07-23	0	4.64	21	11.5
2021-07-24	0	3.74	20	11
2021-07-25	0	2.94	19	11
2021-07-26	37.1	3.23	19	10.5
2021-07-27	63.3	9.1	18.5	10
2021-07-28	30.1	2.81	18.5	10.5
2021-07-29	0	3.74	18	11
2021-07-30	0	3.01	18	11
2021-07-31	0	2.23	18	11
2021-08-01	39.2	3.92	17.5	10.5
2021-08-02	22.4	3.72	18	10.5
2021-08-03	0	3.74	19.5	11
2021-08-04	0	3.01	17.5	11
2021-08-05	0	2.23	17.5	11
2021-08-06	0	4.1	17	10.5
2021-08-07	36.1	1.02	17	10.5
2021-08-08	22.2	2.04	17.5	10
2021-08-09	0	1.14	18	11
2021-08-10	0	1.1	18	11
2021-08-11	0	2.2	18.5	11
2021-08-12	17.1	9.41	18	10.5
2021-08-13	20.3	8.72	18.5	10.5
2021-08-14	44.3	4.1	18	11
2021-08-15	0	2.3	19	11.5
2021-08-16	0	4.1	18.5	11
2021-08-17	0	6.3	18	11
2021-08-18	27.3	5.81	18.5	11
2021-08-19	0	3.1	17.5	10.5
2021-08-20	0	3.2	17.5	10
2021-08-21	0	4.1	17.5	9.5
2021-08-22	0	6.62	16.5	9.5
2021-08-23	0	5.81	16.5	9.5
2021-08-24	0	5.03	16.5	9
2021-08-25	0	4.12	16.5	9
2021-08-26	0	3.21	16	9
2021-08-27	17.5	2.43	17.5	9
2021-08-28	0	2.61	17.5	9
2021-08-29	0	2.3	17.5	9
2021-08-30	38.3	4.2	17.5	8.5
2021-08-31	0	7.1	18	9
2021-09-01	0	2.21	18.5	9
2021-09-02	0	1.42	18.5	9
2021-09-03	17.2	6.1	17.5	8.5
2021-09-04	25.1	1.2	17.5	8.5
2021-09-05	39.2	3.3	17.5	8
2021-09-06	0	1.02	17	8
2021-09-07	0	2.4	17	7.5
2021-09-08	0	3.72	17.5	7.5
2021-09-09	0	3.02	18	8
2021-09-10	37.5	1.22	18.5	8
2021-09-11	44.3	1.32	19	8.5
2021-09-12	0	3.22	19	8.5
2021-09-13	0	3	18.5	8
2021-09-14	0	2.23	18.5	8
2021-09-15	0	1.14	18.5	8
2021-09-16	0	1.06	18	7.5
2021-09-17	0	9.74	17.5	7.5
2021-09-18	0	9.01	17.5	7
2021-09-19	0	8.14	17.5	7.5
2021-09-20	0	7.31	17	7.5
2021-09-21	0	6.52	16.5	7
2021-09-22	0	5.43	16.5	7
2021-09-23	22.2	4.62	16.5	7
2021-09-24	48.1	5.11	16.5	7
2021-09-25	32.2	6.92	17	7.5
2021-09-26	0	7.91	17.5	7.5
2021-09-27	0	7.21	18	8
2021-09-28	16.2	6.51	18	8
2021-09-29	29.3	6.11	18.5	8
2021-09-30	0	7.02	18	8
2021-10-01	48.5	9.92	26	15.5
2021-10-02	28.5	2.21	26.5	16
2021-10-03	0	3.02	25.5	15.5
2021-10-04	0	2.24	26	16
2021-10-05	18	5.1	25.5	15
2021-10-06	37.5	1.18	25.5	15
2021-10-07	23.5	3.04	27	16
2021-10-08	0	3.54	26.5	16.5
2021-10-09	0	2.73	25.5	15
2021-10-10	0	2.1	25	15
2021-10-11	0	3.4	25.5	15
2021-10-12	0	6.3	26	15.5
2021-10-13	0	9.92	26.5	15.5
2021-10-14	0	2.4	25.5	15.5
2021-10-15	0	5.3	19.5	12
2021-10-16	0	7.75	18.5	10.5
2021-10-17	0	2.01	15.5	9
2021-10-18	0	3.2	12.5	3
2021-10-19	0	5.61	11.5	2.5
2021-10-20	0	5.02	12.5	5.5
2021-10-21	0	4.32	12.5	5.5
2021-10-22	0	3.55	13.5	5
2021-10-23	0	2.75	13	6
2021-10-24	0	2.01	12.5	6
2021-10-25	0	1.32	13.5	5
2021-10-26	0	6.1	12	5.5
2021-10-27	0	1.37	12.5	5
2021-10-28	0	1.3	13.5	5
2021-10-29	0	1.23	15	4.5
2021-10-30	0	1.16	10.5	4.5
2021-10-31	0	1.09	10.5	4
2021-11-01	0	2.1	17.5	-1
2021-11-02	0	5.3	18	2
2021-11-03	0	8.82	16	1.1
2021-11-04	0	3.14	9	1.5
2021-11-05	0	7.35	17	1.5
2021-11-06	0	6.61	17.5	2
2021-11-07	0	5.93	20.5	2
2021-11-08	0	5.12	20.5	1.5
2021-11-09	0	4.35	18.5	2
2021-11-10	0	3.64	18.5	2.5
2021-11-11	0	2.92	12.5	2.5
2021-11-12	0	2.23	19	2.5
2021-11-13	0	1.72	11	4
2021-11-14	0	1.02	11.5	6.5
2021-11-15	0	3.1	22	4
2021-11-16	0	3.72	19.5	4
2021-11-17	0	1.31	11	4.5
2021-11-18	0	1.24	20	1
2021-11-19	0	1.18	19.5	1
2021-11-20	0	1.12	19.5	1.5
2021-11-21	0	1.05	18	1.5
2021-11-22	0	4.89	18.5	1.5
2021-11-23	0	2.1	18.5	1.5
2021-11-24	0	6.1	17.5	1.5
2021-11-25	0	2	17.5	1
2021-11-26	0	4.3	18	1.5
2021-11-27	0	6.83	18	1
2021-11-28	0	5.4	19	1
2021-11-29	0	5.62	20	1.5
2021-11-30	0	1.5	20	1
2021-12-01	0	4.41	20.5	1.5
2021-12-02	0	3.82	18.5	1
2021-12-03	0	3.14	18.5	1
2021-12-04	0	2.44	20	1.5
2021-12-05	0	7.5	22	2
2021-12-06	0	1.05	21.5	1
2021-12-07	0	4.1	23	1.5
2021-12-08	0	3.71	22	1.5
2021-12-09	0	3.04	20.5	1
2021-12-10	0	2.33	22	1
2021-12-11	0	6.2	20.5	0.5
2021-12-12	0	1.09	11.5	1.5
2021-12-13	0	1.01	20	1
2021-12-14	0	4.3	21	1
2021-12-15	0	8.7	21	1
2021-12-16	0	1.1	20.5	1
2021-12-17	0	4.3	21.5	1
2021-12-18	7.5	6.74	20.5	2.5
2021-12-19	5	6.1	19	3.5
2021-12-20	0	5.51	18	5.5
2021-12-21	0	5.01	19.5	1
2021-12-22	0	4.32	19	2.5
2021-12-23	0	3.61	19.5	3
2021-12-24	0	2.93	21.5	1
2021-12-25	0	2.21	23	1.5
2021-12-26	0	5.4	23	1.5
2021-12-27	0	8.3	24.5	1.5
2021-12-28	0	1.1	23	2.5
2021-12-29	0	3.61	21.5	3
2021-12-30	0	3.01	22.5	1
2021-12-31	0	2.34	22.5	-1
2022-01-01	0	NULO	21.5	1
2022-01-02	0	NULO	20	1
2022-01-03	0	NULO	19.5	2
2022-01-04	0	NULO	23	1
2022-01-05	0	NULO	23.5	1.5
2022-01-06	0	NULO	22.5	2.5
2022-01-07	2	NULO	21	3
2022-01-08	0	NULO	21	2
2022-01-09	0	NULO	20	2
2022-01-10	0	NULO	14.5	2
2022-01-11	0	NULO	13.5	5.5
2022-01-12	0	NULO	18	1.5
2022-01-13	0	NULO	17	2
2022-01-14	0	NULO	19.5	2.5
2022-01-15	0	NULO	19	2
2022-01-16	0	NULO	18	1.5
2022-01-17	0	NULO	18	1.5
2022-01-18	0	NULO	18	1
2022-01-19	0	NULO	21	1
2022-01-20	0	NULO	20.5	1
2022-01-21	0	NULO	16.5	3.5
2022-01-22	0	NULO	19	6
2022-01-23	0	NULO	20.5	1
2022-01-24	0	NULO	19.5	1
2022-01-25	0	NULO	20.5	5
2022-01-26	0	NULO	22	2
2022-01-27	0	NULO	22.5	1
2022-01-28	0	NULO	19	2
2022-01-29	0	NULO	19	1
2022-01-30	0	NULO	20	2
2022-01-31	0	NULO	21	1.5
2022-02-01	0	NULO	20.5	2.5
2022-02-02	0	NULO	21.5	1
2022-02-03	0	NULO	23.5	1.5
2022-02-04	0	NULO	22	3
2022-02-05	0	NULO	20.5	1
2022-02-06	0	NULO	20.5	1.5
2022-02-07	13.3	NULO	20.5	2
2022-02-08	29.1	NULO	19.5	2.5
2022-02-09	0	NULO	15.5	2.5
2022-02-10	0	NULO	7.5	1.5
2022-02-11	0	NULO	8.5	1
2022-02-12	0	NULO	19	1
2022-02-13	0	NULO	19	1
2022-02-14	0	NULO	15	1
2022-02-15	0	NULO	17.5	3
2022-02-16	0	NULO	19.5	2
2022-02-17	0	NULO	22.5	1.5
2022-02-18	0	NULO	24	2
2022-02-19	0	NULO	23	1
2022-02-20	0	NULO	23	1
2022-02-21	0	NULO	22.5	2.5
2022-02-22	0	NULO	25.5	2.5
2022-02-23	0	NULO	24.5	2
2022-02-24	0	NULO	24.5	1.5
2022-02-25	0	NULO	25	1
2022-02-26	0	NULO	20	2
2022-02-27	0	NULO	22.5	1
2022-02-28	0	NULO	20.5	1
2022-03-01	0	NULO	20.5	1.5
2022-03-02	0	NULO	23	2.5
2022-03-03	0	NULO	24	1
2022-03-04	0	NULO	23	1.5
2022-03-05	0	NULO	25	5.5
2022-03-06	0	NULO	24	3.5
2022-03-07	0	NULO	22	6.5
2022-03-08	0	NULO	23	6.5
2022-03-09	0	NULO	24	7
2022-03-10	0	NULO	24	7.5
2022-03-11	0	NULO	22	3.5
2022-03-12	0	NULO	20	6
2022-03-13	0	NULO	24	1
2022-03-14	0	NULO	25	2
2022-03-15	0	NULO	18	4
2022-03-16	27	NULO	22	7.5
2022-03-17	0	NULO	22	3.5
2022-03-18	0	NULO	19	6.5
2022-03-19	0	NULO	22	4
2022-03-20	19.5	NULO	23	4
2022-03-21	0	NULO	24	6.5
2022-03-22	0	NULO	22	5.5
2022-03-23	0	NULO	25	6.5
2022-03-24	0	NULO	22.5	1.5
2022-03-25	0	NULO	19.5	1
2022-03-26	0	NULO	20	1
2022-03-27	0	NULO	22.5	1
2022-03-28	0	NULO	24	1.5
2022-03-29	0	NULO	27	1
2022-03-30	0	NULO	29	3
2022-03-31	0	NULO	28	6
2022-04-01	NULO	NULO	28	5.5
2022-04-02	NULO	NULO	27	4.5
2022-04-03	NULO	NULO	25	6
2022-04-04	NULO	NULO	26	7
2022-04-05	NULO	NULO	26	9
2022-04-06	NULO	NULO	29	6
2022-04-07	NULO	NULO	16	9
2022-04-08	NULO	NULO	20	4.5
2022-04-09	NULO	NULO	23	5
2022-04-10	NULO	NULO	26	5
2022-04-11	NULO	NULO	25	7
2022-04-12	NULO	NULO	26	9
2022-04-13	NULO	NULO	25	10.5
2022-04-14	NULO	NULO	25	8
2022-04-15	NULO	NULO	26	8
2022-04-16	NULO	NULO	27	7.5
2022-04-17	NULO	NULO	28	6
2022-04-18	NULO	NULO	25	5.5
2022-04-19	NULO	NULO	24	7
2022-04-20	NULO	NULO	22	8.5
2022-04-21	NULO	NULO	25	8.5
2022-04-22	NULO	NULO	25	6.5
2022-04-23	NULO	NULO	24	6
2022-04-24	NULO	NULO	25	6
2022-04-25	NULO	NULO	25	6
2022-04-26	NULO	NULO	16	6.5
2022-04-27	NULO	NULO	19	3
2022-04-28	NULO	NULO	22	4.5
2022-04-29	NULO	NULO	25	6.5
2022-04-30	NULO	NULO	NULO	NULO
2022-05-01	0	NULO	25	10
2022-05-02	0	NULO	26	10
2022-05-03	0	NULO	27	7
2022-05-04	0	NULO	28	4
2022-05-05	10.5	NULO	29	6
2022-05-06	0	NULO	27	6
2022-05-07	0	NULO	29	7
2022-05-08	0	NULO	28	7
2022-05-09	0	NULO	28	6
2022-05-10	0	NULO	27	6
2022-05-11	0	NULO	21	7
2022-05-12	0	NULO	24	7
2022-05-13	0	NULO	25	6
2022-05-14	0	NULO	26	1
2022-05-15	0	NULO	23	4
2022-05-16	0	NULO	24	-1
2022-05-17	0	NULO	26	0
2022-05-18	0	NULO	26	-1
2022-05-19	0	NULO	28	4
2022-05-20	0	NULO	28	5.2
2022-05-21	12.5	NULO	29	9
2022-05-22	0	NULO	25	7
2022-05-23	0	NULO	25	7.5
2022-05-24	17	NULO	26	8
2022-05-25	0	NULO	25	6.5
2022-05-26	0	NULO	24	5.5
2022-05-27	0	NULO	21	6
2022-05-28	0	NULO	23	5
2022-05-29	0	NULO	24	6
2022-05-30	0	NULO	25	8
2022-05-31	NULO	NULO	25	6
2022-06-01	0	NULO	25	6
2022-06-02	0	NULO	21	6
2022-06-03	0	NULO	19	4
2022-06-04	0	NULO	22	3
2022-06-05	0	NULO	24	5
2022-06-06	0	NULO	25	5
2022-06-07	0	NULO	25	5
2022-06-08	0	NULO	26	6
2022-06-09	0	NULO	26	10
2022-06-10	0	NULO	26	4
2022-06-11	0	NULO	23	6
2022-06-12	0	NULO	23	6
2022-06-13	0	NULO	23	6
2022-06-14	0.5	NULO	22	6
2022-06-15	0	NULO	19	9
2022-06-16	0	NULO	19	4
2022-06-17	0	NULO	20	5
2022-06-18	0	NULO	21	7
2022-06-19	0	NULO	21	8
2022-06-20	0	NULO	19	5
2022-06-21	25	NULO	19	4
2022-06-22	0	NULO	19	6
2022-06-23	0	NULO	15	6
2022-06-24	0	NULO	21	5
2022-06-25	12.5	NULO	21	5
2022-06-26	0	NULO	23	5
2022-06-27	0	NULO	22	6
2022-06-28	0	NULO	20	8
2022-06-29	0	NULO	20	9
2022-06-30	NULO	NULO	NULO	NULO
2022-07-01	7.5	NULO	24	6
2022-07-02	0	NULO	24	9
2022-07-03	0	NULO	24	6
2022-07-04	0	NULO	21	7
2022-07-05	0	NULO	23	7
2022-07-06	0	NULO	23	6
2022-07-07	17.5	NULO	21	6
2022-07-08	0	NULO	22	7
2022-07-09	0	NULO	23	6
2022-07-10	25.5	NULO	23	5
2022-07-11	0	NULO	24	6
2022-07-12	0	NULO	24	5
2022-07-13	35.5	NULO	23	6
2022-07-14	40	NULO	20	6
2022-07-15	57.5	NULO	19	8
2022-07-16	19	NULO	20	8
2022-07-17	0	NULO	21	7
2022-07-18	45	NULO	21	6
2022-07-19	0	NULO	24	5
2022-07-20	0	NULO	24	4
2022-07-21	0	NULO	23	6
2022-07-22	0	NULO	23	6
2022-07-23	12.5	NULO	22	6
2022-07-24	0	NULO	20	6
2022-07-25	6	NULO	21	6
2022-07-26	22.5	NULO	22	6
2022-07-27	42.5	NULO	20	6
2022-07-28	22	NULO	19	6
2022-07-29	0	NULO	19	6
2022-07-30	0	NULO	20	5
2022-07-31	0	NULO	20	5
2022-08-01	0	NULO	21	6
2022-08-02	0	NULO	20	6
2022-08-03	45	NULO	22	5
2022-08-04	0	NULO	23	6
2022-08-05	0	NULO	22	5
2022-08-06	0	NULO	21	5
2022-08-07	0	NULO	21	6
2022-08-08	0	NULO	21	6
2022-08-09	59	NULO	18	6
2022-08-10	0	NULO	20	6
2022-08-11	0	NULO	20	6
2022-08-12	0	NULO	22	6
2022-08-13	19	NULO	22	6
2022-08-14	20	NULO	22	6
2022-08-15	32.5	NULO	19	9
2022-08-16	26	NULO	21	10
2022-08-17	17	NULO	21	8
2022-08-18	0	NULO	21	7
2022-08-19	0	NULO	21	6
2022-08-20	32	NULO	21	6
2022-08-21	0	NULO	19	10
2022-08-22	0	NULO	20	7
2022-08-23	0	NULO	21	5
2022-08-24	0	NULO	21	6
2022-08-25	0	NULO	21	6
2022-08-26	12.5	NULO	21	6
2022-08-27	0	NULO	20	6
2022-08-28	0	NULO	23	5
2022-08-29	48	NULO	24	8
2022-08-30	44	NULO	24	9
2022-08-31	0	NULO	21	7
2022-09-01	0	NULO	21	6
2022-09-02	0	NULO	20	6
2022-09-03	19	NULO	19	10
2022-09-04	0	NULO	11	8
2022-09-05	58.5	NULO	19	9
2022-09-06	47.5	NULO	20	10
2022-09-07	8	NULO	18	11
2022-09-08	0	NULO	20	11
2022-09-09	0	NULO	18	9
2022-09-10	0	NULO	21	8
2022-09-11	0	NULO	21	8
2022-09-12	5	NULO	20	8
2022-09-13	0	NULO	17	10
2022-09-14	0	NULO	19	9
2022-09-15	0	NULO	18	10
2022-09-16	0	NULO	18	10
2022-09-17	0	NULO	17	9
2022-09-18	0	NULO	17	9
2022-09-19	0	NULO	19	10
2022-09-20	0	NULO	21	10
2022-09-21	0	NULO	19	7
2022-09-22	0	NULO	18	8
2022-09-23	0	NULO	18	7
2022-09-24	12	NULO	18	9
2022-09-25	0	NULO	21	8
2022-09-26	0	NULO	19	9
2022-09-27	0	NULO	12	7
2022-09-28	0	NULO	14	7
2022-09-29	0	NULO	17	6
2022-09-30	NULO	NULO	NULO	NULO
2022-10-01	0	NULO	17	0
2022-10-02	0	NULO	20	0
2022-10-03	0	NULO	22	0
2022-10-04	18.5	NULO	21	6
2022-10-05	23	NULO	21	6
2022-10-06	0	NULO	18	9
2022-10-07	0	NULO	18	5
2022-10-08	0	NULO	18	6
2022-10-09	0	NULO	15	9
2022-10-10	0	NULO	15	7
2022-10-11	0	NULO	14	7
2022-10-12	0	NULO	16	8
2022-10-13	0	NULO	21	6
2022-10-14	0	NULO	20	2
2022-10-15	0	NULO	20	2
2022-10-16	0	NULO	22	3
2022-10-17	0	NULO	23	5
2022-10-18	0	NULO	24	7
2022-10-19	0	NULO	18	7
2022-10-20	0	NULO	12	7
2022-10-21	0	NULO	20	2
2022-10-22	0	NULO	21	4
2022-10-23	0	NULO	24	4
2022-10-24	7.5	NULO	26	5
2022-10-25	0	NULO	26	5
2022-10-26	0	NULO	21	4
2022-10-27	0	NULO	18	5
2022-10-28	0	NULO	15	5
2022-10-29	0	NULO	25	6
2022-10-30	0	NULO	24	9
2022-10-31	0	NULO	22	5
2022-11-01	0	NULO	22	4
2022-11-02	0	NULO	21	4
2022-11-03	0	NULO	20	4
2022-11-04	0	NULO	22	3
2022-11-05	0	NULO	20	2
2022-11-06	0	NULO	21	2
2022-11-07	0	NULO	22	0
2022-11-08	0	NULO	21	1
2022-11-09	0	NULO	18	1
2022-11-10	0	NULO	19	1
2022-11-11	0	NULO	20	-1
2022-11-12	0	NULO	25	1
2022-11-13	0	NULO	23	3
2022-11-14	0	NULO	23	3
2022-11-15	0	NULO	19	2
2022-11-16	0	NULO	22	3
2022-11-17	0	NULO	21	3
2022-11-18	0	NULO	19	3
2022-11-19	12.5	NULO	20	4
2022-11-20	0	NULO	22	4
2022-11-21	0	NULO	21	4
2022-11-22	0	NULO	18	2
2022-11-23	0	NULO	20	2
2022-11-24	0.5	NULO	21	1
2022-11-25	0	NULO	21	3
2022-11-26	0	NULO	21	3
2022-11-27	28	NULO	23	3
2022-11-28	0	NULO	22	3
2022-11-29	0	NULO	20	3
2022-11-30	0	NULO	NULO	NULO
2022-12-01	0	NULO	17	3
2022-12-02	0	NULO	22	1
2022-12-03	0	NULO	19	1
2022-12-04	0	NULO	17	1
2022-12-05	0	NULO	23	-1
2022-12-06	0	NULO	23	-1
2022-12-07	0	NULO	22	-1
2022-12-08	0	NULO	21	-2
2022-12-09	0	NULO	20	-2
2022-12-10	0	NULO	21	-1
2022-12-11	0	NULO	22	-1
2022-12-12	0	NULO	21	-3
2022-12-13	0	NULO	22	-1
2022-12-14	0	NULO	23	0
2022-12-15	0	NULO	22	-1
2022-12-16	0	NULO	21	2
2022-12-17	0	NULO	21	1
2022-12-18	0	NULO	17	1
2022-12-19	0	NULO	17	-1
2022-12-20	0	NULO	19	-1
2022-12-21	0	NULO	20	-1
2022-12-22	0	NULO	23	1
2022-12-23	0	NULO	18	2
2022-12-24	0.5	NULO	17	1
2022-12-25	12.5	NULO	14	1
2022-12-26	0	NULO	16	2
2022-12-27	0	NULO	17	-2
2022-12-28	0	NULO	19	-2
2022-12-29	0	NULO	17	-2
2022-12-30	0	NULO	16	-1
2022-12-31	0	NULO	16	-2
2023-01-01	0	7.9	20.5	1
2023-01-02	0	7.1	18.5	-1
2023-01-03	0	7.9	21.5	1
2023-01-04	0	8.1	21	0
2023-01-05	0	7	17.5	-1
2023-01-06	0	8	19	-1
2023-01-07	0	8.9	19.5	-3
2023-01-08	0	8.1	19.5	-2
2023-01-09	0	7.9	20	-2.5
2023-01-10	0	8.1	19	-1
2023-01-11	0	7.9	20	-1
2023-01-12	0	3.8	18	0
2023-01-13	0	6.1	15	-1
2023-01-14	0	9	21	-5
2023-01-15	0	8.18	21.5	-1.5
2023-01-16	0	7.8	21.5	-1
2023-01-17	0	9.1	23.5	-1
2023-01-18	0	10	24.5	-1
2023-01-19	0	9.9	23.5	-1.5
2023-01-20	0	10	22.5	-1
2023-01-21	0	10.8	21	2.5
2023-01-22	0	10.3	22	-1
2023-01-23	0	9	23.5	-1
2023-01-24	0	9.9	18.5	-1
2023-01-25	0	10.1	21.5	0
2023-01-26	0	2.9	23.5	-4.5
2023-01-27	0	7	22	-2
2023-01-28	0	9.8	22.5	0
2023-01-29	0	10.9	22.5	-1
2023-01-30	0	1.1	21	-1
2023-01-31	0	NULO	20.5	-2
2023-02-01	0	10.9	24.5	-1
2023-02-02	0	9.3	22.5	-1
2023-02-03	0	9	23	1
2023-02-04	0	9.9	13.5	-3.5
2023-02-05	0	9.9	21.5	-3.5
2023-02-06	0	10.9	18.5	-6
2023-02-07	0	11.3	22	-2.5
2023-02-08	0	11	23	-1
2023-02-09	0	10.8	23	1.5
2023-02-10	0	8.6	21.5	2.5
2023-02-11	0	9.3	20	1
2023-02-12	0	9.8	20	1
2023-02-13	0	9.2	23.5	1.5
2023-02-14	0	10.4	24.5	1.5
2023-02-15	0	12.3	23.5	5.5
2023-02-16	0	10.1	25.5	1.5
2023-02-17	0	9.9	27	2.5
2023-02-18	0	11.3	21.5	2.5
2023-02-19	0	12	22	1.5
2023-02-20	0	11.9	24	-1.5
2023-02-21	0	11.1	19	-2
2023-02-22	0	10.8	23.5	1.5
2023-02-23	0	7.7	23	1
2023-02-24	0	10.2	24.5	1
2023-02-25	0	10	23.5	1.5
2023-02-26	0	10	23.5	1
2023-02-27	0	11.9	25.5	3
2023-02-28	0	NULO	25	2.5
2023-03-01	0	9.9	27.5	6.5
2023-03-02	0	12.7	28.5	4.5
2023-03-03	0	2.1	22	3
2023-03-04	0	12.2	26.5	2.5
2023-03-05	0	11.9	26.5	3.5
2023-03-06	0	11.1	26.5	3
2023-03-07	0	11.9	24.5	-1.5
2023-03-08	0	7.8	25.5	-1.5
2023-03-09	0	12.1	23.5	-2
2023-03-10	0	12.7	24	-1
2023-03-11	0	12	23.5	-1
2023-03-12	0	12.3	25.5	1
2023-03-13	0	6.9	24.5	2.5
2023-03-14	8	9.9	23.5	3.5
2023-03-15	17.1	7	23.5	6
2023-03-16	0	10.8	18.5	4.5
2023-03-17	0	11.9	19.5	5
2023-03-18	25.3	12.6	22.5	6.5
2023-03-19	0	9.7	20.5	5.5
2023-03-20	0	10.3	11.5	1
2023-03-21	0	10.8	19	3.5
2023-03-22	0	8	19.5	3
2023-03-23	0	7.9	25	4.5
2023-03-24	0	11.8	25.5	8
2023-03-25	0	12.1	25	8.5
2023-03-26	48.2	8.1	27.5	7
2023-03-27	20.2	10.1	28	6
2023-03-28	15.1	5	27.5	6.5
2023-03-29	0	11.9	23	8.5
2023-03-30	0	6	25	6.5
2023-03-31	0	NULO	25	7
2023-04-01	0	11	25	6.5
2023-04-02	0	11.8	26.5	5.5
2023-04-03	0	8.8	28	4.5
2023-04-04	0	12.1	28	5
2023-04-05	0	7.8	27.5	5.5
2023-04-06	0	9.9	27.5	5.5
2023-04-07	25.5	9.4	26	7.5
2023-04-08	12	9.7	25	5
2023-04-09	0	7.8	20	6
2023-04-10	0	7.1	21.5	6.5
2023-04-11	0	9.8	20	7
2023-04-12	0	12.2	18.5	7
2023-04-13	0	12.7	21.5	6
2023-04-14	0	13.3	23.5	6.5
2023-04-15	0	11.2	24.5	5
2023-04-16	0	10.6	25	5
2023-04-17	0	12.2	23	8.5
2023-04-18	0	NULO	24.5	7.5
2023-04-19	55	NULO	25.5	8
2023-04-20	0	8.8	27.5	6.5
2023-04-21	9.2	9	27	8.5
2023-04-22	0	11.1	25.5	7
2023-04-23	0	7.8	25.5	7
2023-04-24	0	12.1	24.5	9
2023-04-25	0	13	25.5	8.5
2023-04-26	0	11.8	26.5	4.5
2023-04-27	12.5	12.3	26.5	6
2023-04-28	0	11.9	27.3	7.5
2023-04-29	0	12	20.5	5
2023-04-30	0	NULO	25	3.5
2023-05-01	0	12	25.5	5
2023-05-02	0	12	27.5	6.5
2023-05-03	0	12.8	27	7.5
2023-05-04	0	7.3	26.5	8.5
2023-05-05	0	7.8	25	6
2023-05-06	0	11.9	26.5	5.5
2023-05-07	10	9.9	27.5	6
2023-05-08	27.5	7.4	28	7.5
2023-05-09	0	6.9	25.5	7.5
2023-05-10	0	6.9	24.5	7.5
2023-05-11	0	13.1	25.5	8
2023-05-12	27.5	12.2	27.5	7
2023-05-13	38	8.74	25.5	6.5
2023-05-14	0	12.16	21.5	4.5
2023-05-15	13.5	6.3	21	4.5
2023-05-16	40	12.1	21	6
2023-05-17	0	12.8	23.5	6.5
2023-05-18	0	12.2	22.5	7.5
2023-05-19	0	11.8	23	8.5
2023-05-20	0	12.2	22.5	8.5
2023-05-21	12	12.7	22.5	8
2023-05-22	8	9.9	23	8
2023-05-23	0	11	24	8.5
2023-05-24	0	11.8	23.5	7
2023-05-25	0	10.2	19.2	7
2023-05-26	0	10.1	24.5	5.5
2023-05-27	0	7.8	24.5	5
2023-05-28	10	6.9	23.5	5.5
2023-05-29	7	9.7	21.5	4.5
2023-05-30	0	10.2	24.5	5
2023-05-31	0	NULO	24.5	7.5
2023-06-01	0	2.3	23.5	7
2023-06-02	0	8.4	27.5	9
2023-06-03	0	6.9	27.5	7
2023-06-04	0	12	26.5	7.5
2023-06-05	0	11.9	24.5	7.5
2023-06-06	10	7.7	24	8
2023-06-07	0	12.2	24.5	8
2023-06-08	0	10.1	26.5	9
2023-06-09	0	7.9	21.5	11
2023-06-10	0	11.9	29	4.5
2023-06-11	0	13.1	28.5	5.5
2023-06-12	0	12.9	27.5	7.5
2023-06-13	0	13.1	28.5	3.5
2023-06-14	0	13.9	29.5	4.3
2023-06-15	0	12.1	29.5	4.5
2023-06-16	0	11.9	29	6
2023-06-17	0	7.9	29	8
2023-06-18	0	9.9	29.5	5.5
2023-06-19	0	13.1	28.5	6
2023-06-20	0	9.1	27.5	5.5
2023-06-21	0	7.8	27.5	6
2023-06-22	0	11.9	25	6
2023-06-23	0	12.1	24.5	6.5
2023-06-24	7	8.9	23.5	5.5
2023-06-25	12	8.9	20.5	10.5
2023-06-26	0	10.8	21	10
2023-06-27	0	12	22.5	5.5
2023-06-28	0	10.2	22	7.5
2023-06-29	0	9	21	9.5
2023-06-30	0	NULO	21.5	10.5
2023-07-01	27.5	11.4	23.5	8.5
2023-07-02	12.5	8.5	22.5	9.5
2023-07-03	43	12.8	24.5	8.5
2023-07-04	0	10.1	23.5	10.5
2023-07-05	17	8.8	23.5	11
2023-07-06	23.5	8.4	23.5	8.5
2023-07-07	29	9	20.5	10.5
2023-07-08	5	12.8	23.5	11.5
2023-07-09	0	9.5	22.5	8
2023-07-10	0	7.8	23.5	7.5
2023-07-11	32	8.9	22.5	7.5
2023-07-12	0	10	23.5	8.5
2023-07-13	25	4.8	23.5	6.5
2023-07-14	0	10.2	24.5	6.5
2023-07-15	38	8.7	24.5	6.5
2023-07-16	0	11.1	24.5	6
2023-07-17	0	10.1	23.5	6
2023-07-18	0	6.7	24.5	5
2023-07-19	0	11	22.5	5
2023-07-20	0	5.9	20.5	6
2023-07-21	0	10.3	20.5	5.5
2023-07-22	0	9	21	8
2023-07-23	0	10	22.5	7
2023-07-24	0	7.8	19.5	8.5
2023-07-25	5	7.7	21.5	9.5
2023-07-26	1.5	8.7	21.5	4
2023-07-27	0	7	17.5	4.5
2023-07-28	5	11	20.5	9.5
2023-07-29	17	9.4	24.5	9
2023-07-30	0	7.9	23.5	9.5
2023-07-31	0	NULO	24.5	10.5
2023-08-01	0	9	21.5	10.5
2023-08-02	0	5.9	23	8.5
2023-08-03	0	10.9	23	7.5
2023-08-04	0	8.2	22.5	7.5
2023-08-05	3	11.8	21.5	10
2023-08-06	7.5	7.3	22.5	10
2023-08-07	19.5	8.2	24	6
2023-08-08	0	8.2	23.5	6
2023-08-09	19.22	11.02	26.5	6
2023-08-10	17.5	9.4	26	8.5
2023-08-11	0	7.9	24.5	8.5
2023-08-12	0	8	24.5	5.5
2023-08-13	8	7.8	23.5	5.5
2023-08-14	0	4	23.5	6.5
2023-08-15	0	7.9	19	8
2023-08-16	0	8.1	17.5	9.5
2023-08-17	8	10.9	15	10
2023-08-18	17.5	9.4	21	11
2023-08-19	22	9.9	21.5	11
2023-08-20	0	7.9	22.5	9
2023-08-21	5	8.9	20	10
2023-08-22	0	8	20	6.5
2023-08-23	22	10.8	21.5	6.5
2023-08-24	0	7.1	17	8.5
2023-08-25	5	11.9	17	6
2023-08-26	0	7.1	18	6
2023-08-27	0	6.8	20	8
2023-08-28	0	7.2	20.5	11.5
2023-08-29	0	9.8	22	6
2023-08-30	0	7.9	23.5	5
2023-08-31	0	NULO	23	4.5
2023-09-01	0	10.8	21.5	8.5
2023-09-02	0	9.1	23	6
2023-09-03	0	11	26	6.5
2023-09-04	0	1	25	6.5
2023-09-05	0	9.9	24.5	5
2023-09-06	0	9	24.5	5
2023-09-07	20	9.7	23.5	7
2023-09-08	0	10	22	6.5
2023-09-09	0	8.3	21.5	5
2023-09-10	0	8.9	22	4.5
2023-09-11	0	9	21	4.5
2023-09-12	0	9.8	21.5	3.5
2023-09-13	0	7.8	23	7
2023-09-14	0	8.1	24.5	6.5
2023-09-15	0	8.87	24	6.5
2023-09-16	0	10.13	23.5	7.5
2023-09-17	0	9.8	23	8.5
2023-09-18	0	9.2	24.5	7.5
2023-09-19	0	10.8	21	7.5
2023-09-20	0	12	23.5	8
2023-09-21	0	12	24.5	4.5
2023-09-22	0	12	24	6.5
2023-09-23	0	10.1	25	6.5
2023-09-24	0	10.1	24.5	2.5
2023-09-25	0	9.9	24.5	2.5
2023-09-26	0	10.1	21	1.5
2023-09-27	0	7.7	22	3.5
2023-09-28	0	10.2	22	2.5
2023-09-29	0	8.9	23.5	2.5
2023-09-30	0	NULO	23.5	7.5
2023-10-01	0	8.1	24	9.5
2023-10-02	15.5	5.4	23.5	8.5
2023-10-03	0	4	22.5	8
2023-10-04	22	4.8	23.5	7
2023-10-05	0	10.1	23	7.5
2023-10-06	0	9.9	23	8
2023-10-07	0	5.1	23	8
2023-10-08	0	6.9	14.5	9.5
2023-10-09	0	5.1	17	9
2023-10-10	0	5.8	19	9
2023-10-11	0	7.2	19.5	6
2023-10-12	0	6.9	21.5	9.5
2023-10-13	0	10.1	21	7.5
2023-10-14	0	7.8	23.5	8
2023-10-15	0	7.2	18	9
2023-10-16	0	5.1	14.5	8.5
2023-10-17	0	7.9	13.5	4.5
2023-10-18	0	9.9	19	1.5
2023-10-19	0	7	24.5	1.5
2023-10-20	0	8.1	23	6
2023-10-21	0	8.9	21.5	1.5
2023-10-22	0	9.9	25	3
2023-10-23	0	10.1	25.5	5.5
2023-10-24	0	10.9	23.5	3.5
2023-10-25	0	7.2	24.5	4
2023-10-26	0	8	20	11.5
2023-10-27	5	14.9	22.5	9.5
2023-10-28	0	14.5	21	6.5
2023-10-29	0	3.6	21.5	1.5
2023-10-30	0	9	23.5	4.5
2023-10-31	0	NULO	21.5	2.5
2023-11-01	0	8.9	17.5	3
2023-11-02	0	7.9	18.5	2
2023-11-03	0	7	19.5	2
2023-11-04	0	7.9	21.5	1.5
2023-11-05	0	8.1	20	-1
2023-11-06	0	8	18	1
2023-11-07	0	7.9	25.5	1.5
2023-11-08	0	8.1	21.5	4
2023-11-09	0	7	21	6.5
2023-11-10	12.5	6.3	26.5	7.5
2023-11-11	0	8.1	22	6.5
2023-11-12	0	7.9	20	5
2023-11-13	0	7.1	19.3	7.5
2023-11-14	0	6.9	21	7.5
2023-11-15	0	9	17.5	5.5
2023-11-16	0	7.1	20.5	-3
2023-11-17	0	7.9	21.5	-2.5
2023-11-18	0	7	18.5	-2
2023-11-19	0	10.1	22	-2.5
2023-11-20	0	7.9	21.5	1
2023-11-21	0	6.9	27.5	4.5
2023-11-22	10	4.9	16.5	2.5
2023-11-23	17.5	10.3	11	3.5
2023-11-24	0	10.1	13.5	5
2023-11-25	0	7.9	22	4
2023-11-26	0	8.1	21.5	1.5
2023-11-27	7	3.9	22	3.5
2023-11-28	0	13	20	7
2023-11-29	0	10	17.5	8
2023-11-30	13	NULO	20	9
2023-12-01	0	7.9	20.5	8.5
2023-12-02	0	8.1	21.5	9
2023-12-03	0	6.9	21	8
2023-12-04	0	7.1	20	7.5
2023-12-05	0	8.9	15.5	5
2023-12-06	0	6.1	11.5	6
2023-12-07	27.5	5.3	18	6
2023-12-08	0	7.1	19.5	5
2023-12-09	0	7.9	21	2.5
2023-12-10	10	10	12.5	6
2023-12-11	5	7.8	14	3
2023-12-12	0	7.1	18.5	1.5
2023-12-13	0	6	17	3
2023-12-14	0	7.9	15	4
2023-12-15	0	6.1	15.5	5.5
2023-12-16	0	6.9	14.5	7
2023-12-17	0	8.1	17	1
2023-12-18	0	7	18.5	-5
2023-12-19	0	7.9	20	-5
2023-12-20	0	8.1	19.5	-5
2023-12-21	0	7.8	21	-3
2023-12-22	0	8.2	19.5	-3.5
2023-12-23	0	8	21.5	-2.5
2023-12-24	0	7.9	20.5	2
2023-12-25	0	7.1	20	3
2023-12-26	0	7	14.5	3
2023-12-27	0	7.9	16	7
2023-12-28	0	7.1	19	1.5
2023-12-29	0	7.9	15	-3
2023-12-30	0	7.9	17	-2.5
2023-12-31	0	NULO	17	-3.5
2024-01-01	0	6.9	19	3.5
2024-01-02	0	8	19	-1
2024-01-03	0	7	19.5	5.5
2024-01-04	0	7.1	22.5	5
2024-01-05	0	6.9	21.5	6
2024-01-06	0	7.1	20.5	6.5
2024-01-07	0	6.9	22	3.5
2024-01-08	0	7.1	18.5	5.5
2024-01-09	0	6.9	19	5.5
2024-01-10	0	8.1	19.5	6
2024-01-11	0	6.9	22	4.5
2024-01-12	0	7.1	22.5	4
2024-01-13	0	7.9	25.5	2
2024-01-14	0	7.1	24.5	2.5
2024-01-15	0	6.9	24	2.5
2024-01-16	0	8.1	24.5	1
2024-01-17	0	7.9	24	1.5
2024-01-18	0	6.2	23.5	2.5
2024-01-19	0	2.8	23.5	2
2024-01-20	0	7.1	19.5	2.5
2024-01-21	0	8	19.5	4
2024-01-22	0	8	19	3.5
2024-01-23	0	7.9	20	4
2024-01-24	0	8.1	21	5
2024-01-25	0	8	23	1
2024-01-26	0	8.9	23	-1
2024-01-27	0	9	22.5	1
2024-01-28	0	8.1	19	1.5
2024-01-29	0	7.9	19	-1
2024-01-30	0	7.1	18.5	-1
2024-01-31	0	NULO	20.5	4
2024-02-01	0	7.9	19.5	5.5
2024-02-02	0	8.1	22.5	1.5
2024-02-03	0	7.9	22	5.5
2024-02-04	0	8.1	21.5	5
2024-02-05	0	6.9	19.5	2.5
2024-02-06	0	2.9	22	-5.5
2024-02-07	0	2	26.5	-5.5
2024-02-08	0	7	28.5	-4
2024-02-09	0	8.9	27.5	1
2024-02-10	0	8.1	26.5	-1.5
2024-02-11	0	8	26	-1
2024-02-12	0	8	24.5	4.5
2024-02-13	0	7	28.5	3
2024-02-14	0	7	23	-1
2024-02-15	0	8	22.5	-1
2024-02-16	0	6.9	23.5	-1
2024-02-17	14	5.8	23	2.5
2024-02-18	0	8.1	17.5	2.5
2024-02-19	0	7.9	22	-7.5
2024-02-20	0	7.1	21.5	-3
2024-02-21	0	7.9	24.5	-4
2024-02-22	0	7.1	27	-4
2024-02-23	0	11	25.5	-2
2024-02-24	0	7.9	24	1.5
2024-02-25	0	6.9	24	-1
2024-02-26	0	10.1	25.5	-1
2024-02-27	0	8.9	27	1
2024-02-28	0	10	26.5	3.5
2024-02-29	0	NULO	25.5	3.3
2024-03-01	0	7.8	26	4.5
2024-03-02	0	7.9	26	2.5
2024-03-03	0	11	26.5	2.5
2024-03-04	0	10.9	26.5	4.5
2024-03-05	0	10.1	26.5	2.5
2024-03-06	0	10	28.5	1.5
2024-03-07	0	10.9	26.5	5.5
2024-03-08	0	9.1	29	5
2024-03-09	0	10.1	29	2
2024-03-10	0	7.9	26.5	1.5
2024-03-11	0	4.9	26.5	1.5
2024-03-12	0	7.8	23.5	3.5
2024-03-13	0	5.1	26	2.5
2024-03-14	0	9	26.5	5.5
2024-03-15	0	10	27.5	3.5
2024-03-16	0	10.9	27.5	4.5
2024-03-17	0	11	27	5
2024-03-18	0	10.1	26.5	4.5
2024-03-19	0	9.9	25.5	10.5
2024-03-20	0.7	11.7	25	10
2024-03-21	0	12.1	26.5	6.5
2024-03-22	0	10	27.5	7.5
2024-03-23	0	8.9	26.5	3.5
2024-03-24	0	2.9	28	4.5
2024-03-25	0	10	26	5.5
2024-03-26	0	5	27.5	6
2024-03-27	0	9.9	27.5	1
2024-03-28	0	11	21.5	1
2024-03-29	0	10.1	27.5	0.1
2024-03-30	0	10	27.5	4
2024-03-31	0	NULO	28	5.5
2024-04-01	0	11.9	29	6
2024-04-02	0	10	28.5	9.5
2024-04-03	0	10.1	25.5	5
2024-04-04	0	10.9	24	1.5
2024-04-05	0	11	22	2.5
2024-04-06	0	11	27.5	5.5
2024-04-07	0	7.8	28.5	5.5
2024-04-08	0	10	26.5	9
2024-04-09	0	12	27.5	9
2024-04-10	0	2	21.5	9.5
2024-04-11	0	11.1	19.5	3.5
2024-04-12	0	12	24.5	1.5
2024-04-13	0	12	25.5	4.5
2024-04-14	0	12.9	30	3
2024-04-15	0	13	31.5	8
2024-04-16	0	12	30.5	7
2024-04-17	0	8.8	30	7
2024-04-18	0	6.1	29	7
2024-04-19	12.5	9.2	27.5	8.5
2024-04-20	18.5	6.3	24.5	9.5
2024-04-21	0	11.9	22	7.5
2024-04-22	13.5	13.2	22	8.5
2024-04-23	0	10.1	24	8
2024-04-24	0	11	27	4.5
2024-04-25	0	9.9	26.5	5.5
2024-04-26	0	12.1	26.5	9.5
2024-04-27	0	11.9	25.5	6
2024-04-28	0	12.1	25.5	8.5
2024-04-29	0	11.9	28	8
2024-04-30	0	NULO	28.5	5.5
2024-05-01	0	NULO	27.5	11
2024-05-02	22.5	NULO	28.5	12.5
2024-05-03	25	12.8	29.5	10.5
2024-05-04	17.5	10.4	29.5	9
2024-05-05	0	11.8	28.5	9.5
2024-05-06	0	12	29	4
2024-05-07	0	13.1	30.5	9
2024-05-08	0	4.9	30.5	11
2024-05-09	0	12.8	31	13.5
2024-05-10	0	13	30.5	8.5
2024-05-11	0	13.2	31.5	8
2024-05-12	0	13	30.5	14
2024-05-13	0	12.74	29.5	12.5
2024-05-14	0	7.8	29.5	9.5
2024-05-15	0	11.9	29	11.5
2024-05-16	0	13.1	31.5	11.5
2024-05-17	0	11.9	30	9.5
2024-05-18	0	14.1	28.5	10.5
2024-05-19	0	13.1	28.5	9.5
2024-05-20	0	12.9	28.5	6
2024-05-21	0	13.1	28	6
2024-05-22	0	12.9	30	11
2024-05-23	0	14.1	30.5	12.5
2024-05-24	0	14.8	30.5	8.5
2024-05-25	0	7.7	30.5	10.5
2024-05-26	0	15	31	9.5
2024-05-27	0	4.2	29.5	9.5
2024-05-28	0	2.7	29.5	9.5
2024-05-29	12.5	7.2	26	8.5
2024-05-30	0	13.1	27.5	8
2024-05-31	0	NULO	29.5	5.5
2024-06-01	0	12.6	29	5.5
2024-06-02	0	15.6	29.5	5.5
2024-06-03	0	12.8	30.5	8.5
2024-06-04	0	13.1	29.5	11
2024-06-05	0	7.9	29.5	10
2024-06-06	0	12.8	28	6.5
2024-06-07	0	13	26.5	8
2024-06-08	0	12.2	27.5	5
2024-06-09	0	11.9	27	8.5
2024-06-10	0	12.1	25	8.5
2024-06-11	0	11.9	24.5	6.5
2024-06-12	0	12.9	25.5	8.5
2024-06-13	0	11	25	5.5
2024-06-14	0	13	24	5.5
2024-06-15	0	13.1	23	9
2024-06-16	0	11.9	23.5	8.5
2024-06-17	0	7.9	25	4.5
2024-06-18	0	10	25.5	5
2024-06-19	15	12.9	21.5	9
2024-06-20	22.5	10.2	20.5	12.5
2024-06-21	32.5	13.4	20	11.5
2024-06-22	22	9.8	20.5	11
2024-06-23	17	7.7	20.5	11
2024-06-24	31	12.8	20.5	10
2024-06-25	36	5.8	20.5	12
2024-06-26	38	3.7	21.5	12
2024-06-27	22	5.7	21	12
2024-06-28	30	4.8	21.5	12.5
2024-06-29	35	2.7	22.5	11.5
2024-06-30	22	NULO	22.5	10.5
2024-07-01	35	NULO	22.5	10.5
2024-07-02	0	7.1	21.5	11
2024-07-03	0	8.1	24	10
2024-07-04	0	7.9	22.5	10.5
2024-07-05	0	8.1	22	6.5
2024-07-06	0	9.8	24.5	6.5
2024-07-07	0	9	24.5	6.5
2024-07-08	0	NULO	21.5	6.5
2024-07-09	17.5	NULO	16	10.5
2024-07-10	25.5	NULO	16	11
2024-07-11	30	NULO	18	11.5
2024-07-12	17.5	NULO	20.5	11.5
2024-07-13	0	7	21.5	7.5
2024-07-14	0	8	21.5	9.5
2024-07-15	0	7.8	21.5	7.5
2024-07-16	0	NULO	21.5	10.5
2024-07-17	30	NULO	25	10.5
2024-07-18	35	NULO	20	12
2024-07-19	17	NULO	18.5	11.5
2024-07-20	0	NULO	20.5	8
2024-07-21	10	NULO	20	10.5
2024-07-22	19	NULO	19	8.5
2024-07-23	22	NULO	19.5	10.5
2024-07-24	20.5	NULO	21.5	10
2024-07-25	17	NULO	23.5	10
2024-07-26	15	NULO	23.5	10.5
2024-07-27	7.5	NULO	21.5	10
2024-07-28	11	NULO	21	7.5
2024-07-29	0	7.1	20.5	7
2024-07-30	0	NULO	20.5	9.5
2024-07-31	NULO	NULO	NULO	NULO
2024-08-01	0	8	22.9	6.5
2024-08-02	0	6.9	19.6	6.5
2024-08-03	0	8	21.5	6.5
2024-08-04	0	7.1	22	5
2024-08-05	17	10.9	23	5
2024-08-06	0	8.9	23.5	8.5
2024-08-07	0	8	24	11.5
2024-08-08	0	7.9	23	7.5
2024-08-09	0	7.1	22	7.5
2024-08-10	0	9.1	21.5	9
2024-08-11	0	8.9	22	8.5
2024-08-12	0	7.7	21.5	9.5
2024-08-13	0	7.2	22.5	9
2024-08-14	0	7.9	21.5	10
2024-08-15	0	6.1	22	9.5
2024-08-16	0	7.9	22.5	11
2024-08-17	0	7.9	23.5	11.5
2024-08-18	0	7.2	23.5	9.5
2024-08-19	0	7.9	21.5	9
2024-08-20	0	8	22	7.5
2024-08-21	0	5.9	20.5	7.5
2024-08-22	0	3.8	19.5	7
2024-08-23	0	8.1	22.5	7.5
2024-08-24	0	8.1	21.5	6.5
2024-08-25	0	7	22	6
2024-08-26	0	7.9	22	6.5
2024-08-27	0	9.1	22.5	6.5
2024-08-28	0	8	21.5	6.5
2024-08-29	0	7.9	23.5	7
2024-08-30	0	7.8	23.5	8.5
2024-08-31	17.5	NULO	23	8
2024-09-01	12	NULO	23.5	7
2024-09-02	18	NULO	23	7
2024-09-03	28	NULO	23.5	10
2024-09-04	0	8.1	21.5	8
2024-09-05	0	NULO	21.5	8.5
2024-09-06	17.5	NULO	20	10
2024-09-07	28	NULO	14.5	11
2024-09-08	0	7.2	14.5	8
2024-09-09	0	NULO	19.5	8.5
2024-09-10	38	NULO	22.5	8.5
2024-09-11	0	NULO	22.5	12
2024-09-12	15	NULO	23.5	12
2024-09-13	48	NULO	25	12.5
2024-09-14	0	NULO	23.5	10.5
2024-09-15	8	NULO	23	12.5
2024-09-16	22	NULO	25	12.5
2024-09-17	27.5	NULO	21.5	12.5
2024-09-18	32	NULO	24.5	12.5
2024-09-19	25	NULO	24	9.5
2024-09-20	0	7.1	22.5	7
2024-09-21	0	6.9	22.5	7
2024-09-22	0	8.1	21	6
2024-09-23	0	7	19.5	7
2024-09-24	0	5.9	19.5	8.5
2024-09-25	0	NULO	21	10
2024-09-26	32	NULO	19.5	7
2024-09-27	25	NULO	17	10
2024-09-28	20	NULO	20	10.5
2024-09-29	0	6.9	17.5	9.5
2024-09-30	0	NULO	17.5	5.5
2024-10-01	0	NULO	19	8.5
2024-10-02	22	NULO	21.5	8
2024-10-03	29	NULO	21.5	9
2024-10-04	16	NULO	20.5	9.5
2024-10-05	22	NULO	19.5	9
2024-10-06	13.5	NULO	21	8
2024-10-07	0	7.02	19	8.5
2024-10-08	0	8.18	20	7
2024-10-09	0	8	19	8
2024-10-10	0	7.8	18	1
2024-10-11	0	7.2	17.5	1.5
2024-10-12	0	7	19.5	1
2024-10-13	0	7.8	22	4.5
2024-10-14	0	7.8	22.5	2.5
2024-10-15	0	7.1	20.5	1.5
2024-10-16	0	6.9	18.5	6
2024-10-17	0	6.9	18.5	5.5
2024-10-18	0	7.2	18	5
2024-10-19	0	6.8	17.5	5.5
2024-10-20	12	6.7	13	8.5
2024-10-21	0	7.1	12	8.5
2024-10-22	0	8.1	18	8
2024-10-23	0	9	19	3.5
2024-10-24	0	8.8	18.5	5.5
2024-10-25	0	10	19	5.5
2024-10-26	0	8.2	16.5	7.5
2024-10-27	0	8.9	15	8
2024-10-28	12	2.9	19.5	7.5
2024-10-29	0	7.8	21.5	5
2024-10-30	0	9.2	21	4.5
2024-10-31	27	NULO	21	5
2024-11-01	12.5	10.4	20.5	7.5
2024-11-02	18	7.8	21.5	7.5
2024-11-03	0	7.9	21	8
2024-11-04	0	8	21.5	7.5
2024-11-05	0	8.1	21.5	8
2024-11-06	0	7	21	8
2024-11-07	0	8.1	19.5	6.5
2024-11-08	0	8.9	22.5	5
2024-11-09	0	9.9	22	1.5
2024-11-10	5	2.8	22	-2
2024-11-11	0.1	11.2	21.5	-2
2024-11-12	0	8.8	22	-3
2024-11-13	0	9.2	20.5	-4
2024-11-14	0	7	21	1.5
2024-11-15	0	9.8	21.5	2
2024-11-16	0	9.1	22	2
2024-11-17	0	7.8	22.5	3.5
2024-11-18	0	9.1	22.5	3.5
2024-11-19	0	8	21.5	3.5
2024-11-20	0	9.8	22	2.5
2024-11-21	0	9.1	22.5	-2
2024-11-22	0	9.1	22.5	-3
2024-11-23	0	8.9	22	-4
2024-11-24	0	9	22	-4
2024-11-25	0	8	22	-4
2024-11-26	0	9.1	22.9	0.6
2024-11-27	0	6.9	22	-3
2024-11-28	0	8.1	21	-3
2024-11-29	0	5.9	21	-4
2024-11-30	0	NULO	20.5	-4
2024-12-01	0	8	19.5	1.5
2024-12-02	0	6.9	19	1
2024-12-03	0	8.1	20.5	1.5
2024-12-04	0	7.8	21	-4
2024-12-05	0	7.1	21.5	-1.5
2024-12-06	0	7.9	21.5	-2
2024-12-07	0	8	21.5	-2
2024-12-08	0	8	22	-2.5
2024-12-09	0	8.1	22	-3
2024-12-10	0	7.8	21.5	-3
2024-12-11	0	8	20.5	-2
2024-12-12	0	8.1	19.5	-3.5
2024-12-13	0	8	19	4
2024-12-14	0	7.1	19	3
2024-12-15	0	7.9	19.5	3
2024-12-16	0	8.1	20	3
2024-12-17	0	6.9	20	2
2024-12-18	0	7.9	21.5	2
2024-12-19	0	8.1	21.5	1
2024-12-20	0	7	22	1
2024-12-21	0	8	22.5	1
2024-12-22	0	7.8	22.5	-1
2024-12-23	0	6.9	21.5	-2
2024-12-24	0	7.2	21.5	-3
2024-12-25	0	6.9	22	-3.5
2024-12-26	0	8	21.5	-3.5
2024-12-27	0	7.9	21.5	-3.5
2024-12-28	0	7.1	20.5	-4
2024-12-29	0	6.9	20.5	-3.5
2024-12-30	0	8.1	20	-3.5
2024-12-31	0	NULO	20	-3.5
2025-01-01	0	7.9	19.5	0.3
2025-01-02	0	8	19.5	3.5
2025-01-03	0	8	19.5	5.5
2025-01-04	0	7.9	19	6
2025-01-05	0	8.1	19	6.5
2025-01-06	0	7.9	18.5	6.5
2025-01-07	22.5	6.3	18.5	7
2025-01-08	0	NULO	19	7.5
2025-01-09	25	NULO	19	7.5
2025-01-10	0	NULO	19.5	7.5
2025-01-11	12.5	NULO	19	7.5
2025-01-12	0	NULO	19.5	7
2025-01-13	0	NULO	19.5	7
2025-01-14	0	8	20	7
2025-01-15	0	8.1	20.5	6
2025-01-16	0	7.9	21	4.5
2025-01-17	0	7.1	21.5	3.5
2025-01-18	0	7	21.5	3.5
2025-01-19	0	9	22	3.5
2025-01-20	0	7.1	21.5	4
2025-01-21	0	6.9	21	4
2025-01-22	0	6.9	21.5	3.5
2025-01-23	0	11.1	22	3.5
2025-01-24	0	5.1	22.5	4.5
2025-01-25	0	8.9	22	5
2025-01-26	0	8.1	21.5	5
2025-01-27	0	2.8	21.5	5
2025-01-28	0	10.1	21	5
2025-01-29	0	9.8	22	5.5
2025-01-30	0	10.1	22.5	6
2025-01-31	0	NULO	22.5	6
2025-02-01	28.5	5.3	21.5	7
2025-02-02	0	8.1	20	7.5
2025-02-03	0	7	21	4
2025-02-04	0	6.9	19.5	3.5
2025-02-05	0	8	19.5	3
2025-02-06	0	11.1	19	2.5
2025-02-07	0	7	17	2.5
2025-02-08	0	7.9	17	2
2025-02-09	0	7.9	16.5	2
2025-02-10	0	8.2	17.5	1.5
2025-02-11	0	8.9	17.5	3
2025-02-12	0	7.1	18	3
2025-02-13	0	7.9	19.5	4.5
2025-02-14	0	9.9	20	5.5
2025-02-15	0	8.1	20	6
2025-02-16	0	8.1	21.5	6
2025-02-17	0	7.9	21.5	7
2025-02-18	0	8.1	22	7
2025-02-19	0	8.8	22.5	8.5
2025-02-20	17.5	5.3	23	9
2025-02-21	20.5	6.4	23.5	11
2025-02-22	0	7	19.5	11
2025-02-23	0	6.9	17.5	3.5
2025-02-24	0	7	17	3.5
2025-02-25	0	8.1	16	3
2025-02-26	0	7.9	15	2.5
2025-02-27	0	8.1	17	2
2025-02-28	0	NULO	17	2.5
2025-03-01	0	7.9	20	4.5
2025-03-02	0	12.1	21	5
2025-03-03	0	7.9	21	6.5
2025-03-04	0	10	22	6
2025-03-05	0	10.1	22.5	7.5
2025-03-06	0	9.9	23.5	7.5
2025-03-07	0	10	23.5	8.5
2025-03-08	0	9.9	23	8.5
2025-03-09	0	6.3	23	8.5
2025-03-10	0	7.8	23.5	6.5
2025-03-11	0	9.9	23	7
2025-03-12	0	10.1	23	7
2025-03-13	0	10.1	23.5	7.5
2025-03-14	0	10.8	23.5	7.5
2025-03-15	0	12.1	24	7.5
2025-03-16	0	11.9	24	8
2025-03-17	0	12.1	24.5	8
2025-03-18	0	10.1	24.5	8.5
2025-03-19	0	11.8	25.5	8.5
2025-03-20	0	12	25.5	8.5
2025-03-21	0	10.1	24.5	8.5
2025-03-22	0	10.07	24	8
2025-03-23	0	6.13	23.5	7.5
2025-03-24	0	7.7	23	7.5
2025-03-25	0	7.2	22.5	7
2025-03-26	0	8	22.5	7
2025-03-27	0	9.9	21.5	6.5
2025-03-28	0	9.9	21.5	5.5
2025-03-29	0	8.2	21.5	5.5
2025-03-30	0	8.9	21.5	6
2025-03-31	0	NULO	21.5	6
2025-04-01	0	9.9	23	6.5
2025-04-02	0	9.9	22	7.5
2025-04-03	0	10	21.5	7.5
2025-04-04	0	10.1	21.5	5
2025-04-05	0	9.1	23	8.5
2025-04-06	0	9.8	21.5	7.5
2025-04-07	0	9	19	5.5
2025-04-08	0	7.3	17	8
2025-04-09	0	7.8	18	5
2025-04-10	0	7.1	16	5
2025-04-11	0	7.8	12	-1
2025-04-12	0	8.3	10.5	0.5
2025-04-13	0	7.8	10.5	0.5
2025-04-14	0	8.1	11.5	2
2025-04-15	0	7.8	11	2
2025-04-16	0	10.2	13	6
2025-04-17	0	9	13.5	6.5
2025-04-18	0	8.9	15	7.5
2025-04-19	0	9	19	8
2025-04-20	0	9.9	19	8
2025-04-21	0	10	19	8.5
2025-04-22	0	12.1	20	8.5
2025-04-23	0	11.1	21.5	9
2025-04-24	0	10.1	21.5	9
2025-04-25	0	7.9	22	9.5
2025-04-26	0	9.9	22	9
2025-04-27	0	10.1	21.5	8
2025-04-28	0	8.9	22	8.5
2025-04-29	0	7.9	22.5	8.5
2025-04-30	38.2	NULO	22.5	9
2025-05-01	0	8.1	23.5	8.6
2025-05-02	0	8.1	20	6
2025-05-03	0	9.9	20.5	6.5
2025-05-04	22.1	1.8	21	6.5
2025-05-05	0	12	22	7
2025-05-06	0	12.1	22.5	6.5
2025-05-07	0	7.7	23.5	7.5
2025-05-08	0	12	23.5	7.5
2025-05-09	0	2.8	22	7
2025-05-10	0	10.1	19.5	6
2025-05-11	0	9.8	19.5	6
2025-05-12	0	7.1	17	4
2025-05-13	0	9.9	17	4.5
2025-05-14	0	10.1	17.5	5
2025-05-15	0	10.9	18	6.5
2025-05-16	0	12.2	18	6.5
2025-05-17	0	11.9	19.5	7
2025-05-18	0	2.9	19.5	7.5
2025-05-19	0	11.9	19.5	8.5
2025-05-20	40.2	7.1	20	8.5
2025-05-21	0	8	21	9
2025-05-22	0	NULO	21	9
2025-05-23	28.2	NULO	21.5	9.5
2025-05-24	0	NULO	21.5	9.5
2025-05-25	12.1	NULO	21.5	9.5
2025-05-26	0	NULO	20	9
2025-05-27	28.2	NULO	21	9
2025-05-28	12.1	NULO	21	9.5
2025-05-29	32.2	NULO	21.5	9.5
2025-05-30	30.1	NULO	21.5	9.5
2025-05-31	12.6	NULO	21	9.5
2025-06-01	10.2	NULO	20.5	9
2025-06-02	31.2	NULO	19.5	10
2025-06-03	36.1	NULO	19.5	10
2025-06-04	28.2	NULO	19	10
2025-06-05	0	NULO	19.5	9
2025-06-06	0	NULO	18	8.5
2025-06-07	0	NULO	18	8.5
2025-06-08	0	8	17.5	8
2025-06-09	0	8.8	17.5	8
2025-06-10	0	8.2	17	7.5
2025-06-11	0	NULO	17.5	7
2025-06-12	0	NULO	18	8
2025-06-13	40.1	NULO	18.5	8.5
2025-06-14	36.2	NULO	18.5	8.5
2025-06-15	48.1	NULO	19	8
2025-06-16	27.1	NULO	19.5	8.5
2025-06-17	19	NULO	19	8.5
2025-06-18	25	NULO	20	9
2025-06-19	18	NULO	20	9
2025-06-20	30	NULO	20	9
2025-06-21	19	NULO	19.5	8.5
2025-06-22	24	NULO	19.5	8.5
2025-06-23	12	NULO	18.5	8
2025-06-24	14	NULO	18	8
2025-06-25	0	7.6	18	8
2025-06-26	0	11.6	18	7.5
2025-06-27	0	NULO	17.5	7
2025-06-28	28	NULO	17.5	7
2025-06-29	14	NULO	18	7.5
2025-06-30	20	NULO	19	8
2025-07-01	0	9.1	20.5	8.5
2025-07-02	0	7.9	20	8.5
2025-07-03	0	7.1	19	6.5
2025-07-04	22.1	7	18.5	7
2025-07-05	0	8.9	18.5	7
2025-07-06	0	NULO	18	7.5
2025-07-07	31	NULO	18.5	7.5
2025-07-08	24	NULO	19	7
2025-07-09	0	NULO	19	7
2025-07-10	0	NULO	19.5	7.5
2025-07-11	0	NULO	20	7.5
2025-07-12	12	NULO	20	7.5
2025-07-13	0	NULO	19.5	7
2025-07-14	0	10.1	19	7
2025-07-15	0	8.84	20	7.5
2025-07-16	0	9.16	20	8
2025-07-17	0	9.8	21	8
2025-07-18	0	10.1	21	8.5
2025-07-19	0	9.1	21.5	8.5
2025-07-20	0	9.9	21.5	8
2025-07-21	0	10	20.5	7.5
2025-07-22	0	8	19	6.5
2025-07-23	0	7.1	19	6.5
2025-07-24	0	7.8	18	6
2025-07-25	0	8	19	6.5
2025-07-26	0	2.8	19.5	7
2025-07-27	0	7.1	19.5	7
2025-07-28	0	7.9	19.5	7
2025-07-29	0	5.9	19	6.5
2025-07-30	22	6.7	19	6.5
2025-07-31	25	NULO	19	6.5
2025-08-01	19.5	3.3	19.5	7
2025-08-02	0	7.9	16.5	5
2025-08-03	0	8	15	5.5
2025-08-04	0	7.2	15.5	6
2025-08-05	0	7	16.5	6.5
2025-08-06	0	6	16	6
2025-08-07	0	6.9	17	6.5
2025-08-08	0	NULO	17	6.5
2025-08-09	22	NULO	16.5	6
2025-08-10	16	NULO	16.5	6
2025-08-11	0	7.9	17	6.5
2025-08-12	0	NULO	17.5	7
2025-08-13	30.5	NULO	17.5	7.5
2025-08-14	22.5	NULO	18	7.5
2025-08-15	17	NULO	18	7.5
2025-08-16	0	NULO	17	6.5
2025-08-17	0	6.9	17	6.5
2025-08-18	0	7	18	7
2025-08-19	0	NULO	19	7
2025-08-20	25	NULO	19	7.5
2025-08-21	32	NULO	19	8
2025-08-22	20	NULO	19	8
2025-08-23	0	7	18	7.5
2025-08-24	0	7	18	7.5
2025-08-25	0	7	17.5	6.5
2025-08-26	0	6.9	17	7
2025-08-27	0	5.8	18	8.5
2025-08-28	0	7.3	19	9
2025-08-29	0	6.1	19	8.5
2025-08-30	18.5	5.4	18.5	8.5
2025-08-31	12.5	NULO	18.5	8.5
2025-09-01	12.5	6.3	18	9
2025-09-02	12	5.9	19.5	9.5
2025-09-03	0	6.9	19.5	8.5
2025-09-04	0	NULO	20	9
2025-09-05	22	NULO	20	8.5
2025-09-06	48.5	NULO	19.5	8
2025-09-07	20.5	NULO	18.5	7
2025-09-08	14.5	NULO	18	6.5
2025-09-09	29.5	NULO	14	7
2025-09-10	0	NULO	18.5	7
2025-09-11	0	7.1	19	7
2025-09-12	0	6.9	19	7.5
2025-09-13	0	7.1	19.5	8
2025-09-14	0	NULO	20	8.5
2025-09-15	26.1	NULO	21	9
2025-09-16	30	NULO	20	8.5
2025-09-17	0	NULO	19.5	8
2025-09-18	0	NULO	18.5	7.5
2025-09-19	0	NULO	18.5	7
2025-09-20	0	NULO	18.5	7.5
2025-09-21	18	NULO	15	7
2025-09-22	12	NULO	19.5	8
2025-09-23	0	NULO	19.5	8.5
2025-09-24	0	7.8	18	8
2025-09-25	0	7	18	8
2025-09-26	0	NULO	19.5	9
2025-09-27	18	NULO	18.5	9
2025-09-28	27	NULO	18.5	8.5
2025-09-29	36	NULO	18.5	8
2025-09-30	0	NULO	19	8.5
2025-10-01	26	NULO	19.5	8.5
2025-10-02	38	NULO	19.5	8.5
2025-10-03	28	NULO	18	7.5
2025-10-04	20	NULO	18	7.5
2025-10-05	15	NULO	18	8
2025-10-06	29	NULO	17.5	7.5
2025-10-07	14	NULO	17.5	7
2025-10-08	22	NULO	17.5	7
2025-10-09	16	NULO	18	8
2025-10-10	12	NULO	17.5	7
2025-10-11	0	6.9	17	6.5
2025-10-12	0	7	17	6.5
2025-10-13	0	8	16	5
2025-10-14	0	7.1	16	5
2025-10-15	0	7	14.5	4
2025-10-16	0	10.9	14.5	4
2025-10-17	0	4	14	4
2025-10-18	0	8.2	13.5	3.5
2025-10-19	0	6.9	13.5	3.5
2025-10-20	0	6.9	13	3.5
2025-10-21	0	2.7	12.5	4
2025-10-22	0	1.1	12.5	4
2025-10-23	0	13.1	12	3.5
2025-10-24	0	7	13	4
2025-10-25	0	6.8	13	4
2025-10-26	0	7	13.5	4.5
2025-10-27	0	7.1	13	4.5
2025-10-28	0	7.1	13	4
2025-10-29	0	6.8	12.5	4
2025-10-30	0	7	12.5	4
2025-10-31	0	NULO	12.5	4
2025-11-01	0	7.1	17	4
2025-11-02	0	6.9	11	3
2025-11-03	0	7	11	3
2025-11-04	0	7	11	2.5
2025-11-05	0	7.1	10.5	2.5
2025-11-06	0	5.9	10.5	2
2025-11-07	0	7	9	1
2025-11-08	0	7.1	9	1
2025-11-09	0	6.9	9	-1
2025-11-10	0	7	8.5	-2
2025-11-11	0	6.68	8.5	-2
2025-11-12	0	5.52	8	-1
2025-11-13	0	2.9	7.5	-2
2025-11-14	0	6.9	7.5	-1
2025-11-15	0	6	7	3
2025-11-16	0	6.9	7	3
2025-11-17	0	7	7.5	3.5
2025-11-18	0	8.1	7.5	4
2025-11-19	0	7	7	4
2025-11-20	0	6.9	7.5	3.5
2025-11-21	0	7.2	7.5	4
2025-11-22	0	7	7.5	4
2025-11-23	0	7.8	7	3.5
2025-11-24	0	7	7	3
2025-11-25	0	7.1	6.5	2
2025-11-26	0	7.1	6.5	2
2025-11-27	0	11.9	6	2
2025-11-28	0	7.9	5.5	3.5
2025-11-29	0	7.2	7	4
2025-11-30	0	NULO	7	4
2025-12-01	0	7.1	7	4
2025-12-02	0	2.8	9	5.5
2025-12-03	0	7	9	5
2025-12-04	0	7	7.5	4
2025-12-05	0	7.1	7.5	4
2025-12-06	0	7.9	6.5	3.5
2025-12-07	0	8.1	6	3.5
2025-12-08	0	6.9	6.5	4
2025-12-09	0	7.1	7.5	5
2025-12-10	0	6.9	8.5	6
2025-12-11	0	6.9	8.5	6
2025-12-12	12	6.7	7	4
2025-12-13	0	8	7	3.5
2025-12-14	0	7.1	6.5	3.5
2025-12-15	0	7	6	3
2025-12-16	0	7.7	5.5	3
2025-12-17	0	7.3	5.5	3
2025-12-18	0	8	6	2.5
2025-12-19	0	7	6	2.5
2025-12-20	0	6.9	7.5	2
2025-12-21	0	2.7	8	3.5
2025-12-22	0	1.1	8	4
2025-12-23	0	1.9	9	4.5
2025-12-24	17	10.9	9.5	5.5
2025-12-25	0	9.8	6.5	4
2025-12-26	0	4	6.5	3.5
2025-12-27	0	7.1	6	3
2025-12-28	0	7.1	5.5	3.5
2025-12-29	0	6.8	5.5	3
2025-12-30	0	7	6.5	4
2025-12-31	0	NULO	6	4
2026-01-01	0	7	6	4
2026-01-02	0	7.8	6.5	3.5
2026-01-03	0	7	7	3.5
2026-01-04	0	8.1	7.5	4.5
2026-01-05	0	7	7.5	5
2026-01-06	0	6.9	7	4
2026-01-07	0	7	7	3.5
2026-01-08	0	6.2	6.5	2.5
2026-01-09	0	2.7	6.5	2.5
2026-01-10	0	1.9	6	2
2026-01-11	0	6.9	6	2
2026-01-12	0	8.1	5.5	-2
2026-01-13	0	7.9	4.5	-5
2026-01-14	0	7	4.5	-1
2026-01-15	0	7.9	4.5	3.5
2026-01-16	0	8.1	4	3
2026-01-17	0	7.1	5.5	4
2026-01-18	0	7	7	5
2026-01-19	0	7.9	7	5
2026-01-20	0	8	6	4
2026-01-21	0	7.1	7.5	4
2026-01-22	0	7	8	3
2026-01-23	0	7	7.5	3
2026-01-24	0	6.9	7.5	2.5
2026-01-25	0	7	7.5	2
2026-01-26	0	7	9	1
2026-01-27	0	2.9	7	1
2026-01-28	0	6.9	7	1
2026-01-29	0	7.1	7.5	1
2026-01-30	0	3	7.5	1
2026-01-31	0	NULO	7	1
2026-02-01	0	7	7	2
2026-02-02	0	8.1	7.5	2
2026-02-03	0	7	7.5	2
2026-02-04	0	6.9	7	1
2026-02-05	0	7	6.5	-1
2026-02-06	0	2.1	6.5	-1
2026-02-07	0	7	8	-1
2026-02-08	0	7	8	1
2026-02-09	0	6.9	8.5	1
2026-02-10	0	7	8.5	2
2026-02-11	0	8	8.5	2
2026-02-12	0	7	9	3
2026-02-13	0	7.1	9	3.5
2026-02-14	0	6.9	9.5	5
2026-02-15	0	7	9.5	4.5
2026-02-16	0	6.9	10	4.5
2026-02-17	0	2.7	10	4.5
2026-02-18	0	7	8.5	3.5
2026-02-19	0	7	8.5	5
2026-02-20	0	7.1	8	4
2026-02-21	0	8	7.5	3
2026-02-22	0	8.1	7.5	4.5
2026-02-23	0	7	6.5	3
2026-02-24	0	6.9	6	3
2026-02-25	0	6.9	6	2.5
2026-02-26	0	7	7.5	2
2026-02-27	0	7.1	7.5	2
2026-02-28	0	NULO	8	3
2026-03-01	0	6.9	8	3
2026-03-02	0	7	8	3.5
2026-03-03	0	8.1	8.5	4
2026-03-04	0	7	8.5	3.5
2026-03-05	0	NULO	9	5.5
2026-03-06	18	NULO	11	6
2026-03-07	12	NULO	11	6
2026-03-08	0.6	NULO	12	6.5
2026-03-09	0	NULO	12	6
2026-03-10	0	6.9	11.5	5.5
2026-03-11	0	7	11.5	6
2026-03-12	0	6.9	12	6
2026-03-13	0	7	12	6.5
2026-03-14	0	7.1	11.5	5.5
2026-03-15	0	7.1	11	5
2026-03-16	0	NULO	12	6
2026-03-17	22	NULO	12.5	6.5
2026-03-18	27	NULO	12.5	6.5
2026-03-19	0	6.1	10.5	3.5
2026-03-20	0	7	9	3
2026-03-21	0	7.9	9	3.5
2026-03-22	0	7	8.5	4
2026-03-23	0	7	7.5	4
2026-03-24	0	7.1	7.5	4
2026-03-25	0	7.9	8	4.5
2026-03-26	0	8	8.5	5
2026-03-27	0	9.1	9.5	5
2026-03-28	0	7.9	11	5.5
2026-03-29	17.1	7.1	11.5	5
2026-03-30	12.2	2	12.5	6
2026-03-31	0	NULO	12.5	6
