COMISIÓN NACIONAL DEL AGUA
COORDINACIÓN GENERAL DEL SERVICIO METEOROLÓGICO NACIONAL
BASE DE DATOS CLIMATOLÓGICA NACIONAL 

REGISTRO DIARIO HISTÓRICO
EMISIÓN   : 11/09/2026 

DATOS DISPONIBLES EN LA BASE DE DATOS A: SEPTEMBER DE 2026; 
CON LA INFORMACIÓN SUMINISTRADA POR LAS UNIDADES ADMINISTRATIVAS 

 ESTACIÓN   : 13091 
 NOMBRE     : TIZAYUCA (DGE) 
 ESTADO     : HIDALGO 
 MUNICIPIO  : TIZAYUCA 
 SITUACIÓN  : SUSPENDIDA 
 U. ADMNVA. : DIRECCIÓN LOCAL HIDALGO 
 CVE-OMM    :   
 LATITUD    : 19.82388889 ° 
 LONGITUD   : -98.95444444 ° 
 ALTITUD    : 2288 msnm 




FECHA		PRECIP	EVAP	TMAX	TMIN
		(mm)	(mm)	(°C )	(°C)
1977-03-01	0	5.8	30	1
1977-03-02	0	4.2	27	2
1977-03-03	0	2.2	28	4
1977-03-04	0	6.8	32	3
1977-03-05	0	7	33	4
1977-03-06	0	5.6	32	4
1977-03-07	0	4.6	23	3
1977-03-08	0	5.7	28	4
1977-03-09	0	5.2	31	2
1977-03-10	0	5.6	29	3
1977-03-11	0	6	28	6
1977-03-12	0	6.4	30	6
1977-03-13	0	7.2	28	6
1977-03-14	0	9.5	29	5
1977-03-15	0	7.5	30	6
1977-03-16	0	6.2	29	4
1977-03-17	0	7.6	31	6
1977-03-18	0	8.5	31	6
1977-03-19	0	7.6	30	6
1977-03-20	0	8	31	6
1977-03-21	0	6.2	31	7
1977-03-22	0	4.9	25	7
1977-03-23	0	4.5	27	7
1977-03-24	0	7.2	28	10
1977-03-25	5	9.3	28	10
1977-03-26	0	8.3	26	7
1977-03-27	0	7.8	26	9
1977-03-28	0	8	29	5
1977-03-29	0	6	28	6
1977-03-30	0	6.9	31	6
1977-03-31	0	5.4	30	8
1977-04-01	0	7	31	10
1977-04-02	0	8.6	31	6
1977-04-03	0	9.4	30	6
1977-04-04	0	9.3	31	5
1977-04-05	0	7.1	26	1
1977-04-06	0	3.9	26	4
1977-04-07	0	3.8	24	3
1977-04-08	0	8.1	25	0
1977-04-09	0	8.1	24	1
1977-04-10	0	3.8	26	1.5
1977-04-11	0	5.6	23	3
1977-04-12	5	7.8	21	3
1977-04-13	12	4.8	20	3
1977-04-14	0	4.2	20	4
1977-04-15	0	2.5	21	8
1977-04-16	0	6.8	25	6
1977-04-17	0	6.5	26	6
1977-04-18	0	6.4	28	6
1977-04-19	0	4.4	24	6
1977-04-20	1	2.4	21	10
1977-04-21	0	4.9	23	4
1977-04-22	6	7	24	6
1977-04-23	0	7.6	25	7
1977-04-24	0	5.7	25	6
1977-04-25	11	5.9	25	8
1977-04-26	0	9.2	20	9
1977-04-27	13	7.3	24	6
1977-04-28	0	5.1	27	5
1977-04-29	13	8.5	26	8
1977-04-30	30	6.6	24	8
1977-05-01	0	5.8	25	8
1977-05-02	0	6.1	25	7
1977-05-03	0	7.5	27	5
1977-05-04	0	6	27	6
1977-05-05	0	8.9	29	6
1977-05-06	0	7.1	29	9
1977-05-07	0	5.4	25	7
1977-05-08	0	4	30	10
1977-05-09	9	4.1	27	8
1977-05-10	0	5.4	26	11
1977-05-11	0	3.6	27	11
1977-05-12	4	8	27	9
1977-05-13	8	5.5	28	10
1977-05-14	3	9.2	26	10
1977-05-15	10	3.8	26	10
1977-05-16	0	1.1	26	10
1977-05-17	0	7.3	27	9
1977-05-18	0	4.9	26	8
1977-05-19	0	6.7	29	8
1977-05-20	14	4.9	28	7
1977-05-21	12	11.2	28	11
1977-05-22	6	6.5	26	13
1977-05-23	4	8	24	11
1977-05-24	3	2.9	23	12
1977-05-25	0	6.5	27	9
1977-05-26	6.5	3.6	27	8
1977-05-27	0	6.1	25	10
1977-05-28	0	7.2	28	6
1977-05-29	0	7.8	27	9
1977-05-30	0	7	25	9
1977-05-31	0	6.3	27	8
1977-06-01	0	7.1	25	6
1977-06-02	0	7.4	26	4
1977-06-03	0	5.5	26	4
1977-06-04	0	1.4	25	6
1977-06-05	0	2.7	26	7
1977-06-06	0	2.9	25	8
1977-06-07	0	4.7	28	7
1977-06-08	4	1.6	27	7
1977-06-09	0	2.3	24	9
1977-06-10	0	3.3	22	11
1977-06-11	7.5	3	25	8
1977-06-12	2	1.6	26	10
1977-06-13	0	3.2	24	11
1977-06-14	0	9.5	23	10
1977-06-15	8.2	3.2	21	9
1977-06-16	6	2.8	24	11
1977-06-17	0	2	25	11
1977-06-18	0	4.3	24	12
1977-06-19	20	2.7	25	11
1977-06-20	15	7.8	28	13
1977-06-21	35	3.8	20	11
1977-06-22	0	3.2	22	12
1977-06-23	0	5.6	23	10
1977-06-24	0	2.9	24	11
1977-06-25	0	1.6	25	11
1977-06-26	0	4.8	26	8
1977-06-27	0	3	26	10
1977-06-28	0	4.2	25	10
1977-06-29	1	8.9	29	11
1977-06-30	1.5	3.8	28	9
1977-07-01	2	5.5	27	8
1977-07-02	0	2.7	26	7
1977-07-03	0	5.2	29	9
1977-07-04	0	6.6	26	6
1977-07-05	0	4.4	27	7
1977-07-06	0	3.3	26	8
1977-07-07	0	4.4	27	9
1977-07-08	0	3.6	26	7
1977-07-09	0	3.6	25	8
1977-07-10	0	6.8	26	9
1977-07-11	20	8.6	26	8
1977-07-12	0	5	24	8
1977-07-13	0	8.7	23	12
1977-07-14	0	5.3	26	6
1977-07-15	0	3.2	26	7
1977-07-16	0	2.9	25	6
1977-07-17	0	2.8	28	8
1977-07-18	0	3.2	26	6
1977-07-19	0	4.6	27	6
1977-07-20	10	3.9	27	8
1977-07-21	0	6.4	24	7
1977-07-22	0	8.3	24	6
1977-07-23	0	8.9	24	11
1977-07-24	0	3.5	24	7
1977-07-25	0	4.2	25	6
1977-07-26	0	4.3	23	8
1977-07-27	0	2.5	24	6
1977-07-28	13	3.1	23	7
1977-07-29	0	8	27	7
1977-07-30	0	4.1	25	6
1977-07-31	0	2.7	26	8
1977-08-01	16.5	1.8	23	9
1977-08-02	0	3.8	22	6
1977-08-03	0	8.1	25	10
1977-08-04	0	5.8	26	5
1977-08-05	17.2	9.8	26	11
1977-08-06	0	3.4	25	8
1977-08-07	0	4	24	9
1977-08-08	0	6.1	24	8
1977-08-09	0	4.3	26	9
1977-08-10	0	4.8	27	10
1977-08-11	1	5.5	29	11
1977-08-12	10	6.4	27	7
1977-08-13	2	9.2	23	13
1977-08-14	0	4.4	23	7
1977-08-15	0	1.2	22	11
1977-08-16	0	5.3	24	9
1977-08-17	0	5.2	24	6
1977-08-18	0	5	24	6
1977-08-19	0	7.5	25	5
1977-08-20	0	3.5	25	6
1977-08-21	0	3.2	26	10
1977-08-22	21	4.4	26	8
1977-08-23	0	1.6	25	8
1977-08-24	0	6.5	26	6
1977-08-25	0	5.6	26	9
1977-08-26	2.5	2.1	26	8
1977-08-27	11	6.7	24	8
1977-08-28	9	2.3	24	11
1977-08-29	0	2.4	22	12
1977-08-30	45	10.8	29	11
1977-08-31	0	3.7	24	11
1977-09-01	0	2.1	24	12
1977-09-02	2.5	2.7	24	8
1977-09-03	5	2.3	26	12
1977-09-04	11	1.2	24	12
1977-09-05	0	6.5	24	10
1977-09-06	0	1.5	23	11
1977-09-07	0	5.3	26	7
1977-09-08	0	3.6	25	7
1977-09-09	0	6.7	16	10
1977-09-10	0	2.4	18	8
1977-09-11	0	4.7	25	6
1977-09-12	0	4.3	26	7
1977-09-13	0	2.7	22	10
1977-09-14	0	1.5	24	7
1977-09-15	0	2.9	23	6
1977-09-16	0	7	24	7
1977-09-17	0	2.2	24	11
1977-09-18	0	2.7	25	8
1977-09-19	0	5.8	24	9
1977-09-20	0	5.9	24	6
1977-09-21	0	4.7	23	4
1977-09-22	0	3.6	23	6
1977-09-23	17.5	4.5	24	8
1977-09-24	0	3.8	26	11
1977-09-25	0	9.8	26	11
1977-09-26	0	8.3	26	6
1977-09-27	0	6.2	25	4
1977-09-28	0	4.7	25	6
1977-09-29	0	4.5	26	7
1977-09-30	9.5	2.7	27	8
1977-10-01	0	4.4	24	7
1977-10-02	0	4	25	10
1977-10-03	0	4.3	21	9
1977-10-04	0	4.8	22	7
1977-10-05	0	4.9	24	3
1977-10-06	0	5.2	24	9
1977-10-07	0	3.4	26	7
1977-10-08	0	6.4	27	5
1977-10-09	0	5.5	28	3
1977-10-10	0	5.7	28	5
1977-10-11	0	4.3	28	6
1977-10-12	0	2	15	9
1977-10-13	0	3.3	22	7
1977-10-14	0	5	24	2
1977-10-15	0	5.1	23	0
1977-10-16	0	4.2	18	1
1977-10-17	0	3.4	23	2
1977-10-18	0	3.3	23	4
1977-10-19	0	5.6	23	5
1977-10-20	0	2	22	9
1977-10-21	0	3.4	25	4
1977-10-22	0	3.8	24	6
1977-10-23	3.5	7.9	25	8
1977-10-24	37.2	4.9	25	9
1977-10-25	5	3.3	18	10
1977-10-26	8	1.9	15	10
1977-10-27	19.3	2.7	23	9
1977-10-28	5	7.6	23	10
1977-10-29	0	6.9	22	10
1977-10-30	0	2.6	24	7
1977-10-31	0	3.3	23	7
1977-11-01	0	1.3	23	11
1977-11-02	0	2.8	23	7
1977-11-03	0	5	23	8
1977-11-04	0	4.3	22	2
1977-11-05	0	4.9	22	-1
1977-11-06	0	4.2	23	2
1977-11-07	0	2.7	23	5
1977-11-08	0	2.1	22	6
1977-11-09	0	2.5	21	8
1977-11-10	0	1.4	15	7
1977-11-11	0	2	17	5
1977-11-12	0	3.5	28	7
1977-11-13	0	4.2	20	7
1977-11-14	0	2.7	20	3
1977-11-15	0	2.8	21	3
1977-11-16	1	2.1	24	3
1977-11-17	0	3.6	20	7
1977-11-18	0	2.7	20	6
1977-11-19	0	3.4	21	5
1977-11-20	0	3.3	22	6
1977-11-21	0	3.9	25	5
1977-11-22	0	2.1	20	6
1977-11-23	0	3.9	24	3
1977-11-24	0	3.5	22	6
1977-11-25	0	4.7	22	2
1977-11-26	0	3.3	22	-4
1977-11-27	0	4.5	23	1
1977-11-28	0	3.7	23	1
1977-11-29	0	2.4	20	2
1977-11-30	0	1.6	20	7
1977-12-01	0	2.5	21	9
1977-12-02	0	2.9	19	7
1977-12-03	0	1.3	22	4
1977-12-04	0	4.2	23	4
1977-12-05	0	3.6	23	4
1977-12-06	0	2.6	19	6
1977-12-07	0	5.2	23	1
1977-12-08	0	1.2	22	4
1977-12-09	0	3.8	21	4
1977-12-10	0	3.2	19	6
1977-12-11	0	1.6	22	4
1977-12-12	0	2.3	20	5
1977-12-13	0	2.9	13	7
1977-12-14	0	3.2	21	2
1977-12-15	0	1.6	18	3
1977-12-16	0	3.3	15	5
1977-12-17	0	2.5	23	-2
1977-12-18	0	4.7	24	0
1977-12-19	0	2.4	24	0
1977-12-20	0	2.5	23	1
1977-12-21	0	3.5	13	3
1977-12-22	0	2.2	22	-3
1977-12-23	0	8.4	22	-6
1977-12-24	0	3.8	20	-2
1977-12-25	0	4.1	20	3
1977-12-26	0	4.7	25	0
1977-12-27	0	5	25	2
1977-12-28	0	3.9	26	2
1977-12-29	0	4.8	25	4
1977-12-30	0	1.9	25	3
1977-12-31	0	4.5	25	2
1978-05-01	0	10.7	30	5
1978-05-02	0	12	34	7
1978-05-03	0	9.1	34	7
1978-05-04	0	10.9	35	9
1978-05-05	0	7.5	34	10
1978-05-06	0	7	35	8
1978-05-07	0	8.9	35	11
1978-05-08	0	4.8	31	11
1978-05-09	0	3.4	29	10
1978-05-10	5.6	8.7	34	9
1978-05-11	0	10.9	33	7
1978-05-12	0	10.1	31	6
1978-05-13	0	11.9	28	6
1978-05-14	0	9	29	7
1978-05-15	4.2	6.4	27	8
1978-05-16	0	7.4	27	10
1978-05-17	0	5.3	26	9
1978-05-18	2.5	7.2	28	10
1978-05-19	3.4	6.2	27	11
1978-05-20	0	5.5	25	10
1978-05-21	0	8.1	28	6
1978-05-22	0	5.7	22	12
1978-05-23	0	7.5	23	10
1978-05-24	0	6.8	29	10
1978-05-25	0	4.9	27	8
1978-05-26	0	9.6	29	8
1978-05-27	0	7.8	28	7
1978-05-28	0	8.1	29	5
1978-05-29	0	5.6	28	7
1978-05-30	0	3.3	23	10
1978-05-31	0	1.8	23	12
1978-06-01	6	1	24	10
1978-06-02	1	1.1	26	13
1978-06-03	18	5.3	27	10
1978-06-04	4.5	7.6	23	12
1978-06-05	0	2.7	24	12
1978-06-06	1.8	5.5	25	13
1978-06-07	0	6.4	25	13
1978-06-08	3.5	6.7	19	13
1978-06-09	0	2.2	18	10
1978-06-10	2.3	4.7	24	11
1978-06-11	0	5.7	26	12
1978-06-12	4.5	3.7	23	10
1978-06-13	0	7.3	24	9
1978-06-14	0	8.5	24	13
1978-06-15	0	8.1	27	12
1978-06-16	0	9.1	26	10
1978-06-17	0	6.1	24	12
1978-06-18	4	8.9	24	11
1978-06-19	17.5	6.6	23	11
1978-06-20	0	7.9	25	10
1978-06-21	3.5	4.5	25	12
1978-06-22	13.4	5.3	23	10
1978-06-23	0	9.2	23	11
1978-06-24	0	8.7	24	12
1978-06-25	11.5	5.1	24	10
1978-06-26	0	4.7	26	10
1978-06-27	4.2	9.5	26	10
1978-06-28	30.2	2.2	22	10
1978-06-29	13.5	6	23	11
1978-06-30	0	3.4	22	9
1978-07-01	0	4.6	23	11
1978-07-02	12.5	3.9	23	11
1978-07-03	0	4.8	23	9
1978-07-04	0	1.9	21	10
1978-07-05	0	7	22	8
1978-07-06	0	3.3	23	9
1978-07-07	0	6.9	24	7
1978-07-08	0	3.8	23	6
1978-07-09	0	4.5	25	8
1978-07-10	3.5	4.8	23	10
1978-07-11	1	2.4	23	10
1978-07-12	0	6.9	23	9
1978-07-13	0	7.5	24	10
1978-07-14	0	3.2	24	6
1978-07-15	3.4	4.3	23	9
1978-07-16	0	6.8	23	8
1978-07-17	8.7	2.9	26	6
1978-07-18	0	6.8	23	6
1978-07-19	0	4.3	26	9
1978-07-20	0	5.1	25	8
1978-07-21	4.5	7.8	25	5
1978-07-22	17	7.1	23	8
1978-07-23	0	7.5	24	8
1978-07-24	0	9	21	10
1978-07-25	14.6	7.9	23	12
1978-07-26	3.3	7.1	24	12
1978-07-27	4	3.4	23	13
1978-07-28	1.8	4.5	21	12
1978-07-29	0	3.1	24	12
1978-07-30	0	3.3	18	11
1978-07-31	0	3.1	23	7
1978-08-01	7.6	4.7	25	9
1978-08-02	0	9.4	25	5
1978-08-03	0	5.8	24	6
1978-08-04	0	7.4	24	5
1978-08-05	0	1.5	23	11
1978-08-06	0	2	23	4
1978-08-07	9.3	4.5	24	12
1978-08-08	7.3	8	23	12
1978-08-09	0	11.8	24	11
1978-08-10	5.4	2.5	24	12
1978-08-11	0	3.5	25	10
1978-08-12	0	1.3	24	11
1978-08-13	4.3	5.5	23	10
1978-08-14	0	7	24	8
1978-08-15	0	4.9	19	12
1978-08-16	0	4.4	25	7
1978-08-17	0	2	25	6
1978-08-18	0	5.4	23	9
1978-08-19	0	5.6	18	8
1978-08-20	15.4	3.9	24	7
1978-08-21	20.5	3.4	24	9
1978-08-22	0	5.2	22	11
1978-08-23	0	4.7	23	7
1978-08-24	4.7	2.9	22	10
1978-08-25	0	5.4	24	11
1978-08-26	0	5.2	25	16
1978-08-27	0	7.1	26	5
1978-08-28	0	5.3	27	7
1978-08-29	3.5	5.1	24	10
1978-08-30	0	5.7	16	9
1978-08-31	0	7.9	24	8
1978-09-01	0	3.1	25	11
1978-09-02	0	6.1	24	11
1978-09-03	0	2.1	24	10
1978-09-04	0	3.2	27	9
1978-09-05	30.5	2	23	8
1978-09-06	0	3.1	23	8
1978-09-07	1.5	2.9	22	7
1978-09-08	0.5	4	22	5
1978-09-09	9.6	2.9	20	5
1978-09-10	32	3.8	21	7
1978-09-11	0	5.4	19	7
1978-09-12	0	1.3	19	6
1978-09-13	0	3	18	6
1978-09-14	0	2.2	23	4
1978-09-15	0	3.6	21	8
1978-09-16	0	2.8	21	8
1978-09-17	0	6.2	20	9
1978-09-18	1.5	3.7	23	10
1978-09-19	0	1.9	24	10
1978-09-20	0	1.5	24	11
1978-09-21	0	6.1	24	13
1978-09-22	0	1.8	25	13
1978-09-23	2.3	1.1	25	14
1978-09-24	0	1.9	24	10
1978-09-25	0	3	24	11
1978-09-26	0	4	23	10
1978-09-27	0	1.6	22	9
1978-09-28	0	5.6	21	9
1978-09-29	0	3	22	8
1978-09-30	0	2.1	23	7
1978-10-01	0	2.3	22	11
1978-10-02	0	5.6	21	11
1978-10-03	0	3.1	21	9
1978-10-04	25.5	2.8	27	11
1978-10-05	0	6.3	23	12
1978-10-06	12.6	5	25	11
1978-10-07	22.5	2.4	25	12
1978-10-08	0	4.7	23	12
1978-10-09	0	2.1	20	11
1978-10-10	6.5	1.8	21	10
1978-10-11	0	1.3	23	9
1978-10-12	0	5.1	22	7
1978-10-13	0	1.9	22	7
1978-10-14	7.5	1.2	18	9
1978-10-15	0	1.1	15	9
1978-10-16	0	2.7	17	6
1978-10-17	0	4.8	18	2
1978-10-18	0	2.4	19	6
1978-10-19	0	3.3	20	4
1978-10-20	0	4.2	19	6
1978-10-21	0	5.2	22	4
1978-10-22	0	4.1	23	6
1978-10-23	0	9	21	1
1978-10-24	0	5.4	24	2
1978-10-25	0	4.6	23	1
1978-10-26	0	4.2	25	3
1978-10-27	0	8.7	22	4
1978-10-28	0	5.6	22	10
1978-10-29	0	5.4	21	8
1978-10-30	0	6.4	22	6
1978-10-31	0	4.1	22	6
1978-11-01	0	8.8	22	3
1978-11-02	0	4.3	20	5
1978-11-03	0	4.4	20	10
1978-11-04	0	3.1	23	3
1978-11-05	0	9.4	19	4
1978-11-06	0	6.2	20	3
1978-11-07	0	3.3	22	5
1978-11-08	0	7.6	22	8
1978-11-09	0	5.8	23	4
1978-11-10	0	5.8	23	4
1978-11-11	0	3.1	22	3
1978-11-12	0	3.6	23	5
1978-11-13	0	3.5	24	4
1978-11-14	0	2	26	5
1978-11-15	0	3.4	25	3
1978-11-16	0	2.4	24	3
1978-11-17	0	5.1	25	5
1978-11-18	0	3.4	22	4
1978-11-19	0	2.4	26	5
1978-11-20	0	3.6	23	5
1978-11-21	0	4.3	23	2
1978-11-22	0	3.2	25	2
1978-11-23	0	5.6	23	3
1978-11-24	5.3	1	25	2
1978-11-25	2	4.7	23	6
1978-11-26	0	1.9	23	4
1978-11-27	0	1.3	24	3
1978-11-28	0	3.9	23	4
1978-11-29	0	4.2	25	4
1978-11-30	3.4	2.2	24	6
1978-12-01	0	2.2	24	6
1978-12-02	0	4.6	23	7
1978-12-03	0	1.7	23	6
1978-12-04	0	4	24	4
1978-12-05	0	3.8	24	3
1978-12-06	0	5.2	24	5
1978-12-07	0	2.3	24	6
1978-12-08	6.9	3	23	4
1978-12-09	15.5	3.6	22	5
1978-12-10	0	4.1	22	6
1978-12-11	0	1.8	24	5
1978-12-12	0	3.7	20	7
1978-12-13	0	2.8	20	2
1978-12-14	0	3.2	24	2
1978-12-15	0	4.5	25	4
1978-12-16	0	3.3	20	4
1978-12-17	0	2.2	22	1
1978-12-18	0	3.8	22	2
1978-12-19	0	4.7	25	1
1978-12-20	0	3.5	23	-2
1978-12-21	0	3.3	27	2
1978-12-22	0	2.7	25	-1
1978-12-23	0	1.5	23	-1
1978-12-24	0	3.8	24	-3
1978-12-25	0	4.5	25	-2
1978-12-26	0	4.2	25	-2
1978-12-27	0	2	26	-2
1978-12-28	0	3.3	24	-2
1978-12-29	0	3.3	25	-3
1978-12-30	0	4.2	25	-1
1978-12-31	0	4	24	-2
1979-01-01	0	1.6	16	4
1979-01-02	0	3.3	23	-4
1979-01-03	0	8.1	25	-4
1979-01-04	0	3.6	26	-3
1979-01-05	0	4.2	24	-2
1979-01-06	0	3.3	25	4
1979-01-07	0	3.7	24	3
1979-01-08	0	3.9	25	-2
1979-01-09	0	4.1	25	-2
1979-01-10	0	3.8	25	-4
1979-01-11	0	4.7	26	-5
1979-01-12	0	3	5	-4
1979-01-13	0	2.3	2	-4
1979-01-14	0	4.3	23	-3
1979-01-15	0	5.1	27	-4
1979-01-16	0	2.8	14	-4
1979-01-17	0	3.8	38	-2
1979-01-18	0	5.8	26	2
1979-01-19	0	2.8	26	2
1979-01-20	0	2.6	24	4
1979-01-21	0	4.1	24	-3
1979-01-22	0	5.5	23	2
1979-01-23	0	4	24	3
1979-01-24	0	4.7	26	6
1979-01-25	0	2.9	27	4
1979-01-26	0	6.5	26	3
1979-01-27	0	3.2	25	3
1979-01-28	0	8.5	26	-2
1979-01-29	0	5	24	2
1979-01-30	0	1.5	26	3
1979-01-31	0	3	23	3
1979-02-01	0	4.3	26	4
1979-02-02	0	3.9	24	3
1979-02-03	0	9.4	22	3
1979-02-04	0	2.5	25	-2
1979-02-05	0	4.2	25	4
1979-02-06	0	4.1	22	4
1979-02-07	0	4.4	20	3
1979-02-08	0	2.1	24	-2
1979-02-09	0	1.5	22	4
1979-02-10	0	4.8	23	2
1979-02-11	12.5	6.4	24	1
1979-02-12	0	1.9	22	7
1979-02-13	0	1.5	24	6
1979-02-14	0	2	23	2
1979-02-15	0	3.5	27	4
1979-02-16	0	7.2	24	3
1979-02-17	0	4.2	16	3
1979-02-18	2.3	5.8	25	6
1979-02-19	3.5	2.2	26	4
1979-02-20	0	3.3	24	6
1979-02-21	0	5	23	3
1979-02-22	0	2.8	21	4
1979-02-23	0	5.3	25	5
1979-02-24	0	7.1	28	6
1979-02-25	0	4.3	25	2
1979-02-26	0	5.3	26	2
1979-02-27	0	6.3	26	1
1979-02-28	0	3.8	28	4
1979-03-01	0	6.1	26	3
1979-03-02	0	8.1	28	3
1979-03-03	0	8.8	26	3
1979-03-04	0	4.9	28	3
1979-03-05	0	4.8	29	3
1979-03-06	0	3.7	26	-2
1979-03-07	0	5.1	22	2
1979-03-08	0	4	25	3
1979-03-09	0	4.9	26	2
1979-03-10	0	7.5	28	3
1979-03-11	0	4.7	29	3
1979-03-12	0	6	23	5
1979-03-13	0	6.6	28	6
1979-03-14	0	8.8	29	4
1979-03-15	0	5.2	28	4
1979-03-16	18.5	7.5	29	3
1979-03-17	0	1.7	28	4
1979-03-18	4.7	4.1	29	4
1979-03-19	0	5.9	26	4
1979-03-20	0	4.5	29	3
1979-03-21	0	4.4	27	4
1979-03-22	0	6.4	26	4
1979-03-23	0	8.6	30	5
1979-03-24	0	9.1	30	6
1979-03-25	0	6.9	28	6
1979-03-26	0	7.6	27	4
1979-03-27	0	7.5	29	4
1979-03-28	0	6.6	29	5
1979-03-29	8.5	5.6	32	6
1979-03-30	0	6	28	6
1979-03-31	0	6.5	31	6
1979-04-01	0	6	29	7
1979-04-02	0	7.7	32	8
1979-04-03	0	7	31	7
1979-04-04	0	7.7	33	8
1979-04-05	40	10	30	8
1979-04-06	0	6.1	29	8
1979-04-07	0	7.7	31	5
1979-04-08	0	5.7	31	7
1979-04-09	0	7	29	9
1979-04-10	0	7.3	32	8
1979-04-11	0	6.9	28	7
1979-04-12	0	6.7	30	6
1979-04-13	0	3.9	31	7
1979-04-14	0	3.5	28	11
1979-04-15	0	8.6	29	9
1979-04-16	4	5.3	25	6
1979-04-17	0	4.9	26	7
1979-04-18	0	5.2	29	7
1979-04-19	3.2	5.3	26	10
1979-04-20	0	3.9	24	8
1979-04-21	1	1.8	25	6
1979-04-22	6.5	1.8	22	7
1979-04-23	11.5	7.5	26	6
1979-04-24	3.5	4.6	26	9
1979-04-25	0	6.1	27	6
1979-04-26	0	6	29	6
1979-04-27	0	8.1	30	9
1979-04-28	0	6.3	30	10
1979-04-29	0	6.7	32	10
1979-04-30	0.6	5.8	31	8
1979-05-01	0	10.3	30	8
1979-05-02	0	8.9	33	9
1979-05-03	0	7.8	33	7
1979-05-04	0	7.3	32	8
1979-05-05	0	3.3	30	13
1979-05-06	0	6.4	30	12
1979-05-07	0	7.5	29	7
1979-05-08	0	7.8	33	7
1979-05-09	0	4.7	32	5
1979-05-10	0	4.2	33	6
1979-05-11	0	6.7	34	6
1979-05-12	0	5.6	33	7
1979-05-13	0	6.6	30	9
1979-05-14	0	5.8	31	8
1979-05-15	0	5.3	30	12
1979-05-16	0	6.2	30	12
1979-05-17	0	4.6	29	7
1979-05-18	0	8.7	31	6
1979-05-19	0	4	33	6
1979-05-20	0	8.4	28	8
1979-05-21	0	8.1	32	7
1979-05-22	0	2.2	32	6
1979-05-23	20	9.1	32	9
1979-05-24	2.5	5.8	28	9
1979-05-25	4.2	6.2	24	11
1979-05-26	0	4.7	23	10
1979-05-27	0	3.5	30	11
1979-05-28	0	7.5	30	11
1979-05-29	0	5.3	31	11
1979-05-30	4.5	6.1	33	10
1979-05-31	0	6.7	31	9
1979-06-01	0	6.1	33	10
1979-06-02	0	7.6	32	11
1979-06-03	0	2.1	30	11
1979-06-04	41.8	5.4	28	10
1979-06-05	0	4.1	27	12
1979-06-06	14	9.1	26	14
1979-06-07	0	2.8	30	13
1979-06-08	40.5	9.8	30	10
1979-06-09	0	8.2	29	13
1979-06-10	0	1.2	25	11
1979-06-11	4.8	1.7	22	11
1979-06-12	5.8	8.7	21	8
1979-06-13	0	3.9	24	4
1979-06-14	0	4.1	21	2
1979-06-15	0	4.6	22	4
1979-06-16	0	5.7	20	6
1979-06-17	0	4.5	24	5
1979-06-18	0	9.7	31	8
1979-06-19	0	7.9	31	3
1979-06-20	0	6.1	31	8
1979-06-21	0	5.1	30	8
1979-06-22	0	7.4	28	10
1979-06-23	0	6.9	22	12
1979-06-24	0	6.7	28	8
1979-06-25	0	7.1	31	6
1979-06-26	0	6.2	24	4
1979-06-27	0	7.8	28	8
1979-06-28	0	4.1	29	10
1979-06-29	0	2.1	30	4
1979-06-30	0	6	30	8
1979-07-01	0	8.2	23	6
1979-07-02	0	5.4	28	13
1979-07-03	0	5.1	26	9
1979-07-04	2.5	4	28	8
1979-07-05	0	2.5	25	12
1979-07-06	0	6.2	26	12
1979-07-07	0	4.9	26	9
1979-07-08	16.7	7	28	11
1979-07-09	7	3	26	9
1979-07-10	0	3.7	25	11
1979-07-11	0	2.5	24	9
1979-07-12	5	5.7	25	10
1979-07-13	0	5.1	24	12
1979-07-14	0	3.4	26	12
1979-07-15	0	6.2	26	10
1979-07-16	0	4.5	24	8
1979-07-17	0	6.1	26	8
1979-07-18	0	7.4	25	8
1979-07-19	0	5.9	27	7
1979-07-20	0	2.3	27	9
1979-07-21	0	5.2	27	10
1979-07-22	1.7	3.5	26	12
1979-07-23	33.5	11.6	27	13
1979-07-24	7.9	3.7	26	11
1979-07-25	0	4	26	12
1979-07-26	9.9	1.7	24	12
1979-07-27	13.3	6	23	11
1979-07-28	0	3	23	11
1979-07-29	2.5	3.1	23	8
1979-07-30	4.3	1.2	23	11
1979-07-31	0	3.3	23	10
1979-08-01	0	4.8	25	10
1979-08-02	0	4.2	23	9
1979-08-03	0	6.9	24	9
1979-08-04	0	5.2	26	7
1979-08-05	5	1	25	8
1979-08-06	7.5	0.6	23	7
1979-08-07	0	2.2	23	6
1979-08-08	0	4.2	24	7
1979-08-09	19	8.2	23	9
1979-08-10	0	1.9	23	9
1979-08-11	40.5	4.7	24	8
1979-08-12	0	1.9	24	12
1979-08-13	0	4	24	11
1979-08-14	0	4	22	9
1979-08-15	0	3.2	23	7
1979-08-16	0	7.4	22	6
1979-08-17	0	5.7	23	6
1979-08-18	0	3.9	24	9
1979-08-19	0	2.9	25	7
1979-08-20	0	5.3	24	9
1979-08-21	0	2.1	22	10
1979-08-22	0	2.8	21	6
1979-08-23	0	3.9	25	6
1979-08-24	0	2.2	22	7
1979-08-25	2.5	3.4	23	6
1979-08-26	13.5	0.6	19	8
1979-08-27	17	1.3	22	12
1979-08-28	0	1.2	21	11
1979-08-29	0	3.2	24	12
1979-08-30	7.4	2.2	23	11
1979-08-31	0	5	24	10
1979-09-01	0	3.7	25	9
1979-09-02	3	8.9	24	7
1979-09-03	0	3.3	23	7
1979-09-04	0	4.1	24	8
1979-09-05	0	1.1	21	7
1979-09-06	0	2.8	22	7
1979-09-07	1	2.7	21	12
1979-09-08	0	0.9	23	10
1979-09-09	9.3	1.8	22	12
1979-09-10	45.7	2.7	21	13
1979-09-11	0	0.9	22	12
1979-09-12	0	2.3	23	13
1979-09-13	0	2.4	22	14
1979-09-14	0	3.2	19	12
1979-09-15	0	2.6	22	11
1979-09-16	0	4.1	21	12
1979-09-17	15	4	15	9
1979-09-18	20	3.4	16	10
1979-09-19	0	1.7	17	11
1979-09-20	0	1.7	23	11
1979-09-21	0	4	19	10
1979-09-22	0	1.9	22	9
1979-09-23	0	5.6	22	9
1979-09-24	0	3.5	22	4
1979-09-25	0	5.2	19	3
1979-09-26	0	3.5	20	-1
1979-09-27	0	3.9	22.5	-1
1979-09-28	0	4.8	20	1
1979-09-29	0	2.9	19	-2
1979-09-30	0	6.5	21	-2
1979-10-01	0	4.9	23.5	2
1979-10-02	0	3	22	-2
1979-10-03	0	6.4	26.5	-2
1979-10-04	0	4.1	25	-1
1979-10-05	0	6	24	2.5
1979-10-06	0	5.7	23	2
1979-10-07	0	7.8	25	3
1979-10-08	0	4	27	0
1979-10-09	0	3.5	28	3.5
1979-10-10	0	5.4	27	3.5
1979-10-11	0	3.4	25	1.5
1979-10-12	0	3.7	29	2
1979-10-13	0	5.9	27	3
1979-10-14	0	5.5	25	0
1979-10-15	0	3	27.5	2
1979-10-16	0	4	26	2.5
1979-10-17	0	5	27.5	2
1979-10-18	0	4.1	27	1
1979-10-19	0	6.3	28	3.5
1979-10-20	0	3	28	4
1979-10-21	0	4.9	29	6
1979-10-22	0	4.1	30	5
1979-10-23	0	2.8	25	6
1979-10-24	0	3.5	26	5
1979-10-25	0	3.1	27	4
1979-10-26	4.8	6.6	28	4
1979-10-27	0	3.5	29	8.5
1979-10-28	2.5	6.6	28	7
1979-10-29	0	2.7	26	9
1979-10-30	0	3.7	24	8.5
1979-10-31	0	3.6	21	6
1979-11-01	0	3.7	28	3
1979-11-02	0	2.8	29	6
1979-11-03	0	2.8	28	7
1979-11-04	0	2.4	26	5
1979-11-05	0	4.6	25	3
1979-11-06	0	2.7	22	2
1979-11-07	0	5.6	23	6
1979-11-08	0	3.4	25	2
1979-11-09	0	3.9	25.5	2.5
1979-11-10	0	3.8	26.5	4
1979-11-11	0	3.9	25.5	5
1979-11-12	0	3.4	23	4.5
1979-11-13	0	4.1	25	3
1979-11-14	0	4.3	21	2.5
1979-11-15	0	4.5	17.5	5
1979-11-16	0	5.1	22.5	0
1979-11-17	0	2.7	23.5	-1
1979-11-18	0	4.2	24	3
1979-11-19	0	4.9	25	3
1979-11-20	0	4.2	27	4
1979-11-21	20.4	3.1	28	5
1979-11-22	0	1	24	7
1979-11-23	1	4	24	6
1979-11-24	0	2.9	22	7
1979-11-25	0	1.4	22	2
1979-11-26	0	3	24	0
1979-11-27	0	3.3	24	1.5
1979-11-28	0	2.7	24	0
1979-11-29	0	4.3	23.5	3
1979-11-30	0	3.5	24	1
1979-12-01	0	3.1	23	2
1979-12-02	4	5.9	23	3
1979-12-03	6	1.2	15	4
1979-12-04	0	2.4	23	3
1979-12-05	0	1.5	23.5	6
1979-12-06	0	2	17	8
1979-12-07	0	3.3	22	3
1979-12-08	0	3	22	4
1979-12-09	0	2.8	20.5	7
1979-12-10	0	2.8	23	7
1979-12-11	0	3.1	25	4
1979-12-12	0	3.9	24	5
1979-12-13	3	1.8	24	4
1979-12-14	0	3	26	5
1979-12-15	0	2.3	24	6
1979-12-16	0	2.3	21	5
1979-12-17	0	4.2	22	2
1979-12-18	0	2.8	23	2.5
1979-12-19	0	5.7	21	2
1979-12-20	0	3.3	20	4.5
1979-12-21	0	2.1	24	3
1979-12-22	0	3	25	2
1979-12-23	0	4.3	22.5	4
1979-12-24	0	3	21	3
1979-12-25	0	4.2	25	2
1979-12-26	0	3.2	24	1
1979-12-27	0	2.5	21	2
1979-12-28	0	2.7	24	1
1979-12-29	0	3.5	23	2
1979-12-30	0	1.7	22.5	2
1979-12-31	0	3.7	22	2
1980-01-01	0	3.9	21.5	1
1980-01-02	0	4.3	22	0
1980-01-03	0	1.6	17	0
1980-01-04	0	2	17.5	-0.5
1980-01-05	0	3	16	-0.5
1980-01-06	0	4.3	22	-0.5
1980-01-07	0	3.9	23.5	-0.5
1980-01-08	0	5.4	23	0
1980-01-09	0	5	24.5	2
1980-01-10	0	3.8	22	3
1980-01-11	0	5.9	23.5	0
1980-01-12	0	5.8	24	1
1980-01-13	0	2.9	23.5	2
1980-01-14	0	5.2	25	2.5
1980-01-15	0	3.5	25.5	2
1980-01-16	0	4.4	25.5	3
1980-01-17	0	2.9	24	3.5
1980-01-18	0	4.3	24	2.5
1980-01-19	0	3.7	20.5	2
1980-01-20	0	2.4	24	1
1980-01-21	0	3.7	21.5	3
1980-01-22	3	3.2	22	4
1980-01-23	6	1.5	20	5
1980-01-24	10.5	1	22	2
1980-01-25	14	1.7	15	3
1980-01-26	0	3.6	11	3.5
1980-01-27	0	2.5	21	-0.5
1980-01-28	0	4.5	23	2
1980-01-29	0	4.8	24	1
1980-01-30	0	1.8	26	3
1980-01-31	0	4.7	22	4
1980-02-01	0	4.8	24	5
1980-02-02	0	5.7	22	2
1980-02-03	0	4.1	22.5	-3
1980-02-04	0	3.9	22	-0.5
1980-02-05	0	2.6	21	-3
1980-02-06	0	4.9	23	-1
1980-02-07	0	5.2	24	-2
1980-02-08	0	4.6	23	1.5
1980-02-09	0	5.4	22.5	2
1980-02-10	0	7.6	26	3
1980-02-11	0	4.9	24	3
1980-02-12	0	6.3	24	7
1980-02-13	0	6.1	23	8
1980-02-14	0	4.1	26	1.5
1980-02-15	0	3	23	1
1980-02-16	0	5	25	2.5
1980-02-17	0	5.6	27	1.5
1980-02-18	0	8.5	27.5	2
1980-02-19	0	3.7	24	2
1980-02-20	0	6.3	26.5	3.5
1980-02-21	0	4.6	23	3
1980-02-22	0	6.4	24	2
1980-02-23	0	5.5	28	3
1980-02-24	0	6.3	26	5
1980-02-25	0	5.8	26.5	3.5
1980-02-26	0	4.2	25	4
1980-02-27	2.5	5.1	26	3
1980-02-28	0	3	27	2
1980-02-29	0	6.6	23	1.5
1980-03-01	0	3.6	26.5	7
1980-03-02	0	5	25	3.5
1980-03-03	0	4.5	27	2
1980-03-04	0	7.9	27.5	4
1980-03-05	0	8	27.5	3
1980-03-06	0	2.1	28	4
1980-03-07	0	9.9	30	5
1980-03-08	0	6.6	29	7
1980-03-09	0	8.9	31.5	5
1980-03-10	0	7.8	32.5	5
1980-03-11	0	8	31.5	6.5
1980-03-12	0	6.4	32	5
1980-03-13	0	7.4	30	5
1980-03-14	0	6.6	30	5
1980-03-15	0	7.8	30	5
1980-03-16	0	1.3	30	6
1980-03-17	0	6.8	31	7.5
1980-03-18	0	5.2	25	8.5
1980-03-19	0	8.1	27.5	7
1980-03-20	0	6.4	27	8
1980-03-21	0	6.9	26	6
1980-03-22	0	3.1	30	7
1980-03-23	1.5	7.7	30	8
1980-03-24	0	6.1	28	8
1980-03-25	0	3.1	28	7
1980-03-26	0	6.1	27	8
1980-03-27	0	8.9	30	6
1980-03-28	0	7	30	7
1980-03-29	0	6.6	30	5
1980-03-30	0	5.1	29.5	7
1980-03-31	0	2	30	7.5
1980-04-01	0	6.7	30	6
1980-04-02	0	3.9	31	6
1980-04-03	0	4.8	31	6.5
1980-04-04	0	5.8	30	8
1980-04-05	1	4.6	29.5	7.5
1980-04-06	0	5.6	29	8
1980-04-07	0	3.5	28	8
1980-04-08	11.5	4.3	29.5	6
1980-04-09	0	5.1	24	6
1980-04-10	2.8	2.8	23	6
1980-04-11	0	3.2	26	7
1980-04-12	0	7.9	27	7
1980-04-13	0	8.4	24	8
1980-04-14	0	4.1	28	4
1980-04-15	0	6.3	27	4
1980-04-16	0	6.6	26	5
1980-04-17	0	3.1	28	5
1980-04-18	0	4.7	23	6
1980-04-19	0	4.3	22.5	10
1980-04-20	0	6.6	25	6
1980-04-21	0	2.1	25	4
1980-04-22	3	5.1	24	4
1980-04-23	0	5.2	22	6
1980-04-24	0	4.5	24	7
1980-04-25	0	4.2	29	6.5
1980-04-26	0	6.1	30	7
1980-04-27	0	6.9	29	6
1980-04-28	0	5.8	30	7
1980-04-29	0	4.6	29	8
1980-04-30	0	4.1	30	8
1980-05-01	0	6.3	30	9
1980-05-02	2	6.3	29	7
1980-05-03	14.8	4	25	8
1980-05-04	0	4	24	7
1980-05-05	0	2.8	22.5	6
1980-05-06	0	4.7	22	8
1980-05-07	2	7.3	23	8
1980-05-08	0	3	23	9
1980-05-09	0	5.5	27.5	10
1980-05-10	2.5	5	30	8
1980-05-11	14.8	4.3	30	9.5
1980-05-12	0	1.5	27	10.5
1980-05-13	0	2.2	28.5	11
1980-05-14	2.5	9.9	30.5	10
1980-05-15	0	4.9	30	11
1980-05-16	4	10.1	31	10.5
1980-05-17	7.4	2.7	28	10
1980-05-18	0	5.1	29	10.5
1980-05-19	18.6	9.1	29	12
1980-05-20	0	4.6	27	12
1980-05-21	0	4.6	29	11
1980-05-22	0	5.2	26	12
1980-05-23	0	3.3	27.5	11
1980-05-24	0	4.5	29	11
1980-05-25	15	5.4	29	10
1980-05-26	0	9.4	27	10
1980-05-27	0	8.1	27	11
1980-05-28	0	5.8	27	11
1980-05-29	0	7.1	28	11.5
1980-05-30	0	7.1	30	10
1980-05-31	0	6.8	30	11
1980-06-01	0	8.1	30.5	6
1980-06-02	0	6.9	30	6
1980-06-03	0	4.7	27	5
1980-06-04	0	6.6	29	8
1980-06-05	19	4	28	10
1980-06-06	0	4.1	26	12
1980-06-07	0	6.8	28	11
1980-06-08	0	8.2	29	7
1980-06-09	0	6.9	29	3.5
1980-06-10	0	7.6	30	4
1980-06-11	0	9.6	29	3
1980-06-12	0	4.6	28	3
1980-06-13	0	6.1	29	4
1980-06-14	0	6.2	29	3
1980-06-15	0	6.4	28	4
1980-06-16	0	7.4	30	5
1980-06-17	0	4	29	6
1980-06-18	0	7.2	29	6
1980-06-19	0	6.7	26	9
1980-06-20	2	2.7	27	3
1980-06-21	7	0.9	25	4
1980-06-22	4	0.9	25	6
1980-06-23	0	6.5	25	9
1980-06-24	0	2.3	25.5	9
1980-06-25	3	8.2	26	8.5
1980-06-26	0	4.8	24	9
1980-06-27	0	6.3	26	9.5
1980-06-28	0	4.9	24	11
1980-06-29	0	6	27	10.5
1980-06-30	0	3.6	29	10
1980-07-01	0	7.2	29	13
1980-07-02	0	6.6	27	10
1980-07-03	0	5.6	28	6
1980-07-04	0	6.2	28	4
1980-07-05	0	7.8	29.5	9
1980-07-06	0	4.7	25	8
1980-07-07	0	6.6	28	9
1980-07-08	0	5.2	26.5	10
1980-07-09	0	2.2	27	8
1980-07-10	0	3.4	26	7
1980-07-11	0	7.7	28.5	8
1980-07-12	0	7.8	29	6
1980-07-13	0	2	29.5	9
1980-07-14	0	1	26.5	11
1980-07-15	0	6.2	27	13.5
1980-07-16	1.6	5.6	29	8.5
1980-07-17	0	5.2	23	8
1980-07-18	8.2	1.4	27	10
1980-07-19	1	4.4	25	10
1980-07-20	3	3.8	26	11
1980-07-21	0	1.3	25	12
1980-07-22	0	4.4	23	9
1980-07-23	0	5.8	24	10
1980-07-24	1.5	7	27	11
1980-07-25	1.5	6.4	27	12
1980-07-26	9	7.1	25	10
1980-07-27	0	1.5	26	11
1980-07-28	0	0.3	25	12
1980-07-29	15.3	6.3	26	9
1980-07-30	0	4	26	10
1980-07-31	0	3.8	25	7
1980-08-01	0	6.3	25.5	11
1980-08-02	2	4.8	25	10
1980-08-03	0	5.8	26	10
1980-08-04	1.5	6.9	26	11
1980-08-05	2	7.4	25	8
1980-08-06	15.5	2.4	24	7.5
1980-08-07	20	2.4	22.5	8
1980-08-08	0	5.4	23	12
1980-08-09	25.5	5.4	25	10
1980-08-10	0	3.4	24	12
1980-08-11	2	4.8	25.5	13
1980-08-12	0	4.7	25	11
1980-08-13	0	2.4	24.5	10
1980-08-14	0	2.1	24.5	10
1980-08-15	25	4.5	26	13
1980-08-16	0	4.7	26	10
1980-08-17	0	2.8	24	10
1980-08-18	30.4	1.8	22.5	12
1980-08-19	0	2.6	24	10
1980-08-20	0	2.9	23	10
1980-08-21	0	5.8	24	11
1980-08-22	0	7	24	13
1980-08-23	0	6	23	10
1980-08-24	0	3.2	24	9
1980-08-25	15.7	8.6	24	10
1980-08-26	10	2	24	10
1980-08-27	0	3.4	25	9
1980-08-28	0	4.7	24	11
1980-08-29	0	6.4	25	8
1980-08-30	0	1.3	25	8
1980-08-31	9	1.5	22	7
1980-09-01	0	3.5	24	11
1980-09-02	0	1.2	23.5	11
1980-09-03	0	3.1	24	10
1980-09-04	0	1	24	10
1980-09-05	17.5	4.8	24	10
1980-09-06	0	4.8	25.5	9
1980-09-07	0	4.5	25.5	10
1980-09-08	0	1.6	26	9
1980-09-09	0	2.7	25	11
1980-09-10	0	6.1	26	10
1980-09-11	0	3.5	26	9
1980-09-12	10	5.8	24	9
1980-09-13	0	3	25	10
1980-09-14	0	1.8	24	8
1980-09-15	0	4.1	24	5
1980-09-16	0	2.2	25	5
1980-09-17	0	5.8	26	4.5
1980-09-18	0	4.8	26	5
1980-09-19	1	4	25	3
1980-09-20	0	2.7	28	7
1980-09-21	6.5	1.7	27	8
1980-09-22	0	2.9	28	12
1980-09-23	0	3.2	27	9
1980-09-24	4.5	1.2	20	9
1980-09-25	2.8	0.9	20	13
1980-09-26	18.6	3.5	22	13
1980-09-27	7.5	1.3	24.5	12
1980-09-28	0	4.3	25	9
1980-09-29	0	3.3	24	10
1980-09-30	0	6.1	23	10
1980-10-01	0	4.4	26	11
1980-10-02	0	2.8	24	4
1980-10-03	0	3	23	3
1980-10-04	0	4.8	24	6
1980-10-05	0	4.9	24	7
1980-10-06	0	4.7	24	1
1980-10-07	0	4.7	23	1
1980-10-08	0	5.4	24	2
1980-10-09	0	3.6	25	1
1980-10-10	0	4.7	27	1
1980-10-11	0	5	27	5
1980-10-12	0	5.7	26	5
1980-10-13	0	3.2	26	6
1980-10-14	0	4.6	27	5
1980-10-15	0	3.9	28	5.5
1980-10-16	17.2	4.2	29	4
1980-10-17	0	5.7	29	5
1980-10-18	0	3	29	4
1980-10-19	0	3.5	27	5
1980-10-20	0	4.7	28	6
1980-10-21	12.5	7.6	27	5
1980-10-22	0	1	27	6
1980-10-23	0	0.7	28	5
1980-10-24	0	3.4	27	5.5
1980-10-25	0	3.3	26	6
1980-10-26	0	2.9	24	6
1980-10-27	0	1.9	26	7
1980-10-28	9.5	3.6	27	6
1980-10-29	5.5	3.4	27	7
1980-10-30	0	1.6	27	8
1980-10-31	0	1.8	23	8
1980-11-01	0	3.5	23	8
1980-11-02	3	4.8	25	6
1980-11-03	0	0.9	24	7
1980-11-04	0	3	21	8
1980-11-05	0	0.7	27	8.5
1980-11-06	0	3.2	27	7
1980-11-07	0	4.3	24	3
1980-11-08	0	3.2	28	3
1980-11-09	0	4	23	2
1980-11-10	0	5	24	3
1980-11-11	0	5.5	24	1
1980-11-12	0	3.1	21	2
1980-11-13	0	5.5	24	-2
1980-11-14	0	4.9	24	-1
1980-11-15	0	3.3	25	-1
1980-11-16	0	3.8	25	4
1980-11-17	0	3.6	24	3
1980-11-18	0	4.6	23	5
1980-11-19	0	3.9	25	4
1980-11-20	0	3.4	26	6
1980-11-21	17	1.3	24	5
1980-11-22	0	1.8	25	6
1980-11-23	0	0.8	24	7
1980-11-24	0	3.4	24	6
1980-11-25	3	0.7	24	8
1980-11-26	0	3.3	22	5
1980-11-27	0	4.1	22	3
1980-11-28	0	3.1	23	2
1980-11-29	0	2.2	22	3
1980-11-30	0	2.2	23	2
1980-12-01	0	4.8	23	2
1980-12-02	0	4.1	24	2.5
1980-12-03	0	1.5	20	3
1980-12-04	0	3.1	21	2
1980-12-05	0	4.7	22	2.5
1980-12-06	0	3	25	3
1980-12-07	0	3.3	25	4
1980-12-08	0	3.2	25	3
1980-12-09	0	3.8	24	3
1980-12-10	0	2.3	26	4
1980-12-11	0	4.3	22	1
1980-12-12	0	2.8	25	0
1980-12-13	0	3.5	22	1
1980-12-14	0	3.8	21	2
1980-12-15	0	3.1	24	0
1980-12-16	0	2.1	21	0
1980-12-17	0	4.4	20	-0.3
1980-12-18	0	3.6	23	-0.5
1980-12-19	0	4.4	23	-0.5
1980-12-20	0	3.9	22	-0.4
1980-12-21	0	7.2	23	-0.2
1980-12-22	0	3.2	24	1
1980-12-23	0	2.5	24	1
1980-12-24	0	3.1	22	1
1980-12-25	0	2.9	22	1
1980-12-26	0	4.8	23	-0.1
1980-12-27	0	4.2	21	-0.2
1980-12-28	0	4.1	20	-0.1
1980-12-29	0	6.2	24	-0.3
1980-12-30	0	2.6	24	-0.3
1980-12-31	0	3.6	22	-0.3
1981-01-01	0	4.5	24	0
1981-01-02	0	4	23	-4
1981-01-03	0	3.8	24	-0.3
1981-01-04	0	3.2	23	-0.2
1981-01-05	0	3.1	24	-0.4
1981-01-06	0	3	23	-0.1
1981-01-07	0	2.7	24	2
1981-01-08	0	2.9	24	2
1981-01-09	0	4.4	23	1
1981-01-10	0	3.9	24	3
1981-01-11	0	1.5	18	6
1981-01-12	0	3	14	4.5
1981-01-13	1.9	1.8	12	0
1981-01-14	0	1.5	13	1
1981-01-15	0	5.9	15	0
1981-01-16	0	1.9	15	0
1981-01-17	24	3.4	20	1
1981-01-18	0	1.8	20	0
1981-01-19	0	2.9	11	-0.2
1981-01-20	0	2.4	15	0
1981-01-21	0	4.3	20	1
1981-01-22	0	4.1	20	1
1981-01-23	0	3.3	20	-0.4
1981-01-24	0	3.1	15	-0.5
1981-01-25	0	2.7	18	-0.4
1981-01-26	0	2.9	19	-0.2
1981-01-27	0	3.7	25	2
1981-01-28	0	2.2	22	2.5
1981-01-29	0	3.3	25	3
1981-01-30	0	2.8	24	2
1981-01-31	0	2.9	25	3
1981-02-01	0	4.7	24	2
1981-02-02	0	1.3	21	2
1981-02-03	0	4.1	22.5	1
1981-02-04	0	5	26	2
1981-02-05	0	3.4	23	7
1981-02-06	0	4	25	6
1981-02-07	0	3.5	24	6
1981-02-08	0	6.3	26	5
1981-02-09	0	5.8	25	6
1981-02-10	0	5.2	23	4
1981-02-11	0	4.3	21	2
1981-02-12	0	5.6	23	-0.2
1981-02-13	0	5	23	0
1981-02-14	0	3.8	24	-1.5
1981-02-15	5.4	9.9	23	2
1981-02-16	0	3.8	24	-0.2
1981-02-17	0	3.5	22	6
1981-02-18	0	4.3	21	4
1981-02-19	0	6.3	24	3
1981-02-20	0	3.9	26	3
1981-02-21	0	1.1	24	2
1981-02-22	3.2	6.9	26	6
1981-02-23	0	3.5	25	5
1981-02-24	0	4.9	22	4
1981-02-25	0	3.9	24	3
1981-02-26	0	4.8	27	2
1981-02-27	0	2	28	4
1981-02-28	0	5	29	4
1981-03-01	0	5.5	29	5
1981-03-02	0	6	26	4
1981-03-03	0	7.6	25	3
1981-03-04	0	5.1	26	5
1981-03-05	0	4.1	24	8
1981-03-06	0	3.2	26	9
1981-03-07	0	12.7	26	5
1981-03-08	1	0.5	21	6
1981-03-09	0	3.1	23	5
1981-03-10	4.4	1.1	19	5
1981-03-11	2.7	2.7	19	6
1981-03-12	6	10.6	19	5.5
1981-03-13	8.4	14.8	22	5.5
1981-03-14	0	5.3	24	6
1981-03-15	0	2.4	25	7.5
1981-03-16	0	7	24	7
1981-03-17	1.8	6.8	23	6
1981-03-18	0	6.3	24	4
1981-03-19	0	5.4	26	5
1981-03-20	0	5.6	25	4
1981-03-21	0	5.4	27	5
1981-03-22	0	6	25	4
1981-03-23	0	7	27	5
1981-03-24	0	8.7	26	2
1981-03-25	0	5.9	27.5	4
1981-03-26	0	6	28	3
1981-03-27	0	7.2	26	3
1981-03-28	0	9.8	27	3
1981-03-29	0	6.2	28	4
1981-03-30	0	4.6	27	4
1981-03-31	0	4.6	30	3
1981-04-01	0	4.8	30	5
1981-04-02	0	7.9	30	5
1981-04-03	0	8.6	31	8
1981-04-04	0	6.7	29	5
1981-04-05	0	6.5	28	4
1981-04-06	0	7.2	30	4
1981-04-07	0	6	28	5.5
1981-04-08	0	5.4	30	5
1981-04-09	0	9.9	29	4
1981-04-10	0	10.6	30	4
1981-04-11	13.5	10	29	5
1981-04-12	4	8.3	31	5
1981-04-13	21.8	0.4	26	6
1981-04-14	0	3.2	27	9
1981-04-15	3.5	5.3	26	9
1981-04-16	10.2	3.1	26	7
1981-04-17	0	2.2	26	9
1981-04-18	6.7	5.2	22	7
1981-04-19	0	6.8	23	10
1981-04-20	1.2	2.8	24	11
1981-04-21	2	5.6	26	9
1981-04-22	0	5.6	25	10
1981-04-23	0	6.6	26	9
1981-04-24	0	5.8	27	10
1981-04-25	0	5	24	10
1981-04-26	0	5.8	25	8
1981-04-27	0	2.5	26	9
1981-04-28	0	7.5	27	8
1981-04-29	0	6.9	28	10
1981-04-30	18.6	2.7	28	12
1981-05-01	2.2	4.5	28	11
1981-05-02	0	1.8	22	10
1981-05-03	0	6.6	25	12
1981-05-04	0	5.9	27	11
1981-05-05	0	6.8	23	11
1981-05-06	0	7.8	28	7
1981-05-07	0	5.6	27	11
1981-05-08	0	7.8	29	7
1981-05-09	0	7.2	27	8
1981-05-10	0	6.1	29	7
1981-05-11	0	8.1	28	9
1981-05-12	0	7.3	29	6
1981-05-13	0	4.5	26	12
1981-05-14	0	6.2	28	8.5
1981-05-15	0	4.8	30	8
1981-05-16	0	7.6	30	7
1981-05-17	0	5.4	28	7.5
1981-05-18	0	8.8	29.5	10
1981-05-19	0	3.8	28	9
1981-05-20	15	1.1	29	9.5
1981-05-21	4.2	1.9	30	10
1981-05-22	2.8	6.7	29	9
1981-05-23	0	4.2	29	9
1981-05-24	1.5	6.4	30	10
1981-05-25	0	4.2	25	9
1981-05-26	31.2	7.2	27	11
1981-05-27	0	5.9	27	12
1981-05-28	2.5	3.9	25	12
1981-05-29	17.1	1.9	25	12
1981-05-30	9.8	0.7	25	11
1981-05-31	0	4.8	26	10
1981-06-01	6	10.1	25	11
1981-06-02	43.6	2.7	26	10.5
1981-06-03	0	4.7	24	11
1981-06-04	0	5.6	25.5	12
1981-06-05	0	4.3	24	12
1981-06-06	0	3.9	27	11
1981-06-07	0	4	25	12
1981-06-08	16.5	5.2	26	11
1981-06-09	4	1.6	25	12
1981-06-10	0	5.7	27	11
1981-06-11	0	3.6	26	11
1981-06-12	0	3.8	27	11
1981-06-13	4.2	3.5	28	12
1981-06-14	0	4.2	25	11
1981-06-15	0	3.8	27	11
1981-06-16	42.2	3.2	25	12
1981-06-17	4	3.7	24	12
1981-06-18	16	0.7	15	11
1981-06-19	9.6	1.3	22	11
1981-06-20	4.5	4.7	24	11
1981-06-21	6	3.2	24	12
1981-06-22	4.6	0.7	23	10
1981-06-23	0	3.9	22	12
1981-06-24	0	3.6	22	9
1981-06-25	0	5.9	22	13
1981-06-26	0	5.1	22.5	11
1981-06-27	0	2.7	23	10
1981-06-28	0	3.2	25	11
1981-06-29	0	4.3	23	10.5
1981-06-30	0	3	22	11
1981-07-01	40	1.8	17	12
1981-07-02	26	0.1	19	11.5
1981-07-03	3.8	9.8	23	9.5
1981-07-04	0	9.1	22	9
1981-07-05	22.5	2.9	18	9
1981-07-06	0	2.5	24	8
1981-07-07	0	1.9	24	11
1981-07-08	3	6.2	22	10
1981-07-09	0	0.8	21	9
1981-07-10	0	NULO	22.5	9
1981-07-11	10.2	7.2	22	10
1981-07-12	3.2	8.5	22.5	8
1981-07-13	0	1.9	21.5	7.5
1981-07-14	0	2.6	22	11
1981-07-15	0.6	0.1	23	7
1981-07-16	0	3.8	22	10
1981-07-17	10.3	7.5	22	10.5
1981-07-18	0	4.1	23	11.5
1981-07-19	5.5	9.3	23	10
1981-07-20	0	1	24	7
1981-07-21	0	1.1	24	9
1981-07-22	7.2	3.1	22	6
1981-07-23	0	4.1	21.5	8
1981-07-24	0	1.1	23	7
1981-07-25	0	5.2	24	7.5
1981-07-26	6.5	1.7	25	10
1981-07-27	0	4.7	24	11
1981-07-28	0	4.3	23	11
1981-07-29	0	4.2	24	10
1981-07-30	0	5.1	24	8
1981-07-31	0	5.1	25	9
1981-08-01	2	7.8	21	6
1981-08-02	6.3	1.6	22	6
1981-08-03	0	2.3	25	7
1981-08-04	0	5.3	24	8
1981-08-05	0	3.9	24.5	5
1981-08-06	0	4.2	25	6
1981-08-07	0	2.5	24	7
1981-08-08	0	3.7	21	5
1981-08-09	0	4.7	24	6
1981-08-10	0	3.9	26	7
1981-08-11	0	3.8	23	8
1981-08-12	0	5.2	25	6
1981-08-13	0	4	25	5
1981-08-14	6.5	1.2	25.5	11
1981-08-15	0	5.3	26	10
1981-08-16	3.6	2.4	25	8
1981-08-17	34.3	6.2	26	7
1981-08-18	0	4.8	25	11
1981-08-19	0	4.4	26	8
1981-08-20	0	5	25	10
1981-08-21	18	4.1	26	9
1981-08-22	9.3	2.7	23	8
1981-08-23	5.3	9.2	22	10
1981-08-24	0	2.5	23	8
1981-08-25	0	2.7	20	8.5
1981-08-26	0	3.2	21	7
1981-08-27	13	0.2	20	8
1981-08-28	14	0.9	20	6
1981-08-29	0	3.5	22	10
1981-08-30	5.2	0.7	25	11
1981-08-31	9	10	25	11
1981-09-01	0	4.6	24	11
1981-09-02	0	2.2	25	9
1981-09-03	8.8	2.8	25	8
1981-09-04	1.8	3.5	25	7
1981-09-05	0	3.8	23	7
1981-09-06	12	2.7	24	10
1981-09-07	0	3.8	24	9
1981-09-08	22	5	25	10
1981-09-09	0	4.9	25	7
1981-09-10	0	3.7	23	8
1981-09-11	8.5	5.7	25	7
1981-09-12	0	4.7	23	8
1981-09-13	0	4.3	25	7.5
1981-09-14	0	4.1	24	8
1981-09-15	0	3.4	23	9
1981-09-16	0	6.2	25	8.5
1981-09-17	0	4.5	21.5	7
1981-09-18	0	0.8	21	8
1981-09-19	0	2.9	25	7
1981-09-20	0	3.2	24	8
1981-09-21	0	4.4	26	8
1981-09-22	0	3.8	25	6
1981-09-23	0	4.8	24	8
1981-09-24	0	4.5	23	7
1981-09-25	0	4.1	13	5
1981-09-26	3.6	2.5	26	6
1981-09-27	0	2.2	26	7
1981-09-28	5.6	0.9	13	7
1981-09-29	0	1.6	21	11
1981-09-30	4.5	4	22	9
1981-10-01	0	2.9	22	9
1981-10-02	0	2.4	21	7.5
1981-10-03	0	4.5	22	6
1981-10-04	0	3.1	24	6
1981-10-05	0	2.3	23	10
1981-10-06	0	3.9	21.5	8
1981-10-07	0	5.6	21	6
1981-10-08	9.3	3.3	23	6.5
1981-10-09	3	4.1	21	9
1981-10-10	2.3	4.1	25	2
1981-10-11	12.5	2.5	25.5	11
1981-10-12	11.5	2	25	8
1981-10-13	16	4.5	24	11
1981-10-14	0	4	24	11
1981-10-15	0	2.7	24.5	10
1981-10-16	0	3.7	24	11
1981-10-17	0	5.6	26	7
1981-10-18	0	5.2	25.5	6
1981-10-19	0	3.8	24	5
1981-10-20	0	4.2	21	7
1981-10-21	0	4.5	24	6
1981-10-22	0	5.1	22	5
1981-10-23	0	4.2	24	6
1981-10-24	3	4.8	25	7
1981-10-25	5.4	2.2	24	6
1981-10-26	0	3.6	23	9
1981-10-27	0	2.1	21	8
1981-10-28	20	3.7	25.5	6
1981-10-29	0	2.8	25	11
1981-10-30	19.3	3.4	25	10
1981-10-31	55.5	4.3	25	10
1981-11-01	0	2.2	18	7
1981-11-02	0	2.2	20	6
1981-11-03	9.6	6.9	22	7
1981-11-04	0	3.2	22.5	4
1981-11-05	0	4.3	21	7
1981-11-06	0	3.6	23	6
1981-11-07	0	4.2	24.5	5
1981-11-08	0	3.6	24	6
1981-11-09	0	3	23	5
1981-11-10	0	2.2	18	7
1981-11-11	0	4.7	16	6
1981-11-12	0	3.9	22	1
1981-11-13	0	3.8	22	7
1981-11-14	0	3.7	25.5	0
1981-11-15	0	4.3	24	0.2
1981-11-16	0	3.7	25	0.1
1981-11-17	0	3.8	24	0.2
1981-11-18	0	3.8	25	0.3
1981-11-19	0	2.7	24	0.2
1981-11-20	0	4.6	29	0.1
1981-11-21	0	3.8	25	2
1981-11-22	0	4.1	24	0.2
1981-11-23	0	3.6	25	0.2
1981-11-24	0	3.5	22	0.1
1981-11-25	0	3.8	25	0
1981-11-26	0	3.8	25	0.2
1981-11-27	0	2.9	25	0.2
1981-11-28	0	4	24	2
1981-11-29	0	3.8	25.5	0.3
1981-11-30	0	2.2	26	0.2
1982-01-01	0	3.6	24.5	3
1982-01-02	0	3.9	23	4
1982-01-03	0	2.9	25	3.5
1982-01-04	0	3.3	22	2
1982-01-05	0	2.6	23	1
1982-01-06	0	4.3	21	2
1982-01-07	0	4.8	22.5	3
1982-01-08	0	4.7	24	2
1982-01-09	0	4.6	22.5	2
1982-01-10	0	4.2	23	2.5
1982-01-11	0	3.2	22	1
1982-01-12	0	4.2	21.5	2
1982-01-13	0	4.2	22	1
1982-01-14	0	5.5	20	2
1982-01-15	0	3.8	20	1
1982-01-16	0	3.8	20	2
1982-01-17	0	3.9	21	1.5
1982-01-18	0	3.7	21	3
1982-01-19	0	4.7	23	2.5
1982-01-20	0	3.2	21	1
1982-01-21	0	4.4	22.5	1.5
1982-01-22	0	4.5	23	2
1982-01-23	0	3.7	21.5	1
1982-01-24	0	4.7	25	2.5
1982-01-25	0	5.7	21	2
1982-01-26	0	4.7	21	-2
1982-01-27	0	3.7	24	0.5
1982-01-28	0	5.5	21	1.5
1982-01-29	0	3.5	20	1
1982-01-30	0	4.8	21	1.5
1982-01-31	0	4.7	22	2
1982-02-01	0	4.8	24	-3
1982-02-02	0	5.7	21	5
1982-02-03	0	4.8	22.5	0
1982-02-04	0	3.7	23	1
1982-02-05	0	4.7	21	3
1982-02-06	0	4.7	24	1
1982-02-07	0	4.7	22	2.5
1982-02-08	0	5	24	2
1982-02-09	0	3.5	26	1.5
1982-02-10	0	5.9	23	0
1982-02-11	0	4.5	21.5	2
1982-02-12	0	4.7	21	1.5
1982-02-13	0	6.6	24.5	0
1982-02-14	0	4.6	26	2.5
1982-02-15	0	6.5	22	3
1982-02-16	0	4.3	24	3
1982-02-17	0	5.8	24.5	3.5
1982-02-18	0	4.1	24	2.5
1982-02-19	0	4.5	23	3.5
1982-02-20	0	3.8	26	2
1982-02-21	0	5.2	25	4
1982-02-22	0	3.9	26	3
1982-02-23	0	3.6	23	4.5
1982-02-24	0	4.3	25	3
1982-02-25	0	4.1	23	2
1982-02-26	0	2.7	26	3
1982-02-27	0	2.4	26.5	5
1982-02-28	7.4	4.9	22.5	5
1982-03-01	2	2.5	20.5	3
1982-03-02	0	3	19.5	3
1982-03-03	0	4.5	23	1
1982-03-04	0	4.3	22.5	3
1982-03-05	0	7.4	24	2.5
1982-03-06	0	3.9	22.5	3
1982-03-07	0	3.9	23	2.5
1982-03-08	0	3.4	21	3
1982-03-09	0	4.8	20.5	4.5
1982-03-10	0	5	24	2
1982-03-11	0	4.8	24	5
1982-03-12	0	4.7	24.5	3
1982-03-13	0	4.9	29	4
1982-03-14	0	3.6	24	0
1982-03-15	0	4.6	26	3.5
1982-03-16	0	3.9	23	5
1982-03-17	0	4.7	27	6
1982-03-18	0	2.5	29	4
1982-03-19	0	4.6	27	6
1982-03-20	0	7.5	29	6.5
1982-03-21	3	4.8	27	6
1982-03-22	31	9.3	27.5	7
1982-03-23	0	4.7	26	7
1982-03-24	0	3.3	25	5
1982-03-25	0	6.5	27	6
1982-03-26	0	5.1	26	7
1982-03-27	0	4.2	25	5.5
1982-03-28	0	5.8	27.5	6
1982-03-29	0	6.2	26	7
1982-03-30	1.7	6.8	29	7
1982-03-31	0	6	28	8
1982-04-01	0	6.7	30	7
1982-04-02	0	4.2	29	6.5
1982-04-03	0	4.1	28.5	8.5
1982-04-04	0	7.6	30	7
1982-04-05	0	6.3	29	8
1982-04-06	0	7.4	31	6
1982-04-07	0	7.5	30.5	7.5
1982-04-08	0	6.6	31	8.5
1982-04-09	0	6.3	31	7
1982-04-10	0	7	29	8
1982-04-11	0	3.7	30	9
1982-04-12	0	5.7	29.5	8.5
1982-04-13	0	4.9	28	7
1982-04-14	0	6.9	30	5
1982-04-15	0	6.6	29	4
1982-04-16	0	5.7	31.5	7
1982-04-17	0	5.5	32	7.5
1982-04-18	0	7.8	31	8
1982-04-19	0	6	30	8
1982-04-20	3.3	8.1	28	7.5
1982-04-21	7.8	3.2	23	9
1982-04-22	13.8	5.6	22.5	7.5
1982-04-23	0	4.9	29	7
1982-04-24	0	5.7	26	8
1982-04-25	0	4.7	25	7
1982-04-26	0	6.8	31	6
1982-04-27	0	4.4	31	7.5
1982-04-28	0	5.5	30	8
1982-04-29	0	5.9	27	7.5
1982-04-30	0.5	5.3	30.5	8
1982-05-01	0	4.6	29	9
1982-05-02	0	4.5	30	7
1982-05-03	0.5	8.2	26	7.5
1982-05-04	0	5.9	27.5	9.5
1982-05-05	1.5	6.7	29	9
1982-05-06	0	5.4	28	9.5
1982-05-07	4.2	4.8	27	10
1982-05-08	3	2.9	26	10
1982-05-09	4.5	5	27	10
1982-05-10	6.5	4.5	28	10
1982-05-11	0	2.8	27.5	11
1982-05-12	6.5	4.9	27	10
1982-05-13	0	3.8	28	9
1982-05-14	0	7.7	27.5	10
1982-05-15	7	3.9	28	10.5
1982-05-16	17	5.2	27	10
1982-05-17	4.6	4.7	27	11
1982-05-18	0	3.8	26	10
1982-05-19	0	3.5	28	10.5
1982-05-20	0	1.8	27	11.5
1982-05-21	2	2.6	22	10
1982-05-22	0	4	26	11
1982-05-23	0	5.5	27.5	10
1982-05-24	0	4.3	27	11.5
1982-05-25	0	4.2	28	10
1982-05-26	0	3.9	27	10
1982-05-27	0	5.2	26.5	11.5
1982-05-28	0	6.3	27	11
1982-05-29	0	4.9	29.5	11.5
1982-05-30	0	4.3	30	10
1982-05-31	0	5.9	29	9
1982-06-01	0	6.3	29	10
1982-06-02	0	6.4	30	7.5
1982-06-03	0	5.8	27	5
1982-06-04	0	6.3	25	2
1982-06-05	0	5.9	30.5	3
1982-06-06	0	6.4	31	10
1982-06-07	0	5.7	29	9
1982-06-08	0	7.4	30	6
1982-06-09	12.1	8.4	29	7.5
1982-06-10	1	6.9	29	8
1982-06-11	0	5	28	8
1982-06-12	0	3.7	29.5	8.5
1982-06-13	0	4.5	29	9
1982-06-14	0	6.1	29	7.5
1982-06-15	0	5.7	30	8
1982-06-16	0	5.1	29.5	7
1982-06-17	0	4.8	29	5
1982-06-18	0	5.9	30	6
1982-06-19	0	5.7	29.5	5
1982-06-20	10.2	9.8	29.5	6
1982-06-21	7.6	6.9	25	8
1982-06-22	4	6.6	30	8
1982-06-23	0	3.8	29.5	7
1982-06-24	0	4.8	28	8
1982-06-25	0	4.8	27	7
1982-06-26	0	5.5	29	6
1982-06-27	2.2	4.3	27.5	8
1982-06-28	1.5	5.8	27	7
1982-06-29	2.6	6.8	27.5	11
1982-06-30	0	0.2	22	10
1982-07-01	1.4	2.7	24	10.5
1982-07-02	0	4.4	23	10
1982-07-03	0	4.7	22	9
1982-07-04	1.5	5.3	26	7
1982-07-05	1.6	2.8	25	8
1982-07-06	0	4.9	25.5	8
1982-07-07	0	5.1	26	9
1982-07-08	7	4.4	27	7
1982-07-09	0	4.7	26	6
1982-07-10	8.5	9.5	27	8
1982-07-11	0	4.7	23	7
1982-07-12	0	4.6	27.5	7.5
1982-07-13	0	4.5	26	7
1982-07-14	5.7	1.1	24	8
1982-07-15	0	5.7	24.5	9
1982-07-16	6	2.2	24	9
1982-07-17	7	2.2	24.5	10
1982-07-18	0	2.2	24	8
1982-07-19	0	2.9	25	8
1982-07-20	5.4	4	25	9
1982-07-21	0	3.9	24	7
1982-07-22	1.3	0.6	24	8
1982-07-23	2.2	2	24	7
1982-07-24	1.3	0.6	25	5
1982-07-25	2.4	1.2	24	5
1982-07-26	6.1	4.9	22	6
1982-07-27	0	3.8	24	7
1982-07-28	0	3.8	23	7.5
1982-07-29	0	5.7	24	8
1982-07-30	0	4.8	24	7
1982-07-31	0	4.9	25	6.5
1982-08-01	6.8	2.9	26	5
1982-08-02	13.2	9.9	23	5
1982-08-03	0	2.9	22.5	9.5
1982-08-04	14	2.8	23	9
1982-08-05	0	4.2	23	7
1982-08-06	0	5.1	24.5	5.5
1982-08-07	0	5.3	25	5
1982-08-08	0	2.9	26	7
1982-08-09	2	5.7	26	8
1982-08-10	0	1.7	26.5	8
1982-08-11	0	3.9	26	7
1982-08-12	0	5.7	25.5	7.5
1982-08-13	3	3.9	27.5	8
1982-08-14	1	3.9	26	8
1982-08-15	0	4	26.5	7
1982-08-16	0	3.8	25	7
1982-08-17	0	4.5	26	8
1982-08-18	0	4.2	27.5	7.5
1982-08-19	0	5.5	24	6
1982-08-20	0	3.4	23	6
1982-08-21	2.7	4.4	24	5
1982-08-22	0	4.6	25	6
1982-08-23	0	4.7	29	5
1982-08-24	0	4.9	26	8
1982-08-25	0	5.8	27	7
1982-08-26	0	4.7	26	6
1982-08-27	0	5.3	27	7.5
1982-08-28	0	6.7	25	6
1982-08-29	0	6.3	25	7
1982-08-30	0	7.4	23.5	6
1982-08-31	1	5.1	24	6
1982-09-01	0	3.6	23	7
1982-09-02	0	4.7	26	7
1982-09-03	0	5	26	4
1982-09-04	0	5.9	26	5.5
1982-09-05	0	3.8	24	4
1982-09-06	0	3.7	24.5	9
1982-09-07	0	5.1	26	7
1982-09-08	0	4.4	26	8
1982-09-09	0	3.3	25	7.5
1982-09-10	0	4.6	26	7
1982-09-11	0	4.7	29	6.5
1982-09-12	0	3.8	27	6
1982-09-13	0	4.8	28	10.5
1982-09-14	0	3.9	23	11
1982-09-15	0	5.2	29	7.5
1982-09-16	0	6.5	27	6
1982-09-17	0	5.8	24	5
1982-09-18	0	6.5	22	6
1982-09-19	0	5.3	23	7
1982-09-20	0	7	24	8
1982-09-21	0	4.8	23	10
1982-09-22	0.8	3.8	24	9
1982-09-23	0	3.8	23	11
1982-09-24	0	3.8	22.5	8
1982-09-25	0	4.3	26	7
1982-09-26	0	5.8	25	6
1982-09-27	0	5.9	26	3
1982-09-28	0	5.4	28	4
1982-09-29	0	5.9	27	3
1982-09-30	0	6.2	29	3
1982-10-01	0	7.2	28	4
1982-10-02	0	4.9	27	3
1982-10-03	0	5.8	26	4
1982-10-04	0	5.3	23	7
1982-10-05	0	4.9	22	10
1982-10-06	7.5	1	22.5	8
1982-10-07	6	2.7	23	10
1982-10-08	0	4.9	25	10
1982-10-09	0	3.8	26	10
1982-10-10	18.7	4.3	26	8
1982-10-11	11	5	23.5	9
1982-10-12	4	3.2	23	9
1982-10-13	2.5	3.2	23	10
1982-10-14	0	5	24	7
1982-10-15	0	5.4	23	8
1982-10-16	0	3.9	25	7
1982-10-17	0	4.2	24	8
1982-10-18	0	3.6	24	7
1982-10-19	0	4.3	23	8.5
1982-10-20	0	2.8	24	7
1982-10-21	0	3.8	27	7
1982-10-22	0	4.6	25	4
1982-10-23	NULO	3.3	NULO	NULO
1982-10-27	0	NULO	NULO	NULO
1982-10-28	0	4	24.5	1
1982-10-29	0	4.4	20	5
1982-10-30	0	4.5	24	2
1982-10-31	0	4.9	24	4
1982-11-01	0	4.8	25	4
1982-11-02	0	4	24	5
1982-11-03	0	3.9	24	3
1982-11-04	0	3.6	21	6.5
1982-11-05	0	3.8	19.5	1
1982-11-06	0	3.8	19	-3
1982-11-07	0	5	20	-1
1982-11-08	0	4.8	24	-3
1982-11-09	0	4.7	21	2
1982-11-10	0	5	21	0
1982-11-11	0	5.9	25	1
1982-11-12	0	2.6	26	4
1982-11-13	0	3.8	25	2
1982-11-14	0	5.9	26	4.5
1982-11-15	0	5.4	24	3
1982-11-16	0	4	25	1
1982-11-17	0	4.7	25	2
1982-11-18	0	4.9	26	4
1982-11-19	0	4.7	26	3
1982-11-20	0	2.4	25	4
1982-11-21	0	4.5	24	5
1982-11-22	0	2.8	23	4
1982-11-23	0	5	23	6
1982-11-24	0	4.1	22	3
1982-11-25	0	4.9	23	7
1982-11-26	0	5.2	24	4
1982-11-27	0	3.9	25	5
1982-11-28	0	2.7	26	4
1982-11-29	1.4	5.4	25	4.5
1982-11-30	0	3.6	25	6
1982-12-01	0	3.6	22.5	6
1982-12-02	0	3.2	22	5
1982-12-03	0	5.4	21	2
1982-12-04	0	3.9	20	1
1982-12-05	0	3.7	29	0
1982-12-06	0	4	23	0
1982-12-07	0	3	22	2.5
1982-12-08	0	3.2	22	1
1982-12-09	0	4.5	24	1
1982-12-10	0	3.9	23	0
1982-12-11	0	2.9	23	0
1982-12-12	0	1.9	22	2
1982-12-13	0	1.7	24	1
1982-12-14	0	3.7	25	0
1982-12-15	0	3.5	20	1
1982-12-16	0	3.2	21	0
1982-12-17	0	4.6	21	1.5
1982-12-18	0	4	22	-5
1982-12-19	0	4.9	23	-3
1982-12-20	0	4.8	23	-5
1982-12-21	0	3.9	23	-4
1982-12-22	0	3.9	22	-2
1982-12-23	0	5.5	22	-3
1982-12-24	0	4.6	23	-4
1982-12-25	0	4.9	23	-2
1982-12-26	0	3.5	19	-5
1982-12-27	0	4.8	22	-1
1982-12-28	0	4.1	23	3
1982-12-29	5	3.1	23	2
1982-12-30	0	4.4	24	8
1982-12-31	0	3.7	23	7
1983-01-01	0	2.8	23	5
1983-01-02	0	3.3	21	5
1983-01-03	0	1.2	25	3
1983-01-04	0	1.1	20	4
1983-01-05	10.5	2.7	21	5
1983-01-06	4	4.2	21	2
1983-01-07	0	3.9	21	3.5
1983-01-08	0	3.3	22	2
1983-01-09	0	2.7	24	3
1983-01-10	0	2.8	23	4
1983-01-11	0	3.1	21	3
1983-01-12	0	2.8	23	2
1983-01-13	0	3	22	3
1983-01-14	0	2.8	29	3
1983-01-15	0	0.6	21	4
1983-01-16	0	1.7	22	2
1983-01-17	0	1.3	24	3
1983-01-18	20	0.6	19	4
1983-01-19	0	2.6	19.5	3
1983-01-20	0	8.4	19	2
1983-01-21	0	5.8	18.5	-0.5
1983-01-22	0	4.5	20	-4
1983-01-23	0	4.5	22	-2
1983-01-24	0	4	21	-4
1983-01-25	0	4.9	18	-3
1983-01-26	0	3.8	21	-4
1983-01-27	0	4.9	20	-3
1983-01-28	0	4.5	29.5	-3
1983-01-29	0	3.9	22.5	-2
1983-01-30	0	3.8	21	-1
1983-01-31	0	4.8	22	-3
1983-02-01	0	6.4	24	-2
1983-02-02	0	4.5	25	-2
1983-02-03	0	4.7	27	-1
1983-02-04	0	3.8	26	-2
1983-02-05	0	6.1	24	1
1983-02-06	0	5	25	-2
1983-02-07	0	3.8	21	-1
1983-02-08	0	5.5	22.5	1.5
1983-02-09	0	4.2	22	2
1983-02-10	0	7.4	23	-1.5
1983-02-11	0	4.1	12	-1
1983-02-12	0	5.6	24	5
1983-02-13	0	5.6	22	3
1983-02-14	0	3.6	23	-1
1983-02-15	0	3.9	24	-2
1983-02-16	0	4.9	21	-2
1983-02-17	0	4.9	23	-4
1983-02-18	0	4.7	21.5	-3
1983-02-19	0	3.8	22	-1
1983-02-20	0	3.6	23.5	-2
1983-02-21	0	5	23	-3
1983-02-22	0	5.9	24	-2
1983-02-23	0	5.8	23	-2
1983-02-24	0	4.9	24	2
1983-02-25	2.5	7.5	24	-1
1983-02-26	0	7.1	23	-2.5
1983-02-27	0	6.8	24	-3
1983-02-28	0	6.6	25	-2
1983-03-01	0	3.8	23	-2.4
1983-03-02	0	5.9	23.5	-3
1983-03-03	0	3.4	26	3
1983-03-04	0	5	24	9
1983-03-05	0	9.8	23	1
1983-03-06	0	7.1	25	2
1983-03-07	0	8.4	23	-1
1983-03-08	0	8.6	24	-2
1983-03-09	0	5.9	26	2
1983-03-10	0	5	26	1
1983-03-11	0	5.5	23	2.5
1983-03-12	0	1.9	24	3
1983-03-13	7.6	4	25	2
1983-03-14	0	5.8	24	2
1983-03-15	0	5.4	24	2.5
1983-03-16	0	3.9	24	1
1983-03-17	0	5.8	25	2.5
1983-03-18	0	5.5	27	2
1983-03-19	0	6.6	24	0
1983-03-20	0	5.9	25	1
1983-03-21	0	6.1	26	2
1983-03-22	0	5.7	24	0
1983-03-23	0	6.7	23.5	1
1983-03-24	0	6.6	25	3
1983-03-25	0	6.6	29	2
1983-03-26	0	6.1	26	0
1983-03-27	0	5.7	28	2
1983-03-28	0	6.8	27	4
1983-03-29	0	8.1	28	2.5
1983-03-30	0	5.8	27	3
1983-03-31	0	8.1	26	4
1983-04-01	0	7.5	26	3
1983-04-02	0	5.2	28	5
1983-04-03	0	7.1	27	4
1983-04-04	0	9.3	25	2
1983-04-05	0	6.5	27	6
1983-04-06	0	8.1	27	7
1983-04-07	0	7.3	22	11
1983-04-08	0	5.4	25	10
1983-04-09	0	7.2	26	8
1983-04-10	0	6.6	27	4
1983-04-11	0	9.2	28	2
1983-04-12	0	9.9	29	4
1983-04-13	0	8.7	29	5
1983-04-14	0	7.5	27	6
1983-04-15	0	7.8	28	5
1983-04-16	0	8.1	29	3
1983-04-17	0	7.1	26	5
1983-04-18	0	7.9	25	6
1983-04-19	0	8.3	28.5	3
1983-04-20	0	9.2	29	7
1983-04-21	0	8.5	28	7.5
1983-04-22	0	4.8	28	6
1983-04-23	0	5.2	27	7.5
1983-04-24	0	5.9	28	5
1983-04-25	0	7.1	29	6
1983-04-26	0	9.6	27	4
1983-04-27	0	9.5	29	5
1983-04-28	0	8.8	28.5	6
1983-04-29	0	6.8	29	5
1983-04-30	0	7.8	28	6
1983-05-01	0	2.2	29	6
1983-05-02	0	8.6	29	5
1983-05-03	0	7.1	28	7
1983-05-04	0	10	30	7.5
1983-05-05	0	10.7	32	7
1983-05-06	0	9	32	8
1983-05-07	0	8.7	30	11
1983-05-08	0	7.7	29	10
1983-05-09	0	5.9	29	9
1983-05-10	0	7.7	30	8
1983-05-11	0	11.1	28.5	10
1983-05-12	0	8.8	29	10
1983-05-13	0	8.5	31	9.5
1983-05-14	0	4.6	29	9
1983-05-15	0	7.9	31	7
1983-05-16	5.7	7.7	32	9
1983-05-17	0	0.8	29	8
1983-05-18	0	0.9	29	12
1983-05-19	0	7	28	11
1983-05-20	4.3	2.1	30	11
1983-05-21	0	5.1	30	11.5
1983-05-22	0	7.5	28	11
1983-05-23	0	5.9	28	11
1983-05-24	0	5.7	29	10.5
1983-05-25	16	7.8	26	11
1983-05-26	8	1	20	11
1983-05-27	0	3.1	28	12
1983-05-28	0	7.5	24	8
1983-05-29	0	6.2	26	7
1983-05-30	0	8.9	27	6
1983-05-31	0	8.8	26	6
1983-06-01	0	6.5	28	8
1983-06-02	0	6.1	28	10
1983-06-03	0	9.3	29	9
1983-06-04	0	6.6	29.5	10
1983-06-05	0	7.3	30	9
1983-06-06	0	6.3	29.5	10
1983-06-07	0	6.9	30	10.5
1983-06-08	0	5.4	31	11
1983-06-09	0	9.2	27	9
1983-06-10	0	7.4	27	6
1983-06-11	0	7.6	30	5.5
1983-06-12	0	6.3	29	8
1983-06-13	0	6.5	28.5	10
1983-06-14	0	7.2	29	9
1983-06-15	0	7.3	29	10
1983-06-16	0	5.6	30	8
1983-06-17	0	8.6	29	9
1983-06-18	0	8	29	8
1983-06-19	0	7.6	28	7
1983-06-20	0	5.7	29	6
1983-06-21	0	7	29	8
1983-06-22	0	6.7	30	9
1983-06-23	51	11.4	27	9
1983-06-24	3.2	5.3	24	13
1983-06-25	6	2.7	22	13
1983-06-26	5.2	4.1	26	13
1983-06-27	0	8	24	10
1983-06-28	0	8.4	28	8
1983-06-29	0	7.5	27	7
1983-06-30	0	5.7	26	9.5
1983-07-01	2.3	7.2	27	10
1983-07-02	4.2	0.1	26	11
1983-07-03	6.3	10.7	27	11
1983-07-04	5	3.1	24	12
1983-07-05	15.5	1.6	22	10
1983-07-06	0	6.2	23.5	11
1983-07-07	0	7.5	22	9
1983-07-08	0	6.1	23	8
1983-07-09	0	4.7	22	6
1983-07-10	3	5	24	7
1983-07-11	0.7	3.3	25	6
1983-07-12	14.5	4.1	24	8
1983-07-13	3	3.8	24	12
1983-07-14	3.5	2.7	24	12.5
1983-07-15	3	5.9	24.5	12
1983-07-16	3.5	2.2	22.5	12.5
1983-07-17	5.2	1	22	13
1983-07-18	0	2.5	20	12
1983-07-19	4.2	6.1	22	12
1983-07-20	0	3.7	21.5	11
1983-07-21	0	4.6	22	12
1983-07-22	0	3.8	23	13
1983-07-23	0	3.9	24	11
1983-07-24	0	5.7	26	9
1983-07-25	0	4.9	27.5	6
1983-07-26	6.5	8	27	7
1983-07-27	16.7	2.1	25	6
1983-07-28	0.8	5.6	25	11
1983-07-29	0	3.4	24	8
1983-07-30	0	3.8	24	7.5
1983-07-31	0	6.8	24	6
1983-08-01	0.6	4.9	24	7
1983-08-02	4.9	5.3	25	9
1983-08-03	17.2	2.7	26	10
1983-08-04	26.2	4.3	23	9
1983-08-05	5	2.7	23	9
1983-08-06	4.5	1.6	22	8.5
1983-08-07	0	3.9	22	9
1983-08-08	0	3	23	10
1983-08-09	0	4.9	24	10
1983-08-10	0	2.3	24	10
1983-08-11	0	3.6	24	10
1983-08-12	0.7	3.2	19	10
1983-08-13	0	4.7	24	8.5
1983-08-14	1.4	6.3	25	9
1983-08-15	0	4.9	24	9
1983-08-16	4.7	6.2	25	9
1983-08-17	0	5.8	24	8
1983-08-18	0	5.8	23	9
1983-08-19	0	5.4	24	8
1983-08-20	0	4.9	23	7
1983-08-21	2.6	3.8	25	8
1983-08-22	0	3.4	25.5	8
1983-08-23	0	5.2	24	8
1983-08-24	0	5.2	24	7
1983-08-25	0.7	6.1	23.5	8
1983-08-26	4.6	2.1	24	7.5
1983-08-27	0	5.5	24	7
1983-08-28	0	5.3	25.5	6
1983-08-29	0	4.8	25	5
1983-08-30	0	6	24	6
1983-08-31	0	4.6	26	5
1983-09-01	0	5.3	25.5	8
1983-09-02	20	NULO	24	8
1983-09-03	7.6	9.6	24	13
1983-09-04	0	4	29.5	12
1983-09-05	0	6.9	26	9
1983-09-06	0	4.9	25	11
1983-09-07	4	0.4	26	10
1983-09-08	8.6	2.6	21.5	10
1983-09-09	1	3.8	22	12
1983-09-10	0	3.9	23	11
1983-09-11	3.5	2	29	11
1983-09-12	0	3.5	25	11
1983-09-13	0	4.8	24	10.5
1983-09-14	0	5.8	25	10
1983-09-15	0	3.8	24	10
1983-09-16	1.6	0.8	25	9
1983-09-17	1.2	4.5	25	8
1983-09-18	0	2	25	8
1983-09-19	2	2.7	26	9
1983-09-20	1	5.1	26	11
1983-09-21	0	4.8	24	9
1983-09-22	0	4.9	24	8.5
1983-09-23	0	2.8	23	7
1983-09-24	0	4.9	24	6
1983-09-25	2	4.9	22	8
1983-09-26	0	0.2	22	10
1983-09-27	0	4.8	21	10
1983-09-28	0	1.3	23	7.5
1983-09-29	0	3.8	24	6
1983-09-30	0	5.5	23	6
1983-10-01	0	4.1	24.5	4
1983-10-02	0	4.6	23	5.5
1983-10-03	0	5.1	25	5
1983-10-04	0	4.9	24	6
1983-10-05	0	4.9	24.5	2
1983-10-06	0	5.9	25	6
1983-10-07	0	4.9	25	7
1983-10-08	0	4.9	26	6
1983-10-09	0	3.8	25	7
1983-10-10	0	7.9	26	7
1983-10-11	0	3.8	26	4
1983-10-12	3	6.7	27	7
1983-10-13	0	3.7	29	6
1983-10-14	0	4.9	23	5
1983-10-15	0	4.9	24	6
1983-10-16	0	5.2	25	7
1983-10-17	0	4.9	24	6
1983-10-18	0	4.7	25	8
1983-10-19	0	5.9	26	7
1983-10-20	0	4.8	25	8
1983-10-21	0	5	26	8
1983-10-22	0	3.9	25	7
1983-10-23	0	2.8	25	7
1983-10-24	4	2.9	24	6
1983-10-25	4.8	8	24	6
1983-10-26	0	3.4	24	3
1983-10-27	0	2.9	25	2
1983-10-28	0	4.9	23	1
1983-10-29	0	4.7	24	2
1983-10-30	0	4.9	23	3
1983-10-31	0	4.9	22.5	3
1983-11-01	0	9.8	23	4
1983-11-02	0	5.8	22.5	3
1983-11-03	0	6.2	29	3.5
1983-11-04	1.7	2.6	25	3.5
1983-11-05	2.5	1.9	25	4
1983-11-06	0	5.8	22	3.5
1983-11-07	1.2	4	23	5
1983-11-08	1	1.6	20	9
1983-11-09	0	3.7	22	9
1983-11-10	0	3.9	24	6
1983-11-11	0	4	23	4
1983-11-12	0	4.5	23	3
1983-11-13	0	3.9	21	3
1983-11-14	0	4.2	24	2
1983-11-15	0	3.8	23	3
1983-11-16	0	5.4	24	4
1983-11-17	0	4.8	24	3
1983-11-18	0	4.2	23	3
1983-11-19	0	4.9	22	4
1983-11-20	0	5.8	22.5	1
1983-11-21	0	2.9	23	-2
1983-11-22	0	5.1	23	0
1983-11-23	0	3.9	24	3
1983-11-24	0	3.2	25	4
1983-11-25	0	3.9	24	3
1983-11-26	0	3.9	23	2
1983-11-27	0	3.9	24	3
1983-11-28	0	4.7	23	4
1983-11-29	0	3.9	29	3
1983-11-30	0	3.7	24	3
1983-12-01	0	4.4	25	4
1983-12-02	0	4.9	24	6
1983-12-03	0	3.5	25	5
1983-12-04	0	3.1	24	6
1983-12-05	0	4.6	23	6
1983-12-06	0	2.4	23	7
1983-12-07	0	3.8	24	4
1983-12-08	0	4.5	25	6
1983-12-09	0	4.2	22.5	4
1983-12-10	0	3.8	23	3
1983-12-11	0	3.6	21	4
1983-12-12	0	5.3	24.5	1
1983-12-13	0	6	23	1
1983-12-14	0	3.9	22	2
1983-12-15	0	4.6	23	2
1983-12-16	0	5.2	22	1
1983-12-17	0	5	24	1
1983-12-18	0	4.4	23	2
1983-12-19	0	2.5	23	-2
1983-12-20	1	4	21	0
1983-12-21	0	3.2	23	-2
1983-12-22	0	3.2	22	3
1983-12-23	0	3.4	23	2
1983-12-24	0	3.9	24	0
1983-12-25	0	4.7	22.5	2
1983-12-26	0	2.7	22	3
1983-12-27	0	3.8	23	1
1983-12-28	0	3.8	22	0
1983-12-29	0	3.7	21	1
1983-12-30	0	4.5	18	-2
1983-12-31	0	4.8	19	-0.5
1984-01-01	0	4.2	19	-2
1984-01-02	0	5.2	22	-4
1984-01-03	2	3	18	-4
1984-01-04	0	3.8	22	4
1984-01-05	0	4.8	21	3
1984-01-06	0	3.9	20	3
1984-01-07	0	3.8	18	2
1984-01-08	0	4.8	19	4
1984-01-09	0	3.9	21	0
1984-01-10	0	3.1	22	2
1984-01-11	5.6	2.4	13	1
1984-01-12	0	3.9	19	1
1984-01-13	0	2.8	22	2
1984-01-14	0	5.9	23	1
1984-01-15	0	3.4	22	2
1984-01-16	0	2.9	22	3
1984-01-17	0	3.2	23	1
1984-01-18	0	3.9	22	0.5
1984-01-19	0	4.6	22	3
1984-01-20	0	4.5	23	1
1984-01-21	0	4.7	24	2
1984-01-22	0	4	22	3
1984-01-23	0	3.6	21	2
1984-01-24	0	4.9	24	1
1984-01-25	0	5.6	22	3
1984-01-26	0	4.8	21	2
1984-01-27	0	3.9	22.5	0
1984-01-28	0	3.9	23	4
1984-01-29	0	3.8	22	3
1984-01-30	3.5	4.7	24	4
1984-01-31	0	4.1	21	0
1984-02-01	0	4.1	21	5
1984-02-02	0	4.2	23	4
1984-02-03	0	4.1	24	3
1984-02-04	1	3.9	23	6
1984-02-05	1.2	3.1	24	4
1984-02-06	3.5	0.4	13	6
1984-02-07	0	0.7	18	3
1984-02-08	3	2.2	17	2
1984-02-09	7	1	16	2
1984-02-10	0	3.3	19	4
1984-02-11	0	4.7	21	3
1984-02-12	0	5.1	23	4
1984-02-13	0	5.2	22	3
1984-02-14	0	4.8	21.5	2
1984-02-15	0	3.8	23	4
1984-02-16	0	4.5	24	6
1984-02-17	0	4.8	22	3
1984-02-18	0	3.8	23	4
1984-02-19	0	4.5	24	6
1984-02-20	0	5.3	23	5
1984-02-21	0	4.7	24	4
1984-02-22	0	5.2	24	5
1984-02-23	0	4.8	23	2
1984-02-24	0	4.9	23	4
1984-02-25	0	6.7	23	3
1984-02-26	0	5.8	22	4
1984-02-27	0	6	24	3
1984-02-28	0	3.9	21	-2
1984-02-29	0	6.2	22	-3
1984-03-01	0	6.7	23	-2
1984-03-02	0	6.4	24	2
1984-03-03	0	4.7	24	4
1984-03-04	0	6.1	23	5
1984-03-05	0	5.8	23	4
1984-03-06	0	4.9	24	5
1984-03-07	0	5.5	24	5
1984-03-08	0	4.8	25	4
1984-03-09	0	3.9	23	2
1984-03-10	0	3.8	26	5
1984-03-11	0	5.1	26	4
1984-03-12	0	5.4	27	5
1984-03-13	1.4	7.3	27	4
1984-03-14	1.5	3.7	26	4
1984-03-15	0.01	4.2	24	4
1984-03-16	0	4.8	23	4
1984-03-17	0	4.7	24	4
1984-03-18	0	3.8	23	5
1984-03-19	0	5.9	22	4
1984-03-20	0	6.2	23	5
1984-03-21	0.7	6.4	22	4
1984-03-22	0	3.5	27	3
1984-03-23	0	4.9	26	2
1984-03-24	0	5.5	27	3
1984-03-25	0	4.6	26	5
1984-03-26	0	6.6	27	4
1984-03-27	0	7.8	29	3
1984-03-28	0	6.3	29	3
1984-03-29	0	4.8	28	6
1984-03-30	0	4.7	29	6
1984-03-31	0	4.8	29	5
1984-04-01	0	6.4	27	8
1984-04-02	0	8.8	27	6
1984-04-03	0	8.5	28	5
1984-04-04	0	4.9	26	6
1984-04-05	0	6.7	27	5
1984-04-06	0	5.6	29	7
1984-04-07	0	8.7	28	6
1984-04-08	0	7.8	27	7
1984-04-09	0	6.7	28	5
1984-04-10	0	7.8	27	5
1984-04-11	0	6.9	26	6
1984-04-12	0	5.8	26	7
1984-04-13	0	5.8	27	6
1984-04-14	0	6.7	27	4
1984-04-15	0	7.8	26	6
1984-04-16	0	5.8	28	7
1984-04-17	0	6.1	28	8
1984-04-18	0	6.2	28	6
1984-04-19	0	5.8	29	8
1984-04-20	0	7.4	27	8
1984-04-21	0	8.3	28	7
1984-04-22	0	5.9	29	6
1984-04-23	0	6.6	28	7
1984-04-24	0	5.2	28	8
1984-04-25	0	6.3	27	7
1984-04-26	0	5.8	28	7
1984-04-27	0	5.8	29	8
1984-04-28	0	8.9	30	9
1984-04-29	0	12.7	31	9
1984-04-30	0	8.6	31	10
1984-05-01	0	5.7	29	11
1984-05-02	0	9.9	32	11
1984-05-03	0	7.9	29	9
1984-05-04	0	1.2	28	11
1984-05-05	2	7.6	29	10.5
1984-05-06	9.6	7.2	30	10
1984-05-07	0	7.9	30	11
1984-05-08	0	6.3	29	10
1984-05-09	0	6.2	27	8
1984-05-10	0	9.3	29	7
1984-05-11	0	5.8	28	6
1984-05-12	1	4.9	23	4
1984-05-13	0	6.6	25	5
1984-05-14	1.6	6.3	27	6
1984-05-15	0	3.5	25	4
1984-05-16	0	5.8	25	3
1984-05-17	0	4.8	28	6
1984-05-18	3	1.4	25	7
1984-05-19	0	2.7	25	6
1984-05-20	8	0.5	26	6
1984-05-21	0.01	4.1	27	5
1984-05-22	0	4.9	26	6
1984-05-23	0	4.8	27	7
1984-05-24	0	6.7	25	8
1984-05-25	0	3.9	27	6
1984-05-26	0	5.6	28	7
1984-05-27	0	2.2	26	6
1984-05-28	0.5	3.6	21	7
1984-05-29	0.5	2.8	27	11
1984-05-30	4.3	2.1	27	7
1984-05-31	0	6.9	22	4
1984-06-01	0	7.4	27	3
1984-06-02	0.1	6	27	5
1984-06-03	0	5.7	27	9
1984-06-04	4	9.7	26	9
1984-06-05	3.7	1.8	27	8
1984-06-06	0	4.2	26	9
1984-06-07	3.5	6.6	26	9
1984-06-08	0	6.2	27	8
1984-06-09	2.5	1.2	26	9
1984-06-10	22.4	10	27	8
1984-06-11	3.2	3.3	21	9
1984-06-12	0	4.8	23	11
1984-06-13	3.2	3.7	22	11
1984-06-14	0	5.9	24	12
1984-06-15	0	4.8	25	11
1984-06-16	3.5	9.7	26	10
1984-06-17	0	7	26	10.5
1984-06-18	8.3	3.2	25	11
1984-06-19	12.5	3.2	23	9
1984-06-20	5.5	5.4	22	11
1984-06-21	0	3.8	23	11
1984-06-22	4.5	2.1	23	9
1984-06-23	3.9	2.7	24	9
1984-06-24	0	8.6	25	11
1984-06-25	0	8.4	26	10
1984-06-26	0	4.9	25	10
1984-06-27	0	1.9	25	9
1984-06-28	0	3	27	11
1984-06-29	16.6	4.3	26	10
1984-06-30	5.5	4.8	25	11
1984-07-01	5.8	1.5	25	12
1984-07-02	15	3.1	25	9
1984-07-03	33.6	3.1	22.5	11
1984-07-04	28.7	6.1	23	10
1984-07-05	2	2	23	11
1984-07-06	22.5	4.6	22	11
1984-07-07	0	2.8	23	12
1984-07-08	0	2.3	22	11
1984-07-09	2.3	3	22	10
1984-07-10	19.2	2.5	21	10
1984-07-11	1	2.9	19	12
1984-07-12	0	4.3	19.5	11
1984-07-13	8.5	7.7	20	10.5
1984-07-14	0	3.9	22	11
1984-07-15	0	4.2	23	10
1984-07-16	0	2.9	24	9
1984-07-17	0	3.9	22	9
1984-07-18	0	3.8	23	10
1984-07-19	0	4.9	24	9
1984-07-20	3.5	6.4	23	8
1984-07-21	0	3.9	24	11
1984-07-22	0	3.9	23	10
1984-07-23	0	3.8	22	9
1984-07-24	0	4.2	23	8
1984-07-25	0	2.7	23	7
1984-07-26	0	3.9	22	8
1984-07-27	1.4	6.3	23	8
1984-07-28	0.01	6.3	24	10
1984-07-29	0	4.9	24	8
1984-07-30	1.8	7.2	24	7
1984-07-31	0	3.8	22	6
1984-08-01	0	3	21	6
1984-08-02	0	7	24	5
1984-08-03	4.5	1.9	23	9
1984-08-04	0	5.8	24	10
1984-08-05	15.7	7.3	23	10
1984-08-06	1.2	1.3	23	9
1984-08-07	11	0.8	22	9
1984-08-08	0	3.2	22	8
1984-08-09	4.5	1.9	21	9
1984-08-10	0	4.2	22	10
1984-08-11	0	5.7	23	10
1984-08-12	4.5	6.1	24	10
1984-08-13	0	6.1	24	8
1984-08-14	0	3.9	24	10
1984-08-15	15	4.7	21	11
1984-08-16	0.6	3.8	22	10
1984-08-17	25	10.7	23	8
1984-08-18	9.5	0.8	23	9
1984-08-19	0	1.8	22	9
1984-08-20	0	4.7	23	7
1984-08-21	0	5.2	22.5	6
1984-08-22	0	3.9	21	9
1984-08-23	16	3.7	22	8
1984-08-24	0	3.9	23	9
1984-08-25	0	3.8	22.5	9
1984-08-26	0	6	22	8
1984-08-27	0	4.9	22	6
1984-08-28	0	4.8	23	7
1984-08-29	0	3.8	22	8
1984-08-30	0	4.9	24	8
1984-08-31	1.2	7.3	24	6
1984-09-01	0	4	23	7
1984-09-02	0	2.8	24	8
1984-09-03	0	3.7	23	7
1984-09-04	13.8	1.8	23	9
1984-09-05	7	0.1	23	10
1984-09-06	2.5	0.1	22	9
1984-09-07	3.5	1.5	19	10
1984-09-08	0.01	3.8	22	11
1984-09-09	0	2.8	23	9
1984-09-10	11.5	0.8	22.5	10
1984-09-11	0.5	1.8	19	9
1984-09-12	0	1.9	19	11
1984-09-13	5.5	1.7	18	10
1984-09-14	7.5	1	17	10
1984-09-15	2	3.2	19	10
1984-09-16	0	3	22	9
1984-09-17	0	2	18	10
1984-09-18	0	1.9	20	9
1984-09-19	6.4	0.9	21	10
1984-09-20	0	1.8	22	9
1984-09-21	0	3.9	20	9
1984-09-22	0	2.4	24	8.5
1984-09-23	0	2.2	22	8
1984-09-24	1.2	4.1	23	9
1984-09-25	0	4.1	23	10
1984-09-26	0	4.4	22	6
1984-09-27	0	0.4	21	7
1984-09-28	0	4.8	20	3
1984-09-29	0	3.9	19	6
1984-09-30	0	3.8	20	5
1984-10-01	0	4.6	22	7
1984-10-02	4.1	7.2	23	8
1984-10-03	4.3	2	22	7
1984-10-04	0	1.8	23	6
1984-10-05	0	5.4	24	7
1984-10-06	0.6	3.8	25	6
1984-10-07	0	5.6	23	6
1984-10-08	0	5.8	22	6
1984-10-09	0	4	23	5
1984-10-10	0	5.3	25	6
1984-10-11	0	5	23	7
1984-10-12	0	3.4	23	8
1984-10-13	0	4.1	24	7
1984-10-14	0	5.4	23	4
1984-10-15	0	5.7	23	7.5
1984-10-16	0	4.8	24.5	6
1984-10-17	0	4.8	24	7
1984-10-18	0	4.6	24	6
1984-10-19	6	3.5	23	7
1984-10-20	0	5.1	24	6
1984-10-21	0	5.1	24	8
1984-10-22	13	8.7	23	6
1984-10-23	0	7.8	25	6
1984-10-24	4.2	5.2	24	8
1984-10-25	0	4.9	24.5	6
1984-10-26	0	5.5	23	6
1984-10-27	0	4.2	25	5
1984-10-28	0	4.8	24	6
1984-10-29	0	4.5	24	6
1984-10-30	0	5.5	25	7
1984-10-31	0	4.3	23	6
1984-11-01	0	5.6	23	7
1984-11-02	0	3.8	22	6
1984-11-03	0	3.8	24	7
1984-11-04	0	4	23	6
1984-11-05	0	4.3	24	4
1984-11-06	0	2.7	23	-2
1984-11-07	1.2	7.1	24	-1
1984-11-08	0	3.9	24	2
1984-11-09	0	5.5	23	3
1984-11-10	0	4.4	24	-2
1984-11-11	0	5.4	25	-3
1984-11-12	0	4.9	24	-1
1984-11-13	0	4.8	25	-2
1984-11-14	0	6.5	21	-1
1984-11-15	0	3.3	23	-4
1984-11-16	0	4.6	24	-3
1984-11-17	0	3.7	22	-1
1984-11-18	0	4.7	23	-2
1984-11-19	0	4.8	21	-4
1984-11-20	0	4.7	20	-3
1984-11-21	0	2.6	19	2
1984-11-22	0	4.9	19	-1
1984-11-23	0	4.2	18	-3
1984-11-24	0	3.8	18	-4
1984-11-25	0	0.8	16	3
1984-11-26	0	3.8	19	-2
1984-11-27	0	4.8	17	-2
1984-11-28	0	4.1	18	1
1984-11-29	4.8	1.7	23	0
1984-11-30	0	3.8	23	6
1984-12-01	0	4.9	24	2
1984-12-02	8.7	3.5	23	3
1984-12-03	0	4.1	22	4
1984-12-04	0	4.6	22	6
1984-12-05	0	3.9	23.5	5
1984-12-06	0	2.7	24	4
1984-12-07	0	2.8	23	4
1984-12-08	0	3.9	24	2
1984-12-09	0	3.7	22	-0.5
1984-12-10	0	3.8	23	-0.5
1984-12-11	0	4.1	22	2
1984-12-12	0	4.4	23	-3
1984-12-13	0	5.2	24	-2
1984-12-14	0	4.8	23	-2
1984-12-15	0	5.6	22	2
1984-12-16	0	4.8	22	-1
1984-12-17	0	4.8	23	-3
1984-12-18	0	6.1	22	-2
1984-12-19	0	6.6	21	-1
1984-12-20	0	4.9	24	-2
1984-12-21	0	3.8	23	3
1984-12-22	0	3.7	22	2
1984-12-23	0	4.7	22.5	-1
1984-12-24	0	4.9	24	-2
1984-12-25	0	3.9	22.5	-3
1984-12-26	0	4.6	22	1
1984-12-27	0	4.8	22	2
1984-12-28	0	3.8	23	-2
1984-12-29	0	5.7	24	-1
1984-12-30	0	3.9	23	3
1984-12-31	0	4.2	22.5	2
1985-01-01	0	3.4	22	4
1985-01-02	0	3.1	22	4
1985-01-03	0	3.4	23	2
1985-01-04	0	2.4	21	-3
1985-01-05	0	5.5	21	-2
1985-01-06	0	3.8	22	-2
1985-01-07	0	4.8	21	-4
1985-01-08	0	4.3	21	-3
1985-01-09	0	4.1	23	3
1985-01-10	0	4	22	-2
1985-01-11	0	3.5	22	0
1985-01-12	0	4.9	22	-1
1985-01-13	0	4.7	21	-2
1985-01-14	0	3.9	23	2
1985-01-15	1.5	6.4	23	2
1985-01-16	0	3.5	21	1
1985-01-17	0	5.5	22	-2
1985-01-18	0	5.1	23	1
1985-01-19	0	4	21	2
1985-01-20	0	3.7	22	2
1985-01-21	0.6	4.1	23	1
1985-01-22	0	3.9	24	0
1985-01-23	7.8	1.9	25	1
1985-01-24	0	4.7	24	1
1985-01-25	0	3.8	22	1
1985-01-26	0	4	23	3
1985-01-27	0	2.8	24	1
1985-01-28	0	3.7	23	2
1985-01-29	0	2.9	24	2
1985-01-30	0	6.5	24	3
1985-01-31	0	3.8	23	2
1985-02-01	0	3.8	22	3
1985-02-02	0	4.9	24	-3
1985-02-03	0	4.3	22	2
1985-02-04	0	5.7	24	1
1985-02-05	0	4.6	24	2
1985-02-06	0	5.9	23	2
1985-02-07	0	3.9	24	2
1985-02-08	0	5.7	24	1
1985-02-09	0	5.8	23	2
1985-02-10	1.2	5.1	22	1
1985-02-11	0	4.8	21	1
1985-02-12	0	4.6	22	1
1985-02-13	0	4.8	23	-1
1985-02-14	0	4.8	24	1
1985-02-15	0	3.9	24	2
1985-02-16	0	4.5	24	-2
1985-02-17	0	3.4	23	-1
1985-02-18	0	3.8	22	2
1985-02-19	0.01	3.9	21.5	2
1985-02-20	0	4.8	24	2
1985-02-21	0	4.8	22	1
1985-02-22	0	6.8	23	2
1985-02-23	0	5.6	24	2.5
1985-02-24	0	5.8	25	1
1985-02-25	0	5.4	24	1
1985-02-26	0.01	4.9	25	2
1985-02-27	0	4.8	24	3
1985-02-28	0	3.1	23	3
1985-04-01	0	6.1	24	3.5
1985-04-02	0	4.9	24	5
1985-04-03	0	6.1	24	3
1985-04-04	0	4.9	24	1
1985-04-05	5	7	26	5
1985-04-06	0	7.9	25	4
1985-04-07	7	6.2	25	5
1985-04-08	6.8	9.8	23	6
1985-04-09	11.7	2.7	20	6
1985-04-10	2.8	1.5	20	9
1985-04-11	11.5	4.3	21	6
1985-04-12	25	5.7	21	5.5
1985-04-13	0.6	5.8	22	6
1985-04-14	3.2	5.4	19	7
1985-04-15	0.01	1.8	21	7
1985-04-16	0.01	4.1	24	6
1985-04-17	6	6.9	24	6
1985-04-18	1	5.3	23	5
1985-04-19	0	4.9	24	6
1985-04-20	0	3.8	25	5
1985-04-21	0.01	3.9	23	6
1985-04-22	0.01	4.8	25	5
1985-04-23	0	5.8	24	6
1985-04-24	0.01	5	25	5
1985-04-25	0	4.9	24	6
1985-04-26	0	4.8	23	5
1985-04-27	0	3.8	24	7
1985-04-28	0	5	23	6
1985-04-29	3.8	0.6	26	5
1985-04-30	0	4.9	25	6
1985-05-01	0	6.7	26	6
1985-05-02	20	8.3	27	6
1985-05-03	0	3	25	6
1985-05-04	0.01	3.9	26	5
1985-05-05	0	5.6	23	6
1985-05-06	0	4.5	25	6
1985-05-07	0	4.9	26	6
1985-05-08	0	5.8	25	6
1985-05-09	0	6.1	24	5
1985-05-10	0	7.9	23	5
1985-05-11	0	5.7	24	5
1985-05-12	0	6.7	24	6
1985-05-13	14.7	1.8	24	6
1985-05-14	7	5.5	26	6
1985-05-15	1.5	5.8	27	7
1985-05-16	8.5	4	25	9
1985-05-17	16.7	3.3	25	10.5
1985-05-18	0	5.1	23	9
1985-05-19	0	5.1	24	10
1985-05-20	0	3.1	25	11
1985-05-21	0	4.9	24	11
1985-05-22	0	5.3	25	10
1985-05-23	0	4.9	26	8
1985-05-24	0	4.8	24	7
1985-05-25	0	4.9	25	6
1985-05-26	0	5.8	26	7.5
1985-05-27	0	5.7	24	7
1985-05-28	0	9.3	25	7
1985-05-29	0	5.8	24	5
1985-05-30	0	7.7	26	5
1985-05-31	0	7.6	28	4
1985-06-01	0	5.7	24	6
1985-06-02	0	6	25	6
1985-06-03	7	1.1	24	6
1985-06-04	45.5	6.6	24	8
1985-06-05	21.5	6.7	24	11
1985-06-06	0	5.6	24	12
1985-06-07	0	7.3	23	10
1985-06-08	0	5.1	24	6
1985-06-09	0	6.7	25	6
1985-06-10	0	7.9	25	7
1985-06-11	0	6.7	24	8
1985-06-12	0	6.7	26	8
1985-06-13	0	6.8	25	9
1985-06-14	0	4.9	24	9
1985-06-15	2.3	1.3	23	10
1985-06-16	10.8	2.8	22	8
1985-06-17	0.01	1.5	21	10
1985-06-18	4	1.8	22	13
1985-06-19	0	5.6	23	11
1985-06-20	18	2	21	10
1985-06-21	19	5.2	23	9
1985-06-22	1.5	3.8	22	12
1985-06-23	0	4.7	23	10
1985-06-24	3	4.6	24	9
1985-06-25	1	3.2	21	8
1985-06-26	10.5	4.7	23	8
1985-06-27	6.5	6.5	22.5	10
1985-06-28	36	5.6	22	8
1985-06-29	6	0.6	22	11
1985-06-30	0.01	2.4	22	11
1985-07-01	2	1.2	19	8
1985-07-02	4.5	2.5	20	9
1985-07-03	1.5	4.5	23	8
1985-07-04	0	2	23	10
1985-07-05	16	3.5	23	12
1985-07-06	0	3.5	22	11
1985-07-07	3.5	2.5	21	13
1985-07-08	0.01	2.9	21	11
1985-07-09	0	4.8	20	7
1985-07-10	0	6.1	22	6
1985-07-11	0	5.8	22	5
1985-07-12	0	5.7	23	7
1985-07-13	2	6	22	8
1985-07-14	8.5	2.5	22	11
1985-07-15	8	2.6	22	11
1985-07-16	0	6.3	22	9
1985-07-17	0	4.7	22	10
1985-07-18	20	3.5	23	11
1985-07-19	2.5	4.3	23	9
1985-07-20	2.8	3.5	22	7
1985-07-21	1	4	23	9
1985-07-22	0	3.6	24	9
1985-07-23	13.5	3.2	23	10
1985-07-24	3	3.2	23	9
1985-07-25	0	4.8	24	11
1985-07-26	0	4.9	23	10
1985-07-27	1	5.9	24	6
1985-07-28	0	4.8	23	8
1985-07-29	0.01	5.3	22	9
1985-07-30	1.2	2.7	22	8
1985-07-31	1.5	3.6	23	7
1985-08-01	0	5.8	23	8
1985-08-02	11.5	5.6	22	7
1985-08-03	0	5.2	22.5	9
1985-08-04	0	5.8	23	8
1985-08-05	0	5.9	22	9
1985-08-06	0	5.8	23	9
1985-08-07	0	3.9	24	8
1985-08-08	0	5.8	22	7
1985-08-09	0	0.6	23	8
1985-08-10	0	7.8	24	9
1985-08-11	3.5	5.3	23	7
1985-08-12	6	3.9	24	10
1985-08-13	0.01	4.8	23	11
1985-08-14	0	3.5	25	12
1985-08-15	0	4.9	23	9
1985-08-16	0	6.1	22	10
1985-08-17	0	4.9	26	8
1985-08-18	0	5.9	25	7
1985-08-19	0	5	24	8
1985-08-20	7.5	4.7	25	8
1985-08-21	0	5.9	24	6
1985-08-22	0	6.9	23	8
1985-08-23	0	5.6	25	6
1985-08-24	0	5.1	23	7
1985-08-25	0	5.8	22.5	6
1985-08-26	1	2.9	24	7
1985-08-27	0	4.7	23	8
1985-08-28	0	5.9	25	7
1985-08-29	9.5	4.8	24	11
1985-08-30	0	3.5	23	9.5
1985-08-31	0	5.7	22	7
1985-09-01	0	4.3	24	7
1985-09-02	1	5.8	26	4
1985-09-03	0	5.1	25	7
1985-09-04	27	3.9	23	8
1985-09-05	0	3.9	24	6
1985-09-06	4.5	6.3	25	8
1985-09-07	8	6.1	24	9
1985-09-08	2	3.6	24	8
1985-09-09	6	6.4	23	6
1985-09-10	0	3.2	23	9
1985-09-11	3.8	1.9	23	8
1985-09-12	0	4.8	22	9
1985-09-13	0	3.4	24	8
1985-09-14	0	5.5	23	9
1985-09-15	0.01	4.9	24	7
1985-09-16	0	5.5	23	8
1985-09-17	24.5	1.5	25	9
1985-09-18	0.01	1.1	24	9
1985-09-19	0	4.8	24	7
1985-09-20	0	4.4	24	8
1985-09-21	0	4.7	23	6
1985-09-22	5	3	24	7
1985-09-23	0	4.8	24	8
1985-09-24	0	5.9	22	7
1985-09-25	0	3.8	24	9
1985-09-26	0	4.9	23	8
1985-09-27	0	4	25	5
1985-09-28	0.01	4.3	25	7
1985-09-29	3.5	0.2	24	8
1985-09-30	0	3.5	23	9
1985-10-01	0	4	24	9
1985-10-02	0	4.2	24	7
1985-10-03	0	6.2	23	4
1985-10-04	0	4.8	23	3
1985-10-05	0	4.8	23	6
1985-10-06	0	4.5	23	6
1985-10-07	0	4.8	26	7
1985-10-08	5	2.9	25	6.5
1985-10-09	0	3.8	24	7
1985-10-10	0	3.9	23	6
1985-10-11	0	4.6	25	5
1985-10-12	0	5.7	23	4
1985-10-13	0	4.3	23	5
1985-10-14	0	6.2	23	4
1985-10-15	0	4.9	21	5
1985-10-16	0	6.6	22	6
1985-10-17	0	4.8	25	8
1985-10-18	2.5	7.2	24	7.5
1985-10-19	0	4.9	22	6
1985-10-20	0	5.8	24	6
1985-10-21	0	6.4	23	7
1985-10-22	0	3.9	24	6
1985-10-23	0	4.5	24	7
1985-10-24	0	3.9	23	6
1985-10-25	0	3.9	22	5
1985-10-26	0	5.1	22.5	0
1985-10-27	0	3.4	23	1
1985-10-28	0	3.8	24	2
1985-10-29	0	4.3	24	1
1985-10-30	0	5.2	23	2
1985-10-31	0	4.9	22	2
1985-11-01	0	6.1	22	4
1985-11-02	0	4.5	23	5
1985-11-03	0	3.8	24	4
1985-11-04	0	5.7	20.5	-0.2
1985-11-05	0	3.9	24	-0.2
1985-11-06	0	3.9	21	3
1985-11-07	0	5	23	1
1985-11-08	0	4.7	24	2
1985-11-09	0	4.9	26	0
1985-11-10	0	4.3	22	5
1985-11-11	0	5.1	23	4
1985-11-12	0	3.8	24	3.5
1985-11-13	0	4.8	26	2
1985-11-14	0	4.9	24	2
1985-11-15	0	4	26	3
1985-11-16	0	3.9	23	2
1985-11-17	0	4.2	25	4
1985-11-18	0	3.8	23	3
1985-11-19	0	3.9	24	5
1985-11-20	0	3.8	25	4
1985-11-21	2.8	6.1	24	2
1985-11-22	0	2.6	24	6
1985-11-23	0	4.5	24	6
1985-11-24	0	3.6	23	7
1985-11-25	0	5.4	24	6
1985-11-26	0	3.9	25	5
1985-11-27	0	3.4	23	6
1985-11-28	0	3.9	24	7
1985-11-29	0	3	22	2
1985-11-30	0	4	22	0
1985-12-01	0	4.7	23	3
1985-12-02	0	5	20	1
1985-12-03	0	4.2	22	3
1985-12-04	0	2.9	23	4
1985-12-05	0.01	3.9	23	5
1985-12-06	0	3.8	22	-2
1985-12-07	0	3.5	23	2
1985-12-08	0	2.2	24	-1
1985-12-09	0	4.7	23	-2
1985-12-10	0	4.4	24	2
1985-12-11	0	5.5	23	-2
1985-12-12	0.01	2.8	24	-1
1985-12-13	0	3.5	23	3
1985-12-14	0	3	22.5	2
1985-12-15	0	3.9	23	1
1985-12-16	0	3.4	22	2
1985-12-17	0	4.4	24	3
1985-12-18	1	6	23	2
1985-12-19	0	4.1	23	1
1985-12-20	0	3.9	24	3
1985-12-21	0	3.9	23	2
1985-12-22	0	4.3	23.5	1
1985-12-23	0	4.7	22	2
1985-12-24	0	4.5	23	3
1985-12-25	0	3.8	21	1
1985-12-26	0	3.7	23	2
1985-12-27	0	3.9	22	2
1985-12-28	0	3.1	21	3
1985-12-29	0	4.1	23	3
1985-12-30	0	2.9	22	1
1985-12-31	0	3.4	23	2
1986-01-01	0	2.8	24	-2
1986-01-02	0	3.9	23	-2
1986-01-03	0	4.4	24	-1
1986-01-04	0	3.9	22	-2
1986-01-05	0	3.9	21	2
1986-01-06	0	3	21	1
1986-01-07	0	2.7	22	2
1986-01-08	0	3.7	21	1
1986-01-09	0	5.4	21	-2
1986-01-10	0	3.9	22	1
1986-01-11	0	4.9	21	1
1986-01-12	0	3.9	18	-9
1986-01-13	0	5.8	20	-9
1986-01-14	0	4.9	19	-8
1986-01-15	0	4.2	23	-9
1986-01-16	0	3.2	19	-4
1986-01-17	0	3.8	21	-2
1986-01-18	0	2.9	22	-2
1986-01-19	0	3.9	23	-1
1986-01-20	0	3.1	22	-2
1986-01-21	0	3.7	21	-3
1986-01-22	0	3.2	23	-2
1986-01-23	0	4.8	21	-2
1986-01-24	0	4.8	22	-3
1986-01-25	0	3.3	23	-4
1986-01-26	0	3.9	21	-6.8
1986-01-27	0	4.7	16	-3
1986-01-28	0	4.9	18	-5
1986-01-29	0	5.3	23	-3
1986-01-30	0	4.9	19	1.5
1986-01-31	0	5	23	1
1986-02-01	0	3.8	21	1
1986-02-02	0	4.9	22	1
1986-02-03	0	6.5	22	2
1986-02-04	0	4.9	21	5
1986-02-05	0	6	23	1
1986-02-06	0	5.8	21	-2
1986-02-07	0	5.8	22	1
1986-02-08	0	5.6	22	2
1986-02-09	0	5.2	21	1
1986-02-10	0	5.3	21	0
1986-02-11	0	6.3	22	2.5
1986-02-12	0	5.9	21	1
1986-02-13	0	4.6	23	2
1986-02-14	0	4.7	21	5
1986-02-15	0	5.9	22	5
1986-02-16	0	4.4	23	4
1986-02-17	0	6.7	23	1
1986-02-18	0	5.8	21	2
1986-02-19	0	5.5	23	0
1986-02-20	0	5.6	23	1
1986-02-21	0	6.8	24	2
1986-02-22	0	5.9	23	3
1986-02-23	0	4.8	24	4
1986-02-24	0	5.8	21	3
1986-02-25	0	3.4	21.5	-3
1986-02-26	0	5.6	22	-2
1986-02-27	0	4.9	22	-3
1986-02-28	0	5.5	23	-2
1986-03-01	0	3.9	22	-3
1986-03-02	0	5.1	23	-1
1986-03-03	0	4.8	24	2
1986-03-04	0	6.5	24	2
1986-03-05	0	5.8	24	4
1986-03-06	0	4.7	23	5
1986-03-07	0	5.8	22	2
1986-03-08	0	7.6	22	1
1986-03-09	0	6.7	23	2
1986-03-10	0	4.9	22	3
1986-03-11	0	5.8	21	2
1986-03-12	0	4.9	22	3
1986-03-13	0	6.7	21	4
1986-03-14	0	4.8	23	-2
1986-03-15	0	5.5	23	1
1986-03-16	0	5.8	22	2
1986-03-17	0	4.7	23	3
1986-03-18	0	7.3	22	3
1986-03-19	0	6.6	23	2
1986-03-20	0	5.8	22	3
1986-03-21	0	4.3	12	2
1986-03-22	0	5.9	19	-4
1986-03-23	0	5.3	21	-3
1986-03-24	0	5.6	21	3
1986-03-25	0	6.7	22	-4
1986-03-26	0	6.5	22	-3
1986-03-27	0	4.8	22	-4
1986-03-28	0	4.7	21	2
1986-03-29	0	4.8	23	1
1986-03-30	0	6.7	25	2
1986-03-31	0	6.8	25	2
1986-04-01	0	8.7	24	4
1986-04-02	0	4.1	23	5
1986-04-03	0	5.7	23	6
1986-04-04	0	5.9	24	5
1986-04-05	0	6.5	23	4
1986-04-06	2.3	8.4	24	6
1986-04-07	0	5.9	23	5
1986-04-08	0	3.8	24	5
1986-04-09	0	5.8	24	4
1986-04-10	0	8.6	23	3
1986-04-11	0	7.9	24	4
1986-04-12	0	5.9	25	6
1986-04-13	4.5	8.8	24	7
1986-04-14	9.5	5.8	28	6
1986-04-15	2.8	5.8	27	8
1986-04-16	0	4.6	26	6
1986-04-17	0	4.9	25	7
1986-04-18	0	4.6	23	6
1986-04-19	14.5	8.4	24	5
1986-04-20	1	5.2	29	6
1986-04-21	0	4.7	24	7
1986-04-22	2	5	24	6
1986-04-23	1	3.4	23	6
1986-04-24	0	4	24	7
1986-04-25	0.01	4.7	23	7
1986-04-26	3	6.7	24	6
1986-04-27	24	7	24	7
1986-04-28	0	4.3	23	7
1986-04-29	1	3.3	26	8
1986-04-30	4	3.5	26	9
1986-05-01	0	5.4	24	8
1986-05-02	0	6.4	23	7
1986-05-03	0	4.8	25	6
1986-05-04	0	6.5	24	7
1986-05-05	0	4.8	23	5
1986-05-06	0	5.3	24	6
1986-05-07	3.2	7.3	28	8
1986-05-08	9.8	6.9	26.5	8
1986-05-09	0	5.9	26	9
1986-05-10	0	7.2	28	9
1986-05-11	0.01	6.9	29	10
1986-05-12	0	7	28	9
1986-05-13	0	8.4	30	8.5
1986-05-14	0	4.8	28	10
1986-05-15	2.3	8.9	30	10
1986-05-16	0	6.3	30	9.5
1986-05-17	1	6.9	29	12
1986-05-18	1.8	6.5	26	11
1986-05-19	0.01	3.6	24	10
1986-05-20	1.3	3.4	24	8
1986-05-21	0	5.9	25	10
1986-05-22	0	4.9	26	9
1986-05-23	4	5.9	27	7
1986-05-24	0	3.9	26	6
1986-05-25	6.5	6.8	27	8
1986-05-26	15	4.1	18	11
1986-05-27	0	6.7	23	10.5
1986-05-28	1.3	3.8	24	11
1986-05-29	0	6.5	24	10
1986-05-30	0	4.7	25	11
1986-05-31	0	4.8	25	11
1986-06-01	15.5	7.5	27	10
1986-06-02	3.2	3.8	25	11
1986-06-03	13	1.8	27	12
1986-06-04	4	6.9	23	12
1986-06-05	9	0.7	25	11
1986-06-06	6	2.9	24	12
1986-06-07	27.5	8.6	26	11.5
1986-06-08	1.2	4.6	26	11
1986-06-09	12.8	2.9	24	12
1986-06-10	8.5	5.3	22	12
1986-06-11	7.2	1.8	22	10
1986-06-12	5	5.6	22.5	11
1986-06-13	0	3.3	23	11
1986-06-14	1	4.8	24	10
1986-06-15	0	4.9	24	12
1986-06-16	0	5.6	23	12
1986-06-17	0	3.9	24	10
1986-06-18	7.3	9.9	24	9
1986-06-19	10.5	1.9	23	10
1986-06-20	9.5	6	23.5	10
1986-06-21	0	3.9	23	12
1986-06-22	0.01	4.1	24	11
1986-06-23	0	4.8	23	12
1986-06-24	8.5	1.9	23.5	11
1986-06-25	0	4.9	23	10
1986-06-26	3	1.7	22	12
1986-06-27	0	6.8	22.5	10
1986-06-28	0	2.9	24	10
1986-06-29	0	3.5	23	11
1986-06-30	2.6	4.3	24	10
1986-07-01	0.01	3.9	24.5	12
1986-07-02	0	1.9	27	9
1986-07-03	0.01	5.6	24.5	9
1986-07-04	0	7.1	25	9
1986-07-05	3.5	7.5	23	9.5
1986-07-06	0	4.2	23	11
1986-07-07	0	3	19	10.5
1986-07-08	4.2	2.5	22	9
1986-07-09	25.5	7.5	22	10.5
1986-07-10	1.3	1.6	27	11
1986-07-11	2.5	2.5	23	11
1986-07-12	0	3.1	22	11
1986-07-13	0.01	2.8	23	10
1986-07-14	0	6	23	7
1986-07-15	0.01	4	21	5.5
1986-07-16	0	4	20.5	6
1986-07-17	0	5.7	21	5.5
1986-07-18	0	4.6	22.5	7
1986-07-19	0	5.9	22	8
1986-07-20	8.5	5.5	20	7
1986-07-21	23.5	6.4	23	6
1986-07-22	0	5.6	22	7
1986-07-23	0	5.8	23	6
1986-07-24	0	3.9	22.5	8
1986-07-25	1	5.7	23	7
1986-07-26	2.5	7.4	24	9
1986-07-27	0	4.7	25	8
1986-07-28	26	6.9	24	6
1986-07-29	0	4.8	24	11
1986-07-30	0	4.9	24	10
1986-07-31	0.01	4.7	19	8
1986-08-01	0	5.9	22	8
1986-08-02	0	6.9	21	9
1986-08-03	0	8	20	8
1986-08-04	0	5.4	24	4
1986-08-05	0	4.8	24	9
1986-08-06	0	3.8	25	8
1986-08-07	7.5	6.2	23	8
1986-08-08	1	5.3	24	10
1986-08-09	5	2.8	23	12
1986-08-10	8.5	1.6	20	9
1986-08-11	8	5.2	22.5	11
1986-08-12	0	4.7	23	7
1986-08-13	0.01	4.3	24	6
1986-08-14	3.8	3.4	22	7
1986-08-15	0	4.9	24	10
1986-08-16	0	4.7	23	10
1986-08-17	7.5	2.3	25	7
1986-08-18	0	4.1	23	8
1986-08-19	0	4.1	24	5
1986-08-20	0	9.3	24	5
1986-08-21	0	4.8	24	4
1986-08-22	0	4.9	23	7
1986-08-23	11.2	3	25	6
1986-08-24	0	5.6	24	8
1986-08-25	0	4.9	24	7
1986-08-26	0	5	26	6
1986-08-27	2	5.9	26	5
1986-08-28	21.8	4.2	25	7
1986-08-29	0	3.9	22	8
1986-08-30	0	3.9	23	9
1986-08-31	0	2.9	22	8
1986-09-01	5	0.9	24	5
1986-09-02	0	4.2	22	7
1986-09-03	0	4.9	23	9
1986-09-04	2.8	0.5	23	13
1986-09-05	0	4	22	9
1986-09-06	0	4.9	24	8
1986-09-07	10.5	7	26	10
1986-09-08	1	1.7	23	9
1986-09-09	7.8	3.7	25	9
1986-09-10	0	3.8	25	9
1986-09-11	0	4.4	25.5	8
1986-09-12	0	5.9	22	7.5
1986-09-13	0	4.8	23	8
1986-09-14	2.5	0.5	23	8
1986-09-15	0	5.2	21	9
1986-09-16	0	4.9	25	6
1986-09-17	0	4.9	24	3
1986-09-18	0	5.9	21	7
1986-09-19	10.5	1.6	23	8
1986-09-20	11	4.9	25	5
1986-09-21	0	5.7	24	10.5
1986-09-22	0	4.9	23	8
1986-09-23	6.2	5.6	26	7
1986-09-24	4.8	3.3	25	4
1986-09-25	11.5	4.3	26	7
1986-09-26	0	3.9	25	9
1986-09-27	0	5.9	24	8
1986-09-28	0	5.4	25	8
1986-09-29	0	4.8	24	9
1986-09-30	6.5	3.2	26	9
1986-10-01	4	5.9	25	11
1986-10-02	0.01	2.9	26	9
1986-10-03	0	5.9	25	9
1986-10-04	0	4.9	23	10
1986-10-05	0	5	24	9
1986-10-06	0.01	4	23	11
1986-10-07	0	4.7	24	11
1986-10-08	0	2.5	25	9
1986-10-09	0	4	23	10
1986-10-10	19	4.1	26	9
1986-10-11	0	3.9	25	9
1986-10-12	0	4.7	24	10
1986-10-13	0	4.9	26	8
1986-10-14	0	3.9	26	8
1986-10-15	0	3.9	24	8
1986-10-16	0	4.9	26	6
1986-10-17	0	4.9	25	5
1986-10-18	0	4.7	24	8
1986-10-19	0	5.3	26	8
1986-10-20	0	3.9	25	6
1986-10-21	11.5	8.2	25	4
1986-10-22	0	5.9	24	9
1986-10-23	0	5.6	26	8
1986-10-24	4.5	3.1	27	7
1986-10-25	0	5.9	24	8
1986-10-26	0	4.5	23	8
1986-10-27	0	2.7	24	3
1986-10-28	0	2.8	23	5
1986-10-29	0	4.9	22	2
1986-10-30	0	4.8	22	2
1986-10-31	0	2.4	24	0
1986-11-01	0	4.8	25	3
1986-11-02	0	4	24	4
1986-11-03	6	4.4	24	3
1986-11-04	0	4.8	23	7
1986-11-05	3.5	9	25	6
1986-11-06	1	5.6	25	8
1986-11-07	0	4	24	12
1986-11-08	0	4.8	24	8
1986-11-09	0	6.7	25	7
1986-11-10	0	4.8	23	2
1986-11-11	0	5.6	24	6
1986-11-12	2	5.9	22	7
1986-11-13	0	1.5	22	5
1986-11-14	0	3.9	22.5	6
1986-11-15	0	5.7	23	5
1986-11-16	0	3.6	24	5
1986-11-17	0	4.9	23	4
1986-11-18	0	3.9	22	3
1986-11-19	0	5.8	24	4
1986-11-20	0	3.8	26	3
1986-11-21	0	3.9	24	1
1986-11-22	0	2.8	23	3
1986-11-23	0	3.9	25	4
1986-11-24	0.01	3.4	22	2
1986-11-25	0	5.3	24	6
1986-11-26	0	3.8	23	5
1986-11-27	1	1.6	12	6
1986-11-28	0	2.6	17	4
1986-11-29	0	3.9	16	3
1986-11-30	0	4.2	24	-1
1986-12-01	0	3.9	24	1
1986-12-02	0	1.4	21	5
1986-12-03	0	4	24	9
1986-12-04	0	2.9	21	4
1986-12-05	0	3.7	24	4
1986-12-06	0	2.8	23	2.5
1986-12-07	0	3.9	24	2
1986-12-08	0	3.4	24	3
1986-12-09	0	2.9	22	3
1986-12-10	0	3.6	21	4
1986-12-11	0	2.9	20	5
1986-12-12	0	2.8	21	2
1986-12-13	0	4.1	23	4
1986-12-14	0	2.8	24	1
1986-12-15	0	3.9	24	2
1986-12-16	0	3.6	25	0
1986-12-17	0	3.5	24	1
1986-12-18	0	3.8	24	1
1986-12-19	0	3.9	23	2
1986-12-20	0	3.7	22	0
1986-12-21	0	2.9	23	1
1986-12-22	0	2.8	22	2
1986-12-23	0	4.7	21	1
1986-12-24	0	2.8	22	2
1986-12-25	0	5.1	24	-2
1986-12-26	0	3.9	23	-1
1986-12-27	0	3.7	22	2
1986-12-28	0	3.7	23	1
1986-12-29	0	4.6	23	0
1986-12-30	0	3.9	21	1
1986-12-31	0	6.5	22	-2
1987-01-01	0	3.8	21	1
1987-01-02	0	4.8	22	-2
1987-01-03	0	4.9	21	1
1987-01-04	0	3.9	22	2
1987-01-05	0	4	22	-3
1987-01-06	0	4.7	23	-2
1987-01-07	0	3.2	24	2
1987-01-08	0	4	23	-1
1987-01-09	0	4.9	22	3
1987-01-10	0	3.1	23	3
1987-01-11	0	2.7	22	1
1987-01-12	0	2.9	22	-2
1987-01-13	0	2.9	23	2
1987-01-14	0	3.9	21	0
1987-01-15	0	2.6	23	1
1987-01-16	0	3.8	23	2
1987-01-17	0	4.8	24	3
1987-01-18	0	3.9	26	2
1987-01-19	0	4.8	24	1
1987-01-20	0	4.9	23	2
1987-01-21	0	3.6	21	2
1987-01-22	0	7.8	22	1
1987-01-23	0	5.9	22	-4
1987-01-24	0	3.9	23	2
1987-01-25	0	3.9	22	1
1987-01-26	0	4.9	24	3
1987-01-27	0	4.9	21	-5
1987-01-28	0	4	22	-4
1987-01-29	0	4.7	24	3
1987-01-30	0	4.9	22	4
1987-01-31	0	3.8	22	2
1987-02-01	0	4.9	23	4
1987-02-02	0	4.9	22	3
1987-02-03	0	3.9	22.5	2
1987-02-04	0	4.9	24	-2
1987-02-05	0	5.7	21	3
1987-02-06	0	3.9	22	3
1987-02-07	0	4.8	21	4
1987-02-08	0	3.6	24	-2
1987-02-09	0	6.2	21	-4
1987-02-10	0	4.9	23	-3.5
1987-02-11	0	3.7	22	4
1987-02-12	0	5.9	24	3
1987-02-13	0	4.9	24	6
1987-02-14	0	4.8	23	4
1987-02-15	0	5	26	6
1987-02-16	0	3.9	23	3
1987-02-17	0	4.9	25	5
1987-02-18	0	3.9	24	7
1987-02-19	0	3.9	22.5	8
1987-02-20	0	5.8	23	9
1987-02-21	0	5.9	24	9
1987-02-22	0	3.9	25	8
1987-02-23	0	4.6	24	8
1987-02-24	0	5	23	4
1987-02-25	0	5.4	24	6
1987-02-26	0	3.9	25	4
1987-02-27	0	4.1	26	6
1987-02-28	0	4	24	7
1987-03-01	0	5.8	22	6
1987-03-02	0	4.8	24	9
1987-03-03	0	5.8	23	7
1987-03-04	0	5.8	12	6
1987-03-05	2	6.6	18	0
1987-03-06	0	4.4	18	-6
1987-03-07	0	4.6	21	-2.5
1987-03-08	0	5.9	24	6
1987-03-09	0	4.8	26	8
1987-03-10	0	6.8	24	5
1987-03-11	0	5.8	27	6
1987-03-12	0	6.6	24	8
1987-03-13	0	4.9	23	0
1987-03-14	0	5.8	25	6
1987-03-15	0	4.9	24	8
1987-03-16	0	6.7	24	7
1987-03-17	0	4.9	26	6
1987-03-18	0	3.9	25	5
1987-03-19	0	5.7	26	7
1987-03-20	0	5.9	24	5
1987-03-21	0	5.9	24	6
1987-03-22	0	5.8	25	5
1987-03-23	0	6.9	26	4
1987-03-24	0	5.9	25	7
1987-03-25	0	5	24	5
1987-03-26	0	5.8	27	6
1987-03-27	0	3.2	21	4
1987-03-28	0	1.9	19	6.5
1987-03-29	0	3.9	22	6
1987-03-30	0	4.9	21	4
1987-03-31	0	6	22	2
1987-04-01	0	5.6	22	0
1987-04-02	0	6	21	6
1987-04-03	0	6.9	23	5
1987-04-04	0	5.9	24	4
1987-04-05	0	6.7	25	3
1987-04-06	0	9.6	27	4
1987-04-07	0	5.6	26	3
1987-04-08	0	5.9	25	4
1987-04-09	0	4.7	24	4
1987-04-10	0	5.8	26	6
1987-04-11	0	6.8	25	5
1987-04-12	0	6.3	27	7
1987-04-13	0	4.8	26	6
1987-04-14	0	6.9	25	6.5
1987-04-15	0	6.9	26	7
1987-04-16	0	6.8	26	6
1987-04-17	0	5.9	25	6
1987-04-18	0	6.8	26	5
1987-04-19	0	6.8	29	6
1987-04-20	10.5	4.2	29	7
1987-04-21	2	1.3	21	9
1987-04-22	0	3.9	23	10
1987-04-23	0	3.7	25	9
1987-04-24	0	4.8	26	7
1987-04-25	0	5	25	8
1987-04-26	0	6.9	25	6
1987-04-27	0	5.9	24	7
1987-04-28	2	6.9	26	6
1987-04-29	0	5	24	7
1987-04-30	0	7.4	26	7
1987-05-01	0	5.9	27	7
1987-05-02	0	4.7	26	6
1987-05-03	0	5.9	27	6.5
1987-05-04	0	4.9	29	6
1987-05-05	0	6	26	7
1987-05-06	0	5.7	25	6
1987-05-07	0	5.7	24	7.5
1987-05-08	0	6	25	6
1987-05-09	0	4.9	24	7
1987-05-10	6.5	4.5	24	8
1987-05-11	1.5	5.7	26	7
1987-05-12	0.01	5	27	7
1987-05-13	0	2.3	27	6
1987-05-14	0	5	26	6
1987-05-15	0	4.9	25	7
1987-05-16	0	4.8	26	8
1987-05-17	0	4.9	27	6
1987-05-18	0	5.8	26.5	7
1987-05-19	0	4.8	25	7.5
1987-05-20	0	6.9	25	8
1987-05-21	0	6.6	26	8
1987-05-22	0	5.9	24	7
1987-05-23	0	6.9	25	6
1987-05-24	0	6.3	26	7
1987-05-25	0	5.9	25	5
1987-05-26	0	5.9	27	6
1987-05-27	0	4.9	27	7
1987-05-28	0.01	5.9	29	9
1987-05-29	7	8.8	28	10
1987-05-30	0	7.8	26	9.5
1987-05-31	1	4.8	26	9
1987-06-01	6.2	3.7	26	9
1987-06-02	0	5.3	25	8
1987-06-03	0	5.9	25	9
1987-06-04	0	5.4	26	8
1987-06-05	41	5.8	20	9
1987-06-06	4.5	0.7	16	11
1987-06-07	0	1	22	10
1987-06-08	0	6.9	22	10.5
1987-06-09	0	6.7	24	9
1987-06-10	17	4.4	25	10
1987-06-11	7.5	5.5	25	12
1987-06-12	4.5	7.5	24	12
1987-06-13	0	6.6	25	14
1987-06-14	0	4	29	11
1987-06-15	15	1.5	25	11
1987-06-16	1	2.7	21	12
1987-06-17	5	3.5	24	10
1987-06-18	0	6	25	9
1987-06-19	0	5.8	23	9
1987-06-20	0	5.9	24	10
1987-06-21	0	5.2	27	8
1987-06-22	0	6.9	25	9
1987-06-23	0	8.8	26	10
1987-06-24	1.8	7.8	23	9
1987-06-25	3	1	24	10
1987-06-26	0	5.9	25	13
1987-06-27	0	5.8	24	11
1987-06-28	0	5.8	24	9
1987-06-29	0	6.8	24.5	9
1987-06-30	0	7.2	27	8
1987-07-01	0	6	24	11
1987-07-02	0	7.7	25	10
1987-07-03	12	7.3	25	12
1987-07-04	8	3	23	11
1987-07-05	25	6.7	22	12
1987-07-06	1	2	23	12
1987-07-07	5	3.3	25	13
1987-07-08	0	4.7	22	12
1987-07-09	0	4.9	21	10
1987-07-10	0	5.7	23	8
1987-07-11	0	5.9	24	11
1987-07-12	0	5.5	25	10
1987-07-13	4	4.3	24	9
1987-07-14	1	3.5	22	10
1987-07-15	9.5	1.8	23	11
1987-07-16	0	6.8	24	10
1987-07-17	0	8.6	24	11
1987-07-18	0	6.9	23	10
1987-07-19	0	6.5	25	9
1987-07-20	0	6.4	25	10
1987-07-21	0	7.6	23	11
1987-07-22	0	4.9	21	8
1987-07-23	0	2.4	22	10
1987-07-24	7.5	6.9	22	12
1987-07-25	5	1.9	22	11
1987-07-26	16	1.6	21	11
1987-07-27	0	2.6	22	12
1987-07-28	30	0.9	17	12
1987-07-29	2	3.8	21	11
1987-07-30	0	3	22	11
1987-07-31	7	3.2	23	10
1987-08-01	7	3.7	23	10
1987-08-02	0	3.9	23	11
1987-08-03	0	2.6	24	9
1987-08-04	13	6.6	24	10
1987-08-05	0	3.2	23	7
1987-08-06	10	3.9	22	8
1987-08-07	4.5	6.3	24	9
1987-08-08	0	3.9	23	9
1987-08-09	0	4.9	24	8
1987-08-10	3	4	25	10
1987-08-11	0	5	23	9
1987-08-12	0	5.6	24	10
1987-08-13	0	5.8	25	11
1987-08-14	0	5.9	24	10
1987-08-15	0	4.9	24	11
1987-08-16	0	5.9	24	10
1987-08-17	0	6.4	23	8
1987-08-18	0	3.9	24	9
1987-08-19	0	4.8	22	10
1987-08-20	0	5.8	25	8
1987-08-21	0	5.3	25	7
1987-08-22	10	11.8	24	9
1987-08-23	0	4.9	23	8
1987-08-24	0	4.8	24	8
1987-08-25	0	4.8	24	9
1987-08-26	0	5.9	24.5	8
1987-08-27	0	4.9	26	10
1987-08-28	0	6.8	24	11
1987-08-29	0	4.9	25	10
1987-08-30	0	3.8	24	11
1987-08-31	0	5.9	23	10
1987-10-01	0	5.9	26	6
1987-10-02	0	4.8	25	7
1987-10-03	0	4.8	24	6
1987-10-04	0	5.8	23	8
1987-10-05	0	5.8	26	6
1987-10-06	0	4.9	25	5
1987-10-07	0	5.8	22	8
1987-10-08	0	4.8	26	7
1987-10-09	0	4.9	24	8
1987-10-10	0	5.8	27	8
1987-10-11	0	4.8	26	7
1987-10-12	0	5.9	24	6
1987-10-13	0	5.9	22	-0.5
1987-10-14	0	5.9	23	4
1987-10-15	0	4.9	26	5
1987-10-16	0	4.8	27	1
1987-10-17	0	4.8	27	-0.5
1987-10-18	0	5.9	25	-0.5
1987-10-19	0	5	26	1
1987-10-20	0	6.6	26	4
1987-10-21	0	5.8	22	7.5
1987-10-22	0	5.5	25	9
1987-10-23	0	5.5	24	4
1987-10-24	0	5.8	25	3
1987-10-25	0	5.9	26	6
1987-10-26	0	5.3	26	2
1987-10-27	0	2	23	1
1987-10-28	0	3.8	19	5
1987-10-29	0	3.4	23	-0.5
1987-10-30	0	5.8	22.5	-0.5
1987-10-31	0	4.9	22	1
1987-11-01	0	4	23	-0.5
1987-11-02	0	4.5	24	-0.5
1987-11-03	0	6.1	24	-0.5
1987-11-04	0	3.9	24	-0.5
1987-11-05	0	4.9	22	-0.5
1987-11-06	0	3.9	21	-0.5
1987-11-07	0	5.8	23	-0.5
1987-11-08	0	0.8	24	1
1987-11-09	0	1.7	22	2
1987-11-10	5	1.5	24	-1
1987-11-11	4.5	2.6	18	4
1987-11-12	0	2.1	22	5
1987-11-13	0	4.8	21	4
1987-11-14	0	4.9	22	3
1987-11-15	0	3.9	24	1
1987-11-16	0	3.9	24	2
1987-11-17	0	6.2	25	3
1987-11-18	0	4.9	26	4
1987-11-19	0	3.8	24	3
1987-11-20	0	4.9	25	4
1987-11-21	0	3.9	24	5
1987-11-22	0	3.6	23	4
1987-11-23	0	3.9	22	3
1987-11-24	0	3.9	24	4
1987-11-25	0	3.1	23	2
1987-11-26	0	4.8	25	2.5
1987-11-27	0	4	24	1
1987-11-28	0	4.8	23	3
1987-11-29	0	4.3	22	4
1987-11-30	0	3.8	23	5
1987-12-01	0	5.4	23	6
1987-12-02	0	5	22	4
1987-12-03	0	4.4	25	2
1987-12-04	0	5.7	23	-0.5
1987-12-05	0	4.9	22	2
1987-12-06	0	3.9	24	1
1987-12-07	0	3.9	23	3
1987-12-08	0	3.5	24	-0.5
1987-12-09	0	5.2	23	-0.5
1987-12-10	0	3.8	23	-2
1987-12-11	0	3.9	24	-0.5
1987-12-12	0	4.9	23	1
1987-12-13	0	3.7	22	2
1987-12-14	0	5.8	21	1
1987-12-15	0	4.9	23	2
1987-12-16	0	5.9	24	3
1987-12-17	0	4.8	25	2
1987-12-18	0	5.6	23	4
1987-12-19	0	3.6	22	5
1987-12-20	0	5.9	21	4
1987-12-21	0	4.9	23	5
1987-12-22	0	4.8	24	3
1987-12-23	0	5.4	22.5	2
1987-12-24	0	5	23	1
1987-12-25	0	5.9	22	1
1987-12-26	0	5	21	4
1987-12-27	0	5	22	5
1987-12-28	0	3.9	23	1
1987-12-29	0	4.8	24	2
1987-12-30	0	5	22	3
1987-12-31	0	4.9	23	1
1988-01-01	0	3.9	23	-1
1988-01-02	0	3	24	1
1988-01-03	0	2.8	23	-2
1988-01-04	0	4.8	22	-3
1988-01-05	0	7.4	23	-2
1988-01-06	0	4.9	22	-3
1988-01-07	0	5.8	22.5	-2
1988-01-08	0	3.9	21	-1
1988-01-09	0	3.9	22	1
1988-01-10	0	5.3	23	3.5
1988-01-11	0	1.9	25	3
1988-01-12	0	3.9	23	1
1988-01-13	0	4.9	24	3
1988-01-14	0	3.9	21	2
1988-01-15	0	4.6	22	1
1988-01-16	0	6.9	23	3
1988-01-17	0	4.9	24	2
1988-01-18	0	5.4	25	3
1988-01-19	0	3.9	22	-1
1988-01-20	0	2.9	21	-1
1988-01-21	0	5.8	23	-2
1988-01-22	0	2.9	22	-4
1988-01-23	0	2.9	21	-3
1988-01-24	0	3.9	23	-4
1988-01-25	0	2.8	22	-3
1988-01-26	0	3.9	21	-2
1988-01-27	0	4.9	21.5	-1
1988-01-28	0	5.1	23	-2
1988-01-29	0	4.7	24	3
1988-01-30	0	5.6	21	2
1988-01-31	0	5.2	25	1
1988-02-01	0	5	22	-4
1988-02-02	0	4.9	21	3
1988-02-03	0	5.9	24	2
1988-02-04	0	3.8	25	4
1988-02-05	0	4.9	26	5
1988-02-06	0	3.8	26	4
1988-02-07	0	4.5	26	3
1988-02-08	0	5.3	24	1
1988-02-09	0	4.6	23	2
1988-02-10	0	2.9	22	3
1988-02-11	0	3.6	24	4.5
1988-02-12	0	5.9	23	4
1988-02-13	0	5.8	22	6
1988-02-14	0	5.6	23	5
1988-02-15	0	4.8	25	6
1988-02-16	0	5.9	25	7
1988-02-17	0	4.7	25	8
1988-02-18	0	5.3	24	6
1988-02-19	0	5.8	25	5
1988-02-20	0	4.9	24	4
1988-02-21	0	6.7	26	2
1988-02-22	0	4.6	25.5	1
1988-02-23	0	4.8	24	2
1988-02-24	0	2.8	24.5	0
1988-02-25	0	4.5	24	5
1988-02-26	0	5.9	25	7
1988-02-27	0	4.9	26	6
1988-02-28	0	4.9	25	8
1988-02-29	0	5.9	25	9
1988-03-01	0	7.7	25.5	6
1988-03-02	0	5.2	24	6
1988-03-03	0	4.9	24	7
1988-03-04	26	2.6	23	6
1988-03-05	0	3.4	22	5
1988-03-06	0	3.8	23	5
1988-03-07	0	5.2	24	6
1988-03-08	0	5.9	23	4
1988-03-09	0	6.3	23	5
1988-03-10	0	5.7	22	4
1988-03-11	0	6.8	23	3
1988-03-12	0	5.2	24	2
1988-03-13	0	4.9	25	5
1988-03-14	0	5	26	7
1988-03-15	0	1.3	23	8
1988-03-16	0	5.8	24	6
1988-03-17	0	6.3	23	5
1988-03-18	0	5.9	24	4
1988-03-19	0	4.9	23	2
1988-03-20	0	4.8	24	6
1988-03-21	0	6.1	25	8
1988-03-22	0	4.8	24	7
1988-03-23	0	6	25	9
1988-03-24	0	5.7	24	10
1988-03-25	0	5.9	26	10.5
1988-03-26	0	4.9	23	11
1988-03-27	0	5.8	25	10
1988-03-28	0	4.9	25	10
1988-03-29	0	5.9	23	11
1988-03-30	0	5.9	24	9
1988-03-31	0	5.9	25	11
1988-04-01	0	5.5	26	10
1988-04-02	0	5	25	8
1988-04-03	0	6.8	24	10
1988-04-04	0	6.7	26	11
1988-04-05	0	6.9	25	12
1988-04-06	0	6.8	26	8
1988-04-07	2.5	8.3	27	9
1988-04-08	3	0.9	22	7
1988-04-09	0	5.9	22.5	9
1988-04-10	0.01	2.6	23	7
1988-04-11	0	6	24	8
1988-04-12	0	6.2	26	9
1988-04-13	0	7.3	25	8
1988-04-14	0	5.9	24	7
1988-04-15	0	5.8	25	9
1988-04-16	0	6.8	24	9.5
1988-04-17	0	6.5	25	8
1988-04-18	0	8.9	26	7
1988-04-19	0	7.9	27	9
1988-04-20	0	7.1	25	10
1988-04-21	0	6.9	27	11
1988-04-22	0	7.8	26	7
1988-04-23	0	5.9	25	7
1988-04-24	0	6.9	26	9
1988-04-25	0	5.9	24	8
1988-04-26	0	6.9	23	7
1988-04-27	0	6.9	24	6
1988-04-28	0	7.3	25	7
1988-04-29	0	5.9	26	8
1988-04-30	0	5.8	25	6
1988-05-01	0	6.5	26	8
1988-05-02	0	5.9	25	9
1988-05-03	0	6.8	26	7
1988-05-04	0	7.8	26.5	8
1988-05-05	0	6.9	25	9
1988-05-06	0	6.9	24	8
1988-05-07	0	7.6	26	9
1988-05-08	0	5.8	24	8
1988-05-09	0	4.6	23	7
1988-05-10	0	6.7	26	8
1988-05-11	0	4.9	25.5	6
1988-05-12	0.01	6.8	26	8
1988-05-13	0.01	6	27	7
1988-05-14	0	7.1	26	7
1988-05-15	0	7.8	25.5	8
1988-05-16	0	5.9	27	7
1988-05-17	0	7.8	27	9
1988-05-18	0	6.9	27	7
1988-05-19	0	5.8	29	6
1988-05-20	0	7.3	28	7
1988-05-21	0	7.3	24	6.5
1988-05-22	0	3.2	28	7
1988-05-23	0	7.1	25	8
1988-05-24	0	7.4	28	8.5
1988-05-25	0	7.9	29	9
1988-05-26	30	5.4	27	9
1988-05-27	7.5	5.9	25	10
1988-05-28	0	5.8	26	8
1988-05-29	0	5.9	25	7
1988-05-30	0	4.9	24	8
1988-05-31	0	6.1	27	6
1988-06-01	0	6.6	27	8
1988-06-02	0	6.8	25	7.5
1988-06-03	0	5.9	26	9
1988-06-04	1.5	8.4	27	8
1988-06-05	18	12	25	9.5
1988-06-06	3.5	1.9	26	11
1988-06-07	0	6.8	25	12
1988-06-08	0	6.8	24	11
1988-06-09	0	5.8	23	9
1988-06-10	0	5.3	26	7
1988-06-11	0	4.9	25	6
1988-06-12	0	4.9	27	5
1988-06-13	0	6.8	24	7.5
1988-06-14	0	5.9	25	6
1988-06-15	0	5.7	25	7
1988-06-16	0	4.9	23	6
1988-06-17	4	4.9	25	5
1988-06-18	28.5	9.2	24	7
1988-06-19	0	5.3	24	8
1988-06-20	0	4.8	23	11
1988-06-21	0	5.9	23	10
1988-06-22	0.01	4.8	22	10
1988-06-23	0	5	23	11
1988-06-24	0.01	3.8	25	10
1988-06-25	13.5	NULO	24	11.5
1988-06-26	10	3	25	11
1988-06-27	0	4.6	24	12
1988-06-28	0	5.8	24	11
1988-06-29	22	7.6	25	10
1988-06-30	3	4.2	24	17
1988-07-01	0	3.9	26	12
1988-07-02	0	4.9	25	11
1988-07-03	3.5	2.6	24	10
1988-07-04	0	5.1	24	10
1988-07-05	2	5.9	23	11
1988-07-06	0	3	23	9
1988-07-07	3	3.9	24	10
1988-07-08	0	3.8	24	9
1988-07-09	0	3.9	24	10
1988-07-10	0	3.9	23	11
1988-07-11	16.5	0.8	22	10
1988-07-12	0	5.9	25	8
1988-07-13	7	8.8	24	9
1988-07-14	0.01	3.4	25	8
1988-07-15	6.5	NULO	21	9
1988-07-16	0	3.3	24	10
1988-07-17	0	3.9	23	10
1988-07-18	0	3.9	24	8
1988-07-19	9.5	0.6	23	9
1988-07-20	10	1.3	21	11
1988-07-21	0	3.9	23	10
1988-07-22	3	6.9	24	8
1988-07-23	2	4.9	24	9
1988-07-24	0	4.4	23	9
1988-07-25	0	4.4	24	11
1988-07-26	21	4.4	22	11
1988-07-27	0	4.8	21	10
1988-07-28	6	10	24	11
1988-07-29	0.01	3.9	23	10
1988-07-30	0	4.5	22	10
1988-07-31	0	5.2	21	9
1988-08-01	0	3.8	25	10
1988-08-02	20	14.1	25	8
1988-08-03	2	4.2	25	11
1988-08-04	0	3.7	23	8
1988-08-05	0	4.9	24	9
1988-08-06	0	3.9	22	10
1988-08-07	0	5.6	24	8
1988-08-08	6.5	6.9	25	9
1988-08-09	0	3.9	24	11
1988-08-10	7.5	4.6	25	10
1988-08-11	0	4.6	24	10
1988-08-12	0	4.8	25	11
1988-08-13	0	5.8	24	10
1988-08-14	0	5.3	23	9
1988-08-15	0	3.9	24.5	9
1988-08-16	20	1.3	25	8
1988-08-17	0	4.9	24	8
1988-08-18	0	4.9	25	11
1988-08-19	0	1.9	24	11
1988-08-20	5	10	25	9
1988-08-21	0	4.9	24	9
1988-08-22	0	5.5	24	11
1988-08-23	0	3.9	26	10
1988-08-24	7	12.8	25	7
1988-08-25	0	5.9	24	6
1988-08-26	0	3.9	25	7
1988-08-27	0	5.3	24.5	8
1988-08-28	0	3.7	23	6
1988-08-29	0	5.3	24	7
1988-08-30	16	4.3	23	6
1988-08-31	0	4	24	11
1988-09-01	8	11.7	24	10
1988-09-02	35	1.9	23	10
1988-09-03	8	1.9	22	11
1988-09-04	18	5.6	24	11
1988-09-05	9	6.4	24.5	10
1988-09-06	0	5.2	22	11
1988-09-07	0	3.9	21	7
1988-09-08	0	3.7	23	4
1988-09-09	0	3.5	22	6
1988-09-10	0	4.9	22	0
1988-09-11	0	7.3	23	6
1988-09-12	0	3.8	21	4
1988-09-13	0	4	24	6
1988-09-14	0	4.8	23	7
1988-09-15	0	3.8	25	8
1988-09-16	0	3.9	25	7
1988-09-17	0	4.9	24	8
1988-09-18	0	5.9	23	7.5
1988-09-19	0	5.9	22	6
1988-09-20	0	3.9	24	7
1988-09-21	0	4.9	24	8
1988-09-22	3.5	2.4	23	7
1988-09-23	0	3.9	24	6
1988-09-24	0	2.9	25	7
1988-09-25	0	3.7	24	6.5
1988-09-26	0	4.8	23	8
1988-09-27	0	5.8	24	7
1988-09-28	0	3.9	23	6
1988-09-29	0	3.7	24	7
1988-09-30	0	5.8	27	7.5
1988-10-01	0	4.8	24	12
1988-10-02	0	5.7	26	7
1988-10-03	0	5.6	21	6
1988-10-04	0	3.9	22.5	4
1988-10-05	0	4.9	23	6
1988-10-06	0	2.9	21	5
1988-10-07	0	4.7	21	4
1988-10-08	0	3.8	22	2
1988-10-09	0.01	5.1	24	4
1988-10-10	0	4.1	23	6
1988-10-11	0	3.8	24	5
1988-10-12	0	4.9	24.5	7
1988-10-13	0	4.8	23	4
1988-10-14	0	4.8	24	6
1988-10-15	0	5.8	24	7
1988-10-16	0	3.8	22	7.5
1988-10-17	0	4.8	23	5
1988-10-18	0	2.9	24	6
1988-10-19	0	4.9	24	4
1988-10-20	0	3.9	23	5
1988-10-21	0	4.9	24	6
1988-10-22	0	4.9	23	4
1988-10-23	0	4.8	23.5	6
1988-10-24	0	3.9	26	7
1988-10-25	0	4.9	24	6
1988-10-26	0	5.8	25	7
1988-10-27	0	3.9	24	5
1988-10-28	0	6.9	23	8
1988-10-29	0	4.9	23.5	7
1988-10-30	0	3.8	24	6
1988-10-31	0	4.9	23	5
1988-11-01	0	4.9	22	6
1988-11-02	0	3.9	21	-3
1988-11-03	0	6.3	22	4
1988-11-04	0	5.2	23	4
1988-11-05	0	3.9	24	6
1988-11-06	0	6.1	25	5
1988-11-07	0	6.9	23.5	4
1988-11-08	0	5.1	23	2
1988-11-09	0	3.8	25	-1
1988-11-10	0	3.7	24	4
1988-11-11	0	4	22.5	3
1988-11-12	0	4.8	24	5
1988-11-13	0	4.9	23	7
1988-11-14	0	4.9	21	8
1988-11-15	0	5.9	24	7.5
1988-11-16	0	4.9	22	6
1988-11-17	0	4.8	23	6
1988-11-18	0	6.8	23	7
1988-11-19	0	5.8	25	5
1988-11-20	0	3.9	24	6
1988-11-21	0	4.9	23.5	7
1988-11-22	0	4.9	24	6
1988-11-23	0	4.8	21	6
1988-11-24	0	4.9	22	4
1988-11-25	0	4.9	24	3
1988-11-26	0	4.9	25	6
1988-11-27	0	5.9	24	7
1988-11-28	0	4.8	24	6
1988-11-29	0	4.9	23	0
1988-11-30	0	4.9	22	6
1988-12-01	0	4.3	21	2
1988-12-02	0	4.9	22	1
1988-12-03	0	5.4	23	1
1988-12-04	0	3.9	21	2
1988-12-05	0	3.9	22	3
1988-12-06	0	3.8	23	4
1988-12-07	0	4.8	24	6
1988-12-08	0	4.9	22	7
1988-12-09	0	6.5	23	5
1988-12-10	0	4.8	24	4
1988-12-11	0	4.8	23	-3
1988-12-12	0	5.3	22	-2
1988-12-13	0	3.8	21	-1
1988-12-14	0	3.9	23	-2
1988-12-15	0	4.9	21	3
1988-12-16	0	4.4	22	-2.5
1988-12-17	0	4.9	21	-3
1988-12-18	0	4.9	23	2
1988-12-19	0	4.8	22	3
1988-12-20	0	6	19	-2
1988-12-21	0	4.9	21	-1
1988-12-22	0	4.9	22	2
1988-12-23	0	6.9	18	4
1988-12-24	0	5.9	19	-4
1988-12-25	0	4.8	23	3
1988-12-26	0	3.9	22	1
1988-12-27	0	6.8	25	1
1988-12-28	0	4.9	25	-1
1988-12-29	0	4	24	-2
1988-12-30	0	3.8	23	2
1988-12-31	0	2.9	24	3
2002-11-18	0	NULO	24.5	6
2002-11-19	0	NULO	22	3
2002-11-20	0	NULO	20	2
2002-11-21	0	NULO	10	-1
2002-11-22	0	NULO	11	-5
2002-11-23	0	NULO	21	-6
2002-11-24	0	NULO	20	-2
2002-11-25	0	NULO	22	-2
2002-11-26	0	NULO	23	-3
2002-11-27	0	NULO	18	1
2002-11-28	0	NULO	19	1
2002-11-29	0	NULO	24	1
2002-11-30	0	NULO	24	1
2002-12-01	0	NULO	23	0
2002-12-02	0	NULO	21	0
2002-12-03	0	NULO	26	2
2002-12-04	0	NULO	24	4
2002-12-05	0	NULO	23	5
2002-12-06	0	NULO	20	4
2002-12-07	0	NULO	20	3
2002-12-08	0	NULO	14	5
2002-12-09	0	NULO	21	4
2002-12-10	0	NULO	22	2
2002-12-11	0	NULO	21	3
2002-12-12	0	NULO	21	4
2002-12-13	0	NULO	19	3
2002-12-14	0	NULO	18	3
2002-12-15	0	NULO	20	0
2002-12-16	0	NULO	20	0
2002-12-17	0	NULO	20	2
2002-12-18	0	NULO	23	0
2002-12-19	0	NULO	23	0
2002-12-20	0	NULO	19	0
2002-12-21	0	NULO	24	1
2002-12-22	0	NULO	28	0
2002-12-23	0	NULO	22	1
2002-12-24	0	NULO	21	4
2002-12-25	0	NULO	22	5
2002-12-26	0	NULO	22	6
2002-12-27	0	NULO	22	5
2002-12-28	0	NULO	20	4
2002-12-29	0	NULO	23	4
2002-12-30	0	NULO	21	6
2002-12-31	0	NULO	23	3
2003-01-01	0	3.72	24	3
2003-01-02	0	2.62	18	5
2003-01-03	0	5	20	1
2003-01-04	0	4.63	20	0
2003-01-05	0	4.16	20	4
2003-01-06	0	3.86	22	3
2003-01-07	0	2.72	13	4
2003-01-08	0	5.97	21	5
2003-01-09	0	2.39	22	3
2003-01-10	0	1.05	19	4
2003-01-11	0	4.06	23	6
2003-01-12	0	2.9	14	7
2003-01-13	0	0.92	12	8
2003-01-14	0	9.07	20	4
2003-01-15	0	9.07	20	4
2003-01-16	0	3.08	20	0
2003-01-17	0	3.63	18	2
2003-01-18	0	7.19	19	1
2003-01-19	0	2.11	21	0
2003-01-20	0	6.18	22	0
2003-01-21	0	4.75	23	0
2003-01-22	0	3.19	23	1
2003-01-23	0	3.53	19	2
2003-01-24	0	3.38	21	1
2003-01-25	0	4.65	20	1
2003-01-26	0	2.67	20	2
2003-01-27	0	4.18	18	3
2003-01-28	0	4.18	20	2
2003-01-29	0	4.1	21	2
2003-01-30	0.01	2.07	21	4
2003-01-31	0	3.86	22	3
2003-02-01	0	NULO	22	2
2003-02-02	0	NULO	25	4
2003-02-03	0	NULO	24	5
2003-02-04	0	NULO	25	6
2003-02-05	0	NULO	27	4
2003-02-06	0	NULO	21	5
2003-02-07	0	NULO	21	6
2003-02-08	0	NULO	21	2
2003-02-09	0	NULO	21	4
2003-02-10	0	NULO	21	5
2003-02-11	0	NULO	21	4
2003-02-12	0	NULO	23	4
2003-02-13	0	NULO	21	3
2003-02-14	0	NULO	20	5
2003-02-15	0	NULO	20	5
2003-02-16	0	NULO	24	5
2003-02-17	0	NULO	19	4
2003-02-18	0	NULO	25	4
2003-02-19	0	NULO	20	4
2003-02-20	0	NULO	19	6
2003-02-21	0	NULO	20	4
2003-02-22	0	NULO	22	0
2003-02-23	0	NULO	23	0
2003-02-24	0	NULO	21	1
2003-02-25	0	NULO	27	3
2003-02-26	0	NULO	28	6
2003-02-27	0	NULO	28	4
2003-02-28	0	NULO	28	5
2003-03-01	0	8.17	28	6
2003-03-02	0	9.14	28	4
2003-03-03	0	7.24	29	6
2003-03-04	0	8.19	29	6
2003-03-05	0	1.82	29	6
2003-03-06	0	11.74	28	7
2003-03-07	0	8.25	29	7
2003-03-08	0	8	30	7
2003-03-09	0	6.69	31	6
2003-03-10	0	4.1	29	5
2003-03-11	0	2.77	21	7
2003-03-12	0	4.13	21	7
2003-03-13	0	5.04	21	6
2003-03-14	0	3.31	18	9
2003-03-15	0	7.73	18	6
2003-03-16	0	10.72	25	2
2003-03-17	0	8.54	20	4
2003-03-18	0	8.1	20	4
2003-03-19	0	10.36	26	3
2003-03-20	0	6.1	27	4
2003-03-21	0	6.16	27	2
2003-03-22	0	10.67	25	2
2003-03-23	0	6.22	25	5
2003-03-24	0	8.56	26	5
2003-03-25	0	10.55	23	6
2003-03-26	0	6.56	24	4
2003-03-27	0	6.84	20	6
2003-03-28	0	7.97	21	5
2003-03-29	0	5.05	24	5
2003-03-30	0	1.67	17	4
2003-03-31	0	5.69	18	4
2003-04-01	0	5.69	19	5
2003-04-02	0	6.11	23	5
2003-04-03	0	5.78	20	8
2003-04-04	0	7.69	28	9
2003-04-05	0	7.17	29	6
2003-04-06	0	8.35	30	9
2003-04-07	0	7.76	30	9
2003-04-08	0.01	4.97	21	9
2003-04-09	0.01	3.4	22	10
2003-04-10	0	3.97	20	9
2003-04-11	0	6.03	23	10
2003-04-12	0	7.96	21	8
2003-04-13	0	7.52	29	9
2003-04-14	0	6.54	28	9
2003-04-15	0	8.65	29	8
2003-04-16	0	8.3	29	9
2003-04-17	0	9.91	30	9
2003-04-18	0	10.26	31	11
2003-04-19	0	10.82	31	12
2003-04-20	0	9.82	29	11
2003-04-21	0	8.82	28	11
2003-04-22	0	7.02	26	10
2003-04-23	0	4.62	27	9
2003-04-24	0	7.42	29	10
2003-04-25	0	8.82	29	10
2003-04-26	0.01	7.05	30	10
2003-04-27	0	10.4	30	10
2003-04-28	0	8.64	31	10
2003-04-29	0	9.18	30	10
2003-04-30	0	9.85	30	10
2003-05-01	0	11.09	30	10
2003-05-02	0	9.53	30	9
2003-05-03	0	8.57	31	11
2003-05-04	0	10.25	32	11
2003-05-05	0	7.43	32	11
2003-05-06	0	10.99	33	13
2003-05-07	0	11.43	32	11
2003-05-08	0	10.13	32	12
2003-05-09	0	9.13	31	13
2003-05-10	0.01	6.46	29	12
2003-05-11	0.01	10.11	30	12
2003-05-12	0	6.04	28	12
2003-05-13	0	4.47	28	10
2003-05-14	0	5.19	28	9
2003-05-15	0	6.16	29	11
2003-05-16	0	8.84	30	12
2003-05-17	0	7.35	30	12
2003-05-18	0	8.03	30	9
2003-05-19	0	10.42	30	8
2003-05-20	0	6.22	29	8
2003-05-21	0	5.86	21	9
2003-05-22	0	6.76	26	10
2003-05-23	0	5.06	25	11
2003-05-24	0	6.57	26	9
2003-05-25	0	7.42	27	10
2003-05-26	0	6.15	25	10
2003-05-27	0	4.47	24	11
2003-05-28	0	5.46	22	11
2003-05-29	0	6.64	24	10
2003-05-30	0	4.23	21	10
2003-05-31	0	6.26	23	11
2003-06-01	0	NULO	29	11
2003-06-02	14	NULO	20	15
2003-06-03	19	NULO	22	14
2003-06-04	0	NULO	23	14
2003-06-05	0	NULO	25	13
2003-06-06	0	NULO	19	13
2003-06-07	0	NULO	25	14
2003-06-08	14.5	NULO	20	12
2003-06-09	0.5	NULO	22	14
2003-06-10	1.5	NULO	25	12
2003-06-11	4	NULO	25	15
2003-06-12	0.01	NULO	26	14
2003-06-13	0.01	NULO	27	13
2003-06-14	32	NULO	23	12
2003-06-15	20	NULO	23	12
2003-06-16	19	NULO	24	11
2003-06-17	0.3	NULO	19	12
2003-06-18	0.01	NULO	21	12
2003-06-19	0.01	NULO	24	13
2003-06-20	2.5	NULO	24	12
2003-06-21	0	NULO	25	13
2003-06-22	0	NULO	24	13
2003-06-23	0	NULO	21	13
2003-06-24	0	NULO	25	13
2003-06-25	0	NULO	23	10
2003-06-26	0	NULO	23	10
2003-06-27	0	NULO	22	10
2003-06-28	1.5	NULO	23	11
2003-06-29	1	NULO	23	11
2003-06-30	0	NULO	24	11
2003-07-01	2	NULO	22	12
2003-07-02	1.5	NULO	25	12
2003-07-03	0	NULO	23	14
2003-07-04	2	NULO	23	12
2003-07-05	5.3	NULO	22	13
2003-07-06	0	NULO	24	12
2003-07-07	1	NULO	23	13
2003-07-08	8.5	NULO	22	12
2003-07-09	0	NULO	23	9
2003-07-10	0	NULO	23	10
2003-07-11	0	NULO	24	11
2003-07-12	0	NULO	22	8
2003-07-13	0	NULO	25	4
2003-07-14	0	NULO	23	6
2003-07-15	0.01	NULO	24	8
2003-07-16	0.01	NULO	24	10
2003-07-17	0	NULO	24	11
2003-07-18	0	NULO	23	8
2003-07-19	10	NULO	23	7
2003-07-20	0	NULO	24	10
2003-07-21	1	NULO	21	10
2003-07-22	6	NULO	23	9
2003-07-23	0	NULO	25	10
2003-07-24	0	NULO	24	9
2003-07-25	1	NULO	22	9
2003-07-26	0	NULO	23	11
2003-07-27	0	NULO	25	10
2003-07-28	15	NULO	22	12
2003-07-29	5	NULO	25	12
2003-07-30	0	NULO	23	12
2003-07-31	14	NULO	25	11
2003-08-01	1	NULO	21	13
2003-08-02	6	NULO	22	11
2003-08-03	0	NULO	25	9
2003-08-04	5	NULO	20	9
2003-08-05	3	NULO	25	9
2003-08-06	0	NULO	25	11
2003-08-07	0	NULO	20	11
2003-08-08	0	NULO	25	13
2003-08-09	0.01	NULO	25	9
2003-08-10	4.5	NULO	25	9
2003-08-11	2.5	NULO	19	9
2003-08-12	0	NULO	20	10
2003-08-13	0.01	NULO	22	9
2003-08-14	0	NULO	23	12
2003-08-15	2	NULO	23	10
2003-08-16	0	NULO	21	14
2003-08-17	0	NULO	22	10
2003-08-18	10	NULO	23	10
2003-08-19	28	NULO	24	10
2003-08-20	17	NULO	23	13
2003-08-21	10	NULO	18	13
2003-08-22	12	NULO	22	13
2003-08-23	6	NULO	22	10
2003-08-24	0.01	NULO	24	13
2003-08-25	0	NULO	23	10
2003-08-26	3	NULO	24	11
2003-08-27	6	NULO	22	9
2003-08-28	0	NULO	24	9
2003-08-29	0	NULO	24	9
2003-08-30	4	NULO	24	9
2003-08-31	9	NULO	23	9
2003-09-01	0.01	NULO	24	13
2003-09-02	0.01	NULO	25	11
2003-09-03	8.5	NULO	23	11
2003-09-04	2.5	NULO	24	11
2003-09-05	16	NULO	22	13
2003-09-06	0	NULO	21	12
2003-09-07	44	NULO	22	13
2003-09-08	3	NULO	23	13
2003-09-09	0	NULO	24	13
2003-09-10	0	NULO	24	11
2003-09-11	23	NULO	25	12
2003-09-12	6.5	NULO	25	12
2003-09-13	0	NULO	24	12
2003-09-14	4	NULO	24	11
2003-09-15	0	NULO	19	11
2003-09-16	0	NULO	24	9
2003-09-17	1.5	NULO	24	11
2003-09-18	1	NULO	24	13
2003-09-19	0	NULO	24	12
2003-09-20	9	NULO	24	10
2003-09-21	0	NULO	24	9
2003-09-22	0	NULO	24	13
2003-09-23	0	NULO	24	10
2003-09-24	0	NULO	24	10
2003-09-25	0	NULO	24	9
2003-09-26	24.5	NULO	24	10
2003-09-27	4.5	NULO	26	13
2003-09-28	0	NULO	23	13
2003-09-29	3.5	NULO	19	13
2003-09-30	0	NULO	18	10
2003-10-01	0	NULO	20	6
2003-10-02	0	NULO	21	5
2003-10-03	0	NULO	19	7
2003-10-04	0	NULO	22	10
2003-10-05	14	NULO	22	9
2003-10-06	4.5	NULO	22	9
2003-10-07	1	NULO	22	12
2003-10-08	1	NULO	24	12
2003-10-09	1.5	NULO	24	13
2003-10-10	2.5	NULO	25	13
2003-10-11	2	NULO	26	12
2003-10-12	3.5	NULO	27	13
2003-10-13	9	NULO	25	11
2003-10-14	0	NULO	22.5	12
2003-10-15	0	NULO	24	10
2003-10-16	0	NULO	23	9
2003-10-17	0	NULO	22	10
2003-10-18	0	NULO	19	11
2003-10-19	0	NULO	21	10
2003-10-20	0	NULO	21	7
2003-10-21	0	NULO	21	5
2003-10-22	0	NULO	22	6
2003-10-23	0	NULO	23	7
2003-10-24	0	NULO	25	9
2003-10-25	0	NULO	25	7
2003-10-26	6	NULO	25	7
2003-10-27	0.01	NULO	21	9
2003-10-28	0	NULO	23	9
2003-10-29	0	NULO	20	7
2003-10-30	0	NULO	22	6
2003-10-31	7	NULO	26	7
2003-11-01	6	NULO	20	8
2003-11-02	2	NULO	21	10
2003-11-03	0	NULO	24	9
2003-11-04	0	NULO	23	6
2003-11-05	0	NULO	20	7
2003-11-06	0	NULO	21	6
2003-11-07	0	NULO	20	4
2003-11-08	0	NULO	20	5
2003-11-09	0	NULO	20	7
2003-11-10	0	NULO	21	9
2003-11-11	0	NULO	23	9
2003-11-12	0	NULO	25	5
2003-11-13	0	NULO	21	6
2003-11-14	0	NULO	23	8
2003-11-15	0	NULO	24	6
2003-11-16	0	NULO	26	6
2003-11-17	0	NULO	26	6
2003-11-18	0	NULO	25	7
2003-11-19	0	NULO	21	5
2003-11-20	0	NULO	24	1
2003-11-21	0	NULO	25	1
2003-11-22	0	NULO	26	3
2003-11-23	0	NULO	26	4
2003-11-24	0	NULO	24	6
2003-11-25	0	NULO	24	6
2003-11-26	0	NULO	24	6
2003-11-27	0	NULO	25	6
2003-11-28	0	NULO	18	6
2003-11-29	0	NULO	21	4
2003-11-30	0	NULO	22	3
2003-12-01	0	NULO	22	1
2003-12-02	0	NULO	20	2
2003-12-03	0	NULO	20	2
2003-12-04	0	NULO	22	2
2003-12-05	0	NULO	12	3
2003-12-06	0	NULO	12	2
2003-12-07	0	NULO	19	2
2003-12-08	0	NULO	20	2
2003-12-09	0	NULO	20	0
2003-12-10	0	NULO	21	2
2003-12-11	0	NULO	20	3
2003-12-12	0	NULO	24	4
2003-12-13	0	NULO	22	3
2003-12-14	0	NULO	20	0
2003-12-15	0	NULO	23	3
2003-12-16	0	NULO	23	1
2003-12-17	0	NULO	19	1.5
2003-12-18	0	NULO	19	-3
2003-12-19	0	NULO	18	0
2003-12-20	0	NULO	19	1
2003-12-21	0	NULO	21	4
2003-12-22	0	NULO	21	4
2003-12-23	0	NULO	20	1
2003-12-24	0	NULO	21	2
2003-12-25	0	NULO	20	4
2003-12-26	0	NULO	22	1
2003-12-27	0	NULO	24	3
2003-12-28	0	NULO	24	3
2003-12-29	0	NULO	19	4
2003-12-30	0.01	NULO	22	5
2003-12-31	0	NULO	22	3
2004-01-01	0	3.47	22	4
2004-01-02	0	3.84	22	4
2004-01-03	0	4.95	24	3
2004-01-04	0	5.8	23	4
2004-01-05	0	4.59	18	4
2004-01-06	0	4	20	5
2004-01-07	0	3.3	22	5
2004-01-08	0	3.93	22	4
2004-01-09	2	4.37	20	6
2004-01-10	0	1.97	11	6
2004-01-11	0	3.55	17	2
2004-01-12	0	2.47	22	2
2004-01-13	0	3.37	23	1
2004-01-14	0.1	3.33	20	4
2004-01-15	0	1.76	20	7
2004-01-16	0	1.92	15	6
2004-01-17	0	7.32	19	4
2004-01-18	0	5.06	23	1
2004-01-19	0	4.23	23	2
2004-01-20	0	5.67	21	1
2004-01-21	0	3.86	21	4
2004-01-22	0	4.89	23	3
2004-01-23	0	2.59	21	4
2004-01-24	0	5.77	23	3
2004-01-25	0	6.5	20	4
2004-01-26	0	1.75	21	7
2004-01-27	0	6.05	22	3
2004-01-28	0	5.81	21	2
2004-01-29	0	4.59	19	6
2004-01-30	0	1.48	20	9
2004-01-31	0	4.64	21	5
2004-02-01	0	3.23	22	1
2004-02-02	0	4.95	18	0
2004-02-03	0	6.01	23	1
2004-02-04	0	8.49	22	2
2004-02-05	0	3.8	23	3
2004-02-06	0	5.95	25	5
2004-02-07	0	4.23	21	2
2004-02-08	0	4.67	25	3
2004-02-09	0	4.56	25	4
2004-02-10	0	3.92	25	4
2004-02-11	0	7.58	25	6
2004-02-12	0	6.3	23	7
2004-02-13	0	5.92	21	6
2004-02-14	0	6.57	23	7
2004-02-15	0	7.29	22	4
2004-02-16	0	6.65	19	2
2004-02-17	0	4.83	19	0
2004-02-18	0	4.91	20	0
2004-02-19	0	7.26	24	3
2004-02-20	0	5.01	23	1
2004-02-21	0	7.71	24	2
2004-02-22	0	7.95	23	3
2004-02-23	0	9.05	24	5
2004-02-24	0	8.57	23	6
2004-02-25	0	8.52	23	2
2004-02-26	0	5.96	23	1
2004-02-27	0	5.06	26	1
2004-02-28	0	6.37	25	4
2004-02-29	0	8.7	23	4
2004-03-01	0	5.38	27	4
2004-03-02	0	6.98	27	5
2004-03-03	0	8.24	28	6
2004-03-04	0	5.78	28	8
2004-03-05	0	5.7	28	7
2004-03-06	0	7.06	28	8
2004-03-07	0	6.62	28	7
2004-03-08	0	6.64	20	8
2004-03-09	0	7.06	24	8
2004-03-10	0	5.45	23	4
2004-03-11	0	5.75	24	3
2004-03-12	0	4.02	24	6
2004-03-13	0	5.95	24	7
2004-03-14	0	6.74	27	8
2004-03-15	0	5.04	24	8
2004-03-16	0	3.86	25	8
2004-03-17	0	6.11	24	8
2004-03-18	0	4.98	28	9
2004-03-19	0	6.64	28	7
2004-03-20	0	7.85	26	6
2004-03-21	0	5.81	21	5
2004-03-22	0	8.48	24	3
2004-03-23	0	6.4	24	4
2004-03-24	0	6.98	25	5
2004-03-25	0	7.92	27	6
2004-03-26	0	6.7	27	4
2004-03-27	0	8.1	21	8
2004-03-28	0	7.52	24	9
2004-03-29	0	6.08	19	7
2004-03-30	7	5.35	19	8
2004-03-31	14	7.9	19	8
2004-04-01	0	6.2	18	6
2004-04-02	0	7.4	23	7
2004-04-03	0	5.3	23	7
2004-04-04	0	7.1	22	6
2004-04-05	0	5.65	23	10
2004-04-06	0	6.4	21	11
2004-04-07	0	5.22	24	11
2004-04-08	0	7.05	18	10
2004-04-09	0	6.88	20	11
2004-04-10	0	5.22	22	9
2004-04-11	0	6.77	27	8
2004-04-12	0	9.29	26	9
2004-04-13	0	7.55	26	6
2004-04-14	0	7.29	26	4
2004-04-15	0	6.65	26	6
2004-04-16	0	7.78	27	9
2004-04-17	0	8.78	28	8
2004-04-18	0	7.88	28	6
2004-04-19	0	8.69	28	4
2004-04-20	0	8.21	28	3
2004-04-21	8.5	11.22	29	3
2004-04-22	0	4.24	26	7
2004-04-23	4	6.98	28	10
2004-04-24	0.01	6.38	28	9
2004-04-25	5.5	7.48	28	9
2004-04-26	5.5	9.03	27	10
2004-04-27	0	2.93	21	11
2004-04-28	2	5.38	26	7
2004-04-29	1	5.26	26	9
2004-04-30	2	7.82	26	9
2004-05-01	0	7.15	26	10
2004-05-02	0	4.51	20	11
2004-05-03	0	4.83	20	7
2004-05-04	0	2.74	22	8
2004-05-05	0	4.54	22	10
2004-05-06	4	5.7	23	11
2004-05-07	15.5	7.11	25	7
2004-05-08	2	4.9	24	7
2004-05-09	1	4.19	26	10
2004-05-10	0	4.61	25	11
2004-05-11	4.5	7.75	25	11
2004-05-12	0	4.72	28	10
2004-05-13	4	5.62	26	11
2004-05-14	0	5.64	25	10
2004-05-15	0	5.18	20	7
2004-05-16	0	7.22	24	8
2004-05-17	3	5.58	23	9
2004-05-18	1.5	4.38	24	11
2004-05-19	1	8.78	23	9
2004-05-20	0	6.16	25	9
2004-05-21	0	4.93	26	9
2004-05-22	0	6.38	27	8
2004-05-23	0	7.58	28	10
2004-05-24	0	8.61	29	9
2004-05-25	0	9.37	29	8
2004-05-26	0	8.47	29	7
2004-05-27	0	10.17	30	10
2004-05-28	15	9.55	28	12
2004-05-29	17	6.53	29	12
2004-05-30	2	4.6	26	11
2004-05-31	7	4.74	25	11
2004-06-01	7	1.82	21	12
2004-06-02	14	9.2	23	13
2004-06-03	2	2.51	22	13
2004-06-04	0	2.94	21	12
2004-06-05	0	4.78	22	10
2004-06-06	0	2.69	21	12
2004-06-07	4	6.25	23	12
2004-06-08	7.5	3.48	23	14
2004-06-09	2	6.75	23	14
2004-06-10	0	4.4	24	12
2004-06-11	8	5.77	24	12
2004-06-12	0	3.73	24	11
2004-06-13	0	7.23	25	11
2004-06-14	0	4.5	25	11
2004-06-15	0	6.64	21	10
2004-06-16	17	6.18	25	10
2004-06-17	0	4.14	21	12
2004-06-18	0	4.18	23	9
2004-06-19	0.01	5.39	29	8
2004-06-20	13.5	10.21	22	8
2004-06-21	4.5	2.68	22	10
2004-06-22	5	5.76	24	11
2004-06-23	9	6	24	10
2004-06-24	3	3.6	22	11
2004-06-25	1	5.03	24	11
2004-06-26	0.01	4.56	24	11
2004-06-27	16	7.52	24	10
2004-06-28	0.01	3.9	22	11
2004-06-29	0	3.76	25	13
2004-06-30	0	8.23	25	15
2004-07-01	0	6.04	25	11
2004-07-02	0.2	5.22	24	11
2004-07-03	7.5	8.6	23	10
2004-07-04	0	5.1	23	8
2004-07-05	11	9.8	24	10
2004-07-06	11	7.06	25	10
2004-07-07	2	6.72	25	13
2004-07-08	0	5.17	23	11
2004-07-09	0	5.97	23	11
2004-07-10	0	4.63	21	11
2004-07-11	12	3.17	18	13
2004-07-12	8	4.74	19	12
2004-07-13	0	3.35	18	8
2004-07-14	0	6.8	23	9
2004-07-15	0	5.43	23	13
2004-07-16	1	6.84	24	9
2004-07-17	4.5	6.69	24	9
2004-07-18	3	9.36	29	8
2004-07-19	4.5	5.76	20	8
2004-07-20	11	4.18	23	10
2004-07-21	6.5	5.08	24	12
2004-07-22	8	3.87	22	11
2004-07-23	5	6.53	22	10
2004-07-24	0	4.51	24	10
2004-07-25	0	5.46	21	10
2004-07-26	0	4.5	23	9
2004-07-27	14.5	7.28	23	9
2004-07-28	0	6.5	25	8
2004-07-29	3	9.89	25	11
2004-07-30	5	6.1	25	12
2004-07-31	0	4.8	24	11
2004-08-01	5	2.8	23	10
2004-08-02	6.5	2.77	23	11
2004-08-03	15	5.99	23	13
2004-08-04	5	5.04	24	13
2004-08-05	0.01	5	25	12
2004-08-06	0	5.2	24	11
2004-08-07	0	3.77	25	9
2004-08-08	0	6.35	25	9
2004-08-09	0	3.92	24	9
2004-08-10	0	6.4	25	10
2004-08-11	0	4.76	25	10
2004-08-12	0	5.6	24	10
2004-08-13	0	3.72	24	10
2004-08-14	0	5.62	23	11
2004-08-15	0	5.16	23	9
2004-08-16	13	4.82	23	9
2004-08-17	0.01	6.21	24	8
2004-08-18	3.5	5.68	23	10
2004-08-19	27	8.68	26	11
2004-08-20	31	8.6	24	12
2004-08-21	3	8.23	24	12
2004-08-22	0	3.89	25	12
2004-08-23	3	6.79	24	11
2004-08-24	0	3.12	24	10
2004-08-25	0	3.45	24	11
2004-08-26	0	6.24	26	10
2004-08-27	3	6.08	23	10
2004-08-28	3	4.62	24	10
2004-08-29	0	5.63	24	12
2004-08-30	16	5.05	22	10
2004-08-31	0	0.81	23	11
2004-09-01	4	5.12	23	12
2004-09-02	1	4.74	23	13
2004-09-03	0	2.94	22	12
2004-09-04	2	5.75	24	12
2004-09-05	0	4.59	24	11
2004-09-06	7	2.74	24	9
2004-09-07	0	3.28	24	9
2004-09-08	0	2.8	23	9
2004-09-09	0	4.86	22	11
2004-09-10	0	2.96	24	9
2004-09-11	0.01	2.88	23	10
2004-09-12	0	3.77	22	12
2004-09-13	0	4.01	24	11
2004-09-14	0	5.02	26	10
2004-09-15	0	4.83	25	8
2004-09-16	0.01	6.11	27	8
2004-09-17	8	2.63	24	11
2004-09-18	6	5.02	25	10
2004-09-19	0.01	4.03	25	10
2004-09-20	0.01	3.02	22	9
2004-09-21	0	3.48	22	8
2004-09-22	0	2.02	22	9
2004-09-23	0	6.58	24	7
2004-09-24	0	2.58	22	8
2004-09-25	0	3.24	23	8
2004-09-26	6.2	3.23	24	9
2004-09-27	32	7.95	22	9
2004-09-28	25	5.01	22	10
2004-09-29	0	0.89	21	13
2004-09-30	0	3.1	21	12
2004-10-01	0	1.3	24	10
2004-10-02	0	6.2	23	9
2004-10-03	4	5.57	19	9
2004-10-04	2	5.98	19	11
2004-10-05	7	0.45	18	11
2004-10-06	1	3.84	20	11
2004-10-07	12	2.72	23	11
2004-10-08	28	5.68	22	11
2004-10-09	2	2.86	20	12
2004-10-10	2	1.2	22	9
2004-10-11	0	3.12	22	8
2004-10-12	4	0.88	21	9
2004-10-13	0	2.15	20	12
2004-10-14	0	3.91	24	12
2004-10-15	0	3.96	25	13
2004-10-16	0	4.56	24	12
2004-10-17	0	5.72	26	11
2004-10-18	0	3.54	27	9
2004-10-19	0	5.53	28	9
2004-10-20	0	5.25	27	9
2004-10-21	0	4.66	28	8
2004-10-22	0	5.88	29	9
2004-10-23	0	3.74	27	8
2004-10-24	0	5.2	26	7
2004-10-25	0	5.26	24	7
2004-10-26	0	1.99	24	8
2004-10-27	0	4.79	24	9
2004-10-28	0	4.02	26	9
2004-10-29	0	4	24	8
2004-10-30	0	4.64	24	8
2004-10-31	0	4.74	24	8
2004-11-01	12	6.42	29	9
2004-11-02	0	0.99	26	8
2004-11-03	4	6.62	24	10
2004-11-04	0	4.36	21	8
2004-11-05	0	4.95	20	7
2004-11-06	0	4.76	23	3
2004-11-07	0	6.67	21	2
2004-11-08	0	3.67	21	2
2004-11-09	0	4.69	24	1
2004-11-10	0	5.55	25	2
2004-11-11	0	4.16	25	3
2004-11-12	0	4.68	23	4
2004-11-13	0	4.46	23	4
2004-11-14	0	3.64	24	5
2004-11-15	0	4.38	24	7
2004-11-16	0	3.8	24	6
2004-11-17	0	3.6	24	6
2004-11-18	0	6.09	25	4
2004-11-19	0	3.83	25	4
2004-11-20	0	4.68	25	5
2004-11-21	0	4.15	26	5
2004-11-22	0	3.29	26	4
2004-11-23	0	6.05	25	6
2004-11-24	0	4.7	25	4
2004-11-25	0	3.8	24	5
2004-11-26	0	6.36	25	5
2004-11-27	0	3.54	26	4
2004-11-28	0	3.94	27	4
2004-11-29	0	4.95	26	5
2004-11-30	0	2.59	26	9
2004-12-01	0	5.18	25	7
2004-12-02	0	4.14	26	5
2004-12-03	0	4.04	26	5
2004-12-04	0	4.88	26	4
2004-12-05	0	4.02	26	4
2004-12-06	0	3.69	25	3
2004-12-07	0	4.42	24	4
2004-12-08	0	4.88	24	4
2004-12-09	0	4.35	23	4
2004-12-10	0	3.79	23	4
2004-12-11	0	4.03	20	2
2004-12-12	0	3.49	22	0
2004-12-13	0	4.33	22	2
2004-12-14	0	2.55	14	4
2004-12-15	2	2.9	17	2
2004-12-16	0	2.38	17	4
2004-12-17	0	1.6	17	5
2004-12-18	0	2.96	20	4
2004-12-19	0	2.48	14	2
2004-12-20	0	2.64	19	2
2004-12-21	0	5.53	23	2
2004-12-22	0	3.9	23	4
2004-12-23	0	3.76	22	4
2004-12-24	0	3.94	22	3
2004-12-25	0	3.32	23	1.5
2004-12-26	0	5.73	22	1
2004-12-27	0	3.97	21	1
2004-12-28	0	3.29	19	1
2004-12-29	0	4.06	20	2
2004-12-30	0	4.3	22	2
2004-12-31	0	4.06	20	1
2005-01-01	0	4.08	24	1
2005-01-02	0	5.06	24	2
2005-01-03	0	4.58	26	3
2005-01-04	0	4.34	21	3
2005-01-05	0	5.71	24	2
2005-01-06	0	4.45	25	2
2005-01-07	0	3.63	24	3
2005-01-08	0	3.97	23	3
2005-01-09	0	5.92	21	3
2005-01-10	0	3.06	21	0
2005-01-11	0	3.94	21	1
2005-01-12	0	2.75	22	1
2005-01-13	0	4.18	22	3
2005-01-14	0	5.76	21	3
2005-01-15	0	2.54	21	5
2005-01-16	0	4.74	15	0
2005-01-17	0	3.58	21	3
2005-01-18	0	3.58	19	2
2005-01-19	0	3.49	18	1
2005-01-20	0	3.5	21	1
2005-01-21	0	3.57	21	2
2005-01-22	0	4.3	25	4
2005-01-23	0	1.13	29	5
2005-01-24	0	2.1	25	5
2005-01-25	0	2.73	23	4
2005-01-26	0	5.91	24	3
2005-01-27	0	4.04	25	4
2005-01-28	0	5.75	25	4
2005-01-29	0	3.49	26	4
2005-01-30	0	7.8	24	5
2005-01-31	0	3.01	23	6
2005-02-01	0	7.03	22	6
2005-02-02	0	3.96	23	6
2005-02-03	0	6.15	22	5
2005-02-04	0	3.39	19	6
2005-02-05	0	3.7	20	3
2005-02-06	0	4.5	24	4
2005-02-07	0	6.32	26	5
2005-02-08	0	4.66	27	5
2005-02-09	0	6.1	29	7
2005-02-10	0	4.65	23	6
2005-02-11	0	5.39	24	4
2005-02-12	0	3.82	25	3
2005-02-13	0	7.27	24	3
2005-02-14	0	4.69	24	5
2005-02-15	0	6.62	24	5
2005-02-16	0	7.9	23	5
2005-02-17	0	5.74	24	3
2005-02-18	0	6.2	25	3
2005-02-19	0	4.2	26	6
2005-02-20	0	6.94	26	5
2005-02-21	0	5.48	23	6
2005-02-22	0	4.36	21	6
2005-02-23	0	4.83	23	7
2005-02-24	0	2.66	21	7
2005-02-25	0	4.54	22	6
2005-02-26	0	5.1	17	4
2005-02-27	0	7.65	22	6
2005-02-28	0	5.2	24	6
2005-03-01	0	7.74	25	1
2005-03-02	0	3.52	23	3
2005-03-03	0	3.35	22	7
2005-03-04	0	2.1	24	4
2005-03-05	0	5.1	24	5
2005-03-06	0	4.03	22	5
2005-03-07	0	4.9	24	11
2005-03-08	0	3.9	24	7
2005-03-09	0	7.82	26	8
2005-03-10	0	6.18	24	4
2005-03-11	0	4.48	25	5
2005-03-12	0	7.22	26	4
2005-03-13	3	8.43	25	5
2005-03-14	0	5.93	20	7
2005-03-15	0	6.38	26	10
2005-03-16	0	5.02	25	7
2005-03-17	0	4.05	25	7
2005-03-18	0	3.62	27	0
2005-03-19	0	5.24	27	2
2005-03-20	0	8.24	24	4
2005-03-21	0	8.59	27	4
2005-03-22	0	9.16	28	5
2005-03-23	0	9.86	28	4
2005-03-24	0	9.12	29	4
2005-03-25	0	7.86	27	7
2005-03-26	0	9.9	29	6
2005-03-27	0	5.64	25	6
2005-03-28	0	6.54	26	6
2005-03-29	0	6.92	26	7
2005-03-30	0	5.99	28	7
2005-03-31	0	8.26	26	9
2005-04-01	0	7.71	24	7
2005-04-02	0	5.02	25	4
2005-04-03	0	10.08	28	6
2005-04-04	0	7.24	30	7
2005-04-05	0	7.35	29	9
2005-04-06	0	9.08	30	9
2005-04-07	0	2.65	28	9
2005-04-08	0	6.81	29	7
2005-04-09	0	9.78	29	7
2005-04-10	0	6.42	29	10
2005-04-11	0	8.64	29	8
2005-04-12	0	6.67	29	8
2005-04-13	0	8.78	29	8
2005-04-14	0	7.25	28	10
2005-04-15	0	6.11	26	10
2005-04-16	0	5.6	28	7
2005-04-17	0	7.5	29	7
2005-04-18	0	2.71	27	10
2005-04-19	0	5.52	28	9
2005-04-20	0	4.05	28	10
2005-04-21	0	9.49	31	11
2005-04-22	0	9.93	29	11
2005-04-23	0	4.82	28	13
2005-04-24	0	8.68	29	11
2005-04-25	0	5.62	29	10
2005-04-26	0	6.68	28	8
2005-04-27	0	8.62	30	9
2005-04-28	0	8.18	31	11
2005-04-29	0	7.41	31	11
2005-04-30	0	8.43	30	10
2005-05-01	0	5.96	29	10
2005-05-02	0	6.74	29	10
2005-05-03	0	9.03	29	9
2005-05-04	0	9.73	29	7
2005-05-05	5	5.33	26	7
2005-05-06	0	7.92	27	9
2005-05-07	0	5.08	25	11
2005-05-08	0	6.77	27	11
2005-05-09	0	7.8	29	9
2005-05-10	0	7.14	29	10
2005-05-11	2	5.68	27	12
2005-05-12	3	5.26	25	12
2005-05-13	0	5.26	26	10
2005-05-14	0	5.55	26	11
2005-05-15	0	6.58	26	11
2005-05-16	0	6.53	26	10
2005-05-17	0	6.62	27	8
2005-05-18	0	7.66	28	8
2005-05-19	0	7.3	29	8
2005-05-20	0	7.3	28	8
2005-05-21	0	7.59	26	8
2005-05-22	0	8.75	27	5
2005-05-23	0	6.98	28	5
2005-05-24	0	7.8	29	8
2005-05-25	0	7.18	28	9
2005-05-26	0	5.92	30	10
2005-05-27	0	4.29	25	9
2005-05-28	0	4.82	26	9
2005-05-29	0	6.53	27	9
2005-05-30	0	7.91	27	11
2005-05-31	0	5.59	28	11
2005-06-01	0	8.63	30	12
2005-06-02	0	7.54	31	11
2005-06-03	0	7.63	31	11
2005-06-04	0	7.31	31	11
2005-06-05	0	9.58	32	12
2005-06-06	0	6.75	31	11
2005-06-07	0	9.02	31	11
2005-06-08	0	8.16	31	10
2005-06-09	0	8.21	30	10
2005-06-10	0	8.19	31	10
2005-06-11	0	11.46	32	10
2005-06-12	0	9.38	31	13
2005-06-13	0	5.1	30	12
2005-06-14	0	7.99	28	10
2005-06-15	0	3.07	24	11
2005-06-16	0	4.41	24	13
2005-06-17	0	6.42	28	9
2005-06-18	0	8.18	30	10
2005-06-19	0	6.61	29	11
2005-06-20	0	9.62	26	12
2005-06-21	5	3.07	28	9
2005-06-22	0	3.68	28	12
2005-06-23	0	4.33	25	14
2005-06-24	12	3.18	22	14
2005-06-25	0	2.81	22	13
2005-06-26	0	7.49	26	12
2005-06-27	0	5.3	25	13
2005-06-28	0	4.23	24	12
2005-06-29	5	4.23	22	9
2005-06-30	0	4.88	23	14
2005-07-01	8	6.4	23	12
2005-07-02	0	5.53	23	10
2005-07-03	0	4.63	25	10
2005-07-04	0	5.42	25	11
2005-07-05	0	4.15	25	12
2005-07-06	0	6.1	25	14
2005-07-07	6	5.9	25	13
2005-07-08	0	6.24	25	12
2005-07-09	0	6.16	22	13
2005-07-10	0	7.61	26	9
2005-07-11	0	6.07	26	10
2005-07-12	0	4.99	25	10
2005-07-13	0	4.35	24	11
2005-07-14	0	4.35	25	11
2005-07-15	0	7.84	28	12
2005-07-16	0	4.3	25	13
2005-07-17	0	5.08	24	12
2005-07-18	0	3.5	26	12
2005-07-19	0.01	5.46	25	13
2005-07-20	5	7.41	25	13
2005-07-21	0	5.8	25	12
2005-07-22	0	4.19	24	11
2005-07-23	0	5.21	24	10
2005-07-24	0	4.98	20	10
2005-07-25	7	3.21	24	12
2005-07-26	14	6.43	23	14
2005-07-27	4	3.5	24	13
2005-07-28	0	6.36	24	12
2005-07-29	0	4.86	23	10
2005-07-30	0	5.62	26	9
2005-07-31	0	4.95	25	8
2005-08-01	0	6.28	26	14
2005-08-02	3	5.94	22	10
2005-08-03	0	1.98	22	9
2005-08-04	0	3.99	25	12
2005-08-05	3	5.11	23	13
2005-08-06	0	3.5	24	12
2005-08-07	0	5.24	26	11
2005-08-08	0	6.49	25	12
2005-08-09	0	5.15	26	9
2005-08-10	0	5.86	27	11
2005-08-11	2	7.58	26	14
2005-08-12	0	1.8	26	11
2005-08-13	3	5.24	24	12
2005-08-14	3	5.1	24	14
2005-08-15	0	5.08	24	14
2005-08-16	0	4.01	22	10
2005-08-17	0	5.01	25	12
2005-08-18	0	5.82	27	12
2005-08-19	0	5.88	22	10
2005-08-20	3	5.1	22	14
2005-08-21	12	7.12	23	14
2005-08-22	12	0.19	21	11
2005-08-23	10	4.82	27	14
2005-08-24	2	1.56	23	12
2005-08-25	52	3.76	24	12
2005-08-26	2	7.3	25	13
2005-08-27	0	5.5	25	12
2005-08-28	0	6.5	24	9
2005-08-29	0	4.72	26	10
2005-08-30	11	5.18	23	13
2005-08-31	21	5.22	22	13
2005-09-01	3	4.98	23	11
2005-09-02	0	4.87	23	12
2005-09-03	0	3.66	24	11
2005-09-04	0	5.63	23	13
2005-09-05	1	3.24	23	11
2005-09-06	0	2.4	21	12
2005-09-07	0	2.77	20	9
2005-09-08	2	3.93	19	10
2005-09-09	0	1.37	22	12
2005-09-10	0	1.86	24	12
2005-09-11	0	2.68	22	12
2005-09-12	8	5.03	23	9
2005-09-13	13	5.89	25	10
2005-09-14	10	6.45	23	11
2005-09-15	3	5.89	25	11
2005-09-16	0	6.57	26	10
2005-09-17	0	3.95	24	10
2005-09-18	0	5.3	26	8
2005-09-19	0	4.38	24	10
2005-09-20	0	4.08	23	11
2005-09-21	0	0.12	18	9
2005-09-22	0	4.02	22	5
2005-09-23	0	4.66	24	3
2005-09-24	0	5.68	26	6
2005-09-25	0	5.83	25	6
2005-09-26	0	4.35	23	9
2005-09-27	0	4.82	24	10
2005-09-28	0	5.92	25	9
2005-09-29	0	4.39	25	9
2005-09-30	0	5.94	26	7
2005-10-01	0	6.37	25	9
2005-10-02	0	6.23	26	11
2005-10-03	5	2.94	19	13
2005-10-04	11	1.85	19	13
2005-10-05	12	2.73	22	13
2005-10-06	22	1.9	22	13
2005-10-07	0	0.9	21	13
2005-10-08	0	1.13	24	12
2005-10-09	3	2.87	23	11
2005-10-10	0	2.97	23	11
2005-10-11	0	5.38	24	13
2005-10-12	0	5.36	24	12
2005-10-13	0	3.59	24	14
2005-10-14	0	5.37	23	10
2005-10-15	0	3.93	23	10
2005-10-16	0	4.16	23	8
2005-10-17	0	4.22	24	8
2005-10-18	0	4.42	23	11
2005-10-19	0	4.76	25	8
2005-10-20	0	6.7	25	5
2005-10-21	0	3.92	26	2
2005-10-22	0	4.5	24	2
2005-10-23	0	4.34	23	2
2005-10-24	0	4.89	23	4
2005-10-25	0	1.39	20	6
2005-10-26	0	5.53	20	7
2005-10-27	0	2.23	21	8
2005-10-28	0	4.06	21	7
2005-10-29	0	3.98	21	5
2005-10-30	0	2.93	22	4
2005-10-31	0	3.14	22	3
2005-11-01	0	4.02	21	6
2005-11-02	0	4.32	23	4
2005-11-03	0	5.89	21	4
2005-11-04	0	4.21	21	2
2005-11-05	0	4.86	25	3
2005-11-06	0	5.07	25	6
2005-11-07	0	2.89	23	6
2005-11-08	0	3.54	19	5
2005-11-09	4.5	2.63	21	7
2005-11-10	0	3.45	24	8
2005-11-11	0	2.08	21	6
2005-11-12	0	3.23	25	7
2005-11-13	0	4.57	25	3
2005-11-14	0	4.02	24	2
2005-11-15	0	4.8	24	4
2005-11-16	0	3.97	17	4
2005-11-17	0	3.91	20	5
2005-11-18	0	3.42	21	5
2005-11-19	0	2.98	22	4
2005-11-20	0	4.7	20	5
2005-11-21	0	3.32	20	9
2005-11-22	0	4.01	19	5
2005-11-23	0	3.55	22	0
2005-11-24	0	1.44	19	0
2005-11-25	0	2.89	22	1
2005-11-26	0	3.12	21	5
2005-11-27	0	4.38	23	5
2005-11-28	0	3.1	25	5
2005-11-29	0	3.99	24	1
2005-11-30	0	4.63	24	2
2005-12-01	0	4.33	24	4
2005-12-02	0	4.24	23	2
2005-12-03	0	4.3	23	3
2005-12-04	0	3.91	24	7
2005-12-05	0	3.15	25	6
2005-12-06	0	3.01	20	5
2005-12-07	2	3.82	20	6
2005-12-08	0	1.07	21	7
2005-12-09	0	2.71	19	7
2005-12-10	0	3.54	23	4
2005-12-11	0	4.1	23	4
2005-12-12	0	3.12	22	4
2005-12-13	0	3.64	26	3
2005-12-14	0	0.56	26	3
2005-12-15	0	4.98	25	5
2005-12-16	0	5.38	23	5
2005-12-17	0	1.76	22	6
2005-12-18	0	3.2	21	2
2005-12-19	0	2.33	20	2
2005-12-20	0	2.39	18	4
2005-12-21	0	3.6	20	5
2005-12-22	0	3.9	19	1
2005-12-23	0	2.91	19	1
2005-12-24	0	5.13	20	0
2005-12-25	0	2.57	21	1
2005-12-26	0	5.85	25	2
2005-12-27	0	4.56	22	2
2005-12-28	0	3.98	24	1
2005-12-29	0	3.66	24	1
2005-12-30	0	4.52	23	1
2005-12-31	0	5.96	24	3
2006-01-01	0	3.41	23	2
2006-01-02	0	4.05	25	2
2006-01-03	0	5.05	21	1
2006-01-04	0	5.23	24	1
2006-01-05	0	3.46	23	1
2006-01-06	0	5.51	12	3
2006-01-07	0	2.02	17.5	2
2006-01-08	0	4.43	21	2
2006-01-09	0	3.56	22	3
2006-01-10	0	3.26	21	1
2006-01-11	0	5.01	21	1
2006-01-12	0	3.55	22	1
2006-01-13	0	4.13	23	2
2006-01-14	0	3.7	22.5	3
2006-01-15	0	4.3	22	4
2006-01-16	0	4.74	24	4
2006-01-17	0	3.22	22	5
2006-01-18	0	5.59	24	2
2006-01-19	0	5.28	24	1
2006-01-20	0	4.47	25	0
2006-01-21	0	4.82	25.5	1
2006-01-22	0	5.74	25	2
2006-01-23	0	4.1	24	5
2006-01-24	0	6.02	22.5	5
2006-01-25	0	2.64	16	2
2006-01-26	0	2.24	20	5
2006-01-27	0	3.5	23	3
2006-01-28	0	2.76	21.5	5.5
2006-01-29	0	4.58	21	7
2006-01-30	0	3.86	25	3
2006-01-31	0	4.2	24	6
2006-02-01	0	4.49	22	5
2006-02-02	0	4.22	23	5
2006-02-03	0	4.21	23.5	2
2006-02-04	0	4.1	22	4
2006-02-05	0	6.49	25	1
2006-02-06	0	7.24	25.5	3
2006-02-07	0	4.99	25	6
2006-02-08	0	5.12	25.5	3
2006-02-09	0	6.13	24	4
2006-02-10	0	6.02	25	4.5
2006-02-11	0	3.99	21	4.5
2006-02-12	0	3.91	20.5	5
2006-02-13	0	6.32	21.5	3
2006-02-14	0	3.65	23.5	5
2006-02-15	0	7.29	25	5
2006-02-16	0	4.98	27	5
2006-02-17	0	5.53	28	6
2006-02-18	0	6.07	25.5	2
2006-02-19	0	4.2	25	6
2006-02-20	0	7.2	29	5
2006-02-21	0	8.09	27	4
2006-02-22	0	6.86	28	5.5
2006-02-23	0	7.54	27	6
2006-02-24	0	7.32	25.5	6
2006-02-25	0	6.84	16	8
2006-02-26	0	4.12	22	4
2006-02-27	0	4.29	21	1
2006-02-28	0	6.31	24	2
2006-03-01	0	2.56	22.5	2
2006-03-02	0	6.87	24	0
2006-03-03	0	10.93	27	1
2006-03-04	0	4.96	26	3
2006-03-05	0	5.73	22	3
2006-03-06	0	7.36	27	1
2006-03-07	0	7.79	21.5	1
2006-03-08	0	6.91	27.5	1
2006-03-09	0	7.85	27	5
2006-03-10	0	7.44	27	4
2006-03-11	0	9.85	30	4
2006-03-12	0	7.79	31	5
2006-03-13	0	6.64	32	5
2006-03-14	0	7.78	27	8
2006-03-15	0	6.33	29.5	6
2006-03-16	0	7.85	28.5	8
2006-03-17	0	5.94	30	6
2006-03-18	0	6.61	28	4
2006-03-19	0	8.12	26	6.5
2006-03-20	0	2.98	26.5	8
2006-03-21	0	7.65	27.5	6
2006-03-22	0	4.2	25	7
2006-03-23	0	7.45	25	8
2006-03-24	23	6.39	22.5	6
2006-03-25	3	9.08	19	7
2006-03-26	4	4.6	20.5	6
2006-03-27	0	4	23	7
2006-03-28	0	4	25	8
2006-03-29	0	5.26	26	8
2006-03-30	6	4.47	26	9
2006-03-31	3	9.13	27.5	9
2006-04-01	0	5.56	26.5	8
2006-04-02	0	6.37	28	6
2006-04-03	0	7.53	28	6
2006-04-04	0	8.23	22	4
2006-04-05	0	7.36	29	5
2006-04-06	0	8.79	29	5.5
2006-04-07	0	7.72	28.5	9
2006-04-08	0	7.09	26	9.5
2006-04-09	0	9.11	27	8
2006-04-10	0	5.93	29	7
2006-04-11	0	7.17	29	7
2006-04-12	0	8.55	28	4
2006-04-13	0	7.96	25.5	4
2006-04-14	0	7.22	26.5	3
2006-04-15	0	8.44	29	3.5
2006-04-16	0	8.33	29	7
2006-04-17	0	8.6	27.5	8
2006-04-18	0	8.69	29	7
2006-04-19	0	8.53	28	9
2006-04-20	8	6.74	29	10
2006-04-21	0	6.3	30	10
2006-04-22	0	7.84	25	11
2006-04-23	5	3.74	24	11
2006-04-24	0	5.84	26	11
2006-04-25	0	5.85	29	8.5
2006-04-26	0	7.08	29.5	9
2006-04-27	0	6.8	28.5	11
2006-04-28	4.5	7.52	29	11.5
2006-04-29	0	7.4	28	11
2006-04-30	0	5.68	26	11
2006-05-01	0	4.33	24	8
2006-05-02	0	7.22	24	10
2006-05-03	25	7.1	22	9
2006-05-04	0	6.4	26	9
2006-05-05	0	5.22	28	11
2006-05-06	0	6.24	28	12
2006-05-07	0	7.63	28.5	11
2006-05-08	0	5.83	29.5	11
2006-05-09	0	6.37	29.5	12
2006-05-10	16	8.46	29	11
2006-05-11	4	2.4	24	10.5
2006-05-12	22	10.15	24	12
2006-05-13	0	6.51	24.5	11
2006-05-14	2	6.12	26	9
2006-05-15	0	3.92	23	9
2006-05-16	4	4.75	22	8.5
2006-05-17	0	3.63	22	8
2006-05-18	7	5.62	22	9
2006-05-19	0	6	22	9
2006-05-20	0	7.7	22.5	9.5
2006-05-21	0	8.48	25	6
2006-05-22	0	6.88	26	7
2006-05-23	0	7.28	26.5	7
2006-05-24	0	6.17	26	7
2006-05-25	0	6.07	26.5	7
2006-05-26	2	7.14	26.5	7
2006-05-27	0	7.23	23	9
2006-05-28	40	6	24.5	12
2006-05-29	38	3.51	24	12
2006-05-30	0	2.52	24.5	13
2006-05-31	0	2.07	24	12
2006-06-01	0	5.39	23	12
2006-06-02	0.01	4.28	22	9
2006-06-03	10	3.08	20	10
2006-06-04	1	2.66	19.5	12.5
2006-06-05	0	1.65	20.5	8
2006-06-06	0	5.35	23.5	12
2006-06-07	0	4.6	25	8
2006-06-08	0	6.09	24.5	8
2006-06-09	0	6.69	24	8
2006-06-10	0	7.45	24	6
2006-06-11	0	6.39	25	7
2006-06-12	0	5.76	27	6.5
2006-06-13	0	6.34	26	6
2006-06-14	0	6.13	24.5	7
2006-06-15	0	5.46	25.5	6
2006-06-16	11	3.86	25	6
2006-06-17	2	6.56	26	10
2006-06-18	2	4.22	25	11
2006-06-19	0	5.09	24.5	11
2006-06-20	2	5.99	25	10
2006-06-21	4	1.35	25	9
2006-06-22	4	7.7	24.5	9
2006-06-23	0	4.68	25	10
2006-06-24	0	3.66	24	12
2006-06-25	0	6.74	24	9
2006-06-26	0	5.03	24.5	8
2006-06-27	0	4.1	25.5	8.5
2006-06-28	0	4.54	24	11
2006-06-29	0	3.06	24	11
2006-06-30	7	2.48	25	13.5
2006-07-01	19	5.1	23.5	9
2006-07-02	12	5.2	25	9
2006-07-03	3	4.1	22.5	9
2006-07-04	2	6.2	23.5	12
2006-07-05	0	5.02	26.5	11
2006-07-06	0	6.41	25	11
2006-07-07	0	5.2	26	11
2006-07-08	0	6	23.5	10
2006-07-09	1	4.08	23	11.5
2006-07-10	0	2.34	24.5	12
2006-07-11	0	3.34	25	9.5
2006-07-12	0	4.71	23.5	10
2006-07-13	0	4.83	23	9.5
2006-07-14	1	3.52	24	9.2
2006-07-15	0	4.89	22	9.5
2006-07-16	0	4.13	24	8
2006-07-17	0	6.75	24.5	9
2006-07-18	0	5.65	26	9
2006-07-19	0	5.72	25.5	7
2006-07-20	0	7.1	23.5	9
2006-07-21	1	3.67	22	10
2006-07-22	0	4.35	23	13.5
2006-07-23	17	2.31	20	13.5
2006-07-24	18	4.3	19.5	13
2006-07-25	0	4.58	23	11.5
2006-07-26	2	5.2	22	11
2006-07-27	5	3.26	23	10
2006-07-28	4	5.78	23.5	11
2006-07-29	11	6.6	24	9.5
2006-07-30	0	5.3	22	10
2006-07-31	0	4.89	24	10
2006-08-01	0	3.93	26	11
2006-08-02	0	3.83	24	12
2006-08-03	0	3.18	21	13
2006-08-04	0	4.7	21	13
2006-08-05	19	3.32	20	14
2006-08-06	37	3.82	22	11
2006-08-07	0	4.25	20	11
2006-08-08	0	4.1	32	11
2006-08-09	0	3.4	22	11
2006-08-10	0	3.9	23	12
2006-08-11	2	3.6	23	11
2006-08-12	5	4.68	23.5	10
2006-08-13	0	4.99	24.5	11
2006-08-14	0	2.83	26	11
2006-08-15	18	6.36	23	11
2006-08-16	0	5.52	23.5	10.5
2006-08-17	0	3.84	24	7.5
2006-08-18	0	5.62	24	9
2006-08-19	4	2.73	23.5	9
2006-08-20	8	6.34	22	10.5
2006-08-21	6	5.4	23.5	8
2006-08-22	0	4.6	23.5	9
2006-08-23	6.5	5.62	24.5	10
2006-08-24	14.5	5.02	23	9
2006-08-25	10	4.13	23	10
2006-08-26	0	3.87	23	12.5
2006-08-27	17	4.09	24.5	11
2006-08-28	0	4.89	25	8
2006-08-29	0	4.94	24	8.5
2006-08-30	13	5.86	22	11
2006-08-31	10	6.98	23	11
2006-09-01	0	5.2	22.5	12
2006-09-02	5	5.92	24.5	10
2006-09-03	0	4.18	23.5	9
2006-09-04	16	5.47	22.5	9
2006-09-05	8	7.4	20	13
2006-09-06	0	6.67	21	11
2006-09-07	28	6.31	24.5	11.5
2006-09-08	0	6.99	24.5	13.5
2006-09-09	0	4.65	24	11.5
2006-09-10	7	4.2	23	13
2006-09-11	0	3.47	25.5	12
2006-09-12	3	2.08	26	12
2006-09-13	0	4	22.5	12
2006-09-14	0	4.06	23	12
2006-09-15	0	7.26	25	11
2006-09-16	0	3.39	25	12
2006-09-17	0	6.16	26	11.5
2006-09-18	5	4.31	25.5	12
2006-09-19	0	3.76	22	11
2006-09-20	7	3.3	20	11.5
2006-09-21	0	3.59	24.5	10.5
2006-09-22	18	6.95	26	11
2006-09-23	0	4.09	24.5	9.5
2006-09-24	3	6.07	25	9
2006-09-25	2	3.77	21.5	9
2006-09-26	0	3.05	21	12
2006-09-27	0	2.11	22.5	9.5
2006-09-28	0	2.71	23	10
2006-09-29	0	3.24	24	10
2006-09-30	18	4.3	24.5	10
2006-10-01	3	3.62	23	11
2006-10-02	0	4.81	23	12.5
2006-10-03	0	4.6	21	10
2006-10-04	0	3.66	22	10
2006-10-05	0	3.09	18	10
2006-10-06	1	1.69	18	10.5
2006-10-07	0	3.96	19	11
2006-10-08	0	3.74	22	10.5
2006-10-09	0	4.16	25	7.5
2006-10-10	0	5.53	25	9
2006-10-11	0	4.39	25	10
2006-10-12	0	4.48	25	10
2006-10-13	5	4.06	24.5	12
2006-10-14	0	2.27	24	13
2006-10-15	0	4.42	22	13.5
2006-10-16	0	4.43	23	13
2006-10-17	0	4.08	23.5	11.5
2006-10-18	9	3.97	26	11.5
2006-10-19	0	3.39	24	12.5
2006-10-20	0	3.11	22.5	12
2006-10-21	0	2.5	26	11
2006-10-22	0	4.95	25	12
2006-10-23	0	2.51	20	11
2006-10-24	0	5.07	25	6.5
2006-10-25	0	4.89	25.5	7
2006-10-26	13	5.25	24	9.5
2006-10-27	0	3.8	24	12
2006-10-28	0	1.53	21	9
2006-10-29	0	3.32	24	5
2006-10-30	0	5.24	24	2
2006-10-31	0	6.88	25	3
2006-11-01	0	5.36	25.5	4
2006-11-02	0	3.52	22.5	4.5
2006-11-03	0	4.03	21.5	7
2006-11-04	0	3.42	23	8.5
2006-11-05	9	2.88	26	5
2006-11-06	0	4.28	22	7.5
2006-11-07	0	4.39	19.5	8
2006-11-08	0	2.6	22.5	7
2006-11-09	0	4.32	23	9
2006-11-10	3	2.01	24	11
2006-11-11	3	4.86	21	12
2006-11-12	0	3.4	21	10
2006-11-13	7	3.04	21.5	9
2006-11-14	0	1.22	22	7.5
2006-11-15	0	3.02	24	7.5
2006-11-16	0	2.9	19.5	6.5
2006-11-17	0	4.2	23	7
2006-11-18	0	5.48	21	3
2006-11-19	3	1.95	14.5	6
2006-11-20	0	1.42	15	7
2006-11-21	0	7.39	10	5
2006-11-22	0	3.35	21	3
2006-11-23	0	4.21	23	1
2006-11-24	0	4.47	21	2
2006-11-25	0	3.06	22	1
2006-11-26	0	2.47	20	0
2006-11-27	0	3.9	24.5	3
2006-11-28	0	4.91	24	4
2006-11-29	0	4.97	25	4
2006-11-30	0	4.86	25	4.5
2006-12-01	0	2.37	24	6
2006-12-02	0	4.93	24.5	5.5
2006-12-03	0	3.03	19	9.5
2006-12-04	0	3.11	17	5
2006-12-05	0	3	20	1
2006-12-06	0	4.15	23	2
2006-12-07	0	3.29	21	2
2006-12-08	0	3.74	16.5	3
2006-12-09	0	1.98	19	2
2006-12-10	0	4.77	20	3
2006-12-11	0	1.12	21.5	2
2006-12-12	0	4.58	22.5	3
2006-12-13	0	3.95	21.5	2.5
2006-12-14	0	3.67	20.5	3.5
2006-12-15	0	4.24	22	3
2006-12-16	0	3.37	21	2
2006-12-17	0	2.88	23.5	3
2006-12-18	0	3.37	24.5	3
2006-12-19	0	2.18	22.5	3
2006-12-20	0	5.32	23.5	5.5
2006-12-21	0	1.16	22.5	6
2006-12-22	0	4.95	22.5	5
2006-12-23	0	3.93	21	4
2006-12-24	0	5.16	20.5	4
2006-12-25	0	4.02	19	1.5
2006-12-26	0	4.06	18	4
2006-12-27	0	5.95	21.5	4
2006-12-28	0	4.52	21	1.5
2006-12-29	0	6.08	22	1
2006-12-30	0	5.34	24	1.5
2006-12-31	0	3.5	24	3
2007-01-01	3	6.24	19	7
2007-01-02	0	4.4	21	4
2007-01-03	0	4.05	22	4.5
2007-01-04	0	2.3	21	7
2007-01-05	0	4.89	24	3
2007-01-06	0	3.23	24.5	4.5
2007-01-07	0	4.84	24	5
2007-01-08	0	4.02	21.5	6
2007-01-09	0	4.8	19.5	4.5
2007-01-10	0	2.57	22	1
2007-01-11	0	5.23	24.5	2
2007-01-12	0	4.31	23.5	5
2007-01-13	0	3.2	25.5	4
2007-01-14	0	4.78	25.5	4
2007-01-15	0	4.5	24	6
2007-01-16	0	4.09	24	4
2007-01-17	0	4.25	24	4
2007-01-18	0	5.9	25.5	5
2007-01-19	0	4.58	23.5	4
2007-01-20	0	5.43	22	5
2007-01-21	0	4.86	24.5	4
2007-01-22	0	5.9	23.5	6
2007-01-23	0	2.97	23	8
2007-01-24	3	2.97	19.5	6
2007-01-25	0	2.54	10	7.5
2007-01-26	0	6.17	21.5	5.5
2007-01-27	0	2.3	14	7.5
2007-01-28	0	3.23	20.5	5
2007-01-29	0	2.22	20	4
2007-01-30	0	5.7	22.5	4.5
2007-01-31	0	5.46	23	6
2007-02-01	0	5.34	23	7
2007-02-02	0	5.71	25	8.5
2007-02-03	12	4.25	20	9
2007-02-04	6	2.94	16.5	9
2007-02-05	5	0.82	12.5	6
2007-02-06	0	4.04	12	2.5
2007-02-07	0	3.6	20	3
2007-02-08	0	3.64	21.5	5
2007-02-09	13	4.7	21	6
2007-02-10	0	3.02	17.5	6
2007-02-11	0	3.59	20	2
2007-02-12	0	5.53	24.5	4
2007-02-13	0	3.67	24.5	2.5
2007-02-14	0	5.3	26	4
2007-02-15	0	6.77	26	4
2007-02-16	0	3.61	23	1
2007-02-17	0	6.83	22	2
2007-02-18	0	4.23	19	1
2007-02-19	0	4.05	25	1
2007-02-20	0	6.42	27	4
2007-02-21	0	6.71	28	6
2007-02-22	0	6.81	27.5	5.5
2007-02-23	0	5.75	27	4.5
2007-02-24	0	7.08	25	7
2007-02-25	0	7.45	21	6
2007-02-26	0	7.22	27	5.5
2007-02-27	0	6.29	28	4
2007-02-28	0	7.65	29	5
2007-03-01	0	7.47	29.5	5
2007-03-02	0	6.62	28	6
2007-03-03	0	6.04	28	5
2007-03-04	0	7.26	19	7.5
2007-03-05	0	5.36	21	3
2007-03-06	0	5.85	23	1
2007-03-07	0	6.35	26.5	2
2007-03-08	0	5.57	26.5	4
2007-03-09	0	5.65	24.5	8
2007-03-10	0	6.7	23.5	8.5
2007-03-11	0	6.12	23	8
2007-03-12	0	3.75	21	8
2007-03-13	0	3.67	20	9
2007-03-14	0	5.35	25	7.5
2007-03-15	0	5.58	25	6
2007-03-16	0	5.62	25	5
2007-03-17	0	6.09	22.5	4
2007-03-18	0	8.89	25	2
2007-03-19	0	5.84	26.5	4
2007-03-20	0	5.47	26.5	7
2007-03-21	0	6.63	26	6
2007-03-22	0	5.77	27	6.5
2007-03-23	0	5.81	27	6
2007-03-24	0	5.07	26	7
2007-03-25	0	5.3	22	7.5
2007-03-26	0	1.96	26.5	10
2007-03-27	4	5.48	25	8
2007-03-28	0	5.46	25	9
2007-03-29	0	6	25	9
2007-03-30	0	6.17	27	9
2007-03-31	6	3.56	26	7
2007-04-01	0	2.3	22	7
2007-04-02	15	2.9	23	10
2007-04-03	5	5.07	23	9.5
2007-04-04	7	6.7	21	8
2007-04-05	0	4.51	20.5	6.5
2007-04-06	0	6.75	23.5	4.5
2007-04-07	1	4.72	22.5	6.5
2007-04-08	0	5.79	24	8
2007-04-09	0	5.55	23	8.5
2007-04-10	0	9.96	25	5
2007-04-11	0	5.52	24	4
2007-04-12	0	9.91	26	6
2007-04-13	0	8.18	25	5
2007-04-14	0	7.46	27	7.5
2007-04-15	0	6.8	26	7.5
2007-04-16	0	7.16	28	7
2007-04-17	0	5.57	29	9
2007-04-18	0	7.36	26	9
2007-04-19	0	4.1	28	6
2007-04-20	0	7.14	27.5	9
2007-04-21	0	3.7	27	10.5
2007-04-22	6	9.94	29.5	9.5
2007-04-23	0	6.78	29	9
2007-04-24	0.01	4.57	25	10
2007-04-25	0	7.04	26	10
2007-04-26	0	6.96	26.5	9.5
2007-04-27	4	5.04	21.5	11
2007-04-28	5	4.06	24.5	10
2007-04-29	4	5.04	23	9
2007-04-30	0	7.96	26	10
2007-05-01	0	7.44	26	9.5
2007-05-02	0	6.8	28	10
2007-05-03	0	7.31	28.5	10
2007-05-04	0	6.93	29.5	11
2007-05-05	0	5.87	29	10
2007-05-06	0	7.4	28	10
2007-05-07	0	7.31	28	10.5
2007-05-08	0	6.48	27.5	11
2007-05-09	0	3.06	27	12
2007-05-10	0	7.12	27.5	12
2007-05-11	0	5.4	26	12
2007-05-12	0	7.33	24	11
2007-05-13	0	6.8	25	9
2007-05-14	0	6.98	26	9
2007-05-15	0	6.45	28	10
2007-05-16	0	6.19	26	8
2007-05-17	0	6.93	26	9
2007-05-18	0	5.54	26	8.5
2007-05-19	0	5.2	27	8
2007-05-20	6	5.63	25	10
2007-05-21	0	4.94	25	12
2007-05-22	0	5.71	25	9.5
2007-05-23	10	3.82	26	11
2007-05-24	15	6.93	25	9.5
2007-05-25	9	3.14	24	9.5
2007-05-26	20	9.11	23.5	11.5
2007-05-27	2	4.14	24	10.5
2007-05-28	0	5.18	23	10
2007-05-29	0	6.14	26	10
2007-05-30	0	7.48	25	9.5
2007-05-31	0	5.89	24	8.5
2007-06-01	0	6.8	25.5	6.5
2007-06-02	0	7.79	29	6
2007-06-03	0	8.43	30	9.5
2007-06-04	0	7.18	30.5	9
2007-06-05	0	6.72	29	12
2007-06-06	0	6.9	28.5	10
2007-06-07	0	8.07	29.5	13
2007-06-08	1	3.8	28.5	13.5
2007-06-09	0	5.02	25	11
2007-06-10	0	7.98	26	11
2007-06-11	0	8.36	25	8
2007-06-12	0	7.12	27	7.5
2007-06-13	0	6.69	26.5	7
2007-06-14	0	7.25	26.5	7.5
2007-06-15	0	4.28	24	8.5
2007-06-16	3	6.76	22	10
2007-06-17	10	3.8	25	10
2007-06-18	10	4.66	23	9
2007-06-19	6	4.59	24	10.5
2007-06-20	23	6.57	24	12
2007-06-21	1	4.86	23	12
2007-06-22	22	5.85	24	12
2007-06-23	40	4.5	25	13
2007-06-24	0	5.15	22.5	13
2007-06-25	8	7.16	23	13
2007-06-26	0	3.71	24	13
2007-06-27	0	5.33	23.5	12.5
2007-06-28	3	2.82	23	10.5
2007-06-29	9	3.7	22.5	10
2007-06-30	2.5	0.86	24.5	11
2007-07-01	9	2.12	24.5	10
2007-07-02	4	4.88	24	10
2007-07-03	0	4.48	26	11
2007-07-04	1	3.74	26	13
2007-07-05	0	7.82	24.5	14
2007-07-06	4	6.9	24	10
2007-07-07	1	4.17	24.5	11.5
2007-07-08	0	4.63	26	9.5
2007-07-09	0	5.12	26	12
2007-07-10	0	3.6	26	12
2007-07-11	1	6.38	25	11
2007-07-12	0	4.77	24.5	11.5
2007-07-13	0	4.21	25.5	7
2007-07-14	0	6.67	25.5	8.5
2007-07-15	6	6.3	25	10
2007-07-16	0	4.56	26	12
2007-07-17	10	3.89	20	10.5
2007-07-18	0.01	4.78	22	12
2007-07-19	3	4.78	23	12
2007-07-20	6	4.36	25	12
2007-07-21	0	4.32	25	12
2007-07-22	0	4.2	23	13
2007-07-23	2	4.51	22	11
2007-07-24	5	4.51	22	12
2007-07-25	0	3.24	21	13
2007-07-26	5	3.93	23.5	13.5
2007-07-27	0	5.94	25	12
2007-07-28	1	3.15	24	13
2007-07-29	0	4.45	26.5	11
2007-07-30	0	4.41	25.5	13
2007-07-31	1	4.3	24.5	11
2007-08-01	0	6.34	26	11
2007-08-02	0	5.02	26	10
2007-08-03	0	4.1	24.5	9
2007-08-04	0	5.46	25	9
2007-08-05	0	6.22	25.5	9.5
2007-08-06	0	3.82	22.5	10
2007-08-07	1	3.31	21	11.5
2007-08-08	0	4.88	25.5	12
2007-08-09	0	5.07	23	8.5
2007-08-10	0	6.42	27	8.5
2007-08-11	0.01	3.89	26.5	7
2007-08-12	0	5.18	25	9
2007-08-13	0	6.25	24.5	9
2007-08-14	0	4.76	24.5	7
2007-08-15	0	4.97	25	11
2007-08-16	0	3.71	25.5	12
2007-08-17	3	4.2	25	13
2007-08-18	14	4.36	24	11.5
2007-08-19	6	3.47	23	11
2007-08-20	1	3.91	24	9
2007-08-21	3	5.8	22	10
2007-08-22	74	3.16	22.5	12
2007-08-23	0	4.84	20.5	12
2007-08-24	0	4.98	22.5	11
2007-08-25	0	3.62	21.5	9
2007-08-26	2	3.96	20.5	11.5
2007-08-27	6	3.64	22	13
2007-08-28	0	4.86	24.5	13
2007-08-29	0	5.6	23	12
2007-08-30	3	3.02	21.5	13
2007-08-31	10	1.32	21	13
2007-09-01	10	1.32	22	13
2007-09-02	0	1.74	21	12
2007-09-03	1	3.38	22	11
2007-09-04	4	4.31	24	12
2007-09-05	0	1.39	25	12.5
2007-09-06	1	4.89	24.5	11.5
2007-09-07	4	0.32	17.5	12
2007-09-08	15	8.81	20	12
2007-09-09	4	4.29	22	13
2007-09-10	3	1.57	18	11
2007-09-11	5	2.3	19	12
2007-09-12	0	1.83	20	13
2007-09-13	1	4.75	23	11
2007-09-14	0	3.52	24	11.5
2007-09-15	0	4.98	23.5	11.5
2007-09-16	0	4.85	23.5	7
2007-09-17	1	4.2	24.5	8.5
2007-09-18	0	2.72	22	9
2007-09-19	0	5.82	24	9
2007-09-20	0	3.09	24	10
2007-09-21	0	4.04	23	10
2007-09-22	0	6.43	23	6
2007-09-23	0	4.6	23.5	5
2007-09-24	0	5.12	25	4
2007-09-25	0	7.58	23.5	5
2007-09-26	0	3.88	24	6
2007-09-27	14	3.27	19.5	9
2007-09-28	9	2.17	16	13
2007-09-29	10	3.83	22	13
2007-09-30	0	4.8	23	8.5
2007-10-01	0	3.97	21	10
2007-10-02	0	6.01	22	10
2007-10-03	0	3.53	22	10
2007-10-04	0	3.9	24	7
2007-10-05	0	5.9	24.5	8
2007-10-06	7	4.62	25	9
2007-10-07	0	6.05	23	10
2007-10-08	0	3.58	22	10.5
2007-10-09	1.5	0.59	17.5	7
2007-10-10	1	5.32	20.5	8
2007-10-11	0	1.92	22	11
2007-10-12	0	5.2	23.5	8
2007-10-13	0	3.63	23.5	5
2007-10-14	0	5.99	24.5	6
2007-10-15	0	4.6	25.5	4.5
2007-10-16	0	5.35	25	5
2007-10-17	0	4.49	26	6
2007-10-18	0	4.08	26	8
2007-10-19	0	4.09	24	10
2007-10-20	0	0.56	18.5	10
2007-10-21	5	3.94	23	10
2007-10-22	9	3.39	22.5	10.5
2007-10-23	0	2.89	15	7
2007-10-24	0	1.92	11.5	4
2007-10-25	0	4.22	18	3.5
2007-10-26	0	5.08	20.5	0
2007-10-27	0	5.14	19	1
2007-10-28	0	0.89	12	2
2007-10-29	0	1.95	10.5	6
2007-10-30	0	4.13	21.5	7
2007-10-31	0	4.86	20.5	3.5
2007-11-01	0	4.85	23	4
2007-11-02	0	5.6	23	6
2007-11-03	0	4.64	22.5	8
2007-11-04	0	6.61	20.5	6
2007-11-05	0	4.19	24.5	2
2007-11-06	0	4.71	23	1.5
2007-11-07	0	4.1	18	3
2007-11-08	0	3.91	23.5	1
2007-11-09	0	7.08	23	3
2007-11-10	0	6.21	22	1
2007-11-11	0	4.29	23	1
2007-11-12	0	4.01	26	2
2007-11-13	0	4.36	24	1
2007-11-14	0	4.25	25	2.5
2007-11-15	0	3.58	20.5	4.5
2007-11-16	0	5.6	24	7
2007-11-17	0	3.63	24	5
2007-11-18	0	4.46	21.5	7
2007-11-19	0	3.51	21	9
2007-11-20	0	3.06	21.5	5.5
2007-11-21	0	7.95	23.5	5
2007-11-22	0	5.03	23	6
2007-11-23	3	3.87	22	6
2007-11-24	1	1.8	21	5
2007-11-25	0	5.7	22	7
2007-11-26	0	3.57	24	4.5
2007-11-27	0	4.51	21	7
2007-11-28	0	3.35	23.5	7
2007-11-29	0	4.17	22	8
2007-11-30	0	3.87	22	6.5
2007-12-01	0	3.25	24.5	6
2007-12-02	0	4.76	25	4
2007-12-03	0	3.2	19	4
2007-12-04	0	3.17	20	4
2007-12-05	1.7	4.64	18	5
2007-12-06	0	2.35	18	2
2007-12-07	0	2.41	22	2.5
2007-12-08	0	4.98	23	4
2007-12-09	0	3.34	23	3.5
2007-12-10	0	5.52	23.5	5
2007-12-11	0	3.35	21.5	5
2007-12-12	0	3.93	23	3
2007-12-13	0	3.84	22	4
2007-12-14	0	7.1	23	5
2007-12-15	0	5.69	23	4
2007-12-16	0	4.31	21.5	7
2007-12-17	0	4.48	23	6
2007-12-18	0	4.16	25	5
2007-12-19	0	3.54	25.5	4
2007-12-20	0	6.76	25	4
2007-12-21	0	3.58	24.5	4
2007-12-22	0	5.25	24.5	5
2007-12-23	0	4.37	22.5	6
2007-12-24	0	6.51	21	7
2007-12-25	0	2.95	22	3
2007-12-26	0	3.89	20.5	5
2007-12-27	0	4.77	22	7
2007-12-28	0	6.05	26	5
2007-12-29	0	4.04	24	6
2007-12-30	0	5.03	23.5	4.5
2007-12-31	0	5	24	3.5
2008-01-01	0	2.48	16.5	2
2008-01-02	0	3.25	10	4
2008-01-03	0	3.54	16.5	2
2008-01-04	0	3.75	21.5	3
2008-01-05	0	4.93	22.5	1
2008-01-06	0	5.67	23	2
2008-01-07	0	6.38	23	3
2008-01-08	0	3.72	23.5	3
2008-01-09	0	5.48	23	4
2008-01-10	0	4.47	22	4
2008-01-11	0	5.27	22	3.5
2008-01-12	0	5.1	21.5	3
2008-01-13	0	4.57	21	4.5
2008-01-14	0	3.34	20.5	4
2008-01-15	0	2.78	17.5	4
2008-01-16	0	5.71	20.5	4
2008-01-17	0	4.47	22	3.5
2008-01-18	0	4.79	19	4.5
2008-01-19	0	4.48	18	4.5
2008-01-20	0	2.05	19	2
2008-01-21	0	9.45	22.5	2
2008-01-22	0	6.42	26	3
2008-01-23	0	3.16	25.5	5
2008-01-24	0	6.1	26	5
2008-01-25	0	4.93	24	4.5
2008-01-26	0	5.41	24	4
2008-01-27	0	6.1	24	4
2008-01-28	0	4.67	23	5
2008-01-29	0	4.97	23.5	4
2008-01-30	0	5.21	23	4
2008-01-31	0	5.59	23	4
2008-02-01	0	6.11	23	5.5
2008-02-02	0	5.19	25	5
2008-02-03	0	6.27	25	5
2008-02-04	0	8.48	24.5	4
2008-02-05	0	8.33	24	2
2008-02-06	0	4.39	23.5	3.5
2008-02-07	0	6.82	23.5	5
2008-02-08	0	2.5	23	4.5
2008-02-09	0	4.83	23	5.5
2008-02-10	7	5.4	22	3.5
2008-02-11	0	3.48	18	5
2008-02-12	0	4.88	21	4
2008-02-13	0	4.16	22	7
2008-02-14	0	5.28	23	4.5
2008-02-15	0	7.82	25	6
2008-02-16	0	7.7	25	7
2008-02-17	0	7.21	26	4
2008-02-18	0	5.49	26.5	5
2008-02-19	0	7.9	25	5
2008-02-20	0	6.48	26	6
2008-02-21	0	6.57	26	7
2008-02-22	0	6.06	25.5	5.5
2008-02-23	0	7.86	26.5	5.5
2008-02-24	0	8.62	27	5
2008-02-25	0	5.84	26	2
2008-02-26	0	6.85	26.5	4.5
2008-02-27	0	5.63	20	5
2008-02-28	0	6.48	23.5	2
2008-02-29	0	5.49	20	3
2008-03-01	0	6.52	24.5	8
2008-03-02	0	5.36	22.5	6.5
2008-03-03	0	6.62	24.5	5
2008-03-04	0	6.79	24	9.5
2008-03-05	0	4.2	25	6
2008-03-06	0	6.01	23	4
2008-03-07	0	7.04	23.5	2
2008-03-08	0	6.62	21.5	4
2008-03-09	0	5.16	19	3
2008-03-10	0	7.26	21	4
2008-03-11	0	5.79	23.5	4
2008-03-12	0	5.86	24.5	5.5
2008-03-13	0	7.15	22	6
2008-03-14	0	4.79	24.5	5.5
2008-03-15	0	7.57	27.5	6
2008-03-16	0	8.5	27.5	7
2008-03-17	0	10.36	26.5	8
2008-03-18	0	7.49	25.5	12
2008-03-19	0	7.18	23	8
2008-03-20	0	6.07	24	7
2008-03-21	0	7.42	25.5	4
2008-03-22	0	8.71	24	8.5
2008-03-23	0	6.57	18	4
2008-03-24	0	4.26	23	8.5
2008-03-25	0	6.18	23	4.5
2008-03-26	0	4.7	25.5	6
2008-03-27	2	9.86	25.5	6
2008-03-28	0	4.78	28	8
2008-03-29	5	8.08	28.5	8.5
2008-03-30	0	6.97	28	9.5
2008-03-31	0	4.22	29	9.5
2008-04-01	0	8.42	29.5	9
2008-04-02	0	6.52	30	8.5
2008-04-03	0	9.52	29.5	8
2008-04-04	0	8.12	29	9
2008-04-05	0	7.82	27	10
2008-04-06	0	9.06	27	7
2008-04-07	0	7.8	27.5	7.5
2008-04-08	0	7.37	29.5	6.5
2008-04-09	0	7.89	29.5	10
2008-04-10	0	8.69	29	9
2008-04-11	14	8.81	29.5	10
2008-04-12	0	9.12	24	10.5
2008-04-13	0	4.6	18	10
2008-04-14	0	5.64	21	7.5
2008-04-15	0	6.46	23	7.5
2008-04-16	0	8	25	7
2008-04-17	1	4.6	26.5	8.5
2008-04-18	0	5.51	27.5	9.5
2008-04-19	0	7.14	27.5	9
2008-04-20	0	8.27	28.5	10
2008-04-21	0	7.5	30	10.5
2008-04-22	0	9.47	31	9.5
2008-04-23	0	6.93	29.5	11
2008-04-24	2	4.29	28.5	9.5
2008-04-25	0	10.7	29.5	10
2008-04-26	4	7.34	28.5	10.5
2008-04-27	0	5.8	26	9.5
2008-04-28	3	1.88	19.5	9.5
2008-04-29	0	4.66	22.5	8
2008-04-30	0	5.29	22	7.5
2008-05-01	0	8.94	25.5	7.5
2008-05-02	0	6.03	26.5	8
2008-05-03	0	6.97	26.5	9
2008-05-04	0	4	26.5	11.5
2008-05-05	0	8.33	27	10
2008-05-06	0	6.74	29	9.5
2008-05-07	0	7.36	29.5	11
2008-05-08	0	7.67	30.5	12
2008-05-09	0	7.57	29.5	11
2008-05-10	0	9.77	30.5	12
2008-05-11	0	7.7	29.5	12
2008-05-12	6	7.41	29	12
2008-05-13	0	6.45	28.5	11
2008-05-14	0	6.88	26	12.5
2008-05-15	1	4.9	27	9.5
2008-05-16	2	0.18	26	10
2008-05-17	0	3.42	28	10
2008-05-18	0	5.43	23	12
2008-05-19	2	5.13	25	11.5
2008-05-20	0	1.78	18.5	12
2008-05-21	6	3.88	23	9.5
2008-05-22	0	8.4	23	8
2008-05-23	0	7.23	22.5	8
2008-05-24	0	7.98	29	9.5
2008-05-25	0	8.35	27.5	11
2008-05-26	0	7.85	27.5	12
2008-05-27	0	6.8	26.5	11
2008-05-28	0	7.89	24	7
2008-05-29	0	6.29	24.5	6.5
2008-05-30	0	5.25	24.5	10
2008-05-31	0	6.74	24	9.5
2008-06-01	0	8.64	28	8.5
2008-06-02	0	7.59	26	9
2008-06-03	0	5.49	26	8
2008-06-04	0	7.59	28	9
2008-06-05	0	8.36	28	11
2008-06-06	21	5.73	26.5	13
2008-06-07	8	3.37	22	13
2008-06-08	1	0.87	22.5	13
2008-06-09	26	7.72	21	13.5
2008-06-10	24	5.43	22	13
2008-06-11	21	4.05	20.5	13.5
2008-06-12	0	3.09	21.5	13
2008-06-13	9	8.09	23	11
2008-06-14	9	3	21.5	11
2008-06-15	0	5.41	21.5	11.5
2008-06-16	3	3.98	24	11.5
2008-06-17	0	5.93	24	11.5
2008-06-18	0	4.26	24.5	11.5
2008-06-19	0	6.56	26	8
2008-06-20	0	6.27	25.5	8
2008-06-21	0	5.27	24	8
2008-06-22	19	8.1	23	10.5
2008-06-23	0	3.97	21.5	10
2008-06-24	1	3.75	20.5	10
2008-06-25	1	2.88	22.5	9.5
2008-06-26	19	7.38	22.5	9
2008-06-27	0	5.51	23	10
2008-06-28	31	8.51	22	9.5
2008-06-29	13	5.32	20.5	12
2008-06-30	0	5.28	20	11
2008-07-01	2	1.29	22	12
2008-07-02	28	2.4	22	12
2008-07-03	2	5.35	21.5	13
2008-07-04	2	4.13	21.5	12
2008-07-05	0	1.8	23	14
2008-07-06	30	10.13	23	12.5
2008-07-07	8	3.04	19	14
2008-07-08	10	1.76	23.5	13.5
2008-07-09	0	4.01	18	13
2008-07-10	0	2.2	21	12
2008-07-11	0	4.32	20	11
2008-07-12	6	5.58	22.5	9
2008-07-13	1	2.45	23.5	9
2008-07-14	0	5.15	24.5	10
2008-07-15	0	4.96	24.5	11
2008-07-16	0	6.16	23.5	10
2008-07-17	3	3.48	24	10
2008-07-18	0	5.17	24.5	9
2008-07-19	0	5.98	24.5	10.5
2008-07-20	0	4.59	21	12
2008-07-21	0	5.19	23	8
2008-07-22	0	5.03	20.5	9.5
2008-07-23	0	5.06	24.5	11
2008-07-24	0	4.21	23	10.5
2008-07-25	9	3.28	23.5	12
2008-07-26	5	4.84	22	9
2008-07-27	42	9.69	20.5	9
2008-07-28	0	9.97	24	11
2008-07-29	0	5.14	24.5	12
2008-07-30	0	4.59	23.5	10
2008-07-31	0	5.07	24	11
2008-08-01	0	3.16	23.5	12
2008-08-02	2	4.22	23.5	10
2008-08-03	1	4.06	21	12
2008-08-04	0	4.01	24	11
2008-08-05	0	5.83	24	12
2008-08-06	5	4.08	23.5	10.5
2008-08-07	3	5.8	24	11
2008-08-08	0	3.52	24	10
2008-08-09	0	3.82	23.5	9
2008-08-10	0	5.56	25	8.5
2008-08-11	10	2.73	24.5	9.5
2008-08-12	0	6.53	23.5	10.5
2008-08-13	0	5.02	25	10.5
2008-08-14	0	4.72	25	9.5
2008-08-15	6	5.37	24	10.5
2008-08-16	0	4.28	23	10
2008-08-17	0	4.21	23	11
2008-08-18	0	5.51	23.5	12.5
2008-08-19	0	3.38	22	12
2008-08-20	0	4.51	25	12
2008-08-21	8	2.78	24.5	13
2008-08-22	5	5.22	24.5	12
2008-08-23	1	10.45	24.5	11
2008-08-24	3	4.57	24	10
2008-08-25	2	5.56	24.5	12
2008-08-26	0	3.49	23	14
2008-08-27	3	4.64	25	10
2008-08-28	0	2.42	22.5	11.5
2008-08-29	4	1.46	19.5	10.5
2008-08-30	0	5.67	24	12
2008-08-31	55	9.36	25	8.5
2008-09-01	2	5.71	25	11
2008-09-02	6	3.87	23.5	12
2008-09-03	1	5.06	24.5	9
2008-09-04	0	4.79	25	10
2008-09-05	0	8.66	22.5	9
2008-09-06	5	0.96	17.5	9.5
2008-09-07	38	6.66	21.5	11
2008-09-08	2	2.76	22.5	13
2008-09-09	0	4.2	23.5	14
2008-09-10	0	4.3	24.5	12
2008-09-11	9	1.54	25.5	10
2008-09-12	11	6.86	26.5	13
2008-09-13	0	4.31	24.5	12.5
2008-09-14	11	1.47	19	13
2008-09-15	34	7.36	21	13.5
2008-09-16	0	2.55	18.5	13.5
2008-09-17	0	2.89	21.5	11
2008-09-18	0	4.49	24.5	10.5
2008-09-19	0	3.89	20	10
2008-09-20	2	1.02	20	9
2008-09-21	0	2.78	23	9.5
2008-09-22	0	2.8	21	12.5
2008-09-23	1	2.12	23.5	13.5
2008-09-24	0	3.05	21	12.5
2008-09-25	0	1.01	19	12
2008-09-26	0	2.46	17	11
2008-09-27	0	4.02	20.5	10
2008-09-28	0	2.73	22	10
2008-09-29	0	6.28	21	6
2008-09-30	0	9.33	20	3.5
2008-10-01	0	6.14	20.5	4
2008-10-02	0	3.24	22	4.5
2008-10-03	8	3.19	21.5	5
2008-10-04	6	3.25	22.5	6
2008-10-05	0	4.12	23.5	8
2008-10-06	2	4.88	24.5	9
2008-10-07	0	3.85	23	9
2008-10-08	0	3.75	23	10
2008-10-09	0	4.76	24	12
2008-10-10	3	1.85	24.5	11
2008-10-11	0	4.2	22.5	11.5
2008-10-12	0	4.21	24.5	10.5
2008-10-13	0	3.15	23	10
2008-10-14	0	4.78	21	8
2008-10-15	0	4.57	23.5	7
2008-10-16	1	2.2	22	8
2008-10-17	0	2.87	18	12
2008-10-18	1	0.94	18	12.5
2008-10-19	0	2.16	14.5	11.5
2008-10-20	0	3.1	22	8.5
2008-10-21	0	3.2	18.5	4
2008-10-22	0	4.2	24	4
2008-10-23	0	5.1	23	4
2008-10-24	0	6.06	24.5	4.5
2008-10-25	0	5.16	25.5	5
2008-10-26	0	6.93	25	8
2008-10-27	0	2.46	15	6
2008-10-28	0	0.56	14	2
2008-10-29	0	5.24	21	4
2008-10-30	0	6.33	20	4.5
2008-10-31	0	4.29	22.5	4
2008-11-01	0	4.25	19	6
2008-11-02	0	5.92	21.5	2
2008-11-03	0	6.98	22	2
2008-11-04	0	5.21	22	2
2008-11-05	0	5.43	23	2.5
2008-11-06	0	5.51	23	4
2008-11-07	0	5.29	21.5	4
2008-11-08	0	4.4	23	4
2008-11-09	0	5.2	23	5
2008-11-10	0	4.57	23.5	6.5
2008-11-11	0	4.1	25.5	6
2008-11-12	0	5.77	24.5	6
2008-11-13	0	6.41	24	5.5
2008-11-14	0	5.31	25	4
2008-11-15	0	6.29	16	4
2008-11-16	0	5.02	19	3.5
2008-11-17	0	3.29	28	4
2008-11-18	0	6.16	25	5
2008-11-19	0	2.56	28	3
2008-11-20	0	2.3	15	2
2008-11-21	0	2.9	18.5	1
2008-11-22	0	2.66	21	1.5
2008-11-23	0	3.54	22	0.5
2008-11-24	0	6.11	19	4
2008-11-25	0	5.1	22.5	3.5
2008-11-26	0	4.12	23.5	3
2008-11-27	0	4.3	24.5	3.5
2008-11-28	0	3.47	23.5	5
2008-11-29	0	4.92	24.5	4
2008-11-30	0	6.08	24.5	4
2008-12-01	0	3.97	21.5	3.5
2008-12-02	0	3.55	31.5	0.5
2008-12-03	0	5.01	22	0
2008-12-04	0	3.12	23	2
2008-12-05	0	3.83	22	1.5
2008-12-06	0	3.54	22.5	1.5
2008-12-07	0	3.14	22	1.5
2008-12-08	0	3.46	22	3
2008-12-09	0	3.7	23	4
2008-12-10	0	2.39	23.5	3
2008-12-11	0	2.75	19.5	1
2008-12-12	0	4.27	21.5	2
2008-12-13	0	3.25	22.5	1.5
2008-12-14	0	4.02	26	2.5
2008-12-15	0	4.34	26.5	2.5
2008-12-16	0	4.56	26	1.5
2008-12-17	0	3.16	23.5	2
2008-12-18	0	5.17	26	4
2008-12-19	0	4.25	26	3.5
2008-12-20	0	4.33	24	1
2008-12-21	0	5.12	21	1
2008-12-22	0	3.78	22	2
2008-12-23	0	4.08	22	3
2008-12-24	0	3.93	22	2
2008-12-25	0	4.1	21.5	3
2008-12-26	0	4	22	3
2008-12-27	0	4	23	2
2008-12-28	0	4	24	2
2008-12-29	0	4	21	4
2008-12-30	0	4	21	2.5
2008-12-31	0	4	21	4
2009-01-01	0	3.85	20	2
2009-01-02	0	4	22	1
2009-01-03	0	7.88	22	2
2009-01-04	0	2.72	25	3.5
2009-01-05	0	5.4	23.5	2
2009-01-06	0	5.56	25	1
2009-01-07	0	5.92	25	4.5
2009-01-08	0	4.52	25.5	2
2009-01-09	0	5.04	26	1.5
2009-01-10	0	4.5	25.5	1.5
2009-01-11	0	4.22	23	1.5
2009-01-12	0	5.49	19.5	3.5
2009-01-13	0	3.55	13	5
2009-01-14	0	2.96	24	1
2009-01-15	5	1.84	15	2
2009-01-16	5	2.73	13	6
2009-01-17	0	0.94	17.5	5
2009-01-18	0	3.87	18	4
2009-01-19	0	3.19	20	0
2009-01-20	0	3.47	19	2.5
2009-01-21	0	6.05	20	0
2009-01-22	0	4.95	21	1.5
2009-01-23	0	6.9	23	2
2009-01-24	0	4.17	24.5	0
2009-01-25	0	5.89	24	1
2009-01-26	0	7.74	26.5	2
2009-01-27	0	5.16	26.5	4
2009-01-28	0	6.93	25.5	4
2009-01-29	0	6.95	26	1.5
2009-01-30	0	5.15	17.5	4
2009-01-31	0	6.14	17.5	3.5
2009-02-01	0	4.81	22	4
2009-02-02	0	6.61	21	4.5
2009-02-03	0	5.13	20.5	6
2009-02-04	0	5.48	18	4.5
2009-02-05	0	5.67	19	2
2009-02-06	0	4.42	21.5	1.5
2009-02-07	0	6.18	25.5	1.5
2009-02-08	0	7.2	26	1
2009-02-09	0	7.21	24	4
2009-02-10	0	5.05	26	5.5
2009-02-11	0	7.84	26	4
2009-02-12	0	6.21	24	4
2009-02-13	0	7.77	26	4
2009-02-14	0	8.12	26	5
2009-02-15	0	5.67	28	6
2009-02-16	0	7.62	27	5.5
2009-02-17	0	7.79	26	6.5
2009-02-18	0	5.9	28	7
2009-02-19	0	8.01	26	8
2009-02-20	0	3.7	23.5	11
2009-02-21	0	6.58	22.5	7.5
2009-02-22	0	4.31	16.5	5
2009-02-23	0	5.36	21	1
2009-02-24	0	6.08	24.5	2
2009-02-25	0	7.5	26	1
2009-02-26	0	5.63	27.5	1
2009-02-27	0	8.88	29	2
2009-02-28	0	8.43	26	4
2009-03-01	0	4.72	28	1
2009-03-02	0	4.49	22	1
2009-03-03	0	7.96	25.5	1
2009-03-04	0	5.56	27.7	1
2009-03-05	0	10.06	26.5	1
2009-03-06	0	9.52	27	2
2009-03-07	0	10.43	27	6
2009-03-08	0	8.56	27	6
2009-03-09	0	10.52	27.5	5.5
2009-03-10	0	9.61	27	7
2009-03-11	0	8.88	26.5	6.5
2009-03-12	1.3	7.99	24	6
2009-03-13	0	5.92	25.5	6
2009-03-14	0	6	25	8
2009-03-15	0	9.7	26	8
2009-03-16	0	9.22	24	9
2009-03-17	0	7.34	23	10.5
2009-03-18	0	8.66	24	6
2009-03-19	0	8.96	24.5	4.5
2009-03-20	0	9.02	22	6
2009-03-21	0	9.5	23	4
2009-03-22	0	10.6	23	4
2009-03-23	0	12.22	27.5	4
2009-03-24	0	9.61	28	7
2009-03-25	0	9.41	27	7.5
2009-03-26	0	11.98	27	8.5
2009-03-27	0	14.13	27	7
2009-03-28	0	12.43	26.5	7
2009-03-29	0	10.35	26.5	5.5
2009-03-30	0	13.18	29	6
2009-03-31	0	10.39	27	8
2009-04-01	0	13.57	29	9
2009-04-02	0	11.42	28.5	7
2009-04-03	0	12.44	29.5	10
2009-04-04	0	15.08	30.5	8.5
2009-04-05	0	12.6	30.5	9
2009-04-06	0	10.56	26	10
2009-04-07	0	9.12	23	6.5
2009-04-08	0	11.74	26.5	7.5
2009-04-09	0	6.64	28	9
2009-04-10	0	8.62	29.5	7.5
2009-04-11	0	10.61	29.5	10
2009-04-12	0	12.14	29	9.5
2009-04-13	0	12.09	28	9
2009-04-14	0	11.21	28	8
2009-04-15	4	12.43	27	9
2009-04-16	0	8.1	28	11
2009-04-17	0	10.19	27.5	9
2009-04-18	0	8.89	27.5	9.5
2009-04-19	0	7.13	28	9
2009-04-20	0	7.29	22.5	9
2009-04-21	0	7.09	23.5	9
2009-04-22	0	7.51	24	7
2009-04-23	0	9.67	24.5	8
2009-04-24	0	12.69	27	8.5
2009-04-25	0	10.84	27.5	8.5
2009-04-26	0	12.31	28	8
2009-04-27	0	11.51	28.5	9.5
2009-04-28	0	8.75	29	9
2009-04-29	0	2.07	29.5	5.5
2009-04-30	0	1.85	29.5	5
2009-05-01	7	10.93	30	9
2009-05-02	0	11.94	29.5	8
2009-05-03	0	10.66	29	10
2009-05-04	0	6.12	30.5	10
2009-05-05	0	10.97	29.5	9
2009-05-06	0	10.03	31	8.5
2009-05-07	0	9.98	31	9.5
2009-05-08	0	10.96	30.5	6.5
2009-05-09	0	11.2	31	7.5
2009-05-10	0	10.53	28	9.5
2009-05-11	0	6.16	25	12
2009-05-12	0	6.16	27.5	14
2009-05-13	5	9.06	27	13.5
2009-05-14	11	7.54	27	13
2009-05-15	32	8.25	24.5	13.5
2009-05-16	2	3.69	23	14
2009-05-17	0	5.73	22	13
2009-05-18	0	2.99	17	12
2009-05-19	0	6.26	21	11
2009-05-20	8	5.4	23.5	8.5
2009-05-21	5	7.5	23	10
2009-05-22	0	5.04	23.5	11.5
2009-05-23	0	7.84	24	11
2009-05-24	0	9.34	26	10
2009-05-25	0	10.5	26.5	9
2009-05-26	0	11.06	28	9.5
2009-05-27	0	11.11	28.5	11.5
2009-05-28	2	5.87	29.5	12.5
2009-05-29	16	9.05	27	11.5
2009-05-30	0	5.26	24.5	13
2009-05-31	0	6.07	24	10
2009-06-01	0	5.06	24	10
2009-06-02	0	4.58	23.5	11
2009-06-03	0	7.01	25	10.5
2009-06-04	0	8.01	24	9
2009-06-05	0	7.23	25.5	8.5
2009-06-06	0	8.55	23	5.5
2009-06-07	0	10.43	27.5	8
2009-06-08	0	8.13	29.5	8
2009-06-09	27	12.03	28	12
2009-06-10	0	7.02	26.5	11
2009-06-11	0	8.01	29.5	12
2009-06-12	0	6.44	28	9.5
2009-06-13	0	10.05	29	9
2009-06-14	0	6.94	27	10
2009-06-15	0	6.78	25.5	10
2009-06-16	4	6.83	25.5	12
2009-06-17	4	4.58	26	12.5
2009-06-18	4	4.23	22.5	11.5
2009-06-19	0	6.57	22.5	12
2009-06-20	12	4.95	23	9.5
2009-06-21	0	6.86	24	13
2009-06-22	5	4.73	21.5	12.5
2009-06-23	1	3.43	22.5	13
2009-06-24	15	6.69	24	11
2009-06-25	1	5.69	24	12
2009-06-26	0	5.01	23	13
2009-06-27	0	7.8	24.5	13.5
2009-06-28	13	5.43	24.5	11.5
2009-06-29	8	6.04	24	13
2009-06-30	31	7.53	24	13
2009-07-01	13.1	7.53	24	14
2009-07-02	0	3.5	23	13
2009-07-03	0	6.16	23.5	12.5
2009-07-04	5	3.89	21.5	13.5
2009-07-05	0	6.08	25	10
2009-07-06	0	6.52	25	11
2009-07-07	0	7.42	25.5	9
2009-07-08	0	8.46	25.5	11
2009-07-09	0	8.19	27	10
2009-07-10	0	3.52	22.5	7.5
2009-07-11	1	9.22	24	12
2009-07-12	0	7.93	26	10
2009-07-13	1	5.33	26.5	9.5
2009-07-14	3	6.28	27	11.5
2009-07-15	0	7.3	26	12
2009-07-16	0	7.42	26	11.5
2009-07-17	2	4.8	28	11
2009-07-18	0	6.01	26	10
2009-07-19	0	8.26	26	8.5
2009-07-20	0	7.24	26	10
2009-07-21	0	10.37	28	8
2009-07-22	0	8.16	27	9
2009-07-23	0	7.76	26.5	10.5
2009-07-24	0	7.5	28	11
2009-07-25	0	8.5	27	9.5
2009-07-26	0	7.53	26.5	10
2009-07-27	0	7.45	24	10
2009-07-28	16	6.83	26.5	10
2009-07-29	0	5.54	26	10
2009-07-30	0	8.55	27.5	11
2009-07-31	0	9.37	26.5	10
2009-08-01	0	9.37	26	9
2009-08-02	0	7.13	26.5	10.5
2009-08-03	0	7.06	26.5	11.5
2009-08-04	0	6.9	26.5	11
2009-08-05	0	8.05	26	10
2009-08-06	4	5.88	25.5	11
2009-08-07	0	7.66	26	9.5
2009-08-08	0	7.71	26	10
2009-08-09	0	5.17	24.5	12
2009-08-10	0	6.64	26	11.5
2009-08-11	0	7.93	26.5	8
2009-08-12	0	7.73	26.5	8.5
2009-08-13	0	6.88	25.5	8.5
2009-08-14	0	6.54	28	9.5
2009-08-15	0	6.01	26	12
2009-08-16	0	6.15	27	8
2009-08-17	0	3.37	26.5	9
2009-08-18	0	2.96	23.5	9.5
2009-08-19	4	6.41	24.5	10
2009-08-20	0	6.32	27	9.5
2009-08-21	0	6.53	26	10
2009-08-22	0	9.64	28.5	8
2009-08-23	0	10.14	27	9
2009-08-24	0	8.11	26.5	8.5
2009-08-25	0	5.76	24	10
2009-08-26	0	8.54	25.5	11
2009-08-27	0	5.85	26	11.5
2009-08-28	14	4.82	24.5	9.5
2009-08-29	34	4.12	24	9.5
2009-08-30	17	4.26	21	12.5
2009-08-31	0	5.07	23	14
2009-09-01	0	5.16	24	11
2009-09-02	0	5.1	24.5	10.5
2009-09-03	0	5.18	24	11
2009-09-04	35	8.72	22.5	14.5
2009-09-05	37	10.37	21	13.5
2009-09-06	0	1.83	22.5	13.5
2009-09-07	2	3.91	23	14
2009-09-08	16	6.06	22.5	15
2009-09-09	6	7.33	24	13.5
2009-09-10	2	2.69	23.5	13
2009-09-11	21	5.62	22	13.5
2009-09-12	14	5.2	23	14
2009-09-13	17	5.3	25	14
2009-09-14	5	4.12	22.5	14
2009-09-15	3	4.2	23	13
2009-09-16	0	1.67	23	10.5
2009-09-17	7	2.16	23.5	11.5
2009-09-18	0	4.92	23.5	11.5
2009-09-19	0	7.04	24	12
2009-09-20	0	5.6	23.5	9
2009-09-21	4	5.11	25	12
2009-09-22	0	5.72	25	10
2009-09-23	4	6	22.5	11.5
2009-09-24	2	3.38	20	13
2009-09-25	4	1.77	20	13
2009-09-26	3	0.73	18.5	13
2009-09-27	6	3.73	23	13.5
2009-09-28	0	4.49	24.5	13.5
2009-09-29	0	6.32	24	12
2009-09-30	0	2.81	25.5	13
2009-10-01	0	5.19	25	12
2009-10-02	0	6.91	26.5	9
2009-10-03	0	6.57	26	10
2009-10-04	0	6.55	26	11
2009-10-05	0	6.87	29	12
2009-10-06	0	7.17	28	8
2009-10-07	0	4.47	27	10
2009-10-08	0	5.07	25	11.5
2009-10-09	0	5.42	25.5	12
2009-10-10	0	6.32	25	12
2009-10-11	9	7.91	26.5	11
2009-10-12	2	3.15	24.5	9.5
2009-10-13	0	5.61	27	11
2009-10-14	0	5.94	25	11
2009-10-15	0	5.7	26.5	10.5
2009-10-16	0	8.3	25.5	6.5
2009-10-17	0	5.62	20.5	7.5
2009-10-18	0	3.55	21	10
2009-10-19	0	8.18	21.5	7.5
2009-10-20	0	5.3	23.5	9
2009-10-21	0	6.08	25	9.5
2009-10-22	0	6.35	24.5	9
2009-10-23	5	6.68	26	10
2009-10-24	34	3.86	23.5	9
2009-10-25	5	4.1	21	10.5
2009-10-26	11	0.84	20.5	12
2009-10-27	0	4.64	17.5	13
2009-10-28	0	7.35	21.5	13
2009-10-29	0	5.84	24	12.5
2009-10-30	33	6.73	24	13
2009-10-31	0	4.17	24	11.5
2009-11-01	0	2.74	20	8
2009-11-02	0	5.3	21	5
2009-11-03	0	6.2	19	7
2009-11-04	0	4.01	18	7
2009-11-05	0	3.59	16	8.5
2009-11-06	0	3.71	18	6
2009-11-07	0	4.87	20	7.5
2009-11-08	0	4.97	22	9
2009-11-09	0	6.99	21	5.5
2009-11-10	0	4.17	11.5	4
2009-11-11	0	4.28	16	5
2009-11-12	0	6.07	21.5	7.5
2009-11-13	0	6.29	21.5	4
2009-11-14	0	7.45	22.5	7
2009-11-15	0	6.45	23	4
2009-11-16	0	6.54	23	5
2009-11-17	0	2.86	22	9
2009-11-18	0	6.36	23.5	7
2009-11-19	0	5.12	22	7
2009-11-20	0	6.1	22.5	5
2009-11-21	0	7.62	22	6
2009-11-22	0	5.31	23	7
2009-11-23	0	7.11	22.5	7
2009-11-24	0	5.19	23	5
2009-11-25	0	7.79	20	8
2009-11-26	0	5.32	18	8
2009-11-27	0	4.67	19	5
2009-11-28	0	4.92	20.5	5
2009-11-29	0	6.7	23.5	6
2009-11-30	0	6.26	23	6.5
2009-12-01	0	5.55	20	10
2009-12-02	0	6.58	21.5	11.5
2009-12-03	0	11.36	21	7.5
2009-12-04	0	5.2	21.5	4
2009-12-05	0	5.34	23.5	8
2009-12-06	0	6.05	23	9
2009-12-07	0	5.51	25	7
2009-12-08	0	6.88	23.5	8.5
2009-12-09	0	7.03	25	8
2009-12-10	0	5.09	24	6
2009-12-11	0	7.84	23.5	6
2009-12-12	0	6.29	23.5	7
2009-12-13	0	11.15	24.5	7
2009-12-14	0	4.96	23	4
2009-12-15	0	6.59	24	5
2009-12-16	6	3.2	18.5	8
2009-12-17	0	4.99	19	7.5
2009-12-18	0	3.67	18	3.5
2009-12-19	0	2.37	17.5	5
2009-12-20	0	4.7	17	6
2009-12-21	0	5.88	17.5	0
2009-12-22	0	4.89	21	0.5
2009-12-23	0	4.07	19.5	1
2009-12-24	0	6.33	17	3
2009-12-25	0	6.29	20	1
2009-12-26	0	4.78	21	1
2009-12-27	0	7.02	23.5	5
2009-12-28	0	4.19	20.5	2
2009-12-29	0	5.62	22.5	4
2009-12-30	0	3.83	21	5.5
2009-12-31	0	3.23	20	4.5
2010-01-01	0	4.77	20	9
2010-01-02	0	2.8	19	4
2010-01-03	0	0.55	13	6
2010-01-04	0	1.07	15	4.5
2010-01-05	0	5.8	18	4.5
2010-01-06	0	3.99	18	6
2010-01-07	11	4.15	18.5	6.5
2010-01-08	9	0.6	11.5	8
2010-01-09	9	1.82	10.5	8
2010-01-10	0	2.2	11.5	4
2010-01-11	0	3.05	11.5	4.5
2010-01-12	1	2.28	15	5.5
2010-01-13	0	3.35	17	4.5
2010-01-14	0	6.43	19	5
2010-01-15	0	8.71	17.5	5
2010-01-16	0	5.69	20	4.5
2010-01-17	0	6.58	21.5	4
2010-01-18	0	6.71	23.5	5
2010-01-19	0	6.87	24	4
2010-01-20	0	8.26	24.5	4.5
2010-01-21	0	7.6	25	2
2010-01-22	0	7.99	24.5	2
2010-01-23	0	8.3	26	1.5
2010-01-24	0	8.2	24.5	2.5
2010-01-25	0	8.58	24.5	2.5
2010-01-26	0	7.77	29	3
2010-01-27	0	7.86	20	4.5
2010-01-28	0	4.45	20.5	6
2010-01-29	0	6.36	15	7
2010-01-30	0	3.16	14	4.5
2010-01-31	0	3.16	14	4.5
2010-02-01	2	4.32	13	4.5
2010-02-02	6	0.6	16.5	9.5
2010-02-03	22	0.36	14	10
2010-02-04	20	11.1	12.5	10
2010-02-05	0	9.9	20	2.5
2010-02-06	0	10.98	22	1.5
2010-02-07	0	7.77	22.5	3
2010-02-08	0	6.77	23	5.5
2010-02-09	0	6.86	24	7
2010-02-10	0	7.6	22	7
2010-02-11	0	6.24	22	8
2010-02-12	0	9.03	22.5	4
2010-02-13	0	7.59	23	6
2010-02-14	0	6.7	21	4.5
2010-02-15	0	6.43	9.5	2.5
2010-02-16	0	7.09	19	2.5
2010-02-17	27	1.78	10	6
2010-02-18	3	2.64	12.5	7
2010-02-19	0	4.47	20	5
2010-02-20	0	4.38	18	5
2010-02-21	0	8.18	22	5
2010-02-22	0	8.17	22	5
2010-02-23	0	7.11	23	8
2010-02-24	0	6.75	15	5
2010-02-25	0	6.39	24	0
2010-02-26	0	8.89	22	1.5
2010-02-27	0	7.8	23	0
2010-02-28	0	6.18	22	4
2010-03-01	0	8.95	24	5
2010-03-02	0	8.18	24.5	4.5
2010-03-03	0	9.15	25	4
2010-03-04	0	7.94	25.5	5
2010-03-05	0	7.66	25.5	6
2010-03-06	0	7.99	25	6
2010-03-07	0	6.98	25	9
2010-03-08	0	6.82	21	8.5
2010-03-09	0	9.64	26	9
2010-03-10	0	12.81	26	9
2010-03-11	0	11.08	26.5	5.5
2010-03-12	0	7.16	24.5	8
2010-03-13	0	13.03	27	4
2010-03-14	0	13.36	24	5
2010-03-15	0	8.55	26	7
2010-03-16	0	7.92	23.5	11
2010-03-17	0	8.14	21.5	9
2010-03-18	0	8.5	23	6.5
2010-03-19	0	9.06	24	9
2010-03-20	0	12.73	24	5
2010-03-21	0	9.87	25.5	5.5
2010-03-22	0	10.96	25	4
2010-03-23	0	11.14	26.5	6
2010-03-24	0	7.54	26	7
2010-03-25	0	8.03	27	6
2010-03-26	0	11.49	26.5	4
2010-03-27	0	10.81	26.5	7
2010-03-28	0	9.37	21.5	7
2010-03-29	0	5.51	24	6
2010-03-30	0	9.2	24.5	6
2010-03-31	0	10.6	24.5	6
2010-04-01	0	9.94	26	11
2010-04-02	0	10.31	26	11
2010-04-03	0	7.09	26	10
2010-04-04	0	9.18	26	10
2010-04-05	0	10.9	27	8
2010-04-06	0	8.14	28	8
2010-04-07	0	8.18	28.5	8
2010-04-08	7	11.74	24.5	11
2010-04-09	0	7.1	26	11
2010-04-10	6	9.72	27	11
2010-04-11	0	7.74	26.5	10
2010-04-12	21	9.81	22	10
2010-04-13	0	7.75	23.5	10
2010-04-14	0	5.4	24.5	9
2010-04-15	0	6.37	23	9
2010-04-16	0	7.28	22.5	7
2010-04-17	6	5.78	22	7.5
2010-04-18	0	6.74	28.5	10
2010-04-19	0	8.31	25	9
2010-04-20	0	9.18	26	9
2010-04-21	0	9.24	27	7
2010-04-22	0	10.41	26.5	7
2010-04-23	0	9.66	26.5	6
2010-04-24	0	12.15	27.5	7
2010-04-25	0	12.2	27.5	9
2010-04-26	0	12.03	28	8
2010-04-27	0	13.33	28.5	8
2010-04-28	0	10.94	28	8
2010-04-29	0	12.44	28	8
2010-04-30	0	11.45	30	8
2010-05-01	0	6.15	32	10.5
2010-05-02	0	13.99	31	6
2010-05-03	0	10.35	31	8.5
2010-05-04	0	7.75	25	10
2010-05-05	0	9.55	28.5	9
2010-05-06	0	5.8	31	5
2010-05-07	0	8.22	32	6.5
2010-05-08	0	7.6	30.5	4.5
2010-05-09	0	7.3	29	7.5
2010-05-10	5	7.4	28	10.5
2010-05-11	0	6.35	29	9.5
2010-05-12	26	7.35	26.5	10
2010-05-13	10	4.12	26.5	11
2010-05-14	0	6.12	25	12
2010-05-15	0	3.98	26.5	12.5
2010-05-16	19	5.65	24	13
2010-05-17	1	3.76	23.5	10.5
2010-05-18	0	6.72	25	11
2010-05-19	0	7.24	23	10
2010-05-20	0	9.18	29	11
2010-05-21	0	10.54	30.5	11.5
2010-05-22	0	10.95	29.5	12
2010-05-23	0	10.77	25.5	10
2010-05-24	0	9.19	29.5	12
2010-05-25	0	7.91	28.5	12
2010-05-26	0	6.84	27	11
2010-05-27	2	5.45	24	12
2010-05-28	22	8.32	24.5	10.5
2010-05-29	0	7.08	27.5	12
2010-05-30	0	8.68	29	10
2010-05-31	0	10.1	29	9.5
2010-06-01	0	9.99	28.5	11
2010-06-02	0	12.98	28	12.5
2010-06-03	0	8.61	29	11
2010-06-04	0	7.9	29.5	11.5
2010-06-05	0	8.35	27	13
2010-06-06	5	11.03	29.5	9.5
2010-06-07	3	9.35	28	11.5
2010-06-08	7	6.74	28	13
2010-06-09	0	7.2	28	11.5
2010-06-10	0	9.07	28.5	13
2010-06-11	0	6.14	26.5	14
2010-06-12	0	9.84	28	13.5
2010-06-13	0	6.35	26.5	12
2010-06-14	0	6.67	25.5	10.5
2010-06-15	0	7.7	26.5	10
2010-06-16	4	5.3	22	10.5
2010-06-17	0	5.11	22	11
2010-06-18	9	4.75	23	14
2010-06-19	0	7.2	26	10.5
2010-06-20	0	8.69	26	12
2010-06-21	0	8.64	25.5	12
2010-06-22	0	6.95	26.5	11
2010-06-23	0	6.28	26.5	11
2010-06-24	0	6.03	25	12
2010-06-25	0	8.33	26	12
2010-06-26	0	6.61	26.5	14
2010-06-27	0	10.19	26	11
2010-06-28	0	8.83	26	11
2010-06-29	0	6.36	24	12
2010-06-30	4	8.47	26	15
2010-07-01	0	5.05	24.5	10.5
2010-07-02	5	5.8	24	11.5
2010-07-03	9	5.08	24	12
2010-07-04	7	5.64	25	9.5
2010-07-05	43	5.02	24	12
2010-07-06	2	3.11	24	14
2010-07-07	40	5.43	23	14.5
2010-07-08	18	2.67	21	14
2010-07-09	6	4.95	21.5	14
2010-07-10	9	4.06	22.5	13.5
2010-07-11	1	3.31	22.5	14
2010-07-12	0	3.53	24	12
2010-07-13	0	6.32	24	11.5
2010-07-14	3	6	23	11.5
2010-07-15	2	2.82	22.5	11.5
2010-07-16	0	5.48	24.5	12
2010-07-17	0	5.36	24	10.5
2010-07-18	33	8.11	23.5	11.5
2010-07-19	0	8.62	24	12
2010-07-20	0	2.69	24	13
2010-07-21	0	6.23	23.5	14
2010-07-22	6	3.25	17.5	14
2010-07-23	17	2.78	19	14
2010-07-24	19	5.92	15	14
2010-07-25	19	0.92	19	13.5
2010-07-26	7	2.44	21	14
2010-07-27	0	3.87	27	11.5
2010-07-28	1	1.48	21.5	13
2010-07-29	0	5.86	23.5	13
2010-07-30	0	6.13	22	10
2010-07-31	0	1.72	23	11
2010-08-01	0	6.48	24.5	9.5
2010-08-02	0	7.77	24.5	10.5
2010-08-03	0	5.01	24.5	10.5
2010-08-04	0	6.02	23.5	10.5
2010-08-05	0	8.82	24.5	10
2010-08-06	6	3.65	22	11
2010-08-07	0	2.59	24.5	13
2010-08-08	0	5.87	25	13
2010-08-09	0	5.17	24.5	14.5
2010-08-10	0	3.62	26	13
2010-08-11	0	7.72	24.5	12
2010-08-12	17	4.82	22.5	11.5
2010-08-13	0	4.02	23	12
2010-08-14	0	5.52	23	14.5
2010-08-15	7	3.86	25	12.5
2010-08-16	0	3.86	22	11.5
2010-08-17	24	6.86	20.5	12
2010-08-18	0	2.44	22.5	12
2010-08-19	5	3.8	23	12.5
2010-08-20	0	5.91	23	10.5
2010-08-21	3	5.58	21	11
2010-08-22	0	4.4	21.5	12
2010-08-23	0	5.48	21.5	10
2010-08-24	0	4.6	23.5	9
2010-08-25	0	5.26	21.5	9.5
2010-08-26	0	5.24	21.5	12
2010-08-27	0	3.16	19	12.5
2010-08-28	0	6.75	24	10
2010-08-29	0	8.23	24	11
2010-08-30	0	4.24	23.5	10.5
2010-08-31	0	0.92	24	11
2010-10-01	0	4.12	23	2
2010-10-02	0	4.68	22.5	2.5
2010-10-03	0	6.26	23.5	3.5
2010-10-04	0	4.49	21	1
2010-10-05	0	3.76	21.5	1.5
2010-10-06	0	2.56	20	8
2010-10-07	0	3.25	22.5	8
2010-10-08	0	6.94	24.5	6
2010-10-09	0	5.29	25	6
2010-10-10	0	5.01	26	6.5
2010-10-11	0	6.82	27	7
2010-10-12	0	5.59	26	8
2010-10-13	0	6.06	21	5.5
2010-10-14	0	4.51	15.5	5
2010-10-15	0	4.1	22	1.5
2010-10-16	0	5.95	23	2
2010-10-17	0	7.42	23	4
2010-10-18	0	7.1	25	4
2010-10-19	0	7.2	26	4
2010-10-20	0	7.05	26	5
2010-10-21	0	6.85	27	4.5
2010-10-22	0	8	26	5
2010-10-23	0	6.99	26.5	5.5
2010-10-24	0	5	27.5	4.5
2010-10-25	0	4.76	27.5	3
2010-10-26	0	6.75	27.5	3
2010-10-27	0	5.35	27.5	5
2010-10-28	0	5.27	23	4.5
2010-10-29	0	2.7	22	5
2010-10-30	0	5.35	23.5	5.5
2010-10-31	0	4.88	27	5.5
2010-11-01	0	5.12	26	6
2010-11-02	0	6.95	25	5
2010-11-03	0	8.38	20	7
2010-11-04	0	5.62	12	2
2010-11-05	0	4.02	14	3
2010-11-06	0	4.18	20	3
2010-11-07	0	4	20	4
2010-11-08	0	4.17	20	3
2010-11-09	0	4.89	21	3
2010-11-10	0	4.41	23	1
2010-11-11	0	5.25	24	0
2010-11-12	0	4.1	23	1
2010-11-13	0	5.2	25	1
2010-11-14	0	4.1	25	3
2010-11-15	0	4.8	24	5
2010-11-16	0	5.6	24	4
2010-11-17	0	4.3	16	4
2010-11-18	0	0.8	23	4
2010-11-19	0	5.58	24	5
2010-11-20	0	7.3	23	3
2010-11-21	0	5.12	26	4
2010-11-22	0	7.28	26	4
2010-11-23	0	6.1	26	3
2010-11-24	0	6.9	26	4
2010-11-25	0	6.4	26	4
2010-11-26	0	7.41	25	5
2010-11-27	0	6.39	23	4
2010-11-28	0	5.8	25	6
2010-11-29	0	4.9	25	4
2010-11-30	0	3.9	25	3
2010-12-01	0	3.11	22	3
2010-12-02	0	3.9	22	1
2010-12-03	0	3.4	21	1
2010-12-04	0	6.4	23	2
2010-12-05	0	4.5	23	4
2010-12-06	0	4.7	18	1
2010-12-07	0	3.6	21	0
2010-12-08	0	5.2	18	0
2010-12-09	0	5.1	20	2
2010-12-10	0	2.45	23	3
2010-12-11	0	5.35	24	3
2010-12-12	0	5	22	2
2010-12-13	0	4.2	21	3
2010-12-14	0	4.1	21	2
2010-12-15	0	3.08	22	1
2010-12-16	0	3.64	21	2
2010-12-17	0	4.12	21	0
2010-12-18	0	6.74	21.5	1
2010-12-19	0	7.47	23	0
2010-12-20	0	6.67	24	0
2010-12-21	0	6.87	24	1
2010-12-22	0	2.83	24	1.5
2010-12-23	0	6.2	23	1.5
2010-12-24	0	5.36	22.5	1
2010-12-25	0	3.43	23.5	4
2010-12-26	0	4.62	19	1
2010-12-27	0	6.19	20	3
2010-12-28	0	7.7	19	5
2010-12-29	0	9.12	22	4
2010-12-30	0	6.31	22	1
2010-12-31	0	4.24	22	1
2011-01-01	0	3.57	22.5	5
2011-01-02	0	6.04	24	3
2011-01-03	0	5.38	23.5	2
2011-01-04	0	5.14	23.5	2
2011-01-05	0	7.83	26	3
2011-01-06	0	6.88	24	2
2011-01-07	0	4.3	25	1
2011-01-08	0	5.09	24	3
2011-01-09	0	8.32	23.5	6
2011-01-10	0	5.09	26	3
2011-01-11	0	5.47	22	2
2011-01-12	0	5.14	18	5
2011-01-13	0	3.8	19	1
2011-01-14	0	5.86	20	0
2011-01-15	0	5.02	20	2
2011-01-16	0	8.22	21	2
2011-01-17	0	4.7	22	1
2011-01-18	0	5.66	22.5	0
2011-01-19	0	5.75	24	1.5
2011-01-20	0	6.05	23.5	1.5
2011-01-21	0	4.03	23.5	2.5
2011-01-22	0	6.09	23	2
2011-01-23	0	8.35	23.5	1
2011-01-24	0	5.25	24	1
2011-01-25	0	5.24	23	1
2011-01-26	0	4.6	23	2
2011-01-27	0	5.17	23	2.5
2011-01-28	0	5.2	24	4
2011-01-29	0	5.96	24	4
2011-01-30	0	5.26	24.5	4
2011-01-31	0	5.21	24	3.5
2011-02-01	0	3.62	24	4
2011-02-02	0	6.12	25	4
2011-02-03	0	7.83	21	6
2011-02-04	0	5.6	22	7.5
2011-02-05	0	7.45	22	7
2011-02-06	0	6.14	22.5	7
2011-02-07	0	5.1	25.5	6.5
2011-02-08	0	6.08	25	3
2011-02-09	0	7	24	6
2011-02-10	0	7.44	25.5	5
2011-02-11	0	9.17	25	7
2011-02-12	0	6.81	24	6.5
2011-02-13	0	9.26	24	6
2011-02-14	0	6.22	22	4
2011-02-15	0	7.8	25	4
2011-02-16	0	5.71	26.5	4
2011-02-17	0	5.12	22.5	4
2011-02-18	0	7.1	27	4.5
2011-02-19	0	5.73	27.5	3
2011-02-20	0	6.1	27.5	3
2011-02-21	0	6.08	26	4
2011-02-22	0	6.62	26	5
2011-02-23	0	9.1	25	5
2011-02-24	0	5.97	26.5	7.5
2011-02-25	0	7.54	26	7
2011-02-26	0	3.48	25.5	8.5
2011-02-27	0	8.48	27	7
2011-02-28	0	8.06	27	7
2011-03-01	0	8.7	27	5
2011-03-02	0	7.74	26.5	1.5
2011-03-03	0	8.81	26.5	3
2011-03-04	0	8.48	28	4
2011-03-05	0	6.26	27	7
2011-03-06	0	9.28	24.5	9
2011-03-07	0	8.01	25.5	7
2011-03-08	0	6.25	26.5	6
2011-03-09	0	8.55	25	4.5
2011-03-10	0	8.07	19.5	5
2011-03-11	0	6.88	23	3
2011-03-12	0	9.5	21	3
2011-03-13	0	5.63	25	4
2011-03-14	0	5.46	25	6
2011-03-15	0	5.83	24	7
2011-03-16	0	5.71	24	6
2011-03-17	0	8.1	24.5	2.5
2011-03-18	0	6.8	26	3
2011-03-19	0	7.5	28	2
2011-03-20	0	9.99	26.5	3.5
2011-03-21	0	8.27	26	1
2011-03-22	0	5.98	27	4
2011-03-23	0	7.47	27	5
2011-03-24	0	5.78	29	2
2011-03-25	0	6.78	29.5	2
2011-03-26	0	9.13	29.5	6
2011-03-27	0	9.27	29.5	6
2011-03-28	0	7.01	29.5	8
2011-03-29	0	8.06	29	10
2011-03-30	0	8.24	29	9
2011-03-31	0	8.3	28.5	8
2011-04-01	0	7.68	28.5	8
2011-04-02	5	8.25	29	10
2011-04-03	0	5.07	28	7.5
2011-04-04	0	8.42	28	10
2011-04-05	0	7.72	29	9
2011-04-06	0	9.4	28	9
2011-04-07	0	9	29.5	8
2011-04-08	0	10.01	31.5	8.5
2011-04-09	0	9.4	29.5	9
2011-04-10	0	9.39	33	8.5
2011-04-11	0	7.61	31	11
2011-04-12	0	6.73	28.5	9
2011-04-13	0	7.52	30	9
2011-04-14	0	8.39	32	9
2011-04-15	12	7.91	30.5	10
2011-04-16	11	5.72	26	10
2011-04-17	3	2.36	24	10
2011-04-18	0	8.41	16.5	9
2011-04-19	0	7.52	27	9
2011-04-20	0	5.3	29	9
2011-04-21	0	7.62	28	8
2011-04-22	0	7.53	28	8
2011-04-23	0	4.16	29	10.5
2011-04-24	0	8.43	28.5	11
2011-04-25	0	7.61	29	11.5
2011-04-26	0	7.03	28	11.5
2011-04-27	0	7.03	31	10.5
2011-04-28	0	8.73	28	9.5
2011-04-29	0	7.03	29.5	8
2011-04-30	0	6.28	29.5	9.5
2011-05-01	0	7.79	29	11
2011-05-02	0	6.85	29.5	10
2011-05-03	0	5.96	29	11
2011-05-04	0	5.42	23	5
2011-05-05	0	6.26	26	7.5
2011-05-06	0	6.21	26.5	8
2011-05-07	0	8.04	30	8
2011-05-08	0	9.57	31	9
2011-05-09	12	7.16	29.5	12
2011-05-10	0	6.89	29.5	11.5
2011-05-11	0	8.23	30	12
2011-05-12	0	8.52	30	13
2011-05-13	0	8.65	28.5	13
2011-05-14	0	6.22	30	12
2011-05-15	2	8.88	29	12
2011-05-16	0	7.04	29	13
2011-05-17	0	9.6	29.5	13
2011-05-18	0	6.49	30	13
2011-05-19	0	9.69	30	12.5
2011-05-20	0	7.51	31	12
2011-05-21	0	6.23	30	12
2011-05-22	0	8.53	30	11
2011-05-23	0	7.78	32	11
2011-05-24	0	7.53	33	10
2011-05-25	0	10.04	33	11
2011-05-26	0	9.67	33	11.5
2011-05-27	0	9.33	32.5	11
2011-05-28	0	9.26	32	11
2011-05-29	0	8.15	32	10
2011-05-30	0	9.62	30.5	11
2011-05-31	0	8.18	27	12
2011-06-01	0	7.1	27	9
2011-06-02	0	7.4	27	5
2011-06-03	0	7.1	27	6
2011-06-04	0	9.59	26	6
2011-06-05	0	6.57	25	7
2011-06-06	0	10.34	26	12
2011-06-07	0	11.16	27.5	7
2011-06-08	0	7.82	29	8
2011-06-09	0	6.91	28.5	8
2011-06-10	0	6.2	28	9.5
2011-06-11	0	10.4	27.5	8
2011-06-12	0	7.99	28	7.5
2011-06-13	0	5.97	28	9
2011-06-14	0	8.84	27.5	9
2011-06-15	0	6.39	29	9
2011-06-16	2	6.44	29	10
2011-06-17	0	9.75	29	11
2011-06-18	0	6.6	29	11
2011-06-19	0	6.03	29	10.5
2011-06-20	3	7.25	28	11
2011-06-21	7	3.81	23.5	9
2011-06-22	14	4.94	26	14
2011-06-23	2	7.08	25	14
2011-06-24	7	2.42	25	14
2011-06-25	7	6.39	28	14
2011-06-26	11	11	28	14
2011-06-27	10	5.98	24	13
2011-06-28	4	6.98	24	11.5
2011-06-29	9	3.36	29	13
2011-06-30	46	4.21	15	13
2011-07-01	21	7.88	21	14
2011-07-02	2	2	21	14
2011-07-03	0	2.95	22	14
2011-07-04	2	3.44	23.5	12
2011-07-05	0	3.84	23.5	11
2011-07-06	0	5.35	25	11
2011-07-07	22	5.23	25.8	13.5
2011-07-08	2	7.41	23.5	13
2011-07-09	3	2.79	22.5	13
2011-07-10	7	3.38	23.5	12
2011-07-11	0	4.64	24.5	12.5
2011-07-12	0	5.68	23	12
2011-07-13	30	4.8	19	11
2011-07-14	2	0.8	19	13
2011-07-15	0	4.3	24	12.5
2011-07-16	1	6.11	22	11
2011-07-17	3	1.78	24	11
2011-07-18	0	6.63	25	9.5
2011-07-19	0	3.63	25.5	9.5
2011-07-20	0	6.24	25	10.5
2011-07-21	17	7.02	26	11.5
2011-07-22	5	6.21	21.5	12
2011-07-23	10	3.12	24.5	9
2011-07-24	10	4.67	23.5	10
2011-07-25	0	3.84	24	11
2011-07-26	32	7.25	23.5	11.5
2011-07-27	1	4.3	23	11
2011-07-28	0	3.86	24.5	11
2011-07-29	0	4.92	24	12
2011-07-30	0	4.89	22	12
2011-07-31	0	5.93	22	12
2011-08-01	0	2.55	22	13
2011-08-02	0	5.94	24	12
2011-08-03	0	3.28	23.5	10.5
2011-08-04	0	2.69	24	12
2011-08-05	0	5.14	26	11
2011-08-06	0	4.63	24	12.5
2011-08-07	7	3.99	23	12
2011-08-08	0	6.2	24	10
2011-08-09	0	4.82	26.5	11
2011-08-10	0	3.1	22	12
2011-08-11	0	6.3	26.5	11
2011-08-12	0	6.37	25	11
2011-08-13	0	4.13	25.5	10
2011-08-14	0	4.4	25	11
2011-08-15	4	3.51	24	10
2011-08-16	0	5.91	24	9
2011-08-17	0	4.95	26	10
2011-08-18	0	5.95	27	10
2011-08-19	0	6.4	26.5	10
2011-08-20	0	5.65	25	8
2011-08-21	2	6.81	25	9
2011-08-22	20	4.55	24	10
2011-08-23	1	2.3	25	12
2011-08-24	0	5	26	11
2011-08-25	0	6.4	26	9
2011-08-26	8	10.15	25	12
2011-08-27	0	1.31	21	12
2011-08-28	11	3.26	23.5	11
2011-08-29	4	4.18	24	10
2011-08-30	9	3.45	24	11
2011-08-31	0	3.36	24	12
2011-09-01	0	4.56	24	13
2011-09-02	0	6.58	24	13
2011-09-03	0	3.42	23	13
2011-09-04	0	12.48	22	14
2011-09-05	0	5.65	22	12
2011-09-06	0	4.64	19	13
2011-09-07	0	3.2	19.5	5.5
2011-09-08	0	1.56	21.5	2
2011-09-09	0	6.2	22	2
2011-09-10	0	7.29	10	2.5
2011-09-11	2	2.17	24	4.5
2011-09-12	0	1.86	25	10
2011-09-13	0	8.53	26	8
2011-09-14	0	5.55	25	7
2011-09-15	2	6.45	25	8
2011-09-16	2	2.8	24.5	9
2011-09-17	0	7.8	25	10
2011-09-18	0	7.98	25	9
2011-09-19	0	6.25	25	8
2011-09-20	0	6.98	24	8
2011-09-21	0	5.02	21.5	9.5
2011-09-22	0	5.95	24	10
2011-09-23	0	5.43	21.5	11
2011-09-24	0	7.14	24	12
2011-09-25	0	8.14	25	8
2011-09-26	0	8.16	26	7
2011-09-27	0	6.85	27.5	7
2011-09-28	0	5.97	26	7
2011-09-29	0	7.64	26.5	7.5
2011-09-30	0	5.25	26	8.5
2011-10-01	0	6.38	18	10
2011-10-02	0	3.34	18	11
2011-10-03	0	5.5	23	10
2011-10-04	0	5.2	24	11
2011-10-05	11	5.26	25	10.5
2011-10-06	0	5.75	26	10
2011-10-07	6	5.42	25	11.5
2011-10-08	0	4.53	24.5	9
2011-10-09	0	4.32	23.5	10
2011-10-10	1	4.3	22	12.5
2011-10-11	0	9.57	20	10
2011-10-12	1	8.76	23	11
2011-10-13	2	2.22	26	12
2011-10-14	0	6.12	23	12
2011-10-15	0	6.02	22	10
2011-10-16	0	5.04	20	6
2011-10-17	0	4.99	24	10
2011-10-18	0	5.16	24	11
2011-10-19	0	7.22	23	5.5
2011-10-20	0	6.47	26	3.5
2011-10-21	0	8.01	25.5	4
2011-10-22	0	6.46	23.5	0
2011-10-23	0	7.27	23.5	1
2011-10-24	0	5.66	22.5	0
2011-10-25	0	5.65	23.5	1
2011-10-26	0	5.99	24.5	1
2011-10-27	0	7.13	25	0
2011-10-28	0	5.98	25.5	1
2011-10-29	0	8.53	24	4
2011-10-30	0	10.75	23.5	1
2011-10-31	0	5.61	25	0
2011-11-01	0	6.24	24.5	0
2011-11-02	0	8.18	25	2
2011-11-03	0	3.45	24	2
2011-11-04	3	3.21	23	2
2011-11-05	0	3.94	24.5	8
2011-11-06	0	7.82	26	7
2011-11-07	0	6.3	25.5	7
2011-11-08	2	7.04	26	9
2011-11-09	0	4.9	22	11
2011-11-10	0	12.05	27	10.5
2011-11-11	0	7.12	23	7
2011-11-12	0	6.09	24.5	7
2011-11-13	0	7.2	25	6
2011-11-14	0	5.26	25	6
2011-11-15	0	5.91	26	5
2011-11-16	0	6.1	25.5	9
2011-11-17	0	4.6	22	9
2011-11-18	7	3.14	25	9
2011-11-19	0	5.1	25	9
2011-11-20	0	6.12	25	7
2011-11-21	0	7.02	26	6
2011-11-22	0	9.11	26	6
2011-11-23	0	5.31	22	7
2011-11-24	0	3.93	22.5	5
2011-11-25	0	6.74	24	4
2011-11-26	7	5.06	21	6
2011-11-27	7	2.38	19	9
2011-11-28	0	2.9	17	1
2011-11-29	0	5.73	20.5	1
2011-11-30	0	5.1	20.5	1
2011-12-01	0	7.85	23	0
2011-12-02	0	7.89	21.5	2
2011-12-03	0	5.91	26	0
2011-12-04	0	5.38	27	3
2011-12-05	0	8.16	27	4.5
2011-12-06	0	5.61	25	4.5
2011-12-07	0	5.46	24	5.5
2011-12-08	0	4.85	23	5
2011-12-09	0	6.62	24	3
2011-12-10	0	7.13	22	3
2011-12-11	0	4.7	20.5	1
2011-12-12	0	5.16	24	2
2011-12-13	0	3.64	25	2
2011-12-14	0	6.5	25	3
2011-12-15	0	5.55	24.5	3
2011-12-16	0	4.37	24	3.5
2011-12-17	0	8.57	19	5
2011-12-18	0	5.98	22	6
2011-12-19	0	3.82	23	4
2011-12-20	0	6	24	3
2011-12-21	0	8.68	23.5	4
2011-12-22	0	6.49	23.5	4.5
2011-12-23	0	6.83	24	4
2011-12-24	0	7.84	23.5	4.5
2011-12-25	0	5.52	23.5	5
2011-12-26	0	7.83	23	3.5
2011-12-27	0	6.94	24	4
2011-12-28	0	5.07	23	4
2011-12-29	0	5.59	23.5	4.5
2011-12-30	0	6.68	23.5	5
2011-12-31	0	5.09	23.5	4
2012-01-01	0	5.67	20.5	4
2012-01-02	0	3.68	13	6
2012-01-03	0	4.1	17.5	2
2012-01-04	0	4.18	20	1.5
2012-01-05	0	8.08	19	3
2012-01-06	0	5.53	19	2.5
2012-01-07	0	7.09	16	2
2012-01-08	0	6.55	23.5	3
2012-01-09	0	7.56	23.5	2
2012-01-10	0	7.97	22	2
2012-01-11	0	8.18	23.5	3
2012-01-12	0	8.17	23	3
2012-01-13	0	5.93	21	4
2012-01-14	0	4.09	21	6
2012-01-15	0	5.43	18	7
2012-01-16	0	6.5	23	4
2012-01-17	0	5.4	23.5	3.5
2012-01-18	0	3.45	23.5	3
2012-01-19	0	7.02	22.5	3.5
2012-01-20	0	6.03	23.5	4
2012-01-21	0	4.5	24	4
2012-01-22	0	6.4	25.5	4
2012-01-23	0	6.5	25.5	4
2012-01-24	0	6.2	24	5
2012-01-25	0	4.69	23.5	5
2012-01-26	0	4.22	23	4
2012-01-27	0	4.58	22.5	2.5
2012-01-28	2	1.25	23.5	4
2012-01-29	0	2.53	17.5	6
2012-01-30	3	3.48	20	7
2012-01-31	3	3.17	20	7
2012-02-01	0	2.44	24	8
2012-02-02	0	2.96	24	5
2012-02-03	0	4.5	24	5
2012-02-04	0	6.04	26	5.5
2012-02-05	7	3.9	24	6.5
2012-02-06	0	2.57	21.5	6
2012-02-07	5	3.49	17.5	6
2012-02-08	17	1.17	21	7
2012-02-09	8	1.63	17.5	7
2012-02-10	0	0.11	14	8
2012-02-11	0	1.32	12	9
2012-02-12	2	2.8	22	10
2012-02-13	0	1.4	18.5	9
2012-02-14	4	5.5	20	11
2012-02-15	0	2.32	20	9
2012-02-16	0	4.97	21	7.5
2012-02-17	0	7.76	24	8
2012-02-18	0	6.25	22	6
2012-02-19	0	8.69	24	8
2012-02-20	3	5.42	23.5	4
2012-02-21	0	5.31	25	4
2012-02-22	0	3.42	24	4
2012-02-23	0	3.58	26	7.5
2012-02-24	0	3.44	24	8
2012-02-25	0	6.5	23	8
2012-02-26	4	3	24	7
2012-02-27	0	6.15	24.5	6
2012-02-28	0	7	27	5
2012-02-29	0	4.17	27	6.5
2012-03-01	0	6.5	27	6.5
2012-03-02	0	12.32	29	7
2012-03-03	0	12.47	28	8
2012-03-04	0	7.48	22	9
2012-03-05	0	4.25	23.5	5
2012-03-06	0	4.3	26.5	4
2012-03-07	0	7.4	27	7
2012-03-08	0	12.78	27	8
2012-03-09	0	13.41	26	7.5
2012-03-10	0	6.15	26	8
2012-03-11	0	6.94	24	8
2012-03-12	0	5.27	26	6
2012-03-13	0	8.9	26	5
2012-03-14	0	8.65	26	4
2012-03-15	0	6.85	26	4
2012-03-16	2	7.5	25	5.5
2012-03-17	0	6.25	25.5	7
2012-03-18	2	4.9	22.5	7
2012-03-19	0	11.63	24	9
2012-03-20	0	12.52	26	7
2012-03-21	0	8.39	26.5	4.5
2012-03-22	0	10.06	26	6
2012-03-23	7	2.23	27	6
2012-03-24	0	8.4	26	7
2012-03-25	0	10.74	26	5
2012-03-26	0	11.75	25	5
2012-03-27	0	9.18	26	5
2012-03-28	0	9.5	24	8
2012-03-29	0	7.92	23	11
2012-03-30	0	8.45	22	10
2012-03-31	0	9.58	23.5	8
2012-04-01	0	5.73	20	10
2012-04-02	0	9.57	29	9
2012-04-03	0	11.2	26	6
2012-04-04	0	10.36	27	6
2012-04-05	0	7.92	25	7
2012-04-06	0	11.95	26	9
2012-04-07	0	9.49	26	9
2012-04-08	0	11.08	26	9
2012-04-09	0	3.07	24	6
2012-04-10	0	7.91	24	7
2012-04-11	0	7.55	24	9
2012-04-12	0	9.87	27	9
2012-04-13	0	6.82	28	11
2012-04-14	0	5.6	27	8
2012-04-15	0	10.52	26	7
2012-04-16	5	14.46	28	8
2012-04-17	13	3.2	22.5	9
2012-04-18	6	6.32	24	7
2012-04-19	0	6.35	25	8
2012-04-20	0	11.17	26	8
2012-04-21	0	10.6	24	11
2012-04-22	0	10.56	24	6
2012-04-23	0	11.11	24	3.5
2012-04-24	0	8.01	25	3
2012-04-25	0	10.75	26	5
2012-04-26	0	8.33	27	2.5
2012-04-27	0	9.22	30	4
2012-04-28	0	11.7	29	6
2012-04-29	0	10.78	30.5	8.5
2012-04-30	0	7.87	30	10
2012-05-01	30	8.16	30	10
2012-05-02	0	7.64	31	10
2012-05-03	0	10.73	31.5	10
2012-05-04	0	10.82	27	11
2012-05-05	8	6.43	27.5	11
2012-05-06	20	8.24	26	8
2012-05-07	14	7.46	25	9
2012-05-08	0	4.63	24.5	11
2012-05-09	14	8.91	25	12
2012-05-10	0	7.44	27	12
2012-05-11	0	7.66	20	14
2012-05-12	32	14.85	22	11
2012-05-13	0	3.1	25	12
2012-05-14	0	6.92	24.5	11
2012-05-15	0	10.29	22.5	11
2012-05-16	0	10.06	26	10
2012-05-17	0	11.2	21	11.5
2012-05-18	0	11.86	23	10
2012-05-19	0	12.16	21.5	8
2012-05-20	0	12.38	26	7
2012-05-21	0	10.43	23	7
2012-05-22	0	9.45	21.5	9
2012-05-23	0	11.75	27	6
2012-05-24	0	10.54	27.5	8
2012-05-25	0	10.32	30.5	11
2012-05-26	0	13.65	28	9
2012-05-27	0	9.35	26.5	11
2012-05-28	0	10.56	28	8.5
2012-05-29	0	10.99	28	7
2012-05-30	0	9.05	29	6
2012-05-31	0	9.05	29	7
2012-06-01	0	9	31	10
2012-06-02	0	7.94	27.5	10
2012-06-03	0	8.94	26	10
2012-06-04	0	10.31	26.5	11
2012-06-05	0	8.63	28	12
2012-06-06	0	8.46	27	13
2012-06-07	0	9.94	27.5	12
2012-06-08	0	6.62	26	11
2012-06-09	0	9.12	27.5	9
2012-06-10	0	14.27	29.5	10
2012-06-11	0	7.41	30	8
2012-06-12	0	6.42	28	12
2012-06-13	0	9.25	29	11
2012-06-14	0	7.1	26.5	9
2012-06-15	0	8.15	27	11.5
2012-06-16	0	5.08	22	12
2012-06-17	0	7	27	13
2012-06-18	10	7.7	25.5	10
2012-06-19	14	4.42	20	11.5
2012-06-20	11	2.78	18.5	13.5
2012-06-21	0	4.91	20	12
2012-06-22	0	3.99	22.5	13
2012-06-23	0	6.31	24	14
2012-06-24	0	5.53	24	14
2012-06-25	0	9.52	25	14
2012-06-26	0	8.75	25	10
2012-06-27	0	4.28	24	11
2012-06-28	5	4.96	24	14
2012-06-29	24	6.79	24	12
2012-06-30	0	6.79	24	12
2012-07-01	11	1.71	22	13
2012-07-02	0	5.98	24	12
2012-07-03	3	3.51	22	10
2012-07-04	0	5.38	21.5	10.5
2012-07-05	0	7.23	23.5	11.5
2012-07-06	3	6.69	24	11
2012-07-07	0	8.01	23.5	9
2012-07-08	0	8.82	26	11
2012-07-09	0	9.02	25	12
2012-07-10	0	5.01	21	13
2012-07-11	0	5.92	26	11
2012-07-12	10	6.15	23	11.5
2012-07-13	9	2.75	22	10
2012-07-14	32	10.85	18.5	13
2012-07-15	9	4	21.5	12
2012-07-16	5	9	23	11
2012-07-17	12	3.23	23	12
2012-07-18	18	4.4	20.5	11
2012-07-19	0	4.57	22	12
2012-07-20	0	4.13	22.5	11
2012-07-21	0	7.33	24	10
2012-07-22	0	2.53	24.5	11
2012-07-23	3	3.5	22	10
2012-07-24	4	9.18	25	10
2012-07-25	25	9.98	23.5	12
2012-07-26	13	5.9	23.5	9
2012-07-27	14	7.46	25	10
2012-07-28	0	14.94	24	12
2012-07-29	0	7.88	24.5	10
2012-07-30	0	6.97	25.5	10
2012-07-31	0	6.97	25.5	10
2012-08-01	0	8.45	24	8
2012-08-02	0	6.55	25	10
2012-08-03	0	4.15	24	11
2012-08-04	0	4.25	25	12
2012-08-05	0	6.03	23	11
2012-08-06	0	8.09	26	11
2012-08-07	0	5.99	26	10
2012-08-08	0	8.76	26.5	11
2012-08-09	32	6.21	27	11.5
2012-08-10	14	3.59	20	12
2012-08-11	3	4.47	21	13
2012-08-12	0	2.73	21.5	14
2012-08-13	4	3.88	21.5	9
2012-08-14	0	6.54	23.5	10
2012-08-15	0	7.59	25.5	10.5
2012-08-16	0	6.36	26	10
2012-08-17	0	3.55	20	11
2012-08-18	6	4.9	22	11
2012-08-19	0	5.88	21	9
2012-08-20	11	2.56	22	10
2012-08-21	0	4.26	21.5	13
2012-08-22	0	4	22	9
2012-08-23	17	4.22	23.5	10
2012-08-24	3	0.25	22	12
2012-08-25	19	3.82	24	12
2012-08-26	0	5.86	24	11
2012-08-27	0	6.03	22	10
2012-08-28	0	6.16	24	11
2012-08-29	0	8.09	23	9
2012-08-30	0	5.35	24.5	10
2012-08-31	11	6.03	13	11
2012-09-01	0	5.98	22	11
2012-09-02	0	7.06	25	11
2012-09-03	4	6.1	25	10
2012-09-04	0	5.26	24.5	9
2012-09-05	0	5.63	26	7.5
2012-09-06	0	7.71	26.5	8.5
2012-09-07	0	6.42	24	8
2012-09-08	0	8.63	24	9
2012-09-09	0	5.62	22	12
2012-09-10	0	5.35	24	11
2012-09-11	20	9.78	23	12
2012-09-12	4	8.66	23.5	12
2012-09-13	0	3.94	25	12
2012-09-14	0	5.3	25	10
2012-09-15	0	6.12	23	10
2012-09-16	0	7.47	24	11
2012-09-17	0	5.86	24	13
2012-09-18	0	6.12	24	12
2012-09-19	0	8.6	22	7
2012-09-20	0	6.63	23	8
2012-09-21	0	6.7	22	8
2012-09-22	0	7.56	23.5	9
2012-09-23	0	5.2	23.5	9
2012-09-24	0	1.39	24	10
2012-09-25	0	4.28	26	13
2012-09-26	18	6.72	26	10
2012-09-27	0	5	24	11.5
2012-09-28	7	5.71	26	13
2012-09-29	0	9.64	25	11
2012-09-30	0	4.75	25	11
2012-11-01	0	14.55	21.5	8
2012-11-02	0	7.4	22	5
2012-11-03	2	8.37	18	8
2012-11-04	0	1.93	13.5	11
2012-11-05	0	4.3	21	10
2012-11-06	0	5.85	22	2
2012-11-07	0	13.32	22	4
2012-11-08	0	7.69	23.5	4
2012-11-09	0	7.14	25	3
2012-11-10	0	7.77	24	4
2012-11-11	0	8.48	22	4
2012-11-12	0	5.98	17	8
2012-11-13	0	5.46	19	10.5
2012-11-14	0	5.68	22	8
2012-11-15	0	6.43	20	6
2012-11-16	0	8.39	24	4.5
2012-11-17	0	5.39	24.5	7
2012-11-18	0	9.57	22.5	6
2012-11-19	0	6.75	21	2.5
2012-11-20	0	9.84	22	2.5
2012-11-21	0	5.54	21	3.5
2012-11-22	0	5.5	20	5
2012-11-23	0	7.52	22	5
2012-11-24	0	7.26	20	7
2012-11-25	0	7.37	22	3.5
2012-11-26	0	9.09	22.5	4.5
2012-11-27	0	8.03	21.5	4
2012-11-28	0	5.83	22	4
2012-11-29	0	7.37	22	4.5
2012-11-30	0	8.8	22	5
2012-12-01	0	9.28	22	4
2012-12-02	0	14.05	23	4
2012-12-03	0	3.68	23	2
2012-12-04	0	8.75	23.5	4
2012-12-05	0	5.1	21	1.5
2012-12-06	0	8.35	22	1
2012-12-07	0	7.12	23	2
2012-12-08	0	6	23	4
2012-12-09	0	8.69	25	3.5
2012-12-10	0	7.64	24	5
2012-12-11	0	8.09	21	6
2012-12-12	0	7.64	22	7
2012-12-13	0	8.09	24	6
2012-12-14	0	4.44	25.5	5
2012-12-15	0	6.6	26	6
2012-12-16	0	8.04	25.5	5
2012-12-17	0	8.16	23.5	4
2012-12-18	0	6.41	24.5	4.5
2012-12-19	0	8.53	23	4
2012-12-20	0	3.81	22	3.5
2012-12-21	0	7.42	21.5	3
2012-12-22	0	5.16	20	1
2012-12-23	0	5.26	24.5	2
2012-12-24	0	8.88	25	3
2012-12-25	0	7.3	23	4
2012-12-26	0	4.5	23	4
2012-12-27	0	7.24	24	4
2012-12-28	0	4.76	25	4.5
2012-12-29	0	6.06	22	6
2012-12-30	0	7.82	23	4
2012-12-31	0	4.09	23	4
2013-01-01	0	4.94	24	4
2013-01-02	0	4.77	18.5	4
2013-01-03	0	3.46	21	5
2013-01-04	0	5.32	22	6
2013-01-05	3	7.3	22.5	5
2013-01-06	0	2.42	23	5
2013-01-07	0	9.45	22	5
2013-01-08	0	5.91	22	6
2013-01-09	0	4.77	23.5	8
2013-01-10	0	4.24	25.5	4.5
2013-01-11	0	3.74	24	5
2013-01-12	0	6.26	24	5
2013-01-13	0	7.25	26	7
2013-01-14	0	3.66	22	6
2013-01-15	0	4.47	26	6
2013-01-16	0	5.72	24.5	5.5
2013-01-17	0	3.75	17	6
2013-01-18	0	5.67	18	0
2013-01-19	0	6.04	22	1.5
2013-01-20	0	7.99	20	3
2013-01-21	0	3.74	16	4
2013-01-22	0	6.44	18	7
2013-01-23	0	2.58	19	7
2013-01-24	0	4.02	22	3
2013-01-25	0	5.12	24	2
2013-01-26	0	6	24	3.5
2013-01-27	0	7.18	24	2.5
2013-01-28	0	6.59	24	5
2013-01-29	0	5.15	25	5
2013-01-30	0	5.62	24.5	4
2013-01-31	0	5.62	25	3
2013-02-01	0	6.84	26	4
2013-02-02	0	5.15	26	3
2013-02-03	0	6.65	26.5	2
2013-02-04	0	5.48	28	4
2013-02-05	0	5.57	30	5
2013-02-06	0	5.29	30	5
2013-02-07	0	5.7	30	6
2013-02-08	0	4.42	29	7
2013-02-09	0	5.94	27.5	6.5
2013-02-10	0	8.64	28	6
2013-02-11	0	6.08	28	4
2013-02-12	0	7.62	27	5
2013-02-13	0	8.86	27	4
2013-02-14	0	6.56	26	4
2013-02-15	0	6.85	24.5	5
2013-02-16	0	5.01	22.5	6
2013-02-17	0	6.02	23	4
2013-02-18	0	5.86	26	1.5
2013-02-19	0	8.18	27	6
2013-02-20	0	9.84	27	6
2013-02-21	0	9.66	27	6
2013-02-22	0	10.21	26	8
2013-02-23	0	8.21	27.5	5
2013-02-24	0	12.12	27	6.5
2013-02-25	0	9.48	26	6
2013-02-26	0	10.34	28	7
2013-02-27	0	9.04	29	7
2013-02-28	0	6.13	29	7
2013-03-01	0	6.13	17	5
2013-03-02	0	6.23	16	5
2013-03-03	0	7.65	21	4
2013-03-04	0	6.5	23	5
2013-03-05	0	8.65	26	0
2013-03-06	0	8.68	26	3
2013-03-07	0	7.92	26	4
2013-03-08	0	9.52	25.5	5
2013-03-09	0	7.71	26	7
2013-03-10	0	10.24	27	7
2013-03-11	0	10.5	26	7
2013-03-12	0	11.24	26	5
2013-03-13	0	10.09	21	5
2013-03-14	0	6.05	19	6
2013-03-15	3	5.14	15	6
2013-03-16	0	2.15	25	7
2013-03-17	0	6.28	23	5
2013-03-18	0	10	26	6
2013-03-19	0	10.07	28	6
2013-03-20	0	8.81	27.5	8
2013-03-21	0	8.85	27	7
2013-03-22	0	9.95	26	7
2013-03-23	0	10.89	26	6
2013-03-24	0	14.21	28	6
2013-03-25	0	9.95	27	6
2013-03-26	0	14.87	24	5
2013-03-27	0	7.55	25	8
2013-03-28	0	9.97	26	6
2013-03-29	0	10.03	27	7
2013-03-30	0	8.3	28	7
2013-03-31	0	7.45	29	8
2013-04-01	0	7.4	29.5	8
2013-04-02	0	10.92	29	11
2013-04-03	0	10.05	28	8
2013-04-04	0	8.31	25	11
2013-04-05	0	10.28	28	10
2013-04-06	0	8.13	27.5	9
2013-04-07	0	6.69	28	9
2013-04-08	0	11.67	29	11
2013-04-09	0	8.19	29	9
2013-04-10	0	11.92	29	10
2013-04-11	0	9.51	28	8
2013-04-12	0	12.46	29	10
2013-04-13	0	14.28	22	6
2013-04-14	0	11.48	28	7
2013-04-15	0	14.18	30.5	7
2013-04-16	0	9.74	31.5	8
2013-04-17	0	8.3	28	10
2013-04-18	0	12.99	28	12
2013-04-19	0	10.74	26	6
2013-04-20	0	8.45	28	6
2013-04-21	0	12.73	30	7
2013-04-22	0	11.42	30	9
2013-04-23	0	10.75	29	10
2013-04-24	3	6.64	28.5	8
2013-04-25	10	5.29	26.5	11
2013-04-26	0	5.91	23	10
2013-04-27	0	10.81	28	7
2013-04-28	0	9.86	26	10
2013-04-29	0	10.3	26.5	10
2013-04-30	0	9.3	26	7
2013-05-01	0	8.93	29	9
2013-05-02	0	11.73	29	8
2013-05-03	0	7.94	26	10
2013-05-04	0	2.14	27	10
2013-05-05	0	12.3	27	6
2013-05-06	0	11.15	27	7
2013-05-07	0	8.95	28	7
2013-05-08	0	10	29	10
2013-05-09	0	8.75	28	11
2013-05-10	0	9.5	28	11
2013-05-11	0	9.19	28.5	12
2013-05-12	4	6.7	25	12
2013-05-13	8	7.89	27	12
2013-05-14	5	1.06	22.5	12
2013-05-15	0	5.23	25	10
2013-05-16	0	7.46	27	11
2013-05-17	0	7.62	29	11
2013-05-18	0	11.85	30	12
2013-05-19	0	7.82	29.5	13
2013-05-20	0	9.94	30.5	12
2013-05-21	0	10.72	29	12
2013-05-22	0	10.24	28	12
2013-05-23	0	8.62	24.5	12
2013-05-24	0	10.1	23	13
2013-05-25	0	7.48	21.5	11
2013-05-26	8	3.49	26	11
2013-05-27	4	5.98	27	11
2013-05-28	0	8.76	29	11
2013-05-29	0	10.06	28.5	10
2013-05-30	0	9.7	29	11
2013-05-31	0	5.48	28.5	10
2013-06-01	0	11.9	27	11
2013-06-02	0	7.34	27	12
2013-06-03	0	10.76	26	13
2013-06-04	0	9.08	27	10
2013-06-05	0	11.23	28	8
2013-06-06	0	14.3	29	8
2013-06-07	0	8.75	29	7
2013-06-08	0	13.05	28.5	9
2013-06-09	0	7.39	25	12
2013-06-10	8	4.79	25	11
2013-06-11	10	4.82	23.5	11
2013-06-12	6	4.24	23	13
2013-06-13	0	6.09	21	12
2013-06-14	3	1.87	23	12
2013-06-15	6	4.64	25	11
2013-06-16	0	5.26	26	11
2013-06-17	0	9.81	27	11
2013-06-18	0	1.62	26	10
2013-06-19	2	6.79	19	11
2013-06-20	6	3.84	19	10
2013-06-21	3	2.98	23	9
2013-06-22	16	6.32	23	12
2013-06-23	10	8.78	24	12
2013-06-24	0	3.79	23	11
2013-06-25	5	6.57	26	7
2013-06-26	35	6.5	25	9
2013-06-27	37	6.5	21.5	10
2013-06-28	0	5.12	23	8
2013-06-29	0	7.14	24	9
2013-06-30	0	7.14	24	9
2013-07-01	0	11.01	24.5	9
2013-07-02	0	8.92	26	10
2013-07-03	0	7.82	23	10
2013-07-04	20	5.42	24	11
2013-07-05	40	2.5	23	12
2013-07-06	0	5.42	23	13
2013-07-07	37	14.19	22	12
2013-07-08	0	2.22	22	13
2013-07-09	17	8.75	22	10
2013-07-10	40	1.7	22	11
2013-07-11	7	6.48	23	12
2013-07-12	0	10.32	24	11
2013-07-13	0	4.07	22	11
2013-07-14	0	5.3	23	10
2013-07-15	0	5.3	23	11
2013-07-16	0	7.34	24	11
2013-07-17	0	3.85	22	12
2013-07-18	7	4.81	22	11
2013-07-19	0	5.96	22	11
2013-07-20	0	5.3	25	12
2013-07-21	0	5.47	26	13
2013-07-22	5	6.17	25	12
2013-07-23	0	6.25	26	11
2013-07-24	10	2.66	26	11
2013-07-25	2	6.73	24	10
2013-07-26	10	7.29	25	10
2013-07-27	0	7.74	26	10
2013-07-28	0	3.94	25	11
2013-07-29	0	7.38	26	10
2013-07-30	0	6.58	26	10
2013-07-31	0	7.08	26	11
2013-09-01	0	8.19	25	12
2013-09-02	7	3.71	25	12
2013-09-03	5	2.57	19	12
2013-09-04	0	3.9	23	13
2013-09-05	6	3.9	22	11
2013-09-06	2	3.88	19	12
2013-09-07	2	4.26	18	13
2013-09-08	11	1.02	21	8
2013-09-09	35	2.1	23	10
2013-09-10	32	1.9	23	12
2013-09-11	0	5.77	22	12
2013-09-12	2	3.22	22	13
2013-09-13	3	2.15	20	14
2013-09-14	14	0.43	18	14
2013-09-15	2	2.47	17	13
2013-09-16	0	1.49	19	13
2013-09-17	10	5.41	23	13
2013-09-18	4	0.3	21	12
2013-09-19	0	5.68	23	12
2013-09-20	35	12.08	23	12
2013-09-21	15	3.24	24	14
2013-09-22	4	3	22	14
2013-09-23	18	8.93	26	8
2013-09-24	0	9.63	23	12
2013-09-25	18	8.37	23	12
2013-09-26	0	9.63	32	14
2013-09-27	4	4.18	21	11
2013-09-28	0	7.14	22	12
2013-09-29	0	6.2	21	10
2013-09-30	0	5.14	21	10
2013-10-01	0	6.69	21	9
2013-10-02	0	5.75	26	9
2013-10-03	0	6.16	26	9
2013-10-04	0	6.13	26	10
2013-10-05	0	6.98	26	8
2013-10-06	0	7.99	21	10
2013-10-07	0	3.21	21	12
2013-10-08	0	3	24	10
2013-10-09	0	5.12	25	9
2013-10-10	0	6.57	20	10
2013-10-11	32	6.23	27	12
2013-10-12	0	5.29	25	13
2013-10-13	0	1.49	26	11
2013-10-14	0	5.77	26	9
2013-10-15	0	6.23	26	9
2013-10-16	0	5.19	27	9
2013-10-17	0	6.17	26	10
2013-10-18	11	6.64	26	11
2013-10-19	4	7.1	24	11
2013-10-20	0	2.33	22	11
2013-10-21	0	4.16	22	12
2013-10-22	2	1.55	22	10
2013-10-23	0	1.84	24	10
2013-10-24	0	5.28	20	10
2013-10-25	0	5.19	22	4
2013-10-26	0	6.53	29	5
2013-10-27	0	2.77	23	9
2013-10-28	0	5.48	26	8
2013-10-29	0	7.07	27	10
2013-10-30	0	5.28	24	10
2013-10-31	0	4.09	26	13
2013-11-01	11	1.3	27	11
2013-11-02	0	6.12	23	13
2013-11-03	0	10.14	29	8
2013-11-04	0	9.73	23	9
2013-11-05	0	1.99	24	9
2013-11-06	0	4.78	23	7
2013-11-07	0	5.56	21	8
2013-11-08	0	5.66	28	8
2013-11-09	0	13.2	23	7
2013-11-10	0	4.7	23	9
2013-11-11	0	5.1	23	11
2013-11-12	2	5.08	18	11
2013-11-13	0	5.56	12	7
2013-11-14	0	3.2	21	3
2013-11-15	0	4.12	23	4
2013-11-16	0	5.19	26	8
2013-11-17	0.6	7.66	26	8
2013-11-18	0	8.02	25	10
2013-11-19	0	4.81	22	10
2013-11-20	8	5.05	24	10
2013-11-21	14	2.66	22	9
2013-11-22	7	3.22	22	7
2013-11-23	0	4.3	21	9
2013-11-24	0	4.6	18	7
2013-11-25	0	2.48	23	7
2013-11-26	0	3.76	22	8
2013-11-27	0	5.02	24	6
2013-11-28	0	4.21	21	4
2013-11-29	0	5.27	21	4
2013-11-30	0	3.81	9	0
2013-12-01	0	6.28	24	4
2013-12-02	0	5.81	24	2
2013-12-03	0	4.89	26	4
2013-12-04	0	5.25	26	6
2013-12-05	0	5.2	21	6
2013-12-06	0	4.12	27	6
2013-12-07	0	5.49	24	5
2013-12-08	0	6.88	24	5
2013-12-09	0	7.47	24	6
2013-12-10	0	4.77	22	6
2013-12-11	0	5.77	22	5
2013-12-12	0	7.9	19	6
2013-12-13	0	6.43	23	6
2013-12-14	0	5.11	25	8
2013-12-15	0	8.37	22	5
2013-12-16	0	5.69	22	2
2013-12-17	0	4.16	22	1
2013-12-18	0	5.62	24	3
2013-12-19	0	4.33	20	3
2013-12-20	0	3.81	24	6
2013-12-21	0	8.45	10	5
2013-12-22	0	5.78	19	7
2013-12-23	0	5.51	21	4
2013-12-24	0	2.05	18	4
2013-12-25	7	5.81	20	4
2013-12-26	6	1.92	18	6
2013-12-27	0	4.13	20	4
2013-12-28	0	6.32	19	6
2013-12-29	0	3.84	22	7
2013-12-30	0	4.41	23	7
2013-12-31	0	3.91	23	8
2014-01-01	0	5.02	19	7
2014-01-02	2	3.21	18	6
2014-01-03	0	5.48	19	3
2014-01-04	0	6.2	20	3
2014-01-05	0	5.28	22	3
2014-01-06	0	3.2	20	5
2014-01-07	0	4.2	16	3
2014-01-08	0	3.18	21	1
2014-01-09	0	6.19	23	3
2014-01-10	0	2.77	21	5
2014-01-11	0	5.51	12	5
2014-01-12	0	4.9	24	4
2014-01-13	0	5.13	21	4
2014-01-14	0	5.36	20	6
2014-01-15	0	3.16	14	6
2014-01-16	0	2.4	17	-2
2014-01-17	0	3.84	18	2
2014-01-18	0	4.04	20	-2
2014-01-19	0	6.4	21	0
2014-01-20	0	7.06	21	1
2014-01-21	0	2.98	18	-1
2014-01-22	0	4.36	21	-2
2014-01-23	0	4.72	20	2
2014-01-24	0	4.17	24	4
2014-01-25	0	3.31	25	4
2014-01-26	0	3.62	25	3
2014-01-27	0	5.81	27	4
2014-01-28	0	2	25	6
2014-01-29	0	5.01	23	6
2014-01-30	0	2.58	26	2
2014-01-31	0	5.07	27	3
2014-02-01	0	3.95	29	4
2014-02-02	0	5.12	28	4
2014-02-03	0	5.55	22	6
2014-02-04	0	6.04	28	5
2014-02-05	0	4.62	27	6
2014-02-06	0	5.32	27	5
2014-02-07	0	3.49	27	5
2014-02-08	0	5.27	27	6
2014-02-09	0	4.84	27	2
2014-02-10	0	6.05	26	4
2014-02-11	0	3.85	26	4
2014-02-12	0	5.01	24	5
2014-02-13	0	6.52	26	-3
2014-02-14	0	7.22	25	4
2014-02-15	0	10.93	26	4
2014-02-16	0	5.76	27	2
2014-02-17	0	6.87	27	2
2014-02-18	0	8.09	26	4
2014-02-19	0	6.14	28	3
2014-02-20	0	5.36	28	6
2014-02-21	0	6.46	26	7
2014-02-22	0	5.41	24	6
2014-02-23	0	6.41	26	6
2014-02-24	0	5.39	27	5
2014-02-25	0	7.14	27	6
2014-02-26	0	4.39	27	6
2014-02-27	0	5.82	27	8
2014-02-28	0	4.17	27	5
2014-03-01	0	5.62	29	7
2014-03-02	0	5.75	29	7
2014-03-03	13	12.06	26	7
2014-03-04	0	4.47	26	9
2014-03-05	0	9.63	26	6
2014-03-06	0	4.98	25	5
2014-03-07	0	7.13	25	6
2014-03-08	0	5.4	24	6
2014-03-09	0	5.49	26	5
2014-03-10	0	6.89	23	6
2014-03-11	0	5.61	27	7
2014-03-12	0	6.65	29	5
2014-03-13	0	6.3	28	6
2014-03-14	0	8	29	6
2014-03-15	0	5.15	29	6
2014-03-16	0	6.03	28	5
2014-03-17	0	6.15	19	6
2014-03-18	0	8.58	27	4
2014-03-19	0	8.08	30	7
2014-03-20	0	7.14	28	7
2014-03-21	0	8.76	31	6
2014-03-22	0	6.31	31	8
2014-03-23	0	5.79	31	8
2014-03-24	0	8.71	30	9
2014-03-25	0	3.51	29	9
2014-03-26	0	12.14	26	7
2014-03-27	0	1.67	28	8
2014-03-28	0	9.91	29	8
2014-03-29	0	2.5	24	11
2014-03-30	0	3.17	23	10
2014-03-31	0	6.2	28	7
2014-04-01	0	7.1	30	8
2014-04-02	0	7.4	29	7
2014-04-03	0	11.73	28	10
2014-04-04	0	8.39	30	10
2014-04-05	0	10.67	29	10
2014-04-06	0	12.54	30	11
2014-04-07	0	10.08	29	8
2014-04-08	0	6.66	24	8
2014-04-09	0	7.59	27	7
2014-04-10	0	8.93	27	5
2014-04-11	0	11.67	30	7
2014-04-12	0	13.84	31	7
2014-04-13	0	9.24	32	9
2014-04-14	9	10.18	32	9
2014-04-15	0	4.97	26	11
2014-04-16	0	4.65	26	8
2014-04-17	8	7.8	28	9
2014-04-18	2	6.65	26	10
2014-04-19	0	5.87	28	9
2014-04-20	0	7.94	30	10
2014-04-21	6	10.04	28	7
2014-04-22	1	4.65	27	8
2014-04-23	0	7.48	28	10
2014-04-24	0	7.21	28	7
2014-04-25	0	6.03	27	10
2014-04-26	0	8.73	28	10
2014-04-27	0	13.27	27	10
2014-04-28	0	9.87	30	10
2014-04-29	7	7.47	30	10
2014-04-30	0	3.72	28	10
2014-05-01	0	7.32	27	10
2014-05-02	0	5.34	26	10
2014-05-03	0	8.33	25	9
2014-05-04	0	7.93	27	10
2014-05-05	0	9.46	29	10
2014-05-06	0	8.72	30	10
2014-05-07	12	8.07	24	11
2014-05-08	2	3.87	20	11
2014-05-09	0	2.94	28	8
2014-05-10	0	6.62	28	9
2014-05-11	8	9.4	30	12
2014-05-12	2	10.75	29	10
2014-05-13	22	6.76	28	12
2014-05-14	0	13.49	23	11
2014-05-15	0	6.15	21	9
2014-05-16	0	7.24	25	5
2014-05-17	0	8.09	25	5
2014-05-18	0	10.65	26	5
2014-05-19	0	11.48	26	6
2014-05-20	0	8.49	26	6
2014-05-21	0	9.46	28	8
2014-05-22	0	5.66	27	10
2014-05-23	0	6.44	24	12
2014-05-24	6	5.25	28	11
2014-05-25	0	7.02	24	11
2014-05-26	0	4.7	26	12
2014-05-27	28	6.41	26	12
2014-05-28	0	9.31	26	12
2014-05-29	0	4.19	24	14
2014-05-30	3.9	7.1	25	15
2014-05-31	0	9.55	23	12
2014-06-01	0	3.56	18	8
2014-06-02	0	5.61	23	10
2014-06-03	0	5.46	24	10
2014-06-04	0	8.61	24	11
2014-06-05	10	5.12	24	14
2014-06-06	7	6.9	21	12
2014-06-07	0	3.58	25	12
2014-06-08	3	5.18	23	14
2014-06-09	0	5.62	25	12
2014-06-10	0	5.59	26	13
2014-06-11	0	7.29	26	14
2014-06-12	0	3.7	27	11
2014-06-13	0	7.63	29	12
2014-06-14	0	2.94	29	11
2014-06-15	0	14.2	29	11
2014-06-16	25	13.67	27	11
2014-06-17	0	9.42	24	12
2014-06-18	5	4.11	24	15
2014-06-19	5	6.97	25	14
2014-06-20	10	5.02	24	15
2014-06-21	2	3.02	26	14
2014-06-22	0	6.24	25	15
2014-06-23	28	7.25	23	15
2014-06-24	15	3.77	24	14
2014-06-25	7	6.12	24	14
2014-06-26	14	5.98	23	15
2014-06-27	0	3.36	23	12
2014-06-28	4	2.43	25	13
2014-06-29	0	2.87	22	11
2014-06-30	12	3.99	22	11
2014-07-01	NULO	NULO	NULO	NULO
2014-07-02	NULO	0.12	NULO	NULO
2014-07-03	38	5.52	NULO	NULO
2014-07-04	0	14.48	23	12
2014-07-05	0	4.96	21	10
2014-07-06	7	1.6	20	9
2014-07-07	7	6.38	24	7
2014-07-08	30	10.47	24	9
2014-07-09	19	4.5	24	10
2014-07-10	0	4.5	24	12
2014-07-11	0	3.42	24	11
2014-07-12	0	5.53	24	9
2014-07-13	0	5.84	25	8
2014-07-14	9	7.42	24	10
2014-07-15	8	6.6	24	11
2014-07-16	7	6.28	24	12
2014-07-17	0	3.69	25	12
2014-07-18	0	3.17	24	8.5
2014-07-19	0	7.07	26	10
2014-07-20	0	5.51	26	10
2014-07-21	0	6.49	27	9
2014-07-22	0	7.74	25	10
2014-07-23	0	6.57	25	10
2014-07-24	16	8.8	25	10
2014-07-25	0	4.43	27	9
2014-07-26	0	4.64	26	10
2014-07-27	0	5.92	24	10
2014-07-28	0	4.04	27	10
2014-07-29	0	5.02	26	10
2014-07-30	0	5.94	26	11
2014-07-31	0	4.12	26	11
2014-08-01	0	8.56	27	10
2014-08-02	0	5.95	27	10
2014-08-03	0	7.23	27	8
2014-08-04	11	7.16	25	11
2014-08-05	0	6.96	24	10
2014-08-06	22	3.56	24	8
2014-08-07	0	2.83	14	10
2014-08-08	0	4.89	22	12
2014-08-09	0	5.17	27	9
2014-08-10	0	2.9	26	12
2014-08-11	0	5.87	25	10
2014-08-12	3	5.33	25	11
2014-08-13	0	2.76	24	10
2014-08-14	0	6.11	24	10
2014-08-15	3	4.83	26	10
2014-08-16	0	6.02	27	10
2014-08-17	0	5.88	29	10
2014-08-18	2	7.36	25	11
2014-08-19	39	4.2	26	11
2014-08-20	0	8.16	26	11
2014-08-21	0	4.28	25	8
2014-08-22	0	7.02	24	8
2014-08-23	7	3.58	25	10
2014-08-24	5	7.45	26	11
2014-08-25	0	7.69	25	12
2014-08-26	0	3.68	26	10
2014-08-27	0	6.16	26	10
2014-08-28	0	6.84	26	8
2014-08-29	0	6.46	26	9
2014-08-30	0	7.59	25	10
2014-08-31	0	4.25	25	12
2014-09-01	0	3.31	26	11
2014-09-02	40	5.3	25	11
2014-09-03	6	10.82	19	12
2014-09-04	2	1	24	11
2014-09-05	2	3.09	25	12
2014-09-06	0	5.3	25	10
2014-09-07	0	3.45	21	9
2014-09-08	0	6.41	23	10
2014-09-09	17	3.27	25	12
2014-09-10	2	5.89	24	11
2014-09-11	0	3.58	26	10
2014-09-12	2.8	5.46	26	11
2014-09-13	9	4.8	24	11
2014-09-14	0	5.05	23	12
2014-09-15	0	3.67	23	10
2014-09-16	0	4.5	22	12
2014-09-17	0	4.58	26	13
2014-09-18	0	7.12	27	10
2014-09-19	16	9.88	27	11
2014-09-20	0	5.68	26	10
2014-09-21	3	5.2	25	11
2014-09-22	0	0.73	24	12
2014-09-23	0	7.55	29	11
2014-09-24	0	5.55	24	11
2014-09-25	0	6.7	25	10
2014-09-26	0	5.91	26	10
2014-09-27	0	0.49	27	11
2014-09-28	0	11.27	25	12
2014-09-29	7	2.93	25	13
2014-09-30	7	3.72	25	11
2014-10-01	0	5.53	26	12
2014-10-02	10	12.33	28	13
2014-10-03	0	5.4	28	13
2014-10-05	0	11.57	23	12
2014-10-06	2	1.5	22	12
2014-10-07	0	7.38	25	11
2014-10-08	0	6.07	26	5
2014-10-09	0	5.49	26	6
2014-10-10	0	5.49	23	10
2014-10-11	6	5.46	25	11
2014-10-12	0	4.1	23	11
2014-10-13	0	7.14	25	9
2014-10-14	0	4.5	21	10
2014-10-15	0	5.28	24	6
2014-10-16	11	2.06	25	6
2014-10-17	0	4.58	25	8
2014-10-18	9	11.26	20	6
2014-10-19	2	2.75	18	12
2014-10-20	0	1.88	20	12
2014-10-21	0	2.46	19	11
2014-10-22	0	4.57	23	11
2014-10-23	0	2.69	21	10
2014-10-24	0	3.94	20	10
2014-10-25	0	7.81	24	10
2014-10-26	0	7.66	22	7
2014-10-27	0	8.33	24	5
2014-10-28	0	4.11	29	6
2014-10-29	0	7.88	25	1
2014-10-30	0	5.47	23	6
2014-10-31	0	8.86	21	7
2014-11-01	0	2.03	19	4
2014-11-02	0	8.99	24	4
2014-11-03	0	4.1	26	4
2014-11-04	0	4.55	27	7
2014-11-05	0	4.7	27	6
2014-11-06	0	5.4	28	8
2014-11-07	0	7.66	26	7
2014-11-08	0	6.07	23	9
2014-11-09	0	7.09	18	6
2014-11-10	0	3.37	24	5
2014-11-11	12	4.63	24	7
2014-11-12	3	1.9	23	11
2014-11-13	0	5.14	23	10
2014-11-14	0	4.65	23	6
2014-11-15	0	6.1	23	7
2014-11-16	0	4.35	25	9
2014-11-17	0	4.99	25	7
2014-11-18	0	4.35	23	8
2014-11-19	0	11.89	24	7
2014-11-20	6	2.86	22	8
2014-11-21	0	2.14	21	10
2014-11-22	0	4.64	23	9
2014-11-23	0	6.55	26	7
2014-11-24	0	3.08	23	6
2014-11-25	0	5.73	24	7
2014-11-26	0	5.5	22	1
2014-11-27	0	2.39	20	2
2014-11-28	0	5.47	22	1
2014-11-29	0	5.48	23	1
2014-11-30	0	4.17	23	3
2014-12-01	0	9.7	26	4
2014-12-02	0	8.84	23	6
2014-12-03	0	3.44	24	2
2014-12-04	0	5.58	23	4
2014-12-05	0	6.42	26	3
2014-12-06	0	5.68	23	3
2014-12-07	0	8.76	22	4
2014-12-08	0	6.33	21	6
2014-12-09	0	5.42	21	4
2014-12-10	0	5.71	19	6
2014-12-11	0	5.08	18	6
2014-12-12	0	5.4	18	6
2014-12-13	0	0.66	20	8
2014-12-14	0	9.01	22	9
2014-12-15	0	5.97	24	9
2014-12-16	0	7.34	22	7
2014-12-17	0	2.17	23	4
2014-12-18	0	5.74	25	6
2014-12-19	0	4.99	25	6
2014-12-20	0	6.84	24	5
2014-12-21	0	5.42	24	7
2014-12-22	0	5.46	21	6
2014-12-23	10	2.01	20	7
2014-12-24	16	1.9	12	8
2014-12-25	0	0.9	18	7
2014-12-26	0	5.68	22	8
2014-12-27	0	2.25	25	6
2014-12-28	0	5.39	23	6
2014-12-29	0	6.38	25	5
2014-12-30	0	5.4	27	6
2014-12-31	0	5.24	27	7
2015-01-01	0	5.37	23	4
2015-01-02	0	4.38	22	4
2015-01-03	0	5.03	17	4
2015-01-04	0	5.69	20	4
2015-01-05	0	5.08	24	2
2015-01-06	0	1.51	18	2
2015-01-07	0	3.15	19	4
2015-01-08	0	3.57	14	6
2015-01-09	3	3.25	18	2
2015-01-10	4	3	21	2
2015-01-11	0	6.79	21	2
2015-01-12	0	3.49	24	2
2015-01-13	0	3.47	24	3
2015-01-14	0	4.32	24	4
2015-01-15	0	7.28	24	4
2015-01-16	0	5.96	24	4
2015-01-17	0	4.73	23	4
2015-01-18	0	6.03	21	7
2015-01-19	0	5.65	22	4
2015-01-20	0	5.98	25	3
2015-01-21	0	7.56	25	5
2015-01-22	0	3.39	24	6
2015-01-23	0	5.97	24	5
2015-01-24	0	3.74	24	4
2015-01-25	0	7.46	20	4
2015-01-26	0	3.84	24	6
2015-01-27	0	5.28	24	3
2015-01-28	0	6.1	25	3
2015-01-29	0	6.7	24	2
2015-01-30	0	5.92	22	0
2015-01-31	0	5.54	25	1
2015-02-01	0	5.71	23	3
2015-02-02	0	9.31	23	5
2015-02-03	0	5.28	19	6
2015-02-04	0	4.24	24	3
2015-02-05	0	5.36	21	3
2015-02-06	0	5.4	21	2
2015-02-07	0	8.13	24	2
2015-02-08	0	7.82	24	1
2015-02-09	0	9.16	23	1
2015-02-10	0	5.1	24	1
2015-02-11	0	8	24	1
2015-02-12	3	5.17	22	4
2015-02-13	0	3.15	17	2
2015-02-14	0	5.82	15	3
2015-02-15	0	2.37	20	3
2015-02-16	0	4.1	24	6
2015-02-17	0	7.09	23	7
2015-02-18	0	6.19	26	5
2015-02-19	0	7.58	25	6
2015-02-20	0	8.04	25	5
2015-02-21	0	9.81	27	5
2015-02-22	0	9.88	23	6
2015-02-23	0	12.07	23	5
2015-02-24	0	9.05	23	6
2015-02-25	0	9.46	27	5
2015-02-26	0	10.57	24	7
2015-02-27	0	12.26	26	4
2015-02-28	0	10.12	26	5
2015-03-01	0	NULO	30	6
2015-03-02	0	8.2	30	5
2015-03-03	0	13.86	29	6
2015-03-04	0	8.78	30	6
2015-03-05	0	7.15	26	9
2015-03-06	0	6.26	26	5
2015-03-07	0	7.03	27	4
2015-03-08	0	5.59	27	6
2015-03-09	5	6.63	22	7
2015-03-10	20	10.97	22	7
2015-03-11	7	5	18	6
2015-03-12	0	3.87	21	7
2015-03-13	2	5.73	20	5
2015-03-14	17	2.62	17	7
2015-03-15	0	3.81	15	4
2015-03-16	0	5.16	22	6
2015-03-17	7	3.33	25	9
2015-03-18	9	7.24	26	7
2015-03-19	3	7.44	27	11
2015-03-20	1	7.52	25	9
2015-03-21	0	5.97	24	8
2015-03-22	0	6.17	26	9
2015-03-23	0	4.59	26	12
2015-03-24	0	9.38	25	9
2015-03-25	1	6.25	25	9
2015-03-26	2	4	24	7
2015-03-27	14	5.25	21	9
2015-03-28	7	2.19	20	9
2015-03-29	0	5.39	24	8
2015-03-30	0	6.22	24	5
2015-03-31	0	8.24	24	4
2015-04-01	0	5.41	27	7
2015-04-02	1	5.78	26	9
2015-04-03	0	6.61	26	7
2015-04-04	0	8.84	25	8
2015-04-05	0	5.85	26	5
2015-04-06	0	9.69	26	7
2015-04-07	0	11.22	27	5
2015-04-08	0	7.88	29	6
2015-04-09	0	1.12	29	7
2015-04-10	0	14.03	29	7
2015-04-11	0	11.43	27	7
2015-04-12	0	6.91	26	9
2015-04-13	6	6.19	26	9
2015-04-14	0	7.1	29	10
2015-04-15	4	4.22	24	9
2015-04-16	0	6.26	28	9
2015-04-17	5	0.67	29	10
2015-04-18	0	13.5	26	9
2015-04-19	0	2.9	29	10
2015-04-20	0	7.2	29	10
2015-04-21	0	1.68	31	9
2015-04-22	6	6.08	29	11
2015-04-23	0	5.52	30	9
2015-04-24	0	5.9	30	9
2015-04-25	0	9.68	29	11
2015-04-26	0	11.81	29	11
2015-04-27	0	11.13	28	10
2015-04-28	6	3.85	28	11
2015-04-29	0	0.13	24	11
2015-04-30	6	0.59	24	11
2015-05-01	0	NULO	24	7
2015-05-02	0	5.94	24	6
2015-05-03	0	4.45	23	10
2015-05-04	0	9.31	24	9
2015-05-05	0	7.32	27	9
2015-05-06	15	1.1	29	11
2015-05-07	0	5.18	28	10
2015-05-08	0	7.04	29	11
2015-05-09	0	12.92	29	11
2015-05-10	27	12.48	30	9
2015-05-11	0	11.2	28	9
2015-05-12	0	7.39	27	11
2015-05-13	2	1.01	26	10
2015-05-14	0	3.7	25	11
2015-05-15	10	6.96	26	10
2015-05-16	0	5.64	27	10
2015-05-17	0	2.36	26	10
2015-05-18	0	5.58	27	11
2015-05-19	0	6.2	26	10
2015-05-20	0	7.38	29	11
2015-05-21	0	8.67	26	10
2015-05-22	5	5.41	24	11
2015-05-23	0	3.83	24	10
2015-05-24	5	7.4	24	10
2015-05-25	17	5	26	12
2015-05-26	0	7.54	27	12
2015-05-27	2	5.84	27	10
2015-05-28	0	5.18	26	10
2015-05-29	0	3.85	24	10
2015-05-30	7	7.14	22	12
2015-05-31	0	2.55	22	11
2015-06-01	0	4.22	20	9
2015-06-02	2	3.19	24	8
2015-06-03	0	6.15	24	11
2015-06-04	2	7.42	23	11
2015-06-05	0	1.39	25	11
2015-06-06	0	1.59	25	12
2015-06-07	0	5.2	25	12
2015-06-08	0	6.14	26	8
2015-06-09	0	7.52	26	7
2015-06-10	0	6.37	28	8
2015-06-11	0	8.14	28	10
2015-06-12	0	11.51	27	11
2015-06-13	0	3.38	26	11
2015-06-14	6	3.69	25	12
2015-06-15	0	3.81	23	12
2015-06-16	7	6.05	27	11
2015-06-17	0	5.68	24	12
2015-06-18	12	10.74	25	13
2015-06-19	10	3.76	26	10
2015-06-20	55	7.14	24	12
2015-06-21	4	6.1	27	12
2015-06-22	18	4.34	24	14
2015-06-23	32	5.1	22	12
2015-06-24	0	1.66	24	9
2015-06-25	0	7.47	26	9
2015-06-26	0	4.03	25	11
2015-06-27	0	5.58	25	10
2015-06-28	15	3.89	24	11
2015-06-29	12	5.9	25	12
2015-06-30	10	1.27	25	12
2015-07-01	2	3.82	22	11
2015-07-02	3	2.29	22	13
2015-07-03	1	1.84	22	11
2015-07-04	54	1.77	24	12
2015-07-05	0	4.48	24	12
2015-07-06	2	1.7	24	12
2015-07-07	0	2.8	22	12
2015-07-08	4	6.14	29	9
2015-07-09	0	5.26	24	8
2015-07-10	0	3.77	22	10
2015-07-11	0	4.88	23	10
2015-07-12	0	6.53	24	10
2015-07-13	0	7.66	27	8
2015-07-14	0	8.24	27	8
2015-07-15	0	7.87	26	9
2015-07-16	0	6.43	26	9
2015-07-17	0	3.6	26	9
2015-07-18	17	0.16	25	10
2015-07-19	4	3.77	25	12
2015-07-20	0	6.29	25	9
2015-07-21	0	4.14	24	10
2015-07-22	5	5.11	26	9
2015-07-23	6	4.75	26	11
2015-07-24	0	5.71	26	10
2015-07-25	0	5.04	27	9
2015-07-26	0	4.93	28	10
2015-07-27	3	7.81	27	10
2015-07-28	0	6.51	29	11
2015-07-29	0	6.68	28	11
2015-07-30	0	7.4	28	11
2015-07-31	0	4.11	28	10
2015-08-01	0	4.59	25	8
2015-08-02	0	5.77	26	11
2015-08-03	0	5.56	27	10
2015-08-04	0	4.96	27	9
2015-08-05	0	6.14	27	10
2015-08-06	0	6.47	29	10
2015-08-07	8	4.97	28	10
2015-08-08	4	6.58	29	10
2015-08-09	0	4.7	27	10
2015-08-10	0	5.79	27	9
2015-08-11	0	5.68	26	9
2015-08-12	0	5.92	24	9
2015-08-13	3	5.69	24	10
2015-08-14	0	6.25	28	8
2015-08-15	0	11.84	28	9
2015-08-16	0	0.42	29	10
2015-08-17	11	3.28	25	10
2015-08-18	0	4.64	24	11
2015-08-19	0	4.49	27	11
2015-08-20	60	NULO	27	9
2015-08-21	0	6.44	27	11
2015-08-22	9	5.45	26	12
2015-08-23	0	5.61	26	12
2015-08-24	0	7.9	27	11
2015-08-25	0	4.3	24	9
2015-08-26	0	4.83	24	11
2015-08-27	0	7.65	24	11
2015-08-28	0	3.14	22	10
2015-08-29	0	4.39	25	10
2015-08-30	0	5.88	25	11
2015-08-31	0	2.8	24	10
2015-09-01	7	9.74	27	10
2015-09-02	19	4.49	25	11
2015-09-03	0	6.4	24	11
2015-09-04	0	2.85	24	12
2015-09-05	0	7.1	25	11
2015-09-06	0	7.84	28	11
2015-09-07	0	8.45	28	11
2015-09-08	0	5.62	26	10
2015-09-09	0	5.37	26	9
2015-09-10	2	4.35	24	9
2015-09-11	0	5.05	24	10
2015-09-12	0	9.92	24	10
2015-09-13	2	NULO	23	12
2015-09-14	5	7.5	24	12
2015-09-15	0	6.1	26	10
2015-09-16	41	5.97	24	12
2015-09-17	28	7.72	24	13
2015-09-18	0	5.02	26	13
2015-09-19	0	9.42	26	9
2015-09-20	0	2.52	25	9
2015-09-21	3	7.48	24	13
2015-09-22	0	6.94	24	11
2015-09-23	0	8.3	26	10
2015-09-24	0	9.61	24	10
2015-09-25	0	5.6	26	11
2015-09-26	0	2.5	19	11
2015-09-27	20	3.12	24	11
2015-09-28	6	4.69	18	11
2015-09-29	0	2.54	20	11
2015-09-30	0	NULO	20	11
2015-10-01	0	2.92	20	10
2015-10-02	0	12.59	24	6
2015-10-03	0	7.38	27	2
2015-10-04	0	4.66	27	6
2015-10-05	0	7.89	26	8
2015-10-06	0	8.99	28	8
2015-10-07	0	7.13	29	6
2015-10-08	0	8.11	28	8
2015-10-09	0	7.87	25	10
2015-10-10	0	4.3	25	9
2015-10-11	0	5.24	27	10
2015-10-12	0	8.11	27	9
2015-10-13	0	7.27	27	8
2015-10-14	0	6.76	26	9
2015-10-15	0	5.53	25	9
2015-10-16	0	4.79	23	9
2015-10-17	0	6.58	19	7
2015-10-18	0	4.08	17	10
2015-10-19	0	0.22	21	10
2015-10-20	0	5.57	27	6
2015-10-21	0	5.36	27	6
2015-10-22	0	3.5	25	6
2015-10-23	0	6.13	27	9
2015-10-24	0	12.76	25	12
2015-10-25	0	8.81	25	12
2015-10-26	0	8.89	20	11
2015-10-27	2	2.16	25	11
2015-10-28	4	6.54	22	12
2015-10-29	0	0.82	26	11
2015-10-30	0	4.49	23	10
2015-10-31	1.6	7.36	23	13
2015-11-01	0	5.29	26	10
2015-11-02	0	6.33	24	10
2015-11-03	0	5.24	26	10
2015-11-04	0	3.99	25	9
2015-11-05	0	4.7	26	8
2015-11-06	0	5.67	24	9
2015-11-07	0	7.56	24	9
2015-11-08	0	2.77	20	11
2015-11-09	0	4.58	26	6
2015-11-10	0	5	25	7
2015-11-11	0	5.74	26	7
2015-11-12	0	4.72	25	7
2015-11-13	0	7.03	22	9
2015-11-14	0	5.17	25	11
2015-11-15	0	5.49	NULO	NULO
2015-11-16	0	6.56	27	7
2015-11-17	0	5.16	24	11
2015-11-18	0	5.75	27	8
2015-11-19	0	6.73	21	11
2015-11-20	0	4.66	27	8
2015-11-21	0	5.07	23	8
2015-11-22	0	8.32	20	9
2015-11-23	0	1.49	24	9
2015-11-24	0	6.68	22	7
2015-11-25	0	7.16	27	8
2015-11-26	0	6.6	27	8
2015-11-27	0	8.29	22	7
2015-11-28	0	6.42	24	10
2015-11-29	0	4.65	25	7
2015-11-30	0	6.96	25	4
2015-12-01	0	9.42	28	4
2015-12-02	0	5.52	26	5
2015-12-03	7	6.92	20	8
2015-12-04	13	8.01	18	9
2015-12-05	0	3.81	19	5
2015-12-06	0	4.64	20	6
2015-12-07	0	5.39	22	7
2015-12-08	0	5.04	22	6
2015-12-09	0	2.79	20	7
2015-12-10	0	3.85	23	6
2015-12-11	0	5.43	24	4
2015-12-12	0	4.15	23	7
2015-12-13	0	8.3	19	8
2015-12-14	0	3.62	24	5
2015-12-15	0	3.01	26	5
2015-12-16	0	7.76	26	4
2015-12-17	0	4.88	27	4
2015-12-18	0	7.23	18	6
2015-12-19	0	2.98	20	2
2015-12-20	0	5.92	25	3
2015-12-21	0	6.45	24	5
2015-12-22	4	7.28	25	6
2015-12-23	0	6.17	18	8
2015-12-24	0	2.16	26	4
2015-12-25	0	1.14	26	4
2015-12-26	0	5.54	26	6
2015-12-27	0	5.56	24	9
2015-12-28	0	5.98	24	2
2015-12-29	0	7.06	23	4
2015-12-30	0	7.39	27	6
2015-12-31	0	6.69	27	6
2016-01-01	0	6.01	25	5
2016-01-02	0	6.39	24	8
2016-01-03	0	4.98	22	8
2016-01-04	0	7.25	18	6
2016-01-05	0	0.7	22	7
2016-01-06	0	4.81	22	4
2016-01-07	0	7.28	21	2
2016-01-08	0	7.81	21	3
2016-01-09	0	8.21	23	1
2016-01-10	0	7.43	22	4
2016-01-11	0	6.14	18	2
2016-01-12	0	6.92	18	2
2016-01-13	4	5.51	11	4
2016-01-14	0	4.88	22	6
2016-01-15	0	3.37	23	1
2016-01-16	0	5.29	19	3
2016-01-17	0	5.14	26	1
2016-01-18	0	6.02	23	1
2016-01-19	0	5.3	19	1
2016-01-20	0	4.63	20	4
2016-01-21	0	3.79	22	1
2016-01-22	0	7.38	22	3
2016-01-23	0	8.62	23	2
2016-01-24	0	7.84	23	1
2016-01-25	0	8.67	24	-1
2016-01-26	0	3.95	21	4
2016-01-27	0	5.82	23	1
2016-01-28	0	4.74	15	1
2016-01-29	0	4.06	16	1
2016-01-30	0	0.52	23	3
2016-01-31	0	7.4	24	5
2016-02-01	0	10.92	26	5
2016-02-02	0	10.5	22	4
2016-02-03	0	9.16	28	6
2016-02-04	0	9.78	21	4
2016-02-05	0	5.69	25	4
2016-02-06	0	6.49	19	2
2016-02-07	0	4.13	22	3
2016-02-08	0	9.52	22	4
2016-02-09	0	10.65	18	3
2016-02-10	0	4.41	9	4
2016-02-11	0	5.46	21	2
2016-02-12	0	8.94	24	0
2016-02-13	0	7.69	22	3
2016-02-14	0	6.3	24	3
2016-02-15	0	9.53	26	2
2016-02-16	0	7.67	26	4
2016-02-17	0	6.86	24	0
2016-02-18	0	8.45	26	2
2016-02-19	0	8.59	27	2
2016-02-20	0	7.98	25	4
2016-02-21	0	8.96	30	4
2016-02-22	0	8.66	28	5
2016-02-23	0	6.01	28	6
2016-02-24	0	9.1	28	6
2016-02-25	0	9.35	27	6
2016-02-26	0	9.33	26	6
2016-02-27	0	8.34	22	7
2016-02-28	0	2.5	23	8
2016-02-29	0	6.73	23	6
2016-03-01	0	8.31	23	9
2016-03-02	0	4.63	16	9
2016-03-03	0	3.23	22	6
2016-03-04	0	7.95	21	6
2016-03-05	0	8.12	22	5
2016-03-06	0	11.98	26	4
2016-03-07	0	13.02	24	3
2016-03-08	5	6.83	23	7
2016-03-09	5	11.76	15	9
2016-03-10	0	0.13	11	6
2016-03-11	0	6.63	19	1
2016-03-12	0	10.42	25	2
2016-03-13	0	10.12	28	3
2016-03-14	0	13.89	30	5
2016-03-15	0	7.93	31	7
2016-03-16	0	7.95	29	9
2016-03-17	0	7.89	27	9
2016-03-18	0	6.5	26	6
2016-03-19	0	9.52	26	7
2016-03-20	0	9.64	19	7
2016-03-21	0	11.21	19	6
2016-03-22	0	6.59	25	6
2016-03-23	0	6.3	25	3
2016-03-24	0	3.88	28	5
2016-03-25	0	8.68	29	6
2016-03-26	0	8.54	28	9
2016-03-27	0	9.79	30	8
2016-03-28	0	7.74	29	6
2016-03-29	0	9.58	23	7
2016-03-30	0	8.05	31	8
2016-03-31	0	10.79	31	8
2016-04-01	0	9.48	31	8
2016-04-02	0	1.12	30	7
2016-04-03	0	1.12	28	4
2016-04-04	0	9.75	30	6
2016-04-05	0	9.04	31	6
2016-04-06	0	9.66	30	7
2016-04-07	0	8.57	32	8
2016-04-08	0	6.76	30	8
2016-04-09	0	8.21	30	4
2016-04-10	0	6.81	31	8
2016-04-11	1	5.27	32	7
2016-04-12	0	3.49	31	9
2016-04-13	0	1.35	32	10
2016-04-14	0	7.95	30	10
2016-04-15	0	1.16	31	9
2016-04-16	0	1.08	29	5
2016-04-17	0	1.3	29	9
2016-04-18	0	6.88	24	10
2016-04-19	0	5.62	29	10
2016-04-20	13	3.02	28	9
2016-04-21	0	6.76	24	10
2016-04-22	0	5.49	19	10
2016-04-23	0	2.12	21	10
2016-04-24	0	2.23	27	8
2016-04-25	0	8.05	26	8
2016-04-26	0	8.62	28	9
2016-04-27	0	9.66	30	8
2016-04-28	0	4.11	30	9
2016-04-29	0	1.44	32	9
2016-04-30	0	1.02	30	8
2016-05-01	0	NULO	31	9
2016-05-02	0	1.01	34	8
2016-05-03	0	9.59	32	9
2016-05-04	0	1.24	30	10
2016-05-05	0	8.2	30	9
2016-05-06	0	8.13	29	9
2016-05-07	0	7.23	31	8
2016-05-08	0	1.01	33	8
2016-05-09	0	1.04	31	8
2016-05-10	16	0.5	32	11
2016-05-11	15	1.72	29	11
2016-05-12	0	4.97	27	11
2016-05-13	0	4.39	26	9
2016-05-14	0	7.98	27	11
2016-05-15	0	6.5	24	6
2016-05-16	0	3.91	26	12
2016-05-17	0	5.43	29	11
2016-05-18	0	7.24	29	11
2016-05-19	0	4.15	29	11
2016-05-20	0	6.29	32	12
2016-05-21	7	1.1	30	12
2016-05-22	5	8.02	31	12
2016-05-23	0	7.26	31	13
2016-05-24	0	7.32	30	11
2016-05-25	0	3.5	32	11
2016-05-26	12.5	5.4	29	12
2016-05-27	0	1.04	28	11
2016-05-28	5	6.75	23	11
2016-05-29	0	7.84	28	11
2016-05-30	0	7.84	28	12
2016-05-31	0	5.38	28	11
2016-06-01	0	NULO	24	11
2016-06-02	5	2.94	27	12
2016-06-03	0	7.18	25	11
2016-06-04	0	5.54	23	11
2016-06-05	2	6.25	24	11
2016-06-06	0	7.96	20	12
2016-06-07	0	4.96	25	11
2016-06-08	0	7.01	26	11
2016-06-09	0	5.6	25	11
2016-06-10	21	5.06	26	12
2016-06-11	12	7.23	23	13
2016-06-12	25	5.37	28	11
2016-06-13	1	1	25	11
2016-06-14	21	5	26	11
2016-06-15	8	6.77	23	11
2016-06-16	2	1.19	23	11
2016-06-17	0	0.61	26	11
2016-06-18	0	8.07	25	11
2016-06-19	0	5.75	25	10
2016-06-20	22	5.77	24	12
2016-06-21	0	1.72	23	12
2016-06-22	0	4.65	20	9
2016-06-23	0	5.11	25	10
2016-06-24	2	6.46	26	10
2016-06-25	0	4.48	25	9
2016-06-26	7	5	24	10
2016-06-27	2	6.49	26	11
2016-06-28	0	3.45	27	10
2016-06-29	0	8.64	26	10
2016-06-30	0	6.77	25	10
2016-07-01	3	8.53	25	12
2016-07-02	0	8.31	24	11
2016-07-03	3	1.83	27	10
2016-07-04	0	2.59	27	10
2016-07-05	6	5.63	26	10
2016-07-06	0	9.96	27	10
2016-07-07	0	4.9	28	11
2016-07-08	0	5.34	29	11
2016-07-09	0	8.89	28	11
2016-07-10	0	7.65	27	11
2016-07-11	0	7.56	24	11
2016-07-12	3	4.46	21	12
2016-07-13	0	2.59	26	9
2016-07-14	0	4.57	29	9
2016-07-15	0	7.06	22	9
2016-07-16	8	7.05	27	9
2016-07-17	0	6.87	27	10
2016-07-18	0	3.25	26	12
2016-07-19	0	6.16	27	9
2016-07-20	0	6.29	24	10
2016-07-21	0	5.17	24	12
2016-07-22	3	4.13	25	12
2016-07-23	4	5.04	24	11
2016-07-24	2	3.22	26	10
2016-07-25	9	6.1	27	10
2016-07-26	0	3.94	26	11
2016-07-27	2	6.6	26	12
2016-07-28	3	5.44	26	10
2016-07-29	0	2.12	27	11
2016-07-30	0	7.54	25	11
2016-07-31	0	7.4	25	11
2016-08-01	0	7.4	27	9
2016-08-02	3	7.99	26	10
2016-08-03	7	0.79	28	9
2016-08-04	0	10.85	28	10
2016-08-05	4	7.05	24	9
2016-08-06	7	0.7	22	10
2016-08-07	0	5.2	24	11
2016-08-08	3	4.79	23	15
2016-08-09	22	1.16	26	12
2016-08-10	0	3.09	25	13
2016-08-11	0	5.74	25	10
2016-08-12	8	3.93	25	11
2016-08-13	0	6.08	24	9
2016-08-14	0	5.1	27	11
2016-08-15	0	7.04	22	9
2016-08-16	0	5.9	25	11
2016-08-17	0	5.5	26	11
2016-08-18	8	8.66	25	12
2016-08-19	0	3.01	25	11
2016-08-20	0	4.21	27	11
2016-08-21	7	1.59	25	10
2016-08-22	0	1.13	24	11
2016-08-23	2	6.41	24	8
2016-08-24	0	4.91	23	10
2016-08-25	9	3.92	26	12
2016-08-26	0	4.71	25	11
2016-08-27	0	3.87	25	12
2016-08-28	0	7.16	19	12
2016-08-29	0	6.22	25	11
2016-08-30	0	7.61	27	9
2016-08-31	0	4.6	27	8
2016-09-01	0	5.8	24	7
2016-09-02	0	4.25	29	11
2016-09-03	0	5.29	24	12
2016-09-04	0	3.87	21	12
2016-09-05	0	1.83	22	12
2016-09-06	0	3.9	27	11
2016-09-07	0	4.73	24	9
2016-09-08	0	6.08	27	9
2016-09-09	0	5.23	26	7
2016-09-10	0	6.25	27	8
2016-09-11	0	12.67	26	8
2016-09-12	14	0.2	27	11
2016-09-13	0	4.6	25	12
2016-09-14	0	4.04	26	9
2016-09-15	0	3.22	28	9
2016-09-16	0	6.07	27	11
2016-09-17	0	4.32	26	11
2016-09-18	0	5.3	27	10
2016-09-19	0	6.74	27	11
2016-09-20	0	8.34	26	10
2016-09-21	0	4.29	24	9
2016-09-22	7	4.45	25	10
2016-09-23	5	4.84	24	10
2016-09-24	0	3.34	25	10
2016-09-25	0	6.51	23	9
2016-09-26	0	5.59	23	10
2016-09-27	15	2.78	24	13
2016-09-28	12	0.39	21	12
2016-09-29	0	2.04	23	11
2016-09-30	0	3.5	23	11
2016-10-01	0	6.65	24	10
2016-10-02	28	3.75	24	10
2016-10-03	0	7.94	25	10
2016-10-04	0	5.66	26	9
2016-10-05	0	6.4	26	9
2016-10-06	0	6.26	26	9
2016-10-07	0	7.61	26	8
2016-10-08	0	1.39	23	8
2016-10-09	0	8.12	18	11
2016-10-10	0	4.38	22	9
2016-10-11	0	5.43	26	8
2016-10-12	0	1.44	27	9
2016-10-13	0	3	27	10
2016-10-14	0	3.69	25	6
2016-10-15	0	5.62	26	6
2016-10-16	0	6.01	28	8
2016-10-17	0	6.92	25	7
2016-10-18	0	6.84	26	7
2016-10-19	0	6.51	25	8
2016-10-20	0	6.39	26	8
2016-10-21	0	8.39	20	10
2016-10-22	0	1.19	28	11
2016-10-23	0	4.92	24	8
2016-10-24	0	4.79	27	9
2016-10-25	0	12.91	25	10
2016-10-26	0	9.66	24	8
2016-10-27	0	7.36	21	8
2016-10-28	0	3.47	18	5
2016-10-29	0	5.51	22	5
2016-10-30	0	4.91	23	8
2016-10-31	0	2.76	23	8
2016-11-01	0	6.28	27	8
2016-11-02	0	0.16	22	3
2016-11-03	0	0.18	25	8
2016-11-04	0	1.35	22	9
2016-11-05	0	6.63	22	11
2016-11-06	0	6.9	24	8
2016-11-07	0	4.77	26	6
2016-11-08	20	3.06	24	7
2016-11-09	9	9.4	12	10
2016-11-10	0	2.36	12	9
2016-11-11	0	4.66	17	9
2016-11-12	0	2.03	19	10
2016-11-13	0	8.42	21	9
2016-11-14	1	6.55	25	9
2016-11-15	0	3.98	21	10
2016-11-16	0	6.35	20	10
2016-11-17	0	11.84	21	9
2016-11-18	0	4.37	22	9
2016-11-19	0	3.52	15	9
2016-11-20	0	2.97	17	8
2016-11-21	0	7.64	22	2
2016-11-22	0	4.21	18	7
2016-11-23	0	4.74	22	2
2016-11-24	0	4.07	23	6
2016-11-25	0	3.47	22	4
2016-11-26	0	2.98	20	6
2016-11-27	0	3.71	23	4
2016-11-28	0	3.23	25	3
2016-11-29	0	5.37	27	5
2016-11-30	0	5.88	26	6
2016-12-01	0	4.2	26	7
2016-12-02	0	4.75	26	7
2016-12-03	0	5.4	26	6
2016-12-04	0	5.99	24	7
2016-12-05	0	7.55	22	8
2016-12-06	0	7.06	25	2
2016-12-07	0	6.91	26	5
2016-12-08	0	3.88	26	5
2016-12-09	0	4.63	22	7
2016-12-10	0	4.29	22	6
2016-12-11	0	2.19	23	6
2016-12-12	0	3.52	25	3
2016-12-13	0	1.09	24	2
2016-12-14	0	5.04	22	2
2016-12-15	0	3.12	24	4
2016-12-16	0	4.96	24	6
2016-12-17	0	2.95	25	6
2016-12-18	0	6.05	24	9
2016-12-19	0	2.07	23	7
2016-12-20	0	4.44	23	9
2016-12-21	0	5.57	25	4
2016-12-22	0	5.35	25	3
2016-12-23	0	5.37	24	3
2016-12-24	0	7.4	26	3
2016-12-25	0	3.43	24	4
2016-12-26	0	4.17	25	4
2016-12-27	0	1.94	24	3
2016-12-28	0	3.42	25	4
2016-12-29	0	10.39	24	4
2016-12-30	0	4.27	19	4
2016-12-31	0	3.48	19	4
2017-01-01	0	2.19	23	5
2017-01-02	0	4.03	26	4
2017-01-03	0	5.04	26	4
2017-01-04	0	5.4	27	2
2017-01-05	0	5.03	28	2
2017-01-06	0	5.65	27	4
2017-01-07	0	4.92	23	6
2017-01-08	0	4.82	19	2
2017-01-09	0	3.31	18	2
2017-01-10	0	1.99	24	0
2017-01-11	0	2.02	22	1
2017-01-12	0	5.52	25	2
2017-01-13	0	3.58	24	2
2017-01-14	0	4.45	23	1
2017-01-15	0	5.07	23	2
2017-01-16	0	3.47	24	2
2017-01-17	0	4.75	23	3
2017-01-18	0	4.74	25	4
2017-01-19	0	5.46	24	5
2017-01-20	0	4.16	25	4
2017-01-21	0	6.72	21	3
2017-01-22	0	4.75	24	2
2017-01-23	0	7.06	27	1
2017-01-24	0	5.69	26	2
2017-01-25	0	4.98	29	4
2017-01-26	0	5.96	28	4
2017-01-27	0	6.2	28	3
2017-01-28	0	1.71	24	3
2017-01-29	0	5.94	19	2
2017-01-30	0	2.35	22	2
2017-01-31	0	6.22	20	1
2017-02-01	0	4.12	24	3
2017-02-02	0	6.8	24	4
2017-02-03	0	6.31	25	2
2017-02-04	0	6.63	25	4
2017-02-05	0	5.14	24	3
2017-02-06	0	6.69	23	4
2017-02-07	0	5.47	27	4
2017-02-08	0	8.51	27	3
2017-02-09	0	7.39	24	2
2017-02-10	0	8.12	26	3
2017-02-11	0	6.86	29	2
2017-02-12	0	5.87	29	2
2017-02-13	2	4.91	27	2
2017-02-14	0	6.12	26	5
2017-02-15	0	5.73	26	4
2017-02-16	0	8.01	22	5
2017-02-17	0	8.75	23	7
2017-02-18	0	8.22	20	2
2017-02-19	0	8.95	24	2
2017-02-20	0	6.82	27	7
2017-02-21	0	7.6	23	5
2017-02-22	0	3.45	26	3
2017-02-23	0	9.8	26	2
2017-02-24	0	3.8	27	2
2017-02-25	0	9.72	27	3
2017-02-26	0	8.46	28	4
2017-02-27	0	7.4	31	5
2017-02-28	0	9.09	30	7
2017-03-01	0	0.57	30	5
2017-03-02	0	4.72	26	3
2017-03-03	0	6.2	25	6
2017-03-04	8	6.66	25	5
2017-03-05	0	5.04	23	6
2017-03-06	0	3.5	26	7
2017-03-07	0	9.41	27	6
2017-03-08	10	4.31	25	7
2017-03-09	0	7.27	24	6
2017-03-10	0	5.31	19	6
2017-03-11	0	5.47	26	7
2017-03-12	0	6.76	22	9
2017-03-13	0	2.33	21	6
2017-03-14	0	6.12	24	5
2017-03-15	0	6.8	21	6
2017-03-16	0	6.95	23	6
2017-03-17	0	6.75	29	4
2017-03-18	0	6.08	23	3
2017-03-19	0	7.12	24	4
2017-03-20	0	8.96	24	3
2017-03-21	0	1.01	26	4
2017-03-22	0	6.82	26	6
2017-03-23	0	9.75	29	2
2017-03-24	0	1.02	29	5
2017-03-25	0	7.87	29	7
2017-03-26	0	9.35	26	7
2017-03-27	0	5.7	29	6
2017-03-28	0	8.01	29	6
2017-03-29	0	9.92	29	5
2017-03-30	0	9.07	29	6
2017-03-31	0	7.91	29	7
2017-05-01	0	11.69	32	10
2017-05-02	0	9.26	32	11
2017-05-03	0	8.26	32	11
2017-05-04	0	5.5	27	11
2017-05-05	0	5.15	28	11
2017-05-06	0	3.98	29	6
2017-05-07	10	7.8	29	9
2017-05-08	13	8.05	28	11
2017-05-09	0	8.43	27	11
2017-05-10	23	4.44	27	11
2017-05-11	3	13.81	29	10
2017-05-12	3	8.69	29	10
2017-05-13	5	8.21	28	10
2017-05-14	0	5.7	28	8
2017-05-15	0	5.8	29	10
2017-05-16	0	7.39	30	11
2017-05-17	0	8.18	32	14
2017-05-18	0	10.86	33	12
2017-05-19	0	3.86	32	12
2017-05-20	0	7.9	32	12
2017-05-21	0	6.54	32	12
2017-05-22	0	7.58	31	12
2017-05-23	0	10.38	32	4
2017-05-24	0	8.77	31	4
2017-05-25	0	7.19	32	6
2017-05-26	0	8.66	30	11
2017-05-27	0	10.1	30	10
2017-05-28	0	8.91	30	11
2017-05-29	0	7.85	29	11
2017-05-30	0	3.98	25	11
2017-05-31	0	6.65	22	12
2017-06-01	0	5.03	25	11
2017-06-02	0	3.26	28	11
2017-06-03	0	7.46	30	11
2017-06-04	0	11.39	29	10
2017-06-05	6	9.7	29	12
2017-06-06	0	9.43	29	12
2017-06-07	0	7.34	29	11
2017-06-08	0	4.46	29	9
2017-06-09	0	8.07	29	11
2017-06-10	4	6.72	29	11
2017-06-11	0	10.24	28	11
2017-06-12	0	5.24	31	10
2017-06-13	0	8.7	30	9
2017-06-14	0	7.96	28	11
2017-06-15	0	6.04	28	11
2017-06-16	0	4.95	29	11
2017-06-17	0	7.61	29	9
2017-06-18	0	9.68	30	9
2017-06-19	0	10	29	10
2017-06-20	0	6.83	26	9
2017-06-21	0	8.17	28	9
2017-06-22	0	7.05	31	10
2017-06-23	0	5.45	31	7
2017-06-24	2	10.08	26	10
2017-06-25	2	3.15	24	11
2017-06-26	5	1.45	26	11
2017-06-27	0	4.05	24	12
2017-06-28	7	10.23	27	12
2017-06-29	32	2.56	25	8
2017-06-30	0	11.28	25	12
2017-07-01	0	6.21	23	10
2017-07-02	0	10.07	24	11
2017-07-03	0	5.57	26	11
2017-07-04	0	3.14	27	11
2017-07-05	0	5.88	24	11
2017-07-06	0	5.33	23	9
2017-07-07	5	2.76	23	10
2017-07-08	4	3.95	21	11
2017-07-09	3	5.31	19	12
2017-07-10	16	1.36	23	12
2017-07-11	36	4.17	23	12
2017-07-12	11	4.5	23	12
2017-07-13	0	4.6	26	12
2017-07-14	0	8.08	27	10
2017-07-15	0	9.77	26	9
2017-07-16	0	10.36	25	11
2017-07-17	0	6.29	25	11
2017-07-18	0	4.51	26	12
2017-07-19	11	4.69	26	12
2017-07-20	4	0.81	25	11
2017-07-21	0	3.67	25	11
2017-07-22	0	5.22	25	11
2017-07-23	6	6.19	22	10
2017-07-24	3	3.42	24	11
2017-07-25	3	4.59	23	11
2017-07-26	0	4.3	26	12
2017-07-27	0	6.17	24	13
2017-07-28	0	4.94	29	11
2017-07-29	0	7.24	27	11
2017-07-30	0	7.66	28	11
2017-07-31	0	7.98	27	9
2017-08-01	0	7.02	28	10
2017-08-02	0	7.61	28	11
2017-08-03	0	6.25	29	12
2017-08-04	0	4.67	27	11
2017-08-05	0	6.31	29	11
2017-08-06	0	7.74	29	11
2017-08-07	0	6.26	29	11
2017-08-08	0	8.99	28	12
2017-08-09	20	6.35	21	10
2017-08-10	10	4.34	18	11
2017-08-11	0	1.88	25	11
2017-08-12	0	4.42	25	10
2017-08-13	0	5.75	27	9
2017-08-14	0	7.32	27	11
2017-08-15	0	5.65	27	12
2017-08-16	6	3.81	26	11
2017-08-17	0	2.12	27	12
2017-08-18	0	10.11	26	11
2017-08-19	0	7.94	26	10
2017-08-20	0	5.6	27	11
2017-08-21	0	5.01	26	11
2017-08-22	0	7.92	26	11
2017-08-23	0	7.66	26	11
2017-08-24	0	7.2	25	11
2017-08-25	0	3	23	11
2017-08-26	0	4.93	30	12
2017-08-27	18	7.02	29	11
2017-08-28	0	4.86	28	14
2017-08-29	7	5.1	24	12
2017-08-30	0	4.42	23	11
2017-08-31	0	2.63	28	8
2017-09-01	0	4.41	24	9
2017-09-02	0	4.54	27	14
2017-09-03	15	3.17	23	13
2017-09-04	12	3.58	23	14
2017-09-05	49	3.55	27	13
2017-09-06	0	9.03	22	12
2017-09-07	0	1.33	22	12
2017-09-08	0	7.78	21	11
2017-09-09	0	1.65	22	10
2017-09-10	2	0.97	21	11
2017-09-11	0	4.38	24	5
2017-09-12	0	5.98	24	4
2017-09-13	0	8.18	26	6
2017-09-14	0	4.6	29	8
2017-09-15	0	12.2	27	10
2017-09-16	0	3.74	29	7
2017-09-17	0	8.5	30	11
2017-09-18	0	3.88	29	11
2017-09-19	0	6.1	30	10
2017-09-20	0	7.42	29	7
2017-09-21	3	3.92	29	11
2017-09-22	0	4.24	27	11
2017-09-23	0	5.6	26	11
2017-09-24	3	5.01	29	11
2017-09-25	2	6.16	27	13
2017-09-26	0	4.1	29	12
2017-09-27	0	4.7	25	11
2017-09-28	6	5.26	25	11
2017-09-29	0	3.52	24	12
2017-09-30	0	2.8	24	12
2017-10-01	0	3.48	26	12
2017-10-02	0	3.3	24	12
2017-10-03	0	1.43	22	11
2017-10-04	0	5.2	24	11
2017-10-05	0	3.69	27	11
2017-10-06	0	2	24	10
2017-10-07	0	4.14	28	6
2017-10-08	9	5.45	27	7
2017-10-09	8	5.79	29	11
2017-10-10	4	5.51	23	9
2017-10-11	3	6.04	23	9
2017-10-12	0	2.39	24	8
2017-10-13	0	2.82	27	9
2017-10-14	2	5.57	26	9
2017-10-15	0	3.78	22	11
2017-10-16	0	4.66	24	12
2017-10-17	0	2.87	27	11
2017-10-18	0	7.76	27	7
2017-10-19	0	0.96	26	7
2017-10-20	0	5.7	27	8
2017-10-21	0	5.43	26	7
2017-10-22	0	6.41	22	6
2017-10-23	0	7.33	21	7
2017-10-24	0	3.23	21	8
2017-10-25	0	1.45	18	8
2017-10-26	0	9.9	24	2
2017-10-27	0	3.08	26	5
2017-10-28	0	0.77	26	5
2017-10-29	0	4.6	24	8
2017-10-30	12	5.51	26	8
2017-10-31	30	1.58	26	11
2017-11-01	60	5.4	25	11
2017-11-02	0	0.37	26	12
2017-11-03	0	4.6	28	6
2017-11-04	0	7.3	26	2.5
2017-11-05	0	5.75	26	4
2017-11-06	0	4.43	28	4
2017-11-07	0	7.04	28	2
2017-11-08	0	6.18	28	2
2017-11-09	0	7.4	27	4
2017-11-10	0	3.63	24	8
2017-11-11	0	5.82	25	6
2017-11-12	0	4.29	24	5
2017-11-13	0	6.71	23	10
2017-11-14	0	6.01	23	9
2017-11-15	0	4.86	23	5
2017-11-16	0	5.75	25	2
2017-11-17	0	4.37	24	2
2017-11-18	0	5.04	26	1
2017-11-19	0	3.94	21	3
2017-11-20	0	2.79	23	4
2017-11-21	0	4.38	24	4
2017-11-22	0	3.58	23	6
2017-11-23	0	5.22	19	1
2017-11-24	0	3.57	23	2
2017-11-25	0	4.47	25	1
2017-11-26	0	4.73	23	0
2017-11-27	0	7.38	23	1
2017-11-28	0	4.15	24	0
2017-11-29	0	4.91	24	2
2017-11-30	0	4.68	23	1
2017-12-01	0	4.36	23	1
2017-12-02	0	4.25	22	2
2017-12-03	0	5.31	23	2
2017-12-04	0	5.1	23	5
2017-12-05	0	0.74	25	3
2017-12-06	0	5.17	26	3
2017-12-07	0	5.08	25	5
2017-12-08	0	5.01	24	4
2017-12-09	0	4.7	19	2
2017-12-10	0	10.32	17	0
2017-12-11	0	4.86	18	0
2017-12-12	0	7.12	22	-2
2017-12-13	0	7.85	19	-2
2017-12-14	0	10.88	20	-1
2017-12-15	0	0.91	26	3
2017-12-16	0	6.89	24	4
2017-12-17	0	7.12	23	4
2017-12-18	0	3.17	25	5
2017-12-19	0	6	25	14
2017-12-20	0	4	26	5
2017-12-21	0	4.93	24	5
2017-12-22	0	7.98	25	4
2017-12-23	0	10.74	24	3
2017-12-24	0	7.52	27	3
2017-12-25	0	7.86	24	2
2017-12-26	0	6.98	24	2
2017-12-27	0	8.42	24	2
2017-12-28	0	4.51	24	2
2017-12-29	0	5.39	24	4
2017-12-30	0	4.53	23	1
2017-12-31	0	5.35	23	1
2018-01-01	0	4.69	23	4
2018-01-02	0	3.47	21	1
2018-01-03	0	5.43	22	4
2018-01-04	0	5.06	22	1
2018-01-05	0	6.36	23	3
2018-01-06	0	9.89	22	3
2018-01-07	0	6.19	25	0
2018-01-08	0	10.5	23	2
2018-01-09	0	5.57	25	1
2018-01-10	0	0.09	26	1
2018-01-11	0	4.77	25	1
2018-01-12	0	7.33	24	3
2018-01-13	0	5.7	24	2
2018-01-14	0	6.2	19	1
2018-01-15	0	8.65	21	1
2018-01-16	0	6.42	19	2
2018-01-17	0	5.69	20	2
2018-01-18	0	5.12	21	-2
2018-01-19	0	3.5	21	-2
2018-01-20	0	5.83	24	1
2018-01-21	0	6.17	25	2
2018-01-22	0	7.32	27	3
2018-01-23	0	5.36	27	4
2018-01-24	0	5.85	23	4
2018-01-25	0	4.17	20	4
2018-01-26	0	4.82	22	2
2018-01-27	0	4.97	23	5
2018-01-28	0	6.99	18	6
2018-01-29	0	7.57	16	4
2018-01-30	0	0.98	13	0
2018-01-31	0	3.14	13	0
2018-02-01	0	8.31	21	2
2018-02-02	0	7.72	25	4
2018-02-03	0	6.89	24	4
2018-02-04	0	5.44	26	4
2018-02-05	0	7.64	27	6
2018-02-06	0	4.17	24	6
2018-02-07	0	6.64	24	4
2018-02-08	0	5.66	20	5
2018-02-09	0	5.77	22	6
2018-02-10	0	2.08	22	6
2018-02-11	0	7.5	23	6
2018-02-12	0	2.72	24	8
2018-02-13	0	5.8	22	6
2018-02-14	0	5.67	25	7
2018-02-15	0	6.67	27	4
2018-02-16	0	8.63	28	2
2018-02-17	0	10.5	26	7
2018-02-18	0	5	27	4
2018-02-19	0	4.98	24	6
2018-02-20	0	4.56	25	7
2018-02-21	21	7.47	27	7
2018-02-22	0	9.16	27	7
2018-02-23	0	7.32	25	7
2018-02-24	0	6.33	27	8
2018-02-25	0	8.56	27	8
2018-02-26	0	8.34	29	10
2018-02-27	0	6.87	29	9
2018-02-28	0	4.87	28	8
2018-03-01	0	9.64	29	7
2018-03-02	0	6.5	26	7
2018-03-03	0	8.06	28	5
2018-03-04	0	9.63	29	4
2018-03-05	0	13.35	29	4
2018-03-06	0	8.98	29	8
2018-03-07	0	7.95	25	9
2018-03-08	0	6.5	22	8
2018-03-09	0	6.54	28	5
2018-03-10	0	7.42	29	7
2018-03-11	0	10.73	30	8
2018-03-12	0	13.45	28	10
2018-03-13	0	7.88	28	8
2018-03-14	11	9.59	28	7
2018-03-15	0	8.29	27	8
2018-03-16	0	4.45	28	8
2018-03-17	0	11.07	30	8
2018-03-18	0	5.34	27	8
2018-03-19	0	12.61	30	8
2018-03-20	0	2.1	30	6
2018-03-21	0	8.9	29	9
2018-03-22	0	10.26	28	6
2018-03-23	0	5.89	30	6
2018-03-24	0	9.2	31	4
2018-03-25	0	6.99	31	4
2018-03-26	0	2.6	32	6
2018-03-27	0	9.06	31	9
2018-03-28	0	9.28	30	8
2018-03-29	0	8.88	29	9
2018-03-30	0	7.5	25	10
2018-03-31	0	7.6	25	5
2018-04-01	0	0.35	27	4
2018-04-02	0	9.04	29	6
2018-04-03	0	8.97	29	6
2018-04-04	2	10.41	28	9
2018-04-05	0	4.47	27	10
2018-04-06	0	4.92	27	9
2018-04-07	0	9.47	27	9
2018-04-08	0	8.73	30	8
2018-04-09	0	10.39	30	9
2018-04-10	14	4.94	27	8
2018-04-11	9	14.84	30	6
2018-04-12	0	1.82	25	7
2018-04-13	0	7.06	27	9
2018-04-14	0	8.08	28	8
2018-04-15	0	10.59	24	8
2018-04-16	0	8.96	27	7
2018-04-17	0	10.95	28	7
2018-04-18	0	11.34	29	8
2018-04-19	0	9.52	29	7
2018-04-20	0	7.52	28	7
2018-04-21	0	1.69	30	7
2018-04-22	0	11.65	31	11
2018-04-23	8	4.09	28	11
2018-04-24	7	5.35	27	11
2018-04-25	0	7.02	27	10
2018-04-26	0	6.53	27	11
2018-04-27	0	8.29	27	11
2018-04-28	2	5.41	27	9
2018-04-29	0	14.34	28	11
2018-04-30	0	7.21	28	10
2018-05-01	0	8.21	30	12
2018-05-02	0	4	29	10
2018-05-03	6	4.03	31	11
2018-05-04	0	8.18	28	11
2018-05-05	0	7.32	23	11
2018-05-06	0	4.75	26	9
2018-05-07	0	10.91	24	10
2018-05-08	17	5.26	21	11
2018-05-09	0	2.88	25	10
2018-05-10	0	5.88	26	17
2018-05-11	0	7.92	28	8
2018-05-12	0	11.7	29	8
2018-05-13	0	10.38	30	10
2018-05-14	0	9.41	26	9
2018-05-15	0	2.49	26	6
2018-05-16	0	9.62	29	10
2018-05-17	0	8.75	28	9
2018-05-18	0	9.35	32	7
2018-05-19	0	10.82	32	10
2018-05-20	0	12.19	31	12
2018-05-21	0	8.37	27	11
2018-05-22	2	1.55	29	11
2018-05-23	0	8.97	29	9
2018-05-24	0	8.09	29	10
2018-05-25	0	11.39	27	11
2018-05-26	0	13.01	27	7
2018-05-27	0	10.09	29	6
2018-05-28	0	11.44	32	7
2018-05-29	0	10.68	34	8
2018-05-30	0	10.64	34	9
2018-05-31	0	12.31	34	10
2018-06-01	0	11.36	32	11
2018-06-02	0	10.82	30	9
2018-06-03	0	11.33	26	9
2018-06-04	0	10.09	29	9
2018-06-05	0	13.14	30	9
2018-06-06	0	5.27	31	8
2018-06-07	0	9.35	29	9
2018-06-08	10	7.36	29	11
2018-06-09	0	8.83	27	10
2018-06-10	0	7.72	28	11
2018-06-11	0	9.05	30	14
2018-06-12	52	7.39	25	13
2018-06-13	29	8.66	23	12
2018-06-14	150	1.8	20	12
2018-06-15	6	1	24	12
2018-06-16	8	0.04	24	12
2018-06-17	14	7.35	26	11
2018-06-18	18	6.73	24	12
2018-06-19	57	6.92	23	12
2018-06-20	8	3.78	18	11
2018-06-21	4	0.89	23	11
2018-06-22	0	4.48	24	11
2018-06-23	0	2.9	27	12
2018-06-24	0	5.72	26	11
2018-06-25	20	4.14	26	12
2018-06-26	0	4.06	25	12
2018-06-27	0	5.23	24	12
2018-06-28	16	3.95	25	13
2018-06-29	4	9.64	25	11
2018-06-30	0	6.33	25	9
2018-07-01	0	4.38	27	10
2018-07-02	0	5.36	27	11
2018-07-03	0	7.54	25	11
2018-07-04	0	6.06	25	11
2018-07-05	0	2.24	25	11
2018-07-06	0	8.45	23	8
2018-07-07	0	7.68	26	11
2018-07-08	0	10.57	25	11
2018-07-09	0	4.22	25	10
2018-07-10	0	6.65	24	10
2018-07-11	0	4.33	22	8
2018-07-12	0	1.41	26	9
2018-07-13	0	5.14	27	10
2018-07-14	0	7.31	24	11
2018-07-15	0	6.82	25	11
2018-07-16	0	5.16	27	11
2018-07-17	0	4.3	27	11
2018-07-18	0	5.02	26	10
2018-07-19	0	4.8	28	9
2018-07-20	0	6.86	28	11
2018-07-21	0	8.48	27	10
2018-07-22	0	6.07	29	8
2018-07-23	2	4.02	30	11
2018-07-24	0	3.62	30	11
2018-07-25	0	9.16	29	6
2018-07-26	18	5.51	29	10
2018-07-27	0	10.31	29	9
2018-07-28	0	3.13	27	10
2018-07-29	0	6.08	27	11
2018-07-30	13	7.45	29	8
2018-07-31	0	6.77	26	10
2018-08-01	0	3.79	27	9
2018-08-02	0	7.59	25	11
2018-08-03	23	5.95	25	11
2018-08-04	23	2.1	24	11
2018-08-05	0	5.1	23	11
2018-08-06	4	1.98	24	11
2018-08-07	3	5.75	25	10
2018-08-08	0	5.17	24	11
2018-08-09	0	9.82	24	11
2018-08-10	22	4.19	24	11
2018-08-11	3.9	2.88	25	11
2018-08-12	0	11.74	22	11
2018-08-13	0	4.26	24	11
2018-08-14	7	4.27	26	8
2018-08-15	10	10.7	29	11
2018-08-16	3	6.95	25	10
2018-08-17	0	6.02	25	8
2018-08-18	0	4.62	25	9
2018-08-19	0	5.67	23	11
2018-08-20	0	6.27	26	10
2018-08-21	0	4.84	24	10
2018-08-22	0	7.15	25	9
2018-08-23	0	6.98	26	11
2018-08-24	0	4.41	26	9
2018-08-25	0	1.99	26	11
2018-08-26	0	5.79	26	10
2018-08-27	0	10.08	25	11
2018-08-28	3	5.12	24	11
2018-08-29	5.7	3.26	25	11
2018-08-30	0	11.98	25	12
2018-08-31	0	4.5	25	11
2018-09-01	0	0.75	27	11
2018-09-02	0	4.38	26	11
2018-09-03	2	7.14	25	11
2018-09-04	0	4.41	26	11
2018-09-05	0	4.87	25	11
2018-09-06	0	6.26	25	11
2018-09-07	0	1.22	24	10
2018-09-08	0	6.89	27	10
2018-09-09	0	6.78	25	10
2018-09-10	0	0.06	27	11
2018-09-11	0	2.1	24	11
2018-09-12	0	4.54	24	12
2018-09-13	0	3.28	24	12
2018-09-14	14	5.61	26	11
2018-09-15	0	4.62	26	12
2018-09-16	0	5.67	23	11
2018-09-17	0	2.2	26	11
2018-09-18	9	2.24	24	10
2018-09-19	11	4.88	25	11
2018-09-20	6	3.57	23	11
2018-09-21	0	5.63	29	10
2018-09-22	19	9.59	26	10
2018-09-23	0	11.03	25	12
2018-09-24	0	8.56	28	9
2018-09-25	2	1.32	25	11
2018-09-26	0	5.58	25	11
2018-09-27	0	2.25	24	11
2018-09-28	0	4.21	25	10
2018-09-29	0	4.26	24	9
2018-09-30	0	5.36	25	9
2018-10-01	0	7.88	25	9
2018-10-02	0	6.78	24	11
2018-10-03	0	5.53	24	10
2018-10-04	0	4.17	25	11
2018-10-05	0	5.76	27	8
2018-10-06	0	5.28	25	7
2018-10-07	10	2.34	26	9
2018-10-08	0	3.79	24	10
2018-10-09	7	3.76	25	11
2018-10-10	6	8.13	24	9
2018-10-11	0	2.37	27	11
2018-10-12	0	5.23	26	11
2018-10-13	0	3.72	25	11
2018-10-14	0	5.81	28	11
2018-10-15	0	8.01	29	11
2018-10-16	0	5.4	26	11
2018-10-17	0	7.78	20	9
2018-10-18	0	2.5	21	10
2018-10-19	0	5.58	22	11
2018-10-20	3	0.12	22	11
2018-10-21	0	2.79	21	11
2018-10-22	0	7.33	26	11
2018-10-23	0	6.27	27	9
2018-10-24	0	6.35	27	6
2018-10-25	0	9.4	27	7
2018-10-26	8	4.3	26	11
2018-10-27	10	3.95	20	11
2018-10-28	0	4.28	24	11
2018-10-29	10	5.84	23	10
2018-10-30	40	9.4	25	10
2018-10-31	0	3.18	25	10
2018-11-01	11	4.67	23	10
2018-11-02	7	3.65	22	12
2018-11-03	7	3.43	22	11
2018-11-04	0	3.64	18	11
2018-11-05	0	2.34	23	9
2018-11-06	0	2.88	27	8
2018-11-07	0	4.16	27	10
2018-11-08	0	4.96	26	8
2018-11-09	0	6.74	25	7
2018-11-10	0	6.29	26	9
2018-11-11	0	5.99	29	9
2018-11-12	7	7.62	29	9
2018-11-13	6	5.19	19	7
2018-11-14	10	4.27	19	2
2018-11-15	0	0.77	19	1
2018-11-16	0	8.57	22	2
2018-11-17	0	3.46	19	4
2018-11-18	0	3.42	21	5
2018-11-19	0	5.38	26	3
2018-11-20	0	4.47	25	4
2018-11-21	0	4.73	24	4
2018-11-22	0	4.74	27	4
2018-11-23	0	3.93	26	5
2018-11-24	0	3.67	26	7
2018-11-25	0	5.48	27	9
2018-11-26	0	5.28	20	9
2018-11-27	0	3.62	24	6
2018-11-28	0	6.33	18	7
2018-11-29	0	1.67	20	11
2018-11-30	0	4.29	20	9
2018-12-01	0	4.29	26	5
2018-12-02	0	6.81	27	5
2018-12-03	0	6.19	27	4
2018-12-04	0	7.17	25	7
2018-12-05	0	4.89	21	7
2018-12-06	2	4.83	24	7
2018-12-07	0	2.75	25	11
2018-12-08	0	6.03	24	6
2018-12-09	0	3.3	23	6
2018-12-10	0	3.76	16	8
2018-12-11	0	5.12	21	6
2018-12-12	0	1.05	20	4
2018-12-13	0	4.15	23	3
2018-12-14	0	3.14	23	4
2018-12-15	0	3.1	20	4
2018-12-16	0	3.11	23	1
2018-12-17	0	3.4	21	1
2018-12-18	0	6.6	24	2
2018-12-19	0	4.87	23	5
2018-12-20	0	3.08	20	2
2018-12-21	0	5.98	23	2
2018-12-22	0	9.55	25	3
2018-12-23	0	6.61	24	1
2018-12-24	0	6.25	24	1
2018-12-25	0	5.61	24	1
2018-12-26	0	4.04	22	3
2018-12-27	0	3.1	24	4
2018-12-28	0	4.71	23	3
2018-12-29	0	4.39	22	4
2018-12-30	0	7.75	24	5
2018-12-31	0	5.27	24	4
2019-02-01	0	4.92	25	2
2019-02-02	0	6.8	26	4
2019-02-03	0	9.88	29	3
2019-02-04	0	10.68	28	6
2019-02-05	0	10.28	29	4
2019-02-06	0	12.32	29	6
2019-02-07	0	7.78	29	6
2019-02-08	0	4.96	19	7
2019-02-09	0	6.54	24	4
2019-02-10	0	6.98	27	3
2019-02-11	0	4.44	26	5
2019-02-12	0	5.47	23	7
2019-02-13	0	NULO	23	5
2019-02-14	0	4.54	26	6
2019-02-15	0	5.69	30	6
2019-02-16	0	5.65	31	6
2019-02-17	0	8.62	32	7
2019-02-18	0	9.36	32	6
2019-02-19	0	4.47	29	5
2019-02-20	0	2.01	29	4
2019-02-21	0	1.18	29	5
2019-02-22	0	7.15	29	4
2019-02-23	0	10.36	28	6
2019-02-24	0	11.81	24	8
2019-02-25	0	8.02	25	7
2019-02-26	0	5.83	29	5
2019-02-27	0	4.09	29	4
2019-02-28	0	9.05	29	5
2019-03-01	0	11.02	30	6
2019-03-02	0	6.68	30	5
2019-03-03	0	5.72	32	7
2019-03-04	0	12.32	31	7
2019-03-05	0	9.46	32	7
2019-03-06	0	9.45	30	7
2019-03-07	0	5.72	32	6
2019-03-08	0	8.54	32	8
2019-03-09	0	5.81	31	6
2019-03-10	0	13.57	33	6
2019-03-11	0	9.41	34	7
2019-03-12	0	7.38	32	6
2019-03-13	0	8.94	32	6
2019-03-14	0	10.04	32	7
2019-03-15	0	5.54	29	9
2019-03-16	0	9.05	25	5
2019-03-17	0	4.57	27	7
2019-03-18	0	7.58	27	8
2019-03-19	0	10.6	27	4
2019-03-20	0	9.55	27	4
2019-03-21	0	8.62	26	8
2019-03-22	0	8.73	26	7
2019-03-23	0	7.1	26	6
2019-03-24	0	10.08	28	6
2019-03-25	0	13.25	30	5
2019-03-26	0	7.05	27	2
2019-03-27	0	3.39	28	4
2019-03-28	0	10.33	30	2
2019-03-29	0	7.07	30	4
2019-03-30	0	11.09	32	7
2019-03-31	0	9.56	32	11
2019-04-01	0	8.03	29	6
2019-04-02	0	7.44	28	8
2019-04-03	0	9.29	29	7
2019-04-04	0	10.35	29	8
2019-04-05	0	7.51	30	5
2019-04-06	0	6.35	25	10
2019-04-07	0	4.32	29	8
2019-04-08	15	8.54	27	7
2019-04-09	0	5.83	24	7
2019-04-10	0	4.64	29	6
2019-04-11	0	9.04	30	6
2019-04-12	0	6.93	30	9
2019-04-13	0	4.94	31	6
2019-04-14	0	13.42	30	7
2019-04-15	0	12.49	32	6
2019-04-16	0	10.48	33	11
2019-04-17	0	8.87	32	9
2019-04-18	0	12.63	31	10
2019-04-19	0	13.62	27	8
2019-04-20	0	8.64	29	6
2019-04-21	0	8.91	31	6
2019-04-22	0	6.4	32	11
2019-04-23	0	9.84	32	10
2019-04-24	0	10.87	30	9
2019-04-25	0	8.56	30	9
2019-04-26	0	9.43	29	8
2019-04-27	0	8.74	31	7
2019-04-28	0	6.35	29	11
2019-04-29	4	5.59	31	11
2019-04-30	0	1.56	31	9
2019-05-01	0	1.56	30	9
2019-05-02	24	3.25	30	10
2019-05-03	0	4.48	30	9
2019-05-04	0	7.44	29	9
2019-05-05	0	6.51	28	9
2019-05-06	0	6.17	30	11
2019-05-07	0	6.56	32	9
2019-05-08	0	6.04	32	9
2019-05-09	0	9.7	30	5
2019-05-10	0	9.85	32	7
2019-05-11	0	7.88	32	9
2019-05-12	0	6.26	32	10
2019-05-13	0	10.6	33	11
2019-05-14	0	8.27	33	10
2019-05-15	0	7.76	30	12
2019-05-16	4	6.28	30	11
2019-05-17	0	5.74	29	10
2019-05-18	0	5.59	31	9
2019-05-19	0	7.29	32	9
2019-05-20	0	5.82	31	11
2019-05-21	0	7.43	32	10
2019-05-22	0	8.83	34	9
2019-05-23	0	6.88	32	9
2019-05-24	0	5.69	29	11
2019-05-25	0	5.48	28	10
2019-05-26	0	6.66	29	11
2019-05-27	0	6.42	31	9
2019-05-28	0	4.81	21	9
2019-05-29	0	1.07	32	10
2019-05-30	0	4.17	32	10
2019-05-31	0	7.39	32	11
2019-06-01	0	10.69	28	11
2019-06-02	0	2.89	28	12
2019-06-03	4	7.14	28	11
2019-06-04	9	3.19	22	10
2019-06-05	17	6.4	28	12
2019-06-06	16	5.05	26	12
2019-06-07	5	4.16	26	12
2019-06-08	0	7.24	30	11
2019-06-09	0	8.23	30	11
2019-06-10	0	6.6	27	8
2019-06-11	0	6.72	27	12
2019-06-12	0	8.15	27	11
2019-06-13	0	4.82	25	12
2019-06-14	0	4.18	25	11
2019-06-15	0	6.08	28	10
2019-06-16	0	7.28	30	10
2019-06-17	0	10.17	29	10
2019-06-18	8	7.83	30	11
2019-06-19	3	8.32	29	6
2019-06-20	2	6.02	31	10
2019-06-21	0	5.1	32	12
2019-06-22	0	5.66	29	14
2019-06-23	10	2.97	28	15
2019-06-24	13	4.48	25	12
2019-06-25	0	7.44	25	13
2019-06-26	0	2.44	26	12
2019-06-27	0	3.43	25	11
2019-06-28	0	8.46	25	10
2019-06-29	0	9.64	24	8
2019-06-30	0	5.27	24	10
2019-07-01	0	3.27	26	10
2019-07-02	11	3.32	25	10
2019-07-03	0	7.72	24	11
2019-07-04	0	4.72	26	11
2019-07-05	0	5.4	28	11
2019-07-06	0	5.56	27	10
2019-07-07	0	8.24	29	10
2019-07-08	0	4.56	29	11
2019-07-09	0	3.57	26	9
2019-07-10	6	3.65	29	12
2019-07-11	37	3.5	25	11
2019-07-12	2	8.2	24	11
2019-07-13	3	7.4	25	13
2019-07-14	3	8	26	11
2019-07-15	0	4.44	28	11
2019-07-16	0	5.61	27	14
2019-07-17	0	6.79	24	11
2019-07-18	0	2.78	27	10
2019-07-19	0	2.36	27	11
2019-07-20	0	4.9	26	12
2019-07-21	4	7.63	26	10
2019-07-22	0	2.75	24	11
2019-07-23	0	5.62	25	9
2019-07-24	13	6.06	24	10
2019-07-25	15	4.56	22	9
2019-07-26	0	4.34	21	12
2019-07-27	0	2.4	25	12
2019-07-28	0	2.4	27	9
2019-07-29	0	4.56	26	8
2019-07-30	0	4.38	26	9
2019-07-31	0	7.44	26	11
2019-08-01	0	3.86	27	9
2019-08-02	0	7.27	27	7
2019-08-03	0	5.5	26	8
2019-08-04	0	2.22	27	10
2019-08-05	0	13.44	27	10
2019-08-06	37	5.03	24	12
2019-08-07	0	0.09	24	11
2019-08-08	0	0.46	29	12
2019-08-09	0	7.56	27	11
2019-08-10	16	4.02	21	11
2019-08-11	0	4.96	26	11
2019-08-12	0	5.76	28	12
2019-08-13	0	6.93	29	9
2019-08-14	0	7.53	30	11
2019-08-15	0	5.85	28	11
2019-08-16	0	5.09	29	9
2019-08-17	0	8.19	29	11
2019-08-18	0	3.62	28	12
2019-08-19	0	7.17	26	11
2019-08-20	0	5.13	27	8
2019-08-21	0	7.86	24	8
2019-08-22	10	4.14	28	11
2019-08-23	40	2.78	27	12
2019-08-24	29	0.43	28	11
2019-08-25	12	11.64	28	11
2019-08-26	7	5.37	28	11
2019-08-27	0	8.96	28	12
2019-08-28	0	6.63	23	11
2019-08-29	0	7.94	27	10
2019-08-30	0	6.23	27	9
2019-08-31	0	5.32	27	10
2019-09-01	0	6.52	27	11
2019-09-02	0	12.45	29	9
2019-09-03	0	4.62	25	11
2019-09-04	0	5	27	9
2019-09-05	0	6.03	28	11
2019-09-06	0	4.3	25	12
2019-09-07	0	2.33	24	11
2019-09-08	0	4.65	27	11
2019-09-09	0	4.67	27	11
2019-09-10	17	4.66	26	10
2019-09-11	0	5.26	24	11
2019-09-12	0	0.54	24	11
2019-09-13	0	11.63	24	10
2019-09-14	0	1.71	25	11
2019-09-15	0	5.64	26	12
2019-09-16	0	7.97	27	8
2019-09-17	0	1.59	27	11
2019-09-18	20	5.12	27	12
2019-09-19	0	7.42	24	11
2019-09-20	0	2.85	24	12
2019-09-21	0	4.29	25	9
2019-09-22	0	5.08	26	11
2019-09-23	0	3.61	27	8
2019-09-24	0	5.32	27	10
2019-09-25	12	2.3	27	12
2019-09-26	0	5.82	26	12
2019-09-27	0	5.85	27	10
2019-09-28	0	4.19	27	11
2019-09-29	4	4.46	22	13
2019-09-30	0	0.84	22	11
2019-10-01	0	1.85	27	12
2019-10-02	0	5.63	25	9
2019-10-03	0	5.11	23	8
2019-10-04	0	4.79	24	9
2019-10-05	0	3.63	25	10
2019-10-06	0	6.22	25	8
2019-10-07	0	4.46	24	8
2019-10-08	0	5.57	20	10
2019-10-09	0	1.96	27	10
2019-10-10	12	4.51	29	11
2019-10-11	0	4.2	23	12
2019-10-12	0	5.16	27	11
2019-10-13	0	4.08	27	8
2019-10-14	0	4.36	28	7
2019-10-15	0	6.28	27	9
2019-10-16	10	3.55	24	10
2019-10-17	7	10.16	18	12
2019-10-18	2	3.51	19	11
2019-10-19	0	2.74	26	11
2019-10-20	0	2.97	23	11
2019-10-21	0	6.19	27	11
2019-10-22	0	3.67	22	12
2019-10-23	6	3.59	23	12
2019-10-24	0	2.14	25	8
2019-10-25	8	4.37	24	9
2019-10-26	9	3.48	24	11
2019-10-27	8	3.16	25	11
2019-10-28	0	11.28	27	11
2019-10-29	10	5.2	22	10
2019-10-30	0	9.78	26	12
2019-10-31	0	3.81	26	11
2019-11-01	0	3.51	25	8
2019-11-02	0	3.64	19	9
2019-11-03	0	3.62	24	11
2019-11-04	0	2.73	26	9
2019-11-05	0	3.64	24	8
2019-11-06	0	4.29	25	10
2019-11-07	0	5.04	28	8
2019-11-08	0	2.88	24	8
2019-11-09	0	7.25	24	10
2019-11-10	0	1.69	26	8
2019-11-11	0	1.85	27	10
2019-11-12	0	9.43	23	10
2019-11-13	0	4.44	23	7
2019-11-14	0	10.17	24	10
2019-11-15	0	1.89	23	8
2019-11-16	0	6.01	23	7
2019-11-17	0	3.96	23	8
2019-11-18	0	4.13	23	7
2019-11-19	0	3.37	29	7
2019-11-20	0	3.55	29	7
2019-11-21	0	5.1	25	8
2019-11-22	0	5.09	26	7
2019-11-23	0	3.93	25	7
2019-11-24	0	3.99	26	7
2019-11-25	0	3.98	26	6
2019-11-26	0	2.48	27	8
2019-11-27	0	2.98	28	8
2019-11-28	0	4.35	28	7
2019-11-29	0	3.33	26	7
2019-11-30	0	3.33	26	9
2019-12-01	0	2.11	26	6
2019-12-02	0	2.45	26	8
2019-12-03	0	3.51	24	5
2019-12-04	0	2.54	23	4
2019-12-05	0	4.27	25	3
2019-12-06	0	1.22	26	1
2019-12-07	0	5.68	24	1
2019-12-08	0	3.78	25	3
2019-12-09	0	8.86	27	2
2019-12-10	0	3.97	26	5
2019-12-11	0	2.85	24	6
2019-12-12	0	3.75	25	5
2019-12-13	0	4.95	23	5
2019-12-14	0	4.02	26	2
2019-12-15	0	2.83	25	2
2019-12-16	0	4.35	25	4
2019-12-17	0	3.42	24	6
2019-12-18	0	3.09	17	4
2019-12-19	0	0.97	23	2
2019-12-20	0	3.06	20	5
2019-12-21	0	2.07	18	7
2019-12-22	0	1.25	16	6
2019-12-23	0	1.23	22	4
2019-12-24	0	2.05	22	3
2019-12-25	0	3.17	23	2
2019-12-26	0	2.99	23	3
2019-12-27	0	3.61	25	5
2019-12-28	0	2.31	23	6
2019-12-29	0	2.98	20	5
2019-12-30	0	2.03	24	6
2019-12-31	0	3.01	24	4
2020-01-01	0	3.22	25	6
2020-01-02	0	3.54	22	11
2020-01-03	0	4.86	22	8
2020-01-04	0	4.19	16	4
2020-01-05	0	3.48	22	2
2020-01-06	0	3.95	22	2
2020-01-07	0	3.4	21	0
2020-01-08	0	3	20	0
2020-01-09	0	3.44	14	2
2020-01-10	0	3.01	21	2
2020-01-11	0	1.45	25	3
2020-01-12	0	3.9	21	4
2020-01-13	0	3.88	20	4
2020-01-14	0	3.65	26	4
2020-01-15	0	3.38	27	5
2020-01-16	0	2.3	25	6
2020-01-17	0	3.22	24	5
2020-01-18	0	3.62	24	5
2020-01-19	0	2.23	23	6
2020-01-20	0	2.77	12	9
2020-01-21	0	1.09	14	9
2020-01-22	0	1	19	2
2020-01-23	0	3.53	24	3
2020-01-24	0	1.94	22	3
2020-01-25	0	1.96	21	5
2020-01-26	0	3.88	22	4
2020-01-27	0	2.72	22	4
2020-01-28	0	5.29	24	5
2020-01-29	0	4.07	24	2
2020-01-30	0	1.7	23	7
2020-01-31	0	2.44	23	9
2020-02-01	0	4.3	22	7
2020-02-02	0	4	24	7
2020-02-03	0	5	23	8
2020-02-04	0	6.93	24	11
2020-02-05	0	3	24	10
2020-02-06	0	1	22	10
2020-02-07	0	5	27	4
2020-02-08	0	5	28	4
2020-02-09	0	5	28	4
2020-02-10	0	6	30	6
2020-02-11	0	4	30	7
2020-02-12	0	4.4	24	8
2020-02-13	0	5	30	7
2020-02-14	0	4	26	6
2020-02-15	0	4	27	6
2020-02-16	0	6	30	7
2020-02-17	0	8	32	4
2020-02-18	0	8	34	3
2020-02-19	0	7	27	4
2020-02-20	0	1.2	28	4
2020-02-21	0	1.1	25	7
2020-02-22	0	4	28	6
2020-02-23	0	9	29	6
2020-02-24	0	0.7	31	8
2020-02-25	0	7.2	29	7
2020-02-26	0	4.86	22	7
2020-02-27	0	3.04	26	1
2020-02-28	0	1.2	26	5
2020-02-29	0	5.95	26	4
2020-03-01	0	8.43	31	6
2020-03-02	0	4.87	30	10
2020-03-03	0	6.65	29	9
2020-03-04	0	8.22	30	7
2020-03-05	0	6.32	28	9
2020-03-06	0	6.26	19	8
2020-03-07	0	6.85	26	6
2020-03-08	0	9.9	14	4
2020-03-09	0	7.37	28	6
2020-03-10	0	7.48	27	5
2020-03-11	0	8.5	29	6
2020-03-12	0	6.32	30	8
2020-03-13	0	6.68	30	10
2020-03-14	0	6.55	32	9
2020-03-15	0	1.38	27	8
2020-03-16	0	1.13	26	4
2020-03-17	0	0.94	27	8
2020-03-18	0	4.01	25	8
2020-03-19	0	3.32	29	9
2020-03-20	0	0.73	31	10
2020-03-21	0	2.16	28	11
2020-03-22	0	10.5	29	9
2020-03-23	0	7.35	32	5
2020-03-24	0	7.6	32	5
2020-03-25	0	8.25	34	5
2020-03-26	0	2.25	34	9
2020-03-27	0	6.05	33	9
2020-03-28	0	8	33	9
2020-03-29	0	8.13	32	11
2020-03-30	0	8.27	31	10
2020-03-31	0	6.61	31	10
2020-04-01	0	9.19	30	9
2020-04-02	5.5	2.14	31	11
2020-04-03	5	5.9	30	9
2020-04-04	6	6.55	29	10
2020-04-05	0	5.3	30	10
2020-04-06	0	7.35	29	12
2020-04-07	1	5.6	30	11
2020-04-08	2	7.28	31	12
2020-04-09	0	7.48	30	11
2020-04-10	0	6.45	30	12
2020-04-11	0	6.9	31	12
2020-04-12	0	8.84	31	12
2020-04-13	0	7.32	30	10
2020-04-14	0	7.23	32	10
2020-04-15	3	6.55	30	12
2020-04-16	25	4.66	31	14
2020-04-17	1.5	8.14	30	14
2020-04-18	0.3	6.11	30	11
2020-04-19	0	6.12	31	11
2020-04-20	0	10.12	30	14
2020-04-21	0	6.5	32	14
2020-04-22	0	7.85	32	12
2020-04-23	0	6.6	31	12
2020-04-24	0	6.1	31	12
2020-04-25	12.5	1.1	32	12
2020-04-26	0	5.25	27	12
2020-04-27	0	7.4	28	10
2020-04-28	0	7.42	29	9
2020-04-29	0	7.44	29	9
2020-04-30	0	5.4	29	10
2020-05-01	6.8	5.58	26	8
2020-05-02	0	6.97	27	7
2020-05-03	0	7.47	30	5
2020-05-04	0	7.2	30	8
2020-05-05	0	7.13	30	8
2020-05-06	5	9.83	26	10
2020-05-07	33	8.15	25	11
2020-05-08	0	4.13	23	9
2020-05-09	3	10.41	24	11
2020-05-10	5	0.64	26	9
2020-05-11	2	5.71	27	11
2020-05-12	0	5.46	27	11
2020-05-13	0	7.07	28	11
2020-05-14	0	6.9	29	12
2020-05-15	0	4.95	27	13
2020-05-16	0	6.58	30	10
2020-05-17	0	4.02	29	12
2020-05-18	0	7.84	30	12
2020-05-19	0	7.6	29	11
2020-05-20	0	7.17	30	11
2020-05-21	0	7.09	31	9
2020-05-22	0	8.6	30	13
2020-05-23	0	8.06	31	11
2020-05-24	0	6.97	30	12
2020-05-25	0	7.89	32	11
2020-05-26	0	7.62	33	11
2020-05-27	2	10.86	30	12
2020-05-28	6.5	1.34	30	12
2020-05-29	0	4.26	23	10
2020-05-30	0	3.93	23	9
2020-05-31	0	6.9	23	9
2020-06-01	0	4.4	25	12
2020-06-02	0	5.58	26	12
2020-06-03	0	4.11	25	13
2020-06-04	0	7.4	29	10
2020-06-05	0	8	27	14
2020-06-06	0	6.6	28	12
2020-06-07	6.2	7.74	30	12
2020-06-08	0	6.21	29	13
2020-06-09	0.5	7.22	30	12
2020-06-10	0	5.1	29	13
2020-06-11	2.2	6.74	29	10
2020-06-12	0	6.63	25	10
2020-06-13	0	6.53	24	8
2020-06-14	0	11.78	25	7
2020-06-15	0	3.79	27	7
2020-06-16	0	6.4	27	7
2020-06-17	0	6.2	27	8
2020-06-18	0	6.63	22	9
2020-06-19	0	5.12	29	10
2020-06-20	0	5.42	28	10
2020-06-21	16	7.46	29	12
2020-06-22	0	2.57	24	13
2020-06-23	13	8.78	27	12
2020-06-24	1	1.22	24	12
2020-06-25	7	2.51	24	14
2020-06-26	0	5.88	25	12
2020-06-27	0.5	4.14	28	11
2020-06-28	0	6.56	28	11
2020-06-29	0	4.8	27	12
2020-06-30	0	3.72	27	14
2020-07-01	0	5.14	28	13
2020-07-02	0	3.21	28	11
2020-07-03	0	3.84	28	10
2020-07-04	2.5	4.3	27	11
2020-07-05	4	8.22	26	12
2020-07-06	18	3.9	27	11
2020-07-07	1	3.99	25	12
2020-07-08	2.3	4.46	25	11
2020-07-09	1.5	4.07	26	13
2020-07-10	0	5.43	24	9
2020-07-11	0	5.8	24	11
2020-07-12	0	4.7	26	11
2020-07-13	0	4.05	27	11
2020-07-14	17	6.75	28	10
2020-07-15	0	5.93	28	11
2020-07-16	0	5.39	28	10
2020-07-17	2	7.6	28	11
2020-07-18	3	8.82	25	11
2020-07-19	14	1.53	27	10
2020-07-20	0	8.96	26	11
2020-07-21	0	6.43	27	11
2020-07-22	0	2.45	27	10
2020-07-23	34.5	4.32	26	10
2020-07-24	0.5	1.16	26	11
2020-07-25	0	2.72	26	11
2020-07-26	2.3	6.57	26	12
2020-07-27	4	4.66	27	13
2020-07-28	10.8	5.2	25	13
2020-07-29	8.5	2.32	19	13
2020-07-30	0.5	5.53	26	11
2020-07-31	16	4.13	26	11
2020-08-01	0.5	3.72	25	12
2020-08-02	4.5	3.5	24	13
2020-08-03	2	5.47	25	12
2020-08-04	4.5	4.92	26	12
2020-08-05	0	4.7	26	11
2020-08-06	0	4.19	26	12
2020-08-07	0	8.54	25	11
2020-08-08	12	1.23	19	10
2020-08-09	2.5	5.21	24	14
2020-08-10	0.5	4.51	24	14
2020-08-11	1.8	2.89	22	13
2020-08-12	0	8.2	27	12
2020-08-13	0	5.62	28	12
2020-08-14	3.5	5.81	27	10
2020-08-15	0	4.9	27	9
2020-08-16	0	5.5	27	10
2020-08-17	0.7	4.65	27	11
2020-08-18	0	4.05	27	10
2020-08-19	0	4.14	24	12
2020-08-20	0	6.46	25	14
2020-08-21	0	5.2	27	13
2020-08-22	0	5.5	27	10
2020-08-23	0	10.45	26	9
2020-08-24	0	9.41	25	12
2020-08-25	0	3.36	20	13
2020-08-26	8	5.02	28	14
2020-08-27	2	4.18	25	13
2020-08-28	8.5	6.15	27	12
2020-08-29	7.5	2.82	24	10
2020-08-30	0	4.18	23	12
2020-08-31	0	5.2	23	12
2020-09-01	0	5.4	26	9
2020-09-02	0	6.94	28	9
2020-09-03	0	7.16	27	8
2020-09-04	0	3.9	25	12
2020-09-05	3	6.11	25	13
2020-09-06	0	3.02	23	13
2020-09-07	8	1.04	25	11
2020-09-08	22	5.51	28	13
2020-09-09	1	5.45	27	13
2020-09-10	1.2	4.93	27	13
2020-09-11	0	6.35	27	13
2020-09-12	0	4.79	27	12
2020-09-13	0	4.08	26	12
2020-09-14	4	1.4	25	12
2020-09-15	0	7.4	24	11
2020-09-16	0	3.87	24	11
2020-09-17	1.5	3.18	24	13
2020-09-18	2	3.35	21	12
2020-09-19	1.5	0.15	18	11
2020-09-20	1	5.4	20	10
2020-09-21	18.5	6.08	26	12
2020-09-22	0	5.07	26	12
2020-09-23	3	8.15	26	13
2020-09-24	0	4.7	26	13
2020-09-25	7	4.75	25	13
2020-09-26	0	1.75	25	10
2020-09-27	0	2.6	24	10
2020-09-28	0	4.65	27	10
2020-09-29	4	4.65	27	11
2020-09-30	0	4.65	27	4
2020-10-01	0	3.35	24	3
2020-10-02	0	5	22	2
2020-10-03	0	8.8	20	8
2020-10-04	0	3.45	21	8
2020-10-05	0	4.8	22	6
2020-10-06	0	5.7	23	4
2020-10-07	0	3.7	23	4
2020-10-08	0	6.35	27	3
2020-10-09	0	8.1	28	9
2020-10-10	0	6.7	29	7
2020-10-11	0	6.05	30	8
2020-10-12	0	5.15	28	12
2020-10-13	3	5.6	27	11
2020-10-14	0	6.05	27	9
2020-10-15	0	5.15	29	8
2020-10-16	2	5.35	26	5
2020-10-17	0	2.75	20	7
2020-10-18	0	3.31	27	0.5
2020-10-19	0	4.23	27	8
2020-10-20	0	1.56	28	7
2020-10-21	0	3.99	28	7
2020-10-22	0	6.08	27	6
2020-10-23	0	5.71	27	5
2020-10-24	0	5.25	27	3
2020-10-25	0	4.45	28	4
2020-10-26	0	7.15	23	4
2020-10-27	0	4	29	7
2020-10-28	0	5.15	29	8
2020-10-29	0	4.2	27	10
2020-10-30	0	3.11	25	7
2020-10-31	0	6.63	27	8
2020-11-01	0	6.6	24	7
2020-11-02	0	6.6	19	5
2020-11-03	0	2.52	22	7
2020-11-04	0	5.38	25	3
2020-11-05	0	3.15	25	1
2020-11-06	0	4.85	24	4
2020-11-07	0	3.3	23	8
2020-11-08	0	3.75	27	5
2020-11-09	0	5.37	29	5
2020-11-10	0	6.64	28	6
2020-11-11	0	8.99	27	6
2020-11-12	0	9.56	28	5
2020-11-13	0	7.61	29	4
2020-11-14	0	4.17	29	5
2020-11-15	0	4.51	23	5
2020-11-16	0	2.22	23	5
2020-11-17	0	3.27	19	10
2020-11-18	0	2.89	21	7
2020-11-19	0	3.47	24	6
2020-11-20	0	0.95	20	5
2020-11-21	0	2.05	22	10
2020-11-22	0	1.75	24	6
2020-11-23	0	5.01	18	3
2020-11-24	0	3.09	27	4
2020-11-25	0	4.95	28	5
2020-11-26	0	6.14	29	5
2020-11-27	0	9.05	29	4
2020-11-28	0	7.37	29	6
2020-11-29	0	5.76	29	6
2020-11-30	0	4.93	29	4
2020-12-01	0	5.18	24	6
2020-12-02	0	2.8	23	8
2020-12-03	0	5.94	24	5
2020-12-04	0	2.88	24	5
2020-12-05	0	4.54	24	5
2020-12-06	3	4.72	23	5
2020-12-07	0	2.27	24	8
2020-12-08	0	2.09	26	7
2020-12-09	0	2.8	24	5
2020-12-10	0	4.17	25	5
2020-12-11	10	3.05	26	6
2020-12-12	0	8.17	25	7
2020-12-13	0	3.93	24	8
2020-12-14	0	2.85	24	6
2020-12-15	0	2.82	24	6
2020-12-16	0	2.37	23	8
2020-12-17	0	2.74	23	7
2020-12-18	0	3.05	24	6
2020-12-19	0	3.34	24	6
2020-12-20	0	3.86	24	5
2020-12-21	0	1.56	23	7
2020-12-22	0	3.58	23	7
2020-12-23	0	2.48	24	7
2020-12-24	0	2.61	25	5
2020-12-25	0	2.72	24	2
2020-12-26	0	2.58	23	1
2020-12-27	0	4.26	23	1
2020-12-28	0	3.8	24	-1
2020-12-29	0	2.54	24	-1
2020-12-30	0	6.45	21	1
2020-12-31	0	6.57	23	6
2021-01-01	0	3.53	25	1
2021-01-02	0	8.54	26	0
2021-01-03	0	3.77	26	1
2021-01-04	0	3.85	24	1
2021-01-05	0	3.02	24	1
2021-01-06	0	5.75	24	3
2021-01-07	0	2.4	22	5
2021-01-08	0	2.71	23	4
2021-01-09	2	1.49	21	5
2021-01-10	0	7.03	23	5
2021-01-11	0	2.59	21	5
2021-01-12	0	2.91	22	4
2021-01-13	0	2.61	21	4
2021-01-14	0	2.34	22	6
2021-01-15	0	4.19	22	6
2021-01-16	0	5.05	22	4
2021-01-17	0	4.03	21	7
2021-01-18	0	1.9	22	2
2021-01-19	0	2.45	27	3
2021-01-20	0	1.04	24	5
2021-01-21	0	3.59	27	4
2021-01-22	0	3.64	28	6
2021-01-23	0	3.83	27	6
2021-01-24	0	4.04	24	8
2021-01-25	0	4.2	26	5
2021-01-26	0	3.31	29	5
2021-01-27	0	3.12	29	5
2021-01-28	0	3.53	28	5
2021-01-29	0	3.32	25	5
2021-01-30	0	4.17	27	3
2021-01-31	0	4.15	27	5
2021-02-01	0	3.81	26	6
2021-02-02	0	3.84	24	0
2021-02-03	0	3.53	26	4
2021-02-04	0	2.63	28	4
2021-02-05	0	3.04	30	4
2021-02-06	0	7.2	29	5
2021-02-07	0	6.02	28	7
2021-02-08	0	5.09	28	6
2021-02-09	1.5	5.34	29	5
2021-02-10	0	7.27	28	5
2021-02-11	0	6.43	25	5
2021-02-12	0	7.44	22	5
2021-02-13	0	6.88	25	2
2021-02-14	0	6.17	27	2
2021-02-15	0	5.85	27	1
2021-02-16	0	7.76	27	3
2021-02-17	0	8.2	28	3
2021-02-18	0	4.58	28	2
2021-02-19	0	5.42	29	1
2021-02-20	0	7.03	28	1
2021-02-21	0	6.5	28	2
2021-02-22	0	6.56	26	5
2021-02-23	0	5.21	26	2
2021-02-24	0	8.83	30	4
2021-02-25	0	7.05	30	2
2021-02-26	0	6.7	32	5
2021-02-27	0	8.01	32	8
2021-02-28	0	7.74	32	7
2021-03-01	0	7.87	32	9
2021-03-02	0	6.68	34	9
2021-03-03	0	6.52	30	10
2021-03-04	0	7.85	30	8
2021-03-05	0	7.36	31	8
2021-03-06	0	6.25	28	8
2021-03-07	0	6.07	24	5
2021-03-08	0	4.9	27	4
2021-03-09	0	7.42	29	3
2021-03-10	0	7.84	30	2
2021-03-11	0	6.84	32	2
2021-03-12	0	6.6	32	4
2021-03-13	0	8.45	32	6
2021-03-14	0	7.13	31	9
2021-03-15	0	7.28	30	8
2021-03-16	0	5.94	30	8
2021-03-17	0	7.34	30	9
2021-03-18	0	5.86	25	9
2021-03-19	0	8.08	25	5
2021-03-20	0	8.3	25	5
2021-03-21	0	7.59	27	4
2021-03-22	0	10.16	27	5
2021-03-23	0	9.1	31	5
2021-03-24	0	10.49	31	6
2021-03-25	0	9.07	32	5
2021-03-26	0	8.11	32	7
2021-03-27	0	8.62	32	7
2021-03-28	0	8.31	32	8
2021-03-29	0	5.87	32	8
2021-03-30	0	7.78	32	8
2021-03-31	0	8.04	31	7
2021-04-01	0	NULO	22	8
2021-04-02	0	NULO	23	7
2021-04-03	0	NULO	24	7
2021-04-04	0	NULO	24	7
2021-04-05	0	NULO	25	7
2021-04-06	7.5	NULO	26	7
2021-04-07	0	NULO	25	7
2021-04-08	0	NULO	24	8
2021-04-09	0	NULO	23	8
2021-04-10	0	NULO	24	7
2021-04-11	0	NULO	25	8
2021-04-12	0	NULO	25	8
2021-04-13	3	NULO	26	8
2021-04-14	0	NULO	26	8
2021-04-15	0	NULO	27	9
2021-04-16	0	NULO	26	8
2021-04-17	0	NULO	26	9
2021-04-18	0	NULO	26	9
2021-04-19	0	NULO	26	9
2021-04-20	0	NULO	25	9
2021-04-21	0	NULO	27	8
2021-04-22	0	NULO	26	10
2021-04-23	0	NULO	26	9
2021-04-24	0	NULO	26	8
2021-04-25	16.5	NULO	27	9
2021-04-26	1	NULO	28	9
2021-04-27	17	NULO	27	10
2021-04-28	4	NULO	26	10
2021-04-29	5.5	NULO	24	11
2021-04-30	0	NULO	23	11
2021-05-01	3	NULO	23	9
2021-05-02	0	NULO	23	9
2021-05-03	0	NULO	24	10
2021-05-04	0	NULO	24	10
2021-05-05	18	NULO	25	10
2021-05-06	0	NULO	25	10
2021-05-07	0	NULO	24	11
2021-05-08	0	NULO	25	11
2021-05-09	0	NULO	25	12
2021-05-10	22	NULO	25	12
2021-05-11	0	NULO	24	12
2021-05-12	0	NULO	24	9
2021-05-13	0	NULO	21	10
2021-05-14	0	NULO	20	10
2021-05-15	0	NULO	22	9
2021-05-16	0	NULO	22	8
2021-05-17	0	NULO	22	7
2021-05-18	0	NULO	23	8
2021-05-19	0	NULO	22	8
2021-05-20	0	NULO	23	9
2021-05-21	0	NULO	23	9
2021-05-22	0	NULO	22	8
2021-05-23	0	NULO	22	8
2021-05-24	0	NULO	22	8
2021-05-25	0	NULO	22	9
2021-05-26	0	NULO	23	8
2021-05-27	0	NULO	24	9
2021-05-28	0	NULO	23	10
2021-05-29	0	NULO	24	11
2021-05-30	0	NULO	23	11
2021-05-31	0	NULO	22	12
2021-06-01	8	NULO	22	12
2021-06-02	0	NULO	20	13
2021-06-03	1.3	NULO	22	12
2021-06-04	1.7	NULO	22	12
2021-06-05	0	NULO	21	12
2021-06-06	0	NULO	22	12
2021-06-07	0	NULO	25	11
2021-06-08	0	NULO	24	10
2021-06-09	0	NULO	22	14
2021-06-10	0	NULO	22	13
2021-06-11	10	NULO	21	14
2021-06-12	5	NULO	21	13
2021-06-13	0	NULO	21	12
2021-06-14	0	NULO	22	11
2021-06-15	0	NULO	22	10
2021-06-16	0	NULO	22	10
2021-06-17	7	NULO	22	9
2021-06-18	0	NULO	22	10
2021-06-19	20	NULO	23	12
2021-06-20	3.5	NULO	24	12
2021-06-21	0	NULO	23	12
2021-06-22	0	NULO	23	12
2021-06-23	8	NULO	22	11
2021-06-24	17	NULO	23	12
2021-06-25	0	NULO	23	13
2021-06-26	17	NULO	28	13
2021-06-27	0	NULO	20	12
2021-06-28	10	NULO	20	12
2021-06-29	0	NULO	20	13
2021-06-30	NULO	NULO	22	12
2021-07-01	0	NULO	20	9
2021-07-02	0	NULO	22	9
2021-07-03	0	NULO	22	11
2021-07-04	12	NULO	23	10
2021-07-05	16	NULO	19	9
2021-07-06	3	NULO	20	12
2021-07-07	0	NULO	21	13
2021-07-08	5.5	NULO	22	14
2021-07-09	0	NULO	20	13
2021-07-10	0	NULO	20	13
2021-07-11	0	NULO	20	13
2021-07-12	2	NULO	20	14
2021-07-13	0	NULO	21	11
2021-07-14	2	NULO	22	11
2021-07-15	16	NULO	23	12
2021-07-16	0	NULO	23	12
2021-07-17	0	NULO	23	13
2021-07-18	0	NULO	24	10
2021-07-19	0	NULO	23	12
2021-07-20	0	NULO	25	13
2021-07-21	19	NULO	24	12
2021-07-22	12.5	NULO	25	12
2021-07-23	3	NULO	25	12
2021-07-24	0	NULO	24	12
2021-07-25	6.5	NULO	25	12
2021-07-26	0	NULO	24	11
2021-07-27	0	NULO	23	12
2021-07-28	0	NULO	25	11
2021-07-29	0	NULO	24	10
2021-07-30	2	NULO	25	12
2021-07-31	0	NULO	20	13
2021-08-01	19	NULO	24	12
2021-08-02	15	NULO	22	14
2021-08-03	0	NULO	21	14
2021-08-04	0	NULO	22	12
2021-08-05	0	NULO	23	13
2021-08-06	0	NULO	22	13
2021-08-07	0	NULO	22	12
2021-08-08	0	NULO	23	13
2021-08-09	0	NULO	23	13
2021-08-10	0	NULO	23	12
2021-08-11	0	NULO	24	12
2021-08-12	15	NULO	24	12
2021-08-13	0	NULO	25	13
2021-08-14	0	NULO	24	13
2021-08-15	0	NULO	25	13
2021-08-16	4.5	NULO	26	13
2021-08-17	0	NULO	25	14
2021-08-18	0	NULO	25	13
2021-08-19	0	NULO	24	12
2021-08-20	25.5	NULO	21	12
2021-08-21	0	NULO	22	12
2021-08-22	0	NULO	22	12
2021-08-23	0	NULO	23	11
2021-08-24	0	NULO	22	12
2021-08-25	0	NULO	22	12
2021-08-26	0	NULO	21	12
2021-08-27	0	NULO	21	13
2021-08-28	0	NULO	22	13
2021-08-29	9	NULO	21	13
2021-08-30	5	NULO	22	13
2021-08-31	0	NULO	25	13
2021-09-01	11	NULO	20	13
2021-09-02	3	NULO	22	13
2021-09-03	0	NULO	21	13
2021-09-04	6	NULO	21	13
2021-09-05	0	NULO	22	13
2021-09-06	30	NULO	21	12
2021-09-07	7.5	NULO	21	13
2021-09-08	0	NULO	21	11
2021-09-09	0	NULO	20	11
2021-09-10	0	NULO	21	11
2021-09-11	0	NULO	21	11
2021-09-12	0	NULO	22	12
2021-09-13	0	NULO	21	13
2021-09-14	0	NULO	21	12
2021-09-15	0	NULO	21	12
2021-09-16	0	NULO	21	11
2021-09-17	0	NULO	20	11
2021-09-18	0	NULO	21	11
2021-09-19	0	NULO	21	12
2021-09-20	0	NULO	22	12
2021-09-21	0	NULO	22	13
2021-09-22	0	NULO	23	13
2021-09-23	0	NULO	23	12
2021-09-24	0	NULO	23	12
2021-09-25	0	NULO	23	12
2021-09-26	0	NULO	23	12
2021-09-27	4	NULO	22	12
2021-09-28	0	NULO	22	13
2021-09-29	0	NULO	22	12
2021-09-30	0	NULO	21	12
2021-10-01	46.5	NULO	22	12
2021-10-02	0	NULO	23	12
2021-10-03	16.5	NULO	22	13
2021-10-04	0	NULO	22	13
2021-10-05	0	NULO	23	13
2021-10-06	0	NULO	24	14
2021-10-07	0	NULO	25	14
2021-10-08	0	NULO	25	13
2021-10-09	0	NULO	24	13
2021-10-10	0	NULO	25	13
2021-10-11	0	NULO	26	13
2021-10-12	0	NULO	26	13
2021-10-13	0.01	NULO	26	12
2021-10-14	0	NULO	26	12
2021-10-15	0	NULO	26	13
2021-10-16	0	NULO	25	10
2021-10-17	0	NULO	25	12
2021-10-18	0	NULO	24	12
2021-10-19	0	NULO	25	12
2021-10-20	0	NULO	25	12
2021-10-21	0	NULO	24	12
2021-10-22	0	NULO	24	10
2021-10-23	0	NULO	25	10
2021-10-24	0	NULO	25	11
2021-10-25	0	NULO	25	10
2021-10-26	0	NULO	23	10
2021-10-27	0	NULO	24	6
2021-10-28	6	NULO	22	9
2021-10-29	0	NULO	23	8
2021-10-30	NULO	NULO	NULO	NULO
2021-10-31	0	NULO	NULO	NULO
2021-11-01	0	NULO	21	7
2021-11-02	0	NULO	22	6
2021-11-03	0	NULO	21	6
2021-11-04	0	NULO	21	6
2021-11-05	0	NULO	20	5
2021-11-06	0	NULO	20	5
2021-11-07	0	NULO	21	5
2021-11-08	0	NULO	21	6
2021-11-09	0	NULO	22	6
2021-11-10	0	NULO	22	6
2021-11-11	0	NULO	20	7
2021-11-12	0	NULO	20	5
2021-11-13	0	NULO	21	6
2021-11-14	0	NULO	20	6
2021-11-15	0	NULO	20	5
2021-11-16	0	NULO	21	3
2021-11-17	0	NULO	26	5
2021-11-18	0	NULO	26	6
2021-11-19	0	NULO	20	6
2021-11-20	0	NULO	23	4
2021-11-21	0	NULO	21	6
2021-11-22	0	NULO	23	8
2021-11-23	0	NULO	25	8
2021-11-24	0	NULO	28	7
2021-11-25	0	NULO	20	7
2021-11-26	0	NULO	21	7
2021-11-27	0	NULO	20	6
2021-11-28	0	NULO	20	3
2021-11-29	0	NULO	20	4
2021-11-30	0	NULO	21	3
2021-12-01	0	NULO	22	5
2021-12-02	0	NULO	20	4
2021-12-03	0	NULO	20	3
2021-12-04	0	NULO	22	4
2021-12-05	0	NULO	22	5
2021-12-06	0	NULO	23	6
2021-12-07	0	NULO	24	6
2021-12-08	0	NULO	25	5
2021-12-09	0	NULO	26	5
2021-12-10	0	NULO	25	5
2021-12-11	0	NULO	24	4
2021-12-12	0	NULO	23	5
2021-12-13	0	NULO	24	4
2021-12-14	0	NULO	24	5
2021-12-15	0	NULO	25	6
2021-12-16	0	NULO	25	6
2021-12-17	0	NULO	25	6
2021-12-18	0	NULO	23	6
2021-12-19	0	NULO	19	6
2021-12-20	0	NULO	18	5
2021-12-21	0	NULO	18	6
2021-12-22	0	NULO	22	5
2021-12-23	0	NULO	21	4
2021-12-24	0	NULO	20	5
2021-12-25	0	NULO	20	5
2021-12-26	0	NULO	21	6
2021-12-27	0	NULO	21	5
2021-12-28	0	NULO	21	5
2021-12-29	0	NULO	20	4
2021-12-30	0	NULO	20	6
2021-12-31	0	NULO	23	4
2022-01-01	0	NULO	20	4
2022-01-02	0	NULO	21	5
2022-01-03	0	NULO	20	5
2022-01-04	0	NULO	20	4
2022-01-05	0	NULO	19	5
2022-01-06	0	NULO	19	4
2022-01-07	0	NULO	18	4
2022-01-08	26	NULO	19	3
2022-01-09	0	NULO	19	6
2022-01-10	0	NULO	18	6
2022-01-11	0	NULO	19	7
2022-01-12	0	NULO	19	7
2022-01-13	0	NULO	20	7
2022-01-14	0	NULO	20	6
2022-01-15	0	NULO	20	6
2022-01-16	0	NULO	19	7
2022-01-17	0	NULO	19	7
2022-01-18	0	NULO	19	6
2022-01-19	0	NULO	20	6
2022-01-20	0	NULO	19	7
2022-01-21	0	NULO	19	7
2022-01-22	0	NULO	20	7
2022-01-23	0	NULO	20	8
2022-01-24	0	NULO	20	8
2022-01-25	0	NULO	20	8
2022-01-26	0	NULO	19	8
2022-01-27	0	NULO	20	7
2022-01-28	0	NULO	21	8
2022-01-29	0	NULO	21	9
2022-01-30	0	NULO	20	9
2022-01-31	0	NULO	20	8
2022-02-01	0	NULO	20	7
2022-02-02	0	NULO	20	8
2022-02-03	0	NULO	19	8
2022-02-04	0	NULO	20	8
2022-02-05	0	NULO	19	8
2022-02-06	0	NULO	18	7
2022-02-07	0	NULO	17	6
2022-02-08	5.5	NULO	15	5
2022-02-09	0	NULO	15	5
2022-02-10	0	NULO	14	4
2022-02-11	0	NULO	16	4
2022-02-12	0	NULO	12	3
2022-02-13	0	NULO	14	3
2022-02-14	0	NULO	16	4
2022-02-15	0	NULO	18	5
2022-02-16	0	NULO	21	6
2022-02-17	0	NULO	19	7
2022-02-18	0	NULO	21	6
2022-02-19	0	NULO	20	7
2022-02-20	0	NULO	20	6
2022-02-21	0	NULO	19	7
2022-02-22	0	NULO	19	7
2022-02-23	0	NULO	20	7
2022-02-24	0	NULO	21	6
2022-02-25	0	NULO	20	7
2022-02-26	0	NULO	20	7
2022-02-27	0	NULO	19	7
2022-02-28	0	NULO	21	7
2022-03-01	0	NULO	22	6
2022-03-02	0	NULO	23	6
2022-03-03	0	NULO	23	6
2022-03-04	0	NULO	23	6
2022-03-05	0	NULO	22	6
2022-03-06	0	NULO	22	7
2022-03-07	0	NULO	20	7
2022-03-08	0	NULO	20	6
2022-03-09	0	NULO	21	6
2022-03-10	0	NULO	22	8
2022-03-11	0	NULO	23	7
2022-03-12	0	NULO	25	7
2022-03-13	0	NULO	27	7
2022-03-14	0	NULO	27	7
2022-03-15	0	NULO	25	8
2022-03-16	0	NULO	24	7
2022-03-17	0	NULO	24	7
2022-03-18	0	NULO	23	7
2022-03-19	0	NULO	23	7
2022-03-20	0	NULO	27	7
2022-03-21	0	NULO	23	7
2022-03-22	0	NULO	22	6
2022-03-23	0	NULO	23	6
2022-03-24	0	NULO	22	7
2022-03-25	0	NULO	23	7
2022-03-26	0	NULO	22	8
2022-03-27	0	NULO	21	8
2022-03-28	0	NULO	22	7
2022-03-29	0	NULO	22	8
2022-03-30	0	NULO	22	8
2022-03-31	0	NULO	21	8
2022-04-01	0	NULO	24	8
2022-04-02	0	NULO	23	8
2022-04-03	0	NULO	25	8
2022-04-04	0	NULO	26	9
2022-04-05	0	NULO	27	9
2022-04-06	0	NULO	25	9
2022-04-07	0	NULO	26	10
2022-04-08	0	NULO	26	10
2022-04-09	0	NULO	28	10
2022-04-10	0	NULO	28	9
2022-04-11	0	NULO	28	9
2022-04-12	0	NULO	28	9
2022-04-13	0	NULO	25	9
2022-04-14	0	NULO	23	10
2022-04-15	0	NULO	23	9
2022-04-16	0	NULO	22	9
2022-04-17	0	NULO	22	8
2022-04-18	0	NULO	22	8
2022-04-19	0	NULO	23	7
2022-04-20	6	NULO	22	7
2022-04-21	3.5	NULO	23	9
2022-04-22	0	NULO	22	7
2022-04-23	0	NULO	22	8
2022-04-24	0	NULO	21	8
2022-04-25	0	NULO	21	8
2022-04-26	0	NULO	21	8
2022-04-27	0	NULO	20	7
2022-04-28	0	NULO	20	7
2022-04-29	0	NULO	20	7
2022-04-30	0	NULO	21	7
2022-05-01	0	NULO	23	8
2022-05-02	0	NULO	22	8
2022-05-03	0	NULO	21	8
2022-05-04	0	NULO	21	8
2022-05-05	0	NULO	21	8
2022-05-06	7.5	NULO	22	8
2022-05-07	0	NULO	23	8
2022-05-08	0	NULO	22	8
2022-05-09	0	NULO	23	7
2022-05-10	0	NULO	24	8
2022-05-11	0	NULO	23	7
2022-05-12	0	NULO	24	7
2022-05-13	0	NULO	25	8
2022-05-14	0	NULO	24	8
2022-05-15	0	NULO	24	9
2022-05-16	0	NULO	25	9
2022-05-17	0	NULO	25	9
2022-05-18	0	NULO	25	10
2022-05-19	2.5	NULO	26	10
2022-05-20	0	NULO	25	11
2022-05-21	0	NULO	24	11
2022-05-22	7.5	NULO	24	11
2022-05-23	0	NULO	24	10
2022-05-24	0	NULO	23	11
2022-05-25	0	NULO	23	12
2022-05-26	0	NULO	22	11
2022-05-27	0	NULO	23	11
2022-05-28	0	NULO	22	11
2022-05-29	7	NULO	21	12
2022-05-30	0	NULO	22	10
2022-05-31	0	NULO	23	11
2022-06-01	8	NULO	22	12
2022-06-02	0	NULO	20	13
2022-06-03	1.3	NULO	22	12
2022-06-04	1.7	NULO	22	12
2022-06-05	0	NULO	21	12
2022-06-06	0	NULO	22	12
2022-06-07	0	NULO	25	11
2022-06-08	0	NULO	24	10
2022-06-09	0	NULO	22	14
2022-06-10	0	NULO	22	13
2022-06-11	10	NULO	21	14
2022-06-12	5	NULO	21	13
2022-06-13	0	NULO	21	12
2022-06-14	0	NULO	22	11
2022-06-15	0	NULO	22	10
2022-06-16	0	NULO	22	10
2022-06-17	7	NULO	22	9
2022-06-18	0	NULO	22	10
2022-06-19	20	NULO	23	12
2022-06-20	3.5	NULO	24	12
2022-06-21	0	NULO	23	12
2022-06-22	0	NULO	23	12
2022-06-23	8	NULO	22	11
2022-06-24	17	NULO	23	12
2022-06-25	0	NULO	23	13
2022-06-26	17	NULO	28	13
2022-06-27	0	NULO	20	12
2022-06-28	10	NULO	20	12
2022-06-29	0	NULO	20	13
2022-06-30	NULO	NULO	22	12
2022-07-01	0	NULO	20	9
2022-07-02	0	NULO	22	9
2022-07-03	0	NULO	22	11
2022-07-04	12	NULO	23	10
2022-07-05	16	NULO	19	9
2022-07-06	3	NULO	20	12
2022-07-07	0	NULO	21	13
2022-07-08	5.5	NULO	22	14
2022-07-09	0	NULO	20	13
2022-07-10	0	NULO	20	13
2022-07-11	0	NULO	20	13
2022-07-12	2	NULO	20	14
2022-07-13	0	NULO	21	11
2022-07-14	2	NULO	22	11
2022-07-15	16	NULO	23	12
2022-07-16	0	NULO	23	12
2022-07-17	0	NULO	23	13
2022-07-18	0	NULO	24	10
2022-07-19	0	NULO	23	12
2022-07-20	0	NULO	25	13
2022-07-21	19	NULO	24	12
2022-07-22	12.5	NULO	25	12
2022-07-23	3	NULO	25	12
2022-07-24	0	NULO	24	12
2022-07-25	6.5	NULO	25	12
2022-07-26	0	NULO	24	11
2022-07-27	0	NULO	23	12
2022-07-28	0	NULO	25	11
2022-07-29	0	NULO	24	10
2022-07-30	2	NULO	25	12
2022-07-31	0	NULO	20	13
2022-08-01	19	NULO	24	12
2022-08-02	15	NULO	22	14
2022-08-03	0	NULO	21	14
2022-08-04	0	NULO	22	12
2022-08-05	0	NULO	23	13
2022-08-06	0	NULO	22	13
2022-08-07	0	NULO	22	12
2022-08-08	0	NULO	23	13
2022-08-09	0	NULO	23	13
2022-08-10	0	NULO	23	12
2022-08-11	0	NULO	24	12
2022-08-12	15	NULO	24	12
2022-08-13	0	NULO	25	13
2022-08-14	0	NULO	24	13
2022-08-15	0	NULO	25	13
2022-08-16	4.5	NULO	26	13
2022-08-17	0	NULO	25	14
2022-08-18	0	NULO	25	13
2022-08-19	0	NULO	24	12
2022-08-20	25.5	NULO	21	12
2022-08-21	0	NULO	22	12
2022-08-22	0	NULO	22	12
2022-08-23	0	NULO	23	11
2022-08-24	0	NULO	22	12
2022-08-25	0	NULO	22	12
2022-08-26	0	NULO	21	12
2022-08-27	0	NULO	21	13
2022-08-28	0	NULO	22	13
2022-08-29	9	NULO	21	13
2022-08-30	5	NULO	22	13
2022-08-31	0	NULO	25	13
2022-09-01	11	NULO	20	13
2022-09-02	3	NULO	22	13
2022-09-03	0	NULO	21	13
2022-09-04	6	NULO	21	13
2022-09-05	0	NULO	22	13
2022-09-06	30	NULO	21	12
2022-09-07	7.5	NULO	21	13
2022-09-08	0	NULO	21	11
2022-09-09	0	NULO	20	11
2022-09-10	0	NULO	21	11
2022-09-11	0	NULO	21	11
2022-09-12	0	NULO	22	12
2022-09-13	0	NULO	21	13
2022-09-14	0	NULO	21	12
2022-09-15	0	NULO	21	12
2022-09-16	0	NULO	21	11
2022-09-17	0	NULO	20	11
2022-09-18	0	NULO	21	11
2022-09-19	0	NULO	21	12
2022-09-20	0	NULO	22	12
2022-09-21	0	NULO	22	13
2022-09-22	0	NULO	23	13
2022-09-23	0	NULO	23	12
2022-09-24	0	NULO	23	12
2022-09-25	0	NULO	23	12
2022-09-26	0	NULO	23	12
2022-09-27	4	NULO	22	12
2022-09-28	0	NULO	22	13
2022-09-29	0	NULO	22	12
2022-09-30	0	NULO	21	12
2022-10-01	0	NULO	19	10
2022-10-02	0	NULO	19	11
2022-10-03	0	NULO	20	11
2022-10-04	0	NULO	21	11
2022-10-05	0	NULO	19	12
2022-10-06	0	NULO	20	11
2022-10-07	0	NULO	19	11
2022-10-08	0	NULO	19	10
2022-10-09	0	NULO	20	10
2022-10-10	0	NULO	21	11
2022-10-11	0	NULO	22	11
2022-10-12	12	NULO	21	12
2022-10-13	0	NULO	22	10
2022-10-14	0	NULO	21	11
2022-10-15	0	NULO	21	11
2022-10-16	0	NULO	22	11
2022-10-17	5	NULO	22	10
2022-10-18	0	NULO	22	10
2022-10-19	0	NULO	23	11
2022-10-20	0	NULO	24	11
2022-10-21	0	NULO	24	10
2022-10-22	0	NULO	22	10
2022-10-23	0	NULO	22	10
2022-10-24	3	NULO	22	9
2022-10-25	0	NULO	22	9
2022-10-26	0	NULO	22	9
2022-10-27	0	NULO	23	10
2022-10-28	0	NULO	22	1
2022-10-29	0	NULO	24	10
2022-10-30	0	NULO	22	11
2022-10-31	0	NULO	19	10
2022-11-01	0	NULO	21	10
2022-11-02	0	NULO	21	10
2022-11-03	0	NULO	22	10
2022-11-04	0	NULO	21	10
2022-11-05	0	NULO	20	10
2022-11-06	0	NULO	20	10
2022-11-07	0	NULO	19	10
2022-11-08	0	NULO	19	9
2022-11-09	0	NULO	18	9
2022-11-10	0	NULO	18	9
2022-11-11	0	NULO	19	9
2022-11-12	0	NULO	20	9
2022-11-13	0	NULO	20	9
2022-11-14	0	NULO	21	8
2022-11-15	0	NULO	20	9
2022-11-16	0	NULO	19	9
2022-11-17	0	NULO	20	9
2022-11-18	0	NULO	19	9
2022-11-19	0	NULO	20	9
2022-11-20	0	NULO	20	9
2022-11-21	0	NULO	20	9
2022-11-22	0	NULO	20	9
2022-11-23	0	NULO	20	8
2022-11-24	0	NULO	21	9
2022-11-25	0	NULO	21	9
2022-11-26	0	NULO	20	9
2022-11-27	0	NULO	19	8
2022-11-28	0	NULO	20	8
2022-11-29	0	NULO	19	8
2022-11-30	0	NULO	20	8
2022-12-01	0	NULO	20	9
2022-12-02	0	NULO	20	8
2022-12-03	0	NULO	20	8
2022-12-04	0	NULO	20	8
2022-12-05	0	NULO	21	8
2022-12-06	0	NULO	20	8
2022-12-07	0	NULO	20	9
2022-12-08	0	NULO	19	9
2022-12-09	0	NULO	19	8
2022-12-10	0	NULO	18	8
2022-12-11	0	NULO	18	8
2022-12-12	0	NULO	18	6
2022-12-13	0	NULO	18	7
2022-12-14	0	NULO	18	7
2022-12-15	0	NULO	18	7
2022-12-16	0	NULO	18	7
2022-12-17	0	NULO	18	7
2022-12-18	0	NULO	19	8
2022-12-19	0	NULO	18	7
2022-12-20	0	NULO	18	7
2022-12-21	0	NULO	17	7
2022-12-22	0	NULO	17	6
2022-12-23	0	NULO	17	6
2022-12-24	0	NULO	17	6
2022-12-25	0	NULO	17	6
2022-12-26	0	NULO	17	7
2022-12-27	0	NULO	18	7
2022-12-28	0	NULO	18	7
2022-12-29	0	NULO	18	7
2022-12-30	0	NULO	15	7
2022-12-31	0	NULO	20	7
2023-01-01	0	NULO	20	6
2023-01-02	0	NULO	20	5
2023-01-03	0	NULO	20	6
2023-01-04	0	NULO	19	6
2023-01-05	0	NULO	20	6
2023-01-06	0	NULO	20	5
2023-01-07	0	NULO	19	5
2023-01-08	0	NULO	19	5
2023-01-09	0	NULO	20	5
2023-01-10	0	NULO	20	5
2023-01-11	0	NULO	20	5
2023-01-12	0	NULO	20	5
2023-01-13	0	NULO	20	5
2023-01-14	0	NULO	20	5
2023-01-15	0	NULO	19	4
2023-01-16	0	NULO	19	5
2023-01-17	0	NULO	19	4
2023-01-18	0	NULO	19	4
2023-01-19	0	NULO	18	4
2023-01-20	0	NULO	18	4
2023-01-21	0	NULO	19	3
2023-01-22	0	NULO	19	3
2023-01-23	0	NULO	19	4
2023-01-24	0	NULO	19	3
2023-01-25	0	NULO	19	4
2023-01-26	0	NULO	19	4
2023-01-27	0	NULO	20	4
2023-01-28	0	NULO	21	4
2023-01-29	0	NULO	20	6
2023-01-30	0	NULO	21	6
2023-01-31	0	NULO	19	6
2023-02-01	0	NULO	21	6
2023-02-02	0	NULO	21	6
2023-02-03	0	NULO	20	6
2023-02-04	0	NULO	21	6
2023-02-05	0	NULO	22	6
2023-02-06	0	NULO	21	7
2023-02-07	0	NULO	20	7
2023-02-08	0	NULO	20	6
2023-02-09	15	NULO	20	6
2023-02-10	0	NULO	21	7
2023-02-11	0	NULO	22	6
2023-02-12	0	NULO	19	7
2023-02-13	0	NULO	19	7
2023-02-14	0	NULO	19	6
2023-02-15	0	NULO	19	6
2023-02-16	0	NULO	19	5
2023-02-17	0	NULO	20	5
2023-02-18	0	NULO	19	6
2023-02-19	0	NULO	19	6
2023-02-20	0	NULO	20	5
2023-02-21	0	NULO	19	6
2023-02-22	0	NULO	20	6
2023-02-23	0	NULO	21	6
2023-02-24	0	NULO	21	6
2023-02-25	0	NULO	20	6
2023-02-26	0	NULO	20	6
2023-02-27	0	NULO	21	6
2023-02-28	0	NULO	22	8
2023-03-01	0	NULO	26	8
2023-03-02	0	NULO	25	8
2023-03-03	0	NULO	27	8
2023-03-04	0	NULO	26	8
2023-03-05	0	NULO	24	8
2023-03-06	0	NULO	25	8
2023-03-07	0	NULO	25	8
2023-03-08	0	NULO	25	8
2023-03-09	14	NULO	24	8
2023-03-10	0	NULO	23	8
2023-03-11	0	NULO	22	7
2023-03-12	0	NULO	21	7
2023-03-13	0	NULO	21	5
2023-03-14	0	NULO	22	8
2023-03-15	0	NULO	22	9
2023-03-16	0	NULO	22	9
2023-03-17	0	NULO	23	9
2023-03-18	0	NULO	23	9
2023-03-19	0	NULO	23	9
2023-03-20	0	NULO	24	10
2023-03-21	0	NULO	24	10
2023-03-22	0	NULO	25	11
2023-03-23	0	NULO	25	11
2023-03-24	0	NULO	25	11
2023-03-25	0	NULO	23	11
2023-03-26	0	NULO	23	10
2023-03-27	11	NULO	24	11
2023-03-28	0	NULO	23	11
2023-03-29	0	NULO	23	11
2023-03-30	0	NULO	23	11
2023-03-31	0	NULO	22	11
2023-04-01	0	NULO	23	12
2023-04-02	0	NULO	23	12
2023-04-03	0	NULO	24	12
2023-04-04	0	NULO	24	12
2023-04-05	0	NULO	25	12
2023-04-06	0	NULO	24	12
2023-04-07	0	NULO	26	11
2023-04-08	0	NULO	23	12
2023-04-09	0	NULO	24	12
2023-04-10	0	NULO	23	13
2023-04-11	0	NULO	23	13
2023-04-12	6	NULO	23	12
2023-04-13	0	NULO	22	12
2023-04-14	0	NULO	22	10
2023-04-15	0	NULO	23	10
2023-04-16	0	NULO	24	10
2023-04-17	0	NULO	24	11
2023-04-18	0	NULO	23	11
2023-04-19	0	NULO	24	10
2023-04-20	0	NULO	24	11
2023-04-21	0	NULO	23	10
2023-04-22	0	NULO	24	11
2023-04-23	0	NULO	24	11
2023-04-24	0	NULO	23	12
2023-04-25	0	NULO	24	12
2023-04-26	0	NULO	25	12
2023-04-27	0	NULO	24	12
2023-04-28	0	NULO	25	12
2023-04-29	0	NULO	25	12
2023-04-30	0	NULO	24	12
2023-05-01	0	NULO	23	12
2023-05-02	0	NULO	25	12
2023-05-03	0	NULO	23	13
2023-05-04	8	NULO	24	13
2023-05-05	0	NULO	25	13
2023-05-06	0	NULO	24	13
2023-05-07	0	NULO	24	13
2023-05-08	0	NULO	25	13
2023-05-09	0	NULO	25	14
2023-05-10	0	NULO	24	14
2023-05-11	0	NULO	24	15
2023-05-12	0	NULO	24	15
2023-05-13	0	NULO	24	15
2023-05-14	0	NULO	24	16
2023-05-15	0	NULO	24	16
2023-05-16	0	NULO	24	15
2023-05-17	0	NULO	24	15
2023-05-18	0	NULO	23	15
2023-05-19	0	NULO	24	15
2023-05-20	0	NULO	23	15
2023-05-21	0	NULO	23	15
2023-05-22	0	NULO	24	14
2023-05-23	0	NULO	24	15
2023-05-24	0	NULO	24	15
2023-05-25	0	NULO	24	15
2023-05-26	0	NULO	24	15
2023-05-27	0	NULO	25	15
2023-05-28	0	NULO	25	16
2023-05-29	0	NULO	24	15
2023-05-30	0	NULO	24	14
2023-05-31	0	NULO	23	14
2023-06-01	0	NULO	25	16
2023-06-02	0	NULO	24	16
2023-06-03	0	NULO	24	16
2023-06-04	0	NULO	25	17
2023-06-05	0	NULO	25	17
2023-06-06	0	NULO	25	17
2023-06-07	0	NULO	26	17
2023-06-08	0	NULO	25	17
2023-06-09	0	NULO	26	17
2023-06-10	0	NULO	26	16
2023-06-11	0	NULO	26	15
2023-06-12	0	NULO	25	15
2023-06-13	0	NULO	24	14
2023-06-14	0	NULO	25	14
2023-06-15	0	NULO	25	13
2023-06-16	0	NULO	24	12
2023-06-17	10	NULO	24	12
2023-06-18	0	NULO	25	11
2023-06-19	0	NULO	25	11
2023-06-20	0	NULO	24	12
2023-06-21	0	NULO	24	14
2023-06-22	0	NULO	24	14
2023-06-23	0	NULO	24	15
2023-06-24	0	NULO	25	15
2023-06-25	0	NULO	24	16
2023-06-26	0	NULO	24	16
2023-06-27	0	NULO	23	16
2023-06-28	0	NULO	22	16
2023-06-29	0	NULO	22	16
2023-06-30	0	NULO	25	16
2023-07-01	0	NULO	22	14
2023-07-02	3	NULO	22	14
2023-07-03	0	NULO	23	15
2023-07-04	0	NULO	22	16
2023-07-05	0	NULO	22	16
2023-07-06	0	NULO	23	16
2023-07-07	0	NULO	22	17
2023-07-08	2	NULO	20	16
2023-07-09	0	NULO	23	17
2023-07-10	4	NULO	23	17
2023-07-11	0	NULO	23	17
2023-07-12	2	NULO	22	18
2023-07-13	0	NULO	23	17
2023-07-14	0	NULO	23	17
2023-07-15	0	NULO	22	17
2023-07-16	0	NULO	22	17
2023-07-17	0	NULO	23	17
2023-07-18	0	NULO	23	17
2023-07-19	0	NULO	23	17
2023-07-20	0	NULO	22	16
2023-07-21	0	NULO	23	16
2023-07-22	0	NULO	21	17
2023-07-23	0	NULO	21	16
2023-07-24	0	NULO	22	16
2023-07-25	2	NULO	23	16
2023-07-26	0	NULO	23	16
2023-07-27	0	NULO	22	16
2023-07-28	0	NULO	22	16
2023-07-29	0	NULO	22	16
2023-07-30	NULO	NULO	NULO	NULO
2023-07-31	0	NULO	NULO	NULO
2023-08-01	0	NULO	20	16
2023-08-02	3	NULO	20	16
2023-08-03	0	NULO	20	6
2023-08-04	0	NULO	21	16
2023-08-05	0	NULO	22	16
2023-08-06	0	NULO	22	16
2023-08-07	0	NULO	21	15
2023-08-08	0	NULO	21	16
2023-08-09	0	NULO	21	16
2023-08-10	0	NULO	21	17
2023-08-11	0	NULO	21	17
2023-08-12	0	NULO	22	17
2023-08-13	0	NULO	22	18
2023-08-14	0	NULO	22	18
2023-08-15	0	NULO	21	18
2023-08-16	0	NULO	21	17
2023-08-17	0	NULO	20	17
2023-08-18	0	NULO	20	17
2023-08-19	0	NULO	20	17
2023-08-20	5	NULO	19	17
2023-08-21	0	NULO	18	16
2023-08-22	0	NULO	19	16
2023-08-23	0	NULO	18	16
2023-08-24	0	NULO	19	15
2023-08-25	4	NULO	18	16
2023-08-26	0	NULO	18	16
2023-08-27	3	NULO	17	16
2023-08-28	0	NULO	17	14
2023-08-29	0	NULO	17	14
2023-08-30	0	NULO	18	14
2023-08-31	0	NULO	20	14
2023-09-01	0	NULO	20	12
2023-09-02	6	NULO	20	11
2023-09-03	0	NULO	21	11
2023-09-04	0	NULO	23	10
2023-09-05	0	NULO	24	13
2023-09-06	0	NULO	22	13
2023-09-07	0	NULO	22	13
2023-09-08	0	NULO	21	12
2023-09-09	0	NULO	22	12
2023-09-10	0	NULO	22	13
2023-09-11	0	NULO	23	13
2023-09-12	0	NULO	23	14
2023-09-13	0	NULO	23	13
2023-09-14	5	NULO	22	13
2023-09-15	0	NULO	22	13
2023-09-16	0	NULO	23	13
2023-09-17	0	NULO	24	13
2023-09-18	0	NULO	23	14
2023-09-19	0	NULO	23	13
2023-09-20	0	NULO	22	13
2023-09-21	0	NULO	21	14
2023-09-22	0	NULO	21	13
2023-09-23	0	NULO	21	13
2023-09-24	3	NULO	21	13
2023-09-25	0	NULO	22	13
2023-09-26	0	NULO	22	14
2023-09-27	0	NULO	22	14
2023-09-28	0	NULO	22	14
2023-09-29	0	NULO	23	14
2023-09-30	0	NULO	18	14
2023-10-01	0	NULO	24	14
2023-10-02	0	NULO	24	14
2023-10-03	5	NULO	25	13
2023-10-04	0	NULO	26	14
2023-10-05	0	NULO	26	14
2023-10-06	0	NULO	23	13
2023-10-07	0	NULO	23	14
2023-10-08	0	NULO	23	13
2023-10-09	0	NULO	21	12
2023-10-10	0	NULO	20	11
2023-10-11	0	NULO	21	13
2023-10-12	0	NULO	20	16
2023-10-13	0	NULO	19	15
2023-10-14	0	NULO	19	14
2023-10-15	0	NULO	19	14
2023-10-16	0	NULO	19	14
2023-10-17	0	NULO	19	14
2023-10-18	0	NULO	19	14
2023-10-19	0	NULO	19	14
2023-10-20	0	NULO	19	14
2023-10-21	0	NULO	19	14
2023-10-22	0	NULO	19	14
2023-10-23	7	NULO	19	13
2023-10-24	2	NULO	19	12
2023-10-25	0	NULO	18	11
2023-10-26	0	NULO	18	11
2023-10-27	0	NULO	19	11
2023-10-28	0	NULO	19	10
2023-10-29	0	NULO	19	10
2023-10-30	0	NULO	20	10
2023-10-31	0	NULO	24	10
