COMISIÓN NACIONAL DEL AGUA
COORDINACIÓN GENERAL DEL SERVICIO METEOROLÓGICO NACIONAL
BASE DE DATOS CLIMATOLÓGICA NACIONAL 

REGISTRO DIARIO HISTÓRICO
EMISIÓN   : 11/09/2026 

DATOS DISPONIBLES EN LA BASE DE DATOS A: SEPTEMBER DE 2026; 
CON LA INFORMACIÓN SUMINISTRADA POR LAS UNIDADES ADMINISTRATIVAS 

 ESTACIÓN   : 13151 
 NOMBRE     : EL ENCINO 
 ESTADO     : HIDALGO 
 MUNICIPIO  : SANTIAGO DE ANAYA 
 SITUACIÓN  : OPERANDO 
 U. ADMNVA. : DIRECCIÓN LOCAL HIDALGO 
 CVE-OMM    :   
 LATITUD    : 20.45638889 ° 
 LONGITUD   : -98.91055556 ° 
 ALTITUD    : 2114 msnm 




FECHA		PRECIP	EVAP	TMAX	TMIN
		(mm)	(mm)	(°C )	(°C)
1986-01-01	0	3.02	18	2
1986-01-02	0	3.03	17	4
1986-01-03	0	3.69	20	4.5
1986-01-04	0	3.06	17	4
1986-01-05	0	5.79	21	2
1986-01-06	0	5.05	24.5	4.5
1986-01-07	0	4.33	25	7
1986-01-08	0	3.95	23.5	6
1986-01-09	0	4.12	26	8.5
1986-01-10	0	2.98	20	8.5
1986-01-11	0	3.8	10	4
1986-01-12	0	1.52	15	3
1986-01-13	0	4.78	23	2
1986-01-14	0	4	24.5	6
1986-01-15	0	4.7	25	8.5
1986-01-16	0	4.3	25	7
1986-01-17	0	7.4	26.5	9.5
1986-01-18	0	7.35	28	9
1986-01-19	0	7.35	25	6
1986-01-20	0	4.2	26	6
1986-01-21	0	5.8	20	10
1986-01-22	0	4.15	20	5.5
1986-01-23	0	2.73	22	3
1986-01-24	0	4.16	21	4
1986-01-25	2	4.51	22	4
1986-01-26	0	1.35	18	6
1986-01-27	0	1.92	15	2
1986-01-28	0	5.52	19.5	-1
1986-01-29	0	4.52	22	3
1986-01-30	0	3.49	17	6
1986-01-31	0	3.37	22	2.5
1986-02-01	0	3.92	21.5	7
1986-02-02	0	3.72	23.5	4
1986-02-03	0	6.55	23.5	5.5
1986-02-04	0	8.76	21	8
1986-02-05	0	7.34	23.5	7
1986-02-06	0	2.8	23.5	5
1986-02-07	0	6.26	24.5	7
1986-02-08	0	6.75	25	8
1986-02-09	0	6.01	25.5	7.5
1986-02-10	0	7.48	25	8.5
1986-02-11	0	4.43	24	7
1986-02-12	0	2.73	19.5	3
1986-02-13	0	5.16	20	4
1986-02-14	0	5.78	23	8
1986-02-15	0	4.31	23	4
1986-02-16	0	6.55	26	6
1986-02-17	0	7.35	25	9
1986-02-18	0	5.79	24	8
1986-02-19	0	2.95	25	8
1986-02-20	0	8.85	26	9
1986-02-21	0	3.24	26.5	9
1986-02-22	0	4.28	23	10
1986-02-23	0	6.3	18.5	6
1986-02-24	0	3.44	21	6
1986-02-25	0	5.47	20	2
1986-02-26	0	7.27	22.5	3
1986-02-27	0	7	23.5	7
1986-02-28	0	2.17	14.5	6.5
1986-03-01	0	5.08	19.5	2.5
1986-03-02	0	7.55	24	3.5
1986-03-03	0	4.55	26.5	7.5
1986-03-04	0	2.16	24	8
1986-03-05	0	7.26	26.5	6.5
1986-03-06	0	6.96	20	6
1986-03-07	0	5.65	22	7
1986-03-08	0	4.79	24	8
1986-03-09	0	5.07	26.5	7.5
1986-03-10	0	5.39	28	8
1986-03-11	0	7.23	29	11
1986-03-12	0	7.83	27	10
1986-03-13	0	8.01	26	9.5
1986-03-14	0	7.83	26	8.5
1986-03-15	0	6.51	25.5	7.5
1986-03-16	0	7.2	26	7
1986-03-17	0	6.4	23.5	8.5
1986-03-18	0	8.74	29	11
1986-03-19	0	9.01	28.5	9
1986-03-20	0	3.21	16	4.5
1986-03-21	0	3.28	18	0
1986-03-22	0	6.15	13	0
1986-03-23	0	3.59	15	2.5
1986-03-24	0	5.76	15.5	2.5
1986-03-25	0	4.29	19	4
1986-03-26	0	5.71	21	2.5
1986-03-27	0	3.7	18.5	3
1986-03-28	0	4.87	17.5	6
1986-03-29	0	5.3	22.5	6
1986-03-30	0	7.63	24	5.5
1986-03-31	0	7.42	25.5	8.5
1986-04-01	0	6.88	22	10
1986-04-02	0	8.63	29	10
1986-04-03	0	9.07	31	13.5
1986-04-04	0	6	31	12.5
1986-04-05	0	5.82	31	10
1986-04-06	0	7.31	27	9
1986-04-07	0	8.69	27.5	10
1986-04-08	0	5.49	27.5	9
1986-04-09	0	5.09	26	10
1986-04-10	0	5.61	25.5	9
1986-04-11	0	7.92	29.5	10
1986-04-12	0	7.74	31.5	13.5
1986-04-13	0	8.15	29	11.5
1986-04-14	0	7	30	13
1986-04-15	0.01	6.36	25.5	13.5
1986-04-16	0	4.46	24	10
1986-04-17	0	7.54	28.5	12.5
1986-04-18	20	8.33	28	14
1986-04-19	4	6.86	26	11
1986-04-20	0	6.35	26	11
1986-04-21	0	4.1	24	11
1986-04-22	0	4.19	23.5	10
1986-04-23	0.01	5.5	24	10.5
1986-04-24	0.01	2.95	22	10
1986-04-25	0.01	2.38	23	8
1986-04-26	0.01	4.44	24.5	8
1986-04-27	0	6.02	23.5	11.5
1986-04-28	19.5	5.09	26.5	11.5
1986-04-29	0.01	4.56	21.5	12.5
1986-04-30	19.5	7.94	25	10
1986-05-01	0.5	6.28	24	11
1986-05-02	0	3.96	21	10.5
1986-05-03	0	4.26	20	9
1986-05-04	0	6.12	24	10
1986-05-05	0	6.81	25.5	10
1986-05-06	0	7.36	28	12.5
1986-05-07	7	7.61	28	13
1986-05-08	8	7.6	27	13
1986-05-09	0	5.62	27	13
1986-05-10	0	9.52	28.5	12
1986-05-11	0	5.41	28	14.5
1986-05-12	0	7.37	29	13
1986-05-13	0	9.7	29	15
1986-05-14	0.01	7	29	13
1986-05-15	0	10.32	30	14
1986-05-16	0	10.68	30.5	14.5
1986-05-17	0	6.4	29	15.5
1986-05-18	0	6.1	22.5	14.5
1986-05-19	0	3.14	20.5	11
1986-05-20	0	5.18	21.5	10.5
1986-05-21	0	6.82	23.5	10.5
1986-05-22	0	6.8	26.5	12.5
1986-05-23	0	6.04	26	14
1986-05-24	0	5.06	26	12
1986-05-25	15	6.24	23.5	12
1986-05-26	2.5	3.07	27.5	12.5
1986-05-27	0	3.65	22	12.5
1986-05-28	0	5.08	21	10.5
1986-05-29	0	4.78	21.5	11
1986-05-30	0	4.47	23.5	13
1986-05-31	0	4.57	23.5	13.5
1986-06-01	0	5.44	27	11
1986-06-02	0	4.27	24	13.5
1986-06-03	10.4	4.85	20	14
1986-06-04	26	4.52	22	13.5
1986-06-05	8	3.54	23.5	12.5
1986-06-06	3	4.74	24.5	13
1986-06-07	0	4.56	25.5	12.5
1986-06-08	20	8.61	26.5	13
1986-06-09	1.5	4.24	25	13.5
1986-06-10	11.5	3.25	22	13.5
1986-06-11	0.7	2.61	19	12
1986-06-12	6.5	4.21	22	12.5
1986-06-13	2.9	4.44	21	13
1986-06-14	6	4.7	22.5	12.5
1986-06-15	54	3.72	22.5	14
1986-06-16	0	4.59	22	11.5
1986-06-17	0	4.6	22.5	13
1986-06-18	0	7.44	22	12.5
1986-06-19	4.8	5.72	22.5	12.5
1986-06-20	15	7.55	22	14
1986-06-21	17.4	5.53	21	13
1986-06-22	1	4.82	22	13.5
1986-06-23	0	2.72	20	13.5
1986-06-24	1.9	1.67	21	13.5
1986-06-25	0	5.25	21	12.5
1986-06-26	1.5	4.5	21	11.5
1986-06-27	1.5	2.49	20	12.5
1986-06-28	0	4.91	21	11
1986-06-29	0	6.62	23	10.5
1986-06-30	2	3.15	23.5	10
1986-07-01	0	4.75	23	12.5
1986-07-02	0	4.24	22	12
1986-07-03	0	5.63	23	11
1986-07-04	0	4.93	23.5	10.5
1986-07-05	0	5	23	10.5
1986-07-06	0	5	22.5	11
1986-07-07	0	3	17.5	12.5
1986-07-08	0	4.26	20.5	10.5
1986-07-09	3	2.05	21	11
1986-07-10	5	2.27	22.5	12.5
1986-07-11	1.5	3.38	22.5	12.5
1986-07-12	30	3.73	22	12
1986-07-13	1.5	3.72	19.5	13
1986-07-14	0	2.78	18	10.5
1986-07-15	0	4.16	19	8.5
1986-07-16	2	5.28	21	9
1986-07-17	0	4.81	21	7.5
1986-07-18	0	6.75	21	10.5
1986-07-19	1	5.55	20.5	12
1986-07-20	0	3.47	22	8
1986-07-21	0	4.93	23	10
1986-07-22	0	6.98	23	10.5
1986-07-23	0.6	5.42	23	11
1986-07-24	0.8	4.42	21.5	11.5
1986-07-25	0	5.74	22.5	10
1986-07-26	0	5.09	24	9.5
1986-07-27	1	4.19	24.5	9
1986-07-28	0.9	5.06	24.5	10
1986-07-29	0	5.37	25	11.5
1986-07-30	13.5	7.33	26	11
1986-07-31	0	5.67	23	12
1986-08-01	0	6.25	25	13
1986-08-02	0	4.9	24.5	10
1986-08-03	0	7.91	22.5	10
1986-08-04	0	6.48	22	10.5
1986-08-05	0	5.14	25	12
1986-08-06	0	5.73	24.5	11.5
1986-08-07	0	6	24.5	12.5
1986-08-08	0	4.76	24	12
1986-08-09	2	4.88	23	10.5
1986-08-10	5.5	2.93	23.5	10
1986-08-11	0.4	7.52	22.5	12
1986-08-12	0.6	2.75	23	11.5
1986-08-13	0	6.25	23	9
1986-08-14	0	4.25	21.5	10
1986-08-15	5	2.06	21.5	12
1986-08-16	0	5.1	22	12.5
1986-08-17	0	6	25	12
1986-08-18	0	4.94	24	11
1986-08-19	0	6.26	24	9
1986-08-20	0	5.8	25	9
1986-08-21	4	5.8	25.5	9
1986-08-22	0	3.63	20	9
1986-08-23	0	3.69	24	11
1986-08-24	0	5.88	21.5	11.5
1986-08-25	0	6.66	22.5	9.5
1986-08-26	0	4.76	23	11.5
1986-08-27	0	6.81	25	11
1986-08-28	0	5.85	24	10
1986-08-29	0	10	23.5	10
1986-08-30	0	4.25	21	11
1986-08-31	0.01	5.07	23.5	12
1986-09-01	0	7.28	24.5	11.5
1986-09-02	4	2.73	23	12.5
1986-09-03	1.5	1.07	18	13
1986-09-04	0	5.68	21.5	10
1986-09-05	0	3.71	22.5	12.5
1986-09-06	0	6.16	24	12.5
1986-09-07	0	4.55	24	13.5
1986-09-08	1.4	3.4	24	13.5
1986-09-09	0	6.2	22.5	12
1986-09-10	0	3.54	25	13
1986-09-11	0	6.4	25	11
1986-09-12	0	5.06	23	12.5
1986-09-13	0	4	23	11
1986-09-14	0	5.1	21.5	8
1986-09-15	0.01	5	23	8.5
1986-09-16	0	4.7	22.5	11
1986-09-17	0	5.4	22.5	11
1986-09-18	0.01	4.76	19	10
1986-09-19	3	2.24	22	12
1986-09-20	0	5.8	22.5	13
1986-09-21	0	6.2	23.5	12.5
1986-09-22	0	2.75	23.5	12.5
1986-09-23	0	5.65	24.5	8.5
1986-09-24	0	5.4	24.5	9.5
1986-09-25	0	5.4	27	9.5
1986-09-26	0	3.4	24	10.5
1986-09-27	0.01	4.35	24	13.5
1986-09-28	1	3.79	20.5	13
1986-09-29	0	2.55	23	13
1986-09-30	20	5.21	24.5	13.5
1986-10-01	1	4.54	24	13
1986-10-02	0	3.21	23.5	12
1986-10-03	0.01	2.71	23	11
1986-10-04	0	2.34	20	12.5
1986-10-05	1.8	1.58	20	13
1986-10-06	1	2.11	21	13
1986-10-07	0	2.87	19.5	13
1986-10-08	0	2.31	22.5	13
1986-10-09	0.01	2.43	21	12.5
1986-10-10	0	6	23	12.5
1986-10-11	0	5	24	12.5
1986-10-12	0	1.95	25.5	14.5
1986-10-13	0	4.52	22	14
1986-10-14	0	3.62	23	12
1986-10-15	3.5	1.59	17.5	10.5
1986-10-16	0.01	1.76	20.5	8
1986-10-17	0	2.21	21	7.5
1986-10-18	0	3.89	20	6
1986-10-19	0	3.64	18	9.5
1986-10-20	0	4.72	19.5	7.5
1986-10-21	0	2.52	22	11
1986-10-22	0	4.83	25	9.5
1986-10-23	0	3.67	26.5	9
1986-10-24	0	3.51	23	11
1986-10-25	0	3.22	20	11
1986-10-26	0	3.86	21.5	10
1986-10-27	0	2.72	15	10
1986-10-28	0	5.14	18	8
1986-10-29	0	2.79	18	6.5
1986-10-30	0	4.69	16.5	4
1986-10-31	0	2.8	20	2.5
1986-11-01	0	4	21.5	5.5
1986-11-02	0	2.79	18	8
1986-11-03	0	2.04	22	10
1986-11-04	0.01	2.93	24	10
1986-11-05	2	2.9	19	12
1986-11-06	0	3.94	22	10.5
1986-11-07	0	3	24	10.5
1986-11-08	0	5.04	24.5	10
1986-11-09	0.01	2.12	20	7
1986-11-10	0	2.34	21	5.5
1986-11-11	2.5	2.67	19.5	8
1986-11-12	0	4.23	16	11
1986-11-13	3	4.27	18.5	10.5
1986-11-14	1.2	3.83	18	6.5
1986-11-15	0	2.87	20	8
1986-11-16	0.01	3.6	24.5	10
1986-11-17	0	6.7	25	8.5
1986-11-18	0	4.2	26.5	10
1986-11-19	0	6.63	27	6.5
1986-11-20	0	3.81	26	10
1986-11-21	0	5.12	23	6.5
1986-11-22	0	4.04	24.5	8
1986-11-23	0	4.82	25.5	10.5
1986-11-24	0.01	3.23	25	10.5
1986-11-25	0.01	1.29	23.5	9
1986-11-26	1.5	1.56	20	11.5
1986-11-27	0.4	2.75	16	10.5
1986-11-28	0	2.37	14	7
1986-11-29	0	3.45	17	3
1986-11-30	0	2.63	23	2.5
1986-12-01	0	1.2	20	10
1986-12-02	0	5.9	22	9
1986-12-03	0	2.18	20	7
1986-12-04	0	5.3	22	6
1986-12-05	0	4.5	25	6
1986-12-06	0	4.8	25	7
1986-12-07	0	3.25	21.5	7
1986-12-08	0	5.1	22	7
1986-12-09	0	4.8	20	6
1986-12-10	0	4.1	21	8
1986-12-11	0	3.85	24	9
1986-12-12	0	3.54	20.5	8.5
1986-12-13	0	3.65	21	10
1986-12-14	0	6	25.5	10.5
1986-12-15	0	3.3	20	10
1986-12-16	0	3.7	22	9
1986-12-17	0	2.6	19	9
1986-12-18	0	1.9	19	7
1986-12-19	0	5.02	25	9
1986-12-20	0	2.85	22	10.5
1986-12-21	0	3.45	22	9
1986-12-22	0	3.45	22.5	8
1986-12-23	0	5.2	25.5	9
1986-12-24	0	2.7	26	11
1986-12-25	0	4.5	27	10.5
1986-12-26	0	3.2	22	10.5
1986-12-27	0	1.8	22	10
1986-12-28	0	3.22	17.5	6
1986-12-29	0	2.8	11.5	5
1986-12-30	0	3.28	19.5	6
1986-12-31	0	2.95	23	5
1987-01-01	0	3.02	18	2
1987-01-02	0	3.03	17	4
1987-01-03	0	3.69	20	4.5
1987-01-04	0	3.06	17	4
1987-01-05	0	5.79	21	2
1987-01-06	0	5.05	24.5	4.5
1987-01-07	0	4.33	25	7
1987-01-08	0	3.95	23.5	6
1987-01-09	0	4.12	26	8.5
1987-01-10	0	2.98	20	8.5
1987-01-11	0	3.8	10	4
1987-01-12	0	1.52	15	3
1987-01-13	0	4.78	23	2
1987-01-14	0	4	24.5	6
1987-01-15	0	4.7	25	8.5
1987-01-16	0	4.3	25	7
1987-01-17	0	7.4	26.5	9.5
1987-01-18	0	7.35	28	9
1987-01-19	0	7.35	25	6
1987-01-20	0	4.2	26	6
1987-01-21	0	5.8	20	10
1987-01-22	2	3.88	15	5.5
1987-01-23	0	2.02	20	1
1987-01-24	0	6.15	23	-1.5
1987-01-25	0	3.25	20.5	-0.5
1987-01-26	0	4.2	18	1.5
1987-01-27	0	4.96	18	0
1987-01-28	0	5.58	23.5	1
1987-01-29	0	5.26	25	4
1987-01-30	0	4.53	22.5	5.5
1987-01-31	0	5.27	24	4.5
1987-02-01	0	2.9	20	4.5
1987-02-02	0	1.12	17	7
1987-02-03	0.5	2.93	18	8.5
1987-02-04	0	6.2	23	5
1987-02-05	0	4.35	24	5.5
1987-02-06	0.01	3.48	14.5	7
1987-02-07	0	3.05	11	3
1987-02-08	0	3.79	17	0
1987-02-09	0	4.48	16.5	0
1987-02-10	0	4.4	19	1
1987-02-11	0	5.3	20	0
1987-02-12	0	4.79	22	2
1987-02-13	0	4.5	22	5.5
1987-02-14	0	6.21	25	7
1987-02-15	0	8.95	21	11
1987-02-16	0	6.11	22	9
1987-02-17	0	5.04	25	9
1987-02-18	0	8.3	20	8
1987-02-19	0	9.83	27.5	5
1987-02-20	0	5.05	21	9
1987-02-21	0	4.22	23	6
1987-02-22	0	5.65	24	8.5
1987-02-23	0	5.95	27	9
1987-02-24	0	4.78	26	4.5
1987-02-25	0	6.02	27.5	7.5
1987-02-26	0	3.07	25	9
1987-02-27	0	10.11	26.5	9.5
1987-02-28	0	5.01	22	9.5
1987-03-01	0	5.04	18	4
1987-03-02	0.01	3.76	25	3.5
1987-03-03	0	3.81	20	7
1987-03-04	1	2.1	7.5	3
1987-03-05	0	1.48	10	1
1987-03-06	0	2.32	12	0
1987-03-07	0	3.25	21	0
1987-03-08	0	3.42	21.5	3
1987-03-09	0	4.13	24.5	7
1987-03-10	0	4.6	21	7
1987-03-11	0	5.25	21	7.5
1987-03-12	0	4.49	20.5	6
1987-03-13	0	5.66	17	6
1987-03-14	0	4.62	24.5	5
1987-03-15	0	4.8	26	7.5
1987-03-16	0	4.78	28	11
1987-03-17	0	7.4	29	11
1987-03-18	0	4.15	28	11
1987-03-19	0	7.5	28	10
1987-03-20	0	5.15	21	11
1987-03-21	0	7.87	30	14
1987-03-22	0	1.25	30	14
1987-03-23	0	4.54	28	15
1987-03-24	0	9.8	30	12
1987-03-25	0	10.38	31	12
1987-03-26	0	10.82	31	15
1987-03-27	0	6.6	22	15
1987-03-28	0	5.12	22	15
1987-03-29	0	7.29	24	12
1987-03-30	0	4.73	24	11
1987-03-31	0	7.25	23	8
1987-04-01	0	8.61	24	6
1987-04-02	0.01	9.3	27.5	6.5
1987-04-03	0	5.14	19	8
1987-04-04	0	9.41	24	4
1987-04-05	0	7.25	27.5	6.5
1987-04-06	0	7	26.5	8
1987-04-07	0	6.24	20	8
1987-04-08	0	4.76	20	8
1987-04-09	0	6.58	26	4
1987-04-10	0	7.87	21	6
1987-04-11	0	4.7	26	7
1987-04-12	0	5.12	26	10
1987-04-13	0	4.81	26.5	11
1987-04-14	0	4.4	19	11.5
1987-04-15	0	4.39	23.5	8
1987-04-16	0	5.28	28	9
1987-04-17	0	10.93	29	10
1987-04-18	0	10	31	13
1987-04-19	0	9.28	30	14
1987-04-20	0	6.02	24.5	11
1987-04-21	1.2	3.35	22	13
1987-04-22	2	4.24	22.5	9
1987-04-23	0.01	5.61	24	8.5
1987-04-24	0	5.3	22	9
1987-04-25	0	6.57	22	11
1987-04-26	0	8.36	21.5	11
1987-04-27	0	4.34	21	9
1987-04-28	0.01	4.61	20	8
1987-04-29	0	5.52	23	8
1987-04-30	0	7.47	26	10
1987-05-01	0	9	28	10.5
1987-05-02	0	10.15	27	11
1987-05-03	0	9.69	28	14
1987-05-04	0	8.06	28	12
1987-05-05	0	10.48	25.5	13
1987-05-06	0	5.8	23.5	11
1987-05-07	10.7	4.1	22.5	11.5
1987-05-08	0	4.04	21	9
1987-05-09	9.5	7.86	24.5	10.5
1987-05-10	0.3	5.24	25.5	10.5
1987-05-11	3.8	8.94	27.5	11
1987-05-12	3	6.57	26	11
1987-05-13	0	3.66	26.5	11
1987-05-14	0	5.77	26.5	10.5
1987-05-15	1	6.23	25	10
1987-05-16	0	5.33	26	9
1987-05-17	0	7.39	27	8
1987-05-18	0	3.45	21	12
1987-05-19	15	6.78	25.5	11
1987-05-20	0	6.29	26	11.5
1987-05-21	0	5.9	26	11
1987-05-22	0	5.83	25	11
1987-05-23	0	7.41	24	11
1987-05-24	0	6.79	26	10
1987-05-25	0	7.06	26.5	10
1987-05-26	0	6.57	27.5	10
1987-05-27	0	5.65	28	11.5
1987-05-28	1	6.69	30	14
1987-05-29	10.5	8.79	29	12.5
1987-05-30	5	6.83	25.5	12
1987-05-31	2	3.45	23.5	12
1987-06-01	0.01	6.91	23	12.5
1987-06-02	0	6.81	25	12
1987-06-03	6.5	7.58	26	11
1987-06-04	0.01	2.79	19.5	11
1987-06-05	0	2.89	19.5	11
1987-06-06	4.5	1.42	17	12
1987-06-07	1.5	2.62	24	11.5
1987-06-08	0.01	3.59	21	11.5
1987-06-09	0	4.71	24	12.5
1987-06-10	0	6.27	25	13
1987-06-11	24	7.72	25	14.5
1987-06-12	18	5.09	22	14.5
1987-06-13	0	4.8	22	14
1987-06-14	0	4.41	24	15
1987-06-15	16.5	3.86	24	14
1987-06-16	0	3.15	21.5	13
1987-06-17	0	6.65	24	11
1987-06-18	2.5	4.65	24.5	11
1987-06-19	0	5.87	24	12.5
1987-06-20	0	4.14	23.5	12
1987-06-21	0	7.44	27	13
1987-06-22	0	6.58	26	13.5
1987-06-23	0	5.51	27.5	13.5
1987-06-24	21	7.66	25.5	12.5
1987-06-25	1	4.86	23.5	13.5
1987-06-26	0	7.84	24	12.5
1987-06-27	0	4.69	23.5	11
1987-06-28	0	6.89	25	10
1987-06-29	0	4.26	23.5	11
1987-06-30	0	3.36	21	14.5
1987-07-01	0	4.65	25	10
1987-07-02	0	7.73	24.5	13.5
1987-07-03	0	4.62	22.5	12.5
1987-07-04	3.2	4.86	23.5	14
1987-07-05	58	4.34	20	13.5
1987-07-06	8	4	21	13
1987-07-07	9	3.2	24	13.5
1987-07-08	6.5	3.85	23.5	13.5
1987-07-09	2	3.78	21	13.5
1987-07-10	10	2.23	22	11.5
1987-07-11	0	4.86	22	13
1987-07-12	0	6.34	22	10
1987-07-13	1	6.89	20	13.5
1987-07-14	0	2.83	23.5	12.5
1987-07-15	0	3.81	24.5	13.5
1987-07-16	0	4.5	24.5	12
1987-07-17	1	5.46	26	12.5
1987-07-18	0	7.13	22.5	11
1987-07-19	1	4.02	21.5	9
1987-07-20	1.2	5.74	21	11
1987-07-21	1	5.75	19	10
1987-07-22	13	2.69	18	11
1987-07-23	6.5	1.48	16	11.5
1987-07-24	1	2.86	18	9.5
1987-07-25	3	1.9	19.5	10
1987-07-26	1.5	2.88	21.5	11
1987-07-27	1	1.67	19.5	12.5
1987-07-28	5	1.57	20	8
1987-07-29	1	1.31	20	12
1987-07-30	0	1.69	21	13
1987-07-31	0	1.11	20	12.5
1987-08-01	0	5.49	21	12.5
1987-08-02	4	5.04	21	11.5
1987-08-03	0	5.46	23	13
1987-08-04	0	4	23	12.5
1987-08-05	0	4.06	22	12
1987-08-06	0	3.76	20	12.5
1987-08-07	0	4.38	22	12.5
1987-08-08	0	7.61	24	13
1987-08-09	0	5.68	26	10.5
1987-08-10	14.5	3.05	24	10.5
1987-08-11	0.01	6.81	21.5	12
1987-08-12	0	5.36	21	13
1987-08-13	0.3	6.19	25.5	12.5
1987-08-14	0	4.39	26	12
1987-08-15	0	7.21	24.5	11
1987-08-16	0	4.66	25.5	11.5
1987-08-17	0	7.06	24	11.5
1987-08-18	0	6.51	24.5	11
1987-08-19	0	5.54	23	13.5
1987-08-20	0	5.8	23	9
1987-08-21	0.01	5.51	22	13
1987-08-22	0	4.64	22.5	12.5
1987-08-23	0.4	4.85	23.5	13
1987-08-24	0	4.01	23	9
1987-08-25	0	6.6	25	9.5
1987-08-26	0	6.66	25	11
1987-08-27	0	5.84	23.5	11
1987-08-28	0	8.1	23	11.5
1987-08-29	0	4.57	23	12
1987-08-30	0	6.44	24.5	14
1987-08-31	0	7.06	25	11.5
1987-09-01	0	4.11	23	10.5
1987-09-02	2	5.36	20	11
1987-09-03	0	2.37	18.5	12
1987-09-04	0	6.16	24	10
1987-09-05	0	3.61	24	8
1987-09-06	0	7.49	25	12.5
1987-09-07	0	6.72	26	10
1987-09-08	0	6.05	25.5	10
1987-09-09	0	6.57	24.5	9.5
1987-09-10	0	5.62	26	10.5
1987-09-11	0	6.64	26	11
1987-09-12	0	4.63	26	13
1987-09-13	0	5.88	27	12
1987-09-14	0	7.27	25.5	12
1987-09-15	0	5.07	25.5	13.5
1987-09-16	0	6.32	26	11.5
1987-09-17	0	4.48	26	13
1987-09-18	0	4.6	26	13.5
1987-09-19	0	7.87	25.5	11.5
1987-09-20	8.3	4.29	23.5	14
1987-09-21	0	3.44	21	13.5
1987-09-22	13.5	3.45	23	14
1987-09-23	0.2	2.54	23.5	10
1987-09-24	0	4.1	20	10
1987-09-25	0	2.45	23	10.5
1987-09-26	0.01	5.95	25	13
1987-09-27	29	6.15	26	14.5
1987-09-28	0	4.34	24	14.5
1987-09-29	8	4.23	23	15
1987-09-30	0.2	2.07	16	12.5
1987-10-01	0	4.51	18.5	7
1987-10-02	0	5.21	20.5	5
1987-10-03	0	4.01	20.5	6.5
1987-10-04	0	4.85	20	6.5
1987-10-05	0	4.63	21.5	7.5
1987-10-06	0	4.74	19.5	7
1987-10-07	0	5.29	18.5	10
1987-10-08	0	3.85	19	5.5
1987-10-09	0	4.63	21	9
1987-10-10	0	4.77	19	8
1987-10-11	1.5	1.17	15.5	6.5
1987-10-12	1.5	1.64	16	8.5
1987-10-13	0	4.53	19	4
1987-10-14	0	4.23	22	2
1987-10-15	0	4.18	22.5	3
1987-10-16	0	5.23	22	2.5
1987-10-17	0	5.15	19.5	4
1987-10-18	0	4.74	22	4.5
1987-10-19	0	3.97	24.5	8.5
1987-10-20	0	5.43	21.5	8.5
1987-10-21	3.7	4.27	19	10.5
1987-10-22	0	4.21	21	10.5
1987-10-23	0	4.79	23.5	11.5
1987-10-24	0	4.81	23	10.5
1987-10-25	0	4.05	20.5	8.5
1987-10-26	0	5.14	23.5	6
1987-10-27	8.5	3.52	13	9
1987-10-28	0	1.69	20.5	4.5
1987-10-29	0	3.59	18.5	4
1987-10-30	0	3.83	19	4
1987-10-31	0	3.7	19	4
1987-11-01	0	3.6	20.5	2.5
1987-11-02	0	4.11	20.5	5.5
1987-11-03	0	5.26	21	3.5
1987-11-04	0	3.99	22	5
1987-11-05	0	3.94	19	2.5
1987-11-06	0	2.49	19	5
1987-11-07	0	6.26	24	5
1987-11-08	0.01	2.89	25.5	7.5
1987-11-09	0	3.25	19	10.5
1987-11-10	25.5	0.97	12	9
1987-11-11	4	0.67	15	4.5
1987-11-12	0	2.36	19	4.5
1987-11-13	0	3.54	20	8.5
1987-11-14	0	4.21	23	8.5
1987-11-15	0	5.95	23	9.5
1987-11-16	0	4.5	24	10.5
1987-11-17	0	3.6	22	7
1987-11-18	0	2.53	23	8
1987-11-19	0	0.75	13	10
1987-11-20	0	2.79	17	7
1987-11-21	0	2.37	19.5	3
1987-11-22	0	6.01	23	6
1987-11-23	0	3.64	23.5	9.5
1987-11-24	0	5.14	22.5	8
1987-11-25	0	4.01	23	8.5
1987-11-26	0	5.08	24.5	7
1987-11-27	0	3.13	23	10
1987-11-28	0	4.46	20	9
1987-11-29	0	2.77	22.5	7.5
1987-11-30	0	3.71	22.5	10
1987-12-01	0	1.2	19.5	8
1987-12-02	0	5.89	22.5	8
1987-12-03	0	2.17	21.5	4.5
1987-12-04	0	5.28	22	2
1987-12-05	0	4.6	24	1.5
1987-12-06	0	4.68	24	4.5
1987-12-07	0	3.24	21.5	6.5
1987-12-08	0	5.08	23	7
1987-12-09	0	4.79	21	5
1987-12-10	0	4	21.5	6.5
1987-12-11	0	3.83	23.5	8.5
1987-12-12	0	3.53	20.5	8.5
1987-12-13	0	3.64	21	10
1987-12-14	0	6	25.5	10.5
1987-12-15	0	3.29	19	9.5
1987-12-16	0	3.89	20	6.5
1987-12-17	0	2.58	19.2	4.5
1987-12-18	0	1.87	19	6
1987-12-19	0	5.01	24	8.5
1987-12-20	0	2.84	22	10.5
1987-12-21	0	3.44	22	8
1987-12-22	0	3.42	22.5	8
1987-12-23	0	5.19	25.5	9
1987-12-24	0	2.67	26	11
1987-12-25	0	4.51	27	10.5
1987-12-26	0	3.19	22	10.5
1987-12-27	0	1.8	22	10
1987-12-28	0	3.22	17.5	5.5
1987-12-29	0	2.79	11.5	2
1987-12-30	0	3.28	19.5	2.5
1987-12-31	0	2.9	23	3.5
1988-01-01	3	2	20.5	7.5
1988-01-02	7.5	3.21	21.5	9
1988-01-03	0	3.68	20.5	5
1988-01-04	0	2.4	20.5	7.5
1988-01-05	0	3.04	16	5
1988-01-06	0	4.27	22.5	2.5
1988-01-07	0	4.57	23	5
1988-01-08	0	4.04	24.5	6
1988-01-09	0	3.78	22	8
1988-01-10	0	3.28	19	6
1988-01-11	0	3.27	20.5	6.5
1988-01-12	0	4.55	22.5	6
1988-01-13	0	2.89	22.5	6.5
1988-01-14	0	3	19.5	6
1988-01-15	0	2.27	16.5	7.5
1988-01-16	0	4.73	21.5	7.5
1988-01-17	0	4.38	23.5	7.5
1988-01-18	0	7.38	25.5	6.5
1988-01-19	0	4.51	24.5	7
1988-01-20	0	5.62	24	8.5
1988-01-21	0	3.9	16.5	4
1988-01-22	0	3.4	20.5	0
1988-01-23	0	3.3	21.5	2
1988-01-24	0	2.89	12	3.5
1988-01-25	0	2.61	16	1
1988-01-26	0	3.68	12	1
1988-01-27	0	1.55	14	0
1988-01-28	0	3.2	12	0
1988-01-29	0	2.98	16.5	2.5
1988-01-30	0	4.27	22	2
1988-01-31	0	6	25	3.5
1988-02-01	0	5.77	21.5	8
1988-02-02	0	3.61	24	9
1988-02-03	0	5.87	25.5	5
1988-02-04	0	4.37	20.5	5
1988-02-05	0	3.17	24.5	6
1988-02-06	0	2.67	11	2
1988-02-07	0	1.69	19.5	2
1988-02-08	0	4.37	19.5	3
1988-02-09	0	3.71	22	4
1988-02-10	1	2.99	19	7
1988-02-11	0	3.72	18.5	6
1988-02-12	0	4.36	18	4
1988-02-13	13	3.72	21.5	3
1988-02-14	0	3.26	21.5	7
1988-02-15	0	2	17	7.5
1988-02-16	0	4.53	25.5	5
1988-02-17	0	4.08	27.5	7
1988-02-18	0	5.33	29.5	10
1988-02-19	0	6.25	30.5	11
1988-02-20	0	6.15	26.5	9
1988-02-21	0	3.45	14.5	5
1988-02-22	0	6.33	23.5	2
1988-02-23	0	5.21	24.5	4.5
1988-02-24	0	4.89	17.5	4.5
1988-02-25	0	4.67	20.5	6.5
1988-02-26	0	3.52	19.5	7.5
1988-02-27	0	5.21	23	7
1988-02-28	0	4.67	22.5	5.5
1988-02-29	0	4.49	22.5	6.5
1988-03-01	0.01	4.16	23.5	8.5
1988-03-02	0	7	25	10
1988-03-03	0.5	3.5	21	7.5
1988-03-04	37	1	14	9
1988-03-05	0	1.5	15	4.5
1988-03-06	1.2	2.24	18.5	5
1988-03-07	0	2.26	18	8.5
1988-03-08	0	4.12	22	7
1988-03-09	0	3.77	21	8.5
1988-03-10	0	4.19	18	8
1988-03-11	0	6.41	22.5	8
1988-03-12	0	7.2	25.5	8.5
1988-03-13	0	6.66	28.5	8
1988-03-14	0	4.91	18.5	7.5
1988-03-15	0	5.65	24	3.5
1988-03-16	0	4.99	25.5	8
1988-03-17	0	7.78	27.5	8.5
1988-03-18	0	5.39	20	9
1988-03-19	0	4.79	11.5	5
1988-03-20	0	3.55	18.5	3
1988-03-21	0	5.95	23	3
1988-03-22	0	6.92	27.5	7.5
1988-03-23	0	7.31	27	11.5
1988-03-24	0	5.73	26.5	9.5
1988-03-25	0	7.8	27.5	8
1988-03-26	0	4.07	24	10
1988-03-27	0	5.63	22.5	7.5
1988-03-28	0	5.14	27	8.5
1988-03-29	1	6.22	28	10.5
1988-03-30	0	4.72	25	10.5
1988-03-31	0	6.95	26	10
1988-04-01	0	5.96	27.5	9.5
1988-04-02	0	6.24	28	10.5
1988-04-03	0	5.47	25	10.5
1988-04-04	0	6.63	29	11
1988-04-05	3	6.4	27.5	10.5
1988-04-06	1	4.83	22.5	13
1988-04-07	3.5	2.93	20	9
1988-04-08	8.5	1.89	21.5	9
1988-04-09	0.5	3.25	21.5	9
1988-04-10	0.5	3.67	20.5	9
1988-04-11	1	2.59	16	7
1988-04-12	0	3.36	20.5	5.5
1988-04-13	0	6.74	22.5	5.5
1988-04-14	0	4.92	25.5	9.5
1988-04-15	1	5.84	25	11.5
1988-04-16	0	8.28	26.5	13
1988-04-17	0	6.03	27	13.5
1988-04-18	0	8.39	28	12
1988-04-19	0	7.33	27	9.5
1988-04-20	0	7.27	29.5	11
1988-04-21	0	8.74	30	11
1988-04-22	0	7.48	31	13.5
1988-04-23	0	9.78	32	13
1988-04-24	0	7.83	31	12.5
1988-04-25	0	8.55	30.5	14.5
1988-04-26	0	6.19	29.5	12
1988-04-27	0	7.54	28	12.5
1988-04-28	4.5	8.64	31	12
1988-04-29	0	8.67	29	11.5
1988-04-30	0	9.08	28.5	15
1988-05-01	0	8.18	29	13
1988-05-02	0	9.68	29.5	13
1988-05-03	0	8.62	26	13.5
1988-05-04	0	7.48	26	10
1988-05-05	0	5.81	24.5	11.5
1988-05-06	0	8.59	28.5	12
1988-05-07	0	8.19	30.5	13.5
1988-05-08	0	6.93	30.5	15.5
1988-05-09	0	7.9	32	12
1988-05-10	1	7.29	30.5	14
1988-05-11	3	3.01	27	13.5
1988-05-12	0	3.96	23	11.5
1988-05-13	0	5.74	25.5	12
1988-05-14	0	6.33	26	11
1988-05-15	3.5	6.09	27	11
1988-05-16	0	6.19	26.5	9
1988-05-17	0	10.3	28	10
1988-05-18	0	8.44	29	13
1988-05-19	0	9.36	29.5	13
1988-05-20	0	10.49	29	14.5
1988-05-21	0	8.3	31	13.5
1988-05-22	0	5.77	26	14
1988-05-23	0	6.31	27.5	12.5
1988-05-24	0	8.9	29.5	14
1988-05-25	0	6.43	27	12.5
1988-05-26	3	5.85	26	11
1988-05-27	0	5.2	23.5	11.5
1988-05-28	0	7.8	28	9
1988-05-29	0	9.64	30	12.5
1988-05-30	0	9.08	30.5	13
1988-05-31	0	9.03	30	14
1988-06-01	0	3.58	28	12
1988-06-02	0	8.05	29.5	12.5
1988-06-03	0.9	7.74	29.5	15
1988-06-04	1	7.26	24	13.5
1988-06-05	0.2	5.52	25	13
1988-06-06	0	4.92	26	13.5
1988-06-07	0	4.49	27.5	14.5
1988-06-08	1.5	6.75	27.5	14
1988-06-09	0	8.59	27	10.5
1988-06-10	0	7.42	27	11
1988-06-11	0	6.54	24	11
1988-06-12	0	6.91	23	9.5
1988-06-13	0.01	6.22	25	10
1988-06-14	1	4.4	23	12.5
1988-06-15	6.5	3.34	21	12.5
1988-06-16	2.7	1.92	19.5	12.5
1988-06-17	1	4.82	22.5	12.5
1988-06-18	6.6	4.4	23	12.5
1988-06-19	1	2.56	21	13
1988-06-20	11	6.21	22	12.5
1988-06-21	3.2	1.76	19	12.5
1988-06-22	6.5	3.06	21	12.5
1988-06-23	0	3.21	20	12
1988-06-24	3.3	6.57	24	11
1988-06-25	0.3	3.65	23.5	13
1988-06-26	2.7	3.54	24.5	14
1988-06-27	0	4.04	23	13.5
1988-06-28	0	6.26	26	12.5
1988-06-29	0	4.95	24.5	13
1988-06-30	14	4.28	21.5	13
1988-07-01	18.5	4.46	23.5	13
1988-07-02	19.4	6.99	24.5	13
1988-07-03	1	2.84	25	13
1988-07-04	1	6.2	22	13
1988-07-05	0.01	2.14	20	13.5
1988-07-06	0	5.72	23.5	14
1988-07-07	0	4.59	23	12.5
1988-07-08	0	6.24	23.5	12.5
1988-07-09	18.4	6.47	25	12.5
1988-07-10	1	9.41	24.5	12
1988-07-11	0	8.91	24.5	12
1988-07-12	0	7.14	25	14
1988-07-13	1	5.65	24	13
1988-07-14	1.7	4.52	23	14
1988-07-15	30	5	21.5	13.5
1988-07-16	0	2.36	22	13
1988-07-17	0	8.54	21.5	10.5
1988-07-18	0	4.44	22	10.5
1988-07-19	0	4.01	23	11
1988-07-20	1.5	6.27	22	13
1988-07-21	2.5	4.39	20	12.5
1988-07-22	0.2	4.84	21	12
1988-07-23	0	4.25	20	12.5
1988-07-24	0	5.88	22.5	10.5
1988-07-25	0	4.78	22.5	12
1988-07-26	3.5	0.74	22	10.5
1988-07-27	7.5	3.64	22	12.5
1988-07-28	0	2.26	20.5	13
1988-07-29	0	4.15	22	13
1988-07-30	0	6.59	22	13
1988-07-31	0	5.7	23.5	11.5
1988-08-01	0.01	4.6	23.5	11
1988-08-02	0	5.81	24.5	12.5
1988-08-03	1	5.48	24	13.5
1988-08-04	0	5.56	24	12
1988-08-05	0	6.17	24	13
1988-08-06	0	6.28	23.5	11
1988-08-07	0	3.55	24	12
1988-08-08	0	4.53	22.5	13
1988-08-09	0	6.77	24.5	12.5
1988-08-10	0	4.85	24	12
1988-08-11	0	6.45	25	13
1988-08-12	9.7	3.28	22	12.5
1988-08-13	2	3.32	19	13.5
1988-08-14	1	3.05	19.5	12.5
1988-08-15	14.2	1.16	17	12.5
1988-08-16	3	1.38	21.5	13
1988-08-17	21	2.93	22	14
1988-08-18	0.2	2.1	22	13.5
1988-08-19	10	4.14	23.5	13.5
1988-08-20	5.1	1.79	23	12.5
1988-08-21	10.5	3.65	24	12.5
1988-08-22	0	4.74	22	13.5
1988-08-23	0	4.76	21	13.5
1988-08-24	0	2.22	21.5	12.5
1988-08-25	0	5.3	23	12
1988-08-26	0	6.03	22	9.5
1988-08-27	0	5.3	23	10.5
1988-08-28	0	3.61	22.5	13.5
1988-08-29	0	2.41	22.5	11
1988-08-30	11	3.56	22.5	11
1988-08-31	0	4.99	22	13
1988-09-01	9	2.93	20	13
1988-09-02	11.6	3	19.5	13
1988-09-03	9.6	3.68	19.5	13
1988-09-04	24.5	3.42	19	13
1988-09-05	3.5	3.14	18.5	11.5
1988-09-06	0	3.01	20	9
1988-09-07	0	4.86	20	7
1988-09-08	0	5.09	23	8
1988-09-09	0	4.89	20	6.5
1988-09-10	0	4.45	20	6
1988-09-11	0	4.02	22	7.5
1988-09-12	0	4.94	21.5	9
1988-09-13	2.1	2.63	20.5	11
1988-09-14	1.8	2.43	19	11.5
1988-09-15	0	2.18	20.5	11
1988-09-16	1.7	1.35	21	11
1988-09-17	6.8	2.87	24	14
1988-09-18	0	4.24	23	13
1988-09-19	0	3.9	24	11
1988-09-20	0	4.55	22	12.5
1988-09-21	0	3.79	22	11
1988-09-22	0	5	24	12.5
1988-09-23	0	4.93	24	11
1988-09-24	0	5.72	23	10.5
1988-09-25	0.5	4.48	22	11.5
1988-09-26	1	4.33	21	11.5
1988-09-27	0	4.35	21.5	11
1988-09-28	0	5.08	22	7.5
1988-09-29	0	6.92	23.5	8
1988-09-30	0	4.81	24	7.5
1988-10-01	1	2.97	23	11
1988-10-02	4.4	4.31	20.5	12
1988-10-03	0	2.66	18.5	8.4
1988-10-04	1	0.43	17.5	7
1988-10-05	1	1.41	14.5	7.5
1988-10-06	0	1.05	15	7.5
1988-10-07	0	0.59	15	6.5
1988-10-08	0.3	2.09	15	5
1988-10-09	0	3.85	20	8.5
1988-10-10	0.2	1.82	17.5	9
1988-10-11	0	3.87	20	7.5
1988-10-12	1.2	1.41	16.5	8
1988-10-13	0	4.41	21	9
1988-10-14	0	4.05	19.5	5
1988-10-15	0	2.97	22	8
1988-10-16	0.5	5.17	20	5
1988-10-17	0	5.08	21.5	9
1988-10-18	0	5.1	22	8
1988-10-19	0	3.91	22	9
1988-10-20	0	5.04	24	8
1988-10-21	0	6.52	23	8
1988-10-22	0	4.05	23	10
1988-10-23	0	3.7	24.5	12
1988-10-24	0	5.42	23	11.5
1988-10-25	0	4.15	24.5	10.5
1988-10-26	0	4.93	26	7
1988-10-27	0	4.58	25.5	8.5
1988-10-28	0	5	24.5	8
1988-10-29	4	3.36	21	9
1988-10-30	0	3.76	20.5	11
1988-10-31	2.5	2.91	22.5	8
1988-11-01	0.01	3.78	21	8
1988-11-02	0	4.97	22	4
1988-11-03	0	4.58	24.5	2
1988-11-04	0	4.2	25.5	4
1988-11-05	0	5.99	25	8
1988-11-06	0	2.84	22.5	7
1988-11-07	0	3.37	25	8
1988-11-08	0	3.12	25	7
1988-11-09	0	4.68	26	5.5
1988-11-10	0	5.21	26	7
1988-11-11	0	3.99	24	6.5
1988-11-12	0	4.84	24.5	9
1988-11-13	0	4.7	23	5.5
1988-11-14	0	4.11	24.5	9
1988-11-15	0	6.3	25	5.5
1988-11-16	0	4.52	25.5	9
1988-11-17	0	3.92	23	8.5
1988-11-18	0	3.67	24.5	8.5
1988-11-19	0	4.88	25	9
1988-11-20	0	2.84	17.5	9.5
1988-11-21	0	3.97	21.5	6
1988-11-22	0	1.79	19	4.5
1988-11-23	0	3.96	21	7
1988-11-24	0	4.44	23	9.5
1988-11-25	0	5.53	25.5	10.5
1988-11-26	0	5.66	25	9
1988-11-27	0	6.67	24.5	10.5
1988-11-28	0	4.2	16.5	6.5
1988-11-29	0	3.03	23	3.5
1988-11-30	0	3.52	20	8
1988-12-01	0	NULO	20	4.5
1988-12-02	0	NULO	20.5	5
1988-12-03	0	NULO	22	5
1988-12-04	0	NULO	22	6
1988-12-05	0	NULO	24	8
1988-12-06	0	NULO	23	5.5
1988-12-07	0	NULO	23	8.5
1988-12-08	0	NULO	24.5	7.5
1988-12-09	0	NULO	23	5
1988-12-10	0	NULO	25	6
1988-12-11	0	NULO	24	8.5
1988-12-12	0	NULO	23	7
1988-12-13	0	NULO	9.5	2.5
1988-12-14	0	NULO	15.5	0.5
1988-12-15	0	NULO	17	-1
1988-12-16	0	NULO	18	0.5
1988-12-17	0	NULO	17	0.5
1988-12-18	0	NULO	19	1
1988-12-19	0	NULO	18	1
1988-12-20	0	NULO	17	2
1988-12-21	0	NULO	18	4
1988-12-22	0	NULO	18.5	4.5
1988-12-23	0	NULO	19	3
1988-12-24	0	NULO	22	2
1988-12-25	0	NULO	21	2
1988-12-26	0	NULO	22.5	1
1988-12-27	0	NULO	23	5
1988-12-28	0	NULO	23.5	4
1988-12-29	0	NULO	21	4.5
1988-12-30	0	NULO	20	5
1988-12-31	0	NULO	20	4.5
1989-01-01	0	4.47	23.6	8
1989-01-02	0	4.12	24.5	6.5
1989-01-03	0	2.27	19	7.5
1989-01-04	0	3.42	19.5	9
1989-01-05	0	4.94	24.5	6
1989-01-06	0	4.74	26	6.5
1989-01-07	0	4.06	25	9
1989-01-08	0	4.93	25.5	9.5
1989-01-09	0	2.76	21	7.5
1989-01-10	0	4.23	22	6
1989-01-11	0	2.99	23	6
1989-01-12	0	4.8	22.5	9
1989-01-13	0	3.6	21.5	6.5
1989-01-14	0	3.08	22	6.5
1989-01-15	0	4.14	23	3
1989-01-16	0	4.11	19	7
1989-01-17	0	4.33	21	6
1989-01-18	0	3.07	22	2
1989-01-19	1.5	4.77	22.5	6
1989-01-20	0.5	1.12	14	7
1989-01-21	0	0.98	15	3.5
1989-01-22	0	3.48	21	2.5
1989-01-23	0	2.28	22	4.5
1989-01-24	0	4.02	21	5
1989-01-25	0	4.26	26.5	8
1989-01-26	0	3.8	23.5	7.5
1989-01-27	0	3.32	21	7.5
1989-01-28	0	3.37	21	8
1989-01-29	0	2.73	20.5	8
1989-01-30	1.8	0.87	14	8.5
1989-01-31	0	3.47	21	6.5
1989-02-01	0	4.58	24.5	7
1989-02-02	0	5.38	26	8.5
1989-02-03	0	4.32	22	9.5
1989-02-04	0	3.86	23.5	10.5
1989-02-05	20	3.74	22.5	8
1989-02-06	0	3.1	21	7.5
1989-02-07	0	2.15	18	6.5
1989-02-08	0	2.75	15.5	6.5
1989-02-09	0	2.22	11.5	4.5
1989-02-10	0.01	1.36	13.5	4.5
1989-02-11	0	2.97	21	5.5
1989-02-12	0	6.52	23	6.5
1989-02-13	0	5.73	24	8.5
1989-02-14	0	5.2	25	8
1989-02-15	0	5.12	23	8
1989-02-16	0	3.45	19.5	7.5
1989-02-17	1	3.82	20	7.5
1989-02-18	0	4.29	19	8
1989-02-19	0	4.79	23.5	5
1989-02-20	0	7.98	25	4.5
1989-02-21	0	6.43	23	8
1989-02-22	0	1.86	13	4.5
1989-02-23	0	1.21	14	2
1989-02-24	0	2.36	19	1
1989-02-25	0	3.69	19.5	0
1989-02-26	0	6.41	22.5	1
1989-02-27	0	8.59	26	5
1989-02-28	0	7.56	27.5	9.5
1989-03-01	0	8.08	27	10
1989-03-02	0	8.07	27.5	11
1989-03-03	0	9.11	28.5	11.5
1989-03-04	0	5.56	25.5	11
1989-03-05	0	8.34	20	6.5
1989-03-06	0	3.94	19	2
1989-03-07	0	0.6	15	-2
1989-03-08	1	2.95	18.5	-1
1989-03-09	0	8.34	17	-2
1989-03-10	0	4.83	18	-2
1989-03-11	0	6.25	21	-1
1989-03-12	0	5.3	24	2
1989-03-13	0	7.28	25	5
1989-03-14	0	8.1	27	8
1989-03-15	0	7.32	26	9
1989-03-16	0	6.16	25	7
1989-03-17	0	7.52	26	7
1989-03-18	0	5.14	25.5	5
1989-03-19	0	5.32	22.5	9
1989-03-20	0	5.53	25	7.5
1989-03-21	0	5.11	25.5	9
1989-03-22	0	5.93	21	7
1989-03-23	0	7.3	23.5	8
1989-03-24	0.5	3.14	24.5	10
1989-03-25	4.5	5.9	22.5	8
1989-03-26	0	5.94	26	10.5
1989-03-27	0	6.64	28	9
1989-03-28	0	10.12	28	12
1989-03-29	0	6.95	26	7.5
1989-03-30	0	7.01	27	11
1989-03-31	0	8.86	23.5	10.5
1989-04-01	0	5.42	25.5	10
1989-04-02	4	4.64	27	10
1989-04-03	0	6.77	26	10
1989-04-04	0	8.6	26.5	9
1989-04-05	0	5.17	20	9.5
1989-04-06	0	1.06	20	5.5
1989-04-07	0	4.37	23.5	6
1989-04-08	0	9.15	26	7.5
1989-04-09	0	8.59	27.5	10
1989-04-10	0	6.66	24.5	9
1989-04-11	0	6.47	23.5	7
1989-04-12	0	5.97	26.5	7
1989-04-13	0	4.52	25	11
1989-04-14	3	2.81	23	9
1989-04-15	3.3	3.59	22.5	8.5
1989-04-16	0	7.07	24	8.5
1989-04-17	0	5.79	26	7.5
1989-04-18	0	5.17	24.5	7
1989-04-19	0	8.31	22.5	6.5
1989-04-20	0	5.42	22.5	5
1989-04-21	0	6.37	22.5	6
1989-04-22	0	8.41	25.5	6
1989-04-23	0	7.88	27	8
1989-04-24	0	7.94	28.5	9.5
1989-04-25	0	6.07	27	11.5
1989-04-26	0	7.59	27.5	10
1989-04-27	0.7	5.22	27	11
1989-04-28	0	8.51	27	12
1989-04-29	0	8.24	28.5	11
1989-04-30	0	7.63	27.5	13.5
1989-05-01	1.1	5.39	25	12
1989-05-02	0	4.59	25	11
1989-05-03	0	6.28	25	11
1989-05-04	0	5.94	24.5	11
1989-05-05	0	6.74	26	10.5
1989-05-06	0	5.06	23	11
1989-05-07	0	5.88	22.5	9.5
1989-05-08	0	8.13	26	8
1989-05-09	0	5.37	27	12
1989-05-10	0	6.5	26	11
1989-05-11	0	5.5	25	11
1989-05-12	0	7.8	27	9
1989-05-13	0	8.52	29.5	12
1989-05-14	0	9.52	30.5	13
1989-05-15	0	7.13	31.5	14
1989-05-16	0	6.4	31	15
1989-05-17	0	8.96	32	14
1989-05-18	0	9.43	31	16
1989-05-19	0	6.61	30	12.5
1989-05-20	0	4.68	30	13.5
1989-05-21	0	7.29	26.5	14
1989-05-22	0	8.78	28	11
1989-05-23	0	7.61	27	10
1989-05-24	0	7.69	28.5	9
1989-05-25	0	7.44	29	9
1989-05-26	4.7	5.49	28	10
1989-05-27	0.5	4.87	23	10
1989-05-28	0	5.64	22	6
1989-05-29	0	7.51	26	10
1989-05-30	0	7.94	27	9.5
1989-05-31	0	5.31	25.5	10
1989-06-01	0	3.52	24.5	14
1989-06-02	0	5.6	26	10.5
1989-06-03	0	8.48	27	10.5
1989-06-04	0	8.1	30	12.5
1989-06-05	0	6.09	30	12.5
1989-06-06	0	7.81	30	13.5
1989-06-07	0	8.2	32	13.5
1989-06-08	0	6.76	32	16
1989-06-09	0	6.58	31	15
1989-06-10	0	7.81	28.5	14
1989-06-11	0	7.25	29	14
1989-06-12	0	7.46	27.5	12
1989-06-13	7.5	9.73	29	14
1989-06-14	22.3	4.36	25	14
1989-06-15	2.5	3.42	19	11
1989-06-16	0	4.15	19	12
1989-06-17	1.5	3.12	22.5	8.5
1989-06-18	0	3.05	19	9
1989-06-19	1	3.02	22	10.5
1989-06-20	0	4.56	22	8.5
1989-06-21	5.8	3.4	18	9
1989-06-22	6	5.77	25.5	11.5
1989-06-23	0	3.18	23	11.5
1989-06-24	13.8	4.38	24	13.5
1989-06-25	4	3.74	24	12.5
1989-06-26	0.7	3.74	25	12
1989-06-27	23	3.47	25	12.5
1989-06-28	14.5	3.55	22	11.5
1989-06-29	2.2	3.52	22	12.5
1989-06-30	2.8	4.31	22	10
1989-07-01	4	2.02	23	12
1989-07-02	1.3	4.54	23	11
1989-07-03	0	5.3	25.5	10.5
1989-07-04	0	4.89	24	11
1989-07-05	0	4.73	22.5	12
1989-07-06	8.8	3.22	22	11.5
1989-07-07	0	4.46	23	12.5
1989-07-08	0	6.72	21	12
1989-07-09	0	4.22	23.5	11
1989-07-10	0	5.46	23.5	11
1989-07-11	0	2.25	21	10.5
1989-07-12	1.5	3.67	18.5	12
1989-07-13	0	2.12	19.5	12
1989-07-14	0	4.6	23.5	11
1989-07-15	0	5.59	26	10
1989-07-16	0	7.06	27	10
1989-07-17	0	7.57	28	10
1989-07-18	0	5.93	27.5	10.5
1989-07-19	0	6.28	24.5	11
1989-07-20	1	4.95	24	11
1989-07-21	0	5.52	24	8.5
1989-07-22	0	6.99	25	10.5
1989-07-23	0	5.08	23	10.5
1989-07-24	0	4.75	23.5	13
1989-07-25	0	4.95	21.5	13
1989-07-26	8.4	3.53	22	13
1989-07-27	3	3.35	20.5	11
1989-07-28	3.2	3.1	19	11
1989-07-29	0	5.21	20	11.5
1989-07-30	48.5	5.54	23.5	12
1989-07-31	14	4.08	23	12.5
1989-08-01	0	6.39	24	12
1989-08-02	0	3.31	22	12
1989-08-03	0	5.82	23	11
1989-08-04	0	5.07	23.5	12
1989-08-05	12	2.98	22	11.5
1989-08-06	29.7	6.75	24	11
1989-08-07	13.5	3.5	22.5	13
1989-08-08	9.5	2.94	20	13
1989-08-09	0.4	4.56	21	12.5
1989-08-10	0.4	5.17	20.5	10.5
1989-08-11	0	5.08	21.5	11
1989-08-12	0	4.82	22	11.5
1989-08-13	0	4.69	22	11
1989-08-14	0	3.59	23	10
1989-08-15	0	3.21	21	12
1989-08-16	0	3.98	21.5	11
1989-08-17	2	3.91	24	11.5
1989-08-18	6	2.47	22	11
1989-08-19	0	5.78	23	12
1989-08-20	0	4.82	23.5	10
1989-08-21	0	3.95	23.5	11.5
1989-08-22	3.8	0.3	23.5	12
1989-08-23	10.8	4.03	22.5	13.5
1989-08-24	5.6	1.9	20.5	13.5
1989-08-25	3.8	2.27	21.5	12.5
1989-08-26	4	1.58	21	13
1989-08-27	0	5.31	21.5	12
1989-08-28	0.7	4.58	21	11.5
1989-08-29	6	2.36	22	12.5
1989-08-30	0	4	22.5	14
1989-08-31	0	5.73	22.5	12.5
1989-09-01	1.4	4.55	23.5	14
1989-09-02	0.6	3.45	21	11
1989-09-03	0.01	3.66	21	12
1989-09-04	9	3.46	21	12.5
1989-09-05	1	2.99	19	12
1989-09-06	0	3.54	21.5	12
1989-09-07	0	4.17	22.5	12.5
1989-09-08	0	3.21	23	11.5
1989-09-09	0	5	24	13
1989-09-10	3.7	4.65	23	14
1989-09-11	0	3.47	22	13
1989-09-12	0	4.74	24	11.5
1989-09-13	0	6.46	24	12
1989-09-14	2	1.57	21.5	12
1989-09-15	7.5	1.62	17	12.5
1989-09-16	5.5	1.42	15	11
1989-09-17	13.5	0.92	20.5	11
1989-09-18	23.5	3.6	21.5	11.5
1989-09-19	6.8	5.43	19	13
1989-09-20	0	2.77	19	10
1989-09-21	28.2	2.54	22	12
1989-09-22	9.2	4.56	20	13.5
1989-09-23	0	2.23	16	9.5
1989-09-24	0	2.47	22	5
1989-09-25	0	4.13	21.5	4
1989-09-26	0.5	3.99	17	4
1989-09-27	3.7	2.36	15	8
1989-09-28	0	1.24	14	5.5
1989-09-29	0	3.34	16.5	7
1989-09-30	0	3.16	19	5
1989-10-01	0	4.74	22	4
1989-10-02	0	5.08	23	6.5
1989-10-03	0	5.71	23	8
1989-10-04	3.6	2.1	24	12
1989-10-05	0	5.55	24	13
1989-10-06	0	3.26	24.5	11
1989-10-07	0	1.41	21	13
1989-10-08	1.4	3.57	21	12.5
1989-10-09	0	1.84	19	12
1989-10-10	0	4.21	19.5	11
1989-10-11	0	2.82	21	7
1989-10-12	0	6.04	19	3
1989-10-13	0	3.33	21	1.5
1989-10-14	0	5.6	21.5	5
1989-10-15	0	4.62	23.5	6.5
1989-10-16	0	4.89	25	10
1989-10-17	0	3.19	22	8
1989-10-18	6.5	1.61	22	8.5
1989-10-19	0.3	1.56	25.5	4
1989-10-20	0	3.72	17.5	2
1989-10-21	0	4.8	23	4
1989-10-22	0	4.78	23	7
1989-10-23	0	3.17	23	3.5
1989-10-24	0	4.53	19	4
1989-10-25	1.3	2.83	19.5	5
1989-10-26	0	3.47	21.5	8.5
1989-10-27	0	4.33	22	6
1989-10-28	0	3.59	21.5	6.5
1989-10-29	0	3.88	22	6.5
1989-10-30	0	4.32	24	9.5
1989-10-31	0	2.68	21.5	11
1989-11-01	0	3.74	24	8.5
1989-11-02	0	2.54	17.5	9
1989-11-03	0	4.92	21.5	9
1989-11-04	0	3.15	23.5	8
1989-11-05	0	3.62	26.5	8.5
1989-11-06	0	5.03	25.5	10
1989-11-07	0	4.07	26.5	10
1989-11-08	0	4.61	27	10.5
1989-11-09	0	4	21	10
1989-11-10	0	2.66	22	11
1989-11-11	0	2.23	21.5	11
1989-11-12	0	4.63	22	7
1989-11-13	0	2.26	24	8.5
1989-11-14	0	5.04	25	9
1989-11-15	2.2	5.9	25	10
1989-11-16	0	1.13	24	8
1989-11-17	0	3.3	24.5	5
1989-11-18	0	4.31	22.5	7.5
1989-11-19	0	2.68	22	10
1989-11-20	0	3.25	22	11
1989-11-21	0	4.12	24	7
1989-11-22	0	5.91	24.5	9
1989-11-23	0	2	16.5	10
1989-11-24	0	2.76	23	7
1989-11-25	0	4.15	22	9.5
1989-11-26	0	2.03	22	9
1989-11-27	0	4.82	23.5	9
1989-11-28	0	3.42	23.5	9
1989-11-29	0.2	6.43	22.5	10
1989-11-30	0	1.99	26	5.5
1989-12-01	2	3.91	19	8
1989-12-02	1.3	1.58	11	8
1989-12-03	0.01	0.69	10	4
1989-12-04	3.7	1.73	14.5	3.5
1989-12-05	0	1.03	19.5	7
1989-12-06	6.3	3.31	23	8.5
1989-12-07	3.2	2.03	17	9
1989-12-08	8.7	1.37	10	8
1989-12-09	0	1.13	15	4
1989-12-10	0	3.15	19.5	4.5
1989-12-11	0	3.27	21	6.5
1989-12-12	0	3.91	23	7.5
1989-12-13	0	3.39	22.5	7
1989-12-14	0	2.69	22.5	6.5
1989-12-15	0	3.05	23	7
1989-12-16	0	4.96	23.5	6
1989-12-17	0	4.58	24.5	9.5
1989-12-18	0	3.78	24.5	7.5
1989-12-19	0	3.59	23.5	10
1989-12-20	0	2.63	23.5	8.5
1989-12-21	0	4.78	23	9
1989-12-22	0	2.07	18	7.5
1989-12-23	0	2.4	10	3.5
1989-12-24	0	1.94	18	0
1989-12-25	0	2.65	17	1
1989-12-26	0	3.18	18.5	-2
1989-12-27	0	3.13	23	-1
1989-12-28	0	4.87	23.5	3
1989-12-29	0	4.62	24.5	6.5
1989-12-30	0	4.74	25.5	8
1989-12-31	0	3.72	26	7
1990-01-01	0	4	14.5	7.5
1990-01-02	0	2.92	22	6.5
1990-01-03	0	4.16	22	7
1990-01-04	0	5.19	23.5	8
1990-01-05	0	4.01	25	5.5
1990-01-06	0	4.39	23	8
1990-01-07	0	3.73	19.5	7.5
1990-01-08	0	2.62	22	3
1990-01-09	0	3.98	20.5	5
1990-01-10	0	2.76	17	5
1990-01-11	0.4	3.02	19.5	6.5
1990-01-12	0	2.1	13	8.5
1990-01-13	1	2.62	16.5	6.5
1990-01-14	0	2.62	18.5	5.5
1990-01-15	0	3.49	21	5
1990-01-16	0	4.51	22.5	5
1990-01-17	0	1.38	24	7
1990-01-18	0	4.58	23.5	7
1990-01-19	0	4.58	24.5	9
1990-01-20	0	4.36	24.5	9
1990-01-21	0	4.34	21	9
1990-01-22	0	4.17	20.5	8.5
1990-01-23	0	5.47	24.5	6
1990-01-24	0	2.09	24	7.5
1990-01-25	1.2	1.2	13	7
1990-01-26	0	1.46	20	2.5
1990-01-27	0	1.75	23	5.5
1990-01-28	0	5.14	24	8
1990-01-29	0	2.64	19	7.5
1990-01-30	0	4.07	24	7.5
1990-01-31	0	3.91	22	9
1990-02-01	0	4.62	22.5	9.5
1990-02-02	0	6.02	28	8.5
1990-02-03	1	1.8	24	9
1990-02-04	0.01	4.38	12	5.5
1990-02-05	8.3	2.56	24.5	2.5
1990-02-06	0	1.93	19.5	5.5
1990-02-07	0	4.04	22	8
1990-02-08	0	1.2	21.5	8
1990-02-09	0	5.99	24	9
1990-02-10	0	5.97	22.5	9
1990-02-11	0	2.87	20	5
1990-02-12	0	4.03	21.5	4
1990-02-13	0	6.13	24	5
1990-02-14	0	5.48	25	8
1990-02-15	0	7.79	25.5	10
1990-02-16	0	4.1	26	8.5
1990-02-17	22	3.96	20.5	9
1990-02-18	2.1	2.52	19	7
1990-02-19	1.5	2.9	20	7
1990-02-20	4.4	2.03	15	8.5
1990-02-21	0	5.42	20.5	7
1990-02-22	0.5	5.3	22.5	8
1990-02-23	0	3.5	12	4
1990-02-24	0	3.89	15.5	1.5
1990-02-25	0	4.09	16	1
1990-02-26	0	4.02	18.5	2
1990-02-27	0	2.5	21	4.5
1990-02-28	0	1.88	22	6.5
1990-03-01	0	2.14	20.5	8
1990-03-02	0	1.8	23.5	7
1990-03-03	0	2.6	22	6
1990-03-04	0	3.2	24	4
1990-03-05	0	3.14	26	7.5
1990-03-06	0	2.8	26.5	11
1990-03-07	0	1.4	26	10
1990-03-08	0	2.1	26	11
1990-03-09	0	2.6	22	10
1990-03-10	0	3.4	23	9
1990-03-11	0	3.1	24.5	9
1990-03-12	0	2.8	25.5	9.5
1990-03-13	0	4.1	27	9.5
1990-03-14	0	4	29	11.5
1990-03-15	0	3.2	28	12
1990-03-16	0	1	28	11
1990-03-17	0	1.6	16.5	7
1990-03-18	0	1.66	24.5	6
1990-03-19	0	2.15	22.5	5
1990-03-20	1	2.25	13	7.5
1990-03-21	0	2	20	3
1990-03-22	0.01	1.75	25	2.5
1990-03-23	0	1.4	25	3
1990-03-24	0	2.2	23.5	3.5
1990-03-25	0	3	21	8
1990-03-26	0	3.6	21	9.5
1990-03-27	0	4.2	21.5	9.5
1990-03-28	0	4.35	26.5	10
1990-03-29	0	4	27.5	10.5
1990-03-30	0	3.45	26.5	11
1990-03-31	0	3.2	26.5	9.5
1990-04-01	1	6.39	28	11
1990-04-02	0	6.89	27	10
1990-04-03	0	4.19	24	10.5
1990-04-04	0	6.31	28	12
1990-04-05	0	8.45	29	10.5
1990-04-06	2.5	2.7	29	14
1990-04-07	0	9.72	23	10
1990-04-08	0	6.72	27	7.5
1990-04-09	0	7.45	28	9.5
1990-04-10	0	8.28	28.5	12
1990-04-11	11	2.36	16	12.5
1990-04-12	0	4.88	22.5	9.5
1990-04-13	2.5	5.94	27	8.5
1990-04-14	0	6.39	26.5	8.5
1990-04-15	0	7.87	26	8.5
1990-04-16	0	6.63	25	10
1990-04-17	0	5.35	26.5	10
1990-04-18	0	7.8	28.5	9
1990-04-19	0	8.1	24	10
1990-04-20	0	4.25	24	10
1990-04-21	0	6.37	23.5	10.5
1990-04-22	0	4.6	23	10
1990-04-23	0	4.68	24.5	8.5
1990-04-24	0	5.15	26	11.5
1990-04-25	0	5.33	24.5	13
1990-04-26	0	4.56	26.5	11
1990-04-27	0	3.44	26	11.5
1990-04-28	0	4	28.5	12
1990-04-29	0	4.17	28.5	14
1990-04-30	0	2.14	30.5	14
1990-05-01	0	NULO	30	13.5
1990-05-02	0	NULO	31	13.5
1990-05-03	0	NULO	30	15.5
1990-05-04	3	NULO	25.5	16
1990-05-05	0.5	NULO	22	13.5
1990-05-06	0.5	NULO	15	10.5
1990-05-07	3	NULO	18	9
1990-05-08	0.01	NULO	22	10.5
1990-05-09	0	NULO	27	12
1990-05-10	0	NULO	27	10
1990-05-11	0	NULO	29	12
1990-05-12	1.6	NULO	27.5	14
1990-05-13	0	NULO	26.5	13
1990-05-14	0	NULO	28	13
1990-05-15	0	NULO	27	11
1990-05-16	0	NULO	29.5	9
1990-05-17	0	NULO	27	9.5
1990-05-18	0	NULO	26	13
1990-05-19	0.3	NULO	29.5	12
1990-05-20	16.5	NULO	30	13
1990-05-21	3.2	NULO	26.5	12
1990-05-22	0	NULO	20	11
1990-05-23	0	NULO	22	9
1990-05-24	0	NULO	25	8.5
1990-05-25	0	NULO	29	10
1990-05-26	0	NULO	28.5	11
1990-05-27	0	NULO	31.5	12
1990-05-28	0	NULO	34	14.5
1990-05-29	0	NULO	33.5	14.5
1990-05-30	0	NULO	32	14.5
1990-05-31	0	NULO	30.5	12
1990-06-01	0	NULO	26.5	13
1990-06-02	0	NULO	28	11
1990-06-03	0	NULO	25	12
1990-06-04	0	NULO	25.5	11
1990-06-05	0	NULO	28	11
1990-06-06	0	NULO	26.5	11
1990-06-07	0	NULO	26	11.5
1990-06-08	0	NULO	26.5	11
1990-06-09	0	NULO	25	11
1990-06-10	0	NULO	25	10.5
1990-06-11	0	NULO	22.5	12
1990-06-12	0	NULO	27	11.5
1990-06-13	0	NULO	22	12
1990-06-14	0	NULO	25	11
1990-06-15	0	NULO	25	13
1990-06-16	0	NULO	25	11
1990-06-17	0	NULO	26.5	11
1990-06-18	0	NULO	25	12.5
1990-06-19	0	NULO	25	11
1990-06-20	47.8	NULO	26	12
1990-06-21	33	NULO	23	12
1990-06-22	7.5	NULO	23	13
1990-06-23	1	NULO	22	11.5
1990-06-24	2	NULO	20.5	13
1990-06-25	1.5	NULO	18.5	12.5
1990-06-26	0	NULO	22.5	11.5
1990-06-27	0	NULO	22	12
1990-06-28	0	NULO	23.5	11
1990-06-29	7.2	NULO	21	11
1990-06-30	3	NULO	20	12
1990-07-01	9.5	NULO	20	12.5
1990-07-02	10.5	NULO	18.5	12
1990-07-03	0	NULO	28.5	14
1990-07-04	9	NULO	23	14
1990-07-05	1.2	NULO	23	13.5
1990-07-06	0.01	NULO	20.5	12
1990-07-07	4.4	NULO	21.5	12
1990-07-08	6.8	NULO	18	12.5
1990-07-09	0.01	NULO	20.5	12.5
1990-07-10	2.2	NULO	19.5	9
1990-07-11	3.2	NULO	20	11
1990-07-12	0	NULO	21	11
1990-07-13	0	NULO	18.5	12.5
1990-07-14	12	NULO	22.5	11
1990-07-15	48	NULO	22.5	12
1990-07-16	3.4	NULO	21.5	12.5
1990-07-17	0.01	NULO	22.5	12.5
1990-07-18	0.01	5.47	21.5	12
1990-07-19	0	4.8	22	10
1990-07-20	0	9.93	22	9
1990-07-21	0	4.98	22	12
1990-07-22	0	2.86	22	12
1990-07-23	12.5	11.2	22	12.5
1990-07-24	0	3.5	20.5	9.5
1990-07-25	0	5.16	22	10.5
1990-07-26	0	5.96	22.5	11
1990-07-27	0	5.42	23	11
1990-07-28	0	5.76	22.5	10.5
1990-07-29	27.5	5.41	23.5	11.5
1990-07-30	0.01	4.43	22	12.5
1990-07-31	0.01	3.33	21.5	12
1990-08-01	0.01	3.58	23.5	13
1990-08-02	5	3.48	22.5	13.5
1990-08-03	0	5.61	22	12
1990-08-04	0	5.02	23	13
1990-08-05	0	4.62	22	13
1990-08-06	31	3.99	17	11
1990-08-07	94	3.7	15	11
1990-08-08	0.01	3.1	18	11
1990-08-09	7.3	2.9	21	11
1990-08-10	0.01	2.54	21	11.5
1990-08-11	0	3.16	21	12.5
1990-08-12	8	3.36	21	13.5
1990-08-13	2	4.45	21.5	12
1990-08-14	0.01	2.55	23	11.5
1990-08-15	0	6.92	22	12
1990-08-16	0	3.71	21	11
1990-08-17	5	4.83	20	11
1990-08-18	0	4.28	21.5	12
1990-08-19	0	6.39	22	12
1990-08-20	3.2	6.07	22	8.5
1990-08-21	0	5.3	22	10.5
1990-08-22	0	5.84	22	9.5
1990-08-23	2	4.62	23	12
1990-08-24	12.7	4.2	22	13
1990-08-25	0	3.49	23	12
1990-08-26	0	5.89	22.5	11
1990-08-27	0	3.26	22.5	10
1990-08-28	0	5.59	23.5	9
1990-08-29	0	2.08	24	11
1990-08-30	1	4.59	23.5	12.5
1990-08-31	0	4.07	24	13
1990-09-01	0	5.13	23	10.5
1990-09-02	7.5	2.58	21.5	11.5
1990-09-03	0.01	3.74	20.5	13
1990-09-04	3.2	2.74	18.5	12.5
1990-09-05	4.4	0.74	18	12
1990-09-06	0	2.73	19	11.5
1990-09-07	3	4.02	21	11.5
1990-09-08	0.01	2.94	21.5	12
1990-09-09	0.01	3.75	20.5	12.5
1990-09-10	3.3	2.79	22.5	12
1990-09-11	3.2	2.9	21.5	12.5
1990-09-12	14	2.77	19	12
1990-09-13	19	3.22	22	12
1990-09-14	0.01	9.26	22.5	12.5
1990-09-15	0	3.5	21.5	13
1990-09-16	0.01	3.44	22.5	12.5
1990-09-17	0.01	3.57	22	11.5
1990-09-18	6.6	1.14	20	13
1990-09-19	0.01	2.4	23	14
1990-09-20	11	5.92	22.5	11
1990-09-21	0	3.09	23.5	13.5
1990-09-22	0	1.89	22	12
1990-09-23	6.8	6.09	19	13
1990-09-24	5	1.02	19	12.5
1990-09-25	0	3.17	21.5	12
1990-09-26	0	3.22	21	11.5
1990-09-27	0	3.43	22.5	11.5
1990-09-28	0	4.46	22.5	12
1990-09-29	0	4.56	22	11.5
1990-09-30	0	3.36	22	9
1990-10-01	0	3.27	22.5	9.5
1990-10-02	0	4.79	24	8.5
1990-10-03	0	2.83	25	13
1990-10-04	2	5.12	23	11
1990-10-05	5.4	3.48	19	12.5
1990-10-06	0	2.42	19.5	11
1990-10-07	0	4.88	23	8.5
1990-10-08	0.01	2.74	24	11
1990-10-09	1.6	4.6	24.5	10.5
1990-10-10	0.3	2.94	19.5	9
1990-10-11	0.01	4.26	23	8
1990-10-12	20	1.29	22.5	12.5
1990-10-13	0	3.27	20	12.5
1990-10-14	0	3.92	24.5	12
1990-10-15	0	3.94	23.5	9.5
1990-10-16	7.2	1.76	21.5	11.5
1990-10-17	1.9	3.05	22	11
1990-10-18	2.6	4.3	19.5	12.5
1990-10-19	0.01	1.64	16.5	11
1990-10-20	0	2.26	23	9.5
1990-10-21	17	2.35	22.5	10
1990-10-22	0.01	3.4	18	10
1990-10-23	0	2.79	22.5	10.5
1990-10-24	1.5	1.43	16.5	8.5
1990-10-25	0.01	0.45	10.5	9
1990-10-26	0	3.21	18.5	7
1990-10-27	0	1.52	14.5	7.5
1990-10-28	0	1.17	14.5	7.5
1990-10-29	0	2.66	15	8
1990-10-30	0	2.85	17	7.5
1990-10-31	0	4.32	19	6
1990-11-01	0	2.02	19.5	7
1990-11-02	0	2.99	21	8
1990-11-03	0	4.95	23.5	10
1990-11-04	0	3.42	23.5	9
1990-11-05	0	4.5	21	10
1990-11-06	0	3.44	23	8
1990-11-07	0	2.41	22.5	10.5
1990-11-08	0	4.15	26	10
1990-11-09	0	4.19	19.5	10.5
1990-11-10	0	2.77	20	6.5
1990-11-11	0	4.84	16	2
1990-11-12	0	2.86	16.5	0.2
1990-11-13	0	2.24	17	5
1990-11-14	0	5.45	18	7.5
1990-11-15	0.01	2.14	20	6.5
1990-11-16	1.5	0.49	16	9
1990-11-17	2	3.32	16	9.5
1990-11-18	0.01	3.4	20	9
1990-11-19	0	2.51	22	6
1990-11-20	0	5.55	23	7
1990-11-21	0	1.1	23.5	9
1990-11-22	0	4.24	23.5	10
1990-11-23	0	2.79	20.5	9
1990-11-24	0	4.69	24	11
1990-11-25	0	4.75	25	9.5
1990-11-26	0	5.47	25	8.5
1990-11-27	0	2.54	25	11.5
1990-11-28	7	3.78	22	10
1990-11-29	6	5.68	11	8.5
1990-11-30	0	1	11.5	4.5
1990-12-01	0.5	3.32	21.5	5
1990-12-02	0	3.68	22	6
1990-12-03	0	3.52	22.5	9
1990-12-04	0	1.53	15	5
1990-12-05	0	3.41	18	2
1990-12-06	0	3.93	21	6
1990-12-07	0	0.71	10	4
1990-12-08	0.01	2.26	13	0
1990-12-09	0	3.19	16.5	0.1
1990-12-10	0	4.03	18	0.1
1990-12-11	0	4.22	21	2.5
1990-12-12	0	3.35	23	6
1990-12-13	0	5.55	23	5
1990-12-14	0	3.58	23	3
1990-12-15	0	3.56	23	5
1990-12-16	0	3.36	25	5
1990-12-17	0	3.8	25.5	7.5
1990-12-18	0	3.2	25.5	6
1990-12-19	0	5.1	25.5	8
1990-12-20	0	4.3	26.5	9
1990-12-21	0	4.04	26.5	8.5
1990-12-22	0	4.76	26	8
1990-12-23	0	2.34	26.5	5
1990-12-24	0	3.26	17	1
1990-12-25	0	5.9	22.5	1
1990-12-26	0	2.9	21.5	5.5
1990-12-27	0	3.33	22.5	4
1990-12-28	0	3.37	22	4
1990-12-29	0	3.97	23.5	5
1990-12-30	0	3.21	22	8.5
1990-12-31	0	2.14	17	8.5
1991-01-01	0	2.83	22	8
1991-01-02	0	3.24	21.5	6
1991-01-03	0.5	2.04	18.5	7.5
1991-01-04	0	2.82	20	9
1991-01-05	0	3.14	21.5	5
1991-01-06	0	2.93	22	8
1991-01-07	0	2.69	18.5	4.5
1991-01-08	0	2.72	21	6.5
1991-01-09	0	2.83	20.5	7
1991-01-10	0	3.6	22	9
1991-01-11	0	3.29	22.5	9
1991-01-12	0	2.91	16	8.5
1991-01-13	0	2.73	20.5	5
1991-01-14	0	5.3	22	5.5
1991-01-15	0	4.58	22.5	6.5
1991-01-16	0	4.3	24	4.5
1991-01-17	0	4.5	24.5	5
1991-01-18	0	4.55	24	7
1991-01-19	0	5.54	25	7
1991-01-20	0	5.34	25	7.5
1991-01-21	0	4.12	23	5
1991-01-22	0	4.32	25	5
1991-01-23	0	5.28	25	9
1991-01-24	0	2.7	20	10
1991-01-25	0	5.21	19	7
1991-01-26	0	1.76	20.5	7.5
1991-01-27	0	4.86	24	9
1991-01-28	0	5.62	25	9.5
1991-01-29	0	4.17	26	8
1991-01-30	0	5	24.5	9
1991-01-31	0	2.62	13	5.5
1991-02-01	0	2.95	18	3
1991-02-02	0	4.58	20.5	4.5
1991-02-03	2.2	2.93	21.5	8
1991-02-04	0.01	1.97	19	7.5
1991-02-05	1.5	3.25	18.5	8
1991-02-06	2.2	2.1	18	9
1991-02-07	0.3	0.8	10	5.5
1991-02-08	0	0.2	11	5
1991-02-09	0	5.35	21.5	5
1991-02-10	0	4.12	22.5	4
1991-02-11	0	2.51	20.5	5
1991-02-12	0	2.69	25	4
1991-02-13	0	3.56	25	5
1991-02-14	0	2.97	24.5	5.5
1991-02-15	0	3.2	23.5	9
1991-02-16	0	6.68	22	6.5
1991-02-17	0	6.55	26	7
1991-02-18	0	6.17	27	9
1991-02-19	0	7.64	28	7
1991-02-20	0	2.47	19	9.5
1991-02-21	0	4.13	23	5
1991-02-22	0	6.1	19	4.5
1991-02-23	0	3.69	19.5	5
1991-02-24	0	6.12	25	5
1991-02-25	0	4.51	26.5	9.5
1991-02-26	0	6.24	22	10
1991-02-27	0	3.73	22.5	5.5
1991-02-28	0	6.49	28	6
1991-03-01	0	8.18	27	9.5
1991-03-02	0	8	28	10
1991-03-03	0	7.64	23.5	7
1991-03-04	0	5.5	22	3
1991-03-05	0	7.59	28	5
1991-03-06	0	8.61	30.5	7.5
1991-03-07	0	8.44	32.5	10
1991-03-08	0	8.14	30	12.5
1991-03-09	0.3	3.28	22	9
1991-03-10	0	4.65	18	7
1991-03-11	0	7.31	28	5.5
1991-03-12	0	7.6	28.5	10
1991-03-13	0	7.16	28	12
1991-03-14	0	5.68	31	11.5
1991-03-15	0	NULO	30	11.5
1991-03-16	0	NULO	21.5	11
1991-03-17	0	NULO	32	12
1991-03-18	0	NULO	25	11
1991-03-19	0	NULO	29.5	10.5
1991-03-20	0	NULO	32	13
1991-03-21	0	NULO	30.5	11
1991-03-22	0	NULO	31.5	10
1991-03-23	0	NULO	24.5	10
1991-03-24	0	NULO	26	10.5
1991-03-25	0	NULO	29	9
1991-03-26	0	NULO	30.5	12
1991-03-27	0	NULO	31	13
1991-03-28	0	NULO	31	14
1991-03-29	0	NULO	22	11.5
1991-03-30	0	NULO	28	7
1991-03-31	0	NULO	15	6.5
1991-04-01	0	NULO	23	4
1991-04-02	0	NULO	28	5.5
1991-04-03	0	NULO	29	9
1991-04-04	0.8	NULO	30	9
1991-04-05	0.5	NULO	26.5	11
1991-04-06	1	NULO	24	11
1991-04-07	0	NULO	27	10.5
1991-04-08	0	NULO	28.5	10.5
1991-04-09	0	NULO	29	10
1991-04-10	0	NULO	26	9.5
1991-04-11	0	NULO	27	10.5
1991-04-12	0	NULO	30.5	12
1991-04-13	0	NULO	31	13
1991-04-14	5	NULO	31	14
1991-04-15	0.2	NULO	28	11.5
1991-04-16	0	NULO	29	11
1991-04-17	0	NULO	30	13
1991-04-18	0	NULO	31	13.5
1991-04-19	0	NULO	31	15
1991-04-20	0	NULO	26	11
1991-04-21	0	NULO	31	11.5
1991-04-22	0	NULO	33	14
1991-04-23	0	NULO	33	14
1991-04-24	16.5	NULO	32.5	16.5
1991-04-25	0	NULO	31	13.5
1991-04-26	0	NULO	32	13
1991-04-27	0	NULO	31	14
1991-04-28	0	NULO	31.5	14
1991-04-29	0	NULO	30	16
1991-04-30	0	NULO	28	11.5
1991-05-01	0	NULO	30	12.5
1991-05-02	0	NULO	29	12
1991-05-03	0	NULO	30.5	11
1991-05-04	0	NULO	32	15
1991-05-05	0	NULO	30	14
1991-05-06	0	NULO	23.5	12
1991-05-07	0	NULO	27	11.5
1991-05-08	0	NULO	27	12
1991-05-09	0	NULO	28.5	11.5
1991-05-10	0	NULO	27	10.5
1991-05-11	0	NULO	26.5	9.5
1991-05-12	0	NULO	26	11
1991-05-13	0	NULO	27	12
1991-05-14	0	NULO	29.5	14
1991-05-15	0	NULO	30.5	14.5
1991-05-16	0	NULO	30.5	14
1991-05-17	0	NULO	30	13
1991-05-18	0	NULO	27.5	13
1991-05-19	0	NULO	28	10
1991-05-20	0	NULO	30	10.5
1991-05-21	0	NULO	29.5	13
1991-05-22	0	NULO	31	13.5
1991-05-23	0	NULO	29.5	13
1991-05-24	0	NULO	30	13
1991-05-25	0	NULO	29	13.5
1991-05-26	0.3	NULO	29	12.5
1991-05-27	18	NULO	27	10.5
1991-05-28	31	NULO	27.5	12
1991-05-29	0	NULO	25	12
1991-05-30	0	NULO	20.5	11
1991-05-31	0	NULO	30.5	12
1991-06-01	0	NULO	29	12
1991-06-02	0	NULO	29	13.5
1991-06-03	0	NULO	27.5	13
1991-06-04	0	NULO	29	13.5
1991-06-05	0	NULO	29.5	10.5
1991-06-06	0	NULO	26	10
1991-06-07	0	NULO	25	12
1991-06-08	0	NULO	26.5	11
1991-06-09	0	NULO	27	12
1991-06-10	3	NULO	26	12.5
1991-06-11	0	NULO	22	13.5
1991-06-12	0	NULO	25	12
1991-06-13	0	NULO	26.5	13
1991-06-14	14.5	NULO	27.5	14
1991-06-15	17	NULO	22.5	15
1991-06-16	0	NULO	23	14
1991-06-17	17.2	NULO	24	14
1991-06-18	2.4	NULO	22	13
1991-06-19	2.5	NULO	21.5	13
1991-06-20	0	NULO	22.5	12.5
1991-06-21	3.7	NULO	23.5	13
1991-06-22	0	NULO	23.5	11.5
1991-06-23	15	NULO	23	13
1991-06-24	5.5	NULO	19	13
1991-06-25	3.3	NULO	21.5	13
1991-06-26	12.2	NULO	19	13
1991-06-27	4	NULO	21	13
1991-06-28	0	NULO	21.5	13
1991-06-29	0	NULO	21.5	12
1991-06-30	4.9	NULO	18.5	13
1991-07-01	17.5	NULO	16.5	14.5
1991-07-02	28	NULO	18.5	12.5
1991-07-03	18.2	NULO	17	13
1991-07-04	0	NULO	19	13
1991-07-05	0.01	NULO	19	13
1991-07-06	0	NULO	22	12.5
1991-07-07	1.7	NULO	22.5	13
1991-07-08	7	NULO	21	14.5
1991-07-09	11.5	NULO	22.5	13
1991-07-10	0	NULO	22	13
1991-07-11	0	NULO	21.5	12.5
1991-07-12	0	NULO	22.5	12.5
1991-07-13	0	NULO	22.5	13.5
1991-07-14	20	NULO	21	11
1991-07-15	0	NULO	21	13
1991-07-16	0	NULO	23	10.5
1991-07-17	0	NULO	24	12
1991-07-18	0	NULO	25	11
1991-07-19	0	NULO	23	11.5
1991-07-20	0	NULO	23.5	14
1991-07-21	0	NULO	21	11
1991-07-22	0	NULO	22.5	12
1991-07-23	0	NULO	20.5	11.5
1991-07-24	0	NULO	20	12.5
1991-07-25	0	NULO	24	13
1991-07-26	0	NULO	22	12.5
1991-07-27	0	NULO	24	12.5
1991-07-28	0	NULO	24	10
1991-07-29	0	NULO	25	11.5
1991-07-30	0	NULO	25	11
1991-07-31	0	NULO	25	9
1991-08-01	0	NULO	24.5	8
1991-08-02	0	NULO	24	8.5
1991-08-03	1.4	NULO	22.5	11
1991-08-04	1.4	NULO	22.5	11
1991-08-05	0	NULO	23	13
1991-08-06	0	NULO	24	13
1991-08-07	0	NULO	20.6	12.5
1991-08-08	0	NULO	22	11.5
1991-08-09	0	NULO	24	11.5
1991-08-10	0	NULO	24.5	12.5
1991-08-11	0	NULO	24	11
1991-08-12	0	NULO	24	10
1991-08-13	0	NULO	23	8
1991-08-14	0	NULO	24.5	10
1991-08-15	0	NULO	26.5	11
1991-08-16	0	NULO	26.5	11.5
1991-08-17	16.8	NULO	26	11.5
1991-08-18	3.8	NULO	25	12
1991-08-19	0.01	NULO	24	11.5
1991-08-20	0	NULO	24	10.5
1991-08-21	27	NULO	24	11
1991-08-22	0	NULO	23	12.5
1991-08-23	0	NULO	23	10.5
1991-08-24	0	NULO	22.5	12
1991-08-25	0	NULO	23	11
1991-08-26	0	NULO	24	10.5
1991-08-27	0	NULO	24	12.5
1991-08-28	0	NULO	25	13
1991-08-29	0	NULO	25	12
1991-08-30	0	NULO	25	10
1991-08-31	0	NULO	25	11
1991-09-01	0	1.47	25	11
1991-09-02	5.5	2.74	25.5	13
1991-09-03	0.8	2.41	25.5	12.5
1991-09-04	3.4	0.36	25	14
1991-09-05	0	0.65	22	11
1991-09-06	1	4.74	22	13.5
1991-09-07	0	2.91	22	13
1991-09-08	0	5.41	23.5	13
1991-09-09	0	6.29	22	8.5
1991-09-10	0	2.8	19.5	8
1991-09-11	0	3.99	23	10
1991-09-12	4	4.44	24	11.5
1991-09-13	0	2.32	21	13.5
1991-09-14	0	3.14	25	13
1991-09-15	13	4.15	22	12.5
1991-09-16	12.5	3.45	22	11.5
1991-09-17	24	1.95	22.5	13
1991-09-18	0	0.35	23	12.5
1991-09-19	0	2.71	20.5	13
1991-09-20	2	1.72	18.5	12
1991-09-21	0	3.04	17	11
1991-09-22	7	0.23	17	11.5
1991-09-23	3.9	4.24	19	12.5
1991-09-24	0	2.12	20	9.5
1991-09-25	2.8	0.75	17	10
1991-09-26	0	3.49	18	11.5
1991-09-27	0	2.11	17	7
1991-09-28	4.7	2.39	15	7
1991-09-29	0	1.47	18	9
1991-09-30	3	1.47	14.5	9
1991-10-01	0	1.06	17	10.5
1991-10-02	7.3	3.24	21	9.5
1991-10-03	9	2.66	21.5	12
1991-10-04	12.5	9.15	22.5	12.5
1991-10-05	26.6	1.66	19.5	13
1991-10-06	9	2.97	19.5	11.5
1991-10-07	8	0.53	12	9
1991-10-08	4.9	2.09	13	10
1991-10-09	3	1.93	15.5	10
1991-10-10	3.5	0.21	14	11
1991-10-11	0	3.36	15.5	9
1991-10-12	0	4.05	19.5	5.5
1991-10-13	0	4.17	21	3.5
1991-10-14	0	3.31	22	5.5
1991-10-15	0	4.78	19.5	6.5
1991-10-16	0	3.48	18.5	5
1991-10-17	0	2.85	19	5.5
1991-10-18	0	3.24	20	8.5
1991-10-19	0	3.25	18.5	11
1991-10-20	0	2.45	19	11
1991-10-21	0	2.2	20	11
1991-10-22	0	3.21	23	11.5
1991-10-23	0	3.77	22.5	11.5
1991-10-24	0.2	2.45	21	9.5
1991-10-25	0	3.8	22.5	8
1991-10-26	0	4.06	23.5	11
1991-10-27	2	4.44	25	10
1991-10-28	0.01	3.56	24	12
1991-10-29	0	1.98	23.5	12
1991-10-30	0	3.32	21	10
1991-10-31	2.5	0.77	24.5	10
1991-11-01	0	2.79	17	12
1991-11-02	0	4.37	22	9
1991-11-03	0	0.1	17	11
1991-11-04	0	0.93	13.5	7
1991-11-05	1	0.29	14	8
1991-11-06	0	2.09	21	8
1991-11-07	0	1.49	21	8.5
1991-11-08	3.9	1.79	13	10.5
1991-11-09	0	1.72	15.5	6
1991-11-10	0	3.11	20	3
1991-11-11	0	3.15	19	4
1991-11-12	0	3.85	17.5	7
1991-11-13	0	2.67	20	6.5
1991-11-14	0	1.1	24.5	7
1991-11-15	0	NULO	25	9
1991-11-16	0	NULO	24	9.5
1991-11-17	0	NULO	23	9.5
1991-11-18	0	NULO	23	10
1991-11-19	6	NULO	23	9.5
1991-11-20	3.5	NULO	15	8.5
1991-11-21	0	NULO	17.5	4.5
1991-11-22	0	NULO	20.5	2
1991-11-23	0	NULO	19	5.5
1991-11-24	0	NULO	12.5	3
1991-11-25	0	NULO	17	3
1991-11-26	0	NULO	21	5.5
1991-11-27	0	NULO	19.5	5
1991-11-28	0	NULO	21	6.5
1991-11-29	0	NULO	22.5	7.5
1991-11-30	0	NULO	26	8.5
1991-12-01	0	NULO	24.5	10
1991-12-02	0	NULO	25	9
1991-12-03	0	NULO	23	7
1991-12-04	0	NULO	16	3
1991-12-05	0	NULO	19.5	4
1991-12-06	0	NULO	20	5
1991-12-07	0	NULO	20	7
1991-12-08	0	NULO	20.5	7
1991-12-09	0	NULO	17	9
1991-12-10	0	NULO	20.5	10.5
1991-12-11	0	NULO	23	6
1991-12-12	0	NULO	22.5	7
1991-12-13	0	NULO	22	8.5
1991-12-14	2.5	NULO	17.5	9
1991-12-15	0	NULO	12	6.5
1991-12-16	0	NULO	13.5	6.5
1991-12-17	0	NULO	18	5
1991-12-18	0.2	NULO	19.5	6
1991-12-19	0	NULO	18.5	7
1991-12-20	0	NULO	21	7
1991-12-21	0	NULO	22.5	9
1991-12-22	0	NULO	20.5	9
1991-12-23	0	NULO	20	10
1991-12-24	6.6	NULO	13	9
1991-12-25	3.7	NULO	16	6.5
1991-12-26	0	NULO	20.5	7
1991-12-27	0	NULO	16	5
1991-12-28	0	NULO	16	6
1991-12-29	0	NULO	20	6
1991-12-30	0	NULO	20	7.5
1991-12-31	0	NULO	18	7
1992-01-01	0	NULO	19.5	5.5
1992-01-02	0	NULO	14	7.5
1992-01-03	0	NULO	20	8.5
1992-01-04	0	NULO	23	7.5
1992-01-05	0	NULO	23	9
1992-01-06	5	NULO	23.5	7
1992-01-07	0	NULO	23	6.5
1992-01-08	0	NULO	17	6.5
1992-01-09	0	NULO	19.5	7
1992-01-10	0	NULO	12.5	7.5
1992-01-11	0	NULO	22	5
1992-01-12	0	NULO	23	7
1992-01-13	0	NULO	23	6.5
1992-01-14	0	NULO	14	6.5
1992-01-15	1.5	NULO	20	5
1992-01-16	0.7	NULO	10	4
1992-01-17	0	NULO	15.5	4
1992-01-18	0	NULO	7	3.5
1992-01-19	0	NULO	16	1.5
1992-01-20	0	NULO	16	1.5
1992-01-21	0	NULO	23	4
1992-01-22	0	NULO	23	8
1992-01-23	1	NULO	16.5	8
1992-01-24	0	NULO	16.5	3.5
1992-01-25	3.8	NULO	16	2.5
1992-01-26	4	NULO	18.5	6
1992-01-27	0	NULO	18	8
1992-01-28	20	NULO	12.5	9
1992-01-29	1.3	NULO	13	5
1992-01-30	2.8	NULO	15	5
1992-01-31	6.6	NULO	8.5	5
1992-02-01	0	NULO	14.5	5
1992-02-02	14.5	NULO	16	5
1992-02-03	3	NULO	17	7
1992-02-04	0	NULO	18.5	6.5
1992-02-05	0	NULO	20	4.5
1992-02-06	0	NULO	21.5	1
1992-02-07	0	NULO	16.5	1.5
1992-02-08	0	NULO	16.5	3
1992-02-09	0	NULO	19	1.5
1992-02-10	0	NULO	20	3.5
1992-02-11	0.1	NULO	21	3.5
1992-02-12	0	NULO	25	5
1992-02-13	0	NULO	25	6
1992-02-14	0	NULO	25.5	10
1992-02-15	0	NULO	23.5	9
1992-02-16	0	NULO	27	8.5
1992-02-17	0	NULO	28	10
1992-02-18	0	NULO	23	8
1992-02-19	4.5	NULO	20	9.5
1992-02-20	5.5	NULO	18	5
1992-02-21	0	NULO	21	8
1992-02-22	21.3	NULO	19.5	9
1992-02-23	2	NULO	17.5	9
1992-02-24	0	NULO	21.5	7.5
1992-02-25	0	NULO	22	6
1992-02-26	0	NULO	16	6.5
1992-02-27	0	NULO	21.5	2
1992-02-28	0	NULO	16	4
1992-02-29	0	NULO	15	3
1992-03-01	0	NULO	24	3
1992-03-02	0	NULO	25	5.5
1992-03-03	0	NULO	24.5	10
1992-03-04	0	NULO	27	10
1992-03-05	0	NULO	27.5	9
1992-03-06	0	NULO	24.5	8.5
1992-03-07	0	NULO	26.6	8
1992-03-08	0	NULO	27	10.5
1992-03-09	0	NULO	28	11
1992-03-10	0	NULO	19	10.5
1992-03-11	0	NULO	22.5	6
1992-03-12	0	NULO	23	6
1992-03-13	0	NULO	9	6.5
1992-03-14	0	NULO	18	5
1992-03-15	0	NULO	22	6.5
1992-03-16	0	NULO	26	7.5
1992-03-17	0	NULO	28	10
1992-03-18	0	NULO	28	10
1992-03-19	0	NULO	25	11.5
1992-03-20	0	NULO	25.5	12.5
1992-03-21	6	NULO	29	10
1992-03-22	0	NULO	27.5	12
1992-03-23	0	NULO	24.5	11.5
1992-03-24	0	NULO	27	11
1992-03-25	0	NULO	24.5	10
1992-03-26	9.5	NULO	25.5	12
1992-03-27	0	NULO	24	11.5
1992-03-28	0	NULO	24	12
1992-03-29	0	NULO	26.5	11
1992-03-30	0	NULO	23	11
1992-03-31	0	NULO	21	12
1992-04-01	0	NULO	22.5	12.5
1992-04-02	0	NULO	25	11.5
1992-04-03	7.9	NULO	23	10
1992-04-04	3.8	NULO	21	10
1992-04-05	0	NULO	19.5	10
1992-04-06	0	NULO	24	10.5
1992-04-07	0	NULO	24.5	9.5
1992-04-08	0	NULO	26.5	10
1992-04-09	8.5	NULO	26	10
1992-04-10	0	NULO	26.5	12.5
1992-04-11	0	NULO	27	8.5
1992-04-12	0	NULO	25	10
1992-04-13	0	NULO	22	9.5
1992-04-14	0	NULO	23	9
1992-04-15	0	NULO	24	10
1992-04-16	0.4	NULO	25	11
1992-04-17	0	NULO	24.5	7.5
1992-04-18	0	NULO	26	9.5
1992-04-19	0	NULO	27	9.5
1992-04-20	0	NULO	26	10
1992-04-21	0	NULO	26	9
1992-04-22	0	NULO	27.5	7.5
1992-04-23	0	NULO	24	11
1992-04-24	2.8	NULO	24	11.5
1992-04-25	0.2	NULO	23	8
1992-04-26	0	NULO	20	9
1992-04-27	0	NULO	20	10
1992-04-28	0	NULO	22	9
1992-04-29	0	NULO	25	8
1992-04-30	0	NULO	25.5	8.5
1992-05-01	0	NULO	26.5	7.5
1992-05-02	0	NULO	26	9.5
1992-05-03	0	NULO	26	8
1992-05-04	0.2	NULO	24	10.5
1992-05-05	0	NULO	23.5	9
1992-05-06	0	NULO	21	10
1992-05-07	1	NULO	16.5	10
1992-05-08	0	NULO	22.5	5.5
1992-05-09	6.4	NULO	24.5	8
1992-05-10	11.3	NULO	22.5	10.5
1992-05-11	0	NULO	22	11
1992-05-12	0	NULO	24	12
1992-05-13	4.3	NULO	25	11.5
1992-05-14	16	NULO	24.5	11
1992-05-15	0	NULO	25	11.5
1992-05-16	0	NULO	25	11
1992-05-17	0	NULO	25.5	11
1992-05-18	0	NULO	22	11
1992-05-19	0	NULO	20	11
1992-05-20	0	NULO	23.5	11.5
1992-05-21	0	NULO	24	11.5
1992-05-22	0	NULO	24.5	11
1992-05-23	0	NULO	22.5	11.5
1992-05-24	0	NULO	24	9.5
1992-05-25	2	NULO	25	10
1992-05-26	0	NULO	25	13
1992-05-27	2.2	NULO	26	13
1992-05-28	0.8	NULO	27	12.5
1992-05-29	34	NULO	24.5	12.5
1992-05-30	1.5	NULO	22.5	12
1992-05-31	16.8	NULO	23.5	13
1992-06-01	3.5	NULO	22	12
1992-06-02	0	NULO	22	13
1992-06-03	1.3	NULO	19	14
1992-06-04	7.3	NULO	24	13
1992-06-05	7.5	NULO	23.5	13.5
1992-06-06	0	NULO	25.5	12.5
1992-06-07	16	NULO	25	13
1992-06-08	0	NULO	22.5	12.5
1992-06-09	0	NULO	23.5	12
1992-06-10	0	NULO	23.5	13.5
1992-06-11	3.8	NULO	22.5	13.5
1992-06-12	0	NULO	23.5	12
1992-06-13	0	NULO	26.5	11.5
1992-06-14	0	NULO	26.5	12.5
1992-06-15	0	NULO	25.5	11.5
1992-06-16	0	NULO	25	12.5
1992-06-17	0	NULO	25	10.5
1992-06-18	0	NULO	24	12
1992-06-19	0	NULO	22	12.5
1992-06-20	0	NULO	24.5	8
1992-06-21	0	NULO	24	10.5
1992-06-22	0	NULO	23	10.5
1992-06-23	0	NULO	24.5	8.5
1992-06-24	0	NULO	27.5	9
1992-06-25	0	NULO	27	10
1992-06-26	0	NULO	27	10.5
1992-06-27	0	NULO	26.5	8.5
1992-06-28	0	NULO	27.5	11
1992-06-29	0	NULO	29	13.5
1992-06-30	0	NULO	29	13
1992-07-01	0	2.06	29	13
1992-07-02	4.5	6.08	24.5	12.5
1992-07-03	2.8	6.17	23.5	11
1992-07-04	1	1.96	17	12
1992-07-05	0	3.59	23	10
1992-07-06	0	5.86	23	9
1992-07-07	1.5	5.99	23.5	11
1992-07-08	1.9	3.97	22	10.5
1992-07-09	0	3.78	21	11.5
1992-07-10	0	5.14	23	9
1992-07-11	0	6.9	24	11
1992-07-12	0	3.97	25	11
1992-07-13	0	8.39	23.5	10
1992-07-14	4.2	4.71	23	12.5
1992-07-15	0	1.58	22	14
1992-07-16	1.7	2.56	24	13
1992-07-17	0	6.09	23	13
1992-07-18	1.2	0.18	20	10
1992-07-19	3.9	2.94	21.5	13
1992-07-20	29.5	2.21	24	13
1992-07-21	0	4.02	23	12.5
1992-07-22	2.5	5.16	23.5	12.5
1992-07-23	6	5.19	24	12
1992-07-24	1	5.44	22	11.5
1992-07-25	0	5.38	22	10.5
1992-07-26	0	3.55	21	11
1992-07-27	0	4.1	23	11.5
1992-07-28	35.8	5.59	22.5	12.5
1992-07-29	6.7	3.7	23	11
1992-07-30	3	2	21	12
1992-07-31	0	3.5	22	12
1992-08-01	0	3.85	21	11
1992-08-02	0	4.5	23	9
1992-08-03	0	3.41	22	13
1992-08-04	0	4.54	24	11.5
1992-08-05	0	6.83	24	10
1992-08-06	3.7	2.57	24	11.5
1992-08-07	0.2	5.34	24.5	10.5
1992-08-08	0	6.26	22.5	11
1992-08-09	2.7	2.71	18.5	11.5
1992-08-10	2	0.81	19	12
1992-08-11	0	3.12	21.5	12
1992-08-12	0	4.66	24.5	11.5
1992-08-13	0	6.23	24	12
1992-08-14	1.5	3.07	23	12
1992-08-15	4	3.45	21	12.5
1992-08-16	4.7	3.64	21.5	12.5
1992-08-17	1.2	2.64	19.5	12.5
1992-08-18	0	6.17	22.5	13
1992-08-19	0	2.47	23	10.5
1992-08-20	0	4.76	24	12
1992-08-21	0	5.12	24.5	12
1992-08-22	0	5.91	23	11.5
1992-08-23	1	2.77	21.5	11.5
1992-08-24	4.6	5.31	20.5	12.5
1992-08-25	0	2.43	23	11
1992-08-26	0	4.89	24	12.5
1992-08-27	0	4.41	24.5	12
1992-08-28	0	6.15	24	12.5
1992-08-29	0	5.38	26	9.5
1992-08-30	0	6.09	26	11.5
1992-08-31	0	5.54	24.5	12
1992-09-01	0	5.76	24.5	11.5
1992-09-02	0	4.51	24	12.5
1992-09-03	0.8	4.36	25.5	10
1992-09-04	0	5	23	10.5
1992-09-05	0	4.37	24	9
1992-09-06	1.7	5.68	24	10
1992-09-07	2.5	1.77	18	12
1992-09-08	0	4.7	22	11.5
1992-09-09	1	3.5	24	11
1992-09-10	0	5.86	24	12
1992-09-11	2.3	2.21	20	12
1992-09-12	2	2.2	18.5	12.5
1992-09-13	0	3.45	22.5	12
1992-09-14	1.2	3.64	22	11
1992-09-15	0	3.28	21	13
1992-09-16	0.5	3.08	21	12.5
1992-09-17	0	2.47	22.5	11.5
1992-09-18	0	4.44	22	11.5
1992-09-19	0	5.44	24.5	9
1992-09-20	0	6	26.5	10.5
1992-09-21	0	5.92	26	11
1992-09-22	0	3.54	25	11
1992-09-23	5.7	1.91	17	13
1992-09-24	0	0.78	17	11
1992-09-25	5	2.98	22.5	12
1992-09-26	5	3.55	21	13.5
1992-09-27	8	1.58	17.5	13
1992-09-28	12.5	1.83	15	10.5
1992-09-29	3.2	0.5	11.5	9
1992-09-30	0	4.42	15	5
1992-10-01	0	3.9	18	3.5
1992-10-02	0	4.14	20.5	1.5
1992-10-03	0	3.55	19.5	5.5
1992-10-04	5	3.86	23	8
1992-10-05	0	3.9	22	9
1992-10-06	0	4.69	22	9.5
1992-10-07	0	0.8	20.5	11
1992-10-08	2.5	2.82	17.5	12
1992-10-09	0.2	2.96	22.5	12
1992-10-10	0	2.91	24	11
1992-10-11	3	3.29	21	12
1992-10-12	8.3	0.76	15.5	12
1992-10-13	0	2.68	19	11.5
1992-10-14	0	1.81	21.5	9
1992-10-15	0	4.33	24.5	10.5
1992-10-16	0	3.57	22.5	11.5
1992-10-17	0	2.51	22.5	11.5
1992-10-18	3	3.01	21.5	10
1992-10-19	0	2.81	16	10.5
1992-10-20	0	3.7	21	8
1992-10-21	0	2.5	17.5	10
1992-10-22	3.5	1.84	17.8	9.5
1992-10-23	14.5	4	15.5	10
1992-10-24	5.8	7.9	14	10
1992-10-25	0	3.62	18.5	7
1992-10-26	0	5.07	20.5	7
1992-10-27	0	3.73	23.5	7
1992-10-28	0	5.41	24	7.5
1992-10-29	0	2.75	24.5	9
1992-10-30	0.5	2.53	24	10
1992-10-31	17.8	5.35	24.5	11.5
1992-11-01	1.1	4.02	23.5	11
1992-11-02	0	2.13	19	10.5
1992-11-03	0	1.37	23.5	11
1992-11-04	1.3	5.45	23.5	11.5
1992-11-05	0	2.48	21	7.5
1992-11-06	10.3	2	21	9
1992-11-07	1.3	1.27	21.5	10
1992-11-08	0	1.02	22	10.5
1992-11-09	0	4	20	10.5
1992-11-10	0	1.56	21	11.5
1992-11-11	19	5.59	23	11
1992-11-12	0	2.21	21	12
1992-11-13	1.2	3.67	14.5	10
1992-11-14	3.2	3.21	23.5	7
1992-11-15	7.7	1.71	19	9
1992-11-16	0	2.28	15.5	8.5
1992-11-17	0	4.11	19	7
1992-11-18	0	0.82	21.5	7.5
1992-11-19	0	3.8	22	10
1992-11-20	0	2.73	19.5	8
1992-11-21	0	4.59	22	9.5
1992-11-22	0	6.56	21	6
1992-11-23	0	2.6	22	7.5
1992-11-24	0	1.21	24	8
1992-11-25	0	3.71	23	8
1992-11-26	0	2.83	21	9
1992-11-27	0	2.68	21	5
1992-11-28	0	2.68	21	1
1992-11-29	0	5.03	21	3
1992-11-30	0	1.88	22	6
1992-12-01	0	2.89	21.5	7
1992-12-02	0	2.64	20	4.5
1992-12-03	0	2.75	22	6.5
1992-12-04	0	4.79	23	9
1992-12-05	0	3	20.5	5
1992-12-06	0	5.85	23.5	5
1992-12-07	0	2.02	25	6
1992-12-08	0	3.53	24	6
1992-12-09	0	3.84	23	10
1992-12-10	0	3.04	21	5.5
1992-12-11	0	4.62	21	2
1992-12-12	0	4.56	23.5	3.5
1992-12-13	0	5.95	24	8
1992-12-14	0	2.35	23	10.5
1992-12-15	0	2.7	20.5	10.5
1992-12-16	0.5	2.31	20	13
1992-12-17	0	3.07	22	8.5
1992-12-18	0	3.29	24.5	7.5
1992-12-19	0	3.46	24	11.5
1992-12-20	0	3.01	19.5	11
1992-12-21	0	2.9	22	7
1992-12-22	0	3.21	21.5	7.5
1992-12-23	0	2.49	18.5	8
1992-12-24	0	2.24	14	7.5
1992-12-25	0	1.25	20.5	7
1992-12-26	0	1.81	20.5	9
1992-12-27	0	3.95	22	6.5
1992-12-28	0	3.99	22	8
1992-12-29	0	2.97	22	7
1992-12-30	0	3.74	21.5	7.5
1992-12-31	0	3.1	19	4
1993-01-01	0	2.58	16	6
1993-01-02	0	5.25	19	6.5
1993-01-03	0	2.88	23	7
1993-01-04	0	3.54	23	9
1993-01-05	0	3.82	23.5	8
1993-01-06	0	3.03	22	8.5
1993-01-07	0	5.53	22.5	7.5
1993-01-08	0	4.88	21.5	7.5
1993-01-09	0	4.01	24	6
1993-01-10	0	3.68	21.5	5
1993-01-11	0	4.31	26	7.5
1993-01-12	0	3.79	25.5	9
1993-01-13	0	2.74	21.5	8.5
1993-01-14	0	4.62	23	8.5
1993-01-15	0	4.95	23.5	10
1993-01-16	0	3.01	24.5	8
1993-01-17	0	3.7	24	8
1993-01-18	0	3.98	25	9.5
1993-01-19	0	4.62	25.5	10
1993-01-20	0	4.38	24.5	9.5
1993-01-21	0	3.05	22.5	9.5
1993-01-22	0	3.26	21.5	9.5
1993-01-23	4.5	2.15	21.5	5.5
1993-01-24	0	2.27	22	5.5
1993-01-25	0	2.66	20.5	6.5
1993-01-26	0	2.06	9.5	4
1993-01-27	0	2.91	16	1
1993-01-28	0.8	2.36	24	4
1993-01-29	0.2	2.23	19	8
1993-01-30	0	2	11.5	5.5
1993-01-31	0	2.57	18.5	5.5
1993-02-01	0	4.99	20	6.5
1993-02-02	3.2	1.84	21	6.5
1993-02-03	0	3.65	21	7
1993-02-04	0	1.45	18	6.5
1993-02-05	0	2.44	19	7.5
1993-02-06	0	2.46	11	7.5
1993-02-07	1.6	3.36	19.5	3
1993-02-08	0	4.4	20.5	5
1993-02-09	0	5.18	22.5	4.5
1993-02-10	0	8.25	22.5	4.5
1993-02-11	0	5.62	24	6
1993-02-12	0	3.53	21.5	4.5
1993-02-13	0	7.37	25	5
1993-02-14	0	5.16	28	8
1993-02-15	0	2.62	28.5	10
1993-02-16	0	NULO	26.5	8.5
1993-02-17	0	NULO	23	9
1993-02-18	0	NULO	20.5	10
1993-02-19	0	NULO	25	6.5
1993-02-20	0	NULO	27	10
1993-02-21	0	NULO	26.5	10.5
1993-02-22	0	NULO	28	9
1993-02-23	0	NULO	27	8
1993-02-24	0	NULO	27.5	7
1993-02-25	0	NULO	25	8.5
1993-02-26	0	NULO	23.5	8
1993-02-27	0	NULO	25	9
1993-02-28	0	NULO	24.5	5
1993-03-01	0	NULO	25	11.5
1993-03-02	0	NULO	26	11
1993-03-03	0	NULO	21.5	10.5
1993-03-04	0	NULO	27	7
1993-03-05	0	NULO	21.5	6.5
1993-03-06	0	NULO	24	7
1993-03-07	0	NULO	18.5	8
1993-03-08	1.7	NULO	19	6.5
1993-03-09	0	NULO	21	7
1993-03-10	0	NULO	24.5	6
1993-03-11	0	NULO	26	8.5
1993-03-12	0	NULO	25	12.5
1993-03-13	0	NULO	25	9
1993-03-14	0	NULO	22	4.5
1993-03-15	0	NULO	24	4
1993-03-16	0	NULO	26.5	7
1993-03-17	0	NULO	23	7.5
1993-03-18	0	NULO	26.5	5.5
1993-03-19	0	NULO	27	8
1993-03-20	0	NULO	21	9
1993-03-21	1.9	NULO	24.5	7
1993-03-22	0	NULO	25	10
1993-03-23	0	NULO	23	9
1993-03-24	0	NULO	25	11
1993-03-25	0	NULO	26	10.5
1993-03-26	0	NULO	27	9.5
1993-03-27	0	NULO	29.5	7
1993-03-28	0	NULO	29	10.5
1993-03-29	0	NULO	29.5	12
1993-03-30	0	NULO	30	12.5
1993-03-31	0	NULO	26	8
1993-04-01	0	NULO	25.5	8
1993-04-02	0	NULO	25.5	7
1993-04-03	0	NULO	25.5	10.5
1993-04-04	0	NULO	26.5	9
1993-04-05	0	NULO	24.5	10.5
1993-04-06	0	NULO	28.5	10
1993-04-07	0	NULO	28	13.5
1993-04-08	0	NULO	26	10.5
1993-04-09	0	NULO	21	8.5
1993-04-10	0	NULO	26.5	6
1993-04-11	0	NULO	29	10
1993-04-12	0	NULO	29.5	11.5
1993-04-13	0	NULO	29.5	11
1993-04-14	0	NULO	29.5	13
1993-04-15	0	NULO	26	10.5
1993-04-16	0	NULO	23	9
1993-04-17	0	NULO	25.5	9
1993-04-18	0	NULO	24.5	7.5
1993-04-19	0	NULO	29	9.5
1993-04-20	0	NULO	29	14
1993-04-21	13	NULO	20	12
1993-04-22	0	NULO	20	9.5
1993-04-23	0	NULO	29	8
1993-04-24	0	NULO	28	8.5
1993-04-25	0	NULO	29	11
1993-04-26	0	NULO	23.5	10
1993-04-27	0	NULO	27.5	12.5
1993-04-28	0	NULO	29	13
1993-04-29	0	NULO	28	12.5
1993-04-30	0	NULO	27.5	12.5
1993-05-01	0	NULO	27.5	14
1993-05-02	0	NULO	27	13
1993-05-03	2.2	NULO	26.5	10.5
1993-05-04	0	NULO	29	10.5
1993-05-05	0	NULO	29.5	13
1993-05-06	0	NULO	27.5	11
1993-05-07	0	NULO	27.5	11.5
1993-05-08	0	NULO	29	11
1993-05-09	0	NULO	28	13
1993-05-10	7.2	NULO	19.5	9
1993-05-11	0	NULO	21.5	6
1993-05-12	0	NULO	26.5	7
1993-05-13	0	NULO	22.5	10.5
1993-05-14	0	NULO	23	10
1993-05-15	0	NULO	25	11
1993-05-16	0	NULO	27.5	9.5
1993-05-17	0	NULO	28	12
1993-05-18	0	NULO	29.5	14
1993-05-19	0	NULO	27.5	13
1993-05-20	0	NULO	27	12.5
1993-05-21	4.5	NULO	26	12.5
1993-05-22	0	NULO	29.5	12
1993-05-23	0	NULO	30	13.5
1993-05-24	5	NULO	30	12
1993-05-25	1.5	NULO	23.5	12
1993-05-26	0	NULO	18.5	10
1993-05-27	0	NULO	22.5	10.5
1993-05-28	0	NULO	25	10.5
1993-05-29	0	NULO	25.5	11.5
1993-05-30	0	NULO	26.5	10.5
1993-05-31	5.4	NULO	27	10.5
1993-06-01	0	NULO	23.5	12
1993-06-02	0	NULO	28	9
1993-06-03	0	NULO	30	12
1993-06-04	0	NULO	32.5	12
1993-06-05	0	NULO	30	12
1993-06-06	0	NULO	27	11.5
1993-06-07	0	NULO	29.5	13.5
1993-06-08	0	NULO	28	15
1993-06-09	0	NULO	25	13.5
1993-06-10	0	NULO	24.5	12.5
1993-06-11	0	NULO	23	13
1993-06-12	0	NULO	23.5	10
1993-06-13	1.2	NULO	24	13
1993-06-14	3	NULO	22.5	13
1993-06-15	8.3	NULO	23.5	13
1993-06-16	1.5	NULO	21	12
1993-06-17	0	NULO	23.5	13
1993-06-18	0	NULO	25	13
1993-06-19	0	NULO	25	11.5
1993-06-20	3.5	NULO	21.5	14.5
1993-06-21	10.2	NULO	19.5	14
1993-06-22	33.4	NULO	20.5	12.5
1993-06-23	14.5	NULO	20.5	13
1993-06-24	15.2	NULO	20.5	14
1993-06-25	4	NULO	22.5	14
1993-06-26	2	NULO	21	13
1993-06-27	5.9	NULO	24.5	13
1993-06-28	14	NULO	21.5	13.5
1993-06-29	0	NULO	22	14
1993-06-30	4	NULO	21.5	13
1993-07-01	0	NULO	22	13
1993-07-02	1.7	NULO	21.5	13
1993-07-03	5.3	NULO	21.5	13
1993-07-04	0	NULO	23	14
1993-07-05	2.5	NULO	22	14
1993-07-06	7.8	NULO	21.5	13.5
1993-07-07	4	NULO	19	12
1993-07-08	3.5	NULO	21.5	12.5
1993-07-09	5.5	NULO	21.5	13
1993-07-10	1.2	NULO	22.5	10
1993-07-11	0	NULO	21.5	13.5
1993-07-12	0	NULO	22	12.5
1993-07-13	0	NULO	22.5	11.5
1993-07-14	0	NULO	24	12
1993-07-15	0	NULO	24	11
1993-07-16	0	NULO	22.5	12.5
1993-07-17	14.3	NULO	24.5	12
1993-07-18	0	NULO	23.5	14.3
1993-07-19	0	NULO	24	12
1993-07-20	0	NULO	23.5	11.5
1993-07-21	3	NULO	22.5	12.5
1993-07-22	0	NULO	24	11.5
1993-07-23	0	NULO	24	12.5
1993-07-24	0	NULO	25	13
1993-07-25	0	NULO	24.5	10
1993-07-26	0	NULO	25	11
1993-07-27	0	NULO	24.5	10.5
1993-07-28	0	NULO	23	14.5
1993-07-29	0	NULO	23.5	10.5
1993-07-30	0	NULO	25	10.5
1993-07-31	0	NULO	24	10
1993-08-01	0	NULO	26	10.5
1993-08-02	2.4	NULO	19	11
1993-08-03	0	NULO	23	12
1993-08-04	0	NULO	23.5	11
1993-08-05	0	NULO	22.5	12
1993-08-06	0	NULO	25	11
1993-08-07	0	NULO	25	11
1993-08-08	0	NULO	21.5	11.5
1993-08-09	0	NULO	23	12.5
1993-08-10	2	NULO	23.5	10
1993-08-11	0	NULO	21.5	12
1993-08-12	0	NULO	24.5	11
1993-08-13	1.8	NULO	23.5	11
1993-08-14	3	NULO	20.5	13
1993-08-15	1.8	NULO	23	11.5
1993-08-16	0	NULO	24	13
1993-08-17	8.5	NULO	22.5	13
1993-08-18	0	NULO	23	12.5
1993-08-19	0.7	NULO	22.5	11
1993-08-20	1.5	NULO	21.5	12.5
1993-08-21	1.3	NULO	23	12
1993-08-22	12	NULO	24	14
1993-08-23	0.7	NULO	22	13
1993-08-24	42	NULO	22.5	11.5
1993-08-25	0	NULO	23	13
1993-08-26	0	NULO	23	11
1993-08-27	0	NULO	22.5	11
1993-08-28	8	NULO	22	12
1993-08-29	0	NULO	23	11
1993-08-30	0	NULO	21	12
1993-08-31	38.8	NULO	22	13
1993-09-01	14.5	NULO	21.5	12.5
1993-09-02	0	NULO	23.5	12.5
1993-09-03	0.01	NULO	22.5	9.5
1993-09-04	0	NULO	22.5	10.5
1993-09-05	0	NULO	22	10.5
1993-09-06	0.6	NULO	22	12.5
1993-09-07	0	NULO	23.5	13
1993-09-08	0	NULO	20.5	12
1993-09-09	4.4	NULO	22.5	13
1993-09-10	22	NULO	22.5	14
1993-09-11	0.01	NULO	22.5	12.5
1993-09-12	8.8	NULO	23.5	14
1993-09-13	0.01	NULO	24.5	12.5
1993-09-14	0	NULO	24	13.5
1993-09-15	2.5	NULO	21	12
1993-09-16	1.5	NULO	22	12
1993-09-17	1	NULO	21	11
1993-09-18	0.8	NULO	21.5	12
1993-09-19	15.5	NULO	20.5	12.5
1993-09-20	117	NULO	21.5	12.5
1993-09-21	4.5	NULO	21	12.5
1993-09-22	0.8	NULO	19.5	13
1993-09-23	2.2	NULO	20.5	13.5
1993-09-24	0.01	NULO	21.5	13
1993-09-25	13.5	NULO	22.5	11
1993-09-26	0	NULO	21	11
1993-09-27	8	NULO	17.5	13
1993-09-28	0.9	NULO	20.5	9.5
1993-09-29	7	NULO	21.5	10
1993-09-30	4.4	NULO	13	11
1993-10-01	0	NULO	18	9
1993-10-02	1	NULO	23.5	10.5
1993-10-03	2	NULO	17.5	12
1993-10-04	0.01	NULO	20	9
1993-10-05	0	NULO	22	9.5
1993-10-06	0	NULO	21	10
1993-10-07	0	NULO	22	11
1993-10-08	0	NULO	24	6.5
1993-10-09	0	NULO	25.5	11
1993-10-10	0	NULO	22	9
1993-10-11	0	NULO	25	11
1993-10-12	0	NULO	23	9.5
1993-10-13	0	NULO	24	9.5
1993-10-14	0	NULO	24	11
1993-10-15	0	NULO	24.5	8
1993-10-16	0	NULO	24.5	10
1993-10-17	0	NULO	25.5	12
1993-10-18	0	NULO	25.5	11
1993-10-19	0	NULO	27	9
1993-10-20	8.7	NULO	25	12.5
1993-10-21	1.5	NULO	15	10
1993-10-22	0.01	NULO	11.5	6
1993-10-23	0	NULO	19	6
1993-10-24	0	NULO	21.5	7
1993-10-25	0	NULO	22.5	9
1993-10-26	0	NULO	23.5	9.5
1993-10-27	0	NULO	21	11
1993-10-28	5.5	NULO	23.5	9.5
1993-10-29	0	NULO	22	8
1993-10-30	0	NULO	22	6
1993-10-31	0	NULO	14	4
1993-11-01	0	NULO	20	4
1993-11-02	2.5	NULO	22.5	8.5
1993-11-03	0	NULO	19	10.5
1993-11-04	0	NULO	24	8.5
1993-11-05	0	NULO	22.5	10
1993-11-06	0	NULO	22.5	11.5
1993-11-07	0	NULO	21	11.5
1993-11-08	0	NULO	23.5	10.5
1993-11-09	0	NULO	20.5	10.5
1993-11-10	0	NULO	16.5	9.5
1993-11-11	3.3	NULO	21.5	8
1993-11-12	0	NULO	24.5	9
1993-11-13	0	NULO	26.5	10.5
1993-11-14	0.01	NULO	25.5	10.5
1993-11-15	0.01	NULO	24.5	11
1993-11-16	0	NULO	23	12.5
1993-11-17	3.5	NULO	18.5	12
1993-11-18	5.4	NULO	21	8.5
1993-11-19	0	NULO	23	7.5
1993-11-20	0	NULO	21	10
1993-11-21	0	NULO	22.5	6
1993-11-22	0	NULO	23.5	7.5
1993-11-23	0	NULO	21.5	7
1993-11-24	0	NULO	23.5	6
1993-11-25	0	NULO	21.5	5
1993-11-26	0	NULO	23.5	9
1993-11-27	0	NULO	22.5	6
1993-11-28	0	NULO	24.5	5
1993-11-29	0	NULO	21.5	6
1993-11-30	0	NULO	22.5	6
1993-12-01	0	NULO	22	7
1993-12-02	0	NULO	21	7
1993-12-03	0	NULO	23	6
1993-12-04	0	NULO	16	6
1993-12-05	0	NULO	22	6
1993-12-06	0	NULO	23	7.5
1993-12-07	0	NULO	23	6.5
1993-12-08	0	NULO	23.5	6
1993-12-09	0	NULO	23	6
1993-12-10	0	NULO	23	9
1993-12-11	0	NULO	21	9
1993-12-12	0	NULO	23.5	6
1993-12-13	0	NULO	23	8
1993-12-14	0	NULO	21	8
1993-12-15	0	NULO	23	7
1993-12-16	0	NULO	23.5	8
1993-12-17	0	NULO	22.5	8.5
1993-12-18	0	NULO	21	9
1993-12-19	0	NULO	22.5	6.5
1993-12-20	0	NULO	25.5	8.5
1993-12-21	0	NULO	26.5	10
1993-12-22	0	NULO	26	8
1993-12-23	0	NULO	24.5	6
1993-12-24	0	NULO	24.5	6.5
1993-12-25	0	NULO	17	2.5
1993-12-26	0	NULO	19.5	1
1993-12-27	0	NULO	24	4
1993-12-28	0	NULO	24	6
1993-12-29	0	NULO	21	5
1993-12-30	0	NULO	21.5	8.5
1993-12-31	0	NULO	20	7
1994-01-01	0	NULO	19	7
1994-01-02	0	NULO	20.5	6
1994-01-03	0	NULO	19	6.5
1994-01-04	0	NULO	18	6
1994-01-05	0	NULO	21.5	1.5
1994-01-06	0	NULO	24	4.5
1994-01-07	0	NULO	23	6
1994-01-08	0	NULO	14	2
1994-01-09	0	NULO	21	-1.5
1994-01-10	0	NULO	23.5	3
1994-01-11	0	NULO	22.5	4
1994-01-12	0	NULO	23.5	5.5
1994-01-13	0	NULO	21.5	6.5
1994-01-14	0	NULO	17.5	5.5
1994-01-15	0	NULO	22.5	3
1994-01-16	0	NULO	24.5	6
1994-01-17	0.2	NULO	21.5	9
1994-01-18	5	NULO	17.5	6
1994-01-19	0	NULO	24	5.5
1994-01-20	0	NULO	20.5	6
1994-01-21	0	NULO	16	7.5
1994-01-22	0.8	NULO	18	9.5
1994-01-23	0.01	NULO	16.5	9.5
1994-01-24	0	NULO	20.5	7
1994-01-25	0	NULO	24.5	8
1994-01-26	0	NULO	25.5	8.5
1994-01-27	0	NULO	27	10.5
1994-01-28	0	NULO	27	9
1994-01-29	0	NULO	27.5	9
1994-01-30	0	NULO	24	9
1994-01-31	0	NULO	20.5	4.5
1994-02-01	0	NULO	21.5	4
1994-02-02	0	NULO	16.5	4
1994-02-03	0	NULO	23	4
1994-02-04	0	NULO	25	8.5
1994-02-05	0	NULO	26	9
1994-02-06	0	NULO	26.5	6
1994-02-07	0	NULO	24	4.5
1994-02-08	0	NULO	26	4.5
1994-02-09	0	NULO	25	6
1994-02-10	0	NULO	24.5	9
1994-02-11	0	NULO	22.5	9.5
1994-02-12	0	NULO	24.5	5.5
1994-02-13	0	NULO	15.5	9.5
1994-02-14	0	NULO	21	5.5
1994-02-15	0	NULO	24.5	4
1994-02-16	0	NULO	22.5	5.5
1994-02-17	0	NULO	20	9
1994-02-18	0	NULO	24.5	9
1994-02-19	0	NULO	25	6.5
1994-02-20	0	NULO	26.5	9
1994-02-21	0	NULO	25.5	10
1994-02-22	0	NULO	27.5	7.5
1994-02-23	0	NULO	27	7
1994-02-24	0	NULO	23	7
1994-02-25	0	NULO	27.5	6.5
1994-02-26	0	NULO	22	7.5
1994-02-27	0	NULO	22.5	8
1994-02-28	0	NULO	27	7
1994-03-01	0	NULO	26.5	9
1994-03-02	0	NULO	20.5	8.5
1994-03-03	0	NULO	24.5	4
1994-03-04	0	NULO	27.5	6
1994-03-05	0	NULO	27.5	7
1994-03-06	0	NULO	28	10
1994-03-07	0	NULO	29	11
1994-03-08	0	NULO	30	13.5
1994-03-09	0	NULO	28.5	12.5
1994-03-10	0	NULO	24	8
1994-03-11	0	NULO	23.5	4.5
1994-03-12	0	NULO	27	4
1994-03-13	6.3	NULO	25.5	8
1994-03-14	1	NULO	24	9.5
1994-03-15	0	NULO	26	10
1994-03-16	0	NULO	25	8
1994-03-17	0	NULO	24.5	5.5
1994-03-18	0	NULO	28	5.5
1994-03-19	0	NULO	29.5	10
1994-03-20	0	NULO	31	12.5
1994-03-21	0	NULO	29.5	12.5
1994-03-22	0	NULO	29.5	10.5
1994-03-23	0	NULO	30.5	12
1994-03-24	0	NULO	31.5	13
1994-03-25	0	NULO	34.5	10.5
1994-03-26	0	NULO	32.5	13
1994-03-27	0	NULO	32.5	14
1994-03-28	0	NULO	22.5	10
1994-03-29	0	NULO	19	5.5
1994-03-30	0	NULO	20.5	2.5
1994-03-31	0	NULO	23	6
1994-04-01	0	NULO	26.5	6
1994-04-02	0	NULO	28	7.5
1994-04-03	0	NULO	27.5	11.5
1994-04-04	0	NULO	29.5	8.5
1994-04-05	0	NULO	30	6.5
1994-04-06	0	NULO	25	11
1994-04-07	0	NULO	22.5	9.5
1994-04-08	0	NULO	27	10
1994-04-09	0	NULO	29	12
1994-04-10	0	NULO	30.5	13
1994-04-11	0	NULO	31	13
1994-04-12	1.5	NULO	29	12
1994-04-13	0	NULO	31.5	10
1994-04-14	0	NULO	30.5	13.5
1994-04-15	1.7	NULO	30.5	13
1994-04-16	2.5	NULO	24	13
1994-04-17	3.5	NULO	21	8.5
1994-04-18	2.9	NULO	22	8.5
1994-04-19	0	NULO	22	7.5
1994-04-20	0	NULO	21.5	10
1994-04-21	1.6	NULO	20	10.5
1994-04-22	0	NULO	23	9
1994-04-23	0	NULO	25.5	10
1994-04-24	0	NULO	25.5	10
1994-04-25	0	NULO	29	12
1994-04-26	0	NULO	30.5	11
1994-04-27	0	NULO	30.5	12
1994-04-28	0	NULO	32	13
1994-04-29	0	NULO	32.5	13
1994-04-30	0	NULO	31	9
1994-05-01	2	NULO	29	15.5
1994-05-02	0	NULO	31.5	15.5
1994-05-03	0	NULO	31	13.5
1994-05-04	0	NULO	27	13
1994-05-05	0	NULO	25.5	15
1994-05-06	0	NULO	28.5	10.5
1994-05-07	0	NULO	30	11.5
1994-05-08	0	NULO	31	10
1994-05-09	0	NULO	29	12
1994-05-10	0	NULO	28	11
1994-05-11	3.4	NULO	27.5	12.5
1994-05-12	1	NULO	27	12
1994-05-13	0	NULO	26	12
1994-05-14	0	NULO	27.5	12
1994-05-15	2.4	NULO	27.5	11
1994-05-16	1.2	NULO	26.5	11
1994-05-17	7.5	NULO	27.5	11
1994-05-18	0	NULO	26	11
1994-05-19	3	NULO	24	13
1994-05-20	0	NULO	24.5	11
1994-05-21	0	NULO	24	9.5
1994-05-22	0	NULO	24	12
1994-05-23	0	NULO	23	10.5
1994-05-24	0	NULO	26	8.5
1994-05-25	0	NULO	30	10
1994-05-26	0	NULO	31	13
1994-05-27	0	NULO	30	13
1994-05-28	0	NULO	28	15
1994-05-29	0	NULO	28	12.5
1994-05-30	0	NULO	27.5	10
1994-05-31	0	NULO	26	10
1994-06-01	0	NULO	27	9.5
1994-06-02	0	NULO	26.5	10
1994-06-03	0	NULO	27.5	10
1994-06-04	0	NULO	26.5	12
1994-06-05	0	NULO	29.5	14
1994-06-06	1.1	NULO	26.5	14.5
1994-06-07	2	NULO	30	14
1994-06-08	0.6	NULO	21.5	13.5
1994-06-09	0	NULO	29	14.6
1994-06-10	3.3	NULO	29	14.5
1994-06-11	30.2	NULO	23	12.5
1994-06-12	4.5	NULO	21	12
1994-06-13	15.5	NULO	24	13
1994-06-14	0.1	NULO	22.5	13.5
1994-06-15	11	NULO	23	13
1994-06-16	0	NULO	23.5	12
1994-06-17	0	NULO	23.5	11.5
1994-06-18	0	NULO	23.5	10.5
1994-06-19	15	NULO	22.5	11
1994-06-20	3	NULO	22	12
1994-06-21	2.7	NULO	23	13
1994-06-22	0	NULO	23.5	13
1994-06-23	22	NULO	23.5	13.5
1994-06-24	0	NULO	22	12.5
1994-06-25	16.5	NULO	23	11
1994-06-26	0	NULO	21.5	10
1994-06-27	0	NULO	22	9
1994-06-28	0	NULO	23	10.5
1994-06-29	0	NULO	23.5	12
1994-06-30	0	NULO	25.5	10.5
1994-07-01	0	NULO	26	11
1994-07-02	0	NULO	25.5	10
1994-07-03	3	NULO	25	10
1994-07-04	0	NULO	24.5	13
1994-07-05	0	NULO	25	12.5
1994-07-06	0	NULO	24.5	12
1994-07-07	0	NULO	24	13
1994-07-08	0	NULO	24	13
1994-07-09	0	NULO	23	9.5
1994-07-10	0	NULO	25	10
1994-07-11	0	NULO	23	13
1994-07-12	0	NULO	25	13.5
1994-07-13	12.7	NULO	26	12
1994-07-14	0.2	NULO	24	13.5
1994-07-15	0	NULO	24.5	12.5
1994-07-16	0	NULO	22	10
1994-07-17	0	NULO	21	10.5
1994-07-18	0	NULO	22.5	10
1994-07-19	0	NULO	24.5	9.5
1994-07-20	0	NULO	24.5	10.5
1994-07-21	0	NULO	23	10.5
1994-07-22	2	NULO	23.5	12
1994-07-23	0	NULO	24.5	10
1994-07-24	0	NULO	24	9
1994-07-25	9.5	NULO	24	8.5
1994-07-26	0	NULO	25.5	11
1994-07-27	0	NULO	26	12
1994-07-28	0	NULO	25.5	11
1994-07-29	0	NULO	25	11
1994-07-30	0	NULO	25	10
1994-07-31	0	NULO	26	11
1994-08-01	0	NULO	25	13
1994-08-02	1.2	NULO	23.5	12
1994-08-03	0	NULO	24	11
1994-08-04	42.4	NULO	23	10.5
1994-08-05	24	NULO	21.5	13
1994-08-06	1.8	NULO	26	13
1994-08-07	13.9	NULO	23.5	13
1994-08-08	16.2	NULO	24.5	11.5
1994-08-09	0	NULO	22	12
1994-08-10	0	NULO	22	12
1994-08-11	3.8	NULO	18.5	12
1994-08-12	6.5	NULO	18.5	12.5
1994-08-13	6.5	NULO	21	13
1994-08-14	0	NULO	21.5	12.5
1994-08-15	0	NULO	22.5	13
1994-08-16	0	NULO	24	12
1994-08-17	0	NULO	24	13.5
1994-08-18	0	NULO	23.5	13
1994-08-19	9	NULO	21.5	13.5
1994-08-20	3.2	NULO	24	13
1994-08-21	26.2	NULO	26	10.5
1994-08-22	0	NULO	24	13
1994-08-23	3.8	NULO	23	11.5
1994-08-24	27.8	NULO	23	13
1994-08-25	0	NULO	20.5	12.5
1994-08-26	3	NULO	21	12.5
1994-08-27	0	NULO	21.5	11
1994-08-28	0	NULO	22.5	11
1994-08-29	0	NULO	23	11.5
1994-08-30	0	NULO	22	10
1994-08-31	12	NULO	22	11.5
1994-09-01	7.5	NULO	19.5	14
1994-09-02	6.5	NULO	16	13
1994-09-03	1.4	NULO	19	9.5
1994-09-04	0	NULO	20	8
1994-09-05	0	NULO	21.5	10
1994-09-06	23	NULO	22	11
1994-09-07	0	NULO	21.5	9
1994-09-08	7.5	NULO	22	11
1994-09-09	0	NULO	23.5	12
1994-09-10	0	NULO	21.5	11.5
1994-09-11	0	NULO	21	11
1994-09-12	1.3	NULO	22.5	12.5
1994-09-13	0	NULO	22.5	13
1994-09-14	0	NULO	23	10
1994-09-15	0	NULO	24	10.5
1994-09-16	4.8	NULO	23.5	13
1994-09-17	26	NULO	18.5	13
1994-09-18	0.7	NULO	20	11
1994-09-19	0	NULO	19	12
1994-09-20	0	NULO	20	11
1994-09-21	0	NULO	23	10.5
1994-09-22	0	NULO	25	11
1994-09-23	0	NULO	21.5	12
1994-09-24	2	NULO	22.5	11
1994-09-25	0	NULO	19.5	13
1994-09-26	0	NULO	20.5	9
1994-09-27	0	NULO	23.5	8.5
1994-09-28	0	NULO	20.5	7
1994-09-29	0	NULO	19	6
1994-09-30	0	NULO	23	7.5
1994-10-01	0	NULO	22	9
1994-10-02	0	NULO	24	12
1994-10-03	0	NULO	25.5	11
1994-10-04	4.8	NULO	19.5	11.5
1994-10-05	0	NULO	17	13
1994-10-06	7.3	NULO	26	12
1994-10-07	0	NULO	25	13
1994-10-08	16.3	NULO	24	12.5
1994-10-09	1	NULO	15.5	10
1994-10-10	0	NULO	15	6
1994-10-11	0	NULO	16	7
1994-10-12	0	NULO	22	9
1994-10-13	0	NULO	20.5	10
1994-10-14	0	NULO	24.5	10.5
1994-10-15	0	NULO	22.5	12
1994-10-16	0	NULO	24.5	12.5
1994-10-17	0	NULO	25	13
1994-10-18	0	NULO	25	10
1994-10-19	0	NULO	23.5	12
1994-10-20	0	NULO	23	12
1994-10-21	0	NULO	24	12
1994-10-22	0	NULO	25	10
1994-10-23	0	NULO	24.5	8.5
1994-10-24	0	NULO	24	9
1994-10-25	0	NULO	24.5	8
1994-10-26	0	NULO	23	11
1994-10-27	0	NULO	25	9.5
1994-10-28	0	NULO	23	11
1994-10-29	0	NULO	25	9
1994-10-30	0	NULO	25	10
1994-10-31	0	NULO	24	7
1994-11-01	0	NULO	22	11
1994-11-02	0	NULO	25	8.5
1994-11-03	0	NULO	25	11
1994-11-04	0	NULO	23	11
1994-11-05	0	NULO	26.5	10
1994-11-06	3.7	NULO	22	11.5
1994-11-07	0	NULO	21	12
1994-11-08	0	NULO	24	9.5
1994-11-09	0	NULO	23.5	7.5
1994-11-10	0	NULO	20	7.5
1994-11-11	0	NULO	23.5	8
1994-11-12	0	NULO	26	9
1994-11-13	0	NULO	24.5	10
1994-11-14	0	NULO	24	10.5
1994-11-15	0	NULO	20	6
1994-11-16	0	NULO	23	9.5
1994-11-17	0	NULO	25	8
1994-11-18	0	NULO	25	9.5
1994-11-19	0	NULO	24	6
1994-11-20	0	NULO	24	8
1994-11-21	0	NULO	24.5	7.5
1994-11-22	0	NULO	24	5.5
1994-11-23	0	NULO	17.5	9
1994-11-24	0	NULO	17.5	7.5
1994-11-25	0	NULO	23	6
1994-11-26	0	NULO	26.5	8
1994-11-27	0	NULO	28.5	10
1994-11-28	0	NULO	27.5	10.5
1994-11-29	0	NULO	26	10.5
1994-11-30	0	NULO	14	9
1994-12-01	0	NULO	18	7.5
1994-12-02	6.5	NULO	23	7
1994-12-03	0	NULO	22	9.5
1994-12-04	0	NULO	23.5	5.5
1994-12-05	0	NULO	23.5	7.5
1994-12-06	0	NULO	24	8.5
1994-12-07	0	NULO	23.5	7
1994-12-08	0	NULO	23	8
1994-12-09	0	NULO	23	8.5
1994-12-10	0	NULO	21.5	8
1994-12-11	0	NULO	19	3.5
1994-12-12	0	NULO	25.5	4.5
1994-12-13	0	NULO	25.5	7
1994-12-14	0	NULO	24	7
1994-12-15	0	NULO	22	5.5
1994-12-16	0	NULO	25	6
1994-12-17	0.3	NULO	19.5	9.5
1994-12-18	0	NULO	26	11
1994-12-19	0	NULO	23	7
1994-12-20	0	NULO	24	9
1994-12-21	0	NULO	22.5	7
1994-12-22	0	NULO	17.5	7.5
1994-12-23	0	NULO	16	7.5
1994-12-24	0	NULO	22.5	5
1994-12-25	0	NULO	20.5	7
1994-12-26	0	NULO	23.5	5
1994-12-27	0	NULO	25	8
1994-12-28	0	NULO	23.5	7
1994-12-29	0	NULO	22	8.5
1994-12-30	0	NULO	23.5	7.5
1994-12-31	0	NULO	24	7
1995-01-01	0	NULO	20	9
1995-01-02	0	NULO	17.5	7
1995-01-03	0	NULO	19.5	8.5
1995-01-04	0	NULO	20.5	10
1995-01-05	0	NULO	22.5	6
1995-01-06	0	NULO	24.5	7
1995-01-07	0	NULO	23	5.5
1995-01-08	0	NULO	23.5	4
1995-01-09	0	NULO	20.5	6
1995-01-10	0	NULO	23.5	7
1995-01-11	0	NULO	25	7.5
1995-01-12	0	NULO	24	8
1995-01-13	0	NULO	24	7
1995-01-14	0	NULO	19.5	6.5
1995-01-15	0	NULO	22	4.5
1995-01-16	0	NULO	25	6
1995-01-17	0	NULO	24	9
1995-01-18	0	NULO	20	7.5
1995-01-19	0	NULO	24	6.5
1995-01-20	0	NULO	23	3.5
1995-01-21	0	NULO	24	4.5
1995-01-22	0	NULO	24	8
1995-01-23	0	NULO	17.5	7.5
1995-01-24	0	NULO	19.5	8
1995-01-25	4	NULO	18.5	8
1995-01-26	3.4	NULO	23	8
1995-01-27	0	NULO	24	7.5
1995-01-28	0	NULO	23	8.5
1995-01-29	0	NULO	20.5	7.5
1995-01-30	0	NULO	14.5	7.5
1995-01-31	2.2	NULO	16	4
1995-02-01	0	NULO	11.5	5
1995-02-02	0.01	NULO	22.5	7
1995-02-03	5.7	NULO	23	8
1995-02-04	0	NULO	14.5	5
1995-02-05	0	NULO	20.5	4.5
1995-02-06	0	NULO	23	5
1995-02-07	0	NULO	24.5	7
1995-02-08	0	NULO	11.5	8.5
1995-02-09	0	NULO	24	8
1995-02-10	0	NULO	24.5	9
1995-02-11	0	NULO	26	8.5
1995-02-12	0	NULO	26.5	7.5
1995-02-13	0	NULO	27	9
1995-02-14	0	NULO	28.5	10
1995-02-15	0	NULO	28.5	10.5
1995-02-16	0	NULO	29	9
1995-02-17	0	NULO	21.5	9
1995-02-18	0	NULO	23.5	9
1995-02-19	0	NULO	20	5.5
1995-02-20	0	NULO	18.5	8.5
1995-02-21	0	NULO	19.5	5
1995-02-22	0	NULO	22.5	4
1995-02-23	0	NULO	22	8.5
1995-02-24	0	NULO	21.5	5
1995-02-25	0	NULO	22.5	6.5
1995-02-26	9.5	NULO	24	7
1995-02-27	0	NULO	24.5	11
1995-02-28	0	NULO	26	9.5
1995-03-01	0	NULO	20	11
1995-03-02	0	NULO	22.5	8
1995-03-03	0	NULO	24.5	10.5
1995-03-04	0	NULO	28	12
1995-03-05	0	NULO	26	11
1995-03-06	0	NULO	26.5	10.5
1995-03-07	0	NULO	26.5	10.5
1995-03-08	0	NULO	13	6.5
1995-03-09	0	NULO	15.6	2
1995-03-10	0	NULO	22	1
1995-03-11	0	NULO	23	2
1995-03-12	0	NULO	27	6
1995-03-13	0	NULO	27	8
1995-03-14	0	NULO	23	10
1995-03-15	0	NULO	24	6
1995-03-16	0	NULO	21	8
1995-03-17	0	NULO	23	7
1995-03-18	0	NULO	23	7
1995-03-19	0	NULO	25.5	6
1995-03-20	0	NULO	29	10
1995-03-21	0	NULO	29.5	11
1995-03-22	0	NULO	30.5	13
1995-03-23	0	NULO	31.5	11
1995-03-24	0	NULO	32	13
1995-03-25	0	NULO	32	13
1995-03-26	0	NULO	32	14
1995-03-27	0	NULO	29	12
1995-03-28	4.5	NULO	28	11
1995-03-29	0	NULO	26	11.5
1995-03-30	0	NULO	28	11
1995-03-31	0	NULO	27	13
1995-04-01	0	NULO	24	10
1995-04-02	0	NULO	24	10
1995-04-03	0	NULO	26	10
1995-04-04	0	NULO	28.5	10.5
1995-04-05	0	NULO	27	13
1995-04-06	0	NULO	25.5	9
1995-04-07	0	NULO	29	8.5
1995-04-08	0	NULO	28	9
1995-04-09	0	NULO	30.5	11.5
1995-04-10	0	NULO	30.5	14
1995-04-11	0	NULO	27.5	11
1995-04-12	0	NULO	27.5	6.5
1995-04-13	0	NULO	24	8
1995-04-14	0	NULO	28	8.5
1995-04-15	0	NULO	27.5	13
1995-04-16	0	NULO	29	15
1995-04-17	2.9	NULO	29	13
1995-04-18	9.3	NULO	29	15
1995-04-19	0	NULO	28.5	12.5
1995-04-20	0	NULO	30	13
1995-04-21	0	NULO	31.5	12
1995-04-22	0	NULO	32	13
1995-04-23	0	NULO	28	14.5
1995-04-24	0	NULO	23.5	12
1995-04-25	1	NULO	25	9.5
1995-04-26	1	NULO	24.5	10.5
1995-04-27	0	NULO	24	10.5
1995-04-28	0	NULO	26	9.5
1995-04-29	0	NULO	28	10
1995-04-30	4.3	NULO	29	13
1995-05-01	0	NULO	29	12.5
1995-05-02	0	NULO	30	10
1995-05-03	9.2	NULO	31	12
1995-05-04	0	NULO	29	12.5
1995-05-05	0	NULO	30	14
1995-05-06	0	NULO	30.5	11
1995-05-07	0	NULO	31	15.5
1995-05-08	0	NULO	30.5	12
1995-05-09	0	NULO	32	13
1995-05-10	0	NULO	32	14
1995-05-11	0	NULO	32	14
1995-05-12	0	NULO	33	15
1995-05-13	0	NULO	32	15.5
1995-05-14	0	NULO	32.5	17
1995-05-15	0	NULO	28.5	15.5
1995-05-16	0	NULO	31	13
1995-05-17	0	NULO	31.5	16
1995-05-18	0	NULO	32	16
1995-05-19	0	NULO	27.5	15.5
1995-05-20	0	NULO	29	14
1995-05-21	0	NULO	30.5	14.5
1995-05-22	0	NULO	30	13
1995-05-23	0	NULO	30	12.5
1995-05-24	0	NULO	27	13
1995-05-25	0	NULO	26	12
1995-05-26	0	NULO	22	13
1995-05-27	5.2	NULO	28.5	13
1995-05-28	31.2	NULO	25.5	12
1995-05-29	0	NULO	24	13
1995-05-30	2.5	NULO	24.5	11.5
1995-05-31	0	NULO	25	13
1995-06-01	0	NULO	27	12
1995-06-02	0	NULO	26	11.5
1995-06-03	0	NULO	29	11
1995-06-04	0	NULO	29	11
1995-06-05	0	NULO	29	12
1995-06-06	0	NULO	31	14.5
1995-06-07	0	NULO	31	14.5
1995-06-08	0	NULO	31	13
1995-06-09	0	NULO	29	12
1995-06-10	0	NULO	28	13
1995-06-11	0	NULO	27	13
1995-06-12	0	NULO	22	13.5
1995-06-13	0	NULO	23	13
1995-06-14	0	NULO	22.5	13
1995-06-15	0	NULO	23	12
1995-06-16	0	NULO	22.5	12.5
1995-06-17	0	NULO	21.5	13.5
1995-06-18	0	NULO	22	12
1995-06-19	0	NULO	22.5	11.5
1995-06-20	0	NULO	25	14
1995-06-21	0	NULO	24.5	14.5
1995-06-22	0	NULO	24.5	13
1995-06-23	0	NULO	28	13
1995-06-24	0	NULO	25	14
1995-06-25	0	NULO	24	12
1995-06-26	0	NULO	24.5	12
1995-06-27	13.5	NULO	24.5	13
1995-06-28	8.2	NULO	24	13
1995-06-29	3.8	NULO	22.5	13.5
1995-06-30	18.5	NULO	22	13.5
1995-07-01	0	NULO	25	12
1995-07-02	0	NULO	25	10
1995-07-03	4	NULO	25	10
1995-07-04	0	NULO	24.5	13
1995-07-05	0	NULO	25	12.5
1995-07-06	0	NULO	24.5	12
1995-07-07	0	NULO	24	13
1995-07-08	0	NULO	24	13
1995-07-09	0	NULO	23	9.5
1995-07-10	0	NULO	25	10
1995-07-11	0	NULO	23	13
1995-07-12	0	NULO	25	13.5
1995-07-13	12	NULO	26	12
1995-07-14	0	NULO	24	13.5
1995-07-15	0	NULO	24.5	12.5
1995-07-16	0	NULO	22	10
1995-07-17	0	NULO	21	10.5
1995-07-18	0	NULO	22.5	10
1995-07-19	0	NULO	24.5	9.5
1995-07-20	0	NULO	24.5	10.5
1995-07-21	0	NULO	23	10.5
1995-07-22	2	NULO	23.5	12
1995-07-23	0	NULO	25	10
1995-07-24	0	NULO	24	9
1995-07-25	9.5	NULO	24	8.5
1995-07-26	0	NULO	25.5	11
1995-07-27	0	NULO	26	12
1995-07-28	0	NULO	25.5	11
1995-07-29	0	NULO	25	11
1995-07-30	0	NULO	25	10
1995-07-31	0	NULO	26	11
1995-08-01	0	NULO	26	13
1995-08-02	0	NULO	24	13
1995-08-03	0	NULO	25	12
1995-08-04	45	NULO	23	10.5
1995-08-05	25	NULO	21.5	13
1995-08-06	1.8	NULO	26	13
1995-08-07	14	NULO	24	12
1995-08-08	16	NULO	24.5	11.5
1995-08-09	0	NULO	22	12
1995-08-10	0	NULO	22	12
1995-08-11	4	NULO	18.5	12
1995-08-12	0	NULO	18.5	12.5
1995-08-13	0	NULO	21	13
1995-08-14	0	NULO	21.5	12.5
1995-08-15	0	NULO	22.5	13
1995-08-16	0	NULO	24	12
1995-08-17	0	NULO	24	14
1995-08-18	0	NULO	23.5	13
1995-08-19	0	NULO	21.5	13.5
1995-08-20	0	NULO	24	13
1995-08-21	25	NULO	26	10.5
1995-08-22	0	NULO	24	13
1995-08-23	0	NULO	23	11.5
1995-08-24	28	NULO	23	13
1995-08-25	0	NULO	20.5	12.5
1995-08-26	0	NULO	21	12.5
1995-08-27	0	NULO	21.5	11
1995-08-28	0	NULO	22.5	11
1995-08-29	0	NULO	23	11.5
1995-08-30	0	NULO	22	10
1995-08-31	0	NULO	22	11.5
1995-09-01	7.5	NULO	19.5	14
1995-09-02	6.5	NULO	16	13
1995-09-03	0	NULO	19	9.5
1995-09-04	0	NULO	20	8
1995-09-05	0	NULO	21.5	9.5
1995-09-06	0	NULO	22	11
1995-09-07	0	NULO	21.5	9
1995-09-08	0	NULO	22	11
1995-09-09	0	NULO	23.5	12
1995-09-10	0	NULO	21.5	11.5
1995-09-11	0	NULO	21.5	11
1995-09-12	1.3	NULO	22.5	12.5
1995-09-13	0	NULO	22.5	13
1995-09-14	0	NULO	23	10
1995-09-15	0	NULO	24	13
1995-09-16	0	NULO	24.5	13
1995-09-17	0	NULO	24	13
1995-09-18	0	NULO	24	12
1995-09-19	0	NULO	25	11
1995-09-20	0	NULO	24	12.5
1995-09-21	11	NULO	24.5	13.5
1995-09-22	0	NULO	23.5	13.5
1995-09-23	0	NULO	23.5	11.5
1995-09-24	0	NULO	23.5	10.5
1995-09-25	0	NULO	25	12.5
1995-09-26	0	NULO	24.5	10
1995-09-27	0	NULO	23	10.5
1995-09-28	0	NULO	23.5	13
1995-09-29	0	NULO	26	10.5
1995-09-30	0	NULO	26	9.5
1995-10-01	1.2	NULO	22.5	6.5
1995-10-02	0	NULO	24	11
1995-10-03	0	NULO	25	11.5
1995-10-04	0	NULO	26.5	10.5
1995-10-05	0	NULO	26.5	11.5
1995-10-06	0.3	NULO	21.5	10
1995-10-07	0	NULO	17	7.5
1995-10-08	0	NULO	22.5	6
1995-10-09	0	NULO	24.5	4.5
1995-10-10	0	NULO	23	4
1995-10-11	0	NULO	20	5
1995-10-12	6.5	NULO	19.5	3.5
1995-10-13	2.7	NULO	16	7.5
1995-10-14	12.8	NULO	13	11
1995-10-15	0	NULO	15.5	6.5
1995-10-16	0	NULO	19	3
1995-10-17	0	NULO	22	7
1995-10-18	0	NULO	24	6
1995-10-19	5.6	NULO	22	9
1995-10-20	37	NULO	15	12.5
1995-10-21	0.3	NULO	19	9
1995-10-22	0	NULO	22.5	9
1995-10-23	0	NULO	25.5	9.5
1995-10-24	0	NULO	19	11
1995-10-25	0	NULO	23.5	12
1995-10-26	4.8	NULO	24	9
1995-10-27	12.5	NULO	22.5	11
1995-10-28	3.2	NULO	20	9
1995-10-29	0	NULO	18.5	10
1995-10-30	0	NULO	21.5	10.5
1995-10-31	0	NULO	24	9
1995-11-01	6.5	NULO	25	12
1995-11-02	1	NULO	24	11
1995-11-03	1.3	NULO	21.5	10
1995-11-04	0	NULO	22	11
1995-11-05	0	NULO	23.5	8.5
1995-11-06	0	NULO	24	10.5
1995-11-07	0	NULO	24.5	12
1995-11-08	0	NULO	18	13
1995-11-09	0	NULO	24.5	10
1995-11-10	0	NULO	25	11
1995-11-11	0.01	NULO	22	11.5
1995-11-12	0	NULO	23	9
1995-11-13	0	NULO	24	9
1995-11-14	0	NULO	21	8.5
1995-11-15	0	NULO	23	6
1995-11-16	0	NULO	20.5	8
1995-11-17	3	NULO	22.5	8.5
1995-11-18	6.5	NULO	16	9.5
1995-11-19	0	NULO	19.5	9
1995-11-20	1.5	NULO	18	9.5
1995-11-21	9.8	NULO	11.5	10
1995-11-22	0	NULO	19	5.5
1995-11-23	0.01	NULO	20	6.5
1995-11-24	0	NULO	17	5.5
1995-11-25	0	NULO	18	3
1995-11-26	0	NULO	22.5	1
1995-11-27	0	NULO	23.5	4
1995-11-28	0	NULO	23	6.5
1995-11-29	0	NULO	21	6
1995-11-30	0	NULO	21.5	6
1995-12-01	0	NULO	23.5	7
1995-12-02	0	NULO	25	9.5
1995-12-03	0	NULO	25	10
1995-12-04	0	NULO	24.5	5.5
1995-12-05	0	NULO	26	7.5
1995-12-06	0	NULO	24.5	7.5
1995-12-07	0	NULO	25.5	7
1995-12-08	0	NULO	24	7.5
1995-12-09	0	NULO	24	7.5
1995-12-10	0	NULO	15	6.5
1995-12-11	0	NULO	18	5
1995-12-12	0	NULO	20.5	4
1995-12-13	0	NULO	22	5.5
1995-12-14	0	NULO	24	6
1995-12-15	0	NULO	23	7.5
1995-12-16	0	NULO	24	8.5
1995-12-17	0	NULO	25	8.5
1995-12-18	0	NULO	25	10
1995-12-19	0	NULO	23.5	6
1995-12-20	0	NULO	23	7
1995-12-21	0	NULO	20.5	9
1995-12-22	0	NULO	20	9.5
1995-12-23	0	NULO	19.5	10
1995-12-24	0	NULO	19.5	5.5
1995-12-25	4.4	NULO	16	6
1995-12-26	1.5	NULO	12.5	6
1995-12-27	3.5	NULO	17	8.5
1995-12-28	0.2	NULO	12	7.5
1995-12-29	0.01	NULO	21	6
1995-12-30	8.5	NULO	10.5	6.5
1995-12-31	0	NULO	17.5	6.5
1996-01-01	0	NULO	21.5	5.5
1996-01-02	0	NULO	22	6
1996-01-03	0	NULO	17.5	4.5
1996-01-04	0	NULO	23	4.5
1996-01-05	0	NULO	24	5.5
1996-01-06	0	NULO	22.5	5.5
1996-01-07	0	NULO	10.5	4.5
1996-01-08	0	NULO	14.5	0.5
1996-01-09	0	NULO	19.5	1
1996-01-10	0	NULO	21.5	2
1996-01-11	0	NULO	22	6
1996-01-12	0	NULO	15.5	1.5
1996-01-13	0	NULO	21	0
1996-01-14	0	NULO	24.5	3
1996-01-15	0	NULO	23	5
1996-01-16	0	NULO	24	2.5
1996-01-17	0	NULO	25	4
1996-01-18	0	NULO	25	5.5
1996-01-19	0	NULO	22.5	5
1996-01-20	0	NULO	24	5.5
1996-01-21	0	NULO	19.5	4.5
1996-01-22	0	NULO	24	3
1996-01-23	0	NULO	26	6.5
1996-01-24	0	NULO	17.5	7
1996-01-25	0	NULO	25	4.5
1996-01-26	0	NULO	26.5	8
1996-01-27	0	NULO	16	6.5
1996-01-28	0	NULO	24.5	6
1996-01-29	0	NULO	24.5	8.5
1996-01-30	0	NULO	24.5	6.5
1996-01-31	0	NULO	26	7
1996-02-01	0	NULO	24.5	9.5
1996-02-02	0	NULO	24	6
1996-02-03	0	NULO	22.5	7
1996-02-04	0	NULO	14.5	3
1996-02-05	0	NULO	14.5	1.5
1996-02-06	0	NULO	19	-1.5
1996-02-07	0	NULO	20.5	3
1996-02-08	0	NULO	22	2
1996-02-09	0	NULO	24.5	6
1996-02-10	0	NULO	23.5	8.5
1996-02-11	0	NULO	22	7
1996-02-12	0	NULO	15.5	6.5
1996-02-13	0	NULO	20	5.5
1996-02-14	0	NULO	27	7
1996-02-15	0	NULO	27.5	11
1996-02-16	0	NULO	16.5	8
1996-02-17	0	NULO	26	4
1996-02-18	0	NULO	26	8
1996-02-19	0	NULO	27	8
1996-02-20	0	NULO	27	8
1996-02-21	0	NULO	28	10
1996-02-22	0	NULO	27.5	11
1996-02-23	0	NULO	29	8
1996-02-24	0	NULO	26	6
1996-02-25	0	NULO	28	6
1996-02-26	0	NULO	28	9.5
1996-02-27	0	NULO	29	10
1996-02-28	0	NULO	27	9
1996-02-29	0	NULO	28	12
1996-03-01	0	NULO	28.5	10
1996-03-02	0	NULO	21.5	5.5
1996-03-03	0	NULO	25	5
1996-03-04	0	NULO	27	6
1996-03-05	0	NULO	28	10.5
1996-03-06	0	NULO	28	9
1996-03-07	0	NULO	22.5	10
1996-03-08	0	NULO	14	5.5
1996-03-09	0	NULO	8.5	1
1996-03-10	0	NULO	18	0
1996-03-11	0	NULO	20.5	1
1996-03-12	0	NULO	26	3
1996-03-13	0	NULO	27	7
1996-03-14	0	NULO	29	9.5
1996-03-15	0	NULO	29.5	9
1996-03-16	0	NULO	31	10
1996-03-17	0	NULO	29	8
1996-03-18	0	NULO	28	7
1996-03-19	0	NULO	26	6
1996-03-20	0	NULO	17	4
1996-03-21	0	NULO	21.5	4
1996-03-22	3.5	NULO	24.5	6.5
1996-03-23	0	NULO	26	7.5
1996-03-24	0	NULO	27	11.5
1996-03-25	0	NULO	26	10
1996-03-26	0	NULO	23	10
1996-03-27	0	NULO	26.5	6.5
1996-03-28	0	NULO	27	7.5
1996-03-29	0	NULO	29	8.5
1996-03-30	0	NULO	29.5	12
1996-03-31	0	NULO	25	9
1996-04-01	0	NULO	19.5	9
1996-04-02	0	NULO	25	9
1996-04-03	0	NULO	29	10
1996-04-04	0	NULO	28	11
1996-04-05	0	NULO	29.5	10
1996-04-06	0	NULO	23.5	12
1996-04-07	0	NULO	25	8
1996-04-08	0	NULO	27.5	10
1996-04-09	0	NULO	23	7.5
1996-04-10	0	NULO	25	6.5
1996-04-11	0	NULO	27	8.5
1996-04-12	0	NULO	29.5	9
1996-04-13	0	NULO	29.5	10
1996-04-14	0	NULO	30	12
1996-04-15	0	NULO	21	12.5
1996-04-16	0	NULO	26	8
1996-04-17	0	NULO	26.5	10.5
1996-04-18	0	NULO	29	11
1996-04-19	0	NULO	31	13
1996-04-20	0	NULO	31.5	13.5
1996-04-21	0	NULO	31	13.5
1996-04-22	0	NULO	30	13.5
1996-04-23	0	NULO	22	12
1996-04-24	0	NULO	22.5	8
1996-04-25	0	NULO	27	10.5
1996-04-26	0	NULO	29	11.5
1996-04-27	0	NULO	28	11
1996-04-28	0	NULO	29	9
1996-04-29	0	NULO	26	11
1996-04-30	0.8	NULO	25	8.5
1996-05-01	0	NULO	27	10.5
1996-05-02	0	NULO	30	12.5
1996-05-03	0	NULO	29	12.5
1996-05-04	0	NULO	31	13
1996-05-05	0	NULO	29	10
1996-05-06	0	NULO	26.5	11.5
1996-05-07	0	NULO	27	11.5
1996-05-08	0	NULO	27	13.5
1996-05-09	0	NULO	28	11.5
1996-05-10	0	NULO	28	11
1996-05-11	0	NULO	26	11
1996-05-12	0	NULO	24	9
1996-05-13	0	NULO	27	8
1996-05-14	0	NULO	28	7.5
1996-05-15	0	NULO	28	11
1996-05-16	0	NULO	26	8
1996-05-17	0	NULO	26.5	9.5
1996-05-18	0	NULO	24	9.5
1996-05-19	0	NULO	27	9
1996-05-20	0	NULO	30	9.5
1996-05-21	0	NULO	30.5	12
1996-05-22	0	NULO	30.5	10.5
1996-05-23	0	NULO	31	11.5
1996-05-24	0	NULO	31	12
1996-05-25	0	NULO	31	12
1996-05-26	0	NULO	30	11
1996-05-27	0	NULO	30.5	15.5
1996-05-28	0	NULO	32	15
1996-05-29	0	NULO	32	12
1996-05-30	0	NULO	27.5	15
1996-05-31	0	NULO	27	14.5
1996-06-01	0	NULO	26.5	12.5
1996-06-02	0	NULO	26	13
1996-06-03	0.01	NULO	20.5	9
1996-06-04	0	NULO	25	6.5
1996-06-05	0	NULO	26	9
1996-06-06	0	NULO	27	11.5
1996-06-07	0	NULO	27.5	11.5
1996-06-08	1	NULO	24	11.5
1996-06-09	0.01	NULO	25.5	8.5
1996-06-10	0.01	NULO	28	11.5
1996-06-11	0.01	NULO	24	13
1996-06-12	0	NULO	24	11.5
1996-06-13	0	NULO	24.5	10
1996-06-14	0	NULO	25	10.5
1996-06-15	0	NULO	24.5	10.5
1996-06-16	0	NULO	25.5	10
1996-06-17	0	NULO	25.5	11.5
1996-06-18	0	NULO	26.5	13
1996-06-19	0	NULO	28.5	12.5
1996-06-20	0	NULO	27	12
1996-06-21	0	NULO	27	11.6
1996-06-22	4.5	NULO	28.5	11.5
1996-06-23	60	NULO	25	14
1996-06-24	0	NULO	23	13
1996-06-25	13.4	NULO	24	13
1996-06-26	1.8	NULO	22	14
1996-06-27	0	NULO	22	13.5
1996-06-28	5	NULO	19	9
1996-06-29	8	NULO	18.5	12
1996-06-30	6.8	NULO	20	13
1996-07-01	0	NULO	21	10
1996-07-02	0	NULO	23	10
1996-07-03	0	NULO	23	10
1996-07-04	0	NULO	23	10.5
1996-07-05	0	NULO	24.5	15
1996-07-06	0	NULO	24.5	11
1996-07-07	3.3	NULO	25.5	11.5
1996-07-08	0	NULO	27	12
1996-07-09	0	NULO	26	12.5
1996-07-10	0	NULO	26	12
1996-07-11	0	NULO	25.5	11
1996-07-12	0	NULO	25.5	12
1996-07-13	0	NULO	24	12
1996-07-14	0	NULO	25	12
1996-07-15	0	NULO	25	13
1996-07-16	0	NULO	23	13
1996-07-17	1.5	NULO	23	11.5
1996-07-18	0	NULO	23	12
1996-07-19	0	NULO	21.5	13
1996-07-20	0	NULO	25	9
1996-07-21	2.5	NULO	24.5	12
1996-07-22	0	NULO	26	10
1996-07-23	0	NULO	25.5	10
1996-07-24	13.4	NULO	26	11
1996-07-25	14	NULO	26	12
1996-07-26	0.4	NULO	24	10
1996-07-27	0	NULO	23	9
1996-07-28	2.7	NULO	21	12
1996-07-29	5.8	NULO	19.5	12
1996-07-30	5.6	NULO	19	12
1996-07-31	0	NULO	24	12.5
1996-08-01	0	NULO	23.5	10.5
1996-08-02	1	NULO	23	10
1996-08-03	1.5	NULO	25	12
1996-08-04	0	NULO	25.5	13
1996-08-05	0	NULO	24	13
1996-08-06	0	NULO	23.5	13
1996-08-07	1.5	NULO	24	8.5
1996-08-08	6	NULO	17	10.5
1996-08-09	11.5	NULO	20	11.5
1996-08-10	0.6	NULO	23	10
1996-08-11	11	NULO	23	12
1996-08-12	6	NULO	23.5	10
1996-08-13	0	NULO	23.5	13
1996-08-14	0	NULO	21.5	10
1996-08-15	0.8	NULO	20.5	12
1996-08-16	3.3	NULO	19	12
1996-08-17	2.4	NULO	21	11.5
1996-08-18	0.2	NULO	22	12
1996-08-19	0	4.2	22	13
1996-08-20	5	5.15	18	10
1996-08-21	3.2	2.25	17	11
1996-08-22	27	1.43	17.5	11
1996-08-23	21	2.13	16	12
1996-08-24	2.2	1.23	20	13
1996-08-25	1	3.47	21	13.5
1996-08-26	0.01	2.6	22.5	13
1996-08-27	0.01	4.14	22.5	13.5
1996-08-28	0	4.54	23	12.5
1996-08-29	0	3.92	23.5	11
1996-08-30	0	4.3	23	11.5
1996-08-31	0	4.41	25	13
1996-09-01	0.4	3.53	24	13
1996-09-02	0	5.1	25	13
1996-09-03	21.4	5.12	26	12.5
1996-09-04	0.2	1.35	20	13
1996-09-05	4	5.01	23	12.5
1996-09-06	50.5	7.81	22.5	13
1996-09-07	0	2.43	22	13.5
1996-09-08	0	4.79	22.5	12
1996-09-09	1.4	3.3	20.5	12
1996-09-10	0	3.83	21.5	11.5
1996-09-11	0	3.93	22	11.5
1996-09-12	0	5.91	24	11.5
1996-09-13	0	3.34	23.5	10.5
1996-09-14	0.3	4.7	24	14
1996-09-15	0	4.27	25	14.5
1996-09-16	0	4.1	25.5	12
1996-09-17	5.6	3.7	25.5	12
1996-09-18	21.7	5.75	26	14
1996-09-19	0.01	4.67	24	13
1996-09-20	38.8	5.88	24	12.5
1996-09-21	2	1.2	20.5	12
1996-09-22	0	4.8	22.5	12
1996-09-23	0	3.53	23	12
1996-09-24	0	4.49	23.5	12.5
1996-09-25	0	3.63	24	11
1996-09-26	0	3.67	25	10.5
1996-09-27	0	5.24	26	13
1996-09-28	4.5	2.54	17	13.5
1996-09-29	0.8	0.7	15.5	11
1996-09-30	5.5	0.7	12.5	9
1996-10-01	12.5	1.06	18.5	6
1996-10-02	7.3	1.3	18	10.5
1996-10-03	0.7	2.99	19.5	12.5
1996-10-04	0.3	2.67	20	10.5
1996-10-05	0	3.11	21	12
1996-10-06	1.8	0.61	18	12
1996-10-07	0	2.78	17.5	9
1996-10-08	0	2.52	18	7.5
1996-10-09	0	2.3	17.5	10
1996-10-10	0.9	2.35	18	9
1996-10-11	0	4.82	17	8
1996-10-12	0	3.33	18	7
1996-10-13	0	2.81	17.5	10
1996-10-14	0	6.21	21	9
1996-10-15	0	1.64	23	9
1996-10-16	0	6.04	24	6.5
1996-10-17	0	4.73	25	8
1996-10-18	0	3.98	21	9
1996-10-19	0	3.9	22	9
1996-10-20	0	NULO	25.5	10
1996-10-21	0	NULO	26	12
1996-10-22	0	NULO	25	11.5
1996-10-23	6.7	NULO	26	8
1996-10-24	18.9	NULO	26	8
1996-10-25	0	NULO	21.5	12.5
1996-10-26	0	NULO	22	9
1996-10-27	0	NULO	24	13
1996-10-28	0	NULO	22.5	13
1996-10-29	0	NULO	24	10
1996-10-30	0	NULO	22.5	8
1996-10-31	0	NULO	23	8
1996-11-01	0	NULO	24.5	10
1996-11-02	1	NULO	20	10
1996-11-03	0.2	NULO	13.5	10
1996-11-04	0	NULO	23	7
1996-11-05	0	NULO	23	6
1996-11-06	0	NULO	25.5	9
1996-11-07	0	NULO	24	11
1996-11-08	0	NULO	15	7
1996-11-09	0	NULO	16	3
1996-11-10	0.01	NULO	17	-1
1996-11-11	0	NULO	15.5	3
1996-11-12	0.5	NULO	12	6.5
1996-11-13	0	NULO	14.5	7.5
1996-11-14	0	NULO	19	6.5
1996-11-15	0	NULO	21	7
1996-11-16	0	NULO	24	8
1996-11-17	0	NULO	23	8.5
1996-11-18	0	NULO	21	6.5
1996-11-19	0	NULO	22.5	5.5
1996-11-20	0	NULO	24	7
1996-11-21	0	NULO	24	9
1996-11-22	0	NULO	24	8
1996-11-23	0	NULO	23	9
1996-11-24	0	NULO	24	6
1996-11-25	0	NULO	18.5	10
1996-11-26	0	NULO	20	5.5
1996-11-27	0	NULO	16	6
1996-11-28	0	NULO	20	6
1996-11-29	0	NULO	25	7.5
1996-11-30	0	NULO	25	9.5
1996-12-01	0	NULO	17.5	11
1996-12-02	0	NULO	24.5	11.5
1996-12-03	0	NULO	22.5	10
1996-12-04	0	NULO	23	9
1996-12-05	0	NULO	23.5	10
1996-12-06	0	NULO	25.5	8.5
1996-12-07	0	NULO	22.5	10.5
1996-12-08	0	NULO	20	6
1996-12-09	0	NULO	22.5	6
1996-12-10	0	NULO	23	7
1996-12-11	0	NULO	24	7
1996-12-12	0	NULO	23.5	8
1996-12-13	0	NULO	23	4.5
1996-12-14	0	NULO	20.5	5.5
1996-12-15	0	NULO	22	4
1996-12-16	0	NULO	22.5	7
1996-12-17	0	NULO	23	8
1996-12-18	0.4	NULO	19	6.5
1996-12-19	0.4	NULO	10.5	2
1996-12-20	0	NULO	19	2
1996-12-21	0	NULO	21	4
1996-12-22	0	NULO	22	4.5
1996-12-23	0	NULO	22.5	6
1996-12-24	0	NULO	22	7
1996-12-25	0	NULO	21	6.5
1996-12-26	0	NULO	23	7
1996-12-27	0	NULO	22.5	8.5
1996-12-28	0	NULO	23	8
1996-12-29	0.8	NULO	17	9
1996-12-30	0	NULO	21.5	8
1996-12-31	0	NULO	21	7.5
1997-01-01	0	NULO	22	5
1997-01-02	0	NULO	20.5	5
1997-01-03	0	NULO	20.5	6
1997-01-04	0	NULO	23	8
1997-01-05	0	NULO	25	7
1997-01-06	0	NULO	26	9
1997-01-07	0	NULO	25	8
1997-01-08	0	NULO	22	8
1997-01-09	0	NULO	23	9
1997-01-10	0	NULO	21.5	5
1997-01-11	0	NULO	22	1.5
1997-01-12	0	NULO	22	1.5
1997-01-13	0	NULO	18	1.5
1997-01-14	0	NULO	18.5	2
1997-01-15	0	NULO	23	5
1997-01-16	0	NULO	18	3
1997-01-17	0	NULO	18.5	2
1997-01-18	0	NULO	13	4
1997-01-19	0	NULO	20	5.5
1997-01-20	0	NULO	20	6
1997-01-21	0	NULO	23.5	6
1997-01-22	0	NULO	24	5
1997-01-23	0	NULO	25	5.5
1997-01-24	0	NULO	24.5	6
1997-01-25	0	NULO	22	4.5
1997-01-26	0	NULO	23.5	4
1997-01-27	0	NULO	25	5.5
1997-01-28	0	NULO	17	5
1997-01-29	0	NULO	19.5	5.5
1997-01-30	0	NULO	17.5	3
1997-01-31	0	NULO	22	2.5
1997-02-01	0	NULO	24	5.5
1997-02-02	0	NULO	23	8
1997-02-03	0	NULO	24.5	6
1997-02-04	0	NULO	22	6.5
1997-02-05	0.1	NULO	14.5	7
1997-02-06	0	NULO	23.5	6.5
1997-02-07	0	NULO	24.5	7
1997-02-08	0	NULO	18.5	8
1997-02-09	0	NULO	24	5
1997-02-10	0	NULO	21.5	9
1997-02-11	0	NULO	24.5	8.5
1997-02-12	0	NULO	26	11
1997-02-13	0	NULO	27	7
1997-02-14	0	NULO	20	2.5
1997-02-15	0	NULO	8	2
1997-02-16	0	NULO	13.5	2.5
1997-02-17	0	NULO	19.5	2
1997-02-18	0	NULO	23.5	2.5
1997-02-19	0	NULO	25	6.5
1997-02-20	0	NULO	27.5	8
1997-02-21	0	NULO	27	7
1997-02-22	0	NULO	18	8.5
1997-02-23	0	NULO	25	5
1997-02-24	0	NULO	26	6.5
1997-02-25	0	NULO	24	6
1997-02-26	0	NULO	28.5	9
1997-02-27	0	NULO	27.5	8.5
1997-02-28	0	NULO	29	11
1997-03-01	0	NULO	31	10
1997-03-02	0	NULO	27	9.5
1997-03-03	0	NULO	28	6
1997-03-04	0	NULO	29.5	8
1997-03-05	0	NULO	28	10
1997-03-06	0	NULO	28	9
1997-03-07	0	NULO	26	8
1997-03-08	0	NULO	22.5	7.5
1997-03-09	0	NULO	21.5	7.5
1997-03-10	0	NULO	21	9
1997-03-11	0	NULO	23.5	10
1997-03-12	0	NULO	26	10
1997-03-13	0	NULO	26	9
1997-03-14	0	NULO	25	9
1997-03-15	0	NULO	23	10
1997-03-16	0	NULO	27	12
1997-03-17	0	NULO	27	11
1997-03-18	3	NULO	25	11
1997-03-19	9	NULO	15	8
1997-03-20	0	NULO	18	5
1997-03-21	1.1	NULO	22	6
1997-03-22	3.2	NULO	21.5	7.5
1997-03-23	0	NULO	24	7
1997-03-24	0.01	NULO	26.5	10
1997-03-25	0.01	NULO	24	10
1997-03-26	1.8	NULO	26.5	11
1997-03-27	1.4	NULO	25	11
1997-03-28	0	NULO	27	10
1997-03-29	28.2	NULO	27	11.5
1997-03-30	4.5	NULO	23	11.5
1997-03-31	2	NULO	24.5	10
1997-04-01	0.01	NULO	25	9.5
1997-04-02	0	NULO	25.5	10
1997-04-03	15.5	NULO	27	11
1997-04-04	0.01	NULO	24.5	11.5
1997-04-05	0.01	NULO	23	10.5
1997-04-06	0	NULO	26	9.5
1997-04-07	6	NULO	23	11
1997-04-08	0.2	NULO	24	11
1997-04-09	2.2	NULO	21	10
1997-04-10	5	NULO	22.5	10
1997-04-11	0	NULO	24	10
1997-04-12	2	NULO	24.5	9.5
1997-04-13	0.3	NULO	21	8
1997-04-14	5.3	NULO	21	8
1997-04-15	1	NULO	21	9
1997-04-16	17.5	NULO	22	8.5
1997-04-17	5.5	NULO	20	8.5
1997-04-18	1.2	NULO	21	11
1997-04-19	0	NULO	23	12
1997-04-20	7.6	NULO	22.5	12
1997-04-21	0	NULO	23	10
1997-04-22	0	NULO	26.5	10.5
1997-04-23	0	NULO	27	10
1997-04-24	0	NULO	28	12
1997-04-25	0	NULO	29	11
1997-04-26	0	NULO	29	12
1997-04-27	0	NULO	24.5	9
1997-04-28	0	NULO	25	7
1997-04-29	0	NULO	28	9.5
1997-04-30	0	NULO	28	12
1997-05-01	0	NULO	29	12
1997-05-02	0	NULO	29	12.5
1997-05-03	0	NULO	24	12.5
1997-05-04	1.5	NULO	18.5	11.5
1997-05-05	0	NULO	24	11.5
1997-05-06	0	NULO	25	11.5
1997-05-07	0	NULO	24	9
1997-05-08	18.3	NULO	24.5	10.5
1997-05-09	14.8	NULO	24.5	11
1997-05-10	1.5	NULO	23	10.5
1997-05-11	0	NULO	22	10
1997-05-12	0	NULO	24	10
1997-05-13	0	NULO	23.5	10
1997-05-14	4.5	NULO	23	11.5
1997-05-15	6.2	NULO	23	10
1997-05-16	0.01	NULO	22	11
1997-05-17	5.5	NULO	23	11
1997-05-18	0	NULO	25	10
1997-05-19	0.01	NULO	25	12
1997-05-20	3.8	NULO	23	12
1997-05-21	0	NULO	23.5	11
1997-05-22	25.3	NULO	22.5	9.5
1997-05-23	7.3	NULO	22.5	8.5
1997-05-24	0	NULO	24	10
1997-05-25	7	NULO	27	13
1997-05-26	10	NULO	26.5	13
1997-05-27	0	NULO	25.5	11
1997-05-28	3.5	NULO	23	12
1997-05-29	0	NULO	22.5	10
1997-05-30	0	NULO	23	9
1997-05-31	0	NULO	25	10
1997-06-01	0	NULO	24	11
1997-06-02	0	NULO	25.5	9
1997-06-03	0	NULO	26	12
1997-06-04	0	NULO	25	11
1997-06-05	0	NULO	26.5	10.5
1997-06-06	7.5	NULO	28	11
1997-06-07	0	NULO	27.5	13
1997-06-08	0	NULO	26.5	14
1997-06-09	0	NULO	26	14
1997-06-10	0	NULO	26.5	12
1997-06-11	0	NULO	27.5	12.5
1997-06-12	0	NULO	28.5	11
1997-06-13	0	NULO	30	12
1997-06-14	0	NULO	28	11
1997-06-15	0	NULO	28	12
1997-06-16	0	NULO	29	12
1997-06-17	0	NULO	29.5	13.5
1997-06-18	0	NULO	26	15.5
1997-06-19	0	NULO	27	13
1997-06-20	0	NULO	27.5	10.5
1997-06-21	0	NULO	25	12.5
1997-06-22	18.2	NULO	26	10.5
1997-06-23	27.4	NULO	20.5	13
1997-06-24	0.5	NULO	21.5	12
1997-06-25	4.5	NULO	20.5	13
1997-06-26	0.01	NULO	22.5	11.5
1997-06-27	0	NULO	21	12
1997-06-28	0	NULO	24	10
1997-06-29	0	NULO	24	11
1997-06-30	5	NULO	23	12
1997-07-01	3	NULO	19	12
1997-07-02	3.5	NULO	20	13
1997-07-03	0	NULO	23	13
1997-07-04	0	NULO	23	12
1997-07-05	0	NULO	24	11
1997-07-06	0	NULO	24.5	10.5
1997-07-07	0	NULO	24	11
1997-07-08	0	NULO	24	11
1997-07-09	0	NULO	24	11
1997-07-10	0	NULO	26	10
1997-07-11	0	NULO	25	11
1997-07-12	0	NULO	24.5	12
1997-07-13	0	NULO	24	11
1997-07-14	0	NULO	23	11
1997-07-15	0	NULO	23.5	10
1997-07-16	0	NULO	24	11
1997-07-17	0	NULO	25	11
1997-07-18	15	NULO	25.5	13.5
1997-07-19	12	NULO	24	13.5
1997-07-20	45.5	NULO	24	13
1997-07-21	0	NULO	23	13
1997-07-22	0	NULO	24	11
1997-07-23	0	NULO	23	12
1997-07-24	0	NULO	23.5	11
1997-07-25	0	NULO	23	11
1997-07-26	0	NULO	24	10
1997-07-27	0	NULO	25	11
1997-07-28	0	NULO	24.5	13
1997-07-29	0	NULO	25.5	12.5
1997-07-30	0	NULO	25.5	13
1997-07-31	0	NULO	25.5	12
1997-08-01	0	NULO	25.5	11
1997-08-02	0	NULO	26	9
1997-08-03	0	NULO	24	9
1997-08-04	2	NULO	19	10
1997-08-05	1.9	NULO	22.5	12.5
1997-08-06	0	NULO	25	10.5
1997-08-07	0	NULO	27	10
1997-08-08	0	NULO	26	12
1997-08-09	1.4	NULO	26	12
1997-08-10	0	NULO	26	11.5
1997-08-11	0	NULO	27	13
1997-08-12	0	NULO	26	12.5
1997-08-13	0.01	NULO	23	9
1997-08-14	5	NULO	24	13
1997-08-15	0	NULO	25	13
1997-08-16	0	NULO	26.5	12
1997-08-17	19	NULO	25	11.5
1997-08-18	0	NULO	23	11
1997-08-19	0	NULO	24.5	10.5
1997-08-20	0	NULO	26	9.5
1997-08-21	0	NULO	26	11
1997-08-22	0	NULO	25.5	9.5
1997-08-23	0	NULO	27	9
1997-08-24	0	NULO	24	9
1997-08-25	0	NULO	22	11
1997-08-26	0	NULO	24	11
1997-08-27	0	NULO	24.5	12
1997-08-28	4.5	NULO	25	14
1997-08-29	0	NULO	26	11.5
1997-08-30	2	NULO	25	10
1997-08-31	0	NULO	24	9
1997-09-01	0	NULO	24	11
1997-09-02	1.5	NULO	21	10
1997-09-03	3.5	NULO	18.5	12
1997-09-04	2.4	NULO	18	9.5
1997-09-05	1	NULO	19	11.5
1997-09-06	0	NULO	20	12
1997-09-07	2	NULO	24	12
1997-09-08	1.5	NULO	23	14
1997-09-09	0	NULO	24	11
1997-09-10	6.2	NULO	23.5	9
1997-09-11	0	NULO	23.5	12
1997-09-12	0	NULO	25.5	10.5
1997-09-13	0	NULO	24.5	12
1997-09-14	0	NULO	22	10.5
1997-09-15	0	NULO	24	12
1997-09-16	0	NULO	26	11
1997-09-17	0	NULO	26	10
1997-09-18	0	NULO	25	11
1997-09-19	0	NULO	24	8.5
1997-09-20	4.5	NULO	24	12
1997-09-21	0	NULO	21	13
1997-09-22	1.9	NULO	26	12.5
1997-09-23	0	NULO	27.5	11
1997-09-24	31.2	NULO	24	12
1997-09-25	2.5	NULO	18	12.5
1997-09-26	0	NULO	21	9.5
1997-09-27	0	NULO	22	8
1997-09-28	0	NULO	25.5	9
1997-09-29	0	NULO	24	7
1997-09-30	1.4	NULO	23	10
1997-10-01	2.2	NULO	22	13
1997-10-02	0.4	NULO	21.5	11
1997-10-03	0	NULO	21.5	12
1997-10-04	0	NULO	25.5	11
1997-10-05	0.01	NULO	25	9.5
1997-10-06	0.4	NULO	23.5	9
1997-10-07	0	NULO	24.5	13
1997-10-08	0	NULO	23	13.5
1997-10-09	5.3	NULO	21.5	14.5
1997-10-10	34.3	NULO	25.5	14
1997-10-11	41.9	NULO	26	13
1997-10-12	30.7	NULO	26	12.5
1997-10-13	11.5	NULO	16	12.5
1997-10-14	1.6	NULO	15	10
1997-10-15	0	NULO	13.5	6
1997-10-16	0	NULO	13	2
1997-10-17	0	NULO	15.5	3.5
1997-10-18	0	NULO	19	2
1997-10-19	0	NULO	20.5	1
1997-10-20	0	NULO	23.5	2.5
1997-10-21	0	NULO	22.5	2.5
1997-10-22	0	NULO	23.5	6
1997-10-23	0	NULO	25.5	7.5
1997-10-24	0	NULO	26.5	8.5
1997-10-25	0	NULO	27	8
1997-10-26	0	NULO	26	9
1997-10-27	0	NULO	26.5	9.5
1997-10-28	0	NULO	28.5	10.5
1997-10-29	0	NULO	25	10.5
1997-10-30	0	NULO	27	11
1997-10-31	0	NULO	27.5	12
1997-11-01	0	NULO	26.5	11.5
1997-11-02	0	NULO	27.5	10.5
1997-11-03	0	NULO	20.5	11.5
1997-11-04	0	NULO	23	8.5
1997-11-05	0	NULO	23.5	7
1997-11-06	0	NULO	22	3.5
1997-11-07	0	NULO	22.5	4.5
1997-11-08	1.5	NULO	22	8.5
1997-11-09	0	NULO	22	12
1997-11-10	7.5	NULO	24	10
1997-11-11	0	NULO	23.5	11.5
1997-11-12	0	NULO	23.5	12
1997-11-13	0	NULO	25	10.5
1997-11-14	0	NULO	26	6.5
1997-11-15	0	NULO	23	9
1997-11-16	0	NULO	18	8.5
1997-11-17	0	NULO	18.5	8
1997-11-18	0	NULO	20	9
1997-11-19	0	NULO	17	10.5
1997-11-20	0	NULO	24	8
1997-11-21	0	NULO	24.5	10.5
1997-11-22	0	NULO	24.5	6
1997-11-23	0	NULO	24.5	6.5
1997-11-24	0	NULO	19.5	7
1997-11-25	0	NULO	18	10
1997-11-26	0	NULO	22.5	8
1997-11-27	0	NULO	25.5	6
1997-11-28	0	NULO	25.5	7
1997-11-29	0	NULO	25.5	7
1997-11-30	0	NULO	25.5	6
1997-12-01	0	NULO	25.5	6
1997-12-02	0	NULO	25.5	8
1997-12-03	0	NULO	25.5	7.5
1997-12-04	0	NULO	20	9
1997-12-05	0	NULO	20.5	7
1997-12-06	0	NULO	20	5
1997-12-07	0	NULO	26	7
1997-12-08	0	NULO	26.5	8
1997-12-09	0	NULO	28	7
1997-12-10	0	NULO	28	5
1997-12-11	0	NULO	23	2.5
1997-12-12	0	NULO	13	0.5
1997-12-13	0	NULO	4	1
1997-12-14	0	NULO	15.5	0.5
1997-12-15	0	NULO	18	1
1997-12-16	0	NULO	21	0.5
1997-12-17	1.4	NULO	18	0.5
1997-12-18	0	NULO	17	5
1997-12-19	0	NULO	23	4.5
1997-12-20	0	NULO	24.5	7
1997-12-21	0	NULO	25.5	9
1997-12-22	0.5	NULO	18	10
1997-12-23	0	NULO	19	9
1997-12-24	0	NULO	18.5	6
1997-12-25	0	NULO	17	5
1997-12-26	0	NULO	17	3
1997-12-27	0	NULO	10.5	0.5
1997-12-28	0	NULO	25	0.5
1997-12-29	0	NULO	20	3
1997-12-30	0	NULO	20.5	1
1997-12-31	0	NULO	15	1
1998-01-01	0	NULO	18.5	2.5
1998-01-02	0	NULO	21	5.5
1998-01-03	0	NULO	22.5	5
1998-01-04	0	NULO	25	4
1998-01-05	0	NULO	25	7
1998-01-06	0	NULO	24.5	8
1998-01-07	0	NULO	25	8
1998-01-08	0	NULO	22.5	4
1998-01-09	0	NULO	23.5	2.5
1998-01-10	0	NULO	25.5	4
1998-01-11	0	NULO	25	4.5
1998-01-12	0	NULO	27	4
1998-01-13	0	NULO	26	8
1998-01-14	0	NULO	26	6.5
1998-01-15	0	NULO	19	5.5
1998-01-16	0	NULO	22	3
1998-01-17	0	NULO	20	6
1998-01-18	7.9	NULO	20.5	6.5
1998-01-19	4.5	NULO	18	7.5
1998-01-20	0	NULO	22	5.5
1998-01-21	0	NULO	23.5	5.5
1998-01-22	0	NULO	24.5	6
1998-01-23	0	NULO	19	8
1998-01-24	0	NULO	18	5.5
1998-01-25	0	NULO	22	3
1998-01-26	0	NULO	19	2.5
1998-01-27	0	NULO	19.5	2.5
1998-01-28	0	NULO	23	2.5
1998-01-29	0	NULO	22.5	6.5
1998-01-30	0	NULO	24	4
1998-01-31	0	NULO	23.5	4
1998-02-01	0	NULO	23	5.5
1998-02-02	3.4	NULO	13	3.5
1998-02-03	0	NULO	20	-1
1998-02-04	0	NULO	26	1
1998-02-05	0	NULO	21	5
1998-02-06	0	NULO	19	1
1998-02-07	0	NULO	23.5	0
1998-02-08	0	NULO	25	1.5
1998-02-09	0	NULO	26	4.5
1998-02-10	0	NULO	25.5	6.5
1998-02-11	0	NULO	23.5	6.5
1998-02-12	0	NULO	23.5	4
1998-02-13	0	NULO	22	5
1998-02-14	0	NULO	22	4
1998-02-15	0	NULO	22.5	2.5
1998-02-16	0	NULO	23.5	5
1998-02-17	0	NULO	26.5	2
1998-02-18	0	NULO	28	6
1998-02-19	0	NULO	26	5.5
1998-02-20	0	NULO	23.5	8
1998-02-21	0	NULO	27	5
1998-02-22	0	NULO	27.5	7.5
1998-02-23	0	NULO	26.5	6
1998-02-24	0	NULO	22	6.5
1998-02-25	0	NULO	28.5	8.5
1998-02-26	0	NULO	29	6.5
1998-02-27	0	NULO	27.5	6.5
1998-02-28	0	NULO	26	7.5
1998-03-01	0	NULO	22	1.5
1998-03-02	0	NULO	23.5	3
1998-03-03	0	NULO	27.5	6
1998-03-04	0	NULO	27	9
1998-03-05	0	NULO	29	8.5
1998-03-06	0	NULO	30	8.5
1998-03-07	0	NULO	29	12
1998-03-08	0	NULO	29.5	11
1998-03-09	0	NULO	20	8
1998-03-10	0	NULO	14	4
1998-03-11	0	NULO	13	4
1998-03-12	0	NULO	19	4.5
1998-03-13	0	NULO	22	4
1998-03-14	0	NULO	26	4
1998-03-15	0	NULO	28	7
1998-03-16	0	NULO	27	11
1998-03-17	0	NULO	27.5	8.5
1998-03-18	0	NULO	28	8
1998-03-19	0	NULO	29.5	9.5
1998-03-20	0	NULO	24.5	9.5
1998-03-21	0	NULO	21.5	6
1998-03-22	0	NULO	21	6.5
1998-03-23	0	NULO	24	3
1998-03-24	0	NULO	27	5.5
1998-03-25	0	NULO	28.5	7.5
1998-03-26	0	NULO	29	8
1998-03-27	0	NULO	31	8.5
1998-03-28	0	NULO	32	9.5
1998-03-29	0	NULO	32.5	10
1998-03-30	0	NULO	31.5	11
1998-03-31	0	NULO	31	11.5
1998-04-01	0	NULO	31	9
1998-04-02	0	NULO	34.5	12
1998-04-03	0	NULO	32	12
1998-04-04	0	NULO	31	9
1998-04-05	0	NULO	33	10.5
1998-04-06	0	NULO	34.5	12
1998-04-07	0	NULO	34.5	13
1998-04-08	0	NULO	35	14
1998-04-09	0	NULO	25	10
1998-04-10	0	NULO	23.5	8
1998-04-11	0	NULO	25	6.5
1998-04-12	0	NULO	31.5	6.5
1998-04-13	0	NULO	33	10
1998-04-14	0	NULO	34.5	14
1998-04-15	0	NULO	34.5	13.5
1998-04-16	0	NULO	33.5	14
1998-04-17	0	NULO	32.5	14
1998-04-18	0	NULO	33	11
1998-04-19	0	NULO	32.5	9
1998-04-20	0	NULO	25	6
1998-04-21	0	NULO	24	8.5
1998-04-22	0	NULO	25	7.5
1998-04-23	0	NULO	26	8
1998-04-24	0	NULO	27	8.5
1998-04-25	0	NULO	30	9
1998-04-26	0	NULO	33	12
1998-04-27	0	NULO	32	10
1998-04-28	0	NULO	26	12
1998-04-29	0	NULO	28	11
1998-04-30	0	NULO	31	8.5
1998-05-01	0	NULO	30	8
1998-05-02	0	NULO	31	10
1998-05-03	0	NULO	32	11
1998-05-04	0	NULO	32	11
1998-05-05	0	NULO	32	13
1998-05-06	0	NULO	33	13.5
1998-05-07	0	NULO	33.5	14
1998-05-08	0	NULO	32	16
1998-05-09	0	NULO	36	16
1998-05-10	0	NULO	31	12
1998-05-11	0	NULO	35	11.5
1998-05-12	0	NULO	36	16
1998-05-13	0	NULO	31	16
1998-05-14	0	NULO	32	15
1998-05-15	0	NULO	34	17
1998-05-16	0	NULO	28	16
1998-05-17	0	NULO	26	12
1998-05-18	0	NULO	28	11
1998-05-19	0	NULO	29	6.5
1998-05-20	0	NULO	20.5	7
1998-05-21	0	NULO	30	8
1998-05-22	0	NULO	31	9
1998-05-23	0	NULO	32	9
1998-05-24	0	NULO	32.5	9.5
1998-05-25	0	NULO	33	9.5
1998-05-26	0	NULO	33	10
1998-05-27	0	NULO	33	10
1998-05-28	0	NULO	32.5	9.5
1998-05-29	0	NULO	30	10
1998-05-30	0	NULO	29	10
1998-05-31	0	NULO	28.5	9
1998-06-01	0	NULO	31.5	7.5
1998-06-02	0	NULO	32	12
1998-06-03	5	NULO	32.5	15
1998-06-04	0.01	NULO	33	15
1998-06-05	0	NULO	35	13.5
1998-06-06	2.5	NULO	29	14
1998-06-07	0	NULO	29	13.5
1998-06-08	0	NULO	28.5	12
1998-06-09	0	NULO	30.5	11
1998-06-10	0	NULO	30	13
1998-06-11	0	NULO	29	13
1998-06-12	0	NULO	29	13.5
1998-06-13	0	NULO	31	13
1998-06-14	0	NULO	32	9.5
1998-06-15	0	NULO	31	10
1998-06-16	0	NULO	33	11
1998-06-17	0	NULO	31	13
1998-06-18	0	NULO	29	13.5
1998-06-19	0	NULO	27	11.5
1998-06-20	0	NULO	26	12.5
1998-06-21	0	NULO	27.5	11
1998-06-22	0	NULO	26	10.5
1998-06-23	0	NULO	25	10.5
1998-06-24	0	NULO	26.5	12.5
1998-06-25	0	NULO	27	12.5
1998-06-26	10.6	NULO	29	10.5
1998-06-27	19.5	NULO	29	11.5
1998-06-28	18.5	NULO	30.5	11.5
1998-06-29	0	NULO	26	12.5
1998-06-30	0	NULO	25	13
1998-07-01	1	NULO	25	15
1998-07-02	0.2	NULO	25.5	11
1998-07-03	23.8	NULO	27.5	13
1998-07-04	2	NULO	25.6	13
1998-07-05	0	NULO	25	11
1998-07-06	0	NULO	27	10.5
1998-07-07	0.4	NULO	25.5	9.5
1998-07-08	1	NULO	25	9
1998-07-09	1.5	NULO	25	9.5
1998-07-10	6.7	NULO	22.5	11.5
1998-07-11	0.01	NULO	24.5	13.5
1998-07-12	0	NULO	29.5	12
1998-07-13	0	NULO	29.5	12.5
1998-07-14	0	NULO	30.5	12
1998-07-15	0	NULO	30	12.5
1998-07-16	3.5	NULO	24.5	11
1998-07-17	8	NULO	23	13.5
1998-07-18	0	NULO	24	10
1998-07-19	0	NULO	26.5	10.5
1998-07-20	0	NULO	26.5	11.5
1998-07-21	0	NULO	27	11.5
1998-07-22	0	NULO	24	9.5
1998-07-23	0	NULO	26	9
1998-07-24	0	NULO	24	11.5
1998-07-25	3	NULO	23	9.5
1998-07-26	0	NULO	23.5	10.5
1998-07-27	0.01	NULO	23	12
1998-07-28	1	NULO	23	11
1998-07-29	0	NULO	25	12
1998-07-30	0	NULO	26	10
1998-07-31	0	NULO	24.5	12.5
1998-08-01	0	NULO	23.5	10.5
1998-08-02	0	NULO	23	12.5
1998-08-03	0	NULO	25	12
1998-08-04	0	NULO	26	10
1998-08-05	10.5	NULO	25.5	10.5
1998-08-06	5	NULO	25.5	13
1998-08-07	5	NULO	25	12
1998-08-08	1	NULO	25	11.5
1998-08-09	0.8	NULO	24	11
1998-08-10	0	NULO	22.5	10
1998-08-11	0	NULO	24	8
1998-08-12	0	NULO	26	11
1998-08-13	6.5	NULO	27.5	10.5
1998-08-14	3.5	NULO	27.5	10.5
1998-08-15	9.5	NULO	27.5	10.5
1998-08-16	4	NULO	23.5	11
1998-08-17	0	NULO	23.5	13
1998-08-18	0.01	NULO	25	11
1998-08-19	0	NULO	24	10.5
1998-08-20	8	NULO	14.5	11
1998-08-21	12	NULO	15	7.5
1998-08-22	4	NULO	17	6
1998-08-23	0.01	NULO	25	10
1998-08-24	0	NULO	26	11.5
1998-08-25	0	NULO	27	10.5
1998-08-26	5	NULO	25	10
1998-08-27	0	NULO	25	12
1998-08-28	1.5	NULO	23.5	10.5
1998-08-29	0.01	NULO	23	12
1998-08-30	5	NULO	22	11.5
1998-08-31	0	NULO	23	12.5
1998-09-01	6.8	NULO	22.5	10.5
1998-09-02	0	NULO	25.5	13
1998-09-03	0.8	NULO	23.5	11
1998-09-04	39.5	NULO	18.5	12.5
1998-09-05	4.8	NULO	21	13
1998-09-06	2	NULO	21.5	13
1998-09-07	1.2	NULO	19	12.5
1998-09-08	5.5	NULO	21.5	12
1998-09-09	0	NULO	22.5	12.5
1998-09-10	0	NULO	23	11.5
1998-09-11	2.3	NULO	26	12
1998-09-12	24.2	NULO	27	13
1998-09-13	0.2	NULO	25	14
1998-09-14	0	NULO	24.5	13
1998-09-15	3.8	NULO	24	12.5
1998-09-16	5.2	NULO	23.5	12
1998-09-17	0	NULO	23.5	13
1998-09-18	1.5	NULO	24	13
1998-09-19	20	NULO	25	13
1998-09-20	0	NULO	26	13
1998-09-21	13.4	NULO	26	12
1998-09-22	15.5	NULO	27	12.5
1998-09-23	2	NULO	22.5	13
1998-09-24	0	NULO	22	13
1998-09-25	0	NULO	22.5	12
1998-09-26	1	NULO	23	10.5
1998-09-27	1.3	NULO	23.5	11
1998-09-28	3.5	NULO	23	12
1998-09-29	12.5	NULO	24.5	12
1998-09-30	39	NULO	23	13
1998-10-01	6	NULO	22	11.5
1998-10-02	29.8	NULO	24.5	11.5
1998-10-03	0	NULO	24	12
1998-10-04	9	NULO	25.5	12.5
1998-10-05	0.01	NULO	25.5	10.5
1998-10-06	18	NULO	26	10.5
1998-10-07	3	NULO	19	11
1998-10-08	4	NULO	17	8.5
1998-10-09	1.5	NULO	16	7
1998-10-10	0.01	NULO	17.5	10
1998-10-11	2	NULO	17	10
1998-10-12	3.5	NULO	20.5	10.5
1998-10-13	1.2	NULO	20	11.5
1998-10-14	4	NULO	18	11.5
1998-10-15	0	NULO	23	11
1998-10-16	4	NULO	18	11.5
1998-10-17	0.01	NULO	18.5	11
1998-10-18	1.3	NULO	20.5	11
1998-10-19	3.3	NULO	20	10.5
1998-10-20	1.5	NULO	19	10
1998-10-21	3.3	NULO	15	10.5
1998-10-22	6.5	NULO	13	7
1998-10-23	1.8	NULO	9.5	6.5
1998-10-24	1.7	NULO	14	6
1998-10-25	1	NULO	16.5	9
1998-10-26	3.5	NULO	18	10
1998-10-27	0.01	NULO	22	11
1998-10-28	0	NULO	22	7
1998-10-29	0	NULO	25	7
1998-10-30	0	NULO	25	7.5
1998-10-31	0	NULO	23	8
1998-11-01	0	NULO	23	8.5
1998-11-02	0	NULO	23	8.5
1998-11-03	0	NULO	24	8
1998-11-04	0	NULO	22	10.5
1998-11-05	0	NULO	20	10
1998-11-06	0	NULO	21.5	8.5
1998-11-07	0	NULO	22	10
1998-11-08	0	NULO	24	9
1998-11-09	0	NULO	25	9.5
1998-11-10	0	NULO	24.5	8
1998-11-11	0	NULO	25	7.5
1998-11-12	0	NULO	24	7.5
1998-11-13	0	NULO	23	7
1998-11-14	0	NULO	23.5	7
1998-11-15	0	NULO	24	7
1998-11-16	0	NULO	22	7
1998-11-17	0	NULO	21	5.5
1998-11-18	0	NULO	24	7
1998-11-19	0	NULO	23.5	7.5
1998-11-20	0	NULO	23	7.5
1998-11-21	0	NULO	23.5	7
1998-11-22	0	NULO	24	7
1998-11-23	5	NULO	21.5	7
1998-11-24	0	NULO	18.5	11
1998-11-25	7	NULO	19	10
1998-11-26	0	NULO	20.5	9.5
1998-11-27	0	NULO	18	7
1998-11-28	0	NULO	17.5	3
1998-11-29	0	NULO	20	3
1998-11-30	0	NULO	20.5	5
1998-12-01	0	NULO	25	7
1998-12-02	0	NULO	25.5	8
1998-12-03	0	NULO	24	7.5
1998-12-04	0	NULO	20	9
1998-12-05	0	NULO	20.5	7
1998-12-06	0	NULO	20	5
1998-12-07	0	NULO	26	7
1998-12-08	0	NULO	26.5	8
1998-12-09	0	NULO	28	7
1998-12-10	0	NULO	28	5
1998-12-11	0	NULO	23	3
1998-12-12	0	NULO	14	0.5
1998-12-13	0	NULO	14	0.5
1998-12-14	0	NULO	15.5	1
1998-12-15	0	NULO	18	2.5
1998-12-16	0	NULO	21	0.5
1998-12-17	0	NULO	18	5
1998-12-18	0	NULO	17	5
1998-12-19	0	NULO	23	4.5
1998-12-20	0	NULO	24.5	7
1998-12-21	0	NULO	25.5	9
1998-12-22	0	NULO	18	10
1998-12-23	0	NULO	19	12
1998-12-24	0	NULO	18.5	11
1998-12-25	0	NULO	26	11.5
1998-12-26	0	NULO	25.5	10.5
1998-12-27	0	NULO	16	7
1998-12-28	0	NULO	25	6
1998-12-29	0	NULO	20	3
1998-12-30	0	NULO	20.5	1
1998-12-31	0	NULO	15	2
1999-01-01	0	NULO	22	4
1999-01-02	0	NULO	22	5
1999-01-03	0	NULO	22	7
1999-01-04	0	NULO	22	6
1999-01-05	0	NULO	22.5	6
1999-01-06	0	NULO	23	6.5
1999-01-07	0	NULO	23.5	5.5
1999-01-08	0	NULO	24	5
1999-01-09	0	NULO	23	5
1999-01-10	0	NULO	23	4
1999-01-11	0	NULO	22.5	2.5
1999-01-12	0	NULO	24.5	1
1999-01-13	0	NULO	20	1
1999-01-14	0	NULO	22.5	2.5
1999-01-15	0	NULO	23	1
1999-01-16	0	NULO	24	2
1999-01-17	0	NULO	22	2.5
1999-01-18	0	NULO	21	1.5
1999-01-19	0	NULO	23	1
1999-01-20	0	NULO	23	2
1999-01-21	0	NULO	23.5	5.5
1999-01-22	0	NULO	24	8.5
1999-01-23	0	NULO	19	11
1999-01-24	0	NULO	21	7
1999-01-25	0	NULO	22	2.5
1999-01-26	0	NULO	24	3
1999-01-27	0	NULO	24.5	7
1999-01-28	0	NULO	25	3
1999-01-29	0	NULO	23	0
1999-01-30	0	NULO	22	1
1999-01-31	0	NULO	27	1
1999-02-01	0	NULO	25	4
1999-02-02	0	NULO	25.5	2
1999-02-03	0	NULO	25	3.5
1999-02-04	0	NULO	23	5
1999-02-05	0	NULO	23.5	4
1999-02-06	0	NULO	23	4.5
1999-02-07	0	NULO	24	5
1999-02-08	0	NULO	25	5
1999-02-09	0	NULO	25.5	5.5
1999-02-10	0	NULO	27.5	5
1999-02-11	0.5	NULO	28	5
1999-02-12	0	NULO	17	2
1999-02-13	0	NULO	12	2
1999-02-14	0	NULO	18	2.5
1999-02-15	0	NULO	22	2.5
1999-02-16	0	NULO	24	0.5
1999-02-17	0	NULO	25	3
1999-02-18	0	NULO	25.5	3
1999-02-19	0	NULO	25	2
1999-02-20	0.2	NULO	25	3.5
1999-02-21	0.4	NULO	25	5
1999-02-22	0.01	NULO	24	5.5
1999-02-23	0	NULO	25	4
1999-02-24	0	NULO	25.5	5
1999-02-25	0	NULO	27	5
1999-02-26	0	NULO	28	5.5
1999-02-27	0	NULO	29	5
1999-02-28	0	NULO	28	6
1999-03-01	0	NULO	28	5
1999-03-02	0	NULO	25.5	4
1999-03-03	0	NULO	19	5
1999-03-04	0	NULO	22	6
1999-03-05	0	NULO	25	5.5
1999-03-06	0	NULO	26	6
1999-03-07	0	NULO	27	6.5
1999-03-08	0	NULO	29	6
1999-03-09	0	NULO	28	7
1999-03-10	0	NULO	27.5	6.5
1999-03-11	0	NULO	29	6
1999-03-12	0	NULO	29.5	8
1999-03-13	0	NULO	28.5	10
1999-03-14	0	NULO	22	9
1999-03-15	0	NULO	25	5.5
1999-03-16	0	NULO	27	6
1999-03-17	0.4	NULO	28.5	7
1999-03-18	0.4	NULO	30	3
1999-03-19	0	NULO	27	0.5
1999-03-20	0	NULO	26	4
1999-03-21	0	NULO	25.5	7
1999-03-22	0	NULO	26	6.5
1999-03-23	0	NULO	27	6.5
1999-03-24	0	NULO	27.5	7.5
1999-03-25	0.01	NULO	28	7
1999-03-26	0	NULO	29	6.5
1999-03-27	0.01	NULO	29	6.5
1999-03-28	0	NULO	29.5	6
1999-03-29	0	NULO	30	6.5
1999-03-30	0	NULO	30.5	7
1999-03-31	0	NULO	29	7.5
1999-04-01	0.01	NULO	29	7.5
1999-04-02	0	NULO	30	7
1999-04-03	0	NULO	29	7
1999-04-04	0	NULO	30.5	7.5
1999-04-05	0	NULO	33	8
1999-04-06	0	NULO	30.5	8
1999-04-07	0	NULO	30	7.5
1999-04-08	0	NULO	30.5	7.5
1999-04-09	0	NULO	31	7
1999-04-10	0	NULO	33	7
1999-04-11	0	NULO	32	9
1999-04-12	0	NULO	29.5	10.5
1999-04-13	0	NULO	29	9
1999-04-14	0	NULO	29	8
1999-04-15	0	NULO	28	8
1999-04-16	0.8	NULO	29	7.5
1999-04-17	2	NULO	31	6.5
1999-04-18	0	NULO	18	6
1999-04-19	0	NULO	25	3
1999-04-20	0	NULO	27	5
1999-04-21	0	NULO	33	7.5
1999-04-22	0	NULO	33.5	8.5
1999-04-23	0	NULO	34	8.5
1999-04-24	0	NULO	34	9
1999-04-25	0	NULO	34	9
1999-04-26	0	NULO	34	9
1999-04-27	0	NULO	34	9.5
1999-04-28	0	NULO	33.5	9.5
1999-04-29	0	NULO	34	9.5
1999-04-30	1	NULO	33.5	9.5
1999-05-01	0	NULO	32	6
1999-05-02	0	NULO	32	10.5
1999-05-03	0	NULO	32	11
1999-05-04	0	NULO	31.5	10.5
1999-05-05	0	NULO	31	11
1999-05-06	0	NULO	32.5	11
1999-05-07	0	NULO	32	10
1999-05-08	1	NULO	31.5	9
1999-05-09	0	NULO	30	9.5
1999-05-10	3	NULO	31	9.5
1999-05-11	0	NULO	30	10
1999-05-12	0	NULO	31	8.5
1999-05-13	0	NULO	30.5	8
1999-05-14	0	NULO	30	7.5
1999-05-15	0	NULO	30	7
1999-05-16	0	NULO	31.5	8
1999-05-17	0	NULO	28	8.5
1999-05-18	2	NULO	31	8
1999-05-19	0	NULO	24	7
1999-05-20	0	NULO	31	5.5
1999-05-21	0.2	NULO	31	6
1999-05-22	0	NULO	30.5	6
1999-05-23	0	NULO	28	6
1999-05-24	0	NULO	29	5
1999-05-25	0	NULO	29	5
1999-05-26	0	NULO	30	5
1999-05-27	0	NULO	24	7
1999-05-28	0	NULO	31	6.5
1999-05-29	0	NULO	32	7
1999-05-30	0	NULO	32	7.5
1999-05-31	0	NULO	32.5	7
1999-06-01	0	NULO	29	8
1999-06-02	0	NULO	28	7.5
1999-06-03	0	NULO	26.5	7.5
1999-06-04	0	NULO	28	8
1999-06-05	0	NULO	29	7.5
1999-06-06	0	NULO	28	6
1999-06-07	0	NULO	28	8
1999-06-08	0	NULO	27	7.5
1999-06-09	0	NULO	28.5	9
1999-06-10	0	NULO	29	8.5
1999-06-11	0	NULO	28	9
1999-06-12	0	NULO	27	10
1999-06-13	0	NULO	27	11
1999-06-14	0	NULO	26.5	10.5
1999-06-15	0	NULO	25.5	11.5
1999-06-16	1	NULO	25.5	11
1999-06-17	18	NULO	22	8.5
1999-06-18	32	NULO	22.5	7
1999-06-19	0.4	NULO	22	7
1999-06-20	0	NULO	23	7.5
1999-06-21	0	NULO	24	8
1999-06-22	0.2	NULO	25	10.5
1999-06-23	8.4	NULO	24.5	11
1999-06-24	9.2	NULO	24.5	11.5
1999-06-25	5	NULO	25	11
1999-06-26	4	NULO	24	12
1999-06-27	32	NULO	23	10
1999-06-28	0	NULO	23	10
1999-06-29	0	NULO	24	9
1999-06-30	0	NULO	23.5	8
1999-07-01	28.5	NULO	23	9
1999-07-02	20.3	NULO	23.5	8
1999-07-03	12	NULO	24	10
1999-07-04	22.8	NULO	19.5	11.5
1999-07-05	8.4	NULO	17.5	12
1999-07-06	1.2	NULO	21	8
1999-07-07	0	NULO	19	9
1999-07-08	0	NULO	19	7
1999-07-09	2.4	NULO	20	7.5
1999-07-10	0	NULO	19	7
1999-07-11	0.6	NULO	17	8
1999-07-12	59.5	NULO	24	7
1999-07-13	0	NULO	24	7
1999-07-14	0	NULO	16	6.5
1999-07-15	0	NULO	21	4.5
1999-07-16	0.01	NULO	23	6.5
1999-07-17	0	NULO	19	7
1999-07-18	10	NULO	19	6.5
1999-07-19	2	NULO	19	6.5
1999-07-20	0	NULO	18.5	6
1999-07-21	0	NULO	20	6
1999-07-22	0	NULO	22	6.5
1999-07-23	0	NULO	22	6
1999-07-24	0	NULO	24	7
1999-07-25	0	NULO	24	7.5
1999-07-26	0	NULO	25	7
1999-07-27	0	NULO	26	7
1999-07-28	0	NULO	25	8.5
1999-07-29	0	NULO	27	9
1999-07-30	0	NULO	26	10
1999-07-31	0	NULO	27	8
1999-08-01	0	NULO	26	7.5
1999-08-02	0	NULO	25	11
1999-08-03	0	NULO	25	10
1999-08-04	0	NULO	25	6
1999-08-05	0	NULO	25.5	7
1999-08-06	0	NULO	26	7
1999-08-07	0	NULO	27	7.5
1999-08-08	1	NULO	27	8
1999-08-09	0	NULO	27	10
1999-08-10	0	NULO	26.5	11
1999-08-11	0	NULO	26.5	12
1999-08-12	0	NULO	27	12
1999-08-13	0	NULO	28.5	12
1999-08-14	0	NULO	27	13
1999-08-15	0	NULO	27	10
1999-08-16	0	NULO	26	8.5
1999-08-17	1	NULO	26	6
1999-08-18	8.5	NULO	25	6
1999-08-19	1.3	NULO	23	8
1999-08-20	4.5	NULO	22	7
1999-08-21	2.5	NULO	20	7
1999-08-22	0	NULO	22	9
1999-08-23	0.3	NULO	23	10.5
1999-08-24	0	NULO	26	10.5
1999-08-25	13.5	NULO	26	11
1999-08-26	0	NULO	22	11
1999-08-27	1	NULO	23	12
1999-08-28	0	NULO	23	10
1999-08-29	0	NULO	24	11.5
1999-08-30	0	NULO	25	11
1999-08-31	0	NULO	24	11
1999-09-01	0	NULO	24.5	11
1999-09-02	3.5	NULO	24	12
1999-09-03	3.2	NULO	23	12
1999-09-04	4.8	NULO	22	11
1999-09-05	14.5	NULO	23	10
1999-09-06	24	NULO	23.5	12.5
1999-09-07	10	NULO	22	11
1999-09-08	2	NULO	22.5	10.5
1999-09-09	3	NULO	22.5	11
1999-09-10	2.5	NULO	19.5	11.5
1999-09-11	2	NULO	16	7.5
1999-09-12	0.8	NULO	12.5	7.5
1999-09-13	4.3	NULO	13	7
1999-09-14	0.2	NULO	11.5	7.5
1999-09-15	1	NULO	12	8
1999-09-16	0.3	NULO	18	7.5
1999-09-17	0	NULO	18	7.5
1999-09-18	0	NULO	20	8
1999-09-19	0	NULO	23	5
1999-09-20	0	NULO	22	4
1999-09-21	0	NULO	23	4
1999-09-22	0	NULO	23	4
1999-09-23	0	NULO	23	3.5
1999-09-24	0	NULO	23.5	4
1999-09-25	0	NULO	24	3
1999-09-26	0	NULO	24	3
1999-09-27	0	NULO	24.5	3
1999-09-28	6.3	NULO	24.5	6.5
1999-09-29	51	NULO	19.5	10
1999-09-30	9.5	NULO	13	7.5
1999-10-01	1.4	NULO	14	8
1999-10-02	1	NULO	21	8.5
1999-10-03	2	NULO	20.5	8.5
1999-10-04	104	NULO	14	9.5
1999-10-05	69.5	NULO	12	10
1999-10-06	12.5	NULO	12	6.5
1999-10-07	0.01	NULO	20.5	7
1999-10-08	0.01	NULO	22.5	9
1999-10-09	0	NULO	22	10.5
1999-10-10	1.5	NULO	14.5	10.5
1999-10-11	0.01	NULO	15	7.5
1999-10-12	1.6	NULO	13	8.5
1999-10-13	0	NULO	13.5	7
1999-10-14	0	NULO	16	6.5
1999-10-15	0	NULO	21	4.5
1999-10-16	0	NULO	22.5	7.5
1999-10-17	0.01	NULO	23	7.5
1999-10-18	0	NULO	20.5	6.5
1999-10-19	0	NULO	14	7.5
1999-10-20	0	NULO	10	4.5
1999-10-21	0	NULO	20.5	1.5
1999-10-22	0	NULO	18	-1
1999-10-23	0	NULO	16	-1.5
1999-10-24	0	NULO	16	-2
1999-10-25	0	NULO	16	-2.5
1999-10-26	0	NULO	18	-3
1999-10-27	0	NULO	20	-3
1999-10-28	0	NULO	18	1
1999-10-29	0	NULO	20	4.5
1999-10-30	0	NULO	20	4.5
1999-10-31	0	NULO	20	4
1999-11-01	0	NULO	18	4
1999-11-02	0	NULO	20	3
1999-11-03	0	NULO	16	1
1999-11-04	0	NULO	17	4.5
1999-11-05	0	NULO	18	5
1999-11-06	0	NULO	18.5	4.5
1999-11-07	3.5	NULO	11	4
1999-11-08	0	NULO	13.5	5.5
1999-11-09	0	NULO	18.5	2
1999-11-10	0	NULO	18	6.5
1999-11-11	3	NULO	16	7.5
1999-11-12	3.5	NULO	16	7
1999-11-13	0	NULO	15	3
1999-11-14	0	NULO	16	1.5
1999-11-15	0	NULO	16	-1.5
1999-11-16	0	NULO	18	0
1999-11-17	0	NULO	19	0
1999-11-18	0	NULO	19	2
1999-11-19	0	NULO	20	3.5
1999-11-20	0	NULO	19	2
1999-11-21	0	NULO	21	3
1999-11-22	0	NULO	23	4
1999-11-23	0	NULO	21.5	5
1999-11-24	0	NULO	19.5	5
1999-11-25	0	NULO	17.5	6.5
1999-11-26	0	NULO	18.5	2.5
1999-11-27	0	NULO	18.5	0
1999-11-28	0	NULO	18	0
1999-11-29	3.8	NULO	15	-0.5
1999-11-30	2	NULO	8.5	2
1999-12-01	0	NULO	15	2.5
1999-12-02	0	NULO	17	0
1999-12-03	0	NULO	15	2.5
1999-12-04	0	NULO	15	0.5
1999-12-05	0	NULO	15	1
1999-12-06	0	NULO	18.5	2
1999-12-07	0	NULO	20	0.5
1999-12-08	0	NULO	22	4
1999-12-09	0	NULO	21	4.5
1999-12-10	0	NULO	22	4
1999-12-11	0	NULO	23	4.5
1999-12-12	0	NULO	22	5
1999-12-13	0	NULO	19.5	3
1999-12-14	0	NULO	19.5	1
1999-12-15	0	NULO	21.5	1.5
1999-12-16	0	NULO	21.5	3.5
1999-12-17	0	NULO	21.5	2.5
1999-12-18	0	NULO	22	2.5
1999-12-19	0	NULO	22	1.5
1999-12-20	0	NULO	21	2
1999-12-21	0	NULO	21	0.5
1999-12-22	0	NULO	22	1.5
1999-12-23	0.2	NULO	16	2
1999-12-24	0	NULO	18	2
1999-12-25	0	NULO	16	4
1999-12-26	0	NULO	20	5
1999-12-27	0	NULO	17	4.5
1999-12-28	0	NULO	18	1
1999-12-29	0	NULO	18	-2
1999-12-30	0	NULO	21	2
1999-12-31	0	NULO	22	2.5
2000-01-01	0.1	2.8	23	2.5
2000-01-02	0	4.38	23.5	3.5
2000-01-03	0	9.51	21.5	2.5
2000-01-04	0	2.37	18	2
2000-01-05	0	3.96	24.5	2
2000-01-06	0	3.18	22	5
2000-01-07	0	2.9	21	2
2000-01-08	0	3.56	21	-2
2000-01-09	0	3.26	21.5	2
2000-01-10	0	3.96	21.5	2.5
2000-01-11	0.1	6.56	22	1
2000-01-12	0.1	4.24	20	1
2000-01-13	0.1	1.58	22	1.5
2000-01-14	0	3.62	18	0
2000-01-15	0	3.53	14	-1
2000-01-16	0	2.68	15.5	3
2000-01-17	0	4.1	18	5
2000-01-18	0	3.67	16.5	1
2000-01-19	0	3.14	17	-3
2000-01-20	0	4.38	17	-1
2000-01-21	0	2.62	18	-1
2000-01-22	0	3.4	21	-2
2000-01-23	0	4.26	22.5	-2.5
2000-01-24	0	4.95	22.5	1
2000-01-25	0	5.19	22	1
2000-01-26	0	6.4	23	0.5
2000-01-27	0	6.37	25	3.5
2000-01-28	0	5.53	24.5	4
2000-01-29	0	5.1	24	4.5
2000-01-30	0	2.38	23.5	4
2000-01-31	0	6.83	24	3.5
2000-02-01	0	6.22	23	1
2000-02-02	0	5.49	21	0.5
2000-02-03	0	4.74	12	1
2000-02-04	0	3.24	16	-2
2000-02-05	0	4.46	18	-3
2000-02-06	0	2.57	16	0
2000-02-07	0	4.57	19	-1
2000-02-08	0	2.66	19	0.5
2000-02-09	0	5.51	19	1
2000-02-10	0	7.13	23	-1.5
2000-02-11	0	9.8	23.5	1
2000-02-12	0	1.66	24	2
2000-02-13	0	9.73	26	3
2000-02-14	0.1	2.7	25.5	4.5
2000-02-15	0	3.97	24.5	4.5
2000-02-16	0	7.53	25	4.5
2000-02-17	0	6.47	25	5
2000-02-18	0	4.45	22	5
2000-02-19	0	3.14	20	4
2000-02-20	0	2.74	18	5
2000-02-21	0	6.85	22	3
2000-02-22	0.1	6.92	24	2
2000-02-23	0	4.67	25	3
2000-02-24	0	6.71	26	4
2000-02-25	0	6.69	26	4
2000-02-26	0	6.26	22	4.5
2000-02-27	0	4.52	26	4
2000-02-28	0	3.94	26.5	3
2000-02-29	0.1	6.04	26	4
2000-03-01	0.1	6.94	26	2.5
2000-03-02	0	4.14	26	1.5
2000-03-03	0	6.38	24	2.5
2000-03-04	0	3.27	26	2
2000-03-05	0	4.04	26	3
2000-03-06	0	7.09	26	4
2000-03-07	0	9.32	26.5	4
2000-03-08	0	6.17	26	3.5
2000-03-09	0	8.01	25	4
2000-03-10	0	9.25	25	4.5
2000-03-11	0	5.6	26	5
2000-03-12	0	6.1	24	4.5
2000-03-13	0	4.49	23	4.5
2000-03-14	0	8.23	24	4.5
2000-03-15	0	9.42	25	5
2000-03-16	0	8.9	24	5
2000-03-17	0	10.18	24	4.5
2000-03-18	0	8.31	25	4
2000-03-19	0	8.16	25	3.5
2000-03-20	0	8.65	26	4.5
2000-03-21	0	8.07	27	4.5
2000-03-22	0	6.84	27	4
2000-03-23	0	5.78	29	4
2000-03-24	0	7.1	29	5.5
2000-03-25	0	6.4	30	9
2000-03-26	0	8.5	30	9
2000-03-27	0	7.5	31	9.5
2000-03-28	0	9.1	32	10
2000-03-29	0	8.53	32	10
2000-03-30	0	9.77	32	10
2000-03-31	0	5.58	32	7
2000-04-01	0	9.28	32	7.5
2000-04-02	0	8.09	33	7
2000-04-03	0	8.4	26	7.5
2000-04-04	0	7.42	17	6
2000-04-05	0	8.23	23	4.5
2000-04-06	0	7.17	24	4.5
2000-04-07	0	5.82	17	5
2000-04-08	0	8.43	19	4
2000-04-09	0	7.77	20	4.5
2000-04-10	0.1	7.67	23	3.5
2000-04-11	0	6.96	24	3.5
2000-04-12	0	9.44	25	3.5
2000-04-13	0	5.31	28	3
2000-04-14	0	6.25	30	4
2000-04-15	0	9.11	31	3
2000-04-16	0	7.06	30.5	4.5
2000-04-17	0	8.31	32	5
2000-04-18	0	9.16	30	5
2000-04-19	0	9.57	31	4.5
2000-04-20	0	10.58	31	3.5
2000-04-21	0	5.68	30	3.5
2000-04-22	0	9.65	30	4
2000-04-23	0	10.13	31	4
2000-04-24	0	8.81	32	4.5
2000-04-25	0	10.07	33.5	5
2000-04-26	0	7.53	33.5	5
2000-04-27	0	6.56	33.5	4.5
2000-04-28	0	8.07	32	5
2000-04-29	0	7.67	26.5	6.5
2000-04-30	0	7.4	28	9.5
2000-05-01	0	8.52	31	3
2000-05-02	0	6.76	30	4
2000-05-03	0	8.3	28	4.5
2000-05-04	7.5	4.87	25	6
2000-05-05	3.2	3.98	27	6.5
2000-05-06	22	8.47	24	9
2000-05-07	0	3.95	26	7
2000-05-08	0	7.6	28.5	6
2000-05-09	0	6.03	27	7.5
2000-05-10	0	8.16	28	6
2000-05-11	0	7.11	28	7
2000-05-12	0	8.02	26	6.5
2000-05-13	1.1	8	24	5
2000-05-14	0	9.76	30	4.5
2000-05-15	0	4.54	23	6
2000-05-16	0	4.79	25.5	4.5
2000-05-17	0	5.13	28	5
2000-05-18	11.5	6.21	30	6
2000-05-19	0	7.28	28	6.5
2000-05-20	0	4.5	23	6.5
2000-05-21	0	4.93	18	6
2000-05-22	0.1	7.26	27	4
2000-05-23	0.1	6.75	30	6
2000-05-24	0	5.02	31	7
2000-05-25	0	5.26	30	10.5
2000-05-26	0	8.24	30	14
2000-05-27	0	4.54	26	13
2000-05-28	0	6.09	26	11
2000-05-29	0	5.5	27.5	10
2000-05-30	0	4.23	25.5	10
2000-05-31	0	4.92	27.5	11
2000-06-01	0	5.02	26	11
2000-06-02	0	5.83	24.5	10.5
2000-06-03	0	9.35	24	10
2000-06-04	0.1	3.44	25.5	6
2000-06-05	0	5.9	26	5
2000-06-06	0	4.13	25	9.5
2000-06-07	0	9.07	24	10.5
2000-06-08	0	5.06	24	9
2000-06-09	1	2.24	26	9
2000-06-10	0.1	2.08	24	9.5
2000-06-11	5.6	4.18	22	9.5
2000-06-12	0	1.46	23	9
2000-06-13	0	6.94	24	8
2000-06-14	23.5	6.18	24.5	9
2000-06-15	0	4.21	23	10.5
2000-06-16	3.5	1.67	22.5	10.5
2000-06-17	0	7.08	23	10
2000-06-18	21.5	6.84	23.5	11
2000-06-19	0	5.04	24.5	10.5
2000-06-20	0	5.62	21	10
2000-06-21	9.5	3.97	21	9.5
2000-06-22	9.5	2.18	23	9.5
2000-06-23	0	6.07	24	10
2000-06-24	0.1	6.31	23.5	8
2000-06-25	0.1	5.74	22.5	7
2000-06-26	0.1	6.91	22	11
2000-06-27	0.1	6.5	23.5	10.5
2000-06-28	0	5.6	23.5	9.5
2000-06-29	5.5	8.42	23	9.5
2000-06-30	0	3.5	22	11.5
2000-07-01	0	NULO	23.5	10.5
2000-07-02	0	NULO	24.5	9
2000-07-03	0.4	NULO	23	10.5
2000-07-04	0	NULO	23.5	9
2000-07-05	0	NULO	22.5	7.5
2000-07-06	0	NULO	21	8
2000-07-07	0	NULO	22.5	8.5
2000-07-08	0	NULO	23	9
2000-07-09	0.6	NULO	21	9.5
2000-07-10	0.2	NULO	23	9
2000-07-11	0	NULO	24	8.5
2000-07-12	0	NULO	23.5	8.5
2000-07-13	0	NULO	23	8
2000-07-14	0	NULO	24	8
2000-07-15	0	NULO	24.5	7
2000-07-16	0	NULO	24.5	7.5
2000-07-17	0	NULO	24	8
2000-07-18	0	NULO	24	7
2000-07-19	0	NULO	24	7.5
2000-07-20	0	NULO	26.5	7
2000-07-21	0	NULO	26	6
2000-07-22	0.4	NULO	26.5	4.5
2000-07-23	0	NULO	26	6.5
2000-07-24	0	NULO	25	6.5
2000-07-25	0	NULO	25	7
2000-07-26	0.6	NULO	24.5	6
2000-07-27	0	NULO	23	6
2000-07-28	0	NULO	24.5	8
2000-07-29	5	NULO	24.5	8.5
2000-07-30	0	NULO	24	8.5
2000-07-31	10.5	NULO	23.5	8
2000-08-01	NULO	NULO	NULO	NULO
2000-08-02	NULO	NULO	NULO	NULO
2000-08-03	NULO	NULO	NULO	NULO
2000-08-04	NULO	NULO	NULO	NULO
2000-08-05	32	NULO	NULO	NULO
2000-08-06	0	NULO	NULO	NULO
2000-08-07	0	NULO	NULO	NULO
2000-08-08	3.5	6.53	27	4
2000-08-09	10	NULO	20	6
2000-08-10	0	4.86	24	3
2000-08-11	0.1	NULO	24	3
2000-08-12	0.1	NULO	24	3
2000-08-13	8.5	2.22	26	6
2000-08-14	0	5.79	26	5
2000-08-15	0	3.05	26	5
2000-08-16	0	5.14	26	5
2000-08-17	0.1	7.48	27	1
2000-08-18	0.1	3.67	27	1
2000-08-19	0.1	4.07	28	1
2000-08-20	0	3.78	27	3
2000-08-21	25	11.57	28	1
2000-08-22	6.5	2.23	22	6
2000-08-23	0	4.74	22	5
2000-08-24	0	4.34	25	5
2000-08-25	0.1	6.65	26	3
2000-08-26	0.1	4.89	26	3
2000-08-27	0.1	4.41	25	3
2000-08-28	1	2.37	27	3
2000-08-29	0	5.23	27	4
2000-08-30	0	3.41	22	7
2000-08-31	0	4.09	22	5
2000-09-01	0	4.1	28	5
2000-09-02	0	6.67	28	4
2000-09-03	0	4.74	26	3
2000-09-04	0	7.25	28	5
2000-09-05	0.1	4.38	28	3
2000-09-06	0.1	4.96	28	0
2000-09-07	0.1	6.5	28	0
2000-09-08	2.5	3.41	28	0
2000-09-09	0.1	4.3	29	3
2000-09-10	0	5.09	30	4
2000-09-11	0	3.54	30	4
2000-09-12	0.1	5.56	30	3
2000-09-13	0.1	5	30	3
2000-09-14	0	3.61	29	3
2000-09-15	3	1.41	26	5
2000-09-16	0	4.18	24	7
2000-09-17	0	3.74	22	6
2000-09-18	0	2.74	22	6
2000-09-19	9.5	3.56	27	5
2000-09-20	31.5	4.87	27	5
2000-09-21	34	3.92	26	5
2000-09-22	1	2.78	26	7
2000-09-23	1.5	4.53	28	4
2000-09-24	0	2.24	26	4
2000-09-25	3	5.06	27	4
2000-09-26	0.1	0.98	19	4
2000-09-27	0	3.2	24	2
2000-09-28	0	5.39	24	1
2000-09-29	0	4.16	22	2
2000-09-30	0	4.76	25	1
2000-10-01	0.1	3.85	26	0
2000-10-02	0.1	3.98	29	1
2000-10-03	0.1	4.8	27	0
2000-10-04	0.1	3.32	26	-1
2000-10-05	0	4.88	28	0
2000-10-06	0.1	3.06	26	6
2000-10-07	0	4.54	26	6
2000-10-08	0	3.2	19	6
2000-10-09	0	2.42	19	2
2000-10-10	0	4.63	24	2
2000-10-11	0.1	3.85	24	0
2000-10-12	0.1	3.86	25	1
2000-10-13	0.1	3.62	25	0
2000-10-14	0	5.04	26	1
2000-10-15	0	3.65	26	4
2000-10-16	0.1	2.89	26	4
2000-10-17	0	4.6	25	4
2000-10-18	0	4.3	24	2
2000-10-19	0	3.1	25	1
2000-10-20	0.1	3.6	27	0
2000-10-21	0.1	1.99	25	0
2000-10-22	18	4.8	27	3
2000-10-23	0	2.02	23	4
2000-10-24	0	5.27	18	4
2000-10-25	0	1.91	24	2
2000-10-26	0	3.47	25	2
2000-10-27	0.1	5.15	25	0
2000-10-28	0	3.55	27	0
2000-10-29	0	3.22	28	0
2000-10-30	0	3.79	26	-1
2000-10-31	0.1	6.26	27	-2
2000-11-01	1.5	2.36	28	1
2000-11-02	0	3.96	25	2
2000-11-03	0	2.7	25	4
2000-11-04	0	3.04	26	3
2000-11-05	0	7.44	28	3
2000-11-06	0	4.75	26	2
2000-11-07	0	6.14	29	0
2000-11-08	0	5.85	29	1
2000-11-09	0	6.16	29	0
2000-11-10	0	3.98	28	0
2000-11-11	0	5.96	29	0
2000-11-12	0	3.92	30	0
2000-11-13	0	5.61	29	1
2000-11-14	0	3.39	24	1
2000-11-15	0	3.09	26	0
2000-11-16	0	4.74	26	1
2000-11-17	0	4.86	28	0
2000-11-18	0.1	3.34	27	0
2000-11-19	0	4.23	27	0
2000-11-20	0	2.33	21	0
2000-11-21	0	2.59	18	2
2000-11-22	0	4.49	22	2
2000-11-23	0	3.01	27	0
2000-11-24	0	4.3	26	0
2000-11-25	0	3.63	27	3
2000-11-26	0	2.55	22	0
2000-11-27	17.2	4.92	26	0
2000-11-28	0.1	2.28	23	1
2000-11-29	0	3.53	24	0
2000-11-30	0	2.75	21	0
2000-12-01	0	1.85	24	0
2000-12-02	0.1	2.72	28	0
2000-12-03	0.1	2.3	20	0
2000-12-04	0.1	3.09	21	0
2000-12-05	0	0.17	14	0
2000-12-06	0.1	3.91	22	0
2000-12-07	0	1.58	23	0
2000-12-08	0.1	4.29	25	0
2000-12-09	0.1	2.44	25	0
2000-12-10	0	3.75	26	0
2000-12-11	0.1	1.58	27	0
2000-12-12	0.1	3.54	22	0
2000-12-13	0.1	3.19	26	0
2000-12-14	0	2.87	27	0
2000-12-15	0	4.17	27	0
2000-12-16	0	2.27	27	0
2000-12-17	0	3.63	19	0
2000-12-18	0	2.73	26	0
2000-12-19	0	3.14	16	0
2000-12-20	0	4.49	22	-3
2000-12-21	0	3.23	24	1
2000-12-22	0	2.03	21	1
2000-12-23	0.1	3.74	23	0
2000-12-24	0	1.67	22	1
2000-12-25	0.1	3.61	22	0
2000-12-26	0	2.39	21	0
2000-12-27	0	2.1	24	0
2000-12-28	0.5	2.16	18	0
2000-12-29	0	1.33	20	2
2000-12-30	0	3.79	21	0
2000-12-31	0	5.57	18	1
2001-01-01	0	1.68	21	4
2001-01-02	0	3.74	19	1
2001-01-03	0	1.34	18	-2
2001-01-04	0	2.1	17	0
2001-01-05	0	2.53	24	-5
2001-01-06	0	3.18	25	0
2001-01-07	0	5.57	26	0
2001-01-08	0	3.11	20	0
2001-01-09	1.5	0.12	15	1
2001-01-10	0	4.22	22	0
2001-01-11	0	1.56	24	0
2001-01-12	0.1	3.07	24	0
2001-01-13	0	3.55	26	0
2001-01-14	0	5.73	27	0
2001-01-15	0	1.84	26	0
2001-01-16	0	7.93	27	0
2001-01-17	0	3.59	26	0
2001-01-18	0	8.23	26	0
2001-01-19	0	4.8	24	0
2001-01-20	0	4.16	23	0
2001-01-21	0	4.23	23	1
2001-01-22	0	2.39	20	-2
2001-01-23	0	4.14	25	-2
2001-01-24	0	2.22	22	1
2001-01-25	0	5.2	21	0
2001-01-26	0	3.43	25	0
2001-01-27	0	3.19	27	0
2001-01-28	0	5.28	26	0
2001-01-29	0	6.4	27	1
2001-01-30	0	6.95	28	1
2001-01-31	0	7.34	27	1
2001-02-01	0	5.31	28	2
2001-02-02	0	4.72	12	0
2001-02-03	0	1.24	19	0
2001-02-04	0.1	1.91	22	0
2001-02-05	0	3.5	18	1
2001-02-06	0	3.93	24	0
2001-02-07	0	5.4	26	0
2001-02-08	0	3.3	27	0
2001-02-09	0	4.02	26	0
2001-02-10	0	4.95	27	0
2001-02-11	0	4.72	26	0
2001-02-12	0	4.1	28	0
2001-02-13	0	4.04	28	0
2001-02-14	0	6.42	29	0
2001-02-15	0	8.35	29	0
2001-02-16	0	5.01	29	0
2001-02-17	0	3.59	21	1
2001-02-18	0	4.37	28	1
2001-02-19	0	7.07	28	0
2001-02-20	0	4.1	29	0
2001-02-21	0	6.1	29	0
2001-02-22	0	2.65	24	0
2001-02-23	0	4.53	27	0
2001-02-24	0	4.49	27	1
2001-02-25	0	7.15	27	1
2001-02-26	6	6	25	0
2001-02-27	2.5	2.2	26	0
2001-02-28	3	4.27	27	0
2001-03-01	0.1	3.3	25	0
2001-03-02	3.5	4.49	20	2
2001-03-03	0	7.81	23	0
2001-03-04	0	4.97	26	0
2001-03-05	0	4.07	20	0
2001-03-06	0	5.46	26	0
2001-03-07	0	5.87	27	0
2001-03-08	0	7.91	28	0
2001-03-09	0	7.3	29	0
2001-03-10	0	5.73	27	0
2001-03-11	0	10.86	30	0
2001-03-12	0	9.92	30	1
2001-03-13	0	7.32	32	1
2001-03-14	0	12.34	32	1
2001-03-15	0	7.73	30	5
2001-03-16	0	5.38	29	1
2001-03-17	0	9.01	28	0
2001-03-18	0	9.13	28	0
2001-03-19	0	3.23	23	1
2001-03-20	0	5.4	25	1
2001-03-21	0	6.13	28	1
2001-03-22	0	6.23	29	0
2001-03-23	0	6.96	29	1
2001-03-24	0	7.88	29	0
2001-03-25	0	5.3	28	1
2001-03-26	0	4.95	27	0
2001-03-27	0	10.18	28	0
2001-03-28	0	11.81	27	3
2001-03-29	0	10.18	28	5
2001-03-30	0	12.84	30	0
2001-03-31	0	7.31	31	0
2001-04-01	0	6.85	31	1
2001-04-02	0	7.44	34	0
2001-04-03	0	8.55	32	1
2001-04-04	0	8.11	34	3
2001-04-05	0	6.35	34	0
2001-04-06	0	6.4	32	2
2001-04-07	0	7.34	33	1
2001-04-08	0	6.51	32	2
2001-04-09	0	6.19	35	1
2001-04-10	0	9.57	34	1
2001-04-11	0	8.32	33	1
2001-04-12	0	6.89	34	4
2001-04-13	0	8.03	33	4
2001-04-14	0	7.41	32	4
2001-04-15	0	9.09	34	2
2001-04-16	0	6.87	31	2
2001-04-17	0	7.4	31	1
2001-04-18	0	3.52	29	6
2001-04-19	0	6.03	30	2
2001-04-20	0	7.08	30	5
2001-04-21	0	6.46	32	3
2001-04-22	2.5	5.32	31	3
2001-04-23	0	6.63	31	3
2001-04-24	0	5.58	27	6
2001-04-25	6	4.14	18	6
2001-04-26	29.5	5.63	24	4
2001-04-27	0	4.27	24	4
2001-04-28	0	5.28	25	3
2001-04-29	0	4.46	26	1
2001-04-30	0	4.28	28	2
2001-05-01	0	5.65	29	2
2001-05-02	0	8.9	30	5
2001-05-03	0	4.88	28	5
2001-05-04	0	5.95	29	3
2001-05-05	0	6.11	29	4
2001-05-06	12.5	4.3	31	6
2001-05-07	2.5	3.9	27	5
2001-05-08	0.1	4.38	24.5	14
2001-05-09	0	6.82	25	11.5
2001-05-10	0	4.71	25.5	7
2001-05-11	0.1	4.47	25.5	8
2001-05-12	0	4.86	19	11
2001-05-13	0	3.65	25	12
2001-05-14	0	6.21	25.5	11.5
2001-05-15	0	5.59	28	10
2001-05-16	0	7.52	29.5	10
2001-05-17	0	7.16	32	11
2001-05-18	0	7.36	31	13
2001-05-19	0	6.56	33	13
2001-05-20	3	6.4	34	12
2001-05-21	0	7.05	33	12
2001-05-22	1.3	3.46	24	12
2001-05-23	9.5	6.9	28	14
2001-05-24	0	2.99	27	14.5
2001-05-25	0	7.34	29.5	11.5
2001-05-26	0.1	6.53	29.5	9.5
2001-05-27	0.1	7.48	29	9
2001-05-28	0.1	5.7	29	7.5
2001-05-29	0	6.79	31	7
2001-05-30	0	5.97	31.5	8.5
2001-05-31	0	5.21	32.5	8
2001-06-01	0	7.63	30	13
2001-06-02	0	4.95	29	12
2001-06-03	0	5.55	30	12.5
2001-06-04	0	4.39	29.5	11.5
2001-06-05	11.5	7.41	31	11
2001-06-06	0	6.45	29	12
2001-06-07	0	6.9	30	15
2001-06-08	0	5.66	31	15
2001-06-09	0	6.84	30	13.5
2001-06-10	0	6.92	30.5	14
2001-06-11	7.5	4.48	27.5	14.5
2001-06-12	0	4.8	26	13.5
2001-06-13	20	9.54	29	14
2001-06-14	1	4.67	28	13.5
2001-06-15	5	3.16	26	14
2001-06-16	0	8.39	25	14
2001-06-17	0.1	4.27	25.5	12
2001-06-18	0	6.15	25	11
2001-06-19	0.1	5.32	27	10
2001-06-20	7.5	6.01	27.5	13.5
2001-06-21	0	5.29	27.5	12.5
2001-06-22	0	3.62	27	12.5
2001-06-23	0	5.54	27	13
2001-06-24	0	5.55	28	13
2001-06-25	0	6.03	27	13
2001-06-26	0	6.82	28	11
2001-06-27	0	5.46	27	12
2001-06-28	1.5	3.4	25	11
2001-06-29	15.5	7.12	27	13
2001-06-30	0	5.02	26.5	12.5
2001-07-01	0	5.04	28	14
2001-07-02	10.5	5.66	27	13.5
2001-07-03	0	3.13	27	13
2001-07-04	0	5.03	24.5	13
2001-07-05	0	7.32	28	14
2001-07-06	0	4.58	28	13
2001-07-07	0	7.41	29	13
2001-07-08	2	4.13	28.5	10.5
2001-07-09	1	4.88	28.5	11
2001-07-10	0	6.29	29	11.5
2001-07-11	0.1	4.31	29	13
2001-07-12	0	3.94	29	12
2001-07-13	0	5.18	28.5	13
2001-07-14	0	7.04	29	12
2001-07-15	14	9	29	13
2001-07-16	0	3.78	28	13.5
2001-07-17	0	6.92	28	14.5
2001-07-18	0.1	5.06	28	12
2001-07-19	1	4.32	27	12
2001-07-20	0	7.06	28	13
2001-07-21	0	7.16	29	12
2001-07-22	2	5.74	31	12
2001-07-23	5	5.3	30	12
2001-07-24	12.5	6.22	28	11
2001-07-25	4	3.51	25	11
2001-07-26	0	4.32	27	14
2001-07-27	2	5.69	27.5	14
2001-07-28	0	5.94	27.5	13
2001-07-29	0.1	6.01	28	11.5
2001-07-30	0	7.47	27.5	11
2001-07-31	0	6.16	28	12
2001-08-01	0	4.54	28	13
2001-08-02	0	8.27	28	10.5
2001-08-03	0	4.78	27	11
2001-08-04	0	7.58	28	11
2001-08-05	0	6.11	30	11
2001-08-06	0	3.58	27	12
2001-08-07	0	5.15	28	12.5
2001-08-08	0	7.77	28.5	12
2001-08-09	0	5.76	28	13.5
2001-08-10	0	8.33	28	13
2001-08-11	0	6.17	26.5	14
2001-08-12	0	5.29	27	15
2001-08-13	0	9.4	29	15
2001-08-14	0	7.71	29	13
2001-08-15	0	5.74	29	11
2001-08-16	3	4.73	28	11
2001-08-17	0	6.21	29	12
2001-08-18	0	6.58	31	12
2001-08-19	0	8.15	32	9
2001-08-20	0	6.25	30	10.5
2001-08-21	0	7.79	31	11
2001-08-22	0	6.18	30	10.5
2001-08-23	0	4.47	26.5	11.5
2001-08-24	0	4.42	25	12
2001-08-25	2	4.61	29	16.5
2001-08-26	1	4.21	26	15
2001-08-27	15.5	1.56	22	15
2001-08-28	27.5	6.39	24.5	14.5
2001-08-29	22	5.5	26	15
2001-08-30	1.5	0.87	22	15
2001-08-31	8	3.43	25	15
2001-09-01	6	NULO	25.5	14
2001-09-02	20	6.5	27.5	14
2001-09-03	0	5.96	26.5	14.5
2001-09-04	0.1	4.22	27	13
2001-09-05	0.1	6.07	27	13.5
2001-09-06	0	5.97	27	13.5
2001-09-07	6	5.48	27	14
2001-09-08	0	4.63	28.5	12.5
2001-09-09	2	4.95	26.5	13
2001-09-10	1.5	3.6	22.5	14.5
2001-09-11	1.6	4.21	24	15.5
2001-09-12	55.3	NULO	26	15.5
2001-09-13	0	12.86	24	14
2001-09-14	0.1	1.05	21.5	13
2001-09-15	0.1	2.52	24	10
2001-09-16	0.1	NULO	26	11
2001-09-17	0.1	16.39	26.5	11.5
2001-09-18	0.1	7.15	26.5	11
2001-09-19	16.2	5.46	24	13.5
2001-09-20	0.1	4.27	29	10
2001-09-21	NULO	NULO	27	12
2001-09-24	4	NULO	NULO	NULO
2001-09-25	1.5	0.55	22	13
2001-09-26	1.2	3.21	25	14
2001-09-27	0.1	2.12	30	13
2001-09-28	0.1	4.51	31.5	12.5
2001-09-29	0.1	5.39	30	10
2001-09-30	0.1	2.85	31	11
2001-10-01	0.1	4.52	30	5
2001-10-02	0	2.7	29	11
2001-10-03	4.3	1.09	28	13
2001-10-04	0.1	1.49	32	12.5
2001-10-05	9	7.3	34	11
2001-10-06	0	2.27	32	10
2001-10-07	0.1	3.99	32	13
2001-10-08	0	3.75	33	9
2001-10-09	0.1	3.63	30	9
2001-10-10	0.1	3.45	32	9.5
2001-10-11	1.6	4.35	36	11
2001-10-12	2	3.03	33	14
2001-10-13	0	4.4	34	13
2001-10-14	1.5	4.79	34	9
2001-10-15	0	4.91	34	12
2001-10-16	0.1	0.77	24	6.5
2001-10-17	0	2.38	25	9
2001-10-18	0.1	3.72	24	6
2001-10-19	0	5.15	26.5	5
2001-10-20	0.1	5	24	5
2001-10-21	0	4.25	26	1
2001-10-22	0	4.85	28	2
2001-10-23	0.1	4.58	27	4.5
2001-10-24	0	5.47	29	7
2001-10-25	0	3.28	26	6
2001-10-26	0.9	1.78	21	12
2001-10-27	0.6	2.17	18	13
2001-10-28	0	1.67	18	6
2001-10-29	0	2	18	6.5
2001-10-30	0	5.45	21	7.5
2001-10-31	0	2.27	23	6
2001-11-01	0.1	NULO	26	3
2001-11-02	0	NULO	26	5.5
2001-11-03	0	NULO	21	4
2001-11-04	1	NULO	19	6
2001-11-05	0.5	NULO	15.5	2
2001-11-06	0	NULO	22	10
2001-11-07	0	NULO	23.5	10
2001-11-08	0	NULO	22	4
2001-11-09	0.1	NULO	21	2
2001-11-10	0	NULO	20	6
2001-11-11	0	NULO	22.5	4
2001-11-12	0	NULO	22.5	6
2001-11-13	0	3.4	24	7
2001-11-14	0.1	5	20	5
2001-11-15	1.2	3.45	25	7
2001-11-16	0	4.16	23	8
2001-11-17	0	1.4	21	9
2001-11-18	0	NULO	21	5
2001-11-19	0	NULO	21	5
2001-11-20	0	2.6	21	4.5
2001-11-21	0.1	2.05	23	7
2001-11-22	0	7.35	23	6
2001-11-23	0.1	3.42	21	7
2001-11-24	0.1	4.38	24	4
2001-11-25	0.1	2.7	27	4
2001-11-26	0.1	5.08	27.5	3.5
2001-11-27	0	6.04	26	6
2001-11-28	0	6.83	27	6
2001-11-29	0	5.75	28	5
2001-11-30	0	3.78	28	3
2001-12-01	0	NULO	28	4
2001-12-02	0	NULO	25	6
2001-12-03	0	1.98	23	4.5
2001-12-04	0	1.66	23	6
2001-12-05	0	4.36	25	8
2001-12-06	0	5.38	23	7
2001-12-07	0	NULO	24.5	5.5
2001-12-08	0	2.84	25	5.5
2001-12-09	0	2.86	21.5	9
2001-12-10	0	2.85	23	3
2001-12-11	0	5.12	25	5
2001-12-12	0	3.88	25	6
2001-12-13	0	3.95	24	5
2001-12-14	0	3.88	27	6
2001-12-15	0	5.46	26	7
2001-12-16	0	4.86	26.5	7.5
2001-12-17	0	2.9	27.5	7
2001-12-18	0	4.16	22	8
2001-12-19	0	3.49	26	8.5
2001-12-20	0	2.22	18	8
2001-12-21	0	2.2	24	2
2001-12-22	0	1.53	25	3
2001-12-23	0	NULO	24	5
2001-12-24	0.1	2.65	18	7
2001-12-25	0	3.43	24	3
2001-12-26	3	0.77	13.5	6
2001-12-27	0	2.39	18	6
2001-12-28	0	3.1	22	2
2001-12-29	0	NULO	23	3
2001-12-30	0	NULO	25	1
2001-12-31	0	NULO	26	2
2002-01-01	0	NULO	27	8
2002-01-02	0	NULO	26	9
2002-01-03	0	NULO	25	5
2002-01-04	0	NULO	26	6
2002-01-05	0	NULO	27	7
2002-01-06	0	NULO	25	8
2002-01-07	0	NULO	20	6
2002-01-08	0	NULO	23	7
2002-01-09	0	NULO	28.5	4
2002-01-10	0	NULO	26	5
2002-01-11	0	NULO	23	7
2002-01-12	0.3	NULO	12	8
2002-01-13	19.5	NULO	14	4
2002-01-14	0	NULO	21	2.5
2002-01-15	0	NULO	23	3
2002-01-16	0	NULO	28	4
2002-01-17	0	NULO	28.5	6
2002-01-18	0	NULO	29	6.5
2002-01-19	0	NULO	28	6
2002-01-20	0	NULO	28	7
2002-01-21	0	NULO	27	8
2002-01-22	0	NULO	29	8
2002-01-23	0	NULO	31	8.5
2002-01-24	0	NULO	30	9
2002-01-25	0	NULO	22	9
2002-01-26	0	NULO	25.5	7
2002-01-27	0	NULO	29	7
2002-01-28	0	NULO	27	8.5
2002-01-29	0	NULO	30	9
2002-01-30	0	NULO	31	10
2002-01-31	0	NULO	30	11
2002-02-01	0	NULO	19	11
2002-02-02	0	NULO	26	7
2002-02-03	0	NULO	25	7
2002-02-04	0	NULO	25.5	6
2002-02-05	0	NULO	29	7
2002-02-06	0	NULO	29	7
2002-02-07	0	NULO	29	7
2002-02-08	0	NULO	23	4
2002-02-09	0	NULO	29	5
2002-02-10	0.01	NULO	17	4
2002-02-11	0	NULO	12	0
2002-02-12	0	NULO	17	2
2002-02-13	0	NULO	20	6
2002-02-14	0	NULO	24	7
2002-02-15	0	NULO	29	8
2002-02-16	0	NULO	23	8
2002-02-17	0	NULO	28	10
2002-02-18	0	NULO	32	7
2002-02-19	0	NULO	20	10
2002-02-20	0	NULO	18	12
2002-02-21	0	NULO	25	8
2002-02-22	0	NULO	25	5
2002-02-23	0	NULO	29	4
2002-02-24	0	NULO	28	5
2002-02-25	0	NULO	29	9
2002-02-26	0	NULO	23	8
2002-02-27	0	NULO	25	6
2002-02-28	0	NULO	30	6
2002-03-01	0	NULO	31.5	6
2002-03-02	0	NULO	32	10
2002-03-03	0	NULO	29	7.5
2002-03-04	0	NULO	29	7.5
2002-03-05	0	NULO	18	3
2002-03-06	0	NULO	28	2
2002-03-07	0	NULO	32	2
2002-03-08	0	NULO	32	2
2002-03-09	0	NULO	31.5	6
2002-03-10	0.5	NULO	29	9.5
2002-03-11	0	NULO	32	8.5
2002-03-12	0	NULO	25.5	9
2002-03-13	0.01	NULO	34	9
2002-03-14	0	NULO	33	12
2002-03-15	0	NULO	34	12.5
2002-03-16	0	NULO	33	13
2002-03-17	0	NULO	34	13
2002-03-18	0	NULO	34	13
2002-03-19	0	NULO	36	14
2002-03-20	0	NULO	23	14
2002-03-21	0	NULO	24	12
2002-03-22	0	NULO	18	8
2002-03-23	0	NULO	30	4
2002-03-24	0	NULO	33	8
2002-03-25	0	NULO	35.5	12
2002-03-26	0	NULO	26.5	12
2002-03-27	0	NULO	35	10
2002-03-28	0	NULO	34	11
2002-03-29	0	NULO	35	11.5
2002-03-30	0	NULO	35	15
2002-03-31	0	NULO	27	15
2002-04-01	0	NULO	33	11
2002-04-02	0	NULO	36	14
2002-04-03	0	NULO	29	14
2002-04-04	0	NULO	27	14
2002-04-05	0	NULO	32	12.5
2002-04-06	0	NULO	33	11
2002-04-07	0	NULO	32	11.5
2002-04-08	0	NULO	32	11.5
2002-04-09	3.8	NULO	27	11
2002-04-10	0.2	NULO	26	9
2002-04-11	0	NULO	27	9
2002-04-12	0	NULO	30	9
2002-04-13	0	NULO	30.5	8
2002-04-14	0	NULO	31.5	7.5
2002-04-15	0	NULO	30	9
2002-04-16	0	NULO	30.5	11
2002-04-17	0	NULO	28.5	11.5
2002-04-18	0	NULO	31	9
2002-04-19	0	NULO	30	10
2002-04-20	0	NULO	31.5	11
2002-04-21	0	NULO	34.5	11
2002-04-22	0	NULO	27.5	12
2002-04-23	0	NULO	32	13
2002-04-24	0	NULO	32	10
2002-04-25	0	NULO	29	9
2002-04-26	0	NULO	31	11.5
2002-04-27	0	NULO	34	10.5
2002-04-28	0	NULO	33	13
2002-04-29	0	NULO	31	12
2002-04-30	0	NULO	34	11
2002-05-01	0	NULO	36	14
2002-05-02	0	NULO	37	16
2002-05-03	0	NULO	35.5	14
2002-05-04	0	NULO	33	15
2002-05-05	0	NULO	30	12.5
2002-05-06	0	NULO	31	11
2002-05-07	0	NULO	31.5	11
2002-05-08	0	NULO	24	12.5
2002-05-09	0	NULO	29	12.5
2002-05-10	0	NULO	29.5	11
2002-05-11	0	NULO	31	11
2002-05-12	0	NULO	30	12
2002-05-13	0.3	NULO	27	14
2002-05-14	0	NULO	22	12.5
2002-05-15	0	NULO	28	12
2002-05-16	0	NULO	31	12
2002-05-17	0.01	NULO	31	12.5
2002-05-18	0	NULO	25.5	13
2002-05-19	0	NULO	25	11
2002-05-20	0	NULO	25	12
2002-05-21	0	NULO	25	11
2002-05-22	0	NULO	29	7
2002-05-23	0	NULO	32	7.5
2002-05-24	0	NULO	33	11
2002-05-25	0	NULO	32	11
2002-05-26	0	NULO	31	12
2002-05-27	0	NULO	30	13
2002-05-28	0	NULO	32	12
2002-05-29	0	NULO	33	14
2002-05-30	2.4	NULO	31	12
2002-05-31	0.4	NULO	32	13
2002-06-01	0	NULO	29.5	12
2002-06-02	0	NULO	27	11
2002-06-03	0	NULO	31	12
2002-06-04	0	NULO	29	12.5
2002-06-05	0	NULO	29	13.5
2002-06-06	1.2	NULO	23	14
2002-06-07	3.2	NULO	26	12.5
2002-06-08	18	NULO	29	12
2002-06-09	31	NULO	23.5	14
2002-06-10	0	NULO	24	14
2002-06-11	0.2	NULO	24	15
2002-06-12	0	NULO	27	14
2002-06-13	0	NULO	27	14
2002-06-14	0	NULO	27	13
2002-06-15	0	NULO	27	11
2002-06-16	0	NULO	31	11
2002-06-17	0	NULO	30	12
2002-06-18	0	NULO	32	12
2002-06-19	0	NULO	29.5	13
2002-06-20	0	NULO	26.5	11
2002-06-21	8.5	NULO	20	13
2002-06-22	8.7	NULO	17	14
2002-06-23	0	NULO	24	10
2002-06-24	0	NULO	27	11
2002-06-25	0	NULO	28.5	11
2002-06-26	0	NULO	29	11
2002-06-27	0	NULO	30	12
2002-06-28	0	NULO	30	11
2002-06-29	20.4	NULO	26	13
2002-06-30	4	NULO	23.5	14
2002-07-01	7.5	NULO	25.5	15
2002-07-02	0	NULO	26	13
2002-07-03	20	NULO	26	12
2002-07-04	42	NULO	25	12
2002-07-05	0.5	NULO	24	11
2002-07-06	0.2	NULO	24.5	13
2002-07-07	0	NULO	24.5	14
2002-07-08	0	NULO	25	12.5
2002-07-09	0	NULO	24.5	12
2002-07-10	0	NULO	24	13.5
2002-07-11	0	NULO	25	14
2002-07-12	0	NULO	27	13
2002-07-13	0	NULO	27	14
2002-07-14	21.5	NULO	24	16
2002-07-15	18.8	NULO	24.5	15
2002-07-16	0	NULO	26	13.5
2002-07-17	2.5	NULO	25.5	13
2002-07-18	0	NULO	24	13
2002-07-19	0	NULO	26	13.5
2002-07-20	0	NULO	26	13
2002-07-21	0	NULO	25	14
2002-07-22	0.7	NULO	18	13
2002-07-23	0	NULO	21	12
2002-07-24	0	NULO	24	8
2002-07-25	0	NULO	16	9
2002-07-26	0	NULO	23	11
2002-07-27	0	NULO	23.5	13
2002-07-28	0	NULO	23.5	9
2002-07-29	0	NULO	24	10
2002-07-30	0	NULO	25	10
2002-07-31	0	NULO	23	9
2002-08-01	9.5	NULO	23	9
2002-08-02	0.6	NULO	24	9
2002-08-03	0	NULO	23	9
2002-08-04	0	NULO	24	8
2002-08-05	0	NULO	24.5	8
2002-08-06	6.5	NULO	26	9
2002-08-07	0	NULO	25	10
2002-08-08	0	NULO	25	11
2002-08-09	0	NULO	24.5	9
2002-08-10	0	NULO	28	8
2002-08-11	0	NULO	25	8
2002-08-12	10.4	NULO	24	8
2002-08-13	2.6	NULO	26	9
2002-08-14	5.5	NULO	22.5	9.5
2002-08-15	1.5	NULO	21.5	10
2002-08-16	0	NULO	23.5	11
2002-08-17	0	NULO	23	9.5
2002-08-18	0	NULO	23	7
2002-08-19	0	NULO	24	8.5
2002-08-20	0.4	NULO	23.5	8
2002-08-21	0	NULO	22.5	8
2002-08-22	0	NULO	19.5	8.5
2002-08-23	0	NULO	22	8
2002-08-24	0	NULO	22	9
2002-08-25	0	NULO	23.5	5
2002-08-26	0	NULO	25.5	8.5
2002-08-27	0	NULO	25	7
2002-08-28	1.4	NULO	24.5	7.5
2002-08-29	1.5	NULO	19	9
2002-08-30	0	NULO	21	8
2002-08-31	1.4	NULO	19.5	10
2002-09-01	0	NULO	21	10
2002-09-02	0	NULO	24.5	7
2002-09-03	0	NULO	22	9
2002-09-04	1.2	NULO	24.5	10
2002-09-05	0	NULO	24	9
2002-09-06	14.8	NULO	22.5	10
2002-09-07	12.4	NULO	20	9.5
2002-09-08	0	NULO	23	11
2002-09-09	0	NULO	26	11
2002-09-10	0	NULO	24.5	10
2002-09-11	12.2	NULO	23.5	10
2002-09-12	34.5	NULO	19	11.5
2002-09-13	8.2	NULO	19	10.5
2002-09-14	25	NULO	20.5	9.5
2002-09-15	2.8	NULO	22.5	11
2002-09-16	0	NULO	18.5	10
2002-09-17	0	NULO	21.5	9
2002-09-18	0	NULO	25.5	9
2002-09-19	13	NULO	25	10.5
2002-09-20	5.2	NULO	18	12
2002-09-21	0	NULO	16	10
2002-09-22	0	NULO	18	7
2002-09-23	3.2	NULO	20	4.5
2002-09-24	3.4	NULO	12.5	6.5
2002-09-25	0	NULO	19	5
2002-09-26	0	NULO	19	8
2002-09-27	0	NULO	18	10
2002-09-28	0	NULO	20	7
2002-09-29	0	NULO	22.5	7
2002-09-30	0	NULO	22	8.5
2002-10-01	0	NULO	23	8
2002-10-02	0	NULO	24.5	8
2002-10-03	0	NULO	25.5	7
2002-10-04	0	NULO	24	6.5
2002-10-05	0	NULO	24	10
2002-10-06	0	NULO	22	9
2002-10-07	0	NULO	21	7
2002-10-08	0	NULO	23.5	9
2002-10-09	0	NULO	21.5	10
2002-10-10	0	NULO	20	8.5
2002-10-11	0	NULO	19	7.5
2002-10-12	0	NULO	22.5	8
2002-10-13	10.2	NULO	20	8
2002-10-14	0	NULO	20	8
2002-10-15	0	NULO	24.5	6
2002-10-16	0	NULO	22	8
2002-10-17	0	NULO	23.5	9
2002-10-18	0	NULO	23.5	7.5
2002-10-19	0	NULO	23.5	8
2002-10-20	0	NULO	23	7
2002-10-21	0	NULO	24	8
2002-10-22	0	NULO	22.5	9
2002-10-23	0	NULO	22.5	10
2002-10-24	0	NULO	21	9
2002-10-25	0	NULO	23	8
2002-10-26	0	NULO	26	9
2002-10-27	0	NULO	23	9
2002-10-28	0	NULO	22.5	8
2002-10-29	0	NULO	27	9
2002-10-30	0	NULO	22.5	11
2002-10-31	0	NULO	21.5	9
2002-11-01	4.2	NULO	20	10
2002-11-02	0	NULO	19.5	10
2002-11-03	6	NULO	19.5	9
2002-11-04	0	NULO	21	9
2002-11-05	38	NULO	22	6.5
2002-11-06	0	NULO	11.5	2
2002-11-07	0	NULO	18	2
2002-11-08	0	NULO	24	4.5
2002-11-09	0	NULO	25	7.5
2002-11-10	0	NULO	26.5	8
2002-11-11	0	NULO	25	8
2002-11-12	7.1	NULO	13	7
2002-11-13	0	NULO	12	3
2002-11-14	0	NULO	19	3
2002-11-15	0	NULO	18.5	5
2002-11-16	0	NULO	14	5
2002-11-17	0	NULO	21.5	1
2002-11-18	0	NULO	25	-2
2002-11-19	0	NULO	21	0
2002-11-20	0	NULO	22.5	2
2002-11-21	0	NULO	16.5	3
2002-11-22	0	NULO	16	1
2002-11-23	0	NULO	21	-3
2002-11-24	0	NULO	22	1
2002-11-25	0	NULO	21	4
2002-11-26	0	NULO	24	4.5
2002-11-27	0	NULO	20	4.5
2002-11-28	0	NULO	16	8
2002-11-29	0	NULO	24	4.5
2002-11-30	0	NULO	21	6.5
2002-12-01	0	NULO	24.5	8
2002-12-02	0	NULO	28	7
2002-12-03	0	NULO	18	7.5
2002-12-04	0	NULO	28	8
2002-12-05	0.1	NULO	24	10
2002-12-06	0	NULO	18	5.5
2002-12-07	0	NULO	21.5	3
2002-12-08	0	NULO	16	4
2002-12-09	0	NULO	25	6
2002-12-10	0	NULO	26	6
2002-12-11	0	NULO	24	6
2002-12-12	0	NULO	23.5	7
2002-12-13	0	NULO	19	5
2002-12-14	0	NULO	19	5.5
2002-12-15	0	NULO	22	6
2002-12-16	0	NULO	25	5
2002-12-17	0	NULO	23.5	6
2002-12-18	0	NULO	26	6.5
2002-12-19	0	NULO	27	7
2002-12-20	0	NULO	20	4
2002-12-21	0	NULO	27	5
2002-12-22	0	NULO	28	7
2002-12-23	0	NULO	26	8
2002-12-24	0	NULO	22	9
2002-12-25	0	NULO	20	6.5
2002-12-26	0	NULO	21	6
2002-12-27	0	NULO	21	6
2002-12-28	0	NULO	17	7
2002-12-29	0	NULO	25	8
2002-12-30	0	NULO	25	9
2002-12-31	0	NULO	27	8.5
2003-01-01	0	NULO	27	7
2003-01-02	0	NULO	20	7
2003-01-03	0	NULO	20	3
2003-01-04	0	NULO	22	3.5
2003-01-05	0	NULO	23	7
2003-01-06	3.1	NULO	22	5
2003-01-07	0	NULO	10	7.5
2003-01-08	0	NULO	19	6
2003-01-09	0	NULO	27	7
2003-01-10	0	NULO	18.5	8
2003-01-11	0	NULO	23	9
2003-01-12	2	NULO	13	9
2003-01-13	0	NULO	12	8.5
2003-01-14	0	NULO	17	6
2003-01-15	0	NULO	22.5	2.5
2003-01-16	4	NULO	19.5	3
2003-01-17	0	NULO	13	4.5
2003-01-18	0	NULO	23	4
2003-01-19	0	NULO	23	2.5
2003-01-20	0	NULO	25	4
2003-01-21	0	NULO	27	6
2003-01-22	0	NULO	27.5	5
2003-01-23	0	NULO	20	7
2003-01-24	0	NULO	21	5
2003-01-25	0	NULO	22	5
2003-01-26	0	NULO	24	6
2003-01-27	0	NULO	15	6
2003-01-28	0	NULO	25	5.5
2003-01-29	0	NULO	24	6
2003-01-30	0	NULO	19.5	4
2003-01-31	0	NULO	23	5
2003-02-01	0	NULO	22	5.5
2003-02-02	0	NULO	28	6
2003-02-03	0	NULO	28	7
2003-02-04	0	NULO	24	11
2003-02-05	0	NULO	32	7
2003-02-06	0	NULO	31	9
2003-02-07	0	NULO	21	9
2003-02-08	0	NULO	28	5.5
2003-02-09	0	NULO	31	5
2003-02-10	0	NULO	26	9
2003-02-11	0	NULO	29.5	10
2003-02-12	0	NULO	25	7
2003-02-13	0	NULO	29	6
2003-02-14	0	NULO	32	6
2003-02-15	0	NULO	30	9.5
2003-02-16	0	NULO	21	9
2003-02-17	0	NULO	27	7.5
2003-02-18	0	NULO	29	6.5
2003-02-19	0	NULO	32	8.5
2003-02-20	0	NULO	32	8.5
2003-02-21	0	NULO	30	9
2003-02-22	0	NULO	25	7
2003-02-23	0	NULO	28	6
2003-02-24	0	NULO	32	7
2003-02-25	0	NULO	33.5	9
2003-02-26	0	NULO	32	10
2003-02-27	0	NULO	29	10
2003-02-28	0	NULO	33	11
2003-03-01	0	NULO	32.5	12
2003-03-02	0	NULO	30	11
2003-03-03	0	NULO	36	11
2003-03-04	0	NULO	36.5	12
2003-03-05	0	NULO	36.5	12
2003-03-06	0	NULO	36	12
2003-03-07	0	NULO	35	10.5
2003-03-08	0	NULO	35	10
2003-03-09	0	NULO	27	11
2003-03-10	0	NULO	29	9
2003-03-11	0	NULO	30	10
2003-03-12	0	NULO	30	9.5
2003-03-13	0	NULO	28	11
2003-03-14	0	NULO	24.5	11
2003-03-15	0	NULO	28	9
2003-03-16	0	NULO	29	10
2003-03-17	0	NULO	29	9
2003-03-18	0	NULO	30	10
2003-03-19	0	NULO	32	10
2003-03-20	0	NULO	32	9
2003-03-21	0	NULO	28	9
2003-03-22	0	NULO	30	8
2003-03-23	0	NULO	29	11
2003-03-24	0	NULO	32	8
2003-03-25	0	NULO	32	11
2003-03-26	0	NULO	24	10
2003-03-27	0	NULO	29	8
2003-03-28	0	NULO	29	11
2003-03-29	0	NULO	27	10
2003-03-30	0	NULO	22	7
2003-03-31	0	NULO	14	3
2003-04-01	0	NULO	26	7
2003-04-02	0	NULO	25	9
2003-04-03	0	NULO	31	10.5
2003-04-04	0	NULO	32	13
2003-04-05	0	NULO	32	8.5
2003-04-06	1	NULO	32	11
2003-04-07	0	NULO	33	13
2003-04-08	0	NULO	22	9
2003-04-09	0	NULO	15	5.5
2003-04-10	0	NULO	23	2
2003-04-11	0	NULO	25	6
2003-04-12	0	NULO	25	8
2003-04-13	0	NULO	28	6
2003-04-14	0	NULO	29	6
2003-04-15	0	NULO	30	6
2003-04-16	0	NULO	32	10
2003-04-17	0	NULO	29.5	8
2003-04-18	0	NULO	32	11
2003-04-19	0	NULO	33	14.5
2003-04-20	7	NULO	29	11.5
2003-04-21	3.8	NULO	23	7
2003-04-22	0	NULO	28	10.5
2003-04-23	0	NULO	30	11
2003-04-24	0	NULO	29.5	12
2003-04-25	0	NULO	30	13
2003-04-26	0	NULO	32	12
2003-04-27	0	NULO	31	11.5
2003-04-28	0	NULO	32	12
2003-04-29	0	NULO	31	11
2003-04-30	0	NULO	22	11.5
2003-05-01	0	13.7	30.5	12
2003-05-02	0	9.3	31.5	13
2003-05-03	0	9.37	30.5	11
2003-05-04	0	10.02	34	10
2003-05-05	0	11.03	34	13
2003-05-06	0	14.98	33	14
2003-05-07	0	14.99	33	13.5
2003-05-08	0	9.6	32	12.5
2003-05-09	0	11.5	34	13.5
2003-05-10	0	9.1	33	12.5
2003-05-11	0	11.57	30	13
2003-05-12	0	11.31	26	13
2003-05-13	0	6.65	27	9
2003-05-14	0	8.93	29	6
2003-05-15	0	10.44	29	6
2003-05-16	0	9.35	32	7
2003-05-17	0	7.05	27.5	11
2003-05-18	0	7.42	28	9
2003-05-19	0	5.48	29	9
2003-05-20	0	9.84	27	8
2003-05-21	0	7.22	26	9.5
2003-05-22	0	8.04	24.5	10
2003-05-23	0	5.7	24.5	10
2003-05-24	0	5.12	25	10.5
2003-05-25	4.5	4.28	28	8
2003-05-26	10.5	0.5	25	10
2003-05-27	0	4.14	20	8
2003-05-28	0	3.91	20	10
2003-05-29	0	4.79	22.5	10
2003-05-30	0	5.63	26	8.5
2003-05-31	0	9.78	28	9
2003-06-01	0	8.96	29	9
2003-06-02	16.5	7.46	24	12.5
2003-06-03	14.5	2.38	23.5	10.5
2003-06-04	0	0.23	22	9
2003-06-05	0	3.28	26	10
2003-06-06	18	2.99	26	11
2003-06-07	0	8.05	25	10
2003-06-08	0	6.18	24	11
2003-06-09	0	4.88	24.5	11.5
2003-06-10	5	7.39	24	11
2003-06-11	36	10.75	25	10
2003-06-12	0	7.4	27	10
2003-06-13	0	4.75	26	10.5
2003-06-14	0	6.85	22.5	11
2003-06-15	0	4.7	24	10
2003-06-16	6.5	4.52	23	10
2003-06-17	0	4.09	20	7
2003-06-18	0	6.04	22	10
2003-06-19	0	7.45	24.5	10
2003-06-20	0	6.5	25	11
2003-06-21	0	6.72	25	9
2003-06-22	0	4.32	26.5	11
2003-06-23	0	9	27	11.5
2003-06-24	0	4.56	24.5	13
2003-06-25	0	5.45	23	10
2003-06-26	0	7.47	24	8.5
2003-06-27	0	1.23	19	10
2003-06-28	0	8.05	23.5	7.5
2003-06-29	0	8.75	25	8
2003-06-30	0	3.51	22	10.5
2003-07-01	19.5	9.95	23.5	10.5
2003-07-02	49	3.21	24	9
2003-07-03	0	2.67	21	9
2003-07-04	14.5	1.75	22	10
2003-07-05	27	6.08	19	10.5
2003-07-06	0	1.85	22	10
2003-07-07	0	5.68	22	11
2003-07-08	6.8	5.74	22	11
2003-07-09	1.2	5.48	20.5	9.5
2003-07-10	0	6.75	22	7.5
2003-07-11	0	6.51	22.5	6
2003-07-12	0	4.42	25	6
2003-07-13	0	8.27	23.5	10
2003-07-14	0	6.15	23	7.5
2003-07-15	0	5.93	23	9
2003-07-16	2.5	4.15	22.5	8.5
2003-07-17	1	6.12	22	11
2003-07-18	0	4.55	23	7
2003-07-19	0	6.54	21	7
2003-07-20	0	6.05	24	6
2003-07-21	0	5.37	25	9
2003-07-22	0	7.5	25.5	7
2003-07-23	0	6.44	25.5	9
2003-07-24	0	6.96	23.5	7.5
2003-07-25	0	6.4	22	9
2003-07-26	0	4.77	22	9
2003-07-27	4	3.68	21.5	8.5
2003-07-28	0	7.94	24	8
2003-07-29	32	2.55	22	9
2003-07-30	15	5.44	23.5	9.5
2003-07-31	0.2	0.69	23	11
2003-08-01	12	10.57	21	10
2003-08-02	7.5	4.07	23	8
2003-08-03	0	4.5	24	9
2003-08-04	0	5.14	23	8.5
2003-08-05	6	5.68	24	9
2003-08-06	0	5.51	23.5	9
2003-08-07	0	6.56	24.5	8.5
2003-08-08	0	6.89	23.5	8
2003-08-09	0	6.94	23	8
2003-08-10	0	7.01	23.5	8.5
2003-08-11	0	7.48	26	7
2003-08-12	0	5.92	24.5	7
2003-08-13	0.9	5.54	25	8
2003-08-14	0.4	1.5	21	9.5
2003-08-15	3.7	7.41	19.5	7.5
2003-08-16	0	5.01	22	7.5
2003-08-17	0	3.74	23.5	8
2003-08-18	0	5.46	21.5	8
2003-08-19	0	5.7	24.5	8
2003-08-20	11.5	1.18	22	12
2003-08-21	14	1.96	17	10
2003-08-22	2.7	3.2	18.5	10
2003-08-23	0.2	3.46	21.5	7.5
2003-08-24	0	7	21.5	10.5
2003-08-25	0	4.34	22.5	9.5
2003-08-26	0	6.63	27	8.5
2003-08-27	0	5.12	24	9
2003-08-28	0	7.73	23	9
2003-08-29	0	5.58	23.5	9
2003-08-30	0	6.54	24.5	10
2003-08-31	7.5	5.8	23	11
2003-09-01	0.1	3.5	24.5	11.5
2003-09-02	0	7.45	22.5	7
2003-09-03	0	3.95	21	9
2003-09-04	0	5.8	21.5	9
2003-09-05	29.5	5.05	21.5	10.5
2003-09-06	0.1	1.24	21	10.5
2003-09-07	4.2	4.31	20.5	9
2003-09-08	2.5	1.84	22.5	11
2003-09-09	0.1	4.73	22.5	10.5
2003-09-10	0	4.19	23	10
2003-09-11	0	5.04	24.5	10
2003-09-12	5.8	1.66	24	10
2003-09-13	0	4.04	25	9
2003-09-14	13.7	3.37	19.5	10
2003-09-15	9.5	2.98	17	10
2003-09-16	4.8	3.25	18.5	9
2003-09-17	0	4.8	18.5	10.5
2003-09-18	1	3.25	21	11
2003-09-19	1.2	4.55	22	11.5
2003-09-20	1	2.5	22	12
2003-09-21	0	4.4	25	11
2003-09-22	0.6	4.87	23	12
2003-09-23	3.6	3.83	20.5	11
2003-09-24	0	4.2	23.5	11
2003-09-25	0	5.28	24	10
2003-09-26	10.5	5.94	23.5	9.5
2003-09-27	8	3.23	23	11
2003-09-28	29	2.09	15	10
2003-09-29	36	6.24	13	8.5
2003-09-30	0.1	1.5	13	6
2003-10-01	0	5.37	15	4
2003-10-02	9.3	4.14	15.5	2.5
2003-10-03	3.5	0.81	15.5	7
2003-10-04	0.3	2.24	16	8.5
2003-10-05	3.5	1.44	17.5	9
2003-10-06	0	2.26	17	10
2003-10-07	1.5	3.04	19.5	10.5
2003-10-08	1.3	3.7	21	11
2003-10-09	0	2.38	20	12
2003-10-10	0	4.52	23.5	11.5
2003-10-11	0	3.6	22	12
2003-10-12	0.3	3.98	23	12.5
2003-10-13	11.5	7.32	24	10.5
2003-10-14	0	1.56	21	10.5
2003-10-15	0.1	8.04	22	9
2003-10-16	0	2.35	24	9
2003-10-17	3.8	3.68	18	10
2003-10-18	13	0.4	15	8
2003-10-19	0	4.37	15.5	7
2003-10-20	0	2.92	16.5	7
2003-10-21	0	3.97	19.5	4
2003-10-22	0	2.61	16	5
2003-10-23	0	3.85	21	6
2003-10-24	0	5.3	23	8
2003-10-25	0	3.43	24	8.5
2003-10-26	0	5.09	21	9
2003-10-27	4.5	1.4	21	8
2003-10-28	0	4.43	20	4.5
2003-10-29	0	5.9	22	7.5
2003-10-30	0	4.9	24	7.5
2003-10-31	5.4	4.23	22	7.5
2003-11-01	0	3.93	20	10
2003-11-02	0	2.24	20	9
2003-11-03	0	4.45	21.5	6
2003-11-04	0	5.05	23.5	6.5
2003-11-05	0	5.67	23	6
2003-11-06	0	5.33	23	3.5
2003-11-07	0	3.4	18	3.5
2003-11-08	2.5	1.97	14	7
2003-11-09	9.5	1.73	15	6.5
2003-11-10	0.1	2.16	14	3.5
2003-11-11	0	3.34	18	8
2003-11-12	1.2	4.3	20	5
2003-11-13	7.9	0.8	11.5	7.5
2003-11-14	0	3.6	18	7.5
2003-11-15	0	5.07	22	5
2003-11-16	0	4.15	23	7.5
2003-11-17	0	6.18	25	9
2003-11-18	0	5.34	23	8
2003-11-19	0	4.48	16.5	5.5
2003-11-20	0	3.74	21	2.5
2003-11-21	0	6.44	23	3
2003-11-22	0	6.18	25	7
2003-11-23	0.5	6.32	24	7.5
2003-11-24	0	2.3	14	6.5
2003-11-25	0	4.77	22.5	2.5
2003-11-26	0	6.45	23	7
2003-11-27	0	4.2	24	8
2003-11-28	0	8.06	10	4
2003-11-29	0	1.04	14.5	3
2003-11-30	0	3.18	21	1.5
2003-12-01	0	6.45	18.5	3.5
2003-12-02	0	3.91	13.5	5.5
2003-12-03	0	5.04	20	3.5
2003-12-04	0	4.38	18	1
2003-12-05	1.5	2.27	21.5	2
2003-12-06	0	3.99	11.5	3
2003-12-07	0	4.78	17	1
2003-12-08	0	5.04	19	2
2003-12-09	0.8	3.64	19	4
2003-12-10	0	5.02	19	3.5
2003-12-11	0	3.13	22.5	1
2003-12-12	0	6.23	24	5
2003-12-13	0	4.14	21	7
2003-12-14	0	5.74	19	3
2003-12-15	0	7.54	20	2.5
2003-12-16	0	3.23	17	2.5
2003-12-17	0	4.57	14	1
2003-12-18	0	3.43	16.5	0.5
2003-12-19	0	2.34	13	2
2003-12-20	0	7.43	17	3
2003-12-21	0	1.21	17.5	0.5
2003-12-22	0	8.29	20	2
2003-12-23	0	2.5	15	0.5
2003-12-24	0	4.42	19.5	0.5
2003-12-25	0	7.5	20	0.5
2003-12-26	0	3.64	22.5	0.5
2003-12-27	0	5.44	23.5	5
2003-12-28	0	3.26	16	6
2003-12-29	0	3.54	16	4
2003-12-30	0	3.1	16	1
2003-12-31	0	2.38	19	1
2004-01-01	0	4.72	19.5	4
2004-01-02	0	3.28	21	5.5
2004-01-03	0	2.34	24	3
2004-01-04	0	4.38	23.5	5
2004-01-05	0	4.16	19.5	7
2004-01-06	0	2.19	14	6
2004-01-07	0	2.75	17	1.5
2004-01-08	0	5.8	20.5	3
2004-01-09	1.6	1.2	12	5.5
2004-01-10	0.01	0.4	11	2
2004-01-11	0	1.05	10	0.5
2004-01-12	0	4.87	18	2
2004-01-13	0	2.78	10	2
2004-01-14	0	4.35	14.5	3
2004-01-15	2	3.53	18	6
2004-01-16	4	2.26	18	5.5
2004-01-17	1.4	4.76	15	4
2004-01-18	0	5.62	20	0.5
2004-01-19	0	5.23	17	1
2004-01-20	0	4.3	20.5	0
2004-01-21	0	5.4	22	7
2004-01-22	0	5.02	21	2.5
2004-01-23	0	4.13	19.5	3
2004-01-24	0	6.4	22	5
2004-01-25	0	6	19.5	6
2004-01-26	0	5.07	21	5.5
2004-01-27	0	3.91	16	2
2004-01-28	0	6.57	17.5	0
2004-01-29	0.4	4.4	21	2
2004-01-30	4.4	0.35	9.5	5
2004-01-31	0	4.55	17	-1
2004-02-01	0	8.25	22.5	-1
2004-02-02	0	6.53	21	1.5
2004-02-03	0	4.07	22.5	3
2004-02-04	0	8.6	23	4
2004-02-05	0	2.45	24	6
2004-02-06	0	6.02	22.5	5.5
2004-02-07	0	6.55	21.5	5.5
2004-02-08	0	3.53	21	0
2004-02-09	0	7.07	24	3
2004-02-10	0	3.78	23.5	6.5
2004-02-11	0	NULO	26	7.5
2004-02-12	0.01	NULO	22	7.5
2004-02-13	0	NULO	22	7.5
2004-02-14	0	NULO	20.5	4
2004-02-15	0	NULO	22	1
2004-02-16	0	NULO	15.5	2
2004-02-17	0	NULO	16	0
2004-02-18	0	NULO	18	-4
2004-02-19	0	NULO	23.5	-0.5
2004-02-20	0	NULO	24	3
2004-02-21	0	NULO	23	4
2004-02-22	0	NULO	25	6.5
2004-02-23	0	NULO	25	7
2004-02-24	0	NULO	23	8
2004-02-25	0	NULO	22.5	3
2004-02-26	0	NULO	20	3
2004-02-27	0	NULO	23.5	0
2004-02-28	0	NULO	24	0.5
2004-02-29	0	NULO	NULO	NULO
2004-03-01	0	NULO	24.5	7.5
2004-03-02	0	NULO	26	7
2004-03-03	0	NULO	30	6.5
2004-03-04	0	NULO	28	9.5
2004-03-05	0	NULO	29	9
2004-03-06	0	NULO	20	8
2004-03-07	2	NULO	22.5	8
2004-03-08	3.5	NULO	21.5	2
2004-03-09	0.9	NULO	18	4.5
2004-03-10	0	NULO	19	5.5
2004-03-11	0	NULO	19	4.5
2004-03-12	0	NULO	22	5.5
2004-03-13	0	NULO	22.5	4
2004-03-14	0	NULO	22	4
2004-03-15	0	NULO	22	5.5
2004-03-16	0	NULO	23	6.5
2004-03-17	0	NULO	23	10
2004-03-18	0	NULO	27	7
2004-03-19	0	NULO	23.5	8.5
2004-03-20	0	NULO	22.5	7.5
2004-03-21	1.4	NULO	17.5	5
2004-03-22	0	NULO	17.5	3
2004-03-23	0	NULO	21.5	5
2004-03-24	0	NULO	24	5.5
2004-03-25	0	NULO	25	4
2004-03-26	0	NULO	24.5	6
2004-03-27	0	NULO	22	6.5
2004-03-28	0	NULO	24	7
2004-03-29	12	NULO	18.5	6
2004-03-30	3.5	NULO	14.5	5
2004-03-31	13	NULO	18.5	5.5
2004-04-01	0	NULO	20	5.5
2004-04-02	0	NULO	25	6
2004-04-03	1.2	NULO	23	7
2004-04-04	0.01	NULO	24.5	4
2004-04-05	0	NULO	23	8
2004-04-06	0.01	NULO	22	8
2004-04-07	0	NULO	24	9.5
2004-04-08	0	NULO	23	9
2004-04-09	0	NULO	26.5	9
2004-04-10	0	NULO	27	10
2004-04-11	0	NULO	27.5	10
2004-04-12	0	NULO	25.5	9
2004-04-13	0	NULO	15	4
2004-04-14	0	NULO	23	2
2004-04-15	0	NULO	25	3.5
2004-04-16	0	NULO	28	6
2004-04-17	0	NULO	25	4.5
2004-04-18	0	NULO	24.5	5
2004-04-19	0	NULO	21	4
2004-04-20	0	NULO	27	2.5
2004-04-21	0	NULO	29	8
2004-04-22	0	NULO	28	10
2004-04-23	0	NULO	29	11.5
2004-04-24	7.8	NULO	30	11
2004-04-25	7	NULO	27.5	10.5
2004-04-26	1.8	NULO	22	8
2004-04-27	0	NULO	17.5	7
2004-04-28	6.5	NULO	23	4
2004-04-29	2.8	NULO	26.5	9
2004-04-30	6.1	NULO	NULO	NULO
2004-05-01	0.2	NULO	27	4.5
2004-05-02	0	NULO	18.5	4.5
2004-05-03	0	NULO	17	2
2004-05-04	0.01	NULO	22	5.5
2004-05-05	0.3	NULO	23	8
2004-05-06	1.5	NULO	23.5	7
2004-05-07	1.5	NULO	23.5	8
2004-05-08	0	NULO	24	7
2004-05-09	0	NULO	23	8
2004-05-10	4	NULO	26	6.5
2004-05-11	1	NULO	28	8
2004-05-12	3	NULO	29	8
2004-05-13	3.5	NULO	28.5	9.5
2004-05-14	0	NULO	21	7.5
2004-05-15	2	NULO	19	4
2004-05-16	0	NULO	21	7
2004-05-17	0	NULO	24	7.5
2004-05-18	0	NULO	22	9.5
2004-05-19	0	NULO	24	11
2004-05-20	0	NULO	24	6.5
2004-05-21	0	NULO	27	10.5
2004-05-22	0	NULO	26	7
2004-05-23	0	NULO	26	9
2004-05-24	0	NULO	26	9
2004-05-25	0	NULO	28	5.5
2004-05-26	0	NULO	28	10
2004-05-27	0	NULO	29	11
2004-05-28	0	NULO	28	12
2004-05-29	51	NULO	32	11.5
2004-05-30	5.9	NULO	27	6.5
2004-05-31	0	NULO	23.5	9
2004-06-01	0.01	NULO	22.5	9.5
2004-06-02	5.2	NULO	21	10.5
2004-06-03	11	NULO	18.5	10.5
2004-06-04	0	NULO	18	8.5
2004-06-05	0	NULO	21	7
2004-06-06	27	NULO	23	9
2004-06-07	15.9	NULO	23.5	10.5
2004-06-08	19.7	NULO	22.5	10.5
2004-06-09	2	NULO	23	10
2004-06-10	0	NULO	24	9
2004-06-11	13.6	NULO	24	9
2004-06-12	0	NULO	21	10.5
2004-06-13	0	NULO	23.5	8.5
2004-06-14	0	NULO	23	10
2004-06-15	0	NULO	27	7.5
2004-06-16	0	NULO	23	9
2004-06-17	0	NULO	24	9
2004-06-18	0	NULO	23.5	5.5
2004-06-19	0	NULO	23	6
2004-06-20	0	NULO	23.5	7
2004-06-21	11.9	NULO	24.5	9.5
2004-06-22	9.8	NULO	22	10.5
2004-06-23	0	NULO	23.5	11
2004-06-24	0	NULO	24	9
2004-06-25	0	NULO	23	10
2004-06-26	0	NULO	22.5	10
2004-06-27	0	NULO	21.5	10
2004-06-28	0	NULO	22	8.5
2004-06-29	2.3	NULO	24	9
2004-06-30	0	NULO	NULO	NULO
2004-07-01	0	NULO	24	9
2004-07-02	0	NULO	23.5	7
2004-07-03	24.4	NULO	24	7.5
2004-07-04	0	NULO	21	8.5
2004-07-05	0	NULO	24	7
2004-07-06	0	NULO	25	10
2004-07-07	4	NULO	24	10.5
2004-07-08	0.01	NULO	22	7.5
2004-07-09	0	NULO	22	8.5
2004-07-10	4.5	NULO	21.5	8
2004-07-11	8.9	NULO	15	8.5
2004-07-12	0	NULO	20	9
2004-07-13	0	NULO	21.5	5
2004-07-14	0	NULO	22	6.5
2004-07-15	0	NULO	22	6.5
2004-07-16	0	NULO	24	6.5
2004-07-17	0	NULO	22	8.5
2004-07-18	4.5	NULO	23.5	7
2004-07-19	55	NULO	23	8
2004-07-20	6.2	NULO	23.5	8
2004-07-21	28	NULO	24	7
2004-07-22	17.3	NULO	21	8
2004-07-23	0	NULO	21.5	8
2004-07-24	0	NULO	21	9
2004-07-25	0.4	NULO	18	9
2004-07-26	0.2	NULO	19.5	8
2004-07-27	0	NULO	21.5	9
2004-07-28	12.4	NULO	25	7
2004-07-29	8.5	NULO	26	10
2004-07-30	0.2	NULO	25.5	10
2004-07-31	0	NULO	24	10.5
2004-08-01	6.5	NULO	23	8
2004-08-02	4.2	NULO	21	9.5
2004-08-03	3.8	NULO	24	8.5
2004-08-04	12.5	NULO	24	11
2004-08-05	0.01	NULO	24	10
2004-08-06	0	NULO	23.5	10
2004-08-07	0.01	NULO	23	8
2004-08-08	0	NULO	23	8
2004-08-09	0	NULO	23	8.5
2004-08-10	0	NULO	22.5	10
2004-08-11	0	NULO	25	8
2004-08-12	3	NULO	21	10
2004-08-13	3.7	NULO	15	9
2004-08-14	3.2	NULO	17.5	7
2004-08-15	3.3	NULO	18.5	5
2004-08-16	0	NULO	19	6
2004-08-17	0	NULO	21	9
2004-08-18	0	NULO	22	8
2004-08-19	0	NULO	25	9
2004-08-20	0	NULO	21	8.5
2004-08-21	0	NULO	23	8.5
2004-08-22	0	NULO	26	11
2004-08-23	0	NULO	24	9
2004-08-24	0	NULO	22.5	8.5
2004-08-25	0	NULO	24.5	10.5
2004-08-26	0	NULO	24	9
2004-08-27	0	NULO	24	8
2004-08-28	0	NULO	23.5	7.5
2004-08-29	4.3	NULO	22.5	8.5
2004-08-30	1.6	NULO	22.5	9.5
2004-08-31	0.01	NULO	21	10.5
2004-09-01	4.8	NULO	22	10
2004-09-02	0.3	NULO	19.5	9.5
2004-09-03	1.8	NULO	22	9
2004-09-04	0	NULO	22	9
2004-09-05	0	NULO	25	7
2004-09-06	0	NULO	23	7
2004-09-07	0	NULO	22.5	7.5
2004-09-08	0.01	NULO	19	8
2004-09-09	0.01	NULO	15.5	9
2004-09-10	0.2	NULO	19.5	8
2004-09-11	4.5	NULO	17	7.5
2004-09-12	0	NULO	18	7
2004-09-13	0	NULO	23	6
2004-09-14	0	NULO	24	8
2004-09-15	0	NULO	26	8
2004-09-16	0	NULO	24	7.5
2004-09-17	0	NULO	22	7
2004-09-18	1.8	NULO	24	11
2004-09-19	0	NULO	22	11
2004-09-20	0	NULO	22	8
2004-09-21	0	NULO	24	8
2004-09-22	0	NULO	23	7
2004-09-23	0	NULO	22	5.5
2004-09-24	0.01	NULO	23	8
2004-09-25	0	NULO	21	8.5
2004-09-26	0	NULO	19.5	8.5
2004-09-27	11	NULO	23	9
2004-09-28	3	NULO	18	9
2004-09-29	1.5	NULO	13.5	9.5
2004-09-30	0	NULO	NULO	NULO
2004-10-01	0.5	NULO	21.5	9
2004-10-02	1.5	NULO	21.5	9
2004-10-03	11.8	NULO	14	8
2004-10-04	12.8	NULO	11	8
2004-10-05	12.8	NULO	12	9
2004-10-06	0.01	NULO	15	9.5
2004-10-07	0	NULO	21	8
2004-10-08	14.3	NULO	16	8.5
2004-10-09	0.01	NULO	12	8
2004-10-10	0	NULO	20	5
2004-10-11	0	NULO	20.5	5
2004-10-12	0	NULO	18	8.5
2004-10-13	0	NULO	20	7
2004-10-14	0	NULO	21	7
2004-10-15	0	NULO	19	9
2004-10-16	0	NULO	24	9
2004-10-17	0	NULO	24	8
2004-10-18	0	NULO	26	9
2004-10-19	0	NULO	27	9.5
2004-10-20	0	NULO	27	9.5
2004-10-21	0	NULO	24	8
2004-10-22	0	NULO	26	8
2004-10-23	0	NULO	25	8.5
2004-10-24	0	NULO	24	8
2004-10-25	0	NULO	19	7
2004-10-26	0	NULO	23	9
2004-10-27	0	NULO	21.5	9.5
2004-10-28	0	NULO	22	8
2004-10-29	0	NULO	18.5	7
2004-10-30	0	NULO	23.5	5
2004-10-31	8.4	NULO	25	6
2004-11-01	0	NULO	23	8
2004-11-02	0.01	NULO	23.5	8
2004-11-03	0.01	NULO	17	6
2004-11-04	1.5	NULO	13	4.5
2004-11-05	0	NULO	12	3.5
2004-11-06	0	NULO	17	-3
2004-11-07	0	NULO	19	-1.5
2004-11-08	0	NULO	19	-1
2004-11-09	0	NULO	21	-1
2004-11-10	0	NULO	23	1
2004-11-11	0	NULO	21	4
2004-11-12	0	NULO	23	3
2004-11-13	0	NULO	35	5.5
2004-11-14	0	NULO	17.5	4
2004-11-15	0	NULO	17.5	7
2004-11-16	0	NULO	20	6
2004-11-17	0	NULO	22	6
2004-11-18	0	NULO	21	4.5
2004-11-19	0	NULO	23.5	4
2004-11-20	0	NULO	24	6
2004-11-21	0	NULO	25	6
2004-11-22	0	NULO	25	5.5
2004-11-23	0	NULO	24	6
2004-11-24	0	NULO	23	6
2004-11-25	0	NULO	20	6
2004-11-26	0	NULO	23	5
2004-11-27	0	NULO	21	6
2004-11-28	0	NULO	25	5
2004-11-29	0	NULO	26	9
2004-11-30	0	NULO	NULO	NULO
2004-12-01	0	NULO	19	6
2004-12-02	0	NULO	23	3
2004-12-03	0	NULO	21	5
2004-12-04	0	NULO	20.5	4
2004-12-05	0	NULO	25	3.5
2004-12-06	0	NULO	21	6
2004-12-07	0	NULO	22.5	4
2004-12-08	0	NULO	23	5
2004-12-09	0	NULO	24	5.5
2004-12-10	0	NULO	14	6
2004-12-11	0	NULO	17	2
2004-12-12	0	NULO	21	2
2004-12-13	0	NULO	19	4
2004-12-14	0	NULO	17	0.5
2004-12-15	2.2	NULO	12	2
2004-12-16	0	NULO	15.5	1
2004-12-17	0	NULO	17	4
2004-12-18	0	NULO	9	4
2004-12-19	0	NULO	12.5	2.5
2004-12-20	0	NULO	15	-3
2004-12-21	0	NULO	21	1
2004-12-22	0	NULO	17	4
2004-12-23	0	NULO	22.5	3
2004-12-24	0	NULO	21	3.5
2004-12-25	0	NULO	17	-2
2004-12-26	0	NULO	17	-12
2004-12-27	0	NULO	18	-3.5
2004-12-28	0	NULO	18	-1.5
2004-12-29	0	NULO	17.5	-4
2004-12-30	0	NULO	20	-2.5
2004-12-31	0	NULO	20	0
2005-01-01	0	NULO	15	1.5
2005-01-02	0	NULO	22.5	2.5
2005-01-03	0	NULO	22.5	4.5
2005-01-04	0	NULO	21	3
2005-01-05	0	NULO	22.5	3
2005-01-06	0	NULO	22.5	3.5
2005-01-07	0	NULO	22	3
2005-01-08	0	NULO	19	4
2005-01-09	0	NULO	17	4.5
2005-01-10	0	NULO	19.5	3
2005-01-11	0	NULO	21	3
2005-01-12	0	NULO	22	3
2005-01-13	0	NULO	21	6
2005-01-14	0	NULO	16	2.5
2005-01-15	0	NULO	16	0.5
2005-01-16	0	NULO	10	0.5
2005-01-17	0	NULO	16	0
2005-01-18	0	NULO	14	2
2005-01-19	0.01	NULO	12	0.5
2005-01-20	0	NULO	18	3.5
2005-01-21	0	NULO	16	3.5
2005-01-22	11.3	NULO	19	5
2005-01-23	0	NULO	16	4
2005-01-24	0	NULO	20	4
2005-01-25	0	NULO	18	5
2005-01-26	0	NULO	21	5
2005-01-27	0	NULO	24	5.5
2005-01-28	0	NULO	21	7
2005-01-29	0	NULO	24	5.5
2005-01-30	0	NULO	24	5.5
2005-01-31	0	NULO	23	5
2005-02-01	0	NULO	21.5	5.5
2005-02-02	0.01	NULO	22	3.5
2005-02-03	0	NULO	20	-2
2005-02-04	0	NULO	12	-1.5
2005-02-05	0	NULO	12	1.5
2005-02-06	0	NULO	22	4
2005-02-07	0	NULO	25	6
2005-02-08	0	NULO	26	5
2005-02-09	0	NULO	26.5	8
2005-02-10	0	NULO	18	7
2005-02-11	0	NULO	18.5	5.5
2005-02-12	0	NULO	24	1
2005-02-13	0	NULO	21.5	5
2005-02-14	0	NULO	21	5
2005-02-15	0	NULO	21.5	5
2005-02-16	0	NULO	24	5
2005-02-17	0.01	NULO	25	6
2005-02-18	0	NULO	21	5
2005-02-19	0	NULO	23	5
2005-02-20	0	NULO	23	7
2005-02-21	0	NULO	23.5	7
2005-02-22	0	NULO	24.5	6
2005-02-23	0	NULO	22	5
2005-02-24	0.01	NULO	20	5.5
2005-02-25	0	NULO	17.5	3
2005-02-26	0	NULO	13	4.5
2005-02-27	0	NULO	21	6
2005-02-28	0	NULO	NULO	NULO
2005-03-01	0	NULO	23	-2
2005-03-02	0	NULO	24	4.5
2005-03-03	0	NULO	24	4.5
2005-03-04	0	NULO	23	6
2005-03-05	0	NULO	23	4.5
2005-03-06	1.4	NULO	22	6
2005-03-07	0	NULO	23	7.5
2005-03-08	0	NULO	22	8
2005-03-09	0	NULO	18.5	2.5
2005-03-10	0	NULO	19.5	2
2005-03-11	0	NULO	22	2.5
2005-03-12	0	NULO	25	2
2005-03-13	0	NULO	26	2.5
2005-03-14	1.3	NULO	26	8
2005-03-15	8.5	NULO	10	7
2005-03-16	0	NULO	20.5	6
2005-03-17	0	NULO	21	0
2005-03-18	0	NULO	26	6.5
2005-03-19	0	NULO	26	5.5
2005-03-20	0	NULO	26	6
2005-03-21	0	NULO	27	7
2005-03-22	0	NULO	26.5	8
2005-03-23	0	NULO	26	6
2005-03-24	0	NULO	29	8
2005-03-25	0	NULO	28	10
2005-03-26	0	NULO	25	8
2005-03-27	0	NULO	27	8.5
2005-03-28	0	NULO	25	10
2005-03-29	0	NULO	27	7.5
2005-03-30	0	NULO	31.5	10
2005-03-31	0	NULO	29	10
2005-04-01	0	NULO	21	10
2005-04-02	0	NULO	18	0.5
2005-04-03	0	NULO	31	2.5
2005-04-04	0	NULO	29	13
2005-04-05	0	NULO	30.5	13
2005-04-06	0	NULO	24	10
2005-04-07	0	NULO	29	7
2005-04-08	0	NULO	28	8
2005-04-09	0	NULO	29	10
2005-04-10	0	NULO	29	11
2005-04-11	0	NULO	29.5	9
2005-04-12	0	NULO	30	8
2005-04-13	0	NULO	25.5	4.5
2005-04-14	0	NULO	23.5	6
2005-04-15	0	NULO	23.5	5.5
2005-04-16	0	NULO	23.5	7
2005-04-17	0	NULO	26	4
2005-04-18	1.5	NULO	26	5
2005-04-19	0	NULO	29	8
2005-04-20	0	NULO	29	9
2005-04-21	0	NULO	29	9
2005-04-22	0	NULO	27	9
2005-04-23	3.8	NULO	23	9
2005-04-24	0	NULO	26	9
2005-04-25	0	NULO	29	9.5
2005-04-26	0	NULO	27	9
2005-04-27	0	NULO	29	7
2005-04-28	0	NULO	27	12
2005-04-29	0	NULO	29	10
2005-04-30	0	NULO	NULO	NULO
2005-05-01	4.7	NULO	26	7.5
2005-05-02	0	NULO	31	7.5
2005-05-03	0	NULO	31	6
2005-05-04	0	NULO	26	7
2005-05-05	0	NULO	23	7.5
2005-05-06	0	NULO	25	6
2005-05-07	0	NULO	26	9
2005-05-08	0	NULO	27	10
2005-05-09	0	NULO	27	7
2005-05-10	0	NULO	27	6
2005-05-11	0	NULO	27.5	8
2005-05-12	0	NULO	25.5	10
2005-05-13	0	NULO	26	7
2005-05-14	2.6	NULO	23.5	6
2005-05-15	2	NULO	24	8
2005-05-16	0	NULO	22	6
2005-05-17	0	NULO	28	6
2005-05-18	0	NULO	26	7.5
2005-05-19	0	NULO	26	8
2005-05-20	0	NULO	24	6
2005-05-21	0	NULO	22	7
2005-05-22	0	NULO	24	5
2005-05-23	0	NULO	26	6
2005-05-24	0	NULO	29	6
2005-05-25	3	NULO	30	10
2005-05-26	0	NULO	26	9
2005-05-27	3.2	NULO	25	10
2005-05-28	5.5	NULO	26	6.5
2005-05-29	0	NULO	27	8
2005-05-30	0	NULO	27	11
2005-05-31	0	NULO	27	11
2005-06-01	0	NULO	30	11
2005-06-02	0	NULO	31	11
2005-06-03	0	NULO	31	11
2005-06-04	0	NULO	31	12
2005-06-05	0	NULO	31	11
2005-06-06	0	NULO	30	11
2005-06-07	0	NULO	31	10
2005-06-08	0	NULO	29	8
2005-06-09	0	NULO	28	8.5
2005-06-10	0	NULO	29.5	9
2005-06-11	0	NULO	31	11
2005-06-12	0	NULO	32	11
2005-06-13	0	NULO	28.5	11.5
2005-06-14	10.5	NULO	25	9
2005-06-15	14	NULO	18.5	10.5
2005-06-16	0	NULO	21	9.5
2005-06-17	0	NULO	26	8
2005-06-18	0	NULO	25	8
2005-06-19	0	NULO	33	8
2005-06-20	0	NULO	23	10
2005-06-21	14	NULO	18	8.5
2005-06-22	9.3	NULO	14	9
2005-06-23	0.01	NULO	18	8.5
2005-06-24	18.3	NULO	23.5	9
2005-06-25	0	NULO	21	8
2005-06-26	0	NULO	20	7.5
2005-06-27	12.6	NULO	15.5	7
2005-06-28	0	NULO	10.5	8.5
2005-06-29	0	NULO	26	9
2005-06-30	0	NULO	NULO	NULO
2005-07-01	0	NULO	24	8.5
2005-07-02	0	NULO	25	8
2005-07-03	0	NULO	23	8
2005-07-04	0.01	NULO	22	7
2005-07-05	10.5	NULO	23.5	8
2005-07-06	6.3	NULO	21.5	9
2005-07-07	0	NULO	20	9
2005-07-08	0	NULO	21.5	9
2005-07-09	0	NULO	24	9.5
2005-07-10	0	NULO	26	8.5
2005-07-11	0	NULO	23.5	9.5
2005-07-12	2.5	NULO	23	7
2005-07-13	0	NULO	23	8
2005-07-14	0	NULO	24	10
2005-07-15	0	NULO	25	11
2005-07-16	0	NULO	22.5	10
2005-07-17	0.01	NULO	20	9.5
2005-07-18	0	NULO	25.5	9
2005-07-19	0	NULO	27	7.5
2005-07-20	0	NULO	25	9
2005-07-21	4.5	NULO	19.5	8.5
2005-07-22	2.8	NULO	19	9
2005-07-23	5.8	NULO	21	8
2005-07-24	0.01	NULO	19	9
2005-07-25	0	NULO	26	10
2005-07-26	0	NULO	25	10
2005-07-27	0	NULO	23	9
2005-07-28	0	NULO	22	10
2005-07-29	0	NULO	23	9
2005-07-30	0	NULO	23.5	10
2005-07-31	0	NULO	22.5	6.5
2005-08-01	0	NULO	24	5.5
2005-08-02	0	NULO	26	9
2005-08-03	27.8	NULO	23	9
2005-08-04	0	NULO	22.5	10.5
2005-08-05	0.01	NULO	21.5	10.5
2005-08-06	0.01	NULO	22	10
2005-08-07	0	NULO	21	7.5
2005-08-08	0	NULO	23	8.5
2005-08-09	0	NULO	26	10
2005-08-10	0	NULO	23	9
2005-08-11	12.5	NULO	22.5	10
2005-08-12	0	NULO	23	8.5
2005-08-13	0	NULO	23.5	10
2005-08-14	22	NULO	25	9.5
2005-08-15	0.2	NULO	20	9
2005-08-16	0.01	NULO	23	7
2005-08-17	5.5	NULO	23	7
2005-08-18	0	NULO	19.5	7
2005-08-19	0.5	NULO	21	8
2005-08-20	9.7	NULO	19.5	8
2005-08-21	10	NULO	19.5	5
2005-08-22	8.5	NULO	17	7
2005-08-23	17.5	NULO	18	8
2005-08-24	8.5	NULO	19	9
2005-08-25	0	NULO	21	9
2005-08-26	0	NULO	19	9.5
2005-08-27	0	NULO	19	9.5
2005-08-28	0	NULO	25	9.5
2005-08-29	0	NULO	23.5	10
2005-08-30	9.8	NULO	24.5	9
2005-08-31	6.6	NULO	21	10
2005-09-01	2.3	NULO	20.5	11
2005-09-02	0.01	NULO	21	10
2005-09-03	0.2	NULO	21	9
2005-09-04	6.3	NULO	22	9
2005-09-05	12	NULO	17	10
2005-09-06	0.01	NULO	17	8
2005-09-07	1.8	NULO	15	4.5
2005-09-08	0	NULO	16	7
2005-09-09	17	NULO	22	8
2005-09-10	19	NULO	20.5	9
2005-09-11	0	NULO	20.5	8
2005-09-12	0	NULO	22	8
2005-09-13	0	NULO	23.5	8
2005-09-14	4.5	NULO	21	9
2005-09-15	8	NULO	22.5	8.5
2005-09-16	0	NULO	22	8
2005-09-17	0	NULO	19	7.5
2005-09-18	0	NULO	22.5	6.5
2005-09-19	5.3	NULO	20.5	7
2005-09-20	6.3	NULO	17	8
2005-09-21	0.01	NULO	15.5	7
2005-09-22	0	NULO	20	6
2005-09-23	0	NULO	20	5
2005-09-24	0	NULO	20.5	6.5
2005-09-25	0	NULO	22	7
2005-09-26	2.3	NULO	21	6
2005-09-27	1.8	NULO	17.5	7
2005-09-28	0	NULO	17	8
2005-09-29	0	NULO	16	8
2005-09-30	0	NULO	NULO	NULO
2005-10-01	0	NULO	20.5	7
2005-10-02	0	NULO	16	8
2005-10-03	26	NULO	15	8
2005-10-04	60	NULO	13	10
2005-10-05	52	NULO	14	9.5
2005-10-06	4.5	NULO	16	9
2005-10-07	4.5	NULO	15	8
2005-10-08	3.8	NULO	21	9.5
2005-10-09	14.5	NULO	21	8
2005-10-10	0	NULO	23	8
2005-10-11	0	NULO	19	10
2005-10-12	0	NULO	19	10
2005-10-13	0.01	NULO	19	8.5
2005-10-14	0	NULO	19	9
2005-10-15	0	NULO	17	9
2005-10-16	0.2	NULO	16.5	7
2005-10-17	0.2	NULO	17	8.5
2005-10-18	0	NULO	18	7
2005-10-19	0	NULO	20	5
2005-10-20	0	NULO	23	7
2005-10-21	0	NULO	21.5	6
2005-10-22	0	NULO	19.5	4.5
2005-10-23	0	NULO	21	5
2005-10-24	4.5	NULO	14	5
2005-10-25	2.6	NULO	17	5
2005-10-26	0	NULO	21	4
2005-10-27	0	NULO	19	6
2005-10-28	0	NULO	20	6.5
2005-10-29	0	NULO	15	6
2005-10-30	0	NULO	18	5
2005-10-31	0	NULO	17	6
2005-11-01	0.4	NULO	13	5
2005-11-02	0	NULO	17	2
2005-11-03	0	NULO	20	-1
2005-11-04	0	NULO	21	1
2005-11-05	0	NULO	22	4
2005-11-06	0	NULO	24	5
2005-11-07	0	NULO	14	7
2005-11-08	5	NULO	15	6
2005-11-09	0.01	NULO	16	7
2005-11-10	1.5	NULO	17	8
2005-11-11	0	NULO	17.5	8
2005-11-12	0	NULO	17	6.5
2005-11-13	0	NULO	20	7
2005-11-14	0	NULO	21	8
2005-11-15	0.01	NULO	14	6
2005-11-16	0.01	NULO	9	5
2005-11-17	0	NULO	10	3
2005-11-18	0	NULO	14	3
2005-11-19	0	NULO	18.5	3.5
2005-11-20	0	NULO	18	3
2005-11-21	0	NULO	14	4
2005-11-22	0	NULO	15	2
2005-11-23	0	NULO	19	-2
2005-11-24	0	NULO	14	1
2005-11-25	0	NULO	21.5	3
2005-11-26	0	NULO	20	7
2005-11-27	0	NULO	16	0.5
2005-11-28	0	NULO	19	3.5
2005-11-29	0	NULO	19.5	3
2005-11-30	0	NULO	NULO	NULO
2005-12-01	0	NULO	19	3.5
2005-12-02	0	NULO	19	2
2005-12-03	0	NULO	21	4
2005-12-04	0	NULO	22	6
2005-12-05	0	NULO	19	7
2005-12-06	1.5	NULO	19	2
2005-12-07	0	NULO	19	5.5
2005-12-08	0	NULO	18	5
2005-12-09	0	NULO	19	4
2005-12-10	0	NULO	21	4.5
2005-12-11	0	NULO	21	3
2005-12-12	0	NULO	22	4
2005-12-13	0	NULO	18	5
2005-12-14	0	NULO	19	4
2005-12-15	0	NULO	18.5	3
2005-12-16	0	NULO	20	-2
2005-12-17	0	NULO	20	3
2005-12-18	0	NULO	16	4
2005-12-19	0	NULO	15	3.5
2005-12-20	0	NULO	16	4
2005-12-21	0	NULO	16	3.5
2005-12-22	0	NULO	17	0
2005-12-23	0	NULO	16	2
2005-12-24	0	NULO	15	3
2005-12-25	0	NULO	20	2
2005-12-26	0	NULO	21	0
2005-12-27	0	NULO	21	3
2005-12-28	0	NULO	21	3
2005-12-29	0	NULO	23	5
2005-12-30	0	NULO	22	4.5
2005-12-31	0	NULO	23.5	5
2006-01-01	0	NULO	21	6
2006-01-02	0	NULO	22	5
2006-01-03	0	NULO	21	4.5
2006-01-04	0	NULO	21.5	3.3
2006-01-05	0.1	NULO	15	2.5
2006-01-06	0	NULO	12	-1.5
2006-01-07	0	NULO	12.5	-5
2006-01-08	0	NULO	15	-2
2006-01-09	0	NULO	17	-2
2006-01-10	0	NULO	20	2
2006-01-11	0	NULO	20	3.5
2006-01-12	0	NULO	21	4
2006-01-13	0	NULO	22	5
2006-01-14	0	NULO	17	4
2006-01-15	0	NULO	22	2
2006-01-16	0	NULO	23	1
2006-01-17	0	NULO	17	0
2006-01-18	0	NULO	19	-4
2006-01-19	0	NULO	22	-2
2006-01-20	0	NULO	23	1.5
2006-01-21	0	NULO	18	4
2006-01-22	0	NULO	22	2
2006-01-23	0	NULO	18	4
2006-01-24	1.3	NULO	20	4
2006-01-25	1.6	NULO	10	4
2006-01-26	0	NULO	16	-0.5
2006-01-27	0	NULO	15	2
2006-01-28	0	NULO	18	3
2006-01-29	0	NULO	20	6
2006-01-30	0	NULO	22	6
2006-01-31	0	NULO	23	6.5
2006-02-01	0	NULO	22	7.5
2006-02-02	0	NULO	22	7
2006-02-03	0	NULO	23	6
2006-02-04	0	NULO	17	3
2006-02-05	0	NULO	23	0.5
2006-02-06	0	NULO	22	2
2006-02-07	0	NULO	14	-2
2006-02-08	0	NULO	20	-3
2006-02-09	0	NULO	22.5	1
2006-02-10	0	NULO	20	0.5
2006-02-11	0.1	NULO	14	0
2006-02-12	0	NULO	11	-4
2006-02-13	0	NULO	17	-5
2006-02-14	0	NULO	22	-1
2006-02-15	0	NULO	23.5	3
2006-02-16	0	NULO	27	6.5
2006-02-17	0	NULO	24	8
2006-02-18	0	NULO	21	4
2006-02-19	0	NULO	20	4
2006-02-20	0	NULO	23.5	5
2006-02-21	0	NULO	27	5
2006-02-22	0	NULO	27	7
2006-02-23	0	NULO	25	8.5
2006-02-24	0	NULO	22	8
2006-02-25	0	NULO	23	6
2006-02-26	2.6	NULO	14	4
2006-02-27	0.01	NULO	16	0
2006-02-28	0	NULO	21	1.5
2006-03-01	0	NULO	21.5	3
2006-03-02	0	NULO	22.5	2.5
2006-03-03	0	NULO	23	3
2006-03-04	0	NULO	34	3.5
2006-03-05	0	NULO	24	4
2006-03-06	0	NULO	24	5
2006-03-07	0	NULO	25	4.5
2006-03-08	0	NULO	26	6
2006-03-09	0	NULO	24	6
2006-03-10	0	NULO	23	6
2006-03-11	0	NULO	28	6
2006-03-12	0	NULO	31.5	9
2006-03-13	0	NULO	28	7
2006-03-14	0.8	NULO	19	8
2006-03-15	0	NULO	23.5	8
2006-03-16	0.2	NULO	24	7
2006-03-17	0	NULO	26	8
2006-03-18	0	NULO	28	7.5
2006-03-19	0	NULO	28	7
2006-03-20	0	NULO	24	8
2006-03-21	0	NULO	21	6.5
2006-03-22	0	NULO	25	6
2006-03-23	0	NULO	18	5
2006-03-24	0.2	NULO	18	2
2006-03-25	4	NULO	18.5	4
2006-03-26	0	NULO	20	5
2006-03-27	0	NULO	23.5	7
2006-03-28	0	NULO	24	4
2006-03-29	0	NULO	23	5
2006-03-30	0	NULO	28	7
2006-03-31	0	NULO	28	8
2006-04-01	0	NULO	26	7.5
2006-04-02	0	NULO	27	7
2006-04-03	0	NULO	26.5	5
2006-04-04	0	NULO	24	4.5
2006-04-05	0	NULO	26	3
2006-04-06	0	NULO	29	7
2006-04-07	0	NULO	27	9
2006-04-08	0	NULO	23	5
2006-04-09	0	NULO	30	4
2006-04-10	0	NULO	25	8
2006-04-11	0	NULO	24	4.5
2006-04-12	0	NULO	22	4
2006-04-13	0	NULO	25	4
2006-04-14	0	NULO	27	5
2006-04-15	0	NULO	28	8
2006-04-16	0	NULO	28	9
2006-04-17	0	NULO	29	9
2006-04-18	0	NULO	29	8
2006-04-19	0	NULO	30	9
2006-04-20	0.3	NULO	29	10.5
2006-04-21	3.8	NULO	26.5	10
2006-04-22	0.01	NULO	23.5	7
2006-04-23	0.01	NULO	23.5	9
2006-04-24	0	NULO	26	7.5
2006-04-25	7.8	NULO	28	8
2006-04-26	0	NULO	26	9
2006-04-27	0	NULO	27	10
2006-04-28	0	NULO	30	11
2006-04-29	5.4	NULO	28	11
2006-04-30	5.2	NULO	23	7.5
2006-05-01	2.4	NULO	23	6
2006-05-02	0	NULO	23	8
2006-05-03	0	NULO	25	8
2006-05-04	0	NULO	26	7
2006-05-05	0	NULO	30	11
2006-05-06	0	NULO	28	11
2006-05-07	0	NULO	30	10
2006-05-08	9.3	NULO	30	11
2006-05-09	4.8	NULO	27	11
2006-05-10	0.4	NULO	25	11.5
2006-05-11	0	NULO	27	8.5
2006-05-12	9	NULO	25	9
2006-05-13	0	NULO	22	7.5
2006-05-14	0.1	NULO	25	8
2006-05-15	2.2	NULO	26	7
2006-05-16	1.5	NULO	18	5
2006-05-17	2.2	NULO	20	5
2006-05-18	3.6	NULO	21.5	5
2006-05-19	2	NULO	21.5	5
2006-05-20	0	NULO	24	6
2006-05-21	0	NULO	26	6.5
2006-05-22	0	NULO	23.5	6
2006-05-23	0	NULO	25	6
2006-05-24	0	NULO	23	5.5
2006-05-25	0	NULO	24	5
2006-05-26	0	NULO	27	7.5
2006-05-27	8.7	NULO	24	8
2006-05-28	16	NULO	26	8
2006-05-29	0.01	NULO	24	6
2006-05-30	0.01	NULO	24	10
2006-05-31	0	NULO	21	7
2006-06-01	0	NULO	19	7
2006-06-02	0.2	NULO	21	5
2006-06-03	7	NULO	15	9.5
2006-06-04	0.2	NULO	16	8
2006-06-05	0.01	NULO	16	10
2006-06-06	3.2	NULO	17.5	8
2006-06-07	0	NULO	18	10
2006-06-08	0	NULO	18	5.5
2006-06-09	0	NULO	18	8
2006-06-10	0	NULO	20	5
2006-06-11	0	NULO	22	6
2006-06-12	0	NULO	21	5.5
2006-06-13	0	NULO	22	6
2006-06-14	0	NULO	18	6
2006-06-15	0	NULO	18	6
2006-06-16	0	NULO	21	7
2006-06-17	0	NULO	22	8
2006-06-18	0	NULO	22.5	8.5
2006-06-19	0	NULO	23	9
2006-06-20	0	NULO	21.5	8.5
2006-06-21	0	NULO	21	7.5
2006-06-22	0	NULO	22	7
2006-06-23	0	NULO	21	8
2006-06-24	0	NULO	20	9.5
2006-06-25	0	NULO	18.5	9
2006-06-26	0	NULO	18	6
2006-06-27	0	NULO	18	6.5
2006-06-28	0	NULO	18	7
2006-06-29	0.2	NULO	17	8
2006-06-30	6	NULO	16	8
2006-07-01	3.5	NULO	16	8
2006-07-02	4.5	NULO	16	8.5
2006-07-03	4.5	NULO	18	8.5
2006-07-04	1.8	NULO	19	8
2006-07-05	0	NULO	20.5	8.5
2006-07-06	0	NULO	21	8.5
2006-07-07	1.3	NULO	20	9
2006-07-08	11	NULO	18	8.5
2006-07-09	0	NULO	17	8.5
2006-07-10	0	NULO	16.5	9
2006-07-11	0	NULO	19	7
2006-07-12	0	NULO	19.5	9
2006-07-13	0	NULO	20.5	7
2006-07-14	0	NULO	19	7
2006-07-15	0	NULO	20	8
2006-07-16	9.8	NULO	18	9
2006-07-17	0	NULO	19	6
2006-07-18	0	NULO	20	7
2006-07-19	0	NULO	19	6
2006-07-20	3.1	NULO	16	8
2006-07-21	2.5	NULO	14	8
2006-07-22	4.5	NULO	18	9
2006-07-23	42.2	NULO	17	8
2006-07-24	34	NULO	20	8
2006-07-25	16	NULO	20	7
2006-07-26	2.5	NULO	21	8
2006-07-27	0	NULO	19	8
2006-07-28	0.2	NULO	17	7.5
2006-07-29	0	NULO	20	8
2006-07-30	0	NULO	20	7.5
2006-07-31	0	NULO	19	8
2006-08-01	0	NULO	19	9
2006-08-02	0	NULO	20	9.5
2006-08-03	6.3	NULO	18	10.5
2006-08-04	13.5	NULO	18	10
2006-08-05	13	NULO	15	10
2006-08-06	0.2	NULO	16	7
2006-08-07	4.2	NULO	16.5	7
2006-08-08	8.5	NULO	16	7.5
2006-08-09	0.3	NULO	16	6
2006-08-10	0	NULO	18	8.5
2006-08-11	0	NULO	17	8.5
2006-08-12	3	NULO	15	9
2006-08-13	0	NULO	19	8
2006-08-14	0.2	NULO	20	9
2006-08-15	10.2	NULO	19	9
2006-08-16	0	NULO	19	9
2006-08-17	0	NULO	19	9
2006-08-18	0.2	NULO	19	9
2006-08-19	0	NULO	19	9
2006-08-20	0	NULO	18	8
2006-08-21	0	NULO	19	6.5
2006-08-22	0.01	NULO	16.5	7
2006-08-23	2.4	NULO	18	6
2006-08-24	48	NULO	18	7
2006-08-25	33	NULO	20.5	8
2006-08-26	0.8	NULO	17.5	9
2006-08-27	0	NULO	18	9
2006-08-28	0	NULO	18	8
2006-08-29	0	NULO	17.5	8
2006-08-30	0	NULO	17.5	7
2006-08-31	0	NULO	18	7
2006-09-01	0	NULO	18	7.5
2006-09-02	0	NULO	18.5	9.5
2006-09-03	14.5	NULO	16	8
2006-09-04	2.5	NULO	16	8
2006-09-05	0.6	NULO	16	9
2006-09-06	0	NULO	16	10
2006-09-07	2	NULO	17.5	7
2006-09-08	8	NULO	17.5	7.5
2006-09-09	0	NULO	18	7.5
2006-09-10	0	NULO	20	9
2006-09-11	6	NULO	20	10
2006-09-12	0	NULO	19	10
2006-09-13	20	NULO	20	10
2006-09-14	16.8	NULO	20	10
2006-09-15	1.3	NULO	21	10
2006-09-16	0.01	NULO	20.5	9.5
2006-09-17	0	NULO	20	10
2006-09-18	1.2	NULO	21	9.5
2006-09-19	0.2	NULO	16	7
2006-09-20	6.2	NULO	16	7
2006-09-21	24	NULO	21	7
2006-09-22	2.2	NULO	21	10
2006-09-23	0	NULO	20	10
2006-09-24	54	NULO	16.5	8.5
2006-09-25	2.2	NULO	13	6
2006-09-26	0	NULO	14	7
2006-09-27	0	NULO	13.5	7
2006-09-28	0	NULO	18	6
2006-09-29	0	NULO	20	8
2006-09-30	0	NULO	17	9
2006-10-01	0.4	NULO	16	8
2006-10-02	0	NULO	17	8
2006-10-03	2.5	NULO	16	6
2006-10-04	10.2	NULO	14	6
2006-10-05	0	NULO	12	5
2006-10-06	3	NULO	14	6
2006-10-07	0	NULO	13	6.5
2006-10-08	0	NULO	16	6
2006-10-09	0	NULO	18	6.5
2006-10-10	0	NULO	21	6
2006-10-11	0	NULO	20	6
2006-10-12	0	NULO	19	8
2006-10-13	2.8	NULO	20	9
2006-10-14	0	NULO	18	10
2006-10-15	0	NULO	21	9
2006-10-16	0	NULO	21	10
2006-10-17	7.5	NULO	20	10
2006-10-18	0	NULO	21	11
2006-10-19	0.2	NULO	20	10
2006-10-20	0	NULO	17	10
2006-10-21	0	NULO	21	9
2006-10-22	5.5	NULO	18	10
2006-10-23	2	NULO	12	8
2006-10-24	0	NULO	17	4
2006-10-25	0	NULO	19	6
2006-10-26	0.01	NULO	19.5	7
2006-10-27	1.5	NULO	18	6
2006-10-28	0	NULO	14	4
2006-10-29	0	NULO	17	2
2006-10-30	0	NULO	20	5.5
2006-10-31	0	NULO	20.5	6.5
2006-11-01	0	NULO	21	5.5
2006-11-02	3.5	NULO	14	5
2006-11-03	4	NULO	12	5
2006-11-04	0	NULO	15	5.5
2006-11-05	0	NULO	17	5
2006-11-06	0	NULO	18	6
2006-11-07	0	NULO	16	6.5
2006-11-08	0	NULO	18	5.5
2006-11-09	0.5	NULO	19	6
2006-11-10	12	NULO	20	7.5
2006-11-11	2	NULO	16	8
2006-11-12	0	NULO	18	7.5
2006-11-13	0.4	NULO	16	8
2006-11-14	0	NULO	19	8
2006-11-15	0	NULO	18	6
2006-11-16	0	NULO	14	2
2006-11-17	0	NULO	18	2.5
2006-11-18	0	NULO	14	3
2006-11-19	8.5	NULO	10	3
2006-11-20	4.8	NULO	9.5	2
2006-11-21	0.01	NULO	8	0
2006-11-22	0	NULO	13	-4
2006-11-23	0	NULO	14	0
2006-11-24	0	NULO	14	-2
2006-11-25	0	NULO	16	-0.5
2006-11-26	0	NULO	18	2
2006-11-27	0	NULO	17	0
2006-11-28	0	NULO	17	1
2006-11-29	0	NULO	21	4
2006-11-30	0	NULO	20.5	6
2006-12-01	0	NULO	16	3
2006-12-02	0	NULO	19.5	2
2006-12-03	2.5	NULO	10	1.5
2006-12-04	0	NULO	15	-2
2006-12-05	0	NULO	13	-2
2006-12-06	0	NULO	18	1.5
2006-12-07	0	NULO	14	-1
2006-12-08	1	NULO	15	3
2006-12-09	0	NULO	15.5	0.5
2006-12-10	0	NULO	12	1
2006-12-11	0	NULO	16	1
2006-12-12	0	NULO	15	3.5
2006-12-13	0	NULO	14	5.5
2006-12-14	0	NULO	16	5
2006-12-15	0	NULO	15	3
2006-12-16	0	NULO	19	4
2006-12-17	0	NULO	20	4
2006-12-18	0	NULO	19	5
2006-12-19	0	NULO	17	5
2006-12-20	0	NULO	17	4
2006-12-21	0	NULO	18	5
2006-12-22	0	NULO	18	5
2006-12-23	0	NULO	18.2	6
2006-12-24	0	NULO	17	6
2006-12-25	0	NULO	17	2
2006-12-26	0	NULO	15	-2
2006-12-27	0	NULO	17	-2.5
2006-12-28	0	NULO	20	2
2006-12-29	0.01	NULO	18	4
2006-12-30	0	NULO	19	5
2006-12-31	0	NULO	19	4
2007-01-01	0.01	NULO	17	4
2007-01-02	0.01	NULO	16	2
2007-01-03	0	NULO	19	3
2007-01-04	0	NULO	20	4
2007-01-05	0	NULO	21	5
2007-01-06	0	NULO	22	3
2007-01-07	0.4	NULO	16	1
2007-01-08	0	NULO	16	-1.5
2007-01-09	0	NULO	10	1
2007-01-10	0	NULO	15	-2
2007-01-11	0	NULO	19	0
2007-01-12	0	NULO	20	4
2007-01-13	0	NULO	20	4
2007-01-14	0	NULO	21	5
2007-01-15	0	NULO	17	5
2007-01-16	0	NULO	16	4
2007-01-17	0	NULO	16	2
2007-01-18	0	NULO	19	2
2007-01-19	0	NULO	16	2.5
2007-01-20	0	NULO	19	1.5
2007-01-21	0	NULO	21	5
2007-01-22	0	NULO	20	6
2007-01-23	0	NULO	17	4.5
2007-01-24	3.5	NULO	9	4
2007-01-25	1	NULO	12	-0.5
2007-01-26	3.5	NULO	17	-0.5
2007-01-27	0.01	NULO	13	1
2007-01-28	0	NULO	13	2.5
2007-01-29	0	NULO	15.5	3
2007-01-30	0	NULO	17	3.5
2007-01-31	0	NULO	22	5
2007-02-01	0	NULO	18.5	6.5
2007-02-02	0	NULO	21.5	6.5
2007-02-03	9.5	NULO	12	6.5
2007-02-04	20	NULO	10	4
2007-02-05	0	NULO	14	1
2007-02-06	0	NULO	13	2
2007-02-07	0	NULO	16	3
2007-02-08	0	NULO	16	2
2007-02-09	6.5	NULO	17	6
2007-02-10	3.4	NULO	13	5
2007-02-11	0	NULO	17	2
2007-02-12	0	NULO	20	2
2007-02-13	0	NULO	21	5
2007-02-14	0	NULO	22	6
2007-02-15	0	NULO	20	6
2007-02-16	0	NULO	17	2
2007-02-17	0	NULO	15	-1
2007-02-18	0	NULO	14	-2
2007-02-19	0	NULO	21	0
2007-02-20	0	NULO	24	4
2007-02-21	0	NULO	19	8
2007-02-22	0	NULO	23	5
2007-02-23	0	NULO	24	4
2007-02-24	0	NULO	23	8
2007-02-25	0	NULO	23.5	7
2007-02-26	0	NULO	22	6.5
2007-02-27	0	NULO	24	7
2007-02-28	0	NULO	25	8
2007-03-01	0	NULO	25	9
2007-03-02	0	NULO	24	5
2007-03-03	0	NULO	25	8
2007-03-04	0	NULO	17	4
2007-03-05	0	NULO	11	0
2007-03-06	0	NULO	18	2
2007-03-07	0	NULO	21	5
2007-03-08	0	NULO	22	5
2007-03-09	0	NULO	20.5	7
2007-03-10	0	NULO	21.5	5
2007-03-11	1.8	NULO	19.5	5
2007-03-12	16	NULO	20	7.5
2007-03-13	4.8	NULO	18.5	4
2007-03-14	0	NULO	20.5	4
2007-03-15	0	NULO	23	5
2007-03-16	0	NULO	23	5
2007-03-17	0	NULO	17	5
2007-03-18	0	NULO	21	3
2007-03-19	0	NULO	22	6
2007-03-20	0	NULO	22	7
2007-03-21	0	NULO	20	7
2007-03-22	0	NULO	19	4
2007-03-23	0	NULO	19	5
2007-03-24	0	NULO	20	6
2007-03-25	0	NULO	17	6
2007-03-26	0	NULO	20	6
2007-03-27	1	NULO	19	6
2007-03-28	0	NULO	20	4
2007-03-29	0	NULO	22	4
2007-03-30	0.01	NULO	20	7
2007-03-31	1	NULO	18	6
2007-04-01	10.4	NULO	19	6
2007-04-02	3.5	NULO	17	7
2007-04-03	0.5	NULO	19	7
2007-04-04	0	NULO	19	7
2007-04-05	0	NULO	17	7
2007-04-06	0	NULO	19	3.5
2007-04-07	0	NULO	18	6
2007-04-08	0	NULO	21	4
2007-04-09	0	NULO	20	6.5
2007-04-10	0	NULO	22	6.5
2007-04-11	0	NULO	23	6
2007-04-12	0	NULO	24	6.5
2007-04-13	0	NULO	24.5	6.5
2007-04-14	0	NULO	23	8.5
2007-04-15	0	NULO	23	8
2007-04-16	0	NULO	24	8
2007-04-17	0	NULO	22	8
2007-04-18	23.5	NULO	24	8
2007-04-19	0	NULO	19	8.5
2007-04-20	8	NULO	17	4
2007-04-21	6.5	NULO	25	7
2007-04-22	0	NULO	24	10
2007-04-23	0	NULO	25	8
2007-04-24	10	NULO	24.5	10
2007-04-25	0	NULO	23.5	8.5
2007-04-26	0	NULO	18	7
2007-04-27	0.2	NULO	20	8
2007-04-28	0	NULO	19	8
2007-04-29	0	NULO	18	8
2007-04-30	0	NULO	20	7
2007-05-01	0	NULO	24	9.5
2007-05-02	0	NULO	26	10
2007-05-03	0	NULO	25.5	10
2007-05-04	0	NULO	25.5	10
2007-05-05	0	NULO	24.5	11
2007-05-06	1.8	NULO	25	10.5
2007-05-07	0.01	NULO	24	10
2007-05-08	0	NULO	19	10
2007-05-09	0	NULO	24	8
2007-05-10	0	NULO	23	10
2007-05-11	0	NULO	20	10
2007-05-12	0	NULO	22	11
2007-05-13	0	NULO	23	8
2007-05-14	0	NULO	20	8
2007-05-15	0	NULO	21.5	7.5
2007-05-16	0	NULO	18	7
2007-05-17	0	NULO	19.5	9
2007-05-18	0	NULO	18	7
2007-05-19	0	NULO	20	7
2007-05-20	2	NULO	20	7.5
2007-05-21	1	NULO	22.5	8.5
2007-05-22	6.8	NULO	23.5	8
2007-05-23	0.1	NULO	22	10.5
2007-05-24	0	NULO	21	8
2007-05-25	4.6	NULO	19	7.5
2007-05-26	0.01	NULO	19	8
2007-05-27	2	NULO	18	7
2007-05-28	0	NULO	22	7
2007-05-29	0	NULO	23	7
2007-05-30	0	NULO	21	8
2007-05-31	0	NULO	20	8.5
2007-06-01	0	NULO	23	6
2007-06-02	0	NULO	25	9
2007-06-03	0	NULO	25.5	9
2007-06-04	0	NULO	24.5	9.5
2007-06-05	0	NULO	24	10
2007-06-06	0	NULO	26	11
2007-06-07	0	NULO	26	12
2007-06-08	33	NULO	23	11
2007-06-09	0	NULO	22.5	8
2007-06-10	0	NULO	24	6
2007-06-11	0	NULO	20	7
2007-06-12	0	NULO	20	7
2007-06-13	0	NULO	20	6.5
2007-06-14	0	NULO	21	6.5
2007-06-15	0	NULO	22	7
2007-06-16	17.5	NULO	24	10
2007-06-17	6.5	NULO	19	9
2007-06-18	2.3	NULO	19	11
2007-06-19	6.8	NULO	19	9
2007-06-20	6.9	NULO	17	9
2007-06-21	2	NULO	18	9.5
2007-06-22	0	NULO	19	9
2007-06-23	6	NULO	19	9.5
2007-06-24	0	NULO	19	9.5
2007-06-25	0	NULO	17	9.5
2007-06-26	22	NULO	17	10.5
2007-06-27	0	NULO	18	9
2007-06-28	0	NULO	18	8
2007-06-29	30	NULO	20	9
2007-06-30	0	NULO	20	9
2007-07-01	18	NULO	20	9
2007-07-02	37.5	NULO	21	8
2007-07-03	0.01	NULO	20	9
2007-07-04	16	NULO	22	11
2007-07-05	1.5	NULO	17	10
2007-07-06	0	NULO	17	7
2007-07-07	0	NULO	20	7
2007-07-08	0	NULO	22	8
2007-07-09	0	NULO	21	8
2007-07-10	0	NULO	19	9
2007-07-11	0	NULO	21.5	8.5
2007-07-12	0	NULO	18	7
2007-07-13	0	NULO	21	5
2007-07-14	0.8	NULO	21.5	6
2007-07-15	0	NULO	22	9
2007-07-16	0	NULO	20	8
2007-07-17	12.4	NULO	18	9
2007-07-18	23.8	NULO	17	9
2007-07-19	12.4	NULO	18	8
2007-07-20	24	NULO	17	8.5
2007-07-21	6.2	NULO	18	7
2007-07-22	0	NULO	18	8
2007-07-23	22	NULO	17	7
2007-07-24	0	NULO	17	5
2007-07-25	0	NULO	17	9
2007-07-26	0	NULO	19	8
2007-07-27	0	NULO	18	10
2007-07-28	5.5	NULO	17	10
2007-07-29	0	NULO	18	10
2007-07-30	0	NULO	18	10
2007-07-31	0	NULO	19	8
2007-08-01	0	NULO	20	9
2007-08-02	0	NULO	20	8
2007-08-03	0	NULO	18	7
2007-08-04	0	NULO	19	8
2007-08-05	0	NULO	20	8
2007-08-06	5.8	NULO	16	7
2007-08-07	2	NULO	18	9
2007-08-08	0.01	NULO	17	8
2007-08-09	0	NULO	18	7
2007-08-10	0	NULO	17	7
2007-08-11	0	NULO	16.5	6
2007-08-12	1	NULO	16.5	6
2007-08-13	0	NULO	16.5	8
2007-08-14	0	NULO	18	7
2007-08-15	3.3	NULO	17	7
2007-08-16	0	NULO	18	7
2007-08-17	1.2	NULO	18	11
2007-08-18	0.01	NULO	20	8
2007-08-19	0	NULO	20	8
2007-08-20	0	NULO	19	8
2007-08-21	14.5	NULO	20	8
2007-08-22	113.8	NULO	11	7
2007-08-23	8.8	NULO	17	8
2007-08-24	0	NULO	16	8
2007-08-25	0	NULO	17	9
2007-08-26	0.4	NULO	17	8
2007-08-27	0	NULO	19	8
2007-08-28	0	NULO	18	9
2007-08-29	3.5	NULO	17	8
2007-08-30	27.8	NULO	14	8
2007-08-31	5.8	NULO	13	9
2007-09-01	5.8	NULO	13	9
2007-09-02	40	NULO	17	9
2007-09-03	0	NULO	17	9
2007-09-04	4.5	NULO	18	9
2007-09-05	6.8	NULO	17	7
2007-09-06	0	NULO	16	8
2007-09-07	0	NULO	17	8
2007-09-08	2.5	NULO	17	8
2007-09-09	5.5	NULO	20	7
2007-09-10	2.2	NULO	15	7
2007-09-11	0.8	NULO	16	8
2007-09-12	0.01	NULO	16	8
2007-09-13	0	NULO	18	9
2007-09-14	1.2	NULO	17	10
2007-09-15	0.4	NULO	15	10
2007-09-16	0	NULO	17	6
2007-09-17	0	NULO	17.5	5
2007-09-18	0	NULO	17	8
2007-09-19	0	NULO	17.5	5
2007-09-20	0	NULO	17	9
2007-09-21	0	NULO	17	8.5
2007-09-22	0	NULO	18	8
2007-09-23	0	NULO	17	7
2007-09-24	0	NULO	18	8
2007-09-25	0	NULO	18	7
2007-09-26	0.01	NULO	18	6
2007-09-27	41	NULO	15.5	8
2007-09-28	3.2	NULO	16	9.5
2007-09-29	0	NULO	17	8
2007-09-30	0	NULO	17	8
2007-10-01	2	NULO	15	6
2007-10-02	0.01	NULO	16	6
2007-10-03	0	NULO	16	6
2007-10-04	0	NULO	16	6
2007-10-05	0	NULO	19	6
2007-10-06	0	NULO	16	8
2007-10-07	0	NULO	17	7
2007-10-08	2.4	NULO	15	7
2007-10-09	41.5	NULO	15	6
2007-10-10	8.9	NULO	12.5	8
2007-10-11	0	NULO	16	6
2007-10-12	0	NULO	17	6
2007-10-13	0	NULO	17	6
2007-10-14	0	NULO	20	6.5
2007-10-15	0	NULO	20	6.5
2007-10-16	0	NULO	19	6.5
2007-10-17	0	NULO	20	4
2007-10-18	0	NULO	22	7
2007-10-19	0	NULO	20	8
2007-10-20	4.5	NULO	17	8
2007-10-21	5.5	NULO	19	7
2007-10-22	8.5	NULO	17	7
2007-10-23	0	NULO	15	3
2007-10-24	0	NULO	13	3
2007-10-25	0	NULO	8	-1
2007-10-26	0.2	NULO	19	1
2007-10-27	3.5	NULO	13	2
2007-10-28	0.8	NULO	5.5	2
2007-10-29	0.6	NULO	14	1.5
2007-10-30	0	NULO	13.5	2
2007-10-31	0	NULO	17	1
2007-11-01	0	NULO	16	3
2007-11-02	0	NULO	17	2.5
2007-11-03	0	NULO	16	5
2007-11-04	0	NULO	14	3
2007-11-05	0	NULO	17	2
2007-11-06	0	NULO	17	1
2007-11-07	0	NULO	14	1
2007-11-08	0	NULO	16	2
2007-11-09	0	NULO	15	2
2007-11-10	0	NULO	16	1
2007-11-11	0	NULO	16	1
2007-11-12	0	NULO	18	3
2007-11-13	0	NULO	15	3
2007-11-14	0	NULO	19	3
2007-11-15	3	NULO	9	4
2007-11-16	0	NULO	15	1
2007-11-17	0	NULO	18	3.5
2007-11-18	4.5	NULO	16	5.5
2007-11-19	0	NULO	14	5.5
2007-11-20	0	NULO	16	6
2007-11-21	0	NULO	18	6
2007-11-22	4.5	NULO	17	6
2007-11-23	5	NULO	18	6
2007-11-24	0	NULO	18	5
2007-11-25	0	NULO	19	6
2007-11-26	0	NULO	16	6
2007-11-27	0	NULO	10	5
2007-11-28	0	NULO	17	4
2007-11-29	0	NULO	16	4
2007-11-30	0	NULO	18	4
2007-12-01	0	NULO	16	4
2007-12-02	0	NULO	18	6
2007-12-03	1.2	NULO	12	4
2007-12-04	0	NULO	16	0
2007-12-05	0.01	NULO	14	0
2007-12-06	0	NULO	18	3
2007-12-07	0	NULO	19	4
2007-12-08	0	NULO	19	5
2007-12-09	0	NULO	20	5
2007-12-10	0	NULO	17	4
2007-12-11	0	NULO	17	6
2007-12-12	0	NULO	17	5
2007-12-13	0	NULO	16	5
2007-12-14	0	NULO	19	4
2007-12-15	0	NULO	19	5
2007-12-16	0	NULO	13	3
2007-12-17	0	NULO	18	-1
2007-12-18	0	NULO	19	3
2007-12-19	0	NULO	19	5.5
2007-12-20	0	NULO	22	6
2007-12-21	0	NULO	22	7
2007-12-22	0	NULO	22	9
2007-12-23	0	NULO	15	5
2007-12-24	0	NULO	18	2
2007-12-25	0	NULO	17	4.5
2007-12-26	0	NULO	17	5
2007-12-27	0	NULO	20	5
2007-12-28	0	NULO	20	7
2007-12-29	0	NULO	20	7.5
2007-12-30	0	NULO	21	8
2007-12-31	0	NULO	19	8
2008-01-01	3.3	NULO	11	4
2008-01-02	0.2	NULO	10	4
2008-01-03	0	NULO	10	2
2008-01-04	0	NULO	14	2
2008-01-05	0	NULO	18	1.5
2008-01-06	0	NULO	20	2
2008-01-07	0	NULO	20	2
2008-01-08	0	NULO	20	6
2008-01-09	0	NULO	20	2
2008-01-10	0	NULO	20	2
2008-01-11	0	NULO	20	5
2008-01-12	0	NULO	19	4
2008-01-13	0	NULO	15	3
2008-01-14	0	NULO	14	3
2008-01-15	0	NULO	15	2
2008-01-16	0	NULO	18	3
2008-01-17	0	NULO	18	2
2008-01-18	0	NULO	17.5	4
2008-01-19	0	NULO	12	5
2008-01-20	0	NULO	12	3
2008-01-21	0	NULO	18	2
2008-01-22	0	NULO	20	4
2008-01-23	0	NULO	21	4
2008-01-24	0	NULO	19	5
2008-01-25	0	NULO	19	4
2008-01-26	0	NULO	18	3
2008-01-27	0	NULO	19	3.5
2008-01-28	0	NULO	19	4
2008-01-29	0	NULO	21	5
2008-01-30	0	NULO	20	4.5
2008-01-31	0	NULO	18	5
2008-02-01	0	NULO	19	5
2008-02-02	0	NULO	21	4
2008-02-03	0	NULO	21	4
2008-02-04	0	NULO	22	6
2008-02-05	0	NULO	22	6
2008-02-06	0	NULO	17	4
2008-02-07	0	NULO	19	3.5
2008-02-08	0	NULO	20	4
2008-02-09	0	NULO	18	4.5
2008-02-10	0	NULO	16	4
2008-02-11	0	NULO	15	4.5
2008-02-12	0	NULO	17	4
2008-02-13	0	NULO	12	6
2008-02-14	0	NULO	22	2
2008-02-15	0	NULO	22	4
2008-02-16	0	NULO	23	7
2008-02-17	0	NULO	23	7
2008-02-18	0	NULO	19	7
2008-02-19	0	NULO	22	4
2008-02-20	0	NULO	22.5	4
2008-02-21	0	NULO	23	6
2008-02-22	0	NULO	23	7
2008-02-23	0	NULO	22	6
2008-02-24	0	NULO	21	4
2008-02-25	0	NULO	24	2
2008-02-26	0	NULO	21	0
2008-02-27	0	NULO	12	-1
2008-02-28	0	NULO	20	-2
2008-02-29	0	NULO	19	2
2008-03-01	0	NULO	19	5.5
2008-03-02	0	NULO	21	4
2008-03-03	0	NULO	22	8
2008-03-04	0	NULO	22	6
2008-03-05	0	NULO	20	4
2008-03-06	0	NULO	22	5
2008-03-07	0	NULO	14	2.5
2008-03-08	0	NULO	14	-1.5
2008-03-09	0	NULO	19	-2
2008-03-10	0	NULO	20	2
2008-03-11	0	NULO	16	6
2008-03-12	0	NULO	11	3.5
2008-03-13	0	NULO	22	4
2008-03-14	0	NULO	23	5
2008-03-15	0	NULO	24	8
2008-03-16	0	NULO	25	9
2008-03-17	0	NULO	26	8
2008-03-18	0	NULO	16	10
2008-03-19	0	NULO	14	6
2008-03-20	0	NULO	22	3
2008-03-21	0	NULO	22	4
2008-03-22	0	NULO	21	5
2008-03-23	3.5	NULO	19	7
2008-03-24	0	NULO	18	3
2008-03-25	0	NULO	17	2
2008-03-26	0	NULO	19	4
2008-03-27	0	NULO	24	6
2008-03-28	0	NULO	25	8
2008-03-29	0	NULO	24	7
2008-03-30	0	NULO	26	9
2008-03-31	0	NULO	26	11
2008-04-01	0	NULO	26	10.5
2008-04-02	0	NULO	23	7
2008-04-03	0	NULO	25	7
2008-04-04	0	NULO	26	11
2008-04-05	0	NULO	24	11
2008-04-06	0	NULO	24	9
2008-04-07	0	NULO	25	7
2008-04-08	0	NULO	25	9
2008-04-09	0	NULO	26	9
2008-04-10	0	NULO	27	10
2008-04-11	0	NULO	26	11
2008-04-12	3	NULO	18	10
2008-04-13	0	NULO	12	6
2008-04-14	0	NULO	12	3
2008-04-15	0	NULO	22	1
2008-04-16	0	NULO	24	3
2008-04-17	0	NULO	24	6
2008-04-18	0	NULO	23	9
2008-04-19	0	NULO	23.5	6
2008-04-20	0	NULO	26	8
2008-04-21	0	NULO	27	11
2008-04-22	0	NULO	27	10
2008-04-23	0	NULO	25.5	8
2008-04-24	0	NULO	26	9
2008-04-25	0	NULO	26	10
2008-04-26	9	NULO	25	10
2008-04-27	5.6	NULO	21	9
2008-04-28	0.01	NULO	16	6.5
2008-04-29	0	NULO	18	4
2008-04-30	0	NULO	23	6
2008-05-01	0	NULO	23	9
2008-05-02	0	NULO	25	10
2008-05-03	0	NULO	23	10
2008-05-04	0	NULO	22	11
2008-05-05	0	NULO	20	7
2008-05-06	0	NULO	23	6
2008-05-07	0	NULO	25	10
2008-05-08	0	NULO	26	10.5
2008-05-09	0	NULO	27.5	11
2008-05-10	0	NULO	28	11.5
2008-05-11	0	NULO	28	11.5
2008-05-12	0	NULO	26	10.5
2008-05-13	13.5	NULO	28	11
2008-05-14	0	NULO	26	10
2008-05-15	0	NULO	23.5	10
2008-05-16	0	NULO	18	10
2008-05-17	0	NULO	19	7
2008-05-18	0	NULO	21	7
2008-05-19	0	NULO	24	8
2008-05-20	0	NULO	24	8
2008-05-21	0	NULO	23	7.5
2008-05-22	0	NULO	23	8
2008-05-23	0	NULO	25	7
2008-05-24	0	NULO	23	10
2008-05-25	0	NULO	22.5	10
2008-05-26	0	NULO	22	8.5
2008-05-27	0	NULO	20	8.5
2008-05-28	0	NULO	22	7
2008-05-29	0	NULO	13	7
2008-05-30	0	NULO	20	5
2008-05-31	0	NULO	20	6
2008-06-01	0	NULO	20	7
2008-06-02	0	NULO	20	7
2008-06-03	0	NULO	22	6
2008-06-04	0	NULO	23	6.5
2008-06-05	0	NULO	20	8
2008-06-06	33	NULO	20	7
2008-06-07	0	NULO	15	10
2008-06-08	13.5	NULO	18.5	10
2008-06-09	70.8	NULO	16	10
2008-06-10	13.7	NULO	16.5	10
2008-06-11	0.7	NULO	16	10
2008-06-12	37.6	NULO	18.5	8
2008-06-13	0	NULO	19	8
2008-06-14	0	NULO	18	6
2008-06-15	16	NULO	19	9
2008-06-16	25	NULO	19	9
2008-06-17	5	NULO	18.5	7
2008-06-18	0	NULO	18	8
2008-06-19	0	NULO	21	5.5
2008-06-20	0	NULO	20	5
2008-06-21	6.8	NULO	18	7
2008-06-22	0	NULO	16	7
2008-06-23	0	NULO	20	6.5
2008-06-24	0	NULO	19	7
2008-06-25	0	NULO	17	7
2008-06-26	0	NULO	17	6.5
2008-06-27	0	NULO	18	7
2008-06-28	2.8	NULO	19	7
2008-06-29	0	NULO	15	7
2008-06-30	0.01	NULO	17	8
2008-07-01	7.8	NULO	16	9
2008-07-02	0.01	NULO	16	10
2008-07-03	3.2	NULO	17	10
2008-07-04	0	NULO	15	10
2008-07-05	0.2	NULO	16.5	10
2008-07-06	6.5	NULO	16	10
2008-07-07	9.5	NULO	17	10
2008-07-08	28	NULO	16	10
2008-07-09	9	NULO	16	10
2008-07-10	1.8	NULO	16	10
2008-07-11	0	NULO	16	8
2008-07-12	0	NULO	18	8
2008-07-13	0	NULO	17	6
2008-07-14	0	NULO	18	6
2008-07-15	0	NULO	18	8
2008-07-16	0	NULO	18	6.5
2008-07-17	0	NULO	18	6
2008-07-18	0	NULO	19	7
2008-07-19	0	NULO	17	7
2008-07-20	0	NULO	18	7
2008-07-21	0	NULO	18	7
2008-07-22	0	NULO	17	7
2008-07-23	0	NULO	19	6
2008-07-24	0	NULO	17	6
2008-07-25	0	NULO	15	6
2008-07-26	0	NULO	18	5
2008-07-27	3.5	NULO	18	5
2008-07-28	0	NULO	22	6
2008-07-29	0	NULO	22.5	7
2008-07-30	12	NULO	22.5	10
2008-07-31	26.5	NULO	19	9
2008-08-01	0	NULO	19	7
2008-08-02	0	NULO	18	7
2008-08-03	4.5	NULO	16.5	7.5
2008-08-04	0	NULO	16	9
2008-08-05	0	NULO	18.5	8
2008-08-06	0.2	NULO	17	7
2008-08-07	0	NULO	17	8
2008-08-08	0	NULO	20	8
2008-08-09	0	NULO	19	7
2008-08-10	0	NULO	19	7
2008-08-11	3.8	NULO	21	8
2008-08-12	31	NULO	23	7
2008-08-13	0	NULO	19.5	8
2008-08-14	0	NULO	23	8.5
2008-08-15	0	NULO	21	9
2008-08-16	0.5	NULO	20	9
2008-08-17	5.5	NULO	19	10
2008-08-18	0	NULO	20	10
2008-08-19	2	NULO	20	10
2008-08-20	15	NULO	19.5	10.5
2008-08-21	5.5	NULO	18	10
2008-08-22	0	NULO	20	10
2008-08-23	12.5	NULO	19	8
2008-08-24	0	NULO	20	7
2008-08-25	0.01	NULO	19	9
2008-08-26	5.5	NULO	17.5	8
2008-08-27	0	NULO	18	8
2008-08-28	0.01	NULO	17.5	8
2008-08-29	1	NULO	17.5	7
2008-08-30	0	NULO	17	7.5
2008-08-31	1	NULO	17	7
2008-09-01	0	3.11	19.5	8
2008-09-02	0	3.75	20	7.2
2008-09-03	0	0.71	20	7
2008-09-04	0	5.89	18	7
2008-09-05	0	4.53	17	8.5
2008-09-06	0	6.47	17	9
2008-09-07	19.5	2.79	10	7
2008-09-08	13	4.73	16	8
2008-09-09	7	3.15	17	9
2008-09-10	0	3.64	19	9
2008-09-11	0	5.57	22	10
2008-09-12	29	3.81	22	11
2008-09-13	5.8	4.22	21	10
2008-09-14	8.8	4.34	14	10
2008-09-15	21	4	16	8
2008-09-16	2	4.42	11	8
2008-09-17	2.8	7.12	14	7
2008-09-18	0.01	4.48	15	8
2008-09-19	1.8	5.03	16	6
2008-09-20	1	4.74	14	8
2008-09-21	4	4.29	10	8
2008-09-22	3	3.89	14	8
2008-09-23	8.5	3.13	14	9
2008-09-24	23	9.91	14	8
2008-09-25	28.5	4.76	14	9
2008-09-26	1	4.78	14	7
2008-09-27	0.01	6.11	14	6
2008-09-28	0	4.14	14	7
2008-09-29	0	5.93	14	3
2008-09-30	0	4.66	8	2
2008-10-01	1	3.95	13	0.5
2008-10-02	0	6.05	15	1
2008-10-03	0	2.11	15	2
2008-10-04	0.2	1.9	14	2
2008-10-05	0	2.38	16	2
2008-10-06	0	4.68	12	6
2008-10-07	15.5	5.15	14	7
2008-10-08	2.4	3.89	14	9
2008-10-09	0.01	4.3	16	8
2008-10-10	0	3.12	17	9
2008-10-11	0	4.9	17	9
2008-10-12	0	5.4	18	9.5
2008-10-13	0.3	3.95	17	9
2008-10-14	0	4.3	15	7
2008-10-15	0	3.95	16	5.5
2008-10-16	15.5	3.1	13.5	7
2008-10-17	16	4.4	13	7
2008-10-18	5.5	3.95	10	7
2008-10-19	0.2	2.1	10	6
2008-10-20	0.2	5.9	13	4
2008-10-21	0	3.15	17	1
2008-10-22	0	4.35	17	2
2008-10-23	0	2.38	15	4
2008-10-24	0	4.05	17	4
2008-10-25	0	5.25	18	4
2008-10-26	0	5.1	12	4
2008-10-27	18	1.95	8	4
2008-10-28	0.5	3.8	8	3
2008-10-29	0	4.7	13	0
2008-10-30	0	4.95	14	3
2008-10-31	0.4	3.3	12	4
2008-11-01	1.8	2.8	9	3
2008-11-02	0	1.4	13	3
2008-11-03	0	2.65	15	2
2008-11-04	0	3.92	17	2
2008-11-05	0	3.6	19	4
2008-11-06	0	2.58	18	5.5
2008-11-07	0	2.4	18	5
2008-11-08	0	3.3	17	5
2008-11-09	0	2.2	19	4
2008-11-10	0	2.15	20	5
2008-11-11	0	2.47	21	6
2008-11-12	0	2.35	22	6
2008-11-13	0	2.77	21	7
2008-11-14	0	3.23	20	6
2008-11-15	1.5	2.65	18	6
2008-11-16	0	2.15	10	2
2008-11-17	0	3.21	12	0
2008-11-18	0	3.23	9	-4
2008-11-19	0	1.85	12	-2
2008-11-20	2.8	1.75	14	-2
2008-11-21	0	1.59	7	2
2008-11-22	0	1.47	12	2
2008-11-23	0	2.35	10	2
2008-11-24	1	2.56	14	4
2008-11-25	1	3.98	10	4
2008-11-26	0	3.05	17	4
2008-11-27	0	2.33	19	4
2008-11-28	0	2.94	21	5
2008-11-29	0	2.26	20	6
2008-11-30	0	3.45	18	6
2008-12-01	0	NULO	18	5
2008-12-02	0	NULO	17	2
2008-12-03	0	NULO	19	2
2008-12-04	0	NULO	16	6
2008-12-05	0	NULO	17	4
2008-12-06	0	NULO	15	2
2008-12-07	0	NULO	15	2
2008-12-08	0	NULO	18	4
2008-12-09	0	NULO	17	4
2008-12-10	0	NULO	15	-2
2008-12-11	0	NULO	13	-2.5
2008-12-12	0	NULO	19	-2.5
2008-12-13	0	NULO	21	4
2008-12-14	0	NULO	21	5
2008-12-15	0	NULO	18	1
2008-12-16	0	NULO	19	2
2008-12-17	0	NULO	20	4
2008-12-18	0	NULO	20	4
2008-12-19	0	NULO	21	2
2008-12-20	0	NULO	20	3
2008-12-21	0	NULO	16	3
2008-12-22	0	NULO	11	4
2008-12-23	0	NULO	18	3
2008-12-24	0	NULO	19	3
2008-12-25	0	NULO	20	3.5
2008-12-26	0	NULO	19	4
2008-12-27	0	NULO	19	4.5
2008-12-28	0	NULO	18	4
2008-12-29	0	NULO	14	4
2008-12-30	0	NULO	15	3.5
2008-12-31	0	NULO	15	3
2009-01-01	0	NULO	17	4
2009-01-02	0	NULO	19	3
2009-01-03	0	NULO	20	4
2009-01-04	0	NULO	20.5	6.5
2009-01-05	0	NULO	20	5.5
2009-01-06	0	NULO	22	5
2009-01-07	0	NULO	20	3.5
2009-01-08	0	NULO	20	5
2009-01-09	0	NULO	22	4
2009-01-10	0	NULO	20	6
2009-01-11	0	NULO	17	3
2009-01-12	0	NULO	16	3
2009-01-13	0.01	NULO	5	1.5
2009-01-14	2.5	NULO	16	-2
2009-01-15	12.5	NULO	6.5	1.5
2009-01-16	4	NULO	6	3
2009-01-17	0	NULO	12	3
2009-01-18	0	NULO	12	1.5
2009-01-19	0	NULO	15	2
2009-01-20	0	NULO	16	2
2009-01-21	0	NULO	16	-1
2009-01-22	0	NULO	16	-1
2009-01-23	0	NULO	17	3
2009-01-24	0	NULO	16	5
2009-01-25	0	NULO	19	1
2009-01-26	0	NULO	19	2
2009-01-27	0	NULO	20	5
2009-01-28	0	NULO	21	5
2009-01-29	0.01	NULO	21	4
2009-01-30	0	NULO	21	9.5
2009-01-31	0	NULO	16	1
2009-02-01	0	NULO	18.5	2
2009-02-02	0	NULO	15	6
2009-02-03	0	NULO	12	0
2009-02-04	0	NULO	11	1
2009-02-05	0	NULO	10	1
2009-02-06	0	NULO	13	1
2009-02-07	0	NULO	17	-2.5
2009-02-08	0	NULO	20	-2
2009-02-09	0	NULO	22	0
2009-02-10	0	NULO	22	6
2009-02-11	0	NULO	17	7
2009-02-12	0	NULO	19.5	4
2009-02-13	0	NULO	21	5
2009-02-14	0	NULO	23	8
2009-02-15	0.4	NULO	20	6
2009-02-16	0	NULO	17	7
2009-02-17	0	NULO	22	5
2009-02-18	0.2	NULO	22.5	5
2009-02-19	1.8	NULO	16	7
2009-02-20	0	NULO	15.5	5.5
2009-02-21	9.8	NULO	16	6
2009-02-22	0	NULO	19	5.5
2009-02-23	0	NULO	13	2
2009-02-24	0	NULO	17	0
2009-02-25	0	NULO	19	3
2009-02-26	0	NULO	22	4.5
2009-02-27	0	NULO	24	5
2009-02-28	0	NULO	13	7
2009-03-01	0	NULO	10	0.5
2009-03-02	0	NULO	10	-3
2009-03-03	0	NULO	14	-3
2009-03-04	0	NULO	20	0
2009-03-05	0	NULO	20	1
2009-03-06	0	NULO	19	2
2009-03-07	0	NULO	23	2
2009-03-08	0	NULO	22	4
2009-03-09	0	NULO	21	4.5
2009-03-10	0	NULO	22	5
2009-03-11	0	NULO	19	5
2009-03-12	0	NULO	14	6.5
2009-03-13	0	NULO	22.5	4
2009-03-14	0	NULO	22	7
2009-03-15	0	NULO	23.5	6
2009-03-16	0	NULO	18	6
2009-03-17	0	NULO	17	6
2009-03-18	0	NULO	18	5
2009-03-19	0	NULO	18	4.5
2009-03-20	0	NULO	17	4
2009-03-21	0	NULO	13	4
2009-03-22	0	NULO	17	3
2009-03-23	0	NULO	22	3
2009-03-24	0	NULO	26	6
2009-03-25	3.4	NULO	24	7.5
2009-03-26	0	NULO	24	6
2009-03-27	0	NULO	24	9
2009-03-28	0	NULO	23.5	7
2009-03-29	0	NULO	20	6
2009-03-30	0	NULO	25	7
2009-03-31	0	NULO	24.5	10
2009-04-01	0	NULO	25	6.5
2009-04-02	0	NULO	25	7
2009-04-03	0	NULO	26.5	7
2009-04-04	0	NULO	28	10
2009-04-05	1.3	NULO	20	11
2009-04-06	0	NULO	14	6.5
2009-04-07	0	NULO	16	0
2009-04-08	0	NULO	24.5	5
2009-04-09	0	NULO	24	10
2009-04-10	0	NULO	27	10
2009-04-11	3.4	NULO	26.5	9
2009-04-12	0	NULO	27	10
2009-04-13	0	NULO	25	11
2009-04-14	0	NULO	27	5
2009-04-15	0	NULO	25	6
2009-04-16	0	NULO	25	5
2009-04-17	0	NULO	26	9
2009-04-18	0	NULO	22	10
2009-04-19	0	NULO	19	9
2009-04-20	0	NULO	14	5
2009-04-21	0	NULO	18.5	4
2009-04-22	0	NULO	22	5
2009-04-23	0	NULO	23	7
2009-04-24	0	NULO	26	9.5
2009-04-25	0	NULO	26	7
2009-04-26	0	NULO	26	6
2009-04-27	0	NULO	25	5
2009-04-28	0	NULO	22	7
2009-04-29	0	NULO	23	7
2009-04-30	0	NULO	26	6
2009-05-01	0	NULO	24	5.5
2009-05-02	0	NULO	25	6.5
2009-05-03	0	NULO	25	9
2009-05-04	0	NULO	25	10
2009-05-05	0	NULO	26	9
2009-05-06	0	NULO	27	9
2009-05-07	0	NULO	25	10
2009-05-08	0	NULO	25	6.5
2009-05-09	0	NULO	24	7
2009-05-10	0	NULO	25	7
2009-05-11	0	NULO	21	9
2009-05-12	0	NULO	22	9
2009-05-13	0	NULO	23	8
2009-05-14	0	NULO	23	9
2009-05-15	0	NULO	21	10
2009-05-16	9.2	NULO	19	10
2009-05-17	5.5	NULO	14	7
2009-05-18	5.8	NULO	10	7
2009-05-19	0.01	NULO	10	6
2009-05-20	0	NULO	13	5.5
2009-05-21	0.8	NULO	19	5
2009-05-22	0	NULO	20	7.5
2009-05-23	0	NULO	22	7.5
2009-05-24	1	NULO	23	8
2009-05-25	0	NULO	25	10
2009-05-26	0	NULO	26	10
2009-05-27	0	NULO	26	10.5
2009-05-28	0	NULO	22.5	10.5
2009-05-29	0	NULO	21	10
2009-05-30	14	NULO	20	10
2009-05-31	0	NULO	19	7
2009-06-01	0	NULO	21	7
2009-06-02	0	NULO	20	7
2009-06-03	0	NULO	20	6.5
2009-06-04	0	NULO	20	7
2009-06-05	0	NULO	20	6.5
2009-06-06	0	NULO	22	7
2009-06-07	0	NULO	24	7
2009-06-08	0	NULO	24	6
2009-06-09	0	NULO	22	8
2009-06-10	0	NULO	24	8
2009-06-11	0	NULO	24	8
2009-06-12	0	NULO	24	10
2009-06-13	0	NULO	24	8
2009-06-14	0	NULO	22	8
2009-06-15	0	NULO	21	8
2009-06-16	0	NULO	21	8
2009-06-17	0	NULO	22	10
2009-06-18	0	NULO	21	10
2009-06-19	0	NULO	22	10
2009-06-20	6.5	NULO	20	9
2009-06-21	0.01	NULO	18	8
2009-06-22	2.4	NULO	17	8
2009-06-23	0	NULO	20	8
2009-06-24	0	NULO	20	9
2009-06-25	0	NULO	20	10
2009-06-26	16	NULO	20	9
2009-06-27	0	NULO	19	8
2009-06-28	2.5	NULO	18	9
2009-06-29	0	NULO	18	9
2009-06-30	0	NULO	18	9
2009-07-01	6.8	NULO	20	10
2009-07-02	26	NULO	19	10
2009-07-03	0.9	NULO	19	10
2009-07-04	0.5	NULO	19	9
2009-07-05	0	NULO	21	9
2009-07-06	0	NULO	22	9
2009-07-07	0	NULO	21	9
2009-07-08	1	NULO	19	8
2009-07-09	0	NULO	18	9
2009-07-10	12.5	NULO	18	9
2009-07-11	1.5	NULO	16	8
2009-07-12	1.4	NULO	16.5	7.5
2009-07-13	0	NULO	19	5.5
2009-07-14	0	NULO	21	6
2009-07-15	0	NULO	22	6
2009-07-16	0	NULO	19	6
2009-07-17	0	NULO	20	6
2009-07-18	0	NULO	20	9
2009-07-19	0	NULO	20	8
2009-07-20	0	NULO	20.5	7
2009-07-21	0	NULO	21.5	6.5
2009-07-22	0	NULO	20	6.5
2009-07-23	0	NULO	20	7
2009-07-24	0	NULO	20	7
2009-07-25	0	NULO	20	7
2009-07-26	0	NULO	21	8
2009-07-27	5.7	NULO	20	7
2009-07-28	4	NULO	23	9
2009-07-29	0	NULO	23	8
2009-07-30	0	NULO	23	9
2009-07-31	0	NULO	23	9
2009-08-01	0	NULO	19	6.5
2009-08-02	0	NULO	20	8
2009-08-03	0	NULO	21	7
2009-08-04	0	NULO	20	7
2009-08-05	0	NULO	19	7
2009-08-06	0	NULO	20	7
2009-08-07	0	NULO	20	7
2009-08-08	0	NULO	21	7
2009-08-09	5.4	NULO	19	7
2009-08-10	0	NULO	21	10
2009-08-11	0	NULO	21	5.5
2009-08-12	0	NULO	21	6
2009-08-13	0	NULO	20	6
2009-08-14	0	NULO	21.5	7
2009-08-15	0	NULO	22	7.5
2009-08-16	0	NULO	21.5	7
2009-08-17	0	NULO	20	7.5
2009-08-18	0.3	NULO	19	8
2009-08-19	2.4	NULO	23	8.5
2009-08-20	0	NULO	20	9
2009-08-21	0	NULO	20	8
2009-08-22	0	NULO	20	8
2009-08-23	0	NULO	20	9
2009-08-24	0	NULO	20	8
2009-08-25	0	NULO	20	7
2009-08-26	0	NULO	20	6
2009-08-27	0	NULO	19	8
2009-08-28	0	NULO	19	9
2009-08-29	1.5	NULO	20	9
2009-08-30	15	NULO	19	9
2009-08-31	5.5	NULO	18	9
2009-09-01	4.5	NULO	18	8
2009-09-02	0.1	NULO	17	9
2009-09-03	0	NULO	18	10
2009-09-04	0.8	NULO	18	10.5
2009-09-05	0	NULO	16.5	11
2009-09-06	2.5	NULO	16.5	10
2009-09-07	0.01	NULO	17	10
2009-09-08	0	NULO	20	10
2009-09-09	1.2	NULO	19	11
2009-09-10	2.6	NULO	19	11
2009-09-11	4.5	NULO	20	9
2009-09-12	0.01	NULO	19	9
2009-09-13	2.5	NULO	19	10
2009-09-14	0.01	NULO	19	10
2009-09-15	0	NULO	17	10
2009-09-16	0	NULO	17	10
2009-09-17	0	NULO	20	7
2009-09-18	0	NULO	19	7
2009-09-19	0	NULO	18.5	9
2009-09-20	0	NULO	17	8
2009-09-21	0	NULO	21	7
2009-09-22	7	NULO	19	7
2009-09-23	10	NULO	14	9
2009-09-24	12.2	NULO	11	9
2009-09-25	22.4	NULO	11	8
2009-09-26	32	NULO	11	8
2009-09-27	2.5	NULO	16	8
2009-09-28	0	NULO	16	9
2009-09-29	1.5	NULO	18	9
2009-09-30	0	NULO	18	9
2009-10-01	0	NULO	22	9
2009-10-02	0	NULO	22	9
2009-10-03	0	NULO	22	8
2009-10-04	0	NULO	23	9
2009-10-05	0	NULO	24	10
2009-10-06	0	NULO	23	10
2009-10-07	0	NULO	20	9
2009-10-08	15.5	NULO	20	10
2009-10-09	5.8	NULO	19	10
2009-10-10	0	NULO	16	8
2009-10-11	0.2	NULO	18	8
2009-10-12	6.8	NULO	20	9
2009-10-13	0	NULO	18	9
2009-10-14	0	NULO	18	9
2009-10-15	0	NULO	20	7
2009-10-16	1	NULO	16	6
2009-10-17	32	NULO	16	6
2009-10-18	3.8	NULO	9	4
2009-10-19	0.2	NULO	14	5
2009-10-20	0	NULO	17	5.5
2009-10-21	0	NULO	20	7
2009-10-22	0	NULO	19	6.5
2009-10-23	0.2	NULO	17	8.5
2009-10-24	12.5	NULO	16.5	9
2009-10-25	0.2	NULO	16.5	6.5
2009-10-26	15.2	NULO	17	7
2009-10-27	2	NULO	16.5	7
2009-10-28	0	NULO	18	6.5
2009-10-29	0	NULO	18	9
2009-10-30	0	NULO	16	10
2009-10-31	1	NULO	17	9
2009-11-01	0	NULO	16	3
2009-11-02	0	NULO	15	4
2009-11-03	0.3	NULO	6	0
2009-11-04	1.2	NULO	10	1
2009-11-05	0	NULO	6	4
2009-11-06	1.5	NULO	8	2
2009-11-07	0	NULO	13	3
2009-11-08	0	NULO	16	6
2009-11-09	0	NULO	15	3
2009-11-10	5.2	NULO	7	3
2009-11-11	0.2	NULO	7	4
2009-11-12	0	NULO	15	0
2009-11-13	0	NULO	17	0.5
2009-11-14	0	NULO	19	4
2009-11-15	0	NULO	17	5
2009-11-16	0.3	NULO	15	5
2009-11-17	0	NULO	16.5	2
2009-11-18	0	NULO	18	2.5
2009-11-19	0	NULO	19	5
2009-11-20	0	NULO	19	7
2009-11-21	0	NULO	16	7.5
2009-11-22	0	NULO	19	6
2009-11-23	0	NULO	19	6.5
2009-11-24	0	NULO	18	6.5
2009-11-25	0	NULO	13	5
2009-11-26	0	NULO	12.5	4.5
2009-11-27	0	NULO	13	5
2009-11-28	0	NULO	18.5	4
2009-11-29	0	NULO	20	4.5
2009-11-30	0	NULO	20	5
2009-12-01	0	NULO	19	6
2009-12-02	0	NULO	19	6
2009-12-03	0	NULO	16	5.5
2009-12-04	1.4	NULO	16	4.5
2009-12-05	0	NULO	17.5	1.5
2009-12-06	0	NULO	20	2
2009-12-07	0	NULO	21	8
2009-12-08	0	NULO	21	8
2009-12-09	0	NULO	22	8
2009-12-10	0	NULO	22	6
2009-12-11	0	NULO	20	5
2009-12-12	0	NULO	20	6
2009-12-13	0	NULO	17	5.5
2009-12-14	0	NULO	19	5
2009-12-15	0.8	NULO	19	6
2009-12-16	4	NULO	10	5
2009-12-17	0	NULO	15	2
2009-12-18	0	NULO	13	2
2009-12-19	0	NULO	10	1
2009-12-20	0	NULO	9	2
2009-12-21	0	NULO	13	0
2009-12-22	0	NULO	17	0
2009-12-23	0	NULO	16	2
2009-12-24	0	NULO	15	2
2009-12-25	0	NULO	19	2
2009-12-26	0	NULO	17	5
2009-12-27	0	NULO	17	5
2009-12-28	0	NULO	13	2
2009-12-29	0	NULO	19	2.5
2009-12-30	0	NULO	19	4.5
2009-12-31	1	NULO	19	5
2010-01-01	0	NULO	9	4
2010-01-02	1	NULO	13	-1
2010-01-03	0	NULO	7	1
2010-01-04	0	NULO	5	2
2010-01-05	0	NULO	8	1
2010-01-06	0	NULO	14	0
2010-01-07	10	NULO	15	4
2010-01-08	12	NULO	6	3
2010-01-09	1	NULO	4	-4.5
2010-01-10	0	NULO	2	-4.5
2010-01-11	0	NULO	8	-3
2010-01-12	4.5	NULO	8	-2
2010-01-13	1.5	NULO	12	1
2010-01-14	0	NULO	12	1.5
2010-01-15	5.5	NULO	16	2
2010-01-16	0	NULO	16	0
2010-01-17	0	NULO	17	0
2010-01-18	0	NULO	19	4
2010-01-19	0	NULO	21	4
2010-01-20	0	NULO	21	4.5
2010-01-21	0	NULO	22	5
2010-01-22	0	NULO	22	5
2010-01-23	0	NULO	23	4
2010-01-24	0	NULO	22	5
2010-01-25	0	NULO	16	5
2010-01-26	0	NULO	16	-1.5
2010-01-27	0	NULO	17	1
2010-01-28	0	NULO	17	3.5
2010-01-29	0	NULO	15	5.5
2010-01-30	3.8	NULO	10	5
2010-01-31	9.5	NULO	15	3.5
2010-02-01	9	NULO	9.5	2
2010-02-02	8	NULO	12	2.5
2010-02-03	45.5	NULO	8	3
2010-02-04	21	NULO	8.5	4
2010-02-05	0	NULO	8.5	1
2010-02-06	0	NULO	16	0
2010-02-07	0	NULO	18	1
2010-02-08	0	NULO	16	1
2010-02-09	0	NULO	14	1
2010-02-10	0	NULO	16	2
2010-02-11	0	NULO	20	3
2010-02-12	0	NULO	15	5.5
2010-02-13	0	NULO	17	1
2010-02-14	2.5	NULO	18	2
2010-02-15	0.9	NULO	12	2
2010-02-16	1	NULO	12	1
2010-02-17	5.5	NULO	6	0
2010-02-18	1	NULO	10.5	0
2010-02-19	0	NULO	15	5
2010-02-20	0	NULO	16	4.5
2010-02-21	0	NULO	18	5
2010-02-22	0	NULO	17	5.5
2010-02-23	0	NULO	19.5	6
2010-02-24	0	NULO	10	-2.5
2010-02-25	0	NULO	20	-2
2010-02-26	0	NULO	19.5	0
2010-02-27	0	NULO	16	0
2010-02-28	0	NULO	21.5	0
2010-03-01	0	NULO	21	5
2010-03-02	0	NULO	15	2
2010-03-03	0	NULO	21	-1
2010-03-04	0	NULO	20	2.5
2010-03-05	0	NULO	22	2.5
2010-03-06	0	NULO	19	4
2010-03-07	0	NULO	16	5
2010-03-08	0	NULO	21	6
2010-03-09	0	NULO	22	7
2010-03-10	0	NULO	24	8
2010-03-11	0	NULO	24	8
2010-03-12	0	NULO	19	6
2010-03-13	0	NULO	17	4
2010-03-14	0	NULO	22	4
2010-03-15	0	NULO	19	8
2010-03-16	0	NULO	12	6
2010-03-17	0	NULO	12	2
2010-03-18	0	NULO	19	1
2010-03-19	0	NULO	20	2.5
2010-03-20	0	NULO	20	3
2010-03-21	0	NULO	15	2
2010-03-22	0	NULO	18	2.5
2010-03-23	0	NULO	23	4
2010-03-24	0	NULO	22	8
2010-03-25	0	NULO	19	7
2010-03-26	0	NULO	22	5
2010-03-27	0	NULO	24	7
2010-03-28	0	NULO	15	9
2010-03-29	0	NULO	15	1
2010-03-30	0	NULO	20	4
2010-03-31	0	NULO	22	6.5
2010-04-01	0	NULO	24	7.5
2010-04-02	0	NULO	22	8
2010-04-03	0	NULO	20	8
2010-04-04	0	NULO	22	8
2010-04-05	0	NULO	23	8
2010-04-06	0	NULO	25	8
2010-04-07	0	NULO	24	9
2010-04-08	0	NULO	23	10
2010-04-09	12	NULO	22	7
2010-04-10	1	NULO	21	6
2010-04-11	2	NULO	22	1.5
2010-04-12	0	NULO	16	6.5
2010-04-13	0	NULO	15.5	6
2010-04-14	0	NULO	21	6
2010-04-15	0.4	NULO	17	7
2010-04-16	0.4	NULO	17	6
2010-04-17	13.2	NULO	20	4
2010-04-18	0	NULO	20	6
2010-04-19	0	NULO	17	7
2010-04-20	0	NULO	22	5
2010-04-21	0	NULO	24	6
2010-04-22	0	NULO	22.5	8
2010-04-23	0	NULO	23	12
2010-04-24	0	NULO	23.5	12
2010-04-25	0	NULO	24	11
2010-04-26	0	NULO	24	6
2010-04-27	0	NULO	25	7
2010-04-28	0	NULO	23	6.5
2010-04-29	0	NULO	26	6
2010-04-30	0	NULO	27	9
2010-05-01	0	NULO	27	10
2010-05-02	0	NULO	27	9
2010-05-03	0	NULO	27	9
2010-05-04	0	NULO	23	8
2010-05-05	0	NULO	24.5	7
2010-05-06	0	NULO	25	7.5
2010-05-07	0	NULO	26	8
2010-05-08	0	NULO	23	6
2010-05-09	0	NULO	23	9
2010-05-10	0	NULO	25	11
2010-05-11	0	NULO	26	10
2010-05-12	0	NULO	24	8
2010-05-13	0	NULO	24	10
2010-05-14	2.2	NULO	22	10
2010-05-15	5	NULO	23	9
2010-05-16	1.2	NULO	18	8
2010-05-17	0	NULO	22	7
2010-05-18	0	NULO	20	8
2010-05-19	0	NULO	24	9
2010-05-20	0	NULO	24	9
2010-05-21	0	NULO	26	8
2010-05-22	0	NULO	25	9
2010-05-23	0	NULO	25	8
2010-05-24	0	NULO	24	10
2010-05-25	0	NULO	24	9
2010-05-26	0	NULO	23	10
2010-05-27	0	NULO	22	10
2010-05-28	0	NULO	22	9
2010-05-29	0	NULO	25	9
2010-05-30	0	NULO	26	10
2010-05-31	0	NULO	26	9
2010-06-01	0	NULO	27	11
2010-06-02	0	NULO	26	10
2010-06-03	0	NULO	26	10
2010-06-04	0	NULO	26	10
2010-06-05	0	NULO	26	10
2010-06-06	1.5	NULO	26	11
2010-06-07	3.5	NULO	24	10
2010-06-08	0	NULO	24	10
2010-06-09	0	NULO	24	10
2010-06-10	0	NULO	24	10
2010-06-11	0	NULO	24	9
2010-06-12	0	NULO	22	10
2010-06-13	0.8	NULO	20	10
2010-06-14	0	NULO	20	7
2010-06-15	0	NULO	19	7
2010-06-16	0	NULO	20	8
2010-06-17	0	NULO	21	8
2010-06-18	0	NULO	21	8
2010-06-19	0	NULO	21	8
2010-06-20	0	NULO	20	7
2010-06-21	0	NULO	19	7.5
2010-06-22	0	NULO	19	7
2010-06-23	0	NULO	21	7
2010-06-24	0	NULO	20	9
2010-06-25	0	NULO	20	8
2010-06-26	0	NULO	21	9
2010-06-27	0.01	NULO	21	10
2010-06-28	0	NULO	21.5	9
2010-06-29	0	NULO	20	10
2010-06-30	12	NULO	18	10
2010-07-01	0	NULO	20	3
2010-07-02	0	NULO	21	9
2010-07-03	45.5	NULO	19.5	9
2010-07-04	11.8	NULO	21.5	9
2010-07-05	22	NULO	20	10.5
2010-07-06	15	NULO	19.5	1
2010-07-07	3.3	NULO	18	10.5
2010-07-08	16	NULO	17	10
2010-07-09	3.5	NULO	16	10.5
2010-07-10	2.4	NULO	16	9
2010-07-11	0	NULO	19	10
2010-07-12	0	NULO	19	10.5
2010-07-13	0	NULO	21	10
2010-07-14	1.2	NULO	17	9
2010-07-15	0.01	NULO	18	9
2010-07-16	0	NULO	18.5	9
2010-07-17	0	NULO	19	6
2010-07-18	7.6	NULO	17	10
2010-07-19	1.2	NULO	17	9
2010-07-20	0	NULO	16	9
2010-07-21	16	NULO	16	9
2010-07-22	13	NULO	16	6
2010-07-23	26.5	NULO	17	9
2010-07-24	46.5	NULO	13	10
2010-07-25	26.5	NULO	13	10.5
2010-07-26	11	NULO	13	10
2010-07-27	6.5	NULO	15	9
2010-07-28	0	NULO	17	9
2010-07-29	0	NULO	20	8.5
2010-07-30	0	NULO	15	6.5
2010-07-31	0	NULO	17	7
2010-08-01	0	NULO	18	6.5
2010-08-02	0	NULO	19	7
2010-08-03	1.8	NULO	18	7
2010-08-04	1.2	NULO	18	7
2010-08-05	2.8	NULO	18	7
2010-08-06	0.8	NULO	19	7
2010-08-07	0.2	NULO	18	10
2010-08-08	0.2	NULO	18	12
2010-08-09	0.2	NULO	19	10
2010-08-10	0.1	NULO	19	11
2010-08-11	0.1	NULO	18	9
2010-08-12	0.3	NULO	17	7
2010-08-13	17.6	NULO	19	11
2010-08-14	0.8	NULO	18	10
2010-08-15	0.4	NULO	18	10
2010-08-16	8.8	NULO	16	9
2010-08-17	11.2	NULO	14	9
2010-08-18	3.8	NULO	18	9
2010-08-19	0.01	NULO	16.5	9
2010-08-20	0.2	NULO	14	6.5
2010-08-21	0.1	NULO	15	9
2010-08-22	0.4	NULO	14	8
2010-08-23	0	NULO	15	7
2010-08-24	0	NULO	16	7
2010-08-25	0	NULO	17.5	8
2010-08-26	0	NULO	16	6
2010-08-27	0	NULO	15.5	8
2010-08-28	0	NULO	17	6.5
2010-08-29	0	NULO	16	8
2010-08-30	0.4	NULO	16.5	7
2010-08-31	9.8	NULO	14	10
2010-09-01	0	NULO	18	8
2010-09-02	0.1	NULO	19	7.5
2010-09-03	30	NULO	16	8
2010-09-04	38.8	NULO	17	7
2010-09-05	8.8	NULO	13	9
2010-09-06	1	NULO	17	9
2010-09-07	8.5	NULO	18	10
2010-09-08	1.3	NULO	18	10
2010-09-09	7.4	NULO	21	11
2010-09-10	0.01	NULO	19	9
2010-09-11	0	NULO	18	9.5
2010-09-12	0	NULO	19	8
2010-09-13	0.2	NULO	18.5	6.5
2010-09-14	6.2	NULO	17.5	7.5
2010-09-15	0.2	NULO	16.5	10
2010-09-16	8.2	NULO	15.5	8.5
2010-09-17	20.2	NULO	13	9
2010-09-18	8.2	NULO	12	9
2010-09-19	3.2	NULO	13	9.5
2010-09-20	0.2	NULO	17.5	10
2010-09-21	0	NULO	18	10.5
2010-09-22	0.4	NULO	16	10
2010-09-23	0.3	NULO	16	10
2010-09-24	1.2	NULO	17	10
2010-09-25	1	NULO	16	10
2010-09-26	9	NULO	15	6
2010-09-27	1.2	NULO	16	3.5
2010-09-28	0	NULO	15	5
2010-09-29	0	NULO	16	3
2010-09-30	0	NULO	16	4
2010-10-01	0	NULO	17	4
2010-10-02	0	NULO	15	3
2010-10-03	0.4	NULO	11	3
2010-10-04	0	NULO	12	1
2010-10-05	1.5	NULO	12	3
2010-10-06	0.5	NULO	10	4
2010-10-07	0	NULO	12	4
2010-10-08	0	NULO	16	3
2010-10-09	0	NULO	18	4
2010-10-10	0	NULO	19	5
2010-10-11	0	NULO	21	4
2010-10-12	0	NULO	20	7
2010-10-13	0	NULO	15	7
2010-10-14	1.4	NULO	8	4
2010-10-15	0.2	NULO	14	0.5
2010-10-16	0	NULO	15	1
2010-10-17	0	NULO	17	2
2010-10-18	0	NULO	20	3
2010-10-19	0	NULO	20	7
2010-10-20	0	NULO	22	7
2010-10-21	0	NULO	21	7
2010-10-22	0	NULO	21	6
2010-10-23	0	NULO	22	7
2010-10-24	0	NULO	22	8
2010-10-25	0	NULO	22	7
2010-10-26	0	NULO	24	8
2010-10-27	0	NULO	23	8
2010-10-28	15.7	NULO	15	5
2010-10-29	0.01	NULO	10	1.5
2010-10-30	0	NULO	15	1
2010-10-31	0	NULO	19	5
2010-11-01	0	NULO	20	6
2010-11-02	0	NULO	20	7
2010-11-03	0	NULO	16	3
2010-11-04	0	NULO	15	0
2010-11-05	0	NULO	16	-4
2010-11-06	0	NULO	12.5	-4
2010-11-07	0	NULO	12	-4.5
2010-11-08	0	NULO	15	-3
2010-11-09	0	NULO	18	-3
2010-11-10	0	NULO	16	2
2010-11-11	0	NULO	18	3
2010-11-12	0	NULO	18	1
2010-11-13	0	NULO	18.5	2
2010-11-14	0	NULO	20	2
2010-11-15	0	NULO	20	6
2010-11-16	0	NULO	18	6.5
2010-11-17	0.1	NULO	20	3
2010-11-18	1.5	NULO	9	6
2010-11-19	0	NULO	16	3.5
2010-11-20	0	NULO	18	3
2010-11-21	0	NULO	20	5
2010-11-22	0	NULO	20	6
2010-11-23	0	NULO	20	6.5
2010-11-24	0	NULO	20	2
2010-11-25	0	NULO	21.5	6
2010-11-26	0	NULO	18	8
2010-11-27	0	NULO	17	4
2010-11-28	0	NULO	22.5	4
2010-11-29	0	NULO	21.5	7
2010-11-30	0	NULO	14	6
2010-12-01	0	NULO	17.5	-1
2010-12-02	0	NULO	17	-0.5
2010-12-03	0	NULO	14	-0.5
2010-12-04	0	NULO	17	-1
2010-12-05	0	NULO	14.5	0
2010-12-06	0.01	NULO	8	2.5
2010-12-07	0	NULO	17	3
2010-12-08	0.01	NULO	8	3
2010-12-09	0	NULO	9	-3.5
2010-12-10	0	NULO	8	-3
2010-12-11	0	NULO	19	-3
2010-12-12	0	NULO	19	-2.5
2010-12-13	0	NULO	15	1
2010-12-14	0	NULO	14	-3
2010-12-15	0	NULO	17.5	-1
2010-12-16	0	NULO	17	2
2010-12-17	0	NULO	17	3
2011-01-01	0	NULO	19	7
2011-01-02	0	NULO	16	6.5
2011-01-03	0	NULO	19	0
2011-01-04	0	NULO	20	3
2011-01-05	0	NULO	20.5	5
2011-01-06	0	NULO	20.5	6.5
2011-01-07	0	NULO	21	4
2011-01-08	0	NULO	21.5	5
2011-01-09	0	NULO	21.5	7
2011-01-10	0	NULO	22	7
2011-01-11	0.01	NULO	17	4
2011-01-12	0.01	NULO	20	4
2011-01-13	0	NULO	8.5	1.5
2011-01-14	0	NULO	15	-2
2011-01-15	0	NULO	16	2
2011-01-16	0	NULO	16	3
2011-01-17	0	NULO	18	3
2011-01-18	0	NULO	20	3
2011-01-19	0	NULO	21	2
2011-01-20	0	NULO	21	4
2011-01-21	0	NULO	20	4
2011-01-22	0	NULO	20	3
2011-01-23	0	NULO	20	3.5
2011-01-24	0	NULO	20	2.5
2011-01-25	0	NULO	17	3
2011-01-26	0	NULO	15.5	1.5
2011-01-27	0	NULO	16	3
2011-01-28	0	NULO	16.5	3
2011-01-29	0	NULO	17	2
2011-01-30	0	NULO	22	3
2011-01-31	0	NULO	23	4
2011-02-01	0	NULO	22.5	6
2011-02-02	0	NULO	16	3.5
2011-02-03	0.01	NULO	18	0
2011-02-04	0	NULO	20	6
2011-02-05	0.01	NULO	20	9
2011-02-06	0	NULO	20	7.5
2011-02-07	0	NULO	20	4
2011-02-08	0	NULO	19	5
2011-02-09	0	NULO	18	4
2011-02-10	0	NULO	20	4.5
2011-02-11	0.01	NULO	20	4
2011-02-12	0.01	NULO	15	0
2011-02-13	0	NULO	15	-1
2011-02-14	0	NULO	17	0
2011-02-15	0	NULO	16	1
2011-02-16	0	NULO	16	2
2011-02-17	0	NULO	18	3
2011-02-18	0	NULO	21	4
2011-02-19	0	NULO	20	2.5
2011-02-20	0	NULO	21	1
2011-02-21	0	NULO	23	3
2011-02-22	0	NULO	20	5.5
2011-02-23	0	NULO	23	5
2011-02-24	0	NULO	22.5	6
2011-02-25	0	NULO	23	7.5
2011-02-26	0	NULO	23	6.5
2011-02-27	0	NULO	23	7
2011-02-28	0	NULO	23	9
2011-03-01	0	NULO	20	7
2011-03-02	0	NULO	22	2
2011-03-03	0	NULO	22	5.5
2011-03-04	0	NULO	23	7
2011-03-05	0.1	NULO	24	6
2011-03-06	0	NULO	18	0.5
2011-03-07	0	NULO	22	2
2011-03-08	0	NULO	23.5	7
2011-03-09	0	NULO	23	7
2011-03-10	0	NULO	12	4
2011-03-11	0	NULO	16	-1
2011-03-12	0	NULO	22	-1
2011-03-13	0	NULO	22	2
2011-03-14	0	NULO	20	4
2011-03-15	0	NULO	20	3
2011-03-16	0	NULO	19	4
2011-03-17	0	NULO	20	3
2011-03-18	0	NULO	20	3
2011-03-19	0	NULO	20.5	2
2011-03-20	0	NULO	22	4
2011-03-21	0	NULO	19.5	1
2011-03-22	0	NULO	22	2.5
2011-03-23	0	NULO	23	3
2011-03-24	0	NULO	22.5	3
2011-03-25	0	NULO	25	4
2011-03-26	0	NULO	26	10
2011-03-27	0	NULO	26.5	11.5
2011-03-28	0	NULO	25.5	11
2011-03-29	0	NULO	26	10
2011-03-30	0.01	NULO	24	10.5
2011-03-31	0	NULO	24	11
2011-04-01	0.01	NULO	24.5	9
2011-04-02	0.01	NULO	22	9.5
2011-04-03	0	NULO	25	10
2011-04-04	16.5	NULO	25	10
2011-04-05	0	NULO	19	6
2011-04-06	0	NULO	24	7
2011-04-07	0	NULO	25	9
2011-04-08	0	NULO	25	10
2011-04-09	0	NULO	25	9
2011-04-10	0	NULO	26	9
2011-04-11	0	NULO	24	11
2011-04-12	0	NULO	25	4
2011-04-13	0	NULO	24	7
2011-04-14	0	NULO	27	8
2011-04-15	4	NULO	26	10
2011-04-16	0	NULO	17	11
2011-04-17	7.8	NULO	23	7
2011-04-18	1.5	NULO	24	9
2011-04-19	8.5	NULO	25	7
2011-04-20	0	NULO	24	8
2011-04-21	0	NULO	22	8
2011-04-22	0	NULO	25	7.5
2011-04-23	0	NULO	25	8.5
2011-04-24	0	NULO	25	7
2011-04-25	0	NULO	26	10
2011-04-26	0	NULO	26	12
2011-04-27	0	NULO	26	12
2011-04-28	0	NULO	20	7
2011-04-29	0	NULO	26	6
2011-04-30	0	NULO	26	9
2011-05-01	0	NULO	25	9
2011-05-02	1.4	NULO	16	9
2011-05-03	0.01	NULO	14	6
2011-05-04	0	NULO	14	4
2011-05-05	0	NULO	20	5
2011-05-06	0	NULO	21	6
2011-05-07	0	NULO	23	6.5
2011-05-08	0	NULO	25	9
2011-05-09	0	NULO	26.5	9
2011-05-10	0	NULO	27	10.5
2011-05-11	0	NULO	27.5	11.5
2011-05-12	0	NULO	27	12
2011-05-13	0	NULO	24	11
2011-05-14	0	NULO	25	9
2011-05-15	0	NULO	23.5	9
2011-05-16	0	NULO	25	10
2011-05-17	0	NULO	26	9
2011-05-18	0	NULO	27	11
2011-05-19	0	NULO	27	12
2011-05-20	0	NULO	28	12
2011-05-21	0	NULO	26.5	12
2011-05-22	0	NULO	24	11.5
2011-05-23	0	NULO	26	11
2011-05-24	0	NULO	28.5	11
2011-05-25	0	NULO	29	13
2011-05-26	0	NULO	25	13
2011-05-27	0	NULO	27	11
2011-05-28	0	NULO	27	11.5
2011-05-29	0	NULO	27	10.5
2011-05-30	0	NULO	23	8.5
2011-05-31	0.01	NULO	21	10
2011-06-01	0.1	NULO	16	8
2011-06-02	0	NULO	20	4
2011-06-03	0	NULO	20	5
2011-06-04	0.01	NULO	18.5	5
2011-06-05	0	NULO	17	8
2011-06-06	0	NULO	19	6.5
2011-06-07	0	NULO	22	5.5
2011-06-08	0	NULO	23	6
2011-06-09	0	NULO	23.5	7.5
2011-06-10	0	NULO	24	8
2011-06-11	0	NULO	23	8
2011-06-12	0	NULO	21	6
2011-06-13	0	NULO	21	6
2011-06-14	0	NULO	21	7
2011-06-15	0	NULO	23	7.5
2011-06-16	0	NULO	23	8.5
2011-06-17	0	NULO	23	10
2011-06-18	0	NULO	21	9
2011-06-19	0	NULO	22	7
2011-06-20	15	NULO	23	9
2011-06-21	13.8	NULO	20	12.5
2011-06-22	43	NULO	21	11
2011-06-23	8.5	NULO	21	11
2011-06-24	13.6	NULO	19	11
2011-06-25	7.4	NULO	18	10.5
2011-06-26	0.5	NULO	17	10
2011-06-27	15.5	NULO	17	9
2011-06-28	40	NULO	16	9
2011-06-29	60	NULO	14	9
2011-06-30	101.5	NULO	11.5	9.5
2011-07-01	42	NULO	15	9.5
2011-07-02	12.5	NULO	14	10
2011-07-03	0.3	NULO	15	10
2011-07-04	0.1	NULO	15	7.5
2011-07-05	0	NULO	14.5	8
2011-07-06	0	NULO	17	8
2011-07-07	0	NULO	19	7.5
2011-07-08	0	NULO	19	8
2011-07-09	0	NULO	19	10.5
2011-07-10	19.8	NULO	18	10
2011-07-11	11.8	NULO	18	10
2011-07-12	0.3	NULO	18	10
2011-07-13	15.5	NULO	16	8.5
2011-07-14	14.5	NULO	14.5	10
2011-07-15	0.1	NULO	16	9
2011-07-16	15.2	NULO	14	8
2011-07-17	14.5	NULO	14	9
2011-07-18	0.2	NULO	16	9
2011-07-19	0.2	NULO	18	7
2011-07-20	3.8	NULO	18	8
2011-07-21	6.5	NULO	20	10
2011-07-22	3.6	NULO	20	11
2011-07-23	0.01	NULO	19	11
2011-07-24	0	NULO	17	7.5
2011-07-25	0	NULO	17	7
2011-07-26	0	NULO	20	7
2011-07-27	0.2	NULO	20	8
2011-07-28	0.2	NULO	19	7
2011-07-29	0.01	NULO	19	8
2011-07-30	4.8	NULO	16	8
2011-07-31	18	NULO	18	8
2011-08-01	10.8	NULO	14	9
2011-08-02	0.3	NULO	16	10
2011-08-03	0	NULO	19	7
2011-08-04	1.3	NULO	20	9
2011-08-05	0	NULO	20	8
2011-08-06	9	NULO	19	10
2011-08-07	3	NULO	20	9
2011-08-08	0	NULO	20	10
2011-08-09	3	NULO	22	10
2011-08-10	8	NULO	23.5	10.5
2011-08-11	9.3	NULO	23	10
2011-08-12	0	NULO	20	10
2011-08-13	0	NULO	20	7
2011-08-14	0	NULO	18	8
2011-08-15	0	NULO	18	7
2011-08-16	0	NULO	18	6.5
2011-08-17	0	NULO	18.5	8
2011-08-18	0	NULO	19	7.5
2011-08-19	0	NULO	21	7.5
2011-08-20	0	NULO	19	7
2011-08-21	24	NULO	17	7
2011-08-22	1.8	NULO	16	10
2011-08-23	0	NULO	19	10
2011-08-24	0	NULO	19	7
2011-08-25	0	NULO	18	7
2011-08-26	0	NULO	18.5	9.5
2011-08-27	0	NULO	18	9.5
2011-08-28	1	NULO	18	8
2011-08-29	0	NULO	17	9
2011-08-30	10.2	NULO	16	8
2011-08-31	1	NULO	16.5	7
2011-09-01	12.8	NULO	18.5	10.5
2011-09-02	22.3	NULO	20	10.5
2011-09-03	2.8	NULO	17	10.5
2011-09-04	0.1	NULO	16	10.5
2011-09-05	21.8	NULO	16.5	10
2011-09-06	8.8	NULO	12	9
2011-09-07	0	NULO	10	3.5
2011-09-08	0	NULO	13	3.5
2011-09-09	0	NULO	15	2
2011-09-10	0.01	NULO	15	3
2011-09-11	8.8	NULO	11	7
2011-09-12	0	NULO	16	7
2011-09-13	0	NULO	18.5	6.5
2011-09-14	0	NULO	19.5	6.5
2011-09-15	0.01	NULO	18	6
2011-09-16	0	NULO	18	6
2011-09-17	0	NULO	16	8
2011-09-18	0	NULO	17	6
2011-09-19	0	NULO	17	6.5
2011-09-20	0	NULO	17	5
2011-09-21	0	NULO	16.5	6
2011-09-22	0	NULO	17	6
2011-09-23	0	NULO	16	9
2011-09-24	0	NULO	18	9
2011-09-25	0	NULO	21.5	6
2011-09-26	0	NULO	20	6.5
2011-09-27	0	NULO	21.5	8
2011-09-28	0	NULO	20	6
2011-09-29	0	NULO	20	6
2011-09-30	7.5	NULO	16	7
2011-10-01	1.8	NULO	10.5	6.5
2011-10-02	1.2	NULO	11	7
2011-10-03	0.3	NULO	13	3.5
2011-10-04	0	NULO	14	6
2011-10-05	0.01	NULO	18	6.5
2011-10-06	0	NULO	17	6.5
2011-10-07	0	NULO	17.5	6.5
2011-10-08	0	NULO	16	7
2011-10-09	0	NULO	18	7
2011-10-10	0	NULO	15	9
2011-10-11	0.01	NULO	17	7
2011-10-12	0.01	NULO	19	8
2011-10-13	11.5	NULO	14	9
2011-10-14	0	NULO	14	5
2011-10-15	0	NULO	14.5	4
2011-10-16	0	NULO	16	1
2011-10-17	0	NULO	16	4
2011-10-18	1.8	NULO	18.5	5
2011-10-19	0	NULO	13	4.5
2011-10-20	0	NULO	18.5	1
2011-10-21	0	NULO	18	2.5
2011-10-22	0	NULO	16	3.5
2011-10-23	0	NULO	16	2
2011-10-24	0	NULO	16	2
2011-10-25	0	NULO	16	0
2011-10-26	0	NULO	18	0
2011-10-27	0	NULO	18	2
2011-10-28	0	NULO	18	4
2011-10-29	0	NULO	17	4
2011-10-30	0	NULO	16	3
2011-10-31	0	NULO	14	-2
2011-11-01	0	NULO	17	-1.5
2011-11-02	0	NULO	20	2
2011-11-03	2.4	NULO	15	4
2011-11-04	0	NULO	15	5
2011-11-05	0	NULO	20	6.5
2011-11-06	0	NULO	14	8
2011-11-07	0	NULO	20	5
2011-11-08	0	NULO	18	9
2011-11-09	0.2	NULO	15	7
2011-11-10	0.1	NULO	10	1
2011-11-11	0	NULO	15	-2.5
2011-11-12	0	NULO	19	3.5
2011-11-13	0	NULO	20.5	6
2011-11-14	0	NULO	22	7
2011-11-15	0	NULO	20	6
2011-11-16	0	NULO	21	5
2011-11-17	4.5	NULO	14	6
2011-11-18	0	NULO	16	5
2011-11-19	0	NULO	16.5	7
2011-11-20	0	NULO	20	7
2011-11-21	0	NULO	20	4
2011-11-22	1.8	NULO	16	7
2011-11-23	5.4	NULO	18	5
2011-11-24	0	NULO	20	5.5
2011-11-25	0	NULO	20	2
2011-11-26	6.8	NULO	15	4
2011-11-27	0.2	NULO	10	0
2011-11-28	0	NULO	12	-3
2011-11-29	0	NULO	16	-2.5
2011-11-30	0	NULO	16	-2
2011-12-01	0	NULO	19.5	0
2011-12-02	0	NULO	19.5	3
2011-12-03	0	NULO	21.5	2
2011-12-04	0	NULO	22	6
2011-12-05	0	NULO	20	6
2011-12-06	0	NULO	16	5.5
2011-12-07	0	NULO	12	3
2011-12-08	0	NULO	18	-1
2011-12-09	0	NULO	17	4
2011-12-10	0	NULO	14	1
2011-12-11	0	NULO	16	3
2011-12-12	0	NULO	16	1
2011-12-13	0	NULO	18	1
2011-12-14	0	NULO	20	2
2011-12-15	1.6	NULO	16	4.5
2011-12-16	0.2	NULO	9	6
2011-12-17	0.1	NULO	9	4
2011-12-18	0	NULO	9	4
2011-12-19	0	NULO	18	3
2011-12-20	0	NULO	20	5
2011-12-21	0	NULO	21	4
2011-12-22	0	NULO	21	6
2011-12-23	0	NULO	17	3.5
2011-12-24	0	NULO	16	3
2011-12-25	0	NULO	16	3
2011-12-26	0	NULO	19	0
2011-12-27	0	NULO	15	5
2011-12-28	0	NULO	15	0.5
2011-12-29	0	NULO	16	2.5
2011-12-30	0	NULO	19	5
2011-12-31	0	NULO	19	5
2012-01-01	5.3	NULO	14	4
2012-01-02	1.5	NULO	4	2.5
2012-01-03	0	NULO	6	-3
2012-01-04	0	NULO	14	0
2012-01-05	0	NULO	10	0
2012-01-06	0	NULO	14	0
2012-01-07	0	NULO	16	2
2012-01-08	0	NULO	20	4
2012-01-09	0	NULO	21	3
2012-01-10	0	NULO	18	3
2012-01-11	0	NULO	18	4
2012-01-12	0	NULO	17	4
2012-01-13	0	NULO	16	0
2012-01-14	0	NULO	14	2
2012-01-15	0	NULO	15	3
2012-01-16	0	NULO	17	3
2012-01-17	0	NULO	20	4
2012-01-18	0	NULO	17	4
2012-01-19	0	NULO	18	4
2012-01-20	0	NULO	20	5
2012-01-21	0	NULO	21	6
2012-01-22	0	NULO	21.5	8
2012-01-23	0	NULO	20	6.5
2012-01-24	0	NULO	21.5	4.5
2012-01-25	1.8	NULO	20	6
2012-01-26	0	NULO	15	4
2012-01-27	0	NULO	16	1
2012-01-28	0.8	NULO	16	3
2012-01-29	2.2	NULO	7	3
2012-01-30	0.01	NULO	12	3
2012-01-31	0	NULO	15	3
2012-02-01	0	NULO	15	4.5
2012-02-02	0	NULO	16	3
2012-02-03	0	NULO	19	4
2012-02-04	0	NULO	20	5.5
2012-02-05	6.5	NULO	15	5
2012-02-06	2.1	NULO	15	3
2012-02-07	8.4	NULO	14	3
2012-02-08	8.2	NULO	7	3
2012-02-09	8.6	NULO	12	3
2012-02-10	9	NULO	11	4.5
2012-02-11	4.6	NULO	9	4
2012-02-12	0.2	NULO	7	2
2012-02-13	0.01	NULO	14	2
2012-02-14	0.5	NULO	17	3.5
2012-02-15	2.5	NULO	17	8
2012-02-16	3.8	NULO	17	7
2012-02-17	0	NULO	21	6
2012-02-18	0	NULO	17	8
2012-02-19	0	NULO	15	6.5
2012-02-20	3.5	NULO	20	4
2012-02-21	14.3	NULO	19	6
2012-02-22	0	NULO	18	6
2012-02-23	0.1	NULO	22.5	8
2012-02-24	2.4	NULO	19	8
2012-02-25	0.1	NULO	9	3
2012-02-26	0	NULO	19	0.5
2012-02-27	0	NULO	19	3
2012-02-28	0	NULO	21	3
2012-02-29	0	NULO	20	3
2012-03-01	0	NULO	23	4
2012-03-02	0	NULO	23.5	7
2012-03-03	0	NULO	24	10
2012-03-04	0	NULO	14	2.5
2012-03-05	0	NULO	16	1
2012-03-06	0	NULO	20	0
2012-03-07	0	NULO	22	2.5
2012-03-08	0	NULO	22	8
2012-03-09	0	NULO	17	4
2012-03-10	7.5	NULO	20	6
2012-03-11	6.5	NULO	20	5.5
2012-03-12	0	NULO	20	6
2012-03-13	0	NULO	19.5	6
2012-03-14	0	NULO	18	4
2012-03-15	0	NULO	17	4
2012-03-16	0	NULO	19	3
2012-03-17	0.4	NULO	22	3
2012-03-18	0.01	NULO	20	5
2012-03-19	0	NULO	23	8
2012-03-20	0	NULO	24	7
2012-03-21	0	NULO	23	4
2012-03-22	0	NULO	22	4
2012-03-23	0	NULO	21	5
2012-03-24	0	NULO	22	6
2012-03-25	0	NULO	20	5.5
2012-03-26	0	NULO	19	4
2012-03-27	0.8	NULO	19	3
2012-03-28	19.5	NULO	19	5
2012-03-29	0.4	NULO	19	4.5
2012-03-30	0.01	NULO	19	6
2012-03-31	0	NULO	21	8
2012-04-01	2.8	NULO	18	5
2012-04-02	0.1	NULO	19	7
2012-04-03	0	NULO	23	8
2012-04-04	0	NULO	23.5	8
2012-04-05	0.01	NULO	22	8
2012-04-06	0	NULO	22	9
2012-04-07	0	NULO	23	7.5
2012-04-08	4.8	NULO	17	8
2012-04-09	0	NULO	16	4
2012-04-10	0	NULO	19	6
2012-04-11	0	NULO	22	5
2012-04-12	0	NULO	23	7
2012-04-13	0	NULO	23.5	7
2012-04-14	0.5	NULO	23.5	7
2012-04-15	0	NULO	23	7.5
2012-04-16	0	NULO	22	8.5
2012-04-17	0	NULO	13.5	8
2012-04-18	0	NULO	16	7
2012-04-19	0	NULO	22.5	6
2012-04-20	0.3	NULO	23.5	7
2012-04-21	0	NULO	18	6
2012-04-22	0	NULO	18	3.5
2012-04-23	0	NULO	18	3
2012-04-24	0	NULO	18	2
2012-04-25	0	NULO	21	7
2012-04-26	0	NULO	22	6.5
2012-04-27	0	NULO	26	5
2012-04-28	0	NULO	25.5	7.5
2012-04-29	0	NULO	26.5	7.5
2012-04-30	0	NULO	22	7
2012-05-01	0	NULO	24	7
2012-05-02	0	NULO	26	6
2012-05-03	0	NULO	26	8
2012-05-04	0	NULO	26	8
2012-05-05	0	NULO	25	8.5
2012-05-06	0	NULO	24	9
2012-05-07	0	NULO	25	10
2012-05-08	0	NULO	25	10
2012-05-09	6.4	NULO	20	9
2012-05-10	0	NULO	23	8
2012-05-11	0	NULO	25	11
2012-05-12	3.3	NULO	20	9
2012-05-13	0	NULO	15	9.5
2012-05-14	0	NULO	17	6
2012-05-15	0	NULO	19	5.5
2012-05-16	0	NULO	17	6
2012-05-17	0	NULO	19	6.5
2012-05-18	0	NULO	21	5
2012-05-19	0	NULO	21	5
2012-05-20	0	NULO	19	5
2012-05-21	0	NULO	17	5
2012-05-22	0	NULO	19	4
2012-05-23	0	NULO	23	6
2012-05-24	0	NULO	25	9
2012-05-25	0	NULO	24	11
2012-05-26	0	NULO	22	10
2012-05-27	0	NULO	22	9
2012-05-28	0	NULO	22	7
2012-05-29	0	NULO	23	5
2012-05-30	0	NULO	24.5	5.5
2012-05-31	0	NULO	26.5	9
2012-06-01	0	NULO	24	10
2012-06-02	0	NULO	23	9.5
2012-06-03	7.5	NULO	23.5	9.5
2012-06-04	2	NULO	23	9.5
2012-06-05	1.8	NULO	23	8
2012-06-06	1	NULO	23	9
2012-06-07	8	NULO	23	8
2012-06-08	0	NULO	21	7
2012-06-09	0	NULO	23	7
2012-06-10	0	NULO	24	9
2012-06-11	0	NULO	24	7
2012-06-12	0	NULO	21	10
2012-06-13	0	NULO	22	9
2012-06-14	0	NULO	20.5	7
2012-06-15	0	NULO	20	8
2012-06-16	7.8	NULO	15.5	10
2012-06-17	4.4	NULO	13	9
2012-06-18	0	NULO	20	9.5
2012-06-19	37.8	NULO	15	10
2012-06-20	6.8	NULO	15	9.5
2012-06-21	3.8	NULO	15	9
2012-06-22	7.2	NULO	19	9
2012-06-23	3.6	NULO	16	7
2012-06-24	0	NULO	17	8
2012-06-25	7.8	NULO	18	8
2012-06-26	0	NULO	17	6
2012-06-27	0	NULO	18	9
2012-06-28	0	NULO	21	9.5
2012-06-29	30	NULO	21	9
2012-06-30	0.4	NULO	20	8.5
2012-07-01	10.3	NULO	18	10
2012-07-02	1.8	NULO	17	9
2012-07-03	0	NULO	17	7
2012-07-04	0	NULO	17	7
2012-07-05	0	NULO	19	7
2012-07-06	0	NULO	13	8
2012-07-07	0	NULO	19	6.5
2012-07-08	0	NULO	20	6.5
2012-07-09	0	NULO	18	7
2012-07-10	0	NULO	19.5	8
2012-07-11	2.7	NULO	20	8
2012-07-12	6.3	NULO	18.5	10
2012-07-13	2.6	NULO	15	10
2012-07-14	21.5	NULO	15	9.5
2012-07-15	6.7	NULO	15	9
2012-07-16	26.5	NULO	17	9
2012-07-17	12.8	NULO	17	10
2012-07-18	4.6	NULO	15	9
2012-07-19	12.7	NULO	15	9
2012-07-20	0.2	NULO	15	9
2012-07-21	4	NULO	17	8
2012-07-22	0	NULO	17	7.5
2012-07-23	0.8	NULO	17.5	9
2012-07-24	0	NULO	17	8.5
2012-07-25	1.5	NULO	17	8.5
2012-07-26	0	NULO	18	8
2012-07-27	0.1	NULO	19	8
2012-07-28	2.4	NULO	18	9
2012-07-29	0.3	NULO	17.5	6
2012-07-30	0	NULO	18.5	6.5
2012-07-31	0	NULO	20	7
2012-08-01	0	NULO	20	7
2012-08-02	0	NULO	22	8
2012-08-03	2	NULO	20	7
2012-08-04	0	NULO	20	10
2012-08-05	0	NULO	19.5	10
2012-08-06	0	NULO	18	8.5
2012-08-07	0	NULO	21	8
2012-08-08	0.01	NULO	18	7
2012-08-09	82.5	NULO	11	8
2012-08-10	6.5	NULO	13	9
2012-08-11	3	NULO	14	10
2012-08-12	0.6	NULO	16	9
2012-08-13	1.8	NULO	15	10
2012-08-14	0	NULO	16	10
2012-08-15	0	NULO	19	10
2012-08-16	0	NULO	19	7.5
2012-08-17	11.5	NULO	14.5	8
2012-08-18	4.4	NULO	17	9
2012-08-19	12.8	NULO	15.5	10
2012-08-20	12.8	NULO	17	10
2012-08-21	0	NULO	16	10.5
2012-08-22	0	NULO	17	9
2012-08-23	34.2	NULO	18	10
2012-08-24	3.8	NULO	16	9
2012-08-25	0	NULO	16.5	9
2012-08-26	1.8	NULO	17	9.5
2012-08-27	0	NULO	17	7.5
2012-08-28	0	NULO	19	9
2012-08-29	0	NULO	19	9
2012-08-30	0	NULO	20	8.5
2012-08-31	0	NULO	19	8
2012-09-01	5	NULO	17	8.5
2012-09-02	0	NULO	18	8
2012-09-03	0	NULO	19	9
2012-09-04	0	NULO	19	7
2012-09-05	0	NULO	20	7
2012-09-06	0	NULO	20	7.5
2012-09-07	0	NULO	21	7
2012-09-08	0	NULO	19	8
2012-09-09	0	NULO	18	9
2012-09-10	1.8	NULO	16	9
2012-09-11	0	NULO	16	9
2012-09-12	19.3	NULO	18.5	10
2012-09-13	0	NULO	17	8.5
2012-09-14	0	NULO	16	9
2012-09-15	0.3	NULO	16	8.5
2012-09-16	0	NULO	17	9
2012-09-17	0	NULO	18	7
2012-09-18	0.01	NULO	19	7
2012-09-19	0	NULO	16	5
2012-09-20	0	NULO	15	5
2012-09-21	0	NULO	16	3
2012-09-22	0	NULO	15	5
2012-09-23	4.6	NULO	14.5	6.5
2012-09-24	10.6	NULO	13.5	8
2012-09-25	0.01	NULO	15	8
2012-09-26	5	NULO	18	9
2012-09-27	0.2	NULO	18	10
2012-09-28	0.1	NULO	16	9
2012-09-29	0.1	NULO	19	10
2012-09-30	2.7	NULO	15	9
2012-10-01	0.01	NULO	15	9
2012-10-02	0	NULO	14	5.5
2012-10-03	0	NULO	16	3
2012-10-04	0	NULO	15	3
2012-10-05	0	NULO	18	2.5
2012-10-06	0	NULO	17.5	4
2012-10-07	0	NULO	18	5
2012-10-08	0	NULO	16	5.5
2012-10-09	0	NULO	19.5	8
2012-10-10	1.4	NULO	18	5
2012-10-11	0	NULO	17	7
2012-10-12	1.7	NULO	16	8
2012-10-13	0	NULO	18.5	8
2012-10-14	0	NULO	20	5.5
2012-10-15	0	NULO	17	3
2012-10-16	0	NULO	18	4
2012-10-17	0	NULO	20	5
2012-10-18	0	NULO	20	5.5
2012-10-19	0	NULO	19	9
2012-10-20	0	NULO	20	6
2012-10-21	0	NULO	19	9
2012-10-22	0	NULO	18	7.5
2012-10-23	0	NULO	19	7
2012-10-24	0	NULO	20	7
2012-10-25	0	NULO	20	3
2012-10-26	0	NULO	19	3
2012-10-27	0	NULO	18	4
2012-10-28	0	NULO	16	5
2012-10-29	0	NULO	17	5.5
2012-10-30	0	NULO	18	5
2012-10-31	0	NULO	16	4
2012-11-01	0	NULO	16	4
2012-11-02	0	NULO	19	4
2012-11-03	2	NULO	18	4.5
2012-11-04	3.3	NULO	12	6.5
2012-11-05	0.01	NULO	10	6.5
2012-11-06	0	NULO	14.5	7
2012-11-07	0	NULO	15	3.5
2012-11-08	0	NULO	16	2
2012-11-09	0	NULO	17	2
2012-11-10	0	NULO	18	2.5
2012-11-11	0	NULO	18	5
2012-11-12	2.6	NULO	13	5
2012-11-13	3.2	NULO	9	6
2012-11-14	0.5	NULO	11	5
2012-11-15	0	NULO	13	5
2012-11-16	0	NULO	13	3
2012-11-17	0.4	NULO	16	3.5
2012-11-18	0	NULO	16	4.5
2012-11-19	0	NULO	16	1
2012-11-20	0	NULO	16.5	5
2012-11-21	0	NULO	14	5
2012-11-22	0	NULO	13.5	6
2012-11-23	0	NULO	13.5	6.5
2012-11-24	0	NULO	13	5
2012-11-25	0	NULO	17	3
2012-11-26	0	NULO	18	3
2012-11-27	0	NULO	12	4
2012-11-28	0	NULO	15	5.5
2012-11-29	0	NULO	18	3
2012-11-30	0	NULO	18	5
2012-12-01	0	NULO	17.5	3
2012-12-02	0	NULO	15	0
2012-12-03	0	NULO	18	3
2012-12-04	0	NULO	17.5	3
2012-12-05	0	NULO	15	3
2012-12-06	0	NULO	17	2
2012-12-07	0	NULO	18	5
2012-12-08	0	NULO	20	5
2012-12-09	0	NULO	22	5.5
2012-12-10	0	NULO	20	6
2012-12-11	0	NULO	14	6
2012-12-12	0	NULO	16	3.5
2012-12-13	0	NULO	18	5
2012-12-14	0	NULO	18	5.5
2012-12-15	0	NULO	22	5.5
2012-12-16	0	NULO	23	6
2012-12-17	0	NULO	18.5	7.5
2012-12-18	0	NULO	18	7
2012-12-19	0	NULO	18	7
2012-12-20	0.01	NULO	15	6
2012-12-21	0	NULO	16	-2
2012-12-22	0	NULO	14	-1
2012-12-23	0	NULO	19	0.5
2012-12-24	0	NULO	21	5
2012-12-25	0	NULO	21	5
2012-12-26	0	NULO	22	6
2012-12-27	0	NULO	22	5.5
2012-12-28	0	NULO	22	5.5
2012-12-29	0	NULO	12	5
2012-12-30	0	NULO	15	1.5
2012-12-31	0	NULO	15	1
2013-01-01	2	NULO	18	5.5
2013-01-02	0	NULO	16	5.5
2013-01-03	0	NULO	14.5	2
2013-01-04	0	NULO	16	3
2013-01-05	0	NULO	14.5	4
2013-01-06	0	NULO	11.5	3
2013-01-07	0	NULO	17	3
2013-01-08	0	NULO	20	5
2013-01-09	0	NULO	22	8
2013-01-10	0	NULO	21	5
2013-01-11	0	NULO	21	5
2013-01-12	0	NULO	21	7.5
2013-01-13	0	NULO	22	6
2013-01-14	0	NULO	23	7
2013-01-15	0	NULO	21	7
2013-01-16	0.01	NULO	12	4
2013-01-17	0.01	NULO	5	-1.5
2013-01-18	0	NULO	9	-5
2013-01-19	0	NULO	15	-2.5
2013-01-20	0	NULO	14	1
2013-01-21	0	NULO	11	1
2013-01-22	0	NULO	15	2
2013-01-23	0	NULO	11	5
2013-01-24	0	NULO	15	2
2013-01-25	0	NULO	17.5	1
2013-01-26	0	NULO	18	1
2013-01-27	0	NULO	18.5	2
2013-01-28	0	NULO	20.5	5
2013-01-29	0	NULO	20	7
2013-01-30	0	NULO	20	5
2013-01-31	0	NULO	14	1
2013-02-01	0	NULO	17	-1.5
2013-02-02	0	NULO	19	1
2013-02-03	0	NULO	16	1
2013-02-04	0	NULO	20.5	4
2013-02-05	0	NULO	21.5	6
2013-02-06	0	NULO	23	7.5
2013-02-07	0	NULO	23.5	8
2013-02-08	0	NULO	19	5
2013-02-09	0	NULO	23	4
2013-02-10	0	NULO	24	7
2013-02-11	0	NULO	24.5	6
2013-02-12	0	NULO	25	7
2013-02-13	0	NULO	16	7
2013-02-14	0	NULO	19	0
2013-02-15	0	NULO	15	3
2013-02-16	0	NULO	7	5
2013-02-17	0	NULO	19	0
2013-02-18	0	NULO	23	2
2013-02-19	0	NULO	20	5
2013-02-20	0	NULO	24	5
2013-02-21	0	NULO	24	8.5
2013-02-22	0	NULO	24	8
2013-02-23	0	NULO	24	7
2013-02-24	0	NULO	24	5.5
2013-02-25	0	NULO	23	9
2013-02-26	0	NULO	16	4
2013-02-27	0	NULO	19	5
2013-02-28	0	NULO	23	3
2013-03-01	0.01	NULO	25	-2.5
2013-03-02	0	NULO	9	-2.5
2013-03-03	0	NULO	16	-5
2013-03-04	0	NULO	20	-2
2013-03-05	0	NULO	20	2
2013-03-06	0	NULO	19	2
2013-03-07	0	NULO	22	2
2013-03-08	0	NULO	21	4
2013-03-09	0	NULO	24	8
2013-03-10	0	NULO	24	8
2013-03-11	0	NULO	13	8
2013-03-12	0	NULO	17	0
2013-03-13	0	NULO	11	2
2013-03-14	0	NULO	11	2.5
2013-03-15	0	NULO	10	2
2013-03-16	2.5	NULO	14	2
2013-03-17	0	NULO	18	4
2013-03-18	0	NULO	22	4
2013-03-19	0	NULO	23	8
2013-03-20	0	NULO	23	8.5
2013-03-21	0	NULO	23	5
2013-03-22	0	NULO	23	8
2013-03-23	0	NULO	23	9
2013-03-24	0	NULO	24	9
2013-03-25	0	NULO	16	4
2013-03-26	0	NULO	19	3
2013-03-27	0	NULO	20	0
2013-03-28	0	NULO	20	2
2013-03-29	0	NULO	22.5	3
2013-03-30	0	NULO	24	3
2013-03-31	0	NULO	26	7
2013-04-01	0	NULO	26	9
2013-04-02	0	NULO	26	10
2013-04-03	0	NULO	21	10
2013-04-04	0	NULO	23	11
2013-04-05	0	NULO	17	10
2013-04-06	0	NULO	23	7
2013-04-07	0	NULO	25	8
2013-04-08	0	NULO	26	10
2013-04-09	0	NULO	26	10.5
2013-04-10	0	NULO	25	10.5
2013-04-11	0	NULO	25	11
2013-04-12	0	NULO	25.5	9
2013-04-13	0	NULO	26	4
2013-04-14	0	NULO	25.5	8
2013-04-15	0	NULO	28	8
2013-04-16	0	NULO	28	11
2013-04-17	0	NULO	28	12
2013-04-18	0	NULO	28	12
2013-04-19	0	NULO	16	11
2013-04-20	0	NULO	22	4
2013-04-21	0	NULO	26	4
2013-04-22	0	NULO	24	7
2013-04-23	1.2	NULO	25	10
2013-04-24	1.2	NULO	25	10
2013-04-25	0	NULO	21	9
2013-04-26	0	NULO	24	7
2013-04-27	0	NULO	25	7.5
2013-04-28	0	NULO	25	6
2013-04-29	0	NULO	25	7
2013-04-30	0	NULO	24	8
2013-05-01	0	NULO	25	10
2013-05-02	0	NULO	24	9
2013-05-03	0	NULO	14	7
2013-05-04	0	NULO	23	2.5
2013-05-05	0	NULO	23	7
2013-05-06	0	NULO	24.5	3
2013-05-07	0	NULO	23.5	5
2013-05-08	0	NULO	25	8
2013-05-09	0	NULO	25	10
2013-05-10	0	NULO	26	12
2013-05-11	0	NULO	20	11.5
2013-05-12	3.5	NULO	17	9
2013-05-13	1.7	NULO	12.5	8
2013-05-14	1	NULO	17.5	8.5
2013-05-15	0.7	NULO	22	7
2013-05-16	0	NULO	23.5	9
2013-05-17	0	NULO	24	10
2013-05-18	0.1	NULO	26	10
2013-05-19	0.01	NULO	26	10
2013-05-20	0	NULO	26	12
2013-05-21	0	NULO	26.5	13
2013-05-22	0	NULO	26.5	13
2013-05-23	0	NULO	28	13
2013-05-24	0	NULO	22	8
2013-05-25	0	NULO	20	10
2013-05-26	0	NULO	20.5	10
2013-05-27	0	NULO	19.5	7.5
2013-05-28	0	NULO	21	9
2013-05-29	0	NULO	23	7
2013-05-30	0	NULO	24.5	10
2013-05-31	0	NULO	22	8
2013-06-01	0	NULO	20	10
2013-06-02	20	NULO	21	10
2013-06-03	0	NULO	23	10
2013-06-04	0	NULO	24	9
2013-06-05	0	NULO	23	8.5
2013-06-06	0	NULO	24	7.5
2013-06-07	0	NULO	23	7.5
2013-06-08	0	NULO	24	7.5
2013-06-09	5.9	NULO	23	10
2013-06-10	2.8	NULO	19	7.5
2013-06-11	4	NULO	19.5	8.5
2013-06-12	42.4	NULO	21	10.5
2013-06-13	5.5	NULO	11.5	9
2013-06-14	0.01	NULO	19	10
2013-06-15	0	NULO	19	9
2013-06-16	0	NULO	20	10
2013-06-17	0	NULO	19	9
2013-06-18	0	NULO	19	7.5
2013-06-19	29.5	NULO	17	7.5
2013-06-20	15.7	NULO	13	10
2013-06-21	5.5	NULO	12.5	9
2013-06-22	0.4	NULO	16	10
2013-06-23	0	NULO	18	9
2013-06-24	0	NULO	19	10
2013-06-25	0	NULO	19	10
2013-06-26	0	NULO	20	10
2013-06-27	0	NULO	20	7.5
2013-06-28	0	NULO	19	8
2013-06-29	0	NULO	20	7.5
2013-06-30	0	NULO	20	7.5
2013-07-01	0	NULO	21	7
2013-07-02	0	NULO	17	8
2013-07-03	0	NULO	18	7.5
2013-07-04	16.4	NULO	19	7
2013-07-05	26	NULO	16.5	9
2013-07-06	23.8	NULO	18	9
2013-07-07	23.5	NULO	16.5	10
2013-07-08	4.4	NULO	15.5	9.5
2013-07-09	0	NULO	18	7.5
2013-07-10	0	NULO	18	7.5
2013-07-11	2.2	NULO	18	7.5
2013-07-12	0	NULO	18	7.5
2013-07-13	0	NULO	18	8
2013-07-14	0	NULO	18.5	8
2013-07-15	0	NULO	20	8
2013-07-16	0	NULO	17	7
2013-07-17	0	NULO	17	8.5
2013-07-18	0	NULO	17.5	9
2013-07-19	0	NULO	18.5	9
2013-07-20	17.2	NULO	19	8
2013-07-21	0	NULO	18.5	9
2013-07-22	0	NULO	18	9.5
2013-07-23	0	NULO	18	10
2013-07-24	0	NULO	20	9
2013-07-25	0	NULO	18	8
2013-07-26	0	NULO	20	7.5
2013-07-27	0	NULO	22	7
2013-07-28	0	NULO	21	7
2013-07-29	0	NULO	21	7
2013-07-30	0	NULO	20	7.5
2013-07-31	0	NULO	20	8
2013-08-01	0	NULO	20	8
2013-08-02	0	NULO	20	7.5
2013-08-03	0	NULO	21	7
2013-08-04	0	NULO	17	7
2013-08-05	0	NULO	18	6.5
2013-08-06	0	NULO	22	6.5
2013-08-07	0	NULO	22	8
2013-08-08	0	NULO	22	7.5
2013-08-09	0.01	NULO	22	8
2013-08-10	1.9	NULO	14	8
2013-08-11	15.2	NULO	17	9
2013-08-12	0.1	NULO	18	9
2013-08-13	0	NULO	17	9
2013-08-14	0.8	NULO	17.5	5.5
2013-08-15	0	NULO	17.5	9
2013-08-16	0	NULO	19.5	6
2013-08-17	0	NULO	18.5	6.5
2013-08-18	0	NULO	16	6
2013-08-19	0	NULO	17	7.5
2013-08-20	7	NULO	17	8
2013-08-21	1	NULO	17	9
2013-08-22	1.7	NULO	17	9
2013-08-23	1.4	NULO	17	9
2013-08-24	3.4	NULO	17	9
2013-08-25	22.8	NULO	16	9
2013-08-26	13.8	NULO	14	9
2013-08-27	13.4	NULO	16	9
2013-08-28	0	NULO	16	7
2013-08-29	3.4	NULO	16	7
2013-08-30	0	NULO	16.5	8
2013-08-31	0	NULO	19.5	8
2013-09-01	0.01	NULO	19	8.5
2013-09-02	0	NULO	18	7.5
2013-09-03	1.3	NULO	16	10
2013-09-04	0	NULO	16	9
2013-09-05	19.5	NULO	14	9
2013-09-06	20	NULO	12	9
2013-09-07	1.5	NULO	12	9
2013-09-08	0.2	NULO	14	9
2013-09-09	10.5	NULO	15.5	9
2013-09-10	3	NULO	17	8
2013-09-11	8.8	NULO	16	10
2013-09-12	18.8	NULO	14	10
2013-09-13	38.7	NULO	13.5	9.5
2013-09-14	12.8	NULO	14	9
2013-09-15	0.7	NULO	21	9
2013-09-16	16	NULO	17	9
2013-09-17	0.8	NULO	16	10.5
2013-09-18	8.8	NULO	15	9.5
2013-09-19	0	NULO	17	9.5
2013-09-20	2	NULO	18	10
2013-09-21	1.8	NULO	14	10
2013-09-22	1.2	NULO	14	8
2013-09-23	1.8	NULO	NULO	NULO
2013-09-24	0	NULO	NULO	NULO
2013-09-25	0.3	NULO	23	12
2013-09-26	37.4	NULO	24	12
2013-09-27	7.5	NULO	26	13.5
2013-09-28	0	NULO	25	14
2013-09-29	0	NULO	26	14.5
2013-09-30	0	NULO	26	14.5
2013-10-01	0	NULO	26	12.5
2013-10-02	0	4.43	25	12
2013-10-03	0	4.37	25	12
2013-10-04	0	3.76	27	10
2013-10-05	0	4.18	20	10
2013-10-06	5.3	5.88	23.5	11
2013-10-07	1.7	NULO	17	12.5
2013-10-08	0	NULO	22.5	10
2013-10-09	0	2.4	24	10
2013-10-10	0	3.1	25	12.5
2013-10-11	0	3.82	27	13
2013-10-12	0	2.68	21	13.5
2013-10-13	0	2.3	26	14
2013-10-14	0	4.31	26	12
2013-10-15	0	4.21	26	11
2013-10-16	0	3.73	27	12
2013-10-17	0	4.45	25	11
2013-10-18	0	3	27	13
2013-10-19	0.4	2.9	23	14
2013-10-20	7	1.9	19	12.5
2013-10-21	5	NULO	23	13
2013-10-22	8.5	NULO	17.5	13
2013-10-23	0.4	NULO	14	12
2013-10-24	0.2	NULO	19	9
2013-10-25	0.4	2.48	18	10
2013-10-26	1.5	NULO	18	9
2013-10-27	0.2	NULO	21	12
2013-10-28	0	2	23	11
2013-10-29	0	4.17	25	12
2013-10-30	0.5	3.23	25	13
2013-10-31	1.4	1.94	26	14
2013-11-01	1.9	1.33	21	13
2013-11-02	1.7	1.73	18	13
2013-11-03	0	NULO	23	7
2013-11-04	0	3.25	18	7.5
2013-11-05	0	6.65	24	11
2013-11-06	0	5.07	22	11
2013-11-07	0.3	4.93	20	11.5
2013-11-08	0	0.27	19	10
2013-11-09	0	2.4	21	10
2013-11-10	0	2.84	19	11
2013-11-11	0.6	1.89	18	9
2013-11-12	17.8	0.67	17	10
2013-11-13	9.2	NULO	10.5	7
2013-11-14	0	NULO	19	6
2013-11-15	0	NULO	25	7.5
2013-11-16	0	2.24	18	12
2013-11-17	0	3.53	27	13
2013-11-18	0	3.5	24	12
2013-11-19	0	2.75	20	11
2013-11-20	0	1.35	25	11
2013-11-21	0	2.8	17	11
2013-11-22	0	3	23	12
2013-11-23	0.6	2.85	19	14
2013-11-24	0	1.8	22	11
2013-11-25	0	3.4	17	12
2013-11-26	0	2.3	17	5
2013-11-27	0.1	NULO	NULO	NULO
2013-11-28	0	1.14	19	2.5
2013-11-29	0	0.11	19	3.5
2013-11-30	0	4.27	19	6
2013-12-01	0	3.6	26	7
2013-12-02	0	4.1	25	9
2013-12-03	0	4.3	29	10
2013-12-04	0	3.8	28	12
2013-12-05	0	4.75	22	13
2013-12-06	0	6.1	24	13
2013-12-07	0	4.9	26	10
2013-12-08	0	3.45	26	12
2013-12-09	0	5.77	18	12.5
2013-12-10	0	3.98	19	10
2013-12-11	0	2.35	22	10
2013-12-12	0.01	4.05	17	10
2013-12-13	0	1.9	25	7
2013-12-14	0	2.84	22	10
2013-12-15	0	4.46	19	7
2013-12-16	0	1.4	22	3
2013-12-17	0	4.3	22	3
2013-12-18	0	3.48	22	5
2013-12-19	0	2.7	25	7
2013-12-20	0.2	4.3	20	12
2013-12-21	0	3.6	27	12
2013-12-22	0	5.6	17	11
2013-12-23	0	3.5	17	11
2013-12-24	0	3.3	16	5
2013-12-25	3.8	2	15	5
2013-12-26	1.2	NULO	16	5
2013-12-27	8	NULO	11	7
2013-12-28	0	0.3	13	6.5
2013-12-29	0	NULO	20	7
2013-12-30	0.2	1.9	19	9
2013-12-31	0.01	1.15	16	8
2014-01-01	0	2.3	22.5	7
2014-01-02	0.2	0.85	13.5	9
2014-01-03	0	1.85	18	4.5
2014-01-04	0	3.8	20	5
2014-01-05	0	3.9	23	7
2014-01-06	0	2.8	14	7
2014-01-07	0	0.8	14	3
2014-01-08	0	2.7	23	3
2014-01-09	0	5.4	22	8
2014-01-10	0	2.6	25	10
2014-01-11	0	3.1	22	11.5
2014-01-12	0	3.45	25	7
2014-01-13	0	4.55	23.5	7
2014-01-14	0	4.6	12	7
2014-01-15	0	3.3	15	7
2014-01-16	0	2.4	20	2
2014-01-17	0	3.15	17	8
2014-01-18	0	3.65	20	3
2014-01-19	0	3	19	4
2014-01-20	0	5.4	23.5	5.5
2014-01-21	0	5.08	18.5	6
2014-01-22	0	4.07	24.5	3
2014-01-23	0	5.45	27	5
2014-01-24	0	2.2	20	10
2014-01-25	0	4.4	25	6
2014-01-26	0	5.58	26	10
2014-01-27	0	5.22	23.5	10
2014-01-28	0	3.2	25	7
2014-01-29	0.01	0.9	15	6
2014-01-30	0	5.38	25	2
2014-01-31	0	5.12	15	7.5
2014-02-01	0	4.45	14.5	6
2014-02-02	0	6.35	14.5	6
2014-02-03	0	4.2	26	8
2014-02-04	0	5.55	22	11
2014-02-05	0	4.15	24	10
2014-02-06	0	4.95	14	6
2014-02-07	0	4.95	17	8
2014-02-08	0	5.85	15	10
2014-02-09	0	6.55	26	10
2014-02-10	0	6.2	20	9
2014-02-11	0	4.8	18	10
2014-02-12	0	5.2	25	10
2014-02-13	0	6.4	28	9
2014-02-14	0	8.4	27	9
2014-02-15	0	7.45	26	9
2014-02-16	0	9.85	28	8
2014-02-17	0	4.6	28	9
2014-02-18	0	6.7	28.5	7.5
2014-02-19	0	6.8	29	8
2014-02-20	0	5.55	29	8
2014-02-21	0	3.4	22	11
2014-02-22	0	5.45	25	10
2014-02-23	0	5.1	25	12
2014-02-24	0	4.55	28	12
2014-02-25	0	5.45	29	11
2014-02-26	0	4.7	27.5	12
2014-02-27	0	4.6	25	12
2014-02-28	0	7.2	NULO	NULO
2014-03-01	0	6.4	30	12
2014-03-02	0	6.1	29	14
2014-03-03	8.3	4.4	23	14.5
2014-03-04	0	6.8	28	11
2014-03-05	0	8.8	28	12
2014-03-06	0	4.8	22	8
2014-03-07	0	5.9	29	7.5
2014-03-08	0	8.05	29	12
2014-03-09	0	3.2	29	10
2014-03-10	0	4.45	27	11
2014-03-11	0	2.75	25	11
2014-03-12	0	1.66	23	12
2014-03-13	0	4.45	23	8
2014-03-14	0	8.07	30	7
2014-03-15	0	7.57	25.5	13
2014-03-16	0.01	8.05	24	13
2014-03-17	0	2.46	18	6
2014-03-18	0	7.09	20	8
2014-03-19	0	6.6	19	11
2014-03-20	0	3.65	25	13
2014-03-21	0	8.4	25	12
2014-03-22	2.2	6.8	33	15
2014-03-23	0.01	5.18	30	13.5
2014-03-24	0.01	6.02	31	13
2014-03-25	1.9	6.7	23	11
2014-03-26	0	4.8	31	11
2014-03-27	0	6.85	19	12.5
2014-03-28	0	6.95	31	11.5
2014-03-29	0	5.74	23	13
2014-03-30	0.2	4.86	26	11
2014-03-31	0	4.1	31	11
2014-04-01	0	7.2	31	13
2014-04-02	1.2	7	31	15
2014-04-03	0	8.65	30	15
2014-04-04	0	7.45	24	13
2014-04-05	0	7.45	24	13
2014-04-06	0	11.65	33	15
2014-04-07	0	8	22	15
2014-04-08	0	6.5	21	11
2014-04-09	0	6.05	22	8.5
2014-04-10	0	8.3	28	8
2014-04-11	0	1	25	11
2014-04-12	0	1.1	32	13
2014-04-13	0	9.15	24	15
2014-04-14	14	7.8	30	17
2014-04-15	0	11.81	27	21
2014-04-16	0.2	2.89	29	17
2014-04-17	0.1	6.22	30	12
2014-04-18	0	4.98	23	12
2014-04-19	0	5.3	24	11
2014-04-20	0	6.15	29.5	12
2014-04-21	0	9.15	29	11.5
2014-04-22	0	6.85	28	13
2014-04-23	0	8.55	31	13.5
2014-04-24	0	9.05	31.5	17
2014-04-25	16.7	10.55	29	14
2014-04-26	0.8	5.25	23	12
2014-04-27	0	8.1	30	14
2014-04-28	0	9.3	32	15
2014-04-29	0	6.7	32	17
2014-04-30	0	3	NULO	NULO
2014-05-01	0.2	3	24	12
2014-05-02	0.2	2.1	22	10
2014-05-03	0.1	3.5	22	15
2014-05-04	0	1.6	22	10
2014-05-05	0	8.6	24	12
2014-05-06	0	9.75	25	14
2014-05-07	15.7	6.35	27	16
2014-05-08	1.6	2.6	21.5	14
2014-05-09	0	0.4	23	13
2014-05-10	0	4.9	28	12.5
2014-05-11	2.7	6.1	30	15
2014-05-12	1.7	8.8	30	14
2014-05-13	4.9	0.8	29	15
2014-05-14	2.6	0.3	17	13
2014-05-15	0.01	2.02	14	8
2014-05-16	0	0.68	23	5
2014-05-17	0	6.6	27	8
2014-05-18	0	1	27	12
2014-05-19	0	5.4	27	8
2014-05-20	0	4.6	25	8
2014-05-21	0	4.9	27	9
2014-05-22	0	9.9	26	11
2014-05-23	0	4.6	25	14
2014-05-24	2.8	5.25	27	15
2014-05-25	3.4	0.35	19	15
2014-05-26	2.4	0.65	25	15
2014-05-27	0	2.35	26	14
2014-05-28	0	3.7	22	15
2014-05-29	0	9	22.5	16
2014-05-30	0.4	5.1	26	15
2014-05-31	0	0.65	22	13
2014-06-01	0	5.85	22	11
2014-06-02	0	5.15	24	14
2014-06-03	8.3	5.35	22.5	14
2014-06-04	0.01	5.5	23	14
2014-06-05	12.2	3.1	23	14.5
2014-06-06	16.2	3.8	21	14
2014-06-07	3.5	2.15	25	14
2014-06-08	0	5.05	25	15
2014-06-09	0	3.2	28	15
2014-06-10	0	5.4	27	16
2014-06-11	0	6.9	27	14
2014-06-12	0	5.9	29	14.5
2014-06-13	0	4.4	29	14.5
2014-06-14	0	8.8	30	15
2014-06-15	0	4.2	29	12
2014-06-16	0	5.64	20	13
2014-06-17	1	1.76	28	15
2014-06-18	0.4	7.1	24	15
2014-06-19	1.1	2.55	24.5	16
2014-06-20	0.2	2.05	23	15
2014-06-21	1	1.45	26.5	15
2014-06-22	2.3	5.65	26	15.5
2014-06-23	25	0.2	25	15
2014-06-24	29	1	24	15
2014-06-25	16	7.75	23	15
2014-06-26	13.2	5.2	25	15
2014-06-27	42	3.92	20	15
2014-06-28	21	8	20	15
2014-06-29	7.5	6.95	24	13
2014-06-30	0	2.95	NULO	NULO
2014-07-01	1.5	1.9	23.5	13
2014-07-02	0.2	NULO	22.5	13
2014-07-03	2.4	1.7	20	14
2014-07-04	4.6	1.4	20	14
2014-07-05	3.2	1.65	20	12
2014-07-06	2	3.2	21	12
2014-07-07	0.2	2.85	22	12
2014-07-08	1.8	3.15	25	13
2014-07-09	38.8	3.15	25	15
2014-07-10	0.2	2.5	24	15
2014-07-11	0	5.7	23	14
2014-07-12	0.8	5.3	24	10
2014-07-13	0	4.9	23.5	12
2014-07-14	0	5.5	23.5	11
2014-07-15	0	4.3	25	11.5
2014-07-16	22.2	8	25.5	13.5
2014-07-17	9	7	28	14
2014-07-18	0.2	3.87	27	16
2014-07-19	20	10.13	27	15
2014-07-20	0	6.6	27	15
2014-07-21	0	6.6	27	13
2014-07-22	0	6.35	26	13.5
2014-07-23	2	5.55	25	14
2014-07-24	0	5.4	24	11
2014-07-25	0	4.3	26	12
2014-07-26	0	5.3	26	14
2014-07-27	0	4.85	26	12.5
2014-07-28	0	5.85	25	13
2014-07-29	2	5.5	25	12
2014-07-30	0	6.4	25	13
2014-07-31	0	5.55	27	14
2014-08-01	0	4.55	27	12.5
2014-08-02	0	5.65	26	13
2014-08-03	0	5.75	25	11
2014-08-04	0	4.9	25	13
2014-08-05	0	6.53	25	12
2014-08-06	0.4	3.67	25	12
2014-08-07	0.6	4.9	25	14
2014-08-08	1	2.6	25	14
2014-08-09	2	1.4	26	13
2014-08-10	0	4.9	26	14
2014-08-11	6	5.7	25.5	12.5
2014-08-12	7	0.75	26	13
2014-08-13	0	0.5	24	12.5
2014-08-14	0	2.73	25	11
2014-08-15	0	5.97	27	12.5
2014-08-16	0	4.3	26.5	13
2014-08-17	0	3.5	27.5	13
2014-08-18	11.8	6.65	24	14
2014-08-19	18.8	3.65	26	14
2014-08-20	0.3	4.85	25	12.5
2014-08-21	0.01	4.2	24	13
2014-08-22	0	5.85	25	11.5
2014-08-23	0	4.3	25	13.5
2014-08-24	0	5.4	26	13.5
2014-08-25	0	5.8	27	11
2014-08-26	0	5.65	27	12
2014-08-27	0	4.95	15	12
2014-08-28	0	5.76	15	13
2014-08-29	0	5.81	NULO	NULO
2014-08-30	0	3.9	NULO	NULO
2014-08-31	1	4.75	NULO	NULO
2014-09-01	0	5.15	NULO	NULO
2014-09-02	37	7.05	NULO	NULO
2014-09-03	11.2	1.4	NULO	NULO
2014-09-04	5.6	2.6	NULO	NULO
2014-09-05	0	4	NULO	NULO
2014-09-06	0	4.5	NULO	NULO
2014-09-07	12.4	3	NULO	NULO
2014-09-08	1.8	1.7	NULO	NULO
2014-09-09	0	2.4	NULO	NULO
2014-09-10	0	6.9	NULO	NULO
2014-09-11	0	4.9	19	13
2014-09-12	0	2.2	23	12
2014-09-13	0	4.9	25	12
2014-09-14	9.5	3.05	22	13
2014-09-15	0	3.05	23	13
2014-09-16	0.2	2	22	13
2014-09-17	0	3.3	27	13
2014-09-18	6	6.45	27	13.5
2014-09-19	13.5	7.85	29	12.5
2014-09-20	0.4	3.2	28	12
2014-09-21	0.4	3	26	13
2014-09-22	4	3	24	15
2014-09-23	40	4.6	24	13
2014-09-24	0.7	1.6	20	13
2014-09-25	0.5	3.75	24	13
2014-09-26	0.8	2.6	24	13
2014-09-27	1.5	4.15	25	13
2014-09-28	2	3.25	24	13
2014-09-29	2	1.35	22.5	14
2014-09-30	NULO	1.2	NULO	NULO
2014-10-01	8.7	1.2	26.5	14
2014-10-02	0.8	4.8	27	14
2014-10-03	8.5	3.4	25	14
2014-10-04	9.8	1.75	21	13
2014-10-05	0.2	1.6	23	13.5
2014-10-06	0.3	2.45	25	13.5
2014-10-07	0	3.88	25	12
2014-10-08	0	5.02	25	9
2014-10-09	0	4.9	25	10
2014-10-10	8	5	24	11
2014-10-11	0	2.87	21	12
2014-10-12	1.3	3.2	24	12
2014-10-13	10.8	1.2	27	12.5
2014-10-14	0	2.47	18	8
2014-10-15	0	3.3	23	7.5
2014-10-16	0	4	25.5	7
2014-10-17	0	3.9	20	10
2014-10-18	8.5	4	21	12
2014-10-19	15.3	3.33	20	14
2014-10-20	16	NULO	20	13.5
2014-10-21	7.5	NULO	19	12.5
2014-10-22	2.1	NULO	22	13
2014-10-23	0.2	NULO	21	12
2014-10-24	1.2	NULO	19	10
2014-10-25	0	NULO	22	10
2014-10-26	0	4.5	22	7
2014-10-27	0	4.8	25	7
2014-10-28	0	3.45	27	11
2014-10-29	0	4.5	25	9
2014-10-30	0	3.8	23	6
2014-10-31	0.4	3.6	19	9.5
2014-11-01	0.3	2.2	16	7
2014-11-02	0	0.2	21	8
2014-11-03	0	2.6	25	8.5
2014-11-04	0	4	26.5	10
2014-11-05	0	3	27	10
2014-11-06	0	4.6	24	11
2014-11-07	0.6	4.38	26	12
2014-11-08	0	1.62	22	12
2014-11-09	0.01	2.2	18	9
2014-11-10	0	1.5	25.5	8
2014-11-11	13	3.2	20	12
2014-11-12	0.4	NULO	22	7
2014-11-13	0.01	1.7	18	9
2014-11-14	0	1.9	24	8
2014-11-15	0	3.56	25	9
2014-11-16	0	3.89	27	10
2014-11-17	0.01	3.55	24	12.5
2014-11-18	0.01	3.82	15.5	10
2014-11-19	0	1.73	19	5
2014-11-20	0.01	0.65	23	7
2014-11-21	2	2	24	11.5
2014-11-22	0	1	27	12
2014-11-23	0	3.1	27.5	12
2014-11-24	0	5.9	26	12
2014-11-25	0	3.3	21	10.5
2014-11-26	0	3	21	3
2014-11-27	0	1.7	18	2
2014-11-28	0	4.45	19	3.5
2014-11-29	0	2.15	24	4
2014-11-30	0	3.5	26.5	8.5
2014-12-01	0	3	23.5	6
2014-12-02	0	2.3	20	8
2014-12-03	0	2.75	22.5	6
2014-12-04	0	3.55	24	8.5
2014-12-05	0	2.75	24	8.5
2014-12-06	0	2.45	21	9
2014-12-07	1	2.9	21	10
2014-12-08	0.6	2.6	19	10
2014-12-09	0	1.6	15	10
2014-12-10	0	3.8	19	10
2014-12-11	0	0.4	19	9
2014-12-12	0	1.6	19	9
2014-12-13	2.5	2.55	22	9
2014-12-14	0	1.45	24	11
2014-12-15	0	2.8	23.5	11
2014-12-16	0	2.75	20	11
2014-12-17	0	3.45	24	9.5
2014-12-18	0	3.45	26	11
2014-12-19	0	3.45	26	11
2014-12-20	0	3.9	25.5	12
2014-12-21	0	3.8	26	11
2014-12-22	0	3.8	25	10
2014-12-23	0.5	3.95	22	12
2014-12-24	6	4.32	13	9
2014-12-25	0.1	0.27	22	5
2014-12-26	0	3	25	9
2014-12-27	0	3.28	22	11
2014-12-28	0	3.07	22	11.5
2014-12-29	0	2.95	26.5	10
2014-12-30	0	4.3	27	10.5
2014-12-31	0	4	22	10
2015-01-01	0	3.4	25	10
2015-01-02	0	3.2	26	10
2015-01-03	0	5	22.5	10
2015-01-04	0.01	4.1	13	10
2015-01-05	0.3	1.9	13	2
2015-01-06	0.01	1.25	17	2.5
2015-01-07	6.8	1.35	20	10
2015-01-08	0.1	4.25	12	6
2015-01-09	0	0.55	20	5
2015-01-10	0	2.4	20.5	7
2015-01-11	0	2.3	24	7.5
2015-01-12	0	4.5	22	9
2015-01-13	0	4.1	21.5	6
2015-01-14	0	1.85	22.5	7
2015-01-15	0	4.75	24.5	8
2015-01-16	0	2.2	22	5
2015-01-17	0	4.44	26	5
2015-01-18	0	4.16	20	7
2015-01-19	0	3	24.5	7
2015-01-20	0	4.5	22	8
2015-01-21	6.4	5.4	27	13
2015-01-22	0	3.65	27	12
2015-01-23	0.1	4.25	25	10
2015-01-24	0	2.5	17	5
2015-01-25	0	2.9	23	7
2015-01-26	0	2.55	22	5
2015-01-27	0	3.95	25	5.5
2015-01-28	0	5.7	24	8
2015-01-29	0	5	24	7
2015-01-30	0	3.7	20	6
2015-01-31	0	4.3	25	6
2015-02-01	0	4.7	27	7.5
2015-02-02	0.7	5.9	16	9
2015-02-03	0	0.6	22	9.5
2015-02-04	0	3.9	25	9.5
2015-02-05	0	4.5	19	10
2015-02-06	0	4.55	21.5	6
2015-02-07	0	4.05	24	3
2015-02-08	0	5.9	27	5
2015-02-09	0	6.6	23.5	8
2015-02-10	0	6	24	5
2015-02-11	0	5.1	27	6
2015-02-12	7.5	5.65	19.5	10
2015-02-13	0	3.55	15	8
2015-02-14	0	2.2	19	8
2015-02-15	0	2.1	25	8
2015-02-16	0	3	26.5	9.5
2015-02-17	0.01	5.9	26	13.5
2015-02-18	0	5.5	24	6
2015-02-19	0	3.25	24.5	5
2015-02-20	0	5.1	28	6
2015-02-21	0	6.05	30	13
2015-02-22	0	7.1	30	13
2015-02-23	0	7.3	25	9
2015-02-24	0	6.7	30	10
2015-02-25	0	5.3	30	11.5
2015-02-26	0	9.9	29	12
2015-02-27	0	6.8	23.5	7.5
2015-02-28	0	3	27.5	6.5
2015-03-01	0	7.8	28	7.5
2015-03-02	0	5.2	25	9
2015-03-03	0	7.8	28	9
2015-03-04	0	7.95	31	9
2015-03-05	0	2.95	22.5	10
2015-03-06	0	4.4	18	4.5
2015-03-07	0	6.7	22.5	6
2015-03-08	0	4.9	27	8.5
2015-03-09	10.4	4.15	27	9
2015-03-10	13.5	3.2	21	11
2015-03-11	7.5	5.05	19	7
2015-03-12	0	2.6	19	7
2015-03-13	3.5	3.2	22.5	7
2015-03-14	19.8	2.2	14	9
2015-03-15	12	0.65	13	9
2015-03-16	6	2.6	20	4
2015-03-17	0	3.05	23	10
2015-03-18	0	4.75	26	12
2015-03-19	3	5.05	28	13
2015-03-20	23	9.6	24.5	12.5
2015-03-21	0	2.7	25	10
2015-03-22	0	4.6	25	13
2015-03-23	1	2.6	22	9.5
2015-03-24	1.8	5.25	27	13
2015-03-25	0	6.15	28	13
2015-03-26	24.5	10.3	27.5	12.5
2015-03-27	3.3	2.4	19	11
2015-03-28	0.01	2.7	23	10
2015-03-29	0	6.05	23.5	11.5
2015-03-30	0	6.8	25.5	9.5
2015-03-31	0	6.25	28	9
2015-04-01	0	6.25	29	10
2015-04-02	0	5.8	27	14
2015-04-03	0	6.6	29	14.5
2015-04-04	0	7	24	12.5
2015-04-05	0	5.2	26	10
2015-04-06	0	5.2	26	10
2015-04-07	0	7.3	27	10.5
2015-04-08	0	6.3	27	11
2015-04-09	0	4.75	30	10
2015-04-10	0	6.25	26	9.5
2015-04-11	0.8	6	25	14
2015-04-12	0	3.2	26.5	14
2015-04-13	0.4	4.35	27	13.5
2015-04-14	8	4.05	29	13
2015-04-15	8	5.8	27	12.5
2015-04-16	0	5.6	30	12
2015-04-17	0.8	6	30	14
2015-04-18	0	2.2	28.5	14
2015-04-19	0	4.3	30	14
2015-04-20	0	7.7	31	14
2015-04-21	0.3	6	30	16
2015-04-22	3.2	4	30	15
2015-04-23	3.8	9.55	30	14.5
2015-04-24	0	1.65	30	14.5
2015-04-25	4.6	6	29.5	14.5
2015-04-26	0	4.2	31	14.5
2015-04-27	0	NULO	30	16
2015-04-28	3	NULO	25	16
2015-04-29	17	NULO	24	11
2015-04-30	0	NULO	23.5	11
2015-05-01	0	NULO	25	11.5
2015-05-02	0	NULO	24	9
2015-05-03	0	NULO	26.5	9.5
2015-05-04	0	NULO	27	11.5
2015-05-05	0	NULO	30.5	13
2015-05-06	0	NULO	31	15
2015-05-07	0	NULO	29.5	13.5
2015-05-08	0	NULO	30.5	15
2015-05-09	0	NULO	30.5	16
2015-05-10	0	NULO	32	15
2015-05-11	0	NULO	30	14
2015-05-12	3.5	NULO	25.5	15.5
2015-05-13	0	NULO	25.5	11.5
2015-05-14	0	NULO	25.5	13
2015-05-15	0.3	NULO	29	13.5
2015-05-16	0.5	NULO	30	13
2015-05-17	4.4	NULO	29.5	13.5
2015-05-18	0	NULO	29	13.5
2015-05-19	0	NULO	28	13
2015-05-20	0	NULO	30	13.5
2015-05-21	1.5	NULO	28	14
2015-05-22	0	NULO	25.5	13
2015-05-23	0	NULO	25.5	13
2015-05-24	6.6	NULO	27	14
2015-05-25	0	NULO	27	14
2015-05-26	0	NULO	29	13
2015-05-27	3	NULO	28	14.5
2015-05-28	0	NULO	25	13.5
2015-05-29	0	NULO	23	14
2015-05-30	0.01	NULO	24	13
2015-05-31	0	NULO	24.5	13
2015-06-01	0	NULO	22	13.5
2015-06-02	0	NULO	25	10.5
2015-06-03	0	NULO	26.5	12
2015-06-04	0	NULO	26.5	11
2015-06-05	1.7	NULO	26.5	13
2015-06-06	0	NULO	24	16
2015-06-07	0	NULO	27.5	15
2015-06-08	0	NULO	27	10
2015-06-09	0	NULO	26	11.5
2015-06-10	0	NULO	28	11
2015-06-11	0	NULO	29.5	13.5
2015-06-12	0	NULO	29.5	14
2015-06-13	0	NULO	28	14.5
2015-06-14	23	NULO	24	15
2015-06-15	22.3	NULO	24.5	15
2015-06-16	2.5	NULO	25	15
2015-06-17	0.3	NULO	26	15.5
2015-06-18	0	NULO	24.5	16
2015-06-19	0	NULO	25	15
2015-06-20	2.5	NULO	25.5	15
2015-06-21	1.7	NULO	26	15.5
2015-06-22	4.4	NULO	25	16
2015-06-23	0	NULO	23	15.5
2015-06-24	0	NULO	23	14.5
2015-06-25	0	NULO	23.5	13
2015-06-26	0	NULO	25.5	14
2015-06-27	0	NULO	25.5	13.5
2015-06-28	0	NULO	25	14
2015-06-29	1.8	NULO	23	14
2015-06-30	1.5	NULO	25	15
2015-07-01	1	NULO	25	14.5
2015-07-02	28.5	NULO	25	14
2015-07-03	14.8	NULO	24	14
2015-07-04	5.8	NULO	24	14
2015-07-05	1.5	NULO	24	14.5
2015-07-06	0	NULO	25	14
2015-07-07	0	NULO	25	13
2015-07-08	0	NULO	25	13
2015-07-09	0.5	NULO	24	12
2015-07-10	1.5	NULO	23.5	13
2015-07-11	0	NULO	23	13
2015-07-12	0	NULO	23.5	13
2015-07-13	0	NULO	25.5	11
2015-07-14	0	NULO	26.5	11
2015-07-15	0.9	NULO	28.5	12
2015-07-16	2	NULO	27	12.5
2015-07-17	0	NULO	25	12
2015-07-18	3	NULO	27	13
2015-07-19	12.4	NULO	26	13
2015-07-20	15	NULO	26	13.4
2015-07-21	38	NULO	26.5	12.5
2015-07-22	7.5	NULO	25	11.5
2015-07-23	32	NULO	25.5	13
2015-07-24	0	NULO	26	13
2015-07-25	0	NULO	27	13.5
2015-07-26	0	NULO	29	13
2015-07-27	0	NULO	28	13.5
2015-07-28	0	NULO	28	13
2015-07-29	0	NULO	26	13
2015-07-30	0	NULO	26	14
2015-07-31	0	NULO	26.5	13
2015-08-01	0	NULO	26.5	12
2015-08-02	0	NULO	26.5	12.5
2015-08-03	0	NULO	27	14
2015-08-04	0	NULO	27	13
2015-08-05	0	NULO	28	13
2015-08-06	0	NULO	28	13
2015-08-07	2.7	NULO	29.5	13.5
2015-08-08	0.5	NULO	29	13
2015-08-09	0	NULO	29	13
2015-08-10	0	NULO	27	13
2015-08-11	4.6	NULO	24	13
2015-08-12	1.4	NULO	23.5	13
2015-08-13	0	NULO	23	12
2015-08-14	0	NULO	25.5	11
2015-08-15	0	NULO	27	11
2015-08-16	5	NULO	28	13
2015-08-17	6.8	NULO	24.5	14
2015-08-18	0	NULO	27.5	13.5
2015-08-19	3.2	NULO	29	15.5
2015-08-20	15.3	NULO	29	14.5
2015-08-21	1	NULO	25.5	14
2015-08-22	0	NULO	25	13
2015-08-23	0	NULO	25.5	13.5
2015-08-24	0	NULO	26	12
2015-08-25	0	NULO	23.5	12
2015-08-26	9.8	NULO	24	13.5
2015-08-27	2	NULO	22	12
2015-08-28	0.3	NULO	22	12.5
2015-08-29	1.7	NULO	22.5	11
2015-08-30	0	NULO	24	13
2015-08-31	1	NULO	25.5	13.5
2015-09-01	6	NULO	26	14
2015-09-02	1	NULO	26	14.5
2015-09-03	0	NULO	25.5	14
2015-09-04	8.5	NULO	19	14.5
2015-09-05	0	NULO	24.5	14
2015-09-06	0	NULO	25	11.5
2015-09-07	0	NULO	27	15
2015-09-08	0	NULO	27.5	11
2015-09-09	0	NULO	27	12.5
2015-09-10	8	NULO	26	12
2015-09-11	0	NULO	27	13
2015-09-12	1	NULO	23.5	15
2015-09-13	1.5	NULO	20	14.5
2015-09-14	0	NULO	24	14.5
2015-09-15	0.2	NULO	24.5	13.5
2015-09-16	32.4	NULO	20.5	14.5
2015-09-17	3.5	NULO	22.5	15.5
2015-09-18	0	NULO	24.5	13.5
2015-09-19	0	NULO	25	11
2015-09-20	0	NULO	25	12
2015-09-21	0	NULO	25	13
2015-09-22	0	NULO	22.5	12
2015-09-23	1	NULO	23	11
2015-09-24	3.5	NULO	23.5	11.5
2015-09-25	1	NULO	21.5	13
2015-09-26	0	NULO	24	12
2015-09-27	0	NULO	24	11.5
2015-09-28	0.1	NULO	23.5	11.5
2015-09-29	0	NULO	23.5	13
2015-09-30	0	NULO	21.5	13
2015-10-01	1.5	NULO	21.5	13
2015-10-02	0	NULO	23.5	8.5
2015-10-03	0	NULO	25.5	9
2015-10-04	0	NULO	27	10.5
2015-10-05	0	NULO	25	12
2015-10-06	0	NULO	26	12.5
2015-10-07	0	NULO	27	11
2015-10-08	0	NULO	27	11.5
2015-10-09	0	NULO	25	13
2015-10-10	0	NULO	24.5	13
2015-10-11	0	NULO	26	12
2015-10-12	0	NULO	26.5	13
2015-10-13	0	NULO	27	13
2015-10-14	1.4	NULO	21.5	14
2015-10-15	1.5	NULO	22	11
2015-10-16	3.7	NULO	19	9
2015-10-17	15	NULO	16	11
2015-10-18	13.5	NULO	15.5	11
2015-10-19	0.2	NULO	16	9
2015-10-20	0.01	NULO	24	10
2015-10-21	0	NULO	24.5	10.5
2015-10-22	5.5	NULO	26.5	9
2015-10-23	0.2	NULO	25	11
2015-10-24	0	NULO	24.5	11.5
2015-10-25	0	NULO	24	11.5
2015-10-26	0	NULO	24.5	12
2015-10-27	0	NULO	26.5	13
2015-10-28	45.5	NULO	26.5	13.5
2015-10-29	2.5	NULO	26	14
2015-10-30	0.4	NULO	25.5	14
2015-10-31	0.2	NULO	25	15
2015-11-01	0	NULO	22	15
2015-11-02	0.01	NULO	23	13.5
2015-11-03	0.5	NULO	25	13
2015-11-04	0	NULO	26	13.5
2015-11-05	0	NULO	25.5	12
2015-11-06	0	NULO	25	13
2015-11-07	12.8	NULO	23.5	13.5
2015-11-08	1.5	NULO	17.5	12
2015-11-09	0.01	NULO	25	12.5
2015-11-10	0	NULO	25	12.5
2015-11-11	0	NULO	24.5	12
2015-11-12	2.4	NULO	24	13
2015-11-18	0	NULO	19	12.5
2015-11-19	0	NULO	15.5	14.5
2015-11-20	0	NULO	15	13.5
2015-11-26	0	NULO	22	12
2015-11-27	0	NULO	17.5	12
2015-11-28	0	NULO	20	13
2015-11-29	0	NULO	22	10.5
2015-11-30	0	NULO	22.5	9
2015-12-01	0	NULO	25	9
2015-12-02	1.2	NULO	19	9.5
2015-12-03	0.01	NULO	12.5	10
2015-12-04	0	NULO	15	6.5
2015-12-05	0	NULO	13.5	7.5
2015-12-06	0	NULO	15.5	7
2015-12-07	0	NULO	18	8
2015-12-08	0	NULO	21.5	9.5
2015-12-09	0	NULO	19	10
2015-12-10	0	NULO	22	9
2015-12-11	0	NULO	25	8
2015-12-12	0	NULO	25	9
2015-12-13	0	NULO	20.5	13
2015-12-14	0	NULO	24.5	9.5
2015-12-15	0	NULO	25	9.5
2015-12-16	0	NULO	26	10
2015-12-17	0	NULO	25.5	11
2015-12-18	0.01	NULO	12	6.5
2015-12-19	0	NULO	14.5	7
2015-12-20	0	NULO	24.5	7
2015-12-21	0	NULO	23.5	12
2015-12-22	4	NULO	25	11
2015-12-23	0.01	NULO	21	13
2015-12-24	0	NULO	24	11
2015-12-25	0	NULO	25	12
2015-12-26	0	NULO	25	12
2015-12-27	0	NULO	25	13.5
2015-12-28	0	NULO	24	12.5
2015-12-29	0	NULO	26	12
2015-12-30	0	NULO	26	12
2015-12-31	0	NULO	20	10
2016-01-01	0.1	NULO	15	10
2016-01-02	0	NULO	20	8.5
2016-01-03	0	NULO	19	9
2016-01-04	0.01	NULO	14	7
2016-01-05	0	NULO	18	7
2016-01-06	0	NULO	22	8.5
2016-01-07	0	NULO	20	5
2016-01-08	0	NULO	22.5	8.5
2016-01-09	0	NULO	23	7.5
2016-01-10	0	NULO	17	5
2016-01-11	0	NULO	15	4
2016-01-12	0	NULO	15.5	5
2016-01-13	0.2	NULO	12.5	5.5
2016-01-14	0.1	NULO	21	7
2016-01-15	0	NULO	23	8.5
2016-01-16	0	NULO	12	9
2016-01-17	0	NULO	22	3
2016-01-18	0	NULO	16	5
2016-01-19	0	NULO	20	6
2016-01-20	0	NULO	21.5	7
2016-01-21	0	NULO	23	8.5
2016-01-22	0	NULO	18	6
2016-01-23	0	NULO	20	1.5
2016-01-24	0	NULO	23.5	3
2016-01-25	0	NULO	25	7
2016-01-26	0	NULO	22	11
2016-01-27	0	NULO	18	6.5
2016-01-28	0	NULO	17	1
2016-01-29	0	NULO	18	3
2016-01-30	0	NULO	22	7
2016-01-31	0	NULO	25	11
2016-02-01	0	NULO	25.5	10
2016-02-02	0	NULO	27	10
2016-02-03	0	NULO	25	12
2016-02-04	0	NULO	12	4
2016-02-05	0	NULO	23	3
2016-02-06	0	NULO	10.5	1
2016-02-07	0	NULO	17	2
2016-02-08	0	NULO	19	3
2016-02-09	0	NULO	12	5
2016-02-10	0	NULO	14	5.5
2016-02-11	0	NULO	20	2
2016-02-12	0	NULO	19	4
2016-02-13	0	NULO	19	3
2016-02-14	0	NULO	20	2.5
2016-02-15	0	NULO	23	5
2016-02-16	0	NULO	23	6.5
2016-02-17	0	NULO	20	6
2016-02-18	0	NULO	22	3.5
2016-02-19	0	NULO	22	4
2016-02-20	0	NULO	22	8
2016-02-21	0	NULO	26	6
2016-02-22	0	NULO	26	8.5
2016-02-23	0	NULO	26	11
2016-02-24	0	NULO	22	8
2016-02-25	0	NULO	23	8
2016-02-26	0.01	NULO	17	5
2016-02-27	0.2	NULO	19	4
2016-02-28	0	NULO	23.5	6
2016-02-29	0	NULO	23	9
2016-03-01	3	NULO	22	9
2016-03-02	0	NULO	19	10
2016-03-03	0	NULO	23	9
2016-03-04	0	NULO	20	10
2016-03-05	0	NULO	23	7.5
2016-03-06	0	NULO	25	7.5
2016-03-07	0	NULO	26	9.5
2016-03-08	0.2	NULO	25	11
2016-03-09	6	NULO	19	10
2016-03-10	0	NULO	20	6
2016-03-11	0	NULO	22	7.5
2016-03-12	0	NULO	25	6.5
2016-03-13	0	NULO	27	10
2016-03-14	0	NULO	27.5	12
2016-03-15	0	NULO	30.5	12.5
2016-03-16	0	NULO	20.5	14.5
2016-03-17	0	NULO	27	14
2016-03-18	0	NULO	17.5	14.5
2016-03-19	0	NULO	22	12.5
2016-03-20	0	NULO	13	9
2016-03-21	0	NULO	14	6
2016-03-22	0	NULO	25	4.5
2016-03-23	0.3	NULO	22.5	10
2016-03-24	1	NULO	27	13
2016-03-25	0	NULO	28	10
2016-03-26	0	NULO	28	11
2016-03-27	0	NULO	28.5	15
2016-03-28	0	NULO	27	13.5
2016-03-29	0	NULO	29	13
2016-03-30	0	NULO	30	14
2016-03-31	0	NULO	31	15
2016-04-01	0	NULO	30	15
2016-04-02	0	NULO	18	15
2016-04-03	0	NULO	24	8
2016-04-04	0	NULO	25	8
2016-04-05	0	NULO	24	8.5
2016-04-06	0	NULO	24	11
2016-05-01	0	NULO	33	13
2016-05-02	0	NULO	33	13.5
2016-05-03	0	NULO	30	13
2016-05-04	0	NULO	26	13
2016-05-05	0	NULO	26	11
2016-05-06	0	NULO	26.5	10
2016-05-07	0	NULO	30	11
2016-05-08	0	NULO	31	12.5
2016-05-09	24.5	NULO	31	12.5
2016-05-10	4.4	NULO	29	13
2016-05-11	17.3	NULO	27	12
2016-05-12	2.6	NULO	25	12.5
2016-05-13	0	NULO	23	12
2016-05-14	0	NULO	23	13
2016-05-15	49.8	NULO	26	13
2016-05-16	0	NULO	26	13
2016-05-17	0	NULO	29	13
2016-05-18	0	NULO	30	15.5
2016-05-19	0	NULO	29	13
2016-05-20	0	NULO	30	13
2016-05-21	0	NULO	30	13
2016-05-22	0	NULO	32	13
2016-05-23	0	NULO	33	15
2016-05-24	0	NULO	32	15
2016-05-25	0	NULO	32	15
2016-05-26	3.7	NULO	27	15.5
2016-05-27	4.5	NULO	29	15
2016-05-28	0	NULO	27	13
2016-05-29	0	NULO	27	14.5
2016-05-30	0	NULO	27	14
2016-05-31	0	NULO	27	14
2016-06-01	0	NULO	29	15
2016-06-02	20	NULO	27	16
2016-06-03	0	NULO	24	15
2016-06-04	0	NULO	26	11
2016-06-05	0	NULO	26	11
2016-06-06	0	NULO	25	11
2016-06-07	38	NULO	25	10
2016-06-08	0.2	NULO	25.5	12
2016-06-09	0	NULO	25.5	12.5
2016-06-10	12	NULO	25	13
2016-06-11	0.01	NULO	25	13.5
2016-06-12	1	NULO	25	13.5
2016-06-13	39.5	NULO	25	13
2016-06-14	0.3	NULO	25	13
2016-06-15	3.5	NULO	25.5	12.5
2016-06-16	0	NULO	26	13.5
2016-06-17	0	NULO	24	14
2016-06-18	10.5	NULO	26	14.5
2016-06-19	4	NULO	24	13
2016-06-20	50	NULO	17	13.5
2016-06-21	6.5	NULO	22	13
2016-06-22	0	NULO	22	10.5
2016-06-23	1.5	NULO	24	10
2016-06-24	4.2	NULO	23.5	12
2016-06-25	0.3	NULO	23	13
2016-06-26	0.2	NULO	22	14
2016-06-27	0.2	NULO	23.5	13
2016-06-28	0	NULO	23	12.5
2016-06-29	0	NULO	24.5	13
2016-06-30	0	NULO	24	11.5
2016-07-01	0	NULO	24	13
2016-07-02	0.01	NULO	25	13.5
2016-07-03	0	NULO	27	13.5
2016-07-04	0	NULO	23	13
2016-07-05	0.9	NULO	26	13
2016-07-06	6.8	NULO	24	12.5
2016-07-07	0.3	NULO	25	12
2016-07-08	0	NULO	25	11.5
2016-07-09	0	NULO	25.5	11.5
2016-07-10	0	NULO	24	12.5
2016-07-11	20.5	NULO	25	11.5
2016-07-12	0.2	NULO	24	13
2016-07-13	0.01	NULO	24	13
2016-07-14	0.2	NULO	24	13
2016-07-15	0	NULO	24	12.5
2016-07-16	0	NULO	24.5	12
2016-07-17	0	NULO	24.5	11
2016-07-18	0	NULO	24.5	11
2016-07-19	0	NULO	25	11
2016-07-20	3.5	NULO	21	12.5
2016-07-21	0.5	NULO	21.5	13.5
2016-07-22	1.5	NULO	24	12
2016-07-23	13.7	NULO	24	12
2016-07-24	3.5	NULO	24	11
2016-07-25	2.7	NULO	24	12
2016-07-26	0	NULO	25	12
2016-07-27	0	NULO	24	13
2016-07-28	40.5	NULO	22	13
2016-07-29	0	NULO	22.5	12
2016-07-30	0	NULO	22.5	12.5
2016-07-31	3.2	NULO	23	11.5
2016-08-01	1.8	NULO	23.5	10
2016-08-02	0	NULO	24.5	11
2016-08-03	0	NULO	26	10
2016-08-04	0	NULO	24	10
2016-08-05	26.8	NULO	20	11
2016-08-06	3.2	NULO	22.2	11.5
2016-08-07	0	NULO	21	12
2016-08-08	39	NULO	23	12
2016-08-09	3	NULO	25	14
2016-08-10	17.8	NULO	25	14
2016-08-11	0	NULO	24.5	12.5
2016-08-12	0	NULO	25	13
2016-08-13	0	NULO	25	13
2016-08-14	0	NULO	25	11
2016-08-15	4.5	NULO	23	10
2016-08-16	4	NULO	25	9.5
2016-08-17	1.5	NULO	23	15
2016-08-18	0.2	NULO	24	13.5
2016-08-19	0	NULO	25	12
2016-08-20	0	NULO	25.5	12.5
2016-08-21	7	NULO	24.5	12.5
2016-08-22	0.2	NULO	22.5	11
2016-08-23	1.3	NULO	22.5	10
2016-08-24	0	NULO	23	11
2016-08-25	0	NULO	24	12.5
2016-08-26	20.2	NULO	24	13
2016-08-27	0	NULO	24	12.5
2016-08-28	0	NULO	24	12.5
2016-08-29	0	NULO	24	13
2016-08-30	0	NULO	15	10
2016-08-31	1.4	NULO	25	10
2016-09-01	8.5	NULO	19	12
2016-09-02	1.4	NULO	23	12
2016-09-03	1.3	NULO	20	14
2016-09-04	26	NULO	22.5	13
2016-09-05	2	NULO	22	13.5
2016-09-06	0	NULO	23	13
2016-09-07	0	NULO	22.5	10
2016-09-08	0	NULO	24	10
2016-09-09	0	NULO	25	9
2016-09-10	0	NULO	25	8
2016-09-11	0	NULO	24.5	9.5
2016-09-12	0	NULO	24.5	9
2016-09-13	0	NULO	25	9
2016-09-14	0	NULO	24	12
2016-09-15	0	NULO	24	10
2016-09-16	1	NULO	24	10
2016-09-17	1	NULO	NULO	NULO
2016-09-18	0.8	NULO	NULO	NULO
2016-09-19	0.5	NULO	NULO	NULO
2016-09-20	3.8	NULO	NULO	NULO
2016-09-21	1	NULO	NULO	NULO
2016-09-22	2.2	NULO	NULO	NULO
2016-09-23	0	NULO	NULO	NULO
2016-09-24	0	NULO	NULO	NULO
2016-09-25	0.4	NULO	NULO	NULO
2016-09-26	0.3	NULO	NULO	NULO
2016-09-27	65	NULO	NULO	NULO
2016-09-28	2.4	NULO	NULO	NULO
2016-09-29	0.3	NULO	NULO	NULO
2016-09-30	0.01	NULO	24	14
2016-10-01	0	NULO	24	12
2016-10-02	0	NULO	25	12
2016-10-03	0	NULO	27	12
2016-10-04	0	NULO	30	13
2016-10-05	0	NULO	30	15
2016-10-06	0	NULO	29	16
2016-10-07	1.7	NULO	27	14
2016-10-08	28	NULO	25	16
2016-10-09	18	NULO	20	16
2016-10-10	0.01	NULO	22	16
2016-10-11	0	NULO	25	12
2016-10-12	0.3	NULO	27	15
2016-10-13	0	NULO	26	15
2016-10-14	0	NULO	26	13.5
2016-10-15	0	NULO	27	13
2016-10-16	0	NULO	27	13.5
2016-10-17	0	NULO	28	13
2016-10-18	0	NULO	28	13
2016-10-19	0	NULO	27	13
2016-10-20	4.8	NULO	25	13
2016-10-21	3.5	NULO	20	14.5
2016-10-22	3.8	NULO	20	14
2016-10-23	0.01	NULO	23.5	14
2016-10-24	0	NULO	23.5	14
2016-10-25	0	NULO	23.5	13
2016-10-26	3	NULO	23.5	12
2016-10-27	1.8	NULO	22	14
2016-10-28	1.6	NULO	20	13
2016-10-29	0	NULO	21	11.5
2016-10-30	0	NULO	23.5	11.5
2016-10-31	0	NULO	25.5	12
2016-11-01	0.01	NULO	28	14
2016-11-02	0.01	NULO	26.5	13
2016-11-03	8.3	NULO	25.5	15
2016-11-04	14.5	NULO	22	14
2016-11-05	0.3	NULO	21.5	12.5
2016-11-06	0	NULO	22.5	12
2016-11-07	0.3	NULO	27	12.5
2016-11-08	19	NULO	23.5	13.5
2016-11-09	7.4	NULO	15.5	13
2016-11-10	0.5	NULO	15.5	12
2016-11-11	1.3	NULO	20	12
2016-11-12	0.01	NULO	19.5	14
2016-11-13	0.1	NULO	22	13
2016-11-14	0.3	NULO	22	13
2016-11-15	0.01	NULO	20.5	14
2016-11-16	1	NULO	20.5	13
2016-11-17	0.4	NULO	25	13
2016-11-18	7.4	NULO	25.5	13
2016-11-19	3	NULO	15	12
2016-11-20	0.4	NULO	17.5	10
2016-11-21	0.01	NULO	15.5	10
2016-11-22	0	NULO	25.5	10.5
2016-11-23	0	NULO	23	12.5
2016-11-24	0	NULO	24	12
2016-11-25	0.01	NULO	22.5	10
2016-11-26	0	NULO	25	12
2016-11-27	0	NULO	27	11.5
2016-11-28	0	NULO	29.5	10.5
2016-11-29	0	NULO	30.5	13
2016-11-30	0	NULO	28.5	13
2016-12-01	0	NULO	28	13.5
2016-12-02	0	NULO	28.5	13.5
2016-12-03	0	NULO	21.5	15
2016-12-04	0	NULO	30	15.5
2016-12-05	0	NULO	30.5	15.5
2016-12-06	0	NULO	30	13.5
2016-12-07	0	NULO	30	12
2016-12-08	0	NULO	27	15
2016-12-09	0.01	NULO	20	13
2016-12-10	0.01	NULO	22	12.5
2016-12-11	0	NULO	27	12.5
2016-12-12	0	NULO	29	13
2016-12-13	0	NULO	29	12.5
2016-12-14	0	NULO	29	11.5
2016-12-15	0	NULO	27	13
2016-12-16	0	NULO	28	11
2016-12-17	0	NULO	30	11
2016-12-18	3.3	NULO	25.5	14
2016-12-19	0.01	NULO	22	13
2016-12-20	0	NULO	22	12.5
2016-12-21	0	NULO	25	11
2016-12-22	0	NULO	24.5	10
2016-12-23	0	NULO	25.5	10.5
2016-12-24	0	NULO	29	11
2016-12-25	0	NULO	29	12.5
2016-12-26	0	NULO	27	13.5
2016-12-27	0	NULO	25	12
2016-12-28	0	NULO	25.5	13
2016-12-29	0	NULO	25.5	10.5
2016-12-30	0	NULO	25.5	11
2016-12-31	0	NULO	25	11.5
2017-01-01	0	NULO	27	13
2017-01-02	0	NULO	30	12.5
2017-01-03	0	NULO	29	12.5
2017-01-04	0	NULO	25	12.5
2017-01-05	0	NULO	32	13
2017-01-06	0	NULO	30	13.5
2017-01-07	0	NULO	20	10
2017-01-08	0	NULO	20	6
2017-01-09	0	NULO	21.5	5
2017-01-10	0	NULO	27	6
2017-01-11	0	NULO	29	7
2017-01-12	0	NULO	27	9
2017-01-13	0	NULO	27	9
2017-01-14	0	NULO	27	9
2017-01-15	0	NULO	27	9
2017-01-16	0	NULO	28	11
2017-01-17	0	NULO	29	11.5
2017-01-18	0	NULO	29	12.5
2017-01-19	0	NULO	29	13.5
2017-01-20	0	NULO	29	13.5
2017-01-21	0	NULO	30	13
2017-01-22	0	NULO	29.5	13.5
2017-01-23	0	NULO	28	13.5
2017-01-24	0	NULO	31	11.5
2017-01-25	0	NULO	32	12.5
2017-01-26	0	NULO	29	11
2017-01-27	0	NULO	31.5	11
2017-01-28	0	NULO	21	8
2017-01-29	0	NULO	10	7.5
2017-01-30	0	NULO	22	7
2017-01-31	0	NULO	29	8
2017-02-01	0	NULO	29	10
2017-02-02	0	NULO	26	11
2017-02-03	0	NULO	25	12
2017-02-04	0	NULO	24	11.5
2017-02-05	0	NULO	26	10.5
2017-02-06	0	NULO	28	13
2017-02-07	0	NULO	29	12.5
2017-02-08	0	NULO	31	12.5
2017-02-09	0	NULO	26	12.5
2017-02-10	0	NULO	28	9.5
2017-02-11	0	NULO	31	10
2017-02-12	0	NULO	30	11
2017-02-13	0	NULO	29.5	9
2017-02-14	0	NULO	30	12
2017-02-15	0	NULO	29	12
2017-02-16	0	NULO	28.5	11.5
2017-02-17	0	NULO	31.5	11.5
2017-02-18	0	NULO	30.5	13
2017-02-19	0	NULO	31	12.5
2017-02-20	0	NULO	29.5	13
2017-02-21	0	NULO	26.5	11
2017-02-22	0	NULO	28.5	9
2017-02-23	0	NULO	31.5	12.5
2017-02-24	0	NULO	31.5	14
2017-02-25	0	NULO	26	11.5
2017-02-26	0	NULO	32	10
2017-02-27	0	NULO	32	15
2017-02-28	0	NULO	33	15
2017-03-01	0	NULO	32	15
2017-03-02	0	NULO	26	13
2017-03-03	0	NULO	22	13.5
2017-03-04	1.5	NULO	26	11.5
2017-03-05	0	NULO	26.5	12
2017-03-06	0	NULO	29	12
2017-03-07	0	NULO	30	12.5
2017-03-08	0	NULO	25	13
2017-03-09	12.5	NULO	26	12.5
2017-03-10	0.01	NULO	28	11.5
2017-03-11	0.5	NULO	29	13
2017-03-12	14.9	NULO	23.5	14
2017-03-13	0.2	NULO	26	12
2017-03-14	1.4	NULO	25.5	11
2017-03-15	0.3	NULO	24	11
2017-03-16	0.01	NULO	25	11
2017-03-17	0	NULO	25.5	11
2017-03-18	0	NULO	25	10.5
2017-03-19	0	NULO	25	11
2017-03-20	0	NULO	27	10
2017-03-21	0	NULO	24	10.5
2017-03-22	0	NULO	29.5	11.5
2017-03-23	0	NULO	29.5	10
2017-03-24	0	NULO	34	9
2017-03-25	0	NULO	30.5	15
2017-03-26	2.4	NULO	33	14.3
2017-03-27	0	NULO	34.5	15
2017-03-28	0	NULO	33	15
2017-03-29	0	NULO	33	15
2017-03-30	0	NULO	32	15
2017-03-31	0	NULO	33	15.5
2017-04-01	0	NULO	34.5	15
2017-04-02	0	NULO	34.5	18.5
2017-04-03	0	NULO	34.5	19
2017-04-04	0	NULO	34	15
2017-04-05	0	NULO	31	17.5
2017-04-06	0	NULO	27	12
2017-04-07	0	NULO	32	12
2017-04-08	0	NULO	32	11
2017-04-09	0	NULO	33	12.5
2017-04-10	0	NULO	34	14
2017-04-11	0	NULO	34	15.5
2017-04-12	0	NULO	32	13
2017-04-13	0	NULO	28	14.5
2017-04-14	0	NULO	28	12
2017-04-15	0	NULO	30	13
2017-04-16	1.7	NULO	30	13.5
2017-04-17	1	NULO	30	13
2017-04-18	1.4	NULO	29	12.5
2017-04-19	0	NULO	26	10
2017-04-20	0	NULO	27.5	9.5
2017-04-21	0	NULO	30.5	10.5
2017-04-22	0	NULO	32	14
2017-04-23	0	NULO	26	14
2017-04-24	0.01	NULO	25	12
2017-04-25	0	NULO	34	14
2017-04-26	0	NULO	35	18
2017-04-27	0	NULO	35	16
2017-04-28	0	NULO	31	18
2017-04-29	0	NULO	37	19
2017-04-30	0	NULO	36	17.5
2017-05-01	0	NULO	33	11
2017-05-02	0.2	NULO	35	13
2017-05-03	0	NULO	35	18
2017-05-04	0.01	NULO	26	17
2017-05-05	0	NULO	29	12
2017-05-06	0	NULO	25	14
2017-05-07	3.5	NULO	33	16
2017-05-08	8.4	NULO	32	18
2017-05-09	0.2	NULO	30	15.5
2017-05-10	0	NULO	33	16.5
2017-05-11	0	NULO	34.5	17.5
2017-05-12	0	NULO	30.5	17
2017-05-13	0	NULO	33	16.5
2017-05-14	0	NULO	32	18
2017-05-15	0	NULO	36	19
2017-05-16	0	NULO	36	14
2017-05-17	0	NULO	30	20
2017-05-18	0	NULO	37	19
2017-05-19	0	NULO	37	19
2017-05-20	0	NULO	36	19
2017-05-21	0	NULO	33	19.5
2017-05-22	0	NULO	36	18
2017-05-23	0	NULO	37	18
2017-05-24	0	NULO	36	18
2017-05-25	0	NULO	34	18.5
2017-05-26	0	NULO	35	18.5
2017-05-27	0	NULO	35	17.5
2017-05-28	22.5	NULO	33	18
2017-05-29	7.4	NULO	28	17
2017-05-30	1.8	NULO	24	15
2017-05-31	0	NULO	23	15
2017-06-01	0	NULO	27	16.5
2017-06-02	0	NULO	30	16
2017-06-03	0	NULO	32	16.5
2017-06-04	0	NULO	34	16
2017-06-05	0	NULO	35	16.5
2017-06-06	0	NULO	34	18.5
2017-06-07	0.01	NULO	29	18.5
2017-06-08	0	NULO	30	17
2017-06-09	0	NULO	30	16
2017-06-10	0	NULO	31	16
2017-06-11	0	NULO	32	17
2017-06-12	1.2	NULO	30	16
2017-06-13	0	NULO	30	17
2017-06-14	0.01	NULO	27	16
2017-06-15	0	NULO	30	16
2017-06-16	0	NULO	31	15
2017-06-17	0	NULO	32	15
2017-06-18	0	NULO	32	14.5
2017-06-19	0	NULO	30	15
2017-06-20	0	NULO	26.5	13.5
2017-06-21	0	NULO	30	13.5
2017-06-22	0	NULO	33	16
2017-06-23	0	NULO	34	16.5
2017-06-24	0.01	NULO	30	18
2017-06-25	0.01	NULO	27	16.5
2017-06-26	25	NULO	27	17
2017-06-27	23	NULO	26	17
2017-06-28	8.5	NULO	30	16.5
2017-06-29	8.5	NULO	27.5	17
2017-06-30	8.5	NULO	27.5	16
2017-07-01	7	NULO	26.5	16.5
2017-07-02	0	NULO	26.5	15
2017-07-03	0	NULO	29	16
2017-07-04	0	NULO	28.5	17.5
2017-07-05	0	NULO	29	13.5
2017-07-06	0	NULO	27	15
2017-07-07	6	NULO	24	15.5
2017-07-08	9.4	NULO	24	16.5
2017-07-09	1.5	NULO	24	16.5
2017-07-10	2.7	NULO	24	17
2017-07-11	35.7	NULO	26.5	17
2017-07-12	0.3	NULO	27.5	17
2017-07-13	0	NULO	28.5	17
2017-07-14	0	NULO	28.5	15
2017-07-15	0	NULO	27	13
2017-07-16	0	NULO	29	14
2017-07-17	0.2	NULO	29	14
2017-07-18	0.1	NULO	29	15
2017-07-19	0	NULO	29	16
2017-07-20	0	NULO	29	15
2017-07-21	0	NULO	29.5	15.3
2017-07-22	0	NULO	29.5	16
2017-07-23	0	NULO	28.5	16
2017-07-24	0	NULO	27.5	18
2017-07-25	22.3	NULO	27.5	17.5
2017-07-26	0.2	NULO	27.5	17.5
2017-07-27	0	NULO	27.5	17
2017-07-28	0	NULO	29	15.5
2017-07-29	0	NULO	31	15
2017-07-30	0	NULO	31	14.5
2017-07-31	0	NULO	30	15
2017-08-01	0	NULO	30	15.5
2017-08-02	1.3	NULO	30.5	16
2017-08-03	0	NULO	30.5	16.5
2017-08-04	0	NULO	31	16.5
2017-08-05	0	NULO	31.5	16.5
2017-08-06	0	NULO	33	16.5
2017-08-07	0	NULO	32	16.5
2017-08-08	0	NULO	29	16.5
2017-08-09	73	NULO	25	15
2017-08-10	3.2	NULO	22	16.5
2017-08-11	0	NULO	27	16.5
2017-08-12	0.2	NULO	27	16
2017-08-13	0	NULO	29	14.5
2017-08-14	1	NULO	30.5	15
2017-08-15	4.7	NULO	30	16.5
2017-08-16	4.8	NULO	29.5	16.5
2017-08-17	0	NULO	30	16.5
2017-08-18	0	NULO	28	15.5
2017-08-19	0	NULO	28.5	15
2017-08-20	0	NULO	29	15
2017-08-21	2.7	NULO	27	14
2017-08-22	0	NULO	25	15
2017-08-23	0	NULO	28.5	15
2017-08-24	0	NULO	27	15
2017-08-25	0	NULO	27	15
2017-08-26	0	NULO	27.5	15
2017-08-27	0	NULO	25	16
2017-08-28	2	NULO	27	15
2017-08-29	3	NULO	22	15
2017-08-30	0.3	NULO	25.5	13.5
2017-08-31	0.4	NULO	27	15
2017-09-01	1.4	NULO	25	15
2017-09-02	0.4	NULO	24.5	16
2017-09-03	6	NULO	24.5	16
2017-09-04	1.5	NULO	24.5	16
2017-09-05	24	NULO	24.5	16.5
2017-09-06	6.3	NULO	20.5	16.5
2017-09-07	5	NULO	20.5	15
2017-09-08	22	NULO	20.5	13
2017-09-09	5	NULO	21	13.5
2017-09-10	5.3	NULO	21.5	15
2017-09-11	0	NULO	22.5	15
2017-09-12	0	NULO	23	13
2017-09-13	0	NULO	25.5	13.5
2017-09-14	0	NULO	30.5	13.5
2017-09-15	0	NULO	30	14.5
2017-09-16	5.3	NULO	29	15
2017-09-17	0.1	NULO	29	16
2017-09-18	0	NULO	27	17
2017-09-19	0	NULO	27.5	16
2017-09-20	0	NULO	30	16
2017-09-21	1	NULO	27.5	15.5
2017-09-22	1	NULO	29	17.5
2017-09-23	19.8	NULO	28	17
2017-09-24	20	NULO	27	17
2017-09-25	0.01	NULO	27	16
2017-09-26	2.3	NULO	29	17
2017-09-27	1.5	NULO	28	18.5
2017-09-28	5.3	NULO	26.5	18.5
2017-09-29	16.5	NULO	23	15.5
2017-09-30	11.8	NULO	21	16
2017-10-01	6.5	NULO	23	17
2017-10-02	6	NULO	23.5	17
2017-10-03	0.5	NULO	23	17.5
2017-10-04	28.4	NULO	22	16
2017-10-05	6.3	NULO	24	16
2017-10-06	0	NULO	24.5	15
2017-10-07	0	NULO	30	14
2017-10-08	1	NULO	29.5	12
2017-10-09	0	NULO	30	15
2017-10-10	24	NULO	26	14
2017-10-11	0.01	NULO	22	15
2017-10-12	11.3	NULO	22.3	14.5
2017-10-13	0.3	NULO	18	14
2017-10-14	0	NULO	24	13.5
2017-10-15	1.5	NULO	22	13
2017-10-16	3.5	NULO	25	12
2017-10-17	0	NULO	27	12
2017-10-18	0	NULO	27	12.3
2017-10-19	0	NULO	28.5	13
2017-10-20	0	NULO	29	12
2017-10-21	0	NULO	31	14.5
2017-10-22	0	NULO	30	15
2017-10-23	0	NULO	23.5	13.5
2017-10-24	12.3	NULO	22	11
2017-10-25	0.3	NULO	17	10.5
2017-10-26	0	NULO	26.5	7
2017-10-27	0	NULO	27	8
2017-10-28	0	NULO	27	12
2017-10-29	0	NULO	28.5	10
2017-10-30	0	NULO	28.5	12.5
2017-10-31	0	NULO	29.5	13.5
2017-11-01	0	NULO	29.5	17
2017-11-02	0	NULO	31	17.5
2017-11-03	0	NULO	30	15.5
2017-11-04	0	NULO	30	15
2017-11-05	0	NULO	29	15.3
2017-11-06	0	NULO	26	8
2017-11-07	0	NULO	31	8
2017-11-08	0	NULO	27	10
2017-11-09	0	NULO	24	9
2017-11-10	0	NULO	26.5	12.5
2017-11-11	0	NULO	26.5	9.5
2017-11-12	1.6	NULO	26.5	10.5
2017-11-13	1.2	NULO	24	11.5
2017-11-14	0.01	NULO	24	11.3
2017-11-15	0	NULO	27	10
2017-11-16	0	NULO	27	10
2017-11-17	0	NULO	29	9.5
2017-11-18	0.1	NULO	30	10
2017-11-19	0.1	NULO	18	12
2017-11-20	0	NULO	27	11
2017-11-21	0	NULO	28	12
2017-11-22	0	NULO	21	12.5
2017-11-23	0	NULO	23	4
2017-11-24	0	NULO	27	6.5
2017-11-25	0	NULO	29	10.5
2017-11-26	0	NULO	29	11
2017-11-27	0	NULO	24	8
2017-11-28	0	NULO	27	9
2017-11-29	0	NULO	24	8
2017-11-30	0	NULO	25	8
2017-12-01	0	NULO	25	7
2017-12-02	0	NULO	24.5	8
2017-12-03	0	NULO	25.5	9.5
2017-12-04	0	NULO	26.5	11
2017-12-05	0	NULO	30	11.5
2017-12-06	0	NULO	29	12
2017-12-07	0	NULO	30	13
2017-12-08	0.1	NULO	19	7.5
2017-12-09	0	NULO	24.5	1
2017-12-10	0	NULO	17	0.5
2017-12-11	0	NULO	23	2
2017-12-12	0	NULO	21	3
2017-12-13	0	NULO	23	5
2017-12-14	0	NULO	28	7.5
2017-12-15	0	NULO	21	8
2017-12-16	0	NULO	29	12
2017-12-17	0	NULO	28	14.5
2017-12-18	0	NULO	27	12.5
2017-12-19	0	NULO	27	12
2017-12-20	0	NULO	29	12.5
2017-12-21	0	NULO	23.5	12.5
2017-12-22	0	NULO	30	12.5
2017-12-23	0	NULO	24	14
2017-12-24	0	NULO	28	10
2017-12-25	0	NULO	28	10.5
2017-12-26	0	NULO	27	10
2017-12-27	0	NULO	22	9.5
2017-12-28	0	NULO	26	10
2017-12-29	0	NULO	25.5	10
2017-12-30	0	NULO	25	9.5
2017-12-31	0	NULO	25	10
2018-01-01	0.01	NULO	17	10
2018-01-02	0	NULO	25.5	9
2018-01-03	0	NULO	17	8.5
2018-01-04	0	NULO	25.5	7.5
2018-01-05	0	NULO	25.5	7.5
2018-01-06	0	NULO	23	6
2018-01-07	0	NULO	28	6
2018-01-08	0	NULO	23	8
2018-01-09	0	NULO	27.5	6.5
2018-01-10	0	NULO	30	7
2018-01-11	0	NULO	30	9
2018-01-12	0	NULO	25.5	9
2018-01-13	0	NULO	17	5
2018-01-14	0	NULO	23	6
2018-01-15	0	NULO	23	6.5
2018-01-16	0	NULO	20	5
2018-01-17	0	NULO	19	6.5
2018-01-18	0	NULO	15	8
2018-01-19	0	NULO	15	7.5
2018-01-20	0	NULO	28	7.5
2018-01-21	0	NULO	30	10
2018-01-22	0	NULO	30	11
2018-01-23	17.4	NULO	24.5	11
2018-01-24	0.01	NULO	20	8.5
2018-01-25	0	NULO	20	9.5
2018-01-26	0	NULO	24	10
2018-01-27	0	NULO	24.5	10.5
2018-01-28	5.4	NULO	19	10.5
2018-01-29	0.7	NULO	13	7.5
2018-01-30	0.01	NULO	12	2.5
2018-01-31	0	NULO	24.5	4
2018-02-01	0	NULO	29	6
2018-02-02	0	NULO	14.5	10
2018-02-03	0	NULO	28	11
2018-02-04	0	NULO	19	11
2018-02-05	0	NULO	28.5	15
2018-02-06	0	NULO	30	13
2018-02-07	0.7	NULO	26	13.5
2018-02-08	0.01	NULO	20	12.5
2018-02-09	0.7	NULO	25	10
2018-02-10	0	NULO	25	11
2018-02-11	0	NULO	25	13
2018-02-12	0.01	NULO	26	11
2018-02-13	0	NULO	25	13.5
2018-02-14	0	NULO	26	10
2018-02-15	0	NULO	22.5	8.5
2018-02-16	0	NULO	27	10
2018-02-17	0	NULO	30	12
2018-02-18	0	NULO	27	13
2018-02-19	1	NULO	30	11
2018-02-20	0.3	NULO	30	14.5
2018-02-21	0	NULO	30	13
2018-02-22	0	NULO	28	11.5
2018-02-23	0	NULO	27	12
2018-02-24	2	NULO	32	13
2018-02-25	0	NULO	31	13.5
2018-02-26	0	NULO	28	14
2018-02-27	0	NULO	31	14
2018-02-28	0	NULO	32.5	14
2018-03-01	0	NULO	31.5	15
2018-03-02	0	NULO	26	12
2018-03-03	0	NULO	31	11
2018-03-04	0	NULO	32.5	11
2018-03-05	0	NULO	32	12.5
2018-03-06	0.01	NULO	30	13
2018-03-07	0	NULO	19	15
2018-03-08	0	NULO	29	12
2018-03-09	0	NULO	32	12.5
2018-03-10	0	NULO	34	15
2018-03-11	0.3	NULO	35	15
2018-03-12	0	NULO	26.5	13
2018-03-13	0	NULO	26.5	11.5
2018-03-14	0	NULO	30	10.5
2018-03-15	0	NULO	33	10.5
2018-03-16	0	NULO	33	14.5
2018-03-17	0	NULO	33	16
2018-03-18	0	NULO	36	15
2018-03-19	0	NULO	34.5	16
2018-03-20	0	NULO	26	12.5
2018-03-21	0	NULO	32	13
2018-03-22	0	NULO	30	12
2018-03-23	0	NULO	30.5	12
2018-03-24	0	NULO	33.5	11.5
2018-03-25	0	NULO	35	14
2018-03-26	0.8	NULO	34	17
2018-03-27	0	NULO	35	16
2018-03-28	0	NULO	35	16
2018-03-29	2.5	NULO	29	16
2018-03-30	0.2	NULO	22.5	12
2018-03-31	0	NULO	30	9.5
2018-04-01	0	NULO	31	10
2018-04-02	0	NULO	34.5	14
2018-04-03	0	NULO	34	14.5
2018-04-04	1.7	NULO	26	17
2018-04-05	0.01	NULO	31	15
2018-04-06	0	NULO	33.5	15
2018-04-07	0	NULO	33	15.5
2018-04-08	0	NULO	34	15
2018-04-09	0	NULO	34	17
2018-04-10	0	NULO	26	17
2018-04-11	0	NULO	26.5	11
2018-04-12	0	NULO	32	13.5
2018-04-13	0	NULO	32	16
2018-04-14	0	NULO	32	16.5
2018-04-15	0	NULO	23	10
2018-04-16	0	NULO	30	7
2018-04-17	0	NULO	32	11
2018-04-18	0	NULO	33.5	14.5
2018-04-19	0	NULO	27	13
2018-04-20	0	NULO	29	14
2018-04-21	0	NULO	33.5	15
2018-04-22	0	NULO	30	14.5
2018-04-23	0	NULO	29	15.5
2018-04-24	0	NULO	31	15.5
2018-04-25	0	NULO	33	16.5
2018-04-26	0	NULO	31.5	17.5
2018-04-27	0	NULO	30	13.5
2018-04-28	0	NULO	29	15
2018-04-29	0	NULO	33	16
2018-04-30	18	NULO	32.5	15
2018-05-01	11	NULO	32.5	15
2018-05-02	0	NULO	31.5	15
2018-05-03	0	NULO	30.5	15
2018-05-04	0.5	NULO	30	16.5
2018-05-05	0	NULO	27	16
2018-05-06	0	NULO	24	13
2018-05-07	0	NULO	24.5	15
2018-05-08	0	NULO	24.5	14.5
2018-05-09	0	NULO	29	12.5
2018-05-10	0	NULO	29	12
2018-05-11	0	NULO	33	12
2018-05-12	0	NULO	34	15
2018-05-13	0	NULO	32	16.5
2018-05-14	0	NULO	31	15
2018-05-15	0	NULO	32	13
2018-05-16	0	NULO	32	14.5
2018-05-17	0	NULO	32	14
2018-05-18	0	NULO	35	14.5
2018-05-19	0	NULO	35	17
2018-05-20	0	NULO	32	17
2018-05-21	0	NULO	30	16
2018-05-22	0	NULO	30	15
2018-05-23	0	NULO	31	15
2018-05-24	0	NULO	32	15
2018-05-25	0	NULO	31	14
2018-05-26	0	NULO	31	14
2018-05-27	0	NULO	34	14
2018-05-28	0	NULO	35	14.5
2018-05-29	0	NULO	37	16
2018-05-30	0	NULO	35	17
2018-05-31	0	NULO	35	16
2018-06-01	0	NULO	32	15
2018-06-02	0	NULO	31	16
2018-06-03	0	NULO	30	14.5
2018-06-04	0	NULO	32	15.5
2018-06-05	0	NULO	33	14
2018-06-06	0	NULO	32	14
2018-06-07	0	NULO	30.5	14
2018-06-08	0	NULO	31	14
2018-06-09	0	NULO	29	15
2018-06-10	0	NULO	31	15
2018-06-11	4	NULO	31	15.5
2018-06-12	8.7	NULO	25	18
2018-06-13	3	NULO	26	15
2018-06-14	0.7	NULO	25	15
2018-06-15	0.01	NULO	29	15.5
2018-06-16	1	NULO	29.5	15
2018-06-17	0.4	NULO	30	15
2018-06-18	14.5	NULO	29	17.5
2018-06-19	37	NULO	25.5	17.5
2018-06-20	13.5	NULO	25.5	17
2018-06-21	0	NULO	26.5	16
2018-06-22	3	NULO	29	16
2018-06-23	2.6	NULO	30	15
2018-06-24	0	NULO	29	15
2018-06-25	1	NULO	27	16
2018-06-26	23	NULO	27	16
2018-06-27	0.5	NULO	27	15
2018-06-28	0.01	NULO	29	15
2018-06-29	5.3	NULO	29	16
2018-06-30	0	NULO	29	15
2018-07-01	0	NULO	29	15
2018-07-02	0	NULO	29.5	15.5
2018-07-03	33.8	NULO	29	16.3
2018-07-04	3.2	NULO	28	13.5
2018-07-05	0.01	NULO	27	14
2018-07-06	1.8	NULO	25	14.5
2018-07-07	0.01	NULO	26	14
2018-07-08	4.3	NULO	27	15
2018-07-09	0.5	NULO	27	15
2018-07-10	0	NULO	26.5	14.5
2018-07-11	0.01	NULO	27	14
2018-07-12	0	NULO	28.5	13
2018-07-13	0	NULO	26.5	13.5
2018-07-14	0	NULO	27	14
2018-07-15	0	NULO	30	13
2018-07-16	0.01	NULO	29.5	15.5
2018-07-17	0.01	NULO	28	16
2018-07-18	0	NULO	29.5	13.5
2018-07-19	0	NULO	30	14
2018-07-20	14	NULO	30.5	14.5
2018-07-21	0	NULO	30	15
2018-07-22	0	NULO	31	14.5
2018-07-23	0	NULO	32	14
2018-07-24	0	NULO	33	15.5
2018-07-25	0	NULO	32	15
2018-07-26	0	NULO	32	15
2018-07-27	0	NULO	32	15
2018-07-28	0	NULO	31	15.5
2018-07-29	0	NULO	31	16
2018-07-30	0	NULO	31.5	15
2018-07-31	0	NULO	29.5	14.5
2018-08-01	0	NULO	31	14.5
2018-08-02	8.4	NULO	27	14
2018-08-03	7	NULO	27	14
2018-08-04	5	NULO	25	14
2018-08-05	1.6	NULO	20	15
2018-08-06	0	NULO	27	13.5
2018-08-07	0	NULO	27	13.5
2018-08-08	0	NULO	27	14
2018-08-09	0	NULO	30	14.5
2018-08-10	0	NULO	29	14
2018-08-11	0	NULO	26	15
2018-08-12	0	NULO	29.5	13
2018-08-13	0	NULO	29.5	13
2018-08-14	0.4	NULO	31.5	15
2018-08-15	0.01	NULO	29	16
2018-08-16	0	NULO	29	15
2018-08-17	0	NULO	30	13.5
2018-08-18	0	NULO	30	14.5
2018-08-19	0	NULO	31	15
2018-08-20	5.4	NULO	28.5	15
2018-08-21	0	NULO	29	15
2018-08-22	0	NULO	28	14
2018-08-23	0	NULO	28	15
2018-08-24	0	NULO	30	15
2018-08-25	0	NULO	30	14
2018-08-26	0	NULO	29	14
2018-08-27	0	NULO	31	15.5
2018-08-28	4.5	NULO	28	16
2018-08-29	4	NULO	27.5	15.5
2018-08-30	0	NULO	26.5	15.5
2018-08-31	0	NULO	30.5	13.5
2018-09-01	0.01	NULO	30.5	15.5
2018-09-02	0	NULO	31	15.5
2018-09-03	0	NULO	30.5	16
2018-09-04	0	NULO	30	16.5
2018-09-05	0	NULO	29	15
2018-09-06	8.5	NULO	28	14.5
2018-09-07	0	NULO	29.5	16.5
2018-09-08	0	NULO	30	14
2018-09-09	3	NULO	30	15
2018-09-10	0.9	NULO	30	15.5
2018-09-11	22	NULO	29	16.5
2018-09-12	22	NULO	28.5	17.5
2018-09-13	0.01	NULO	25.5	17.5
2018-09-14	0	NULO	27	15
2018-09-15	8.5	NULO	27	15
2018-09-16	2	NULO	27	16
2018-09-17	0	NULO	27.5	16.5
2018-09-18	0	NULO	29	17.5
2018-09-19	0	NULO	30	16
2018-09-20	0	NULO	30	16
2018-09-21	4.3	NULO	30	14.5
2018-09-22	0	NULO	29	16
2018-09-23	0	NULO	29	16
2018-09-24	0	NULO	28	14
2018-09-25	0	NULO	30	13
2018-09-26	0	NULO	29	16
2018-09-27	2.3	NULO	27	14.5
2018-09-28	0	NULO	28	15
2018-09-29	0	NULO	27	15
2018-09-30	0	NULO	28	15.5
2018-10-01	3	NULO	26.5	15
2018-10-02	5.8	NULO	25	14.5
2018-10-03	0.8	NULO	24.5	15
2018-10-04	0.4	NULO	22.5	14.5
2018-10-05	0	NULO	28	13
2018-10-06	0	NULO	28	14.5
2018-10-07	1.3	NULO	27.5	15
2018-10-08	17.5	NULO	30.5	14
2018-10-09	0	NULO	30	15
2018-10-10	0	NULO	30	14.5
2018-10-11	0	NULO	29	15
2018-10-12	0	NULO	30	15.5
2018-10-13	0	NULO	30	15
2018-10-14	10	NULO	30	15
2018-10-15	1	NULO	29	16.5
2018-10-16	0.3	NULO	27	17
2018-10-17	10.3	NULO	23	15.5
2018-10-18	1.5	NULO	21.5	14
2018-10-19	5.4	NULO	22	14
2018-10-20	12.7	NULO	22.5	15.5
2018-10-21	8.8	NULO	21.5	15.5
2018-10-22	0.3	NULO	25	14.5
2018-10-23	0	NULO	27	14.5
2018-10-24	0	NULO	29.5	14.5
2018-10-25	0	NULO	30.5	14.5
2018-10-26	5.5	NULO	20.9	14.5
2018-10-27	2.5	NULO	20	15.5
2018-10-28	0.4	NULO	21	13
2018-10-29	0	NULO	19	14
2018-10-30	0.8	NULO	27	14
2018-10-31	3.5	NULO	17	15
2018-11-01	1.5	NULO	26.5	15
2018-11-02	0.01	NULO	21	15
2018-11-03	8.3	NULO	26.5	13.5
2018-11-04	0.3	NULO	20	14.5
2018-11-05	0	NULO	26	13.5
2018-11-06	0	NULO	28	14
2018-11-07	0	NULO	30.5	14
2018-11-08	0	NULO	30.5	14.5
2018-11-09	0	NULO	30.5	14
2018-11-10	0	NULO	24.5	13.5
2018-11-11	0	NULO	30	13
2018-11-12	10	NULO	29	13
2018-11-13	5.7	NULO	19	12
2018-11-14	7.3	NULO	13	10
2018-11-15	0.01	NULO	22	1
2018-11-16	0	NULO	25	6
2018-11-17	0	NULO	28	9
2018-11-18	0	NULO	26	12
2018-11-19	0	NULO	28.5	12
2018-11-20	0	NULO	25	11.5
2018-11-21	0	NULO	29	12
2018-11-22	0	NULO	29.5	11
2018-11-23	0	NULO	31	13
2018-11-24	0	NULO	31	14.5
2018-11-25	0	NULO	31	14.5
2018-11-26	0	NULO	23	15
2018-11-27	0.01	NULO	25	8.5
2018-11-28	1.2	NULO	24	9
2018-11-29	6.3	NULO	20	7
2018-11-30	0	NULO	24.5	10
2018-12-01	0	NULO	29	13
2018-12-02	0	NULO	30	13
2018-12-03	0	NULO	30.5	12.5
2018-12-04	0	NULO	22	12.5
2018-12-05	0	NULO	22	12.5
2018-12-06	0	NULO	22	10
2018-12-07	0	NULO	27	12.5
2018-12-08	0	NULO	29	12
2018-12-09	0	NULO	26	13.5
2018-12-10	0	NULO	16	13.5
2018-12-11	0	NULO	23	7.5
2018-12-12	0	NULO	24	8
2018-12-13	0	NULO	28	8.5
2018-12-14	0	NULO	24.5	10
2018-12-15	0	NULO	23.5	3.5
2018-12-16	0	NULO	25	4.5
2018-12-17	0	NULO	27	5.5
2018-12-18	0	NULO	29	11
2018-12-19	0	NULO	27.5	11
2018-12-20	0	NULO	23	8
2018-12-21	0	NULO	24.5	4.5
2018-12-22	0	NULO	27.5	5.5
2018-12-23	0	NULO	26	9
2018-12-24	0	NULO	26.5	6
2018-12-25	0	NULO	28	9
2018-12-26	0	NULO	27	10
2018-12-27	0	NULO	28	9
2018-12-28	0	NULO	28	11
2018-12-29	0	NULO	31	12
2018-12-30	0	NULO	29	12
2018-12-31	0	NULO	27	12
2019-01-01	0	NULO	26.5	11.5
2019-01-02	0	NULO	24.5	11.5
2019-01-03	0	NULO	26.5	11
2019-01-04	0	NULO	26	11.5
2019-01-05	0	NULO	22.5	11.5
2019-01-06	0	NULO	29.5	11.5
2019-01-07	0	NULO	28	13.5
2019-01-08	0	NULO	28	7
2019-01-09	0.01	NULO	22	7.5
2019-01-10	0	NULO	25	10.5
2019-01-11	0.6	NULO	28	11
2019-01-12	0.5	NULO	26	8
2019-01-13	0	NULO	22	12
2019-01-14	0	NULO	22	11
2019-01-15	0	NULO	22	6
2019-01-16	0	NULO	26	7
2019-01-17	0	NULO	27	9
2019-01-18	0	NULO	26	11
2019-01-19	0	NULO	26	11
2019-01-20	0	NULO	23	9
2019-01-21	0	NULO	28.5	6
2019-01-22	0	NULO	30	10
2019-01-23	0	NULO	28.5	12.5
2019-01-24	0	NULO	29.5	11
2019-01-25	0	NULO	25.5	9
2019-01-26	0	NULO	28	9.5
2019-01-27	0	NULO	21	9
2019-01-28	0	NULO	28	6.5
2019-01-29	0	NULO	21	8.5
2019-01-30	0	NULO	29	6.5
2019-01-31	0	NULO	29	10
2019-02-01	0	NULO	29	10.5
2019-02-02	0	NULO	30	12.5
2019-02-03	0	NULO	33	12.5
2019-02-04	0	NULO	32.5	12
2019-02-05	0	NULO	32	14
2019-02-06	0	NULO	33	14
2019-02-07	0.01	NULO	32	15
2019-02-08	1.5	NULO	20	14
2019-02-09	0.01	NULO	21.5	11
2019-02-10	0	NULO	28	10
2019-02-11	0	NULO	31	9.5
2019-02-12	0.2	NULO	18	13.5
2019-02-13	0	NULO	28	6
2019-02-14	0	NULO	32	7
2019-02-15	0	NULO	34	15
2019-02-16	0	NULO	35.5	16
2019-02-17	0	NULO	36	17
2019-02-18	0	NULO	32	17.5
2019-02-19	0	NULO	34.5	17
2019-02-20	0	NULO	33.5	17.5
2019-02-21	0	NULO	33.5	15.5
2019-02-22	0	NULO	33	17
2019-02-23	0	NULO	33	14.5
2019-02-24	0	NULO	22	15.5
2019-02-25	0	NULO	31	9.5
2019-02-26	0	NULO	31	14
2019-02-27	0	NULO	32	14.5
2019-02-28	0	NULO	35	14
2019-03-01	0	NULO	33.5	13
2019-03-02	0	NULO	32	13.5
2019-03-03	0	NULO	36	16
2019-03-04	0	NULO	32.5	17
2019-03-05	0	NULO	30	16.5
2019-03-06	0	NULO	29	15
2019-03-07	0	NULO	35	13.5
2019-03-08	0	NULO	35	16.5
2019-03-09	0	NULO	35	18.5
2019-03-10	0	NULO	34.5	17
2019-03-11	0	NULO	18	14
2019-03-12	0	NULO	36	14
2019-03-13	0	NULO	35	14
2019-03-14	0	NULO	35	16
2019-03-15	0	NULO	26.5	15.5
2019-03-16	0	NULO	26	16
2019-03-17	0	NULO	25	15
2019-03-18	0	NULO	26.5	14
2019-03-19	0	NULO	27	9
2019-03-20	0	NULO	27	11
2019-03-21	0	NULO	24	12.5
2019-03-22	7.3	NULO	28	12
2019-03-23	0	NULO	30	12.5
2019-03-24	0	NULO	32	13
2019-03-25	0	NULO	32	15
2019-03-26	0	NULO	33	11
2019-03-27	0	NULO	27	10
2019-03-28	0	NULO	31	9
2019-03-29	0	NULO	34	10
2019-03-30	0	NULO	36	15
2019-03-31	0	NULO	27	15
2019-04-01	0	NULO	32.5	9
2019-04-02	0	NULO	31	11
2019-04-03	0.01	NULO	33	14
2019-04-04	0	NULO	33.5	14.5
2019-04-05	0	NULO	31	16
2019-04-06	0	NULO	30.5	15.5
2019-04-07	0	NULO	31.5	15
2019-04-08	2.6	NULO	29	15.5
2019-04-09	0	NULO	29	12
2019-04-10	0	NULO	31.5	12
2019-04-11	0	NULO	30	12.5
2019-04-12	0	NULO	35	17.5
2019-04-13	0	NULO	34.5	14
2019-04-14	0	NULO	26.5	13.5
2019-04-15	0	NULO	32	9
2019-04-16	0	NULO	36	14
2019-04-17	0	NULO	37.5	18
2019-04-18	0	NULO	35	19
2019-04-19	0	NULO	27	12
2019-04-20	0	NULO	31	12.5
2019-04-21	0	NULO	30.5	17
2019-04-22	0	NULO	31	16.5
2019-04-23	0	NULO	36	16
2019-04-24	0	NULO	35	17
2019-04-25	0	NULO	33	17
2019-04-26	0	NULO	28	17
2019-04-27	0	NULO	34.5	13
2019-04-28	0.01	NULO	35	14
2019-04-29	0.01	NULO	35	18.5
2019-04-30	0.01	NULO	35	17.5
2019-05-01	9.2	NULO	35	16
2019-05-02	0	NULO	34.5	16.5
2019-05-03	0	NULO	36	17
2019-05-04	0	NULO	34.5	18
2019-05-05	2	NULO	32	17.5
2019-05-06	0	NULO	34	16
2019-05-07	0	NULO	37	16.5
2019-05-08	0	NULO	37.5	16.5
2019-05-09	0	NULO	36	17.5
2019-05-10	0	NULO	37	17.5
2019-05-11	0	NULO	36.5	15
2019-05-12	0	NULO	36.5	17.5
2019-05-13	0	NULO	37	15.5
2019-05-14	0	NULO	31	15
2019-05-15	0	NULO	31.5	15
2019-05-16	0	NULO	34	16
2019-05-17	0.5	NULO	36.5	18.5
2019-05-18	0	NULO	35	17.5
2019-05-19	0	NULO	36	18
2019-05-20	0	NULO	36	17.5
2019-05-21	0	NULO	38	19
2019-05-22	0	NULO	36.5	19
2019-05-23	0	NULO	33	17.5
2019-05-24	0	NULO	32	17
2019-05-25	0	NULO	32	16
2019-05-26	0	NULO	31.5	17
2019-05-27	0	NULO	33	15
2019-05-28	0	NULO	33.5	14.5
2019-05-29	0	NULO	35	13.5
2019-05-30	0	NULO	34	15
2019-05-31	5	NULO	32	14
2019-06-01	2	NULO	29	15
2019-06-02	6.8	NULO	28	16
2019-06-03	27.8	NULO	23.5	16
2019-06-04	3.5	NULO	28	15.5
2019-06-05	74.8	NULO	31	16.5
2019-06-06	50.5	NULO	29.5	16.5
2019-06-07	0	NULO	31	14.5
2019-06-08	0	NULO	33	14.5
2019-06-09	0	NULO	31	15
2019-06-10	2.8	NULO	29	15
2019-06-11	0	NULO	28	15
2019-06-12	0.3	NULO	30	16
2019-06-13	5	NULO	25	15
2019-06-14	0	NULO	28	14
2019-06-15	0	NULO	31	16
2019-06-16	0	NULO	32	16
2019-06-17	0	NULO	33	15
2019-06-18	0	NULO	30.5	16
2019-06-19	37.8	NULO	32.5	18.5
2019-06-20	0.5	NULO	31.5	16.5
2019-06-21	13.2	NULO	33	17.5
2019-06-22	16.2	NULO	30	17.5
2019-06-23	9.5	NULO	30.5	17.5
2019-06-24	19.6	NULO	30.5	17.5
2019-06-25	1.2	NULO	25	17.5
2019-06-26	0.01	NULO	27	17
2019-06-27	0	NULO	27	14
2019-06-28	0	NULO	26	14
2019-06-29	0	NULO	26	13
2019-06-30	23	NULO	28	13
2019-07-01	35	NULO	28	13.5
2019-07-02	22.6	NULO	28	15
2019-07-03	0.1	NULO	28	16
2019-07-04	0	NULO	28	15
2019-07-05	0	NULO	28	15
2019-07-06	0	NULO	28	15
2019-07-07	0	NULO	28	15
2019-07-08	0	NULO	30	15
2019-07-09	1	NULO	30	15.5
2019-07-10	0	NULO	30	15.5
2019-07-11	20	NULO	28	15
2019-07-12	0	NULO	28	15
2019-07-13	24.1	NULO	28	17
2019-07-14	0	NULO	28	14.5
2019-07-15	0	NULO	28.5	15
2019-07-16	0	NULO	28	17
2019-07-17	7	NULO	27	14.5
2019-07-18	0	NULO	28	15
2019-07-19	0	NULO	27	14
2019-07-20	0	NULO	27	15
2019-07-21	11.2	NULO	30	15
2019-07-22	0	NULO	28	15.5
2019-07-23	0	NULO	27.5	15
2019-07-24	4	NULO	27.5	14.5
2019-07-25	16.4	NULO	23.5	15.5
2019-07-26	2	NULO	25	15
2019-07-27	0	NULO	27	15.5
2019-07-28	0	NULO	27	15
2019-07-29	0	NULO	28	13.5
2019-07-30	0	NULO	27	14
2019-07-31	0	NULO	27.5	14.5
2019-08-01	0	NULO	28.5	13.5
2019-08-02	0	NULO	28.5	13.5
2019-08-03	0	NULO	31	13.5
2019-08-04	0	NULO	31	6
2019-08-05	11	NULO	30	16
2019-08-06	0.2	NULO	29.5	16
2019-08-07	25	NULO	29	16
2019-08-08	0	NULO	30	16.5
2019-08-09	0	NULO	29	15.5
2019-08-10	3.7	NULO	30.5	16
2019-08-11	0	NULO	29.5	16
2019-08-12	0	NULO	30	16
2019-08-13	0	NULO	31	16
2019-08-14	0	NULO	31	16
2019-08-15	0	NULO	31	16
2019-08-16	0	NULO	31	14
2019-08-17	0	NULO	31.5	15
2019-08-18	0	NULO	31	15
2019-08-19	0.01	NULO	29	17.5
2019-08-20	0	NULO	29	13
2019-08-21	0	NULO	29	13
2019-08-22	19.9	NULO	32	14.5
2019-08-23	7.5	NULO	32	17.5
2019-08-24	19.8	NULO	31.5	17
2019-08-25	11.2	NULO	31.5	15
2019-08-26	28.8	NULO	31.5	15.5
2019-08-27	0	NULO	29.5	17
2019-08-28	0	NULO	29	15.5
2019-08-29	0	NULO	28.5	15
2019-08-30	0	NULO	29	13.5
2019-08-31	0	NULO	29	13
2019-09-01	5.2	NULO	29	13
2019-09-02	0	NULO	27	14
2019-09-03	0	NULO	29	15
2019-09-04	24.4	NULO	31.5	15.5
2019-09-05	1.5	NULO	27	15
2019-09-06	0	NULO	30	15.5
2019-09-07	0	NULO	28	15.5
2019-09-08	0	NULO	29	12.5
2019-09-09	0	NULO	29	13
2019-09-10	0	NULO	28	14.5
2019-09-11	0.01	NULO	27	15
2019-09-12	3.2	NULO	26	16
2019-09-13	6.3	NULO	26	16
2019-09-14	1.4	NULO	26	15.5
2019-09-15	0	NULO	26	15
2019-09-16	0	NULO	28	15
2019-09-17	0	NULO	29	16
2019-09-18	7	NULO	30.5	16
2019-09-19	3.4	NULO	28.5	15.5
2019-09-20	0	NULO	27.5	16
2019-09-21	0	NULO	28	16
2019-09-22	0	NULO	28.5	16
2019-09-23	0	NULO	27	15
2019-09-24	0	NULO	30	15
2019-09-25	2.8	NULO	30	16
2019-09-26	0	NULO	30	16.5
2019-09-27	0	NULO	30	16.5
2019-09-28	3.4	NULO	30	16
2019-09-29	0.4	NULO	28	17
2019-09-30	0	NULO	28	17
2019-10-01	4.6	NULO	27.5	16.5
2019-10-02	0	NULO	27	14
2019-10-03	0	NULO	26.5	14.5
2019-10-04	0	NULO	27	15.5
2019-10-05	0	NULO	28.5	15
2019-10-06	0	NULO	28	13
2019-10-07	19.2	NULO	26	15
2019-10-08	3.8	NULO	21	15
2019-10-09	0	NULO	21.5	13
2019-10-10	0	NULO	29	13
2019-10-11	4	NULO	30	15
2019-10-12	1.6	NULO	26	13.5
2019-10-13	0	NULO	30	13
2019-10-14	0	NULO	29	13
2019-10-15	0	NULO	23	13
2019-10-16	7.4	NULO	21	13.5
2019-10-17	2.8	NULO	23	15
2019-10-18	0.3	NULO	28.5	15.5
2019-10-19	0.01	NULO	29	12.5
2019-10-20	0.3	NULO	26	16
2019-10-21	43.5	NULO	30	16
2019-10-22	1	NULO	22	15.5
2019-10-23	0	NULO	25	14
2019-10-24	0	NULO	24.5	13
2019-10-25	0.2	NULO	25	13
2019-10-26	0	NULO	27	12
2019-10-27	0	NULO	28	12.5
2019-10-28	0	NULO	29	15
2019-10-29	0	NULO	31	14.5
2019-10-30	8.8	NULO	30	16
2019-10-31	0.01	NULO	20	15
2019-11-01	0	NULO	24.5	7
2019-11-02	0.5	NULO	20	10.5
2019-11-03	0	NULO	24.5	12
2019-11-04	0	NULO	27.5	13
2019-11-05	0.3	NULO	25.5	14.5
2019-11-06	0	NULO	25	15
2019-11-07	0	NULO	29	14.5
2019-11-08	0.01	NULO	25	15
2019-11-09	0	NULO	26	14
2019-11-10	0	NULO	30	13
2019-11-11	0	NULO	30.5	13
2019-11-12	0	NULO	20	15.5
2019-11-13	0	NULO	22.5	12.5
2019-11-14	0	NULO	22.5	12.5
2019-11-15	0	NULO	18.5	12.5
2019-11-16	0	NULO	26	10.5
2019-11-17	0	NULO	28.5	13
2019-11-18	0	NULO	27.5	12.5
2019-11-19	0	NULO	28.5	13
2019-11-20	0	NULO	30	14.5
2019-11-21	0	NULO	30	14.5
2019-11-22	0	NULO	31.5	14.5
2019-11-23	0	NULO	30	12.5
2019-11-24	0	NULO	28	12.5
2019-11-25	0	NULO	31.5	14.5
2019-11-26	0.4	NULO	31.5	16
2019-11-27	0	NULO	30.5	15
2019-11-28	0.3	NULO	30.5	14
2019-11-29	0	NULO	28.5	12.5
2019-11-30	0	NULO	30	15
2019-12-01	0	NULO	29	15
2019-12-02	0	NULO	25	12.5
2019-12-03	0	NULO	29	10.5
2019-12-04	0	NULO	28.5	10.5
2019-12-05	0	NULO	28.5	15
2019-12-06	0	NULO	28	10.5
2019-12-07	0	NULO	26	8.5
2019-12-08	0	NULO	30	8
2019-12-09	0	NULO	32	10.5
2019-12-10	0.01	NULO	32	12
2019-12-11	0	NULO	22.5	10.5
2019-12-12	0	NULO	28	10
2019-12-13	0	NULO	29.5	10.5
2019-12-14	0	NULO	31	11
2019-12-15	0	NULO	30.5	10.5
2019-12-16	0	NULO	30	12.5
2019-12-17	0.01	NULO	23	12
2019-12-18	0	NULO	12	4
2019-12-19	0	NULO	22	4
2019-12-20	0	NULO	23	7
2019-12-21	4	NULO	19	8.5
2019-12-22	0	NULO	21	7.5
2019-12-23	0	NULO	25	7
2019-12-24	0	NULO	26	10.5
2019-12-25	0	NULO	27	12.5
2019-12-26	0	NULO	19.5	11.5
2019-12-27	0	NULO	29	12
2019-12-28	0	NULO	29	13.5
2019-12-29	0	NULO	26	13
2019-12-30	0	NULO	25	9
2019-12-31	0	NULO	28.5	9
2020-01-01	0	NULO	31	12.5
2020-01-02	0	NULO	28	15.5
2020-01-03	0	NULO	27	14
2020-01-04	0	NULO	20	13
2020-01-05	0	NULO	25	2
2020-01-06	0	NULO	28	6
2020-01-07	0	NULO	19.5	6
2020-01-08	0	NULO	26	6.5
2020-01-09	0	NULO	29	8.5
2020-01-10	0	NULO	30	11
2020-01-11	0	NULO	27	13.5
2020-01-12	0	NULO	28	13
2020-01-13	0	NULO	28	9
2020-01-14	0	NULO	28	11.5
2020-01-15	0	NULO	28	15
2020-01-16	0	NULO	23	12.5
2020-01-17	0	NULO	25	12.5
2020-01-18	1.6	NULO	26	9.5
2020-01-19	14	NULO	18	12
2020-01-20	2.1	NULO	15	10
2020-01-21	0	NULO	22.5	8.5
2020-01-22	0	NULO	26.5	9
2020-01-23	0.2	NULO	23	11
2020-01-24	0	NULO	21	10.5
2020-01-25	0	NULO	23	10
2020-01-26	0	NULO	25	10.5
2020-01-27	0	NULO	26	10.5
2020-01-28	0	NULO	29	7
2020-01-29	0	NULO	25	11
2020-01-30	0	NULO	29	8.5
2020-01-31	0	NULO	28	13
2020-02-01	0	NULO	20	11
2020-02-02	0	NULO	25	7
2020-02-03	0	NULO	29	12
2020-02-04	0	NULO	29	15
2020-02-05	6.5	NULO	21	16
2020-02-06	0	NULO	29	13
2020-02-07	0	NULO	33	11
2020-02-08	0	NULO	33	11
2020-02-09	0	NULO	33	11.5
2020-02-10	0	NULO	33	13
2020-02-11	0	NULO	34	14.5
2020-02-12	0	NULO	32.5	13.5
2020-02-13	0	NULO	24	13
2020-02-14	0	NULO	24	8.5
2020-02-15	0	NULO	19	8.5
2020-02-16	0	NULO	32.5	12
2020-02-17	0	NULO	32.5	13
2020-02-18	0	NULO	34	12.5
2020-02-19	0	NULO	28	11
2020-02-20	0.4	NULO	28	11
2020-02-21	0	NULO	22	11
2020-02-22	0	NULO	30	11
2020-02-23	0	NULO	28	13
2020-02-24	0	NULO	33	16
2020-02-25	1.5	NULO	33	13.5
2020-02-26	0.2	NULO	15.5	12.5
2020-02-27	0	NULO	28	3
2020-02-28	0	NULO	25	11
2020-02-29	0	NULO	30	7
2020-03-01	0	NULO	30	9
2020-03-02	0.2	NULO	30	11
2020-03-03	0	NULO	30	13
2020-03-04	0	NULO	30	15.5
2020-03-05	0.01	NULO	22	14
2020-03-06	0	NULO	28	10
2020-03-07	0	NULO	26.5	7
2020-03-08	0	NULO	27	8
2020-03-09	0	NULO	30.5	9
2020-03-10	0	NULO	27	8.5
2020-03-11	0	NULO	30	9
2020-03-12	0	NULO	31	11
2020-03-13	0	NULO	32	13
2020-03-14	0	NULO	32.5	15
2020-03-15	0	NULO	30	14
2020-03-16	0.2	NULO	30	13
2020-03-17	0	NULO	30.5	14
2020-03-18	0	NULO	30	15
2020-03-19	0	NULO	34.5	14.5
2020-03-20	0	NULO	33	15
2020-03-21	0	NULO	28.5	15
2020-03-22	0	NULO	33	12.5
2020-03-23	0	NULO	34	13
2020-03-24	0	NULO	37	13.5
2020-03-25	0	NULO	36	13.5
2020-03-26	0	NULO	37	15
2020-03-27	0	NULO	38.5	16
2020-03-28	0	NULO	37	17
2020-03-29	0	NULO	29	16
2020-03-30	0	NULO	29	13.5
2020-03-31	0	NULO	30	14
2020-04-01	0	NULO	34	15
2020-04-02	0	NULO	34.5	16
2020-04-03	3.5	NULO	34.5	17
2020-04-04	2.5	NULO	34.5	17
2020-04-05	0.01	NULO	31	16
2020-04-06	1	NULO	33	15.5
2020-04-07	0	NULO	34.5	17
2020-04-08	2.3	NULO	34.5	18
2020-04-09	0	NULO	35	17
2020-04-10	0	NULO	37	18.5
2020-04-11	0	NULO	37	18
2020-04-12	0	NULO	36.5	16
2020-04-13	0	NULO	35	16
2020-04-14	0	NULO	37	17
2020-04-15	0	NULO	31	17
2020-04-16	0.01	NULO	32	16
2020-04-17	0	NULO	35	16.5
2020-04-18	1.8	NULO	37	17.5
2020-04-19	0	NULO	36	18
2020-04-20	0	NULO	36.5	18.5
2020-04-21	0	NULO	36	19
2020-04-22	12	NULO	37	18
2020-04-23	0.01	NULO	36.5	18.5
2020-04-24	0	NULO	36.5	17.5
2020-04-25	0.01	NULO	35	18.5
2020-04-26	0	NULO	30	15
2020-04-27	0	NULO	31	15
2020-04-28	0.01	NULO	33.5	15
2020-04-29	12	NULO	33.5	17.5
2020-04-30	0.01	NULO	26	12.5
2020-05-01	0	NULO	30	12
2020-05-02	0	NULO	32	13
2020-05-03	0	NULO	33	13
2020-05-04	0	NULO	33.5	13
2020-05-05	0	NULO	33.5	14
2020-05-06	0	NULO	34.5	16
2020-05-07	6	NULO	28.5	12.5
2020-05-08	0	NULO	30	13
2020-05-09	0.3	NULO	28.5	15.5
2020-05-10	0	NULO	28	16.5
2020-05-11	6.5	NULO	28	15
2020-05-12	0	NULO	31.5	16
2020-05-13	0	NULO	35	17
2020-05-14	0	NULO	35.5	17.5
2020-05-15	0	NULO	36	18.5
2020-05-16	0	NULO	35	17.5
2020-05-17	0	NULO	33	17
2020-05-18	0	NULO	33	16
2020-05-19	0	NULO	35	16
2020-05-20	0	NULO	37	20
2020-05-21	0	NULO	37	19
2020-05-22	0	NULO	35	19
2020-05-23	0	NULO	36	16.5
2020-05-24	0	NULO	36.5	15.5
2020-05-25	0	NULO	37	16.5
2020-05-26	0	NULO	34	17
2020-05-27	0	NULO	34	17
2020-05-28	8.5	NULO	32	17
2020-05-29	0	NULO	24	14.5
2020-05-30	0	NULO	25	12
2020-05-31	0	NULO	27	12.5
2020-06-01	0.2	NULO	29	12.5
2020-06-02	0	NULO	30	16.5
2020-06-03	0	NULO	28	16.5
2020-06-04	3	NULO	30	16.5
2020-06-05	0	NULO	29.5	15.5
2020-06-06	0	NULO	31	13.5
2020-06-07	0	NULO	34.5	15
2020-06-08	0	NULO	36	18.5
2020-06-09	0	NULO	36	18.5
2020-06-10	0	NULO	30	18
2020-06-11	14	NULO	26	17
2020-06-12	4	NULO	24	14
2020-06-13	0	NULO	24.5	12
2020-06-14	0	NULO	26.5	10
2020-06-15	0	NULO	26.5	10
2020-06-16	0	NULO	30	11.5
2020-06-17	0	NULO	30	13
2020-06-18	0	NULO	31	15
2020-06-19	0	NULO	30	15
2020-06-20	0	NULO	30.5	16
2020-06-21	0	NULO	32	16
2020-06-22	0	NULO	30	16
2020-06-23	1.3	NULO	29	17
2020-06-24	19.5	NULO	29	15.5
2020-06-25	23.6	NULO	27	16.5
2020-06-26	10.3	NULO	27	16
2020-06-27	0	NULO	29	15.5
2020-06-28	1	NULO	30	16
2020-06-29	0	NULO	31	16.5
2020-06-30	0	NULO	30.5	16.5
2020-07-01	0	NULO	30	16.5
2020-07-02	0	NULO	30	16
2020-07-03	0	NULO	29.5	15
2020-07-04	0	NULO	29.5	14.5
2020-07-05	0	NULO	31	15.5
2020-07-06	0	NULO	31	16
2020-07-07	9	NULO	31	16.5
2020-07-08	35	NULO	31	16
2020-07-09	0	NULO	30	16.5
2020-07-10	0	NULO	30	15
2020-07-11	0	NULO	27	15
2020-07-12	0	NULO	30	14.5
2020-07-13	0	NULO	30.5	14.5
2020-07-14	0	NULO	31.5	14.5
2020-07-15	0	NULO	30.5	15
2020-07-16	0	NULO	30.5	15.5
2020-07-17	4	NULO	30	15.5
2020-07-18	0	NULO	30	15
2020-07-19	0	NULO	30.5	15
2020-07-20	9.5	NULO	32	15.5
2020-07-21	0	NULO	31.5	15
2020-07-22	0	NULO	31.5	15
2020-07-23	0	NULO	30	14.5
2020-07-24	0	NULO	27	15
2020-07-25	0	NULO	27	15
2020-07-26	0	NULO	29	15.5
2020-07-27	0	NULO	27	15
2020-07-28	23.8	NULO	27	15
2020-07-29	2.6	NULO	26	14
2020-07-30	0	NULO	25	14
2020-07-31	27.5	NULO	25.5	13
2020-08-01	1	NULO	24.5	13
2020-08-02	0	NULO	25	14
2020-08-03	0	NULO	25	11
2020-08-04	0	NULO	26	12.5
2020-08-05	0	NULO	26	13
2020-08-06	1.4	NULO	26	13.5
2020-08-07	4	NULO	25.5	13
2020-08-08	16.8	NULO	22.5	13.5
2020-08-09	7	NULO	19	12.5
2020-08-10	2	NULO	25	12
2020-08-11	6.5	NULO	20	12.5
2020-08-12	0	NULO	25	13
2020-08-13	0	NULO	24	12
2020-08-14	0	NULO	25.5	12.5
2020-08-15	0	NULO	24.5	10.5
2020-08-16	1.4	NULO	25	11.5
2020-08-17	0	NULO	22.5	11.5
2020-08-18	0	NULO	25	10.5
2020-08-19	14.5	NULO	25.5	12.5
2020-08-20	0	NULO	26	12.5
2020-08-21	0	NULO	27	11.5
2020-08-22	0	NULO	27	10.5
2020-08-23	0	NULO	25	11
2020-08-24	7	NULO	22	11.5
2020-08-25	3.7	NULO	19.5	12
2020-08-26	3.5	NULO	24	12.5
2020-08-27	1	NULO	24	14
2020-08-28	0	NULO	26.5	12
2020-08-29	5	NULO	21.5	12.5
2020-08-30	5.6	NULO	29.5	14
2020-08-31	1.8	NULO	28	14
2020-09-01	0.2	NULO	29	12.5
2020-09-02	0	NULO	28	12.5
2020-09-03	0	NULO	27	11.5
2020-09-04	8	NULO	23	12.5
2020-09-05	12.2	NULO	19	12.5
2020-09-06	2.4	NULO	21	13
2020-09-07	0	NULO	25	13.5
2020-09-08	0	NULO	26	13
2020-09-09	9.5	NULO	27	14
2020-09-10	13	NULO	25	14.5
2020-09-11	0.4	NULO	21	13.5
2020-09-12	0.2	NULO	22.5	13
2020-09-13	0.3	NULO	23.5	12.5
2020-09-14	14.4	NULO	21.5	13
2020-09-15	0.2	NULO	22	14
2020-09-16	0.01	NULO	21	13.5
2020-09-17	7.5	NULO	23.5	12
2020-09-18	7	NULO	18	12.5
2020-09-19	0.8	NULO	16	12
2020-09-20	0.01	NULO	21.5	8
2020-09-21	0	NULO	24.5	8.5
2020-09-22	0	NULO	18	10.5
2020-09-23	0.01	NULO	25.5	9.8
2020-09-24	0	NULO	25	10.5
2020-09-25	0.01	NULO	25	13
2020-09-26	0.1	NULO	26	12
2020-09-27	0	NULO	26	11
2020-09-28	15.8	NULO	27	12
2020-09-29	0.8	NULO	12	7
2020-09-30	0	NULO	21	4.5
2020-10-01	0	NULO	19.5	5
2020-10-02	1.3	NULO	19.5	4
2020-10-03	0	NULO	23	4.5
2020-10-04	0	NULO	22	8.5
2020-10-05	0	NULO	21.5	4.5
2020-10-06	0	NULO	23	5
2020-10-07	0	NULO	23	5
2020-10-08	0	NULO	26	6
2020-10-09	0	NULO	26.5	8.5
2020-10-10	0	NULO	28	11
2020-10-11	0	NULO	28.5	13
2020-10-12	0.01	NULO	26	13
2020-10-13	0.4	NULO	25	14.5
2020-10-14	0	NULO	25	15
2020-10-15	0	NULO	23	14
2020-10-16	0.8	NULO	27	14.5
2020-10-17	0	NULO	22	6.5
2020-10-18	0	NULO	26	9
2020-10-19	0	NULO	25	9.5
2020-10-20	0	NULO	25	10
2020-10-21	0	NULO	26	11.5
2020-10-22	0	NULO	27	8.5
2020-10-23	0	NULO	28	10
2020-10-24	0	NULO	24.5	11
2020-10-25	0	NULO	26.5	8
2020-10-26	0	NULO	28	8
2020-10-27	0	NULO	28	10
2020-10-28	0	NULO	30.5	11
2020-10-29	0.01	NULO	25	11
2020-10-30	0	NULO	20	8.5
2020-10-31	0	NULO	24.5	6.5
2020-11-01	0	NULO	23	6
2020-11-02	0.01	NULO	17	8
2020-11-03	0	NULO	17	7.5
2020-11-04	0	NULO	20	4
2020-11-05	0	NULO	21	3.5
2020-11-06	0	NULO	22	9.5
2020-11-07	0	NULO	26	9.5
2020-11-08	0	NULO	27.5	8.5
2020-11-09	0	NULO	28	11
2020-11-10	0	NULO	30	11.5
2020-11-11	0	NULO	31	11.5
2020-11-12	0	NULO	28.5	9
2020-11-13	0	NULO	28.5	10
2020-11-14	0	NULO	28	8.5
2020-11-15	1.4	NULO	27.5	10
2020-11-16	0.5	NULO	21	8.5
2020-11-17	16.5	NULO	16	8
2020-11-18	2	NULO	12	5
2020-11-19	0.01	NULO	19	6.5
2020-11-20	2	NULO	16	7.5
2020-11-21	0.7	NULO	16.5	9
2020-11-22	0.2	NULO	22	8.5
2020-11-23	0	NULO	20	8.5
2020-11-24	0	NULO	26	7
2020-11-25	0	NULO	27	9
2020-11-26	0	NULO	28	9.5
2020-11-27	0	NULO	29.5	9
2020-11-28	0	NULO	29	9.5
2020-11-29	0	NULO	27	11
2020-11-30	1.5	NULO	16	7
2020-12-01	0.01	NULO	26	3
2020-12-02	0	NULO	26	6
2020-12-03	0	NULO	24	8
2020-12-04	0	NULO	24	4
2020-12-05	1	NULO	26	8
2020-12-06	0.01	NULO	23	9
2020-12-07	0	NULO	15	7
2020-12-08	0	NULO	20	8
2020-12-09	0	NULO	24	5
2020-12-10	0	NULO	28	6
2020-12-11	0	NULO	29	12
2020-12-12	0	NULO	27.5	11
2020-12-13	0	NULO	29	11.5
2020-12-14	1.8	NULO	24.5	9
2020-12-15	0	NULO	26.5	9.5
2020-12-16	0	NULO	23	8.5
2020-12-17	0	NULO	22.5	5.5
2020-12-18	0	NULO	17	5
2020-12-19	0	NULO	25	10.5
2020-12-20	0	NULO	22.5	8.5
2020-12-21	0	NULO	24	7.5
2020-12-22	0	NULO	25	8
2020-12-23	0	NULO	27	10
2020-12-24	0	NULO	18.5	11.5
2020-12-25	0	NULO	19	3
2020-12-26	0	NULO	25	3.5
2020-12-27	0	NULO	24	7.5
2020-12-28	0	NULO	25	5.5
2020-12-29	0	NULO	25	2
2020-12-30	0	NULO	25.5	5
2020-12-31	0	NULO	15	8.5
2021-01-01	0	NULO	28	5
2021-01-02	0	NULO	25	4.5
2021-01-03	0	NULO	27	4.5
2021-01-04	0	NULO	24	7
2021-01-05	0	NULO	25	5
2021-01-06	0	NULO	25	7.5
2021-01-07	0	NULO	19.5	7.5
2021-01-08	0	NULO	23	7.5
2021-01-09	0	NULO	22	6
2021-01-10	0	NULO	23	4.5
2021-01-11	0	NULO	20.5	6.5
2021-01-12	0	NULO	23	2
2021-01-13	0	NULO	22	1
2021-01-14	0	NULO	24	3
2021-01-15	0	NULO	22.5	7
2021-01-16	0	NULO	23	4
2021-01-17	0	NULO	23	6
2021-01-18	0	NULO	24.5	6.5
2021-01-19	0	NULO	17	9
2021-01-20	0	NULO	23	8
2021-01-21	0	NULO	27	8
2021-01-22	0	NULO	27	9
2021-01-23	0	NULO	27.5	9.5
2021-01-24	0	NULO	26	11.5
2021-01-25	0	NULO	28	10
2021-01-26	0	NULO	30	9
2021-01-27	0	NULO	23	9.5
2021-01-28	0	NULO	15	6
2021-01-29	0	NULO	20	6.5
2021-01-30	3	NULO	22	6.5
2021-02-01	0	NULO	12	2
2021-02-02	0	NULO	22	2.5
2021-02-03	0	NULO	27	4.5
2021-02-04	0	NULO	29.5	8
2021-02-05	0	NULO	30	9.5
2021-02-06	0	NULO	29	11.5
2021-02-07	0	NULO	26	8
2021-02-08	0	NULO	29	8.5
2021-02-09	0	NULO	26	7
2021-02-10	0	NULO	26	7.5
2021-02-11	0	NULO	25.5	9.5
2021-02-12	0	NULO	22	7.5
2021-02-13	0	NULO	25	5
2021-02-14	0	NULO	28	4.5
2021-02-15	0	NULO	27	6
2021-02-16	0	NULO	29	6
2021-02-17	0	NULO	28	9.5
2021-02-18	0	NULO	29	8.5
2021-02-19	0	NULO	15.5	0
2021-02-20	0	NULO	25	-0.5
2021-02-21	0	NULO	28	3
2021-02-22	0	NULO	23	5
2021-02-23	0	NULO	25.5	4
2021-02-24	0	NULO	28	6.5
2021-02-25	0	NULO	27	6
2021-02-26	0	NULO	30	6
2021-02-27	0	NULO	32	10
2021-02-28	0	NULO	32	12
2021-03-01	0.1	NULO	30.5	13
2021-03-02	0	NULO	25.5	9.5
2021-03-03	0	NULO	28	5
2021-03-04	0	NULO	29	6
2021-03-05	0	NULO	30	10
2021-03-06	0	NULO	22	9.5
2021-03-07	0	NULO	24	5
2021-03-08	0	NULO	23	5
2021-03-09	0	NULO	25	4.5
2021-03-10	0	NULO	19.5	5.5
2021-03-11	0	NULO	29	5.5
2021-03-12	0	NULO	28.5	4
2021-03-13	0	NULO	29	7
2021-03-14	0.01	NULO	32	11
2021-03-15	0.3	NULO	32	11
2021-03-16	0	NULO	30.5	11
2021-03-17	0	NULO	31	12.5
2021-03-18	0	NULO	21	7.5
2021-03-19	0	NULO	23	6
2021-03-20	0	NULO	23	3.5
2021-03-21	0	NULO	28	6.5
2021-03-22	0	NULO	31	9
2021-03-23	0	NULO	30.5	11.5
2021-03-24	0	NULO	32	11
2021-03-25	0	NULO	33	11
2021-03-26	0	NULO	30.5	11
2021-03-27	0	NULO	31.5	11.5
2021-03-28	4	NULO	28	12.5
2021-03-29	0	NULO	23	9.5
2021-03-30	0	NULO	29.5	9
2021-03-31	0	NULO	29.5	10.5
2021-04-01	3.2	NULO	17.5	9.5
2021-04-02	0	NULO	17.5	6
2021-04-03	0	NULO	23	7
2021-04-04	0	NULO	23	3
2021-04-05	0	NULO	25	4
2021-04-06	0.2	NULO	28	7
2021-04-07	0	NULO	29.5	7.5
2021-04-08	0	NULO	30.5	9.5
2021-04-09	0	NULO	31.5	12.5
2021-04-10	0	NULO	31.5	13
2021-04-11	0	NULO	32.5	13.5
2021-04-12	0	NULO	32	14.5
2021-04-13	0	NULO	30	14.5
2021-04-14	0	NULO	32	12.5
2021-04-15	0	NULO	32	12
2021-04-16	0	NULO	32.5	12
2021-04-17	0	NULO	32.5	14.5
2021-04-18	0	NULO	27.5	8.5
2021-04-19	0	NULO	28	5
2021-04-20	0	NULO	28	6
2021-04-21	0	NULO	24.5	6
2021-04-22	0	NULO	30.5	7.5
2021-04-23	0	NULO	32	12.5
2021-04-24	0	NULO	31	13.5
2021-04-25	0	NULO	29	11.5
2021-04-26	1.4	NULO	32	13
2021-04-27	0	NULO	33	12.5
2021-04-28	0	NULO	33	14
2021-04-29	24.2	NULO	33	13.5
2021-04-30	3.2	NULO	33.5	13.5
2021-05-01	3.2	NULO	29	13
2021-05-02	0	NULO	30	12.5
2021-05-03	0	NULO	32	12.5
2021-05-04	0	NULO	32	13.5
2021-05-05	0	NULO	32	12.5
2021-05-06	0.6	NULO	26	13.5
2021-05-07	0	NULO	21	12
2021-05-08	0	NULO	28.5	11.5
2021-05-09	0	NULO	30	9.5
2021-05-10	11	NULO	30	13.5
2021-05-11	13.8	NULO	29	13
2021-05-12	1.2	NULO	25.5	12.5
2021-05-13	7.8	NULO	25.5	10
2021-05-14	0.6	NULO	21	10
2021-05-15	0	NULO	28	10
2021-05-16	0	NULO	28	10
2021-05-17	0.3	NULO	27	10.5
2021-05-18	0	NULO	30	13
2021-05-19	0	NULO	27.5	13.5
2021-05-20	0	NULO	27	9.5
2021-05-21	0	NULO	28	9
2021-05-22	0	NULO	27	8.5
2021-05-23	0	NULO	27	8
2021-05-24	0	NULO	26	10
2021-05-25	0	NULO	27	11
2021-05-26	0	NULO	27	10.5
2021-05-27	0	NULO	22	10
2021-05-28	0	NULO	30.5	11
2021-05-29	0.2	NULO	28.5	10.5
2021-05-30	0	NULO	27	10
2021-05-31	0	NULO	28	10
2021-06-01	0	NULO	27	10.5
2021-06-02	2.2	NULO	25	10.5
2021-06-03	0.4	NULO	23	11.5
2021-06-04	1	NULO	23.5	12
2021-06-05	0	NULO	27	13
2021-06-06	0	NULO	28	13.5
2021-06-07	0	NULO	31	12
2021-06-08	0	NULO	29.5	10.5
2021-06-09	0	NULO	27.5	10
2021-06-10	0	NULO	25	9.5
2021-06-11	0	NULO	24	9.5
2021-06-12	2.8	NULO	21	10.5
2021-06-13	8.2	NULO	20	11.5
2021-06-14	8.2	NULO	19	11.5
2021-06-15	3.3	NULO	21	10.5
2021-06-16	6.8	NULO	21.5	10
2021-06-17	14.7	NULO	21	10.5
2021-06-18	0	NULO	19	10.5
2021-06-19	17.8	NULO	23.5	10
2021-06-20	12	NULO	29.5	12
2021-06-21	12	NULO	24	13
2021-06-22	12	NULO	25	11
2021-06-23	12.8	NULO	24.5	12
2021-06-24	12	NULO	24	12
2021-06-25	4	NULO	24	11
2021-06-26	3.2	NULO	24	10
2021-06-27	14.8	NULO	20.5	11
2021-06-28	1.8	NULO	24	10
2021-06-29	3.2	NULO	24.5	11
2021-06-30	3	NULO	21.5	12
2021-07-01	1.5	NULO	21	12
2021-07-02	1	NULO	23.5	13.5
2021-07-03	14	NULO	24	11
2021-07-04	24	NULO	25	11.5
2021-07-05	0.3	NULO	19.5	10
2021-07-06	5	NULO	24.5	10
2021-07-07	1	NULO	24.5	12
2021-07-08	14	NULO	24	12.5
2021-07-09	0.3	NULO	24	13
2021-07-10	0	NULO	24	12
2021-07-11	0	NULO	24	10
2021-07-12	0	NULO	24	9
2021-07-13	0	NULO	23.5	10
2021-07-14	0.2	NULO	22.5	9.5
2021-07-15	0	NULO	25	10
2021-07-16	0	NULO	24.5	10.5
2021-07-17	0	NULO	24.5	10
2021-07-18	0	NULO	24.5	9.5
2021-07-19	0.8	NULO	24.5	9.5
2021-07-20	0	NULO	25	10.5
2021-07-21	0.8	NULO	25.5	11.5
2021-07-22	0	NULO	25	11
2021-07-23	0	NULO	25	9.5
2021-07-24	0	NULO	26	10
2021-07-25	0	NULO	26	10
2021-07-26	0	NULO	26	9.5
2021-07-27	0	NULO	25	9.5
2021-07-28	0	NULO	25	11
2021-07-29	0	NULO	25	11.5
2021-07-30	6	NULO	22.5	11.5
2021-07-31	0	NULO	24.5	9.5
2021-08-01	0	NULO	25	8
2021-08-02	4.3	NULO	26	10.5
2021-08-03	6.2	NULO	23	12.5
2021-08-04	2	NULO	24.5	10.5
2021-08-05	0	NULO	25.5	12.5
2021-08-06	0	NULO	24.5	10.5
2021-08-07	2.7	NULO	24	11
2021-08-08	0.3	NULO	23	11
2021-08-09	0	NULO	24	11
2021-08-10	0	NULO	15	10
2021-08-11	0	NULO	25	10
2021-08-12	0	NULO	25.5	10
2021-08-13	0	NULO	25	10
2021-08-14	0	NULO	25	12
2021-08-15	0	NULO	26	12.5
2021-08-16	0	NULO	26	11
2021-08-17	0	NULO	27.5	11
2021-08-18	0.01	NULO	27.5	12
2021-08-19	0	NULO	27.5	13.5
2021-08-20	86.4	NULO	21	10
2021-08-21	26.2	NULO	15.5	10.5
2021-08-22	2.2	NULO	21.5	10.5
2021-08-23	0	NULO	22	9
2021-08-24	5.5	NULO	21	10
2021-08-25	11.6	NULO	21	10.5
2021-08-26	0.01	NULO	22	10
2021-08-27	0	NULO	23	8
2021-08-28	19.7	NULO	25	10.5
2021-08-29	7	NULO	25.5	11
2021-08-30	3.2	NULO	23	12
2021-08-31	10	NULO	24.5	12.5
2021-09-01	0	NULO	22.5	12.5
2021-09-02	0	NULO	22	12.5
2021-09-03	0	NULO	22	11.5
2021-09-04	0	NULO	23	9.5
2021-09-05	0	NULO	23.5	10
2021-09-06	0	NULO	24	12
2021-09-07	0	NULO	22.5	10.5
2021-09-08	0	NULO	23.5	10
2021-09-09	0	NULO	22.5	11
2021-09-10	0	NULO	21	10.5
2021-09-11	0	NULO	21.5	10
2021-09-12	0	NULO	24	10
2021-09-13	0	NULO	22	10
2021-09-14	0	NULO	24	11
2021-09-15	0	NULO	25	11.5
2021-09-16	0	NULO	25.5	11.5
2021-09-17	0	NULO	24	13
2021-09-18	0	NULO	23	12.5
2021-09-19	0	NULO	25.5	12.5
2021-09-20	0	NULO	24	11
2021-09-21	0	NULO	23	11.5
2021-09-22	0	NULO	25.5	11
2021-09-23	0	NULO	26	11
2021-09-24	0	NULO	20.5	11
2021-09-25	0	NULO	20.5	11
2021-09-26	0	NULO	24	11
2021-09-27	0	NULO	24.5	11
2021-09-28	0	NULO	26.5	11
2021-09-29	0	NULO	26	12
2021-09-30	0	NULO	25	12.5
2021-10-01	46.8	NULO	24.5	10.5
2021-10-02	6.8	NULO	23	12.5
2021-10-03	1.6	NULO	22	11
2021-10-04	4	NULO	22	11
2021-10-05	1.8	NULO	17	11
2021-10-06	0	NULO	19.5	10
2021-10-07	0	NULO	21	8
2021-10-08	0	NULO	23	7
2021-10-09	0	NULO	25.5	6.5
2021-10-10	0	NULO	29	10
2021-10-11	0	NULO	26	12
2021-10-12	0	NULO	28.5	12
2021-10-13	0	NULO	30	12
2021-10-14	0	NULO	26.5	12.5
2021-10-15	0.3	NULO	25	10
2021-10-16	10	NULO	22	10.5
2021-10-17	1.2	NULO	15.5	10
2021-10-18	0	NULO	14.5	6.5
2021-10-19	0	NULO	24	7.5
2021-10-20	1.3	NULO	25	8
2021-10-21	40.8	NULO	21	12
2021-10-22	0.5	NULO	19.5	11
2021-10-23	0	NULO	23.5	8.5
2021-10-24	0.1	NULO	22.5	8.5
2021-10-25	0	NULO	25.5	12
2021-10-26	0	NULO	28.5	11.5
2021-10-27	0	NULO	26.5	11.5
2021-10-28	0	NULO	25	12.5
2021-10-29	0	NULO	25	10
2021-10-30	0	NULO	25	5
2021-10-31	0	NULO	15	6
2021-11-01	0	NULO	23.5	7.3
2021-11-02	0	NULO	23	3.5
2021-11-03	0	NULO	23	4
2021-11-04	0	NULO	21.5	4.5
2021-11-05	0	NULO	23	5
2021-11-06	0	NULO	21.5	5
2021-11-07	0	NULO	22.5	4.5
2021-11-08	0	NULO	22	6
2021-11-09	0	NULO	24	5
2021-11-10	0	NULO	25	6
2021-11-11	0	NULO	24.5	8
2021-11-12	0	NULO	20	6.5
2021-11-13	0	NULO	20	5.5
2021-11-14	0	NULO	21	7
2021-11-15	0	NULO	20	3.5
2021-11-16	0	NULO	23	2
2021-11-17	0	NULO	24	4
2021-11-18	2.6	NULO	23	7.5
2021-11-19	1	NULO	14	8
2021-11-20	0	NULO	20	7
2021-11-21	0	NULO	22	7
2021-11-22	2.4	NULO	20	7.5
2021-11-23	0	NULO	19	8
2021-11-24	0.1	NULO	22.5	8
2021-11-25	1	NULO	22.5	9.5
2021-11-26	0.4	NULO	17.5	8
2021-11-27	0	NULO	24	5.5
2021-11-28	0.5	NULO	21	8
2021-11-29	0	NULO	18.5	6
2021-11-30	0	NULO	25	4
2021-12-01	0	NULO	24	7
2021-12-02	0	NULO	24	5
2021-12-03	0	NULO	24	4.5
2021-12-04	0	NULO	23.5	5
2021-12-05	0	NULO	25	5.5
2021-12-06	0	NULO	27	6
2021-12-07	0	NULO	24.5	5.5
2021-12-08	0	NULO	28	7.5
2021-12-09	0	NULO	25	8.5
2021-12-10	0	NULO	27	8.5
2021-12-11	0	NULO	26	7
2021-12-12	0	NULO	23	7
2021-12-13	0	NULO	24	7
2021-12-14	0	NULO	23	7
2021-12-15	0	NULO	25	7
2021-12-16	0	NULO	25	6
2021-12-17	0	NULO	26	6.5
2021-12-18	0.3	NULO	24.5	8
2021-12-19	0	NULO	24	7.5
2021-12-20	0	NULO	22.5	7.5
2021-12-21	0	NULO	22	4
2021-12-22	0	NULO	24	5
2021-12-23	0	NULO	24	5
2021-12-24	0	NULO	27	7
2021-12-25	0	NULO	26.5	6.5
2021-12-26	0	NULO	27	6.5
2021-12-27	0	NULO	27.5	7
2021-12-28	0	NULO	28	8
2021-12-29	0	NULO	27.5	8.5
2021-12-30	0	NULO	27	8.5
2021-12-31	0	NULO	28	8
2022-01-01	0	NULO	28	7.5
2022-01-02	0	NULO	23	8
2022-01-03	0	NULO	22.5	2
2022-01-04	0	NULO	27	2.5
2022-01-05	0	NULO	27	6.5
2022-01-06	0	NULO	27	10
2022-01-07	0	NULO	27.5	8
2022-01-08	0	NULO	27.5	9
2022-01-09	0	NULO	25	6.5
2022-01-10	0.5	NULO	15	9
2022-01-11	0.2	NULO	17.5	5
2022-01-12	0	NULO	21.5	4.5
2022-01-13	0	NULO	21	4.5
2022-01-14	0	NULO	23	3
2022-01-15	0.01	NULO	23	5
2022-01-16	0	NULO	22.5	2.5
2022-01-17	0	NULO	22	3
2022-01-18	0	NULO	24.5	6.5
2022-01-19	0	NULO	24.5	7.5
2022-01-20	0	NULO	24	7.5
2022-01-21	0.01	NULO	20	6
2022-01-22	0	NULO	20	5.5
2022-01-23	0	NULO	21	5.5
2022-01-24	0	NULO	24	6
2022-01-25	0	NULO	25	5.5
2022-01-26	0	NULO	23	5.7
2022-01-27	0	NULO	23.5	5.5
2022-01-28	0	NULO	17	4.5
2022-01-29	0	NULO	17	3.5
2022-01-30	0	NULO	24	1
2022-01-31	0	NULO	24	8.5
2022-02-01	0	NULO	24.5	7.5
2022-02-02	0	NULO	27	7.5
2022-02-03	0	NULO	27	9
2022-02-04	0	NULO	20	7.5
2022-02-05	0	NULO	20	-3.5
2022-02-06	0	NULO	24.5	-2.5
2022-02-07	3	NULO	20	7.5
2022-02-08	0.01	NULO	13	0
2022-02-09	0	NULO	20	0
2022-02-10	0	NULO	24	4
2022-02-11	0	NULO	22	3
2022-02-12	1	NULO	14	7
2022-02-13	0	NULO	12	2
2022-02-14	0	NULO	22	3
2022-02-15	0	NULO	21.5	4
2022-02-16	0	NULO	24.5	4.5
2022-02-17	0	NULO	23.5	7.5
2022-02-18	0	NULO	20	6.5
2022-02-19	0	NULO	24.5	5
2022-02-20	0	NULO	29	3
2022-02-21	0	NULO	28	4
2022-02-22	0	NULO	28	10
2022-02-23	0	NULO	26	9
2022-02-24	0	NULO	22	5.5
2022-02-25	0	NULO	23	6.5
2022-02-26	0	NULO	22	6.5
2022-02-27	0	NULO	22	2
2022-02-28	0	NULO	22.5	3.5
2022-03-01	0	NULO	25	0
2022-03-02	0	NULO	27	4
2022-03-03	0	NULO	25.5	2.5
2022-03-04	0	NULO	26.5	3
2022-03-05	0	NULO	29	5
2022-03-06	0	NULO	28	9.5
2022-03-07	0	NULO	26	9.5
2022-03-08	0	NULO	28	7
2022-03-09	0	NULO	29	9
2022-03-10	0	NULO	28	5.5
2022-03-11	0	NULO	22	9
2022-03-12	0	NULO	10	4.5
2022-03-13	0	NULO	24.5	-2.5
2022-03-14	0	NULO	29	3.5
2022-03-15	0	NULO	18	6.5
2022-03-16	0	NULO	26.5	4
2022-03-17	0	NULO	27	7.5
2022-03-18	0	NULO	28	9.5
2022-03-19	0	NULO	23	8.5
2022-03-20	0	NULO	25.5	7
2022-03-21	0	NULO	18	8.5
2022-03-22	0	NULO	27	9
2022-03-23	0	NULO	25	1.5
2022-03-24	0	NULO	19	2.5
2022-03-25	0	NULO	20.5	1
2022-03-26	0	NULO	23	2.5
2022-03-27	0	NULO	27	4
2022-03-28	0	NULO	28	6.5
2022-03-29	0	NULO	30.5	8.5
2022-03-30	0	NULO	30.5	10
2022-03-31	0	NULO	30.5	10
2022-04-01	0	NULO	31	7.5
2022-04-02	0	NULO	29	7.5
2022-04-03	0	NULO	28	6.5
2022-04-04	0	NULO	31	7.5
2022-04-05	0	NULO	31	10
2022-04-06	0	NULO	31	10.5
2022-04-07	0.3	NULO	19.5	9
2022-04-08	0	NULO	20	4
2022-04-09	0	NULO	24	2
2022-04-10	1.2	NULO	28	4
2022-04-11	0.1	NULO	30	8
2022-04-12	0	NULO	30	12
2022-04-13	0	NULO	29	11.5
2022-04-14	0	NULO	29	11.5
2022-04-15	0	NULO	29	11
2022-04-16	0	NULO	30	11
2022-04-17	0	NULO	32	12
2022-04-18	0	NULO	26	11
2022-04-19	0	NULO	25	8.5
2022-04-20	0	NULO	25	9.5
2022-04-21	20	NULO	31	8
2022-04-22	0	NULO	26	7
2022-04-23	0	NULO	26	7
2022-04-24	0	NULO	28	8
2022-04-25	0.01	NULO	27	9.5
2022-04-26	0	NULO	20	9
2022-04-27	0	NULO	20.5	8
2022-04-28	0.8	NULO	26	6
2022-04-29	0	NULO	29	9.5
2022-04-30	0	NULO	30	10.5
2022-05-01	0	NULO	28.5	10
2022-05-02	0	NULO	30	10.5
2022-05-03	0	NULO	31	11.5
2022-05-04	0	NULO	30	11
2022-05-05	0	NULO	30	11.5
2022-05-06	0	NULO	29.5	14
2022-05-07	0	NULO	32	11
2022-05-08	0	NULO	32	11.5
2022-05-09	0	NULO	33	13
2022-05-10	0	NULO	29	12.5
2022-05-11	0	NULO	24.5	11
2022-05-12	0	NULO	25	7.5
2022-05-13	0	NULO	28	6.5
2022-05-14	0	NULO	28.5	6
2022-05-15	0	NULO	26.5	6
2022-05-16	0	NULO	27.5	6.5
2022-05-17	0	NULO	29	6.5
2022-05-18	0	NULO	30	8
2022-05-19	0	NULO	32	9
2022-05-20	0	NULO	32.5	11
2022-05-21	0	NULO	33	13
2022-05-22	0.4	NULO	27	13
2022-05-23	0.3	NULO	27	9.5
2022-05-24	0.01	NULO	25	10
2022-05-25	0	NULO	30	10.5
2022-05-26	0	NULO	26.5	11
2022-05-27	0	NULO	26	10.5
2022-05-28	0	NULO	26.5	8
2022-05-29	0	NULO	28	7.5
2022-05-30	0	NULO	28	8
2022-05-31	0.1	NULO	26.5	8.5
2022-06-01	0	NULO	25	9
2022-06-02	0	NULO	20	9
2022-06-03	0	NULO	24.5	7
2022-06-04	0	NULO	26.5	7.5
2022-06-05	0	NULO	28	7.5
2022-06-06	0	NULO	29	9
2022-06-07	0	NULO	29	7.5
2022-06-08	5.8	NULO	27	7.5
2022-06-09	0	NULO	24	10
2022-06-10	0	NULO	26	9.5
2022-06-11	0	NULO	26.5	9
2022-06-12	0	NULO	26.5	10
2022-06-13	0	NULO	25	10
2022-06-14	2.5	NULO	23.5	10
2022-06-15	2.8	NULO	20.5	10
2022-06-16	0	NULO	22	8
2022-06-17	0	NULO	23	8
2022-06-18	0	NULO	24.5	7
2022-06-19	0.4	NULO	22	10
2022-06-20	7.6	NULO	20.5	6.5
2022-06-21	30.4	NULO	17	7.5
2022-06-22	3.5	NULO	13	9
2022-06-23	0	NULO	21	6.5
2022-06-24	0	NULO	22	7
2022-06-25	4.2	NULO	25	8
2022-06-26	0	NULO	23	9
2022-06-27	0	NULO	23	10
2022-06-28	0	NULO	23	9.5
2022-06-29	0	NULO	24	9
2022-06-30	0	NULO	24	9
2022-07-01	0.4	NULO	25	9
2022-07-02	0	NULO	25	9
2022-07-03	0.4	NULO	25	9
2022-07-04	0	NULO	24.5	9.5
2022-07-05	0	NULO	25	8.5
2022-07-06	0	NULO	24.5	7.5
2022-07-07	2.8	NULO	25	7.5
2022-07-08	2.8	NULO	25	9
2022-07-09	0	NULO	24	9.5
2022-07-10	0	NULO	25.5	8
2022-07-11	0	NULO	27	8
2022-07-12	0	NULO	27.5	9.5
2022-07-13	8	NULO	25	9
2022-07-14	0	NULO	23	8.5
2022-07-15	0.1	NULO	22	9
2022-07-16	0	NULO	24	10
2022-07-17	0	NULO	24.5	8
2022-07-18	0.3	NULO	24	9.5
2022-07-19	0	NULO	27	8
2022-07-20	0	NULO	30	10
2022-07-21	0	NULO	27	9.5
2022-07-22	0	NULO	26	9.5
2022-07-23	0	NULO	24.5	8.5
2022-07-24	5.3	NULO	23.5	8
2022-07-25	0	NULO	23	8
2022-07-26	0	NULO	24	8
2022-07-27	19.8	NULO	24	8
2022-07-28	0	NULO	24	9
2022-07-29	2	NULO	23.5	9
2022-07-30	0	NULO	23	8.5
2022-07-31	0.2	NULO	23	8
2022-08-01	0	NULO	23.5	8
2022-08-02	0	NULO	24.5	9
2022-08-03	0	NULO	25	8.5
2022-08-04	0	NULO	24	8.5
2022-08-05	0	NULO	24	7.5
2022-08-06	0	NULO	23.5	8
2022-08-07	10.5	NULO	24	8.5
2022-08-08	0	NULO	21	7
2022-08-09	0	NULO	22.5	8
2022-08-10	0	NULO	25	8
2022-08-11	0	NULO	24.5	8.5
2022-08-12	0	NULO	24	8.5
2022-08-13	0	NULO	25.5	8
2022-08-14	0.2	NULO	25	8.5
2022-08-15	4.4	NULO	24	10.5
2022-08-16	4.2	NULO	23	9
2022-08-17	0.2	NULO	24	9.5
2022-08-18	0	NULO	24.5	8.5
2022-08-19	0	NULO	25.5	7.5
2022-08-20	51.3	NULO	27	9
2022-08-21	0	NULO	24	9
2022-08-22	0	NULO	24	9
2022-08-23	18	NULO	25	8.5
2022-08-24	0	NULO	24	8
2022-08-25	0	NULO	24	9
2022-08-26	3.5	NULO	24.5	7.5
2022-08-27	0	NULO	25	8
2022-08-28	21.5	NULO	24.5	9.5
2022-08-29	0.3	NULO	23.5	9
2022-08-30	0	NULO	24	9
2022-08-31	0	NULO	24.5	10
2022-09-01	0.3	NULO	24.5	9.5
2022-09-02	0.4	NULO	23.5	10
2022-09-03	4	NULO	19	10
2022-09-04	2	NULO	20	8.5
2022-09-05	18.3	NULO	22.5	8.5
2022-09-06	0.3	NULO	22	9.5
2022-09-07	7.8	NULO	22	9
2022-09-08	0.2	NULO	20	10
2022-09-09	0	NULO	20	6.5
2022-09-10	0	NULO	25	7.5
2022-09-11	2	NULO	22	7.5
2022-09-12	0	NULO	22	9
2022-09-13	0	NULO	20.5	8.5
2022-09-14	16.8	NULO	20	6.5
2022-09-15	4.5	NULO	20	6.5
2022-09-16	1.7	NULO	16.5	9.5
2022-09-17	1	NULO	20	10
2022-09-18	0	NULO	22	10
2022-09-19	3	NULO	22	10.5
2022-09-20	0.2	NULO	21	10
2022-09-21	0.4	NULO	20	7.5
2022-09-22	0.2	NULO	20.5	7.5
2022-09-23	0	NULO	19.5	8.5
2022-09-24	0.2	NULO	24	9.5
2022-09-25	0	NULO	23	7.5
2022-09-26	5.5	NULO	16.5	9
2022-09-27	4.5	NULO	16	7.5
2022-09-28	12.3	NULO	15	7
2022-09-29	0.7	NULO	13	6.5
2022-09-30	0	NULO	18	6
2022-10-01	0	NULO	19	3.5
2022-10-02	0	NULO	20	3.5
2022-10-03	0	NULO	21	2.5
2022-10-04	0	NULO	20	7
2022-10-05	0.3	NULO	21.5	7.5
2022-10-06	0	NULO	19	9
2022-10-07	0.2	NULO	19	6
2022-10-08	6	NULO	14	6.5
2022-10-09	7.2	NULO	13	7
2022-10-10	1.4	NULO	14.5	6
2022-10-11	0	NULO	13	6.5
2022-10-12	0	NULO	22.5	8
2022-10-13	0	NULO	21	7
2022-10-14	0	NULO	22.5	6
2022-10-15	0	NULO	23	6.5
2022-10-16	0	NULO	26	7.5
2022-10-17	6	NULO	25	9
2022-10-18	7	NULO	18	9
2022-10-19	0.01	NULO	13	5
2022-10-20	0	NULO	20	3.5
2022-10-21	0	NULO	20	4
2022-10-22	0	NULO	20	6
2022-10-23	0	NULO	27.5	8
2022-10-24	0	NULO	27.5	9.5
2022-10-25	0	NULO	22.5	11
2022-10-26	0	NULO	25.5	8
2022-10-27	0	NULO	28.5	9
2022-10-28	0.3	NULO	28	11
2022-10-29	0	NULO	23	7.5
2022-10-30	0	NULO	24	8
2022-10-31	1	NULO	25.5	9
2022-11-01	0	NULO	23.5	7.5
2022-11-02	0	NULO	22	8
2022-11-03	0	NULO	25.5	6.5
2022-11-04	0	NULO	25	8
2022-11-05	0	NULO	27	8.5
2022-11-06	0	NULO	25	8.5
2022-11-07	0	NULO	23	3.5
2022-11-08	0.5	NULO	21	5
2022-11-09	0	NULO	20	6
2022-11-10	0	NULO	25	5.5
2022-11-11	0	NULO	27	6.5
2022-11-12	0	NULO	22.5	7
2022-11-13	0	NULO	23.5	6
2022-11-14	0	NULO	27	7.5
2022-11-15	0	NULO	21.5	8
2022-11-16	0	NULO	21	7.5
2022-11-17	0.01	NULO	21.5	8
2022-11-18	0	NULO	21.5	5.5
2022-11-19	2	NULO	22.5	7.5
2022-11-20	0	NULO	17	4
2022-11-21	2.8	NULO	21	4.5
2022-11-22	0	NULO	21	7
2022-11-23	0	NULO	23	6.5
2022-11-24	20.5	NULO	24	7.5
2022-11-25	0.3	NULO	25	8.5
2022-11-26	1.3	NULO	24.5	8
2022-11-27	0	NULO	25	8
2022-11-28	0	NULO	26	9
2022-11-29	0	NULO	25.5	8
2022-11-30	0.4	NULO	21.5	8.5
2022-12-01	0	NULO	18	8.5
2022-12-02	0.01	NULO	21.5	6
2022-12-03	0	NULO	20	7
2022-12-04	0	NULO	20.5	4
2022-12-05	0	NULO	25	4
2022-12-06	0	NULO	25	5
2022-12-07	0	NULO	9	5
2022-12-08	0	NULO	21.5	2
2022-12-09	0	NULO	22	2.5
2022-12-10	0	NULO	24.5	4
2022-12-11	0	NULO	22.5	4.5
2022-12-12	0	NULO	24	4.5
2022-12-13	0	NULO	24	5.5
2022-12-14	0	NULO	24.5	5.5
2022-12-15	0	NULO	25	5
2022-12-16	0	NULO	25	5.5
2022-12-17	0	NULO	22	2.5
2022-12-18	0	NULO	20.5	4
2022-12-19	0	NULO	14	4.5
2022-12-20	0	NULO	15	4
2022-12-21	0	NULO	24	1
2022-12-22	0	NULO	24	1
2022-12-23	0	NULO	14	5.5
2022-12-24	3	NULO	17	0
2022-12-25	6.5	NULO	10.5	0
2022-12-26	0	NULO	7	1.5
2022-12-27	0	NULO	18	2
2022-12-28	0	NULO	22	2.5
2022-12-29	0	NULO	22	3.5
2022-12-30	0	NULO	19	4.5
2022-12-31	0.3	NULO	24	7
2023-01-01	1	NULO	25.5	6
2023-01-02	0	NULO	23.5	6.5
2023-01-03	0	NULO	23.5	7.5
2023-01-04	0	NULO	23	6
2023-01-05	0	NULO	20	4
2023-01-06	0	NULO	22	3
2023-01-07	0	NULO	21	3
2023-01-08	0	NULO	21	2
2023-01-09	0	NULO	22	2
2023-01-10	0	NULO	22	4
2023-01-11	0	NULO	23	4
2023-01-12	0	NULO	21.5	5
2023-01-13	0	NULO	17	0
2023-01-14	0	NULO	22	-2
2023-01-15	0	NULO	22	1
2023-01-16	0	NULO	25	4
2023-01-17	0	NULO	27	6
2023-01-18	0	NULO	25	5.5
2023-01-19	0	NULO	22	5.5
2023-01-20	0	NULO	26.5	4
2023-01-21	0	NULO	26.5	6
2023-01-22	0	NULO	21.5	6.5
2023-01-23	0	NULO	23	4.5
2023-01-24	0	NULO	26	6
2023-01-25	0	NULO	22.5	4
2023-01-26	0	NULO	13	3.5
2023-01-27	0	NULO	20	2
2023-01-28	0	NULO	25	2
2023-01-29	0	NULO	24	5
2023-01-30	0	NULO	25	6
2023-01-31	0	NULO	25	3.5
2023-02-01	0	NULO	25	4
2023-02-02	0.3	NULO	26	4
2023-02-03	0	NULO	9	1
2023-02-04	0	NULO	19	-3
2023-02-05	0	NULO	21.5	-2.5
2023-02-06	0	NULO	23	1.5
2023-02-07	0	NULO	27	3.5
2023-02-08	0	NULO	24	7
2023-02-09	0	NULO	22.5	5
2023-02-10	0	NULO	19.5	5.5
2023-02-11	0	NULO	15	4
2023-02-12	0	NULO	23.5	0.5
2023-02-13	0	NULO	24.5	3.5
2023-02-14	0	NULO	27	4
2023-02-15	0	NULO	28.5	7
2023-02-16	0	NULO	30	7
2023-02-17	0	NULO	10	3.5
2023-02-18	0	NULO	22	-2
2023-02-19	0	NULO	24	-2
2023-02-20	0	NULO	26	4
2023-02-21	0	NULO	28	6
2023-02-22	0	NULO	27.5	6
2023-02-23	0	NULO	27.5	7
2023-02-24	0	NULO	25	7
2023-02-25	0	NULO	25	5.5
2023-02-26	0	NULO	27.5	6.5
2023-02-27	0	NULO	29.5	8
2023-02-28	0	NULO	30.5	8
2023-03-01	0	NULO	30.5	11
2023-03-02	0	NULO	30	10.5
2023-03-03	0	NULO	27	9
2023-03-04	0	NULO	26	9
2023-03-05	0	NULO	28.5	7.5
2023-03-06	0	NULO	28	7.5
2023-03-07	0	NULO	29	7
2023-03-08	0	NULO	27	6
2023-03-09	0	NULO	28	3
2023-03-10	0	NULO	27	6
2023-03-11	0	NULO	28	5
2023-03-12	2	NULO	28.5	6
2023-03-13	0	NULO	27	7
2023-03-14	19.9	NULO	26	7
2023-03-15	1	NULO	25.5	6.5
2023-03-16	0	NULO	23	6.5
2023-03-17	0	NULO	26	7.5
2023-03-18	9	NULO	22	7.5
2023-03-19	0	NULO	10	2.5
2023-03-20	0	NULO	21	0.5
2023-03-21	0	NULO	27	3.3
2023-03-22	0	NULO	27.5	7.5
2023-03-23	0	NULO	27.5	8
2023-03-24	0	NULO	29	11.5
2023-03-25	0	NULO	30	11.5
2023-03-26	0	NULO	30.5	11.5
2023-03-27	0	NULO	32	11
2023-03-28	0	NULO	26.5	9
2023-03-29	0	NULO	25	9.5
2023-03-30	0	NULO	27	9
2023-03-31	0	NULO	28	8
2023-04-01	0	NULO	26	9
2023-04-02	0	NULO	28	8
2023-04-03	0.01	NULO	32	11.5
2023-04-04	0	NULO	33	12.5
2023-04-05	0	NULO	31	11.5
2023-04-06	0	NULO	25	10
2023-04-07	2.6	NULO	25	11
2023-04-08	0	NULO	22	7.5
2023-04-09	0	NULO	25	7
2023-04-10	3.7	NULO	22	8
2023-04-11	1.5	NULO	21	7
2023-04-12	0	NULO	23	5.5
2023-04-13	0	NULO	25	5.5
2023-04-14	0	NULO	30	9
2023-04-15	0	NULO	27	10.5
2023-04-16	0.5	NULO	25	8
2023-04-17	0	NULO	24	7
2023-04-18	0	NULO	29	9
2023-04-19	0	NULO	30	10
2023-04-20	0	NULO	31	10.5
2023-04-21	0.3	NULO	31	11.5
2023-04-22	0	NULO	30	9.5
2023-04-23	0	NULO	29	7.5
2023-04-24	0	NULO	28	9
2023-04-25	0	NULO	28	10.5
2023-04-26	0	NULO	31	10.5
2023-04-27	0.01	NULO	28	11
2023-04-28	0	NULO	30	8
2023-04-29	0	NULO	25.5	11.5
2023-04-30	0	NULO	25	5
2023-05-01	0	NULO	30	9.5
2023-05-02	0	NULO	31	11
2023-05-03	0	NULO	30	11
2023-05-04	2.8	NULO	30	9
2023-05-05	0.01	NULO	29	10
2023-05-06	0	NULO	30	10
2023-05-07	2.6	NULO	28.5	10
2023-05-08	21.5	NULO	30.5	10.5
2023-05-09	1.2	NULO	28	9
2023-05-10	1.8	NULO	28	10
2023-05-11	0	NULO	28	10
2023-05-12	8	NULO	30.5	11.5
2023-05-13	2.8	NULO	27	9.5
2023-05-14	1.9	NULO	25	8
2023-05-15	0.01	NULO	24	6
2023-05-16	2.5	NULO	25.5	8.5
2023-05-17	0	NULO	30	8
2023-05-18	0	NULO	27	9
2023-05-19	0	NULO	27	10
2023-05-20	0	NULO	20	10
2023-05-21	0	NULO	24	10
2023-05-22	0	NULO	24.5	10.5
2023-05-23	0	NULO	25.5	10
2023-05-24	2.8	NULO	26	11
2023-05-25	0	NULO	27	9.5
2023-05-26	0	NULO	26.5	9
2023-05-27	0	NULO	27	8.5
2023-05-28	1.5	NULO	26.5	9.5
2023-05-29	0.01	NULO	26.5	9.5
2023-05-30	0	NULO	27	9.5
2023-05-31	0	NULO	30	9.5
2023-06-01	0	NULO	31.5	10
2023-06-02	0	NULO	30	11
2023-06-03	0	NULO	28	11.5
2023-06-04	0	NULO	28	11
2023-06-05	0.1	NULO	25	11
2023-06-06	0	NULO	27	10
2023-06-07	0	NULO	28	10
2023-06-08	0	NULO	28	11.5
2023-06-09	0	NULO	30	11.5
2023-06-10	0	NULO	33	11.5
2023-06-11	0	NULO	32	11.5
2023-06-12	0	NULO	32	11
2023-06-13	0	NULO	31.5	9.5
2023-06-14	0	NULO	32.5	9.5
2023-06-15	0	NULO	32	11.5
2023-06-16	0	NULO	33	11.5
2023-06-17	0	NULO	31	12
2023-06-18	0	NULO	32	11
2023-06-19	0	NULO	32.5	12.5
2023-06-20	0	NULO	32.5	11
2023-06-21	0	NULO	32	12
2023-06-22	0	NULO	30	13
2023-06-23	0	NULO	28	11
2023-06-24	3.2	NULO	27	10
2023-06-25	0.4	NULO	26.5	11
2023-06-26	0.6	NULO	25.5	11.5
2023-06-27	0	NULO	26	9.5
2023-06-28	0.2	NULO	26	9.5
2023-06-29	0.3	NULO	22.5	9.5
2023-06-30	2.3	NULO	25.5	10.5
2023-07-01	0	NULO	26	11
2023-07-02	0	NULO	26	10
2023-07-03	0	NULO	27	10.5
2023-07-04	0	NULO	27	12.5
2023-07-05	0	NULO	25	11.5
2023-07-06	2.4	NULO	22.5	11
2023-07-07	0.3	NULO	25	11.5
2023-07-08	0	NULO	25.5	11
2023-07-09	0	NULO	25	9.5
2023-07-10	25.4	NULO	27	10
2023-07-11	0	NULO	26	9
2023-07-12	0	NULO	27	9
2023-07-13	0	NULO	26	10
2023-07-14	0	NULO	28	9
2023-07-15	0	NULO	27	10
2023-07-16	0	NULO	26	8.5
2023-07-17	0	NULO	26	8.5
2023-07-18	0	NULO	26.5	9
2023-07-19	0	NULO	26	10
2023-07-20	0.01	NULO	25	10
2023-07-21	0	NULO	25.5	9
2023-07-22	0	NULO	25.5	9.5
2023-07-23	0	NULO	25.5	9
2023-07-24	2.2	NULO	21.5	10.5
2023-07-25	0	NULO	24	10
2023-07-26	0	NULO	24	7
2023-07-27	4	NULO	23	9
2023-07-28	4	NULO	22.5	7
2023-07-29	0.01	NULO	22	7.5
2023-07-30	2	NULO	20	9
2023-07-31	0.6	NULO	24	9.5
2023-08-01	0	NULO	26	9
2023-08-02	0	NULO	25	9
2023-08-03	0.4	NULO	25	10.5
2023-08-04	0	NULO	26	11.5
2023-08-05	2	NULO	26.5	11.5
2023-08-06	3	NULO	27	11.5
2023-08-07	0	NULO	27	9.5
2023-08-08	0	NULO	26	7.5
2023-08-09	0.3	NULO	26	8
2023-08-10	7.3	NULO	25	9
2023-08-11	1.7	NULO	27	9
2023-08-12	0	NULO	25	10
2023-08-13	5.8	NULO	26	9
2023-08-14	0	NULO	22	10
2023-08-15	3.4	NULO	22	9
2023-08-16	0.01	NULO	20	8
2023-08-17	12.4	NULO	24	10
2023-08-18	5	NULO	23	7
2023-08-19	0.01	NULO	23	10
2023-08-20	0	NULO	19	10
2023-08-21	17.6	NULO	20.5	8.5
2023-08-22	0.01	NULO	20.5	7.5
2023-08-23	6.2	NULO	20.5	8
2023-08-24	10.2	NULO	18	9.5
2023-08-25	0.01	NULO	15.5	6.5
2023-08-26	1.6	NULO	21	7.5
2023-08-27	0.01	NULO	19	10
2023-08-28	0	NULO	23	10
2023-08-29	0	NULO	25	7.5
2023-08-30	0.01	NULO	25	10
2023-08-31	0	NULO	25	10.5
2023-09-01	0	NULO	25	10
2023-09-02	0	NULO	25	9
2023-09-03	0	NULO	23	9
2023-09-04	0	NULO	29.5	9.5
2023-09-05	0	NULO	26.5	8.5
2023-09-06	0	NULO	26	10.5
2023-09-07	0	NULO	26.5	10.5
2023-09-08	0	NULO	25	9.5
2023-09-09	0	NULO	23.5	8
2023-09-10	0	NULO	23	8.5
2023-09-11	0	NULO	24.5	9.5
2023-09-12	0	NULO	25.5	7.5
2023-09-13	0	NULO	27	8
2023-09-14	0	NULO	15	8
2023-09-15	0	NULO	25.5	8
2023-09-16	0	NULO	25	9
2023-09-17	0	NULO	25.5	10
2023-09-18	2	NULO	22.5	11
2023-09-19	0	NULO	24.5	9.5
2023-09-20	0	NULO	26	9
2023-09-21	0	NULO	26	7.5
2023-09-22	0	NULO	26.5	8
2023-09-23	0	NULO	26.5	7.5
2023-09-24	0	NULO	27.5	7.5
2023-09-25	0	NULO	23.5	8
2023-09-26	0	NULO	24	9.5
2023-09-27	0	NULO	26	7.5
2023-09-28	0	NULO	26	9
2023-09-29	0	NULO	24.5	10
2023-09-30	0	NULO	25	9
2023-10-01	0	NULO	24	10
2023-10-02	0.5	NULO	25	11.5
2023-10-03	0	NULO	25	11
2023-10-04	0	NULO	27	10
2023-10-05	0	NULO	26.5	10
2023-10-06	3.3	NULO	20	10.5
2023-10-07	4.5	NULO	14	8
2023-10-08	3	NULO	14	7
2023-10-09	0.4	NULO	19	7.5
2023-10-10	1.3	NULO	19	8
2023-10-11	0	NULO	19.5	10
2023-10-12	0	NULO	23	9
2023-10-13	0.3	NULO	26	9
2023-10-14	3	NULO	28	11
2023-10-15	4	NULO	20.5	10
2023-10-16	0.4	NULO	15	7
2023-10-17	0	NULO	12.5	4.5
2023-10-18	0	NULO	18	1.5
2023-10-19	0	NULO	22	3
2023-10-20	0	NULO	22.5	7
2023-10-21	0	NULO	23.5	6
2023-10-22	0	NULO	26	7
2023-10-23	0	NULO	26	7
2023-10-24	0	NULO	22	7
2023-10-25	9.9	NULO	23	10
2023-10-26	4.5	NULO	21	11
2023-10-27	1	NULO	22	11.5
2023-10-28	0	NULO	21.5	8
2023-10-29	0	NULO	22.5	6
2023-10-30	0	NULO	24.5	7.5
2023-10-31	0.6	NULO	10	4.5
2023-11-01	0.01	NULO	11.5	1.5
2023-11-02	0	NULO	19	1.5
2023-11-03	0	NULO	22	5
2023-11-04	0	NULO	21	3
2023-11-05	0	NULO	23	5
2023-11-06	0	NULO	24	5.5
2023-11-07	0	NULO	24.5	6.5
2023-11-08	0	NULO	15.5	8
2023-11-09	0	NULO	28	8
2023-11-10	0.01	NULO	24.5	9
2023-11-11	0	NULO	23.5	10.5
2023-11-12	0.5	NULO	21.5	9.5
2023-11-13	1.2	NULO	21	9.5
2023-11-14	0	NULO	15	8
2023-11-15	0	NULO	21.5	4
2023-11-16	0	NULO	24	3
2023-11-17	0	NULO	24.5	3.5
2023-11-18	0	NULO	24.5	4.5
2023-11-19	0	NULO	28.5	6.5
2023-11-20	0.1	NULO	29.5	7.5
2023-11-21	17	NULO	14	10
2023-11-22	1	NULO	14.5	1
2023-11-23	0	NULO	20	1
2023-11-24	0	NULO	22.5	6.5
2023-11-25	0	NULO	23.5	6
2023-11-26	0	NULO	25	7
2023-11-27	0.3	NULO	17.5	7
2023-11-28	0.01	NULO	12.5	7.5
2023-11-29	2	NULO	21.5	6.5
2023-11-30	0	NULO	21.5	7.5
2023-12-01	0	NULO	23	9.5
2023-12-02	0.4	NULO	20	10
2023-12-03	1.6	NULO	15.5	7
2023-12-04	0	NULO	17	6.5
2023-12-05	0.3	NULO	15.5	6.5
2023-12-06	2.5	NULO	14	6
2023-12-07	1.7	NULO	14	6
2023-12-08	0	NULO	22	5.5
2023-12-09	0.01	NULO	18	7
2023-12-10	0	NULO	12	7.5
2023-12-11	1.2	NULO	11	1
2023-12-12	0	NULO	12	3
2023-12-13	0	NULO	18	3
2023-12-14	0.7	NULO	14.5	4
2023-12-15	0.01	NULO	16.5	5
2023-12-16	0	NULO	14.5	5
2023-12-17	0	NULO	15.5	1.5
2023-12-18	0	NULO	19.5	0.5
2023-12-19	0	NULO	20	-1.5
2023-12-20	0	NULO	20	-3.5
2023-12-21	0	NULO	20	-3
2023-12-22	0	NULO	19	-2
2023-12-23	0	NULO	20	0.5
2023-12-24	0	NULO	19	4
2023-12-25	0.6	NULO	20.5	4
2023-12-26	0.4	NULO	13.5	5.5
2023-12-27	0	NULO	10	5
2023-12-28	0	NULO	20	-0.5
2023-12-29	0	NULO	14	1
2023-12-30	0	NULO	16.5	0
2023-12-31	0	NULO	22	0.5
2024-01-01	0	NULO	21.5	3
2024-01-02	0	NULO	21.5	3
2024-01-03	0	NULO	24	6.5
2024-01-04	0	NULO	24.5	2.5
2024-01-05	0	NULO	23	6
2024-01-06	0	NULO	23.5	5
2024-01-07	0	NULO	18	4
2024-01-08	0	NULO	23.5	4.5
2024-01-09	0	NULO	21.5	5
2024-01-10	0	NULO	24	5
2024-01-11	0	NULO	15	5
2024-01-12	0	NULO	27	6
2024-01-13	0	NULO	25	3.5
2024-01-14	0	NULO	24.5	6.5
2024-01-15	0	NULO	26.5	6
2024-01-16	0	NULO	25	2.5
2024-01-17	0	NULO	24.5	3.5
2024-01-18	0	NULO	24	9
2024-01-19	0	NULO	20.5	7.5
2024-01-20	0.5	NULO	15	3.5
2024-01-21	0	NULO	17.5	5
2024-01-22	0	NULO	22	4.5
2024-01-23	6	NULO	25	5
2024-01-24	0	NULO	26	6.5
2024-01-25	0	NULO	24	6
2024-01-26	0	NULO	26	5.5
2024-01-27	0	NULO	19	5
2024-01-28	0	NULO	18	1
2024-01-29	0	NULO	17.5	1
2024-01-30	0	NULO	18	1
2024-01-31	0	NULO	22.5	2
2024-02-01	0	NULO	20.5	3
2024-02-02	0	NULO	15.5	5
2024-02-03	0	NULO	23	5.5
2024-02-04	0	NULO	24	5
2024-02-05	0	NULO	20	3
2024-02-06	0	NULO	23	-1
2024-02-07	0	NULO	27.5	1.5
2024-02-08	0	NULO	30	2.5
2024-02-09	0	NULO	28	6
2024-02-10	0	NULO	28	6.5
2024-02-11	0	NULO	29	7
2024-02-12	0	NULO	19.5	7.5
2024-02-13	0	NULO	21	0.5
2024-02-14	0	NULO	25	2
2024-02-15	0	NULO	12.5	5.5
2024-02-16	8.5	NULO	23.5	3
2024-02-17	3.3	NULO	14.5	3.5
2024-02-18	0	NULO	16	0
2024-02-19	0	NULO	24	1
2024-02-20	0	NULO	23	4
2024-02-21	0	NULO	25.5	3
2024-02-22	0	NULO	29.5	3
2024-02-23	0	NULO	26	0.5
2024-02-24	0	NULO	25.5	2
2024-02-25	0	NULO	25.5	3
2024-02-26	0	NULO	28	6.5
2024-02-27	0	NULO	30	7.5
2024-02-28	0	NULO	28	9.5
2024-02-29	0	NULO	26	6.5
2024-03-01	0	NULO	23	7.5
2024-03-02	0	NULO	27.5	5
2024-03-03	0	NULO	27.5	7
2024-03-04	0	NULO	28	7.5
2024-03-05	0	NULO	27	6.5
2024-03-06	0	NULO	23	6.5
2024-03-07	0	NULO	31.5	8
2024-03-08	0	NULO	32.5	9.5
2024-03-09	0	NULO	26.5	8.5
2024-03-10	0.01	NULO	21.5	4.5
2024-03-11	0	NULO	25	3
2024-03-12	0	NULO	28	4
2024-03-13	0	NULO	28	8
2024-03-14	0	NULO	31	10
2024-03-15	0	NULO	30	9
2024-03-16	0	NULO	26	9
2024-03-17	0	NULO	29.5	9.5
2024-03-18	0.1	NULO	29	7
2024-03-19	0	NULO	25	7
2024-03-20	0	NULO	26.5	6.5
2024-03-21	0	NULO	30	9
2024-03-22	0	NULO	27.5	10
2024-03-23	0	NULO	24.5	8.5
2024-03-24	0	NULO	30	6
2024-03-25	0	NULO	29.5	9.5
2024-03-26	0	NULO	29.5	9
2024-03-27	0	NULO	28	6.5
2024-03-28	0	NULO	19	6
2024-03-29	0	NULO	29	2
2024-03-30	0	NULO	29.5	7
2024-03-31	0	NULO	29.5	10
2024-04-01	0	NULO	31.5	10
2024-04-02	0	NULO	31	11.5
2024-04-03	0	NULO	21	6
2024-04-04	0	NULO	24	3.5
2024-04-05	0	NULO	27.5	4
2024-04-06	0	NULO	29	6.5
2024-04-07	0	NULO	30	10
2024-04-08	0	NULO	29	9
2024-04-09	0	NULO	31	10.5
2024-04-10	0	NULO	29	10.5
2024-04-11	0	NULO	20	5
2024-04-12	0	NULO	24	3.5
2024-04-13	0	NULO	27.5	5
2024-04-14	0	NULO	28	5
2024-04-15	0	NULO	30.5	7
2024-04-16	0	NULO	33	12
2024-04-17	0	NULO	33	11
2024-04-18	3.7	NULO	31	12
2024-04-19	1.2	NULO	28	11
2024-04-20	1.4	NULO	28	10
2024-04-21	2	NULO	30	11
2024-04-22	0	NULO	23.5	8.5
2024-04-23	0	NULO	27	5.5
2024-04-24	0	NULO	27	5
2024-04-25	0	NULO	28.5	5.5
2024-04-26	0	NULO	28	11
2024-04-27	0	NULO	28.5	11
2024-04-28	0	NULO	30	10
2024-04-29	0.8	NULO	30.5	9
2024-04-30	0	NULO	28	9
2024-05-01	0	NULO	31	9
2024-05-02	0	NULO	31	10.5
2024-05-03	0	NULO	33	13
2024-05-04	0	NULO	25	13
2024-05-05	0	NULO	32.5	13
2024-05-06	0	NULO	32.5	13
2024-05-07	0	NULO	33	13
2024-05-08	0	NULO	35	13
2024-05-09	0	NULO	34	15
2024-05-10	0	NULO	34	15
2024-05-11	0	NULO	32	15
2024-05-12	0	NULO	33.5	12
2024-05-13	0	NULO	32	13
2024-05-14	0	NULO	30	12.5
2024-05-15	0	NULO	32	11.5
2024-05-16	0	NULO	33	12.5
2024-05-17	0	NULO	34.5	13.5
2024-05-18	0	NULO	28	12
2024-05-19	0	NULO	29	12.5
2024-05-20	0	NULO	31	10
2024-05-21	0	NULO	31	10
2024-05-22	0	NULO	32	11
2024-05-23	0	NULO	34	12
2024-05-24	0	NULO	34	13.5
2024-05-25	0	NULO	34	13
2024-05-26	0	NULO	34	13.5
2024-05-27	0	NULO	31	13.5
2024-05-28	0	NULO	32	13
2024-05-29	4	NULO	28.5	13
2024-05-30	0	NULO	28.5	12.5
2024-05-31	0	NULO	31.5	8
2024-06-01	0	NULO	31.5	10
2024-06-02	0	NULO	32	10
2024-06-03	9	NULO	32.5	12
2024-06-04	2.5	NULO	32	12.5
2024-06-05	0	NULO	32	11
2024-06-06	0	NULO	30.5	12
2024-06-07	0	NULO	28	11
2024-06-08	0	NULO	28.5	12
2024-06-09	3.6	NULO	28.5	10
2024-06-10	0	NULO	25	10.5
2024-06-11	0	NULO	26	8.5
2024-06-12	0	NULO	25.5	10
2024-06-13	0	NULO	25	8.5
2024-06-14	0	NULO	24	9
2024-06-15	0	NULO	24	9
2024-06-16	0	NULO	25.5	8
2024-06-17	0	NULO	28	7.5
2024-06-18	0	NULO	28.5	10
2024-06-19	39.5	NULO	24	10
2024-06-20	25	NULO	20	10
2024-06-21	21.2	NULO	16.5	10
2024-06-22	1	NULO	18	8.5
2024-06-23	2.8	NULO	23	8.5
2024-06-24	1	NULO	22	8.5
2024-06-25	0.4	NULO	22	10.5
2024-06-26	15	NULO	23	10
2024-06-27	5.3	NULO	22.5	10
2024-06-28	0.01	NULO	22	10
2024-06-29	2	NULO	22.5	10
2024-06-30	70	NULO	16.5	10
2024-07-01	21	NULO	17	9.5
2024-07-02	0.4	NULO	22	10
2024-07-03	0.01	NULO	21	8
2024-07-04	0	NULO	24	8
2024-07-05	0	NULO	24	8
2024-07-06	0	NULO	23	8
2024-07-07	0	NULO	26	7.5
2024-07-08	0	NULO	26	8.5
2024-07-09	10	NULO	23.5	9
2024-07-10	4.4	NULO	17	10
2024-07-11	7	NULO	20	10.5
2024-07-12	0	NULO	21	10
2024-07-13	0	NULO	22	9
2024-07-14	0.1	NULO	20	8.5
2024-07-15	0	NULO	22	7.5
2024-07-16	32.5	NULO	24	7.5
2024-07-17	13.8	NULO	24	9
2024-07-18	82	NULO	23	9
2024-07-19	1.3	NULO	20	9.5
2024-07-20	0.3	NULO	20	8
2024-07-21	2.2	NULO	21.5	9
2024-07-22	0	NULO	20	9
2024-07-23	6	NULO	21.5	9
2024-07-24	6.2	NULO	20	10.5
2024-07-25	0.4	NULO	20	10.5
2024-07-26	22.8	NULO	23	9.5
2024-07-27	0.7	NULO	22	9.5
2024-07-28	0	NULO	21.5	10.5
2024-07-29	5.5	NULO	21.5	10
2024-07-30	0	NULO	21	9.5
2024-07-31	1	NULO	22	7
2024-08-01	0	NULO	22	7
2024-08-02	0	NULO	21	7.5
2024-08-03	0	NULO	22	6.5
2024-08-04	0	NULO	23	6.5
2024-08-05	0	NULO	23	7
2024-08-06	0	NULO	21.5	9
2024-08-07	0	NULO	24	9.5
2024-08-08	0	NULO	24	7
2024-08-09	0	NULO	23.5	7
2024-08-10	0	NULO	22	9
2024-08-11	2.7	NULO	22	8.5
2024-08-12	4	NULO	20.5	9.5
2024-08-13	6.4	NULO	22.5	9.5
2024-08-14	0.4	NULO	20	7.5
2024-08-15	1	NULO	23	8
2024-08-16	19.2	NULO	22.5	9.5
2024-08-17	0	NULO	21	9.5
2024-08-18	0.6	NULO	21.5	7.5
2024-08-19	0	NULO	21	7.5
2024-08-20	0	NULO	20.5	7.5
2024-08-21	0.3	NULO	20.5	8.5
2024-08-22	0	NULO	20	8.5
2024-08-23	0	NULO	20	7
2024-08-24	0	NULO	23	6.5
2024-08-25	0	NULO	23.5	7
2024-08-26	0	NULO	23	7.5
2024-08-27	0	NULO	21.5	8.5
2024-08-28	0	NULO	21	7.5
2024-08-29	0.3	NULO	24	7.5
2024-08-30	3	NULO	24.5	9
2024-08-31	0	NULO	24	8
2024-09-01	0	NULO	24	9
2024-09-02	10	NULO	24	9
2024-09-03	0	NULO	24	10.5
2024-09-04	0	NULO	24.5	9.5
2024-09-05	16.4	NULO	22	8.5
2024-09-06	32.4	NULO	19.5	10
2024-09-07	12.4	NULO	14	9.5
2024-09-08	0	NULO	17	7
2024-09-09	0	NULO	20	6
2024-09-10	1	NULO	20	6
2024-09-11	0.01	NULO	21	10
2024-09-12	11.2	NULO	24	9.5
2024-09-13	29	NULO	24	11
2024-09-14	1	NULO	24	10
2024-09-15	0	NULO	22.5	11
2024-09-16	0	NULO	20.5	10.5
2024-09-17	0.9	NULO	23.5	8.5
2024-09-18	40	NULO	24.5	10
2024-09-19	0	NULO	22	9.5
2024-09-20	0	NULO	23	10
2024-09-21	0	NULO	23	10
2024-09-22	0	NULO	22	9.5
2024-09-23	0.4	NULO	21	8.5
2024-09-24	0.01	NULO	20	9
2024-09-25	10.2	NULO	21	8.5
2024-09-26	17.4	NULO	18	8.5
2024-09-27	4	NULO	17	8.5
2024-09-28	0	NULO	18	8.5
2024-09-29	0.4	NULO	16.5	8.5
2024-09-30	0	NULO	20	6.5
2024-10-01	12.4	NULO	15	6.5
2024-10-02	0	NULO	16	5.5
2024-10-03	0	NULO	20	4
2024-10-04	0	NULO	18	5.5
2024-10-05	6.2	NULO	19	8
2024-10-06	9.6	NULO	18	8
2024-10-07	1.8	NULO	13.5	8
2024-10-08	0	NULO	13	6.5
2024-10-09	0	NULO	18	3.5
2024-10-10	0	NULO	19.5	2.5
2024-10-11	0	NULO	18	2.5
2024-10-12	0	NULO	19	3
2024-10-13	0	NULO	18	3
2024-10-14	0	NULO	20	6
2024-10-15	0	NULO	23	3
2024-10-16	0	NULO	21	4.5
2024-10-17	1	NULO	17.5	6
2024-10-18	0.4	NULO	19.5	6.5
2024-10-19	0.1	NULO	18	6
2024-10-20	24.8	NULO	14	6
2024-10-21	9	NULO	15	6
2024-10-22	0	NULO	17.5	7.5
2024-10-23	0	NULO	19	6.5
2024-10-24	0	NULO	19	7
2024-10-25	1.2	NULO	19	5
2024-10-26	0.01	NULO	14	6
2024-10-27	0	NULO	15	6.5
2024-10-28	0	NULO	19	6.5
2024-10-29	0	NULO	21.5	6
2024-10-30	0	NULO	23	6
2024-10-31	0	NULO	15	7
2024-11-01	0	NULO	20	7.5
2024-11-02	0	NULO	22	7.5
2024-11-03	7.8	NULO	23.5	7.5
2024-11-04	0	NULO	23.5	9
2024-11-05	0.4	NULO	23.5	8.5
2024-11-06	0	NULO	24.5	8
2024-11-07	0	NULO	25	7
2024-11-08	0	NULO	24	6
2024-11-09	0	NULO	23	6
2024-11-10	0	NULO	24.5	5
2024-11-11	0	NULO	23.5	4
2024-11-12	0	NULO	23	5
2024-11-13	0	NULO	23	5
2024-11-14	3.2	NULO	19	5
2024-11-15	0	NULO	20	7.5
2024-11-16	0	NULO	23.5	5.5
2024-11-17	0	NULO	24.5	7.5
2024-11-18	0	NULO	25	7.5
2024-11-19	3.5	NULO	25	9
2024-11-20	5	NULO	10.5	9
2024-11-21	0	NULO	16	2.5
2024-11-22	0	NULO	18	1
2024-11-23	0	NULO	21	0
2024-11-24	0	NULO	22	1.5
2024-11-25	0	NULO	24	3
2024-11-26	0	NULO	22	3
2024-11-27	0	NULO	27	1.5
2024-11-28	0	NULO	26.5	3
2024-11-29	0	NULO	21	2
2024-11-30	0	NULO	24	1
2024-12-01	0	NULO	23	3
2024-12-02	0	NULO	20	0.5
2024-12-03	0	NULO	18.5	2
2024-12-04	0	NULO	20	4.5
2024-12-05	0	NULO	20	4.5
2024-12-06	0	NULO	16	4
2024-12-07	0	NULO	20	5.5
2024-12-08	0	NULO	16	2.5
2024-12-09	0	NULO	23	4.5
2024-12-10	0.4	NULO	15	7
2024-12-11	0	NULO	12	1.5
2024-12-12	0	NULO	22	-1.5
2024-12-13	0	NULO	23	0.5
2024-12-14	0	NULO	23.5	5
2024-12-15	0	NULO	21.5	1.5
2024-12-16	0	NULO	21.5	1
2024-12-17	0	NULO	13	3
2024-12-18	9.8	NULO	19.5	4
2024-12-19	2.5	NULO	13	6
2024-12-20	1	NULO	16	5.5
2024-12-21	0	NULO	14.5	5
2024-12-22	0	NULO	16.5	5.5
2024-12-23	0	NULO	18	3
2024-12-24	0	NULO	18.5	2
2024-12-25	0	NULO	19	2
2024-12-26	0	NULO	21	4
2024-12-27	0	NULO	23	4
2024-12-28	0	NULO	23.5	3.5
2024-12-29	0	NULO	21	3
2024-12-30	0	NULO	23	1.5
2024-12-31	0	NULO	23	2
2025-01-01	0	NULO	23	3
2025-01-02	0	NULO	19	3
2025-01-03	0	NULO	18	3
2025-01-04	0	NULO	18	4.5
2025-01-05	0	NULO	20.5	4.5
2025-01-06	0.2	NULO	15.5	4.5
2025-01-07	0.5	NULO	19.5	3.5
2025-01-08	0	NULO	18.5	2.5
2025-01-09	0	NULO	23	3
2025-01-10	15	NULO	22.5	4
2025-01-11	0	NULO	20	0.5
2025-01-12	0	NULO	20	0
2025-01-13	0	NULO	21	4
2025-01-14	0	NULO	20	3.5
2025-01-15	0	NULO	21	4
2025-01-16	0	NULO	21	4
2025-01-17	0	NULO	23.5	4
2025-01-18	0	NULO	25	7
2025-01-19	0.01	NULO	17	7
2025-01-20	0	NULO	21.5	0
2025-01-21	0	NULO	19.5	0.5
2025-01-22	0	NULO	20	-5
2025-01-23	0	NULO	14	-4
2025-01-24	0	NULO	20	1
2025-01-25	0	NULO	22.5	0
2025-01-26	0	NULO	24.5	2
2025-01-27	0	NULO	26	3
2025-01-28	0	NULO	26	2.5
2025-01-29	0	NULO	26	6.5
2025-01-30	0	NULO	26	6.5
2025-01-31	0	NULO	19	5
2025-02-01	0.2	NULO	20	3
2025-02-02	0.4	NULO	10	2.5
2025-02-03	0.1	NULO	20	3
2025-02-04	0	NULO	21.5	3
2025-02-05	0	NULO	22.5	4.5
2025-02-06	0	NULO	23	4.5
2025-02-07	0	NULO	22.5	3
2025-02-08	0	NULO	23	2.5
2025-02-09	0	NULO	25	4
2025-02-10	0	NULO	25.5	5.5
2025-02-11	0.8	NULO	26	5
2025-02-12	0	NULO	25.5	8
2025-02-13	0.01	NULO	23.5	7
2025-02-14	0	NULO	22.5	7
2025-02-15	0	NULO	25	6.5
2025-02-16	0	NULO	18	7
2025-02-17	0	NULO	23	6.5
2025-02-18	0.01	NULO	24	6.5
2025-02-19	1	NULO	15	8
2025-02-20	7	NULO	20.5	4
2025-02-21	7	NULO	19.5	2
2025-02-22	0	NULO	23	4.5
2025-02-23	0	NULO	24	6
2025-02-24	0	NULO	20.5	2
2025-02-25	0	NULO	24.5	2
2025-02-26	0	NULO	27	3.5
2025-02-27	0	NULO	27	7
2025-02-28	0	NULO	25	5
2025-03-01	0	NULO	27	7
2025-03-02	0	NULO	27.5	6
2025-03-03	0	NULO	29	6.5
2025-03-04	0	NULO	27	7
2025-03-05	0	NULO	23	5
2025-03-06	0	NULO	27.5	2.5
2025-03-07	0	NULO	28	5
2025-03-08	0	NULO	28	7
2025-03-09	0	NULO	24	7
2025-03-10	0	NULO	23	-0.5
2025-03-11	0	NULO	28	3
2025-03-12	0	NULO	28	7.5
2025-03-13	0	NULO	29	7.5
2025-03-14	0	NULO	28	8.5
2025-03-15	0	NULO	28.5	7.5
2025-03-16	0	NULO	21	4
2025-03-17	0	NULO	20	0.5
2025-03-18	0	NULO	28	2.5
2025-03-19	0	NULO	28	4
2025-03-20	0	NULO	11	5
2025-03-21	0	NULO	25.5	1.5
2025-03-22	0	NULO	25	6.5
2025-03-23	0	NULO	28.5	4
2025-03-24	0.2	NULO	28	7.5
2025-03-25	0	NULO	22	8.5
2025-03-26	0	NULO	24	7
2025-03-27	0	NULO	27.5	7.5
2025-03-28	0	NULO	26	7
2025-03-29	0	NULO	27	7.5
2025-03-30	0	NULO	27	7
2025-03-31	0	NULO	30	7
2025-04-01	0	NULO	29.5	8.5
2025-04-02	0	NULO	31	9.5
2025-04-03	0	NULO	31	9
2025-04-04	0	NULO	31	9
2025-04-05	0	NULO	32	8.5
2025-04-06	0	NULO	25.5	7.5
2025-04-07	0	NULO	16	2
2025-04-08	0	NULO	14	2.5
2025-04-09	0	NULO	21.5	1.5
2025-04-10	0	NULO	22.5	3
2025-04-11	0	NULO	22.5	1.5
2025-04-12	0	NULO	21	2.5
2025-04-13	0	NULO	23	1
2025-04-14	0	NULO	25	2.5
2025-04-15	0	NULO	22	3
2025-04-16	0	NULO	23	3
2025-04-17	0	NULO	27	4
2025-04-18	0	NULO	30	7
2025-04-19	0	NULO	29	11
2025-04-20	0	NULO	28	12
2025-04-21	0	NULO	24	10
2025-04-22	0	NULO	27	9
2025-04-23	0	NULO	29	7.5
2025-04-24	0	NULO	30	7
2025-04-25	0	NULO	26	8
2025-04-26	0	NULO	27	7
2025-04-27	0	NULO	26.5	6.5
2025-04-28	0	NULO	26	6.5
2025-04-29	0	NULO	27	5.5
2025-04-30	0	NULO	28	7
2025-05-01	0	NULO	29	10
2025-05-02	0	NULO	30	8
2025-05-03	0	NULO	29	8
2025-05-04	0	NULO	28	8
2025-05-05	0	NULO	30.5	11
2025-05-06	0	NULO	31	12
2025-05-07	0	NULO	32	12
2025-05-08	0	NULO	31	13
2025-05-09	0.01	NULO	23	9
2025-05-10	0	NULO	19	7
2025-05-11	0	NULO	22	6.5
2025-05-12	0	NULO	26	5.5
2025-05-13	0	NULO	29.5	9
2025-05-14	0	NULO	30.5	12
2025-05-15	0	NULO	31	11.5
2025-05-16	0	NULO	31.5	9
2025-05-17	0	NULO	30	9
2025-05-18	0	NULO	30	11
2025-05-19	0.01	NULO	31	12
2025-05-20	0	NULO	32	11.5
2025-05-21	0	NULO	28	12.5
2025-05-22	0	NULO	28	12
2025-05-23	0	NULO	26	7.5
2025-05-24	0	NULO	27	8
2025-05-25	10	NULO	26.5	9.5
2025-05-26	10.3	NULO	25.5	8
2025-05-27	0	NULO	24	9
2025-05-28	46	NULO	24	10
2025-05-29	49.4	NULO	22.5	10
2025-05-30	10	NULO	26	10
2025-05-31	0.2	NULO	24	9
2025-06-01	0.8	NULO	23	9
2025-06-02	8.5	NULO	23.5	10
2025-06-03	0.1	NULO	25	11
2025-06-04	0	NULO	26	11.5
2025-06-05	0	NULO	23.5	11.5
2025-06-06	0	NULO	23.5	7.5
2025-06-07	0	NULO	24.5	8
2025-06-08	0	NULO	27	9
2025-06-09	0	NULO	28	10
2025-06-10	0	NULO	26	10
2025-06-11	0	NULO	25	9.5
2025-06-12	9.5	NULO	24	10
2025-06-13	5.8	NULO	22.5	9
2025-06-14	23.5	NULO	23	10
2025-06-15	9.5	NULO	20	9
2025-06-16	14.5	NULO	16	9
2025-06-17	1.5	NULO	19	9.5
2025-06-18	6.8	NULO	18	9
2025-06-19	30	NULO	16	9.5
2025-06-20	26.5	NULO	19	9
2025-06-21	52	NULO	15.5	9.5
2025-06-22	9.6	NULO	15.5	9.5
2025-06-23	1.5	NULO	16	8
2025-06-24	0.01	NULO	17	7
2025-06-25	0.4	NULO	17	7.5
2025-06-26	2.2	NULO	19	7.5
2025-06-27	0	NULO	20.5	9
2025-06-28	4.5	NULO	20.5	8.5
2025-06-29	0.5	NULO	20	9.5
2025-06-30	27.5	NULO	22	9.5
2025-07-01	0.4	NULO	22.5	10
2025-07-02	19.8	NULO	21.5	10.5
2025-07-03	0.01	NULO	23	9
2025-07-04	0	NULO	23	7
2025-07-05	0	NULO	24	8
2025-07-06	0	NULO	22.5	8
2025-07-07	3.5	NULO	22	8
2025-07-08	4.5	NULO	21	7
2025-07-09	0	NULO	19	7
2025-07-10	13.7	NULO	21	8
2025-07-11	30	NULO	21	8
2025-07-12	0.2	NULO	21.5	7
2025-07-13	3.2	NULO	23	7
2025-07-14	0.8	NULO	21.5	8.5
2025-07-15	0	NULO	22	9.5
2025-07-16	0	NULO	19	8
2025-07-17	7	NULO	19	9.5
2025-07-18	5	NULO	20	7.5
2025-07-19	0.01	NULO	20	8
2025-07-20	8	NULO	20	8.5
2025-07-21	0	NULO	23	6.5
2025-07-22	0	NULO	23	6.5
2025-07-23	0	NULO	23	8.5
2025-07-24	0	NULO	22.5	7
2025-07-25	0	NULO	22.5	6.5
2025-07-26	2.6	NULO	22	7.5
2025-07-27	4.8	NULO	17	8.5
2025-07-28	3.3	NULO	18.5	7
2025-07-29	1	NULO	18.5	6.5
2025-07-30	0	NULO	19	7.5
2025-07-31	0.3	NULO	21	6.5
2025-08-01	0	NULO	20	9
2025-08-02	0	NULO	22	5.5
2025-08-03	0	NULO	23	7
2025-08-04	0	NULO	24	7
2025-08-05	1.2	NULO	21	7
2025-08-06	0	NULO	17	7
2025-08-07	0	NULO	21	7
2025-08-08	0	NULO	22	8
2025-08-09	0	NULO	24	7
2025-08-10	4	NULO	24	8
2025-08-11	9.5	NULO	23	7.5
2025-08-12	0	NULO	23	9
2025-08-13	0	NULO	23	8
2025-08-14	0	NULO	23.5	7.5
2025-08-15	0.2	NULO	23.5	8
2025-08-16	0	NULO	23	8
2025-08-17	0	NULO	22	5.5
2025-08-18	0	NULO	22	6.5
2025-08-19	0	NULO	22	6.5
2025-08-20	0	NULO	23	7
2025-08-21	0	NULO	23	8
2025-08-22	15	NULO	22.5	9.5
2025-08-23	8.3	NULO	22	9.5
2025-08-24	12.4	NULO	23	10
2025-08-25	0	NULO	22.5	9.5
2025-08-26	1.5	NULO	22	9.5
2025-08-27	4.2	NULO	20	9
2025-08-28	0	NULO	21.5	8
2025-08-29	0	NULO	22.5	8
2025-08-30	0	NULO	23	7.5
2025-08-31	0	NULO	22	8
2025-09-01	48.6	NULO	23.5	8
2025-09-02	23	NULO	22	8.5
2025-09-03	0.01	NULO	20.5	8.5
2025-09-04	0	NULO	21	9
2025-09-05	16.6	NULO	24	10
2025-09-06	0.01	NULO	24	8.5
2025-09-07	0	NULO	22	9.5
2025-09-08	0.3	NULO	23	9
2025-09-09	0.1	NULO	21.5	9
2025-09-10	2.6	NULO	22	10.5
2025-09-11	24.8	NULO	18	9.5
2025-09-12	5.1	NULO	16	9.5
2025-09-13	0.01	NULO	21	8
2025-09-14	0.2	NULO	21.5	9
2025-09-15	11	NULO	21	9
2025-09-16	14.2	NULO	16.5	9
2025-09-17	0.01	NULO	19.5	8
2025-09-18	2	NULO	20	8
2025-09-19	1	NULO	20	9
2025-09-20	0	NULO	20.5	8
2025-09-21	0.01	NULO	21	6.5
2025-09-22	0	NULO	22.5	9
2025-09-23	2	NULO	22	9
2025-09-24	0.01	NULO	22.5	9.5
2025-09-25	2	NULO	21	9.9
2025-09-26	18.2	NULO	23	9
2025-09-27	4	NULO	20	9
2025-09-28	0.3	NULO	18	9.5
2025-09-29	0.01	NULO	18	8.5
2025-09-30	0	NULO	20	7
