COMISIÓN NACIONAL DEL AGUA
COORDINACIÓN GENERAL DEL SERVICIO METEOROLÓGICO NACIONAL
BASE DE DATOS CLIMATOLÓGICA NACIONAL 

REGISTRO DIARIO HISTÓRICO
EMISIÓN   : 11/09/2026 

DATOS DISPONIBLES EN LA BASE DE DATOS A: SEPTEMBER DE 2026; 
CON LA INFORMACIÓN SUMINISTRADA POR LAS UNIDADES ADMINISTRATIVAS 

 ESTACIÓN   : 13120 
 NOMBRE     : CAPULA 
 ESTADO     : HIDALGO 
 MUNICIPIO  : IXMIQUILPAN 
 SITUACIÓN  : OPERANDO 
 U. ADMNVA. : DIRECCIÓN LOCAL HIDALGO 
 CVE-OMM    :   
 LATITUD    : 20.50777778 ° 
 LONGITUD   : -99.13555556 ° 
 ALTITUD    : 1784 msnm 




FECHA		PRECIP	EVAP	TMAX	TMIN
		(mm)	(mm)	(°C )	(°C)
1980-11-01	0	3.9	24	7
1980-11-02	0	3.2	34	7
1980-11-03	0	2.8	33	10
1980-11-04	0	2.2	22	11
1980-11-05	0	2.1	24	11
1980-11-06	0	3.1	21	8
1980-11-07	0	4.1	34	4
1980-11-08	0	4	34	4
1980-11-09	0	4	34	4
1980-11-10	0	5.7	35	4
1980-11-11	0	5.1	24	4
1980-11-12	0	3.9	21	5
1980-11-13	0	3.1	35	4
1980-11-14	0	4	32	4
1980-11-15	0	3.9	33	6
1980-11-16	0	7.1	31	7
1980-11-17	0	3.9	34	6
1980-11-18	0	3.2	15	7
1980-11-19	0	4.8	24	5
1980-11-20	0	2	34	3
1980-11-21	0	4.1	20	7
1980-11-22	0	2	21	10
1980-11-23	0	1	20	8
1980-11-24	1.5	2.3	34	7
1980-11-25	0	2	24	8
1980-11-26	0	4	23	8
1980-11-27	0	3	21	6
1980-11-28	0	3	21	5
1980-11-29	0	3	23	2
1980-11-30	0	4	35	3
1980-12-01	0	1	34	2
1980-12-02	0	5.1	24	4
1980-12-03	0	3.4	22	6
1980-12-04	0	4.3	24	6
1980-12-05	0	3.6	34	4
1980-12-06	0	3.8	34	6
1980-12-07	0	2.2	24	8
1980-12-08	0	4.1	32	8
1980-12-09	0	2.1	34	8
1980-12-10	0	3.6	24	10
1980-12-11	0	2.1	21	5
1980-12-12	0	4.1	24	6
1980-12-13	0	3	34	7
1980-12-14	0	5.6	21	5
1980-12-15	0	1.9	34	3
1980-12-16	0.1	3.8	20	4
1980-12-17	0	1.4	21	1
1980-12-18	0	5.8	24	1
1980-12-19	0	5	23	1
1980-12-20	0	3	24	1
1980-12-21	0	2	24	5
1980-12-22	0	2.7	21	1
1980-12-23	0	3	22	1
1980-12-24	0	4.9	20	8
1980-12-25	0	3.5	14	7
1980-12-26	0	2.3	24	1
1980-12-27	0	5	20	2
1980-12-28	0	4	22	1
1980-12-29	0	3	24	2
1980-12-30	0	3.1	23	0
1980-12-31	0	2.9	22	4
1981-01-01	0	3.4	21	1
1981-01-02	0	3.1	15	0
1981-01-03	0	2	21	1
1981-01-04	0	4.1	23	1
1981-01-05	0	3.1	22	0
1981-01-06	0	1	21	1
1981-01-07	0	3	21	2
1981-01-08	0	4	23	3
1981-01-09	0	4.3	21	3
1981-01-10	0	7	23	6
1981-01-11	0	3.7	17	9
1981-01-12	8	2.1	14	2
1981-01-13	0.1	1.5	21	2
1981-01-14	0	5.2	22	5
1981-01-15	0	2.2	23	6
1981-01-16	2.8	3.4	24	6
1981-01-17	11.1	4.9	21	7
1981-01-18	3	3.2	24	5
1981-01-19	0.1	3.2	21	6
1981-01-20	0	2.3	20	2
1981-01-21	0	1.8	22	2
1981-01-22	0	2.3	21	3
1981-01-23	0	3.5	23	2
1981-01-24	0	3.1	20	2
1981-01-25	0	2.7	24	3
1981-01-26	0	2.8	24	1
1981-01-27	0	4.1	22	4
1981-01-28	0	4	23	6
1981-01-29	0	4.3	25	8
1981-01-30	0	5.1	25	4
1981-01-31	0	3.4	27	4
1981-02-01	0	6.6	23	5
1981-02-02	0	2	20	6
1981-02-03	0	2.1	21	6
1981-02-04	0	1.8	25	5
1981-02-05	0	5.7	24	6
1981-02-06	0	4.2	24	6
1981-02-07	0	3.9	32	4
1981-02-08	0	5.3	32	9
1981-02-09	0	7.4	31	4
1981-02-10	0	5.5	32	6
1981-02-11	0	5.2	14	6
1981-02-12	0	4.3	21	3
1981-02-13	5	6	23	4
1981-02-14	0	3.2	23	6
1981-02-15	0.1	2.3	21	6
1981-02-16	0	2.6	20	8
1981-02-17	0	4	24	7
1981-02-18	0	4	26	5
1981-02-19	0	5.8	34	4
1981-02-20	0	3.7	21	4
1981-02-21	2.7	3.8	32	7
1981-02-22	1.7	7.4	32	6
1981-02-23	0	5.6	23	7
1981-02-24	9.9	4.1	34	5
1981-02-25	0	8.4	20	5
1981-02-26	0	2.7	25	6
1981-02-27	0	4.6	32	6
1981-02-28	0.2	4.6	30	6
1981-03-01	0	5.1	20	8
1981-03-02	0	6.4	30	9
1981-03-03	0	9.4	30	7
1981-03-04	0	7	32	8
1981-03-05	0	6.2	33	9
1981-03-06	0	4	32	6
1981-03-07	2	4.8	32	7
1981-03-08	0	3.5	22	9
1981-03-09	1	2	21	8
1981-03-10	4.7	3	23	8
1981-03-11	5.1	6.4	22	10
1981-03-12	0.1	2.2	24	10
1981-03-13	0	8.1	33	9
1981-03-14	0	5.9	31	9
1981-03-15	0	8.6	31	8
1981-03-16	0	4.3	21	10
1981-03-17	0	2.3	33	8
1981-03-18	0	6.1	30	8
1981-03-19	0	7.4	29	9
1981-03-20	0	8.1	29	3
1981-03-21	0	9.9	32	7
1981-03-22	0	5.9	33	5
1981-03-23	0	6.8	23	8
1981-03-24	0	4.9	28	5
1981-03-25	0	9.1	29	4
1981-03-26	0	6.2	31	3
1981-03-27	0	5	30	3
1981-03-28	0	6	32	7
1981-03-29	0	7.3	31	6
1981-03-30	0	6.6	33	5
1981-03-31	0	7.3	33	7
1981-04-01	0	5.5	24	11
1981-04-02	0	8.1	30	10
1981-04-03	0	9.7	34	7
1981-04-04	0	7.7	32	9
1981-04-05	0	3.4	34	10
1981-04-06	0	4.9	27	8
1981-04-07	0	7.5	29	5
1981-04-08	0	5.6	31	8
1981-04-09	0	6.2	34	10
1981-04-10	0	9.9	34	11
1981-04-11	3.2	6.6	33	13
1981-04-12	0	5.2	32	9
1981-04-13	1.4	5.6	32	10
1981-04-14	0	4.4	24	11
1981-04-15	0	5.1	22	10
1981-04-16	1	5.8	24	8
1981-04-17	0.1	4.5	25	9
1981-04-18	0	5.3	32	10
1981-04-19	0	5.7	32	9
1981-04-20	0	7	30	10
1981-04-21	0	5.1	30	9
1981-04-22	0	4.9	31	11
1981-04-23	0	8.2	30	9
1981-04-24	0	5.7	30	13
1981-04-25	0	4.4	34	14
1981-04-26	0	4.7	30	13
1981-04-27	0	5.7	31	11
1981-04-28	0	6.7	32	14
1981-04-29	0	5.3	32	13
1981-04-30	0	6.3	30	12
1981-05-01	16	4	32	11
1981-05-02	9	7.9	34	12
1981-05-03	0	7.6	33	14
1981-05-04	0	7.1	32	13
1981-05-05	0	7.2	30	10
1981-05-06	0	6.1	30	9
1981-05-07	0	6.8	32	11
1981-05-08	0	8.2	33	9
1981-05-09	0	7.1	33	9
1981-05-10	0	5.7	34	10
1981-05-11	0	8.9	31	12
1981-05-12	0	7.1	34	10
1981-05-13	0	10.6	30	11
1981-05-14	0	7.7	28	10
1981-05-15	0	7.1	30	9
1981-05-16	0	8.1	30	12
1981-05-17	0	9.3	32	12
1981-05-18	1.6	9.1	33	14
1981-05-19	1	9.1	30	13
1981-05-20	1	7.1	32	10
1981-05-21	20	9.2	34	13
1981-05-22	6	10.1	32	14
1981-05-23	2.3	7.5	32	14
1981-05-24	1.3	8.6	31	15
1981-05-25	1.5	7.4	32	14
1981-05-26	0	8.8	33	11
1981-05-27	0	9.1	31	13
1981-05-28	1.5	7.7	30	13
1981-05-29	1.2	8.1	30	14
1981-05-30	15.1	8	31	15
1981-05-31	0	8.5	32	12
1981-06-01	0	7.3	32	14
1981-06-02	0	8.5	33	16
1981-06-03	0	8.3	34	14
1981-06-04	0	9.1	31	15
1981-06-05	0	9.2	30	14
1981-06-06	0	7.8	31	16
1981-06-07	0	8	30	13
1981-06-08	0	7.3	30	12
1981-06-09	0	5.2	31	15
1981-06-10	0	8.6	31	15
1981-06-11	0	9.2	33	14
1981-06-12	0	9.9	31	12
1981-06-13	0	8.7	32	12
1981-06-14	5.5	7.5	32	14
1981-06-15	2.1	8.2	34	15
1981-06-16	6	7.8	27	16
1981-06-17	20	6.4	21	15
1981-06-18	20	4.1	22	14
1981-06-19	1.2	3.3	26	13
1981-06-20	0	3.5	33	14
1981-06-21	2	7.3	24	15
1981-06-22	22	5.3	33	13
1981-06-23	0.2	5.1	24	12
1981-06-24	10.9	6.4	24	12
1981-06-25	3.3	5.5	21	13
1981-06-26	0	4.8	23	12
1981-06-27	0	5.6	23	11
1981-06-28	0	7.6	24	12
1981-06-29	0	5.4	24	11
1981-06-30	0	4.1	23	14
1981-07-01	2	3.8	24	15
1981-07-02	1.2	2	25	14
1981-07-03	0	2.3	39	11
1981-07-04	0	4.9	39	11
1981-07-05	6.5	4.2	34	14
1981-07-06	6.4	5.6	32	13
1981-07-07	4	2.7	34	15
1981-07-08	5.7	5.8	25	14
1981-07-09	3	4.4	23	12
1981-07-10	0	2.7	23	12
1981-07-11	0	6.8	24	13
1981-07-12	3.9	5.8	36	14
1981-07-13	1	6.5	24	12
1981-07-14	2	2	24	14
1981-07-15	0	4	23	13
1981-07-16	0	5.2	34	13
1981-07-17	6.5	1.8	34	14
1981-07-18	1.4	3.7	33	11
1981-07-19	0	6.6	34	12
1981-07-20	4.5	5.6	34	12
1981-07-21	0	6.4	34	11
1981-07-22	0	5.8	34	11
1981-07-23	0	7	39	13
1981-07-24	0	5	34	10
1981-07-25	0	8.1	23	11
1981-07-26	0	6.8	32	12
1981-07-27	0	3.9	34	11
1981-07-28	0	5.5	34	13
1981-07-29	0	7.1	33	11
1981-07-30	0	7.1	34	13
1981-07-31	0	2.3	28	12
1981-08-01	0	4.6	24	10
1981-08-02	0	4.4	33	11
1981-08-03	0	5.8	32	11
1981-08-04	0	6.2	33	13
1981-08-05	0	8.2	34	14
1981-08-06	0	6.1	35	15
1981-08-07	0	4.9	33	16
1981-08-08	0	6.8	34	12
1981-08-09	0	4.6	24	11
1981-08-10	0	7.5	24	12
1981-08-11	0.1	6.7	33	13
1981-08-12	0.1	6	33	11
1981-08-13	0	5.9	33	12
1981-08-14	0	5.2	35	15
1981-08-15	0	5.4	32	15
1981-08-16	0	6.3	31	10
1981-08-17	0	6.6	31	10
1981-08-18	0	7.8	31	11
1981-08-19	0.1	5.8	34	12
1981-08-20	0	7.2	25	12
1981-08-21	0	7.1	32	10
1981-08-22	1	3.3	33	13
1981-08-23	0	5.3	25	11
1981-08-24	0	4.7	24	10
1981-08-25	1.5	2.5	20	11
1981-08-26	2.5	2.1	21	10
1981-08-27	12.3	2	22	11
1981-08-28	22	3.5	22	12
1981-08-29	22.1	3.5	34	12
1981-08-30	2	8.3	34	14
1981-08-31	0	5.2	30	14
1981-09-01	1.1	6.3	31	10
1981-09-02	0	5.4	33	12
1981-09-03	0	6	25	12
1981-09-04	0	4.3	31	11
1981-09-05	0	4.5	34	13
1981-09-06	0	6.7	35	14
1981-09-07	0	5.7	34	13
1981-09-08	0.1	6.1	35	11
1981-09-09	0.1	3.8	23	13
1981-09-10	0	5.9	34	13
1981-09-11	0	6.1	29	10
1981-09-12	0	6.2	35	12
1981-09-13	0	7.2	35	13
1981-09-14	0	5.1	32	10
1981-09-15	0	6.2	32	9
1981-09-16	1.2	4	32	12
1981-09-17	5.6	3.6	21	7
1981-09-18	2.7	3.6	20	10
1981-09-19	0.1	2.2	20	8
1981-09-20	0	2	35	5
1981-09-21	0	5.9	31	12
1981-09-22	0	5.6	34	10
1981-09-23	0	4.7	34	10
1981-09-24	2	6.3	23	12
1981-09-25	0	5.1	24	11
1981-09-26	0	5.9	25	9
1981-09-27	2.5	3.3	24	10
1981-09-28	4.4	2.6	25	14
1981-09-29	1	2	21	14
1981-09-30	0.5	1.5	24	13
1981-10-01	0	5.6	25	14
1981-10-02	0	2.5	23	12
1981-10-03	0	3.3	25	13
1981-10-04	0	2.2	24	12
1981-10-05	0	2.2	32	13
1981-10-06	0	5.9	34	13
1981-10-07	0	5.3	20	15
1981-10-08	0	6.4	31	13
1981-10-09	0	4.5	31	15
1981-10-10	0.1	6.2	33	11
1981-10-11	13.4	5.3	34	13
1981-10-12	1.2	4.4	32	14
1981-10-13	0	4.3	33	13
1981-10-14	0	5.9	34	14
1981-10-15	0	5.1	24	12
1981-10-16	0	4	29	11
1981-10-17	0	5.9	26	14
1981-10-18	2	3.7	23	13
1981-10-19	0	1.4	24	12
1981-10-20	0.1	3.3	22	12
1981-10-21	0	5.6	24	9
1981-10-22	0	3.5	25	6
1981-10-23	0	5.2	22	6
1981-10-24	1.1	1.1	25	11
1981-10-25	10.7	3.3	24	7
1981-10-26	1	4.8	22	10
1981-10-27	0	3.9	22	11
1981-10-28	0	3	25	8
1981-10-29	5.9	5.4	24	9
1981-10-30	20.5	4.2	23	12
1981-10-31	0	3.9	24	12
1981-11-01	1	4.4	22	14
1981-11-02	0	5.6	21	8
1981-11-03	0	3.2	23	9
1981-11-04	0	3.1	23	10
1981-11-05	0	3.7	24	11
1981-11-06	0	3.8	21	9
1981-11-07	1	3.9	24	10
1981-11-08	0	4.6	33	6
1981-11-09	0	4.9	21	8
1981-11-10	0	4.6	22	9
1981-11-11	0	2.6	24	7
1981-11-12	0	3.7	25	1
1981-11-13	0	2.9	22	4
1981-11-14	0	2.8	21	3
1981-11-15	0	3.7	24	1
1981-11-16	0	4.3	23	3
1981-11-17	0	4.6	24	8
1981-11-18	0	5.1	21	1
1981-11-19	0	3.2	22	0
1981-11-20	0.1	3.9	21	2
1981-11-21	0	4.7	24	0
1981-11-22	0	3.5	25	2
1981-11-23	0	5.8	34	1
1981-11-24	0	2.9	24	1
1981-11-25	0	3.1	33	1
1981-11-26	0	4.2	34	2
1981-11-27	0	4	33	3
1981-11-28	0	3.2	33	4
1981-11-29	0	2.5	32	7
1981-11-30	0	5.3	30	9
1981-12-01	0	2	23	10
1981-12-02	0	3.4	24	12
1981-12-03	0	3.4	24	12
1981-12-04	1.2	3.6	22	12
1981-12-05	8.2	3.2	19	10
1981-12-06	0.1	1.8	24	11
1981-12-07	0	1.8	24	10
1981-12-08	0	2.5	27	11
1981-12-09	0	3.1	23	10
1981-12-10	0.1	3	22	14
1981-12-11	0	2	23	8
1981-12-12	0	2.1	24	6
1981-12-13	0	5.1	23	10
1981-12-14	0	3.2	25	3
1981-12-15	0	3.9	25	4
1981-12-16	0	4.8	23	2
1981-12-17	0	3	24	2
1981-12-18	0	3.8	24	2
1981-12-19	0	2.1	20	3
1981-12-20	0	2.3	26	2
1981-12-21	0	4.1	21	4
1981-12-22	0	2.3	25	2
1981-12-23	0	3.7	24	4
1981-12-24	0	3.2	22	5
1981-12-25	0	3.2	23	5
1981-12-26	0	4	23	7
1981-12-27	0	2.5	24	7
1981-12-28	0	4.3	22	6
1981-12-29	1.5	3.7	23	8
1981-12-30	0	1.8	24	8
1981-12-31	0	2.8	23	5
1982-02-01	0	5.1	26	0
1982-02-02	0	6.3	34	1
1982-02-03	0	3.6	24	5
1982-02-04	0	3.7	24	0
1982-02-05	0	4.6	32	1
1982-02-06	0	4.3	24	5
1982-02-07	0	4.7	33	2
1982-02-08	0	5.6	26	4
1982-02-09	0	4.7	32	6
1982-02-10	0	8.1	31	4
1982-02-11	0	7.4	28	5
1982-02-12	0	5.7	30	3
1982-02-13	0	7.9	23	5
1982-02-14	0	3.4	25	4
1982-02-15	0	2.1	33	5
1982-02-16	0	5.9	33	5
1982-02-17	0	4.5	32	4
1982-02-18	0	7.2	32	4
1982-02-19	0	5.9	30	5
1982-02-20	0	4.2	32	5
1982-02-21	0	6.2	31	6
1982-02-22	0	7.9	34	5
1982-02-23	0	8.7	33	4
1982-02-24	0	5.2	32	4
1982-02-25	2.8	7.9	34	5
1982-02-26	1.2	8.3	32	8
1982-02-27	0	4.2	34	6
1982-02-28	2.5	7.1	30	5
1982-03-01	0	4.4	23	5
1982-03-02	0	4.2	24	6
1982-03-03	0	7.2	31	3
1982-03-04	0	6.9	35	5
1982-03-05	0	8.4	32	5
1982-03-06	0	7	31	5
1982-03-07	0	6.7	27	6
1982-03-08	0	5.8	25	7
1982-03-09	0	5.4	32	1
1982-03-10	0	5.7	31	2
1982-03-11	0	4.2	31	5
1982-03-12	0	5.9	31	6
1982-03-13	0	6.7	32	7
1982-03-14	0	8.1	32	5
1982-03-15	0	6.1	33	6
1982-03-16	0	8.1	32	9
1982-03-17	0	9.8	31	7
1982-03-18	0	7.1	31	9
1982-03-19	0	8.7	32	7
1982-03-20	5.7	9.7	31	8
1982-03-21	18.6	8.5	32	4
1982-03-22	1.5	8	34	6
1982-03-23	0	10	31	8
1982-03-24	0	7.8	31	7
1982-03-25	0	6.2	30	10
1982-03-26	0	5.1	31	12
1982-03-27	0	6.3	31	6
1982-03-28	0	8.4	30	4
1982-03-29	0.4	8	32	6
1982-03-30	0	7.1	31	10
1982-03-31	0	6.2	32	4
1982-04-01	0	5.1	31	5
1982-04-02	0	9.2	34	7
1982-04-03	0	5	33	10
1982-04-04	0	10.7	35	6
1982-04-05	0	7.9	35	11
1982-04-06	0	7.1	31	13
1982-04-07	0	5.2	31	5
1982-04-08	0	9.9	33	5
1982-04-09	0	10.8	32	4
1982-04-10	0	8.7	31	6
1982-04-11	0	5.1	31	8
1982-04-12	0	5.1	32	5
1982-04-13	0	10.7	33	6
1982-04-14	0	10.3	32	6
1982-04-15	0	9	25	8
1982-04-16	0	5.4	32	10
1982-04-17	0	5.1	31	8
1982-04-18	0	7.2	31	6
1982-04-19	0	6.3	32	4
1982-04-20	2.1	8.6	31	6
1982-04-21	0	6.7	31	2
1982-04-22	2.5	7.1	22	5
1982-04-23	0	6.4	32	9
1982-04-24	0	4.1	31	6
1982-04-25	0	5.9	33	8
1982-04-26	0	7.3	31	6
1982-04-27	0	7.9	31	5
1982-04-28	0	6.8	30	2
1982-04-29	0	6.9	31	4
1982-04-30	0	4.2	32	2
1982-05-01	0	3.1	31	7
1982-05-02	0	2.3	31	6
1982-05-03	0	6.9	33	8
1982-05-04	0	10.9	31	8
1982-05-05	3.1	6.4	32	8
1982-05-06	1.5	6.6	31	9
1982-05-07	2.3	4.9	32	6
1982-05-08	0	5.2	31	9
1982-05-09	0	4.1	32	8
1982-05-10	0	10.7	31	8
1982-05-11	12.1	10.5	33	6
1982-05-12	1.2	10.9	31	6
1982-05-13	0	7.3	32	7
1982-05-14	0	8.8	32	8
1982-05-15	1.5	9.7	31	6
1982-05-16	4.1	8.3	32	6
1982-05-17	11.6	8.8	31	8
1982-05-18	0.5	4.3	31	6
1982-05-19	0	6.8	32	7
1982-05-20	0	8.5	31	8
1982-05-21	1.8	5.3	30	6
1982-05-22	0	5.2	31	4
1982-05-23	0	6.8	30	6
1982-05-24	0	7.1	30	6
1982-05-25	0	6.2	32	6
1982-05-26	0	6.8	31	8
1982-05-27	0	8.7	30	5
1982-05-28	0	8.9	31	7
1982-05-29	0	8.7	30	6
1982-05-30	0	8	31	5
1982-05-31	0	6.4	30	6
1982-06-01	0	6.2	31	9
1982-06-02	0	5.9	31	7
1982-06-03	0	7.3	31	6
1982-06-04	0	3.7	31	6
1982-06-05	0	6.9	30	5
1982-06-06	0	9	30	6
1982-06-07	0	4.1	31	6
1982-06-08	0	4.8	33	7
1982-06-09	0	3.5	32	9
1982-06-10	0	5.6	30	6
1982-06-11	0	3.9	32	6
1982-06-12	0	3.4	31	5
1982-06-13	0	3.1	30	7
1982-06-14	0	4.1	31	6
1982-06-15	0	3	31	6
1982-06-16	0	7.2	31	5
1982-06-17	0	4.2	32	6
1982-06-18	0	4.9	31	7
1982-06-19	0	2.6	30	7
1982-06-20	0	5.4	32	5
1982-06-21	0	5.9	31	6
1982-06-22	0	6.6	30	7
1982-06-23	0	8.4	31	6
1982-06-24	0	7.8	31	8
1982-06-25	0	8.4	32	5
1982-06-26	0	9.2	30	7
1982-06-27	0	8.9	32	6
1982-06-28	0	9.3	32	6
1982-06-29	2.1	8.1	31	5
1982-06-30	2.4	4.2	26	7
1982-07-01	0	4.2	30	6
1982-07-02	0	3.7	32	7
1982-07-03	0	4.3	31	5
1982-07-04	0	4.2	30	7
1982-07-05	0	2.9	31	4
1982-07-06	0	3.8	33	2
1982-07-07	0	3.9	32	7
1982-07-08	0	5	34	9
1982-07-09	0	3.9	31	7
1982-07-10	0	5.1	34	7
1982-07-11	0	4	31	9
1982-07-12	0	5.1	33	6
1982-07-13	0	5.2	29	7
1982-07-14	0	2.7	34	9
1982-07-15	0	3.7	34	5
1982-07-16	0	4.7	33	3
1982-07-17	0	3.6	30	7
1982-07-18	2.5	3.7	34	6
1982-07-19	0	4.7	32	5
1982-07-20	0	4.1	30	8
1982-07-21	0	3.8	32	6
1982-07-22	0	3.7	31	8
1982-07-23	0	4.4	31	6
1982-07-24	1.5	5.7	30	7
1982-07-25	0.5	5	34	5
1982-07-26	0	6.2	33	5
1982-07-27	0	4.5	31	7
1982-07-28	0	4.8	30	6
1982-07-29	0	4.7	30	8
1982-07-30	0	4.4	31	5
1982-07-31	0	3.6	32	7
1982-08-01	0	4.5	20	7
1982-08-02	0	3.3	21	6
1982-08-03	0.6	3.1	25	7
1982-08-04	0	5.6	27	5
1982-08-05	0	6.9	21	7
1982-08-06	0	3.8	25	6
1982-08-07	0	5.1	24	8
1982-08-08	0	3.4	26	7
1982-08-09	0	5.6	21	6
1982-08-10	0	3.8	24	7
1982-08-11	0	4.3	22	6
1982-08-12	0	3.8	25	5
1982-08-13	0	4	23	7
1982-08-14	0	3.2	25	7
1982-08-15	0	6.6	22	8
1982-08-16	0	4.1	22	7
1982-08-17	0	3	25	5
1982-08-18	2.5	5.7	21	7
1982-08-19	0	3.3	22	6
1982-08-20	0	3.7	25	6
1982-08-21	0.6	4.5	22	7
1982-08-22	0	3.3	20	8
1982-08-23	0	3.8	23	7
1982-08-24	0	4.8	21	8
1982-08-25	0	3.3	30	9
1982-08-26	0	7.1	32	6
1982-08-27	0	8.3	27	6
1982-08-28	0	5.3	23	6
1982-08-29	0	3.9	20	7
1982-08-30	0	4	22	6
1982-08-31	0	3.3	20	5
1982-09-01	0	5.9	31	9
1982-09-02	0	4.8	31	7
1982-09-03	0	5	32	3
1982-09-04	0	3.5	30	4
1982-09-05	0	2.6	31	7
1982-09-06	0	4.9	32	8
1982-09-07	0	4.2	32	7
1982-09-08	1.6	5	33	9
1982-09-09	0	3.9	31	4
1982-09-10	0	3.2	31	6
1982-09-11	0	3.6	30	8
1982-09-12	1.8	5.9	20	4
1982-09-13	0	6.1	32	4
1982-09-14	0	6.1	33	6
1982-09-15	0	5.9	36	10
1982-09-16	0	6.1	36	10
1982-09-17	0	6	35	5
1982-09-18	0.2	5.9	37	7
1982-09-19	0	7.4	31	8
1982-09-20	0	5	30	6
1982-09-21	10.2	3.8	37	5
1982-09-22	2.7	6.7	31	7
1982-09-23	0.5	5.6	30	4
1982-09-24	0	4.9	36	6
1982-09-25	0	4.8	32	5
1982-09-26	0	5.3	34	5
1982-09-27	0	5.1	29	6
1982-09-28	0	4.1	30	4
1982-09-29	0	4.2	30	5
1982-09-30	0	4.6	31	5
1982-10-01	0	4.5	30	8
1982-10-02	0	6.4	31	6
1982-10-03	0	5.6	30	7
1982-10-04	0	6.2	30	7
1982-10-05	0	4.2	31	5
1982-10-06	0	3	32	7
1982-10-07	0	6	30	6
1982-10-08	7.4	4.8	31	5
1982-10-09	4.6	3.5	30	6
1982-10-10	2.3	3.7	31	6
1982-10-11	1.5	5.4	32	8
1982-10-12	6	4.8	32	7
1982-10-13	0	4.3	36	8
1982-10-14	0	5.8	21	10
1982-10-15	0	3.1	32	10
1982-10-16	0	6.2	26	8
1982-10-17	0	4	32	9
1982-10-18	0	4	34	5
1982-10-19	0	3.9	34	4
1982-10-20	0	3.6	32	5
1982-10-21	0	2.9	37	6
1982-10-22	0.2	5.4	20	9
1982-10-23	0	3.1	23	10
1982-10-24	0	2.8	25	7
1982-10-25	0	4.3	21	4
1982-10-26	0	3.9	36	3
1982-10-27	0	3.9	35	6
1982-10-28	0	4.7	34	8
1982-10-29	0	2.7	34	6
1982-10-30	0	3.2	31	7
1982-10-31	0	3.5	34	7
1982-11-01	0	5.4	30	6
1982-11-02	0	3.6	32	5
1982-11-03	0	2.8	34	6
1982-11-04	0	5.3	22	3
1982-11-05	0	3	25	4
1982-11-06	0	2.2	20	6
1982-11-07	0	1.8	37	6
1982-11-08	0	6.1	35	3
1982-11-09	0	4.8	36	3
1982-11-10	0	4.3	37	5
1982-11-11	0	5.9	32	6
1982-11-12	0	4	34	7
1982-11-13	0	3.7	23	8
1982-11-14	0	3.4	34	9
1982-11-15	0	3.1	32	9
1982-11-16	0	5	33	5
1982-11-17	0	4.3	33	6
1982-11-18	0	3.7	32	5
1982-11-19	0	3.3	34	5
1982-11-20	0	3.8	33	4
1982-11-21	0	4.3	33	4
1982-11-22	0	3.8	37	4
1982-11-23	0	4	34	6
1982-11-24	0	4.1	32	6
1982-11-25	0	3.1	37	8
1982-11-26	1.4	3.6	30	8
1982-11-27	0	2.8	33	9
1982-11-28	0	3	33	5
1982-11-29	0	3.8	34	5
1982-11-30	0	3.2	34	8
1982-12-01	0	1.9	21	9
1982-12-02	0	3.5	22	7
1982-12-03	0	4.2	24	6
1982-12-04	0	4.2	21	4
1982-12-05	0	3.2	22	5
1982-12-06	0	3.1	20	6
1982-12-07	0	4.4	18	5
1982-12-08	0	1.7	19	7
1982-12-09	0	1.2	20	4
1982-12-10	0	1.9	17	6
1982-12-11	0	1.1	19	6
1982-12-12	1.2	2	18	8
1982-12-13	1.3	1.3	20	6
1982-12-14	2.8	2.1	22	5
1982-12-15	0	4.6	20	7
1982-12-16	0	2.9	25	9
1982-12-17	0	4.3	22	6
1982-12-18	0	2.8	24	3
1982-12-19	0	4.4	20	7
1982-12-20	0	2.8	21	4
1982-12-21	0	3.1	20	5
1982-12-22	0	2.7	20	6
1982-12-23	0	2.9	23	5
1982-12-24	0	3.2	25	7
1982-12-25	0	4.8	22	5
1982-12-26	0	2.3	21	4
1982-12-27	0	2.2	25	8
1982-12-28	3.2	4.8	23	5
1982-12-29	0	4.4	28	7
1982-12-30	0	6.4	26	6
1982-12-31	1.3	5.6	24	6
1983-01-01	0	4.1	25	8
1983-01-02	0	3.9	21	6
1983-01-03	0	2.2	26	4
1983-01-04	0	5.6	22	2
1983-01-05	0.5	2.5	20	2
1983-01-06	0	2.6	19	3
1983-01-07	0	2.7	23	7
1983-01-08	0	2	21	9
1983-01-09	0	2	24	6
1983-01-10	0	3.3	24	5
1983-01-11	0	2.3	21	8
1983-01-12	0	1.9	23	9
1983-01-13	0	2.1	22	6
1983-01-14	0	2.1	24	4
1983-01-15	0.5	2.2	26	4
1983-01-16	3.5	3.8	22	6
1983-01-17	0	2.6	17	4
1983-01-18	15.5	1	21	2
1983-01-19	0.5	2.4	20	0
1983-01-20	0	2.2	19	3
1983-01-21	0	1.7	19	2
1983-01-22	0	1.1	20	2
1983-01-23	0	2.8	19	3
1983-01-24	0	2	22	3
1983-01-25	0	3.7	20	3
1983-01-26	0	2.7	21	6
1983-01-27	0	3.8	22	3
1983-01-28	0	3.4	25	4
1983-01-29	0	4.4	24	2
1983-01-30	0	5.2	26	3
1983-01-31	0	6.5	24	5
1983-02-01	0	5.1	24	4
1983-02-02	0	5.3	26	6
1983-02-03	0	6.1	23	4
1983-02-04	0	3.1	20	2
1983-02-05	0	3.7	20	3
1983-02-06	0	3.2	24	6
1983-02-07	0	5.7	25	6
1983-02-08	0	4.2	27	3
1983-02-09	0	5	25	4
1983-02-10	0	6.2	24	3
1983-02-11	0	4.9	21	5
1983-02-12	0	3.1	24	2
1983-02-13	0	4.1	27	3
1983-02-14	0	5.9	25	5
1983-02-15	0	6.5	27	4
1983-02-16	0	5.4	24	7
1983-02-17	0	4	22	4
1983-02-18	0	2.7	20	4
1983-02-19	0	2.9	24	3
1983-02-20	0	3.5	24	3
1983-02-21	0	3.9	26	6
1983-02-22	0	5.3	25	6
1983-02-23	0	3.8	21	4
1983-02-24	2.8	2.8	21	3
1983-02-25	0	3.9	24	4
1983-02-26	0	6.4	20	6
1983-02-27	0	5	25	2
1983-02-28	0	3.5	23	2
1983-03-01	0	7.3	26	3.5
1983-03-02	0	7.1	29	4
1983-03-03	0	8.4	30	5
1983-03-04	0	9.6	26	7.5
1983-03-05	0	7.1	29	4.5
1983-03-06	0	8.2	28.5	5
1983-03-07	0	8.1	28	3
1983-03-08	0	7.9	29	2
1983-03-09	0	8.7	28	4
1983-03-10	0	7.9	26	4
1983-03-11	0	6.7	27.5	4
1983-03-12	0	7	28	3.5
1983-03-13	0	7.6	20	4.5
1983-03-14	0	5.1	25	4
1983-03-15	0	6.3	25	3
1983-03-16	0	5.7	26	5
1983-03-17	0	6.3	27	3
1983-03-18	0	6.9	30	2
1983-03-19	0	9.6	31	5
1983-03-20	0	10.2	30	5.5
1983-03-21	0	9.4	23	5
1983-03-22	0	5.2	32	2
1983-03-23	0	10.6	28	5
1983-03-24	0	8.1	29	3
1983-03-25	0	9	31	5
1983-03-26	0	10.3	30.5	6
1983-03-27	0	9.2	28	5
1983-03-28	0	7.8	27	4
1983-03-29	0	7.5	28	4.5
1983-03-30	0	8.1	29	6
1983-03-31	0	8.9	28	6
1983-04-01	0	9	30	6
1983-04-02	0	8	30	4
1983-04-03	0	9	30	3
1983-04-04	0	9.4	30	5
1983-04-05	0	7.6	31	8
1983-04-06	0	7.1	34	4
1983-04-07	0	10.4	30	7
1983-04-08	0	8.4	33	6
1983-04-09	0	7.5	31	4
1983-04-10	0	5.3	27	2
1983-04-11	0	7	31	5
1983-04-12	0	10.6	34	7
1983-04-13	0	10.7	32	6
1983-04-14	0	10.2	31	8
1983-04-15	0	7.9	33	8
1983-04-16	0	10	31	5
1983-04-17	0	9.1	30	3
1983-04-18	0	9.8	37	4
1983-04-19	0	10.1	34	9
1983-04-20	0	10.1	35	7
1983-04-21	0	10.2	36	6
1983-04-22	0	11	35	2
1983-04-23	0	10.8	33	3
1983-04-24	0	9.1	36	4
1983-04-25	0	10.8	34	6
1983-04-26	0	10	36	4
1983-04-27	0	10.8	36	8
1983-04-28	0	10.6	34	4
1983-04-29	0	10.1	34	3
1983-04-30	0	9.1	35	4
1983-05-01	0	9	35	7
1983-05-02	0	10.1	37	6
1983-05-03	0	9.8	39	6
1983-05-04	0	8.8	29	8
1983-05-05	0	10.2	35	4
1983-05-06	0	10.1	39	9
1983-05-07	0.3	9.4	36	6
1983-05-08	0	8.5	30	4
1983-05-09	3.2	9.6	35	6
1983-05-10	0	8.4	32	3
1983-05-11	0	8.9	33	3
1983-05-12	0	8.1	33	6
1983-05-13	0	9.4	34	3
1983-05-14	0	10.2	35	4
1983-05-15	0	10.2	35	4
1983-05-16	0	8.5	31	9
1983-05-17	0	8	31	6
1983-05-18	0	10.9	36	6
1983-05-19	0.5	8.8	34	5
1983-05-20	10.2	9.7	35	5
1983-05-21	0.7	10.1	35	6
1983-05-22	0	9.1	33	6
1983-05-23	0	9.4	34	7
1983-05-24	0	9	31	4
1983-05-25	11.2	7.3	29	3
1983-05-26	12.5	2.4	22	8
1983-05-27	1.2	2.4	22	6
1983-05-28	0	8.1	30	7
1983-05-29	0	8.6	31	4
1983-05-30	0	8.6	29	3
1983-05-31	0	9.2	32	3
1983-06-01	0	7.8	29	4
1983-06-02	0	9.3	31	6
1983-06-03	0	8.1	34	8
1983-06-04	0	9.9	33	7
1983-06-05	0	10.1	34	6
1983-06-06	3	10.1	34	8
1983-06-07	0	5	26	5
1983-06-08	0	9	32	7
1983-06-09	0	5.8	30	6
1983-06-10	0	6.5	33	5
1983-06-11	0	8.2	32	9
1983-06-12	0	8.6	34	8
1983-06-13	0	7.1	32	7
1983-06-14	0	7.2	32	8
1983-06-15	0	6.1	29	7
1983-06-16	0	8	30	6
1983-06-17	0	8.1	29	9
1983-06-18	0	5.6	31	6
1983-06-19	0	8.1	32	9
1983-06-20	0	8	28	8
1983-06-21	0	9	31	6
1983-06-22	0	8	29	7
1983-06-23	0	8.4	28	5
1983-06-24	0.2	8.1	27	6
1983-06-25	0	8.4	29	7
1983-06-26	0	9	31	6
1983-06-27	0	7.9	30	7
1983-06-28	0	8.8	32	8
1983-06-29	0	8.7	29	7
1983-06-30	0.2	7.9	29	4
1983-07-01	14.5	9.5	29	6
1983-07-02	0	5.1	28	7
1983-07-03	20	6.4	27	6
1983-07-04	0	7.1	31	6
1983-07-05	1.2	6.2	25	7
1983-07-06	0	7.5	28	9
1983-07-07	0	7.4	30	8
1983-07-08	0	6.4	30	6
1983-07-09	0	8.8	32	7
1983-07-10	0	7.8	29	8
1983-07-11	0	8.1	30	6
1983-07-12	4.8	6.9	31	9
1983-07-13	1.5	5.5	26	7
1983-07-14	0.3	7.2	26	6
1983-07-15	0	7.4	28	6
1983-07-16	0	6.1	29	7
1983-07-17	1.4	4.8	24	6
1983-07-18	0	5.9	27	7
1983-07-19	0	8.5	31	7
1983-07-20	0	8.4	29	8
1983-07-21	0	8.5	29	6
1983-07-22	0	6	25	6
1983-07-23	0	8.6	30	5
1983-07-24	0	7.2	26	8
1983-07-25	0	6.8	28	6
1983-07-26	0	6.9	27	7
1983-07-27	1.6	6.7	27	6
1983-07-28	0	6.6	29	5
1983-07-29	0	7.4	27	7
1983-07-30	0	7.1	29	9
1983-07-31	0	6.3	27.5	10
1983-08-01	0	6.3	27	9.5
1983-08-02	0	6.2	27	6
1983-08-03	9.3	6	29	7
1983-08-04	1.3	4.7	25	6
1983-08-05	0	2.6	23	6
1983-08-06	0	4.4	23	6
1983-08-07	0	6	26	6
1983-08-08	0	6.9	28	7
1983-08-09	0	5.5	28	6
1983-08-10	0	6.3	27	6
1983-08-11	2.5	3.6	24	8
1983-08-12	0	6.7	27	5
1983-08-13	0	7	28	6
1983-08-14	1.2	5.6	26	7
1983-08-15	0	7	28	5
1983-08-16	0	8.2	29	5
1983-08-17	0	7.4	29	4
1983-08-18	0	7.7	31	6
1983-08-19	0	6.8	29	8
1983-08-20	0	6.2	29	7
1983-08-21	0	6.8	28	7
1983-08-22	0	5.9	26	4
1983-08-23	0	8	26	5
1983-08-24	0	6.4	27	4
1983-08-25	0	4.7	23	4
1983-08-26	0	5.5	26	6
1983-08-27	0	6.3	28	7
1983-08-28	0	6	28	6
1983-08-29	0	6	28	5
1983-08-30	0	7.3	27	6
1983-08-31	0	5.5	27	4
1983-09-01	0	6.3	26	4
1983-09-02	0	4.8	28	4
1983-09-03	0	5.7	28	6
1983-09-04	0	5	30	7
1983-09-05	0	6.8	31	3
1983-09-06	0.3	6.1	29	4
1983-09-07	1.4	3.4	26	5
1983-09-08	4	6	26	7
1983-09-09	1.2	4.4	26	7
1983-09-10	0	3.9	28	6
1983-09-11	0	5.7	28	7
1983-09-12	2.1	6	28	8
1983-09-13	2.3	4.6	27	8
1983-09-14	0	4.6	27	6
1983-09-15	0	5.8	26	6
1983-09-16	0	4.2	26	7
1983-09-17	1.3	6.6	28	4
1983-09-18	0	5	28	5
1983-09-19	20	5.4	30	6
1983-09-20	0	4.3	30	6
1983-09-21	0	4.2	28	4
1983-09-22	0	3.4	30	5
1983-09-23	0.2	2	23	4
1983-09-24	0.7	2.4	20	6
1983-09-25	0.2	3.3	23	8
1983-09-26	12.2	4.1	29	8
1983-09-27	1.1	3.9	29	4
1983-09-28	0	4.1	30	2
1983-09-29	0	3.3	27	3
1983-09-30	0	5.4	30	3
1983-10-01	0	4	24	4
1983-10-02	0	5.3	24	6
1983-10-03	0	3.7	24	3
1983-10-04	0	2.8	24	2
1983-10-05	0	6.6	25	6
1983-10-06	0	3.2	25	4
1983-10-07	0	4.1	27	6
1983-10-08	0	4.1	27	6
1983-10-09	0	4.7	24	9
1983-10-10	0	6.5	23	4
1983-10-11	0	3.8	27	6
1983-10-12	14.1	4.8	25	7
1983-10-13	0	2.1	19	4
1983-10-14	0	5.4	29	4
1983-10-15	0	5.2	27	4
1983-10-16	0	3.9	23	7
1983-10-17	0	2.5	22	6
1983-10-18	0	4.7	24	6
1983-10-19	0.7	6.7	29	3
1983-10-20	0	5.1	28	6
1983-10-21	2.3	4.8	25	6
1983-10-22	0	3.4	22	6
1983-10-23	0	2.7	20	4
1983-10-24	0	4	25	8
1983-10-25	0	1.1	18	4
1983-10-26	0	2.7	23	6
1983-10-27	0	5.2	26	5
1983-10-28	0	5	30	2
1983-10-29	0	4	25	3
1983-10-30	0	5.4	29	2
1983-10-31	0	5.6	28	4
1983-11-01	0	3.8	24	6
1983-11-02	0	3.9	30	6
1983-11-03	0	6.7	31	4
1983-11-04	0	3.9	24	6
1983-11-05	2.3	2.3	24	9
1983-11-06	0	2.5	21	6
1983-11-07	5.3	3.6	24	3
1983-11-08	3.7	2.8	25	4
1983-11-09	0	3	22	4
1983-11-10	0	3.3	26	3
1983-11-11	0	3.6	29	5
1983-11-12	0	3.8	24	4
1983-11-13	0	2.7	26	2
1983-11-14	0	2.5	23	3
1983-11-15	0	4.2	22	4
1983-11-16	0	2.5	19	2
1983-11-17	0	1.5	17	7
1983-11-18	0	3.7	24	2
1983-11-19	0	3	22	5
1983-11-20	0	3.2	24	4
1983-11-21	2.2	5	25	6
1983-11-22	0	4.6	27	3
1983-11-23	0	4.1	26	2
1983-11-24	0	4.3	26	4
1983-11-25	0	4.9	27	6
1983-11-26	0	4	26	7
1983-11-27	0	2.7	27	4
1983-11-28	0	3.9	24	4
1983-11-29	0	2.9	24	4
1983-11-30	0	4.5	27	3
1983-12-01	0	2.4	30	5
1983-12-02	0	4.8	29	7
1983-12-03	0	2.9	22	4
1983-12-04	0	3.8	25	3
1983-12-05	0	1.7	25	3
1983-12-06	0	3.5	28	4
1983-12-07	0	3.7	24	4
1983-12-08	0	4.2	26	4
1983-12-09	0	1.5	25	3
1983-12-10	0	4.6	29	4
1983-12-11	0	3.5	24	6
1983-12-12	0	3.7	24	6
1983-12-13	0	4.9	25	6
1983-12-14	0	3.4	24	7
1983-12-15	0	4.4	24	4
1983-12-16	0	3.2	20	4
1983-12-17	0	2.8	20	3
1983-12-18	0	2.5	23	2
1983-12-19	0	1.9	26	3
1983-12-20	0	3.4	25	4
1983-12-21	0	2.6	26	5
1983-12-22	0	5.1	23	5
1983-12-23	0	2.4	25	5
1983-12-24	0	1.6	19	6
1983-12-25	0	1	25	6
1983-12-26	0	5.2	27	7
1983-12-27	0	4.6	26	5
1983-12-28	0	5	24	7
1983-12-29	0	2	19	7
1983-12-30	0	4.5	17	2
1983-12-31	0	1.6	19	3
1984-01-01	0	2.5	20	4
1984-01-02	0	2	17	6
1984-01-03	2.7	1.6	16	8
1984-01-04	0	3	20	6
1984-01-05	0	3.3	25	8
1984-01-06	0	5.3	26	3
1984-01-07	0.3	5	27	3
1984-01-08	0	5.6	26	5
1984-01-09	0	5	26	3
1984-01-10	0	4.6	27	4
1984-01-11	4.7	2.1	22	3
1984-01-12	0	3.4	22	4
1984-01-13	0	5.7	24	4
1984-01-14	0	2	27	5
1984-01-15	0	4.2	24	5
1984-01-16	0	3.2	27	3
1984-01-17	0	4.8	27	4
1984-01-18	0	3.3	27	6
1984-01-19	0	4	20	5
1984-01-20	0	3.5	25	4
1984-01-21	0	1.8	20	2
1984-01-22	0	3.6	24	2
1984-01-23	0	4.7	27	4
1984-01-24	0	4.4	25	4
1984-01-25	0	4	22	4
1984-01-26	0	4.8	25	4
1984-01-27	0	5.6	25	6
1984-01-28	0	4.2	25	3
1984-01-29	0	2.6	27	5
1984-01-30	0	5	23	4
1984-01-31	0	4.1	20	7
1984-02-01	0	3.1	20	3
1984-02-02	0	3.5	28	4
1984-02-03	0	4.3	28	4
1984-02-04	0	3.5	27	3
1984-02-05	0	2.5	24	6
1984-02-06	0	1.7	21	6
1984-02-07	0	3.1	19	4
1984-02-08	0.4	1.4	19	3
1984-02-09	2.7	2.5	21	5
1984-02-10	0	3.4	24	4
1984-02-11	0	5	25	6
1984-02-12	0	3.6	24	7
1984-02-13	0	6.2	26	6
1984-02-14	0	3.8	27	6
1984-02-15	0	5.5	27	6
1984-02-16	0	5.7	26	6
1984-02-17	0	4.8	30	5
1984-02-18	0.9	4	30	5
1984-02-19	0	4.1	28	6
1984-02-20	0	5.7	30	6
1984-02-21	0	5.4	28	5
1984-02-22	0	5.9	26	5
1984-02-23	0	7.7	29	4
1984-02-24	0	4.9	27	5
1984-02-25	0	5	28	6
1984-02-26	0	7.8	28	6
1984-02-27	0	5.5	23	6
1984-02-28	0	3.7	15	3
1984-02-29	0	4.5	20	3
1984-03-01	0	7.4	27	2
1984-03-02	0	5.1	27	5
1984-03-03	0	5.1	27	6
1984-03-04	0	3.6	28	5
1984-03-05	0	4.7	27	6
1984-03-06	0	5.4	26	8
1984-03-07	0	5.5	24	7
1984-03-08	0	6.2	24	8
1984-03-09	0	4.8	27	4
1984-03-10	0	6.1	29	4
1984-03-11	0	4.3	26	4
1984-03-12	0	9.1	30	6
1984-03-13	1.2	3.9	29	7
1984-03-14	2.5	4.7	28	8
1984-03-15	0	4.5	28	7
1984-03-16	0	6.3	28	7
1984-03-17	0	6.9	28	7
1984-03-18	0	6.7	31	6
1984-03-19	0	5.2	30	10
1984-03-20	0	7	24	8
1984-03-21	0	5.3	27	7
1984-03-22	0	6.7	26	9
1984-03-23	0	8.7	29	7
1984-03-24	0	6.8	30	5
1984-03-25	0	5.4	32	5
1984-03-26	0	8.9	33	7
1984-03-27	0	10.6	33	6
1984-03-28	0	8.9	33	8
1984-03-29	0	8.3	25	6
1984-03-30	0	9.8	32	5
1984-03-31	0	4.9	31	6
1984-04-01	0	6.8	33	9
1984-04-02	0	10.7	35	7
1984-04-03	0	7.8	32	7
1984-04-04	0	6	26	8
1984-04-05	0	5.8	28	12
1984-04-06	0	6.9	34	6
1984-04-07	0	9.4	32	10
1984-04-08	0	6.9	32	7
1984-04-09	0	5.8	33	8
1984-04-10	0	10.3	31	10
1984-04-11	0	7.6	33	7
1984-04-12	0	10.4	33	8
1984-04-13	0	9.5	34	4
1984-04-14	0	7.2	31	6
1984-04-15	0	5.8	32	9
1984-04-16	0	7.6	32	8
1984-04-17	0	6.9	30	8
1984-04-18	0	7.5	32	6
1984-04-19	0	9.2	32	9
1984-04-20	0	7.8	34	8
1984-04-21	0	8.8	32	9
1984-04-22	0	7.5	31	9
1984-04-23	0	7.6	31	9
1984-04-24	0	7.4	34	7
1984-04-25	0	8.5	35	9
1984-04-26	0	9.9	34	10
1984-04-27	0	8	35	10
1984-04-28	0	10.3	36	12
1984-04-29	0	9.8	34	11
1984-04-30	0	7.2	31	11
1984-05-01	7.8	6.8	34	11
1984-05-02	0	9.1	33	11
1984-05-03	0	10.7	34	12
1984-05-04	0	8.6	33	11
1984-05-05	1.2	7.2	34	13
1984-05-06	0	7.6	33	10
1984-05-07	0	7.5	34	12
1984-05-08	0	3.5	22	11
1984-05-09	0	5.3	23	10
1984-05-10	0	6.9	28	4
1984-05-11	1.2	7.8	29	8
1984-05-12	2.7	2.8	26	9
1984-05-13	0.5	5.7	24	8
1984-05-14	8.9	7.4	24	9
1984-05-15	9.2	6.1	25	8
1984-05-16	2.5	4.8	27	7
1984-05-17	2.1	4.3	27	10
1984-05-18	0.8	5.2	26	11
1984-05-19	0	4.9	29	11
1984-05-20	1.8	5.8	29	10
1984-05-21	0	6.9	29	11
1984-05-22	0	9.4	31	11
1984-05-23	0	8.8	30	8
1984-05-24	0	7.6	28	10
1984-05-25	0	6.6	29	8
1984-05-26	0	8.1	28	12
1984-05-27	0	7	28	11
1984-05-28	3.1	5.8	24	12
1984-05-29	2.1	1.4	19	10
1984-05-30	2	2.2	24	10
1984-05-31	0	5.8	22	4
1984-06-01	0	8.3	27	4
1984-06-02	0	7.6	29	5
1984-06-03	3.7	7.5	28	7
1984-06-04	0	4.2	30	11
1984-06-05	0	5.9	28	10
1984-06-06	0	7.3	30	10
1984-06-07	0	6.1	31	11
1984-06-08	0	7.4	31	12
1984-06-09	0	6.2	29	12
1984-06-10	0	5.1	28	13
1984-06-11	0.3	6.6	26	12
1984-06-12	0	4.5	26	11
1984-06-13	0	6.9	28	12
1984-06-14	0.2	4.3	28	11
1984-06-15	0	7.3	29	13
1984-06-16	0	8.2	26	12
1984-06-17	0	7	27	12
1984-06-18	0	7.1	27	10
1984-06-19	0	4.7	27	12
1984-06-20	0	3.7	27	12
1984-06-21	0	8.9	26	12
1984-06-22	0.7	5.5	28	10
1984-06-23	0	7	30	10
1984-06-24	0	7.2	28	12
1984-06-25	0	9.2	29	12
1984-06-26	0	6.5	29	10
1984-06-27	0	6.6	31	10
1984-06-28	0	5.7	32	9
1984-06-29	15.7	7.7	32	10
1984-06-30	8.5	4.9	27	9
1984-07-01	0.5	3.4	22	11
1984-07-02	0	4.8	25	10
1984-07-03	0.3	4.4	24	9
1984-07-04	2.7	6.9	25	9
1984-07-05	0	7.1	25	10
1984-07-06	0	5.2	21	11
1984-07-07	0.4	4.8	28	12
1984-07-08	0	6.6	26	13
1984-07-09	7.8	2.1	25	12
1984-07-10	3.8	2.9	26	13
1984-07-11	4.3	1.7	28	14
1984-07-12	0.2	3.1	21	13
1984-07-13	0.9	2.1	23	14
1984-07-14	3.8	1.5	24	12
1984-07-15	0	4	24	13
1984-07-16	0	4.3	25	12
1984-07-17	0	5.3	26	11
1984-07-18	0	4.5	28	9
1984-07-19	0	7.7	29	9
1984-07-20	0	8.9	28	8
1984-07-21	0	6	28	10
1984-07-22	0	5.2	27	9
1984-07-23	0	6	25	11
1984-07-24	0	8.1	26	11
1984-07-25	0	6.5	28	12
1984-07-26	0	5.4	26	12
1984-07-27	0	6.6	28	10
1984-07-28	0	6.4	27	11
1984-07-29	0	6.3	26	11
1984-07-30	0	4.3	24	12
1984-07-31	0	4.9	26	11
1984-08-01	0	6.1	28	8
1984-08-02	0	6	27	11
1984-08-03	0	4.9	26	10
1984-08-04	0	7.3	27	10
1984-08-05	0	4.8	25	11
1984-08-06	9.3	3.1	26	10
1984-08-07	2.7	4.8	25	12
1984-08-08	8.4	4.6	24	10
1984-08-09	2.8	7.8	28	11
1984-08-10	0	4.8	26	10
1984-08-11	0	7	28	10
1984-08-12	0	2.8	26	10
1984-08-13	0	4.2	28	9
1984-08-14	0	3.1	26	10
1984-08-15	0.3	2.9	24	11
1984-08-16	0	5.2	26	8
1984-08-17	0	4.4	27	11
1984-08-18	1.3	4.9	25	12
1984-08-19	0	4.6	28	9
1984-08-20	0	3.9	29	8
1984-08-21	1.2	5.1	28	9
1984-08-22	1.6	2.8	24	10
1984-08-23	0	4.3	26	12
1984-08-24	0	4.7	22	12
1984-08-25	0	4.7	27	11
1984-08-26	0	5.4	24	9
1984-08-27	0.6	5.1	29	11
1984-08-28	0	6.3	26	9
1984-08-29	0	5.6	28	10
1984-08-30	0	6.3	26	8
1984-08-31	0	6.1	28	9
1984-09-01	0	6.5	29	9
1984-09-02	0	7.7	28	10
1984-09-03	6.7	3	28	10
1984-09-04	20	5.6	24	13
1984-09-05	20	2.4	20	13
1984-09-06	5.3	1.4	19	12
1984-09-07	2.1	2.4	22	12
1984-09-08	2.4	2.6	27	11
1984-09-09	1.2	2.9	22	12
1984-09-10	2.1	3.1	22	12
1984-09-11	0.4	2.3	23	11
1984-09-12	1.1	3.4	20	12
1984-09-13	1.8	4.7	20	12
1984-09-14	2.3	3.2	19	11
1984-09-15	5.8	2.1	20	12
1984-09-16	1.7	2.4	18	10
1984-09-17	0.2	3.3	19	12
1984-09-18	0	2.1	22	12
1984-09-19	0	3.1	21	11
1984-09-20	0.2	2.9	24	9
1984-09-21	0	6.3	26	12
1984-09-22	0	5	24	13
1984-09-23	0	6.2	27	12
1984-09-24	2.4	6.1	26	10
1984-09-25	0.9	5.1	23	13
1984-09-26	0.5	5.4	20	11
1984-09-27	0.2	3.5	20	11
1984-09-28	0	5.2	24	9
1984-09-29	0	4.9	25	10
1984-09-30	0	3.7	21	12
1984-10-01	0	3.5	22	10
1984-10-02	0	4.3	24	10
1984-10-03	0	3.9	26	10
1984-10-04	0	3.5	28	8
1984-10-05	0	2.6	29	9
1984-10-06	0	5.2	29	8
1984-10-07	0	4.9	26	8
1984-10-08	0	6	26	10
1984-10-09	0	4	28	7
1984-10-10	0	5.4	26	6
1984-10-11	0	4.7	26	9
1984-10-12	0	3.2	28	6
1984-10-13	0	2.9	28	8
1984-10-14	0	6.1	28	9
1984-10-15	0	4.8	29	9
1984-10-16	0	3.9	31	9
1984-10-17	0	7.3	30	11
1984-10-18	0	2.8	32	13
1984-10-19	0	5.4	31	11
1984-10-20	0	7.3	29	10
1984-10-21	0	5.3	31	9
1984-10-22	0	4.2	30	9
1984-10-23	0	3.5	26	12
1984-10-24	0	4.6	28	13
1984-10-25	0	4.4	26	9
1984-10-26	0	1.5	27	11
1984-10-27	0	5.2	29	10
1984-10-28	0	3.8	27	7
1984-10-29	0	3.8	23	10
1984-10-30	0.3	4.9	23	11
1984-10-31	0	4.1	24	14
1984-11-01	0	3.4	26	9
1984-11-02	0	4.1	23	6
1984-11-03	3	3.1	20	5
1984-11-04	0	4.3	27	8
1984-11-05	0	6.8	21	7
1984-11-06	0	3.2	22	6
1984-11-07	0	3	28	4
1984-11-08	0	3.9	28	4
1984-11-09	0	4.2	28	2
1984-11-10	0	5.1	27	2
1984-11-11	0	4.3	21	6
1984-11-12	0	6.4	22	3
1984-11-13	0	3.3	20	4
1984-11-14	0	4.4	24	3
1984-11-15	0	5.2	25	2
1984-11-16	0	4.1	24	2
1984-11-17	0	5.1	26	3
1984-11-18	0	6	27	5
1984-11-19	0	3.7	23	3
1984-11-20	0	3.3	20	8
1984-11-21	0	3.1	19	9
1984-11-22	0	2.9	18	7
1984-11-23	0	2	19	3
1984-11-24	0	2.2	25	2
1984-11-25	0	3.9	27	3
1984-11-26	0	4.2	29	4
1984-11-27	0	3.9	23	6
1984-11-28	0	3	27	6
1984-11-29	0	3.6	28	6
1984-11-30	0	4.1	25	7
1984-12-01	0	4.3	25	4
1984-12-02	0	3.3	26	6
1984-12-03	0	3.3	22	8
1984-12-04	0	5.2	26	7
1984-12-05	0	3.2	25	5
1984-12-06	0	2	19	7
1984-12-07	0	2.6	18	7
1984-12-08	0	2.5	23	8
1984-12-09	0	4.7	24	1
1984-12-10	0	2.9	22	2
1984-12-11	0	3.2	28	-2
1984-12-12	0	2.7	25	2
1984-12-13	0	5.3	25	4
1984-12-14	0	2.3	25	3
1984-12-15	0	3	25	4
1984-12-16	0	3.9	26	6
1984-12-17	0	1.9	23	7
1984-12-18	0	2.8	28	5
1984-12-19	0	3	22	3
1984-12-20	0	4.3	24	1
1984-12-21	0	4.1	26	1
1984-12-22	0	1.2	24	2
1984-12-23	0	2.2	23	3
1984-12-24	0	3.7	24	-1
1984-12-25	0	2.1	19	1
1984-12-26	0	5.5	19	5
1984-12-27	0	2.9	24	8
1984-12-28	0	3.1	23	5
1984-12-29	0	4.6	25	4
1984-12-30	0	3.2	24	6
1984-12-31	0	3.2	25	5
1985-01-01	0	2.8	25	2
1985-01-02	0	5.4	26	5
1985-01-03	0	3	14	1
1985-01-04	0	2.2	14	2
1985-01-05	0	1.4	14	-5
1985-01-06	0	4.2	20	-4
1985-01-07	0	3.9	20	-4
1985-01-08	0	2.9	24	-3
1985-01-09	0	4.1	25	-3
1985-01-10	0	3.1	26	3
1985-01-11	0	3.3	20	7
1985-01-12	0	3.7	19	9
1985-01-13	0	3.3	21	5
1985-01-14	0	4.5	24	4
1985-01-15	0.6	3.9	26	4
1985-01-16	0	4.3	25	4
1985-01-17	0	4.9	20	2
1985-01-18	0	4.9	25	4
1985-01-19	0	6.3	25	3
1985-01-20	0	3	19	3
1985-01-21	0	3.1	21	3
1985-01-22	0	5	26	2
1985-01-23	1.5	3	27	2
1985-01-24	0	3.6	27	6
1985-01-25	0	4.8	28	5
1985-01-26	0	4	28	6
1985-01-27	0	4.3	27	5
1985-01-28	0	3.6	29	2
1985-01-29	0	5.3	28	2
1985-01-30	0	4.1	28	3
1985-01-31	0	5.5	28	5
1985-02-01	0	8.4	28	5
1985-02-02	0	6.2	29	7
1985-02-03	0	4.8	28	4
1985-02-04	0	6.4	29	3
1985-02-05	0	7.4	29	3
1985-02-06	0	4.5	28	4
1985-02-07	0	5.4	27	3
1985-02-08	0	6.7	20	4
1985-02-09	0	3.1	27	2
1985-02-10	0	3	29	4
1985-02-11	0	4.7	26	4
1985-02-12	0	3	22	4
1985-02-13	0	9.4	27	2
1985-02-14	0	2.1	17	2
1985-02-15	0	4	19	2
1985-02-16	0	3.1	26	-1
1985-02-17	0	4	25	-1
1985-02-18	0	4.1	20	3
1985-02-19	0	3.9	23	3
1985-02-20	0	5.9	27	5
1985-02-21	5.4	2.6	28	8
1985-02-22	0	4.1	29	6
1985-02-23	0	3.9	29	6
1985-02-24	0	6.4	28	5
1985-02-25	0.5	3	26	6
1985-02-26	0	7.5	28	6
1985-02-27	0	3.5	22	6
1985-02-28	0	5.1	25	3
1985-03-01	0	5.8	28	4
1985-03-02	0	6.2	30	3
1985-03-03	0	6.3	29	4
1985-03-04	0	8.2	26	5
1985-03-05	0	5.6	24	4
1985-03-06	0	4.9	22	3
1985-03-07	0	6.3	24	8
1985-03-08	0	4.8	22	6
1985-03-09	0	7	21	4
1985-03-10	0	4.9	23	8
1985-03-11	0	6.1	27	6
1985-03-12	0	5.2	30	5
1985-03-13	6.2	1	29	6
1985-03-14	0	4.7	25	7
1985-03-15	0	5.3	30	8
1985-03-16	0	6.9	30	6
1985-03-17	0	5.2	31	3
1985-03-18	0	7.9	29	7
1985-03-19	0	8.8	30	4
1985-03-20	0	9.5	30	7
1985-03-21	0	7.1	29	9
1985-03-22	0	4.1	32	7
1985-03-23	0	9	31	8
1985-03-24	0	4.9	30	9
1985-03-25	0	5.1	29	6
1985-03-26	0	6	30	8
1985-03-27	0.3	7.5	30	7
1985-03-28	0	5	30	8
1985-03-29	0	9.5	32	9
1985-03-30	0	5.5	31	7
1985-03-31	0.4	5.7	31	11
1985-04-01	0	8.1	24	2
1985-04-02	0	4.2	29	3
1985-04-03	0	7.4	28	2
1985-04-04	0	7.2	30	6
1985-04-05	0	6.4	30	11
1985-04-06	0	8.8	29	10
1985-04-07	4.5	4.9	29	8
1985-04-08	9.2	3	23	11
1985-04-09	8.9	6.2	21	9
1985-04-10	3.2	4	25	8
1985-04-11	0.2	5.5	25	9
1985-04-12	4.2	4.3	26	9
1985-04-13	4.5	6.4	26	7
1985-04-14	13.8	6.2	23	8
1985-04-15	0.2	4.6	25	10
1985-04-16	0	6.4	21	9
1985-04-17	1.4	5.4	29	6
1985-04-18	0	5.1	29	9
1985-04-19	1.3	2.9	27	10
1985-04-20	0	5.3	26	8
1985-04-21	0	5.9	29	8
1985-04-22	0	4.6	28	8
1985-04-23	0.5	7.1	30	10
1985-04-24	8.5	4.4	30	10
1985-04-25	0	6	28	11
1985-04-26	0	5.2	30	9
1985-04-27	3.5	6.5	33	8
1985-04-28	20	2.4	32	9
1985-04-29	0.8	4.1	30	9
1985-04-30	0	5	29	8
1985-05-01	0	6.6	28	9
1985-05-02	18.5	7.7	25	10
1985-05-03	0	3.1	23	9
1985-05-04	0	5	24	8
1985-05-05	1.4	4.8	26	7
1985-05-06	0	3.2	26	8
1985-05-07	0	6.6	27	9
1985-05-08	0	4.1	27	8
1985-05-09	0	3	28	10
1985-05-10	0	6.2	30	8
1985-05-11	0	4	34	9
1985-05-12	0	4	33	11
1985-05-13	0	8.3	34	10
1985-05-14	0	4.6	34	10
1985-05-15	0	8	29	12
1985-05-16	20	6.3	29	12
1985-05-17	20	4.5	28	10
1985-05-18	6.2	4.7	27	10
1985-05-19	1.7	5.4	27	7
1985-05-20	0	6.4	29	12
1985-05-21	0.3	5.6	30	9
1985-05-22	0	6.9	30	11
1985-05-23	0	6.1	30	9
1985-05-24	0	5.4	28	10
1985-05-25	0	6	30	11
1985-05-26	0	5	30	10
1985-05-27	0	5.9	30	11
1985-05-28	0	7.3	29	10
1985-05-29	0	7.3	30	6
1985-05-30	0	6.2	31	5
1985-05-31	0	7.4	30	6
1985-06-01	0	8.1	30	10
1985-06-02	0	2.4	28	10
1985-06-03	0	2.4	28	12
1985-06-04	0	3.2	28	14
1985-06-05	0	4	29	13
1985-06-06	0	5.9	27	10
1985-06-07	0	7.2	26	14
1985-06-08	0	6	28	6
1985-06-09	0	5.9	29	8
1985-06-10	0	6.8	31	9
1985-06-11	0	4.8	30	10
1985-06-12	12.6	3.8	26	14
1985-06-13	0	4.8	25	13
1985-06-14	0	5.1	25	12
1985-06-15	0	2.8	29	11
1985-06-16	4.1	5.9	26	10
1985-06-17	8.3	2.6	25	13
1985-06-18	3.3	4.6	26	14
1985-06-19	0	6.1	25	14
1985-06-20	5.1	6	24	12
1985-06-21	42.7	4	27	10
1985-06-22	6.6	5.6	24	11
1985-06-23	0	6.1	25	13
1985-06-24	0	3.4	25	12
1985-06-25	0	7.3	26	14
1985-06-26	0	4.8	27	11
1985-06-27	0	8.6	26	14
1985-06-28	1.8	4.8	26	13
1985-06-29	2.3	2.9	23	13
1985-06-30	0.7	2.3	19	13
1985-08-01	0	7.4	25	9
1985-08-02	0	6.2	25	12
1985-08-03	0	6.2	26	11
1985-08-04	0	3.5	26	10
1985-08-05	0	6.2	28	10
1985-08-06	0	6.3	28	8
1985-08-07	0	5	29	9
1985-08-08	0	4.5	28	8
1985-08-09	0	3.3	29	11
1985-08-10	0	4	29	10
1985-08-11	0	3.2	29	11
1985-08-12	0	2.2	30	9
1985-08-13	0	4.3	28	10
1985-08-14	0	2.3	29	9
1985-08-15	0	7.1	29	9
1985-08-16	0	4.4	27	12
1985-08-17	3.9	5.1	28	13
1985-08-18	0	5.9	26	12
1985-08-19	0	6.2	28	11
1985-08-20	0	4.4	28	10
1985-08-21	0	7.3	26	11
1985-08-22	0	4.5	26	11
1985-08-23	1.3	2.8	23	11
1985-08-24	5.6	6	26	14
1985-08-25	0	5.4	26	14
1985-08-26	0	3.9	24	11
1985-08-27	0	5.8	23	12
1985-08-28	0.5	4.1	24	12
1985-08-29	0	5	25	13
1985-08-30	0	3.7	28	12
1985-08-31	0	7	27	11
1985-09-01	0	4.9	27	7
1985-09-02	0	7.4	29	7
1985-09-03	9.1	6.3	30	9
1985-09-04	1.8	4	30	8
1985-09-05	0	4	28	9
1985-09-06	0	5.3	27	11
1985-09-07	0	6.4	26	13
1985-09-08	0	6.6	27	9
1985-09-09	0	4.9	28	9
1985-09-10	0	2.9	28	9
1985-09-11	0	7.7	26	11
1985-09-12	0	5.1	26	11
1985-09-13	0	5.1	28	11
1985-09-14	1.1	7.4	21	12
1985-09-15	1.9	5.1	22	12
1985-09-16	0	2.9	25	9
1985-09-17	0	5.1	26	9
1985-09-18	0	5.9	27	11
1985-09-19	0	3.7	26	11
1985-09-20	5.2	6.4	28	10
1985-09-21	0	5.1	27	9
1985-09-22	0	6.2	29	7
1985-09-23	0	6.1	28	8
1985-09-24	0	3.3	28	6
1985-09-25	0	5.1	29	8
1985-09-26	0	5.1	28	6
1985-09-27	0	6.1	28	7
1985-09-28	0	4.9	29	11
1985-09-29	0	6.2	30	12
1985-09-30	0	7.3	27	9
1985-10-01	0	5.3	24	10
1985-10-02	0	4.7	29	9
1985-10-03	0	4.6	26	8
1985-10-04	1.4	3.5	25	7
1985-10-05	0	2.1	20	10
1985-10-06	0	1.9	23	11
1985-10-07	0	5.5	29	7
1985-10-08	0	3.8	31	8
1985-10-09	0	3.8	28	11
1985-10-10	0	6.3	28	8
1985-10-11	0	4	28	6
1985-10-12	0	4.4	29	6
1985-10-13	0	5.2	30	6
1985-10-14	0	4.8	29	7
1985-10-15	0	3.6	26	9
1985-10-16	0	4.7	24	10
1985-10-17	0	4.3	28	10
1985-10-18	0	6.5	27	11
1985-10-19	0	4.6	25	11
1985-10-20	0	5.3	25	11
1985-10-21	3.5	5.9	27	13
1985-10-22	0	4	28	13
1985-10-23	0	3.4	28	7
1985-10-24	0	5.4	25	8
1985-10-25	0	3.9	24	10
1985-10-26	0	5.2	24	7
1985-10-27	0	4.1	26	3
1985-10-28	0	4.4	27	3
1985-10-29	0	4.2	29	4
1985-10-30	0	7.4	28	2
1985-10-31	0	4.5	28	2
1985-11-01	0	3.2	29	3
1985-11-02	0.5	3	25	6
1985-11-03	0.2	4.9	21	8
1985-11-04	0	4.4	19	2
1985-11-05	0	5.5	24	-2
1985-11-06	0	4.4	26	-1
1985-11-07	0	5.4	27	2
1985-11-08	0	2.4	28	4
1985-11-09	0	3.8	29	4
1985-11-10	0	5.3	30	6
1985-11-11	0	2.9	28	5
1985-11-12	0	5.4	26	8
1985-11-13	0	2.4	26	8
1985-11-14	0	4.6	29	4
1985-11-15	0	3.7	28	4
1985-11-16	0	5.4	24	7
1985-11-17	0	1.6	25	6
1985-11-18	0	3.9	25	5
1985-11-19	0	3.1	27	5
1985-11-20	0	5.5	23	7
1985-11-21	0	2.6	27	7
1985-11-22	0	2.8	27	6
1985-11-23	0	4.5	28	4
1985-11-24	0	2.9	28	4
1985-11-25	0	5.3	29	4
1985-11-26	0	5	28	4
1985-11-27	1	5.1	26	5
1985-11-28	3.4	7	20	6
1985-11-29	0	3.7	24	2
1985-11-30	0	2.8	25	2
1985-12-01	0	2.4	26	4
1985-12-02	0	3.5	25	6
1985-12-03	0	2.8	25	8
1985-12-04	0	3.4	24	4
1985-12-05	0	2.5	18	7
1985-12-06	0	4.1	20	4
1985-12-07	0	2	24	2
1985-12-08	0	4.3	26	2
1985-12-09	0	1.7	28	2
1985-12-10	0	4	26	3
1985-12-11	0	2.9	29	5
1985-12-12	0	3.3	29	5
1985-12-13	0	3.9	28	5
1985-12-14	0	2.7	23	3
1985-12-15	0	2.7	24	-1
1985-12-16	0	3.5	26	2
1985-12-17	0	1.6	24	4
1985-12-18	0	2.3	19	9
1985-12-19	0	2.2	18	7
1985-12-20	0	2	19	6
1985-12-21	0	2.2	19	8
1985-12-22	0	2	24	6
1985-12-23	0	5	23	8
1985-12-24	0	2.7	25	4
1985-12-25	0	2.2	17	6
1985-12-26	0	2.6	22	5
1985-12-27	0	3.2	28	4
1985-12-28	0	4.1	28	4
1985-12-29	0	4.4	27	2
1985-12-30	0	5	28	1
1985-12-31	0	3.5	26	2
1986-01-01	0	4.6	26	2
1986-01-02	0	3.3	27	-1
1986-01-03	0	2.4	27	1
1986-01-04	0	4.3	28	2
1986-01-05	0	3.1	16	4
1986-01-06	0	4.7	25	1
1986-01-07	0	1.7	26	4
1986-01-08	0	3.3	19	6
1986-01-09	0	5.5	20	6
1986-01-10	0	4.3	14	1
1986-01-11	0	3.4	16	1
1986-01-12	0	1.7	16	-4
1986-01-13	0	3.2	16	-6
1986-01-14	0	3.6	20	-7
1986-01-15	0	3	23	-5
1986-01-16	0	4.5	25	-3
1986-01-17	0	2.6	18	-1
1986-01-18	0	3.7	22	0
1986-01-19	0	2.6	20	-3
1986-01-20	0	2.6	23	1
1986-01-21	0	4.3	25	0
1986-01-22	0	4.7	24	1
1986-01-23	0	5.5	20	2
1986-01-24	0	2	26	2
1986-01-25	0.2	4.3	26	2
1986-01-26	0	2.1	22	3
1986-01-27	0	1.5	18	-4
1986-01-28	0	4	26	-3
1986-01-29	0	4.5	27	-1
1986-01-30	0	4.1	22	3
1986-01-31	0	3.9	26	1
1986-02-01	0	2.5	26	2
1986-02-02	0	4.7	28	3
1986-02-03	0	7	29	4
1986-02-04	0	3.8	25	6
1986-02-05	0	6.9	26	2
1986-02-06	0	4.9	27	2
1986-02-07	0	5.8	27	2
1986-02-08	0	5	28	2
1986-02-09	0	7.6	28	2
1986-02-10	0	4.4	28	4
1986-02-11	0	6	26	5
1986-02-12	0	3.2	25	4
1986-02-13	0	3.6	26	3
1986-02-14	0	2.4	28	4
1986-02-15	0	6.2	28	2
1986-02-16	0	4.6	29	3
1986-02-17	0	7.4	28	3
1986-02-18	0	6.2	29	3
1986-02-19	0	2	29	2
1986-02-20	0	7.5	31	1
1986-02-21	0	5.8	30	3
1986-02-22	0	2.9	28	5
1986-02-23	0	6.5	25	7
1986-02-24	0	7.1	26	3
1986-02-25	0	4.5	24	0
1986-02-26	0	6.5	28	-2
1986-02-27	0	4.5	28	0
1986-02-28	0	6.6	28	3
1986-03-01	0	4.6	23	4
1986-03-02	0	6.4	20	2
1986-03-03	0	6.7	30	3
1986-03-04	0	4.4	19	7
1986-03-05	0	6	30	4
1986-03-06	0	7.3	26	6
1986-03-07	0	4.1	28	7
1986-03-08	0	8.1	28	4
1986-03-09	0	8.5	30	4
1986-03-10	0	8.6	30	3
1986-03-11	0	5.1	31	4
1986-03-12	0	8.7	30	8
1986-03-13	0	8.5	29	4
1986-03-14	0	8.9	28	5
1986-03-15	0	5.8	30	4
1986-03-16	0	6.2	30	6
1986-03-17	0	7.1	31	5
1986-03-18	0	8.5	32	5
1986-03-19	0	7.5	31	3
1986-03-20	0	4.4	12	6
1986-03-21	0	3	11	1
1986-03-22	0	5.2	16	-2
1986-03-23	0	4.7	17	2
1986-03-24	0	4.5	19	4
1986-03-25	0	2.3	22	1
1986-03-26	0	8.5	24	1
1986-03-27	0	5.7	21	6
1986-03-28	0	4.8	20	7
1986-03-29	0	6.6	27	3
1986-03-30	0	6.5	28	4
1986-03-31	0	6.4	29	4
1986-04-01	0	4.2	21	4
1986-04-02	0	4.3	34	6
1986-04-03	0	9.8	34	8
1986-04-04	0	7.2	33	9
1986-04-05	0	7.8	34	10
1986-04-06	0	8.6	30	10
1986-04-07	0	6.4	31	11
1986-04-08	0	9	32	7
1986-04-09	0	6.1	29	5
1986-04-10	0	8.3	32	10
1986-04-11	0	6.9	34	7
1986-04-12	0	7.6	34	8
1986-04-13	0	7.4	33	6
1986-04-14	4.5	7.2	35	8
1986-04-15	0.3	3.3	28	10
1986-04-16	0.8	5.9	28	8
1986-04-17	0	6.8	31	8
1986-04-18	20	8	33	7
1986-04-19	12.7	5.9	30	9
1986-04-20	0	4.5	29	9
1986-04-21	1.7	7.3	28	9
1986-04-22	5.8	9.5	28	10
1986-04-23	0	1.4	28	10
1986-04-24	0	4.5	26	11
1986-04-25	12.1	7.6	27	9
1986-04-26	5.1	5.1	27	7
1986-04-27	0	3.7	27	8
1986-04-28	7.3	7.7	29	10
1986-04-29	6.1	3.8	25	10
1986-04-30	9.2	5	28	10
1986-05-01	2.1	9.6	28	10
1986-05-02	0	4.6	25	10
1986-05-03	0	7.5	25	11
1986-05-04	0	6.2	28	9
1986-05-05	0	5	31	8
1986-05-06	0	8.7	32	10
1986-05-07	1.4	5.9	32	11
1986-05-08	0	8.5	31	10
1986-05-09	0	9.4	31	9
1986-05-10	0	7.8	34	10
1986-05-11	0	9.5	33	11
1986-05-12	0	6.5	33	12
1986-05-13	0	9.5	34	12
1986-05-14	4.6	8	34	12
1986-05-15	0	7.5	34	11
1986-05-16	0	8.4	35	11
1986-05-17	1.4	6.8	33	10
1986-05-18	0	6.5	24	12
1986-05-19	0	5	25	13
1986-05-20	0	4.9	25	11
1986-05-21	0	10	28	11
1986-05-22	0	6.3	32	9
1986-05-23	0	5.7	31	10
1986-05-24	0	6.9	29	9
1986-05-25	0	8	29	11
1986-05-26	0	2.7	25	12
1986-05-27	0	8	27	10
1986-05-28	0	7.1	25	11
1986-05-29	0	7.1	27	11
1986-05-30	0	4.4	27	12
1986-05-31	0	6.8	28	13
1986-06-01	0	7.7	31	12
1986-06-02	0	6.9	28	14
1986-06-03	0	5.5	27	14
1986-06-04	5.5	6.6	26	14
1986-06-05	20	5.9	27	13
1986-06-06	6	7.8	29	12
1986-06-07	0	10.8	30	12
1986-06-08	0	10	30	13
1986-06-09	20	4.3	26	12
1986-06-10	7.4	3.8	26	13
1986-06-11	0	4.8	24	13
1986-06-12	0.8	3.1	26	13
1986-06-13	0.3	7.4	26	13
1986-06-14	0.9	8	26	13
1986-06-15	2.9	3.8	25	14
1986-06-16	0.8	3.5	27	12
1986-06-17	0	7.6	27	11
1986-06-18	0	7.5	26	12
1986-06-19	0	6.4	28	13
1986-06-20	1.8	4.9	25	13
1986-06-21	4.2	3.8	25	14
1986-06-22	0	5.5	27	14
1986-06-23	1.8	6.6	25	14
1986-06-24	0	5.6	26	14
1986-06-25	1.8	6.6	25	14
1986-06-26	0	5.7	25	12
1986-06-27	0	3.2	25	14
1986-06-28	0.3	7.3	26	12
1986-06-29	0	5.8	26	12
1986-06-30	0	5.9	28	12
1986-07-01	0	7.8	22	11
1986-07-02	0	4.6	26	13
1986-07-03	0	8	27	12
1986-07-04	0	7.2	28	12
1986-07-05	0	5.6	28	9
1986-07-06	0	7.1	26	12
1986-07-07	0	3.8	21	13
1986-07-08	0	5.8	24	13
1986-07-09	3.8	7.7	25	12
1986-07-10	9.2	10.3	23	13
1986-07-11	2.6	4.8	26	11
1986-07-12	7.3	7.3	27	13
1986-07-13	0.1	3.2	23	12
1986-07-14	0	6	23	12
1986-07-15	0	3.8	24	8
1986-07-16	0	10.1	25	9
1986-07-17	0	5.8	25	9
1986-07-18	0	3	25	10
1986-07-19	0	5.9	25	10
1986-07-20	0	8.6	26	8
1986-07-21	0	4.9	28	9
1986-07-22	0.3	6.3	28	10
1986-07-23	0	6.1	27	11
1986-07-24	0	4	26	11
1986-07-25	0	8.3	26	11
1986-07-26	0	9.4	28	9
1986-07-27	0	8.7	29	8
1986-07-28	0	5.1	29	10
1986-07-29	0	6	26	10
1986-07-30	20	6.9	28	11
1986-07-31	0	4.8	27	10
1986-08-01	0	7.1	28	14
1986-08-02	0	8.3	28	10
1986-08-03	0	4.7	28	9
1986-08-04	0	6.9	26	9
1986-08-05	0	6.5	27	10
1986-08-06	0	4.1	28	10
1986-08-07	0	8	29	12
1986-08-08	0	7	28	12
1986-08-09	1.2	5.9	28	12
1986-08-10	0	5.5	25	13
1986-08-11	0	6.3	27	11
1986-08-12	0	7.1	27	10
1986-08-13	0	5	25	9
1986-08-14	0.9	2.9	26	13
1986-08-15	0	4.1	28	12
1986-08-16	0	5.2	29	12
1986-08-17	0	5.3	29	11
1986-08-18	0	5.1	29	11
1986-08-19	0	7.5	28	9
1986-08-20	0	4.8	28	8
1986-08-21	3.6	3.8	28	7
1986-08-22	0	4.8	24	9
1986-08-23	0	3.2	27	11
1986-08-24	0	5.4	25	11
1986-08-25	0	8	26	10
1986-08-26	0	4.2	26	12
1986-08-27	0	6.8	26	12
1986-08-28	0	4.9	29	9
1986-08-29	1.4	4.5	27	9
1986-08-30	0	4	27	11
1986-08-31	0	5.2	28	10
1986-09-01	0	6.3	29	8
1986-09-02	0	5	27	11
1986-09-03	0.9	1.8	23	12
1986-09-04	0	2.6	25	12
1986-09-05	0	5.8	27	12
1986-09-06	0	7.9	28	13
1986-09-07	0	3.3	28	13
1986-09-08	2.3	8.7	27	13
1986-09-09	0	6.3	27	13
1986-09-10	0	7.4	29	12
1986-09-11	0	4.5	28	10
1986-09-12	0	6.6	27	13
1986-09-13	0	4.8	28	10
1986-09-14	0	5.5	26	10
1986-09-15	0	4.2	26	8
1986-09-16	0	7.6	26	11
1986-09-17	0	5.8	25	11
1986-09-18	0	1.5	24	10
1986-09-19	0.8	5.5	26	11
1986-09-20	0	4.4	26	12
1986-09-21	0	5.6	26	12
1986-09-22	0	5	27	13
1986-09-23	0	6	28	6
1986-09-24	0	0.5	29	7
1986-09-25	0.2	6.1	29	8
1986-09-26	0	7.3	28	11
1986-09-27	0.5	4.5	29	13
1986-09-28	1.6	6.2	26	13
1986-09-29	0	3.1	25	13
1986-09-30	0	5	30	13
1986-10-01	14.8	8.1	30	12
1986-10-02	0	3.7	28	11
1986-10-03	1.2	4.4	28	10
1986-10-04	0.8	2.2	24	12
1986-10-05	0.8	3.6	24	7
1986-10-06	2.5	1.7	25	13
1986-10-07	0	4	25	14
1986-10-08	0	4.6	27	13
1986-10-09	0	4	25	13
1986-10-10	0	4.1	27	12
1986-10-11	1.5	3.3	28	11
1986-10-12	0	4.2	30	13
1986-10-13	0	4	26	13
1986-10-14	0	3.9	26	9
1986-10-15	0.1	2.7	22.6	11
1986-10-16	0	3.3	24	9
1986-10-17	0	3.1	24	3
1986-10-18	0	5.2	24	3
1986-10-19	0	2.7	22	8
1986-10-20	0	5	22	8
1986-10-21	0	4.1	27	10
1986-10-22	1.1	3.6	29.6	7
1986-10-23	0	4.7	29	7
1986-10-24	0	3.7	29	7
1986-10-25	0	5.1	26	10
1986-10-26	0	3.1	26	8
1986-10-27	0	3.8	21	12
1986-10-28	0	4.1	24	9
1986-10-29	0	4.9	22	2
1986-10-30	0	2.9	20	1
1986-10-31	0	4.5	24	1
1986-11-01	0	2.8	25	5
1986-11-02	0	5.4	24	10
1986-11-03	0.5	3.3	28	11
1986-11-04	0	2.8	28	7
1986-11-05	0.7	3.5	24	8
1986-11-06	0	4.1	29	9
1986-11-07	0	6.4	29	8
1986-11-08	0	3.6	29	6
1986-11-09	0	2.5	22	6
1986-11-10	0	4.4	24	4
1986-11-11	0	3.8	24	10
1986-11-12	1.6	3.9	24	12
1986-11-13	0.5	3.7	20	11
1986-11-14	0	1.4	17	9
1986-11-15	0	3.6	25	8
1986-11-16	0	2.9	27	7
1986-11-17	0	4.6	30	5
1986-11-18	0	5.5	30	4
1986-11-19	0	3.6	32	2
1986-11-20	0	5.4	30	3
1986-11-21	0	2.9	27	6
1986-11-22	0	5.2	29	3
1986-11-23	0	2.5	29	4
1986-11-24	1.2	2.8	27	6
1986-11-25	0	1.6	25	6
1986-11-26	0.9	3.3	22	8
1986-11-27	0	1.2	20	9
1986-11-28	0	3.7	20	4
1986-11-29	0	3	22	2
1986-11-30	0	2.6	26	2
1986-12-01	0	3	27	6
1986-12-02	0	4.1	22	7
1986-12-03	2	1.7	21	7
1986-12-04	0	4.3	27	6
1986-12-05	0	1.7	27	7
1986-12-06	0	3.4	25	7
1986-12-07	0	1.7	26	3
1986-12-08	0	4.5	26	6
1986-12-09	3	3.4	27	6
1986-12-10	0	3.7	27	6
1986-12-11	0	5.4	28	5
1986-12-12	0	2.4	16	6
1986-12-13	0	1.8	19	5
1986-12-14	0	3.1	27	8
1986-12-15	0	3.2	26	6
1986-12-16	0	5.2	25	2
1986-12-17	0	2.3	26	3
1986-12-18	0	2.6	28	2
1986-12-19	0	3.4	26	7
1986-12-20	0	3.5	26	2
1986-12-21	0	2.9	25	3
1986-12-22	0	4.8	25	4
1986-12-23	0	2.8	25	1
1986-12-24	0	4.5	25	1
1986-12-25	0	2.9	24	2
1986-12-26	0	3.1	21	-1
1986-12-27	0	2.5	24	2
1986-12-28	0	3.3	24	0
1986-12-29	0	3.3	27	1
1986-12-30	1.9	4.1	28	2
1986-12-31	0	3	22	1
1987-01-01	0	2.91	21	-1
1987-01-02	0	6.28	20	3
1987-01-03	0	4.49	23	2
1987-01-04	0	4.54	23	1
1987-01-05	0	4.05	25	-3
1987-01-06	0	4.2	28	-1
1987-01-07	0	3.3	28	1
1987-01-08	0	4.62	29	4
1987-01-09	0	3.9	29	4
1987-01-10	0	3.58	23	6
1987-01-11	0	1.91	13	3
1987-01-12	0	4.58	18	4
1987-01-13	0	3.25	27	1
1987-01-14	0	3.8	27	3
1987-01-15	0	2.61	26	6
1987-01-16	0	4.11	26	5
1987-01-17	0	4.61	30	4
1987-01-18	0	6.17	30	4
1987-01-19	0	3.48	30	4
1987-01-20	0	4.93	28	5
1987-01-21	0	3.48	25	6
1987-01-22	0	2.74	10	3
1987-01-23	0	3.4	24	-2
1987-01-24	0	4.84	21	1
1987-01-25	0	3.52	24	1
1987-01-26	0	2.52	22	-2
1987-01-27	0	3.96	21	-3
1987-01-28	0	5.4	28	-4
1987-01-29	0	5.85	26	-1
1987-01-30	0	4	26	1
1987-01-31	0	4.45	29	1
1987-02-01	0	1.04	19	1
1987-02-02	0	0.86	19	4
1987-02-03	0	1.6	19	6
1987-02-04	0	5.01	20	0
1987-02-05	0	3.19	27	0
1987-02-06	0	4.16	17	5
1987-02-07	0	4.53	15	4
1987-02-08	0	3.92	21	-4
1987-02-09	0	5.19	20	-4
1987-02-10	0	2.7	22	-3
1987-02-11	0	5.24	25	-3
1987-02-12	0	2.91	26	2
1987-02-13	0	3.44	29	6
1987-02-14	0	7.84	27	6
1987-02-15	0	7.01	29	7
1987-02-16	0	6.76	32	2
1987-02-17	0	7.11	29	4
1987-02-18	0	5.1	23	6
1987-02-19	0	3.51	30	1
1987-02-20	0	4.27	28	3
1987-02-21	0	4.81	26	4
1987-02-22	0	4.69	29	3
1987-02-23	0	7.59	30	-1
1987-02-24	0	3.82	31	3
1987-02-25	0	6.26	32	6
1987-02-26	0	6.04	29	6
1987-02-27	0	5.41	28	6
1987-02-28	0	5.74	30	4
1987-03-01	0	4.11	22	5
1987-03-02	0	6.32	28	2
1987-03-03	0	3.2	24	8
1987-03-04	0	1.99	11	7
1987-03-05	0	1.45	15	-1
1987-03-06	0	5.08	21	-4
1987-03-07	0	3.73	25	-2
1987-03-08	0	8.54	24	2
1987-03-09	0	4.69	28	3
1987-03-10	0	7.51	28	4
1987-03-11	0	7.06	26	4
1987-03-12	0	3.49	24	7
1987-03-13	0	5.02	22	9
1987-03-14	0	6.72	27	3
1987-03-15	0	4.12	28	7
1987-03-16	0	8.35	30	5
1987-03-17	0	10.25	32	6
1987-03-18	0	9.81	31	7
1987-03-19	0	6.43	30	5
1987-03-20	0	4.33	29	6
1987-03-21	0	10.84	33	9
1987-03-22	0	10.08	32	10
1987-03-23	0	9.37	31	11
1987-03-24	0	9.11	34	9
1987-03-25	0	10.99	34	7
1987-03-26	0	8.5	34	12
1987-03-27	0	5.24	24	14
1987-03-28	0	4.71	25	12
1987-03-29	0	4.85	28	5
1987-03-30	0	7.72	28	7
1987-03-31	0	6.67	20	2
1987-04-01	0	6.48	30	-1
1987-04-02	0	7.38	31	3
1987-04-03	0	7.62	22	4
1987-04-04	0	9.45	29	-1
1987-04-05	0	10.4	30	1
1987-04-06	0	6.44	30	3
1987-04-07	0	4.96	23	3
1987-04-08	0	7	22	7
1987-04-09	0	7.31	30	3
1987-04-10	0	4.03	27	7
1987-04-11	0	8.33	30	4
1987-04-12	0	7.53	27	10
1987-04-13	0	6.34	27	11
1987-04-14	0	1.94	24	10
1987-04-15	0	3.1	29	9
1987-04-16	0	8.86	32	9
1987-04-17	0	10.62	33	7
1987-04-18	0	9.14	34	8
1987-04-19	0	7.63	34	7
1987-04-20	0.7	6.51	34	11
1987-04-21	0	4.86	24	11
1987-04-22	0.4	4.59	28	10
1987-04-23	0	7.51	29	10
1987-04-24	0	6.75	26	11
1987-04-25	0	5.6	26	12
1987-04-26	0	8.75	25	12
1987-04-27	0	5.98	24	10
1987-04-28	0.4	8.08	23	10
1987-04-29	0	5.12	24	9
1987-04-30	0	7.6	27	8
1987-05-01	0	9.95	31	7
1987-05-02	0	9.96	31	10
1987-05-03	0	10.15	31	10
1987-05-04	0	6.67	34	12
1987-05-05	0.8	7.43	30	15
1987-05-06	1.3	5.96	28	12
1987-05-07	4.5	3.85	26	12
1987-05-08	0.3	6.54	26	8
1987-05-09	2.1	6.62	29	11
1987-05-10	0	5.1	29	9
1987-05-11	0	5.85	30	9
1987-05-12	1.3	5.97	30	8
1987-05-13	0	4.87	27	10
1987-05-14	1.2	5.78	30	10
1987-05-15	0	7.18	30	9
1987-05-16	0	8.03	30	7
1987-05-17	0	6.51	32	7
1987-05-18	5.7	4.8	24	12
1987-05-19	0	5.5	29	10
1987-05-20	0	6.9	32	10
1987-05-21	0	7.73	31	11
1987-05-22	0	5.19	30	11
1987-05-23	0	6.99	29	11
1987-05-24	0	9.23	30	8
1987-05-25	0.3	7.38	31	9
1987-05-26	0	8.02	32	8
1987-05-27	0	10.18	34	11
1987-05-28	7.4	9.4	32	11
1987-05-29	14.7	8.89	30	12
1987-05-30	3.7	6.43	29	12
1987-05-31	0	4.06	28	12
1987-06-01	4.8	6.7	27	13
1987-06-02	0	4.2	26	13
1987-06-03	3.2	6.1	28	12
1987-06-04	0	5.1	26	11
1987-06-05	0.5	8.4	24	12
1987-06-06	1.3	3.3	20	13
1987-06-07	0	2.9	19	12
1987-06-08	0	3.2	23	11
1987-06-09	0	6	26	13
1987-06-10	0	7.9	29	11
1987-06-11	0	4.8	28	12
1987-06-12	1.7	8	27	11
1987-06-13	0	10.3	28	13
1987-06-14	0	7.2	29	14
1987-06-15	11.3	5.9	30	14
1987-06-16	0	5.4	26	12
1987-06-17	0	3.7	28	10
1987-06-18	0	9.3	28	12
1987-06-19	0	5.4	29	11
1987-06-20	0	6.8	29	9
1987-06-21	0	7.5	31	11
1987-06-22	0	6.7	32	9
1987-06-23	0	9.1	32	10
1987-06-24	0	6.2	30	10
1987-06-25	0	10.3	29	11
1987-06-26	0	7.9	27	13
1987-06-27	0	8.2	30	11
1987-06-28	0	6.6	29	10
1987-06-29	0	7.3	29	7
1987-06-30	0	6.4	28	11
1987-07-01	0	5.7	28	12
1987-07-02	0	5.7	29	12
1987-07-03	0	6.9	26	11
1987-07-04	1.6	8.9	29	12
1987-07-05	0.7	2.7	25	13
1987-07-06	7.3	5.3	28	14
1987-07-07	0	6.3	30	12
1987-07-08	0	6.8	28	13
1987-07-09	0	5.3	26	14
1987-07-10	0.7	6.6	28	12
1987-07-11	0	7.6	28	12
1987-07-12	0	7.7	28	10
1987-07-13	0.9	6.9	28	12
1987-07-14	0	4.1	25	13
1987-07-15	0	6.2	29	13
1987-07-16	0	4.5	28	13
1987-07-17	0	6.9	30	12
1987-07-18	0	6.8	27	11
1987-07-19	0	7.7	26	10
1987-07-20	0	5.7	26	10
1987-07-21	0	5.9	25	11
1987-07-22	0	6.4	24	11
1987-07-23	0	3.6	22	11
1987-07-24	2.8	2.7	20	13
1987-07-25	4.3	3	23	12
1987-07-26	0	3	25	14
1987-07-27	2.5	3.1	26	14
1987-07-28	0.1	3.5	20	14
1987-07-29	0	3.4	23	14
1987-07-30	1.2	5	24	14
1987-07-31	0.4	4.8	25	14
1987-08-01	0	4.9	26	13
1987-08-02	0.7	5.6	26	13
1987-08-03	0	6.4	28	13
1987-08-04	0	5.6	27	12
1987-08-05	0	5.6	26	12
1987-08-06	0	5.4	24	12
1987-08-07	0	6.6	27	12
1987-08-08	0	6.6	28	14
1987-08-09	0	8.1	29	10
1987-08-10	2.2	5.4	29	9
1987-08-11	0	9.2	30	9
1987-08-12	0	5.6	32	9
1987-08-13	0	4.7	32	12
1987-08-14	7.6	7.8	31	11
1987-08-15	0	5	29	10
1987-08-16	0	4.3	28	11
1987-08-17	0	5.7	29	10
1987-08-18	0	7.3	29	11
1987-08-19	0	6.7	29	11
1987-08-20	0	8.3	28	10
1987-08-21	0	7.3	27	13
1987-08-22	0	6.8	26	12
1987-08-23	0	6.9	27	12
1987-08-24	0	5.9	26	10
1987-08-25	0	6.8	28	10
1987-08-26	0	8	28	12
1987-08-27	0	5.4	28	11
1987-08-28	0	8.1	27	10
1987-08-29	0	6.7	28	12
1987-08-30	0	5.4	26	12
1987-08-31	0	5.7	26	12
1987-09-01	0	7.6	27	11
1987-09-02	1.6	4.4	24	12
1987-09-03	0	6.1	24	13
1987-09-04	0	4.1	28	9
1987-09-05	0	4.9	27	8
1987-09-06	0	2.9	24	12
1987-09-07	0	5.9	29	8
1987-09-08	0	7.5	28	7
1987-09-09	0	5.1	29	6
1987-09-10	0	6.1	29	10
1987-09-11	0	5.8	29	11
1987-09-12	0	5.9	30	10
1987-09-13	0	6.2	30	10
1987-09-14	0	6	29	12
1987-09-15	0	5.1	29	12
1987-09-16	0	6.9	31	12
1987-09-17	0	10.8	32	12
1987-09-18	0	7.2	30	10
1987-09-19	14.6	9.4	29	13
1987-09-20	0	5.8	25	14
1987-09-21	3.8	7.5	26	14
1987-09-22	0	4.8	20	12
1987-09-23	0	3.8	24	9
1987-09-24	0	5.1	29	8
1987-09-25	0	6.2	28	11
1987-09-26	9.4	4.9	28	12
1987-09-27	5	3.4	28	13
1987-09-28	3.6	4.3	29	14
1987-09-29	0.2	4.2	26	14
1987-09-30	0	2.9	18	13
1987-10-01	0	4.4	22	9
1987-10-02	0	3.2	24	4
1987-10-03	0	3.2	22	6
1987-10-04	0	4.4	22	6
1987-10-05	0	5.5	25	6
1987-10-06	0	4.9	24	4
1987-10-07	0	5	22	9
1987-10-08	0	3.9	22	2
1987-10-09	0	5.2	25	8
1987-10-10	0	5.1	23	7
1987-10-11	0	3.5	21	6
1987-10-12	0	3	21	10
1987-10-13	0	3.3	19	5
1987-10-14	0	5	21	1
1987-10-15	0	4.1	22	1
1987-10-16	0	5.9	25	1
1987-10-17	0	4.6	26	4
1987-10-18	0	4	27	1
1987-10-19	0	4.7	30	5
1987-10-20	0	4.4	25	8
1987-10-21	0	3.7	23	10
1987-10-22	0	3.9	27	11
1987-10-23	0	5	28	6
1987-10-24	0	3.9	27	8
1987-10-25	0	5.5	26	10
1987-10-26	0	4.9	29	8
1987-10-27	0.6	3.7	25	2
1987-10-28	0	3.4	21	4
1987-10-29	0	4.7	24	0
1987-10-30	0	3.9	24	1
1987-10-31	0	4.7	23	1
1987-11-01	0	3.8	24	0
1987-11-02	0	4.6	25	4
1987-11-03	0	4.3	26	0
1987-11-04	0	4.3	26	0
1987-11-05	0	3.3	23	-1
1987-11-06	0	4.3	25	1
1987-11-07	0	2.8	28	2
1987-11-08	0	4.8	31	3
1987-11-09	0	2.8	30	9
1987-11-10	17.2	1.2	32	8
1987-11-11	4.1	5.3	23	3
1987-11-12	0	2.9	24	3
1987-11-13	0	5.1	26	4
1987-11-14	0	3.4	28	4
1987-11-15	0	1.4	29	3
1987-11-16	0	7	29	4
1987-11-17	0	2.4	25	4
1987-11-18	0	2.7	28	7
1987-11-19	0	2.2	28	10
1987-11-20	0	3.2	19	8
1987-11-21	0	3.1	25	3
1987-11-22	0	3.7	28	8
1987-11-23	0	3.4	29	6
1987-11-24	0	7.9	28	5
1987-11-25	0	3.9	29	6
1987-11-26	0	5.4	30	9
1987-11-27	0	2.2	29	6
1987-11-28	0	4.2	26	7
1987-11-29	0	2	27	11
1987-11-30	0	3.7	25	10
1987-12-01	0	2.4	24	11
1987-12-02	0	3.3	25	6
1987-12-03	0	4.7	24	3
1987-12-04	0	2.4	26	2
1987-12-05	0	2.6	28	2
1987-12-06	0	4.6	29	4
1987-12-07	0	1.4	28	2
1987-12-08	0	3.9	28	2
1987-12-09	0	4.4	24	2
1987-12-10	0	3.3	26	2
1987-12-11	0	2.4	27	2
1987-12-12	0	1.9	23	4
1987-12-13	0	2.2	26	10
1987-12-14	0	4	29	6
1987-12-15	0	5.4	25	6
1987-12-16	0	3.1	25	3
1987-12-17	0	2.6	20	2
1987-12-18	0	2.4	21	4
1987-12-19	0	5.4	27	4
1987-12-20	0	3.1	28	6
1987-12-21	0	4.6	27	7
1987-12-22	0	4.5	29	6
1987-12-23	0	2.7	29	6
1987-12-24	0	3	30	5
1987-12-25	0	2.7	31	8
1987-12-26	0	3.4	25	8
1987-12-27	0	2.1	29	7
1987-12-28	0	3.4	23	6
1987-12-29	0	5.4	15	4
1987-12-30	0	3	25	0
1987-12-31	0	4.1	27	3
1988-01-01	6.3	3.9	25	7
1988-01-02	11.7	1.2	25	9
1988-01-03	0	2	25	2
1988-01-04	0	4.1	25	1
1988-01-05	0	2.8	22	2
1988-01-06	0	3.2	26	0
1988-01-07	0	2.3	27	2
1988-01-08	0	3.2	27	4
1988-01-09	0	2.7	24	6
1988-01-10	0	4.7	26	8
1988-01-11	0	2.4	24	6
1988-01-12	0	4.6	26	6
1988-01-13	0	3.1	21	9
1988-01-14	0	3.3	26	4
1988-01-15	0	3.2	22	6
1988-01-16	0	4.3	25	4
1988-01-17	0	3.2	26	4
1988-01-18	0	3.4	29	2
1988-01-19	0	4.5	27	4
1988-01-20	0	3.9	27	0
1988-01-21	0	4.3	24	-1
1988-01-22	0	6.8	23	-5
1988-01-23	0	4.3	25	-2
1988-01-24	0	3.3	21	2
1988-01-25	0	1.8	16	-5
1988-01-26	0	3.1	14	-8
1988-01-27	0	1.5	17	-4
1988-01-28	0	4.9	20	-3
1988-01-29	0	6.4	18	-1
1988-01-30	0	5.3	27	5
1988-01-31	0	3.4	30	1
1988-02-01	0	4.9	31	3
1988-02-02	0	6.7	31	5
1988-02-03	0	5.9	30	6
1988-02-04	0	4.2	29	5
1988-02-05	0	2.4	24	6
1988-02-06	0	3.8	21	2
1988-02-07	0	4	24	0
1988-02-08	0	3.3	26	5
1988-02-09	0	3.9	28	4
1988-02-10	0	4.3	26	4
1988-02-11	0	5.1	27	3
1988-02-12	0	3.8	22	5
1988-02-13	0.4	5.6	27	5
1988-02-14	0	3.9	32	4
1988-02-15	0	6.2	31	7
1988-02-16	0	6.6	31	6
1988-02-17	0	5.2	32	6
1988-02-18	0	4.4	33	6
1988-02-19	0	7.7	34	6
1988-02-20	0	5.6	29	10
1988-02-21	0	5.6	31	2
1988-02-22	0	6.1	32	2.5
1988-02-23	0	5.1	30	6
1988-02-24	0	7.2	28	7
1988-02-25	0	7.8	24	5
1988-02-26	0	6.7	29	4
1988-02-27	0	3.9	29	6
1988-02-28	0	4.6	30	6
1988-02-29	0.4	4.3	30	5
1988-03-01	0	5.16	27	4
1988-03-02	0	4.61	26	5
1988-03-03	0.6	6.86	27	5
1988-03-04	19.3	8.15	26	6
1988-03-05	5	0.86	28	7
1988-03-06	1.6	3.87	21	6
1988-03-07	0	4.12	24	6
1988-03-08	0	3.73	26	5
1988-03-09	0	5.25	27	4
1988-03-10	0	5.97	28	6
1988-03-11	0	2.87	26	6
1988-03-12	0	6.06	30	5
1988-03-13	0	7.55	32	6
1988-03-14	0	5.23	30	9
1988-03-15	0	3.84	32	7
1988-03-16	0	5.38	31	6
1988-03-17	0	5.07	28	4
1988-03-18	0	6.61	24	4
1988-03-19	0	5.25	15	3
1988-03-20	0	3.89	27	-1
1988-03-21	0	5.4	32	2
1988-03-22	0	6.54	32	6
1988-03-23	0	5.14	31	6
1988-03-24	0	3.66	32	6
1988-03-25	0	5.62	33	8
1988-03-26	0	8.09	25	2.8
1988-03-27	0	5.47	28	5
1988-03-28	0	7.64	22	7
1988-03-29	0	3.7	32	8
1988-03-30	0.7	6.74	25	10
1988-03-31	0	5.29	29	5
1988-04-01	0	5.8	33	5
1988-04-02	0	5.84	33	9
1988-04-03	0	7.1	31	10
1988-04-04	0	8.25	30	7
1988-04-05	0.5	5.48	33	10
1988-04-06	1.4	6.07	27	12
1988-04-07	1.5	3.63	24	10
1988-04-08	8.9	2.5	23	8.9
1988-04-09	0	3.98	26	7
1988-04-10	0	6.7	25	11
1988-04-11	2.3	4.84	21	8
1988-04-12	0	5.02	27	7
1988-04-13	0	6.74	28	8
1988-04-14	1.3	6.28	30	8
1988-04-15	0	5.78	28	10
1988-04-16	0	5.7	28	12
1988-04-17	0	8.44	30	7
1988-04-18	0	7.47	29	9
1988-04-19	0	3.65	32	6
1988-04-20	0	7.8	33	7
1988-04-21	0	10.8	34	7
1988-04-22	0	9.89	34	7
1988-04-23	0	7.79	34	9
1988-04-24	0	7.12	35	9
1988-04-25	0	8.55	35	10
1988-04-26	0	5.96	33	10
1988-04-27	0	7.7	33	11
1988-04-28	4.7	9.36	31	10
1988-04-29	0	6.92	32	10
1988-04-30	0	8.93	32	11
1988-05-01	0	7.45	33	10
1988-05-02	0	9.83	32	8
1988-05-03	0	6.71	30	12
1988-05-04	0	6.03	30	11
1988-05-05	0	6.51	29	11
1988-05-06	0	7.42	30	9
1988-05-07	0	7.51	31	9
1988-05-08	0	6.28	25	10
1988-05-09	0	1.05	25	9
1988-05-10	0	9.23	34	13
1988-05-11	2.4	7.88	32	13
1988-05-12	0	8.51	28	12
1988-05-13	0	7.17	29	11
1988-05-14	0	9.25	30	10
1988-05-15	8.2	2.95	30	9
1988-05-16	0	7.73	29	8
1988-05-17	0	6.19	31	6
1988-05-18	0	9.46	33	9
1988-05-19	0	8.87	33	8
1988-05-20	0	8.98	33	9
1988-05-21	0	8.21	33	10
1988-05-22	0	7.84	31	11
1988-05-23	0	7.08	32	10
1988-05-24	0	8.37	34	12
1988-05-25	0	8.25	30	12
1988-05-26	1	8.99	29	12
1988-05-27	0	8.28	25	11
1988-05-28	0	6.14	30	8
1988-05-29	0.4	7.19	31	8
1988-05-30	0	10.43	34	11.4
1988-05-31	0	6.28	30	10
1988-06-01	0	5.98	32	11
1988-06-02	0	5.78	32	11
1988-06-03	0	4.24	34	11
1988-06-04	0	9.52	29	12
1988-06-05	0	6.05	30	12
1988-06-06	0	7.13	30	13
1988-06-07	0	6.29	32	14
1988-06-08	1.2	3.91	28	12
1988-06-09	0	8.4	31	8
1988-06-10	0	7.71	29	9
1988-06-11	0	8.03	28	12
1988-06-12	0	6.66	28	8
1988-06-13	0	7.09	29	10
1988-06-14	0.6	7.57	27	11
1988-06-15	2.1	2.6	23	13
1988-06-16	0	4.62	25	13
1988-06-17	0	4.78	26	14
1988-06-18	0	4.78	26	14
1988-06-19	0	5.33	25	13
1988-06-20	0.7	5.15	25	14
1988-06-21	0	4.72	25	14
1988-06-22	0	5.32	26	13
1988-06-23	0	6.87	27	14
1988-06-24	0	8.16	29	10
1988-06-25	0	3.76	29	14
1988-06-26	3.9	6.36	30	14
1988-06-27	0	5.23	29	12
1988-06-28	0	7.27	30	13
1988-06-29	0	7.28	30	13
1988-06-30	0	5.96	26	14
1988-07-01	1.4	2.8	29	12
1988-07-02	11.6	7.12	26	14
1988-07-03	6.3	6.45	31	7
1988-07-04	0	4.68	34	13
1988-07-05	0	5.1	31	13
1988-07-06	0	5.1	27	16
1988-07-07	0	5.1	25	11
1988-07-08	0	5.02	35	14
1988-07-09	0	4.38	36	11
1988-07-10	0	5.1	36	14
1988-07-11	0	5.07	36	14
1988-07-12	0	5.13	35	13
1988-07-13	0.3	5.4	36	9
1988-07-14	9.4	9	27	12
1988-07-15	6.5	8.6	30	13
1988-07-16	0	8.1	34	11
1988-07-17	0	3.9	33	11
1988-07-18	0	4.1	33	14
1988-07-19	1	6.5	34	13
1988-07-20	0	3.95	30	14
1988-07-21	4	7.15	32	13
1988-07-22	4	7.1	31	13
1988-07-23	0	6.1	33	9
1988-07-24	0	5.2	34	7
1988-07-25	0	5.9	35	4
1988-07-26	0	3.9	35	5
1988-07-27	0	3.95	36	4
1988-07-28	3	8.55	32	6
1988-07-29	0	3.4	32	9
1988-07-30	0	7.12	33	10
1988-07-31	0	4.58	32	9
1988-08-01	0	5.29	25	5
1988-08-02	0	4.85	25	6
1988-08-03	2	5.18	26	7
1988-08-04	0	6.13	27	5
1988-08-05	0	4.9	25	6
1988-08-06	0	6.68	26	5
1988-08-07	0	4.61	24	6
1988-08-08	0	5.4	26	6
1988-08-09	0	5.3	25	5
1988-08-10	0	5.98	27	6
1988-08-11	0	5.32	26	7
1988-08-12	7	4.48	24	6
1988-08-13	6	6.85	24	8
1988-08-14	3	2.82	22	6
1988-08-15	5	6.25	20	7
1988-08-16	1	3.71	25	6
1988-08-17	21	3.24	25	8
1988-08-18	10.5	4.26	24	6
1988-08-19	2.5	3.53	25	7
1988-08-20	7.5	4.93	24	5
1988-08-21	17.3	3.05	25	6
1988-08-22	3	2.32	24	7
1988-08-23	0	4.4	24	7
1988-08-24	0	5.96	25	5
1988-08-25	0	4.18	29	5
1988-08-26	0	6.25	29	7
1988-08-27	0	4.34	27	9
1988-08-28	0	2.8	26	9
1988-08-29	0	6.03	25	8
1988-08-30	0	7.52	25	7
1988-08-31	0	5.65	25	8
1988-11-01	0	6.71	30	1
1988-11-02	0	5.06	25	2
1988-11-03	0	4.93	25	1
1988-11-04	0	5.45	26	3
1988-11-05	0	3.57	25	4
1988-11-06	0	6.19	25	2
1988-11-07	0	6.48	22	3
1988-11-08	0	4.52	25	2
1988-11-09	0	4.02	24	3
1988-11-10	0	2.17	25	4
1988-11-11	0	4.36	25	3
1988-11-12	0	3.94	20	3
1988-11-13	0	3.77	21	4
1988-11-14	0	4.93	20	4
1988-11-15	0	3.16	25	3
1988-11-16	0	3.46	23	2
1988-11-17	0	2.29	25	5
1988-11-18	0	3.73	23	5
1988-11-19	0	2.79	22	3
1988-11-20	0	2.47	25	4
1988-11-21	0	4.14	18	4
1988-11-22	0	1.61	20	4
1988-11-23	0	4.07	24	5
1988-11-24	0	3.91	25	5
1988-11-25	0	4.97	25	4
1988-11-26	0	4.05	24	2
1988-11-27	0	4.97	25	3
1988-11-28	0	4.05	24	5
1988-11-29	0	3.08	23	4
1988-11-30	0	2.14	22	4
1988-12-01	0	2.07	25	6
1988-12-02	0	1.39	22	8
1988-12-03	0	3.5	27	5
1988-12-04	0	3.94	25	2
1988-12-05	0	4.61	26	4
1988-12-06	0	2.1	30	3
1988-12-07	0	1.9	25	4
1988-12-08	0	2.95	24	4
1988-12-09	0	2.49	23	5
1988-12-10	0	4.08	24	2
1988-12-11	0	1.99	25	2
1988-12-12	0	1.87	25	5
1988-12-13	0	4.48	25	5
1988-12-14	0	1.8	24	3
1988-12-15	0	5.94	25	3
1988-12-16	0	6.88	24	5
1988-12-17	0	4.96	23	5
1988-12-18	0	5.82	25	4
1988-12-19	0	5.01	24	5
1988-12-20	0	2.23	25	4
1988-12-21	0	2.88	23	5
1988-12-22	0	2.25	26	3
1988-12-23	0	1.97	25	1
1988-12-24	0	3.2	24	2
1988-12-25	0	3.93	25	5
1988-12-26	0	5.12	25	2
1988-12-27	0	5.71	25	3
1988-12-28	0	4.23	24	4
1988-12-29	0	4.24	24	5
1988-12-30	0	3.97	23	4
1988-12-31	0	2.23	22	6
2001-01-01	0	0.98	27	8
2001-01-02	0	1.09	27	7.5
2001-01-03	0	1	19	4.5
2001-01-04	0	0.89	22	5
2001-01-05	0	0.54	15.5	9
2001-01-06	0	0.89	26	9
2001-01-07	0	1.09	27	4.5
2001-01-08	0	1.05	26	5
2001-01-09	0	1.02	25	6
2001-01-10	0	0.52	23	6
2001-01-11	0	3.88	25	6
2001-01-12	0	2.51	24	5.5
2001-01-13	0	1.94	21	5.5
2001-01-14	0	2.59	27	6
2001-01-15	0	1.28	26	6
2001-01-16	0	2.57	26.5	5
2001-01-17	0	1.48	25.5	4.5
2001-01-18	0	3.88	28.5	5
2001-01-19	0	3.74	21	5.5
2001-01-20	0	1.38	20	4
2001-01-21	0	3.53	24	1
2001-01-22	0	2.9	20	0.5
2001-01-23	0	1.73	24	-1
2001-01-24	0	2.68	24	-0.5
2001-01-25	0	2.04	21	3
2001-01-26	0	5.5	23.5	3.5
2001-01-27	0	2.35	26.5	4
2001-01-28	0	2.01	27	5.5
2001-01-29	0	3.35	28	6
2001-01-30	0	4.03	29	8
2001-01-31	0	3.73	29	8
2001-02-01	0	3	27	8.5
2001-02-02	0	2.21	17	7.5
2001-02-03	0	1.47	19	4.5
2001-02-04	0	2.32	22	5
2001-02-05	0	1.52	15.5	10
2001-02-06	0	3.1	26	9
2001-02-07	0	3.05	26.5	4.5
2001-02-08	0	2.74	27	5
2001-02-09	0.1	2.31	25	6
2001-02-10	0	2.33	20.5	7.5
2001-02-11	0	3.48	25	11
2001-02-12	0	3.3	26.5	6
2001-02-13	0	2.26	28.5	6
2001-02-14	0	3.77	29	6
2001-02-15	0	3.28	29.5	6.5
2001-02-16	0	4.5	30	7
2001-02-17	0	3.42	20	8.5
2001-02-18	0	2.89	23.5	9.5
2001-02-19	0	4.23	28	6.5
2001-02-20	0	2.36	29.5	5.5
2001-02-21	0	6.24	29	5.5
2001-02-22	0	4	26	5.5
2001-02-23	0	4.34	28.5	6
2001-02-24	0	1.25	27	6
2001-02-25	0	4.71	27	9
2001-02-26	5.4	2.68	25.5	9.5
2001-02-27	1.1	3.14	26	9
2001-02-28	0	1	28	7.5
2001-03-01	2	2.56	26	8
2001-03-02	0	2.87	23	9
2001-03-03	0	5.33	25.5	10
2001-03-04	0	3.72	26	4
2001-03-05	0	2.48	17.5	4.5
2001-03-06	0	6.12	26	11
2001-03-07	0	3.07	28	7
2001-03-08	0	5.73	29	6.5
2001-03-09	0	4.89	29.5	6
2001-03-10	0	4	30.5	7
2001-03-11	0	5.07	30	8
2001-03-12	0	4.37	32.5	6.5
2001-03-13	0	4.92	32	7.5
2001-03-14	0	6.39	33	10
2001-03-15	0	5.87	31.5	9.5
2001-03-16	0	4.22	26	10.5
2001-03-17	0	3.36	30	6.5
2001-03-18	0	5.04	28.5	7.5
2001-03-19	0	4	23	8
2001-03-20	0	2.23	23.5	9
2001-03-21	0	0.93	29	3
2001-03-22	0	4.87	29.5	3.5
2001-03-23	0	6.32	30	5
2001-03-24	0	3.36	31	6
2001-03-25	0	5.32	24.5	7
2001-03-26	0	4.57	29	9
2001-03-27	0	4.51	29	8.5
2001-03-28	0	5.95	28.5	7.5
2001-03-29	0	6.49	29.5	9.5
2001-03-30	0	5.94	31	5
2001-03-31	0	5.82	31.5	5.5
2001-04-01	0	3.25	31.5	7
2001-04-02	0	5.76	33	8
2001-04-03	0	5.37	33	9.5
2001-04-04	0	6.11	34.5	10
2001-04-05	0	6.12	29.5	8.5
2001-04-06	0	4.9	33	10.5
2001-04-07	0	5.07	32.5	8.5
2001-04-08	0	6.07	33.5	9
2001-04-09	0	5.32	34	8.5
2001-04-10	0	4.28	35	9.5
2001-04-11	0	6.51	34.5	10.6
2001-04-12	0	4.37	35	11.5
2001-04-13	0	6.92	33	13
2001-04-14	0	3.93	33	12.5
2001-04-15	0	4.75	34	10.5
2001-04-16	0	7.83	31	11.5
2001-04-17	0	4.31	30.5	11
2001-04-18	0	3.27	29	12.5
2001-04-19	0	5.93	31	11
2001-04-20	0	4.58	32	11
2001-04-21	0	5.54	33	12
2001-04-22	0.1	5.08	32.5	13
2001-04-23	0	5.85	33.5	12.5
2001-04-24	0.5	5.6	26	14
2001-04-25	5	2.58	22.5	13.5
2001-04-26	0.2	2.66	24	13.5
2001-04-27	1.4	5.14	26.5	12
2001-04-28	0	6.1	26.5	12.5
2001-04-29	0	2.3	28	10
2001-04-30	0	4.75	29.5	10.5
2001-05-01	0.01	4.48	30.5	12
2001-05-02	0.1	4.46	32	14
2001-05-03	0	3.87	31	13
2001-05-04	0	5.51	30.5	12
2001-05-05	0	1.76	27.5	12
2001-05-06	54.9	6.18	34	12.5
2001-05-07	6.5	2.89	27	12.5
2001-05-08	0	3.97	24	12.5
2001-05-09	0	6.89	24.5	12
2001-05-10	0	3.45	27	8.5
2001-05-11	14	6.85	28	9
2001-05-12	0	2.36	23	10.5
2001-05-13	0	4.15	24.5	12
2001-05-14	0	6.03	25	12.5
2001-05-15	0	3.5	27.5	10.5
2001-05-16	0	5	31.5	11
2001-05-17	0	5.37	32	9.5
2001-05-18	0	7.03	33	10
2001-05-19	0	5.26	34	11.5
2001-05-20	0	5.68	36	12
2001-05-21	6.5	4.42	35	13
2001-05-22	0	3.71	23	13
2001-05-23	0	6.4	28.5	13.5
2001-05-24	0	4.33	30	15.5
2001-05-25	0	4.62	29.5	13
2001-05-26	0	5.77	30	11.5
2001-05-27	0	6.16	29.5	10
2001-05-28	0	8.14	31	8.5
2001-05-29	0	5.22	33.5	8.5
2001-05-30	0	5.98	33	10
2001-05-31	0	5.98	32	12.5
2001-06-01	0	4.29	30	9
2001-06-02	0	5.5	31.5	9.5
2001-06-03	0	6.21	31.5	13.5
2001-06-04	0	3.72	33	13.5
2001-06-05	0.01	7.82	33	13
2001-06-06	0	6.08	32.5	13.5
2001-06-07	0	5.92	32	17
2001-06-08	0	8.11	32.5	15
2001-06-09	0	3.92	32	14.5
2001-06-10	0	6.85	32	15
2001-06-11	32.6	5.37	31	15.5
2001-06-12	0	3.8	30	15.5
2001-06-13	0.1	4.79	30.5	15.5
2001-06-14	0	5.14	30	15
2001-06-15	0.01	3.69	27.5	15
2001-06-16	0	5.52	26.5	16
2001-06-17	0	5.5	25.5	14
2001-06-18	0	4.21	24.5	12.5
2001-06-19	0	5.83	27.5	11
2001-06-20	0.01	7.16	28.5	12
2001-06-21	6.2	3.26	30	14
2001-06-22	0	3.98	30	14.5
2001-06-23	0	4.89	29.5	14.5
2001-06-24	0	5.9	28	13
2001-06-25	0	5.09	28	13
2001-06-26	0	5.28	28.5	12.5
2001-06-27	0	5.61	26.5	12.5
2001-06-28	0	6.15	27.5	13
2001-06-29	0	3.85	30	15.5
2001-06-30	0.01	4.84	29	13.5
2001-07-01	7.5	3.04	28	14
2001-07-02	0	5.42	26.5	14
2001-07-03	0	2.7	26	14.5
2001-07-04	0.3	4.43	25	16
2001-07-05	0	5.88	26.5	15.5
2001-07-06	0	6.03	29	14
2001-07-07	0	7.12	28.5	12.5
2001-07-08	0	5.38	30.5	12.5
2001-07-09	0	5.4	31	13.5
2001-07-10	0	6.84	30.5	14
2001-07-11	0	6.26	31	13.5
2001-07-12	0	6.55	30.5	14
2001-07-13	0	4.84	30.5	14
2001-07-14	0	7.07	31	14
2001-07-15	0	3.84	32	14
2001-07-16	0	6.34	31.5	14.5
2001-07-17	0	6.2	31.5	14.5
2001-07-18	0	5.72	29.5	12.5
2001-07-19	2.8	2.56	30	13
2001-07-20	0	8.04	29	13.5
2001-07-21	0	3.04	31	14
2001-07-22	0.01	6.08	33.5	13.5
2001-07-23	41	12.42	32.5	13.5
2001-07-24	4	4.5	29	13
2001-07-25	2.3	3.01	26	13.5
2001-07-26	1.5	2.53	29.5	15.5
2001-07-27	0	4.65	29	14.5
2001-07-28	0	5.85	28.5	14
2001-07-29	0	4.59	29.5	13
2001-07-30	0	5.49	27.5	13
2001-07-31	0.3	5.44	29.5	13
2001-08-01	0	5.93	28	14.5
2001-08-02	0	5.65	28	12
2001-08-03	0	3.63	27.5	12
2001-08-04	0	6.31	28.5	12.5
2001-08-05	0	4.6	30	12.5
2001-08-06	0	3.76	27.5	12.5
2001-08-07	0	6.42	28	14
2001-08-08	0	6.95	28.5	14
2001-08-09	0	3.44	27.5	13
2001-08-10	0	5.71	28	12
2001-08-11	0	4.91	27.5	12.5
2001-08-12	0	4.66	28.5	15.5
2001-08-13	0	4.93	28.5	13.5
2001-08-14	0	5.76	29	13.5
2001-08-15	0	5	29.5	12.5
2001-08-16	0.5	3.83	29.5	12.5
2001-08-17	0	5.27	29	12.5
2001-08-18	0	5.48	31.5	12.5
2001-08-19	0	5.48	32.5	12
2001-08-20	0	4.37	29.5	12
2001-08-21	0	6.79	30.5	13
2001-08-22	0	4.36	28.5	12.6
2001-08-23	0.7	3.58	25	12.5
2001-08-24	0.5	2.82	24.5	12.6
2001-08-25	4	6.56	27.5	15
2001-08-26	0.01	1.74	26	15.5
2001-08-27	4	1.97	25.5	15.5
2001-08-28	29.5	7.32	29	16
2001-08-29	7.3	4.5	28.5	15.5
2001-08-30	0.3	2.03	25.5	16
2001-08-31	8	4.18	29	16.5
2001-09-01	0.01	2.98	28	14.5
2001-09-02	0	4.45	29.5	15
2001-09-03	0	2.57	28.5	16.5
2001-09-04	0	5.85	29	14
2001-09-05	0	3.61	28.5	14
2001-09-06	0	4.97	30.5	14.5
2001-09-07	7.5	6.05	31.5	15
2001-09-08	0	4.31	29.5	13
2001-09-09	2.3	3.61	28.5	13
2001-09-10	0.01	3.14	23.5	15
2001-09-11	6.1	1.8	25.5	16.5
2001-09-12	0	5.47	28	15
2001-09-13	5.7	2.16	26	15
2001-09-14	9	2.35	21.5	14
2001-09-15	0	2.73	24.5	9
2001-09-16	0	4.32	27	9.5
2001-09-17	0	5.29	28.5	10.5
2001-09-18	0	3.9	28.5	13
2001-09-19	30.4	8.3	30	13
2001-09-20	0	4.28	28	13.5
2001-09-21	0	3.56	26.5	13
2001-09-22	2.1	2.23	25	13
2001-09-23	1.5	2.99	24.5	10.5
2001-09-24	3	0.5	20	11
2001-09-25	0	2.51	18.5	15
2001-09-26	0	2.65	23.5	13
2001-09-27	0	2.9	23.5	13
2001-09-28	0	3.45	25.5	10.5
2001-09-29	0	3.63	22.5	10
2001-09-30	0	3.8	21.5	7.5
2002-07-01	7.1	6.69	30.5	17
2002-07-02	0	2.84	30	15
2002-07-03	7.5	3.44	30.5	14.5
2002-07-04	0	4.8	30.5	13
2002-07-05	14.5	4.47	30	13
2002-07-06	0	3.15	27	16
2002-07-07	0	5.65	27	16
2002-07-08	0	6.68	27.5	14.5
2002-07-09	0	5.46	28	15
2002-07-10	0.01	4.39	28.5	15
2002-07-11	0	4.49	28	16.5
2002-07-12	0	7.17	29	17
2002-07-13	10.2	6.85	31	17
2002-07-14	0.01	2.76	27.5	17
2002-07-15	0.6	1.28	22	17.5
2002-07-16	0	1.86	27	16
2002-07-17	0	6.95	28	15.6
2002-07-18	0	5.12	27.5	14.5
2002-07-19	0	2.68	28.5	15
2002-07-20	0	3.89	28	15
2002-07-21	0	5.77	28	15
2002-07-22	0	6.09	24	15
2002-07-23	0	3.1	24	15
2002-07-24	0	6	26.5	9.5
2002-07-25	0	5.3	29.5	10
2002-07-26	0	4.67	32	13
2002-07-27	0	4.49	31.5	12.5
2002-07-28	0	5.64	31.5	14
2002-07-29	0	4.85	31	14.5
2002-07-30	0	6.29	30	16
2002-07-31	0	5.23	29	15.5
2002-08-01	0.2	5.08	31	13.5
2002-08-02	0.01	3.62	29	14
2002-08-03	0	4.29	29.5	13
2002-08-04	0	6.19	29	12.5
2002-08-05	0	6.11	30	12.5
2002-08-06	44	9.71	31	14
2002-08-07	0	5.91	28	13
2002-08-08	0	5.85	29	11.5
2002-08-09	0	4.44	28.5	11.5
2002-08-10	0	6	30	12
2002-08-11	0	5.54	29	13
2002-08-12	0	6.49	30	14
2002-08-13	6	4.01	31.5	14
2002-08-14	10.3	4.54	30	15.5
2002-08-15	0.01	3.05	30	16
2002-08-16	0	4.29	28	15
2002-08-17	0	6.2	30	14.5
2002-08-18	0	5.14	30	14
2002-08-19	0	5.34	29.5	14
2002-08-20	0	6.27	29	15
2002-08-21	0	4.36	29.5	15
2002-08-22	0	4.43	28	15
2002-08-23	0	2.7	25.5	15.5
2002-08-24	0	4.31	27	14
2002-08-25	0	5.83	28	13
2002-08-26	0	4.21	29.5	11
2002-08-27	0	4.25	30	11
2002-08-28	0	6.21	27.5	11
2002-08-29	0	4.37	25.5	12.5
2002-08-30	0.01	4.05	25.5	14.5
2002-08-31	0	3.72	25	15.5
2002-09-01	0	4.83	27.5	17
2002-09-02	0	2.69	27.5	12
2002-09-03	0.01	3.88	29	12.5
2002-09-04	5	4.36	30	14.5
2002-09-05	0	3.77	29.5	15.5
2002-09-06	33.5	5.97	30	15
2002-09-07	14	6.52	28	15.5
2002-09-08	1.2	3.8	28.5	16
2002-09-09	0	2.83	28	16
2002-09-10	0.4	3.88	30	15.5
2002-09-11	4	3.72	28.5	15
2002-09-12	20.5	4.4	26	16
2002-09-13	4.5	0.66	24	16.5
2002-09-14	6.8	4.54	28	16.5
2002-09-15	0.2	3.45	26	16
2002-09-16	0	2.75	25.5	16
2002-09-17	0	3.62	28	16
2002-09-18	0.01	3.53	30	15
2002-09-19	22	6.85	28	15.5
2002-09-20	17.5	2.19	22	16
2002-09-21	0.01	2.41	23.5	14
2002-09-22	0	2.2	25	12
2002-09-23	0.01	5.6	24	8.5
2002-09-24	0	2.73	19.5	9
2002-09-25	0	2.37	24	11.5
2002-09-26	0	2.04	23	12
2002-09-27	0.2	3.85	26.5	14.5
2002-09-28	0	3.15	26	13.5
2002-09-29	0	3.43	27	11
2002-09-30	0	2.8	27.5	12
2002-10-01	0	4.39	28	14
2002-10-02	0	3.12	28.5	12
2002-10-03	0	2.7	29	13
2002-10-04	0	2.94	30	13.5
2002-10-05	0.8	3.33	25	13
2002-10-06	0	4.21	26.5	15
2002-10-07	0	3.66	26.5	13.5
2002-10-08	0	4.16	29.5	13.5
2002-10-09	0	3.71	30	14.5
2002-10-10	1	3.99	27	13.5
2002-10-11	1.3	1.33	24	14
2002-10-12	0	3.08	27	14.5
2002-10-13	0.2	2.69	25	12
2002-10-14	0	5.46	26.5	13
2002-10-15	0.5	3.63	29.5	9
2002-10-16	0.01	2.26	29	9.5
2002-10-17	0	3.81	30	13.5
2002-10-18	2.1	3.39	29	12
2002-10-19	0	3.89	29	11.5
2002-10-20	0	3.26	28	12
2002-10-21	0	3.25	28.5	13
2002-10-22	0	3.47	28	14
2002-10-23	0	2.91	29	14.5
2002-10-24	7	3.15	28.5	13
2002-10-25	1.2	1.59	27	13.5
2002-10-26	35.5	1.92	28.5	12
2002-10-27	0	2.29	27	12.5
2002-10-28	0	3.25	25.5	12
2002-10-29	30.5	2.9	28	12
2002-10-30	0	2.55	25	13
2002-10-31	1	1	25.5	15
2002-11-01	0.2	1.9	24.5	15.5
2002-11-02	0	3.43	24.5	15.5
2002-11-03	1.5	1.27	24.5	14
2002-11-04	4.5	0.98	24	14.5
2002-11-05	21	4.02	25	14.5
2002-11-06	0	1.65	14.5	9.5
2002-11-07	0	2.45	22	7
2002-11-08	0.8	2.2	26	7
2002-11-09	0	2.44	27	10
2002-11-10	0	2.31	28.5	10
2002-11-11	0.01	1.95	28	9
2002-11-12	0	3.27	20	10
2002-11-13	0	0.93	15	8
2002-11-14	0	1.82	22.5	6
2002-11-15	0	0.63	22.5	7.5
2002-11-16	0	2.15	18	13
2002-11-17	0	3.3	20.5	2
2002-11-18	0	0.97	23.5	-0.5
2002-11-19	0.1	2.33	22	-1
2002-11-20	0.01	1.95	20	-0.5
2002-11-21	0	1.3	16.5	3
2002-11-22	0	1	19	-2
2002-11-23	0	2.85	20.5	-2
2002-11-24	0	2.36	22.5	-1
2002-11-25	0	1.87	24	0
2002-11-26	0	1.87	23	2
2002-11-27	0	1.9	21	4
2002-11-28	0	1.35	17	7
2002-11-29	0	1.89	24	12
2002-11-30	0	2.39	26.5	8
2002-12-01	0	2.81	22	8.5
2002-12-02	0	2.37	26	11
2002-12-03	0	2.18	27	5.5
2002-12-04	0	2.05	26.5	5.5
2002-12-05	0	1.18	24	7.5
2002-12-06	0	1.32	15.5	8
2002-12-07	0	1.25	21	7.5
2002-12-08	0	0.9	18	8.5
2002-12-09	0	2.37	24	4
2002-12-10	0	0.68	23	4.5
2002-12-11	0	2.6	24	5.5
2002-12-12	0	1.07	23	4.5
2002-12-13	0	0.98	20	5
2002-12-14	0	1.75	20	5.5
2002-12-15	0	2.2	23	6.5
2002-12-16	0	1.05	22.5	1
2002-12-17	0	2.75	24	1
2002-12-18	0	2.2	25	2
2002-12-19	0	1.35	26	2
2002-12-20	0.01	1.45	17	3
2002-12-21	0	1.4	23.5	2
2002-12-22	0	2.9	25	2
2002-12-23	0	2.1	26	3
2002-12-24	0	2.7	23	6
2002-12-25	0	1.55	19	8.5
2002-12-26	0	1.3	23	7
2002-12-27	0	2.25	22	6
2002-12-28	0	1.85	23	4
2002-12-29	0	1.38	23	5
2002-12-30	0	2.79	24.5	6
2002-12-31	0	2.43	25	7
2003-01-01	0	2.38	26	4.5
2003-01-02	0	3.57	14.5	5
2003-01-03	0	2.15	20	1.5
2003-01-04	0	1.25	22	2
2003-01-05	0	2.77	24.5	2
2003-01-06	0.1	2.45	24	3
2003-01-07	0	0.43	14	3.5
2003-01-08	0.01	2.13	21	9
2003-01-09	0	2.12	25	4.5
2003-01-10	0	1.98	23	5
2003-01-11	0	1.52	23	9
2003-01-12	1.7	1.4	15	9.5
2003-01-13	2.9	0.4	16.5	11
2003-01-14	0	1.72	18	8.5
2003-01-15	0	2.64	20	3
2003-01-16	0	2.26	21.5	2
2003-01-17	0	1.53	16.5	3
2003-01-18	0	2.13	23	2
2003-01-19	0	3.1	24	2
2003-01-20	0	1.77	25.5	1.5
2003-01-21	0	2.35	26.5	2
2003-01-22	0	1.43	27	2.5
2003-01-23	0	2.4	14.5	3
2003-01-24	0.01	2.03	20.5	11.5
2003-01-25	0	1.72	24	3.5
2003-01-26	0	2.62	25	4
2003-01-27	0	1.62	16	5
2003-01-28	0	2.03	23	8
2003-01-29	0	2.62	26.5	5
2003-01-30	0	3.43	20.5	3.5
2003-01-31	0	1.54	25.5	3.5
2003-02-01	0	4.22	23.5	6
2003-02-02	0	3.12	27.5	6.5
2003-02-03	0	3.7	27	6.5
2003-02-04	0	2.98	25	7
2003-02-05	0	2.2	27.5	7
2003-02-06	0	3	29.5	6.5
2003-02-07	0	2.2	21	7
2003-02-08	0	2.92	26.5	6.5
2003-02-09	0	3.15	30	5.5
2003-02-10	0.01	3.3	28	6
2003-02-11	0	3.27	29	7
2003-02-12	0	2.66	26.5	6.5
2003-02-13	0.01	2.77	27	6.5
2003-02-14	0	3.7	29	8
2003-02-15	0	4.25	28.5	9
2003-02-16	0	4.4	21	13
2003-02-17	0	3.18	26	10.5
2003-02-18	0	2.6	29	5
2003-02-19	0	3.67	29	6
2003-02-20	0	4.4	29	7
2003-02-21	0	5.36	29	8
2003-02-22	0	3.56	26.5	5.5
2003-02-23	0	3.81	26.5	5
2003-02-24	0	3.63	29	4.5
2003-02-25	0	4.88	30.5	4.5
2003-02-26	0	5.15	30.5	6
2003-02-27	0	3.79	29.5	7.5
2003-02-28	0	11.86	31	7.5
2003-03-01	0	4.98	31	8
2003-03-02	0	5.19	32	7
2003-03-03	0	4.14	32.5	8
2003-03-04	0	4.9	32.5	9
2003-03-05	0	6.21	34	9
2003-03-06	0	3.55	32.5	10
2003-03-07	0.01	4.7	32	9.5
2003-03-08	0	4.9	34	8.5
2003-03-09	0	2.9	28.5	8.5
2003-03-10	0	2.45	30	9.5
2003-03-11	0	3.99	30	10.5
2003-03-12	0	5.46	32	10
2003-03-13	0	4.35	32	9
2003-03-14	1	2.11	25.5	11
2003-03-15	0	5.74	29	11.5
2003-03-16	0	6.42	28.5	8
2003-03-17	0	6.68	28	8.5
2003-03-18	0	7.8	29	11
2003-03-19	0	5.81	30	7
2003-03-20	0	7.57	30	6
2003-03-21	0	3.72	29	8
2003-03-22	0	5.42	30	6
2003-03-23	0	4.93	25.5	7.5
2003-03-24	0	3.37	30	9
2003-03-25	0	6.61	31	8
2003-03-26	0	3.62	26.5	9
2003-03-27	0	5.35	29	8.5
2003-03-28	0	4.6	30	7.5
2003-03-29	0.01	6.45	28	7.5
2003-03-30	0	2.19	9.5	4
2003-03-31	0	3.57	18	4.5
2003-04-01	0	3.82	27	4
2003-04-02	0	2.67	25.5	5.5
2003-04-03	0	5.35	32	6
2003-04-04	0	6.55	33	8.5
2003-04-05	0	4.17	33.5	12
2003-04-06	0	6.23	34.5	12
2003-04-07	0	5.85	34.5	12
2003-04-08	0.01	4.85	29	13.5
2003-04-09	0	2.95	17	10.5
2003-04-10	0	5.05	29	8
2003-04-11	0	4.9	30	8.5
2003-04-12	0	5.3	32	11
2003-04-13	0	6.65	32.5	9
2003-04-14	0	5.85	33	9.5
2003-04-15	0	4.9	33.5	10.5
2003-04-16	0	6.85	35	10.5
2003-04-17	0	5.22	34	11.5
2003-04-18	0	6.18	35.5	12.5
2003-04-19	0.01	5.85	34.5	13.5
2003-04-20	4.1	6.35	35	14.5
2003-04-21	4.8	5.75	28	12
2003-04-22	0.01	2.63	32	12.5
2003-04-23	0.8	6.92	33	13
2003-04-24	0	7.01	33.5	13
2003-04-25	0	7.44	34	13
2003-04-26	0	6.1	34.5	12
2003-04-27	0	7.15	35	12.5
2003-04-28	0	5.15	35	12
2003-04-29	0	6.95	35	12
2003-04-30	0	7.08	35	13
2003-05-01	0	7.37	35	13.5
2003-05-02	0	6.74	36	13
2003-05-03	0	5.61	35.5	13.5
2003-05-04	0	6.63	37	14.5
2003-05-05	0	6.87	37	13.5
2003-05-06	0	6.65	37.5	14
2003-05-07	0	6.87	36.5	14.5
2003-05-08	0	7.43	37	14
2003-05-09	0	7.65	37.5	14
2003-05-10	0	6.05	37	15
2003-05-11	0	6.65	35	15
2003-05-12	0	5.8	35	16
2003-05-13	0	6.75	31.5	13.5
2003-05-14	0	5.45	33.5	12
2003-05-15	0	6.95	34	11.5
2003-05-16	0	6.71	35.5	12
2003-05-17	0	6.85	33	14
2003-05-18	0	7.45	34	11.5
2003-05-19	0	6.3	35	11.5
2003-05-20	0	7.37	31.5	12
2003-05-21	0	4.43	28.5	13.5
2003-05-22	0	5.98	28.5	12
2003-05-23	0	4.87	27.5	13.5
2003-05-24	0	6.15	30	14.5
2003-05-25	8.4	3.6	32	14
2003-05-26	8.2	5.95	30.5	14.5
2003-05-27	0	4.85	27	14.5
2003-05-28	0	5.2	26	14.5
2003-05-29	0	5.25	27	16
2003-05-30	0	6.05	31	13
2003-05-31	0	6.6	32.5	13
2003-06-01	0	7.05	33.5	13.5
2003-06-02	2	1.63	27.5	15
2003-06-03	11.8	4.17	30	16.5
2003-06-04	0	5.25	29.5	14.5
2003-06-05	0	4.5	30	14.5
2003-06-06	0	4.37	32	17
2003-06-07	0	6.11	30.5	17
2003-06-08	0	7.42	30.5	18
2003-06-09	29.2	5.9	30	18.5
2003-06-10	0.1	4.8	29	17
2003-06-11	8	5.31	32	16.5
2003-06-12	0	5.04	31.5	16.5
2003-06-13	0	5.85	32	16
2003-06-14	0	4.65	28	16.5
2003-06-15	0	5.93	30.5	15.5
2003-06-16	5.1	5.4	27	15
2003-06-17	0	3.15	25	13.5
2003-06-18	0	4.84	27.5	14
2003-06-19	0	4.72	29	16.5
2003-06-20	0	5.81	29.5	17
2003-06-21	0	6.48	30	16
2003-06-22	0	5.32	30.5	16.5
2003-06-23	0	6.78	32	17.5
2003-06-24	0	6.4	30.5	18
2003-06-25	0	5.54	28	14.5
2003-06-26	0	7.44	28.5	14.5
2003-06-27	0	3.41	28	14.5
2003-06-28	0	7.98	28	13.5
2003-06-29	0	5.33	30.5	13.5
2003-06-30	6	4.84	27	14.5
2003-07-01	0.6	4.11	30	16
2003-07-02	16	5.82	30.5	16
2003-07-03	16	3.76	27	15.5
2003-07-04	16.1	4.54	25.5	14.5
2003-07-05	7.4	1.15	25.5	15
2003-07-06	0	4.95	27.5	15.5
2003-07-07	0	5.63	27.5	16
2003-07-08	0	5.15	26	16.5
2003-07-09	0	5	27	13.5
2003-07-10	0	4.55	26.5	13.5
2003-07-11	0	6.4	27	11.5
2003-07-12	0	6.28	27.5	11.5
2003-07-13	0	6.42	28	11
2003-07-14	0	5.3	28.5	12
2003-07-15	0	6.15	28.5	12
2003-07-16	0	5.7	28	14.5
2003-07-17	0	4.1	25	15
2003-07-18	0	5.38	26.5	13.5
2003-07-19	0	5.97	26.5	11
2003-07-20	0	6.38	28	12
2003-07-21	0	6.47	30	12.5
2003-07-22	0	5.9	30.5	13
2003-07-23	0	6.15	30	13.5
2003-07-24	0	6.15	28	13.5
2003-07-25	0	6.85	28.5	13.5
2003-07-26	0	5.8	28	14.5
2003-07-27	0	5.7	27.5	16
2003-07-28	0	4.3	28	14
2003-07-29	0	5.5	29.5	14
2003-07-30	0	5	30	15
2003-07-31	0.01	5.05	29.5	15.5
2003-08-01	0.4	2.15	26	16.5
2003-08-02	0	4.85	30.5	13
2003-08-03	0	5.1	30	14
2003-08-04	0	6.7	29.5	14
2003-08-05	3.7	4.11	31.5	14.5
2003-08-06	0	4.99	28.5	14.5
2003-08-07	0	5.78	30.5	14.5
2003-08-08	0	5.89	30.5	12
2003-08-09	0	5.98	30.5	12
2003-08-10	0	6.05	31	12
2003-08-11	0	5.63	31.5	13
2003-08-12	0.3	4.27	30.5	13
2003-08-13	0	5.27	29	12.5
2003-08-14	0.2	4.38	27	14
2003-08-15	7.8	5.2	26	12.5
2003-08-16	0	3.46	26	13
2003-08-17	0	5.29	27	13.5
2003-08-18	0	4.95	28.5	13.5
2003-08-19	0	5.45	30	15.5
2003-08-20	6.4	3.9	30	15.5
2003-08-21	22	3.38	24	16
2003-08-22	2.7	0.97	21.5	15.5
2003-08-23	0	4.1	27.5	15.5
2003-08-24	0	3.6	26	15.5
2003-08-25	0	6.45	26.54	15
2003-08-26	0	4.85	29	14
2003-08-27	0	5	28.5	13.5
2003-08-28	0	4.93	29.5	14.5
2003-08-29	0	5.02	29.5	13.5
2003-08-30	0	4.97	29	13.5
2003-08-31	0.01	5.48	30	16
2003-09-01	0	5.4	28	16.5
2003-09-02	0	4.7	29	14.5
2003-09-03	0	4.45	28	14.5
2003-09-04	0	4.25	30	15
2003-09-05	52.8	3.55	30.5	15
2003-09-06	0.4	2.84	26	15.5
2003-09-07	0	3.66	27	16
2003-09-08	0.2	3	29.5	17
2003-09-09	0	4.45	29	17
2003-09-10	0	3.68	30	15.5
2003-09-11	0	4.87	30.5	16
2003-09-12	0	4.9	30.5	16
2003-09-13	0.01	3.5	29	15
2003-09-14	0	3.4	26	15.5
2003-09-15	0.2	2.86	26	16
2003-09-16	0	3.84	25	16
2003-09-17	0	3.3	26	16
2003-09-18	0.3	4.1	28.5	16
2003-09-19	0.6	3.22	29.5	16
2003-09-20	37.5	4.38	28.5	17
2003-09-21	92.5	3.47	29.5	17
2003-09-22	0	2.55	27.5	16
2003-09-23	0.2	4.05	27	16
2003-09-24	0	3.6	29	16.5
2003-09-25	0	4.44	29	14.5
2003-09-26	9.3	4.47	30	14.5
2003-09-27	1.6	1.99	26	15
2003-09-28	2.6	1.58	21	15
2003-09-29	0.3	0.72	18	15
2003-09-30	0.01	2.85	21	12.5
2003-10-01	0	2.75	23.5	9
2003-10-02	1.9	3.7	25	8.5
2003-10-03	0.2	2.6	22	9
2003-10-04	0.3	3.65	25.5	12.5
2003-10-05	0	3.25	25	15
2003-10-06	0	3.65	25	15.5
2003-10-07	1.3	1.92	24.5	16
2003-10-08	0	3.05	28.5	16
2003-10-09	0	3.04	28.5	16
2003-10-10	0.3	2.96	29.5	16.5
2003-10-11	0	2.4	30.5	17
2003-10-12	7.7	5.1	30	17.5
2003-10-13	0.01	2.92	28	14.5
2003-10-14	0	4.28	29	15
2003-10-15	0	3.21	27	13
2003-10-16	0	2.95	28.5	13
2003-10-17	0	3.46	29.5	13.5
2003-10-18	0.8	1.43	22	15.5
2003-10-19	0	3.55	23.5	13.5
2003-10-20	0	2.05	22	11
2003-10-21	0	3.35	24.5	8
2003-10-22	0	1.48	23	8.5
2003-10-23	0	3.42	26.5	10
2003-10-24	0	2.17	28.5	10
2003-10-25	0	2.56	30	11.5
2003-10-26	0.2	3.77	27	12
2003-10-27	1.7	1.95	24.5	12.5
2003-10-28	0	1.81	24.5	9
2003-10-29	0	2.56	27.5	7.5
2003-10-30	0	4.45	28.5	9
2003-10-31	2.4	3.07	29	9
2003-11-01	0	2.66	24.5	10.5
2003-11-02	0	2.08	24	14
2003-11-03	0	2.97	26.5	10.5
2003-11-04	0	3.65	27.5	10.5
2003-11-05	0.01	1.65	28.5	10
2003-11-06	0	3.3	27	8.5
2003-11-07	0	2.26	24.5	9
2003-11-08	0	2.19	22	11
2003-11-09	0.9	3.2	22	12
2003-11-10	0	2.7	22	13
2003-11-11	0.01	3.15	24	13.5
2003-11-12	0	1.85	26	8.5
2003-11-13	0	2.45	20.5	9.5
2003-11-14	0	2.1	23	14
2003-11-15	0	2.05	26.5	8
2003-11-16	0	2.5	28.5	9.5
2003-11-17	0	2.8	28.5	10
2003-11-18	0	3.1	28	9.5
2003-11-19	0	2.29	21	11
2003-11-20	0	2.76	24.5	2.5
2003-11-21	0	2.25	26	5
2003-11-22	0	2.3	28.5	4
2003-11-23	0	2.65	28.5	4
2003-11-24	0	2.25	18	6.5
2003-11-25	0	1.83	26	5
2003-11-26	0	2.22	27	6
2003-11-27	0	2.65	27	7
2003-11-28	0	3	14	8
2003-11-29	0	2.1	19	2
2003-11-30	0	1.57	25	2
2003-12-01	0	2.31	23.5	3
2003-12-02	0	2.62	22	3
2003-12-03	0	1.43	24	9
2003-12-04	0	2.67	22.5	3.5
2003-12-05	0	1.5	18.5	4
2003-12-06	0	0.93	16	6
2003-12-07	0	1.27	21	3.5
2003-12-08	0	1.5	23	2
2003-12-09	0	3.2	22.5	3
2003-12-10	0.01	1.9	21.5	6
2003-12-11	0.01	1.7	24	3
2003-12-12	0	2.4	25.5	3.5
2003-12-13	0	1.92	24.5	5.5
2003-12-14	0	1.88	22.5	0
2003-12-15	0	1.91	23	-2
2003-12-16	0	2.79	24	-2
2003-12-17	0	1.75	16.5	2.5
2003-12-18	0	2.85	20	-3
2003-12-19	0	2.2	16	-3.5
2003-12-20	0.01	1.4	18.5	-3
2003-12-21	0	1.9	20.5	-2.5
2003-12-22	0	2.22	22	-1.5
2003-12-23	0	2.54	21	-2
2003-12-24	0	2.41	20	-1.5
2003-12-25	0	1.77	24	3.5
2003-12-26	0	1.78	25	2.5
2003-12-27	0	1.83	25	3
2003-12-28	0	1.72	26.5	5
2003-12-29	0	1.8	20	8
2003-12-30	0.01	0.75	17	3.5
2003-12-31	0	1.45	22.5	3
2004-01-01	0	1.5	22.5	3
2004-01-02	0	1.66	24.5	8
2004-01-03	0	2.19	25	6.5
2004-01-04	0	2.3	26	5
2004-01-05	0	2.35	24.5	5.5
2004-01-06	0	2.2	19.5	7.5
2004-01-07	0	2.16	21	8
2004-01-08	0	2.14	25	5.5
2004-01-09	0.3	1.85	21	6.5
2004-01-10	0.3	1.37	NULO	NULO
2004-01-11	0	1.48	16	6
2004-01-12	0	1.91	22.5	4.5
2004-01-13	0	0.49	19	5
2004-01-14	0.1	2.17	20.5	8.5
2004-01-15	1.8	0.78	22	10.5
2004-01-16	4	0.78	14.5	10
2004-01-17	0.7	1.52	14	6
2004-01-18	0	2.06	21.5	0
2004-01-19	0.01	1.94	21	1.5
2004-01-20	0	2.05	23	2
2004-01-21	0	2.02	24	2
2004-01-22	0	2.28	24.5	5
2004-01-23	0.01	2.44	23.5	5.5
2004-01-24	0	3.36	26.5	6.5
2004-01-25	0	2.85	23	7
2004-01-26	0	2.5	23	9.5
2004-01-27	0	2.75	20	8.5
2004-01-28	0	1.93	20.5	3.5
2004-01-29	0	1.74	20.5	4
2004-01-30	4.7	0.76	13.5	5.5
2004-01-31	0	3.22	20.5	2
2004-02-01	0	3.45	24	0.5
2004-02-02	0	1.88	25.5	1
2004-02-03	0	3.72	25	1
2004-02-04	0	3.6	26	5.5
2004-02-05	0	2.85	28	6
2004-02-06	0	2.87	27.5	7.5
2004-02-07	0	3.68	16	6.5
2004-02-08	0	3	26	5
2004-02-09	0	2.4	28	5.5
2004-02-10	0	3.8	27	6
2004-02-11	0	3	27	7.5
2004-02-12	0	1.73	26	8
2004-02-13	0	3.4	23	7.5
2004-02-14	0	3.1	26	5.5
2004-02-15	0	3.68	27	5
2004-02-16	0	2.82	22.5	6
2004-02-17	0	3.25	20.5	0
2004-02-18	0	3.4	20	-0.5
2004-02-19	0	3.1	27	0
2004-02-20	0	3.12	27.5	0
2004-02-21	0	4.06	27	4
2004-02-22	0	4.81	28.5	5
2004-02-23	0	4.64	29.5	6.5
2004-02-24	0	5.17	27	8
2004-02-25	0	4.35	27	6
2004-02-26	0	3.52	24	6
2004-02-27	0	3.4	27	2
2004-02-28	0	3.78	28.5	3
2004-02-29	0	3.95	28.5	5.5
2004-03-01	0	3.8	29	6
2004-03-02	0	3.37	31	7
2004-03-03	0	4.73	32	7.5
2004-03-04	0	5.2	31.5	9
2004-03-05	0	3.33	32	12
2004-03-06	0	4.6	25.5	12
2004-03-07	0	5.12	28.5	13
2004-03-08	0	2.85	19.5	14
2004-03-09	0.2	3.77	24	13
2004-03-10	0	3.91	25	12.5
2004-03-11	0	4.19	26	11
2004-03-12	4.5	3.65	27.5	12
2004-03-13	0	3.4	27	10.5
2004-03-14	0	3.7	27	8
2004-03-15	0	3.03	27	9
2004-03-16	0	3.27	26	11
2004-03-17	0	4.05	26.5	12.5
2004-03-18	0.01	4.15	32	11.5
2004-03-19	0	4.25	28.5	12
2004-03-20	0	4.81	27	12
2004-03-21	0	5.39	23	4.5
2004-03-22	0	4.41	22.5	9
2004-03-23	0	3.29	27.5	10
2004-03-24	0	5.31	30	11
2004-03-25	0	5.99	31	8.5
2004-03-26	0	4.85	29	9
2004-03-27	0	4	30	10.5
2004-03-28	0	3.6	28	11
2004-03-29	8.7	4.05	25	12.5
2004-03-30	4.3	3.45	21	12
2004-03-31	0.8	4.93	25	11
2004-04-01	0	3.85	26	10.5
2004-04-02	1.3	5.82	28	8.5
2004-04-03	0	4.24	27	10
2004-04-04	0	3.7	28	9
2004-04-05	2.8	4.02	27	8.5
2004-04-06	0	5.17	26	12
2004-04-07	0	3.4	29	12
2004-04-08	0	4.4	28	13
2004-04-09	0	5	32	13
2004-04-10	0	6.2	32	12
2004-04-11	0	9	31.5	13
2004-04-12	0	6.63	31	14
2004-04-13	0	5.17	20	10.5
2004-04-14	0	3.85	27	6
2004-04-15	0	5.13	32	7
2004-04-16	0	6.52	31	8
2004-04-17	0	4.95	30	9
2004-04-18	0	6.2	27	9
2004-04-19	0	5.5	26	8.5
2004-04-20	0	5.85	32.5	7
2004-04-21	0.4	7.4	34	7
2004-04-22	0	6.45	33	10.5
2004-04-23	0	6.85	33	13
2004-04-24	2.6	5.15	33	13
2004-04-25	0.7	5.15	32	12
2004-04-26	0	6.3	30	13
2004-04-27	0	4.89	21.5	14.5
2004-04-28	9.7	4.73	30	10
2004-04-29	13.1	5.7	30.5	10
2004-04-30	11.1	3.98	30.5	11
2004-05-01	0.7	4.95	30.5	7
2004-05-02	0.3	4.7	17	12
2004-05-03	0.2	4.2	22	9
2004-05-04	0.5	3.55	27	9.5
2004-05-05	9	3	27	11.5
2004-05-06	4.4	3.85	28	12
2004-05-07	0	3.25	27	12
2004-05-08	0.4	4.35	29.5	12
2004-05-09	5.7	0.9	26.5	13
2004-05-10	0	5.23	33.5	12.5
2004-05-11	5.2	6.55	33	13
2004-05-12	0	4.84	33.5	12.5
2004-05-13	15.5	7.57	33.5	13
2004-05-14	0	6.24	27	11.5
2004-05-15	0	4.74	24.5	10
2004-05-16	0	5.6	27	10.5
2004-05-17	0	6.58	29	13
2004-05-18	0	4.7	28	13.5
2004-05-19	0	7.15	29	16
2004-05-20	0	6.08	29	12.5
2004-05-21	0	5.92	31.5	12.5
2004-05-22	0	5.95	30.5	12
2004-05-23	0	6.6	33	12.5
2004-05-24	0	5.99	32	14
2004-05-25	0	6.03	32.5	11.5
2004-05-26	0	5.78	33.5	11
2004-05-27	0	9.05	35	11
2004-05-28	0.01	6.15	34	13
2004-05-29	14.3	5.95	35	15.5
2004-05-30	9	5.6	33	15
2004-05-31	0	5.7	30	15
2004-06-01	0.01	3.6	27.5	15
2004-06-02	2.1	4.7	27.5	15
2004-06-03	4.6	6.9	23	16.5
2004-06-04	0.01	6.4	21.5	15
2004-06-05	0.01	3.72	22	14
2004-06-06	15.7	4.78	28	13
2004-06-07	36.5	7.25	26.5	15
2004-06-08	13.6	3.05	24.5	16
2004-06-09	0.3	3.16	29	16
2004-06-10	4.4	4.79	28	15.5
2004-06-11	0	5.25	29	15
2004-06-12	0	6.15	29	15
2004-06-13	0	5	31	14.5
2004-06-14	0	3.66	30.5	15.5
2004-06-15	3.4	5.04	32	14
2004-06-16	0	6.7	29	13.5
2004-06-17	0	4.65	25.5	14
2004-06-18	0	5.49	26.5	11
2004-06-19	0	4.91	27.5	11
2004-06-20	0	5.89	28.5	11.5
2004-06-21	0	5.61	30	13
2004-06-22	2.5	5.3	30.5	15
2004-06-23	0.01	4.25	28	15.5
2004-06-24	24.5	7.55	29	15
2004-06-25	0	4.35	28	14.5
2004-06-26	0	5.85	27	15.5
2004-06-27	0.8	5.6	27.5	15.5
2004-06-28	3	5.1	27	15.5
2004-06-29	13.1	6	29	16
2004-06-30	0	6.09	28	16
2005-01-01	0	0.56	23.5	0.5
2005-01-02	0	3.05	25	3
2005-01-03	0	2.2	25	4
2005-01-04	0	1.9	25	5.5
2005-01-05	0	2	26	4.5
2005-01-06	0	2.1	26	5
2005-01-07	0	2	25	5
2005-01-08	0	2.2	23	7
2005-01-09	0	3	20	7.5
2005-01-10	0	2.28	22.5	8
2005-01-11	0	2.27	24	4.5
2005-01-12	0	2.75	25.5	4
2005-01-13	0	2.83	26	4.5
2005-01-14	0	2.12	18	6
2005-01-15	0	1.45	23	6
2005-01-16	0	2.75	14	5.5
2005-01-17	0	2.35	16.5	5
2005-01-18	0	2.55	18	5
2005-01-19	0	1.2	15	4.5
2005-01-20	0	2	21	4.5
2005-01-21	0	2.45	23	5.5
2005-01-22	9.3	3.06	23	5.5
2005-01-23	0.01	0.86	13.5	9.5
2005-01-24	0	2.38	21.5	8.5
2005-01-25	0	1.94	23	6.5
2005-01-26	0	2.64	25.5	5.5
2005-01-27	0	2.12	26	5.5
2005-01-28	0	2.6	27.5	6.5
2005-01-29	0	2.7	26.5	6.5
2005-01-30	0.4	2.45	27.5	6
2005-01-31	0	2.55	26.5	7
2005-02-01	0	2.8	25	8
2005-02-02	0	2.15	24	8.5
2005-02-03	0	2.25	18	6
2005-02-04	0	1.5	16	5
2005-02-05	0	1.38	20.5	6
2005-02-06	0	2.97	25	7
2005-02-07	0	3.65	28	6.5
2005-02-08	0	2.8	29	7
2005-02-09	0	3.9	30.5	9
2005-02-10	0	2.99	23	9.5
2005-02-11	0	2.89	22.5	9
2005-02-12	0	3.77	26.5	5.5
2005-02-13	0	2.52	26	6.5
2005-02-14	0	3.28	27	8.5
2005-02-15	0	3.4	28	7.5
2005-02-16	0	3.93	29.5	6.5
2005-02-17	0	3.32	26.5	5.5
2005-02-18	0	2.45	23.5	5.5
2005-02-19	0	3.8	26	8.5
2005-02-20	0	3.3	29	7
2005-02-21	0	2.75	26.5	8
2005-02-22	3.7	2.25	28	8.5
2005-02-23	11.3	2.25	25	8.5
2005-02-24	1.8	1.95	23	8.5
2005-02-25	0.1	2.8	22	8.5
2005-02-26	0.1	2.4	20	8.5
2005-02-27	0	3.25	23	11
2005-02-28	0	3.85	26	6
2005-03-01	0	3.7	27	4
2005-03-02	0	3.5	25.5	4
2005-03-03	0	3.4	26.5	7
2005-03-04	0	2.58	27	7.5
2005-03-05	0	4.02	28	7.5
2005-03-06	0.3	2.6	24	8.5
2005-03-07	0	4	29	11
2005-03-08	0	4.45	29	9.5
2005-03-09	0	4.35	28.5	9.5
2005-03-10	0	3.9	23.5	7
2005-03-11	0	4.85	25.5	6
2005-03-12	0	4.45	29.5	6
2005-03-13	0	5.68	30.5	9
2005-03-14	5.3	2.52	29.5	13
2005-03-15	3.9	0.98	19.5	13.5
2005-03-16	0	4.07	26.5	10.5
2005-03-17	0	4.35	26	8.5
2005-03-18	0	5.2	29	4.5
2005-03-19	0	6.22	30	5
2005-03-20	0	5.33	30	6
2005-03-21	0	5.95	31	6.5
2005-03-22	0.01	4.85	31.5	7
2005-03-23	0	4.6	29.5	8
2005-03-24	0	4.85	32.5	7
2005-03-25	0	5.2	31.5	8
2005-03-26	0	4.94	33.5	7.5
2005-03-27	0	3.61	28.5	8.5
2005-03-28	0	4.35	31	8.5
2005-03-29	0	5.1	30	6
2005-03-30	0	3.75	32.5	6
2005-03-31	0	5.53	33	9.5
2005-04-01	0	5.32	25.5	11
2005-04-02	0	4.58	28	7
2005-04-03	0	5.5	31.5	5.5
2005-04-04	0	6.5	33	6
2005-04-05	0	5.2	33.5	8.5
2005-04-06	0	5.95	32	10.5
2005-04-07	0	5.98	27.5	10.5
2005-04-08	0	5.79	28.5	8.5
2005-04-09	0	6.05	31	8.5
2005-04-10	0	6.43	33	12.5
2005-04-11	0	5.25	33	13
2005-04-12	0	6.15	30	13
2005-04-13	0	6	32	10
2005-04-14	0	5.7	30	10
2005-04-15	0	5.85	28	11
2005-04-16	0	4	27	12.5
2005-04-17	0	5.8	29	14
2005-04-18	7.3	5.35	32	11.5
2005-04-19	0.2	4.7	32.5	11.5
2005-04-20	0	6.15	34	12.5
2005-04-21	0	6.8	34.5	13
2005-04-22	0	7.6	33.5	13
2005-04-23	8.2	7	28	15.5
2005-04-24	0	6.05	31.5	14.5
2005-04-25	0	6.75	33	12
2005-04-26	0	6.53	32	12
2005-04-27	0	5.5	33	13.5
2005-04-28	0	4.65	34	12.5
2005-04-29	0	7.05	34	12.5
2005-04-30	0	8.25	35	12.5
2005-05-01	0.01	5.4	33	12.5
2005-05-02	0	6	35	11
2005-05-03	0	5.32	34	11
2005-05-04	0	6.08	32	12
2005-05-05	0	5.9	28	12
2005-05-06	0	5.3	30.5	12.5
2005-05-07	0	5.7	31	12.5
2005-05-08	0	6.35	32.5	13
2005-05-09	0	6.25	33	10.5
2005-05-10	0	4.47	32.5	10.5
2005-05-11	0	5.98	32.5	12
2005-05-12	0	6.15	31	15
2005-05-13	0.4	5.25	32	14
2005-05-14	2.8	3.65	30.5	13.5
2005-05-15	8.3	5.6	30	15
2005-05-16	0	4.7	29	12.5
2005-05-17	0	6.1	30.5	13
2005-05-18	0	6	32.5	13
2005-05-19	0	5.45	32.5	12.5
2005-05-20	0	6.55	29.5	12.5
2005-05-21	0	6.05	29.5	12
2005-05-22	0	5.66	31.5	10
2005-05-23	0	6.34	33	10
2005-05-24	0.3	6.8	35	10
2005-05-25	0	6.45	34.5	12
2005-05-26	0	5.45	33.5	13
2005-05-27	32.1	1.96	29.5	14.5
2005-05-28	5	4.22	29.5	12.5
2005-05-29	0.1	5.42	32.5	12.5
2005-05-30	0	5.45	32	12.5
2005-05-31	0	7.5	33.5	13.5
2005-06-01	0	5.55	33.5	13.5
2005-06-02	0	5.9	35	15
2005-06-03	0	6	35.5	13
2005-06-04	0	6.4	35.5	13
2005-06-05	0	6.05	35.5	15.5
2005-06-06	0	5.05	34.5	14.5
2005-06-07	0	5.8	35	14.5
2005-06-08	0	6.3	35	15
2005-06-09	0	6.9	34	15
2005-06-10	0.4	4.4	35.5	15
2005-06-11	0	9.5	36.5	15
2005-06-12	0	6.75	36.5	16
2005-06-13	0	6.35	34	16
2005-06-14	0	7	29.5	15.5
2005-06-15	1	1.79	27	15
2005-06-16	0	5.34	28.5	11.5
2005-06-17	0	6.82	32.5	12
2005-06-18	0	6.97	32	15
2005-06-19	0	6.98	29	14
2005-06-20	0	6.9	28	14.5
2005-06-21	3.2	2.55	23	14.5
2005-06-22	1	4.05	24	15
2005-06-23	0	4.87	27	16
2005-06-24	2.4	4.93	27	16.5
2005-06-25	0	3.32	26	15
2005-06-26	0	5.83	27	14
2005-06-27	0	3.84	25	14
2005-06-28	0.01	3.03	25	14.5
2005-06-29	0	2.26	24.5	16.5
2005-06-30	0.01	7.51	32.5	17
2005-07-01	0	5.33	32	14.5
2005-07-02	0	7.07	31.5	15
2005-07-03	0	6.12	31	14.5
2005-07-04	2.5	3.15	29	14.5
2005-07-05	3.6	3.33	29.5	15
2005-07-06	0.9	4.63	28	16.5
2005-07-07	3.8	4.77	30	14.5
2005-07-08	0	5.88	31	14
2005-07-09	0	5.7	31.5	12.5
2005-07-10	0	6.45	32	11.5
2005-07-11	0	5.95	31	12
2005-07-12	0	6.1	29	13.5
2005-07-13	0	4.97	27	13.5
2005-07-14	0	3.83	30	16
2005-07-15	0	7.1	30.5	16
2005-07-16	0	5.25	28	17
2005-07-17	0	6.01	27	16
2005-07-18	0	6.69	29.5	16
2005-07-19	0	5.41	31.5	13.5
2005-07-20	6	4.41	32.5	13.5
2005-07-21	1.3	3	26	14
2005-07-22	0.2	5.08	26	15
2005-07-23	0	5	27	15
2005-07-24	0	3.2	24.5	15
2005-07-25	18.5	4.88	29.5	16
2005-07-26	0.01	5.05	28.5	16.5
2005-07-27	0.9	3.17	29	16.5
2005-07-28	0	5.03	27.5	15.5
2005-07-29	0	6.13	27.5	12.5
2005-07-30	0	5.99	28	12.5
2005-07-31	0	6.5	28	11
2005-08-01	0	6.1	30	11
2005-08-02	0.01	3.6	29	11.5
2005-08-03	0.2	3.25	28.5	16
2005-08-04	0	5.6	28.5	15.5
2005-08-05	0	5.85	28	17
2005-08-06	0	5.5	28	16
2005-08-07	0	5.25	29	15
2005-08-08	0	5.05	31	15.5
2005-08-09	0	6.2	32	15.5
2005-08-10	0.6	5.97	31	15
2005-08-11	1.9	3.85	28.5	16
2005-08-12	0	5.97	30	16
2005-08-13	0	4.41	29.5	16
2005-08-14	7.6	2.28	29	16.54
2005-08-15	0	3.72	25	17
2005-08-16	0	6.71	27	16
2005-08-17	0	5.59	27	15
2005-08-18	0	5.3	27	16.5
2005-08-19	0.4	4.9	26	15.5
2005-08-20	0.9	1.45	22	16
2005-08-21	0.3	4.87	27	16
2005-08-22	6.3	2.88	23.5	14
2005-08-23	5.5	1.08	19.5	14
2005-08-24	2.1	5.83	25.5	15.5
2005-08-25	1.1	4.27	27	15
2005-08-26	0	5.67	30.5	15
2005-08-27	0	5.1	32	14
2005-08-28	5.6	4.03	31.5	12.5
2005-08-29	0	5.28	30.5	13
2005-08-30	9.5	5.34	30.5	14.5
2005-08-31	1.7	4.17	28	14.5
2005-09-01	0.01	2.17	24	15
2005-09-02	0	5.8	26.5	15
2005-09-03	0.2	4.55	26	16
2005-09-04	0.1	2.88	25.5	16.5
2005-09-05	11.4	3.93	25.5	17
2005-09-06	0.01	3.09	23	15
2005-09-07	1.2	1.98	22	11
2005-09-08	0	2.58	22.5	11
2005-09-09	3.8	3.23	27.5	13.5
2005-09-10	0	3.96	27.5	16
2005-09-11	0	4.05	29	15
2005-09-12	0	6.05	29	13.5
2005-09-13	0	3.7	29.5	13.5
2005-09-14	0	4.75	29.5	13.5
2005-09-15	0	4.4	29	13.5
2005-09-16	0	6	28.5	15
2005-09-17	0	5.5	27.5	15
2005-09-18	0	4.82	28.5	12
2005-09-19	0	5.73	27	12.5
2005-09-20	1.5	4.35	26	14
2005-09-21	0.2	1.3	21	13.5
2005-09-22	0	4.95	26.5	13
2005-09-23	0	4.2	28.5	7.5
2005-09-24	0	4.63	30	7.5
2005-09-25	0	4.12	29	9.5
2005-09-26	5.3	3.75	26.5	11
2005-09-27	0	3.75	24	12
2005-09-28	0	3.8	27	12.5
2005-09-29	0	4.5	29	12.5
2005-09-30	0.01	5.15	28	12.5
2005-10-01	0	4.3	28	12
2005-10-02	0	3.76	27	12.5
2005-10-03	11.5	2.28	23.5	13.5
2005-10-04	37.5	1.96	19.5	13.5
2005-10-05	17.9	0.85	22.5	16.5
2005-10-06	1.3	2.5	22.5	15
2005-10-07	5.9	2.3	22	15.5
2005-10-08	3.4	3.05	25.5	15.5
2005-10-09	0	3.45	28	15.5
2005-10-10	0	3.49	28.5	16
2005-10-11	0	2.44	27	15.5
2005-10-12	0	3.72	25	15.5
2005-10-13	0	2.45	24.5	14
2005-10-14	0.2	4.13	24.5	14
2005-10-15	0	2.17	22	13.5
2005-10-16	0	3.05	24.5	13.5
2005-10-17	0	2.65	25.5	13.5
2005-10-18	0.01	4.9	26	14.5
2005-10-19	0.01	2.05	28	9
2005-10-20	0	4.5	28.5	7.5
2005-10-21	0	2.9	27.5	6
2005-10-22	0	3.35	25.5	5
2005-10-23	0.01	3.7	28	5
2005-10-24	0.2	0.73	20	7
2005-10-25	0.3	1.72	23	10.5
2005-10-26	0	2.3	25.5	11.5
2005-10-27	0	3.35	27.5	11
2005-10-28	0	2.75	23	10.5
2005-10-29	0	1.5	21	10.5
2005-10-30	0	3.4	23.5	7.5
2005-10-31	0	2.2	23.5	9
2005-11-01	0	2.05	20	9.5
2005-11-02	0	3.33	23.5	4.5
2005-11-03	0	3.12	25	2
2005-11-04	0	3.14	26.5	1.5
2005-11-05	0	2.5	28	2.5
2005-11-06	0	2.53	28	4
2005-11-07	0	1.09	20.5	8
2005-11-08	0.01	2.82	21	9.5
2005-11-09	0.5	0.27	22	12
2005-11-10	0.01	1.95	23	13
2005-11-11	0	1.95	25	15
2005-11-12	0	3.21	28	12
2005-11-13	0	3.54	27.5	5.5
2005-11-14	0.01	1.13	25.5	6.5
2005-11-15	0	2.67	28	7
2005-11-16	0	1.02	15	7
2005-11-17	0	2.68	17.5	9.5
2005-11-18	0	1.84	20	6.5
2005-11-19	0	2.06	20.5	7
2005-11-20	0	1.9	19.5	8.5
2005-11-21	0	1.26	18	10
2005-11-22	0	2.14	21	2.5
2005-11-23	0	2.11	23	-1
2005-11-24	0	1.49	25	0
2005-11-25	0	1.83	24.5	1
2005-11-26	0	2.47	26	6.5
2005-11-27	0	1.95	23	6.5
2005-11-28	0	3.05	26.5	4.5
2005-11-29	0.01	1.4	22.5	3
2005-11-30	0	1.67	24	3.5
2005-12-01	0.01	2.13	25	4
2005-12-02	0	1.65	24	4
2005-12-03	0	2.1	26	4.5
2005-12-04	0	2.15	26	4.5
2005-12-05	0	2.81	27	6.5
2005-12-06	0	1.36	24	7
2005-12-07	0.5	1.63	23.5	10.5
2005-12-08	0.01	2.81	21.5	9.5
2005-12-09	0	1.28	24.5	9.5
2005-12-10	0	1.49	24.5	9
2005-12-11	0.01	1.42	22	6.5
2005-12-12	0	1.62	25.5	5
2005-12-13	0	1.33	26	4.5
2005-12-14	0	2.35	27.5	4.5
2005-12-15	0	1.7	23.5	5
2005-12-16	0	1.3	24.5	5.5
2005-12-17	0.01	1.9	24	6
2005-12-18	0	2.4	19.5	7
2005-12-19	0	1.65	18.5	7
2005-12-20	0	8.59	19	7
2005-12-21	0	1.71	22	7
2005-12-22	0	1.22	20	4.5
2005-12-23	0	1.33	20	3
2005-12-24	0	2.31	23.5	1.5
2005-12-25	0	1.24	24	1
2005-12-26	0	1.88	23.5	-1
2005-12-27	0	1.97	24.5	-1
2005-12-28	0	1.75	24.5	-1
2005-12-29	0	1.3	24.5	1
2005-12-30	0	2.45	25	1.5
2005-12-31	0	2.03	25	2.5
2006-07-01	1.5	5.15	28.5	16
2006-07-02	14.5	6.05	30.5	12.5
2006-07-03	0	4.96	28.5	12.5
2006-07-04	0	4.99	30	14.5
2006-07-05	0	6.15	32	15.5
2006-07-06	0	6.45	31	14.5
2006-07-07	0	6.28	29	15
2006-07-08	0	6.23	28	16
2006-07-09	0.2	3.6	27	14.5
2006-07-10	0	4.45	25.5	15
2006-07-11	0	5.85	27.5	13.5
2006-07-12	0	5.43	28	13.5
2006-07-13	0	5.77	30	12.5
2006-07-14	0.3	5	30	13
2006-07-15	0.1	4.75	27	13.5
2006-07-16	0	4.1	28	14
2006-07-17	0	6.5	28.5	14.5
2006-07-18	0	6.7	29	13.5
2006-07-19	0	5.7	28.5	13
2006-07-20	0	6.45	27.5	13.5
2006-07-21	0	4.25	27	15
2006-07-22	0	3.3	23.5	17
2006-07-23	0.2	2.62	25	16
2006-07-24	26.3	6.63	27	15
2006-07-25	0.8	2.59	26.5	15
2006-07-26	0	5.61	31.5	14
2006-07-27	1.5	4.5	29	14.5
2006-07-28	0	5.75	28	15
2006-07-29	1.5	4.07	28	15
2006-07-30	0	5.65	28	13
2006-07-31	0	3.28	29.5	13
2006-08-01	0	5.6	29	13.5
2006-08-02	0	4.9	30	16
2006-08-03	1.9	3.2	29	16.5
2006-08-04	1.8	2.5	28	16.5
2006-08-05	12.3	2.3	24	16
2006-08-06	0	5.05	26	13
2006-08-07	1.1	4.4	27	14
2006-08-08	0.3	5.69	25	16
2006-08-09	0	4.89	26	15.5
2006-08-10	0	6.32	28.5	16
2006-08-11	0	7.15	30	14.5
2006-08-12	0.01	4.63	30	14
2006-08-13	0	4.27	29	14.5
2006-08-14	0	7.03	29	14.5
2006-08-15	0.3	5.56	30	14.5
2006-08-16	0	5.87	30.5	15
2006-08-17	0	7.29	31	12.5
2006-08-18	0	6	31	12
2006-08-19	0.2	6.15	30	12.5
2006-08-20	0	5	28	14.5
2006-08-21	0	3.5	27	13
2006-08-22	0	6.55	28	13
2006-08-23	0	6.1	30	13
2006-08-24	0	3.8	29.5	17.5
2006-08-25	25.1	5.53	30.5	17
2006-08-26	1	4.04	27.5	16
2006-08-27	0	5.6	27	15.5
2006-08-28	0	6.48	26.5	13
2006-08-29	0	4.48	26	12.5
2006-08-30	0	3.83	24.5	13
2006-08-31	0	4.19	29	13.5
2006-09-01	0	5.18	29	16.5
2006-09-02	0	4.8	28	13.5
2006-09-03	0.3	4.35	26.5	13
2006-09-04	1	4.55	26.5	14
2006-09-05	0.01	4.25	26.5	15.5
2006-09-06	0	4.57	26.5	16.5
2006-09-07	0	4.48	29	16.5
2006-09-08	0	4.22	30	16
2006-09-09	0	4.28	30.5	15.5
2006-09-10	0	4.9	29.5	16.5
2006-09-11	0	5.55	29	17
2006-09-12	0	5.5	28	18
2006-09-13	0	5.1	28.5	17
2006-09-14	0	4.5	31	16
2006-09-15	54.4	9.6	31.5	14.5
2006-09-16	0.7	2.65	29	14.5
2006-09-17	0	4.35	29	14.5
2006-09-18	0	5.3	30	15
2006-09-19	1.8	2.1	23.5	14
2006-09-20	0	2.05	22.5	14.5
2006-09-21	4.4	3.65	29	16
2006-09-22	10.6	4.75	29.5	15.5
2006-09-23	0	3.7	29	14.5
2006-09-24	19	5.55	27	14
2006-09-25	3.5	2.85	22	15
2006-09-26	0	2.7	23	15
2006-09-27	0	3.6	26	12.5
2006-09-28	0	4.1	28	12
2006-09-29	0	3.91	26.5	12.5
2006-09-30	0	8.89	27	13
2007-07-01	4.5	2.69	31	13
2007-07-02	1	4.32	29	14
2007-07-03	0	4.44	31	15
2007-07-04	0	4.98	32	18
2007-07-05	0	6.35	29	16
2007-07-06	0	5.67	28	16
2007-07-07	0	8.73	30	15
2007-07-08	0	6.39	32	15
2007-07-09	0	7.53	29	14
2007-07-10	0	7.15	28	15
2007-07-11	0	8.41	27	16
2007-07-12	0	6.78	28	15
2007-07-13	0	7.66	30	13
2007-07-14	0	7.4	29	12
2007-07-15	0	6.95	30	13
2007-07-16	0	7.99	31	13
2007-07-17	42.6	7.88	29	14
2007-07-18	9.5	3.7	28	17
2007-07-19	4.4	6.45	27	16
2007-07-20	0	4.03	27	16
2007-07-21	0	6.41	27	14
2007-07-22	0	5.97	27	15
2007-07-23	0	6.84	28	14
2007-07-24	0	5.31	29	13
2007-07-25	0	4.92	28	15
2007-07-26	0	4.31	32	15
2007-07-27	0	4.13	31	17
2007-07-28	0	3.61	31	18
2007-07-29	21.5	6.35	32	17
2007-07-30	0.01	3.29	29	16
2007-07-31	0	4.64	29	15
2007-08-01	0.01	9.04	31	17
2007-08-02	0	5.32	30	17
2007-08-03	0	5.52	27	13
2007-08-04	4.8	0.61	29	14
2007-08-05	0	3.7	30	14
2007-08-06	0	4.77	31	15
2007-08-07	0	4.53	29	15
2007-08-08	0	4.41	28	14
2007-08-09	0	7.76	29	13
2007-08-10	0	7.23	30	13
2007-08-11	0	5.27	30	15
2007-08-12	0	6.59	31	14
2007-08-13	0	5.14	29	13
2007-08-14	0	3.25	28	13
2007-08-15	0	5.38	27	14
2007-08-16	47	8.02	28	14
2007-08-17	0	4.57	30	14
2007-08-18	0	7.47	29	15
2007-08-19	0	8.84	29	15
2007-08-20	0	6.79	30	15
2007-08-21	1	3.88	31	14
2007-08-22	43.5	3.1	17	13
2007-08-23	2	6.17	29	15
2007-08-24	0.01	4.3	26	14
2007-08-25	0.01	6.82	22	13
2007-08-26	1	5.34	27	15
2007-08-27	1.6	2.54	27	16
2007-08-28	2.9	2.49	27	15
2007-08-29	1.2	1.89	27	15
2007-08-30	1	1.92	25	14
2007-08-31	0	2.7	25	16
2007-09-01	0.2	4.95	15	9
2007-09-02	7.1	2	19	8
2007-09-03	6.2	7.53	19	11
2007-09-04	3.1	4.84	17	10
2007-09-05	3.2	4.18	13	2
2007-09-06	0	7.98	22	7
2007-09-07	0	2.1	19	9
2007-09-08	3.2	3.08	23	8
2007-09-09	7.1	5.99	22	6
2007-09-10	1.2	4.91	26	5
2007-09-11	0.01	4.92	17	5.1
2007-09-12	2.2	2.13	18	10.5
2007-09-13	0.01	6.26	17	10
2007-09-14	2.2	8.32	19	10
2007-09-15	0	5.85	21	3
2007-09-16	0	4.76	19	8
2007-09-17	0	6.3	20	10
2007-09-18	0	5.38	21	3
2007-09-19	0	5.91	20	8
2007-09-20	0	5.57	20	6
2007-09-21	0	3.79	19	3
2007-09-22	0	5.41	21	4
2007-09-23	0	4.09	20	6
2007-09-24	0	4.29	21	5
2007-09-25	0	5.73	22	3.5
2007-09-26	0	4.99	22	5
2007-09-27	0	5.76	21	6
2007-09-28	24	3.38	17	5
2007-09-29	15.1	7.67	20	6
2007-09-30	0	5.89	17	2
2007-10-01	0	3.46	20	2
2007-10-02	0	6.07	17	3
2007-10-03	0	5.37	20	2
2007-10-04	0	5.3	19	6
2007-10-05	0	6.47	21	3
2007-10-06	7	3.96	21	4
2007-10-07	0	5.52	22	5
2007-10-08	0.01	5.16	21.5	9
2007-10-09	0.01	1.57	19	6
2007-10-10	11	8.53	19	3
2007-10-11	0.01	2.93	17	7
2007-10-12	0	5.21	20	6
2007-10-13	0	4.82	20.5	6.5
2007-10-14	0	5.62	21	5.5
2007-10-15	0	4.62	20	4.3
2007-10-16	0	6.11	22	6
2007-10-17	0	4.7	22	3.5
2007-10-18	0	5.67	23	6
2007-10-19	0	4.74	23	5
2007-10-20	0	2.19	20	3.5
2007-10-21	0	3.84	20.5	4.6
2007-10-22	0	1.42	21.6	8
2007-10-23	4.7	7.53	21	3
2007-10-24	0.01	4.67	11	1.5
2007-10-25	0	3.43	13	1
2007-10-26	0	5.75	14.5	0.5
2007-10-27	0	5.14	17	0
2007-10-28	0	3.35	14	1
2007-10-29	0	3.19	3.5	0
2007-10-30	0	4.43	13	2
2007-10-31	0	NULO	10	2.6
2007-11-01	NULO	8.94	NULO	NULO
2007-11-02	NULO	4.75	NULO	NULO
2007-11-03	NULO	3.69	NULO	NULO
2007-11-04	0	5.54	NULO	NULO
2007-11-05	0	3.43	20	2
2007-11-06	0	3.9	7	0
2007-11-07	0	2.8	14.6	-0.5
2007-11-08	0	8.01	19	-0.5
2007-11-09	0	3.4	20	1
2007-11-10	0	3.61	20	1
2007-11-11	0	2.98	20	3
2007-11-12	0	2.84	18	1
2007-11-13	0	4.42	26	5
2007-11-14	0	2.41	20	3
2007-11-15	0	1.46	16	1
2007-11-16	0	3.2	20	2
2007-11-17	0	1.35	8	1
2007-11-18	0	3.66	17	2
2007-11-19	0	3.44	17	4
2007-11-20	0	2.32	19	2
2007-11-21	15.1	3	20	1
2007-11-22	0	2.42	18	7
2007-11-23	0	3.94	17	2
2007-11-24	0	1.46	20	6
2007-11-25	0	2.57	26	5
2007-11-26	0	1.75	19	2
2007-11-27	0	5.43	18	5
2007-11-28	0	1.6	19	3
2007-11-29	0	1.68	18	2
2007-11-30	0	2.56	18	5
2007-12-01	0	6.18	21	2
2007-12-02	0	3.66	12	2
2007-12-03	0	1.85	13	2
2007-12-04	0	2.99	12	1
2007-12-05	0	2.79	18	1
2007-12-06	0	2.5	11	1
2007-12-07	0	6.47	9	4
2007-12-08	0	2.24	18	2
2007-12-09	0	1	22	3
2007-12-10	0	7.78	19	1
2007-12-11	0	4.14	19	5
2007-12-12	0	2.18	19	4
2007-12-13	0	3.13	21	4
2007-12-14	0	3	19	5
2007-12-15	0	2.87	21	6
2007-12-16	0	2.07	29	4
2007-12-17	0	1.99	17	2
2007-12-18	0	1.69	20	1
2007-12-19	0	4.65	20.5	3
2007-12-20	0	3.46	22.5	5
2007-12-21	0	1.92	19	6
2007-12-22	0	6.68	20	4
2007-12-23	0	4.54	17	5.2
2007-12-24	0	3	22	3
2007-12-25	0	4.09	18	5.5
2007-12-26	0	4.41	20	1
2007-12-27	0	2.82	19	3
2007-12-28	0	1	18	7
2007-12-29	0	4.11	17	6
2007-12-30	0	3.28	10	3
2007-12-31	0	4	17	5
2008-01-01	0	3.1	21	2
2008-01-02	0	1.84	10	0
2008-01-03	0	2.89	9	-3.5
2008-01-04	0	1.47	9	1.5
2008-01-05	0	4.64	18	2
2008-01-06	0	2.99	10	3
2008-01-07	0	2.87	22	5
2008-01-08	0	4.73	21	2
2008-01-09	0	3.21	22	4
2008-01-10	0	3.72	21	5
2008-01-11	0	3.2	22	5
2008-01-12	0	4.42	19	5
2008-01-13	0	1.93	18	-11
2008-01-14	0	3.7	20	1
2008-01-15	0	2.24	17	-6
2008-01-16	0	4.35	12	3
2008-01-17	0	2.54	19	8
2008-01-18	0	3.71	20	6
2008-01-19	0	1.83	19	6
2008-01-20	0	2.11	20	5
2008-01-21	0	2.85	19	1
2008-01-22	0	4.04	15	5
2008-01-23	0	4.66	22	1
2008-01-24	0	2.06	19	5
2008-01-25	0	1.1	22	3
2008-01-26	0	5.09	18	4
2008-01-27	0	3.91	22	-12
2008-01-28	0	4.74	18	3
2008-01-29	0	4	21	3
2008-01-30	0	5.26	21.5	5
2008-01-31	0	5.28	20.5	5.5
2008-02-01	0	4.53	26	4
2008-02-02	0	8.68	27	6
2008-02-03	0	6.59	26	6
2008-02-04	0	4.89	29	5
2008-02-05	0	4.97	29	7
2008-02-06	0	4.61	25	7
2008-02-07	0	5.23	22	5
2008-02-08	0	3.91	28	6
2008-02-09	1	3.77	27	6
2008-02-10	0	7.54	21	7
2008-02-11	0	4.36	22	7
2008-02-12	0	2.25	21	6
2008-02-13	0	4.03	19	6
2008-02-14	0	3.89	29	4
2008-02-15	0	4.11	30	5
2008-02-16	0	4.77	28	5
2008-02-17	0	7.66	28	6
2008-02-18	0	4.67	31	5
2008-02-19	0	4.6	30	7
2008-02-20	0	5.4	31	7
2008-02-21	0	3.67	31	8
2008-02-22	0	5.61	31	9
2008-02-23	0	5.77	29	10
2008-02-24	0	5.9	31	8
2008-02-25	0	4.67	32	5
2008-02-26	0	3.35	29	7
2008-02-27	0	6.18	29	6
2008-02-28	0	4.25	30	7
2008-02-29	0	5.15	30	6
2008-03-01	0	5.4	31	13
2008-03-02	0.01	4.02	30	9
2008-03-03	0	2.99	31	9
2008-03-04	0	6.4	29	8
2008-03-05	0	7.58	29	8
2008-03-06	0	8.87	29	9
2008-03-07	0	3.72	30	5
2008-03-08	0	3.66	29	6
2008-03-09	0	4.32	28	6
2008-03-10	0	7.31	31	4
2008-03-11	0	5.58	27	6
2008-03-12	0	5.33	29	6
2008-03-13	0	3.73	27	8
2008-03-14	0	3.28	29	7
2008-03-15	0	3.58	21	8
2008-03-16	0	5.95	32	7.5
2008-03-17	0	5.17	33	7
2008-03-18	0	6.29	33	8
2008-03-19	0	2.43	24	12
2008-03-20	0	6.01	24	8
2008-03-21	0	4.89	25	4
2008-03-22	0	5.5	26	4
2008-03-23	0	3.66	29	7
2008-03-24	0	4.91	28	5
2008-03-25	0	3.04	28	7
2008-03-26	0	6.15	31	7
2008-03-27	0	7.32	22	8
2008-03-28	0	7.96	29	10
2008-03-29	0	7.5	29	8
2008-03-30	0	5.35	30	9
2008-03-31	0	7.44	29	9
2008-04-01	0	4.65	30	8
2008-04-02	0	5.93	31	7
2008-04-03	0	3.63	30	7
2008-04-04	0	2.64	30	6
2008-04-05	0	2.01	29	6
2008-04-06	0	4.39	29	7
2008-04-07	0	3.61	31	8
2008-04-08	0	4.33	30	6
2008-04-09	0	3.63	29	7
2008-04-10	0	6.53	31	5
2008-04-11	0	1.25	30	6
2008-04-12	0	1.25	28	5
2008-04-13	0	6.54	27	7
2008-04-14	0	6.27	26	7
2008-04-15	0	6.25	28	6
2008-04-16	0	4.01	31	7
2008-04-17	0	7.46	30	7
2008-04-18	0	4.65	30	6
2008-04-19	0	4.19	29	7
2008-04-20	0	3.09	28	6
2008-04-21	0	6.07	28	7
2008-04-22	1	5.93	27	7
2008-04-23	0	4.94	28	6
2008-04-24	0	7.57	27	6
2008-04-25	0	6.9	27	7
2008-04-26	0	4.1	26	7
2008-04-27	0	5.69	26	6
2008-04-28	0	6.87	28	7
2008-04-29	0	6.08	31	7
2008-04-30	0	4.74	29	8
2008-05-01	0	5.16	31	10
2008-05-02	0	8.84	30	12
2008-05-03	0	9.36	32	14
2008-05-04	0	7.3	31	12
2008-05-05	0	5.71	30	13
2008-05-06	0	9.26	32	15
2008-05-07	0	7.48	34	13
2008-05-08	0	3.06	31	13
2008-05-09	0	6.91	30	10
2008-05-10	0	8.39	31	15
2008-05-11	0	5.27	31	15
2008-05-12	0	7.36	32	14
2008-05-13	0	5.57	30	13
2008-05-14	0	6.87	32	12
2008-05-15	0	4.49	31	13
2008-05-16	9.4	8.49	30	14
2008-05-17	3.7	6.13	29	13
2008-05-18	0	1.86	32	13
2008-05-19	0	2.21	21	16
2008-05-20	1.7	1.6	30	15
2008-05-21	0.4	2.46	30	11
2008-05-22	0	5.74	31	11
2008-05-23	0	2.79	33	13
2008-05-24	0	6.28	33	13
2008-05-25	0	7.8	33	14
2008-05-26	0	7.92	32	15
2008-05-27	0	6.11	32	15
2008-05-28	0	9.3	31	14
2008-05-29	0	5.44	32	11
2008-05-30	0	5.25	30	12
2008-05-31	0	8.08	30	13
2008-07-01	0	5.48	27	17
2008-07-02	0	5.28	26	17
2008-07-03	6.5	3.71	30	16
2008-07-04	0	1.7	27	16
2008-07-05	0	4.82	28	17
2008-07-06	5.4	4.67	29	17
2008-07-07	12.7	1.14	26	17
2008-07-08	50.2	9.93	23	17
2008-07-09	4.2	4.26	22	16
2008-07-10	0.4	5.4	24	16
2008-07-11	0.3	3.79	26	15
2008-07-12	0.01	6.02	27	14
2008-07-13	0.01	6.14	28	15
2008-07-14	0	6.83	28	16
2008-07-15	0	7.52	29	14
2008-07-16	0	6.38	27	14
2008-07-17	0	5.24	30	14
2008-07-18	0	7.11	30	12
2008-07-19	0	7.37	30	14
2008-07-20	0	4.56	26	15
2008-07-21	0	7.43	22	10
2008-07-22	0	4.42	29	11
2008-07-23	2	2.68	31	12
2008-07-24	0	5.2	31	14
2008-07-25	0.01	6.78	28	15
2008-07-26	0	2.24	27	12
2008-07-27	19	3.02	27	12
2008-07-28	0	5.2	29	11
2008-07-29	0	5.62	37	10
2008-07-30	0	3.86	30	11
2008-07-31	0	2.24	29	10
2008-08-01	0	3.9	27	11
2008-08-02	4.2	3.57	27	12
2008-08-03	0	4.47	22	12
2008-08-04	0	4.9	27	14
2008-08-05	0	1.29	30	14
2008-08-06	0	4.84	31	16
2008-08-07	0	4.69	31	15
2008-08-08	0	5.45	29	15
2008-08-09	0	8.39	28	14
2008-08-10	0	5.64	23	12
2008-08-11	0	3.05	30	12
2008-08-12	0	2.32	31	14
2008-08-13	0	4.21	30	11
2008-08-14	0	3.11	29	12
2008-08-15	0	2.51	28	13
2008-08-16	1.2	5.34	24	14
2008-08-17	0	3.15	26	13
2008-08-18	0	1.98	28	14
2008-08-19	31	2.28	27	12
2008-08-20	3	5.47	28	11
2008-08-21	0.01	1.63	27	11
2008-08-22	0	8.58	28	12
2008-08-23	0	4.42	27	12
2008-08-24	5	3.28	28	13
2008-08-25	14	1.06	27	12
2008-08-26	5	0.66	29	10
2008-08-27	0.01	0.99	28	12
2008-08-28	0	1.67	29	13
2008-08-29	0	2.15	28	12
2008-08-30	0	5.14	29	12
2008-08-31	0	2.27	29	13
2008-09-01	0	3.81	31	14
2008-09-02	0	7.81	30	14
2008-09-03	0	6.51	29	12
2008-09-04	0	3.92	29	15
2008-09-05	0	6.14	29	15
2008-09-06	0.01	5.31	27	13
2008-09-07	19.8	5.38	29	13
2008-09-08	1.5	3.03	28	12
2008-09-09	22.2	4.15	27	15
2008-09-10	0	6.2	29	15
2008-09-11	0	4.28	30	15
2008-09-12	0	4.64	31	14
2008-09-13	34.2	4.68	31	17
2008-09-14	14.2	2.45	21	15
2008-09-15	0.01	1.43	24	14
2008-09-16	0.01	2.41	23	16
2008-09-17	0	3.06	24	14
2008-09-18	1.8	6.86	24	14
2008-09-19	0	1.21	25	12
2008-09-20	0.01	3.72	25	13
2008-09-21	0.01	3.91	24	11
2008-09-22	0	2.51	25	12
2008-09-23	2.4	2.78	26	15
2008-09-24	7	0.94	24	15
2008-09-25	1	4.05	21	14
2008-09-26	0	0.92	22	13
2008-09-27	0	2.9	21	14
2008-09-28	0	4.15	22	14
2008-09-29	0	2.84	22	11
2008-09-30	0	6.29	22	10
2008-10-01	0	4.43	26	2
2008-10-02	0	4.58	23	4
2008-10-03	0	2.99	25	7
2008-10-04	0	4.81	26	8
2008-10-05	0	4.22	25	8
2008-10-06	0	1.81	21	11
2008-10-07	2.5	3.09	19	13
2008-10-08	0	0.53	24	15
2008-10-09	0	4.01	25	11
2008-10-10	0	2.07	28	10
2008-10-11	0	4.93	28	12
2008-10-12	0	3.48	30	13
2008-10-13	0	3.87	30	15
2008-10-14	0	6.14	28	12
2008-10-15	0	5.57	27	11
2008-10-16	4	3.99	25	11
2008-10-17	0.7	4.83	21	15
2008-10-18	0.01	1.02	18	15
2008-10-19	0.01	1.92	20	13
2008-10-20	0	3.48	23	12
2008-10-21	0	3.88	26	5
2008-10-22	0	4.97	23	5
2008-10-23	0	2.67	20	7
2008-10-24	0	5.81	21	8
2008-10-25	0	3.94	20	7
2008-10-26	0	5.26	20	7
2008-10-27	0	3.55	22	6
2008-10-28	0	6.85	21	7
2008-10-29	0	3.6	21	6
2008-10-30	0	5.29	22	6
2008-10-31	0	6.26	22	7
2008-11-01	0	3.91	26	8
2008-11-02	0	3.73	25	11
2008-11-03	0	3.51	22	12
2008-11-04	0	3.06	21	10
2008-11-05	0	3.19	21	8
2008-11-06	0	2.49	23	12
2008-11-07	0	5.24	24	13
2008-11-08	0	4.64	24	14
2008-11-09	0	3.53	23	13
2008-11-10	0	3.03	22	12
2008-11-11	0	3.46	20	11
2008-11-12	0	5.71	25	8
2008-11-13	0	2.7	23	8
2008-11-14	0	4.55	21	9
2008-11-15	0	3.6	22	8
2008-11-16	0	3.76	21	7
2008-11-17	0	2.76	20	8
2008-11-18	0	4.09	26	8
2008-11-19	0	3	25	10
2008-11-20	0	6.44	20	8
2008-11-21	0	2.96	27	10
2008-11-22	0	2.06	28	11
2008-11-23	0	4.56	25	9
2008-11-24	0	4.31	26	8
2008-11-25	0	3.16	28	11
2008-11-26	0	4.69	26	9
2008-11-27	0	5.5	20	8
2008-11-28	0	4.64	21	11
2008-11-29	0	3.11	22	10
2008-11-30	0	5.55	22	8
2008-12-01	0	3.21	15	5
2008-12-02	0	3.11	19	4
2008-12-03	0	3.8	20	4
2008-12-04	0	3.2	20	5
2008-12-05	0	3.88	21	6
2008-12-06	0	3.52	22	4
2008-12-07	0	1.12	20	4
2008-12-08	0	2.78	21	5
2008-12-09	0	3.49	21	4
2008-12-10	0	2.81	26	6
2008-12-11	0	2.49	26	1
2008-12-12	0	2.15	20	1
2008-12-13	0	5	21	1
2008-12-14	0	4	27	4
2008-12-15	0	3.61	29	5
2008-12-16	0	2.82	26	5
2008-12-17	0	2.63	27	6
2008-12-18	0	4.73	28	7
2008-12-19	0	2.21	26	6
2008-12-20	0	2.56	25	4
2008-12-21	0	4.39	23	5
2008-12-22	0	3.45	20	6
2008-12-23	0	2	20	7
2008-12-24	0	3.7	22	8
2008-12-25	0	4.28	23	7
2008-12-26	0	2.98	21	7
2008-12-27	0	2.34	18	5
2008-12-28	0	3.75	18	4
2008-12-29	0	3.8	19	5
2008-12-30	0	3.21	17	5
2008-12-31	0	3.72	16	4
2009-01-01	0	1.54	21	5
2009-01-02	0	4.48	20	6
2009-01-03	0	3.18	22	4
2009-01-04	0	3.02	25	7
2009-01-05	0	3.51	24	6
2009-01-06	0	3.09	23	5
2009-01-07	0	3.86	24	4
2009-01-08	0	3.24	24	6
2009-01-09	0	2.89	22	4
2009-01-10	0	2.71	21	4
2009-01-11	0	4.39	29	5
2009-01-12	0	3.4	26	4
2009-01-13	0	2.64	28	5
2009-01-14	0	2.4	29	6
2009-01-15	0	3.96	21	6
2009-01-16	0	3.11	28	6
2009-01-17	0	4.12	22	5
2009-01-18	0	2.91	25	4
2009-01-19	0	2.92	27	5
2009-01-20	0	1.77	18	4
2009-01-21	0	1.56	21	3
2009-01-22	0	4.03	20	5
2009-01-23	0	3.4	19	5
2009-01-24	0	4.21	20	4
2009-01-25	0	2.99	24	6
2009-01-26	0	2.47	25	6
2009-01-27	0	3.39	17	5
2009-01-28	0	3.14	12	4
2009-01-29	0	2.17	10	3
2009-01-30	0	1.91	9	5
2009-01-31	0	1.95	9	5
2009-02-01	0	1.44	19	7
2009-02-02	0	3.48	21	6
2009-02-03	0	2.86	23	8
2009-02-04	0	3.19	21	5
2009-02-05	0	2.73	23	6
2009-02-06	0	2.58	21	6
2009-02-07	0	3.38	26	7
2009-02-08	0	2.98	24	8
2009-02-09	0	1.59	25	6
2009-02-10	0	3.15	24	7
2009-02-11	0	2.47	28	5
2009-02-12	0	1.92	26	8
2009-02-13	0	2.51	24	8
2009-02-14	0	4.42	28	10
2009-02-15	0	3.98	21	5
2009-02-16	0	4.02	19	10
2009-02-17	0	4.27	27	10
2009-02-18	0	4.29	23	7
2009-02-19	0	4.42	25	8
2009-02-20	0	2.66	27	10
2009-02-21	2	3.63	28	7
2009-02-22	0	0.67	25	5
2009-02-23	0	2.14	23	7
2009-02-24	0	5	28	7
2009-02-25	0	3.79	22	8
2009-02-26	0	2.86	21	8
2009-02-27	0	1.17	25	8
2009-02-28	0	1.93	25	5
2009-03-01	0	1.02	26	10
2009-03-02	0	1.83	27	11
2009-03-03	0	2	24	12
2009-03-04	0	2.52	28	15
2009-03-05	0	4.16	22	13
2009-03-06	0	1.44	21	15
2009-03-07	0	1.88	27	14
2009-03-08	0	2.16	25	8
2009-03-09	0	1.86	26	9
2009-03-10	0	4.68	25	10
2009-03-11	0	2.87	28	13
2009-03-12	0	2.39	27	10
2009-03-13	0	4.59	28	9
2009-03-14	0	2.77	26	12
2009-03-15	0	3.84	27	11
2009-03-16	0	3	26	9
2009-03-17	0	3.36	27	10
2009-03-18	0	3.13	25	11
2009-03-19	0	3.41	26	13
2009-03-20	0	3.49	27	13
2009-03-21	0	3.15	28	14
2009-03-22	0	5.8	27	10
2009-03-23	0	5.62	25	9
2009-03-24	0	4.37	28	10
2009-03-25	0	5.01	25	13
2009-03-26	0	4.56	25	15
2009-03-27	0	4.16	29	14
2009-03-28	0	4.35	26	15
2009-03-29	0	3.59	23	11
2009-03-30	0	4.61	28	10
2009-03-31	0	4.89	27	15
2009-04-01	0	5.31	25	9
2009-04-02	0	4.6	21	10
2009-04-03	0	5.6	20	10
2009-04-04	0	4.72	22	9
2009-04-05	0	4.29	25	8
2009-04-06	0	4.44	24	10
2009-04-07	0	5.55	26	11
2009-04-08	0	4.29	28	7
2009-04-09	0	5.35	27	8
2009-04-10	0	6.97	28	10
2009-04-11	0	4.79	30	12
2009-04-12	0	5.26	30	8
2009-04-13	0	4.49	32	8
2009-04-14	0	4.54	30	9
2009-04-15	0	6.42	31	9
2009-04-16	0	5.24	30	8
2009-04-17	0	6.05	31	7
2009-04-18	0	5.12	30	9
2009-04-19	0	4.85	32	10
2009-04-20	0	6.06	33	9
2009-04-21	0	4.71	31	10
2009-04-22	0	5.45	30	9
2009-04-23	0	4.94	31	9
2009-04-24	0	5.66	32	10
2009-04-25	0	4.74	33	12
2009-04-26	0	5.15	30	11
2009-04-27	0	5.6	32	11
2009-04-28	0	5.67	30	10
2009-04-29	0	4.18	31	10
2009-04-30	0	5.11	30	10
2009-05-01	0	4.45	31	10
2009-05-02	0	4.7	30	9
2009-05-03	0	4.85	30	10
2009-05-04	0	4.96	31	11
2009-05-05	0	4.8	32	13
2009-05-06	0	5.96	31	12
2009-05-07	0	4.28	30	11
2009-05-08	0	5.36	32	9
2009-05-09	0	5.63	32	9
2009-05-10	0	4.69	31	7
2009-05-11	0	5.41	33	8
2009-05-12	0	6.62	33	8
2009-05-13	0	5.83	30	9
2009-05-14	0	3.99	30	10
2009-05-15	0	4.05	29	11
2009-05-16	0	4.89	28	10
2009-05-17	0	3.99	30	11
2009-05-18	0	6.03	27	9
2009-05-19	0	5.99	26	10
2009-05-20	0	7.08	29	12
2009-05-21	0	5.01	27	10
2009-05-22	0	5.09	29	8
2009-05-23	0	6	28	9
2009-05-24	0	7.15	29	7
2009-05-25	0	5.53	30	8
2009-05-26	0	4.75	31	9
2009-05-27	0	5.72	30	10
2009-05-28	0	5.56	28	11
2009-05-29	0	4.5	27	10
2009-05-30	3.5	5.28	27	9
2009-05-31	0	3.24	27	9
2009-06-01	0	5	29	9
2009-06-02	0	4.98	28	10
2009-06-03	0	5.91	29	11
2009-06-04	0	5.09	32	11
2009-06-05	0	4.18	32	9
2009-06-06	0	4.91	31	10
2009-06-07	0	5.29	30	9
2009-06-08	0	5.46	31	10
2009-06-09	0	5.23	31	9
2009-06-10	0	3.4	32	9
2009-06-11	0	8.85	32	10
2009-06-12	0	6.06	30	9
2009-06-13	0	4.74	29	7
2009-06-14	0	4.79	30	8
2009-06-15	0	5.21	30	9
2009-06-16	0	6.96	33	10
2009-06-17	0	5.86	30	12
2009-06-18	0	4.18	31	11
2009-06-19	1	4.13	33	11
2009-06-20	0	2.91	32	9
2009-06-21	0	4.6	31	10
2009-06-22	0	6.29	32	12
2009-06-23	0	5.79	31	10
2009-06-24	0	5.1	29	9
2009-06-25	0	8.91	32	8
2009-06-26	1	5.85	31	9
2009-06-27	0	5.25	29	11
2009-06-28	0	6.22	30	11
2009-06-29	10	5.91	31	10
2009-06-30	0	6.7	31	11
2009-07-01	0	2.96	29	10
2009-07-02	0	4.02	28	7
2009-07-03	0	4.01	29	7
2009-07-04	0	5.01	30	8
2009-07-05	0	4.17	29	8
2009-07-06	0	4.93	30	8
2009-07-07	0	5.88	31	7
2009-07-08	0	5.58	29	8
2009-07-09	0	4.96	28	7
2009-07-10	0	5.75	28	8
2009-07-11	0	3.39	28	8
2009-07-12	0	3.58	29	8
2009-07-13	0	3.7	29	10
2009-07-14	0	5.74	28	12
2009-07-15	0	3.91	30	12
2009-07-16	0	4.68	30	10
2009-07-17	0	3.62	30	9
2009-07-18	0	5.94	29	9
2009-07-19	0	3.44	30	8
2009-07-20	0	4.82	31	9
2009-07-21	0	4.75	29	10
2009-07-22	0	4.91	30	10
2009-07-23	0	4.04	30	11
2009-07-24	0	3.93	31	10
2009-07-25	0	4.88	31	8
2009-07-26	0	3.67	31	8
2009-07-27	0	3.58	30	9
2009-07-28	25	3.84	28	10
2009-07-29	0	3.32	31	10
2009-07-30	0	3.38	30	10
2009-07-31	0	3.06	30	9
2009-08-01	0	2.94	29	9
2009-08-02	0	4.04	30	9
2009-08-03	0	4.42	30	10
2009-08-04	0	3.76	29	12
2009-08-05	0	4.23	28	10
2009-08-06	0	4.31	27	11
2009-08-07	0	3.87	25	11
2009-08-08	0	2.89	29	9
2009-08-09	0	4.64	30	9
2009-08-10	0	5.01	30	10
2009-08-11	0	4.45	29	10
2009-08-12	0	5.6	27	13
2009-08-13	0.01	3.87	28	12
2009-08-14	0	4.68	29	10
2009-08-15	0	5.38	30	9
2009-08-16	0	4.81	30	9
2009-08-17	0	3.71	29	10
2009-08-18	0	2.99	31	11
2009-08-19	0	3.67	30	13
2009-08-20	0	4.1	29	9
2009-08-21	0	5.01	30	11
2009-08-22	0	4.86	29	12
2009-08-23	0	5.64	28	10
2009-08-24	0	5.81	29	9
2009-08-25	0	4.5	30	13
2009-08-26	0	3.91	28	12
2009-08-27	0	4.45	27	13
2009-08-28	0.01	5.1	28	12
2009-08-29	0.01	5.6	27	12
2009-08-30	0.01	4.3	25	9
2009-08-31	0	3.97	25	8
2009-09-01	0	6.26	26	10
2009-09-02	0	5.85	26	11
2009-09-03	0	5.87	28	12
2009-09-04	1.2	2.52	26	13
2009-09-05	1.6	1.47	26	13
2009-09-06	0	3.82	25	13
2009-09-07	0	3.61	27	12
2009-09-08	0	4.95	30	12
2009-09-09	0	6.54	29	13
2009-09-10	0	3.76	26	13
2009-09-11	21	6.8	30	12
2009-09-12	0	6.15	29	12
2009-09-13	17.5	5.58	30	11
2009-09-14	18	4.42	27	11
2009-09-15	0	13	23	12
2009-09-16	0	4.13	26	12
2009-09-17	0	4.94	26	8
2009-09-18	0	2.2	25	8
2009-09-19	0	6.9	27	12
2009-09-20	0	4.9	26	9
2009-09-21	0	6.83	28	9
2009-09-22	1.5	2.02	28	9
2009-09-23	1	0.45	26	11
2009-09-24	1.2	1.68	20	12
2009-09-25	4.5	3.53	23	12
2009-09-26	11.2	0.97	22	12
2009-09-27	0	2.22	25	12
2009-09-28	0	3.78	28	12
2009-09-29	0	4.3	27	11
2009-09-30	0	5.25	27	11
2009-10-01	0	3.75	27	10
2009-10-02	0	6.84	32	10
2009-10-03	0	5.21	33	9
2009-10-04	0	3.5	34	11
2009-10-05	0	9.05	34	12
2009-10-06	0	5.19	32	8
2009-10-07	0	4.85	30	10
2009-10-08	50.5	1.71	32	12
2009-10-09	0	10.56	29	12
2009-10-10	0	3.5	27	11
2009-10-11	0	2.7	28	11
2009-10-12	0	4.35	31	10
2009-10-13	0	4.99	31	11
2009-10-14	0	5.57	29	11
2009-10-15	0	3.31	32	10
2009-10-16	0	6.5	27	10
2009-10-17	7	0.43	17	10
2009-10-18	0.3	2.31	14	9
2009-10-19	0	2.68	22	7
2009-10-20	0	4.86	27	9
2009-10-21	0	1.6	28	9
2009-10-22	0	4.53	30	9
2009-10-23	1	3.17	27	9
2009-10-24	13	4.08	25	10
2009-10-25	0	1.3	26	10
2009-10-26	1.3	3.42	35	10
2009-10-27	1.4	0.4	26	10
2009-10-28	0	2.42	25	11
2009-10-29	0	1.73	27	11
2009-10-30	0	3.62	27	11
2009-10-31	0	2.17	27	10
2009-11-01	0	2.73	25	4
2009-11-02	0	4.13	26	3
2009-11-03	0	4.32	23	1
2009-11-04	0	2.14	18	5
2009-11-05	0	2.21	15	8
2009-11-06	0	1.59	18	4
2009-11-07	0	2.46	24	5
2009-11-08	0	3.5	29	8
2009-11-09	0	4.57	25	6
2009-11-10	1.5	1.53	18	5
2009-11-11	0	2.4	20	7
2009-11-12	0	1.6	27	3
2009-11-13	0	0.25	29	3
2009-11-14	0	5.45	31	4
2009-11-15	0	2.94	31	5
2009-11-16	0	2.52	24	5
2009-11-17	0	3.36	28	6
2009-11-18	0	3.59	31	3
2009-11-19	0	2.2	31	5
2009-11-20	0	3.55	34	7
2009-11-21	0	4.25	29	9
2009-11-22	0	1.55	32	9
2009-11-23	0	3.42	31	8
2009-11-24	0	4.5	32	5
2009-11-25	0	0.6	21	5
2009-11-26	0	4.06	20	5
2009-11-27	0	3.07	25	6
2009-11-28	0	4.72	28	7
2009-11-29	0	2.68	30	6
2009-11-30	0	4.73	33	7
2009-12-01	0	2.44	26	8
2009-12-02	0	6.23	32	8
2009-12-03	0	3.07	29	5
2009-12-04	1.5	1.4	29	6
2009-12-05	0	3.64	26	5
2009-12-06	0	4.29	30	7
2009-12-07	0	2.93	30	6
2009-12-08	0	4.34	28	8
2009-12-09	0	4.7	34	7
2009-12-10	0	3.52	33	6
2009-12-11	0	3.88	34	5
2009-12-12	0	5.75	34	6
2009-12-13	0	4.05	32	6
2009-12-14	0	3.9	30	4
2009-12-15	0	3.25	19	5
2009-12-16	7.2	1.73	25	5
2009-12-17	0	1.44	20	5
2009-12-18	0	3.88	22	2
2009-12-19	0	1.69	19	3
2009-12-20	0	2.55	29	4
2009-12-21	0	2.48	28	3
2009-12-22	0	4.38	25	2
2009-12-23	0	4.55	30	2
2009-12-24	0	2.9	26	3
2009-12-25	0	4.4	25	2
2009-12-26	0	4.63	28	3
2009-12-27	0	3.84	24	4
2009-12-28	0	4.28	28	2
2009-12-29	0	3.88	28	2
2009-12-30	0	4.27	24	5
2009-12-31	0	0.47	25	5
2010-01-01	0	3.18	29	6
2010-01-02	0	2.5	24	10
2010-01-03	0	2.7	24	18
2010-01-04	0	2.08	23	17
2010-01-05	0	2.74	22	16
2010-01-06	0	1.43	22	17
2010-01-07	0	1.99	21	19
2010-01-08	0	0.53	20	18
2010-01-09	0	2.32	20	15
2010-01-10	0	2.33	19	17
2010-01-11	0	1.88	22	16
2010-01-12	0	2.03	20	16
2010-01-13	0	3.64	20	14
2010-01-14	0	3.21	18	14
2010-01-15	0	5.2	21	16
2010-01-16	0	3.41	22	17
2010-01-17	0	2.14	23	18
2010-01-18	0	4.29	24	20
2010-01-19	0	2.65	23	18
2010-01-20	0	4.54	23	18
2010-01-21	0	2.97	22	19
2010-01-22	0	3.8	21	18
2010-01-23	0	3.13	19	17
2010-01-24	0	4.67	21	17
2010-01-25	0	3.89	22	18
2010-01-26	0	5.25	22	17
2010-01-27	0	4.11	23	19
2010-01-28	0	4.6	22	18
2010-01-29	0	4.58	22	19
2010-01-30	0	2.54	22	19
2010-01-31	0	4.74	22	17
2010-02-01	0	2.59	21	18
2010-02-02	0	3.36	22	19
2010-02-03	0	4.09	23	18
2010-02-04	0	3.54	22	19
2010-02-05	0	2.87	22	19
2010-02-06	0	3.6	24	18
2010-02-07	0	2.9	22	20
2010-02-08	0	3.44	20	19
2010-02-09	0	3.62	19	17
2010-02-10	0	5.58	20	18
2010-02-11	0	4.95	20	18
2010-02-12	0	3.03	19	17
2010-02-13	0	4.98	19	17
2010-02-14	0	1.82	21	17
2010-02-15	0	3.67	22	18
2010-02-16	0	4.31	21	19
2010-02-17	0	1.64	23	19
2010-02-18	0	4.06	24	19
2010-02-19	0	3.22	23	21
2010-02-20	0	6.88	22	21
2010-02-21	0	2.88	21	19
2010-02-22	0	3.06	22	19
2010-02-23	0	4.5	23	19
2010-02-24	0	3.98	22	19
2010-02-25	0	2.87	21	20
2010-02-26	0	3.61	21	19
2010-02-27	0	3.44	20	17
2010-02-28	0	2.82	20	17
2010-03-01	0	2.64	21	17
2010-03-02	0	4.33	22	18
2010-03-03	0	2.91	24	19
2010-03-04	0	3.75	24	18
2010-03-05	0	5.05	23	21
2010-03-06	0	2.95	25	20
2010-03-07	0	3.7	29	21
2010-03-08	0	2.48	27	19
2010-03-09	0	3.5	26	20
2010-03-10	0	3	25	21
2010-03-11	0	4.32	24	19
2010-03-12	0	3.2	24	19
2010-03-13	0	2.9	23	18
2010-03-14	0	2.7	24	19
2010-03-15	0	2.3	24	19
2010-03-16	0	4.55	26	19
2010-03-17	0	3.52	25	19
2010-03-18	0	4.75	27	18
2010-03-19	0	5.02	26	18
2010-03-20	0	6.07	24	19
2010-03-21	0	4.87	23	19
2010-03-22	0	5.01	24	20
2010-03-23	0	4.07	23	21
2010-03-24	0	6.05	24	20
2010-03-25	0	6.17	26	21
2010-03-26	0	5.81	24	19
2010-03-27	0	4.59	25	19
2010-03-28	0	5.18	24	20
2010-03-29	0	6.37	26	20
2010-03-30	0	6.02	27	19
2010-03-31	0	5.11	27	19
2010-04-01	0	4.71	28	19
2010-04-02	0	5.18	28	20
2010-04-03	0	6.21	29	22
2010-04-04	0	7.19	27	18
2010-04-05	0	6.17	28	19
2010-04-06	0	7.27	26	19
2010-04-07	0	6.48	24	18
2010-04-08	2	6.19	29	20
2010-04-09	0	7.11	27	19
2010-04-10	0	5.81	26	19
2010-04-11	1	6.19	27	18
2010-04-12	2	5.35	27	19
2010-04-13	0	6.87	29	19
2010-04-14	0	6.21	30	19
2010-04-15	3	7.9	27	18
2010-04-16	5	9.1	28	19
2010-04-17	0	8.41	27	20
2010-04-18	0	8.37	28	21
2010-04-19	0	4.13	27	20
2010-04-20	0	4.65	29	20
2010-04-21	0	6.63	29	19
2010-04-22	0	6.18	30	19
2010-04-23	0	5.49	27	18
2010-04-24	0	5.78	26	18
2010-04-25	0	6.17	26	19
2010-04-26	0	7.25	25	20
2010-04-27	0	8.13	25	21
2010-04-28	0	7.19	28	21
2010-04-29	0	6.17	27	21
2010-04-30	0	6.21	28	19
2010-05-01	0	3.98	25	17
2010-05-02	0	4.97	26	15
2010-05-03	0	1.92	23	18
2010-05-04	0	3.07	25	17
2010-05-05	0	2.94	27	16
2010-05-06	0	4.72	27	13
2010-05-07	0	4.28	25	14
2010-05-08	0	3.5	26	10
2010-05-09	0	4.86	28	11
2010-05-10	0	6.38	29	11
2010-05-11	0	6.88	28	12
2010-05-12	0	5.58	27	10
2010-05-13	0	4.06	29	12
2010-05-14	0	3.44	27	13
2010-05-15	0	4.46	30	13
2010-05-16	0	4.24	30	12
2010-05-17	0	2.96	28	12
2010-05-18	0	4.1	29	13
2010-05-19	0	3.87	25	14
2010-05-20	0	4.49	27	15
2010-05-21	0	3.15	28	15
2010-05-22	0	1.95	30	14
2010-05-23	0	3.01	28	13
2010-05-24	0	3.89	29	12
2010-05-25	0	3.93	28	10
2010-05-26	0	4.03	26	8
2010-05-27	0	3.76	27	10
2010-05-28	0	3.4	30	12
2010-05-29	0	3.9	28	12
2010-05-30	0	2.72	29	10
2010-05-31	0	2.91	29	12
2010-06-01	0	4.28	29	12
2010-06-02	0	3.54	30	10
2010-06-03	0	4.26	27	13
2010-06-04	0	4.52	29	13
2010-06-05	0	3.89	29	12
2010-06-06	0	4.37	30	14
2010-06-07	0	5.61	29	12
2010-06-08	0	6.17	27	13
2010-06-09	0	5.25	29	14
2010-06-10	0	4.76	28	12
2010-06-11	0	6.81	27	13
2010-06-12	0	6.32	28	13
2010-06-13	0	5.36	29	14
2010-06-14	0	4.56	19	15
2010-06-15	0	4.24	28	15
2010-06-16	0	3.19	25	14
2010-06-17	0	3.76	26	14
2010-06-18	0	3.6	28	13
2010-06-19	0	4.8	30	13
2010-06-20	0.01	3.6	29	12
2010-06-21	0	3.68	29	13
2010-06-22	0	5.32	30	13
2010-06-23	0	4.7	29	10
2010-06-24	0	3.9	27	12
2010-06-25	0	5.49	28	16
2010-06-26	0	5.15	29	15
2010-06-27	0	2.79	28	14
2010-06-28	0.01	3.24	30	14
2010-06-29	0	4.75	30	13
2010-06-30	0	4.91	30	14
2010-07-01	3.4	5.78	26	13
2010-07-02	0	2.25	28	13
2010-07-03	0	6.19	27	13
2010-07-04	0	4.56	28	13
2010-07-05	0	5.1	29	12
2010-07-06	0	3.85	30	10
2010-07-07	0	5.9	31	11
2010-07-08	0	4.4	29	12
2010-07-09	0	5.6	27	11
2010-07-10	1.5	8.1	26	12
2010-07-11	0	7.2	26	13
2010-07-12	0	6.25	28	10
2010-07-13	0	5.25	26	11
2010-07-14	0	3.2	30	10
2010-07-15	0	8.41	30	10
2010-07-16	0	5.85	29	10
2010-07-17	0	6.73	28	11
2010-07-18	0	4.37	30	10
2010-07-19	0	5	31	10
2010-07-20	0	4.07	32	9
2010-07-21	0	3.81	30	9
2010-07-22	0	5.39	29	10
2010-07-23	0	5.13	30	13
2010-07-24	0	3.69	28	11
2010-07-25	0	6.18	30	9
2010-07-26	0	6.03	31	10
2010-07-27	0	8.9	29	11
2010-07-28	10	5.54	29	9
2010-07-29	0	7.06	30	11
2010-07-30	0	5.55	32	11
2010-07-31	0	4.21	32	9
2010-08-01	0	10.3	29	10
2010-08-02	0	9.47	27	11
2010-08-03	0	6.33	29	11
2010-08-04	0	7.93	29	10
2010-08-05	0	7.27	29	10
2010-08-06	0	7.65	29	9
2010-08-07	0	8.75	30	9
2010-08-08	1	8.8	29	10
2010-08-09	10	5.75	30	11
2010-08-10	0	5.13	28	12
2010-08-11	0	8.14	28	9
2010-08-12	0	8.53	29	9
2010-08-13	0	4.8	27	9
2010-08-14	0	7.78	28	11
2010-08-15	0	7.9	32	11
2010-08-16	0	4.32	31	9
2010-08-17	0	6.87	32	9
2010-08-18	0	4.47	29	10
2010-08-19	5	6.19	25	12
2010-08-20	3	5.81	32	14
2010-08-21	4	5.55	32	12
2010-08-22	0	6.82	29	9
2010-08-23	0	8.71	29	7
2010-08-24	0	6.02	29	8
2010-08-25	0	6.24	29	10
2010-08-26	0	5.41	29	9
2010-08-27	0	6.36	29	7
2010-08-28	0.4	5.32	24	7
2010-08-29	20	5.92	27	11
2010-08-30	1	6.19	26	11
2010-08-31	0	4.33	18	7
2010-09-01	0	7.91	26	12
2010-09-02	0	5.44	27	12
2010-09-03	0	6.46	27	12
2010-09-04	0	6.53	29	13
2010-09-05	1	7.63	27	13
2010-09-06	2	6.29	27	13
2010-09-07	0	5.56	26	14
2010-09-08	0	5.14	28	14
2010-09-09	0	6.2	31	12
2010-09-10	0	5.32	30	13
2010-09-11	0	5.44	27	11
2010-09-12	18	4.93	31	11
2010-09-13	11	5.3	30	11
2010-09-14	18	5.6	30	11
2010-09-15	14	5.41	30	11
2010-09-16	1	5.6	28	12
2010-09-17	0	5.16	27	12
2010-09-18	0	4.22	27	7
2010-09-19	0	4.23	27	9
2010-09-20	0	4.63	26	13
2010-09-21	0	4.48	29	10
2010-09-22	0	5.34	29	10
2010-09-23	1	4.36	29	11
2010-09-24	1.2	5.82	20	10
2010-09-25	1.1	5.15	24	10
2010-09-26	6.6	6.56	24	11
2010-09-27	14	3.04	23	11
2010-09-28	0	3.17	29	12
2010-09-29	0	7.34	28	12
2010-09-30	0	4.44	28	12
2010-10-01	0	3.75	28	9
2010-10-02	0	6.83	33	11
2010-10-03	0	6.22	31	12
2010-10-04	0	2.5	30	13
2010-10-05	0	1.22	29	10
2010-10-06	0	5.19	30	12
2010-10-07	0	5.35	30	11
2010-10-08	50	5.45	33	9
2010-10-09	0	6	30	10
2010-10-10	0	5.02	29	13
2010-10-11	0	2.99	30	11
2010-10-12	0	6.04	29	10
2010-10-13	0	5.04	30	8
2010-10-14	0	5.87	28	9
2010-10-15	0	4.07	27	10
2010-10-16	0	3.97	26	9
2010-10-17	0	4.81	28	9
2010-10-18	0.3	3.51	30	10
2010-10-19	0	5.94	28	11
2010-10-20	0	6.09	24	10
2010-10-21	0	4.78	26	11
2010-10-22	0	5	28	11
2010-10-23	0	5.16	28	10
2010-10-24	0	3.7	20	10
2010-10-25	0	6.11	29	11
2010-10-26	1	4.1	30	8
2010-10-27	0	6.82	31	9
2010-10-28	0	3.87	32	13
2010-10-29	0	6.18	29	9
2010-10-30	0	4.98	29	11
2010-10-31	0	5.99	29	10
2010-11-01	0	2.73	26	4
2010-11-02	0	4.13	27	3
2010-11-03	0	5.32	23	2
2010-11-04	0	1.14	19	6
2010-11-05	0	2.21	19	5
2010-11-06	0	2.59	20	6
2010-11-07	0	2.41	25	9
2010-11-08	0	2.59	27	7
2010-11-09	1.5	5.25	28	8
2010-11-10	0	5.3	29	8
2010-11-11	0	4.11	28	4
2010-11-12	0	3.04	29	5
2010-11-13	0	2.94	31	9
2010-11-14	0	3.52	30	10
2010-11-15	0	3.36	32	10
2010-11-16	0	3.79	30	10
2010-11-17	0	1.2	29	9
2010-11-18	0	2.97	27	10
2010-11-19	0	2.83	28	8
2010-11-20	0	2.97	26	8
2010-11-21	0	4.5	29	11
2010-11-22	0	4.61	29	10
2010-11-23	0	3.12	31	10
2010-11-24	0	4.12	30	12
2010-11-25	0	3.28	28	12
2010-11-26	0	4.77	28	11
2010-11-27	0	6.28	27	8
2010-11-28	0	6.96	29	9
2010-11-29	0	4.75	30	10
2010-11-30	0	4.2	30	10
2010-12-01	0	3.93	26	10
2010-12-02	0	3.81	33	10
2010-12-03	0	3.63	30	6
2010-12-04	0	4.42	30	6
2010-12-05	0	4.2	27	6
2010-12-06	0	4.96	27	6
2010-12-07	0	4.8	30	9
2010-12-08	0	4.84	29	9
2010-12-09	0	5.69	29	9
2010-12-10	0	5.86	27	8
2010-12-11	0	3.93	31	7
2010-12-12	0	5.98	30	7
2010-12-13	0	3.97	28	7
2010-12-14	0	4.11	29	6
2010-12-15	0	3.65	29	6
2010-12-16	0	2.07	29	6
2010-12-17	0	3.41	25	6
2010-12-18	0	4.69	25	5
2010-12-19	0	5.42	25	5
2010-12-20	0	3.68	21	4
2010-12-21	0	5.75	21	3
2010-12-22	0	4.69	21	3
2010-12-23	0	4.44	22	3
2010-12-24	0	4.56	23	5
2010-12-25	0	2.49	23	3
2010-12-26	0	4.59	20	5
2010-12-27	0	5.32	20	4
2010-12-28	0	5.15	20	2
2010-12-29	0	4.9	20	3
2010-12-30	0	5.49	20	5
2010-12-31	0	4.38	21	6
2012-05-04	0	3.11	23	5
2012-05-05	0	3.67	24	4
2012-05-06	0	4.65	26	6
2012-05-07	0	5.75	28	7
2012-05-08	0	3.51	25	10
2012-05-09	0	4.61	23	9
2012-05-10	0	5.1	23	5
2012-05-11	0	2.75	24	8
2012-05-12	0	4.19	27	9
2012-05-13	0	6.45	22	10
2012-05-14	0	6.01	23	10
2012-05-15	0	3.42	22	8
2012-05-16	0	4.16	24	7
2012-05-17	0	4.02	26	8
2012-05-18	0	2.5	25	7
2012-05-19	0	3.44	25	5
2012-05-20	0	3.45	29	10
2012-05-21	0	2.6	29	9
2012-05-22	0	3.1	30	8
2012-05-23	0	3.48	27	7
2012-05-24	0	4.1	24	5
2012-05-25	0	4.21	25	6
2012-05-26	0	5.1	27	7
2012-05-27	0	5.12	28	8
2012-05-28	0	4.62	28	7
2012-05-29	0	4.33	25	7
2012-05-30	0	5.67	26	8
2012-05-31	0	6.23	26	10
2012-06-01	0	6.51	29	9
2012-06-02	2	5.15	30	10
2012-06-03	0	4.33	31	10
2012-06-04	0	5.21	28	11
2012-06-05	0	5.02	25	12
2012-06-06	0	4.75	27	11
2012-06-07	0	5.25	29	13
2012-06-08	0	4.66	30	10
2012-06-09	0	6.32	32	10
2012-06-10	0	5.77	21	9
2012-06-11	0	4.12	30	8
2012-06-12	0	4.25	29	9
2012-06-13	0	3.55	29	11
2012-06-14	0	3.51	30	10
2012-06-15	0	3.75	29	9
2012-06-16	0	4.55	31	12
2012-06-17	0	3.77	30	10
2012-06-18	0	6.68	25	8
2012-06-19	0	5.45	24	9
2012-06-20	0	4.56	27	9
2012-06-21	0	4.33	28	10
2012-06-22	0	3.67	28	8
2012-06-23	0	3.52	26	8
2012-06-24	0	3.66	29	10
2012-06-25	0	3.26	30	9
2012-06-26	0	3.55	31	10
2012-06-27	0	4.02	27	12
2012-06-28	0	3.5	28	11
2012-06-29	0	4.36	27	10
2012-06-30	0	4.33	27	11
2012-07-01	0	3.66	28	8
2012-07-02	0	3.6	27	10
2012-07-03	0	2.56	29	12
2012-07-04	0	3.8	29	10
2012-07-05	5	4.58	30	11
2012-07-06	0	3.58	29	8
2012-07-07	0	4.56	28	7
2012-07-08	0	3.56	27	8
2012-07-09	0	4.85	25	8
2012-07-10	0	4.89	26	8
2012-07-11	0	2.96	29	10
2012-07-12	0	3.78	27	10
2012-07-13	0	4.23	25	12
2012-07-14	0	4.58	23	9
2012-07-15	0	4.56	24	10
2012-07-16	0	3.59	23	10
2012-07-17	0	3.58	24	8
2012-07-18	0	2.5	23	7
2012-07-19	4	3	20	8
2012-07-20	0	3.58	22	6
2012-07-21	0	4.89	21	7
2012-07-22	0	4.65	22	9
2012-07-23	0	3.8	23	8
2012-07-24	0	3.52	29	8
2012-07-25	0	3.75	25	7
2012-07-26	0	2.89	23	8
2012-07-27	0	3.89	20	10
2012-07-28	0	3.56	22	10
2012-07-29	0	3.85	23	11
2012-07-30	0	4.59	24	11
2012-07-31	0	3.45	24	10
2012-08-01	0	4.5	22	9
2012-08-02	0	5.1	25	7
2012-08-03	0	5.55	25	6
2012-08-04	0	4.57	26	6
2012-08-05	0	4.56	24	5
2012-08-06	0	2.92	23	5
2012-08-07	0	4.75	22	6
2012-08-08	2	4.79	22	7
2012-08-09	10	2.36	18	6
2012-08-10	0	2.7	15	5
2012-08-11	0	4.5	19	4
2012-08-12	0	5	18	7
2012-08-13	0	3.75	19	7
2012-08-14	0	3.78	25	8
2012-08-15	0	4.68	27	10
2012-08-16	0	3.59	29	9
2012-08-17	2	4.15	25	8
2012-08-18	20	2.43	23	6
2012-08-19	5	9.83	22	7
2012-08-20	4	4.18	28	6
2012-08-21	0	3.58	24	7
2012-08-22	0	2.75	25	6
2012-08-23	3	4.59	24	8
2012-08-24	0	2.37	27	7
2012-08-25	0	4.56	28	7
2012-08-26	0	5.2	27	8
2012-08-27	0	5.95	29	8
2012-08-28	0	4.79	30	10
2012-08-29	0	6	30	9
2012-08-30	0	5.8	29	10
2012-08-31	0	5.37	29	11
2012-09-01	3	6	27	8
2012-09-02	0	5.78	28	7
2012-09-03	0	6.02	30	5
2012-09-04	0	5.19	31	8
2012-09-05	0	5.32	28	3
2012-09-06	0	6.25	30	6
2012-09-07	10	3.43	30	7
2012-09-08	0	4.84	30	9
2012-09-09	0.01	2.66	29	8
2012-09-10	0	5.15	28	5
2012-09-11	0	4.75	29	6
2012-09-12	12	4.52	25	7
2012-09-13	0	2.01	24	5
2012-09-14	0	2.56	25	4
2012-09-15	0	4.5	24	5
2012-09-16	1.5	3.99	23	5
2012-09-17	0	3.15	21	4
2012-09-18	0	4.75	23	4
2012-09-19	0	4.21	22	5
2012-09-20	0	4.75	23	4
2012-09-21	0	3.9	21	4
2012-09-22	0	5.2	21	5
2012-09-23	1	3.51	20	4
2012-09-24	0	5.58	22	4
2012-09-25	0	3.05	25	5
2012-09-26	0	3.07	27	7
2012-09-27	0	3.49	30	6
2012-09-28	2	4.14	31	6
2012-09-29	0	3.86	29	9
2012-09-30	0	2.9	29	8
2013-04-01	0	4.59	29	8
2013-04-02	0	4.79	27	7
2013-04-03	0	2.75	28	8
2013-04-04	0	3.8	30	7
2013-04-05	0	3.96	29	7
2013-04-06	0	3.31	28	8
2013-04-07	0.01	2.88	27	7
2013-04-08	0	3.2	32	8
2013-04-09	0	3.51	29	9
2013-04-10	0	2.49	30	9
2013-04-11	0	3.5	31	10
2013-04-12	0	4	30	12
2013-04-13	0	3.34	32	13
2013-04-14	0	4.16	31	14
2013-04-15	0	3.5	30	14
2013-04-16	0	5.08	30	15
2013-04-17	0	4.51	31	12
2013-04-18	0	4.74	32	13
2013-04-19	0	4.22	30	12
2013-04-20	0	3.31	31	10
2013-04-21	0	3.71	30	10
2013-04-22	0	2.74	29	10
2013-04-23	0.01	4.25	30	9
2013-04-24	1	3.7	28	8
2013-04-25	0	3.12	29	10
2013-04-26	0	4.56	31	11
2013-04-27	0	4.23	30	12
2013-04-28	0	4.1	30	11
2013-04-29	0	4.75	29	12
2013-04-30	0	4.33	29	13
2013-05-01	0	4.34	30	10
2013-05-02	0	3.82	29	10
2013-05-03	0	2.6	30	11
2013-05-04	0	2.65	31	10
2013-05-05	0	2.15	30	12
2013-05-06	0	2.13	29	11
2013-05-07	0	2.97	28	10
2013-05-08	0	4.89	27	12
2013-05-09	0	2.86	26	11
2013-05-10	0	2.35	25	12
2013-05-11	0	2.54	23	10
2013-05-12	7	3.37	22	11
2013-05-13	1.5	0.92	21	11
2013-05-14	2	1.05	25	9
2013-05-15	2.3	1.71	28	8
2013-05-16	0	3.7	30	7
2013-05-17	0.01	6.61	31	8
2013-05-18	0	5.93	30	8
2013-05-19	0.01	6.82	30	7
2013-05-20	0	2.6	29	10
2013-05-21	0	4.94	38	9
2013-05-22	0	6.21	34	11
2013-05-23	0	11.31	32	10
2013-05-24	0	7.85	30	12
2013-05-25	0	8.97	29	13
2013-05-26	0	6.02	30	14
2013-05-27	0	5.54	29	15
2013-05-28	0	4.86	30	13
2013-05-29	0	7.91	33	12
2013-05-30	0	6.26	30	11
2013-05-31	0	5.2	30	10
2013-06-01	0	5.96	30	10
2013-06-02	1.3	5.99	31	12
2013-06-03	0	6.12	30	13
2013-06-04	0	6.2	32	9
2013-06-05	0	7.42	32	8
2013-06-06	0	6.42	34	8
2013-06-07	0	9.09	30	7
2013-06-08	0.01	5.03	33	8
2013-06-09	19	4.86	32	7
2013-06-10	0	9.86	25	7
2013-06-11	0	2.96	31	11
2013-06-12	0	2.67	30	15
2013-06-13	0	6.4	29	13
2013-06-14	0	2.52	29	14
2013-06-15	0	3	28	13
2013-06-16	0	7.07	29	13
2013-06-17	0	6.75	31	8
2013-06-18	0	6.98	29	8
2013-06-19	13	8.81	28	11
2013-06-20	3	9.52	20	10
2013-06-21	1	1.22	21	8
2013-06-22	0	0.94	27	11
2013-06-23	0	3.94	28	13
2013-06-24	0	5.21	28	13
2013-06-25	0	3.49	29	13
2013-06-26	0	3.42	30	15
2013-06-27	0	4	31	14
2013-06-28	0	5.17	31	13
2013-06-29	0	5.04	30	15
2013-06-30	0	3.14	30	15
2013-07-01	0	2.82	31	10
2013-07-02	0	3.25	32	12
2013-07-03	0	3.65	31	13
2013-07-04	0	3.44	32	15
2013-07-05	0	2.64	33	10
2013-07-06	0	4.24	35	10
2013-07-07	0	3.62	31	10
2013-07-08	0	4.8	34	12
2013-07-09	0	4.57	33	15
2013-07-10	0	5.04	26	13
2013-07-11	0	2.47	32	10
2013-07-12	0	5.35	31	11
2013-07-13	0	6.14	30	12
2013-07-14	0	4.98	30	13
2013-07-15	0	5.14	29	13
2013-07-16	0	3.76	30	12
2013-07-17	0	5.1	31	10
2013-07-18	0	6.12	32	13
2013-07-19	10	5.88	30	12
2013-07-20	0	2.92	33	8
2013-07-21	0	4.92	34	10
2013-07-22	0	5.54	33	12
2013-07-23	0	5.06	31	13
2013-07-24	0	6.59	30	15
2013-07-25	0	3.93	31	15
2013-07-26	0	4.88	30	16
2013-07-27	0	5.5	31	15
2013-07-28	0	4.82	31	10
2013-07-29	0	4.36	30	13
2013-07-30	0	3.83	31	14
2013-07-31	0	3.07	31	13
2013-08-01	0	4.96	30	14
2013-08-02	0	5.25	31	13
2013-08-03	0	5.52	28	13
2013-08-04	0	5.02	29	13
2013-08-05	0	4.98	30	12
2013-08-06	0	4.57	30	11
2013-08-07	0	4.34	28	11
2013-08-08	0	5.12	28	10
2013-08-09	0	4.36	30	11
2013-08-10	0	5	31	10
2013-08-11	0	5.46	30	9
2013-08-12	0	4.92	31	9
2013-08-13	0	4.71	28	7
2013-08-14	0	6.1	27	8
2013-08-15	0	4.81	29	7
2013-08-16	0	4.75	29	8
2013-08-17	0	5.48	30	8
2013-08-18	0	4.81	29	9
2013-08-19	0	5.16	29	9
2013-08-20	2	4.28	29	7
2013-08-21	5	3.15	28	7
2013-08-22	0	1.56	27	8
2013-08-23	0	3.21	27	7
2013-08-24	0	3.91	28	7
2013-08-25	0	4.59	29	6
2013-08-26	0	5.13	30	7
2013-08-27	0	4.88	30	7
2013-08-28	0	4.52	30	8
2013-08-29	0	3.93	29	8
2013-08-30	0	4.86	29	8
2013-08-31	0	4.86	29	7
2013-09-01	0	5.16	20	9
2013-09-02	2	2.12	20	10
2013-09-03	7	1.23	19	9
2013-09-04	7	2.67	17	10
2013-09-05	12	2	13	11
2013-09-06	21	1.4	13	9
2013-09-07	1	2.18	21	7
2013-09-08	0	5.44	24	11
2013-09-09	0.01	3.48	30	14
2013-09-10	2	2.41	31	11
2013-09-11	1	2.25	29	12
2013-09-12	6	0.3	23	14
2013-09-13	2	1.8	24	9
2013-09-14	7	1.66	21	10
2013-09-15	5	5.66	21	9
2013-09-16	3	1.17	20	9
2013-09-17	0	0.19	21	8
2013-09-18	0	4.84	20	8
2013-09-19	0.01	3.58	21	9
2013-09-20	0	4.51	22	10
2013-09-21	0	3.78	23	11
2013-09-22	0	4.85	25	11
2013-09-23	0	4.83	23	13
2013-09-24	3	4.66	21	15
2013-09-25	0	1.79	23	11
2013-09-26	8	2.55	25	13
2013-09-27	0	5.55	24	14
2013-09-28	0	3.88	24	14
2013-09-29	0	4.11	23	13
2013-09-30	0	4.86	23	12
2013-10-01	0	5.15	25	12
2013-10-02	0	4.18	23	12
2013-10-03	0	2.7	24	13
2013-10-04	0	3.35	24	13
2013-10-05	0	4.99	22	12
2013-10-06	0	4.32	21	10
2013-10-07	0	4.81	24	10
2013-10-08	0	3.75	21	12
2013-10-09	0	4.26	24	10
2013-10-10	0	3.77	23	10
2013-10-11	0	4.12	24	7
2013-10-12	0	3.78	25	8
2013-10-13	0	4.56	23	9
2013-10-14	0	5.1	24	7
2013-10-15	0	5.13	25	8
2013-10-16	0	4.49	27	9
2013-10-17	0	5.1	26	9
2013-10-18	0	3.89	25	8
2013-10-19	0	5.47	23	7
2013-10-20	4	5.12	22	7
2013-10-21	2	1.45	23	8
2013-10-22	1	3.01	22	7
2013-10-23	0.01	2.13	23	8
2013-10-24	0	5.14	24	7
2013-10-25	0	4.8	23	8
2013-10-26	0	4.75	24	10
2013-10-27	0	4.68	24	11
2013-10-28	0	5.2	25	10
2013-10-29	0	4.61	26	10
2013-10-30	3	5.6	26	11
2013-10-31	0	0.89	26	12
2013-11-01	1	1	20	8
2013-11-02	0	1	21	7
2013-11-03	0	3.55	23	9
2013-11-04	0	5.03	24	10
2013-11-05	0	4.07	26	8
2013-11-06	0	1.66	25	9
2013-11-07	0	4.4	23	9
2013-11-08	0	2.94	22	8
2013-11-09	0	2.94	23	7
2013-11-10	0	2.96	22	8
2013-11-11	0	2.87	24	8
2013-11-12	2	3.5	23	7
2013-11-13	0.5	3.9	20	6
2013-11-14	0	0.9	23	6
2013-11-15	0	0.48	23	7
2013-11-16	0	2.5	24	11
2013-11-17	0	1.73	23	12
2013-11-18	0	3.76	24	9
2013-11-19	0	6.06	24	10
2013-11-20	0	4.55	23	12
2013-11-21	0	2.93	21	13
2013-11-22	0	3.76	20	12
2013-11-23	0	3.14	23	10
2013-11-24	0	2.82	24	10
2013-11-25	0	2.04	23	11
2013-11-26	0	5.18	22	12
2013-11-27	0	2	23	10
2013-11-28	0	3.52	24	10
2013-11-29	0	4.4	25	10
2013-11-30	0	3.21	25	11
2013-12-01	0	1.79	23	7
2013-12-02	0	1.76	21	6
2013-12-03	0	4.86	21	8
2013-12-04	0	4.38	23	9
2013-12-05	0	2.75	24	7
2013-12-06	0	2.14	23	8
2013-12-07	0	3	23	8
2013-12-08	0	3.14	21	7
2013-12-09	0	4.1	22	7
2013-12-10	0	1.82	20	7
2013-12-11	0	3.59	19	7
2013-12-12	0	2.64	20	7
2013-12-13	0	3.58	21	6
2013-12-14	0	3.67	23	6
2013-12-15	0	2.92	22	8
2013-12-16	0	3.87	21	7
2013-12-17	0	2.69	23	11
2013-12-18	0	3.51	24	10
2013-12-19	0	3.56	21	9
2013-12-20	0	3.4	23	8
2013-12-21	0	2.14	22	7
2013-12-22	0	2.68	22	8
2013-12-23	0	3.68	21	8
2013-12-24	0	3.75	24	7
2013-12-25	0	2.92	23	7
2013-12-26	0	2.68	21	8
2013-12-27	0	3.14	22	8
2013-12-28	0	3.56	21	7
2013-12-29	0	2.54	20	7
2013-12-30	0	3	22	8
2013-12-31	0	3.22	22	7
2014-01-01	0	3.25	29	7
2014-01-02	0	3.85	28	7
2014-01-03	0	4.11	28	7
2014-01-04	0	3.86	30	7
2014-01-05	0	3.25	29	7
2014-01-06	0	3.12	28	7
2014-01-07	0	3.15	27	6
2014-01-08	0	2.11	31	7
2014-01-09	0	2.69	28	8
2014-01-10	0	3.95	29	9
2014-01-11	0	3.46	26	9
2014-01-12	0	2.6	27	11
2014-01-13	0	2.68	25	12
2014-01-14	0	2.51	26	12
2014-01-15	0	3.1	24	12
2014-01-16	0	3	25	13
2014-01-17	0	2.6	26	12
2014-01-18	0	2.63	27	11
2014-01-19	0	2.67	28	10
2014-01-20	0	2.69	27	9
2014-01-21	0	2.55	26	9
2014-01-22	0	2.63	25	9
2014-01-23	0	2.59	25	8
2014-01-24	0	3.13	26	8
2014-01-25	0	3.58	27	8
2014-01-26	0	3.2	26	10
2014-01-27	0	3.23	28	11
2014-01-28	0	3.26	29	10
2014-01-29	0	3.25	28	11
2014-01-30	0	3.21	29	11
2014-01-31	0	3.52	29	12
2014-02-01	0	2.58	26	12
2014-02-02	0	2.75	27	8
2014-02-03	0	2.53	27	7
2014-02-04	0	2.9	22	7
2014-02-05	0	2.9	23	8
2014-02-06	0	3	24	7
2014-02-07	0	3.12	24	7
2014-02-08	0	3.5	21	8
2014-02-09	0	3.45	23	8
2014-02-10	0	4	21	9
2014-02-11	0	4.21	22	9
2014-02-12	0	4.31	24	10
2014-02-13	0	3.91	23	11
2014-02-14	0	4.22	23	10
2014-02-15	0	3.85	22	10
2014-02-16	0	4.87	20	10
2014-02-17	0	4.6	21	11
2014-02-18	0	5.1	22	10
2014-02-19	0	5.32	21	10
2014-02-20	0	5.46	22	11
2014-02-21	0	4.75	21	12
2014-02-22	0	4.9	21	11
2014-02-23	0	4.86	22	12
2014-02-24	0	3.58	25	11
2014-02-25	0	4.64	26	10
2014-02-26	0	4.38	26	9
2014-02-27	0	3.25	27	8
2014-02-28	0	4.62	27	9
2014-03-01	0	2.8	30	8
2014-03-02	0	4.3	27	8
2014-03-03	0	2.35	26	9
2014-03-04	0	3.12	23	10
2014-03-05	0	3.14	24	11
2014-03-06	0	3.21	25	12
2014-03-07	0	2.5	26	13
2014-03-08	0	3.54	27	12
2014-03-09	0	2.14	29	13
2014-03-10	0	4.5	28	12
2014-03-11	0	2.5	29	12
2014-03-12	0	3.24	30	14
2014-03-13	0	2.25	28	16
2014-03-14	0	3.27	27	16
2014-03-15	0	4	26	15
2014-03-16	0	3.56	27	12
2014-03-17	0	3.5	26	13
2014-03-18	0	3.51	24	12
2014-03-19	0	4.82	29	12
2014-03-20	0	5	30	14
2014-03-21	0	4.68	22	10
2014-03-22	7	6.1	26	11
2014-03-23	5	6.12	27	10
2014-03-24	10	5.87	27	12
2014-03-25	0	4.81	25	12
2014-03-26	0	4.87	19	12
2014-03-27	0	5.22	20	10
2014-03-28	0	6.4	24	11
2014-03-29	0	5.31	25	11
2014-03-30	0	6.45	26	11
2014-03-31	0	5.73	26	12
2014-04-01	0	5.46	27	12
2014-04-02	0	6.2	27	13
2014-04-03	0	6	28	11
2014-04-04	0	5.7	27	10
2014-04-05	0	4.86	27	13
2014-04-06	0	5.2	25	11
2014-04-07	0	6.1	25	12
2014-04-08	0	5.2	26	10
2014-04-09	0	4.85	25	10
2014-04-10	0	5.33	26	11
2014-04-11	0	4.67	24	11
2014-04-12	0	6.32	24	13
2014-04-13	0	5.66	27	12
2014-04-14	0	5.47	28	12
2014-04-15	0	6.34	27	11
2014-04-16	0	6.53	26	11
2014-04-17	0	6.55	27	10
2014-04-18	0	7	26	10
2014-04-19	0	6.89	26	10
2014-04-20	0	6.17	26	11
2014-04-21	0	5.66	25	13
2014-04-22	0	6.2	27	10
2014-04-23	0	7.11	28	10
2014-04-24	0	6.16	28	11
2014-04-25	0	6.33	26	10
2014-04-26	0	6.45	25	10
2014-04-27	0	5.64	26	10
2014-04-28	0	5.17	26	11
2014-04-29	0	5.31	26	13
2014-04-30	0	5.49	NULO	NULO
2014-05-01	0.01	6	22	13
2014-05-02	0	4.15	21	10
2014-05-03	0	4.61	21	11
2014-05-04	0	5.26	23	12
2014-05-05	0	4.59	23	11
2014-05-06	0	4.84	24	11
2014-05-07	0	5.31	23	10
2014-05-08	0	5.64	24	12
2014-05-09	0	4.73	24	11
2014-05-10	0	5.36	24	12
2014-05-11	0	5.26	24	13
2014-05-12	0	5.34	26	12
2014-05-13	0	5.84	24	11
2014-05-14	0	4.31	22	11
2014-05-15	0	4.63	22	10
2014-05-16	0	5.6	23	10
2014-05-17	0	4.6	23	11
2014-05-18	0	5.32	23	11
2014-05-19	0	6.23	24	11
2014-05-20	0	5.34	23	11
2014-05-21	0	5.62	24	10
2014-05-22	0	5.63	24	11
2014-05-23	0	4.76	24	11
2014-05-24	0	5.03	24	12
2014-05-25	0	4.77	23	12
2014-05-26	0	5.6	23	11
2014-05-27	0	5.13	23	11
2014-05-28	0	5.21	23	12
2014-05-29	0	4.23	22	13
2014-05-30	0	3.28	23	13
2014-05-31	0	4	NULO	NULO
2014-06-01	0	5.23	23	13
2014-06-02	0	5.67	23	13
2014-06-03	0	4.62	24	11
2014-06-04	0	6.38	25	12
2014-06-05	0	6.5	26	13
2014-06-06	0	5.63	26	13
2014-06-07	0	5.61	25	13
2014-06-08	0	5.2	25	13
2014-06-09	0	4.23	25	12
2014-06-10	0	5.37	24	12
2014-06-11	0	4.32	24	11
2014-06-12	0	5.2	23	10
2014-06-13	0	5.23	23	9
2014-06-14	1	6.22	24	8
2014-06-15	5	3.21	23	8
2014-06-16	2	2.28	23	9
2014-06-17	1	2.35	24	9
2014-06-18	0	2.66	25	11
2014-06-19	0	4.58	25	10
2014-06-20	0	4.68	26	9
2014-06-21	0	5.87	25	10
2014-06-22	0	6.35	24	11
2014-06-23	0	5.27	25	12
2014-06-24	0	5.27	26	12
2014-06-25	0	4.33	25	11
2014-06-26	0	5	25	11
2014-06-27	0	5.3	25	10
2014-06-28	0	5.22	24	11
2014-06-29	0	5.38	24	12
2014-06-30	0	4.55	NULO	NULO
2014-07-01	0	5.33	23	12
2014-07-02	0	5.23	24	11
2014-07-03	0	5.77	24	10
2014-07-04	0	4.77	25	10
2014-07-05	0	5.1	25	11
2014-07-06	0	4.55	24	11
2014-07-07	1	4.13	23	12
2014-07-08	0	3.1	23	11
2014-07-09	0	5.22	23	10
2014-07-10	0	4.77	22	11
2014-07-11	0	5.69	23	10
2014-07-12	0	5.2	24	10
2014-07-13	0	4.55	25	9
2014-07-14	0	4.5	25	9
2014-07-15	0	5.55	26	7
2014-07-16	0	4.2	26	8
2014-07-17	0	5.68	25	10
2014-07-18	0	5.22	24	9
2014-07-19	4	4.77	23	11
2014-07-20	6	1.22	22	9
2014-07-21	2	1	23	8
2014-07-22	0	2.2	21	8
2014-07-23	0	3.25	23	9
2014-07-24	0	3.69	24	10
2014-07-25	0	5.38	25	11
2014-07-26	0	4.55	24	10
2014-07-27	2	5.27	25	10
2014-07-28	0	2.65	25	11
2014-07-29	0	3.55	24	11
2014-07-30	0	4.81	24	10
2014-07-31	0	5.23	NULO	NULO
2014-08-01	0	5.39	25	10
2014-08-02	0	6.33	26	11
2014-08-03	0	5.79	27	11
2014-08-04	0	6.56	28	10
2014-08-05	0	6.85	27	9
2014-08-06	0	6.29	24	10
2014-08-07	0	6.85	25	10
2014-08-08	0	5.64	27	11
2014-08-09	0	4.79	26	10
2014-08-10	0	6.81	27	10
2014-08-11	0	5.6	24	9
2014-08-12	0	5.8	25	8
2014-08-13	0	4.78	26	8
2014-08-14	0	5.22	26	10
2014-08-15	0	5.3	27	11
2014-08-16	0	7.1	25	9
2014-08-17	0	5.81	24	7
2014-08-18	0.01	5.86	27	12
2014-08-19	0.01	5.55	28	12
2014-08-20	0	4.86	29	10
2014-08-21	0	5.66	28	10
2014-08-22	0	5.43	27	11
2014-08-23	0	4.68	26	11
2014-08-24	0	5.8	25	10
2014-08-25	1	4.6	24	12
2014-08-26	2	4.25	25	11
2014-08-27	0	3.77	25	11
2014-08-28	0	3.4	26	11
2014-08-29	1	5.3	24	10
2014-08-30	0	4.29	23	10
2014-08-31	0	4.6	NULO	NULO
2014-09-01	0	4.25	25	11
2014-09-02	0	3.63	24	11
2014-09-03	0	5.2	23	10
2014-09-04	0	4.57	23	8
2014-09-05	0	5.16	24	9
2014-09-06	0	6	24	9
2014-09-07	0	5.56	25	10
2014-09-08	0	4.65	24	9
2014-09-09	0	4.28	25	9
2014-09-10	0	4.62	24	8
2014-09-11	0	5.87	25	8
2014-09-12	0	4.69	24	8
2014-09-13	0	5.37	26	9
2014-09-14	0	5.23	26	10
2014-09-15	0	4.25	25	8
2014-09-16	0	4.11	25	11
2014-09-17	0	4.33	24	11
2014-09-18	0	3.68	23	9
2014-09-19	0	4.22	23	10
2014-09-20	0	5	24	9
2014-09-21	0	4.28	24	10
2014-09-22	0	4.17	25	9
2014-09-23	0	5.1	25	10
2014-09-24	0	5.13	24	11
2014-09-25	0	4.61	23	10
2014-09-26	0	4.55	23	11
2014-09-27	0	5.36	24	10
2014-09-28	0	6.01	24	10
2014-09-29	0	5.08	26	9
2014-09-30	0	4.66	NULO	NULO
2014-10-01	0	4.26	23	11
2014-10-02	0	5.02	22	11
2014-10-03	0	4.61	21	11
2014-10-04	0	4.67	25	10
2014-10-05	0	3.76	26	7
2014-10-06	0	5.04	24	8
2014-10-07	0	4.31	24	8
2014-10-08	0	5.11	24	8
2014-10-09	0	4.68	25	7
2014-10-10	0	5.22	23	7
2014-10-11	0	3.26	24	8
2014-10-12	0	3.29	25	8
2014-10-13	0.01	5.23	26	7
2014-10-14	0	4.27	25	7
2014-10-15	0	5.8	26	7
2014-10-16	0	4.61	26	6
2014-10-17	0	5.22	27	6
2014-10-18	0	4.3	26	7
2014-10-19	0	6	26	8
2014-10-20	0	4.2	25	8
2014-10-21	0	5.13	24	7
2014-10-22	0	5.14	25	7
2014-10-23	0	5.61	26	7
2014-10-24	0	4.22	25	8
2014-10-25	0	3.33	25	7
2014-10-26	0	5.67	26	7
2014-10-27	0	3.77	27	7
2014-10-28	0	5.2	26	8
2014-10-29	0	4.11	26	8
2014-10-30	0	3.55	27	8
2014-10-31	0	5	NULO	NULO
2014-11-01	0	3.14	24	6
2014-11-02	0	4.3	24	7
2014-11-03	0	4.15	24	7
2014-11-04	0	3.28	25	8
2014-11-05	0	5.33	24	8
2014-11-06	0	4.51	23	7
2014-11-07	0	3.77	24	7
2014-11-08	0	5	24	8
2014-11-09	0	3.2	25	8
2014-11-10	0	5.46	26	7
2014-11-11	0	5.23	25	7
2014-11-12	0	5.22	26	8
2014-11-13	0	4.11	27	7
2014-11-14	0	2.77	26	8
2014-11-15	0	3.29	25	8
2014-11-16	0	5.26	25	10
2014-11-17	0	3.28	24	8
2014-11-18	0	5.11	24	8
2014-11-19	0	3.24	23	9
2014-11-20	0	5.1	23	10
2014-11-21	0	3.26	24	9
2014-11-22	0	5.03	22	8
2014-11-23	0	4.82	22	8
2014-11-24	0	5.82	23	7
2014-11-25	0	3.28	23	7
2014-11-26	0	3.82	22	8
2014-11-27	0	3.87	22	9
2014-11-28	0	2.86	22	9
2014-11-29	0	3.8	23	8
2014-11-30	0	5.22	NULO	NULO
2014-12-01	0	5.16	22	12
2014-12-02	0	4.76	23	10
2014-12-03	0	4.26	24	9
2014-12-04	0	3.86	23	9
2014-12-05	0	5.13	26	10
2014-12-06	0	3.79	27	10
2014-12-07	0	3.53	26	10
2014-12-08	0	5.11	25	9
2014-12-09	0	4.77	24	10
2014-12-10	0	4.16	22	10
2014-12-11	0	3.88	23	10
2014-12-12	0	3.77	24	9
2014-12-13	0	5.03	25	10
2014-12-14	0	4.05	26	10
2014-12-15	0	3.88	25	8
2014-12-16	0	3.33	26	9
2014-12-17	0	5.22	26	10
2014-12-18	0	5.26	26	9
2014-12-19	0	4.45	26	9
2014-12-20	0	3.77	25	10
2014-12-21	0	5.22	24	10
2014-12-22	0	5.05	25	8
2014-12-23	0	4.11	24	8
2014-12-24	0	3.5	23	10
2014-12-25	0	5.23	24	10
2014-12-26	0	5.23	23	10
2014-12-27	0	4.26	22	9
2014-12-28	0	3.55	22	10
2014-12-29	0	4.46	23	9
2014-12-30	0	2.81	22	9
2014-12-31	0	4.05	NULO	NULO
2015-01-01	0	5.06	22	10
2015-01-02	0	4.28	23	9
2015-01-03	0	3.85	24	8
2015-01-04	0	4.5	23	7
2015-01-05	0	5.06	22	7
2015-01-06	0	4.26	23	8
2015-01-07	0	5.26	23	8
2015-01-08	0	4.21	23	7
2015-01-09	0	4.2	22	7
2015-01-10	0	5.04	22	8
2015-01-11	0	3.61	22	8
2015-01-12	0	4.24	21	7
2015-01-13	0	3.5	22	7
2015-01-14	0	4.16	23	8
2015-01-15	0	5.04	24	8
2015-01-16	0	3.67	23	7
2015-01-17	0	5.26	23	6
2015-01-18	0	3.6	22	8
2015-01-19	0	4.67	22	7
2015-01-20	0.01	5.64	23	7
2015-01-21	0	6.53	24	8
2015-01-22	0	3.6	24	8
2015-01-23	0	3.85	23	7
2015-01-24	0	4.82	24	7
2015-01-25	0	3.26	25	6
2015-01-26	0	3.22	24	6
2015-01-27	0	4.44	24	7
2015-01-28	0	3.67	23	7
2015-01-29	0	5	24	8
2015-01-30	0	4.63	24	8
2015-01-31	0	3.25	24	8
2015-02-01	0	5.26	18	7
2015-02-02	0	5.16	20	6
2015-02-03	0	4.55	20	7
2015-02-04	0	3.14	21	6
2015-02-05	0	2.68	22	6
2015-02-06	0	3.62	21	7
2015-02-07	0	3.81	20	7
2015-02-08	0	3.55	20	8
2015-02-09	0	2.88	23	8
2015-02-10	0	4.02	24	7
2015-02-11	0	3.14	24	6
2015-02-12	0	4.6	25	6
2015-02-13	0	3.28	26	7
2015-02-14	0	2.69	25	6
2015-02-15	0	3.16	25	7
2015-02-16	0	3.48	23	7
2015-02-17	0	2.77	23	6
2015-02-18	0	2.64	23	7
2015-02-19	0	3.16	22	8
2015-02-20	0	4	23	8
2015-02-21	0	4.22	24	7
2015-02-22	0	4.1	26	7
2015-02-23	0	5	25	6
2015-02-24	0	4.62	25	7
2015-02-25	0	3.15	26	9
2015-02-26	0	3.17	27	8
2015-02-27	0	2.55	25	6
2015-02-28	0	2.33	25	7
2015-03-01	0	2.22	23	7
2015-03-02	0	2.3	25	7
2015-03-03	0	3	25	6
2015-03-04	0	3.44	27	7
2015-03-05	0	3.29	20	8
2015-03-06	0	5.5	23	5
2015-03-07	0	6	24	8
2015-03-08	0	5.81	25	8
2015-03-09	12	5.43	25	8
2015-03-10	8	5	26	7
2015-03-11	10	4	20	6
2015-03-12	8	NULO	21	6
2015-03-13	15	NULO	21	5
2015-03-14	7	NULO	20	6
2015-03-15	0	NULO	21	6
2015-03-16	0	5	23	5
2015-03-17	0	4.75	24	6
2015-03-18	0	5.23	25	7
2015-03-19	0	3.58	25	8
2015-03-20	0	5.6	26	8
2015-03-21	0	5.66	26	8
2015-03-22	0	5.33	27	9
2015-03-23	0	5.23	27	9
2015-03-24	0	4.11	26	11
2015-03-25	0	4.62	27	11
2015-03-26	0	3.85	26	12
2015-03-27	12	5.61	25	10
2015-03-28	2	5	25	11
2015-03-29	3	3.22	26	10
2015-03-30	0	4.12	27	11
2015-03-31	0	5.54	27	11
2015-04-01	0	4.22	28	9
2015-04-02	0	3.22	29	9
2015-04-03	0	4.2	29	9
2015-04-04	0	3.22	27	10
2015-04-05	0	4.1	29	10
2015-04-06	0	3.26	28	9
2015-04-07	0	3.26	27	10
2015-04-08	0	4.1	27	12
2015-04-09	0	4	26	11
2015-04-10	2	3.58	25	11
2015-04-11	0	5.23	26	10
2015-04-12	0	5.33	27	10
2015-04-13	2	4.89	28	10
2015-04-14	0	5.64	29	12
2015-04-15	0	5.87	28	17
2015-04-16	0	5.88	27	12
2015-04-17	0	6	26	11
2015-04-18	0	5.3	27	13
2015-04-19	0	6.7	28	13
2015-04-20	0	7	26	10
2015-04-21	0	4.22	27	11
2015-04-22	0	4.66	28	11
2015-04-23	0	5.11	25	12
2015-04-24	0	5.67	23	12
2015-04-25	0	6.55	26	12
2015-04-26	0	5.22	27	12
2015-04-27	0	5.44	25	11
2015-04-28	2	4	23	10
2015-04-29	0	5.26	23	10
2015-04-30	0	5.23	23	10
2015-05-01	0	3.25	25	12
2015-05-02	0	3.6	22	13
2015-05-03	0	4.11	24	10
2015-05-04	0	5	23	12
2015-05-05	0	4.66	22	12
2015-05-06	0	4.76	24	10
2015-05-07	0	6	24	9
2015-05-08	0	5.22	25	10
2015-05-09	0	3.58	25	9
2015-05-10	0	5.27	26	11
2015-05-11	0	4.89	24	10
2015-05-12	0.01	3.84	25	8
2015-05-13	0	6.01	24	7
2015-05-14	0	5.31	24	9
2015-05-15	0	5.71	25	7
2015-05-16	0	3.22	25	7
2015-05-17	0.01	5.8	25	9
2015-05-18	0	6.02	24	10
2015-05-19	0	5.62	23	11
2015-05-20	0	6.15	23	12
2015-05-21	0	5.3	25	12
2015-05-22	0	4.1	26	12
2015-05-23	0.01	5.03	27	12
2015-05-24	0	5.17	27	12
2015-05-25	0	5.71	26	12
2015-05-26	0	4.62	25	11
2015-05-27	0	3.26	25	11
2015-05-28	0	5.23	26	10
2015-05-29	0	5.3	26	10
2015-05-30	4	3.02	27	11
2015-05-31	0	1.5	24	12
2015-06-01	0	5.26	25	12
2015-06-02	0.01	5.11	26	12
2015-06-03	0	4.57	28	13
2015-06-04	0	4.66	26	13
2015-06-05	0	5.11	24	10
2015-06-06	0	4.55	23	9
2015-06-07	0	6	25	9
2015-06-08	0	4.21	27	9
2015-06-09	0	6.03	28	9
2015-06-10	0	4.77	28	7
2015-06-11	1.5	5.3	27	7
2015-06-12	0	3.6	26	10
2015-06-13	0	4.59	25	8
2015-06-14	0	5.11	26	9
2015-06-15	2	4.31	28	9
2015-06-16	0	3.44	21	9
2015-06-17	1	4.06	24	8
2015-06-18	0	4.08	23	8
2015-06-19	4	5.33	24	7
2015-06-20	4	2.15	23	9
2015-06-21	0	2.33	23	8
2015-06-22	0	4.22	22	7
2015-06-23	5	4.23	24	7
2015-06-24	0	1.5	23	8
2015-06-25	0	3.34	23	8
2015-06-26	0	5.11	21	9
2015-06-27	2	4.37	23	7
2015-06-28	0	2.61	24	7
2015-06-29	3	5.22	25	8
2015-06-30	0	3.25	23	8
2015-07-01	0	3.26	23	7
2015-07-02	0	4.55	25	7
2015-07-03	0	6.01	25	6
2015-07-04	2	5.2	27	7
2015-07-05	0	3.45	20	8
2015-07-06	0	5.31	29	5
2015-07-07	0	5.12	23	10
2015-07-08	5	4.57	24	10
2015-07-09	6	2	25	9
2015-07-10	0	1.5	21	12
2015-07-11	0	5.22	21	12
2015-07-12	0	3.69	24	11
2015-07-13	0	5.38	24	10
2015-07-14	3	6.06	25	12
2015-07-15	2	2.85	26	10
2015-07-16	0.01	2.14	26	10
2015-07-17	0.01	4.61	25	12
2015-07-18	0.01	5.57	26	12
2015-07-19	0	6	27	11
2015-07-20	0	5.84	27	10
2015-07-21	0	5.16	25	10
2015-07-22	0	5.22	25	13
2015-07-23	5	4.4	24	12
2015-07-24	0	2	25	11
2015-07-25	0	5.5	27	12
2015-07-26	0	6.81	28	10
2015-07-27	0	4.89	29	12
2015-07-28	0	4.18	29	10
2015-07-29	0	6.87	27	12
2015-07-30	0	6.22	26	8
2015-07-31	0	6.08	39	10
2015-08-01	0	5.23	39	15
2015-08-02	0	1.83	25	7
2015-08-03	0	6.94	29	9
2015-08-04	0	1.12	28	11
2015-08-05	0	7.2	29	10
2015-08-06	0	3.75	30	12
2015-08-07	0	7.06	35	13
2015-08-08	0.5	5.06	38	11
2015-08-09	1	4.43	32	11
2015-08-10	0	5.6	32	14
2015-08-11	0.01	7.86	23	10
2015-08-12	0	4.06	26	7
2015-08-13	0	7.78	26	12
2015-08-14	0	6.53	27	9
2015-08-15	0	7.4	29	8
2015-08-16	0	7.12	29	10
2015-08-17	1	6.06	28	12
2015-08-18	0.01	5.14	26	12
2015-08-19	1	6.83	26	11
2015-08-20	0	7.11	24	11
2015-08-21	0	5.66	26	10
2015-08-22	0	6.88	27	9
2015-08-23	0	9.24	28	10
2015-08-24	0	6.18	30	11
2015-08-25	0	1.1	31	11
2015-08-26	0	8.33	29	10
2015-08-27	0	7.51	30	9
2015-08-28	0	8.65	32	8
2015-08-29	0	8.79	30	9
2015-08-30	0	8.06	31	10
2015-08-31	0	7.69	28	11
2015-09-01	0	5.93	28	11
2015-09-02	0	7.17	30	12
2015-09-03	0	4.78	32	13
2015-09-04	0	6.03	32	13
2015-09-05	0	3.87	30	12
2015-09-06	0	6.9	32	12
2015-09-07	0	5.76	24	13
2015-09-08	0	1.39	26	13
2015-09-09	0	6.49	32	14
2015-09-10	0	7.11	30	13
2015-09-11	0	6.87	30	14
2015-09-12	0	6.23	31	13
2015-09-13	0	6	33	14
2015-09-14	0	5.24	35	12
2015-09-15	5	4.28	32	13
2015-09-16	0	5.72	30	12
2015-09-17	0	3.71	26	14
2015-09-18	0	6.18	26	13
2015-09-19	0	6.33	26	13
2015-09-20	0	6.33	24	11
2015-09-21	0	6.26	23	10
2015-09-22	0	3.03	24	9
2015-09-23	0	6.92	26	11
2015-09-24	0	4.05	27	12
2015-09-25	0	2.65	26	13
2015-09-26	0	7.55	23	12
2015-09-27	0	4.65	23	10
2015-09-28	0	5.16	23	11
2015-09-29	0	7.12	25	14
2015-09-30	0	7.82	28	14
2015-10-01	0	5.98	27	10
2015-10-02	0.01	7.16	28	11
2015-10-03	0	4.79	29	12
2015-10-04	0	6.03	30	12
2015-10-05	0	3.87	30	13
2015-10-06	0	6.9	28	11
2015-10-07	0	5.76	28	10
2015-10-08	0	1.39	29	12
2015-10-09	0	6.49	32	13
2015-10-10	0	7.11	30	12
2015-10-11	0	4.89	27	12
2015-10-12	0	3.95	26	11
2015-10-13	0.01	4.56	25	11
2015-10-14	0.5	5.96	26	10
2015-10-15	0.01	4.8	28	10
2015-10-16	1	5.6	30	9
2015-10-17	0.01	6.57	31	11
2015-10-18	0.01	7.08	30	11
2015-10-19	0	3.43	29	9
2015-10-20	0	5.53	29	10
2015-10-21	0	4.97	27	10
2015-10-22	12	6.03	20	8
2015-10-23	1	1.29	21	7
2015-10-24	0	5.8	21	8
2015-10-25	0	9.13	19	8
2015-10-26	0	6.06	20	7
2015-10-27	0	4.97	21	8
2015-10-28	26	4.94	23	9
2015-10-29	2	2.09	22	10
2015-10-30	0	3.08	24	8
2015-10-31	0	3.9	22	7
2015-11-01	0	3.92	22	9
2015-11-02	0	4.81	23	8
2015-11-03	0	3.36	24	8
2015-11-04	0	3.77	25	8
2015-11-05	0	6.14	24	9
2015-11-06	0	3	26	9
2015-11-07	0	4.5	24	8
2015-11-08	0	3.21	23	7
2015-11-09	0	3.52	23	7
2015-11-10	0	3.6	21	9
2015-11-11	0	2.77	22	9
2015-11-12	5	3.4	24	8
2015-11-13	0	1.33	27	11
2015-11-14	0	3.67	26	10
2015-11-15	0	4	27	10
2015-11-16	0	4.11	26	11
2015-11-17	0	2.68	24	12
2015-11-18	0	4.36	23	7
2015-11-19	0	5.02	25	6
2015-11-20	0	4.13	25	7
2015-11-21	0	3.55	24	8
2015-11-22	0	4.01	23	7
2015-11-23	0	3.76	24	7
2015-11-24	0	4.03	24	9
2015-11-25	0	3.51	25	8
2015-11-26	0	3.69	26	8
2015-11-27	0	2.89	24	7
2015-11-28	0	3.64	23	7
2015-11-29	0	3.11	23	9
2015-11-30	0	4	24	10
2015-12-01	0	4.8	21	7
2015-12-02	0	3	22	7
2015-12-03	0	2.69	24	5
2015-12-04	0	3.11	24	5
2015-12-05	0	4.05	22	5
2015-12-06	0	5.22	21	5
2015-12-07	0	4.1	22	6
2015-12-08	0	4.5	20	5
2015-12-09	0	2.69	20	5
2015-12-10	0	4.08	21	5
2015-12-11	0	2.87	22	6
2015-12-12	0	5.03	22	6
2015-12-13	0	3.55	23	6
2015-12-14	0	3.35	22	6
2015-12-15	0	4.66	24	7
2015-12-16	0	4.71	23	8
2015-12-17	0	2.68	23	8
2015-12-18	0	2.94	22	9
2015-12-19	0	3.45	21	8
2015-12-20	0	3	21	6
2015-12-21	0	2.67	22	7
2015-12-22	0	4	20	8
2015-12-23	0	3.05	21	8
2015-12-24	0	3.06	21	9
2015-12-25	0	4.03	20	7
2015-12-26	0	2.88	22	8
2015-12-27	0	4.06	22	7
2015-12-28	0	2.55	23	7
2015-12-29	0	3.35	23	6
2015-12-30	0	4.07	23	7
2015-12-31	0	4	22	6
2016-01-01	0	4.6	22	6
2016-01-02	0	3.06	21	6
2016-01-03	0	4.11	23	6
2016-01-04	0	3.15	20	6
2016-01-05	0	4	20	7
2016-01-06	0	3.15	21	6
2016-01-07	0	5.01	23	5
2016-01-08	0	3.4	21	7
2016-01-09	0	3.15	22	7
2016-01-10	0	4.06	23	8
2016-01-11	0	3.33	24	7
2016-01-12	0	2.68	23	6
2016-01-13	0	4.08	23	6
2016-01-14	0	3.17	24	6
2016-01-15	0	2.55	24	7
2016-01-16	0	2.56	23	6
2016-01-17	0	2.68	22	7
2016-01-18	0	2.08	21	6
2016-01-19	0	3.12	21	7
2016-01-20	0	3.22	20	6
2016-01-21	0	4.11	19	6
2016-01-22	0	2.08	16	7
2016-01-23	0	3.05	16	7
2016-01-24	0	4.1	14	8
2016-01-25	0	3.5	15	8
2016-01-26	0	4.3	17	8
2016-01-27	0	3.4	17	6
2016-01-28	0	3.17	16	6
2016-01-29	0	2.55	15	7
2016-01-30	0	4.02	17	6
2016-01-31	0	2.78	15	6
2016-02-01	0	3.18	13	6
2016-02-02	0	3	14	7
2016-02-03	0	2.15	15	8
2016-02-04	0	4.03	18	9
2016-02-05	0	4.22	18	10
2016-02-06	0	4	18	10
2016-02-07	0	5	17	12
2016-02-08	0	3.51	17	11
2016-02-09	0	6	17	12
2016-02-10	0	4.3	18	13
2016-02-11	0	3.71	17	12
2016-02-12	0	2.89	19	10
2016-02-13	0	2.54	19	9
2016-02-14	0.01	5.12	18	8
2016-02-15	0	3.51	18	8
2016-02-16	0	3.46	20	9
2016-02-17	0	4.23	21	9
2016-02-18	0	4.05	23	10
2016-02-19	0	3.77	20	11
2016-02-20	0	4.33	20	13
2016-02-21	0	3	23	12
2016-02-22	0	3	21	10
2016-02-23	0	2.89	20	9
2016-02-24	0	4.05	21	9
2016-02-25	0	3.33	20	10
2016-02-26	0	4.02	18	10
2016-02-27	0	4.52	17	10
2016-02-28	0	4.26	15	9
2016-02-29	0	3.64	24	9
2016-03-01	0	4.52	24	15
2016-03-02	0	4.02	26	15
2016-03-03	0	4.06	25	16
2016-03-04	0	3.89	27	17
2016-03-05	0	5.01	28	15
2016-03-06	0	4.11	26	16
2016-03-07	2	4.67	26	15
2016-03-08	2.5	4.09	25	18
2016-03-09	0	5.22	24	17
2016-03-10	0	3.78	23	16
2016-03-11	0	5.49	21	14
2016-03-12	0	4.87	21	13
2016-03-13	0	6.51	27	12
2016-03-14	0	4.76	26	10
2016-03-15	0	6.02	24	10
2016-03-16	0	5.31	26	15
2016-03-17	0	4.22	27	17
2016-03-18	0	4.92	26	18
2016-03-19	0	4.28	28	13
2016-03-20	0	5	26	15
2016-03-21	0	5.33	25	13
2016-03-22	0	5.29	28	11
2016-03-23	0	3.98	29	12
2016-03-24	0	5.17	27	13
2016-03-25	0	5.11	26	16
2016-03-26	0	5.47	24	18
2016-03-27	0	4.17	25	17
2016-03-28	0	4.8	27	18
2016-03-29	0	4.06	28	18
2016-03-30	0	5.37	27	17
2016-03-31	0	4.55	21	16
2016-04-01	0	5.23	21	9
2016-04-02	0	5.19	20	8
2016-04-03	0	4.59	22	9
2016-04-04	0	4.15	21	10
2016-04-05	0	2.46	23	9
2016-04-06	0	4.68	24	11
2016-04-07	0	3.86	23	11
2016-04-08	0	4.15	23	12
2016-04-09	0	4.85	21	10
2016-04-10	0	3.97	22	9
2016-04-11	0	4.17	23	10
2016-04-12	0	4.15	23	9
2016-04-13	0	3.92	25	8
2016-04-14	0	3.89	26	9
2016-04-15	0	4.02	24	10
2016-04-16	0	4.09	27	10
2016-04-17	0	3.9	25	10
2016-04-18	2	4.51	26	10
2016-04-19	5	1.52	25	10
2016-04-20	4.5	7.58	27	11
2016-04-21	3	3.77	26	13
2016-04-22	4.5	1.41	21	13
2016-04-23	5.5	1	25	11
2016-04-24	0	2.11	24	12
2016-04-25	0	2.77	23	11
2016-04-26	0	4.2	23	12
2016-04-27	0	3.95	24	13
2016-04-28	0	4.3	25	13
2016-04-29	0	4.79	26	11
2016-04-30	0	5.39	24	12
2016-05-01	0	2.71	24	10
2016-05-02	0	3.9	26	9
2016-05-03	0	3.4	28	10
2016-05-04	0	5.5	32	12
2016-05-05	0	7.23	34	10
2016-05-06	0	8.95	33	12
2016-05-07	0	7.29	32	12
2016-05-08	0.01	1.45	33	10
2016-05-09	0.01	6.72	34	10
2016-05-10	28	6.06	35	13
2016-05-11	11	1.95	34	13
2016-05-12	0	6.71	27	14
2016-05-13	0	5.9	26	16
2016-05-14	0	3.72	27	14
2016-05-15	20	3.72	29	15
2016-05-16	0	1.13	30	16
2016-05-17	0	7.18	32	16
2016-05-18	0.5	6.79	29	15
2016-05-19	0	5.18	NULO	NULO
2016-05-20	0	5.08	NULO	NULO
2016-05-21	0	9.71	NULO	NULO
2016-05-22	1	1.45	NULO	NULO
2016-05-23	0.01	5.55	NULO	NULO
2016-05-24	0	7.42	NULO	NULO
2016-05-25	6	7.03	NULO	NULO
2016-05-26	0	1.18	NULO	NULO
2016-05-27	0	5.59	NULO	NULO
2016-05-28	0	5.25	NULO	NULO
2016-05-29	0	3.72	NULO	NULO
2016-05-30	0	7.18	NULO	NULO
2016-05-31	NULO	5	NULO	NULO
2016-06-01	0	5.94	NULO	NULO
2016-06-02	24	6.95	NULO	NULO
2016-06-03	0.01	1.88	NULO	NULO
2016-06-04	0.01	5.43	NULO	NULO
2016-06-05	0	5.42	NULO	NULO
2016-06-06	0	6.04	NULO	NULO
2016-06-07	14	6.01	NULO	NULO
2016-06-08	4	3.02	NULO	NULO
2016-06-09	6	4.97	NULO	NULO
2016-06-10	3	0.4	NULO	NULO
2016-06-11	0	7.56	NULO	NULO
2016-06-12	2	4.96	NULO	NULO
2016-06-13	2	4.67	NULO	NULO
2016-06-14	0	4.43	NULO	NULO
2016-06-15	1	6.72	NULO	NULO
2016-06-16	0	6.17	NULO	NULO
2016-06-17	0	4.12	NULO	NULO
2016-06-18	0	3.89	NULO	NULO
2016-06-19	1	7.48	NULO	NULO
2016-06-20	18	3.97	NULO	NULO
2016-06-21	2	1.98	NULO	NULO
2016-06-22	NULO	3.38	NULO	NULO
2016-06-23	0	4.07	NULO	NULO
2016-06-24	0	5.24	NULO	NULO
2016-06-25	0	5.06	NULO	NULO
2016-06-26	0	6.14	NULO	NULO
2016-06-27	0	5.57	NULO	NULO
2016-06-28	0	6.01	NULO	NULO
2016-06-29	0	5.29	NULO	NULO
2016-06-30	0	4.14	NULO	NULO
2016-07-01	NULO	NULO	26	19
2016-07-02	0	NULO	27	17
2016-07-03	0	NULO	25	13
2016-07-04	0	NULO	26.5	14
2016-07-05	0	NULO	26	13
2016-07-06	0	NULO	25	13.5
2016-07-07	0	NULO	24	12
2016-07-08	0	NULO	26	12
2016-07-09	0	NULO	27	13
2016-07-10	0	NULO	27.5	12
2016-07-11	0	NULO	20	13
2016-07-12	1	NULO	22	15
2016-07-13	0	NULO	25.5	11
2016-07-14	0	NULO	27	12.5
2016-07-15	0	NULO	26.5	15
2016-07-16	0	NULO	25.5	15
2016-07-17	0	NULO	26	11
2016-07-18	0	NULO	24.5	14
2016-07-19	0.5	NULO	22	14
2016-07-20	0.5	NULO	24	15
2016-07-21	0	NULO	25	14.5
2016-07-22	0	NULO	24	14
2016-07-23	0.5	NULO	26	13
2016-07-24	0	NULO	26.5	11
2016-07-25	0	NULO	27	12.5
2016-07-26	0	NULO	26	13
2016-07-27	0	NULO	26	14.5
2016-07-28	0	NULO	25	14
2016-07-29	0	NULO	26	13
2016-07-30	0	NULO	25	14
2016-07-31	0	NULO	26	13
2016-08-01	0	NULO	26	13
2016-08-02	0	NULO	28.5	11.5
2016-08-03	0	NULO	23	12
2016-08-04	0	NULO	25	12
2016-08-05	0	NULO	24	11
2016-08-06	0	NULO	25	12
2016-08-07	0	NULO	20	14.5
2016-08-08	0	NULO	28.5	15
2016-08-09	0	NULO	27	16
2016-08-10	0	NULO	25	15
2016-08-11	0	NULO	27	13
2016-08-12	0	NULO	28	15
2016-08-13	0	NULO	27	15
2016-08-14	0	NULO	25	12
2016-08-15	0	NULO	23	10
2016-08-16	0	NULO	24	14
2016-08-17	0	NULO	25	16
2016-08-18	0	NULO	26	15
2016-08-19	0	NULO	25	14.5
2016-08-20	0	NULO	24	15
2016-08-21	0	NULO	25	12.5
2016-08-22	0	NULO	23	12
2016-08-23	0	NULO	22	11
2016-08-24	0	NULO	24	10
2016-08-25	0	NULO	25	11.5
2016-08-26	0	NULO	27	11
2016-08-27	0	NULO	26	14
2016-08-28	0	NULO	27	12
2016-08-29	0	NULO	26	13.5
2016-08-30	0	NULO	26	9
2016-08-31	0	NULO	22.5	11
2016-09-01	1.5	NULO	22.5	12
2016-09-02	0	NULO	24.5	15
2016-09-03	0	NULO	22	16
2016-09-04	0	NULO	24	15
2016-09-05	0	NULO	23	15.5
2016-09-06	0	NULO	24	16
2016-09-07	0	NULO	20	13
2016-09-08	0	NULO	21	10
2016-09-09	0	NULO	27	10
2016-09-10	0	NULO	25	9
2016-09-11	0	NULO	20	10.5
2016-09-12	0	NULO	27.5	13
2016-09-13	0	NULO	25	12
2016-09-14	0	NULO	26	13.5
2016-09-15	0	NULO	27	11
2016-09-16	0	NULO	25	12.5
2016-09-17	0	NULO	23	13
2016-09-18	0	NULO	25	14
2016-09-19	0	NULO	26	14
2016-09-20	0	NULO	23	13
2016-09-21	0	NULO	25	14
2016-09-22	0	NULO	26	13
2016-09-23	0	NULO	26	10
2016-09-24	0	NULO	25	12.5
2016-09-25	0	NULO	26	14
2016-09-26	1.1	NULO	19	14
2016-09-27	1	NULO	20	15
2016-09-28	0	NULO	26	14.5
2016-09-29	0	NULO	21	16
2016-09-30	0	NULO	24	13
2016-10-01	0	NULO	24	12
2016-10-02	0	NULO	26	13
2016-10-03	0	NULO	27.5	13.5
2016-10-04	0	NULO	27	13
2016-10-05	0	NULO	22	12
2016-10-06	0	NULO	23	10.5
2016-10-07	0	NULO	21	11
2016-10-08	0.5	NULO	17	12
2016-10-09	0	NULO	20	14
2016-10-10	0	NULO	24	9
2016-10-11	0	NULO	24.5	11.5
2016-10-12	0	NULO	23	11.5
2016-10-13	0	NULO	22	10
2016-10-14	0	NULO	24	11
2016-10-15	0	NULO	24.5	8.5
2016-10-16	0	NULO	26	10
2016-10-17	0	NULO	25.5	9.5
2016-10-18	0	NULO	18	11
2016-10-19	0	NULO	23	8
2016-10-20	0	NULO	24	11
2016-10-21	0	NULO	20	14
2016-10-22	0	NULO	21	13
2016-10-23	0	NULO	21	13
2016-10-24	0	NULO	20	11
2016-10-25	0	NULO	21	8
2016-10-26	0	NULO	20	6
2016-10-27	0	NULO	22	7
2016-10-28	0	NULO	19	6
2016-10-29	0	NULO	19	8
2016-10-30	0	NULO	21	6
2016-10-31	0	NULO	27	10
2016-11-01	0	NULO	27	9
2016-11-02	0	NULO	25	8.5
2016-11-03	0	NULO	22	9
2016-11-04	0	NULO	19.5	8.5
2016-11-05	0	NULO	24	7
2016-11-06	0.01	NULO	26	8
2016-11-07	0	NULO	21.5	7
2016-11-08	0	NULO	17	9
2016-11-09	0	NULO	21	10.5
2016-11-10	0	NULO	26	8
2016-11-11	0	NULO	18	10
2016-11-12	0	NULO	19	12
2016-11-13	0	NULO	22	11
2016-11-14	0	NULO	19	11.5
2016-11-15	0	NULO	20	12.5
2016-11-16	0	NULO	22	11
2016-11-17	0	NULO	26	10
2016-11-18	0	NULO	21	12
2016-11-19	0	NULO	17	11
2016-11-20	0	NULO	21	9
2016-11-21	0	NULO	23.5	6
2016-11-22	0	NULO	21.5	5
2016-11-23	0	NULO	18	4
2016-11-24	0	NULO	19	7
2016-11-25	0	NULO	18	6
2016-11-26	0	NULO	20	7.5
2016-11-27	0	NULO	23	6.5
2016-11-28	0	NULO	27	5.5
2016-11-29	0	NULO	26	6
2016-11-30	0	NULO	17.4	8
2016-12-01	0	NULO	25.7	10
2016-12-02	0	NULO	25.7	10
2016-12-03	0	NULO	21	10.4
2016-12-04	0	NULO	22	11
2016-12-05	0	NULO	23.6	12.1
2016-12-06	0	NULO	26.7	4.2
2016-12-07	0	NULO	22.6	4.8
2016-12-08	0	NULO	22.9	9
2016-12-09	0	NULO	23.6	11
2016-12-10	0	NULO	25	12.4
2016-12-11	0	NULO	27.1	13.1
2016-12-12	0	NULO	26.6	11.9
2016-12-13	0	NULO	26.1	12.8
2016-12-14	0	NULO	22	5.3
2016-12-15	0	NULO	23.9	8
2016-12-16	0	NULO	25.6	8.4
2016-12-17	0	NULO	25.3	9
2016-12-18	0	NULO	23.7	11
2016-12-19	0	NULO	25.2	9.4
2016-12-20	0	NULO	22.7	10
2016-12-21	0	NULO	23	6.2
2016-12-22	0	NULO	23.9	4.7
2016-12-23	0	NULO	26.2	7
2016-12-24	0	NULO	24.9	6.5
2016-12-25	0	NULO	25.8	5.7
2016-12-26	0	NULO	25.8	6
2016-12-27	0	NULO	23.5	6
2016-12-28	0	NULO	23.1	11.9
2016-12-29	0	NULO	18.1	7
2016-12-30	0	NULO	20.2	8
2016-12-31	0	NULO	25.5	5.7
2017-01-01	0	NULO	25.5	6
2017-01-02	0	NULO	26	5
2017-01-03	0	NULO	27.5	6
2017-01-04	0	NULO	27	4.5
2017-01-05	0	NULO	26	4
2017-01-06	0	NULO	28	5
2017-01-07	0	NULO	15	6
2017-01-08	0	NULO	17	5
2017-01-09	0	NULO	18	4
2017-01-10	0	NULO	24	1
2017-01-11	0	NULO	24	0.5
2017-01-12	0	NULO	26	3
2017-01-13	0	NULO	27	4.5
2017-01-14	0	NULO	23	5
2017-01-15	0	NULO	24.5	5
2017-01-16	0	NULO	23	5
2017-01-17	0	NULO	23	5
2017-01-18	0	NULO	26	4.5
2017-01-19	0	NULO	27	6
2017-01-20	0	NULO	25	8
2017-01-21	0	NULO	24	9
2017-01-22	0	NULO	24	6
2017-01-23	0	NULO	25	2
2017-01-24	0	NULO	25	2.5
2017-01-25	0	NULO	26	5
2017-01-26	0	NULO	23	6
2017-01-27	0	NULO	24	5
2017-01-28	0	NULO	13	5
2017-01-29	0	NULO	19	4.5
2017-01-30	0	NULO	22	4
2017-01-31	0	NULO	25	2
2017-02-01	0	NULO	25	3.5
2017-02-02	0	NULO	26	6
2017-02-03	0	NULO	21	8
2017-02-04	0	NULO	25	10
2017-02-05	0	NULO	25.5	6
2017-02-06	0	NULO	26	5
2017-02-07	0	NULO	27.5	6.5
2017-02-08	0	NULO	28	7
2017-02-09	0	NULO	27	6
2017-02-10	0	NULO	28	8
2017-02-11	0	NULO	27.5	8
2017-02-12	0	NULO	26	3.5
2017-02-13	0	NULO	27	6
2017-02-14	0	NULO	27	7
2017-02-15	0	NULO	24	10
2017-02-16	0	NULO	26	5
2017-02-17	0	NULO	25.5	6
2017-02-18	0	NULO	26	5
2017-02-19	0	NULO	24	4.5
2017-02-20	0	NULO	25	6
2017-02-21	0	NULO	22	10
2017-02-22	0	NULO	25	2.5
2017-02-23	0	NULO	25	4
2017-02-24	0	NULO	26	5
2017-02-25	0	NULO	27.5	6
2017-02-26	0	NULO	28.5	5
2017-02-27	0	NULO	27	6
2017-02-28	0	NULO	21.5	7
2017-03-01	0	NULO	21.5	7
2017-03-02	0	NULO	21	11
2017-03-03	0	NULO	23	11
2017-03-04	0	NULO	22	10
2017-03-05	0	NULO	18	10
2017-03-06	0	NULO	26	7
2017-03-07	0	NULO	24	7
2017-03-08	0	NULO	24	9
2017-03-09	0	NULO	23	8
2017-03-10	0	NULO	24	9
2017-03-11	0	NULO	19.5	10
2017-03-12	0	NULO	23	11
2017-03-13	0	NULO	21	7
2017-03-14	0	NULO	21	7.5
2017-03-15	0	NULO	22	7
2017-03-16	0	NULO	22	8
2017-03-17	0	NULO	21	7
2017-03-18	0	NULO	22	9
2017-03-19	0	NULO	25	10
2017-03-20	0	NULO	26.5	5
2017-03-21	0	NULO	26	6
2017-03-22	0	NULO	27	6
2017-03-23	0	NULO	26	6.5
2017-03-24	0	NULO	27	9
2017-03-25	0	NULO	28	11
2017-03-26	0.5	NULO	29.5	8
2017-03-27	1	NULO	28.5	8
2017-03-28	0	NULO	29.5	9
2017-03-29	0	NULO	24	12
2017-03-30	0	NULO	25	9
2017-03-31	0	NULO	29.5	10
2017-04-01	0	NULO	29.5	6
2017-04-02	0	NULO	29.5	6
2017-04-03	0	NULO	30	6.5
2017-04-04	0	NULO	29	8
2017-04-05	0	NULO	27	9
2017-04-06	0	NULO	28	9
2017-04-07	0	NULO	29	8
2017-04-08	0	NULO	30.5	10
2017-04-09	0	NULO	28	10
2017-04-10	0	NULO	25	9
2017-04-11	0	NULO	24.5	10
2017-04-12	0	NULO	25	11
2017-04-13	0	NULO	23	10
2017-04-14	0	NULO	27.5	11
2017-04-15	0	NULO	26.5	10
2017-04-16	0	NULO	26	12
2017-04-17	1	NULO	24.5	8
2017-04-18	0.5	NULO	22	11
2017-04-19	1	NULO	22	6
2017-04-20	0	NULO	23	5
2017-04-21	0	NULO	28.5	9
2017-04-22	0	NULO	22.5	10
2017-04-23	0	NULO	28.5	10
2017-04-24	0	NULO	29.5	9
2017-04-25	0	NULO	30.5	9
2017-04-26	0	NULO	25	12
2017-04-27	0	NULO	27	8
2017-04-28	0	NULO	31.5	10
2017-04-29	0	NULO	29.5	9
2017-04-30	0	NULO	31	9
2017-05-01	0	NULO	31	11
2017-05-02	0	NULO	29	13
2017-05-03	0	NULO	28	13
2017-05-04	0	NULO	27	14
2017-05-05	0	NULO	28.5	11
2017-05-06	0	NULO	29	8
2017-05-07	1.5	NULO	28	12
2017-05-08	0.5	NULO	27	13.5
2017-05-09	0	NULO	30	10
2017-05-10	0	NULO	28	12
2017-05-11	0	NULO	27	12
2017-05-12	0	NULO	28.5	13
2017-05-13	0	NULO	27	12
2017-05-14	0	NULO	26.5	14.5
2017-05-15	0	NULO	30.5	13
2017-05-16	0	NULO	31	12
2017-05-17	0	NULO	30	13
2017-05-18	0	NULO	31.5	14
2017-05-19	0	NULO	32	15
2017-05-20	0	NULO	30	12
2017-05-21	0	NULO	31.5	14
2017-05-22	0	NULO	34	16
2017-05-23	0	NULO	33.5	14
2017-05-24	0	NULO	33	16
2017-05-25	0	NULO	32	14
2017-05-26	0	NULO	25	14
2017-05-27	0	NULO	24	13
2017-05-28	0	NULO	27	12
2017-05-29	0	NULO	24	14
2017-05-30	0	NULO	29	12
2017-05-31	0	NULO	29	11
2017-06-01	0	NULO	29	13
2017-06-02	0	NULO	28	11
2017-06-03	0	NULO	31	10
2017-06-04	0	NULO	31.5	12
2017-06-05	0	NULO	30	15
2017-06-06	2.5	NULO	28	15
2017-06-07	0	NULO	26	12
2017-06-08	0	NULO	25	14
2017-06-09	0	NULO	24	14
2017-06-10	0	NULO	30	11
2017-06-11	0	NULO	30	15
2017-06-12	0	NULO	27	13
2017-06-13	1.5	NULO	25.5	11
2017-06-14	0	NULO	26	16
2017-06-15	0	NULO	26	15
2017-06-16	0	NULO	25	14
2017-06-17	0	NULO	27	15
2017-06-18	0	NULO	26	10
2017-06-19	0	NULO	25	11
2017-06-20	0	NULO	28	9
2017-06-21	0	NULO	27	10
2017-06-22	0	NULO	25	11
2017-06-23	0	NULO	27	10
2017-06-24	0	NULO	24	11
2017-06-25	3.5	NULO	26.5	14
2017-06-26	2	NULO	25	15
2017-06-27	0.01	NULO	27	14
2017-06-28	0	NULO	23	15
2017-06-29	0	NULO	23	14
2017-06-30	0	NULO	22	12
2017-07-01	0	NULO	22	11
2017-07-02	0	NULO	25.5	13
2017-07-03	0	NULO	26	15
2017-07-04	0	NULO	25	13
2017-07-05	0	NULO	26	11
2017-07-06	0	NULO	25	12
2017-07-07	0	NULO	23	10
2017-07-08	0	NULO	21	13.5
2017-07-09	0	NULO	20	16
2017-07-10	0	NULO	21	15
2017-07-11	0	NULO	22	15
2017-07-12	0	NULO	23	13
2017-07-13	0	NULO	24	14
2017-07-14	0	NULO	25	12
2017-07-15	0	NULO	26	13
2017-07-16	0	NULO	25.5	11
2017-07-17	0	NULO	25	11
2017-07-18	0	NULO	24	13
2017-07-19	0	NULO	26.5	12
2017-07-20	0	NULO	25	12
2017-07-21	0	NULO	26	11
2017-07-22	0	NULO	25	10
2017-07-23	0	NULO	26	12
2017-07-24	0	NULO	25	14
2017-07-25	0	NULO	26	15
2017-07-26	0	NULO	27	15
2017-07-27	0	NULO	25	16
2017-07-28	0	NULO	27.5	15
2017-07-29	0	NULO	28.5	15
2017-07-30	0	NULO	27	10
2017-07-31	0	NULO	28	9
2017-08-01	0	NULO	28	10
2017-08-02	0	NULO	27	13
2017-08-03	0	NULO	27	15
2017-08-04	0	NULO	28	14
2017-08-05	0	NULO	30	16
2017-08-06	0	NULO	29.5	15
2017-08-07	0	NULO	26	13
2017-08-08	0	NULO	26	12
2017-08-09	0	NULO	25	11
2017-08-10	0	NULO	25	12
2017-08-11	0	NULO	24	12
2017-08-12	0	NULO	27	10
2017-08-13	0	NULO	28	12
2017-08-14	0	NULO	27	13
2017-08-15	0	NULO	27	12
2017-08-16	0	NULO	26	13
2017-08-17	0	NULO	25	14
2017-08-18	0	NULO	25	12
2017-08-19	0	NULO	26.5	13
2017-08-20	0	NULO	24	15
2017-08-21	0	NULO	25.5	14
2017-08-22	0	NULO	26	13
2017-08-23	0	NULO	25	13
2017-08-24	0	NULO	24	12
2017-08-25	0	NULO	26	10
2017-08-26	0	NULO	27	11
2017-08-27	0	NULO	25	12
2017-08-28	0	NULO	21	13
2017-08-29	1	NULO	22	15
2017-08-30	0	NULO	23.5	12
2017-08-31	0	NULO	24	12
2017-09-01	0	NULO	24	16
2017-09-02	0	NULO	22	14
2017-09-03	0	NULO	23	15
2017-09-04	0	NULO	25	15
2017-09-05	0	NULO	25	15
2017-09-06	0	NULO	24	14
2017-09-07	0	NULO	22	13
2017-09-08	0	NULO	21	14
2017-09-09	0	NULO	18	12
2017-09-10	0	NULO	21	14
2017-09-11	0	NULO	23	7
2017-09-12	0	NULO	26	6
2017-09-13	0	NULO	27	7
2017-09-14	0	NULO	27	8
2017-09-15	0	NULO	26	9
2017-09-16	0	NULO	25	10
2017-09-17	0	NULO	27	14
2017-09-18	0	NULO	26	13
2017-09-19	0	NULO	26	12
2017-09-20	0	NULO	25	13
2017-09-21	0	NULO	25	14
2017-09-22	0	NULO	24	13
2017-09-23	0	NULO	25	12
2017-09-24	2	NULO	26	12
2017-09-25	0	NULO	25	13
2017-09-26	0	NULO	24	16
2017-09-27	0	NULO	23	16
2017-09-28	0	NULO	23	16
2017-09-29	0	NULO	22	14
2017-09-30	0	NULO	21	14
2017-10-01	0	NULO	21	14
2017-10-02	0	NULO	20	14
2017-10-03	0	NULO	21	14
2017-10-04	0	NULO	25	15
2017-10-05	0	NULO	26	14
2017-10-06	0	NULO	27	15
2017-10-07	0	NULO	26	15
2017-10-08	0	NULO	26	10
2017-10-09	0	NULO	24	12
2017-10-10	0	NULO	20	13
2017-10-11	0	NULO	22	14
2017-10-12	0	NULO	24	12
2017-10-13	0	NULO	24	12
2017-10-14	0	NULO	23	11
2017-10-15	0	NULO	20	11
2017-10-16	0	NULO	19	12
2017-10-17	0	NULO	24	11
2017-10-18	0	NULO	20	7
2017-10-19	0	NULO	20	8
2017-10-20	0	NULO	24	7
2017-10-21	0	NULO	27	9
2017-10-22	0	NULO	21	8
2017-10-23	1	NULO	20	9
2017-10-24	0	NULO	16	8
2017-10-25	0	NULO	23	9
2017-10-26	0	NULO	24	5
2017-10-27	0	NULO	23	6
2017-10-28	0	NULO	22	7
2017-10-29	0	NULO	25	6
2017-10-30	0	NULO	26	8.5
2017-10-31	0	NULO	22	11
2017-11-01	0	NULO	22	12
2017-11-02	0	NULO	21	12
2017-11-03	0	NULO	20	11
2017-11-04	0	NULO	26	10
2017-11-05	0	NULO	27	6
2017-11-06	0	NULO	25	3.5
2017-11-07	0	NULO	25	4.5
2017-11-08	0	NULO	26	3
2017-11-09	0	NULO	26	5
2017-11-10	0	NULO	25	7
2017-11-11	0	NULO	22	8
2017-11-12	0	NULO	21	8
2017-11-13	0	NULO	21	10
2017-11-14	0	NULO	20	9
2017-11-15	0	NULO	21	5
2017-11-16	0	NULO	22	5
2017-11-17	0	NULO	21	6
2017-11-18	0	NULO	23	6
2017-11-19	0	NULO	22	7
2017-11-20	0	NULO	25	8
2017-11-21	0	NULO	22	6
2017-11-22	0	NULO	21	7
2017-11-23	0	NULO	24	0
2017-11-24	0	NULO	25	3
2017-11-25	0	NULO	20	5
2017-11-26	0	NULO	20	2
2017-11-27	0	NULO	21	4
2017-11-28	0	NULO	20	3
2017-11-29	0	NULO	21	3
2017-11-30	0	NULO	20	3.5
2017-12-01	0	NULO	20	3.5
2017-12-02	0	NULO	23	4
2017-12-03	0	NULO	25	6
2017-12-04	0	NULO	25.5	6
2017-12-05	0	NULO	22	8
2017-12-06	0	NULO	25	7
2017-12-07	0	NULO	23	6
2017-12-08	0	NULO	20	5
2017-12-09	0	NULO	19	4
2017-12-10	0	NULO	18	-2
2017-12-11	0	NULO	17	-4
2017-12-12	0	NULO	18	-3
2017-12-13	0	NULO	19	-1
2017-12-14	0	NULO	21	2
2017-12-15	0	NULO	19	4
2017-12-16	0	NULO	21	3
2017-12-17	0	NULO	22	5
2017-12-18	0	NULO	21	4
2017-12-19	0	NULO	20	5
2017-12-20	0	NULO	22	5
2017-12-21	0	NULO	23	6
2017-12-22	0	NULO	23	5
2017-12-23	0	NULO	24	0.5
2017-12-24	0	NULO	25	6
2017-12-25	0	NULO	24	5
2017-12-26	0	NULO	29	6
2017-12-27	0	NULO	20	3.5
2017-12-28	0	NULO	21	6
2017-12-29	0	NULO	20	5
2017-12-30	0	NULO	21	4
2017-12-31	0	NULO	20	4
2018-05-03	0	NULO	NULO	NULO
2018-05-04	0	4.23	24	9
2018-05-05	2	6.11	25	8
2018-05-06	1	6	27	7
2018-05-07	2	7.09	28	6
2018-05-08	0	6	28	8
2018-05-09	0	5.28	29	9
2018-05-10	0	3.91	28	11
2018-05-11	0	4.85	27	9
2018-05-12	0	4.29	26	8
2018-05-13	0	3.79	28	7
2018-05-14	2	7.27	27	6
2018-05-15	2	5.87	26	9
2018-05-16	1.5	6.18	26	10
2018-05-17	2	8.66	25	11
2018-05-18	0	5.1	23	9
2018-05-19	0	5.17	24	8
2018-05-20	0	3.96	25	8
2018-05-21	0.01	5.84	25	7
2018-05-22	0.01	5.18	26	7
2018-05-23	2	6.82	29	8
2018-05-24	3	8.13	30	9
2018-05-25	1	5.56	27	9
2018-05-26	1	6.22	28	10
2018-05-27	0	3.14	29	10
2018-05-28	0	5.11	26	9
2018-05-29	0	2.69	25	9
2018-05-30	0	3.16	26	8
2018-05-31	0	5.09	26	7
2018-06-01	0	6.3	26	11
2018-06-02	0	10.38	25	9
2018-06-03	1	3.17	27	6
2018-06-04	2	4.06	28	6
2018-06-05	0	5.91	27	8
2018-06-06	0	3.94	25	8
2018-06-07	0	4.28	24	8
2018-06-08	0	4.08	25	6
2018-06-09	0	6	27	8
2018-06-10	0	4.21	26	7
2018-06-11	0	6.09	25	8
2018-06-12	0.01	0.51	25	7
2018-06-13	0	3.76	24	6
2018-06-14	0	1.07	27	6
2018-06-15	0	5.73	27	9
2018-06-16	0	3.81	25	7
2018-06-17	0	4.61	27	8
2018-06-18	0	5.88	28	7
2018-06-19	0	6.13	30	6
2018-06-20	0	3.29	29	6
2018-06-21	0	3.26	29	7
2018-06-22	3	4.25	26	6
2018-06-23	2	3.55	24	9
2018-06-24	2.5	3.56	25	7
2018-06-25	0	3.58	26	7
2018-06-26	0	4.58	29	8
2018-06-27	0	6.99	27	6
2018-06-28	0	6.85	30	9
2018-06-29	0	14.22	29	7
2018-06-30	0	13.94	25	8
2018-07-01	0	6.21	21	7
2018-07-02	0	5.88	25	9
2018-07-03	1	6.44	29	11
2018-07-04	2	8.25	28	9
2018-07-05	0	6.25	24	11
2018-07-06	0	5.73	27	7
2018-07-07	0	6.19	23	10
2018-07-08	0	7.26	25	9
2018-07-09	0	5.09	26	7
2018-07-10	0	6.08	23	6
2018-07-11	0	5.72	29	10
2018-07-12	0.01	5.8	26	8
2018-07-13	0	5.92	24	11
2018-07-14	0	5.77	24	11
2018-07-15	0	6.25	28	10
2018-07-16	0	4	27	9
2018-07-17	0	4.71	26	9
2018-07-18	0	5.27	20	7
2018-07-19	0	6.58	21	6
2018-07-20	0	6.81	27	10
2018-07-21	0	2.5	23	11
2018-07-22	3	6.11	29	6
2018-07-23	2	5.69	27	7
2018-07-24	2.5	6.6	23	8
2018-07-25	0	3.95	25	7
2018-07-26	0	5.08	24	11
2018-07-27	0	6.48	26	9
2018-07-28	0	7.06	29	8
2018-07-29	0	6.85	27	7
2018-07-30	0	5.94	30	7
2018-07-31	0	6.95	28	8
2018-08-01	0	6.75	29	9
2018-08-02	0	5.21	30	10
2018-08-03	1	5.86	24	10
2018-08-04	2	8.11	29	11
2018-08-05	2	8.08	25	11
2018-08-06	0	5.28	29	9
2018-08-07	0	6.2	30	8
2018-08-08	0	5.01	26	7
2018-08-09	0	4.74	29	7
2018-08-10	0	5.61	25	9
2018-08-11	0	4.57	27	7
2018-08-12	0	6.13	24	8
2018-08-13	0	5.08	24	9
2018-08-14	0	3.49	26	13
2018-08-15	0	5.04	30	11
2018-08-16	0	3.96	26	11
2018-08-17	3	7.77	30	9
2018-08-18	2	7.08	27	10
2018-08-19	2	8.12	26	9
2018-08-20	1	5.02	24	8
2018-08-21	0	5.03	29	8
2018-08-22	0	6.17	26	7
2018-08-23	0	5.11	27	9
2018-08-24	0.01	5.26	27	11
2018-08-25	0.01	5.76	30	13
2018-08-26	0	5.27	27	11
2018-08-27	0	6.09	29	11
2018-08-28	0	5.23	30	10
2018-08-29	0	6.49	26	9
2018-08-30	0	4.17	29	11
2018-08-31	0	4.66	29	7
2018-09-01	0	3.29	29	10
2018-09-02	0	4.29	26	11
2018-09-03	0	6.28	30	9
2018-09-04	0	5.81	29	10
2018-09-05	0	5.3	27	10
2018-09-06	0	5.28	25	11
2018-09-07	0	4.03	26	12
2018-09-08	0.01	2.24	30	10
2018-09-09	0	10.04	29	14
2018-09-10	0	5.81	23	13
2018-09-11	0	6.55	25	13
2018-09-12	0	3.62	27	14
2018-09-13	0	4.51	24	13
2018-09-14	0	5.22	30	10
2018-09-15	0	6.71	29	10
2018-09-16	0	6.08	22	11
2018-09-17	0	0.15	27	12
2018-09-18	0	5.2	27	12
2018-09-19	0	0.72	26	9
2018-09-20	0	5.01	25	10
2018-09-21	0	6.12	24	11
2018-09-22	0.01	6.24	22	10
2018-09-23	0.01	5.83	29	11
2018-09-24	0	4.01	27	13
2018-09-25	0	5.11	26	11
2018-09-26	0	5.73	29	12
2018-09-27	0	3.44	30	10
2018-09-28	0	3.64	31	10
2018-09-29	0	5.77	29	11
2018-09-30	0	12.1	28	10
2018-10-01	0	0.09	26	11
2018-10-02	3	14.24	27	10
2018-10-03	0	3.88	26	12
2018-10-04	2	7.27	30	11
2018-10-05	1	7.24	30	10
2018-10-06	0	5.26	28	10
2018-10-07	6	6.91	29	9
2018-10-08	0	8.77	24	8
2018-10-09	0	9.03	26	10
2018-10-10	0	5.08	27	11
2018-10-11	0	6.79	31	11
2018-10-12	0	3.89	30	14
2018-10-13	0	5	27	13
2018-10-14	0	4.53	29	12
2018-10-15	0	7.1	30	13
2018-10-16	0	3.79	30	12
2018-10-17	0	4.88	29	11
2018-10-18	0	6.3	26	10
2018-10-19	0	5.44	27	10
2018-10-20	3	9.17	30	13
2018-10-21	1	5.99	29	14
2018-10-22	0	3.69	26	11
2018-10-23	0	7	29	9
2018-10-24	0	5.33	27	12
2018-10-25	0	6.73	28	13
2018-10-26	0	5.64	27	11
2018-10-27	0	5.22	26	9
2018-10-28	0	7.12	25	11
2018-10-29	0	5.77	26	14
2018-10-30	0	5.11	29	13
2018-10-31	0	6.43	25	11
2018-11-01	0	3.98	22	7
2018-11-02	0	6.13	25	7
2018-11-03	0	5.17	23	9
2018-11-04	0	4.55	23	10
2018-11-05	0	3.81	20	11
2018-11-06	0	4.96	25	9
2018-11-07	0	3.33	26	10
2018-11-08	0	5.66	24	10
2018-11-09	0	5.03	20	9
2018-11-10	0	3.64	21	7
2018-11-11	0	5.21	25	8
2018-11-12	0	3.07	25	9
2018-11-13	0	4.15	25	9
2018-11-14	0	2.79	23	8
2018-11-15	0	8.19	25	7
2018-11-16	0	3.33	20	7
2018-11-17	0	3.77	19	10
2018-11-18	0	5.11	21	8
2018-11-19	0	5.69	24	11
2018-11-20	0	5.1	23	10
2018-11-21	0	5.19	25	9
2018-11-22	0	3.74	23	8
2018-11-23	0	4.35	22	9
2018-11-24	0	3.77	23	9
2018-11-25	0	4.19	25	11
2018-11-26	0	3.27	26	10
2018-11-27	0	4.73	27	11
2018-11-28	2	5.19	25	10
2018-11-29	0	3.11	23	9
2018-11-30	0	3.71	22	10
2018-12-01	0	6.22	21	6
2018-12-02	0	4.12	20	7
2018-12-03	0	3.23	23	6
2018-12-04	0	2.99	22	5
2018-12-05	0	3.03	21	5
2018-12-06	0	2.68	22	6
2018-12-07	0	3.19	25	7
2018-12-08	0	3.01	21	6
2018-12-09	0	3.55	22	5
2018-12-10	0	2.08	23	5
2018-12-11	0	4.01	20	7
2018-12-12	0	3.99	21	7
2018-12-13	0	4.65	20	7
2018-12-14	0	5.45	20	6
2018-12-15	0	3.41	28	6
2018-12-16	0	2.7	22	12
2018-12-17	0	4.51	19	3
2018-12-18	0	3.1	18	5
2018-12-19	0	3.67	20	5
2018-12-20	0	4.16	21	4
2018-12-21	0	3.12	17	2
2018-12-22	0	3.22	16	4
2018-12-23	0	4.23	17	5
2018-12-24	0	2.11	20	4
2018-12-25	0	2.99	19	5
2018-12-26	0	3.14	20	6
2018-12-27	0	4.01	18	5
2018-12-28	0	3.55	19	7
2018-12-29	0	3.47	20	6
2018-12-30	0	2.47	19	5
2018-12-31	0	NULO	19	6
2019-01-01	0	2.61	18	7
2019-01-02	0	3.22	19	6
2019-01-03	0	3.63	16	7
2019-01-04	0	4.05	12	6
2019-01-05	0	3.11	16	5
2019-01-06	0	4.55	12	6
2019-01-07	0	3.94	16	4
2019-01-08	0	3.79	12	7
2019-01-09	0	3.19	13	6
2019-01-10	0	3.22	17	7
2019-01-11	0.01	3.18	22	8
2019-01-12	0	2.14	19	11
2019-01-13	0	2.77	21	9
2019-01-14	0	4.1	22	8
2019-01-15	0	3.75	21	7
2019-01-16	0	2.88	19	4
2019-01-17	0	2.84	17	3
2019-01-18	0	3.17	18	5
2019-01-19	0	4	19	4
2019-01-20	0	2.47	22	3
2019-01-21	0	3.55	20	2
2019-01-22	0	3.6	21	3
2019-01-23	0	2.19	21	3
2019-01-24	0	2.88	19	4
2019-01-25	0	3.21	20	5
2019-01-26	0	4.03	21	3
2019-01-27	0	3.27	20	4
2019-01-28	0	4.2	20	4
2019-01-29	0	2.48	21	5
2019-01-30	0	2.59	20	5
2019-01-31	0	NULO	21	5
2019-02-01	0	3.27	22	4
2019-02-02	0	4.22	19	5
2019-02-03	0	3.82	19	8
2019-02-04	0	4.28	20	7
2019-02-05	0	3.54	21	6
2019-02-06	0	3.5	21	6
2019-02-07	0	4.13	22	7
2019-02-08	0	4.6	21	7
2019-02-09	0	4.7	22	6
2019-02-10	0	4.75	21	7
2019-02-11	0	5.64	19	8
2019-02-12	0	5.34	20	7
2019-02-13	0	5.29	19	8
2019-02-14	0	5.91	21	7
2019-02-15	0	3.83	22	6
2019-02-16	0	4.96	22	7
2019-02-17	0	5.07	20	8
2019-02-18	0	5.53	20	7
2019-02-19	0	4.73	22	6
2019-02-20	0	5.06	23	6
2019-02-21	0	5.43	24	7
2019-02-22	0	3.95	23	7
2019-02-23	0	5.22	22	8
2019-02-24	0	5.31	21	7
2019-02-25	0	4	21	6
2019-02-26	0	5.9	19	7
2019-02-27	0	4.67	22	8
2019-02-28	0	5.27	24	6
2019-03-01	0	5.38	26	7
2019-03-02	0	5.6	27	6
2019-03-03	0	5.19	26	9
2019-03-04	0	4.77	25	8
2019-03-05	0	3.89	27	9
2019-03-06	0	5.21	28	8
2019-03-07	0	6.13	27	8
2019-03-08	0	4.77	26	7
2019-03-09	0	5.66	25	10
2019-03-10	0	6.1	26	8
2019-03-11	0	5.88	27	7
2019-03-12	0	6.34	26	9
2019-03-13	0	5.16	27	10
2019-03-14	0	5.7	25	9
2019-03-15	0	3.94	28	8
2019-03-16	0	5.08	26	7
2019-03-17	0	5.22	26	6
2019-03-18	0	3.55	25	6
2019-03-19	0	5.03	26	7
2019-03-20	0	4.53	27	8
2019-03-21	0	5.07	28	8
2019-03-22	0.01	5.59	26	7
2019-03-23	0	5.83	23	7
2019-03-24	0	5.11	27	8
2019-03-25	0	6.02	26	8
2019-03-26	0	5.06	25	7
2019-03-27	0	5.17	26	7
2019-03-28	0	4.95	27	6
2019-03-29	0	5.14	26	7
2019-03-30	0	4.13	27	8
2019-03-31	0	5.04	25	7
2019-04-01	0	3.01	24	8
2019-04-02	0	3.78	27	7
2019-04-03	0	5.21	30	10
2019-04-04	0.01	6	30	10
2019-04-05	0.01	4.79	27	10
2019-04-06	0	5.04	28	7
2019-04-07	0	4.69	28	10
2019-04-08	0	6.11	29	8
2019-04-09	0	5.2	30	7
2019-04-10	0	5.32	29	6
2019-04-11	0	6.43	28	7
2019-04-12	0	5.88	29	6
2019-04-13	0	5.06	27	7
2019-04-14	0	4.3	29	6
2019-04-15	0	5.22	28	7
2019-04-16	0	4.11	27	5
2019-04-17	0	5.87	28	6
2019-04-18	0	5.91	29	7
2019-04-19	0	4.47	27	6
2019-04-20	0	6.21	29	8
2019-04-21	0	NULO	28	7
2019-04-22	0	NULO	28	7
2019-04-23	0	NULO	29	8
2019-04-24	0	NULO	28	7
2019-04-25	0	NULO	30	7
2019-04-26	0	NULO	30	6
2019-04-27	0	NULO	29	7
2019-04-28	0	NULO	27	8
2019-04-29	0.01	NULO	27	8
2019-04-30	0	NULO	29	9
2019-05-01	2	NULO	30	6
2019-05-02	0	NULO	28	7
2019-05-03	1	NULO	29	7
2019-05-04	1	NULO	27	6
2019-05-05	2	NULO	26	11
2019-05-06	0	NULO	27	10
2019-05-07	0	NULO	28	7
2019-05-08	0	NULO	29	6
2019-05-09	0	NULO	27	7
2019-05-10	0	NULO	28	6
2019-05-11	0	NULO	27	7
2019-05-12	0	NULO	27	6
2019-05-13	0	NULO	26	7
2019-05-14	0	NULO	27	6
2019-05-15	0	NULO	26	7
2019-05-16	0	NULO	25	8
2019-05-17	0	NULO	28	9
2019-05-18	0	NULO	30	8
2019-05-19	0	NULO	29	8
2019-05-20	0	NULO	30	9
2019-05-21	0	NULO	36	7
2019-05-22	0	NULO	37	6
2019-05-23	0	NULO	37	17
2019-05-24	0	NULO	36	6
2019-05-25	0	NULO	38	7
2019-05-26	0	NULO	30	7
2019-05-27	0	NULO	28	7
2019-05-28	0	NULO	27	7
2019-05-29	1	NULO	30	8
2019-05-30	1	NULO	31	9
2019-05-31	0	NULO	30	9
2019-06-01	1	NULO	29	9
2019-06-02	1	NULO	30	10
2019-06-03	4	NULO	29	8
2019-06-04	7	NULO	28	9
2019-06-05	21	NULO	27	8
2019-06-06	0	NULO	26	7
2019-06-07	0	NULO	27	6
2019-06-08	0	NULO	28	6
2019-06-09	0	NULO	29	7
2019-06-10	2	NULO	27	9
2019-06-11	0	NULO	26	8
2019-06-12	1	NULO	27	7
2019-06-13	2	NULO	28	9
2019-06-14	0	NULO	27	7
2019-06-15	0	NULO	26	6
2019-06-16	0	NULO	27	7
2019-06-17	0	NULO	28	5
2019-06-18	45	NULO	29	7
2019-06-19	16	NULO	28	8
2019-06-20	7	NULO	29	7
2019-06-21	0	NULO	27	8
2019-06-22	5	NULO	29	7
2019-06-23	12	NULO	26	6
2019-06-24	0	NULO	24	7
2019-06-25	0	NULO	23	6
2019-06-26	0	NULO	23	7
2019-06-27	0	NULO	23	6
2019-06-28	0	NULO	25	7
2019-06-29	0	NULO	26	8
2019-06-30	0	NULO	24	7
2019-07-01	0	NULO	22	7
2019-07-02	0	NULO	23	8
2019-07-03	0	NULO	21	7
2019-07-04	0	NULO	24	9
2019-07-05	0	NULO	24	9
2019-07-06	0	NULO	26	8
2019-07-07	0	NULO	27	9
2019-07-08	0	NULO	28	8
2019-07-09	0	NULO	29	9
2019-07-10	0	NULO	28	7
2019-07-11	0	NULO	27	8
2019-07-12	0	NULO	26	9
2019-07-13	0	NULO	27	8
2019-07-14	0	NULO	25	7
2019-07-15	0	NULO	24	8
2019-07-16	0	NULO	26	8
2019-07-17	0	NULO	27	7
2019-07-18	0	NULO	25	7
2019-07-19	0	NULO	25	10
2019-07-20	0	NULO	26	11
2019-07-21	0	NULO	27	7
2019-07-22	0	NULO	24	8
2019-07-23	0	NULO	25	8
2019-07-24	0	NULO	20	7
2019-07-25	0	NULO	21	6
2019-07-26	0	NULO	20	7
2019-07-27	0	NULO	21	6
2019-07-28	0	NULO	22	5
2019-07-29	0	NULO	22	6
2019-07-30	0	NULO	21	7
2019-07-31	0	NULO	24	7
2019-08-01	0	NULO	25	7
2019-08-02	0	NULO	24	6
2019-08-03	0	NULO	26	8
2019-08-04	0	NULO	24	7
2019-08-05	0	NULO	24	7
2019-08-06	0	NULO	27	9
2019-08-07	0	NULO	29	8
2019-08-08	0	NULO	28	7
2019-08-09	0	NULO	26	8
2019-08-10	0	NULO	23	7
2019-08-11	0	NULO	21	9
2019-08-12	0	NULO	28	6
2019-08-13	0	NULO	26	9
2019-08-14	0	NULO	24	8
2019-08-15	0	NULO	23	8
2019-08-16	0	NULO	25	7
2019-08-17	0	NULO	29	8
2019-08-18	0	NULO	27	7
2019-08-19	0	NULO	23	6
2019-08-20	0	NULO	25	8
2019-08-21	0	NULO	26	6
2019-08-22	0	NULO	28	7
2019-08-23	6	NULO	29	7
2019-08-24	10	NULO	27	8
2019-08-25	4	NULO	26	7
2019-08-26	0	NULO	25	7
2019-08-27	0	NULO	23	8
2019-08-28	0	NULO	28	9
2019-08-29	0	NULO	26	7
2019-08-30	0	NULO	27	7
2019-08-31	0	NULO	25	8
2019-09-01	0	NULO	30	10
2019-09-02	0	NULO	29	11
2019-09-03	0	NULO	28	11
2019-09-04	0	NULO	30	10
2019-09-05	0	NULO	27	10
2019-09-06	0	NULO	29	9
2019-09-07	0	NULO	30	9
2019-09-08	0	NULO	27	8
2019-09-09	0	NULO	25	7
2019-09-10	0	NULO	24	7
2019-09-11	0	NULO	23	9
2019-09-12	0	NULO	27	8
2019-09-13	0	NULO	23	7
2019-09-14	0	NULO	25	7
2019-09-15	0	NULO	26	7
2019-09-16	0	NULO	28	9
2019-09-17	0	NULO	26	11
2019-09-18	0	NULO	29	10
2019-09-19	0	NULO	30	10
2019-09-20	0	NULO	29	7
2019-09-21	0	NULO	27	9
2019-09-22	0	NULO	28	7
2019-09-23	0	NULO	27	8
2019-09-24	0	NULO	26	8
2019-09-25	0	NULO	25	8
2019-09-26	0	NULO	23	9
2019-09-27	0	NULO	23	10
2019-09-28	0	NULO	20	9
2019-09-29	0.01	NULO	25	9
2019-09-30	NULO	NULO	23	10
2019-10-01	0	NULO	23	8
2019-10-02	0	NULO	21	10
2019-10-03	0	NULO	23	11
2019-10-04	0	NULO	24	11
2019-10-05	0	NULO	22	13
2019-10-06	0	NULO	25	12
2019-10-07	0	NULO	28	12
2019-10-08	0	NULO	27	11
2019-10-09	0	NULO	24	10
2019-10-10	0	NULO	26	11
2019-10-11	0	NULO	27	14
2019-10-12	0.01	NULO	25	12
2019-10-13	0.01	NULO	24	13
2019-10-14	0	NULO	27	12
2019-10-15	0	NULO	26	11
2019-10-16	0	NULO	23	12
2019-10-17	0	NULO	26	12
2019-10-18	0	NULO	26	13
2019-10-19	3	NULO	25	12
2019-10-20	0	NULO	23	11
2019-10-21	12	NULO	23	12
2019-10-22	2	NULO	24	15
2019-10-23	0	NULO	23	13
2019-10-24	0	NULO	22	11
2019-10-25	0	NULO	21	12
2019-10-26	0	NULO	20	10
2019-10-27	0	NULO	22	10
2019-10-28	0	NULO	23	11
2019-10-29	0	NULO	21	11
2019-10-30	0	NULO	20	10
2019-10-31	0	NULO	21	9
2019-11-01	0	NULO	23	7
2019-11-02	0	NULO	24	6
2019-11-03	0	NULO	23	6
2019-11-04	0	NULO	21	7
2019-11-05	0	NULO	20	6
2019-11-06	0	NULO	21	6
2019-11-07	0	NULO	22	8
2019-11-08	0	NULO	23	7
2019-11-09	0	NULO	24	8
2019-11-10	0	NULO	24	9
2019-11-11	0	NULO	25	10
2019-11-12	0	NULO	26	10
2019-11-13	0	NULO	23	9
2019-11-14	0	NULO	21	8
2019-11-15	0	NULO	24	8
2019-11-16	0	NULO	25	10
2019-11-17	0	NULO	26	9
2019-11-18	0	NULO	25	6
2019-11-19	0	NULO	26	8
2019-11-20	0	NULO	28	8
2019-11-21	0	NULO	27	7
2019-11-22	0	NULO	26	7
2019-11-23	0	NULO	26	8
2019-11-24	0	NULO	25	9
2019-11-25	0	NULO	28	10
2019-11-26	0	NULO	27	11
2019-11-27	0	NULO	24	10
2019-11-28	0	NULO	25	9
2019-11-29	0	NULO	26	8
2019-11-30	0	NULO	25	7
2019-12-01	0	NULO	25	8
2019-12-02	0	NULO	22	7
2019-12-03	0	NULO	27	8
2019-12-04	0	NULO	23	7
2019-12-05	0	NULO	21	6
2019-12-06	0	NULO	22	6
2019-12-07	0	NULO	21	5
2019-12-08	0	NULO	21	6
2019-12-09	0	NULO	22	7
2019-12-10	0	NULO	21	6
2019-12-11	0	NULO	21	6
2019-12-12	0	NULO	24	7
2019-12-13	0	NULO	20	8
2019-12-14	0	NULO	18	7
2019-12-15	0	NULO	14	8
2019-12-16	0	NULO	12	7
2019-12-17	0	NULO	13	6
2019-12-18	0	NULO	12	7
2019-12-19	0	NULO	10	7
2019-12-20	2	NULO	10	8
2019-12-21	7	NULO	11	8
2019-12-22	0	NULO	16	7
2019-12-23	0	NULO	16	7
2019-12-24	0	NULO	19	9
2019-12-25	0	NULO	17	8
2019-12-26	0	NULO	16	7
2019-12-27	0	NULO	17	8
2019-12-28	0	NULO	18	7
2019-12-29	0	NULO	19	6
2019-12-30	0	NULO	22	7
2019-12-31	0	NULO	21	8
2020-01-01	0	NULO	20	6
2020-01-02	0	NULO	21	6
2020-01-03	0	NULO	21	7
2020-01-04	0	NULO	23	7
2020-01-05	0	NULO	24	8
2020-01-06	0	NULO	25	8
2020-01-07	0	NULO	26	10
2020-01-08	0	NULO	23	11
2020-01-09	0	NULO	22	11
2020-01-10	0	NULO	24	12
2020-01-11	0	NULO	21	11
2020-01-12	1	NULO	19	9
2020-01-13	2	NULO	17	8
2020-01-14	3	NULO	16	7
2020-01-15	0	NULO	17	8
2020-01-16	0	NULO	18	9
2020-01-17	0	NULO	19	7
2020-01-18	0	NULO	17	8
2020-01-19	0	NULO	18	9
2020-01-20	0	NULO	19	7
2020-01-21	0	NULO	17	8
2020-01-22	0	NULO	20	7
2020-01-23	0	NULO	21	9
2020-01-24	0	NULO	20	7
2020-01-25	0	NULO	23	7
2020-01-26	0	NULO	20	9
2020-01-27	0	NULO	23	8
2020-01-28	0	NULO	24	8
2020-01-29	0	NULO	24	7
2020-01-30	0	NULO	25	9
2020-01-31	0	NULO	23	8
2020-02-01	0	NULO	21	8
2020-02-02	0	NULO	22	7
2020-02-03	0	NULO	23	6
2020-02-04	0	NULO	19	5
2020-02-05	0	NULO	17	2
2020-02-06	0	NULO	18	3
2020-02-07	0	NULO	17	3
2020-02-08	0	NULO	19	4
2020-02-09	0	NULO	20	6
2020-02-10	0	NULO	22	8
2020-02-11	0	NULO	24	8
2020-02-12	0	NULO	23	10
2020-02-13	0	NULO	20	11
2020-02-14	0	NULO	22	9
2020-02-15	0	NULO	21	7
2020-02-16	0	NULO	23	6
2020-02-17	0	NULO	22	7
2020-02-18	0	NULO	21	8
2020-02-19	0	NULO	23	9
2020-02-20	0	NULO	22	10
2020-02-21	0	NULO	21	9
2020-02-22	0	NULO	20	8
2020-02-23	0	NULO	19	9
2020-02-24	0	NULO	20	8
2020-02-25	0	NULO	19	7
2020-02-26	0	NULO	17	6
2020-02-27	0	NULO	18	6
2020-02-28	0	NULO	19	5
2020-02-29	0	NULO	22	4
2020-03-01	0	NULO	25	10
2020-03-02	0	NULO	26	12
2020-03-03	0	NULO	27	12
2020-03-04	0	NULO	28	13
2020-03-05	0	NULO	27	14
2020-03-06	0	NULO	24	11
2020-03-07	0	NULO	25	12
2020-03-08	0	NULO	23	11
2020-03-09	0	NULO	24	10
2020-03-10	0	NULO	23	11
2020-03-11	0	NULO	21	13
2020-03-12	0	NULO	23	11
2020-03-13	0	NULO	24	12
2020-03-14	0	NULO	25	10
2020-03-15	0	NULO	27	11
2020-03-16	0	NULO	26	11
2020-03-17	0	NULO	23	12
2020-03-18	0	NULO	21	13
2020-03-19	0	NULO	23	13
2020-03-20	0	NULO	21	12
2020-03-21	0	NULO	22	13
2020-03-22	0	NULO	23	10
2020-03-23	0	NULO	22	11
2020-03-24	0	NULO	21	12
2020-03-25	0	NULO	23	13
2020-03-26	0	NULO	24	13
2020-03-27	0	NULO	22	13
2020-03-28	0	NULO	21	11
2020-03-29	0	NULO	24	12
2020-03-30	0	NULO	23	10
2020-03-31	0	NULO	22	11
2020-04-01	0	NULO	22	11
2020-04-02	0	NULO	21	9
2020-04-03	0	NULO	22	10
2020-04-04	0	NULO	20	11
2020-04-05	0	NULO	21	13
2020-04-06	0	NULO	23	14
2020-04-07	0	NULO	24	14
2020-04-08	0	NULO	25	13
2020-04-09	0	NULO	22	10
2020-04-10	0	NULO	20	9
2020-04-11	0	NULO	21	11
2020-04-12	0	NULO	23	12
2020-04-13	0	NULO	24	11
2020-04-14	2	NULO	24	10
2020-04-15	0	NULO	23	12
2020-04-16	0	NULO	24	13
2020-04-17	16	NULO	26	11
2020-04-18	0	NULO	25	12
2020-04-19	0	NULO	24	12
2020-04-20	0	NULO	26	10
2020-04-21	0	NULO	25	12
2020-04-22	0	NULO	24	11
2020-04-23	0	NULO	22	10
2020-04-24	1	NULO	21	9
2020-04-25	0	NULO	23	11
2020-04-26	0	NULO	24	9
2020-04-27	0	NULO	26	10
2020-04-28	0	NULO	25	8
2020-04-29	0.01	NULO	24	8
2020-04-30	0	NULO	23	9
2020-05-01	0	NULO	22	10
2020-05-02	0	NULO	23	9
2020-05-03	0	NULO	22	8
2020-05-04	0	NULO	20	9
2020-05-05	0	NULO	21	9
2020-05-06	0	NULO	20	8
2020-05-07	5	NULO	20	9
2020-05-08	0	NULO	21	9
2020-05-09	0	NULO	22	9
2020-05-10	0	NULO	23	10
2020-05-11	0	NULO	24	9
2020-05-12	0	NULO	25	8
2020-05-13	0	NULO	24	9
2020-05-14	0	NULO	22	10
2020-05-15	0	NULO	23	9
2020-05-16	0	NULO	25	8
2020-05-17	0	NULO	26	9
2020-05-18	0	NULO	26	10
2020-05-19	0	NULO	24	10
2020-05-20	0	NULO	26	9
2020-05-21	0	NULO	25	11
2020-05-22	0	NULO	24	9
2020-05-23	0	NULO	23	11
2020-05-24	0	NULO	22	10
2020-05-25	0	NULO	23	9
2020-05-26	0	NULO	22	10
2020-05-27	0	NULO	21	9
2020-05-28	0	NULO	20	11
2020-05-29	0	NULO	21	7
2020-05-30	0	NULO	22	8
2020-05-31	0	NULO	25	7
2020-06-01	0	NULO	28	11
2020-06-02	0	NULO	29	10
2020-06-03	0	NULO	29	10
2020-06-04	0	NULO	30	9
2020-06-05	0	NULO	29	8
2020-06-06	0	NULO	27	9
2020-06-07	16	NULO	27	10
2020-06-08	2	NULO	26	10
2020-06-09	0	NULO	24	9
2020-06-10	0	NULO	27	9
2020-06-11	0	NULO	26	13
2020-06-12	0	NULO	27	10
2020-06-13	0	NULO	29	10
2020-06-14	0	NULO	30	9
2020-06-15	6	NULO	27	10
2020-06-16	2	NULO	26	11
2020-06-17	0	NULO	27	9
2020-06-18	0	NULO	24	8
2020-06-19	0	NULO	25	9
2020-06-20	0	NULO	23	7
2020-06-21	0	NULO	24	9
2020-06-22	0	NULO	27	10
2020-06-23	0	NULO	25	11
2020-06-24	0	NULO	26	10
2020-06-25	0	NULO	24	9
2020-06-26	0	NULO	24	10
2020-06-27	0	NULO	23	8
2020-06-28	0	NULO	22	9
2020-06-29	0	NULO	27	10
2020-06-30	0	NULO	26	9
2020-07-01	0	NULO	28	8
2020-07-02	0	NULO	27	9
2020-07-03	0	NULO	25	9
2020-07-04	0	NULO	23	9
2020-07-05	0	NULO	24	8
2020-07-06	0	NULO	26	9
2020-07-07	2	NULO	24	10
2020-07-08	25	NULO	25	10
2020-07-09	0	NULO	26	9
2020-07-10	0	NULO	27	8
2020-07-11	0	NULO	25	8
2020-07-12	0	NULO	26	9
2020-07-13	0	NULO	27	10
2020-07-14	0	NULO	28	11
2020-07-15	0	NULO	29	12
2020-07-16	0	NULO	26	11
2020-07-17	0	NULO	23	11
2020-07-18	0	NULO	26	12
2020-07-19	16	NULO	25	13
2020-07-20	0	NULO	23	12
2020-07-21	0	NULO	24	10
2020-07-22	0	NULO	27	9
2020-07-23	0	NULO	29	11
2020-07-24	0	NULO	24	9
2020-07-25	8	NULO	24	10
2020-07-26	0	NULO	25	10
2020-07-27	0	NULO	24	11
2020-07-28	0	NULO	25	12
2020-07-29	0	NULO	28	10
2020-07-30	0	NULO	27	11
2020-07-31	0	NULO	25	11
2020-08-01	0	NULO	26	13
2020-08-02	0	NULO	27	12
2020-08-03	0	NULO	25	11
2020-08-04	0	NULO	22	10
2020-08-05	0	NULO	24	11
2020-08-06	0	NULO	25	10
2020-08-07	0	NULO	26	10
2020-08-08	0	NULO	27	10
2020-08-09	0	NULO	27	11
2020-08-10	0	NULO	26	10
2020-08-11	0	NULO	28	10
2020-08-12	0	NULO	29	9
2020-08-13	0	NULO	27	9
2020-08-14	0	NULO	28	11
2020-08-15	0	NULO	26	10
2020-08-16	0	NULO	27	9
2020-08-17	0	NULO	28	11
2020-08-18	0	NULO	27	11
2020-08-19	0	NULO	29	10
2020-08-20	0	NULO	23	10
2020-08-21	3	NULO	25	11
2020-08-22	0	NULO	27	9
2020-08-23	0	NULO	28	9
2020-08-24	0	NULO	23	10
2020-08-25	0	NULO	27	9
2020-08-26	0	NULO	23	9
2020-08-27	0	NULO	22	10
2020-08-28	0	NULO	25	11
2020-08-29	0	NULO	28	9
2020-08-30	0	NULO	27	10
2020-08-31	0	NULO	25	11
2020-09-01	12	NULO	19	9
2020-09-02	0	NULO	20	9
2020-09-03	0	NULO	22	7
2020-09-04	0	NULO	23	7
2020-09-05	3	NULO	24	6
2020-09-06	2	NULO	22	6
2020-09-07	0	NULO	23	5
2020-09-08	0	NULO	24	7
2020-09-09	4	NULO	21	6
2020-09-10	5	NULO	20	5
2020-09-11	7	NULO	19	7
2020-09-12	5	NULO	20	5
2020-09-13	6.5	NULO	22	6
2020-09-14	4	NULO	21	7
2020-09-15	4	NULO	20	7
2020-09-16	3	NULO	19	8
2020-09-17	2	NULO	20	6
2020-09-18	4	NULO	22	5
2020-09-19	0	NULO	23	6
2020-09-20	0	NULO	20	7
2020-09-21	0	NULO	21	9
2020-09-22	0	NULO	20	7
2020-09-23	0	NULO	25	8
2020-09-24	0	NULO	21	7
2020-09-25	3	NULO	22	7
2020-09-26	0	NULO	23	6
2020-09-27	0	NULO	24	5
2020-09-28	0	NULO	24	8
2020-09-29	0	NULO	23	9
2020-09-30	0	NULO	24	8
2020-10-01	0	NULO	25	8
2020-10-02	0	NULO	24	7
2020-10-03	0	NULO	26	7
2020-10-04	0	NULO	26	8
2020-10-05	0	NULO	24	7
2020-10-06	0	NULO	21	7
2020-10-07	0	NULO	24	6
2020-10-08	0	NULO	26	6
2020-10-09	0	NULO	25	7
2020-10-10	0	NULO	28	7
2020-10-11	0	NULO	27	5
2020-10-12	0	NULO	26	8
2020-10-13	0	NULO	25	9
2020-10-14	0	NULO	26	7
2020-10-15	0	NULO	23	5
2020-10-16	0	NULO	21	6
2020-10-17	0	NULO	27	7
2020-10-18	0	NULO	26	6
2020-10-19	0	NULO	21	7
2020-10-20	0	NULO	29	8
2020-10-21	0	NULO	26	7
2020-10-22	0	NULO	27	6
2020-10-23	0	NULO	24	5
2020-10-24	0	NULO	23	6
2020-10-25	0	NULO	26	7
2020-10-26	0	NULO	26	6
2020-10-27	0	NULO	23	7
2020-10-28	0	NULO	25	6
2020-10-29	0	NULO	25	7
2020-10-30	0	NULO	24	8
2020-10-31	0	NULO	25	9
2020-11-01	0	NULO	26	11
2020-11-02	0	NULO	27	10
2020-11-03	0	NULO	26	12
2020-11-04	0	NULO	30	11
2020-11-05	0	NULO	29	10
2020-11-06	0	NULO	27	10
2020-11-07	0	NULO	26	9
2020-11-08	0	NULO	24	8
2020-11-09	0	NULO	22	10
2020-11-10	0	NULO	23	11
2020-11-11	0	NULO	26	10
2020-11-12	0	NULO	25	13
2020-11-13	0	NULO	27	13
2020-11-14	0	NULO	21	12
2020-11-15	0	NULO	23	13
2020-11-16	0	NULO	22	12
2020-11-17	0	NULO	24	11
2020-11-18	0	NULO	27	10
2020-11-19	0	NULO	21	10
2020-11-20	0	NULO	23	9
2020-11-21	0	NULO	23	8
2020-11-22	0	NULO	26	9
2020-11-23	0	NULO	27	10
2020-11-24	0	NULO	28	11
2020-11-25	0	NULO	26	12
2020-11-26	0	NULO	27	10
2020-11-27	0	NULO	25	11
2020-11-28	0	NULO	24	11
2020-11-29	0	NULO	23	10
2020-11-30	0	NULO	23	12
2020-12-01	0	NULO	23	7
2020-12-02	0	NULO	21	8
2020-12-03	0	NULO	23	9
2020-12-04	0	NULO	25	8
2020-12-05	0	NULO	24	11
2020-12-06	0	NULO	21	9
2020-12-07	0	NULO	23	9
2020-12-08	0	NULO	24	8
2020-12-09	0	NULO	23	7
2020-12-10	0	NULO	23	8
2020-12-11	0	NULO	21	9
2020-12-12	0	NULO	26	9
2020-12-13	0	NULO	24	7
2020-12-14	0	NULO	23	8
2020-12-15	0	NULO	25	8
2020-12-16	0	NULO	20	9
2020-12-17	0	NULO	18	8
2020-12-18	0	NULO	20	10
2020-12-19	0	NULO	23	11
2020-12-20	0	NULO	24	9
2020-12-21	0	NULO	25	8
2020-12-22	0	NULO	23	9
2020-12-23	0	NULO	24	9
2020-12-24	0	NULO	23	10
2020-12-25	0	NULO	24	11
2020-12-26	0	NULO	25	11
2020-12-27	0	NULO	26	10
2020-12-28	0	NULO	27	10
2020-12-29	0	NULO	25	9
2020-12-30	0	NULO	23	9
2020-12-31	0	NULO	23	10
2021-01-01	0	NULO	22	4
2021-01-02	0	NULO	19	5
2021-01-03	0	NULO	19	8
2021-01-04	0	NULO	20	7
2021-01-05	0	NULO	21	6
2021-01-06	0	NULO	21	6
2021-01-07	0	NULO	22	7
2021-01-08	0	NULO	21	7
2021-01-09	0	NULO	22	6
2021-01-10	0	NULO	21	7
2021-01-11	0	NULO	19	8
2021-01-12	0	NULO	20	7
2021-01-13	0	NULO	19	8
2021-01-14	0	NULO	21	7
2021-01-15	0	NULO	22	6
2021-01-16	0	NULO	22	7
2021-01-17	0	NULO	20	8
2021-01-18	0	NULO	20	7
2021-01-19	0	NULO	22	6
2021-01-20	0	NULO	23	6
2021-01-21	0	NULO	24	7
2021-01-22	0	NULO	23	7
2021-01-23	0	NULO	22	8
2021-01-24	0	NULO	21	7
2021-01-25	0	NULO	21	6
2021-01-26	0	NULO	19	7
2021-01-27	0	NULO	22	8
2021-01-28	0	NULO	23	6
2021-01-29	0	NULO	24	7
2021-01-30	0	NULO	23	8
2021-01-31	0	NULO	24	7
2021-02-01	0	NULO	25	9
2021-02-02	0	NULO	26	10
2021-02-03	0	NULO	27	11
2021-02-04	0	NULO	28	12
2021-02-05	0	NULO	29	10
2021-02-06	0	NULO	27	9
2021-02-07	0	NULO	26	11
2021-02-08	0.01	NULO	25	10
2021-02-09	0	NULO	27	11
2021-02-10	0	NULO	26	9
2021-02-11	0	NULO	28	10
2021-02-12	0	NULO	29	9
2021-02-13	0	NULO	30	11
2021-02-14	0.01	NULO	29	13
2021-02-15	0	NULO	30	13
2021-02-16	0	NULO	30	12
2021-02-17	0	NULO	29	11
2021-02-18	0	NULO	30	14
2021-02-19	0	NULO	31	15
2021-02-20	0	NULO	27	14
2021-02-21	0	NULO	28	16
2021-02-22	0	NULO	26	13
2021-02-23	0	NULO	25	14
2021-02-24	0	NULO	24	13
2021-02-25	0	NULO	26	12
2021-02-26	0	NULO	27	11
2021-02-27	0	NULO	28	12
2021-02-28	0	NULO	28	13
2021-03-01	0	NULO	26	7
2021-03-02	0	NULO	27	8
2021-03-03	0	NULO	26	9
2021-03-04	0	NULO	25	8
2021-03-05	0	NULO	27	9
2021-03-06	0	NULO	28	8
2021-03-07	0	NULO	27	8
2021-03-08	0	NULO	26	7
2021-03-09	0	NULO	25	10
2021-03-10	0	NULO	26	8
2021-03-11	0	NULO	27	7
2021-03-12	0	NULO	26	9
2021-03-13	0	NULO	27	10
2021-03-14	0	NULO	25	9
2021-03-15	0	NULO	28	8
2021-03-16	0	NULO	26	7
2021-03-17	0	NULO	26	6
2021-03-18	0	NULO	25	6
2021-03-19	0	NULO	26	7
2021-03-20	0	NULO	27	8
2021-03-21	0	NULO	28	8
2021-03-22	0.01	NULO	26	7
2021-03-23	0	NULO	23	7
2021-03-24	0	NULO	27	8
2021-03-25	0	NULO	26	8
2021-03-26	0	NULO	25	7
2021-03-27	0	NULO	26	7
2021-03-28	0	NULO	27	6
2021-03-29	0	NULO	26	7
2021-03-30	0	NULO	27	8
2021-03-31	0	NULO	26	7
2021-04-01	0	NULO	24	11
2021-04-02	0	NULO	25	12
2021-04-03	0	NULO	24	13
2021-04-04	0	NULO	23	14
2021-04-05	0	NULO	25	11
2021-04-06	0	NULO	24	13
2021-04-07	0	NULO	26	12
2021-04-08	0	NULO	25	11
2021-04-09	0	NULO	24	10
2021-04-10	0	NULO	27	13
2021-04-11	0	NULO	30	9
2021-04-12	0	NULO	29	14
2021-04-13	0	NULO	31	15
2021-04-14	0	NULO	30	14
2021-04-15	0	NULO	25	13
2021-04-16	0	NULO	30	13
2021-04-17	0	NULO	27	12
2021-04-18	0	NULO	39	14
2021-04-19	0	NULO	28	13
2021-04-20	0	NULO	27	14
2021-04-21	0	NULO	25	13
2021-04-22	0	NULO	27	11
2021-04-23	0	NULO	28	12
2021-04-24	8	NULO	29	11
2021-04-25	0	NULO	30	13
2021-04-26	0	NULO	29	14
2021-04-27	0	NULO	31	15
2021-04-28	0	NULO	30	14
2021-04-29	9.5	NULO	35	16
2021-04-30	0	NULO	32	15
2021-05-01	0	NULO	29	17
2021-05-02	0	NULO	32	16
2021-05-03	0	NULO	27	13
2021-05-04	0	NULO	24	10
2021-05-05	0	NULO	26	9
2021-05-06	0	NULO	24	7
2021-05-07	0	NULO	26	11
2021-05-08	8	NULO	27	10
2021-05-09	12	NULO	28	12
2021-05-10	7	NULO	30	10
2021-05-11	0	NULO	33	9
2021-05-12	0	NULO	31	10
2021-05-13	0	NULO	32	11
2021-05-14	3	NULO	29	12
2021-05-15	0	NULO	29	13
2021-05-16	0	NULO	30	12
2021-05-17	0	NULO	30	14
2021-05-18	0	NULO	29	13
2021-05-19	0	NULO	28	10
2021-05-20	0	NULO	27	14
2021-05-21	0	NULO	27	10
2021-05-22	0	NULO	28	11
2021-05-23	0	NULO	27	13
2021-05-24	0	NULO	26	10
2021-05-25	0	NULO	28	11
2021-05-26	0	NULO	25	12
2021-05-27	0	NULO	29	10
2021-05-28	0	NULO	30	10
2021-05-29	0	NULO	29	11
2021-05-30	0	NULO	27	12
2021-05-31	0	NULO	27	12
2021-06-01	0	NULO	28	11
2021-06-02	0	NULO	27	12
2021-06-03	0	NULO	28	10
2021-06-04	0	NULO	27	12
2021-06-05	0	NULO	29	10
2021-06-06	0	NULO	30	11
2021-06-07	0	NULO	28	10
2021-06-08	0	NULO	29	7
2021-06-09	0	NULO	28	9
2021-06-10	0	NULO	26	8
2021-06-11	0	NULO	25	7
2021-06-12	0	NULO	23	8
2021-06-13	0	NULO	21	7
2021-06-14	0	NULO	22	7
2021-06-15	0	NULO	23	7
2021-06-16	3	NULO	25	8
2021-06-17	0	NULO	27	10
2021-06-18	0	NULO	28	10
2021-06-19	0	NULO	27	8
2021-06-20	12	NULO	29	10
2021-06-21	10	NULO	26	9
2021-06-22	10	NULO	27	11
2021-06-23	15	NULO	28	10
2021-06-24	18	NULO	24	9
2021-06-25	7	NULO	24	11
2021-06-26	5	NULO	23	9
2021-06-27	8	NULO	20	10
2021-06-28	5	NULO	22	11
2021-06-29	6	NULO	23	12
2021-06-30	0	NULO	22	10
2021-07-01	0	NULO	21	11
2021-07-02	0	NULO	22	14
2021-07-03	5	NULO	23	13
2021-07-04	6	NULO	23	11
2021-07-05	8	NULO	24	14
2021-07-06	0	NULO	24	14
2021-07-07	0	NULO	25	10
2021-07-08	0	NULO	24	9
2021-07-09	0	NULO	27	7
2021-07-10	0	NULO	26	10
2021-07-11	0	NULO	29	11
2021-07-12	0	NULO	30	9
2021-07-13	0	NULO	30	8
2021-07-14	0	NULO	26	8
2021-07-15	0	NULO	28	6
2021-07-16	0	NULO	25	7
2021-07-17	0	NULO	29	8
2021-07-18	0	NULO	30	9
2021-07-19	0	NULO	24	10
2021-07-20	0	NULO	29	11
2021-07-21	0	NULO	30	10
2021-07-22	0	NULO	28	9
2021-07-23	0	NULO	27	9
2021-07-24	0	NULO	27	8
2021-07-25	0	NULO	26	6
2021-07-26	0	NULO	25	7
2021-07-27	0	NULO	28	6
2021-07-28	0	NULO	27	8
2021-07-29	0	NULO	27	7
2021-07-30	0	NULO	30	9
2021-07-31	0	NULO	29	10
2021-08-01	0	NULO	27	9
2021-08-02	0	NULO	30	11
2021-08-03	0	NULO	28	10
2021-08-04	2	NULO	26	8
2021-08-05	0	NULO	31	13
2021-08-06	0	NULO	29	6
2021-08-07	0	NULO	28	7
2021-08-08	0	NULO	26	10
2021-08-09	0	NULO	28	11
2021-08-10	0	NULO	27	8
2021-08-11	0	NULO	29	9
2021-08-12	0	NULO	27	9
2021-08-13	22	NULO	30	10
2021-08-14	0	NULO	29	11
2021-08-15	0	NULO	28	7
2021-08-16	0	NULO	27	8
2021-08-17	0	NULO	29	10
2021-08-18	0	NULO	28	10
2021-08-19	0	NULO	26	11
2021-08-20	0	NULO	27	9
2021-08-21	0	NULO	28	10
2021-08-22	0	NULO	26	9
2021-08-23	3	NULO	27	11
2021-08-24	0.01	NULO	25	8
2021-08-25	0	NULO	27	9
2021-08-26	0	NULO	29	7
2021-08-27	0	NULO	30	8
2021-08-28	0	NULO	28	8
2021-08-29	0	NULO	30	7
2021-08-30	0	NULO	29	8
2021-08-31	0	NULO	29	9
2021-09-01	0	NULO	29	9
2021-09-02	0	NULO	30	11
2021-09-03	0	NULO	28	9
2021-09-04	0.01	NULO	29	10
2021-09-05	0	NULO	27	11
2021-09-06	0	NULO	27	13
2021-09-07	0	NULO	26	12
2021-09-08	0	NULO	24	13
2021-09-09	0	NULO	28	12
2021-09-10	0	NULO	27	13
2021-09-11	0	NULO	30	12
2021-09-12	0.01	NULO	26	9
2021-09-13	0	NULO	28	8
2021-09-14	0	NULO	26	9
2021-09-15	0	NULO	25	11
2021-09-16	0	NULO	24	12
2021-09-17	0	NULO	28	13
2021-09-18	0	NULO	27	12
2021-09-19	0.01	NULO	28	13
2021-09-20	0	NULO	25	12
2021-09-21	0	NULO	29	13
2021-09-22	0	NULO	30	12
2021-09-23	0	NULO	26	11
2021-09-24	0	NULO	28	12
2021-09-25	0	NULO	29	13
2021-09-26	0.01	NULO	30	12
2021-09-27	0	NULO	26	13
2021-09-28	0	NULO	28	12
2021-09-29	0	NULO	29	11
2021-09-30	0	NULO	27	13
2021-10-01	0	NULO	25	11
2021-10-02	0	NULO	26	9
2021-10-03	0	NULO	25	11
2021-10-04	0	NULO	29	10
2021-10-05	0	NULO	28	9
2021-10-06	0	NULO	27	9
2021-10-07	2	NULO	27	8
2021-10-08	0	NULO	24	7
2021-10-09	0	NULO	25	9
2021-10-10	0	NULO	28	10
2021-10-11	0	NULO	30	10
2021-10-12	0	NULO	30	13
2021-10-13	3	NULO	29	12
2021-10-14	0	NULO	30	11
2021-10-15	0	NULO	29	12
2021-10-16	0	NULO	27	11
2021-10-17	0	NULO	26	10
2021-10-18	0	NULO	30	9
2021-10-19	2	NULO	27	9
2021-10-20	0	NULO	26	12
2021-10-21	0	NULO	24	13
2021-10-22	0	NULO	25	10
2021-10-23	0	NULO	22	8
2021-10-24	0	NULO	23	11
2021-10-25	0	NULO	28	12
2021-10-26	1	NULO	29	10
2021-10-27	0	NULO	30	8
2021-10-28	0	NULO	26	10
2021-10-29	0	NULO	28	13
2021-10-30	0	NULO	29	12
2021-10-31	0	NULO	29	10
2021-11-01	0	NULO	29	7
2021-11-02	0	NULO	27	5
2021-11-03	0	NULO	28	8
2021-11-04	0	NULO	26	7
2021-11-05	0	NULO	25	10
2021-11-06	0	NULO	24	9
2021-11-07	0	NULO	28	8
2021-11-08	0	NULO	27	7
2021-11-09	0	NULO	21	6
2021-11-10	0	NULO	26	6
2021-11-11	0	NULO	25	9
2021-11-12	0	NULO	26	10
2021-11-13	0	NULO	25	10
2021-11-14	0	NULO	23	11
2021-11-15	0	NULO	28	8
2021-11-16	0	NULO	29	7
2021-11-17	0	NULO	24	8
2021-11-18	0	NULO	20	9
2021-11-19	0	NULO	21	10
2021-11-20	0	NULO	20	9
2021-11-21	0	NULO	19	8
2021-11-22	0	NULO	27	8
2021-11-23	0	NULO	29	7
2021-11-24	0	NULO	30	8
2021-11-25	0	NULO	28	6
2021-11-26	0	NULO	29	7
2021-11-27	0	NULO	28	9
2021-11-28	0	NULO	27	11
2021-11-29	0	NULO	26	10
2021-11-30	0	NULO	24	9
2021-12-01	0	NULO	21	8
2021-12-02	0	NULO	22	7
2021-12-03	0	NULO	25	10
2021-12-04	0	NULO	28	9
2021-12-05	0	NULO	29	8
2021-12-06	0	NULO	26	7
2021-12-07	0	NULO	24	8
2021-12-08	0	NULO	22	9
2021-12-09	0	NULO	23	11
2021-12-10	0	NULO	22	10
2021-12-11	0	NULO	23	9
2021-12-12	0	NULO	25	9
2021-12-13	0	NULO	24	10
2021-12-14	0	NULO	23	11
2021-12-15	0	NULO	24	9
2021-12-16	0	NULO	25	8
2021-12-17	0	NULO	25	10
2021-12-18	0	NULO	26	9
2021-12-19	0	NULO	23	11
2021-12-20	0	NULO	24	7
2021-12-21	0	NULO	12	8
2021-12-22	0	NULO	24	7
2021-12-23	0	NULO	23	9
2021-12-24	0	NULO	22	8
2021-12-25	0	NULO	27	9
2021-12-26	0	NULO	26	10
2021-12-27	0	NULO	23	9
2021-12-28	0	NULO	21	10
2021-12-29	0	NULO	25	10
2021-12-30	0	NULO	21	11
2021-12-31	0	NULO	25	10
2022-01-01	0	NULO	25	6
2022-01-02	0	NULO	24	7
2022-01-03	0	NULO	23	8
2022-01-04	0	NULO	20	9
2022-01-05	0	NULO	21	8
2022-01-06	0	NULO	20	7
2022-01-07	0	NULO	25	8
2022-01-08	0	NULO	24	9
2022-01-09	0	NULO	24	8
2022-01-10	0	NULO	17	8
2022-01-11	0	NULO	17	7
2022-01-12	0	NULO	19	6
2022-01-13	0	NULO	20	8
2022-01-14	0	NULO	18	7
2022-01-15	0	NULO	17	7
2022-01-16	0	NULO	18	7
2022-01-17	0	NULO	17	8
2022-01-18	0	NULO	19	9
2022-01-19	0	NULO	17	8
2022-01-20	0	NULO	20	9
2022-01-21	0	NULO	19	7
2022-01-22	0	NULO	21	10
2022-01-23	0	NULO	18	9
2022-01-24	0	NULO	19	8
2022-01-25	0	NULO	17	9
2022-01-26	0	NULO	16	9
2022-01-27	0	NULO	17	7
2022-01-28	0	NULO	18	8
2022-01-29	0	NULO	19	8
2022-01-30	0	NULO	20	7
2022-01-31	0	NULO	20	6
2022-02-01	0	NULO	21	5
2022-02-02	0	NULO	18	4
2022-02-03	0	NULO	18	5
2022-02-04	0	NULO	19	6
2022-02-05	0	NULO	19	5
2022-02-06	0	NULO	20	5
2022-02-07	0	NULO	20	6
2022-02-08	0	NULO	21	6
2022-02-09	0	NULO	20	5
2022-02-10	0	NULO	22	6
2022-02-11	0	NULO	23	7
2022-02-12	0	NULO	21	6
2022-02-13	0	NULO	23	7
2022-02-14	0	NULO	24	6
2022-02-15	0	NULO	25	5
2022-02-16	0	NULO	26	6
2022-02-17	0	NULO	27	7
2022-02-18	0	NULO	23	6
2022-02-19	0	NULO	22	5
2022-02-20	0	NULO	24	5
2022-02-21	0	NULO	25	6
2022-02-22	0	NULO	26	6
2022-02-23	0	NULO	27	7
2022-02-24	0	NULO	26	6
2022-02-25	0	NULO	24	5
2022-02-26	0	NULO	21	6
2022-02-27	0	NULO	20	7
2022-02-28	0	NULO	25	6
2022-03-01	0	NULO	28	12
2022-03-02	0	NULO	29	13
2022-03-03	NULO	NULO	29	14
2022-03-04	0	NULO	30	15
2022-03-05	0	NULO	33	13
2022-03-06	0	NULO	32	10
2022-03-07	0	NULO	30	11
2022-03-08	0	NULO	29	12
2022-03-09	0	NULO	32	13
2022-03-10	0	NULO	30	13
2022-03-11	0	NULO	29	10
2022-03-12	0	NULO	31	13
2022-03-13	0	NULO	31	12
2022-03-14	0	NULO	30	13
2022-03-15	0	NULO	34	13
2022-03-16	0	NULO	33	16
2022-03-17	0	NULO	31	16
2022-03-18	0	NULO	30	19
2022-03-19	0	NULO	32	18
2022-03-20	0.01	NULO	31	17
2022-03-21	0.01	NULO	30	16
2022-03-22	0	NULO	28	18
2022-03-23	0	NULO	25	17
2022-03-24	0	NULO	24	16
2022-03-25	0	NULO	23	17
2022-03-26	0	NULO	24	18
2022-03-27	0	NULO	25	17
2022-03-28	0	NULO	26	11
2022-03-29	0	NULO	27	12
2022-03-30	0	NULO	32	11
2022-03-31	0	NULO	30	9
2022-04-01	0	NULO	24	13
2022-04-02	0	NULO	27	12
2022-04-03	0	NULO	24	14
2022-04-04	0	NULO	26	15
2022-04-05	0	NULO	25	16
2022-04-06	0	NULO	28	14
2022-04-07	0	NULO	28	13
2022-04-08	0	NULO	29	12
2022-04-09	0	NULO	27	12
2022-04-10	0.01	NULO	25	13
2022-04-11	0.01	NULO	30	12
2022-04-12	0	NULO	28	13
2022-04-13	0	NULO	30	13
2022-04-14	0	NULO	21	12
2022-04-15	0	NULO	28	12
2022-04-16	0	NULO	29	13
2022-04-17	0	NULO	29	11
2022-04-18	0	NULO	28	12
2022-04-19	0	NULO	27	12
2022-04-20	0	NULO	28	12
2022-04-21	0	NULO	31	10
2022-04-22	0	NULO	30	12
2022-04-23	0	NULO	29	14
2022-04-24	0	NULO	27	13
2022-04-25	0	NULO	30	11
2022-04-26	0	NULO	31	13
2022-04-27	0	NULO	29	12
2022-04-28	0	NULO	29	12
2022-04-29	0	NULO	31	13
2022-04-30	0	NULO	30	12
2022-05-01	0	NULO	30	11
2022-05-02	0	NULO	29	13
2022-05-03	0	NULO	31	11
2022-05-04	0	NULO	29	12
2022-05-05	0	NULO	31	13
2022-05-06	0	NULO	32	13
2022-05-07	0	NULO	28	10
2022-05-08	0	NULO	29	9
2022-05-09	0	NULO	29	11
2022-05-10	0	NULO	28	12
2022-05-11	0	NULO	31	15
2022-05-12	0	NULO	29	9
2022-05-13	0	NULO	30	10
2022-05-14	0	NULO	31	11
2022-05-15	0	NULO	30	12
2022-05-16	0	NULO	26	13
2022-05-17	0	NULO	27	10
2022-05-18	0	NULO	28	9
2022-05-19	0	NULO	29	11
2022-05-20	0	NULO	27	9
2022-05-21	0	NULO	30	8
2022-05-22	20	NULO	27	10
2022-05-23	2	NULO	26	11
2022-05-24	0	NULO	25	12
2022-05-25	0	NULO	30	13
2022-05-26	0	NULO	31	12
2022-05-27	0	NULO	28	10
2022-05-28	0	NULO	29	12
2022-05-29	0	NULO	30	11
2022-05-30	0	NULO	31	9
2022-05-31	0	NULO	30	10
2022-06-01	0	NULO	30	10
2022-06-02	0	NULO	29	11
2022-06-03	0	NULO	31	5
2022-06-04	0	NULO	30	13
2022-06-05	0	NULO	31	11
2022-06-06	0	NULO	31	11
2022-06-07	0	NULO	30	12
2022-06-08	0	NULO	32	13
2022-06-09	0	NULO	30	13
2022-06-10	0	NULO	29	12
2022-06-11	0	NULO	31	13
2022-06-12	0	NULO	30	12
2022-06-13	0	NULO	29	12
2022-06-14	0	NULO	28	13
2022-06-15	0	NULO	31	12
2022-06-16	0	NULO	30	10
2022-06-17	0	NULO	32	9
2022-06-18	0	NULO	20	8
2022-06-19	0	NULO	21	7
2022-06-20	0.01	NULO	20	6
2022-06-21	5	NULO	21	10
2022-06-22	0	NULO	22	10
2022-06-23	0	NULO	25	11
2022-06-24	0	NULO	28	12
2022-06-25	0	NULO	29	13
2022-06-26	0	NULO	30	14
2022-06-27	0	NULO	30	13
2022-06-28	0	NULO	31	14
2022-06-29	0	NULO	32	15
2022-06-30	0	NULO	25	16
2022-07-01	0	NULO	22	15
2022-07-02	0	NULO	24	8
2022-07-03	0	NULO	26	7
2022-07-04	0	NULO	28	6
2022-07-05	0	NULO	29	8
2022-07-06	0	NULO	29	9
2022-07-07	0	NULO	28	8
2022-07-08	0	NULO	27	8
2022-07-09	0	NULO	28	6
2022-07-10	0	NULO	29	8
2022-07-11	0	NULO	30	8
2022-07-12	0	NULO	29	9
2022-07-13	0	NULO	30	8
2022-07-14	0	NULO	31	7
2022-07-15	0	NULO	28	8
2022-07-16	0	NULO	29	7
2022-07-17	0	NULO	30	7
2022-07-18	0	NULO	30	6
2022-07-19	0	NULO	27	8
2022-07-20	0	NULO	28	8
2022-07-21	0	NULO	27	7
2022-07-22	0	NULO	28	8
2022-07-23	0	NULO	27	7
2022-07-24	0	NULO	29	8
2022-07-25	0	NULO	30	6
2022-07-26	0	NULO	30	8
2022-07-27	0	NULO	31	8
2022-07-28	0	NULO	30	9
2022-07-29	0	NULO	29	9
2022-07-30	0	NULO	28	8
2022-07-31	0	NULO	30	7
2022-08-01	0	NULO	30	8
2022-08-02	0	NULO	29	7
2022-08-03	0	NULO	26	9
2022-08-04	0	NULO	28	9
2022-08-05	0	NULO	30	8
2022-08-06	0	NULO	29	8
2022-08-07	0	NULO	28	10
2022-08-08	0	NULO	27	9
2022-08-09	0	NULO	27	8
2022-08-10	0	NULO	28	8
2022-08-11	0	NULO	26	9
2022-08-12	0	NULO	27	9
2022-08-13	0	NULO	29	10
2022-08-14	0	NULO	30	12
2022-08-15	0	NULO	32	13
2022-08-16	0	NULO	31	11
2022-08-17	0	NULO	30	10
2022-08-18	0	NULO	29	10
2022-08-19	0.01	NULO	28	11
2022-08-20	10	NULO	27	12
2022-08-21	0	NULO	27	11
2022-08-22	0	NULO	27	14
2022-08-23	0	NULO	27	15
2022-08-24	0	NULO	29	14
2022-08-25	0	NULO	30	13
2022-08-26	0	NULO	29	14
2022-08-27	0	NULO	28	15
2022-08-28	0	NULO	27	15
2022-08-29	0	NULO	29	16
2022-08-30	0	NULO	28	15
2022-08-31	0	NULO	25	14
2022-09-01	0	NULO	22	14
2022-09-02	0	NULO	20	15
2022-09-03	4	NULO	23	13
2022-09-04	0	NULO	22	10
2022-09-05	10	NULO	24	13
2022-09-06	2	NULO	23	14
2022-09-07	3	NULO	22	16
2022-09-08	0	NULO	21	12
2022-09-09	0.01	NULO	22	10
2022-09-10	0.01	NULO	22	11
2022-09-11	4	NULO	23	12
2022-09-12	3	NULO	24	13
2022-09-13	8	NULO	23	15
2022-09-14	5	NULO	24	12
2022-09-15	6	NULO	21	13
2022-09-16	3	NULO	23	15
2022-09-17	0	NULO	23	12
2022-09-18	0.01	NULO	24	13
2022-09-19	0	NULO	22	11
2022-09-20	0	NULO	21	16
2022-09-21	1	NULO	23	14
2022-09-22	0	NULO	22	15
2022-09-23	0	NULO	21	12
2022-09-24	5	NULO	22	13
2022-09-25	4	NULO	20	13
2022-09-26	2	NULO	20	14
2022-09-27	3	NULO	21	13
2022-09-28	2	NULO	23	12
2022-09-29	0	NULO	22	10
2022-09-30	0	NULO	23	17
2022-10-01	0	NULO	25	10
2022-10-02	0	NULO	29	10
2022-10-03	0	NULO	27	11
2022-10-04	0	NULO	28	14
2022-10-05	0	NULO	23	13
2022-10-06	0	NULO	25	12
2022-10-07	0	NULO	25	11
2022-10-08	0	NULO	24	11
2022-10-09	0	NULO	23	9
2022-10-10	0	NULO	29	10
2022-10-11	0	NULO	26	12
2022-10-12	0	NULO	27	14
2022-10-13	0	NULO	25	13
2022-10-14	0	NULO	24	12
2022-10-15	0	NULO	22	10
2022-10-16	0	NULO	29	11
2022-10-17	0	NULO	28	12
2022-10-18	0	NULO	23	13
2022-10-19	0	NULO	24	14
2022-10-20	0	NULO	25	12
2022-10-21	0	NULO	27	13
2022-10-22	0	NULO	28	12
2022-10-23	0	NULO	23	10
2022-10-24	0	NULO	21	9
2022-10-25	0	NULO	24	11
2022-10-26	0	NULO	22	9
2022-10-27	0	NULO	20	8
2022-10-28	0	NULO	26	10
2022-10-29	7	NULO	27	13
2022-10-30	0	NULO	28	12
2022-10-31	0	NULO	26	10
2022-11-01	0	NULO	24	10
2022-11-02	0	NULO	25	13
2022-11-03	0	NULO	27	12
2022-11-04	0	NULO	26	14
2022-11-05	0	NULO	28	12
2022-11-06	0	NULO	25	13
2022-11-07	0	NULO	27	14
2022-11-08	0	NULO	26	12
2022-11-09	0	NULO	23	10
2022-11-10	0	NULO	24	10
2022-11-11	0	NULO	25	13
2022-11-12	0	NULO	24	14
2022-11-13	0	NULO	22	15
2022-11-14	0	NULO	23	14
2022-11-15	0	NULO	22	12
2022-11-16	0	NULO	25	10
2022-11-17	0	NULO	24	9
2022-11-18	0	NULO	20	11
2022-11-19	0	NULO	21	10
2022-11-20	0	NULO	22	9
2022-11-21	0	NULO	24	10
2022-11-22	0	NULO	19	11
2022-11-23	0	NULO	21	10
2022-11-24	0	NULO	23	9
2022-11-25	0	NULO	20	8
2022-11-26	0	NULO	23	9
2022-11-27	0	NULO	25	10
2022-11-28	0	NULO	21	10
2022-11-29	0	NULO	22	12
2022-11-30	0	NULO	24	10
2022-12-01	0	NULO	24	10
2022-12-02	0	NULO	29	8
2022-12-03	0	NULO	28	7
2022-12-04	0	NULO	27	8
2022-12-05	0	NULO	23	8
2022-12-06	0	NULO	24	7
2022-12-07	0	NULO	25	8
2022-12-08	0	NULO	27	7
2022-12-09	0	NULO	26	8
2022-12-10	0	NULO	25	7
2022-12-11	0	NULO	24	6
2022-12-12	0	NULO	23	8
2022-12-13	0	NULO	25	7
2022-12-14	0	NULO	26	6
2022-12-15	0	NULO	22	7
2022-12-16	0	NULO	21	8
2022-12-17	0	NULO	21	10
2022-12-18	0	NULO	20	9
2022-12-19	0	NULO	18	10
2022-12-20	0	NULO	19	9
2022-12-21	0	NULO	18	8
2022-12-22	0	NULO	16	7
2022-12-23	0	NULO	13	8
2022-12-24	3	NULO	14	9
2022-12-25	0	NULO	18	9
2022-12-26	0	NULO	19	8
2022-12-27	0	NULO	21	7
2022-12-28	0	NULO	20	6
2022-12-29	0	NULO	19	5
2022-12-30	0	NULO	20	7
2022-12-31	0	NULO	18	8
2023-01-01	0	NULO	13	6
2023-01-02	0	NULO	14	7
2023-01-03	0	NULO	15	6
2023-01-04	0	NULO	16	7
2023-01-05	0	NULO	18	8
2023-01-06	0	NULO	15	7
2023-01-07	0	NULO	18	7
2023-01-08	0	NULO	17	6
2023-01-09	0	NULO	19	6
2023-01-10	0	NULO	19	7
2023-01-11	0	NULO	18	7
2023-01-12	0	NULO	17	6
2023-01-13	0	NULO	19	9
2023-01-14	0	NULO	20	8
2023-01-15	0	NULO	21	7
2023-01-16	0	NULO	24	6
2023-01-17	0	NULO	25	5
2023-01-18	0	NULO	27	6
2023-01-19	0	NULO	28	7
2023-01-20	0	NULO	17	8
2023-01-21	0	NULO	19	9
2023-01-22	0	NULO	20	8
2023-01-23	0	NULO	21	6
2023-01-24	0	NULO	22	8
2023-01-25	0	NULO	20	6
2023-01-26	0	NULO	23	8
2023-01-27	0	NULO	24	9
2023-01-28	0	NULO	25	7
2023-01-29	0	NULO	27	8
2023-01-30	0	NULO	29	9
2023-01-31	0	NULO	25	10
2023-02-01	0	NULO	21	8
2023-02-02	0	NULO	22	7
2023-02-03	0	NULO	21	6
2023-02-04	0	NULO	20	6
2023-02-05	0	NULO	19	5
2023-02-06	0	NULO	20	5
2023-02-07	0	NULO	21	6
2023-02-08	0	NULO	22	7
2023-02-09	0	NULO	23	6
2023-02-10	0	NULO	24	8
2023-02-11	0	NULO	25	9
2023-02-12	0	NULO	24	10
2023-02-13	0	NULO	23	11
2023-02-14	0	NULO	22	9
2023-02-15	0	NULO	22	10
2023-02-16	0	NULO	24	12
2023-02-17	0	NULO	25	9
2023-02-18	0	NULO	27	10
2023-02-19	0	NULO	20	12
2023-02-20	0	NULO	26	13
2023-02-21	0	NULO	25	11
2023-02-22	0	NULO	24	9
2023-02-23	0	NULO	26	10
2023-02-24	0	NULO	24	9
2023-02-25	0	NULO	23	8
2023-02-26	0	NULO	24	6
2023-02-27	0	NULO	25	7
2023-02-28	0	NULO	26	6
2023-03-01	0	NULO	25	10
2023-03-02	0	NULO	27	9
2023-03-03	0	NULO	26	10
2023-03-04	0	NULO	24	11
2023-03-05	0	NULO	23	13
2023-03-06	0	NULO	27	10
2023-03-07	0	NULO	25	11
2023-03-08	0	NULO	28	9
2023-03-09	0	NULO	25	12
2023-03-10	0	NULO	24	9
2023-03-11	0	NULO	26	11
2023-03-12	0.01	NULO	28	9
2023-03-13	0	NULO	26	12
2023-03-14	0	NULO	27	10
2023-03-15	0	NULO	26	11
2023-03-16	0	NULO	24	12
2023-03-17	0	NULO	23	13
2023-03-18	0	NULO	22	12
2023-03-19	0	NULO	21	11
2023-03-20	0	NULO	25	12
2023-03-21	0	NULO	23	12
2023-03-22	0	NULO	26	10
2023-03-23	0	NULO	25	11
2023-03-24	0	NULO	23	9
2023-03-25	0	NULO	22	11
2023-03-26	0	NULO	21	13
2023-03-27	0	NULO	23	10
2023-03-28	0	NULO	27	12
2023-03-29	0	NULO	29	11
2023-03-30	0	NULO	28	9
2023-03-31	0	NULO	25	10
2023-04-01	2	NULO	23	7
2023-04-02	0	NULO	24	6
2023-04-03	0	NULO	22	5
2023-04-04	0	NULO	21	6
2023-04-05	0	NULO	22	6
2023-04-06	0	NULO	23	7
2023-04-07	0	NULO	23	8
2023-04-08	0	NULO	24	9
2023-04-09	1.5	NULO	25	11
2023-04-10	1	NULO	23	10
2023-04-11	4	NULO	23	9
2023-04-12	0	NULO	26	15
2023-04-13	0	NULO	27	10
2023-04-14	0	NULO	28	10
2023-04-15	0	NULO	25	9
2023-04-16	0	NULO	26	8
2023-04-17	0	NULO	27	7
2023-04-18	0	NULO	24	9
2023-04-19	0	NULO	25	10
2023-04-20	0	NULO	26	8
2023-04-21	0	NULO	27	9
2023-04-22	0	NULO	28	11
2023-04-23	0	NULO	29	10
2023-04-24	0	NULO	30	13
2023-04-25	0	NULO	32	12
2023-04-26	0	NULO	31	14
2023-04-27	0	NULO	30	14
2023-04-28	0	NULO	27	15
2023-04-29	0.01	NULO	28	16
2023-04-30	0	NULO	NULO	NULO
2023-05-01	0	NULO	28	12
2023-05-02	0	NULO	27	11
2023-05-03	0	NULO	25	14
2023-05-04	1	NULO	26	15
2023-05-05	0.01	NULO	29	16
2023-05-06	1	NULO	28	15
2023-05-07	2	NULO	27	16
2023-05-08	3	NULO	26	17
2023-05-09	4	NULO	24	13
2023-05-10	2	NULO	23	10
2023-05-11	3	NULO	23	11
2023-05-12	12	NULO	22	12
2023-05-13	6	NULO	23	13
2023-05-14	3	NULO	24	14
2023-05-15	2	NULO	25	13
2023-05-16	1	NULO	28	12
2023-05-17	0	NULO	27	14
2023-05-18	0	NULO	28	13
2023-05-19	0	NULO	29	12
2023-05-20	0	NULO	26	13
2023-05-21	0	NULO	27	14
2023-05-22	0	NULO	29	13
2023-05-23	0	NULO	28	12
2023-05-24	21	NULO	29	13
2023-05-25	0	NULO	30	15
2023-05-26	0	NULO	31	10
2023-05-27	0	NULO	28	11
2023-05-28	0	NULO	27	12
2023-05-29	2	NULO	26	13
2023-05-30	0	NULO	22	14
2023-05-31	0	NULO	NULO	NULO
2023-06-01	0	NULO	28	14
2023-06-02	0	NULO	30	16
2023-06-03	0	NULO	29	17
2023-06-04	0	NULO	27	16
2023-06-05	0	NULO	28	15
2023-06-06	1	NULO	30	14
2023-06-07	2	NULO	29	16
2023-06-08	0	NULO	27	14
2023-06-09	0	NULO	28	14
2023-06-10	0	NULO	22	15
2023-06-11	0	NULO	29	14
2023-06-12	0	NULO	26	12
2023-06-13	0	NULO	27	12
2023-06-14	0	NULO	22	11
2023-06-15	0	NULO	29	13
2023-06-16	0	NULO	22	14
2023-06-17	0	NULO	27	13
2023-06-18	0	NULO	21	15
2023-06-19	0	NULO	29	12
2023-06-20	0	NULO	20	12
2023-06-21	0	NULO	26	13
2023-06-22	0	NULO	25	12
2023-06-23	0	NULO	25	11
2023-06-24	0	NULO	29	12
2023-06-25	1	NULO	24	13
2023-06-26	0	NULO	23	11
2023-06-27	0	NULO	20	12
2023-06-28	0	NULO	23	13
2023-06-29	0	NULO	26	14
2023-06-30	0	NULO	NULO	NULO
2023-07-01	0	NULO	22	9
2023-07-02	0	NULO	23	7
2023-07-03	0	NULO	22	10
2023-07-04	0	NULO	24	9
2023-07-05	0	NULO	23	8
2023-07-06	0	NULO	26	8
2023-07-07	0	NULO	26	9
2023-07-08	0	NULO	24	8
2023-07-09	2	NULO	19	8
2023-07-10	1	NULO	22	10
2023-07-11	1	NULO	21	11
2023-07-12	0.01	NULO	20	11
2023-07-13	0	NULO	21	12
2023-07-14	0	NULO	23	10
2023-07-15	0	NULO	20	9
2023-07-16	0	NULO	24	9
2023-07-17	0	NULO	23	10
2023-07-18	0	NULO	20	11
2023-07-19	0	NULO	20	11
2023-07-20	0	NULO	22	9
2023-07-21	0	NULO	23	9
2023-07-22	0	NULO	22	11
2023-07-23	0	NULO	21	12
2023-07-24	0.01	NULO	24	13
2023-07-25	1	NULO	24	12
2023-07-26	2	NULO	23	12
2023-07-27	0.01	NULO	21	12
2023-07-28	0	NULO	23	12
2023-07-29	0	NULO	24	14
2023-07-30	0	NULO	24	12
2023-07-31	0	NULO	NULO	NULO
2023-08-01	0	NULO	20	9
2023-08-02	0	NULO	23	11
2023-08-03	1	NULO	22	11
2023-08-04	1	NULO	24	10
2023-08-05	0.01	NULO	21	9
2023-08-06	0	NULO	23	9
2023-08-07	0	NULO	24	9
2023-08-08	0	NULO	22	8
2023-08-09	0	NULO	21	10
2023-08-10	0	NULO	21	12
2023-08-11	0.01	NULO	20	11
2023-08-12	1	NULO	20	9
2023-08-13	2	NULO	13	9
2023-08-14	1	NULO	20	11
2023-08-15	0.01	NULO	21	9
2023-08-16	0	NULO	23	11
2023-08-17	0	NULO	23	9
2023-08-18	0	NULO	24	11
2023-08-19	0	NULO	23	10
2023-08-20	0	NULO	22	11
2023-08-21	0	NULO	24	9
2023-08-22	0	NULO	23	9
2023-08-23	0	NULO	25	9
2023-08-24	0	NULO	24	10
2023-08-25	0	NULO	24	8
2023-08-26	0	NULO	25	8
2023-08-27	0	NULO	25	9
2023-08-28	0	NULO	24	10
2023-08-29	0	NULO	23	11
2023-08-30	0	NULO	22	9
2023-08-31	0	NULO	NULO	NULO
2023-09-01	1	NULO	22	9
2023-09-02	2	NULO	23	10
2023-09-03	5	NULO	24	11
2023-09-04	0	NULO	21	9
2023-09-05	0	NULO	22	9
2023-09-06	0	NULO	23	10
2023-09-07	0	NULO	23	11
2023-09-08	0	NULO	22	11
2023-09-09	0	NULO	22	11
2023-09-10	0	NULO	21	12
2023-09-11	0	NULO	22	10
2023-09-12	0	NULO	21	9
2023-09-13	0	NULO	24	8
2023-09-14	0	NULO	23	9
2023-09-15	0	NULO	22	10
2023-09-16	0	NULO	23	11
2023-09-17	0	NULO	23	10
2023-09-18	0	NULO	24	9
2023-09-19	0	NULO	25	9
2023-09-20	0	NULO	26	10
2023-09-21	0	NULO	24	10
2023-09-22	0	NULO	23	12
2023-09-23	0	NULO	22	11
2023-09-24	0	NULO	21	9
2023-09-25	0	NULO	22	9
2023-09-26	0	NULO	23	11
2023-09-27	1	NULO	22	12
2023-09-28	6	NULO	23	10
2023-09-29	7	NULO	24	12
2023-09-30	0	NULO	NULO	NULO
2023-10-01	0	NULO	17	8
2023-10-02	0	NULO	21	8
2023-10-03	0	NULO	22	9
2023-10-04	0	NULO	23	9
2023-10-05	0	NULO	24	7
2023-10-06	0	NULO	20	7
2023-10-07	0	NULO	21	8
2023-10-08	0	NULO	22	8
2023-10-09	0	NULO	22	6
2023-10-10	0	NULO	23	7
2023-10-11	0	NULO	24	7
2023-10-12	0	NULO	24	7
2023-10-13	0	NULO	25	7
2023-10-14	0	NULO	24	9
2023-10-15	0.01	NULO	25	8
2023-10-16	2	NULO	26	8
2023-10-17	3	NULO	26	6
2023-10-18	0	NULO	25	7
2023-10-19	0	NULO	24	2
2023-10-20	0	NULO	22	1
2023-10-21	0	NULO	21	10
2023-10-22	0	NULO	23	9
2023-10-23	0	NULO	24	10
2023-10-24	0	NULO	23	9
2023-10-25	0	NULO	22	9
2023-10-26	0	NULO	21	6
2023-10-27	0	NULO	21	8
2023-10-28	0	NULO	22	10
2023-10-29	0	NULO	20	9
2023-10-30	0	NULO	19	9
2023-10-31	0	NULO	NULO	NULO
2023-11-01	0	NULO	23	5
2023-11-02	0	NULO	24	6
2023-11-03	0	NULO	25	7
2023-11-04	0	NULO	23	6
2023-11-05	0	NULO	22	7
2023-11-06	0	NULO	22	6
2023-11-07	0	NULO	23	6
2023-11-08	0	NULO	24	5
2023-11-09	0	NULO	25	4
2023-11-10	0	NULO	25	5
2023-11-11	0	NULO	24	6
2023-11-12	0	NULO	23	6
2023-11-13	0	NULO	23	5
2023-11-14	0	NULO	22	5
2023-11-15	0	NULO	22	4
2023-11-16	0	NULO	24	5
2023-11-17	0	NULO	24	6
2023-11-18	0	NULO	23	7
2023-11-19	0	NULO	22	8
2023-11-20	0	NULO	21	9
2023-11-21	0	NULO	21	8
2023-11-22	0	NULO	22	7
2023-11-23	0	NULO	23	7
2023-11-24	0	NULO	24	6
2023-11-25	0	NULO	24	5
2023-11-26	0	NULO	23	4
2023-11-27	0	NULO	22	5
2023-11-28	0	NULO	21	6
2023-11-29	0	NULO	20	6
2023-11-30	0	NULO	NULO	NULO
2023-12-01	0	NULO	18	5
2023-12-02	0	NULO	19	4
2023-12-03	0	NULO	19	5
2023-12-04	0	NULO	21	6
2023-12-05	0	NULO	20	7
2023-12-06	0	NULO	19	8
2023-12-07	0	NULO	19	7
2023-12-08	0	NULO	18	7
2023-12-09	0	NULO	16	7
2023-12-10	0	NULO	17	8
2023-12-11	0	NULO	18	6
2023-12-12	0	NULO	17	6
2023-12-13	0	NULO	19	5
2023-12-14	0	NULO	21	6
2023-12-15	0	NULO	22	7
2023-12-16	0	NULO	22	8
2023-12-17	0	NULO	21	8
2023-12-18	0	NULO	20	6
2023-12-19	0	NULO	20	5
2023-12-20	0	NULO	21	6
2023-12-21	0	NULO	22	7
2023-12-22	0	NULO	20	6
2023-12-23	0	NULO	21	7
2023-12-24	0	NULO	21	7
2023-12-25	0	NULO	21	6
2023-12-26	0	NULO	20	5
2023-12-27	0	NULO	19	5
2023-12-28	0	NULO	17	6
2023-12-29	0	NULO	17	6
2023-12-30	0	NULO	18	5
2023-12-31	0	NULO	NULO	NULO
2024-01-01	0	NULO	21	3
2024-01-02	0	NULO	22	4
2024-01-03	0	NULO	23	7
2024-01-04	0	NULO	22	5
2024-01-05	0	NULO	23	5
2024-01-06	0	NULO	20	6
2024-01-07	0	NULO	22	5
2024-01-08	0	NULO	22	7
2024-01-09	0	NULO	23	8
2024-01-10	0	NULO	24	5
2024-01-11	0	NULO	25	7
2024-01-12	0	NULO	22	6
2024-01-13	0	NULO	25	5
2024-01-14	0	NULO	25	8
2024-01-15	0	NULO	26	6
2024-01-16	0	NULO	24	7
2024-01-17	0	NULO	24	7
2024-01-18	0	NULO	21	8
2024-01-19	0	NULO	16	7
2024-01-20	0	NULO	20	6
2024-01-21	0	NULO	21	5
2024-01-22	0	NULO	25	5
2024-01-23	0	NULO	25	8
2024-01-24	0	NULO	24	7
2024-01-25	0	NULO	25	6
2024-01-26	0	NULO	23	6
2024-01-27	0	NULO	21	7
2024-01-28	0	NULO	21	5
2024-01-29	0	NULO	20	2
2024-01-30	0	NULO	24	3
2024-01-31	0	NULO	NULO	NULO
2024-02-01	0	NULO	24	8
2024-02-02	0	NULO	23	7
2024-02-03	0	NULO	22	8
2024-02-04	0	NULO	21	6
2024-02-05	0	NULO	23	3
2024-02-06	0	NULO	27	2
2024-02-07	0	NULO	29	3
2024-02-08	0	NULO	28	7
2024-02-09	0	NULO	29	6
2024-02-10	0	NULO	28	6
2024-02-11	0	NULO	23	7
2024-02-12	0	NULO	22	8
2024-02-13	0	NULO	24	6
2024-02-14	0	NULO	24	4
2024-02-15	0	NULO	25	7
2024-02-16	0	NULO	16	7
2024-02-17	0	NULO	18	6
2024-02-18	0	NULO	23	3
2024-02-19	0	NULO	23	2
2024-02-20	0	NULO	25	3
2024-02-21	0	NULO	27	2
2024-02-22	0	NULO	27	5
2024-02-23	0	NULO	25	5
2024-02-24	0	NULO	26	8
2024-02-25	0	NULO	28	7
2024-02-26	0	NULO	28	6
2024-02-27	0	NULO	27	6
2024-02-28	0	NULO	28	8
2024-02-29	0	NULO	NULO	NULO
2024-03-01	0	NULO	27	10
2024-03-02	0	NULO	27	11
2024-03-03	0	NULO	27	8
2024-03-04	0	NULO	31	8
2024-03-05	0	NULO	30	7
2024-03-06	0	NULO	30	10
2024-03-07	0	NULO	27	8
2024-03-08	0	NULO	25	8
2024-03-09	0	NULO	27	7
2024-03-10	0	NULO	27	10
2024-03-11	0	NULO	29	11
2024-03-12	0	NULO	29	10
2024-03-13	0	NULO	29	11
2024-03-14	0	NULO	28	10
2024-03-15	0	NULO	28	9
2024-03-16	0	NULO	27	10
2024-03-17	0	NULO	28	11
2024-03-18	0	NULO	28	9
2024-03-19	0	NULO	28	10
2024-03-20	0	NULO	28	9
2024-03-21	0	NULO	28	8
2024-03-22	0	NULO	28	11
2024-03-23	0	NULO	29	9
2024-03-24	0	NULO	28	8
2024-03-25	0	NULO	29	8
2024-03-26	0	NULO	28	10
2024-03-27	0	NULO	23	5
2024-03-28	0	NULO	29	6
2024-03-29	0	NULO	29	8
2024-03-30	0	NULO	29	8
2024-03-31	0	NULO	NULO	NULO
2024-04-01	0	NULO	30	10
2024-04-02	0	NULO	27	11
2024-04-03	0	NULO	24	10
2024-04-04	0	NULO	28	8
2024-04-05	0	NULO	28	8
2024-04-06	0	NULO	29	10
2024-04-07	0	NULO	29	10
2024-04-08	0	NULO	30	11
2024-04-09	0	NULO	28	8
2024-04-10	0	NULO	22	10
2024-04-11	0	NULO	24	7
2024-04-12	0	NULO	27	5
2024-04-13	0	NULO	29	7
2024-04-14	0	NULO	30	10
2024-04-15	0	NULO	32	11
2024-04-16	0	NULO	31	12
2024-04-17	0	NULO	29	11
2024-04-18	0	NULO	28	12
2024-04-19	0	NULO	29	10
2024-04-20	0	NULO	24	9
2024-04-21	0	NULO	26	9
2024-04-22	0	NULO	26	11
2024-04-23	0	NULO	27	9
2024-04-24	0	NULO	28	8
2024-04-25	0	NULO	28	9
2024-04-26	0	NULO	27	10
2024-04-27	0	NULO	28	9
2024-04-28	0	NULO	29	11
2024-04-29	0	NULO	30	10
2024-04-30	0	NULO	NULO	NULO
2024-05-01	0	NULO	28	10
2024-05-02	0	NULO	27	11
2024-05-03	0	NULO	27	10
2024-05-04	0	NULO	28	11
2024-05-05	0	NULO	29	12
2024-05-06	0	NULO	30	13
2024-05-07	0	NULO	32	11
2024-05-08	0	NULO	23	11
2024-05-09	0	NULO	22	10
2024-05-10	0	NULO	21	9
2024-05-11	0	NULO	27	7
2024-05-12	0	NULO	29	8
2024-05-13	0	NULO	30	10
2024-05-14	0	NULO	29	11
2024-05-15	0	NULO	31	10
2024-05-16	0	NULO	30	13
2024-05-17	0	NULO	29	10
2024-05-18	0	NULO	31	8
2024-05-19	0	NULO	29	11
2024-05-20	0	NULO	27	10
2024-05-21	0	NULO	29	13
2024-05-22	0	NULO	26	8
2024-05-23	0	NULO	25	9
2024-05-24	0	NULO	25	11
2024-05-25	0	NULO	26	10
2024-05-26	0	NULO	25	10
2024-05-27	0	NULO	26	9
2024-05-28	0	NULO	23	10
2024-05-29	0	NULO	24	11
2024-05-30	0	NULO	23	10
2024-05-31	0	NULO	NULO	NULO
2024-06-01	0	NULO	30	10
2024-06-02	0	NULO	31	11
2024-06-03	0	NULO	29	13
2024-06-04	0	NULO	29	11
2024-06-05	0	NULO	29	10
2024-06-06	0	NULO	27	11
2024-06-07	0	NULO	27	11
2024-06-08	0	NULO	25	8
2024-06-09	0	NULO	27	8
2024-06-10	0	NULO	26	9
2024-06-11	0	NULO	26	10
2024-06-12	0	NULO	26	11
2024-06-13	0	NULO	25	10
2024-06-14	0	NULO	24	8
2024-06-15	0	NULO	26	10
2024-06-16	0	NULO	28	9
2024-06-17	0	NULO	26	8
2024-06-18	0	NULO	24	8
2024-06-19	0	NULO	21	9
2024-06-20	0	NULO	18	12
2024-06-21	0	NULO	19	10
2024-06-22	0	NULO	23	10
2024-06-23	0	NULO	21	11
2024-06-24	0	NULO	21	11
2024-06-25	0	NULO	25	10
2024-06-26	0	NULO	22	10
2024-06-27	0	NULO	20	9
2024-06-28	0	NULO	24	10
2024-06-29	0	NULO	18	11
2024-06-30	0	NULO	NULO	NULO
2024-07-01	0	NULO	23	11
2024-07-02	0	NULO	24	8
2024-07-03	0	NULO	24	10
2024-07-04	0	NULO	25	8
2024-07-05	0	NULO	24	9
2024-07-06	0	NULO	27	8
2024-07-07	0	NULO	27	8
2024-07-08	0	NULO	23	9
2024-07-09	0	NULO	18	11
2024-07-10	0	NULO	21	11
2024-07-11	0	NULO	22	10
2024-07-12	0	NULO	21	11
2024-07-13	0	NULO	21	11
2024-07-14	0	NULO	24	9
2024-07-15	0	NULO	22	10
2024-07-16	0	NULO	26	11
2024-07-17	0	NULO	24	9
2024-07-18	1	NULO	21	12
2024-07-19	1	NULO	22	13
2024-07-20	0	NULO	23	10
2024-07-21	0	NULO	22	8
2024-07-22	0	NULO	22	9
2024-07-23	2	NULO	24	10
2024-07-24	1	NULO	23	13
2024-07-25	0	NULO	23	12
2024-07-26	0	NULO	24	10
2024-07-27	0	NULO	22	9
2024-07-28	0	NULO	23	10
2024-07-29	0	NULO	24	11
2024-07-30	0	NULO	23	10
2024-07-31	0	NULO	NULO	NULO
2024-08-01	0	NULO	20	9
2024-08-02	0	NULO	24	10
2024-08-03	0	NULO	23	9
2024-08-04	0	NULO	25	8
2024-08-05	0	NULO	22	9
2024-08-06	0	NULO	24	9
2024-08-07	0	NULO	25	9
2024-08-08	0	NULO	23	10
2024-08-09	0	NULO	22	10
2024-08-10	0	NULO	22	9
2024-08-11	0	NULO	20	11
2024-08-12	0	NULO	23	11
2024-08-13	3	NULO	22	9
2024-08-14	2	NULO	24	10
2024-08-15	2	NULO	24	10
2024-08-16	0	NULO	25	11
2024-08-17	0	NULO	23	11
2024-08-18	0	NULO	24	8
2024-08-19	0	NULO	23	10
2024-08-20	0	NULO	22	9
2024-08-21	0	NULO	22	10
2024-08-22	0	NULO	25	9
2024-08-23	0	NULO	24	8
2024-08-24	1	NULO	24	11
2024-08-25	2	NULO	23	9
2024-08-26	1	NULO	23	8
2024-08-27	0	NULO	24	9
2024-08-28	0	NULO	23	12
2024-08-29	0	NULO	24	11
2024-08-30	0	NULO	25	10
2024-08-31	0	NULO	NULO	NULO
2024-09-01	0	NULO	23	10
2024-09-02	0	NULO	23	7
2024-09-03	0	NULO	25	8
2024-09-04	0	NULO	23	9
2024-09-05	0	NULO	21	11
2024-09-06	0	NULO	18	13
2024-09-07	0	NULO	21	11
2024-09-08	0	NULO	24	10
2024-09-09	0	NULO	27	9
2024-09-10	2	NULO	23	10
2024-09-11	1	NULO	24	10
2024-09-12	1	NULO	27	11
2024-09-13	0.01	NULO	23	12
2024-09-14	0.01	NULO	22	10
2024-09-15	0.01	NULO	24	10
2024-09-16	0	NULO	24	12
2024-09-17	0	NULO	24	11
2024-09-18	0	NULO	25	9
2024-09-19	0	NULO	23	11
2024-09-20	0	NULO	22	9
2024-09-21	2	NULO	22	10
2024-09-22	1	NULO	20	7
2024-09-23	0	NULO	23	10
2024-09-24	0.01	NULO	18	9
2024-09-25	1	NULO	18	9
2024-09-26	0.01	NULO	19	10
2024-09-27	0	NULO	22	11
2024-09-28	0	NULO	19	11
2024-09-29	0	NULO	19	10
2024-09-30	0	NULO	NULO	NULO
2024-10-01	0	NULO	18	7
2024-10-02	0	NULO	23	8
2024-10-03	0	NULO	20	7
2024-10-04	0	NULO	22	9
2024-10-05	0	NULO	20	8
2024-10-06	0	NULO	19	10
2024-10-07	0	NULO	19	12
2024-10-08	0	NULO	21	9
2024-10-09	0	NULO	20	7
2024-10-10	0	NULO	20	5
2024-10-11	0	NULO	20	3
2024-10-12	0	NULO	20	4
2024-10-13	0	NULO	21	7
2024-10-14	0	NULO	24	6
2024-10-15	0	NULO	22	5
2024-10-16	0	NULO	20	7
2024-10-17	0	NULO	21	6
2024-10-18	0	NULO	19	7
2024-10-19	0	NULO	15	10
2024-10-20	0	NULO	17	7
2024-10-21	0	NULO	21	10
2024-10-22	0	NULO	21	9
2024-10-23	0	NULO	22	6
2024-10-24	0	NULO	21	5
2024-10-25	0	NULO	18	5
2024-10-26	0	NULO	18	7
2024-10-27	0	NULO	22	8
2024-10-28	0	NULO	22	9
2024-10-29	0	NULO	23	7
2024-10-30	0	NULO	23	6
2024-10-31	0	NULO	NULO	NULO
2024-11-01	0	NULO	23	10
2024-11-02	0	NULO	25	7
2024-11-03	0	NULO	25	7
2024-11-04	0	NULO	23	8
2024-11-05	0	NULO	24	8
2024-11-06	0	NULO	25	7
2024-11-07	0	NULO	25	8
2024-11-08	0	NULO	23	7
2024-11-09	0	NULO	24	6
2024-11-10	0	NULO	23	7
2024-11-11	0	NULO	24	4
2024-11-12	0	NULO	24	6
2024-11-13	0	NULO	19	5
2024-11-14	0	NULO	23	6
2024-11-15	0	NULO	25	8
2024-11-16	0	NULO	25	7
2024-11-17	0	NULO	26	8
2024-11-18	0	NULO	27	8
2024-11-19	0	NULO	17	7
2024-11-20	0	NULO	20	5
2024-11-21	0	NULO	20	3
2024-11-22	0	NULO	21	4
2024-11-23	0	NULO	22	1
2024-11-24	0	NULO	23	4
2024-11-25	0	NULO	21	5
2024-11-26	0	NULO	26	4
2024-11-27	0	NULO	26	5
2024-11-28	0	NULO	22	8
2024-11-29	0	NULO	23	4
2024-11-30	0	NULO	NULO	NULO
2024-12-01	0	NULO	21	4
2024-12-02	0	NULO	19	4
2024-12-03	0	NULO	22	5
2024-12-04	0	NULO	23	7
2024-12-05	0	NULO	21	6
2024-12-06	0	NULO	24	7
2024-12-07	0	NULO	23	7
2024-12-08	0	NULO	22	5
2024-12-09	0	NULO	26	8
2024-12-10	0	NULO	17	9
2024-12-11	0	NULO	22	4
2024-12-12	0	NULO	23	5
2024-12-13	0	NULO	23	6
2024-12-14	0	NULO	22	5
2024-12-15	0	NULO	22	3
2024-12-16	0	NULO	19	3
2024-12-17	0	NULO	18	4
2024-12-18	0	NULO	15	5
2024-12-19	0	NULO	16	8
2024-12-20	0	NULO	16	7
2024-12-21	0	NULO	18	7
2024-12-22	0	NULO	15	7
2024-12-23	0	NULO	18	6
2024-12-24	0	NULO	19	7
2024-12-25	0	NULO	20	6
2024-12-26	0	NULO	22	7
2024-12-27	0	NULO	22	4
2024-12-28	0	NULO	20	5
2024-12-29	0	NULO	21	7
2024-12-30	0	NULO	22	5
2024-12-31	0	NULO	NULO	NULO
2025-01-01	0	NULO	20	5
2025-01-02	0	NULO	16	6
2025-01-03	0	NULO	19	6
2025-01-04	0	NULO	20	6
2025-01-05	0	NULO	17	7
2025-01-06	0	NULO	21	6
2025-01-07	0	NULO	20	5
2025-01-08	0	NULO	23	5
2025-01-09	0	NULO	20	6
2025-01-10	0	NULO	20	8
2025-01-11	0	NULO	19	7
2025-01-12	0	NULO	23	8
2025-01-13	0	NULO	22	7
2025-01-14	0	NULO	22	5
2025-01-15	0	NULO	24	6
2025-01-16	0	NULO	25	6
2025-01-17	0	NULO	25	8
2025-01-18	0	NULO	22	8
2025-01-19	0	NULO	24	7
2025-01-20	0	NULO	24	6
2025-01-21	0	NULO	23	5
2025-01-22	0	NULO	24	2
2025-01-23	0	NULO	18	6
2025-01-24	0	NULO	22	5
2025-01-25	0	NULO	23	4
2025-01-26	0	NULO	25	6
2025-01-27	0	NULO	27	5
2025-01-28	0	NULO	26	6
2025-01-29	0	NULO	26	7
2025-01-30	0	NULO	21	8
2025-01-31	0	NULO	NULO	NULO
2025-02-01	0	NULO	NULO	NULO
2025-02-02	0	NULO	NULO	NULO
2025-02-03	0	NULO	NULO	NULO
2025-02-04	0	NULO	NULO	NULO
2025-02-05	0	NULO	NULO	NULO
2025-02-06	0	NULO	NULO	NULO
2025-02-07	0	NULO	NULO	NULO
2025-02-08	0	NULO	NULO	NULO
2025-02-09	0	NULO	NULO	NULO
2025-02-10	0	NULO	NULO	NULO
2025-02-11	0	NULO	NULO	NULO
2025-02-12	0	NULO	NULO	NULO
2025-02-13	0	NULO	NULO	NULO
2025-02-14	0	NULO	NULO	NULO
2025-02-15	0	NULO	NULO	NULO
2025-02-16	0	NULO	NULO	NULO
2025-02-17	0	NULO	NULO	NULO
2025-02-18	0	NULO	NULO	NULO
2025-02-19	0	NULO	NULO	NULO
2025-02-20	0	NULO	NULO	NULO
2025-02-21	0	NULO	NULO	NULO
2025-02-22	0	NULO	NULO	NULO
2025-02-23	0	NULO	NULO	NULO
2025-02-24	0	NULO	NULO	NULO
2025-02-25	0	NULO	NULO	NULO
2025-02-26	0	NULO	NULO	NULO
2025-02-27	0	NULO	NULO	NULO
2025-02-28	0	NULO	NULO	NULO
2025-03-01	0	NULO	27	8
2025-03-02	0	NULO	28	7
2025-03-03	0	NULO	27	10
2025-03-04	0	NULO	25	11
2025-03-05	0	NULO	26	9
2025-03-06	0	NULO	29	8
2025-03-07	0	NULO	28	11
2025-03-08	0	NULO	25	10
2025-03-09	0	NULO	24	7
2025-03-10	0	NULO	28	5
2025-03-11	0	NULO	26	8
2025-03-12	0	NULO	29	10
2025-03-13	0	NULO	27	9
2025-03-14	0	NULO	27	11
2025-03-15	0	NULO	24	10
2025-03-16	0	NULO	23	9
2025-03-17	0	NULO	28	4
2025-03-18	0	NULO	26	6
2025-03-19	0	NULO	16	10
2025-03-20	0	NULO	25	7
2025-03-21	0	NULO	25	6
2025-03-22	0	NULO	26	10
2025-03-23	0	NULO	27	9
2025-03-24	0	NULO	22	9
2025-03-25	0	NULO	24	11
2025-03-26	0	NULO	28	10
2025-03-27	0	NULO	26	9
2025-03-28	0	NULO	27	9
2025-03-29	0	NULO	27	8
2025-03-30	0	NULO	27	9
2025-03-31	0	NULO	NULO	NULO
