COMISIÓN NACIONAL DEL AGUA
COORDINACIÓN GENERAL DEL SERVICIO METEOROLÓGICO NACIONAL
BASE DE DATOS CLIMATOLÓGICA NACIONAL 

REGISTRO DIARIO HISTÓRICO
EMISIÓN   : 11/09/2026 

DATOS DISPONIBLES EN LA BASE DE DATOS A: SEPTEMBER DE 2026; 
CON LA INFORMACIÓN SUMINISTRADA POR LAS UNIDADES ADMINISTRATIVAS 

 ESTACIÓN   : 13099 
 NOMBRE     : METEPEC 
 ESTADO     : HIDALGO 
 MUNICIPIO  : METEPEC 
 SITUACIÓN  : OPERANDO 
 U. ADMNVA. : DIRECCIÓN LOCAL HIDALGO 
 CVE-OMM    :   
 LATITUD    : 20.23666667 ° 
 LONGITUD   : -98.32416667 ° 
 ALTITUD    : 2147 msnm 




FECHA		PRECIP	EVAP	TMAX	TMIN
		(mm)	(mm)	(°C )	(°C)
1974-08-16	0	NULO	NULO	NULO
1974-08-17	1	2	21	15
1974-08-18	1.3	5.3	20	15
1974-08-19	0	5	18	15
1974-08-20	0	5	20	7
1974-08-21	0	6	22	12
1974-08-22	0	4	21	5
1974-08-23	0.4	2.4	18	5
1974-08-24	0	2	19	15
1974-08-25	0	4	18	12
1974-08-26	0	5	20	13
1974-08-27	0.7	1.7	19	17
1974-08-28	4.6	9.6	19	11
1974-08-29	20	11	23	15
1974-08-30	0.4	4.4	18	10
1974-08-31	0	7	20	12
1974-09-01	0	4.7	17	12
1974-09-02	0	5.5	21	10
1974-09-03	16	6.1	15	10
1974-09-04	1.4	2.4	16	12
1974-09-05	0	2.5	19	10
1974-09-06	0	4.2	24	10
1974-09-07	0	7	21	8
1974-09-08	0	1.5	21	6
1974-09-09	2	5.7	20	2
1974-09-10	2	2.1	19	9
1974-09-11	7	1.6	23	10
1974-09-12	0	1.6	23	14
1974-09-13	0	3.5	23	13
1974-09-14	2.5	3.7	22	10
1974-09-15	0	2.5	20	13
1974-09-16	0	4.2	20	13
1974-09-17	1.9	3.9	22	10
1974-09-18	2.9	2.5	21	12
1974-09-19	4.5	3.8	20	15
1974-09-20	109	3.4	18	12
1974-09-21	95.5	3.7	16	8
1974-09-22	26.5	5.9	20	13
1974-09-23	7	3.2	21	15
1974-09-24	0	6.5	20	15
1974-09-25	1	2.6	21	14
1974-09-26	6	2.9	22	14
1974-09-27	0	2.3	25	15
1974-09-28	4.4	4.9	24	13
1974-09-29	10	1.5	21	13
1974-09-30	6.7	1.4	20	12
1974-10-01	0	1.8	16	8
1974-10-02	2	1.1	17	8
1974-10-03	5	1.2	18	7
1974-10-04	1	1.2	15	7
1974-10-05	0.5	2	16	5
1974-10-06	0	1.4	17	5
1974-10-07	0	4.3	17	5
1974-10-08	0	1.7	17	7
1974-10-09	1	3.6	18	2
1974-10-10	0	3	17	5
1974-10-11	0	2.7	17	6
1974-10-12	0.5	3.3	19	7
1974-10-13	0	2.7	19	8
1974-10-14	0	5.8	24	8
1974-10-15	2	0.9	24	6
1974-10-16	0	1.6	16	6
1974-10-17	0	4	18	9
1974-10-18	0	1.6	18	9
1974-10-19	0	4.6	17	8
1974-10-20	0	2.7	17	3
1974-10-21	0	1.9	16	7
1974-10-22	0	1.2	16	9
1974-10-23	3.5	1	20	7
1974-10-24	1.5	1.3	17	9
1974-10-25	2	3.3	19	7
1974-10-26	4	1.6	20	7
1974-10-27	0	3.5	21	7
1974-10-28	0	3.8	28	7
1974-10-29	0	3.7	24	8
1974-10-30	0	4.4	22	7
1974-10-31	0	3.9	22	5
1974-11-01	0	3.2	20	6
1974-11-02	0	5.6	21	7
1974-11-03	0	2.4	26	9
1974-11-04	0	3.4	25	3
1974-11-05	0	3.2	19	4
1974-11-06	0.5	3.3	19	10
1974-11-07	0	2	17	8
1974-11-08	0	3.1	19	9
1974-11-09	0	4.5	22	7
1974-11-10	0	3.8	23	5
1974-11-11	10	2.6	15	7
1974-11-12	0	1.1	12	3
1974-11-13	0	0.8	17	3
1974-11-14	0	2.2	20	4
1974-11-15	0	3.7	17	4
1974-11-16	0	3.9	23	5
1974-11-17	0	3.9	22	4
1974-11-18	0	2.3	23	3
1974-11-19	0	3.5	25	4
1974-11-20	9.7	5.1	19	2
1974-11-21	0	2.2	18	5
1974-11-22	1	3.1	22	6
1974-11-23	0	2.2	23	5
1974-11-24	0.5	3.6	21	4
1974-11-25	0	1.9	12	3
1974-11-26	0	2.2	19	-4
1974-11-27	0	3.3	16	-5
1974-11-28	0	2.4	21	-3
1974-11-29	0	3.5	23	3
1974-11-30	0	2.3	13	3
1974-12-01	0	1.9	15	0
1974-12-02	0	3.1	16	3
1974-12-03	0	1.7	19	2
1974-12-04	0	2.5	22	3
1974-12-05	0	2.9	29	4
1974-12-06	0	4.5	25	6
1974-12-07	0	3	25	4
1974-12-08	0	1	16	4
1974-12-09	0	0.9	14	7
1974-12-10	0	1	21	5
1974-12-11	1.5	2.2	22	3
1974-12-12	0	1.7	22	3
1974-12-13	0	3.8	18	3
1974-12-14	0	2.8	22	4
1974-12-15	0	2.9	26	5
1974-12-16	0	2.9	22	4
1974-12-17	0	0.7	10	5
1974-12-18	0	3.3	23	4
1974-12-19	0	1.2	23	4
1974-12-20	0	4.1	19	3
1974-12-21	0	1.4	15	5
1974-12-22	0	3.5	21	6
1974-12-23	0	3.1	23	4
1974-12-24	0	2.8	23	2
1974-12-25	0	1.9	20	2
1974-12-26	0	2.6	22	6
1974-12-27	0	3	21	5
1974-12-28	0	3.7	23	2
1974-12-29	0	5	26	2
1974-12-30	0	3.5	25	1
1974-12-31	0	4	25	1
1975-01-01	0	3.3	16	3
1975-01-02	0	3.1	23	3
1975-01-03	0	3.2	22	2
1975-01-04	0	2.1	15	3
1975-01-05	0	2.9	20	3
1975-01-06	0	2.1	19	3
1975-01-07	0	2.5	21	3
1975-01-08	0	2.9	18	6
1975-01-09	0	6.1	24	5
1975-01-10	0	6.1	24	10
1975-01-11	0	2.5	23	13
1975-01-12	0	2	22	8
1975-01-13	0	2.4	18	1
1975-01-14	0	3	23	-3
1975-01-15	0	4.3	19	-7
1975-01-16	0	2.1	19	-1
1975-01-17	0	2.9	17	5
1975-01-18	0	1.7	20	6
1975-01-19	5.5	1.7	22	2
1975-01-20	8	1.7	16	5
1975-01-21	16	4.2	15	4
1975-01-22	0	3.8	15	5
1975-01-23	0	1	16	1
1975-01-24	0	3.1	22	2
1975-01-25	0	2.8	21	3
1975-01-26	0	4.1	21	5
1975-01-27	0	2.9	23	2
1975-01-28	0	4.6	23	3
1975-01-29	0	2.2	20	2
1975-01-30	0	3.1	21	1
1975-01-31	0	3.9	21	1
1975-02-01	0	3.7	23	8
1975-02-02	0	2.9	21	6
1975-02-03	0	3.3	22	6
1975-02-04	6.5	5	22	5
1975-02-05	0	2.3	21	6
1975-02-06	1.5	3.3	23	5
1975-02-07	3	6.1	22	5
1975-02-08	0	3.7	23	4
1975-02-09	0	4.1	22	4
1975-02-10	0	5	22	5
1975-02-11	0	5.9	25	6
1975-02-12	0	3.5	16	3
1975-02-13	0	2.3	16	2
1975-02-14	0	5.5	24	4
1975-02-15	0	4.9	25	5
1975-02-16	0	5.5	24	7
1975-02-17	0	5.7	27	5
1975-02-18	0	5.4	26	6
1975-02-19	0	3.9	19	6
1975-02-20	0	4.5	22	4
1975-02-21	0	4.5	24	2
1975-02-22	0	7.2	27	7
1975-02-23	0	7.4	26	8
1975-02-24	0	4.6	17	1
1975-02-25	0	5.7	21	0
1975-02-26	0	6.1	26	1
1975-02-27	0	5.3	23	3
1975-02-28	0	5.6	25	3
1975-03-01	0	5.3	23	2
1975-03-02	0	4.6	22	2
1975-03-03	0	8.5	24	5
1975-03-04	0	6.1	25	3
1975-03-05	0	7.6	25	10
1975-03-06	0	2.3	22	2
1975-03-07	0	2.8	26	3
1975-03-08	0	3	20	5
1975-03-09	0	6.7	26	4
1975-03-10	2	5.6	27	10
1975-03-11	3	5.9	28	8
1975-03-12	0	2.2	30	7
1975-03-13	0	5	23	7
1975-03-14	0	5.2	16	4
1975-03-15	0	6.4	29	5
1975-03-16	0	6.6	27	7
1975-03-17	0	7.1	29	6
1975-03-18	0	5.4	25	9
1975-03-19	0	5	20	11
1975-03-20	0	5.9	28	6
1975-03-21	0	7.1	29	6
1975-03-22	0	3.2	25	6
1975-03-23	0	4.9	28	8
1975-03-24	0	7.7	26	7
1975-03-25	0	4.4	20	11
1975-03-26	0	6.4	27	9
1975-03-27	0	6.3	29	12
1975-03-28	0	8.5	30	11
1975-03-29	0	7	28	10
1975-03-30	0	7.2	29	6
1975-03-31	0	9.3	30	7
1975-04-01	0	7.9	28	10
1975-04-02	0	6.8	31	10
1975-04-03	0	3.7	20	10
1975-04-04	0	9.6	18	8
1975-04-05	0	5.6	25	3
1975-04-06	0	4.6	23	3
1975-04-07	0	5	31	9
1975-04-08	0	7.3	28	11
1975-04-09	0	8.2	27	10
1975-04-10	0	9.2	32	10
1975-04-11	0	6.8	28	10
1975-04-12	0	5.9	25	11
1975-04-13	0	7	29	10
1975-04-14	0	7.7	30	12
1975-04-15	0	2.6	22	10
1975-04-16	0	8.5	24	8
1975-04-17	0	7.6	29	6
1975-04-18	0	8.6	32	10
1975-04-19	0	7	21	11
1975-04-20	0	7.8	23	11
1975-04-21	0	5.5	24	7
1975-04-22	0	8.6	22	8
1975-04-23	0	7	25	8
1975-04-24	0	6.2	29	6
1975-04-25	0	6.9	29	6
1975-04-26	0	6.5	30	6
1975-04-27	0	4.8	30	8
1975-04-28	1.5	6.7	29	9
1975-04-29	4.5	6.1	30	9
1975-04-30	0	7.4	28	10
1975-05-01	0	5.8	28	11
1975-05-02	0	4.8	28	9
1975-05-03	0	6.3	30	11
1975-05-04	2	7.5	32	9
1975-05-05	1	6.6	31	12
1975-05-06	0	7.1	30	7
1975-05-07	0	5.6	31	11
1975-05-08	9	3.4	28	9
1975-05-09	0	6.2	28	10
1975-05-10	0	6.2	27	12
1975-05-11	3	5.6	28	13
1975-05-12	16	4.6	25	12
1975-05-13	0	7.2	26	9
1975-05-14	0	3.4	26	10
1975-05-15	10	7.1	24	9
1975-05-16	0	4.8	23	10
1975-05-17	0	6.5	24	10
1975-05-18	0	4.8	25	10
1975-05-19	0	5.5	26	8
1975-05-20	19.5	6.3	27	12
1975-05-21	12.5	6.6	25	12
1975-05-22	0	3.6	25	8
1975-05-23	0	5.8	25	13
1975-05-24	0	4.7	23	9
1975-05-25	0	3.4	26	12
1975-05-26	5	6.1	23	10
1975-05-27	0	4	27	9
1975-05-28	7	5.2	25	12
1975-05-29	3	1.9	24	13
1975-05-30	1	4	25	13
1975-05-31	1	2	19	12
1975-06-01	0	3.1	19	12
1975-06-02	2.4	2.3	17	10
1975-06-03	1.5	1.4	19	10
1975-06-04	0	3.3	22	12
1975-06-05	0	5.8	25	11
1975-06-06	0	6.1	26	12
1975-06-07	0	2	22	11
1975-06-08	0	6.4	28	12
1975-06-09	5	3.8	26	13
1975-06-10	2.5	4.8	27	11
1975-06-11	7.5	5.9	23	12
1975-06-12	11	4.4	21	12
1975-06-13	1	3.7	20	12
1975-06-14	0	7.3	24	9
1975-06-15	0	5.6	27	12
1975-06-16	0	5.4	28	8
1975-06-17	0	4.2	25	10
1975-06-18	2.5	7.4	25	10
1975-06-19	0	2.6	24	11
1975-06-20	8.5	4	24	12
1975-06-21	3	1.5	23	10
1975-06-22	0	4.4	21	12
1975-06-23	2	1.8	20	11
1975-06-24	2	3.5	22	11
1975-06-25	0	2.6	20	9
1975-06-26	0	4.7	23	7
1975-06-27	0	4.4	22	12
1975-06-28	0	4.4	22	11
1975-06-29	4	4.9	21	10
1975-06-30	0	4	21	10
1975-07-01	3	4.7	21	11
1975-07-02	2	3.5	19	11
1975-07-03	6	3.2	20	8
1975-07-04	2	3.4	19	9
1975-07-05	0	1.9	19	9
1975-07-06	0	5	21	7
1975-07-07	0	3.7	22	6
1975-07-08	0	3.4	22	9
1975-07-09	1	2.5	21	10
1975-07-10	0	3.1	20	10
1975-07-11	5	2.7	26	12
1975-07-12	11	4.7	25	11
1975-07-13	0	4.8	23	10
1975-07-14	1.5	3.5	24	11
1975-07-15	16	3.3	23	12
1975-07-16	0	3.3	21	11
1975-07-17	0.5	5.5	20	11
1975-07-18	0	4.3	21	7
1975-07-19	0	4.1	24	7
1975-07-20	0	6.4	22	8
1975-07-21	0	5.6	22	6
1975-07-22	0	5.2	22	6
1975-07-23	0	4.7	22	8
1975-07-24	0	5.6	23	8
1975-07-25	0	5.8	22	7
1975-07-26	1	3.1	24	8
1975-07-27	2.5	6.1	25	12
1975-07-28	1	4.9	21	6
1975-07-29	0	5.4	23	7
1975-07-30	2.9	5.4	24	9
1975-07-31	0.5	4.5	23	8
1975-08-01	0.3	4.3	23	8
1975-08-02	0	9.6	24	7
1975-08-03	2.8	5.3	22	9
1975-08-04	3.6	4.7	22	11
1975-08-05	19	6.7	22	10
1975-08-06	6	4.2	20	12
1975-08-07	13	5.5	20	10
1975-08-08	5.3	6	20	12
1975-08-09	1.5	4.3	22	11
1975-08-10	4.4	5.3	20	10
1975-08-11	1.2	4	21	10
1975-08-12	2	6.5	21	10
1975-08-13	0	3.7	22	9
1975-08-14	0	5.7	23	11
1975-08-15	0	4	23	7
1975-08-16	0	5.3	22	8
1975-08-17	1	5.6	22	10
1975-08-18	10	5.9	21	12
1975-08-19	14	3.2	21	11
1975-08-20	14	2	19	8
1975-08-21	6	2.6	18	11
1975-08-22	2.5	1.8	19	11
1975-08-23	4	3.5	19	8
1975-08-24	1	4.1	22	8
1975-08-25	0	3.6	23	10
1975-08-26	8	6.6	22	9
1975-08-27	8	4.3	21	10
1975-08-28	3	4.7	21	7
1975-08-29	9	3	22	8
1975-08-30	0	4	22	9
1975-08-31	1.5	3.2	25	10
1975-09-01	1	2.9	23	10
1975-09-02	1	4.4	21	12
1975-09-03	0.6	3	20	12
1975-09-04	0	4.7	21	8
1975-09-05	0.5	1.9	28	12
1975-09-06	0.6	4.1	21	8
1975-09-07	26	2.1	19	11
1975-09-08	17	2.3	22	12
1975-09-09	65	9.1	19	11
1975-09-10	22	7.4	19	11
1975-09-11	18	8.8	19	12
1975-09-12	25	9.8	19	12
1975-09-13	19	5.2	19	12
1975-09-14	16	5.8	16	11
1975-09-15	1	8.5	19	11
1975-09-16	0	5.5	20	10
1975-09-17	0	4.1	23	9
1975-09-18	0	5.2	25	7
1975-09-19	0	3.6	25	6
1975-09-20	5.8	2	20	8
1975-09-21	5.7	3.8	21	9
1975-09-22	4	1.4	15	10
1975-09-23	0	1.4	13	8
1975-09-24	0	3	16	2
1975-09-25	0	1.8	16	0
1975-09-26	0	3.4	16	3
1975-09-27	0	3.8	20	2
1975-09-28	0	3.8	20	2
1975-09-29	0	5.6	24	2
1975-09-30	0	3.7	22	2
1975-10-01	4	3.5	19	3
1975-10-02	8	1.2	16	9
1975-10-03	7	1.4	13	9
1975-10-04	3	1.6	15	8
1975-10-05	1	1.6	18	9
1975-10-06	0	1.9	17	9
1975-10-07	0	3.6	19	5
1975-10-08	0.5	5.2	21	6
1975-10-09	1.8	1.5	18	10
1975-10-10	4.8	1.1	20	10
1975-10-11	2	1.3	18	10
1975-10-12	2.5	1.1	17	9
1975-10-13	0.4	1.4	17	10
1975-10-14	0	2.7	23	10
1975-10-15	0	4.3	25	11
1975-10-16	0	4	22	8
1975-10-17	8.5	1.1	22	11
1975-10-18	3.2	2.8	15	10
1975-10-19	0	3.6	18	3
1975-10-20	0	3.3	19	-1
1975-10-21	0	4	20	0
1975-10-22	0	4.8	26	2
1975-10-23	0	3.2	25	7
1975-10-24	0	4.9	26	10
1975-10-25	0	3.2	26	11
1975-10-26	1.7	1	19	10
1975-10-27	0	3.8	24	9
1975-10-28	0	3.3	21	8
1975-10-29	3	1.7	14	7
1975-10-30	1	2.7	17	6
1975-10-31	0	2.3	18	8
1975-11-01	0	3.4	22	5
1975-11-02	0	2.9	22	5
1975-11-03	0	3.3	20	5
1975-11-04	0.5	2.4	19	7
1975-11-05	0	2.9	22	7
1975-11-06	0	2.6	23	9
1975-11-07	0	4	23	3
1975-11-08	0	5.4	22	4
1975-11-09	0	4.1	25	4
1975-11-10	0	2.6	21	1
1975-11-11	0	3.6	23	1
1975-11-12	1.2	3.1	20	-2
1975-11-13	0	1.8	10	2
1975-11-14	0	3.1	16	0
1975-11-15	0	2.6	18	-4
1975-11-16	0	3.6	22	-3
1975-11-17	0	3.2	21	-2
1975-11-18	0	3.2	19	-2
1975-11-19	0	3.9	24	0
1975-11-20	1	1	20	2
1975-11-21	0	4.7	22	5
1975-11-22	1	2.3	20	4
1975-11-23	0	1.2	13	6
1975-11-24	0	3.9	21	2
1975-11-25	0	2.1	23	7
1975-11-26	0	4.2	23	7
1975-11-27	0	4.4	24	6
1975-11-28	0	3.9	24	5
1975-11-29	0	3.9	24	5
1975-11-30	1	4	24	4
1975-12-01	0	3.7	18	8
1975-12-02	0	2.6	18	4
1975-12-03	0	3.2	22	7
1975-12-04	0	4	20	-1
1975-12-05	0	4.2	24	0
1975-12-06	0	3	18	0
1975-12-07	0	3	16	2
1975-12-08	0	2.4	18	3
1975-12-09	0	2.5	17	0
1975-12-10	0	2.6	18	-2
1975-12-11	0	3	18	-2
1975-12-12	0	4.3	19	0
1975-12-13	0	2.1	17	2
1975-12-14	0	4.7	22	0
1975-12-15	0	3.2	24	0
1975-12-16	0	3.3	17	4
1975-12-17	0.7	2.5	23	-3
1975-12-18	2.8	1.6	12	6
1975-12-19	0	1.2	11	4
1975-12-20	2.2	1.1	13	5
1975-12-21	0	1.2	13	6
1975-12-22	0	3.5	21	3
1975-12-23	0	4.6	21	2
1975-12-24	0	4.9	25	3
1975-12-25	0	2.6	22	6
1975-12-26	0	2.8	12	3
1975-12-27	0	4.5	22	0
1975-12-28	0	6.1	22	1
1975-12-29	0	2.9	22	1
1975-12-30	0	3.7	21	3
1975-12-31	0	3.3	23	3
1976-01-01	0	4.8	22	0
1976-01-02	0	5.9	25	3
1976-01-03	0	2.2	14	1
1976-01-04	0	2.3	10	2
1976-01-05	0	3.7	22	1
1976-01-06	0	5.5	24	2
1976-01-07	0.8	2.8	24	2
1976-01-08	0	2.6	11	2
1976-01-09	0	3.5	9	-1
1976-01-10	0	2.6	22	0
1976-01-11	0	4	22	1
1976-01-12	0	4.5	19	2
1976-01-13	0	2.8	23	3
1976-01-14	3	3	18	2
1976-01-15	0	1.7	15	8
1976-01-16	3.4	3.3	18	-1
1976-01-17	0	1.5	7.1	0
1976-01-18	0	0.8	9	3
1976-01-19	0	1	13	3
1976-01-20	3	1.2	11	4
1976-01-21	0.7	0.8	10	5
1976-01-22	0	1.9	13	4
1976-01-23	0	6.9	12	-1
1976-01-24	0	5	18	0
1976-01-25	0	1.4	18	2
1976-01-26	0	1	18	5
1976-01-27	0	1.9	8	0
1976-01-28	0	3.5	21	0
1976-01-29	0	4.2	21	1
1976-01-30	0.5	4	24	2
1976-01-31	0	4.9	19	4
1976-02-01	0	3.4	15	1
1976-02-02	0	3.8	17	0
1976-02-03	0	3.4	20	1
1976-02-04	0	3.7	22	3
1976-02-05	0	4.9	24	5
1976-02-06	0.7	4.2	22	4
1976-02-07	0	2.2	14	7
1976-02-08	0	5.5	20	4
1976-02-09	0	5.7	21	1
1976-02-10	0	6	22	0
1976-02-11	0	5.4	21	0
1976-02-12	0	4.8	20	-5
1976-02-13	0	5.1	21	-5
1976-02-14	0	4.1	18	-5
1976-02-15	0	5.5	21	2
1976-02-16	0	4.4	24	2
1976-02-17	0	5.7	26	3
1976-02-18	0	8.7	23	3
1976-02-19	0	1.7	25	5
1976-02-20	0	6.3	27	6
1976-02-21	0.5	5.6	25	6
1976-02-22	0	1.3	4	0
1976-02-23	0	2.3	12	2
1976-02-24	0	1.9	14	-5
1976-02-25	0	7.8	20	-5.1
1976-02-26	0	5.9	19	-5.1
1976-02-27	0	4.4	19	-5.1
1976-02-28	0	6.1	21	-5.1
1976-02-29	0	6.9	25	-5
1976-03-01	0	6.4	25	1
1976-03-02	0	6.8	25	1
1976-03-03	0	7.2	25	1
1976-03-04	0	6.3	26	4
1976-03-05	0	6.1	26	6
1976-03-06	0	4.8	21	4
1976-03-07	1	4.8	19	9
1976-03-08	0	5.9	27	7
1976-03-09	0	3.9	22	5
1976-03-10	0	6.8	23	7
1976-03-11	0	6.8	28	6
1976-03-12	0	5.7	29	7
1976-03-13	3.5	6.4	23	4
1976-03-14	0	4.7	18	6
1976-03-15	0	6.7	26	6
1976-03-16	0.5	3.7	22	8
1976-03-17	0	5.1	17	7
1976-03-18	0	8.9	26	1
1976-03-19	0	4.3	28	5
1976-03-20	0.8	6.9	29	9
1976-03-21	1.5	6	22	7
1976-03-22	0	2.9	19	10
1976-03-23	0	4.7	19	8
1976-03-24	4	6.1	26	5
1976-03-25	5	6.8	28	6
1976-03-26	0.5	7.5	27	8
1976-03-27	0	5.1	22	6
1976-03-28	0	9.5	27	7
1976-03-29	0	8	29	10
1976-03-30	1	5.9	28	7
1976-03-31	14	2.1	15	9
1976-04-01	0	2.2	20	4
1976-04-02	0	4.7	21	7
1976-04-03	0	5.1	24	5
1976-04-04	6	4.3	22	6
1976-04-05	0	5.5	22	8
1976-04-06	0	5.8	21	10
1976-04-07	0	6	25	8
1976-04-08	0	6.8	22	5
1976-04-09	0	9.1	18	6
1976-04-10	0	4.5	20	7
1976-04-11	0	3.1	26	8
1976-04-12	0	1.4	25	8
1976-04-13	0	7.6	25	7
1976-04-14	0	7.6	27	7
1976-04-15	3	4.9	27	8
1976-04-16	1.2	6.1	27	8
1976-04-17	2.5	6.9	27	12
1976-04-18	3.8	4.6	23	8
1976-04-19	0	7.6	26	7
1976-04-20	0	5.5	28	10
1976-04-21	0	4.9	22	8
1976-04-22	0	7.3	29	8
1976-04-23	4.3	5.4	28	13
1976-04-24	7.6	2.1	24	11
1976-04-25	7.5	4.1	21	9
1976-04-26	0	5.8	25	8
1976-04-27	1.8	5.9	26	10
1976-04-28	1.5	4	27	10
1976-04-29	0.8	6.4	28	9
1976-04-30	0.5	4.5	23	10
1976-05-01	1	3.6	20	9
1976-05-02	0	5.1	19	5
1976-05-03	0	4.7	21	6
1976-05-04	0	6.9	19	9
1976-05-05	0	7.2	27	8
1976-05-06	6	5.7	27	11
1976-05-07	0	6.6	28	10
1976-05-08	0	6.3	23	10
1976-05-09	0	6.7	21	12
1976-05-10	0	3.5	21	11
1976-05-11	0	6	22	8
1976-05-12	0	6.9	25	6
1976-05-13	4.5	6.6	27	10
1976-05-14	0	4.6	21	10
1976-05-15	0	6.9	28	5
1976-05-16	0	8.3	28	8
1976-05-17	0.5	4.7	23	9
1976-05-18	0	3.9	20	9
1976-05-19	3.7	3.7	22	10
1976-05-20	0.8	3.7	22	7
1976-05-21	0	5.9	26	6
1976-05-22	0	6.6	22	7
1976-05-23	0	6.8	26	7
1976-05-24	0	8	30	9
1976-05-25	0	8.1	30	11
1976-05-26	0.5	5.7	32	14
1976-05-27	3.5	5.7	26	13
1976-05-28	0	6.2	24	9
1976-05-29	0	5.3	28	10
1976-05-30	0.5	4.8	30	11
1976-05-31	0	5.2	29	10
1976-06-01	0	5.6	26	7
1976-06-02	0	6.2	27	6
1976-06-03	0	6.7	23	6
1976-06-04	0	5.7	22	5
1976-06-05	3	5.4	22	9
1976-06-06	0	4.1	21	9
1976-06-07	1.2	5.7	21	12
1976-06-08	0	7.1	22	9
1976-06-09	2.6	2.9	23	8
1976-06-10	0	7.6	21	10
1976-06-11	0	4.6	22	8
1976-06-12	0	6.6	24	5
1976-06-13	0	6.7	23	7
1976-06-14	0	2.7	24	10
1976-06-15	0	6.2	27	12
1976-06-16	16.5	6.5	26	11
1976-06-17	0	3.4	24	10
1976-06-18	0	1.8	24	10
1976-06-19	1.8	6.8	23	10
1976-06-20	10	3	20	9
1976-06-21	8.5	3.4	19	11
1976-06-22	0	3.3	20	8
1976-06-23	0	3.4	23	10
1976-06-24	9	4.4	24	10
1976-06-25	6.5	3.6	20	13
1976-06-26	31.5	6.5	21	11
1976-06-27	29.7	9.7	19	12
1976-06-28	9	6.9	19	11
1976-06-29	6	3.7	20	11
1976-06-30	4.7	1.7	20	10
1976-07-01	5.5	2.5	20	12
1976-07-02	21.6	8.6	23	12
1976-07-03	2.6	2	23	11
1976-07-04	2.2	3.8	22	11
1976-07-05	6	5.8	22	12
1976-07-06	7	2	22	13
1976-07-07	0	1.3	20	12
1976-07-08	12.5	6.3	22	12
1976-07-09	21	4	23	13
1976-07-10	0.7	2.4	21	13
1976-07-11	3	2.6	21	13
1976-07-12	0.9	1.7	22	13
1976-07-13	14	2	22	12
1976-07-14	9.6	5.2	23	13
1976-07-15	0.5	5.2	21	11
1976-07-16	0	1.6	21	11
1976-07-17	0	5.9	20	10
1976-07-18	0	5.9	19	8
1976-07-19	0.4	5.9	19	9
1976-07-20	0.2	3.7	20	8
1976-07-21	0	4.9	21	11
1976-07-22	1.4	8.8	20	7
1976-07-23	2	4.4	19	7
1976-07-24	0	2.4	19	6
1976-07-25	0	2.9	21	10
1976-07-26	1.5	1.4	20	9
1976-07-27	2	4.2	20	10
1976-07-28	0	3.4	21	9
1976-07-29	0	6.7	22	10
1976-07-30	1.5	5.5	21	9
1976-07-31	1.5	4.4	22	8
1976-08-01	0	7.2	22	7
1976-08-02	0	4.5	23	8
1976-08-03	0	4.8	22	10
1976-08-04	0	6.5	22	6
1976-08-05	3.7	5.3	20	7
1976-08-06	0.5	5.1	20	8
1976-08-07	9.5	2.5	19	8
1976-08-08	3.5	4.2	20	10
1976-08-09	0	4.9	21	10
1976-08-10	3.5	4.5	21	9
1976-08-11	0	4.1	19	9
1976-08-12	1	3.7	21	7
1976-08-13	0	5.8	21	8
1976-08-14	0	7.4	23	8
1976-08-15	0.5	4.3	23	9
1976-08-16	6.4	2.5	23	10
1976-08-17	18	3.3	21	11
1976-08-18	5	1.8	19	12
1976-08-19	5.2	1.5	19	11
1976-08-20	1	1.5	16	11
1976-08-21	10	2.6	20	10
1976-08-22	5	3.9	19	11
1976-08-23	0	2.8	19	10
1976-08-24	0	4.8	19	8
1976-08-25	0.4	4.1	20	11
1976-08-26	0	5.5	20	10
1976-08-27	0.8	1.2	21	9
1976-08-28	4.4	4.3	21	10
1976-08-29	2	2.8	19	11
1976-08-30	2.4	3.2	19	10
1976-08-31	1.6	3	21	11
1976-09-01	2.4	6.2	21	8
1976-09-02	5	4.9	21	9
1976-09-03	1	1.5	19	10
1976-09-04	0	5.6	20	10
1976-09-05	1	5.1	20	7
1976-09-06	0	5	21	8
1976-09-07	0.7	5.1	21	7
1976-09-08	4.6	5.2	20	7
1976-09-09	6.5	1.1	23	11
1976-09-10	6	1.8	17	10
1976-09-11	0.3	2	20	11
1976-09-12	0	4.8	22	9
1976-09-13	5.5	3.7	21	9
1976-09-14	10	4	20	11
1976-09-15	1	5.1	22	11
1976-09-16	0	3.4	22	9
1976-09-17	0	4.8	20	12
1976-09-18	0	4.4	22	10
1976-09-19	0	4.8	24	11
1976-09-20	3	8.7	27	9
1976-09-21	20	9.2	23	10
1976-09-22	0	6.3	22	12
1976-09-23	0	4.2	23	11
1976-09-24	0	3.9	25	10
1976-09-25	0	2.3	24	10
1976-09-26	0	5.4	21	10
1976-09-27	2.5	4.6	26	9
1976-09-28	7.5	3.9	23	12
1976-09-29	18	5.6	21	11
1976-09-30	1	1.5	20	12
1976-10-01	0	3.7	21	12
1976-10-02	0.3	4.4	20	9
1976-10-03	0	3.3	23	7
1976-10-04	0	5.5	25	7
1976-10-05	8	3.3	25	6
1976-10-06	1.5	3.1	18	11
1976-10-07	31.3	2.2	18	10
1976-10-08	7.5	1.9	11	8
1976-10-09	0	1.5	13	4
1976-10-10	0	1.7	18	6
1976-10-11	0	3.8	18	7
1976-10-12	0.5	3.7	20	5
1976-10-13	0	4	20	7
1976-10-14	0	3.8	22	8
1976-10-15	24	10	25	10
1976-10-16	6	4.8	22	9
1976-10-17	0	1.7	20	9
1976-10-18	0	6.6	21	5
1976-10-19	0.3	1.7	22	5
1976-10-20	0.4	3.2	15	9
1976-10-21	0	6.7	14	8
1976-10-22	0	2.2	18	8
1976-10-23	0	4.1	23	6
1976-10-24	0	4	25	6
1976-10-25	1	2.4	23	9
1976-10-26	9	5	21	12
1976-10-27	2	4.2	22	9
1976-10-28	1	1.9	20	10
1976-10-29	8	4.5	24	8
1976-10-30	10	7.6	22	8
1976-10-31	0	7.8	17	10
1976-11-01	0	2.4	15	8
1976-11-02	1.5	2.3	17	8
1976-11-03	0	1.4	14	7
1976-11-04	0	1.7	16	5
1976-11-05	0.5	1.4	8	5
1976-11-06	0.2	1.7	15	2
1976-11-07	6.2	0.9	16	4
1976-11-08	0.7	1.2	13	5
1976-11-09	0	1.7	16	5
1976-11-10	0	2.2	22	5
1976-11-11	0	2.9	23	6
1976-11-12	0	1.7	17	5
1976-11-13	0	3.7	23	8
1976-11-14	0	3.8	23	10
1976-11-15	0	5.4	23	6
1976-11-16	1	3.9	21	6
1976-11-17	2.5	1.6	15	9
1976-11-18	0	1.1	21	8
1976-11-19	0.2	3.4	21	10
1976-11-20	0	3.6	23	11
1976-11-21	0	1.6	15	10
1976-11-22	1	1	11	6
1976-11-23	0	1.2	15	5
1976-11-24	0.3	1.3	12	7
1976-11-25	0.5	1.7	20	4
1976-11-26	0	2.7	23	7
1976-11-27	0	3.8	25	8
1976-11-28	0	2.8	27	9
1976-11-29	0	4.2	21	4
1976-11-30	0	2.2	17	4
1976-12-01	0	2.3	20	3
1976-12-02	0	1.9	10	6
1976-12-03	0	2	14	2
1976-12-04	0	3.1	22	4
1976-12-05	0	2.2	24	4
1976-12-06	0	4.6	25	9
1976-12-07	0	3	14	8
1976-12-08	0	1.8	14	4
1976-12-09	0	2.5	20	4
1976-12-10	0	3	20	1
1976-12-11	0	2.8	20	4
1976-12-12	0	2.4	20	6
1976-12-13	0	2.8	21	8
1976-12-14	0	3	23	8
1976-12-15	0	6.5	25	5
1976-12-16	0.5	2	13	7
1976-12-17	0	2.1	19	4
1976-12-18	0	3.1	22	4
1976-12-19	0	3.3	24	6
1976-12-20	0	2	16	8
1976-12-21	0	1.5	9	3
1976-12-22	0	1.1	22	3
1976-12-23	0	1.6	20	5
1976-12-24	0	3.2	23	3
1976-12-25	0	2.7	25	6
1976-12-26	0	2.9	10	3
1976-12-27	0	3.4	22	1
1976-12-28	0	3.7	24	3
1976-12-29	0	4.7	17	6
1976-12-30	0	2.8	26	8
1976-12-31	0	6.1	23	5
1977-01-01	0	3.7	23	6
1977-01-02	0	3.5	25	6
1977-01-03	0	3.9	24	2
1977-01-04	0	3.8	26	3
1977-01-05	0	5	27	1
1977-01-06	0	5.7	26	1
1977-01-07	0	3.4	20	5
1977-01-08	0	7.2	28	5
1977-01-09	0	5.3	26	5
1977-01-10	0	1.8	17	2
1977-01-11	0	2.5	23	0.5
1977-01-12	0	4.7	21	1
1977-01-13	0	2.3	21	1
1977-01-14	0	3.8	21	5
1977-01-15	0	1.2	22	6
1977-01-16	0.5	4.2	14	3
1977-01-17	0	1.9	13	1
1977-01-18	0	1.5	13	3
1977-01-19	0	1.3	16	1
1977-01-20	0	2.5	18	1
1977-01-21	0.5	5	21	1
1977-01-22	0	3.2	22	4
1977-01-23	0	3.8	24	2
1977-01-24	0	4.1	23	3
1977-01-25	0	2.8	14	5
1977-01-26	0	4.8	25	5
1977-01-27	0	5.5	25	6
1977-01-28	0	5.3	26	6
1977-01-29	0	2.3	16	4
1977-01-30	0	5.6	25	3
1977-01-31	0	2.4	16	6
1977-02-01	0	5.5	21	5
1977-02-02	0	5.2	24	2
1977-02-03	0	4.2	24	3
1977-02-04	0	5.8	24	6
1977-02-05	0	2.5	13	4
1977-02-06	0	6.2	25	1
1977-02-07	0	1.8	17	5
1977-02-08	1.5	3.2	18	7
1977-02-09	0	3.2	16	8
1977-02-10	0	4.9	23	4
1977-02-11	0	5.7	25	7
1977-02-12	0	5	19	3
1977-02-13	0	2.6	10	3
1977-02-14	0	4.2	21	2
1977-02-15	0	1.7	16	0
1977-02-16	0	2	10	2
1977-02-17	0	4.5	18	3
1977-02-18	0	4.9	23	3
1977-02-19	0	4.7	25	2
1977-02-20	0	5.4	17	0
1977-02-21	0	3.2	22	2
1977-02-22	0	6.6	23	8
1977-02-23	0	5.5	25	7
1977-02-24	0	6.8	22	2
1977-02-25	0	5.4	26	4
1977-02-26	0	7.5	26	6
1977-02-27	0	3.4	25	2
1977-02-28	0	1.7	11	3
1977-03-01	0	5.2	20	3
1977-03-02	0	6.2	25	4
1977-03-03	0	9.3	29	9
1977-03-04	0	5.9	23	8
1977-03-05	0	7.9	30	5
1977-03-06	0	5.3	14	5
1977-03-07	0	2.3	11	2
1977-03-08	0	4.1	15	2
1977-03-09	0	4.5	26	0
1977-03-10	0	8.7	30	1
1977-03-11	0	7.5	31	10
1977-03-12	0	7.9	29	10
1977-03-13	0	4.2	29	6
1977-03-14	0	9.2	28	9
1977-03-15	0	6.3	30	6
1977-03-16	0	7.8	23	5
1977-03-17	0	7.5	32	5
1977-03-18	0	8.1	31	7
1977-03-19	0	8.7	30	8
1977-03-20	0	8.6	27	9
1977-03-21	0	8.1	31	5
1977-03-22	0	3	19	10
1977-03-23	0	3.7	18	8
1977-03-24	0	7.1	29	7
1977-03-25	0	6.2	29	7
1977-03-26	0	6.3	30	8
1977-03-27	0	9.4	30	11
1977-03-28	0	8.3	30	10
1977-03-29	0	3.7	29	11
1977-03-30	0	8	30	8
1977-03-31	0	5.9	28	7
1977-04-01	0	9.1	33	7
1977-04-02	0	9.1	31	10
1977-04-03	0	4.3	31	11
1977-04-04	0	8.6	31	11
1977-04-05	0	6.6	14	2
1977-04-06	0	5.9	15	3
1977-04-07	0	4.5	17	5
1977-04-08	0	6.1	18	6
1977-04-09	0	6.1	16	3
1977-04-10	0	4.8	17	3
1977-04-11	0	5.6	19	6
1977-04-12	5	3.5	21	5
1977-04-13	5.5	4.9	21	7
1977-04-14	4.5	1.9	23	8
1977-04-15	0	3.4	26	7
1977-04-16	0	6.5	26	6
1977-04-17	0	6.7	24	5
1977-04-18	0	4.8	26	7
1977-04-19	0	3.7	22	10
1977-04-20	1.8	2.6	20	9
1977-04-21	0	4.2	25	9
1977-04-22	0.3	3.9	21	10
1977-04-23	0.5	5.4	19	7
1977-04-24	0	6.3	18	9
1977-04-25	1	4.6	19	9
1977-04-26	0.6	4.9	17	8
1977-04-27	0	3.6	22	10
1977-04-28	0	6.4	24	6
1977-04-29	0	5.4	26	8
1977-04-30	2.4	3.1	29	7
1977-05-01	0	6.7	26	5
1977-05-02	0	6.3	25	6
1977-05-03	0	8.1	23	6
1977-05-04	0	7.1	26	4
1977-05-05	0	6.2	29	6
1977-05-06	0	7.1	30	7
1977-05-07	0	6.5	28	8
1977-05-08	0.4	7.6	26	10
1977-05-09	0	5.4	27	10
1977-05-10	4	6.7	27	12
1977-05-11	4.5	4.7	28	11
1977-05-12	0	2.2	22	10
1977-05-13	2.2	2.2	22	12
1977-05-14	0	4.6	26	10
1977-05-15	2.8	5.9	27	11
1977-05-16	0	3.6	27	9
1977-05-17	0	6.8	27	10
1977-05-18	0	5.2	27	10
1977-05-19	0	7.6	27	11
1977-05-20	0	4.7	30	6
1977-05-21	0	7.5	29	11
1977-05-22	0.5	3.9	27	12
1977-05-23	0	6.4	25	11
1977-05-24	1.5	2.3	24	11
1977-05-25	0	5.2	25	10
1977-05-26	0	6.3	26	7
1977-05-27	0	6.8	26	9
1977-05-28	0	6.6	28	5
1977-05-29	0	8	26	3
1977-05-30	0	6.1	25	5
1977-05-31	0	5.4	23	9
1977-06-01	0	6.6	22	4
1977-06-02	0	5.4	23	3
1977-06-03	0	7.7	23	4
1977-06-04	0	5.5	21	5
1977-06-05	0	5.3	21	8
1977-06-06	0	3.9	23	7
1977-06-07	0.4	6.3	23	7
1977-06-08	0	7.3	23	10
1977-06-09	0	4.2	25	13
1977-06-10	0	5.5	24	12
1977-06-11	0	4.3	27	11
1977-06-12	0	2.6	27	10
1977-06-13	14.7	7.3	26	12
1977-06-14	19	3.2	23	10
1977-06-15	7.1	6.9	21	11
1977-06-16	0	4.8	22	11
1977-06-17	0.6	5.7	21	11
1977-06-18	6.4	5.1	22	10
1977-06-19	0.8	3.7	22	12
1977-06-20	0	2.9	22	12
1977-06-21	0	3.4	23	12
1977-06-22	0.3	2.3	23	12
1977-06-23	2.2	2.6	23	12
1977-06-24	0	6.5	22	11
1977-06-25	1.2	5.9	21	7
1977-06-26	0	5.9	21	5
1977-06-27	0	6.6	27	7
1977-06-28	0.2	2.8	27	9
1977-06-29	0	4.8	26	11
1977-06-30	0	6.2	24	9
1977-07-01	0.2	5.7	24	9
1977-07-02	4.5	5	21	10
1977-07-03	1	4.1	20	8
1977-07-04	4.7	4.3	20	9
1977-07-05	24.5	7.9	20	9
1977-07-06	6	2.9	20	9
1977-07-07	0	5.9	22	8
1977-07-08	0	4.1	22	10
1977-07-09	0	4.2	21	10
1977-07-10	0	5.7	21	8
1977-07-11	0	3.4	21	8
1977-07-12	4.5	5.4	21	10
1977-07-13	0.7	4.6	21	9
1977-07-14	1.6	3.5	20	11
1977-07-15	2	3.8	19	7
1977-07-16	0	5	21	10
1977-07-17	0	7.2	23	6
1977-07-18	0	4.8	22	8
1977-07-19	0	3.5	23	10
1977-07-20	9.5	5.7	24	10
1977-07-21	1.5	5.8	21	11
1977-07-22	2.4	5	21	6
1977-07-23	0.3	4.5	20	9
1977-07-24	22.5	5.6	21	10
1977-07-25	0	5.5	23	12
1977-07-26	0	4.8	21	8
1977-07-27	0	5.2	21	6
1977-07-28	0	5.4	22	8
1977-07-29	0	5.5	21	8
1977-07-30	0	2.3	22	10
1977-07-31	0	1.9	24	8
1977-08-01	0	5.8	23	9
1977-08-02	0	9.9	23	10
1977-08-03	0	6.3	24	8
1977-08-04	0	4.8	22	5
1977-08-05	1	1.9	25	8
1977-08-06	11	1.6	21	10
1977-08-07	4.3	4.2	21	11
1977-08-08	0	6.2	21	8
1977-08-09	5	2	22	10
1977-08-10	0	3.3	20	8
1977-08-11	5	4	22	8
1977-08-12	5.5	4.6	21	11
1977-08-13	0.5	4.1	22	11
1977-08-14	0	4.5	22	10
1977-08-15	0	3.8	22	11
1977-08-16	0	5.2	22	10
1977-08-17	0	4.5	22	6
1977-08-18	0	4.2	23	11
1977-08-19	0	6.3	21	5
1977-08-20	0	3.8	25	8
1977-08-21	0	6.4	26	11
1977-08-22	0.5	4.6	25	9
1977-08-23	0	7.1	25	7
1977-08-24	0	7.2	25	7
1977-08-25	0	7.1	23	10
1977-08-26	0	5	24	6
1977-08-27	2	3.3	26	8
1977-08-28	3.5	2.1	26	11
1977-08-29	23	5.1	25	13
1977-08-30	0	3.8	24	12
1977-08-31	2	4.2	21	10
1977-09-01	0	3.4	23	10
1977-09-02	7.5	2	24	12
1977-09-03	6.5	3.9	20	13
1977-09-04	0	4.2	23	11
1977-09-05	0	5.4	24	7
1977-09-06	0	5.4	23	7
1977-09-07	3.9	5.8	22	12
1977-09-08	0	5.2	23	10
1977-09-09	3	6.1	24	9
1977-09-10	4	4.6	23	10
1977-09-11	0	5.6	21	10
1977-09-12	0	5	25	8
1977-09-13	0	3.1	25	12
1977-09-14	6	5.2	24	8
1977-09-15	0.8	4.7	21	7
1977-09-16	6.4	4.8	21	7
1977-09-17	2.2	4.7	21	10
1977-09-18	0	5.1	22	8
1977-09-19	1	6.7	23	10
1977-09-20	0	3.6	22	8
1977-09-21	0	5.4	23	10
1977-09-22	0	1.9	23	8
1977-09-23	0	4.3	23	10
1977-09-24	0	5.5	26	10
1977-09-25	0.5	5.8	28	7
1977-09-26	0.5	6.3	25	9
1977-09-27	1.5	4.7	24	8
1977-09-28	0.2	6.2	21	6
1977-09-29	0	4.3	24	10
1977-09-30	0	6.5	23	9
1977-10-01	1	3.2	25	10
1977-10-02	11.8	4.2	22	13
1977-10-03	7	5.9	21	12
1977-10-04	1.5	2.4	19	10
1977-10-05	0	5.5	21	9
1977-10-06	1.3	2.5	21	10
1977-10-07	0	4.3	23	11
1977-10-08	0	5.6	27	4
1977-10-09	0	5.6	26	3
1977-10-10	0	5.6	29	5
1977-10-11	23.5	5.9	26	6
1977-10-12	5.6	1	16	9
1977-10-13	0	1.6	13	6
1977-10-14	0	5.1	23	2
1977-10-15	0.6	2.6	17	8
1977-10-16	0.5	2.7	16	3
1977-10-17	0	3.7	17	7
1977-10-18	0	2	19	7
1977-10-19	5.8	4.2	20	9
1977-10-20	0	3.3	20	9
1977-10-21	0	2.8	22	7
1977-10-22	2	4.2	23	8
1977-10-23	1	3.2	24	10
1977-10-24	5.5	2.1	22	11
1977-10-25	7	6.7	19	12
1977-10-26	0	1.9	19	12
1977-10-27	0	1.4	23	11
1977-10-28	4.5	3.8	24	10
1977-10-29	0	4.1	25	10
1977-10-30	0	2.9	26	4
1977-10-31	0	1.8	24	6
1977-11-01	6	3.4	26	8
1977-11-02	0	1.4	17	9
1977-11-03	0	4.2	25	9
1977-11-04	0	4.5	18	1
1977-11-05	0	2.4	23	0.1
1977-11-06	0	3.8	25	0
1977-11-07	0	3.3	26	6
1977-11-08	0	4.4	26	9
1977-11-09	0.6	2.6	22	10
1977-11-10	1	1.4	9	6
1977-11-11	0.2	2.7	13	5
1977-11-12	0.8	1.4	14	6
1977-11-13	0	3.7	15	5
1977-11-14	0.3	3.2	19	6
1977-11-15	0	1.7	22	3
1977-11-16	0	3.2	23	5
1977-11-17	0	1.9	22	6
1977-11-18	0	2.7	22	10
1977-11-19	0	2.9	23	7
1977-11-20	0	2.5	24	6
1977-11-21	1.8	3.5	25	8
1977-11-22	0	2.3	20	5
1977-11-23	0	2.6	20	4
1977-11-24	0	3.1	23	5
1977-11-25	0	4	23	2
1977-11-26	0	2.8	18	0.1
1977-11-27	0	4.2	24	3
1977-11-28	0	2.3	23	2
1977-11-29	0	3.3	23	4
1977-11-30	0	2.9	23	8
1977-12-01	0	1.7	21	9
1977-12-02	0	2.8	17	8
1977-12-03	0	2.8	24	3
1977-12-04	0	4	27	4
1977-12-05	0	3	25	8
1977-12-06	1	1	18	6
1977-12-07	0	2.6	23	6
1977-12-08	11	5.4	23	8
1977-12-09	3.5	2.1	21	7
1977-12-10	1.2	2.5	19	8
1977-12-11	0	1.9	17	8
1977-12-12	0	2.3	19	8
1977-12-13	0	2.6	21	7
1977-12-14	0	1.1	19	4
1977-12-15	0	2.5	20	5
1977-12-16	0	2.2	21	5
1977-12-17	0	3.4	22	3
1977-12-18	0	4.3	23	0
1977-12-19	0	3.7	25	1
1977-12-20	0	2.4	23	1
1977-12-21	0	1.8	10	0.1
1977-12-22	0	2.5	15	0.1
1977-12-23	0	3.1	24	0
1977-12-24	0	4	25	0
1977-12-25	0	3.3	24	1
1977-12-26	0	2.3	25	0
1977-12-27	0	3.7	16	3
1977-12-28	0	5.9	25	2
1977-12-29	0	3.8	28	4
1977-12-30	0	4.3	26	7
1977-12-31	0	4.1	26	5
1978-01-01	0	1.7	25	3
1978-01-02	0	4.3	17	7
1978-01-03	0	1.4	15	1
1978-01-04	0	4.3	24	1
1978-01-05	0	3.8	24	1
1978-01-06	0	4.7	24	1
1978-01-07	0	1.3	22	1
1978-01-08	0	2.3	14	4
1978-01-09	1.9	1.1	10	2
1978-01-10	0	1.5	21	3
1978-01-11	0	4.2	22	0
1978-01-12	0	2.6	23	1
1978-01-13	0	3.1	18	3
1978-01-14	0	2.5	12	4
1978-01-15	0	3.5	22	0
1978-01-16	0	5.5	25	6
1978-01-17	0	2.2	17	2
1978-01-18	0	6.5	25	3
1978-01-19	0	2.7	12	5
1978-01-20	0	4.4	23	0
1978-01-21	0	3.5	24	2
1978-01-22	0	4.1	22	5
1978-01-23	0	4	25	3
1978-01-24	0	4.8	25	4
1978-01-25	0	3.5	23	4
1978-01-26	0	3.1	14	3
1978-01-27	0	4.6	25	0
1978-01-28	0	1.4	14	1
1978-01-29	0	4.4	20	6
1978-01-30	0	4.9	25	4
1978-01-31	0	2.7	20	2
1978-02-01	0	4.7	25	3
1978-02-02	0.5	2.6	15	5
1978-02-03	0	3.7	20	6
1978-02-04	0.7	1.2	13	6
1978-02-05	0	2.5	14	5
1978-02-06	0	3.3	21	0.2
1978-02-07	1.4	3.4	21	3
1978-02-08	0	3.9	21	5
1978-02-09	0	5.2	22	1
1978-02-10	0	6.2	23	0
1978-02-11	0	8.1	26	1
1978-02-12	0	6.9	24	8
1978-02-13	0	4.3	18	3
1978-02-14	0	3.5	19	4
1978-02-15	0	5.5	25	6
1978-02-16	0	5.9	26	5
1978-02-17	0	4.4	22	5
1978-02-18	0	4.4	21	6
1978-02-19	0	3.7	21	6
1978-02-20	0	4.5	18	7
1978-02-21	0.5	1.3	6	3
1978-02-22	5.2	1.9	20	0
1978-02-23	1.2	1.2	15	1
1978-02-24	0	2.5	23	4
1978-02-25	0	3.7	24	4
1978-02-26	0	4.9	24	2
1978-02-27	0	8	30	5
1978-02-28	0	6.6	28	9
1978-03-01	1	3.7	29	6
1978-03-02	0	6.7	28	9
1978-03-03	0	5	26	8
1978-03-04	0	5.2	15	9
1978-03-05	0	6.8	26	1
1978-03-06	0	8.8	30	5
1978-03-07	0.5	5.8	27	7
1978-03-08	0	3.6	22	6
1978-03-09	0.1	5.5	20	0
1978-03-10	0	7	24	0
1978-03-11	0	6.6	29	3
1978-03-12	0	7.9	29	3
1978-03-13	0	8.4	32	9
1978-03-14	0	4.9	22	6
1978-03-15	0.5	6.8	29	5
1978-03-16	41	9.8	9	7
1978-03-17	1.3	1.2	6	2
1978-03-18	2.8	1.7	9	2
1978-03-19	0	6.6	18	3
1978-03-20	0	1.6	24	4
1978-03-21	0	2.3	26	5
1978-03-22	0	5.6	28	7
1978-03-23	0	6.8	31	9
1978-03-24	3	6.9	28	9
1978-03-25	16.8	6.7	21	11
1978-03-26	10.8	4.3	15	10
1978-03-27	0	1.9	16	5
1978-03-28	0	4.3	17	2
1978-03-29	0	5.2	26	5
1978-03-30	0	4.6	17	7
1978-03-31	0	6.4	23	4
1978-04-01	0	6.7	29	5
1978-04-02	0	6	27	6
1978-04-03	0	5.2	26	7
1978-04-04	0	5.7	25	7
1978-04-05	0	6.1	25	4
1978-04-06	3.3	4.9	27	6
1978-04-07	0.5	3.9	23	9
1978-04-08	6.8	6.1	27	10
1978-04-09	4.5	5.9	28	11
1978-04-10	0	4.4	30	10
1978-04-11	0	5.8	20	10
1978-04-12	0	6.6	28	8
1978-04-13	0	4.9	21	6
1978-04-14	0	5.8	30	6
1978-04-15	0	8.6	29	6
1978-04-16	0	6.4	30	7
1978-04-17	0	9.4	32	9
1978-04-18	0	5.7	29	10
1978-04-19	0	8.1	30	9
1978-04-20	0	6.5	27	10
1978-04-21	0	7.2	30	10
1978-04-22	0	10.3	31	10
1978-04-23	2.8	5.2	28	6
1978-04-24	0.6	6.8	24	8
1978-04-25	0	5.6	25	10
1978-04-26	0	5.6	20	7
1978-04-27	0	7.3	26	7
1978-04-28	0	7.1	29	8
1978-04-29	0	7.8	31	10
1978-04-30	0	8.8	32	13
1978-05-01	0	8.4	31	10
1978-05-02	0	8.8	32	10
1978-05-03	0	5.9	31	13
1978-05-04	0	4.2	32	11
1978-05-05	0.2	9.3	32	12
1978-05-06	0	8.8	34	14
1978-05-07	0	7.8	32	12
1978-05-08	0	7.9	30	11
1978-05-09	0	5.7	29	11
1978-05-10	0	5.5	29	12
1978-05-11	0	8.1	27	8
1978-05-12	0	8	29	5
1978-05-13	0	7.9	25	6
1978-05-14	0	6.6	23	9
1978-05-15	4.7	5.7	29	10
1978-05-16	0	5.6	26	11
1978-05-17	0.2	7.4	30	12
1978-05-18	0	6.2	28	9
1978-05-19	0	6.6	25	11
1978-05-20	0	6.2	24	10
1978-05-21	0	6	25	10
1978-05-22	0	6.4	24	12
1978-05-23	0.2	4.3	28	11
1978-05-24	0.5	4.3	30	8
1978-05-25	0.5	3.6	28	8
1978-05-26	0	5.7	26	10
1978-05-27	0	6.6	25	8
1978-05-28	0	7.6	24	6
1978-05-29	0	5.7	23	7
1978-05-30	3.5	4.7	21	12
1978-05-31	7.7	1.4	23	13
1978-06-01	8	7.3	24	13
1978-06-02	0	4.6	23	14
1978-06-03	12	5.1	24	11
1978-06-04	16.3	3.2	21	14
1978-06-05	23.3	7	25	12
1978-06-06	12.7	5.7	26	13
1978-06-07	0	3.7	25	12
1978-06-08	25.2	5.8	24	13
1978-06-09	5.8	8.1	16	12
1978-06-10	0	3.3	21	11
1978-06-11	0	6.1	22	9
1978-06-12	12	6	22	9
1978-06-13	1.5	3.8	20	9
1978-06-14	0	6.3	21	8
1978-06-15	0	5.7	22	9
1978-06-16	0	7.3	22	10
1978-06-17	0	6.1	22	7
1978-06-18	2.3	4.3	22	10
1978-06-19	0	3.9	20	11
1978-06-20	31.8	7.4	24	11
1978-06-21	11.2	4.5	22	12
1978-06-22	13	8	22	9
1978-06-23	4.4	4.7	20	11
1978-06-24	0	4.3	24	12
1978-06-25	0	5.8	24	10
1978-06-26	0	5.7	24	10
1978-06-27	1.2	5.6	23	11
1978-06-28	0	2.7	19	10
1978-06-29	0.9	3.5	21	11
1978-06-30	0.7	6.4	22	9
1978-07-01	2.2	5.8	22	10
1978-07-02	0	3.4	22	10
1978-07-03	5.1	6.9	22	11
1978-07-04	3.7	3.6	21	12
1978-07-05	0.2	3.9	22	7
1978-07-06	8.1	4.7	21	9
1978-07-07	8.8	4.2	20	9
1978-07-08	5	5.5	20	8
1978-07-09	0.3	2.5	22	8
1978-07-10	2	4.2	21	11
1978-07-11	0.5	5.9	22	10
1978-07-12	0.8	5.7	21	9
1978-07-13	1	4.3	21	9
1978-07-14	2	6.6	22	8
1978-07-15	0	6.8	22	9
1978-07-16	0	5.6	23	8
1978-07-17	2.6	8.8	23	7
1978-07-18	0.3	3.9	22	9
1978-07-19	0.3	3.1	23	12
1978-07-20	1	6.9	22	8
1978-07-21	0.2	4.4	21	5
1978-07-22	11	4.7	21	8
1978-07-23	6.7	3.1	20	12
1978-07-24	27.5	5.5	20	11
1978-07-25	0	4.4	21	9
1978-07-26	11	2.7	23	10
1978-07-27	12	6.8	23	11
1978-07-28	5.7	4.2	24	12
1978-07-29	2	4.9	22	12
1978-07-30	2	3.6	25	10
1978-07-31	4.2	5.3	24	9
1978-08-01	0	4.9	23	11
1978-08-02	0	5.4	23	7
1978-08-03	0	5.7	22	7
1978-08-04	0	6	21	8
1978-08-05	2.3	3.6	21	6
1978-08-06	5.7	3.1	20	8
1978-08-07	38	1.6	15	9
1978-08-08	7.7	7.8	18	11
1978-08-09	8.8	3.3	20	12
1978-08-10	0.5	4.7	21	10
1978-08-11	0	3.6	24	12
1978-08-12	0	5.8	23	11
1978-08-13	0.2	4.5	23	10
1978-08-14	4.1	3.9	22	10
1978-08-15	0	5.1	22	10
1978-08-16	0.6	5.7	21	9
1978-08-17	0	4.2	22	7
1978-08-18	0	6.6	23	8
1978-08-19	11.7	6.9	23	9
1978-08-20	11.7	4.2	21	11
1978-08-21	0.8	3	23	11
1978-08-22	2.7	3.2	21	11
1978-08-23	1.3	5.8	20	11
1978-08-24	4.2	2.8	22	9
1978-08-25	8	5.5	23	12
1978-08-26	0.1	3.4	23	10
1978-08-27	0.2	8.7	24	9
1978-08-28	0	5.4	25	7
1978-08-29	0	5.7	24	9
1978-08-30	3	3.5	22	10
1978-08-31	4.2	11	21	11
1978-09-01	6.8	4.7	21	9
1978-09-02	0	3.4	21	8
1978-09-03	0	3.7	21	11
1978-09-04	0	3.9	20	11
1978-09-05	0	3.6	22	10
1978-09-06	0.2	4	20	10
1978-09-07	13.1	4.3	22	11
1978-09-08	5.3	8.9	21	13
1978-09-09	0.5	1.3	21	11
1978-09-10	2.2	2.2	23	12
1978-09-11	0	5.2	26	12
1978-09-12	0	5.1	26	10
1978-09-13	0	4.4	27	11
1978-09-14	0	4.1	26	9
1978-09-15	2.3	6.2	23	10
1978-09-16	0	4.9	22	6
1978-09-17	0	4.8	23	5
1978-09-18	0.2	4	23	8
1978-09-19	0.5	3.3	22	10
1978-09-20	2.2	4.4	21	11
1978-09-21	11.6	2.5	20	11
1978-09-22	7.2	1.3	18	11
1978-09-23	18.3	1.9	20	12
1978-09-24	10.8	1.6	20	13
1978-09-25	3.6	2.9	20	10
1978-09-26	8.3	6.4	21	10
1978-09-27	0.2	4.4	22	11
1978-09-28	3.7	5.4	21	11
1978-09-29	0	3.5	20	12
1978-09-30	6	4.4	21	12
1978-10-01	0.2	3.9	20	12
1978-10-02	0	3.9	21	9
1978-10-03	1.2	4.7	23	10
1978-10-04	1.5	6.8	22	11
1978-10-05	2.5	4.5	22	12
1978-10-06	1.5	3.1	21	12
1978-10-07	16.2	4.9	21	12
1978-10-08	6.5	2	18	12
1978-10-09	1	1.2	20	12
1978-10-10	0.2	4.3	21	9
1978-10-11	0	3.9	23	10
1978-10-12	6.6	2.1	20	8
1978-10-13	10	2.7	16	10
1978-10-14	2.7	1	14	9
1978-10-15	0.7	1	13	8
1978-10-16	0.6	1.3	12	7
1978-10-17	0.2	2	17	7
1978-10-18	0	1.1	15	9
1978-10-19	0	1.2	26	6
1978-10-20	0	3.4	18	5
1978-10-21	0	4.3	20	3
1978-10-22	0	3.7	21	1
1978-10-23	0	3.2	20	6
1978-10-24	0	4	19	7
1978-10-25	0	3.9	24	6
1978-10-26	6.4	1.7	21	8
1978-10-27	0.2	2.6	17	9
1978-10-28	0	3.1	18	10
1978-10-29	0	1.4	17	10
1978-10-30	0	2.1	19	5
1978-10-31	0.3	2.4	19	5
1978-11-01	2.9	2.3	18	9
1978-11-02	0.8	2	19	10
1978-11-03	0	1.8	21	11
1978-11-04	0	4.2	22	9
1978-11-05	0	1.4	23	7
1978-11-06	0	4.7	23	6
1978-11-07	0.5	1.9	16	10
1978-11-08	0.2	2.9	19	7
1978-11-09	0	2.2	24	4
1978-11-10	0	4.7	24	5
1978-11-11	0	2.4	23	4
1978-11-12	0	3.8	20	7
1978-11-13	0	4.9	26	4
1978-11-14	0	3.3	26	5
1978-11-15	0	2.6	24	3
1978-11-16	0	2.3	25	3
1978-11-17	0	8.5	18	6
1978-11-18	0	6.7	20	9
1978-11-19	0.4	4.2	19	10
1978-11-20	1	3	19	10
1978-11-21	0	1.9	18	9
1978-11-22	0	3.4	20	8
1978-11-23	0	5.3	23	5
1978-11-24	0.5	3	15	4
1978-11-25	5	3.2	18	8
1978-11-26	0	3.7	20	5
1978-11-27	4.3	3.6	19	5
1978-11-28	0	7.5	12	7
1978-11-29	0	2.6	20	5
1978-11-30	0	1.4	21	4
1978-12-01	0	2.3	17	5
1978-12-02	0	1.3	20	7
1978-12-03	0	2.7	21	9
1978-12-04	0	2.7	20	6
1978-12-05	0	4.1	21	6
1978-12-06	0	4.2	21	8
1978-12-07	0	2.2	20	4
1978-12-08	0	3.1	18	3
1978-12-09	0	3.2	6	1
1978-12-10	1.8	1.5	16	0.2
1978-12-11	2.4	1.7	13	0
1978-12-12	0.3	1.1	16	3
1978-12-13	0.6	1.6	16	7
1978-12-14	0	1.9	14	7
1978-12-15	0	2	25	3
1978-12-16	0	3.8	25	4
1978-12-17	0.4	1.6	15	6
1978-12-18	0	2.4	21	7
1978-12-19	0	3	24	4
1978-12-20	0	2.8	24	5
1978-12-21	0	1.8	17	4
1978-12-22	0	3.1	24	4
1978-12-23	0	4.8	24	6
1978-12-24	0	2.2	19	8
1978-12-25	0	3.7	23	4
1978-12-26	0	4.2	23	6
1978-12-27	0	2	16	5
1978-12-28	0	4.1	24	4
1978-12-29	0	3.5	24	3
1978-12-30	0	3.3	24	4
1978-12-31	0	2.7	24	5
1979-01-01	0	4.1	21	4
1979-01-02	0	1.2	9	0
1979-01-03	0	1.1	6	0.6
1979-01-04	0	3	20	0.1
1979-01-05	0	3.2	21	0
1979-01-06	0	3.7	24	1
1979-01-07	0.2	3.2	23	5
1979-01-08	0	1.7	10	5
1979-01-09	0	2	12	2
1979-01-10	0	3.4	23	2
1979-01-11	0	4.1	21	5
1979-01-12	0	4.4	25	1
1979-01-13	0	3.3	26	5
1979-01-14	0	3.2	7	3
1979-01-15	0	3.2	22	0
1979-01-16	0	2.5	21	1
1979-01-17	0	3.7	20	2
1979-01-18	0	2.7	23	3
1979-01-19	0	2.7	25	4
1979-01-20	0	6.1	25	4
1979-01-21	0	2.5	10	1
1979-01-22	0	5.5	24	2
1979-01-23	0	4.3	25	3
1979-01-24	0	3.6	19	5
1979-01-25	0	3.3	26	6
1979-01-26	0	4.9	29	9
1979-01-27	0	3.8	26	10
1979-01-28	0	5.1	24	6
1979-01-29	0	4.6	29	6
1979-01-30	0	3.9	20	7
1979-01-31	0	3.7	27	6
1979-02-01	0	3.8	26	3
1979-02-02	0	5	25	4
1979-02-03	0	5.8	26	7
1979-02-04	0	5.1	26	4
1979-02-05	0	4.5	25	6
1979-02-06	2.6	2.2	24	10
1979-02-07	0	1.9	13	9
1979-02-08	0	4.1	22	2
1979-02-09	0	1.1	10	4
1979-02-10	0	1.6	22	3
1979-02-11	13.4	2.6	17	3
1979-02-12	0.2	1.5	19	7
1979-02-13	0	3.8	17	4
1979-02-14	0	4.4	24	2
1979-02-15	0	4.6	26	3
1979-02-16	0	5.4	23	5
1979-02-17	0	4.4	20	8
1979-02-18	1.7	2.9	19	6
1979-02-19	6	2.7	14	5
1979-02-20	0	2.7	20	6
1979-02-21	0	5.2	23	5
1979-02-22	0	3.2	25	6
1979-02-23	0	5.7	27	7
1979-02-24	0	5.7	26	7
1979-02-25	0	1.3	9	7
1979-02-26	0	3.7	22	1
1979-02-27	0	6.5	29	2
1979-02-28	0	4.8	26	9
1979-03-01	0	9.7	24	5
1979-03-02	0	9.8	29	6
1979-03-03	0	2.8	23	10
1979-03-04	0	5	17	6
1979-03-05	0	2.1	14	6
1979-03-06	0	2.9	15	7
1979-03-07	0	2.2	14	6
1979-03-08	0	5.4	19	1
1979-03-09	0	5.9	25	3
1979-03-10	0.9	6.4	26	7
1979-03-11	0	2.5	14	8
1979-03-12	0	4.9	22	7
1979-03-13	0	7.3	28	6
1979-03-14	0	7.6	23	5
1979-03-15	0	2.9	18	8
1979-03-16	0	6.3	23	10
1979-03-17	2.5	4.1	26	8
1979-03-18	20	6.3	25	6
1979-03-19	0	4.1	25	6
1979-03-20	0	5.9	25	6
1979-03-21	0	6.5	29	7
1979-03-22	0	8.1	28	9
1979-03-23	0.4	4.7	28	9
1979-03-24	0	9.5	30	9
1979-03-25	0	6	16	9
1979-03-26	0	7.7	24	5
1979-03-27	0	4.7	25	6
1979-03-28	0	5.7	26	9
1979-03-29	0	6.3	28	7
1979-03-30	0	6.1	30	9
1979-03-31	0	5.3	28	9
1979-04-01	0	7.7	32	11
1979-04-02	0	6.2	31	12
1979-04-03	0	10.7	30	10
1979-04-04	0	8.4	23	9
1979-04-05	0	6.3	19	12
1979-04-06	0	4.7	20	12
1979-04-07	0	8.4	28	9
1979-04-08	0	7.5	29	8
1979-04-09	0	8.3	31	8
1979-04-10	0	7.8	30	12
1979-04-11	0	8.1	32	12
1979-04-12	0	7.4	30	9
1979-04-13	0	4.8	24	10
1979-04-14	1.3	2.6	26	12
1979-04-15	0	5	25	10
1979-04-16	0	9.2	25	7
1979-04-17	0	3.8	24	9
1979-04-18	0	2	27	7
1979-04-19	15	10	23	9
1979-04-20	19.2	9	27	10
1979-04-21	11.5	9.9	23	11
1979-04-22	2.5	4.4	17	11
1979-04-23	7.5	4.1	20	11
1979-04-24	0	3.9	22	8
1979-04-25	0	8.3	25	8
1979-04-26	0	7.1	28	7
1979-04-27	0	5.5	29	10
1979-04-28	0	4.8	24	13
1979-04-29	0	7.9	30	12
1979-04-30	0	5.9	25	9
1979-05-01	0	6.2	30	11
1979-05-02	0	7.3	30	9
1979-05-03	0	7.9	31	10
1979-05-04	0.2	5.6	29	13
1979-05-05	0	6.1	19	12
1979-05-06	0	7.1	27	7
1979-05-07	0	7.9	30	9
1979-05-08	0	8.3	31	11
1979-05-09	0	7.4	30	11
1979-05-10	0	7.4	30	12
1979-05-11	0	5.4	31	8
1979-05-12	0	4.9	22	11
1979-05-13	0	3.4	17	11
1979-05-14	0	5.2	20	12
1979-05-15	0	3.5	19	12
1979-05-16	0	6.3	21	9
1979-05-17	0	5.2	19	11
1979-05-18	0	5.8	21	8
1979-05-19	0	4.9	28	5
1979-05-20	0	4.2	19	9
1979-05-21	3.7	6.9	30	13
1979-05-22	0.4	5	30	13
1979-05-23	3.2	4.2	23	10
1979-05-24	0	4.5	23	8
1979-05-25	7.4	4	23	13
1979-05-26	0	6.2	26	12
1979-05-27	0	4.4	24	8
1979-05-28	1.6	3	27	11
1979-05-29	9.8	8	29	12
1979-05-30	0	5.4	28	14
1979-05-31	0	6.7	25	9
1979-06-01	0	4.7	23	13
1979-06-02	1.2	6.8	23	12
1979-06-03	0	2.5	22	13
1979-06-04	8	6.1	25	13
1979-06-05	3.6	2.6	25	13
1979-06-06	2.2	3.8	25	14
1979-06-07	0	6.6	26	12
1979-06-08	3.5	6.6	25	13
1979-06-09	0.8	4	23	14
1979-06-10	73.5	8.9	22	13
1979-06-11	8.3	5.2	16	12
1979-06-12	0	4.6	15	11
1979-06-13	0	3.7	18	10
1979-06-14	0	6.3	19	5
1979-06-15	0	4.9	20	4
1979-06-16	0	4.6	23	5
1979-06-17	0	7.4	25	6
1979-06-18	0	5.6	27	9
1979-06-19	0	6	25	8
1979-06-20	0	7.5	23	9
1979-06-21	0	7	23	10
1979-06-22	0	7	23	8
1979-06-23	0	6.2	22	7
1979-06-24	0	5.8	20	11
1979-06-25	4.3	3.9	22	11
1979-06-26	1	1.4	18	10
1979-06-27	1.8	2.8	22	13
1979-06-28	1.2	5.4	22	10
1979-06-29	0.4	5.4	23	12
1979-06-30	0	4.9	22	12
1979-07-01	0	4.6	22	8
1979-07-02	0	8.2	24	8
1979-07-03	0	4.9	23	5
1979-07-04	1.2	4.9	25	12
1979-07-05	10.9	4.7	23	12
1979-07-06	1	5.8	22	11
1979-07-07	14.1	5.1	22	12
1979-07-08	3	1.6	22	12
1979-07-09	2	6.4	25	12
1979-07-10	0	2.1	26	12
1979-07-11	0	4.5	24	12
1979-07-12	0	5	25	9
1979-07-13	9.2	3.4	24	12
1979-07-14	0	4.8	22	13
1979-07-15	7	6.1	22	12
1979-07-16	1	3.8	20	10
1979-07-17	0.4	4.6	23	11
1979-07-18	0.3	4.9	23	9
1979-07-19	0	7.3	23	9
1979-07-20	0	6.1	23	9
1979-07-21	0.5	5.6	23	9
1979-07-22	0	5.8	24	9
1979-07-23	0	4	24	9
1979-07-24	8.8	4.2	25	10
1979-07-25	0	1.3	27	12
1979-07-26	13	2.7	26	12
1979-07-27	6.6	2	21	13
1979-07-28	8	5.6	22	10
1979-07-29	0	3.6	21	10
1979-07-30	0.8	6.4	22	11
1979-07-31	4.2	6.2	23	11
1979-08-01	0	5	21	8
1979-08-02	0	4.2	22	8
1979-08-03	2.8	6.2	22	11
1979-08-04	1.3	2	19	12
1979-08-05	32.9	2.3	18	11
1979-08-06	2	6.4	19	13
1979-08-07	6.7	2.1	20	9
1979-08-08	0	2.9	20	8
1979-08-09	0	2.7	20	11
1979-08-10	4.1	5.7	21	12
1979-08-11	2	5.2	22	12
1979-08-12	2	5.1	22	11
1979-08-13	0.4	5.1	22	11
1979-08-14	7.4	5.1	21	12
1979-08-15	10.9	4.9	20	12
1979-08-16	0	5.5	19	10
1979-08-17	3	3	20	9
1979-08-18	0.5	3.3	20	8
1979-08-19	1.2	4.4	21	9
1979-08-20	0.4	4.1	21	10
1979-08-21	1	3.4	20	12
1979-08-22	0	4.9	21	7
1979-08-23	0	5.1	23	7
1979-08-24	2	4.4	21	11
1979-08-25	13	1.7	17	9
1979-08-26	28	1.1	19	11
1979-08-27	6.5	2.5	23	13
1979-08-28	24.7	4.2	24	12
1979-08-29	9	5.5	21	13
1979-08-30	6	4	23	13
1979-08-31	0	7.4	21	12
1979-09-01	0	4.5	21	9
1979-09-02	0	4.2	23	12
1979-09-03	0	5.4	22	8
1979-09-04	0.5	4.3	22	11
1979-09-05	0	3.9	23	11
1979-09-06	14.1	2.9	20	13
1979-09-07	17	1.1	19	13
1979-09-08	42.2	3.7	19	12
1979-09-09	15.2	2.6	20	13
1979-09-10	8.5	4.2	20	13
1979-09-11	10.6	4.1	20	12
1979-09-12	1.2	4.1	21	13
1979-09-13	0.7	5.9	21	13
1979-09-14	0	1.8	20	12
1979-09-15	4	2.3	18	11
1979-09-16	0.9	2.1	20	9
1979-09-17	73	2	15	8
1979-09-18	23	4.2	14	9
1979-09-19	2.7	9.4	16	12
1979-09-20	0	2.8	22	11
1979-09-21	0	3.2	20	10
1979-09-22	0.2	2.4	21	11
1979-09-23	0	4	19	8
1979-09-24	0	5.5	19	5
1979-09-25	0	2.6	17	8
1979-09-26	0	4	19	3
1979-09-27	0	3.8	20	2
1979-09-28	0	5.7	23	3
1979-09-29	0.2	2.3	22	1
1979-09-30	0	4.1	21	0
1979-10-01	0	5.2	21	1
1979-10-02	0.2	4.9	20	1
1979-10-03	0	3.7	22	0.1
1979-10-04	0	5.6	21	3
1979-10-05	0	6.2	21	6
1979-10-06	0	4.9	25	3
1979-10-07	3	7.9	21	2
1979-10-08	0	3.7	23	2
1979-10-09	0	5.3	26	5
1979-10-10	0	4.2	22	6
1979-10-11	0	6.1	24	7
1979-10-12	0	5.1	26	0
1979-10-13	0	3.2	26	4
1979-10-14	0	5.2	22	4
1979-10-15	0	4.8	23	6
1979-10-16	0	4.3	25	5
1979-10-17	0	5.1	23	3
1979-10-18	0	4.2	23	6
1979-10-19	0	5.2	27	4
1979-10-20	0	5.1	28	5
1979-10-21	0	5.5	23	8
1979-10-22	20	4.5	27	6
1979-10-23	0	1.5	19	12
1979-10-24	0	2.4	25	9
1979-10-25	0	1.9	20	6
1979-10-26	0	3.3	21	8
1979-10-27	0	3.7	24	9
1979-10-28	0	4.7	27	9
1979-10-29	11	4.5	22	10
1979-10-30	0	4.7	26	12
1979-10-31	0	3.2	20	8
1979-11-01	0	3.7	19	7
1979-11-02	0.5	2.8	19	8
1979-11-03	0.8	1.8	17	11
1979-11-04	0	1.8	19	9
1979-11-05	0	3	22	4
1979-11-06	1.5	1.6	13	9
1979-11-07	0	2.1	18	8
1979-11-08	0	3.6	23	6
1979-11-09	0	4.4	26	8
1979-11-10	0	4	24	8
1979-11-11	0	2.6	18	10
1979-11-12	1	4.1	22	11
1979-11-13	3	1.2	23	11
1979-11-14	1	1.9	9	6
1979-11-15	1	1.3	10	7
1979-11-16	0	1.6	11	6
1979-11-17	0	3	17	5
1979-11-18	0	1.2	22	5
1979-11-19	0	4.6	24	7
1979-11-20	0	3.8	25	7
1979-11-21	0	3.5	26	7
1979-11-22	0	2.3	19	9
1979-11-23	0	1.9	21	8
1979-11-24	0	4.6	23	8
1979-11-25	0	3.1	22	6
1979-11-26	0	3.2	21	-1
1979-11-27	0	4	25	0
1979-11-28	0	4.3	20	1
1979-11-29	0	1.7	8	2
1979-11-30	0	2.8	9	3
1979-12-01	0	1	21	4
1979-12-02	0	1.1	15	6
1979-12-03	12.9	1.3	15	5
1979-12-04	10.5	1.5	9	6
1979-12-05	0	1.5	17	6
1979-12-06	0	1.6	19	7
1979-12-07	0	1.4	21	5
1979-12-08	0.8	1.1	15	7
1979-12-09	0.2	1.8	16	8
1979-12-10	0	2.8	18	9
1979-12-11	0	3.5	23	5
1979-12-12	0	3.7	24	5
1979-12-13	0	2.8	19	5
1979-12-14	0	2.1	15	10
1979-12-15	0	2.7	22	8
1979-12-16	1	3.4	22	8
1979-12-17	0	1	10	7
1979-12-18	0	1.8	12	-3
1979-12-19	0	1.9	24	4
1979-12-20	0	3.3	24	4
1979-12-21	0	3.7	25	3
1979-12-22	0	2.5	24	4
1979-12-23	0	4	26	7
1979-12-24	0	3	15	7
1979-12-25	0	2.7	15	2
1979-12-26	0	2.8	22	-2
1979-12-27	0	4.1	25	2
1979-12-28	0	4.2	25	5
1979-12-29	0	1.3	16	2
1979-12-30	0	3.7	19	5
1979-12-31	0	1.7	15	5
1980-01-01	0	2.6	14	7
1980-01-02	0	3.1	22	3
1980-01-03	3	3.7	20	4
1980-01-04	0	3.8	19	5
1980-01-05	0	2.2	20	-2
1980-01-06	0	3.2	23	0
1980-01-07	0	1.2	24	0
1980-01-08	0	4.7	24	8
1980-01-09	0	3.4	24	4
1980-01-10	0	9.8	27	4
1980-01-11	0	4.3	26	7
1980-01-12	0	2	17	4
1980-01-13	0	4.3	23	3
1980-01-14	0	4.6	25	-2
1980-01-15	0	4.3	27	3
1980-01-16	1	1.5	24	6
1980-01-17	0	4.4	22	4
1980-01-18	0	3.3	21	5
1980-01-19	0	2.5	22	4
1980-01-20	0.5	3.9	20	5
1980-01-21	0	2.1	23	9
1980-01-22	1	6	26	8
1980-01-23	10	1.4	5	3
1980-01-24	2	3.7	17	-1
1980-01-25	10	1.5	18	4
1980-01-26	0.7	1.2	17	5
1980-01-27	0	3.4	18	3
1980-01-28	0	3.9	25	4
1980-01-29	0	5.2	23	4
1980-01-30	0	3.4	24	3
1980-01-31	0	2.3	21	4
1980-02-01	0	3.2	12	5
1980-02-02	0	4.9	23	1
1980-02-03	0	3.2	15	2
1980-02-04	0	5.6	17	1
1980-02-05	0	5.1	19	3
1980-02-06	0	2.6	15	3
1980-02-07	0	5	25	2
1980-02-08	0	5	24	3
1980-02-09	0	3.6	24	4
1980-02-10	0	5.7	25	3
1980-02-11	0	5.6	22	5
1980-02-12	0	5.3	23	6
1980-02-13	0	3.1	21	7
1980-02-14	0	5.1	25	5
1980-02-15	0	6.1	24	1
1980-02-16	0	5.9	27	3
1980-02-17	0	6.7	27	6
1980-02-18	0	5.8	25	7
1980-02-19	0	5.1	28	4
1980-02-20	0.7	7	28	5
1980-02-21	0	4.7	27	9
1980-02-22	0	6	27	5
1980-02-23	0	5.2	26	6
1980-02-24	0	4.8	24	5
1980-02-25	0.8	2.2	14	6
1980-02-26	0	2.8	14	3
1980-02-27	0	3.9	18	4
1980-02-28	0	2.3	20	5
1980-02-29	0	3.4	21	5
1980-03-01	0	5	24	5
1980-03-02	0	3.2	8	1
1980-03-03	0	4.8	26	1
1980-03-04	0	6.2	28	4
1980-03-05	0	8.4	28	8
1980-03-06	0	7.4	29	5
1980-03-07	0	7.1	29	7
1980-03-08	0	6.6	30	8
1980-03-09	0	6.1	27	6
1980-03-10	0	6	27	5
1980-03-11	0	8.9	32	8
1980-03-12	0	8.9	32	11
1980-03-13	0	7.2	23	7
1980-03-14	0	5.6	19	6
1980-03-15	0	7.2	22	7
1980-03-16	0	5.2	30	7
1980-03-17	2	6.5	28	11
1980-03-18	0	4.4	17	7
1980-03-19	0	5.5	27	7
1980-03-20	0	7.2	28	12
1980-03-21	0	4.7	20	6
1980-03-22	0	7	29	5
1980-03-23	2	3.8	30	8
1980-03-24	0.3	6.3	24	10
1980-03-25	0	4.1	22	8
1980-03-26	0	6.2	29	10
1980-03-27	0	9.5	28	8
1980-03-28	0	8	31	11
1980-03-29	0	5.9	29	10
1980-03-30	0	6	24	12
1980-03-31	0	7.5	31	7
1980-04-01	0	8.6	32	12
1980-04-02	0	8.2	31	8
1980-04-03	0	6.7	32	11
1980-04-04	0	5.7	25	9
1980-04-05	0	4.4	24	13
1980-04-06	0	5.4	28	10
1980-04-07	20	9.4	31	8
1980-04-08	11.9	9.6	23	11
1980-04-09	0	8	17	11
1980-04-10	7.4	6.2	26	8
1980-04-11	0.7	5.3	25	11
1980-04-12	0	9.6	29	11
1980-04-13	0	4.7	19	5
1980-04-14	0	3	12	2
1980-04-15	0	6.7	21	4
1980-04-16	0	6.2	27	5
1980-04-17	0.5	3.5	23	7
1980-04-18	0	3.7	16	10
1980-04-19	0	4.6	18	8
1980-04-20	0	5.3	19	5
1980-04-21	0	4.2	20	5
1980-04-22	2.7	2.5	20	7
1980-04-23	0	7.1	27	8
1980-04-24	1.1	8	30	7
1980-04-25	0	6	31	11
1980-04-26	0	7.3	22	8
1980-04-27	0	7.3	19	8
1980-04-28	0	5.3	26	10
1980-04-29	0	7.6	30	8
1980-04-30	0	6.6	33	13
1980-05-01	0	6.6	32	12
1980-05-02	9.4	2.9	25	12
1980-05-03	26.1	5.8	22	13
1980-05-04	8.2	2.5	24	12
1980-05-05	3.2	4.6	22	11
1980-05-06	0	3.3	24	9
1980-05-07	9.9	6.7	28	12
1980-05-08	0	5.1	28	11
1980-05-09	1.5	5.1	27	12
1980-05-10	1.6	6.1	30	14
1980-05-11	0	4.9	29	15
1980-05-12	9.2	4.9	30	14
1980-05-13	1.8	4.1	28	12
1980-05-14	0	5.9	28	13
1980-05-15	0.6	6	30	14
1980-05-16	0.4	8.1	32	14
1980-05-17	0	4.6	25	14
1980-05-18	0	6.3	28	12
1980-05-19	3.8	5.6	29	13
1980-05-20	0	5.8	22	12
1980-05-21	0	6.6	30	8
1980-05-22	1.5	6.2	25	12
1980-05-23	2.5	5.5	29	13
1980-05-24	0	4.4	28	13
1980-05-25	5.6	5.4	29	13
1980-05-26	0	6.7	26	13
1980-05-27	0	6.6	25	13
1980-05-28	0	5.6	27	9
1980-05-29	0	8.3	28	11
1980-05-30	0	8.1	26	10
1980-05-31	0	6.7	24	8
1980-06-01	0	6.6	24	5
1980-06-02	0	8.1	25	8
1980-06-03	3.8	8.2	23	12
1980-06-04	11	6	23	9
1980-06-05	0	3.1	23	11
1980-06-06	0	5.4	24	11
1980-06-07	0	1.8	24	11
1980-06-08	0	10	23	8
1980-06-09	0	6.9	23	6
1980-06-10	1	6.9	23	6
1980-06-11	0	5.8	23	5
1980-06-12	0	6	23	9
1980-06-13	0	5.8	23	6
1980-06-14	0	6.3	26	7
1980-06-15	0	6.6	23	8
1980-06-16	0.3	6.4	23	6
1980-06-17	8	5.4	23	11
1980-06-18	38.5	5.7	25	10
1980-06-19	1.2	5.3	22	9
1980-06-20	21	3.5	23	14
1980-06-21	3.2	4.1	19	14
1980-06-22	1.1	5.3	23	14
1980-06-23	0	5.4	22	12
1980-06-24	8	4	23	11
1980-06-25	6.4	6.6	22	13
1980-06-26	0	6.3	21	13
1980-06-27	0.5	5.3	22	12
1980-06-28	0.2	3.1	23	12
1980-06-29	0	5.6	24	11
1980-06-30	0	5.1	23	12
1980-07-01	0	7.3	23	9
1980-07-02	0	6.6	22	7
1980-07-03	0	8.1	21	5
1980-07-04	0	6.3	23	8
1980-07-05	1.5	9.1	23	9
1980-07-06	20.3	3.1	22	10
1980-07-07	0	2	22	11
1980-07-08	9.1	4	20	11
1980-07-09	0	6.2	21	9
1980-07-10	0.5	3.3	21	9
1980-07-11	0.2	6.2	23	10
1980-07-12	0	5.4	22	9
1980-07-13	0	6.1	22	9
1980-07-14	4.5	4.6	22	8
1980-07-15	1.7	4.9	20	9
1980-07-16	0	5	22	8
1980-07-17	0	5.2	24	10
1980-07-18	0	4.8	25	12
1980-07-19	0.6	4.9	24	11
1980-07-20	13.7	4.8	23	10
1980-07-21	0	5.1	23	12
1980-07-22	0	5.6	24	10
1980-07-23	0	4.5	23	9
1980-07-24	2	6.7	24	10
1980-07-25	13.8	6.6	25	11
1980-07-26	5.8	7.9	23	11
1980-07-27	1.5	2.6	23	11
1980-07-28	1.1	4.8	22	11
1980-07-29	1	1.6	21	11
1980-07-30	3	4.5	20	10
1980-07-31	1.2	4.2	21	7
1980-08-01	1	5.3	20	10
1980-08-02	0	5.4	24	11
1980-08-03	0	4.3	26	11
1980-08-04	0	2.9	25	10
1980-08-05	0	6.4	23	12
1980-08-06	4.6	6.5	17	12
1980-08-07	16.5	3.8	20	14
1980-08-08	2	2.8	22	14
1980-08-09	0	4.9	21	10
1980-08-10	19	5.6	27	14
1980-08-11	3.7	4.6	23	13
1980-08-12	7.7	4.5	22	12
1980-08-13	9.1	8	22	12
1980-08-14	1.7	4.7	24	12
1980-08-15	16.5	5.3	24	14
1980-08-16	0	6.9	23	11
1980-08-17	12	3.7	23	12
1980-08-18	14.5	3.8	22	14
1980-08-19	0	6.8	21	11
1980-08-20	0	7.8	22	11
1980-08-21	3.5	6	22	12
1980-08-22	5	4.5	21	10
1980-08-23	0	5.1	20	10
1980-08-24	14	4.9	22	9
1980-08-25	0.5	4.4	21	10
1980-08-26	4	5	22	10
1980-08-27	0	5.1	22	8
1980-08-28	3	6	22	9
1980-08-29	5	3.7	22	10
1980-08-30	0	4.3	21	12
1980-08-31	1.8	1	21	13
1980-09-01	0.3	7	23	13
1980-09-02	0.2	1.8	20	13
1980-09-03	2.8	1.1	19	14
1980-09-04	23.9	3.9	22	13
1980-09-05	13.3	5.1	21	13
1980-09-06	0	2.7	21	11
1980-09-07	0	5.1	23	9
1980-09-08	0	6.5	21	13
1980-09-09	5.5	4.3	23	13
1980-09-10	9.1	4.1	21	13
1980-09-11	4.5	3.1	19	11
1980-09-12	0.5	4.1	20	13
1980-09-13	0	4.1	21	12
1980-09-14	0.2	4.2	19	13
1980-09-15	0	2.1	21	8
1980-09-16	0	5.3	23	10
1980-09-17	0	5.3	27	8
1980-09-18	0	4.8	25	6
1980-09-19	8	2.7	20	6
1980-09-20	0	2.7	21	9
1980-09-21	0	3.8	22	12
1980-09-22	4.5	3.7	20	13
1980-09-23	11	2.4	21	11
1980-09-24	14.1	1	19	13
1980-09-25	25.8	3.1	27	13
1980-09-26	26.6	5.9	21	14
1980-09-27	9	5.7	21	14
1980-09-28	0	4.3	21	12
1980-09-29	0.7	4.7	22	12
1980-09-30	0	6.3	22	12
1980-10-01	0	6.3	21	10
1980-10-02	2.6	2.4	21	10
1980-10-03	0.3	1.6	17	3
1980-10-04	0	3.5	19	6
1980-10-05	0	3.5	19	5
1980-10-06	0	5.1	18	5
1980-10-07	0	2.8	18	8
1980-10-08	0	4	19	5
1980-10-09	0	3.4	22	3
1980-10-10	0	4.8	22	4
1980-10-11	3	4.1	20	6
1980-10-12	0	4.3	19	8
1980-10-13	0	3.6	21	6
1980-10-14	0	4.8	25	10
1980-10-15	0	3.8	27	7
1980-10-16	0	6.6	27	9
1980-10-17	0	7.8	27	10
1980-10-18	0	5.7	28	4
1980-10-19	1	3.5	28	5
1980-10-20	0	3.6	20	5
1980-10-21	0	3.4	22	12
1980-10-22	0	3.2	20	10
1980-10-23	0	2.3	24	8
1980-10-24	10.1	4.2	23	11
1980-10-25	2	2.7	18	9
1980-10-26	0	2.6	23	9
1980-10-27	0.2	3.8	26	11
1980-10-28	0.2	3.7	26	11
1980-10-29	2.5	2.8	13	9
1980-10-30	3	1.3	11	5
1980-10-31	0.1	1.2	13	6
1980-11-01	0	2.8	22	8
1980-11-02	0	3.1	23	9
1980-11-03	0	3	24	10
1980-11-04	3	2.2	17	10
1980-11-05	0	1	13	8
1980-11-06	0.2	2.8	17	8
1980-11-07	0	5	23	5
1980-11-08	0	5.2	22	2
1980-11-09	0	4.7	23	5
1980-11-10	0	9.5	21	2
1980-11-11	0	7.6	21	0
1980-11-12	0	6.6	18	2
1980-11-13	0	6.1	23	1
1980-11-14	0	4	27	2
1980-11-15	0	3	25	5
1980-11-16	0	4.9	27	6
1980-11-17	0	3.4	21	7
1980-11-18	0	2.7	13	3
1980-11-19	0	2.3	23	2
1980-11-20	0	2.2	22	3
1980-11-21	4.6	1.9	17	8
1980-11-22	0	1.5	19	7
1980-11-23	0	1.3	21	7
1980-11-24	0	1.7	19	9
1980-11-25	0	4.2	26	8
1980-11-26	0	1.8	22	5
1980-11-27	0.2	2	16	8
1980-11-28	0	3.3	21	4
1980-11-29	0	3	21	2
1980-11-30	0	2.4	23	2
1980-12-01	0	3.5	24	3
1980-12-02	1.1	3.3	22	3
1980-12-03	1.8	1.5	15	9
1980-12-04	0	1.4	18	5
1980-12-05	0	2.2	24	6
1980-12-06	0	3.2	24	4
1980-12-07	0	3.4	22	8
1980-12-08	0	2.3	27	5
1980-12-09	0	2.7	24	8
1980-12-10	0.1	2.1	13	10
1980-12-11	0	2	13	6
1980-12-12	0	2.8	22	6
1980-12-13	0	7.2	23	3
1980-12-14	0	1.8	18	3
1980-12-15	0	2.2	24	4
1980-12-16	0	2	16	5
1980-12-17	0	2.7	18	-1
1980-12-18	0	3	22	10
1980-12-19	0	4.3	22	7
1980-12-20	0.6	2	15	2
1980-12-21	0	1	10	5
1980-12-22	0	1.9	16	1
1980-12-23	0	2.2	23	2
1980-12-24	2	1.5	20	5
1980-12-25	0	1.4	10	6
1980-12-26	0	1.4	23	2
1980-12-27	0	2.9	20	0
1980-12-28	0	4.3	21	4
1980-12-29	0	2.5	22	-2
1980-12-30	0	1.5	15	0
1980-12-31	0	2.6	19	2
1981-01-01	0	3.3	17	-2
1981-01-02	0.3	1.4	11	2
1981-01-03	0	3.6	21	0
1981-01-04	0	1.7	13	-1
1981-01-05	0	2.8	16	3
1981-01-06	0	2.5	24	2
1981-01-07	0	2.8	16	3
1981-01-08	0	2.4	25	4
1981-01-09	1	2.5	23	4
1981-01-10	0	1.1	14	5
1981-01-11	2.4	1.4	25	9
1981-01-12	0.3	1.1	12	7
1981-01-13	0	2	19	5
1981-01-14	0	2.8	22	4
1981-01-15	0	2	16	4
1981-01-16	0	1.1	12	3
1981-01-17	21.3	1.4	8	5
1981-01-18	0	1.1	13	5
1981-01-19	0	2.5	18	5
1981-01-20	0	3	19	3
1981-01-21	0	1.7	12	3
1981-01-22	0	1.3	13	5
1981-01-23	0	1.4	17	4
1981-01-24	0	3.2	21	-1
1981-01-25	0	4.5	23	-1
1981-01-26	0	5	25	1
1981-01-27	0	3.2	26	6
1981-01-28	0	5.3	19	5
1981-01-29	0	5.5	25	4
1981-01-30	0	3.2	23	4
1981-01-31	0	5.7	27	4
1981-02-01	0	4.3	23	5
1981-02-02	0	1.1	7	3
1981-02-03	0	1.5	12	3
1981-02-04	0	3.2	24	2
1981-02-05	0	3	24	7
1981-02-06	0	4.9	23	5
1981-02-07	0	4.8	22	6
1981-02-08	0	3.7	25	6
1981-02-09	0	7.2	29	5
1981-02-10	0	6.1	28	8
1981-02-11	1	1	10	6
1981-02-12	0	1.4	10	1
1981-02-13	2	1.6	11	2
1981-02-14	2	1.1	12	6
1981-02-15	0	1.2	14	6
1981-02-16	0	1.2	15	6
1981-02-17	0	3.1	19	7
1981-02-18	0	4.1	24	4
1981-02-19	0	3.6	18	3
1981-02-20	0	4.1	19	5
1981-02-21	0	5.4	26	6
1981-02-22	1	1.1	12	7
1981-02-23	0	2.3	14	4
1981-02-24	0	3.4	21	5
1981-02-25	0	4.3	20	3
1981-02-26	0	3.4	23	4
1981-02-27	0	5.9	25	3
1981-02-28	0	4.1	28	4
1981-03-01	0	5.2	30	5
1981-03-02	0	5.3	27	8
1981-03-03	0	7.7	28	5
1981-03-04	0	5.7	30	12
1981-03-05	0	3.3	23	9
1981-03-06	0.4	4.2	28	6
1981-03-07	3	2	23	9
1981-03-08	0	1.3	18	10
1981-03-09	6	2.6	16	7
1981-03-10	0	2	20	7
1981-03-11	5	1.3	21	9
1981-03-12	2	3.5	22	10
1981-03-13	0	4	27	8
1981-03-14	0	5.4	26	7
1981-03-15	0	5.8	29	9
1981-03-16	0	2.3	27	9
1981-03-17	0	6	27	8
1981-03-18	0	5.9	29	8
1981-03-19	0	4.1	26	6
1981-03-20	0	8.6	29	3
1981-03-21	0	9.1	24	10
1981-03-22	0	7.4	20	7
1981-03-23	0	5.8	16	6
1981-03-24	0	3.4	17	6
1981-03-25	0	7.1	26	7
1981-03-26	0	6.5	21	2
1981-03-27	0	4.1	29	7
1981-03-28	0	8.2	28	7
1981-03-29	0	7.5	32	9
1981-03-30	0	6.8	28	6
1981-03-31	0	5.7	32	7
1981-04-01	0	4.9	24	6
1981-04-02	0	6.9	26	9
1981-04-03	0	8.8	31	7
1981-04-04	0	6.3	31	9
1981-04-05	4	7	15	9
1981-04-06	0	2.1	16	4
1981-04-07	0	2.5	25	5
1981-04-08	0	3.6	26	6
1981-04-09	0	5.8	22	9
1981-04-10	1	4.7	20	9
1981-04-11	0.4	2.7	24	7
1981-04-12	0	4.2	21	10
1981-04-13	0	4.7	23	8
1981-04-14	1	4.3	20	10
1981-04-15	0.6	5.5	20	7
1981-04-16	0.6	2.7	19	10
1981-04-17	5	3.2	23	8
1981-04-18	0.3	3.5	25	7
1981-04-19	0	4.1	26	9
1981-04-20	0	6.5	24	9
1981-04-21	3	5.3	26	7
1981-04-22	3	3.8	25	12
1981-04-23	0	5.4	30	10
1981-04-24	0	3	23	9
1981-04-25	3.6	4.8	23	12
1981-04-26	0	5	22	11
1981-04-27	0	4.3	26	9
1981-04-28	0.4	4.7	29	11
1981-04-29	1	4.2	28	12
1981-04-30	1.5	2.2	27	11
1981-05-01	1	2.8	28	13
1981-05-02	5.8	5.1	21	12
1981-05-03	0	3.8	28	12
1981-05-04	0	4.9	27	10
1981-05-05	0	6.7	28	12
1981-05-06	0	4.6	24	8
1981-05-07	0	6.3	28	9
1981-05-08	0	6	31	9
1981-05-09	0	6.6	33	11
1981-05-10	0	3.2	18	11
1981-05-11	0	5.6	27	10
1981-05-12	0	8.9	30	8
1981-05-13	0	8.8	31	8
1981-05-14	0	6.3	29	9
1981-05-15	0	6.4	30	8
1981-05-16	4.5	7.6	32	11
1981-05-17	1	7.2	31	14
1981-05-18	0	6.1	32	13
1981-05-19	4	4.6	27	15
1981-05-20	0	3.2	23	12
1981-05-21	3	2.6	22	12
1981-05-22	3.7	5.6	27	10
1981-05-23	1	4.7	29	12
1981-05-24	4.9	5.6	29	12
1981-05-25	4	4.9	26	13
1981-05-26	0	5.2	27	11
1981-05-27	0.8	3.8	28	11
1981-05-28	10	5.8	28	12
1981-05-29	1.3	4.3	27	12
1981-05-30	2.9	3.1	26	13
1981-05-31	0	5.4	25	10
1981-06-01	0.4	5.3	25	11
1981-06-02	0	3.7	24	12
1981-06-03	0	3.5	25	14
1981-06-04	0	5	28	13
1981-06-05	1.6	5.8	26	12
1981-06-06	9	7.1	25	13
1981-06-07	0	5.1	25	8
1981-06-08	0.2	4.4	26	10
1981-06-09	0	6.4	27	14
1981-06-10	0.2	6	28	12
1981-06-11	0	4.8	29	12
1981-06-12	0	3.5	27	14
1981-06-13	2.4	4.7	25	12
1981-06-14	29.4	3.6	21	14
1981-06-15	4.4	3.4	21	14
1981-06-16	45	2.7	21	14
1981-06-17	36	2.5	20	13
1981-06-18	34.5	2.1	17	13
1981-06-19	10.3	1.1	21	14
1981-06-20	0	2.7	21	13
1981-06-21	0	2.2	23	13
1981-06-22	0	5.1	22	11
1981-06-23	0	7.6	22	13
1981-06-24	20	8.3	23	11
1981-06-25	16	5.2	19	14
1981-06-26	19	2.2	19	13
1981-06-27	4	3.7	19	12
1981-06-28	3	2.2	20	12
1981-06-29	2.7	4.5	19	12
1981-06-30	7	1.9	19	12
1981-07-01	1	1.7	19	11
1981-07-02	0	2	23	10
1981-07-03	0	4.9	22	10
1981-07-04	1.8	5.3	22	9
1981-07-05	0	1.6	22	12
1981-07-06	7.7	2.6	24	12
1981-07-07	0	3.1	23	14
1981-07-08	11	3.6	21	12
1981-07-09	10	2.4	18	9
1981-07-10	4.3	4.8	20	10
1981-07-11	2	3.2	20	12
1981-07-12	4	3.1	20	10
1981-07-13	17	5.2	19	12
1981-07-14	12	2.6	16	11
1981-07-15	3	3.7	19	11
1981-07-16	0	5.2	21	10
1981-07-17	1	2.8	22	11
1981-07-18	0	4.2	23	11
1981-07-19	0	4.9	23	9
1981-07-20	0	5.9	22	10
1981-07-21	0.2	5.6	23	12
1981-07-22	0	6.3	23	11
1981-07-23	0	4.9	23	10
1981-07-24	0	5.2	22	9
1981-07-25	0	4.9	23	10
1981-07-26	0	5.8	24	11
1981-07-27	1	3.5	23	11
1981-07-28	0	1.4	22	10
1981-07-29	0.3	6.2	22	11
1981-07-30	0	3.7	23	12
1981-07-31	5.2	4.3	21	9
1981-08-01	1.2	4.3	20	8
1981-08-02	0	3.4	21	8
1981-08-03	0	4.2	24	9
1981-08-04	4	6.1	23	11
1981-08-05	1.7	4.6	21	12
1981-08-06	0	5.4	22	7
1981-08-07	0	6.9	22	8
1981-08-08	1	1.3	23	10
1981-08-09	2.5	4.6	19	12
1981-08-10	4.5	2.4	18	10
1981-08-11	0	5.8	22	9
1981-08-12	0	3.4	22	9
1981-08-13	0	4.2	22	8
1981-08-14	0	3.6	21	11
1981-08-15	0	6.4	22	11
1981-08-16	0	5.4	24	9
1981-08-17	0	4.2	26	8
1981-08-18	0	4	25	11
1981-08-19	10	4.6	23	12
1981-08-20	20.5	3.9	21	9
1981-08-21	0.2	4.7	22	13
1981-08-22	9.8	1.8	22	13
1981-08-23	17	2.3	22	12
1981-08-24	13	2.8	20	10
1981-08-25	10	4.6	18	13
1981-08-26	10	1.8	17	12
1981-08-27	29	1.4	19	13
1981-08-28	32.4	2.1	21	14
1981-08-29	0	3.2	20	14
1981-08-30	0	5.7	22	11
1981-08-31	0.2	3.9	25	12
1981-09-01	0	6	25	12
1981-09-02	1.5	5.1	23	12
1981-09-03	2.3	4.4	22	10
1981-09-04	0.7	5.1	21	12
1981-09-05	0.4	2.6	22	13
1981-09-06	0	4.5	22	11
1981-09-07	0	5.4	22	11
1981-09-08	3.4	4.7	22	8
1981-09-09	12.2	3.6	21	10
1981-09-10	0	5	22	12
1981-09-11	0	6.3	22	9
1981-09-12	0	4.4	22	11
1981-09-13	0	5.1	23	10
1981-09-14	0	5.1	23	8
1981-09-15	0	5.3	24	6
1981-09-16	3	3.2	23	9
1981-09-17	34	3.2	20	10
1981-09-18	5	2.3	14	7
1981-09-19	0.4	1.7	17	6
1981-09-20	0	4.5	22	8
1981-09-21	0	6.7	25	9
1981-09-22	0	5.8	23	9
1981-09-23	4.6	3.3	22	11
1981-09-24	3	4.6	19	13
1981-09-25	0	4.5	20	7
1981-09-26	0	4.2	20	9
1981-09-27	4.1	2.3	19	12
1981-09-28	32	1.3	16	10
1981-09-29	2	1.6	20	9
1981-09-30	7	2	18	10
1981-10-01	1.6	2.9	20	12
1981-10-02	2.5	2.2	19	12
1981-10-03	0.4	3.2	20	8
1981-10-04	0	4.6	21	11
1981-10-05	0.2	4.4	23	12
1981-10-06	0	4.9	22	11
1981-10-07	0	4.8	23	11
1981-10-08	0	4.6	24	12
1981-10-09	0.5	4.5	25	11
1981-10-10	6	5	22	10
1981-10-11	0	2.8	21	13
1981-10-12	0	5.1	22	13
1981-10-13	0	2.9	23	12
1981-10-14	1	5.6	22	12
1981-10-15	0	5.6	20	9
1981-10-16	0	2.4	21	6
1981-10-17	0	4.7	22	9
1981-10-18	4.6	3.5	20	3
1981-10-19	5.5	1.4	14	8
1981-10-20	0.5	1.3	16	10
1981-10-21	0	3.4	20	6
1981-10-22	1.6	4.3	21	9
1981-10-23	0	2	16	10
1981-10-24	13.5	3	21	9
1981-10-25	12	2.8	21	11
1981-10-26	0	1.5	16	11
1981-10-27	0	3.4	18	10
1981-10-28	0	3.7	21	9
1981-10-29	1.5	2.9	22	11
1981-10-30	2	2.6	24	11
1981-10-31	1.2	4	22	12
1981-11-01	2.9	2.5	16	9
1981-11-02	0	1.8	19	7
1981-11-03	0	3	18	8
1981-11-04	0	2.7	19	4
1981-11-05	0	2.7	21	4
1981-11-06	1.8	3.5	16	4
1981-11-07	0	2.6	19	7
1981-11-08	0.3	3.2	25	5
1981-11-09	0	4.6	15	8
1981-11-10	0	2.2	14	7
1981-11-11	0	1.9	20	6
1981-11-12	0	4.4	21	1
1981-11-13	0	2.7	19	3
1981-11-14	0	2.4	18	6
1981-11-15	0	2.5	22	-1
1981-11-16	0	4.4	22	-1
1981-11-17	0	5	22	-1
1981-11-18	0	3.1	24	2
1981-11-19	0	4.5	25	1
1981-11-20	0	3.2	15	4
1981-11-21	0	1	24	2
1981-11-22	0	4.4	22	9
1981-11-23	0	3.8	24	-2
1981-11-24	0	4	20	-2
1981-11-25	0	4.4	24	-2
1981-11-26	0	4.5	26	2
1981-11-27	0	4.1	25	3
1981-11-28	0	3.7	25	5
1981-11-29	0	4.3	25	8
1981-11-30	0	4.7	28	7
1981-12-01	0	2.3	25	9
1981-12-02	0	2.9	20	10
1981-12-03	0	3.7	20	10
1981-12-04	15	1.1	14	7
1981-12-05	0	1.1	14	7
1981-12-06	0	2.3	23	8
1981-12-07	0	2.4	20	5
1981-12-08	2	1.1	14	8
1981-12-09	4	1.2	12	8
1981-12-10	0	2	19	7
1981-12-11	0	1	22	4
1981-12-12	0	3	23	3
1981-12-13	0	2.3	23	3
1981-12-14	0	4.5	23	6
1981-12-15	0	2.2	13	6
1981-12-16	0	3.2	24	3
1981-12-17	0	3.1	22	4
1981-12-18	0	1.6	21	5
1981-12-19	0	2.1	21	6
1981-12-20	0	2.9	23	2
1981-12-21	0	4.2	24	4
1981-12-22	0	2.5	27	6
1981-12-23	0	3.4	18	5
1981-12-24	0	3.6	24	4
1981-12-25	0	2.5	23	3
1981-12-26	0	1.6	19	7
1981-12-27	0	3.9	26	7
1981-12-28	0	4.1	28	8
1981-12-29	0	3.3	23	9
1981-12-30	0	2.2	25	7
1981-12-31	0	3.6	24	7
1982-01-01	0	3.5	25	5
1982-01-02	0	5.7	26	6
1982-01-03	0	4.6	27	10
1982-01-04	0	3.2	13	7
1982-01-05	0	4.3	25	3
1982-01-06	0	4.1	25	4
1982-01-07	0.7	3.7	24	4
1982-01-08	0	3.2	17	5
1982-01-09	0	2.8	19	9
1982-01-10	0	3.3	23	2
1982-01-11	0	1.8	12	6
1982-01-12	0	4.4	27	7
1982-01-13	0	5.1	27	9
1982-01-14	0	3.6	20	1
1982-01-15	0	3.5	25	1
1982-01-16	0	4.4	26	6
1982-01-17	0	6.1	18	8
1982-01-18	0	3	25	4
1982-01-19	0	5.8	23	4
1982-01-20	0	4.4	27	4
1982-01-21	0	5	27	2
1982-01-22	0	4.2	27	3
1982-01-23	0	4.3	24	4
1982-01-24	0	5.8	23	5
1982-01-25	0	4.7	26	2
1982-01-26	0	2.6	18	3
1982-01-27	0	5.3	24	1
1982-01-28	0	4.1	24	4
1982-01-29	0	3	25	2
1982-01-30	0	5.2	27	4
1982-01-31	0	2	10	6
1982-02-01	0	4.1	23	3
1982-02-02	0	4.9	27	7
1982-02-03	0	5.2	14	6
1982-02-04	0	1.7	22	6
1982-02-05	0	3.7	25	2
1982-02-06	0	5.5	18	6
1982-02-07	0	3.6	26	7
1982-02-08	0	4.8	27	4
1982-02-09	0	4.4	26	6
1982-02-10	0	5.4	28	5
1982-02-11	0	5.4	27	6
1982-02-12	0	3.2	26	6
1982-02-13	0	6.4	13	7
1982-02-14	0	1.7	24	6
1982-02-15	0	6.3	26	7
1982-02-16	0	4.4	23	6
1982-02-17	0	5.7	27	2
1982-02-18	0	5.2	26	6
1982-02-19	0	3.9	21	3
1982-02-20	0	2.5	25	6
1982-02-21	0	4.1	19	7
1982-02-22	0	2.8	18	9
1982-02-23	0	2.4	22	3
1982-02-24	0	4.2	26	3
1982-02-25	1	7.3	23	4
1982-02-26	2.3	3.2	15	5
1982-02-27	0.7	2.1	21	4
1982-02-28	0	2.6	22	6
1982-03-01	0	1.4	12	6
1982-03-02	0	4.2	21	6
1982-03-03	0	4.2	25	7
1982-03-04	0	6.8	29	8
1982-03-05	0	7.7	29	10
1982-03-06	0	4.6	25	6
1982-03-07	0	5.9	8	2
1982-03-08	0	2.1	23	1
1982-03-09	0	6.5	25	2
1982-03-10	0	4.5	26	3
1982-03-11	0	7	27	3
1982-03-12	0	7.2	28	5
1982-03-13	0	7.2	29	7
1982-03-14	0	5.5	30	8
1982-03-15	0	7.8	30	7
1982-03-16	0	5.9	30	8
1982-03-17	0	6.6	28	6
1982-03-18	0	6.6	25	6
1982-03-19	0	6	28	6
1982-03-20	0	6.9	29	7
1982-03-21	0	6.4	29	8
1982-03-22	9.8	4.7	29	9
1982-03-23	0	6.3	26	9
1982-03-24	0	5.8	30	11
1982-03-25	0	5.7	28	7
1982-03-26	0	3.6	21	8
1982-03-27	0	5.2	26	10
1982-03-28	0	5.7	20	11
1982-03-29	0.3	5.8	30	11
1982-03-30	0	6.7	30	12
1982-03-31	0	6.1	29	8
1982-04-01	0	7.3	27	7
1982-04-02	0	4.7	33	10
1982-04-03	0	6.6	33	10
1982-04-04	0	7	32	9
1982-04-05	0	7.3	33	11
1982-04-06	0	5.2	29	7
1982-04-07	0	8.2	31	8
1982-04-08	0	8.1	31	12
1982-04-09	0	7.1	32	9
1982-04-10	9.1	6.9	30	9
1982-04-11	0	3	17	11
1982-04-12	0	5.5	28	5
1982-04-13	0	7	30	5
1982-04-14	0	7.4	31	5
1982-04-15	0	7.9	31	9
1982-04-16	0	8.4	31	8
1982-04-17	0	6.2	30	8
1982-04-18	0	5.1	27	11
1982-04-19	0	6.9	28	11
1982-04-20	0.4	4.8	28	9
1982-04-21	5.5	4.5	20	12
1982-04-22	0	3.9	19	9
1982-04-23	0	5.1	19	10
1982-04-24	0.4	3.2	25	9
1982-04-25	1	3.7	27	12
1982-04-26	0	6.1	27	8
1982-04-27	0	6.3	22	11
1982-04-28	0	6.3	28	12
1982-04-29	2	6	23	11
1982-04-30	0	5.1	20	10
1982-05-01	0.3	5.18	20	11
1982-05-02	12	4	21	12
1982-05-03	0	5.96	20	12
1982-05-04	0	5.36	23	9
1982-05-05	3.5	5.45	25	7
1982-05-06	9.5	5.45	28	11
1982-05-07	7.1	2.77	21	13
1982-05-08	3.8	4.54	24	13
1982-05-09	3.5	6.31	27	11
1982-05-10	0	5.98	27	13
1982-05-11	12	8.7	26	13
1982-05-12	20	3.94	26	12
1982-05-13	0	3.5	27	12
1982-05-14	0	4.87	27	11
1982-05-15	0	5.87	25	11
1982-05-16	0	4.69	24	13
1982-05-17	4	3.93	25	12
1982-05-18	0	5.14	21	12
1982-05-19	0	3.83	23	10
1982-05-20	1	5.13	23	12
1982-05-21	0.7	1.25	20	13
1982-05-22	0.3	2.86	21	13
1982-05-23	0	4.86	23	12
1982-05-24	0	3.84	26	11
1982-05-25	0	5.71	24	13
1982-05-26	0	6.1	27	13
1982-05-27	0	5.51	27	10
1982-05-28	0	5.85	30	11
1982-05-29	0	5.5	27	14
1982-05-30	0	5.96	28	12
1982-05-31	0	7.45	29	8
1982-06-01	0	5	24	11
1982-06-02	0	6.3	29	5
1982-06-03	0	7.1	29	5
1982-06-04	0	7.4	29	4
1982-06-05	0	7.7	27	5
1982-06-06	0	4.9	25	10
1982-06-07	0	6	26	11
1982-06-08	0	7.5	24	8
1982-06-09	0	5	26	10
1982-06-10	5	6.9	24	10
1982-06-11	0	5.3	22	10
1982-06-12	0	4.3	25	9
1982-06-13	0	6.3	23	10
1982-06-14	0	7.2	22.5	11
1982-06-15	0	4.2	24	8.5
1982-06-16	0	4.1	26	7
1982-06-17	0	4.9	24.5	8
1982-06-18	0	4.6	26	5
1982-06-19	0	6.5	26	6
1982-06-20	0	3.6	22	9.5
1982-06-21	0	5.7	25	13
1982-06-22	5.7	6.6	25	8
1982-06-23	0	6.1	23	13
1982-06-24	0	7.6	24	11
1982-06-25	0	6.3	24	10
1982-06-26	0	6.3	24	14
1982-06-27	2.6	6.7	24	13
1982-06-28	0	5.5	23	10
1982-06-29	3.3	3.9	23.5	13.5
1982-06-30	2.4	2.6	19.5	12
1982-07-01	0	4.5	22	12.5
1982-07-02	0.2	5.6	22	10
1982-07-03	0	6.9	23	11
1982-07-04	0.5	6.3	24	9
1982-07-05	0	4.9	23	8
1982-07-06	0	4.7	24	9
1982-07-07	1	8	22	10
1982-07-08	0	4	21	8
1982-07-09	0	6.2	23	8
1982-07-10	6.5	5.5	24.5	8.5
1982-07-11	0.4	5.2	21	10
1982-07-12	2.5	5.4	22	8
1982-07-13	0	5.9	21.5	11.5
1982-07-14	3.7	5.2	20	11
1982-07-15	1.2	4.9	21	11
1982-07-16	1	3.9	21	11.5
1982-07-17	0.8	1.3	22	13
1982-07-18	19	2	21	12
1982-07-19	0	4.5	21	9.5
1982-07-20	0	6.6	22	11
1982-07-21	0	6.4	21.5	10.5
1982-07-22	0.5	4.2	21	7
1982-07-23	3.4	2.1	19	9
1982-07-24	11.5	4.3	20	10
1982-07-25	12	4.4	21	11
1982-07-26	0.2	2	20	11
1982-07-27	0	4.7	20	8
1982-07-28	0	6.4	21	6
1982-07-29	0	6.6	21	7.5
1982-07-30	5.5	6.1	21	10
1982-07-31	0.5	2.4	21	8.5
1982-08-01	0	4.6	21	8
1982-08-02	3	5.3	22	10.5
1982-08-03	0	2.7	23	12
1982-08-04	0	6.9	23	9
1982-08-05	0	8.7	21	8
1982-08-06	0	6.1	20	5
1982-08-07	0	4	22	7
1982-08-08	0	6.3	21	8
1982-08-09	0	4.4	22	9
1982-08-10	0	6.1	24	10.5
1982-08-11	7.1	3.9	22	10
1982-08-12	6.5	5.4	20.5	10
1982-08-13	0	5.2	22	9
1982-08-14	0	4.9	23.5	8
1982-08-15	0	6.7	24	8
1982-08-16	0	5.9	23	7
1982-08-17	0	3.7	24	8
1982-08-18	7.5	2.3	21	9
1982-08-19	0	5	21.5	8.5
1982-08-20	5	4.7	22	9
1982-08-21	2.5	2.8	20	11
1982-08-22	2	3.9	20	13
1982-08-23	0	4.9	20	4.5
1982-08-24	0	4.9	22	6
1982-08-25	0	6.8	23	9
1982-08-26	0	6.1	23	10
1982-08-27	0	6.9	23	8
1982-08-28	3.5	4.7	22.5	8
1982-08-29	2.5	7	21	9
1982-08-30	0.9	3	20	7.5
1982-08-31	0	5.5	20	9.5
1982-09-01	0.2	4.2	22	8.5
1982-09-02	0	3.4	22	8
1982-09-03	4.5	6.9	24.5	10
1982-09-04	3	3.7	22.5	11.5
1982-09-05	2.6	4.1	22.5	9.5
1982-09-06	0	4.2	21	9
1982-09-07	2	4.9	23	10
1982-09-08	1.5	3.5	20.5	11
1982-09-09	0	5.5	23	10
1982-09-10	0	5.1	24.5	8
1982-09-11	0	4.9	27	7.5
1982-09-12	0	5.6	26	9
1982-09-13	4.1	4.6	24	13
1982-09-14	0	4.4	22	10
1982-09-15	2	4.6	21	10
1982-09-16	0	2.1	20	10.5
1982-09-17	7	2.3	21	8
1982-09-18	4	4.6	20	8
1982-09-19	0.5	3.7	18	11
1982-09-20	1.8	2.6	18	12.5
1982-09-21	20	2.8	21	12
1982-09-22	10.5	3.4	17.5	12
1982-09-23	0	2	17	12
1982-09-24	0	2.5	20	11
1982-09-25	1.1	3.7	22	12
1982-09-26	0	5	21	9
1982-09-27	0	4.4	25	5
1982-09-28	0	4.2	26	4
1982-09-29	0	7.3	25	4
1982-09-30	0	3.3	22	4
1982-10-01	0	5.1	23	10
1982-10-02	0	4.8	22.5	12
1982-10-03	0.5	2.6	23	13
1982-10-04	0	2.6	14.5	12
1982-10-05	0	5	24	12.5
1982-10-06	0	1.4	22	12.5
1982-10-07	0.7	2.1	23	14
1982-10-08	0	5.5	26	11
1982-10-09	0	3.5	25	10
1982-10-10	0	2	21	13
1982-10-11	0	4.2	27	13
1982-10-12	3.6	2.5	26	11
1982-10-13	0	3	19	12
1982-10-14	2	2.8	19	10.5
1982-10-15	1.5	1.2	19	12
1982-10-16	0.2	2.5	18	12
1982-10-17	0	1.9	18	9
1982-10-18	0	1.8	17.5	8
1982-10-19	0	1.7	20	6
1982-10-20	0.7	3.2	19	7
1982-10-21	0	3	19	7.5
1982-10-22	2.2	1.5	18	7.5
1982-10-23	0.2	1.8	13	10
1982-10-24	0	1.8	15	7
1982-10-25	0	1.4	15.5	8
1982-10-26	0	3	18	8
1982-10-27	0	2.7	20	-1
1982-10-28	0	4.1	25	2.5
1982-10-29	0	5.3	21	3
1982-10-30	0	4.6	21	4
1982-10-31	0	2.9	21	7
1982-11-01	0	4.7	26	6
1982-11-02	0	4.2	26	6
1982-11-03	0	4.6	23.5	8
1982-11-04	0	3.3	12	6
1982-11-05	0	1.6	13	3
1982-11-06	0	5.6	15	-1
1982-11-07	0	3.9	16.5	-5
1982-11-08	0	3.3	19	3
1982-11-09	0	3.9	22	3
1982-11-10	0	3.6	19	4
1982-11-11	0	4.3	27	6
1982-11-12	9	4	25	3
1982-11-13	1.6	4.4	13	6
1982-11-14	0	3	23.5	3
1982-11-15	0	2.8	16	8
1982-11-16	0	2.2	24	6.5
1982-11-17	0	4.9	27	8
1982-11-18	0	4.4	25	5
1982-11-19	0	4.2	25	6
1982-11-20	0	2.5	25.5	5
1982-11-21	0	4.9	23	4
1982-11-22	0	1.8	22	6
1982-11-23	0	2.3	24	5
1982-11-24	0.5	1.5	18	6
1982-11-25	0	1.8	16	8
1982-11-26	0	5	20	10
1982-11-27	0	1.4	21.5	12
1982-11-28	0	3.8	26	6
1982-11-29	0	3.9	25	7
1982-11-30	0	3.7	25	8
1982-12-01	0	1.6	25	7.5
1982-12-02	0	3.2	26	9
1982-12-03	0	5.1	25	7
1982-12-04	0	3.2	24	5
1982-12-05	0	3.1	23	3
1982-12-06	0	1.7	17	5
1982-12-07	0.5	1.3	16	8
1982-12-08	1.7	1.3	15	9
1982-12-09	0	4.6	16	9
1982-12-10	0	2.4	25	8
1982-12-11	0	3.8	26	7
1982-12-12	0	2.2	10	5
1982-12-13	0	1.8	21	2
1982-12-14	0.4	1.9	16	3
1982-12-15	0	4.7	19	3
1982-12-16	0	2.6	15	5
1982-12-17	0	2.5	17	1
1982-12-18	0	5.2	21	-5
1982-12-19	0	3.7	19	-3
1982-12-20	0	7.2	20	-5
1982-12-21	0	3.2	24	-2
1982-12-22	0	5.3	24	1
1982-12-23	0	7.9	27	0.5
1982-12-24	0	6.6	28	1
1982-12-25	0	3.9	20	8.5
1982-12-26	0	5.6	24	10
1982-12-27	0	4.5	27	7.5
1982-12-28	0	3.6	25	5
1982-12-29	1.6	2.7	25.5	7
1982-12-30	0	3	22	7
1982-12-31	0	2.3	23	7.5
1983-01-01	0	2.4	15	8.5
1983-01-02	0	2.2	17.5	8
1983-01-03	0	1.1	12.5	3
1983-01-04	0	2.9	21	3
1983-01-05	1.6	1.2	20.5	4
1983-01-06	0	2.5	15	7
1983-01-07	0	3.9	23	7.5
1983-01-08	0	1.1	24	6
1983-01-09	0	4	18.5	6
1983-01-10	0	3.1	21	4.5
1983-01-11	3.8	1.2	14	5
1983-01-12	2	1.7	15	7
1983-01-13	0.6	1	14	5
1983-01-14	0.2	1	20.5	6
1983-01-15	0.2	1.3	13	5.5
1983-01-16	1.5	1	12	6
1983-01-17	0	1	20	4
1983-01-18	13.4	2.3	19	5
1983-01-19	0	3.1	19	7.5
1983-01-20	0	4.2	20	6.5
1983-01-21	0	5.6	23	4.5
1983-01-22	0	3.3	17	3.5
1983-01-23	0	3.4	18	0
1983-01-24	0	3.5	19	2
1983-01-25	0	4.8	17	0
1983-01-26	0	2.4	22	1
1983-01-27	0	3.5	18	2
1983-01-28	0	2.8	25	2
1983-01-29	0	6.3	24	2
1983-01-30	0	5.4	26	2.5
1983-01-31	0	5.7	17.5	6.5
1983-02-01	0	6.7	27	9
1983-02-02	0	7.3	25	5
1983-02-03	0	5.2	17.5	5
1983-02-04	0	2.2	22	5.5
1983-02-05	0	4.7	19	5
1983-02-06	0	2.2	26.5	6
1983-02-07	0	4.2	16.5	8
1983-02-08	0	1.1	23.5	6
1983-02-09	0	4.7	23	7
1983-02-10	0	4.4	22	3.5
1983-02-11	0	3.4	12.1	6.5
1983-02-12	0	1.1	10	6
1983-02-13	0	1	17	-2
1983-02-14	0	2.1	27	0
1983-02-15	0	4.8	25	7
1983-02-16	0	4.4	22	0
1983-02-17	0	4.6	21.5	-2
1983-02-18	0	4.4	20	2
1983-02-19	0	3.4	21	0
1983-02-20	0	5.4	25	1
1983-02-21	0	4.7	17	2
1983-02-22	0	2.9	20	1
1983-02-23	0	4.4	22.5	2
1983-02-24	0	4.4	24	1.5
1983-02-25	1.8	4.8	18	5
1983-02-26	0	2.8	21	3.5
1983-02-27	0	5	22	1.5
1983-02-28	0	6.1	23.5	1
1983-03-01	0	5.6	26	2
1983-03-02	0	8.5	29.5	4.5
1983-03-03	0	9.5	29	10
1983-03-04	0	7.2	26.5	12
1983-03-05	0	6.5	30	9
1983-03-06	0	9	29	6.5
1983-03-07	0	6.2	24	3
1983-03-08	0	6.7	24	2
1983-03-09	0	3.1	21	1
1983-03-10	0	3	15	4
1983-03-11	0	1.4	20.5	1.5
1983-03-12	0	3.1	17	3.5
1983-03-13	6.2	1.5	11	7
1983-03-14	0	1.1	23	5
1983-03-15	0	3.7	28	7
1983-03-16	0	7.9	24	6
1983-03-17	0	5.7	24	4
1983-03-18	0	5.6	31	4
1983-03-19	0	8.8	32.5	6.5
1983-03-20	0	9.7	27	8
1983-03-21	0	5.4	14	6.5
1983-03-22	0	1.8	30	1
1983-03-23	0	8.4	29.5	4
1983-03-24	0	6.8	26	5.5
1983-03-25	0	5.8	32	5.5
1983-03-26	0	8.1	30	9
1983-03-27	0	7.2	18	7
1983-03-28	0	2.7	16	3
1983-03-29	0	2	28	4.5
1983-03-30	0	5.8	23	10
1983-03-31	0	4.2	25	6
1983-04-01	0	6.5	30	6
1983-04-02	0	7.8	26.5	6.5
1983-04-03	0	7.2	30	5
1983-04-04	0	9.8	30	9
1983-04-05	0	7.7	27.5	11
1983-04-06	0	7.9	29.5	10
1983-04-07	0	9.5	30	11.5
1983-04-08	0	10.4	28	13
1983-04-09	0	6.7	15	9
1983-04-10	0	3.6	19	2
1983-04-11	0	4.3	30	3
1983-04-12	0	9.8	31	6
1983-04-13	0	9	34	10
1983-04-14	0	10.3	22	8
1983-04-15	0	4.2	14	9
1983-04-16	0	3.5	14	8
1983-04-17	0	3.2	26	7.5
1983-04-18	0	7.7	30	6.5
1983-04-19	0	7.8	32	11
1983-04-20	0	8.7	32	11
1983-04-21	0	8.6	34	11
1983-04-22	0	10.8	30.5	13
1983-04-23	0	8.7	32	8
1983-04-24	0	8.2	36	10.5
1983-04-25	0	10.8	30	6
1983-04-26	0	8.1	34	10
1983-04-27	0	10.1	31	10
1983-04-28	0	6.8	28	6
1983-04-29	0	6.9	32	6.5
1983-04-30	0	9.3	31	7
1983-05-01	0	7	32	6
1983-05-02	0	10.6	33	6
1983-05-03	0	7	28	11
1983-05-04	0	6.2	22	9
1983-05-05	0	7.6	30	7
1983-05-06	0	8.3	33	9
1983-05-07	0	6.8	30	10
1983-05-08	0	4.5	24	11
1983-05-09	0	4.7	32	14
1983-05-10	0	7.5	31	13.5
1983-05-11	0.4	5.5	32	11
1983-05-12	0	6.7	30	10
1983-05-13	0	6.4	33	10.5
1983-05-14	0	7	31	14.5
1983-05-15	0	6.1	33	15
1983-05-16	0	4.7	23	15
1983-05-17	0	7.2	31	12
1983-05-18	0	6.7	33	13.5
1983-05-19	0	7.3	32	14
1983-05-20	0	6.8	32.5	12
1983-05-21	0	5.1	32	11
1983-05-22	0	7.4	26	16
1983-05-23	0	5.9	27.5	12
1983-05-24	0	5.4	23	11
1983-05-25	14.5	3.6	22	11
1983-05-26	3.7	3.7	19	9
1983-05-27	0	3.4	19.5	5
1983-05-28	0	3.7	26	6
1983-05-29	0	6.8	24	10.5
1983-05-30	0	8	25	10
1983-05-31	0	4.9	28	8
1983-06-01	0	6.2	24	10
1983-06-02	0	5.7	29	11
1983-06-03	0	5.7	31	10
1983-06-04	0	7.6	26	9
1983-06-05	0	6.7	29	11
1983-06-06	1.5	6.7	32	9
1983-06-07	0.4	6.9	23	14
1983-06-08	0	3.1	23	14
1983-06-09	0	6	22	12.5
1983-06-10	0	6	23	6
1983-06-11	0	7.2	25.5	4
1983-06-12	0	5.7	31	6
1983-06-13	0	7.5	29	6.5
1983-06-14	0	6.2	26	10.5
1983-06-15	0	5.8	23.5	10
1983-06-16	0	6.6	24	11
1983-06-17	0.2	5.5	28	9
1983-06-18	0	8.1	29	9.5
1983-06-19	0	6.3	29.5	7
1983-06-20	0	6.6	26	9.5
1983-06-21	0	4.9	25	10
1983-06-22	0	6.9	25	10.5
1983-06-23	0	3.7	25	10
1983-06-24	0	6.2	26	12
1983-06-25	3.7	3.4	24	15
1983-06-26	0	4.5	27	14
1983-06-27	0	6.9	30	8
1983-06-28	0	5.5	27	7
1983-06-29	6	6.8	25.5	8
1983-06-30	0	6	23.5	13.5
1983-07-01	1	4.4	24	13
1983-07-02	0.8	7.3	24	8
1983-07-03	10	5.2	23	11
1983-07-04	11.4	8.1	24	14
1983-07-05	4.2	4.2	17.5	13
1983-07-06	12.8	3.2	19	12
1983-07-07	2.4	3.2	19.5	11
1983-07-08	1.5	5.5	20	9
1983-07-09	0.2	2.3	19.5	8
1983-07-10	0	3.6	20.5	11
1983-07-11	0	5.1	22	12.5
1983-07-12	0.9	2.4	23	14
1983-07-13	21.9	7.4	23	13
1983-07-14	0	3	22	13
1983-07-15	7.3	3.4	23	12.5
1983-07-16	13.2	1.6	21	13
1983-07-17	8.3	3.4	19	13
1983-07-18	6.1	3.2	18.5	13
1983-07-19	21	1.8	17	12
1983-07-20	23	3	16	12.5
1983-07-21	0	2.2	18	11.5
1983-07-22	7.1	2	17.5	11.5
1983-07-23	7.6	2.5	18	12
1983-07-24	2.5	3.8	19	11
1983-07-25	0	5.6	20	7
1983-07-26	0.6	4.9	20	9.5
1983-07-27	0.2	3.6	21	11
1983-07-28	1.5	6	22	12.5
1983-07-29	1.5	6.1	21	10
1983-07-30	0.2	5.3	21	8.5
1983-07-31	0	5.8	25.5	9
1983-08-01	8	6.5	21.5	10
1983-08-02	0	4.7	20.5	10
1983-08-03	0	4.6	18	12
1983-08-04	3.3	1.9	22	8
1983-08-05	6.1	2.4	17	10
1983-08-06	2.7	1.7	18	12.5
1983-08-07	0	2.1	20.5	12.5
1983-08-08	0	4.4	23.5	12.5
1983-08-09	1.5	3.7	23	12
1983-08-10	1.2	4.6	22	11.5
1983-08-11	8	3.7	23	13
1983-08-12	1.3	4.8	21.5	13
1983-08-13	0.2	4.6	22.5	13.5
1983-08-14	0	4.4	21	11.5
1983-08-15	0	6.6	21.5	10
1983-08-16	0	5.6	23.5	8.5
1983-08-17	0	5.1	24	8
1983-08-18	0	6	25.5	6
1983-08-19	8.4	6.3	23.5	7.5
1983-08-20	0	5.9	21	11
1983-08-21	5.9	6.2	21.5	11
1983-08-22	4.5	5.1	20	9
1983-08-23	3	6	19.5	9
1983-08-24	1.5	2.9	19	11
1983-08-25	0	3.8	18	11.5
1983-08-26	0.3	4.9	20	10
1983-08-27	0	5	21.5	9
1983-08-28	0	6.6	23	5.5
1983-08-29	0	4.7	21.5	6
1983-08-30	0	5.6	21.5	10.5
1983-08-31	0	6.7	22	7.5
1983-09-01	0	4.2	23	9.5
1983-09-02	0	5.6	23	10
1983-09-03	4	5.5	23	12.5
1983-09-04	0	4.5	22	11
1983-09-05	0	3	26	9
1983-09-06	1.6	5.4	24	11
1983-09-07	24	3.2	22	12
1983-09-08	15.5	3.6	21	13
1983-09-09	3.8	5.5	20.5	13.5
1983-09-10	0	4.8	21	12
1983-09-11	1.5	5.3	21	11
1983-09-12	6.2	2.5	22.5	12
1983-09-13	5.7	3.4	20.5	13.5
1983-09-14	16	3	20	12
1983-09-15	4.2	3.2	20.5	10
1983-09-16	0	3.8	22	12
1983-09-17	0	4.6	21.5	8.5
1983-09-18	0	4	21.5	10.5
1983-09-19	0	4.6	25	12.5
1983-09-20	0	5.1	24	12
1983-09-21	3.2	3.2	17	12.5
1983-09-22	0	1.1	17	12
1983-09-23	2.2	1.1	17	11
1983-09-24	2.5	3	18.5	12.5
1983-09-25	15.1	2.2	20	12
1983-09-26	20.2	2.4	19	13
1983-09-27	3.5	1.5	16	12
1983-09-28	1	1.7	18.5	8.5
1983-09-29	0	2.9	19	10
1983-09-30	1.5	3.7	18.5	8
1983-10-01	1.3	3.9	20	11
1983-10-02	0	4.1	20	11
1983-10-03	0	4.9	23.5	7.5
1983-10-04	0	4.1	23	8
1983-10-05	2.3	4.4	21	9
1983-10-06	0	4	21	7
1983-10-07	0	4.4	21.5	11.5
1983-10-08	0	5.3	22	6
1983-10-09	1.9	4.4	21	7
1983-10-10	0	3.9	20	8
1983-10-11	0	3.7	24.5	6.5
1983-10-12	0.7	3	26	8
1983-10-13	0	1.3	15	8
1983-10-14	0	3.1	22	5.5
1983-10-15	0	3.4	20	8.5
1983-10-16	0	3.9	21	9
1983-10-17	3.5	3.1	20	11
1983-10-18	0	3.4	20	11.5
1983-10-19	0	3.3	23	11.5
1983-10-20	0	2.1	18	9.5
1983-10-21	14.2	3.8	21.5	9
1983-10-22	1.4	1.4	17.5	10.5
1983-10-23	2	2.9	19	9.5
1983-10-24	1	1.8	17.5	10
1983-10-25	17.6	1.1	13	9.5
1983-10-26	0.8	1.3	12	4.5
1983-10-27	0	1.8	12	3
1983-10-28	0	1.7	15	3.5
1983-10-29	0.2	1.3	14	4
1983-10-30	3.3	1.5	16.5	5.5
1983-10-31	0.7	1.2	17	7
1983-11-01	1	2.9	19	11
1983-11-02	0	3.7	18	6
1983-11-03	0	3	17	8
1983-11-04	0	2.3	22	10
1983-11-05	11.4	4.9	22.5	11
1983-11-06	0.3	2.6	22.5	11
1983-11-07	0.5	2.3	23	12
1983-11-08	2.3	2	21	12
1983-11-09	1.9	1.9	20	12
1983-11-10	0.2	2.4	18.5	10
1983-11-11	0	2.6	22	5
1983-11-12	0	4.5	24.5	5
1983-11-13	0	4.4	24.5	4
1983-11-14	0	4.3	26	4
1983-11-15	5	3	23	5.5
1983-11-16	0.2	2.7	24	9.5
1983-11-17	0	3.5	25	4
1983-11-18	0	3.1	23.5	4
1983-11-19	0	2.5	21.5	6.5
1983-11-20	0	3.9	24	3.5
1983-11-21	0.2	3	25	5
1983-11-22	0	4.4	26.5	8.5
1983-11-23	29	7.8	28	10
1983-11-24	0.2	2.8	17.5	5
1983-11-25	0	3	20	7
1983-11-26	0	3.6	24	8
1983-11-27	0	3.6	25	10.5
1983-11-28	0	4.4	25	8
1983-11-29	0	2.8	14	10
1983-11-30	0	2.4	22.5	7.5
1983-12-01	0	4.4	26	9
1983-12-02	0	2.4	28	10
1983-12-03	0	3.7	24	9
1983-12-04	0	2.6	22.5	8
1983-12-05	0	3.8	24	9.5
1983-12-06	0.7	2.4	15.5	7
1983-12-07	0	3	19	8
1983-12-08	0	2.4	22	5
1983-12-09	0	2.9	24	5
1983-12-10	0	5.6	24	3.5
1983-12-11	0	3	23	4
1983-12-12	0	4.2	19.5	1
1983-12-13	0	3.3	26.5	4
1983-12-14	0	5	27	8.5
1983-12-15	0	2.3	15.5	5.5
1983-12-16	1	2.7	24.5	3
1983-12-17	0	1.1	12	5.5
1983-12-18	0	2.7	21	4
1983-12-19	0	2.6	20	5.5
1983-12-20	0	2.2	22.5	6
1983-12-21	0	4.9	26	5.5
1983-12-22	0	3.8	19.5	3
1983-12-23	0	3.4	25	3
1983-12-24	0	1.7	11	2
1983-12-25	0	2.5	24	0.5
1983-12-26	0	5.2	26	2
1983-12-27	0	3.6	25.5	7
1983-12-28	0	4.1	27	7
1983-12-29	0	3.7	17	3
1983-12-30	0	1.7	14	-4
1983-12-31	0	1.6	12	0
1984-01-01	0.01	3.9	19	-2
1984-01-02	1	2	11.5	-2
1984-01-03	0.8	1.5	10.5	5
1984-01-04	0	1.4	13	3
1984-01-05	0	1.6	22	3.5
1984-01-06	0	3.2	26	1.5
1984-01-07	0	3.5	21.5	3
1984-01-08	0.2	4.4	25	5
1984-01-09	0	3.8	26	6
1984-01-10	1	1.1	9	7
1984-01-11	6	1.3	9	1
1984-01-12	0	2.3	19.5	1.5
1984-01-13	0	1.4	12.5	2.5
1984-01-14	0	3.9	22	6.5
1984-01-15	0	4.6	22	2
1984-01-16	0	3.9	26	3
1984-01-17	0	5.5	25.5	6
1984-01-18	0	4.6	22.5	8
1984-01-19	0.01	2.5	19.5	4.5
1984-01-20	0	3.3	26	2
1984-01-21	0	1.6	18	3
1984-01-22	0	3.4	23	2.5
1984-01-23	0	4.2	24	7
1984-01-24	0	5	23.5	4
1984-01-25	0	1.4	19	4
1984-01-26	0	4.1	23	6.5
1984-01-27	0	3.9	23	2
1984-01-28	0	4.7	24	2.5
1984-01-29	0	3.2	22	1
1984-01-30	1.7	4.6	22	3.5
1984-01-31	0	2.4	16	8
1984-02-01	0	4.3	17	7.5
1984-02-02	0	2.4	24	4
1984-02-03	0	4.9	26	3
1984-02-04	0	4	24.5	4
1984-02-05	3.4	1.8	10	5
1984-02-06	5.5	1.9	16.5	4
1984-02-07	1.5	1.8	15	2.5
1984-02-08	11.4	1.4	16.5	4
1984-02-09	18.8	2.9	19	3
1984-02-10	0	3.2	22	5.5
1984-02-11	0	3.4	24.5	5
1984-02-12	0	4	24	7
1984-02-13	0	5.4	22	7
1984-02-14	0	4.8	23	2
1984-02-15	0	3.5	27	7
1984-02-16	0	5.5	22	4.5
1984-02-17	0	5.3	24	2
1984-02-18	2	4.3	26	4.5
1984-02-19	6	5.1	26	8
1984-02-20	0.2	3	23	7
1984-02-21	0	4.4	26	4
1984-02-22	0	3.7	24.5	7.5
1984-02-23	0	6.7	27	7
1984-02-24	0	4.1	24	6
1984-02-25	0	4.7	21.5	2.5
1984-02-26	0	6	28.5	2.5
1984-02-27	0	4.2	13.5	4
1984-02-28	0	2.6	14.4	1
1984-02-29	0	1.9	18	1.5
1984-03-01	0	3.6	20	5.5
1984-03-02	0	5.1	24	7
1984-03-03	0	5.2	26.5	5.5
1984-03-04	0	7.5	29	8
1984-03-05	0	4.9	26	8.5
1984-03-06	0	3.5	21.5	10
1984-03-07	0	3.8	22	8
1984-03-08	0	6.6	26	1
1984-03-09	0	4.7	26.5	4
1984-03-10	0	5.9	28	5.5
1984-03-11	0	3.9	29.5	8
1984-03-12	0.7	3.8	28	6.5
1984-03-13	0	3.9	22.5	7
1984-03-14	0.6	3.8	22.5	8
1984-03-15	0	4.7	26	7
1984-03-16	0.01	6.4	23	4.5
1984-03-17	0	4.3	24	5
1984-03-18	0	7.8	29	3
1984-03-19	0	7	29.5	6.5
1984-03-20	0	4.2	15.5	6
1984-03-21	0	3.2	25	5
1984-03-22	0	6.4	30	8
1984-03-23	0	6.7	28.5	9
1984-03-24	0	6.6	26.5	6
1984-03-25	0	6.1	28	5
1984-03-26	0	7	22	7.5
1984-03-27	0	7.8	32.5	10
1984-03-28	0	7.6	29	11.5
1984-03-29	0	5.3	28	3.5
1984-03-30	0	6.2	28	7
1984-03-31	0	8	31	10.5
1984-04-01	0.2	7.1	29	6.5
1984-04-02	0	8.1	31	11
1984-04-03	0	7.5	31	10.5
1984-04-04	0	4.7	29	8
1984-04-05	0	5.9	29	11
1984-04-06	0	6	31.5	6.5
1984-04-07	0	10.5	33.5	9.5
1984-04-08	0	7.3	28	11
1984-04-09	0	9.2	28	6.5
1984-04-10	0	6.7	30.5	10
1984-04-11	0	9.2	31	8
1984-04-12	0	7.8	33	10
1984-04-13	0	6.5	30	6.5
1984-04-14	0.2	4.9	31	5
1984-04-15	0.3	6.3	25	8
1984-04-16	0	5	19	7
1984-04-17	0	2.3	21.5	2
1984-04-18	0	5.8	29.5	3.5
1984-04-19	0	8	31	11
1984-04-20	0	8.6	32	11
1984-04-21	0	6.7	32	12
1984-04-22	0	6.3	28.5	10.5
1984-04-23	0	4.9	25	7.5
1984-04-24	0	8.1	31	7
1984-04-25	0	8.7	33.5	11
1984-04-26	0	10.2	34	12.5
1984-04-27	0	9	32.5	12
1984-04-28	0	10.5	31	13
1984-04-29	0	9.8	31	14
1984-04-30	0	8.7	29	9.5
1984-05-01	0	6.8	30.5	11
1984-05-02	0.3	7.7	33.5	12
1984-05-03	0	6.8	33	12
1984-05-04	0	8.6	30	10
1984-05-05	0.5	6.7	31.5	10
1984-05-06	0	5.4	31	14
1984-05-07	0	8.8	31	13.5
1984-05-08	11.5	1.7	16	9.5
1984-05-09	0	2	17	7.5
1984-05-10	0	6	24	4.5
1984-05-11	0	5.3	25	6
1984-05-12	0.8	2	20	9
1984-05-13	12	4.6	20	7.5
1984-05-14	0	3.6	18.5	9
1984-05-15	0	2.5	21	9
1984-05-16	0.2	5.4	23	5
1984-05-17	0.3	4.7	22.5	9
1984-05-18	1.9	4	21.5	10
1984-05-19	0	4.6	26	11.5
1984-05-20	2	3.5	26	12
1984-05-21	0	4.3	28	12
1984-05-22	0	4.9	28	7
1984-05-23	1	4.9	28	6
1984-05-24	1.5	3.5	22	10
1984-05-25	0	6.4	26.5	7
1984-05-26	0	5.4	22.5	8.5
1984-05-27	0	6	23	10
1984-05-28	18.5	4.1	19	10.5
1984-05-29	7	2.3	16	11.5
1984-05-30	2.2	1.1	14.5	7
1984-05-31	0	2.8	17.5	6
1984-06-01	0	5.8	21	4
1984-06-02	0	4.7	27	4
1984-06-03	0.4	4.8	25	6
1984-06-04	1	5	25.5	12
1984-06-05	4.5	3.4	24	11.5
1984-06-06	0	4.8	26	12
1984-06-07	0	3.8	26	12
1984-06-08	0	6.1	25.5	10
1984-06-09	0	4.1	24	11
1984-06-10	0	3.8	22	9
1984-06-11	0	5.3	22.5	11.5
1984-06-12	11.2	3.4	20.5	12
1984-06-13	4.4	2.1	18.5	12
1984-06-14	6.8	2.5	17	11.5
1984-06-15	1.7	2.1	19.5	11.5
1984-06-16	0.4	4	19.5	10
1984-06-17	0.4	3.7	20	11
1984-06-18	6.3	5	22	8.5
1984-06-19	2.9	6	21	12
1984-06-20	1.7	6.9	21	10
1984-06-21	0.2	5.5	20.5	12.5
1984-06-22	0.2	3.6	22	11
1984-06-23	0	4.4	25	10
1984-06-24	0	3.2	22.5	9
1984-06-25	0	6.1	22.5	9
1984-06-26	0	6	23.5	8.5
1984-06-27	0	6.1	25	10
1984-06-28	0	6.2	27	7.5
1984-06-29	0	3	25.5	10.5
1984-06-30	0	6.2	26	11
1984-07-01	1.6	3.4	26	13
1984-07-02	0	1.9	21	13
1984-07-03	3.9	4.1	21	12
1984-07-04	0	3.9	20.5	11
1984-07-05	0	4.6	22	13
1984-07-06	0.4	3	20	10.5
1984-07-07	21	5.4	19	9.5
1984-07-08	6.5	2.1	19	12
1984-07-09	11	2.5	18	11.5
1984-07-10	4	2.6	19	12.5
1984-07-11	31.2	3.5	20	13
1984-07-12	14.7	1.2	17	12
1984-07-13	7	3.2	18	12
1984-07-14	2.5	1.4	17	12.5
1984-07-15	0	3.9	20.5	10
1984-07-16	0	3.2	21.5	11
1984-07-17	0.5	5.1	24	11.5
1984-07-18	2.3	7	21	10
1984-07-19	0	5.6	20.5	9
1984-07-20	0	6.9	21.5	9
1984-07-21	1	4.8	21	8
1984-07-22	1.2	6.1	21	10
1984-07-23	0.5	5.5	20	6.5
1984-07-24	6.5	5.4	20	9
1984-07-25	8.5	3.5	19	12
1984-07-26	7	3	18	12
1984-07-27	0.3	4.5	22	9
1984-07-28	1	4.8	21	9
1984-07-29	8.4	1.6	19	9
1984-07-30	26	3.4	21	8
1984-07-31	0	6.1	21	9.5
1984-08-01	2.8	2.5	22.5	9
1984-08-02	0.4	4.6	21	9.5
1984-08-03	7.4	3.5	22	11
1984-08-04	2	2.7	18	11.5
1984-08-05	2.6	4.4	18.5	9
1984-08-06	2.3	2.1	19	11
1984-08-07	0.3	2.1	20	10
1984-08-08	3	2.8	21	12
1984-08-09	0	2.6	21	10.5
1984-08-10	0.7	3.8	21	11
1984-08-11	0	5.1	21	6.5
1984-08-12	2.9	5.6	21	10
1984-08-13	0.8	5.8	20.5	11
1984-08-14	2.5	2.6	19	10
1984-08-15	0	1.7	17	12
1984-08-16	0	3.6	19	9.5
1984-08-17	0	5.8	20	12
1984-08-18	0	2.6	21.5	12
1984-08-19	0	6.4	22.5	7
1984-08-20	0	4.4	22.5	5.5
1984-08-21	4	5	28	7.5
1984-08-22	6.7	3.4	21	11
1984-08-23	1.8	2.1	20.5	12.5
1984-08-24	2	4	22	13
1984-08-25	2.5	3.4	21	9
1984-08-26	7	1.9	18.5	7
1984-08-27	16.1	5.2	20	12
1984-08-28	0.9	5	19.5	10
1984-08-29	0	4.1	21	7.5
1984-08-30	0	5.2	21	8
1984-08-31	0	5.5	21.5	7
1984-09-01	0	3.5	20	7.5
1984-09-02	0.6	5.1	22	8
1984-09-03	21.2	4	23.5	11.5
1984-09-04	29	1.3	17	13.5
1984-09-05	16.7	1	16	12.5
1984-09-06	19.3	0.7	16.5	12
1984-09-07	4.8	0.8	17	13
1984-09-08	1.1	2	20.5	13.5
1984-09-09	0	3.1	20	12
1984-09-10	3	3	19	11
1984-09-11	9.7	1.4	17	11
1984-09-12	22.3	1.5	16	11
1984-09-13	11.1	1	16	11
1984-09-14	16.4	1.2	16.5	12
1984-09-15	10	1.3	16	12
1984-09-16	9	0.8	15	11
1984-09-17	4.5	1	16	11.5
1984-09-18	0.2	1.5	18	11.5
1984-09-19	0	1.6	17.5	10
1984-09-20	0.3	2.5	19	6.5
1984-09-21	0	3.7	19	11
1984-09-22	1	3.4	20.5	10.5
1984-09-23	0	3.4	22	11.5
1984-09-24	17.5	5.8	22	9
1984-09-25	4	3.1	19	13
1984-09-26	3	1.1	18	11
1984-09-27	1	2.1	19	9
1984-09-28	1.5	2.7	16	6.5
1984-09-29	2.2	3.8	19	9.5
1984-09-30	0.7	2	18	10.5
1984-10-01	0	2.7	18	11
1984-10-02	0	4.5	17.5	10
1984-10-03	0	4	19.5	10
1984-10-04	0	3.3	24	8.5
1984-10-05	0	4.3	25	8.5
1984-10-06	0	4	22.5	7
1984-10-07	0	4.6	21.5	8.5
1984-10-08	0	5	20	11
1984-10-09	0	5.6	20	7
1984-10-10	0	4.5	19.5	7.5
1984-10-11	0	4.3	19.5	7
1984-10-12	0	4.4	20	8
1984-10-13	0	5.9	25	5.5
1984-10-14	0	5.6	25.5	8
1984-10-15	0	3.8	28	9
1984-10-16	0	5.4	27	9.5
1984-10-17	0	5	25	9
1984-10-18	0	3.9	28.5	11
1984-10-19	0	4.3	28.5	9.5
1984-10-20	0	4.3	29	10.5
1984-10-21	0	5.7	27	11
1984-10-22	0	4.7	27	10
1984-10-23	11.5	4.9	22	11
1984-10-24	0.2	3.8	19.5	11
1984-10-25	0	3.9	23	9
1984-10-26	0	3.8	21	10
1984-10-27	0	4.7	22	7
1984-10-28	0	3.6	24	5
1984-10-29	1.5	2.9	19.5	9
1984-10-30	6.8	1.9	17.5	12.5
1984-10-31	0.3	2.7	19	12
1984-11-01	0	4.2	20.5	9.5
1984-11-02	0	3.6	20	7
1984-11-03	0.7	4	27.5	7
1984-11-04	0	4.2	27.5	9
1984-11-05	0	3.8	19	7.5
1984-11-06	0	2.1	16	4.5
1984-11-07	0	3.9	22.5	4
1984-11-08	0	4.9	25.5	3.5
1984-11-09	0	4.8	27	-1
1984-11-10	0	4	25	0.5
1984-11-11	0	6	18	5
1984-11-12	0.5	1.7	19.5	1
1984-11-13	0	2.1	16	5
1984-11-14	0	4.8	18.5	1.5
1984-11-15	0.3	3.7	21	-1
1984-11-16	0	3.8	17.5	3
1984-11-17	0	3	25.5	2.5
1984-11-18	0	4.3	27	5
1984-11-19	0.5	2.1	18	5
1984-11-20	0.2	2.3	17	9
1984-11-21	0.8	4	16	7
1984-11-22	4	1.1	13	7
1984-11-23	0	1.1	11.5	6
1984-11-24	0	1.2	24	0.5
1984-11-25	0	2.6	26	5.5
1984-11-26	0	3.9	29	5.5
1984-11-27	0	4.1	22	8
1984-11-28	0	3.7	27	4
1984-11-29	5	3.2	25.5	4.5
1984-11-30	0	1.6	21.5	8.5
1984-12-01	0	4.2	24	6
1984-12-02	0	2.8	23	7
1984-12-03	0	3.9	19	7.5
1984-12-04	0	3.9	26	6.5
1984-12-05	0	1.8	22	6
1984-12-06	0	2.6	11	7
1984-12-07	0	1.4	9	4
1984-12-08	0	2.4	18.5	4.5
1984-12-09	0	3.6	22	0
1984-12-10	0	4.3	20.5	-4
1984-12-11	0	3.5	28	-4
1984-12-12	0	5.1	24.5	2
1984-12-13	0	6.2	27.5	7.5
1984-12-14	0	4	22.5	3
1984-12-15	0	3.5	23	5
1984-12-16	0	3.6	23	2.5
1984-12-17	0	3.3	18	8.5
1984-12-18	0.6	3.1	18	4
1984-12-19	0	3	17.5	5
1984-12-20	0	3.2	18.5	-2
1984-12-21	0	3.7	26	1
1984-12-22	0	3.2	21	1
1984-12-23	0	4	13	4
1984-12-24	0	2.1	18	-4
1984-12-25	1.2	3	16	6
1984-12-26	3	1.9	15	6
1984-12-27	0.5	1.7	14.5	4
1984-12-28	0	3.1	17	9.5
1984-12-29	0	3	21	3.5
1984-12-30	0	4.3	22	4
1984-12-31	0	2.3	26	5
1985-01-01	0	3.5	23	5.5
1985-01-02	0	3.4	18	7
1985-01-03	0	3.1	16.5	0.5
1985-01-04	0	2.2	14	1
1985-01-05	0	2	10	-3.5
1985-01-06	0	5.7	17	-5
1985-01-07	0	3.9	20	-3
1985-01-08	0	2.4	23	-3
1985-01-09	0	3.6	26.5	0.5
1985-01-10	0	2.9	23	3.5
1985-01-11	0	3.2	14	7.5
1985-01-12	0	1.9	15.5	8
1985-01-13	0	3.1	24	5.5
1985-01-14	0	3.6	22.5	3
1985-01-15	2.7	3.3	23	3
1985-01-16	0	3.8	23	4
1985-01-17	0	2	24.5	5
1985-01-18	0	3.3	25.5	6
1985-01-19	0	4.7	24	3
1985-01-20	0.4	1.1	18.5	6
1985-01-21	0	2.4	18	1
1985-01-22	0	2.9	24	1.5
1985-01-23	1.3	3.5	26	4.5
1985-01-24	0	4.1	25	7
1985-01-25	0	4.6	25	6
1985-01-26	0	3.4	17	6
1985-01-27	0	4.4	28	3.5
1985-01-28	0	4.6	26	3
1985-01-29	0	5.3	27	2.5
1985-01-30	0	3.3	26	7
1985-01-31	0	6.8	26.5	5
1985-02-01	0	8.7	28	7
1985-02-02	0	4.6	28	7
1985-02-03	0	6.7	27	8.5
1985-02-04	0	6	27	6.5
1985-02-05	0	6.6	29	5
1985-02-06	0	4.6	24	6
1985-02-07	0	3.6	25	2.5
1985-02-08	0	2	12.5	0.5
1985-02-09	0	7.3	29	3
1985-02-10	0	6.5	28	5
1985-02-11	0	1.4	15	4
1985-02-12	0	2.8	18.5	1
1985-02-13	0	4.1	25	0
1985-02-14	0	1.6	16.5	2
1985-02-15	0	2.9	16	5
1985-02-16	0	5.1	26	-2
1985-02-17	0	3.6	22.5	-5
1985-02-18	0	3.5	21	6
1985-02-19	0	4.2	18	4
1985-02-20	0	3.1	21	7
1985-02-21	0	4.5	24.5	8
1985-02-22	0	5	25	4.5
1985-02-23	0	5.6	26	7
1985-02-24	0	4.1	23.5	5.5
1985-02-25	0	3.5	18	8
1985-02-26	0	4	24	7
1985-02-27	3	2.1	16	8
1985-02-28	0	3.4	17	9
1985-03-01	0	5.7	24	7.5
1985-03-02	0	6.8	26.5	2
1985-03-03	0	6.4	28	2
1985-03-04	0	5.9	27	7
1985-03-05	2.1	3.6	18	9
1985-03-06	0.2	2.9	15	9.5
1985-03-07	0	2.9	16	5.5
1985-03-08	0.5	3.1	16.5	6
1985-03-09	0.2	2	15	8
1985-03-10	0	2.4	17	9
1985-03-11	0	6.9	27	4
1985-03-12	0	5.5	26	1.5
1985-03-13	4	4	26.5	5.5
1985-03-14	0.6	3.4	20.5	7
1985-03-15	2.5	4.4	18	10
1985-03-16	0	4.5	25.5	7
1985-03-17	0	5.5	15	10
1985-03-18	0	5.6	27	7
1985-03-19	0	5.4	30	5
1985-03-20	0	5.8	31	10
1985-03-21	0	3.7	23	10
1985-03-22	0	7	31.5	5
1985-03-23	0	3.9	29	8.5
1985-03-24	0	4.6	27	8
1985-03-25	0	3.9	23.5	9
1985-03-26	0	3.9	21.5	7
1985-03-27	0	6.5	28	8
1985-03-28	0	5.2	29	10
1985-03-29	3.5	5.3	31.5	9
1985-03-30	0	5.5	31	8
1985-03-31	0	4	31	9
1985-04-01	0.7	6	27.5	4.5
1985-04-02	0.2	3.5	16	7.5
1985-04-03	0	6.4	24	0.5
1985-04-04	0.7	4.5	30	5
1985-04-05	1	5.1	28.5	9.5
1985-04-06	0.3	6.6	24	7.5
1985-04-07	3.1	3.6	24.5	10
1985-04-08	8.9	2.6	19	10.5
1985-04-09	2.2	3.5	16.5	9
1985-04-10	2	3	18.5	10
1985-04-11	0	3	20	9
1985-04-12	3	2.6	20.5	10
1985-04-13	2.2	3.6	18	7.5
1985-04-14	1.4	2.7	18	9
1985-04-15	0	1	21	9
1985-04-16	4.2	3.9	23.5	8
1985-04-17	0	3.9	20	6
1985-04-18	0	4.6	12	9
1985-04-19	5	3.4	27	8
1985-04-20	10.9	5.2	24	8
1985-04-21	5.8	5.7	27	9.5
1985-04-22	2.8	4.6	26	10
1985-04-23	1	4.3	28	10
1985-04-24	5.7	5.5	23	12
1985-04-25	0	5.6	25	10
1985-04-26	0	5.7	31	10
1985-04-27	0	6.1	27	11
1985-04-28	0.2	4.6	28	10
1985-04-29	0	6.8	26.5	12
1985-04-30	0	5.4	25	7
1985-05-01	0	7.4	24.5	7
1985-05-02	12.8	5.1	22	8
1985-05-03	0	2.6	17	8.5
1985-05-04	0	3.4	18.5	7.5
1985-05-05	0	3.4	24	8
1985-05-06	0	5.2	21.5	8
1985-05-07	0	4.9	25	8
1985-05-08	0	5.5	22	7
1985-05-09	0	6.3	23	11
1985-05-10	0	5.5	28	7.5
1985-05-11	0	5.6	31	7.5
1985-05-12	0	7	30	9
1985-05-13	0	7.1	33	7.5
1985-05-14	0	5.4	30.5	11
1985-05-15	0	5.4	25	13.5
1985-05-16	0	5	23.5	10.5
1985-05-17	7	3.1	26	12.5
1985-05-18	7.9	5.9	26	11
1985-05-19	0	3.4	24.5	12
1985-05-20	43.2	6.5	28	12
1985-05-21	0	3.7	26.5	9
1985-05-22	0	4.3	26	10.5
1985-05-23	0	5.2	25	8
1985-05-24	0	5.6	24.5	10.5
1985-05-25	0	6.1	25	11
1985-05-26	0	4.7	24.5	8
1985-05-27	0	6.2	26	7.5
1985-05-28	0	4.9	28	3
1985-05-29	0	6.2	25.5	9
1985-05-30	0	5.8	27	4
1985-05-31	0	5.5	25	5.5
1985-06-01	0	6	NULO	NULO
1985-06-02	0	5.2	23	8
1985-06-03	2.7	3.3	23	13
1985-06-04	2.1	2.9	22	13
1985-06-05	0	4.1	25	11
1985-06-06	0.4	6.2	24.5	12.5
1985-06-07	0	6.1	23	10
1985-06-08	0	5.2	23	5
1985-06-09	0	5.3	24	9
1985-06-10	0	4.4	28	8
1985-06-11	0	4.3	27	9
1985-06-12	0.3	4.6	23	12
1985-06-13	0	3.4	23	12
1985-06-14	0	3.4	23	13
1985-06-15	3.8	2.7	23	12
1985-06-16	5.5	1.1	23	11.5
1985-06-17	7.7	1.6	21	12
1985-06-18	2	4.4	21.5	12
1985-06-19	9.5	2.7	21	13.5
1985-06-20	2.6	2.2	22.5	13
1985-06-21	5.1	1.9	24	13
1985-06-22	1.2	4.9	22	12.5
1985-06-23	0	5.1	21	11
1985-06-24	2.5	4.8	22	12.5
1985-06-25	0.2	4.5	21	12
1985-06-26	0.2	6.5	21	9.5
1985-06-27	4.1	4.6	21.5	10.5
1985-06-28	12.7	4.7	21.5	11.5
1985-06-29	5.2	3.4	18	12
1985-06-30	0.4	0.4	17	11
1985-07-01	0.2	2.59	16.5	10
1985-07-02	0.2	1.46	16	11
1985-07-03	0	3.38	22	8.5
1985-07-04	12.7	4.58	26.5	9
1985-07-05	5.6	4.38	23	12
1985-07-06	0	2.23	20	11
1985-07-07	6.5	4.09	21	9.5
1985-07-08	0.01	2.33	19	11
1985-07-09	0.01	4.27	22	9
1985-07-10	0.01	6.38	22	7
1985-07-11	0.01	5.08	21	5.5
1985-07-12	0.01	4.33	22	10.5
1985-07-13	20.2	3.38	19.5	8.5
1985-07-14	15.6	1.2	15.5	12
1985-07-15	12.3	1.49	17.5	12.5
1985-07-16	1.6	3.83	19	11.5
1985-07-17	2	5.06	21	9
1985-07-18	0.01	4.87	21	8
1985-07-19	1.6	4.87	22	8.5
1985-07-20	1.2	4.71	21	8
1985-07-21	0	5.08	22	11
1985-07-22	0	2.56	25	12
1985-07-23	0	2.95	25	12
1985-07-24	0	2.97	24.5	13
1985-07-25	0	4.49	23	14
1985-07-26	3	5.32	21	11.5
1985-07-27	4.2	3.29	19	10
1985-07-28	7.5	4.12	20	11
1985-07-29	14.2	2.96	20	9
1985-07-30	8.7	1.75	19.5	12.5
1985-07-31	0.6	3.74	20	11.5
1985-08-01	6	4.6	20	7
1985-08-02	3	4.3	20.5	10
1985-08-03	0	5.2	21	8
1985-08-04	0	5	22	8
1985-08-05	0	4.9	22.5	8
1985-08-06	0	5.1	24	9
1985-08-07	0	5.5	24	10
1985-08-08	0	5.2	25.5	7
1985-08-09	0	5.1	23.5	9.5
1985-08-10	0	5.5	25	10
1985-08-11	0	5.6	23	9.5
1985-08-12	0	5.1	25	7.5
1985-08-13	0	4.4	24	6
1985-08-14	0	6.3	25	9.5
1985-08-15	5.3	2.2	23	10
1985-08-16	4.2	6.5	22	12
1985-08-17	5	3.6	22	11
1985-08-18	4.6	4.6	21	9.5
1985-08-19	0	6.3	21	9.5
1985-08-20	0.8	4.2	21.5	7.5
1985-08-21	18	6.1	21	8
1985-08-22	1	4.2	21	9
1985-08-23	12.2	3	19	12
1985-08-24	10.7	2.4	18.5	12
1985-08-25	6.9	3	19.5	11
1985-08-26	17.7	3.2	19	10.5
1985-08-27	4.2	1.7	18.5	11
1985-08-28	10.1	2.1	19	10
1985-08-29	2.5	3.8	19	10
1985-08-30	0.2	5.1	20	10
1985-08-31	0	7.2	21	10
1985-09-01	0.01	4.65	21	6.5
1985-09-02	0	5.09	21.5	8.5
1985-09-03	0	4.74	24.5	9.5
1985-09-04	0.01	3.08	24.5	10.5
1985-09-05	0.01	5.69	23.5	11
1985-09-06	7.3	5.27	21	9.5
1985-09-07	0.8	4.55	20.5	13
1985-09-08	0.01	4.35	20	7.5
1985-09-09	0.01	5.03	21.5	7
1985-09-10	0.01	4.68	21	7
1985-09-11	1.7	4.65	21.5	10
1985-09-12	1.2	4.48	21	9.5
1985-09-13	6.4	2.31	20.5	9
1985-09-14	12.3	2.47	19	10.5
1985-09-15	5.2	1.37	19	11
1985-09-16	0.4	2.49	19	11.5
1985-09-17	0	4.55	21	10
1985-09-18	0.2	3.65	21	10.5
1985-09-19	3.4	5.66	22	9
1985-09-20	5	3.42	21	12
1985-09-21	0.3	4.27	21.5	9
1985-09-22	0	3.26	23	9
1985-09-23	0.01	4.27	25	8
1985-09-24	0.01	4.45	22	9
1985-09-25	0.01	3.91	24	7
1985-09-26	0.01	3.37	22.5	5
1985-09-27	1	3.83	22	7
1985-09-28	0	4.98	23	10
1985-09-29	6.8	2.78	25	12.5
1985-09-30	3.5	1.93	22	12
1985-10-01	0	3.5	19.5	11
1985-10-02	0	4.1	20	11.5
1985-10-03	0	4.3	21	6.5
1985-10-04	21.8	3.9	22	9.5
1985-10-05	10	1.5	16.5	11.5
1985-10-06	0	1.3	15.5	11
1985-10-07	0	2	22	9
1985-10-08	0	5.2	25	7.5
1985-10-09	0	3.6	24	10.5
1985-10-10	2	3.5	22.5	9.5
1985-10-11	0	3.7	22	5
1985-10-12	0	4.1	24	8.5
1985-10-13	0	4.3	26	8.5
1985-10-14	0	4.2	24	7
1985-10-15	2.5	4.9	22	10
1985-10-16	1.3	2.9	18	10
1985-10-17	0	2.8	20	8
1985-10-18	0	3.3	21.5	11
1985-10-19	6.9	4.4	21	11
1985-10-20	2.2	3.3	19	10
1985-10-21	0	3.6	19.5	8
1985-10-22	0	3	22	12.5
1985-10-23	0	4.5	21	5.5
1985-10-24	0.6	3.4	22.5	7
1985-10-25	0	2.1	18	9
1985-10-26	0	3.2	25	7.5
1985-10-27	0.2	3	24	8
1985-10-28	0	2.6	26	4.5
1985-10-29	0	4.1	26	6
1985-10-30	0	5.1	24	4
1985-10-31	0	4.1	27	3
1985-11-01	0	4.9	28.5	10
1985-11-02	0	3.9	24	6
1985-11-03	0	3.4	21	3
1985-11-04	0	3.3	18.5	5.5
1985-11-05	0	3.8	25	1
1985-11-06	0	3.4	26	1
1985-11-07	0	4.2	24	2.5
1985-11-08	0	3.3	19.5	3.5
1985-11-09	0	4.4	26	5
1985-11-10	0	4	26.5	6.5
1985-11-11	0	4.1	23.5	5
1985-11-12	0	4.5	22	10
1985-11-13	0	5.2	20	6
1985-11-14	0	3.2	24	4
1985-11-15	0	3.2	24	3
1985-11-16	0	2.9	20	7.5
1985-11-17	0	4	21	7.5
1985-11-18	0	4.3	23	4
1985-11-19	0.5	3.8	23	4.5
1985-11-20	3	3.1	19	8
1985-11-21	0	3.6	24	5
1985-11-22	0	4.6	23	5.5
1985-11-23	0	4.7	25	3
1985-11-24	0	3.7	27.5	2
1985-11-25	0	5.3	23.5	2
1985-11-26	0	3.8	25.5	4.5
1985-11-27	1	4.4	27.5	6
1985-11-28	1.5	2.6	23.5	9.5
1985-11-29	0	3.4	25	4.5
1985-11-30	0	5.8	25.5	5
1985-12-01	0	2.8	25	5.5
1985-12-02	1.8	0.7	13	9
1985-12-03	0	3.5	16	8
1985-12-04	5.6	3.4	20.5	8
1985-12-05	4.5	1.5	11	8
1985-12-06	0	3.3	15.5	4.5
1985-12-07	0	3.8	25	6
1985-12-08	0	3.5	22.5	2
1985-12-09	0	3.6	24	2.5
1985-12-10	0	4.6	26	4.5
1985-12-11	0	4.7	25.5	4.5
1985-12-12	0.3	5.6	29	3.5
1985-12-13	0	2.7	27.5	6
1985-12-14	0	1.9	20	2
1985-12-15	0	1.7	23	0.5
1985-12-16	0	3.9	20	1
1985-12-17	0	2.4	18.5	8.5
1985-12-18	0.2	2.7	16	4
1985-12-19	0	3.7	13	6
1985-12-20	0	0.2	15.5	7.5
1985-12-21	0.8	1	15	8.5
1985-12-22	0	2.8	20	9
1985-12-23	0	2	18	8.5
1985-12-24	0	1.5	22.5	3.5
1985-12-25	0	1.8	13.5	6.5
1985-12-26	0	2.9	17	6
1985-12-27	0	2.3	25	5.5
1985-12-28	0	3.6	27	3.5
1985-12-29	0	3.6	26	3
1985-12-30	0	3.5	27	0
1985-12-31	0	4	25	2
1986-01-01	0	3.9	26.5	1
1986-01-02	0	4.1	26.5	0
1986-01-03	0	3.4	23.5	0
1986-01-04	0.2	3.1	27	2
1986-01-05	0	2	21.5	7
1986-01-06	0	3.9	24.5	4
1986-01-07	0	3.6	23.5	3
1986-01-08	0	2.6	14.5	6.5
1986-01-09	0.2	3.1	20.5	5
1986-01-10	0	2.4	14.5	1
1986-01-11	0	1.8	13	0
1986-01-12	0	2.3	13.5	-4
1986-01-13	0	3.8	13	-6.5
1986-01-14	0	2.5	14.5	-7
1986-01-15	0.01	3.3	19.5	-0.5
1986-01-16	0	3.2	25	-4
1986-01-17	0	2.7	18.5	-1.5
1986-01-18	0	3.1	19.5	-0.5
1986-01-19	0.01	4.2	17	-3
1986-01-20	0	4.2	19	-3.5
1986-01-21	0	3	26	0
1986-01-22	0	5.2	21.5	1
1986-01-23	0.01	2.9	16	3
1986-01-24	0	4.1	27	2.5
1986-01-25	2	4.1	26.5	3
1986-01-26	0.01	1.3	16	3
1986-01-27	0.01	3.2	14	-6
1986-01-28	0	3.8	24	-5
1986-01-29	0	4.7	24	-1
1986-01-30	0	3.4	20.5	3
1986-01-31	0	3.6	26.5	-2
1986-02-01	0	4.1	23	2
1986-02-02	0	3.7	25	0.5
1986-02-03	0	1	17.5	3
1986-02-04	0	3.5	23.5	7
1986-02-05	0	4.3	27.5	7
1986-02-06	0	3	24.5	0
1986-02-07	0	4	30	4.5
1986-02-08	0	3.5	25.5	4
1986-02-09	0	7.7	29	5
1986-02-10	0	5.5	31	6.5
1986-02-11	0	3.8	22.5	4.5
1986-02-12	0	3	15.5	6.5
1986-02-13	0	2.9	17.5	8
1986-02-14	0	3.2	24	6
1986-02-15	0	5.4	23	1
1986-02-16	0	5.5	30	1.5
1986-02-17	0	5.7	30.5	7
1986-02-18	0	4.5	30.5	2.5
1986-02-19	0	6.9	31.5	0
1986-02-20	0	5.8	27.5	0.5
1986-02-21	0	5.4	30	3
1986-02-22	0.4	3.3	25.5	6
1986-02-23	0	4.3	23.5	8.5
1986-02-24	0.01	3.8	24	2.5
1986-02-25	0	3.5	20	-2
1986-02-26	0	5.9	26	1
1986-02-27	0	5.9	30.5	1
1986-02-28	0	3	21.5	5.5
1986-03-01	0	4.5	16.5	4
1986-03-02	0	5.4	29.5	1.5
1986-03-03	0	6.2	30.5	5
1986-03-04	0	1.7	15	5
1986-03-05	0	5.7	28	6.5
1986-03-06	0.01	3.7	23.5	6
1986-03-07	0	5.9	25.5	8
1986-03-08	0	5.6	28	5
1986-03-09	0	5.1	28.5	2.5
1986-03-10	0	7.7	28	4
1986-03-11	0	6.5	34	6.5
1986-03-12	0	5.7	31	8
1986-03-13	0	4.9	31.5	6.5
1986-03-14	0	5.2	31.5	6
1986-03-15	0	7.7	29	7
1986-03-16	0	5.3	21.5	7
1986-03-17	0	8.7	31.5	4
1986-03-18	0	8.1	34	10
1986-03-19	0	5.2	30.5	7.5
1986-03-20	0	2.1	28	3
1986-03-21	0	2.4	28	2
1986-03-22	0	2.9	11.5	-4
1986-03-23	0	3.4	12	-5
1986-03-24	0	4.5	14	3.5
1986-03-25	0	4.1	16.5	4
1986-03-26	0	5	18	0.5
1986-03-27	1	2.2	16	3
1986-03-28	0.2	0.7	13.5	5.5
1986-03-29	0.01	5.1	18.5	4
1986-03-30	0	5.8	27	3
1986-03-31	0	5.7	23	3
1986-04-01	0	9.1	26	3.5
1986-04-02	0	8.8	33	4
1986-04-03	0	7.7	34.5	11
1986-04-04	0	9.2	31.5	10.5
1986-04-05	0	4	31	7
1986-04-06	0	5.2	23.5	10.5
1986-04-07	0.01	6.5	25	9
1986-04-08	0	8	28	4
1986-04-09	0	5.9	25	3
1986-04-10	0	4.2	27	9.5
1986-04-11	0	5.1	32	5.5
1986-04-12	0	6.8	32.5	8
1986-04-13	0	5	30.5	7.5
1986-04-14	0	7	31	8
1986-04-15	0	6.1	25	9.5
1986-04-16	0	4.6	23	9
1986-04-17	0.3	4.9	32	12
1986-04-18	0.01	3.6	31	8.5
1986-04-19	0	6.6	28	8.5
1986-04-20	2.5	2.3	29	11
1986-04-21	0.01	5	18.5	9.5
1986-04-22	0	5.4	21.5	9
1986-04-23	0.01	2.6	22	8
1986-04-24	0	3.5	20.5	8.5
1986-04-25	0.01	4.9	25.5	6
1986-04-26	8.2	3.8	26.5	4.5
1986-04-27	0	3.3	25	8.5
1986-04-28	0	6.1	25.5	10
1986-04-29	3.5	3.6	23	9
1986-04-30	3	2.5	26	11.5
1986-05-01	4.5	4.4	25.5	10.5
1986-05-02	0.01	5.5	19	10
1986-05-03	0.4	3.9	21	7.5
1986-05-04	0	4.6	22	8
1986-05-05	0.6	5.2	28.5	5.5
1986-05-06	0	4.4	29	9
1986-05-07	3.5	4.5	30	10
1986-05-08	10.2	6.7	30	12
1986-05-09	28.5	5.4	29	11
1986-05-10	0	5.6	28.5	10
1986-05-11	0.01	4.5	26	11
1986-05-12	0.01	6.7	30	12
1986-05-13	0	6.6	31	10
1986-05-14	0	7	29.5	10.5
1986-05-15	0	5.9	31	11
1986-05-16	0	5.2	30	9.5
1986-05-17	0.7	5.1	30.5	11
1986-05-18	0.5	4.3	24	13
1986-05-19	0	3.9	19.5	12
1986-05-20	0	3.8	19.5	12
1986-05-21	0	5.5	22	10
1986-05-22	0	4.1	28.5	9
1986-05-23	0.01	4	27	13.5
1986-05-24	0	5.8	23.5	5.5
1986-05-25	3.3	5.5	23.5	10
1986-05-26	8.2	2.7	17.5	12.5
1986-05-27	1.6	4.3	21	10
1986-05-28	0.3	3	21	11
1986-05-29	4	2.8	22	12.5
1986-05-30	1.6	3.7	22	12.5
1986-05-31	0	4.5	21	12
1986-06-01	0.5	4.8	25	9.5
1986-06-02	12	4.4	23	9.5
1986-06-03	7.3	1.1	20	13
1986-06-04	2.8	1.9	21.5	13.5
1986-06-05	0.8	3.3	25	12
1986-06-06	0.01	3.4	24	12.5
1986-06-07	0	6.4	24.5	10.5
1986-06-08	0	2.7	27	12.5
1986-06-09	1.6	4.1	27	15
1986-06-10	6.7	3.3	24.5	14
1986-06-11	1	2.7	21.5	12
1986-06-12	0.2	5.2	21	13
1986-06-13	9.3	5.1	22	13
1986-06-14	1.7	5.7	21	11.5
1986-06-15	0.5	4.5	24	12.5
1986-06-16	1.3	3.6	23.5	11
1986-06-17	0.01	5.8	21.5	12
1986-06-18	0.5	5.3	21.5	10.5
1986-06-19	0	3.6	22	12
1986-06-20	1.7	2.6	23.5	12.5
1986-06-21	12.7	4.9	22.5	13
1986-06-22	1.5	5.1	21	12
1986-06-23	0.5	5	21	13
1986-06-24	6.4	4.7	21	13
1986-06-25	14.8	5.8	20.5	12
1986-06-26	20.5	5.2	19.5	10.5
1986-06-27	4	2.7	17.5	12
1986-06-28	4	2.7	19	10
1986-06-29	0.01	5.1	20.5	8.5
1986-06-30	0.2	3.9	22.5	9.5
1986-07-01	1	5.2	22	11
1986-07-02	2	3.9	21	12.5
1986-07-03	0.5	3.7	20	10.5
1986-07-04	0.01	5.4	22	8.5
1986-07-05	1.2	5.4	23	9
1986-07-06	4.5	3.7	21	10
1986-07-07	0.01	2.1	17	11
1986-07-08	1.3	2.2	17.5	11
1986-07-09	0.9	4.3	20	11
1986-07-10	0	3.3	21.5	11.5
1986-07-11	8	1.4	23	12.5
1986-07-12	2.4	1.9	22	13
1986-07-13	1.8	2.3	21	9.5
1986-07-14	6.2	1.8	16	10.5
1986-07-15	1.6	3.2	18	6
1986-07-16	0.01	4.4	18	6.5
1986-07-17	0.5	4.1	19	5.5
1986-07-18	5.3	4.5	20	8.5
1986-07-19	1	3.7	19	11
1986-07-20	0.01	4.9	20	6
1986-07-21	0.01	4.4	21.5	9
1986-07-22	0.3	5.5	21.5	10
1986-07-23	8.9	5.4	20.5	10.5
1986-07-24	0.2	3.6	19.5	11
1986-07-25	0.2	5.8	20	8
1986-07-26	0.01	5.2	23	8.5
1986-07-27	0	5.6	23	8
1986-07-28	12.2	5	23	10
1986-07-29	0.01	6.3	21.5	10.5
1986-07-30	0.01	4.7	22.5	9
1986-07-31	0	6.6	21.5	9
1986-08-01	0.01	5.8	18	11
1986-08-02	0.01	6.3	22.5	7
1986-08-03	3.7	5.6	20	7.5
1986-08-04	0	4.4	21	9
1986-08-05	0.5	5.5	23	10
1986-08-06	0.01	5.3	23	9
1986-08-07	0.3	6	22	10
1986-08-08	0	5.7	21.5	10
1986-08-09	7.3	5.2	21.5	8.5
1986-08-10	9.8	2.8	21	9
1986-08-11	1.8	4.5	21	11.5
1986-08-12	0	5.5	24	12
1986-08-13	1	6	28	13
1986-08-14	2	3.1	26	9
1986-08-15	0	7.9	25	11
1986-08-16	0.01	4.9	24	12
1986-08-17	0.01	4.8	25	9
1986-08-18	0	5.2	23	11
1986-08-19	0.01	5.8	23	6
1986-08-20	0	5.1	25	7
1986-08-21	4.4	6.8	25	5
1986-08-22	0	2.3	20	8.5
1986-08-23	0.4	4.1	21	10
1986-08-24	2.9	3.2	20	9
1986-08-25	1.5	5.6	20	7.5
1986-08-26	1.4	4.5	21	10
1986-08-27	0	4.8	22.5	8
1986-08-28	0	2.8	22.5	8
1986-08-29	0.2	5.5	22.5	12
1986-08-30	0	3.3	21.5	10.5
1986-08-31	0.01	6.6	25	11
1986-09-01	0.01	5	23	7
1986-09-02	2.2	3.4	23.5	9
1986-09-03	3	1.1	19.5	11.5
1986-09-04	0.01	2.6	22.5	11
1986-09-05	0	2.6	20	10
1986-09-06	0.6	2.8	22.5	10.5
1986-09-07	4.7	4.9	23	11
1986-09-08	3.1	4.4	21	12
1986-09-09	0.5	4.7	22	10.5
1986-09-10	0.6	4.9	21	10.5
1986-09-11	1.4	5.3	24.5	7
1986-09-12	8.5	4.4	22	8
1986-09-13	5.1	2.7	19	11.5
1986-09-14	0.2	3.1	19.5	7
1986-09-15	0.9	4.1	20.5	7
1986-09-16	0.9	3.7	21	11
1986-09-17	2.9	3.8	21	11
1986-09-18	2	1.9	19	9.5
1986-09-19	2.6	3	20.5	12
1986-09-20	0.2	3.2	20.5	12.5
1986-09-21	0.6	4.4	20	10.5
1986-09-22	0	4.5	21.5	12
1986-09-23	0	5.1	23	9
1986-09-24	0	3.5	27.5	6
1986-09-25	0	4.2	25	9.5
1986-09-26	0.5	4.1	25	11
1986-09-27	1.3	4.9	23.5	12
1986-09-28	14.2	3.4	21	12.5
1986-09-29	0	3.3	21	12.5
1986-09-30	0.01	2.7	24	11.5
1986-10-01	0.01	4.5	27	10.5
1986-10-02	0.01	4.9	18.5	8.5
1986-10-03	12.9	4.6	24.5	9
1986-10-04	1.6	1.4	19.5	12
1986-10-05	0.3	1.3	20.5	12
1986-10-06	13.3	2.8	22	13.5
1986-10-07	0.4	1.9	18	11.5
1986-10-08	0	1.9	20	13
1986-10-09	4.5	3.4	22	11
1986-10-10	0	5.2	21	10
1986-10-11	0	2.5	28	11
1986-10-12	0.01	4.5	27	10
1986-10-13	0.2	1.9	19.5	11.5
1986-10-14	0.6	1	20	13
1986-10-15	9.1	3.4	19.5	11
1986-10-16	0.01	1.6	18	10
1986-10-17	0	1.8	20.5	9
1986-10-18	0	5	19	8
1986-10-19	0.3	1.6	16	4
1986-10-20	0.01	3	19	7
1986-10-21	0	3.6	20	9.5
1986-10-22	1.1	3	25	11
1986-10-23	0.01	3.4	27	9
1986-10-24	0	3.4	25.5	9
1986-10-25	0	2.8	19	12
1986-10-26	4.2	3.9	20	10
1986-10-27	0	2.9	16	10.5
1986-10-28	0	2.8	18	9
1986-10-29	0.01	2.6	17.5	6
1986-10-30	0	2.5	16.5	1.5
1986-10-31	0	2.2	18.5	0.5
1986-11-01	0.01	3.3	18	3.5
1986-11-02	1.6	4	19	4
1986-11-03	3	1.4	22.5	9
1986-11-04	0	4.2	16.5	7.5
1986-11-05	0.3	2.4	20.5	7
1986-11-06	0	3.7	23	10.5
1986-11-07	0.01	4	25.5	7.5
1986-11-08	0.01	4.7	25	5
1986-11-09	0.5	3.1	20.5	3
1986-11-10	0.01	2.6	20	5
1986-11-11	10	2.3	21.5	8
1986-11-12	9.4	1.4	18	12
1986-11-13	6.3	0.9	15	10.5
1986-11-14	3.4	1.5	14	8
1986-11-15	0	2.4	19	5
1986-11-16	0	2.8	24	6
1986-11-17	0	2.4	27.5	5
1986-11-18	0	3.8	27	4
1986-11-19	0	4.7	26.5	2
1986-11-20	0	4.2	27	2.5
1986-11-21	0.01	3.8	21	3
1986-11-22	0	4.4	26.5	5
1986-11-23	0	4.3	28	7
1986-11-24	0	1.1	21	6
1986-11-25	0	2.3	26.5	10.5
1986-11-26	0	3.3	22	10.5
1986-11-27	5	1.4	15	11
1986-11-28	0.1	1	16.5	3
1986-11-29	0	2.6	20	0
1986-11-30	0	3.5	25.5	1.5
1986-12-01	0	3.2	26.5	6.5
1986-12-02	0	2.1	15.5	6.5
1986-12-03	0	1.3	14	7.5
1986-12-04	0.4	1.6	18	6
1986-12-05	0.2	0.7	13.5	8
1986-12-06	0.01	2.7	18	6.5
1986-12-07	0	2.6	25.5	4
1986-12-08	0	3.5	26	6
1986-12-09	0	3.7	24	5.5
1986-12-10	0.01	2.6	23	4.5
1986-12-11	0.01	3.7	26.5	5.5
1986-12-12	0	1.9	17	6
1986-12-13	0	2.8	13	6
1986-12-14	0	2.5	22.5	6
1986-12-15	0	3.3	24	4
1986-12-16	0	3.1	19	4
1986-12-17	0.01	2.8	22.5	4.5
1986-12-18	0	3.3	25	2
1986-12-19	0	3.1	21	6.5
1986-12-20	0	3.2	16	6
1986-12-21	0	4.1	23.5	3
1986-12-22	0	3.7	27	6.5
1986-12-23	0	4.5	27.5	4
1986-12-24	0	3.9	27	6
1986-12-25	0	3.6	24	5.5
1986-12-26	0	3.2	25	4
1986-12-27	0	1.9	14.5	6.5
1986-12-28	0	1.8	20.5	6.5
1986-12-29	0	2.3	24	5
1986-12-30	0	2.7	19	2
1986-12-31	0	3	22	4
1987-01-01	0	2.67	15	-5
1987-01-02	0	2.19	25	2
1987-01-03	0.01	3.18	23	3
1987-01-04	0	3.63	22.5	0
1987-01-05	0	4.61	22	-4
1987-01-06	0	3.45	26	-0.5
1987-01-07	0	3.73	29	2
1987-01-08	0	4.94	27	2
1987-01-09	0	4.09	29	5
1987-01-10	0	4.13	15	9.5
1987-01-11	0.01	0.4	10	4
1987-01-12	0	1.81	11	3
1987-01-13	0	4.18	22.5	1
1987-01-14	0	3.59	27	5
1987-01-15	0	5.35	27	9
1987-01-16	0	3.29	28.5	3.5
1987-01-17	0	7.44	31	5
1987-01-18	0	6.11	32	10
1987-01-19	0	4.98	26.5	6.5
1987-01-20	0	4.33	28	8
1987-01-21	0	4.45	22	8.5
1987-01-22	0	1.24	14	3
1987-01-23	0	3.95	25	-3
1987-01-24	0	4.48	27	2
1987-01-25	0	3.61	19	2
1987-01-26	0	3.06	18	-3
1987-01-27	0	2.69	17	-5.5
1987-01-28	0	3.5	24	-5.5
1987-01-29	0	3.67	27.5	-5
1987-01-30	0	4.59	23	-1
1987-01-31	0	3.59	22	-1
1987-02-01	0	4.2	25	2
1987-02-02	0.4	1.26	17.5	7
1987-02-03	0.3	1.63	19	8.5
1987-02-04	0	3.19	23	4
1987-02-05	0	3.95	28	1
1987-02-06	0	2.34	14	3
1987-02-07	0	1.6	15	2
1987-02-08	0	3.93	15	-4
1987-02-09	0	3.78	15	-6
1987-02-10	0	2.89	16.5	-7
1987-02-11	0	3.97	24	-4
1987-02-12	0.01	3.82	24	1
1987-02-13	0	3.81	25	2.5
1987-02-14	0	5.6	29	6
1987-02-15	0	7.23	29.5	8
1987-02-16	0	4.03	32	3
1987-02-17	0	5.01	27.5	9
1987-02-18	0	5.56	28	7
1987-02-19	0	3.76	30	6
1987-02-20	0	4.38	27	3.5
1987-02-21	0	5.61	26	4.5
1987-02-22	0	2.91	22	5.5
1987-02-23	0	5.48	26	2
1987-02-24	0	4.85	28.5	8
1987-02-25	0.01	4.96	27	9.5
1987-02-26	0	3.85	22	5.5
1987-02-27	0	9.74	30.5	7
1987-02-28	0	5.4	21	9.5
1987-03-01	0	8.34	29.5	6
1987-03-02	0	5.24	31	9
1987-03-03	0	7.64	31	10.5
1987-03-04	0	8.04	27	8
1987-03-05	0	3.57	23	12.5
1987-03-06	0	6.23	20.5	11
1987-03-07	3.9	4.29	22	10
1987-03-08	0	2.81	17	9
1987-03-09	22.8	5.99	23	9.5
1987-03-10	3	4.7	26	8.5
1987-03-11	13	6.16	26.5	9.5
1987-03-12	0	6.47	23.5	8.5
1987-03-13	1.3	4.34	26	10
1987-03-14	0	3.46	24	9
1987-03-15	0	3.98	26	8.5
1987-03-16	0	7.34	24	7
1987-03-17	0	5.36	26.5	5.5
1987-03-18	0	3.41	24.5	9.5
1987-03-19	23.7	6.28	26.5	12
1987-03-20	0	4.55	25	10
1987-03-21	0	3.93	26	9
1987-03-22	0	4.38	24	8.5
1987-03-23	0	4.73	22.5	7
1987-03-24	0	3.93	22	6.5
1987-03-25	0	2.88	24.5	7
1987-03-26	0	3.86	28	7.5
1987-03-27	0	7.23	28	9.5
1987-03-28	0	6.75	28	12.5
1987-03-29	0	6.5	29	12.5
1987-03-30	0	4.93	27	13
1987-03-31	0	4.16	24.5	11
1987-04-01	0	7.23	24	0
1987-04-02	0.01	6.65	29.5	0
1987-04-03	0.01	2.69	13.5	8
1987-04-04	0	6.52	24	3
1987-04-05	0	7.45	27	7
1987-04-06	0.01	4.76	26	4
1987-04-07	0	4.69	16.5	8.5
1987-04-08	0	3.48	14.5	8
1987-04-09	0	4.51	24	5
1987-04-10	0	5.84	27.5	7
1987-04-11	0	4.1	28.5	6
1987-04-12	0	4.12	24.5	11
1987-04-13	0	6.7	28	11.5
1987-04-14	0	1.19	19	11.5
1987-04-15	0	3.1	23.5	9
1987-04-16	0	6.1	28	6.5
1987-04-17	0	7.36	27	6
1987-04-18	0	7.08	31	9
1987-04-19	0	8.15	33	12
1987-04-20	0	3.66	25	8
1987-04-21	2.7	2.42	19	12
1987-04-22	0	3.83	21.5	10
1987-04-23	0	4.49	24.5	6.5
1987-04-24	0.01	4.98	19	10.5
1987-04-25	0	4.55	19.5	11
1987-04-26	0	4.22	19	9.5
1987-04-27	0	4.76	19.5	8
1987-04-28	0	3.76	18	7
1987-04-29	0	3.89	23.5	5
1987-04-30	0	6.35	27.5	6
1987-05-01	0	8.34	29.5	6
1987-05-02	0	5.24	31	9
1987-05-03	0	7.64	31	10.5
1987-05-04	0	8.04	27	8
1987-05-05	0	3.57	23	12.5
1987-05-06	0	6.23	20.5	11
1987-05-07	3.9	4.29	22	10
1987-05-08	0	2.81	17	9
1987-05-09	22.8	5.99	23	9.5
1987-05-10	3	4.7	26	8.5
1987-05-11	13	6.16	26.5	9.5
1987-05-12	0	6.47	23.5	8.5
1987-05-13	1.3	4.34	26	10
1987-05-14	0	3.46	24	9
1987-05-15	0.01	3.98	26	8.5
1987-05-16	0.01	7.34	24	7
1987-05-17	0	5.36	26.5	5.5
1987-05-18	0	3.41	24.5	9.5
1987-05-19	23.7	6.28	26.5	12
1987-05-20	0	4.55	25	10
1987-05-21	0	3.93	26	9
1987-05-22	0.01	4.38	24	8.5
1987-05-23	0.01	4.73	22.5	7
1987-05-24	0	3.93	22	6.5
1987-05-25	0	2.88	24.5	7
1987-05-26	0	3.86	28	7.5
1987-05-27	0	7.23	28	9.5
1987-05-28	0	6.75	28	12.5
1987-05-29	0	6.5	29	12.5
1987-05-30	0.01	4.93	27	13
1987-05-31	0	4.16	24.5	11
1987-06-01	1	3.8	24.5	11
1987-06-02	0	4.2	27	10.5
1987-06-03	16.5	5.4	26	11
1987-06-04	0.01	4.2	20.5	10.5
1987-06-05	3.7	2.9	19.5	11.5
1987-06-06	15.3	1	15.5	11.5
1987-06-07	1.5	1.6	16	11.5
1987-06-08	0.01	3	20	12
1987-06-09	0	4.4	22	11
1987-06-10	0	4.9	23	13
1987-06-11	0.4	5.3	23	14
1987-06-12	22.4	5.2	23	13.5
1987-06-13	0.01	4.9	20.5	13
1987-06-14	0	5.6	23	12.5
1987-06-15	3	3.4	23	13.5
1987-06-16	0	4.7	22	13
1987-06-17	0.01	5.8	23.5	12.5
1987-06-18	0.01	4.4	23	9.5
1987-06-19	0	5.1	23	9
1987-06-20	0	2.8	23.5	10.5
1987-06-21	0.01	5.6	28	11.5
1987-06-22	0	5.1	25	9.5
1987-06-23	0	6.1	27	12
1987-06-24	0	4	24.5	14.5
1987-06-25	15.5	5.4	24	10.5
1987-06-26	0.6	5.2	23.5	10.5
1987-06-27	0	5.2	24	9.5
1987-06-28	0	3.8	27	8.5
1987-06-29	0.5	7	22	10.5
1987-06-30	0.01	4.5	22	7.5
1987-07-01	0.01	4.4	23.5	13
1987-07-02	0	4	23.5	13
1987-07-03	3.7	5.2	21.5	12
1987-07-04	12.9	1.8	20.5	12
1987-07-05	2.9	1.5	19	13
1987-07-06	0.4	1.4	21	13.5
1987-07-07	3.6	3.6	25	13
1987-07-08	1.2	1.9	22.5	13.5
1987-07-09	1.4	5.9	21.5	13.5
1987-07-10	11	3.5	21	11
1987-07-11	5.5	5	20.5	10
1987-07-12	0.8	4.6	21	8.5
1987-07-13	9.6	3.8	20.5	12
1987-07-14	1.8	1.8	19	13
1987-07-15	0.01	4.1	21	12
1987-07-16	0	4.2	23	9.5
1987-07-17	0.01	5.4	23	11.5
1987-07-18	0.01	5.7	22	10
1987-07-19	0.8	5.3	21	7.5
1987-07-20	3.3	3.7	19.5	8
1987-07-21	4	0.7	18	11
1987-07-22	1.1	1.8	16.5	11
1987-07-23	9.4	2.4	18	11.5
1987-07-24	1.6	2.2	19	13
1987-07-25	5.2	2.8	20	13
1987-07-26	8.4	5.4	20	12
1987-07-27	18	3.2	20	13.5
1987-07-28	12.2	1.5	16	12.5
1987-07-29	11.2	2.2	18	12.5
1987-07-30	2.7	1.7	18	12
1987-07-31	0.01	1.3	20	12.5
1987-08-01	0.3	2.5	19.5	11.5
1987-08-02	12	4.3	20	9
1987-08-03	0.2	5.1	22	11
1987-08-04	4	6.1	22	10
1987-08-05	6.1	4.8	20.5	10
1987-08-06	0	2.7	19	11.5
1987-08-07	4.4	5.8	20.5	12
1987-08-08	0.2	4.3	21	11
1987-08-09	0.01	5.7	23	8.5
1987-08-10	0	4.4	23	9.5
1987-08-11	0	4.7	24	10.5
1987-08-12	0.01	7.1	25	11.5
1987-08-13	0.01	5.3	25	9.5
1987-08-14	0	5.9	25	10.5
1987-08-15	0	7.5	24	9
1987-08-16	0.01	3.1	22.5	8
1987-08-17	0.01	6.8	22.5	9
1987-08-18	0	4.5	22	9
1987-08-19	0.01	3.4	22.5	10
1987-08-20	8.9	3.3	21.5	7
1987-08-21	3.5	2.1	19.5	11
1987-08-22	0.7	3	18	11
1987-08-23	5.2	4.5	20.5	12
1987-08-24	2.4	4.7	21	8
1987-08-25	0	5.6	21	10
1987-08-26	0.01	5	21	8
1987-08-27	0.3	3.3	20	9
1987-08-28	0	2.4	19.5	9
1987-08-29	3.3	3.4	19	11.5
1987-08-30	0	6.2	20	12
1987-08-31	4	6.3	21	11
1987-09-01	0	2.2	20.5	8
1987-09-02	1.4	1	18	10.5
1987-09-03	4.4	1.2	21	11
1987-09-04	0.01	5.5	22	9
1987-09-05	0	4	22	5
1987-09-06	0.01	4.3	22	9
1987-09-07	0.01	4.2	23	10
1987-09-08	0.5	6.6	23.5	7.5
1987-09-09	4.5	6.5	22.5	6
1987-09-10	0	3.8	24	7
1987-09-11	0	5.1	23.5	10
1987-09-12	0.01	4.9	25	12
1987-09-13	1.4	4	24.5	11
1987-09-14	0.01	5.1	23	9.5
1987-09-15	0.01	6.5	25	11
1987-09-16	0	4.9	25	10
1987-09-17	0	5.6	24.5	12.5
1987-09-18	0.01	5.2	26.5	12.5
1987-09-19	8.8	4.7	24	9
1987-09-20	6.3	4.1	21.5	13
1987-09-21	8.4	4.1	22	11.5
1987-09-22	35.8	4.3	21.5	13
1987-09-23	0.01	1.3	19	13
1987-09-24	0	3.5	18.5	12
1987-09-25	0.4	3.5	23	9.5
1987-09-26	0.01	3.5	25	10.5
1987-09-27	15	5	26.5	12.5
1987-09-28	0	2.3	24	14
1987-09-29	8	4.2	24	12.5
1987-09-30	0.2	1	16	13
1987-10-01	0.01	4.4	18	7
1987-10-02	0	4.3	20	5.5
1987-10-03	0.01	5.1	22	8
1987-10-04	0	2.9	19	9
1987-10-05	0.01	3.6	19.5	9.5
1987-10-06	1.4	2.7	19	4.5
1987-10-07	0.01	5.1	18	8
1987-10-08	0.01	2.7	18	1.5
1987-10-09	0.01	3.4	18	6.5
1987-10-10	0	4.1	19	7
1987-10-11	2.6	1.1	16	5.5
1987-10-12	0.01	3.2	18	9.5
1987-10-13	0.01	2.6	18.5	-1
1987-10-14	0.01	5.3	21	0
1987-10-15	0.01	4.5	20	-1
1987-10-16	0	3.8	21.5	-1
1987-10-17	0.01	5.2	18.5	1
1987-10-18	0	5	21	1.5
1987-10-19	0	3.5	27.5	5.5
1987-10-20	0.4	3.8	21	5
1987-10-21	0.01	4.2	20.5	8
1987-10-22	0.2	4	21	9
1987-10-23	0.01	3	23	8
1987-10-24	0.01	4.9	22.5	7
1987-10-25	0.01	5.3	22	6
1987-10-26	0.01	4.3	25.5	2
1987-10-27	2.4	3.7	23.5	3
1987-10-28	0.2	1.8	17	10
1987-10-29	0.01	2.7	19.5	1.5
1987-10-30	0.01	3.2	19	-1
1987-10-31	0	3.9	18.5	0
1987-11-01	0.7	0.9	18.5	-5
1987-11-02	0.01	3.7	20	6.5
1987-11-03	0.01	4	23.5	1.5
1987-11-04	0.01	4	25	-1
1987-11-05	0	2.6	20	-1
1987-11-06	0	4.3	18	3
1987-11-07	0.01	3.6	26.5	3
1987-11-08	0	3.6	28	2.5
1987-11-09	2.2	1	19.5	10
1987-11-10	4.1	0.4	9	7
1987-11-11	5	1.5	11.5	3.5
1987-11-12	0	2.4	22	3.5
1987-11-13	0	2.9	23.5	5
1987-11-14	0	5.5	26.5	6
1987-11-15	0	4.6	27	6.5
1987-11-16	0	3.3	27	9.5
1987-11-17	0	2.5	20	5
1987-11-18	0	3.2	25.5	9.5
1987-11-19	0.5	0.8	13.5	7.5
1987-11-20	0	2.1	16.5	7.5
1987-11-21	0	2.3	18	4
1987-11-22	0	4.5	26	7
1987-11-23	0	3.9	24.5	5
1987-11-24	0	3.6	27	4
1987-11-25	0	3.7	27	4
1987-11-26	0	3.1	27.5	4.5
1987-11-27	0	3.5	27	10
1987-11-28	4	3.7	24.5	8.5
1987-11-29	0	2.5	24.5	7.5
1987-11-30	0	3.2	17	7.5
1987-12-01	0.01	1.8	17	11.5
1987-12-02	0.01	3.2	24	6.5
1987-12-03	0	2.3	24	2.5
1987-12-04	0	4.7	23	0
1987-12-05	0	2.4	27	-2
1987-12-06	0	5.1	28	3
1987-12-07	0	3.3	21	3.5
1987-12-08	0	2.5	26.5	0.5
1987-12-09	0	4.8	21	1
1987-12-10	0	1.6	23.5	3
1987-12-11	0	3.9	24.5	2
1987-12-12	0	1.8	23	3
1987-12-13	0	2.9	24	9
1987-12-14	0.01	2.1	28	10
1987-12-15	0	5.1	27	6
1987-12-16	0	2.6	24	5
1987-12-17	0	1.2	15	6
1987-12-18	0	5.2	28	6
1987-12-19	0.01	3.7	24	5
1987-12-20	0	3.4	23.5	5.5
1987-12-21	0	1.3	19	6.5
1987-12-22	0	5	28	6.5
1987-12-23	0	3.9	28	6.5
1987-12-24	0	1.7	26	6
1987-12-25	0	2.5	29	8
1987-12-26	0	1.7	23	7
1987-12-27	0	2.4	25	8.5
1987-12-28	0.5	2.9	19.5	2
1987-12-29	0.01	0.9	16	5
1987-12-30	0	2	21	4
1987-12-31	0	2.7	20	4.5
1988-01-01	0	2.2	21	6
1988-01-02	1	0.5	14.5	8
1988-01-03	0	3.2	22	1.5
1988-01-04	0	2.7	19.5	0
1988-01-05	0.01	2.9	16	4
1988-01-06	0	4.4	16.5	1.5
1988-01-07	0	4.5	24.5	4
1988-01-08	0	5.3	27	3
1988-01-09	0	3.8	26.5	6
1988-01-10	0.01	1.5	15	7.5
1988-01-11	0.01	2	15	8
1988-01-12	0	4.7	26.5	3
1988-01-13	1	2.7	15	3
1988-01-14	0	2.1	17	5.5
1988-01-15	0	1	17	6.5
1988-01-16	0	4.1	24.5	7
1988-01-17	0	4.7	26.5	7
1988-01-18	0	4.5	28.5	4
1988-01-19	0	4.9	27.5	5
1988-01-20	0.01	2.3	25	6
1988-01-21	0	4.8	18	2
1988-01-22	0	3.8	23.5	3.5
1988-01-23	0	3	20	3
1988-01-24	0	2.7	19.5	5
1988-01-25	0	1.8	13.5	-0.5
1988-01-26	0	0.7	19.5	-8
1988-01-27	2	0.5	16	-6
1988-01-28	0.5	0.4	17	0
1988-01-29	0	3.1	13	0
1988-01-30	0	3.9	25	0.5
1988-01-31	0	5	26.5	1.5
1988-02-01	0	3.7	28	1
1988-02-02	0	5.4	27.5	2.5
1988-02-03	0	5	25	0
1988-02-04	0.4	3.8	24	1.5
1988-02-05	0	4.6	18	9
1988-02-06	0	2.4	11.5	3
1988-02-07	0.01	2.5	18	3.5
1988-02-08	0	3	15.5	5
1988-02-09	2.8	4.4	24.5	3
1988-02-10	0	1.3	20	8
1988-02-11	7.9	3.3	21	6
1988-02-12	0.01	2.5	14.5	4
1988-02-13	1.5	2.1	24	4
1988-02-14	0	3.9	25.5	5.5
1988-02-15	0	2.7	14	6.5
1988-02-16	0	6.3	25.5	5
1988-02-17	0	5.3	27	8
1988-02-18	0	6.6	32	8.5
1988-02-19	0	8.2	33	7
1988-02-20	0	4.9	23.5	10.5
1988-02-21	0	3.9	15.5	0
1988-02-22	0	4.2	24	-2
1988-02-23	0	5.3	24.5	7
1988-02-24	0	4.6	21	4
1988-02-25	0	1.8	15	3
1988-02-26	0	2.9	19	6
1988-02-27	0	5.4	27	4.5
1988-02-28	0	5.3	21.5	2.5
1988-02-29	0	3.3	22	2
1988-03-01	5.3	5.94	27.5	6
1988-03-02	0	4.68	28	10
1988-03-03	0	3.57	24	9.5
1988-03-04	22.9	0.98	14	9.5
1988-03-05	0	2.35	16	8
1988-03-06	0	1.74	15	8.5
1988-03-07	1.8	1.88	18	6
1988-03-08	0	2.84	26	7.5
1988-03-09	0	3.56	28	9
1988-03-10	0	6.16	22	10
1988-03-11	0	5.61	26	5.5
1988-03-12	0	5.75	30	8
1988-03-13	0	7.21	31	5.5
1988-03-14	0	5.18	24	7
1988-03-15	0	3.91	22.5	5
1988-03-16	0	6.37	26.5	8
1988-03-17	0	4.92	29	6.5
1988-03-18	0	4.25	17	7
1988-03-19	0	3.23	8	0.5
1988-03-20	0	4.26	15	-1
1988-03-21	0	5.82	23.5	4
1988-03-22	0	5.98	28	4.5
1988-03-23	0	4.54	29.5	8
1988-03-24	0	4.7	26.5	8.5
1988-03-25	0	1.15	26.5	8.5
1988-03-26	0	3.57	21.5	9
1988-03-27	0	4.87	25	3.5
1988-03-28	0	5.96	29	5
1988-03-29	0	4.74	29	8.5
1988-03-30	3.4	3.42	25	10
1988-03-31	0	6	28	5.5
1988-04-01	0	6.9	28.5	9
1988-04-02	0	5.66	27	7
1988-04-03	0	5.65	27	7
1988-04-04	0	5.55	30	6.5
1988-04-05	0	4.77	27.5	7
1988-04-06	2.6	4.05	23	10
1988-04-07	3.3	6.19	19	10
1988-04-08	4.5	7.59	22	8
1988-04-09	3.3	2.81	23	9
1988-04-10	20	9.04	16	8.5
1988-04-11	0	3.47	14.5	7.5
1988-04-12	0	6.07	21	7
1988-04-13	0	4.36	24	3
1988-04-14	0	4.3	26	6
1988-04-15	4.8	5.3	25.5	10.5
1988-04-16	0.3	3.26	26	12
1988-04-17	0	3.19	30	10
1988-04-18	0	2.86	31	9
1988-04-19	0	0.73	22	8
1988-04-20	0	6.1	31	6.5
1988-04-21	0	7.54	31	7
1988-04-22	0	7.6	30	12
1988-04-23	0	8.07	31.5	11.5
1988-04-24	0	6.25	31	8
1988-04-25	0	9.19	29.5	10
1988-04-26	0	10.51	28	9
1988-04-27	1	5.54	28	10.5
1988-04-28	0	7.42	31	11
1988-04-29	0	3.19	30	13
1988-04-30	0	3.76	31	12
1988-05-01	0	5.45	28	9.5
1988-05-02	0	3.88	32	9.5
1988-05-03	0	2.8	24	6.5
1988-05-04	0	2.81	21.5	8
1988-05-05	0	5.17	20	10
1988-05-06	0	6.05	27.5	9
1988-05-07	0	8.08	33.5	8.5
1988-05-08	0	7.82	31	9
1988-05-09	0.01	7.03	31	8
1988-05-10	0.01	6	29	11
1988-05-11	4	3.79	25	13
1988-05-12	0	3.6	24	10.5
1988-05-13	0	4.73	20	11.5
1988-05-14	0	5.03	23	11
1988-05-15	0.6	6.07	29	10
1988-05-16	0	6.87	28.5	6
1988-05-17	0	5.93	26	4.5
1988-05-18	0	6.1	31.5	11
1988-05-19	1	2.52	33.5	12
1988-05-20	0	5.8	31.5	11
1988-05-21	0.01	5	31.5	12
1988-05-22	0	5.14	31	14
1988-05-23	0	5.04	29	11
1988-05-24	0	5.99	31.5	11
1988-05-25	0	6.53	24.5	11.5
1988-05-26	11.9	5.43	23	10
1988-05-27	0.01	4.75	24	9
1988-05-28	1	6.58	25	8.5
1988-05-29	0.8	3.83	29	10
1988-05-30	0	4.93	31.5	11.5
1988-05-31	0	5.34	32.5	10
1988-06-01	0.01	6.74	29	10
1988-06-02	0	4.54	31	9.5
1988-06-03	0	6.01	31.5	11
1988-06-04	0.3	5.01	24	10
1988-06-05	0	4.87	23.5	13
1988-06-06	0	6.18	25.5	13
1988-06-07	0	5.39	25.5	14
1988-06-08	0.01	4.38	29	10.5
1988-06-09	0.01	5.96	28.5	7
1988-06-10	0	6.9	27	7.5
1988-06-11	0.6	4	22	9
1988-06-12	0	6.74	23	9
1988-06-13	1.1	5.62	22	7.5
1988-06-14	11.3	4.36	21	11.5
1988-06-15	14.5	1.42	18.5	13
1988-06-16	2.5	1	18.5	12
1988-06-17	1.4	3.18	18	12.5
1988-06-18	2.5	2.97	19	12.5
1988-06-19	2.8	3.98	19	12.5
1988-06-20	10.5	1.17	19.5	12
1988-06-21	4.8	7.7	18.5	12.5
1988-06-22	7.2	4.7	18	13
1988-06-23	0.01	8.08	21	11
1988-06-24	1.1	3.05	21.5	12
1988-06-25	0.01	6.93	22	13
1988-06-26	0.01	4.92	24	12.5
1988-06-27	0.01	5.26	23.5	12
1988-06-28	0.4	5.95	22.5	9.5
1988-06-29	0	4.2	22.5	11
1988-06-30	0	3.89	22.5	12
1988-07-01	3	7.34	23.5	11.5
1988-07-02	0.4	3.86	24.5	12
1988-07-03	0	2.91	22	13
1988-07-04	0.6	2.29	22.5	13.5
1988-07-05	1.9	1.23	19	11
1988-07-06	0.01	3.46	20	13
1988-07-07	0	6.18	22.5	9.5
1988-07-08	1.5	3.8	22.5	10
1988-07-09	0	6.48	24.5	11
1988-07-10	0	5.47	26	9.5
1988-07-11	0.01	4.77	24.5	10.5
1988-07-12	0	6.39	23.5	10
1988-07-13	3.5	2.15	23	11.5
1988-07-14	18.4	6.92	22	13
1988-07-15	10.3	4.14	19.5	12.5
1988-07-16	2.8	4.16	20	11.5
1988-07-17	1.9	4.42	20.5	8.5
1988-07-18	1.8	4.48	21	12
1988-07-19	8	3.81	21	11.5
1988-07-20	4.8	3.93	19	12
1988-07-21	5.3	3.4	20	12.5
1988-07-22	4.5	5.43	20.5	11.5
1988-07-23	0.01	4.69	19	9
1988-07-24	1.9	5.59	20	8
1988-07-25	0.01	5.61	21	9
1988-07-26	0	3.99	22	9
1988-07-27	0	3.53	23	10.5
1988-07-28	0.01	4.5	22	12
1988-07-29	0.01	3.52	20.5	12
1988-07-30	1.9	3.2	21	11.5
1988-07-31	0	5.29	21	8
1988-08-01	1.3	5.27	22	9
1988-08-02	1.2	3.61	22	10.5
1988-08-03	2.7	7.42	21.5	11.5
1988-08-04	1.6	4.97	22	9.5
1988-08-05	0.9	4.22	21	10.5
1988-08-06	4.9	6.57	21	8
1988-08-07	0.2	4.82	20.5	10
1988-08-08	1	1.22	21.5	11
1988-08-09	0.01	5.78	22.5	9
1988-08-10	2.5	4.6	22.5	10
1988-08-11	0	4.75	22.5	9.5
1988-08-12	10.8	2.05	21.5	9
1988-08-13	7	1.14	18	12.5
1988-08-14	7.2	3.36	19.5	12
1988-08-15	5.7	2.24	19	13
1988-08-16	5.8	1.66	21	13
1988-08-17	6.9	2.6	24	13.5
1988-08-18	1.4	1.18	21	13.5
1988-08-19	5.2	3.69	22.5	13.5
1988-08-20	1.6	2.41	23.5	14
1988-08-21	2	2.85	23	12
1988-08-22	3.1	4.42	22	13.5
1988-08-23	5.7	2.66	18.5	12.5
1988-08-24	0.4	3.83	21	11
1988-08-25	0.01	5.01	22	11.5
1988-08-26	0.01	4.95	22	7.5
1988-08-27	0.01	4.6	22.5	9
1988-08-28	1.6	5.64	22	12
1988-08-29	2.1	2.18	20	10
1988-08-30	5	3.4	21	11.5
1988-08-31	0.8	5.12	22	12
1988-09-01	12.4	3.76	22.5	11
1988-09-02	105.7	2.98	20	13
1988-09-03	3.2	1.35	19	13
1988-09-04	6.7	1.05	19	13
1988-09-05	6.3	1.79	20.5	11
1988-09-06	0.01	2.97	19	10
1988-09-07	0.01	4.62	20	6.5
1988-09-08	0	2.49	21	5.5
1988-09-09	0.01	6.1	21	6.5
1988-09-10	0	5.9	19.5	1
1988-09-11	0	2.18	19.5	6
1988-09-12	0.5	2.65	21	11.5
1988-09-13	2.3	1.15	20	8.5
1988-09-14	0	3.22	22	11.5
1988-09-15	0	3.44	23	11
1988-09-16	1.5	2	24.5	11.5
1988-09-17	0.01	3.4	25.5	13
1988-09-18	0.01	4.27	24	9
1988-09-19	0.7	5.12	24	7
1988-09-20	4.9	4.84	21.5	9.5
1988-09-21	0.01	3.39	19.5	9
1988-09-22	0.01	3.18	24.5	10
1988-09-23	0.01	4.1	23	7.5
1988-09-24	0.6	4.93	22	10
1988-09-25	0.01	5.4	22	9.5
1988-09-26	1.9	5.14	22	9
1988-09-27	0	5.06	21	8.5
1988-09-28	0.01	3.79	23	9
1988-09-29	0.01	4.79	27	6
1988-09-30	0.01	5.37	22.5	7
1988-10-01	1.6	2.26	23.5	9
1988-10-02	4.5	2.37	21	12
1988-10-03	0	2.37	25	8.5
1988-10-04	0.4	1.01	14.5	8
1988-10-05	0	1.2	13	7.5
1988-10-06	0.01	2.38	25	7.5
1988-10-07	0	1.8	10	9
1988-10-08	5.2	0.44	14	6.5
1988-10-09	0.01	2.76	18.5	5
1988-10-10	0.6	2.86	17.5	8.5
1988-10-11	0	3.19	18.5	5.5
1988-10-12	2.6	0.87	16.5	10
1988-10-13	0	2.65	18.5	10
1988-10-14	0	3.15	18	5.5
1988-10-15	0	3.87	21	9
1988-10-16	1.3	3.36	19.5	5
1988-10-17	0.01	4.02	19.5	7
1988-10-18	0	3.41	25.5	8.5
1988-10-19	0	3.58	20	7.5
1988-10-20	0	4.14	28	5
1988-10-21	0	3.53	25.5	4.5
1988-10-22	0	4.55	21	11
1988-10-23	0.01	3.03	26.5	8
1988-10-24	0.01	2.97	23	7
1988-10-25	0.01	2.04	23	8
1988-10-26	0	2.03	25	4
1988-10-27	0	3.2	24.5	6
1988-10-28	1.3	5.85	24.5	4.5
1988-10-29	4.8	2.37	22	10
1988-10-30	0.8	4.02	19	11.5
1988-10-31	4.5	4.31	22	5.5
1988-11-01	0.01	1.75	19	9
1988-11-02	0	4.6	23.5	0.5
1988-11-03	0	3.72	27.5	9
1988-11-04	0	4.35	29.5	5.5
1988-11-05	0.01	4.12	26	4
1988-11-06	0.01	5.7	20	2.5
1988-11-07	0	4.52	27.5	1.5
1988-11-08	0.01	5.23	25	0
1988-11-09	0	2.52	27	-1
1988-11-10	0.01	4.01	26	0.5
1988-11-11	0	4.73	23	4
1988-11-12	0	3.51	29.5	4.5
1988-11-13	0.01	2.89	24	1
1988-11-14	0.01	4.78	25	0.5
1988-11-15	0	3.51	30	1
1988-11-16	0	4.47	28	2.5
1988-11-17	0	2.21	21.5	6.5
1988-11-18	0	4.45	24	5.5
1988-11-19	0	3.66	24.5	6.5
1988-11-20	0	1.87	26	6
1988-11-21	0	4.37	24.5	5.5
1988-11-22	0	1.88	20.5	4.5
1988-11-23	0	4.22	22.5	7
1988-11-24	0	3.34	26	5.5
1988-11-25	0	4.74	30	8
1988-11-26	0	4.42	29.5	9
1988-11-27	0	4.11	28	9
1988-11-28	0	1.98	24.5	5.5
1988-11-29	0.01	2.64	27	3.5
1988-11-30	0.2	1.81	17	7
1988-12-01	3.8	1.01	17.5	8
1988-12-02	0.01	0.53	18.5	6.5
1988-12-03	0	0.4	15	6
1988-12-04	1.5	1.7	14	5
1988-12-05	0	0.53	15	5.5
1988-12-06	0	3.61	22	5
1988-12-07	0	1.51	22.5	4
1988-12-08	0	4.42	21.5	4.5
1988-12-09	0.01	1.51	20	5.5
1988-12-10	0	3.53	24	5
1988-12-11	0	2.16	25.5	4
1988-12-12	0	2.87	14	6.5
1988-12-13	0.01	1.78	17.5	3.5
1988-12-14	0	3.96	27.5	2.5
1988-12-15	0	2.41	25	5.5
1988-12-16	0	2.56	16.5	9
1988-12-17	0	0.72	15	7.5
1988-12-18	0.01	2.54	18	7
1988-12-19	0	1.75	26	0
1988-12-20	0	3.54	25	3
1988-12-21	0	4.72	22	7
1988-12-22	0	2.33	28	0
1988-12-23	0	4.56	28	2
1988-12-24	0	3.31	23.5	2
1988-12-25	0.01	1.23	19	2
1988-12-26	0	3.46	25	-1
1988-12-27	0	3.97	25.5	5
1988-12-28	0	2.95	24	5
1988-12-29	0	1.81	22	3
1988-12-30	0	3.31	26	6
1988-12-31	0	2.06	25	4
1989-01-01	0.01	4.59	22	3
1989-01-02	0.01	4.48	24	1
1989-01-03	0.01	1.71	19	5.5
1989-01-04	0.2	2.85	18	4
1989-01-05	0	4.72	27	2
1989-01-06	0	4.84	26.5	3
1989-01-07	0	2.67	27.5	5
1989-01-08	0	3.32	27	3.5
1989-01-09	0	3.11	17.5	4
1989-01-10	0	3.4	22	3.5
1989-01-11	0	3.67	25	2.5
1989-01-12	0	3.1	24.5	5
1989-01-13	0	3.81	18	3
1989-01-14	0	2.64	23.5	5
1989-01-15	0	2.6	23	3.5
1989-01-16	0.2	4.04	18	3
1989-01-17	0.2	3.05	17.5	4
1989-01-18	0	2.28	22	5.5
1989-01-19	0	3.04	26	3
1989-01-20	0.6	1.84	14	8
1989-01-21	0	1.57	11	5
1989-01-22	0	3.45	22	2
1989-01-23	0	2.43	23	3
1989-01-24	0	4.78	24	5.5
1989-01-25	0	4.09	25	5
1989-01-26	0	4.45	25	5
1989-01-27	0	2.16	18	8
1989-01-28	0	3.48	24.5	4.5
1989-01-29	0.3	3.06	24	3.5
1989-01-30	3.1	1.14	19	5.5
1989-01-31	0.01	2.45	19	10
1989-02-01	0	4.23	27	2
1989-02-02	0	4.58	26	2.5
1989-02-03	2.8	4.63	21.5	5.5
1989-02-04	0.01	1.59	18	9
1989-02-05	0	3.86	25	5.5
1989-02-06	0	4.45	22	6
1989-02-07	0	4.18	22	7
1989-02-08	0.8	1.52	14	8
1989-02-09	3	0.49	17.5	6
1989-02-10	0.6	1.2	13	6
1989-02-11	0.01	2.4	21.5	5
1989-02-12	0	5.81	25	4.5
1989-02-13	0	4.7	25.5	6
1989-02-14	0	5.11	25	2
1989-02-15	0.01	3.41	26.5	2.5
1989-02-16	1.5	4.36	19	7
1989-02-17	0.4	3.42	18	6
1989-02-18	0.01	1.19	13.5	8
1989-02-19	0	3.58	26	3
1989-02-20	0	4.93	24	7.5
1989-02-21	0.01	5.65	19	8
1989-02-22	0.01	1.88	10.5	3
1989-02-23	0.01	4.69	12	-4
1989-02-24	0.01	3.34	15	-4
1989-02-25	0	5.1	16	-5
1989-02-26	0	5.4	25	-3.5
1989-02-27	0	6.94	30	-2
1989-02-28	0	6	30	8
1989-03-01	0	6.1	29	5.5
1989-03-02	0	6.86	32	10
1989-03-03	0	5.48	31.5	9
1989-03-04	0	4.53	30	10
1989-03-05	0	5.83	29.5	8
1989-03-06	0	2.3	15.5	0
1989-03-07	0	3.84	16.5	-3
1989-03-08	0.01	3.59	17.5	-5
1989-03-09	0	0.99	15	-5
1989-03-10	0	5.3	16.5	-5
1989-03-11	0	5.25	20	-6
1989-03-12	0	6.24	23	-5
1989-03-13	0	5.25	27	-3
1989-03-14	0	7.26	30.5	2.5
1989-03-15	0	6.25	29.5	4
1989-03-16	0	5.41	24	3
1989-03-17	0	7.08	25	1
1989-03-18	0	6.67	25	-1
1989-03-19	0.2	4.78	19	5
1989-03-20	1.5	4.83	29	6.5
1989-03-21	0.01	4.75	26.5	8
1989-03-22	0	4.55	26	5
1989-03-23	0	7.27	24	5
1989-03-24	9.4	3.9	26	10
1989-03-25	2.3	3.2	25	7.5
1989-03-26	0.4	5.01	26	7
1989-03-27	0	4.16	26.5	7.5
1989-03-28	0	6.24	29.5	9
1989-03-29	0	5.43	28.5	8
1989-03-30	0	5.25	27	5.5
1989-03-31	0	6.76	22.5	6
1989-04-01	0	6.02	23	6
1989-04-02	0	6.21	27	6
1989-04-03	0	6.28	26.5	8
1989-04-04	5	3.91	27	6
1989-04-05	3	3.66	27	8
1989-04-06	0.01	3.37	17	6.5
1989-04-07	0	5.86	23	2
1989-04-08	0	6.81	28	0.5
1989-04-09	0	7.81	29	1.5
1989-04-10	0.4	5	23.5	2.5
1989-04-11	0.01	3.99	18	7
1989-04-12	0	3.39	27.5	6
1989-04-13	2.6	3.39	24	10
1989-04-14	16.7	3	24	8
1989-04-15	0.9	4.2	28	7.5
1989-04-16	0	3.74	25	6.5
1989-04-17	0	4.74	26	6.5
1989-04-18	0	5.58	26	5
1989-04-19	0	4.93	24.5	4
1989-04-20	0.01	6.77	22	2
1989-04-21	0	5.35	24	2
1989-04-22	0	6.9	23	1
1989-04-23	0	5.16	28.5	2
1989-04-24	0	6.02	29.5	4
1989-04-25	0.3	4.6	27	11
1989-04-26	10.1	6.18	27	8.5
1989-04-27	14.9	6.02	26	9
1989-04-28	0	4.2	27.5	10.5
1989-04-29	0	7.71	30	8
1989-04-30	2.8	4.99	27	9
1989-05-01	0.01	3.36	24	11
1989-05-02	0	5.06	21	10
1989-05-03	0	5.27	24	6
1989-05-04	0.5	4.55	28	7.5
1989-05-05	0	4.85	26	7
1989-05-06	0.01	5.82	22.5	9
1989-05-07	0.01	4.79	21.5	8
1989-05-08	0	5.43	23.5	6.5
1989-05-09	0	6.81	29	6.5
1989-05-10	0	5.66	25.5	8
1989-05-11	0	5.15	23.5	8.5
1989-05-12	0	5.8	28.5	9
1989-05-13	0	7.08	30	7.5
1989-05-14	0	7.29	30.5	12.5
1989-05-15	0	7.73	32	12
1989-05-16	0	5.57	30.5	11
1989-05-17	0.01	6.25	32	13
1989-05-18	0	4.96	30.5	13
1989-05-19	0	6.7	28.5	9
1989-05-20	0	4.75	28	9
1989-05-21	0.01	6.04	26	8.5
1989-05-22	0	6.71	29	6
1989-05-23	0	6.39	26.5	4
1989-05-24	0	5.5	27	4
1989-05-25	0	4.12	27.5	6
1989-05-26	2.2	3.08	25.5	8
1989-05-27	4.2	4.8	22.5	13
1989-05-28	0.01	4.21	20.5	6
1989-05-29	0.01	5.12	22.5	4.5
1989-05-30	0.01	6.47	25	6.5
1989-05-31	2	7.05	23	9
1989-06-01	0.01	5.09	23	12
1989-06-02	0.01	5.62	23	9
1989-06-03	0	6.9	25.5	7.5
1989-06-04	0	6.26	31.5	9.5
1989-06-05	0	4.71	30.5	8
1989-06-06	0	6.58	28.5	10
1989-06-07	0	5.95	34	9
1989-06-08	0	6.86	31	5
1989-06-09	0	5.1	29.5	13
1989-06-10	0	4.12	28.5	10
1989-06-11	0	5.72	29	10
1989-06-12	0	4.1	25	9.5
1989-06-13	0	5.87	28.5	10.5
1989-06-14	2.4	2.5	26	10.5
1989-06-15	3.8	3.63	23	10
1989-06-16	0.01	2.49	21	12
1989-06-17	2.1	4.91	23	9
1989-06-18	7	1.15	18	11.5
1989-06-19	2.2	4.05	20	10
1989-06-20	4.2	5.92	21	10
1989-06-21	9.8	4.28	26	8
1989-06-22	3	3.84	27.5	11
1989-06-23	0.01	3.43	25	11
1989-06-24	4.2	2.81	24	11
1989-06-25	8	4.33	26	12.5
1989-06-26	3.2	4.58	27.5	12.5
1989-06-27	2.4	3.62	27	11.5
1989-06-28	10.2	3.11	23	12
1989-06-29	10	5.21	21.5	10
1989-06-30	12	3.16	24	8.5
1989-07-01	1	2.94	23	12
1989-07-02	0.01	4.37	23	10
1989-07-03	0.01	4.81	25	9
1989-07-04	0.01	6.11	24	8.5
1989-07-05	3.5	5.57	22	11
1989-07-06	13.5	2.55	19	12.5
1989-07-07	1.1	6.25	21	10.5
1989-07-08	3	3.04	21	10
1989-07-09	0.5	4.75	20.5	9
1989-07-10	2	4.59	21.5	9.5
1989-07-11	15	3.35	20	9
1989-07-12	7.5	2.79	16	12
1989-07-13	0.01	2.07	18	9.5
1989-07-14	0.01	5.12	22.5	10
1989-07-15	0.01	4.97	24	9.5
1989-07-16	0.01	6.04	24	8
1989-07-17	0.01	5.56	26	6
1989-07-18	0.01	7.32	26	6
1989-07-19	0	4.6	23.5	8
1989-07-20	0.01	5.31	23	9
1989-07-21	0.01	5.78	22.5	8
1989-07-22	0	6.2	22.5	7.5
1989-07-23	0	4.86	23	11
1989-07-24	0	3.72	22.5	11.5
1989-07-25	6	4.09	20.5	13
1989-07-26	6	5.18	20	12.5
1989-07-27	11	2.36	19.5	12
1989-07-28	6	3.17	20	11.5
1989-07-29	6	1.7	21	12
1989-07-30	0.01	2.21	20.5	12.5
1989-07-31	4	3.18	23	10
1989-08-01	0.01	4.16	22.5	11
1989-08-02	7.5	5.6	22.5	12
1989-08-03	8	6.13	20.5	9
1989-08-04	0.01	4.47	21.5	12
1989-08-05	4.2	3.25	24	10
1989-08-06	11.5	3.01	24	10
1989-08-07	2.5	2.85	23.5	12
1989-08-08	10	1.58	17.5	12.5
1989-08-09	1	4.77	19.5	11
1989-08-10	1.5	6.04	20	8
1989-08-11	0.01	5.42	19.5	9.5
1989-08-12	0.01	4.42	22	10
1989-08-13	0.01	5.25	21.5	9
1989-08-14	0	4.53	22	7.5
1989-08-15	0	3.1	21	10
1989-08-16	0	5.3	22.5	9.5
1989-08-17	8.5	3.67	23	9
1989-08-18	4.5	4.51	20	12
1989-08-19	0	3.63	21	10
1989-08-20	0	4.39	22	9
1989-08-21	0	3.81	23.5	10
1989-08-22	0	3.76	24	10
1989-08-23	2.8	2.85	23	11
1989-08-24	0.01	5.26	23	12
1989-08-25	0.5	2.13	21	13
1989-08-26	5.5	3.7	22.5	13.5
1989-08-27	5	3.35	21	9
1989-08-28	6.5	3	19.5	11
1989-08-29	1.2	3.75	21	13
1989-08-30	4.5	4.69	22.5	13
1989-08-31	2	5.05	21.5	10.5
1989-09-01	12.5	4.33	21.5	12
1989-09-02	1.2	5.79	20	10
1989-09-03	9.2	4.46	19	12
1989-09-04	5	2.95	21	10
1989-09-05	0.6	3.69	19	12.5
1989-09-06	4	4.28	22	13.5
1989-09-07	6	6.61	21	11
1989-09-08	0	2.55	21	11
1989-09-09	0	5.71	23	12.5
1989-09-10	7.5	6	23	11.5
1989-09-11	1	5.6	22	11.5
1989-09-12	0	4.89	22	11.5
1989-09-13	0.5	5.03	22	11
1989-09-14	1.8	4.02	22	12
1989-09-15	7	1.53	19	12.5
1989-09-16	3	1.26	18	12.5
1989-09-17	8.5	2	19	12.5
1989-09-18	9.4	1.42	20	13
1989-09-19	40.8	3.15	18.5	13
1989-09-20	0.01	3.93	21	9.5
1989-09-21	49	3.35	23	11
1989-09-22	28	2.85	21	11
1989-09-23	5.5	1.31	15	9
1989-09-24	0.3	1.52	16	5.5
1989-09-25	0	3.87	19	3.5
1989-09-26	1.2	2.95	16.5	8
1989-09-27	0.01	1.76	15	7
1989-09-28	0.01	1.82	19	8
1989-09-29	0.01	1.69	16.5	9
1989-09-30	0	4.04	20	8
1989-10-01	0	5.69	21	4.5
1989-10-02	0	4.82	22	6
1989-10-03	0	3.44	21.5	4.5
1989-10-04	0	4.33	24	11
1989-10-05	0.01	4.49	24.5	12
1989-10-06	0.01	3.12	24	8
1989-10-07	1	4.92	22	12
1989-10-08	0.5	3.09	21	11.5
1989-10-09	0	4.26	21	12
1989-10-10	0.01	2.59	19.5	11.5
1989-10-11	0.01	2.78	21	4
1989-10-12	0	5.3	22.5	3.5
1989-10-13	0	2.95	22	0
1989-10-14	0.01	2.75	23	2
1989-10-15	0	2.63	25	1
1989-10-16	0	2.93	27	12.5
1989-10-17	1.5	3.35	22	5
1989-10-18	1.5	1	16.5	10.5
1989-10-19	0.5	1.91	19	6
1989-10-20	0.01	3.06	20.5	2
1989-10-21	0	5.37	23	3
1989-10-22	0.01	4.46	24	1
1989-10-23	0.01	3.89	24.5	-3
1989-10-24	0	3.07	18	1.5
1989-10-25	0.5	3.56	19.5	5
1989-10-26	0.01	3.19	19.5	6
1989-10-27	0.01	4.04	20.5	3
1989-10-28	0.01	4.29	22	3
1989-10-29	0	4.22	25	4
1989-10-30	0	2.75	28	3
1989-10-31	0	3.32	19	7
1989-11-01	0	2.42	26	5.5
1989-11-02	2	4.93	22	6
1989-11-03	0.01	2	17	9
1989-11-04	0	1.02	25	3
1989-11-05	0	5.52	27	4.5
1989-11-06	0.01	3.9	27	4
1989-11-07	0	4.34	30	5
1989-11-08	0	3.85	31	6.5
1989-11-09	1.3	4.81	21.5	5.5
1989-11-10	0.4	4.98	20	10.5
1989-11-11	4	5.12	21	11
1989-11-12	1.2	2.22	20	6
1989-11-13	0.01	2.59	24	5
1989-11-14	0	4.16	25.5	5
1989-11-15	2.3	4.55	27	4
1989-11-16	0.01	3.44	18	5.5
1989-11-17	0.01	3	25	4.5
1989-11-18	0	2.51	26.5	4.5
1989-11-19	1.2	4.49	19	5.5
1989-11-20	0.01	2.38	20.5	10
1989-11-21	10	3.26	23.5	4
1989-11-22	13.2	3.51	28	9
1989-11-23	0.01	4.42	23.5	9
1989-11-24	0	2.26	26	6
1989-11-25	0.01	3.56	24	8
1989-11-26	0	3.05	24.5	6.5
1989-11-27	0	3.88	25.5	5
1989-11-28	0	3.18	22.5	6
1989-11-29	3	2.46	16	7.5
1989-11-30	0.5	1.32	12.5	8.5
1989-12-01	0.01	2.2	14.5	8
1989-12-02	0	1.98	14.5	8
1989-12-03	1.2	1.02	10	6
1989-12-04	4.5	1.06	11.5	6
1989-12-05	1.5	0.5	21	8
1989-12-06	4	2.38	23	7
1989-12-07	18	2.04	22.5	7.5
1989-12-08	7	2	7	5
1989-12-09	0	2.16	23	4.5
1989-12-10	0	1.62	24	3.5
1989-12-11	0	3.48	24	8
1989-12-12	0	2.91	27	6
1989-12-13	0	2.88	23.5	5
1989-12-14	0	2.7	26	4
1989-12-15	0	3.74	26	4
1989-12-16	0	3.06	23	4
1989-12-17	0	3.97	27	8
1989-12-18	0	2.31	27	7
1989-12-19	0	4.55	24	8
1989-12-20	0	3.02	26	7.5
1989-12-21	0	2.91	25	7
1989-12-22	0	2.48	14	7
1989-12-23	0	3.34	12.5	0.1
1989-12-24	0	1.27	11	0.5
1989-12-25	0	0.79	17	0.3
1989-12-26	0	2.5	17	0.4
1989-12-27	0	3.41	27	1.5
1989-12-28	0	5.21	24	1
1989-12-29	0	4.82	26.5	0
1989-12-30	0	4.45	27	7
1989-12-31	0.01	3.47	26	7
1990-01-01	0	3.2	14	6
1990-01-02	0	1.9	20.5	6
1990-01-03	0	1.71	24	3
1990-01-04	0	4.62	23	3
1990-01-05	0	3.98	26.5	3
1990-01-06	0	3.05	23	5.5
1990-01-07	0	3.3	14	4.5
1990-01-08	0	2.85	23.5	4
1990-01-09	0	4.47	25	2
1990-01-10	1.2	1.21	17	2
1990-01-11	0	1.85	16.5	8
1990-01-12	3.9	3.36	19	7.5
1990-01-13	6	1.33	13	7.5
1990-01-14	0.01	2.31	20	6.5
1990-01-15	0	2.87	21	6
1990-01-16	0	4.32	23.5	4
1990-01-17	0	3.1	24.5	4.5
1990-01-18	0	3.42	26	6
1990-01-19	0	3.1	26	7.5
1990-01-20	3.5	5.45	23	5.5
1990-01-21	0.9	2.83	17.5	9
1990-01-22	0.01	1.51	15.5	9
1990-01-23	0	4.06	24.5	3
1990-01-24	0	4.7	28	4.5
1990-01-25	5.2	0.8	14	5
1990-01-26	0.01	2.27	15	2
1990-01-27	0	3.81	20.5	4.5
1990-01-28	0	2.9	26.5	6
1990-01-29	0	1.07	15	4
1990-01-30	0	2.25	26	6.5
1990-01-31	0	4.37	27	5
1990-02-01	0	2.46	25	5.5
1990-02-02	0	4.83	28	6
1990-02-03	0	3.66	22	7
1990-02-04	3.2	2.85	25	6
1990-02-05	5	2.78	27	2.5
1990-02-06	0.8	3.28	20.5	6.5
1990-02-07	0.01	3.75	21.5	8
1990-02-08	4.5	4.13	25	8
1990-02-09	0	1.55	28	6.5
1990-02-10	0	4.55	24	6
1990-02-11	0	4.89	18	5.5
1990-02-12	0	5.29	17.5	4.5
1990-02-13	0	3.59	29	2.5
1990-02-14	0	4.77	28.5	10.5
1990-02-15	0	4.85	29.5	8.5
1990-02-16	0	3.7	24	8
1990-02-17	5	4.01	18	8
1990-02-18	9	2.59	22.5	6
1990-02-19	12.5	4.8	19.5	7
1990-02-20	10.5	3.71	16	7.5
1990-02-21	0	4.41	23	7
1990-02-22	1.8	4.78	24.5	6
1990-02-23	0	3.62	9.5	4
1990-02-24	0	3.22	12	1
1990-02-25	0	4.83	13	2
1990-02-26	0	4.06	14	2
1990-02-27	0	3.89	19	2
1990-02-28	8.5	4.53	24	8
1990-03-01	3.5	8.78	18.5	8.5
1990-03-02	0	6.5	25	7.5
1990-03-03	0	3.69	25	5
1990-03-04	0	4.85	27	3
1990-03-05	0	5.65	26.5	6
1990-03-06	0	3.8	27	7.5
1990-03-07	0	7.35	26.5	7.5
1990-03-08	0	3.43	19.5	9
1990-03-09	0	3.21	21	7
1990-03-10	0	3.36	21	7
1990-03-11	2	4.52	23.5	8.5
1990-03-12	0	4.8	26	6.5
1990-03-13	0	5.34	27	7
1990-03-14	0	6.1	32.5	5
1990-03-15	0	7.05	29	10
1990-03-16	0	6.26	29	9.5
1990-03-17	0	5.42	15	4
1990-03-18	0	5.11	26.5	11
1990-03-19	2.5	2.86	24.5	5.5
1990-03-20	2	3.46	10	7.5
1990-03-21	0.01	2.92	17.5	3
1990-03-22	0	4.86	24	1
1990-03-23	0	6.39	23	-1
1990-03-24	0	3.79	25	3.5
1990-03-25	0.8	5.31	18	8.5
1990-03-26	0	3.18	17	10.5
1990-03-27	0	5.17	18	9
1990-03-28	0.8	3.76	27	9
1990-03-29	0	5.12	30	10.5
1990-03-30	0	6.56	28	9
1990-03-31	0	5.87	28	9
1990-04-01	0	6.21	27.5	7
1990-04-02	0	4.86	28.5	7.5
1990-04-03	1	5.58	22	9
1990-04-04	1.5	6.03	28.5	11.5
1990-04-05	0.8	4.22	31	8.5
1990-04-06	0.6	3.8	29	10.5
1990-04-07	0	3.26	16.5	8
1990-04-08	0	6.12	28.5	5.5
1990-04-09	0	6.71	29.5	6
1990-04-10	0.6	7.21	32	12
1990-04-11	5	2.41	17	11.5
1990-04-12	0	3.4	16.5	9.5
1990-04-13	1.5	6.04	29	9
1990-04-14	0	4.85	27	8
1990-04-15	0	3.39	23	6.5
1990-04-16	0	3.45	24.5	4.5
1990-04-17	0	3.68	31	6
1990-04-18	0	4.65	22	7
1990-04-19	0	5.66	23	9
1990-04-20	0	6.06	22	10
1990-04-21	0	4.3	20.5	10
1990-04-22	0	4	21	7
1990-04-23	0.5	4.06	25.5	7.5
1990-04-24	7	2.6	25	9.5
1990-04-25	2	2.68	24	11.5
1990-04-26	0.01	4.1	27	10.5
1990-04-27	0	5.88	29.5	9.5
1990-04-28	0	7.85	25.5	7
1990-04-29	0	5.25	31	10.5
1990-04-30	0.5	5.69	31	11.5
1990-05-01	0	7.08	30	10
1990-05-02	0	6.41	32	9.5
1990-05-03	0	5.72	31	14
1990-05-04	6	1.12	22	13
1990-05-05	0.01	2.61	18.5	11
1990-05-06	3.5	3.62	16	10
1990-05-07	1.1	2.26	19	10
1990-05-08	0	1.79	21.5	9.5
1990-05-09	0	6.55	26.5	10.5
1990-05-10	0	5.09	25	8.5
1990-05-11	0.5	6.94	30	11
1990-05-12	1	3.62	30	11.5
1990-05-13	0	3.45	26	12.5
1990-05-14	0	6.12	25	10
1990-05-15	0	5.47	25	8
1990-05-16	0.4	7.31	28.5	6
1990-05-17	0	6.38	24	6
1990-05-18	0.01	6.54	23.5	11.5
1990-05-19	17.8	7	28	9.5
1990-05-20	0.4	6.99	31	8.5
1990-05-21	2.8	4.1	26	11
1990-05-22	0.01	2.46	18	9.5
1990-05-23	0.01	2.14	21	8
1990-05-24	0	1.54	24	6
1990-05-25	0	8.13	28	6
1990-05-26	0	5.84	30	8
1990-05-27	0	7.41	30.5	9
1990-05-28	0	8	31.5	6
1990-05-29	0	4.78	32	12
1990-05-30	0	7.18	33.5	11.5
1990-05-31	2.5	3.54	28	10
1990-06-01	0	2.18	25.5	10.5
1990-06-02	0	3.62	24	13.5
1990-06-03	0.4	2.68	23	11
1990-06-04	0.01	8.74	22	11.5
1990-06-05	0	5.68	23	8
1990-06-06	0	7.15	25	9
1990-06-07	0	6.03	25.5	11
1990-06-08	0	6.72	26	9.5
1990-06-09	0	3.96	24	9
1990-06-10	13	10.26	22	8
1990-06-11	1	1.28	22.5	9
1990-06-12	0	3.29	24	11
1990-06-13	6.2	4.35	24	10
1990-06-14	1.5	2.42	20.5	11
1990-06-15	0	5.82	22	11
1990-06-16	0	5.37	23.5	9.5
1990-06-17	0.01	5.87	23	9
1990-06-18	1	6.4	23	12
1990-06-19	0	4.19	22	8
1990-06-20	8.5	3.81	23.5	13
1990-06-21	5.2	1.17	21.5	4
1990-06-22	6	4.52	23.5	13.5
1990-06-23	9	3.77	22	11.5
1990-06-24	0.01	0.95	18	11
1990-06-25	2.2	1.01	18	12.5
1990-06-26	0	4.56	20.5	11
1990-06-27	1.2	2.7	19.5	11
1990-06-28	3.8	5.65	21.5	10
1990-06-29	2.5	3.19	19	9.5
1990-06-30	7.8	1.42	21.5	12
1990-07-01	2.2	1.54	19	13
1990-07-02	2.2	2.56	21	13.5
1990-07-03	0	4.3	21.5	13
1990-07-04	0.2	5.72	22	13
1990-07-05	0.01	6.81	21.5	12
1990-07-06	0.01	2.83	22	11
1990-07-07	22.2	5.7	24	11
1990-07-08	7.5	2.01	18	13
1990-07-09	1	3.21	18	11.5
1990-07-10	10	4.89	19	9.5
1990-07-11	3.4	0.97	17.5	11
1990-07-12	0	3.64	20.5	10
1990-07-13	0.4	4.07	21	13
1990-07-14	0.6	4.11	21.5	11
1990-07-15	0.01	4.34	22	12
1990-07-16	1.2	4.38	25	12
1990-07-17	7	6.73	22.5	11.5
1990-07-18	4	4.81	21	10.5
1990-07-19	1.2	4.63	19	11
1990-07-20	4	4.21	19.5	8
1990-07-21	0.01	4.57	20	10
1990-07-22	0.01	4.09	21.5	11
1990-07-23	0.2	3.47	22	10.5
1990-07-24	0	2.75	21.5	11
1990-07-25	0	5.49	20	7
1990-07-26	0	6.28	21	9.5
1990-07-27	0.01	6.05	22	8.5
1990-07-28	0	7.2	21	9
1990-07-29	0	4.58	24	12.5
1990-07-30	0	5.26	22.5	9.5
1990-07-31	5.5	6.85	22	12
1990-08-01	0	5.2	22	11
1990-08-02	1.8	6.46	23	14
1990-08-03	0	3.45	23.5	11
1990-08-04	0.01	6.4	22	9
1990-08-05	2.5	5.57	23	12
1990-08-06	28.5	2.98	20	11
1990-08-07	95.5	3.79	19	11
1990-08-08	9	2.11	17.5	11.5
1990-08-09	5.8	6.01	18	10
1990-08-10	5.2	5.4	18.5	9.5
1990-08-11	11.4	3.45	19	12
1990-08-12	0	4.07	20	13
1990-08-13	0	5	21.5	12.5
1990-08-14	11.5	8.14	23.5	10.5
1990-08-15	0	4.59	20	10.5
1990-08-16	4.5	4.67	19.5	10
1990-08-17	6.2	4	20	11.5
1990-08-18	1.5	4.79	20	12
1990-08-19	0.8	5.68	20	11
1990-08-20	0.4	5.54	20	6
1990-08-21	0	6.3	20.5	8
1990-08-22	0	4.17	21	9
1990-08-23	0.4	4.98	21.5	12
1990-08-24	9	2.64	20	12
1990-08-25	0.2	6.36	20.5	10.5
1990-08-26	0.01	4.59	21	9
1990-08-27	0.01	5.51	22	10
1990-08-28	0	5.52	22.5	8
1990-08-29	0	4.15	22	12
1990-08-30	0	4.21	22.5	10
1990-08-31	0	5.87	17.5	12
1990-09-01	1	3.15	18.5	10
1990-09-02	3	3.26	20	11
1990-09-03	13	3.81	19	12
1990-09-04	8.2	4.82	18	12
1990-09-05	5	4.15	18.5	13
1990-09-06	5.6	2.7	19	12
1990-09-07	3.4	4.4	21.5	10
1990-09-08	1	2.73	19.5	11
1990-09-09	1	2.94	20.5	10.5
1990-09-10	0	2.44	20	12
1990-09-11	22.2	3.44	24	12
1990-09-12	12	2.29	19.5	12
1990-09-13	19.5	4.68	20.5	13
1990-09-14	2.5	3.77	21	13.5
1990-09-15	0.01	4.97	21	11.5
1990-09-16	0	5.95	21	10
1990-09-17	0.3	3.81	22.5	10
1990-09-18	0.5	4.64	22.5	13.5
1990-09-19	0	4.98	22	12
1990-09-20	0	5.3	25	10
1990-09-21	3.6	4.76	23	11.5
1990-09-22	5.5	6.32	22	12
1990-09-23	8.2	2.14	20	11
1990-09-24	14	2.43	21	12.5
1990-09-25	0	3.15	20	12
1990-09-26	2.3	4.75	21	13
1990-09-27	0.01	3.33	22	10.5
1990-09-28	0	4.84	21	9
1990-09-29	0.01	4.6	19	8.5
1990-09-30	0	6.2	21	7.5
1990-10-01	0.4	8.67	22	9
1990-10-02	0	4.93	22	8
1990-10-03	0.01	5.71	25	10
1990-10-04	8	5.01	23	9.5
1990-10-05	24	2.84	19.5	12
1990-10-06	0.01	3.68	19.5	11
1990-10-07	0.01	3.77	21.5	8
1990-10-08	0.01	4.63	22.5	8
1990-10-09	1.5	2.34	24	7
1990-10-10	0.01	3.04	19	11
1990-10-11	0	3.43	26	7
1990-10-12	0.3	1.87	24.5	12
1990-10-13	0	1.44	19	11
1990-10-14	0	4.57	24.5	9.5
1990-10-15	0.3	3.13	21.5	8
1990-10-16	0.2	2.78	22.5	11.5
1990-10-17	2.1	0.54	23	11
1990-10-18	4.5	1.93	21	10
1990-10-19	0.01	1.8	17.5	11
1990-10-20	0.01	6.12	22	9
1990-10-21	3	0.12	24	8.5
1990-10-22	0	2.42	26	9
1990-10-23	0	4.76	22.5	9.5
1990-10-24	0.2	1.89	18	10.5
1990-10-25	0	0.28	11.5	10
1990-10-26	0	3.29	16.5	7
1990-10-27	0.01	0.97	13.5	7.5
1990-10-28	0	2.31	14.5	7
1990-10-29	0.01	2.32	15	5.5
1990-10-30	0.01	1.11	18	5
1990-10-31	0	NULO	17.5	4
1990-11-01	0	NULO	19.5	9
1990-11-02	0	NULO	20	4
1990-11-03	0	NULO	24.5	6.5
1990-11-04	2.8	NULO	25.5	4
1990-11-05	0	NULO	17	9.5
1990-11-06	0	4.32	25	8
1990-11-07	0	1.67	23.5	7.5
1990-11-08	0	3.66	26.5	9
1990-11-09	0	3.88	19.5	13
1990-11-10	0	4.12	18	5
1990-11-11	0.01	2.15	18	0.4
1990-11-12	0	3.74	14.5	0
1990-11-13	0	0.84	11.5	1
1990-11-14	0.2	1.51	15	8
1990-11-15	0.7	1	16.5	6
1990-11-16	5.6	1.11	18	9.5
1990-11-17	3.2	2.02	16	9.5
1990-11-18	0	2.53	20	10
1990-11-19	0.01	4.56	22	3
1990-11-20	0	3.24	25	4
1990-11-21	0	2.53	27	6.5
1990-11-22	0	2.96	24	5
1990-11-23	1.2	3.49	20	9.5
1990-11-24	0	3.34	21	10
1990-11-25	0	4.27	20	4
1990-11-26	0	3.45	19.5	10.5
1990-11-27	0	1.6	26.5	10
1990-11-28	17	4.29	22	6
1990-11-29	22.2	1.48	12	10
1990-11-30	1.8	1.22	10	5.5
1990-12-01	0	1.18	24	6
1990-12-02	0.01	3.23	23	8.5
1990-12-03	0	4.34	23.5	6
1990-12-04	0	0.96	12.5	2.5
1990-12-05	0	3.17	18	3
1990-12-06	0	1.88	24	6
1990-12-07	0	1.97	8	4.5
1990-12-08	0	2.07	9	0.5
1990-12-09	0	1.53	17.5	0.2
1990-12-10	0	3.48	17	0
1990-12-11	0	3.17	25.5	0.3
1990-12-12	0	2.22	26.5	1.5
1990-12-13	0	4.54	22.5	0.5
1990-12-14	0	2.77	21.5	0.1
1990-12-15	0	3.17	25.5	0.1
1990-12-16	0	3.55	28.5	0.1
1990-12-17	0	4.55	29.5	4.5
1990-12-18	0	2.59	28	7
1990-12-19	0	3.7	28.5	7
1990-12-20	0	4.74	28	4
1990-12-21	0	3.87	29.5	6
1990-12-22	0	3.85	28.5	5.5
1990-12-23	0	2.75	25	5
1990-12-24	0	2.16	12.5	1.5
1990-12-25	0	2.37	24.5	4
1990-12-26	0	3.56	24	0.5
1990-12-27	0	0.35	24	3
1990-12-28	0	2.92	24	5
1990-12-29	0	3.61	25	3
1990-12-30	0	2.96	23.5	4.5
1990-12-31	1	3.82	16.5	6
1991-01-01	0	0.58	18.5	5
1991-01-02	0	0.6	22	7.5
1991-01-03	4.8	0.48	16.5	6.5
1991-01-04	0.01	2.56	20	9.5
1991-01-05	0	1.92	20	4
1991-01-06	0.01	3.77	24.5	7.5
1991-01-07	0.4	1.78	17	4.5
1991-01-08	0	2.17	17	9.5
1991-01-09	0	3.48	22	8
1991-01-10	0	1.21	21	7.5
1991-01-11	0.01	1.87	25.5	8
1991-01-12	0	2.36	13	8
1991-01-13	0	3.38	19	6.5
1991-01-14	0	2.71	26	3.5
1991-01-15	0	2.9	26	5
1991-01-16	0	5.53	25.5	4
1991-01-17	0	4.69	26.5	3
1991-01-18	0	3.83	27.5	3.5
1991-01-19	0	5.47	28	6
1991-01-20	0	3.47	28.5	4
1991-01-21	0	2.93	18	1.5
1991-01-22	0	3.1	27.5	3
1991-01-23	0	5.59	25.5	5.5
1991-01-24	0	NULO	22	7
1991-01-25	0	NULO	16	5.5
1991-01-26	0	NULO	15	8
1991-01-27	0.01	0.85	29	7
1991-01-28	0	4.11	26	9
1991-01-29	0	4.5	26.5	7
1991-01-30	0	5.46	22.5	6
1991-01-31	0.01	4.85	25	7.5
1991-02-01	0.01	3.34	15	2
1991-02-02	0.4	2.59	14.5	6
1991-02-03	1.5	4.11	19	9
1991-02-04	0	5.09	21	7
1991-02-05	4	4.01	20	6
1991-02-06	1.8	2.28	17	8
1991-02-07	0.2	2.23	13.5	8
1991-02-08	0	2.38	12.5	4
1991-02-09	0.2	4.52	20	5
1991-02-10	0.01	3.21	19.5	3
1991-02-11	0	4.7	17	11
1991-02-12	0	4.71	22.5	1.5
1991-02-13	0	6	30.5	3.5
1991-02-14	0	5.41	21.5	7.5
1991-02-15	0	4.99	16.5	6.5
1991-02-16	0	4.8	20	9
1991-02-17	0	5.48	26.5	6
1991-02-18	0	3.88	30	7
1991-02-19	0.01	NULO	28.5	6
1991-02-20	0.01	NULO	14	7.5
1991-02-21	0	NULO	22.5	2.5
1991-02-22	0	NULO	23.5	4.5
1991-02-23	0	4.85	19	6
1991-02-24	0	7	27.5	5.5
1991-02-25	0	6.19	28	4.5
1991-02-26	0	4.52	16.5	10
1991-02-27	0	5.8	20	8
1991-02-28	0	7.32	31	9
1991-03-01	0	7.71	32	7
1991-03-02	0	10.37	33	9
1991-03-03	0	5.89	28	4.5
1991-03-04	0	5.87	20	0
1991-03-05	0	6.85	31	-0.5
1991-03-06	0	8.19	31	6
1991-03-07	0	7.96	35	7
1991-03-08	0	6.43	31	8.5
1991-03-09	2.5	4.74	14.5	8
1991-03-10	0.01	3.24	16	6.5
1991-03-11	0	5.57	30	4
1991-03-12	0	7.57	32.5	6
1991-03-13	0	7.9	32.5	6.5
1991-03-14	0	9.96	34	10
1991-03-15	0	6.27	33.5	12
1991-03-16	0	9.56	33	8
1991-03-17	0	5.68	31	7
1991-03-18	0	4.97	20	11
1991-03-19	0	7.85	32.5	6
1991-03-20	0	NULO	32	10
1991-03-21	0	8.86	30.5	9
1991-03-22	0	8.58	30	10
1991-03-23	0	5.27	22.5	7.5
1991-03-24	0	4.38	25.5	11.5
1991-03-25	0	8.69	30	6.5
1991-03-26	0	7.68	29.5	6.5
1991-03-27	0	6.65	31	6.5
1991-03-28	0	8.75	35	10.5
1991-03-29	0	6.62	27	10
1991-03-30	0.01	5.14	21	8
1991-03-31	0	2.7	14	5
1991-04-01	0.01	4.68	17	7.5
1991-04-02	0	7.9	27	1.5
1991-04-03	0	NULO	31	2
1991-04-04	2	2	31	7
1991-04-05	0	NULO	18	9
1991-04-06	11	11	23	6
1991-04-07	0	4.7	25.5	9.5
1991-04-08	0	6.01	28	9
1991-04-09	0	6.81	28.5	8
1991-04-10	0	4	22	7
1991-04-11	0	6.42	30.5	10
1991-04-12	0	6.62	30	8
1991-04-13	0	6.36	30.5	9
1991-04-14	2.5	5.73	33	11
1991-04-15	1	5.29	24.5	11.5
1991-04-16	0	5.74	30	8.5
1991-04-17	0	5.87	31.5	8
1991-04-18	0	7.07	33	9
1991-04-19	0	7.38	33.5	10
1991-04-20	0	6.1	33.5	9
1991-04-21	0	NULO	33	10
1991-04-22	2.2	7.06	36	12
1991-04-23	0	9.88	32	11.5
1991-04-24	6	6.94	33.5	14
1991-04-25	0	6.65	30.5	12.5
1991-04-26	0	8.03	33	13
1991-04-27	0	8.18	33	13
1991-04-28	0	6.61	35	14
1991-04-29	0	6.92	31	13
1991-04-30	0	4.98	29.5	11.5
1991-05-01	0	6.2	31.5	13
1991-05-02	0	6.17	32	9
1991-05-03	0	6.28	31	10
1991-05-04	0	8.82	30.5	9
1991-05-05	1.3	4.66	28.5	9
1991-05-06	0.3	5.6	21	10
1991-05-07	0.01	3.14	30	8.5
1991-05-08	0	5.2	26	7
1991-05-09	0	8.05	28	8.5
1991-05-10	1	4.83	29	11
1991-05-11	0	5.8	25	8
1991-05-12	0	6	23.5	9.5
1991-05-13	0	6.06	27	8.5
1991-05-14	0	6.32	31	11.5
1991-05-15	1.6	3.88	30.5	11.5
1991-05-16	2.5	5.82	30	11
1991-05-17	0	3.66	29	10
1991-05-18	4.5	4.84	28.5	10.5
1991-05-19	0	4.5	26	8.5
1991-05-20	0	6.66	27	9
1991-05-21	0	3.26	27	12
1991-05-22	0	6.88	31.5	11.5
1991-05-23	0	6.3	31	12
1991-05-24	0	8	25.5	11
1991-05-25	3	6.55	29	12.5
1991-05-26	0.01	4.83	26	12
1991-05-27	12.5	8.92	25.5	13
1991-05-28	0	6.26	24	10
1991-05-29	0.01	6.08	26	8
1991-05-30	0	5.08	29	9
1991-05-31	0	7.77	31	10
1991-06-01	0	5.12	31.5	10
1991-06-02	0	4.31	27	10
1991-06-03	0	5.69	27	10
1991-06-04	0	6.95	27.5	9.5
1991-06-05	0	6.61	28	12
1991-06-06	0	5.05	24.5	6.5
1991-06-07	0	6.32	24	8.5
1991-06-08	0	4.82	25	10
1991-06-09	0	5.21	26	8
1991-06-10	0	5.62	23.5	8.5
1991-06-11	1.2	3.01	24	12
1991-06-12	1	4.05	24	10
1991-06-13	0.5	5.22	25	13.5
1991-06-14	13	7.75	25.5	12
1991-06-15	0.2	1.39	22	12.5
1991-06-16	0	6.68	23.5	14
1991-06-17	5.5	3.61	25.5	13
1991-06-18	19.6	3.43	22	13.5
1991-06-19	0	4.23	20.5	12
1991-06-20	0	5.31	21.5	12
1991-06-21	0	5.02	22.5	11.5
1991-06-22	0	5.95	23	11.5
1991-06-23	7.5	3.52	24	13
1991-06-24	14	3.53	22	13
1991-06-25	5.3	2.7	23	11.5
1991-06-26	9.5	2.74	19.5	14
1991-06-27	1.8	3.42	19.5	13
1991-06-28	30	1.42	22.5	13
1991-06-29	2.5	3.61	21	13
1991-06-30	6	2.24	19	12
1991-07-01	3	1.63	19	14
1991-07-02	19	3	22	13
1991-07-03	4.5	1.01	17	13.5
1991-07-04	0	1.29	19.5	13.5
1991-07-05	1	2.82	21	12
1991-07-06	8	3.11	23.5	12
1991-07-07	4	1.17	20	13
1991-07-08	2	2.11	21	13.5
1991-07-09	5.3	4.99	20	12.5
1991-07-10	0	4.01	20	11.5
1991-07-11	0	3.7	23	11
1991-07-12	0	3.73	22	12
1991-07-13	2	6.79	22.5	12.5
1991-07-14	1.8	1.42	22	11.5
1991-07-15	0	5.34	21	12.5
1991-07-16	0	6.07	21	11.5
1991-07-17	0	5.6	21	10
1991-07-18	0	4.77	22	10.5
1991-07-19	0	5.07	21.5	11
1991-07-20	3	4.34	23	12
1991-07-21	0.4	4.89	21	9.5
1991-07-22	1.8	5.57	21.5	11
1991-07-23	0.5	4.28	19	11
1991-07-24	0.01	2.96	21.5	11
1991-07-25	0	4.25	22.5	10.5
1991-07-26	1.8	1.8	22	12
1991-07-27	0.01	3.7	24	11.5
1991-07-28	0.01	4.98	21	8.5
1991-07-29	0	5.42	23.5	8
1991-07-30	0	5.44	23.5	9
1991-07-31	0	5.17	24	6
1991-08-01	0.01	4.05	22	5.5
1991-08-02	0	4.91	22.5	8
1991-08-03	5.7	4.04	22	9
1991-08-04	1.8	3.16	20.5	8
1991-08-05	8.8	7.48	21	12.5
1991-08-06	8.5	2.93	20.5	12.5
1991-08-07	3.8	2.49	18	11.5
1991-08-08	1.3	0.65	17	10.5
1991-08-09	0.01	4.88	20	9.5
1991-08-10	0.01	5.58	20.5	8
1991-08-11	8	5.8	19	8
1991-08-12	1.5	5.39	21	9
1991-08-13	0	4.89	20.5	7.5
1991-08-14	0	5.12	24.5	9
1991-08-15	0.01	3.26	23.5	9.5
1991-08-16	0.01	4.81	25.5	7.5
1991-08-17	0.2	3.87	25	8.5
1991-08-18	0	5.76	24	8.5
1991-08-19	3.2	3.45	25	11
1991-08-20	0.01	5.34	23.5	8
1991-08-21	0	5.04	24	9
1991-08-22	0.2	6.53	23	9
1991-08-23	1.2	7	23	9
1991-08-24	0.2	4.89	22.5	10
1991-08-25	0	5.11	23	11
1991-08-26	0	5.72	23.5	9
1991-08-27	0	5.62	23.5	9
1991-08-28	6.4	7.05	24	11
1991-08-29	3.8	5.75	22.5	12.5
1991-08-30	0.01	6.21	23	8
1991-08-31	0.01	4.27	23.5	7.5
1991-09-01	13.7	5.85	24	9.5
1991-09-02	4.3	5.45	23	11.5
1991-09-03	1	3.75	24.5	12
1991-09-04	5.5	3.76	22	11.5
1991-09-05	0	2.81	22	13
1991-09-06	2.8	4.04	23	11
1991-09-07	2.4	3.41	20	11
1991-09-08	0.4	5.47	21	11.5
1991-09-09	0	3.75	20.5	9
1991-09-10	5.3	2.96	18	8
1991-09-11	0	2.08	20.5	9.5
1991-09-12	1.8	3.56	22	11
1991-09-13	0	5.91	23	13
1991-09-14	0	5.07	23	10.5
1991-09-15	1	3.42	22	11
1991-09-16	0.2	4.12	22.5	13
1991-09-17	9.5	3.19	21.5	13.5
1991-09-18	7.6	4.49	21.5	11.5
1991-09-19	3	2.65	20.5	11.5
1991-09-20	2	2.62	17	12
1991-09-21	0.4	2.85	17.5	12
1991-09-22	13	2.79	19.5	12
1991-09-23	5.8	1.92	17	12
1991-09-24	0	3.3	21.5	10.5
1991-09-25	7.4	2.91	19	12.5
1991-09-26	0	3.93	20	10
1991-09-27	0.01	4.39	17.5	5.5
1991-09-28	1.8	0.7	14	8
1991-09-29	2.6	3.7	19	10.5
1991-09-30	5.8	0.39	17	12
1991-10-01	0	3.05	18	11.5
1991-10-02	11.2	3.64	20.5	10.5
1991-10-03	1.6	4.01	20	12.5
1991-10-04	9.5	2.92	23.5	12
1991-10-05	26	4.03	21	14
1991-10-06	11	1.04	16	12
1991-10-07	13.5	1.65	14	10
1991-10-08	5.8	0.32	16	10.5
1991-10-09	2.5	1.98	19	11.5
1991-10-10	3.7	1.45	16	12
1991-10-11	0.01	1.82	16	8.5
1991-10-12	0	4.52	19	2.5
1991-10-13	0	4.81	20.5	2
1991-10-14	0	4.81	22	2
1991-10-15	0.01	2.97	20.5	3
1991-10-16	0.01	5.41	18	6.5
1991-10-17	0.2	3.31	18	5
1991-10-18	0	4.27	18.5	8
1991-10-19	0.2	4.09	18	10
1991-10-20	0.01	3.3	18.5	8.5
1991-10-21	0.01	4.04	19.5	11
1991-10-22	0	3.27	18.5	10.5
1991-10-23	0.01	4.27	21.5	12
1991-10-24	0.01	2.66	21	8
1991-10-25	0.01	4.12	22	7
1991-10-26	0	3.8	27	8.5
1991-10-27	0	3.38	27.5	7
1991-10-28	2.2	2.3	26	13
1991-10-29	0.01	4.1	25.5	10
1991-10-30	0.01	NULO	21.5	7.5
1991-10-31	1	1	27.5	9.5
1991-11-01	0.5	0.5	14	12
1991-11-02	0.01	3.32	14.5	8.5
1991-11-03	0.8	2.29	18	10
1991-11-04	9.2	0.53	14	8
1991-11-05	0	3.06	16	9.5
1991-11-06	0	3.37	18	8
1991-11-07	3.4	2.18	24	9.5
1991-11-08	2.2	0.44	12	9
1991-11-09	0	3.23	16.5	6.5
1991-11-10	0	3.11	21	0
1991-11-11	0	4.52	21	2
1991-11-12	0	1.95	14.5	7
1991-11-13	0.01	2.56	15.5	4.5
1991-11-14	0	3.76	25	2.5
1991-11-15	0	3.25	24.5	5
1991-11-16	0	5.35	26.5	6
1991-11-17	0.9	1.56	25.5	7
1991-11-18	0.01	2.98	24.5	8.5
1991-11-19	8	2.9	25	8.5
1991-11-20	1.8	2.29	10	7
1991-11-21	0.01	0.92	18	3.5
1991-11-22	0	3.03	23.5	0.5
1991-11-23	0.01	0.88	20	0
1991-11-24	1.8	1.23	19.5	3
1991-11-25	0.01	2.89	13	2.5
1991-11-26	0	2.98	22.5	4
1991-11-27	0	2.63	18.5	2
1991-11-28	0.01	2.72	20	3
1991-11-29	0	3.09	25	4.5
1991-11-30	0	4.03	25	5
1991-12-01	0	3.43	26	5.5
1991-12-02	0	3.33	28	5
1991-12-03	0.01	1.99	24.5	6
1991-12-04	0.01	0.31	6.5	3
1991-12-05	0	3.4	23	3.5
1991-12-06	0.01	1.54	20	4
1991-12-07	0.01	2.48	19.5	6.5
1991-12-08	0	2.58	23.5	4
1991-12-09	1.3	2.25	20	5.5
1991-12-10	0.01	3.38	18	8.5
1991-12-11	0	2.78	26	6.5
1991-12-12	0	1.64	23.5	5
1991-12-13	0	3.22	24	4.5
1991-12-14	4.7	4.65	18	6
1991-12-15	1.4	0.65	12	7.5
1991-12-16	0.01	0.64	10.5	7
1991-12-17	0	0.93	16	7
1991-12-18	0	2.99	17	6.5
1991-12-19	7	0.6	21	5
1991-12-20	0.3	1.28	22	6.5
1991-12-21	0	2.92	21	6.5
1991-12-22	0	2.39	24	6
1991-12-23	0.8	2.63	22.5	7.5
1991-12-24	1.2	1.1	12.5	8
1991-12-25	5	1.23	17.5	7
1991-12-26	0	2.65	22.5	6
1991-12-27	0.01	2.67	16.5	8
1991-12-28	0	1.41	21	5
1991-12-29	0	2.96	23	4
1991-12-30	0	2	23	3
1991-12-31	0	4.57	21	4
1992-01-01	0	1.58	21	3
1992-01-02	0	3.39	23.5	5
1992-01-03	0	2.86	17.5	6
1992-01-04	0	2.9	19	7
1992-01-05	0	2.57	25	7.5
1992-01-06	0.01	3.77	27	5.5
1992-01-07	0	3.22	25.5	5
1992-01-08	0	1.19	26	8.5
1992-01-09	0	3.03	19.5	6.5
1992-01-10	0	1.57	16.5	8.5
1992-01-11	0	2.42	13.5	5
1992-01-12	0	4.08	21	7
1992-01-13	0	2.25	18	6
1992-01-14	0	2.01	20	3.5
1992-01-15	0.01	2.24	12	3.5
1992-01-16	2	2	20.5	5
1992-01-17	1.3	0.93	7	4.5
1992-01-18	0.01	1.41	13.5	6
1992-01-19	0	0.94	23.5	3
1992-01-20	0.01	1.22	8	3
1992-01-21	0	4.53	17	3
1992-01-22	0	1.35	25.5	5
1992-01-23	0	3.52	28	7
1992-01-24	0	1.76	11.5	3
1992-01-25	2	0.43	15	3.5
1992-01-26	2.2	2.86	18	7.5
1992-01-27	0	0.12	17	9
1992-01-28	18.2	1.61	17	8.5
1992-01-29	6	0.52	13	6
1992-01-30	4.2	1.91	11.5	7
1992-01-31	4	1.43	14.5	6.5
1992-02-01	0.8	0.65	14	6.5
1992-02-02	8	0.61	17	4.5
1992-02-03	6	4.26	17.5	7.5
1992-02-04	0	3.77	21.5	4.5
1992-02-05	0	4.5	22.5	0.5
1992-02-06	0	2.64	24	-1
1992-02-07	0	4.46	18.5	1
1992-02-08	0.01	1.43	16	2
1992-02-09	0	4.22	20.5	3
1992-02-10	0	2.77	21.5	0
1992-02-11	0	2.54	20	3.5
1992-02-12	0	3.6	28	2.5
1992-02-13	0	4.89	26.5	5.5
1992-02-14	0	5.01	29	5.5
1992-02-15	0	5.5	22.5	6.5
1992-02-16	0	4.68	28	5.5
1992-02-17	0	6.95	30	8.5
1992-02-18	0.3	3.99	25.5	5
1992-02-19	2.2	1.31	17.5	7
1992-02-20	0.01	4.2	16	8
1992-02-21	0	2.93	22	6.5
1992-02-22	9.2	2.43	23.5	8.5
1992-02-23	6	3.5	19.5	9
1992-02-24	0	4.64	24	7
1992-02-25	0	3.03	16	4
1992-02-26	0	4	10.5	4
1992-02-27	0	1.62	16	3
1992-02-28	0	3.82	16.5	2
1992-02-29	0	5.38	21.5	2.5
1992-03-01	0	6.22	24.5	4.5
1992-03-02	0	5.45	24	5
1992-03-03	0	4.69	23	7.5
1992-03-04	0	5.49	30	8.5
1992-03-05	0.01	4.89	27.5	6
1992-03-06	0	6.41	23.5	8.5
1992-03-07	0	5.97	26.5	6.5
1992-03-08	0	5.83	27	7.5
1992-03-09	0	6.67	30	8.5
1992-03-10	0	4.99	20.5	7
1992-03-11	0	2.8	24	4
1992-03-12	5.5	5.49	24	7.5
1992-03-13	0.6	2.02	10	7
1992-03-14	0	4.2	12	6
1992-03-15	0	5.05	20.5	2
1992-03-16	0	6.12	27.5	6
1992-03-17	0	4.13	26.5	6.5
1992-03-18	0	6.47	32.5	8
1992-03-19	0	5.6	24.5	7
1992-03-20	0	4.22	20	10
1992-03-21	2.1	6.79	31	10.5
1992-03-22	0	5.81	31.5	11
1992-03-23	2.8	5.49	20	10.5
1992-03-24	0	5.9	27.5	10
1992-03-25	2.2	6.36	20	8
1992-03-26	14.6	3.05	20.5	8.5
1992-03-27	0.8	5.16	22	8.5
1992-03-28	0	3.33	25	9
1992-03-29	0	5.38	24	8.5
1992-03-30	1.6	5.04	21.5	8
1992-03-31	5.2	1.89	24	10
1992-04-01	2.4	2.59	21.5	11
1992-04-02	3.4	2.1	24.5	10
1992-04-03	0	3.24	25	10.5
1992-04-04	0	2.55	22	10
1992-04-05	0	5.43	22.5	11
1992-04-06	0	3.59	23.5	10.5
1992-04-07	0	5.24	21.5	9
1992-04-08	7.2	3.93	24	10
1992-04-09	2.2	5.09	27.5	7
1992-04-10	2.8	3.67	27.5	10.5
1992-04-11	0	7.8	28	7
1992-04-12	0	4.39	22	5.5
1992-04-13	0	5.16	20	8.5
1992-04-14	0.7	3.07	19	6.5
1992-04-15	0.8	3.14	22	10.5
1992-04-16	2.4	5.46	25	10
1992-04-17	0	4.89	24	7
1992-04-18	0	6.63	28.5	6.5
1992-04-19	0	7.37	28.5	7.5
1992-04-20	0	3.84	20.5	9
1992-04-21	0	6.2	20	7
1992-04-22	0	5.38	27.5	5
1992-04-23	0	3.25	25	10
1992-04-24	1.8	4.45	22.5	10.5
1992-04-25	0.5	3.1	20	6
1992-04-26	0.01	4.35	18.5	9
1992-04-27	0	1.44	18	10
1992-04-28	0	4.99	18	10.5
1992-04-29	0	5.73	26	5
1992-04-30	0	6.94	23.5	6.5
1992-05-01	0	6.4	22	5
1992-05-02	0	5.67	25	5
1992-05-03	0	6.26	24	5.5
1992-05-04	0	7.18	21.5	7.5
1992-05-05	0	3.49	22	10
1992-05-06	11	5.73	20	9
1992-05-07	0	4.78	22	9.5
1992-05-08	0.01	2.75	18	10
1992-05-09	0.01	3.35	24.5	5
1992-05-10	4.8	2.39	20.5	10
1992-05-11	0.01	3.4	21	11.5
1992-05-12	0.4	5.2	26	10
1992-05-13	0.01	3.77	22.5	12
1992-05-14	9.6	4.75	26	13
1992-05-15	9	6.13	25.5	10
1992-05-16	7	4.42	25.5	9.5
1992-05-17	3.4	5.09	24	10
1992-05-18	0	4.1	19	11.5
1992-05-19	0	3.99	19	11.5
1992-05-20	0	3.96	21	10
1992-05-21	0	4.66	23.5	10
1992-05-22	0	4.79	20.5	10
1992-05-23	0.01	4.86	21	10
1992-05-24	0	6.76	20.5	7.5
1992-05-25	0.8	5.1	25	8
1992-05-26	3.5	4.17	27	11
1992-05-27	18	6.52	26	10.5
1992-05-28	21.2	6.62	24.5	11.5
1992-05-29	12.3	5.03	21.5	11.5
1992-05-30	0.01	3.39	21	11.5
1992-05-31	18.8	4.82	23.5	12
1992-06-01	2.2	1.69	21.5	12.5
1992-06-02	3.3	2.74	22.5	13
1992-06-03	7	1.1	21	13
1992-06-04	21.2	3.46	23	11
1992-06-05	12.3	2.09	24	13
1992-06-06	0	4.34	25	13.5
1992-06-07	0.6	4.56	23.5	13
1992-06-08	5.2	3.73	23	12
1992-06-09	0	2.2	22	11
1992-06-10	1.3	1.84	21	10.5
1992-06-11	0	3.04	22	13
1992-06-12	0.01	3.12	23	10
1992-06-13	0	4.58	25	10.5
1992-06-14	0.01	4.17	24	7.5
1992-06-15	0.8	3.99	23.5	10.5
1992-06-16	0	3.88	23	11.5
1992-06-17	0.6	2.2	22.5	7
1992-06-18	2.5	2.31	21.5	12.5
1992-06-19	0.8	1.55	18	12.5
1992-06-20	0	2.14	21.5	7.5
1992-06-21	0	2.21	21.5	10
1992-06-22	0	2.23	21	8
1992-06-23	0	2.33	22.5	6.5
1992-06-24	0	3.95	25.5	5.5
1992-06-25	0	4.78	27	6.5
1992-06-26	0	4.66	26	6
1992-06-27	0	4.11	24.5	6.5
1992-06-28	0	3.73	25	10
1992-06-29	0	4.76	27	10
1992-06-30	0	4.83	27.5	11.5
1992-07-01	0	6.13	27	9
1992-07-02	1	6	25	10
1992-07-03	12.4	5.17	21	11
1992-07-04	5.7	1.55	15.5	12
1992-07-05	0	2.81	20	9
1992-07-06	0.4	4.41	22	6.5
1992-07-07	3.2	5.33	21.5	10
1992-07-08	3	2.88	19.5	9
1992-07-09	2.7	1.1	18	11
1992-07-10	0.2	5.65	19	7.5
1992-07-11	0	4.83	20.5	8
1992-07-12	0.01	5.48	21	10
1992-07-13	0	4.08	21	12.5
1992-07-14	5.2	3.56	22.5	11
1992-07-15	13.7	2.76	22.5	13.5
1992-07-16	0	2.68	21.5	13.5
1992-07-17	0.8	5.35	21	12
1992-07-18	13	8.58	20.5	11
1992-07-19	0.01	4.45	21	12.5
1992-07-20	1.9	2.76	24	12.5
1992-07-21	1.4	5.78	22	11
1992-07-22	0	5.85	23	11
1992-07-23	16.2	8.91	22	10
1992-07-24	12.7	5.38	20	11
1992-07-25	8.2	6.76	19.5	11
1992-07-26	2.2	4.11	19.5	11
1992-07-27	0.3	4.43	20	11
1992-07-28	8	4.01	22	12
1992-07-29	1.3	0.91	19	12
1992-07-30	0	2.63	21	10.5
1992-07-31	1.3	4.51	21	12
1992-08-01	3.2	3.77	18.5	11.5
1992-08-02	0	4.09	21	7
1992-08-03	0	5.24	21.5	10
1992-08-04	0	6.92	22.5	11
1992-08-05	0	5.09	21.5	8.5
1992-08-06	0.3	5.26	23	11
1992-08-07	0	4.97	21.5	7.5
1992-08-08	0.4	5.69	21	8.5
1992-08-09	17.5	1.14	18	11.5
1992-08-10	11	5.91	18	9.5
1992-08-11	0	3.55	20	11.5
1992-08-12	0.7	5.11	22	9
1992-08-13	5.3	6.3	21.5	10.5
1992-08-14	6.6	3.62	22	9
1992-08-15	5.2	3.6	19.5	12
1992-08-16	4.8	2.49	20.5	12
1992-08-17	11	4.52	19	11
1992-08-18	0	3.49	19.5	12
1992-08-19	3.8	4.6	20	8.5
1992-08-20	0	5.36	23	11.5
1992-08-21	6	4.73	23.5	11.5
1992-08-22	4.1	6.15	23.5	9.5
1992-08-23	2.3	3.51	22	9.5
1992-08-24	0.8	3.41	22	12
1992-08-25	0	5.74	21	10.5
1992-08-26	1.2	4.54	21.5	11
1992-08-27	0	5.82	21.5	11
1992-08-28	0	6.26	21	10
1992-08-29	0	4.6	22.5	6.5
1992-08-30	0	5.54	22.5	10
1992-08-31	0.4	5.1	22	10
1992-09-01	0.8	5.31	21	9.5
1992-09-02	0	5.07	21.5	10.5
1992-09-03	4.5	5.19	21	8
1992-09-04	5.2	5.59	21	11.5
1992-09-05	0	3.2	21	10
1992-09-06	9.8	5.74	21	8.5
1992-09-07	4.2	0.73	14.5	12
1992-09-08	0.01	3.14	20	11
1992-09-09	8.8	4.13	21	10
1992-09-10	1.4	4.83	21.5	9.5
1992-09-11	4	0.59	18.5	11.5
1992-09-12	4	0.84	17	11.5
1992-09-13	1	0.82	18	11
1992-09-14	13	5.66	19	9
1992-09-15	3.3	3.07	19	12
1992-09-16	23.2	6.14	19	12
1992-09-17	0	3.64	20.5	11.5
1992-09-18	0.01	2.99	23	11.5
1992-09-19	0.01	5.52	21.5	8.5
1992-09-20	0	3.59	23	10
1992-09-21	0	5.16	25	6
1992-09-22	25.8	7.99	23.5	8.5
1992-09-23	5.3	1.47	17	12.5
1992-09-24	1.6	0.59	16	11.5
1992-09-25	0.01	1.65	21	12
1992-09-26	21.4	3.93	22	13
1992-09-27	6	5.48	19	12.5
1992-09-28	5.8	1.05	15	11.5
1992-09-29	7	0.79	11	8
1992-09-30	0	2.86	19.5	6.5
1992-10-01	0	2.65	19	3
1992-10-02	0	3.47	18.5	1
1992-10-03	1.6	4.86	19	6.5
1992-10-04	0.6	3.17	19.5	7.5
1992-10-05	0	3.23	19	8.5
1992-10-06	0	4.44	19.5	7.5
1992-10-07	0.01	3.98	22.5	11
1992-10-08	2.2	0.31	17	10.5
1992-10-09	0.6	3.32	21	12.5
1992-10-10	0	4.81	25	10
1992-10-11	21.8	1.39	21.5	11.5
1992-10-12	10	0.55	17	12.5
1992-10-13	1.5	3.95	19	10
1992-10-14	0.01	2.53	21.5	10
1992-10-15	0	5.57	23	10
1992-10-16	0	3.18	23.5	10.5
1992-10-17	1.2	3.26	21.5	12
1992-10-18	2.3	2.99	18.5	9
1992-10-19	0.01	3	17.5	10.5
1992-10-20	0.01	1.65	18.5	7
1992-10-21	1.2	2.34	16.5	10
1992-10-22	1.2	1.24	17.5	8
1992-10-23	19	0.8	19.5	10
1992-10-24	1	0.96	15	10
1992-10-25	0	2.32	20	9
1992-10-26	0	3.79	22.5	5
1992-10-27	0	5.28	25.5	2.5
1992-10-28	0	4.63	24.5	3.5
1992-10-29	0	4.07	27	5
1992-10-30	0	5.31	25.5	9.5
1992-10-31	0.4	3.75	26.5	9
1992-11-01	0	2.78	25.5	10.5
1992-11-02	0	2.39	19.5	10.5
1992-11-03	8.8	4.13	26.5	10
1992-11-04	0.01	3.13	21	10.5
1992-11-05	7.2	2.79	23.5	5.5
1992-11-06	2.3	1.76	18.5	8
1992-11-07	17.2	1.3	15.5	10.5
1992-11-08	0.01	0.44	11.5	10
1992-11-09	0.2	3.61	22	9
1992-11-10	0.01	1.53	23.5	10
1992-11-11	0.3	3.67	26.5	9.5
1992-11-12	1.2	4.31	24	13
1992-11-13	0.01	1.37	14	9.5
1992-11-14	4	2.17	16	8.5
1992-11-15	1.2	1.86	16.5	7.5
1992-11-16	0.4	2.18	19.5	8.5
1992-11-17	0	2.93	22	4
1992-11-18	0	3.26	22.5	4
1992-11-19	0	2.22	26	6.5
1992-11-20	0	3.12	21.5	7.5
1992-11-21	0	3.94	26	8
1992-11-22	0	3.23	16	5
1992-11-23	0	2.83	23.5	9
1992-11-24	0	3.79	26.5	7.5
1992-11-25	0	3.09	23	5
1992-11-26	0	3.13	17	8
1992-11-27	0	1.05	7	5
1992-11-28	0	3.1	22.5	3
1992-11-29	0	4.37	22	3.5
1992-11-30	0.01	2.96	22	2.5
1992-12-01	0	4.22	25	3
1992-12-02	0.01	4.6	18	2
1992-12-03	0	2.51	27	3
1992-12-04	0	3.76	24.5	3.5
1992-12-05	0.01	2.81	20	1.5
1992-12-06	0	2.74	27	1
1992-12-07	0	3.86	25	4
1992-12-08	0	3.11	27.5	5
1992-12-09	0	2.55	26	6.5
1992-12-10	0	3.22	20	2
1992-12-11	0	3.92	19	-0.4
1992-12-12	0	4.58	27	0
1992-12-13	0	3.48	26.5	7.5
1992-12-14	0	6.45	25	9
1992-12-15	0	3.26	23.5	9
1992-12-16	2.3	1.11	20	11.5
1992-12-17	5	1.03	21	7.5
1992-12-18	0	3.14	27	6.5
1992-12-19	0.01	2.63	26.5	8
1992-12-20	0	4.24	23.5	4.5
1992-12-21	0	3.51	18.5	6
1992-12-22	0	2.8	23	6.5
1992-12-23	0.4	3.68	18.5	5.5
1992-12-24	1.6	4.8	18	7
1992-12-25	0.2	0.28	16.5	8
1992-12-26	0	3.56	19	8.5
1992-12-27	0	5.87	20	9.5
1992-12-28	0	2.93	19	7
1992-12-29	0	2.86	18.5	7
1992-12-30	0	5.1	17	4.5
1992-12-31	0.01	2.75	17	4
1993-01-01	0.01	4.64	17	5.5
1993-01-02	0.01	3.46	16	8.5
1993-01-03	0	3.86	22.5	3
1993-01-04	0	3.34	25	6
1993-01-05	0	4.08	25	8
1993-01-06	0	2.85	24.5	4
1993-01-07	0	3.8	25	5
1993-01-08	0	4.18	27	5
1993-01-09	0	5.07	26.5	7
1993-01-10	0	4.5	29	3
1993-01-11	0	4.92	22.5	6
1993-01-12	0	4.91	28.5	4.5
1993-01-13	0	0.75	26.5	6
1993-01-14	0	3.8	18	8.5
1993-01-15	0	5.56	27.5	9.5
1993-01-16	0	2.86	29	4.5
1993-01-17	0	4.37	27	5
1993-01-18	0	4.29	28.5	7
1993-01-19	0	3.71	27.5	7
1993-01-20	0	3.51	26.5	5.5
1993-01-21	0	3.3	25.5	7
1993-01-22	0	4.04	18.5	7.5
1993-01-23	0	4.67	18.5	8.5
1993-01-24	0	4.13	24	7
1993-01-25	0	2.44	20	2
1993-01-26	0	3.32	20	4
1993-01-27	0	4.77	16.5	1.5
1993-01-28	0	4.53	14	1.5
1993-01-29	0.4	1.96	23.5	5
1993-01-30	0.4	0.84	24	5.5
1993-01-31	0	1.05	11	6.5
1993-02-01	0	4.18	18	4.5
1993-02-02	3.6	3.52	22.5	4.5
1993-02-03	0	3.29	22.5	5.5
1993-02-04	2.2	3.57	23.5	5
1993-02-05	0	3.54	24.5	5
1993-02-06	2.4	3.73	16.5	5
1993-02-07	3.2	3	11	4.5
1993-02-08	0	4.04	20.5	3
1993-02-09	0	4.35	20.5	3
1993-02-10	0	6.72	25.5	4.5
1993-02-11	0	4.1	27	4.5
1993-02-12	0.2	4.55	29.5	6
1993-02-13	0	6.47	19	2.5
1993-02-14	0	5.84	24	5
1993-02-15	0	7.07	28.5	6.5
1993-02-16	0	2.37	32	7
1993-02-17	0	5.33	24	10
1993-02-18	0.2	2.92	20	9
1993-02-19	0	4.81	15.5	3.5
1993-02-20	0	6.38	28.5	5
1993-02-21	0	7.08	31	8
1993-02-22	0	6.05	31	7
1993-02-23	0	6.21	32	5
1993-02-24	0	5.47	28	5.5
1993-02-25	0	5.25	28.5	9
1993-02-26	0	4.77	28	6
1993-02-27	0	7.27	20	8.5
1993-02-28	0	NULO	21.5	7.5
1993-03-01	0	4.98	26	6
1993-03-02	0	9.09	28.5	9
1993-03-03	0	5.13	30	9
1993-03-04	0	NULO	27	8.5
1993-03-05	0.4	0.4	28	8
1993-03-06	0.2	4.77	26.5	6.5
1993-03-07	3	2.15	16	7
1993-03-08	1.2	3.4	14.5	6
1993-03-09	0	3.92	16.5	5
1993-03-10	0	7.12	20	1.5
1993-03-11	0.6	5.04	24	3
1993-03-12	0	7.02	30.5	8
1993-03-13	0.01	2.9	28.5	0
1993-03-14	0	5.87	8.5	0
1993-03-15	0	6.62	26.5	5
1993-03-16	0	6.81	27.5	3
1993-03-17	0	7.82	29	3
1993-03-18	0	5.99	28	4
1993-03-19	0	4.82	27	6
1993-03-20	0.01	4.82	29.5	6.5
1993-03-21	0.3	4.12	21.5	7
1993-03-22	1.2	3.81	20	3
1993-03-23	0	5.97	26	6.5
1993-03-24	0	3.57	27	7.5
1993-03-25	0	7.21	26	6
1993-03-26	0	6.96	29	4
1993-03-27	0	7.45	28.5	7
1993-03-28	0	7.5	29.5	8.5
1993-03-29	0	7.82	31	9
1993-03-30	0	8.75	33	11
1993-03-31	0	NULO	33	9.5
1993-04-01	0	7.76	22	8.5
1993-04-02	5.7	3.56	21.5	10
1993-04-03	0	2.42	27.5	10
1993-04-04	0	6	27	8.5
1993-04-05	0	6.72	28	10
1993-04-06	2	5.04	28.5	9
1993-04-07	0	6.4	29	9.5
1993-04-08	0	7.46	28	11
1993-04-09	0	4.97	29.5	7
1993-04-10	0	8.57	15	5
1993-04-11	0	6.64	25	6.5
1993-04-12	0	7.98	29	10
1993-04-13	0	8.65	36	9
1993-04-14	0	8.56	23	12
1993-04-15	0	6.35	32	10
1993-04-16	0	4.08	22	7
1993-04-17	0	5.53	15.5	6
1993-04-18	0	5.88	28	5
1993-04-19	0	7.17	22.5	6.5
1993-04-20	0	5.01	31.5	10.5
1993-04-21	6.4	3.41	30	11.5
1993-04-22	0.01	5.07	20	9.5
1993-04-23	0	6.57	15.5	4
1993-04-24	0	7.68	28.5	7
1993-04-25	0	9.77	32	9
1993-04-26	0	5.51	31	7
1993-04-27	0	5.98	27	10
1993-04-28	5.2	4.33	30.5	13
1993-04-29	2	4.62	31.5	11.5
1993-04-30	0	NULO	29	12
1993-05-01	0	6.8	22	10
1993-05-02	0	7.8	29.5	8
1993-05-03	0	8.48	32	5
1993-05-04	0	9.12	32	7
1993-05-05	0	8.13	28.5	8
1993-05-06	0	5.84	24	8.5
1993-05-07	0	5.43	28.5	11
1993-05-08	0	6.12	28	13
1993-05-09	0	5.75	24.5	11.5
1993-05-10	0	4.9	22.5	13.5
1993-05-11	0	3.7	23	12.5
1993-05-12	1.8	2.92	21.5	11
1993-05-13	0	4.34	22	10
1993-05-14	1.4	4.58	24	9
1993-05-15	2.5	0.94	23	10.5
1993-05-16	1.4	7.53	22	11.5
1993-05-17	0.6	6.39	23	12
1993-05-18	0	13.53	23.5	11.5
1993-05-19	4.8	7.16	24	11
1993-05-20	17	1.88	19	13
1993-05-21	21.4	3.25	20.5	12.5
1993-05-22	3.7	2.74	19.5	14
1993-05-23	12.2	7.6	21	10
1993-05-24	8	3.32	21	5.5
1993-05-25	11.2	4.18	21	9
1993-05-26	8.5	1.13	19	13
1993-05-27	8.8	2.01	17.5	12
1993-05-28	11	2.58	19.5	12
1993-05-29	22.6	3.15	21	13
1993-05-30	0	3.26	22	13
1993-05-31	0	5.12	20	11
1993-06-01	3.5	6.8	27	12
1993-06-02	0	7.8	24.5	5
1993-06-03	0	8.48	29.5	5
1993-06-04	0	9.12	32	7
1993-06-05	0	8.13	32	8
1993-06-06	0	5.84	28.5	8.5
1993-06-07	0	5.43	24	13
1993-06-08	0	6.12	28.5	13
1993-06-09	0	5.75	28	11.5
1993-06-10	0	4.9	24.5	13.5
1993-06-11	0	3.7	22.5	12.5
1993-06-12	0.01	2.92	23	11
1993-06-13	1.2	4.34	21.5	10
1993-06-14	0	4.58	22	9
1993-06-15	1.4	0.94	24	10.5
1993-06-16	2.5	7.53	23	11.5
1993-06-17	1.4	6.39	22	12
1993-06-18	0.6	13.53	23	11.5
1993-06-19	0	7.16	23.5	11
1993-06-20	4.8	1.88	24	13
1993-06-21	7	3.25	19	12.5
1993-06-22	21.4	2.74	20.5	14
1993-06-23	3.7	0.76	19.5	14
1993-06-24	12.2	3.32	21	4.5
1993-06-25	8	4.18	21	14
1993-06-26	11.2	1.13	21	13
1993-06-27	8.5	2.01	19	12
1993-06-28	8.8	2.58	17.5	12
1993-06-29	11	3.15	19.5	13
1993-06-30	22.6	NULO	21	14
1993-07-01	19.2	5.11	21.5	13.5
1993-07-02	9	4.99	21	12.5
1993-07-03	3.2	3.44	20	12.5
1993-07-04	1.1	4.17	19.5	12
1993-07-05	27.8	4.7	20	13
1993-07-06	21.6	3.63	19.5	13
1993-07-07	1.7	1.66	17.5	12
1993-07-08	1.2	1.56	17	12.5
1993-07-09	16.5	2.3	18	12
1993-07-10	1.5	2.11	19.5	10
1993-07-11	1	3.83	19	11.5
1993-07-12	0.01	3.7	20	11
1993-07-13	0.01	6.27	21	11
1993-07-14	0	7.31	23	9.5
1993-07-15	0	4.5	22	7.5
1993-07-16	0	7.86	22	11
1993-07-17	2	4.16	23.5	12
1993-07-18	0	4.62	23	12
1993-07-19	0	7.16	22	12
1993-07-20	0.8	3.94	21.5	11
1993-07-21	0	4.93	21	11.5
1993-07-22	0	6.72	22	10.5
1993-07-23	0	6.01	23	10
1993-07-24	0	8.18	23	10
1993-07-25	0	5.04	24	7.5
1993-07-26	0.01	5.84	23.5	9
1993-07-27	0	5.36	22	8
1993-07-28	3.2	2.34	23	9
1993-07-29	0.01	5.31	22	8
1993-07-30	0.01	5.69	21	8
1993-07-31	0	NULO	22	8
1993-08-01	0	5.64	21.5	8.5
1993-08-02	0	6.58	22	9
1993-08-03	0.5	3.82	21.5	10.5
1993-08-04	1.6	7.58	20	9.5
1993-08-05	0	7.04	21.5	10.5
1993-08-06	0.01	5.36	20.5	10.5
1993-08-07	3.2	2.34	22	9.5
1993-08-08	6.5	1.06	21.5	8.5
1993-08-09	4	3.6	22	10
1993-08-10	16.5	8.14	21.5	9
1993-08-11	0.01	6.46	20	9.5
1993-08-12	12.2	6.18	19.5	8
1993-08-13	2.2	3.94	19.5	9.5
1993-08-14	5	2.27	19	12
1993-08-15	2.2	4.92	21.5	12
1993-08-16	8	5.62	21	11
1993-08-17	8.3	3.66	19	11.5
1993-08-18	6	2.93	19.5	11.5
1993-08-19	10.2	5.68	20.5	10
1993-08-20	2.8	4.15	19.5	9.5
1993-08-21	7.5	3.62	20	12
1993-08-22	0	3.4	22	13
1993-08-23	0	3.12	23	13.5
1993-08-24	1.1	5.47	22.5	9
1993-08-25	0	6.28	23	11.5
1993-08-26	0	5.95	21.5	8.5
1993-08-27	0.6	4.45	20	8
1993-08-28	0.5	3.27	21	9
1993-08-29	0	4.23	22	11.5
1993-08-30	3.8	2.3	21	11.5
1993-08-31	13	6.8	21.5	11.5
1993-09-01	0.01	5.52	21	13
1993-09-02	0	5.76	22	11.5
1993-09-03	2.2	5.88	22	9
1993-09-04	0	5.06	22	10
1993-09-05	0	4.49	21.5	9
1993-09-06	5	6.05	23.5	10.5
1993-09-07	9.2	6.52	21.5	12
1993-09-08	5	5.33	22	10
1993-09-09	5.3	3.2	19	12.5
1993-09-10	28	2.89	21	13.5
1993-09-11	3.3	3.5	23	12
1993-09-12	0.01	3.5	24	12.5
1993-09-13	0	4.22	26	10.5
1993-09-14	1.1	5.3	25	10
1993-09-15	4.2	4.59	21	11.5
1993-09-16	0.01	2.23	20.5	12
1993-09-17	0.2	3.33	21	12
1993-09-18	8.6	1.28	22	10
1993-09-19	28.2	5.26	19	12.5
1993-09-20	69	2	15	12.5
1993-09-21	19	1.36	17	12.5
1993-09-22	4.5	1.49	19	13
1993-09-23	2.8	3.43	19.5	11.5
1993-09-24	1.8	3.77	20	12.5
1993-09-25	0.01	3.55	22	10
1993-09-26	4.8	4.2	22.5	12
1993-09-27	6	6.22	18.5	11.5
1993-09-28	9.4	4.08	17.5	11
1993-09-29	25.5	5.55	11	7.5
1993-09-30	5.8	0.46	14	8
1993-10-01	0	0.32	18.5	10
1993-10-02	1.6	5.32	21.5	11
1993-10-03	6.8	2.52	19	10.5
1993-10-04	0.4	3.67	19.5	9
1993-10-05	0.4	2.96	19	10
1993-10-06	0	2.68	19.5	9.5
1993-10-07	0.2	5.04	24	10
1993-10-08	0	5.72	26.5	4
1993-10-09	0.01	5.19	25	7
1993-10-10	1.2	3.32	21.5	8.5
1993-10-11	0	5.07	21.5	11
1993-10-12	0.01	5.39	22	9.5
1993-10-13	0	4.98	27.5	6
1993-10-14	0.01	3.58	23	6.5
1993-10-15	0	5.89	24	5
1993-10-16	0	4.2	27.5	6
1993-10-17	0	5.77	25.5	6.5
1993-10-18	0	3.37	27.5	5.5
1993-10-19	0	5.61	29.5	5
1993-10-20	0	3.66	26.5	8.5
1993-10-21	1.1	1.86	16.5	11.5
1993-10-22	0.01	2.76	13.5	7
1993-10-23	0	3.22	18.5	7.5
1993-10-24	0	4.53	21.5	6
1993-10-25	0	4.25	26	10
1993-10-26	0	3.32	24	6.5
1993-10-27	0	3.02	17	10.5
1993-10-28	0	3.57	24.5	8.5
1993-10-29	0	4.01	25.5	11
1993-10-30	0	4	18	13
1993-10-31	0	1.76	18	2.5
1993-11-01	0	3.81	20.5	3
1993-11-02	3	3.34	25	8.5
1993-11-03	0	3.62	24	9
1993-11-04	0	4.07	27.5	7
1993-11-05	0	4.36	26.5	6
1993-11-06	0	5.79	20.5	8
1993-11-07	0	3.64	26	8
1993-11-08	0	4.78	25.5	5.5
1993-11-09	0.01	3.94	24.5	5
1993-11-10	2.3	1.93	15.5	9
1993-11-11	0.01	3.27	20	6
1993-11-12	0	4.36	27.5	6
1993-11-13	0	4.34	27	8.5
1993-11-14	0	3.81	26.5	7.5
1993-11-15	3.2	3.26	22.5	6.5
1993-11-16	0.01	3.98	21.5	13
1993-11-17	4.8	0.19	16	12
1993-11-18	0.01	4.38	18.5	9.5
1993-11-19	0	6.74	28	3
1993-11-20	0.01	1.51	22	5
1993-11-21	0	2.14	19.5	6
1993-11-22	0	2.35	15.5	9
1993-11-23	0.01	3.87	24	5.5
1993-11-24	0	4.16	26.5	1.5
1993-11-25	0	2.79	25	0
1993-11-26	0.01	4.02	19	2.5
1993-11-27	0.01	3.52	26.5	3
1993-11-28	0	2.73	21	4
1993-11-29	0	4.81	26	2.5
1993-11-30	0	4.36	27	1.5
1993-12-01	0	3.75	19.5	1
1993-12-02	0	4.98	20.5	4
1993-12-03	0	5.09	27	3
1993-12-04	0	4.33	24	3.5
1993-12-05	0	2.86	27	4
1993-12-06	0	4.22	22.5	2.5
1993-12-07	0	3.44	22.5	5.5
1993-12-08	0.01	5.3	23	3
1993-12-09	0	5.14	27.5	2.5
1993-12-10	0.01	4.04	27.5	4
1993-12-11	0	2.51	19	4
1993-12-12	0	4.72	27	5.5
1993-12-13	0	3.27	28	7
1993-12-14	0	4.39	16.5	4
1993-12-15	0	3.98	25	3.5
1993-12-16	0	4.95	25.5	5.5
1993-12-17	0	5.21	24	2.5
1993-12-18	0.01	4.58	19	6
1993-12-19	0	5.27	24	5
1993-12-20	0	3.71	30	4
1993-12-21	0	5.72	22.5	8
1993-12-22	0	5.39	30	8.5
1993-12-23	0	4.4	28.5	4.5
1993-12-24	0	4.53	27.5	5.5
1993-12-25	0	1.42	7	1.5
1993-12-26	0	3.88	20	2
1993-12-27	0	3.51	25	0
1993-12-28	0	4.98	26.5	2
1993-12-29	0.01	4.67	21	0
1993-12-30	0.01	2.25	16.5	4.5
1993-12-31	0	3.65	20.5	6.5
1994-01-01	0	3.13	23.5	5
1994-01-02	0	2.31	23	2.5
1994-01-03	0	3.01	15.5	4
1994-01-04	0	3.93	22.5	2
1994-01-05	0	NULO	26.5	0.3
1994-01-06	0	NULO	28.5	0
1994-01-07	0	6.36	25.5	4
1994-01-08	0	3.4	14.5	1
1994-01-09	0	3.39	21.5	0.3
1994-01-10	0	4.07	24.5	1
1994-01-11	0.01	3.71	24.5	2.5
1994-01-12	0	3.41	28	2
1994-01-13	0	2.74	19.5	4
1994-01-14	0	2.86	13.5	4.5
1994-01-15	0	4.05	26.5	0.1
1994-01-16	0	5.37	27.5	2
1994-01-17	0	2.76	25.5	6.5
1994-01-18	4.6	2.4	14	5
1994-01-19	0	4.02	14.5	5.5
1994-01-20	0.5	2.66	19.5	4
1994-01-21	0	2.58	18	5
1994-01-22	0.6	3.52	19	10
1994-01-23	0.01	3.58	16.5	10.5
1994-01-24	0	2.27	23	7
1994-01-25	0	5.9	27	4.5
1994-01-26	0	3.22	28.5	5.5
1994-01-27	0	4.9	31.5	8.5
1994-01-28	0	4.45	27	7.5
1994-01-29	0	5.5	29.5	6
1994-01-30	0	5.75	29.5	7
1994-01-31	0	3.48	29.5	5.5
1994-02-01	0	3.2	29.5	7
1994-02-02	0	2.89	18	4
1994-02-03	0	4.98	20	6
1994-02-04	0	5.71	25	4
1994-02-05	0	5.88	27	4
1994-02-06	0	4.69	29	4
1994-02-07	0	4.85	26.5	0.5
1994-02-08	0	4.66	21.5	1.5
1994-02-09	0	6.89	28	7.5
1994-02-10	0	3.16	28	9
1994-02-11	0	6.25	25	5
1994-02-12	0	5.02	25.5	5
1994-02-13	1	1.1	28	5
1994-02-14	0	2.21	17	4.5
1994-02-15	0	3.34	15	5
1994-02-16	0.8	2.8	27.5	6.5
1994-02-17	0	3.47	15.5	8
1994-02-18	0	1.47	17	2.5
1994-02-19	0	4.83	28.5	7
1994-02-20	0	6.92	28	8
1994-02-21	0	5.77	27	4.5
1994-02-22	0	5.92	24.5	8
1994-02-23	1.2	4.91	30	9.5
1994-02-24	1.8	6.01	26	5.5
1994-02-25	0	5.76	14	6.5
1994-02-26	0	3.53	26.5	6.5
1994-02-27	0	4.51	17	9
1994-02-28	0	1.94	16	5.5
1994-03-01	0	7.61	29.5	10
1994-03-02	0	5.47	29	6.5
1994-03-03	0	4.23	14	3
1994-03-04	3	6.74	19.5	3.5
1994-03-05	0	5.26	29	9
1994-03-06	0	6.21	28.5	10
1994-03-07	0	3.66	29	7
1994-03-08	0	NULO	29.5	8
1994-03-09	0	NULO	30.5	11
1994-03-10	0	4.15	27.5	3.5
1994-03-11	0	5.91	9	1
1994-03-12	0	6.18	27	3
1994-03-13	2.3	7.03	30.5	6
1994-03-14	1	4.15	27.5	8
1994-03-15	0	6.27	21.5	7
1994-03-16	0	4.88	27	7.5
1994-03-17	0	5.59	24.5	5.5
1994-03-18	0	7.13	24.5	4.5
1994-03-19	0	8.5	29.5	7
1994-03-20	0	8.09	31.5	9.5
1994-03-21	0	6.17	31.5	7
1994-03-22	0	6.54	28	9
1994-03-23	0	8.98	30.5	10
1994-03-24	0	8.05	30.5	10.5
1994-03-25	0	7.24	31	10
1994-03-26	0	7.96	26	12
1994-03-27	0	8.45	33	13
1994-03-28	0	3.6	33.5	10
1994-03-29	0	4.44	17	3.5
1994-03-30	0.7	4.07	12	3.5
1994-03-31	0	3.46	18	7.5
1994-04-01	0	2.02	15	6.5
1994-04-02	0	4.45	26	7.5
1994-04-03	0	8.86	30	4.5
1994-04-04	0	2.49	30.5	5
1994-04-05	0.01	6.83	32	10
1994-04-06	0.01	4.36	26	11.5
1994-04-07	0.7	4.65	18	9
1994-04-08	0	7.24	28	8
1994-04-09	0	7.41	30	10.5
1994-04-10	0	5.97	31.5	10
1994-04-11	0	6.37	30	9.5
1994-04-12	0	5.36	32	9
1994-04-13	1.4	5.53	26	8
1994-04-14	2.5	0.87	32.5	11
1994-04-15	5.5	5.82	30	10
1994-04-16	1	7	19	11.5
1994-04-17	2.8	1.76	15.5	9.5
1994-04-18	1.8	2.54	18.5	9
1994-04-19	0	3.5	21	6
1994-04-20	5	4.48	18	8
1994-04-21	9.2	5	20.5	8.5
1994-04-22	0.6	4.23	22.5	9.5
1994-04-23	0	5.02	24.5	8
1994-04-24	0	5.35	26.5	9.5
1994-04-25	0	5.19	31	11
1994-04-26	0	7.8	31.5	10
1994-04-27	0	3.63	29	11
1994-04-28	0	NULO	31.5	10.5
1994-04-29	0	NULO	32	12
1994-04-30	0.01	5.3	32.5	14
1994-05-01	0.6	5.18	22.5	15
1994-05-02	3	7.05	33	11.5
1994-05-03	0	8.47	32	11.5
1994-05-04	0	2.7	29	12
1994-05-05	0.01	4.24	23.5	14.5
1994-05-06	0	4.94	29.5	9
1994-05-07	0	6.67	28.5	10
1994-05-08	0	7.92	27.5	5.5
1994-05-09	0	8	29	7.5
1994-05-10	0	6.1	28	9.5
1994-05-11	0.4	5.41	24.5	13
1994-05-12	2	5.54	30	11.5
1994-05-13	5.2	4.58	29	10
1994-05-14	2.4	5.11	27	11.5
1994-05-15	3.3	2.95	26.5	10
1994-05-16	0	4.99	24.5	10
1994-05-17	1	6	29.5	10.5
1994-05-18	0	5.75	25.5	11.5
1994-05-19	10.4	7.95	25	10.5
1994-05-20	0	3.52	22	11.5
1994-05-21	0.3	4.06	19	10
1994-05-22	0	5.45	19.5	12.5
1994-05-23	0	4.64	21.5	11
1994-05-24	0	5.5	22.5	6.5
1994-05-25	0	5.29	27.5	6
1994-05-26	0	8.43	28.5	8.5
1994-05-27	0	8.92	31	9
1994-05-28	0.4	6.76	25	12
1994-05-29	0	5.84	24	11
1994-05-30	0	6.22	24	7.5
1994-05-31	0	4.6	25.5	9
1994-06-01	0	5.21	24	7
1994-06-02	0	4.89	24.5	6
1994-06-03	0	5.32	25	6
1994-06-04	0	5.46	25.5	10.5
1994-06-05	0	5.68	26.5	12
1994-06-06	17.5	3.08	29.5	15
1994-06-07	1.2	1.54	27	13
1994-06-08	1.5	2.93	26.5	13.5
1994-06-09	0	5.9	24.5	12.5
1994-06-10	2.4	3.34	25	12
1994-06-11	3.3	1.8	20	13.5
1994-06-12	0	3.08	20	12.5
1994-06-13	3.5	3.17	24	13
1994-06-14	5.8	0.55	21.5	13.5
1994-06-15	0	4.57	21.5	13
1994-06-16	0	6.38	21	8.5
1994-06-17	0	7.48	25.5	10
1994-06-18	0	5.05	22	8
1994-06-19	0	4.3	22.5	10
1994-06-20	2.3	2.86	25	11
1994-06-21	0.7	3.28	22.5	12.5
1994-06-22	0	4.73	24	10.5
1994-06-23	5.2	2.32	26.5	11
1994-06-24	4.3	0.38	22	12.5
1994-06-25	1.7	3.78	22	12
1994-06-26	0.6	5.14	21.5	7.5
1994-06-27	0	5.3	25.5	7
1994-06-28	2.1	4.84	21.5	8.5
1994-06-29	0	6.02	21.5	9.5
1994-06-30	0	6.06	23.5	8.5
1994-07-01	0	5.76	24.5	9
1994-07-02	0	5.38	24	7
1994-07-03	1.8	0.58	24	9
1994-07-04	0	5.52	24	13
1994-07-05	0	6.32	24.5	10.5
1994-07-06	0	6.81	23	9.5
1994-07-07	0	7.16	24.5	12.5
1994-07-08	11.2	3.78	23.5	11
1994-07-09	0	4.96	19	9
1994-07-10	0	3.58	21.5	10
1994-07-11	0	4.92	23	11
1994-07-12	0	3.64	25.5	10.5
1994-07-13	10.4	6.96	24.5	10
1994-07-14	0.8	5.46	22	12.5
1994-07-15	1.2	5.19	21	10.5
1994-07-16	0.4	5.37	20.5	9
1994-07-17	0.8	2.9	18.5	10
1994-07-18	0	4.18	19.5	8.5
1994-07-19	0	5.49	21.5	9.5
1994-07-20	0	5.22	21.5	9.5
1994-07-21	21.8	7.54	23	9
1994-07-22	0.7	4.68	19	10.5
1994-07-23	2.2	7.19	21.5	10
1994-07-24	0	4.73	21	8
1994-07-25	0	3.57	23	8.5
1994-07-26	0	5.21	25	8.5
1994-07-27	0	6.16	25.5	8.5
1994-07-28	0	5.86	24.5	9
1994-07-29	0	5.64	22	8
1994-07-30	0	5.75	22.5	8
1994-07-31	0	5.68	25.5	8.5
1994-08-01	0	4.89	23.5	11
1994-08-02	0	4.95	23.5	10
1994-08-03	0	2.58	21.5	9
1994-08-04	1.7	2.55	23	10.5
1994-08-05	0.8	4.18	22	12
1994-08-06	15.6	5.8	21.5	13
1994-08-07	0	4.83	22.5	12.5
1994-08-08	2.6	7.52	24	10
1994-08-09	5.7	6.88	21	10.5
1994-08-10	3.2	4.08	19	11.5
1994-08-11	12.6	3.01	16	12.5
1994-08-12	3.7	1.58	19.5	12.5
1994-08-13	7.8	5.19	21	12
1994-08-14	4.2	5.57	20.5	11
1994-08-15	1.6	3.55	20	11.5
1994-08-16	1.2	5.38	21.5	10.5
1994-08-17	2.7	7.01	22.5	11
1994-08-18	5	5.19	22	12.5
1994-08-19	1.6	4.1	22	13
1994-08-20	0	4.61	24	10.5
1994-08-21	0	5.14	25	10
1994-08-22	0	5.65	23	8.5
1994-08-23	0.01	5.73	23.5	9
1994-08-24	4.5	3.29	22.5	11
1994-08-25	7.6	3.78	20.5	12
1994-08-26	4.2	2.01	21.5	11
1994-08-27	1.2	3.52	20	12
1994-08-28	0	5.34	21	11
1994-08-29	0	4.26	23	8.5
1994-08-30	0.6	2.19	24	10
1994-08-31	6.2	4.47	22	12.5
1994-09-01	13	0.85	18.5	13
1994-09-02	2.3	0.28	15.5	11.5
1994-09-03	3	2.65	16	9.5
1994-09-04	4.2	0.46	17	6.5
1994-09-05	0.4	3.45	19.5	7.5
1994-09-06	8.2	6.79	20.5	11
1994-09-07	0	4.49	21	8
1994-09-08	0.6	4.95	22	8.5
1994-09-09	0.8	5.88	23	11.5
1994-09-10	0	2.22	22	10
1994-09-11	2	4	20	11
1994-09-12	6	3.08	22.5	12.5
1994-09-13	0	4.11	20.5	13
1994-09-14	0	6.39	21.5	7.5
1994-09-15	0	5.61	23.5	11
1994-09-16	0	6.22	23.5	12
1994-09-17	20.8	6.81	23	13
1994-09-18	1.2	1.64	19	11.5
1994-09-19	0.3	1.01	17.5	12
1994-09-20	0	4.78	21.5	11
1994-09-21	0.3	4.78	22.5	10
1994-09-22	0	5.65	27	4
1994-09-23	0	4.12	21.5	7.5
1994-09-24	0	2.74	25	9.5
1994-09-25	5	3.21	20	12
1994-09-26	0	5.49	20	7
1994-09-27	0	4.26	25	7
1994-09-28	0	4.51	24.5	3
1994-09-29	0	2.86	22.5	4
1994-09-30	0	3.57	23	7.5
1994-10-01	3	2.68	24	11.5
1994-10-02	0	4.29	24	10.5
1994-10-03	6	3.62	24	8
1994-10-04	3.6	0.67	19.5	12.5
1994-10-05	0.6	1.73	20	12.5
1994-10-06	2	3.34	27	11.5
1994-10-07	0	4.07	25	12
1994-10-08	0.8	4.39	26	9.5
1994-10-09	0	3.07	17	11
1994-10-10	0.01	1.27	17	8
1994-10-11	0.01	1.23	14.5	7.5
1994-10-12	0.01	3.25	20	9
1994-10-13	0.5	3.03	19.5	9
1994-10-14	0	4.18	23	10
1994-10-15	0	3.43	23.5	11.5
1994-10-16	0	3.49	27	11
1994-10-17	1	4.04	26	9
1994-10-18	0	3.92	29.5	8.5
1994-10-19	0.5	5.08	23.5	11
1994-10-20	0	3.74	21.5	10.5
1994-10-21	0	4.41	27	10.5
1994-10-22	0	5.21	29	7.5
1994-10-23	0.01	5.76	24	4.5
1994-10-24	0	3.71	23.5	6.5
1994-10-25	0	4.52	28.5	0.3
1994-10-26	0	3.51	21	7.5
1994-10-27	0	4.11	26.5	10.5
1994-10-28	0	3.86	25	11.5
1994-10-29	0	4.73	27	10
1994-10-30	0	3.37	24	5
1994-10-31	0	3.51	27	9.5
1994-11-01	0	4.64	22.5	8
1994-11-02	0	5.12	28.5	5.5
1994-11-03	0.01	1.21	26	7
1994-11-04	0	4.5	27	5.5
1994-11-05	0.4	4.71	27	6
1994-11-06	9.5	5.1	19.5	11
1994-11-07	0.01	3.82	19	11
1994-11-08	0.01	4.7	22	4
1994-11-09	0	5.68	28.5	2
1994-11-10	0	4.17	20.5	4
1994-11-11	0	3.37	20	7
1994-11-12	0	4.36	25	8
1994-11-13	0	5	28	6.5
1994-11-14	0.01	4.96	25	4
1994-11-15	0.01	2.48	20	5.5
1994-11-16	0	4.85	19.5	9
1994-11-17	0	5.13	29.5	7
1994-11-18	0	4.11	23	4.5
1994-11-19	0	4.24	23	6
1994-11-20	0	6.02	28.5	5
1994-11-21	0.01	4.31	24	3.5
1994-11-22	0	3.84	21.5	1
1994-11-23	1.3	2.75	19	7.5
1994-11-24	0	4.2	18	9
1994-11-25	0	2.59	24.5	10.5
1994-11-26	0	4.67	29.5	4.5
1994-11-27	0	5.25	32	6
1994-11-28	0	4.36	26	7
1994-11-29	1	4.65	28.5	7
1994-11-30	1.6	1.25	14	9
1994-12-01	0.01	2.01	15	9
1994-12-02	0	3.41	27	6.5
1994-12-03	0	3.27	27	8
1994-12-04	0	4.03	22	5.5
1994-12-05	0	4.42	21	6.5
1994-12-06	0	3.57	24.5	5.5
1994-12-07	0	3.58	24	4.5
1994-12-08	0	4.21	23	8.5
1994-12-09	0	3.59	26	3
1994-12-10	0	3.64	20.5	3
1994-12-11	0	2.55	15	5
1994-12-12	0	4.04	26.5	3.5
1994-12-13	0	5.26	24.5	8.5
1994-12-14	0	4.86	25.5	5
1994-12-15	0	3.44	23	3
1994-12-16	0.01	2.57	27.5	5
1994-12-17	0.5	3.13	18.5	7
1994-12-18	0.01	3.7	18	11
1994-12-19	0	2.41	22.5	9.5
1994-12-20	0	3.25	26.5	6
1994-12-21	0.01	2.69	18	6.5
1994-12-22	0	4.49	27.5	9
1994-12-23	0	2.2	15.5	7.5
1994-12-24	0.01	2.53	25.5	7
1994-12-25	0	3.59	23.5	5
1994-12-26	0	5.19	28	0.5
1994-12-27	0	5.39	27	6
1994-12-28	0	3.44	28	8
1994-12-29	0	3.48	17	7.5
1994-12-30	0	3.7	26.5	4.5
1994-12-31	0	3.91	28	4
1995-01-01	0.8	0.39	14	6
1995-01-02	0	1.43	13.5	8.5
1995-01-03	0	2.07	19	6
1995-01-04	0	3.39	24	7.5
1995-01-05	0	3.16	25	6.5
1995-01-06	0	3.95	28.5	8.5
1995-01-07	0	NULO	21.5	3
1995-01-08	0	NULO	25.5	2
1995-01-09	0	NULO	22	8
1995-01-10	0	NULO	28.5	4.5
1995-01-11	0	NULO	28	2
1995-01-12	0	5.87	27.5	3
1995-01-13	0	4.79	27	8
1995-01-14	0	5.54	18	6.5
1995-01-15	0	4.91	22.5	1.5
1995-01-16	0	3.78	27	2.5
1995-01-17	0	6.1	25	6.5
1995-01-18	0	4.29	17.5	7
1995-01-19	0	2.46	10.5	6
1995-01-20	0	2.33	21.5	4
1995-01-21	0	5.12	26.5	4.5
1995-01-22	0	2.58	24	5.5
1995-01-23	0.8	1.08	15	4
1995-01-24	0	2.1	14	7
1995-01-25	0	2.88	18	8.5
1995-01-26	0	4.85	27.5	4
1995-01-27	0	3.83	28.5	4
1995-01-28	0	4.34	27	9.5
1995-01-29	0.8	3.58	19	5
1995-01-30	12.2	2.3	8.5	7.5
1995-01-31	0.8	0.29	14	4
1995-02-01	0	2.94	22	6
1995-02-02	0	3.79	22.5	5
1995-02-03	6.6	3.02	25	5
1995-02-04	0	3.05	12.5	2.5
1995-02-05	0	3.25	21.5	5
1995-02-06	0	5.29	21	4
1995-02-07	0	3.74	27	6.5
1995-02-08	0	1.16	13	6.5
1995-02-09	0	5.48	26.5	8
1995-02-10	0	5.29	28	10
1995-02-11	0	6.54	28.5	9
1995-02-12	0	5.55	26.5	5.5
1995-02-13	0	5.97	29	6.5
1995-02-14	0	6.48	31	5.5
1995-02-15	0	6.95	30.5	7.5
1995-02-16	0	6.32	31	6
1995-02-17	0.01	2.69	20	9.5
1995-02-18	0	5.07	18	9
1995-02-19	0	5.06	18.5	5
1995-02-20	0	4.83	18.5	6.5
1995-02-21	0	3.58	17	4.5
1995-02-22	0	5.01	18	-2
1995-02-23	0	5.2	24	3
1995-02-24	0.4	4.56	19	2.5
1995-02-25	0	4.77	17	6.5
1995-02-26	0.4	4.84	27	6.5
1995-02-27	11.2	5.71	29	9
1995-02-28	0	4.95	28	7.5
1995-03-01	0	1.95	17.5	10
1995-03-02	0	4.88	18.5	10.5
1995-03-03	0	5.22	19	11
1995-03-04	0	7.08	28.5	4.5
1995-03-05	3.3	4.5	29	10
1995-03-06	0	7.04	27	7.5
1995-03-07	0	4.56	28	9
1995-03-08	0	4.8	8.5	3
1995-03-09	0	0.99	8	1
1995-03-10	0	5.05	24	0.5
1995-03-11	0	7.88	28.5	3.5
1995-03-12	0	6.53	28.5	4.5
1995-03-13	0	6.79	29.5	8
1995-03-14	0	4.97	21	7.5
1995-03-15	0.4	5.96	25	7.5
1995-03-16	0	NULO	16.5	8
1995-03-17	0	NULO	21	7
1995-03-18	0	NULO	25	5
1995-03-19	0	NULO	28	3.5
1995-03-20	0	6.74	31.5	7
1995-03-21	0	6.71	32.5	6.5
1995-03-22	0	8.77	33	8.5
1995-03-23	0	6.95	31.5	8
1995-03-24	0	7.19	34	7.5
1995-03-25	0	6.86	38.5	8
1995-03-26	0	7.83	33	11
1995-03-27	0	7.1	25	12.5
1995-03-28	0	5.19	26.5	9.5
1995-03-29	0.8	5.82	28	9
1995-03-30	0.6	5.24	28.5	11
1995-03-31	0	6.15	28	10
1995-04-01	0	NULO	26	10
1995-04-02	0	NULO	23.5	9
1995-04-03	0	5.32	26	8
1995-04-04	0	4.59	28	7.5
1995-04-05	0	4.29	23	11.5
1995-04-06	0	4.38	22	6
1995-04-07	0	7.71	27	4
1995-04-08	0	4.31	28.5	4.5
1995-04-09	0	6.56	33.5	8
1995-04-10	0	9.94	28	9
1995-04-11	0	5.9	25	10.5
1995-04-12	0	6.48	27	7.5
1995-04-13	0	7.66	25.5	10
1995-04-14	0	7.94	30.5	8
1995-04-15	0	7.7	30	14
1995-04-16	0	2.62	29	13
1995-04-17	0	NULO	30.5	10
1995-04-18	0.01	5.95	31	14
1995-04-19	0	5.81	32	10.5
1995-04-20	0	7.46	33	12
1995-04-21	0	7.96	32	11
1995-04-22	0	7.14	32.5	13.5
1995-04-23	0.6	6.73	27	10
1995-04-24	5.5	4.09	17	9
1995-04-25	3.1	4.28	17	8
1995-04-26	2.8	2.54	24	9
1995-04-27	0	4.22	24	9
1995-04-28	0	5.61	22.5	9
1995-04-29	0.2	4.39	29.5	6
1995-04-30	0	NULO	29	11
1995-05-01	0	7.18	30	9
1995-05-02	0	6.68	28	5
1995-05-03	0	6.77	33	9
1995-05-04	0	5.05	31	12.5
1995-05-05	0	7.24	32	12
1995-05-06	0	6.35	30	9
1995-05-07	0	6.09	30.5	8.5
1995-05-08	0	5.45	32	12.5
1995-05-09	0	7.13	31	11.5
1995-05-10	0	6.88	31.5	11
1995-05-11	0	6.34	32	10.5
1995-05-12	0	7.13	32	13.5
1995-05-13	0	6.67	33	14
1995-05-14	0	0.65	32	13.5
1995-05-15	0	7.72	26.5	12
1995-05-16	0	6.51	29	10
1995-05-17	0	6.26	33	13
1995-05-18	0	6.81	33.5	15
1995-05-19	0	6.26	27	12.5
1995-05-20	0	6.12	26	14
1995-05-21	0	4.97	29	12
1995-05-22	0	6.58	27	13
1995-05-23	0	6.15	26.5	10.5
1995-05-24	0	5.58	27	10
1995-05-25	0	5.22	25	11
1995-05-26	1.2	3.74	23.5	13.5
1995-05-27	29.5	5.87	26.5	13
1995-05-28	0	9.28	23.5	12
1995-05-29	10.9	1.79	24	14
1995-05-30	0	4.74	24	11
1995-05-31	6.8	2.62	24.5	12
1995-06-01	0	5.02	27	9
1995-06-02	0	6.37	23.5	8
1995-06-03	0	6.11	25.5	8
1995-06-04	0	6.2	27.5	7
1995-06-05	0	8.28	31.5	7
1995-06-06	0	5.5	31	10
1995-06-07	0	6.98	31	14
1995-06-08	0	7.7	29	9.5
1995-06-09	0	4.65	26	9.5
1995-06-10	0	4.8	25	12
1995-06-11	0.4	3.7	24	10
1995-06-12	0.8	2.65	20	12.5
1995-06-13	0	1.9	20.5	11
1995-06-14	0	3.85	19	12
1995-06-15	0	6.1	20	11.5
1995-06-16	0.8	3.95	19	11.5
1995-06-17	5.5	5.15	21	12
1995-06-18	0.6	2.67	19	12
1995-06-19	1.6	5.53	22	13
1995-06-20	2.4	0.31	23	13.5
1995-06-21	0.3	5.94	22	13
1995-06-22	0	4.73	23.5	13
1995-06-23	0	6.14	23	10.5
1995-06-24	0	6.99	23.5	14
1995-06-25	0	7.27	24	10
1995-06-26	8.8	6.88	24	10
1995-06-27	12.8	4.44	22	13
1995-06-28	1.4	1.28	19	13.5
1995-06-29	2	0.63	21.5	12.5
1995-06-30	15.5	2.55	23	14
1995-07-01	3.3	6.78	23.5	12.5
1995-07-02	0.01	4.76	22	11
1995-07-03	0	5.42	27	10
1995-07-04	0	3.73	24	11
1995-07-05	4	1.62	25.5	10.5
1995-07-06	0.5	3.97	19	10.5
1995-07-07	0.4	3.78	19	7.5
1995-07-08	1.7	1.19	19	11
1995-07-09	10.5	6.29	20	11.5
1995-07-10	6	4.3	19	12
1995-07-11	3.8	3.68	20	11
1995-07-12	10	1	16	13
1995-07-13	6.2	1.11	19	12.5
1995-07-14	0.5	4.03	20	8
1995-07-15	0	4.86	21	11.5
1995-07-16	1.8	2.66	20.5	11
1995-07-17	0.8	4.43	20	12
1995-07-18	0.01	4.15	22	11
1995-07-19	0.4	6.59	22.5	13
1995-07-20	0	3.77	21	13
1995-07-21	0	4.2	22	9
1995-07-22	0	5.9	23.5	11.5
1995-07-23	0.2	6.16	23	8.5
1995-07-24	16	5.19	21	10.5
1995-07-25	14.2	1.92	19.5	12
1995-07-26	2.5	0.41	18.5	12.5
1995-07-27	0	5.63	21	9
1995-07-28	0.01	4.58	22	10
1995-07-29	0	5.79	22	8.5
1995-07-30	0	6.6	23	8.5
1995-07-31	0	6.15	23	8.5
1995-08-01	0	5.5	25	8
1995-08-02	0	6.36	23	8.5
1995-08-03	0	4.78	23.5	10.5
1995-08-04	9.8	8.08	23.5	9.5
1995-08-05	0.01	2.2	22	12
1995-08-06	1.7	2.37	21	12
1995-08-07	12.8	2.57	21	14
1995-08-08	17.6	5.01	21	14
1995-08-09	27	6.36	22	13
1995-08-10	19.2	6.03	24	10
1995-08-11	7	2.93	21.5	13.5
1995-08-12	12.8	2.66	19	14
1995-08-13	6.3	2.6	21	13
1995-08-14	2.4	5.62	21	12.5
1995-08-15	0	5.12	22	10.5
1995-08-16	0	4.71	22.5	12.5
1995-08-17	0	3.21	22	13
1995-08-18	5.7	3.95	21.5	13
1995-08-19	16.5	1.25	19	12
1995-08-20	8	2.78	16	13
1995-08-21	7.5	3.01	18.5	12
1995-08-22	1	2.17	21.5	12
1995-08-23	0	7.39	21.5	13.5
1995-08-24	1.2	3.22	22	11
1995-08-25	5	4.44	25	12.5
1995-08-26	4.2	4.55	22.5	12.5
1995-08-27	2.4	3.82	22	13.5
1995-08-28	4.2	1.78	21	11.5
1995-08-29	2.3	4.46	21	13
1995-08-30	0	2.78	19	9
1995-08-31	14	9.06	21	11.5
1995-09-01	32	4.13	20	13.5
1995-09-02	7	1.18	18.5	12.5
1995-09-03	5.5	4	21	12
1995-09-04	3.8	3.47	20	12.5
1995-09-05	16	4.13	21.5	10
1995-09-06	1.3	2	18.5	12
1995-09-07	0	5.68	21	7.5
1995-09-08	0	2.9	22	6
1995-09-09	0	7.42	21.5	5.5
1995-09-10	1.2	5.14	20.5	10.5
1995-09-11	7.8	3.64	19.5	10
1995-09-12	0.8	3.97	22	12.5
1995-09-13	0.3	3.73	22	13
1995-09-14	1.6	4.44	20.5	12.5
1995-09-15	2.2	3.86	21.5	12
1995-09-16	0	4.94	21.5	12
1995-09-17	2.1	4.36	22	12.5
1995-09-18	0.8	5.3	23	12.5
1995-09-19	0	5.51	22	8.5
1995-09-20	0.01	1.55	21	13
1995-09-21	0.3	3.1	24	12
1995-09-22	1.8	2.53	22.5	11
1995-09-23	0	4.54	22	12
1995-09-24	0	4.83	22.5	10
1995-09-25	0	5.54	22	11.5
1995-09-26	11.4	5.09	25	10
1995-09-27	0.4	4.69	24	9
1995-09-28	0.3	3.98	23.5	13.5
1995-09-29	0	5.84	23.5	12
1995-09-30	0	5.29	29	5
1995-10-01	0	2.45	24.5	5.5
1995-10-02	0	5.54	27.5	12
1995-10-03	0	1.86	25.5	9.5
1995-10-04	0	3.5	28	11.5
1995-10-05	0	7.18	27.5	7.5
1995-10-06	2	3.57	21	5
1995-10-07	0	1.65	15.5	5.5
1995-10-08	0	5.15	21	5.5
1995-10-09	0	4.45	26	0.5
1995-10-10	0	6.32	26	1
1995-10-11	0	4.89	23.5	5.5
1995-10-12	6.5	5.04	20.5	2.5
1995-10-13	6	0.55	20.5	8.5
1995-10-14	4.5	1.12	14.5	11
1995-10-15	0	6.21	18	4
1995-10-16	0	4.56	22.5	4
1995-10-17	0	2.73	21	7.5
1995-10-18	1.6	4.9	23.5	7.5
1995-10-19	7.5	2.14	20	10
1995-10-20	66.4	3.11	17.5	12
1995-10-21	1.2	0.86	15.5	9
1995-10-22	0	3.46	23	6
1995-10-23	0	5.31	24	6.5
1995-10-24	8	1.29	19	9
1995-10-25	0	3.95	21	12
1995-10-26	0.8	4.12	27	7.5
1995-10-27	14	4.77	27	12
1995-10-28	0.5	2.76	19	9.5
1995-10-29	14.5	4.28	21	11.5
1995-10-30	0	6.24	25	8.5
1995-10-31	0	4.91	25.5	7.5
1995-11-01	4.8	3.07	28	10.5
1995-11-02	1	5.85	25	9
1995-11-03	1.8	4.03	22	8.5
1995-11-04	0	2.06	17	11.5
1995-11-05	0	4.09	21	9.5
1995-11-06	0	4.68	25.5	10
1995-11-07	0	5.32	28.5	11
1995-11-08	0.01	1.63	18	12
1995-11-09	0	3.17	24	10
1995-11-10	0	4.5	28	10
1995-11-11	0	6.13	20	9.5
1995-11-12	5.2	5.1	25.5	9
1995-11-13	0	4.95	27	7.5
1995-11-14	0	5.1	21	5
1995-11-15	0	2.8	20	6.5
1995-11-16	0	1.22	21	7.5
1995-11-17	12.5	8.22	25	7
1995-11-18	13	13	15.5	7.5
1995-11-19	1.7	1.88	16	9.5
1995-11-20	5	2.19	17	8
1995-11-21	2.3	1.61	12	9.5
1995-11-22	0	3.95	16	6.5
1995-11-23	0	1.37	23	6
1995-11-24	0.2	3.19	17	5
1995-11-25	0.01	5.16	18.5	4.5
1995-11-26	0	5.41	23.5	3
1995-11-27	0	4.37	26	1
1995-11-28	0	5.2	25	5
1995-11-29	0	5.01	24.5	5.5
1995-11-30	0	4.33	19	6
1995-12-01	0	5.96	26	5
1995-12-02	0	5.07	26.5	5.5
1995-12-03	0	5.93	27.5	5.5
1995-12-04	0	6.35	24.5	3.5
1995-12-05	0	3.29	27	1.5
1995-12-06	0	4.26	25	2
1995-12-07	0	3.69	27.5	2
1995-12-08	0	4.63	26	3
1995-12-09	2.8	5	14.5	7
1995-12-10	0.01	6	9.5	5
1995-12-11	0.01	2.36	13	6
1995-12-12	0	2.92	23	2
1995-12-13	0	1.91	22.5	4.5
1995-12-14	0	1.35	24.5	3.5
1995-12-15	0	5.39	26	4
1995-12-16	0	5.12	24	3
1995-12-17	0	4.06	21.5	6
1995-12-18	0	2.83	26.5	4
1995-12-19	0	4.23	18	9
1995-12-20	0	3.68	25	4
1995-12-21	0	4.5	22.5	9
1995-12-22	0	1.86	20	10
1995-12-23	0.01	2.35	17	5
1995-12-24	1.2	3.93	18	4
1995-12-25	7.5	1.48	21.5	4.5
1995-12-26	3.8	0.76	11.5	9
1995-12-27	1	2.52	15	7.5
1995-12-28	0	3	12.5	8
1995-12-29	0	2.9	21	6.5
1995-12-30	7.7	0.48	13	7
1995-12-31	0	4.21	17	7
1996-01-01	0	5.37	23	6
1996-01-02	0	4.94	22.5	-3
1996-01-03	0	3.6	22.5	2
1996-01-04	0	4.79	25.5	3.5
1996-01-05	0	3.16	26	2
1996-01-06	0	4.12	25.5	3.5
1996-01-07	0	2.92	12.5	4
1996-01-08	0	3.72	16.5	1
1996-01-09	0	2.61	24	-3
1996-01-10	0	4.22	20.5	-2
1996-01-11	0	3.86	26	2.5
1996-01-12	0	4.04	15.5	0
1996-01-13	0	0.77	18.5	-5
1996-01-14	0	0.93	26.5	-3
1996-01-15	0	1.15	25.5	-2
1996-01-16	0	1.44	21.5	-2.5
1996-01-17	0	0.76	25	1
1996-01-18	0	4.94	27	5.5
1996-01-19	0	4.22	13.5	4
1996-01-20	0	3.33	26	6.5
1996-01-21	0	3.24	17	2.5
1996-01-22	0	5.33	25	0
1996-01-23	0	3.93	26	2
1996-01-24	0	2.66	16	4
1996-01-25	0	5.63	25	3
1996-01-26	0	5.69	29	6
1996-01-27	2.4	1.59	15.5	2
1996-01-28	0	4.43	25	8
1996-01-29	0	5.76	27	1.5
1996-01-30	0	4.23	28	0
1996-01-31	0	6.6	24	0
1996-02-01	0	3.74	25.5	4.5
1996-02-02	0	6.35	25.5	6.5
1996-02-03	0	3.34	23	5
1996-02-04	0.01	1.01	6.5	1.5
1996-02-05	0.01	2.3	18.5	2.5
1996-02-06	0	4.2	20	-4
1996-02-07	0	4.11	21	-4
1996-02-08	0	3.77	25	-2
1996-02-09	0	4.52	25	2
1996-02-10	0	4.93	24	5
1996-02-11	2	3.7	21.5	3.5
1996-02-12	0.9	1.95	11	6.5
1996-02-13	0	1.97	17	5.5
1996-02-14	0	5.04	27.5	3
1996-02-15	0.01	4.43	15	8
1996-02-16	0.8	1.68	26.5	6
1996-02-17	0	5.08	27	3.5
1996-02-18	0	4.51	26	4.5
1996-02-19	0	7.39	29	6
1996-02-20	0	5.74	27	3.5
1996-02-21	0	6.86	26.5	4.5
1996-02-22	0	8.39	26	3.5
1996-02-23	0	6.1	28.5	2
1996-02-24	0	4.87	24.5	1
1996-02-25	0	6.04	28	4
1996-02-26	0	6.72	28	5.5
1996-02-27	0	5.45	28	8
1996-02-28	0	6.38	27.5	7
1996-02-29	0	5.01	20	10
1996-03-01	0	6.12	29	8
1996-03-02	0	4.75	15	6
1996-03-03	0	4.58	25	4.5
1996-03-04	0	7.36	27	6.5
1996-03-05	0	6.3	26.5	8
1996-03-06	0	6.73	29	9.5
1996-03-07	1.8	4.31	20	7.5
1996-03-08	4.6	0.42	8	0.5
1996-03-09	0	1.12	8.5	-3
1996-03-10	0	4.24	13	1
1996-03-11	0	6.24	18	-3
1996-03-12	0	5.46	26.5	-2
1996-03-13	0	NULO	27	4.5
1996-03-14	0	NULO	28.5	7
1996-03-15	0	NULO	29.5	12
1996-03-16	0	9.02	31	6
1996-03-17	0	6.71	29	8.5
1996-03-18	0	6.94	27	6.5
1996-03-19	0	2.28	10.5	5
1996-03-20	0	1.87	11.5	4
1996-03-21	0	5.26	19.5	4.5
1996-03-22	2.2	2.9	25.5	4
1996-03-23	0	5.96	26	5.5
1996-03-24	0	6.28	27.5	6.5
1996-03-25	2.8	2.93	26	9
1996-03-26	4.4	11.36	17.5	8.5
1996-03-27	0	4.4	25.5	5.5
1996-03-28	0	8.33	25	4.5
1996-03-29	0	7.54	29	7.5
1996-03-30	0	7.68	28.5	9.5
1996-03-31	0	1.19	29.5	10
1996-04-01	0	0.51	21	7
1996-04-02	0	4.33	20	5.5
1996-04-03	0	5.34	29.5	6.5
1996-04-04	0	6.68	28	8.5
1996-04-05	0	7.86	28.5	8
1996-04-06	0	5.54	16	11
1996-04-07	0	5.92	24	2.5
1996-04-08	0	7.44	26	10
1996-04-09	0	5.06	21.5	5.5
1996-04-10	0	6.53	21	3
1996-04-11	0	6.13	27	3.5
1996-04-12	0	7.95	30	10
1996-04-13	0	8.41	29	11
1996-04-14	0	6.76	30	7.5
1996-04-15	0	5.78	24	7.5
1996-04-16	0	4.84	20	8
1996-04-17	0	3.94	26.5	6.5
1996-04-18	0	6.26	26	10.5
1996-04-19	0	7.4	29	7
1996-04-20	0	7.99	30	10
1996-04-21	0	8.63	29	10
1996-04-22	0	7.63	31	9
1996-04-23	3.5	4.78	23.5	11
1996-04-24	0	5.99	18	9
1996-04-25	0	5.89	27.5	8.5
1996-04-26	0	7.71	29.5	9
1996-04-27	0	7.17	26	3
1996-04-28	0	4.69	29	3
1996-04-29	1	1	27.5	9.5
1996-04-30	0	NULO	21	8
1996-05-01	0	NULO	25	8.5
1996-05-02	0	NULO	28.5	7
1996-05-03	0	7.2	27.5	8
1996-05-04	0	7.72	28	8.5
1996-05-05	0	7.11	24.5	5
1996-05-06	0	6.74	23	7
1996-05-07	0.5	6.55	23	11
1996-05-08	0.8	5.8	23	13.5
1996-05-09	0	6.93	26	10.5
1996-05-10	0	7.53	24.5	9
1996-05-11	0	6.69	24	9
1996-05-12	0	4.97	21	8
1996-05-13	0	5.88	22	6.5
1996-05-14	0	6.87	24.5	4
1996-05-15	0	6.61	26.5	5
1996-05-16	0	4.12	23	4
1996-05-17	0	5.18	22	9
1996-05-18	0	5.71	22.5	9
1996-05-19	0	7.12	25	9
1996-05-20	0	7.13	29.5	7
1996-05-21	0	7.47	29.5	5.5
1996-05-22	0	8.22	29	5
1996-05-23	0	6.85	32	7.5
1996-05-24	0	7.48	28	8.5
1996-05-25	0	6.54	28	7.5
1996-05-26	0	6.01	30	8
1996-05-27	0	7.47	31.5	12
1996-05-28	0	5.75	30	13.5
1996-05-29	0	6.66	28	9.5
1996-05-30	0	7.31	25.5	13
1996-05-31	0	6.09	24.5	13
1996-06-01	0	7.5	24	11
1996-06-02	0	6.97	22	10
1996-06-03	0	2.69	19	6
1996-06-04	0	4.6	21.5	6
1996-06-05	0	6.36	23	8.5
1996-06-06	0	5.9	22	12
1996-06-07	0.01	1.89	25	10
1996-06-08	1.5	4.72	24	9
1996-06-09	0	6.33	22	9
1996-06-10	0	3.74	24	8.5
1996-06-11	16	3.74	27	9
1996-06-12	0	2.3	24	8
1996-06-13	1	0.65	21.5	8.5
1996-06-14	0	2.82	21	9.5
1996-06-15	0	4.73	21.5	11.5
1996-06-16	13.5	6.07	24	12
1996-06-17	0.01	5.5	21.5	11.5
1996-06-18	0	4.79	22	12
1996-06-19	0	3.12	25	11.5
1996-06-20	0	7.12	25	10.5
1996-06-21	1	6.74	24.5	9.5
1996-06-22	0.01	4.4	26	10
1996-06-23	9.5	3.31	25.5	14
1996-06-24	5	0.5	23	13
1996-06-25	5.5	4.65	23.5	14
1996-06-26	5	3.73	21	14
1996-06-27	5.5	1.29	18	13
1996-06-28	23.5	4.72	16	11
1996-06-29	8	3.67	17.5	12
1996-06-30	8	5.84	18	12
1996-07-01	0	4.35	18.5	8.5
1996-07-02	0	5.45	20	7.5
1996-07-03	0	4.03	22	9.5
1996-07-04	1	5.88	24	10.5
1996-07-05	0	4.79	22.5	9.5
1996-07-06	4	4.07	22.5	10
1996-07-07	4.3	4.1	23	11
1996-07-08	14.2	5.1	24.5	12.5
1996-07-09	0	5.39	23.5	10.5
1996-07-10	0	5.88	23	9
1996-07-11	0	5.92	22	11.5
1996-07-12	0	5.71	22	10.5
1996-07-13	0	5.45	23.5	10
1996-07-14	0	5.48	23.5	12
1996-07-15	0.9	6.67	23	12
1996-07-16	6.8	5.35	22	11.5
1996-07-17	5.4	2.85	20.5	9
1996-07-18	9.2	0.36	20	11
1996-07-19	0	2.6	19.5	12.5
1996-07-20	0	4.71	20.5	8
1996-07-21	0	4.6	22	9
1996-07-22	1.4	3.2	22.5	11
1996-07-23	0	3.87	23	10
1996-07-24	0.01	4.27	25	13
1996-07-25	0	5.01	23	9.5
1996-07-26	0.2	NULO	21.5	9
1996-07-27	6.1	NULO	22.5	8.5
1996-07-28	6.8	NULO	19.5	12
1996-07-29	9.8	2.38	19	11.5
1996-07-30	2.7	1.51	18.5	12
1996-07-31	0.6	1.8	21	12
1996-08-01	7.4	8.94	22.5	9
1996-08-02	0	2.6	20.5	9
1996-08-03	0	3.43	23.5	8.5
1996-08-04	0	3.6	23.5	11.5
1996-08-05	0.9	4.02	23	12.5
1996-08-06	0	6.13	22	10
1996-08-07	2.2	5.4	22	7
1996-08-08	2.4	3.46	22	8
1996-08-09	8.6	1.19	18	11
1996-08-10	1.3	0.89	18.5	12
1996-08-11	0	3.37	21	8.5
1996-08-12	0.01	5.49	23	12.5
1996-08-13	0.01	2.46	21.5	10
1996-08-14	10	1.5	19.5	10
1996-08-15	0.5	3.4	19	10
1996-08-16	2.5	2.23	21	12
1996-08-17	15.8	8.87	25.5	11.5
1996-08-18	3.9	5.2	21.5	11.5
1996-08-19	3	4.74	21	11.5
1996-08-20	9	0.86	19	9
1996-08-21	4.5	2.93	19.5	11.5
1996-08-22	23.5	1.68	19	12
1996-08-23	1	0.42	18	12.5
1996-08-24	4.4	3.18	20	12.5
1996-08-25	4	2.32	20	13
1996-08-26	0.4	5.28	19.5	12.5
1996-08-27	0.3	4.95	21.5	12
1996-08-28	0.5	4.27	21.5	12
1996-08-29	0	4.88	20	10.5
1996-08-30	0	5.38	14.5	12
1996-08-31	0	6.14	25	9.5
1996-09-01	1.3	5.31	26	10.5
1996-09-02	1.8	4.88	27	12.5
1996-09-03	1.3	0.56	25	11.5
1996-09-04	0	3.85	20	13
1996-09-05	4.8	2.76	24	13
1996-09-06	0.01	4.36	23	13
1996-09-07	0.01	4.81	22	13.5
1996-09-08	4.6	3.57	22	11
1996-09-09	5.7	0.94	19.5	12.5
1996-09-10	0.01	3.05	20.5	12.5
1996-09-11	0.01	6.01	22.5	9.5
1996-09-12	0.01	4.41	22.5	9.5
1996-09-13	0.01	5.95	23.5	10
1996-09-14	0	3.49	26	9.5
1996-09-15	0	3.42	27	10.5
1996-09-16	4	5.48	26	10
1996-09-17	0	5.63	25.5	10.5
1996-09-18	0	5.1	26	13
1996-09-19	0.01	3.96	26.5	12
1996-09-20	0	5.18	26	11
1996-09-21	0	3.94	26.5	12.5
1996-09-22	2.2	5.26	24	12
1996-09-23	3.5	4.22	23	13
1996-09-24	4.1	3.62	22.5	10.5
1996-09-25	0	5.75	22	10
1996-09-26	0	3.01	26	12.5
1996-09-27	0	2.9	24	12
1996-09-28	11.5	0.62	24	11
1996-09-29	1.4	0.19	17	11.5
1996-09-30	13.8	0.63	15	8.5
1996-10-01	8	1.79	18	8.5
1996-10-02	25.6	3.96	20	12.5
1996-10-03	0.3	4.34	20	13
1996-10-04	8.2	3.82	21	13
1996-10-05	4.2	2.74	19	13
1996-10-06	3.5	1.29	20	12.5
1996-10-07	0.01	2.43	15	10
1996-10-08	0	0.84	16.5	6.5
1996-10-09	0.01	3.1	16.5	10
1996-10-10	0	2.76	18	8
1996-10-11	0	4.93	14	9
1996-10-12	0.01	5.23	15	8
1996-10-13	0	4.96	19.5	7.5
1996-10-14	3.4	1.5	22	6.5
1996-10-15	0.01	2.87	24	7.5
1996-10-16	0	3.88	27	5
1996-10-17	0	6.45	28.5	3.5
1996-10-18	0	7.58	22	5
1996-10-19	0	5.54	23.5	9.5
1996-10-20	0	3.99	26.5	7.5
1996-10-21	0	4.28	27.5	7
1996-10-22	0	4.04	26	9
1996-10-23	0	3.95	27	9.5
1996-10-24	2.8	2.66	27	10.5
1996-10-25	0.7	1.75	25	11.5
1996-10-26	0	3.51	25	9
1996-10-27	0.2	4.25	24.5	9
1996-10-28	0.01	5.03	22	11.5
1996-10-29	0.01	4.91	26	5.5
1996-10-30	1.1	2.44	22.5	5
1996-10-31	0.01	5.46	22	5.5
1996-11-01	0.01	1.21	28	5.5
1996-11-02	5.1	4.24	22.5	8
1996-11-03	0.6	0.79	16.5	7
1996-11-04	0.5	5.13	20	6.5
1996-11-05	0.5	3.43	25	5.5
1996-11-06	0	4.25	26	4.5
1996-11-07	0.3	3.98	29	8
1996-11-08	0	2.18	15	8
1996-11-09	0.3	3.4	15.5	-3
1996-11-10	1.2	2.73	15	1
1996-11-11	0.8	2.17	12.5	7
1996-11-12	2.8	1.22	14	4
1996-11-13	0.5	3	14	8
1996-11-14	0	2.49	17	7
1996-11-15	0	2.78	21.5	5.5
1996-11-16	0	4	25	5
1996-11-17	0.01	3.77	25	4.5
1996-11-18	0.3	2.61	22	2.5
1996-11-19	0	4.28	26	1
1996-11-20	0	2.8	28	2
1996-11-21	0	3.98	29	4
1996-11-22	0.01	NULO	24	1
1996-11-23	0	NULO	26.5	0
1996-11-24	0.01	NULO	27	5
1996-11-25	0.01	NULO	14	7.5
1996-11-26	0.01	NULO	8.5	4.5
1996-11-27	0.6	2.42	10	5
1996-11-28	0.01	2.01	16.5	6
1996-11-29	0	3.62	28	4.5
1996-11-30	0	3.73	28	12
1996-12-01	0	4.49	28	11
1996-12-02	0	3.26	26.5	3.5
1996-12-03	0.4	4.37	22	8
1996-12-04	0.01	2.76	22	10.5
1996-12-05	0.01	2.72	26.5	9.5
1996-12-06	0	1	27	7
1996-12-07	0	6.82	27	6
1996-12-08	0	2.85	28	7
1996-12-09	0	3.88	19.5	7
1996-12-10	0	3.55	26	2.5
1996-12-11	0	4.23	27	0.5
1996-12-12	0	3.64	28	0
1996-12-13	0.5	3.88	22	0.5
1996-12-14	0.01	3.02	20	6.5
1996-12-15	0	2.99	26	2
1996-12-16	0	2.96	23.5	7
1996-12-17	3	1.34	25	5
1996-12-18	2	1.78	10	7.5
1996-12-19	3.9	0.24	10	-2
1996-12-20	0.8	2.56	19	-1
1996-12-21	0	2.21	20	2.5
1996-12-22	0	3.77	24	2.5
1996-12-23	0	2.48	24.5	5
1996-12-24	0.5	3.59	22.5	2
1996-12-25	0.01	1.6	17	9
1996-12-26	0	3.75	24	5.5
1996-12-27	0	2.88	24.5	4.5
1996-12-28	0	2.3	25.5	5.5
1996-12-29	0.8	4.56	20.5	6
1996-12-30	0.3	1.92	20.5	9
1996-12-31	0	4.32	25	3.5
1997-01-01	0	2.75	23	2.5
1997-01-02	0.01	2.54	23.5	3
1997-01-03	0	4.32	26	5.5
1997-01-04	0	5.41	25.5	7.5
1997-01-05	0	4.03	28	5
1997-01-06	0	5.36	27	5.5
1997-01-07	0	5.41	25.5	4
1997-01-08	0	4.82	26	5.5
1997-01-09	0	4.59	21	7.5
1997-01-10	0	8.81	22	7
1997-01-11	0	3.44	22.5	1
1997-01-12	0	4.79	23	-1
1997-01-13	0	2.9	23.5	-1
1997-01-14	0.2	3.9	22	2
1997-01-15	0	3.98	24	4
1997-01-16	0	3.17	17	2
1997-01-17	0.5	3.12	14.5	4
1997-01-18	0	0.4	9	3
1997-01-19	0	4.07	20	5.5
1997-01-20	0	2.49	22	6
1997-01-21	0	4.17	23.5	3.5
1997-01-22	0	5.7	25	2.5
1997-01-23	0	4.5	26	3
1997-01-24	0	5.11	26.5	4
1997-01-25	0.01	4.09	21.5	1.5
1997-01-26	0	3.6	27	1
1997-01-27	0	4.99	26	1.5
1997-01-28	0	4.55	18	1.5
1997-01-29	0	2.34	22	5.5
1997-01-30	1.2	2.89	10.5	5.5
1997-01-31	0	3.62	25	5
1997-02-01	0	3.72	25	5
1997-02-02	0	4.1	24	7
1997-02-03	0	4.39	23	4
1997-02-04	0.6	3.69	25	4
1997-02-05	0.8	1.98	15.5	6.5
1997-02-06	0	3.44	26	4.5
1997-02-07	0	4.27	26.5	6
1997-02-08	0	4.13	17.5	7.5
1997-02-09	0	5.31	25.5	5
1997-02-10	0	5.78	22.5	7
1997-02-11	0	3.92	24	7
1997-02-12	0	7.21	29	8.5
1997-02-13	0	6.96	28	6.5
1997-02-14	0	5.09	16.5	5.5
1997-02-15	0	0.83	8	-2
1997-02-16	0.6	0.31	9	2.5
1997-02-17	0	4.62	20	3
1997-02-18	0	4.39	24.5	3.5
1997-02-19	0	6.77	26	2.5
1997-02-20	0	6.23	25	6.5
1997-02-21	0	6.6	25	5.5
1997-02-22	0.4	1.33	14	4.5
1997-02-23	0.01	4.66	22	6.5
1997-02-24	0	5.9	23	5
1997-02-25	0	6.31	25.5	4
1997-02-26	0	4.53	28	5
1997-02-27	0	7.32	24.5	9.5
1997-02-28	0	7.98	29	10
1997-03-01	0	7.87	29.5	11
1997-03-02	0	7.26	24.5	7
1997-03-03	0	5.99	28.5	6
1997-03-04	0	7.5	29	6.5
1997-03-05	0.8	6.89	27	4
1997-03-06	1.9	0.81	12.5	7.5
1997-03-07	0.01	4.95	17	8.5
1997-03-08	0	4.14	18.5	6
1997-03-09	0	4.31	19	7
1997-03-10	0	4.07	17	10
1997-03-11	0.3	4.21	23	9
1997-03-12	0	4.56	20.5	9
1997-03-13	0.01	4.84	25.5	10
1997-03-14	1.6	4	15.5	9
1997-03-15	0	4.12	20	12
1997-03-16	0.01	1.87	18	8
1997-03-17	0	2.5	25.5	6
1997-03-18	3.1	5.95	24	7
1997-03-19	2.3	0.96	13.5	9.5
1997-03-20	0	2.73	17.5	6.5
1997-03-21	6	3.29	21.5	4
1997-03-22	1.8	3.08	19	4.5
1997-03-23	0	5.08	21	6.5
1997-03-24	0	4.48	23	6
1997-03-25	0	6.68	25.5	7
1997-03-26	0	5.49	20	10
1997-03-27	6.8	3.74	24	11.5
1997-03-28	4.5	6.39	20	9
1997-03-29	1.2	4.87	24.5	8.5
1997-03-30	1.8	6.2	26	8
1997-03-31	0.5	3.63	18	11.5
1997-04-01	0	5.65	25	10
1997-04-02	0.8	6.01	25.5	9
1997-04-03	5.2	4.12	25.5	10
1997-04-04	0	5.87	24.5	11.5
1997-04-05	0.01	3.32	21.5	11.5
1997-04-06	1.5	6.62	24	10
1997-04-07	0	4.83	23.5	10
1997-04-08	0.4	1.91	24	9.5
1997-04-09	3.6	5.35	20.5	10.5
1997-04-10	6.5	2.57	21	9.5
1997-04-11	0	3.36	23	10
1997-04-12	1.3	4.16	20	11
1997-04-13	0	3.12	16	11
1997-04-14	8	4.25	19	8
1997-04-15	1.3	3.58	20	8.5
1997-04-16	0.01	1.54	18.5	9
1997-04-17	2	4.5	20.5	9.5
1997-04-18	9.5	5.04	21	11.5
1997-04-19	0.9	1.26	22	11
1997-04-20	4	2.96	21.5	11.5
1997-04-21	0	7.34	23.5	10
1997-04-22	0	5.86	27	9.5
1997-04-23	0	7.92	28.5	7.5
1997-04-24	0	7.78	28	9.5
1997-04-25	0	8.78	29	8.5
1997-04-26	0	5.56	24	10.5
1997-04-27	0	4.8	17	7
1997-04-28	0	5.77	20	8
1997-04-29	0	6.98	26	6.5
1997-04-30	0	6.97	29	7.5
1997-05-01	0	6.34	28	8.5
1997-05-02	0	6.61	29	9
1997-05-03	2.5	3.89	24	9.5
1997-05-04	8	2.95	15.5	8.5
1997-05-05	0	2.73	20	9.5
1997-05-06	0	5.14	21	6.5
1997-05-07	0	4.18	19.5	7
1997-05-08	7.1	1.88	24	9
1997-05-09	9.7	3.79	21.5	9.5
1997-05-10	0.01	3.02	19	11
1997-05-11	0	4.45	21.5	9
1997-05-12	16	5.7	23	8.5
1997-05-13	1.1	3.17	20	9
1997-05-14	2.5	3.91	21	9
1997-05-15	2.4	3.02	22	10
1997-05-16	0.2	2.07	20.5	10
1997-05-17	3	2.83	21	9.5
1997-05-18	0	5.44	23	10
1997-05-19	0.5	2.05	23.5	11
1997-05-20	0.6	5.13	22	11.5
1997-05-21	0	3.15	20.5	12
1997-05-22	0.01	1.82	20.5	8
1997-05-23	6.3	2.21	23	10.5
1997-05-24	0	4.96	24	10
1997-05-25	0.01	4.47	26	11
1997-05-26	0	4.78	25	13
1997-05-27	0	3.6	25.5	11
1997-05-28	0.2	3.89	21.5	10
1997-05-29	0.2	3.64	21.5	8
1997-05-30	0	4.58	22.5	8
1997-05-31	0	6.79	24	9
1997-06-01	0	3.71	22.5	8
1997-06-02	0.01	3.27	24	10
1997-06-03	0	5.85	24.5	12
1997-06-04	0	4.39	24	9
1997-06-05	0	6.46	23.5	8
1997-06-06	0	4.69	26	7
1997-06-07	0	5.16	26	8
1997-06-08	0.01	4.35	25	11
1997-06-09	0	5.43	23.5	12
1997-06-10	0	6.34	24	11
1997-06-11	0	4.71	26	8
1997-06-12	0	7.34	28.5	7.5
1997-06-13	0	7.22	28.5	8.5
1997-06-14	0	6.71	27	8
1997-06-15	0	5.86	28	8
1997-06-16	0	5.43	27	10
1997-06-17	0.01	4.98	28	11
1997-06-18	0	5.19	25.5	11.5
1997-06-19	0	6.15	23.5	12.5
1997-06-20	0	5.9	24	9.5
1997-06-21	6.5	1.19	23	10
1997-06-22	8	2.04	21	12
1997-06-23	1.7	1.04	19	13
1997-06-24	9.4	1.41	19.5	12.5
1997-06-25	1.6	2.63	21	13
1997-06-26	5.3	4.48	19.5	11.5
1997-06-27	7	2.18	19	12
1997-06-28	0.8	5.86	21	12.5
1997-06-29	0.2	6.04	21.5	10.5
1997-06-30	8.5	1.14	19	11
1997-07-01	8.3	5.86	17.5	12
1997-07-02	3.6	2.1	19.5	13
1997-07-03	1	4.63	20	13
1997-07-04	2.1	4.81	21.5	9
1997-07-05	1	6.03	20.5	10.5
1997-07-06	1.1	4.12	21	11
1997-07-07	0.4	4.27	19.5	11
1997-07-08	0	5.05	20.5	13
1997-07-09	0	6.16	22	11.5
1997-07-10	0	6.18	22.5	8.5
1997-07-11	0.3	6.84	22	9
1997-07-12	0	6.09	22	9
1997-07-13	0.01	4.76	21	12.5
1997-07-14	0.01	3.35	22	11
1997-07-15	4.5	4.96	21	11
1997-07-16	1.2	5.64	21.5	11
1997-07-17	0	3.7	23	11.5
1997-07-18	0	2.79	23	12
1997-07-19	2.5	2.49	24	12.5
1997-07-20	0	3.72	23.5	11
1997-07-21	0.01	5.16	22.5	11.5
1997-07-22	0	6.27	21.5	10.5
1997-07-23	0	2.63	22.5	11.5
1997-07-24	11.8	4.45	21.5	10.5
1997-07-25	0	5.81	20.5	9.5
1997-07-26	10	5.32	22	10
1997-07-27	0.01	4.99	21.5	10.5
1997-07-28	0.01	4.4	22.5	10
1997-07-29	1.8	6.35	23	12
1997-07-30	0.01	3.85	21	11.5
1997-07-31	9.6	3.27	21	11
1997-08-01	0.4	5.43	21	10
1997-08-02	1	4.15	20.5	9
1997-08-03	1.5	5.62	22	9.5
1997-08-04	4	5.09	21.5	8.5
1997-08-05	2.8	3.77	20.5	9
1997-08-06	0	6.04	21.5	8
1997-08-07	0	5.79	24	8.5
1997-08-08	0.2	6.93	24	9
1997-08-09	0	4.06	24	10.5
1997-08-10	0	6.76	23.5	11
1997-08-11	2.2	6.21	23.5	10.5
1997-08-12	0	6.99	22	11
1997-08-13	2.5	5.38	21.5	9
1997-08-14	0.4	1.26	21	9.5
1997-08-15	0	5.66	25	12.5
1997-08-16	5.3	3.88	23	9.5
1997-08-17	0.6	3.81	21	10.5
1997-08-18	1.8	5.16	22	10
1997-08-19	0.01	4.31	21	9.5
1997-08-20	0	6.76	23	9
1997-08-21	0	5.42	23	9.5
1997-08-22	0	5.53	23.5	9
1997-08-23	0	4.72	25	6.5
1997-08-24	0	5.73	23	7
1997-08-25	0	4.31	21	8
1997-08-26	0.2	3.51	23	8.5
1997-08-27	0	5.29	21.5	10.5
1997-08-28	0.5	3.66	23	14
1997-08-29	0	4.41	23.5	11
1997-08-30	0	4.69	24	9.5
1997-08-31	0.01	5.52	23	9
1997-09-01	0	6.11	21.5	9
1997-09-02	13.8	8.35	21	9.5
1997-09-03	6.1	0.19	19	10.5
1997-09-04	13.4	0.42	15.5	12
1997-09-05	1.4	2.24	19	12.5
1997-09-06	0.7	3.26	19	12.5
1997-09-07	1.2	3.98	20.5	12.5
1997-09-08	5.4	4.16	22	12
1997-09-09	0.01	4.46	22	12
1997-09-10	1.2	4.43	22	9
1997-09-11	5.5	2.46	21.5	9.5
1997-09-12	0.5	4.6	22	12
1997-09-13	1.8	3.35	21.5	11
1997-09-14	3.9	3.32	18	11.5
1997-09-15	1	4.06	19	11.5
1997-09-16	0.01	3.86	21.5	9
1997-09-17	0.2	4.36	23.5	10
1997-09-18	0.4	4.94	21	9
1997-09-19	0	5.42	21.5	8
1997-09-20	0.5	2.92	19	9
1997-09-21	0.5	0.78	21	11
1997-09-22	0	3.74	22.5	12
1997-09-23	0	4.54	25	10
1997-09-24	31	1.5	25	10.5
1997-09-25	3	0.35	16	12.5
1997-09-26	0.3	2.57	19	11
1997-09-27	0	5.06	21	11.5
1997-09-28	0	4.25	25	9
1997-09-29	0.3	3.98	21.5	6.5
1997-09-30	5.4	2.81	21.5	7.5
1997-10-01	2	1.6	19	13
1997-10-02	1.8	0.77	19.5	11
1997-10-03	0	4.19	22.5	11
1997-10-04	0.01	2.3	22.5	11.5
1997-10-05	0.01	2.95	21.5	9
1997-10-06	0	4.39	20	10
1997-10-07	0.3	3.34	22.5	13
1997-10-08	1.5	2.32	22	13
1997-10-09	16.3	2.78	20.5	14
1997-10-10	15.5	1.19	21.5	14
1997-10-11	0.01	1.95	22	14
1997-10-12	24.5	4.73	25	13
1997-10-13	23.4	3.89	17.5	14
1997-10-14	9.8	0.41	9.5	9
1997-10-15	0.01	1.11	12	2.5
1997-10-16	0	1.94	14	4
1997-10-17	0	2.01	14	5
1997-10-18	0.01	2.66	17.5	10
1997-10-19	0.01	4.24	22	1
1997-10-20	0	3.57	22	1
1997-10-21	0	3.5	22	2.5
1997-10-22	0	4.81	20	2.5
1997-10-23	0	2.81	26	4
1997-10-24	0	3.59	27.5	7
1997-10-25	0	5.78	28	9.5
1997-10-26	0.3	3.61	23	9.5
1997-10-27	0	2.8	16.5	9
1997-10-28	0	4.76	28	6
1997-10-29	0	3.02	25	9.5
1997-10-30	0	3.76	28	9.5
1997-10-31	0	2.67	28	11.5
1997-11-01	0	4.19	28.5	10.5
1997-11-02	0.3	2.55	17	10.5
1997-11-03	0.01	2.27	16	11
1997-11-04	0	5.04	24.5	10
1997-11-05	0	4.39	25.5	9
1997-11-06	0.01	3.25	20.5	11
1997-11-07	0	2.36	18.5	4.5
1997-11-08	0	2.72	22	6.5
1997-11-09	0	1.86	19.5	11.5
1997-11-10	1.6	0.98	23	8
1997-11-11	0	2.86	20	8.5
1997-11-12	0	5.37	23.5	12
1997-11-13	0	5.31	23	10.5
1997-11-14	0	3.67	26	7
1997-11-15	0	4.47	24	6.5
1997-11-16	0.6	2.04	15.5	6.5
1997-11-17	0.3	1.58	15.5	9
1997-11-18	0	1.49	20	7.5
1997-11-19	0	3.41	21.5	9
1997-11-20	0	3.16	23	10
1997-11-21	0	2.9	24	7.5
1997-11-22	0	3.11	25	7
1997-11-23	0.3	0.7	17	7
1997-11-24	1.2	2.72	17.5	9.5
1997-11-25	1.5	0.59	14	10
1997-11-26	0.01	1.68	20	7.5
1997-11-27	0	4.24	25	4
1997-11-28	0	3.82	25.5	5
1997-11-29	0	2.71	23	8
1997-11-30	0	2.33	20	10
1997-12-01	0	4	23.5	7
1997-12-02	0	2.76	27	7.5
1997-12-03	0	3.19	25.5	8
1997-12-04	0	3.42	26.5	9
1997-12-05	0	3.84	28	8
1997-12-06	0	3.41	26	9.5
1997-12-07	0	4.17	24	9
1997-12-08	0	5.63	28	8.5
1997-12-09	0	6.54	29	9
1997-12-10	0	3.86	28	6
1997-12-11	0	1.88	24	7
1997-12-12	0	2.7	14.5	10
1997-12-13	0	1.11	8.5	2.5
1997-12-14	0	0.75	12	-5.5
1997-12-15	0	2.36	14	-5.5
1997-12-16	0	3.28	22.5	-4
1997-12-17	2	2.29	16	2
1997-12-18	0	0.46	13.5	6
1997-12-19	0	3.07	21	4
1997-12-20	0	3.89	22	4
1997-12-21	0	4.29	26.5	8
1997-12-22	2	0.94	22	9.5
1997-12-23	0	4.08	21	2
1997-12-24	0	3.74	24	11
1997-12-25	0	3.44	27	9.5
1997-12-26	0	3.97	28	6
1997-12-27	0	2.56	19	-3
1997-12-28	0	4.91	27	1
1997-12-29	0	4.47	22	2
1997-12-30	0	5.06	16.5	2
1997-12-31	0	1.91	14	1
1998-01-01	0	3.34	13.5	4
1998-01-02	0.01	2.59	19.5	6
1998-01-03	0.01	3.47	22	5.5
1998-01-04	0	5.28	24.5	2
1998-01-05	0	3.67	25	4
1998-01-06	0	4.55	26	5.5
1998-01-07	0	4.99	22	4.5
1998-01-08	0	3.07	18	2.5
1998-01-09	0	4.18	22	1
1998-01-10	0	3.02	23.5	1.5
1998-01-11	0	5.1	26.5	2
1998-01-12	0	4.19	27	2
1998-01-13	0	3.32	25	5
1998-01-14	0	4.79	26	3
1998-01-15	0	2.49	16.5	2
1998-01-16	0	4.41	22	0
1998-01-17	0	2.63	19	1
1998-01-18	9.5	0.45	17	7
1998-01-19	0.8	1.07	17.5	8.5
1998-01-20	0	3.74	22.5	6.5
1998-01-21	0	5.26	24.5	6
1998-01-22	0	3.51	25	7
1998-01-23	0	3.67	13	7.5
1998-01-24	0.01	0.44	11	7.5
1998-01-25	0	4.4	20	3
1998-01-26	0	3.44	18	8
1998-01-27	0.01	4.37	14.5	2
1998-01-28	0	4.47	22.5	1.5
1998-01-29	0	4.18	23.5	3
1998-01-30	0	5.4	26	2.5
1998-01-31	0	5.4	26	4
1998-02-01	2.2	4.33	24	5
1998-02-02	2.5	0.94	10.5	5
1998-02-03	0	3.88	20	-1
1998-02-04	0	5.8	26.5	0
1998-02-05	0	5.94	23	4.5
1998-02-06	0	2.84	19	3.5
1998-02-07	0	5.64	26.5	-1
1998-02-08	0	4.88	25	0
1998-02-09	0	5.08	26.5	0
1998-02-10	0	6.17	27.5	0
1998-02-11	0	4.37	15	7
1998-02-12	0	3.41	24	2
1998-02-13	0	3.4	18	3
1998-02-14	0	4.17	22	3
1998-02-15	0	6.22	26.5	5.5
1998-02-16	0	5.97	26.5	9
1998-02-17	0	6.05	27	5.5
1998-02-18	0	8.27	29	5.5
1998-02-19	0	6.37	27	5.5
1998-02-20	0	7.37	26	6.5
1998-02-21	0	7.3	26.5	5.5
1998-02-22	0	8.45	29.5	4
1998-02-23	0	4.73	23	4.5
1998-02-24	0	5.64	25.5	2.5
1998-02-25	0	9.34	29.5	5.5
1998-02-26	0	7.94	29	11
1998-02-27	0	9.93	29	8.5
1998-02-28	0	6.52	29	9
1998-03-01	0	3.86	17.5	8
1998-03-02	0.01	3.81	22	2
1998-03-03	0	4.9	22.5	0.5
1998-03-04	0	7.59	28	1.5
1998-03-05	0	6.14	30	1.5
1998-03-06	0	7.06	28.5	8.5
1998-03-07	0	12.9	31	9.5
1998-03-08	0.01	5.54	24	8
1998-03-09	0.8	3.09	10	5
1998-03-10	0.6	2.19	9.5	5
1998-03-11	0.8	3.1	10.5	4.5
1998-03-12	0	1.24	10.5	6
1998-03-13	0	4.96	16	7
1998-03-14	0	5.17	26	4.5
1998-03-15	0	6.85	28.5	6.5
1998-03-16	0	8.79	29	11.5
1998-03-17	0	11.21	29.5	9.5
1998-03-18	0	6.35	28	9
1998-03-19	0	5.94	31	7.5
1998-03-20	0	6.31	18	11
1998-03-21	0	3.41	15	7
1998-03-22	0	6.3	19	8
1998-03-23	0	4.15	22	0
1998-03-24	0	6.97	28.5	1.5
1998-03-25	0	7.16	27	4
1998-03-26	0	8.7	25.5	4
1998-03-27	0	6.34	31	7
1998-03-28	0	7.49	31	6
1998-03-29	0	7.51	30	9.5
1998-03-30	0	8.51	33.5	10
1998-03-31	0	5.09	28	12
1998-04-01	0	8.06	28	8
1998-04-02	0	8.52	30	10
1998-04-03	0	7.97	28.5	12.5
1998-04-04	0	6.26	28.5	10
1998-04-05	0	9.03	28	7.5
1998-04-06	0	9.09	33.5	9
1998-04-07	0	9.74	32.5	13.5
1998-04-08	0	9.19	32	12.5
1998-04-09	0	7.34	30	9.5
1998-04-10	0	7.08	18	8
1998-04-11	0	5.81	21	7.5
1998-04-12	0	6.05	32	6
1998-04-13	0	8.74	32	9
1998-04-14	0	9.12	33.5	10
1998-04-15	0	8.75	32.5	11
1998-04-16	0	8.46	34	13
1998-04-17	0	7.95	32.5	12
1998-04-18	0	7.49	29	10
1998-04-19	0.3	5.37	18	12
1998-04-20	0	4.43	18	11
1998-04-21	0.3	4.14	20	11
1998-04-22	0.5	3.71	14.5	10
1998-04-23	0.7	3.83	19	8.5
1998-04-24	0	5.98	21	4.5
1998-04-25	0	6.69	28	6.5
1998-04-26	0	6.81	31	11
1998-04-27	0	6.89	30	12.5
1998-04-28	0	3.97	19.5	13
1998-04-29	0	4.39	21	12.5
1998-04-30	0	6.16	26	9
1998-05-01	0	6.75	28	6
1998-05-02	0	8.34	30	8
1998-05-03	0	9.26	32	9
1998-05-04	0	9.31	32.5	12
1998-05-05	0	9.55	33.5	11
1998-05-06	0	9.53	34	10
1998-05-07	0	9.14	32	10.5
1998-05-08	0	9.18	34	9.5
1998-05-09	0	7.76	34.5	11
1998-05-10	0	6.58	28	11.5
1998-05-11	0	8.37	33	11
1998-05-12	0	9.31	33.5	14
1998-05-13	0	6.42	32	12
1998-05-14	0	8.66	30	10
1998-05-15	0	7.13	29	11
1998-05-16	0	6.51	24	11
1998-05-17	0	7.58	22.5	7
1998-05-18	0	5.9	23	4
1998-05-19	0	5.8	26.5	4.5
1998-05-20	0	7.32	28	4
1998-05-21	0	7.24	26.5	5.5
1998-05-22	0	5.85	28	7
1998-05-23	0	7.7	30	7
1998-05-24	0	7.33	30.5	7.5
1998-05-25	0	6.06	31	9
1998-05-26	0	4.37	29	10
1998-05-27	0	9.66	29.5	11
1998-05-28	0	6.57	27	12
1998-05-29	0	8.2	29	9.5
1998-05-30	0	5.77	27	7
1998-05-31	0	7.75	26	7.5
1998-06-01	0	5.25	26.5	7
1998-06-02	0	6.81	30	8
1998-06-03	0	5.69	30.5	12
1998-06-04	0	6.85	32	11.5
1998-06-05	0	7.19	32	14
1998-06-06	5.8	5.52	27.5	13
1998-06-07	0.01	6.49	23	14
1998-06-08	0	5.4	27.5	10
1998-06-09	0	5.61	27.5	10.5
1998-06-10	0	5.78	24	12
1998-06-11	0	5.73	25.5	13
1998-06-12	0	6.15	25	12.5
1998-06-13	0	6.77	26	12.5
1998-06-14	0	7.6	31.5	8
1998-06-15	0	7.48	32	7.5
1998-06-16	0	6.66	32.5	11
1998-06-17	0	6.49	27	10
1998-06-18	1	7.52	25.5	12.5
1998-06-19	1.7	6.01	23	12
1998-06-20	0	6.67	24.5	11
1998-06-21	0.5	7.02	24	11
1998-06-22	2.8	8.49	22	12
1998-06-23	0.01	3.52	23	11
1998-06-24	0	2.79	22	10
1998-06-25	0	3.91	24	12.5
1998-06-26	1	3.7	25.5	11.5
1998-06-27	2	2.71	25	10.5
1998-06-28	22	2.05	25	13.5
1998-06-29	0	5.53	23	12.5
1998-06-30	0.01	5.23	23	13.5
1998-07-01	4.2	3.2	22.5	14
1998-07-02	0	5.56	21.5	13
1998-07-03	25	1.32	22.5	14
1998-07-04	0.6	4.17	22	14
1998-07-05	0	5.72	22	11
1998-07-06	1.8	6.07	23	10
1998-07-07	0	5.57	22.5	9
1998-07-08	1.6	4.26	21	8.5
1998-07-09	21.8	0.1	18.5	10
1998-07-10	14.8	1.46	18.5	13
1998-07-11	0	5.24	22	13.5
1998-07-12	0	5.15	25	12.5
1998-07-13	0	5.99	26.5	12
1998-07-14	0	4.39	24.5	11.5
1998-07-15	1.6	5.91	23.5	12
1998-07-16	36	0.71	20	13
1998-07-17	2.2	4.21	19	13.5
1998-07-18	0	4.15	20	11.5
1998-07-19	0	6.14	22	10.5
1998-07-20	0	5.53	22.5	11.5
1998-07-21	0	6.14	22	10
1998-07-22	1.2	5.43	21.5	9
1998-07-23	4.6	3.14	21.5	10
1998-07-24	2	4.12	18.5	11.5
1998-07-25	14.5	4.69	19.5	10.5
1998-07-26	5.5	3.05	19.5	12
1998-07-27	1	3.91	19	12
1998-07-28	3.8	2.65	19	10.5
1998-07-29	1.3	3.8	18.5	11.5
1998-07-30	0.01	4.13	19.5	9.5
1998-07-31	0.01	5.27	21.5	10.5
1998-08-01	7	2.32	20	10.5
1998-08-02	5.5	4.95	20.5	11
1998-08-03	0	5.12	20.5	11.5
1998-08-04	0	4.59	21	10.5
1998-08-05	3.4	6.87	21.5	12
1998-08-06	6.7	1.22	22.5	13
1998-08-07	31.2	4.94	21.5	13
1998-08-08	13	3.86	21	14
1998-08-09	1.8	2.11	19	11
1998-08-10	0.8	2.79	17.5	9
1998-08-11	0.01	3.98	19	10.5
1998-08-12	0	4.57	20.5	11
1998-08-13	0	6.4	23	13
1998-08-14	0.8	3.65	25	10.5
1998-08-15	7.2	4.14	24	10
1998-08-16	2	0.84	22.5	12
1998-08-17	0.8	5.9	22.5	13.5
1998-08-18	0.6	4.42	22	10.5
1998-08-19	0.8	5.31	21.5	11
1998-08-20	17.5	1.16	16	10.5
1998-08-21	4.3	2.23	19.5	13
1998-08-22	1.2	4.61	21.5	13.5
1998-08-23	0	5.64	22.5	13
1998-08-24	0	4.91	23	11
1998-08-25	0	6	24	10
1998-08-26	4.5	4.83	23	9.5
1998-08-27	1.8	4.57	22	10
1998-08-28	11.8	4.08	21.5	12
1998-08-29	4.6	2.42	21	13
1998-08-30	9	0.89	20	12
1998-08-31	0.8	2.2	19.5	14
1998-09-01	0.3	1.91	21.5	12
1998-09-02	0	4.02	23	13
1998-09-03	0.01	1.96	20.5	11
1998-09-04	26.4	4.16	19	12
1998-09-05	9.8	0.82	18.5	13.5
1998-09-06	7.3	1.16	19.5	13.5
1998-09-07	10.6	3.84	19.5	13
1998-09-08	4	1.12	14	12.5
1998-09-09	0.3	2.54	21	13.5
1998-09-10	0	0.82	23	11
1998-09-11	0	5.17	24.5	13
1998-09-12	22.5	1.49	25	15
1998-09-13	18.3	3.1	23	14.5
1998-09-14	5.3	1.53	19.5	14
1998-09-15	0.3	1.83	21	14.5
1998-09-16	3.8	1.5	21.5	15
1998-09-17	11	0.98	22.5	14
1998-09-18	5.2	1.54	22	14.5
1998-09-19	31	4.27	24	14
1998-09-20	2.8	3.31	25.5	13
1998-09-21	13.2	1.54	24.5	13
1998-09-22	18	2.16	22.5	14
1998-09-23	12.2	1.15	20.5	14.5
1998-09-24	0.2	1.09	18.5	14
1998-09-25	11.8	2.38	22.5	13
1998-09-26	0	4.18	22	12
1998-09-27	13	4.97	22.5	13.5
1998-09-28	18.8	3.21	22	13
1998-09-29	4.2	2.54	21.5	14
1998-09-30	13	1.56	21	14
1998-10-01	0.3	3.26	22	13
1998-10-02	16	4.2	25.5	12
1998-10-03	9.5	3.74	22.5	13
1998-10-04	3.5	1.5	24	13
1998-10-05	1	3.1	25	11
1998-10-06	23.8	0.42	25	11
1998-10-07	1.8	1.29	17.5	13
1998-10-08	9	0.82	12.5	11
1998-10-09	2.8	2.65	16	10
1998-10-10	0.2	1.6	19	11
1998-10-11	12	1.29	16	12
1998-10-12	15.2	1.37	15.5	13
1998-10-13	13	3.11	19	12
1998-10-14	1.3	2.78	17.5	12
1998-10-15	0	3.45	18	11.5
1998-10-16	0.01	4.28	21	12
1998-10-17	0.3	2.91	22.5	12.5
1998-10-18	7.3	1.15	20.5	14
1998-10-19	5.7	1.76	19	14
1998-10-20	3.7	2.91	18	11
1998-10-21	10	0.84	17	11.5
1998-10-22	13	0.9	11.5	10.5
1998-10-23	6.3	0.55	10	8
1998-10-24	9	4.57	13	8.5
1998-10-25	3.3	4.97	15.5	9
1998-10-26	5	2.73	18	12
1998-10-27	0.4	1.64	17.5	12
1998-10-28	0.01	3.74	21	12
1998-10-29	0	5.43	21.5	5.5
1998-10-30	0	4.02	20	12
1998-10-31	0.01	2.68	24	9
1998-11-01	0	4.1	25	6.5
1998-11-02	0	4.14	24.5	8
1998-11-03	0	3.88	26.5	9
1998-11-04	0	3.9	24	7
1998-11-05	0	2.12	19	11.5
1998-11-06	0.3	3.31	19.5	11
1998-11-07	0.01	4.08	24	9.5
1998-11-08	0.01	3.86	21	10.5
1998-11-09	0	4.26	27.5	8
1998-11-10	0	4.59	25	10.5
1998-11-11	1.4	1.3	16.5	12
1998-11-12	0	3.5	20.5	11
1998-11-13	0.01	3.21	25	11.5
1998-11-14	0.01	3.3	26	7
1998-11-15	0	6.36	24	12
1998-11-16	0	4.13	22.5	6.5
1998-11-17	0	3.79	21	6
1998-11-18	0	4.62	24	8
1998-11-19	0	4.24	24	7
1998-11-20	0	5.16	25	7.5
1998-11-21	1.5	3.4	24	8
1998-11-22	2.4	4.48	23	9
1998-11-23	0.8	2.98	22	10.5
1998-11-24	1	2.54	19.5	9
1998-11-25	0.9	3.25	21.5	9
1998-11-26	1.3	0.81	17	10
1998-11-27	0.01	4.34	18	10
1998-11-28	0.3	3.08	19.5	3
1998-11-29	0	4.11	23	5
1998-11-30	0	3.43	22	3.5
1998-12-01	1.2	2.01	17	8
1998-12-02	0.3	3.82	18	6.5
1998-12-03	0	4.41	25	2.5
1998-12-04	0	2.59	25	5
1998-12-05	0	5.7	26.5	5
1998-12-06	0	3.08	27	5
1998-12-07	0	3.81	26	5.5
1998-12-08	0	1.41	17	5.5
1998-12-09	0	4.27	25.5	6.5
1998-12-10	0.01	3.54	25.5	6
1998-12-11	0	2.78	20.5	9.5
1998-12-12	0.3	3.22	23	5.5
1998-12-13	0	0.66	11	6.5
1998-12-14	0	2.76	15	5
1998-12-15	0	5.23	14.5	4
1998-12-16	0	3.23	18	6
1998-12-17	0	2.38	14	1
1998-12-18	0	4.41	24	0
1998-12-19	0	2.53	23	3.5
1998-12-20	0	4.4	25	4
1998-12-21	0	4.14	25.5	-1
1998-12-22	0.3	2.5	19.5	0
1998-12-23	0	4.61	25	7
1998-12-24	0	2.81	15	7.5
1998-12-25	0	3.12	25	6.5
1998-12-26	0	4.16	23.5	3
1998-12-27	0	2.32	24.5	4
1998-12-28	0	4.41	24	4.5
1998-12-29	0	4.4	25.5	2.5
1998-12-30	0	3.83	21.5	0
1998-12-31	0	2.42	30	2
1999-01-01	0	5.73	24	3
1999-01-02	0	2.19	22.5	7
1999-01-03	0	1.93	16.5	2.5
1999-01-04	0	3.22	13	4
1999-01-05	0.3	1.66	11.5	6
1999-01-06	0	3.29	22	0
1999-01-07	0	3.71	25.5	1
1999-01-08	0	5.6	26	4.5
1999-01-09	0	4.3	25.5	7
1999-01-10	0	3.24	15	6
1999-01-11	0	2.81	17	-3
1999-01-12	0	5.87	26	0.5
1999-01-13	0	4.38	23	5
1999-01-14	1	3.87	26	6
1999-01-15	0	4.16	16.5	3.5
1999-01-16	0	3.87	24	6
1999-01-17	0	5.07	23	6
1999-01-18	0	5.45	21	1
1999-01-19	0	6.57	21.5	0
1999-01-20	0	3.41	25.5	-1
1999-01-21	0	2.23	26	0
1999-01-22	0	7.15	27	2
1999-01-23	0	7.83	23	4
1999-01-24	0	5.1	17.5	-5
1999-01-25	0	3.78	17	-4
1999-01-26	0	5.52	21.5	0.5
1999-01-27	0	7.15	27	1
1999-01-28	0	7.63	28	4
1999-01-29	0	6.8	27	2
1999-01-30	0	5.12	18	4.5
1999-01-31	0	4.96	18	9
1999-02-01	0	3.47	28	2
1999-02-02	0	5.02	25.5	2.5
1999-02-03	0	5.49	29	3.5
1999-02-04	0	4.83	23	4.5
1999-02-05	0.01	4.29	20	6.5
1999-02-06	0	4.19	24	7.5
1999-02-07	0	5.56	27.5	2.5
1999-02-08	0	5.83	27	2
1999-02-09	0	5.47	26	3.5
1999-02-10	0	5.24	28	2.5
1999-02-11	0.3	5.81	27	2
1999-02-12	0.8	0.63	7	6
1999-02-13	0	2.85	8	1
1999-02-14	0	4.7	13.5	2
1999-02-15	0	5.56	25	-5
1999-02-16	0	6.24	26	2.5
1999-02-17	0	5.12	25	5
1999-02-18	0	5.89	27.5	5.5
1999-02-19	0	6.28	28.5	3.5
1999-02-20	1	4.95	22	4
1999-02-21	1.6	1.6	15	3
1999-02-22	0	6.95	26.5	2
1999-02-23	0	4.13	27	4.5
1999-02-24	0	4.02	18	4.5
1999-02-25	0	6.1	25.5	5
1999-02-26	0	5.18	27.5	6
1999-02-27	0	5.87	27	8.5
1999-02-28	0	4.35	22	6.5
1999-03-01	0	6.61	27.5	7
1999-03-02	0	6.17	27.5	7.5
1999-03-03	0	3.93	19	4
1999-03-04	0	6.88	28	6
1999-03-05	0	6.18	28	8
1999-03-06	0	5.18	26	5.5
1999-03-07	0	6.17	22.5	7
1999-03-08	0	7.19	29	5.5
1999-03-09	0	5.5	26.5	6
1999-03-10	0	6.28	29.5	5.5
1999-03-11	0	8.22	30.5	7
1999-03-12	0	6.85	29.5	8
1999-03-13	0	5.46	27	10
1999-03-14	0	5.37	17	5.5
1999-03-15	0	4.63	18	1
1999-03-16	0	5.39	25	1.5
1999-03-17	2	5.8	27.5	6
1999-03-18	1.2	5.74	26.5	8
1999-03-19	0.01	2.63	21.5	9
1999-03-20	0.6	4.46	21	9.5
1999-03-21	0	5.67	18.5	10
1999-03-22	0	5.78	28.5	7
1999-03-23	0	8.03	29	9
1999-03-24	0	6.96	30	7.5
1999-03-25	0	6.51	28	8.5
1999-03-26	0	6.01	19	9.5
1999-03-27	0	9.09	26	8.5
1999-03-28	0	10.28	26.5	10.5
1999-03-29	0	6.23	25	8.5
1999-03-30	0	7.57	21.5	9.5
1999-03-31	0	9.65	28.5	5
1999-04-01	0	6.87	29	9
1999-04-02	0	7.19	29.5	9.5
1999-04-03	0	8.25	30.5	9
1999-04-04	0	6.51	28	9.5
1999-04-05	0	10.68	31	9
1999-04-06	0	7.45	26.5	9.5
1999-04-07	0	10.32	28	7
1999-04-08	0	9.13	27.5	6
1999-04-09	0	10.64	32.5	3
1999-04-10	0	11.79	33	4
1999-04-11	0	10.46	29	7.5
1999-04-12	0	5.62	26	9
1999-04-13	1.8	8.16	27	10
1999-04-14	0.8	9.45	29.5	12
1999-04-15	0.01	5.04	25	11.5
1999-04-16	7.2	4.71	15.5	11
1999-04-17	1.2	4.74	14	8.5
1999-04-18	0	1.77	12.5	6.5
1999-04-19	0	5.87	21	6
1999-04-20	0	8.35	24	3.5
1999-04-21	0	8.73	28	5.5
1999-04-22	0	9.65	31	7
1999-04-23	0	10.45	30	11.5
1999-04-24	0	7.12	27	8.5
1999-04-25	0	8.97	29.5	10
1999-04-26	0	9.66	29	13
1999-04-27	0	4.87	28.5	11
1999-04-28	0.6	7.82	29.5	11
1999-04-29	0	6.7	30	14
1999-04-30	0	7.24	28	11
1999-05-01	0.6	4.79	28.5	12
1999-05-02	0.6	9.39	30	13
1999-05-03	1.8	7.28	31	13.5
1999-05-04	0	7.87	31.5	14
1999-05-05	0	11.24	31	13
1999-05-06	0	6.68	29.5	12.5
1999-05-07	0	5.79	28.5	13
1999-05-08	0.01	3.58	28	10.5
1999-05-09	1.2	4.18	29	11
1999-05-10	0	5.94	31.5	13
1999-05-11	6.2	7.72	29.5	13.5
1999-05-12	0	4.27	28	11.5
1999-05-13	0	6.97	28	8
1999-05-14	0	5.87	28.5	8
1999-05-15	0	7.28	28	9
1999-05-16	0	6.89	29	9
1999-05-17	0	6.59	29	11.5
1999-05-18	15.2	3.86	29	10.5
1999-05-19	0	5.16	22	5.5
1999-05-20	0	6.64	22.5	6.5
1999-05-21	0	5.77	24	8.5
1999-05-22	0	5.79	21.5	8
1999-05-23	0	7.41	22.5	8
1999-05-24	0	5.96	23	5.5
1999-05-25	0	3.75	24	6.5
1999-05-26	0	4.92	28	8
1999-05-27	0.5	4.69	28.5	7
1999-05-28	0	3.21	22.5	8
1999-05-29	0	4.37	25	9.5
1999-05-30	0	6.11	28.5	9
1999-05-31	0	8.45	26	7.5
1999-06-01	0	5.59	26	7
1999-06-02	1.3	4.52	24.5	7.5
1999-06-03	0	6.37	21.5	9
1999-06-04	0	7.16	24	11
1999-06-05	0	6.24	25	13
1999-06-06	0.01	6.47	24	12
1999-06-07	2	5.41	22.5	11.5
1999-06-08	0	7.89	23	10.5
1999-06-09	0	4.53	26	10
1999-06-10	0	6.44	24.5	8.5
1999-06-11	0	5.85	25	10.5
1999-06-12	0	5.12	24	9.5
1999-06-13	4.2	5.43	24	9
1999-06-14	18	6.64	22	11
1999-06-15	0.8	4.05	21	11
1999-06-16	19	5.02	23	12
1999-06-17	34	4.96	19.5	11
1999-06-18	35.5	2.87	19	13
1999-06-19	1.2	4.13	20	13.5
1999-06-20	6.8	4.63	21	13
1999-06-21	0.3	4.35	21	12
1999-06-22	0.3	5.86	21	13
1999-06-23	4.2	5.03	21.5	12.5
1999-06-24	0.5	3.37	21.5	12.5
1999-06-25	6	4	23.5	13
1999-06-26	0.01	4.17	25	14
1999-06-27	0	5.07	24	13
1999-06-28	0.01	6.27	23.5	11
1999-06-29	0.3	6.05	24	9
1999-06-30	0	6.18	23	11
1999-07-01	7.2	2.89	23	10.5
1999-07-02	20	3.46	20	12.5
1999-07-03	18	0.12	18	13
1999-07-04	20.8	0.37	19	13
1999-07-05	13.5	1.43	21	13
1999-07-06	1.6	2.23	17	12
1999-07-07	0.01	4.94	19	10.5
1999-07-08	0	5.33	21	8
1999-07-09	0	4.81	24	9
1999-07-10	0	4.99	22	9
1999-07-11	10.8	3.67	19.5	11
1999-07-12	35.2	5.19	17	11.5
1999-07-13	0	6.23	18.5	12
1999-07-14	0	3.25	18.5	7.5
1999-07-15	0	5.12	21	7
1999-07-16	0.4	4.71	20.5	8
1999-07-17	2	4.17	21.5	9.5
1999-07-18	9.2	3.4	21	11
1999-07-19	1.2	3.58	19.5	12
1999-07-20	3.2	3.71	19	11.5
1999-07-21	2	2.82	18.5	11
1999-07-22	0.01	4.74	19	11
1999-07-23	0.2	4.29	20	8
1999-07-24	0	4.64	16	8.5
1999-07-25	0	4.12	22	8
1999-07-26	0.5	4.86	23	10.5
1999-07-27	0	3.6	22	9.5
1999-07-28	0.5	6.44	22	10
1999-07-29	0	6.4	23	9.5
1999-07-30	0	3.87	25	9.5
1999-07-31	0	5.13	25.5	10.5
1999-08-01	0	6.24	25.5	12
1999-08-02	0	4.88	23	7
1999-08-03	0.6	3.71	21.5	7.5
1999-08-04	0	3.55	21.5	8
1999-08-05	0	5.94	23	8
1999-08-06	0	6.71	23	8
1999-08-07	1.3	7.04	23	9
1999-08-08	3.6	5.91	22.5	10
1999-08-09	27.8	6.99	22.5	11
1999-08-10	0.8	6.05	22	11
1999-08-11	0.8	5.61	22.5	11.5
1999-08-12	0	5.14	22	11.5
1999-08-13	0.5	5.78	23	10
1999-08-14	0	5.62	21.5	8
1999-08-15	0	5.71	21.5	7
1999-08-16	1.3	6.67	23	9
1999-08-17	10.3	2.22	22.5	11.5
1999-08-18	10.3	2.11	21	11.5
1999-08-19	1.8	2.43	19	12.5
1999-08-20	0.3	2.34	20	11
1999-08-21	14.8	2.68	22	12
1999-08-22	19.4	1.16	22.5	12
1999-08-23	0	6.65	23.5	13
1999-08-24	4.8	6.43	24	12
1999-08-25	6.7	3.74	23	12
1999-08-26	4	3.67	21.5	12.5
1999-08-27	3	4.03	21	12.5
1999-08-28	5.8	1.76	22	13
1999-08-29	0.3	2.97	21.5	13
1999-08-30	1	6.24	22.5	12.5
1999-08-31	7.8	4.65	24	12
1999-09-01	0.4	5.5	22.5	12
1999-09-02	2	3.91	22.5	12
1999-09-03	9	2.08	21	13
1999-09-04	4	6.29	22	13
1999-09-05	46.2	5.62	23	13
1999-09-06	29	3.14	22	14
1999-09-07	1.8	0.73	20	13
1999-09-08	9	1.29	24	13.5
1999-09-09	7.2	0.95	22	13
1999-09-10	1	2.83	20	13
1999-09-11	0	4.24	21.5	10
1999-09-12	3.2	4.72	20.5	10
1999-09-13	7.5	1.23	18.5	12
1999-09-14	0.9	2.46	15	11
1999-09-15	2.8	1.05	16.5	11
1999-09-16	6.6	1.27	15	10
1999-09-17	0	2.1	17	10.5
1999-09-18	0	5.2	21	11
1999-09-19	0	5.76	23	10
1999-09-20	0	6.53	23	7.5
1999-09-21	0	5.13	22	6
1999-09-22	1.6	4.06	20	8.5
1999-09-23	0	4.17	21	11
1999-09-24	0	6.01	27	7
1999-09-25	0	5.96	26.5	6
1999-09-26	0	5.73	26.5	7.5
1999-09-27	0	5.71	24.5	8
1999-09-28	8.8	0.42	18.5	9
1999-09-29	48.2	1.52	18	12.5
1999-09-30	15.3	0.38	16	11.5
1999-10-01	1	2.43	16.5	11.5
1999-10-02	0	3.24	20	11
1999-10-03	0.5	3.23	17.5	11
1999-10-04	10.2	1.42	15	12
1999-10-05	14	0.75	14	13
1999-10-06	97.5	0.27	12	8
1999-10-07	0.3	2.27	21	7
1999-10-08	0.01	4.21	24	11
1999-10-09	9	3.79	20	13
1999-10-10	2.6	2.57	19.5	10
1999-10-11	0.5	1.85	15	10
1999-10-12	1.8	1.45	17	10.5
1999-10-13	0	1.31	16	10.5
1999-10-14	0.01	2.31	15.5	10
1999-10-15	0	3.84	18	9
1999-10-16	0	2.45	24.5	9.5
1999-10-17	2.5	3.33	24	8
1999-10-18	0.3	4.4	19	9.5
1999-10-19	0.2	2.7	18	9.5
1999-10-20	0.2	0.89	10.5	8
1999-10-21	0	3.68	19.5	6.5
1999-10-22	0	4.62	20	2
1999-10-23	0	5.16	19.5	-1
1999-10-24	0	4.11	17	-1.5
1999-10-25	0	4.11	18	0.5
1999-10-26	0	4.42	19	0
1999-10-27	0	4.08	17	-1
1999-10-28	0	3.16	19	2
1999-10-29	0	3.84	20.5	2
1999-10-30	0	4.31	23.5	8
1999-10-31	0	2.44	16	7
1999-11-01	0	6.63	19	7.5
1999-11-02	0.01	2.97	18	2
1999-11-03	0	1.78	16	6.5
1999-11-04	0	2.46	18.5	6.5
1999-11-05	3.2	1.35	14.5	7
1999-11-06	0.8	2.66	16	7
1999-11-07	2	2.58	14	7
1999-11-08	0.01	6.51	15	8.5
1999-11-09	0	4.49	16	4
1999-11-10	0.8	3.63	17	8.5
1999-11-11	2.5	1.85	17	10
1999-11-12	0.8	2.05	16	9.5
1999-11-13	0	5.49	18	5
1999-11-14	0	3.27	18	7.5
1999-11-15	0	5.47	18	4.5
1999-11-16	0	4.35	18.5	5
1999-11-17	0	3.22	22	5
1999-11-18	0	5.27	25	2.5
1999-11-19	0	5.83	26	2.5
1999-11-20	0	4.98	25	1.5
1999-11-21	0	4.03	25	0
1999-11-22	0	5.51	25	5
1999-11-23	0	4.31	23	6
1999-11-24	0	4.89	19.5	7
1999-11-25	0	1.95	17	8
1999-11-26	0	3.49	21.5	4
1999-11-27	0	3.18	21.5	1
1999-11-28	3.3	1.21	14.5	-4.5
1999-11-29	3	0.97	11	-2
1999-11-30	0	1.62	15	5
1999-12-01	0.3	5.29	14.5	2
1999-12-02	0	5.78	21.5	1.5
1999-12-03	0	4.39	22	2
1999-12-04	0	5.63	23	4
1999-12-05	0	2.6	14	2.5
1999-12-06	0	3.19	19	3
1999-12-07	0	4.72	24	2
1999-12-08	0	4.92	25.5	3
1999-12-09	0	4.86	24.5	2.5
1999-12-10	0	4.39	17	5
1999-12-11	0	3.65	25.5	7
1999-12-12	0	4.43	24	9
1999-12-13	0	3.27	21.5	5
1999-12-14	0	2.98	24.5	2.5
1999-12-15	0	0.93	16	4
1999-12-16	6	2.79	12	4.5
1999-12-17	0	2.67	20	5
1999-12-18	0	1.42	21	1
1999-12-19	0	9.66	25	2.5
1999-12-20	0	4.73	24	8
1999-12-21	0	5.34	20	3.5
1999-12-22	0	2.12	14.5	7
1999-12-23	1.2	2.06	10.5	8
1999-12-24	0.4	0.17	9	6
1999-12-25	1.2	1.39	9.5	6.5
1999-12-26	0	3.02	11.5	7
1999-12-27	0	5.12	19	4.5
1999-12-28	0	3.67	15	6
1999-12-29	0	5.19	25	11
1999-12-30	0	5.18	26	1.5
1999-12-31	0	4.28	21.5	1
2000-01-01	0	5.18	22.5	2
2000-01-02	0	6.29	28	2.5
2000-01-03	0.3	4.95	27	4.5
2000-01-04	0	1.92	12	6
2000-01-05	0	5.21	23.5	2
2000-01-06	0	6.01	23	2.5
2000-01-07	0	4.02	20	1
2000-01-08	0	4.34	23	1
2000-01-09	0	4.67	25	3
2000-01-10	0	3.9	22.5	3
2000-01-11	0	4.77	22	2
2000-01-12	0	5.13	24.5	0
2000-01-13	0	3.27	19	-1
2000-01-14	0.8	2.85	19	6
2000-01-15	6.2	1.12	12	2
2000-01-16	1.5	3.89	14	4
2000-01-17	0.8	3.91	14.5	5
2000-01-18	0.1	4.59	16	3
2000-01-19	0	5.29	23	-2
2000-01-20	0	4.83	23	0
2000-01-21	0	5.47	17.5	3.5
2000-01-22	0	4.83	24	2
2000-01-23	0	4.96	27	3
2000-01-24	0	4.52	18	2
2000-01-25	0	6.21	27	2.5
2000-01-26	0	5.8	19	2.5
2000-01-27	0	6.96	27.5	4
2000-01-28	0	7.2	28	5
2000-01-29	0	6.32	26.5	6.5
2000-01-30	0	4.11	26	4.5
2000-01-31	0	6.13	26	4
2000-02-01	0	5.36	25.5	4.5
2000-02-02	0.1	4.57	21	4
2000-02-03	0	2.82	13	4
2000-02-04	0	4.89	17.5	-1
2000-02-05	0	3.17	11.5	0
2000-02-06	0	4.24	9	2
2000-02-07	0	3.97	18	1
2000-02-08	0.1	3.93	21	0
2000-02-09	0	3.71	17.5	1
2000-02-10	0	7.29	27.5	-2
2000-02-11	0	6.8	27	0
2000-02-12	0	5.96	28.5	0.5
2000-02-13	0	7.9	30	5
2000-02-14	0	6.44	25	3.5
2000-02-15	0	6.78	24	3.5
2000-02-16	0	6.52	28.5	4
2000-02-17	0	5.47	28	3
2000-02-18	0	5.96	27	6
2000-02-19	3.7	0.16	19	7
2000-02-20	0.8	0.45	13	7.5
2000-02-21	0	9.45	20	4
2000-02-22	0	6.91	23	3
2000-02-23	0	5.44	26	2.5
2000-02-24	0	5.38	23.5	5
2000-02-25	0	5.05	27	5.5
2000-02-26	0.3	5.42	27	6.5
2000-02-27	0.4	4.26	18	8
2000-02-28	0	5.37	20	4
2000-02-29	0	5.54	27	4
2000-03-01	0	6.23	24	1
2000-03-02	0	5.72	27	2.5
2000-03-03	0	6.24	28.5	3
2000-03-04	0	4.81	22	6
2000-03-05	0	2.79	25	8
2000-03-06	8	5.72	24	6
2000-03-07	0	7.15	26	7
2000-03-08	0	5.43	24.5	6.5
2000-03-09	0	6.95	26.5	5
2000-03-10	0	8.07	29	6
2000-03-11	1	8.2	25	5
2000-03-12	0.1	4.01	15.5	7
2000-03-13	0	4.78	23.5	7
2000-03-14	0	5.87	24	6.5
2000-03-15	0	6.51	25	8.5
2000-03-16	0	6.49	25	5
2000-03-17	0	6.37	23.5	6
2000-03-18	0	7.37	29	5.5
2000-03-19	0.1	5.98	26	6
2000-03-20	0	6.17	28	9
2000-03-21	0	7.22	27	9
2000-03-22	0	6.18	26	7
2000-03-23	0	6.96	26.5	7
2000-03-24	0	6.19	23	7
2000-03-25	0	5.47	27	8
2000-03-26	0	7.5	30	8
2000-03-27	0	7.06	30	7.5
2000-03-28	0	8.7	31.5	9.5
2000-03-29	0	9.44	31	11
2000-03-30	0	6.45	28	8
2000-03-31	0	8.11	30	9.5
2000-04-01	0	6.62	30	9.5
2000-04-02	0	NULO	27.5	12
2000-04-03	0	7.42	27	11
2000-04-04	0	2.41	14	7
2000-04-05	0	NULO	20	5.5
2000-04-06	0	6.77	27.5	4
2000-04-07	0	8.88	30	6
2000-04-08	4	6.02	23	5
2000-04-09	0.3	4.45	15.5	6.5
2000-04-10	0	NULO	28	6.5
2000-04-11	1.2	5.8	28	8
2000-04-12	1.2	NULO	27	9.5
2000-04-13	0	5.81	26	11
2000-04-14	0	5.91	24	10.5
2000-04-15	0	6.93	29	5.5
2000-04-16	0	6.5	30	9.5
2000-04-17	0	NULO	25	7.5
2000-04-18	0	NULO	27.5	6
2000-04-19	0	NULO	29	4.5
2000-04-20	0	7.65	28.5	5
2000-04-21	0	12.98	22	8
2000-04-22	0	9.55	26.5	4
2000-04-23	0	8.68	32.5	6
2000-04-24	0	8.5	28	11
2000-04-25	0	6.26	26	8
2000-04-26	0	6.84	21.5	9
2000-04-27	13	4.84	24	12
2000-04-28	5.3	6.44	25	11
2000-04-29	0	3.35	25.5	9
2000-04-30	0	NULO	25	9
2000-05-01	0	5.85	28	9.5
2000-05-02	0	5.34	26.5	11
2000-05-03	0	5.75	23.5	12
2000-05-04	0	3.9	26	9
2000-05-05	0	5.26	23.5	10
2000-05-06	0	5.37	25.5	11
2000-05-07	0	7.72	26	11
2000-05-08	1.2	4.11	28	9
2000-05-09	0	6	28.5	10.5
2000-05-10	0	6.67	29	9
2000-05-11	0	7.75	31	8.5
2000-05-12	0	6.31	32	10.5
2000-05-13	0.3	6.46	21	10
2000-05-14	0.4	2.68	20.5	11
2000-05-15	0.1	NULO	21	9
2000-05-16	0	NULO	23	6.5
2000-05-17	0	NULO	26	6
2000-05-18	0	6.7	28.5	10.5
2000-05-19	0	6.47	25	10.5
2000-05-20	8.3	5.42	25	9
2000-05-21	3	3.89	20.5	10.5
2000-05-22	2.2	5.04	26	12
2000-05-23	0	5.9	23	14
2000-05-24	0	4.96	28.5	13
2000-05-25	0	6.99	30	12.5
2000-05-26	0	8.47	28.5	11.5
2000-05-27	0	7.21	26.5	14
2000-05-28	2.4	7.17	27	11
2000-05-29	0.1	5.86	22.5	13
2000-05-30	0	6.82	22	11
2000-05-31	4.8	5.61	22	12
2000-06-01	9.2	5.69	21	12
2000-06-02	2.8	5.45	20	12.5
2000-06-03	0	5.04	21	12
2000-06-04	0	7.16	22	7
2000-06-05	0	5.89	22	6
2000-06-06	6.2	0.78	22	9.5
2000-06-07	4.8	2	19	12.5
2000-06-08	0.6	3.4	21	12
2000-06-09	1.1	2.46	22	12.5
2000-06-10	3.2	1.84	22.5	13.5
2000-06-11	34.2	NULO	20	13.5
2000-06-12	10.3	0.2	18	13
2000-06-13	0.1	5.2	19	12
2000-06-14	27.5	NULO	23	12.5
2000-06-15	6	2.53	22	12
2000-06-16	16.2	8.05	24	13
2000-06-17	4.8	2.76	27	14
2000-06-18	4.3	4.89	21	14.5
2000-06-19	3.2	2.05	18	12.5
2000-06-20	0.6	3.77	20.5	13
2000-06-21	0	3.41	21	12.5
2000-06-22	0	5.24	21	14
2000-06-23	0	5.47	21.5	10
2000-06-24	0.1	6.58	21.5	8.5
2000-06-25	0.3	5.84	21.5	9.5
2000-06-26	3.3	6.59	21	11
2000-06-27	1.6	4.55	19	9.5
2000-06-28	1	5.02	19	8.5
2000-06-29	0.1	4.05	22	10
2000-06-30	0.6	4.15	22	12
2000-07-01	0	5.8	21	10.5
2000-07-02	0	6.25	23.5	10
2000-07-03	0.1	5.5	22.5	9.5
2000-07-04	0	6.48	22	9.5
2000-07-05	0	6.65	21.5	10
2000-07-06	0	6.47	23	10
2000-07-07	0	7.6	27.5	11.5
2000-07-08	0.3	8.12	22	9.5
2000-07-09	4.8	2.01	20	9
2000-07-10	0.2	4.46	19	10
2000-07-11	3.8	2.52	20.5	8.5
2000-07-12	0	6.64	20.5	10.5
2000-07-13	0	6.05	22	8
2000-07-14	0	5.9	23	6
2000-07-15	0	7.27	25	5
2000-07-16	0	5.63	26	4.5
2000-07-17	0	6.1	23	7
2000-07-18	5.3	5.94	22	9.5
2000-07-19	1.3	6.36	20.5	12
2000-07-20	0	4.69	20	8
2000-07-21	0	6.93	24	7
2000-07-22	0	6.35	21.5	10
2000-07-23	2.2	4.9	21	11
2000-07-24	0	6.51	21	8.5
2000-07-25	0	5.06	22	9
2000-07-26	5.2	2.75	23	9.5
2000-07-27	0	9.76	19	10
2000-07-28	6	4.71	21	11.5
2000-07-29	0	4.58	21	12
2000-07-30	0	4.59	22	12
2000-07-31	13.2	6.09	21.5	11.5
2000-08-01	1.6	5	19	10
2000-08-02	0	6.09	21	11
2000-08-03	0	NULO	22	12
2000-08-04	4	4	21	11
2000-08-05	0	NULO	22	9
2000-08-06	0	5.34	24	10.5
2000-08-07	4.3	4.04	22.5	5
2000-08-08	34	NULO	20.5	8
2000-08-09	31.5	NULO	20	7.5
2000-08-10	0	2.66	19	10
2000-08-11	1.5	1.66	21.5	11
2000-08-12	2	3.36	23	13
2000-08-13	13	NULO	22	12
2000-08-14	0	6.29	23	13.5
2000-08-15	2.3	NULO	24.5	14.5
2000-08-16	6.6	5.17	21.5	12
2000-08-17	0	6.75	21.5	7
2000-08-18	0	4.76	23	8
2000-08-19	0	4.91	22.5	10
2000-08-20	16.2	6.33	23	11.5
2000-08-21	0.6	5.04	22.5	6
2000-08-22	2.3	5.05	22	12
2000-08-23	2	0.17	21	11
2000-08-24	3.2	4.73	20	8
2000-08-25	0	NULO	23	6.5
2000-08-26	0	6.09	22.5	9
2000-08-27	0	5.83	23	10
2000-08-28	1.5	5.76	24	8
2000-08-29	2	5.66	22	7
2000-08-30	4.8	NULO	24	6.5
2000-08-31	0.3	NULO	23	12
2000-09-01	0	NULO	22.5	7
2000-09-02	2.6	2.6	23	5
2000-09-03	0.6	0.6	22	8
2000-09-04	0.1	NULO	22	4
2000-09-05	0.1	NULO	24.5	8
2000-09-06	0	NULO	23.5	7
2000-09-07	0.1	NULO	24	8
2000-09-08	0	NULO	25	9
2000-09-09	0	NULO	26	8
2000-09-10	0	NULO	25	9
2000-09-11	0	NULO	24	9.5
2000-09-12	0	NULO	23	10
2000-09-13	3	NULO	24	9
2000-09-14	0	NULO	25	8.5
2000-09-15	20	NULO	24	9
2000-09-16	15	NULO	24.5	8
2000-09-17	0.1	NULO	26	9
2000-09-18	0	NULO	25	10
2000-09-19	0	NULO	24	9.5
2000-09-20	0	NULO	26	10
2000-09-21	0	NULO	24	9
2000-09-22	0	NULO	25	10
2000-09-23	0	NULO	26	13
2000-09-24	3.5	3.5	26.5	11.5
2000-09-25	22.5	NULO	22	14
2000-09-26	2.2	2.2	17	12
2000-09-27	0	NULO	21	8
2000-09-28	0.4	0.4	19.5	6
2000-09-29	0	NULO	19	8
2000-09-30	0	NULO	21	9
2000-10-01	0	NULO	26.5	0
2000-10-02	0	NULO	23	5
2000-10-03	0	NULO	22	4
2000-10-04	0	NULO	23.5	5.5
2000-10-05	0	NULO	25	3
2000-10-06	0	NULO	27	7
2000-10-07	0	NULO	28	4.5
2000-10-08	0	NULO	29	2
2000-10-09	0	NULO	26.5	4
2000-10-10	0	NULO	28	3
2000-10-11	0	NULO	28	4
2000-10-12	0	5.19	29	2
2000-10-13	0	5.59	26	9
2000-10-14	0.5	1.85	18	5
2000-10-15	0	5.92	24.5	5
2000-10-16	0	2.91	23	8
2000-10-17	0	4.25	25.5	7
2000-10-18	0	4.49	27	8
2000-10-19	0	4.02	23	8
2000-10-20	6	1.58	13.5	8
2000-10-21	2.6	0.52	13	9
2000-10-22	0.1	NULO	15	8
2000-10-23	0	3.34	25	8
2000-10-24	7.6	4.34	23	11.5
2000-10-25	0.1	NULO	23	8.5
2000-10-26	0.6	1.98	15	9
2000-10-27	4	4.36	24	9
2000-10-28	0	4.06	21	10
2000-10-29	3.5	2.45	20.5	5
2000-10-30	0.1	NULO	18	10
2000-11-01	0	NULO	24	11.5
2000-11-02	0	NULO	23	4
2000-11-03	0	NULO	24	5
2000-11-04	0.4	NULO	23.5	6
2000-11-05	0	NULO	23	9
2000-11-06	12	NULO	23	7
2000-11-07	26.8	NULO	19	7
2000-11-08	2.2	NULO	17.5	5.5
2000-11-09	1.4	NULO	25	2
2000-11-10	0.6	NULO	18	3
2000-11-11	0.2	NULO	24	6
2000-11-12	0.1	NULO	20	5
2000-11-13	0.4	NULO	20.5	1
2000-11-14	0	NULO	21	2
2000-11-15	0	NULO	21.5	2
2000-11-16	0	NULO	22	3
2000-11-17	0.6	NULO	19.5	6
2000-11-18	0.3	NULO	18.5	7
2000-11-19	0	NULO	20	5
2000-11-20	0	NULO	21	1
2000-11-21	0	NULO	23	2
2000-11-22	0	NULO	22.5	0
2000-11-23	1.2	NULO	20	5.5
2000-11-24	1.5	NULO	20	2
2000-11-25	0.1	NULO	20	3
2000-11-26	0	NULO	21	2.5
2000-11-27	0	NULO	22	3
2000-11-28	0.1	NULO	23	4
2000-11-29	0.1	NULO	24.5	3
2000-11-30	0	NULO	25	6
2000-12-01	0.1	NULO	22	4
2000-12-02	1	NULO	27	4.5
2000-12-03	0	NULO	15	9
2000-12-04	7.5	NULO	17	8
2000-12-05	0.4	NULO	14	8
2000-12-06	0.8	NULO	21	4
2000-12-07	0	NULO	20	6
2000-12-08	0	NULO	23	4
2000-12-09	0	NULO	24	2
2000-12-10	0	NULO	24.5	2.5
2000-12-11	0	NULO	25	4
2000-12-12	0	NULO	18	5
2000-12-13	0	NULO	25	7
2000-12-14	0	NULO	26	3
2000-12-15	0	NULO	26.5	4
2000-12-16	0	NULO	25	4
2000-12-17	6.3	NULO	13	3.5
2000-12-18	0.5	NULO	24	5
2000-12-19	0.1	NULO	10	1
2000-12-20	0.1	NULO	21.5	0
2000-12-21	0	NULO	22.5	4
2000-12-22	0	NULO	16	5
2000-12-23	0.1	NULO	18	2.5
2000-12-24	0.6	NULO	20	4
2000-12-25	0.3	NULO	20	3
2000-12-26	0	NULO	19.5	5
2000-12-27	0	NULO	16	5.5
2000-12-28	0.6	NULO	16	7
2000-12-29	0.1	NULO	16	9
2000-12-30	0	NULO	10	4
2000-12-31	0	NULO	20.5	6.5
2001-01-01	0	NULO	17	6
2001-01-02	0.3	NULO	12	2
2001-01-03	0.01	NULO	11	2
2001-01-04	0.01	NULO	14	1
2001-01-05	0	NULO	24	-2
2001-01-06	0	NULO	22.5	-6
2001-01-07	0.01	NULO	26.5	-4
2001-01-08	0	NULO	14.5	0
2001-01-09	5.4	NULO	13.5	0
2001-01-10	0	NULO	21	0.5
2001-01-11	0	NULO	23	0
2001-01-12	0.01	NULO	19	1.5
2001-01-13	0	NULO	24.5	0
2001-01-14	0.01	NULO	24.5	6
2001-01-15	0	NULO	25.5	4
2001-01-16	0	NULO	26	4
2001-01-17	0	NULO	26	6
2001-01-18	0	NULO	27.5	10
2001-01-19	0	NULO	16	8
2001-01-20	0	NULO	20	1.5
2001-01-21	0	NULO	23	2
2001-01-22	0	NULO	16	3
2001-01-23	0	NULO	24	-2
2001-01-24	0	NULO	19	2
2001-01-25	0.01	NULO	15.5	5
2001-01-26	0	NULO	23	2
2001-01-27	0	NULO	26	1
2001-01-28	0	NULO	26.5	7
2001-01-29	0	NULO	26.5	9
2001-01-30	0	NULO	26.5	8.5
2001-01-31	0	NULO	28	0
2001-02-01	0	NULO	25	8
2001-02-02	0.01	NULO	11	7
2001-02-03	8.8	NULO	12	5.5
2001-02-04	6.8	NULO	17	8
2001-02-05	0.01	NULO	13	8.5
2001-02-06	0	NULO	23	3
2001-02-07	0	NULO	25	4
2001-02-08	0	NULO	24	5
2001-02-09	0.3	NULO	23	6
2001-02-10	0	NULO	15	10
2001-02-11	0.01	NULO	21	8
2001-02-12	0.01	NULO	21	6
2001-02-13	0	NULO	25	4.5
2001-02-14	0	NULO	25	3
2001-02-15	0	NULO	28	6.5
2001-02-16	0	NULO	25	8.5
2001-02-17	0	NULO	13	5
2001-02-18	0.01	NULO	13	6
2001-02-19	0	NULO	25	3
2001-02-20	0	NULO	25.5	6.5
2001-02-21	0.01	NULO	26	4
2001-02-22	0	NULO	21	3
2001-02-23	0	NULO	24	8
2001-02-24	0	NULO	23	9.5
2001-02-25	0.3	NULO	24	8.5
2001-02-26	15.6	NULO	18	8
2001-02-27	0.4	NULO	23.5	8
2001-02-28	0.01	NULO	25	8
2001-03-01	0	NULO	24	8.5
2001-03-02	0	NULO	20	11
2001-03-03	0	NULO	24	10
2001-03-04	0.4	NULO	21	8
2001-03-05	0.5	NULO	14	8
2001-03-06	0	NULO	23	6
2001-03-07	0	NULO	23	5
2001-03-08	0	NULO	28	7.5
2001-03-09	0	NULO	24	9
2001-03-10	0	NULO	29	9
2001-03-11	0	NULO	29	9
2001-03-12	0	NULO	29	11
2001-03-13	0	NULO	27	8.5
2001-03-14	0	NULO	30	9
2001-03-15	0	NULO	28	11.5
2001-03-16	0	NULO	18	11.5
2001-03-17	0	NULO	27	6.5
2001-03-18	0.01	NULO	23.5	7
2001-03-19	0	NULO	19	8.5
2001-03-20	0.01	NULO	18	6
2001-03-21	0	NULO	22	1
2001-03-22	0	NULO	27	1.5
2001-03-23	0	NULO	25.5	5
2001-03-24	0	NULO	26.5	4
2001-03-25	0	NULO	18	9
2001-03-26	0	NULO	23	9
2001-03-27	0.4	NULO	25	8
2001-03-28	0	NULO	26	8.5
2001-03-29	0	NULO	20	11.5
2001-03-30	0	NULO	30	10
2001-03-31	0	NULO	27	6
2001-04-01	0	5.87	23	5.5
2001-04-02	0	8.02	30.5	9.5
2001-04-03	0	7.84	31	12.5
2001-04-04	0	8.2	30	7
2001-04-05	0	7.57	28	5.5
2001-04-06	0	6.89	29	5.5
2001-04-07	0	7.01	31	6
2001-04-08	0	6.85	27	5
2001-04-09	0	6.88	29	4
2001-04-10	0	7.75	32	5
2001-04-11	0	8.38	31	11
2001-04-12	0	5.34	30.5	9.5
2001-04-13	0	4.97	26	9
2001-04-14	0	5.21	26	11.5
2001-04-15	0.01	6.05	29	8
2001-04-16	0.01	5.76	25	6.5
2001-04-17	3	5.18	24	7
2001-04-18	1.4	3.68	19	10.5
2001-04-19	0	5.8	23.5	7.5
2001-04-20	0	5	24.5	7.5
2001-04-21	0	7.07	27	7.5
2001-04-22	0	5.52	28	10.5
2001-04-23	0.5	5.85	29.5	10.5
2001-04-24	8.5	0.9	18.5	13
2001-04-25	3.2	4.63	18	11.5
2001-04-26	0.6	1.29	16.5	12
2001-04-27	0.01	3.6	16	11
2001-04-28	0	3.58	17.5	10
2001-04-29	0.01	3.9	18.5	11.5
2001-04-30	0	4.82	20.5	9
2001-05-01	0	2.47	21.5	9
2001-05-02	0.9	8.23	28	10
2001-05-03	0.5	6.3	28	14
2001-05-04	0	6.24	26.5	10.5
2001-05-05	0	7.19	28	12.5
2001-05-06	0.7	5.61	28.5	12
2001-05-07	17	6.75	26	13
2001-05-08	2.6	1.83	19	10.5
2001-05-09	0.01	0.97	18.5	9
2001-05-10	0.01	2.84	20.5	7
2001-05-11	1.6	1.7	21	6.5
2001-05-12	0	2.26	19	10
2001-05-13	0.8	2.91	19	8.5
2001-05-14	0	3.76	20	10.5
2001-05-15	0	3.85	21.5	8.5
2001-05-16	0	4.74	27	8
2001-05-17	0	7.58	28	8
2001-05-18	0	6.93	27	10
2001-05-19	0	8.29	17.5	9
2001-05-20	0	6.26	31	7.5
2001-05-21	2	6.61	31.5	10.5
2001-05-22	0	3.65	29.5	14
2001-05-23	0	4.82	21	12
2001-05-24	0.01	4.88	25	13.5
2001-05-25	0.01	5.78	24	10
2001-05-26	0.01	5.8	24	10
2001-05-27	0	5.96	23	8
2001-05-28	0	6.72	26.5	5
2001-05-29	0	6.48	26	5.5
2001-05-30	0	6.56	26	11.5
2001-05-31	0	5.85	25	11
2001-06-01	0.5	5.63	26	13
2001-06-02	0	4.29	25.5	11.5
2001-06-03	0	4.71	25	10.5
2001-06-04	0	5.89	27	9
2001-06-05	0	6.1	27	10
2001-06-06	0.01	5.07	26	12
2001-06-07	2.6	6.29	25.5	14
2001-06-08	0	5.19	26	15
2001-06-09	5.3	2.71	25.5	13.5
2001-06-10	0	5.09	25	14
2001-06-11	2.7	2.45	26.5	14.5
2001-06-12	12.8	5.96	25	13.5
2001-06-13	2.4	1.78	25	15
2001-06-14	1.8	0.46	24	14
2001-06-15	18	6.87	24.5	13
2001-06-16	4.6	2.12	20	14
2001-06-17	10.4	0.95	20	10.5
2001-06-18	0.3	3.79	20	8
2001-06-19	0.6	2.47	19	12
2001-06-20	0.4	2.03	21	11
2001-06-21	1.8	1.14	22	12
2001-06-22	0.3	2.25	23	14
2001-06-23	0.8	2.7	24	14
2001-06-24	4.4	8.34	22	11
2001-06-25	7	5.56	22	11.5
2001-06-26	2.6	5.54	20	11
2001-06-27	1.4	3.71	19.5	12
2001-06-28	0.01	5.54	20	13
2001-06-29	0.01	3.11	22	13.5
2001-06-30	2.6	3.51	22.5	12
2001-07-01	0.5	5.2	22	13.5
2001-07-02	3.2	2.31	21	11.5
2001-07-03	0.8	4.05	20	10.5
2001-07-04	1	2.92	17	11.5
2001-07-05	1	1.53	20	11
2001-07-06	0.01	6.52	21.5	10.5
2001-07-07	0	4.82	20.5	9
2001-07-08	0.3	3.86	22	10
2001-07-09	0.01	5.27	23	11
2001-07-10	0	4.65	22.5	10.5
2001-07-11	0	5.68	23.5	11
2001-07-12	1	6.39	24.5	12
2001-07-13	0	5.5	22	11
2001-07-14	0.01	5.31	23	11.5
2001-07-15	0	5.46	24.5	13
2001-07-16	0	4.15	25	14
2001-07-17	0	6.81	24	13
2001-07-18	0.6	5.25	23	10.5
2001-07-19	15.2	8.05	22	13
2001-07-20	0	3.82	20.5	11.5
2001-07-21	0	6.17	21.5	11.5
2001-07-22	29.2	7.93	24.5	12
2001-07-23	0	6.51	23	12
2001-07-24	17.2	9.18	25	12
2001-07-25	2	0.96	23.5	13.5
2001-07-26	2.6	5.86	23	12.5
2001-07-27	0	5.79	22.5	13
2001-07-28	2.5	3.63	22.5	11.5
2001-07-29	0	4.92	22	9.5
2001-07-30	0.4	7.65	21.5	10.5
2001-07-31	2.6	4.33	21.5	11.5
2001-08-01	0	5.75	24	9
2001-08-02	0	5.55	22	10
2001-08-03	0	5.73	20.5	10.5
2001-08-04	0	6.6	22	14
2001-08-05	0.01	5.78	22	11
2001-08-06	0	5.12	24	11
2001-08-07	22.7	7.28	21	11.5
2001-08-08	0	2.44	20.5	13
2001-08-09	0	7.36	20	11
2001-08-10	1.8	3.26	20	12
2001-08-11	0.5	3.93	20.5	13
2001-08-12	6.7	3.91	20.5	13.5
2001-08-13	25.6	8.21	20.5	11
2001-08-14	0	5.55	20.5	10
2001-08-15	0	5.78	21.5	9
2001-08-16	0	3.23	21	12
2001-08-17	0	5.28	21	9
2001-08-18	0.01	3.81	24	9
2001-08-19	0	7.63	24	11
2001-08-20	0	3.59	22	11.5
2001-08-21	0	3.82	22	12
2001-08-22	0	4.77	22.5	12
2001-08-23	3.2	1.01	19	9.5
2001-08-24	13.2	5.74	20	12
2001-08-25	13.5	4.99	20.5	14
2001-08-26	16.3	5.34	19.5	11.5
2001-08-27	0	1.74	23	15
2001-08-28	0	3.68	23	15
2001-08-29	0	3.64	23.5	13
2001-08-30	0	4.02	22.5	13
2001-08-31	0	6.04	24.5	14.5
2001-09-01	0	1.72	23.5	14
2001-09-02	0.01	2.65	24.5	12
2001-09-03	0	5.39	24	14.5
2001-09-04	1.8	6.95	22.5	11
2001-09-05	0	5.51	23	10
2001-09-06	0	4.29	22	11.3
2001-09-07	0	7.46	25	13
2001-09-08	0.6	6.35	25.5	11
2001-09-09	24.8	12	22	13
2001-09-10	30.3	8.76	19	15
2001-09-11	20.4	10.58	20	14
2001-09-12	0	3.83	20.5	14
2001-09-13	6.6	4.41	21	15
2001-09-14	7.4	1.56	17	14
2001-09-15	0.4	0.45	17	10
2001-09-16	1.6	7.08	21	11.5
2001-09-17	0	4.97	21	13
2001-09-18	0	3.03	22	11
2001-09-19	2.6	3.41	24	12
2001-09-20	8	9.5	22.5	14
2001-09-21	8.2	5.66	20	13.5
2001-09-22	3.8	2.24	20.5	13
2001-09-23	15.4	1.4	17.5	15
2001-09-24	8.2	1.28	16	14
2001-09-25	0.8	0.92	19.5	13
2001-09-26	4.2	3.62	20	14
2001-09-27	2.8	2.36	18	14
2001-09-28	1.8	5	20	9
2001-09-29	0.01	4.02	17	12
2001-09-30	0	5.55	17	7.5
2001-10-01	0.01	0.46	16	8
2001-10-02	0	3.51	17	11
2001-10-03	0.01	0.2	21	11
2001-10-04	3.5	2.2	21.5	12.5
2001-10-05	2	7.07	24.5	10
2001-10-06	9.4	3.84	23	11.5
2001-10-07	0	4.29	20.5	13.5
2001-10-08	0	3.04	19.5	12
2001-10-09	0	NULO	22	10.5
2001-10-10	0.9	3.92	17	12
2001-10-11	2.5	1.06	25.5	12
2001-10-12	5.2	3.77	25	12.5
2001-10-13	0.8	4.7	25.5	13
2001-10-14	0	5.86	21	14
2001-10-15	0	2.09	21.5	12.5
2001-10-16	4	0.23	14	11
2001-10-17	1.5	0.17	12	9
2001-10-18	0	3.19	20.5	9
2001-10-19	0	3.96	23	4
2001-10-20	0.01	3.15	22	3
2001-10-21	0	3.85	24.5	1
2001-10-22	0	4.92	24.5	4.5
2001-10-23	0	4.62	26	8
2001-10-24	0	4.78	26	8
2001-10-25	2.6	2.49	21	12
2001-10-26	14.9	0.46	15	13
2001-10-27	6.5	1.08	18	10.5
2001-10-28	0.5	0.94	12	9
2001-10-29	0	1.08	14	8
2001-10-30	0.4	3.7	16	4
2001-10-31	0	1.88	18	7
2001-11-01	0	NULO	21	8
2001-11-02	0.8	NULO	21.5	5.5
2001-11-03	0.6	NULO	15	9
2001-11-04	1.8	NULO	15	10
2001-11-05	0.4	NULO	12	9
2001-11-06	0.01	NULO	17	9
2001-11-07	0.01	NULO	17	9
2001-11-08	0	NULO	18.5	5
2001-11-09	0.6	NULO	15	4
2001-11-10	0.3	NULO	17	8
2001-11-11	0.01	NULO	17	8
2001-11-12	0.01	NULO	18	10.5
2001-11-13	0	NULO	19.5	9
2001-11-14	0	NULO	24.5	7
2001-11-15	0	NULO	21.5	6.5
2001-11-16	0.8	NULO	19.5	6
2001-11-17	1.8	NULO	15	9
2001-11-18	0.01	NULO	18	9.5
2001-11-19	0	NULO	21	4.5
2001-11-20	0.3	NULO	14.5	7
2001-11-21	1.8	NULO	22	9
2001-11-22	0.01	NULO	21.5	7.5
2001-11-23	0	NULO	25	9
2001-11-24	0	NULO	24.5	9
2001-11-25	0	NULO	22	6
2001-11-26	0	NULO	25.5	7
2001-11-27	0	NULO	26	8
2001-11-28	0	NULO	22.5	11
2001-11-29	0	NULO	26	9
2001-11-30	0	NULO	26.5	8
2001-12-01	0	NULO	26	5
2001-12-02	0	NULO	22	3.5
2001-12-03	0	NULO	23	0
2001-12-04	0	NULO	25	3
2001-12-05	0	NULO	24	7
2001-12-06	0	NULO	23	5
2001-12-07	0	NULO	16	0.5
2001-12-08	0	NULO	22	-2
2001-12-09	0	NULO	25	-2
2001-12-10	0	NULO	26.5	1
2001-12-11	0	NULO	22	5
2001-12-12	0	NULO	13.5	3.5
2001-12-13	0	NULO	17.5	7.5
2001-12-14	0	NULO	20	3.5
2001-12-15	0	NULO	17.5	1
2001-12-16	0	NULO	25	1.5
2001-12-17	0	NULO	25	1
2001-12-18	0	NULO	26	1
2001-12-19	0	NULO	29	3
2001-12-20	0	NULO	26	5.5
2001-12-21	0	NULO	25	5
2001-12-22	0	NULO	26.5	4.5
2001-12-23	0	NULO	27	5.5
2001-12-24	0	NULO	28	7
2001-12-25	0	NULO	26	9
2001-12-26	0	NULO	22	6
2001-12-27	0	NULO	26	3
2001-12-28	0	NULO	26	5
2001-12-29	0	NULO	29	4
2001-12-30	0	NULO	29	4
2001-12-31	0	NULO	29	6
2002-01-01	0.01	NULO	26	7
2002-01-02	0.01	NULO	22	3.5
2002-01-03	0	NULO	23	0
2002-01-04	0	NULO	25	3
2002-01-05	0	NULO	24.5	5
2002-01-06	0	NULO	23	5
2002-01-07	0	NULO	16	0.5
2002-01-08	0	NULO	22	-2
2002-01-09	0	NULO	25	-2
2002-01-10	0	NULO	26.5	1
2002-01-11	0	NULO	22	5
2002-01-12	4.2	NULO	13.5	5.5
2002-01-13	9.8	NULO	17.5	7.5
2002-01-14	0.01	NULO	20	3.5
2002-01-15	0.01	NULO	17.5	1
2002-01-16	0.01	NULO	25	1.5
2002-01-17	0.01	NULO	25	1
2002-01-18	0	NULO	26	1
2002-01-19	0	NULO	29	3
2002-01-20	0	NULO	26	5.5
2002-01-21	0	NULO	25.5	5
2002-01-22	0	NULO	26.5	4.5
2002-01-23	0	NULO	27	5.5
2002-01-24	0.01	NULO	28	7
2002-01-25	0	NULO	26	9
2002-01-26	0	NULO	22	6
2002-01-27	0	NULO	26	3
2002-01-28	0	NULO	26	5
2002-01-29	0	NULO	29	4
2002-01-30	0	NULO	29	4
2002-01-31	0	NULO	29	8
2002-02-01	0	NULO	15	9
2002-02-02	0	NULO	19	7
2002-02-03	0	NULO	26	6
2002-02-04	0	NULO	20.5	4.5
2002-02-05	0	NULO	26	4
2002-02-06	0	NULO	21	8
2002-02-07	0.01	NULO	14	6
2002-02-08	0	NULO	14	4.5
2002-02-09	0	NULO	25	6
2002-02-10	1	NULO	15	9
2002-02-11	0	NULO	11	-1
2002-02-12	0	NULO	16	1
2002-02-13	0.5	NULO	18	6
2002-02-14	0	NULO	19	6.5
2002-02-15	0	NULO	23.5	5
2002-02-16	0	NULO	18.5	5
2002-02-17	0	NULO	21	7
2002-02-18	0	NULO	26	4
2002-02-19	0	NULO	28	9.5
2002-02-20	0	NULO	19.5	11
2002-02-21	0	NULO	24	7
2002-02-22	0	NULO	17	5
2002-02-23	0	NULO	19	-3
2002-02-24	0	NULO	26	-3
2002-02-25	0	NULO	27	10
2002-02-26	0.01	NULO	21	4
2002-02-27	0	NULO	14	2
2002-02-28	0	NULO	24.5	5
2002-03-01	0	NULO	29	10.5
2002-03-02	0.01	NULO	29.5	9.5
2002-03-03	0	NULO	21	7.5
2002-03-04	0	NULO	17	0
2002-03-05	0	NULO	25.5	1.5
2002-03-06	0	NULO	27	4.5
2002-03-07	0	NULO	27	4.5
2002-03-08	0	NULO	27.5	6.5
2002-03-09	1.5	NULO	28.5	8
2002-03-10	1	NULO	16.5	9.5
2002-03-11	0	NULO	20	5.5
2002-03-12	0	NULO	21	10
2002-03-13	0	NULO	28	6
2002-03-14	0	NULO	29.5	12
2002-03-15	0	NULO	30.5	11
2002-03-16	0	NULO	30	9
2002-03-17	0	NULO	30	9.5
2002-03-18	0	NULO	30.5	7
2002-03-19	0	NULO	31	10
2002-03-20	0.5	NULO	30.5	13
2002-03-21	0	NULO	24	8
2002-03-22	0	NULO	13	9
2002-03-23	0	NULO	25	2
2002-03-24	0	NULO	29	8
2002-03-25	0	NULO	31	10
2002-03-26	0	NULO	23	9.5
2002-03-27	0	NULO	26	11
2002-03-28	0	NULO	29	6
2002-03-29	0	NULO	29	6
2002-03-30	0	NULO	31	9.5
2002-03-31	0.5	NULO	24	11.5
2002-04-01	0	NULO	24	10
2002-04-02	0	NULO	30.5	12
2002-04-03	1.5	NULO	25.5	10
2002-04-04	0.01	NULO	21	14
2002-04-05	1.2	NULO	25	13.5
2002-04-06	0	NULO	26	11
2002-04-07	0	NULO	27	12
2002-04-08	0	NULO	28	11
2002-04-09	5.2	NULO	23	11
2002-04-10	0.01	NULO	20	11
2002-04-11	0	NULO	24.5	10.5
2002-04-12	0	NULO	26.5	7
2002-04-13	0	NULO	25	4
2002-04-14	0	NULO	26	3.5
2002-04-15	0	NULO	26.5	6
2002-04-16	0	NULO	26	7
2002-04-17	0	NULO	26	7
2002-04-18	0	NULO	25.5	10
2002-04-19	0	NULO	25	9
2002-04-20	0	NULO	25	8
2002-04-21	0	NULO	29.5	7
2002-04-22	0	NULO	23	7.5
2002-04-23	0	NULO	25	13
2002-04-24	0	NULO	28.5	7.5
2002-04-25	0	NULO	23.5	7
2002-04-26	0	NULO	26.5	9
2002-04-27	0	NULO	30	8.5
2002-04-28	0	NULO	28	8.5
2002-04-29	0	NULO	25.5	10.5
2002-04-30	0	NULO	28.5	8
2002-05-01	0	NULO	32.5	9.5
2002-05-02	0	NULO	32	13.5
2002-05-03	0	NULO	30.5	10.5
2002-05-04	0	NULO	26.5	11
2002-05-05	0	NULO	25	13
2002-05-06	0	NULO	26	10
2002-05-07	0	NULO	26	11
2002-05-08	0	NULO	29	11
2002-05-09	0	NULO	30.5	11.5
2002-05-10	0	NULO	25	11
2002-05-11	0	NULO	25	11.5
2002-05-12	0	NULO	24.5	11
2002-05-13	11.2	NULO	24	14
2002-05-14	0	NULO	18	13
2002-05-15	0	NULO	23.5	13.5
2002-05-16	13.2	NULO	26	11.5
2002-05-17	0	NULO	25.5	12
2002-05-18	2.2	NULO	21	13
2002-05-19	0	NULO	20	11.5
2002-05-20	0	NULO	19	12
2002-05-21	0	NULO	19	9
2002-05-22	0	NULO	21	5
2002-05-23	0	NULO	24.5	6
2002-05-24	0	NULO	26	7
2002-05-25	0	NULO	25	9
2002-05-26	0	NULO	26	9
2002-05-27	0	NULO	24	9.5
2002-05-28	0	NULO	26	9
2002-05-29	0	NULO	25.5	10
2002-05-30	0	NULO	28	9
2002-05-31	0	NULO	28.5	11
2002-06-01	0	NULO	26	12.5
2002-06-02	34.3	NULO	25	13
2002-06-03	0	NULO	24.5	10
2002-06-04	0	NULO	24.5	12.5
2002-06-05	0	NULO	24	13
2002-06-06	0	NULO	20	15
2002-06-07	2	NULO	20.5	13.5
2002-06-08	1.2	NULO	22	12.5
2002-06-09	13.3	NULO	23	13.5
2002-06-10	0.8	NULO	22	14.5
2002-06-11	1.2	NULO	23	16
2002-06-12	0	NULO	22.5	15
2002-06-13	0	NULO	23	12
2002-06-14	0	NULO	24	11.5
2002-06-15	0	NULO	24	13
2002-06-16	0	NULO	29.5	9
2002-06-17	0	NULO	26	9
2002-06-18	0	NULO	26.5	10
2002-06-19	0	NULO	23	11.5
2002-06-20	6.2	NULO	21	9
2002-06-21	26.8	NULO	20	11
2002-06-22	0.8	NULO	19	15
2002-06-23	0	NULO	20	11.5
2002-06-24	0	NULO	19.5	11
2002-06-25	0	NULO	20	11
2002-06-26	0	NULO	20.5	11.5
2002-06-27	0	NULO	21	6
2002-06-28	0	NULO	22.5	12
2002-06-29	0	NULO	17	13.5
2002-06-30	0	NULO	25	10
2002-07-01	0	NULO	25	13
2002-07-02	0	NULO	26	9.5
2002-07-03	0	NULO	26	11
2002-07-04	0.8	NULO	27.5	12
2002-07-05	0.5	NULO	25	12.5
2002-07-06	3.4	NULO	25	13
2002-07-07	0.5	NULO	22.5	13
2002-07-08	0.4	NULO	23	11
2002-07-09	0	NULO	21.5	12
2002-07-10	0	NULO	22	13
2002-07-11	0.3	NULO	22	13
2002-07-12	0.01	NULO	22.5	15
2002-07-13	0	NULO	22.5	12
2002-07-14	17.2	NULO	24	15
2002-07-15	13.2	NULO	21.5	15
2002-07-16	0.01	NULO	18.5	14
2002-07-17	3.2	NULO	19.5	13
2002-07-18	0.01	NULO	21	13
2002-07-19	0	NULO	24	9
2002-07-20	0.6	NULO	18.5	11
2002-07-21	7.2	NULO	22.5	11
2002-07-22	2.2	NULO	18.5	12
2002-07-23	0.4	NULO	20	11
2002-07-24	0	NULO	20.5	7
2002-07-25	0	NULO	22	9
2002-07-26	0	NULO	23	11
2002-07-27	0	NULO	25	10.5
2002-07-28	0	NULO	24	11
2002-07-29	0	NULO	24.5	11.5
2002-07-30	0	NULO	22	11
2002-07-31	0	NULO	22	12
2002-08-01	0	NULO	23	12
2002-08-02	0	NULO	24	13
2002-08-03	0	NULO	22	11.5
2002-08-04	0	NULO	22.5	10
2002-08-05	0	NULO	22	9.5
2002-08-06	0	NULO	24	12.5
2002-08-07	0	NULO	22	11.5
2002-08-08	0	NULO	23.5	10
2002-08-09	0	NULO	23	8
2002-08-10	0	NULO	22.5	9
2002-08-11	0	NULO	23	11
2002-08-12	0	NULO	22	10
2002-08-13	0.8	NULO	23	12
2002-08-14	0	NULO	24	12.5
2002-08-15	0	NULO	25.5	13
2002-08-16	0	NULO	24	11
2002-08-17	0	NULO	24.5	10
2002-08-18	0	NULO	24	8
2002-08-19	0.4	NULO	25	10.5
2002-08-20	0.8	NULO	23.5	10.5
2002-08-21	1.8	NULO	22	11
2002-08-22	0	NULO	22	11.5
2002-08-23	0.5	NULO	23	13
2002-08-24	0.4	NULO	22	12
2002-08-25	0	NULO	22.5	11
2002-08-26	0	NULO	22.5	8
2002-08-27	0	NULO	23	10
2002-08-28	5.8	NULO	23	10.5
2002-08-29	0.01	NULO	19	13.5
2002-08-30	0	NULO	20.5	11
2002-08-31	20.8	NULO	22	12
2002-09-01	0	NULO	22.5	12.5
2002-09-02	0	NULO	22	11
2002-09-03	0	NULO	21	12
2002-09-04	0	NULO	22.5	14
2002-09-05	0.6	NULO	24	14
2002-09-06	0.8	NULO	24	14
2002-09-07	0.5	NULO	25	15
2002-09-08	0	NULO	25.5	15
2002-09-09	0	NULO	26	14.5
2002-09-10	0	NULO	25	12
2002-09-11	0	NULO	23.5	14
2002-09-12	10.3	NULO	22.5	15
2002-09-13	0.6	NULO	20.5	15
2002-09-14	12.4	NULO	24	15
2002-09-15	3.8	NULO	22	16
2002-09-16	0.01	NULO	21	14
2002-09-17	0	NULO	23	13
2002-09-18	0	NULO	26	12
2002-09-19	0	NULO	26.5	12.5
2002-09-20	2.5	NULO	20.5	13
2002-09-21	0.6	NULO	19	14
2002-09-22	0	NULO	22	14
2002-09-23	4.5	NULO	21	8
2002-09-24	0.8	NULO	16	9
2002-09-25	0.01	NULO	19.5	10
2002-09-26	2.2	NULO	21	11.5
2002-09-27	0	NULO	19	12
2002-09-28	0	NULO	21	11.5
2002-09-29	0	NULO	23	9.5
2002-09-30	0	NULO	22.5	11
2002-10-01	0	NULO	24	12.5
2002-10-02	0	NULO	25	11.5
2002-10-03	0	NULO	27	9.5
2002-10-04	5.2	NULO	26	8.5
2002-10-05	7.8	NULO	22	10.5
2002-10-06	3.2	NULO	22	12
2002-10-07	1.8	NULO	22	8
2002-10-08	1	NULO	24	11
2002-10-09	1.6	NULO	25	12
2002-10-10	0.6	NULO	23	12.5
2002-10-11	3	NULO	22	13
2002-10-12	0.01	NULO	23	9
2002-10-13	9.8	NULO	21	10
2002-10-14	0.5	NULO	20	12
2002-10-15	0	NULO	24	6
2002-10-16	0	NULO	21	9.5
2002-10-17	0	NULO	24	11
2002-10-18	0.01	NULO	26	10
2002-10-19	0.01	NULO	26.5	9
2002-10-20	0.01	NULO	23	7
2002-10-21	0.01	NULO	24.5	9
2002-10-22	0.01	NULO	24	9
2002-10-23	0.01	NULO	24	11
2002-10-24	0.4	NULO	25	11
2002-10-25	0.4	NULO	23.5	11
2002-10-26	0	NULO	25.5	12
2002-10-27	0.01	NULO	24.5	12.5
2002-10-28	0	NULO	25.5	11
2002-10-29	0	NULO	27	11
2002-10-30	1	NULO	24	13
2002-10-31	15.6	NULO	22	11.5
2002-11-01	3.2	NULO	21	13
2002-11-02	0.2	NULO	21.5	14
2002-11-03	3.8	NULO	21.5	11
2002-11-04	0	NULO	24	13
2002-11-05	11.8	NULO	20.5	13
2002-11-06	0.01	NULO	22.5	8.5
2002-11-07	0	NULO	17	7
2002-11-08	0	NULO	25.5	6.5
2002-11-09	0	NULO	26	9
2002-11-10	0	NULO	28	8
2002-11-11	0.01	NULO	28.5	8
2002-11-12	1.2	NULO	16.5	7
2002-11-13	0	NULO	20	6
2002-11-14	0.6	NULO	24.5	7
2002-11-15	0.3	NULO	20.5	5
2002-11-16	0.01	NULO	16	12.5
2002-11-17	0	NULO	19	2.5
2002-11-18	0	NULO	24	-3
2002-11-19	0.01	NULO	19	-2
2002-11-20	0	NULO	19	0
2002-11-21	0	NULO	18	7
2002-11-22	0	NULO	19	-4
2002-11-23	0	NULO	18	-3
2002-11-24	0	NULO	24	-2
2002-11-25	0	NULO	23	-1
2002-11-26	0	NULO	23.5	3
2002-11-27	1	NULO	18	6.5
2002-11-28	3.8	NULO	17	9.5
2002-11-29	0.01	NULO	20.5	9.5
2002-11-30	0	NULO	24	6
2002-12-01	0	3.01	18	10
2002-12-02	0	4.73	27	7
2002-12-03	0	3.82	27.5	3
2002-12-04	0	6.91	27	6
2002-12-05	0	3.19	15.5	7
2002-12-06	0	2.39	13.5	4
2002-12-07	0	2.5	22	5
2002-12-08	0.4	0.52	19	8
2002-12-09	0	3.4	23.5	7
2002-12-10	0	3.74	22	7
2002-12-11	0	3.4	23.5	6
2002-12-12	0	2.84	24	10
2002-12-13	0	2.88	22.5	11
2002-12-14	0	3.14	20	9
2002-12-15	0	2.16	23	6
2002-12-16	0	2.89	22	2
2002-12-17	0	3.69	24	5.5
2002-12-18	0	3.81	25.5	5
2002-12-19	0.2	3.91	25.5	6
2002-12-20	0	1.5	14	5
2002-12-21	0	3.42	24	2
2002-12-22	0	4.16	25.5	4.5
2002-12-23	0	7.39	24	9
2002-12-24	0	3.71	23	11
2002-12-25	0	3.5	22.5	6.5
2002-12-26	0	2.63	21.5	6
2002-12-27	1.6	2.3	18.5	6
2002-12-28	0.8	1.06	14.5	3
2002-12-29	0	3.69	23.5	7.5
2002-12-30	0	4.8	23	7.5
2002-12-31	0	4.19	24	9
2003-01-01	0	4.82	26	7
2003-01-02	0	2.96	14	8.5
2003-01-03	0	3.53	15	4
2003-01-04	0	4.22	23	2
2003-01-05	0	3.95	22	6
2003-01-06	2	3.41	19	4
2003-01-07	0	1.08	22	6.5
2003-01-08	0	3.05	15	6.5
2003-01-09	0	3.98	24.5	4.5
2003-01-10	0	2.91	21	9
2003-01-11	0.6	2.27	18	9.5
2003-01-12	0	2.26	15	9
2003-01-13	0	1.19	15.5	9.5
2003-01-14	0	2.77	13.5	6
2003-01-15	0	2.98	15.5	2
2003-01-16	3.8	3.88	20.5	2
2003-01-17	0	3.3	19.5	3
2003-01-18	0	2.25	20	2
2003-01-19	0	3.63	20.5	1
2003-01-20	0	4.34	24.5	2
2003-01-21	0	3.2	20	2
2003-01-22	0.3	3.43	26	2.5
2003-01-23	0.6	3.72	20	4
2003-01-24	0	1.85	12	2
2003-01-25	0	2.81	23	2.5
2003-01-26	2.2	2.66	21.5	4
2003-01-27	0.3	1.51	12.5	6
2003-01-28	0	3.11	23	5
2003-01-29	0	1.45	21	5
2003-01-30	0	3.74	16	4
2003-01-31	0	3.61	23	7
2003-02-01	0	3.47	17	3
2003-02-02	0	4.02	25	5
2003-02-03	0	4.04	27	7
2003-02-04	0	4.12	20	10
2003-02-05	0	4.66	26.5	7
2003-02-06	0	4.73	28	7
2003-02-07	0	3.95	19.5	10
2003-02-08	0	4.72	21.5	5.5
2003-02-09	0	5.58	28	6
2003-02-10	0	4.35	22	6
2003-02-11	0	4.8	27	5.5
2003-02-12	0	6.1	22	6.5
2003-02-13	0	4.79	24.5	7
2003-02-14	0	5.98	29	7
2003-02-15	0	4.21	27	9.5
2003-02-16	0	3.53	16	9
2003-02-17	0	4.91	24	8
2003-02-18	0	6.3	28	4.5
2003-02-19	0	5.78	28	5
2003-02-20	0	6.3	28	7
2003-02-21	0	10.52	28.5	10
2003-02-22	0	4.03	20.5	5.5
2003-02-23	0	5.35	25.5	3
2003-02-24	0	6.64	28	3
2003-02-25	0	4.96	28.5	5.5
2003-02-26	0	8.06	31	10
2003-02-27	0	6.88	29.5	10.5
2003-02-28	0	6.3	29	7
2003-03-01	0	7.31	31	9.5
2003-03-02	0	7.55	29.5	7.5
2003-03-03	0	8.35	32	9
2003-03-04	0	7.94	32	7
2003-03-05	0	7.58	32.5	9
2003-03-06	0	7.22	30	11.5
2003-03-07	0	7.71	30.5	8
2003-03-08	0	7.23	31	8
2003-03-09	0	6.76	26	5.5
2003-03-10	0	4.29	21	7.5
2003-03-11	0	5.34	29	11
2003-03-12	0	4.92	29.5	8.5
2003-03-13	0	9.35	28	7
2003-03-14	3.2	6.67	28	9
2003-03-15	0	6.88	26	9
2003-03-16	0	9.1	28	7.5
2003-03-17	0	9.16	29	9
2003-03-18	0	10.59	30	5.5
2003-03-19	0	11.13	30.5	9
2003-03-20	0	6.05	28.5	8
2003-03-21	0	3.93	28	8
2003-03-22	0	6.15	28	4
2003-03-23	0	4.39	20.5	8.5
2003-03-24	0	7.63	27.5	7.5
2003-03-25	0	6.99	29	6
2003-03-26	0	4.88	21.5	6
2003-03-27	0	5.6	26.5	7
2003-03-28	0	5.84	28.5	3
2003-03-29	5.3	4.61	16	2.5
2003-03-30	0	9.6	14	0
2003-03-31	0	4.31	13	0.5
2003-04-01	0	4.93	21	5
2003-04-02	0	2.59	24	6
2003-04-03	0	6.98	27.5	6.5
2003-04-04	0	8.47	30.5	10.5
2003-04-05	0	5.77	30	9.5
2003-04-06	0	7.86	31.5	11
2003-04-07	0.6	5.95	30.5	13
2003-04-08	1.2	3.03	23.5	10.5
2003-04-09	0	3.29	14.5	7
2003-04-10	0	6.17	24	4.5
2003-04-11	0	4.51	26.5	8
2003-04-12	0	6.24	26	9.5
2003-04-13	0	5.94	26	8.5
2003-04-14	0	4.55	29	9.5
2003-04-15	0	8.22	30	9
2003-04-16	0	7.89	32	10.5
2003-04-17	0	6.72	30	9.5
2003-04-18	0	7.44	32	9.5
2003-04-19	11.5	6.33	31	13
2003-04-20	3.2	4.55	29.5	10
2003-04-21	2	4.94	22	11
2003-04-22	0.4	3.05	28.5	13
2003-04-23	0	7.07	29.5	12
2003-04-24	0	8.62	31	13
2003-04-25	0	10.3	32	12.5
2003-04-26	2	8.15	30	10
2003-04-27	0	4.76	30.5	9.5
2003-04-28	0	8.94	32	10.5
2003-04-29	0	6.92	31.5	11.5
2003-04-30	0	7.29	30.5	12
2003-05-01	0	9.33	32	11
2003-05-02	0	6.74	31.5	10.5
2003-05-03	0	6.26	30.5	10
2003-05-04	0	9.07	33	9
2003-05-05	0	7.45	34	9
2003-05-06	0	7.41	33.5	13
2003-05-07	0	7.73	33	11
2003-05-08	0	7.17	32	10
2003-05-09	0	6.65	32	10.5
2003-05-10	0	6.81	31.5	13.5
2003-05-11	0	6.42	30	11
2003-05-12	0	7.2	30.5	10
2003-05-13	0	7.11	25	10.5
2003-05-14	0	6.22	29	7
2003-05-15	0	7.19	28	9
2003-05-16	0	8.34	30	12
2003-05-17	0	6.72	29.5	10
2003-05-18	0	5.85	28	7
2003-05-19	0	9.45	29	5
2003-05-20	1.3	7.69	27	6
2003-05-21	0	4.83	24.5	9
2003-05-22	0.8	6.13	23.5	10.5
2003-05-23	0.4	3.77	22.5	10.5
2003-05-24	0	5.78	25	12.5
2003-05-25	0	7.41	28.5	9
2003-05-26	23.2	6.03	25	11
2003-05-27	0	4.46	22	11
2003-05-28	0	3.88	22	12
2003-05-29	0	2.14	21.5	12
2003-05-30	0	5.45	25	9.5
2003-05-31	0	6.83	27.5	10.5
2003-06-01	0	6.87	28.5	8.5
2003-06-02	19.4	3.84	26.5	11.5
2003-06-03	7.3	2.7	24	14
2003-06-04	0	3.85	23.5	10.5
2003-06-05	0.8	3.29	27	12.5
2003-06-06	1.6	5.05	26	13
2003-06-07	0	4.96	25.5	13
2003-06-08	8.4	6.54	25.5	14
2003-06-09	0.3	4.75	23.5	14.5
2003-06-10	0	4.8	25.5	13.5
2003-06-11	0	4.86	27	14
2003-06-12	0	5.94	28	13.5
2003-06-13	0	5.58	27	11.5
2003-06-14	0	5.34	26	12.5
2003-06-15	0	6.5	25	12.5
2003-06-16	7.8	5.54	23	11
2003-06-17	2	0.9	20.5	11.5
2003-06-18	1.8	6.25	22.5	13
2003-06-19	0	5.88	24	13
2003-06-20	0	3.74	24.5	15
2003-06-21	0	4.59	25	12.5
2003-06-22	0	5.29	25	15
2003-06-23	0	3.11	25.5	13.5
2003-06-24	0	6.64	25	15.5
2003-06-25	2.4	3.27	24.5	13
2003-06-26	2	7.75	24	10.5
2003-06-27	3.8	1.31	23	10
2003-06-28	6.2	4.97	22	11.5
2003-06-29	0	4.54	22.5	11
2003-06-30	0	5.49	22.5	13
2003-07-01	10.2	2.97	25	14
2003-07-02	0	2.87	27	15
2003-07-03	0	2.61	23.5	14
2003-07-04	0	2.14	24	12
2003-07-05	0	2.21	23	14
2003-07-06	0	4.34	23.5	14.5
2003-07-07	1.2	5.45	23.5	12
2003-07-08	17.4	4.13	22.5	13.5
2003-07-09	1.5	2.65	22	10.5
2003-07-10	0	5.36	21.5	9.5
2003-07-11	0	6.36	22	7
2003-07-12	0	5.67	23.5	8.5
2003-07-13	0	4.67	24.5	7.5
2003-07-14	0.4	4.58	23.5	8.5
2003-07-15	9.4	6.43	24	12.5
2003-07-16	21.8	5.28	22.5	11.5
2003-07-17	2.9	5.73	20.5	13.5
2003-07-18	0	3.7	20.5	10.5
2003-07-19	0	4.68	21	7.5
2003-07-20	2.7	4.92	21	9
2003-07-21	0	4.84	21.5	10
2003-07-22	0	5.59	24	10
2003-07-23	2.2	5.44	24	11
2003-07-24	0	5.86	22.5	8.5
2003-07-25	3.5	6.29	22.5	10.5
2003-07-26	1.5	3.67	20	12
2003-07-27	3	2.7	21	11
2003-07-28	0	4.91	22	10
2003-07-29	0	5.79	23.5	11.5
2003-07-30	1.8	6.32	23.5	14
2003-07-31	6.2	5.27	22	13
2003-08-01	3	2.98	21.5	13
2003-08-02	0	5.94	24	10.5
2003-08-03	0	5.97	24	11
2003-08-04	0	5.5	24	10
2003-08-05	0	8.1	24.5	12
2003-08-06	0.3	5.85	24.5	10
2003-08-07	0	6	25.5	11.5
2003-08-08	0	5.96	25	9
2003-08-09	0	5.48	25	8
2003-08-10	1.3	6.65	25	11
2003-08-11	0	5.79	25	11.5
2003-08-12	0	3.05	25	10.5
2003-08-13	0.3	3.93	22.5	8
2003-08-14	23.1	8.58	22	11
2003-08-15	0	3.2	23	8
2003-08-16	0	2.23	23.5	9
2003-08-17	8.8	6.76	22	9.5
2003-08-18	5.6	5.41	22	11
2003-08-19	4	2.6	23	12
2003-08-20	19.2	6.34	24	14
2003-08-21	27.3	5.63	27	14
2003-08-22	5	5.32	20.5	13
2003-08-23	10.8	3.55	21.5	11
2003-08-24	6	4.9	21	12.5
2003-08-25	1.7	4.59	21	11.5
2003-08-26	0	5.13	23	11
2003-08-27	0	6.35	22.5	11
2003-08-28	0	4.57	24	9
2003-08-29	0	4.74	24	9.5
2003-08-30	0	5.82	24.5	11.5
2003-08-31	3	5.33	25	13.5
2003-09-01	9.2	6.95	24	14
2003-09-02	0.2	3.67	22.5	10.5
2003-09-03	21	6.75	24	11
2003-09-04	3.2	5.43	23.5	12.5
2003-09-05	4.6	2.35	23.5	13.5
2003-09-06	0	4.14	22	13
2003-09-07	2.3	2.35	21.5	13.5
2003-09-08	1.8	5.1	24.5	14
2003-09-09	0	5.67	26	13.5
2003-09-10	0	5.5	24.5	10
2003-09-11	0	5.59	26	11
2003-09-12	0	4.93	26	11.5
2003-09-13	3.9	5.24	25	13
2003-09-14	27.5	2.86	21	13
2003-09-15	3	1.54	19.5	12.5
2003-09-16	5.3	2.48	21	12
2003-09-17	0	5.79	22.5	11
2003-09-18	0.9	4.93	23	12
2003-09-19	1.9	4.04	24	14.5
2003-09-20	0	4.44	24.5	14
2003-09-21	0	3.85	26	14
2003-09-22	7.2	5	25	13
2003-09-23	1.5	3.19	22	14
2003-09-24	0	5.19	24.5	13
2003-09-25	12.6	5.92	24.5	10
2003-09-26	12.4	5.3	25	12
2003-09-27	17.4	6.27	25.5	14
2003-09-28	13.3	1.25	25	13
2003-09-29	24.2	3.4	18	12.5
2003-09-30	0.5	1.01	17.5	9
2003-10-01	0.5	2.69	23	9
2003-10-02	28.4	6.75	22	8.5
2003-10-03	4.2	0.22	18	8
2003-10-04	2.2	3.45	21	11.5
2003-10-05	2	2.41	21	12
2003-10-06	2.5	0.97	20.5	13
2003-10-07	22	2.47	22	12.5
2003-10-08	7.5	5.44	23	13
2003-10-09	0	4.39	23	13.5
2003-10-10	5.8	6.89	25.5	13
2003-10-11	2.3	7.32	24.5	14
2003-10-12	0	3.92	23	12.5
2003-10-13	0	3.78	24	12
2003-10-14	0.8	1.89	24	13
2003-10-15	1.1	4.94	22.5	10.5
2003-10-16	0	3.68	22	12
2003-10-17	4.5	4.77	21.5	12
2003-10-18	14.6	5.71	20.5	12
2003-10-19	1.4	0.43	19.5	11
2003-10-20	0	1.55	17.5	10
2003-10-21	1.2	2.37	19	6
2003-10-22	0	4.25	23	8
2003-10-23	0	3.75	22	9
2003-10-24	0	4.18	25	10
2003-10-25	0	4.27	27	8
2003-10-26	0.7	4.51	23	10
2003-10-27	0	2.67	20	10.5
2003-10-28	0	3.73	25	8.5
2003-10-29	0	4.41	25	7
2003-10-30	0	4.76	20.5	9
2003-10-31	0	3	24	8
2003-11-01	4.2	5.04	20	7
2003-11-02	0.5	5.07	21.5	9
2003-11-03	0	3.21	22	10
2003-11-04	0	1.95	27	7.5
2003-11-05	0.6	4.56	26	5
2003-11-06	1	6.29	24	4
2003-11-07	0.3	4.22	21	8.5
2003-11-08	0.3	1.91	20	10
2003-11-09	5.8	2.12	18	7.5
2003-11-10	3.6	1.41	19	9
2003-11-11	0	2.88	21	12
2003-11-12	2.4	3.65	21.5	8
2003-11-13	6.4	5.18	20.5	8
2003-11-14	0	4.73	21	7.5
2003-11-15	0	6.55	26	7
2003-11-16	0	5.35	25.5	6
2003-11-17	0	6.16	27.5	8
2003-11-18	0	8.15	28	6
2003-11-19	0	4.55	15	4
2003-11-20	0	6.39	21	0.5
2003-11-21	0	5.56	27.5	3.5
2003-11-22	0	6.1	28	4
2003-11-23	0.6	2.45	29.5	8
2003-11-24	0	5.25	15	9.5
2003-11-25	0	6.08	16	5.5
2003-11-26	0	6.14	14.5	6
2003-11-27	0	5.54	16	8
2003-11-28	0	7.19	18	9
2003-11-29	0	3.71	21	8
2003-11-30	0	4.85	24	9
2003-12-01	0	6.4	24	9
2003-12-02	1.2	5.33	20	5
2003-12-03	0	4.36	24	4
2003-12-04	0	2.7	20	1
2003-12-05	2.6	0.1	15.5	5
2003-12-06	0.8	0.22	14	4.5
2003-12-07	0	4.28	22.5	1
2003-12-08	0	3.99	24	1.5
2003-12-09	1.8	2.39	22.5	5
2003-12-10	0	2.66	16.5	6
2003-12-11	0	4.39	24	2.5
2003-12-12	0	3.16	16	7
2003-12-13	0	3.6	24	4.5
2003-12-14	0	4.32	21	2
2003-12-15	0	3.16	25	-2
2003-12-16	0	2.81	22	1.5
2003-12-17	0	5.2	19	0
2003-12-18	0	4.28	15	-4
2003-12-19	0	3.17	15	-4
2003-12-20	0	2.3	18	-6
2003-12-21	0	4.41	19	-2
2003-12-22	0	2.63	24	0
2003-12-23	0	2.57	22.5	-2
2003-12-24	0	2.41	20	0
2003-12-25	0	4.25	24.5	2.5
2003-12-26	0	2.78	26.5	3.5
2003-12-27	0	3.66	27	4
2003-12-28	0	4.03	27	5.5
2003-12-29	0	1.76	17.5	9
2003-12-30	2	8.9	19.5	5.5
2003-12-31	0	4.02	21	4
2004-01-01	0	3.06	20	6
2004-01-02	0	1.42	22	8.5
2004-01-03	0	5.6	27	6.5
2004-01-04	0	4.14	25	10.5
2004-01-05	0	2.78	22.5	6
2004-01-06	0	2.19	21.5	6
2004-01-07	0	2.31	16	7.5
2004-01-08	0	2.69	24	5
2004-01-09	1	4.31	20.5	6
2004-01-10	0	1.11	11	6
2004-01-11	0	7.6	11.5	3.5
2004-01-12	0	4.5	18.5	5
2004-01-13	0	2.85	16	4
2004-01-14	0	3.93	21.5	7
2004-01-15	0	2.66	20.5	7.5
2004-01-16	5.2	1.82	18	9
2004-01-17	0	4.35	20.5	8
2004-01-18	0	3.09	20	4
2004-01-19	0	4.43	19.5	5
2004-01-20	0	5.63	24	1
2004-01-21	0	4.42	23.5	5
2004-01-22	0	4.97	20	7
2004-01-23	0	2.63	20.5	9
2004-01-24	0	5.89	27	7
2004-01-25	0	4.41	23	9.5
2004-01-26	0	4.9	22.5	10
2004-01-27	0	1.77	20	6
2004-01-28	0	2.58	17	8
2004-01-29	0	3.2	24	6
2004-01-30	1.3	8.3	14	10
2004-01-31	0	4.43	21	5.5
2004-02-01	0	5.04	25.5	5
2004-02-02	0	5.47	24.5	4
2004-02-03	0	3.46	21	8.5
2004-02-04	0	5.31	20.5	6.5
2004-02-05	0	6.24	21.5	8
2004-02-06	0	3.23	25	9
2004-02-07	0	4.44	20.5	5
2004-02-08	0	3.24	22.5	4
2004-02-09	0	4.76	26	5.5
2004-02-10	0	5.37	26	5.5
2004-02-11	0	2.69	27.5	7
2004-02-12	0	3.03	21.5	8.5
2004-02-13	0.4	2.35	24.5	6.5
2004-02-14	0	4.02	24.5	7.5
2004-02-15	0	4.01	23	4.5
2004-02-16	0	4.05	17	3.5
2004-02-17	0	2.65	17.5	-1
2004-02-18	0	5.61	17.5	-4
2004-02-19	0	7.08	28	-1
2004-02-20	0	9.22	29	3
2004-02-21	0	6.15	22.5	7
2004-02-22	0	7.33	27.5	6.5
2004-02-23	0	6.17	28	11
2004-02-24	0	8.96	27	10
2004-02-25	0	6.22	24.5	6
2004-02-26	0	3.9	13.5	7.5
2004-02-27	0	6.07	25	3
2004-02-28	0	6.63	27	2.5
2004-02-29	0	6.38	28	7
2004-03-01	0	4.97	27	10
2004-03-02	0	5.78	28	7
2004-03-03	0	4.92	26.5	9
2004-03-04	0	6.72	29.5	10
2004-03-05	0	7.37	27.5	9.5
2004-03-06	0.5	4.34	23	9.5
2004-03-07	0.6	5.24	23	12.5
2004-03-08	4.4	1.23	16.5	10
2004-03-09	10	4.19	19	5.5
2004-03-10	0	5.11	20.5	8
2004-03-11	0.3	2.44	21	9
2004-03-12	2.3	4.6	20.5	10
2004-03-13	0	3.65	22.5	9.5
2004-03-14	1.6	3.04	21	7.5
2004-03-15	0	3.52	24	9.5
2004-03-16	0	2.56	20.5	10
2004-03-17	0	2.79	24.5	13
2004-03-18	0	4.35	27	10.5
2004-03-19	0	4.08	22	9
2004-03-20	0	5.75	21	9.5
2004-03-21	0.6	1.75	18	8.5
2004-03-22	0.8	3.74	17	5
2004-03-23	0	4.71	24.5	8
2004-03-24	0	5.44	26	5.3
2004-03-25	0	4.62	24.5	7
2004-03-26	0	3.79	22	9
2004-03-27	0	4	24	10.5
2004-03-28	0	5.5	24.5	9.5
2004-03-29	0.5	8.9	18.5	11.5
2004-03-30	0.8	2.05	16	10
2004-03-31	3.3	2.47	18	9.5
2004-04-01	4.5	4.82	23	9
2004-04-02	2.2	5.68	23.5	9
2004-04-03	0.8	3.51	21.5	9.5
2004-04-04	2.8	5.94	22	7.5
2004-04-05	0	2.69	21.5	9
2004-04-06	0	4.07	24	13
2004-04-07	2.6	3.99	24	12.5
2004-04-08	1.2	3.17	23.5	11
2004-04-09	0	6.56	26	12
2004-04-10	0	7.19	28	11.5
2004-04-11	0	9.68	28	12
2004-04-12	0	7.91	28	11.5
2004-04-13	0	2.62	16	8
2004-04-14	0	5.58	26	4
2004-04-15	0	3.72	27.5	5.5
2004-04-16	0	9.58	27.5	6.5
2004-04-17	0	6.63	23	7
2004-04-18	0	6.71	20	9
2004-04-19	0	6.15	19	8
2004-04-20	0	5.97	28.5	5.5
2004-04-21	0	6.3	30.5	6
2004-04-22	4.4	6.38	29	10.5
2004-04-23	12.2	4.56	24	12
2004-04-24	9.4	4.86	28	13
2004-04-25	11.8	4.75	23	11
2004-04-26	3.6	3.41	23	12
2004-04-27	0.5	1.55	16	12
2004-04-28	6.6	6.31	21.5	9
2004-04-29	3	5.63	25	11.2
2004-04-30	5.6	4.81	25.5	12
2004-05-01	14.7	4.16	26	13
2004-05-02	0.6	3.73	14.5	11
2004-05-03	0	2.94	16	7
2004-05-04	2.5	4.94	21	8
2004-05-05	3.4	2.63	21.5	11
2004-05-06	2.5	3.4	22	12.5
2004-05-07	0	4.7	24	9
2004-05-08	0	4.53	25.5	9.5
2004-05-09	14.2	5.76	26	10.5
2004-05-10	0	4.63	26	12
2004-05-11	2.4	5.94	26.5	12.5
2004-05-12	0	5.7	27	14
2004-05-13	0.8	5.05	27	13.5
2004-05-14	0	4.65	22	12.5
2004-05-15	0	3.68	18	10
2004-05-16	0	4.21	19.5	11
2004-05-17	0.3	4.26	23	12
2004-05-18	5	5.16	22	13
2004-05-19	0	6.03	21	13.5
2004-05-20	1.6	5.57	21.5	11
2004-05-21	0	5	22.5	10.5
2004-05-22	0	7.37	16	12
2004-05-23	0	5.64	27	12
2004-05-24	0	7.35	24.5	12
2004-05-25	0	5.59	25	8
2004-05-26	0	5.75	26	7
2004-05-27	0	6.91	29	8
2004-05-28	2.2	4.61	29	12
2004-05-29	0	6.87	29.5	10
2004-05-30	0	1.14	24.5	14
2004-05-31	0	9.91	27	13
2004-06-01	28.5	4.96	23	13
2004-06-02	8	4.64	21.5	15
2004-06-03	24.2	2.55	17.5	14.5
2004-06-04	0	5.98	18	13
2004-06-05	0.3	1.42	18.5	12
2004-06-06	5	3.87	22	12.5
2004-06-07	16	2.58	22.5	15
2004-06-08	39.5	5.73	22	15
2004-06-09	7.4	2.42	23	14.5
2004-06-10	0.4	3.29	22	13
2004-06-11	0	4.95	22	12.5
2004-06-12	0	6.25	22.5	14
2004-06-13	0	4.65	24.5	13
2004-06-14	0	5.62	24	14
2004-06-15	0	4.75	26	10
2004-06-16	0	4.44	24	13
2004-06-17	0	5.45	22	10.5
2004-06-18	0	4.91	21	11
2004-06-19	0	5.15	22	9.5
2004-06-20	0	6.34	21	10
2004-06-21	14.8	5.3	24.5	10.5
2004-06-22	0.9	3.11	24	13
2004-06-23	0	4.73	25	13.5
2004-06-24	0	6.25	23	13
2004-06-25	0	5.92	22	14
2004-06-26	0	4.91	23	13
2004-06-27	0.6	5.63	21.5	12
2004-06-28	0.4	5.46	21	11
2004-06-29	0.9	5.58	21.5	12
2004-06-30	0	4.97	22	13
2004-07-01	1.8	7.04	22.5	12.5
2004-07-02	0	5.16	22	11
2004-07-03	0	4.74	24	10
2004-07-04	1.6	5.65	19	12
2004-07-05	0	5.19	23	9
2004-07-06	0	3.49	24	12
2004-07-07	0	5.83	24	13.5
2004-07-08	0	5.88	23	11
2004-07-09	4.3	2.16	23.5	11
2004-07-10	9.2	4.2	23	12
2004-07-11	9.9	1.42	18	13
2004-07-12	0.6	5.3	20	13.5
2004-07-13	0	6.96	20	9
2004-07-14	2.5	5.15	22	10
2004-07-15	0	5.34	21.5	8.5
2004-07-16	0	5.07	23	11
2004-07-17	0	6.36	23	12
2004-07-18	0	5.16	23.5	10
2004-07-19	0.3	3.29	24	12
2004-07-20	0	4.62	24.5	10.5
2004-07-21	2.8	8.18	25.5	10
2004-07-22	4.2	2.61	26	11
2004-07-23	4	4.57	22	12.5
2004-07-24	1.6	4.95	22	14
2004-07-25	8.2	4.95	21	11.5
2004-07-26	7.8	3.96	22	11.5
2004-07-27	0	5.72	21	12
2004-07-28	0.5	4.09	23	12
2004-07-29	0.4	3.11	26	9
2004-07-30	1.8	4.08	24	10.5
2004-07-31	2.8	5.98	24	14.5
2004-08-01	8.2	5.12	22.5	11
2004-08-02	2.2	4.89	22.5	13.5
2004-08-03	10.4	3.47	22.5	14.5
2004-08-04	1.2	5.38	23.5	14.5
2004-08-05	0	5.73	24	14
2004-08-06	0	5.98	24	12
2004-08-07	0	5.35	24	9
2004-08-08	0	6.07	23.5	10.5
2004-08-09	0	6.04	23	11
2004-08-10	1.6	4.18	23	12.5
2004-08-11	5.8	7.36	24.5	11.5
2004-08-12	11.6	3.47	21.5	12.5
2004-08-13	10.2	3.35	20.5	14
2004-08-14	0.8	3.86	20.5	10.5
2004-08-15	4.2	4.9	21	11
2004-08-16	11	4.34	20	12.5
2004-08-17	1	4.54	20	12.5
2004-08-18	0	5.2	22.5	11
2004-08-19	0	4.87	23.5	11.5
2004-08-20	0	4.76	23	12.5
2004-08-21	0	5.04	23	13
2004-08-22	0	4.96	24.5	13
2004-08-23	0	6.69	24.5	11.5
2004-08-24	0	4.37	23	11.5
2004-08-25	8.2	5.5	22.5	13
2004-08-26	1	5.16	22	9.5
2004-08-27	0	4.38	23	10
2004-08-28	0	6.1	23.5	11
2004-08-29	10.2	6.38	22.5	12.5
2004-08-30	4.5	3.88	21.5	13
2004-08-31	13	3.43	21	14
2004-09-01	2	4.54	20.5	12.5
2004-09-02	0	4.43	20.5	13
2004-09-03	0	3.14	19	14
2004-09-04	0	3.54	23.5	15
2004-09-05	0	5.18	24	11
2004-09-06	1.3	3.4	23.5	10.5
2004-09-07	2.3	6.59	23	12
2004-09-08	9.2	2.01	19	14
2004-09-09	0	2.1	18	13
2004-09-10	0	1.83	19	12
2004-09-11	37.3	7.16	21.5	13
2004-09-12	0.3	3.04	19	13
2004-09-13	0	3.13	22.5	14
2004-09-14	0	5.96	24	12.5
2004-09-15	0	5.57	26	9.5
2004-09-16	2.6	4.51	26.5	9
2004-09-17	0	3.01	20.5	10
2004-09-18	3.6	4.9	22.5	14
2004-09-19	0.5	4.35	22	13.5
2004-09-20	0	3.73	22.5	12
2004-09-21	0	3.88	22	11
2004-09-22	0	3.49	22	10
2004-09-23	0	3.54	20	7.5
2004-09-24	0	4.2	21	11
2004-09-25	1	4.11	22.5	13
2004-09-26	1.6	3.1	27.5	13.5
2004-09-27	0.8	2.29	21	12.5
2004-09-28	15.3	5.88	21	14.5
2004-09-29	0.4	2.71	20.5	14.5
2004-09-30	0	5.5	21	14
2004-10-01	0.6	4.61	21	13.5
2004-10-02	0.8	4.24	20	13
2004-10-03	7.6	2.59	20.5	12
2004-10-04	3.2	1.08	19.5	12.5
2004-10-05	2	1.68	19.5	13.5
2004-10-06	1.6	1.36	19	14
2004-10-07	8.6	4.17	23	12.5
2004-10-08	0	2.15	20	14
2004-10-09	0	3.32	21.5	13
2004-10-10	0	0.78	22	11.5
2004-10-11	0	2.85	20	14
2004-10-12	0	3.8	19	14
2004-10-13	1.3	0.4	20.5	11.5
2004-10-14	1.3	3.65	25	14
2004-10-15	0	3.12	24.5	14
2004-10-16	0	4.14	25	10
2004-10-17	0	4.23	27	11
2004-10-18	0	3.52	27.5	9.5
2004-10-19	0	4.45	27.5	10
2004-10-20	0	2.65	28	9
2004-10-21	0	4.3	25.5	8.5
2004-10-22	0	3.35	26.5	10
2004-10-23	0	3.97	27	9
2004-10-24	0	2.67	23	8
2004-10-25	0	3.47	22	11
2004-10-26	0	3.76	23	12.5
2004-10-27	0	3.09	22.5	11.5
2004-10-28	0	4	22	9.5
2004-10-29	0	3.78	22	12
2004-10-30	0	3.18	23.5	11.5
2004-10-31	9.3	4.21	26.5	9.5
2004-11-01	2.8	3.19	25	12.5
2004-11-02	0	2.9	22.5	11
2004-11-03	0	3.35	19.5	10
2004-11-04	0	0.72	15	8.5
2004-11-05	0	2.05	16	9
2004-11-06	0	3.23	20	4.5
2004-11-07	0	1.11	18.5	1
2004-11-08	0	1.41	19	0
2004-11-09	0	NULO	18	4
2004-11-10	0	NULO	26	1
2004-11-11	0	NULO	23	1
2004-11-12	0	NULO	19	5
2004-11-13	0	NULO	20	8
2004-11-14	1	NULO	18	9.5
2004-11-15	0	NULO	12.5	11.5
2004-11-16	0	NULO	19.5	11.5
2004-11-17	0	NULO	24	7
2004-11-18	0	NULO	23	4
2004-11-19	0	NULO	25.5	4
2004-11-20	0	NULO	26	7
2004-11-21	0	NULO	25.5	5
2004-11-22	0	NULO	25.5	5.5
2004-11-23	0	NULO	28.5	7
2004-11-24	0	NULO	22	11
2004-11-25	0	NULO	16	9.5
2004-11-26	0	NULO	27	7
2004-11-27	0	NULO	27.5	8.5
2004-11-28	0	NULO	28.5	9
2004-11-29	0	NULO	28	8
2004-11-30	0.5	NULO	25	9
2004-12-01	0	NULO	16	10
2004-12-02	0	NULO	24	8
2004-12-03	0	NULO	16	10
2004-12-04	0	NULO	20.5	8
2004-12-05	0	NULO	26.5	8
2004-12-06	0	NULO	26	7.5
2004-12-07	0	NULO	23	7
2004-12-08	0	NULO	27	7.5
2004-12-09	0	NULO	27	8
2004-12-10	0.5	NULO	21.5	6
2004-12-11	0	NULO	17.5	5.5
2004-12-12	0	NULO	24.5	1
2004-12-13	0.5	NULO	23	1
2004-12-14	1.2	NULO	19	5.5
2004-12-15	1	NULO	19.5	5
2004-12-16	2.2	NULO	17	5
2004-12-17	0.5	NULO	16.5	4
2004-12-18	0	NULO	24	5
2004-12-19	0	NULO	22	7
2004-12-20	0	NULO	20	9
2004-12-21	0	NULO	25	10
2004-12-22	0	NULO	25.5	6
2004-12-23	0	NULO	26	8
2004-12-24	0	NULO	25	7
2004-12-25	0	NULO	24.5	4
2004-12-26	0	NULO	20	0
2004-12-27	0	NULO	18.5	0
2004-12-28	0	NULO	17	1.5
2004-12-29	0	NULO	18	-2
2004-12-30	0	NULO	24	-3
2004-12-31	0	NULO	24	0
2005-01-01	0	3.36	25	2
2005-01-02	0	1.65	23	3
2005-01-03	0	4.38	23	6.5
2005-01-04	0	2.79	21.5	6.5
2005-01-05	0	3.97	27	3
2005-01-06	0	3.43	21	4
2005-01-07	0	3.87	26.5	3
2005-01-08	2.1	2.42	18.5	6.5
2005-01-09	1	2.16	15	6.5
2005-01-10	0	2.8	19.5	3
2005-01-11	0	3.21	24	2
2005-01-12	0	3.52	26	5
2005-01-13	0	4.2	21.5	9.5
2005-01-14	0	1.32	18.5	5
2005-01-15	0	2.73	20	2
2005-01-16	0.5	0.17	15	3
2005-01-17	1.1	0.81	19.5	2
2005-01-18	0.5	1.39	18	4
2005-01-19	1	2.38	14.5	5
2005-01-20	0.4	1.71	15	3.5
2005-01-21	0	2.12	19	4
2005-01-22	2.5	2.47	22.5	7
2005-01-23	0.3	2.5	22	8
2005-01-24	0	1.12	15.5	7
2005-01-25	0	3.68	24.5	4.5
2005-01-26	0	3.97	25	4
2005-01-27	0	3.82	25.5	5
2005-01-28	0	3.91	25	6
2005-01-29	0	3.74	26	4
2005-01-30	0	4.27	27	4.5
2005-01-31	0	3.14	25.5	6
2005-02-01	0	3.09	20.5	10.5
2005-02-02	0	4.47	21	8.5
2005-02-03	0	1.3	12.5	4
2005-02-04	0.5	0.81	18	5
2005-02-05	0	1.93	19	5.5
2005-02-06	0	3.09	23.5	6
2005-02-07	0.4	3.71	25	5.5
2005-02-08	0	4.74	28.5	6.5
2005-02-09	0	5.07	28	7
2005-02-10	1	3.3	17.5	9
2005-02-11	0	1.97	16.5	10
2005-02-12	0	4.11	25.5	5.5
2005-02-13	0	4.63	25.5	8
2005-02-14	0	4.57	21	8.5
2005-02-15	0	5.15	27	6
2005-02-16	0	5.88	26	5
2005-02-17	0.8	2.84	20	2
2005-02-18	0	3.08	18	5
2005-02-19	0	4.79	22.5	9
2005-02-20	0	5.14	27	5
2005-02-21	0	4.95	25	7
2005-02-22	0	4.64	25.5	7
2005-02-23	0.4	3.02	25.5	6
2005-02-24	0.2	2.64	24	8
2005-02-25	0	1.9	16	8.5
2005-02-26	0	3.2	20.5	7
2005-02-27	0	5.75	26.5	9.5
2005-02-28	0	3.97	24	8
2005-03-01	0	2.61	20.5	4
2005-03-02	0	4.58	25.5	7
2005-03-03	0	3.18	24.5	7
2005-03-04	0	4.49	19	10
2005-03-05	0	3.83	26	6
2005-03-06	0	2.78	27	10
2005-03-07	0	5.39	25.5	11
2005-03-08	0	5.03	21	10
2005-03-09	0	3.54	18	9.5
2005-03-10	0	4.71	17	5.5
2005-03-11	0	3.24	24.5	6
2005-03-12	0	6.63	27.5	4.5
2005-03-13	0	7.78	28	8
2005-03-14	12.7	7.86	25	12
2005-03-15	0	4.91	20.5	12.5
2005-03-16	1.1	4.16	23.5	10
2005-03-17	0	4.35	24	6
2005-03-18	0	5.8	27.5	6
2005-03-19	0	6.52	28.5	8
2005-03-20	0	7.19	29	8
2005-03-21	0	8.63	30	7
2005-03-22	0	6.14	27	10
2005-03-23	0	6.94	30	10.5
2005-03-24	0	7.61	30.5	8
2005-03-25	0	5.44	30	7.5
2005-03-26	0	6.68	29.5	9
2005-03-27	0	4.07	19.5	12
2005-03-28	0	9.58	30	8
2005-03-29	0	7.15	29.5	8
2005-03-30	0	7.75	29.5	9
2005-03-31	0	8.1	30	8
2005-04-01	0	4.34	30	6
2005-04-02	0	5.05	27.5	6.5
2005-04-03	0	5.02	27	5
2005-04-04	0	7.12	30.5	8
2005-04-05	0	7.89	31.5	10
2005-04-06	0	6.64	28	10.5
2005-04-07	0	6.15	22	12
2005-04-08	0	5.42	25.5	8
2005-04-09	0.5	5.76	30	12
2005-04-10	0	7.12	30.5	12.5
2005-04-11	0	6.85	29.5	13
2005-04-12	0	6.13	28	13.5
2005-04-13	0	3.52	25.5	12
2005-04-14	0	4.37	21	10.5
2005-04-15	0.6	4.99	19.5	10
2005-04-16	0.2	3.28	19	10.5
2005-04-17	0	2.97	18.5	10
2005-04-18	0	4.81	23.5	10
2005-04-19	0	7.19	30	12.5
2005-04-20	0	9.24	31	14
2005-04-21	0	8.07	30.5	12
2005-04-22	0	6.24	30	13
2005-04-23	0	5.37	29.5	12
2005-04-24	0	4.88	26	12.5
2005-04-25	0	8.66	30.5	14
2005-04-26	0	6.94	31	13.5
2005-04-27	0	6.95	31	12
2005-04-28	0	6.94	31.5	12
2005-04-29	0	8.46	32.5	12.5
2005-04-30	0	7.49	33	15
2005-05-01	0.8	4.83	22.5	13
2005-05-02	0	6.94	30	12
2005-05-03	0	5.3	22.5	11.5
2005-05-04	1.8	5.67	24	12
2005-05-05	0	4.52	21	13
2005-05-06	0	5.37	23	12.5
2005-05-07	0	6.18	28	14
2005-05-08	0	5.55	28.5	14.5
2005-05-09	0	7.8	28.5	10
2005-05-10	0	5.21	26.5	10
2005-05-11	0	5.13	26	11
2005-05-12	1.2	5.91	24.5	13
2005-05-13	0	4.06	26	12
2005-05-14	1.6	3.18	26	13
2005-05-15	0	3.13	23	12.5
2005-05-16	8.8	5.1	22	11
2005-05-17	0	5.77	25.5	12
2005-05-18	0	6.92	28	9
2005-05-19	0	6.44	26	8
2005-05-20	0	3.83	24	8.5
2005-05-21	0	5	24	10
2005-05-22	0	5.96	25	6
2005-05-23	0	5.75	27	6.5
2005-05-24	0	6.78	29.5	9.5
2005-05-25	0	4.49	30	12
2005-05-26	0	7.61	30.5	12
2005-05-27	0	5.22	24	12.5
2005-05-28	0	5.7	22.5	11.5
2005-05-29	22.5	8.24	29.5	12
2005-05-30	0	5.52	28	14
2005-05-31	0	5	27.5	11
2005-06-01	0	6.3	29	11.5
2005-06-02	0	5.5	29.5	9
2005-06-03	0	5.5	31	9.5
2005-06-04	0	6.04	31.5	10
2005-06-05	0	8.34	29.5	10.5
2005-06-06	0	7.64	26.5	11.5
2005-06-07	0	6.45	30	9.5
2005-06-08	0	5.81	29.5	11.5
2005-06-09	0	5.8	29	11.5
2005-06-10	0	6.54	28	11.5
2005-06-11	0	6.53	32	12
2005-06-12	0.4	4.41	31	12.5
2005-06-13	0	6.01	28	11.5
2005-06-14	2.5	5.6	25.5	12
2005-06-15	2.5	0.41	26	14
2005-06-16	0	4.68	24	12
2005-06-17	0	6.12	26.5	11
2005-06-18	0	5.43	26	8
2005-06-19	0.3	4.96	24.5	10
2005-06-20	4.6	4.82	24	13
2005-06-21	14.4	5.75	20	10
2005-06-22	15	3.19	22	11
2005-06-23	1.2	0.9	22.5	12
2005-06-24	2.5	3.35	23	13
2005-06-25	5	4.82	20.5	14
2005-06-26	0	3.47	20.5	12
2005-06-27	13.6	4.08	20.5	12
2005-06-28	1	2.09	24	13
2005-06-29	0.3	1.62	25	11
2005-06-30	0	2.17	24.5	11.5
2005-07-01	0	2.42	24.5	10.5
2005-07-02	1.6	5.95	24.5	11
2005-07-03	0	6.47	24.5	13
2005-07-04	2.2	2.8	24.5	11.5
2005-07-05	11.2	4.85	25	12
2005-07-06	4	3.42	23	13
2005-07-07	0	4.38	23.5	12
2005-07-08	0	5.4	25	12.5
2005-07-09	0	4.96	24.5	9.5
2005-07-10	0	5.24	25	9
2005-07-11	0	6.4	25.5	10.5
2005-07-12	3	3.99	23.5	11
2005-07-13	0	3.61	22.5	12
2005-07-14	0	4.98	22.5	12.5
2005-07-15	1.8	5.96	24	13
2005-07-16	10.3	5.54	23	14.5
2005-07-17	8	1.63	24.5	14
2005-07-18	0	3.64	25	12
2005-07-19	0	3.69	24.5	11.5
2005-07-20	0	3.61	27	12
2005-07-21	7.5	2.68	27.5	13
2005-07-22	9.8	2.71	19.5	13
2005-07-23	16.8	4.53	21	12
2005-07-24	0.8	1.24	19	13
2005-07-25	0	2.81	18.5	13
2005-07-26	6.8	5.63	25	13
2005-07-27	8.2	5.05	22.5	12
2005-07-28	4	4.16	21.5	11.5
2005-07-29	0	4.66	20.5	9
2005-07-30	0	4.72	21	10
2005-07-31	0	4.66	22	12.5
2005-08-01	0.4	5.72	22.5	8
2005-08-02	0	3	22.5	11
2005-08-03	0.4	3.04	23	12.5
2005-08-04	0	3.12	23.5	13
2005-08-05	0.3	7.26	23	13.5
2005-08-06	0.4	2.47	20.5	13
2005-08-07	3	3.49	21.5	11
2005-08-08	0	5.49	22.5	12
2005-08-09	0	4.94	24	11
2005-08-10	0	5.39	23.5	11.5
2005-08-11	0.4	3.44	23.5	13.5
2005-08-12	0.4	4	23	11.5
2005-08-13	1.5	4.96	23.5	13
2005-08-14	2.2	5.05	24	13
2005-08-15	12.2	4.2	21	14.5
2005-08-16	11.8	3.86	20.5	12.5
2005-08-17	6.6	2.18	20.6	13.5
2005-08-18	10.8	4.39	22	13.5
2005-08-19	13.8	4.72	19	12
2005-08-20	17.8	6.43	18	13.5
2005-08-21	8.5	4.22	21	13
2005-08-22	26	3.04	19	12
2005-08-23	10.4	2.75	21	13
2005-08-24	7.3	4.83	22	11.5
2005-08-25	0.4	5.08	23	11
2005-08-26	0.3	4.02	25	12
2005-08-27	0	4.61	26	10.5
2005-08-28	0	3.75	25	10
2005-08-29	0	3.96	25	11.5
2005-08-30	2.3	3.53	25.5	12.5
2005-08-31	17.2	8.97	26	15
2005-09-01	10.9	2.41	21	12.5
2005-09-02	15.6	3.18	21	13
2005-09-03	13.4	3.73	21	13.5
2005-09-04	11.3	5.8	21.5	12.5
2005-09-05	13.2	1.92	22	11.5
2005-09-06	0.6	0.87	21	12.5
2005-09-07	3.2	4.21	21	10.5
2005-09-08	0.8	2.53	21.5	12
2005-09-09	2.8	4.83	23	12.5
2005-09-10	0.3	4.72	25	12
2005-09-11	0	4.82	27	13
2005-09-12	0.6	3.33	26	10
2005-09-13	0	5.19	23	11
2005-09-14	0.4	6.18	24	13
2005-09-15	1.4	2.88	24	14
2005-09-16	0	4.06	23	10.5
2005-09-17	0.3	3.13	23	11.5
2005-09-18	0	4.1	24	9
2005-09-19	0.8	3.49	23	9.5
2005-09-20	2.8	2.12	23.5	10
2005-09-21	1.5	4.96	24	11
2005-09-22	0	4.22	24.5	8
2005-09-23	0	3.62	25	9
2005-09-24	0	5.24	25.5	9
2005-09-25	0	4.79	25	10
2005-09-26	5.6	2.94	22	9.5
2005-09-27	15.5	7.18	22	14
2005-09-28	0	4.41	23.5	11.5
2005-09-29	0	3.63	23.5	12.5
2005-09-30	0	3.84	23	11
2005-10-01	5.6	3.54	24.5	11
2005-10-02	6.2	3.01	23.5	12
2005-10-03	30.4	7.58	23	12.5
2005-10-04	86.5	2.91	19	12
2005-10-05	71.8	1.14	20	14
2005-10-06	10.4	0.83	21	12.5
2005-10-07	5.5	3.55	21	12
2005-10-08	0.8	3.34	20	13
2005-10-09	10.3	5.65	26.5	15.5
2005-10-10	0.8	4.48	25	12.5
2005-10-11	1.4	3.78	24	12
2005-10-12	5.5	4.69	24	11
2005-10-13	0.6	3.96	22	11.5
2005-10-14	4	3.12	22	11
2005-10-15	2.4	3	21	9.5
2005-10-16	0.5	2.4	21	11
2005-10-17	0.3	3.65	22	12
2005-10-18	0	3.3	21	8
2005-10-19	0	5.85	24.5	9
2005-10-20	0	6	27	4.5
2005-10-21	0	5.2	26	3
2005-10-22	0	4.7	23.5	3.5
2005-10-23	0	6.65	28	4.5
2005-10-24	0	4.1	17.5	6
2005-10-25	1.5	4.47	19	9
2005-10-26	0	2.31	25	8
2005-10-27	0	2.58	24	9
2005-10-28	0	2.74	24	8
2005-10-29	1.4	1.1	20.5	4
2005-10-30	0	4.69	22	8.5
2005-10-31	0	2.78	19.5	10.5
2005-11-01	0	5.1	19	6
2005-11-02	0	3.11	22	3
2005-11-03	0	3.41	23	-1
2005-11-04	0	3.2	28	-1
2005-11-05	0	3.81	28	3
2005-11-06	0	3.3	24	6
2005-11-07	0.8	4.9	20	8
2005-11-08	3.6	6.8	20	10
2005-11-09	2.6	2.69	23	11
2005-11-10	3	2.34	22	12
2005-11-11	0	4.41	21	11.5
2005-11-12	0	9.1	26	7
2005-11-13	0	3.84	24.5	5
2005-11-14	0	3.6	21	7.5
2005-11-15	0	4.51	27.5	6
2005-11-16	2.8	6.7	15	8
2005-11-17	0.6	2	12.5	7
2005-11-18	0.8	2	15	8
2005-11-19	0.4	16.9	18	8.5
2005-11-20	0	8.9	16	6
2005-11-21	0	2.48	18	4.5
2005-11-22	0	9.1	19	3
2005-11-23	0	3.95	22.5	0
2005-11-24	0	3.7	25.5	2
2005-11-25	0	2.03	24	3
2005-11-26	0	1.64	23.5	7
2005-11-27	0	3.63	26.5	9
2005-11-28	0	3.59	27	9.5
2005-11-29	0	1.71	15	6.3
2005-11-30	0	2.63	25	5.5
2005-12-01	0	1.56	20	5
2005-12-02	0	3.1	21	6
2005-12-03	0	3.52	23	4
2005-12-04	0	3.25	28	4
2005-12-05	0	3.8	28	5
2005-12-06	0	3.35	24	6
2005-12-07	0	1.59	20	7
2005-12-08	0	2.59	20	4
2005-12-09	0	2.7	23	5
2005-12-10	0	2.35	22	5
2005-12-11	0	4.41	21	3
2005-12-12	0	2.9	26	2
2005-12-13	0	3.85	24.5	2
2005-12-14	0	1.35	21	2.5
2005-12-15	0	4.52	27	2
2005-12-16	0	1.68	15	3
2005-12-17	0	1.25	12.5	4
2005-12-18	0	2	15	2
2005-12-19	0	1.7	18	1
2005-12-20	0	1.89	16	1
2005-12-21	0	2.59	18	4.5
2005-12-22	0	1.92	19	3
2005-12-23	0	3.96	22.5	0
2005-12-24	0	3.2	25.5	2
2005-12-25	0	2.05	24	3
2005-12-26	0	1.65	23.5	4
2005-12-27	0	3.63	26.5	3
2005-12-28	0	3.54	16	1
2005-12-29	0	2.45	15	0
2005-12-30	0	2.65	15	0
2005-12-31	0	2.59	16	1
2006-01-01	0	3.32	28	6
2006-01-02	0	2.05	25.5	4.5
2006-01-03	0	3.55	24	2.5
2006-01-04	0	2.48	27	0
2006-01-05	0	3.22	20	0
2006-01-06	0.01	2.27	16	2.5
2006-01-07	0	2.58	18	-1.5
2006-01-08	0	2.87	25.5	-3
2006-01-09	0	3.34	26	-2
2006-01-10	0	4	15	-1
2006-01-11	0	4.26	23.5	3
2006-01-12	0	3.71	25	2
2006-01-13	3	5.4	23	3.5
2006-01-14	0	2.33	17	6
2006-01-15	0	3.91	25.5	2.5
2006-01-16	0	4.25	27.5	6.5
2006-01-17	0	3.35	26	8
2006-01-18	0	1.59	19.5	8.5
2006-01-19	0	3.76	26	4
2006-01-20	0	3.81	26.5	2
2006-01-21	0	2.86	21	2
2006-01-22	0	1.43	27	3
2006-01-23	2.4	0.94	20	7
2006-01-24	4	0.62	20	6
2006-01-25	4.4	0.92	19	5
2006-01-26	1.2	2.09	15	5.5
2006-01-27	0.01	2.52	21	6
2006-01-28	0	2.09	24.5	6
2006-01-29	0	2.44	24.5	7.5
2006-01-30	0	3.76	26	7
2006-01-31	0	4.23	24	8.5
2006-02-01	0	3.32	24.5	8.5
2006-02-02	0	3.33	29	6
2006-02-03	0	3.32	28.5	3.5
2006-02-04	0.01	3.32	28	4
2006-02-05	0	3.51	27.5	8
2006-02-06	0	4.24	28	3.5
2006-02-07	0	2.14	23.5	3.5
2006-02-08	0	2.74	23	2
2006-02-09	0	2.81	23	1
2006-02-10	0.01	5.58	27.5	5
2006-02-11	2.1	2.09	19	3
2006-02-12	0.01	0.89	17	2
2006-02-13	0	2.96	19	0
2006-02-14	0	3.5	27	1.5
2006-02-15	0	5.15	27.5	5
2006-02-16	0	4.37	28.5	7
2006-02-17	0.01	5.14	28	5
2006-02-18	2.6	6.47	21	6
2006-02-19	0.01	3.85	17	9
2006-02-20	0	3.53	30	12
2006-02-21	0	6.2	29	8
2006-02-22	0	5.81	29	8
2006-02-23	0.4	4.79	27	6
2006-02-24	0	3.34	27.5	5
2006-02-25	0.3	5.98	28	5.5
2006-02-26	0.3	2.92	18	9.5
2006-02-27	0.01	1.57	18.5	5
2006-02-28	0	4.19	27.5	1
2006-03-01	0	5.01	27	3.5
2006-03-02	0	4.86	26.5	0
2006-03-03	4	7.12	25	0
2006-03-04	0	4.58	22	0
2006-03-05	0.3	4.44	23.5	1
2006-03-06	0.01	4.33	24	4
2006-03-07	0	5.77	25	0
2006-03-08	0	6.21	21	1.5
2006-03-09	0	6.14	31.5	3.5
2006-03-10	0	4.7	28	8
2006-03-11	0	7.52	30	8.5
2006-03-12	0	6.13	31.5	8.5
2006-03-13	0	4.48	31	7
2006-03-14	1.5	2.48	20	9.5
2006-03-15	0.01	4.42	21.5	10
2006-03-16	0	5.15	27	8
2006-03-17	0	6	26	11
2006-03-18	0	5.49	28	9.5
2006-03-19	0	7.47	29.5	11.5
2006-03-20	0	5.93	30	13
2006-03-21	1.6	1.6	23	12.5
2006-03-22	0.3	4.87	26	12
2006-03-23	0.2	3.44	22	9
2006-03-24	3	1.64	13.5	5
2006-03-25	1.2	1.75	19	4
2006-03-26	0.5	3.76	26.5	4
2006-03-27	13.8	4.56	25	6
2006-03-28	0	4	24.5	9.5
2006-03-29	1	5.84	25	9
2006-03-30	0	4.56	28.5	10.5
2006-03-31	0	6.62	29	11.5
2006-04-01	0	6.77	27	9
2006-04-02	0	6.75	28	5.5
2006-04-03	0.01	6.07	28	4.5
2006-04-04	0	5.37	25	4
2006-04-05	0	7.8	27.5	8
2006-04-06	0	6.84	33	7
2006-04-07	0	6.27	31	11
2006-04-08	0	5.54	29	9
2006-04-09	0	5.17	26	8
2006-04-10	0	5.08	26	7.5
2006-04-11	0	4.71	26	5
2006-04-12	0	6.45	23	6
2006-04-13	0	4.94	21.5	6
2006-04-14	0	4.86	28	2.5
2006-04-15	0	6.13	29	3
2006-04-16	0	7.63	31	2
2006-04-17	0	6.11	30	6
2006-04-18	0	5.39	31	9.5
2006-04-19	0	5.28	30.5	10
2006-04-20	0.4	2.56	32	12
2006-04-21	0	5.59	28.5	12.5
2006-04-22	0	4.06	24.5	15.5
2006-04-23	10.2	6.29	27	13
2006-04-24	0	6.11	28.5	12
2006-04-25	0	6.23	31.5	8
2006-04-26	0.01	8.05	27.5	7
2006-04-27	0	6.17	25.5	11
2006-04-28	0	7.04	30	11
2006-04-29	3.4	2	29.5	13
2006-04-30	10.6	6.76	28.5	12
2006-05-01	0	2.68	24	12
2006-05-02	0	5.44	25	12.5
2006-05-03	0	4.23	27	8.5
2006-05-04	0	5.23	28.5	8.5
2006-05-05	0	6.13	29.5	11
2006-05-06	2.4	5.24	30	12
2006-05-07	0	7.4	31	12.5
2006-05-08	0	5.63	31	13
2006-05-09	0	4.79	31.5	15
2006-05-10	0	6.87	32	12
2006-05-11	2.8	4.05	24	14.5
2006-05-12	4.2	5.3	24	13
2006-05-13	0	5.17	28	11.5
2006-05-14	7.4	7.44	30	8
2006-05-15	0	4.69	24.5	9.5
2006-05-16	2.9	1.7	20	11
2006-05-17	0	5.75	19.5	7
2006-05-18	0.6	2.91	22.5	8.5
2006-05-19	12.8	2.95	23.5	10
2006-05-20	0.01	5.67	26	10.5
2006-05-21	0	4.12	25	6
2006-05-22	0.01	5.95	23.5	6
2006-05-23	0	4.43	23.5	9
2006-05-24	0.01	6.26	24	10.5
2006-05-25	0.01	5.12	25	8
2006-05-26	0	4.2	26	7
2006-05-27	0	5.31	27	10.5
2006-05-28	0	5.16	26.5	13
2006-05-29	5.7	0.46	27	10
2006-05-30	0	3.86	26.5	11
2006-05-31	0.3	3.35	23.5	11
2006-06-01	0.01	2.44	23.5	11
2006-06-02	0	4.16	21.5	8
2006-06-03	5.2	3.51	23	12
2006-06-04	4.3	2.85	20.5	13.5
2006-06-05	1.4	1.31	21	13
2006-06-06	3	4.85	22	13
2006-06-07	0	4.33	22	12.5
2006-06-08	0.01	4.31	21.5	9
2006-06-09	0	4.44	22	8.5
2006-06-10	0.01	3.96	22.5	8
2006-06-11	0	6.47	25	7.5
2006-06-12	0.01	4.6	25	6
2006-06-13	0	5.19	23.5	7.5
2006-06-14	0.01	5.21	23	7
2006-06-15	0	4.79	24	7
2006-06-16	0	5.15	27	11
2006-06-17	1.8	5.23	27.5	10
2006-06-18	1.8	6.16	24.5	13
2006-06-19	0	5.87	25.5	11.5
2006-06-20	0	5.28	25	9.5
2006-06-21	0	4.17	24.5	11
2006-06-22	2.6	6.23	25.5	12
2006-06-23	23.5	7.42	22.5	11
2006-06-24	1.8	3.59	22	13
2006-06-25	2.8	4.32	22	9.5
2006-06-26	6.8	4.53	22	10
2006-06-27	0.3	3.72	22	10
2006-06-28	2.6	2.72	21.5	10.5
2006-06-29	5.6	2.86	20	11
2006-06-30	0.8	1.14	18.5	12
2006-07-01	0	1.88	21	13
2006-07-02	0	2.91	22.5	10
2006-07-03	0	3.91	24.5	10.5
2006-07-04	0.4	2.97	26	11
2006-07-05	0.01	5.17	26.5	11.5
2006-07-06	3.5	4.47	25	11
2006-07-07	4.2	7.59	25	13.5
2006-07-08	3	1.38	22	11
2006-07-09	0	1.61	21	12
2006-07-10	0	0.58	20	11
2006-07-11	11.8	3.76	23	12
2006-07-12	1.3	4.6	22	11
2006-07-13	0	7.77	23.5	10
2006-07-14	0	2.44	22.5	10.5
2006-07-15	1.5	1.13	22	11
2006-07-16	4	2.61	23	10
2006-07-17	6.2	4.82	23.5	10.5
2006-07-18	0.2	4.6	24.5	10
2006-07-19	0.5	4.43	24	11
2006-07-20	12.6	1.6	21.5	10
2006-07-21	8	0.27	19.5	11
2006-07-22	2	2.35	19	13
2006-07-23	6.5	3.27	20.5	13
2006-07-24	8	3.54	22	10.5
2006-07-25	10.5	3.13	24	11.5
2006-07-26	1.5	3.79	26	12
2006-07-27	0.4	3.2	25.5	12
2006-07-28	2.2	3.86	23	10.5
2006-07-29	1.6	3.86	23.5	11
2006-07-30	0	4.29	24	11
2006-07-31	0	3.86	26	10.5
2006-08-01	0.3	2.31	25.5	10.5
2006-08-02	7.2	4.75	25.5	13
2006-08-03	0.6	3.92	24	13
2006-08-04	19.8	6.14	24.5	13.5
2006-08-05	1	0.9	22	14
2006-08-06	4.6	1.19	23	10.5
2006-08-07	14.8	2.96	23.5	11
2006-08-08	4.2	3.88	22.5	11.5
2006-08-09	3.4	3.16	22	11
2006-08-10	0.4	2.47	24	10.5
2006-08-11	0.3	2.97	26	11
2006-08-12	0	2.67	24.5	11
2006-08-13	0.2	4.56	21	12
2006-08-14	0.5	4.6	25	11
2006-08-15	1.2	3.47	25.5	11
2006-08-16	0.2	5.03	26	9.5
2006-08-17	0	4.37	26	8
2006-08-18	0	5.08	27	8.5
2006-08-19	0.01	1.67	25.5	9.5
2006-08-20	0.01	5.19	25.5	12
2006-08-21	0.01	3.88	24.5	8.5
2006-08-22	1.4	5.78	25	9
2006-08-23	2.2	3.87	26	9.5
2006-08-24	6.4	2.42	25.5	10
2006-08-25	15	4.21	25	10
2006-08-26	0	3.12	24.5	13
2006-08-27	0.01	3.9	24	13
2006-08-28	1.4	5.43	24.5	10
2006-08-29	1.2	4.16	22	9
2006-08-30	0	3.33	24	11.5
2006-08-31	3.3	4.08	25.5	13
2006-09-01	0	2.58	25	13
2006-09-02	2.6	4.9	25.5	9
2006-09-03	1.8	4.24	24	9.5
2006-09-04	7	5.33	24	10
2006-09-05	0.6	2.83	24.5	12
2006-09-06	0.5	3.63	25	11.5
2006-09-07	0.5	2.96	27.5	12
2006-09-08	0.01	4.13	24	13.5
2006-09-09	0.8	4.99	28	12
2006-09-10	4	3.66	26	12
2006-09-11	10	5.48	24	13.5
2006-09-12	10.2	7.28	23.5	14
2006-09-13	0	4.24	26.3	12
2006-09-14	0	2.73	26	10
2006-09-15	0	2.21	25	11
2006-09-16	0	3.49	28	13
2006-09-17	0	4.14	28	11
2006-09-18	0	3.59	30	13
2006-09-19	13.2	3.51	23	12.5
2006-09-20	0.01	1.18	21.5	14
2006-09-21	5.4	3.82	26.5	12.5
2006-09-22	0	3.35	28	13
2006-09-23	0.01	3.52	27.5	10
2006-09-24	16.6	8.65	26	11
2006-09-25	3	1.51	22	12
2006-09-26	0.01	2.15	21	11
2006-09-27	0	2.71	23	10.5
2006-09-28	0.5	3.43	22.5	9
2006-09-29	0	3.55	22	12
2006-09-30	0.4	3.26	25.5	12
2006-10-01	1.3	3.01	22	11
2006-10-02	0	3.4	21.5	10
2006-10-03	0.3	1.18	21	11
2006-10-04	1.3	2.2	22.5	8
2006-10-05	9.4	0.7	19	10
2006-10-06	1.3	2.13	24	11
2006-10-07	0	2.7	23.5	11.5
2006-10-08	0	1.68	23	11
2006-10-09	0	1.78	23	9
2006-10-10	0	4.75	25	10
2006-10-11	0	2.5	25	11.5
2006-10-12	0	2.16	24	12.5
2006-10-13	1.3	1.08	24.5	14
2006-10-14	13.8	3.99	24.5	13
2006-10-15	0	3.49	28	14
2006-10-16	0.01	2.67	27.5	15
2006-10-17	1	4.18	27	14
2006-10-18	0	1.27	28	13.5
2006-10-19	9	3.8	26	12
2006-10-20	0.7	1.09	21	13
2006-10-21	0	1.81	27	12
2006-10-22	6.4	4.11	25	12
2006-10-23	0.4	1.47	20	13
2006-10-24	0	3.03	23.5	8.5
2006-10-25	0	1.25	25	9
2006-10-26	0	2.62	28	13.5
2006-10-27	0.01	2.86	28.5	13
2006-10-28	0	1.54	20	9
2006-10-29	0	2.92	22	5
2006-10-30	0	4.57	27	2
2006-10-31	0	3.02	29	3
2006-11-01	0	3.05	28.5	2
2006-11-02	0.8	2.59	23	4
2006-11-03	6.6	0.52	20.5	8
2006-11-04	0.6	1.33	24	11
2006-11-05	0.01	2.09	21.5	9
2006-11-06	0	2.46	25	11
2006-11-07	0	1.67	21	11
2006-11-08	0	2.44	26	7
2006-11-09	0	1.95	25.5	9
2006-11-10	0.6	2.25	26.5	12
2006-11-11	3	0.68	21	13
2006-11-12	0	2.6	20.5	11
2006-11-13	0	1.64	22.5	9.5
2006-11-14	0	2.52	26.5	12
2006-11-15	0	1.91	25.5	11
2006-11-16	0	1.86	24.5	7
2006-11-17	0	1.89	25.5	7
2006-11-18	0.3	1.03	22.5	3
2006-11-19	6.4	1.16	25	5
2006-11-20	7.5	1.22	12	6
2006-11-21	1.5	0.69	9.5	5
2006-11-22	0.01	2.1	16.5	2
2006-11-23	0	1.88	18	1
2006-11-24	0.01	1.49	18	3
2006-11-25	0	1.61	19	1
2006-11-26	0	2.46	23.5	4
2006-11-27	0	1.61	24	8
2006-11-28	0	2.77	25.5	4
2006-11-29	0	1.34	27	3.5
2006-11-30	1	3.4	27	6
2006-12-01	0	NULO	19	5
2006-12-02	0.6	NULO	26	5.5
2006-12-03	4	NULO	20	4.5
2006-12-04	0.3	NULO	19	2
2006-12-05	0	NULO	15	6
2006-12-06	0	NULO	23.5	7
2006-12-07	5.4	NULO	15	3
2006-12-08	1.2	NULO	18	4
2006-12-09	0.01	NULO	15.5	5
2006-12-10	0	NULO	22	6
2006-12-11	0	NULO	22	7
2006-12-12	0	NULO	23.5	6
2006-12-13	0	NULO	19.5	7
2006-12-14	0	NULO	23	4.5
2006-12-15	0	NULO	22	8
2006-12-16	0	NULO	23	4
2006-12-17	0	NULO	26.5	4
2006-12-18	0.01	NULO	26	6
2006-12-19	0	NULO	21	4
2006-12-20	0	NULO	26	8.5
2006-12-21	0	NULO	24	9
2006-12-22	0	NULO	22.5	6.5
2006-12-23	0	NULO	23.5	7
2006-12-24	0	NULO	25	9
2006-12-25	0	NULO	19.5	5
2006-12-26	0	NULO	21	1
2006-12-27	0	NULO	23.5	-3
2006-12-28	0	NULO	26	0
2006-12-29	0	NULO	20.5	4
2006-12-30	0	NULO	22	4.5
2006-12-31	1.2	NULO	18	5.5
2007-01-01	2.2	3.96	15	6
2007-01-02	0	4.65	19	6.5
2007-01-03	0	1.98	16	8
2007-01-04	0	1.45	15	4.5
2007-01-05	0	1.11	14	5
2007-01-06	0	3.67	20.5	6
2007-01-07	1.2	2.87	19.5	6.5
2007-01-08	0	1.79	14.5	2
2007-01-09	0.6	2.36	15	6
2007-01-10	0.01	4.52	20	4
2007-01-11	0	3.34	26	4
2007-01-12	0	4.19	28	4.5
2007-01-13	0	1.52	26.5	4
2007-01-14	0	3.34	27	4.5
2007-01-15	0.4	3.31	20.5	5
2007-01-16	0	3.14	22	7.5
2007-01-17	0	2.71	25	6
2007-01-18	0	4.26	22	6.5
2007-01-19	0	3.19	24	5
2007-01-20	0	2.31	25	5
2007-01-21	1	4.51	25	7.5
2007-01-22	0	3.3	24	8
2007-01-23	0	3.06	25	8.5
2007-01-24	2.6	1.97	20	6
2007-01-25	0	1.72	22	6
2007-01-26	23.3	3.23	26	6.5
2007-01-27	0	2.02	18.5	8
2007-01-28	0	2.53	19	5
2007-01-29	0.01	1.77	16	6
2007-01-30	0	4.7	22	7.5
2007-01-31	0	5.6	23	6
2007-02-01	0	4.32	28	7.5
2007-02-02	1.6	3.02	22	8
2007-02-03	40.3	9.36	18	10
2007-02-04	8.2	7.3	17	7
2007-02-05	6.3	4.3	16	6
2007-02-06	0.4	0.9	17	4
2007-02-07	0	2.88	22	5
2007-02-08	0	3.57	26	5.5
2007-02-09	3	2.81	27.5	5
2007-02-10	1.1	2.42	26.5	6.5
2007-02-11	0	3.27	27	3.5
2007-02-12	0	4.39	28	5
2007-02-13	0	4.32	26.5	7
2007-02-14	0	3.91	27	7
2007-02-15	0	4.3	22.5	6
2007-02-16	0	4.67	24	3
2007-02-17	0	0.55	20.5	4
2007-02-18	0	2.74	26	2
2007-02-19	0	4.54	25	2
2007-02-20	0	4.93	26.5	6
2007-02-21	0	3.53	27	9
2007-02-22	0	3.92	27.5	5.5
2007-02-23	0	4.5	27.5	2
2007-02-24	0	5.31	28	6
2007-02-25	0	5.37	28.5	8
2007-02-26	0	6.46	27.5	9
2007-02-27	0	5.23	28	7.5
2007-02-28	0	5.72	29	6
2007-03-01	0.01	5.3	29	10.5
2007-03-02	0	5.4	30.5	7
2007-03-03	0.5	5.09	24	9
2007-03-04	0.01	0.29	12	7
2007-03-05	0	3.28	20	3
2007-03-06	0	2.56	26	4
2007-03-07	0	5.09	27	6
2007-03-08	0	5.33	28	6.5
2007-03-09	0	4.21	28	3
2007-03-10	0	3.39	29	7
2007-03-11	7.2	4.58	26	8
2007-03-12	3.4	1.52	25	6
2007-03-13	12.1	1.57	26	7
2007-03-14	0	4.88	27	10
2007-03-15	0	5.11	28	7
2007-03-16	0	4.2	28.5	4
2007-03-17	0.01	4.6	27.5	8
2007-03-18	0	2.98	28	9.5
2007-03-19	0	3.18	27.5	5
2007-03-20	0	6.09	28	5
2007-03-21	0.01	4.86	26.5	6
2007-03-22	0	4.94	28	4
2007-03-23	0	5.54	27	7
2007-03-24	1	2.26	24	10.5
2007-03-25	0.01	4.74	25	11.5
2007-03-26	0	4.32	24	7
2007-03-27	0	5.73	26	8
2007-03-28	1.2	3.84	27	7.5
2007-03-29	0.01	4.36	24	10
2007-03-30	0.5	3.71	26.5	6
2007-03-31	1.2	3.66	27	9
2007-04-01	0.8	3.95	28	10.5
2007-04-02	8.2	2.42	26	11
2007-04-03	1.8	2.72	26	9
2007-04-04	11.6	4.49	24	8
2007-04-05	0.01	2.9	20	9
2007-04-06	0	5.29	26	5
2007-04-07	0.7	3.71	25	5.5
2007-04-08	0	3.82	26	6.5
2007-04-09	0	5.02	27	9
2007-04-10	0	8.02	26.5	8.5
2007-04-11	0	5.82	28.5	9
2007-04-12	0	6.86	28	7
2007-04-13	0	8.51	28.5	6
2007-04-14	0	5.38	26	10
2007-04-15	0.01	3.04	22.5	6
2007-04-16	0	5.49	24	4.5
2007-04-17	0	6.02	26	8
2007-04-18	0.4	6.56	25	8
2007-04-19	8.2	5.68	26	9
2007-04-20	8.8	8.94	28	10
2007-04-21	0.01	5.27	27	9
2007-04-22	0	3.23	28	10
2007-04-23	0	5.56	28.5	6
2007-04-24	0.6	3.18	27	7
2007-04-25	0	6.1	28	8
2007-04-26	0	4.74	28	9
2007-04-27	1.6	3.6	26	10
2007-04-28	0.6	1.9	26	9
2007-04-29	0	5.45	28	10
2007-04-30	0	4.23	26	9
2007-05-01	1.2	5.2	27.5	8
2007-05-02	3.4	5.48	27.5	9
2007-05-03	4.2	6.52	28.5	10
2007-05-04	0	5.69	29	9
2007-05-05	2.6	8.9	24.5	10
2007-05-06	0	5.27	28	11
2007-05-07	0.01	4.44	29	7.5
2007-05-08	0	5.76	29.5	10
2007-05-09	0	4.72	25	6.5
2007-05-10	0	8.26	28	10
2007-05-11	1.6	3.56	26	9.5
2007-05-12	0	2.46	25	8.5
2007-05-13	0	5.22	26	5.5
2007-05-14	0	4.79	25	6.5
2007-05-15	0	6.19	26	5
2007-05-16	0	4.99	25	4
2007-05-17	0	4.57	25.5	6
2007-05-18	0	5.36	25.5	7
2007-05-19	0	3.82	24.5	8
2007-05-20	0.8	4.13	25	8.5
2007-05-21	0.01	4.87	26	9
2007-05-22	0	6.03	27	9.5
2007-05-23	3.3	3.6	28	10
2007-05-24	0	1.72	26.5	6.5
2007-05-25	7.6	6.88	27	8
2007-05-26	0	3.27	26	10
2007-05-27	0	4.17	27	8
2007-05-28	0	3.61	26	7.5
2007-05-29	0	3.76	28	6.5
2007-05-30	0.01	4.38	27	7
2007-05-31	0	4.32	27	6
2007-06-01	0	4.97	26	6.5
2007-06-02	0	6.59	28	4
2007-06-03	0	4.29	28	6
2007-06-04	0	5.37	28	6.5
2007-06-05	0	5.94	28.5	7
2007-06-06	0	4.5	27	6.5
2007-06-07	0	3.26	28	7
2007-06-08	14.4	4.01	27	9
2007-06-09	11.8	2.99	28	11
2007-06-10	0.01	5.6	27	8
2007-06-11	0	6.55	28	6
2007-06-12	0	5.5	27	7
2007-06-13	0.01	3.66	26	6.5
2007-06-14	0	4.11	26	4
2007-06-15	0	4.12	26.5	6
2007-06-16	0.4	3.27	27	7
2007-06-17	0	4.26	26	8
2007-06-18	0.3	2.28	26.5	7
2007-06-19	8.6	3.47	24.5	10
2007-06-20	0	7.11	26	11.5
2007-06-21	0.3	3.92	27	11
2007-06-22	0	6.24	26	9
2007-06-23	5	3.8	28	12
2007-06-24	0.5	3.45	27	9
2007-06-25	2.7	6.59	25	11
2007-06-26	1.4	5.38	26	12
2007-06-27	0	4.47	27	8
2007-06-28	0	4.77	25	8
2007-06-29	1.3	5	26	5
2007-06-30	0	2.69	25	8
2007-07-01	0.8	3.71	25.5	10.5
2007-07-02	1.6	3.46	25	11
2007-07-03	0	5.12	26	9.5
2007-07-04	0	3.87	27	10.5
2007-07-05	0.3	4.17	26	9
2007-07-06	0.01	4.11	25	7
2007-07-07	0	5.22	26	9
2007-07-08	0.01	4.84	25	8
2007-07-09	0	3.79	26.5	7.5
2007-07-10	0	5.05	27.5	6
2007-07-11	4.4	7.75	26	9
2007-07-12	0.01	5.07	27	9.5
2007-07-13	0	3.9	28	8.5
2007-07-14	0	4.89	26	7
2007-07-15	4.2	7.57	27	8
2007-07-16	8.4	4.61	25	4
2007-07-17	26.4	5.35	24	8.5
2007-07-18	1.3	1.37	25	10
2007-07-19	0.6	4.94	26	8
2007-07-20	0	3.85	27	7
2007-07-21	0	4.49	26	7.5
2007-07-22	4.4	2.94	25.5	8
2007-07-23	0.01	4.91	26	6.5
2007-07-24	0	4.89	27	6
2007-07-25	0	3.59	26	10
2007-07-26	2.1	2.02	26.5	10.5
2007-07-27	0	3.87	27	10
2007-07-28	0.01	3.24	26	8
2007-07-29	0	4.41	27	9
2007-07-30	0.01	5.07	27.5	10
2007-07-31	5.3	5.17	26	8
2007-08-01	0.01	6.63	28.5	9.5
2007-08-02	0	4.44	27	8.5
2007-08-03	0.3	2.2	28	7
2007-08-04	0	5.78	27	8
2007-08-05	2.3	5.2	28	7
2007-08-06	3	1.96	25	8
2007-08-07	0.4	3.88	24.5	11
2007-08-08	0.2	4.89	25.5	7
2007-08-09	0.8	5.18	26	8.5
2007-08-10	0	5.41	26.5	6.5
2007-08-11	0	3.76	27	6
2007-08-12	0	2.25	25	6
2007-08-13	0	3.84	26	9
2007-08-14	0.6	3.95	27	9.5
2007-08-15	3.5	5.7	25	9
2007-08-16	15.7	4.6	24	12
2007-08-17	20.3	7.89	24.5	11
2007-08-18	0	4.23	25	9.5
2007-08-19	0.4	5.16	26	7
2007-08-20	0.01	4.92	27	8.5
2007-08-21	38.2	10.46	24	8
2007-08-22	86.4	10.46	23.5	10
2007-08-23	48.1	4.61	24	9.5
2007-08-24	13.4	1.47	26	10
2007-08-25	0.01	4.39	25	7.5
2007-08-26	7.5	3.42	26	8
2007-08-27	6.3	4.77	27	10
2007-08-28	5.2	1.31	25	10.5
2007-08-29	26.2	5.2	26	10.5
2007-08-30	19	5.76	24	9
2007-08-31	0.4	4.38	22	10
2007-09-01	3.6	5.11	24	11
2007-09-02	0	1.84	27	11.5
2007-09-03	0	3.31	25	10.5
2007-09-04	7	4.51	26	10
2007-09-05	8	5.2	26.5	9
2007-09-06	11.4	7.16	24	10.5
2007-09-07	12.8	1.77	28	10.5
2007-09-08	4.4	3.03	26	11
2007-09-09	6.6	3.7	25	9
2007-09-10	5.2	0.99	24	11
2007-09-11	24.4	4.69	24	11.5
2007-09-12	18.5	4.69	26	10.5
2007-09-13	1.5	4.35	26.5	11
2007-09-14	0.4	3.18	25	9
2007-09-15	1	1	26	10
2007-09-16	0	2.16	26.5	6.5
2007-09-17	0	3.33	27	6
2007-09-18	0	2.57	26	10
2007-09-19	0.7	1.85	27	9
2007-09-20	0.3	4.19	26	8
2007-09-21	0.01	2.66	27	9.5
2007-09-22	0.01	3.16	26	6.5
2007-09-23	0.01	2.91	27	3.5
2007-09-24	0	3.27	27.5	4
2007-09-25	0.01	3.09	26	4.5
2007-09-26	0.5	1.52	27.5	4.5
2007-09-27	111	1.51	26	5
2007-09-28	1.8	2.43	24	9.5
2007-09-29	0.8	2.52	25	8
2007-09-30	3.5	1.24	24	9
2007-10-01	0.2	1.24	25	7
2007-10-02	0.01	2.3	26	8
2007-10-03	0	0.41	27	5
2007-10-04	0	4.46	27.5	8
2007-10-05	0	1.56	26	6
2007-10-06	0	2.85	27	6
2007-10-07	9.2	3.46	24.5	8.5
2007-10-08	1	2.73	26	9
2007-10-09	34	2.44	24	8
2007-10-10	31.5	1.61	25	8.5
2007-10-11	0	0.83	26	9.5
2007-10-12	0.01	1.76	27	5
2007-10-13	0.01	3.39	27.5	4
2007-10-14	0	4.35	27	5
2007-10-15	0	2.65	27.5	2
2007-10-16	0	1.87	28	3
2007-10-17	0	2.98	28.5	7
2007-10-18	0	3.19	28.5	8
2007-10-19	11	3.13	29	8.5
2007-10-20	1.8	0.93	27	9
2007-10-21	0.01	1.15	28	9
2007-10-22	25.6	5.65	24	8.5
2007-10-23	0.2	1.22	24	4
2007-10-24	0	3.49	27	2
2007-10-25	0	2.05	28	-0.3
2007-10-26	0.01	0.31	26	-0.2
2007-10-27	5.2	4.9	24	-0.2
2007-10-28	4.5	0.36	22	-0.3
2007-10-29	1.3	0.56	24	-0.3
2007-10-30	0.01	0.31	28	-0.3
2007-10-31	0	3.11	28.5	-0.2
2007-11-01	0.01	3.11	28	-0.2
2007-11-02	0.01	3.34	27	-0.1
2007-11-03	2.5	2.07	26	3
2007-11-04	0.01	4.53	27	4
2007-11-05	0.4	1.31	26.5	2
2007-11-06	5.2	2.46	27	-0.2
2007-11-07	0	2.57	25	4
2007-11-08	0.01	2.46	26	-0.4
2007-11-09	0.01	1.24	26.5	-0.4
2007-11-10	0.01	2.3	27	-0.4
2007-11-11	0.3	3.34	26	4
2007-11-12	0	1.58	27	6
2007-11-13	0.01	2.21	26.5	5
2007-11-14	0	2.18	27	4
2007-11-15	4.4	2.07	24	5
2007-11-16	0.01	1.68	26	4
2007-11-17	0	0.14	25	5
2007-11-18	3.2	2.48	24.5	6
2007-11-19	0.6	2.49	24	5
2007-11-20	0	1.19	26	4
2007-11-21	0.3	2.04	26.5	3
2007-11-22	36.2	2.4	24	2
2007-11-23	5.3	6.7	25	-0.4
2007-11-24	0	2.85	26.5	4
2007-11-25	0.01	1.71	26	5
2007-11-26	0.4	1.83	24	3
2007-11-27	0.5	2.49	24	-0.2
2007-11-28	0.01	1.34	25	-0.3
2007-11-29	1.1	2.66	24	4
2007-11-30	0.01	0.78	26	5.5
2007-12-01	0	3.62	27	8
2007-12-02	0.01	2.12	26.5	9
2007-12-03	1.2	1.37	24	7
2007-12-04	0	1.76	25	6
2007-12-05	14.5	2.01	24.5	7
2007-12-06	0	3.28	26	3
2007-12-07	0	0.65	27	6
2007-12-08	0.5	3.35	26	8
2007-12-09	0	2.55	26.5	6
2007-12-10	0	2.04	27	7
2007-12-11	0	1.66	26	8.5
2007-12-12	0.01	2.2	27	5.5
2007-12-13	0.01	1.93	26	4.5
2007-12-14	0	1.94	27	5
2007-12-15	0.4	1.68	24	6
2007-12-16	0.01	2.84	25	3
2007-12-17	0	2.11	26	4
2007-12-18	0	1.93	27	6
2007-12-19	0	2.55	27.5	7
2007-12-20	0	2.43	28	8
2007-12-21	0	3.09	27.5	7.5
2007-12-22	0	2.5	28	6
2007-12-23	0	2.95	25	5
2007-12-24	0.01	2.52	26	6
2007-12-25	0	2.37	27	6.5
2007-12-26	0	2.42	27.5	6
2007-12-27	0	1.9	26.5	7
2007-12-28	0	2.7	28	8
2007-12-29	0	1.74	28.5	9
2007-12-30	0	2.21	27	10
2007-12-31	0	2.25	26.5	9
2008-01-01	13.5	4.09	21	6
2008-01-02	6	2.26	18	2
2008-01-03	1.6	2.22	16	-0.4
2008-01-04	0.8	1.78	19	-0.6
2008-01-05	0	2.7	25	-0.4
2008-01-06	0	1.91	26	4
2008-01-07	0	2.42	27	6
2008-01-08	0	2.37	27.5	7
2008-01-09	0	2.52	26	6
2008-01-10	0	2.95	26.5	4
2008-01-11	0	2.5	27	4
2008-01-12	0	3.09	26	6
2008-01-13	0	2.43	25	5
2008-01-14	0	2.56	26	3
2008-01-15	0	1.95	25	4
2008-01-16	0	2.12	24	8
2008-01-17	0	2.85	25	6
2008-01-18	0	1.68	26	5
2008-01-19	0	1.94	22	6
2008-01-20	2.2	1.9	20	2
2008-01-21	0	2.2	25	-0.3
2008-01-22	0	1.67	26.5	0
2008-01-23	0	2.04	27	4
2008-01-24	0.5	2.55	26	6
2008-01-25	0	3.33	27	5
2008-01-26	0	1.67	26.5	4
2008-01-27	0	3.28	27	5
2008-01-28	0	2.01	26.5	6
2008-01-29	0	1.76	27	6.5
2008-01-30	0	1.37	28	5.5
2008-01-31	0.7	2.12	27	6
2008-02-01	0	2.33	27	6
2008-02-02	0	2.12	26	5
2008-02-03	0	1.38	27	6.5
2008-02-04	0	1.76	27.5	7
2008-02-05	0	2.01	26	6.5
2008-02-06	0	3.28	25	5
2008-02-07	0	1.99	27	6
2008-02-08	1.3	3.35	26	5
2008-02-09	0.01	2.6	23	5.5
2008-02-10	0.5	2.06	24	6
2008-02-11	0.3	1.7	26	7
2008-02-12	0	2.25	27	10
2008-02-13	0	1.9	26.5	6
2008-02-14	0	2.94	27	5
2008-02-15	0	1.68	27.5	6
2008-02-16	0	2.85	27	8
2008-02-17	0	2.12	27	7
2008-02-18	0	1.95	27.5	5
2008-02-19	0	2.56	28	6
2008-02-20	0	2.43	27	7
2008-02-21	0	3.1	27.5	6.5
2008-02-22	0	2.52	26	7
2008-02-23	6	2.95	27.5	6
2008-02-24	0	2.52	28	7
2008-02-25	0	2.37	28.5	8
2008-02-26	0.6	2.43	25	9
2008-02-27	0	1.91	24	5
2008-02-28	0	2.7	26	6
2008-02-29	0	1.78	26.5	7
2008-03-01	0	3.99	27	6
2008-03-02	4.3	1.78	25	7
2008-03-03	0	2.7	26.5	8
2008-03-04	0	1.91	27	7
2008-03-05	0	2.43	27.5	8
2008-03-06	0	2.37	26.5	9
2008-03-07	0.01	2.55	22	6
2008-03-08	0	2.91	24	2
2008-03-09	0	2.52	25	4
2008-03-10	0	3.1	26	6
2008-03-11	0	2.43	26.5	7
2008-03-12	0	2.57	27	6
2008-03-13	0	1.96	27.5	8
2008-03-14	0	2.13	27.5	6
2008-03-15	0	2.88	28	9
2008-03-16	0	2.86	28.5	10
2008-03-17	0	2.94	27	8
2008-03-18	0	1.9	26	10
2008-03-19	0	2.22	25	9
2008-03-20	0	1.7	26	10
2008-03-21	0	2.06	27	6
2008-03-22	0	2.6	27.5	4
2008-03-23	1.6	3.35	26	6
2008-03-24	0.6	1.91	25	7
2008-03-25	0	3.26	26	8
2008-03-26	0	2.02	28	7
2008-03-27	0	1.76	28.5	8
2008-03-28	0	1.38	27.5	7
2008-03-29	0	2.12	28.5	6.5
2008-03-30	0	2.33	28	9
2008-03-31	0	4.17	28.5	9.5
2008-04-01	0	5.4	28.5	8
2008-04-02	0	4.17	28.5	9
2008-04-03	0	3.33	29	9.5
2008-04-04	0	2.12	28	10
2008-04-05	0	1.39	28.5	11
2008-04-06	0	1.74	27.5	12
2008-04-07	0	2.03	28	10
2008-04-08	0	3.22	28.5	11
2008-04-09	0	2.95	28	12
2008-04-10	0	3.36	26.5	11
2008-04-11	0	2.6	28.5	9.5
2008-04-12	39.6	2.07	27	10
2008-04-13	0.3	1.7	22	9
2008-04-14	0	2.22	25	5
2008-04-15	0.01	1.9	26	9
2008-04-16	0	2.94	27	5
2008-04-17	0.8	2.86	28	5
2008-04-18	0.01	2.88	28.5	8
2008-04-19	0	2.13	27.5	9.5
2008-04-20	0	1.96	28	11
2008-04-21	0	2.58	27.5	8
2008-04-22	0	2.43	28	7
2008-04-23	0	3.1	26	8
2008-04-24	0	2.52	28	8.5
2008-04-25	0	2.92	28.5	9
2008-04-26	0	2.55	26	8
2008-04-27	9.4	2.37	24.5	8
2008-04-28	11.5	2.43	26	9
2008-04-29	0	1.92	27	8
2008-04-30	0	2.7	28	9
2008-05-01	0	6.39	27	9.5
2008-05-02	0	2.7	28	9
2008-05-03	0	1.92	28.5	8.5
2008-05-04	0	2.43	28	9
2008-05-05	0	2.37	27	8
2008-05-06	0	2.55	28	8.5
2008-05-07	0	2.92	28.5	9
2008-05-08	0	2.54	27	9.5
2008-05-09	0	3.1	28	10
2008-05-10	0	2.43	28.5	9.5
2008-05-11	0	2.58	28.5	10.5
2008-05-12	0	1.96	27.5	11
2008-05-13	0	2.13	28	11.5
2008-05-14	0	2.88	28.5	12
2008-05-15	1.8	2.86	27	9.5
2008-05-16	6.2	2.94	28	9
2008-05-17	1.6	1.9	26.5	10
2008-05-18	0.4	2.23	27	11
2008-05-19	3.2	1.7	26	11
2008-05-20	0.3	2.08	27	11.5
2008-05-21	15.2	2.6	26	10.5
2008-05-22	0	3.36	27	11
2008-05-23	0	2.95	27.5	9.5
2008-05-24	0	3.22	28	10
2008-05-25	0	2.03	27	9.5
2008-05-26	2.2	1.78	27.5	8
2008-05-27	0	1.39	26.5	10.5
2008-05-28	0.8	2.12	27	8
2008-05-29	1.3	3.39	28	7
2008-05-30	0	4.17	27	8
2008-05-31	0	5.42	27.5	7
2008-06-01	0	9.99	27	8
2008-06-02	3.2	5.42	28	9
2008-06-03	0	4.18	26	8
2008-06-04	0	3.38	27	9
2008-06-05	0	2.12	26.5	10
2008-06-06	4	1.39	26	10.5
2008-06-07	13	1.78	27	12.5
2008-06-08	6.2	2.03	27.5	12
2008-06-09	14.4	3.22	26.5	12.2
2008-06-10	15.5	2.95	27	11.5
2008-06-11	9.5	3.33	25	12
2008-06-12	15.6	2.6	26	12
2008-06-13	2.8	2.08	27	9.5
2008-06-14	0	1.7	28	8
2008-06-15	0	2.23	27.5	10
2008-06-16	1.2	1.9	26	10.5
2008-06-17	0.6	2.94	27	9.5
2008-06-18	0	2.86	28	9.5
2008-06-19	0	2.89	28.5	7
2008-06-20	0	2.13	27	6
2008-06-21	13.6	2.96	26.5	7.5
2008-06-22	0.01	2.58	27	8
2008-06-23	0.7	2.43	28	8.5
2008-06-24	9.2	3.1	27	9
2008-06-25	0.01	2.55	27.5	7.5
2008-06-26	0.4	2.93	28	10
2008-06-27	0.01	3.55	28.5	8.5
2008-06-28	3	4.37	27	9
2008-06-29	1.6	5.45	26	11
2008-06-30	3	6.39	26.5	10.5
2008-07-01	1.4	5.03	26.5	10
2008-07-02	0	6.39	27	11.5
2008-07-03	8	5.45	28	12
2008-07-04	0.01	4.37	26	10.5
2008-07-05	0.4	4.55	26.5	11
2008-07-06	112.1	4.93	26	12
2008-07-07	24	3.55	25	11.5
2008-07-08	44	3.1	24	12
2008-07-09	14.4	4.43	25	11
2008-07-10	3.5	3.58	26	10.5
2008-07-11	0.6	2.96	25	11
2008-07-12	0.01	5.13	27	10
2008-07-13	1.2	6.89	26.5	12.5
2008-07-14	0.01	5.86	26	10.5
2008-07-15	0.3	4.94	27	9.5
2008-07-16	0.3	3.91	26.5	8
2008-07-17	0.01	4.23	27.5	8.5
2008-07-18	0	4.7	27	7.5
2008-07-19	2.2	3.6	26.5	10
2008-07-20	1.8	3.38	27	11
2008-07-21	0	2.95	26.5	7
2008-07-22	0	4.22	27	7.5
2008-07-23	0	4.01	27.5	10.5
2008-07-24	0.8	3.78	28	9
2008-07-25	3.2	3.39	27	8
2008-07-26	4.5	4.12	28	8.5
2008-07-27	2.2	3.38	28.5	8
2008-07-28	4	4.26	27.5	9
2008-07-29	10	5.42	25	11
2008-07-30	0.8	6.26	27.5	7.5
2008-07-31	0	6.99	28	9
2008-08-01	0.01	5.42	28	13
2008-08-02	6.6	6.91	27	9.5
2008-08-03	0.6	4.98	28	8.5
2008-08-04	0.3	3.81	27	9
2008-08-05	0.4	5.18	28	10
2008-08-06	1.3	5.68	26.5	9.5
2008-08-07	5	1.54	27	10
2008-08-08	0	5.06	27.5	9.5
2008-08-09	0	3.62	28	7.5
2008-08-10	0.3	4.99	27	8
2008-08-11	0.4	4.13	24.5	9
2008-08-12	0	5.28	28	9.5
2008-08-13	0.01	4.89	28.5	13
2008-08-14	1.1	5.35	27	9
2008-08-15	0	4.98	28	9.5
2008-08-16	0.8	4.69	27	10
2008-08-17	0	2.51	28	10.5
2008-08-18	0	2.18	28.5	11
2008-08-19	0	4.23	27	12
2008-08-20	0	3.09	28	14
2008-08-21	1.4	3.42	27	13.5
2008-08-22	0	1.46	27.5	11
2008-08-23	0	4.12	27	12.5
2008-08-24	0	4.86	28	10
2008-08-25	0	4.6	28.5	10.5
2008-08-26	0	4.34	27	12
2008-08-27	0	3.06	27.5	12
2008-08-28	0.8	4.42	27	11
2008-08-29	2.3	4.6	27.5	11.5
2008-08-30	0.6	0.3	28	11
2008-08-31	0.3	2.56	27.5	10
2008-09-01	0	3.14	28	12.5
2008-09-02	0.8	5.99	27	10.5
2008-09-03	0.4	3.28	27.5	9.5
2008-09-04	0	4.4	28	10
2008-09-05	0.8	6.41	26	11
2008-09-06	0.8	1.97	28	9.5
2008-09-07	44.3	3.79	26	10
2008-09-08	14.5	7.99	27	11.5
2008-09-09	4.4	2.61	26.5	12
2008-09-10	0	2.62	27.5	12.5
2008-09-11	0	5.36	28	12
2008-09-12	0.01	4.64	28.5	12.5
2008-09-13	0	4.58	27	11
2008-09-14	8.8	2.61	26.5	12.5
2008-09-15	5.2	2.58	27	11.5
2008-09-16	0.01	2.59	26.5	12
2008-09-17	0.4	1.49	26	10.5
2008-09-18	0.8	2.36	27	8.5
2008-09-19	0.01	3.6	26	9
2008-09-20	2.3	2.4	26	8
2008-09-21	1.4	0.32	25.5	12
2008-09-22	16	3.75	26	12
2008-09-23	16	3.83	25	12.5
2008-09-24	7.6	4.07	25.5	11
2008-09-25	12.4	2.15	26	11
2008-09-26	2	3.64	27	9.5
2008-09-27	0.01	0.47	27.5	8.5
2008-09-28	0	1.97	27	9
2008-09-29	0	4.1	26.5	5
2008-09-30	0	4.92	27.5	7
2008-10-01	0	0.4	27	8
2008-10-02	0	5.01	27.5	9
2008-10-03	0	4.64	27	5
2008-10-04	0.01	3.11	26.5	7
2008-10-05	0	5.22	27	9
2008-10-06	0	3.84	26.5	9.5
2008-10-07	8.3	2.21	26	10
2008-10-08	2.8	2.5	26.5	12
2008-10-09	0.01	2.93	27	12
2008-10-10	0.01	3.35	27.5	8
2008-10-11	0	3.05	26.5	9
2008-10-12	6.5	6.66	25.5	10.5
2008-10-13	3.3	5.49	25	9
2008-10-14	5.2	2.8	27	5.5
2008-10-15	0.8	4.4	26.5	8
2008-10-16	22.6	4.73	27	9.5
2008-10-17	8.8	2.22	25	11
2008-10-18	8.5	1.58	24	11
2008-10-19	12.2	2.54	28.5	7.5
2008-10-20	14	0.44	24	7
2008-10-21	0	4.39	26	3
2008-10-22	0	4.01	26.5	2
2008-10-23	0	3.88	27	4
2008-10-24	0	3.13	27.5	4
2008-10-25	0	4.25	27	3
2008-10-26	0	3.8	27.5	4.5
2008-10-27	7.3	0.57	24.5	3.5
2008-10-28	5.8	0.81	24	7
2008-10-29	0.01	1.33	24.5	3
2008-10-30	0.8	1.55	25	5
2008-10-31	0.3	2.18	26	5
2008-11-01	0.3	1.07	24	5
2008-11-02	0	3	25	5.5
2008-11-03	0.01	3.64	26.5	4.5
2008-11-04	0	3.2	27	4.5
2008-11-05	0	4.14	27.5	3
2008-11-06	0	4.44	28	5
2008-11-07	0	3.8	27	5.5
2008-11-08	0	3.85	27.5	5.5
2008-11-09	0	3.33	27	6
2008-11-10	0	3.66	28	9
2008-11-11	0	3.54	28.5	6
2008-11-12	0	2.21	28	6.5
2008-11-13	0	4.3	28.5	6
2008-11-14	0	3.04	27	7.5
2008-11-15	0.8	0.18	26	5
2008-11-16	0.01	0.59	22	3
2008-11-17	0	2.3	20	2
2008-11-18	0	3.33	22	2
2008-11-19	0	1.57	20	2
2008-11-20	0.7	1.39	21	2
2008-11-21	2	0.34	20	1
2008-11-22	0.01	1.05	21	5
2008-11-23	0	3.24	20	3
2008-11-24	1	2.03	21	3.5
2008-11-25	0.01	1.3	24	5.5
2008-11-26	0.01	2.59	25	5
2008-11-27	0	3.39	26	1
2008-11-28	0	2.69	27	1
2008-11-29	0	4.9	27.5	4
2008-11-30	0	3.77	26.5	8
2008-12-01	0.01	2.4	26	6
2008-12-02	0	2.31	27	6.5
2008-12-03	0	3.87	27.5	4.5
2008-12-04	0	3.04	28	5
2008-12-05	0	3.1	27	4.5
2008-12-06	0	2.37	28	2
2008-12-07	0	2.93	26.5	4
2008-12-08	0	4.04	27	3
2008-12-09	0	3.84	28	2
2008-12-10	0	4.56	27.5	2
2008-12-11	0	1.64	28	2
2008-12-12	0	2.78	27	4
2008-12-13	0	3.18	28	1
2008-12-14	0	3.34	27	1
2008-12-15	0	2.24	27.5	2
2008-12-16	0.01	3.85	27	2
2008-12-17	0	2.16	28	0
2008-12-18	0.01	3.63	27	1
2008-12-19	0	2.83	27.5	2
2008-12-20	0	3.88	26.5	2
2008-12-21	2.3	0.77	25	0
2008-12-22	0	1.72	27	1
2008-12-23	0	2.62	27.5	4
2008-12-24	0	3.44	27	12
2008-12-25	0	1.84	27.5	4
2008-12-26	0	2.84	28	0
2008-12-27	0	3.93	27.5	4
2008-12-28	0	4.96	26.5	3
2008-12-29	0	3.97	27	4
2008-12-30	0	1.6	27.5	10
2008-12-31	0	3.44	27.5	5
2009-01-01	0	2.28	26	2
2009-01-02	0	3.7	26.5	0
2009-01-03	0	1.49	27	2
2009-01-04	0	3.63	27.5	5
2009-01-05	0	2.53	28	5.5
2009-01-06	0	2.91	26	6
2009-01-07	0	3.44	26.5	6
2009-01-08	28.6	2.86	27	0
2009-01-09	0	2.84	28	4
2009-01-10	0	1.56	26	2
2009-01-11	0.01	0.94	26.5	3
2009-01-12	0	3.06	27	5.5
2009-01-13	0	2.8	25	5.5
2009-01-14	0	0.74	25.5	4
2009-01-15	9.2	2.4	23	10
2009-01-16	12	0.3	22	2
2009-01-17	0.01	2.14	24	4
2009-01-18	0	1.67	21	5
2009-01-19	0	3.52	27	3
2009-01-20	0	2.2	28	2
2009-01-21	0	2.53	28.5	2
2009-01-22	0	2.13	28	0
2009-01-23	0	3.37	28.5	2
2009-01-24	0	2.09	28	2
2009-01-25	0	4.66	27.5	4
2009-01-26	0	4.5	28	3
2009-01-27	0	4.26	28.5	4
2009-01-28	0	4.24	28	6
2009-01-29	0	4.68	27	6.5
2009-01-30	0.4	1.02	25	7
2009-01-31	0	2.28	26	3
2009-02-01	0	4.01	27	4
2009-02-02	0.4	2.27	24	5
2009-02-03	0.5	2.42	20	2
2009-02-04	0.5	0.34	22	3
2009-02-05	0.8	2.66	20	2
2009-02-06	0.01	3.25	22	2
2009-02-07	0	4.38	24	0
2009-02-08	0	3.91	25	2
2009-02-09	0	4.1	27	4
2009-02-10	0	5.56	27.5	5
2009-02-11	0	3.2	27	6
2009-02-12	0	4.58	28	7
2009-02-13	0	4.68	28.5	4
2009-02-14	0	5.69	28.5	5
2009-02-15	1.5	2.87	27	6
2009-02-16	0	3.74	26.5	6.5
2009-02-17	0	5.4	27.5	8
2009-02-18	0	4.83	28	7.5
2009-02-19	0.8	1.73	28	7
2009-02-20	0	3.35	26.5	9
2009-02-21	0.8	2.97	24	7
2009-02-22	0.3	0.74	24.5	7
2009-02-23	0	3.9	27	5
2009-02-24	0	4.73	28	0
2009-02-25	0	3.32	28.5	0
2009-02-26	0	5.47	28.5	0
2009-02-27	0	5.89	29	2
2009-02-28	1.2	5.01	28	3
2009-03-01	0	2.8	20	3
2009-03-02	0	3.68	26	3
2009-03-03	0	4.92	28	-3
2009-03-04	0	4.54	27.5	-2
2009-03-05	0	4.26	28	-4
2009-03-06	0	3.73	28.5	-1
2009-03-07	0	1.49	28	0
2009-03-08	0	1.7	27	3
2009-03-09	0	4.99	27.5	4
2009-03-10	0	5.85	28	4
2009-03-11	0	4.7	26	6
2009-03-12	0	4.36	27	7.5
2009-03-13	0	5.87	28	7
2009-03-14	0.01	4.37	28.5	8
2009-03-15	0	7.34	26.5	7.5
2009-03-16	0.01	4.41	27	8.5
2009-03-17	0.7	3.65	28	9
2009-03-18	0	5.44	28.5	7.5
2009-03-19	0	4.46	27	6.5
2009-03-20	0.8	2.57	26	6
2009-03-21	0	5.13	27	5.5
2009-03-22	0	5.1	27.5	7
2009-03-23	0	5.62	27	0
2009-03-24	0	7.17	28	-1
2009-03-25	2.6	6.51	27	8
2009-03-26	0	5.57	27.5	10
2009-03-27	0	8.74	28	8.5
2009-03-28	0	4.78	27.5	7
2009-03-29	0	4.37	28	6
2009-03-30	0	7.13	28.5	7
2009-03-31	0	8.71	28.5	8
2009-04-01	0	6.59	28.5	7.5
2009-04-02	0	7.95	28.5	10
2009-04-03	0	7.92	29	9
2009-04-04	0	2.58	28.5	11
2009-04-05	2.2	3.83	28.5	10.5
2009-04-06	0	9.14	27	9.5
2009-04-07	0	3.73	27.5	11
2009-04-08	0	6.6	28	7
2009-04-09	0	8.13	28.5	6
2009-04-10	1.2	8.15	28	11
2009-04-11	2.2	7.3	28.5	9
2009-04-12	0	6.73	28.5	9.5
2009-04-13	0	8.36	28.5	8.5
2009-04-14	0	8.73	28.5	9
2009-04-15	9	2.98	27.5	9
2009-04-16	11	8.93	28	9.5
2009-04-17	0	7.26	28.5	8
2009-04-18	0	4.64	27	9
2009-04-19	1	6.97	26	8.5
2009-04-20	0	2.98	27	9
2009-04-21	0	7.02	28	7
2009-04-22	0	6.59	27	2
2009-04-23	0	7.12	27.5	3
2009-04-24	0	6.19	28	6
2009-04-25	0	7.27	28.5	6
2009-04-26	0	7.17	28.5	8
2009-04-27	0	5.54	28	6
2009-04-28	0	7.07	28.5	7
2009-04-29	0	6.75	28	8.5
2009-04-30	0	2.98	27	5
2009-05-01	0	6.24	28.5	3
2009-05-02	0	6.6	28.5	4
2009-05-03	0	6.96	28	8
2009-05-04	0	8.28	28.5	9
2009-05-05	0	7.73	28	6.5
2009-05-06	0	9.37	28.5	7
2009-05-07	0	8.47	28.5	8
2009-05-08	0	8.4	28	5
2009-05-09	0	7.71	28.5	4
2009-05-10	0	5.98	28	5.5
2009-05-11	0	6.95	27.5	8
2009-05-12	0	6.77	27	11
2009-05-13	0	5.68	26.5	10.5
2009-05-14	0	4.49	27	12
2009-05-15	0.3	3.22	26.5	11
2009-05-16	7.6	3.69	26	12
2009-05-17	1.2	2.4	26	11
2009-05-18	0.8	1.48	25.5	9
2009-05-19	0	1.69	24	9.5
2009-05-20	0	3.23	25	8.5
2009-05-21	0.01	3.61	26	8
2009-05-22	0.01	4.02	27	9
2009-05-23	0.01	3.42	27.5	8.5
2009-05-24	0	6.02	27	7.5
2009-05-25	0	7.25	27.5	8
2009-05-26	0	5.39	27	8.5
2009-05-27	0	5.53	27.5	11
2009-05-28	0	4.75	27.5	12.5
2009-05-29	0	4.45	28	11
2009-05-30	5	3.96	27.5	11.5
2009-05-31	0.5	4.1	27	9
2009-06-01	0.4	4.26	26.5	8.5
2009-06-02	0.01	2.55	27	10
2009-06-03	0	5.42	27.5	7
2009-06-04	0	4.46	27	7
2009-06-05	0	6.63	26	6
2009-06-06	0	6.81	27	5.5
2009-06-07	0	4.74	27.5	5
2009-06-08	0	7.2	28	5
2009-06-09	0	5.59	27	5
2009-06-10	0	7.09	28	9
2009-06-11	0	7.14	28.5	10
2009-06-12	0	6.95	28	9.5
2009-06-13	0	6.84	27	8.5
2009-06-14	0	7.3	28	7.5
2009-06-15	0	5.39	28.5	8
2009-06-16	0	6.52	28	9.5
2009-06-17	1.8	6.12	27	10.5
2009-06-18	0.01	2.12	26.5	12
2009-06-19	4.3	3.36	27	12.5
2009-06-20	16.4	8.7	28	13
2009-06-21	0.8	2.49	27.5	10.5
2009-06-22	3.3	4.79	27	11
2009-06-23	0.7	1.86	26.5	11
2009-06-24	3.6	2.4	27	11
2009-06-25	0.01	2.55	28	11.5
2009-06-26	0.7	2.96	27.5	10.5
2009-06-27	0	4.08	28	8
2009-06-28	0.01	4.08	27	9.5
2009-06-29	2.6	2.1	26.5	11.5
2009-06-30	0.8	4.74	27	11
2009-07-01	6	5.19	25	14
2009-07-02	5.2	3.1	26.5	11
2009-07-03	16.5	4.9	27	12
2009-07-04	0.5	1.87	28	11
2009-07-05	0	6.31	27	10
2009-07-06	0	4.81	28	9
2009-07-07	0	5.28	27	11.5
2009-07-08	0	6.6	28	8
2009-07-09	0	3.91	28.5	8.5
2009-07-10	13.2	5.46	26.5	10.5
2009-07-11	10	4.87	27	12.5
2009-07-12	0.6	3.83	27.5	9
2009-07-13	4.5	2.66	26	9
2009-07-14	0	5.63	27	11
2009-07-15	0	4.47	26	9.5
2009-07-16	0	4.95	27	8
2009-07-17	0.01	3.91	27.5	9
2009-07-18	0.01	5.62	27	10
2009-07-19	0	4.56	26	6
2009-07-20	0	6.24	27	7
2009-07-21	0	9.36	28	6.5
2009-07-22	0	2.54	28.5	7.5
2009-07-23	0	6.47	28.5	8
2009-07-24	8.4	5.31	28	8.5
2009-07-25	0	6.86	27.5	9
2009-07-26	1.2	3.99	27	11
2009-07-27	0	4.57	27.5	9
2009-07-28	2.4	3.65	28	9.5
2009-07-29	0	5.62	27	10
2009-07-30	0	7.33	27	7
2009-07-31	0.3	6.95	27.5	8.5
2009-08-01	0	6.33	28	8
2009-08-02	5.5	6	27	7.5
2009-08-03	1.2	5.19	27.5	10
2009-08-04	0.01	5.74	27	8.5
2009-08-05	0	4.61	28	8
2009-08-06	0	4.52	27	8.5
2009-08-07	0	6.82	28	9
2009-08-08	0	4.27	27	7.5
2009-08-09	0	5.43	27.5	9
2009-08-10	0.01	5.17	27	11
2009-08-11	0	4.77	27	5.5
2009-08-12	0	6.42	27.5	7
2009-08-13	0	5.78	27	7.5
2009-08-14	0	5.84	27.5	8
2009-08-15	0	6.25	27	8.5
2009-08-16	0	6.54	28	7.5
2009-08-17	1	6.97	27	8
2009-08-18	0	5.22	26	10.5
2009-08-19	1.2	3.88	27	8
2009-08-20	0	3.82	28	9.5
2009-08-21	0	7.7	27.5	11
2009-08-22	0.01	5.34	26.5	9.5
2009-08-23	0	6	28	10
2009-08-24	2	5.55	26	11
2009-08-25	0	6.23	27	9.5
2009-08-26	0.01	5.83	28	10
2009-08-27	0	4.99	26.5	9.5
2009-08-28	3	0.58	27	11
2009-08-29	10.6	4.02	28.5	11
2009-08-30	8.4	2.39	28.5	7
2009-08-31	1.8	4.97	28.5	12
2009-09-01	0.6	2.3	28	9
2009-09-02	0.01	4.18	28.5	9.5
2009-09-03	0	4.07	28	10
2009-09-04	0.3	2.37	27	11.5
2009-09-05	9	1.54	26.5	12
2009-09-06	5.5	2.86	26	12.5
2009-09-07	8.8	2.16	27	11
2009-09-08	0.01	3.65	27.5	12
2009-09-09	0	2.53	27	12
2009-09-10	1.2	2	26	12
2009-09-11	9.6	3.84	27	11
2009-09-12	0.5	3.12	26	11
2009-09-13	7.5	3.97	27	10.5
2009-09-14	25	5.06	26	12
2009-09-15	1.2	1.68	25	11.5
2009-09-16	0.7	3.75	26	12
2009-09-17	6.3	4.11	27	9
2009-09-18	12	4.38	26	9
2009-09-19	0.01	2.89	27	10
2009-09-20	0.01	2.04	26.5	10.5
2009-09-21	1.2	5.72	27	9.5
2009-09-22	5.8	4.35	26	9
2009-09-23	28.7	3.38	26.5	11
2009-09-24	9.6	3.12	26	11
2009-09-25	25.5	5	26.5	11.5
2009-09-26	20.2	4.4	26	12
2009-09-27	5.5	4.2	26.5	12.5
2009-09-28	0	4.63	27	11
2009-09-29	14	6.13	26.5	11.5
2009-09-30	0.01	2.78	27	11
2009-10-01	0.01	3.94	27.5	9
2009-10-02	0	5.75	27	10
2009-10-03	0	3.57	27.5	8
2009-10-04	0	5.25	28	9
2009-10-05	0	5.69	27.5	11
2009-10-06	0	5.41	28	7
2009-10-07	0	4.16	27	8
2009-10-08	0.3	4.65	28	12
2009-10-09	0.8	4.14	26	13
2009-10-10	0.01	4.4	27	13
2009-10-11	0	4.74	28	11
2009-10-12	0	4.52	28.5	11
2009-10-13	0	4.22	27	12
2009-10-14	0	5.47	28	9.5
2009-10-15	0	4.7	26	9
2009-10-16	14	4.49	26.5	5
2009-10-17	35.6	3.12	24	7.5
2009-10-18	6.5	1.11	25	8
2009-10-19	0	2.93	26	8
2009-10-20	0	2.75	27	8
2009-10-21	0	3.59	27.5	8.5
2009-10-22	0.5	4.1	26	9
2009-10-23	9.5	4.59	27	10
2009-10-24	28	5.53	26	10.5
2009-10-25	17.5	5.63	26.5	11
2009-10-26	9.5	3.35	26	10.5
2009-10-27	10	1.88	27	10
2009-10-28	0	2.38	26.5	10.5
2009-10-29	0	3.39	27	12
2009-10-30	35.3	6.62	25	12
2009-10-31	0	1.76	26	8
2009-11-01	0	3.05	25.5	6
2009-11-02	0	1.56	26	2
2009-11-03	0.5	3.68	26.5	1.5
2009-11-04	2.7	2	27	6
2009-11-05	3.3	1.13	26	8
2009-11-06	2.2	0.8	27	5
2009-11-07	0	1.58	26.5	5.5
2009-11-08	0	3.68	27	8
2009-11-09	0.01	2.61	26.5	6
2009-11-10	0.6	2.83	25	5.5
2009-11-11	0	2.05	24	8
2009-11-12	0	4.15	26	0
2009-11-13	0	3.5	27	5
2009-11-14	0	4.76	27.5	6
2009-11-15	0	5.05	27	5
2009-11-16	0.6	3.71	26	5
2009-11-17	0.01	4	25	5.5
2009-11-18	0	3.59	26	5
2009-11-19	0	3.48	27	6
2009-11-20	0.01	4.31	27.5	7
2009-11-21	0	4.5	27	10
2009-11-22	0	4.79	27	6
2009-11-23	0	3.68	27	6.5
2009-11-24	1.2	3.33	26	5
2009-11-25	0.4	2.21	27	8
2009-11-26	1	0.4	26	6.5
2009-11-27	0	2.57	26.5	6.5
2009-11-28	0	1.15	27	5
2009-11-29	0	3.45	27.5	5.5
2009-11-30	0	1.56	27.5	7
2009-12-01	0	3.23	27	9
2009-12-02	0	4.33	26	9.5
2009-12-03	0	2.13	27	12
2009-12-04	0.5	1.73	28	8
2009-12-05	0	2.24	27	6
2009-12-06	0	2.38	27.5	9
2009-12-07	0	2.06	27	8
2009-12-08	0	3.17	26.5	10
2009-12-09	0	2.78	27	9
2009-12-10	0.01	1.52	27.5	8
2009-12-11	0	4.38	28	8.5
2009-12-12	0	5.57	28.5	7
2009-12-13	0	3.25	28	7.5
2009-12-14	0	5	27	8
2009-12-15	0.4	3.17	26	6
2009-12-16	0.6	3.6	26.5	5
2009-12-17	0.01	3.96	27	5.5
2009-12-18	0	3.39	28	4.5
2009-12-19	0	2.66	27.5	5.5
2009-12-20	0	2.6	26.5	6
2009-12-21	0	2.77	27	5.5
2009-12-22	0	3.95	27.5	0
2009-12-23	0	6.37	28	6
2009-12-24	0	5.35	27	7.5
2009-12-25	0	5.45	27.5	5.5
2009-12-26	0	4.33	27	6
2009-12-27	0.01	3.28	27.5	5
2009-12-28	0.01	4.1	26	6
2009-12-29	0	4.4	27	6
2009-12-30	0	3.77	28	7
2009-12-31	0	4.1	28	5
2010-01-01	0	1.87	27	6
2010-01-02	5.4	1.53	26	3.5
2010-01-03	4.2	0.73	25	4.5
2010-01-04	1	1.07	24	6
2010-01-05	0	0.9	24.5	4
2010-01-06	0	2.93	25	2
2010-01-07	4.5	0.98	24	4
2010-01-08	11.6	2	22	2
2010-01-09	0.01	1.04	20	0
2010-01-10	0.01	1.17	19	0
2010-01-11	0	0.62	20	0
2010-01-12	1.1	1.62	20	2
2010-01-13	1.5	0.87	22	1
2010-01-14	0	6.35	25	4
2010-01-15	2.8	4.46	22	7
2010-01-16	0.01	3.4	24	4
2010-01-17	0	2.83	25	2
2010-01-18	0	3.12	26	3
2010-01-19	0	3.47	27	5
2010-01-20	0	4.95	27.5	5.5
2010-01-21	0	3.74	28	6
2010-01-22	0	4.43	28.5	5
2010-01-23	0	6.07	28	5.5
2010-01-24	0	5.78	27.5	5
2010-01-25	0	2.25	27	2.5
2010-01-26	0	3.43	26	0
2010-01-27	0	2.72	27	3
2010-01-28	0	3.34	27.5	4
2010-01-29	0	1.22	26	5.5
2010-01-30	3.5	6.09	27	6
2010-01-31	3	2.92	26	5
2010-02-01	8.2	1.21	25	4
2010-02-02	7.2	8.73	24	5
2010-02-03	2.2	6.46	24.5	7
2010-02-04	18.3	2.93	23.5	8
2010-02-05	0.01	3.9	25	4.5
2010-02-06	0.01	2.4	26	2
2010-02-07	0	3.99	27	2
2010-02-08	0.01	4.71	27.5	3
2010-02-09	0	3.92	25	5.5
2010-02-10	0	4.33	26	4
2010-02-11	0	7.65	27	5
2010-02-12	0.01	4.88	28	8
2010-02-13	0	5.07	28.5	4
2010-02-14	0.01	5.77	27	7
2010-02-15	1	5.97	26	5.5
2010-02-16	0.01	1.44	25	3
2010-02-17	14.8	2.06	24	3
2010-02-18	0.8	0.53	25	3
2010-02-19	0	3.94	26	4
2010-02-20	0	4.12	27	5.5
2010-02-21	0	4.96	27.5	6.5
2010-02-22	0	7.03	27	7
2010-02-23	0	6.94	25	8
2010-02-24	0	5.06	27	0
2010-02-25	0	5.93	26	0
2010-02-26	0	5.81	27	-2
2010-02-27	0	4.74	27.5	0
2010-02-28	0	6.94	27	0
2010-03-01	0	6.52	26	7.5
2010-03-02	0	3	27	5
2010-03-03	0	4.9	28	0
2010-03-04	0	6.05	28	8
2010-03-05	0	7	27.5	3
2010-03-06	0	6.08	26	4
2010-03-07	0	5.9	26.5	7
2010-03-08	0	7.32	27	8
2010-03-09	0	7.89	26.5	10
2010-03-10	0	6.01	25	10
2010-03-11	0	5.68	26	9.5
2010-03-12	0	6.24	27	8
2010-03-13	0	6.4	26.5	6
2010-03-14	0	5.62	27	7
2010-03-15	0	5.01	27.5	6
2010-03-16	0	2.86	26	9
2010-03-17	0	4.4	27	3
2010-03-18	0	5.85	27.5	0
2010-03-19	0	6.17	27	6
2010-03-20	0	5.67	28	7.5
2010-03-21	0	4.97	27.5	3
2010-03-22	0	6.19	28	4
2010-03-23	0	5.87	28.5	5
2010-03-24	0	5.12	28	9.5
2010-03-25	0	2.46	28.5	6
2010-03-26	0	5.86	27.5	7
2010-03-27	0	6.26	28	6.5
2010-03-28	0	1.89	27	8
2010-03-29	0	4.3	27.5	7
2010-03-30	0	6.76	27	6.5
2010-03-31	0	6.6	28	5.5
2010-04-01	0	9.38	27	7
2010-04-02	0	7.98	28	8
2010-04-03	0	7.5	27	5
2010-04-04	0	7.4	27.5	6
2010-04-05	0.01	7.14	27	9
2010-04-06	0	6.99	27.5	5.5
2010-04-07	1	5.48	26	6
2010-04-08	0.8	2.93	26.5	10
2010-04-09	8.3	8.3	28	6
2010-04-10	0	4.98	26	10
2010-04-11	8	5.47	27	11
2010-04-12	24.3	6.02	26	9
2010-04-13	3.2	2.41	26	9.5
2010-04-14	0	4.1	27	8
2010-04-15	9.4	4.05	26	8.5
2010-04-16	0	1.98	27	8
2010-04-17	11.7	5.94	26.5	5.5
2010-04-18	0.01	4.06	26	6.5
2010-04-19	0	4.12	27	10.5
2010-04-20	0.01	5.54	27.5	7
2010-04-21	0	7.84	26.5	7.5
2010-04-22	0	5.94	27	9
2010-04-23	0	3.56	27.5	11.5
2010-04-24	0	5.34	27	8
2010-04-25	0	4.87	27.5	9
2010-04-26	0	6.31	27	8.5
2010-04-27	0	5.48	26	7
2010-04-28	0	4.95	27	6.5
2010-04-29	0	8.41	27.5	6
2010-04-30	0	9.19	27	8
2010-05-01	0	9.21	28	8.5
2010-05-02	0.5	7.77	27	9
2010-05-03	0	8.18	28	10
2010-05-04	0	0.18	27	9.5
2010-05-05	0	7.73	26	6.5
2010-05-06	0	6.16	27	4.5
2010-05-07	0	8.73	27.5	4.5
2010-05-08	0.8	6.06	26.5	2
2010-05-09	0	5.14	27	3
2010-05-10	0	8.38	28	10.5
2010-05-11	0	6.18	27	8
2010-05-12	0	6.56	28	8.5
2010-05-13	0	7.67	28.5	9
2010-05-14	12.8	6.48	28	10
2010-05-15	0	4.1	27.5	11
2010-05-16	2	3.54	27	10
2010-05-17	0	2.84	27.5	9.5
2010-05-18	0	5.2	28	9
2010-05-19	0	7.47	28.5	7.5
2010-05-20	0	5.63	27	8
2010-05-21	0	6.88	28	9
2010-05-22	0	6.82	28	8.5
2010-05-23	0	6.64	27.5	8
2010-05-24	0	4.63	28	8
2010-05-25	0	5.98	27	10
2010-05-26	0	5.01	27.5	11
2010-05-27	0	4.92	27	11
2010-05-28	0	4.44	27.5	12
2010-05-29	0	2.9	28	10
2010-05-30	0	6.94	27	8
2010-05-31	0	3.15	27.5	10.5
2010-06-01	0	6.49	27.5	11
2010-06-02	0.01	6.73	28	9
2010-06-03	1.2	5.81	27	10.5
2010-06-04	0.01	5.72	26	9.5
2010-06-05	0.01	5.49	26.5	10
2010-06-06	0	7.2	27	8.5
2010-06-07	1.5	5.91	26.5	11.5
2010-06-08	0	5.85	27	10
2010-06-09	0.01	6.99	26.5	8.5
2010-06-10	0.01	6.57	27	10
2010-06-11	0	7.35	27.5	10.5
2010-06-12	3.5	7.49	26.5	12
2010-06-13	2.3	5.68	26	12
2010-06-14	0	6.52	27	9
2010-06-15	9.6	5.12	26.5	8.5
2010-06-16	5.6	2.6	26	9
2010-06-17	2.6	3.09	26	12
2010-06-18	0	3.35	26.5	12.5
2010-06-19	2.5	6.59	26	11
2010-06-20	0	6.15	27	10.5
2010-06-21	0	6.29	26.5	9.5
2010-06-22	0.01	3.54	27	10
2010-06-23	0.4	6.88	26.5	10.5
2010-06-24	1.3	4.88	27	10
2010-06-25	2	5.38	27.5	10.5
2010-06-26	0.6	6.6	27	11
2010-06-27	0.01	5.31	27.5	11
2010-06-28	8.4	3.48	27	9.5
2010-06-29	3.5	4.62	26.5	10.5
2010-06-30	1.6	2.87	27.5	10
2010-07-01	0.4	5.28	26	9
2010-07-02	1.6	5.39	27	12.5
2010-07-03	8.6	5.39	26	12
2010-07-04	9.4	3.4	27	10.5
2010-07-05	15.8	5.6	26	10
2010-07-06	22.5	2.66	26.5	11.5
2010-07-07	11.7	3.58	27	12.5
2010-07-08	4	3.62	26	12
2010-07-09	1	1.62	27	12.5
2010-07-10	6	2.45	26	11
2010-07-11	0	3.08	26.5	10.5
2010-07-12	0	4.62	26	12
2010-07-13	4.5	6.74	25	11
2010-07-14	7.2	1.87	26	11.5
2010-07-15	10.3	5.19	26.5	11
2010-07-16	0	3.86	26	9
2010-07-17	2.5	5.03	26.5	9
2010-07-18	22	5.19	27	10
2010-07-19	6	3.21	26	10.5
2010-07-20	33.4	5.22	26	12.5
2010-07-21	19.4	3.81	25	11.5
2010-07-22	25.3	6.45	24.5	12
2010-07-23	27	4.03	24	11.5
2010-07-24	9.8	1.95	24.5	13
2010-07-25	9.2	1.12	25	13
2010-07-26	2.8	4.39	26	12
2010-07-27	2.5	4.69	27	11.5
2010-07-28	3	0.98	27.5	12.5
2010-07-29	4	9.02	26	13
2010-07-30	0	6.01	28.5	9
2010-08-01	0	9.09	28.5	9
2010-08-02	1.4	6	28	10
2010-08-03	2.2	5.22	27	9
2010-08-04	3.8	3.93	27.5	9.5
2010-08-05	0.6	5.91	27	8
2010-08-06	2.6	1.78	27.5	9.5
2010-08-07	0	5.2	26	12
2010-08-08	0	4.93	27	12
2010-08-09	1.6	5.45	26	13
2010-08-10	0.5	5.56	26.5	11.5
2010-08-11	3.8	4.01	27	10
2010-08-12	0.5	2.58	26	9.5
2010-08-13	9.6	2.07	27	11
2010-08-14	0.01	2.82	26.5	12.5
2010-08-15	9.9	5.23	27	13.5
2010-08-16	10.3	4.31	26	12
2010-08-17	9.2	3.29	26.5	12
2010-08-18	5.5	4.88	27	11
2010-08-19	0.5	3.49	27	12
2010-08-20	0.5	4.43	27.5	10
2010-08-21	12.7	2	27	11
2010-08-22	13.6	0.92	26	11
2010-08-23	0.01	2.02	27	9
2010-08-24	0	5.54	26.5	8.5
2010-08-25	2	4.97	27	6.5
2010-08-26	3.6	2.46	26	9
2010-08-27	0.7	0.39	26.5	11.5
2010-08-28	0	4.07	27	10
2010-08-29	0	4.2	25	10
2010-08-30	4.2	3.41	27	9.5
2010-08-31	18.8	10.03	26.5	10.5
2010-09-01	6.4	6.17	26	11.5
2010-09-02	0.9	4.72	27	10
2010-09-03	32	5.6	26	10.5
2010-09-04	24.8	2.52	25	12
2010-09-05	17	3.46	24	12.5
2010-09-06	0.01	1.99	26	11
2010-09-07	1.2	3.14	27	12.5
2010-09-08	0.01	4.86	27.5	12
2010-09-09	0.01	5.1	27	12
2010-09-10	0	4.14	26.5	9.5
2010-09-11	2	4.91	27	11
2010-09-12	3	2.05	27.5	11
2010-09-13	2	4.4	27	10
2010-09-14	5.5	2.45	26	11
2010-09-15	7.4	3.84	26.5	12
2010-09-16	9.2	4.09	25.5	10.5
2010-09-17	50.4	0.13	26	10
2010-09-18	1.3	0.4	25	12
2010-09-19	0.6	2.91	26	12
2010-09-20	8.3	2.56	27	12.5
2010-09-21	0	4.16	27.5	12
2010-09-22	6.5	5.21	27	12.5
2010-09-23	1	1.66	27.5	11.5
2010-09-24	3.8	8.22	27	11
2010-09-25	6.5	4.33	26	10
2010-09-26	4.2	2.38	26.5	10.5
2010-09-27	0.6	2.98	27	9
2010-09-28	0	1.72	26	9.5
2010-09-29	0	3.65	27	5.5
2010-09-30	0	2.83	26.5	3
2010-10-01	0.01	3.75	26.5	4
2010-10-02	1.4	5.46	27	7
2010-10-03	0.01	0.8	26	9.5
2010-10-04	2.6	5.43	26	3
2010-10-05	0.5	1.65	27	4.5
2010-10-06	0	0.54	26.5	6
2010-10-07	0	2.15	27	5
2010-10-08	0.01	4.21	27.5	4
2010-10-09	0.01	3.37	27	4
2010-10-10	0	3.78	27.5	4.5
2010-10-11	0	5.02	27	8
2010-10-12	0.01	3.69	26.5	6.5
2010-10-13	1.6	2.25	27	6.5
2010-10-14	0.4	2.29	26.5	5
2010-10-15	0.6	3.05	27	4
2010-10-16	0.01	2.32	26	3.5
2010-10-17	0	2.86	27	4
2010-10-18	0	5.68	27.5	3
2010-10-19	0	4.39	27	3.5
2010-10-20	0	5.74	27.5	3
2010-10-21	0	4.33	27	2
2010-10-22	0	6.57	27.5	3
2010-10-23	0	5.22	27	3
2010-10-24	0	4.87	27.5	2.5
2010-10-25	0	5.29	27	0
2010-10-26	0	6.41	27.5	4
2010-10-27	0	2.75	27	5
2010-10-28	32.4	7.78	26.5	5
2010-10-29	6	3.52	26	5
2010-10-30	0	1.88	27	4.5
2010-10-31	0	2.41	27	5
2010-11-01	0	1.74	27.5	6
2010-11-02	0.4	3.55	27	4
2010-11-03	0	4.27	27.5	5.5
2010-11-04	0	2.93	25	2.5
2010-11-05	0	3.07	26	-3
2010-11-06	0	1.75	25.5	-5
2010-11-07	0	2.21	26.5	-6
2010-11-08	0	1.64	25	-4
2010-11-09	0	3.52	26	-3
2010-11-10	0	2.51	26.5	-4
2010-11-11	0	2.55	27	-2
2010-11-12	0	2.59	26	-3
2010-11-13	0	1.88	26.5	3
2010-11-14	0	3.35	27	4
2010-11-15	0	3.44	27.5	3.5
2010-11-16	0	2.93	26	5.5
2010-11-17	0.5	2.19	27	5.5
2010-11-18	3	3.79	26	6
2010-11-19	0.2	1.35	26	6.5
2010-11-20	0	4.25	27	5.5
2010-11-21	0	4.18	26.5	2
2010-11-22	0	0.21	27	3
2010-11-23	0	2.88	26	2.5
2010-11-24	0	3.6	26.5	1
2010-11-25	0	4.13	27	2
2010-11-26	0	1.35	26	7
2010-11-27	0	1.94	27	7
2010-11-28	0	3.2	26.5	3
2010-11-29	0	4.29	25	7
2010-11-30	0	2.42	25	0
2010-12-01	0	2.18	25	-2
2010-12-02	0	1.42	24	-2
2010-12-03	0	3	24	-2
2010-12-04	0	3.92	25	-4
2010-12-05	0.01	2.82	26	-5
2010-12-06	2.5	1.78	25.5	5
2010-12-07	0.01	2.34	26	5
2010-12-08	0.01	1.69	26.5	0
2010-12-09	0	3.03	26	0
2010-12-10	0	3.25	26	-5
2010-12-11	0	2.63	27	-4
2010-12-12	0	3.09	26.5	-3
2010-12-13	0	3.73	27.5	-4
2010-12-14	0	4.34	28	-3
2010-12-15	0	4.25	27	-3
2010-12-16	0	3.53	26	3
2010-12-17	0	4.12	27	1
2010-12-18	0	3.6	26.5	0
2010-12-19	0	5.49	27.5	-2
2010-12-20	0	3.66	27	-1
2010-12-21	0	4.81	26.5	-2
2010-12-22	0	3.3	27	-3
2010-12-23	0	3.75	26.5	-3
2010-12-24	0	3.41	26	-3
2010-12-25	0	2.34	26.5	2
2010-12-26	0	1.64	27	2
2010-12-27	0	3.23	26	-1
2010-12-28	0	2.09	27	1
2010-12-29	0	5.06	26.5	3.5
2010-12-30	0	5.72	27	5.5
2010-12-31	0	4.03	27	6
2011-01-01	0	4.82	27	6
2011-01-02	0.01	2.57	26.5	7
2011-01-03	0	2.69	27	3
2011-01-04	0	3.19	27	2
2011-01-05	0	3.08	27.5	2
2011-01-06	0	4.24	27	3
2011-01-07	0	3.02	27	1
2011-01-08	0	3	27.5	4
2011-01-09	0	4.38	27	6
2011-01-10	3	4.62	26.5	5
2011-01-11	0.01	0.4	27	2
2011-01-12	0	0.68	26	4
2011-01-13	0	1.2	26.5	3.5
2011-01-14	0	3.18	25.5	4
2011-01-15	0	2.22	26	3
2011-01-16	0	4.13	27	3
2011-01-17	0	3.74	27.5	4
2011-01-18	0	4.16	27	5
2011-01-19	0	5.38	27.5	4
2011-01-20	0	6.19	27	5
2011-01-21	0	3.6	26.5	3
2011-01-22	0	6.88	26	4
2011-01-23	0	7.21	27	2
2011-01-24	0	1.9	26.5	2
2011-01-25	0	1.69	26	1
2011-01-26	0	3.39	26.5	2
2011-01-27	0	3.11	27	3
2011-01-28	0	4.08	27.5	2
2011-01-29	0	5.12	27	3
2011-01-30	0	2.19	26.5	4
2011-01-31	0	3.17	27	3
2011-02-01	0	2.7	26.5	4
2011-02-02	0	2.64	27	3
2011-02-03	0	4.48	27.5	2.5
2011-02-04	0	5.79	27	7.5
2011-02-05	0	4.73	27.5	8
2011-02-06	0	5.42	27	8.5
2011-02-07	0	3.06	26.5	4
2011-02-08	0	4.31	27	5
2011-02-09	0	4.61	26.5	6
2011-02-10	0.01	3.37	27	7
2011-02-11	0	2.83	27	6
2011-02-12	0.01	1.66	26	4
2011-02-13	0	4.14	27	3
2011-02-14	0	NULO	26.5	-0.5
2011-02-15	0	NULO	26	-5
2011-02-16	0	NULO	27	-2
2011-02-17	0	NULO	26	-2
2011-02-18	0	NULO	27.5	3
2011-02-19	0	NULO	28	-2
2011-02-20	0	NULO	28	2
2011-02-21	0	NULO	26.5	3
2011-02-22	0	NULO	27	4
2011-02-23	0	NULO	26.5	5
2011-02-24	0	NULO	27	4.5
2011-02-25	0	NULO	26.5	7.5
2011-02-26	0	NULO	27	9
2011-02-27	0	NULO	26	5.5
2011-02-28	0	NULO	28	6
2011-03-01	0	NULO	12	6
2011-03-02	0	NULO	11.5	6.5
2011-03-03	0	NULO	11.5	7
2011-03-04	0	NULO	12	8
2011-03-05	2.8	NULO	13	7
2011-03-06	0	NULO	15	6
2011-03-07	0	NULO	16	6
2011-03-08	0	7.22	17	6.5
2011-03-09	0	5.79	18	6
2011-03-10	0	3.85	19	6
2011-03-11	0	5.36	19.5	4
2011-03-12	0	5.72	20	3
2011-03-13	0	5.59	20	5.5
2011-03-14	0	6.53	20.5	4
2011-03-15	0	5.54	22	5
2011-03-16	0	5.47	21	4.5
2011-03-17	0	4.88	22	1
2011-03-18	0	5.41	20	1
2011-03-19	0	5.71	21	2
2011-03-20	0	5.97	21.5	4
2011-03-21	0	5.88	22	1
2011-03-22	0	7.55	23	3
2011-03-23	0	4.84	23.5	4
2011-03-24	0	5.59	24	5
2011-03-25	0	5.93	25	1
2011-03-26	0	6.15	25	5
2011-03-27	4.6	7.9	26	8
2011-03-28	0	5.77	25	6.5
2011-03-29	0	5.79	26	6
2011-03-30	0	4.86	26.5	6.5
2011-03-31	0	7.74	27	7
2011-04-01	0	4.94	27	6
2011-04-02	2.2	7.08	26.5	8
2011-04-03	0	4.92	27	8.5
2011-04-04	36	10.84	27.5	7
2011-04-05	0	3.87	27	7.5
2011-04-06	0	6.19	27.5	6
2011-04-07	0	6.1	27	6.5
2011-04-08	0	5.27	27.5	6
2011-04-09	0	5.89	27.5	5.5
2011-04-10	0	5.26	27	6
2011-04-11	0	4.71	27.5	7
2011-04-12	0	5.64	28	6
2011-04-13	0	6.34	27.5	6.5
2011-04-14	0	6.64	28	7
2011-04-15	1.6	6.69	28	6.5
2011-04-16	0	3.87	27	7
2011-04-17	2.3	4.16	26	7.5
2011-04-18	2.4	8.2	26.5	9.5
2011-04-19	4.5	6.2	27	9.5
2011-04-20	0	4.28	27.5	9
2011-04-21	0.01	4.83	28	7
2011-04-22	0	5.65	27.5	8
2011-04-23	0	5.93	27	7.5
2011-04-24	0	7.41	28	8.5
2011-04-25	0	7.34	27.5	8
2011-04-26	0	10.42	28	9
2011-04-27	0	7.29	27.5	9.5
2011-04-28	0	6.59	27	9.5
2011-04-29	0	7.55	27.5	9
2011-04-30	0	6.18	27	8.5
2011-05-01	0	3.64	28	8.5
2011-05-02	5.5	6.95	27	9
2011-05-03	0	1.8	26.5	8
2011-05-04	0	3.84	27.5	6.5
2011-05-05	0	3.82	27	7
2011-05-06	0	4.29	28	8
2011-05-07	0	7.11	27.5	7.5
2011-05-08	0	5.48	28	6
2011-05-09	0	7.8	27.5	8
2011-05-10	0	5.68	28	9
2011-05-11	0	1.38	27	9.5
2011-05-12	0	2.18	28	9
2011-05-13	0	5.96	27.5	10
2011-05-14	0	6.44	28	9.5
2011-05-15	2.2	5.74	28.5	10
2011-05-16	0	5.42	28	10.5
2011-05-17	0	7.78	28.5	10
2011-05-18	0	7.32	28	11
2011-05-19	0	7.34	28.5	12
2011-05-20	0	8.2	28	13
2011-05-21	0	7.08	27	14
2011-05-22	0	6.07	27.5	9.5
2011-05-23	0	7.8	27.5	10
2011-05-24	0	6.75	28	7
2011-05-25	0	7.82	28.5	8
2011-05-26	0	7.4	28	8.5
2011-05-27	0	7.13	27	7.5
2011-05-28	0	6.88	28	8
2011-05-29	0	6.2	28.5	8.5
2011-05-30	0	5.89	28.5	9
2011-05-31	1.1	7.94	28.5	9.5
2011-06-01	0.2	4.5	28.5	9.5
2011-06-02	0	5.19	27	3
2011-06-03	0	4.89	27	3
2011-06-04	9.2	7	28	5
2011-06-05	14.2	5.27	28	7
2011-06-06	0.01	4.05	28.5	9.5
2011-06-07	0	5.1	27.5	8.5
2011-06-08	0	5.75	28	4
2011-06-09	0	6.18	28	5.5
2011-06-10	0	5.43	27.5	6
2011-06-11	0	6.15	28	5.5
2011-06-12	0.01	6.55	28.5	6
2011-06-13	0	6.22	28	6.5
2011-06-14	0	4.51	25	8
2011-06-15	0	6.08	27	8.5
2011-06-16	0	6.93	28	8
2011-06-17	0	5.57	28.5	10
2011-06-18	0	6.07	28	10.5
2011-06-19	0	5.45	27.5	8.5
2011-06-20	0	6.19	28	9
2011-06-21	20.6	4.41	27.5	8.5
2011-06-22	22.8	5.29	26	10
2011-06-23	16	5.12	27	12
2011-06-24	4	3.8	26.5	13
2011-06-25	8.2	5.03	26	11.5
2011-06-26	4.4	2.54	26.5	10.5
2011-06-27	11.5	2.81	26	11.5
2011-06-28	18.3	6.16	25.5	11
2011-06-29	44.2	3.18	25	10.5
2011-06-30	146.4	2.96	25	10
2011-07-01	55.3	1.11	25	10.5
2011-07-02	27.2	1.71	24	12
2011-07-03	2.2	2.52	24.5	11
2011-07-04	0	3.98	25	9.5
2011-07-05	0.6	4.66	26	9.5
2011-07-06	2.4	4.36	27	10
2011-07-07	0.5	3.71	27.5	9.5
2011-07-08	0	5.46	28	10
2011-07-09	3.3	4.92	27	10.5
2011-07-10	6.3	2.18	27.5	11
2011-07-11	5.4	2.23	27.5	11.5
2011-07-12	4	5.07	27	11
2011-07-13	54	3.21	27.5	9.5
2011-07-14	10	2.6	27	12.5
2011-07-15	9	5.4	27.5	11
2011-07-16	15	2.38	27	10
2011-07-17	3.4	0.46	26.5	9
2011-07-18	3.2	13.36	26	10
2011-07-19	0	2.03	26.5	9.5
2011-07-20	0.01	4.53	27	11
2011-07-21	0.01	4.81	27.5	11.5
2011-07-22	0	3.88	27	11
2011-07-23	6	6.88	27	9
2011-07-24	5.4	0.71	28	10
2011-07-25	0.01	6.35	27	9.5
2011-07-26	0	3.26	28	10.5
2011-07-27	0	4.51	27.5	10
2011-07-28	6.6	0.38	28	10
2011-07-29	17.7	10.4	27	11
2011-07-30	11.5	4.73	26.5	9.5
2011-07-31	18.5	0.84	27	10
2011-08-01	1.5	0.5	28	11
2011-08-02	4.4	2.78	27.5	10.5
2011-08-03	1.5	2.34	28	10.5
2011-08-04	0	4.61	27	11
2011-08-05	0	5.14	27.5	10
2011-08-06	1	6.25	28	9.5
2011-08-07	0.4	2.72	27.5	11
2011-08-08	0	4.3	28	10
2011-08-09	0	5.28	28	9.5
2011-08-10	0.5	4.4	28.5	10
2011-08-11	0	4.9	27.5	11
2011-08-12	0	6.41	27	11.5
2011-08-13	0.4	5.49	27.5	9.5
2011-08-14	1	6.78	28	8
2011-08-15	1.8	5.67	27.5	9.5
2011-08-16	0	4.86	28	8
2011-08-17	0.2	4.8	27.5	9
2011-08-18	0	6.44	28	8.5
2011-08-19	0	5.31	27.5	9
2011-08-20	0	5.02	28	6.5
2011-08-21	29.8	6.76	27	9.5
2011-08-22	29.8	6.61	26	10
2011-08-23	0.01	3.25	25.5	11
2011-08-24	0	4.61	26.5	8
2011-08-25	0	4.98	27	9.5
2011-08-26	0	5.07	27.5	10
2011-08-27	2	5.26	28	9.5
2011-08-28	0.4	4.34	27	9
2011-08-29	0.01	3.05	27.5	11
2011-08-30	0.01	2.15	28	12
2011-08-31	1.5	1.65	27.5	11
2011-09-01	1.6	4.76	26.5	9
2011-09-02	3.3	4.34	27	12
2011-09-03	10.8	5.35	26.5	12.5
2011-09-04	3.6	1.61	26	13
2011-09-05	6	2.9	27	12
2011-09-06	2.8	0.8	26.5	11
2011-09-07	0	2.97	27	7.5
2011-09-08	0	2.81	25	10
2011-09-09	0	2.6	26	3
2011-09-10	9	7.81	27	7
2011-09-11	2.4	10.05	26.5	8.5
2011-09-12	8.8	1.64	27.5	7
2011-09-13	0.01	4.41	28	7.5
2011-09-14	0	4.13	28.5	6
2011-09-15	1	4.44	28	6.5
2011-09-16	0.01	3.09	28.5	9.5
2011-09-17	0.01	4.89	28	10
2011-09-18	0	5.17	27.8	8.5
2011-09-19	0	3.66	28	6
2011-09-20	0	3.92	27.5	6.5
2011-09-21	0	4.28	28	5.5
2011-09-22	10.5	2.23	27.5	8
2011-09-23	0	2.25	28	9.5
2011-09-24	0	2.87	27.5	11
2011-09-25	0	4.92	28	11
2011-09-26	0	5.78	27	5
2011-09-27	0	3.79	28	4
2011-09-28	0.01	2.76	27	6
2011-09-29	0	4.59	27.5	6.5
2011-09-30	3.6	0.43	28	7.5
2011-10-01	2	1.03	26.5	11
2011-10-02	0	1.52	27	10
2011-10-03	1	3.57	26.5	9
2011-10-04	0.01	0.7	27	9
2011-10-05	0	4.31	27.5	8.5
2011-10-06	0	1.9	28	9
2011-10-07	0.01	3.55	27.5	10.5
2011-10-08	0	2.4	28	9.5
2011-10-09	0	1.61	27	10
2011-10-10	5.5	2.24	26.5	9.5
2011-10-11	0.3	1.94	27	10
2011-10-12	0.8	3.71	26.5	9
2011-10-13	3	5.24	27.5	8.5
2011-10-14	8.2	4.93	28	9
2011-10-15	0.01	2.2	26	8.5
2011-10-16	0	1.52	27	5.5
2011-10-17	0	1.63	28	12
2011-10-18	0.8	3.95	27.5	8
2011-10-19	0	3.8	28	6.5
2011-10-20	0	3.75	25	9
2011-10-21	0	0.3	24	-0.2
2011-10-22	0	3.27	23	-0.2
2011-10-23	0	1.77	24	-0.3
2011-10-24	0	1.91	25	-0.4
2011-10-25	0	1.73	24.5	-0.5
2011-10-26	0	3.12	25	-0.4
2011-10-27	0	3.45	26	-0.5
2011-10-28	0.6	3.43	27	0.2
2011-10-29	0	1.42	26	-0.6
2011-10-30	0	2.43	27.5	-0.7
2011-10-31	0.01	2.97	28	-0.3
2011-11-01	0	2.92	26	2
2011-11-02	0	3.06	27	5.5
2011-11-03	2.2	1.26	26.5	6
2011-11-04	0.2	1.94	27	8
2011-11-05	0	0.37	26.5	5
2011-11-06	0	2.67	27	6
2011-11-07	0	3.26	28	7
2011-11-08	0	1.89	27.5	7.5
2011-11-09	0.01	1.35	26.5	7
2011-11-10	0	1.65	27	6
2011-11-11	0	0.92	26	5
2011-11-12	0	3.17	27	3
2011-11-13	0	2.87	27.5	4
2011-11-14	0	3.36	28	4.5
2011-11-15	0	3.36	28.5	8
2011-11-16	0	2.6	28	5
2011-11-17	3.2	1.6	26	5.5
2011-11-18	0.3	1.63	27	8
2011-11-19	0.6	3.94	28.5	8
2011-11-20	0	3.13	28	6
2011-11-21	0.2	2.91	27	6.5
2011-11-22	0.7	1.42	26	8.5
2011-11-23	0.4	1.28	27	10
2011-11-24	0	2.12	26	8
2011-11-25	0	2.82	27	0
2011-11-26	14.5	2.32	25	2
2011-11-27	3	1.34	24	5
2011-11-28	0	1.88	23	1.5
2011-11-29	0	2.27	23	-0.6
2011-11-30	0	2.09	24	-0.7
2011-12-01	0	2.94	26	-2
2011-12-02	0	2.36	27	-4
2011-12-03	0	2.94	28	0
2011-12-04	0	3.19	27.5	0.2
2011-12-05	0	1.48	28	0.1
2011-12-06	0	3.96	26	9
2011-12-07	0	1.32	25	5
2011-12-08	0	2.38	26	-1
2011-12-09	0	2.38	26.5	-2
2011-12-10	0	1.34	25	0
2011-12-11	0	1.77	26	0.2
2011-12-12	0	2.44	27	0.3
2011-12-13	0.01	1.99	27	5
2011-12-14	0	2.68	28	4
2011-12-15	0	2.66	27.5	3
2011-12-16	2.2	1.44	26	3
2011-12-17	3.3	1.55	25.5	2
2011-12-18	0.6	0.1	26	1
2011-12-19	0	2.28	26.5	2
2011-12-20	0	3.23	27	3
2011-12-21	0	3.04	28	4
2011-12-22	0	1.4	27.5	5
2011-12-23	0	2.23	27	6
2011-12-24	0	3.27	28	7
2011-12-25	0	2.01	27	6
2011-12-26	0	0.66	27.5	7
2011-12-27	0	2.53	27	4
2011-12-28	0	1.86	28	5
2011-12-29	0	1.48	25	4
2011-12-30	0	2.65	26	5
2011-12-31	0	1.64	27	5.5
2012-01-01	5.5	0.57	26	4
2012-01-02	1	0.32	25	3
2012-01-03	0.01	0.14	24	2.5
2012-01-04	0	8.82	25	0
2012-01-05	0	1.72	26	2
2012-01-06	0.1	2.9	26.5	1.5
2012-01-07	0	2.88	27	1.5
2012-01-08	0	2.89	28	3
2012-01-09	0	4.69	27.5	6
2012-01-10	0	1.78	28	4.5
2012-01-11	0	2.57	27	5
2012-01-12	0.01	3.33	28	2
2012-01-13	0	0.2	27	3
2012-01-14	0.3	0.53	27.5	4
2012-01-15	0	1.77	28	6
2012-01-16	0	2.25	28	7.5
2012-01-17	0	3.07	27	8
2012-01-18	0	3.24	28	2
2012-01-19	0	2.84	27.5	4
2012-01-20	0	2.27	28	2
2012-01-21	0	0.3	27	5
2012-01-22	0	4.2	28	6
2012-01-23	0	2.62	28.5	3
2012-01-24	0	4.64	28	4
2012-01-25	0	3.8	28.5	6
2012-01-26	0	1.89	28	6
2012-01-27	0	3.53	27	3
2012-01-28	1	2.62	26.5	2
2012-01-29	0.5	0.24	26	3
2012-01-30	0	1.87	27	0
2012-01-31	1	1.94	28	4
2012-02-01	0	2.43	27	6.5
2012-02-02	0.7	1.7	26	3.5
2012-02-03	0.01	1.3	27	4
2012-02-04	1	2.49	28	3
2012-02-05	10.5	2.57	26	3.5
2012-02-06	0	3.17	27	2
2012-02-07	8.5	3.8	27.5	5
2012-02-08	2.5	0.57	28	6.5
2012-02-09	7.5	3.11	26	7
2012-02-10	4	1.15	24	6
2012-02-11	4.2	1.05	23	4
2012-02-12	2	2.42	24	3
2012-02-13	0.01	2.17	25	4
2012-02-14	2	2.14	26	4.5
2012-02-15	4	0.1	27	5
2012-02-16	0.01	2.08	28	5
2012-02-17	0	2.34	27.5	7
2012-02-18	0	3.78	27	8
2012-02-19	1.4	1.96	28	8
2012-02-20	0.7	3.28	27.5	6
2012-02-21	0	2.45	28	5
2012-02-22	0	3.21	27.5	6
2012-02-23	0	4.68	28	7
2012-02-24	5.7	2.85	27	7.5
2012-02-25	0	3.23	27.5	5
2012-02-26	0	2.95	27	4.5
2012-02-27	0	2.77	26.5	4
2012-02-28	0.01	3.02	27	1
2012-02-29	0	4.42	27.5	3
2012-03-01	0	4.19	27	3
2012-03-02	0	4.13	28	6
2012-03-03	0.01	3.92	27	7
2012-03-04	0	3.4	26.5	4
2012-03-05	0	4.61	27	5.5
2012-03-06	0	4.21	27.5	0
2012-03-07	0	4.76	28	2
2012-03-08	0	5.12	28.5	4
2012-03-09	0.6	3.41	27	5
2012-03-10	0.01	4.87	27.5	6
2012-03-11	1.5	2.75	27	7
2012-03-12	0	2.77	27.5	5
2012-03-13	0	2.78	28	6
2012-03-14	0.01	3.16	27.5	6.5
2012-03-15	0	3.28	28	6
2012-03-16	0	5.19	28.5	7
2012-03-17	0	2.49	28	6.5
2012-03-18	10.7	10.32	28.5	7.5
2012-03-19	0	6.13	27	8
2012-03-20	0	4.91	27.5	7
2012-03-21	0	4.85	28	5.5
2012-03-22	0	6.52	27	4
2012-03-23	0	5.98	28	4.5
2012-03-24	0	6.12	27	5
2012-03-25	0	4.36	26.5	2
2012-03-26	0	6.5	27	1
2012-03-27	0.2	4.88	27.5	1
2012-03-28	1.6	4.38	28	6
2012-03-29	7.2	4.76	28.5	7
2012-03-30	1.4	3.71	27.5	7.5
2012-03-31	3	4.89	28	8
2012-04-01	1.3	0.4	27	4
2012-04-02	0	4.34	28	4.5
2012-04-03	0	5.2	28.5	8
2012-04-04	0	6.31	27.5	6
2012-04-05	0	5.37	28	6.5
2012-04-06	0	3.75	27.5	7
2012-04-07	0	3.11	28	6.5
2012-04-08	0.8	2.04	27.5	7
2012-04-09	0.01	1.92	27	8
2012-04-10	0	4.07	28	7.5
2012-04-11	0	4.71	27	8
2012-04-12	0	4.8	28	7
2012-04-13	0.5	4.6	27	7
2012-04-14	0	5.96	27.5	7.5
2012-04-15	0	6.89	28	7
2012-04-16	0	4.83	27.5	10
2012-04-17	0	1.73	27	9
2012-04-18	10.3	5.15	28	9.5
2012-04-19	0	5.48	27.5	6.5
2012-04-20	0	5.8	27	7.5
2012-04-21	0	4.3	26.5	9
2012-04-22	0	4.6	27	2
2012-04-23	0	5.48	28	0
2012-04-24	0	2.96	27.5	-1
2012-04-25	0	4.4	26	1
2012-04-26	0	5.54	27	-1
2012-04-27	0	8.46	28	-1
2012-04-28	0	8.46	27.5	0
2012-04-29	0	6.43	27	3
2012-04-30	0	7.07	28	6.5
2012-05-01	0	6.19	28	8
2012-05-02	0	0.7	27.5	6.5
2012-05-03	0	0.6	28	6
2012-05-04	0	7.26	28.5	6
2012-05-05	0	6.18	27.5	7
2012-05-06	0	6.12	28	8.5
2012-05-07	0	5.09	28.5	8
2012-05-08	0	4.73	28	7.5
2012-05-09	4.2	4.12	27.5	9
2012-05-10	1.5	3.82	27	9.5
2012-05-11	7	1.73	28	10
2012-05-12	1.5	5.73	28.5	9.5
2012-05-13	2.5	6.37	28	9.5
2012-05-14	0	4.97	27	9
2012-05-15	0	4.51	27.5	6
2012-05-16	0.01	4.65	27	7
2012-05-17	0	2.79	27.5	10
2012-05-18	0	2.85	28	6.5
2012-05-19	0	6.91	27	5.5
2012-05-20	0	6.1	28	5.5
2012-05-21	0	3.92	28.5	6.5
2012-05-22	0	5.97	27.5	9
2012-05-23	0	6.38	28	8.5
2012-05-24	0	6.82	28.5	8
2012-05-25	0	2.78	28	8
2012-05-26	0	NULO	27.5	7.5
2012-05-27	0	NULO	28	8
2012-05-28	0	NULO	27	9
2012-05-29	0	NULO	24.5	8.5
2012-05-30	0	NULO	28	6
2012-05-31	0	NULO	27.5	7
2012-06-01	0	0.12	27.5	8
2012-06-02	0	5.1	28	10.5
2012-06-03	0	3.66	27	10
2012-06-04	0.01	5.38	26.5	10.5
2012-06-05	3	5.75	27.5	10
2012-06-06	4	3.27	27	11
2012-06-07	3	4.89	27.5	10
2012-06-08	1.3	4.39	28	9
2012-06-09	0	4.98	27	7
2012-06-10	0	6.51	27.5	5.5
2012-06-11	0	6.17	28	4.5
2012-06-12	6.3	6.46	28.5	5
2012-06-13	0	6.28	28	7
2012-06-14	0.01	5.31	27.5	6.5
2012-06-15	10.8	4.05	28	7
2012-06-16	11.2	6.07	27	9.5
2012-06-17	1.2	2.01	28	11
2012-06-18	0	4.79	27.5	11.5
2012-06-19	4.3	2.58	28	11
2012-06-20	10.3	2.15	27.5	12
2012-06-21	15.3	3.99	28	12
2012-06-22	8.5	0.48	28.5	12.5
2012-06-23	13.3	5.39	28	12
2012-06-24	0	4.31	27	12.5
2012-06-25	5	3.07	28	11
2012-06-26	0	5.39	27	8
2012-06-27	0	4.85	27.5	10
2012-06-28	3	5.35	28	10.5
2012-06-29	0	7.02	NULO	NULO
2012-06-30	0	1.86	NULO	NULO
2012-07-01	4.6	1.86	28	11
2012-07-02	0.01	3.29	27	10.5
2012-07-03	3.2	2.04	28	10
2012-07-04	3	4.41	27	8
2012-07-05	1	5.18	28	7.5
2012-07-06	6	4.12	28.5	9
2012-07-07	2.2	6.45	27.5	11
2012-07-08	6	5.22	28	9
2012-07-09	0	2.59	28.5	8
2012-07-10	2	3.66	28	9
2012-07-11	4	6.2	28.5	8.5
2012-07-12	1	5.16	27.5	11
2012-07-13	12	3.6	26	10
2012-07-14	6.5	3.69	26	11
2012-07-15	11.2	1.23	25	11.5
2012-07-16	5	1.75	26	12
2012-07-17	2	0.92	27	10
2012-07-18	7	4.63	28	11
2012-07-19	3.2	2.35	27	10.5
2012-07-20	3.6	3.88	28	11
2012-07-21	4.8	1.14	27.5	11
2012-07-22	0.01	3.69	27	10
2012-07-23	7	4.52	27.5	9
2012-07-24	3.2	1.55	28	9.5
2012-07-25	5	2.28	27.5	10
2012-07-26	0.01	2.53	27	9.5
2012-07-27	14.2	4.06	27.5	12
2012-07-28	1.6	4.7	27	11
2012-07-29	4.4	2.82	27.5	10
2012-07-30	10	4.4	28	9
2012-07-31	0	4.28	27	8.5
2012-08-01	0	3.75	27	8
2012-08-02	0	4.2	28	9
2012-08-03	0	4.76	27.5	6
2012-08-04	0.01	3.23	28	7
2012-08-05	0	4.99	27.5	10
2012-08-06	5	5.36	28	9
2012-08-07	0	6.34	27.5	9.5
2012-08-08	8.2	4.66	27	8
2012-08-09	11.4	12.65	26.5	7
2012-08-10	13.2	0.2	26	9
2012-08-11	4	1.34	26.5	11
2012-08-12	3	5	27	10.5
2012-08-13	3	1.3	28	11
2012-08-14	0	1	28.5	12
2012-08-15	0	1	28	9
2012-08-16	1.2	3.2	27	9.5
2012-08-17	19.8	12.8	27.5	9
2012-08-18	13.2	11.7	28	12
2012-08-19	0.01	4	27.5	11.5
2012-08-20	13	8	28	12
2012-08-21	3	5	28.5	11
2012-08-22	6.2	7.2	28	11.5
2012-08-23	31.6	8	27.5	11
2012-08-24	8	2.8	28	11.5
2012-08-25	2.4	5.4	27.5	10.5
2012-08-26	21	5.1	27	10
2012-08-27	0.01	2	28	9
2012-08-28	0.01	3	27.5	11
2012-08-29	0	2.8	28	9.5
2012-08-30	0	2	27.5	10
2012-08-31	2.2	4.2	28	9
2012-09-01	2.2	3	27.5	9
2012-09-02	2	4.1	28	8.5
2012-09-03	0.01	5.9	27	6.5
2012-09-04	0	5.2	28	7
2012-09-05	0	3.5	29	5.5
2012-09-06	0	5.4	28	5
2012-09-07	0.01	4.9	28.5	5
2012-09-08	4.6	13.5	27.5	5.5
2012-09-09	57	2.8	27	10
2012-09-10	4.6	1.64	28	11.5
2012-09-11	0.01	2.8	28.5	9
2012-09-12	7.8	3.3	27.5	12
2012-09-13	6	3.5	28	11
2012-09-14	6.6	4.4	28.5	11.5
2012-09-15	9	3	28	11.5
2012-09-16	0	2.2	27.5	9.5
2012-09-17	1.5	5	28	12
2012-09-18	0	5	27.5	9.5
2012-09-19	8	1.03	28	10.5
2012-09-20	0	3.08	27	12
2012-09-21	0	4.1	28	7
2012-09-22	0.01	2.3	27.5	7.5
2012-09-23	4.7	1.44	28	10
2012-09-24	9	1.52	27.5	10
2012-09-25	0	1.21	28	10.5
2012-09-26	1.2	1.9	28.5	11
2012-09-27	1.2	3.1	28	11
2012-09-28	0	4.6	28.5	10
2012-09-29	0	6.5	27.5	13
2012-09-30	0	6	27.5	11
2012-10-01	0	6.02	27	11
2012-10-02	0.01	2.4	26	8.5
2012-10-03	0	3.03	27	5
2012-10-04	0	3.92	28	2
2012-10-05	0	2.39	27	1
2012-10-06	0	5.58	28	5
2012-10-07	3.3	0.2	27.5	4
2012-10-08	0	2.47	28	4.5
2012-10-09	0.01	1.72	27.5	6
2012-10-10	5.4	3.14	28	8
2012-10-11	5.2	1.53	27	9
2012-10-12	6.2	2.07	27.5	9
2012-10-13	0.01	2.81	28	9.5
2012-10-14	0.01	2.25	27	7
2012-10-15	0.01	3.78	28	4.5
2012-10-16	0	3.35	28.5	4
2012-10-17	0	2.96	27.5	5.5
2012-10-18	0	3.86	28	7
2012-10-19	0	3.25	27	7.5
2012-10-20	0	1.8	27.5	6
2012-10-21	0	2.89	28	5.5
2012-10-22	0	3.01	27.5	6
2012-10-23	0	2.62	27	6.5
2012-10-24	0	3.13	28	6.5
2012-10-25	0	2.82	26	3
2012-10-26	0	3.14	27	0
2012-10-27	0.01	2.96	27.5	1
2012-10-28	0	0.5	28	2
2012-10-29	0	1.07	27.5	8
2012-10-30	0.01	3.36	27	5
2012-10-31	0	1.92	26.5	4
2012-11-01	0	2.7	27.5	4
2012-11-02	0	2.18	28	4.5
2012-11-03	0.01	3.31	27.5	5
2012-11-04	2.5	0.22	28	9
2012-11-05	0.2	1.6	27.5	7
2012-11-06	0	1.83	27	4
2012-11-07	0.01	1.42	28	4.5
2012-11-08	0.01	2.8	27.5	3
2012-11-09	0	3.69	26.5	3
2012-11-10	0	5.71	27	1
2012-11-11	0	8.87	28	4.5
2012-11-12	2.8	1.18	27	6
2012-11-13	2.2	1.1	28.5	7
2012-11-14	2.6	0.68	27	7
2012-11-15	0	3.46	27.5	8
2012-11-16	0.3	1.77	28	8
2012-11-17	0.01	1.91	27	8.5
2012-11-18	0	2.92	27	8
2012-11-19	0	3.49	28	4.5
2012-11-20	0.01	2.79	27	5
2012-11-21	0.2	1.81	28	4
2012-11-22	0	2.38	27.5	8
2012-11-23	0.01	1.64	28	8.5
2012-11-24	0.01	1.02	28.5	6
2012-11-25	0	2.85	27.5	3
2012-11-26	0	2.97	28	4
2012-11-27	0.01	1.47	27	4.5
2012-11-28	0.01	3.28	27.5	8
2012-11-29	0	1.75	28	3.5
2012-11-30	0	3.79	NULO	NULO
2012-12-01	0	1.96	27	3
2012-12-02	0.01	1.93	27.5	4
2012-12-03	0	3.02	27	0
2012-12-04	0	2.89	28	2
2012-12-05	0.01	2.23	27.5	4
2012-12-06	0	2.41	28	2
2012-12-07	0	2.95	27.5	2
2012-12-08	0	3.05	28	3
2012-12-09	0	2.05	28.5	4.5
2012-12-10	0	3.37	28	6
2012-12-11	0	2.5	27	7
2012-12-12	0	0.79	28	6
2012-12-13	0.5	1.13	27.5	5.5
2012-12-14	0	2.71	28	5
2012-12-15	0	2.61	27	4.5
2012-12-16	0	2.78	26.5	4
2012-12-17	0.5	2.03	27	4
2012-12-18	0	1.44	27.5	10
2012-12-19	0	3.3	28	5
2012-12-20	0.01	0.36	27	4.5
2012-12-21	0.01	2.71	27.5	3
2012-12-22	0.01	1.39	27	4
2012-12-23	0	2.8	28	0
2012-12-24	0	2.38	28.5	2
2012-12-25	0	3.82	28	7
2012-12-26	0	2.65	27.5	5
2012-12-27	0	2.94	28	5.5
2012-12-28	0	3.03	27	7.5
2012-12-29	0.01	0.89	28	8
2012-12-30	0.01	1.13	27	5
2012-12-31	0	3.02	27.5	3
2013-01-01	0	2.05	27	6
2013-01-02	0	0.25	27.5	5
2013-01-03	0.01	1.71	27	6
2013-01-04	0.01	1.39	27.5	7
2013-01-05	3.4	1.21	26.5	5.5
2013-01-06	0.2	2.14	27	5
2013-01-07	1	1.66	27.5	6
2013-01-08	0.01	2.42	28	6
2013-01-09	0	4.08	27.5	9
2013-01-10	0	3.51	28	4.5
2013-01-11	0	3.2	27	3
2013-01-12	0	5.23	27.5	4
2013-01-13	0	2.97	28	7
2013-01-14	0	3.13	27.5	7.5
2013-01-15	0	3.87	28	7
2013-01-16	0	2.87	27	7
2013-01-17	0	1.54	26.5	5
2013-01-18	0	2.35	27	-0.1
2013-01-19	0	1.29	28	-0.2
2013-01-20	0	1.99	27.5	1
2013-01-21	0	1.89	28	5
2013-01-22	3.6	2.04	27	6
2013-01-23	0.3	0.73	27	8
2013-01-24	0.01	2.88	26	3
2013-01-25	0	4.3	26	1
2013-01-26	0	1.74	27	-0.3
2013-01-27	0	3.82	27.5	-0.2
2013-01-28	0	2.13	28	2
2013-01-29	0	4.11	28.5	4
2013-01-30	0	3.88	28	4
2013-01-31	0	2.92	27	3
2013-02-01	0	3.85	26	-0.1
2013-02-02	0	4.14	27	0
2013-02-03	0	1.8	28	2
2013-02-04	0	3.96	28.5	4
2013-02-05	0	3.28	28	5
2013-02-06	0	3.1	28.5	3
2013-02-07	0	4.55	28	6
2013-02-08	0	3.66	28.5	5.5
2013-02-09	0	4.08	28	4
2013-02-10	0	4.92	27.5	4.5
2013-02-11	0	3.78	28	5
2013-02-12	0	4.04	27.5	7
2013-02-13	0	3.91	27	6
2013-02-14	0	3.32	28	4
2013-02-15	0	3.16	27.5	4.5
2013-02-16	0	3.09	27	7
2013-02-17	0	2.82	27.5	4
2013-02-18	0	4.02	28	7
2013-02-19	0	4.88	27.5	5
2013-02-20	0	5.21	28	5.5
2013-02-21	0	4.2	28.5	6
2013-02-22	0	3.25	28	6.5
2013-02-23	0	NULO	28.5	5
2013-02-24	0	NULO	28	6
2013-02-25	0	NULO	28	7
2013-02-26	0	NULO	27.5	6
2013-02-27	0.01	NULO	28	6.5
2013-02-28	0	NULO	NULO	NULO
2013-03-01	0.01	0.84	27.5	3
2013-03-02	0	4.09	27	2
2013-03-03	0	4.6	27.5	-0.6
2013-03-04	0	5.52	28	-0.3
2013-03-05	0	5.51	27	1
2013-03-06	0	3.54	28	-0.5
2013-03-07	0	5.1	27.5	1
2013-03-08	0	2.75	28	3
2013-03-09	0	5.18	28.5	4.5
2013-03-10	0	5.92	27.5	7
2013-03-11	0	3.65	27	5
2013-03-12	0	2.94	26.5	6
2013-03-13	0.01	2.08	26	4.5
2013-03-14	0.5	1.31	27	4
2013-03-15	0.01	1.96	27.5	5
2013-03-16	0	2.72	28	4
2013-03-17	0	3.82	28.5	5
2013-03-18	0	6.18	27.5	3
2013-03-19	0	5.77	28	4
2013-03-20	0	5.4	27.5	7
2013-03-21	0	5.84	28	7
2013-03-22	0	9.16	27.5	8
2013-03-23	0	5.34	28	8.5
2013-03-24	0	8.08	27.5	7.5
2013-03-25	0.2	5.74	27	7
2013-03-26	0.01	3.32	28	6
2013-03-27	0	4.57	27.5	5
2013-03-28	0	4.25	28	3
2013-03-29	0	5.07	27	6.5
2013-03-30	0	5.89	28	6
2013-03-31	0	5.31	27.5	5
2013-04-01	0	4.93	28	8
2013-04-02	0	5.62	27.5	9
2013-04-03	0.01	NULO	28	8.5
2013-04-04	0	3	27	8
2013-04-05	0	3.36	28	8.5
2013-04-06	0	4.64	27.5	5.5
2013-04-07	0.01	4.49	28	8
2013-04-08	0.01	4.07	28.5	10
2013-04-09	0	1.91	27.5	10
2013-04-10	0	4.92	28	8
2013-04-11	0	7.73	27.5	9
2013-04-12	0	6.48	28	7
2013-04-13	0	7.83	27.5	8.5
2013-04-14	0	8.1	28.5	9
2013-04-15	0	8.84	28	9.5
2013-04-16	0	6.73	27.5	10
2013-04-17	0	7.99	28	9.5
2013-04-18	0.4	6.84	28.5	9.5
2013-04-19	0	7.39	27	6
2013-04-20	0	4.21	28	4.5
2013-04-21	0	7.94	28	5
2013-04-22	0	9.12	28.5	6.5
2013-04-23	0.6	8.65	28	9
2013-04-24	0.3	4.27	27.5	10
2013-04-25	0	5.75	28	11
2013-04-26	0	3.84	28.5	9.5
2013-04-27	0	7.25	28	7
2013-04-28	0	NULO	28.5	8
2013-04-29	0	NULO	28	7
2013-04-30	0	0.5	NULO	NULO
2013-05-01	0	4.76	28	8
2013-05-02	5.4	3.28	27.5	7
2013-05-03	0	3.98	28	4
2013-05-04	0.5	4.49	28.5	4.5
2013-05-05	0	5.66	28	6
2013-05-06	0	5.78	28.5	8
2013-05-07	0	5.21	28	8.5
2013-05-08	0	6.83	28.5	8
2013-05-09	0	7.44	28	11
2013-05-10	0	1.6	28.5	10
2013-05-11	44.5	2.79	28	9
2013-05-12	5.3	7.04	28.5	10.5
2013-05-13	2.5	8.03	28	11.5
2013-05-14	1	0.7	27.5	11.5
2013-05-15	0	4.64	28	10
2013-05-16	0	4.81	28.5	11
2013-05-17	0	5.93	28	12
2013-05-18	0	5.88	28.5	11.5
2013-05-19	0	6.06	27.5	12
2013-05-20	0	6.33	28.5	12.5
2013-05-21	0	4.9	27.5	11.5
2013-05-22	0	5.85	28	10
2013-05-23	0	5.22	28.5	11
2013-05-24	0.01	5.97	28	11.5
2013-05-25	9.3	6.58	28.5	12
2013-05-26	1.8	0.82	28	12
2013-05-27	0.3	4.58	27.5	10
2013-05-28	0	4.85	27	10.5
2013-05-29	0	4.92	27.5	9.5
2013-05-30	0	6.18	28	9
2013-05-31	0.6	5.06	28.5	10
2013-06-01	0	5.18	28	9.5
2013-06-02	19	0.51	27.5	10
2013-06-03	0.5	3.31	28	9.5
2013-06-04	0	1.72	28.5	10
2013-06-05	0	5.44	27	6
2013-06-06	0	4.69	28	6.5
2013-06-07	0	4.57	27.5	6
2013-06-08	0	6.63	27	9
2013-06-09	0	3.91	28	8
2013-06-10	2.8	1.61	27.5	11
2013-06-11	5.3	3.16	27	10
2013-06-12	0.01	2.69	28	10.5
2013-06-13	0	1.9	27.5	10
2013-06-14	2.7	4.35	28	11
2013-06-15	0	5.67	27.5	10.5
2013-06-16	4	0.28	28	9
2013-06-17	0	5.57	28.5	8.5
2013-06-18	0.5	5.11	28	7
2013-06-19	29.3	5.62	27	7.5
2013-06-20	60.5	9.74	27.5	11.5
2013-06-21	8.8	0.72	27	11.5
2013-06-22	1.2	3.09	27.5	11
2013-06-23	8	3.09	28	9.5
2013-06-24	0.5	3.34	27.5	10
2013-06-25	0	5.68	28	11
2013-06-26	0	5.8	28.5	12
2013-06-27	0	5.55	27.5	10
2013-06-28	0	4.95	28	7
2013-06-29	0	9.67	27	8
2013-06-30	0	4.89	NULO	NULO
2013-07-01	0	0.21	28.5	7
2013-07-02	2	2.1	28	6
2013-07-03	2	2.14	27.5	9
2013-07-04	0.6	5.15	28	10
2013-07-05	12	3.68	27.5	11
2013-07-06	14	4.53	28	10.5
2013-07-07	14.5	2.49	27	11.5
2013-07-08	5	1.3	27.5	11
2013-07-09	0.01	5.32	28	8
2013-07-10	1.2	4.46	28.5	9.5
2013-07-11	0.01	3.38	27	9
2013-07-12	1.8	5.47	28	8.5
2013-07-13	17.2	4.61	27	9
2013-07-14	0.01	5.49	28	8
2013-07-15	0	3.53	28.5	9
2013-07-16	0.01	4.89	27.5	9
2013-07-17	0	5.03	28	9.5
2013-07-18	0.7	3.95	27.5	11
2013-07-19	0	4.27	28	9
2013-07-20	0.01	3.84	27.5	9.5
2013-07-21	0.8	4.44	28	10
2013-07-22	0.4	4.57	28.5	9.5
2013-07-23	0	4.28	28	11
2013-07-24	0	5.37	27.5	9
2013-07-25	0.01	4.98	28	8
2013-07-26	0	3.57	27	8
2013-07-27	0	4.87	28	6
2013-07-28	0.01	5.11	28.5	6.5
2013-07-29	0	7.57	27.5	7
2013-07-30	0	0.91	28	6
2013-07-31	0	2.61	27.5	8.5
2013-08-01	0.01	4.05	27	8
2013-08-02	0.01	5.38	28	7
2013-08-03	0	4.24	27	7.5
2013-08-04	2.6	3.98	28	7
2013-08-05	0.01	4.22	27.5	7.5
2013-08-06	0.01	4.71	28	8
2013-08-07	0	5.47	27.5	9.5
2013-08-08	0.01	4.83	28	8.5
2013-08-09	2.3	4.07	27	7
2013-08-10	3.2	4.04	27.5	8.5
2013-08-11	2	3.13	27	8
2013-08-12	5	2.82	28	9.5
2013-08-13	2.2	4.13	27.5	11
2013-08-14	2.4	4.28	28	8
2013-08-15	0.01	4.12	27.5	7.5
2013-08-16	0	4.7	28	8
2013-08-17	23	4.2	27	7.5
2013-08-18	0.01	4.03	28	9
2013-08-19	0.01	3.89	28.5	7
2013-08-20	3.2	2.28	28	10
2013-08-21	2.3	1.67	27.5	9.5
2013-08-22	5.8	4.64	28	9
2013-08-23	0.01	4.09	27.5	10
2013-08-24	5.2	2.96	28	9.5
2013-08-25	23.8	5	28.5	10.5
2013-08-26	19.6	3.38	27.5	10
2013-08-27	4.6	2.62	28	10.5
2013-08-28	0	8.93	28.5	7.5
2013-08-29	9.6	2.05	28	8
2013-08-30	0.01	3.43	28.5	9.5
2013-08-31	0	4.24	28	9.5
2013-09-01	1.8	NULO	27.5	10
2013-09-02	1.4	NULO	27	10.5
2013-09-03	8.2	NULO	28	11
2013-09-04	4.6	NULO	27.5	12
2013-09-05	1.2	NULO	28	10.5
2013-09-06	4	NULO	27.5	12
2013-09-07	9	NULO	28	11.5
2013-09-08	2	NULO	27.5	12
2013-09-09	0	NULO	28	11
2013-09-10	29	NULO	28.5	12
2013-09-11	16	NULO	28	11.5
2013-09-12	37.6	NULO	28.5	12
2013-09-13	60.8	NULO	27.5	9
2013-09-14	6.5	NULO	27	11
2013-09-15	4.3	NULO	28	12
2013-09-16	2.1	NULO	28.5	11.5
2013-09-17	3	NULO	27.5	11
2013-09-18	8.2	NULO	27.8	10.5
2013-09-19	1.6	NULO	27.5	11
2013-09-20	0	NULO	28	10
2013-09-21	2.7	NULO	28.5	10.5
2013-09-22	0	NULO	27.5	9.5
2013-09-23	0	NULO	28	11
2013-09-24	3.2	NULO	28.5	9
2013-09-25	0.8	NULO	28	9.5
2013-09-26	19	NULO	28.5	11
2013-09-27	11	NULO	28	12
2013-09-28	0.01	NULO	28.5	9
2013-09-29	0.01	NULO	28	9.5
2013-09-30	0	NULO	NULO	NULO
2013-10-01	0.01	3.26	28	7
2013-10-02	0.01	4.23	28.5	9
2013-10-03	0	3.59	28	7.5
2013-10-04	0	3.51	28.5	6
2013-10-05	0	3.77	28	6
2013-10-06	22.4	6.1	27.5	8
2013-10-07	2.3	3.1	28	7.5
2013-10-08	0	3.09	28.5	8
2013-10-09	0	2.57	28	9
2013-10-10	0	2.13	28.5	9
2013-10-11	0	2.89	28	10
2013-10-12	0	2.6	27.5	10.5
2013-10-13	0	2.76	27	9.5
2013-10-14	0.01	2.73	28	10
2013-10-15	0	4.8	27.5	10.5
2013-10-16	0	4.15	26	9.5
2013-10-17	0	2.76	27.5	10
2013-10-18	0	2.79	28	9.5
2013-10-19	2	3.21	28.5	10
2013-10-20	2.2	3.54	28	9.5
2013-10-21	3.3	0.75	27.5	9
2013-10-22	8.2	1.09	27	8.5
2013-10-23	0	1.16	27.5	7.5
2013-10-24	0	1.89	27	7
2013-10-25	12.2	1.83	26.5	7.5
2013-10-26	1.6	2.07	27	7
2013-10-27	0.8	3.03	27.5	7.5
2013-10-28	0.3	2.07	28	8
2013-10-29	0.8	2.7	28.5	7.5
2013-10-30	0.4	2.3	28	8
2013-10-31	0	2.31	27.5	7.5
2013-11-01	0	1.54	27	8.5
2013-11-02	0	3.35	28	8
2013-11-03	0	4.03	28.5	8.5
2013-11-04	0	1.67	28	9
2013-11-05	0	2.1	28.5	8.5
2013-11-06	0.01	2.2	28	9
2013-11-07	2	0.2	28.5	8.5
2013-11-08	0	4.65	28	9
2013-11-09	0.01	2.22	27.5	10
2013-11-10	0.4	2.77	27	9
2013-11-11	0.4	0.91	26	8.5
2013-11-12	21.2	3.84	25	10
2013-11-13	6.2	0.48	26	9.5
2013-11-14	0.01	1.52	26.5	9
2013-11-15	0	3.44	27	9
2013-11-16	0	2.9	28	8
2013-11-17	0	3.64	27	9
2013-11-18	0	1.72	28	10
2013-11-19	0	2.01	27	9.5
2013-11-20	0	1.82	26	8
2013-11-21	0.5	3.09	27	9
2013-11-22	3	2.88	26.5	8
2013-11-23	0.01	1.56	27	7.6
2013-11-24	0.01	1.47	27.5	6.5
2013-11-25	0	1.73	26	8
2013-11-26	0	3.41	27	8.5
2013-11-27	0	2.13	28	6
2013-11-28	0.01	2.86	27.5	7
2013-11-29	0	0.6	27	7.5
2013-11-30	0	2.99	NULO	NULO
2013-12-01	0	3.19	25.5	6
2013-12-02	0	3.04	26	2
2013-12-03	0	2.75	27	5
2013-12-04	0	3.64	26	6
2013-12-05	0	2.19	27	6.5
2013-12-06	0	3.85	28	7
2013-12-07	0	2.4	27.5	8
2013-12-08	0	2.2	28	6.5
2013-12-09	0	2.36	27	6
2013-12-10	0.2	0.76	26	7
2013-12-11	0.2	0.95	25	8
2013-12-12	1	0.7	25.5	8.5
2013-12-13	0	1.26	26	8
2013-12-14	0	2.32	25	8.5
2013-12-15	0	3.26	26	6.5
2013-12-16	0	2.1	25	5
2013-12-17	0	0.71	25	0
2013-12-18	0	2.48	25.5	3
2013-12-19	0	2.04	25	3.5
2013-12-20	0	1.78	26	3
2013-12-21	0	2.1	27	8
2013-12-22	0.6	1.43	25	7
2013-12-23	0.01	2.41	24	6.5
2013-12-24	0.01	0.44	24.5	4
2013-12-25	8.5	2.78	24	5
2013-12-26	4.3	0.16	23	6
2013-12-27	0.6	0.26	22	5.5
2013-12-28	0	2.08	22.5	6
2013-12-29	0	0.21	23	6.5
2013-12-30	0.01	1.05	24	7
2013-12-31	0.01	2.43	22	7
2014-01-01	0.01	1	21	4
2014-01-02	2.5	0.56	22.5	4
2014-01-03	0.01	1.04	24	3
2014-01-04	0	2	22	1
2014-01-05	0.01	0.49	20	2
2014-01-06	0.01	1.44	16	3
2014-01-07	0	0.99	20	-0.3
2014-01-08	0	2.4	16	-0.4
2014-01-09	0	1.15	23	3
2014-01-10	0	2.58	22	5
2014-01-11	0.01	0.87	25	5.5
2014-01-12	0	1.58	24	3
2014-01-13	0.3	1.62	18	5
2014-01-14	0	2.15	25	2
2014-01-15	0	0.23	22	4
2014-01-16	0	3.15	20	-0.5
2014-01-17	0	NULO	19	-0.4
2014-01-18	0	NULO	18	4
2014-01-19	0	3.35	16	-0.4
2014-01-20	0	1.48	19	-0.4
2014-01-21	0	2.27	18	-0.2
2014-01-22	0	2.62	26	-0.3
2014-01-23	0.01	2.63	22	2
2014-01-24	0.01	3.02	24	4
2014-01-25	0	1.62	22	2
2014-01-26	0	3.1	26	2
2014-01-27	0	3.36	27	5
2014-01-28	1	2.89	21	5
2014-01-29	0.01	1.74	12	2
2014-01-30	NULO	1.69	24	0
2014-01-31	0	3.28	25	2
2014-02-01	0	3.63	27	4
2014-02-02	0	3.72	28	6
2014-02-03	0	2.66	27	6
2014-02-04	0	3.89	22	6
2014-02-05	0	2.58	25	7
2014-02-06	0	3.92	22	9
2014-02-07	0	2.84	25	4
2014-02-08	0	3.4	23	6
2014-02-09	0	4.48	22	3
2014-02-10	0	3.61	20	2
2014-02-11	0	3.25	21	1
2014-02-12	0	3.69	20	5
2014-02-13	0	3.97	22	1
2014-02-14	0	4.56	20	2
2014-02-15	0	2.32	7	4
2014-02-16	0	5.29	15	0
2014-02-17	0	4.38	20	0
2014-02-18	0	2.77	24	0
2014-02-19	0	4.08	25	3
2014-02-20	0	5.11	21	4
2014-02-21	0.01	1.47	20	5
2014-02-22	0	4.11	25	8
2014-02-23	0	2.85	26	7
2014-02-24	0	2.91	21	5
2014-02-25	0	3.99	24	7
2014-02-26	0	3.05	23	6
2014-02-27	0	4.72	24	9
2014-02-28	0	4.18	NULO	NULO
2014-03-01	0	2.02	27	8
2014-03-02	0	NULO	28	9
2014-03-03	8.4	8.4	23	10
2014-03-04	1.2	3.17	25	10
2014-03-05	0	6.06	26	9
2014-03-06	0	3.91	20	6
2014-03-07	0	4.54	28	5
2014-03-08	1	4.78	23	9
2014-03-09	1.6	2.47	20	8
2014-03-10	0	3.39	25	8
2014-03-11	0	7.36	21	9
2014-03-12	0.5	5.1	19	3
2014-03-13	0	3.62	20	6
2014-03-14	0	5.07	22.5	5
2014-03-15	0	6.92	25	8
2014-03-16	0.5	6.5	23	6
2014-03-17	0	2.2	24	5
2014-03-18	0	3.23	26	4
2014-03-19	0	6.91	28	10
2014-03-20	0	2.61	27.5	13
2014-03-21	0	4.79	26	10
2014-03-22	0	5.19	27	7
2014-03-23	0	4.94	28	8
2014-03-24	3.8	0.37	27.5	11
2014-03-25	0.01	1.83	28	10
2014-03-26	2.5	1.54	27.5	10
2014-03-27	0	6.29	28	9
2014-03-28	0	5.56	28.5	11
2014-03-29	3.7	6.62	29	9
2014-03-30	0.4	3.01	29.5	11
2014-03-31	0	8.69	NULO	NULO
2014-04-01	0	3.61	29	8
2014-04-02	0	5.53	20	9
2014-04-03	0	8.17	22	12
2014-04-04	0	5.22	23	11
2014-04-05	0	6.86	25	12
2014-04-06	0	7.56	26	13
2014-04-07	0	6.65	27	13
2014-04-08	0	3.9	28	10
2014-04-09	0	5.23	26	8
2014-04-10	0	4.72	27	6
2014-04-11	0	6.5	26	10
2014-04-12	0	7.38	27	4
2014-04-13	0	5.08	26	6
2014-04-14	0.01	1.27	25	8
2014-04-15	0	7.86	24	7
2014-04-16	0.6	4.2	25	6
2014-04-17	0.8	3.68	26	6
2014-04-18	0.5	3.87	27	7
2014-04-19	0	2.28	28	8
2014-04-20	0	5.63	27	9
2014-04-21	0	4.68	28	8
2014-04-22	0	4.61	27	7
2014-04-23	2.8	2.8	26	11
2014-04-24	0	NULO	27	10
2014-04-25	17.2	1.72	28	11
2014-04-26	18.3	1.02	27	10
2014-04-27	0.4	4.61	28	9
2014-04-28	0	6.73	28	10
2014-04-29	0.6	6	27	13
2014-04-30	0	0.39	NULO	NULO
2014-05-01	0.01	2	28	10
2014-05-02	0	3.22	29	9
2014-05-03	0	1.64	28	8
2014-05-04	0	5.46	29	9
2014-05-05	0	7	28	7
2014-05-06	0	5.12	29	9
2014-05-07	1.8	2.98	28	10
2014-05-08	0	3.43	29	10
2014-05-09	0	3.17	28	9
2014-05-10	0	4.07	29	12
2014-05-11	0	6.07	28	13
2014-05-12	0	3.85	29	13
2014-05-13	4.2	6.15	28	13
2014-05-14	0.2	2.29	27	12
2014-05-15	0	4.43	26	6
2014-05-16	0	3.75	27	4
2014-05-17	0	4.94	26	2
2014-05-18	0	4.98	27	3
2014-05-19	0	4.18	25	6
2014-05-20	0	6.38	26	2
2014-05-21	0	5.41	27	4
2014-05-22	0	6.17	28	7
2014-05-23	0	5.23	29	9
2014-05-24	0.01	2.62	29	10
2014-05-25	0	3.55	29	13
2014-05-26	6.2	3.77	28	12
2014-05-27	4.2	3.72	29	14
2014-05-28	0	5.13	28	15
2014-05-29	0	6.35	29	13
2014-05-30	2.5	3.97	28	14
2014-05-31	0.01	2.01	28	13
2014-06-01	0	4.66	29	8
2014-06-02	5	3.17	28	10
2014-06-03	1	1.88	29	11
2014-06-04	2.5	1.3	29	12
2014-06-05	12	3.93	28	15
2014-06-06	12.2	2.88	27	16
2014-06-07	1	2.58	28	15
2014-06-08	0	3.82	29	14
2014-06-09	0	3.98	29	15
2014-06-10	0.01	5.33	28	14
2014-06-11	0	5.83	29	13
2014-06-12	0	5.03	29	12
2014-06-13	0	6.48	28	13
2014-06-14	0	6.05	29	12
2014-06-15	0	4.64	28	11
2014-06-16	1	3.83	29	13
2014-06-17	0	6.17	29	14
2014-06-18	0	5.32	28	13
2014-06-19	0.6	4.18	27	14
2014-06-20	5	3.45	28	14
2014-06-21	0.6	5.25	29	13
2014-06-22	0	3.91	26	15
2014-06-23	5	1.62	28	14
2014-06-24	4.3	2.27	27	15
2014-06-25	3.2	3.09	28	14
2014-06-26	3.7	1.02	27	15
2014-06-27	7.8	2.03	28	14
2014-06-28	3.2	6.32	29	14
2014-06-29	6	3.39	27	12
2014-06-30	0	4.49	NULO	NULO
2014-07-01	0.5	2.15	28	12
2014-07-02	19	2.92	27	13
2014-07-03	0.8	1.61	28	13
2014-07-04	1.8	1.19	29	13
2014-07-05	0.8	2.4	28	12
2014-07-06	2.5	2.45	29	11
2014-07-07	10	1.71	28	12
2014-07-08	0.01	2.76	29	11
2014-07-09	5.6	4.07	28	13
2014-07-10	0	2.43	29	14
2014-07-11	3	4.25	28	10
2014-07-12	1.2	3.78	29	9
2014-07-13	1.6	2.76	28	10
2014-07-14	0.5	4.53	29	9
2014-07-15	0	5.63	29	10
2014-07-16	11.4	3.27	28	12
2014-07-17	8.6	3.26	29	14
2014-07-18	1.6	2.74	28	15
2014-07-19	0.6	4.43	29	11
2014-07-20	0	4.06	28	9
2014-07-21	0	5.5	29	10
2014-07-22	0	6.01	28	11
2014-07-23	0.5	4.61	28	10
2014-07-24	0.01	3.38	29	10
2014-07-25	0	5.15	29	6
2014-07-26	0	3.97	29	10
2014-07-27	0	5.2	29	8
2014-07-28	1.4	5.47	28	8
2014-07-29	15.8	4.73	29	6
2014-07-30	0	4.33	28	9
2014-07-31	0.01	4.59	29	9
2014-08-01	0.8	4.66	28	10
2014-08-02	0.3	5.73	29	8
2014-08-03	0	4.25	29	9
2014-08-04	0	3.87	28	10
2014-08-05	0	4.15	29	9
2014-08-06	2	3.89	28	10
2014-08-07	3.6	2.77	28	8
2014-08-08	0.4	2.92	29	7
2014-08-09	1.3	2.05	28	10
2014-08-10	4.5	6.15	29	10
2014-08-11	9.6	4.4	28	12
2014-08-12	4.5	0.82	29	11
2014-08-13	0	5.28	28	10
2014-08-14	0	5.11	29	11
2014-08-15	0.7	4.3	28	12
2014-08-16	0	4.32	29	10
2014-08-17	0	2.43	29	11
2014-08-18	4.7	1.87	28	11
2014-08-19	1	4.36	29	12
2014-08-20	0	4.15	28	9
2014-08-21	4.5	3.77	29	11
2014-08-22	13	4.38	28	9
2014-08-23	1	3.89	29	8
2014-08-24	0.01	4.17	29	9
2014-08-25	0	6.12	28	10
2014-08-26	0	4.27	29	9
2014-08-27	0	4.85	28	9
2014-08-28	0.01	8.42	29	8
2014-08-29	0.6	1.12	29	10
2014-08-30	4.8	2.95	28	11
2014-08-31	3	2.78	29	10
2014-09-01	1	0.28	28	11
2014-09-02	26.3	9.6	29	12
2014-09-03	4	0.68	28	12
2014-09-04	5.2	1.65	28	12
2014-09-05	0.6	3.27	29	13
2014-09-06	0.5	3.63	28	11
2014-09-07	3	1.93	29	12
2014-09-08	2.6	1.72	24	12
2014-09-09	0.01	2.17	28	13
2014-09-10	6	4.39	29	12
2014-09-11	0.01	4.56	29	11
2014-09-12	0	3.15	28	11
2014-09-13	0	3.84	29	10
2014-09-14	2.6	0.24	28	13
2014-09-15	0.6	0.95	29	12
2014-09-16	4.5	2.21	28	11
2014-09-17	0	3.79	29	13
2014-09-18	0	4.59	28	11
2014-09-19	0	3.8	29	11
2014-09-20	0	1.95	29	10
2014-09-21	2.2	4.64	28	11
2014-09-22	7	1.53	29	12
2014-09-23	1.4	1.22	29	13
2014-09-24	0.5	1.18	29	12
2014-09-25	0.8	3.29	28	12
2014-09-26	1	4	29	12
2014-09-27	3	3.32	29	11
2014-09-28	5.5	0.3	29	11
2014-09-29	0.01	2.81	28	12
2014-09-30	0	3.41	NULO	NULO
2014-10-01	0	3.83	28	13
2014-10-02	0.9	3.82	29	13
2014-10-03	6.2	1.52	28	14
2014-10-04	4	2.39	29	13
2014-10-05	11.2	5.07	29	12
2014-10-06	0.8	2.5	29	13
2014-10-07	0	5.15	28	10
2014-10-08	0	3.94	29	9
2014-10-09	0.01	4.34	29	10
2014-10-10	0	3.98	28	10
2014-10-11	0.01	1.68	27	9
2014-10-12	0	2.24	28	10
2014-10-13	28.5	5.16	28	9
2014-10-14	0.01	2.45	29	7
2014-10-15	0	1.83	28	6
2014-10-16	0	4.26	29	6
2014-10-17	0	3.13	28	7
2014-10-18	12	0.58	29	8
2014-10-19	19.2	3.64	28	13
2014-10-20	6	0.59	27	12
2014-10-21	1.5	1.02	28	12
2014-10-22	0.4	2.24	29	12
2014-10-23	0.5	2.07	28	11
2014-10-24	1.6	1.24	29	9
2014-10-25	0	3.04	28	8
2014-10-26	0	2.94	29	5
2014-10-27	0	3.07	28	4
2014-10-28	0	3.28	27	3
2014-10-29	0	3.01	28	1
2014-10-30	0.9	2.06	28	0
2014-10-31	0.4	4	27	0
2014-11-01	0.4	0.67	27	3
2014-11-02	0	3.58	28	3
2014-11-03	0	2.39	29	4
2014-11-04	0	2.98	28	6
2014-11-05	0.01	3.35	29	7
2014-11-06	0.01	4.06	28	7
2014-11-07	3	2.5	29	8
2014-11-08	0.01	2.79	28	8
2014-11-09	0	1.51	29	7
2014-11-10	0	3.55	29	5
2014-11-11	10.4	1.44	28	9
2014-11-12	14.2	1.82	28	9
2014-11-13	0	1.12	29	8
2014-11-14	0	3.16	29	7
2014-11-15	0	3.03	28	7
2014-11-16	0	2.99	29	8
2014-11-17	0	1.65	28	10
2014-11-18	0	1.83	28	4
2014-11-19	0	2.56	29	4
2014-11-20	10.2	1.73	28	3
2014-11-21	1.2	1.99	28	4
2014-11-22	0	2.99	29	3
2014-11-23	0	3.35	29	2
2014-11-24	0	3.49	28	3
2014-11-25	0	2.66	29	2
2014-11-26	0	1.73	28	0
2014-11-27	0	3.65	29	-3
2014-11-28	0	0.51	28	-1
2014-11-29	0	3.49	29	0
2014-11-30	0	2.11	12	0
2014-12-01	0.01	1	21	4
2014-12-02	2.5	0.56	22.5	4
2014-12-03	0.01	1.04	24	3
2014-12-04	0	2	22	1
2014-12-05	0.01	0.49	20	2
2014-12-06	0.01	1.44	16	3
2014-12-07	0	0.99	20	-3
2014-12-08	0	2.4	16	-4
2014-12-09	0	1.15	23	3
2014-12-10	0	2.58	22	5
2014-12-11	0.01	0.87	25	5.5
2014-12-12	0	1.58	24	3
2014-12-13	0.3	1.62	18	5
2014-12-14	0	2.15	25	2
2014-12-15	0	0.23	22	4
2015-01-01	0	3.88	22	8
2015-01-02	0	3.39	19	9
2015-01-03	0	2.63	22	8
2015-01-04	1.5	0.53	20	7
2015-01-05	3.5	0.64	22	3
2015-01-06	1.8	1.82	21	6
2015-01-07	7.8	0.88	17	7
2015-01-08	0.8	0.73	16	4
2015-01-09	0	0.81	17	1
2015-01-10	1.2	1.55	18	2
2015-01-11	0	2.41	16	3
2015-01-12	0	1.53	18	1
2015-01-13	0	1.91	15	2
2015-01-14	0	5.81	22	0
2015-01-15	0	2.34	16	2
2015-01-16	0	2.85	20	0
2015-01-17	0	3.29	28	3
2015-01-18	0	1.43	16	2
2015-01-19	0	3.22	20	-4
2015-01-20	0	2.37	22	-1
2015-01-21	0.3	2.1	23	2
2015-01-22	0.5	0.38	24	2
2015-01-23	0.4	8.32	25	2
2015-01-24	0	3.04	26	3
2015-01-25	0	2.98	24	2
2015-01-26	0	3.37	25	3
2015-01-27	0	1.85	22	1
2015-01-28	0	2.9	17	3
2015-01-29	0	1.87	24	-4
2015-01-30	0.3	3.37	25	0
2015-01-31	0	6.41	20	3
2015-02-01	0	3.02	20	2
2015-02-02	0.4	2.37	22	1
2015-02-03	0	2.11	23	2
2015-02-04	0	3.36	24	3
2015-02-05	0.8	2.1	23	2
2015-02-06	0	1.66	20	4
2015-02-07	0	3.62	20	-4
2015-02-08	0	3.65	25	-2
2015-02-09	0	3.48	25	-2
2015-02-10	0	2.84	23	0
2015-02-11	0	2.75	24	-2
2015-02-12	3.2	2.55	23	2
2015-02-13	0.5	0.7	22	0
2015-02-14	0	2.03	24	2
2015-02-15	0	3.58	22	4
2015-02-16	0	3.08	23	5
2015-02-17	0	3.86	24	3
2015-02-18	0	4.92	22	4
2015-02-19	0	4.22	23	3
2015-02-20	0	3.15	24	4
2015-02-21	0	3.58	23	4
2015-02-22	0	4.41	22	4
2015-02-23	0	4.54	26	3
2015-02-24	0	4.9	26	5
2015-02-25	0	7.36	26	6
2015-02-26	0	4.25	23	7
2015-02-27	0	4.05	20	6
2015-02-28	0	5.28	20	2
2015-03-01	0	4.89	22	3
2015-03-02	0	5.21	24	4
2015-03-03	0	3.5	30	5
2015-03-04	0.5	6.18	32	5
2015-03-05	0	2.48	24	8
2015-03-06	0.01	1.12	25	5
2015-03-07	0.5	2.31	22	4
2015-03-08	0	4.26	28	3
2015-03-09	2	1.58	30	5
2015-03-10	26.2	1.89	28	6
2015-03-11	21	7.77	25	6
2015-03-12	2.5	1.99	23	7
2015-03-13	4.5	0.56	25	5
2015-03-14	14	1.21	24	6
2015-03-15	0.01	1.96	25	4
2015-03-16	0.01	2.19	20	4
2015-03-17	0.01	2.81	26	5
2015-03-18	0.01	4.3	28	6
2015-03-19	0	4.04	30	7
2015-03-20	1.8	3.64	29	7
2015-03-21	0.01	3.79	28	7
2015-03-22	0	4.18	21	8
2015-03-23	0.01	5.09	22	9
2015-03-24	13.2	4.04	30	9
2015-03-25	14	1.67	31	10
2015-03-26	1.5	3.61	30	10
2015-03-27	8.6	4.59	23	9
2015-03-28	0	4.82	25	10
2015-03-29	0	5.3	25	9
2015-03-30	0	4.38	26	4
2015-03-31	0	3.87	23	5
2015-04-01	0	4.6	29	6
2015-04-02	0	4.7	26	2
2015-04-03	0	4.08	31	5
2015-04-04	0	4.48	30	7
2015-04-05	0	4.02	23	8
2015-04-06	6	4.8	35	10
2015-04-07	0	3.75	33	11
2015-04-08	0	4.77	32	5
2015-04-09	0	6.2	32	6
2015-04-10	0	4.84	25	4
2015-04-11	0	4.42	33	9
2015-04-12	1.5	3.67	28	9
2015-04-13	0	4.35	29	8
2015-04-14	1.5	4.24	26	9
2015-04-15	0	4.28	32	7
2015-04-16	6.5	4.6	33	7
2015-04-17	0	5.75	21	8
2015-04-18	0.01	4.43	31	7
2015-04-19	0	5.27	21	6
2015-04-20	0	4.88	33	9
2015-04-21	0.6	4.18	31	8
2015-04-22	0.01	3.69	29	9
2015-04-23	0	5.48	21	8
2015-04-24	19.4	3.04	21	9
2015-04-25	0.4	3.84	32	10
2015-04-26	0	5.43	33	6
2015-04-27	2.5	4.59	30	8
2015-04-28	0	4.63	29	5
2015-04-29	4.2	3.96	28	9
2015-04-30	0	4.09	26	7
2015-05-01	9	5.49	33	5
2015-05-02	0	4.01	32	8
2015-05-03	0	6	32	10
2015-05-04	0.5	4.78	27	9
2015-05-05	0	4.85	26	7
2015-05-06	0	4.82	30	5
2015-05-07	0	4.95	27	6
2015-05-08	0	3.96	29	5
2015-05-09	0	6.52	32	7
2015-05-10	0.3	5.73	27	5
2015-05-11	0	3.41	28	6
2015-05-12	0.5	5.08	27	8
2015-05-13	5	2.1	30	9
2015-05-14	6.5	4.43	31	9
2015-05-15	1.2	4.12	20	9
2015-05-16	0	5.04	24	5
2015-05-17	3.2	3.53	33	6
2015-05-18	1	5.2	32	8
2015-05-19	0	4.57	33	5
2015-05-20	0	6.48	31	6
2015-05-21	0.5	4.14	32	9
2015-05-22	0.01	5.32	34	8
2015-05-23	0	5.27	34	9
2015-05-24	0	6.64	35	10
2015-05-25	0	5.16	34	11
2015-05-26	0	4.28	35	10
2015-05-27	0	5.97	34	9
2015-05-28	3	5.33	28	8
2015-05-29	6.8	1.22	20	5
2015-05-30	7.8	1.73	20	6
2015-06-01	0	2.6	27	4
2015-06-02	0	2.59	27	9
2015-06-03	0	4.18	29	4
2015-06-04	0	4.23	27	5
2015-06-05	0	4.37	26	8
2015-06-06	0	5.83	29	7
2015-06-07	0.01	3.71	28	9
2015-06-08	0.01	5.78	29	6
2015-06-09	0	5.92	29	4
2015-06-10	0	5.19	27	6
2015-06-11	0.01	4.98	29	8
2015-06-12	0	5.66	31	9
2015-06-13	15.5	3.58	30	7
2015-06-14	0.5	5.29	29	8
2015-06-15	5.5	2.38	28	7
2015-06-16	0	2.84	30	5
2015-06-17	0.5	3.24	29	9
2015-06-18	1.4	5.46	24	10
2015-06-19	0	5.07	24	7
2015-06-20	2	2.61	27	9
2015-06-21	0	4.21	29	9
2015-06-22	0.7	5.77	30	10
2015-06-23	0.01	4.87	28	3
2015-06-24	3.2	3.14	20	6
2015-06-25	0	4.29	27	9
2015-06-26	0	3.95	30	7
2015-06-27	10.5	4.57	28	7
2015-06-28	0.5	4.22	27	8
2015-06-29	0.4	7.87	28	7
2015-06-30	6	2.4	30	10
2015-07-01	5	3.17	27	9
2015-07-02	0.3	4.11	28	7
2015-07-03	0.01	5.17	29	8
2015-07-04	2.3	4.13	29	9
2015-07-05	0	2.11	20	8
2015-07-06	0	5.4	19	6
2015-07-07	0.01	5.24	30	7
2015-07-08	0	4.37	30	4
2015-07-09	6.4	5.44	28	5
2015-07-10	15.5	3.87	26	8
2015-07-11	12.2	3.25	24	9
2015-07-12	0.01	3.01	25	10
2015-07-13	0	4.4	27	3
2015-07-14	0	4.99	15	3
2015-07-15	0.01	5.27	16	3
2015-07-16	2.2	3.77	30	5
2015-07-17	1.6	2.5	28	6
2015-07-18	0	5.67	31	9
2015-07-19	0.01	4.42	31	9
2015-07-20	0	5.24	30	5
2015-07-21	0	4.71	31	4
2015-07-22	0.01	3.39	32	5
2015-07-23	0	2.63	32	7
2015-07-24	0	4.24	22	4
2015-07-25	2.2	7.05	20	5
2015-07-26	0	6.3	32	3
2015-07-27	0	6.41	31	3
2015-07-28	0	5.52	28	4
2015-07-29	0.01	4.18	30	6
2015-07-30	0	5.64	29	5
2015-07-31	0	4.88	30	6
2015-08-01	0	5.83	30	4
2015-08-02	0	4.18	30	5
2015-08-03	0	3.45	31	7
2015-08-04	6.8	6.73	30	5
2015-08-05	0	5.08	29	5
2015-08-06	0	4.72	32	4
2015-08-07	0	5.91	32	6
2015-08-08	0	4.32	33	7
2015-08-09	0.01	5.32	28	5
2015-08-10	0	5.55	31	3
2015-08-11	18	4.36	22	6
2015-08-12	0.01	3.67	28	4
2015-08-13	4	6.17	29	5
2015-08-14	1	4.17	25	6
2015-08-15	0	2.78	27	5
2015-08-16	0.01	2.48	28	7
2015-08-17	2	0.9	27	5
2015-08-18	4.4	2.39	24	3
2015-08-19	12.8	4.99	32	2
2015-08-20	0.3	3.94	31	3
2015-08-21	0	3.14	30	5
2015-08-22	0.5	4.26	29	4
2015-08-23	0.01	6.02	30	5
2015-08-24	2.2	9.32	29	6
2015-08-25	0	4.99	30	5
2015-08-26	10.2	8.75	29	3
2015-08-27	2.8	2.22	26	3
2015-08-28	2.5	8.52	26	5
2015-08-29	15	3.18	21	2
2015-08-30	6.5	8.35	30	5
2015-08-31	1	4.13	28	3
2015-09-01	3	2.35	31	5
2015-09-02	1.5	2.45	32	6
2015-09-03	0.01	3.1	30	3
2015-09-04	7.6	5.27	31	3
2015-09-05	10.6	4.91	28	3
2015-09-06	3.8	4.87	29	4
2015-09-07	0.01	4.05	31	3
2015-09-08	0.01	5.74	30	5
2015-09-09	0	5	31	3
2015-09-10	0	4.91	21	5
2015-09-11	0.9	2.47	31	5
2015-09-12	0.9	1.65	29	5
2015-09-13	0.01	1.7	26	4
2015-09-14	7.8	0.13	29	3
2015-09-15	11.3	4.9	30	2
2015-09-16	13.2	1.6	26	3
2015-09-17	2.5	4.15	30	3
2015-09-18	0	4.6	29	2
2015-09-19	1.5	4.67	29	4
2015-09-20	2.2	4.68	30	2
2015-09-21	0	2.36	29	4
2015-09-22	0	2.76	27	2
2015-09-23	6.8	5.12	29	4
2015-09-24	9	5.23	30	6
2015-09-25	7.7	2.07	26	2
2015-09-26	2.3	2	22	5
2015-09-27	0.8	2.72	28	2
2015-09-28	0.01	1.09	28	2
2015-09-29	0.01	1.79	27	4
2015-09-30	0.4	2.68	27	9
2015-10-01	0.4	3.46	31	3
2015-10-02	0	4.82	28	4
2015-10-03	0	3.88	31	1
2015-10-04	0	3.55	30	3
2015-10-05	0.01	3.01	31	3
2015-10-06	0.01	5.5	30	5
2015-10-07	0	4.83	30	5
2015-10-08	0	3.89	33	5
2015-10-09	6.5	5.02	30	5
2015-10-10	0	4.98	28	5
2015-10-11	0.01	3.54	29	3
2015-10-12	0	4.31	34	5
2015-10-13	0	3.48	20	3
2015-10-14	3.6	1.68	27	5
2015-10-15	1.3	3.91	22	5
2015-10-16	1	1.33	25	3
2015-10-17	7.5	1.14	24	5
2015-10-18	7	0.35	23	6
2015-10-19	0.5	1.93	22	5
2015-10-20	0	3.75	28	4
2015-10-21	0.01	2.63	21	6
2015-10-22	13	2.74	21	7
2015-10-23	6.5	2.93	23	3
2015-10-24	0	3.86	23	6
2015-10-25	0	1.27	29	5
2015-10-26	0.01	2.32	28	2
2015-10-27	7.7	2.64	32	3
2015-10-28	8	3.47	28	5
2015-10-29	0	2.92	32	2
2015-10-30	0	4.16	30	3
2015-10-31	0.01	0.8	31	2
2015-11-01	0	2.6	28	4
2015-11-02	0	2.33	26	5
2015-11-03	0	2.1	32	4
2015-11-04	0.01	3.24	31	7
2015-11-05	0.01	4.25	29	4
2015-11-06	0	1.69	30	6
2015-11-07	21.2	3.48	30	3
2015-11-08	0.5	0.99	24	0
2015-11-09	0.01	3.16	29	2
2015-11-10	0	3.02	29	4
2015-11-11	0.01	3.04	33	7
2015-11-12	4.2	2.9	29	5
2015-11-13	3.8	1.12	25	9
2015-11-14	2.2	2.44	21	3
2015-11-15	0.01	2.35	24	6
2015-11-16	0	1.75	30	4
2015-11-17	0	3.57	32	5
2015-11-18	0	2.75	31	3
2015-11-19	3.6	0.47	25	5
2015-11-20	0.01	3.19	27	2
2015-11-21	6.7	0.98	30	3
2015-11-22	0.01	2.57	21	3
2015-11-23	0.01	0.72	26	5
2015-11-24	0	2.24	31	6
2015-11-25	0.01	2.59	32	5
2015-11-26	0.3	4.02	26	6
2015-11-27	0	1.98	30	5
2015-11-28	0.01	3.81	28	4
2015-11-29	0.01	0.43	26	4
2015-12-01	0	5.88	33	5
2015-12-02	0.01	1.94	26	2
2015-12-03	0.01	1.88	25	6
2015-12-04	0.01	2.53	23	5
2015-12-05	0.4	1.2	17	3
2015-12-06	1.2	1.72	17	4
2015-12-07	0	0.77	24	4
2015-12-08	0	3.39	30	5
2015-12-09	0	1.88	21.6	6
2015-12-10	0	1.89	32	3
2015-12-11	0	3.03	31	5
2015-12-12	0	4.3	32	6
2015-12-13	0	2.05	29	7
2015-12-14	0	1.5	30	3
2015-12-15	0	4.29	34	5
2015-12-16	0.01	3.11	33	6
2015-12-17	0	1.64	28	7
2015-12-18	0.5	1.2	20	4
2015-12-19	0.01	0.26	19	2
2015-12-20	0	2.7	31	4
2015-12-21	0	3.51	33	5
2015-12-22	3	2.2	34	5
2015-12-23	0.01	0.93	25	6
2015-12-24	0	1.72	22	5
2015-12-25	0	2.55	33	3
2015-12-26	0	3.07	31	6
2015-12-27	0	3.91	30	5
2015-12-28	0	4.3	34	5
2015-12-29	0	4.64	35	7
2015-12-30	0	2.26	34	8
2015-12-31	0	2.42	35	5
2016-01-01	0	0.38	26	5
2016-01-02	0	3.38	27	5
2016-01-03	0	3.08	32	6
2016-01-04	7	0.7	30	5
2016-01-05	0	2.35	31	4
2016-01-06	0	3.19	18	5
2016-01-07	0	4.28	32	5
2016-01-08	0	3.49	33	5
2016-01-09	0	3.87	32	7
2016-01-10	0.01	2	22	5
2016-01-11	0	1.73	33	3
2016-01-12	0	0.96	24	3
2016-01-13	0.5	1.05	23	5
2016-01-14	0	3.68	31	8
2016-01-15	0	2.55	34	6
2016-01-16	0	2.98	30	6
2016-01-17	0	2.02	28	4
2016-01-18	0.4	2.4	25	2
2016-01-19	0	2.67	30	0
2016-01-20	0	1.29	29	2
2016-01-21	0.6	3.58	35	3
2016-01-22	0.01	3.06	23	2
2016-01-23	0	3.69	27	2
2016-01-24	0	2.42	33	2
2016-01-25	0	3.72	35	3
2016-01-26	0	3.27	34	5
2016-01-27	0	4.16	25	4
2016-01-28	0	0.73	26	2
2016-01-29	0	3	27	3
2016-01-30	0	2.45	31	0
2016-01-31	0	4	37	4
2016-02-01	0	3.39	37	4
2016-02-02	0	4.38	40	5
2016-02-03	0	2.82	33	7
2016-02-04	0	3.54	21	4
2016-02-05	0	1.49	30	3
2016-02-06	0	2.02	22	0
2016-02-07	0	2.23	26	2
2016-02-08	0	4.47	33	2
2016-02-09	0.01	0.4	25	4
2016-02-10	0	2.63	21	3
2016-02-11	0	2.44	29	2
2016-02-12	0	4.6	31	2
2016-02-13	0	2.47	24	2
2016-02-14	0	5.43	34	0
2016-02-15	0	4.27	35	3
2016-02-16	0	3.4	34	2
2016-02-17	0	4.21	33	0
2016-02-18	0	3.76	30	2
2016-02-19	0	4.64	32	5
2016-02-20	0.01	2.96	33	4
2016-02-21	0	3.5	36	3
2016-02-22	0	3.16	35	2
2016-02-23	0	1.31	33	5
2016-02-24	0	3.85	25	6
2016-02-25	0	3.16	28	5
2016-02-26	0	2.34	21	2
2016-02-27	0.01	0.34	29	2
2016-02-28	0.01	0.37	33	4
2016-02-29	0.01	3.22	35	3
2016-03-01	0	2.7	33	5
2016-03-02	0	1.92	28	4
2016-03-03	0	2.08	33	7
2016-03-04	3.7	3.5	28	5
2016-03-05	0.01	4.33	23	2
2016-03-06	0	4.34	32	1
2016-03-07	0	4.82	35	3
2016-03-08	2.6	7.16	34	6
2016-03-09	0.6	4.55	27	7
2016-03-10	0	7.78	28	6
2016-03-11	0	5.01	32	5
2016-03-12	0	4.8	33	2
2016-03-13	0	6.01	37	2
2016-03-14	0	4.74	35	3
2016-03-15	0	6.09	39	5
2016-03-16	0.8	5.72	39	7
2016-03-17	0.01	4.85	36	6
2016-03-18	0	4.6	24	6
2016-03-19	0.4	3	34	8
2016-03-20	0.4	1.83	23	7
2016-03-21	0	0.37	20	2
2016-03-22	1.6	2.64	35	3
2016-03-23	0	5.62	36	3
2016-03-24	0.4	2.51	36	7
2016-03-25	0	5.54	35	6
2016-03-26	0	4.85	36	7
2016-03-27	0	6.24	37	6
2016-03-28	7.2	3.14	33	12
2016-03-29	0	5.68	37	6
2016-03-30	0	6.33	42	5
2016-03-31	0	7.01	41	6
2016-04-01	0	7.04	40	7
2016-04-02	0	5.26	28	4
2016-04-03	0	2.22	24	5
2016-04-04	0	5.58	35	5
2016-04-05	0	5.01	33	3
2016-04-06	0	5.98	40	2
2016-04-07	0	3.78	33	2
2016-04-08	0	5.65	33	2
2016-04-09	0	4.97	30	5
2016-04-10	0	4.49	32	8
2016-04-11	0	6.93	41	8
2016-04-12	1.4	5.57	39	11
2016-04-13	0	5.84	40	7
2016-04-14	0.01	3.94	35	4
2016-04-15	0	5.94	41	5
2016-04-16	0	7.03	40	8
2016-04-17	0	6.42	39	6
2016-04-18	7.2	4.44	35	7
2016-04-19	4.2	4.66	28	6
2016-04-20	9.8	2.88	31	9
2016-04-21	22.2	5.9	37	6
2016-04-22	0	2.38	31	8
2016-04-23	9.5	4.01	27	6
2016-04-24	0	4.9	35	3
2016-04-25	0	3.3	34	8
2016-04-26	0	5.34	38	7
2016-04-27	0	6.85	38	7
2016-04-28	0	6.83	39	6
2016-04-29	0	7.35	41	6
2016-04-30	0	5.79	38	10
2016-05-01	0	7.74	40	5
2016-05-02	0.01	4.59	36	5
2016-05-03	0	4.64	32	9
2016-05-04	0.01	5.58	32	4
2016-05-05	0	4.49	32	3
2016-05-06	0	5.06	32	5
2016-05-07	0	6.67	35	6
2016-05-08	0	4.38	40	7
2016-05-09	5.5	7.07	39	11
2016-05-10	3.2	5.16	38	2
2016-05-11	1.6	6.46	39	3
2016-05-12	0	4.44	33	7
2016-05-13	0.01	5.37	34	4
2016-05-14	0	5.17	33	5
2016-05-15	4.8	2.13	34	4
2016-05-16	0	5.69	35	5
2016-05-17	1.6	8.01	39	4
2016-05-18	1.6	3	40	6
2016-05-19	0.3	4.55	39	4
2016-05-20	0	5.19	38	9
2016-05-21	0	5.36	37	7
2016-05-22	0	4.24	40	6
2016-05-23	3.4	6.88	41	3
2016-05-24	0	5.59	39	8
2016-05-25	0.01	5.75	40	5
2016-05-26	0.01	4.81	38	7
2016-05-27	0	5.8	40	4
2016-05-28	0	5.42	39	10
2016-05-29	0	4.54	35	3
2016-05-30	0	8.71	35	5
2016-05-31	0	5.24	25	3
2016-06-01	0	4.3	33	6
2016-06-02	1.8	4.98	35	4
2016-06-03	0.6	3.11	34	8
2016-06-04	0.01	4.54	34	7
2016-06-05	0	2.86	30	8
2016-06-06	0	5	33	7
2016-06-07	1.6	0.95	33	8
2016-06-08	7.2	4.89	35	9
2016-06-09	1.2	2.15	36	5
2016-06-10	0.01	3.62	35	7
2016-06-11	6	3.5	34	6
2016-06-12	3	4.8	35	4
2016-06-13	2	3.38	35	2
2016-06-14	0	5.65	35	5
2016-06-15	1.3	3.76	36	6
2016-06-16	0	6.3	37	4
2016-06-17	9.8	3.42	35	5
2016-06-18	14	3.98	33	8
2016-06-19	7.1	3.61	30	6
2016-06-20	62.2	7.94	28	8
2016-06-21	4.4	0.85	28	7
2016-06-22	0	4.54	30	5
2016-06-23	0	4.1	32	7
2016-06-24	0	0.86	33	6
2016-06-25	2	6.67	31	7
2016-06-26	7	3.66	32	6
2016-06-27	1	6.11	33	5
2016-06-28	0.3	2.63	32	7
2016-06-29	1.1	5.53	33	4
2016-06-30	0.7	5.5	34	7
2016-07-01	0.01	2.87	33	7
2016-07-02	3.5	2.51	35	7
2016-07-03	0.01	3.21	36	8
2016-07-04	1.2	3.25	34	4
2016-07-05	5	5.17	33	8
2016-07-06	0	4.81	34	9
2016-07-07	0	5.65	35	8
2016-07-08	0	4.37	28	6
2016-07-09	0	4.86	33	9
2016-07-10	0.01	4.4	34	6
2016-07-11	17	4.95	33	5
2016-07-12	0.01	2.63	32	4
2016-07-13	6.5	2.93	33	5
2016-07-14	0.01	4.82	33	8
2016-07-15	0	6.33	32	4
2016-07-16	0	4.87	34	7
2016-07-17	6	2.42	33	9
2016-07-18	5.6	6.95	31	7
2016-07-19	14.2	4.78	27	6
2016-07-20	15	4.06	31	8
2016-07-21	7.6	4.39	32	4
2016-07-22	5.7	2.31	33	5
2016-07-23	0	4.25	34	6
2016-07-24	0	3.49	33	5
2016-07-25	17.5	5.39	33	9
2016-07-26	0	3.86	32	9
2016-07-27	0	4.2	32	6
2016-07-28	14	4.71	33	3
2016-07-29	6	3.02	30	4
2016-07-30	0.3	3.87	31	8
2016-07-31	3.5	0.01	30	6
2016-08-01	0	4.66	30	4
2016-08-02	0	5.08	31	9
2016-08-03	0	6.1	33	5
2016-08-04	3	5.26	33	8
2016-08-05	48.5	1.4	30	7
2016-08-06	32.2	3.22	32	4
2016-08-07	4.5	4.5	33	4
2016-08-08	1.6	1.6	34	5
2016-08-09	1	2.76	37	2
2016-08-10	1.7	3.68	30	2
2016-08-11	0	4.41	32	5
2016-08-12	0	2.88	35	8
2016-08-13	0	5.11	22	5
2016-08-14	0	4.5	34	6
2016-08-15	0.3	4.89	33	7
2016-08-16	5	2.27	32	9
2016-08-17	12.2	3.25	33	3
2016-08-18	6.2	4	32	5
2016-08-19	0.01	4.31	33	4
2016-08-20	0.5	0.7	35	5
2016-08-21	4.5	8.15	34	4
2016-08-22	0.8	2.68	30	8
2016-08-23	5.2	1.6	31	7
2016-08-24	0	3.17	32	7
2016-08-25	0	3.93	30	6
2016-08-26	0	3.94	31	8
2016-08-27	0	6.26	33	7
2016-08-28	0	3.74	34	6
2016-08-29	0	6.26	33	8
2016-08-30	0	5.17	34	4
2016-08-31	0.8	3.26	33	8
2016-09-01	10	1.3	31	8
2016-09-02	6	3.75	32	8
2016-09-03	15.2	3.01	32	2
2016-09-04	2	1.36	31	3
2016-09-05	1.2	4.29	32	2
2016-09-06	0	4.31	28	2
2016-09-07	0.01	3.49	30	8
2016-09-08	0	5.77	33	6
2016-09-09	0	4.82	32	8
2016-09-10	0	4.11	34	5
2016-09-11	0.5	3.86	33	6
2016-09-12	0	4.2	34	5
2016-09-13	0	4.02	34	3
2016-09-14	0.4	4.91	35	7
2016-09-15	0.3	3.68	33	9
2016-09-16	0	4.14	31	5
2016-09-17	5	4.07	34	2
2016-09-18	0	4.36	30	4
2016-09-19	8.8	3.51	33	5
2016-09-20	4	2.77	32	6
2016-09-21	3.6	0.58	28	5
2016-09-22	0	4.61	30	5
2016-09-23	0	3.49	31	6
2016-09-24	0	4.2	31	6
2016-09-25	2	3.9	33	4
2016-09-26	21.3	4.78	30	3
2016-09-27	89.4	8.94	30	2
2016-09-28	5.5	1.55	29	1
2016-09-29	2	0.98	30	5
2016-09-30	0.4	5.27	32	4
2016-10-01	0.9	2.77	30	10
2016-10-02	0.8	2.67	32	8
2016-10-03	0.01	4.21	31	9
2016-10-04	0	5.47	36	7
2016-10-05	0	3.96	35	4
2016-10-06	0	4	34	7
2016-10-07	9.3	4.41	33	5
2016-10-08	39	5.41	30	4
2016-10-09	11.3	0.96	31	4
2016-10-10	0	1.43	27	3
2016-10-11	0	1.03	29	8
2016-10-12	0.7	3.82	31	3
2016-10-13	0	5.28	29	5
2016-10-14	0	5.24	30	5
2016-10-15	0	3.05	32	5
2016-10-16	0	2.44	31	6
2016-10-17	0	4.11	32	7
2016-10-18	0	4.02	33	6
2016-10-19	0	4.31	32	5
2016-10-20	1.8	5.26	30	5
2016-10-21	0.5	0.63	28	2
2016-10-22	2.5	0.33	26	2
2016-10-23	0.01	3.2	29	8
2016-10-24	0.2	2.14	30	4
2016-10-25	0.01	3.56	30	7
2016-10-26	8.2	3.34	29	6
2016-10-27	1.5	1.93	25	7
2016-10-28	1.5	3.49	29	6
2016-10-29	0.01	2.17	27	6
2016-10-30	0.8	1.62	30	6
2016-10-31	0.6	2.44	32	6
2016-11-01	0.01	2.39	33	6
2016-11-02	0.5	4.03	31	6
2016-11-03	14.2	1.82	30	8
2016-11-04	5.2	2.56	27	7
2016-11-05	0.01	2.91	29	3
2016-11-06	0	2.38	30	6
2016-11-07	0	3.02	32	6
2016-11-08	0.8	5.97	30	7
2016-11-09	6.5	2	25	9
2016-11-10	8.8	1.91	24	6
2016-11-11	23	0.53	26	6
2016-11-12	0.3	2.02	25	3
2016-11-13	0.2	1.48	26	5
2016-11-14	0	1.82	27	5
2016-11-15	2	1.31	26	3
2016-11-16	33	1.73	25	4
2016-11-17	0	2.22	32	5
2016-11-18	14.2	2.05	31	4
2016-11-19	5.8	1.02	24	2
2016-11-20	1.1	0.15	23	6
2016-11-21	0.01	1.91	27	5
2016-11-22	0	2.91	17	4
2016-11-23	0.4	2.21	30	4
2016-11-24	0.01	3.76	20	5
2016-11-25	0.4	1.64	27	5
2016-11-26	0.8	1.66	24	5
2016-11-27	0	3.88	33	7
2016-11-28	0	4.01	35	5
2016-11-29	0	3.35	37	4
2016-11-30	0	3.06	34	2
2016-12-01	0	4.27	39	4
2016-12-02	0	4.3	31	5
2016-12-03	0	2.8	37	6
2016-12-04	0	2.4	35	2
2016-12-05	0	5.62	35	3
2016-12-06	0	2.96	34	6
2016-12-07	0	2.69	35	6
2016-12-08	0	2.6	31	6
2016-12-09	4.5	1.3	23	5
2016-12-10	2	0.35	24	4
2016-12-11	0	0.5	30	2
2016-12-12	0	6.8	35	5
2016-12-13	0	3.04	35	7
2016-12-14	0.5	2.19	34	10
2016-12-15	0	1.75	28	9
2016-12-16	0	2.35	29	5
2016-12-17	0.01	2.85	30	3
2016-12-18	0.01	2.16	28	6
2016-12-19	2	0.1	26	4
2016-12-20	12	1.7	28	2
2016-12-21	0.01	1.68	29	4
2016-12-22	0	3.64	30	4
2016-12-23	0	2.41	24	5
2016-12-24	0.01	1.89	25	8
2016-12-25	0	3.46	35	9
2016-12-26	0	2.59	34	9
2016-12-27	1.8	0.79	30	6
2016-12-28	0.01	3.53	31	5
2016-12-29	6.2	0.75	30	7
2016-12-30	12	0.06	25	6
2016-12-31	0	3.23	33	5
2017-01-01	0	2.18	34	6
2017-01-02	0	2.79	35	6
2017-01-03	0	2.6	34	7
2017-01-04	0	2.55	35	4
2017-01-05	0	2.66	35	5
2017-01-06	0	2.34	39	6
2017-01-07	0.7	0.58	36	3
2017-01-08	0.01	4.78	24	3
2017-01-09	0	2.93	24	3
2017-01-10	0	4.02	33	4
2017-01-11	0	1.55	34	4
2017-01-12	0	1.62	35	0
2017-01-13	0	NULO	30	0
2017-01-14	0	NULO	27	0
2017-01-15	0	NULO	34	2
2017-01-16	0	0.91	33	2
2017-01-17	0	4.51	34	4
2017-01-18	0	2.64	35	7
2017-01-19	0	3.85	30	6
2017-01-20	0	3.93	35	6
2017-01-21	0	5.91	37	4
2017-01-22	0	4.14	36	5
2017-01-23	0	3.75	34	0
2017-01-24	0	4.36	38	5
2017-01-25	0	4.08	39	10
2017-01-26	0	3.12	20	6
2017-01-27	0	3.14	37	7
2017-01-28	0	2.62	26	8
2017-01-29	0	1.92	21	5
2017-01-30	0	1.83	22	3
2017-01-31	0	3.4	33	3
2017-02-01	0	3.19	35	3
2017-02-02	0	3.87	31	4
2017-02-03	0.6	2.11	29	5
2017-02-04	0	3.55	20	5
2017-02-05	0	2.91	32	6
2017-02-06	0	3.39	35	8
2017-02-07	0	4.19	30	7
2017-02-08	0	5.12	28	7
2017-02-09	0	3.54	30	8
2017-02-10	0	3.28	31	3
2017-02-11	0	4.24	36	3
2017-02-12	0	3.11	36	7
2017-02-13	0	4.44	31	7
2017-02-14	0	3.96	37	5
2017-02-15	0	1.66	25	3
2017-02-16	0	2.97	30	8
2017-02-17	0	5.24	35	4
2017-02-18	0	4.78	37	6
2017-02-19	0	5.57	36	8
2017-02-20	0	3.43	36	5
2017-02-21	0	3.01	30	6
2017-02-22	0	4.71	33	3
2017-02-23	0	5.2	37	4
2017-02-24	0	NULO	36	6
2017-02-25	0	NULO	31	4
2017-02-26	0	NULO	37	5
2017-02-27	0	2.22	38	7
2017-02-28	0	5.03	39	8
2017-03-01	0	5.45	18	7
2017-03-02	0.6	3.28	17	5
2017-03-03	0.4	2.33	24	5
2017-03-04	0.8	2.5	29	5
2017-03-05	0	3.29	30	6
2017-03-06	0	5	31	8
2017-03-07	0	5.46	33	9
2017-03-08	0	3.45	30	8
2017-03-09	0	3.89	27	6
2017-03-10	0	4.08	29	5
2017-03-11	4.4	3.98	30	4
2017-03-12	8.5	2.51	27	3
2017-03-13	8.5	5.74	31	5
2017-03-14	4.5	1.01	29	5
2017-03-15	3.4	2.1	28	6
2017-03-16	0.01	2.69	25	5
2017-03-17	0	5.55	30	7
2017-03-18	0.01	4.74	25	6
2017-03-19	0	3.7	28	5
2017-03-20	0	5.77	29	4
2017-03-21	0	4.7	33	5
2017-03-22	0	5.46	32	7
2017-03-23	0	6.63	28	8
2017-03-24	0	5.8	36	5
2017-03-25	0	6.12	33	5
2017-03-26	5.4	9.95	36	6
2017-03-27	0	6.45	35	5
2017-03-28	0	5.25	32	5
2017-03-29	0	3.82	35	9
2017-03-30	0	4.64	32	5
2017-03-31	0	6.1	33	5
2017-04-01	0	4.49	35	4
2017-04-02	0	9.95	34	5
2017-04-03	0	6.59	35	3
2017-04-04	0	7.31	37	3
2017-04-05	0	2.9	33	5
2017-04-06	0	NULO	24	3
2017-04-07	0	NULO	27	2
2017-04-08	0	NULO	34	4
2017-04-09	0	NULO	35	5
2017-04-10	0	NULO	36	4
2017-04-11	0	NULO	30	4
2017-04-12	0	NULO	27	4
2017-04-13	0	NULO	26	6
2017-04-14	0	NULO	29	5
2017-04-15	0	NULO	30	5
2017-04-16	0	4.08	32	4
2017-04-17	2.5	8.66	30	5
2017-04-18	6.8	4.06	29	5
2017-04-19	0	3.26	27	6
2017-04-20	0	4.99	28	7
2017-04-21	0	4.63	31	7
2017-04-22	0	6.2	32	6
2017-04-23	0.5	3.42	25	6
2017-04-24	0.4	4.84	33	5
2017-04-25	0	9.39	34	6
2017-04-26	0	8.29	36	7
2017-04-27	0	3.7	34	4
2017-04-28	0	4.47	36	6
2017-04-29	0	7.48	37	6
2017-04-30	0	9.15	33	6
2017-05-01	0	4.13	32	5
2017-05-02	2.5	4.03	33	6
2017-05-03	0	6.77	35	7
2017-05-04	0.01	3.78	36	8
2017-05-05	0	4.67	25	5
2017-05-06	0	6.68	26	7
2017-05-07	0	5.3	35	6
2017-05-08	4.9	5.83	34	5
2017-05-09	0	4.42	32	2
2017-05-10	0	4.84	34	5
2017-05-11	0	5.5	36	3
2017-05-12	2.2	6.26	33	5
2017-05-13	6.2	5.95	32	4
2017-05-14	0	5.47	33	2
2017-05-15	0	3.65	29	3
2017-05-16	0	2.85	36	4
2017-05-17	0	7.17	36	3
2017-05-18	0	8.28	37	5
2017-05-19	0	8.64	38	6
2017-05-20	0	7.23	36	3
2017-05-21	0	6.71	36	3
2017-05-22	0	6.42	35	4
2017-05-23	0	6.87	36	3
2017-05-24	0	5.35	32	4
2017-05-25	0	6.57	36	5
2017-05-26	0	7.02	36	3
2017-05-27	0	4.6	36	4
2017-05-28	0	6.46	32	3
2017-05-29	2.5	3.44	30	3
2017-05-30	3.2	0.7	27	0
2017-05-31	4	3.18	26	4
2017-06-01	1.5	2.78	27	2
2017-06-02	0	4.39	28	4
2017-06-03	0	4.74	30	3
2017-06-04	0	6.41	32	4
2017-06-05	0	4.46	35	4
2017-06-06	0.01	5.38	34	5
2017-06-07	0	4.74	30	3
2017-06-08	0	5.95	31	3
2017-06-09	0	5.85	31	4
2017-06-10	0	4.43	32	6
2017-06-11	0	5.71	32	4
2017-06-12	0	6.62	31	3
2017-06-13	4.2	5.5	30	4
2017-06-14	1	1	27	3
2017-06-15	0	NULO	29	4
2017-06-16	0	2.34	30	4
2017-06-17	0	4.36	31	4
2017-06-18	0	6.17	30	5
2017-06-19	1.6	5.69	31	5
2017-06-20	0	5.94	29	4
2017-06-21	0	3.8	25	4
2017-06-22	0	6.97	28	4
2017-06-23	0	7.5	30	6
2017-06-24	1	3.36	31	5
2017-06-25	5.7	1.09	27	3
2017-06-26	24.2	6.01	29	8
2017-06-27	0.8	2.89	28	4
2017-06-28	2.6	4.1	31	3
2017-06-29	2	3.36	30	8
2017-06-30	4	0.25	22	5
2017-07-01	2.2	1.5	27	4
2017-07-02	9.2	5.15	29	4
2017-07-03	2	4.9	25	4
2017-07-04	0	4.27	30	5
2017-07-05	0.8	4.55	29	4
2017-07-06	7.8	3.47	27	3
2017-07-07	6.6	4.22	25	6
2017-07-08	5.5	0.76	24	4
2017-07-09	11	0.58	25	3
2017-07-10	0	2.02	26	4
2017-07-11	21	4.05	29	3
2017-07-12	0.01	7.18	27	4
2017-07-13	0.2	5.03	27	5
2017-07-14	0	5.96	26	4
2017-07-15	0	5.45	27	3
2017-07-16	0	5.51	28	5
2017-07-17	0	4.91	30	4
2017-07-18	0	5.03	29	5
2017-07-19	1	3.79	28	3
2017-07-20	1.5	4.88	27	4
2017-07-21	0.01	4.4	28	3
2017-07-22	0	4.11	29	4
2017-07-23	0	3.87	28	3
2017-07-24	0	4.07	27	4
2017-07-25	0.6	2.93	29	3
2017-07-26	0	5.18	29	4
2017-07-27	1.5	5.72	25	3
2017-07-28	0	5.27	30	4
2017-07-29	0.01	3.81	31	5
2017-07-30	0	5.55	30	5
2017-07-31	0.01	5.55	31	3
2017-08-01	6	7.84	30	4
2017-08-02	0	6.46	29	4
2017-08-03	3.4	4.69	30	4
2017-08-04	0.01	4.89	31	3
2017-08-05	0	4.28	30	2
2017-08-06	0	6.96	33	4
2017-08-07	0.01	5.36	31	6
2017-08-08	0.8	4.67	30	3
2017-08-09	79.3	7.97	24	3
2017-08-10	8.8	2.26	23	3
2017-08-11	7.8	0.49	27	3
2017-08-12	0.01	8.31	28	4
2017-08-13	0.01	5.48	30	6
2017-08-14	0	6.46	31	4
2017-08-15	0	5.32	30	6.5
2017-08-16	4	1.74	29	3
2017-08-17	0.01	7.14	30	3
2017-08-18	0	1.38	29	4
2017-08-19	1	4.91	30	3
2017-08-20	0.5	5.47	27	5
2017-08-21	4.8	4.59	28	5
2017-08-22	8	4.56	29	6
2017-08-23	0.5	3.23	27	5
2017-08-24	0	4.84	28	5
2017-08-25	0	4.56	30	5
2017-08-26	0	4.12	31	6
2017-08-27	0	4.84	32	5
2017-08-28	0.6	3.25	29	4
2017-08-29	7.2	3.03	24	3
2017-08-30	0	0.31	26	2
2017-08-31	5.5	7.57	28	3
2017-09-01	0.5	2.1	25	3
2017-09-02	3.7	0.05	26	4
2017-09-03	6.5	2.3	27	2
2017-09-04	0	3.05	29	3
2017-09-05	47.5	3.8	31	4
2017-09-06	5.5	2.69	30	2
2017-09-07	6	1.33	24	2
2017-09-08	72.4	11.23	21	2
2017-09-09	7.2	0.78	25	4
2017-09-10	4.5	1.55	27	3
2017-09-11	0	12.55	21	4
2017-09-12	0	4.48	27	5.5
2017-09-13	0	3.99	30	2
2017-09-14	0	4.65	31	5
2017-09-15	0	3.65	32	7
2017-09-16	1.6	4.55	29	5
2017-09-17	5.9	5.45	28	3
2017-09-18	0	5.27	29	2
2017-09-19	0	3.95	26	2
2017-09-20	0.8	5.65	30	3
2017-09-21	2.8	2.5	29	3
2017-09-22	24.7	6.15	29	2
2017-09-23	0.01	2.33	27	3
2017-09-24	12.2	5.64	30	4
2017-09-25	15	3.85	29	2
2017-09-26	1.5	4.31	30	3
2017-09-27	0.8	2.77	29	4
2017-09-28	4	0.74	28	3
2017-09-29	14.2	3.54	27	3
2017-09-30	16.2	11.46	28	2
2017-10-01	9.8	1.92	28	3
2017-10-02	2.7	2.26	29.5	4
2017-10-03	6.3	0.95	23	4
2017-10-04	22.7	5.82	24	3
2017-10-05	2.8	2.45	26	2
2017-10-06	0	6.07	27	5
2017-10-07	0	3.04	31	5
2017-10-08	0	3.36	31	6
2017-10-09	0	3.64	32	2
2017-10-10	48.2	4.02	28	3
2017-10-11	0.5	1.56	24	2
2017-10-12	1.2	0.94	26	3
2017-10-13	1.5	1.16	23	5
2017-10-14	0	3.18	27	4
2017-10-15	4	1.41	27	5
2017-10-16	4.2	2.04	22	6
2017-10-17	0	1.91	23	3
2017-10-18	0	3.94	24	5
2017-10-19	0	4.04	29	4
2017-10-20	0	3.72	30	5.5
2017-10-21	0	4.06	33	7
2017-10-22	0	3.66	24	7
2017-10-23	2.6	0.87	25	4
2017-10-24	15	0.98	22	5
2017-10-25	0.8	0.66	20	6
2017-10-26	0	3.81	28	4
2017-10-27	0	4.92	30	5.5
2017-10-28	0.01	2.66	29	3
2017-10-29	0	3.96	30	5
2017-10-30	0	3.94	32	6
2017-10-31	1.5	4.71	30	3
2017-11-01	0	3.24	31	3
2017-11-02	0	4.11	30	2
2017-11-03	0	3.65	32	5
2017-11-04	0	3.6	30	7
2017-11-05	0	2.89	31	7
2017-11-06	0	5.46	30	-2
2017-11-07	0	3.64	31	3
2017-11-08	0	3.13	29	4
2017-11-09	0	3.06	30	5
2017-11-10	0.01	0.04	31	4
2017-11-11	0	1.81	30	3
2017-11-12	6	4.44	31	5
2017-11-13	0.01	4.07	30	4
2017-11-14	0.01	5.18	31	5
2017-11-15	0	3.95	32	8
2017-11-16	0.01	2.65	32	9
2017-11-17	0	3.88	35	8
2017-11-18	3.4	0.22	31	6
2017-11-19	0.01	3.68	35	7
2017-11-20	0	1.47	33	7
2017-11-21	0	3.33	35	7
2017-11-22	0	4	30	9
2017-11-23	0	2.17	29	5
2017-11-24	0	2.76	34	5
2017-11-25	0	2.92	33	4
2017-11-26	0	2.59	32	5
2017-11-27	0.01	2.14	30	8
2017-11-28	0.01	2.26	24	6
2017-11-29	0	1.79	29	7
2017-11-30	0	2.5	30	6
2017-12-01	0	3.28	29	4
2017-12-02	0	2.18	25	5
2017-12-03	0.01	4.3	26	5
2017-12-04	0	3.14	34	6.5
2017-12-05	0.01	3.22	33	7
2017-12-06	0.01	3.28	32	8
2017-12-07	0	2.96	34	7
2017-12-08	0	NULO	25	5
2017-12-09	0	NULO	24	4
2017-12-10	0	NULO	25	0.6
2017-12-11	0	NULO	29	0.6
2017-12-12	0	NULO	26	0.7
2017-12-13	0	2.29	29	0.6
2017-12-14	0	3.3	32	5
2017-12-15	0.01	0.4	26	6
2017-12-16	0	4.33	35	7
2017-12-17	0	2.83	34	8
2017-12-18	0	3.46	33	6
2017-12-19	0	2.96	35	7
2017-12-20	0	3.46	36	7
2017-12-21	0	3.82	37	6
2017-12-22	0	3.35	36	7
2017-12-23	0	3.04	30	8
2017-12-24	0	3.24	31	6
2017-12-25	0	3.22	30	7
2017-12-26	0	2.23	32	9
2017-12-27	0	3.7	30	5
2017-12-28	NULO	0.81	31	7
2017-12-29	0	2.85	28	7
2017-12-30	0	2.83	32	3
2017-12-31	0	2.75	34	4
2018-01-01	0.01	1.9	26	5
2018-01-02	0	1.08	25	5
2018-01-03	0	3.2	27	6
2018-01-04	0	3.26	32	5
2018-01-05	0	3.16	34	6
2018-01-06	0	2.84	23	3
2018-01-07	0	3.29	30	0
2018-01-08	0.01	2.89	31	4
2018-01-09	0	2.32	34	6
2018-01-10	0	4.76	33	2
2018-01-11	0.8	3.38	28	5
2018-01-12	0	1.82	30	3
2018-01-13	0	2.4	23	0
2018-01-14	0	2.33	32	0.4
2018-01-15	0	2.45	25	0
2018-01-16	1	1.37	26	0.4
2018-01-17	0.01	0.37	28	0
2018-01-18	0.01	1.98	25	5
2018-01-19	0	3.42	30	2
2018-01-20	0	3.16	31	3
2018-01-21	0	2.16	32	3
2018-01-22	0.01	3.22	30	6
2018-01-23	0	3.09	27	5
2018-01-24	1.7	1.12	25	6
2018-01-25	0.7	0.05	24	5
2018-01-26	0	3.01	27	7
2018-01-27	0.4	1.39	30	6
2018-01-28	3.2	1.9	27	7
2018-01-29	0.01	0.4	22	6
2018-01-30	0	0.45	20	0
2018-01-31	0	3.49	22	2
2018-02-01	6	2.64	34	3
2018-02-02	5	2.6	32	7
2018-02-03	7	9.82	30	8
2018-02-04	0	2	28	8
2018-02-05	0.01	NULO	26	6
2018-02-06	0	1	25	7
2018-02-07	7.4	7.54	30	8
2018-02-08	1.5	3.06	22	9
2018-02-09	9.8	2.8	30	5
2018-02-10	0	1.95	31	5
2018-02-11	0	0.01	33	6
2018-02-12	0.01	6.68	27	6
2018-02-13	0.01	1.87	28	4
2018-02-14	0.01	2.15	29	6
2018-02-15	0	2.43	35	7
2018-02-16	0	3.2	34	5
2018-02-17	0	4.17	32	6
2018-02-18	0	1.66	30	5
2018-02-19	0	3.48	33	8
2018-02-20	6.2	3.82	34	5
2018-02-21	0	4.17	35	7
2018-02-22	0.01	4.51	31	5
2018-02-23	0	4.69	31	6
2018-02-24	0.4	4.1	37	5
2018-02-25	0	6.38	35	6
2018-02-26	0.3	3.48	32	4
2018-02-27	0	5.05	34	5
2018-02-28	0	5.71	39	6
2018-03-01	0	4.52	39	6
2018-03-02	0	5.17	29	4
2018-03-03	0.01	5.11	31	5
2018-03-04	0	5.58	31	6
2018-03-05	0	3.64	34	7
2018-03-06	0.6	3.8	36	8
2018-03-07	0	2.52	31	10
2018-03-08	0	3.62	30	6
2018-03-09	0	4.44	35	7
2018-03-10	0	7.65	38	6
2018-03-11	0	5.19	41	5
2018-03-12	0	2.91	29	6
2018-03-13	0	4.03	27	5
2018-03-14	0	4.17	28	6
2018-03-15	7.5	5.34	27	5
2018-03-16	0.01	6.62	37	5
2018-03-17	0	7.24	38	4
2018-03-18	0	6.68	39	3
2018-03-19	0	8.54	40	4
2018-03-20	0.01	6.88	33	6
2018-03-21	0.01	4.93	31	5
2018-03-22	0.01	NULO	30	3
2018-03-23	0	NULO	32	5
2018-03-24	0	NULO	38	8
2018-03-25	0	NULO	39	4
2018-03-26	0	2.72	39	7
2018-03-27	0	5.84	40	6
2018-03-28	0	6.7	39	3
2018-03-29	0.01	6.08	31	4
2018-03-30	0.5	5.26	30	3
2018-03-31	0	5.03	35	7
2018-04-01	0	6.5	38	5
2018-04-02	0	6.52	40	7
2018-04-03	1	5.88	41	5
2018-04-04	1.5	3.11	39	6
2018-04-05	0	5.7	36	6
2018-04-06	0	5.49	40	5
2018-04-07	0	7.14	41	4
2018-04-08	0	8.12	40	5
2018-04-09	0	4.74	42	6
2018-04-10	0.01	3.3	34	7
2018-04-11	0	3.35	30	7
2018-04-12	4.2	3.44	38	8
2018-04-13	0	6.43	37	5
2018-04-14	0	6.25	37	6
2018-04-15	0	3.86	27	7
2018-04-16	0	6.13	32	8
2018-04-17	0	5.51	40	9
2018-04-18	0	7.45	41	8
2018-04-19	0	5.18	35	7
2018-04-20	0	5.6	32	6
2018-04-21	0	4.82	41	8
2018-04-22	0	4.05	39	10
2018-04-23	0	4.75	35	11
2018-04-24	0.5	3.45	36	9
2018-04-25	19.5	5.74	36	5
2018-04-26	0	5.74	35	6
2018-04-27	1	2.14	32	5
2018-04-28	12	9.3	31	7
2018-04-29	0.01	3.98	35	5
2018-04-30	2.5	3.64	37	4
2018-05-01	0	6.8	39	4
2018-05-02	0	5.53	37	3
2018-05-03	0	5.16	38	3
2018-05-04	4.5	5.16	35	5
2018-05-05	0.01	2.43	31	4
2018-05-06	0.01	3.07	32	5
2018-05-07	2.2	2.96	30	5
2018-05-08	0	3.81	31	4
2018-05-09	0	5.39	32	6
2018-05-10	0	4.81	32	6
2018-05-11	0	5.48	32	8
2018-05-12	0	5.42	39	9
2018-05-13	0	6.28	37	7
2018-05-14	0	6.04	34	7
2018-05-15	0	5.5	35	7
2018-05-16	0	5.93	37	8
2018-05-17	0	5.93	37	8
2018-05-18	0	6.68	40	7
2018-05-19	0	5.64	42	9
2018-05-20	0	6.32	39	5
2018-05-21	0	5.53	35	6
2018-05-22	0	5.68	36	4
2018-05-23	0	6.12	35	7
2018-05-24	0	5.85	36	5
2018-05-25	0	5.09	35	6
2018-05-26	0	5.06	36	7
2018-05-27	0	6.07	39	7
2018-05-28	0	6.41	40	8
2018-05-29	0	7.54	43	7
2018-05-30	0	7.69	44	7
2018-05-31	0	6.44	40	6
2018-06-01	0	6.6	35	5
2018-06-02	1	6.17	36	4
2018-06-03	4.5	5.99	35	8
2018-06-04	0	5.72	34	6
2018-06-05	0	5.89	37	5
2018-06-06	0	5.81	36	6
2018-06-07	0	5.83	35	6
2018-06-08	0.4	4.34	34	4
2018-06-09	0	5.32	32	2
2018-06-10	0	6.16	34	4
2018-06-11	0	4.58	39	5
2018-06-12	4.4	2.85	30	4
2018-06-13	1.6	0.96	35	3
2018-06-14	2.5	1.48	30	4
2018-06-15	0	4.5	35	2
2018-06-16	0	4.09	35	4
2018-06-17	0.7	3.24	36	5
2018-06-18	3.3	3.12	33	5
2018-06-19	8.2	3.05	34	3
2018-06-20	11.2	4.07	31	4
2018-06-21	2.2	0.77	33	3
2018-06-22	0.7	5.39	34	3
2018-06-23	0	3.48	35	5
2018-06-24	2	3.24	36	6
2018-06-25	3.3	3.31	34	2
2018-06-26	5.2	4.48	35	5
2018-06-27	2	4.08	32	4
2018-06-28	0.01	4.99	32	5
2018-06-29	0.01	6.5	34	4
2018-06-30	0	6.05	35	4
2018-07-01	0	4.48	35	4
2018-07-02	0	6.13	34	7
2018-07-03	0	3.97	35	4
2018-07-04	0.8	3.38	34	7
2018-07-05	0.6	4.62	32	6
2018-07-06	1.1	3.17	30	4
2018-07-07	0	3.55	31	8
2018-07-08	7.5	5.55	32	7
2018-07-09	6.5	4.25	33	4
2018-07-10	0	4.33	30	5
2018-07-11	11	6.2	31	5
2018-07-12	0	5.13	30	6
2018-07-13	3.3	5.54	32	7
2018-07-14	0	5.03	32	6
2018-07-15	0	4.8	33	6
2018-07-16	0.01	6.37	35	7
2018-07-17	1.1	5.43	34	4
2018-07-18	0.01	6.07	35	5
2018-07-19	0	5.31	35	8
2018-07-20	0.01	4.79	36	9
2018-07-21	0	6.53	34	5
2018-07-22	0	7.05	35	7
2018-07-23	0	6.17	34	8
2018-07-24	0	6.38	40	6
2018-07-25	0	6.3	39	7
2018-07-26	0	6.02	38	8
2018-07-27	0	4.9	36	6
2018-07-28	0	3.72	35	6
2018-07-29	0	6.18	35	9
2018-07-30	0	6.61	34	5
2018-07-31	13.2	8.09	35	6
2018-08-01	4.2	3.59	34	8
2018-08-02	9.7	4.09	33	5
2018-08-03	3.2	1.85	30	8
2018-08-04	3.5	3.42	33	4
2018-08-05	4.2	2.53	29	7
2018-08-06	2	2	28	5
2018-08-07	0.01	4.3	31	7
2018-08-08	1.5	5.42	32	9
2018-08-09	4.6	3.22	33	7
2018-08-10	0	4.62	34	6
2018-08-11	5.5	3.27	33	4
2018-08-12	0	3.07	32	3
2018-08-13	0.01	4.6	34	4
2018-08-14	0	4.62	33	3
2018-08-15	0	4.94	34	7
2018-08-16	0	5.23	33	4
2018-08-17	0	5.31	34	6
2018-08-18	0	6.08	32	8
2018-08-19	0.01	2.65	33	8
2018-08-20	0.6	2.57	35	7
2018-08-21	1.8	4.53	32	5
2018-08-22	0.7	8.25	32	7
2018-08-23	0.01	7.5	32	4
2018-08-24	0	1.48	33	4
2018-08-25	4	9.07	35	6
2018-08-26	0.6	5.84	33	7
2018-08-27	0.2	3.72	33	7
2018-08-28	8.4	0.02	32	6
2018-08-29	13.5	1.35	32	5
2018-08-30	0	5.73	32	3
2018-08-31	1.3	5.45	34	4
2018-09-01	0	5.28	35	7
2018-09-02	0	5.62	35	4
2018-09-03	0	6	35	3
2018-09-04	0	5.4	34	4
2018-09-05	0.01	6.08	35	3
2018-09-06	7.8	5.32	35	5
2018-09-07	0	4.88	32	4
2018-09-08	0	4.47	36	5
2018-09-09	0.01	5.61	35	6
2018-09-10	0	3.34	36	7
2018-09-11	27.6	5.51	35	3
2018-09-12	40	8.34	34	4
2018-09-13	1	4.55	32	4
2018-09-14	0	3.97	33	4
2018-09-15	0	2.31	34	3
2018-09-16	1	1.9	35	5
2018-09-17	0	5.8	30	4
2018-09-18	0	5.43	33	5
2018-09-19	2.5	12.25	33	4
2018-09-20	0	5.31	33	8
2018-09-21	0.01	3.87	34	4
2018-09-22	0	4.26	35	5
2018-09-23	0.01	3.9	33	4
2018-09-24	0.6	0.2	32	5
2018-09-25	2.8	6.36	33	8
2018-09-26	2.2	4.35	32	5
2018-09-27	0.6	3.4	31	6
2018-09-28	0.5	2.34	33	6
2018-09-29	0.01	2.06	24	9
2018-09-30	0.01	4.33	32	4
2018-10-01	3.7	3.88	31	6
2018-10-02	7.5	4.51	32	8
2018-10-03	6.4	2.88	32	6
2018-10-04	3.1	3.06	31	3
2018-10-05	0.01	4.51	32	4
2018-10-06	0	4.29	32	6
2018-10-07	0	2.87	34	7
2018-10-08	3.4	1.92	35	7
2018-10-09	0.01	4.64	38	3
2018-10-10	0	2.49	33	4
2018-10-11	5.2	3.39	34	5
2018-10-12	0.01	3.51	33	6
2018-10-13	0	2.16	35	5
2018-10-14	0	3.63	36	5
2018-10-15	2	2.24	35	4
2018-10-16	2	1.18	30	3
2018-10-17	3.3	0.74	31	4
2018-10-18	5.4	2.06	30	5
2018-10-19	0.6	0.51	31	4
2018-10-20	6.6	1.35	31	3
2018-10-21	4.1	2.52	30	4
2018-10-22	0	2.58	31	3
2018-10-23	0	4.58	32	6
2018-10-24	0	4.54	39	5
2018-10-25	0	3.03	36	6
2018-10-26	1.8	2.69	36	8
2018-10-27	6	1.76	30	9
2018-10-28	3	0.65	28	5
2018-10-29	0.01	1.33	29	4
2018-10-30	6.8	3.74	35	7
2018-10-31	16.4	4.52	39	2
2018-11-01	23.2	2.72	33	3
2018-11-02	0.6	0.49	29	4
2018-11-03	0.6	1.37	30	5
2018-11-04	0.01	1.63	30	4
2018-11-05	0	2.91	35	5
2018-11-06	0	3.27	36	5
2018-11-07	0	3.77	36	6
2018-11-08	0	3.54	35	8
2018-11-09	1.1	3.21	34	8
2018-11-10	0.01	2.27	30	6
2018-11-11	0	1.66	36	5
2018-11-12	3	2.54	38	4
2018-11-13	16.5	1.82	18	5
2018-11-14	8	0.07	15	0
2018-11-15	0.01	2.39	29	3
2018-11-16	0	2.92	32	4
2018-11-17	0	2.84	35	8
2018-11-18	0	2.26	34	8
2018-11-19	0	3.17	36	6
2018-11-20	0	2.07	29	7
2018-11-21	0	2.84	35	7
2018-11-22	0	3.04	36	7
2018-11-23	0	2.48	38	7
2018-11-24	0	2.99	38	8
2018-11-25	0	4.38	37	5
2018-11-26	0.4	2.42	29	4
2018-11-27	0	2.15	28	4
2018-11-28	0.01	1.38	30	7
2018-11-29	2	0.9	29	5
2018-11-30	0	1.37	24	4
2018-12-01	0	4.35	39	2
2018-12-02	0	2.91	40	5
2018-12-03	0.01	1.81	36	7
2018-12-04	0	1.78	29	8
2018-12-05	0.4	2.21	26	4
2018-12-06	0.01	1.19	31	6
2018-12-07	0	3.32	34	5
2018-12-08	0	1.71	35	5
2018-12-09	0	2.25	26	4
2018-12-10	0	2.29	21	7
2018-12-11	0.01	1.29	24	5
2018-12-12	0.01	2.34	35	6
2018-12-13	0	0.97	34	7
2018-12-14	0	3.63	35	5
2018-12-15	0.01	1.69	25	7
2018-12-16	0	2.15	32	4
2018-12-17	0	1.9	33	5
2018-12-18	0	1.5	37	6
2018-12-19	0	3.86	35	7
2018-12-20	0	NULO	30	8
2018-12-21	0	NULO	16	0
2018-12-22	0	NULO	32	1.5
2018-12-23	0	NULO	33	8
2018-12-24	0.01	NULO	28	8
2018-12-25	0.01	NULO	35	5
2018-12-26	0	3.6	36	6
2018-12-27	0	0.53	37	6
2018-12-28	0	3.05	34	7
2018-12-29	0	3.12	37	7
2018-12-30	0	2.81	30	6
2018-12-31	0.01	3.14	35	7
2019-01-01	0	2.72	31	8
2019-01-02	0	2.66	32	8
2019-01-03	0	3.12	35	9
2019-01-04	0	2.12	36	7
2019-01-05	0	3.92	35	8
2019-01-06	0	3.86	39	7
2019-01-07	0	3.7	38	7
2019-01-08	0	3.39	35	9
2019-01-09	0	0.39	26	7
2019-01-10	0	2.24	27	6
2019-01-11	0.01	2.7	25	8
2019-01-12	1.1	1.53	22	7
2019-01-13	0.8	1.9	29	5
2019-01-14	0.01	2.86	27	6
2019-01-15	0	2.06	30	9
2019-01-16	0	2.25	32	8
2019-01-17	0	2.15	32	9
2019-01-18	0	2.13	35	7
2019-01-19	0.01	3.5	34	5
2019-01-20	0	2.59	23	6
2019-01-21	0	2.59	24	0.5
2019-01-22	0	4.17	38	6
2019-01-23	0.01	2.7	35	9
2019-01-24	0	3.42	37	9
2019-01-25	0	0.42	25	8
2019-01-26	0	4.29	37	7
2019-01-27	0	2.22	28	9
2019-01-28	0	3.95	35	6
2019-01-29	0	0.92	24	9
2019-01-30	0	2.62	35	9
2019-01-31	0	3.99	37	8
2019-02-01	0	4.14	35	9
2019-02-02	0	3.54	37	9
2019-02-03	0	3.95	40	8
2019-02-04	0	3.99	39	7
2019-02-05	0	2.85	40	7
2019-02-06	0	4.76	40	6
2019-02-07	0.6	2.47	40	5
2019-02-08	0	0.57	26	5
2019-02-09	0	2.96	33	7
2019-02-10	0	3.14	32	8
2019-02-11	0	2.67	39	7
2019-02-12	0.7	0.78	27	8
2019-02-13	0	2.16	31	7
2019-02-14	0	4.76	38	8
2019-02-15	0	5.11	40	5
2019-02-16	0	3.21	43	5
2019-02-17	0	2.88	28	4
2019-02-18	0	3.13	40	5
2019-02-19	0	10.31	41	6
2019-02-20	0	2.66	39	5
2019-02-21	0	5.9	40	5
2019-02-22	0	5.62	41	4
2019-02-23	0.01	4.21	39	7
2019-02-24	0	2.88	30	4
2019-02-25	1.5	1.85	29	4
2019-02-26	0	5.44	38	7
2019-02-27	0	5.68	40	8
2019-02-28	0	6	40	9
2019-03-01	0	5	39	5
2019-03-02	0	6.24	40	7
2019-03-03	0	5.86	43	6
2019-03-04	0	3.39	32	5
2019-03-05	0.01	4.01	27	4
2019-03-06	0	4.38	26	5
2019-03-07	0	6	39	6
2019-03-08	0	6.37	41	7
2019-03-09	0	5.73	42	4
2019-03-10	0	6.12	40	5
2019-03-11	0	5.05	36	5
2019-03-12	0	5.15	35	4
2019-03-13	0	5.25	43	4
2019-03-14	0	6.5	40	5
2019-03-15	0.01	2.24	30	2
2019-03-16	0	2.13	27	5
2019-03-17	0	3.42	30	5
2019-03-18	0.01	1.56	26	5
2019-03-19	0.01	0.95	27	5
2019-03-20	0	0.25	33	6
2019-03-21	0.6	2.74	25	5
2019-03-22	0	4.39	29	4
2019-03-23	0	4.98	35	5
2019-03-24	0	6.49	38	7
2019-03-25	0.01	6.95	36	8
2019-03-26	0	5.53	31	9
2019-03-27	0	5.75	30	7
2019-03-28	0	6.78	35	8
2019-03-29	0	7.02	39	8
2019-03-30	0	6.85	31	5
2019-03-31	0.01	3.37	30	4
2019-04-01	0	5.96	39	8
2019-04-02	0	5.87	38	6
2019-04-03	0.01	4.99	40	5
2019-04-04	0	6.49	40	5
2019-04-05	0.4	4.42	39	6
2019-04-06	5.7	3.75	37	9
2019-04-07	0.01	6.32	38	5
2019-04-08	4.2	4.11	33	6
2019-04-09	0	6.35	33	5
2019-04-10	0	6.2	39	5
2019-04-11	0	8.67	41	8
2019-04-12	0	6.32	40	6
2019-04-13	0	3.45	41	4
2019-04-14	0	4.15	25	5
2019-04-15	0	4.49	35	8
2019-04-16	0	6.67	42	9
2019-04-17	0	7.79	42	5
2019-04-18	0	8.63	40	3
2019-04-19	NULO	6.27	31	6
2019-04-20	0	7.41	35	8
2019-04-21	0	6.23	40	7
2019-04-22	0	7.9	41	8
2019-04-23	0.6	5.86	42	5
2019-04-24	0	5.96	41	5
2019-04-25	0	5.19	38	5
2019-04-26	0	6.55	32	7
2019-04-27	0	6.05	39	5
2019-04-28	0.8	3.7	40	7
2019-04-29	0	4.42	42	4
2019-04-30	0	7.56	41	5
2019-05-01	0.01	2.72	40	4
2019-05-02	0	6.55	40	5
2019-05-03	0	4.08	44	3
2019-05-04	0	4.52	41	3
2019-05-05	1.5	3.6	35	5
2019-05-06	0.01	5.25	40	2
2019-05-07	0	5.9	40	4
2019-05-08	0	5.28	43	5
2019-05-09	0	4.21	44	4
2019-05-10	0	3.24	40	2
2019-05-11	0	2.15	40	2
2019-05-12	0.9	1.17	41	4
2019-05-13	0	5.71	39	4
2019-05-14	0	5.37	39	5
2019-05-15	0	4.95	35	5
2019-05-16	0	4.62	37	3
2019-05-17	9	9.23	40	4
2019-05-18	0.01	5.71	42	2
2019-05-19	0	7.17	42	3
2019-05-20	0	8.99	40	5
2019-05-21	0	7.57	44	4
2019-05-22	0	7.66	41	5
2019-05-23	0	5.75	38	6
2019-05-24	0	7.43	38	7
2019-05-25	0.3	5.76	36	5
2019-05-26	0	7.54	35	4
2019-05-27	0	6.22	37	2
2019-05-28	0	6.95	39	5
2019-05-29	0	4.68	38	5
2019-05-30	12.8	6.85	39	5
2019-05-31	15	5.77	35	6
2019-06-01	2.2	4.58	34	3
2019-06-02	6	3.25	30	4
2019-06-03	23.2	3.2	29	2
2019-06-04	1.2	2.9	32	2
2019-06-05	28.4	4	35	2
2019-06-06	0.9	2.47	35	3
2019-06-07	0.01	3.79	27	2
2019-06-08	0.01	4.99	38	2
2019-06-09	0	6.13	36	4
2019-06-10	4.6	3.59	35	5
2019-06-11	0	4.8	32	5
2019-06-12	0.5	4.51	35	3
2019-06-13	8.5	2.61	26	2
2019-06-14	0.01	5.2	34	2
2019-06-15	0	4.95	34	3
2019-06-16	0	4.5	32	4
2019-06-17	0	5.9	39	4
2019-06-18	1.8	5.88	35	3
2019-06-19	0	5.47	37	2
2019-06-20	0	5.06	39	3
2019-06-21	0	4.61	39	4
2019-06-22	0	3.68	36	3
2019-06-23	1	4.48	39	4
2019-06-24	20.5	6.6	27	4
2019-06-25	1.1	0.2	33	2
2019-06-26	1	2.94	33	5
2019-06-27	0.6	4.41	30	5
2019-06-28	7	2.7	30	4
2019-06-29	1.5	4.13	30	4
2019-06-30	4	5.06	33	4
2019-07-01	1.8	2.83	32	4
2019-07-02	1.6	5.73	35	3
2019-07-03	0.01	2.94	36	5
2019-07-04	0.01	5.79	35	5
2019-07-05	0	5.41	35	4
2019-07-06	0.01	4.84	34	3
2019-07-07	0	6.15	36	4
2019-07-08	0	2.81	35	0
2019-07-09	0.4	5.39	36	4
2019-07-10	0	4.39	34	4
2019-07-11	0.7	5.4	34	5
2019-07-12	0	3.61	35	4
2019-07-13	0	5.01	35	2
2019-07-14	0.01	5.16	35	4
2019-07-15	0	6.28	36	5
2019-07-16	0	7.15	34	4
2019-07-17	2.8	4.54	33	3
2019-07-18	2.8	5.75	34	4
2019-07-19	0.9	6.08	32	3
2019-07-20	0.01	3.3	34	4
2019-07-21	0	4.2	35	5
2019-07-22	0.5	4.28	36	4
2019-07-23	0.8	5.8	35	5
2019-07-24	3	4.94	33	4
2019-07-25	6.7	2.23	30	5
2019-07-26	12.5	4.09	31	4
2019-07-27	2	4.93	32	3
2019-07-28	0.01	5.86	31	5
2019-07-29	0	4.37	34	4
2019-07-30	0.01	6.54	33	6
2019-07-31	0	4.43	33	4
2019-08-01	0	5.57	30	6
2019-08-02	0	6.02	35	7
2019-08-03	0	4.52	35	4
2019-08-04	0	1.97	34	7
2019-08-05	0	5.65	35	4
2019-08-06	1.1	1.61	35	3
2019-08-07	0.4	4.27	35	4
2019-08-08	0	5.82	36	4
2019-08-09	3	6.02	35	5
2019-08-10	0	4.58	35	5
2019-08-11	10	6.65	36	5
2019-08-12	0	5.49	35	5
2019-08-13	0	4.81	35	4
2019-08-14	0	5.14	36	5
2019-08-15	0	8.39	37	5
2019-08-16	0	12.16	35	5
2019-08-17	0.01	0.09	37	6
2019-08-18	2.6	5.2	35	4
2019-08-19	1.6	4.95	34	3
2019-08-20	0	3.95	33	5
2019-08-21	0.4	3.87	33	7
2019-08-22	1.1	3.82	36	7
2019-08-23	0.6	0.82	38	3
2019-08-24	0	7.73	29	4
2019-08-25	0.8	3.86	40	3
2019-08-26	0.01	4.06	38	4
2019-08-27	0	5.49	38	4
2019-08-28	1	5.07	35	4
2019-08-29	0	4.98	34	5
2019-08-30	0	5.8	34	6
2019-08-31	0	1.89	34	6
2019-09-01	4.5	1.08	35	3
2019-09-02	4	4.1	35	5
2019-09-03	0	4.8	35	5
2019-09-04	0.2	5.69	38	4
2019-09-05	2.8	3.11	31	5
2019-09-06	0	4.83	31	5
2019-09-07	0.2	6.08	32	4
2019-09-08	0.01	6.36	35	5
2019-09-09	0	6.14	35	6
2019-09-10	1.2	6.32	35	7
2019-09-11	2.8	1.54	33	4
2019-09-12	5.1	4.04	33	5
2019-09-13	7.8	4.3	30	4
2019-09-14	3.2	2	32	4
2019-09-15	0	4.28	32	4
2019-09-16	0	4.61	34	5
2019-09-17	0	3.35	34	3
2019-09-18	0	1.95	35	3
2019-09-19	0	1.85	35	4
2019-09-20	1.6	4.3	34	5
2019-09-21	0	5.11	34	3
2019-09-22	0.01	5.1	35	5
2019-09-23	0	5.58	34	5
2019-09-24	0	3.94	36	7
2019-09-25	0	0.77	36	5
2019-09-26	0.01	7.07	35	4
2019-09-27	0	5.28	35	10
2019-09-28	14	3.98	34	5
2019-09-29	0.5	1.87	31	4
2019-09-30	18	5.61	25	3
2019-10-01	6.5	5.3	32	2
2019-10-02	0	3.96	34	5
2019-10-03	1.2	4.06	33	5
2019-10-04	0	3.9	34	5
2019-10-05	0	3.33	34	5
2019-10-06	0	3.37	35	6
2019-10-07	3.7	2.98	33	6
2019-10-08	4.2	1.69	30	4
2019-10-09	0	3.86	33	3
2019-10-10	0	3.95	35	4
2019-10-11	9.4	5.5	35	13
2019-10-12	5.6	7.85	30	4
2019-10-13	0	3.98	33	6
2019-10-14	0	3.98	33	6
2019-10-15	0	4.6	33	7
2019-10-16	7.2	0.96	30	4
2019-10-17	3.2	1.05	30	3
2019-10-18	2.1	2.58	36	5
2019-10-19	1	2.55	35	4
2019-10-20	0	3.66	36	3
2019-10-21	0.5	3.56	37	4
2019-10-22	0.6	2	30	3
2019-10-23	0.01	2.89	34	3
2019-10-24	0	2.67	35	2
2019-10-25	2	3.13	33	5
2019-10-26	0	2.46	32	5
2019-10-27	0	2.78	25	7
2019-10-28	0	3.61	37	7
2019-10-29	0	3.22	37	5
2019-10-30	14.5	3.95	27	3
2019-10-31	3.2	3.4	25	1
2019-11-01	0	2.8	29	5
2019-11-02	6.4	1.46	27	6
2019-11-03	0.01	1.69	27	6
2019-11-04	0	2.95	35	4
2019-11-05	2	2.57	31	7
2019-11-06	0.01	2.2	29	5
2019-11-07	0.7	3.14	33	4
2019-11-08	1.1	1.07	27	3
2019-11-09	0.01	2.21	26	3
2019-11-10	0	2.21	33	4
2019-11-11	0	3.94	38	4
2019-11-12	1.1	1.86	25	3
2019-11-13	0	1.96	29	5
2019-11-14	0.4	2.43	32	7
2019-11-15	0	1.7	25	5
2019-11-16	0	3.17	33	7
2019-11-17	0	2.52	35	6
2019-11-18	0	4.33	32	7
2019-11-19	0	2.39	34	7
2019-11-20	0	2.52	38	6
2019-11-21	0	2.26	34	6
2019-11-22	0.01	3.04	39	7
2019-11-23	0	2.96	37	5
2019-11-24	0.01	2.71	32	7
2019-11-25	0	4.56	39	6
2019-11-26	0	3.36	41	5
2019-11-27	0.01	4.62	39	5
2019-11-28	0.01	3.06	37	5
2019-11-29	0.01	2.34	35	5
2019-11-30	0	3.18	40	4
2019-12-01	0.5	2.97	38	6
2019-12-02	0.01	2.34	29	6
2019-12-03	0	4.5	38	5
2019-12-04	0	3.72	40	6
2019-12-05	0	3.24	39	5
2019-12-06	0.01	3	36	4
2019-12-07	0.01	2.6	28	4
2019-12-08	0	3.52	38	4
2019-12-09	0	3.88	40	4
2019-12-10	1.5	3.2	40	5
2019-12-11	0.01	1.5	25	7
2019-12-12	0	2.56	38	7
2019-12-13	0	3.21	39	8
2019-12-14	0	3.75	36	5
2019-12-15	0	2.62	40	5
2019-12-16	0	5.44	39	5
2019-12-17	0.4	1.37	24	8
2019-12-18	0	1.06	19	9
2019-12-19	0	2.24	15	5
2019-12-20	0	0.81	32	5
2019-12-21	2.2	0.08	22	7
2019-12-22	0.01	0.96	17	6
2019-12-23	0	4.04	34	6
2019-12-24	0	2.01	25	8
2019-12-25	0	4.22	20	8
2019-12-26	0	2.86	39	5
2019-12-27	0	1.8	38	8
2019-12-28	0	4.19	39	6
2019-12-29	0	2.4	37	6
2019-12-30	0	2.36	29	6
2019-12-31	0	2.59	30	5
2020-01-01	0	9.28	40	6
2020-01-02	0	2.69	35	5
2020-01-03	0.01	1.29	35	4
2020-01-04	0	1.2	25	5
2020-01-05	0	3.16	31	3
2020-01-06	0	1.95	38	4
2020-01-07	0.5	0.26	30	7
2020-01-08	0.01	5.01	26	7
2020-01-09	0	4.79	39	5
2020-01-10	0	3.23	39	8
2020-01-11	0	1.87	36	7
2020-01-12	0	3.5	35	6
2020-01-13	0.01	2.7	35	6
2020-01-14	0	1.52	33	7
2020-01-15	0.01	2.32	34	5
2020-01-16	0.5	2.88	31	7
2020-01-17	0	0.96	32	8
2020-01-18	0.4	2.68	33	6
2020-01-19	6.3	5.23	25	5
2020-01-20	2	3.77	22	5
2020-01-21	0	3.29	28	5
2020-01-22	0	0.38	29	6
2020-01-23	2.5	4.59	30	5
2020-01-24	0.01	3.52	27	6
2020-01-25	0	2.65	34	5
2020-01-26	0	3.67	36	5
2020-01-27	0	3.94	35	5
2020-01-28	0	3.53	37	7
2020-01-29	0	5.16	27	8
2020-01-30	0	3.96	37	9
2020-01-31	0	0.06	34	4
2020-02-01	0	0.71	24	5
2020-02-02	0	2.92	35	5
2020-02-03	0	4.7	37	7
2020-02-04	1.5	2.39	35	8
2020-02-05	0.5	7.03	32	2
2020-02-06	0	5.23	38	2
2020-02-07	0	5.64	40	7
2020-02-08	0	4.52	38	7
2020-02-09	0	5.69	40	9
2020-02-10	0	3.6	41	6
2020-02-11	0.01	2.94	42	6
2020-02-12	0	1.62	44	7
2020-02-13	0	5.14	40	8
2020-02-14	0	3.4	39	9
2020-02-15	0	4.14	38	8
2020-02-16	0	3.94	44	9
2020-02-17	0	4.26	46	8
2020-02-18	0.01	3.57	47	9
2020-02-19	0	2.8	42.6	9
2020-02-20	0	3.86	46	8
2020-02-21	0	1.72	39	9
2020-02-22	0	2.16	42	10
2020-02-23	0	2.32	38	9
2020-02-24	0	3.93	40	8
2020-02-25	0	3.83	44	8
2020-02-26	0	4.11	46	8
2020-02-27	0	3.81	39	9
2020-02-28	0	0.6	40	9
2020-02-29	0	4.76	40	8
2020-03-01	0	4.7	42	7
2020-03-02	0	5.5	38	8
2020-03-03	0.01	5.02	34	5
2020-03-04	0	0.42	38	7
2020-03-05	0	1.85	25	8
2020-03-06	0	3.13	22	5
2020-03-07	0	2.17	24	7
2020-03-08	0	4.48	29	7
2020-03-09	0	4.05	36	7
2020-03-10	0.01	3.67	34	5
2020-03-11	0	4.98	30	3
2020-03-12	0	6.79	35	7
2020-03-13	0	7.47	36	6
2020-03-14	0	5.51	40	7
2020-03-15	0.3	5.17	35	5
2020-03-16	0.01	4.06	33	4
2020-03-17	0	4.92	35	4
2020-03-18	0	6.21	40	7
2020-03-19	0	6.68	41	7
2020-03-20	0	6.46	41	5
2020-03-21	0.01	2.37	33	3
2020-03-22	0	5.26	37	4
2020-03-23	0	6.63	42	3
2020-03-24	0	6.37	44	8
2020-03-25	0	7.53	41	9
2020-03-26	0	6.81	42	7
2020-03-27	0	8.4	44	4
2020-03-28	0	5.26	43	3
2020-03-29	0.01	5.33	36	4
2020-03-30	0	6.02	40	3
2020-03-31	0	4.1	39	8
2020-04-01	0	4.38	37	6
2020-04-02	0	3.5	41	5
2020-04-03	0	6.36	41	4
2020-04-04	0	8.27	42	9
2020-04-05	0	5.98	36	10
2020-04-06	0	5.04	40	3
2020-04-07	0	4.45	42	4
2020-04-08	0	7.4	41	3
2020-04-09	0	6.12	42	4
2020-04-10	0.01	6.56	40	4
2020-04-11	0	7.22	41	3
2020-04-12	0	8.37	43	3
2020-04-13	0	8.38	38	5
2020-04-14	0	6.38	42	4
2020-04-15	0	4.26	35	5
2020-04-16	0	6.73	35	4
2020-04-17	0	8.83	41	2
2020-04-18	0.6	5.42	43	5
2020-04-19	0	5.18	43	4
2020-04-20	0	5.18	42	3
2020-04-21	0	6.33	42	2
2020-04-22	0	6.04	43	2
2020-04-23	2.2	4.74	44	5
2020-04-24	0	6.42	41	4
2020-04-25	2.6	6.75	40	3
2020-04-26	0.5	1.44	36	2
2020-04-27	0	5.89	35	3
2020-04-28	0	7.26	42	6
2020-04-29	1.1	5.07	40	6
2020-04-30	0	6.85	38	4
2020-05-01	1	3.44	36	5
2020-05-02	0	6.11	38	6
2020-05-03	0	7.38	40	8
2020-05-04	0	5.45	41	9
2020-05-05	0	5.29	40	9
2020-05-06	0	4.55	36	5
2020-05-07	0.01	4.23	34	6
2020-05-08	3.1	5.65	40	5
2020-05-09	9.7	5.75	33	4
2020-05-10	8	10.81	30	4
2020-05-11	0.5	3.84	32	3
2020-05-12	0	5.33	36	3
2020-05-13	2.6	5.85	40	4
2020-05-14	0	7.04	41	6
2020-05-15	0	6.95	41	8
2020-05-16	0	5.73	39	6
2020-05-17	0	5.94	37	3
2020-05-18	0	6.98	40	6
2020-05-19	0	6.98	40	6
2020-05-20	0	7.55	42	5
2020-05-21	2	6.31	41	6
2020-05-22	0	4.79	39	5
2020-05-23	0	5.16	40	5
2020-05-24	0	8.02	39	4
2020-05-25	0	7.1	40	5
2020-05-26	0	6.18	39	4
2020-05-27	0	5.52	36	7
2020-05-28	0	5.52	39	5
2020-05-29	0	3.2	34	6
2020-05-30	0	2.97	30	8
2020-05-31	0	5.39	33	5
2020-06-01	0	10.63	34	4
2020-06-02	7	9.68	34	5
2020-06-03	0.6	4.58	34	3
2020-06-04	17.6	5.72	34	4
2020-06-05	3.3	4.07	34	5
2020-06-06	0	5.8	33	4
2020-06-07	0	4.98	37	3
2020-06-08	0	4.12	41	4
2020-06-09	21.2	6.5	41	5
2020-06-10	9.6	2.36	33	4
2020-06-11	0.6	4.72	33	4
2020-06-12	0.6	2.36	32	3
2020-06-13	0	5.44	30	4
2020-06-14	0	4.78	30	5
2020-06-15	0	5.25	31	5
2020-06-16	0	5.31	33	5
2020-06-17	0	5.51	34	5
2020-06-18	0	5.88	30	3
2020-06-19	0.5	5.35	33	4
2020-06-20	0.5	6.85	35	4
2020-06-21	0	3.7	36	10
2020-06-22	5.5	3	35	5
2020-06-23	0	3.88	35	4
2020-06-24	5.2	3.46	34	5
2020-06-25	2.8	2.08	34	4
2020-06-26	0.2	5.83	32	5
2020-06-27	0	4.44	35	4
2020-06-28	0	6.61	35	5
2020-06-29	0.01	6.45	36	5
2020-06-30	0	6.36	37	4
2020-07-01	0.01	7.35	35	5
2020-07-02	0.01	6.66	34	6
2020-07-03	0	6.43	35	6
2020-07-04	0	5.46	32	4
2020-07-05	0	5.64	38	7
2020-07-06	0	6.67	37	5
2020-07-07	0.5	3.96	35	4
2020-07-08	15	2.02	30	4
2020-07-09	0	1.9	36	5
2020-07-10	0.5	5.23	35	5
2020-07-11	1.6	9.03	34	5
2020-07-12	0.01	4	35	5
2020-07-13	0	5.9	35	4
2020-07-14	0	5.68	36	6
2020-07-15	0	5.07	36	5
2020-07-16	0.6	6.34	35	6
2020-07-17	0	2.06	35	5
2020-07-18	0	6.78	35	5
2020-07-19	0	3.22	36	6
2020-07-20	0	8.12	36	5
2020-07-21	0	6.43	36	5
2020-07-22	1.2	3.64	35	5
2020-07-23	0	3.73	36	6
2020-07-24	0	5.33	38	5
2020-07-25	2.5	8.35	37	5
2020-07-26	8.5	3.07	37	5
2020-07-27	7	2.58	35	4
2020-07-28	0.01	7.61	34	3
2020-07-29	5	1.29	33	4
2020-07-30	0.01	10.82	34	4
2020-07-31	0.4	3.42	24	3
2020-08-01	0	4.28	35	5
2020-08-02	0	6.78	34	3
2020-08-03	0	6.22	34	5
2020-08-04	0	3.18	35	6
2020-08-05	0	5.34	35	5
2020-08-06	0	5.51	35	5
2020-08-07	5.6	5.02	34	4
2020-08-08	45.5	7.52	32	4
2020-08-09	1.5	2.66	32	3
2020-08-10	19.5	2.56	31	3
2020-08-11	9.9	7.51	30	3
2020-08-12	0	4.78	30	3
2020-08-13	0	4.49	32	2
2020-08-14	0	5.32	33	4
2020-08-15	1.5	4.56	30	5
2020-08-16	3	4.3	31	7
2020-08-17	0	4.69	32	6
2020-08-18	0	5.01	32	7
2020-08-19	0	4.67	33	6
2020-08-20	0	5.45	34	4
2020-08-21	0	3.64	35	4
2020-08-22	0	2.97	35	5
2020-08-23	1	4.96	34	8
2020-08-24	6	2.26	30	5
2020-08-25	1.6	0.84	30	4
2020-08-26	3.8	5.47	34	3
2020-08-27	0.4	4.07	34	4
2020-08-28	0	4.69	34	4
2020-08-29	0.6	4.1	35	5
2020-08-30	1	4.66	36	4
2020-08-31	0	5.32	37	5
2020-09-01	0	5.83	39	4
2020-09-02	0.01	5.51	38	5
2020-09-03	0.01	4.05	35	8
2020-09-04	9.5	2.16	30	5
2020-09-05	22	4.53	30	3
2020-09-06	8	2.13	31	4
2020-09-07	1.5	3.5	32	3
2020-09-08	0	5	35	4
2020-09-09	2.9	4.1	35	4
2020-09-10	10.5	0.33	34	4
2020-09-11	0.01	6.63	32	3
2020-09-12	0	3.15	32	5
2020-09-13	1	2.87	33	4
2020-09-14	6.7	2.17	33	5
2020-09-15	0	1.23	33	3
2020-09-16	0.8	3.25	32	2
2020-09-17	9.3	0.94	31	2
2020-09-18	1.5	3.46	28	4
2020-09-19	0.6	2.01	27	7
2020-09-20	0	3.22	31	4
2020-09-21	0.01	3.87	32	5
2020-09-22	0	3.13	35	4
2020-09-23	0	3.9	35	5
2020-09-24	0	3.68	34	6
2020-09-25	0.01	3.4	34	3
2020-09-26	0	13.82	34	2
2020-09-27	0	5.25	36	4
2020-09-28	21.6	4.25	37	6
2020-09-29	5.9	1.12	25	7
2020-09-30	0	5.62	30	7
2020-10-01	0.01	3.84	30	9
2020-10-02	1	2.32	28	12
2020-10-03	1	4.76	30	5
2020-10-04	0.01	4.02	31	5
2020-10-05	0.01	2.5	30	6
2020-10-06	0	4.25	32	5
2020-10-07	0	3.33	32	3
2020-10-08	0	2.94	34	6
2020-10-09	0	2.92	35	7
2020-10-10	0	3.94	35	7
2020-10-11	0	2.31	36	7
2020-10-12	1.8	4.19	35	8
2020-10-13	3.1	3.56	35	4
2020-10-14	0.01	3.71	34	3
2020-10-15	0	2.74	37	5
2020-10-16	7.8	1.78	30	6
2020-10-17	0.01	2.3	31	7
2020-10-18	0.01	3.31	34	5
2020-10-19	0.01	2.55	32	6
2020-10-20	1	2.51	33	7
2020-10-21	0.01	3.07	34	7
2020-10-22	0.01	4.34	36	5
2020-10-23	0	4.13	37	8
2020-10-24	0.01	2.9	35	6
2020-10-25	0	4	37	4
2020-10-26	0	6.28	38	7
2020-10-27	0	12.8	39	7
2020-10-28	0	3.68	39	7
2020-10-29	0	3.01	30	4
2020-10-30	0	2.2	28	4
2020-10-31	0	1.7	30	9
2020-11-01	0.6	1.66	30	6
2020-11-02	1.1	2.21	30	6
2020-11-03	0.01	1.43	25	8
2020-11-04	0	2.26	28	9
2020-11-05	1.5	3.08	27	9
2020-11-06	0	2.71	28	8
2020-11-07	0	2.21	35	6
2020-11-08	0	3.43	39	8
2020-11-09	0	3.74	40	8
2020-11-10	0	3.62	41	8
2020-11-11	0	2.98	41	7
2020-11-12	0	3.58	40	8
2020-11-13	0	2.87	38	9
2020-11-14	0	2.92	40	9
2020-11-15	0.01	2.9	38	8
2020-11-16	3.3	1.03	20	6
2020-11-17	5.5	2.07	28	5
2020-11-18	13.9	1.17	21	5
2020-11-19	0.01	0.28	27	9
2020-11-20	3.4	4.25	27	5
2020-11-21	0.01	1.45	28	5
2020-11-22	0.8	2.68	30	6
2020-11-23	0	2.64	30	7
2020-11-24	0	2.22	39	8
2020-11-25	0	4.16	39	8
2020-11-26	0	2.66	40	8
2020-11-27	0	4.85	38	7
2020-11-28	0	2.34	40	7
2020-11-29	1.2	3.44	38	5
2020-11-30	0.01	0.69	22	6
2020-12-01	0	3.29	35	8
2020-12-02	0	2.24	35	6
2020-12-03	0	1.49	25	5
2020-12-04	0	1.31	33	6
2020-12-05	3.6	3.86	35	7
2020-12-06	8.6	2.84	35	6
2020-12-07	0	1.5	28	5
2020-12-08	0	1.76	26	7
2020-12-09	0	3.54	33	6
2020-12-10	0	2.81	38	6
2020-12-11	1.5	2.25	39	6
2020-12-12	0	3.38	38	6
2020-12-13	0.6	2.01	40	7
2020-12-14	0	2.75	27	4
2020-12-15	0	2.96	39	7
2020-12-16	0	12.03	26	4
2020-12-17	0.01	8.27	24	6
2020-12-18	0	2.37	38	7
2020-12-19	0	2.52	38	7
2020-12-20	0	1.69	30	7
2020-12-21	0.01	1.11	27	8
2020-12-22	0	2.19	37	7
2020-12-23	0	2.79	39	9
2020-12-24	0.01	1.25	28	6
2020-12-25	0	3.36	26	5
2020-12-26	0	2.05	35	5
2020-12-27	0	2.6	36	-2
2020-12-28	0	5.19	30	-2
2020-12-29	0	1.78	37	0
2020-12-30	0	3.6	36	8
2020-12-31	0	4.56	35	7
2021-01-01	0	2.9	35	7
2021-01-02	0	2.56	28	7
2021-01-03	0	3.41	27	6
2021-01-04	0	3.41	15	4
2021-01-05	0	4.91	30	4
2021-01-06	0	1.88	38	6
2021-01-07	0	1	26	8
2021-01-08	0	2.55	34	8
2021-01-09	1.5	0.9	27	8
2021-01-10	0.4	2.62	32	7
2021-01-11	0.01	2.08	28	5
2021-01-12	0	2.3	32	5
2021-01-13	0	2.75	28	3
2021-01-14	0	3.03	35	6
2021-01-15	0	3.73	33	6
2021-01-16	0	2.88	34	7
2021-01-17	0.01	2.15	33	8
2021-01-18	0	2.19	35	6
2021-01-19	0	4.32	36	6
2021-01-20	1.2	1.6	28	7
2021-01-21	0	3.86	38	6
2021-01-22	0	2.53	38	7
2021-01-23	0	4.63	39	7
2021-01-24	0	2.94	35	7
2021-01-25	0	4.05	41	5
2021-01-26	0	3.25	40	6
2021-01-27	2.7	1.73	34	7
2021-01-28	1.2	1.79	22	7
2021-01-29	0.01	1.3	28	7
2021-01-30	0	4.73	39	7
2021-01-31	4.5	2.28	36	4
2021-02-01	6	8.08	24	5
2021-02-02	0	6.14	31	7
2021-02-03	0	4.01	37	0
2021-02-04	0	3.28	41	4
2021-02-05	0	5.01	42	6
2021-02-06	0	5.07	43	5
2021-02-07	0	4.58	34	5
2021-02-08	0	4.27	40	7
2021-02-09	0	3.03	37	6
2021-02-10	1.2	2.21	37	6
2021-02-11	0	3.91	35	6
2021-02-12	0	2.63	34	5
2021-02-13	0	3.03	34	6
2021-02-14	0	5.54	39	8
2021-02-15	0	2.88	38	8
2021-02-16	0	5.1	40	8
2021-02-17	0	5.05	39	5
2021-02-18	0	8.08	41	6
2021-02-19	0	5.11	20	4
2021-02-20	0	5.02	36	0
2021-02-21	0	5.05	42	4
2021-02-22	0	4.14	40	4
2021-02-23	0	4.35	30	8
2021-02-24	0	5.04	39	9
2021-02-25	0	4.37	40	6
2021-02-26	0	5.22	41	7
2021-02-27	0	8.97	40	8
2021-02-28	0	2.67	40	8
2021-03-01	2	5.25	42	4
2021-03-02	0	5.54	45	4
2021-03-03	0	4.62	42	9
2021-03-04	0	0.42	40	8
2021-03-05	0	6.09	42	5
2021-03-06	0	5.19	37	6
2021-03-07	0.01	2.71	39	6
2021-03-08	0.4	4.08	40	7
2021-03-09	0	3.35	35	7
2021-03-10	0	5.4	40	0
2021-03-11	0	5.52	41	5
2021-03-12	0	4.99	42	9
2021-03-13	0	5.79	44	8
2021-03-14	0.4	5.85	45	8
2021-03-15	0	4.8	44	5
2021-03-16	0	4.86	45	6
2021-03-17	0	5.89	44	5
2021-03-18	0.8	7.22	40	6
2021-03-19	0	6.99	42	9
2021-03-20	0	3.73	40	8
2021-03-21	0	5.1	46	6
2021-03-22	0	6.97	46	6
2021-03-23	0	8.16	47	8
2021-03-24	0	6.75	44	7
2021-03-25	0	7.76	45	5
2021-03-26	0	0.79	44	6
2021-03-27	0	12.92	42	9
2021-03-28	4.7	5.2	44	6
2021-03-29	0	4.09	45	5
2021-03-30	0	5.98	45	8
2021-03-31	0.01	5.65	43	9
2021-04-01	10.7	0.15	42	6
2021-04-02	2.2	4.38	42	5
2021-04-03	0	3.96	40	6
2021-04-04	0	5.36	40	6
2021-04-05	0	8.5	41	5
2021-04-06	0.01	6.81	42	9
2021-04-07	0	5.69	40	8
2021-04-08	0	8.36	38	9
2021-04-09	0	7.01	40	9
2021-04-10	0	5.75	41	6
2021-04-11	0.7	7.59	39	5
2021-04-12	0	7.96	40	7
2021-04-13	0	6.87	39	8
2021-04-14	0	6.57	38	6
2021-04-15	0	8.16	39	7
2021-04-16	0	6.1	40	8
2021-04-17	0	6.22	38	7
2021-04-18	0	6.18	39	6
2021-04-19	0	5.54	41	7
2021-04-20	0	3.95	40	8
2021-04-21	0	5.6	41	7
2021-04-22	0	7.03	43	5
2021-04-23	0	7.53	40	9
2021-04-24	0	6.24	45	8
2021-04-25	0	5.35	44	7
2021-04-26	0	7.2	43	8
2021-04-27	0	6.6	42	7
2021-04-28	0	11.87	43	8
2021-04-29	21.5	4.87	38	9
2021-04-30	12	4.46	49	8
2021-05-01	8	11.82	45	6
2021-05-02	0	3.66	48	5
2021-05-03	0	4.24	37	6
2021-05-04	0	3.94	48	6
2021-05-05	0	4.16	49	7
2021-05-06	0	4.36	48	6
2021-05-07	NULO	NULO	NULO	NULO
2021-06-01	1	2.32	37	9
2021-06-02	1	1.39	36	8
2021-06-03	8.2	1.8	32	6
2021-06-04	17	2.69	33	7
2021-06-05	0	3.04	36	6
2021-06-06	0	4.92	38	5
2021-06-07	0	5.96	39	6
2021-06-08	0	5.34	37	7
2021-06-09	0	4.87	38	6
2021-06-10	1.1	2.32	35	5
2021-06-11	1.7	2.25	32	6
2021-06-12	12	4.48	30	7
2021-06-13	18.7	3.07	32	5
2021-06-14	1.6	1.75	30	4
2021-06-15	8.7	2.55	29	5
2021-06-16	4.8	3.93	31	6
2021-06-17	1.6	1.15	28	7
2021-06-18	10.2	3.62	27	6
2021-06-19	0	3.17	32	5
2021-06-20	0	4.62	35	6
2021-06-21	2.4	3.29	30	7
2021-06-22	9	3.87	35	8
2021-06-23	0	4.55	32	5
2021-06-24	1.5	4.49	30	6
2021-06-25	1.5	3.75	31	5
2021-06-26	0	3.73	35	5
2021-06-27	23.5	1.19	25	6
2021-06-28	11.6	1.95	27	5
2021-06-29	9.5	3.13	26	6
2021-06-30	2.8	2.78	25	5
2021-07-01	1.2	2.2	30	5
2021-07-02	0	4.73	29	6
2021-07-03	5.2	1.61	28	5
2021-07-04	2	1.67	32	4
2021-07-05	6	3.13	34	5
2021-07-06	0.4	2.9	30.2	6
2021-07-07	1.6	5.76	34	5
2021-07-08	9	0.11	32	6
2021-07-09	0	3.89	33	5
2021-07-10	0	4.48	34	6
2021-07-11	0	4.58	30	5
2021-07-12	0.7	4.28	31	5
2021-07-13	0	3.66	28	7
2021-07-14	2.7	1.19	29	6
2021-07-15	0.6	0.97	25	5
2021-07-16	0	5.91	33	5
2021-07-17	0	3.7	30	6
2021-07-18	0	5.05	35	5
2021-07-19	0	4.28	30	5
2021-07-20	0	3.07	32	6
2021-07-21	15.5	6.69	33	5
2021-07-22	1.5	4.33	30	6
2021-07-23	0	5.74	27	6
2021-07-24	0	4.83	30	4
2021-07-25	0.01	4.86	32	5
2021-07-26	0	4.95	33	6
2021-07-27	0	4.04	31	5
2021-07-28	14.5	7.64	32	7
2021-07-29	20.5	6.34	29	6
2021-07-30	2.4	1.15	42	6
2021-07-31	0	3.77	38	5
2021-08-01	0	3.94	33	7
2021-08-02	0	3.99	35	5
2021-08-03	1.4	3.05	36	6
2021-08-04	0.3	2.91	34	7
2021-08-05	2.7	4.38	34	5
2021-08-06	18.5	4.64	35	6
2021-08-07	3	7.18	34	5
2021-08-08	8.5	4.28	35	5
2021-08-09	0.5	5.11	35	5
2021-08-10	0	3.75	32	6
2021-08-11	0	4.8	30	7
2021-08-12	2.6	5.63	32	5
2021-08-13	6.5	4.29	33	6
2021-08-14	0.3	3.11	34	6
2021-08-15	0	5.37	35	5
2021-08-16	0	5.04	32	5
2021-08-17	0	3.56	34	4
2021-08-18	0	4.15	33	4
2021-08-19	0	5.05	32	6
2021-08-20	130	7.87	25	5
2021-08-21	34.2	1.72	22	5
2021-08-22	7.5	0.43	25	4
2021-08-23	1.1	4.9	26	5
2021-08-24	2	1.6	25	5
2021-08-25	15	5.08	26	5
2021-08-26	5	1.12	25	5
2021-08-27	0.01	3.25	25	5
2021-08-28	2.5	0.99	30	5
2021-08-29	11.5	4.07	29	5
2021-08-30	2.6	1.72	27	4
2021-08-31	10.5	1.77	29	5
2021-09-01	22.4	5.62	28	5
2021-09-02	9.2	3.29	27	4
2021-09-03	8.2	3.5	26	3
2021-09-04	14.5	5.37	27	4
2021-09-05	30.5	5.63	26	3
2021-09-06	7	3.8	28	3
2021-09-07	1.5	2.1	27	4
2021-09-08	14	6.66	28	4
2021-09-09	2.5	3.76	26	5
2021-09-10	2.5	0.33	27	4
2021-09-11	15	2.03	25	5
2021-09-12	0.01	2.32	24	4
2021-09-13	4	2.68	27	3
2021-09-14	0	3.09	30	3
2021-09-15	0	4.38	30	3
2021-09-16	4	5.15	31	4
2021-09-17	4.8	0.94	30	3
2021-09-18	7.2	3.81	28	3
2021-09-19	2.4	2.63	27	4
2021-09-20	0.01	3.89	30	3
2021-09-21	0.01	4.51	31	4
2021-09-22	4	2.5	26	5
2021-09-23	0.01	3.27	27	4
2021-09-24	0	3.92	30	5
2021-09-25	0.5	3.33	25	5
2021-09-26	0	3.07	27	5
2021-09-27	0	2.68	31	4
2021-09-28	2.3	4.25	32	5
2021-09-29	8.4	4.2	32	5
2021-09-30	2.5	3.6	30	4
2021-10-01	4	3.97	30	4
2021-10-02	10.5	4.23	27	3
2021-10-03	11.5	3.16	27	4
2021-10-04	6.8	4.97	29	3
2021-10-05	5.5	2.03	26	4
2021-10-06	1	3.09	27	3
2021-10-07	0	3.55	26	5
2021-10-08	0	2.62	27	4
2021-10-09	0	3.48	30	4
2021-10-10	0	3.48	35	4
2021-10-11	0.01	5.67	33	4
2021-10-12	0	4.02	35	4
2021-10-13	0	4.1	34	6
2021-10-14	0.01	3.79	35	6
2021-10-15	0.01	3.32	32	5
2021-10-16	4.7	1.17	27	6
2021-10-17	1.5	1.4	27	4
2021-10-18	0	4.13	29	4
2021-10-19	0	4.52	30	5
2021-10-20	0.5	2.12	31	6
2021-10-21	1.8	0.97	27	5
2021-10-22	1.2	2.16	25	3
2021-10-23	0	3.1	30	4
2021-10-24	0	2.16	31	5
2021-10-25	5	3.96	32	3
2021-10-26	1.5	3.15	33	5
2021-10-27	0	3.67	33	6
2021-10-28	0	0.01	30	5
2021-10-29	0.01	5.07	26	4
2021-10-30	0	3.29	31	6
2021-10-31	0	2.71	32	5
2021-11-01	0	4.07	20	6
2021-11-02	0	1.83	35	7
2021-11-03	0.01	5.7	31	2
2021-11-04	0	2.82	30	6
2021-11-05	0	3.56	28	6
2021-11-06	0	4.34	30	7
2021-11-07	0.6	1.7	31	6
2021-11-08	0.01	2.78	28	7
2021-11-09	0	3.42	29	5
2021-11-10	0	2.31	34	7
2021-11-11	0.01	4.79	33	5
2021-11-12	0.01	4.92	30	6
2021-11-13	0.5	4.56	34	8
2021-11-14	0.01	2.55	35	7
2021-11-15	0	3.1	34	7
2021-11-16	0	3.37	30	5
2021-11-17	0	3.09	35	8
2021-11-18	7.7	4.02	33	8
2021-11-19	0.8	2.14	25	6
2021-11-20	0.01	2.27	34	4
2021-11-21	0	0.02	32	6
2021-11-22	5.2	6.08	33	4
2021-11-23	0.3	2.04	29	5
2021-11-24	0	3.02	37	5
2021-11-25	0.3	1.19	35	6
2021-11-26	0.01	2.2	28	5
2021-11-27	0	2.25	35	7
2021-11-28	0	2.88	36	7
2021-11-29	0	3.22	27	8
2021-11-30	0	1.73	37	7
2021-12-01	0	3.21	31	8
2021-12-02	0	3.04	30	8
2021-12-03	0.01	2.24	31	7
2021-12-04	0	2.6	30	7
2021-12-05	0	2.63	37	8
2021-12-06	0	3.27	38	7
2021-12-07	0	2.39	32	8
2021-12-08	0	3.46	38	7
2021-12-09	0	3.09	39	7
2021-12-10	0	3.28	39	7
2021-12-11	0.8	2.08	38	9
2021-12-12	0.01	1.2	30	9
2021-12-13	0	3.75	32	7
2021-12-14	0.01	2.56	33	7
2021-12-15	0	3	35	8
2021-12-16	0	2.73	39	7
2021-12-17	0	4.56	40	9
2021-12-18	0	1.36	37	8
2021-12-19	0	0.85	35	7
2021-12-20	0	1.37	35	7
2021-12-21	0	3.41	36	9
2021-12-22	0	1.57	37	5
2021-12-23	0	4.22	32	3
2021-12-24	0	3.3	42	5
2021-12-25	0	2.32	41	4
2021-12-26	0	4.34	40	4
2021-12-27	0	3.29	42	7
2021-12-28	0	3.08	41	8
2021-12-29	0	3.45	40	7
2021-12-30	0	3.19	38	8
2021-12-31	0	3.12	41	7
2022-01-01	0	3.19	42	9
2022-01-02	0	2	38	7
2022-01-03	0	1.87	35	5
2022-01-04	0	2.87	38	7
2022-01-05	0	3.11	40	7
2022-01-06	0	2.92	41	9
2022-01-07	0	1.45	35	7
2022-01-08	0	3.5	38	7
2022-01-09	0	2.56	38	6
2022-01-10	4.5	NULO	21	7
2022-01-11	3	5.64	29	4
2022-01-12	0	1.52	30	6
2022-01-13	0.01	2.08	32	8
2022-01-14	0	2.54	37	6
2022-01-15	0.01	NULO	35	9
2022-01-16	0	NULO	35	7
2022-01-17	0	NULO	34	8
2022-01-18	0	NULO	36	9
2022-01-19	0	4.51	37	7
2022-01-20	0.5	1.79	35	7
2022-01-21	0.01	2.06	30	8
2022-01-22	0	2.47	27	7
2022-01-23	0	2.88	30	7
2022-01-24	0	4.05	36	8
2022-01-25	0	5.31	35	5
2022-01-26	0	1.69	27	5
2022-01-27	0	8.59	35	8
2022-01-28	0.3	0.4	30	7
2022-01-29	0	2.28	19	7
2022-01-30	0	0.39	36	2
2022-01-31	0	5.52	37	9
2022-02-01	0	4.96	40	6
2022-02-02	0	4.42	40	7
2022-02-03	0.01	3.98	38	7
2022-02-04	0	3.63	25	7
2022-02-05	0	2.39	30	6
2022-02-06	0	3.78	30	5
2022-02-07	3.5	2.53	32	7
2022-02-08	0.01	0.49	23	8
2022-02-09	0	3.68	33	3
2022-02-10	0	3.65	33	9
2022-02-11	0	3.2	35	7
2022-02-12	1.3	3.3	35	5
2022-02-13	0	1.97	21	6
2022-02-14	3.3	0.7	26	7
2022-02-15	0	4.08	34	6
2022-02-16	0	5.1	37	7
2022-02-17	0	4.39	39	6
2022-02-18	0	3.05	30	8
2022-02-19	0	3.17	27	7
2022-02-20	0	3.59	40	7
2022-02-21	0	3.52	39	7
2022-02-22	0	4.53	39	6
2022-02-23	0.01	4.97	37	7
2022-02-24	0.01	7.18	35	7
2022-02-25	0.6	3.07	30	8
2022-02-26	0	3.33	30	5
2022-02-27	0	3.62	29	5
2022-02-28	0.01	NULO	28	6
2022-03-01	0	4.36	34	8
2022-03-02	0	4.28	35	7
2022-03-03	0.01	4.86	35	9
2022-03-04	0	3.19	36	6
2022-03-05	0	2.19	39	10
2022-03-06	0	NULO	40	6
2022-03-07	0	NULO	40	5
2022-03-08	0	4.88	39	7
2022-03-09	0	5.82	39	5
2022-03-10	0	6.55	40	5
2022-03-11	0	6.55	42	5
2022-03-12	0	4.13	24	5
2022-03-13	0	4.37	35	6
2022-03-14	0	6.06	37	8
2022-03-15	0	4.44	32	6
2022-03-16	0	4.6	38	4
2022-03-17	1	6.98	39	7
2022-03-18	0	4.1	38	4
2022-03-19	0	3.62	30	5
2022-03-20	0	5.1	35	5
2022-03-21	0	5.75	40	6
2022-03-22	0	5.7	40	7
2022-03-23	0	5.33	30	7
2022-03-24	0	4.24	27	5
2022-03-25	0	3.68	36	6
2022-03-26	0	6.4	30	5
2022-03-27	0	4.7	35	5
2022-03-28	0	5.75	40	7
2022-03-29	0	6.87	44	8
2022-03-30	0	7.01	45	6
2022-03-31	0	6.45	39	7
2022-04-01	0	6.32	41	5
2022-04-02	0	5.75	42	5
2022-04-03	0	5.45	40	5
2022-04-04	0	6.75	41	8
2022-04-05	0	9.11	40	7
2022-04-06	0	10.26	41	5
2022-04-07	2.6	3.2	30	6
2022-04-08	0	4.71	30	7
2022-04-09	0	9.92	35	7
2022-04-10	0	0.8	40	8
2022-04-11	2.4	5.5	39	5
2022-04-12	1.1	4.17	38	5
2022-04-13	0	5.45	40	6
2022-04-14	0	6.07	39	4
2022-04-15	0	5.24	40	5
2022-04-16	0	6.62	42	6
2022-04-17	0	7.42	43	7
2022-04-18	2	4.6	38	7
2022-04-19	0.5	6.52	35	7
2022-04-20	8	8.88	43	8
2022-04-21	0.5	5.1	38	5
2022-04-22	0	1.45	34	5
2022-04-23	0	6.56	37	4
2022-04-24	1.8	6.19	39	5
2022-04-25	10.3	14.68	39	7
2022-04-26	0	NULO	30	4
2022-04-27	0	4.79	31	5
2022-04-28	0	5.12	35	6
2022-04-29	0	5.89	40	7
2022-04-30	0	4.87	40	5
2022-05-01	0	5.89	36	4
2022-05-02	0	5.17	40	5
2022-05-03	0	5.92	41	4
2022-05-04	0	5.95	39	5
2022-05-05	0	7.27	43	8
2022-05-06	0	5.46	40	5
2022-05-07	0	7.04	42	4
2022-05-08	0	6.47	44	4
2022-05-09	0	7.04	43	5
2022-05-10	0	6.4	42	4
2022-05-11	1.8	4.67	35	5
2022-05-12	0	6	34	6
2022-05-13	0	7.01	39	7
2022-05-14	0	5.06	37	8
2022-05-15	0	6.2	35	9
2022-05-16	0	6.85	36	8
2022-05-17	0	5.23	38	8
2022-05-18	0	7.35	41	7
2022-05-19	0	7.17	41	8
2022-05-20	0	6.46	43	6
2022-05-21	0	7.02	43	6
2022-05-22	0	6.72	39	7
2022-05-23	0	4.4	37	8
2022-05-24	18.2	8.84	41	5
2022-05-25	0	5.1	40	6
2022-05-26	0	6.51	36	5
2022-05-27	0.01	4.75	37	6
2022-05-28	0	5.61	38	5
2022-05-29	0	5.51	37	5
2022-05-30	0	5.98	38	5
2022-05-31	0	3.6	36	4
2022-06-01	16	8.83	35	6
2022-06-02	22	17.08	36	6
2022-06-03	0	12.09	34	5
2022-06-04	0	5.51	35	6
2022-06-05	0	5.52	40	6
2022-06-06	0	5.28	40	5
2022-06-07	0	6.33	39	7
2022-06-08	1.2	6.01	37	9
2022-06-09	0.5	3.98	34	6
2022-06-10	0	3.81	34	5
2022-06-11	0	5.47	37	5
2022-06-12	0	5.97	37	6
2022-06-13	0	4.57	35	6
2022-06-14	9.5	3.46	35	5
2022-06-15	19.2	1.01	29	6
2022-06-16	2.8	1.78	30	4
2022-06-17	5	7.92	31	4
2022-06-18	1	7.61	32	4
2022-06-19	2	NULO	30	5
2022-06-20	17	1.65	31	6
2022-06-21	42.8	17.05	33	7
2022-06-22	23.5	3.5	29	6
2022-06-23	0.01	4.05	30	5
2022-06-24	0	4.51	34	5
2022-06-25	0	3.74	36	4
2022-06-26	0	4.88	35	5
2022-06-27	1.6	3	34	5
2022-06-28	0	5.48	34	6
2022-06-29	0	5.26	34	4
2022-06-30	0	5.28	34	6
2022-07-01	0	3.36	36	5
2022-07-02	0	5.59	35	4
2022-07-03	2.2	5.74	34	5
2022-07-04	3.1	1.19	30	4
2022-07-05	3	6.35	34	4
2022-07-06	0.01	4.85	33	5
2022-07-07	2.8	4.7	34	5
2022-07-08	1	5.09	34	6
2022-07-09	0	5.1	35	5
2022-07-10	0	4.73	35	5
2022-07-11	0	3.66	38	4
2022-07-12	0	5.64	37	6
2022-07-13	0	3.75	36	5
2022-07-14	1	5.52	35	5
2022-07-15	4.3	2.6	33	4
2022-07-16	13	7.32	34	4
2022-07-17	0	4.33	32	4
2022-07-18	0	2.58	34	6
2022-07-19	0	2.7	36	5
2022-07-20	0	4.95	37	5
2022-07-21	0	5.61	36	5
2022-07-22	0.01	5.12	32	6
2022-07-23	0	3.52	35	5
2022-07-24	8	2.8	34	5
2022-07-25	0.6	3.45	33	7
2022-07-26	0	4.11	35	5
2022-07-27	0.5	5.12	33	7
2022-07-28	1	3.42	34	5
2022-07-29	0.01	4.42	32	6
2022-07-30	0	2.41	31	5
2022-07-31	0.5	4.48	33	6
2022-08-01	0	3.47	34	5
2022-08-02	0	4.2	35	5
2022-08-03	0	3.37	36	4
2022-08-04	0.01	5.35	35	5
2022-08-05	0.01	4.78	34	6
2022-08-06	3	6.87	32	6
2022-08-07	5	3.85	32	6
2022-08-08	0.6	2.31	30	5
2022-08-09	3	4.52	32	5
2022-08-10	4	5.89	33	5
2022-08-11	4.8	4.63	33	5
2022-08-12	0	5.3	34	6
2022-08-13	0.01	5.25	34	4
2022-08-14	0	4.38	35	5
2022-08-15	4.8	4.17	35	4
2022-08-16	0	4.95	34	5
2022-08-17	3.1	6.73	35	4
2022-08-18	0	5.44	35	4
2022-08-19	0	4.91	34	5
2022-08-20	2.5	8.88	32	6
2022-08-21	0	5.61	35	4
2022-08-22	0	3.5	35	4
2022-08-23	0	0.68	35	4
2022-08-24	6.6	10.79	35	6
2022-08-25	0	4.51	33	4
2022-08-26	0	2.63	34	4
2022-08-27	0	5.75	35	5
2022-08-28	0	0.93	38	5
2022-08-29	5	5.42	35	5
2022-08-30	3	6.2	36	6
2022-08-31	1	1.2	33	4
2022-09-01	3	4.34	34	4
2022-09-02	9.6	2.21	32	5
2022-09-03	12	0.62	31	4
2022-09-04	2.6	1.95	30	3
2022-09-05	0.01	4.17	32	4
2022-09-06	1.5	0.93	33	5
2022-09-07	2.8	3.72	35	4
2022-09-08	1.5	1.95	33	3
2022-09-09	0	4.35	35	4
2022-09-10	0	3.73	32	5
2022-09-11	0.3	6.35	33	8
2022-09-12	2	6.75	32	5
2022-09-13	0	5.66	33	4
2022-09-14	1	2.8	34	4
2022-09-15	4.4	1.98	32	4
2022-09-16	2	2.73	34	4
2022-09-17	1.5	1.72	30	3
2022-09-18	5.5	2.63	31	4
2022-09-19	15.5	1.08	32	3
2022-09-20	6.5	4.16	32	3
2022-09-21	0.01	3.81	32	5
2022-09-22	2	2.63	33	5
2022-09-23	1	3.53	33	4
2022-09-24	0	3.69	34	3
2022-09-25	0	2.8	32	5
2022-09-26	3.6	1.53	31	5
2022-09-27	7.5	1.94	29	3
2022-09-28	0.4	1.59	28	4
2022-09-29	0.2	1.36	27	5
2022-09-30	0	3.63	31	5
2022-10-01	0	2.46	20	0
2022-10-02	0	4.62	30	4
2022-10-03	1	3.38	30	4
2022-10-04	0.01	2.43	32	9
2022-10-05	0.01	2.44	30	5
2022-10-06	0	3.6	32	6
2022-10-07	1.6	2.76	30	5
2022-10-08	4	0.37	30	4
2022-10-09	1.6	2.07	27	6
2022-10-10	1.5	0.56	28	4
2022-10-11	2.6	2.65	31	5
2022-10-12	0.01	2.95	38	4
2022-10-13	0.01	2.52	34	5
2022-10-14	0.01	3.07	35	8
2022-10-15	0	3.47	34	5
2022-10-16	0	3.65	35	8
2022-10-17	0	2.88	38	5
2022-10-18	6	1.25	31	5
2022-10-19	1.5	NULO	25	4
2022-10-20	0	3.26	30	5
2022-10-21	0	2.34	34	6
2022-10-22	0	3.34	37	8
2022-10-23	0	3.62	40	6
2022-10-24	0	4.04	40	6
2022-10-25	0	3.25	37	4
2022-10-26	0	2.31	39	4
2022-10-27	0	4.19	39	6
2022-10-28	0	5.29	40	5
2022-10-29	0	2.91	33	5
2022-10-30	0	3.23	38	4
2022-10-31	0.7	2.1	39	4
2022-11-01	0	2.9	36	5
2022-11-02	0.01	3.77	34	6
2022-11-03	0	2.46	34	5
2022-11-04	0	1.82	37	5
2022-11-05	0	1.98	38	6
2022-11-06	0	4.37	39	5
2022-11-07	0	1.9	35	6
2022-11-08	0.7	3.86	34	8
2022-11-09	0.01	3.16	34	4
2022-11-10	0	5.17	38	6
2022-11-11	0	6.33	41	8
2022-11-12	0	4.02	32	6
2022-11-13	0	3.1	30	7
2022-11-14	0	2.56	39	5
2022-11-15	0	2.42	31	6
2022-11-16	0	2.96	30	4
2022-11-17	0.01	3.47	30	4
2022-11-18	0	2.85	34	5
2022-11-19	1.6	2.92	40	5
2022-11-20	0.8	2.65	29	5
2022-11-21	0	1.47	30	6
2022-11-22	0.01	2.93	32	4
2022-11-23	0	3.29	34	5
2022-11-24	0	2.89	38	7
2022-11-25	0.01	3.17	40	5
2022-11-26	0	3.84	39	5
2022-11-27	2	2.56	38	6
2022-11-28	0	3.75	38	5
2022-11-29	0	2.27	38	4
2022-11-30	24	5.9	35	6
2022-12-01	0.5	2.1	35	11
2022-12-02	0.01	2.18	30	6
2022-12-03	4	1.53	30	7
2022-12-04	0.01	2.35	30	6
2022-12-05	0	3.04	38	8
2022-12-06	0.01	3.6	39	9
2022-12-07	0.5	3.78	35	8
2022-12-08	0.01	2.03	31	8
2022-12-09	0	8.12	30	7
2022-12-10	0	NULO	35	8
2022-12-11	0	2.89	35	7
2022-12-12	0	4.18	38	5
2022-12-13	0	4.14	38	6
2022-12-14	0	2.66	30	5
2022-12-15	0	2.71	35	7
2022-12-16	0	3.02	39	8
2022-12-17	0	2.12	33	7
2022-12-18	0	3.22	35	5
2022-12-19	0	2.1	39	7
2022-12-20	0	3.02	30	7
2022-12-21	0	2.44	35	8
2022-12-22	0.8	1.64	30	7
2022-12-23	0.2	2.08	23	6
2022-12-24	4.6	0.85	21	5
2022-12-25	0.01	1.4	22	5
2022-12-26	0	2.13	30	7
2022-12-27	0	1.94	26	5
2022-12-28	0	2.07	30	3
2022-12-29	0	2.35	34	6
2022-12-30	0	3.66	34	6
2022-12-31	1.5	NULO	36	5
2023-01-01	0.01	2.93	36	7
2023-01-02	0	4.2	39	7
2023-01-03	0	2.78	39	5
2023-01-04	0.01	2.92	35	4
2023-01-05	0	3.14	31	7
2023-01-06	0.01	3.14	31	5
2023-01-07	0	3.58	37	5
2023-01-08	0	3.88	34	2
2023-01-09	0.01	2.31	35	4
2023-01-10	0	6.62	34	7
2023-01-11	0	2.96	35	8
2023-01-12	0.5	3.74	35	7
2023-01-13	0	4.35	25	5
2023-01-14	0	3.95	31	5
2023-01-15	0	4.44	37	9
2023-01-16	0	4.54	40	7
2023-01-17	0	4.5	40	7
2023-01-18	0	3.04	40	5
2023-01-19	0	4.3	38	7
2023-01-20	0	4.7	39	6
2023-01-21	0	2.68	40	7
2023-01-22	0	3.32	34	6
2023-01-23	0	3.12	30	5
2023-01-24	0	4.62	39	5
2023-01-25	0	1.85	30	6
2023-01-26	0	5.16	21	6
2023-01-27	0.01	0.76	26	4
2023-01-28	0	3.8	36	4
2023-01-29	0	3.33	36	7
2023-01-30	0	3.82	34	7
2023-01-31	0	NULO	36	8
2023-02-01	0	3.95	32	7
2023-02-02	0.01	4.41	36	5
2023-02-03	0	1.71	24	6
2023-02-04	0	2.74	26	3
2023-02-05	0	4.29	34	2
2023-02-06	0	4.11	36	2
2023-02-07	0	2.73	40	4
2023-02-08	0	4.46	40	6
2023-02-09	0	1.19	32	5
2023-02-10	0.01	2.93	30	5
2023-02-11	0	2.17	20	4
2023-02-12	0	3.77	35	4
2023-02-13	0	4.87	38	8
2023-02-14	0	3.68	39	5
2023-02-15	0	2.66	40	5
2023-02-16	0.4	6.1	38	6
2023-02-17	0	4.2	19	7
2023-02-18	0	3.3	30	5
2023-02-19	0.01	2.51	33	9
2023-02-20	0	6.8	37	5
2023-02-21	0	5.73	40	9
2023-02-22	0	5.79	36	5
2023-02-23	0	2.94	37	6
2023-02-24	0	5.12	38	8
2023-02-25	0	7.04	40	6
2023-02-26	0	5.74	39	7
2023-02-27	0	5.16	40	6
2023-02-28	0	NULO	38	5
2023-03-19	14	NULO	40	8
2023-03-20	0.8	4.91	20	8
2023-03-21	0	4.47	31	6
2023-03-22	0	3.8	38	7
2023-03-23	0	6.2	39	7
2023-03-24	0	7.78	39	5
2023-03-25	0	6.44	42	5
2023-03-26	0	7.03	40	4
2023-03-27	0.6	7.08	43	5
2023-03-28	0	NULO	41	4
2023-03-29	6	NULO	36	8
2023-03-30	0	6.02	36	5
2023-03-31	0	NULO	40	4
2023-04-01	0	5.96	35	4
2023-04-02	0	5.99	40	5
2023-04-03	0	6.8	42	4
2023-04-04	0	6.05	41	5
2023-04-05	0	7.14	41	6
2023-04-06	1	3.21	35	5
2023-04-07	3.5	3.15	26	4
2023-04-08	0.01	4.41	31	4
2023-04-09	0.4	4.4	30	3
2023-04-10	3.5	3.66	30	4
2023-04-11	10	3.24	30	4
2023-04-12	0.01	3.43	31	5
2023-04-13	0.5	4.2	37	5
2023-04-14	1.7	6.42	39	4
2023-04-15	0	4.29	38	5
2023-04-16	1.5	5.27	34	5
2023-04-17	0	4.98	34	3
2023-04-18	0	4.74	38	4
2023-04-19	0	6.28	41	5
2023-04-20	0	5.5	43	6
2023-04-21	0.6	8.13	44	6
2023-04-22	0.4	5.14	39	4
2023-04-23	0	5.96	40	5
2023-04-24	0	7.28	40	6
2023-04-25	0	13.3	42	7
2023-04-26	0	8.8	41	6
2023-04-27	0	5.85	43	7
2023-04-28	0	7	40	5
2023-04-29	0	6.65	41	6
2023-04-30	0	NULO	35	5
2023-05-01	0	8.38	41	5
2023-05-02	0	6.9	42	6
2023-05-03	0	7.2	40	5
2023-05-04	0.4	3	40	6
2023-05-05	0	7.05	41	5
2023-05-06	0	6.49	42	4
2023-05-07	1.5	5.51	39	5
2023-05-08	3.8	2.63	42	4
2023-05-09	16.5	8.82	41	6
2023-05-10	5.1	5.75	39	4
2023-05-11	0	4.72	39	3
2023-05-12	2.9	4.05	40	4
2023-05-13	16.4	6.63	39	5
2023-05-14	2.6	3.8	33	4
2023-05-15	0	3.31	32	5
2023-05-16	1	5.19	35	4
2023-05-17	0.5	4.88	37	4
2023-05-18	0.01	4.22	38	5
2023-05-19	0	3.18	36	5
2023-05-20	0	4.57	35	4
2023-05-21	0	6.36	33	5
2023-05-22	0.5	4.2	34	4
2023-05-23	0	5.05	35	4
2023-05-24	0.4	3.65	35	6
2023-05-25	0	4.52	38	4
2023-05-26	0	6.32	35	5
2023-05-27	0	4.68	35	4
2023-05-28	0.01	5.34	36	5
2023-05-29	15.5	NULO	36	4
2023-05-30	0	6.39	36	5
2023-05-31	0	NULO	39	4
2023-06-01	0	5.51	40	4
2023-06-02	0	6.59	40	5
2023-06-03	0	4.61	36	4
2023-06-04	0	5.69	38	5
2023-06-05	0	5.28	35	4
2023-06-06	0	5.18	39	5
2023-06-07	0	3.78	38	6
2023-06-08	0	6.6	39	5
2023-06-09	0.01	6.91	40	6
2023-06-10	0	5.92	37	4
2023-06-11	0	5.45	42	4
2023-06-12	0	7.05	41	5
2023-06-13	0	6.91	41	8
2023-06-14	0	8.27	43	7
2023-06-15	0	5.73	43	6
2023-06-16	0.01	7.48	42	5
2023-06-17	0	7.25	41	6
2023-06-18	0	7.9	41	5
2023-06-19	0	7.05	41	5
2023-06-20	0	7.64	40	5
2023-06-21	0	7.39	42	6
2023-06-22	0.01	7.06	40	5
2023-06-23	0	7.2	39	4
2023-06-24	8	6.06	35	5
2023-06-25	13.8	5.36	35	3
2023-06-26	9	3.7	35	4
2023-06-27	1.5	7.27	34	4
2023-06-28	11	5.05	32	5
2023-06-29	0.01	2.29	33	4
2023-06-30	0.01	NULO	34	4
2023-07-01	0	6.16	35	5
2023-07-02	0	6	35	4
2023-07-03	0	6.25	35	5
2023-07-04	0	6.06	35	6
2023-07-05	0.5	6.09	35	6
2023-07-06	1.5	1.98	34	5
2023-07-07	1.2	6.74	35	4
2023-07-08	1.1	6.05	35	5
2023-07-09	0	4.73	35	4
2023-07-10	0	0.15	35	4
2023-07-11	0	6.22	36	4
2023-07-12	0.01	6.04	36	4
2023-07-13	0	5.9	37	5
2023-07-14	0	5.71	37	5
2023-07-15	0	5.84	37	6
2023-07-16	2.5	5.95	35	5
2023-07-17	7.5	6.58	34	4
2023-07-18	1.6	4.17	33	6
2023-07-19	0.01	5.21	33	4
2023-07-20	1	5.7	34	4
2023-07-21	1.2	5.32	35	5
2023-07-22	0	6.64	35	5
2023-07-23	6.3	3.89	35	4
2023-07-24	0.4	0.37	32	4
2023-07-25	2.5	5.72	33	5
2023-07-26	0	4.86	32	5
2023-07-27	0.6	3.66	32	6
2023-07-28	1	3.85	33	4
2023-07-29	0.5	3.6	32	4
2023-07-30	1.2	2.34	32	6
2023-07-31	2.2	NULO	33	3
2023-08-01	0	5.48	35	4
2023-08-02	2.8	6.94	35	4
2023-08-03	6.6	4.11	33	5
2023-08-04	0.7	5.73	33	4
2023-08-05	20.6	8.62	35	4
2023-08-06	0	5.56	36	4
2023-08-07	0.01	5.21	32	5
2023-08-08	0	5.24	38	4
2023-08-09	0	4.96	40	5
2023-08-10	0	4.89	40	4
2023-08-11	0	6.1	39	5
2023-08-12	0.8	5.72	37	5
2023-08-13	15	6.63	35	5
2023-08-14	10.1	5.7	33	6
2023-08-15	5.5	1.85	28	4
2023-08-16	0.5	1.79	31	4
2023-08-17	4.2	4.16	35	6
2023-08-18	1.5	4.92	34	4
2023-08-19	1.7	5.22	36	5
2023-08-20	1	3.7	30	5
2023-08-21	0.4	2.93	34	6
2023-08-22	0.2	3.1	34	4
2023-08-23	3	2.78	32	4
2023-08-24	3.8	3.33	30	6
2023-08-25	0	3.84	34	5
2023-08-26	0.8	3.16	34	7
2023-08-27	5.8	NULO	32	4
2023-08-28	0.01	NULO	34	4
2023-08-29	0	4.81	35	5
2023-08-30	0	3.69	35	6
2023-08-31	2.5	NULO	30	7
2023-09-01	0	5.15	35	3
2023-09-02	0.5	3.87	36	4
2023-09-03	0	5.7	35	4
2023-09-04	0	4.64	37	5
2023-09-05	0.4	3.88	36	4
2023-09-06	3.5	5.44	35	6
2023-09-07	0.01	3.95	36	5
2023-09-08	0.01	4.61	35	7
2023-09-09	0.01	3.79	35	5
2023-09-10	0.01	2.97	34	5
2023-09-11	0	3.81	35	5
2023-09-12	0	4.2	36	6
2023-09-13	0	3.9	35	5
2023-09-14	0	4.15	36	6
2023-09-15	0	4.5	36	5
2023-09-16	1.5	4.56	36	4
2023-09-17	7.5	5.67	35	4
2023-09-18	0.2	NULO	35	6
2023-09-19	0.01	NULO	30	5
2023-09-20	0.01	6.31	36	5
2023-09-21	0	6.01	35	6
2023-09-22	0.01	4.5	36	7
2023-09-23	0	5.9	37	5
2023-09-24	0.01	5.41	38	6
2023-09-25	0.01	5.81	36	5
2023-09-26	0	4.98	35	6
2023-09-27	0	5.17	36	5
2023-09-28	0	4.88	35	6
2023-09-29	0	4.55	36	6
2023-09-30	0	NULO	37	4
2023-10-01	0	4.77	35	4
2023-10-02	2.2	3.65	36	5
2023-10-03	0.01	4.59	35	4
2023-10-04	0	5.6	36	5
2023-10-05	0.01	3.97	37	5
2023-10-06	1.9	5.27	36	6
2023-10-07	18.5	3.01	26	5
2023-10-08	13.6	2.59	25	3
2023-10-09	2.5	2.99	28	6
2023-10-10	4.4	5.28	37	6
2023-10-11	0	3.82	35	5
2023-10-12	0	3.88	39	5
2023-10-13	0	4.4	38	6
2023-10-14	3.7	1.4	25	5
2023-10-15	3.6	0.45	27	5
2023-10-16	0.6	2.35	24	6
2023-10-17	0	3.35	27	6
2023-10-18	0	3.4	34	5
2023-10-19	0	3	37	6
2023-10-20	0.01	5.11	34	6
2023-10-21	0	4.43	35	7
2023-10-22	0	3.78	34	6
2023-10-23	0.01	2.19	38	5
2023-10-24	0.3	3.86	38	6
2023-10-25	8.4	0.87	35	5
2023-10-26	0.5	3.71	35	4
2023-10-27	2.3	1.16	31	4
2023-10-28	0	4.26	29	5
2023-10-29	0.3	4.55	35	5
2023-10-30	0.3	2.43	31	6
2023-10-31	0.01	NULO	30	5
2023-11-01	0.2	3.83	29	6
2023-11-02	0.3	3.1	29	7
2023-11-03	0.01	1.88	28	6
2023-11-04	0	1.8	32	6
2023-11-05	0	3.27	31	7
2023-11-06	0	4.16	34	7
2023-11-07	0	3.22	39	6
2023-11-08	0	4.05	41	7
2023-11-09	0.4	2.53	42	6
2023-11-10	2.5	3.07	34	5
2023-11-11	1.4	1.71	28	5
2023-11-12	1.2	2.11	30	5
2023-11-13	0.01	1.89	31	6
2023-11-14	0	0.58	27	5
2023-11-15	0	3.17	33	6
2023-11-16	0	3.95	36	7
2023-11-17	0	3.55	40	6
2023-11-18	0	4.75	38	7
2023-11-19	0	5.51	42	7
2023-11-20	0.7	NULO	44	7
2023-11-21	4	NULO	46	5
2023-11-22	5.4	3.64	28	4
2023-11-23	0	6.5	30	6
2023-11-24	0	6.24	38	5
2023-11-25	0	6.14	39	6
2023-11-26	2.8	2.64	35	7
2023-11-27	1.5	3.03	28	7
2023-11-28	2.6	1.37	28	5
2023-11-29	5	2.59	28	7
2023-11-30	0	NULO	35	6
2023-12-01	0	3.13	36	6
2023-12-02	1.4	1.87	33	5
2023-12-03	7.6	2.52	27	7
2023-12-04	1	1.22	26	6
2023-12-05	2.2	1.73	29	5
2023-12-06	3.9	0.53	25	7
2023-12-07	5.5	0.82	27	7
2023-12-08	0	3.14	36	6
2023-12-09	0.1	3.43	35	7
2023-12-10	0.01	0.9	24	7
2023-12-11	0.4	0.58	24	7
2023-12-12	0.5	2.38	26	6
2023-12-13	0.01	1.92	28	6
2023-12-14	2.8	1.92	25	7
2023-12-15	1	1.37	28	7
2023-12-16	0	1.3	25	5
2023-12-17	0	3.41	32	5
2023-12-18	0	1.26	34	4
2023-12-19	0.01	1.67	27	4
2023-12-20	0	2.98	35	3
2023-12-21	0	2.57	28	4
2023-12-22	0	5.57	28	3
2023-12-23	0	2.46	35	5
2023-12-24	0	3.47	35	5
2023-12-25	0	1.42	32	6
2023-12-26	0.6	2.71	27	5
2023-12-27	0.01	2.02	27	6
2023-12-28	0	2.46	30	5
2023-12-29	0.01	2.21	25	5
2023-12-30	0	4.21	27	4
2023-12-31	0	NULO	28	5
2024-01-01	0	3.19	34	5
2024-01-02	0	2.87	35	4
2024-01-03	0.01	4.52	35	5
2024-01-04	0	2.52	37	7
2024-01-05	0	6.7	38	9
2024-01-06	0.01	4.24	37	5
2024-01-07	0.5	3.02	29	7
2024-01-08	0	6.15	37	6
2024-01-09	0	4.8	38	7
2024-01-10	0	4.9	39	6
2024-01-11	0	3.98	40	8
2024-01-12	0	3.92	40	7
2024-01-13	0	2.75	35	6
2024-01-14	0	4.67	38	7
2024-01-15	0	2.98	41	8
2024-01-16	0	2.7	31	8
2024-01-17	0	4.05	38	7
2024-01-18	0	4.12	40	9
2024-01-19	0	2.76	35	8
2024-01-20	0.9	2.07	29	9
2024-01-21	5.2	NULO	25	8
2024-01-22	0	NULO	36	6
2024-01-23	0	6.32	35	7
2024-01-24	0	9.4	39	8
2024-01-25	0	4.28	37	7
2024-01-26	0	5.63	40	8
2024-01-27	0	3.72	38	8
2024-01-28	0	3.7	40	7
2024-01-29	0	2.77	25	6
2024-01-30	0	4.83	32	7
2024-01-31	0	NULO	32	7
2024-02-01	0	5.85	34	7
2024-02-02	0	6.27	34	8
2024-02-03	0	7.13	39	8
2024-02-04	0	9.34	39	6
2024-02-05	0	3.26	35	7
2024-02-06	0	2.35	35	8
2024-02-07	0	5.15	39	9
2024-02-08	0	4.9	41	8
2024-02-09	0	6.5	42	9
2024-02-10	0	6.16	43	6
2024-02-11	0	6.59	42	7
2024-02-12	0	4.68	40	5
2024-02-13	0	5.71	38	7
2024-02-14	0	4.6	37	8
2024-02-15	0	4.68	35	7
2024-02-16	11.3	NULO	36	6
2024-02-17	7.2	NULO	27	5
2024-02-18	0.01	3.21	30	6
2024-02-19	0	5.15	36	3
2024-02-20	0	5.86	35	5
2024-02-21	0	5.59	38	5
2024-02-22	0	4.37	39	7
2024-02-23	0	5.08	39	7
2024-02-24	0.01	5.54	32	6
2024-02-25	0	5.17	42	8
2024-02-26	0	NULO	41	8
2024-02-27	0	6.6	43	8
2024-02-28	0	7.05	34	6
2024-02-29	0	NULO	34	7
2024-03-01	0	6.16	40	6
2024-03-02	0	6.27	40	7
2024-03-03	0	7.32	42	6
2024-03-04	0	7.13	41	6
2024-03-05	0	5.93	40	7
2024-03-06	0	6.92	40	7
2024-03-07	0	7.53	43	6
2024-03-08	0	9.37	45	8
2024-03-09	0	5.02	35	6
2024-03-10	0	3.13	26	5
2024-03-11	0	5.88	30	6
2024-03-12	0	6.59	41	7
2024-03-13	0	5.98	43	6
2024-03-14	0	6.35	43	5
2024-03-15	0	6.75	41	5
2024-03-16	0	6.5	40	6
2024-03-17	0.01	3.44	40	5
2024-03-18	0	5.12	36	6
2024-03-19	0	4.61	35	4
2024-03-20	0	3.94	38	5
2024-03-21	0	8.53	43	4
2024-03-22	0	7.37	43	5
2024-03-23	0	7.42	33	6
2024-03-24	0	12.98	45	5
2024-03-25	0	10.44	41	6
2024-03-26	0	7.02	40	5
2024-03-27	0	7.29	41	6
2024-03-28	0.3	3.25	30	5
2024-03-29	0	2.67	41	6
2024-03-30	0	13.85	40	5
2024-03-31	0	NULO	43	5
2024-04-01	0	8.15	44	5
2024-04-02	0	7.75	43	7
2024-04-03	0	5.23	30	5
2024-04-04	0	4.22	31	5
2024-04-05	0	7.4	39	7
2024-04-06	0	5.79	43	6
2024-04-07	0	7.83	42	5
2024-04-08	0	6.95	40	5
2024-04-09	0	9.4	43	5
2024-04-10	0	12	40	6
2024-04-11	0	6.96	30	6
2024-04-12	0	13.61	33	7
2024-04-13	0.01	3.04	36	5
2024-04-14	0	4.32	40	7
2024-04-15	0	8.54	41	6
2024-04-16	0	8.44	40	6
2024-04-17	0	7.15	42	5
2024-04-18	0.6	7.15	43	6
2024-04-19	4	5.03	40	6
2024-04-20	2.4	5.14	41	5
2024-04-21	20	4.56	35	5
2024-04-22	0	4.99	30	4
2024-04-23	0	6.04	38	4
2024-04-24	0	6.14	40	6
2024-04-25	0	5.64	39	5
2024-04-26	0	7.86	43	6
2024-04-27	0.01	5.21	41	6
2024-04-28	0	8.76	43	5
2024-04-29	0	4.64	42	5
2024-04-30	0	NULO	41	4
2024-05-01	0	5.3	41	4
2024-05-02	0	6.98	43	5
2024-05-03	0	8.93	43	6
2024-05-04	0	3.04	45	6
2024-05-05	0	NULO	44	7
2024-05-06	0	NULO	45	7
2024-05-07	0	8.8	45	6
2024-05-08	0	7.82	46	6
2024-05-09	0	7.84	46	6
2024-05-10	0	7.47	47	5
2024-05-11	0	9.37	41	6
2024-05-12	0	8.84	44	5
2024-05-13	0	7.46	44	6
2024-05-14	0	6.13	41	6
2024-05-15	0	7.42	43	5
2024-05-16	0	9.63	44	6
2024-05-17	0	7.54	45	6
2024-05-18	0	5.9	40	8
2024-05-19	0	6.82	42	6
2024-05-20	0	7.69	42	7
2024-05-21	0	7.91	43	5
2024-05-22	0	7.4	44	6
2024-05-23	0	4.82	45	5
2024-05-24	0	4.81	45	6
2024-05-25	0	6.48	44	6
2024-05-26	0	7.05	45	7
2024-05-27	0	NULO	43	7
2024-05-28	0	NULO	42	8
2024-05-29	0	NULO	39	7
2024-05-30	0	NULO	41	6
2024-05-31	0	NULO	41	6
2024-06-01	0	13.17	41	7
2024-06-02	0	8.05	43	7
2024-06-03	0	8.82	44	8
2024-06-04	0	10.06	44	7
2024-06-05	0	9.4	43	8
2024-06-06	0	8.67	42	8
2024-06-07	0	8.2	40	9
2024-06-08	0	6.53	40	8
2024-06-09	0	5.82	41	9
2024-06-10	0	7.41	40	7
2024-06-11	0	5.72	38	7
2024-06-12	0	7.81	39	8
2024-06-13	0	5.49	39	8
2024-06-14	0	4.82	39	7
2024-06-15	37	9.51	35	7
2024-06-16	0.01	3.46	35	6
2024-06-17	0.01	3.82	37	7
2024-06-18	2.7	8.09	39	6
2024-06-19	40.5	3.52	31	8
2024-06-20	66.8	NULO	32	6
2024-06-21	18	3.32	29	7
2024-06-22	0.8	0.42	30	5
2024-06-23	28.5	6.02	34	6
2024-06-24	8.2	3.51	32	7
2024-06-25	10	NULO	33	6
2024-06-26	18	15.43	33	7
2024-06-27	0	0.05	36	7
2024-06-28	1.4	NULO	32	6
2024-06-29	12	NULO	30	7
2024-06-30	0	NULO	27	6
2024-07-01	23.7	1.1	30	8
2024-07-02	7.5	6.7	33	6
2024-07-03	0.01	5.34	34	7
2024-07-04	0	5.7	34	7
2024-07-05	0	6.12	34	7
2024-07-06	0	5.48	37	6
2024-07-07	0	5.1	35	6
2024-07-08	0	7.17	33	6
2024-07-09	32.5	8.42	29	7
2024-07-10	24	3.78	32	7
2024-07-11	14.5	4.56	32	7
2024-07-12	2.8	4.87	30	6
2024-07-13	4	3.4	30	7
2024-07-14	0.5	2.72	32	7
2024-07-15	0.7	5.43	36	6
2024-07-16	0	3.25	35	6
2024-07-17	1	3.97	30	7
2024-07-18	2	3.03	33	6
2024-07-19	0.7	2.32	33	7
2024-07-20	1.2	6.6	34	5
2024-07-21	4.2	3.65	33	6
2024-07-22	11.5	NULO	35	6
2024-07-23	1.7	NULO	35	5
2024-07-24	3.8	0.25	34	6
2024-07-25	0.4	4.82	34	7
2024-07-26	0.4	3.22	33	6
2024-07-27	3.4	1.98	35	7
2024-07-28	0.4	3.6	33	8
2024-07-29	0.8	NULO	33	7
2024-07-30	4.2	NULO	33	6
2024-07-31	14	NULO	33	7
2024-08-01	7	5.25	32	6
2024-08-02	1.7	3.3	31	7
2024-08-03	0.01	5.72	34	7
2024-08-04	0	5.31	35	6
2024-08-05	0.5	3.79	34	6
2024-08-06	3.7	5.36	35	7
2024-08-07	0	4.64	35	7
2024-08-08	0	4.14	36	6
2024-08-09	4.4	5.45	35	6
2024-08-10	0.5	3.21	33	6
2024-08-11	1.4	3.29	33	7
2024-08-12	5.5	2.15	31	5
2024-08-13	3.4	6.22	33	6
2024-08-14	5.2	3.36	32	5
2024-08-15	15	6.2	33	8
2024-08-16	4.5	4.65	34	6
2024-08-17	1.5	3.57	33	7
2024-08-18	0.7	5.65	32	6
2024-08-19	0.6	6.7	34	5
2024-08-20	0	3.95	33	7
2024-08-21	10.8	4.2	35	7
2024-08-22	7.4	8.86	34	6
2024-08-23	22	NULO	32	5
2024-08-24	0	NULO	32	6
2024-08-25	1	4.11	34	7
2024-08-26	0	9.04	35	8
2024-08-27	1.5	NULO	33	6
2024-08-28	0.3	NULO	35	7
2024-08-29	0	6.83	36	5
2024-08-30	0.01	3.43	38	7
2024-08-31	1.2	NULO	38	6
2024-09-01	3.2	6.06	35	7
2024-09-02	0.5	NULO	35	7
2024-09-03	5.8	NULO	35	6
2024-09-04	4	12.57	35	6
2024-09-05	4	4.92	35	6
2024-09-06	31	5.36	31	5
2024-09-07	6.5	0.25	27	6
2024-09-08	0.01	1.61	29	6
2024-09-09	0.5	3.57	34	7
2024-09-10	0.4	1.23	34	6
2024-09-11	0	4.19	33	7
2024-09-12	2	3.11	37	5
2024-09-13	9	4.42	37	6
2024-09-14	0	4.83	36	6
2024-09-15	25.2	4.43	36	6
2024-09-16	6.6	2.12	36	6
2024-09-17	0.4	2.67	36	7
2024-09-18	0.01	4.46	38	5
2024-09-19	0	5.15	35	7
2024-09-20	0	4.61	37	5
2024-09-21	0.01	4.8	36	5
2024-09-22	0	4.21	35	6
2024-09-23	1.7	2.26	32	6
2024-09-24	6	1.73	32	6
2024-09-25	0.6	3.41	33	7
2024-09-26	16.4	5.14	32	7
2024-09-27	2.5	NULO	28	5
2024-09-28	0.01	NULO	30	5
2024-09-29	1.5	1.32	30	6
2024-09-30	1	NULO	32	5
2024-10-01	12	2.4	30	7
2024-10-02	0	3.65	30	6
2024-10-03	0	1.42	31	6
2024-10-04	0	0.33	29	5
2024-10-05	0	1.5	32	6
2024-10-06	3.6	3.2	32	5
2024-10-07	0.01	0.41	30	6
2024-10-08	0	2.25	29	6
2024-10-09	0.01	3.21	33	5
2024-10-10	0.01	2.55	33	7
2024-10-11	0.01	3.29	31	6
2024-10-12	0	4.18	31	7
2024-10-13	0	2.73	32	7
2024-10-14	0	3.25	33	6
2024-10-15	0	4.46	38	6
2024-10-16	0.01	2.77	34	6
2024-10-17	0.01	0.84	33	6
2024-10-18	1.5	1.07	28	5
2024-10-19	1.2	3	30	7
2024-10-20	28	0.58	26	6
2024-10-21	12.8	1.74	25	6
2024-10-22	1	1.68	30	7
2024-10-23	1	3.6	30	6
2024-10-24	0	2.33	32	7
2024-10-25	0	3.13	22	5
2024-10-26	0.3	1.3	27	6
2024-10-27	0	2.58	29	5
2024-10-28	0	3	30	7
2024-10-29	0	2.86	33	5
2024-10-30	0	1.84	38	7
2024-10-31	1	NULO	32	6
2024-11-01	0.5	2.73	26	6
2024-11-02	0	2.77	34	6
2024-11-03	0	2.89	39	6
2024-11-04	0	2.21	39	6
2024-11-05	0	4.34	36	7
2024-11-06	0	3.15	39	7
2024-11-07	0	2.78	37	6
2024-11-08	0	3.12	40	7
2024-11-09	0.01	1.61	35	7
2024-11-10	0.01	3.21	36	7
2024-11-11	0.01	2.82	35	8
2024-11-12	0	3.02	37	7
2024-11-13	0.01	3.88	39	7
2024-11-14	4	1.01	33	6
2024-11-15	0.01	3.6	30	6
2024-11-16	0	2.97	38	5
2024-11-17	0	3.23	40	6
2024-11-18	0	2.47	41	6
2024-11-19	14.5	2.78	40	5
2024-11-20	12	3.46	27	5
2024-11-21	0.01	1.35	26	5
2024-11-22	0.01	2.49	30	5
2024-11-23	0	1.27	34	5
2024-11-24	0	3.43	37	4
2024-11-25	0	2.68	36	4
2024-11-26	0	2.34	35	5
2024-11-27	0	3.67	40	4
2024-11-28	0.01	3.48	40	6
2024-11-29	0	3.12	34	8
2024-11-30	0	NULO	34	8
2024-12-01	0.01	2.64	34	6
2024-12-02	0	3.08	31	6
2024-12-03	1.5	0.89	30	5
2024-12-04	0.01	1.24	34	6
2024-12-05	0	1.98	33	5
2024-12-06	0.01	1.64	26	5
2024-12-07	0	1.79	29	6
2024-12-08	0	NULO	38	7
2024-12-09	0	NULO	39	6
2024-12-10	0.3	3.2	40	7
2024-12-11	0	1.42	38	4
2024-12-12	0	1.88	38	5
2024-12-13	0	3.25	38	7
2024-12-14	0	2.77	35	5
2024-12-15	0.01	2.65	33	5
2024-12-16	0.01	2.35	33	4
2024-12-17	0.5	1.55	30	8
2024-12-18	9.2	2.49	30	5
2024-12-19	4	5.84	28	2
2024-12-20	2	NULO	26	4
2024-12-21	1.5	NULO	27	4
2024-12-22	0	1.76	28	4
2024-12-23	0	0.96	32	7
2024-12-24	0	2.9	32	6
2024-12-25	0	2.93	35	8
2024-12-26	0	3.19	35	6
2024-12-27	0	4.73	35	8
2024-12-28	0	1.48	40	6
2024-12-29	0	4.32	35	4
2024-12-30	0	2.7	40	5
2024-12-31	0	NULO	38	4
2025-01-01	0	0.63	32	4
2025-01-02	0	NULO	38	5
2025-01-03	0.01	NULO	30	4
2025-01-04	0	3.52	32	6
2025-01-05	0	3.42	37	5
2025-01-06	2.5	NULO	24	6
2025-01-07	0	NULO	25	6
2025-01-08	7.5	2	24	6
2025-01-09	0	3.7	35	7
2025-01-10	4.4	2.5	33	5
2025-01-11	0	3.93	34	5
2025-01-12	0	2.67	35	3
2025-01-13	0	2.42	30	7
2025-01-14	2	2.3	30	5
2025-01-15	0	2.33	35	6
2025-01-16	0	1.67	29	5
2025-01-17	0	4.53	39	6
2025-01-18	0	2.7	40	5
2025-01-19	0.01	3.46	40	7
2025-01-20	0	1.95	30	6
2025-01-21	0	3.25	20	7
2025-01-22	0	2.6	24	0
2025-01-23	0	3.25	35	6
2025-01-24	0	1.72	23	4
2025-01-25	0	2.08	35	5
2025-01-26	0	3.75	37	6
2025-01-27	0	4.67	38	5
2025-01-28	0	3.19	40	5
2025-01-29	0	3.34	40	7
2025-01-30	0	5.43	40	5
2025-01-31	0	NULO	32	7
2025-02-01	5.2	2.81	30	7
2025-02-02	6.6	5.77	33	5
2025-02-03	0	3.81	34	5
2025-02-04	0	1.57	33	5
2025-02-05	0	4.3	35	6
2025-02-06	0	2.76	37	6
2025-02-07	0.01	4.45	34	6
2025-02-08	0	2.15	38	5
2025-02-09	0	3.6	39	5
2025-02-10	0	5.12	35	5
2025-02-11	0.01	3.97	40	7
2025-02-12	0	3.23	40	6
2025-02-13	0.8	4.76	36	6
2025-02-14	0	2.23	31	5
2025-02-15	0	4.8	39	5
2025-02-16	0.01	2.8	31	6
2025-02-17	0	4.26	38	5
2025-02-18	0.4	3.35	38	5
2025-02-19	0.3	1.71	30	6
2025-02-20	9	4.48	25	6
2025-02-21	17	13.46	32	6
2025-02-22	0	6.05	35	5
2025-02-23	0	4.71	37	5
2025-02-24	0	3.14	30	6
2025-02-25	0	4.95	37	5
2025-02-26	0	5.48	40	8
2025-02-27	0	5.61	40	5
2025-02-28	0	NULO	32	5
2025-03-01	0	5.09	41	5
2025-03-02	0	5.13	41	7
2025-03-03	0	5.38	43	6
2025-03-04	0	7.97	42	8
2025-03-05	0	6.76	40	6
2025-03-06	0	4.38	40	7
2025-03-07	0	11.91	40	6
2025-03-08	0	3.35	42	5
2025-03-09	0	3.7	30	5
2025-03-10	0	4.36	29	7
2025-03-11	0	4.34	40	8
2025-03-12	0	7.47	43	8
2025-03-13	0	5.26	40	6
2025-03-14	0	8.82	18	5
2025-03-15	0	6.67	44	5
2025-03-16	0	5.18	36	6
2025-03-17	0	4.93	28	6
2025-03-18	0	6.27	43	8
2025-03-19	0	NULO	41	5
2025-03-20	0.5	NULO	24	5
2025-03-21	0	5.15	39	6
2025-03-22	0	4.88	36	5
2025-03-23	0.01	4.63	40	5
2025-03-24	0	3.08	40	6
2025-03-25	0	5.12	35	6
2025-03-26	0	3.75	34	7
2025-03-27	0	2.4	38	5
2025-03-28	0	6.3	40	5
2025-03-29	0	6.92	40	6
2025-03-30	0	7.16	42	6
2025-03-31	0	NULO	43	5
2025-04-01	0	14.51	43	6
2025-04-02	0	2.1	43	6
2025-04-03	0	7.87	44	7
2025-04-04	0	8.32	44	8
2025-04-05	0	7.08	44	7
2025-04-06	0	3.85	30	6
2025-04-07	0.01	2.76	27	6
2025-04-08	0	5.3	22	5
2025-04-09	0	2.43	32	3
2025-04-10	0	5.37	33	5
2025-04-11	0	5.33	35	7
2025-04-12	0	6.77	31	6
2025-04-13	0	4.6	34	5
2025-04-14	0	6.56	36	5
2025-04-15	0	NULO	33	5
2025-04-16	0	6.35	34	7
2025-04-17	0	6.1	39	8
2025-04-18	0	6.6	40	7
2025-04-19	0.01	13.61	42	5
2025-04-20	2.5	9.22	41	5
2025-04-21	0	5.25	35	6
2025-04-22	0	5.9	37	5
2025-04-23	0	7.18	40	6
2025-04-24	0	6.6	40	7
2025-04-25	0.01	5.19	39	5
2025-04-26	0.01	6.36	36	6
2025-04-27	0	7.47	44	6
2025-04-28	0.01	6.46	40	8
2025-04-29	0	5.8	40	7
2025-04-30	0	NULO	40	7
2025-05-01	10.4	4.41	40	6
2025-05-02	0	5.99	39	6
2025-05-03	0.01	7.07	40	6
2025-05-04	0	4.79	38	5
2025-05-05	0	8.83	40	6
2025-05-06	1.2	6.37	43	6
2025-05-07	0	8.18	41	7
2025-05-08	0	6.53	40	7
2025-05-09	1.4	2.26	37	6
2025-05-10	0.01	3.92	36	6
2025-05-11	0	NULO	38	6
2025-05-12	0	7.07	38	7
2025-05-13	0	7.98	40	6
2025-05-14	0	7.77	41	6
2025-05-15	0	8.46	40	7
2025-05-16	0	5.17	44	7
2025-05-17	1.2	5.83	42	7
2025-05-18	2.5	9.74	43	6
2025-05-19	0.5	6.38	41	7
2025-05-20	0.01	5.91	43	8
2025-05-21	0	6.85	38	6
2025-05-22	0.01	6.98	39	7
2025-05-23	0	7.08	39	6
2025-05-24	0	5.1	36	7
2025-05-25	6.6	2.65	38	6
2025-05-26	5.3	4.1	37	5
2025-05-27	1	5.9	37	7
2025-05-28	14	3.45	35	6
2025-05-29	4.2	4.73	35	6
2025-05-30	4.4	2.79	35	5
2025-05-31	0	NULO	40	6
2025-06-01	0.4	3.88	35	5
2025-06-02	0.8	4.45	38	6
2025-06-03	0.01	4.36	37	6
2025-06-04	0	6.09	36	7
2025-06-05	0	6.66	35	5
2025-06-06	0.5	5.55	35	6
2025-06-07	0	6.3	36	7
2025-06-08	0	5.3	35	6
2025-06-09	0	4.95	40	6
2025-06-10	0	5.8	40	6
2025-06-11	0	5.95	36	5
2025-06-12	17.5	12.7	37	6
2025-06-13	6.5	2.15	34	5
2025-06-14	23.3	NULO	34	6
2025-06-15	10.5	0.55	31	5
2025-06-16	2.5	1.5	31	6
2025-06-17	10	3.47	30	5
2025-06-18	12	0.68	30	5
2025-06-19	26.7	NULO	30	6
2025-06-20	27.3	NULO	30	5
2025-06-21	27.3	NULO	25	7
2025-06-22	26	NULO	27	5
2025-06-23	4	6.72	27	7
2025-06-24	0.5	NULO	28	5
2025-06-25	0.6	NULO	27	6
2025-06-26	3.4	3.7	30	5
2025-06-27	2.5	3.5	30	6
2025-06-28	6.4	3	31	6
2025-06-29	13	1.8	30	6
2025-06-30	0	NULO	NULO	NULO
2025-07-01	7	3.15	32	7
2025-07-02	8.3	3.99	32	6
2025-07-03	0.01	5.37	34	5
2025-07-04	0	4.6	35	6
2025-07-05	0	4.3	34	5
2025-07-06	0	5.85	35	6
2025-07-07	3.3	3.95	34	6
2025-07-08	2	3.77	32	5
2025-07-09	0	2.69	30	6
2025-07-10	0.2	2.96	33	6
2025-07-11	0	2.78	35	5
2025-07-12	0	1.75	30	5
2025-07-13	0	5.63	34	6
2025-07-14	0	2.59	35	5
2025-07-15	0.01	4.64	35	6
2025-07-16	0	5.35	35	5
2025-07-17	0.5	3.51	33	6
2025-07-18	3.4	4.36	31	6
2025-07-19	6.5	8.11	32	5
2025-07-20	4.5	0.17	31	5
2025-07-21	0	5.43	35	5
2025-07-22	7.5	4.8	33	6
2025-07-23	0.1	5.77	32	6
2025-07-24	0	4.25	32	5
2025-07-25	0.6	0.27	35	5
2025-07-26	11.8	2.11	32	7
2025-07-27	9.6	2.34	27	7
2025-07-28	8.7	8.1	26	6
2025-07-29	2.4	2.73	27	6
2025-07-30	0.3	4.58	30	7
2025-07-31	1.4	NULO	32	7
2025-08-01	1.5	5.91	31	7
2025-08-02	0	5.85	31	5
2025-08-03	0	6.7	34	6
2025-08-04	0	4.94	34	5
2025-08-05	5	3.86	32	5
2025-08-06	0.8	1.9	28	6
2025-08-07	0.5	1.85	31	5
2025-08-08	0	7.78	34	6
2025-08-09	0	3.19	35	7
2025-08-10	0.01	2.29	35	6
2025-08-11	0	3.5	35	5
2025-08-12	0	5.58	35	7
2025-08-13	1	5.1	30	6
2025-08-14	0	5.43	35	6
2025-08-15	0	5.64	35	7
2025-08-16	1	7.02	36	7
2025-08-17	0	3.58	34	5
2025-08-18	0	5.2	33	7
2025-08-19	0	3.9	35	6
2025-08-20	3	6.22	35	7
2025-08-21	0	5.44	35	7
2025-08-22	0.5	5.59	34	6
2025-08-23	18.2	5.57	36	5
2025-08-24	5	3.18	34	7
2025-08-25	9.7	5.48	33	6
2025-08-26	6	4.95	30	7
2025-08-27	0.01	3.93	32	6
2025-08-28	0.3	4.8	34	6
2025-08-29	0	6.9	34	7
2025-08-30	0.01	3.76	35	6
2025-08-31	1.5	NULO	34	6
2025-09-01	4.3	6.03	35	6
2025-09-02	1.5	4.22	35	6
2025-09-03	0.01	4.41	35	7
2025-09-04	0	5.32	35	6
2025-09-05	0	4.13	38	5
2025-09-06	0	3.3	38	7
2025-09-07	0.01	5.54	35	5
2025-09-08	4	4.37	35	6
2025-09-09	4.6	5.15	34	6
2025-09-10	15	2.86	35	7
2025-09-11	7.5	1.94	33	6
2025-09-12	30.5	0.05	30	6
2025-09-13	0	6.45	32	5
2025-09-14	3.85	5.4	34	6
2025-09-15	9.6	3.8	32	5
2025-09-16	15	NULO	32	6
2025-09-17	0.01	3.36	34	7
2025-09-18	1.4	4.1	32	6
2025-09-19	0	4.1	32	5
2025-09-20	0	5.7	32	6
2025-09-21	0.01	5.31	33	7
2025-09-22	0	4.3	35	6
2025-09-23	10	NULO	34	7
2025-09-24	10	NULO	33	6
2025-09-25	2	2	35	6
2025-09-26	0	2.7	35	7
2025-09-27	4	2.55	33	6
2025-09-28	1	3.05	32	6
2025-09-29	0	NULO	33	5
2025-09-30	0	NULO	34	6
