COMISIÓN NACIONAL DEL AGUA
COORDINACIÓN GENERAL DEL SERVICIO METEOROLÓGICO NACIONAL
BASE DE DATOS CLIMATOLÓGICA NACIONAL 

REGISTRO DIARIO HISTÓRICO
EMISIÓN   : 11/09/2026 

DATOS DISPONIBLES EN LA BASE DE DATOS A: SEPTEMBER DE 2026; 
CON LA INFORMACIÓN SUMINISTRADA POR LAS UNIDADES ADMINISTRATIVAS 

 ESTACIÓN   : 13109 
 NOMBRE     : E.T.A. 385 SANTIAGO DE ANAYA 
 ESTADO     : HIDALGO 
 MUNICIPIO  : SANTIAGO DE ANAYA 
 SITUACIÓN  : OPERANDO 
 U. ADMNVA. : DIRECCIÓN LOCAL HIDALGO 
 CVE-OMM    :   
 LATITUD    : 20.38055556 ° 
 LONGITUD   : -98.96444444 ° 
 ALTITUD    : 2029 msnm 




FECHA		PRECIP	EVAP	TMAX	TMIN
		(mm)	(mm)	(°C )	(°C)
1977-09-01	0	2.2	32.7	12.6
1977-09-02	0	6	22.7	8.2
1977-09-03	0	3	29.3	14.2
1977-09-04	0	2.7	29.3	11.9
1977-09-05	0	2.1	26.5	7.5
1977-09-06	0	1.4	27.5	7.5
1977-09-07	0	1.1	25.5	12.6
1977-09-08	0	2	26.5	13.5
1977-09-09	0	1.8	26.4	11.9
1977-09-10	0	7.4	27.5	11.5
1977-09-11	0	3.4	26.5	11.7
1977-09-12	0	0.1	29.5	7.5
1977-09-13	0	1.9	25.5	16.8
1977-09-14	0	7.1	25.5	11.9
1977-09-15	0	8.1	26.5	11.5
1977-09-16	0	8.8	23.5	11.2
1977-09-17	0	1.2	29.3	11.2
1977-09-18	0	5.1	26.5	9.7
1977-09-19	0	1.1	22.7	11.9
1977-09-20	0	4	23.7	8.4
1977-09-21	0	1.2	22.3	8.2
1977-09-22	0	0.9	22.5	9.7
1977-09-23	0	0.9	23.2	8.4
1977-09-24	0	9.6	26.5	11.2
1977-09-25	0	5.2	26.5	12.2
1977-09-26	0	3.9	22.5	11.2
1977-09-27	0	6.8	22.5	10.5
1977-09-28	0	7.1	25.5	11.5
1977-09-29	0	3.5	27.5	7.5
1977-09-30	0	3.5	25.2	10.5
1977-10-01	0	6.2	32.7	12.6
1977-10-02	3	4	25.5	8.2
1977-10-03	6	7.8	24.5	13
1977-10-04	0	9.2	46.5	7.2
1977-10-05	0	2	16.7	1
1977-10-06	0	2	24.5	9.2
1977-10-07	0	2.1	29.3	11.6
1977-10-08	0	2.7	22.7	8.4
1977-10-09	0	5.1	25.2	8.2
1977-10-10	0	5.6	30.2	7.2
1977-10-11	0	6.1	28.5	7.5
1977-10-12	9	6.2	18.5	13.5
1977-10-13	0	2.8	12.5	7.5
1977-10-14	0	5.4	22.5	7.5
1977-10-15	0	1.6	26.5	7.5
1977-10-16	0	1.8	20.5	11
1977-10-17	0	3.2	25.4	7.5
1977-10-18	0	1.2	21.2	8.4
1977-10-19	5	8.2	22.5	-4.2
1977-10-20	0	2.6	18.4	9.2
1977-10-21	0	4	12.6	-6.5
1977-10-22	0	2.3	23.5	2.5
1977-10-23	0	2.7	26.5	11
1977-10-24	12	2.7	22.5	12
1977-10-25	3	1.6	26	13.5
1977-10-26	5	1.5	17.5	13
1977-10-27	12	1.6	23.5	12.5
1977-10-28	3	4.4	24.5	13.5
1977-10-29	0	0.4	24	10.5
1977-10-30	0	8.6	26.5	8.4
1977-10-31	0	NULO	19.2	7.5
1977-11-01	0	4.83	24	8
1977-11-02	4	9.14	25	7
1977-11-03	0	7.72	24	7
1977-11-04	0	2.59	22	11
1977-11-05	0	3.28	24	7
1977-11-06	0	3.23	25	8
1977-11-07	0	3.73	22	7
1977-11-08	0	5.12	21	7
1977-11-09	0	4.41	24	8
1977-11-10	0	1.1	22	8
1977-11-11	0	5.67	22	8
1977-11-12	0	5.41	16	6
1977-11-13	0	3.45	19	7
1977-11-14	0	6.33	21	8
1977-11-15	0	3.09	22	8
1977-11-16	0	1.03	25	9
1977-11-17	0	4.32	22	7
1977-11-18	0	2.93	22	7
1977-11-19	0	2.72	23	8
1977-11-20	0	4.44	21	8
1977-11-21	0	3.06	24	7
1977-11-22	0	2.94	26	7
1977-11-23	0	5.38	22	9
1977-11-24	0	2.05	24	7
1977-11-25	0	4.75	21	8
1977-11-26	0	3.82	13	8
1977-11-27	0	3.43	24	8
1977-11-28	0	5.08	24	7
1977-11-29	0	4.06	22	11
1977-11-30	0	6.5	22	11
1977-12-01	0	4.55	15	8
1977-12-02	0	6.61	18	8
1977-12-03	0	1.8	23	7
1977-12-04	0	2.2	21	7
1977-12-05	0	5.46	16	8
1977-12-06	0	4.73	19	8
1977-12-07	0	5.53	21	6
1977-12-08	15	4.9	23	8
1977-12-09	0	2.69	23	7
1977-12-10	0	7.01	16	7
1977-12-11	0	5.33	21	7
1977-12-12	0	2.55	21	8
1977-12-13	0	2.59	20	8
1977-12-14	0	4.7	15	7
1977-12-15	0	4.88	13	8
1977-12-16	0	6.09	22	7
1977-12-17	0	3.57	23	7
1977-12-18	0	2.86	25	6
1977-12-19	0	3.76	12	6
1977-12-20	0	4.29	18	7
1977-12-21	0	5.89	16	3
1977-12-22	0	4.11	23	3
1977-12-23	0	8.01	21	4
1977-12-24	0	1.99	22	5
1977-12-25	0	2.48	17	7
1977-12-26	0	6.81	14	4
1977-12-27	0	8.63	20	4
1977-12-28	0	5.25	13	3
1977-12-29	0	3.76	11	5
1977-12-30	0	6.32	22	5
1977-12-31	0	6.98	21	4
1978-01-01	0	5.7	27	7
1978-01-02	0	4	24	8
1978-01-03	0	2.2	21	4
1978-01-04	0	2.2	23	7
1978-01-05	0	5.6	24	-4
1978-01-06	0	2.9	23	-3
1978-01-07	0	1.8	22	-4
1978-01-08	0	4.9	25	-3
1978-01-09	7	0.2	9	-5
1978-01-10	0	2.6	18	-2
1978-01-11	0	3.5	20	-2
1978-01-12	0	2.9	21	-3
1978-01-13	0	3.9	20	-1
1978-01-14	0	4	18	-2
1978-01-15	0	4	20	-2
1978-01-16	0	4.2	24	-4
1978-01-17	0	3.2	23	-9
1978-01-18	0	3.4	24	-10
1978-01-19	0	5.7	22	-3
1978-01-20	0	2.6	24	-1
1978-01-21	0	4.1	23	-3
1978-01-22	0	3.9	26	-3
1978-01-23	0	3.4	25	-7
1978-01-24	0	5	26	-6
1978-01-25	0	3.6	24	-5
1978-01-26	0	3.7	22	-7
1978-01-27	0	3.9	24	-2
1978-01-28	0	1.3	21	-8
1978-01-29	0	6.2	25	6
1978-01-30	0	17.3	25	7
1978-01-31	0	8.1	22	7
1978-02-01	0	3.7	23	10
1978-02-02	0	3.9	25	9
1978-02-03	0	3.9	21	11
1978-02-04	0	3.2	19	9
1978-02-05	0	2.6	21	8
1978-02-06	0	2.5	21	8
1978-02-07	11	13.9	18	7
1978-02-08	0	3.4	19	-8
1978-02-09	0	6.7	21	-7
1978-02-10	0	2.2	2	-7
1978-02-11	0	3.6	5	2
1978-02-12	0	6.7	21	2
1978-02-13	0	6.9	21	7
1978-02-14	0	4.5	12	7
1978-02-15	0	6.3	21	8
1978-02-16	0	2	12.1	8
1978-02-17	0	2.2	22	8
1978-02-18	0	2.2	21	11
1978-02-19	0	4.3	19	11
1978-02-20	0	5	20	8
1978-02-21	0	0.6	7.1	5
1978-02-22	0	4.8	17	-7
1978-02-23	3	7.7	11	5
1978-02-24	0	9	22	7
1978-02-25	0	4.7	22	4
1978-02-26	0	5.6	27	4
1978-02-27	0	3.5	25	6
1978-02-28	0	1.8	28	9.1
1978-03-01	0	6.4	31	8
1978-03-02	0	7.5	32	8
1978-03-03	0	17	32	11
1978-03-04	0	10.6	32	10
1978-03-05	0	6.2	34	12
1978-03-06	0	2.9	33	10
1978-03-07	0	3.1	34	13
1978-03-08	0	6.2	33	13
1978-03-09	0	5.1	31	12
1978-03-10	0	1.2	31	12
1978-03-11	0	3.9	28	10
1978-03-12	0	6	30	11
1978-03-13	0	4.1	31	10
1978-03-14	0	4.9	31	10
1978-03-15	0	4.9	27	13
1978-03-16	0	6.4	28	13
1978-03-17	0	10.1	10	7
1978-03-18	0	3.9	19	7
1978-03-19	0	5	19	7
1978-03-20	0	13.8	22	7
1978-03-21	4	9.5	25	6
1978-03-22	0	3.7	22	8
1978-03-23	0	2.52	28	9
1978-03-24	0	1.2	31	10
1978-03-25	0	16.2	29	9
1978-03-26	0	17.2	27	11
1978-03-27	0	8.2	16	5
1978-03-28	0	2.5	17	3
1978-03-29	0	5.2	23	7
1978-03-30	0	0.9	26	8
1978-03-31	0	NULO	22	6
1978-04-01	0	7.9	27	8
1978-04-02	0	3.2	29	9
1978-04-03	45	4.7	30	10
1978-04-04	20	6.6	23	8
1978-04-05	0	6.9	22	7
1978-04-06	0	3.7	28	9
1978-04-07	5	0.8	14	8
1978-04-08	0	3.5	28	11
1978-04-09	40	7.1	28	10
1978-04-10	5	NULO	29	10
1978-04-11	0	11.9	30	12
1978-04-12	0	3.5	28	12
1978-04-13	0	7.3	29	8
1978-04-14	0	5.1	28	8
1978-04-15	0	7.3	30	8
1978-04-16	0	5.3	29	8
1978-04-17	0	4.2	31	8
1978-04-18	0	3.5	33	9
1978-04-19	0	3.6	32	10
1978-04-20	0	3.3	28	11
1978-04-21	5	2.8	32	8
1978-04-22	5	8.1	31	9
1978-04-23	6	0.1	30	9
1978-04-24	0	0.3	31	9
1978-04-25	0	0.2	30	10
1978-04-26	0	NULO	29	12
1978-04-27	0	7.7	27	10
1978-04-28	0	5.2	30	12
1978-04-29	0	3.2	30	8
1978-04-30	0	NULO	31	11
1978-05-01	0	NULO	31	8
1978-05-02	0	NULO	32	8
1978-05-03	0	NULO	32	11
1978-05-04	0	NULO	32	10
1978-05-05	0	NULO	34	12
1978-05-06	0	NULO	33	10
1978-05-07	0	NULO	34	13
1978-05-08	0	NULO	33	13
1978-05-09	0	NULO	31	12
1978-05-10	0	NULO	28	12
1978-05-11	0	NULO	30	10
1978-05-12	0	NULO	29	11
1978-05-13	0	NULO	30	8
1978-05-14	0	NULO	28	9
1978-05-15	0	NULO	29	7
1978-05-16	14	NULO	26	10
1978-05-17	10	NULO	30	7
1978-05-18	15	NULO	30	12
1978-05-19	25	NULO	28	16
1978-05-20	0	NULO	27	12
1978-05-21	0	NULO	28	11
1978-05-22	0	NULO	21	13
1978-05-23	0	NULO	29	12
1978-05-24	10	NULO	29	13
1978-05-25	2	NULO	30	10
1978-05-26	5	NULO	29	14
1978-05-27	0	NULO	21	11
1978-05-28	0	NULO	22	9
1978-05-29	0	NULO	20	10
1978-05-30	5	NULO	19	14
1978-05-31	0	NULO	20	14
1978-06-01	0	1.8	25	14
1978-06-02	0	2.3	23	15
1978-06-03	12	8.2	22	12
1978-06-04	10	5.8	19	9
1978-06-05	15	5.3	25	15
1978-06-06	12	5.4	26	14
1978-06-07	4	5.8	26	13
1978-06-08	6	3	22	14
1978-06-09	5	2.6	16	12
1978-06-10	0	1.5	22	13
1978-06-11	0	3.5	26	12
1978-06-12	0	4.1	22	12
1978-06-13	0	6.4	22	12
1978-06-14	0	5.5	24.1	13
1978-06-15	0	6.6	27	12
1978-06-16	10	7.6	20	12
1978-06-17	0	4.4	25	12
1978-06-18	0	7.1	23	9
1978-06-19	0	5.3	23	11
1978-06-20	0	4.7	26	14
1978-06-21	0	3.5	23	14
1978-06-22	0	6.3	25	11
1978-06-23	0	2.9	21	13
1978-06-24	0	9.6	23	11
1978-06-25	0	2	28	12
1978-06-26	0	5.9	26	11
1978-06-27	0	3.6	25	10
1978-06-28	0	2.5	24	11
1978-06-29	0	2.2	23	12
1978-06-30	0	1.9	25	11
1978-07-01	0	3.7	21	10
1978-07-02	2	4.6	26	13
1978-07-03	5	7.1	21.1	13
1978-07-04	5	5.9	25	12
1978-07-05	0	3.8	25	10
1978-07-06	0	5.3	25	10
1978-07-07	0	3.1	30	11
1978-07-08	0	4	24	10
1978-07-09	0	5	30	9
1978-07-10	0	5.2	30	14
1978-07-11	0	3	26	9
1978-07-12	0	5.1	25	12
1978-07-13	0	5.1	26	11
1978-07-14	0	3.9	20	11
1978-07-15	10.2	3.1	28	12
1978-07-16	0	2.2	27	13
1978-07-17	0	4.1	27	8
1978-07-18	0	3.9	24	13
1978-07-19	10	8.7	26	14
1978-07-20	0	1.3	24	10
1978-07-21	0	6.5	24	18
1978-07-22	2.5	5.6	20	13
1978-07-23	1.5	3	19	11
1978-07-24	4.5	4.9	22	14
1978-07-25	0	4.6	24	14
1978-07-26	14.5	1.9	24	13
1978-07-27	31	14.1	20.1	12
1978-07-28	7	5	22	14
1978-07-29	0	0.4	24	14
1978-07-30	1	0.8	25	11
1978-07-31	5	7.2	25	10
1978-08-01	0	5.3	18	15
1978-08-02	0	3.9	24	11
1978-08-03	0	3.4	24	11
1978-08-04	0	2.5	23	12
1978-08-05	0	1.7	20	9
1978-08-06	50	5.6	23	11
1978-08-07	15.5	7.4	17	13
1978-08-08	20	3	19	13
1978-08-09	0	2.6	22	11
1978-08-10	5	0.8	23	10
1978-08-11	0	3.8	22	14
1978-08-12	0	2.3	23	13
1978-08-13	0	3.1	24	13
1978-08-14	0	3	22	13
1978-08-15	0	3.1	22	11
1978-08-16	0	3	21	12
1978-08-17	0	2	23	13
1978-08-18	0	4.9	22	11
1978-08-19	10	5.7	24	12
1978-08-20	37	6.7	18	12
1978-08-21	70	6.4	22	16
1978-08-22	0	3.1	23	13
1978-08-23	0	3.8	22	13
1978-08-24	0	2.5	23	11
1978-08-25	0	1.6	22	12
1978-08-26	0	2.9	24	13
1978-08-27	0	3.7	26	14
1978-08-28	0	2.5	26	8
1978-08-29	0	4.2	27	12
1978-08-30	0	4.8	26	12
1978-08-31	0	4.7	23	13
1978-09-01	0	3.7	24.1	12
1978-09-02	0	2.1	23	9
1978-09-03	0	2.5	24	11
1978-09-04	0	2.2	25	14
1978-09-05	0	4	22	12
1978-09-06	65	4.5	27	12
1978-09-07	10	1.7	25	13
1978-09-08	11	0.1	26	13
1978-09-09	20	3.2	27	14
1978-09-10	10	2.6	18	13
1978-09-11	10	2.9	28	11
1978-09-12	20	5.2	22	8
1978-09-13	0	3.9	27	11
1978-09-14	0	5.4	17	14
1978-09-15	0	8.2	18	13
1978-09-16	0	3.3	31	12
1978-09-17	0	8.3	26	14
1978-09-18	30	1.8	26	9
1978-09-19	0	4.1	24	14
1978-09-20	0	1.9	22	10
1978-09-21	75	3.1	18	11
1978-09-22	11.4	3.4	13	10
1978-09-23	0	3.5	22	7
1978-09-24	10	3.1	22	13
1978-09-25	10	2.7	22	12
1978-09-26	0	5.4	23	13
1978-09-27	0	1.7	23	13
1978-09-28	0	2.6	23	13
1978-09-29	0	4	32	13
1978-09-30	0	3.2	26	14
1978-10-01	0	5.8	32	9
1978-10-02	0	7.5	19	11
1978-10-03	0	0.8	18	11
1978-10-04	0	2.2	16	13
1978-10-05	0	4.4	25	13
1978-10-06	80	4.4	22	14
1978-10-07	0	1.4	22	11
1978-10-08	70	3.9	22	13
1978-10-09	30	2.1	18	12
1978-10-10	0	5.4	22	10
1978-10-11	0	2.8	24	9
1978-10-12	0	2.8	22	8
1978-10-13	4	1.8	24	11
1978-10-14	60	NULO	14	10
1978-10-15	0	0.3	10	7
1978-10-16	0	1.7	11	6
1978-10-17	0	2.5	17	7
1978-10-18	0	2.8	19	9
1978-10-19	0	3.4	23	12
1978-10-20	0	1.2	21	7
1978-10-21	0	5.4	25	4
1978-10-22	0	3.1	22	8
1978-10-23	0	5	28	4
1978-10-24	0	4.6	27	6
1978-10-25	0	4.3	31	5
1978-10-26	0	2.8	28	7
1978-10-27	0	1.1	26	11
1978-10-28	0	3.4	27	11
1978-10-29	0	4.3	25	10
1978-10-30	0	3.3	29	7
1978-10-31	0	3.3	26	10
1978-11-01	7	3.5	15	11
1978-11-02	1	3.4	26	11
1978-11-03	0	4.5	21	10
1978-11-04	0	4.7	25	17
1978-11-05	0	3.5	25	9
1978-11-06	0	3.2	31	5
1978-11-07	0	2.7	24	10
1978-11-08	0	2.7	28	10
1978-11-09	0	3.2	29	5
1978-11-10	0	2.6	27	7
1978-11-11	0	3.4	26	8
1978-11-12	0	7.2	26	5
1978-11-13	0	1.6	32	6
1978-11-14	0	1.6	30	4
1978-11-15	0	2.2	20	5
1978-11-16	0	4.5	26	4
1978-11-17	0	3.2	20	6
1978-11-18	0	2.4	19	6
1978-11-19	0	4.1	20	13
1978-11-20	0	4.2	22	11
1978-11-21	0	3.9	21	12
1978-11-22	0	2.8	23	7
1978-11-23	0	3.6	24	5
1978-11-24	0	3.8	19	9
1978-11-25	0.5	2.2	27	11
1978-11-26	0	4	20	6
1978-11-27	0	2.9	18	7
1978-11-28	0	4.9	16	6
1978-11-29	0	4.5	11	5
1978-11-30	0	4.6	18	6
1978-12-01	3	6.3	14	7
1978-12-02	0	2.7	18	8
1978-12-03	0	4.1	19	9
1978-12-04	0	4.6	18	10
1978-12-05	0	5.2	17	12
1978-12-06	0	1.3	19	10
1978-12-07	0	4.4	18	11
1978-12-08	0	4.6	17	8
1978-12-09	0	5	18	8
1978-12-10	0	4.7	16	5
1978-12-11	0	5.1	17	6
1978-12-12	0	4.4	18	7
1978-12-13	0	4.9	23	6
1978-12-14	0	4.1	15	5
1978-12-15	0	3.3	12	4
1978-12-16	0	3	15	7
1978-12-17	0	3	12	7
1978-12-18	0	5	23	5
1978-12-19	0	4	18	5
1978-12-20	0	3.6	12	9
1978-12-21	0	3.5	19	5
1978-12-22	0	5.4	25	4
1978-12-23	0	5.7	24	3
1978-12-24	0	4.7	21	7
1978-12-25	0	3.1	21	4
1978-12-26	0	5.5	19	3
1978-12-27	0	4.4	21	5
1978-12-28	0	4.6	24	3
1978-12-29	0	4.8	25	4
1978-12-30	0	2.4	23	6
1978-12-31	0	4.2	22	5
1979-01-01	0	3.5	23	4
1979-01-02	0	2.2	22	5
1979-01-03	0	6.9	21	1
1979-01-04	0	5.1	21	2
1979-01-05	0	5.2	23	2
1979-01-06	0	4.9	21	5
1979-01-07	0	5.5	9	6
1979-01-08	0	6.2	23	4
1979-01-09	0	3.8	23	7
1979-01-10	0	3.8	13	8
1979-01-11	0	3	21	7
1979-01-12	0	6.5	23	6
1979-01-13	0	1.4	21	8
1979-01-14	0	3.8	21	4
1979-01-15	0	4	10	4
1979-01-16	0	7.8	21	6
1979-01-17	0	3.5	23	3
1979-01-18	0	4.5	23	4
1979-01-19	0	4.1	23	5
1979-01-20	0	7.5	24	5
1979-01-21	7	7.8	15	5
1979-01-22	0	5.1	23	0
1979-01-23	0	4.2	24	4
1979-01-24	0	2.6	20	5
1979-01-25	0	5.7	21.1	8
1979-01-26	0	4.4	23	12
1979-01-27	0	10.4	21	7
1979-01-28	0	0.8	23	6
1979-01-29	0	5.7	23	5
1979-01-30	0	5	23	6
1979-01-31	0	5.3	23	5
1979-02-01	0	2.5	23	1
1979-02-02	0	2.7	26	1
1979-02-03	0	2.1	25	2
1979-02-04	0	4.8	24	3
1979-02-05	0	5.4	25	4
1979-02-06	3.5	4.3	12	9
1979-02-07	0	6.4	24	8
1979-02-08	0	4.4	27	1
1979-02-09	0	6.6	22	-1
1979-02-10	0	2.7	23	1
1979-02-11	0	3.3	19	2
1979-02-12	8	12.1	20	4
1979-02-13	0	4.2	21	-2
1979-02-14	0	6.6	26	3
1979-02-15	0	3.5	24	3
1979-02-16	0	6.8	23	2
1979-02-17	0	2.7	23	9
1979-02-18	0	1.9	20	8
1979-02-19	0	6.4	21	7
1979-02-20	6.5	7.1	22	5
1979-02-21	2.4	2.4	22	-3
1979-02-22	0	7.8	19	3
1979-02-23	0	10.6	27	5
1979-02-24	0	2	22	5
1979-02-25	0	5	12	8
1979-02-26	0	5.7	25	1
1979-02-27	0	6.4	23	5
1979-02-28	0	5.1	22	1
1979-03-01	0	3.7	21	1
1979-03-02	0	5.3	20	2
1979-03-03	0	5.2	23	-1
1979-03-04	0	4.6	25	3
1979-03-05	0	1.2	24	4
1979-03-06	0	2.5	23	1
1979-03-07	0	1.5	12	1
1979-03-08	0	6.6	23	1
1979-03-09	0	6.1	22	3
1979-03-10	0	5.5	25	5
1979-03-11	0	6.8	27	5
1979-03-12	0	4.3	28	4
1979-03-13	0	6.3	23	4
1979-03-14	0	7.3	28	3
1979-03-15	0	4.4	20	3
1979-03-16	0	10.1	21	10
1979-03-17	21	1.5	29	8
1979-03-18	15	1.5	30	11
1979-03-19	0	4.7	30	5
1979-03-20	0	10.7	30	4
1979-03-21	0	5.5	30	6
1979-03-22	0	3.1	28	6
1979-03-23	0	5.5	23	7
1979-03-24	0	6.5	21	4
1979-03-25	0	7.6	32	6
1979-03-26	0	4.1	29	3
1979-03-27	0	5.8	29	6
1979-03-28	0	5.7	30	6
1979-03-29	0	11.9	32	8
1979-03-30	0	4.9	30	8
1979-03-31	0	3.5	32	7
1979-04-01	0	2.9	32	9
1979-04-02	0	6.3	31	8
1979-04-03	0	3.7	31	9
1979-04-04	0	7.2	28	9
1979-04-05	0	3.5	30	12
1979-04-06	0	7.8	30	12
1979-04-07	0	6.7	31	10
1979-04-08	0	11.3	32	10
1979-04-09	0	8.1	29	11
1979-04-10	0	4.8	26	19
1979-04-11	0	8.3	24	13
1979-04-12	0	4.6	25	8
1979-04-13	0	5	22	9
1979-04-14	5	0.3	30	8
1979-04-15	0	4.1	29	6
1979-04-16	0	3.9	31	6
1979-04-17	1.5	10.3	31	7
1979-04-18	0.2	5.2	24	8
1979-04-19	8	NULO	29	10
1979-04-20	1.1	8.3	27	9
1979-04-21	1	6.3	25	8
1979-04-22	4.5	1.4	28	10
1979-04-23	1.9	1.3	25	11
1979-04-24	0	5	26	9
1979-04-25	0	6.1	23	7
1979-04-26	0	8.5	31	7
1979-04-27	0	2.7	32	7
1979-04-28	0	2.7	32	8
1979-04-29	0	2.7	32	9
1979-04-30	0	2	31	10
1979-05-01	0	4.7	31	10
1979-05-02	0	6.3	33	9
1979-05-03	0	7.9	32	9
1979-05-04	0	5.6	31	8
1979-05-05	0	3.2	30	9
1979-05-06	0	9.2	33	8
1979-05-07	0	6	31	6
1979-05-08	0	7.7	33	9
1979-05-09	0	8.9	30	7
1979-05-10	0	5.3	32	6
1979-05-11	0	1.5	24	7
1979-05-12	0	3.2	32	6
1979-05-13	0	3.4	31	12
1979-05-14	0	4.7	29	11
1979-05-15	0	4.1	30	10
1979-05-16	0	4	32	11
1979-05-17	0	3.4	29	10
1979-05-18	0	3.9	31	9
1979-05-19	0	3.6	32	10
1979-05-20	0	2.9	32	11
1979-05-21	0	9.1	32	9
1979-05-22	0	7.3	33	12
1979-05-23	0	9.4	30	13
1979-05-24	0	3.7	28	12
1979-05-25	0	9.4	21	10
1979-05-26	0	0.8	28	12
1979-05-27	0	5.2	29	12
1979-05-28	10.8	5.8	32	11
1979-05-29	0	5.6	28	11
1979-05-30	0	4.5	31	9
1979-05-31	0	1	31	11
1979-06-01	0	2.1	30	10
1979-06-02	0	4	25	14
1979-06-03	0	7.3	29	15
1979-06-04	2.9	3.7	23	13
1979-06-05	20	5.6	29	16
1979-06-06	9.9	8.8	25	15
1979-06-07	18	4.7	26	14
1979-06-08	0	5.2	26	13
1979-06-09	0	0.4	26	15
1979-06-10	18.5	6.7	26	13
1979-06-11	8.8	8.5	25	13
1979-06-12	0	0.8	26	11
1979-06-13	0	6.4	25	8
1979-06-14	0	4.9	22	13
1979-06-15	0	8.4	25	4
1979-06-16	0	5.3	26	11
1979-06-17	0	4.7	29	13
1979-06-18	0	6.4	29	6
1979-06-19	0	6.4	29	9
1979-06-20	0	4.7	26	13
1979-06-21	0	4.3	21	12
1979-06-22	0	9.9	21	10
1979-06-23	0	4.4	28	8
1979-06-24	0	4.8	22	8
1979-06-25	0	3.8	22	12
1979-06-26	0	3.9	21	13
1979-06-27	0	5	25	14
1979-06-28	0	5.9	24	14
1979-06-29	0	3.3	26	14
1979-06-30	0	3.4	26	13
1979-07-01	0	9.7	28	15
1979-07-02	0	7.8	28	7
1979-07-03	0	3.3	25	10
1979-07-04	10	6.9	23	13
1979-07-05	0	5.8	22	15
1979-07-06	0	3.6	23	11
1979-07-07	0	3.6	26	12
1979-07-08	0	5.5	27	13
1979-07-09	14.5	6.9	27	12
1979-07-10	7.3	2.9	24	11
1979-07-11	0	7.1	23	13
1979-07-12	0	2.3	23	15
1979-07-13	0	7.7	24	15
1979-07-14	0	4.2	23	17
1979-07-15	0	4.1	25	10
1979-07-16	0	4.3	23	13
1979-07-17	1	3.7	22	15
1979-07-18	0	3.4	24	9
1979-07-19	0	3.4	21	12
1979-07-20	0	4.6	26	10
1979-07-21	2.5	1.1	23	11
1979-07-22	0	3.9	25	9
1979-07-23	16	3.7	26	9
1979-07-24	31.5	2.8	23	10
1979-07-25	0	4.7	22	10
1979-07-26	12.5	2.4	26	9
1979-07-27	11	0.7	24	13
1979-07-28	0	2.1	24	12
1979-07-29	0	3.5	23	11
1979-07-30	0	2.6	24	13
1979-07-31	0	3.1	25	13
1979-08-01	0	3.7	23	10
1979-08-02	0	6.7	25	10
1979-08-03	0	3.9	21	10
1979-08-04	0	2.7	23.1	8
1979-08-05	0	2.9	24	12
1979-08-06	0	2.3	21.1	11
1979-08-07	0	1.6	22	9
1979-08-08	0	3.7	21	11
1979-08-09	0	0.7	23	11
1979-08-10	0	0.7	24	11
1979-08-11	0	5.9	22	9
1979-08-12	0	4.7	25	11
1979-08-13	0	3.5	24	12
1979-08-14	0	4.5	22	14
1979-08-15	0	4.4	23	8
1979-08-16	0	3.8	25	9
1979-08-17	0	5.4	22	11
1979-08-18	0	5.1	24	8
1979-08-19	0	4.9	24	9
1979-08-20	0	5.2	23	9
1979-08-21	0	3.8	21.1	11
1979-08-22	0	4.8	22	9
1979-08-23	0	7	25	10
1979-08-24	0	1	23	9
1979-08-25	0	0.6	22	9
1979-08-26	5	4.7	23	10
1979-08-27	7.5	1.6	25	11
1979-08-28	4.5	5.4	23	14
1979-08-29	0	4	22	12
1979-08-30	4	4.8	24	14
1979-08-31	0	1.9	23	13
1979-09-01	0	2.1	22	12
1979-09-02	50	5.5	20	13
1979-09-03	0	8.5	24	11
1979-09-04	0	5.2	23	12
1979-09-05	0	5.1	25	12
1979-09-06	40	3.5	24	13
1979-09-07	0	3.4	22	11
1979-09-08	67	0.6	21	13
1979-09-09	52	6.5	22	14
1979-09-10	13	0.3	20	14
1979-09-11	0	0.4	21	13
1979-09-12	0	2.4	22	13
1979-09-13	0	3.8	21	13
1979-09-14	0	2.9	21	13
1979-09-15	17	2	20	14
1979-09-16	0	2.2	20	13
1979-09-17	33.7	0.2	16	9
1979-09-18	11.2	1.3	16	11
1979-09-19	0	0.8	24	13
1979-09-20	0	3.9	24	12
1979-09-21	0	4.1	21	10
1979-09-22	0	3.8	20	9
1979-09-23	0	4.6	20	5
1979-09-24	0	4.6	21	4
1979-09-25	0	4.3	19	5
1979-09-26	0	4.4	19	4
1979-09-27	0	4.3	21	0
1979-09-28	0	5.7	21	2
1979-09-29	0	5.6	23	3
1979-09-30	0	5	24	2
1979-10-01	0	2.7	27	0
1979-10-02	0	1.7	22	1
1979-10-03	0	5.5	25	1
1979-10-04	0	3.5	23	2
1979-10-05	0	5.6	21	3
1979-10-06	0	1.7	24	2
1979-10-07	0	6.3	25	3
1979-10-08	0	4.2	27	3
1979-10-09	0	6.1	28	3
1979-10-10	0	3.8	21	5
1979-10-11	0	3.3	21	4
1979-10-12	0	3.8	25	5
1979-10-13	0	6.2	24	2
1979-10-14	0	3.8	29	3
1979-10-15	0	5.4	21	8
1979-10-16	0	1.9	26	2
1979-10-17	0	2	30	3
1979-10-18	0	4.3	27	-10
1979-10-19	0	4.7	25	6
1979-10-20	0	3.6	28	5
1979-10-21	0	3.8	29	10
1979-10-22	20	4.1	29	5
1979-10-23	0	6.9	18	10
1979-10-24	0	3.3	38	10
1979-10-25	0	2	38	-11
1979-10-26	0	2.5	21	-11
1979-10-27	0	3.6	29	5
1979-10-28	0	4.5	28	4
1979-10-29	0	3.9	27	5
1979-10-30	0	4.7	25	6
1979-10-31	0	2.1	24	5
1979-11-01	0	4.3	24	8
1979-11-02	0	3.6	25	7
1979-11-03	0	3.7	24	7
1979-11-04	0	3.7	22	11
1979-11-05	0	3.9	24	7
1979-11-06	0	2.5	24	8
1979-11-07	0	3.6	19	8
1979-11-08	0	4.5	25	4
1979-11-09	0	3.6	24	5
1979-11-10	0	5.2	22	8
1979-11-11	0	4.4	28	8
1979-11-12	0	1.6	25	4
1979-11-13	0	3.5	21	8
1979-11-14	0	0.4	14	8
1979-11-15	0	2.3	15	7
1979-11-16	0	3.9	18	6
1979-11-17	0	2.8	22	2
1979-11-18	0	3.8	22	7
1979-11-19	0	4.2	22	8
1979-11-20	23	4.8	17	8
1979-11-21	5	2.6	26	5
1979-11-22	0	2.1	26	10
1979-11-23	63	1.7	22	9
1979-11-24	0	4.1	18	7
1979-11-25	0	4.4	25	4
1979-11-26	0	3	23	-1
1979-11-27	0	3.8	24	0
1979-11-28	0	3.6	25	1
1979-11-29	0	2.8	13	1
1979-11-30	0	4.5	15	-1
1979-12-01	0	4	15	2
1979-12-02	0	3.8	15	3
1979-12-03	15.7	2.5	14	4
1979-12-04	12.8	1.5	9	6
1979-12-05	1.8	0.7	18	7
1979-12-06	0	2.4	19	8
1979-12-07	0	2.7	22	6
1979-12-08	0	3.3	21	8
1979-12-09	0	1.8	19	7
1979-12-10	0	3	21	10
1979-12-11	0	3.7	24	5
1979-12-12	0	2	24	5
1979-12-13	0	4.3	23	6
1979-12-14	0	1.7	23	8
1979-12-15	0	2.8	23	9
1979-12-16	0	2.5	22	8
1979-12-17	0	1.8	13	7
1979-12-18	0	1.8	18	8
1979-12-19	0	2.8	23	4
1979-12-20	0	3.7	23	4
1979-12-21	0	2	24	4
1979-12-22	0	0.7	24	4
1979-12-23	0	2.5	20	6
1979-12-24	0	4.3	12	6
1979-12-25	0	2.3	19	6
1979-12-26	0	3.2	23	3
1979-12-27	0	2.7	25	3
1979-12-28	0	3.9	25	5
1979-12-29	0	2.2	13	6
1979-12-30	0	4	22	5
1979-12-31	0	1.1	19	3
1980-01-01	0	2.2	20	3
1980-01-02	0	2.6	22	4
1980-01-03	0	3.8	13.1	3
1980-01-04	0	3.3	21	3
1980-01-05	0	2.4	22	3
1980-01-06	0	1.8	21	4
1980-01-07	0	3	20	3
1980-01-08	0	2.2	23	2
1980-01-09	0	4.1	24	3
1980-01-10	0	4.8	25	3
1980-01-11	0	4.1	23	4
1980-01-12	0	3.5	22	4
1980-01-13	0	4	27	3
1980-01-14	0	3.3	21	2
1980-01-15	0	3.4	23	3
1980-01-16	0	2.4	24	3
1980-01-17	0	2.4	23	7
1980-01-18	0	2.8	21	6
1980-01-19	0	4.1	23	3
1980-01-20	0	3.5	21	6
1980-01-21	21.4	2.5	22	5
1980-01-22	5	3.1	21	7
1980-01-23	8.4	0.5	9	2
1980-01-24	5.9	2.7	18	1
1980-01-25	22.6	0.7	20	5
1980-01-26	0	1.1	22	6
1980-01-27	0	2.9	21	1
1980-01-28	0	3.2	22	6
1980-01-29	0	2.8	23	4
1980-01-30	0	3	21	4
1980-01-31	0	3.3	23	3
1980-02-01	0	2.1	21	3
1980-02-02	0	1.4	20	5
1980-02-03	0	2.6	23	7
1980-02-04	0	1.8	24	6
1980-02-05	0	1.9	21	5
1980-02-06	0	5.1	23	5
1980-02-07	0	5.2	23	4
1980-02-08	0	3.4	24	5
1980-02-09	0	4.5	24	5
1980-02-10	0	3.2	26	4
1980-02-11	0	4.2	26	4
1980-02-12	0	4.3	24	6
1980-02-13	0	2	20	7
1980-02-14	0	4.8	25	4
1980-02-15	0	5.9	23	3
1980-02-16	0	6.1	25	4
1980-02-17	0	5	27	3
1980-02-18	0	4.6	27	2
1980-02-19	3	4.1	28	4
1980-02-20	6.2	5.8	26	4
1980-02-21	0	3.5	21	5
1980-02-22	0	6.9	25	6
1980-02-23	0	5.7	24	6
1980-02-24	0	5.3	27	6
1980-02-25	0.5	0.6	15	7
1980-02-26	0	1.9	13	3
1980-02-27	0	3.1	15	4
1980-02-28	7.6	1.6	20	3
1980-02-29	0	2.6	21	3
1980-03-01	0	3.4	19	4
1980-03-02	0	3.9	23	4
1980-03-03	0	5.5	25	5
1980-03-04	0	5.3	21	3
1980-03-05	0	4.9	25	6
1980-03-06	0	4.5	26	4
1980-03-07	0	5.3	23	5
1980-03-08	0	3.6	27	4
1980-03-09	0	5.7	24	6
1980-03-10	0	3.8	31	3
1980-03-11	0	5.2	27	-1
1980-03-12	0	6.9	32	6
1980-03-13	0	5.2	23	8
1980-03-14	0	6.7	27	8
1980-03-15	0	5.9	30	6
1980-03-16	0	4.1	30	7
1980-03-17	0	4.8	30	6
1980-03-18	0	5.1	31	6
1980-03-19	0	6	29	8
1980-03-20	0	6.6	28	9
1980-03-21	0	4.8	30	8
1980-03-22	0	6.9	28	6
1980-03-23	0	6.5	27	8
1980-03-24	0	3.4	28	6
1980-03-25	0	5.9	30	7
1980-03-26	0	5.3	28	4
1980-03-27	0	6.6	31	4
1980-03-28	0	5.7	27	7
1980-03-29	0	6.3	29	6
1980-03-30	0	6.6	30	5
1980-03-31	0	4	31	4
1980-04-01	0	4.1	31	4
1980-04-02	0	3.5	30	6
1980-04-03	0	6.2	29	7
1980-04-04	0	5.2	31	5
1980-04-05	0	5.5	27	7
1980-04-06	0	4.9	31	6
1980-04-07	0	6.8	32	7
1980-04-08	16.7	2.3	33	6
1980-04-09	0	2.6	22	6
1980-04-10	0	2.2	26	8
1980-04-11	0	7.4	27	8
1980-04-12	0	7.2	25	7
1980-04-13	0	6.9	28	4
1980-04-14	0	5.1	23	5
1980-04-15	0	7	23	5
1980-04-16	0	4.1	31	6
1980-04-17	0	5.1	26	7
1980-04-18	0	5.2	27	6
1980-04-19	0	2.6	33	5
1980-04-20	0	4.9	23	7
1980-04-21	0	4.1	24	7
1980-04-22	3.4	1.6	21	7
1980-04-23	0	4.3	27	8
1980-04-24	0	2.5	29	7
1980-04-25	0	8.1	27	11
1980-04-26	0	5.2	30	7
1980-04-27	0	2.1	26	5
1980-04-28	0	2.7	26	6
1980-04-29	0	5.5	32	8
1980-04-30	0	7.5	33	13
1980-05-01	16	0.7	32	11
1980-05-02	0	4.3	32	10
1980-05-03	0	6.6	29	11
1980-05-04	11	0.7	32	11
1980-05-05	20	2.3	31	11
1980-05-06	0	5.7	31	10
1980-05-07	5	6.9	28	12
1980-05-08	0	7.3	29	10
1980-05-09	0	8.4	30	13
1980-05-10	8	3.9	30	12
1980-05-11	5.5	3.9	31	11
1980-05-12	15.4	3.9	29	12
1980-05-13	9.8	6.1	28	12
1980-05-14	0	6.6	30	13
1980-05-15	0	7.1	30	12
1980-05-16	0	8.1	29	13
1980-05-17	0	5.2	29	13
1980-05-18	0	5.1	31	14
1980-05-19	0.5	6	28	11
1980-05-20	0	6.3	31	13
1980-05-21	0	4.4	30	12
1980-05-22	0	5	30	13
1980-05-23	0	2.1	29	11
1980-05-24	0	7.2	29	14
1980-05-25	17.4	5.7	29	11
1980-05-26	0	5.1	27	10
1980-05-27	0	5.7	26	14
1980-05-28	0	6.2	33	12
1980-05-29	0	5.8	29	17
1980-05-30	0	6.3	28	11
1980-05-31	0	6.2	29	12
1981-04-01	0	6.6	26	11
1981-04-02	0	6.9	29	11
1981-04-03	0	8.7	32	7
1981-04-04	0	6.2	30	9.5
1981-04-05	0	3.7	24	12.5
1981-04-06	0	8.1	21	1
1981-04-07	0	2.5	28	9
1981-04-08	0	6	29	8
1981-04-09	0	2.5	24	7.5
1981-04-10	0	6.2	25	10
1981-04-11	0	3.2	31	8.5
1981-04-12	0	7.3	32	9
1981-04-13	3	8.3	32	10
1981-04-14	0	5.1	28	11
1981-04-15	0	4.4	28	11
1981-04-16	3	8.6	29	13
1981-04-17	0	3.5	19	5
1981-04-18	0	4	28	12
1981-04-19	0	0.9	31	14
1981-04-20	0	3.3	34	3
1981-04-21	5.4	7	29	5
1981-04-22	0	2	29	10
1981-04-23	0	9.7	29	11
1981-04-24	0	6.1	28	11
1981-04-25	0	3.4	28	12
1981-04-26	0	7	29	9
1981-04-27	0	4	31	11
1981-04-28	0	5.7	30	13.5
1981-04-29	2	5.9	32	8
1981-04-30	0	3.2	32	10
1981-05-01	6	3	25	10
1981-05-02	9	7	24	11
1981-05-03	0	8.1	27	11
1981-05-04	0	6.8	27	11
1981-05-05	0	6.7	29	10
1981-05-06	0	6.6	28	11
1981-05-07	0	8.7	31	10
1981-05-08	0	6.7	31	10
1981-05-09	0	8.3	32	8
1981-05-10	0	5.1	31	14
1981-05-11	0	5.9	32	15
1981-05-12	0	8.1	29	7
1981-05-13	0	7	30	10
1981-05-14	0	6.8	30	10
1981-05-15	0	1.2	31	10
1981-05-16	0	1.5	29	11
1981-05-17	1.4	6.5	30	11
1981-05-18	0	6.8	31	11
1981-05-19	0	3.4	29	13
1981-05-20	4	7	25	10
1981-05-21	21	3.4	25	12
1981-05-22	5.9	2.9	21	10
1981-05-23	3	6.4	27	12
1981-05-24	13.6	5.9	27	12
1981-05-25	0.5	3.7	26	13
1981-05-26	1.6	5.9	22	11
1981-05-27	4.5	5.1	22	5
1981-05-28	1	4.1	27	12
1981-05-29	9	8.7	27	14
1981-05-30	0	6	26	17
1981-05-31	0	4	26	11
1981-06-01	9	10	26	11
1981-06-02	0	3	24	15
1981-06-03	0	8.3	25	10
1981-06-04	0	5	26	12.5
1981-06-05	0	7	25	14
1981-06-06	0	4.1	27	14
1981-06-07	0	7.5	26	15
1981-06-08	0	3.9	27	12
1981-06-09	20	6.9	29	14
1981-06-10	0	8.2	29	13
1981-06-11	0	3.9	29	13
1981-06-12	0	5.1	27	10
1981-06-13	0	3.7	24	12
1981-06-14	12	4.2	25	15
1981-06-15	6.8	15	23	15
1981-06-16	5.5	6	21	12
1981-06-17	9.8	NULO	19	14
1981-06-18	64.4	NULO	19	14
1981-06-19	0	2	22	13
1981-06-20	0	6.1	22	14
1981-06-21	6.8	2.7	25	15
1981-06-22	7	3.1	25	12
1981-06-23	0	6	22	12
1981-06-24	7	2.8	22	10
1981-06-25	3	2.3	18	10
1981-06-26	1.8	3.7	21	14
1981-06-27	0	5	21	13
1981-06-28	0	5.1	21	13
1981-06-29	0	3.9	24	13
1981-06-30	12.3	3.9	22	14
1981-07-01	9	2.8	21	13
1981-07-02	3.2	0.6	21	13
1981-07-03	0	5.3	22	10
1981-07-04	0	4.5	23	10
1981-07-05	11.2	3.1	25	13
1981-07-06	13.7	6	25	13
1981-07-07	0	4.2	24	14
1981-07-08	0	2	24	12
1981-07-09	0	2.2	20	11
1981-07-10	0	2.9	21	12
1981-07-11	0	3.3	22	12
1981-07-12	4	6.4	21	11
1981-07-13	7	3	20	11
1981-07-14	4.1	0.4	17	12
1981-07-15	0	4.3	21	11
1981-07-16	0	2.8	22	12
1981-07-17	10.2	4.6	24	11
1981-07-18	0	2.8	24	14
1981-07-19	0	4.6	23	10
1981-07-20	0	0.7	23	10
1981-07-21	0	4.3	23	11
1981-07-22	0	5.8	24	11
1981-07-23	0	5.2	24	10
1981-07-24	0	7.2	24	9
1981-07-25	0	4.8	25	11
1981-07-26	0	4.3	25	11
1981-07-27	0	2	24	12
1981-07-28	1.7	8.4	22	11
1981-07-29	0	7.7	25	10
1981-07-30	0	6.6	23	12
1981-07-31	0	8	23	15
1981-08-01	0	NULO	21	8
1981-08-02	0	5.1	24	10
1981-08-03	0	5.4	25	10
1981-08-04	0	4.3	25	10
1981-08-05	0	4.8	24.1	10
1981-08-06	0	5.2	25	8
1981-08-07	0	6.5	26	8
1981-08-08	0	4.9	24	9
1981-08-09	0	4.4	21	12
1981-08-10	0	1.2	25	10
1981-08-11	0	5.5	25	17
1981-08-12	0	7	25	12
1981-08-13	0	5.6	25	11
1981-08-14	0	6.3	22	12
1981-08-15	0	2.2	20	13
1981-08-16	0	6.9	26	10
1981-08-17	0	4.7	27	10
1981-08-18	0	4.8	21	12
1981-08-19	0	7	27	10
1981-08-20	1.7	3.8	24	10
1981-08-21	0	6.7	25	9
1981-08-22	3.8	7.1	25	12
1981-08-23	5	7.1	25	12
1981-08-24	5	6.5	24	12
1981-08-25	3	9.3	19	10
1981-08-26	4	1.2	19	13
1981-08-27	14	0.9	28	13
1981-08-28	16	NULO	25	14
1981-08-29	17	NULO	17.1	13
1981-08-30	0	NULO	24	12
1981-08-31	0	6.7	26	12
1981-09-01	1.8	4.2	27	10
1981-09-02	0.4	5.2	26	11
1981-09-03	0	5.6	24	10
1981-09-04	0	3.7	28	13
1981-09-05	0	2.6	26	12
1981-09-06	0	4.7	23	12
1981-09-07	0	4.7	24	12
1981-09-08	0	4.7	23	10
1981-09-09	0	3.9	23	12
1981-09-10	0	3.4	13	12
1981-09-11	0	4.1	23	9
1981-09-12	0	4.9	23	10
1981-09-13	0	7.2	25	9
1981-09-14	0	3.1	25	9
1981-09-15	0	6.4	27	10
1981-09-16	4	2	23	10
1981-09-17	18	3.6	24	12
1981-09-18	3.5	0.1	17	8
1981-09-19	0	6.9	24	11
1981-09-20	0	2.2	25	6
1981-09-21	0	3.3	26	12
1981-09-22	0	7.4	25	9
1981-09-23	0.4	4.2	24	9
1981-09-24	0.9	4.5	22	13
1981-09-25	0	4.7	23	7
1981-09-26	0	5.6	23	8
1981-09-27	5	0.9	22	12
1981-09-28	7.4	2.8	17	13
1981-09-29	1.5	2.7	20	13
1981-09-30	4	3.4	20	13
1981-10-01	0.3	NULO	23	13
1981-10-02	0	3.8	20	12
1981-10-03	0	2.3	23	10
1981-10-04	0	5.3	24	10
1981-10-05	4.4	4.4	24	11
1981-10-06	0	2.2	23	10
1981-10-07	0	5.6	25	12
1981-10-08	0	2.7	27	12
1981-10-09	0	7	24	11
1981-10-10	3.7	2.5	25	11
1981-10-11	2.6	6.6	24	14
1981-10-12	11.5	4.3	24	13
1981-10-13	0.6	6	20	11
1981-10-14	0	6.6	24	10
1981-10-15	0	2.8	24	12
1981-10-16	0	2	25	8
1981-10-17	0	4.5	24	11
1981-10-18	1	3	24	8
1981-10-19	0	2.5	14	11
1981-10-20	0	1.2	24	10
1981-10-21	0	2.3	24	5
1981-10-22	0	1.9	24	5
1981-10-23	0	3.1	21	7
1981-10-24	0.5	5.9	24	9
1981-10-25	20	2.6	27	9
1981-10-26	0.9	2	24	9
1981-10-27	0	3.2	23	10
1981-10-28	0	2.5	20	8
1981-10-29	18	3.6	20	11
1981-10-30	10.2	2	17	11
1981-10-31	1.8	3.8	13	10
1981-11-01	3	7.1	15	11
1981-11-02	0	1.7	16	8
1981-11-03	0	5.2	19	6
1981-11-04	0	2.6	23	5
1981-11-05	0	4.7	13	5
1981-11-06	3	5.9	20	7
1981-11-07	0	3.2	17	10
1981-11-08	0	2.3	24	5
1981-11-09	0	4.2	19	11
1981-11-10	0	2.7	11	5
1981-11-11	0	4.4	22	7
1981-11-12	0	3.3	24	-1
1981-11-13	0	2.5	20	4
1981-11-14	0	2.2	20	-2
1981-11-15	0	4.7	22	7
1981-11-16	2	7.2	21	-1
1981-11-17	0	7.6	23	-1
1981-11-18	0	3.9	25	-1
1981-11-19	0	2.2	23	-1
1981-11-20	0	1.5	24	1
1981-11-21	0	5.8	22	1
1981-11-22	0	3.6	23	3
1981-11-23	0	3	22	-2
1981-11-24	0	2.1	25	4
1981-11-25	0	5	21	-2
1981-11-26	0	3.2	25	1
1981-11-27	0	6.3	25	3
1981-11-28	0	3.3	25	3
1981-11-29	0	5	25	4
1981-11-30	0	2	22.2	5
1981-12-01	0	9.9	21	6
1981-12-02	0	1.1	22	10
1981-12-03	0	3.3	19	10
1981-12-04	0	2	16	10
1981-12-05	0	2.8	15	9
1981-12-06	0	1.2	16	9
1981-12-07	0	2.5	24	8
1981-12-08	0	0.6	18	7
1981-12-09	1	4.8	12	9
1981-12-10	2	0.3	17	8
1981-12-11	0	3.4	18	4
1981-12-12	0	4.1	16	5
1981-12-13	0	2.2	24	6
1981-12-14	0	3.1	24	2
1981-12-15	0	1.9	22	5
1981-12-16	0	1.1	26	2
1981-12-17	0	3.9	24	4
1981-12-18	0	3.9	12	2
1981-12-19	0	2	23	3
1981-12-20	0	4.2	24	21
1981-12-21	0	2	24	1
1981-12-22	0	0.6	26	2
1981-12-23	0	5	24	4
1981-12-24	0	2.9	22	4
1981-12-25	0	8.4	22	4
1981-12-26	0	NULO	23	6
1981-12-27	0	2.3	24	3
1981-12-28	0	3.1	24	4
1981-12-29	0	4.2	21	5
1981-12-30	0	3.3	22	5
1981-12-31	0	3.1	25	5
1982-01-01	0	3.7	24	4
1982-01-02	0	4.8	25	10
1982-01-03	0	5.1	27	4
1982-01-04	0	4	15	4
1982-01-05	0	4.5	25	3
1982-01-06	0	3.1	20	1
1982-01-07	0	6.3	25	0
1982-01-08	0	4.6	18	3
1982-01-09	0	2.4	22	4
1982-01-10	0	4	24	1
1982-01-11	0	4.3	9	4
1982-01-12	0	6.7	25	3
1982-01-13	0	3.8	24	8
1982-01-14	0	4	13	4
1982-01-15	0	2.1	26	0
1982-01-16	0	3.5	21	3
1982-01-17	0	6.5	25	6
1982-01-18	0	4.1	20	3
1982-01-19	0	3.9	24	3
1982-01-20	0	4.9	27	4
1982-01-21	0	2.1	28	3
1982-01-22	0	3.1	27	2
1982-01-23	0	3.7	26	3
1982-01-24	0	3.2	27	2
1982-01-25	0	4.8	23	2
1982-01-26	0	2.1	23	3
1982-01-27	0	3.7	20	1
1982-01-28	0	2.2	19	1
1982-01-29	0	2.1	18	2
1982-01-30	0	1.3	25	3
1982-01-31	0	7	25	2
1982-02-01	0	3	11	7
1982-02-02	0	3.8	24	0
1982-02-03	0	5.1	24	2
1982-02-04	0	5.6	26	3
1982-02-05	0	8.6	26	2
1982-02-06	0	7.4	22	2
1982-02-07	0	0.5	25	1
1982-02-08	0	3.7	26	2
1982-02-09	0	5.9	25	4
1982-02-10	0	4	25	4
1982-02-11	0	5.9	25	2
1982-02-12	0	2.2	22	6
1982-02-13	4	2	25	6
1982-02-14	0	1.6	24	2
1982-02-15	0	4.8	26	4
1982-02-16	0	1.6	25	5
1982-02-17	0	4.4	27	4
1982-02-18	0	3.5	26	4
1982-02-19	0	6.1	25	7
1982-02-20	0	3.8	26	3
1982-02-21	0	3	22	7
1982-02-22	0	4.3	21	10
1982-02-23	0	6.9	26	3
1982-02-24	0	5.7	25	4
1982-02-25	3	4.7	25	10
1982-02-26	2.1	5.9	26	8
1982-02-27	0	2.3	24	5
1982-02-28	9.8	4	23	4
1982-03-01	2.7	3.8	16	4
1982-03-02	0	3.8	25	3
1982-03-03	0	6.1	24	3
1982-03-04	0	6.1	26	4
1982-03-05	0	7.6	26	4
1982-03-06	0	6	30	4
1982-03-07	0	4.4	10	1
1982-03-08	0	4.4	21	2
1982-03-09	0	5.1	24	3
1982-03-10	0	8.4	27	4
1982-03-11	0	7.5	29	4
1982-03-12	0	6.2	27	7
1982-03-13	0	5.9	27	7
1982-03-14	0	8.3	31	7
1982-03-15	0	4.3	31	7
1982-03-16	0	6.5	31	10
1982-03-17	0	6.7	30	7
1982-03-18	0	8.1	29	7
1982-03-19	0	6.7	32	0
1982-03-20	0	7	27	8
1982-03-21	7.6	6.4	27	5
1982-03-22	2.3	3.5	25	8
1982-03-23	0	4.6	27	10
1982-03-24	0	6.9	29	7
1982-03-25	0	6.6	29	8
1982-03-26	0	5	25	12
1982-03-27	0	4	28	6
1982-03-28	0	3	30	10
1982-03-29	0	1.5	31	7
1982-03-30	0.3	4	31	9
1982-03-31	0	7.8	31	14
1982-04-01	0	3.2	30	11
1982-04-02	0	7.8	30	8
1982-04-03	0	7.8	30	10
1982-04-04	0	6.3	25	8
1982-04-05	0	2.2	25	15
1982-04-06	0	6.7	31	17
1982-04-07	0	6.7	37	10
1982-04-08	3	8.9	32	11
1982-04-09	0	7.1	31	8
1982-04-10	3	8	31	8
1982-04-11	0	4.7	24	11
1982-04-12	0	7.9	29	7
1982-04-13	0	7.1	31	5
1982-04-14	0	7.3	30	5
1982-04-15	0	6.1	29	6
1982-04-16	0	4.9	28	5
1982-04-17	0	7.3	30	7
1982-04-18	0	5.4	31	8
1982-04-19	0	6.1	31	12
1982-04-20	2	6.2	30	10
1982-04-21	5	5.9	24	9
1982-04-22	0	5.7	28	10
1982-04-23	4	5.4	24	11
1982-04-24	3.9	4.5	25	10
1982-04-25	0	6.6	29	10
1982-04-26	0	7.1	31	10
1982-04-27	0	5.9	30	11
1982-04-28	0	7.1	31	9
1982-04-29	4.2	6.8	31	11
1982-04-30	0	4.7	27	11
1982-05-01	0	5	31	11
1982-05-02	0	5.3	26	12
1982-05-03	3	7.8	27	12
1982-05-04	0	4.7	29	9
1982-05-05	3	5.4	27	8
1982-05-06	5	7.1	31	9
1982-05-07	3.8	5.2	25	11
1982-05-08	5	5.1	29	11
1982-05-09	7.5	6.6	27	7
1982-05-10	0	7.4	30	8
1982-05-11	0	1.5	32	11
1982-05-12	0	6.1	30	12
1982-05-13	0	6	31	12
1982-05-14	0	6.4	31	11
1982-05-15	0	5.9	29	13
1982-05-16	3	6.4	29	12
1982-05-17	11.1	3.1	22	12
1982-05-18	4.7	3	23	13
1982-05-19	0	3.5	26	10
1982-05-20	2	3.9	27	12
1982-05-21	0	3.1	20	15
1982-05-22	0	3.9	25	12
1982-05-23	0	3.7	26	11
1982-05-24	0	4.4	25	12
1982-05-25	0	4	25	14
1982-05-26	0	6.5	30	8
1982-05-27	0	6.3	32	11
1982-05-28	0	3	32	12
1982-05-29	0	4.8	30	15
1982-05-30	0	4.2	31	14
1982-05-31	0	7.8	31	9
1982-06-01	0	8.3	28	8
1982-06-02	0	7.1	32	6
1982-06-03	0	8.1	34	5
1982-06-04	0	8.3	34	5
1982-06-05	0	7.9	30	7
1982-06-06	2.7	6.3	29	10
1982-06-07	0	6.2	29	10
1982-06-08	0	6.9	29	10
1982-06-09	0	5.2	29	10
1982-06-10	0	6.1	27	12
1982-06-11	0	6.4	27	10
1982-06-12	0	7.3	27	9
1982-06-13	0	6.8	23	10
1982-06-14	0	6.8	27	10
1982-06-15	0	7	30	10
1982-06-16	0	7.2	28	9
1982-06-17	0	7.1	28	8
1982-06-18	0	6.9	29	8
1982-06-19	0	7.7	30	9
1982-06-20	0	7.3	27	8
1982-06-21	0	6.2	29	10
1982-06-22	0	3.3	29	8
1982-06-23	0	4.2	28	10
1982-06-24	0	7.2	29	13
1982-06-25	0	6.6	26	11
1982-06-26	0	4.6	29	12
1982-06-27	0	8.4	28	10
1982-06-28	0	5.6	26	12
1982-06-29	40.1	7.5	27	12
1982-06-30	3.8	2.5	23	13
1982-07-01	0	7	29	12
1982-07-02	0	13.8	29	10
1982-07-03	0	2.5	30	10
1982-07-04	5.5	0.5	32	10
1982-07-05	0	2.1	22	10
1982-07-06	0	6	25	11
1982-07-07	0	3	27	12
1982-07-08	0	8.8	25	10
1982-07-09	0	7.4	27	9
1982-07-10	0	1.9	19	10
1982-07-11	0	6.3	25	12
1982-07-12	0	6.7	25	11
1982-07-13	0	4.5	25	12
1982-07-14	0	7.5	25	12
1982-07-15	0	6.9	25	10
1982-07-16	0	7	24	10
1982-07-17	0	5.2	25	10
1982-07-18	0	1.8	24	13
1982-07-19	0	5.4	23	11
1982-07-20	0	4.8	25	12
1982-07-21	0	5.7	26	15
1982-07-22	0	4.9	25	9
1982-07-23	0	5.4	25	13
1982-07-24	11	6.5	25	15
1982-07-25	0	4.7	25	12
1982-07-26	4	2.7	23	12
1982-07-27	0	6.8	23	13
1982-07-28	0	6.4	25	7
1982-07-29	0	4.1	25	6
1982-07-30	0	6.4	25	10
1982-07-31	0	5.7	25	15
1982-08-01	0	5.3	26	9
1982-08-02	0	4.8	25	11
1982-08-03	0	5.5	25	11
1982-08-04	0	4.6	25	11
1982-08-05	0	4.3	25	8
1982-08-06	0	5.5	25	7
1982-08-07	0	15.7	21	8
1982-08-08	0	6.3	20	10
1982-08-09	0	5.7	20	12
1982-08-10	0	6.2	25	12
1982-08-11	0	6.5	25	8
1982-08-12	0	8.7	24	12
1982-08-13	0	1.5	21	11
1982-08-14	0	3.8	25	10
1982-08-15	0	4.1	27	12
1982-08-16	0	9.7	26	13
1982-08-17	0	3.4	28	12
1982-08-18	25	0.7	25	8
1982-08-19	0	2	25	11
1982-08-20	0	7.6	25	8
1982-08-21	0	3.4	22	13
1982-08-22	0	12.4	25	12
1982-08-23	0	5	25	8
1982-08-24	0	2	25	10
1982-08-25	0	2.6	25	10
1982-08-26	0	1	25	10
1982-08-27	0	10.4	25	9
1982-08-28	0	7.7	26	10
1982-08-29	0	8.6	25	10
1982-08-30	0	5.5	24	9
1982-08-31	0	17.1	22	11
1982-09-01	0	6.5	25	12
1982-09-02	0	6.7	26	16
1982-09-03	0	7.7	25	10
1982-09-04	0	1.3	27	10
1982-09-05	0	5.4	24	9
1982-09-06	0	7.1	26	12
1982-09-07	0	4.6	25	12
1982-09-08	0	7.4	24	11
1982-09-09	0	2.4	26	11
1982-09-10	0	6.1	25	8
1982-09-11	0	5.4	25	8
1982-09-12	8	6.2	30	8
1982-09-13	0	4.1	30	12
1982-09-14	0	5.9	26	11
1982-09-15	0	6.3	24	11
1982-09-16	0	3.7	23	12
1982-09-17	0.5	4.8	22	8
1982-09-18	2.3	4.4	21	9
1982-09-19	0	4.6	21	12
1982-09-20	0	7.2	22	13
1982-09-21	16	6.6	23	13
1982-09-22	7	4.3	17	13
1982-09-23	1.2	1.6	17	11
1982-09-24	0	3.5	20	6
1982-09-25	0	3.2	23	8
1982-09-26	0	5.9	25	10
1982-09-27	0	5	29	5
1982-09-28	0	6	29	4
1982-09-29	0	5.2	24	6
1982-09-30	17	5.7	28	8
1982-10-01	0	NULO	25	9
1982-10-02	0	6	25	12
1982-10-03	0	4	24	13
1982-10-04	0	7.8	24	14
1982-10-05	0	1.9	24	14
1982-10-06	0	4.8	25	10
1982-10-07	0	5.4	25	14
1982-10-08	0	5.1	24	12
1982-10-09	0	2.4	28	11
1982-10-10	0	5.1	25	14
1982-10-11	0	3.8	22	15
1982-10-12	0	0.9	27	11
1982-10-13	0	5.9	23	13
1982-10-14	0	5.1	22	11
1982-10-15	0.1	2.9	29	12
1982-10-16	0.1	2.8	24	11
1982-10-17	0	4.4	23	10
1982-10-18	0	NULO	25	6
1982-10-19	0	4.2	25	5
1982-10-20	0	5.4	21	5
1982-10-21	0	3.7	20	9
1982-10-22	5.5	4.2	17	7
1982-10-23	5	5.5	12	9
1982-10-24	0	NULO	19	11
1982-10-25	0	2.3	20	6
1982-10-26	0	4.1	20	3
1982-10-27	0	3.6	25	5
1982-10-28	0	8.1	25	3
1982-10-29	0	4.5	25	10
1982-10-30	0	3.3	25	10
1982-10-31	0	2.7	27	10
1982-11-01	0	3.2	20	5
1982-11-02	0	8	33	6
1982-11-03	0	3.9	32	6
1982-11-04	0	5.7	13	5
1982-11-05	0	5.4	22	4
1982-11-06	0	3.4	25	4
1982-11-07	0	2.2	22	7
1982-11-08	0	3.8	24	4
1982-11-09	0	4.6	25	3
1982-11-10	0	2.8	23	5
1982-11-11	0	2.6	23	2
1982-11-12	0	4.7	21	8
1982-11-13	0	8.4	22	8
1982-11-14	0	3.5	23	8
1982-11-15	0	0.4	20	7
1982-11-16	0	0.5	21	8
1982-11-17	0	4.2	27	4
1982-11-18	0	4	25	4
1982-11-19	0	4.4	26	4
1982-11-20	0	3.7	23	4
1982-11-21	0	4.6	22	4
1982-11-22	0	3.3	25	5
1982-11-23	0	6	28	5
1982-11-24	0	2	21	10
1982-11-25	0	3	22	9
1982-11-26	0	1.6	23	11
1982-11-27	0	1.8	13	8
1982-11-28	8	8.5	26	6
1982-11-29	0	4.3	26	6
1982-11-30	0	4.6	25	7
1982-12-01	0	NULO	27	7
1982-12-02	0	5	26	8
1982-12-03	0	4.4	25	5
1982-12-04	0	3.3	21	8
1982-12-05	0	5.3	21	7
1982-12-06	0	4.4	18	2
1982-12-07	0	2.7	20	4
1982-12-08	0	3.2	21	6
1982-12-09	0	3	20	9
1982-12-10	0	4.4	20	5
1982-12-11	0	1.9	24	7
1982-12-12	0.3	4.4	27	8
1982-12-13	3.2	3.2	21	5
1982-12-14	0	4.2	11	8
1982-12-15	0	3	9	2
1982-12-16	5	3.4	13	6
1982-12-17	0.3	9.6	14	7
1982-12-18	0	2.9	20	7
1982-12-19	0.2	4.5	25	5
1982-12-20	0	3.7	29	6
1982-12-21	0	2.3	25	7
1982-12-22	0	3.9	29	10
1982-12-23	0	4.6	31	11
1982-12-24	0	2.7	26	11
1982-12-25	0	4.2	24	2
1982-12-26	0	4.8	25	8
1982-12-27	0	3.9	25	2
1982-12-28	0	4.3	25	10
1982-12-29	2	2.9	25	5
1982-12-30	0	0.9	24	8
1982-12-31	0.2	1.3	25	6
1983-01-01	0	1.4	22	10
1983-01-02	0	2.1	20	5
1983-01-03	0	1.8	15	3
1983-01-04	0	0.9	21	3
1983-01-05	0.1	1.6	20	5
1983-01-06	0	4.3	20	5
1983-01-07	0	4.1	20	7
1983-01-08	0	3.2	20	7
1983-01-09	0	2.8	25	8
1983-01-10	0	2.7	23	5
1983-01-11	0	2.2	18	6
1983-01-12	0	1.5	11	9
1983-01-13	0	1	15	9
1983-01-14	0	1.1	23	5
1983-01-15	0.4	2.6	22	7
1983-01-16	4.1	0.5	23	5
1983-01-17	0	1.7	20	4
1983-01-18	27	2	19	6
1983-01-19	0	0.5	19	6
1983-01-20	0	4.3	19	6
1983-01-21	0	5	18	5
1983-01-22	0	6.5	20	6
1983-01-23	0	2.3	20	-1
1983-01-24	0	4.2	19	2
1983-01-25	0	5.3	20	2
1983-01-26	0	2.2	22	-2
1983-01-27	0	4.2	20	4
1983-01-28	0	5.6	22	-2
1983-01-29	0	4.5	22	4
1983-01-30	0	4.3	25	4
1983-01-31	0	8	27	3
1983-02-01	0	6.7	24	4
1983-02-02	0	4.3	23	2
1983-02-03	0	5.8	26	0
1983-02-04	0	4.2	25	3
1983-02-05	0	1.4	25	4
1983-02-06	0	5.7	25	4
1983-02-07	0	3.8	9	5
1983-02-08	0	3	28	5
1983-02-09	0	4.1	25	5
1983-02-10	0	6	25	4
1983-02-11	0	3.3	15	2
1983-02-12	0	2.2	13	5
1983-02-13	0	4.6	22	-4
1983-02-14	0	5.3	24	-2
1983-02-15	0	6.6	25	0
1983-02-16	0	3.7	25	-1
1983-02-17	0	6.2	27	1
1983-02-18	0	6.2	25	-1
1983-02-19	0	4	26	0
1983-02-20	0	3	24	0
1983-02-21	0	5	25	4
1983-02-22	0	4.8	24	3
1983-02-23	0	4.9	25	1
1983-02-24	0.2	5.1	25	1
1983-02-25	5	7.2	24	4
1983-02-26	0	5	20	8
1983-02-27	0	4.6	23	-1
1983-02-28	0	6	26	0
1983-03-01	0	3.7	29	0
1983-03-02	0	9.5	29	12
1983-03-03	0	9.3	28	6
1983-03-04	0	11.8	30	6
1983-03-05	0	7.4	29	9
1983-03-06	0	7.9	26	2
1983-03-07	0	3.6	26	2
1983-03-08	0	6.3	27	2
1983-03-09	0	5.9	24	5
1983-03-10	0	9.8	20	5
1983-03-11	0	0.4	26	0
1983-03-12	0	3.3	15	7
1983-03-13	3	6.4	12	5
1983-03-14	0	5.3	21	2
1983-03-15	0	9.8	26	2
1983-03-16	0	8.1	21	2
1983-03-17	0	7.1	21	0
1983-03-18	0	10	25	1
1983-03-19	0	8	31	2
1983-03-20	0	NULO	29	5
1983-03-21	0	10.1	21	5
1983-03-22	0	4	30	1
1983-03-23	0	7.1	27	6
1983-03-24	0	7.7	30	4
1983-03-25	0	9.3	32	9
1983-03-26	0	4.4	25	9
1983-03-27	0	11.1	31	5
1983-03-28	0	6.2	25	10
1983-03-29	0	5.2	28	4
1983-03-30	0	5	31	7
1983-03-31	0	NULO	28	12
1983-04-01	0	2.1	25	4
1983-04-02	0	6.4	32	4
1983-04-03	0	3.3	30	9
1983-04-04	0	14.5	31	3
1983-04-05	0	12.6	32	6
1983-04-06	0	11.5	22	12
1983-04-07	0	2.5	30	17
1983-04-08	0	10.1	29	15
1983-04-09	0	7.2	29	6
1983-04-10	0	5.1	26	10
1983-04-11	0	5.9	28	8
1983-04-12	0	7.9	27	10
1983-04-13	0	8.7	30	11
1983-04-14	0	9.7	30	5
1983-04-15	0	10.9	24	6
1983-04-16	0	3	29	11
1983-04-17	0	8.1	29	9
1983-04-18	0	3.7	29	8
1983-04-19	0	11.1	32	5
1983-04-20	0	6.3	31	9
1983-04-21	0	9	25	12
1983-04-22	0	10	35	10
1983-04-23	0	8.4	33	10
1983-04-24	0	7	33	11
1983-04-25	0	10.9	33	6
1983-04-26	0	9.7	33	7
1983-04-27	0	9.1	39	8
1983-04-28	0	6.6	32	7
1983-04-29	0	9.4	33	8
1983-04-30	0	8.9	33	8
1983-05-01	0	7.2	35	6
1983-05-02	0	5.4	34	7
1983-05-03	0	9.1	33	8
1983-05-04	0	13.9	29	10
1983-05-05	0	4.8	35	7
1983-05-06	0	3.7	39	11
1983-05-07	0	12.9	35	11
1983-05-08	0.2	4.1	35	12
1983-05-09	0.3	8	28	12
1983-05-10	0	7.1	23	11
1983-05-11	0	7.9	32	11
1983-05-12	0	9.2	33	9
1983-05-13	0	6.5	34	10
1983-05-14	0	6.6	34	12
1983-05-15	0	4.2	33	11
1983-05-16	0	5.9	31	9
1983-05-17	0.2	4.2	39	10
1983-05-18	0	4.2	31	12
1983-05-19	3	10.5	36	11
1983-05-20	2	7.4	34	12
1983-05-21	0	7	33	11
1983-05-22	0	5.6	30	12
1983-05-23	0	7.1	30	13
1983-05-24	0	7	26	13
1983-05-25	7	9.2	23	13
1983-05-26	25	3	26	10
1983-05-27	2	5.6	22	12
1983-05-28	0	5.5	23	11
1983-05-29	0	1.8	30	10
1983-05-30	0	11.7	31	11
1983-05-31	0	6.7	30	13
1983-06-01	0	6.7	27	8
1983-06-02	0	5.8	25	10
1983-06-03	0	7.2	29	11
1983-06-04	0	1.8	25	12
1983-06-05	0	6.1	26	8
1983-06-06	1.7	5.1	35	10
1983-06-07	0	1.7	26	12
1983-06-08	0	8.7	29	14
1983-06-09	0	8.5	27	12
1983-06-10	0	6.3	32	10
1983-06-11	0	12.1	31	12
1983-06-12	0	2.9	33	7
1983-06-13	0	9.8	31	11
1983-06-14	0	6.9	30	10
1983-06-15	0	6.2	23	11
1983-06-16	0	4.2	25	9
1983-06-17	0	7	31	10
1983-06-18	0	8	29	14
1983-06-19	0	8.2	31	8
1983-06-20	0	6.7	31	13
1983-06-21	0	7.5	30	11
1983-06-22	0	7.9	30	15
1983-06-23	0	7.2	30	11
1983-06-24	0	5.3	29	12
1983-06-25	0	4.3	30	10
1983-06-26	0	10.6	31	10
1983-06-27	0	10.1	31	11
1983-06-28	0	8.5	31	9
1983-06-29	0	10	25	8
1983-06-30	0	5.6	26	7
1983-07-01	0	3	25	12
1983-07-02	0	4.8	25	13
1983-07-03	0	5.2	24	14
1983-07-04	0	4.7	23	13
1983-07-05	0	3.4	23	11
1983-07-06	0	4.9	23	8
1983-07-07	0	3.6	23	8
1983-07-08	0	0.3	29	9
1983-07-09	0	4.8	21	8
1983-07-10	0	5	25	8
1983-07-11	0	4.8	27	8
1983-07-12	6	0.3	26	8
1983-07-13	9	6.9	24	15
1983-07-14	2	9.2	26	15
1983-07-15	0	5.9	26	15
1983-07-16	0	2.3	23	12
1983-07-17	6	2	23	14
1983-07-18	0	2.3	23	14
1983-07-19	0	4.2	23	8
1983-07-20	0	0.8	20	7
1983-07-21	0	1	28	13
1983-07-22	0	3.3	24	13
1983-07-23	0	6.9	30	7
1983-07-24	0	6.1	25	12
1983-07-25	0	6.9	24	8
1983-07-26	0	6	23	10
1983-07-27	0	8.9	27	13
1983-07-28	0	2.8	27	9
1983-07-29	0	3.7	27	13
1983-07-30	0	4.3	26	10
1983-07-31	0	3.8	25	9
1983-08-01	0	4.4	27	11
1983-08-02	0	6.1	27	12
1983-08-03	22	4.8	26	15
1983-08-04	0	2	24	14
1983-08-05	0	1.4	21	13
1983-08-06	0	1.2	22	14
1983-08-07	0	6.2	25	13
1983-08-08	21	7.7	27	13
1983-08-09	0	4.9	29	13
1983-08-10	0	2.5	24	11
1983-08-11	4	5.9	25	11
1983-08-12	0	3.4	25	13
1983-08-13	0	9	25	13
1983-08-14	8.3	4.2	24	13
1983-08-15	0	6.1	25	10
1983-08-16	0	5.8	22	10
1983-08-17	0	3.4	26	10
1983-08-18	0	3	23	8
1983-08-19	0	13.9	29	11
1983-08-20	0	5.4	29	12
1983-08-21	0	5.7	26	12
1983-08-22	0	6.2	25	8
1983-08-23	0	6.4	26	12
1983-08-24	0	3.8	24	12
1983-08-25	3	4.8	24	13
1983-08-26	0	4.1	26	13
1983-08-27	0	2.1	25	11
1983-08-28	0	3.9	26	12
1983-08-29	0	4.7	25	6
1983-08-30	0	5.9	26	13
1983-08-31	0	5.5	28	11
1983-09-01	0	5.3	25	11
1983-09-02	0	11.2	23	11
1983-09-03	0	2.3	24	14
1983-09-04	0	1.6	27	13
1983-09-05	0	5.9	25	10
1983-09-06	0	4.8	27	11
1983-09-07	1.2	5.4	26	15
1983-09-08	13.5	2.8	26	14
1983-09-09	0.3	1.7	24	14
1983-09-10	0	8.7	26	13
1983-09-11	0	2	27	13
1983-09-12	0	1.9	25	13
1983-09-13	1.3	2.8	24	10
1983-09-14	0	5.8	24	10
1983-09-15	0.2	4.3	25	14
1983-09-16	0	1.9	25	13
1983-09-17	0	2.1	25	11
1983-09-18	22	1	29	13
1983-09-19	0	4	29	9
1983-09-20	0	1.9	26	10
1983-09-21	0	4.9	22	14
1983-09-22	2	1.2	22	12
1983-09-23	4	1.2	19	11
1983-09-24	0	2.6	19	12
1983-09-25	5.2	1.3	22	11
1983-09-26	0	4.4	19	12
1983-09-27	0	1.5	20	13
1983-09-28	1	0.3	20	12
1983-09-29	0	1.1	22	8
1983-09-30	0	NULO	22	10
1983-10-01	0	5.6	23	8
1983-10-02	1	3.6	24	12
1983-10-03	0	4.3	30	7
1983-10-04	0	3.5	26	6
1983-10-05	0	0.8	24	8
1983-10-06	0	2	24	4
1983-10-07	0	6.3	26	12
1983-10-08	0	5.1	25	7
1983-10-09	0	4.4	24	11
1983-10-10	0	4.7	23	9
1983-10-11	0	3.8	30	6
1983-10-12	0	1.6	26	11
1983-10-13	0	4.6	28	8
1983-10-14	0	6.2	27	5
1983-10-15	0	2.1	26	6
1983-10-16	0	3.5	30	10
1983-10-17	0	5.8	29	10
1983-10-18	0	2.9	24	10
1983-10-19	0	4.6	25	12
1983-10-20	0	2.9	25	12
1983-10-21	0	1.9	24	11
1983-10-22	0	5.2	23	12
1983-10-23	0	NULO	20	11
1983-10-24	0	3.1	24	8
1983-10-25	1.1	5.1	16	11
1983-10-26	0	3.1	21	5
1983-10-27	0	4	17.1	6
1983-10-28	0	3.4	18	3
1983-10-29	0	1.5	17	7
1983-10-30	0	0.7	17	8
1983-10-31	0	NULO	NULO	NULO
1983-11-01	0	4.3	23	10
1983-11-02	0	4	22	8
1983-11-03	0	4.1	23	10
1983-11-04	0	3.7	26	5
1983-11-05	0.5	0.5	23	10
1983-11-06	0	2.2	26	10
1983-11-07	1.2	2.6	23	10
1983-11-08	0	5.3	23	11
1983-11-09	5	2.5	24	11
1983-11-10	1	2.9	21	9
1983-11-11	0	4.9	24	6
1983-11-12	0	3.9	25	3
1983-11-13	0	4.6	27	3
1983-11-14	0	4	27	3
1983-11-15	0	1.1	26	5
1983-11-16	0	1.1	24	4
1983-11-17	0	0.9	19	5
1983-11-18	0	3.7	24	10
1983-11-19	0	5.2	24	4
1983-11-20	0	3.4	27	9
1983-11-21	0	1.9	27	2
1983-11-22	0	3.7	29	6
1983-11-23	0	3.1	27	10
1983-11-24	0	3.2	26	6
1983-11-25	0	3.7	27	3
1983-11-26	0	3.9	25	6
1983-11-27	0	3.8	25	10
1983-11-28	0	4.4	26	4
1983-11-29	0	2.4	26	7
1983-11-30	0	2.3	26	5
1983-12-01	0	6.4	29	12
1983-12-02	0	1.1	27	9
1983-12-03	5	5.1	26	10
1983-12-04	0	7.9	26	8
1983-12-05	0	2.5	27	9
1983-12-06	0	2.6	19	11
1983-12-07	0	3.4	21	6
1983-12-08	0	4.2	25	6
1983-12-09	0	2.7	27	6
1983-12-10	0	3.9	23	7
1983-12-11	0	9.2	23	5
1983-12-12	0	2.5	25	2
1983-12-13	0	1.4	26	4
1983-12-14	0	2.7	26	4
1983-12-15	0	4.3	24	3
1983-12-16	0	4.4	26	2
1983-12-17	0	3.1	19	5
1983-12-18	0	1.9	20	2
1983-12-19	0	2.3	22	4
1983-12-20	0	2.9	23	4
1983-12-21	0	2.7	25	4
1983-12-22	0	3.8	24	2
1983-12-23	0	3.3	22	3
1983-12-24	0	2.2	26	-1
1983-12-25	0	3.7	24	0
1983-12-26	0	2.3	24	-1
1983-12-27	0	1.5	25	1
1983-12-28	0	3.8	24	2
1983-12-29	0	1.8	22	1
1983-12-30	0	8.7	24	-1
1983-12-31	0	3	22	-1
1984-01-01	0	3	15	1
1984-01-02	0	1.7	16	4
1984-01-03	2	1.6	15	4
1984-01-04	0.01	1	18	5
1984-01-05	0	1.3	23	6
1984-01-06	0	2.7	17	3
1984-01-07	0	0.3	16	3
1984-01-08	2.5	3.1	25	4
1984-01-09	0	2.2	25	4
1984-01-10	0	4.4	22	6
1984-01-11	5	4.9	16	1
1984-01-12	0	5	14	1
1984-01-13	0	2.4	18	2
1984-01-14	0	0.2	12	7
1984-01-15	0	6.5	20	10
1984-01-16	0	2.7	26	4
1984-01-17	0	1.4	21	1
1984-01-18	0	6	23	3
1984-01-19	0	3	18	1
1984-01-20	0	3.5	17	3
1984-01-21	0	4.2	18	3
1984-01-22	0	5.1	26	5
1984-01-23	0	2.2	26	4
1984-01-24	0	2.7	27	4
1984-01-25	0	3.8	21	4
1984-01-26	0	4.7	25	5
1984-01-27	0	2.1	17	2
1984-01-28	0	4.9	14	4
1984-01-29	0	2.8	20	3
1984-01-30	0	2.5	20	6
1984-01-31	0	3.8	17	5
1984-02-01	0	1.1	15	1
1984-02-02	0	4.9	16	1
1984-02-03	0	1.3	15	5
1984-02-04	0	1.1	17	3
1984-02-05	1.3	3.1	20	1
1984-02-06	0	1.3	21	5
1984-02-07	0	2.5	18	2
1984-02-08	2.5	2.6	19	2
1984-02-09	0	2.1	19	3
1984-02-10	0	1.8	19	6
1984-02-11	0	4.4	18	5
1984-02-12	0	2.1	24	8
1984-02-13	0	6	24	5
1984-02-14	0	4	27	2
1984-02-15	0	5.8	23	5
1984-02-16	0	5.4	22	6
1984-02-17	0	6.6	13	3
1984-02-18	0	2.6	13	2
1984-02-19	0	2.4	15	6
1984-02-20	0	NULO	18	6
1984-02-21	0	NULO	19	3
1984-02-22	0	NULO	19	3
1984-02-23	0	5.9	18	3
1984-02-24	0	3.8	19	4
1984-02-25	0	3.7	18	4
1984-02-26	0	4.9	22	5
1984-02-27	0	4.8	27	5
1984-02-28	0	6	24	5
1984-02-29	0	9.3	26	4
1984-03-01	0	4.4	23	5
1984-03-02	0	6.7	27	3
1984-03-03	0	4.4	23	5
1984-03-04	0	5.4	28	2
1984-03-05	0	4.2	28	4
1984-03-06	0	5.3	20	1
1984-03-07	0	4.1	22	2
1984-03-08	0	0.8	22	5
1984-03-09	0	4.8	28	5
1984-03-10	0	8.7	29	1.1
1984-03-11	0	1	30	8
1984-03-12	0.01	6.1	24	6
1984-03-13	0	5.1	28	4
1984-03-14	0	1.9	27	8
1984-03-15	0	6.3	24	8
1984-03-16	0	6	27	5
1984-03-17	0	6	25	7
1984-03-18	0	6.1	27	5
1984-03-19	0	8.6	30	1.1
1984-03-20	0	4.7	29	8
1984-03-21	0	4.3	26	12
1984-03-22	0	5.6	25	7
1984-03-23	0	6.1	13	8
1984-03-24	0	9.2	12	7
1984-03-25	0	8.3	15	5
1984-03-26	0	4.9	19	1
1984-03-27	0	11.5	33	8
1984-03-28	0	8.9	33	10
1984-03-29	0	8.2	16	5
1984-03-30	0	5.5	17	9
1984-03-31	0	NULO	15	1
1984-04-01	0	4.7	29	1
1984-04-02	0	3.8	29	7
1984-04-03	0	5.2	32	8
1984-04-04	0	7.1	32	7
1984-04-05	0	4.5	32	7
1984-04-06	0	6.1	32	7
1984-04-07	0	4	32	11
1984-04-08	0	5.2	31	11
1984-04-09	0	7.9	32	10
1984-04-10	0	5.2	32	9
1984-04-11	0	7.8	33	8
1984-04-12	0	14.5	32	7
1984-04-13	0	4.1	31	12
1984-04-14	6	14.1	32	12
1984-04-15	0	7.5	29	10
1984-04-16	0	4	32	10
1984-04-17	0	7.8	31	11
1984-04-18	0.01	8.9	31	12
1984-04-19	0	8.9	32	10
1984-04-20	0	6	32	12
1984-04-21	0	5.1	32	11
1984-04-22	0	3.2	31	9
1984-04-23	0	6.3	32	11
1984-04-24	0	6.7	32	10
1984-04-25	0	7.1	32	12
1984-04-26	0	5.4	31	12
1984-04-27	0	7.8	32	12
1984-04-28	0	3.9	32	13
1984-04-29	0	9.1	32	12
1984-04-30	6	6.3	32	17
1984-05-01	2.2	3.1	33	5
1984-05-02	0	8.4	33	11
1984-05-03	0	8.3	33	12
1984-05-04	0.01	6.7	33	11
1984-05-05	0	2.1	33	11
1984-05-06	20	2.8	33	10
1984-05-07	0	6.8	33	10
1984-05-08	0	3.8	29	10
1984-05-09	0	5.3	24	10
1984-05-10	0	7.5	27	4
1984-05-11	0	5.1	30	9
1984-05-12	0	0.3	25	10
1984-05-13	30	1.9	23	8
1984-05-14	50	7.4	22	11
1984-05-15	39.5	13.3	25	7
1984-05-16	8.8	4.9	27	10
1984-05-17	2.2	3.6	29	10
1984-05-18	0	3.3	29	11
1984-05-19	0	5.9	27	10
1984-05-20	2.2	5.4	28	10
1984-05-21	0	6	29	11
1984-05-22	0	5.7	29	10
1984-05-23	0	9.4	30	10
1984-05-24	0	5.7	30	17
1984-05-25	0	6.5	22	13
1984-05-26	0	4.4	22	14
1984-05-27	5.7	10.7	26	7
1984-05-28	5.7	5.7	23	12
1984-05-29	0	0.8	23	11
1984-05-30	5	0.2	15	7
1984-05-31	NULO	NULO	22	9
1984-06-01	0	NULO	21	5
1984-06-02	0	7.7	28	5
1984-06-03	7.1	4.5	27	8
1984-06-04	13.5	4	27	12
1984-06-05	0.01	2.6	23	12
1984-06-06	0	4.4	26	7
1984-06-07	0	6.6	29	12
1984-06-08	0	5.7	23	13
1984-06-09	0	5.8	23	12
1984-06-10	0	2.6	24	7
1984-06-11	4	3.8	26	8
1984-06-12	0.8	3.2	23	13
1984-06-13	0	5.7	20	13
1984-06-14	0	4	20	13
1984-06-15	0	2.1	21	13
1984-06-16	0	1.8	24	13
1984-06-17	0	6.1	20	6
1984-06-18	0	6.2	25	5
1984-06-19	0	6.1	25	10
1984-06-20	0	3	24	10
1984-06-21	0	5.3	25	10
1984-06-22	3.3	5	23	11
1984-06-23	0	3	26	9
1984-06-24	0	6.3	27	10
1984-06-25	0	6	28	7
1984-06-26	0	7.4	28	10
1984-06-27	0	NULO	29	10
1984-06-28	21.2	3.6	29	10
1984-06-29	0	4.8	28	10
1984-06-30	0	NULO	28	13
1984-07-01	0	NULO	29	15
1984-07-02	0	2.9	24	10
1984-07-03	0	2.4	23	8
1984-07-04	0	2.5	22	17
1984-07-05	0	1.5	24	12
1984-07-06	0	4.7	23	10
1984-07-07	0	2.5	26	12
1984-07-08	0	4.8	24	10
1984-07-09	0	3.1	25	8
1984-07-10	0	4.2	17	8
1984-07-11	0	3.8	15	8
1984-07-12	0	3.3	25	8
1984-07-13	0	5.5	25	10
1984-07-14	0	5.9	24	11
1984-07-15	0	4.2	26	13
1984-07-16	0	2.7	23	12
1984-07-17	0	4.2	24	13
1984-07-18	22.9	3.9	24	12
1984-07-19	0	2.6	28	4
1984-07-20	0	7.3	26	8
1984-07-21	4	2.8	25	10
1984-07-22	8	4.4	22	11
1984-07-23	0	4.2	24	13
1984-07-24	0	5.1	25	12
1984-07-25	0	1.7	24	9
1984-07-26	0.01	4.1	24	7
1984-07-27	0	4.9	24	10
1984-07-28	0	3.3	25	10
1984-07-29	0	1.3	26	8
1984-07-30	0	5.3	25	9
1984-07-31	0	6	24	9
1984-08-01	0.7	NULO	25	11
1984-08-02	0.5	NULO	25	12
1984-08-03	0.5	NULO	24	12
1984-08-04	20	NULO	23	14
1984-08-05	10	NULO	23	13
1984-08-06	9	NULO	18	12
1984-08-07	6	NULO	21	13
1984-08-08	22	NULO	22	13
1984-08-09	0.01	NULO	24	14
1984-08-10	12	NULO	23	13
1984-08-11	11	NULO	20	13
1984-08-12	6.8	NULO	19	12
1984-08-13	7	NULO	23	11
1984-08-14	2	NULO	26	12
1984-08-15	10.5	NULO	18	12
1984-08-16	6.8	NULO	14	11
1984-08-17	1	NULO	12	11
1984-08-18	0	NULO	19	12
1984-08-19	0	NULO	24	11
1984-08-20	2	NULO	22	12
1984-08-21	0	NULO	23	11
1984-08-22	0	NULO	15	11
1984-08-23	0	NULO	24	12
1984-08-24	4	NULO	23	12
1984-08-25	1	NULO	22	14
1984-08-26	4.8	NULO	29	11
1984-08-27	3	NULO	20	11
1984-08-28	0.01	NULO	20	8
1984-08-29	0	NULO	21	10
1984-08-30	9	NULO	20	11
1984-09-01	7	NULO	25	11
1984-09-02	5	NULO	25	12
1984-09-03	5	NULO	24	12
1984-09-04	20	NULO	23	14
1984-09-05	10	NULO	17	13
1984-09-06	9	NULO	18	12
1984-09-07	6	NULO	21	13
1984-09-08	22	NULO	22	13
1984-09-09	NULO	NULO	24	14
1984-09-10	12	NULO	23	13
1984-09-11	11	NULO	20	13
1984-09-12	6.8	NULO	19	12
1984-09-13	7	NULO	23	11
1984-09-14	2	NULO	26	12
1984-09-15	10.5	NULO	18	12
1984-09-16	6.8	NULO	14	11
1984-09-17	1	NULO	19	11
1984-09-18	0	NULO	19	12
1984-09-19	0	NULO	24	11
1984-09-20	2	NULO	22	12
1984-09-21	0	NULO	23	11
1984-09-22	0	NULO	15	11
1984-09-23	0	NULO	24	12
1984-09-24	4	NULO	23	12
1984-09-25	1	NULO	22	14
1984-09-26	4	NULO	29	11
1984-09-27	3	NULO	20	11
1984-09-28	NULO	NULO	20	8
1984-09-29	0	NULO	21	10
1984-09-30	0	NULO	20	11
1984-10-01	0	2.3	18	11
1984-10-02	0	2.78	22	10
1984-10-03	0	1.86	25	4
1984-10-04	0	5.08	14	4
1984-10-05	0	4.04	14	9
1984-10-06	0	2.33	25	13
1984-10-07	0	3.4	26	10
1984-10-08	0	4.58	24	12
1984-10-09	0	1.92	24	10
1984-10-10	0	6.01	25	7
1984-10-11	0	2.77	27	7
1984-10-12	0	5.22	25	7
1984-10-13	0	2.55	25	6
1984-10-14	0	4.02	25	6
1984-10-15	0	5.53	27	6
1984-10-16	0	1.66	29	8
1984-10-17	0	1.22	23	8
1984-10-18	0	2.64	18	12
1984-10-19	0	5.38	30	11
1984-10-20	0	1	25	10
1984-10-21	0	2.1	23	12
1984-10-22	0	1.4	26	11
1984-10-23	0	2.4	29	13
1984-10-24	0	6.3	25	10
1984-10-25	0	1.3	24	8
1984-10-26	0	2.6	24	6
1984-10-27	0	1.99	25	6
1984-10-28	0	2.9	25	6
1984-10-29	0	2.9	24	6
1984-10-30	0	4.2	21	10
1984-10-31	0	2.78	25	13
1984-11-01	0	NULO	25	7
1984-11-02	0	NULO	25	7
1984-11-03	4	NULO	13	4
1984-11-04	0	NULO	26	0
1984-11-05	0	NULO	19	4
1984-11-06	0	NULO	20	4
1984-11-07	0	NULO	25	4
1984-11-08	0	NULO	28	4
1984-11-09	0	NULO	24	0
1984-11-10	0	NULO	27	4
1984-11-11	0	NULO	21	1
1984-11-12	0	NULO	22	1
1984-11-13	0	NULO	18	4
1984-11-14	0	NULO	22	2
1984-11-15	0	NULO	24	0
1984-11-16	0	NULO	23	2
1984-11-17	0	NULO	17	4
1984-11-18	0	NULO	18	2
1984-11-19	0	NULO	21	7
1984-11-20	0	NULO	20	6
1984-11-21	0	NULO	17	8
1984-11-22	0	NULO	26	7
1984-11-23	0	NULO	18	4
1984-11-24	0	NULO	24	0
1984-11-25	0	NULO	24	7
1984-11-26	0	NULO	27	3
1984-11-27	0	NULO	24	5
1984-11-28	0	NULO	26	7
1984-11-29	0	NULO	21	7
1984-11-30	0	NULO	22	1
1984-12-01	0	NULO	24	5
1984-12-02	1.7	NULO	25	5
1984-12-03	0	NULO	21	5
1984-12-04	0	NULO	13	4
1984-12-05	0	NULO	20	6
1984-12-06	0	NULO	23	6
1984-12-07	0	NULO	17	8
1984-12-08	0	NULO	17	2
1984-12-09	0	NULO	24	1
1984-12-10	0	NULO	25	1
1984-12-11	0	NULO	26	3
1984-12-12	0	NULO	26	1
1984-12-13	0	NULO	24	4
1984-12-14	0	NULO	23	4
1984-12-15	0	NULO	24	3
1984-12-16	0	NULO	24	5
1984-12-17	0	NULO	24	7
1984-12-18	0	NULO	32	8
1984-12-19	0	NULO	21	7
1984-12-20	0	NULO	24	3
1984-12-21	0	NULO	25	0
1984-12-22	0	NULO	25	0
1984-12-23	0	NULO	23	1
1984-12-24	0	NULO	23	-2
1984-12-25	0	NULO	22	4
1984-12-26	0	NULO	23	3
1984-12-27	0	NULO	23	3
1984-12-28	0	NULO	22	5
1984-12-29	0	NULO	23	3
1984-12-30	0	NULO	24	5
1984-12-31	0	NULO	24	4
1985-01-01	0	3.1	12	4
1985-01-02	0	1.8	15	2
1985-01-03	0	3.9	13	1
1985-01-04	0	2.6	7	-6
1985-01-05	0	1.9	24	4
1985-01-06	0	2	24	-4
1985-01-07	0	1.5	21	4
1985-01-08	0	0.7	22	4
1985-01-09	0	3.7	24	0
1985-01-10	0	1.4	25	6
1985-01-11	0	4.6	24	8
1985-01-12	0	4	24	8
1985-01-13	0	3.1	22	8
1985-01-14	0	2.4	23	4
1985-01-15	0	1.9	24	4
1985-01-16	0	4	23	4
1985-01-17	0	3.8	24	4
1985-01-18	0	3.9	25	5
1985-01-19	0	2.8	24	8
1985-01-20	0	3.3	25	6
1985-01-21	0	2.6	19	8
1985-01-22	0	4	24	3
1985-01-23	1	2.4	24	5
1985-01-24	0	3.4	25	5
1985-01-25	0	4.8	25	4
1985-01-26	0	4.1	23	5
1985-01-27	0	5.9	26	4
1985-01-28	0	2.9	26	2
1985-01-29	0	3.5	27	2
1985-01-30	0	5.4	27	4
1985-01-31	NULO	NULO	NULO	NULO
1985-02-01	0	4	26	3
1985-02-02	0	3.5	29	3
1985-02-03	0	4.1	29	3
1985-02-04	0	3.8	27	5
1985-02-05	0	4.2	27	4
1985-02-06	0	4	28	4
1985-02-07	0	5	22	5
1985-02-08	0	3	19	7
1985-02-09	0	3.3	26	2
1985-02-10	0	4.6	26	4
1985-02-11	0	4.1	28	4
1985-02-12	0	3.8	24	5
1985-02-13	0	5.4	26	2
1985-02-14	0	3.9	26	6
1985-02-15	0	3.9	15	4
1985-02-16	0	6.8	19	6
1985-02-17	0	4.6	24	2
1985-02-18	0	5	24	3
1985-02-19	0	3.4	20	3
1985-02-20	0	4.3	23	5
1985-02-21	0	4.8	25	8
1985-02-22	1.7	6	26	6
1985-02-23	0	2	23	6
1985-02-24	0	2.3	24	7
1985-02-25	0.7	5.7	27	7
1985-02-26	0	3.4	27	5
1985-02-27	0	8.8	20	7
1985-02-28	27	NULO	20	7
1985-03-01	0	5.6	22	4
1985-03-02	0	8.2	25	4
1985-03-03	0	3.4	18	4
1985-03-04	0	7.7	19	6
1985-03-05	0	5.6	22	8
1985-03-06	0	9	24	8
1985-03-07	0	7.7	22	4
1985-03-08	0	7.2	24	7
1985-03-09	0	2	28	4
1985-03-10	0	6.8	28	4
1985-03-11	0	4.6	28	4
1985-03-12	0	3.7	29	8
1985-03-13	4.2	4.1	24	8
1985-03-14	0	5.6	24	7
1985-03-15	0	4.9	24	11
1985-03-16	0	4.9	26	11
1985-03-17	0	5	30	11
1985-03-18	0	5	29	8
1985-03-19	0	2.8	29	8
1985-03-20	0	4	28	7
1985-03-21	0	3.8	28	9
1985-03-22	0	2.4	28	9
1985-03-23	0	3.7	28	8
1985-03-24	0	3	27	8
1985-03-25	0	3.4	22	8
1985-03-26	1	6.6	27	8
1985-03-27	0	5	27	7
1985-03-28	0	4.6	27	9
1985-03-29	0	4.8	29	8
1985-03-30	0	4.9	27	8
1985-04-01	1.8	5.8	29	4
1985-04-02	0	2.8	29	9
1985-04-03	0	4.2	28	8
1985-04-04	0.01	2.9	30	11
1985-04-05	0	2.5	29	11
1985-04-06	0	5	27	8
1985-04-07	0.01	0.6	29	8
1985-04-08	8.5	2.8	24	11
1985-04-09	3.5	2.8	24	10
1985-04-10	3.5	4.3	22	9
1985-04-11	0	2.5	22	8
1985-04-12	0	4.1	24	11
1985-04-13	7	3.1	25	8
1985-04-14	0	2.1	25	9
1985-04-15	0	1	26	8
1985-04-16	0	1	25	8
1985-04-17	0	3.4	25	7
1985-04-18	0	4.9	27	8
1985-04-19	0	5.2	27	9
1985-04-20	0	6.7	29	8
1985-04-21	0	2.1	29	9
1985-04-22	0.01	3.3	31	9
1985-04-23	0	6.5	30	9
1985-04-24	0.5	4.8	27	9
1985-04-25	0	7	28	11
1985-04-26	0	4.1	29	9
1985-04-27	0	3.9	31	7
1985-04-28	6	2	31	11
1985-04-29	0	4	30	9
1985-04-30	0	4.1	30	7
1985-05-01	0	3	23	8
1985-05-02	0	5.5	29	10
1985-05-03	0	4.1	24	10
1985-05-04	0.01	5.4	26	8
1985-05-05	0.01	4.1	25	7
1985-05-06	0	3.4	26	8
1985-05-07	0	6.1	20	7
1985-05-08	0	4.2	26	8
1985-05-09	0	7.1	30	8
1985-05-10	0	6	31	8
1985-05-11	0	4.8	31	11
1985-05-12	0	9.9	31	10
1985-05-13	0	4.6	30	11
1985-05-14	0	3.4	34	12
1985-05-15	0	4.2	30	15
1985-05-16	0	3.5	28	14
1985-05-17	13.6	0.1	29	11
1985-05-18	20	6.2	27	11
1985-05-19	60	4.5	27	11
1985-05-20	0	3.2	26	11
1985-05-21	3	2.8	28	12
1985-05-22	0	3.8	28	7
1985-05-23	0	3.7	29	4
1985-05-24	0	2.5	28	10
1985-05-25	0	7.4	27	11
1985-05-26	0	3.1	28	12
1985-05-27	0	4.6	29	11
1985-05-28	0	4.6	28	10
1985-05-29	0	3.5	30	7
1985-05-30	0	8.4	31	6
1985-05-31	0	NULO	31	7
1985-06-01	0	5.6	29	11
1985-06-02	0	3.7	28	11
1985-06-03	0	6.5	28	15
1985-06-04	7.5	2.9	27	15
1985-06-05	0	3.3	28	12
1985-06-06	0	6	27	15
1985-06-07	0	4.9	27	13
1985-06-08	0	12.2	29	6
1985-06-09	0	7	30	8
1985-06-10	0	3.3	30	9
1985-06-11	0	1.2	29	12
1985-06-12	0	7.1	28	14
1985-06-13	0	7	27	13
1985-06-14	0	3	26	16
1985-06-15	0	2.9	26	11
1985-06-16	0	0.8	26	17
1985-06-17	0	4	27	13
1985-06-18	5.8	1	22	14
1985-06-19	0	6.3	24	14
1985-06-20	0	5.6	26	13
1985-06-21	0	3.1	24	13
1985-06-22	10	NULO	28	12
1985-06-23	5	6.7	27	12
1985-06-24	0	4.8	26	11
1985-06-25	0	6.7	27	13
1985-06-26	0	4.9	27	12
1985-06-27	0	7.2	20	14
1985-06-28	8	2.5	26	12
1985-06-29	5	0.1	20	10
1985-06-30	0.01	3.4	17	11
1985-07-01	0	3.4	29	12
1985-07-02	0	0.3	21	12
1985-07-03	3.5	6.8	26	10
1985-07-04	10	NULO	26	6
1985-07-06	0	2	24	11
1985-07-07	9	NULO	23	9
1985-07-08	0.5	NULO	23	11
1985-07-09	0.5	4.7	24	8
1985-07-10	0	3.3	26	8
1985-07-11	0	6.4	24	6
1985-07-12	0	5.8	24	11
1985-07-13	6	7.7	23	10
1985-07-14	9	NULO	19	13
1985-07-15	2	NULO	20	13
1985-07-16	0	NULO	22	13
1985-07-17	0	3.9	23	12
1985-07-18	0	3.8	25	13
1985-07-19	0	2.8	25	12
1985-07-20	0	2.9	24	11
1985-07-21	0	4.2	26	13
1985-07-22	0	4.9	27	14
1985-07-23	2	5.8	27	13
1985-07-24	0	5.7	27	13
1985-07-25	0	4.6	24	14
1985-07-26	0	1.9	24	11
1985-07-27	0	NULO	22	12
1985-07-28	0.5	2.1	25	12
1985-07-29	6	10.2	22	11
1985-07-30	2	NULO	19	13
1985-07-31	0	NULO	24	13
1985-09-01	0	NULO	NULO	NULO
1985-09-02	0.01	NULO	NULO	NULO
1985-09-03	0	NULO	NULO	NULO
1985-09-04	0	NULO	NULO	NULO
1985-09-05	0	NULO	NULO	NULO
1985-09-06	0	NULO	NULO	NULO
1985-09-07	0	NULO	NULO	NULO
1985-09-08	0	NULO	NULO	NULO
1985-09-09	0	NULO	NULO	NULO
1985-09-10	0	NULO	NULO	NULO
1985-09-11	0	NULO	NULO	NULO
1985-09-12	0	NULO	NULO	NULO
1985-09-13	0	NULO	NULO	NULO
1985-09-14	0	NULO	NULO	NULO
1985-09-15	0	NULO	NULO	NULO
1985-09-16	0	NULO	NULO	NULO
1985-09-17	0	NULO	NULO	NULO
1985-09-18	0	NULO	NULO	NULO
1985-09-19	0	NULO	NULO	NULO
1985-09-20	0	NULO	NULO	NULO
1985-09-21	0	NULO	NULO	NULO
1985-09-22	0	NULO	NULO	NULO
1985-09-23	0	NULO	NULO	NULO
1985-09-24	0	NULO	NULO	NULO
1985-09-25	0	NULO	NULO	NULO
1985-09-26	0	NULO	NULO	NULO
1985-09-27	0	NULO	NULO	NULO
1985-09-28	0	NULO	NULO	NULO
1985-09-29	0	NULO	NULO	NULO
1985-09-30	0	NULO	NULO	NULO
1985-10-01	0	NULO	NULO	NULO
1985-10-02	0	NULO	NULO	NULO
1985-10-03	0	NULO	NULO	NULO
1985-10-04	0	NULO	NULO	NULO
1985-10-05	20	NULO	NULO	NULO
1985-10-06	0	NULO	NULO	NULO
1985-10-07	0	NULO	NULO	NULO
1985-10-08	0	NULO	NULO	NULO
1985-10-09	0	NULO	NULO	NULO
1985-10-10	0	NULO	NULO	NULO
1985-10-11	0	NULO	NULO	NULO
1985-10-12	0	NULO	NULO	NULO
1985-10-13	0	NULO	NULO	NULO
1985-10-14	0	NULO	NULO	NULO
1985-10-15	0	NULO	NULO	NULO
1985-10-16	0	NULO	NULO	NULO
1985-10-17	0	NULO	NULO	NULO
1985-10-18	0	NULO	NULO	NULO
1985-10-19	0	NULO	NULO	NULO
1985-10-20	0	NULO	NULO	NULO
1985-10-21	0	NULO	NULO	NULO
1985-10-22	0	NULO	NULO	NULO
1985-10-23	0	NULO	NULO	NULO
1985-10-24	0	NULO	NULO	NULO
1985-10-25	0	NULO	NULO	NULO
1985-10-26	0	NULO	NULO	NULO
1985-10-27	0	0.7	NULO	NULO
1985-10-28	30	1.6	24	11
1985-10-29	0	2.2	25	7
1985-10-30	0	0.8	23	1
1985-10-31	0	2.9	23	2
1985-11-01	0	6	22	2
1985-11-02	0	4.7	22	4
1985-11-03	0	2.9	23	3
1985-11-04	0	4.6	24	2
1985-11-05	0	2	21	8
1985-11-06	0	6.1	20	3
1985-11-07	0	3.2	20	10
1985-11-08	0	5.7	28	9
1985-11-09	0	2.8	20	1
1985-11-10	0	2.4	20	1
1985-11-11	0	9.7	23	2
1985-11-12	0	3.1	23	3
1985-11-13	0	4.3	23	4
1985-11-14	0	1.6	26	1
1985-11-15	0	8.6	26	8
1985-11-16	0	0.8	27	8
1985-11-17	0	1.8	25	6
1985-11-18	0	4.9	26	6
1985-11-19	0	2.8	27	5
1985-11-20	0	2.2	19	8
1985-11-21	0	1.5	19	4
1985-11-22	0	4.8	25	4
1985-11-23	0	1.3	27	7
1985-11-24	0	3.3	26	6
1985-11-25	0	3.5	27	5
1985-11-26	0	3.1	27	8
1985-11-27	0	4.5	27	7
1985-11-28	0	2.7	24	7
1985-11-29	0	2.4	26	10
1985-11-30	0	3.7	25	9
1985-12-01	0	3.7	27	12
1985-12-02	0	2.5	26	13
1985-12-03	0	3.8	25	3
1985-12-04	0	3	26	2
1985-12-05	0	1.2	25	2
1985-12-06	0	2.8	25	3
1985-12-07	0	4.7	26	4
1985-12-08	0	3.6	25	3
1985-12-09	0	3.5	26	3
1985-12-10	0	1.1	24	4
1985-12-11	0	4.9	23	1
1985-12-12	0	1.9	23	1
1985-12-13	0	2	23	7
1985-12-14	0	2.8	22	5
1985-12-15	0	4.1	28	7
1985-12-16	0	3.6	25	5
1985-12-17	0	3.7	28	3
1985-12-18	0	2.3	20	5
1985-12-19	0	1.4	26	6
1985-12-20	0	2.5	25	8
1985-12-21	0	3.4	24	9
1985-12-22	0	4.8	26	9
1985-12-23	0	5.8	27	7
1985-12-24	0	2.4	28	9
1985-12-25	0	5	28	7
1985-12-26	0	5.1	28	10
1985-12-27	0	4.6	25	7
1985-12-28	0	4	24	10
1985-12-29	0	2.3	26	11
1985-12-30	0	7.1	29	10
1985-12-31	0	3.6	26	7
1986-01-01	0	3	15	1
1986-01-02	0	1.7	16	7
1986-01-03	2	1.6	15	4
1986-01-04	0.01	1	18	5
1986-01-05	0	1.3	23	6
1986-01-06	0	2.7	17	3
1986-01-07	0	0.3	16	3
1986-01-08	2.5	3.1	25	4
1986-01-09	0	2.2	25	4
1986-01-10	0	9.4	22	6
1986-01-11	5	4.9	16	1
1986-01-12	0	5	14	1
1986-01-13	0	2.4	18	2
1986-01-14	0	0.2	12	7
1986-01-15	0	7	20	1
1986-01-16	0	2.7	26	4
1986-01-17	0	1.4	21	1
1986-01-18	0	6	23	3
1986-01-19	0	3	18	1
1986-01-20	0	3.5	17	3
1986-01-21	0	4.2	18	3
1986-01-22	0	5.1	26	3
1986-01-23	0	2.2	26	5
1986-01-24	0	2.7	27	4
1986-01-25	0	3.8	21	4
1986-01-26	0	4.7	25	5
1986-01-27	0	2.1	17	2
1986-01-28	0	4.9	14	4
1986-01-29	0	2.8	20	3
1986-01-30	0	2.5	20	6
1986-01-31	0	3.8	17	5
1986-02-01	0	1.1	15	1
1986-02-02	0	4.9	26	1
1986-02-03	0	1.3	15	5
1986-02-04	0	1.1	17	3
1986-02-05	1.3	3.1	26	1
1986-02-06	0	1.3	21	5
1986-02-07	0	2.5	18	2
1986-02-08	2.5	2.6	19	2
1986-02-09	0	2	17	3
1986-02-10	0	1.8	19	6
1986-02-11	0	4.4	18	5
1986-02-12	0	2.1	24	8
1986-02-13	0	6	24	5
1986-02-14	0	4	27	2
1986-02-15	0	5.8	23	5
1986-02-16	0	5.4	22	6
1986-02-17	0	6.6	13	3
1986-02-18	0	2.6	13	3
1986-02-19	0	2.4	15	6
1986-02-20	0	NULO	18	6
1986-02-21	0	NULO	19	3
1986-02-22	0	NULO	19	3
1986-02-23	0	5.9	18	3
1986-02-24	0	3.8	19	4
1986-02-25	0	3.7	18	4
1986-02-26	0	4.9	22	5
1986-02-27	0	4.8	27	5
1986-02-28	0	6	24	5
1986-03-01	0	4.4	23	5
1986-03-02	0	6.7	27	3
1986-03-03	0	4.4	23	5
1986-03-04	0	5.4	28	2
1986-03-05	0	4.2	28	4
1986-03-06	0	5.3	20	1
1986-03-07	0	4.1	22	2
1986-03-08	0	0.8	22	5
1986-03-09	0	4.8	23	5
1986-03-10	0	8.7	29	5
1986-03-11	0	1	30	8
1986-03-12	0.01	6	24	6
1986-03-13	0	5.1	28	4
1986-03-14	0	1.9	27	8
1986-03-15	0	6.3	24	8
1986-03-16	0	6	17	5
1986-03-17	0	6	15	7
1986-03-18	0	6.1	27	5
1986-03-19	0	8.5	30	11
1986-03-20	0	4.7	29	8
1986-03-21	0	4.3	26	12
1986-03-22	0	5.6	25	7
1986-03-23	0	6.1	13	8
1986-03-24	0	9.2	12	7
1986-03-25	0	8.3	15	5
1986-03-26	0	4.9	19	6
1986-03-27	0	11.5	33	8
1986-03-28	0	8.9	33	10
1986-03-29	0	8.2	16	5
1986-03-30	0	5.5	17	9
1986-03-31	0	NULO	15	5
1986-04-01	0	4.7	29	10
1986-04-02	0	3.8	29	7
1986-04-03	0	5.2	32	8
1986-04-04	0	7.1	32	7
1986-04-05	0	4.5	32	7
1986-04-06	0	6.1	32	7
1986-04-07	0	4	32	11
1986-04-08	0	5.3	31	11
1986-04-09	0	7.9	32	10
1986-04-10	0	5.9	32	9
1986-04-11	0	7.8	33	8
1986-04-12	0	14.5	32	7
1986-04-13	0	4.1	31	12
1986-04-14	6	14	32	12
1986-04-15	0	7.5	29	10
1986-04-16	0	4	32	10
1986-04-17	0	7.8	31	11
1986-04-18	0.01	8.8	31	12
1986-04-19	0	10	32	10
1986-04-20	0	6	32	12
1986-04-21	0	6	32	11
1986-04-22	0	3.7	31	9
1986-04-23	0	6.3	32	11
1986-04-24	0	6.7	32	10
1986-04-25	0	7.1	32	12
1986-04-26	0	5.2	31	12
1986-04-27	0	7.8	32	12
1986-04-28	0	5.9	32	13
1986-04-29	0	9.1	32	12
1986-04-30	0	6.3	32	17
1986-05-01	2.2	3.1	33	5
1986-05-02	0	8.4	33	11
1986-05-03	0	8.3	33	12
1986-05-04	0.01	6.7	33	11
1986-05-05	0	2.1	33	11
1986-05-06	20	2.8	33	10
1986-05-07	0	6.8	33	10
1986-05-08	0	3.8	29	10
1986-05-09	0	5.3	24	10
1986-05-10	0	7.5	27	4
1986-05-11	0	5.1	30	9
1986-05-12	0	0.3	25	10
1986-05-13	30	1.9	23	8
1986-05-14	50	7.4	22	11
1986-05-15	395	13.3	25	7
1986-05-16	8.8	4.9	27	10
1986-05-17	2.2	3.6	29	10
1986-05-18	0	3.3	29	11
1986-05-19	0	5.9	27	10
1986-05-20	2.2	5.4	28	10
1986-05-21	0	6	29	11
1986-05-22	0	5.7	29	10
1986-05-23	0	2.4	30	10
1986-05-24	0	5.7	30	17
1986-05-25	0	6.5	22	13
1986-05-26	0	4.4	22	14
1986-05-27	5.7	10.7	26	7
1986-05-28	5.7	5.7	23	12
1986-05-29	0	0.8	23	11
1986-05-30	5	NULO	15	7
1986-05-31	0	NULO	22	9
1986-06-01	0	NULO	21	5
1986-06-02	0	7.7	28	5
1986-06-03	7.1	4.5	27	8
1986-06-04	13.5	4	27	12
1986-06-05	0.01	2.6	23	12
1986-06-06	0	4.4	26	7
1986-06-07	0	6.6	29	12
1986-06-08	0	5.7	23	13
1986-06-09	0	5.8	23	12
1986-06-10	0	2.6	24	7
1986-06-11	4	3.8	26	8
1986-06-12	0.8	3.2	23	13
1986-06-13	0	5.7	20	13
1986-06-14	0	4	20	13
1986-06-15	0	2.1	21	13
1986-06-16	0	1.8	24	13
1986-06-17	0	6.1	20	6
1986-06-18	0	6.9	25	5
1986-06-19	0	6.1	25	10
1986-06-20	0	5	24	10
1986-06-21	0	5.3	25	10
1986-06-22	3.3	5	23	11
1986-06-23	0	3	26	9
1986-06-24	0	6.3	27	10
1986-06-25	0	6	28	7
1986-06-26	0	7.4	28	10
1986-06-27	0	NULO	29	10
1986-06-28	21.2	3.6	29	10
1986-06-29	0	4.8	28	10
1986-06-30	0	NULO	28	13
1986-08-01	0	NULO	29	15
1986-08-02	0	2.9	24	10
1986-08-03	0	2.4	23	8
1986-08-04	0	2.5	22	17
1986-08-05	0	1.5	24	12
1986-08-06	0	4.7	23	10
1986-08-07	0	2.2	26	12
1986-08-08	0	4.8	24	10
1986-08-09	0	3.1	25	8
1986-08-10	0	4.2	17	8
1986-08-11	0	3.8	15	8
1986-08-12	0	3.3	25	8
1986-08-13	0	5.5	25	10
1986-08-14	0	5.9	24	11
1986-08-15	0	4.2	26	13
1986-08-16	0	2.7	23	12
1986-08-17	0	4.2	24	13
1986-08-18	22.9	3.9	24	12
1986-08-19	0	2.6	28	4
1986-08-20	0	7.3	26	8
1986-08-21	4	2.8	25	10
1986-08-22	8	4.4	22	11
1986-08-23	0	4.2	24	13
1986-08-24	0	4.1	25	12
1986-08-25	0	1.7	24	9
1986-08-26	0.01	4.1	24	7
1986-08-27	0	4.9	24	10
1986-08-28	0	3.3	25	10
1986-08-29	0	1.3	26	8
1986-08-30	0	5.3	25	9
1986-08-31	0	6	24	9
1986-09-01	7	NULO	25	11
1986-09-02	5	NULO	25	12
1986-09-03	5	NULO	24	12
1986-09-04	20	NULO	23	14
1986-09-05	10	NULO	17	13
1986-09-06	9	NULO	18	12
1986-09-07	6	NULO	21	13
1986-09-08	22	NULO	22	13
1986-09-09	0.01	NULO	24	14
1986-09-10	12	NULO	23	13
1986-09-11	11	NULO	20	13
1986-09-12	6.8	NULO	19	12
1986-09-13	7	NULO	23	11
1986-09-14	2	NULO	26	12
1986-09-15	10.5	NULO	18	12
1986-09-16	6.8	NULO	14	11
1986-09-17	1	NULO	17	11
1986-09-18	0	NULO	19	12
1986-09-19	0	NULO	24	11
1986-09-20	2	NULO	22	12
1986-09-21	0	NULO	23	11
1986-09-22	0	NULO	15	11
1986-09-23	0	NULO	24	12
1986-09-24	4	NULO	23	12
1986-09-25	1	NULO	22	14
1986-09-26	4	NULO	29	11
1986-09-27	3	NULO	20	11
1986-09-28	0.01	NULO	20	8
1986-09-29	0	NULO	21	10
1986-09-30	0	NULO	20	11
1986-10-01	0	NULO	18	11
1986-10-02	0	2.8	22	10
1986-10-03	0	1.9	25	4
1986-10-04	0	5.1	19	8
1986-10-05	0	4.1	14	9
1986-10-06	0	2.3	25	9
1986-10-07	0	3.4	26	10
1986-10-08	0	4.6	24	12
1986-10-09	0	1.9	24	10
1986-10-10	0	6	25	7
1986-10-11	0	2.8	27	7
1986-10-12	0	5.2	25	7
1986-10-13	0	7.6	25	6
1986-10-14	0	4	25	6
1986-10-15	0	5.5	27	6
1986-10-16	0	1.7	29	8
1986-10-17	0	1.3	23	8
1986-10-18	0	2.6	18	12
1986-10-19	0	5.4	20	11
1986-10-20	0	1	25	10
1986-10-21	0	2.1	23	12
1986-10-22	0	1.4	26	11
1986-10-23	0	2.4	24	13
1986-10-24	0	6.3	25	10
1986-10-25	0	1.3	24	8
1986-10-26	0	2.6	24	6
1986-10-27	0	2	25	6
1986-10-28	0	2.9	25	6
1986-10-29	0	2.9	24	6
1986-10-30	0	4.2	21	10
1986-10-31	0	2.8	25	13
1986-11-01	0	3	25	7
1986-11-02	0	5.1	25	7
1986-11-03	4	6.8	23	4
1986-11-04	0	3.9	26	0
1986-11-05	0	4.9	19	4
1986-11-06	0	4	20	4
1986-11-07	0	2	25	4
1986-11-08	0	2.9	28	4
1986-11-09	0	3.7	24	0
1986-11-10	0	1.3	27	4
1986-11-11	0	3.4	21	1
1986-11-12	0	3.6	22	10
1986-11-13	0	2.5	18	4
1986-11-14	0	3.2	22	2
1986-11-15	0	4	24	0
1986-11-16	0	2.2	23	2
1986-11-17	0	2.9	17	4
1986-11-18	0	2.3	18	3
1986-11-19	0	4.5	21	7
1986-11-20	0	4	20	6
1986-11-21	0	5.1	17	8
1986-11-22	0	3.1	26	7
1986-11-23	0	2.8	18	4
1986-11-24	0	3.4	24	0
1986-11-25	0	2.5	24	7
1986-11-26	0	4.8	27	3
1986-11-27	0	3.3	24	5
1986-11-28	0	3.5	26	7
1986-11-29	0	3.6	11	7
1986-11-30	0	3.4	11	8
1986-12-01	0	2.8	24	5
1986-12-02	1.7	3.5	25	5
1986-12-03	0	2.9	21	5
1986-12-04	0	5.9	15	4
1986-12-05	0	5.7	20	6
1986-12-06	0	0.9	23	6
1986-12-07	0	3.8	17	8
1986-12-08	0	2.2	17	2
1986-12-09	0	3.7	24	-1
1986-12-10	0	3.2	25	-1
1986-12-11	0	4.2	26	3
1986-12-12	0	1.5	26	1
1986-12-13	0	4.7	24	4
1986-12-14	0	4	23	4
1986-12-15	0	2.1	24	3
1986-12-16	0	4.5	24	5
1986-12-17	0	2.4	24	7
1986-12-18	0	0.8	32	8
1986-12-19	0	3.9	21	7
1986-12-20	0	1.9	24	3
1986-12-21	0	3.9	25	0
1986-12-22	0	3.1	25	0
1986-12-23	0	2	23	1
1986-12-24	0	5.6	23	-2
1986-12-25	0	3.9	22	4
1986-12-26	0	1.6	23	3
1986-12-27	0	1.6	23	3
1986-12-28	0	2.7	22	5
1986-12-29	0	1.4	23	3
1986-12-30	0	4.4	24	5
1986-12-31	0	3.2	24	4
1988-01-01	6.4	NULO	20	7
1988-01-02	0	6.1	20	7
1988-01-03	0	3.1	18	5
1988-01-04	0	5.1	17	7
1988-01-05	0	4.7	20	6
1988-01-06	0	5.4	21	6
1988-01-07	5	6.5	23	7
1988-01-08	5	1.3	24	5
1988-01-09	0	1	22	7
1988-01-10	0	1.9	20	4
1988-01-11	0	3.9	23	4
1988-01-12	0	1.8	26	5
1988-01-13	0	3.8	18	5
1988-01-14	0	3.4	23	4
1988-01-15	0	2.5	20	7
1988-01-16	0	1.7	21	5
1988-01-17	0	3.9	27	5
1988-01-18	0	3.4	22	2
1988-01-19	0	4.6	26	5
1988-01-20	0	4.6	25	4
1988-01-21	0	6.5	22	3
1988-01-22	0	5.3	22	-3
1988-01-23	0	4.3	24	0
1988-01-24	0	2	23	0
1988-01-25	0	0.5	23	-6
1988-01-26	0	1.4	14	2
1988-01-27	0	0.3	10	2
1988-01-28	0	2.6	14	0
1988-01-29	0	4.1	18	1
1988-01-30	0	6	15	-2
1988-01-31	0	3.5	18	2
1988-02-01	0	3.2	28	1
1988-02-02	0	1.2	27	4
1988-02-03	0	4.4	27	3
1988-02-04	0	2.2	24	4
1988-02-05	0	4.5	27	1
1988-02-06	0	3.3	26	4
1988-02-07	0	17	26	5
1988-02-08	0	3.2	21	0
1988-02-09	0	3.1	28	4
1988-02-10	0	6.2	28	4
1988-02-11	0	3.9	21	5
1988-02-12	0	3.8	21	5
1988-02-13	0	6.2	25	7
1988-02-14	8.2	1.8	27	5
1988-02-15	0	6.7	24	5
1988-02-16	0	5.7	30	5
1988-02-17	0	2.8	30	14
1988-02-18	0	5.7	32	6
1988-02-19	0	7.2	32	6
1988-02-20	0	3.9	36	0
1988-02-21	0	7.1	26	-1
1988-02-22	0	5.4	26	1
1988-02-23	0	6.4	22	2
1988-02-24	0	6.1	25	3
1988-02-25	0	3.2	24	4
1988-02-26	0	2	25	8
1988-02-27	0	2	25	7
1988-02-28	0	0.5	25	5
1988-02-29	0	5.9	28	5
1988-03-01	0	2.6	29	5
1988-03-02	0	2.6	27	4
1988-03-03	1	2.3	30	7
1988-03-04	25	2.6	27	6
1988-03-05	6	3.1	27	4
1988-03-06	0.01	0.3	28	7
1988-03-07	0.01	3.3	25	8
1988-03-08	0	3.2	30	9
1988-03-09	5.7	3.9	32	5
1988-03-10	0	1.2	30	7
1988-03-11	0	4.2	29	6
1988-03-12	0	4	29	7
1988-03-13	0	5.6	29	6
1988-03-14	0	5.1	30	7
1988-03-15	0	2.9	28	6
1988-03-16	0	6.1	29	7
1988-03-17	0	3	30	4
1988-03-18	0	3.5	29	8
1988-03-19	0	4.3	29	9
1988-03-20	0	3.2	30	9
1988-03-21	0	6.5	25	10
1988-03-22	0	4.2	27	6
1988-03-23	0	2.1	30	9
1988-03-24	0	5.2	29	7
1988-03-25	0	6.1	25	10
1988-03-26	0	6.4	29	6
1988-03-27	0	6	25	7
1988-03-28	0	6	28	9
1988-03-29	0	5	29	10
1988-03-30	0	6.6	29	7
1988-03-31	0	3.6	28	9
1988-04-01	0	3.1	31	5
1988-04-02	0	4.5	32	5
1988-04-03	0	2.2	31	8
1988-04-04	0	2.9	30	8
1988-04-05	0	2.1	30	8
1988-04-06	0	2.5	31	9
1988-04-07	0	3.4	31	8
1988-04-08	15.7	2.3	23	8
1988-04-09	0	4.7	30	8
1988-04-10	18	4.8	24	8
1988-04-11	0	3.4	27	9
1988-04-12	0	3.3	23	6
1988-04-13	0	4.1	25	5
1988-04-14	0	4.6	33	7
1988-04-15	0	4.5	32	9
1988-04-16	0	3.9	34	10
1988-04-17	0	2.6	34	10
1988-04-18	0	7.4	30	9
1988-04-19	0	2.9	28	6
1988-04-20	0	5.2	29	7
1988-04-21	0	2.5	32	8
1988-04-22	0	4.5	34	5
1988-04-23	0	6.3	32	10
1988-04-24	0	8.8	30	10
1988-04-25	12	2.7	29	10
1988-04-26	0	2.8	29	10
1988-04-27	0	5.4	34	13
1988-04-28	0	4.1	34	11
1988-04-29	0	4	32	11
1988-04-30	0	NULO	30	8
1988-05-01	0	3.4	30	9
1988-05-02	0	3.1	31	8
1988-05-03	0	3.9	31	10
1988-05-04	0	4.1	30	9
1988-05-05	0	3.5	32	11
1988-05-06	0	5	31	10
1988-05-07	0	5.5	30	11
1988-05-08	0	3.9	32	10
1988-05-09	0	4.1	33	11
1988-05-10	4	5	32	10
1988-05-11	0	4.1	30	11
1988-05-12	0	3.8	31	11
1988-05-13	0	4.1	32	11
1988-05-14	0	3.3	31	10
1988-05-15	0.01	5.8	30	9
1988-05-16	0	5.7	32	8
1988-05-17	0	6.8	30	7
1988-05-18	0	4	31	8
1988-05-19	0	7.6	34	5
1988-05-20	0	7.7	30	10
1988-05-21	0	5.4	31	9
1988-05-22	0	6.4	33	10
1988-05-23	0	7.4	33	10
1988-05-24	0	5.7	32	10
1988-05-25	0	7	30	8
1988-05-26	12	6.5	28	13
1988-05-27	0	4.9	25	13
1988-05-28	0	4.5	29	10
1988-05-29	0	6.1	33	11
1988-05-30	0	7.6	31	11
1988-05-31	16	8.2	32	12
1988-06-01	0	NULO	30	11
1988-06-02	0	4.1	32	11
1988-06-03	0	6.5	30	12
1988-06-04	0	4.5	31	12
1988-06-05	0	4	34	11
1988-06-06	0	5.3	34	12
1988-06-07	0.01	4.1	31	11
1988-06-08	0	4.3	32	13
1988-06-09	0	5.8	29	9
1988-06-10	0	6.5	29	10
1988-06-11	0	5.7	27	11
1988-06-12	0	3.2	29	9
1988-06-13	0	9.3	26	9
1988-06-14	30	6	29	14
1988-06-15	0	3	31	8
1988-06-16	25	0.2	31	9
1988-06-17	0	4.5	31	11
1988-06-18	0	4.4	31	12
1988-06-19	0	5.9	30	11
1988-06-20	0	4.8	31	12
1988-06-21	0	5	32	11
1988-06-22	0	2.4	32	11
1988-06-23	0	4.7	31	11
1988-06-24	0	3.2	32	13
1988-06-25	0	6.4	30	12
1988-06-26	0	4.5	25	11
1988-06-27	0	4.1	26	10
1988-06-28	0	7.4	29	12
1988-06-29	0.01	9.5	32	11
1988-06-30	0	9.4	32	12
1988-07-01	42.3	NULO	34	7
1988-07-02	0	4.1	30	6
1988-07-03	0	5.4	30	7
1988-07-04	0	2.1	32	5
1988-07-05	0	4	31	9
1988-07-06	0	4.1	27	9
1988-07-07	0	3.9	24	9
1988-07-08	0	5.2	24	9
1988-07-09	0	4	28	9
1988-07-10	0	5.7	27	8
1988-07-11	0	2.2	28	9
1988-07-12	0	2.3	28	9
1988-07-13	0	2.9	25	9
1988-07-14	0	3	26	5
1988-07-15	11.5	1.3	24	9
1988-07-16	0.01	2	25	8
1988-07-17	0	2.7	24	9
1988-07-18	0	3.2	24	9
1988-07-19	3.2	NULO	26	9
1988-07-20	0	4.3	24	9
1988-07-21	0	4.1	22	8
1988-07-22	0	3.6	24	9
1988-07-23	0	1.7	24	9
1988-07-24	0	12	22	9
1988-07-25	0	4.6	30	9
1988-07-26	0.01	3.8	26	9
1988-07-27	17.5	1.7	25	9
1988-07-28	0	3.6	24	8
1988-07-29	0	3.3	25	9
1988-07-30	0	1	24	9
1988-07-31	0	2.1	25	9
1988-08-01	0	NULO	24	9
1988-08-02	0	3	25	9
1988-08-03	0	3	22	9
1988-08-04	0	3	24	8
1988-08-05	0	2	24	9
1988-08-06	0	2.9	24	9
1988-08-07	0	3.1	25	8
1988-08-08	0	2.1	25	9
1988-08-09	0	3.1	26	9
1988-08-10	0	1.1	35	8
1988-08-11	2	1.9	32	9
1988-08-12	0.01	1	33	8
1988-08-13	0	2	35	9
1988-08-14	0	7	30	9
1988-08-15	0	3	26	8
1988-08-16	0	0.4	32	9
1988-08-17	0	3	32	9
1988-08-18	0	3	24	9
1988-08-19	0	3	26	8
1988-08-20	0	3	24	9
1988-08-21	22	3.1	32	8
1988-08-22	0.01	4	36	9
1988-08-23	0	3	36	9
1988-08-24	0	4	37	9
1988-08-25	0	5.9	36	9
1988-08-26	0	3	35	9
1988-08-27	0	4	34	9
1988-08-28	0	4	35	9
1988-08-29	0	3.9	33	9
1988-08-30	0	5	36	8
1988-08-31	0	3	35	7
1988-09-01	12	NULO	35	14
1988-09-02	8	NULO	37	6
1988-09-03	0.01	2.1	37	8
1988-09-04	1	1.1	32	8
1988-09-05	1.5	5.1	28	7
1988-09-06	0	7.2	35	8
1988-09-07	0	3.1	36	7
1988-09-08	0	5	26	8
1988-09-09	0	3.1	30	9
1988-09-10	0	6.6	32	9
1988-09-11	0	1.1	35	8
1988-09-12	0	6.1	36	9
1988-09-13	0	4.1	37	9
1988-09-14	0	7.1	35	9
1988-09-15	0	3	32	9
1988-09-16	0	9.1	35	8
1988-09-17	0	2	36	9
1988-09-18	0	2.1	32	9
1988-09-19	0	3.1	24	9
1988-09-20	0	5	26	8
1988-09-21	0	3	32	8
1988-09-22	0	3	35	9
1988-09-23	0	9.1	32	9
1988-09-24	0	4.6	30	9
1988-09-25	0	4	32	8
1988-09-26	0	6	28	9
1988-09-27	0	5.1	24	9
1988-09-28	0	4	30	8
1988-09-29	0	4	32	9
1988-09-30	0	9	36	8
1988-10-01	0	NULO	26	4
1988-10-02	0	3.9	24	3
1988-10-03	0	3	21	3
1988-10-04	0	4.9	26	2
1988-10-05	0	3.7	27	7
1988-10-06	0	3.1	28	2
1988-10-07	0	4.9	23	4
1988-10-08	0	4.1	25	4
1988-10-09	0	6.1	27	5
1988-10-10	0	2.8	21	4
1988-10-11	0	2.6	23	4
1988-10-12	0	3	25	3
1988-10-13	0	3.4	27	3
1988-10-14	0	5.2	21	7
1988-10-15	0	2.9	28	3
1988-10-16	0	2.6	27	7
1988-10-17	0	4.6	27	6
1988-10-18	0	3.1	27	6
1988-10-19	0	2.7	21	2
1988-10-20	0	4.5	21	5
1988-10-21	0	3.7	24	4
1988-10-22	0	2.4	25	7
1988-10-23	0	3.9	23	8
1988-10-24	0	3.5	23	6
1988-10-25	0	4	23	7
1988-10-26	0	4	23	5
1988-10-27	0	4	24	6
1988-10-28	0	4	23	7
1988-10-29	0	3.5	24	8
1988-10-30	0	4.1	23	7
1988-10-31	0	1.3	24	8
1988-11-01	0	3	26	4
1988-11-02	0	2.7	24	3
1988-11-03	0	3.5	27	2
1988-11-04	0	3.8	26	3
1988-11-05	0	4.7	26	7
1988-11-06	0	3.3	27	4
1988-11-07	0	3.8	27	2
1988-11-08	0	4.6	27	0
1988-11-09	0	4.9	23	4
1988-11-10	0	3.5	25	4
1988-11-11	0	4.2	27	5
1988-11-12	0	2.8	21	4
1988-11-13	0	5.2	24	4
1988-11-14	0	4	28	3
1988-11-15	0	3	28	3
1988-11-16	0	5.7	27	3
1988-11-17	0	3.6	26	6
1988-11-18	0	3.4	21	6
1988-11-19	0	2.8	21	1
1988-11-20	0	3.6	24	7
1988-11-21	0	2.9	25	8
1988-11-22	0	4.1	23	4
1988-11-23	0	2.9	25	7
1988-11-24	0	1.6	25	8
1988-11-25	0	3.5	23	9
1988-11-26	0	4.5	21	7
1988-11-27	0	4.4	24	7
1988-11-28	0	2.3	23	6
1988-11-29	0	1.9	27	8
1988-11-30	0	3.7	23	8
1988-12-01	0	3.3	22	4
1988-12-02	0	3.2	20	7
1988-12-03	0	4	17	6
1988-12-04	0	6.9	22	3
1988-12-05	0	2	24	3
1988-12-06	0	3.1	23	6
1988-12-07	0	3.1	22	6
1988-12-08	0	2.4	23	4
1988-12-09	0	1.4	20	5
1988-12-10	0	2.2	26	4
1988-12-11	0	2.9	15	5
1988-12-12	0	5.2	21	3
1988-12-13	0	1.9	19	5
1988-12-14	0	2.4	27	4
1988-12-15	0	6.1	25	10
1988-12-16	0	4.2	21	3
1988-12-17	0	3.1	22	4
1988-12-18	0	3	22	3
1988-12-19	0	4	22	5
1988-12-20	0	4	24	6
1988-12-21	0	3.6	24	5
1988-12-22	0	2.9	27	5
1988-12-23	0	3.5	24	4
1988-12-24	0	3.3	25	4
1988-12-25	0	4.5	23	2
1988-12-26	0	4.2	23	5
1988-12-27	0	2.4	26	2
1988-12-28	0	1.2	25	3
1988-12-29	0	4.7	27	4
1988-12-30	0	4.4	20	3
1988-12-31	0	4.4	24	4
1989-01-01	0	NULO	28	8
1989-01-02	0	NULO	27	7
1989-01-03	0	NULO	29	8
1989-01-04	0	NULO	25	4
1989-01-05	0	NULO	26	5
1989-01-06	0	NULO	23	5
1989-01-07	0	NULO	29	7
1989-01-08	0	NULO	29	9
1989-01-09	0	NULO	22	9
1989-01-10	0	NULO	23	4
1989-01-11	0	NULO	24	8
1989-01-12	0	NULO	26	8
1989-01-13	0	NULO	21	7
1989-01-14	0	NULO	25	3
1989-01-15	0	NULO	25	4
1989-01-16	0	NULO	22	2
1989-01-17	0	NULO	25	2
1989-01-18	0	NULO	24	1
1989-01-19	0	NULO	21	5
1989-01-20	0	NULO	20	6
1989-01-21	0	NULO	24	4
1989-01-22	0	NULO	25	4
1989-01-23	0	NULO	24	8
1989-01-24	0	NULO	26	7
1989-01-25	0	NULO	27	4
1989-01-26	0	NULO	28	5
1989-01-27	0	NULO	25	7
1989-01-28	0	NULO	26	7
1989-01-29	0	NULO	25	5
1989-01-30	0	NULO	28	8
1989-01-31	0	NULO	25	8
1989-02-01	0	4.77	26	5
1989-02-02	0	2.87	29	5
1989-02-03	0	3.85	25	5
1989-02-04	0	6.71	25	5
1989-02-05	0	3.6	23	5
1989-02-06	0	6.1	28	4
1989-02-07	0	4.98	25	5
1989-02-08	0	4.86	25	8
1989-02-09	0	4.25	26	8
1989-02-10	1	4.07	25	7
1989-02-11	0	3.82	23	6
1989-02-12	0	4.66	23	5
1989-02-13	0	4.32	27	5
1989-02-14	0	5.03	28	5
1989-02-15	0	4.9	22	5
1989-02-16	0	6.45	27	5
1989-02-17	0	3.09	23	8
1989-02-18	0	3.91	25	7
1989-02-19	0	3.88	26	7
1989-02-20	0	6.52	28	3
1989-02-21	0	6.21	22	6
1989-02-22	0	3.69	14	5
1989-02-23	0	2.94	26	2
1989-02-24	0	4.31	20	-1
1989-02-25	0	4.58	21	2
1989-02-26	0	2.03	23	1
1989-02-27	0	4.88	18	0
1989-02-28	0	1.92	20	3
1989-03-01	0	3.55	29	8
1989-03-02	0	6.29	29	5
1989-03-03	0	3.69	30	8
1989-03-04	0	2.21	30	7
1989-03-05	0	6.06	28	5
1989-03-06	0	7.29	23	3
1989-03-07	0	6.97	20	3
1989-03-08	0	5.94	20	4
1989-03-09	0	5.1	20	2
1989-03-10	0	5.75	23	2
1989-03-11	0	3.04	29	3
1989-03-12	0	1.46	30	2
1989-03-13	0	6.57	30	5
1989-03-14	0	8.18	28	4
1989-03-15	0	4.79	21	6
1989-03-16	0	3.17	29	-4
1989-03-17	0	6.01	28	6
1989-03-18	0	3.9	21	4
1989-03-19	0	3.07	20	4
1989-03-20	2	7.8	28	2
1989-03-21	0	4.08	29	5
1989-03-22	0	6.15	24	7
1989-03-23	0	2.19	29	5
1989-03-24	0.5	5.23	20	5
1989-03-25	0	5.88	23	7
1989-03-26	0	6.8	29	8
1989-03-27	0	3.97	28	5
1989-03-28	0	4.42	29	5
1989-03-29	0	3.8	28	8
1989-03-30	0	4.1	27	9
1989-03-31	2.5	5.31	27	10
1989-04-01	0	4.2	23	0
1989-04-02	11	3.8	25	0
1989-04-03	11.3	6.1	33	0
1989-04-04	0	5.19	28	0
1989-04-05	0	4.91	28	4
1989-04-06	0	5.9	28	2
1989-04-07	0	7.3	30	4
1989-04-08	0	5.79	30	7
1989-04-09	0	6.01	30	0
1989-04-10	0	7.75	28	2
1989-04-11	0	5.5	25	2
1989-04-12	0	4.55	29	6
1989-04-13	0	4.19	28	5
1989-04-14	4.5	7.08	26	4
1989-04-15	0	3.81	26	4
1989-04-16	0	4.91	27	7
1989-04-17	0	3.15	28	5
1989-04-18	0	3.95	26	2
1989-04-19	0	2.78	25	5
1989-04-20	0	3.22	24	4
1989-04-21	0	2.9	26	0
1989-04-22	0	3.1	28	2
1989-04-23	0	3.7	27	1
1989-04-24	0	5.8	30	0
1989-04-25	0	5.5	32	4
1989-04-26	0	4.93	28	0
1989-04-27	0	5.92	30	4
1989-04-28	0	6.24	29	4
1989-04-29	0	5.54	30	2
1989-04-30	0	5.92	29	5
1989-05-01	3	NULO	28	9
1989-05-02	0	NULO	28	12
1989-05-03	0	NULO	27	8
1989-05-04	0	NULO	28	9
1989-05-05	0	NULO	25	10
1989-05-06	0	NULO	25	10
1989-05-07	0	NULO	28	10
1989-05-08	0	NULO	24	7
1989-05-09	0	NULO	32	7
1989-05-10	0	NULO	30	8
1989-05-11	0	NULO	27	10
1989-05-12	0	NULO	32	10
1989-05-13	0	NULO	31	12
1989-05-14	0	NULO	31	14
1989-05-15	0	NULO	34	12
1989-05-16	0	NULO	35	10
1989-05-17	0	NULO	33	14
1989-05-18	0	NULO	33	12
1989-05-19	0	NULO	33	12
1989-05-20	0	NULO	23	8
1989-05-21	0	NULO	23	7
1989-05-22	0	NULO	24	7
1989-05-23	0	NULO	24	7
1989-05-24	0	NULO	25	7
1989-05-25	0	NULO	26	8
1989-05-26	0	NULO	26	7
1989-05-27	0	NULO	33	8
1989-05-28	0	NULO	30	12
1989-05-29	0	NULO	29	10
1989-05-30	0	NULO	28	7
1989-05-31	0	NULO	28	8
1989-06-01	0	NULO	27	12
1989-06-02	0	NULO	28	12
1989-06-03	0	NULO	28	11
1989-06-04	0	NULO	28	10
1989-06-05	0	NULO	32	10
1989-06-06	0	NULO	32	11
1989-06-07	0	NULO	34	13
1989-06-08	0	NULO	34	11
1989-06-09	0	NULO	32	15
1989-06-10	0	NULO	30	14
1989-06-11	0	NULO	30	15
1989-06-12	0	NULO	29	12
1989-06-13	0	NULO	31	13
1989-06-14	0	NULO	27	15
1989-06-15	0	NULO	25	12
1989-06-16	0	NULO	31	10
1989-06-17	0	NULO	30	7
1989-06-18	0	NULO	25	8
1989-06-19	0	NULO	24	6
1989-06-20	0	NULO	23	10
1989-06-21	10	NULO	20	10
1989-06-22	0	NULO	28	10
1989-06-23	0	NULO	28	14
1989-06-24	20	NULO	27	14
1989-06-25	19	NULO	26	13
1989-06-26	10	NULO	26	13
1989-06-27	0	NULO	25	12
1989-06-28	21	NULO	24	13
1989-06-29	6	NULO	23	11
1989-06-30	0	NULO	23	11
1989-07-01	3	NULO	25	12
1989-07-02	0.3	NULO	24	10
1989-07-03	0	NULO	27	9
1989-07-04	0	NULO	26	12
1989-07-05	0	NULO	25	13
1989-07-06	0	NULO	22	9
1989-07-07	0	NULO	24	12
1989-07-08	0	NULO	23	13
1989-07-09	0	NULO	25	12
1989-07-10	0	NULO	26	12
1989-07-11	0	NULO	22	12
1989-07-12	0	NULO	22	12
1989-07-13	0	NULO	22	12
1989-07-14	0	NULO	26	10
1989-07-15	0	NULO	28	10
1989-07-16	0	NULO	27	10
1989-07-17	0	NULO	28	9
1989-07-18	0	NULO	28	12
1989-07-19	0	NULO	27	10
1989-07-20	0	NULO	26	10
1989-07-21	0	NULO	27	7
1989-07-22	0	NULO	26	10
1989-07-23	0	NULO	25	13
1989-07-24	0	NULO	25	11
1989-07-25	0	NULO	25	12
1989-07-26	0	NULO	25	9
1989-07-27	0	NULO	27	13
1989-07-28	0	NULO	27	12
1989-07-29	0	NULO	28	11
1989-07-30	10	NULO	30	11
1989-07-31	13	NULO	28	10
1989-08-01	0	NULO	26	0
1989-08-02	0	NULO	25	13
1989-08-03	0	NULO	25	12
1989-08-04	0	NULO	24	15
1989-08-05	4	NULO	25	12
1989-08-06	13.5	NULO	26	10
1989-08-07	12	NULO	26	10
1989-08-08	0	NULO	21	10
1989-08-09	0	NULO	23	14
1989-08-10	0	NULO	24	12
1989-08-11	0	NULO	24	12
1989-08-12	0	NULO	25	13
1989-08-13	0	NULO	25	9
1989-08-14	0	NULO	26	10
1989-08-15	0	NULO	24	10
1989-08-16	0	NULO	25	12
1989-08-17	0	NULO	27	10
1989-08-18	10.9	NULO	25	10
1989-08-19	0	NULO	25	11
1989-08-20	0	NULO	27	10
1989-08-21	0	NULO	27	12
1989-08-22	0	NULO	28	12
1989-08-23	23	NULO	23	10
1989-08-24	4	NULO	23	13
1989-08-25	8	NULO	23	11
1989-08-26	0	NULO	28	13
1989-08-27	0	NULO	24	13
1989-08-28	0	NULO	27	13
1989-08-29	0	NULO	23	13
1989-08-30	0	NULO	26	15
1989-08-31	0	NULO	25	12
1989-09-01	0	NULO	26	13
1989-09-02	0	NULO	24	13
1989-09-03	0	NULO	29	14
1989-09-04	0	NULO	27	11
1989-09-05	0	NULO	27	12
1989-09-06	0	NULO	25	8
1989-09-07	0	NULO	27	9
1989-09-08	0	NULO	27	13
1989-09-09	0	NULO	26	12
1989-09-10	0	NULO	27	14
1989-09-11	0	NULO	27	12
1989-09-12	0	NULO	25	13
1989-09-13	0	NULO	24	12
1989-09-14	0	NULO	23	12
1989-09-15	0	NULO	21	12
1989-09-16	0	NULO	24	10
1989-09-17	8.5	NULO	21	12
1989-09-18	14	NULO	20	13
1989-09-19	4	NULO	20	15
1989-09-20	0	NULO	21	12
1989-09-21	10.5	NULO	26	12
1989-09-22	4	NULO	27	9
1989-09-23	0	NULO	27	11
1989-09-24	0	NULO	24	7
1989-09-25	0	NULO	23	4
1989-09-26	0	NULO	24	6
1989-09-27	0	NULO	16	7
1989-09-28	2.9	NULO	16	6
1989-09-29	0	NULO	20	9
1989-09-30	0	NULO	20	5
1989-10-01	0	NULO	25	3
1989-10-02	0	NULO	25	4
1989-10-03	0	NULO	25	8
1989-10-04	6.5	NULO	28	10
1989-10-05	0	NULO	28	14
1989-10-06	0	NULO	24	11
1989-10-07	0	NULO	22	13
1989-10-08	0	NULO	24	12
1989-10-09	0	NULO	25	12
1989-10-10	0	NULO	24	10
1989-10-11	0	NULO	23	12
1989-10-12	0	NULO	24	12
1989-10-13	0	NULO	23	9
1989-10-14	0	NULO	24	8
1989-10-15	0	NULO	25	4
1989-10-16	0	NULO	24	8
1989-10-17	0	NULO	25	9
1989-10-18	0	NULO	29	9
1989-10-19	0	NULO	20	8
1989-10-20	0	NULO	20	7
1989-10-21	0	NULO	27	8
1989-10-22	0	NULO	26	8
1989-10-23	0	NULO	25	12
1989-10-24	0	NULO	21	8
1989-10-25	0	NULO	24	4
1989-10-26	0	NULO	24	8
1989-10-27	0	NULO	24	5
1989-10-28	0	NULO	23	3
1989-10-29	0	NULO	24	4
1989-10-30	0	NULO	24	5
1989-10-31	0	NULO	28	9
1989-11-01	0	NULO	26	7
1989-11-02	0	NULO	27	4
1989-11-03	0	NULO	26	8
1989-11-04	0	NULO	30	4
1989-11-05	0	NULO	31	4
1989-11-06	0	NULO	30	5
1989-11-07	0	NULO	29	7
1989-11-08	0	NULO	28	10
1989-11-09	0	NULO	23	11
1989-11-10	0	NULO	24	10
1989-11-11	0	NULO	23	8
1989-11-12	0	NULO	23	6
1989-11-13	0	NULO	24	6
1989-11-14	0	NULO	23	8
1989-11-15	0	NULO	29	5
1989-11-16	0	NULO	28	7
1989-11-17	0	NULO	27	7
1989-11-18	0	NULO	27	9
1989-11-19	0	NULO	27	9
1989-11-20	0	NULO	28	7
1989-11-21	0	NULO	27	8
1989-11-22	0	NULO	26	9
1989-11-23	0	NULO	20	10
1989-11-24	0	NULO	25	6
1989-11-25	0	NULO	24	10
1989-11-26	0	NULO	27	7
1989-11-27	0	NULO	26	6
1989-11-28	0	NULO	27	6
1989-11-29	0	NULO	28	7
1989-11-30	0	NULO	28	8
1989-12-01	0	NULO	26	4
1989-12-02	0	NULO	24	5
1989-12-03	0	NULO	23	8
1989-12-04	0	NULO	25	7
1989-12-05	0	NULO	24	9
1989-12-06	7.5	NULO	23	8
1989-12-07	3.5	NULO	18	5
1989-12-08	5.5	NULO	17	7
1989-12-09	0	NULO	18	7
1989-12-10	0	NULO	20	8
1989-12-11	0	NULO	23	8
1989-12-12	0	NULO	26	6
1989-12-13	0	NULO	25	4
1989-12-14	0	NULO	25	5
1989-12-15	0	NULO	17	3
1989-12-16	0	NULO	24	7
1989-12-17	0	NULO	26	8
1989-12-18	0	NULO	24	9
1989-12-19	0	NULO	28	5
1989-12-20	0	NULO	27	6
1989-12-21	0	NULO	26	4
1989-12-22	0	NULO	20	2
1989-12-23	0	NULO	15	0
1989-12-24	0	NULO	7	-4
1989-12-25	0	NULO	20	-3
1989-12-26	0	NULO	8	-5
1989-12-27	0	NULO	20	-2
1989-12-28	0	NULO	24	0
1989-12-29	0	NULO	17	7
1989-12-30	0	NULO	12	5
1989-12-31	0	NULO	22	5
1990-01-01	0	NULO	17	2
1990-01-02	0	NULO	23	2
1990-01-03	0	NULO	25	4
1990-01-04	0	NULO	25	4
1990-01-05	0	NULO	24	4
1990-01-06	0	NULO	26	5
1990-01-07	0	NULO	25	7
1990-01-08	0	NULO	24	5
1990-01-09	0	NULO	24	2
1990-01-10	0	NULO	19	4
1990-01-11	0	NULO	22	7
1990-01-12	1.5	NULO	18	8
1990-01-13	0	NULO	17	4
1990-01-14	0	NULO	24	7
1990-01-15	0	NULO	24	4
1990-01-16	0	NULO	26	5
1990-01-17	0	NULO	26	4
1990-01-18	0	NULO	25	5
1990-01-19	0	NULO	26	8
1990-01-20	0	NULO	27	7
1990-01-21	0	NULO	23	7
1990-01-22	0	NULO	25	4
1990-01-23	0	NULO	22	4
1990-01-24	0	NULO	23	5
1990-01-25	0	NULO	24	6
1990-01-26	0	NULO	26	7
1990-01-27	0	NULO	26	3
1990-01-28	0	NULO	23	3
1990-01-29	0	NULO	20	4
1990-01-30	0	NULO	27	7
1990-01-31	0	NULO	26	6
1990-02-01	0	NULO	23	8
1990-02-02	0	NULO	28	4
1990-02-03	0	NULO	30	5
1990-02-04	1.7	NULO	17	7
1990-02-05	0	NULO	22	3
1990-02-06	0	NULO	26	6
1990-02-07	0	NULO	27	6
1990-02-08	4	NULO	25	6
1990-02-09	0	NULO	24	7
1990-02-10	0	NULO	25	8
1990-02-11	0	NULO	27	6
1990-02-12	0	NULO	14	4
1990-02-13	0	NULO	27	2
1990-02-14	0	NULO	27	6
1990-02-15	0	NULO	27	2
1990-02-16	15	NULO	29	5
1990-02-17	5	NULO	24	9
1990-02-18	4	NULO	24	5
1990-02-19	0	NULO	24	5
1990-02-20	3.5	NULO	24	6
1990-02-21	0	NULO	21	5
1990-02-22	0	NULO	30	5
1990-02-23	0	NULO	30	5
1990-02-24	0	NULO	23	5
1990-02-25	0	NULO	20	2
1990-02-26	0	NULO	30	6
1990-02-27	0	NULO	28	6
1990-02-28	0	NULO	20	5
1990-03-01	0	NULO	23	8
1990-03-02	0	NULO	25	7
1990-03-03	0	NULO	23	5
1990-03-04	0	NULO	23	2
1990-03-05	0	NULO	30	5
1990-03-06	0	NULO	30	6
1990-03-07	0	NULO	30	8
1990-03-08	0	NULO	29	12
1990-03-09	0	NULO	24	8
1990-03-10	0	NULO	25	8
1990-03-11	0	NULO	28	7
1990-03-12	0	NULO	28	4
1990-03-13	0	NULO	25	4
1990-03-14	0	NULO	30	5
1990-03-15	0	NULO	30	6
1990-03-16	0	NULO	28	6
1990-03-17	0	NULO	28	7
1990-03-18	0	NULO	30	7
1990-03-19	0	NULO	27	8
1990-03-20	0	NULO	30	7
1990-03-21	0	NULO	26	8
1990-03-22	0	NULO	29	8
1990-03-23	0	NULO	23	8
1990-03-24	0	NULO	23	7
1990-03-25	0	NULO	23	9
1990-03-26	0	NULO	26	8
1990-03-27	0	NULO	24	7
1990-03-28	0	NULO	27	6
1990-03-29	0	NULO	29	6
1990-03-30	0	NULO	29	9
1990-03-31	0	NULO	30	9
1990-04-01	4	NULO	31	8
1990-04-02	0	NULO	30	9
1990-04-03	0	NULO	29	10
1990-04-04	0	NULO	30	10
1990-04-05	10	NULO	31	10
1990-04-06	0	NULO	32	9
1990-04-07	0	NULO	30	9
1990-04-08	0	NULO	30	8
1990-04-09	0	NULO	32	9
1990-04-10	5	NULO	31	9
1990-04-11	3	NULO	29	8
1990-04-12	0	NULO	28	9
1990-04-13	0	NULO	27	8
1990-04-14	0	NULO	29	8
1990-04-15	0	NULO	30	9
1990-04-16	0	NULO	31	8
1990-04-17	0	NULO	30	6
1990-04-18	0	NULO	29	9
1990-04-19	0	NULO	27	9
1990-04-20	0	NULO	29	9
1990-04-21	0	NULO	28	9
1990-04-22	0	NULO	26	10
1990-04-23	0	NULO	28	9
1990-04-24	0	NULO	29	9
1990-04-25	0	NULO	29	8
1990-04-26	0	NULO	28	9
1990-04-27	0	NULO	28	10
1990-04-28	0	NULO	28	7
1990-04-29	0	NULO	33	9
1990-04-30	5.8	NULO	34	10
1990-05-01	0	NULO	33	10
1990-05-02	0	NULO	33	12
1990-05-03	0	NULO	33	11
1990-05-04	0	NULO	32	13
1990-05-05	0	NULO	26	12
1990-05-06	0	NULO	26	9
1990-05-07	0	NULO	27	10
1990-05-08	0	NULO	28	10
1990-05-09	0	NULO	27	10
1990-05-10	0	NULO	32	9
1990-05-11	2.5	NULO	22	8
1990-05-12	0	NULO	27	8
1990-05-13	0	NULO	27	9
1990-05-14	0	NULO	25	8
1990-05-15	2	NULO	26	9
1990-05-16	0	NULO	22	11
1990-05-17	0	NULO	32	11
1990-05-18	0	NULO	29	12
1990-05-19	0	NULO	32	11
1990-05-20	0	NULO	30	11
1990-05-21	0	NULO	32	15
1990-05-22	0	NULO	25	11
1990-05-23	0	NULO	27	8
1990-05-24	0	NULO	29	8
1990-05-25	0	NULO	31	7
1990-05-26	0	NULO	34	9
1990-05-27	0	NULO	36	8
1990-05-28	0	NULO	36	12
1990-05-29	0	NULO	36	11
1990-05-30	0	NULO	35	12
1990-05-31	0	NULO	36	8
1990-06-01	0	NULO	30	12
1990-06-02	0	NULO	27	10
1990-06-03	0	NULO	29	10
1990-06-04	0	NULO	30	10
1990-06-05	0	NULO	27	12
1990-06-06	0	NULO	29	12
1990-06-07	0	NULO	30	10
1990-06-08	0	NULO	30	14
1990-06-09	0	NULO	30	10
1990-06-10	0	NULO	29	14
1990-06-11	0	NULO	29	10
1990-06-12	0	NULO	30	10
1990-06-13	0	NULO	29	10
1990-06-14	0.4	NULO	27	11
1990-06-15	0	NULO	37	14
1990-06-16	0	NULO	32	10
1990-06-17	0	NULO	33	14
1990-06-18	0	NULO	32	18
1990-06-19	0	NULO	30	17
1990-06-20	52.5	NULO	28	15
1990-06-21	5.5	NULO	26	12
1990-06-22	22	NULO	24	15
1990-06-23	0	NULO	25	12
1990-06-24	0	NULO	24	12
1990-06-25	12	NULO	23	13
1990-06-26	0	NULO	22	12
1990-06-27	0	NULO	23	12
1990-06-28	0	NULO	25	12
1990-06-29	0	NULO	25	12
1990-06-30	0	NULO	24	12
1990-07-01	0	NULO	22	11
1990-07-02	35	NULO	20	12
1990-07-03	0	NULO	24	13
1990-07-04	17.5	NULO	24	15
1990-07-05	0	NULO	24	13
1990-07-06	0	NULO	25	12
1990-07-07	29	NULO	26	13
1990-07-08	0	NULO	27	13
1990-07-09	0	NULO	25	12
1990-07-10	0	NULO	22	12
1990-07-11	0	NULO	23	10
1990-07-12	0	NULO	22	10
1990-07-13	0	NULO	24	10
1990-07-14	0	NULO	26	12
1990-07-15	3.5	NULO	26	13
1990-07-16	0	NULO	26	10
1990-07-17	0	NULO	27	10
1990-07-18	0	NULO	22	10
1990-07-19	0	NULO	27	10
1990-07-20	0	NULO	26	12
1990-07-21	0	NULO	27	10
1990-07-22	0	NULO	25	10
1990-07-23	0	NULO	24	11
1990-07-24	0	NULO	25	11
1990-07-25	0	NULO	24	10
1990-07-26	0	NULO	27	10
1990-07-27	0	NULO	28	10
1990-07-28	0	NULO	28	12
1990-07-29	0	NULO	28	12
1990-07-30	0	NULO	28	12
1990-07-31	0	NULO	28	12
1990-08-01	0	NULO	25	12
1990-08-02	0	NULO	24	11
1990-08-03	3	NULO	26	12
1990-08-04	0	NULO	24	12
1990-08-05	0	NULO	25	13
1990-08-06	0	NULO	24	11
1990-08-07	0	NULO	25	11
1990-08-08	0	NULO	27	13
1990-08-09	0	NULO	27	12
1990-08-10	95	NULO	27	12
1990-08-11	0	NULO	26	12
1990-08-12	0	NULO	22	15
1990-08-13	5	NULO	25	12
1990-08-14	0	NULO	23	11
1990-08-15	0	NULO	24	11
1990-08-16	0	5.56	24	10
1990-08-17	0	4.8	25	11
1990-08-18	0	4.23	25	9
1990-08-19	0	1.84	24	8
1990-08-20	0	4.96	24	8
1990-08-21	0	4.88	24	10
1990-08-22	1	5.06	25	10
1990-08-23	0	2.47	23	12
1990-08-24	0	3.96	26	14
1990-08-25	0	3.64	27	12
1990-08-26	0	2.97	26	12
1990-08-27	0	3.92	27	8
1990-08-28	0	2.85	25	11
1990-08-29	0	2.2	28	9
1990-08-30	0	3.23	27	7
1990-08-31	0	1.13	26	11
1990-09-01	6	1.13	27	0
1990-09-02	0	0.87	27	11
1990-09-03	0	1.32	26	11
1990-09-04	0.5	2.69	18	10
1990-09-05	1.5	1.5	20	13
1990-09-06	0	3.02	22	13
1990-09-07	0	2.77	25	13
1990-09-08	0	3.02	25	12
1990-09-09	0	2.59	26	10
1990-09-10	3.5	4.03	25	10
1990-09-11	0	3.14	23	13
1990-09-12	16.5	2.63	23	12
1990-09-13	6	3.75	23	14
1990-09-14	2	5.64	25	14
1990-09-15	0	1.19	23	11
1990-09-16	0	1.2	25	8
1990-09-17	0	0.9	25	8
1990-09-18	0	0.85	24	11
1990-09-19	0	1.42	24	11
1990-09-20	0	2.04	28	10
1990-09-21	0	3.74	27	12
1990-09-22	0	5.82	25	13
1990-09-23	4.5	3.44	22	12
1990-09-24	0	0.66	22	13
1990-09-25	0	1.55	23	11
1990-09-26	0	1.4	28	11
1990-09-27	0	2.6	24	12
1990-09-28	0	6.69	28	11
1990-09-29	0	3.7	24	11
1990-09-30	0	6.32	22	7
1990-10-01	0	3.38	24	7
1990-10-02	0	4.7	29	7
1990-10-03	0	3.06	25	10
1990-10-04	0.5	6.71	28	11
1990-10-05	2	5.96	22	10
1990-10-06	0	1.53	25	12
1990-10-07	0	2.09	26	11
1990-10-08	0	1.78	26	7
1990-10-09	1	4.68	27	8
1990-10-10	0	1.15	15	10
1990-10-11	2	1.96	27	9
1990-10-12	0	1.74	26	13
1990-10-13	0	3.59	27	9
1990-10-14	0	4.1	29	11
1990-10-15	0	1.83	27	8
1990-10-16	7	3.47	25	12
1990-10-17	0	2.62	24	12
1990-10-18	1.5	3.08	22	13
1990-10-19	0	2.3	24	12
1990-10-20	0	4.69	24	11
1990-10-21	15	2.09	29	12
1990-10-22	0	0.11	25	10
1990-10-23	0	1.02	24	11
1990-10-24	0	2.58	20	8
1990-10-25	0	2.33	18	10
1990-10-26	0	0.84	15	9
1990-10-27	0	1.09	25	7
1990-10-28	0	2.04	15	4
1990-10-29	0	0.16	16	7
1990-10-30	0	1.97	24	4
1990-10-31	0	1.96	22	8
1990-11-01	0	2.69	26	4
1990-11-02	0	5.12	27	7
1990-11-03	0	2.1	21	6
1990-11-04	0	3.33	21	9
1990-11-05	0	2.46	23	10
1990-11-06	0	1.21	27	9
1990-11-07	0	4.5	28	9
1990-11-08	0	3.03	24	10
1990-11-09	0	2.27	23	9
1990-11-10	0	2.2	21	7
1990-11-11	0	2.7	18	5
1990-11-12	0	2.3	17	4
1990-11-13	0	2.09	18	0
1990-11-14	0	1.2	20	4
1990-11-15	0	2.95	21	8
1990-11-16	0	3.16	20	10
1990-11-17	1	0.8	19	11
1990-11-18	0	0.6	18	11
1990-11-19	0	0.93	23	8
1990-11-20	0	3.27	25	5
1990-11-21	11.5	2.29	29	8
1990-11-22	0	0.78	25	10
1990-11-23	0	2.55	24	11
1990-11-24	0	1.88	20	8
1990-11-25	0	2.33	18	10
1990-11-26	0	0.94	24	9
1990-11-27	0	1.23	25	5
1990-11-28	0	1.9	15	4
1990-11-29	0	0.16	16	7
1990-11-30	0	1.97	22	4
1990-12-01	0	5.92	25	5
1990-12-02	0	4.39	24	5
1990-12-03	0	3.64	25	5
1990-12-04	0	3.33	23	4
1990-12-05	0	3.73	23	6
1990-12-06	0	2.94	21	2
1990-12-07	0	0.97	18	3
1990-12-08	0	4.28	20	4
1990-12-09	0	1.8	13	4
1990-12-10	0	1.58	20	4
1990-12-11	0	1.06	25	3
1990-12-12	0	1.07	29	0
1990-12-13	0	2.61	25	0
1990-12-14	0	4.37	21	0
1990-12-15	0	4.03	23	2
1990-12-16	0	5.95	18	2
1990-12-17	0	1.35	19	0
1990-12-18	0	3.59	19	0
1990-12-19	0	4.81	21	3
1990-12-20	0	5.12	21	4
1990-12-21	0	5.28	23	6
1990-12-22	0	3.4	25	7
1990-12-23	0	5.7	29	3
1990-12-24	0	1.2	27	2
1990-12-25	0	4.1	26	6
1990-12-26	0	2.1	26	5
1990-12-27	0	4.33	25	6
1990-12-28	0	2.77	26	2
1990-12-29	0	2.28	26	4
1990-12-30	0	1.11	26	5
1990-12-31	0	3.79	24	5
1991-01-01	0	2.29	24	6
1991-01-02	0	2.18	24	3
1991-01-03	0	3.35	22	2
1991-01-04	0	3.08	22	8
1991-01-05	0	3.58	26	5
1991-01-06	0	3.99	24	5
1991-01-07	0	4.25	14	5
1991-01-08	1.5	2.14	21	6
1991-01-09	0	2.55	21	5
1991-01-10	0	2.8	24	5
1991-01-11	0	2.6	24	8
1991-01-12	0	4.45	23	7
1991-01-13	0	4.35	23	8
1991-01-14	0	2.07	19	5
1991-01-15	0	4.18	25	2
1991-01-16	0	5.5	26	1
1991-01-17	0	4.12	27	0
1991-01-18	0	2.07	28	0
1991-01-19	0	3.17	26	0
1991-01-20	0	5.03	28	0
1991-01-21	0	5	26	0
1991-01-22	0	5.2	27	1
1991-01-23	0	4.68	22	4
1991-01-24	0	4.19	23	8
1991-01-25	0	1.93	24	6
1991-01-26	0	1.63	22	7
1991-01-27	0	2.8	26	6
1991-01-28	0	4.39	22	7
1991-01-29	0	2.7	28	5
1991-01-30	0	3.9	28	4
1991-01-31	0	3.34	28	3
1991-02-01	0	2.86	27	2
1991-02-02	0	4.89	28	1
1991-02-03	0	2.99	27	2
1991-02-04	2	7.43	23	3
1991-02-05	0	1.69	27	7
1991-02-06	1	5.08	24	9
1991-02-07	0.5	1.34	18	7
1991-02-08	0	2.26	23	6
1991-02-09	0	3.68	22	6
1991-02-10	0	2.31	24	2
1991-02-11	0	1.75	22	1
1991-02-12	0	3.12	26	2
1991-02-13	0.5	4.18	28	2
1991-02-14	0	4.67	27	5
1991-02-15	0	5.95	27	7
1991-02-16	0	5.95	29	4
1991-02-17	0.5	4.67	30	4
1991-02-18	0	3.08	30	4
1991-02-19	0	3.93	30	8
1991-02-20	0	4.9	28	9
1991-02-21	0	4.7	27	9
1991-02-22	0	2.15	28	5
1991-02-23	0	4.57	25	5
1991-02-24	0	4.13	27	9
1991-02-25	0	3.59	25	5
1991-02-26	0	4.17	26	4
1991-02-27	0	3	26	4
1991-02-28	0	4.35	24	4
1991-03-01	0	3.25	30	5
1991-03-02	0	3.42	30	5
1991-03-03	0	4.55	29	5
1991-03-04	0	5.75	25	8
1991-03-05	0	5.7	30	6
1991-03-06	0	5.44	32	9
1991-03-07	0	7.11	20	5
1991-03-08	0	6.88	28	5
1991-03-09	0	4.02	30	8
1991-03-10	0	1.67	29	9
1991-03-11	0	2.45	30	8
1991-03-12	0	4.48	30	9
1991-03-13	0	6.77	30	8
1991-03-14	0	6.82	33	8
1991-03-15	0	8.58	30	7
1991-03-16	0	10.88	33	10
1991-03-17	0	7.3	29	6
1991-03-18	0	6.25	29	10
1991-03-19	0	6.89	32	6
1991-03-20	0	7.06	34	7
1991-03-21	0	7.83	34	7
1991-03-22	0	5.66	33	10
1991-03-23	0	8	34	10
1991-03-24	0	7.24	31	7
1991-03-25	0	6.81	32	11
1991-03-26	0	6.14	32	10
1991-03-27	0	7.93	30	7
1991-03-28	0	6.1	32	11
1991-03-29	0	7.97	31	13
1991-03-30	0	9.19	30	9
1991-03-31	0	6.61	30	12
1991-04-01	0	9.29	32	8
1991-04-02	0	8.89	31	7
1991-04-03	0	8.83	32	9
1991-04-04	0	8.92	33	5
1991-04-05	0	8.21	32	11
1991-04-06	0	6.5	33	8
1991-04-07	0	8.55	23	8
1991-04-08	0	4.47	30	7
1991-04-09	0	8.52	32	5
1991-04-10	0	5.44	30	9
1991-04-11	0	7.58	31	15
1991-04-12	0	9.71	33	11
1991-04-13	0	7.16	32	9
1991-04-14	0	4.87	34	11
1991-04-15	0	5.94	22	8
1991-04-16	0	4.33	32	17
1991-04-17	0	8.75	34	13
1991-04-18	0	8.55	36	9
1991-04-19	0	6.73	32	12
1991-04-20	0	3.64	34	10
1991-04-21	0	4.4	34	10
1991-04-22	0	2.23	35	10
1991-04-23	1	3.01	36	11
1991-04-24	0	3.91	36	10
1991-04-25	0	5.01	35	11
1991-04-26	0	4.96	34	10
1991-04-27	0	4.43	36	10
1991-04-28	0	4.68	32	12
1991-04-29	0	4.45	31	11
1991-04-30	0	6.75	31	14
1991-05-01	0	6.66	34	10
1991-05-02	0	0.23	31	10
1991-05-03	0	6.24	30	11
1991-05-04	0	8.67	32	11
1991-05-05	0	7.74	25	12
1991-05-06	0	8.15	26	10
1991-05-07	0	12.16	30	12
1991-05-08	0	0.5	31	9
1991-05-09	0	11.67	31	12
1991-05-10	0	7.41	32	10
1991-05-11	0	9.59	30	8
1991-05-12	0	1.31	30	9
1991-05-13	0	9.69	32	10
1991-05-14	0	7.78	31	11
1991-05-15	0	6.02	34	11
1991-05-16	0	4.18	31	10
1991-05-17	0	4.13	33	11
1991-05-18	0	3.88	32	12
1991-05-19	0	1.12	33	11
1991-05-20	0	3	34	14
1991-05-21	0	2.58	33	14
1991-05-22	0	3.89	35	12
1991-05-23	0	6.76	34	12
1991-05-24	0	5.14	34	12
1991-05-25	0	7.65	31	14
1991-05-26	7	11.45	27	14
1991-05-27	0	4.24	30	15
1991-05-28	0	3.11	31	12
1991-05-29	0	4.51	30	12
1991-05-30	0	5.56	33	11
1991-05-31	0	6.62	33	10
1991-06-01	0	6.62	29	11
1991-06-02	0	7.31	30	12
1991-06-03	0	5.13	29	11
1991-06-04	0	3.99	28	12
1991-06-05	0	3.53	27	11
1991-06-06	0	3.75	30	13
1991-06-07	0	4.81	29	12
1991-06-08	0	6.41	30	13
1991-06-09	0	5.3	30	11
1991-06-10	1.5	6.01	27	11
1991-06-11	0	4.69	25	12
1991-06-12	0	9.55	27	13
1991-06-13	0	4.89	29	13
1991-06-14	0	5.31	30	14
1991-06-15	0	4.45	29	12
1991-06-16	11	4.99	29	13
1991-06-17	16.4	3.93	29	14
1991-06-18	0	6.02	29	14
1991-06-19	0	3.69	29	14
1991-06-20	0	7.18	27	13
1991-06-21	10	7.27	28	14
1991-06-22	0	5.89	25	14
1991-06-23	0	4.6	27	13
1991-06-24	0	6.17	29	12
1991-06-25	0	1.4	24	13
1991-06-26	5	3.21	24	9
1991-06-27	0	7.29	24	13
1991-06-28	0	2.5	25	14
1991-06-29	0	5.27	27	13
1991-06-30	0	3.73	27	13
1991-07-01	4	1.9	24	12
1991-07-02	0	1.82	27	12
1991-07-03	0	4.45	27	12
1991-07-04	0	4.87	25	11
1991-07-05	0	4.82	25	12
1991-07-06	0	3.9	27	11
1991-07-07	0	3.3	26	13
1991-07-08	0	6.24	24	12
1991-07-09	0	5.8	28	11
1991-07-10	0	5.55	29	10
1991-07-11	3	5.56	27	11
1991-07-12	0	6.88	27	12
1991-07-13	1	8.75	28	10
1991-07-14	0	5.22	29	11
1991-07-15	0	4.72	28	15
1991-07-16	0	3.18	27	11
1991-07-17	2	3.38	28	12
1991-07-18	0	1.9	27	12
1991-07-19	0	4.62	26	11
1991-07-20	0	3.99	27	13
1991-07-21	0	4.94	27	12
1991-07-22	1	3.77	27	14
1991-07-23	0	4.89	26	11
1991-07-24	0	2.85	29	13
1991-07-25	0	4.39	27	15
1991-07-26	0	7.24	29	14
1991-07-27	0	2.81	28	12
1991-07-28	0	6.91	29	14
1991-07-29	0	2.95	28	13
1991-07-30	0	7.83	28	12
1991-07-31	0	2.47	28	11
1991-08-01	0	4.28	30	8
1991-08-02	0	5.3	31	11
1991-08-03	0	5.68	30	9
1991-08-04	6	6.21	31	8
1991-08-05	6	4.31	29	9
1991-08-06	10	6.86	30	9
1991-08-07	0	6.46	29	8
1991-08-08	10	4.05	30	9
1991-08-09	0	6.42	29	8
1991-08-10	0	4.67	30	9
1991-08-11	8	6.52	29	10
1991-08-12	0	4.19	31	11
1991-08-13	0	5.83	29	9
1991-08-14	2	7.89	29	9
1991-08-15	5	3.84	30	8
1991-08-16	8	7.54	29	9
1991-08-17	5	2.44	31	11
1991-08-18	10	6.74	31	8
1991-08-19	0	6.3	30	11
1991-08-20	0	5.25	28	8
1991-08-21	4	3.24	29	9
1991-08-22	0	5.73	27	12
1991-08-23	0	5.14	27	11
1991-08-24	0	5.94	29	11
1991-08-25	0	5.39	28	12
1991-08-26	0	5.88	27	10
1991-08-27	0	8.04	30	11
1991-08-28	0	6.16	27	11
1991-08-29	0	7.06	30	12
1991-08-30	0	4.66	30	10
1991-08-31	0	6.89	31	12
1991-09-01	0	6.31	29	10
1991-09-02	0	5.11	29	10
1991-09-03	0	5.02	30	12
1991-09-04	0	3.83	29	15
1991-09-05	0	4.71	29	11
1991-09-06	0	5.24	30	10
1991-09-07	0	5.02	29	11
1991-09-08	0	6.41	27	9
1991-09-09	0	8.62	23	8
1991-09-10	0	5.08	26	8
1991-09-11	5	2.82	26	9
1991-09-12	0	5.46	27	9
1991-09-13	6	2.4	25	8
1991-09-14	1	2.09	24	8
1991-09-15	1	1.92	27	8
1991-09-16	6	1.09	26	9
1991-09-17	9.2	2.36	24	13
1991-09-18	0	3.84	25	10
1991-09-19	0	5.09	25	13
1991-09-20	0	3.74	26	12
1991-09-21	0	2.18	23	12
1991-09-22	4	1.26	22	11
1991-09-23	0	2.82	27	12
1991-09-24	2.8	1.71	26	10
1991-09-25	0	2.98	22	12
1991-09-26	0	2.22	22	8
1991-09-27	10	3.87	27	11
1991-09-28	0	3.02	28	11
1991-09-29	0	2.15	20	8
1991-09-30	0	3.95	17	11
1991-10-01	0	4.1	21	11
1991-10-02	6.5	3.54	25	10
1991-10-03	4.5	2.6	25	13
1991-10-04	13	2.08	26	12
1991-10-05	13	3.03	17	13
1991-10-06	8	1.5	26	10
1991-10-07	1.8	2.78	21	10
1991-10-08	1.5	2.2	19	11
1991-10-09	1	1.28	18	9
1991-10-10	0	2.96	20	8
1991-10-11	0	3.11	22	4
1991-10-12	0	3.52	23	4
1991-10-13	0	1.73	24	3
1991-10-14	0	2.95	26	3
1991-10-15	0	5.18	22	5
1991-10-16	0	2.83	21	4
1991-10-17	0	4.12	22	5
1991-10-18	1	3.47	23	9
1991-10-19	0	4.33	22	11
1991-10-20	0	3.94	22	11
1991-10-21	1	3.08	28	11
1991-10-22	0	3.08	25	10
1991-10-23	0	4.21	26	8
1991-10-24	0	2.29	23	7
1991-10-25	0	5.72	22	9
1991-10-26	0	3.98	27	7
1991-10-27	10	1.6	29	8
1991-10-28	11.5	4.4	22	6
1991-10-29	0	2.81	27	7
1991-10-30	0	4.97	27	9
1991-10-31	0	2.82	27	7
1991-11-01	0	4.17	25	7
1991-11-02	0	5.94	26	8
1991-11-03	0	3.06	26	8
1991-11-04	0	5.06	17	8
1991-11-05	0	3.27	17	9
1991-11-06	0	3.51	24	10
1991-11-07	0	4.1	14	10
1991-11-08	0	3.78	14	7
1991-11-09	0	4.64	17	8
1991-11-10	0	6.27	25	4
1991-11-11	0	5.91	23	1
1991-11-12	0	6.1	24	5
1991-11-13	0	5.92	23	5
1991-11-14	0	6.36	27	4
1991-11-15	0	5.83	23	4
1991-11-16	0	4.83	20	4
1991-11-17	0	4.78	20	4
1991-11-18	1.5	3	18	11
1991-11-19	4	2.62	22	7
1991-11-20	1.5	1.39	25	5
1991-11-21	1	1.19	15	6
1991-11-22	0	1.89	12	2
1991-11-23	0	2	10	1
1991-11-24	0	1.8	9	5
1991-11-25	0	2.8	21	1
1991-11-26	0	4.05	21	1
1991-11-27	0	4.35	22	2
1991-11-28	0	5.54	23	3
1991-11-29	0	5.93	25	5
1991-11-30	0	6.07	27	4
1991-12-01	0	3.22	26	4
1991-12-02	0	4.51	27	4
1991-12-03	0	3.33	27	4
1991-12-04	0	4.39	12	3
1991-12-05	0	0.74	22	5
1991-12-06	0	2.12	23	3
1991-12-07	0	2.81	24	4
1991-12-08	0	1.19	19	6
1991-12-09	0	3.61	21	5
1991-12-10	0	2.32	22	9
1991-12-11	0	3.07	25	5
1991-12-12	0	3.06	25	5
1991-12-13	0	3.15	22	10
1991-12-14	0	3.15	21	10
1991-12-15	1.5	3.67	19	10
1991-12-16	4.5	2.89	15	8
1991-12-17	0	3.5	22	7
1991-12-18	0.5	4.24	18	5
1991-12-19	0	2.2	20	4
1991-12-20	0	2.8	24	7
1991-12-21	6	3.9	22	7
1991-12-22	0	3.09	19	8
1991-12-23	0	2.38	18	5
1991-12-24	7	2	19	5
1991-12-25	0	1.22	18	5
1991-12-26	0	1.41	20	6
1991-12-27	0	2.45	20	9
1991-12-28	0	4.75	21	5
1991-12-29	0	2.53	22	6
1991-12-30	0	2.52	22	4
1991-12-31	0	3.96	23	5
1992-01-01	0	3.2	20	5
1992-01-02	0	1.93	21	5
1992-01-03	0	3.97	25	6
1992-01-04	0	2.3	26	7
1992-01-05	0	3.63	25	6
1992-01-06	1	0.23	20	5
1992-01-07	0	2.21	20	7
1992-01-08	0	2.18	20	7
1992-01-09	0	2.98	20	6
1992-01-10	0	0.37	20	8
1992-01-11	0	3.76	24	8
1992-01-12	0	0.99	21	8
1992-01-13	0	0.8	25	7
1992-01-14	0	5.75	25	5
1992-01-15	0	3.6	24	3
1992-01-16	0	2.2	23	3
1992-01-17	0	4.78	20	5
1992-01-18	0.5	2.6	23	4
1992-01-19	0	2.5	26	3
1992-01-20	0	3.5	25	1
1992-01-21	0	2.92	20	5
1992-01-22	0	4.72	20	6
1992-01-23	0	2.55	21	7
1992-01-24	0	3.54	22	9
1992-01-25	0	4.93	22	8
1992-01-26	0	1.34	21	5
1992-01-27	0	4.72	19	7
1992-01-28	0.5	3.18	20	10
1992-01-29	0	2.23	16	6
1992-01-30	0	1.99	13	5
1992-01-31	0	1.31	13	6
1992-02-01	0	3.31	17	7
1992-02-02	11.5	1.37	18	3
1992-02-03	3.5	2.49	20	7
1992-02-04	0	4.55	22	3
1992-02-05	0	3.69	22	3
1992-02-06	0	1.74	21	0
1992-02-07	0	2.92	20	0
1992-02-08	0	2.54	21	0
1992-02-09	0	4.05	22	2
1992-02-10	0	1.74	23	2
1992-02-11	0	4.65	20	3
1992-02-12	0	3.37	27	4
1992-02-13	0	5.45	27	4
1992-02-14	0	3.36	27	6
1992-02-15	0	4.5	28	5
1992-02-16	0	2.11	27	3
1992-02-17	0	4.03	30	7
1992-02-18	0	4.96	30	5
1992-02-19	0	3.22	22	8
1992-02-20	8.5	3.39	21	8
1992-02-21	0	4.99	22	10
1992-02-22	0	5.32	23	8
1992-02-23	0	2.69	21	8
1992-02-24	9	0.9	24	8
1992-02-25	0	6.31	25	6
1992-02-26	0	5	25	4
1992-02-27	0	5.1	24	5
1992-02-28	0	3.63	23	5
1992-02-29	0	2.73	23	3
1992-03-01	0	3.42	27	3
1992-03-02	0	3.01	27	10
1992-03-03	0	3.45	28	6
1992-03-04	0	6.85	27	8
1992-03-05	0	5.62	23	9
1992-03-06	0	6	26	8
1992-03-07	0	6.07	28	9
1992-03-08	0	5.97	29	9
1992-03-09	0	6.04	27	8
1992-03-10	0	4.29	26	5
1992-03-11	0	2.12	27	13
1992-03-12	0	4.49	26	9
1992-03-13	0	0.7	26	7
1992-03-14	0	2.1	26	8
1992-03-15	0	1	27	8
1992-03-16	0	1.92	27	4
1992-03-17	0	1.96	30	7
1992-03-18	0	3.59	32	5
1992-03-19	0	6.83	28	4
1992-03-20	0	6.3	28	8
1992-03-21	0	5.28	33	8
1992-03-22	0	2.32	33	10
1992-03-23	0	2.34	28	10
1992-03-24	0	2.46	32	8
1992-03-25	0	4.92	30	9
1992-03-26	0	3.36	30	8
1992-03-27	0	4.71	30	8
1992-03-28	0	2.93	27	8
1992-03-29	0	4.1	27	9
1992-03-30	0	3.36	30	10
1992-03-31	0	4.54	30	10
1992-04-01	0	2.79	28	10
1992-04-02	0	2.68	27	10
1992-04-03	1.5	0.61	20	10
1992-04-04	3.5	4.75	22	10
1992-04-05	0	2.25	22	10
1992-04-06	0	4.45	27	8
1992-04-07	0	1.23	28	8
1992-04-08	1.5	3.5	30	8
1992-04-09	2.5	2.9	30	7
1992-04-10	0	3.2	30	7
1992-04-11	3.5	3.7	31	10
1992-04-12	0	1.87	28	10
1992-04-13	0	2.1	21	10
1992-04-14	0	6.02	28	8
1992-04-15	0	3.24	20	9
1992-04-16	0	3.97	31	10
1992-04-17	0.5	2.24	28	8
1992-04-18	0	5.6	29	9
1992-04-19	0	4.02	30	8
1992-04-20	0	3.92	29	10
1992-04-21	0	5.48	30	8
1992-04-22	0	3.01	33	9
1992-04-23	0	1.45	28	11
1992-04-24	0	2.78	28	14
1992-04-25	0	1.39	28	14
1992-04-26	0	1.63	26	12
1992-04-27	0	1.85	25	10
1992-04-28	0	3.94	25	8
1992-04-29	0	3.93	25	7
1992-04-30	0	4.36	27	5
1992-05-01	0	3.4	30	10
1992-05-02	0	4.73	28	10
1992-05-03	0	4.39	28	10
1992-05-04	0	5.06	30	10
1992-05-05	0	3.19	29	13
1992-05-06	0	4.57	28	11
1992-05-07	0	3.77	22	12
1992-05-08	0	4.76	30	10
1992-05-09	23.5	4.04	27	10
1992-05-10	0	4.64	25	10
1992-05-11	0	3.23	27	10
1992-05-12	1	4.41	29	12
1992-05-13	2	3.88	34	11
1992-05-14	0	3.78	29	15
1992-05-15	0	4.59	29	11
1992-05-16	12.5	1.33	29	11
1992-05-17	0	2.31	21	10
1992-05-18	0	3.03	23	13
1992-05-19	0	2.31	27	12
1992-05-20	1	1.39	27	12
1992-05-21	0	2.53	26	10
1992-05-22	0	2.87	27	10
1992-05-23	0	2.94	29	11
1992-05-24	0	2.38	27	12
1992-05-25	9.5	0.83	29	10
1992-05-26	0	2.08	28	10
1992-05-27	4	2.53	28	12
1992-05-28	0	2.84	29	11
1992-05-29	0	3.26	32	12
1992-05-30	0	3.99	31	15
1992-05-31	3.5	1.84	31	15
1992-06-01	0	1.1	27	13
1992-06-02	0	1.23	32	10
1992-06-03	0	2.49	24	13
1992-06-04	0	4.01	28	13
1992-06-05	8	2.27	28	13
1992-06-06	0	4.86	30	14
1992-06-07	16.5	3.93	28	13
1992-06-08	0	4.22	27	9
1992-06-09	0	4.18	28	12
1992-06-10	0	5.24	33	12
1992-06-11	4.5	2.45	26	13
1992-06-12	0	3.62	27	12
1992-06-13	0	3.9	29	10
1992-06-14	0	4.53	29	9
1992-06-15	0	4.19	27	10
1992-06-16	0	4.01	28	11
1992-06-17	0	3.88	27	11
1992-06-18	0	3.74	22	10
1992-06-19	0	3.99	27	13
1992-06-20	0	3.87	27	9
1992-06-21	0	4.1	27	11
1992-06-22	0	4.35	25	10
1992-06-23	0	6.73	20	7
1992-06-24	0	6.5	25	7
1992-06-25	0	5.59	22	6
1992-06-26	0	6.74	28	8
1992-06-27	0	6.6	25	10
1992-06-28	0	6.68	32	10
1992-06-29	0	7.19	33	12
1992-06-30	4.3	6.89	33	12
1992-07-01	1.4	6.15	32	12
1992-07-02	0	5.43	28	12
1992-07-03	1	6.32	27	13
1992-07-04	0	6.8	26	9
1992-07-05	0	2.59	27	10
1992-07-06	0	3.76	28	8
1992-07-07	0	5.99	25	11
1992-07-08	0	3.41	27	12
1992-07-09	0	5.4	25	11
1992-07-10	0	6.6	27	9
1992-07-11	0	6.77	28	11
1992-07-12	1.2	3.47	26	11
1992-07-13	0	4.16	20	12
1992-07-14	5	2.7	27	12
1992-07-15	0	3.11	25	13
1992-07-16	0	2.18	26	13
1992-07-17	4.5	6.61	27	12
1992-07-18	0	3.58	27	11
1992-07-19	7	1.6	29	8
1992-07-20	14.5	3.44	27	12
1992-07-21	0	4.37	26	13
1992-07-22	25	2.46	27	10
1992-07-23	0	5.04	26	11
1992-07-24	2	5.25	28	13
1992-07-25	0	5.43	25	13
1992-07-26	0	6.03	25	11
1992-07-27	0	4.06	25	12
1992-07-28	7	2.11	26	13
1992-07-29	12	4.72	27	12
1992-07-30	0	2.21	26	12
1992-07-31	5.5	2	25	9
1992-08-01	0	3.52	24	12
1992-08-02	0	4.68	25	12
1992-08-03	0	4.16	25	12
1992-08-04	0	4.23	26	12
1992-08-05	0	4.95	27	11
1992-08-06	0	5.01	25	11
1992-08-07	21	5.27	26	12
1992-08-08	0	4.47	20	10
1992-08-09	0.5	1.11	22	10
1992-08-10	0	0.88	27	12
1992-08-11	0	5.33	26	12
1992-08-12	0	5.1	27	11
1992-08-13	0	5.15	26	12
1992-08-14	4.5	5.52	24	12
1992-08-15	2	4.3	23	10
1992-08-16	1.5	3.33	23	12
1992-08-17	0	4.61	25	12
1992-08-18	0	4.13	24	12
1992-08-19	0	5.19	26	11
1992-08-20	0	4.49	28	11
1992-08-21	0	4.64	28	12
1992-08-22	0	6.49	27	11
1992-08-23	6	3.28	27	10
1992-08-24	0	3.59	24	10
1992-08-25	0	4.41	29	10
1992-08-26	0	4.8	28	12
1992-08-27	0	6.46	28	10
1992-08-28	0	6.55	21	12
1992-08-29	0	6.12	29	10
1992-08-30	0	6.15	29	9
1992-08-31	0	3.27	28	12
1992-09-01	0	6.17	27	11
1992-09-02	0	6.05	27	12
1992-09-03	0	6.7	28	10
1992-09-04	0	5.54	27	12
1992-09-05	8	2.23	28	10
1992-09-06	0	6.37	26	11
1992-09-07	3.3	3.82	20	9
1992-09-08	0	4.61	24	10
1992-09-09	1	5.33	26	11
1992-09-10	0	6.36	27	10
1992-09-11	0.5	5.35	22	11
1992-09-12	0.5	3.58	27	8
1992-09-13	0	3.75	22	11
1992-09-14	0	4.54	24	7
1992-09-15	0.5	4.26	22	8
1992-09-16	2.5	1.44	25	7
1992-09-17	0	4.33	28	13
1992-09-18	0	4.81	27	12
1992-09-19	0	4	28	11
1992-09-20	0	3.55	29	12
1992-09-21	0	6.03	29	9
1992-09-22	2.5	2.1	27	10
1992-09-23	1	1.24	20	12
1992-09-24	0	1.08	21	10
1992-09-25	4	0.48	29	11
1992-09-26	7.5	2.54	22	13
1992-09-27	3	1.28	22	10
1992-09-28	3.8	0.79	22	12
1992-09-29	1	0.91	15	10
1992-09-30	0	4.41	18	6
1992-10-01	0	3.71	21	2
1992-10-02	0	3.18	22	0
1992-10-03	0	4.46	25	4
1992-10-04	5.3	2.5	25	8
1992-10-05	0	5.76	25	10
1992-10-06	0	4.3	24	10
1992-10-07	3.8	1.8	24	11
1992-10-08	2	3.16	21	12
1992-10-09	0	2.71	26	13
1992-10-10	0	5.43	27	10
1992-10-11	1	1.39	27	13
1992-10-12	4	0.39	19	14
1992-10-13	0	2.72	22	10
1992-10-14	0	3.48	25	9
1992-10-15	0	4.02	28	10
1992-10-16	0	3.1	27	10
1992-10-17	0	4.51	25	13
1992-10-18	0	1.59	24	12
1992-10-19	5	4.19	20	11
1992-10-20	0	3.72	27	8
1992-10-21	0	1.93	26	8
1992-10-22	0	1.42	27	7
1992-10-23	9.5	1.37	23	7
1992-10-24	0	2.31	20	9
1992-10-25	0	3.55	22	8
1992-10-26	0	3.45	25	4
1992-10-27	0	4.67	27	3
1992-10-28	0	4.05	26	4
1992-10-29	1	5.17	27	5
1992-10-30	14	5.18	26	9
1992-10-31	0	5.5	22	8
1992-11-01	0	5.63	27	9
1992-11-02	0	5.71	27	10
1992-11-03	0	5.68	26	11
1992-11-04	0.5	4.29	26	11
1992-11-05	2.8	3.17	20	10
1992-11-06	0	4.81	22	8
1992-11-07	0	4.36	22	9
1992-11-08	0	4.35	19	9
1992-11-09	0	3.11	19	10
1992-11-10	0	3.19	24	9
1992-11-11	0	3.62	23	10
1992-11-12	9.6	2.22	25	10
1992-11-13	1.2	3.24	25	9
1992-11-14	0	2.95	20	9
1992-11-15	0	2.19	20	8
1992-11-16	0	2.66	21	9
1992-11-17	0	2.81	23	10
1992-11-18	0	2.55	23	8
1992-11-19	0	2.54	19	10
1992-11-20	0	2.4	19	8
1992-11-21	0	3.5	25	8
1992-11-22	0	3.55	26	10
1992-11-23	10.8	1.67	24	10
1992-11-24	3.2	0.56	24	11
1992-11-25	0	3.78	27	9
1992-11-26	0	3.75	22	10
1992-11-27	0	4.22	22	11
1992-11-28	0	4.15	22	10
1992-11-29	6.2	4.69	20	8
1992-11-30	0	4.63	19	10
1992-12-01	0	2.77	20	12
1992-12-02	0.5	2.42	25	9
1992-12-03	0	2.92	23	9
1992-12-04	0	3.65	24	10
1992-12-05	0	4.83	26	11
1992-12-06	0	3.96	22	11
1992-12-07	0	4.54	25	10
1992-12-08	0	5.07	27	11
1992-12-09	0	5.25	27	8
1992-12-10	0	4.98	22	4
1992-12-11	0	5.05	26	4
1992-12-12	0	5.61	27	8
1992-12-13	0	4.92	23	5
1992-12-14	0	4.35	26	7
1992-12-15	0	1.63	24	9
1992-12-16	0.5	1.28	22	12
1992-12-17	0	3.93	25	8
1992-12-18	0	1.89	27	11
1992-12-19	0	3.08	26	9
1992-12-20	0	3.85	25	8
1992-12-21	0	4.36	25	9
1992-12-22	0	3.91	22	10
1992-12-23	0	2	19	10
1992-12-24	2	3.56	20	10
1992-12-25	0	5.56	24	10
1992-12-26	0	3.51	22	6
1992-12-27	0	4.57	22	6
1992-12-28	0	3.08	24	7
1992-12-29	0	3.09	22	5
1992-12-30	0	4.38	24	4
1992-12-31	3.2	3.72	22	2
1993-01-01	0	3.25	20	5
1993-01-02	0	1.93	21	5
1993-01-03	0	3.97	25	6
1993-01-04	0	2.3	26	7
1993-01-05	0	3.63	25	6
1993-01-06	1	0.23	20	5
1993-01-07	0	2.21	20	7
1993-01-08	0	2.18	20	7
1993-01-09	0	2.98	20	6
1993-01-10	0	0.37	20	8
1993-01-11	0	3.76	24	8
1993-01-12	0	0.99	21	8
1993-01-13	0	0.8	25	7
1993-01-14	0	5.75	25	5
1993-01-15	0	3.6	24	3
1993-01-16	0	2.2	23	3
1993-01-17	0	4.78	20	5
1993-01-18	0.5	2.6	23	4
1993-01-19	0	2.5	26	3
1993-01-20	0	3.5	25	1
1993-01-21	0	2.92	20	5
1993-01-22	0	4.72	20	6
1993-01-23	0	2.55	21	7
1993-01-24	0	3.54	22	9
1993-01-25	0	4.93	22	8
1993-01-26	0	1.34	21	5
1993-01-27	0	4.72	21	7
1993-01-28	0.5	3.18	21	10
1993-01-29	0	2.23	16	6
1993-01-30	0	1.99	13	5
1993-01-31	2	1.31	13	6
1993-02-01	0	3.35	26	13
1993-02-02	3	4.58	24	10
1993-02-03	0	0.91	24	13
1993-02-04	0	3.83	24	12
1993-02-05	0	3.83	25	10
1993-02-06	0	3	26	10
1993-02-07	0.5	3.34	26	12
1993-02-08	0	3.54	25	10
1993-02-09	0	5.25	25	10
1993-02-10	0	3.17	26	11
1993-02-11	0	3.03	28	3
1993-02-12	0	10.76	26	2
1993-02-13	0	3.41	27	2
1993-02-14	0	3.43	30	4
1993-02-15	0	6.67	31	5
1993-02-16	0	4.73	31	4
1993-02-17	0	5.99	22	12
1993-02-18	0	6.09	32	9
1993-02-19	0	10.44	31	5
1993-02-20	0	4.09	30	7
1993-02-21	0	4.4	23	5
1993-02-22	0	4.24	32	5
1993-02-23	0	6.13	30	6
1993-02-24	0	5.37	31	6
1993-02-25	0	3.8	31	6
1993-02-26	0	3.42	24	7
1993-02-27	0	3.52	27	7
1993-02-28	0	7.02	30	9
1993-03-01	0	5.6	29	7
1993-03-02	0	5.7	29	7
1993-03-03	0	6.64	25	11
1993-03-04	0	8.87	30	7
1993-03-05	0	5.28	33	7
1993-03-06	0	5.02	19	7
1993-03-07	3.1	4.28	19	6
1993-03-08	4.5	4.03	19	6
1993-03-09	0	2.62	26	7
1993-03-10	0	4.02	28	7
1993-03-11	0	5.35	28	4
1993-03-12	0	2.12	29	4
1993-03-13	0	4.4	23	4
1993-03-14	0	3.98	24	4
1993-03-15	0	5.84	32	4
1993-03-16	0	7.48	30	4
1993-03-17	0	5.84	31	4
1993-03-18	0	6.85	31	5
1993-03-19	0	2.43	31	4
1993-03-20	0	4.89	23	5
1993-03-21	0	2.58	24	5
1993-03-22	0	2.73	27	4
1993-03-23	0	5.48	26	6
1993-03-24	0	3.89	28	7
1993-03-25	0	8.63	30	6
1993-03-26	0	3.37	32	7
1993-03-27	0.8	4.42	32	7
1993-03-28	0	5.38	33	7
1993-03-29	0	9.06	33	5
1993-03-30	0	7.62	31	7
1993-03-31	0	5.6	30	7
1993-04-01	0	6.69	29	6
1993-04-02	0	4.09	31	6
1993-04-03	0	6.75	27	9
1993-04-04	0	4.62	30	6
1993-04-05	0	6.55	30	10
1993-04-06	0	5.75	32	7
1993-04-07	0	6.84	31	9
1993-04-08	0	3.09	13	8
1993-04-09	0	7.26	22	9
1993-04-10	0	4.77	33	6
1993-04-11	0	4.13	32	7
1993-04-12	0	4.15	33	9
1993-04-13	0	3.61	31	7
1993-04-14	0	3.11	32	8
1993-04-15	0	5.33	32	7
1993-04-16	0	3.66	31	7
1993-04-17	0	6.97	22	8
1993-04-18	0	7.57	23	7
1993-04-19	0	5.98	22	12
1993-04-20	0	3.19	32	11
1993-04-21	0	7.14	22	12
1993-04-22	0	4.26	22	10
1993-04-23	0	1.46	22	6
1993-04-24	0	3.34	30	10
1993-04-25	0	4.26	31	8
1993-04-26	0	3.24	24	7
1993-04-27	0	3.6	32	10
1993-04-28	0	4.54	32	11
1993-04-29	0	2.61	33	11
1993-04-30	0	2.85	29	12
1993-05-01	0	6.05	30	10
1993-05-02	0.5	3.9	30	10
1993-05-03	2.5	4.02	32	10
1993-05-04	1.6	5.95	32	8
1993-05-05	0	6.82	34	8
1993-05-06	0	7.03	34	10
1993-05-07	0	5.65	32	10
1993-05-08	0	6.28	32	10
1993-05-09	0	6.97	32	11
1993-05-10	0	8.8	22	7
1993-05-11	0	5.22	24	8
1993-05-12	0	2.93	29	6
1993-05-13	0	4.3	28	10
1993-05-14	0	5.27	29	15
1993-05-15	0	5.75	28	14
1993-05-16	0	10.65	32	14
1993-05-17	0	1.28	34	17
1993-05-18	0	7.8	34	11
1993-05-19	0	5.96	32	11
1993-05-20	0	8.96	34	10
1993-05-21	2.5	5.98	34	10
1993-05-22	0	10.2	32	11
1993-05-23	0	7.8	32	10
1993-05-24	0	8.09	30	10
1993-05-25	1.5	7.11	31	10
1993-05-26	1.5	6.54	24	10
1993-05-27	0	5	26	10
1993-05-28	0	4.74	27	10
1993-05-29	0.8	4.6	28	9
1993-05-30	0	7.55	30	8
1993-05-31	0	6.6	29	8
1993-06-01	0	5.76	30	7
1993-06-02	0	5.94	31	6
1993-06-03	0	3.93	34	7
1993-06-04	0	6.93	35	8
1993-06-05	0	9.37	30	12
1993-06-06	0	7.7	29	12
1993-06-07	0	10.03	32	14
1993-06-08	0	11.04	28	14
1993-06-09	0	6.04	26	14
1993-06-10	0	5.05	24	14
1993-06-11	0	2.01	27	12
1993-06-12	1.5	2.57	26	13
1993-06-13	1.5	3	27	13
1993-06-14	0.3	2.7	24	13
1993-06-15	0	NULO	26	13
1993-06-16	0	NULO	26	13
1993-06-17	0	NULO	28	13
1993-06-18	0	3.06	28	13
1993-06-19	0	6.84	28	15
1993-06-20	0	3.86	25	15
1993-06-21	11.5	6.6	23	14
1993-06-22	20	3.5	23	12
1993-06-23	26	NULO	24	12
1993-06-24	0	NULO	24	15
1993-06-25	12	NULO	25	5
1993-06-26	9.5	NULO	25	9
1993-06-27	0	NULO	24	10
1993-06-28	1.5	NULO	20	14
1993-06-29	4.5	NULO	23	15
1993-06-30	0	NULO	23	15
1993-07-01	0	1.25	23	14
1993-07-02	2.5	5.63	24	14
1993-07-03	1	0.95	24	14
1993-07-04	0	1.65	24	14
1993-07-05	2.5	0.27	23	13
1993-07-06	7.4	2.23	19	14
1993-07-07	5.5	6.65	20	8
1993-07-08	0	0.6	19	13
1993-07-09	6.3	0.98	22	13
1993-07-10	6.3	6.74	22	13
1993-07-11	0	3.34	24	13
1993-07-12	0	9.9	25	12
1993-07-13	0	5.31	26	12
1993-07-14	0	6.88	25	13
1993-07-15	0	3.38	26	12
1993-07-16	1.5	5.42	26	14
1993-07-17	0	6.36	27	12
1993-07-18	1.6	4.58	26	12
1993-07-19	0	6.22	26	12
1993-07-20	8	3.45	26	12
1993-07-21	0	7.45	26	11
1993-07-22	6.3	4.07	26	11
1993-07-23	0	7.79	26	13
1993-07-24	0	6.4	27	12
1993-07-25	0	4.05	27	10
1993-07-26	0	4.27	27	10
1993-07-27	3.5	4.99	26	11
1993-07-28	0	4.49	25	11
1993-07-29	0	4.02	24	11
1993-07-30	0	3.35	24	10
1993-07-31	0	4.78	24	10
1993-08-01	12	2.57	22	13
1993-08-02	0	3.87	25	11
1993-08-03	0	4.83	24	10
1993-08-04	0	2.42	27	10
1993-08-05	0	5.39	26	10
1993-08-06	0	3.61	27	10
1993-08-07	0	4.01	26	11
1993-08-08	0	7.27	26	12
1993-08-09	0	4.74	27	14
1993-08-10	1.5	5.59	25	14
1993-08-11	0	3.94	25	14
1993-08-12	0	5.87	25	14
1993-08-13	1.5	6.44	26	10
1993-08-14	0	4.56	26	9
1993-08-15	0	6.58	26	13
1993-08-16	0	4.05	25	14
1993-08-17	5.4	4.37	24	12
1993-08-18	0	4.91	24	13
1993-08-19	0	6.32	24	12
1993-08-20	0	5	24	12
1993-08-21	2	5.05	24	12
1993-08-22	0	2.8	28	13
1993-08-23	8	4.73	24	13
1993-08-24	11.6	2.22	28	11
1993-08-25	0	7.5	27	12
1993-08-26	0	4.02	29	11
1993-08-27	0	6.05	26	11
1993-08-28	0	2.83	26	12
1993-08-29	0	4.41	23	11
1993-08-30	0	4.03	25	11
1993-08-31	0	4.21	25	14
1993-09-01	0	3.41	24	10
1993-09-02	0	5.02	24	11
1993-09-03	0	5.57	25	10
1993-09-04	0	6.09	20	12
1993-09-05	0	4.43	26	11
1993-09-06	0	4.81	26	11
1993-09-07	0	5.64	26	12
1993-09-08	0	4.58	23	11
1993-09-09	0	4.24	24	13
1993-09-10	13.5	4.41	23	14
1993-09-11	0	4.37	24	14
1993-09-12	4	1.88	27	13
1993-09-13	0	3.25	28	12
1993-09-14	0	3.7	26	14
1993-09-15	0	3.2	21	12
1993-09-16	0	2.8	25	12
1993-09-17	0	2.09	24	10
1993-09-18	0	1.91	24	10
1993-09-19	8.5	2.88	24	11
1993-09-20	0	3.94	17	12
1993-09-21	6.7	4.75	18	10
1993-09-22	0	5.5	22	12
1993-09-23	0	2.23	20	14
1993-09-24	0	2.03	21	12
1993-09-25	11.5	4.42	24	11
1993-09-26	0	1.83	26	12
1993-09-27	5	2.9	18	13
1993-09-28	0	3.45	16	10
1993-09-29	3.5	4.52	12	7
1993-09-30	2.5	4.17	12	10
1993-10-01	12	2.92	22	13
1993-10-02	0	5.16	25	11
1993-10-03	0	3.1	24	10
1993-10-04	0	3.9	19	12
1993-10-05	0	5.6	20	10
1993-10-06	0	5.5	26	6
1993-10-07	0	4	24	7
1993-10-08	0	4.09	24	8
1993-10-09	0	1.56	23	11
1993-10-10	0	4.35	27	10
1993-10-11	0	4.43	28	9
1993-10-12	0	5.11	27	8
1993-10-13	0	5.39	28	7
1993-10-14	0	4.01	24	6
1993-10-15	0	3.58	28	7
1993-10-16	0	4.94	24	9
1993-10-17	0	4.54	29	8
1993-10-18	0	3.5	24	6
1993-10-19	0	5.41	26	7
1993-10-20	0	4.19	28	11
1993-10-21	0	2.17	27	7
1993-10-22	0	4.46	28	7
1993-10-23	0	4.27	24	6
1993-10-24	0	3.06	25	7
1993-10-25	0	3.47	26	9
1993-10-26	0	2.89	26	9
1993-10-27	0	2.89	25	12
1993-10-28	0	1.7	25	9
1993-10-29	0	0.53	23	9
1993-10-30	0	4.23	24	12
1993-10-31	0	4.19	25	11
1993-11-01	0	5.63	27	10
1993-11-02	0	5.71	27	10
1993-11-03	0	5.68	26	11
1993-11-04	0.5	4.29	26	11
1993-11-05	2.8	3.17	22	10
1993-11-06	0	4.81	22	8
1993-11-07	0	4.36	22	9
1993-11-08	0	4.35	19	9
1993-11-09	0	3.11	19	10
1993-11-10	0	3.19	24	9
1993-11-11	0	3.62	23	10
1993-11-12	9.6	2.22	25	10
1993-11-13	1.2	3.24	25	9
1993-11-14	0	2.95	20	9
1993-11-15	0	2.19	20	8
1993-11-16	0	2.66	21	9
1993-11-17	0	2.81	23	10
1993-11-18	0	2.55	23	8
1993-11-19	0	2.54	19	10
1993-11-20	0	2.4	19	8
1993-11-21	0	3.5	25	8
1993-11-22	0	3.55	26	10
1993-11-23	10.8	1.67	24	10
1993-11-24	3.2	0.56	24	11
1993-11-25	0	3.78	27	7
1993-11-26	0	3.75	22	10
1993-11-27	0	4.22	22	11
1993-11-28	0	4.15	22	10
1993-11-29	5.2	4.69	20	8
1993-11-30	0	4.63	19	10
1993-12-01	0	5.2	15	1
1993-12-02	0	3.34	20	2
1993-12-03	0	3.54	21	4
1993-12-04	0	3.41	21	7
1993-12-05	0	3.66	22	6
1993-12-06	0	2.23	15	5
1993-12-07	0	3.98	26	7
1993-12-08	0	3.82	24	6
1993-12-09	0	3.11	23	6
1993-12-10	0	2.78	24	7
1993-12-11	0	2.93	26	7
1993-12-12	0	2.56	23	7
1993-12-13	0	2.58	22	8
1993-12-14	0	2.44	20	7
1993-12-15	0	2.87	24	8
1993-12-16	0	2.81	23	7
1993-12-17	0	2.75	23	8
1993-12-18	0	2.58	21	9
1993-12-19	0	1.1	20	5
1993-12-20	0	4.42	26	6
1993-12-21	0	4.56	25	4
1993-12-22	0	2.94	26	3
1993-12-23	0	4.43	25	5
1993-12-24	0	3.99	24	5
1993-12-25	0	1.98	24	8
1993-12-26	0	2.56	24	7
1993-12-27	0	3.44	24	3
1993-12-28	0	1.5	24	7
1993-12-29	0	4.9	23	8
1993-12-30	0	4.12	24	8
1993-12-31	0	3.47	22	8
1994-01-01	0	3.46	23	7
1994-01-02	0	3.72	25	6
1994-01-03	0	3.45	23	7.5
1994-01-04	0	2.81	22	7
1994-01-05	0	2.45	21	7.5
1994-01-06	0	2.7	19	8
1994-01-07	0	2.18	18	6
1994-01-08	2	2.13	17	6
1994-01-09	0	2.4	16	7
1994-01-10	0	2.5	20	5
1994-01-11	0	3	18	6.5
1994-01-12	0	3.1	19	2.5
1994-01-13	0	2.85	16	3.5
1994-01-14	0	2.95	15	2.5
1994-01-15	0	2.7	18	3
1994-01-16	0	2.4	17	3
1994-01-17	3.5	2.6	20	3.5
1994-01-18	0	3.4	21	5
1994-01-19	0	3.55	22	5.5
1994-01-20	0	2.66	20	6.5
1994-01-21	0	3.45	22	7
1994-01-22	0	3.21	24	7.5
1994-01-23	0	3.8	25	7
1994-01-24	0	4.1	26	8
1994-01-25	0	4.25	24	8.5
1994-01-26	0	4.6	22	8
1994-01-27	0	4.1	20	7
1994-01-28	0	4	22	7
1994-01-29	0	3.7	20	6.5
1994-01-30	0	3.15	21	6
1994-01-31	0	3.65	21	5.5
1994-02-01	0	3.8	24	6
1994-02-02	0	4.1	25	5.5
1994-02-03	0	4.35	27	6
1994-02-04	0	4.65	28	5.5
1994-02-05	0	4.5	26	7.5
1994-02-06	0	4.35	25	7
1994-02-07	4.9	4.9	24	7.5
1994-02-08	6.3	3.95	20	8
1994-02-09	2	3.65	19	6.5
1994-02-10	0	2.95	18	3
1994-02-11	0	2.45	17	2.5
1994-02-12	0	2.5	24	2
1994-02-13	0	3.6	24	3
1994-02-14	0	3.8	25	6.5
1994-02-15	0	3.95	26	7.5
1994-02-16	0	4.62	23	7
1994-02-17	0	3.5	22	5
1994-02-18	0	3.21	27	4
1994-02-19	0	3.8	26	5.5
1994-02-20	0	4.3	25	4.5
1994-02-21	2	4.25	24	6
1994-02-22	4	4.11	25	5.5
1994-02-23	0	3.6	22	5
1994-02-24	0	2.9	18	3
1994-02-25	0	2.41	23	2.5
1994-02-26	0	3.28	22	2
1994-02-27	0	3.66	20	3.5
1994-02-28	0	3.1	24	5
1994-03-01	0	4.5	22	7
1994-03-02	0	4.66	25	8
1994-03-03	0	4.85	25	7.5
1994-03-04	0	5.1	26	6
1994-03-05	0	5.6	28	4
1994-03-06	0	6.01	30	5
1994-03-07	0	6.21	29	7
1994-03-08	0	6	30	8
1994-03-09	0	5.25	28	8.5
1994-03-10	3	4.85	27	9
1994-03-11	1	4.95	26	7
1994-03-12	0	5.4	28	4
1994-03-13	0	6.35	29	7
1994-03-14	0	6.7	24	6
1994-03-15	0	5.78	24	4
1994-03-16	0	5.33	26	4
1994-03-17	0	5.21	26	5.5
1994-03-18	2.5	6.33	25	6
1994-03-19	2	5.41	24	4
1994-03-20	0	4.89	26	4
1994-03-21	0	5.22	27	4
1994-03-22	0.01	5.44	27	5
1994-03-23	0.01	5.41	26	6
1994-03-24	1	4.95	28	7
1994-03-25	0	5.65	28	7
1994-03-26	0	6	29	8
1994-03-27	0	6.32	30	8
1994-03-28	0	6.35	30	10
1994-03-29	0	7.1	28	11
1994-03-30	0	3.45	30	9
1994-03-31	0.01	6.95	30	10
1994-04-01	0	NULO	27	7
1994-04-02	0	NULO	28	7
1994-04-03	0	NULO	27	8
1994-04-04	0	NULO	29	8
1994-04-05	0	NULO	29	8
1994-04-06	0	NULO	28	9
1994-04-07	0	NULO	27	7
1994-04-08	0	NULO	29	8
1994-04-09	0	NULO	30	8
1994-04-10	0	NULO	31	9
1994-04-11	0	NULO	31	7
1994-04-12	0	NULO	30	8
1994-04-13	0	NULO	30	10
1994-04-14	0	NULO	31	10
1994-04-15	0	NULO	29	10
1994-04-16	0	NULO	29	11
1994-04-17	0	NULO	29	10
1994-04-18	0	NULO	31	10
1994-04-19	0	NULO	31	11
1994-04-20	0	NULO	30	9
1994-04-21	0	NULO	30	10
1994-04-22	0	NULO	31	9
1994-04-23	0	NULO	30	11
1994-04-24	0	NULO	30	11
1994-04-25	0	NULO	30	10
1994-04-26	0	NULO	31	10
1994-04-27	0	NULO	32	11
1994-04-28	0	NULO	31	11
1994-04-29	0	NULO	30	10
1994-04-30	0	NULO	31	10
1994-05-01	0	NULO	31	11
1994-05-02	0	NULO	30	10
1994-05-03	0	NULO	29	11
1994-05-04	0	NULO	29	10
1994-05-05	3	NULO	30	9
1994-05-06	0.01	NULO	30	9
1994-05-07	3	NULO	31	10
1994-05-08	0	NULO	31	10
1994-05-09	0	NULO	32	10
1994-05-10	0	NULO	32	9
1994-05-11	0	NULO	31	5
1994-05-12	0	NULO	30	9
1994-05-13	0	NULO	30	10
1994-05-14	0	NULO	31	11
1994-05-15	0	NULO	30	11
1994-05-16	2	NULO	32	12
1994-05-17	0	NULO	32	12
1994-05-18	0	NULO	30	11
1994-05-19	0	NULO	31	12
1994-05-20	0	NULO	32	12
1994-05-21	1	NULO	33	11
1994-05-22	0	NULO	32	11
1994-05-23	0	NULO	32	12
1994-05-24	0	NULO	33	12
1994-05-25	0	NULO	32	13
1994-05-26	0	NULO	33	13
1994-05-27	0	NULO	33	12
1994-05-28	0	NULO	32	12
1994-05-29	0	NULO	32	13
1994-05-30	0	NULO	30	13
1994-05-31	0	NULO	31	13
1994-06-01	0	NULO	30	13
1994-06-02	0	NULO	30	13
1994-06-03	0	NULO	31	12
1994-06-04	0	NULO	32	12
1994-06-05	2	NULO	33	12
1994-06-06	2	NULO	34	11
1994-06-07	0.3	NULO	31	11
1994-06-08	0	NULO	31	11
1994-06-09	0	NULO	34	12
1994-06-10	0	NULO	34	12
1994-06-11	0	NULO	33	13
1994-06-12	0	NULO	33	14
1994-06-13	0	NULO	32	14
1994-06-14	12	NULO	34	14
1994-06-15	11	NULO	32	14
1994-06-16	0.01	NULO	30	12
1994-06-17	0	NULO	32	11
1994-06-18	25	NULO	32	12
1994-06-19	20	NULO	30	12
1994-06-20	12	NULO	29	10
1994-06-21	9	NULO	29	9
1994-06-22	0	NULO	29	9
1994-06-23	0	NULO	33	9
1994-06-24	0	NULO	33	10
1994-06-25	15	NULO	32	12
1994-06-26	11	NULO	29	12
1994-06-27	10	NULO	29	9
1994-06-28	3	NULO	29	9
1994-06-29	5	NULO	29	9
1994-06-30	15	NULO	26	9
1994-07-01	0	NULO	25	10
1994-07-02	0	NULO	24	11
1994-07-03	0	NULO	24	11
1994-07-04	3	NULO	23	12
1994-07-05	3	NULO	24	13
1994-07-06	0	NULO	24	13
1994-07-07	2	NULO	23	13
1994-07-08	8	NULO	23	13
1994-07-09	5	NULO	22	13
1994-07-10	0	NULO	22	12
1994-07-11	0	NULO	22	12
1994-07-12	0	NULO	24	12
1994-07-13	0	NULO	24	13
1994-07-14	0	NULO	25	13
1994-07-15	0	NULO	26	14
1994-07-16	10	NULO	27	14
1994-07-17	0	NULO	26	13
1994-07-18	0	NULO	27	12
1994-07-19	0	NULO	27	10
1994-07-20	0	NULO	26	11
1994-07-21	7	NULO	27	10
1994-07-22	0	NULO	27	12
1994-07-23	0	NULO	27	11
1994-07-24	0	NULO	26	10
1994-07-25	0	NULO	25	11
1994-07-26	4	NULO	26	12
1994-07-27	0	NULO	27	11
1994-07-28	0	NULO	25	10
1994-07-29	0	NULO	26	10
1994-07-30	0	NULO	25	11
1994-07-31	0	NULO	25	11
1994-08-01	0	NULO	24	11
1994-08-02	0	NULO	24	11
1994-08-03	0	NULO	24	11
1994-08-04	15	NULO	25	10
1994-08-05	0	NULO	26	11
1994-08-06	0	NULO	26	10
1994-08-07	0	NULO	25	12
1994-08-08	0	NULO	27	13
1994-08-09	2	NULO	26	13
1994-08-10	2	NULO	25	13
1994-08-11	0	NULO	26	12
1994-08-12	0	NULO	24	14
1994-08-13	0	NULO	24	14
1994-08-14	6	NULO	24	12
1994-08-15	0	NULO	26	13
1994-08-16	6	NULO	25	12
1994-08-17	0	NULO	24	14
1994-08-18	10	NULO	26	11
1994-08-19	0	NULO	24	11
1994-08-20	15	NULO	26	12
1994-08-21	0	NULO	26	12
1994-08-22	0	NULO	24	11
1994-08-23	0	NULO	25	11
1994-08-24	0	NULO	26	12
1994-08-25	0	NULO	23	11
1994-08-26	3	NULO	25	12
1994-08-27	0	NULO	24	11
1994-08-28	0	NULO	25	12
1994-08-29	0	NULO	26	11
1994-08-30	0	NULO	26	14
1994-08-31	0	NULO	26	13
1994-09-01	0	NULO	25	12
1994-09-02	0	NULO	25	11
1994-09-03	0	NULO	24	12
1994-09-04	0.01	NULO	25	11
1994-09-05	0	NULO	25	10
1994-09-06	0	NULO	26	11
1994-09-07	0	NULO	25	12
1994-09-08	0	NULO	27	12
1994-09-09	15	NULO	26	13
1994-09-10	0	NULO	25	13
1994-09-11	0.01	NULO	25	14
1994-09-12	7	NULO	26	13
1994-09-13	0	NULO	26	12
1994-09-14	0	NULO	25	11
1994-09-15	0	NULO	25	10
1994-09-16	0	NULO	24	10
1994-09-17	14	NULO	24	11
1994-09-18	0	NULO	25	12
1994-09-19	0.01	NULO	26	10
1994-09-20	0	NULO	24	11
1994-09-21	0	NULO	26	12
1994-09-22	7	NULO	25	13
1994-09-23	0	NULO	26	11
1994-09-24	0	NULO	26	10
1994-09-25	0.01	NULO	25	13
1994-09-26	0	NULO	25	11
1994-09-27	0	NULO	24	12
1994-09-28	0	NULO	25	10
1994-09-29	4	NULO	23	11
1994-09-30	2.5	NULO	22	10
1994-10-01	0	NULO	23	11
1994-10-02	0	NULO	23	11
1994-10-03	0	NULO	23	10
1994-10-04	0	NULO	20	10
1994-10-05	0	NULO	20	10
1994-10-06	0	NULO	22	9
1994-10-07	0	NULO	23	8
1994-10-08	0	NULO	24	9
1994-10-09	0	NULO	25	7
1994-10-10	0	NULO	24	9
1994-10-11	0	NULO	25	8
1994-10-12	0	NULO	26	8
1994-10-13	0	NULO	27	9
1994-10-14	0	NULO	28	9
1994-10-15	0.01	NULO	26	8
1994-10-16	25	NULO	26	9
1994-10-17	15	NULO	27	10
1994-10-18	0	NULO	27	9
1994-10-19	0	NULO	26	7
1994-10-20	0	NULO	25	9
1994-10-21	0	NULO	24	9
1994-10-22	0	NULO	25	10
1994-10-23	0	NULO	25	9
1994-10-24	0	NULO	26	9
1994-10-25	0	NULO	26	10
1994-10-26	0	NULO	24	9
1994-10-27	0	NULO	24	11
1994-10-28	0	NULO	24	11
1994-10-29	0	NULO	25	11
1994-10-30	0	NULO	25	10
1994-10-31	0	NULO	25	10
1994-11-01	0	NULO	25	10
1994-11-02	0	NULO	24	9
1994-11-03	0	NULO	24	9
1994-11-04	0	NULO	23	10
1994-11-05	0	NULO	23	9
1994-11-06	0	NULO	23	8
1994-11-07	0	NULO	23	7
1994-11-08	0	NULO	22	9
1994-11-09	0	NULO	22	10
1994-11-10	0	NULO	23	10
1994-11-11	0	NULO	23	9
1994-11-12	0	NULO	24	10
1994-11-13	0	NULO	24	10
1994-11-14	0	NULO	24	9
1994-11-15	0	NULO	23	10
1994-11-16	0	NULO	22	10
1994-11-17	0	NULO	23	10
1994-11-18	0	NULO	24	9
1994-11-19	0	NULO	23	10
1994-11-20	0	NULO	22	9
1994-11-21	0	NULO	21	9
1994-11-22	0	NULO	20	9
1994-11-23	0	NULO	21	8
1994-11-24	0	NULO	19	8
1994-11-25	0	NULO	19	9
1994-11-26	0	NULO	18	8
1994-11-27	0	NULO	18	9
1994-11-28	0	NULO	19	8
1994-11-29	0	NULO	18	7
1994-11-30	0	NULO	17	7
1994-12-01	0	NULO	16	8
1994-12-02	0	NULO	16	9
1994-12-03	0	NULO	15	8
1994-12-04	0	NULO	16	7
1994-12-05	0	NULO	17	6
1994-12-06	0	NULO	17	7
1994-12-07	0	NULO	16	7
1994-12-08	0	NULO	15	6
1994-12-09	0	NULO	17	8
1994-12-10	0	NULO	18	9
1994-12-11	0	NULO	18	7
1994-12-12	0	NULO	17	6
1994-12-13	0	NULO	19	8
1994-12-14	0	NULO	18	7
1994-12-15	0	NULO	19	6
1994-12-16	0	NULO	18	6
1994-12-17	0	NULO	18	5
1994-12-18	0	NULO	17	6
1994-12-19	0	NULO	17	5
1994-12-20	0	NULO	19	6
1994-12-21	0	NULO	19	6
1994-12-22	0	NULO	18	5
1994-12-23	0	NULO	17	4
1994-12-24	0	NULO	19	4
1994-12-25	0	NULO	19	4
1994-12-26	0	NULO	19	4
1994-12-27	0	NULO	18	5
1994-12-28	0	NULO	18	5
1994-12-29	0	NULO	19	5
1994-12-30	0	NULO	17	4
1994-12-31	0	NULO	19	4
1995-01-01	0	3.45	22	6.5
1995-01-02	0	3.71	25	6
1995-01-03	0	3.45	23	7.5
1995-01-04	0	2.81	22	7
1995-01-05	0	2.45	21	7.5
1995-01-06	0	2.7	19	8
1995-01-07	0	2.18	18	6
1995-01-08	2	2.13	17	6
1995-01-09	0	2.4	16	7
1995-01-10	0	2.5	20	5
1995-01-11	0	3	18	6.5
1995-01-12	0	3.1	19	2.5
1995-01-13	0	2.85	16	3.5
1995-01-14	0	2.95	15	2.5
1995-01-15	0	2.7	18	3
1995-01-16	0	2.4	17	3
1995-01-17	3.5	2.6	20	3.5
1995-01-18	2	3.4	21	5
1995-01-19	0	3.55	22	5.5
1995-01-20	0	3.66	20	6.5
1995-01-21	0	3.45	22	7
1995-01-22	0	3.21	24	7.5
1995-01-23	0	3.8	25	7
1995-01-24	0	4.1	26	8
1995-01-25	0	4.25	24	8.5
1995-01-26	0	4.6	22	8
1995-01-27	0	4.1	20	7
1995-01-28	0	4	22	7
1995-01-29	0	3.7	20	6.5
1995-01-30	0	3.85	21	6
1995-01-31	0	3.65	21	5.5
1995-02-01	0	3.8	24	6
1995-02-02	0	4.1	25	5.5
1995-02-03	0	4.35	27	6
1995-02-04	0	4.65	28	5.5
1995-02-05	0	4.5	26	7.5
1995-02-06	0	4.35	25	7
1995-02-07	4.9	4.4	24	7.5
1995-02-08	6.3	3.95	20	8
1995-02-09	2	3.65	19	6.5
1995-02-10	0	2.95	18	3
1995-02-11	0	2.45	17	2.5
1995-02-12	0	2.58	24	2
1995-02-13	0	3.6	24	3
1995-02-14	0	3.8	25	6.5
1995-02-15	0	3.95	26	7.5
1995-02-16	0	4.62	23	7
1995-02-17	0	3.5	22	5
1995-02-18	0	3.21	27	4
1995-02-19	0	3.8	26	5.5
1995-02-20	0	4.3	25	4.5
1995-02-21	2	4.25	24	6
1995-02-22	4	4.11	25	5.5
1995-02-23	0	3.6	21	5
1995-02-24	0	2.9	18	3
1995-02-25	0	2.41	23	2.5
1995-02-26	0	3.28	22	2
1995-02-27	0	3.66	20	3.5
1995-02-28	0	3.1	24	5
1995-03-01	0	4.5	23	7
1995-03-02	0	4.66	25	8
1995-03-03	0	4.85	28	7.5
1995-03-04	0	5.1	26	6
1995-03-05	0	5.6	28	4
1995-03-06	0	6.01	30	5
1995-03-07	0	6.21	29	7
1995-03-08	0	6	30	8
1995-03-09	0	5.25	28	8.5
1995-03-10	3	4.85	27	9
1995-03-11	1	4.95	26	7
1995-03-12	0	5.4	28	4
1995-03-13	0	6.35	29	7
1995-03-14	0	6.7	24	6
1995-03-15	0	5.78	24	4
1995-03-16	0	5.33	26	4
1995-03-17	0	5.21	26	5.5
1995-03-18	2.5	6.33	25	6
1995-03-19	2	5.41	24	4
1995-03-20	0	4.89	26	4
1995-03-21	0	5.22	27	4
1995-03-22	0	5.44	27	5
1995-03-23	0	5.41	26	6
1995-03-24	1	4.95	28	7
1995-03-25	0	5.65	28	7
1995-03-26	0	6	29	8
1995-03-27	0	6.32	30	8
1995-03-28	0	6.33	30	10
1995-03-29	0	7.1	28	11
1995-03-30	0	3.45	30	9
1995-03-31	0	6.95	30	10
1995-04-01	0	6.58	31	9
1995-04-02	0	7	31.5	10
1995-04-03	0	6.95	30	11
1995-04-04	0	6.38	29	8
1995-04-05	0	6.4	28	7
1995-04-06	0	5.85	30	7
1995-04-07	0	6.22	31	8
1995-04-08	0	5.33	33	9
1995-04-09	0	5.25	32	10.5
1995-04-10	0	6.28	31	11
1995-04-11	4	6.37	28	11
1995-04-12	0	5.1	29	10
1995-04-13	1	5.25	27	7.5
1995-04-14	0	4.89	26	6.5
1995-04-15	0	4.55	28	7.5
1995-04-16	0	5.1	28.5	8
1995-04-17	0	4.66	29	8.5
1995-04-18	0	5.4	26	10
1995-04-19	2.8	3.85	28	9
1995-04-20	0	3.45	28.5	9.5
1995-04-21	0	4.1	32	9.5
1995-04-22	0	5.9	31	11
1995-04-23	0	5.69	30	11.5
1995-04-24	0	6.27	31	11
1995-04-25	0	6.5	32	10
1995-04-26	0	7.41	31	11
1995-04-27	0	6.66	30	10
1995-04-28	0	6.23	29	12
1995-04-29	2.1	5.77	28	11
1995-04-30	1	5.67	32	10
1995-05-01	0	5.81	31	11
1995-05-02	0	6.03	30	10.5
1995-05-03	0	5.89	32	12
1995-05-04	0	6.3	31	12.5
1995-05-05	0	6.45	30	11
1995-05-06	1.8	5.4	28	11.5
1995-05-07	1.7	4.89	29	12
1995-05-08	0	4.5	31	9
1995-05-09	0	5.55	30	10
1995-05-10	0	5.6	34	11.5
1995-05-11	0	6.1	35	12
1995-05-12	0	6.7	35	12.5
1995-05-13	0	6.45	34	14
1995-05-14	2	6.07	30	11.5
1995-05-15	1	5.48	28	11.5
1995-05-16	0	4.88	27	9.5
1995-05-17	0	4.25	29	10.5
1995-05-18	0	4.5	31	11
1995-05-19	0	4.81	35	10
1995-05-20	0	5.77	35	12.5
1995-05-21	0	6.11	34	14
1995-05-22	0	6.21	33	13
1995-05-23	0	6.32	32	12
1995-05-24	0	6.44	32	12
1995-05-25	0	6.37	27	13.5
1995-05-26	0	5	28	10
1995-05-27	0	4.84	28	9.5
1995-05-28	1	4.61	26	9
1995-05-29	0	6.95	30	8.5
1995-05-30	0	5.4	31	8
1995-05-31	0	4.95	32	11.5
1995-06-01	0	6.55	29	14
1995-06-02	0	5.45	30	13
1995-06-03	0	6.11	28	14
1995-06-04	0	5.95	30	13
1995-06-05	0	6.24	29	12.5
1995-06-06	0	5.1	28	13
1995-06-07	8.3	4.89	27	12
1995-06-08	6.1	11.7	26	14
1995-06-09	2	10.28	28	14
1995-06-10	0	4.47	28	13.5
1995-06-11	0	5.45	29	13
1995-06-12	0	6.1	25	13
1995-06-13	0	5.4	25.5	10
1995-06-14	0	4.88	26.5	10
1995-06-15	0	4.35	28	11
1995-06-16	0	5.21	28.5	14
1995-06-17	10.2	5.11	26	14
1995-06-18	8.1	5.33	25.5	13.5
1995-06-19	4	4.99	26	10
1995-06-20	0	5.4	24	10
1995-06-21	0	5.65	24.5	11
1995-06-22	0	4.95	25	11
1995-06-23	0	4.38	28	10
1995-06-24	0	5.66	27	11
1995-06-25	0	5.41	28	11
1995-06-26	0	6.17	29	12
1995-06-27	0	6.33	28	13
1995-06-28	3.1	5.77	27	11
1995-06-29	4	5.33	26	11.5
1995-06-30	0	4.39	26	10
1995-07-01	3	5.31	25	10
1995-07-02	0	5.22	24	11
1995-07-03	0	4.87	24	9
1995-07-04	0	4.77	25	9
1995-07-05	0	4.33	26	10
1995-07-06	0	4.16	24	11
1995-07-07	0	5.4	24	8
1995-07-08	0	4.71	25	8
1995-07-09	0	4.67	26	10
1995-07-10	0	4.79	26.5	9
1995-07-11	0	4.69	24	10
1995-07-12	0	4.35	24.5	10
1995-07-13	6	4.18	26	9
1995-07-14	3	5.1	26.5	11.5
1995-07-15	0	5.25	28	11
1995-07-16	2	5.41	27	12
1995-07-17	0	4.77	26	12.5
1995-07-18	0	4.55	26	11
1995-07-19	0	4.18	27	10
1995-07-20	7	4.87	26	12
1995-07-21	0	4.95	25	11
1995-07-22	0	5.33	28	9
1995-07-23	0	5.67	29	13
1995-07-24	0	5.31	27	14
1995-07-25	0	5.38	29.5	12
1995-07-26	0	6.31	27	13.5
1995-07-27	0	6	29	13
1995-07-28	4	5.95	29.5	14
1995-07-29	0	5.71	28	14.5
1995-07-30	0	5.28	28	12
1995-07-31	0	5.1	27	10
1995-08-01	0	4.51	29	14
1995-08-02	0	5.24	28	13
1995-08-03	6	5.34	29	11
1995-08-04	7	5.17	25	12
1995-08-05	1	5.41	26	10
1995-08-06	0	5.37	28	11
1995-08-07	10	6.31	29	13
1995-08-08	4	6.18	27	14
1995-08-09	2	5.77	25	12
1995-08-10	0	5.41	25.5	10
1995-08-11	0	5.33	26	11
1995-08-12	0	5.43	27	11.5
1995-08-13	0	5.87	25	10
1995-08-14	0	5.07	28	10
1995-08-15	0	5.67	26	12.5
1995-08-16	0	4.85	25	10
1995-08-17	5	4.37	26	11.5
1995-08-18	1	4.95	24	10
1995-08-19	0	5.71	25.5	9
1995-08-20	0	4.17	27	9
1995-08-21	3	4.95	27.5	11
1995-08-22	9	4.66	28	11
1995-08-23	7	5.79	25	12
1995-08-24	10	4.77	26	12
1995-08-25	4	4.33	28	13
1995-08-26	1	5.4	27	13
1995-08-27	0	5	27	11
1995-08-28	0	5.05	29	11.5
1995-08-29	0	5.33	26	13
1995-08-30	0	4.77	25	11
1995-08-31	0	4.1	25	10
1995-09-01	0	4.35	23	9
1995-09-02	0	3.85	26	8
1995-09-03	0	4.1	25	10
1995-09-04	0	4.32	24	7
1995-09-05	0	4.17	25	8
1995-09-06	0	4.21	23.5	7
1995-09-07	0	3.61	26	7
1995-09-08	0	4	25	9
1995-09-09	0	4.27	23	8
1995-09-10	0	3.66	24	7
1995-09-11	0	3.77	25	7.5
1995-09-12	0	3.89	26	8
1995-09-13	4	4.25	29	9
1995-09-14	3	5.31	27	10
1995-09-15	0	4.66	24	10
1995-09-16	0	3.21	24	7
1995-09-17	0	3.55	25	7
1995-09-18	16	3.1	26	9
1995-09-19	9	3.79	26.5	10
1995-09-20	5	3.41	24	10
1995-09-21	0	3.11	27	8
1995-09-22	0	3.69	28	9
1995-09-23	0	4.1	29	10
1995-09-24	0	4.55	26	10
1995-09-25	0	4.05	25	7
1995-09-26	0	4.08	25.5	8
1995-09-27	6	4.24	27	8
1995-09-28	10	4.34	27.5	9
1995-09-29	2	4.39	26	10
1995-09-30	0	4.52	25	9
1995-10-01	0	NULO	23	11
1995-10-02	0	NULO	23	11
1995-10-03	0	NULO	23	10
1995-10-04	0	NULO	20	10
1995-10-05	0	NULO	20	10
1995-10-06	0	NULO	22	9
1995-10-07	0	NULO	23	8
1995-10-08	0	NULO	24	9
1995-10-09	0	NULO	25	7
1995-10-10	0	NULO	24	9
1995-10-11	0	NULO	25	8
1995-10-12	0	NULO	26	8
1995-10-13	0	NULO	27	9
1995-10-14	0	NULO	28	9
1995-10-15	0	NULO	26	8
1995-10-16	25	NULO	26	9
1995-10-17	15	NULO	27	10
1995-10-18	0	NULO	27	9
1995-10-19	0	NULO	26	7
1995-10-20	0	NULO	25	9
1995-10-21	0	NULO	24	9
1995-10-22	0	NULO	25	10
1995-10-23	0	NULO	25	9
1995-10-24	0	NULO	26	9
1995-10-25	0	NULO	26	10
1995-10-26	0	NULO	24	9
1995-10-27	0	NULO	24	11
1995-10-28	0	NULO	24	11
1995-10-29	0	NULO	25	11
1995-10-30	0	NULO	25	10
1995-10-31	0	NULO	25	10
1995-11-01	0	NULO	25	10
1995-11-02	0	NULO	24	9
1995-11-03	0	NULO	24	9
1995-11-04	0	NULO	23	10
1995-11-05	0	NULO	23	9
1995-11-06	0	NULO	23	8
1995-11-07	0	NULO	23	7
1995-11-08	0	NULO	22	9
1995-11-09	0	NULO	22	10
1995-11-10	0	NULO	23	10
1995-11-11	0	NULO	23	9
1995-11-12	0	NULO	24	10
1995-11-13	0	NULO	24	10
1995-11-14	0	NULO	24	9
1995-11-15	0	NULO	23	10
1995-11-16	0	NULO	22	10
1995-11-17	0	NULO	23	10
1995-11-18	0	NULO	24	9
1995-11-19	0	NULO	23	10
1995-11-20	0	NULO	22	9
1995-11-21	0	NULO	21	9
1995-11-22	0	NULO	20	9
1995-11-23	0	NULO	21	8
1995-11-24	0	NULO	19	8
1995-11-25	0	NULO	19	9
1995-11-26	0	NULO	18	8
1995-11-27	0	NULO	18	9
1995-11-28	0	NULO	19	8
1995-11-29	0	NULO	18	7
1995-11-30	0	NULO	17	7
1995-12-01	0	NULO	16	8
1995-12-02	0	NULO	16	9
1995-12-03	0	NULO	15	8
1995-12-04	0	NULO	16	7
1995-12-05	0	NULO	17	6
1995-12-06	0	NULO	17	7
1995-12-07	0	NULO	16	7
1995-12-08	0	NULO	15	6
1995-12-09	0	NULO	17	8
1995-12-10	0	NULO	18	9
1995-12-11	0	NULO	18	7
1995-12-12	0	NULO	17	6
1995-12-13	0	NULO	19	8
1995-12-14	0	NULO	18	7
1995-12-15	0	NULO	19	6
1995-12-16	0	NULO	18	6
1995-12-17	0	NULO	18	5
1995-12-18	0	NULO	17	6
1995-12-19	0	NULO	17	5
1995-12-20	0	NULO	19	6
1995-12-21	0	NULO	19	6
1995-12-22	0	NULO	18	5
1995-12-23	0	NULO	17	4
1995-12-24	0	NULO	18	4
1995-12-25	0	NULO	19	4
1995-12-26	0	NULO	19	4
1995-12-27	0	NULO	18	5
1995-12-28	0	NULO	18	5
1995-12-29	0	NULO	19	5
1995-12-30	0	NULO	17	4
1995-12-31	0	NULO	19	4
1996-01-01	0	3.2	20	5
1996-01-02	0	1.93	21	5
1996-01-03	0	3.97	25	6
1996-01-04	0	2.3	26	7
1996-01-05	0	3.63	25	6
1996-01-06	1	0.23	20	5
1996-01-07	0	2.21	20	7
1996-01-08	0	2.18	20	7
1996-01-09	0	2.98	20	6
1996-01-10	0	0.37	20	8
1996-01-11	0	3.76	24	8
1996-01-12	0	0.99	21	8
1996-01-13	0	0.8	25	7
1996-01-14	0	5.75	25	5
1996-01-15	0	3.6	24	3
1996-01-16	0	2.2	23	3
1996-01-17	0	4.78	20	5
1996-01-18	0.5	2.6	23	4
1996-01-19	0	2.5	26	3
1996-01-20	0	3.5	25	1
1996-01-21	0	2.92	20	5
1996-01-22	0	4.72	20	6
1996-01-23	0	2.55	21	7
1996-01-24	0	3.54	22	9
1996-01-25	0	4.93	22	8
1996-01-26	0	1.34	21	5
1996-01-27	0	4.72	19	7
1996-01-28	0.5	3.18	20	10
1996-01-29	0	2.23	16	6
1996-01-30	0	1.99	13	5
1996-01-31	0	1.31	13	6
1996-02-01	0	3.31	17	7
1996-02-02	11.5	1.37	18	3
1996-02-03	3.5	2.49	20	7
1996-02-04	0	4.55	22	3
1996-02-05	0	3.69	22	3
1996-02-06	0	1.74	21	0
1996-02-07	0	2.92	20	0
1996-02-08	0	2.54	21	0
1996-02-09	0	4.05	22	2
1996-02-10	0	1.74	23	2
1996-02-11	0	4.65	20	3
1996-02-12	0	3.37	27	4
1996-02-13	0	5.45	27	4
1996-02-14	0	3.36	27	6
1996-02-15	0	4.5	28	5
1996-02-16	0	2.11	27	3
1996-02-17	0	4.03	30	7
1996-02-18	0	4.96	30	5
1996-02-19	0	3.22	22	8
1996-02-20	8.5	3.39	21	4
1996-02-21	0	4.99	22	10
1996-02-22	0	5.32	23	8
1996-02-23	0	2.69	21	8
1996-02-24	9	0.9	24	8
1996-02-25	0	6.31	25	6
1996-02-26	0	5	25	4
1996-02-27	0	5.1	24	5
1996-02-28	0	3.62	23	5
1996-02-29	0	2.73	22	5
1996-03-01	0	3.42	27	3
1996-03-02	0	3.01	27	10
1996-03-03	0	3.45	28	6
1996-03-04	0	6.85	27	8
1996-03-05	0	5.62	23	9
1996-03-06	0	6	26	8
1996-03-07	0	6.07	28	9
1996-03-08	0	5.97	29	9
1996-03-09	0	6.04	27	8
1996-03-10	0	4.29	26	5
1996-03-11	0	2.12	27	13
1996-03-12	0	4.49	26	9
1996-03-13	0	0.7	26	7
1996-03-14	0	2.1	26	8
1996-03-15	0	1	27	8
1996-03-16	0	1.92	29	4
1996-03-17	0	1.96	30	7
1996-03-18	0	3.59	32	5
1996-03-19	0	6.83	28	4
1996-03-20	0	6.3	28	8
1996-03-21	0	5.28	33	8
1996-03-22	0	2.32	33	10
1996-03-23	0	2.34	28	10
1996-03-24	0	2.46	32	8
1996-03-25	0	4.92	30	9
1996-03-26	0	3.36	30	8
1996-03-27	0	4.71	30	8
1996-03-28	0	2.93	27	8
1996-03-29	0	4.1	27	9
1996-03-30	0	3.36	30	10
1996-03-31	0	4.54	29	10
1996-04-01	0	2.79	28	10
1996-04-02	0	2.68	27	10
1996-04-03	1.5	0.61	20	10
1996-04-04	3.5	4.75	22	10
1996-04-05	0	2.25	22	11
1996-04-06	0	4.45	27	8
1996-04-07	0	1.23	28	8
1996-04-08	1.5	3.5	30	8
1996-04-09	25	2.9	30	7
1996-04-10	0	3.2	30	7
1996-04-11	3.5	3.7	31	10
1996-04-12	0	1.87	28	10
1996-04-13	0	2.1	21	10
1996-04-14	0	6.02	28	8
1996-04-15	0	3.24	20	9
1996-04-16	0	3.97	31	10
1996-04-17	0.5	2.24	28	8
1996-04-18	0	5.6	29	9
1996-04-19	0	4.02	30	8
1996-04-20	0	3.92	29	10
1996-04-21	0	5.48	30	8
1996-04-22	0	3.01	33	9
1996-04-23	0	1.45	28	11
1996-04-24	0	2.78	28	14
1996-04-25	0	1.39	28	10
1996-04-26	0	1.63	26	7
1996-04-27	0	1.85	25	10
1996-04-28	0	3.94	25	8
1996-04-29	0	3.93	27	7
1996-04-30	0	4.36	30	5
1996-05-01	0	3.41	30	10
1996-05-02	0	4.73	28	10
1996-05-03	0	4.39	28	10
1996-05-04	0	5.06	30	10
1996-05-05	0	3.19	29	13
1996-05-06	0	4.57	28	11
1996-05-07	0	3.77	22	12
1996-05-08	0	4.76	30	10
1996-05-09	23.5	4.04	27	8
1996-05-10	0	4.64	25	10
1996-05-11	0	3.23	27	10
1996-05-12	1	4.41	29	12
1996-05-13	2	3.88	34	11
1996-05-14	0	3.78	29	15
1996-05-15	0	4.59	29	11
1996-05-16	12.5	1.33	29	11
1996-05-17	0	2.31	21	10
1996-05-18	0	3.03	23	13
1996-05-19	0	2.31	27	12
1996-05-20	1	1.39	27	12
1996-05-21	0	2.53	26	10
1996-05-22	0	2.87	27	10
1996-05-23	0	2.94	29	11
1996-05-24	0	2.38	27	12
1996-05-25	9.5	0.83	29	10
1996-05-26	0	2.08	28	10
1996-05-27	4	2.53	28	12
1996-05-28	0	2.84	29	11
1996-05-29	0	3.26	32	12
1996-05-30	0	3.99	32	15
1996-05-31	3.5	1.84	32	15
1996-06-01	0	1.1	27	13
1996-06-02	0	1.23	32	10
1996-06-03	0	2.49	24	13
1996-06-04	0	4.01	28	13
1996-06-05	8	2.27	28	13
1996-06-06	0	4.86	30	14
1996-06-07	16.5	3.93	28	13
1996-06-08	0	4.22	27	9
1996-06-09	0	4.18	28	12
1996-06-10	0	5.24	30	12
1996-06-11	4.5	2.45	26	13
1996-06-12	0	3.62	27	12
1996-06-13	0	3.9	29	10
1996-06-14	0	4.53	29	9
1996-06-15	0	4.19	27	10
1996-06-16	0	4.01	27	11
1996-06-17	0	3.88	27	11
1996-06-18	0	3.74	22	10
1996-06-19	0	3.99	27	13
1996-06-20	0	3.87	27	9
1996-06-21	0	4.1	27	11
1996-06-22	0	4.35	25	10
1996-06-23	0	6.73	20	7
1996-06-24	0	6.5	25	7
1996-06-25	0	5.59	22	6
1996-06-26	0	6.74	28	8
1996-06-27	0	6.6	25	10
1996-06-28	0	6.68	32	10
1996-06-29	4.3	7.19	33	12
1996-06-30	0	6.89	33	12
1996-07-01	1.4	6.15	32	12
1996-07-02	0	8.08	28	12
1996-07-03	1	6.32	27	13
1996-07-04	0	6.8	26	9
1996-07-05	0	2.59	27	10
1996-07-06	0	3.76	28	8
1996-07-07	0	5.99	25	11
1996-07-08	0	3.41	27	12
1996-07-09	0	5.4	25	11
1996-07-10	0	6.6	27	9
1996-07-11	0	6.77	28	11
1996-07-12	1.2	3.47	26	11
1996-07-13	0	4.16	20	12
1996-07-14	5	2.7	27	12
1996-07-15	0	3.11	25	13
1996-07-16	0	2.18	26	13
1996-07-17	4.5	6.61	27	12
1996-07-18	0	3.58	27	11
1996-07-19	7	1.6	29	8
1996-07-20	14.5	3.44	27	12
1996-07-21	0	4.37	26	13
1996-07-22	2.5	2.45	27	10
1996-07-23	0	5.04	26	11
1996-07-24	2	5.25	28	13
1996-07-25	0	5.43	25	13
1996-07-26	0	6.03	25	11
1996-07-27	0	4.06	25	12
1996-07-28	7	2.11	26	13
1996-07-29	12	4.72	27	12
1996-07-30	0	2.21	26	12
1996-07-31	5.5	2	25	9
1996-08-01	0	3.52	24	12
1996-08-02	0	4.68	25	12
1996-08-03	0	4.16	25	12
1996-08-04	0	4.23	26	12
1996-08-05	0	4.95	27	11
1996-08-06	0	5.01	25	11
1996-08-07	0	5.27	26	12
1996-08-08	0	4.47	20	10
1996-08-09	0.5	1.11	22	10
1996-08-10	0	0.88	27	12
1996-08-11	0	5.33	26	12
1996-08-12	0	5.1	27	11
1996-08-13	0	5.15	26	12
1996-08-14	4.5	5.52	24	12
1996-08-15	2	4.3	23	10
1996-08-16	1.5	3.33	23	12
1996-08-17	0	4.61	25	12
1996-08-18	0	4.13	24	12
1996-08-19	0	5.19	26	11
1996-08-20	0	4.49	28	11
1996-08-21	0	4.64	28	12
1996-08-22	0	6.49	27	11
1996-08-23	6	3.28	27	10
1996-08-24	0	3.59	24	10
1996-08-25	0	4.41	29	10
1996-08-26	0	4.8	28	12
1996-08-27	0	6.46	28	10
1996-08-28	0	6.55	21	12
1996-08-29	0	6.12	29	10
1996-08-30	0	6.15	29	9
1996-08-31	0	3.27	28	12
1996-09-01	0	6.17	27	11
1996-09-02	0	6.05	27	12
1996-09-03	0	6.7	28	10
1996-09-04	0	5.54	27	12
1996-09-05	8	2.23	28	10
1996-09-06	0	6.37	26	11
1996-09-07	3.3	3.92	20	9
1996-09-08	0	4.61	24	10
1996-09-09	1	5.33	26	11
1996-09-10	0	6.36	27	10
1996-09-11	0.5	5.35	22	11
1996-09-12	0.5	3.58	27	8
1996-09-13	0	3.75	22	11
1996-09-14	0	4.54	24	7
1996-09-15	0.5	4.26	22	8
1996-09-16	2.5	1.44	25	7
1996-09-17	0	4.33	28	13
1996-09-18	0	4.81	27	12
1996-09-19	0	4	28	11
1996-09-20	0	3.55	29	12
1996-09-21	0	6.03	29	9
1996-09-22	2.5	2.1	27	10
1996-09-23	1	1.24	20	12
1996-09-24	0	1.08	21	10
1996-09-25	4	0.48	29	11
1996-09-26	7.5	2.54	22	13
1996-09-27	3	1.28	22	10
1996-09-28	3.8	0.79	22	12
1996-09-29	1	0.91	15	10
1996-09-30	0	4.41	18	6
1996-10-01	0	3.71	21	2
1996-10-02	0	3.18	22	0
1996-10-03	0	4.46	25	4
1996-10-04	5.3	2.5	25	8
1996-10-05	0	5.76	25	10
1996-10-06	0	4.3	24	10
1996-10-07	3.8	1.8	24	11
1996-10-08	2	3.16	21	12
1996-10-09	0	2.71	26	13
1996-10-10	0	5.43	27	10
1996-10-11	1	1.39	27	13
1996-10-12	4	0.39	19	14
1996-10-13	0	2.72	22	10
1996-10-14	0	3.48	25	9
1996-10-15	0	4.02	28	10
1996-10-16	0	3.1	27	10
1996-10-17	0	4.51	25	13
1996-10-18	0	1.59	24	12
1996-10-19	5	4.19	20	11
1996-10-20	0	3.72	27	8
1996-10-21	0	1.93	26	8
1996-10-22	0	1.42	27	7
1996-10-23	7.5	1.37	23	7
1996-10-24	0	2.31	20	9
1996-10-25	0	3.55	22	8
1996-10-26	0	3.45	25	4
1996-10-27	0	4.67	27	3
1996-10-28	0	4.05	26	4
1996-10-29	1	5.17	27	5
1996-10-30	14	5.18	26	9
1996-10-31	0	5.5	27	8
1996-11-01	0	4.26	16	4
1996-11-02	0	2.95	17	6
1996-11-03	0	2.7	18	6
1996-11-04	0	3.56	17	5
1996-11-05	0	2.96	14	4
1996-11-06	0	3.9	19	6
1996-11-07	0	1.9	26	7
1996-11-08	0	1.7	13	9
1996-11-09	0	2.9	15	5
1996-11-10	0	3.33	18	2
1996-11-11	1	3.17	16	6
1996-11-12	0	2.85	17	7
1996-11-13	0	1.25	14	8
1996-11-14	0	4.25	10	7
1996-11-15	0	3.89	21	7
1996-11-16	0	1.56	23	6
1996-11-17	0	4.5	24	5
1996-11-18	0	1.35	17	7
1996-11-19	0	4.01	22	7
1996-11-20	0	4.72	24	3
1996-11-21	0	3.97	25	4
1996-11-22	0	5.85	23	3
1996-11-23	0	0.9	24	3
1996-11-24	0	4	23	6
1996-11-25	0	3.05	21	9
1996-11-26	0	1.88	11	6
1996-11-27	0	0.66	14	6
1996-11-28	0	2.81	21	6
1996-11-29	0	1.8	25	6
1996-11-30	0	3.5	25	6
1996-12-01	0	4.35	20	12
1996-12-02	0	2.33	23	9
1996-12-03	0	2.52	25	9
1996-12-04	0	3.66	23	8
1996-12-05	0	2.19	24	6
1996-12-06	0	1.07	23	8
1996-12-07	0	4.2	24	8
1996-12-08	0	3.1	24	8
1996-12-09	0	2.77	21	4
1996-12-10	0	3.73	23	2
1996-12-11	0	3.15	25	3
1996-12-12	0	2.47	24	4
1996-12-13	0	4.18	21	3
1996-12-14	0	2.8	22	3
1996-12-15	0	6.2	23	3
1996-12-16	0	3.7	23	5
1996-12-17	0	4.5	21	4
1996-12-18	1	2.05	18	2
1996-12-19	1	2.35	10	6
1996-12-20	0	1.96	16	3
1996-12-21	0	0.4	20	2
1996-12-22	0	1.9	18	3
1996-12-23	0	4.1	25	4
1996-12-24	0	2.74	20	5
1996-12-25	0	2.05	22	5
1996-12-26	0	3.75	21	5
1996-12-27	0	2.4	23	6
1996-12-28	0	3.6	23	9
1996-12-29	2	3.1	18	8
1996-12-30	0	0.86	20	8
1996-12-31	0	3.92	22	7
1997-01-01	0	3.07	22	7
1997-01-02	0	2.05	20	7
1997-01-03	0	1.5	21	6
1997-01-04	0	5.6	23	4
1997-01-05	0	3.05	24	4
1997-01-06	0	3.85	26	4
1997-01-07	0	2.46	24	3
1997-01-08	0	4.94	23	5
1997-01-09	0	3.57	19	7
1997-01-10	0	3.58	22	4
1997-01-11	0	4.55	20	0
1997-01-12	0	3.8	21	-3
1997-01-13	0	2.55	22	-4
1997-01-14	0	4.95	23	0
1997-01-15	0	3.6	17	3
1997-01-16	0	1.38	16	1
1997-01-17	0	3.52	20	2
1997-01-18	0	2.2	22	2
1997-01-19	0	1.68	21	2
1997-01-20	0	1.97	23	2
1997-01-21	0	3.69	24	3
1997-01-22	0	2.24	24	2
1997-01-23	0	4.6	26	3
1997-01-24	0	3.52	25	4
1997-01-25	0	3.1	23	4
1997-01-26	0	4.9	25	2
1997-01-27	0	4.02	26	2
1997-01-28	0	2.28	17	4
1997-01-29	0	1.4	24	4
1997-01-30	0	2.5	23	5
1997-01-31	0	1.36	25	4
1997-02-01	0	3.52	26	4
1997-02-02	0	2.6	24	8
1997-02-03	0	3.26	27	4
1997-02-04	0	4.39	24	4
1997-02-05	0	2.35	15	7
1997-02-06	0	3.88	23	5
1997-02-07	0	3.12	27	5
1997-02-08	0	5.75	27	5
1997-02-09	0	5.45	26	8
1997-02-10	0	2.5	23	6
1997-02-11	0	5.3	26	6
1997-02-12	0	5.55	30	7
1997-02-13	0	6.35	28	6
1997-02-14	0	4.67	25	5
1997-02-15	0	3.11	11	5
1997-02-16	0	3.31	14	2
1997-02-17	0	3.51	20	2
1997-02-18	0	4.5	24	1
1997-02-19	0	7.6	27	2
1997-02-20	0	5.9	29	3
1997-02-21	0	5.83	29	4
1997-02-22	0	5.84	28	6
1997-02-23	0	3.33	26	4
1997-02-24	0	3.5	28	6
1997-02-25	0	3.65	27	6
1997-02-26	0	4.85	30	6
1997-02-27	0	4.6	29	7
1997-02-28	0	8.75	29	5
1997-03-01	0	5.5	32	5
1997-03-02	0	6.05	32	6
1997-03-03	0	9.7	32	6
1997-03-04	0	4.35	33	5
1997-03-05	0	8	31	5
1997-03-06	0	3.7	25	7
1997-03-07	0	4	25	7
1997-03-08	0	2.2	23	6
1997-03-09	0	7.03	25	6
1997-03-10	0	5.42	24	7
1997-03-11	0	3.7	28	7
1997-03-12	0	4.72	26	10
1997-03-13	0	4.63	27	8
1997-03-14	0	5.8	30	8
1997-03-15	0	3.1	30	9
1997-03-16	0	5.4	27	9
1997-03-17	0	6	30	9
1997-03-18	10	5.05	20	9
1997-03-19	0	3.95	16	5
1997-03-20	0	2.8	30	5
1997-03-21	11	4.1	25	5
1997-03-22	2	2.63	18	7
1997-03-23	0	1.42	20	4
1997-03-24	0	3.5	22	6
1997-03-25	0	4.8	28	7
1997-03-26	0	6.75	25	7
1997-03-27	2	3.79	28	8
1997-03-28	1	3.26	26	10
1997-03-29	0	4.9	24	8
1997-03-30	12	4.25	30	7
1997-03-31	5	2.3	24	7
1997-04-01	0	4.52	27	10
1997-04-02	0	1.18	26	9
1997-04-03	29	8.72	28	8
1997-04-04	0	4.03	26	10
1997-04-05	0	2.4	25	9
1997-04-06	0	4.1	26	7
1997-04-07	6	3.27	24	7
1997-04-08	0	2.13	23	5
1997-04-09	2	2.05	22	9
1997-04-10	10	2.04	24	8
1997-04-11	0	4.1	24	10
1997-04-12	0	1.86	23	9
1997-04-13	0	1.92	25	9
1997-04-14	3	1.76	20	9
1997-04-15	11	4.32	25	8
1997-04-16	6	0.65	20	9
1997-04-17	6	5.32	21	6
1997-04-18	0	3.11	23	9
1997-04-19	0	2.12	23	12
1997-04-20	0	1.87	22	8
1997-04-21	0	1.53	25	6
1997-04-22	0	3.83	28	7
1997-04-23	0	3.51	24	7
1997-04-24	0	3.4	26	6
1997-04-25	0	4.25	31	5
1997-04-26	0	4	29	6
1997-04-27	0	3.13	26	6
1997-04-28	0	4.16	28	7
1997-04-29	0	4.97	31	8
1997-04-30	0	2.85	22	9
1997-05-01	0	5.6	29	10
1997-05-02	0	7.4	31	10
1997-05-03	0	3.5	21	10
1997-05-04	0	3	24	7
1997-05-05	0	1.5	25	10
1997-05-06	0	5.3	27	6
1997-05-07	0	6.37	27	7
1997-05-08	20	7.38	25	10
1997-05-09	20	5.77	25	10
1997-05-10	0	2.33	21	10
1997-05-11	0	3.75	23	10
1997-05-12	0	4.5	24	10
1997-05-13	0	4.8	26	10
1997-05-14	6	3.27	24	11
1997-05-15	5	2.43	25	10
1997-05-16	3	7.15	25	11
1997-05-17	0	3.25	23	10
1997-05-18	0	1.95	25	10
1997-05-19	1	3.2	27	10
1997-05-20	3	7.05	25	11
1997-05-21	0	1.6	24	10
1997-05-22	47	6.85	25	10
1997-05-23	13	5.99	23	8
1997-05-24	0	6.51	24	10
1997-05-25	5	3.96	27	10
1997-05-26	7	5.79	26	7
1997-05-27	0	4.39	21	9
1997-05-28	13	9.76	24	10
1997-05-29	0	5.32	25	11
1997-05-30	0	6.13	26	9
1997-05-31	0	5.4	24	11
1997-06-01	0	3.7	26	10
1997-06-02	0	7.65	27	9
1997-06-03	0	2.79	27	10
1997-06-04	0	4.91	26	9
1997-06-05	0	4.65	28	9
1997-06-06	5	6.85	29	10
1997-06-07	0	5.65	28	11
1997-06-08	0	5.5	28	14
1997-06-09	0	4.35	27	13
1997-06-10	0	1.95	27	13
1997-06-11	0	5.05	29	12
1997-06-12	0	5.55	30	11
1997-06-13	0	5.1	31	10
1997-06-14	0	5.3	30	10
1997-06-15	0	5.6	30	10
1997-06-16	0	5	29	11
1997-06-17	0	5.1	30	11
1997-06-18	0	3.9	27	11
1997-06-19	0	3.85	28	11
1997-06-20	0	4.4	29	10
1997-06-21	6	4.85	29	10
1997-06-22	4	2.75	26	11
1997-06-23	10	3.47	21	10
1997-06-24	0	1.53	21	10
1997-06-25	0	2	20	12
1997-06-26	0	4.9	23	12
1997-06-27	0	3.73	24	13
1997-06-28	0	7.17	31	12
1997-06-29	0	5.2	26	12
1997-06-30	0	1.4	26	10
1997-07-01	5	1.2	20	11
1997-07-02	3	3.15	20	12
1997-07-03	0	5.55	24	12
1997-07-04	0	4.05	25	11
1997-07-05	0	7.15	26	11
1997-07-06	0	6	24	11
1997-07-07	0	3.5	24	11
1997-07-08	0	7.5	24	11
1997-07-09	1	4.2	25	11
1997-07-10	0	5.2	28	11
1997-07-11	0	8.27	27	11
1997-07-12	0	6.54	24	11
1997-07-13	0	3.99	24	12
1997-07-14	0	3.85	25	11
1997-07-15	0	3.95	27	10
1997-07-16	0	4.6	24	10
1997-07-17	0	3.34	25	11
1997-07-18	3	7.51	27	10
1997-07-19	26	3.55	25	10
1997-07-20	4	5	26	11
1997-07-21	0	1.15	22	11
1997-07-22	0	2.78	26	13
1997-07-23	0	4.27	26	12
1997-07-24	0	6.4	24	11
1997-07-25	0	5.65	27	11
1997-07-26	0	2.74	24	11
1997-07-27	0	4.5	28	12
1997-07-28	0	4.16	25	11
1997-07-29	0	2.3	27	11
1997-07-30	0	4.5	28	11
1997-07-31	0	3.95	24	12
1997-08-01	0	3.69	24	10
1997-08-02	0	5.85	26	10
1997-08-03	0	3.84	21	11
1997-08-04	35	4.33	19	12
1997-08-05	2	5.16	24	11
1997-08-06	0	4	22	10
1997-08-07	0	5.7	28	10
1997-08-08	0	4.83	28	10
1997-08-09	26	1.73	28	12
1997-08-10	0	5.24	26	11
1997-08-11	0	5.7	26	11
1997-08-12	0	7.4	25	12
1997-08-13	0	5	25	10
1997-08-14	4	0.9	25	11
1997-08-15	3	4.1	25	11
1997-08-16	0	3.6	26	12
1997-08-17	27	10.65	26	14
1997-08-18	0	3.35	24	11
1997-08-19	1	2	25	11
1997-08-20	0	1.72	26	12
1997-08-21	0	5.89	26	11
1997-08-22	0	6.89	27	11
1997-08-23	0	3.8	26	11
1997-08-24	0	4.3	26	11
1997-08-25	0	3.3	22	9
1997-08-26	0	4.95	26	11
1997-08-27	0	4.2	24	12
1997-08-28	0	3.15	24	13
1997-08-29	0	4.1	26	11
1997-08-30	1	3.8	25	11
1997-08-31	0	4.35	25	9
1997-09-01	0	3.55	24	10
1997-09-02	0	2.7	21	10
1997-09-03	0	0.9	21	10
1997-09-04	0	0.7	18	10
1997-09-05	0	1.2	19	11
1997-09-06	0	2.1	20	12
1997-09-07	0	4.9	24	14
1997-09-08	0	2.2	24	14
1997-09-09	0	4.5	24	10
1997-09-10	4	6	24	8
1997-09-11	0	1.1	23	9
1997-09-12	0	2.9	25	10
1997-09-13	0	4.1	22	11
1997-09-14	0	3.3	24	13
1997-09-15	0	2.95	22	10
1997-09-16	0	3.73	25	11
1997-09-17	0	3.67	26	11
1997-09-18	0	2.5	24	10
1997-09-19	0	3.5	23	11
1997-09-20	0	2.2	21	11
1997-09-21	0	1	20	12
1997-09-22	3	0.9	26	11
1997-09-23	0	3.8	26	11
1997-09-24	24	5.5	25	11
1997-09-25	3.4	4.8	15	10
1997-09-26	0	2.7	20	8
1997-09-27	0	2.1	23	9
1997-09-28	0	4.5	24	8
1997-09-29	0	4.2	23	9
1997-09-30	0	2.64	24	11
1997-10-01	1	4.16	24	7
1997-10-02	0	1.9	20	9
1997-10-03	0	3.1	23	12
1997-10-04	0	2.1	25	11
1997-10-05	0	4.8	23	10
1997-10-06	0	3.1	22	10
1997-10-07	0	1.5	20	14
1997-10-08	0	3.5	23	14
1997-10-09	11.5	0.2	25	14
1997-10-10	29	4.4	24	14
1997-10-11	4	2.1	16	13
1997-10-12	6.3	2.6	14	12
1997-10-13	9	7.9	16	11
1997-10-14	0	3.6	13	8
1997-10-15	0	1.87	20	4
1997-10-16	0	4	19	4
1997-10-17	0	2.93	21	5
1997-10-18	0	1.6	21	1
1997-10-19	0	4	22	1
1997-10-20	0	2.85	24	1
1997-10-21	0	4.75	24	2
1997-10-22	0	2.3	26	4
1997-10-23	0	4.9	25	5
1997-10-24	0	4.6	19	6
1997-10-25	0	4.03	12	6
1997-10-26	0	1.77	18	6
1997-10-27	0	3.9	26	5
1997-10-28	0	4.3	25	6
1997-10-29	0	3.5	26	8
1997-10-30	0	4	25	8
1997-10-31	0	4.7	27	7
1997-11-01	0	3.2	26	9
1997-11-02	0	4.7	21	9
1997-11-03	0	1.8	18	11
1997-11-04	0	2.3	22	9
1997-11-05	0	3.6	23	7
1997-11-06	0	3.6	22	3
1997-11-07	0	2.7	20	3
1997-11-08	0	3.4	22	4
1997-11-09	8	0.7	22	4
1997-11-10	0	1.7	22	6
1997-11-11	0	1.8	21	10
1997-11-12	0	2.7	21	12
1997-11-13	0	4.7	24	8
1997-11-14	0	2.1	21	4
1997-11-15	0	2.9	21	4
1997-11-16	0	2.6	23	7
1997-11-17	0	1.8	24	6
1997-11-18	0	2.3	22	5
1997-11-19	0	2.3	20	7
1997-11-20	0	2.8	23	7
1997-11-21	0	3.8	26	9
1997-11-22	0	4.2	25	7
1997-11-23	0	4.3	25	7
1997-11-24	0	5.3	18	7
1997-11-25	0	4.7	21	7
1997-11-26	0	2.5	24	7
1997-11-27	0	2.3	22	5
1997-11-28	0	2.5	22	4
1997-11-29	0	3.1	24	4
1997-11-30	0	2.8	23	3
1997-12-01	0	2.9	24	4
1997-12-02	0	2.8	25	5
1997-12-03	0	2.6	24	5
1997-12-04	0	3	23	6
1997-12-05	0	3.7	22	5
1997-12-06	0	3.3	23	5
1997-12-07	0	1.3	24	5
1997-12-08	0	4	23	5
1997-12-09	0	1.9	25	4
1997-12-10	0	3.2	25	4
1997-12-11	0	3.7	25	3
1997-12-12	0	1.8	11	4
1997-12-13	0	1.1	NULO	NULO
1997-12-14	0	1.3	9	5
1997-12-15	0	3.7	12	3
1997-12-16	0	2.6	19	2
1997-12-17	5	4	17	3
1997-12-18	0	1.6	21	5
1997-12-19	0	2.3	23	5
1997-12-20	0	4.47	24	5
1997-12-21	0	3.43	25	7
1997-12-22	0	2.67	21	9
1997-12-23	0	1.03	20	11
1997-12-24	0	0.87	21	9
1997-12-25	0	4.31	21	9
1997-12-26	0	3.12	25	5
1997-12-27	0	0.54	14	2
1997-12-28	0	1.81	24	6
1997-12-29	0	1.12	20	4
1997-12-30	0	4.72	14	-3
1997-12-31	0	6.49	24	4
1998-01-01	0	4.49	23	8
1998-01-02	0	3.03	30	5
1998-01-03	0	2.15	33	1
1998-01-04	0	2.15	32	3
1998-01-05	0	3.01	25	4
1998-01-06	0	1.49	24	0
1998-01-07	0	2.1	20	2
1998-01-08	0	2.7	23	1
1998-01-09	0	5.8	24	1
1998-01-10	0	3.7	25	1
1998-01-11	0	1.9	23	2
1998-01-12	0	2.7	25	2
1998-01-13	0	4.7	25	4
1998-01-14	0	3.3	26	4
1998-01-15	0	4.2	19	3
1998-01-16	0	1.8	20	0
1998-01-17	0	2.7	19	2
1998-01-18	7	2.95	10	4
1998-01-19	7	0.15	16	3
1998-01-20	0	3	21	2
1998-01-21	0	1.3	23	2
1998-01-22	0	2.86	25	3
1998-01-23	0	2	19	4
1998-01-24	0	3.7	21	1
1998-01-25	0	3.3	23	2
1998-01-26	0	3.8	22	1
1998-01-27	0	3.2	21	2
1998-01-28	0	3.3	23	2
1998-01-29	0	3.7	24	3
1998-01-30	0	3.3	24	3
1998-01-31	0	3.6	25	4
1998-02-01	0	6	25	3
1998-02-02	0	2.5	12	4
1998-02-03	0	4.1	20	2
1998-02-04	0	3.4	20	1
1998-02-05	0	3.1	24	2
1998-02-06	0	2.9	22	2
1998-02-07	0	3.5	24	4
1998-02-08	0	3.9	26	2
1998-02-09	0	3.1	24	0
1998-02-10	0	2.65	26	0
1998-02-11	0	3.4	27	3
1998-02-12	0	3.9	22	3
1998-02-13	0	4.6	24	3
1998-02-14	0	4.7	22	4
1998-02-15	0	5.2	26	4
1998-02-16	0	4.3	26	3
1998-02-17	0	6.7	27	0
1998-02-18	0	5.5	26	2
1998-02-19	0	6.1	26	4
1998-02-20	0	6.4	29	4
1998-02-21	0	6.5	28	3
1998-02-22	0	9.6	29	3
1998-02-23	0	6.8	30	3
1998-02-24	0	7.1	29	6
1998-02-25	0	5.8	28	5
1998-02-26	0	5.5	29	6
1998-02-27	0	6	29	6
1998-02-28	0	5.8	30	6
1998-03-01	0	5.9	30	6
1998-03-02	0	5.2	29	6
1998-03-03	0	6.3	28	2
1998-03-04	0	5.5	30	3
1998-03-05	0	3.8	32	4
1998-03-06	0	4	32	5
1998-03-07	0	4.1	30	5
1998-03-08	0	5.7	32	5
1998-03-09	0	6.3	32	4
1998-03-10	0	3.3	30	4
1998-03-11	0	4.6	24	5
1998-03-12	0	3.8	22	4
1998-03-13	0	6	26	4
1998-03-14	0	5.6	29	5
1998-03-15	0	3.9	32	5
1998-03-16	0	3.8	29	9
1998-03-17	0	5.7	30	10
1998-03-18	0	6.7	31	8
1998-03-19	0	6.1	32	6
1998-03-20	0	4.2	22	7
1998-03-21	0	6.3	26	6
1998-03-22	0	4.9	24	4
1998-03-23	0	6.9	25	4
1998-03-24	0	5.8	30	3
1998-03-25	0	7.4	33	4
1998-03-26	0	6.7	32	5
1998-03-27	0	6.3	34	6
1998-03-28	0	5.95	32	6
1998-03-29	0	5.95	34	6
1998-03-30	0	6	35	6
1998-03-31	0	5.7	32	7
1998-04-01	0	2.8	34	6
1998-04-02	0	7.4	36	7
1998-04-03	0	6.6	30	7
1998-04-04	0	5.1	31	6
1998-04-05	0	6.5	34	8
1998-04-06	0	6.2	36	8
1998-04-07	0	6.4	36	9
1998-04-08	0	6.1	34	6
1998-04-09	0	7.8	34	6
1998-04-10	0	8.3	36	8
1998-04-11	0	5.3	36	8
1998-04-12	0	9.9	37	7
1998-04-13	0	5.8	36	7
1998-04-14	0	5.3	37	9
1998-04-15	0	8.6	37	9
1998-04-16	0	9.1	36	8
1998-04-17	0	9.5	36	9
1998-04-18	0	8.8	36	9
1998-04-19	0	6.1	35	6
1998-04-20	0	7.2	34	8
1998-04-21	0	5.1	26	7
1998-04-22	0	3.9	20	7
1998-04-23	0	5.9	26	8
1998-04-24	0	5.8	32	9
1998-04-25	0	8	32	10
1998-04-26	0	8.2	30	7
1998-04-27	0	9.8	31	7
1998-04-28	0	8.8	34	6
1998-04-29	0	5.7	25	6
1998-04-30	0	8.2	34	9
1998-05-01	0	5.66	29	10
1998-05-02	0	7.41	31	10
1998-05-03	0	3.51	21	10
1998-05-04	0	3	24	7
1998-05-05	0	1.5	25	10
1998-05-06	0	5.3	27	6
1998-05-07	0	6.37	27	7
1998-05-08	20	7.38	25	10
1998-05-09	20	5.77	25	10
1998-05-10	0.01	2.33	21	10
1998-05-11	0	3.75	23	10
1998-05-12	0	4.5	24	10
1998-05-13	0	4.8	26	10
1998-05-14	6	3.27	24	11
1998-05-15	5	2.43	25	10
1998-05-16	3	7.15	25	11
1998-05-17	0	3.25	23	10
1998-05-18	0	1.95	25	10
1998-05-19	1	3.2	27	10
1998-05-20	3	7.05	25	11
1998-05-21	0	1.6	24	10
1998-05-22	4.7	6.85	25	10
1998-05-23	1.3	5.99	23	8
1998-05-24	0	6.51	24	10
1998-05-25	5	3.96	27	10
1998-05-26	7	5.79	26	7
1998-05-27	0	4.39	21	9
1998-05-28	13	9.76	24	10
1998-05-29	0	5.32	25	11
1998-05-30	0	6.13	26	9
1998-05-31	0	5.4	24	11
1998-06-01	0	3.7	26	10
1998-06-02	0	7.65	27	9
1998-06-03	0	2.79	27	10
1998-06-04	0	4.91	26	9
1998-06-05	0	4.65	28	9
1998-06-06	5	6.85	29	10
1998-06-07	0	5.65	28	11
1998-06-08	0	5.5	28	14
1998-06-09	0	4.35	27	13
1998-06-10	0	1.95	27	13
1998-06-11	0	5.05	29	12
1998-06-12	0	5.55	30	11
1998-06-13	0	5.1	31	10
1998-06-14	0	5.3	30	10
1998-06-15	0	5.6	30	10
1998-06-16	0	5	29	11
1998-06-17	0	5.1	30	11
1998-06-18	0	3.9	27	11
1998-06-19	0	3.85	28	12
1998-06-20	0	4.4	27	10
1998-06-21	6	4.85	29	10
1998-06-22	4	2.75	26	11
1998-06-23	10	3.47	21	10
1998-06-24	0	1.53	21	10
1998-06-25	3	2	22	12
1998-06-26	0	4.9	23	12
1998-06-27	0	3.73	24	13
1998-06-28	0	7.17	31	12
1998-06-29	0	5.2	26	12
1998-06-30	0	1.4	26	10
1998-07-01	0	4.9	28	12
1998-07-02	0	6.7	28	9
1998-07-03	13	0.92	26	9
1998-07-04	0	6.08	24	10
1998-07-05	0	7.7	26	9
1998-07-06	0	7.4	28	10
1998-07-07	0	6.2	27	10
1998-07-08	0	4.64	27	9
1998-07-09	0	7.88	28	10
1998-07-10	0	7.88	29	11
1998-07-11	0	3.6	28	10
1998-07-12	1	7.7	30	10
1998-07-13	1	3.7	27	11
1998-07-14	0	4.23	28	10
1998-07-15	9	3.47	30	9
1998-07-16	0	7.6	30	10
1998-07-17	0	6.3	29	10
1998-07-18	0	5.2	29	10
1998-07-19	0	3.8	30	11
1998-07-20	0	5.5	30	10
1998-07-21	0	7.2	29	10
1998-07-22	0	6.6	28	12
1998-07-23	0	7.98	29	10
1998-07-24	0	9.72	28	11
1998-07-25	0	7.8	27	11
1998-07-26	0	9.41	30	11
1998-07-27	0	8.07	27	11
1998-07-28	0	3.92	27	11
1998-07-29	0	9.04	28	10
1998-07-30	0	8.92	26	10
1998-07-31	0	8.14	26	11
1998-08-01	0	8.01	28	11
1998-08-02	0	9.06	28	12
1998-08-03	0	10.26	29	10
1998-08-04	0	9.8	29	9
1998-08-05	0	5.41	28	9
1998-08-06	10	6.35	26	10
1998-08-07	0	4.54	29	8
1998-08-08	0	5.63	29	9
1998-08-09	0	4.3	21	11
1998-08-10	0	5.87	25	10
1998-08-11	0	5.09	24	11
1998-08-12	0	5.87	21	11
1998-08-13	0	16.31	24	10
1998-08-14	0	7.78	26	10
1998-08-15	5	8.88	27	11
1998-08-16	0	8.1	27	11
1998-08-17	1	7.69	26	10
1998-08-18	0	6.6	25	13
1998-08-19	0	7.3	26	12
1998-08-20	7	3.72	16	14
1998-08-21	0	4.93	20	12
1998-08-22	0	5.97	24	12
1998-08-23	0	5.6	25	11
1998-08-24	0	6.58	26	10
1998-08-25	0	4.65	25	12
1998-08-26	0	5.85	24	12
1998-08-27	0	5.5	28	10
1998-08-28	0	6.9	26	9
1998-08-29	0	5.5	25	10
1998-08-30	9	5.4	25	10
1998-08-31	0	7.8	25	13
1998-09-01	0	3.7	25	12
1998-09-02	0	4.3	24	12
1998-09-03	0	4.95	22	11
1998-09-04	26	6.25	18	10
1998-09-05	0	6.5	20	10
1998-09-06	20	7.7	20	14
1998-09-07	3	4.58	20	12
1998-09-08	0	5.16	21	12
1998-09-09	0	6.84	21	10
1998-09-10	0	4.15	21	12
1998-09-11	57	6.38	22	12
1998-09-12	20	5.83	26	10
1998-09-13	5	4	27	12
1998-09-14	0	4.75	23	15
1998-09-15	5	5.69	21	14
1998-09-16	0	4.22	18	14
1998-09-17	0	NULO	20	14
1998-09-18	15	NULO	20	14
1998-09-19	18	NULO	26	14
1998-09-20	3	NULO	25	14
1998-09-21	13	NULO	25	12
1998-09-22	2	NULO	25	13
1998-09-23	2	NULO	24	12
1998-09-24	0	NULO	22	11
1998-09-25	0	NULO	20	11
1998-09-26	0	NULO	22	11
1998-09-27	0	NULO	26	12
1998-09-28	0	NULO	25	13
1998-09-29	4	NULO	24	13
1998-09-30	5	NULO	22	14
1998-10-01	10	NULO	23	13
1998-10-02	33	NULO	23	13
1998-10-03	0	NULO	24	14
1998-10-04	6	NULO	24	13
1998-10-05	11	NULO	25	12
1998-10-06	2	NULO	25	11
1998-10-07	3	NULO	25	12
1998-10-08	0	NULO	25	11
1998-10-09	0	NULO	25	11
1998-10-10	4	NULO	24	10
1998-10-11	2	NULO	20	10
1998-10-12	0	NULO	31	9
1998-10-13	0	NULO	25	10
1998-10-14	0	NULO	19	10
1998-10-15	3	NULO	21	11
1998-10-16	0	NULO	21	12
1998-10-17	0	NULO	23	12
1998-10-18	2	NULO	23	12
1998-10-19	0	NULO	20	12
1998-10-20	0	NULO	19	11
1998-10-21	2	NULO	17	11
1998-10-22	2	NULO	15	8
1998-10-23	2	NULO	18	8
1998-10-24	2	NULO	16	8
1998-10-25	2	NULO	16	8
1998-10-26	0	NULO	18	10
1998-10-27	0	NULO	20	11
1998-10-28	0	NULO	20	9
1998-10-29	0	NULO	25	7
1998-10-30	0	NULO	23	8
1998-10-31	0	NULO	25	10
1998-11-01	0	NULO	24	10
1998-11-02	0	NULO	24	9
1998-11-03	0	NULO	25	9
1998-11-04	0	NULO	24	10
1998-11-05	0	NULO	25	9
1998-11-06	0	NULO	24	10
1998-11-07	0	NULO	20	8
1998-11-08	0	NULO	23	9
1998-11-09	0	NULO	24	7
1998-11-10	0	NULO	26	9
1998-11-11	0	NULO	26	9
1998-11-12	0	NULO	23	10
1998-11-13	0	NULO	24	8
1998-11-14	0	NULO	23	7
1998-11-15	0	NULO	24	7
1998-11-16	0	NULO	23	7
1998-11-17	0	NULO	24	6
1998-11-18	0	NULO	22	5
1998-11-19	0	NULO	22	6
1998-11-20	0	NULO	21	5
1998-11-21	0	NULO	25	5
1998-11-22	0	NULO	25	5
1998-11-23	3	NULO	25	5
1998-11-24	0	NULO	17	5
1998-11-25	0	NULO	18	9
1998-11-26	0	NULO	21	9
1998-11-27	0	NULO	20	9
1998-11-28	0	NULO	21	7
1998-11-29	0	NULO	20	7
1998-11-30	0	NULO	22	3
1998-12-01	0	NULO	17	8
1998-12-02	0	NULO	18	7
1998-12-03	0	NULO	20	7
1998-12-04	0	NULO	22	7
1998-12-05	0	NULO	21	7
1998-12-06	0	NULO	20	6
1998-12-07	0	NULO	22	4
1998-12-08	0	NULO	24	5
1998-12-09	0	NULO	24	3
1998-12-10	0	NULO	25	5
1998-12-11	0	NULO	24	5
1998-12-12	0	NULO	22	5
1998-12-13	0	NULO	23	4
1998-12-14	0	NULO	15	3
1998-12-15	0	NULO	19	0
1998-12-16	0	NULO	20	1
1998-12-17	0	NULO	20	5
1998-12-18	0	NULO	22	1
1998-12-19	0	NULO	25	2
1998-12-20	0	NULO	24	0
1998-12-21	0	NULO	22	4
1998-12-22	0	NULO	24	6
1998-12-23	0	NULO	26	6
1998-12-24	0	NULO	26	4
1998-12-25	0	NULO	26	6
1998-12-26	0	NULO	26	5
1998-12-27	0	NULO	26	1
1998-12-28	0	NULO	24	2
1998-12-29	0	NULO	18	4
1998-12-30	0	NULO	16	4
1998-12-31	0	NULO	18	6
1999-01-01	0	2.3	22	4
1999-01-02	0	4.4	20	4
1999-01-03	0	4.24	22	3
1999-01-04	0	5.76	16	0
1999-01-05	0	3.33	18	1
1999-01-06	0	2.65	16	2
1999-01-07	0	4.22	24	2
1999-01-08	0	4.01	20	1
1999-01-09	0	5.23	22	3
1999-01-10	0	5.56	23	2
1999-01-11	0	1.47	20	-2
1999-01-12	0	5.09	24	-1
1999-01-13	0	4.44	23	-1
1999-01-14	0	6.28	20	2
1999-01-15	0	5.92	22	3
1999-01-16	0	3.8	22	4
1999-01-17	0	3.6	24	4
1999-01-18	0	2.8	24	3
1999-01-19	0	2.2	22	2
1999-01-20	0	2.7	24	1
1999-01-21	0	2.07	25	0
1999-01-22	0	1.13	24	1
1999-01-23	0	2.7	22	2
1999-01-24	0	1.8	25	2
1999-01-25	0	2.3	21	3
1999-01-26	0	2.7	23	3
1999-01-27	0	2.24	26	1
1999-01-28	0	4.02	20	1
1999-01-29	0	2.99	18	4
1999-01-30	0	2.75	26	4
1999-01-31	0	2.3	20	4
1999-02-01	0	2.3	22	4
1999-02-02	0	2.9	23	3
1999-02-03	0	2.8	20	3
1999-02-04	0	2.09	22	2
1999-02-05	0	2.42	23	2
1999-02-06	0	2.96	27	3
1999-02-07	0	3.05	26	4
1999-02-08	0	3.15	26	4
1999-02-09	0	2.54	27	4
1999-02-10	0	2.37	27	2
1999-02-11	0	2.81	20	3
1999-02-12	0	2.83	8	4
1999-02-13	0	3.28	12	1
1999-02-14	0	2.08	16	-3
1999-02-15	0	2.2	25	-2
1999-02-16	0	3.7	26	0
1999-02-17	0	2.54	22	4
1999-02-18	0	2.7	20	5
1999-02-19	0	4.2	21	6
1999-02-20	0	4.06	27	2
1999-02-21	0	3.24	15	3
1999-02-22	0	4.89	20	3
1999-02-23	0	3.85	25	4
1999-02-24	0	4.67	24	5
1999-02-25	0	5.4	24	5
1999-02-26	0	3.85	26	5
1999-02-27	0	4.14	26	4
1999-02-28	0	3.7	24	5
1999-03-01	0	3.3	22	6
1999-03-02	0	4.9	26	6
1999-03-03	0	4.55	24	4
1999-03-04	0	6.3	27	6
1999-03-05	0	6.85	26	7
1999-03-06	0	3.6	28	6
1999-03-07	0	5.7	28	7
1999-03-08	0	4.8	30	7
1999-03-09	0	7.2	30	7
1999-03-10	0	4.6	32	7
1999-03-11	0	6.6	31	6
1999-03-12	0	7.48	29	7
1999-03-13	0	6.12	30	6
1999-03-14	0	6.35	20	6
1999-03-15	0	6.85	25	3
1999-03-16	0	3.3	25	2
1999-03-17	0	3.4	30	6
1999-03-18	0	4.6	30	7
1999-03-19	0	6.3	29	8
1999-03-20	0	4.6	30	8
1999-03-21	0	4.2	30	8
1999-03-22	0	6.5	29	8
1999-03-23	0	6.01	30	8
1999-03-24	0	6.79	31	8
1999-03-25	0	6.47	28	8
1999-03-26	0	6.7	30	6
1999-03-27	0	6.6	28	6
1999-03-28	0	6.59	30	9
1999-03-29	0	7.11	28	8
1999-03-30	0	7.2	28	8
1999-03-31	0	7.5	20	9
1999-04-01	0	8.3	34	6
1999-04-02	0	8.6	32	8
1999-04-03	0	6.8	33	8
1999-04-04	0	4.3	34	8
1999-04-05	0	7.3	32	8
1999-04-06	0	5.7	31	7
1999-04-07	0	8.25	34	7
1999-04-08	0	7.65	34	8
1999-04-09	0	5.47	35	7
1999-04-10	0	7.18	35	7
1999-04-11	0	6.95	34	7
1999-04-12	0	5.25	32	6
1999-04-13	0	7.8	32	6
1999-04-14	0	9.1	34	6
1999-04-15	0	6.8	29	6
1999-04-16	7	0.9	21	9
1999-04-17	0	4.2	19	9
1999-04-18	0	5.06	16	6
1999-04-19	0	1.14	26	5
1999-04-20	0	4.4	27	5
1999-04-21	0	3.45	32	5
1999-04-22	0	4.85	32	5
1999-04-23	0	6.1	32	8
1999-04-24	0	5.9	30	9
1999-04-25	0	9.19	32	9
1999-04-26	0	4.85	33	10
1999-04-27	0	5.46	34	10
1999-04-28	0	7	33	10
1999-04-29	0	8.9	34	10
1999-04-30	0	7.76	32	11
1999-05-01	0	6.94	31	11
1999-05-02	0	5.9	32	10
1999-05-03	0	7.16	34	10
1999-05-04	0	7.85	34	10
1999-05-05	0	8.91	32	10
1999-05-06	0	8.9	32	10
1999-05-07	2	10.1	33	10
1999-05-08	2	9.7	34	10
1999-05-09	0	8.3	34	10
1999-05-10	0	8.8	32	10
1999-05-11	0	6.1	32	10
1999-05-12	0	6.6	33	10
1999-05-13	0	5.92	31	9
1999-05-14	0	9.37	32	10
1999-05-15	0	8.7	32	9
1999-05-16	0	10.64	33	9
1999-05-17	0	6.74	33	9
1999-05-18	0	5.92	34	10
1999-05-19	0	8.03	25	6
1999-05-20	0	7.65	24	6
1999-05-21	0	8.21	26	7
1999-05-22	0	6.2	30	7
1999-05-23	0	7.31	27	6
1999-05-24	0	8.3	31	6
1999-05-25	0	8.39	31	9
1999-05-26	0	3.61	33	9
1999-05-27	4	3.2	25	10
1999-05-28	0	7.19	26	8
1999-05-29	0	5.8	26	8
1999-05-30	0	7.52	29	9
1999-05-31	0	9.2	31	8
1999-06-01	0	7.7	30	8
1999-06-02	0	9.19	31	9
1999-06-03	0	13.11	31	10
1999-06-04	0	7.2	30	10
1999-06-05	0	8.71	31	10
1999-06-06	0	5.93	31	10
1999-06-07	0	5.97	28	12
1999-06-08	0	7.89	28	11
1999-06-09	0	7.35	29	11
1999-06-10	0	5.84	30	10
1999-06-11	0	7.17	30	11
1999-06-12	0	5.78	29	11
1999-06-13	0	6.21	30	11
1999-06-14	0	4.04	29	11
1999-06-15	0	5.8	30	11
1999-06-16	0	7.8	27	11
1999-06-17	1	5.46	20	10
1999-06-18	7	6.75	23	10
1999-06-19	16	5.95	23	10
1999-06-20	0	6.5	22	11
1999-06-21	0	4.6	25	11
1999-06-22	0	5.4	26	12
1999-06-23	0	6.09	26	13
1999-06-24	0	7.8	25	14
1999-06-25	20	6.61	26	12
1999-06-26	0	5.72	26	10
1999-06-27	16	3.2	24	12
1999-06-28	34	5.41	25	10
1999-06-29	0	6.39	24	10
1999-06-30	0	6.05	26	10
1999-07-01	0	6.86	25	12
1999-07-02	26	8.2	21	12
1999-07-03	32	6.7	20	12
1999-07-04	14	NULO	21	10
1999-07-05	0	NULO	22	12
1999-07-06	0	4.6	21	12
1999-07-07	0	5.4	19	10
1999-07-08	0	4.6	23	10
1999-07-09	0	4.7	24	10
1999-07-10	5	7.5	24	10
1999-07-11	20	NULO	22	10
1999-07-12	0	NULO	20	12
1999-07-13	0	4.6	21	11
1999-07-14	0	4.06	24	10
1999-07-15	0	8.94	24	10
1999-07-16	0	3.2	22	10
1999-07-17	0	1.9	20	9
1999-07-18	3	5	20	8
1999-07-19	6	NULO	18	8
1999-07-20	0	6.19	18	8
1999-07-21	0	6.19	17	8
1999-07-22	0	4.92	19	7
1999-07-23	0	5.38	21	8
1999-07-24	0	4.62	22	9
1999-07-25	0	5.86	24	11
1999-07-26	0	3.34	22	10
1999-07-27	0	5.74	25	10
1999-07-28	0	3.76	24	12
1999-07-29	0	2.6	25	16
1999-07-30	0	5.5	24	12
1999-07-31	0	4.27	27	10
1999-08-01	0	4.93	28	8
1999-08-02	0	4.9	28	8
1999-08-03	0	4.3	26	9
1999-08-04	0	5.5	26	7
1999-08-05	0	5.24	28	7
1999-08-06	0	4.76	27	9
1999-08-07	0	4.33	27	9
1999-08-08	0	3.17	28	8
1999-08-09	0	4.38	26	9
1999-08-10	0	6.13	28	8
1999-08-11	0	6.49	27	9
1999-08-12	0	6.07	26	8
1999-08-13	0	6.01	28	9
1999-08-14	0	8.12	28	8
1999-08-15	0	4.93	27	8
1999-08-16	0	6.5	27	7
1999-08-17	0	8.39	26	7
1999-08-18	0	5.89	27	9
1999-08-19	0	6.48	27	9
1999-08-20	15	6.22	26	8
1999-08-21	7	5.36	27	9
1999-08-22	0	5.76	25	9
1999-08-23	0	4.59	25	11
1999-08-24	0	6.85	25	7
1999-08-25	0	4.52	26	11
1999-08-26	0	6.84	20	11
1999-08-27	0	4.56	20	14
1999-08-28	10	8.47	20	11
1999-08-29	9	6.32	24	12
1999-08-30	0	4.56	24	11
1999-08-31	0	5.23	24	12
1999-09-01	0	7.98	24	10
1999-09-02	2	8.31	25	12
1999-09-03	0	8.8	24	12
1999-09-04	0	5.7	25	11
1999-09-05	30	4.1	24	12
1999-09-06	54	7.2	23	12
1999-09-07	4	2.1	20	13
1999-09-08	8	2.5	21	12
1999-09-09	2	3.7	22	13
1999-09-10	0	3.16	20	13
1999-09-11	0	2.13	21	13
1999-09-12	0	2.41	22	12
1999-09-13	0	2.7	22	10
1999-09-14	6	3.89	21	10
1999-09-15	0	2.2	21	10
1999-09-16	0	2.89	22	9
1999-09-17	0	2.96	23	7
1999-09-18	0	1.94	24	8
1999-09-19	0	1.72	24	8
1999-09-20	0	1.75	24	7
1999-09-21	0	2.91	18	5
1999-09-22	0	3.34	20	5
1999-09-23	0	1.91	23	6
1999-09-24	0	3.38	22	6
1999-09-25	0	4.09	24	6
1999-09-26	0	2.82	20	7
1999-09-27	0	3.8	25	7
1999-09-28	8	NULO	18	11
1999-09-29	28	NULO	16	12
1999-09-30	4	NULO	22	10
1999-10-01	0	0.5	22	10
1999-10-02	0	0.9	23	10
1999-10-03	6	7.1	23	10
1999-10-04	62	7.7	15	11
1999-10-05	31	0.5	13	11
1999-10-06	16	9.2	10	9
1999-10-07	0	3	24	8
1999-10-08	0	2.5	26	9
1999-10-09	0	1.7	22	9
1999-10-10	5	1.6	24	10
1999-10-11	0	0.4	16	9
1999-10-12	0	0.6	14	10
1999-10-13	0	1.3	18	10
1999-10-14	0	2.2	16	10
1999-10-15	0	3.5	20	6
1999-10-16	0	3.4	22	6
1999-10-17	0	1.3	24	9
1999-10-18	0	1.8	22	11
1999-10-19	0	3.9	16	10
1999-10-20	0	5.3	17	6
1999-10-21	0	1.9	12	5
1999-10-22	0	4.6	19	1
1999-10-23	0	2.4	21	1
1999-10-24	0	2.1	20	1
1999-10-25	0	1.4	17	0
1999-10-26	0	3.6	19	0
1999-10-27	0	2.5	20	2
1999-10-28	0	2.4	16	4
1999-10-29	0	1.69	18	4
1999-10-30	0	2.81	17	3
1999-10-31	0	3.53	22	4
1999-11-01	0	2.72	20	4
1999-11-02	0	2.25	22	4
1999-11-03	0	2.1	24	4
1999-11-04	0	1.4	20	2
1999-11-05	0	2.3	19	6
1999-11-06	0	2.2	18	6
1999-11-07	0	2.1	19	4
1999-11-08	0	1.5	15	6
1999-11-09	0	2.5	19	5
1999-11-10	0	1.7	20	8
1999-11-11	2	0.8	16	8
1999-11-12	0	3.27	16	9
1999-11-13	0	3.18	17	8
1999-11-14	0	2.86	20	8
1999-11-15	0	2.14	20	4
1999-11-16	0	1.94	21	3
1999-11-17	0	3.05	22	3
1999-11-18	0	2.94	24	3
1999-11-19	0	1.41	23	3
1999-11-20	0	2.12	22	2
1999-11-21	0	2.28	24	2
1999-11-22	0	1.77	23	1
1999-11-23	0	0.95	22	2
1999-11-24	0	2.79	24	4
1999-11-25	0	4.45	24	3
1999-11-26	0	2.62	22	3
1999-11-27	0	3.44	22	3
1999-11-28	0	3.89	21	3
1999-11-29	0	2.81	18	3
1999-11-30	0	3.24	16	2
1999-12-01	0	3.95	16	3
1999-12-02	0	1.1	19	2
1999-12-03	0	1.9	19	2
1999-12-04	0	2.11	20	2
1999-12-05	0	2.7	21	3
1999-12-06	0	1.8	18	1
1999-12-07	0	4.2	24	1
1999-12-08	0	2.24	21	1
1999-12-09	0	1.52	21	3
1999-12-10	0	2.4	22	3
1999-12-11	0	3.03	22	3
1999-12-12	0	2.05	23	4
1999-12-13	0	1.36	19	5
1999-12-14	0	2.16	22	1
1999-12-15	0	2.46	16	1
1999-12-16	0	1.76	16	3
1999-12-17	0	2.11	16	5
1999-12-18	0	1.83	16	4
1999-12-19	0	3.31	15	4
1999-12-20	0	1.96	10	4
1999-12-21	0	0.74	18	5
1999-12-22	0	2.25	19	5
1999-12-23	0	1.8	20	4
1999-12-24	0	1.26	18	2
1999-12-25	0	1.95	23	1
1999-12-26	0	1.29	22	3
1999-12-27	0	2.31	21	6
1999-12-28	0	2.76	24	5
1999-12-29	0	2.54	22	6
1999-12-30	0	2.14	21	4
1999-12-31	0	1.35	21	4
2000-01-01	0	3.54	20	4
2000-01-02	0	2.87	24	6
2000-01-03	0	3.25	26	4
2000-01-04	0	2.02	19	1
2000-01-05	0	1.43	20	2
2000-01-06	0	3.03	23	2
2000-01-07	0	1.76	24	1
2000-01-08	0	2.28	23	2
2000-01-09	0	2.1	24	2
2000-01-10	0	2.22	23	2
2000-01-11	0	2.03	24	3
2000-01-12	0	3.12	24	1
2000-01-13	0	0.76	22	1
2000-01-14	0.1	2.2	20	2
2000-01-15	0.1	1.05	14	3
2000-01-16	0.1	0.95	16	4
2000-01-17	0	1.57	17	3
2000-01-18	0	3.29	19	1
2000-01-19	0	1.59	18	1
2000-01-20	0	1.87	24	1
2000-01-21	0	6.33	21	0
2000-01-22	0	4.4	20	2
2000-01-23	0	3.29	19	2
2000-01-24	0	5.82	20	1
2000-01-25	0	3.69	25	2
2000-01-26	0	3.81	24	4
2000-01-27	0	3.44	24	5
2000-01-28	0	2.68	24	4
2000-01-29	0	3	25	4
2000-01-30	0	2.68	25	4
2000-01-31	0	2.9	25	3
2000-02-01	0	3.99	25	4
2000-02-02	0	3.31	24	4
2000-02-03	0	3.5	15	4
2000-02-04	0	2.43	21	0
2000-02-05	0	3.21	21	4
2000-02-06	0	3.92	21	5
2000-02-07	0	2.96	21	1
2000-02-08	0	3.2	16	3
2000-02-09	0	6.05	23	1
2000-02-10	0	2.91	25	3
2000-02-11	0	3.64	26	4
2000-02-12	0	3.45	27	3
2000-02-13	0	2.45	26	2
2000-02-14	0	2.8	29	2
2000-02-15	0	3.05	27	3
2000-02-16	0	4.69	28	4
2000-02-17	0	3.96	29	4
2000-02-18	0	2.5	28	3
2000-02-19	0.1	3.47	28	4
2000-02-20	0	4.15	29	4
2000-02-21	0	5.2	24	4
2000-02-22	0	4.24	24	5
2000-02-23	0	4.46	26	5
2000-02-24	0	5.6	27	5
2000-02-25	0	5.89	26	6
2000-02-26	0	4.05	27	6
2000-02-27	0	3.76	28	5
2000-02-28	0	6.19	28	4
2000-02-29	0	3.45	28	6
2000-03-01	0	5.17	30	5
2000-03-02	0	4.38	28	6
2000-03-03	0	4.05	26	6
2000-03-04	0	2.25	24	6
2000-03-05	0.1	4.31	26	5
2000-03-06	0	2.2	25	4
2000-03-07	0	3.3	21	6
2000-03-08	0	4.94	27	6
2000-03-09	0	4.24	27	4
2000-03-10	0	4.78	28	4
2000-03-11	0	4.02	28	4
2000-03-12	0.1	3.52	28	5
2000-03-13	0	4.5	28	6
2000-03-14	0	4.31	28	6
2000-03-15	0	2.79	28	6
2000-03-16	0	4.26	28	5
2000-03-17	0	4.51	30	6
2000-03-18	0	4.49	28	6
2000-03-19	0	3.95	29	6
2000-03-20	0	5.41	30	6
2000-03-21	0	5.64	31	6
2000-03-22	0	3.36	28	6
2000-03-23	0	5.6	30	9
2000-03-24	0	5	30	9
2000-03-25	0	4.1	30	8
2000-03-26	0	6.7	31	8
2000-03-27	0	5.1	31	8
2000-03-28	0	7.09	31	9
2000-03-29	0	7.11	31	9
2000-03-30	0	5.06	32	10
2000-03-31	0	3.85	32	10
2000-04-01	0	4.09	32	9
2000-04-02	0	3.94	33	9
2000-04-03	0	5	29	8
2000-04-04	0	3.3	28	8
2000-04-05	0	4.66	26	8
2000-04-06	0	5.87	26	7
2000-04-07	0	5.36	29	8
2000-04-08	0	4.64	28	8
2000-04-09	0	4.39	28	7
2000-04-10	0	4.07	30	8
2000-04-11	1	5.05	30	8
2000-04-12	0	2.82	29	8
2000-04-13	0	5.11	29	7
2000-04-14	0	3.75	30	6
2000-04-15	0	4.17	32	7
2000-04-16	0	5.07	32	8
2000-04-17	0	4.96	31	8
2000-04-18	0	4.05	31	8
2000-04-19	0	4.14	29	8
2000-04-20	0	4.11	30	7
2000-04-21	0	5.74	30	8
2000-04-22	0	5.57	30	8
2000-04-23	0	4.27	32	9
2000-04-24	0	3.93	32	8
2000-04-25	0	4.88	31	9
2000-04-26	0	3.71	32	9
2000-04-27	6	6.65	32	8
2000-04-28	5	5.95	32	6
2000-04-29	3	3.99	31	5
2000-04-30	0	4.06	31	8
2000-05-01	0	6.21	32	8
2000-05-02	0	4.83	26	9
2000-05-03	0	4.99	28	7
2000-05-04	0	4.61	28	10
2000-05-05	0	5.05	29	9
2000-05-06	0	4.49	28	8
2000-05-07	0	5.53	29	8
2000-05-08	0	2.64	29	9
2000-05-09	0	5.29	25	9
2000-05-10	0	6.71	25	10
2000-05-11	0	5.89	30	9
2000-05-12	0.1	4.4	29	8
2000-05-13	0.1	4.05	30	9
2000-05-14	0	5.96	31	8
2000-05-15	0	3	32	8
2000-05-16	0	3.79	31	7
2000-05-17	0	4.25	32	10
2000-05-18	0.1	3.25	32	9
2000-05-19	7	12.3	31	10
2000-05-20	0	0.8	32	10
2000-05-21	0	5.71	32	9
2000-05-22	0	3.06	23	8
2000-05-23	37	9.84	28	12
2000-05-24	0	5.6	29	11
2000-05-25	0	5.19	31	12
2000-05-26	7	8.8	29	11
2000-05-27	0	3.4	29	10
2000-05-28	0	2.9	29	9
2000-05-29	0	1.91	25	13
2000-05-30	0	3.24	25	14
2000-05-31	0	4.06	26	11
2000-06-01	0	4.6	24	12
2000-06-02	0	4.17	24	13
2000-06-03	0	3.95	26	10
2000-06-04	0	4.05	28	8
2000-06-05	0	3.89	27	8
2000-06-06	0.1	4.13	24	12
2000-06-07	0.1	3.98	23	10
2000-06-08	0.1	3.49	22	12
2000-06-09	15	13.49	23	12
2000-06-10	8	5.97	24	10
2000-06-11	4	5.05	25	10
2000-06-12	0.1	3.2	20	12
2000-06-13	0	4.49	24	14
2000-06-14	0	3.88	20	13
2000-06-15	13	4.07	21	14
2000-06-16	0.1	1.27	23	13
2000-06-17	0.1	2.62	22	13
2000-06-18	0.1	1.74	25	14
2000-06-19	0	2.86	23	12
2000-06-20	3	7.4	24	13
2000-06-21	2	2.8	24	14
2000-06-22	6	1.13	25	11
2000-06-23	0	3.17	26	12
2000-06-24	0	3.9	26	11
2000-06-25	0	3.6	27	10
2000-06-26	0	5.11	25	10
2000-06-27	0	3.59	26	10
2000-06-28	0	6.81	25	10
2000-06-29	0	4.2	25	10
2000-06-30	0	6.3	28	13
2000-07-01	0	5.44	26	11
2000-07-02	0	4.06	28	12
2000-07-03	0	3.79	25	11
2000-07-04	0	5.1	24	11
2000-07-05	0.1	4.51	25	11
2000-07-06	0	4.54	24	11
2000-07-07	0	2.75	26	11
2000-07-08	0	2.77	28	11
2000-07-09	0.1	3.74	26	12
2000-07-10	0	3.89	26	10
2000-07-11	0	3.8	28	10
2000-07-12	0	4.05	28	10
2000-07-13	0	3.95	27	11
2000-07-14	0	3.19	26	11
2000-07-15	0	3.95	24	10
2000-07-16	0	3.94	26	10
2000-07-17	0	3.66	28	11
2000-07-18	0	4.45	28	11
2000-07-19	0	3.08	28	12
2000-07-20	0	3.67	27	11
2000-07-21	0	3.77	28	10
2000-07-22	0	4.17	27	10
2000-07-23	0	3.36	26	12
2000-07-24	0	2.9	28	11
2000-07-25	0	4.09	28	10
2000-07-26	0	3.97	26	10
2000-07-27	20	6.19	28	11
2000-07-28	0	4.04	24	10
2000-07-29	0	3.95	26	10
2000-07-30	0	3.63	26	11
2000-07-31	0	4.45	24	10
2000-08-01	0	4.45	26	11
2000-08-02	0	3.52	26	12
2000-08-03	10	4.39	25	10
2000-08-04	0	1.25	24	12
2000-08-05	0	3.07	22	11
2000-08-06	0	2.38	22	10
2000-08-07	0	3.17	20	10
2000-08-08	16	4.38	21	10
2000-08-09	0	1.48	20	10
2000-08-10	0	1.52	20	8
2000-08-11	20	4.77	19	8
2000-08-12	0	3.67	20	8
2000-08-13	8	3.16	20	9
2000-08-14	0	5.25	20	9
2000-08-15	0.1	4.47	21	10
2000-08-16	0	4.4	22	11
2000-08-17	0	3.65	22	12
2000-08-18	0	4.48	19	10
2000-08-19	0	3.95	23	11
2000-08-20	0	4.21	23	10
2000-08-21	10	1.07	24	10
2000-08-22	2	3.2	20	8
2000-08-23	0	2.26	19	12
2000-08-24	0	3.68	24	8
2000-08-25	0	4.54	23	9
2000-08-26	0	2.26	22	10
2000-08-27	0	2.36	24	10
2000-08-28	0	3.7	25	10
2000-08-29	0	3.46	24	14
2000-08-30	0	4.43	24	12
2000-08-31	0	2.59	26	13
2000-09-01	0	3.41	26	12
2000-09-02	0	5.57	22	14
2000-09-03	5	6.04	24	14
2000-09-04	0	1.19	24	12
2000-09-05	0	4.19	24	13
2000-09-06	0	3.12	24	13
2000-09-07	0	2.68	25	13
2000-09-08	0	3.21	24	8
2000-09-09	0	3.74	25	9
2000-09-10	0	1.67	24	10
2000-09-11	0	4.32	26	12
2000-09-12	0	4.27	24	11
2000-09-13	0	2.78	25	12
2000-09-14	0	4.21	26	11
2000-09-15	1	2	21	11
2000-09-16	0	0.75	21	14
2000-09-17	6.5	4.76	19	12
2000-09-18	0	1.87	16	12
2000-09-19	0	2.14	16	11
2000-09-20	10	5.89	22	12
2000-09-21	24	7.2	23	12
2000-09-22	0	3.94	23	15
2000-09-23	13	6.17	24	13
2000-09-24	0	2.74	24	12
2000-09-25	3	3.02	20	11
2000-09-26	0	2.51	20	12
2000-09-27	0	1.88	20	11
2000-09-28	0	1.39	19	10
2000-09-29	0	3.71	19	9
2000-09-30	0	2.95	20	10
2000-10-01	0	1.66	22	8
2000-10-02	0	3.09	22	8
2000-10-03	0	2.8	22	8
2000-10-04	0	3.69	24	8
2000-10-05	0	6.11	22	6
2000-10-06	0	3.85	20	8
2000-10-07	10	4.79	16	8
2000-10-08	0.1	0.93	16	7
2000-10-09	0	1.7	13	6
2000-10-10	0	1.91	16	8
2000-10-11	0	2.3	20	8
2000-10-12	0	3.03	21	8
2000-10-13	0	2.7	22	9
2000-10-14	0	2.95	22	12
2000-10-15	0	1.39	23	11
2000-10-16	0	4.41	22	10
2000-10-17	0	1.25	22	10
2000-10-18	0	1.31	21	11
2000-10-19	0	3.47	21	11
2000-10-20	0	3.22	22	6
2000-10-21	0.1	1.85	22	6
2000-10-22	0.1	1.79	24	8
2000-10-23	0	1.83	19	7
2000-10-24	0	1.08	19	8
2000-10-25	0	4.29	21	7
2000-10-26	0	2.95	22	6
2000-10-27	0	3.11	22	6
2000-10-28	0	2.52	24	7
2000-10-29	0	1.72	24	6
2000-10-30	0	4.22	24	6
2000-10-31	0.1	2.69	21	6
2000-11-01	2	3.46	20	10
2000-11-02	0	4.48	21	11
2000-11-03	0	2.95	21	10
2000-11-04	0	2.8	24	10
2000-11-05	0	2.67	24	11
2000-11-06	0	3.64	22	12
2000-11-07	0	2.46	24	8
2000-11-08	0	4.55	26	8
2000-11-09	0	3.68	24	4
2000-11-10	0	3.17	26	6
2000-11-11	0	3.83	24	6
2000-11-12	0	4.2	26	7
2000-11-13	0	3.57	25	7
2000-11-14	0	5	20	4
2000-11-15	0	3.4	22	8
2000-11-16	0	2.82	23	8
2000-11-17	0	5.18	23	7
2000-11-18	0	4.08	24	7
2000-11-19	0	3.85	21	7
2000-11-20	0	2.1	21	7
2000-11-21	0	1.89	17	7
2000-11-22	0	1.61	16	6
2000-11-23	0	2.94	17	6
2000-11-24	0.1	2.52	19	6
2000-11-25	0	3.47	23	6
2000-11-26	0	2.2	17	7
2000-11-27	0.1	3.37	21	7
2000-11-28	0	3.1	20	7
2000-11-29	0	2.33	20	6
2000-11-30	0	2.63	20	4
2000-12-01	0	3.05	19	6
2000-12-02	0	2.69	19	6
2000-12-03	0	4.26	16	4
2000-12-04	0	NULO	16	4
2000-12-05	0	3.07	11	4
2000-12-06	0	2.38	18	4
2000-12-07	0	2.55	17	7
2000-12-08	0	3.93	20	3
2000-12-09	0	4.34	21	4
2000-12-10	0	3.21	23	3
2000-12-11	0	2.85	23	2
2000-12-12	0	2.53	22	3
2000-12-13	0	3.34	22	3
2000-12-14	0	4.09	23	4
2000-12-15	0	1.61	22	4
2000-12-16	0.1	3.43	20	4
2000-12-17	0	2.05	14	3
2000-12-18	0	3.02	21	2
2000-12-19	0	2.98	19	2
2000-12-20	0	2.54	20	4
2000-12-21	0	3.17	21	6
2000-12-22	0	2	20	4
2000-12-23	0	0.86	19	5
2000-12-24	0	5.14	19	4
2000-12-25	0	2.79	20	3
2000-12-26	0	2.63	20	2
2000-12-27	0	0.84	21	2
2000-12-28	0	2.96	19	4
2000-12-29	0	1.69	14	4
2000-12-30	0	3.54	16	4
2000-12-31	0	3.65	20	3
2001-01-01	0	2.95	20	4
2001-01-02	0	2.72	20	3
2001-01-03	0	2.47	10	3
2001-01-04	0	2.81	18	2
2001-01-05	0	2.12	20	3
2001-01-06	0	2.62	20	2
2001-01-07	0	2.26	19	1
2001-01-08	0	1.79	22	1
2001-01-09	0	3.11	22	2
2001-01-10	0	2.51	22	2
2001-01-11	0	3.56	19	5
2001-01-12	0	4.48	23	5
2001-01-13	0	3.87	22	6
2001-01-14	0	3.22	24	4
2001-01-15	0	2.44	21	4
2001-01-16	0	3.56	22	4
2001-01-17	0	3.83	21	6
2001-01-18	0	3.63	23	7
2001-01-19	0	4.02	18	3
2001-01-20	0	1.4	19	1
2001-01-21	0	3.45	20	2
2001-01-22	0	4.15	18	1
2001-01-23	0	3.7	20	2
2001-01-24	0	3.22	21	2
2001-01-25	0	3.13	22	2
2001-01-26	0	3.53	23	2
2001-01-27	0	2.29	23	2
2001-01-28	0	4.23	24	3
2001-01-29	0	4.4	24	6
2001-01-30	0	5.41	24	6
2001-01-31	0	4.09	25	2
2001-02-01	0	2.68	24	6
2001-02-02	0	3.21	23	7
2001-02-03	0	4	22	7
2001-02-04	0	0.4	19	6
2001-02-05	0	4.42	12	4
2001-02-06	0	3.7	20	4
2001-02-07	0	4.37	22	4
2001-02-08	0	1.63	23	4
2001-02-09	0	1.34	23	5
2001-02-10	0	4.28	22	6
2001-02-11	0	3.86	23	6
2001-02-12	0	4.74	24	5
2001-02-13	0	3.31	25	4
2001-02-14	0	4.67	20	5
2001-02-15	0	4.3	20	6
2001-02-16	0	3.35	24	4
2001-02-17	0	4.52	24	5
2001-02-18	0	3.68	20	5
2001-02-19	0	4.75	24	4
2001-02-20	0	4.25	24	5
2001-02-21	0	4.43	24	5
2001-02-22	0	4.12	23	5
2001-02-23	0	3.95	24	5
2001-02-24	0	4.45	24	6
2001-02-25	0	4.53	23	7
2001-02-26	2	6.69	23	10
2001-02-27	0	3.35	24	7
2001-02-28	12	10.65	24	8
2001-03-01	0	3.83	22	8
2001-03-02	0	4.15	18	9
2001-03-03	0	3.85	21	6
2001-03-04	0	4.43	22	4
2001-03-05	0	3.66	22	8
2001-03-06	0	5.24	22	8
2001-03-07	0	4.85	23	9
2001-03-08	0	4.55	21	8
2001-03-09	0	6.41	24	7
2001-03-10	0	3.64	22	8
2001-03-11	0	5.68	23	8
2001-03-12	0	5.32	22	8
2001-03-13	0	5.83	24	8
2001-03-14	0	5.54	23	9
2001-03-15	0	4.84	24	10
2001-03-16	0	2.82	20	10
2001-03-17	0	5.18	28	8
2001-03-18	0	3.82	31	8
2001-03-19	0	4.13	24	6
2001-03-20	0	3.57	12	6
2001-03-21	0	5.45	23	2
2001-03-22	0	5.15	24	2
2001-03-23	0	3.23	24	4
2001-03-24	0	4.67	24	6
2001-03-25	0	3.74	26	5
2001-03-26	2	3.99	23	6
2001-03-27	0	3.9	24	7
2001-03-28	0	4.35	25	6
2001-03-29	0	3.95	23	6
2001-03-30	0	4.05	24	7
2001-03-31	0	3.35	28	7
2001-04-01	0	5.6	29	7
2001-04-02	0	3.89	30	6
2001-04-03	0	8.68	30	8
2001-04-04	0	5.48	31	8
2001-04-05	0	5.22	32	8
2001-04-06	0	5.53	30	10
2001-04-07	0	6.25	30	8
2001-04-08	0	6.75	30	9
2001-04-09	0	7.2	32	7
2001-04-10	0	7.05	31	7
2001-04-11	0	4.76	29	8
2001-04-12	0	6.2	30	6
2001-04-13	0	8.19	32	6
2001-04-14	0	6.53	32	7
2001-04-15	0	5.45	30	6
2001-04-16	0	5.05	28	9
2001-04-17	0	5.17	26	10
2001-04-18	0	4.55	26	14
2001-04-19	0	5.31	27	10
2001-04-20	0	3.95	25	10
2001-04-21	0	5.37	28	11
2001-04-22	0	4.63	29	11
2001-04-23	0	7.89	27	10
2001-04-24	2	2.11	21	10
2001-04-25	0	4.57	20	10
2001-04-26	10	5.48	19	9
2001-04-27	0	4.92	22	9
2001-04-28	0	5.08	21	9
2001-04-29	0	3.75	21	9
2001-04-30	0	5.29	28	9
2001-05-01	0	5.26	28	9
2001-05-02	5	3.12	27	9
2001-05-03	0	6.01	27	9
2001-05-04	0	5.53	27	10
2001-05-05	0	6.25	28	11
2001-05-06	29	5.19	29	10
2001-05-07	0	3.5	22	10
2001-05-08	4	4.84	22	10
2001-05-09	0	4.17	21	8
2001-05-10	0	2.89	23	7
2001-05-11	4	3.1	24	7
2001-05-12	0	2.4	17	10
2001-05-13	0	2.64	19	10
2001-05-14	0	4.87	25	10
2001-05-15	0	4.09	25	9
2001-05-16	0	3.6	26	8
2001-05-17	0	5.44	29	8
2001-05-18	0	5.95	27	9
2001-05-19	0	6.79	28	9
2001-05-20	0	5	29	9
2001-05-21	11	8.32	30	9
2001-05-22	0	2.82	21	10
2001-05-23	0	2.38	23	12
2001-05-24	0	3.45	25	12
2001-05-25	0	5.34	25	10
2001-05-26	0	5.95	26	10
2001-05-27	0	5.06	26	10
2001-05-28	0	4.92	20	11
2001-05-29	0	4.9	20	10
2001-05-30	0	7.58	29	10
2001-05-31	0	5.6	27	10
2001-06-01	0	3.69	28	13
2001-06-02	0	5.71	28	12
2001-06-03	0	4.18	27	11
2001-06-04	0	4.72	28	11
2001-06-05	0	3.93	29	11
2001-06-06	1	5.08	30	12
2001-06-07	0	5.74	27	13
2001-06-08	0	4.78	28	14
2001-06-09	0	4.6	29	13
2001-06-10	0	3.34	28	12
2001-06-11	0	4.54	27	12
2001-06-12	6	5.14	26	12
2001-06-13	0	4.92	27	12
2001-06-14	0	3.97	26	12
2001-06-15	3	5.33	24	12
2001-06-16	0	5.39	22	13
2001-06-17	0	4.21	18	11
2001-06-18	0	3.6	21	12
2001-06-19	0	5.39	23	12
2001-06-20	0	3.05	24	12
2001-06-21	0	3.69	23	10
2001-06-22	0	2.89	24	10
2001-06-23	0	4.23	24	11
2001-06-24	0	5.43	26	10
2001-06-25	0	3.87	25	11
2001-06-26	0	4.26	25	13
2001-06-27	0	3.49	23	13
2001-06-28	0	2.86	23	14
2001-06-29	0	7.83	24	13
2001-06-30	6	6.08	26	12
2001-07-01	15	10.49	26	14
2001-07-02	0	2.84	22	13
2001-07-03	0	3.94	21	14
2001-07-04	0	4.63	24	13
2001-07-05	0	2.89	26	13
2001-07-06	0	3.86	25	12
2001-07-07	0	5.66	25	10
2001-07-08	0	3.39	24	14
2001-07-09	0	3.94	21	13
2001-07-10	0	4.21	24	14
2001-07-11	0	5.05	25	12
2001-07-12	0	4.07	27	11
2001-07-13	0	4.14	26	11
2001-07-14	0	6.19	27	14
2001-07-15	0	5.11	27	14
2001-07-16	0	4.79	28	13
2001-07-17	0	4.48	27	14
2001-07-18	0	5.73	28	13
2001-07-19	0	3.45	26	14
2001-07-20	0	2.63	27	13
2001-07-21	0	1.83	28	12
2001-07-22	0	3.64	25	11
2001-07-23	31	5.01	22	11
2001-07-24	26	9.5	23	10
2001-07-25	8	0.12	24	14
2001-07-26	4	0.98	25	13
2001-07-27	16	NULO	24	13
2001-07-28	0	NULO	23	10
2001-07-29	0	NULO	24	11
2001-07-30	0	NULO	23	10
2001-07-31	0	NULO	24	14
2001-08-01	0	2.92	25	10
2001-08-02	0	5.16	24	11
2001-08-03	0	5.46	24	11
2001-08-04	0	4.61	24	11
2001-08-05	0	4.91	25	11
2001-08-06	0	4.77	26	10
2001-08-07	0	2.67	24	12
2001-08-08	0	5.5	24	13
2001-08-09	0	3.78	26	13
2001-08-10	0	4.3	24	12
2001-08-11	0	1.86	25	12
2001-08-12	0	1.75	25	12
2001-08-13	0	3.7	26	10
2001-08-14	0	2.69	26	12
2001-08-15	0	4.76	26	10
2001-08-16	0	3.19	27	11
2001-08-17	0	4.04	28	11
2001-08-18	0	3.93	28	10
2001-08-19	0	4.14	27	13
2001-08-20	0	4.8	25	13
2001-08-21	0	5.18	27	12
2001-08-22	0	2.3	25	12
2001-08-23	4	NULO	20	13
2001-08-24	0	NULO	21	14
2001-08-25	0	NULO	22	15
2001-08-26	6	NULO	20	14
2001-08-27	29	NULO	22	14
2001-08-28	12	NULO	24	14
2001-08-29	58	NULO	24	14
2001-08-30	26	NULO	23	14
2001-08-31	9	NULO	23	12
2001-09-01	0	4.49	24	12
2001-09-02	0	3.8	22	13
2001-09-03	0	8.49	22	14
2001-09-04	0	5.96	24	13
2001-09-05	0	3.06	25	12
2001-09-06	0	3.98	25	13
2001-09-07	0	3.62	25	14
2001-09-08	0	4.2	25	11
2001-09-09	7	0.17	20	11
2001-09-10	1	NULO	19	11
2001-09-11	9	NULO	21	13
2001-09-12	1	NULO	22	14
2001-09-13	3	NULO	21	14
2001-09-14	4	NULO	21	13
2001-09-15	0	NULO	20	10
2001-09-16	0	NULO	22	8
2001-09-17	0	NULO	22	11
2001-09-18	0	NULO	23	13
2001-09-19	12	NULO	24	12
2001-09-20	0	NULO	23	13
2001-09-21	2.5	NULO	22	12
2001-09-22	0	NULO	21	12
2001-09-23	3	NULO	21	13
2001-09-24	9	NULO	18	14
2001-09-25	1	NULO	15	12
2001-09-26	1	NULO	17	12
2001-09-27	0	NULO	17	13
2001-09-28	0	NULO	18	9
2001-09-29	0	NULO	18	10
2001-09-30	0	NULO	20	11
2001-10-01	0	3.2	17	12
2001-10-02	0	1.97	20	11
2001-10-03	4	0.65	19	12
2001-10-04	0	3.83	22	12
2001-10-05	5	0.8	20	11
2001-10-06	0	4.28	21	12
2001-10-07	0	4.4	22	13
2001-10-08	0	3.95	23	13
2001-10-09	0	3.74	23	12
2001-10-10	0	4.27	24	12
2001-10-11	28	12.11	24	10
2001-10-12	2	3.72	23	10
2001-10-13	0	4.21	23	11
2001-10-14	0	3.09	23	11
2001-10-15	0	3.85	21	11
2001-10-16	5	1.06	18	11
2001-10-17	0	2.95	18	9
2001-10-18	0	2.8	20	7
2001-10-19	0	4.8	18	5
2001-10-20	0	3.37	20	4
2001-10-21	0	3.07	19	2
2001-10-22	0	3.07	22	6
2001-10-23	0	3.61	24	6
2001-10-24	0	4.65	24	7
2001-10-25	0	2.65	16	11
2001-10-26	9	1.03	14	11
2001-10-27	2	0.95	14	9
2001-10-28	0	1.12	16	7
2001-10-29	0	2.9	16	7
2001-10-30	0	2.35	16	7
2001-10-31	0	3.45	18	6
2001-11-01	0	2.97	18	7
2001-11-02	0	3.21	21	9
2001-11-03	2	3.05	19	8
2001-11-04	3	1.89	18	7
2001-11-05	0	1.42	11	4
2001-11-06	0	1.54	16	8
2001-11-07	0	2.63	16	6
2001-11-08	0	3.11	16	5
2001-11-09	0	2.94	17	6
2001-11-10	0	1.95	17	7
2001-11-11	0	2.12	18	6
2001-11-12	0	1.37	20	8
2001-11-13	0	2.39	20	5
2001-11-14	0	2.24	21	6
2001-11-15	0	2.85	20	7
2001-11-16	0	3.14	19	8
2001-11-17	0	2.89	19	5
2001-11-18	0	2.05	20	6
2001-11-19	0	3.06	20	8
2001-11-20	0	1.89	20	8
2001-11-21	1	2.03	21	7
2001-11-22	0	2.92	23	6
2001-11-23	0	2.62	23	6
2001-11-24	0	3.45	24	4
2001-11-25	0	4.16	23	4
2001-11-26	0	2.7	24	5
2001-11-27	0	3.12	23	5
2001-11-28	0	2.4	24	6
2001-11-29	0	3.65	25	6
2001-11-30	0	2.95	24	4
2001-12-01	0	2.56	23	5
2001-12-02	0	4.72	24	6
2001-12-03	0	1.96	18	5
2001-12-04	0	2.09	18	4
2001-12-05	0	1.89	20	8
2001-12-06	0	2.69	18	10
2001-12-07	0	3.47	19	8
2001-12-08	0	1.8	20	6
2001-12-09	0	2.05	21	6
2001-12-10	0	2.67	20	5
2001-12-11	0	3.33	21	5
2001-12-12	0	3.08	24	6
2001-12-13	0	1.92	22	7
2001-12-14	0	2.81	23	11
2001-12-15	0	2.19	22	7
2001-12-16	0	1.39	18	7
2001-12-17	0	3.7	22	6
2001-12-18	0	1.02	15	4
2001-12-19	0	1.03	16	7
2001-12-20	0	1.17	21	6
2001-12-21	0	3.69	22	8
2001-12-22	0	1.4	20	7
2001-12-23	0	2.51	21	5
2001-12-24	0	2.14	20	3
2001-12-25	0	0.95	18	6
2001-12-26	1	0.89	16	6
2001-12-27	0	2.27	12	5
2001-12-28	0	1.89	14	6
2001-12-29	0	1.95	12	3
2001-12-30	0	2.05	12	2
2001-12-31	0	1.52	22	3
2002-01-01	0	3.3	20	4
2002-01-02	0	1.4	16	2
2002-01-03	0	2.75	16	0
2002-01-04	0	1.93	20	4
2002-01-05	0	2.06	20	2
2002-01-06	0	1.93	21	2
2002-01-07	0	1.36	17	4
2002-01-08	0	1.77	19	1
2002-01-09	0	1.82	20	-1
2002-01-10	0	2.06	20	2
2002-01-11	0	0.74	18	4
2002-01-12	0	0.38	14	2
2002-01-13	21	8.14	10	2
2002-01-14	0	2.71	15	1
2002-01-15	0	1.88	19	1
2002-01-16	0	2.27	20	2
2002-01-17	0	1.97	22	3
2002-01-18	0	1.98	21	3
2002-01-19	0	1.77	22	4
2002-01-20	0	2.13	20	4
2002-01-21	0	2.12	24	5
2002-01-22	0	1.83	21	6
2002-01-23	0	2.92	24	5
2002-01-24	0	2.1	23	8
2002-01-25	0	2.01	24	8
2002-01-26	0	2.25	24	6
2002-01-27	0	1.95	25	4
2002-01-28	0	1.75	24	6
2002-01-29	0	4.3	24	6
2002-01-30	0	2.85	25	6
2002-01-31	0	3.2	24	7
2002-02-01	0	2.02	23	9
2002-02-02	0	1.95	24	9
2002-02-03	0	3.93	22	7
2002-02-04	0	1.48	23	9
2002-02-05	0	3.36	23	5
2002-02-06	0	3.11	22	7
2002-02-07	0	2.84	20	6
2002-02-08	0	4.02	21	5
2002-02-09	0	2.42	19	5
2002-02-10	0	2.18	10	4
2002-02-11	0	0.95	16	1
2002-02-12	1	1.05	13	3
2002-02-13	1	0.93	17	5
2002-02-14	0	3.71	20	7
2002-02-15	0	3.12	22	4
2002-02-16	0	2.28	21	4
2002-02-17	0	4.66	23	5
2002-02-18	0	3.02	24	5
2002-02-19	0	2.63	25	9
2002-02-20	0	4.38	25	9
2002-02-21	0	2.04	20	8
2002-02-22	0	4.84	25	6
2002-02-23	0	2.84	24	2
2002-02-24	0	2.85	24	4
2002-02-25	0	3.23	24	5
2002-02-26	0	0.63	24	4
2002-02-27	0	3.92	25	6
2002-02-28	0	4.37	25	4
2002-03-01	0	5.19	25	9
2002-03-02	0	5.95	25	8
2002-03-03	0	5.9	27	8
2002-03-04	0	2.61	14	4
2002-03-05	0	2.43	24	5
2002-03-06	0	4.06	20	4
2002-03-07	0	3.65	20	6
2002-03-08	0	4.92	26	8
2002-03-09	0	3.43	20	6
2002-03-10	0	2.37	27	6
2002-03-11	0	2.39	21	4
2002-03-12	0	4.73	23	8
2002-03-13	0	3.9	28	7
2002-03-14	0	2.92	27	9
2002-03-15	0	5.91	28	9
2002-03-16	0	4.25	28	9
2002-03-17	0	3.7	30	9
2002-03-18	0	5.3	30	9
2002-03-19	0	4.46	30	10
2002-03-20	0	3.49	20	10
2002-03-21	0	5.71	22	9
2002-03-22	0	4.38	20	9
2002-03-23	0	5.83	30	5
2002-03-24	0	4.25	30	6
2002-03-25	0	3.1	28	8
2002-03-26	0	4.73	28	8
2002-03-27	0	4.73	29	8
2002-03-28	0	6.24	30	7
2002-03-29	0	7	31	5
2002-03-30	0	4.03	30	6
2002-03-31	0	4.29	30	8
2002-04-01	0	4.71	31	8
2002-04-02	0	5.37	30	9
2002-04-03	0	6.62	33	8
2002-04-04	0	4.18	27	8
2002-04-05	0	3.63	26	8
2002-04-06	0	4.12	27	8
2002-04-07	0	3.65	28	8
2002-04-08	0	4.23	27	9
2002-04-09	10	5.79	25	9
2002-04-10	1	4.3	21	10
2002-04-11	0	2.42	23	9
2002-04-12	0	4.89	24	7
2002-04-13	0	5.13	22	7
2002-04-14	0	4.95	27	7
2002-04-15	2	7.05	27	6
2002-04-16	0	4.84	26	8
2002-04-17	0	4.38	27	9
2002-04-18	0	5.36	28	10
2002-04-19	0	6.42	28	9
2002-04-20	0	4.87	29	9
2002-04-21	0	3.69	30	8
2002-04-22	0	5.26	26	9
2002-04-23	0	4.26	27	10
2002-04-24	0	2.55	30	9
2002-04-25	0	5.24	27	9
2002-04-26	0	4.2	30	10
2002-04-27	0	4.93	31	10
2002-04-28	0	2.77	30	10
2002-04-29	0	4.03	29	11
2002-04-30	0	5.95	30	11
2002-05-01	0	5.09	32	11
2002-05-02	0	3.76	32	12
2002-05-03	0	4.42	32	12
2002-05-04	0	5.14	33	10
2002-05-05	0	4.47	32	10
2002-05-06	0	2.6	27	10
2002-05-07	0	5.76	28	12
2002-05-08	0	3.09	30	12
2002-05-09	0	3.83	31	12
2002-05-10	0	4.71	30	12
2002-05-11	0	5.47	31	11
2002-05-12	0	5.61	30	12
2002-05-13	0	3.94	25	12
2002-05-14	0	4.12	27	10
2002-05-15	6	2.21	25	11
2002-05-16	5	4.86	25	13
2002-05-17	0	2.19	24	13
2002-05-18	0	4.01	26	12
2002-05-19	0	3.74	26	12
2002-05-20	0	3.14	27	10
2002-05-21	0	3.11	26	12
2002-05-22	0	3.46	26	8
2002-05-23	0	4.29	27	6
2002-05-24	0	3.94	27	9
2002-05-25	0	5.38	27	9
2002-05-26	0	5.27	28	10
2002-05-27	0	5.1	28	9
2002-05-28	0	4.66	30	11
2002-05-29	0	4.12	30	14
2002-05-30	0	5.12	28	14
2002-05-31	1	5.96	29	11
2002-06-01	10	4.5	27	12
2002-06-02	1	2.09	25	10
2002-06-03	0	2.47	27	10
2002-06-04	0	4.1	27	13
2002-06-05	0	4.08	25	13
2002-06-06	0	1.58	21	14
2002-06-07	0	2.4	26	10
2002-06-08	20	5.54	25	10
2002-06-09	21	4.82	24	14
2002-06-10	0	1.88	23	16
2002-06-11	0	0.6	22	15
2002-06-12	0	3.44	25	15
2002-06-13	10	2.51	24	14
2002-06-14	0	3.95	26	13
2002-06-15	0	5.69	25	14
2002-06-16	0	4.46	27	12
2002-06-17	0	4.66	28	13
2002-06-18	0	3.67	29	9
2002-06-19	0	6.33	31	9
2002-06-20	4	0.89	23	11
2002-06-21	8	1.77	18	14
2002-06-22	0	2.27	20	14
2002-06-23	0	1.74	22	10
2002-06-24	0	5.19	25	11
2002-06-25	0	2.62	26	9
2002-06-26	0	4.35	27	10
2002-06-27	0	3.63	27	12
2002-06-28	0	4.02	27	11
2002-06-29	30	0.96	25	11
2002-06-30	2	2.25	23	15
2002-07-01	0	3.92	24	15
2002-07-02	0	3.27	24	13
2002-07-03	5	0.43	25	10
2002-07-04	18	5.14	25	11
2002-07-05	10	2.43	23	12
2002-07-06	0	5.05	23	14
2002-07-07	0	2.95	22	13
2002-07-08	0	1.82	23	14
2002-07-09	0	4.1	21	13
2002-07-10	28	3.44	22	13
2002-07-11	0	3.64	23	14
2002-07-12	0	3.08	23	15
2002-07-13	0	1.92	25	15
2002-07-14	0	2.14	22	15
2002-07-15	20	1.91	21	15
2002-07-16	0	1.88	22	12
2002-07-17	0	3.56	22	12
2002-07-18	0	3.51	23	13
2002-07-19	0	2.41	24	13
2002-07-20	0	2.59	24	13
2002-07-21	1	3.96	24	15
2002-07-22	1	0.91	24	13
2002-07-23	0	2.13	24	14
2002-07-24	0	2.76	23	10
2002-07-25	0	3.27	24	8
2002-07-26	0	2.93	24	10
2002-07-27	0	1.95	25	9
2002-07-28	0	2.04	26	10
2002-07-29	0	1.96	26	11
2002-07-30	0	3.21	25	11
2002-07-31	0	2.58	25	11
2002-08-01	7	1.6	24	12
2002-08-02	0	2.17	25	11
2002-08-03	0	2.77	24	12
2002-08-04	0	2.1	25	11
2002-08-05	1	1.98	25	11
2002-08-06	2	1.15	24	12
2002-08-07	0	2.04	25	11
2002-08-08	0	2.15	25	11
2002-08-09	0	4.68	25	10
2002-08-10	0	3.68	24	10
2002-08-11	0	3.77	25	10
2002-08-12	0	2.63	25	11
2002-08-13	1	0.51	24	14
2002-08-14	6	1.65	24	14
2002-08-15	4	2.81	23	14
2002-08-16	0	0.48	24	15
2002-08-17	0	4.44	24	14
2002-08-18	0	2.5	25	14
2002-08-19	0	4.27	25	12
2002-08-20	0	1.57	25	14
2002-08-21	0	2.4	25	14
2002-08-22	0	3.85	23	14
2002-08-23	0	3.52	25	14
2002-08-24	0	2.43	22	12
2002-08-25	0	4.17	22	13
2002-08-26	0	2.2	23	10
2002-08-27	0	3.75	24	9
2002-08-28	5	1.25	25	9
2002-08-29	0	2.28	23	9
2002-08-30	0	3.2	22	12
2002-08-31	3	2.27	22	12
2002-09-01	0	1.61	21	12
2002-09-02	0	2.58	23	11
2002-09-03	0	4.54	23	13
2002-09-04	3	1.24	26	14
2002-09-05	0	2.58	24	13
2002-09-06	13	4.45	24	12
2002-09-07	7	1.37	23	15
2002-09-08	1	1.99	24	15
2002-09-09	0	3.43	24	15
2002-09-10	0	1.5	24	13
2002-09-11	0	2.72	23	13
2002-09-12	25	2.96	22	14
2002-09-13	0	1.57	22	14
2002-09-14	30	0.68	21	12
2002-09-15	3	1.12	22	12
2002-09-16	0	1.81	21	13
2002-09-17	0	2.91	25	13
2002-09-18	1	2.7	25	12
2002-09-19	2	0.6	24	14
2002-09-20	0	2.11	19	15
2002-09-21	1	3.48	19	12
2002-09-22	0	1.3	20	9
2002-09-23	1	0.43	19	8
2002-09-24	0	0.74	15	4
2002-09-25	0	3.27	20	8
2002-09-26	0	1.19	21	12
2002-09-27	0	2.09	22	15
2002-09-28	0	2.05	22	12
2002-09-29	0	2.28	24	12
2002-09-30	0	2.62	22	11
2002-10-01	0	1.56	23	12
2002-10-02	0	3.44	24	10
2002-10-03	0	1.76	25	11
2002-10-04	0	3.34	24	12
2002-10-05	0	1.4	25	11
2002-10-06	0	1.54	22	12
2002-10-07	0	2.1	22	12
2002-10-08	0	1.92	23	12
2002-10-09	0	2.1	24	12
2002-10-10	0	2.99	22	12
2002-10-11	0	2.79	23	12
2002-10-12	0	2.11	22	14
2002-10-13	3	2.85	20	13
2002-10-14	0	2.17	19	12
2002-10-15	0	2.49	23	8
2002-10-16	0	2.49	24	8
2002-10-17	0	2.59	25	10
2002-10-18	0	1.98	25	12
2002-10-19	0	1.68	25	11
2002-10-20	0	4.26	25	12
2002-10-21	0	1.16	23	10
2002-10-22	0	3.45	22	12
2002-10-23	0	1.97	24	11
2002-10-24	0	0.7	25	11
2002-10-25	0	1.86	25	11
2002-10-26	0	3.4	25	12
2002-10-27	0	2.61	25	11
2002-10-28	0	1.73	23	10
2002-10-29	0	1.57	25	10
2002-10-30	0	2.83	23	12
2002-10-31	0	1.26	25	14
2002-11-01	0	NULO	24	14
2002-11-02	0	NULO	24	14
2002-11-03	5	NULO	22	14
2002-11-04	0	NULO	23	13
2002-11-05	28	NULO	21	12
2002-11-06	0	NULO	15	9
2002-11-07	0	NULO	19	6
2002-11-08	0	NULO	22	6
2002-11-09	0	NULO	22	8
2002-11-10	0	NULO	24	9
2002-11-11	0	NULO	24	8
2002-11-12	2	NULO	18	11
2002-11-13	0	NULO	16	7
2002-11-14	0	NULO	20	7
2002-11-15	0	NULO	16	6
2002-11-16	0	NULO	18	2
2002-11-17	0	NULO	19	0
2002-11-18	0	NULO	21	-1
2002-11-19	0	NULO	18	1
2002-11-20	0	NULO	19	-1
2002-11-21	0	NULO	12	3
2002-11-22	0	NULO	16	3
2002-11-23	0	NULO	19	2
2002-11-24	0	NULO	18	1
2002-11-25	0	NULO	22	2
2002-11-26	0	NULO	23	3
2002-11-27	0	NULO	22	4
2002-11-28	0	NULO	22	5
2002-11-29	0	NULO	23	6
2002-11-30	0	NULO	22	6
2002-12-01	0	1.92	25	9
2002-12-02	0	1.3	24	10
2002-12-03	0	4.78	22	8
2002-12-04	0	2.32	24	8
2002-12-05	0	4.57	22	8
2002-12-06	0	1.43	22	6
2002-12-07	0	2.59	20	6
2002-12-08	0	1.03	16	4
2002-12-09	0	1.42	23	3
2002-12-10	0	3.59	23	5
2002-12-11	0	3.8	22	6
2002-12-12	0	5.34	24	5
2002-12-13	0	1.88	18	4
2002-12-14	0	1.98	18	4
2002-12-15	0	2.76	20	2
2002-12-16	0	4.35	22	0
2002-12-17	0	2.32	22	1
2002-12-18	0	3.57	21	5
2002-12-19	0	1.57	24	6
2002-12-20	0	5.6	22	6
2002-12-21	0	2.72	22	6
2002-12-22	0	2.78	24	4
2002-12-23	0	3.63	25	3
2002-12-24	0	4.67	24	7
2002-12-25	0	3.08	22	8
2002-12-26	0	2.71	22	8
2002-12-27	0	4.27	23	7
2002-12-28	0	4.08	24	7
2002-12-29	0	1.89	24	6
2002-12-30	0	2.59	24	6
2002-12-31	0	2.82	22	6
2003-01-01	0	3.34	22	6
2003-01-02	0	1.76	14	4
2003-01-03	0	4.52	20	3
2003-01-04	0	1.76	18	5
2003-01-05	0	3.7	21	4
2003-01-06	0	2.9	21	6
2003-01-07	0	1.62	18	7
2003-01-08	0	2.83	19	7
2003-01-09	0	2.16	20	4
2003-01-10	0	2.14	17	6
2003-01-11	0	1.86	16	5
2003-01-12	0	2.05	12	5
2003-01-13	0	0.61	12	4
2003-01-14	0	2.21	16	5
2003-01-15	3	6.1	20	2
2003-01-16	0	1.98	19	1
2003-01-17	0	2.63	16	5
2003-01-18	0	2.79	19	1
2003-01-19	0	2.26	18	5
2003-01-20	0	1.07	16	6
2003-01-21	0	2.77	17	5
2003-01-22	0	1.51	14	7
2003-01-23	0	2.67	16	6
2003-01-24	0	2.69	18	6
2003-01-25	0	3.13	20	4
2003-01-26	0	4.02	24	4
2003-01-27	0	3.21	24	5
2003-01-28	0	3.85	23	6
2003-01-29	0	4.08	22	4
2003-01-30	0	3.92	23	3
2003-01-31	0	3.96	24	4
2003-02-01	0	4.07	25	4
2003-02-02	0	2.79	26	5
2003-02-03	0	4.26	26	6
2003-02-04	0	4.3	27	4
2003-02-05	0	4.65	28	7
2003-02-06	0	4.05	28	6
2003-02-07	0	3.95	28	8
2003-02-08	0	3.12	26	9
2003-02-09	0	2.82	27	8
2003-02-10	0	2.43	28	7
2003-02-11	0	4.68	28	6
2003-02-12	0	3.12	27	7
2003-02-13	0	3.83	26	6
2003-02-14	0	4.03	28	6
2003-02-15	0	4.06	27	9
2003-02-16	0	4.91	26	6
2003-02-17	0	5.05	28	7
2003-02-18	0	3.35	28	4
2003-02-19	0	4.6	29	6
2003-02-20	0	4.57	28	7
2003-02-21	0	3.85	27	5
2003-02-22	0	3.78	26	5
2003-02-23	0	4.12	27	4
2003-02-24	0	4.68	28	6
2003-02-25	0	4.12	28	6
2003-02-26	0	3.63	29	6
2003-02-27	0	3.61	28	7
2003-02-28	0	4.32	26	6
2003-03-01	0	3.75	28	6
2003-03-02	0	4.17	26	5
2003-03-03	0	6.13	32	6
2003-03-04	0	5.9	31	9
2003-03-05	0	6.05	32	9
2003-03-06	0	5.24	31	8
2003-03-07	0	6.8	32	10
2003-03-08	0	3.8	31	11
2003-03-09	0	4.05	31	9
2003-03-10	0	4.09	29	8
2003-03-11	0	4.95	32	6
2003-03-12	0	4.87	30	7
2003-03-13	0	6.33	30	8
2003-03-14	0	4.87	28	10
2003-03-15	0	4.95	26	9
2003-03-16	0	4.06	24	9
2003-03-17	0	4.77	26	8
2003-03-18	0	3.69	26	10
2003-03-19	0	5.46	27	9
2003-03-20	0	4.31	26	8
2003-03-21	0	4.92	26	10
2003-03-22	0	5.17	28	8
2003-03-23	0	3.81	30	4
2003-03-24	0	3.12	32	6
2003-03-25	0	2.84	30	7
2003-03-26	0	3.58	31	6
2003-03-27	0	6.05	29	7
2003-03-28	0	5.48	29	8
2003-03-29	0	3.27	16	8
2003-03-30	0	3.47	18	4
2003-03-31	0	4.15	18	4
2003-04-01	0	4.11	20	6
2003-04-02	0	4.05	24	9
2003-04-03	0	4.95	23	10
2003-04-04	0	5.05	28	8
2003-04-05	0	3.8	30	10
2003-04-06	0	4.82	32	6
2003-04-07	0	4.9	34	8
2003-04-08	0	5.35	22	8
2003-04-09	0	3.21	23	4
2003-04-10	0	4.99	24	6
2003-04-11	0	4.88	28	6
2003-04-12	0	5.79	26	7
2003-04-13	0	5.11	26	8
2003-04-14	0	4.68	30	7
2003-04-15	0	5.11	31	8
2003-04-16	0	6.05	31	9
2003-04-17	0	3.74	32	11
2003-04-18	0	5.58	32	11
2003-04-19	19	9.16	34	9
2003-04-20	3	6.7	30	12
2003-04-21	2	4.55	29	11
2003-04-22	0	5.63	30	10
2003-04-23	0	5.12	30	10
2003-04-24	0	7.06	31	11
2003-04-25	0	6.91	32	10
2003-04-26	0	6.7	31	10
2003-04-27	0	6.26	32	11
2003-04-28	0	5.92	32	10
2003-04-29	0	5.74	32	11
2003-04-30	0	6.21	32	12
2003-05-01	0	7.37	32	10
2003-05-02	0	8.8	34	11
2003-05-03	0	5.83	34	11
2003-05-04	0	7.57	35	10
2003-05-05	0	7.48	36	11
2003-05-06	0	6.87	36	11
2003-05-07	0	8.2	36	12
2003-05-08	0	7.8	36	11
2003-05-09	0	9.18	36	13
2003-05-10	0	9.04	35	12
2003-05-11	0	9.91	32	14
2003-05-12	0	6.74	36	14
2003-05-13	0	8.28	32	10
2003-05-14	0	7.91	30	10
2003-05-15	0	8.12	34	9
2003-05-16	0	6.85	33	9
2003-05-17	0	6.67	33	9
2003-05-18	0	8.85	27	9
2003-05-19	0	7.15	28	9
2003-05-20	0	5.8	25	10
2003-05-21	0	7.78	26	10
2003-05-22	0	5.8	27	12
2003-05-23	0	4.87	26	12
2003-05-24	0	5.97	28	11
2003-05-25	4	3.14	26	11
2003-05-26	9	4.89	25	10
2003-05-27	0	5.06	25	12
2003-05-28	0	4.57	26	12
2003-05-29	0	5.2	25	11
2003-05-30	0	7.23	26	12
2003-05-31	0	5.97	20	12
2003-06-01	0	6.51	28	12
2003-06-02	0	2.53	26	10
2003-06-03	10	5.33	26	14
2003-06-04	0	3.49	24	11
2003-06-05	12	2.84	28	10
2003-06-06	0	3.35	28	11
2003-06-07	0	4.52	26	14
2003-06-08	0	5.54	27	15
2003-06-09	0	3.94	26	16
2003-06-10	0	4.74	27	12
2003-06-11	16	0.23	26	11
2003-06-12	0	3.24	28	10
2003-06-13	0	6.27	28	12
2003-06-14	0	6.59	29	13
2003-06-15	0	5.15	30	14
2003-06-16	5	1.94	25	14
2003-06-17	0	3.93	20	12
2003-06-18	0	6.19	25	12
2003-06-19	0	5.9	26	14
2003-06-20	0	8.06	26	15
2003-06-21	0	3.67	26	14
2003-06-22	0	7.26	27	15
2003-06-23	0	5.91	30	15
2003-06-24	0	6.46	27	17
2003-06-25	0	6.94	26	14
2003-06-26	0	4.6	27	12
2003-06-27	0	5.03	26	14
2003-06-28	0	4.86	26	12
2003-06-29	0	4.77	26	13
2003-06-30	0	3.45	27	12
2003-07-01	0	2.39	26	14
2003-07-02	2	6.1	27	12
2003-07-03	0	5.41	28	12
2003-07-04	18	6.51	28	10
2003-07-05	2	0.88	27	12
2003-07-06	0	4.72	23	14
2003-07-07	0	3.78	24	14
2003-07-08	0	4.24	25	14
2003-07-09	0	3.75	24	10
2003-07-10	0	4.09	24	10
2003-07-11	0	4.28	24	8
2003-07-12	0	4.88	26	9
2003-07-13	0	4.95	25	8
2003-07-14	0	5.22	26	9
2003-07-15	0	4.38	26	10
2003-07-16	0	4.67	25	11
2003-07-17	0	5.24	26	10
2003-07-18	0	5.21	27	10
2003-07-19	0	4.8	26	10
2003-07-20	0	5.18	27	9
2003-07-21	0	4.96	27	9
2003-07-22	0	4.61	28	10
2003-07-23	0	5.19	28	11
2003-07-24	0	4.13	26	11
2003-07-25	0	4.78	26	12
2003-07-26	0	4.7	25	13
2003-07-27	1	4.44	24	10
2003-07-28	0	4.85	26	12
2003-07-29	0	3.89	27	14
2003-07-30	0	4.3	26	14
2003-07-31	8	2.8	27	13
2003-08-01	7	2.66	23	13
2003-08-02	4	1.85	24	11
2003-08-03	0	4.89	25	11
2003-08-04	0	6.17	27	11
2003-08-05	12	7.22	28	12
2003-08-06	0	4.81	26	12
2003-08-07	0	4.89	25	12
2003-08-08	0	5.7	27	10
2003-08-09	0	4.96	26	10
2003-08-10	0	4.8	28	11
2003-08-11	0	6.05	29	9
2003-08-12	0	6.15	29	10
2003-08-13	0	5.42	26	9
2003-08-14	0	5.63	24	10
2003-08-15	0	4.77	25	9
2003-08-16	0	5.53	23	10
2003-08-17	0	5.68	20	11
2003-08-18	2	6.54	26	8
2003-08-19	0	4.54	25	10
2003-08-20	38	9.41	24	14
2003-08-21	22	4.99	20	13
2003-08-22	0	5.49	21	12
2003-08-23	5	1.05	20	11
2003-08-24	0	3.84	22	10
2003-08-25	0	4.37	23	12
2003-08-26	0	5.47	24	12
2003-08-27	0	5.45	25	13
2003-08-28	0	4.73	26	13
2003-08-29	0	5.09	26	14
2003-08-30	0	5.02	27	14
2003-08-31	0	2.55	20	12
2003-09-01	0	3.55	22	10
2003-09-02	0	4.57	25	12
2003-09-03	0	3.88	26	12
2003-09-04	0	1.84	25	12
2003-09-05	8	1.64	23	12
2003-09-06	0	2.75	26	10
2003-09-07	0	5.29	25	14
2003-09-08	1	3.06	23	13
2003-09-09	1	3.36	26	14
2003-09-10	0	3.23	26	12
2003-09-11	0	4.38	26	15
2003-09-12	6	1.42	27	14
2003-09-13	4	0.96	28	13
2003-09-14	4	2.14	26	12
2003-09-15	3	2	22	10
2003-09-16	0	4.95	24	12
2003-09-17	0	4.57	23	14
2003-09-18	0	4.1	24	13
2003-09-19	9	3.38	24	14
2003-09-20	3	1.92	25	14
2003-09-21	0	3.94	27	15
2003-09-22	0	4.09	26	16
2003-09-23	0	4.6	26	14
2003-09-24	0	4.97	26	13
2003-09-25	0	5.93	27	12
2003-09-26	5	7.74	28	12
2003-09-27	6	2.33	24	13
2003-09-28	19	8.34	22	11
2003-09-29	13	1.7	18	10
2003-09-30	3	1	20	8
2003-10-01	0	5.18	20	10
2003-10-02	8	3.92	20	7
2003-10-03	2	0.5	19	10
2003-10-04	0	5.41	20	12
2003-10-05	0	4.55	22	13
2003-10-06	0	1.99	22	14
2003-10-07	0	3.29	22	14
2003-10-08	0	2.71	24	14
2003-10-09	0	3.43	25	15
2003-10-10	0	4.56	26	15
2003-10-11	0	3.95	26	15
2003-10-12	2	6.11	26	14
2003-10-13	6	3.1	25	14
2003-10-14	0	2.4	24	15
2003-10-15	0	4.88	23	13
2003-10-16	0	3.56	24	10
2003-10-17	4	2.9	20	11
2003-10-18	0	5.1	22	10
2003-10-19	0	4.95	20	10
2003-10-20	0	2.14	19	11
2003-10-21	0	2.97	21	9
2003-10-22	0	2.98	21	11
2003-10-23	0	4.41	24	8
2003-10-24	0	4.04	25	10
2003-10-25	0	4.58	26	10
2003-10-26	0	3.57	27	8
2003-10-27	8	3.87	22	8
2003-10-28	0	4.45	26	9
2003-10-29	0	3.99	24	8
2003-10-30	0	5.51	27	6
2003-10-31	0	4.82	26	8
2003-11-01	0	5.75	28	7
2003-11-02	0	2.2	28	8
2003-11-03	0	3.57	25	8
2003-11-04	0	4.3	26	8
2003-11-05	0	4.3	26	6
2003-11-06	0	3.83	25	4
2003-11-07	0	3.89	25	7
2003-11-08	0	3.9	22	6
2003-11-09	8	5.1	18	9
2003-11-10	0	1.11	18	6
2003-11-11	0	3.05	26	10
2003-11-12	0	2.84	22	12
2003-11-13	0	3.11	18	13
2003-11-14	0	3.85	24	10
2003-11-15	0	2.75	27	8
2003-11-16	0	3.07	28	8
2003-11-17	0	3.29	27	7
2003-11-18	0	3.75	26	8
2003-11-19	0	4.29	26	9
2003-11-20	0	3.57	27	8
2003-11-21	0	4.48	27	7
2003-11-22	0	4.01	26	4
2003-11-23	0	3.7	27	6
2003-11-24	0	3.67	25	6
2003-11-25	0	3.9	26	5
2003-11-26	0	4.18	26	8
2003-11-27	0	5.29	26	6
2003-11-28	0	3.24	20	8
2003-11-29	0	2.71	24	6
2003-11-30	0	3.86	22	6
2003-12-01	0	4.56	21	9
2003-12-02	0	4.1	20	9
2003-12-03	0	3.21	22	7
2003-12-04	0	3.83	21	5
2003-12-05	0	2.63	20	4
2003-12-06	0	3.4	19	2
2003-12-07	0	4.15	20	3
2003-12-08	0	2.17	21	1
2003-12-09	0	3.76	22	3
2003-12-10	0	3.95	23	3
2003-12-11	0	4.09	25	4
2003-12-12	0	3.43	25	3
2003-12-13	0	4.53	24	4
2003-12-14	0	5.06	25	3
2003-12-15	0	2.67	22	4
2003-12-16	0	2.67	21	1
2003-12-17	0	3.46	18	1
2003-12-18	0	2.98	18	4
2003-12-19	0	2.15	19	2
2003-12-20	0	4.75	18	4
2003-12-21	0	3.1	19	4
2003-12-22	0	3.03	18	6
2003-12-23	0	4.19	20	4
2003-12-24	0	3.8	18	2
2003-12-25	0	3.02	22	4
2003-12-26	0	3.09	24	6
2003-12-27	0	3.18	24	4
2003-12-28	0	2.85	22	6
2003-12-29	0	2.2	24	8
2003-12-30	0	4.55	24	7
2003-12-31	0	4.01	26	6
2004-01-01	0	3.79	25	7
2004-01-02	0	2.92	26	6
2004-01-03	0	4.39	26	4
2004-01-04	0	3.48	24	6
2004-01-05	0	3.21	23	8
2004-01-06	0	4.05	22	7
2004-01-07	0	3.9	22	7
2004-01-08	0	3.25	23	6
2004-01-09	0	1.92	18	4
2004-01-10	0	3.1	12	3
2004-01-11	0	2.67	16	6
2004-01-12	0	2.77	21	8
2004-01-13	0	2.54	20	5
2004-01-14	0.01	1.69	20	5
2004-01-15	3	2.93	20	6
2004-01-16	5	3.44	19	7
2004-01-17	0	4.99	16	6
2004-01-18	0	2.06	22	7
2004-01-19	0	3.1	20	4
2004-01-20	0	3.58	22	1
2004-01-21	0	2.72	24	6
2004-01-22	0	5.38	25	6
2004-01-23	0	3.68	26	10
2004-01-24	0	3.74	24	10
2004-01-25	0	5.18	22	9
2004-01-26	0	3.62	23	6
2004-01-27	0	3.65	20	6
2004-01-28	0	5.03	20	3
2004-01-29	2	4	18	5
2004-01-30	4	5.21	20	8
2004-01-31	0	4.71	14	-1
2004-02-01	0	3.06	24	4
2004-02-02	0	3.27	24	6
2004-02-03	0	5.12	24	5
2004-02-04	0	4.56	26	7
2004-02-05	0	5.45	26	8
2004-02-06	0	3.25	16	6
2004-02-07	0	4.49	24	4
2004-02-08	0	4.13	26	8
2004-02-09	0	4.5	27	10
2004-02-10	0	3.49	27	6
2004-02-11	0	4.85	27	6
2004-02-12	0	5.38	25	8
2004-02-13	0	3.39	23	6
2004-02-14	0	6.79	24	4
2004-02-15	0	4.39	25	6
2004-02-16	0	4.75	20	4
2004-02-17	0	4.87	22	-2
2004-02-18	0	5.92	23	-2
2004-02-19	0	5.57	21	2
2004-02-20	0	6.53	26	4
2004-02-21	0	3.2	26	4
2004-02-22	0	6.16	27	6
2004-02-23	0	5.6	27	6
2004-02-24	0	7.11	25	8
2004-02-25	0	5.88	24	4
2004-02-26	0	6.07	26	10
2004-02-27	0	5.5	28	6
2004-02-28	0	6.1	28	4
2004-02-29	0	6	NULO	NULO
2004-03-01	0	6.4	26	2
2004-03-02	0	5.21	30	5
2004-03-03	0	7.54	29	7
2004-03-04	0	6.92	31	8
2004-03-05	0	5.08	30	8
2004-03-06	0	5.85	26	10
2004-03-07	1	7.89	24	12
2004-03-08	3	0.42	17	8
2004-03-09	0	3.38	22	7
2004-03-10	0	5.78	23	7
2004-03-11	0	6.23	22	6
2004-03-12	0	5.92	23	7
2004-03-13	0	6.37	24	6
2004-03-14	0	4.11	25	7
2004-03-15	0	3.57	24	10
2004-03-16	0	5.46	25	11
2004-03-17	0	4.54	25	9
2004-03-18	0	3.97	20	9
2004-03-19	0	3.46	18	10
2004-03-20	0	4.58	27	11
2004-03-21	0	6.42	29	8
2004-03-22	0	3.89	20	10
2004-03-23	0	4.16	25	8
2004-03-24	0	2.84	27	7
2004-03-25	0	3.11	29	10
2004-03-26	0	3.05	27	9
2004-03-27	0	2.74	26	10
2004-03-28	0	3.15	24	9
2004-03-29	9	2.91	19	10
2004-03-30	4	0.15	20	10
2004-03-31	6	0.81	22	9
2004-04-01	0	5.58	24	9
2004-04-02	6	4.63	24	7
2004-04-03	0	5.53	22	7
2004-04-04	0	5.47	24	8
2004-04-05	0	4.52	26	8
2004-04-06	0	6.53	26	7
2004-04-07	0	4.47	28	7
2004-04-08	0	4.21	30	8
2004-04-09	0	5.12	29	9
2004-04-10	0	2.5	27	9
2004-04-11	0	8.21	28	8
2004-04-12	0	5.54	20	10
2004-04-13	0	5.46	24	10
2004-04-14	0	6.45	28	8
2004-04-15	0	5.55	26	6
2004-04-16	0	6.48	27	4
2004-04-17	0	4.95	26	7
2004-04-18	0	5.57	30	8
2004-04-19	0	4.96	24	7
2004-04-20	0	5.32	32	6
2004-04-21	0	7.15	30	6
2004-04-22	0	5.52	29	7
2004-04-23	0	7	32	9
2004-04-24	16	7.48	31	11
2004-04-25	10	4.27	30	11
2004-04-26	1	4.45	26	11
2004-04-27	0	7.33	22	12
2004-04-28	6	7.55	24	8
2004-04-29	8	7.51	27	10
2004-04-30	0	5	NULO	NULO
2004-05-01	8	4.43	18	10
2004-05-02	4	6.05	20	8
2004-05-03	1	5.87	18	9
2004-05-04	1	6.15	24	10
2004-05-05	1	3.12	25	10
2004-05-06	30	10.37	24	10
2004-05-07	0	4.48	25	9
2004-05-08	4	6.03	25	10
2004-05-09	3.67	7.96	23	10
2004-05-10	12	NULO	26	10
2004-05-11	0	6.54	28	12
2004-05-12	0	6.67	30	11
2004-05-13	7	7.17	28	14
2004-05-14	0	5.1	26	10
2004-05-15	0	3.43	24	10
2004-05-16	0	4.74	23	9
2004-05-17	0	5.23	26	9
2004-05-18	0	6.21	25	4
2004-05-19	0	4.64	26	6
2004-05-20	0	5.03	25	10
2004-05-21	0	6.45	29	5
2004-05-22	0	6.3	30	7
2004-05-23	0	6.14	30	8
2004-05-24	0	6.4	30	9
2004-05-25	0	5.68	31	10
2004-05-26	0	6.12	31	7
2004-05-27	0	7.21	31	8
2004-05-28	0	6	32	12
2004-05-29	0	7.4	31	11
2004-05-30	8	5.57	32	12
2004-05-31	0	5.67	29	12
2004-06-01	2	3.33	21	12
2004-06-02	2	4.15	24	14
2004-06-03	0	4.17	22	6
2004-06-04	0	2.68	24	8
2004-06-05	0	3.43	23	10
2004-06-06	43	8.02	24	10
2004-06-07	23	5.4	25	12
2004-06-08	3	5.48	24	15
2004-06-09	5	4.02	25	13
2004-06-10	10	5.13	23	14
2004-06-11	0	4.95	25	14
2004-06-12	0	5.05	26	12
2004-06-13	0	4.47	26	10
2004-06-14	0	6.45	28	14
2004-06-15	0	6.15	29	16
2004-06-16	0	4.6	26	11
2004-06-17	0	3.85	22	14
2004-06-18	0	4.11	24	10
2004-06-19	0	4.12	23	9
2004-06-20	0	3.88	25	10
2004-06-21	25	7.86	28	10
2004-06-22	5	4.15	26	13
2004-06-23	0	3.75	24	14
2004-06-24	4	4.61	24	12
2004-06-25	0	6.65	25	13
2004-06-26	0	4.59	24	10
2004-06-27	0	4.19	24	6
2004-06-28	0	3.71	25	7
2004-06-29	0	6.58	27	5
2004-06-30	0	5.73	NULO	NULO
2004-07-01	0	NULO	27	12
2004-07-02	0	5.43	26	10
2004-07-03	0	4.78	27	9
2004-07-04	0	6.24	28	11
2004-07-05	0	3.8	28	10
2004-07-06	0	4.32	27	10
2004-07-07	7	3.86	27	12
2004-07-08	0	3.52	27	11
2004-07-09	0	4.35	28	9
2004-07-10	4	3.03	27	11
2004-07-11	4	0.63	26	10
2004-07-12	0	6.55	26	10
2004-07-13	0	4.49	26	9
2004-07-14	0	4.81	27	10
2004-07-15	0	6.19	28	10
2004-07-16	0	6.32	28	9
2004-07-17	0	5.68	27	10
2004-07-18	0	6.15	26	10
2004-07-19	48	6.56	26	11
2004-07-20	0	2.93	26	11
2004-07-21	0	3.98	25	11
2004-07-22	0	4.52	26	10
2004-07-23	20	9.15	25	10
2004-07-24	2	5.27	24	12
2004-07-25	0	5.31	26	14
2004-07-26	0	4.87	27	13
2004-07-27	0	5.43	26	10
2004-07-28	0	3.74	27	11
2004-07-29	14	8.12	27	10
2004-07-30	0	5.04	28	11
2004-07-31	4	5.52	28	12
2004-08-01	3	7.38	28	12
2004-08-02	0	2.72	26	12
2004-08-03	12	5.18	25	10
2004-08-04	40	8.15	25	11
2004-08-05	0	5.92	25	10
2004-08-06	0	5.12	27	11
2004-08-07	0	4.72	26	11
2004-08-08	0	5.31	26	10
2004-08-09	0	4.77	26	11
2004-08-10	0	4.23	25	11
2004-08-11	4	5.63	27	12
2004-08-12	0	5.37	26	13
2004-08-13	3	7.02	23	12
2004-08-14	0	3.94	22	10
2004-08-15	0	3.34	24	11
2004-08-16	0	6.23	25	10
2004-08-17	0	5.54	25	13
2004-08-18	0	3.28	25	11
2004-08-19	0	5.28	26	14
2004-08-20	0	4.17	27	13
2004-08-21	0	4.11	28	13
2004-08-22	0	4.57	27	12
2004-08-23	0	3.92	26	13
2004-08-24	0	5.37	27	12
2004-08-25	0	5.2	26	15
2004-08-26	0	5.21	28	13
2004-08-27	0	5.55	26	11
2004-08-28	0	4.7	21	12
2004-08-29	10	6.86	27	12
2004-08-30	0	4.9	24	11
2004-08-31	0	6.2	23	13
2004-09-01	0	4.07	25	14
2004-09-02	0	3.52	24	12
2004-09-03	0	4.46	25	12
2004-09-04	0	2.87	24	11
2004-09-05	0	2.65	26	10
2004-09-06	0	5.48	26	11
2004-09-07	0	5.47	26	15
2004-09-08	0.01	3.83	27	14
2004-09-09	0	3.85	24	13
2004-09-10	0	2.5	20	12
2004-09-11	2	3.73	20	10
2004-09-12	0	4.16	22	10
2004-09-13	0	7	29	10
2004-09-14	0	4.56	29	9
2004-09-15	0	5.48	29	10
2004-09-16	0	5.67	30	9
2004-09-17	0	5.05	28	10
2004-09-18	0	6.33	28	10
2004-09-19	0	4.82	29	9
2004-09-20	0	5.15	26	16
2004-09-21	0	4.71	26	12
2004-09-22	0	4.84	26	11
2004-09-23	0	5.22	24	10
2004-09-24	0	3.03	24	8
2004-09-25	0	3.13	26	10
2004-09-26	0.01	4.05	22	12
2004-09-27	11	3.38	24	10
2004-09-28	1	3.65	21	13
2004-09-29	0	2.08	20	14
2004-09-30	0	4.47	NULO	NULO
2004-10-01	0	3.48	20	10
2004-10-02	0	3.05	20	10
2004-10-03	7	1.47	21	11
2004-10-04	4	5.48	19	11
2004-10-05	4	0.57	19	12
2004-10-06	0	3.43	20	10
2004-10-07	9	6.57	21	13
2004-10-08	5	1.43	22	11
2004-10-09	0	1.92	24	9
2004-10-10	0	5.19	22	10
2004-10-11	0	5.19	24	14
2004-10-12	0	3.75	20	12
2004-10-13	0	2.9	21	12
2004-10-14	0	4.89	24	12
2004-10-15	0	3.26	26	12
2004-10-16	0	4.82	28	11
2004-10-17	0	4.13	29	10
2004-10-18	0	5.4	29	9
2004-10-19	0	6.64	29	9
2004-10-20	0	5.72	30	10
2004-10-21	0	5.47	30	9
2004-10-22	0	5.51	30	9
2004-10-23	0	5.32	30	9
2004-10-24	0	4.09	24	9
2004-10-25	0	4.89	28	9
2004-10-26	0	3.8	25	10
2004-10-27	0	4.33	24	11
2004-10-28	0	4.87	25	11
2004-10-29	0	5.83	26	11
2004-10-30	0	5.18	25	10
2004-10-31	7	3.1	24	10
2004-11-01	0	4.57	27	11
2004-11-02	0	5.33	28	7
2004-11-03	0	3.12	25	8
2004-11-04	0	2.93	26	8
2004-11-05	0	4.1	24	8
2004-11-06	0	2.85	22	2
2004-11-07	0	3.2	21	4
2004-11-08	0	3.77	20	4
2004-11-09	0	4.99	22	6
2004-11-10	0	5.19	26	3
2004-11-11	0	4.9	26	4
2004-11-12	0	4.13	23	3
2004-11-13	0	3.96	25	6
2004-11-14	0	5.29	24	5
2004-11-15	0	4.62	21	6
2004-11-16	0	5	24	10
2004-11-17	0	4.82	25	8
2004-11-18	0	3.58	25	6
2004-11-19	0	3.8	26	7
2004-11-20	0	4.84	26	7
2004-11-21	0	4.06	27	7
2004-11-22	0	3.78	26	7
2004-11-23	0	5.22	26	8
2004-11-24	0	6.72	26	9
2004-11-25	0	4.53	26	6
2004-11-26	0	3.73	26	7
2004-11-27	0	2.78	27	6
2004-11-28	0	4.46	26	6
2004-11-29	0	4.4	28	7
2004-11-30	0	5.05	NULO	NULO
2004-12-01	0	6.5	28	9
2004-12-02	0	3.5	25	5
2004-12-03	0	4.03	26	8
2004-12-04	0	2.7	24	5
2004-12-05	0	3.4	25	5
2004-12-06	0	4.87	22	6
2004-12-07	0	4.6	25	5
2004-12-08	0	4.5	25	6
2004-12-09	0	4.9	25	6
2004-12-10	0	3.77	24	6
2004-12-11	0	4.21	24	6
2004-12-12	0	4.97	23	3
2004-12-13	0	3.45	22	4
2004-12-14	2	3.67	18	1
2004-12-15	1	1.91	15	4
2004-12-16	0	2.54	16	3
2004-12-17	0	2.32	16	4
2004-12-18	0	2.11	20	2
2004-12-19	0	2.89	20	3
2004-12-20	0	4.05	20	2
2004-12-21	0	4.48	22	6
2004-12-22	0	5.64	24	7
2004-12-23	0	3.76	24	8
2004-12-24	0	4.26	23	8
2004-12-25	0	3.51	21	7
2004-12-26	0	2.99	20	0
2004-12-27	0	3.17	22	2
2004-12-28	0	4.07	21	1
2004-12-29	0	4.25	22	-2
2004-12-30	0	3.82	23	6
2004-12-31	0	3.81	23	4
2005-01-01	0	3.1	24	6
2005-01-02	0	4.15	25	6
2005-01-03	0	3.52	25	4
2005-01-04	0	5.03	24	5
2005-01-05	0	5.37	26	5
2005-01-06	0	4.08	24	9
2005-01-07	0	5.44	24	6
2005-01-08	0	4.35	25	6
2005-01-09	0	3.94	24	5
2005-01-10	0	4.82	22	4
2005-01-11	0	5.14	26	2
2005-01-12	0	4.15	25	5
2005-01-13	0	4.15	24	4
2005-01-14	0	3.93	23	4
2005-01-15	0	3.61	22	4
2005-01-16	0	4.35	23	2
2005-01-17	0	3.96	23	6
2005-01-18	0	3.06	18	4
2005-01-19	0	2.72	22	4
2005-01-20	0	3.93	22	4
2005-01-21	0	2.61	22	4
2005-01-22	10	0.36	16	5
2005-01-23	0	3.28	20	6
2005-01-24	0	6.24	18	6
2005-01-25	0	3.91	24	6
2005-01-26	0	2.79	25	8
2005-01-27	0	3.78	26	8
2005-01-28	0	3.93	27	7
2005-01-29	0	4.22	27	5
2005-01-30	0	5.12	28	4
2005-01-31	0	4.08	25	6
2005-02-01	0	4.08	26	7
2005-02-02	0	4.93	25	8
2005-02-03	0	4.9	24	8
2005-02-04	0	3.51	25	7
2005-02-05	0	5.74	25	6
2005-02-06	0	3.8	26	8
2005-02-07	0	4.25	27	5
2005-02-08	0	5.33	28	7
2005-02-09	0	6.19	29	9
2005-02-10	0	3.73	22	10
2005-02-11	0	6.17	26	11
2005-02-12	0	4.38	27	8
2005-02-13	0	5.12	26	8
2005-02-14	0	5.3	27	6
2005-02-15	0	5.23	27	7
2005-02-16	0	4.86	26	6
2005-02-17	0	5.01	27	7
2005-02-18	0	4.6	28	8
2005-02-19	0	5.13	26	6
2005-02-20	0	6.15	27	6
2005-02-21	0	3.57	25	6
2005-02-22	3	5.77	25	8
2005-02-23	1	3.65	23	7
2005-02-24	6	3.35	22	7
2005-02-25	0	4.11	23	6
2005-02-26	0	4.58	22	4
2005-02-27	0	4.39	20	6
2005-02-28	0	4	NULO	NULO
2005-03-01	0	4.33	26	3
2005-03-02	0	4.68	26	6
2005-03-03	0	5.8	25	9
2005-03-04	0	6.15	25	9
2005-03-05	0	5.57	26	9
2005-03-06	0	6.17	26	8
2005-03-07	0	6.6	27	7
2005-03-08	0	7.14	26	9
2005-03-09	0	7.78	24	10
2005-03-10	0	4.56	16	6
2005-03-11	0	NULO	27	0
2005-03-12	0	5.58	26	7
2005-03-13	0	5.77	29	5
2005-03-14	0	5.17	27	6
2005-03-15	9	2.48	20	10
2005-03-16	0	5.87	22	8
2005-03-17	0	4.68	24	6
2005-03-18	0	6.48	28	5
2005-03-19	0	5.95	27	6
2005-03-20	0	4.82	26	4
2005-03-21	0	5.75	26	6
2005-03-22	0	5.12	26	5
2005-03-23	0	5.37	30	5
2005-03-24	0	7.4	31	6
2005-03-25	0	6.77	31	8
2005-03-26	0	7.27	31	8
2005-03-27	0	5.94	31	6
2005-03-28	0	5.82	30	7
2005-03-29	0	5.71	30	6
2005-03-30	0	6.45	31	8
2005-03-31	0	5.81	30	6
2005-04-01	0	5.21	31	6
2005-04-02	0	5.85	31	6
2005-04-03	0	6.17	31	5
2005-04-04	0	6.98	32	6
2005-04-05	0	7.71	33	10
2005-04-06	0	6.84	30	10
2005-04-07	0	5.73	25	11
2005-04-08	0	7.57	30	7
2005-04-09	0	8.08	32	8
2005-04-10	0	7.35	32	10
2005-04-11	0	6.62	30	10
2005-04-12	0	5.78	31	10
2005-04-13	0	7.62	32	9
2005-04-14	0	6.5	29	10
2005-04-15	0	6.23	28	12
2005-04-16	0	5.67	27	10
2005-04-17	0	6.44	26	10
2005-04-18	4	2.26	30	10
2005-04-19	1	5.75	30	6
2005-04-20	0	6.36	31	10
2005-04-21	0	6.66	32	12
2005-04-22	0	6.39	32	13
2005-04-23	0	5.89	32	16
2005-04-24	0	5.73	32	12
2005-04-25	0	7.3	32	11
2005-04-26	0	6.07	34	10
2005-04-27	0	6.84	34	10
2005-04-28	0	6.65	32	10
2005-04-29	0	7.52	34	9
2005-04-30	0	7.89	NULO	NULO
2005-05-01	0	5.68	33	16
2005-05-02	0	6.57	32	10
2005-05-03	0	5.38	32	12
2005-05-04	0	6.18	30	10
2005-05-05	0	5.74	30	10
2005-05-06	0	6.42	30	10
2005-05-07	0	5.9	30	10
2005-05-08	0	6.15	29	10
2005-05-09	0	5.44	30	10
2005-05-10	0	5.24	30	11
2005-05-11	0	6.12	28	12
2005-05-12	0	6.15	26	14
2005-05-13	0	5	28	12
2005-05-14	0.01	4.6	28	12
2005-05-15	0	5.41	29	12
2005-05-16	0	5.56	30	10
2005-05-17	0	5.32	30	7
2005-05-18	0	6.23	31	9
2005-05-19	0	5.93	31	9
2005-05-20	0	4.8	29	10
2005-05-21	0	6.13	30	9
2005-05-22	0	4.56	31	8
2005-05-23	0	8.9	30	9
2005-05-24	23	10.8	31	10
2005-05-25	0	5.14	31	11
2005-05-26	0	6.31	30	10
2005-05-27	3	6.95	30	11
2005-05-28	3	5.6	30	12
2005-05-29	6	10.2	31	10
2005-05-30	0	5.78	30	11
2005-05-31	0	5.99	30	11
2005-06-01	3	9.43	31	11
2005-06-02	0	7.02	32	11
2005-06-03	0	6.03	31	11
2005-06-04	0	7.96	30	12
2005-06-05	0	5.6	31	11
2005-06-06	0	5.79	32	10
2005-06-07	0	5.49	32	12
2005-06-08	0	6.63	33	12
2005-06-09	0	7.56	33	14
2005-06-10	0	5.9	32	12
2005-06-11	0	5.52	30	12
2005-06-12	0	6.11	32	10
2005-06-13	0	5.29	34	11
2005-06-14	0.01	2.9	26	12
2005-06-15	6	2.15	24	10
2005-06-16	0	5.09	23	9
2005-06-17	0	5.22	29	10
2005-06-18	0	5.96	28	11
2005-06-19	0	4.33	29	10
2005-06-20	0	4.69	26	10
2005-06-21	7	2.35	20	12
2005-06-22	5	1.63	19	12
2005-06-23	0	4.42	22	14
2005-06-24	16	7.96	23	14
2005-06-25	0	3.62	22	12
2005-06-26	0	4.43	22	12
2005-06-27	0	2.81	21	12
2005-06-28	2	1.08	21	14
2005-06-29	0	3.09	15	14
2005-06-30	0	4.82	NULO	NULO
2005-07-01	0	4.18	28	12
2005-07-02	0	4.59	28	11
2005-07-03	0	5.3	27	10
2005-07-04	0	5.22	26	11
2005-07-05	4	6.48	24	10
2005-07-06	3	4.3	26	10
2005-07-07	8	2.13	26	11
2005-07-08	0	3.57	27	10
2005-07-09	0	4.32	27	10
2005-07-10	0	4.46	29	10
2005-07-11	0	6.24	28	9
2005-07-12	0	5.14	27	10
2005-07-13	0	4.52	26	10
2005-07-14	0	5.4	26	10
2005-07-15	0	4.65	27	12
2005-07-16	0	4.45	28	10
2005-07-17	0	5.28	26	12
2005-07-18	0	6.31	26	12
2005-07-19	0	5.19	26	11
2005-07-20	16	10.02	28	11
2005-07-21	3	4.46	26	11
2005-07-22	0	5.32	24	12
2005-07-23	1	5.18	23	12
2005-07-24	0.01	4.24	26	10
2005-07-25	0.01	4.98	24	14
2005-07-26	0	3.55	24	14
2005-07-27	7	4.32	26	14
2005-07-28	0	6.15	27	15
2005-07-29	0	5.33	26	15
2005-07-30	0	6.2	27	12
2005-07-31	0	6.38	27	15
2005-08-01	1	5.94	26	12
2005-08-02	0	2.63	25	13
2005-08-03	12	3.35	24	14
2005-08-04	0	4.93	23	13
2005-08-05	0	5.2	24	12
2005-08-06	0	4.79	26	11
2005-08-07	0	4.81	26	13
2005-08-08	0	4.48	25	13
2005-08-09	0	4.74	26	14
2005-08-10	0	5.2	25	14
2005-08-11	13	8.83	25	13
2005-08-12	0	4.15	23	14
2005-08-13	0	3.6	25	13
2005-08-14	10	0.29	24	16
2005-08-15	0	4.16	20	12
2005-08-16	0	3.52	20	13
2005-08-17	2	5.3	22	12
2005-08-18	0	4.65	24	13
2005-08-19	0	3.38	23	12
2005-08-20	0.01	4.31	22	12
2005-08-21	11	3.83	22	11
2005-08-22	9	2.48	18	11
2005-08-23	6	1.42	20	10
2005-08-24	2	5.94	20	12
2005-08-25	2	4.57	22	12
2005-08-26	0	5.6	24	11
2005-08-27	0	4.95	26	11
2005-08-28	0	4.6	26	12
2005-08-29	0	4.47	25	10
2005-08-30	27	10.53	25	11
2005-08-31	57	4.36	23	14
2005-09-01	6	3.11	20	11
2005-09-02	0	3.17	21	14
2005-09-03	0	3.57	22	14
2005-09-04	0	4.25	18	14
2005-09-05	8	3.77	23	13
2005-09-06	0	3.33	19	12
2005-09-07	0.01	1.65	16	8
2005-09-08	0	3.55	18	10
2005-09-09	60	7.78	24	10
2005-09-10	0.01	2.22	24	13
2005-09-11	0	3.88	24	11
2005-09-12	0	3.84	24	10
2005-09-13	0	3.96	25	11
2005-09-14	0	4.05	25	11
2005-09-15	0	4.95	24	12
2005-09-16	0	5.22	23	12
2005-09-17	0	5.82	26	12
2005-09-18	0	4.73	23	12
2005-09-19	0	3.95	23	10
2005-09-20	0.01	3.38	19	10
2005-09-21	0	4.14	24	10
2005-09-22	0	3.96	25	10
2005-09-23	0	4.89	24	11
2005-09-24	0	4.03	26	10
2005-09-25	0	3.6	26	10
2005-09-26	3	2.57	23	10
2005-09-27	0	4.96	24	9
2005-09-28	0	3.52	24	12
2005-09-29	0	5.13	24	12
2005-09-30	0	5.14	NULO	NULO
2005-10-01	0	5.08	24	10
2005-10-02	0	3.65	22	10
2005-10-03	24	5	20	9
2005-10-04	33	8.47	17	10
2005-10-05	26	0.68	19	12
2005-10-06	1	2.85	20	12
2005-10-07	3	5.3	22	13
2005-10-08	7	3.08	22	12
2005-10-09	1	4.07	24	12
2005-10-10	0	3.53	26	13
2005-10-11	0	4.5	22	14
2005-10-12	0	3.75	23	13
2005-10-13	0	4.72	22	11
2005-10-14	0	4.2	20	12
2005-10-15	0	3.88	22	12
2005-10-16	0	2.68	21	12
2005-10-17	0	4.52	20	11
2005-10-18	0	3.18	21	12
2005-10-19	0	3.62	20	10
2005-10-20	0	3.8	24	8
2005-10-21	0	4.88	26	4
2005-10-22	0	3.3	26	7
2005-10-23	0	5.44	18	9
2005-10-24	0.01	2.1	24	6
2005-10-25	0	3.45	26	8
2005-10-26	0	3.33	24	7
2005-10-27	0	3.2	21	8
2005-10-28	0	3.01	20	9
2005-10-29	0	2.71	19	7
2005-10-30	0	3.78	18	7
2005-10-31	0	3.92	20	8
2005-11-01	0	4.05	21	8
2005-11-02	0	4.04	20	6
2005-11-03	0	3.46	23	1
2005-11-04	0	5.62	18	1
2005-11-05	0	4.55	19	4
2005-11-06	0	4.8	19	5
2005-11-07	0	2.48	19	6
2005-11-08	0	1.72	18	8
2005-11-09	0	2.43	18	7
2005-11-10	0	1.57	19	9
2005-11-11	0	1.33	20	6
2005-11-12	0	2.67	21	7
2005-11-13	0	3.55	20	8
2005-11-14	0	3.8	25	6
2005-11-15	0	1.9	24	7
2005-11-16	0	0.73	16	8
2005-11-17	0	2.95	16	9
2005-11-18	0	3.32	14	7
2005-11-19	0	3.12	11	6
2005-11-20	0	1.66	16	6
2005-11-21	0	3.09	17	7
2005-11-22	0	3.88	20	4
2005-11-23	0	4.44	24	2
2005-11-24	0	4.08	25	3
2005-11-25	0	2.93	24	3
2005-11-26	0	3.52	23	5
2005-11-27	0	4.25	24	4
2005-11-28	0	4.23	25	5
2005-11-29	0	2.35	25	6
2005-11-30	0	4.45	NULO	NULO
2005-12-01	0	4.2	23	4
2005-12-02	0	3.99	24	4
2005-12-03	0	3.04	25	6
2005-12-04	0	3.22	25	5
2005-12-05	0	3.75	24	6
2005-12-06	0	2.98	24	9
2005-12-07	0	2.17	23	8
2005-12-08	0	1.87	26	7
2005-12-09	0	3.01	24	8
2005-12-10	0	2.75	22	6
2005-12-11	0	3.05	23	8
2005-12-12	0	4.07	22	4
2005-12-13	0	4.13	20	6
2005-12-14	0	4.55	21	6
2005-12-15	0	4.39	22	10
2005-12-16	0	4.13	22	4
2005-12-17	0	3.67	21	10
2005-12-18	0	3.95	20	6
2005-12-19	0	3.41	17	4
2005-12-20	0	2.97	20	6
2005-12-21	0	2.95	22	8
2005-12-22	0	2.87	23	2
2005-12-23	0	3.85	22	3
2005-12-24	0	4.13	23	2
2005-12-25	0	4.07	22	5
2005-12-26	0	5.12	24	4
2005-12-27	0	3.49	24	3
2005-12-28	0	3.87	26	2
2005-12-29	0	4.49	26	4
2005-12-30	0	5.08	25	6
2005-12-31	0	4.55	26	4
2006-01-01	0	5.58	25	3
2006-01-02	0	4.5	24	6
2006-01-03	0	4.12	24	7
2006-01-04	0	4.68	26	5
2006-01-05	0	4.9	24	3
2006-01-06	0	4.27	24	0
2006-01-07	0	3.68	22	-4
2006-01-08	0	4.37	23	-1
2006-01-09	0	5.4	23	3
2006-01-10	0	3.82	22	-1
2006-01-11	0	3.68	22	3
2006-01-12	0	3.98	24	2
2006-01-13	0	3.04	20	4
2006-01-14	0	4	23	3
2006-01-15	0	4.29	24	4
2006-01-16	0	5.7	26	3
2006-01-17	0	4.42	19	0
2006-01-18	0	4.05	20	-4
2006-01-19	0	4.03	24	-2
2006-01-20	0	3.7	26	2
2006-01-21	0	3.79	26	2
2006-01-22	0	4.19	25	5
2006-01-23	0	3.62	24	5
2006-01-24	0	4.77	18	6
2006-01-25	2	5.83	22	7
2006-01-26	0	4.05	19	6
2006-01-27	0	4.64	23	6
2006-01-28	0	3.2	22	6
2006-01-29	0	5.13	20	4
2006-01-30	0	2.1	21	4
2006-01-31	0	2.38	25	8
2006-02-01	0	5.47	25	8
2006-02-02	0	4.75	22	10
2006-02-03	0	5.15	23	6
2006-02-04	0	4.65	22	3
2006-02-05	0	5.85	24	4
2006-02-06	0	5.71	25	4
2006-02-07	0	4.95	25	1
2006-02-08	0	4.54	25	2
2006-02-09	0	4.73	36	3
2006-02-10	0	4.3	24	2
2006-02-11	0	4.2	26	4
2006-02-12	0	4.1	25	2
2006-02-13	0	3.85	25	-2
2006-02-14	0	4.15	27	2
2006-02-15	0	4.04	26	4
2006-02-16	0	5.38	28	5
2006-02-17	0	5.1	27	6
2006-02-18	0	4.61	26	5
2006-02-19	0	5.56	26	7
2006-02-20	0	5.42	26	5
2006-02-21	0	4.3	28	6
2006-02-22	0	5.11	22	5
2006-02-23	0	5.05	26	6
2006-02-24	0	4.25	20	6
2006-02-25	0	3.44	21	4
2006-02-26	0	4.83	21	6
2006-02-27	0	4.76	23	4
2006-02-28	0	5.26	25	3
2006-03-01	0	5.41	26	6
2006-03-02	0	4.61	26	8
2006-03-03	0	5.26	26	7
2006-03-04	0	4.5	27	6
2006-03-05	0	5.63	27	6
2006-03-06	0	5.52	25	6
2006-03-07	0	6.42	28	4
2006-03-08	0	4.46	26	5
2006-03-09	0	5.5	28	4
2006-03-10	0	6.28	30	6
2006-03-11	0	5.68	32	7
2006-03-12	0	5.54	32	6
2006-03-13	0	5.91	30	7
2006-03-14	0	3.67	22	10
2006-03-15	0	5.44	28	10
2006-03-16	1	5.93	30	9
2006-03-17	0	7.06	30	10
2006-03-18	0	6.11	30	7
2006-03-19	0	5.75	28	6
2006-03-20	0	6.11	31	8
2006-03-21	0	6.05	30	7
2006-03-22	0	7.02	32	4
2006-03-23	0	4.52	24	2
2006-03-24	0	4.79	25	4
2006-03-25	0	5.66	23	2
2006-03-26	0	4.37	24	1
2006-03-27	2	7.72	26	4
2006-03-28	0	3.98	25	2
2006-03-29	0	4.76	21	4
2006-03-30	0	6.07	28	3
2006-03-31	0	4.1	20	4
2006-04-01	0	6.95	27	3
2006-04-02	0	6.9	26	2
2006-04-03	0	7.02	30	4
2006-04-04	0	9.13	30	1
2006-04-05	0	5.89	30	2
2006-04-06	0	6.66	31	6
2006-04-07	0	6.77	31	6
2006-04-08	0	5.52	32	7
2006-04-09	0	5.11	30	4
2006-04-10	0	5.1	28	6
2006-04-11	0	6	34	7
2006-04-12	0	5.64	30	7
2006-04-13	0	6.28	22	6
2006-04-14	0	4.8	25	8
2006-04-15	0	6.4	30	8
2006-04-16	0	5.28	27	10
2006-04-17	0	6.7	28	10
2006-04-18	0	5.79	20	9
2006-04-19	0	5.58	32	10
2006-04-20	0	5.91	31	10
2006-04-21	1	6.24	30	8
2006-04-22	0	6.24	25	10
2006-04-23	9	2.68	25	10
2006-04-24	0	7.2	29	10
2006-04-25	0	5.55	30	9
2006-04-26	0	6.43	28	8
2006-04-27	0	4.75	32	9
2006-04-28	0	4.28	31	10
2006-04-29	6	3.34	30	9
2006-04-30	2	4.3	30	8
2006-05-01	4	3.33	31	9
2006-05-02	0	4.89	25	10
2006-05-03	0	5.09	25	10
2006-05-04	0	6.21	28	11
2006-05-05	0	7.06	30	10
2006-05-06	0	7.82	31	12
2006-05-07	0	7.6	32	11
2006-05-08	0.01	8.74	33	15
2006-05-09	4	6.46	32	12
2006-05-10	22	10.72	34	11
2006-05-11	0	5.21	23	12
2006-05-12	10	6.17	24	13
2006-05-13	0	5.04	26	10
2006-05-14	0	4.79	28	9
2006-05-15	0	5.26	24	10
2006-05-16	0	3.9	22	10
2006-05-17	0	4.71	22	12
2006-05-18	0	4.7	24	10
2006-05-19	0	5.08	26	8
2006-05-20	0	5.22	26	10
2006-05-21	0	3.84	22	12
2006-05-22	0	5.56	28	8
2006-05-23	0	4.69	30	9
2006-05-24	0	6.33	32	10
2006-05-25	0	5.67	32	6
2006-05-26	0	6.31	32	6
2006-05-27	55	10	34	10
2006-05-28	0	5.13	32	10
2006-05-29	3	4.95	30	8
2006-05-30	0	3.61	33	7
2006-05-31	0	4.51	32	8
2006-06-01	0	4.6	24	6
2006-06-02	0	4.03	26	6
2006-06-03	0	3.25	18	5
2006-06-04	9	0.6	22	6
2006-06-05	0	4.15	21	8
2006-06-06	0	3.05	21	11
2006-06-07	0	3.72	22	14
2006-06-08	0	2.42	23	10
2006-06-09	0	4.73	24	9
2006-06-10	0	5.75	26	7
2006-06-11	0	6.18	25	8
2006-06-12	0	5.87	27	7
2006-06-13	0	6.55	21	9
2006-06-14	0	5.5	22	7
2006-06-15	0	5.12	27	8
2006-06-16	8	7.18	26	12
2006-06-17	8	4.98	27	13
2006-06-18	0	5.57	28	10
2006-06-19	0	5.95	29	12
2006-06-20	0	5.48	29	11
2006-06-21	0	4.57	28	10
2006-06-22	4	6.43	25	10
2006-06-23	0	5.6	24	13
2006-06-24	0	6.32	26	10
2006-06-25	0	5.12	25	11
2006-06-26	0	4.96	25	10
2006-06-27	0	5.04	25	12
2006-06-28	0	3.96	24	10
2006-06-29	0	5.17	22	11
2006-06-30	0	2.96	24	10
2006-07-01	5	0.74	22	10
2006-07-02	9	0.26	23	11
2006-07-03	5	4.57	25	10
2006-07-04	0	3.33	24	14
2006-07-05	0	4.7	27	12
2006-07-06	0	5.4	26	12
2006-07-07	0	2.75	24	12
2006-07-08	2	3.25	20	10
2006-07-09	4	1.57	21	11
2006-07-10	0	5.38	26	10
2006-07-11	0	4.95	22	12
2006-07-12	0	4.67	21	10
2006-07-13	0	5.33	23	12
2006-07-14	0	5.05	24	11
2006-07-15	0	4.32	21	10
2006-07-16	10	9.26	22	10
2006-07-17	0	4.29	26	10
2006-07-18	0	5.7	26	10
2006-07-19	0.01	5.26	26	10
2006-07-20	0.01	3.26	23	10
2006-07-21	0	2.88	22	9
2006-07-22	0	3.6	21	8
2006-07-23	0	3.68	20	10
2006-07-24	40	10.62	18	8
2006-07-25	0	5.5	19	10
2006-07-26	20	6.59	18	11
2006-07-27	0	3.86	22	10
2006-07-28	0	4.08	24	12
2006-07-29	0	5.95	22	11
2006-07-30	0	9.52	21	10
2006-07-31	0	4.32	22	11
2006-08-01	0	4.16	21	11
2006-08-02	0	3.37	20	13
2006-08-03	18	9.05	20	12
2006-08-04	15	2.15	18	11
2006-08-05	7	1.39	18	10
2006-08-06	2	0.31	19	10
2006-08-07	7	2.47	18	12
2006-08-08	0.01	3.08	18	13
2006-08-09	0	3.78	20	15
2006-08-10	0	5.02	25	14
2006-08-11	2	4.27	25	12
2006-08-12	0	5.05	24	11
2006-08-13	0	3.66	22	10
2006-08-14	1	5.38	25	12
2006-08-15	1	1.04	24	12
2006-08-16	0	4.74	26	12
2006-08-17	0	5.23	27	10
2006-08-18	0	4.83	26	10
2006-08-19	0	4.72	24	11
2006-08-20	0	4.83	26	10
2006-08-21	0	6.23	25	11
2006-08-22	0	5.67	24	10
2006-08-23	0	5.47	26	10
2006-08-24	2	4.86	26	14
2006-08-25	25	7.45	27	14
2006-08-26	20	2.85	26	12
2006-08-27	0.01	2.04	24	10
2006-08-28	0	4.43	23	9
2006-08-29	0	5.67	23	12
2006-08-30	0	2.55	21	11
2006-08-31	0	4.46	25	13
2006-09-01	0	4.75	25	14
2006-09-02	0	5.24	20	15
2006-09-03	0	4.56	25	12
2006-09-04	2	4.14	23	12
2006-09-05	0	2.83	20	13
2006-09-06	0	4.48	21	14
2006-09-07	2	3.67	25	13
2006-09-08	59	10.1	24	14
2006-09-09	0	5.18	25	15
2006-09-10	0	4.9	25	14
2006-09-11	0	5.05	24	13
2006-09-12	0	4.37	25	12
2006-09-13	23	8.2	23	10
2006-09-14	0	5.05	26	14
2006-09-15	0	4.03	25	11
2006-09-16	0	3.91	26	12
2006-09-17	4	5.49	27	13
2006-09-18	0	6.07	27	13
2006-09-19	3	2.04	20	12
2006-09-20	0.01	1.49	18	12
2006-09-21	5	3.36	18	12
2006-09-22	2	4.08	22	13
2006-09-23	3	4.56	26	12
2006-09-24	55	8.34	18	14
2006-09-25	2	2.18	17	12
2006-09-26	0	2.48	20	14
2006-09-27	0	4.97	22	12
2006-09-28	0	4.38	21	10
2006-09-29	0	3.85	22	12
2006-09-30	0	3.57	23	12
2006-10-01	0	2.45	22	12
2006-10-02	0	3.98	23	10
2006-10-03	0	4.17	21	12
2006-10-04	2	4.77	20	10
2006-10-05	3	1.37	20	9
2006-10-06	0	2.89	19	9
2006-10-07	0	3.1	20	10
2006-10-08	0	3.05	20	9
2006-10-09	0	4.02	25	8
2006-10-10	0	3.82	27	9
2006-10-11	0	3.23	26	10
2006-10-12	0	4.78	24	11
2006-10-13	0	5.07	24	9
2006-10-14	3	4.85	24	12
2006-10-15	0	2.94	25	11
2006-10-16	0	4.74	25	12
2006-10-17	13	3.22	26	12
2006-10-18	0	4.33	26	13
2006-10-19	0	4.79	25	14
2006-10-20	0	3.96	22	13
2006-10-21	0	4.2	20	10
2006-10-22	0.01	1.89	20	10
2006-10-23	0	0.63	18	10
2006-10-24	0	5.26	24	8
2006-10-25	0	3.74	20	9
2006-10-26	2	5.22	27	11
2006-10-27	0	3.86	18	10
2006-10-28	0	5.22	19	10
2006-10-29	0	5.21	18	6
2006-10-30	0	4.02	25	2
2006-10-31	0	4.95	25	1
2006-11-01	0	3.02	24	5
2006-11-02	0	2.95	24	9
2006-11-03	0	2.56	22	11
2006-11-04	0	4.29	20	8
2006-11-05	0	2.23	20	9
2006-11-06	0	3.67	24	8
2006-11-07	0	4.17	25	10
2006-11-08	0	3.03	25	11
2006-11-09	5	3.52	22	10
2006-11-10	5	1.01	20	10
2006-11-11	5	0.62	21	9
2006-11-12	2	1.03	20	8
2006-11-13	0.01	3.27	21	9
2006-11-14	0	4.23	18	10
2006-11-15	0	4.25	18	10
2006-11-16	0	1.07	19	6
2006-11-17	0	0.92	16	8
2006-11-18	1	1.76	16	8
2006-11-19	1	2.1	19	7
2006-11-20	1	0.19	12	4
2006-11-21	0	2.23	10	4
2006-11-22	0	2.88	20	0
2006-11-23	0	3.05	20	-2
2006-11-24	0	2.84	20	-2
2006-11-25	0	3.68	21	1
2006-11-26	0	4.13	23	2
2006-11-27	0	3.26	24	5
2006-11-28	0	2.74	24	6
2006-11-29	0	5.06	25	5
2006-11-30	0	4.02	26	6
2006-12-01	0	2.94	20	9
2006-12-02	0	2.23	16	8
2006-12-03	2	2.88	12	4
2006-12-04	0	1.15	10	4
2006-12-05	0	1.88	18	5
2006-12-06	0	3.62	22	5
2006-12-07	1	0.52	20	6
2006-12-08	0	1.56	20	4
2006-12-09	0	4.4	20	5
2006-12-10	0	2.74	21	4
2006-12-11	0	3.14	20	6
2006-12-12	0	3.85	19	6
2006-12-13	0	3.65	22	5
2006-12-14	0	4.36	21	8
2006-12-15	0	4.08	20	7
2006-12-16	0	3.22	18	6
2006-12-17	0	3.98	18	5
2006-12-18	0	5.07	18	5
2006-12-19	0	3.93	20	6
2006-12-20	0	2.72	18	7
2006-12-21	0	3.1	17	8
2006-12-22	0	4.16	18	8
2006-12-23	0	3.83	20	7
2006-12-24	0	3.54	17	6
2006-12-25	0	3.23	18	5
2006-12-26	0	3.23	23	2
2006-12-27	0	3.21	22	-2
2006-12-28	0	2.56	24	-1
2006-12-29	0	4.48	25	3
2006-12-30	0	3.99	26	6
2006-12-31	0	2.95	24	4
2007-01-01	0	3.25	25	6
2007-01-02	0	3.83	24	4
2007-01-03	0	4.02	23	6
2007-01-04	0	4.25	24	6
2007-01-05	0	3.75	25	4
2007-01-06	0	4.45	25	4
2007-01-07	0	2.92	25	4
2007-01-08	0	5.16	24	2
2007-01-09	0	2.8	25	3
2007-01-10	0	4.12	26	4
2007-01-11	0	3.52	24	2
2007-01-12	0	3.26	25	6
2007-01-13	0	5.14	26	4
2007-01-14	0	2.86	26	4
2007-01-15	0	4.22	24	5
2007-01-16	0	4.3	23	8
2007-01-17	0	4.72	23	6
2007-01-18	0	4.51	24	7
2007-01-19	0	3.77	25	8
2007-01-20	0	3.71	26	7
2007-01-21	0	4.15	26	6
2007-01-22	0	3.89	25	6
2007-01-23	3	2.43	21	8
2007-01-24	0	0.53	23	6
2007-01-25	5	1.47	24	8
2007-01-26	0	3.04	22	6
2007-01-27	0	2.88	20	6
2007-01-28	0	3.65	19	7
2007-01-29	0	2.5	20	6
2007-01-30	0	5.85	23	4
2007-01-31	0	5.15	26	6
2007-02-01	0	2.83	24	10
2007-02-02	0	8.14	20	10
2007-02-03	17	6.7	18	9
2007-02-04	20	6.15	20	8
2007-02-05	0	3.21	24	8
2007-02-06	0	2.84	25	12
2007-02-07	0	3.98	26	16
2007-02-08	0	3.51	26	12
2007-02-09	0	3.37	18	14
2007-02-10	6	1.57	19	10
2007-02-11	0	2.23	22	6
2007-02-12	0	2.87	20	4
2007-02-13	0	3.73	19	6
2007-02-14	0	3.88	18	4
2007-02-15	0	4.5	18	6
2007-02-16	0	4.01	20	5
2007-02-17	0	3.81	21	4
2007-02-18	0	3.85	20	4
2007-02-19	0	3.9	22	3
2007-02-20	0	4.58	22	7
2007-02-21	0	3.95	24	8
2007-02-22	0	5.61	24	6
2007-02-23	0	6.29	26	4
2007-02-24	0	6	24	6
2007-02-25	0	6.04	26	8
2007-02-26	0	4.86	24	6
2007-02-27	0	7.25	30	6
2007-02-28	0	5.09	30	8
2007-03-01	0	4.75	31	11
2007-03-02	0	6.04	28	12
2007-03-03	0	3.67	20	10
2007-03-04	0	4.29	17	6
2007-03-05	0	3.91	16	4
2007-03-06	0	5.05	22	0
2007-03-07	0	5.21	26	4
2007-03-08	0	5.81	28	6
2007-03-09	0	4.75	26	10
2007-03-10	0	3.17	25	10
2007-03-11	1	3.1	22	10
2007-03-12	2	4.67	25	10
2007-03-13	4	5.28	23	8
2007-03-14	0	6	26	8
2007-03-15	0	6.02	28	7
2007-03-16	0	5.36	29	5
2007-03-17	0	5.17	28	6
2007-03-18	0	7.37	28	3
2007-03-19	0	6.13	29	6
2007-03-20	0	5.65	30	7
2007-03-21	0	6.32	29	7
2007-03-22	0	4.53	26	8
2007-03-23	0	4.53	27	9
2007-03-24	0	4.08	28	8
2007-03-25	0	3.82	26	10
2007-03-26	0	4.54	26	8
2007-03-27	0	5.22	26	11
2007-03-28	0.01	5.13	27	10
2007-03-29	0	6.15	28	9
2007-03-30	0	3.75	29	8
2007-03-31	10	4.32	28	9
2007-04-01	20	7.5	26	10
2007-04-02	0	4.19	25	10
2007-04-03	0	4.1	24	8
2007-04-04	0	4.84	26	6
2007-04-05	0	4.86	26	7
2007-04-06	0	6.12	26	9
2007-04-07	0	4.18	24	10
2007-04-08	0	6.09	28	10
2007-04-09	0	4.71	26	9
2007-04-10	0	6.34	28	8
2007-04-11	0	5.6	29	10
2007-04-12	0	5.35	29	10
2007-04-13	0	5.51	30	8
2007-04-14	0	6.38	26	6
2007-04-15	0	5.82	26	7
2007-04-16	0	6.39	29	6
2007-04-17	0	5.55	31	10
2007-04-18	0	8.06	31	11
2007-04-19	0	6.39	32	10
2007-04-20	0	5.75	31	11
2007-04-21	0	5.86	31	12
2007-04-22	0	6.9	32	12
2007-04-23	0	5.45	31	12
2007-04-24	2	6.87	30	10
2007-04-25	0	5.14	29	12
2007-04-26	0	3.56	28	11
2007-04-27	0	3.77	27	13
2007-04-28	0	4.68	27	12
2007-04-29	0	4.03	26	10
2007-04-30	0	5.94	29	9
2007-05-01	0	5.82	30	10
2007-05-02	0	5.73	29	11
2007-05-03	0	6.43	31	10
2007-05-04	0	6.04	30	10
2007-05-05	0	5.72	31	11
2007-05-06	5	8.06	31	10
2007-05-07	0	6.28	31	11
2007-05-08	0	4.74	31	14
2007-05-09	0	5.18	31	13
2007-05-10	0	5.55	20	12
2007-05-11	0	6.23	30	13
2007-05-12	0	6.02	30	12
2007-05-13	0	6.2	31	10
2007-05-14	0	5.08	29	10
2007-05-15	0	4.8	28	10
2007-05-16	0	4.74	30	9
2007-05-17	0	4.76	29	10
2007-05-18	0	4.77	29	11
2007-05-19	0	4.87	30	12
2007-05-20	4	7.56	30	10
2007-05-21	0	4.74	30	11
2007-05-22	6	4.6	30	12
2007-05-23	0	5.35	28	12
2007-05-24	0	5.11	27	12
2007-05-25	5	8.6	26	10
2007-05-26	3	6.34	26	10
2007-05-27	0	4.86	26	11
2007-05-28	0	5.1	27	11
2007-05-29	0	4.67	28	8
2007-05-30	0	4.83	27	9
2007-05-31	0	6.34	20	10
2007-06-01	0	6.82	31	10
2007-06-02	0	6.38	31	11
2007-06-03	0	5.54	29	12
2007-06-04	0	7.24	21	9
2007-06-05	0	7.17	32	13
2007-06-06	0	1.91	32	14
2007-06-07	4	9.8	31	14
2007-06-08	0	5.2	32	10
2007-06-09	0	6.24	32	9
2007-06-10	0	5.96	32	10
2007-06-11	0	5.25	31	11
2007-06-12	0	4.7	29	9
2007-06-13	0	4.97	27	13
2007-06-14	0	6.38	20	9
2007-06-15	0	5.92	29	10
2007-06-16	6	7.85	30	11
2007-06-17	14	9.13	30	12
2007-06-18	0	3.17	25	13
2007-06-19	3	4.73	27	11
2007-06-20	28	7.46	23	10
2007-06-21	0	4.69	24	14
2007-06-22	0	3.45	26	14
2007-06-23	27	2.4	24	15
2007-06-24	0	5.14	20	14
2007-06-25	0	5.13	26	12
2007-06-26	0	4.76	27	9
2007-06-27	0	6.12	26	10
2007-06-28	0	5.95	28	10
2007-06-29	6	9.89	26	11
2007-06-30	16	3.84	22	10
2007-07-01	5	1.56	26	10
2007-07-02	24	0.79	25	11
2007-07-03	7	4.28	25	13
2007-07-04	46	3.92	27	10
2007-07-05	0	4.32	26	14
2007-07-06	0	7.98	25	12
2007-07-07	0	9.78	27	11
2007-07-08	0	4.2	28	10
2007-07-09	0	4.05	27	11
2007-07-10	0	3.47	25	11
2007-07-11	0	5.38	26	11
2007-07-12	0	5.17	25	12
2007-07-13	0	4.97	26	10
2007-07-14	0	4.53	25	12
2007-07-15	16	4.72	28	10
2007-07-16	0	8.53	28	11
2007-07-17	25	4.23	25	10
2007-07-18	35	12.46	26	10
2007-07-19	0.01	13.38	23	12
2007-07-20	0	3.04	25	13
2007-07-21	0	4.14	24	14
2007-07-22	0	3.81	23	10
2007-07-23	0	3.68	24	11
2007-07-24	0	4.56	23	12
2007-07-25	0	3.77	24	10
2007-07-26	9	3.09	25	8
2007-07-27	8	9	25	10
2007-07-28	0	3.25	24	9
2007-07-29	6	4.8	22	10
2007-07-30	6	7.63	25	10
2007-07-31	0	2.03	26	12
2007-08-01	0	4.87	25	12
2007-08-02	0	5.55	26	10
2007-08-03	0	4.59	26	12
2007-08-04	0	6.29	25	12
2007-08-05	0	5.57	26	10
2007-08-06	7	5.93	26	11
2007-08-07	0	8.85	25	10
2007-08-08	0	5.79	25	11
2007-08-09	0	4.68	25	12
2007-08-10	0	5	24	11
2007-08-11	0	4.32	25	10
2007-08-12	0	5.12	24	11
2007-08-13	1	3.54	24	10
2007-08-14	0	6.24	25	9
2007-08-15	0	3.68	24	11
2007-08-16	0	4.14	26	12
2007-08-17	0	4.08	25	10
2007-08-18	0	5.2	24	11
2007-08-19	0	3.98	26	10
2007-08-20	0	3.57	26	9
2007-08-21	81	3.15	16	9
2007-08-22	27	6.49	16	8
2007-08-23	20	7	15	10
2007-08-24	0	5	22	11
2007-08-25	0	4.76	23	11
2007-08-26	0	5.29	24	12
2007-08-27	0	4.56	22	12
2007-08-28	7	5.63	23	13
2007-08-29	5	1.17	21	12
2007-08-30	15	1.41	18	9
2007-08-31	2	6.75	19	7
2007-09-01	14	2.6	18	11
2007-09-02	30	4.17	18	14
2007-09-03	0	5.97	22	10
2007-09-04	1	3.71	23	14
2007-09-05	0	4.24	25	14
2007-09-06	1	5.86	23	11
2007-09-07	1	4.42	18	12
2007-09-08	0	2.7	20	14
2007-09-09	3	5.42	18	14
2007-09-10	8	3.26	16	12
2007-09-11	1	1.49	21	12
2007-09-12	0	1.85	20	14
2007-09-13	0	3.34	20	13
2007-09-14	0	3.96	28	11
2007-09-15	2	4.74	29	11
2007-09-16	0	4.75	24	10
2007-09-17	0	3.37	23	9
2007-09-18	0	4.68	22	11
2007-09-19	0	4.47	24	11
2007-09-20	0	5.93	22	13
2007-09-21	0	4.06	23	14
2007-09-22	0	4.54	24	11
2007-09-23	0	4.82	24	10
2007-09-24	0	4.91	25	12
2007-09-25	0	5.54	24	11
2007-09-26	0	3.76	24	9
2007-09-27	0	3.77	22	9
2007-09-28	9	8.23	22	9
2007-09-29	0	2.54	21	8
2007-09-30	0	2.6	20	10
2007-10-01	0	3.26	21	11
2007-10-02	0	3.04	22	11
2007-10-03	0	4.94	25	11
2007-10-04	0	5.04	24	9
2007-10-05	0	4.83	24	8
2007-10-06	0	4.17	26	9
2007-10-07	0	3.58	26	8
2007-10-08	12	3.77	21	8
2007-10-09	20	2.24	16	8
2007-10-10	0	6.39	20	8
2007-10-11	0	3.73	19	7
2007-10-12	0	3.92	20	10
2007-10-13	0	5.17	26	9
2007-10-14	0	5.27	24	6
2007-10-15	0	4.85	27	6
2007-10-16	0	5.17	27	7
2007-10-17	0	4.56	26	6
2007-10-18	0	4.73	26	7
2007-10-19	2	4.2	27	10
2007-10-20	0	5.77	28	11
2007-10-21	0	4.48	26	11
2007-10-22	0	3.09	21	10
2007-10-23	2	3.66	20	8
2007-10-24	0	5.12	15	4
2007-10-25	0	4.35	16	0
2007-10-26	0	3.82	20	-1
2007-10-27	0	3.15	16	-2
2007-10-28	0	2.91	14	2
2007-10-29	0	2.05	16	6
2007-10-30	0	4.51	20	4
2007-10-31	0	3.92	21	6
2007-11-01	0	3.57	22	6
2007-11-02	0	4.35	23	4
2007-11-03	0	3.93	20	2
2007-11-04	0	3.62	22	1
2007-11-05	0	4.55	20	0
2007-11-06	0	2.98	18	4
2007-11-07	0	2.57	22	4
2007-11-08	0	4.48	21	3
2007-11-09	0	2.99	22	4
2007-11-10	0	2.48	21	3
2007-11-11	0	3.38	23	2
2007-11-12	0	4	24	3
2007-11-13	0	3.15	20	6
2007-11-14	0	3.53	17	5
2007-11-15	0	3.36	20	7
2007-11-16	0	2.63	19	6
2007-11-17	0	3.17	18	5
2007-11-18	0	3.2	22	7
2007-11-19	0	3.03	24	6
2007-11-20	0	2.93	26	6
2007-11-21	0	3.04	24	4
2007-11-22	14	4.91	26	6
2007-11-23	12	5.95	25	7
2007-11-24	0	4.2	23	6
2007-11-25	0	3.6	27	4
2007-11-26	0	3.96	24	6
2007-11-27	0	4.23	23	6
2007-11-28	0	4.5	20	7
2007-11-29	0	2.79	22	6
2007-11-30	0	2.88	22	8
2007-12-01	0	3.53	25	6
2007-12-02	0.01	2.89	24	7
2007-12-03	0	3.71	25	3
2007-12-04	0	3.34	24	4
2007-12-05	0	4.26	22	6
2007-12-06	0	4.57	26	4
2007-12-07	0	5.33	26	4
2007-12-08	0	4.08	24	6
2007-12-09	0	3.19	25	5
2007-12-10	0	3.83	25	4
2007-12-11	0	3.5	25	4
2007-12-12	0	4.29	24	5
2007-12-13	0	3.86	25	4
2007-12-14	0	3.92	23	4
2007-12-15	0	4.43	24	6
2007-12-16	0	3.52	24	5
2007-12-17	0	3.52	24	4
2007-12-18	0	3.76	23	6
2007-12-19	0	2.74	26	5
2007-12-20	0	3.76	27	7
2007-12-21	0	4.29	24	6
2007-12-22	0	4.49	25	4
2007-12-23	0	3.84	26	5
2007-12-24	0	3.77	26	5
2007-12-25	0	3.3	27	4
2007-12-26	0	2.53	22	6
2007-12-27	0	4.25	27	6
2007-12-28	0	4.75	24	5
2007-12-29	0	3.25	20	4
2007-12-30	0	4.32	22	4
2007-12-31	1	4	18	3
2008-01-01	0	3.95	19	2
2008-01-02	0	2.05	20	2
2008-01-03	0	5.85	17	0
2008-01-04	0	3.88	24	2
2008-01-05	0	4.31	26	6
2008-01-06	0	3.96	24	3
2008-01-07	0	3.85	25	5
2008-01-08	0	5.19	24	4
2008-01-09	0	3.78	23	4
2008-01-10	0	3.92	22	5
2008-01-11	0	5.26	24	4
2008-01-12	0	3.57	25	6
2008-01-13	0	4.6	28	5
2008-01-14	0	3.65	22	4
2008-01-15	0	3.18	21	6
2008-01-16	0	2.89	23	5
2008-01-17	0	3.23	22	4
2008-01-18	0	3.45	22	5
2008-01-19	0	3.23	20	3
2008-01-20	0	3.12	21	2
2008-01-21	0	3.22	21	3
2008-01-22	0	2.43	24	1
2008-01-23	0	4.43	27	4
2008-01-24	0	4.85	24	4
2008-01-25	0	6.18	26	4
2008-01-26	0	4.68	26	5
2008-01-27	0	5.2	25	4
2008-01-28	0	5.07	26	4
2008-01-29	0	5.2	25	4
2008-01-30	0	4.31	24	5
2008-01-31	0	5.63	25	6
2008-02-01	0	4.56	24	4
2008-02-02	0	6.43	25	4
2008-02-03	0	5.07	26	5
2008-02-04	0	4.97	26	6
2008-02-05	0	3.88	25	6
2008-02-06	0	4.38	26	6
2008-02-07	0	5.23	25	4
2008-02-08	0	5.53	26	4
2008-02-09	0	5.05	24	4
2008-02-10	0	3.49	25	4
2008-02-11	0	4.32	26	5
2008-02-12	0	3.6	22	6
2008-02-13	0	5.4	27	8
2008-02-14	0	6.13	28	5
2008-02-15	0	4.67	27	4
2008-02-16	0	3.82	29	3
2008-02-17	0	6.31	29	4
2008-02-18	0	4.92	27	4
2008-02-19	0	4.32	28	5
2008-02-20	0	4.92	28	6
2008-02-21	0	5.26	29	6
2008-02-22	0	5.79	29	7
2008-02-23	0	6.13	28	8
2008-02-24	0	6.07	29	7
2008-02-25	0	4.88	30	8
2008-02-26	0	5.63	20	7
2008-02-27	0	4.5	18	5
2008-02-28	0	2.33	25	1
2008-02-29	0	5.5	28	2
2008-03-01	0	4.7	27	5
2008-03-02	0	5.36	28	6
2008-03-03	0	4.95	28	4
2008-03-04	0	4.42	27	6
2008-03-05	0	6.26	28	5
2008-03-06	0	6.43	28	4
2008-03-07	0	5.57	28	1
2008-03-08	0	4.71	27	4
2008-03-09	0	5.28	26	6
2008-03-10	0	4.59	26	6
2008-03-11	0	5.91	24	8
2008-03-12	0	3.17	27	4
2008-03-13	0	5.97	26	4
2008-03-14	0	4.96	28	6
2008-03-15	0	4.67	29	8
2008-03-16	0	5.83	28	7
2008-03-17	0	5.11	24	8
2008-03-18	0	4.76	26	4
2008-03-19	0	5.78	24	2
2008-03-20	0	5.89	26	4
2008-03-21	0	4.66	28	5
2008-03-22	0	3.8	29	4
2008-03-23	0.01	5.12	24	4
2008-03-24	0	5.37	27	3
2008-03-25	0	5.16	28	5
2008-03-26	0	4.96	32	6
2008-03-27	0	4.56	33	4
2008-03-28	0	4.82	32	6
2008-03-29	0	5.48	30	5
2008-03-30	0	6.21	32	6
2008-03-31	0	4.79	32	6
2008-04-01	0	5.7	32	4
2008-04-02	0	6.3	32	6
2008-04-03	0	5.04	33	6
2008-04-04	0	5.1	34	7
2008-04-05	0	3.58	32	8
2008-04-06	0	4.79	31	8
2008-04-07	0	5.55	32	7
2008-04-08	0	4.48	33	8
2008-04-09	0	5.32	34	8
2008-04-10	0	4.93	34	8
2008-04-11	0	5.92	32	8
2008-04-12	3	4.31	20	6
2008-04-13	0	4.3	18	4
2008-04-14	0	4.07	32	4
2008-04-15	0	4.97	27	6
2008-04-16	0	4.63	26	5
2008-04-17	0	4.93	30	6
2008-04-18	0	6.41	18	7
2008-04-19	0	5.11	32	8
2008-04-20	0	6.42	32	8
2008-04-21	0	5.69	34	8
2008-04-22	0	5.94	33	9
2008-04-23	0	5.61	32	10
2008-04-24	0	6.01	33	9
2008-04-25	0	5.95	33	10
2008-04-26	4	4.95	30	9
2008-04-27	10	3.93	28	9
2008-04-28	0	5.37	28	8
2008-04-29	0	3.69	26	6
2008-04-30	0	4.02	28	8
2008-05-01	0	3.8	27	5
2008-05-02	0	3.47	28	6
2008-05-03	0	4.53	26	4
2008-05-04	0	5.58	28	6
2008-05-05	0	4.78	29	7
2008-05-06	0	4.92	28	6
2008-05-07	0	4.86	30	6
2008-05-08	0	5.26	32	8
2008-05-09	0	5.13	33	4
2008-05-10	0	2.27	32	6
2008-05-11	0	4.2	32	8
2008-05-12	0	5.06	33	8
2008-05-13	9	5.01	34	8
2008-05-14	0	6.09	29	12
2008-05-15	0	4.56	31	10
2008-05-16	6	4.36	28	11
2008-05-17	0	3.51	27	10
2008-05-18	3	9.95	26	9
2008-05-19	3	5.9	24	8
2008-05-20	0	5.96	21	4
2008-05-21	0	5.77	26	6
2008-05-22	0	3.71	28	8
2008-05-23	0	5.8	27	9
2008-05-24	0	5.4	30	10
2008-05-25	0	5.6	30	8
2008-05-26	0	4.71	29	8
2008-05-27	0	5.93	28	10
2008-05-28	0	5.41	26	11
2008-05-29	0	5.6	26	8
2008-05-30	0	4.32	25	8
2008-05-31	0	4.61	26	9
2008-06-01	0	5.31	26	8
2008-06-02	0	4.97	25	9
2008-06-03	0	5.73	26	10
2008-06-04	0	5.3	29	10
2008-06-05	0	5.1	30	11
2008-06-06	0	5.63	27	10
2008-06-07	0	6.27	28	12
2008-06-08	2	4.15	28	13
2008-06-09	9	2.4	23	12
2008-06-10	2	2.48	22	15
2008-06-11	4	2.4	21	13
2008-06-12	0	2.6	22	12
2008-06-13	0	3.59	20	10
2008-06-14	0	4.47	21	11
2008-06-15	6	3.56	22	11
2008-06-16	20	2.14	25	11
2008-06-17	10	2.36	26	10
2008-06-18	3	2.4	27	12
2008-06-19	0	2.95	28	10
2008-06-20	0	5.83	27	11
2008-06-21	0	5.26	26	10
2008-06-22	0	4.5	28	10
2008-06-23	2	5.2	27	9
2008-06-24	0	4.8	26	10
2008-06-25	0	4.12	25	10
2008-06-26	0	5.48	24	10
2008-06-27	0	8.05	26	11
2008-06-28	0	4.69	25	12
2008-06-29	1	5.4	25	12
2008-06-30	0	2.58	23	12
2008-07-01	0	5.18	23	13
2008-07-02	2	3.3	20	11
2008-07-03	0	2.82	21	12
2008-07-04	0	3.09	22	11
2008-07-05	4	4.7	20	11
2008-07-06	7	3.6	21	15
2008-07-07	17	4.21	21	11
2008-07-08	40	3.32	20	13
2008-07-09	6	4.9	19	12
2008-07-10	0	2.61	19	10
2008-07-11	0	1.33	22	12
2008-07-12	0	3.47	23	10
2008-07-13	2	4.17	23	9
2008-07-14	0	3.83	23	11
2008-07-15	0	5.42	21	10
2008-07-16	0	4.77	24	10
2008-07-17	0	5.21	24	11
2008-07-18	0	5.23	23	10
2008-07-19	0	3.88	24	9
2008-07-20	0	4.18	25	10
2008-07-21	0	3.71	24	8
2008-07-22	0	3.83	25	10
2008-07-23	0	4.35	25	11
2008-07-24	0	4.13	26	10
2008-07-25	0	3.3	26	11
2008-07-26	0	5.48	25	10
2008-07-27	7	5.18	26	10
2008-07-28	0	4.9	27	10
2008-07-29	0	4.72	26	10
2008-07-30	14	4.92	29	12
2008-07-31	20	4.81	28	13
2008-08-01	0	4.85	26	10
2008-08-02	0	4.86	25	9
2008-08-03	5	4.7	25	10
2008-08-04	0	5.97	23	9
2008-08-05	0	4.87	24	8
2008-08-06	0	5.14	25	7
2008-08-07	0	5.04	24	7
2008-08-08	0	5.04	26	10
2008-08-09	0	4.6	27	9
2008-08-10	0	4.88	27	10
2008-08-11	17	4.24	27	10
2008-08-12	20	3.25	26	11
2008-08-13	0	4.6	25	11
2008-08-14	0	4.15	26	11
2008-08-15	0	5.49	25	10
2008-08-16	0	4.65	26	12
2008-08-17	2	5.47	24	11
2008-08-18	0	3.14	26	11
2008-08-19	2	3.61	28	14
2008-08-20	0	3.55	27	14
2008-08-21	0	3.49	24	14
2008-08-22	0	5.25	26	10
2008-08-23	0	4.36	25	12
2008-08-24	0	3.64	26	10
2008-08-25	11	2.87	24	11
2008-08-26	12	2.7	24	10
2008-08-27	3	3.9	25	11
2008-08-28	0	1.53	23	10
2008-08-29	0	3.93	24	11
2008-08-30	0	3.05	26	11
2008-08-31	0	3.69	25	10
2008-09-01	0	4.39	25	11
2008-09-02	0	3.76	27	10
2008-09-03	0	4.9	26	11
2008-09-04	0	4.9	26	11
2008-09-05	0	5.19	24	11
2008-09-06	0	4.29	20	12
2008-09-07	12	2.15	16	11
2008-09-08	9	3.16	20	10
2008-09-09	8	4.9	22	12
2008-09-10	0	3.81	24	12
2008-09-11	0	5.4	26	13
2008-09-12	4	5.21	24	11
2008-09-13	6	2.08	20	10
2008-09-14	10	2.41	16	9
2008-09-15	0.01	3.72	14	10
2008-09-16	0	4.8	18	10
2008-09-17	0	1	20	10
2008-09-18	0	4.24	20	11
2008-09-19	2	4.16	21	10
2008-09-20	2	4.02	20	11
2008-09-21	2	3.9	19	10
2008-09-22	4	2.85	20	9
2008-09-23	8	4.21	20	12
2008-09-24	6	3.8	18	13
2008-09-25	0	4.92	17	12
2008-09-26	0	3.75	18	9
2008-09-27	0	4.2	21	8
2008-09-28	0	3.36	20	7
2008-09-29	0	2.15	20	6
2008-09-30	0	2.8	17	4
2008-10-01	0	3.22	20	3
2008-10-02	0	3.75	21	4
2008-10-03	0	4.1	24	6
2008-10-04	0	4.05	22	6
2008-10-05	0	4.18	22	5
2008-10-06	0	2.91	23	6
2008-10-07	1	2.59	24	7
2008-10-08	0	2.25	20	8
2008-10-09	0	3.14	20	12
2008-10-10	0	3.87	22	8
2008-10-11	0	4.12	24	10
2008-10-12	0	5.22	24	12
2008-10-13	0	4.97	25	11
2008-10-14	0	4.95	20	9
2008-10-15	0	3.06	25	9
2008-10-16	6	5.28	20	10
2008-10-17	6	2.1	16	13
2008-10-18	6	1.42	17	9
2008-10-19	4	2.39	18	8
2008-10-20	0	1.82	18	8
2008-10-21	0	2.27	23	4
2008-10-22	0	3.89	25	4
2008-10-23	0	4.06	22	4
2008-10-24	0	4.61	24	4
2008-10-25	0	4.82	20	5
2008-10-26	0	5.45	16	5
2008-10-27	12	5.09	16	4
2008-10-28	0.01	1.82	13	8
2008-10-29	0	0.96	17	4
2008-10-30	0	4.14	17	5
2008-10-31	0	3.58	16	5
2008-11-01	0	4.46	20	6
2008-11-02	0	2.44	22	4
2008-11-03	0	3.12	22	4
2008-11-04	0	4.21	24	5
2008-11-05	0	2.57	23	4
2008-11-06	0	4.25	25	4
2008-11-07	0	1.78	26	4
2008-11-08	0	3.69	25	5
2008-11-09	0	2.48	26	4
2008-11-10	0	3.55	27	4
2008-11-11	0	4.02	27	6
2008-11-12	0	3.52	28	6
2008-11-13	0	4.82	27	5
2008-11-14	0	4.55	26	4
2008-11-15	0.01	2.72	16	4
2008-11-16	0	1.39	16	2
2008-11-17	0	2.51	18	4
2008-11-18	0	2.95	19	0
2008-11-19	0	3.06	15	2
2008-11-20	0	2.81	18	0
2008-11-21	0	4.02	20	2
2008-11-22	0	3.31	17	3
2008-11-23	0	2.47	18	1
2008-11-24	0	4.57	24	2
2008-11-25	0	4	22	2
2008-11-26	0	2.57	23	4
2008-11-27	0	4.23	24	3
2008-11-28	0	3.09	22	3
2008-11-29	0	2.05	24	4
2008-11-30	0	3.26	24	4
2008-12-01	0	2.53	20	6
2008-12-02	0	3.21	21	1
2008-12-03	0	3.15	24	0
2008-12-04	0	2.69	18	3
2008-12-05	0	3	20	2
2008-12-06	0	4.08	21	4
2008-12-07	0	3.75	24	3
2008-12-08	0	1.88	24	5
2008-12-09	0	4.57	25	5
2008-12-10	0	4.12	22	3
2008-12-11	0	2.86	23	0
2008-12-12	0	3.62	24	-1
2008-12-13	0	4.19	25	-1
2008-12-14	0	3.7	26	0
2008-12-15	0	4.48	25	4
2008-12-16	0	3.7	22	3
2008-12-17	0	3.43	24	3
2008-12-18	0	3.57	36	4
2008-12-19	0	3.97	25	6
2008-12-20	0	5.46	24	3
2008-12-21	0	4.08	26	0
2008-12-22	0	5.42	25	1
2008-12-23	0	3.9	25	2
2008-12-24	0	3.42	26	6
2008-12-25	0	4.28	24	4
2008-12-26	0	3.96	26	3
2008-12-27	0	5.56	25	2
2008-12-28	0	3.2	25	4
2008-12-29	0	3.19	24	3
2008-12-30	0	3.2	25	4
2008-12-31	0	3.44	25	4
2009-01-01	0	4.09	24	4
2009-01-02	0	4.41	28	3
2009-01-03	0	4.08	26	8
2009-01-04	0	3.63	24	4
2009-01-05	0	4.55	23	4
2009-01-06	0	2.47	24	4
2009-01-07	0	2.94	24	1
2009-01-08	0	4.07	23	2
2009-01-09	0	3.84	25	3
2009-01-10	0	3.72	24	4
2009-01-11	0	4.32	24	2
2009-01-12	0	2.78	16	3
2009-01-13	0	2.08	17	6
2009-01-14	2	1.48	22	0
2009-01-15	5	NULO	10	2
2009-01-16	6	NULO	19	2
2009-01-17	0	NULO	16	2
2009-01-18	0	3.48	18	2
2009-01-19	0	2.82	21	1
2009-01-20	0	3.66	21	4
2009-01-21	0	3.85	20	0
2009-01-22	0	4.21	20	0
2009-01-23	0	3.87	18	0
2009-01-24	0	2.94	16	2
2009-01-25	0	4.96	18	3
2009-01-26	1	3.8	25	2
2009-01-27	0	3.89	28	3
2009-01-28	0	3.1	26	6
2009-01-29	0	4.85	27	5
2009-01-30	0	5.13	28	9
2009-01-31	0	4.18	24	10
2009-02-01	0	3.52	26	8
2009-02-02	0	4.32	27	10
2009-02-03	0	4.14	18	7
2009-02-04	0	2.71	18	6
2009-02-05	0	3.31	16	5
2009-02-06	0	2.82	22	-1
2009-02-07	0	4.09	24	2
2009-02-08	0	3.82	26	4
2009-02-09	0	4.15	26	4
2009-02-10	0	4.12	27	6
2009-02-11	0	5	26	4
2009-02-12	0	4.46	27	5
2009-02-13	0	4.55	28	6
2009-02-14	0	5.21	28	5
2009-02-15	0	4.27	27	5
2009-02-16	0	3.58	24	4
2009-02-17	0	5.15	28	7
2009-02-18	5	5.09	30	7
2009-02-19	0.6	4.03	32	7
2009-02-20	0	3.11	24	6
2009-02-21	3	2.51	25	7
2009-02-22	0	4.15	26	6
2009-02-23	0	4.51	20	5
2009-02-24	0	4.52	24	2
2009-02-25	0	4.85	27	3
2009-02-26	0	0.62	28	4
2009-02-27	0	4.4	28	2
2009-02-28	0	4.01	28	1
2009-03-01	0	5.81	29	1
2009-03-02	0	4.6	30	1
2009-03-03	0	5.68	30	1
2009-03-04	0	5.76	29	2
2009-03-05	0	4.73	29	4
2009-03-06	0	4.95	28	3
2009-03-07	0	5.79	30	2
2009-03-08	0	6.62	30	4
2009-03-09	0	6.16	30	6
2009-03-10	0	5.96	29	6
2009-03-11	0	5.1	26	8
2009-03-12	0	2.95	28	8
2009-03-13	0	2.95	27	6
2009-03-14	0	5.09	28	7
2009-03-15	0	5.15	26	6
2009-03-16	0	4.52	28	8
2009-03-17	0	4.83	27	6
2009-03-18	0	5.52	28	7
2009-03-19	0	4.9	28	4
2009-03-20	0	4.68	30	5
2009-03-21	0	4.52	28	6
2009-03-22	0	4.72	29	8
2009-03-23	0	5.19	29	8
2009-03-24	0	4.63	32	8
2009-03-25	0	6.15	35	10
2009-03-26	0	7.81	30	10
2009-03-27	0	6.27	29	10
2009-03-28	0	5.72	31	11
2009-03-29	0	6.46	31	10
2009-03-30	0	4.38	31	9
2009-03-31	0	6.4	31	10
2009-04-01	0	6.07	32	9
2009-04-02	0	7.21	32	8
2009-04-03	0	6	31	6
2009-04-04	0	5.83	34	8
2009-04-05	0	6.97	34	4
2009-04-06	0	6.94	32	5
2009-04-07	0	6.18	33	8
2009-04-08	0	5.65	34	7
2009-04-09	0	5.72	30	8
2009-04-10	0	6.79	32	6
2009-04-11	14	5.81	34	8
2009-04-12	0	NULO	34	8
2009-04-13	0	5.53	33	7
2009-04-14	0	6.33	32	8
2009-04-15	0	5.04	33	8
2009-04-16	0	5.63	30	8
2009-04-17	0	6.57	32	10
2009-04-18	0	5.65	30	8
2009-04-19	0	6.38	29	8
2009-04-20	0	5.28	27	7
2009-04-21	0	5.17	25	6
2009-04-22	0	4.48	28	5
2009-04-23	0	6.05	30	8
2009-04-24	8	4.89	31	9
2009-04-25	0	4.81	34	6
2009-04-26	0	5.47	32	8
2009-04-27	0	6.81	36	7
2009-04-28	0	6.27	32	10
2009-04-29	0	6.38	31	7
2009-04-30	0	5.83	30	8
2009-05-01	0	5.61	33	7
2009-05-02	0	7.2	32	9
2009-05-03	0	6.87	32	10
2009-05-04	0	5.07	31	9
2009-05-05	0	6.2	32	10
2009-05-06	0	4.94	32	10
2009-05-07	0	6.95	31	9
2009-05-08	0	6.54	30	8
2009-05-09	0	6.23	32	8
2009-05-10	0	7.54	33	7
2009-05-11	0	6.4	32	6
2009-05-12	0	6.52	32	10
2009-05-13	0	7.47	26	11
2009-05-14	0	5.58	29	10
2009-05-15	0	4.45	30	10
2009-05-16	1.2	4.82	31	10
2009-05-17	0.01	NULO	29	9
2009-05-18	0	1.21	16	6
2009-05-19	0	1.09	20	8
2009-05-20	0	4.11	24	8
2009-05-21	0	2.92	30	9
2009-05-22	0	3.96	22	10
2009-05-23	0	2.79	30	11
2009-05-24	0.3	5.61	30	9
2009-05-25	0	4.82	30	10
2009-05-26	0	5.47	31	10
2009-05-27	0	5.1	32	11
2009-05-28	0	4.82	31	11
2009-05-29	0	4.89	30	10
2009-05-30	1.3	5.28	31	10
2009-05-31	0.01	NULO	36	11
2009-06-01	0.3	3.48	26	11
2009-06-02	0	2.54	25	10
2009-06-03	0	5.57	26	11
2009-06-04	0	4.62	24	10
2009-06-05	0	6.45	30	11
2009-06-06	0	5.77	31	12
2009-06-07	0	6.81	31	12
2009-06-08	0	7.22	33	13
2009-06-09	0	7.17	32	12
2009-06-10	0	5.61	31	11
2009-06-11	0	6.27	32	10
2009-06-12	0	6.72	33	11
2009-06-13	0	7.13	33	12
2009-06-14	0	7.17	28	12
2009-06-15	0	4.71	30	11
2009-06-16	0	5.43	24	9
2009-06-17	0	4.57	26	10
2009-06-18	0	6.43	26	11
2009-06-19	0	4.82	28	9
2009-06-20	0	4.69	29	9
2009-06-21	0	4.53	27	8
2009-06-22	0.3	4.26	25	7
2009-06-23	0	3.57	27	12
2009-06-24	0	5.48	28	12
2009-06-25	0	3.74	28	11
2009-06-26	0.4	5.11	26	12
2009-06-27	0	0.91	25	12
2009-06-28	0.3	6.42	26	13
2009-06-29	2	NULO	26	12
2009-06-30	0	NULO	20	14
2009-07-01	0	2.86	25	12
2009-07-02	1.2	5.33	24	14
2009-07-03	0	NULO	26	14
2009-07-04	0.3	4.84	28	12
2009-07-05	0	NULO	29	10
2009-07-06	0	4.25	30	14
2009-07-07	0	6.14	29	14
2009-07-08	0	6.31	26	10
2009-07-09	0	6.69	28	9
2009-07-10	1	6.26	25	7
2009-07-11	0	NULO	26	12
2009-07-12	0	4.8	25	13
2009-07-13	0	5.45	28	12
2009-07-14	0	5.18	27	10
2009-07-15	0	4.57	26	10
2009-07-16	0	5.25	28	12
2009-07-17	0	5.72	28	12
2009-07-18	0	5.9	26	12
2009-07-19	0	5.2	28	10
2009-07-20	0	6.3	28	12
2009-07-21	0	7.06	29	10
2009-07-22	0	7.01	30	9
2009-07-23	0	6.78	26	8
2009-07-24	0	6.09	27	11
2009-07-25	0	6.91	28	10
2009-07-26	0	5.87	28	9
2009-07-27	0	6.17	25	10
2009-07-28	2	7.11	30	11
2009-07-29	0	NULO	28	10
2009-07-30	0	6.93	28	11
2009-07-31	0	6.66	26	10
2009-08-01	0	6.57	25	11
2009-08-02	0	6.13	26	13
2009-08-03	0	6.24	26	14
2009-08-04	0	6.4	26	11
2009-08-05	0	5.88	27	12
2009-08-06	0	6.99	27	10
2009-08-07	0	7.08	28	10
2009-08-08	0	6.87	27	10
2009-08-09	0	5.16	27	11
2009-08-10	0	4.84	26	10
2009-08-11	0	4.91	26	10
2009-08-12	0	4.77	28	11
2009-08-13	0	5.06	27	9
2009-08-14	0	5.73	27	10
2009-08-15	0	4.85	26	10
2009-08-16	0	5.93	24	10
2009-08-17	0.2	4.81	25	9
2009-08-18	0	5.26	26	10
2009-08-19	0.3	5.18	27	9
2009-08-20	0	1.54	26	10
2009-08-21	0	4.43	25	11
2009-08-22	0	6.09	26	8
2009-08-23	0	5.06	25	9
2009-08-24	0	4.35	28	10
2009-08-25	0	6.65	25	11
2009-08-26	0	4.57	24	11
2009-08-27	0	4.55	25	10
2009-08-28	0	5.43	26	9
2009-08-29	1.2	0.45	29	10
2009-08-30	1.6	NULO	21	9
2009-08-31	0.6	NULO	28	10
2009-09-01	0	NULO	24	10
2009-09-02	0	5.41	25	11
2009-09-03	0	4.49	24	10
2009-09-04	0	4.37	21	9
2009-09-05	0	3.08	22	8
2009-09-06	0	3.84	28	9
2009-09-07	0	3.03	22	8
2009-09-08	2.7	4.12	25	9
2009-09-09	0	NULO	26	9
2009-09-10	1	2.58	24	9
2009-09-11	2	NULO	22	9
2009-09-12	0	NULO	24	8
2009-09-13	0.6	3.72	20	8
2009-09-14	4.9	NULO	21	10
2009-09-15	0	NULO	20	9
2009-09-16	0	2.26	21	8
2009-09-17	0	2.93	18	7
2009-09-18	0	2.69	20	8
2009-09-19	0	4.28	21	10
2009-09-20	0	4.55	22	10
2009-09-21	0	4.32	25	11
2009-09-22	0.3	7.21	24	9
2009-09-23	0.6	3.14	20	10
2009-09-24	0.8	NULO	18	9
2009-09-25	1.2	NULO	18	8
2009-09-26	1.3	NULO	18	8
2009-09-27	0.2	NULO	20	7
2009-09-28	0	1.14	24	16
2009-09-29	0	3.49	24	12
2009-09-30	0	4.19	25	10
2009-10-01	0	3.08	26	11
2009-10-02	0	5.12	27	10
2009-10-03	0	4.66	25	9
2009-10-04	0	5.55	28	10
2009-10-05	0	3.99	27	11
2009-10-06	0	5.13	26	10
2009-10-07	0	4.77	26	12
2009-10-08	20	4	24	10
2009-10-09	0	NULO	24	10
2009-10-10	0	6.38	25	11
2009-10-11	4	4.84	25	12
2009-10-12	4	NULO	24	11
2009-10-13	0	NULO	22	11
2009-10-14	0	4.54	24	10
2009-10-15	0	3.65	20	9
2009-10-16	0	4.13	18	8
2009-10-17	6	4.87	18	7
2009-10-18	7	NULO	18	8
2009-10-19	0	NULO	20	7
2009-10-20	0	2.79	21	8
2009-10-21	0	3.32	22	9
2009-10-22	0	3.99	24	8
2009-10-23	8	3.11	22	8
2009-10-24	12	NULO	21	9
2009-10-25	0	NULO	20	8
2009-10-26	7	2.17	18	7
2009-10-27	2	NULO	16	8
2009-10-28	0	NULO	22	11
2009-10-29	0	2.24	25	10
2009-10-30	0	5.12	26	11
2009-10-31	0	3.11	24	6
2009-11-01	0	1.25	29	6
2009-11-02	0	2.57	20	6
2009-11-03	0	3.37	17	4
2009-11-04	0.3	2.63	15	4
2009-11-05	0.3	NULO	11	7
2009-11-06	0	NULO	20	6
2009-11-07	0	1.52	20	5
2009-11-08	0	1.82	21	4
2009-11-09	0	3.63	19	5
2009-11-10	0	1.58	20	5
2009-11-11	0	3.2	18	4
2009-11-12	0	1.87	22	2
2009-11-13	0	2.82	23	4
2009-11-14	0	3.84	24	4
2009-11-15	0	3.65	24	6
2009-11-16	0	3	22	4
2009-11-17	0	3.45	20	4
2009-11-18	0	3.06	18	4
2009-11-19	0	2.34	20	6
2009-11-20	0	4.12	24	4
2009-11-21	0	3.93	26	5
2009-11-22	0	3.5	20	6
2009-11-23	0	3.72	25	6
2009-11-24	0	4.71	24	6
2009-11-25	0	4.54	22	4
2009-11-26	0	3.46	24	6
2009-11-27	0	3.72	23	5
2009-11-28	0	4.46	26	6
2009-11-29	0	4.65	24	5
2009-11-30	0	4.14	25	5
2009-12-01	0	3.7	22	9
2009-12-02	0	3.85	25	6
2009-12-03	0	4.19	24	5
2009-12-04	0	1.67	25	6
2009-12-05	0	4.58	26	7
2009-12-06	0	3.79	26	6
2009-12-07	0	4.18	25	5
2009-12-08	0	4.59	26	6
2009-12-09	0	4.81	23	5
2009-12-10	0	4.09	28	6
2009-12-11	0	5.06	27	7
2009-12-12	0	3.57	26	7
2009-12-13	0	4.32	25	6
2009-12-14	0	4.11	24	4
2009-12-15	0.01	3.05	23	6
2009-12-16	0	2.95	22	4
2009-12-17	1	1.57	20	4
2009-12-18	0	1.47	21	3
2009-12-19	0	3.78	22	2
2009-12-20	0	5.15	20	3
2009-12-21	0	5.3	20	2
2009-12-22	0	3.55	22	4
2009-12-23	0	4.38	24	4
2009-12-24	0	4.85	23	6
2009-12-25	0	4.72	22	5
2009-12-26	0	4.85	22	4
2009-12-27	0	4.9	20	4
2009-12-28	0	5.38	24	5
2009-12-29	0	6.18	24	6
2009-12-30	0	4.76	24	4
2009-12-31	0	5.41	16	4
2010-01-01	0	4.6	16	3
2010-01-02	3	2.12	17	5
2010-01-03	0.01	0.6	17	6
2010-01-04	0	1.52	12	4
2010-01-05	0	0.52	12	5
2010-01-06	0	1.36	11	4
2010-01-07	10	2.03	10	3
2010-01-08	13	2.18	9	4
2010-01-09	0	2.71	8	3
2010-01-10	0	0.29	9	1
2010-01-11	0	1.3	14	3
2010-01-12	4	2.21	16	4
2010-01-13	2	1.93	17	4
2010-01-14	0	1.16	20	6
2010-01-15	0	4.12	24	6
2010-01-16	0	3.71	25	7
2010-01-17	0	4.29	24	8
2010-01-18	0	3.61	26	7
2010-01-19	0	3.9	25	6
2010-01-20	0	4.55	26	6
2010-01-21	0	4.8	27	7
2010-01-22	0	6.65	27	6
2010-01-23	0	6.17	28	3
2010-01-24	0	6.36	28	4
2010-01-25	0	5.61	24	7
2010-01-26	0	5.55	22	3
2010-01-27	0	3.3	24	4
2010-01-28	0	5.74	20	5
2010-01-29	0.01	4.86	16	4
2010-01-30	8	2.03	12	3
2010-01-31	10	3.21	10	3
2010-02-01	20	4.06	12	4
2010-02-02	30	5.79	10	5
2010-02-03	40	9.63	13	4
2010-02-04	13	2.79	11	4
2010-02-05	0	4.42	16	4
2010-02-06	0	4.41	20	4
2010-02-07	0	4.15	24	2
2010-02-08	0	3.64	24	6
2010-02-09	0	3.8	25	6
2010-02-10	0	4.21	24	5
2010-02-11	0	4.2	24	6
2010-02-12	0	4.14	25	5
2010-02-13	0	3.5	24	4
2010-02-14	4	4.5	24	6
2010-02-15	0	2.48	17	4
2010-02-16	10	2.6	12	4
2010-02-17	12	2.83	11	4
2010-02-18	0	5.95	16	6
2010-02-19	0	1.79	22	6
2010-02-20	0	4.05	24	7
2010-02-21	0	3.95	24	6
2010-02-22	0	3.52	25	7
2010-02-23	0	4.32	22	6
2010-02-24	0	4.16	18	4
2010-02-25	0	2.03	22	-1
2010-02-26	0	4.83	23	3
2010-02-27	0	4.77	23	4
2010-02-28	0	5.52	24	4
2010-03-01	0	4.48	26	6
2010-03-02	0	4.08	25	4
2010-03-03	0	4.88	24	2
2010-03-04	0	3.92	25	4
2010-03-05	0	4.69	25	4
2010-03-06	0	4.98	24	6
2010-03-07	0	4.83	20	7
2010-03-08	0	4.82	23	7
2010-03-09	0	4.2	27	10
2010-03-10	0	4.22	26	10
2010-03-11	0	5.32	30	9
2010-03-12	0	6.68	30	10
2010-03-13	0	4.98	20	8
2010-03-14	0	4.72	28	7
2010-03-15	0	4.92	20	4
2010-03-16	0	3.97	20	6
2010-03-17	0	5.2	22	5
2010-03-18	0	6.25	24	6
2010-03-19	0	4.89	26	7
2010-03-20	0	5.14	24	4
2010-03-21	0	4.92	24	3
2010-03-22	0	5.09	26	6
2010-03-23	0	4.46	27	5
2010-03-24	0	4.85	26	6
2010-03-25	0	6.18	27	6
2010-03-26	0	6.35	20	5
2010-03-27	0	4.92	20	4
2010-03-28	0	6.21	22	6
2010-03-29	0	4.75	26	5
2010-03-30	0	4.44	27	4
2010-03-31	0	5.46	28	4
2010-04-01	0	5.05	29	6
2010-04-02	0	5.05	30	7
2010-04-03	0	5.77	30	6
2010-04-04	0	4.75	29	8
2010-04-05	0	6.47	27	7
2010-04-06	0	4.71	29	7
2010-04-07	0	6.25	30	6
2010-04-08	0	3.4	30	7
2010-04-09	5	6.12	30	7
2010-04-10	0	5.43	30	8
2010-04-11	0	5.35	28	7
2010-04-12	24	3.78	28	9
2010-04-13	0	4.48	26	6
2010-04-14	0	4.08	24	6
2010-04-15	0	4.15	26	6
2010-04-16	0	4.47	25	5
2010-04-17	13	4.43	26	6
2010-04-18	0	5.57	27	6
2010-04-19	0	6.26	28	7
2010-04-20	0	5.02	26	8
2010-04-21	0	4.16	28	6
2010-04-22	0	5.25	29.2	7
2010-04-23	0	4.84	29	8
2010-04-24	0	5.4	28	8
2010-04-25	0	4.82	29	7
2010-04-26	0	5.81	28	6
2010-04-27	0	6.08	29	7
2010-04-28	0	6.33	30	6
2010-04-29	0	4.99	29	8
2010-04-30	0	3.56	30	7
2010-05-01	0	5.98	32	7
2010-05-02	0	4.03	34	8
2010-05-03	0	3.72	34	7
2010-05-04	0	3.82	33	6
2010-05-05	0	6.7	34	8
2010-05-06	0	5.69	32	8
2010-05-07	0	5.8	30	8
2010-05-08	0	5.09	30	7
2010-05-09	0	5.21	30	7
2010-05-10	0	4.7	32	8
2010-05-11	0	4.91	32	7
2010-05-12	0	5.48	30	8
2010-05-13	0	5.03	26	8
2010-05-14	0	5.08	28	6
2010-05-15	6	6.67	20	7
2010-05-16	0	5.25	24	5
2010-05-17	0	3.88	25	9
2010-05-18	0	5.15	28	10
2010-05-19	0	5.53	30	9
2010-05-20	0	6.43	30	10
2010-05-21	0	5.8	29	10
2010-05-22	0	5.78	30	10
2010-05-23	0	6.36	29	12
2010-05-24	0	6.06	30	11
2010-05-25	0	6.08	28	12
2010-05-26	0	4.97	27	14
2010-05-27	0	4.87	30	13
2010-05-28	0	6.32	32	12
2010-05-29	0	6.68	34	10
2010-05-30	0	6.52	35	13
2010-05-31	0	6	31	10
2010-06-01	0	6.57	31	12
2010-06-02	0	6.48	32	12
2010-06-03	0	6.48	31	12
2010-06-04	0	6.21	30	10
2010-06-05	5	6.26	32	11
2010-06-06	0	4.05	31	10
2010-06-07	6	5.87	32	10
2010-06-08	25	4.22	30	9
2010-06-09	0	4.91	30	12
2010-06-10	0	6.27	31	14
2010-06-11	0	5.28	30	12
2010-06-12	55	5.68	30	14
2010-06-13	0	4.71	30	14
2010-06-14	0	4.29	26	10
2010-06-15	0	5.11	28	12
2010-06-16	1	4.97	24	10
2010-06-17	0	2.52	26	10
2010-06-18	0	4.48	24	11
2010-06-19	0	4.95	26	10
2010-06-20	0	4.97	26	12
2010-06-21	0	4	27	11
2010-06-22	0	6.24	28	10
2010-06-23	0	6.09	29	10
2010-06-24	0	5.44	30	9
2010-06-25	0	5.93	29	8
2010-06-26	0	5.1	30	10
2010-06-27	0	5.92	31	11
2010-06-28	0	4.71	28	10
2010-06-29	0	6.45	26	12
2010-06-30	24	3.32	26	11
2010-07-01	16	4.18	20	12
2010-07-02	0	3.21	24	12
2010-07-03	89	5.93	26	11
2010-07-04	11	5.62	25	10
2010-07-05	22	4.61	24	12
2010-07-06	21	3.26	25	12
2010-07-07	0.01	4.21	22	14
2010-07-08	8	3.21	21	9
2010-07-09	0	2.31	22	10
2010-07-10	0	4.19	20	9
2010-07-11	0	3.96	22	8
2010-07-12	0	4.05	24	10
2010-07-13	0	4.75	23	9
2010-07-14	0	5.17	25	10
2010-07-15	0	3.96	22	11
2010-07-16	0	5.73	24	10
2010-07-17	2	5.15	24	9
2010-07-18	3	2.27	26	10
2010-07-19	0	2.46	26	10
2010-07-20	25	4.46	24	10
2010-07-21	15	8.21	19	10
2010-07-22	20	6.41	18	10
2010-07-23	20	5.27	16	10
2010-07-24	50	6.31	19	9
2010-07-25	10	4.26	16	10
2010-07-26	0	2.73	18	10
2010-07-27	0	3.31	20	10
2010-07-28	0	2.28	21	9
2010-07-29	0	4.58	20	10
2010-07-30	0	5.28	22	10
2010-08-01	10	4.18	24	10
2010-08-02	0	5.27	26	9
2010-08-03	0	4.58	25	11
2010-08-04	0	4.95	26	12
2010-08-05	0	4.57	26	10
2010-08-06	0	2.83	25	10
2010-08-07	0	5.72	24	10
2010-08-08	0	5.99	26	9
2010-08-09	0	4.95	28	11
2010-08-10	0	4.92	28	10
2010-08-11	0	5.08	27	10
2010-08-12	3	4.4	26	11
2010-08-13	0	2.55	22	10
2010-08-14	0	3.6	24	10
2010-08-15	1	5.44	22	9
2010-08-16	3	3.85	20	7
2010-08-17	0	1.81	22	8
2010-08-18	0	5.04	24	9
2010-08-19	0	5.11	26	10
2010-08-20	0	5.09	24	10
2010-08-21	0	3.78	26	9
2010-08-22	0	4.92	26	8
2010-08-23	0	4.54	26	7
2010-08-24	0	5.46	24	10
2010-08-25	0	5.28	23	10
2010-08-26	0	4.55	22	9
2010-08-27	0	2.33	23	8
2010-08-28	0	3.69	22	7
2010-08-29	0	4.83	22	8
2010-08-30	0	5.2	20	7
2010-08-31	2	4.21	18	10
2010-09-01	0	4.18	24	10
2010-09-02	0	4.75	24	9
2010-09-03	10	4.83	28	11
2010-09-04	30	4.05	18	10
2010-09-05	13	3.92	16	7
2010-09-06	0	4.15	22	6
2010-09-07	2	4.52	23	6
2010-09-08	0	2.56	22	7
2010-09-09	0	4.4	24	9
2010-09-10	0	3.57	21	7
2010-09-11	0	4.48	22	7
2010-09-12	0	4.96	23	10
2010-09-13	0	5.1	20	10
2010-09-14	0	4.68	23	10
2010-09-15	3	5.03	24	10
2010-09-16	0	2.97	23	11
2010-09-17	0	3.59	22	9
2010-09-18	3	4.64	22	9
2010-09-19	1	1.82	24	9
2010-09-20	0	2.21	24	8
2010-09-21	0	3.68	26	10
2010-09-22	5	4.28	22	10
2010-09-23	2	2.58	22	10
2010-09-24	0	2.78	28	10
2010-09-25	0	4.48	26	9
2010-09-26	5	3.21	18	8
2010-09-27	1	3.97	28	8
2010-09-28	0	2.93	21	9
2010-09-29	0	4.24	24	4
2010-09-30	0	3.89	18	2
2010-10-01	0	3.92	20	4
2010-10-02	0	3.88	21	8
2010-10-03	1	5.12	16	7
2010-10-04	0	3.6	18	2
2010-10-05	0	4.43	19	5
2010-10-06	0	3.5	16	6
2010-10-07	0	4.28	28	6
2010-10-08	0	4.22	20	5
2010-10-09	0	4.78	19	4
2010-10-10	0	5.22	20	4
2010-10-11	0	3.72	21	6
2010-10-12	0	4.13	23	5
2010-10-13	0	4.05	24	4
2010-10-14	0	3.09	20	4
2010-10-15	0	2.92	22	1
2010-10-16	0	3.82	21	4
2010-10-17	0	4.32	20	2
2010-10-18	0	3.95	22	0
2010-10-19	0	3.57	20	6
2010-10-20	0	4.25	23	4
2010-10-21	0	4.21	26	6
2010-10-22	0	5.04	27	6
2010-10-23	0	6.27	26	5
2010-10-24	0	4.92	24	4
2010-10-25	0	6.77	26	5
2010-10-26	0	5.82	24	6
2010-10-27	10	3.33	16	6
2010-10-28	0	4.12	20	4
2010-10-29	0	4.02	22	6
2010-10-30	0	3.44	24	4
2010-10-31	0	4.41	22	6
2010-11-01	0	3.68	21	6
2010-11-02	0	3.45	20	6
2010-11-03	0	3.73	24	3
2010-11-04	0	4.18	23	-1
2010-11-05	0	3.78	19	-2
2010-11-06	0	4.08	20	-4
2010-11-07	0	3.15	18	-4
2010-11-08	0	3.45	20	-1
2010-11-09	0	4.48	21	0
2010-11-10	0	3.68	22	4
2010-11-11	0	2.51	24	2
2010-11-12	0	3.78	24	4
2010-11-13	0	4.11	23	6
2010-11-14	0	4.16	22	4
2010-11-15	0	3.47	24	4
2010-11-16	0	4.34	24	7
2010-11-17	0	3.64	16	2
2010-11-18	0	4.35	26	6
2010-11-19	0	4.05	27	4
2010-11-20	0	4.69	26	4
2010-11-21	0	5.15	24	6
2010-11-22	0	3.85	26	6
2010-11-23	0	4.85	27	5
2010-11-24	0	4.98	26	4
2010-11-25	0	5.28	24	6
2010-11-26	0	5.15	26	5
2010-11-27	0	4.37	26	4
2010-11-28	0	4.31	25	6
2010-11-29	0	4.06	26	6
2010-11-30	0	5.05	25	6
2010-12-01	0	4.05	26	2
2010-12-02	0	4.08	23	2
2010-12-03	0	4.14	24	0
2010-12-04	0	4.15	26	2
2010-12-05	0	3.67	22	1
2010-12-06	0	3.18	18	5
2010-12-07	0	4.06	22	6
2010-12-08	0	1.2	16	2
2010-12-09	0	4.66	16	3
2010-12-10	0	3.89	26	-4
2010-12-11	0	3.69	22	0
2010-12-12	0	4.26	24	2
2010-12-13	0	3.95	22	2
2010-12-14	0	7.07	20	0
2010-12-15	0	4.19	22	0
2010-12-16	0	2.78	22	-1
2010-12-17	0	4.25	23	2
2010-12-18	0	3.86	24	2
2010-12-19	0	3.66	24	3
2010-12-20	0	4.46	23	0
2010-12-21	0	3.8	24	2
2010-12-22	0	4.22	24	2
2010-12-23	0	4.82	24	3
2010-12-24	0	3.92	22	0
2010-12-25	0	4.19	22	0
2010-12-26	0	5.07	20	3
2010-12-27	0	3.84	23	4
2010-12-28	0	3.85	24	6
2010-12-29	0	4.17	24	4
2010-12-30	0	9.66	22	3
2010-12-31	0	5.27	24	2
2011-01-01	0	3.79	24	5
2011-01-02	0	4.8	23	5
2011-01-03	0	4.93	24	6
2011-01-04	0	4.5	24	4
2011-01-05	0	4.92	24	5
2011-01-06	0	5.16	26	6
2011-01-07	0	3.52	24	6
2011-01-08	0	5.43	25	7
2011-01-09	0	4.74	26	5
2011-01-10	0	4.86	25	6
2011-01-11	0	5.14	18	5
2011-01-12	0	5.37	26	3
2011-01-13	0	4.9	24	2
2011-01-14	0	4.88	22	0
2011-01-15	0	5.05	20	4
2011-01-16	0	4.82	18	4
2011-01-17	0	5.14	20	5
2011-01-18	0	5.5	25	4
2011-01-19	0	5.03	26	4
2011-01-20	0	4.58	26	6
2011-01-21	0	5.19	25	5
2011-01-22	0	5.11	26	6
2011-01-23	0	5.96	26	6
2011-01-24	0	4.76	26	4
2011-01-25	0	1.35	23	4
2011-01-26	0	3.65	22	3
2011-01-27	0	5.39	21	3
2011-01-28	0	6.05	24	2
2011-01-29	0	6.05	26	4
2011-01-30	0	5.95	26	4
2011-01-31	0	5.41	26	4
2011-02-01	0	4.57	25	4
2011-02-02	0	5.3	21	5
2011-02-03	0.01	3.59	22	4
2011-02-04	0	5.14	24	7
2011-02-05	0	4.8	23	4
2011-02-06	0	6.67	22	6
2011-02-07	0	5.75	24	3
2011-02-08	0	3.75	23	-1
2011-02-09	0	5.35	24	4
2011-02-10	0	4.59	25	2
2011-02-11	0	5.29	23	4
2011-02-12	0	4.8	22	2
2011-02-13	0	5.14	21	-1
2011-02-14	0	5.95	22	-1
2011-02-15	0	3.57	24	0
2011-02-16	0	6.28	26	0
2011-02-17	0	4.73	24	3
2011-02-18	0	5.36	23	1
2011-02-19	0	5.11	24	3
2011-02-20	0	4.74	22	4
2011-02-21	0	4.61	24	4
2011-02-22	0	5.3	25	6
2011-02-23	0	4.9	26	5
2011-02-24	0	5.29	27	6
2011-02-25	0	4.71	26	4
2011-02-26	0	5.14	28	7
2011-02-27	0	4.26	26	6
2011-02-28	0	4.74	26	7
2011-03-01	0	5.15	27	6
2011-03-02	0	5.27	26	8
2011-03-03	0	6.13	26	7
2011-03-04	0	5.78	28	5
2011-03-05	0	5.66	29	7
2011-03-06	0	6.66	30	6
2011-03-07	0	5.85	26	7
2011-03-08	0	5.71	28	7
2011-03-09	0	5.24	28	6
2011-03-10	0	4.69	29	6
2011-03-11	0	5.47	30	7
2011-03-12	0	5.6	30	8
2011-03-13	0	6.14	29	10
2011-03-14	0	4.83	26	10
2011-03-15	0	3.64	26	9
2011-03-16	0	6.1	26	7
2011-03-17	0	6.05	25	6
2011-03-18	0	5.84	20	7
2011-03-19	0	6.06	20	8
2011-03-20	0	5.57	28	6
2011-03-21	0	6.33	27	5
2011-03-22	0	6.36	28	4
2011-03-23	0	5.75	29	6
2011-03-24	0	6.07	28	5
2011-03-25	0	5.7	29	6
2011-03-26	0	5.93	27	7
2011-03-27	0	6.34	28	6
2011-03-28	0	6.09	30	6
2011-03-29	0	7.09	28	7
2011-03-30	0	5.77	29	7
2011-03-31	0	6.78	30	8
2011-04-01	0	6.16	31	8
2011-04-02	0	6.15	29	10
2011-04-03	0	5.43	30	9
2011-04-04	7	6.12	32	6
2011-04-05	0	6.08	32	10
2011-04-06	0	6.36	30	10
2011-04-07	0	5.83	31	9
2011-04-08	0	6.13	32	10
2011-04-09	0	6.02	32	11
2011-04-10	0	5.84	33	12
2011-04-11	0	5.72	30	12
2011-04-12	0	6.39	28	10
2011-04-13	0	5.43	30	10
2011-04-14	0.01	6.44	29	10
2011-04-15	5	10.68	33	11
2011-04-16	0	6.22	32	12
2011-04-17	0	3.46	34	10
2011-04-18	0	4	32	12
2011-04-19	20	5.42	30	11
2011-04-20	0	6.13	31	10
2011-04-21	0	6.35	32	10
2011-04-22	0	5.92	34	10
2011-04-23	0	6.13	32	11
2011-04-24	0	5.73	33	9
2011-04-25	0	12.7	32	8
2011-04-26	0	5.88	30	10
2011-04-27	0	5.94	32	10
2011-04-28	0	6.13	31	9
2011-04-29	0	5.57	32	10
2011-04-30	0	6.43	33	10
2011-05-01	2	7.6	32	10
2011-05-02	0	5.14	30	11
2011-05-03	0	4.12	18	6
2011-05-04	0	4.14	20	6
2011-05-05	0	4.75	28	7
2011-05-06	0	6.25	29	8
2011-05-07	0	6	29	8
2011-05-08	0	4.69	30	9
2011-05-09	0	4.79	32	7
2011-05-10	2	7.07	31	9
2011-05-11	0	6.45	32	10
2011-05-12	0	5.95	32	12
2011-05-13	0	6.99	31	12
2011-05-14	0	5.4	30	13
2011-05-15	0	6.47	32	12
2011-05-16	0	6.08	31	14
2011-05-17	0	6.17	31	10
2011-05-18	0	5.8	32	12
2011-05-19	0	5.68	32	13
2011-05-20	0	6.26	34	12
2011-05-21	0	6.51	35	10
2011-05-22	0	6.4	34	12
2011-05-23	0	5.86	32	11
2011-05-24	0	6.89	32	10
2011-05-25	0	7.26	33	10
2011-05-26	0	5.6	32	12
2011-05-27	0	6.37	33	12
2011-05-28	0	6.63	33	10
2011-05-29	0	7.45	32	12
2011-05-30	0	5.69	32	12
2011-05-31	0	6.26	27	13
2011-06-01	0	3.9	24	9
2011-06-02	0	4.86	22	6
2011-06-03	0	6.29	24	7
2011-06-04	0	5.82	26	9
2011-06-05	0	5.52	27	10
2011-06-06	0	6.21	28	10
2011-06-07	0	6.48	28	9
2011-06-08	0	5.66	30	10
2011-06-09	0	2.86	32	9
2011-06-10	0	6.27	32	10
2011-06-11	0	5.58	31	11
2011-06-12	0	5.15	30	10
2011-06-13	0	5.99	31	10
2011-06-14	0	6.11	30	9
2011-06-15	0	4.89	32	8
2011-06-16	0	5.16	29	10
2011-06-17	0	5.06	28	14
2011-06-18	0	4.83	27	12
2011-06-19	0	4.03	28	10
2011-06-20	13	NULO	20	11
2011-06-21	15	NULO	27	11
2011-06-22	20	NULO	27	10
2011-06-23	14	NULO	26	10
2011-06-24	3	NULO	27	10
2011-06-25	7	NULO	25	11
2011-06-26	3	NULO	26	10
2011-06-27	4	NULO	27	9
2011-06-28	24	NULO	16	9
2011-06-29	42	NULO	16	7
2011-06-30	83	NULO	18	8
2011-07-01	28	5.11	20	10
2011-07-02	0.01	4.32	19	10
2011-07-03	0	3.19	20	8
2011-07-04	0	4.42	22	9
2011-07-05	0	3.84	20	10
2011-07-06	0	4.32	24	11
2011-07-07	0	3.78	23	10
2011-07-08	0	3.77	25	11
2011-07-09	40.1	13.55	26	9
2011-07-10	5	1.63	22	10
2011-07-11	2	0.43	24	11
2011-07-12	0	0.6	24	12
2011-07-13	28	12.55	22	11
2011-07-14	9	2.88	21	9
2011-07-15	4	6.82	19	10
2011-07-16	0	4.24	20	9
2011-07-17	0	5.78	22	9
2011-07-18	0	5.13	21	14
2011-07-19	0	4.79	23	10
2011-07-20	0	5.21	22	10
2011-07-21	0	4.74	24	11
2011-07-22	0	3.79	25	9
2011-07-23	10	13.06	26	10
2011-07-24	18	8.87	24	10
2011-07-25	0	5.05	22	11
2011-07-26	0	4.95	24	11
2011-07-27	0	4.57	23	10
2011-07-28	5	7.48	24	9
2011-07-29	0	4.81	26	12
2011-07-30	8	1.78	25	10
2011-07-31	5	1.52	24	11
2011-08-01	10	3.83	23	11
2011-08-02	0	3.66	24	10
2011-08-03	3	1.39	26	10
2011-08-04	0	5.12	26	10
2011-08-05	0	3.81	25	10
2011-08-06	0	6.65	26	3
2011-08-07	0	4.48	27	8
2011-08-08	0.01	3.14	28	10
2011-08-09	6	2.21	27	9
2011-08-10	4	2.51	22	9
2011-08-11	16	6.62	28	7
2011-08-12	0	4.37	27	9
2011-08-13	0	4.7	26	10
2011-08-14	0	4.77	26	10
2011-08-15	0	5.15	24	10
2011-08-16	0	5.3	24	9
2011-08-17	0	5.27	22	9
2011-08-18	0	3.48	21	9
2011-08-19	0	4.58	22	9
2011-08-20	0	4.05	21	9
2011-08-21	7	9.52	26	8
2011-08-22	0	7.48	26	8
2011-08-23	0	3.75	25	11
2011-08-24	0	4.29	26	9
2011-08-25	0	4.42	24	11
2011-08-26	0	4.01	25	9
2011-08-27	0	5.39	26	8
2011-08-28	0.01	4.56	26	10
2011-08-29	0.01	5.14	27	11
2011-08-30	0	7.88	24	10
2011-08-31	0	5.53	22	10
2011-09-01	8	9.53	24	11
2011-09-02	0	3.71	25	10
2011-09-03	24	9.97	26	11
2011-09-04	0.01	2.45	22	9
2011-09-05	5	2.09	19	9
2011-09-06	5	2.49	16	7
2011-09-07	0	5.5	25	6
2011-09-08	0	4.95	26	5
2011-09-09	0	4.55	27	6
2011-09-10	0	5.37	27	7
2011-09-11	0	5.83	28	7
2011-09-12	0	4.8	26	8
2011-09-13	0	6.47	25	4
2011-09-14	0	4.87	26	5
2011-09-15	0	5.16	26	4
2011-09-16	0	4.69	27	5
2011-09-17	0	6.06	26	6
2011-09-18	0	5.15	26	6
2011-09-19	0	4.53	27	7
2011-09-20	0	6.07	27	6
2011-09-21	0	5.29	26	5
2011-09-22	0	4.85	28	6
2011-09-23	0	6.26	28	6
2011-09-24	0	2.6	28	7
2011-09-25	0	5.45	27	6
2011-09-26	0	3.49	28	5
2011-09-27	0	6.3	28	6
2011-09-28	0	5.16	28	6
2011-09-29	0	6.05	21	5
2011-09-30	0	5.55	20	6
2011-10-01	0.01	5.3	20	6
2011-10-02	0	3.84	21	5
2011-10-03	0	4.19	28	6
2011-10-04	0	3.72	28	7
2011-10-05	0	5.43	29	6
2011-10-06	0	5.05	27	5
2011-10-07	0	5.01	28	7
2011-10-08	0	4.51	26	6
2011-10-09	0	4.92	21	7
2011-10-10	0.01	4.32	20	5
2011-10-11	0.01	3.7	18	6
2011-10-12	0.01	4.46	19	5
2011-10-13	1	4.08	19	5
2011-10-14	0	2.69	21	6
2011-10-15	0	4.28	20	4
2011-10-16	0	3.06	19	3
2011-10-17	0	3.92	23	3
2011-10-18	0.01	3.87	19	4
2011-10-19	0	4.18	22	4
2011-10-20	0	3.52	21	3
2011-10-21	0	4.37	20	1
2011-10-22	0	3.88	23	2
2011-10-23	0	3.97	22	1
2011-10-24	0	4.23	20	-1
2011-10-25	0	3.55	22	-1
2011-10-26	0	4.02	21	1
2011-10-27	0	4.31	22	0
2011-10-28	0	4.01	24	1
2011-10-29	0	4.03	23	2
2011-10-30	0	4.11	22	1
2011-10-31	0	3.91	24	0
2011-11-01	0	4.01	24	0
2011-11-02	0	3.84	24	2
2011-11-03	0	3.68	26	4
2011-11-04	0	5.48	28	7
2011-11-05	0	4.69	27	6
2011-11-06	0	4.87	28	6
2011-11-07	0	3.99	26	7
2011-11-08	1	3.01	24	5
2011-11-09	0	5.28	25	5
2011-11-10	0	4	26	4
2011-11-11	0	4.68	27	5
2011-11-12	0	5.28	26	6
2011-11-13	0	5.09	26	7
2011-11-14	0	5.66	27	5
2011-11-15	0	2.91	28	6
2011-11-16	0	5.54	26	4
2011-11-17	0	4.99	26	3
2011-11-18	0	4.13	27	5
2011-11-19	0	4.77	28	4
2011-11-20	0	4.66	26	4
2011-11-21	0	4.87	24	5
2011-11-22	2	6.61	22	4
2011-11-23	0	3.66	21	4
2011-11-24	0	3.86	20	5
2011-11-25	0	3.79	16	5
2011-11-26	0	5.63	12	3
2011-11-27	0	2.92	18	3
2011-11-28	0	4.14	12	2
2011-11-29	0	3.12	10	1
2011-11-30	0	2.6	13	1
2011-12-01	0	3.86	16	2
2011-12-02	0	4.01	18	2
2011-12-03	0	3.68	20	4
2011-12-04	0	4.4	26	6
2011-12-05	0	3.74	26	3
2011-12-06	0	4.35	22	4
2011-12-07	0	3.78	21	5
2011-12-08	0	4.14	22	6
2011-12-09	0	4.01	20	7
2011-12-10	0	4.1	24	4
2011-12-11	0	4.86	22	5
2011-12-12	0	5.14	22	4
2011-12-13	0	3.57	18	6
2011-12-14	0	5.48	18	7
2011-12-15	0	4.92	21	8
2011-12-16	0	4.27	16	7
2011-12-17	0	5.35	17	6
2011-12-18	0	4.37	18	7
2011-12-19	0	3.88	19	8
2011-12-20	0	4.68	22	6
2011-12-21	0	5.4	22	5
2011-12-22	0	3.92	24	6
2011-12-23	0	5.2	26	6
2011-12-24	0	3.74	22	7
2011-12-25	0	4.74	19	6
2011-12-26	0	5.48	22	8
2011-12-27	0	4.69	21	6
2011-12-28	0	3.86	20	7
2011-12-29	0	4.24	20	6
2011-12-30	0	4.19	22	7
2011-12-31	0	4.13	16	6
2012-01-01	5	0.78	16	4
2012-01-02	0	4.17	17	4
2012-01-03	0	4.08	16	5
2012-01-04	0	4	18	4
2012-01-05	0	4.43	16	6
2012-01-06	0	4.37	17	4
2012-01-07	0	3.68	18	4
2012-01-08	0	4.79	17	5
2012-01-09	0	4.14	18	4
2012-01-10	0	4.9	24	4
2012-01-11	0	4	23	4
2012-01-12	0	4.93	26	3
2012-01-13	0	3.96	25	4
2012-01-14	0	2.92	27	5
2012-01-15	0	5.41	28	5
2012-01-16	0	5.13	26	4
2012-01-17	0	4.79	27	6
2012-01-18	0	5.15	26	7
2012-01-19	0	5.11	20	6
2012-01-20	0	6.02	28	5
2012-01-21	0	4.83	20	6
2012-01-22	0	5.15	27	5
2012-01-23	0	3.95	27	4
2012-01-24	1	4.09	28	6
2012-01-25	0	4.21	25	5
2012-01-26	0	3.89	26	4
2012-01-27	0	4.11	25	2
2012-01-28	0	3.53	24	2
2012-01-29	2	4.38	20	3
2012-01-30	0	4.2	24	2
2012-01-31	18	0.14	22	1
2012-02-01	0	3.93	21	2
2012-02-02	0	4.15	22	3
2012-02-03	0	4.04	22	4
2012-02-04	0	3.66	18	5
2012-02-05	10	8.19	19	4
2012-02-06	5	1.31	18	6
2012-02-07	5	1.2	16	4
2012-02-08	0	4.05	18	3
2012-02-09	0	1.92	20	4
2012-02-10	3	2.73	16	6
2012-02-11	8	3.9	16	5
2012-02-12	5	1.89	18	4
2012-02-13	6	4.12	16	5
2012-02-14	1	0.19	17	6
2012-02-15	3	13.57	20	4
2012-02-16	3	2.19	22	7
2012-02-17	6	3.03	24	6
2012-02-18	0	3.99	23	7
2012-02-19	0	3.97	23	8
2012-02-20	53	3.84	26	6
2012-02-21	5	4.22	26	7
2012-02-22	0	4.26	26	6
2012-02-23	6	3.52	26	5
2012-02-24	3	6.32	26	6
2012-02-25	0	5	26	6
2012-02-26	0	4.16	27	5
2012-02-27	0	4.52	20	6
2012-02-28	0	4.35	30	4
2012-02-29	0	4.83	29	6
2012-03-01	0	4.8	31	5
2012-03-02	0	5.27	32	4
2012-03-03	0	5.27	30	6
2012-03-04	0	4.38	31	7
2012-03-05	0	5.22	32	3
2012-03-06	0	3.86	32	2
2012-03-07	0	4.85	32	7
2012-03-08	0	4.62	32	5
2012-03-09	2	2.03	31	6
2012-03-10	3	0.2	30	7
2012-03-11	6	3.2	32	8
2012-03-12	0	4.72	27	7
2012-03-13	0	5.38	26	6
2012-03-14	0	4.5	27	5
2012-03-15	0	5.12	28	4
2012-03-16	0	5.12	29	5
2012-03-17	0	4.64	30	6
2012-03-18	0	5.14	28	6
2012-03-19	0	4.51	29	6
2012-03-20	0	5.64	29	5
2012-03-21	0	5.08	29	6
2012-03-22	0	5.05	30	5
2012-03-23	0	4.93	31	3
2012-03-24	0	4.79	29	2
2012-03-25	0	5.8	31	9
2012-03-26	0	5.23	31	3
2012-03-27	1	5.56	30	2
2012-03-28	20	8.25	28	2
2012-03-29	0	5.14	29	6
2012-03-30	0	2.89	29	6
2012-03-31	0	7.03	31	6
2012-04-01	0	0.1	32	7
2012-04-02	0	4.87	30	8
2012-04-03	0	5.25	32	8
2012-04-04	0	4.6	31	7
2012-04-05	0	4.83	32	6
2012-04-06	0	5.25	31	9
2012-04-07	0	5.2	30	8
2012-04-08	10	4.92	31	8
2012-04-09	0	4.66	32	7
2012-04-10	12	7.4	29	6
2012-04-11	0	4.6	30	6
2012-04-12	0	7.29	31	7
2012-04-13	0	3.85	32	9
2012-04-14	0	6.26	33	8
2012-04-15	0	4.92	34	8
2012-04-16	0	4.65	31	7
2012-04-17	0	5.03	32	9
2012-04-18	0	5.18	32	9
2012-04-19	0	4.79	32	7
2012-04-20	0	5.25	30	8
2012-04-21	0	11.22	31	7
2012-04-22	0	0.54	32	7
2012-04-23	0	4.94	30	2
2012-04-24	0	6.56	32	1
2012-04-25	0	5.49	31	3
2012-04-26	0	5.28	30	4
2012-04-27	0	5.84	33	6
2012-04-28	0	5.36	34	7
2012-04-29	0	0.89	32	8
2012-04-30	0	9.8	32	8
2012-05-01	0	4.86	33	7
2012-05-02	0	5.02	32	8
2012-05-03	0	5.39	32	9
2012-05-04	0	6.29	34	8
2012-05-05	0	6.12	33	9
2012-05-06	0	6.58	35	8
2012-05-07	6	1.92	32	9
2012-05-08	0	5.56	30	9
2012-05-09	9	3.84	26	11
2012-05-10	0	5.97	28	11
2012-05-11	0	6.04	30	10
2012-05-12	0	6.09	32	9
2012-05-13	0	6.12	24	11
2012-05-14	8	2.58	30	1
2012-05-15	0	5.07	32	8
2012-05-16	0	5.22	34	11
2012-05-17	0	5.11	32	9
2012-05-18	0	4.94	36	8
2012-05-19	0	4.96	34	7
2012-05-20	0	6.14	35	6
2012-05-21	0	5.53	36	8
2012-05-22	0	6.43	34	7
2012-05-23	0	6.17	33	6
2012-05-24	0	5.88	36	8
2012-05-25	0	5.55	35	9
2012-05-26	0	4.36	36	8
2012-05-27	0	6.28	36	7
2012-05-28	0	6.06	36	7
2012-05-29	0	5.86	36	8
2012-05-30	0	6.4	34	9
2012-05-31	0	NULO	34	7
2012-06-01	0	4.91	34	7
2012-06-02	0	4.94	32	6
2012-06-03	0	4.72	33	5
2012-06-04	5	0.37	32	7
2012-06-05	3	0.11	34	6
2012-06-06	0	5.95	35	6
2012-06-07	0	5.55	36	7
2012-06-08	0	6.34	35	6
2012-06-09	0	4.66	36	5
2012-06-10	0	5.24	34	6
2012-06-11	0	5.1	36	5
2012-06-12	0	4.64	35	6
2012-06-13	0	4.79	36	7
2012-06-14	0	5.52	32	4
2012-06-15	0	5	32	6
2012-06-16	0	5.6	30	7
2012-06-17	0	9.31	32	7
2012-06-18	20	4.69	36	6
2012-06-19	16	5.15	36	6
2012-06-20	3	4.31	36	7
2012-06-21	0	4.74	34	7
2012-06-22	0	4.79	32	6
2012-06-23	0	4.98	31	8
2012-06-24	0	5.51	33	7
2012-06-25	0	4.55	34	7
2012-06-26	0	5.52	32	6
2012-06-27	0	4.55	30	7
2012-06-28	0	5.41	32	5
2012-06-29	6	3.95	32	6
2012-06-30	0.01	5.06	31	7
2012-07-01	0	5.91	32	7
2012-07-02	0	5.93	34	7
2012-07-03	0	6.04	33	6
2012-07-04	0	5.08	32	7
2012-07-05	0	4.47	32	8
2012-07-06	0	5.71	24	7
2012-07-07	0	5.4	24	6
2012-07-08	0	6.14	23	4
2012-07-09	0	5.75	32	3
2012-07-10	0	4.65	20	7
2012-07-11	10	5.28	16	5
2012-07-12	10	3.18	12	4
2012-07-13	20	11.97	12	3
2012-07-14	20	10.67	18	5
2012-07-15	15	9.07	18	6
2012-07-16	0	4.84	22	5
2012-07-17	0	5.13	24	0.7
2012-07-18	3	8.84	16	6
2012-07-19	1	6.85	22	5
2012-07-20	0	5.89	26	5
2012-07-21	2	8.31	28	2
2012-07-22	0	5.89	27	8
2012-07-23	0	6.17	28	8
2012-07-24	23	5.88	30	9
2012-07-25	0	6.18	32	7
2012-07-26	0	5.45	32	6
2012-07-27	0	4.94	30	8
2012-07-28	0	6.02	32	9
2012-07-29	0	5.47	30	8
2012-07-30	0	5.05	32	8
2012-07-31	1	NULO	32	8
2012-08-01	0	3.42	32	8
2012-08-02	0	6.02	32	9
2012-08-03	0	6.08	34	8
2012-08-04	0	3.54	28	7
2012-08-05	0	6.32	26	8
2012-08-06	0	5.66	28	8
2012-08-07	0	4.97	22	9
2012-08-08	20	9.2	18	8
2012-08-09	40	11.2	17	7
2012-08-10	16	9.24	16	6
2012-08-11	0	5.94	14	7
2012-08-12	0	5.87	16	8
2012-08-13	0	5.22	18	7
2012-08-14	0	5.51	17	6
2012-08-15	0	4.86	18	5
2012-08-16	0	4.86	18	5
2012-08-17	0	6.34	24	8
2012-08-18	35	4.78	22	7
2012-08-19	20	10.85	18	7
2012-08-20	2	4.32	20	6
2012-08-21	0	4.71	22	7
2012-08-22	0	5.45	24	8
2012-08-23	11	5.77	28	9
2012-08-24	0	11.3	30	7
2012-08-25	0	6.08	32	8
2012-08-26	0	6.5	22	8
2012-08-27	0	5.01	31	10
2012-08-28	0	5.01	32	9
2012-08-29	0	4.89	34	10
2012-08-30	0	5.24	32	9
2012-08-31	0	4.75	30	8
2012-09-01	0	6.14	30	8
2012-09-02	0	4.88	29	6
2012-09-03	0	5.22	31	7
2012-09-04	0	5.06	30	7
2012-09-05	0	4.47	27	7
2012-09-06	0	5.35	28	6
2012-09-07	0	4.65	29	8
2012-09-08	0	5.48	28	5
2012-09-09	0	4.64	30	6
2012-09-10	0	4.81	27	6
2012-09-11	0	5.33	28	7
2012-09-12	0	4.67	28	6
2012-09-13	0	5.37	29	7
2012-09-14	0	4.44	30	7
2012-09-15	0	5.64	31	6
2012-09-16	0	4.85	30	8
2012-09-17	0	5.17	30	8
2012-09-18	0	2.53	29	9
2012-09-19	0	5.75	29	8
2012-09-20	0	4.87	31	7
2012-09-21	0	4.88	30	6
2012-09-22	0	4.85	31	8
2012-09-23	0.01	5.26	20	6
2012-09-24	8	12.34	18	5
2012-09-25	0	4.16	19	7
2012-09-26	2	6.59	24	8
2012-09-27	0	5.41	26	9
2012-09-28	0	3.57	22	9
2012-09-29	0	4.33	24	9
2012-09-30	0	4.15	26	8
2012-10-01	0	3.55	25	8
2012-10-02	0	4.19	26	8
2012-10-03	0	4.33	24	7
2012-10-04	0	4.69	24	7
2012-10-05	0	5.2	27	6
2012-10-06	0	4.16	26	9
2012-10-07	0	4.57	28	8
2012-10-08	0	5.5	27	7
2012-10-09	0	4.39	28	7
2012-10-10	0	5.48	28	8
2012-10-11	0	5.15	29	6
2012-10-12	0	4.9	30	7
2012-10-13	0	4.97	30	8
2012-10-14	0	5.11	29	7
2012-10-15	0	4.91	26	7
2012-10-16	0	4.64	27	4
2012-10-17	0	5.25	26	6
2012-10-18	0	4.49	28	5
2012-10-19	0	5.73	28	6
2012-10-20	0	4.96	26	5
2012-10-21	0	3.78	27	4
2012-10-22	0	4.37	26	6
2012-10-23	0	4.95	26	5
2012-10-24	0	4.73	28	4
2012-10-25	0	4.37	27	7
2012-10-26	0	5	26	7
2012-10-27	0	4.63	27	7
2012-10-28	0	4.82	28	7
2012-10-29	0	5.39	28	7
2012-10-30	0	4.85	28	6
2012-10-31	0	5.54	26	7
2012-11-01	0	4.73	22	8
2012-11-02	0	5.08	29	8
2012-11-03	2	7.21	22	7
2012-11-04	3	7.36	18	6
2012-11-05	0.01	4.57	17	5
2012-11-06	0	5.07	20	6
2012-11-07	0	4.15	22	8
2012-11-08	0	3.53	24	7
2012-11-09	0	4.37	20	7
2012-11-10	0	3.79	22	6
2012-11-11	0	4.33	23	5
2012-11-12	0	4.12	24	5
2012-11-13	0	3.72	22	3
2012-11-14	0	5.15	26	3
2012-11-15	0	4.13	22	4
2012-11-16	0	3.76	20	4
2012-11-17	0	4.19	21	5
2012-11-18	0	4.22	22	6
2012-11-19	0	3.36	23	5
2012-11-20	0	4.32	22	6
2012-11-21	0	3.67	24	5
2012-11-22	0	4.45	26	5
2012-11-23	0	3.26	22	5
2012-11-24	0	4.23	24	6
2012-11-25	0	4.51	25	7
2012-11-26	0	4.03	25	8
2012-11-27	0	3.74	26	8
2012-11-28	0	3.77	22	8
2012-11-29	0	3.82	24	7
2012-11-30	0	5.18	24	5
2012-12-01	0	3.82	22	6
2012-12-02	0	4.28	21	6
2012-12-03	0	3.98	20	6
2012-12-04	0	3.89	23	7
2012-12-05	0	3.43	24	7
2012-12-06	0	4.52	26	8
2012-12-07	0	9.72	25	5
2012-12-08	0	4.45	26	4
2012-12-09	0	3.93	26	6
2012-12-10	0	4.58	27	5
2012-12-11	0	5.38	28	6
2012-12-12	0	3.7	26	6
2012-12-13	0	4.35	24	7
2012-12-14	0	4.08	25	5
2012-12-15	0	4.04	26	6
2012-12-16	0	3.93	20	5
2012-12-17	0	4.49	22	7
2012-12-18	0	5.35	26	6
2012-12-19	0	5.05	27	7
2012-12-20	0	1.66	27	4
2012-12-21	0	4.14	28	5
2012-12-22	0	4.16	26	6
2012-12-23	0	3.62	24	7
2012-12-24	0	4.37	25	4
2012-12-25	0	4.11	26	5
2012-12-26	0	3.56	24	6
2012-12-27	0	4.37	22	5
2012-12-28	0	4.63	23	6
2012-12-29	0	4.45	24	6
2012-12-30	0	4.95	24	5
2012-12-31	0	5.15	24	6
2013-01-01	0	4.59	22	6
2013-01-02	0	4.65	20	6
2013-01-03	0	5.53	21	5
2013-01-04	0	4.42	20	5
2013-01-05	0	5.86	22	6
2013-01-06	0.01	4.24	23	6
2013-01-07	0.01	5.13	22	6
2013-01-08	0	5.6	20	6
2013-01-09	0	4.3	21	6
2013-01-10	0	5.38	22	6
2013-01-11	0	5.08	23	7
2013-01-12	0	4.64	24	7
2013-01-13	0	4.71	24	6
2013-01-14	0	5.05	23	7
2013-01-15	0	4.92	20	6
2013-01-16	0.01	5.02	22	5
2013-01-17	0	1.05	26	4
2013-01-18	0	3.78	19	2
2013-01-19	0	4.03	18	3
2013-01-20	0	3.65	18	4
2013-01-21	0	3.07	18	4
2013-01-22	0	4.38	17	5
2013-01-23	0	3.55	20	6
2013-01-24	0	3.95	22	2
2013-01-25	0	5.42	21	4
2013-01-26	0	3.9	24	4
2013-01-27	0	3.96	22	5
2013-01-28	0	3.77	22	3
2013-01-29	0	5.38	22	4
2013-01-30	0	5.17	22	5
2013-01-31	0	4.9	22	3
2013-02-01	0	4.94	23	1
2013-02-02	0	4.62	24	3
2013-02-03	0	5.44	26	4
2013-02-04	0	3.8	24	2
2013-02-05	0	5.08	26	4
2013-02-06	0	4.35	23	3
2013-02-07	0	4.73	24	4
2013-02-08	0	3.82	26	6
2013-02-09	0	4.23	21	4
2013-02-10	0	3.84	26	5
2013-02-11	0	5.09	28	6
2013-02-12	0	4.94	30	4
2013-02-13	0	4.63	31	7
2013-02-14	0	5.37	32	8
2013-02-15	0	4.61	32	6
2013-02-16	0	5.04	30	6
2013-02-17	0	5.48	29	5
2013-02-18	0	4.87	30	4
2013-02-19	0	5.01	30	6
2013-02-20	0	5.84	31	5
2013-02-21	0	5.68	30	6
2013-02-22	0	6.14	32	7
2013-02-23	0	6.31	32	8
2013-02-24	0	5.96	31	7
2013-02-25	0	4.11	32	8
2013-02-26	0	4.92	26	8
2013-02-27	0	5.81	31	8
2013-02-28	0	4.28	30	10
2013-03-01	0	4.58	28	4
2013-03-02	0	6.85	20	3
2013-03-03	0	1.31	18	-2
2013-03-04	0	4.18	28	-3
2013-03-05	0	3.98	27	4
2013-03-06	0	4.92	28	5
2013-03-07	0	4.68	26	6
2013-03-08	0	4.25	27	6
2013-03-09	0	4.78	27	4
2013-03-10	0	4.91	28	3
2013-03-11	0	5.55	24	2
2013-03-12	0	4.9	26	4
2013-03-13	0	5.61	28	6
2013-03-14	0	4.6	30	7
2013-03-15	0	6.77	30	7
2013-03-16	0	7.11	32	8
2013-03-17	0	6.81	31	8
2013-03-18	0	6.51	34	9
2013-03-19	0	7.21	33	7
2013-03-20	0	5.76	32	9
2013-03-21	0	4.67	30	1
2013-03-22	0	6.08	34	7
2013-03-23	0	5.62	33	6
2013-03-24	0	6.03	32	8
2013-03-25	0	6.4	34	7
2013-03-26	0	5.81	32	8
2013-03-27	0	5.66	34	7
2013-03-28	0	6.43	33	6
2013-03-29	0	5.61	34	8
2013-03-30	0	6.82	34	8
2013-03-31	0	6.31	32	8
2013-04-01	0	4.85	30	8
2013-04-02	0	4.96	29	7
2013-04-03	0	4.11	28	6
2013-04-04	0	4.39	27	5
2013-04-05	0	5.87	28	6
2013-04-06	0	5.83	29	7
2013-04-07	0	6.44	29	6
2013-04-08	0	5.78	30	7
2013-04-09	0	6.57	28	7
2013-04-10	0	5.96	28	6
2013-04-11	0	5.95	29	8
2013-04-12	0	3.49	29	7
2013-04-13	0	6.45	33	10
2013-04-14	0	4.46	32	8
2013-04-15	0	5.6	34	9
2013-04-16	0	4.52	34	9
2013-04-17	0	5.63	32	9
2013-04-18	0	5.75	32	8
2013-04-19	0	5.67	33	7
2013-04-20	0	5.57	30	7
2013-04-21	0	5.55	32	7
2013-04-22	0	5.05	32	8
2013-04-23	2	7.86	34	7
2013-04-24	0.01	4.9	34	8
2013-04-25	0	6.36	34	8
2013-04-26	0	5.03	32	8
2013-04-27	0	4.81	32	7
2013-04-28	0	5	30	9
2013-04-29	0	5.89	32	7
2013-04-30	0	5.15	32	8
2013-05-01	0	6.15	31	8
2013-05-02	0	5.51	33	8
2013-05-03	0	6.35	33	7
2013-05-04	0	5.65	34	7
2013-05-05	0	6.29	35	6
2013-05-06	0	5.92	28	8
2013-05-07	0	5.99	26	4
2013-05-08	0	5.11	24	5
2013-05-09	0	5.61	23	6
2013-05-10	0	6.28	30	8
2013-05-11	0	6.12	32	9
2013-05-12	0	11.08	32	9
2013-05-13	0	4.31	34	9
2013-05-14	13	8.84	30	8
2013-05-15	10	6.25	33	8
2013-05-16	0.01	6.41	34	7
2013-05-17	10	5.69	33	8
2013-05-18	0.01	5.32	32	8
2013-05-19	0	5.04	30	9
2013-05-20	0	5.05	29	9
2013-05-21	0	4.74	31	7
2013-05-22	0	5.46	28	6
2013-05-23	0	4.84	29	9
2013-05-24	0	7.02	27	8
2013-05-25	0	4.74	28	8
2013-05-26	0	5.13	29	6
2013-05-27	0	4.96	27	7
2013-05-28	10	5.16	26	7
2013-05-29	0	4.65	26	8
2013-05-30	0	5.35	27	7
2013-05-31	0	3.77	26	7
2013-06-01	0	4.65	26	8
2013-06-02	0	5.25	24	7
2013-06-03	0	5.19	25	6
2013-06-04	0	4.59	26	7
2013-06-05	0	5.45	25	7
2013-06-06	0	4.78	26	8
2013-06-07	0	5.8	24	7
2013-06-08	0	5.77	26	8
2013-06-09	12	7.15	22	7
2013-06-10	28	6.31	24	8
2013-06-11	17	8.57	25	8
2013-06-12	5.7	5.52	26	7
2013-06-13	0	5.9	28	4
2013-06-14	0	4.84	22	7
2013-06-15	0	5.23	23	6
2013-06-16	0	5.37	24	7
2013-06-17	0	4.92	24	7
2013-06-18	0	4.58	26	8
2013-06-19	42	3.73	29	7
2013-06-20	25	2.24	29	6
2013-06-21	0	3.54	20	7
2013-06-22	0	4.43	18	8
2013-06-23	0	4.77	22	7
2013-06-24	0	5.2	23	7
2013-06-25	8	2.54	24	8
2013-06-26	0	5.06	25	8
2013-06-27	0	5.28	26	8
2013-06-28	0	5.15	26	7
2013-06-29	0	3.74	25	8
2013-06-30	0	5.26	26	8
2013-07-01	0	3.57	24	8
2013-07-02	0	4.28	23	6
2013-07-03	5	10.16	23	6
2013-07-04	10	11.08	24	6
2013-07-05	15	3.45	20	5
2013-07-06	10	5.4	21	4
2013-07-07	30	13.86	23	7
2013-07-08	0	5.35	24	6
2013-07-09	0	5.3	25	7
2013-07-10	0	4.85	26	7
2013-07-11	0	5.3	24	8
2013-07-12	0	4.67	23	8
2013-07-13	0	5.4	24	8
2013-07-14	0	4.82	22	7
2013-07-15	0	5.36	25	9
2013-07-16	0	4.74	25	8
2013-07-17	0	4.84	24	7
2013-07-18	0	4.73	23	7
2013-07-19	0	5.22	24	7
2013-07-20	0	4.94	24	6
2013-07-21	0	4.66	25	9
2013-07-22	0	5.35	26	8
2013-07-23	0	4.89	26	7
2013-07-24	0	4.81	26	8
2013-07-25	0	4.75	25	8
2013-07-26	0	5.72	24	8
2013-07-27	0	4.96	24	7
2013-07-28	0	4.94	25	8
2013-07-29	0	4.93	26	8
2013-07-30	0	5.11	26	7
2013-07-31	0	4.54	26	7
2013-08-01	0	3.17	25	8
2013-08-02	0	5.03	26	8
2013-08-03	0	4.72	24	8
2013-08-04	0	5.82	25	7
2013-08-05	0	4.65	26	7
2013-08-06	0	4.81	26	6
2013-08-07	0	5.52	26	8
2013-08-08	0	4.25	27	7
2013-08-09	0	5.52	25	8
2013-08-10	0	5.08	24	6
2013-08-11	2.5	9.42	25	6
2013-08-12	0	4.95	27	6
2013-08-13	0	4.52	26	7
2013-08-14	0	5.53	27	7
2013-08-15	0	5.56	24	6
2013-08-16	0	4.15	25	8
2013-08-17	0	5.84	24	6
2013-08-18	0	6.18	24	6
2013-08-19	0	4.82	26	7
2013-08-20	4	2.02	26	7
2013-08-21	7	2.12	26	6
2013-08-22	0	6.57	27	6
2013-08-23	0	4.84	27	6
2013-08-24	0.01	4.59	25	7
2013-08-25	20	8.34	24	6
2013-08-26	35	2.11	25	7
2013-08-27	5	1.89	25	6
2013-08-28	0.01	4.17	26	6
2013-08-29	0	4.89	26	7
2013-08-30	0	3.6	26	6
2013-08-31	0	5.2	26	6
2013-09-01	0	4.86	24	8
2013-09-02	0	5.14	25	8
2013-09-03	0	5.86	26	8
2013-09-04	0	5.4	27	8
2013-09-05	0.01	5.74	18	6
2013-09-06	40	3.74	17	5
2013-09-07	10	5.79	16	6
2013-09-08	0.01	1.81	18	6
2013-09-09	30	10.61	17	7
2013-09-10	5	3.79	16	6
2013-09-11	10	0.4	19	8
2013-09-12	10	4.88	18	8
2013-09-13	30	4.09	19	8
2013-09-14	20	11.03	18	7
2013-09-15	0	5.4	22	7
2013-09-16	0	5.74	24	7
2013-09-17	0	6.22	26	6
2013-09-18	0	5.76	28	7
2013-09-19	0	5.28	27	7
2013-09-20	0	5.94	26	9
2013-09-21	0	5.66	27	8
2013-09-22	0	5.32	28	9
2013-09-23	0	5.15	26	10
2013-09-24	0	4.53	25	10
2013-09-25	0	5.46	28	7
2013-09-26	58	5.52	20	7
2013-09-27	16	9.35	18	6
2013-09-28	0	5.55	26	6
2013-09-29	0	5.56	26	6
2013-09-30	0	5.51	27	7
2013-10-01	0	5.03	27	7
2013-10-02	0	5.41	26	6
2013-10-03	0	4.78	26	6
2013-10-04	0	4.95	28	6
2013-10-05	0	5.43	26	7
2013-10-06	0	9.77	27	6
2013-10-07	0	5.06	20	6
2013-10-08	0	4.57	23	7
2013-10-09	0	5.54	26	6
2013-10-10	0	4.5	24	6
2013-10-11	0	5.41	26	9
2013-10-12	12	13.77	27	9
2013-10-13	6	11.01	20	10
2013-10-14	0	6.05	27	9
2013-10-15	0	5.15	28	7
2013-10-16	0	5.84	28	8
2013-10-17	0	5.19	26	7
2013-10-18	0	4.55	27	9
2013-10-19	0	1.26	26	9
2013-10-20	12	2.57	24	8
2013-10-21	6	1.25	20	9
2013-10-22	3	3.55	18	8
2013-10-23	2	5.29	17	7
2013-10-24	0	1.31	15	9
2013-10-25	3	7.47	18	7
2013-10-26	0	3.79	17	6
2013-10-27	0	3.43	16	7
2013-10-28	0	7.42	20	6
2013-10-29	16	1.97	24	7
2013-10-30	0	4.16	22	9
2013-10-31	0	3.18	22	7
2013-11-01	0	5.15	18	4
2013-11-02	0	5.33	18	6
2013-11-03	0	4.86	20	7
2013-11-04	0	10.12	24	6
2013-11-05	0	0.11	26	9
2013-11-06	0	4.99	22	8
2013-11-07	0	1.07	19	10
2013-11-08	0	4.47	20	9
2013-11-09	0	5.28	20	10
2013-11-10	0	5.12	20	8
2013-11-11	0	4.59	21	7
2013-11-12	12	11.54	16	4
2013-11-13	6	11.73	13	5
2013-11-14	0	5.17	26	6
2013-11-15	0	5.69	24	5
2013-11-16	0	5.52	26	4
2013-11-17	0	5.3	26	6
2013-11-18	0	6.6	24	6
2013-11-19	0	4.76	22	6
2013-11-20	0	5.13	24	6
2013-11-21	0	4.63	22	7
2013-11-22	0	5.48	22	6
2013-11-23	0	6.01	22	6
2013-11-24	0	5.8	25	4
2013-11-25	0	5.17	22	4
2013-11-26	0	5.45	18	3
2013-11-27	0	5.57	16	3
2013-11-28	0	4.43	18	4
2013-11-29	0	4.17	19	4
2013-11-30	0	5.29	22	4
2013-12-01	0	4.88	26	3
2013-12-02	0	5.09	25	2
2013-12-03	0	3.79	27	4
2013-12-04	0	5.21	26	3
2013-12-05	0	3.68	26	4
2013-12-06	0	4.38	20	5
2013-12-07	0	3.94	20	5
2013-12-08	0	3.17	22	5
2013-12-09	0	4.12	26	6
2013-12-10	0	3.54	25	8
2013-12-11	0	5.49	22	6
2013-12-12	0	1.48	17	8
2013-12-13	0	5.43	22	8
2013-12-14	0	5.05	26	6
2013-12-15	0	3.8	26	5
2013-12-16	0	3.72	24	1
2013-12-17	0	4.17	22	4
2013-12-18	0	3.86	24	5
2013-12-19	0	3.1	22	5
2013-12-20	0	4.54	22	6
2013-12-21	0	3.96	22	7
2013-12-22	0	3.74	18	6
2013-12-23	0	4.26	19	5
2013-12-24	0	3.57	17	4
2013-12-25	0	2.8	16	6
2013-12-26	0	4.52	16	5
2013-12-27	0.01	4.12	17	5
2013-12-28	0.01	4.04	20	5
2013-12-29	0	4.91	22	6
2013-12-30	0	3.9	24	7
2013-12-31	0	3.73	22	6
2014-01-01	0	3.41	18	6
2014-01-02	0	3.57	16	6
2014-01-03	0	4.17	17	6
2014-01-04	0	4.15	16	6
2014-01-05	0	4.18	16	6
2014-01-06	0	3.53	14	6
2014-01-07	0	3.22	12	-1
2014-01-08	0	3.18	20	2
2014-01-09	0	3.79	24	3
2014-01-10	0	4.26	26	5
2014-01-11	0	3.95	25	4
2014-01-12	0	3.75	24	3
2014-01-13	0	3.98	26	4
2014-01-14	0	4.27	24	5
2014-01-15	0	3.57	25	6
2014-01-16	0	4.44	26	5
2014-01-17	0	4	26	4
2014-01-18	0	4.99	26	5
2014-01-19	0	4.81	25	4
2014-01-20	0	5.24	24	6
2014-01-21	0	9.95	26	5
2014-01-22	0	5.5	24	4
2014-01-23	0	4.99	26	5
2014-01-24	0	4.74	26	8
2014-01-25	0	5.28	25	6
2014-01-26	0	3.59	27	6
2014-01-27	0	9.19	24	7
2014-01-28	0	1.79	24	6
2014-01-29	0	3.89	18	6
2014-01-30	0	3.92	22	4
2014-01-31	0	5	21	5
2014-02-01	0	4.21	23	5
2014-02-02	0	6.03	24	5
2014-02-03	0	4.85	26	6
2014-02-04	0	5.11	20	4
2014-02-05	0	4.91	22	5
2014-02-06	0	4.68	24	4
2014-02-07	0	5.29	22	5
2014-02-08	0	5.11	24	3
2014-02-09	0	5.05	26	4
2014-02-10	0	4.24	25	3
2014-02-11	0	5.28	26	4
2014-02-12	0	8.52	27	5
2014-02-13	0	5.02	29	3
2014-02-14	0	4.87	28	5
2014-02-15	0	4.95	22	4
2014-02-16	0	5.17	27	3
2014-02-17	0	1.73	28	3
2014-02-18	0	8.07	28	4
2014-02-19	0	5.69	29	5
2014-02-20	0	4.74	20	4
2014-02-21	0	2.31	24	7
2014-02-22	0	7.37	26	7
2014-02-23	0	5.57	28	8
2014-02-24	0	4.95	27	7
2014-02-25	0	5.16	28	6
2014-02-26	0	4.55	28	7
2014-02-27	0	5.51	27	7
2014-02-28	0	0.62	28	8
2014-03-01	0	5.04	28	7
2014-03-02	0	5.23	30	6
2014-03-03	7	11.95	29	6
2014-03-04	0	8.22	29	6
2014-03-05	0	5.09	28	7
2014-03-06	0	5.16	24	8
2014-03-07	0	4.92	25	5
2014-03-08	0	5.08	26	6
2014-03-09	0	4.95	24	5
2014-03-10	0	4.91	27	6
2014-03-11	0	6.09	26	6
2014-03-12	0	3.99	26	5
2014-03-13	0	3.83	25	7
2014-03-14	0	4.79	26	5
2014-03-15	0	5.39	20	5
2014-03-16	0	6	22	6
2014-03-17	0	4.58	27	4
2014-03-18	0	5.14	29	4
2014-03-19	0	5.02	28	8
2014-03-20	0	4.86	30	7
2014-03-21	0	4.17	30	8
2014-03-22	0	5.45	32	8
2014-03-23	0.01	5.97	32	9
2014-03-24	0.01	5.44	31	10
2014-03-25	0	4.59	29	10
2014-03-26	0	4.29	30	10
2014-03-27	0	3.86	31	10
2014-03-28	0	5.06	30	8
2014-03-29	0	5.04	30	9
2014-03-30	8	2.04	30	9
2014-03-31	0	6.13	30	9
2014-04-01	0	5.58	31	9
2014-04-02	0	5.37	31	10
2014-04-03	0	5.08	31	8
2014-04-04	0	4.69	29	7
2014-04-05	0	5.16	30	8
2014-04-06	0	6.17	31	9
2014-04-07	0	4.88	31	9
2014-04-08	0	5.05	31	8
2014-04-09	0	3.6	27	7
2014-04-10	0	4.43	26	9
2014-04-11	0	5.94	28	6
2014-04-12	0	5.48	30	5
2014-04-13	0	6.17	31	9
2014-04-14	0	5.78	30	9
2014-04-15	0	6.53	29	8
2014-04-16	0	5.94	28	7
2014-04-17	0	5.79	28	8
2014-04-18	0	6.27	30	8
2014-04-19	0	5.35	31	9
2014-04-20	0	6.65	30	9
2014-04-21	0	5.84	32	8
2014-04-22	0	5.61	32	10
2014-04-23	0	6.25	32	10
2014-04-24	0.01	5.52	29	9
2014-04-25	0	0.58	30	8
2014-04-26	0	5.72	29	7
2014-04-27	0	3.68	28	7
2014-04-28	0	5.71	28	8
2014-04-29	0	5.19	30	8
2014-04-30	0	5.1	NULO	NULO
2014-05-01	0	5.48	29	8
2014-05-02	0	4.32	30	9
2014-05-03	0	5.22	30	10
2014-05-04	0	5.21	31	10
2014-05-05	0	5.26	30	9
2014-05-06	0	4.54	31	9
2014-05-07	12	5.45	28	8
2014-05-08	0	5.92	26	8
2014-05-09	0	4.32	28	8
2014-05-10	0	5.76	30	9
2014-05-11	0	4.92	29	10
2014-05-12	0	5.17	29	9
2014-05-13	3	4.8	18	9
2014-05-14	2	3.95	17	5
2014-05-15	0	5.16	19	4
2014-05-16	0	4.92	25	7
2014-05-17	0	5.15	24	7
2014-05-18	0	4.88	26	7
2014-05-19	0	4.57	27	6
2014-05-20	0	5.32	26	6
2014-05-21	0	4.71	26	6
2014-05-22	0	5.29	27	7
2014-05-23	20	3.85	26	8
2014-05-24	27	11.26	26	7
2014-05-25	0	4.6	24	6
2014-05-26	0	5.37	26	8
2014-05-27	0	4.64	24	8
2014-05-28	0	5	28	7
2014-05-29	0	5.19	27	9
2014-05-30	12	5.34	28	10
2014-05-31	0	3.66	28	11
2014-06-01	0	4.48	26	10
2014-06-02	0	4.55	26	10
2014-06-03	6	10.49	24	8
2014-06-04	0	4.65	NULO	NULO
2014-06-05	0.01	5.1	NULO	NULO
2014-06-06	0	4.97	NULO	NULO
2014-06-07	0	5.19	NULO	NULO
2014-06-08	0	4.57	NULO	NULO
2014-06-09	0	5.33	30	11
2014-06-10	0	4.67	29	9
2014-06-11	0	6.37	30	10
2014-06-12	0	4.95	30	10
2014-06-13	0	4.71	30	10
2014-06-14	0	5.34	28	10
2014-06-15	0	4.06	27	8
2014-06-16	0	5.09	28	9
2014-06-17	0.01	NULO	28	9
2014-06-18	4	8.13	30	10
2014-06-19	0	4.72	NULO	NULO
2014-06-20	0	5.39	NULO	NULO
2014-06-21	21	10.61	NULO	NULO
2014-06-22	20	0.47	27	9
2014-06-23	58	1.55	26	9
2014-06-24	24	9.96	26	8
2014-06-25	20	3.52	24	8
2014-06-26	5	2.69	24	8
2014-06-27	15	9.32	26	8
2014-06-28	10	3.04	22	7
2014-06-29	25	11.5	24	8
2014-06-30	0	11.41	NULO	NULO
2014-07-01	0	5.76	28	8
2014-07-02	0	4.94	27	9
2014-07-03	0	4.56	29	8
2014-07-04	0	6.32	29	10
2014-07-05	1	6.11	27	11
2014-07-06	0	5.6	29	9
2014-07-07	2	5.19	30	10
2014-07-08	0	6.33	29	10
2014-07-09	22	10.62	28	10
2014-07-10	0	5.36	27	7
2014-07-11	0	5.97	26	11
2014-07-12	0	4.62	27	9
2014-07-13	0	6.31	28	9
2014-07-14	0	5.06	22	10
2014-07-15	0	4.89	28	10
2014-07-16	35	13.12	26	9
2014-07-17	0	4.67	27	8
2014-07-18	0	5.86	27	9
2014-07-19	0	5.32	28	8
2014-07-20	0	6.2	28	8
2014-07-21	0	4.25	29	9
2014-07-22	0	6.2	29	9
2014-07-23	0	6.43	27	9
2014-07-24	0	5.74	28	10
2014-07-25	0	6.36	28	11
2014-07-26	0	4.85	29	10
2014-07-27	0	6.14	29	11
2014-07-28	0	9.48	29	11
2014-07-29	0	4.93	28	12
2014-07-30	0	5.07	28	10
2014-07-31	0	5.13	28	11
2014-08-01	3	6.02	27	11
2014-08-02	0	5.35	29	10
2014-08-03	0	4.82	36	9
2014-08-04	0	4.91	29	9
2014-08-05	1	5.25	28	10
2014-08-06	0	5.18	30	10
2014-08-07	2	5.36	29	11
2014-08-08	0	4.74	28	11
2014-08-09	0	5.18	29	9
2014-08-10	0	4.43	30	10
2014-08-11	0	4.67	28	9
2014-08-12	0	4.67	27	11
2014-08-13	0	5.26	29	11
2014-08-14	0	5.89	30	9
2014-08-15	0	5.12	30	10
2014-08-16	0	4.59	29	10
2014-08-17	0	5.43	28	11
2014-08-18	0	4.91	30	10
2014-08-19	30	11.43	32	10
2014-08-20	0	5.22	29	10
2014-08-21	0.01	4.46	26	12
2014-08-22	0	4.77	26	10
2014-08-23	0	5.11	27	11
2014-08-24	0	4.64	28	10
2014-08-25	0	4.93	26	9
2014-08-26	0	2.19	27	10
2014-08-27	0	4.54	30	10
2014-08-28	0	5.37	30	10
2014-08-29	0	5.15	29	10
2014-08-30	0	4.67	29	10
2014-08-31	0	5.24	30	10
2014-09-01	0	4.71	29	11
2014-09-02	40	1.53	29	11
2014-09-03	10	NULO	27	9
2014-09-04	10	2.05	26	10
2014-09-05	0	4.95	27	10
2014-09-06	0	4.6	28	10
2014-09-07	0	5.49	28	9
2014-09-08	0	4.51	28	9
2014-09-09	0	6.2	27	10
2014-09-10	0	5.14	30	10
2014-09-11	0	4.91	28	9
2014-09-12	0	4.65	29	9
2014-09-13	0	5.24	30	11
2014-09-14	0	5.18	30	11
2014-09-15	0	4.98	29	10
2014-09-16	0	4.67	30	10
2014-09-17	0	1.46	31	10
2014-09-18	14	5.11	31	10
2014-09-19	25	4.12	30	10
2014-09-20	2	5.6	29	11
2014-09-21	0	5.28	30	9
2014-09-22	0	2.82	31	11
2014-09-23	0	4.27	29	10
2014-09-24	0	4.97	28	10
2014-09-25	0	3.94	28	10
2014-09-26	0	4.6	29	10
2014-09-27	0	5.27	30	10
2014-09-28	0	4.58	20	9
2014-09-29	0	4.55	29	10
2014-09-30	0	4.82	30	11
2014-10-01	5	5.8	26	10
2014-10-02	4	1.6	26	8
2014-10-03	6	1.6	24	7
2014-10-04	4	0.22	25	7
2014-10-05	0	5.23	26	8
2014-10-06	0	4.55	27	8
2014-10-07	0	5.14	26	8
2014-10-08	0	4.91	27	8
2014-10-09	0	4.95	28	9
2014-10-10	0	5.24	26	8
2014-10-11	0	4.76	26	9
2014-10-12	0	4.58	27	9
2014-10-13	6	9.01	24	8
2014-10-14	0	4.68	26	7
2014-10-15	0	5.32	27	7
2014-10-16	0	4.54	27	8
2014-10-17	4	6.25	26	8
2014-10-18	6	2.15	24	7
2014-10-19	3	3.74	25	7
2014-10-20	5	2.26	23	7
2014-10-21	6	1.74	20	8
2014-10-22	0	3.86	20	7
2014-10-23	0	4.31	21	8
2014-10-24	0	3.93	22	8
2014-10-25	0	5.11	23	8
2014-10-26	0	3.65	22	8
2014-10-27	0	5.29	22	8
2014-10-28	0	4.71	22	9
2014-10-29	0	5.45	22	7
2014-10-30	0	3.75	21	8
2014-10-31	0	4.09	18	8
2014-11-01	0	3.16	18	7
2014-11-02	0	3.74	22	7
2014-11-03	0	4.78	23	9
2014-11-04	0	4.56	24	9
2014-11-05	0	5.49	23	8
2014-11-06	0	4.88	22	9
2014-11-07	5	2.08	16	9
2014-11-08	0	4.69	17	7
2014-11-09	0	5.26	22	7
2014-11-10	0	3.57	20	8
2014-11-11	5	1.93	22	8
2014-11-12	5	0.43	23	8
2014-11-13	0	9.96	24	8
2014-11-14	0	4.61	23	7
2014-11-15	0	5.33	24	7
2014-11-16	0	5.26	22	6
2014-11-17	3	0.5	18	7
2014-11-18	0	5.38	16	6
2014-11-19	0	4.63	20	6
2014-11-20	6	1.8	19	6
2014-11-21	0	5.65	22	7
2014-11-22	0	3.52	22	4
2014-11-23	0	4.26	21	8
2014-11-24	6	1.8	19	7
2014-11-25	0	5.15	16	7
2014-11-26	0	4.97	18	2
2014-11-27	0	4.65	20	3
2014-11-28	0	4.79	24	4
2014-11-29	0	5.15	22	8
2014-11-30	0	4.6	24	4
2014-12-01	0	4.2	24	8
2014-12-02	0	3.57	22	8
2014-12-03	0	4.52	21	7
2014-12-04	0	5.15	22	8
2014-12-05	0	3.96	22	9
2014-12-06	0	4.8	20	9
2014-12-07	0	4.2	17	8
2014-12-08	0	4.01	12	7
2014-12-09	0	2.6	18	8
2014-12-10	0	4.39	19	7
2014-12-11	0	4.57	18	8
2014-12-12	0	4.13	20	7
2014-12-13	0	4.12	20	7
2014-12-14	0	5.26	21	7
2014-12-15	0	3.49	22	7
2014-12-16	0	4.43	24	8
2014-12-17	0	4.13	23	6
2014-12-18	0	3.79	24	7
2014-12-19	0	4.63	24	7
2014-12-20	0	4.32	23	7
2014-12-21	0	4.15	22	7
2014-12-22	0	4.16	22	6
2014-12-23	6	2.41	28	6
2014-12-24	4	1.65	18	7
2014-12-25	0.01	1.94	21	6
2014-12-26	0	4.09	22	6
2014-12-27	0	3.8	22	7
2014-12-28	0	5.11	23	7
2014-12-29	0	4.6	22	7
2014-12-30	0	6.15	21	7
2014-12-31	0	5.36	21	7
2015-01-01	0	6.51	20	7
2015-01-02	0	5.43	19	7
2015-01-03	0	4.89	18	7
2015-01-04	0	4.11	21	7
2015-01-05	0	3.6	20	6
2015-01-06	0	4.14	26	6
2015-01-07	0	5.32	14	6
2015-01-08	0	4.54	16	5
2015-01-09	0	2.63	20	4
2015-01-10	0	4.77	20	6
2015-01-11	0	4.85	21	7
2015-01-12	0	5.31	22	7
2015-01-13	0	0.4	23	7
2015-01-14	0	10.23	22	8
2015-01-15	0	3.52	21	7
2015-01-16	0	4.07	20	8
2015-01-17	0	4.1	27	6
2015-01-18	0	4.11	24	7
2015-01-19	0	5.08	24	9
2015-01-20	0	4.55	23	9
2015-01-21	0	4.89	25	8
2015-01-22	0	3.09	26	8
2015-01-23	0	3.65	25	7
2015-01-24	0	4.55	24	9
2015-01-25	0	5.05	24	9
2015-01-26	0	5.09	25	8
2015-01-27	0	4.8	26	8
2015-01-28	0	0.3	25	9
2015-01-29	0	5.43	26	9
2015-01-30	0	0.93	26	8
2015-01-31	0	4.89	26	8
2015-02-01	0	5.44	20	6
2015-02-02	0	4.68	21	5
2015-02-03	0	4.28	22	6
2015-02-04	0	5.09	20	6
2015-02-05	0	3.91	22	5
2015-02-06	0	3.63	20	6
2015-02-07	0	4.46	22	4
2015-02-08	0	4.44	24	5
2015-02-09	0	5.24	24	4
2015-02-10	0	5.23	26	4
2015-02-11	0	4.82	24	6
2015-02-12	4	7.81	20	5
2015-02-13	0	4.27	20	6
2015-02-14	0	3.7	22	4
2015-02-15	0	4.32	25	6
2015-02-16	0	4.95	22	9
2015-02-17	0	4.63	19	9
2015-02-18	0	3.93	20	9
2015-02-19	0	3.98	24	8
2015-02-20	0	4.66	24	6
2015-02-21	0	4.25	25	6
2015-02-22	0	5.77	24	7
2015-02-23	0	4.05	26	8
2015-02-24	0	4.77	26	8
2015-02-25	0	4.71	26	9
2015-02-26	0	4.46	26	9
2015-02-27	0	4.52	26	9
2015-02-28	0	3.52	NULO	NULO
2015-03-01	0	4.94	20	9
2015-03-02	0	5.48	21	9
2015-03-03	0	4.97	22	10
2015-03-04	0	4.58	20	9
2015-03-05	0	6.03	22	8
2015-03-06	0	5.29	20	8
2015-03-07	0	5.06	22	6
2015-03-08	0	4.94	24	7
2015-03-09	14	1.32	24	8
2015-03-10	18	2.43	26	7
2015-03-11	7	3.29	24	6
2015-03-12	0	3.51	20	6
2015-03-13	10	4.21	20	7
2015-03-14	11	2.59	22	6
2015-03-15	7	2.49	25	7
2015-03-16	0	3.7	22	6
2015-03-17	0	4.1	19	6
2015-03-18	0	5.11	20	7
2015-03-19	12	4.05	24	7
2015-03-20	46	8.55	24	8
2015-03-21	0	5.4	25	8
2015-03-22	0	3.74	24	9
2015-03-23	0	3.85	26	8
2015-03-24	24	8.95	24	9
2015-03-25	0	5.03	24	9
2015-03-26	48	2.24	22	6
2015-03-27	22	5.68	21	6
2015-03-28	0	4.17	NULO	NULO
2015-03-29	0	3.67	NULO	NULO
2015-03-30	0	5.49	NULO	NULO
2015-03-31	0	2.91	NULO	NULO
2015-04-01	0	6.25	23	8
2015-04-02	0	3.74	24	8
2015-04-03	0	3.86	28	8
2015-04-04	0	4.29	27	9
2015-04-05	0	5.15	24	8
2015-04-06	0	4.68	26	8
2015-04-07	0	4.88	25	7
2015-04-08	0	4.8	26	8
2015-04-09	0	5.49	26	8
2015-04-10	0	5.05	26	7
2015-04-11	0.01	4.66	27	8
2015-04-12	0	5.09	24	7
2015-04-13	5	7.23	23	7
2015-04-14	0	4.68	22	7
2015-04-15	7	1.68	24	7
2015-04-16	0	5.72	24	7
2015-04-17	0	4.6	26	8
2015-04-18	0	6.37	26	9
2015-04-19	0	2.93	27	10
2015-04-20	0.01	4.6	30	10
2015-04-21	5	1.24	30	9
2015-04-22	0	4.86	30	10
2015-04-23	0	5.26	30	10
2015-04-24	0	5.13	29	10
2015-04-25	56	2.76	28	10
2015-04-26	0	5.21	30	9
2015-04-27	0	6.49	30	10
2015-04-28	0	5.51	26	10
2015-04-29	0	5.46	22	10
2015-04-30	0	4.15	22	10
2015-05-01	0	4.95	26	8
2015-05-02	0	2.53	25	7
2015-05-03	0	1.56	24	9
2015-05-04	0	4.66	26	8
2015-05-05	0	4.95	26	9
2015-05-06	6	1.05	26	10
2015-05-07	0	4.43	26	8
2015-05-08	0	5.34	22	8
2015-05-09	0	4.38	27	9
2015-05-10	0	5.17	28	8
2015-05-11	0	5.28	27	9
2015-05-12	0	4.89	28	8
2015-05-13	0	5.83	29	9
2015-05-14	0	4.33	29	9
2015-05-15	0	5.87	29	10
2015-05-16	0	5.92	29	9
2015-05-17	0	6.21	28	10
2015-05-18	0	6.05	29	10
2015-05-19	0	6.35	28	10
2015-05-20	0	4.87	28	9
2015-05-21	0	5.67	28	10
2015-05-22	0	6.41	29	10
2015-05-23	13	1.42	26	9
2015-05-24	0	7.21	27	8
2015-05-25	0	4.83	26	9
2015-05-26	0	6.41	27	8
2015-05-27	5	10.05	25	8
2015-05-28	0	4.57	26	8
2015-05-29	0	5.14	26	9
2015-05-30	0	4.78	28	8
2015-05-31	0	3.15	27	9
2015-06-01	0	2.42	24	10
2015-06-02	0	2.79	26	9
2015-06-03	0	3.52	26	10
2015-06-04	0	4.49	27	9
2015-06-05	0	4.54	27	9
2015-06-06	0	4.21	26	10
2015-06-07	0	4.24	25	10
2015-06-08	0	3.74	24	9
2015-06-09	0	3.9	24	9
2015-06-10	0	4.28	23	9
2015-06-11	3	3.63	24	10
2015-06-12	0	4.29	26	10
2015-06-13	4	6.91	24	9
2015-06-14	0	0.77	23	10
2015-06-15	0	0.78	24	10
2015-06-16	30	7.22	28	9
2015-06-17	0	3.44	22	10
2015-06-18	0	6.41	26	10
2015-06-19	0	4.52	28	9
2015-06-20	23	4.3	26	9
2015-06-21	0	5.25	24	10
2015-06-22	0	4.32	23	10
2015-06-23	0	3.68	22	11
2015-06-24	0	4.49	22	10
2015-06-25	0	4.81	24	10
2015-06-26	11	0.7	26	9
2015-06-27	0	5.08	24	10
2015-06-28	0	5.18	26	9
2015-06-29	18	2.26	24	9
2015-06-30	0	5.41	24	10
2015-07-01	34	11.91	23	10
2015-07-02	0	1.58	23	9
2015-07-03	10	4.43	22	10
2015-07-04	0	6.12	24	10
2015-07-05	0	4.15	24	9
2015-07-06	0	5.24	26	9
2015-07-07	0	1.62	26	10
2015-07-08	0	4.22	27	11
2015-07-09	0	1.63	27	11
2015-07-10	0	5.29	26	11
2015-07-11	0	5.42	27	11
2015-07-12	0	6.47	27	10
2015-07-13	0	5.65	26	10
2015-07-14	0	6.33	22	10
2015-07-15	16	9.6	28	11
2015-07-16	0	5.15	28	11
2015-07-17	0	5.92	27	10
2015-07-18	0	5.95	28	10
2015-07-19	0	5.87	28	11
2015-07-20	7	1.51	28	10
2015-07-21	0	4.89	27	10
2015-07-22	20	3.73	26	10
2015-07-23	8	2.47	28	11
2015-07-24	0	5.01	28	11
2015-07-25	0	5.57	28	11
2015-07-26	0	5.82	28	9
2015-07-27	0	6.18	27	10
2015-07-28	0	5.91	28	11
2015-07-29	0	6.4	29	11
2015-07-30	0	5.78	28	11
2015-07-31	0	5.95	NULO	NULO
2015-08-01	0	5.33	29	10
2015-08-02	0	6.15	28	11
2015-08-03	0	4.6	26	11
2015-08-04	0	5.12	27	10
2015-08-05	0	9.88	27	10
2015-08-06	0	0.42	28	9
2015-08-07	6	2.95	28	11
2015-08-08	0	5.08	28	10
2015-08-09	0	4.52	27	10
2015-08-10	0	4.92	28	11
2015-08-11	0	5.56	26	11
2015-08-12	0	4.52	26	10
2015-08-13	0	5.02	26	10
2015-08-14	0	4.74	26	9
2015-08-15	0	4.81	24	8
2015-08-16	0	5.37	23	8
2015-08-17	5	9.63	23	9
2015-08-18	0	5.18	24	9
2015-08-19	0	5.18	26	9
2015-08-20	4	1.63	27	8
2015-08-21	0	4.78	28	9
2015-08-22	0	5.46	28	9
2015-08-23	0	4.85	27	9
2015-08-24	0	5.35	28	8
2015-08-25	0	4.76	27	8
2015-08-26	7	1.81	28	9
2015-08-27	2	1.29	24	9
2015-08-28	0	5.11	24	8
2015-08-29	0	4.57	26	8
2015-08-30	0	5.32	26	8
2015-08-31	0	4.68	NULO	NULO
2015-09-01	12	1.02	26	11
2015-09-02	8	0.56	26	10
2015-09-03	0	4.97	27	9
2015-09-04	0	4.79	26	8
2015-09-05	0	4.81	27	8
2015-09-06	0	5.22	27	7
2015-09-07	0	4.92	26	8
2015-09-08	0	5.01	25	7
2015-09-09	0.01	3.54	24	7
2015-09-10	1	4.19	22	8
2015-09-11	2	1.16	24	8
2015-09-12	0.01	6.29	22	9
2015-09-13	0	5.17	24	8
2015-09-14	0	4.99	22	8
2015-09-15	0	4.9	23	8
2015-09-16	3	4.79	22	9
2015-09-17	5	0.14	23	10
2015-09-18	3	1.14	23	11
2015-09-19	0	5.26	24	10
2015-09-20	0	5.45	26	10
2015-09-21	0	4.48	25	10
2015-09-22	0	5.33	26	11
2015-09-23	0	3.76	25	9
2015-09-24	0	5.04	24	10
2015-09-25	0	4.53	26	10
2015-09-26	0	5.54	26	9
2015-09-27	0	5.11	27	9
2015-09-28	0	4.57	26	10
2015-09-29	0	5.17	26	11
2015-09-30	0	4.83	NULO	NULO
2015-10-01	0	5.17	25	9
2015-10-02	0	4.86	24	10
2015-10-03	0	3.41	26	10
2015-10-04	0	5.09	27	10
2015-10-05	0	5.23	27	9
2015-10-06	0	5.16	24	9
2015-10-07	0	5.06	26	11
2015-10-08	0	4.97	24	10
2015-10-09	0	4.34	26	10
2015-10-10	0	5.36	26	10
2015-10-11	0	5.16	27	11
2015-10-12	0	5.11	24	11
2015-10-13	0	4.57	23	10
2015-10-14	0.01	4.43	21	9
2015-10-15	0.01	3.81	23	8
2015-10-16	0.01	3.97	27	8
2015-10-17	20	5.74	24	8
2015-10-18	16	5.09	23	9
2015-10-19	0	4.21	26	8
2015-10-20	0	3.55	25	10
2015-10-21	0	5.68	26	10
2015-10-22	6	8.95	25	10
2015-10-23	0	4.5	25	9
2015-10-24	0	4.44	26	9
2015-10-25	0.01	3.65	24	8
2015-10-26	0.01	4.21	25	8
2015-10-27	0.01	2.77	22	9
2015-10-28	18	3.55	23	9
2015-10-29	0	3.68	24	8
2015-10-30	0	3.79	23	8
2015-10-31	0	4.23	23	8
2015-11-01	0	5.42	26	8
2015-11-02	0	4.78	26	8
2015-11-03	0	1.48	26	9
2015-11-04	0	5.43	25	10
2015-11-05	0	4.67	21	11
2015-11-06	0.01	5.13	23	11
2015-11-07	12	1.93	24	9
2015-11-08	6	3.84	23	8
2015-11-09	0	5.43	26	7
2015-11-10	0	4.73	26	10
2015-11-11	0.01	4.16	25	10
2015-11-12	6	2.75	23	9
2015-11-13	4	2.25	22	7
2015-11-14	0.01	3.02	23	8
2015-11-15	0	4.06	22	7
2015-11-16	0	4.05	23	8
2015-11-17	0	3.87	24	7
2015-11-18	0	8.98	21	8
2015-11-19	0	1.03	21	8
2015-11-20	0	4.27	22	7
2015-11-21	4	5.02	23	7
2015-11-22	0	8.48	21	8
2015-11-23	0	3.82	21	7
2015-11-24	0	4.53	23	8
2015-11-25	0	4.17	26	8
2015-11-26	0	5.08	27	10
2015-11-27	0	4.41	26	8
2015-11-28	0	5.52	26	9
2015-11-29	0	4.47	26	10
2015-11-30	0	3	NULO	NULO
2015-12-01	0	4.83	27	11
2015-12-02	4	9.05	22	11
2015-12-03	0	5.32	19	10
2015-12-04	0	3.53	18	6
2015-12-05	0	4.43	17	4
2015-12-06	0	4.07	19	4
2015-12-07	0	3.85	21	4
2015-12-08	0	4.82	22	6
2015-12-09	0	5.15	24	7
2015-12-10	0	5.08	26	7
2015-12-11	0	5.06	25	7
2015-12-12	0	4.54	23	6
2015-12-13	0	5.1	24	6
2015-12-14	0	4.71	26	7
2015-12-15	0	5.64	27	8
2015-12-16	0	4.55	27	8
2015-12-17	0	3.95	21	8
2015-12-18	0	4.22	19	9
2015-12-19	0	3.68	21	4
2015-12-20	0	5.07	22	5
2015-12-21	8	1.24	23	6
2015-12-22	0	4.33	22	6
2015-12-23	0	4.13	23	7
2015-12-24	0	3.91	24	7
2015-12-25	0	3.86	25	9
2015-12-26	0	4.05	26	9
2015-12-27	0	3.92	26	8
2015-12-28	0	4.81	27	8
2015-12-29	0	4.82	27	7
2015-12-30	0	0.99	NULO	NULO
2016-01-01	0	5.32	20	4
2016-01-02	0.01	3.11	21	6
2016-01-03	0	6.96	22	6
2016-01-04	0	4.81	22	7
2016-01-05	0	5.07	23	8
2016-01-06	0	4.73	23	8
2016-01-07	0	4.15	22	8
2016-01-08	0	3.74	20	6
2016-01-09	0	4.12	20	6
2016-01-10	0	3.89	19	5
2016-01-11	0	8.34	19	4
2016-01-12	5	0.49	17	6
2016-01-13	0	4.45	18	5
2016-01-14	0	4.33	21	6
2016-01-15	0	5.57	22	8
2016-01-16	0	5.19	21	8
2016-01-17	0	4.57	21	8
2016-01-18	0	5.26	22	7
2016-01-19	0	4.9	22	9
2016-01-20	0	4.73	23	9
2016-01-21	0	5.45	21	9
2016-01-22	0	4.35	22	10
2016-01-23	0	4.84	22	10
2016-01-24	0	5.33	22	9
2016-01-25	0	5.31	20	10
2016-01-26	0	2.69	21	9
2016-01-27	0	5.86	22	9
2016-01-28	0	4.29	21	6
2016-01-29	0	3.95	19	5
2016-01-30	0	2.25	20	6
2016-01-31	0	2.12	20	6
2016-02-01	0	7	23	8
2016-02-02	0	5.43	23	8
2016-02-03	0	3.84	19	7
2016-02-04	0	4.08	19	9
2016-02-05	0	4.13	17	8
2016-02-06	0	0.29	19	8
2016-02-07	0	9.64	19	7
2016-02-08	0	4.94	18	8
2016-02-09	0	4.65	19	7
2016-02-10	0	3.75	18	7
2016-02-11	0	4.25	19	7
2016-02-12	0	4.8	22	8
2016-02-13	0	5.23	24	6
2016-02-14	0	3.97	23	7
2016-02-15	0	4.32	24	6
2016-02-16	0	4.11	22	6
2016-02-17	0	4.79	23	8
2016-02-18	0	5.11	23	7
2016-02-19	0	5.36	25	7
2016-02-20	0	4.64	25	8
2016-02-21	0	6.21	27	8
2016-02-22	0	6.08	27	9
2016-02-23	0	5.11	26	9
2016-02-24	0	4.57	25	9
2016-02-25	0	4.92	25	8
2016-02-26	0	4.91	26	8
2016-02-27	4	3.54	28	8
2016-02-28	0	4.32	28	9
2016-02-29	0	3.81	28	9
2016-03-01	3	8.03	19	8
2016-03-02	0	5.18	18	8
2016-03-03	0	3.79	17	8
2016-03-04	0	4.32	20	7
2016-03-05	0	4.77	22	9
2016-03-06	0	4.53	24	10
2016-03-07	0	4.75	24	10
2016-03-08	3	4.55	18	10
2016-03-09	2	1.32	19	9
2016-03-10	0	4.11	17	6
2016-03-11	0	3.79	16	7
2016-03-12	0	4.12	18	7
2016-03-13	0	4.13	22	8
2016-03-14	0	3.85	26	8
2016-03-15	0	6.17	27	9
2016-03-16	0	4.83	26	9
2016-03-17	0	5.02	27	9
2016-03-18	0	4.14	26	10
2016-03-19	0.01	3.87	18	9
2016-03-20	0	3.62	16	9
2016-03-21	0.01	4.26	19	8
2016-03-22	0	3.77	22	8
2016-03-23	0	3.81	24	10
2016-03-24	3	7.19	26	10
2016-03-25	0	4.12	26	10
2016-03-26	0	6.81	28	11
2016-03-27	0	5.43	28	11
2016-03-28	0	4.59	29	11
2016-03-29	0	5.95	30	11
2016-03-30	0	5.36	30	11
2016-03-31	0	2.54	30	11
2016-04-01	0	5.25	29	10
2016-04-02	0	5.85	29	10
2016-04-03	0	5.35	30	10
2016-04-04	0	5.66	30	10
2016-04-05	0	5.77	31	10
2016-04-06	0	6.22	29	10
2016-04-07	0	6.15	30	9
2016-04-08	0	5.63	30	9
2016-04-09	0	6.32	31	9
2016-04-10	0.01	5.87	32	10
2016-04-11	0	4.58	32	10
2016-04-12	0.01	5.54	31	10
2016-04-13	0	5.56	32	10
2016-04-14	0	5.97	31	10
2016-04-15	0	5.14	32	10
2016-04-16	3	7.58	32	10
2016-04-17	0	5.45	29	10
2016-04-18	7	10.65	28	9
2016-04-19	3	6.7	26	8
2016-04-20	2	6.88	22	8
2016-04-21	0	4.92	22	7
2016-04-22	0	4.55	19	7
2016-04-23	6	11.56	20	6
2016-04-24	0	4.73	26	8
2016-04-25	0	5.33	26	8
2016-04-26	0	4.99	28	8
2016-04-27	0	5.52	30	8
2016-04-28	0	1.32	31	9
2016-04-29	0	5.48	31	10
2016-04-30	0	3.81	31	10
2016-05-01	0	6.26	29	10
2016-05-02	0	5.52	28	10
2016-05-03	0	6.32	29	10
2016-05-04	0	5.88	28	10
2016-05-05	0	6.1	29	9
2016-05-06	0	6.17	29	9
2016-05-07	0	5.58	26	9
2016-05-08	0	6.57	26	8
2016-05-09	20	5.62	25	8
2016-05-10	6	5.79	26	7
2016-05-11	30	6.52	26	8
2016-05-12	0	4.74	26	8
2016-05-13	0	6.07	25	8
2016-05-14	0	3.73	24	8
2016-05-15	6	10.98	24	8
2016-05-16	0	5.14	26	9
2016-05-17	0	4.86	26	9
2016-05-18	0	5.82	27	9
2016-05-19	0	5.32	28	9
2016-05-20	0	4.61	27	10
2016-05-21	0.01	5.67	28	10
2016-05-22	0	4.82	28	10
2016-05-23	0	4.48	26	10
2016-05-24	0	0.42	26	10
2016-05-25	0	2.17	26	10
2016-05-26	12	3.83	24	10
2016-05-27	14	9.62	25	9
2016-05-28	0	4.58	28	9
2016-05-29	0	4.77	28	10
2016-05-30	0	4.41	28	10
2016-05-31	0	2.03	28	10
2016-06-01	2	4.15	26	10
2016-06-02	56	4.38	20	10
2016-06-03	0	4.05	26	8
2016-06-04	0	4.71	20	7
2016-06-05	0	4.02	21	6
2016-06-06	0	3.42	22	6
2016-06-07	5	2.47	24	6
2016-06-08	3	3.63	25	6
2016-06-09	4	5.72	26	7
2016-06-10	0	4.71	20	8
2016-06-11	0	3.53	22	6
2016-06-12	0	5.54	27	7
2016-06-13	16	4.53	22	7
2016-06-14	5	6.52	22	7
2016-06-15	34	9.58	23	7
2016-06-16	0	3.87	23	6
2016-06-17	0	3.72	24	7
2016-06-18	18	2.61	20	8
2016-06-19	12	2.67	19	7
2016-06-20	38	2.54	18	6
2016-06-21	0.01	3.64	19	5
2016-06-22	0	3.91	21	7
2016-06-23	0	4.41	22	7
2016-06-24	0	3.34	20	7
2016-06-25	0	4.29	22	7
2016-06-26	0	4.37	22	8
2016-06-27	0	3.77	23	7
2016-06-28	0	4.34	24	8
2016-06-29	0	3.92	24	7
2016-06-30	0	4.07	24	8
2016-07-01	0	5.41	26	8
2016-07-02	0	4.75	26	7
2016-07-03	0	4.7	24	8
2016-07-04	0	5.56	23	8
2016-07-05	0	5.16	24	8
2016-07-06	0	4.59	25	8
2016-07-07	0.01	5.15	26	8
2016-07-08	0	4.86	26	8
2016-07-09	0	7.29	27	8
2016-07-10	0	5	20	9
2016-07-11	38	5.7	22	8
2016-07-12	0.01	4	22	9
2016-07-13	0.01	3.71	21	8
2016-07-14	18	0.64	22	9
2016-07-15	0	3.35	24	7
2016-07-16	0	4.31	25	9
2016-07-17	0	4.29	24	9
2016-07-18	0	4.11	25	9
2016-07-19	0.01	4.57	24	9
2016-07-20	0	4.7	22	8
2016-07-21	0	5.55	24	8
2016-07-22	0	6.83	26	8
2016-07-23	0	4.18	26	9
2016-07-24	0	4.78	25	9
2016-07-25	0	5.92	27	8
2016-07-26	22	5.12	27	9
2016-07-27	0	3.97	26	8
2016-07-28	0	3.24	28	8
2016-07-29	0	4.55	28	9
2016-07-30	0	3.95	28	9
2016-07-31	0	3.64	28	9
2016-08-01	0	4.15	22	7
2016-08-02	0	4.68	24	7
2016-08-03	0	3.49	24	8
2016-08-04	0	3.48	28	8
2016-08-05	16	4.5	18	7
2016-08-06	26	7.15	18	7
2016-08-07	30	3.28	18	6
2016-08-08	24	3.26	19	6
2016-08-09	30	5.95	20	7
2016-08-10	12	4.42	24	7
2016-08-11	0	5.26	26	8
2016-08-12	0	4.69	25	8
2016-08-13	0	5.6	27	8
2016-08-14	3	8.76	28	9
2016-08-15	2	5.95	26	9
2016-08-16	0	4.89	20	8
2016-08-17	0	4.58	19	7
2016-08-18	0	4.92	20	7
2016-08-19	0	4.9	22	7
2016-08-20	0	5.28	22	8
2016-08-21	8	5.02	20	8
2016-08-22	14	5.65	21	7
2016-08-23	3	5.35	19	7
2016-08-24	0.01	4.25	18	7
2016-08-25	8	9.68	20	7
2016-08-26	0	4.08	22	8
2016-08-27	0	4.67	24	8
2016-08-28	0	5.32	24	9
2016-08-29	0	5.41	26	9
2016-08-30	0	4.59	26	8
2016-08-31	0	6.45	26	8
2016-09-01	3	4.77	16	7
2016-09-02	0.01	4.43	18	6
2016-09-03	4	5.74	16	6
2016-09-04	19	4.86	17	6
2016-09-05	0	6.11	20	5
2016-09-06	0	4.12	24	7
2016-09-07	0	4.39	24	8
2016-09-08	0	4.74	26	8
2016-09-09	0	3.83	24	8
2016-09-10	0	5.4	20	8
2016-09-11	0	4.97	26	6
2016-09-12	0	4.74	25	8
2016-09-13	0	5.13	26	8
2016-09-14	0	5.79	22	9
2016-09-15	0	5.4	28	9
2016-09-16	0	4.37	21	9
2016-09-17	0	5.13	26	8
2016-09-18	0	4.24	20	8
2016-09-19	0	4.86	19	7
2016-09-20	4	6.97	20	8
2016-09-21	3	6.48	24	7
2016-09-22	2	4.95	25	7
2016-09-23	0	4.63	24	8
2016-09-24	0	4.04	22	8
2016-09-25	0.01	5.13	24	7
2016-09-26	8	6.87	22	7
2016-09-27	32	10.25	16	6
2016-09-28	24	9.05	18	6
2016-09-29	0	4.51	19	6
2016-09-30	0	4.4	19	6
2016-10-01	0	4.27	24	8
2016-10-02	0	4.96	26	9
2016-10-03	0	4.62	26	9
2016-10-04	0	5.11	26	9
2016-10-05	0	5.15	27	9
2016-10-06	0	5.04	25	10
2016-10-07	5	6.65	24	8
2016-10-08	32	5.42	24	8
2016-10-09	24	2.88	18	8
2016-10-10	0	4.14	22	7
2016-10-11	0	4.26	24	7
2016-10-12	0	3.61	22	8
2016-10-13	0	4.51	18	7
2016-10-14	0	3.28	20	6
2016-10-15	0	4.52	22	8
2016-10-16	0	3.67	24	8
2016-10-17	0	3.68	26	9
2016-10-18	0	4.68	25	9
2016-10-19	0	3.46	26	9
2016-10-20	7	9.19	26	9
2016-10-21	6	1.24	18	9
2016-10-22	5	0.11	18	6
2016-10-23	0	3.59	17	6
2016-10-24	0	4.34	18	5
2016-10-25	0	3.44	20	6
2016-10-26	3	5.63	22	7
2016-10-27	0.01	3.37	18	7
2016-10-28	0	3.93	16	6
2016-10-29	0	4.41	18	5
2016-10-30	0	6.87	18	6
2016-10-31	0	4.22	22	6
2016-11-01	0	3.8	21	7
2016-11-02	4	2.14	20	7
2016-11-03	0	3.86	16	7
2016-11-04	12	1.77	15	6
2016-11-05	0.01	3.22	18	6
2016-11-06	0	4.15	20	7
2016-11-07	0	4.26	18	7
2016-11-08	26	3.6	18	6
2016-11-09	30	2.85	16	6
2016-11-10	0.01	2.17	16	6
2016-11-11	0	3.41	16	6
2016-11-12	0	3.61	17	6
2016-11-13	0	5.3	19	7
2016-11-14	0	5.09	19	7
2016-11-15	0.01	3.81	20	7
2016-11-16	0.01	3.78	22	7
2016-11-17	0	4.17	19	8
2016-11-18	4	4.83	19	7
2016-11-19	5	2.2	19	6
2016-11-20	0	4.95	24	7
2016-11-21	0	5.28	26	8
2016-11-22	0	4.88	25	10
2016-11-23	0	4.84	26	9
2016-11-24	0	5.51	26	9
2016-11-25	0	4.51	20	10
2016-11-26	0	4.85	22	9
2016-11-27	0	5.45	24	10
2016-11-28	0	4.12	26	11
2016-11-29	0	4.41	26	10
2016-11-30	0	5.47	26	11
2016-12-01	0	5.15	26	10
2016-12-02	0	4.57	27	9
2016-12-03	0	5.37	28	9
2016-12-04	0	5.23	28	7
2016-12-05	0	4.62	26	6
2016-12-06	0	4.78	26	6
2016-12-07	0	5.54	27	7
2016-12-08	0	5.05	24	8
2016-12-09	0	4.68	25	6
2016-12-10	0	4.55	28	7
2016-12-11	0	4.77	26	7
2016-12-12	0	5.39	27	6
2016-12-13	0	5.1	26	8
2016-12-14	0	4.66	25	7
2016-12-15	0	2.48	24	6
2016-12-16	0	2.93	22	6
2016-12-17	0	4.08	20	7
2016-12-18	3	5.92	19	8
2016-12-19	0	4.39	22	5
2016-12-20	0	4.87	24	6
2016-12-21	0	4.3	26	6
2016-12-22	0	5.45	26	7
2016-12-23	0	4.67	25	7
2016-12-24	0	5.05	26	6
2016-12-25	0	5.33	26	8
2016-12-26	0	5.18	20	8
2016-12-27	0	4.64	18	6
2016-12-28	3	6.26	20	5
2016-12-29	0	4.52	20	6
2016-12-30	0	5.53	21	6
2016-12-31	0	4.5	26	6
2017-01-01	0	5.09	26	9
2017-01-02	0	4.91	27	9
2017-01-03	0	5.52	27	8
2017-01-04	0	4.75	27	9
2017-01-05	0	4.88	26	8
2017-01-06	0	4.88	20	8
2017-01-07	0	5.37	20	8
2017-01-08	0	4.93	18	7
2017-01-09	0	4.75	22	6
2017-01-10	0	5.34	22	5
2017-01-11	0	4.92	21	6
2017-01-12	0	3.74	20	6
2017-01-13	0	3.74	22	7
2017-01-14	0	4.21	20	7
2017-01-15	0	4.37	21	6
2017-01-16	0	4.77	22	8
2017-01-17	0	4.96	22	7
2017-01-18	0	4.72	23	8
2017-01-19	0	5.35	23	8
2017-01-20	0	4.71	24	8
2017-01-21	0	5.35	25	9
2017-01-22	0	5.07	26	8
2017-01-23	0	4.58	26	9
2017-01-24	0	5.27	24	9
2017-01-25	0	4.27	25	8
2017-01-26	0	4.93	23	8
2017-01-27	0	5.07	20	9
2017-01-28	0	5.26	19	7
2017-01-29	0	4.81	20	7
2017-01-30	0	5.28	22	7
2017-01-31	0	4.48	24	8
2017-02-01	0	5.42	26	8
2017-02-02	0	4.54	25	8
2017-02-03	0	5.21	26	9
2017-02-04	0	4.91	24	7
2017-02-05	0	4.78	25	7
2017-02-06	0	5.36	24	9
2017-02-07	0	5.54	22	9
2017-02-08	0	3.86	23	9
2017-02-09	0	3.82	24	8
2017-02-10	0	3.61	25	9
2017-02-11	0	4.49	23	9
2017-02-12	0	3.83	23	8
2017-02-13	0	3.58	22	8
2017-02-14	0	4.45	20	7
2017-02-15	0	3.67	22	7
2017-02-16	0	4.09	21	7
2017-02-17	0	4.44	20	7
2017-02-18	0	3.76	19	8
2017-02-19	0	3.76	18	8
2017-02-20	0	4.15	20	8
2017-02-21	0	3.78	20	7
2017-02-22	0	4.17	18	6
2017-02-23	0	4.43	20	7
2017-02-24	0	5.22	19	8
2017-02-25	0	3.87	21	7
2017-02-26	0	4.24	22	7
2017-02-27	0	3.34	22	8
2017-02-28	0	4.98	22	8
2017-03-01	0	5.36	23	9
2017-03-02	0	4.81	23	9
2017-03-03	0.01	5.15	22	8
2017-03-04	4	6.95	22	8
2017-03-05	0	4.35	18	8
2017-03-06	0	3.75	22	7
2017-03-07	0	4.4	21	7
2017-03-08	0	4.91	20	7
2017-03-09	4	5.73	20	8
2017-03-10	0	4.87	17	8
2017-03-11	11	0.28	20	7
2017-03-12	16	0.63	19	8
2017-03-13	0	3.44	21	8
2017-03-14	2	4.95	22	9
2017-03-15	0	4.15	21	9
2017-03-16	0	4.43	22	9
2017-03-17	0	4.13	23	7
2017-03-18	0	4.75	21	9
2017-03-19	0	5.06	22	8
2017-03-20	0	4.88	22	8
2017-03-21	0	5.31	23	9
2017-03-22	0	4.59	21	7
2017-03-23	0	5.45	25	9
2017-03-24	0	5.16	25	9
2017-03-25	0	4.84	26	9
2017-03-26	6	9.2	26	8
2017-03-27	0	4.93	25	8
2017-03-28	0	5.13	27	9
2017-03-29	0	4.57	27	9
2017-03-30	0	5.57	27	9
2017-03-31	0	4.17	27	9
2017-04-01	0	4.85	26	9
2017-04-02	0	5.08	27	9
2017-04-03	0	4.75	27	9
2017-04-04	0	5.07	27	8
2017-04-05	0	5.22	26	7
2017-04-06	0	5.22	22	7
2017-04-07	0	4.57	24	8
2017-04-08	0	4.83	25	8
2017-04-09	0	5.38	26	8
2017-04-10	0	5.14	26	9
2017-04-11	0	4.86	27	9
2017-04-12	0	4.69	26	9
2017-04-13	0	4.85	26	9
2017-04-14	0	5.15	25	9
2017-04-15	0	5.21	24	8
2017-04-16	0.01	5.05	22	8
2017-04-17	4	7.54	20	9
2017-04-18	0	5.2	27	6
2017-04-19	0	4.78	26	9
2017-04-20	0	3.7	26	5
2017-04-21	0	5.51	25	5
2017-04-22	0	4.82	24	6
2017-04-23	0	5.09	24	9
2017-04-24	0	4.81	25	8
2017-04-25	0	5.27	26	9
2017-04-26	0	4.77	26	9
2017-04-27	0	4.65	26	9
2017-04-28	0	5.16	27	8
2017-04-29	0	4.77	27	8
2017-04-30	0	5.15	27	9
2017-05-01	0	6.5	27	9
2017-05-02	0	5.55	26	10
2017-05-03	0	5.43	21	8
2017-05-04	0	3.74	20	8
2017-05-05	0	1.4	19	9
2017-05-06	0	4.83	24	9
2017-05-07	18	1.31	20	10
2017-05-08	14	9.78	22	8
2017-05-09	11	7.74	23	8
2017-05-10	0	4.61	24	8
2017-05-11	0	4.05	22	9
2017-05-12	0	3.78	23	8
2017-05-13	9	3.87	24	8
2017-05-14	0	4.78	26	9
2017-05-15	0	5.48	28	10
2017-05-16	0	6.25	29	11
2017-05-17	0	5.76	29	11
2017-05-18	0	6.13	30	11
2017-05-19	0	5.13	29	11
2017-05-20	0	1.03	28	10
2017-05-21	0	1.42	30	11
2017-05-22	0	4.92	29	11
2017-05-23	0	6.38	22	10
2017-05-24	0	5.97	30	10
2017-05-25	0	5.95	30	10
2017-05-26	0	4.57	26	11
2017-05-27	0	4.74	26	9
2017-05-28	0.01	5.74	27	8
2017-05-29	0	4.73	22	9
2017-05-30	0	4.11	21	8
2017-05-31	0	4.34	22	8
2017-06-01	0	4.38	22	10
2017-06-02	0	3.98	23	10
2017-06-03	0	4.77	24	11
2017-06-04	0	5.08	24	11
2017-06-05	0	4.75	24	11
2017-06-06	19	2.24	26	12
2017-06-07	18	8.64	22	12
2017-06-08	0	0.4	24	10
2017-06-09	0	5.79	26	12
2017-06-10	0	4.86	27	12
2017-06-11	0	4.65	26	12
2017-06-12	0	4.1	22	12
2017-06-13	0	5.06	26	9
2017-06-14	0	5.65	26	12
2017-06-15	0	5.65	26	12
2017-06-16	0	4.85	26	11
2017-06-17	0	4.65	25	11
2017-06-18	0	4.45	26	11
2017-06-19	0	0.31	26	12
2017-06-20	0	0.24	24	11
2017-06-21	0	4.71	25	11
2017-06-22	0	4.64	24	12
2017-06-23	0	5.35	26	11
2017-06-24	0	5.2	21	12
2017-06-25	0	4.57	19	10
2017-06-26	11	4.25	19	8
2017-06-27	0	4.17	20	8
2017-06-28	14	0.85	22	8
2017-06-29	8	6.99	20	8
2017-06-30	0	7.87	20	8
2017-07-01	0	4.65	22	12
2017-07-02	0	5.12	21	11
2017-07-03	0	5.33	22	12
2017-07-04	0	4.45	19	11
2017-07-05	0	5.35	21	10
2017-07-06	4	0.92	20	10
2017-07-07	0	3.86	22	11
2017-07-08	6	0.29	20	12
2017-07-09	0	3.92	22	10
2017-07-10	14	2.72	19	12
2017-07-11	22	4.39	22	10
2017-07-12	0	4.61	23	12
2017-07-13	0	4.96	21	12
2017-07-14	0	5.45	21	11
2017-07-15	0	4.43	22	11
2017-07-16	0.01	4.7	24	10
2017-07-17	0	4.67	25	12
2017-07-18	0	4.78	25	13
2017-07-19	0	5.03	24	13
2017-07-20	0	5.52	23	12
2017-07-21	0	5.02	24	11
2017-07-22	0	5.02	20	12
2017-07-23	0	4.85	18	12
2017-07-24	0.01	5.37	17	10
2017-07-25	18	5.34	22	9
2017-07-26	0	5.19	24	10
2017-07-27	0	3.68	26	10
2017-07-28	0	5.75	27	11
2017-07-29	0	5.78	26	12
2017-07-30	0	4.72	26	13
2017-07-31	0	5.13	26	13
2017-08-01	0	5.22	25	13
2017-08-02	0	4.73	25	14
2017-08-03	0	4.87	24	14
2017-08-04	0	3.8	25	13
2017-08-05	0	6.65	26	14
2017-08-06	0	4.6	26	12
2017-08-07	0	5.54	24	12
2017-08-08	0	4.66	21	11
2017-08-09	26	1.05	17	11
2017-08-10	0	0.03	20	9
2017-08-11	0	4.67	21	10
2017-08-12	0	5.47	24	9
2017-08-13	0	5.07	23	12
2017-08-14	0	5.08	21	13
2017-08-15	6	3.61	22	12
2017-08-16	14	3.02	20	13
2017-08-17	0	5.21	22	12
2017-08-18	0	4.56	24	13
2017-08-19	0	5.73	20	13
2017-08-20	0	4.55	25	13
2017-08-21	6	1.72	22	12
2017-08-22	0	5.62	21	12
2017-08-23	0	5.15	23	11
2017-08-24	0	4.22	23	12
2017-08-25	0	4.81	22	13
2017-08-26	0	4.65	22	12
2017-08-27	0	5.4	21	11
2017-08-28	0.01	2.84	17	10
2017-08-29	0.01	4.25	17	9
2017-08-30	0	3.05	18	9
2017-08-31	0	5.03	17	9
2017-09-01	0.01	4.14	17	10
2017-09-02	12	1.83	16	10
2017-09-03	0	4.49	18	11
2017-09-04	0	3.83	18	11
2017-09-05	26	5.1	16	12
2017-09-06	16	3.38	16	11
2017-09-07	31	5.63	17	11
2017-09-08	17	7.09	16	10
2017-09-09	14	1.88	15	10
2017-09-10	24	0.87	17	9
2017-09-11	0	3.73	19	10
2017-09-12	0	5.03	22	10
2017-09-13	0	5.14	22	13
2017-09-14	0	5.25	22	13
2017-09-15	0	4.95	23	14
2017-09-16	0	3.65	24	12
2017-09-17	0	4.28	21	13
2017-09-18	0	4.92	22	12
2017-09-19	0	4.71	23	15
2017-09-20	0	5.07	24	12
2017-09-21	0	4.8	24	13
2017-09-22	0	5.62	23	13
2017-09-23	13	3.38	22	13
2017-09-24	24	3.5	21	11
2017-09-25	0	4.53	23	10
2017-09-26	0	5.66	24	10
2017-09-27	14	1.51	18	12
2017-09-28	28	1.74	18	10
2017-09-29	16	1.63	19	10
2017-09-30	0	4.31	19	11
2017-10-01	34	9.46	18	12
2017-10-02	26	1.49	17	11
2017-10-03	32	1.27	18	11
2017-10-04	9	5.31	19	12
2017-10-05	0.01	3.96	17	12
2017-10-06	0	4.68	21	10
2017-10-07	0	3.83	22	12
2017-10-08	0	4.24	22	12
2017-10-09	0	4.2	21	13
2017-10-10	36	1.05	16	14
2017-10-11	24	1.31	16	11
2017-10-12	16	9.86	22	11
2017-10-13	0	4.14	22	12
2017-10-14	0	2.61	19	12
2017-10-15	7	5.4	15	11
2017-10-16	4	5.05	15	8
2017-10-17	0	2.92	19	8
2017-10-18	0	4.03	20	9
2017-10-19	0	1.45	19	9
2017-10-20	0	4.5	20	10
2017-10-21	0	4.53	20	11
2017-10-22	0	5.2	21	10
2017-10-23	10	2.77	17	9
2017-10-24	7	5.43	18	8
2017-10-25	0	5.6	19	8
2017-10-26	0	5.1	20	9
2017-10-27	0	4.87	21	10
2017-10-28	0	4.93	22	11
2017-10-29	0	5.3	21	10
2017-10-30	0	2.79	22	8
2017-10-31	0	4.3	22	9
2017-11-01	0	5.19	22	9
2017-11-02	0	4.49	23	9
2017-11-03	0	4.43	23	8
2017-11-04	0	4.73	23	9
2017-11-05	0	5.27	23	9
2017-11-06	0	4.51	23	9
2017-11-07	0	5.23	24	8
2017-11-08	0	4.26	19	9
2017-11-09	0	3.37	19	9
2017-11-10	0	4.41	19	9
2017-11-11	0	4.24	17	8
2017-11-12	6	1	17	9
2017-11-13	0	3.55	17	8
2017-11-14	0	4.12	19	8
2017-11-15	0	3.75	20	8
2017-11-16	0	3.81	22	4
2017-11-17	0	4.64	19	9
2017-11-18	0	3.94	18	4
2017-11-19	0.01	3.41	20	8
2017-11-20	0	4.01	21	9
2017-11-21	0	4.23	16	9
2017-11-22	0	4.41	16	7
2017-11-23	0	3.8	18	2
2017-11-24	0	4.22	18	2
2017-11-25	0	3.63	19	6
2017-11-26	0	3.72	17	5
2017-11-27	0	4.78	19	4
2017-11-28	0	3.75	17	6
2017-11-29	0	4.18	17	3
2017-11-30	0	3.92	19	3
2017-12-01	0	3.85	20	2
2017-12-02	0	3.93	19	1
2017-12-03	0	5.16	22	6
2017-12-04	0	5.08	22	7
2017-12-05	0	4.6	20	7
2017-12-06	0	5.43	13	6
2017-12-07	0	2.7	16	-1
2017-12-08	0	3.85	15	-2
2017-12-09	0	3.48	16	-1
2017-12-10	0	3.8	15	1
2017-12-11	0	4.21	18	1
2017-12-12	0	3.89	19	3
2017-12-13	0	3.62	21	4
2017-12-14	0	4.33	19	4
2017-12-15	0	8.25	18	6
2017-12-16	0	3.64	19	4
2017-12-17	0	3.82	20	6
2017-12-18	0	4.43	21	5
2017-12-19	0	3.36	22	6
2017-12-20	0	4.17	22	7
2017-12-21	0	5.47	22	7
2017-12-22	0	4.97	22	7
2017-12-23	0	4.68	23	9
2017-12-24	0	4.98	23	9
2017-12-25	0	4.9	24	8
2017-12-26	0	5.11	22	9
2017-12-27	0	4.79	24	10
2017-12-28	0	5.22	24	10
2017-12-29	0	5.11	22	5
2017-12-30	0	4.87	21	7
2017-12-31	0	4.9	19	7
2018-01-01	0	4.67	20	5
2018-01-02	0	3.58	18	7
2018-01-03	0	4.73	19	6
2018-01-04	0	4.44	20	7
2018-01-05	0	4.28	20	7
2018-01-06	0	3.85	19	2
2018-01-07	0	3.78	18	4
2018-01-08	0	4.17	18	4
2018-01-09	0	4.21	20	3
2018-01-10	0	3.76	22	7
2018-01-11	0	3.21	16	9
2018-01-12	0	2.57	16	8
2018-01-13	0	3.35	17	5
2018-01-14	0	3.14	16	5
2018-01-15	0	2.55	17	3
2018-01-16	0	2.97	14	2
2018-01-17	0	3.39	15	2
2018-01-18	0	2.79	19	2
2018-01-19	0	4.24	20	4
2018-01-20	0	3.43	21	5
2018-01-21	0	4.09	22	5
2018-01-22	0	4.2	18	7
2018-01-23	19	2.35	16	7
2018-01-24	0	3.94	14	5
2018-01-25	0	3.52	16	4
2018-01-26	0	4.28	17	6
2018-01-27	0	3.72	17	7
2018-01-28	14	3.02	15	7
2018-01-29	0.01	3.44	16	1
2018-01-30	0	4.25	17	1
2018-01-31	0	3.74	16	4
2018-02-01	0	4.17	17	7
2018-02-02	0	3.64	19	7
2018-02-03	0	3.76	21	9
2018-02-04	0	4.3	21	8
2018-02-05	0	3.37	19	9
2018-02-06	0	4.15	18	9
2018-02-07	0.01	2.42	13	9
2018-02-08	10	1.58	16	6
2018-02-09	0	4.35	17	4
2018-02-10	0	3.38	19	5
2018-02-11	0	4.57	19	6
2018-02-12	0	4.21	20	7
2018-02-13	0	3.95	21	8
2018-02-14	0	3.32	21	9
2018-02-15	0	4.4	20	9
2018-02-16	0	4.11	21	6
2018-02-17	0	3.86	22	7
2018-02-18	0	3.91	21	8
2018-02-19	0	3.99	21	9
2018-02-20	8	0.2	20	9
2018-02-21	0	4.15	21	8
2018-02-22	0	4.22	20	9
2018-02-23	0	3.56	20	8
2018-02-24	12	3.3	21	9
2018-02-25	0	4.14	20	9
2018-02-26	0	4.26	21	8
2018-02-27	0	3.57	22	9
2018-02-28	0	7.64	22	8
2018-03-01	0	3.9	21	8
2018-03-02	0	5.57	22	8
2018-03-03	0	4.62	22	9
2018-03-04	0	5.15	23	9
2018-03-05	0	4.66	24	9
2018-03-06	0	4.51	18	9
2018-03-07	0	4.49	21	7
2018-03-08	0	5.24	23	9
2018-03-09	0	5.11	24	8
2018-03-10	0	5.27	24	9
2018-03-11	0	4.55	22	9
2018-03-12	0	5.55	23	7
2018-03-13	0	4.71	20	8
2018-03-14	0	5.12	25	9
2018-03-15	0	4.49	25	9
2018-03-16	0	5.13	26	9
2018-03-17	0	5.13	27	9
2018-03-18	0	5.02	29	9
2018-03-19	0	5.27	24	9
2018-03-20	0	4.85	25	10
2018-03-21	0	5.28	24	9
2018-03-22	0	4.89	26	9
2018-03-23	0	5.11	28	10
2018-03-24	0	4.48	29	11
2018-03-25	0	4.98	31	12
2018-03-26	0	6.44	31	13
2018-03-27	0	6.1	32	12
2018-03-28	0	5.08	27	11
2018-03-29	0	4.62	21	7
2018-03-30	0	5.3	22	8
2018-03-31	0	4.93	20	8
2018-04-01	0	5.48	27	11
2018-04-02	0	4.35	29	13
2018-04-03	0	5.51	23	13
2018-04-04	0	4.71	26	11
2018-04-05	6	0.92	28	12
2018-04-06	0	5.03	27	13
2018-04-07	0	5.26	28	12
2018-04-08	0	4.57	29	13
2018-04-09	0	5.23	24	13
2018-04-10	0	5.08	19	11
2018-04-11	10	3.69	21	11
2018-04-12	0	3.83	25	12
2018-04-13	0	4.37	28	12
2018-04-14	0	4.11	20	12
2018-04-15	NULO	3.35	24	9
2018-04-16	0	5.32	26	9
2018-04-17	0	4.59	27	11
2018-04-18	0	5.75	22	12
2018-04-19	0	3.9	26	10
2018-04-20	0	4.95	27	12
2018-04-21	0	4.03	26	12
2018-04-22	0	3.66	25	12
2018-04-23	0	1.41	26	13
2018-04-24	0	3.79	26	13
2018-04-25	0	5.28	25	13
2018-04-26	0	3.47	24	11
2018-04-27	0	3.97	25	12
2018-04-28	0	5.62	26	12
2018-04-29	0	4.9	26	12
2018-04-30	0	5.34	26	13
2018-05-01	16	5.47	26	13
2018-05-02	0	4.48	24	14
2018-05-03	0	6.03	24	14
2018-05-04	0	4.03	22	13
2018-05-05	0	6.19	21	11
2018-05-06	0	5.11	20	11.1
2018-05-07	0	4.16	22	10
2018-05-08	0	9.51	24	10
2018-05-09	0	0.68	24	11
2018-05-10	0	5.59	26	12
2018-05-11	0	6.15	27	12
2018-05-12	0	4.74	26	12
2018-05-13	0	4.86	17	12
2018-05-14	0	5.38	27	12
2018-05-15	0	4.77	26	12
2018-05-16	0	5.26	27	12
2018-05-17	0	5.4	28	12
2018-05-18	0	5.49	26	12
2018-05-19	0	5.83	27	12
2018-05-20	0	5.28	28	12
2018-05-21	0	5.82	28	12
2018-05-22	0	5.75	28	12
2018-05-23	0	5.68	28	12
2018-05-24	0	6.12	26	12
2018-05-25	0	5.23	27	11
2018-05-26	0	5.23	27	11
2018-05-27	0	5.9	29	11
2018-05-28	0	7.66	30	12
2018-05-29	0	1.27	32	13
2018-05-30	0	1.28	32	13
2018-05-31	0	5.85	28	13
2018-06-01	0	1.62	27	12
2018-06-02	0	5.89	26	12
2018-06-03	0	5.48	27	11
2018-06-04	0	6.17	28	11
2018-06-05	0	6.17	27	12
2018-06-06	0	5.08	25	11
2018-06-07	0	5.2	25	11
2018-06-08	6	4.86	24	13
2018-06-09	0	5.16	25	13
2018-06-10	0	5.27	26	13
2018-06-11	32	3.68	22	14
2018-06-12	14	4.66	20	14
2018-06-13	18	4.89	20	14
2018-06-14	0	5.26	23	13
2018-06-15	0	5.91	24	14
2018-06-16	0	5.63	22	13
2018-06-17	0	5.19	21	14
2018-06-18	16	6.58	22	14
2018-06-19	15	3.12	21	13
2018-06-20	17	5.84	24	13
2018-06-21	0	4.97	23	12
2018-06-22	5	6.94	26	13
2018-06-23	0	4.54	23	12
2018-06-24	0	5.43	22	12
2018-06-25	4	7.72	23	14
2018-06-26	7	0.05	24	12
2018-06-27	6	9.32	23	13
2018-06-28	0	3.51	23	13
2018-06-29	15	3.34	24	13
2018-06-30	0	4.66	24	13
2018-07-01	0	5.35	24	13
2018-07-02	0	5.11	22	12
2018-07-03	28	8.02	21	13
2018-07-04	6	1.8	27	12
2018-07-05	0	5.2	22	12
2018-07-06	0	4.87	22	13
2018-07-07	0	4.68	22	12
2018-07-08	0	5.14	21	12
2018-07-09	3	5.85	22	11
2018-07-10	0	4.77	23	11
2018-07-11	0	5.36	24	11
2018-07-12	0	4.67	24	11
2018-07-13	0	5.42	24	12
2018-07-14	0	5.22	25	13
2018-07-15	0	5.28	24	13
2018-07-16	2	4.42	26	12
2018-07-17	11	2.79	24	11
2018-07-18	0	4.94	25	12
2018-07-19	0	4.82	26	12
2018-07-20	0	5.5	27	9
2018-07-21	0	4.72	27	11
2018-07-22	0	5.44	26	13
2018-07-23	0	4.8	26	12
2018-07-24	0	4.53	25	12
2018-07-25	0	5.65	25	13
2018-07-26	0	5.12	25	12
2018-07-27	10	3.23	26	14
2018-07-28	0	5.65	26	12
2018-07-29	0	4.82	25	12
2018-07-30	0	5.18	26	12
2018-07-31	0	5.67	25	11
2018-08-01	0	5.41	22	11
2018-08-02	36	7.32	22	10
2018-08-03	10	3.92	20	12
2018-08-04	12	1.28	21	13
2018-08-05	3	6.22	19	12
2018-08-06	0	4.31	21	12
2018-08-07	0	3.75	23	12
2018-08-08	0	3.58	24	12
2018-08-09	0	5	23	11
2018-08-10	0	3.94	24	13
2018-08-11	0	4.18	21	11
2018-08-12	0	3.77	22	12
2018-08-13	22	6.37	23	12
2018-08-14	14	3.77	22	11
2018-08-15	9	4.64	23	11
2018-08-16	0	6.78	23	11
2018-08-17	0	4.17	24	12
2018-08-18	0	4.16	25	12
2018-08-19	0	4.14	24	12
2018-08-20	0	4.28	22	12
2018-08-21	0	3.25	24	12
2018-08-22	0	4.08	26	11
2018-08-23	0	4.79	26	12
2018-08-24	0	3.23	24	12
2018-08-25	0	4.38	25	11
2018-08-26	0	4.25	24	12
2018-08-27	0	3.57	22	13
2018-08-28	0.01	2.44	22	13
2018-08-29	4	5.57	22	12
2018-08-30	0	4.28	23	12
2018-08-31	0	3.87	24	12
2018-09-01	24	1.88	25	14
2018-09-02	0	5.14	24	13
2018-09-03	0	5.28	25	12
2018-09-04	0	4.5	24	13
2018-09-05	0	4.85	22	12
2018-09-06	0	3.5	23	12
2018-09-07	0	4.31	22	13
2018-09-08	0	1.38	23	12
2018-09-09	0	5.77	24	12
2018-09-10	0	3.92	23	13
2018-09-11	26	4.83	21	13
2018-09-12	32	6.17	21	12
2018-09-13	0	4.24	22	11
2018-09-14	0	3.41	22	12
2018-09-15	0	4.43	21	11
2018-09-16	4	6.25	22	11
2018-09-17	0	5.67	22	12
2018-09-18	0	4.15	24	12
2018-09-19	0	3.55	24	13
2018-09-20	0	3.93	24	12
2018-09-21	6	9.22	24	13
2018-09-22	0	3.88	22	12
2018-09-23	0	3.78	23	11
2018-09-24	0	4.44	23	12
2018-09-25	0	4.06	22	11
2018-09-26	0	4.27	22	11
2018-09-27	0.01	3.27	22	12
2018-09-28	0	4.21	23	12
2018-09-29	0	3.77	23	12
2018-09-30	0	5.6	21	13
2018-10-01	0.01	4.12	22	11
2018-10-02	2	3.54	21	11
2018-10-03	0	1.29	22	10
2018-10-04	0	3.78	23	12
2018-10-05	0	5.32	24	12
2018-10-06	0	4.67	24	13
2018-10-07	3	3.81	24	13
2018-10-08	30	6.44	25	12
2018-10-09	0	4.98	23	12
2018-10-10	0	4.17	22	13
2018-10-11	0	3.5	23	13
2018-10-12	0	5.43	24	12
2018-10-13	0	3.61	24	14
2018-10-14	18	1.21	23	14
2018-10-15	6	0.11	20	12
2018-10-16	0	3.11	16	12
2018-10-17	7	2.01	15	13
2018-10-18	0	3.62	19	12
2018-10-19	0.01	3.18	13	12
2018-10-20	14	1.68	17	11
2018-10-21	19	6.28	21	11
2018-10-22	0	3.55	23	11
2018-10-23	0	4.17	24	11
2018-10-24	0	5.35	24	11
2018-10-25	0	2.82	16	13
2018-10-26	11	1.86	17	13
2018-10-27	3	4.32	18	13
2018-10-28	4	2.25	21	13
2018-10-29	0	2.43	25	12
2018-10-30	4	5.42	25	12
2018-10-31	15	2.03	23	13
2018-11-01	4	6.96	16	12
2018-11-02	0	3.56	20	11
2018-11-03	5	7.42	19	11
2018-11-04	0	4.61	23	10
2018-11-05	0	5.32	24	12
2018-11-06	0	4.8	25	11
2018-11-07	0	4.71	23	11
2018-11-08	0	5.42	24	9
2018-11-09	0	3.87	17	11
2018-11-10	0	3.8	22	9
2018-11-11	0	4.17	23	11
2018-11-12	14	2.24	12	10
2018-11-13	7	2.14	12	1
2018-11-14	0	3.67	16	2
2018-11-15	0	3.79	20	4
2018-11-16	0	5.18	22	4
2018-11-17	0	5.14	22	5
2018-11-18	0	4.82	24	7
2018-11-19	0	3.68	21	8
2018-11-20	0	4.63	23	9
2018-11-21	0	4.12	23	8
2018-11-22	0	2.38	26	9
2018-11-23	0	3.88	26	9
2018-11-24	0	4.12	20	10
2018-11-25	0	3.46	15	11
2018-11-26	0	4.27	18	7
2018-11-27	0.01	4.37	18	8
2018-11-28	13	1.59	19	10
2018-11-29	8	2.06	15	12
2018-11-30	0	5.35	24	11
2018-12-01	0	4.53	23	10
2018-12-02	0	5.45	24	10
2018-12-03	6	5.12	18	10
2018-12-04	6	4.56	17	10
2018-12-05	0	4.77	21	9
2018-12-06	0	5.53	24	9
2018-12-07	0	4.47	24	9
2018-12-08	6	3.89	18	11
2018-12-09	0	4.07	14	8
2018-12-10	0	3.73	19	6
2018-12-11	0	4.23	22	6
2018-12-12	0	3.53	23	7
2018-12-13	0	4.55	19	6
2018-12-14	0	6.55	12	5
2018-12-15	0	4.32	18	5
2018-12-16	0	4.05	20	7
2018-12-17	0	5.28	27	4
2018-12-18	0	4.92	23	4
2018-12-19	0	4.08	18	5
2018-12-20	0	5.09	18	5
2018-12-21	0	4.95	22	6
2018-12-22	0	5.28	21	6
2018-12-23	0	3.86	19	7
2018-12-24	0	3.97	21	8
2018-12-25	0	4.68	23	6
2018-12-26	0	4.38	23	7
2018-12-27	0	3.42	24	8
2018-12-28	0	4.65	24	8
2018-12-29	0	3.89	24	7
2018-12-30	0	3.68	24	9
2018-12-31	0	1.21	24	8
2019-01-01	0	4.25	23	9
2019-01-02	0	3.88	23	9
2019-01-03	0	4.1	21	9
2019-01-04	0	3.99	23	8
2019-01-05	0	5.21	24	8
2019-01-06	0	3.52	24	6
2019-01-07	0	5.38	22	6
2019-01-08	0	4.62	12	6
2019-01-09	0	4.5	19	6
2019-01-10	0	4.21	23	7
2019-01-11	6	10.7	19	8
2019-01-12	3	7.93	16	10
2019-01-13	0	3.6	16	8
2019-01-14	0	4.07	18	7
2019-01-15	0	3.64	21	7
2019-01-16	0	4.11	20	8
2019-01-17	0	5.05	22	9
2019-01-18	0	4.5	21	9
2019-01-19	0	3.52	22	3
2019-01-20	0	5.4	25	3
2019-01-21	0	4.63	24	5
2019-01-22	0	5.17	23	6
2019-01-23	0	2.86	24	7
2019-01-24	0	4.29	21	7
2019-01-25	0	4.89	26	7
2019-01-26	0	4.81	16	9
2019-01-27	0	4.82	24	4
2019-01-28	0	5.48	19	6
2019-01-29	0	5.09	24	5
2019-01-30	0	4.62	24	4
2019-01-31	0	4.13	24	6
2019-02-01	0	4.27	25	7
2019-02-02	0	4.56	27	7
2019-02-03	0	5.62	27	8
2019-02-04	0	4.93	27	8
2019-02-05	0	4.63	28	9
2019-02-06	0	5.23	28	11
2019-02-07	0	3.53	15	11
2019-02-08	0	3.66	17	8
2019-02-09	0	3.3	23	7
2019-02-10	0	4.76	26	8
2019-02-11	0	2.63	17	9
2019-02-12	0	3.87	21	6
2019-02-13	0	4.46	27	6
2019-02-14	0	4.83	28	9
2019-02-15	0	4.8	31	11
2019-02-16	0	5.19	30	11
2019-02-17	0	4.82	29	11
2019-02-18	0	5.09	29	10
2019-02-19	0	5.09	28	9
2019-02-20	0	4.75	28	9
2019-02-21	0	5.63	28	9
2019-02-22	0	4.86	26	11
2019-02-23	0	2.64	18	9
2019-02-24	0	3.26	24	8
2019-02-25	0	4.86	27	10
2019-02-26	0	5.32	28	9
2019-02-27	0	4.65	29	9
2019-02-28	0	5.41	27	9
2019-03-01	0	4.64	28	11
2019-03-02	0	5.45	30	12
2019-03-03	0	3.58	26	13
2019-03-04	0	4.32	24	12
2019-03-05	0	3.91	24	8
2019-03-06	0	3.94	28	8
2019-03-07	0	4.94	29	11
2019-03-08	0	4.73	29	11
2019-03-09	0	5.48	28	12
2019-03-10	0	4.86	28	12
2019-03-11	0	4.46	27	11
2019-03-12	0	5.62	30	11
2019-03-13	0	4.58	29	12
2019-03-14	0	4.26	20	13
2019-03-15	0	3.56	22	9
2019-03-16	0	4.42	23	8
2019-03-17	0	4.03	22	10
2019-03-18	0	3.5	23	8
2019-03-19	0	4.22	24	9
2019-03-20	0	4.05	22	9
2019-03-21	0	1.57	23	9
2019-03-22	3	4.77	26	8
2019-03-23	0	4.8	27	8
2019-03-24	0	4.88	27	8
2019-03-25	0	5.68	24	7
2019-03-26	0	5.1	26	7
2019-03-27	0	4.42	27	6
2019-03-28	0	5.58	29	8
2019-03-29	0	4.62	30	10
2019-03-30	0	5.16	28	12
2019-03-31	0	5.04	24	8
2019-04-01	0	3.95	26	9
2019-04-02	0	4.55	27	11
2019-04-03	0	4.88	28	10
2019-04-04	0	4.34	27	11
2019-04-05	2	6.26	27	13
2019-04-06	1	4.84	28	11
2019-04-07	0	3.05	23	12
2019-04-08	0	5.13	24	10
2019-04-09	0	4.57	28	8
2019-04-10	0	5.41	31	9
2019-04-11	0	4.67	31	11
2019-04-12	0	5.25	31	11
2019-04-13	0	3.65	22	12
2019-04-14	0	5.19	28	8
2019-04-15	0	4.81	31	9
2019-04-16	0	5.4	30	12
2019-04-17	0	5.39	31	14
2019-04-18	0	5.26	22	11
2019-04-19	0	4.45	27	8
2019-04-20	0	5.1	30	10
2019-04-21	0	5.21	31	13
2019-04-22	0	5.24	30	13
2019-04-23	0.01	5.64	32	14
2019-04-24	0	5.13	29	13
2019-04-25	0	5.07	25	14
2019-04-26	0	4.7	29	11
2019-04-27	0	4.91	29	12
2019-04-28	0	5.15	29	15
2019-04-29	7	5.95	29	14
2019-04-30	4	9.14	30	13
2019-05-01	26	2.98	30	13
2019-05-02	0	5.22	31	14
2019-05-03	0	5.24	29	15
2019-05-04	0	4.52	27	15
2019-05-05	11	3.18	31	13
2019-05-06	0.01	3.82	31	13
2019-05-07	0	5.05	33	13
2019-05-08	0	5.54	30	13
2019-05-09	0	4.69	31	12
2019-05-10	0	5.36	31	14
2019-05-11	0	5.07	31	13
2019-05-12	0	4.39	32	14
2019-05-13	0	5.34	31	14
2019-05-14	0	4.63	28	14
2019-05-15	4	6.98	28	14
2019-05-16	0	3.59	29	14
2019-05-17	18	5.22	31	14
2019-05-18	0	5.34	31	14
2019-05-19	0	4.63	31	13
2019-05-20	0	5.04	32	14
2019-05-21	0	4.74	31	13
2019-05-22	0	5.1	28	13
2019-05-23	0	4.75	27	14
2019-05-24	0	5.12	27	13
2019-05-25	0	5.49	27	13
2019-05-26	0	4.66	28	13
2019-05-27	0	5.01	30	12
2019-05-28	0	4.69	31	13
2019-05-29	0	7.31	30	14
2019-05-30	0	9.42	27	13
2019-05-31	5	2.05	26	13
2019-06-01	3	2.1	24	14
2019-06-02	36	1.77	21	15
2019-06-03	30	2.85	21	14
2019-06-04	0	4.38	24	15
2019-06-05	4	5.73	24	16
2019-06-06	39	10.8	27	14
2019-06-07	0	5.29	30	14
2019-06-08	0	4.15	28	12
2019-06-09	0	3.85	26	11
2019-06-10	0.01	2.77	25	12
2019-06-11	0	3.4	24	12
2019-06-12	0	4.15	23	12
2019-06-13	0.01	2.39	24	12
2019-06-14	0	5.77	27	13
2019-06-15	0	4.32	29	12
2019-06-16	0	4.88	29	13
2019-06-17	0	1.61	28	14
2019-06-18	0	5.24	27	14
2019-06-19	56	3.79	27	16
2019-06-20	2	3.92	27	16
2019-06-21	47	6.87	27	16
2019-06-22	54	2.46	24	16
2019-06-23	0	4.12	24	16
2019-06-24	7	4.28	24	16
2019-06-25	0	5.64	25	15
2019-06-26	0	3.68	23	16
2019-06-27	0	4.4	22	12
2019-06-28	0	3.62	23	12
2019-06-29	0	4.32	25	11
2019-06-30	0	2.12	25	12
2019-07-01	0	4	24	13
2019-07-02	3	4.79	23	14
2019-07-03	0	3.68	25	13
2019-07-04	6	4.09	26	13
2019-07-05	0	5.18	27	13
2019-07-06	0	3.75	26	12
2019-07-07	0	4.36	25	11
2019-07-08	0	4.84	26	13
2019-07-09	0	4.81	25	13
2019-07-10	0	5.27	26	13
2019-07-11	3	5.72	24	13
2019-07-12	0	4.19	24	12
2019-07-13	6	2.32	25	13
2019-07-14	0	3.59	25	13
2019-07-15	0	3.93	26	12
2019-07-16	0	3.78	23	12
2019-07-17	0	4.17	25	12
2019-07-18	0	3.85	25	13
2019-07-19	0	4.39	24	12
2019-07-20	0	3.59	23	13
2019-07-21	10	2.92	24	12
2019-07-22	0	5.73	24	12
2019-07-23	0	5.92	23	12
2019-07-24	2	7.15	21	13
2019-07-25	4	3.86	22	12
2019-07-26	0	4.1	23	12
2019-07-27	0	4.18	23	14
2019-07-28	0	4.09	24	12
2019-07-29	3	4.89	24	12
2019-07-30	0	4.3	25	11
2019-07-31	0	4.96	25	10
2019-08-01	0	4.61	26	11
2019-08-02	0	5.09	26	11
2019-08-03	0	6.39	27	13
2019-08-04	0	4.54	25	13
2019-08-05	6	8.11	24	14
2019-08-06	32	11.8	24	14
2019-08-07	42	11.28	25	14
2019-08-08	0	4.76	26	13
2019-08-09	6	10.35	24	13
2019-08-10	0	5.14	25	14
2019-08-11	0	4.94	26	13
2019-08-12	0	4.72	27	12
2019-08-13	0	5.13	27	13
2019-08-14	0	5.15	22	13
2019-08-15	0	3.52	28	12
2019-08-16	0	5.48	27	12
2019-08-17	0	5.99	28	13
2019-08-18	0	5.73	26	14
2019-08-19	0	5.3	24	12
2019-08-20	0	4.35	25	12
2019-08-21	0	5.43	24	13
2019-08-22	118	2.17	25	14
2019-08-23	8	3.73	24	14
2019-08-24	20	8.5	26	5
2019-08-25	18	5.61	25	14
2019-08-26	0	6.56	26	14
2019-08-27	0	3.55	26	13
2019-08-28	0	1.09	26	12
2019-08-29	0	5.39	27	12
2019-08-30	0	9.37	26	11
2019-08-31	0	0.2	26	9
2019-09-01	0	5.29	25	12
2019-09-02	0	6.11	23	13
2019-09-03	0	4.37	27	13
2019-09-04	18	8.65	24	15
2019-09-05	12	3.38	25	14
2019-09-06	0	5.23	25	12
2019-09-07	0	5.34	24	13
2019-09-08	0	5.14	26	12
2019-09-09	0	5.44	24	13
2019-09-10	6	4.88	24	13
2019-09-11	0	5.42	22	12
2019-09-12	0	5.78	22	12
2019-09-13	3	6.21	20	13
2019-09-14	0	5.24	24	11
2019-09-15	0	4.92	25	12
2019-09-16	0	4.37	26	12
2019-09-17	0	5.58	24	14
2019-09-18	52	11.89	24	14
2019-09-19	38	2.37	26	13
2019-09-20	0	5.34	25	12
2019-09-21	0	5.87	26	13
2019-09-22	0	5.21	26	12
2019-09-23	0	4.14	26	12
2019-09-24	0	3.83	26	14
2019-09-25	16	4.69	26	13
2019-09-26	0	2.66	27	12
2019-09-27	0	4.52	25	14
2019-09-28	0	4.13	22	15
2019-09-29	0	4.43	23	15
2019-09-30	0	NULO	23	14
2019-10-01	0	5.22	24	13
2019-10-02	0	4.83	23	12
2019-10-03	0	5.3	24	12
2019-10-04	0	4.82	25	11
2019-10-05	0	4.9	24	12
2019-10-06	0	4.15	22	12
2019-10-07	3	3.76	20	12
2019-10-08	4	7.77	24	13
2019-10-09	0	5.79	26	11
2019-10-10	0	3.59	26	13
2019-10-11	3	7.07	20	14
2019-10-12	0	4.31	24	11
2019-10-13	0	4.83	25	12
2019-10-14	0	6.14	26	12
2019-10-15	2	3.84	21	11
2019-10-16	3	1.68	21	14
2019-10-17	2	0.54	23	13
2019-10-18	6	1.96	23	14
2019-10-19	0	4.72	26	14
2019-10-20	0	4.83	25	13
2019-10-21	82	15.75	17	14
2019-10-22	0	4.19	21	12
2019-10-23	0	4.36	23	11
2019-10-24	0	4.82	20	12
2019-10-25	0	3.8	22	16
2019-10-26	0	3.83	24	12
2019-10-27	0	4.73	24	12
2019-10-28	0	3.55	24	13
2019-10-29	0	4.06	25	13
2019-10-30	7	2.94	16	14
2019-10-31	0	5.45	26	8
2019-11-01	0	3.74	18	8
2019-11-02	4	2.26	18	12
2019-11-03	0	3.46	23	11
2019-11-04	0	4.38	18	12
2019-11-05	0.01	3.84	20	14
2019-11-06	0	4.2	23	12
2019-11-07	0.01	3.14	19	12
2019-11-08	0	2.91	19	12
2019-11-09	0	4.06	23	9
2019-11-10	0	3.55	25	11
2019-11-11	0	4.24	24	11
2019-11-12	0	4.24	21	16
2019-11-13	0	3.52	22	9
2019-11-14	0	3.81	15	11
2019-11-15	0	7.94	22	7
2019-11-16	0	4.53	23	9
2019-11-17	0	4.08	23	9
2019-11-18	0	3.64	23	9
2019-11-19	0	3.96	24	10
2019-11-20	0	4.8	25	11
2019-11-21	0	5.18	25	10
2019-11-22	0	5.31	23	10
2019-11-23	0	4.78	23	11
2019-11-24	0	4.82	26	11
2019-11-25	0	4.85	26	11
2019-11-26	0	5.3	25	12
2019-11-27	0	4.63	24	10
2019-11-28	0	5.45	26	11
2019-11-29	0	4.82	26	11
2019-11-30	0	4.78	23	11
2019-12-01	0	4.17	20	12
2019-12-02	0	3.84	24	7
2019-12-03	0	4.27	23	7
2019-12-04	0	3.59	23	6
2019-12-05	0	4.2	23	7
2019-12-06	0	4.47	21	6
2019-12-07	0	3.53	23	7
2019-12-08	0	3.15	26	6
2019-12-09	0	4.11	26	8
2019-12-10	0	4	14	9
2019-12-11	0	4.13	22	6
2019-12-12	0	3.68	23	8
2019-12-13	0	4.21	23	6
2019-12-14	0	3.73	24	6
2019-12-15	0	4.32	24	7
2019-12-16	0	4.06	20	8
2019-12-17	0	2.83	17	9
2019-12-18	0	2.81	17	8
2019-12-19	0	3.4	19	4
2019-12-20	0	2.91	15	7
2019-12-21	3	4.12	15	6
2019-12-22	0	7.62	19	7
2019-12-23	0	4.08	23	6
2019-12-24	0	4.2	24	7
2019-12-25	0	4.03	22	6
2019-12-26	0	3.48	23	7
2019-12-27	0	4.47	25	8
2019-12-28	0	4.18	23	9
2019-12-29	0	3.74	21	9
2019-12-30	0	3.81	22	8
2019-12-31	0	4.35	21	9
2020-01-01	0	3.42	24	9
2020-01-02	0	4.53	23	10
2020-01-03	0	3.96	14	6
2020-01-04	0	3.57	18	8
2020-01-05	0	4.23	22	13
2020-01-06	0	3.19	15	4
2020-01-07	0	3.48	15	3
2020-01-08	0	4.55	23	5
2020-01-09	0	3.67	24	6
2020-01-10	0	4.33	21	8
2020-01-11	0	3.71	21	6
2020-01-12	0	4.34	23	8
2020-01-13	0	3.3	23	9
2020-01-14	0	4.23	22	9
2020-01-15	0	4.39	20	9
2020-01-16	0	3.53	21	8
2020-01-17	0	3.89	21	9
2020-01-18	0.01	3.49	16	12
2020-01-19	7	0.32	11	8
2020-01-20	0	4.63	17	5
2020-01-21	0	3.66	23	6
2020-01-22	0	4.24	18	9
2020-01-23	0	3.39	17	10
2020-01-24	0	3.39	23	8
2020-01-25	0	4.44	22	7
2020-01-26	0	3.86	23	8
2020-01-27	0	4.4	24	5
2020-01-28	0	4.04	21	8
2020-01-29	0	3.93	24	6
2020-01-30	0	3.3	29	9
2020-01-31	0	NULO	14	9
2020-02-01	0	5.07	27	7
2020-02-02	0	4.32	25	9
2020-02-03	0	4.65	24	10
2020-02-04	0	2.97	16	12
2020-02-05	5	NULO	26	4
2020-02-06	0	4.07	26	7
2020-02-07	0	3.9	25	8
2020-02-08	0	3.9	27	8
2020-02-09	0	3.92	27	9
2020-02-10	0	5.06	28	11
2020-02-11	0	5.37	27	9
2020-02-12	0	3.19	17	9
2020-02-13	0	2.84	19	8
2020-02-14	0	3.59	24	7
2020-02-15	0	2.87	26	8
2020-02-16	0	4.17	27	8
2020-02-17	0	5.49	29	8
2020-02-18	0	4.65	24	8
2020-02-19	0	4.52	25	9
2020-02-20	0	3.43	16	9
2020-02-21	0	3.58	23	5
2020-02-22	0	5.37	28	8
2020-02-23	0	4.9	29	11
2020-02-24	0	4.87	28	11
2020-02-25	0	0.6	13	11
2020-02-26	0	4.09	19	2
2020-02-27	0	4.39	20	5
2020-02-28	0	4.19	25	6
2020-02-29	0	4.86	28	9
2020-03-01	0	4.83	30	15
2020-03-02	0	5.21	30	12
2020-03-03	0	5.06	30	11
2020-03-04	0	4.08	19	12
2020-03-05	0	3.75	20	8
2020-03-06	0	3.8	22	7
2020-03-07	0	4.42	21	8
2020-03-08	0	3.38	22	8
2020-03-09	0	4.24	23	10
2020-03-10	0	4.3	26	11
2020-03-11	0	3.87	28	9
2020-03-12	0	5.31	29	11
2020-03-13	0	4.26	27	11
2020-03-14	0	4.08	24	12
2020-03-15	0	4.66	23	12
2020-03-16	0	3.76	25	11
2020-03-17	0	4.1	23	11
2020-03-18	0	5.11	29	11
2020-03-19	0	4.72	28	12
2020-03-20	0	4.3	24	13
2020-03-21	0	4.78	28	11
2020-03-22	0	4.52	29	9
2020-03-23	0	5.71	31	8
2020-03-24	0	4.74	30	9
2020-03-25	0	4.93	31	10
2020-03-26	0	5.13	33	11
2020-03-27	0	4.75	31	12
2020-03-28	0	4.84	30	13
2020-03-29	0	4.3	28	13
2020-03-30	0	4.24	25	12
2020-03-31	0	4.92	27	11
2020-04-01	0	5.25	28	12
2020-04-02	0	4.72	28	13
2020-04-03	3	6.13	27	13
2020-04-04	0.01	4.4	26	13
2020-04-05	0	4.94	27	13
2020-04-06	0.01	4.75	25	14
2020-04-07	0	5.18	28	14
2020-04-08	0	2.9	29	14
2020-04-09	0	5.2	28	13
2020-04-10	0	4.97	32	14
2020-04-11	0	5.93	32	14
2020-04-12	0	4.61	28	12
2020-04-13	0	5.08	31	13
2020-04-14	0	4.78	27	16
2020-04-15	0	5.11	28	13
2020-04-16	0	5.51	29	14
2020-04-17	0	4.58	29	14
2020-04-18	5	9.92	31	15
2020-04-19	0	4.63	30	15
2020-04-20	0	5.27	29	15
2020-04-21	0	5.22	31	15
2020-04-22	6	8.08	30	15
2020-04-23	0	3.72	29	16
2020-04-24	0	5.49	27	15
2020-04-25	0	4.69	22	13
2020-04-26	0	4.31	24	11
2020-04-27	0	4.73	28	12
2020-04-28	0	4.14	26	13
2020-04-29	8	NULO	23	13
2020-04-30	0	3.92	23	11
2020-05-01	0	5.21	27	11
2020-05-02	0	4.55	29	10
2020-05-03	0	NULO	29	11
2020-05-04	0	5.33	28	12
2020-05-05	0	3.69	24	13
2020-05-06	0	4.51	23	11
2020-05-07	12	3.8	24	12
2020-05-08	0	2.69	22	12
2020-05-09	16	3.7	23	13
2020-05-10	0	4.67	24	12
2020-05-11	8	3.09	27	13
2020-05-12	0	4.53	28	13
2020-05-13	0	5.44	29	14
2020-05-14	0	4.34	29	14
2020-05-15	0	5.18	30	13
2020-05-16	0	5.51	29	14
2020-05-17	0	4.78	27	15
2020-05-18	0	4.79	29	12
2020-05-19	0	4.74	29	14
2020-05-20	0	5.26	30	14
2020-05-21	0	5.45	29	14
2020-05-22	0	4.29	29	13
2020-05-23	0	5.4	29	14
2020-05-24	0	5.13	31	13
2020-05-25	0	4.92	29	13
2020-05-26	0	5.23	27	14
2020-05-27	0	4.37	27	13
2020-05-28	0	4.71	23	13
2020-05-29	0	3.92	21	11
2020-05-30	0	4.09	23	11
2020-05-31	0	3.83	23	12
2020-06-01	0	3.5	24	13
2020-06-02	0	4.49	24	13
2020-06-03	0	3.83	25	12
2020-06-04	0.01	3.83	26	12
2020-06-05	0	5.23	27	12
2020-06-06	0	4.73	27	15
2020-06-07	0	5.12	29	14
2020-06-08	0	5.26	29	15
2020-06-09	0	5.08	27	14
2020-06-10	0	2.84	20	14
2020-06-11	4	5.23	20	12
2020-06-12	2	3.82	22	9
2020-06-13	0	4.27	23	8
2020-06-14	0	4.14	24	8
2020-06-15	0	3.85	25	8
2020-06-16	0	4.53	26	11
2020-06-17	0	4.94	22	11
2020-06-18	0	4.54	26	13
2020-06-19	0	5.35	27	12
2020-06-20	0	4.51	27	13
2020-06-21	0	5.07	26	14
2020-06-22	0	4.55	23	14
2020-06-23	6	3.52	23	13
2020-06-24	9	2.38	22	13
2020-06-25	4	1.43	23	14
2020-06-26	0	4.14	25	13
2020-06-27	0	4.19	25	13
2020-06-28	0	4.37	26	14
2020-06-29	0	8.89	25	13
2020-06-30	0	3.65	25	13
2020-07-01	0	4.46	25	12
2020-07-02	0	3.69	25	12
2020-07-03	0	4.31	25	11
2020-07-04	0	5.03	26	12
2020-07-05	0	5.14	25	13
2020-07-06	0	4.11	24	13
2020-07-07	26	10.4	25	14
2020-07-08	34	8.28	25	13
2020-07-09	0	5.56	25	12
2020-07-10	0	4.31	26	12
2020-07-11	0	5.29	26	11
2020-07-12	0	4.71	26	12
2020-07-13	0	5.19	25	12
2020-07-14	0	4.82	26	14
2020-07-15	0	5.68	26	13
2020-07-16	0	3.51	25	14
2020-07-17	3	3.74	25	12
2020-07-18	0	4.25	24	11
2020-07-19	0	4.13	25	12
2020-07-20	34	NULO	26	13
2020-07-21	0	5.27	27	12
2020-07-22	0	4.29	26	12
2020-07-23	18	3.25	27	12
2020-07-24	0	5.7	27	12
2020-07-25	0	5.05	26	14
2020-07-26	11	4.6	25	16
2020-07-27	0	4.18	22	14
2020-07-28	8	3.46	22	14
2020-07-29	11	3.68	24	14
2020-07-30	0	3.99	23	13
2020-07-31	4	1.81	22	13
2020-08-01	0	4.42	22	12
2020-08-02	0	3.66	24	12
2020-08-03	0	4.46	25	13
2020-08-04	0	3.68	25	12
2020-08-05	0	4.07	25	12
2020-08-06	2	4.23	24	13
2020-08-07	0	3.55	21	13
2020-08-08	6	2.01	21	13
2020-08-09	0.01	3.72	22	14
2020-08-10	3	4.4	22	12
2020-08-11	0	4.24	23	13
2020-08-12	0	3.44	23	13
2020-08-13	0	4.62	24	11
2020-08-14	0	3.57	24	11
2020-08-15	0	3.73	24	12
2020-08-16	0	4.4	24	12
2020-08-17	0	3.85	24	12
2020-08-18	0	4.16	24	12
2020-08-19	0.01	4.33	24	13
2020-08-20	0	3.76	26	14
2020-08-21	0	3.69	26	12
2020-08-22	0	3.87	25	11
2020-08-23	0	4.17	22	12
2020-08-24	3	5.2	21	13
2020-08-25	4	0.58	23	14
2020-08-26	0	4	24	14
2020-08-27	4	5.22	25	14
2020-08-28	0	4.45	26	13
2020-08-29	3	0.09	27	14
2020-08-30	30	3.32	26	13
2020-08-31	38	NULO	23	13
2020-09-01	38	6.27	24	12
2020-09-02	0	4.08	26	13
2020-09-03	0	3.71	20	12
2020-09-04	0	3.77	19	12
2020-09-05	2	3.48	21	14
2020-09-06	4	5.54	23	12
2020-09-07	0	NULO	24	13
2020-09-08	0	3.71	23	7
2020-09-09	2	4.31	22	15
2020-09-10	4	4.82	22	14
2020-09-11	0	NULO	21	13
2020-09-12	0	3.5	22	13
2020-09-13	2	3.48	21	12
2020-09-14	5	2.5	21	14
2020-09-15	0	4.38	19	13
2020-09-16	0	3.4	20	12
2020-09-17	3	6.74	21	12
2020-09-18	5	1.23	18	13
2020-09-19	0	4.77	20	11
2020-09-20	0	2.51	23	12
2020-09-21	0	4.09	24	11
2020-09-22	0	4.2	24	11
2020-09-23	0	3.58	24	12
2020-09-24	0	3.88	24	13
2020-09-25	0	4.5	25	12
2020-09-26	0	4.18	26	12
2020-09-27	0	NULO	26	12
2020-09-28	4	1.5	14	10
2020-09-29	0	2.44	19	5
2020-09-30	0	4.07	20	4
2020-10-01	0	4.13	18	4
2020-10-02	0.01	3.87	19	8
2020-10-03	0	3.94	21	9
2020-10-04	0	3.43	19	4
2020-10-05	0	3.24	22	4
2020-10-06	0	3.65	22	5
2020-10-07	0	3.87	23	7
2020-10-08	0	4.32	24	8
2020-10-09	0	3.81	26	10
2020-10-10	0	3.73	26	10
2020-10-11	0	4.43	25	12
2020-10-12	0	3.79	24	13
2020-10-13	0	4.2	24	10
2020-10-14	0	4.04	26	11
2020-10-15	0	3.54	22	11
2020-10-16	0.01	4.27	21	8
2020-10-17	0	3.94	24	9
2020-10-18	0	4.08	24	10
2020-10-19	0	4.11	23	9
2020-10-20	0	4.17	23	8
2020-10-21	0	4.02	25	8
2020-10-22	0	4.14	26	8
2020-10-23	0	4.04	23	8
2020-10-24	0	3.48	26	7
2020-10-25	0	4.37	26	7
2020-10-26	0	3.68	27	8
2020-10-27	0	5.19	28	8
2020-10-28	0	5.18	21	12
2020-10-29	0	3.6	21	9
2020-10-30	0	5.15	22	6
2020-10-31	0	4.13	20	7
2020-11-01	0	4.05	15	8
2020-11-02	0	2.82	16	8
2020-11-03	0	2.83	19	4
2020-11-04	0	4.27	20	4
2020-11-05	0	4.25	19	6
2020-11-06	0	3.44	23	7
2020-11-07	0	4.46	23	8
2020-11-08	0	3.58	26	9
2020-11-09	0	5.45	27	9
2020-11-10	0	4.37	27	8
2020-11-11	0	5.51	26	10
2020-11-12	0	1.84	25	8
2020-11-13	0	6.26	26	8
2020-11-14	0	4.26	25	8
2020-11-15	0.01	3.94	18	9
2020-11-16	4	1.51	15	8
2020-11-17	5	1.9	13	7
2020-11-18	0	3.68	15	9
2020-11-19	0	3.44	19	7
2020-11-20	0.01	3.84	17	11
2020-11-21	0	4.2	20	7
2020-11-22	0	3.89	19	7
2020-11-23	0	4.43	24	6
2020-11-24	0	3.73	26	8
2020-11-25	0	4.41	26	8
2020-11-26	0	3.51	24	7
2020-11-27	0	4.55	26	9
2020-11-28	0	3.45	24	8
2020-11-29	0.01	4.01	13	8
2020-11-30	0.01	4.04	22	4
2020-12-01	0	4.52	23	8
2020-12-02	0	3.37	22	8
2020-12-03	0	4.59	22	7
2020-12-04	0	3.84	23	8
2020-12-05	0	3.85	21	8
2020-12-06	0	3.6	16	8
2020-12-07	0	1.98	22	6
2020-12-08	0	3.09	21	7
2020-12-09	0	3.74	24	6
2020-12-10	0	4.18	25	9
2020-12-11	0	1.82	24	9
2020-12-12	0	2.29	26	9
2020-12-13	0	1.55	20	9
2020-12-14	0	2.25	26	9
2020-12-15	0	2.12	19	8
2020-12-16	0	3.61	20	6
2020-12-17	0	4.5	23	7
2020-12-18	0	3.24	24	8
2020-12-19	0	3.3	17	8
2020-12-20	0	3.11	20	9
2020-12-21	0	4.09	21	8
2020-12-22	0	4.27	26	7
2020-12-23	0	1.68	14	8
2020-12-24	0	3.08	10	2
2020-12-25	0	3.21	22	7
2020-12-26	0	3.76	22	4
2020-12-27	0	3.63	22	2
2020-12-28	0	4.06	22	2
2020-12-29	0	4.39	22	5
2020-12-30	0	3.82	23	4
2020-12-31	0	NULO	20	3
2021-01-01	0	4.3	22	4
2021-01-02	0	4	24	5
2021-01-03	0	3.52	22	4
2021-01-04	0	4.4	22	4
2021-01-05	0	4.08	24	6
2021-01-06	0	3.86	17	8
2021-01-07	0	3.91	17	6
2021-01-08	0	4.24	17	5
2021-01-09	0	3.83	23	7
2021-01-10	0	4.35	18	7
2021-01-11	0	3.63	21	4
2021-01-12	0	3.4	18	6
2021-01-13	0	3.79	22	8
2021-01-14	0	4.15	21	7
2021-01-15	0	3.9	21	9
2021-01-16	0	3.81	20	8
2021-01-17	0	3.99	22	8
2021-01-18	0	3.76	24	10
2021-01-19	0	4.7	20	9
2021-01-20	0	3.74	25	9
2021-01-21	0	4.23	26	9
2021-01-22	0	3.55	26	10
2021-01-23	0	4.37	26	8
2021-01-24	0	3.71	27	8
2021-01-25	0	4.24	26	7
2021-01-26	0	4.08	19	6
2021-01-27	0	3.3	14	5
2021-01-28	0	3.72	21	8
2021-01-29	0	4.06	26	8
2021-01-30	0	4.5	22	6
2021-01-31	0	NULO	20	6
2021-02-01	0	4.21	21	11
2021-02-02	0	4.07	24	4
2021-02-03	0	4.83	27	6
2021-02-04	0	4.67	29	8
2021-02-05	0	3.95	28	8
2021-02-06	0	3.97	24	8
2021-02-07	0	4.9	28	8
2021-02-08	0	4.4	25	7
2021-02-09	0	4.26	23	9
2021-02-10	0	3.34	25	11
2021-02-11	0	4.37	23	8
2021-02-12	0	4.1	23	5
2021-02-13	0	5.19	27	4
2021-02-14	0	4.88	26	4
2021-02-15	0	5.37	27	6
2021-02-16	0	4.74	28	9
2021-02-17	0	4.25	26	7
2021-02-18	0	1.64	12	3
2021-02-19	0	3.83	22	3
2021-02-20	0	4.69	26	4
2021-02-21	0	2.93	18	6
2021-02-22	0	3.85	23	7
2021-02-23	0	3.66	26	6
2021-02-24	0	4.5	23	6
2021-02-25	0	4.79	28	9
2021-02-26	0	4.57	29	8
2021-02-27	0	5.35	28	9
2021-02-28	0	NULO	29	12
2021-03-01	0	4.16	22	12
2021-03-02	0	5.13	26	8
2021-03-03	0	4.92	27	9
2021-03-04	0	5.66	29	9
2021-03-05	0	3.53	21	12
2021-03-06	0	5.36	23	6
2021-03-07	0	3.53	22	7
2021-03-08	0	4.47	23	7
2021-03-09	0	5.07	27	5
2021-03-10	0	4.8	26	6
2021-03-11	0	4.31	24	8
2021-03-12	0	3.52	20	11
2021-03-13	0	4.32	28	11
2021-03-14	0	5.58	29	12
2021-03-15	3	8.35	28	11
2021-03-16	0	5.18	28	13
2021-03-17	0	4.35	20	10
2021-03-18	0	5.14	27	4
2021-03-19	0	5.33	25	4
2021-03-20	0	5.15	28	8
2021-03-21	0	4.78	30	10
2021-03-22	0	4.89	31	11
2021-03-23	0	6.41	31	9
2021-03-24	0	4.84	29	12
2021-03-25	0	5.18	29	8
2021-03-26	0	4.72	31	12
2021-03-27	0	4.9	28	10
2021-03-28	0	3.95	23	11
2021-03-29	0	4.28	28	8
2021-03-30	0	4.65	28	8
2021-03-31	0	NULO	19	10
2021-04-01	0.01	3.11	16	9
2021-04-02	0	2.69	19	6
2021-04-03	0	2.83	19	6
2021-04-04	0	3.9	25	7
2021-04-05	0	3.9	26	8
2021-04-06	0.01	4.39	28	9
2021-04-07	0	4.74	28	10
2021-04-08	0.01	4.25	30	11
2021-04-09	0	5.2	31	13
2021-04-10	0	4.67	31	11
2021-04-11	0	4.8	30	13
2021-04-12	0	5.52	28	14
2021-04-13	0	4.67	27	12
2021-04-14	0	NULO	29	12
2021-04-15	0	NULO	31	13
2021-04-16	0	5.03	30	14
2021-04-17	0	4.84	28	13
2021-04-18	0	4.81	30	9
2021-04-19	0	4.97	29	9
2021-04-20	0	5.44	25	12
2021-04-21	0	4.48	29	11
2021-04-22	0	5.39	31	12
2021-04-23	0	4.61	30	13
2021-04-24	0	4.84	29	14
2021-04-25	0	5.08	30	13
2021-04-26	0	3.55	30	14
2021-04-27	3	7.72	31	15
2021-04-28	0	4.68	29	14
2021-04-29	0	NULO	21	14
2021-04-30	30	NULO	27	14
2021-05-01	0	5.51	29	13
2021-05-02	0	4.76	30	13
2021-05-03	0	5.27	30	12
2021-05-04	0	3.8	23	14
2021-05-05	0	4.06	25	14
2021-05-06	0	3.89	24	12
2021-05-07	0	4.96	27	11
2021-05-08	0	5.3	27	13
2021-05-09	0	4.6	27	14
2021-05-10	28	8.89	25	14
2021-05-11	36	11.03	24	14
2021-05-12	18	5.2	18	13
2021-05-13	12	0.75	22	13
2021-05-14	0	4.45	25	12
2021-05-15	0	2.81	25	13
2021-05-16	0	3.86	28	13
2021-05-17	0	5.66	28	13
2021-05-18	0	4.5	29	14
2021-05-19	0	4.85	26	12
2021-05-20	0	5.41	26	10
2021-05-21	0	4.71	27	9
2021-05-22	0	3.71	24	12
2021-05-23	0	5.66	26	12
2021-05-24	0	4.8	28	11
2021-05-25	0	5.28	27	12
2021-05-26	0	4.77	26	12
2021-05-27	0	4.53	30	12
2021-05-28	0	5.47	28	12
2021-05-29	0	3.78	24	13
2021-05-30	0	4.3	25	13
2021-05-31	0	NULO	24	13
2021-06-01	0	3.77	24	13
2021-06-02	0.01	4.43	20	14
2021-06-03	0	3.61	23	14
2021-06-04	3	6.1	24	13
2021-06-05	0	5.23	27	13
2021-06-06	0	4.63	28	12
2021-06-07	0	5.48	27	11
2021-06-08	0	4.77	27	14
2021-06-09	0	4.75	25	11
2021-06-10	32	8.35	23	10
2021-06-11	0	7.65	22	11
2021-06-12	0	4.45	22	13
2021-06-13	4	7.85	19	14
2021-06-14	0.01	3.71	22	12
2021-06-15	0	4.4	23	11
2021-06-16	2	5.05	18	11
2021-06-17	4	1.72	21	12
2021-06-18	33	4.18	21	13
2021-06-19	0	3.47	26	14
2021-06-20	38	7.61	27	14
2021-06-21	16	12.85	24	14
2021-06-22	12	3.69	22	14
2021-06-23	22	3.35	24	14
2021-06-24	43	6.2	22	13
2021-06-25	10	3.73	23	12
2021-06-26	8	2	18	13
2021-06-27	19	2.45	18	13
2021-06-28	15	1.3	20	12
2021-06-29	8	4.15	21	14
2021-06-30	0	NULO	21	14
2021-07-01	0	3.8	22	13
2021-07-02	3	6.51	22	13
2021-07-03	4	4.32	23	12
2021-07-04	12	3.24	23	13
2021-07-05	5	6.2	24	12
2021-07-06	24	2.56	21	14
2021-07-07	0	4.5	21	14
2021-07-08	46	4.4	22	13
2021-07-09	0	4.47	23	14
2021-07-10	0	3.78	21	13
2021-07-11	0	4.38	22	12
2021-07-12	0	3.84	22	13
2021-07-13	0	4.33	22	12
2021-07-14	0	7.51	21	13
2021-07-15	0	3.65	21	12
2021-07-16	0	3.98	22	13
2021-07-17	0	NULO	24	12
2021-07-18	0	NULO	24	13
2021-07-19	6	11.14	24	12
2021-07-20	2	NULO	23	13
2021-07-21	0	NULO	24	14
2021-07-22	0	4.23	24	10
2021-07-23	0	4.2	24	11
2021-07-24	0	3.49	26	11
2021-07-25	0	6.53	27	10
2021-07-26	0	4.55	26	10
2021-07-27	0	4.7	24	12
2021-07-28	0	5.45	25	13
2021-07-29	0	2.1	23	13
2021-07-30	0	4.13	24	12
2021-07-31	0	NULO	23	12
2021-08-01	0	3.87	23	13
2021-08-02	4	4.73	21	14
2021-08-03	18	3.18	22	14
2021-08-04	0	4.55	24	13
2021-08-05	0	3.67	24	13
2021-08-06	0	4.15	23	12
2021-08-07	5	3.7	24	13
2021-08-08	0	4.43	24	13
2021-08-09	0	3.57	24	12
2021-08-10	0	5.04	23	15
2021-08-11	0	4.39	24	12
2021-08-12	0	3.69	23	13
2021-08-13	0	3.78	23	13
2021-08-14	0	4.58	24	12
2021-08-15	0	3.85	25	12
2021-08-16	0	3.69	24	12
2021-08-17	0	5.3	25	14
2021-08-18	0	5.11	26	15
2021-08-19	0	3.71	23	11
2021-08-20	34	NULO	17	14
2021-08-21	16	NULO	19	12
2021-08-22	0	3.64	21	12
2021-08-23	0	3.56	22	12
2021-08-24	0	4.8	22	13
2021-08-25	4	2.2	20	12
2021-08-26	0	4.55	23	11
2021-08-27	0	3.72	22	13
2021-08-28	6	1.27	23	14
2021-08-29	18	NULO	22	13
2021-08-30	6	NULO	23	14
2021-08-31	0	NULO	22	15
2021-09-01	4	2.9	18	14
2021-09-02	15	NULO	21	13
2021-09-03	0	NULO	22	13
2021-09-04	0	3.75	21	13
2021-09-05	4	2.47	21	14
2021-09-06	18	1.75	21	13
2021-09-07	0	4.26	23	12
2021-09-08	0	3.52	22	12
2021-09-09	0	4.78	21	11
2021-09-10	0	3.76	20	12
2021-09-11	0	4	21	13
2021-09-12	0	4.24	22	13
2021-09-13	0	5.7	24	13
2021-09-14	0.01	3	23	14
2021-09-15	0	4.31	22	15
2021-09-16	0	3.96	23	15
2021-09-17	0	3.48	21	14
2021-09-18	0	5.36	21	13
2021-09-19	18	3.97	24	14
2021-09-20	0	3.75	24	13
2021-09-21	0	4.45	22	14
2021-09-22	0	3.51	19	12
2021-09-23	0	4.52	22	11
2021-09-24	0	3.92	22	13
2021-09-25	0	4.08	23	12
2021-09-26	0	3.76	24	12
2021-09-27	4	1.76	22	13
2021-09-28	5	3.68	24	14
2021-09-29	0	4.8	23	14
2021-09-30	5	NULO	22	14
2021-10-01	28	1.58	27	14
2021-10-02	2	3.15	22	12
2021-10-03	0.01	3.99	21	13
2021-10-04	0	2.6	19	13
2021-10-05	0	4.44	28	12
2021-10-06	0	4.88	22	8
2021-10-07	0	5.18	22	7
2021-10-08	0	4.9	24	12
2021-10-09	0	4.65	27	11
2021-10-10	0	4.97	27	13
2021-10-11	0	5.17	28	11
2021-10-12	0	5.31	28	16
2021-10-13	0	4.56	27	13
2021-10-14	0	5.28	26	11
2021-10-15	0	3.84	21	13
2021-10-16	3	2.23	17	12
2021-10-17	0	2.61	22	9
2021-10-18	0	4.48	24	10
2021-10-19	0	3.56	24	12
2021-10-20	0.01	4.21	23	13
2021-10-21	0.01	4.2	21	13
2021-10-22	0	3.79	23	12
2021-10-23	0	5.1	23	12
2021-10-24	0	4.16	23	13
2021-10-25	0	3.82	27	13
2021-10-26	0	5.12	27	12
2021-10-27	0	3.51	21	13
2021-10-28	0	3.09	19	12
2021-10-29	0	4.26	24	6
2021-10-30	0	4.24	24	7
2021-10-31	0	NULO	22	9
2021-11-01	0	3.83	22	7
2021-11-02	0	4.33	22	5
2021-11-03	0	3.67	21	8
2021-11-04	0	3.75	21	7
2021-11-05	0	4.08	21	4
2021-11-06	0	4.17	21	7
2021-11-07	0	2.83	19	6
2021-11-08	0	3.4	23	7
2021-11-09	0	4.08	23	6
2021-11-10	0	4.94	24	6
2021-11-11	0	3.63	23	5
2021-11-12	0	4.05	21	5
2021-11-13	0	4.58	18	8
2021-11-14	0	2.97	14	4
2021-11-15	0	3.5	19	2
2021-11-16	0	3.9	22	4
2021-11-17	0	4.63	23	6
2021-11-18	0.01	1.96	22	10
2021-11-19	0	0.81	14	8
2021-11-20	0	3.68	21	8
2021-11-21	0.01	3.36	22	9
2021-11-22	0	2.63	17	11
2021-11-23	0	4.53	19	8
2021-11-24	0	4.05	22	11
2021-11-25	0	2.95	20	10
2021-11-26	0	3.57	16	6
2021-11-27	0	4.24	22	7
2021-11-28	0	4.24	21	10
2021-11-29	0	3.64	18	6
2021-11-30	0	NULO	23	7
2021-12-01	0	3.06	27	4
2021-12-02	0	3.94	22	4
2021-12-03	0	5.02	23	4
2021-12-04	0	4.19	24	5
2021-12-05	0	3.84	26	8
2021-12-06	0	4.21	24	6
2021-12-07	0	3.96	25	8
2021-12-08	0	3.81	24	7
2021-12-09	0	4.1	24	8
2021-12-10	0	3.68	24	8
2021-12-11	0.01	2.86	21	9
2021-12-12	0	4.42	22	6
2021-12-13	0	3.7	21	6
2021-12-14	0	3.48	22	8
2021-12-15	0	3.47	23	4
2021-12-16	0	4.48	24	5
2021-12-17	0	4.05	23	8
2021-12-18	0	3.52	21	10
2021-12-19	0	4.32	22	8
2021-12-20	0	4.16	21	8
2021-12-21	0	3.74	22	8
2021-12-22	0	4.01	23	3
2021-12-23	0	4.25	25	3
2021-12-24	0	1.87	24	4
2021-12-25	0	2.17	25	6
2021-12-26	0	7.28	26	5
2021-12-27	0	4.42	26	6
2021-12-28	0	4.26	26	6
2021-12-29	0	3.81	23	7
2021-12-30	0	4.19	26	5
2021-12-31	0	NULO	25	6
2022-01-01	0	2.95	12	3
2022-01-02	0	4.05	24	2
2022-01-03	0	3.94	25	4
2022-01-04	0	3.75	24	7
2022-01-05	0	4.11	26	9
2022-01-06	0	3.96	23	6
2022-01-07	0	4.19	23	7
2022-01-08	0	4.05	23	9
2022-01-09	0	2.77	15	9
2022-01-10	0.01	2.88	14	7
2022-01-11	0	3	19	6
2022-01-12	0	3.18	19	3
2022-01-13	0	4.19	22	4
2022-01-14	0	3.8	21	5
2022-01-15	0	2.83	16	4
2022-01-16	0	3.83	21	6
2022-01-17	0	4.38	23	5
2022-01-18	0	4	23	6
2022-01-19	0	3.97	21	6
2022-01-20	0	3.13	17	8
2022-01-21	0	3.05	18	5
2022-01-22	0	4.93	21	6
2022-01-23	0	4.02	24	8
2022-01-24	0	4.06	24	10
2022-01-25	0	3.69	21	7
2022-01-26	0	4.27	23	6
2022-01-27	0	2.98	19	6
2022-01-28	0	3.05	17	5
2022-01-29	0	3.97	23	3
2022-01-30	0	3.89	24	7
2022-01-31	0	4.02	24	7
2022-02-01	0	4.2	26	7
2022-02-02	0	3.57	26	8
2022-02-03	0	3.2	18	8
2022-02-04	0	3.13	18	2
2022-02-05	0	3.93	23	4
2022-02-06	0	2.74	19	6
2022-02-07	0.01	2.27	14	4
2022-02-08	0	0.57	20	3
2022-02-09	0	6.3	22	4
2022-02-10	0	4.13	23	6
2022-02-11	0	3.82	27	4
2022-02-12	0.01	0.76	13	6
2022-02-13	0	3.37	19	3
2022-02-14	0	2.6	22	6
2022-02-15	0	4.51	21	7
2022-02-16	0	3.96	26	8
2022-02-17	0	2.58	23	6
2022-02-18	0	4.46	22	8
2022-02-19	0	3.69	26	6
2022-02-20	0	4.31	27	8
2022-02-21	0	3.97	27	9
2022-02-22	0	3.68	27	8
2022-02-23	0	4.31	26	7
2022-02-24	0	3.79	27	9
2022-02-25	0	3.25	23	8
2022-02-26	0	5.01	22	4
2022-02-27	0	3.71	22	5
2022-02-28	0	3.79	22	3
2022-03-01	0	4.27	22	2
2022-03-02	0	4.18	24	3
2022-03-03	0	4	26	5
2022-03-04	0	3.95	27	4
2022-03-05	0	3.57	28	8
2022-03-06	0	5.48	28	11
2022-03-07	0	4.89	28	12
2022-03-08	0	4.03	29	8
2022-03-09	0	4.85	29	8
2022-03-10	0	5.14	31	8
2022-03-11	0	3.63	16	8
2022-03-12	0	3.75	26	6
2022-03-13	0	5.73	28	8
2022-03-14	0	3.96	27	7
2022-03-15	0	3.77	27	8
2022-03-16	11	4.77	28	8
2022-03-17	0	5.03	27	9
2022-03-18	0	4.42	22	13
2022-03-19	0	3.84	26	10
2022-03-20	0	4.14	29	11
2022-03-21	0	4.89	29	10
2022-03-22	0	5.26	21	7
2022-03-23	0	1.95	16	7
2022-03-24	0	3.85	22	4
2022-03-25	0	4.1	23	3
2022-03-26	0	4.05	26	3
2022-03-27	0	5.05	28	6
2022-03-28	0	4.95	29	8
2022-03-29	0	4.87	32	10
2022-03-30	0	4.73	30	9
2022-03-31	0	5.41	30	8
2022-04-01	0	5.04	31	11
2022-04-02	0	4.97	29	12
2022-04-03	0	4.58	31	11
2022-04-04	0	5.27	31	12
2022-04-05	0	2.7	21	10
2022-04-06	0	6.32	21	11
2022-04-07	0	4.08	22	8
2022-04-08	0	3.92	24	7
2022-04-09	0	4.1	27	11
2022-04-10	0	4.95	29	12
2022-04-11	0	4.85	24	13
2022-04-12	0	5.1	29	13
2022-04-13	0	5	28	14
2022-04-14	0	4.1	29	14
2022-04-15	0	4.9	31	14
2022-04-16	0	5.09	32	11
2022-04-17	0	4.9	25	11
2022-04-18	0	5.06	26	14
2022-04-19	0	5.04	31	13
2022-04-20	0	4.96	27	13
2022-04-21	18	1.95	25	13
2022-04-22	0	3.8	26	10
2022-04-23	0	4.25	25	12
2022-04-24	0	3.84	27	11
2022-04-25	6	5.08	21	13
2022-04-26	0	4.08	23	12
2022-04-27	0	3.96	26	10
2022-04-28	0.01	3.79	29	11
2022-04-29	0	4.1	29	13
2022-04-30	0	3.96	30	14
2022-05-01	0	4.94	30	11
2022-05-02	0	5.02	31	12
2022-05-03	0	5.04	30	12
2022-05-04	0	4.76	31	14
2022-05-05	0	5.19	29	16
2022-05-06	0	5.11	22	13
2022-05-07	0	9.94	32	13
2022-05-08	0	0.04	30	12
2022-05-09	0	3.91	29	13
2022-05-10	0	3.85	24	12
2022-05-11	0	4.15	26	11
2022-05-12	0	4.05	26	7
2022-05-13	0	4.95	29	8
2022-05-14	0	3.57	26	9
2022-05-15	0	4.33	28	7
2022-05-16	0	5.15	29	8
2022-05-17	0	4.75	29	9
2022-05-18	0	5.25	31	12
2022-05-19	0	4.84	31	13
2022-05-20	0	4.71	32	14
2022-05-21	0	5.25	28	14
2022-05-22	2	7.05	27	14
2022-05-23	3	5.51	26	13
2022-05-24	0	5.49	29	13
2022-05-25	0	4.71	25	14
2022-05-26	0	4.29	27	13
2022-05-27	0	4.81	26	10
2022-05-28	0	4.09	28	9
2022-05-29	0	5.05	28	11
2022-05-30	0	4.52	27	12
2022-05-31	0	5.32	25	13
2022-06-01	0	4.01	24	13
2022-06-02	0	4.2	26	11
2022-06-03	0	4.95	27	8
2022-06-04	0	5.04	28	11
2022-06-05	0	4.65	29	11
2022-06-06	0	6.08	28	9
2022-06-07	0	3.87	27	10
2022-06-08	0	4.05	24	15
2022-06-09	0	4.2	26	12
2022-06-10	0	3.95	26	11
2022-06-11	0	3.98	25	12
2022-06-12	0	3.5	24	12
2022-06-13	0	4.42	23	13
2022-06-14	0	4.11	23	13
2022-06-15	0	3.8	23	11
2022-06-16	0	4.15	23	14
2022-06-17	0	3.8	23	11
2022-06-18	0	4.15	23	13
2022-06-19	0	4.09	22	13
2022-06-20	0.01	2.92	20	12
2022-06-21	3	6.09	19	13
2022-06-22	0	4.02	22	11
2022-06-23	0	3.89	24	11
2022-06-24	0	4.08	23	13
2022-06-25	23	4.97	24	13
2022-06-26	0	4.04	23	12
2022-06-27	0	4.9	24	11
2022-06-28	0	4.06	24	11
2022-06-29	0	3.95	24	11
2022-06-30	0	3.94	27	12
2022-07-01	0	4.11	25	14
2022-07-02	0	3.95	26	13
2022-07-03	0	4.09	25	13
2022-07-04	0	3.93	25	14
2022-07-05	0	4.04	25	13
2022-07-06	0	3.88	23	13
2022-07-07	0	4.08	24	13
2022-07-08	0	4.03	24	13
2022-07-09	0	4.98	27	11
2022-07-10	0	3.98	26	11
2022-07-11	0	3.97	27	12
2022-07-12	0	4.08	26	11
2022-07-13	0	3.21	24	12
2022-07-14	0	4.8	21	13
2022-07-15	0	3.8	23	12
2022-07-16	0	3.98	24	11
2022-07-17	0	4.19	25	12
2022-07-18	0	3.92	26	12
2022-07-19	0	4.95	29	14
2022-07-20	0	4.02	28	12
2022-07-21	0	5.04	27	11
2022-07-22	0	3.94	25	12
2022-07-23	0	4.05	25	13
2022-07-24	0	4.05	24	13
2022-07-25	0	5.04	26	12
2022-07-26	0	3.8	24	13
2022-07-27	28	3.11	24	12
2022-07-28	0	4	23	14
2022-07-29	0	4.09	23	13
2022-07-30	0	3.96	25	12
2022-07-31	0	4.04	25	12
2022-08-01	0	4.03	24	13
2022-08-02	0	3.98	26	12
2022-08-03	0	3.75	24	13
2022-08-04	0	4.2	25	12
2022-08-05	0	3.84	25	12
2022-08-06	0	4.01	24	12
2022-08-07	0	4.01	26	12
2022-08-08	0	4.03	23	11
2022-08-09	0	4.01	24	11
2022-08-10	0	3.21	26	10
2022-08-11	0	4.79	26	10
2022-08-12	0	4.01	26	12
2022-08-13	0	3.98	25	12
2022-08-14	3	5.96	23	13
2022-08-15	4	7.06	22	14
2022-08-16	15	2.8	24	13
2022-08-17	0	4.09	23	13
2022-08-18	0	4.11	24	13
2022-08-19	0	3.98	25	12
2022-08-20	10	2.98	24	13
2022-08-21	0	3.74	25	12
2022-08-22	0	4.24	25	13
2022-08-23	36	8.95	24	12
2022-08-24	0	4	25	12
2022-08-25	0	4.05	26	11
2022-08-26	0	5.05	27	12
2022-08-27	0	4.95	26	13
2022-08-28	0	3.97	25	13
2022-08-29	0	4.08	25	14
2022-08-30	0	3.9	24	13
2022-08-31	0	4.02	24	12
2022-09-01	0.01	3.97	24	13
2022-09-02	0	3.1	19	14
2022-09-03	0	4.03	20	14
2022-09-04	0	3.96	22	14
2022-09-05	38	3.98	22	14
2022-09-06	0	3.95	22	14
2022-09-07	7	2.1	21	13
2022-09-08	0	3.9	24	16
2022-09-09	0	4.09	24	10
2022-09-10	0	3.78	24	16
2022-09-11	0	4.2	23	12
2022-09-12	0	3.98	23	11
2022-09-13	0	3.95	23	12
2022-09-14	6	4.05	21	13
2022-09-15	0	3.26	20	13
2022-09-16	0	NULO	22	14
2022-09-17	0	NULO	22	14
2022-09-18	0	3.47	22	13
2022-09-19	0.01	3.49	23	13
2022-09-20	0	4.01	22	13
2022-09-21	0	4.1	22	11
2022-09-22	0	3.95	22	13
2022-09-23	0	4.95	24	13
2022-09-24	0	3.41	24	12
2022-09-25	0	4.69	21	13
2022-09-26	0.01	2.91	21	12
2022-09-27	0	3.1	17	12
2022-09-28	0.01	0.01	18	10
2022-09-29	0	3.99	21	9
2022-09-30	0	NULO	21	6
2022-10-01	0	4.3	22	6
2022-10-02	0	4.5	22	8
2022-10-03	0	4.02	22	10
2022-10-04	0	3.99	23	13
2022-10-05	0	3.79	19	14
2022-10-06	0	4.02	21	12
2022-10-07	0.01	2.69	19	11
2022-10-08	0.01	3.1	17	12
2022-10-09	0	2.01	17	9
2022-10-10	0	4.04	21	11
2022-10-11	0	3.05	24	12
2022-10-12	0	1.21	23	10
2022-10-13	0	4.77	23	7
2022-10-14	0	4.02	26	8
2022-10-15	0	3.21	26	9
2022-10-16	0	4.74	26	11
2022-10-17	0	4.06	20	14
2022-10-18	0.01	3.21	16	11
2022-10-19	0	4.01	21	8
2022-10-20	0	3.3	23	8
2022-10-21	0	4.78	26	8
2022-10-22	0	4.02	28	11
2022-10-23	0	3.4	28	12
2022-10-24	0	4.58	24	12
2022-10-25	0	3.82	27	11
2022-10-26	0	4.19	27	11
2022-10-27	0	4.01	29	12
2022-10-28	0	3.99	23	13
2022-10-29	0	3.99	25	10
2022-10-30	0	3.96	24	10
2022-10-31	0	4.1	23	11
2022-11-01	0	3.96	23	13
2022-11-02	0	3.94	26	8
2022-11-03	0	3.46	25	11
2022-11-04	0	5.59	26	12
2022-11-05	0	4.71	27	11
2022-11-06	0	1.5	23	6
2022-11-07	0	4.2	22	10
2022-11-08	0	3.8	21	7
2022-11-09	0	4.79	26	8
2022-11-10	0	3.97	27	8
2022-11-11	0	2.22	18	8
2022-11-12	0	3.5	24	10
2022-11-13	0	3.7	27	9
2022-11-14	0	4.5	23	8
2022-11-15	0	4.09	16	9
2022-11-16	0	3.9	16	2
2022-11-17	0	4.06	22	8
2022-11-18	0	3.94	23	8
2022-11-19	0	3.1	17	9
2022-11-20	0	3.9	19	7
2022-11-21	3	5.08	22	9
2022-11-22	0	3.02	23	9
2022-11-23	0	3.79	24	9
2022-11-24	7	2.15	23	11
2022-11-25	0	4.01	26	9
2022-11-26	0	3.89	25	9
2022-11-27	0	4.15	24	9
2022-11-28	2	4.78	24	10
2022-11-29	0	3.1	21	9
2022-11-30	0.01	3.13	19	11
2022-12-01	0	2.95	19	9
2022-12-02	0	3.05	21	11
2022-12-03	0	2.97	20	10
2022-12-04	0	3.24	24	6
2022-12-05	0	3.2	23	6
2022-12-06	0	4.58	23	8
2022-12-07	0	3.91	22	5
2022-12-08	0	2.98	21	7
2022-12-09	0	2.84	23	6
2022-12-10	0	3.09	23	4
2022-12-11	0	4.05	24	4
2022-12-12	0	4.04	25	7
2022-12-13	0	2.42	24	7
2022-12-14	0	3.49	21	4
2022-12-15	0	4.01	25	6
2022-12-16	0	4.99	22	6
2022-12-17	0	2.51	22	7
2022-12-18	0	4.53	24	6
2022-12-19	0	3.06	18	4
2022-12-20	0	2.9	22	4
2022-12-21	0	4.01	23	8
2022-12-22	0	3.08	16	8
2022-12-23	0	2.9	18	4
2022-12-24	2	4.08	15	5
2022-12-25	0	2.02	16	5
2022-12-26	0	2.92	17	5
2022-12-27	0	2.6	22	14
2022-12-28	0	3.48	23	5
2022-12-29	0	2.91	22	6
2022-12-30	0	3.91	22	7
2022-12-31	0	NULO	20	9
2023-01-01	0	4.29	23	7
2023-01-02	0	3.93	24	6
2023-01-03	0	3.78	22	7
2023-01-04	0	3.1	21	6
2023-01-05	0	4.09	24	4
2023-01-06	0	3.1	23	4
2023-01-07	0	2.21	22	3
2023-01-08	0	3.5	22	6
2023-01-09	0	2.98	21	6
2023-01-10	0	3.31	22	6
2023-01-11	0	4	23	5
2023-01-12	0	2.99	22	4
2023-01-13	0	2.91	21	4
2023-01-14	0	3.81	23	2
2023-01-15	0	4	25	4
2023-01-16	0	4.26	27	3
2023-01-17	0	3.93	26	6
2023-01-18	0	2.61	23	5
2023-01-19	0	3.9	25	7
2023-01-20	0	4.3	26	6
2023-01-21	0	2.8	23	6
2023-01-22	0	2.7	23	7
2023-01-23	0	4.6	27	6
2023-01-24	0	2.4	23	5
2023-01-25	0	5.76	16	5
2023-01-26	0	3.49	21	4
2023-01-27	0	3.72	24	5
2023-01-28	0	3.28	25	4
2023-01-29	0	3.52	26	6
2023-01-30	0	4.44	25	7
2023-01-31	0	4.04	24	4
2023-02-01	0	3.96	25	5
2023-02-02	0	2	15	6
2023-02-03	0	2.95	20	3
2023-02-04	0	2.51	23	2
2023-02-05	0	4.59	24	1
2023-02-06	0	3.95	26	3
2023-02-07	0	4	26	5
2023-02-08	0	3.06	23	11
2023-02-09	0	1.8	16	8
2023-02-10	0	3.19	17	3
2023-02-11	0	3.01	23	2
2023-02-12	0	3.7	27	7
2023-02-13	0	4.7	28	6
2023-02-14	0	5.3	28	7
2023-02-15	0	3.91	28	6
2023-02-16	0	4.2	15	8
2023-02-17	0	3	22	1
2023-02-18	0	3.6	24	14
2023-02-19	0	4.28	26	5
2023-02-20	0	3.42	28	6
2023-02-21	0	7.58	22	10
2023-02-22	0	1.02	27	7
2023-02-23	0	3.89	26	7
2023-02-24	0	4.1	26	10
2023-02-25	0	3.41	27	7
2023-02-26	0	5.1	29	6
2023-02-27	0	0.46	32	9
2023-02-28	0	NULO	29	12
2023-03-01	0	4.71	32	11
2023-03-02	0	5	27	16
2023-03-03	0	5	28	8
2023-03-04	0	5.1	28	7
2023-03-05	0	4.6	29	8
2023-03-06	0	5.3	28	6
2023-03-07	0	4.98	27	6
2023-03-08	0	4.03	27	6
2023-03-09	0	3.71	27	5
2023-03-10	0	4.7	28	6
2023-03-11	0	5.3	27	11
2023-03-12	3	6.24	23	11
2023-03-13	2	3.76	24	11
2023-03-14	24	1	19	11
2023-03-15	0	4.24	24	11
2023-03-16	0	4.04	25	10
2023-03-17	0	2.72	22	11
2023-03-18	0.01	1.8	16	7
2023-03-19	0	2.46	23	4
2023-03-20	0	2.74	26	7
2023-03-21	0	3.7	28	8
2023-03-22	0	4.6	28	10
2023-03-23	0	4.94	29	12
2023-03-24	0	4.76	29	12
2023-03-25	0	5.1	29	11
2023-03-26	0	4.6	28	12
2023-03-27	0	5.54	26	13
2023-03-28	0	4.02	25	13
2023-03-29	0	4.74	27	11
2023-03-30	0	5.1	29	12
2023-03-31	0	4.9	28	11
2023-04-01	0	4.7	29	13
2023-04-02	0	5.3	32	12
2023-04-03	0	4.72	32	13
2023-04-04	0	4.7	31	13
2023-04-05	0	4.59	26	12
2023-04-06	0	3.41	26	14
2023-04-07	3	6.3	23	13
2023-04-08	0	3.7	24	11
2023-04-09	0	3.8	23	12
2023-04-10	0.01	4.8	20	12
2023-04-11	0	3.99	24	11
2023-04-12	0	4.99	27	11
2023-04-13	0	3.72	28	11
2023-04-14	0	4.5	28	10
2023-04-15	0	4.78	23	9
2023-04-16	0	3.42	26	10
2023-04-17	0	4.3	29	10
2023-04-18	0	5.3	31	11
2023-04-19	0	5	31	13
2023-04-20	0	4.2	31	13
2023-04-21	0	5.5	28	12
2023-04-22	0	6.27	31	13
2023-04-23	0	5.28	28	13
2023-04-24	0	4.72	31	12
2023-04-25	0	5.3	31	12
2023-04-26	0	4.95	29	14
2023-04-27	0	5.03	29	12
2023-04-28	0	4.72	23	12
2023-04-29	0	3.7	28	7
2023-04-30	0	5.54	31	11
2023-05-01	0	4.26	31	13
2023-05-02	0	5	29	13
2023-05-03	0	5.77	28	14
2023-05-04	0.01	4.01	29	14
2023-05-05	0	4.62	29	8
2023-05-06	0	4.2	28	13
2023-05-07	2	6.4	29	14
2023-05-08	15	7.78	29	13
2023-05-09	0	4.52	29	14
2023-05-10	0	5.2	30	13
2023-05-11	0	4.7	29	14
2023-05-12	18	4.5	27	13
2023-05-13	5	4.09	26	12
2023-05-14	8	2.11	25	12
2023-05-15	32	10.9	24	13
2023-05-16	0	3.99	27	12
2023-05-17	0	4.21	27	15
2023-05-18	0	5.6	27	13
2023-05-19	0	4.4	26	14
2023-05-20	0	5.2	25	14
2023-05-21	0	3.8	26	15
2023-05-22	3	7.79	28	13
2023-05-23	0	3.51	27	14
2023-05-24	4	4.7	27	14
2023-05-25	0	5.5	27	13
2023-05-26	0	4.5	27	12
2023-05-27	0	5.3	27	13
2023-05-28	2	3.42	27	13
2023-05-29	6	4.8	28	13
2023-05-30	0	5.5	28	12
2023-05-31	0	5.3	31	14
2023-06-01	0	4.2	30	15
2023-06-02	0	5.5	31	14
2023-06-03	0	5.29	29	14
2023-06-04	0	4.51	27	14
2023-06-05	0	4.7	27	15
2023-06-06	0	5.3	28	12
2023-06-07	0	5.2	27	13
2023-06-08	0	4.7	30	14
2023-06-09	0	5.1	32	13
2023-06-10	0	5.5	30	14
2023-06-11	0	5	31	13
2023-06-12	0	4.7	32	12
2023-06-13	0	6.26	33	12
2023-06-14	0	5.54	33	13
2023-06-15	0	5.3	32	11
2023-06-16	0	4.1	32	13
2023-06-17	0	5.72	32	13
2023-06-18	0	4.5	32	12
2023-06-19	0	5.5	32	12
2023-06-20	0	4.5	31	13
2023-06-21	0	5.5	31	12
2023-06-22	0	5.29	29	15
2023-06-23	0	4.71	27	11
2023-06-24	0	4.24	26	14
2023-06-25	2	6.96	26	14
2023-06-26	0	2.5	27	13
2023-06-27	0	1.8	27	14
2023-06-28	0	2	26	14
2023-06-29	0	2.5	24	14
2023-06-30	0	NULO	26	14
2023-07-01	0	3.7	28	14
2023-07-02	0	4.93	27	14
2023-07-03	0	4.79	27	14
2023-07-04	0	4.8	20	13
2023-07-05	0	3.7	26	14
2023-07-06	0	4.79	26	16
2023-07-07	3	5.01	29	16
2023-07-08	0	3.7	27	15
2023-07-09	0	5.26	25	16
2023-07-10	7	2.98	28	14
2023-07-11	0	4.76	28	14
2023-07-12	0	5.3	28	13
2023-07-13	0	4.99	26	14
2023-07-14	0	4.71	29	13
2023-07-15	0	4.8	27	12
2023-07-16	0	5.2	26	13
2023-07-17	0	4.5	27	12
2023-07-18	0	5.5	27	13
2023-07-19	0	4.5	27	12
2023-07-20	0	5.8	27	13
2023-07-21	0	4.99	26	13
2023-07-22	0	4.21	25	12
2023-07-23	0	3.7	23	14
2023-07-24	0.01	4.6	22	15
2023-07-25	0	4.97	24	13
2023-07-26	0	2.93	24	14
2023-07-27	5	5.81	23	13
2023-07-28	12	4.26	25	13
2023-07-29	0	3.24	23	14
2023-07-30	0	4.79	29	14
2023-07-31	0	4.01	24	13
2023-08-01	0	3.7	26	13
2023-08-02	0	4.29	24	12
2023-08-03	0	3.71	26	14
2023-08-04	0	4.26	25	15
2023-08-05	0.01	3.85	26	14
2023-08-06	3	4.7	28	14
2023-08-07	0	4.7	29	13
2023-08-08	0	4.6	24	13
2023-08-09	6	5.18	29	14
2023-08-10	4	2.91	28	14
2023-08-11	10	2.09	27	13
2023-08-12	0	4.72	27	12
2023-08-13	0	4.5	27	14
2023-08-14	0.01	4.81	23	13
2023-08-15	0.01	3.7	22	12
2023-08-16	0	4.3	24	13
2023-08-17	12	3.95	25	15
2023-08-18	6	4.04	25	10
2023-08-19	0.01	3.46	22	16
2023-08-20	0	3.97	23	13
2023-08-21	0	7.1	24	12
2023-08-22	0	3	24	13
2023-08-23	0	4.2	22	14
2023-08-24	2	3.7	23	11
2023-08-25	0	4.1	23	12
2023-08-26	0	4.4	23	14
2023-08-27	0.09	4.39	24	14
2023-08-28	0	4.4	27	12
2023-08-29	0	4.8	27	11
2023-08-30	0	5.4	24	14
2023-08-31	0	5.4	24	13
2023-09-01	0	5.2	27	12
2023-09-02	0	4.5	27	12
2023-09-03	0	5.3	27	14
2023-09-04	0	5.2	28	13
2023-09-05	0	4.5	27	14
2023-09-06	0	5.7	27	14
2023-09-07	0	5.01	27	13
2023-09-08	0	4.79	26	12
2023-09-09	0	4.5	26	12
2023-09-10	0	5.4	27	10
2023-09-11	0	5.1	27	10
2023-09-12	0	5	27	9
2023-09-13	0	4.8	28	11
2023-09-14	0	5.2	27	12
2023-09-15	0	4.5	27	14
2023-09-16	0	4.7	26	13
2023-09-17	0	4	23	13
2023-09-18	0	5.5	26	13
2023-09-19	0	4.2	24	12
2023-09-20	0	4.8	27	11
2023-09-21	0	3.7	27	12
2023-09-22	0	4	28	13
2023-09-23	0	5.1	28	11
2023-09-24	0	5.2	27	10
2023-09-25	0	3.7	26	10
2023-09-26	0	4.8	27	10
2023-09-27	0	5.8	27	10
2023-09-28	0	3.98	27	12
2023-09-29	0.6	5.56	26	11
2023-09-30	0	NULO	26	12
2023-10-01	0	5.48	26	13
2023-10-02	0	4.98	27	15
2023-10-03	0	4.94	27	15
2023-10-04	0	4.5	28	14
2023-10-05	0	5.1	24	11
2023-10-06	0	4.9	17	14
2023-10-07	0.01	3.41	16	13
2023-10-08	3	5.9	23	13
2023-10-09	0	3.5	22	13
2023-10-10	0	4.3	24	14
2023-10-11	0	4.4	27	13
2023-10-12	0	5.5	28	13
2023-10-13	0	4.4	24	13
2023-10-14	4	3.1	18	13
2023-10-15	3	4.5	16	12
2023-10-16	0	2.2	20	7
2023-10-17	0	3.74	24	6
2023-10-18	0	3	24	9
2023-10-19	0	3.26	24	9
2023-10-20	0	4.3	27	7
2023-10-21	0	10.2	28	9
2023-10-22	0	0.2	27	11
2023-10-23	0	5.1	26	13
2023-10-24	0	3.2	22	14
2023-10-25	2	4.8	23	15
2023-10-26	3	1.4	23	15
2023-10-27	0	4.3	23	12
2023-10-28	0	3.7	24	11
2023-10-29	0	4.4	21	10
2023-10-30	0	3.9	17	10
2023-10-31	0	NULO	13	6
2023-11-01	0	2.7	21	7
2023-11-02	0	8.8	22	8
2023-11-03	0	3.3	23	8
2023-11-04	0	3.9	23	6
2023-11-05	0	4	25	8
2023-11-06	0	4.3	27	8
2023-11-07	0	4.7	28	9
2023-11-08	0	5.2	28	10
2023-11-09	0	4.5	23	13
2023-11-10	0	3.3	21	14
2023-11-11	0	4.3	21	12
2023-11-12	0	4.2	19	13
2023-11-13	0	3.5	22	12
2023-11-14	0	4.3	23	6
2023-11-15	0	3.7	23	6
2023-11-16	0	4.3	27	6
2023-11-17	0	4.3	24	6
2023-11-18	0	4.9	29	7
2023-11-19	0	4.5	30	9
2023-11-20	0	4.5	18	11
2023-11-21	3	6.1	14	6
2023-11-22	0	2.4	12	6
2023-11-23	0	4.4	23	6
2023-11-24	0	3.8	25	7
2023-11-25	0	4.3	26	7
2023-11-26	0	4.1	27	8
2023-11-27	0	3.9	28	11
2023-11-28	0	5.5	29	11
2023-11-29	7	1.3	23	10
2023-11-30	0	NULO	22	9
2023-12-01	0	4.4	21	11
2023-12-02	0	3.4	18	11
2023-12-03	0.01	4.8	18	10
2023-12-04	0	2.71	18	11
2023-12-05	0	3	14	10
2023-12-06	0	3	18	11
2023-12-07	3	5.8	21	10
2023-12-08	0	4.4	22	8
2023-12-09	0	3.5	22	9
2023-12-10	0	3.8	14	10
2023-12-11	0	4.2	18	7
2023-12-12	0	4.1	18	10
2023-12-13	0	3.9	18	11
2023-12-14	0	2.8	18	8
2023-12-15	0	4.3	19	11
2023-12-16	0	2.7	18	12
2023-12-17	0	3.9	20	7
2023-12-18	0	3.4	18	8
2023-12-19	0	2.7	22	2
2023-12-20	0	4	20	4
2023-12-21	0	3.5	19	4
2023-12-22	0	2.7	21	4
2023-12-23	0	4.3	23	6
2023-12-24	0	2.8	22	8
2023-12-25	0	3.3	14	10
2023-12-26	0	3.04	17	9
2023-12-27	0	3.2	7	2
2023-12-28	0	3.8	17	4
2023-12-29	0	3.3	18	5
2023-12-30	0	3.7	23	3
2023-12-31	0	NULO	24	11
2024-01-01	0	4.3	23	4
2024-01-02	0	4.3	23	7
2024-01-03	0	3.4	26	4
2024-01-04	0	4.3	26	6
2024-01-05	0	3.9	21	5
2024-01-06	0	4.2	26	8
2024-01-07	0	0.3	24	8
2024-01-08	0	4.6	26	9
2024-01-09	0	3.4	28	6
2024-01-10	0	5.6	27	8
2024-01-11	0	3.7	27	10
2024-01-12	0	4.9	24	7
2024-01-13	0	4.4	27	11
2024-01-14	0	3.7	24	8
2024-01-15	0	4.2	26	7
2024-01-16	0	3.5	23	6
2024-01-17	0	4.3	17	11
2024-01-18	0	6.4	21	8
2024-01-19	0	3.6	24	8
2024-01-20	0	4.2	27	8
2024-01-21	0	4.4	28	8
2024-01-22	0	4.9	26	8
2024-01-23	0	4.6	26	7
2024-01-24	10	3.8	26	7
2024-01-25	0	NULO	22	7
2024-01-26	0	NULO	19	8
2024-01-27	0	4.3	19	7
2024-01-28	0	4.3	21	6
2024-01-29	0	4.3	22	7
2024-01-30	0	3.7	22	8
2024-01-31	0	NULO	20	9
2024-02-01	0	3.8	28	7
2024-02-02	0	5.2	27	8
2024-02-03	0	4.7	27	7
2024-02-04	0	4.6	23	6
2024-02-05	0	3.8	24	4
2024-02-06	0	3.7	28	3
2024-02-07	0	5.2	31	7
2024-02-08	0	4.8	29	7
2024-02-09	0	5.4	29	8
2024-02-10	0	5.2	29	8
2024-02-11	0	4.4	22	8
2024-02-12	0	4.3	24	4
2024-02-13	0	4.3	24	6
2024-02-14	0	3	26	8
2024-02-15	0	3	25	6
2024-02-16	15	NULO	22	7
2024-02-17	0	NULO	24	4
2024-02-18	0	5	23	6
2024-02-19	0	8	29	6
2024-02-20	0	7	28	3
2024-02-21	0	7	32	1
2024-02-22	0	8	34	3
2024-02-23	0	6	32	4
2024-02-24	0	6	31	2
2024-02-25	0	7	31	4
2024-02-26	0	7	33	5
2024-02-27	0	8	34	6
2024-02-28	0	9	33	8
2024-02-29	0	NULO	33	11
2024-03-01	0	7	34	10
2024-03-02	0	6	35	8
2024-03-03	0	6	34	9
2024-03-04	0	6	33	8
2024-03-05	0	6	32	9
2024-03-06	0	7	34	8
2024-03-07	0	7	36	8
2024-03-08	0	4	33	7
2024-03-09	0	5	34	8
2024-03-10	0	5	36	5
2024-03-11	0	8	30	7
2024-03-12	0	8	33	7
2024-03-13	0	8	33	8
2024-03-14	0	9	34	8
2024-03-15	0	8	33	8
2024-03-16	0	8	34	10
2024-03-17	0	8	30	10
2024-03-18	0	7	33	9
2024-03-19	0	7	30	10
2024-03-20	0	5	30	10
2024-03-21	0	9	33	11
2024-03-22	0	6	34	10
2024-03-23	0	2	33	9
2024-03-24	0	10	30	8
2024-03-25	0	8	33	6
2024-03-26	0	7	34	4
2024-03-27	0	8	35	5
2024-03-28	0	8	34	4
2024-03-29	0	8	34	6
2024-03-30	0	8	34	5
2024-03-31	0	NULO	34	4
2024-04-01	0	12	35	12
2024-04-02	0	8	35	11
2024-04-03	0	6	33	12
2024-04-04	0	7	30	9
2024-04-05	0	8	35	7
2024-04-06	0	8	34	9
2024-04-07	0	14	33	10
2024-04-08	0	7	35	9
2024-04-09	0	8	34	8
2024-04-10	0	8	33	10
2024-04-11	0	8	26	12
2024-04-12	0	8	33	7
2024-04-13	0	8	32	8
2024-04-14	0	8	34	7
2024-04-15	0	9	38	9
2024-04-16	0	8	38	9
2024-04-17	0	7	35	10
2024-04-18	0	6	34	16
2024-04-19	0	7	35	14
2024-04-20	0	8	33	10
2024-04-21	0	9	27	11
2024-04-22	0	5	27	15
2024-04-23	0	9	30	11
2024-04-24	0	7	30	10
2024-04-25	0	9	32	13
2024-04-26	0	9	33	11
2024-04-27	0	9	31	10
2024-04-28	0	9	33	9
2024-04-29	0	7	34	10
2024-04-30	0	NULO	37	17
2024-05-01	0	8	35	13
2024-05-02	0	6	35	12
2024-05-03	0	8	36	11
2024-05-04	0	8	37	11
2024-05-05	0	8	38	12
2024-05-06	0	8	38	13
2024-05-07	0	8	36	15
2024-05-08	0	8	35	14
2024-05-09	0	8	36	16
2024-05-10	0	9	34	15
2024-05-11	0	9	35	14
2024-05-12	0	9	36	13
2024-05-13	0	9	35	14
2024-05-14	0	8	34	15
2024-05-15	0	8	35	14
2024-05-16	0	9	36	15
2024-05-17	0	11	37	14
2024-05-18	0	8	36	13
2024-05-19	0	9	37	15
2024-05-20	0	9	35	14
2024-05-21	0	9	33	14
2024-05-22	0	9	36	11
2024-05-23	0	9	36	13
2024-05-24	0	9	37	14
2024-05-25	0	7	38	14
2024-05-26	0	8	37	16
2024-05-27	0	11	36	15
2024-05-28	1	6	34	20
2024-05-29	0	NULO	32	19
2024-05-30	0	NULO	34	12
2024-05-31	0	NULO	35	11
2024-06-01	0	9	34	11
2024-06-02	0	9	35	13
2024-06-03	10	15	35	12
2024-06-04	0	4	35	15
2024-06-05	0	3	35	13
2024-06-06	0	5	34	15
2024-06-07	0	6	32	14
2024-06-08	0	9	31	13
2024-06-09	0	9	33	15
2024-06-10	0	9	35	14
2024-06-11	0	6	31	14
2024-06-12	0	8	29	14
2024-06-13	0	5	30	12
2024-06-14	0	5	29	13
2024-06-15	0	5	28	10
2024-06-16	0	5	30	11
2024-06-17	0	5	30	11
2024-06-18	40	NULO	31	10
2024-06-19	20	NULO	22	14
2024-06-20	0	NULO	23	16
2024-06-21	0	NULO	24	17
2024-06-22	0	6	25	16
2024-06-23	0	1	26	14
2024-06-24	0	4	26	15
2024-06-25	0	4	26	17
2024-06-26	20	NULO	26	16
2024-06-27	0	NULO	22	15
2024-06-28	0	NULO	23	16
2024-06-29	40	NULO	20	14
2024-06-30	15	NULO	26	15
2024-07-01	0	6	24	15
2024-07-02	0	4	25	16
2024-07-03	0	4	26	13
2024-07-04	0	8	27	15
2024-07-05	0	4	29	14
2024-07-06	0	8	30	18
2024-07-07	0	6	30	20
2024-07-08	0	5	30	16
2024-07-09	0	5	25	16
2024-07-10	10	4	23	15
2024-07-11	10	NULO	23	17
2024-07-12	0	NULO	24	15
2024-07-13	0	5	24	15
2024-07-14	0	6	25	13
2024-07-15	0	5	28	14
2024-07-16	0	3	27	14
2024-07-17	10	NULO	27	15
2024-07-18	10	NULO	26	16
2024-07-19	0	2	25	13
2024-07-20	0	3	24	14
2024-07-21	0	4	26	15
2024-07-22	13	NULO	25	14
2024-07-23	0	NULO	26	15
2024-07-24	0	4	25	16
2024-07-25	20	NULO	26	17
2024-07-26	0	NULO	27	15
2024-07-27	0	2	25	15
2024-07-28	0	3	26	14
2024-07-29	0	6	24	15
2024-07-30	0	5	25	14
2024-07-31	0	NULO	25	14
2024-08-01	0	6	24	14
2024-08-02	0	5	25	13
2024-08-03	0	8	28	12
2024-08-04	0	5	28	11
2024-08-05	0	4	29	13
2024-08-06	0	4	28	15
2024-08-07	0	4	29	14
2024-08-08	0	4	28	12
2024-08-09	0	4	26	14
2024-08-10	0	3	27	13
2024-08-11	6	NULO	25	15
2024-08-12	0	NULO	26	14
2024-08-13	0	5	27	15
2024-08-14	2	6	27	15
2024-08-15	10	14	28	14
2024-08-16	0	NULO	27	14
2024-08-17	2	NULO	26	15
2024-08-18	0	4	27	14
2024-08-19	0	7	26	13
2024-08-20	0	7	26	14
2024-08-21	0	5	27	13
2024-08-22	0	6	26	14
2024-08-23	0	6	25	14
2024-08-24	0	6	26	13
2024-08-25	0	6	28	14
2024-08-26	0	6	28	13
2024-08-27	0	6	28	14
2024-08-28	0	5	27	12
2024-08-29	0	3	28	15
2024-08-30	0	6	26	13
2024-08-31	0	NULO	28	14
2024-09-01	10	NULO	28	14
2024-09-02	0	NULO	27	12
2024-09-03	0	7	28	17
2024-09-04	0	3	28	15
2024-09-05	20	10	25	14
2024-09-06	20	7	25	12
2024-09-07	0	3	25	10
2024-09-08	0	4	26	11
2024-09-09	3	7	25	12
2024-09-10	0	NULO	25	16
2024-09-11	40	NULO	26	15
2024-09-12	25	NULO	29	16
2024-09-13	20	NULO	27	15
2024-09-14	20	11	25	15
2024-09-15	10	NULO	27	14
2024-09-16	0	NULO	26	13
2024-09-17	0	4	27	14
2024-09-18	0	3	26	16
2024-09-19	0	3	26	15
2024-09-20	0	4	28	16
2024-09-21	0	5	26	13
2024-09-22	0	5	27	14
2024-09-23	0	5	28	15
2024-09-24	0	4	24	13
2024-09-25	20	NULO	24	15
2024-09-26	3	NULO	22	16
2024-09-27	0	NULO	23	14
2024-09-28	0	5	22	15
2024-09-29	0	4	23	14
2024-09-30	4	NULO	24	14
2024-10-01	0	NULO	23	13
2024-10-02	0	5	22	11
2024-10-03	0	3	23	7
2024-10-04	0	4	24	11
2024-10-05	0	4	25	12
2024-10-06	3	NULO	24	12
2024-10-07	0	NULO	19	11
2024-10-08	0	3	23	12
2024-10-09	0	5	24	8
2024-10-10	0	5	24	4
2024-10-11	0	3	23	5
2024-10-12	0	3	24	4
2024-10-13	0	4	23	4
2024-10-14	0	4	27	5
2024-10-15	0	6	28	7
2024-10-16	0	4	22	7
2024-10-17	0	3	22	12
2024-10-18	0	4	23	11
2024-10-19	20	2	24	11
2024-10-20	2	4	23	10
2024-10-21	0	NULO	22	12
2024-10-22	0	NULO	23	13
2024-10-23	0	4	23	13
2024-10-24	0	4	22	11
2024-10-25	0	2	23	12
2024-10-26	0	2	22	10
2024-10-27	0	3	24	9
2024-10-28	0	3	25	9
2024-10-29	0	3	26	10
2024-10-30	0	5	27	9
2024-10-31	0	NULO	25	10
2024-11-01	0	4	24	9
2024-11-02	0	4	26	12
2024-11-03	0	2	27	10
2024-11-04	0	2	28	9
2024-11-05	0	1	30	11
2024-11-06	0	2	31	10
2024-11-07	0	3	30	9
2024-11-08	0	3	28	10
2024-11-09	0	2	29	10
2024-11-10	0	2	30	8
2024-11-11	0	3	29	7
2024-11-12	0	2	28	6
2024-11-13	0	2	28	5
2024-11-14	0	2	24	11
2024-11-15	0	2	25	12
2024-11-16	0	4	30	7
2024-11-17	0	3	32	10
2024-11-18	0	2	31	9
2024-11-19	0	2	30	8
2024-11-20	5	1	20	11
2024-11-21	0	2	22	9
2024-11-22	0	3	27	8
2024-11-23	0	1	28	1
2024-11-24	0	1	27	3
2024-11-25	0	3	28	2
2024-11-26	0	4	30	0
2024-11-27	0	3	31	1
2024-11-28	0	4	30	2
2024-11-29	0	3	28	4
2024-11-30	0	NULO	29	3
2024-12-01	0	4	29	3
2024-12-02	0	4	30	2
2024-12-03	0	4	24	4
2024-12-04	0	3	25	5
2024-12-05	0	2	25	7
2024-12-06	0	3	26	8
2024-12-07	0	2	27	2
2024-12-08	0	3	29	2
2024-12-09	0	4	30	3
2024-12-10	0	3	30	4
2024-12-11	0	3	27	9
2024-12-12	0	4	28	1
2024-12-13	0	3	27	6
2024-12-14	0	2	29	3
2024-12-15	0	6	27	3
2024-12-16	0	2	26	2
2024-12-17	0	3	25	3
2024-12-18	3	1	23	4
2024-12-19	0	3	25	2
2024-12-20	0	2	20	5
2024-12-21	0	2	21	6
2024-12-22	0	2	21	4
2024-12-23	0	2	22	8
2024-12-24	0	3	19	6
2024-12-25	0	3	24	5
2024-12-26	0	5	27	2
2024-12-27	0	4	28	3
2024-12-28	0	3	29	1
2024-12-29	0	2	28	2
2024-12-30	0	2	27	2
2024-12-31	0	NULO	28	3
2025-01-01	0	3	29	2
2025-01-02	0	3	27	0
2025-01-03	0	3	28	1
2025-01-04	0	3	28	2
2025-01-05	0	3	27	3
2025-01-06	2	5	21	1
2025-01-07	0	1	23	9
2025-01-08	0	3	26	7
2025-01-09	15	NULO	27	5
2025-01-10	0	NULO	23	11
2025-01-11	0	4	22	11
2025-01-12	0	4	25	8
2025-01-13	0	4	26	6
2025-01-14	0	3	26	5
2025-01-15	0	3	27	6
2025-01-16	0	2	25	9
2025-01-17	0	2	26	4
2025-01-18	0	2	28	5
2025-01-19	0	2	30	6
2025-01-20	0	2	28	3
2025-01-21	0	2	27	4
2025-01-22	0	2	27	0
2025-01-23	0	2	26	4
2025-01-24	0	3	27	7
2025-01-25	0	3	28	1
2025-01-26	0	3	28	3
2025-01-27	0	4	30	2
2025-01-28	0	3	31	5
2025-01-29	0	4	30	7
2025-01-30	0	4	29	6
2025-01-31	0	NULO	30	5
2025-02-01	0	5	29	7
2025-02-02	0	5	27	5
2025-02-03	0	5	28	4
2025-02-04	0	8	28	5
2025-02-05	0	3	28	6
2025-02-06	0	4	28	5
2025-02-07	0	5	30	5
2025-02-08	0	6	30	3
2025-02-09	0	6	31	4
2025-02-10	0	6	31	3
2025-02-11	0	6	30	7
2025-02-12	0	7	30	10
2025-02-13	0	4	29	6
2025-02-14	0	6	31	12
2025-02-15	0	5	30	10
2025-02-16	0	5	28	11
2025-02-17	0	5	30	10
2025-02-18	2	4	28	8
2025-02-19	10	13	21	13
2025-02-20	10	2	25	11
2025-02-21	0	NULO	30	9
2025-02-22	0	NULO	31	8
2025-02-23	0	6	28	9
2025-02-24	0	7	29	7
2025-02-25	0	6	30	0
2025-02-26	0	5	32	1
2025-02-27	0	6	26	10
2025-02-28	0	NULO	33	8
2025-03-01	0	6	32	8
2025-03-02	0	8	34	9
2025-03-03	0	7	33	7
2025-03-04	0	7	33	10
2025-03-05	0	7	31	13
2025-03-06	0	8	32	6
2025-03-07	0	8	33	10
2025-03-08	0	8	32	11
2025-03-09	0	9	34	10
2025-03-10	0	7	30	6
2025-03-11	0	8	30	6
2025-03-12	0	8	33	5
2025-03-13	0	8	32	6
2025-03-14	0	7	33	3
2025-03-15	0	8	32	8
2025-03-16	0	8	31	7
2025-03-17	0	8	34	6
2025-03-18	0	9	33	4
2025-03-19	0	5	33	9
2025-03-20	0	6	28	11
2025-03-21	0	8	29	4
2025-03-22	0	5	32	7
2025-03-23	5	NULO	31	9
2025-03-24	0	NULO	32	8
2025-03-25	0	8	34	9
2025-03-26	0	4	33	8
2025-03-27	0	4	33	9
2025-03-28	0	9	34	6
2025-03-29	0	11	34	8
2025-03-30	0	11	35	6
2025-03-31	0	NULO	31	5
2025-04-01	0	9	30	5
2025-04-02	0	10	35	8
2025-04-03	0	9	35	8
2025-04-04	0	9	37	8
2025-04-05	0	9	36	9
2025-04-06	0	7	25	7
2025-04-07	0	7	27	2
2025-04-08	0	11	28	3
2025-04-09	0	8	27	0
2025-04-10	0	8	29	0
2025-04-11	0	9	30	1
2025-04-12	0	7	32	1
2025-04-13	0	8	31	0
2025-04-14	0	8	33	1
2025-04-15	0	8	33	0
2025-04-16	0	8	32	2
2025-04-17	0	9	34	3
2025-04-18	0	7	35	8
2025-04-19	0	8	34	9
2025-04-20	0	7	36	10
2025-04-21	0	7	35	10
2025-04-22	0	9	36	9
2025-04-23	0	9	35	10
2025-04-24	0	9	34	11
2025-04-25	0	9	31	12
2025-04-26	0	9	32	13
2025-04-27	0	9	33	10
2025-04-28	0	8	33	7
2025-04-29	0	8	34	8
2025-04-30	0	NULO	34	10
2025-05-01	0	8	33	10
2025-05-02	0	6	36	11
2025-05-03	0	8	36	11
2025-05-04	0	8	34	10
2025-05-05	0	8	35	12
2025-05-06	0	10	34	11
2025-05-07	0	10	37	11
2025-05-08	0	10	36	12
2025-05-09	0	9	38	11
2025-05-10	0	10	29	6
2025-05-11	0	8	30	7
2025-05-12	0	11	32	8
2025-05-13	0	9	33	9
2025-05-14	0	9	31	10
2025-05-15	0	11	33	9
2025-05-16	3	12	36	8
2025-05-17	2	NULO	36	10
2025-05-18	0	NULO	33	11
2025-05-19	160	NULO	35	10
2025-05-20	0	8	33	13
2025-05-21	0	9	34	12
2025-05-22	20	NULO	33	11
2025-05-23	10	NULO	31	12
2025-05-24	15	5	30	11
2025-05-25	0	NULO	32	12
2025-05-26	0	NULO	28	13
2025-05-27	60	NULO	29	15
2025-05-28	0	NULO	27	15
2025-05-29	8	13	28	14
2025-05-30	0	NULO	29	14
2025-05-31	0	NULO	28	15
2025-06-01	0	NULO	28	15
2025-06-02	2	1	29	14
2025-06-03	5	1	27	15
2025-06-04	0	8	29	16
2025-06-05	0	9	27	15
2025-06-06	0	8	30	14
2025-06-07	0	8	32	14
2025-06-08	0	11	31	15
2025-06-09	0	9	31	14
2025-06-10	0	9	30	16
2025-06-11	5	14	31	15
2025-06-12	0	3	29	14
2025-06-13	5	14	28	13
2025-06-14	40	NULO	27	14
2025-06-15	20	NULO	25	15
2025-06-16	15	NULO	24	15
2025-06-17	8	NULO	25	15
2025-06-18	0	3	21	16
2025-06-19	20	NULO	19	16
2025-06-20	10	NULO	18	15
2025-06-21	25	15	18	15
2025-06-22	40	NULO	22	14
2025-06-23	0	NULO	21	15
2025-06-24	0	NULO	19	14
2025-06-25	0	NULO	23	14
2025-06-26	0	NULO	23	13
2025-06-27	0	NULO	24	15
2025-06-28	2	NULO	23	14
2025-06-29	0	NULO	24	15
2025-06-30	20	NULO	24	14
2025-07-01	5	NULO	28	15
2025-07-02	0	NULO	28	11
2025-07-03	0	NULO	27	15
2025-07-04	0	NULO	28	14
2025-07-05	2	NULO	28	14
2025-07-06	0	NULO	28	13
2025-07-07	5	NULO	26	12
2025-07-08	0	NULO	24	11
2025-07-09	0	NULO	25	12
2025-07-10	0	NULO	24	11
2025-07-11	0	NULO	26	12
2025-07-12	10	NULO	26	11
2025-07-13	7	NULO	25	13
2025-07-14	0	NULO	26	11
2025-07-15	0	NULO	25	12
2025-07-16	4	NULO	26	12
2025-07-17	14	NULO	23	11
2025-07-18	0	NULO	24	14
2025-07-19	0	NULO	23	13
2025-07-20	0	NULO	25	12
2025-07-21	0	NULO	26	11
2025-07-22	0	NULO	27	12
2025-07-23	0	NULO	27	13
2025-07-24	0	NULO	28	12
2025-07-25	0	NULO	27	13
2025-07-26	0	NULO	29	12
2025-07-27	0	NULO	28	11
2025-07-28	0	NULO	29	12
2025-07-29	0	NULO	30	12
2025-07-30	0	NULO	29	10
2025-07-31	0	NULO	29	9
2025-08-01	0	7	30	10
2025-08-02	0	6	29	11
2025-08-03	0	6	28	12
2025-08-04	0	5	26	10
2025-08-05	0	6	28	11
2025-08-06	0	7	24	9
2025-08-07	0	6	28	14
2025-08-08	0	7	31	9
2025-08-09	0	6	30	11
2025-08-10	0	6	28	12
2025-08-11	0	8	30	12
2025-08-12	7	2	29	10
2025-08-13	0	7	29	11
2025-08-14	0	7	28	12
2025-08-15	0	7	28	11
2025-08-16	0	5	29	11
2025-08-17	0	5	28	10
2025-08-18	0	5	29	11
2025-08-19	0	7	29	12
2025-08-20	0	5	28	11
2025-08-21	8	14	28	10
2025-08-22	12	4	27	9
2025-08-23	0	NULO	28	11
2025-08-24	0	NULO	28	10
2025-08-25	0	5	27	11
2025-08-26	2	4	26	16
2025-08-27	2	7	26	12
2025-08-28	0	8	27	14
2025-08-29	0	7	28	12
2025-08-30	0	3	28	14
2025-08-31	0	NULO	31	14
2025-09-01	16	NULO	27	13
2025-09-02	20	NULO	28	15
2025-09-03	15	NULO	28	13
2025-09-04	4	NULO	29	15
2025-09-05	3	NULO	29	15
2025-09-06	5	NULO	30	13
2025-09-07	0	NULO	29	12
2025-09-08	1	NULO	28	12
2025-09-09	0	NULO	28	13
2025-09-10	2	NULO	25	15
2025-09-11	0	NULO	26	10
2025-09-12	5	NULO	27	13
2025-09-13	0	NULO	28	14
2025-09-14	0	NULO	25	13
2025-09-15	5	NULO	26	15
2025-09-16	0	NULO	23	14
2025-09-17	2	NULO	25	15
2025-09-18	0	7	26	14
2025-09-19	0	7	27	15
2025-09-20	0	7	28	14
2025-09-21	0	7	28	14
2025-09-22	0	6	27	13
2025-09-23	0	5	27	11
2025-09-24	0	7	27	16
2025-09-25	40	3	26	15
2025-09-26	20	NULO	25	15
2025-09-27	10	NULO	27	15
2025-09-28	0	NULO	28	14
2025-09-29	0	NULO	24	15
2025-09-30	0	NULO	24	14
2025-10-01	0	7	24	9
2025-10-02	0	5	23	12
2025-10-03	0	NULO	24	12
2025-10-04	30	NULO	25	12
2025-10-05	2	NULO	26	13
2025-10-06	25	NULO	24	10
2025-10-07	60	NULO	25	15
2025-10-08	60	5	24	14
2025-10-09	0	NULO	23	15
2025-10-10	0	NULO	22	8
2025-10-11	0	NULO	27	9
2025-10-12	0	NULO	28	10
2025-10-13	0	NULO	27	9
2025-10-14	0	NULO	24	11
2025-10-15	0	NULO	25	10
2025-10-16	0	NULO	28	10
2025-10-17	0	5	27	10
2025-10-18	0	5	28	9
2025-10-19	0	5	26	11
2025-10-20	0	5	28	10
2025-10-21	0	5	28	9
2025-10-22	0	7	29	7
2025-10-23	0	8	29	7
2025-10-24	0	8	30	7
2025-10-25	0	7	30	9
2025-10-26	0	8	31	8
2025-10-27	0	7	29	7
2025-10-28	0	6	28	6
2025-10-29	0	6	29	5
2025-10-30	0	4	26	4
2025-10-31	0	NULO	28	4
2025-11-01	0	3	25	4
2025-11-02	0	4	29	3
2025-11-03	0	6	28	4
2025-11-04	0	3	26	2
2025-11-05	0	3	26	10
2025-11-06	0	4	26	1
2025-11-07	0	5	31	2
2025-11-08	0	3	31	0
2025-11-09	0	2	26	1
2025-11-10	0	3	17	1
2025-11-11	0	5	26	4
2025-11-12	0	4	29	6
2025-11-13	0	4	30	1
2025-11-14	0	4	29	2
2025-11-15	0	4	30	0
2025-11-16	0	4	31	3
2025-11-17	0	4	31	1
2025-11-18	0	3	30	5
2025-11-19	0	5	31	4
2025-11-20	0	4	30	5
2025-11-21	0	4	30	5
2025-11-22	0	3	29	3
2025-11-23	0	4	30	4
2025-11-24	0	4	31	5
2025-11-25	0	5	28	6
2025-11-26	2	NULO	28	9
2025-11-27	10	NULO	18	8
2025-11-28	0	4	25	4
2025-11-29	0	4	26	5
2025-11-30	0	NULO	26	6
2025-12-01	0	5	28	6
2025-12-02	0	1	30	8
2025-12-03	0	9	30	9
2025-12-04	0	5	29	8
2025-12-05	0	4	28	10
2025-12-06	0	NULO	26	9
2025-12-07	5	NULO	22	8
2025-12-08	0	3	28	9
2025-12-09	0	4	27	9
2025-12-10	0	3	27	8
2025-12-11	0	3	27	10
2025-12-12	0	3	28	5
2025-12-13	0	2	27	9
2025-12-14	0	4	28	8
2025-12-15	6	1	24	5
2025-12-16	0	NULO	25	5
2025-12-17	0	NULO	24	6
2025-12-18	0	2	26	5
2025-12-19	0	3	28	4
2025-12-20	0	2	27	4
2025-12-21	0	2	28	1
2025-12-22	0	1	25	4
2025-12-23	0	2	25	5
2025-12-24	0	2	23	7
2025-12-25	0	2	25	8
2025-12-26	0	3	24	5
2025-12-27	0	3	25	6
2025-12-28	0	3	27	7
2025-12-29	0	2	26	5
2025-12-30	0	2	27	4
2025-12-31	0	NULO	27	4
2026-01-01	0	2	28	1
2026-01-02	0	3	27	2
2026-01-03	0	4	28	3
2026-01-04	0	5	27	4
2026-01-05	0	5	27	4
2026-01-06	0	4	28	2
2026-01-07	0	3	29	1
2026-01-08	0	3	28	3
2026-01-09	0	2	29	4
2026-01-10	0	4	29	3
2026-01-11	0	3	30	4
2026-01-12	0	3	24	4
2026-01-13	0	3	23	1
2026-01-14	0	4	23	5
2026-01-15	0	4	24	7
2026-01-16	0	4	26	1
2026-01-17	8	2	27	4
2026-01-18	0	3	24	6
2026-01-19	0	4	25	2
2026-01-20	0	2	21	4
2026-01-21	0	4	20	8
2026-01-22	0	4	26	4
2026-01-23	0	5	25	7
2026-01-24	0	4	28	5
2026-01-25	0	5	30	2
2026-01-26	0	2	26	3
2026-01-27	0	4	25	4
2026-01-28	0	4	28	3
2026-01-29	0	3	29	3
2026-01-30	0	3	26	1
2026-01-31	0	NULO	22	2
2026-02-01	0	3	25	4
2026-02-02	0	3	26	3
2026-02-03	0	3	26	3
2026-02-04	0	3	22	5
2026-02-05	0	3	17	6
2026-02-06	0	4	28	0
2026-02-07	0	4	28	1
2026-02-08	0	4	27	0
2026-02-09	0	4	28	0
2026-02-10	0	4	29	3
2026-02-11	0	2	30	3
2026-02-12	0	6	30	4
2026-02-13	0	6	29	5
2026-02-14	0	5	30	5
2026-02-15	0	5	33	3
2026-02-16	0	6	31	4
2026-02-17	0	6	30	4
2026-02-18	0	6	29	5
2026-02-19	0	8	35	3
2026-02-20	0	8	33	4
2026-02-21	3	NULO	29	4
2026-02-22	0	NULO	34	1
2026-02-23	0	7	27	0
2026-02-24	0	7	26	0
2026-02-25	0	7	30	3
2026-02-26	0	7	32	4
2026-02-27	0	8	31	5
2026-02-28	0	NULO	30	4
2026-03-01	0	7	30	2
2026-03-02	0	7	29	0
2026-03-03	0	6	30	1
2026-03-04	0	5	27	6
2026-03-05	0	2	30	7
2026-03-06	0	6	29	11
2026-03-07	0	6	29	8
2026-03-08	0	6	31	10
2026-03-09	0	7	30	7
2026-03-10	0	3	31	8
2026-03-11	0	4	32	9
2026-03-12	0	6	27	14
2026-03-13	0	5	29	6
2026-03-14	0	5	31	9
2026-03-15	0	4	31	7
2026-03-16	0	5	25	5
2026-03-17	0	5	25	7
2026-03-18	0	6	28	6
2026-03-19	0	6	26	4
2026-03-20	0	6	28	4
2026-03-21	0	6	27	2
2026-03-22	0	6	28	2
2026-03-23	0	6	28	8
2026-03-24	0	5	27	4
2026-03-25	0	5	25	5
2026-03-26	0	6	27	3
2026-03-27	0	6	28	5
2026-03-28	0	6	29	4
2026-03-29	0	6	28	6
2026-03-30	0	6	29	4
2026-03-31	0	NULO	30	5
